cv_0_pred_Experiment_value,Experiment_value,smiles,Experiment_ID,experiment_id,rel
-3.0900607,0.581214361,CCCCCCCCCCC(O)CN(CCN1CCN(CCN(CC(O)CCCCCCCCCC)CC(O)CCCCCCCCCC)CC1)CCN(CC(O)CCCCCCCCCC)CC(O)CCCCCCCCCC,JW_2024,JW_2024,1
-2.5919518,-1.3706713,CCCCCCCCCCC(O)CN(CCN1CCN(CCN(CC(O)CCCCCCCCCC)CC(O)CCCCCCCCCC)CC1)CCN(CC(O)CCCCCCCCCC)CC(O)CCCCCCCCCC,JW_2024,JW_2024,0
-3.0708013,1.663900938,CCCCCCCCCCC(O)CN(CCN1CCN(CCN(CC(O)CCCCCCCCCC)CC(O)CCCCCCCCCC)CC1)CCN(CC(O)CCCCCCCCCC)CC(O)CCCCCCCCCC,JW_2024,JW_2024,2
-2.812094,-1.431667727,CCCCCCCCCCC(O)CN(CCN1CCN(CCN(CC(O)CCCCCCCCCC)CC(O)CCCCCCCCCC)CC1)CCN(CC(O)CCCCCCCCCC)CC(O)CCCCCCCCCC,JW_2024,JW_2024,0
-2.436857,0.3296041,CCCCCCCCCCC(O)CN(CCN1CCN(CCN(CC(O)CCCCCCCCCC)CC(O)CCCCCCCCCC)CC1)CCN(CC(O)CCCCCCCCCC)CC(O)CCCCCCCCCC,JW_2024,JW_2024,1
-2.6730292,0.764203641,CCCCCCCCCCC(O)CN(CCN1CCN(CCN(CC(O)CCCCCCCCCC)CC(O)CCCCCCCCCC)CC1)CCN(CC(O)CCCCCCCCCC)CC(O)CCCCCCCCCC,JW_2024,JW_2024,1
-3.3514514,0.46684606,CCCCCCCCCCC(O)CN(CCN1CCN(CCN(CC(O)CCCCCCCCCC)CC(O)CCCCCCCCCC)CC1)CCN(CC(O)CCCCCCCCCC)CC(O)CCCCCCCCCC,JW_2024,JW_2024,1
-2.2357717,0.611712574,CCCCCCCCCCC(O)CN(CCN1CCN(CCN(CC(O)CCCCCCCCCC)CC(O)CCCCCCCCCC)CC1)CCN(CC(O)CCCCCCCCCC)CC(O)CCCCCCCCCC,JW_2024,JW_2024,1
-2.6017027,-0.059248122,CCCCCCCCCCC(O)CN(CCN1CCN(CCN(CC(O)CCCCCCCCCC)CC(O)CCCCCCCCCC)CC1)CCN(CC(O)CCCCCCCCCC)CC(O)CCCCCCCCCC,JW_2024,JW_2024,0
-3.0811994,1.015813902,CCCCCCCCCCC(O)CN(CCN1CCN(CCN(CC(O)CCCCCCCCCC)CC(O)CCCCCCCCCC)CC1)CCN(CC(O)CCCCCCCCCC)CC(O)CCCCCCCCCC,JW_2024,JW_2024,1
-3.3324182,1.877388432,CCCCCCCCCCC(O)CN(CCN1CCN(CCN(CC(O)CCCCCCCCCC)CC(O)CCCCCCCCCC)CC1)CCN(CC(O)CCCCCCCCCC)CC(O)CCCCCCCCCC,JW_2024,JW_2024,2
-3.0648522,0.947192922,CCCCCCCCCCC(O)CN(CCN1CCN(CCN(CC(O)CCCCCCCCCC)CC(O)CCCCCCCCCC)CC1)CCN(CC(O)CCCCCCCCCC)CC(O)CCCCCCCCCC,JW_2024,JW_2024,1
-2.7139478,0.390600527,CCCCCCCCCCC(O)CN(CCN1CCN(CCN(CC(O)CCCCCCCCCC)CC(O)CCCCCCCCCC)CC1)CCN(CC(O)CCCCCCCCCC)CC(O)CCCCCCCCCC,JW_2024,JW_2024,1
-3.031598,0.527842487,CCCCCCCCCCC(O)CN(CCN1CCN(CCN(CC(O)CCCCCCCCCC)CC(O)CCCCCCCCCC)CC1)CCN(CC(O)CCCCCCCCCC)CC(O)CCCCCCCCCC,JW_2024,JW_2024,1
-3.6499646,1.19117863,CCCCCCCCCCC(O)CN(CCN1CCN(CCN(CC(O)CCCCCCCCCC)CC(O)CCCCCCCCCC)CC1)CCN(CC(O)CCCCCCCCCC)CC(O)CCCCCCCCCC,JW_2024,JW_2024,1
-2.7112093,1.793518345,CCCCCCCCCCC(O)CN(CCN1CCN(CCN(CC(O)CCCCCCCCCC)CC(O)CCCCCCCCCC)CC1)CCN(CC(O)CCCCCCCCCC)CC(O)CCCCCCCCCC,JW_2024,JW_2024,2
-3.624583,0.070369285,CCCCCCCCCCC(O)CN(CCN1CCN(CCN(CC(O)CCCCCCCCCC)CC(O)CCCCCCCCCC)CC1)CCN(CC(O)CCCCCCCCCC)CC(O)CCCCCCCCCC,JW_2024,JW_2024,1
-3.336257,1.763020132,CCCCCCCCCCC(O)CN(CCN1CCN(CCN(CC(O)CCCCCCCCCC)CC(O)CCCCCCCCCC)CC1)CCN(CC(O)CCCCCCCCCC)CC(O)CCCCCCCCCC,JW_2024,JW_2024,2
-3.7587745,0.039871072,CCCCCCCCCCC(O)CN(CCN1CCN(CCN(CC(O)CCCCCCCCCC)CC(O)CCCCCCCCCC)CC1)CCN(CC(O)CCCCCCCCCC)CC(O)CCCCCCCCCC,JW_2024,JW_2024,1
-4.4651566,0.26098312,CCCCCCCCCCC(O)CN(CCN1CCN(CCN(CC(O)CCCCCCCCCC)CC(O)CCCCCCCCCC)CC1)CCN(CC(O)CCCCCCCCCC)CC(O)CCCCCCCCCC,JW_2024,JW_2024,1
-3.5878663,0.901445602,CCCCCCCCCCC(O)CN(CCCCC1NC(=O)C(CCCCN(CC(O)CCCCCCCCCC)CC(O)CCCCCCCCCC)NC1=O)CC(O)CCCCCCCCCC,JW_2024,JW_2024,1
-3.4698124,2.205244227,CCCCCCCCCCC(O)CN(CCCCC1NC(=O)C(CCCCN(CC(O)CCCCCCCCCC)CC(O)CCCCCCCCCC)NC1=O)CC(O)CCCCCCCCCC,JW_2024,JW_2024,3
-3.7797804,-1.401169513,CCCCCCCCCCC(O)CN(CCCCC1NC(=O)C(CCCCN(CC(O)CCCCCCCCCC)CC(O)CCCCCCCCCC)NC1=O)CC(O)CCCCCCCCCC,JW_2024,JW_2024,0
-4.335663,0.863322835,CCCCCCCCCCC(O)CN(CCCCC1NC(=O)C(CCCCN(CC(O)CCCCCCCCCC)CC(O)CCCCCCCCCC)NC1=O)CC(O)CCCCCCCCCC,JW_2024,JW_2024,1
-3.8602993,0.726080875,CCCCCCCCCCC(O)CN(CCCCC1NC(=O)C(CCCCN(CC(O)CCCCCCCCCC)CC(O)CCCCCCCCCC)NC1=O)CC(O)CCCCCCCCCC,JW_2024,JW_2024,1
-4.9150696,1.32842059,CCCCCCCCCCC(O)CN(CCCCC1NC(=O)C(CCCCN(CC(O)CCCCCCCCCC)CC(O)CCCCCCCCCC)NC1=O)CC(O)CCCCCCCCCC,JW_2024,JW_2024,2
-3.2132652,0.649835341,CCCCCCCCCCC(O)CN(CCCCC1NC(=O)C(CCCCN(CC(O)CCCCCCCCCC)CC(O)CCCCCCCCCC)NC1=O)CC(O)CCCCCCCCCC,JW_2024,JW_2024,1
-3.7507706,1.015813902,CCCCCCCCCCC(O)CN(CCCCC1NC(=O)C(CCCCN(CC(O)CCCCCCCCCC)CC(O)CCCCCCCCCC)NC1=O)CC(O)CCCCCCCCCC,JW_2024,JW_2024,1
-4.8249297,0.924319262,CCCCCCCCCCC(O)CN(CCCCC1NC(=O)C(CCCCN(CC(O)CCCCCCCCCC)CC(O)CCCCCCCCCC)NC1=O)CC(O)CCCCCCCCCC,JW_2024,JW_2024,1
-3.7293494,2.068002266,CCCCCCCCCCC(O)CN(CCCCC1NC(=O)C(CCCCN(CC(O)CCCCCCCCCC)CC(O)CCCCCCCCCC)NC1=O)CC(O)CCCCCCCCCC,JW_2024,JW_2024,3
-3.2817178,0.832824622,CCCCCCCCCCC(O)CN(CCCCC1NC(=O)C(CCCCN(CC(O)CCCCCCCCCC)CC(O)CCCCCCCCCC)NC1=O)CC(O)CCCCCCCCCC,JW_2024,JW_2024,1
-4.0497956,0.939568369,CCCCCCCCCCC(O)CN(CCCCC1NC(=O)C(CCCCN(CC(O)CCCCCCCCCC)CC(O)CCCCCCCCCC)NC1=O)CC(O)CCCCCCCCCC,JW_2024,JW_2024,1
-3.7007213,1.313171483,CCCCCCCCCCC(O)CN(CCCCC1NC(=O)C(CCCCN(CC(O)CCCCCCCCCC)CC(O)CCCCCCCCCC)NC1=O)CC(O)CCCCCCCCCC,JW_2024,JW_2024,1
-5.370999,1.39704157,CCCCCCCCCCC(O)CN(CCCCC1NC(=O)C(CCCCN(CC(O)CCCCCCCCCC)CC(O)CCCCCCCCCC)NC1=O)CC(O)CCCCCCCCCC,JW_2024,JW_2024,2
-2.8564465,2.23574244,CCCCCCCCCCC(O)CN(CCCCC1NC(=O)C(CCCCN(CC(O)CCCCCCCCCC)CC(O)CCCCCCCCCC)NC1=O)CC(O)CCCCCCCCCC,JW_2024,JW_2024,3
-3.9368856,1.046312116,CCCCCCCCCCC(O)CN(CCCCC1NC(=O)C(CCCCN(CC(O)CCCCCCCCCC)CC(O)CCCCCCCCCC)NC1=O)CC(O)CCCCCCCCCC,JW_2024,JW_2024,1
-3.561663,2.037504053,CCCCCCCCCCC(O)CN(CCCCC1NC(=O)C(CCCCN(CC(O)CCCCCCCCCC)CC(O)CCCCCCCCCC)NC1=O)CC(O)CCCCCCCCCC,JW_2024,JW_2024,3
-4.95007,0.055120179,CCCCCCCCCCC(O)CN(CCCCC1NC(=O)C(CCCCN(CC(O)CCCCCCCCCC)CC(O)CCCCCCCCCC)NC1=O)CC(O)CCCCCCCCCC,JW_2024,JW_2024,1
-5.2802978,0.230484906,CCCCCCCCCCC(O)CN(CCCCC1NC(=O)C(CCCCN(CC(O)CCCCCCCCCC)CC(O)CCCCCCCCCC)NC1=O)CC(O)CCCCCCCCCC,JW_2024,JW_2024,1
-4.5864215,-1.204789014,CCCCCCCCC(CCCCCC)C(=O)OC(C/C=C\CCCCCCCCOC(=O)CCN(CCC(=O)OCCCCCCCC/C=C\CC(CCCCCC)OC(=O)C(CCCCCC)CCCCCCCC)CCc1ccncc1)CCCCCC,JW_2024,JW_2024,0
-4.3322806,-1.078860772,CCCCCCCCC(CCCCCC)C(=O)OC(C/C=C\CCCCCCCCOC(=O)CCN(CCC(=O)OCCCCCCCC/C=C\CC(CCCCCC)OC(=O)C(CCCCCC)CCCCCCCC)CCc1ccncc1)CCCCCC,JW_2024,JW_2024,0
-6.505165,-1.132830019,CCCCCCCCC(CCCCCC)C(=O)OC(C/C=C\CCCCCCCCOC(=O)CCN(CCC(=O)OCCCCCCCC/C=C\CC(CCCCCC)OC(=O)C(CCCCCC)CCCCCCCC)CCc1ccncc1)CCCCCC,JW_2024,JW_2024,0
-4.863241,-1.069865897,CCCCCCCCC(CCCCCC)C(=O)OC(C/C=C\CCCCCCCCOC(=O)CCN(CCC(=O)OCCCCCCCC/C=C\CC(CCCCCC)OC(=O)C(CCCCCC)CCCCCCCC)CCc1ccncc1)CCCCCC,JW_2024,JW_2024,0
-4.823677,-1.213783889,CCCCCCCCC(CCCCCC)C(=O)OC(C/C=C\CCCCCCCCOC(=O)CCN(CCC(=O)OCCCCCCCC/C=C\CC(CCCCCC)OC(=O)C(CCCCCC)CCCCCCCC)CCc1ccncc1)CCCCCC,JW_2024,JW_2024,0
-5.685234,-2.293168825,CCCCCCCCC(CCCCCC)C(=O)OC(C/C=C\CCCCCCCCOC(=O)CCN(CCC(=O)OCCCCCCCC/C=C\CC(CCCCCC)OC(=O)C(CCCCCC)CCCCCCCC)CCc1ccncc1)CCCCCC,JW_2024,JW_2024,0
-5.796304,-0.359270814,CCCCCCCCC(CCCCCC)C(=O)OC(C/C=C\CCCCCCCCOC(=O)CCN(CCC(=O)OCCCCCCCC/C=C\CC(CCCCCC)OC(=O)C(CCCCCC)CCCCCCCC)CCc1ccncc1)CCCCCC,JW_2024,JW_2024,0
-5.0453258,-2.715927925,CCCCCCCCC(CCCCCC)C(=O)OC(C/C=C\CCCCCCCCOC(=O)CCN(CCC(=O)OCCCCCCCC/C=C\CC(CCCCCC)OC(=O)C(CCCCCC)CCCCCCCC)CCc1ccncc1)CCCCCC,JW_2024,JW_2024,0
-4.4300556,-0.889968408,CCCCCCCCC(CCCCCC)C(=O)OC(C/C=C\CCCCCCCCOC(=O)CCN(CCC(=O)OCCCCCCCC/C=C\CC(CCCCCC)OC(=O)C(CCCCCC)CCCCCCCC)CCc1ccncc1)CCCCCC,JW_2024,JW_2024,0
-5.0715513,-1.204789014,CCCCCCCCC(CCCCCC)C(=O)OC(C/C=C\CCCCCCCCOC(=O)CCN(CCC(=O)OCCCCCCCC/C=C\CC(CCCCCC)OC(=O)C(CCCCCC)CCCCCCCC)CCc1ccncc1)CCCCCC,JW_2024,JW_2024,0
-5.9329667,-0.593137551,CCCCCCCCC(CCCCCC)C(=O)OC(C/C=C\CCCCCCCCOC(=O)CCN(CCC(=O)OCCCCCCCC/C=C\CC(CCCCCC)OC(=O)C(CCCCCC)CCCCCCCC)CCc1ccncc1)CCCCCC,JW_2024,JW_2024,0
-4.4474177,-1.420666002,CCCCCCCCC(CCCCCC)C(=O)OC(C/C=C\CCCCCCCCOC(=O)CCN(CCC(=O)OCCCCCCCC/C=C\CC(CCCCCC)OC(=O)C(CCCCCC)CCCCCCCC)CCc1ccncc1)CCCCCC,JW_2024,JW_2024,0
-4.9729047,-1.024891525,CCCCCCCCC(CCCCCC)C(=O)OC(C/C=C\CCCCCCCCOC(=O)CCN(CCC(=O)OCCCCCCCC/C=C\CC(CCCCCC)OC(=O)C(CCCCCC)CCCCCCCC)CCc1ccncc1)CCCCCC,JW_2024,JW_2024,0
-6.3936157,-0.916953031,CCCCCCCCC(CCCCCC)C(=O)OC(C/C=C\CCCCCCCCOC(=O)CCN(CCC(=O)OCCCCCCCC/C=C\CC(CCCCCC)OC(=O)C(CCCCCC)CCCCCCCC)CCc1ccncc1)CCCCCC,JW_2024,JW_2024,0
-4.8054314,-1.474635249,CCCCCCC(C/C=C\CCCCCCCCOC(=O)CCN(CCC(=O)OCCCCCCCC/C=C\CC(CCCCCC)OC(=O)C(CCCC)CCCCCC)CCc1ccncc1)OC(=O)C(CCCC)CCCCCC,JW_2024,JW_2024,0
-4.43774,-1.11484027,CCCCCCC(C/C=C\CCCCCCCCOC(=O)CCN(CCC(=O)OCCCCCCCC/C=C\CC(CCCCCC)OC(=O)C(CCCC)CCCCCC)CCc1ccncc1)OC(=O)C(CCCC)CCCCCC,JW_2024,JW_2024,0
-6.1200724,-0.809014538,CCCCCCC(C/C=C\CCCCCCCCOC(=O)CCN(CCC(=O)OCCCCCCCC/C=C\CC(CCCCCC)OC(=O)C(CCCC)CCCCCC)CCc1ccncc1)OC(=O)C(CCCC)CCCCCC,JW_2024,JW_2024,0
-4.8439417,-0.674091421,CCCCCCC(C/C=C\CCCCCCCCOC(=O)CCN(CCC(=O)OCCCCCCCC/C=C\CC(CCCCCC)OC(=O)C(CCCC)CCCCCC)CCc1ccncc1)OC(=O)C(CCCC)CCCCCC,JW_2024,JW_2024,0
-4.714443,-1.024891525,CCCCCCC(C/C=C\CCCCCCCCOC(=O)CCN(CCC(=O)OCCCCCCCC/C=C\CC(CCCCCC)OC(=O)C(CCCC)CCCCCC)CCc1ccncc1)OC(=O)C(CCCC)CCCCCC,JW_2024,JW_2024,0
-5.2829223,-1.123835144,CCCCCCC(C/C=C\CCCCCCCCOC(=O)CCN(CCC(=O)OCCCCCCCC/C=C\CC(CCCCCC)OC(=O)C(CCCC)CCCCCC)CCc1ccncc1)OC(=O)C(CCCC)CCCCCC,JW_2024,JW_2024,0
-6.125884,-0.43122981,CCCCCCC(C/C=C\CCCCCCCCOC(=O)CCN(CCC(=O)OCCCCCCCC/C=C\CC(CCCCCC)OC(=O)C(CCCC)CCCCCC)CCc1ccncc1)OC(=O)C(CCCC)CCCCCC,JW_2024,JW_2024,0
-4.889284,-2.203220081,CCCCCCC(C/C=C\CCCCCCCCOC(=O)CCN(CCC(=O)OCCCCCCCC/C=C\CC(CCCCCC)OC(=O)C(CCCC)CCCCCC)CCc1ccncc1)OC(=O)C(CCCC)CCCCCC,JW_2024,JW_2024,0
-4.4952955,-0.827004287,CCCCCCC(C/C=C\CCCCCCCCOC(=O)CCN(CCC(=O)OCCCCCCCC/C=C\CC(CCCCCC)OC(=O)C(CCCC)CCCCCC)CCc1ccncc1)OC(=O)C(CCCC)CCCCCC,JW_2024,JW_2024,0
-4.8886695,-1.249763387,CCCCCCC(C/C=C\CCCCCCCCOC(=O)CCN(CCC(=O)OCCCCCCCC/C=C\CC(CCCCCC)OC(=O)C(CCCC)CCCCCC)CCc1ccncc1)OC(=O)C(CCCC)CCCCCC,JW_2024,JW_2024,0
-5.5635986,-0.43122981,CCCCCCC(C/C=C\CCCCCCCCOC(=O)CCN(CCC(=O)OCCCCCCCC/C=C\CC(CCCCCC)OC(=O)C(CCCC)CCCCCC)CCc1ccncc1)OC(=O)C(CCCC)CCCCCC,JW_2024,JW_2024,0
-4.1712494,-1.627548115,CCCCCCC(C/C=C\CCCCCCCCOC(=O)CCN(CCC(=O)OCCCCCCCC/C=C\CC(CCCCCC)OC(=O)C(CCCC)CCCCCC)CCc1ccncc1)OC(=O)C(CCCC)CCCCCC,JW_2024,JW_2024,0
-4.719247,-1.069865897,CCCCCCC(C/C=C\CCCCCCCCOC(=O)CCN(CCC(=O)OCCCCCCCC/C=C\CC(CCCCCC)OC(=O)C(CCCC)CCCCCC)CCc1ccncc1)OC(=O)C(CCCC)CCCCCC,JW_2024,JW_2024,0
-6.0035586,-1.294737759,CCCCCCC(C/C=C\CCCCCCCCOC(=O)CCN(CCC(=O)OCCCCCCCC/C=C\CC(CCCCCC)OC(=O)C(CCCC)CCCCCC)CCc1ccncc1)OC(=O)C(CCCC)CCCCCC,JW_2024,JW_2024,0
-5.479086,-1.222778763,CCCCCCC(C/C=C\CCCCCCCCOC(=O)CCN(CCC(=O)OCCCCCCCC/C=C\CC(CCCCCC)OC(=O)CCCC1CCCCC1)CCc1ccncc1)OC(=O)CCCC1CCCCC1,JW_2024,JW_2024,0
-5.2478094,-1.708501985,CCCCCCC(C/C=C\CCCCCCCCOC(=O)CCN(CCC(=O)OCCCCCCCC/C=C\CC(CCCCCC)OC(=O)CCCC1CCCCC1)CCc1ccncc1)OC(=O)CCCC1CCCCC1,JW_2024,JW_2024,0
-7.3073273,-0.701076044,CCCCCCC(C/C=C\CCCCCCCCOC(=O)CCN(CCC(=O)OCCCCCCCC/C=C\CC(CCCCCC)OC(=O)CCCC1CCCCC1)CCc1ccncc1)OC(=O)CCCC1CCCCC1,JW_2024,JW_2024,0
-5.3622775,-2.104276461,CCCCCCC(C/C=C\CCCCCCCCOC(=O)CCN(CCC(=O)OCCCCCCCC/C=C\CC(CCCCCC)OC(=O)CCCC1CCCCC1)CCc1ccncc1)OC(=O)CCCC1CCCCC1,JW_2024,JW_2024,0
-5.688487,-1.483630123,CCCCCCC(C/C=C\CCCCCCCCOC(=O)CCN(CCC(=O)OCCCCCCCC/C=C\CC(CCCCCC)OC(=O)CCCC1CCCCC1)CCc1ccncc1)OC(=O)CCCC1CCCCC1,JW_2024,JW_2024,0
-7.112601,-1.933373846,CCCCCCC(C/C=C\CCCCCCCCOC(=O)CCN(CCC(=O)OCCCCCCCC/C=C\CC(CCCCCC)OC(=O)CCCC1CCCCC1)CCc1ccncc1)OC(=O)CCCC1CCCCC1,JW_2024,JW_2024,0
-7.3569517,-0.862983785,CCCCCCC(C/C=C\CCCCCCCCOC(=O)CCN(CCC(=O)OCCCCCCCC/C=C\CC(CCCCCC)OC(=O)CCCC1CCCCC1)CCc1ccncc1)OC(=O)CCCC1CCCCC1,JW_2024,JW_2024,0
-5.589749,-1.105845395,CCCCCCC(C/C=C\CCCCCCCCOC(=O)CCN(CCC(=O)OCCCCCCCC/C=C\CC(CCCCCC)OC(=O)CCCC1CCCCC1)CCc1ccncc1)OC(=O)CCCC1CCCCC1,JW_2024,JW_2024,0
-4.938569,-0.871978659,CCCCCCC(C/C=C\CCCCCCCCOC(=O)CCN(CCC(=O)OCCCCCCCC/C=C\CC(CCCCCC)OC(=O)CCCC1CCCCC1)CCc1ccncc1)OC(=O)CCCC1CCCCC1,JW_2024,JW_2024,0
-5.5330677,-1.123835144,CCCCCCC(C/C=C\CCCCCCCCOC(=O)CCN(CCC(=O)OCCCCCCCC/C=C\CC(CCCCCC)OC(=O)CCCC1CCCCC1)CCc1ccncc1)OC(=O)CCCC1CCCCC1,JW_2024,JW_2024,0
-7.2848496,-0.835999161,CCCCCCC(C/C=C\CCCCCCCCOC(=O)CCN(CCC(=O)OCCCCCCCC/C=C\CC(CCCCCC)OC(=O)CCCC1CCCCC1)CCc1ccncc1)OC(=O)CCCC1CCCCC1,JW_2024,JW_2024,0
-4.879105,-0.970922278,CCCCCCC(C/C=C\CCCCCCCCOC(=O)CCN(CCC(=O)OCCCCCCCC/C=C\CC(CCCCCC)OC(=O)CCCC1CCCCC1)CCc1ccncc1)OC(=O)CCCC1CCCCC1,JW_2024,JW_2024,0
-5.747381,-0.449219559,CCCCCCC(C/C=C\CCCCCCCCOC(=O)CCN(CCC(=O)OCCCCCCCC/C=C\CC(CCCCCC)OC(=O)CCCC1CCCCC1)CCc1ccncc1)OC(=O)CCCC1CCCCC1,JW_2024,JW_2024,0
-7.842229,-0.440224685,CCCCCCC(C/C=C\CCCCCCCCOC(=O)CCN(CCC(=O)OCCCCCCCC/C=C\CC(CCCCCC)OC(=O)CCCC1CCCCC1)CCc1ccncc1)OC(=O)CCCC1CCCCC1,JW_2024,JW_2024,0
-4.5235333,-1.0338864,CCCCCCCCC(CCCCCC)C(=O)OC(C/C=C\CCCCCCCCOC(=O)CCN(CCC(=O)OCCCCCCCC/C=C\CC(CCCCCC)OC(=O)C(CCCCCC)CCCCCCCC)CCN1CCCC1)CCCCCC,JW_2024,JW_2024,0
-3.7496269,-1.384686504,CCCCCCCCC(CCCCCC)C(=O)OC(C/C=C\CCCCCCCCOC(=O)CCN(CCC(=O)OCCCCCCCC/C=C\CC(CCCCCC)OC(=O)C(CCCCCC)CCCCCCCC)CCN1CCCC1)CCCCCC,JW_2024,JW_2024,0
-5.360431,0.009519039,CCCCCCCCC(CCCCCC)C(=O)OC(C/C=C\CCCCCCCCOC(=O)CCN(CCC(=O)OCCCCCCCC/C=C\CC(CCCCCC)OC(=O)C(CCCCCC)CCCCCCCC)CCN1CCCC1)CCCCCC,JW_2024,JW_2024,0
-5.040517,-1.861414851,CCCCCCCCC(CCCCCC)C(=O)OC(C/C=C\CCCCCCCCOC(=O)CCN(CCC(=O)OCCCCCCCC/C=C\CC(CCCCCC)OC(=O)C(CCCCCC)CCCCCCCC)CCN1CCCC1)CCCCCC,JW_2024,JW_2024,0
-5.127173,-1.11484027,CCCCCCCCC(CCCCCC)C(=O)OC(C/C=C\CCCCCCCCOC(=O)CCN(CCC(=O)OCCCCCCCC/C=C\CC(CCCCCC)OC(=O)C(CCCCCC)CCCCCCCC)CCN1CCCC1)CCCCCC,JW_2024,JW_2024,0
-4.5142765,-1.735486608,CCCCCCCCC(CCCCCC)C(=O)OC(C/C=C\CCCCCCCCOC(=O)CCN(CCC(=O)OCCCCCCCC/C=C\CC(CCCCCC)OC(=O)C(CCCCCC)CCCCCCCC)CCN1CCCC1)CCCCCC,JW_2024,JW_2024,0
-5.086901,-1.024891525,CCCCCCCCC(CCCCCC)C(=O)OC(C/C=C\CCCCCCCCOC(=O)CCN(CCC(=O)OCCCCCCCC/C=C\CC(CCCCCC)OC(=O)C(CCCCCC)CCCCCCCC)CCN1CCCC1)CCCCCC,JW_2024,JW_2024,0
-4.811417,-1.96035847,CCCCCCCCC(CCCCCC)C(=O)OC(C/C=C\CCCCCCCCOC(=O)CCN(CCC(=O)OCCCCCCCC/C=C\CC(CCCCCC)OC(=O)C(CCCCCC)CCCCCCCC)CCN1CCCC1)CCCCCC,JW_2024,JW_2024,0
-4.056754,-1.204789014,CCCCCCCCC(CCCCCC)C(=O)OC(C/C=C\CCCCCCCCOC(=O)CCN(CCC(=O)OCCCCCCCC/C=C\CC(CCCCCC)OC(=O)C(CCCCCC)CCCCCCCC)CCN1CCCC1)CCCCCC,JW_2024,JW_2024,0
-4.5871234,-1.393681378,CCCCCCCCC(CCCCCC)C(=O)OC(C/C=C\CCCCCCCCOC(=O)CCN(CCC(=O)OCCCCCCCC/C=C\CC(CCCCCC)OC(=O)C(CCCCCC)CCCCCCCC)CCN1CCCC1)CCCCCC,JW_2024,JW_2024,0
-4.516537,-0.907958157,CCCCCCCCC(CCCCCC)C(=O)OC(C/C=C\CCCCCCCCOC(=O)CCN(CCC(=O)OCCCCCCCC/C=C\CC(CCCCCC)OC(=O)C(CCCCCC)CCCCCCCC)CCN1CCCC1)CCCCCC,JW_2024,JW_2024,0
-4.1731863,-0.844994036,CCCCCCCCC(CCCCCC)C(=O)OC(C/C=C\CCCCCCCCOC(=O)CCN(CCC(=O)OCCCCCCCC/C=C\CC(CCCCCC)OC(=O)C(CCCCCC)CCCCCCCC)CCN1CCCC1)CCCCCC,JW_2024,JW_2024,0
-4.5794125,-0.377260563,CCCCCCCCC(CCCCCC)C(=O)OC(C/C=C\CCCCCCCCOC(=O)CCN(CCC(=O)OCCCCCCCC/C=C\CC(CCCCCC)OC(=O)C(CCCCCC)CCCCCCCC)CCN1CCCC1)CCCCCC,JW_2024,JW_2024,0
-4.7954826,-0.557158053,CCCCCCCCC(CCCCCC)C(=O)OC(C/C=C\CCCCCCCCOC(=O)CCN(CCC(=O)OCCCCCCCC/C=C\CC(CCCCCC)OC(=O)C(CCCCCC)CCCCCCCC)CCN1CCCC1)CCCCCC,JW_2024,JW_2024,0
-3.4998553,0.117457533,CCCCCCC(C/C=C\CCCCCCCCOC(=O)CCN(CCC(=O)OCCCCCCCC/C=C\CC(CCCCCC)OC(=O)C(CCCC)CCCCCC)CCN1CCCC1)OC(=O)C(CCCC)CCCCCC,JW_2024,JW_2024,1
-2.5816522,0.83704749,CCCCCCC(C/C=C\CCCCCCCCOC(=O)CCN(CCC(=O)OCCCCCCCC/C=C\CC(CCCCCC)OC(=O)C(CCCC)CCCCCC)CCN1CCCC1)OC(=O)C(CCCC)CCCCCC,JW_2024,JW_2024,1
-4.21261,0.900011611,CCCCCCC(C/C=C\CCCCCCCCOC(=O)CCN(CCC(=O)OCCCCCCCC/C=C\CC(CCCCCC)OC(=O)C(CCCC)CCCCCC)CCN1CCCC1)OC(=O)C(CCCC)CCCCCC,JW_2024,JW_2024,1
-3.4545958,0.792073118,CCCCCCC(C/C=C\CCCCCCCCOC(=O)CCN(CCC(=O)OCCCCCCCC/C=C\CC(CCCCCC)OC(=O)C(CCCC)CCCCCC)CCN1CCCC1)OC(=O)C(CCCC)CCCCCC,JW_2024,JW_2024,1
-4.3124204,-1.888399474,CCCCCCC(C/C=C\CCCCCCCCOC(=O)CCN(CCC(=O)OCCCCCCCC/C=C\CC(CCCCCC)OC(=O)C(CCCC)CCCCCC)CCN1CCCC1)OC(=O)C(CCCC)CCCCCC,JW_2024,JW_2024,0
-3.3633296,-0.287311819,CCCCCCC(C/C=C\CCCCCCCCOC(=O)CCN(CCC(=O)OCCCCCCCC/C=C\CC(CCCCCC)OC(=O)C(CCCC)CCCCCC)CCN1CCCC1)OC(=O)C(CCCC)CCCCCC,JW_2024,JW_2024,0
-4.697856,0.783078243,CCCCCCC(C/C=C\CCCCCCCCOC(=O)CCN(CCC(=O)OCCCCCCCC/C=C\CC(CCCCCC)OC(=O)C(CCCC)CCCCCC)CCN1CCCC1)OC(=O)C(CCCC)CCCCCC,JW_2024,JW_2024,1
-3.9621723,-0.620122174,CCCCCCC(C/C=C\CCCCCCCCOC(=O)CCN(CCC(=O)OCCCCCCCC/C=C\CC(CCCCCC)OC(=O)C(CCCC)CCCCCC)CCN1CCCC1)OC(=O)C(CCCC)CCCCCC,JW_2024,JW_2024,0
-2.8607056,1.430709205,CCCCCCC(C/C=C\CCCCCCCCOC(=O)CCN(CCC(=O)OCCCCCCCC/C=C\CC(CCCCCC)OC(=O)C(CCCC)CCCCCC)CCN1CCCC1)OC(=O)C(CCCC)CCCCCC,JW_2024,JW_2024,2
-3.6891146,0.270370399,CCCCCCC(C/C=C\CCCCCCCCOC(=O)CCN(CCC(=O)OCCCCCCCC/C=C\CC(CCCCCC)OC(=O)C(CCCC)CCCCCC)CCN1CCCC1)OC(=O)C(CCCC)CCCCCC,JW_2024,JW_2024,1
-3.5461862,1.835478556,CCCCCCC(C/C=C\CCCCCCCCOC(=O)CCN(CCC(=O)OCCCCCCCC/C=C\CC(CCCCCC)OC(=O)C(CCCC)CCCCCC)CCN1CCCC1)OC(=O)C(CCCC)CCCCCC,JW_2024,JW_2024,2
-3.3438332,0.83704749,CCCCCCC(C/C=C\CCCCCCCCOC(=O)CCN(CCC(=O)OCCCCCCCC/C=C\CC(CCCCCC)OC(=O)C(CCCC)CCCCCC)CCN1CCCC1)OC(=O)C(CCCC)CCCCCC,JW_2024,JW_2024,1
-3.7398272,-0.017465585,CCCCCCC(C/C=C\CCCCCCCCOC(=O)CCN(CCC(=O)OCCCCCCCC/C=C\CC(CCCCCC)OC(=O)C(CCCC)CCCCCC)CCN1CCCC1)OC(=O)C(CCCC)CCCCCC,JW_2024,JW_2024,0
-3.813974,1.313775837,CCCCCCC(C/C=C\CCCCCCCCOC(=O)CCN(CCC(=O)OCCCCCCCC/C=C\CC(CCCCCC)OC(=O)C(CCCC)CCCCCC)CCN1CCCC1)OC(=O)C(CCCC)CCCCCC,JW_2024,JW_2024,1
-3.75146,0.720114122,CCCCCCC(C/C=C\CCCCCCCCOC(=O)CCN(CCC(=O)OCCCCCCCC/C=C\CC(CCCCCC)OC(=O)C(CCCC)CCCCCC)CCN1CCCC1)OC(=O)C(CCCC)CCCCCC,JW_2024,JW_2024,1
-4.208467,0.25238065,CCCCCCC(C/C=C\CCCCCCCCOC(=O)CCN(CCC(=O)OCCCCCCCC/C=C\CC(CCCCCC)OC(=O)C(CCCC)CCCCCC)CCN1CCCC1)OC(=O)C(CCCC)CCCCCC,JW_2024,JW_2024,1
-3.9416025,0.081478035,CCCCCCC(C/C=C\CCCCCCCCOC(=O)CCN(CCC(=O)OCCCCCCCC/C=C\CC(CCCCCC)OC(=O)C(CCCC)CCCCCC)CCN1CCCC1)OC(=O)C(CCCC)CCCCCC,JW_2024,JW_2024,1
-4.1527348,0.953980858,CCCCCCC(C/C=C\CCCCCCCCOC(=O)CCN(CCC(=O)OCCCCCCCC/C=C\CC(CCCCCC)OC(=O)C(CCCC)CCCCCC)CCN1CCCC1)OC(=O)C(CCCC)CCCCCC,JW_2024,JW_2024,1
-4.6076303,1.34076046,CCCCCCC(C/C=C\CCCCCCCCOC(=O)CCN(CCC(=O)OCCCCCCCC/C=C\CC(CCCCCC)OC(=O)C(CCCC)CCCCCC)CCN1CCCC1)OC(=O)C(CCCC)CCCCCC,JW_2024,JW_2024,2
-3.6816256,1.808493933,CCCCCCC(C/C=C\CCCCCCCCOC(=O)CCN(CCC(=O)OCCCCCCCC/C=C\CC(CCCCCC)OC(=O)C(CCCC)CCCCCC)CCN1CCCC1)OC(=O)C(CCCC)CCCCCC,JW_2024,JW_2024,2
-4.06186,1.034934728,CCCCCCC(C/C=C\CCCCCCCCOC(=O)CCN(CCC(=O)OCCCCCCCC/C=C\CC(CCCCCC)OC(=O)C(CCCC)CCCCCC)CCN1CCCC1)OC(=O)C(CCCC)CCCCCC,JW_2024,JW_2024,1
-4.0181756,1.17885272,CCCCCCC(C/C=C\CCCCCCCCOC(=O)CCN(CCC(=O)OCCCCCCCC/C=C\CC(CCCCCC)OC(=O)C(CCCC)CCCCCC)CCN1CCCC1)OC(=O)C(CCCC)CCCCCC,JW_2024,JW_2024,1
-3.8932009,1.034934728,CCCCCCC(C/C=C\CCCCCCCCOC(=O)CCN(CCC(=O)OCCCCCCCC/C=C\CC(CCCCCC)OC(=O)C(CCCC)CCCCCC)CCN1CCCC1)OC(=O)C(CCCC)CCCCCC,JW_2024,JW_2024,1
-4.770906,1.673570816,CCCCCCC(C/C=C\CCCCCCCCOC(=O)CCN(CCC(=O)OCCCCCCCC/C=C\CC(CCCCCC)OC(=O)C(CCCC)CCCCCC)CCN1CCCC1)OC(=O)C(CCCC)CCCCCC,JW_2024,JW_2024,2
-4.762461,0.171426779,CCCCCCC(C/C=C\CCCCCCCCOC(=O)CCN(CCC(=O)OCCCCCCCC/C=C\CC(CCCCCC)OC(=O)CCCC1CCCCC1)CCN1CCCC1)OC(=O)CCCC1CCCCC1,JW_2024,JW_2024,1
-4.315311,0.891016737,CCCCCCC(C/C=C\CCCCCCCCOC(=O)CCN(CCC(=O)OCCCCCCCC/C=C\CC(CCCCCC)OC(=O)CCCC1CCCCC1)CCN1CCCC1)OC(=O)CCCC1CCCCC1,JW_2024,JW_2024,1
-5.7170334,0.783078243,CCCCCCC(C/C=C\CCCCCCCCOC(=O)CCN(CCC(=O)OCCCCCCCC/C=C\CC(CCCCCC)OC(=O)CCCC1CCCCC1)CCN1CCCC1)OC(=O)CCCC1CCCCC1,JW_2024,JW_2024,1
-4.5857387,0.855037239,CCCCCCC(C/C=C\CCCCCCCCOC(=O)CCN(CCC(=O)OCCCCCCCC/C=C\CC(CCCCCC)OC(=O)CCCC1CCCCC1)CCN1CCCC1)OC(=O)CCCC1CCCCC1,JW_2024,JW_2024,1
-5.175804,0.468257637,CCCCCCC(C/C=C\CCCCCCCCOC(=O)CCN(CCC(=O)OCCCCCCCC/C=C\CC(CCCCCC)OC(=O)CCCC1CCCCC1)CCN1CCCC1)OC(=O)CCCC1CCCCC1,JW_2024,JW_2024,1
-5.31977,-0.197363074,CCCCCCC(C/C=C\CCCCCCCCOC(=O)CCN(CCC(=O)OCCCCCCCC/C=C\CC(CCCCCC)OC(=O)CCCC1CCCCC1)CCN1CCCC1)OC(=O)CCCC1CCCCC1,JW_2024,JW_2024,0
-5.866622,1.727540062,CCCCCCC(C/C=C\CCCCCCCCOC(=O)CCN(CCC(=O)OCCCCCCCC/C=C\CC(CCCCCC)OC(=O)CCCC1CCCCC1)CCN1CCCC1)OC(=O)CCCC1CCCCC1,JW_2024,JW_2024,2
-4.80806,-0.053445082,CCCCCCC(C/C=C\CCCCCCCCOC(=O)CCN(CCC(=O)OCCCCCCCC/C=C\CC(CCCCCC)OC(=O)CCCC1CCCCC1)CCN1CCCC1)OC(=O)CCCC1CCCCC1,JW_2024,JW_2024,0
-4.2828326,1.538647699,CCCCCCC(C/C=C\CCCCCCCCOC(=O)CCN(CCC(=O)OCCCCCCCC/C=C\CC(CCCCCC)OC(=O)CCCC1CCCCC1)CCN1CCCC1)OC(=O)CCCC1CCCCC1,JW_2024,JW_2024,2
-5.042632,0.504237135,CCCCCCC(C/C=C\CCCCCCCCOC(=O)CCN(CCC(=O)OCCCCCCCC/C=C\CC(CCCCCC)OC(=O)CCCC1CCCCC1)CCN1CCCC1)OC(=O)CCCC1CCCCC1,JW_2024,JW_2024,1
-5.7153707,1.961406799,CCCCCCC(C/C=C\CCCCCCCCOC(=O)CCN(CCC(=O)OCCCCCCCC/C=C\CC(CCCCCC)OC(=O)CCCC1CCCCC1)CCN1CCCC1)OC(=O)CCCC1CCCCC1,JW_2024,JW_2024,3
-4.331061,0.180421654,CCCCCCC(C/C=C\CCCCCCCCOC(=O)CCN(CCC(=O)OCCCCCCCC/C=C\CC(CCCCCC)OC(=O)CCCC1CCCCC1)CCN1CCCC1)OC(=O)CCCC1CCCCC1,JW_2024,JW_2024,1
-4.732502,-0.134398953,CCCCCCC(C/C=C\CCCCCCCCOC(=O)CCN(CCC(=O)OCCCCCCCC/C=C\CC(CCCCCC)OC(=O)CCCC1CCCCC1)CCN1CCCC1)OC(=O)CCCC1CCCCC1,JW_2024,JW_2024,0
-5.9894795,0.099467784,CCCCCCC(C/C=C\CCCCCCCCOC(=O)CCN(CCC(=O)OCCCCCCCC/C=C\CC(CCCCCC)OC(=O)CCCC1CCCCC1)CCN1CCCC1)OC(=O)CCCC1CCCCC1,JW_2024,JW_2024,1
-4.672208,0.450267888,CCCCCCC(C/C=C\CCCCCCCCOC(=O)CCN(CCC(=O)OCCCCCCCC/C=C\CC(CCCCCC)OC(=O)CCCC1CCCCC1)CCN1CCCC1)OC(=O)CCCC1CCCCC1,JW_2024,JW_2024,1
-4.93199,-0.35027594,CCCCCCC(C/C=C\CCCCCCCCOC(=O)CCN(CCC(=O)OCCCCCCCC/C=C\CC(CCCCCC)OC(=O)CCCC1CCCCC1)CCN1CCCC1)OC(=O)CCCC1CCCCC1,JW_2024,JW_2024,0
-4.770661,0.036503662,CCCCCCC(C/C=C\CCCCCCCCOC(=O)CCN(CCC(=O)OCCCCCCCC/C=C\CC(CCCCCC)OC(=O)CCCC1CCCCC1)CCN1CCCC1)OC(=O)CCCC1CCCCC1,JW_2024,JW_2024,1
-5.044379,0.75609362,CCCCCCC(C/C=C\CCCCCCCCOC(=O)CCN(CCC(=O)OCCCCCCCC/C=C\CC(CCCCCC)OC(=O)CCCC1CCCCC1)CCN1CCCC1)OC(=O)CCCC1CCCCC1,JW_2024,JW_2024,1
-6.2890873,1.070914226,CCCCCCC(C/C=C\CCCCCCCCOC(=O)CCN(CCC(=O)OCCCCCCCC/C=C\CC(CCCCCC)OC(=O)CCCC1CCCCC1)CCN1CCCC1)OC(=O)CCCC1CCCCC1,JW_2024,JW_2024,1
-4.966169,1.799499058,CCCCCCC(C/C=C\CCCCCCCCOC(=O)CCN(CCC(=O)OCCCCCCCC/C=C\CC(CCCCCC)OC(=O)CCCC1CCCCC1)CCN1CCCC1)OC(=O)CCCC1CCCCC1,JW_2024,JW_2024,2
-5.8368344,0.639160252,CCCCCCC(C/C=C\CCCCCCCCOC(=O)CCN(CCC(=O)OCCCCCCCC/C=C\CC(CCCCCC)OC(=O)CCCC1CCCCC1)CCN1CCCC1)OC(=O)CCCC1CCCCC1,JW_2024,JW_2024,1
-5.0452995,0.91800136,CCCCCCC(C/C=C\CCCCCCCCOC(=O)CCN(CCC(=O)OCCCCCCCC/C=C\CC(CCCCCC)OC(=O)CCCC1CCCCC1)CCN1CCCC1)OC(=O)CCCC1CCCCC1,JW_2024,JW_2024,1
-5.0013456,0.513232009,CCCCCCC(C/C=C\CCCCCCCCOC(=O)CCN(CCC(=O)OCCCCCCCC/C=C\CC(CCCCCC)OC(=O)CCCC1CCCCC1)CCN1CCCC1)OC(=O)CCCC1CCCCC1,JW_2024,JW_2024,1
-6.0877614,1.250811716,CCCCCCC(C/C=C\CCCCCCCCOC(=O)CCN(CCC(=O)OCCCCCCCC/C=C\CC(CCCCCC)OC(=O)CCCC1CCCCC1)CCN1CCCC1)OC(=O)CCCC1CCCCC1,JW_2024,JW_2024,1
-3.4471695,-1.060871023,CCCCCCCCC(CCCCCC)C(=O)OC(C/C=C\CCCCCCCCOC(=O)CCN(CCC(=O)OCCCCCCCC/C=C\CC(CCCCCC)OC(=O)C(CCCCCC)CCCCCCCC)CCN1CCOCC1)CCCCCC,JW_2024,JW_2024,0
-3.274758,-1.555589119,CCCCCCCCC(CCCCCC)C(=O)OC(C/C=C\CCCCCCCCOC(=O)CCN(CCC(=O)OCCCCCCCC/C=C\CC(CCCCCC)OC(=O)C(CCCCCC)CCCCCCCC)CCN1CCOCC1)CCCCCC,JW_2024,JW_2024,0
-4.19331,-1.123835144,CCCCCCCCC(CCCCCC)C(=O)OC(C/C=C\CCCCCCCCOC(=O)CCN(CCC(=O)OCCCCCCCC/C=C\CC(CCCCCC)OC(=O)C(CCCCCC)CCCCCCCC)CCN1CCOCC1)CCCCCC,JW_2024,JW_2024,0
-3.8363082,-0.026460459,CCCCCCCCC(CCCCCC)C(=O)OC(C/C=C\CCCCCCCCOC(=O)CCN(CCC(=O)OCCCCCCCC/C=C\CC(CCCCCC)OC(=O)C(CCCCCC)CCCCCCCC)CCN1CCOCC1)CCCCCC,JW_2024,JW_2024,0
-3.8759365,-0.719065793,CCCCCCCCC(CCCCCC)C(=O)OC(C/C=C\CCCCCCCCOC(=O)CCN(CCC(=O)OCCCCCCCC/C=C\CC(CCCCCC)OC(=O)C(CCCCCC)CCCCCCCC)CCN1CCOCC1)CCCCCC,JW_2024,JW_2024,0
-4.3945894,-1.35770188,CCCCCCCCC(CCCCCC)C(=O)OC(C/C=C\CCCCCCCCOC(=O)CCN(CCC(=O)OCCCCCCCC/C=C\CC(CCCCCC)OC(=O)C(CCCCCC)CCCCCCCC)CCN1CCOCC1)CCCCCC,JW_2024,JW_2024,0
-4.8028536,-0.062439957,CCCCCCCCC(CCCCCC)C(=O)OC(C/C=C\CCCCCCCCOC(=O)CCN(CCC(=O)OCCCCCCCC/C=C\CC(CCCCCC)OC(=O)C(CCCCCC)CCCCCCCC)CCN1CCOCC1)CCCCCC,JW_2024,JW_2024,0
-4.344124,-2.778892047,CCCCCCCCC(CCCCCC)C(=O)OC(C/C=C\CCCCCCCCOC(=O)CCN(CCC(=O)OCCCCCCCC/C=C\CC(CCCCCC)OC(=O)C(CCCCCC)CCCCCCCC)CCN1CCOCC1)CCCCCC,JW_2024,JW_2024,0
-3.586702,-1.168809517,CCCCCCCCC(CCCCCC)C(=O)OC(C/C=C\CCCCCCCCOC(=O)CCN(CCC(=O)OCCCCCCCC/C=C\CC(CCCCCC)OC(=O)C(CCCCCC)CCCCCCCC)CCN1CCOCC1)CCCCCC,JW_2024,JW_2024,0
-4.158645,-0.458214434,CCCCCCCCC(CCCCCC)C(=O)OC(C/C=C\CCCCCCCCOC(=O)CCN(CCC(=O)OCCCCCCCC/C=C\CC(CCCCCC)OC(=O)C(CCCCCC)CCCCCCCC)CCN1CCOCC1)CCCCCC,JW_2024,JW_2024,0
-4.1042275,-0.85398891,CCCCCCCCC(CCCCCC)C(=O)OC(C/C=C\CCCCCCCCOC(=O)CCN(CCC(=O)OCCCCCCCC/C=C\CC(CCCCCC)OC(=O)C(CCCCCC)CCCCCCCC)CCN1CCOCC1)CCCCCC,JW_2024,JW_2024,0
-3.6151462,-1.996337968,CCCCCCCCC(CCCCCC)C(=O)OC(C/C=C\CCCCCCCCOC(=O)CCN(CCC(=O)OCCCCCCCC/C=C\CC(CCCCCC)OC(=O)C(CCCCCC)CCCCCCCC)CCN1CCOCC1)CCCCCC,JW_2024,JW_2024,0
-4.023662,-1.27674801,CCCCCCCCC(CCCCCC)C(=O)OC(C/C=C\CCCCCCCCOC(=O)CCN(CCC(=O)OCCCCCCCC/C=C\CC(CCCCCC)OC(=O)C(CCCCCC)CCCCCCCC)CCN1CCOCC1)CCCCCC,JW_2024,JW_2024,0
-4.902151,-0.197363074,CCCCCCCCC(CCCCCC)C(=O)OC(C/C=C\CCCCCCCCOC(=O)CCN(CCC(=O)OCCCCCCCC/C=C\CC(CCCCCC)OC(=O)C(CCCCCC)CCCCCCCC)CCN1CCOCC1)CCCCCC,JW_2024,JW_2024,0
-2.8987274,-1.204789014,CCCCCCC(C/C=C\CCCCCCCCOC(=O)CCN(CCC(=O)OCCCCCCCC/C=C\CC(CCCCCC)OC(=O)C(CCCC)CCCCCC)CCN1CCOCC1)OC(=O)C(CCCC)CCCCCC,JW_2024,JW_2024,0
-3.035507,-1.807445604,CCCCCCC(C/C=C\CCCCCCCCOC(=O)CCN(CCC(=O)OCCCCCCCC/C=C\CC(CCCCCC)OC(=O)C(CCCC)CCCCCC)CCN1CCOCC1)OC(=O)C(CCCC)CCCCCC,JW_2024,JW_2024,0
-4.683248,-0.116409204,CCCCCCC(C/C=C\CCCCCCCCOC(=O)CCN(CCC(=O)OCCCCCCCC/C=C\CC(CCCCCC)OC(=O)C(CCCC)CCCCCC)CCN1CCOCC1)OC(=O)C(CCCC)CCCCCC,JW_2024,JW_2024,0
-3.0680723,-0.647106797,CCCCCCC(C/C=C\CCCCCCCCOC(=O)CCN(CCC(=O)OCCCCCCCC/C=C\CC(CCCCCC)OC(=O)C(CCCC)CCCCCC)CCN1CCOCC1)OC(=O)C(CCCC)CCCCCC,JW_2024,JW_2024,0
-2.9945488,-0.997906902,CCCCCCC(C/C=C\CCCCCCCCOC(=O)CCN(CCC(=O)OCCCCCCCC/C=C\CC(CCCCCC)OC(=O)C(CCCC)CCCCCC)CCN1CCOCC1)OC(=O)C(CCCC)CCCCCC,JW_2024,JW_2024,0
-3.7838738,-0.952932529,CCCCCCC(C/C=C\CCCCCCCCOC(=O)CCN(CCC(=O)OCCCCCCCC/C=C\CC(CCCCCC)OC(=O)C(CCCC)CCCCCC)CCN1CCOCC1)OC(=O)C(CCCC)CCCCCC,JW_2024,JW_2024,0
-4.1708875,0.792073118,CCCCCCC(C/C=C\CCCCCCCCOC(=O)CCN(CCC(=O)OCCCCCCCC/C=C\CC(CCCCCC)OC(=O)C(CCCC)CCCCCC)CCN1CCOCC1)OC(=O)C(CCCC)CCCCCC,JW_2024,JW_2024,1
-3.761887,-2.841856168,CCCCCCC(C/C=C\CCCCCCCCOC(=O)CCN(CCC(=O)OCCCCCCCC/C=C\CC(CCCCCC)OC(=O)C(CCCC)CCCCCC)CCN1CCOCC1)OC(=O)C(CCCC)CCCCCC,JW_2024,JW_2024,0
-3.09651,-1.078860772,CCCCCCC(C/C=C\CCCCCCCCOC(=O)CCN(CCC(=O)OCCCCCCCC/C=C\CC(CCCCCC)OC(=O)C(CCCC)CCCCCC)CCN1CCOCC1)OC(=O)C(CCCC)CCCCCC,JW_2024,JW_2024,0
-3.622273,-0.871978659,CCCCCCC(C/C=C\CCCCCCCCOC(=O)CCN(CCC(=O)OCCCCCCCC/C=C\CC(CCCCCC)OC(=O)C(CCCC)CCCCCC)CCN1CCOCC1)OC(=O)C(CCCC)CCCCCC,JW_2024,JW_2024,0
-4.1607785,-0.701076044,CCCCCCC(C/C=C\CCCCCCCCOC(=O)CCN(CCC(=O)OCCCCCCCC/C=C\CC(CCCCCC)OC(=O)C(CCCC)CCCCCC)CCN1CCOCC1)OC(=O)C(CCCC)CCCCCC,JW_2024,JW_2024,0
-3.0504134,-1.492624997,CCCCCCC(C/C=C\CCCCCCCCOC(=O)CCN(CCC(=O)OCCCCCCCC/C=C\CC(CCCCCC)OC(=O)C(CCCC)CCCCCC)CCN1CCOCC1)OC(=O)C(CCCC)CCCCCC,JW_2024,JW_2024,0
-3.4963336,-1.069865897,CCCCCCC(C/C=C\CCCCCCCCOC(=O)CCN(CCC(=O)OCCCCCCCC/C=C\CC(CCCCCC)OC(=O)C(CCCC)CCCCCC)CCN1CCOCC1)OC(=O)C(CCCC)CCCCCC,JW_2024,JW_2024,0
-4.436228,0.090472909,CCCCCCC(C/C=C\CCCCCCCCOC(=O)CCN(CCC(=O)OCCCCCCCC/C=C\CC(CCCCCC)OC(=O)C(CCCC)CCCCCC)CCN1CCOCC1)OC(=O)C(CCCC)CCCCCC,JW_2024,JW_2024,1
-4.0495386,-1.258758261,CCCCCCC(C/C=C\CCCCCCCCOC(=O)CCN(CCC(=O)OCCCCCCCC/C=C\CC(CCCCCC)OC(=O)CCCC1CCCCC1)CCN1CCOCC1)OC(=O)CCCC1CCCCC1,JW_2024,JW_2024,0
-4.21426,-0.77303504,CCCCCCC(C/C=C\CCCCCCCCOC(=O)CCN(CCC(=O)OCCCCCCCC/C=C\CC(CCCCCC)OC(=O)CCCC1CCCCC1)CCN1CCOCC1)OC(=O)CCCC1CCCCC1,JW_2024,JW_2024,0
-6.24413,-0.440224685,CCCCCCC(C/C=C\CCCCCCCCOC(=O)CCN(CCC(=O)OCCCCCCCC/C=C\CC(CCCCCC)OC(=O)CCCC1CCCCC1)CCN1CCOCC1)OC(=O)CCCC1CCCCC1,JW_2024,JW_2024,0
-3.982625,-0.305301568,CCCCCCC(C/C=C\CCCCCCCCOC(=O)CCN(CCC(=O)OCCCCCCCC/C=C\CC(CCCCCC)OC(=O)CCCC1CCCCC1)CCN1CCOCC1)OC(=O)CCCC1CCCCC1,JW_2024,JW_2024,0
-4.6065574,-1.519609621,CCCCCCC(C/C=C\CCCCCCCCOC(=O)CCN(CCC(=O)OCCCCCCCC/C=C\CC(CCCCCC)OC(=O)CCCC1CCCCC1)CCN1CCOCC1)OC(=O)CCCC1CCCCC1,JW_2024,JW_2024,0
-5.5465465,-1.501619872,CCCCCCC(C/C=C\CCCCCCCCOC(=O)CCN(CCC(=O)OCCCCCCCC/C=C\CC(CCCCCC)OC(=O)CCCC1CCCCC1)CCN1CCOCC1)OC(=O)CCCC1CCCCC1,JW_2024,JW_2024,0
-5.9278865,-0.098419455,CCCCCCC(C/C=C\CCCCCCCCOC(=O)CCN(CCC(=O)OCCCCCCCC/C=C\CC(CCCCCC)OC(=O)CCCC1CCCCC1)CCN1CCOCC1)OC(=O)CCCC1CCCCC1,JW_2024,JW_2024,0
-4.8571477,-1.735486608,CCCCCCC(C/C=C\CCCCCCCCOC(=O)CCN(CCC(=O)OCCCCCCCC/C=C\CC(CCCCCC)OC(=O)CCCC1CCCCC1)CCN1CCOCC1)OC(=O)CCCC1CCCCC1,JW_2024,JW_2024,0
-4.100569,-0.584142676,CCCCCCC(C/C=C\CCCCCCCCOC(=O)CCN(CCC(=O)OCCCCCCCC/C=C\CC(CCCCCC)OC(=O)CCCC1CCCCC1)CCN1CCOCC1)OC(=O)CCCC1CCCCC1,JW_2024,JW_2024,0
-4.7938957,-0.809014538,CCCCCCC(C/C=C\CCCCCCCCOC(=O)CCN(CCC(=O)OCCCCCCCC/C=C\CC(CCCCCC)OC(=O)CCCC1CCCCC1)CCN1CCOCC1)OC(=O)CCCC1CCCCC1,JW_2024,JW_2024,0
-5.9304824,-0.260327195,CCCCCCC(C/C=C\CCCCCCCCOC(=O)CCN(CCC(=O)OCCCCCCCC/C=C\CC(CCCCCC)OC(=O)CCCC1CCCCC1)CCN1CCOCC1)OC(=O)CCCC1CCCCC1,JW_2024,JW_2024,0
-4.252305,-1.186799266,CCCCCCC(C/C=C\CCCCCCCCOC(=O)CCN(CCC(=O)OCCCCCCCC/C=C\CC(CCCCCC)OC(=O)CCCC1CCCCC1)CCN1CCOCC1)OC(=O)CCCC1CCCCC1,JW_2024,JW_2024,0
-4.88616,-1.213783889,CCCCCCC(C/C=C\CCCCCCCCOC(=O)CCN(CCC(=O)OCCCCCCCC/C=C\CC(CCCCCC)OC(=O)CCCC1CCCCC1)CCN1CCOCC1)OC(=O)CCCC1CCCCC1,JW_2024,JW_2024,0
-6.275384,0.162431905,CCCCCCC(C/C=C\CCCCCCCCOC(=O)CCN(CCC(=O)OCCCCCCCC/C=C\CC(CCCCCC)OC(=O)CCCC1CCCCC1)CCN1CCOCC1)OC(=O)CCCC1CCCCC1,JW_2024,JW_2024,1
-3.1010942,-0.952932529,CCCCCC/C=C\CCC(=O)OC(C/C=C\CCCCCCCCOC(=O)CCN(CCC(=O)OCCCCCCCC/C=C\CC(CCCCCC)OC(=O)CC/C=C\CCCCCC)CCN1CCOCC1)CCCCCC,JW_2024,JW_2024,0
-3.1005456,-0.925947906,CCCCCC/C=C\CCC(=O)OC(C/C=C\CCCCCCCCOC(=O)CCN(CCC(=O)OCCCCCCCC/C=C\CC(CCCCCC)OC(=O)CC/C=C\CCCCCC)CCN1CCOCC1)CCCCCC,JW_2024,JW_2024,0
-5.313443,-0.413240061,CCCCCC/C=C\CCC(=O)OC(C/C=C\CCCCCCCCOC(=O)CCN(CCC(=O)OCCCCCCCC/C=C\CC(CCCCCC)OC(=O)CC/C=C\CCCCCC)CCN1CCOCC1)CCCCCC,JW_2024,JW_2024,0
-3.0599587,-0.952932529,CCCCCC/C=C\CCC(=O)OC(C/C=C\CCCCCCCCOC(=O)CCN(CCC(=O)OCCCCCCCC/C=C\CC(CCCCCC)OC(=O)CC/C=C\CCCCCC)CCN1CCOCC1)CCCCCC,JW_2024,JW_2024,0
-3.1104956,-1.402676253,CCCCCC/C=C\CCC(=O)OC(C/C=C\CCCCCCCCOC(=O)CCN(CCC(=O)OCCCCCCCC/C=C\CC(CCCCCC)OC(=O)CC/C=C\CCCCCC)CCN1CCOCC1)CCCCCC,JW_2024,JW_2024,0
-4.6478443,-0.889968408,CCCCCC/C=C\CCC(=O)OC(C/C=C\CCCCCCCCOC(=O)CCN(CCC(=O)OCCCCCCCC/C=C\CC(CCCCCC)OC(=O)CC/C=C\CCCCCC)CCN1CCOCC1)CCCCCC,JW_2024,JW_2024,0
-4.7469645,0.279365273,CCCCCC/C=C\CCC(=O)OC(C/C=C\CCCCCCCCOC(=O)CCN(CCC(=O)OCCCCCCCC/C=C\CC(CCCCCC)OC(=O)CC/C=C\CCCCCC)CCN1CCOCC1)CCCCCC,JW_2024,JW_2024,1
-3.8972054,-2.284173951,CCCCCC/C=C\CCC(=O)OC(C/C=C\CCCCCCCCOC(=O)CCN(CCC(=O)OCCCCCCCC/C=C\CC(CCCCCC)OC(=O)CC/C=C\CCCCCC)CCN1CCOCC1)CCCCCC,JW_2024,JW_2024,0
-3.0787263,-0.566152927,CCCCCC/C=C\CCC(=O)OC(C/C=C\CCCCCCCCOC(=O)CCN(CCC(=O)OCCCCCCCC/C=C\CC(CCCCCC)OC(=O)CC/C=C\CCCCCC)CCN1CCOCC1)CCCCCC,JW_2024,JW_2024,0
-3.8110566,-0.997906902,CCCCCC/C=C\CCC(=O)OC(C/C=C\CCCCCCCCOC(=O)CCN(CCC(=O)OCCCCCCCC/C=C\CC(CCCCCC)OC(=O)CC/C=C\CCCCCC)CCN1CCOCC1)CCCCCC,JW_2024,JW_2024,0
-4.8838425,0.018513913,CCCCCC/C=C\CCC(=O)OC(C/C=C\CCCCCCCCOC(=O)CCN(CCC(=O)OCCCCCCCC/C=C\CC(CCCCCC)OC(=O)CC/C=C\CCCCCC)CCN1CCOCC1)CCCCCC,JW_2024,JW_2024,0
-3.2402847,-1.447650625,CCCCCC/C=C\CCC(=O)OC(C/C=C\CCCCCCCCOC(=O)CCN(CCC(=O)OCCCCCCCC/C=C\CC(CCCCCC)OC(=O)CC/C=C\CCCCCC)CCN1CCOCC1)CCCCCC,JW_2024,JW_2024,0
-3.8429997,-1.420666002,CCCCCC/C=C\CCC(=O)OC(C/C=C\CCCCCCCCOC(=O)CCN(CCC(=O)OCCCCCCCC/C=C\CC(CCCCCC)OC(=O)CC/C=C\CCCCCC)CCN1CCOCC1)CCCCCC,JW_2024,JW_2024,0
-5.299075,-0.539168304,CCCCCC/C=C\CCC(=O)OC(C/C=C\CCCCCCCCOC(=O)CCN(CCC(=O)OCCCCCCCC/C=C\CC(CCCCCC)OC(=O)CC/C=C\CCCCCC)CCN1CCOCC1)CCCCCC,JW_2024,JW_2024,0
-3.7909436,-1.213783889,CCCCCCCCCCCC(=O)OC(C/C=C\CCCCCCCCOC(=O)CCN(CCC(=O)OCCCCCCCC/C=C\CC(CCCCCC)OC(=O)CCCCCCCCCCC)CCN1CCOCC1)CCCCCC,JW_2024,JW_2024,0
-3.436183,-1.474635249,CCCCCCCCCCCC(=O)OC(C/C=C\CCCCCCCCOC(=O)CCN(CCC(=O)OCCCCCCCC/C=C\CC(CCCCCC)OC(=O)CCCCCCCCCCC)CCN1CCOCC1)CCCCCC,JW_2024,JW_2024,0
-5.773049,-0.656101672,CCCCCCCCCCCC(=O)OC(C/C=C\CCCCCCCCOC(=O)CCN(CCC(=O)OCCCCCCCC/C=C\CC(CCCCCC)OC(=O)CCCCCCCCCCC)CCN1CCOCC1)CCCCCC,JW_2024,JW_2024,0
-3.720722,-0.521178555,CCCCCCCCCCCC(=O)OC(C/C=C\CCCCCCCCOC(=O)CCN(CCC(=O)OCCCCCCCC/C=C\CC(CCCCCC)OC(=O)CCCCCCCCCCC)CCN1CCOCC1)CCCCCC,JW_2024,JW_2024,0
-3.9406922,-1.528604495,CCCCCCCCCCCC(=O)OC(C/C=C\CCCCCCCCOC(=O)CCN(CCC(=O)OCCCCCCCC/C=C\CC(CCCCCC)OC(=O)CCCCCCCCCCC)CCN1CCOCC1)CCCCCC,JW_2024,JW_2024,0
-4.859677,-1.150819768,CCCCCCCCCCCC(=O)OC(C/C=C\CCCCCCCCOC(=O)CCN(CCC(=O)OCCCCCCCC/C=C\CC(CCCCCC)OC(=O)CCCCCCCCCCC)CCN1CCOCC1)CCCCCC,JW_2024,JW_2024,0
-5.3390727,0.423283264,CCCCCCCCCCCC(=O)OC(C/C=C\CCCCCCCCOC(=O)CCN(CCC(=O)OCCCCCCCC/C=C\CC(CCCCCC)OC(=O)CCCCCCCCCCC)CCN1CCOCC1)CCCCCC,JW_2024,JW_2024,1
-4.0295777,-3.156676774,CCCCCCCCCCCC(=O)OC(C/C=C\CCCCCCCCOC(=O)CCN(CCC(=O)OCCCCCCCC/C=C\CC(CCCCCC)OC(=O)CCCCCCCCCCC)CCN1CCOCC1)CCCCCC,JW_2024,JW_2024,0
-3.5732,-0.764040165,CCCCCCCCCCCC(=O)OC(C/C=C\CCCCCCCCOC(=O)CCN(CCC(=O)OCCCCCCCC/C=C\CC(CCCCCC)OC(=O)CCCCCCCCCCC)CCN1CCOCC1)CCCCCC,JW_2024,JW_2024,0
-3.9461854,-0.665096546,CCCCCCCCCCCC(=O)OC(C/C=C\CCCCCCCCOC(=O)CCN(CCC(=O)OCCCCCCCC/C=C\CC(CCCCCC)OC(=O)CCCCCCCCCCC)CCN1CCOCC1)CCCCCC,JW_2024,JW_2024,0
-5.042534,-0.521178555,CCCCCCCCCCCC(=O)OC(C/C=C\CCCCCCCCOC(=O)CCN(CCC(=O)OCCCCCCCC/C=C\CC(CCCCCC)OC(=O)CCCCCCCCCCC)CCN1CCOCC1)CCCCCC,JW_2024,JW_2024,0
-3.4128973,-1.447650625,CCCCCCCCCCCC(=O)OC(C/C=C\CCCCCCCCOC(=O)CCN(CCC(=O)OCCCCCCCC/C=C\CC(CCCCCC)OC(=O)CCCCCCCCCCC)CCN1CCOCC1)CCCCCC,JW_2024,JW_2024,0
-3.941057,-1.447650625,CCCCCCCCCCCC(=O)OC(C/C=C\CCCCCCCCOC(=O)CCN(CCC(=O)OCCCCCCCC/C=C\CC(CCCCCC)OC(=O)CCCCCCCCCCC)CCN1CCOCC1)CCCCCC,JW_2024,JW_2024,0
-5.4092903,-0.35027594,CCCCCCCCCCCC(=O)OC(C/C=C\CCCCCCCCOC(=O)CCN(CCC(=O)OCCCCCCCC/C=C\CC(CCCCCC)OC(=O)CCCCCCCCCCC)CCN1CCOCC1)CCCCCC,JW_2024,JW_2024,0
-3.9706824,-1.006901776,CCCCCCCCCCCCCCCCCC(=O)OC(C/C=C\CCCCCCCCOC(=O)CCN(CCC(=O)OCCCCCCCC/C=C\CC(CCCCCC)OC(=O)CCCCCCCCCCCCCCCCC)CCN1CCOCC1)CCCCCC,JW_2024,JW_2024,0
-3.58086,-1.006901776,CCCCCCCCCCCCCCCCCC(=O)OC(C/C=C\CCCCCCCCOC(=O)CCN(CCC(=O)OCCCCCCCC/C=C\CC(CCCCCC)OC(=O)CCCCCCCCCCCCCCCCC)CCN1CCOCC1)CCCCCC,JW_2024,JW_2024,0
-4.546305,-0.098419455,CCCCCCCCCCCCCCCCCC(=O)OC(C/C=C\CCCCCCCCOC(=O)CCN(CCC(=O)OCCCCCCCC/C=C\CC(CCCCCC)OC(=O)CCCCCCCCCCCCCCCCC)CCN1CCOCC1)CCCCCC,JW_2024,JW_2024,0
-3.9706824,0.07248316,CCCCCCCCCCCCCCCCCC(=O)OC(C/C=C\CCCCCCCCOC(=O)CCN(CCC(=O)OCCCCCCCC/C=C\CC(CCCCCC)OC(=O)CCCCCCCCCCCCCCCCC)CCN1CCOCC1)CCCCCC,JW_2024,JW_2024,1
-4.1111836,-1.11484027,CCCCCCCCCCCCCCCCCC(=O)OC(C/C=C\CCCCCCCCOC(=O)CCN(CCC(=O)OCCCCCCCC/C=C\CC(CCCCCC)OC(=O)CCCCCCCCCCCCCCCCC)CCN1CCOCC1)CCCCCC,JW_2024,JW_2024,0
-4.321275,-0.970922278,CCCCCCCCCCCCCCCCCC(=O)OC(C/C=C\CCCCCCCCOC(=O)CCN(CCC(=O)OCCCCCCCC/C=C\CC(CCCCCC)OC(=O)CCCCCCCCCCCCCCCCC)CCN1CCOCC1)CCCCCC,JW_2024,JW_2024,0
-5.22897,-0.665096546,CCCCCCCCCCCCCCCCCC(=O)OC(C/C=C\CCCCCCCCOC(=O)CCN(CCC(=O)OCCCCCCCC/C=C\CC(CCCCCC)OC(=O)CCCCCCCCCCCCCCCCC)CCN1CCOCC1)CCCCCC,JW_2024,JW_2024,0
-4.520226,-2.311158574,CCCCCCCCCCCCCCCCCC(=O)OC(C/C=C\CCCCCCCCOC(=O)CCN(CCC(=O)OCCCCCCCC/C=C\CC(CCCCCC)OC(=O)CCCCCCCCCCCCCCCCC)CCN1CCOCC1)CCCCCC,JW_2024,JW_2024,0
-3.6822329,-0.764040165,CCCCCCCCCCCCCCCCCC(=O)OC(C/C=C\CCCCCCCCOC(=O)CCN(CCC(=O)OCCCCCCCC/C=C\CC(CCCCCC)OC(=O)CCCCCCCCCCCCCCCCC)CCN1CCOCC1)CCCCCC,JW_2024,JW_2024,0
-4.0595894,-0.638111923,CCCCCCCCCCCCCCCCCC(=O)OC(C/C=C\CCCCCCCCOC(=O)CCN(CCC(=O)OCCCCCCCC/C=C\CC(CCCCCC)OC(=O)CCCCCCCCCCCCCCCCC)CCN1CCOCC1)CCCCCC,JW_2024,JW_2024,0
-4.561885,-0.395250312,CCCCCCCCCCCCCCCCCC(=O)OC(C/C=C\CCCCCCCCOC(=O)CCN(CCC(=O)OCCCCCCCC/C=C\CC(CCCCCC)OC(=O)CCCCCCCCCCCCCCCCC)CCN1CCOCC1)CCCCCC,JW_2024,JW_2024,0
-3.5992756,-1.447650625,CCCCCCCCCCCCCCCCCC(=O)OC(C/C=C\CCCCCCCCOC(=O)CCN(CCC(=O)OCCCCCCCC/C=C\CC(CCCCCC)OC(=O)CCCCCCCCCCCCCCCCC)CCN1CCOCC1)CCCCCC,JW_2024,JW_2024,0
-3.9269757,-1.141824893,CCCCCCCCCCCCCCCCCC(=O)OC(C/C=C\CCCCCCCCOC(=O)CCN(CCC(=O)OCCCCCCCC/C=C\CC(CCCCCC)OC(=O)CCCCCCCCCCCCCCCCC)CCN1CCOCC1)CCCCCC,JW_2024,JW_2024,0
-5.6921144,0.189416528,CCCCCCCCCCCCCCCCCC(=O)OC(C/C=C\CCCCCCCCOC(=O)CCN(CCC(=O)OCCCCCCCC/C=C\CC(CCCCCC)OC(=O)CCCCCCCCCCCCCCCCC)CCN1CCOCC1)CCCCCC,JW_2024,JW_2024,1
-5.2382064,-0.062439957,CCCCCC/C=C\CCC(=O)OC(C/C=C\CCCCCCCCOC(=O)CCN(CCC(=O)OCCCCCCCC/C=C\CC(CCCCCC)OC(=O)CC/C=C\CCCCCC)CCN1CCCC1)CCCCCC,JW_2024,JW_2024,0
-4.78455,1.025939854,CCCCCC/C=C\CCC(=O)OC(C/C=C\CCCCCCCCOC(=O)CCN(CCC(=O)OCCCCCCCC/C=C\CC(CCCCCC)OC(=O)CC/C=C\CCCCCC)CCN1CCCC1)CCCCCC,JW_2024,JW_2024,1
-5.9993906,0.774083369,CCCCCC/C=C\CCC(=O)OC(C/C=C\CCCCCCCCOC(=O)CCN(CCC(=O)OCCCCCCCC/C=C\CC(CCCCCC)OC(=O)CC/C=C\CCCCCC)CCN1CCCC1)CCCCCC,JW_2024,JW_2024,1
-4.9858074,0.25238065,CCCCCC/C=C\CCC(=O)OC(C/C=C\CCCCCCCCOC(=O)CCN(CCC(=O)OCCCCCCCC/C=C\CC(CCCCCC)OC(=O)CC/C=C\CCCCCC)CCN1CCCC1)CCCCCC,JW_2024,JW_2024,1
-5.5851216,-0.233342572,CCCCCC/C=C\CCC(=O)OC(C/C=C\CCCCCCCCOC(=O)CCN(CCC(=O)OCCCCCCCC/C=C\CC(CCCCCC)OC(=O)CC/C=C\CCCCCC)CCN1CCCC1)CCCCCC,JW_2024,JW_2024,0
-5.441523,-0.916953031,CCCCCC/C=C\CCC(=O)OC(C/C=C\CCCCCCCCOC(=O)CCN(CCC(=O)OCCCCCCCC/C=C\CC(CCCCCC)OC(=O)CC/C=C\CCCCCC)CCN1CCCC1)CCCCCC,JW_2024,JW_2024,0
-6.082978,0.360319143,CCCCCC/C=C\CCC(=O)OC(C/C=C\CCCCCCCCOC(=O)CCN(CCC(=O)OCCCCCCCC/C=C\CC(CCCCCC)OC(=O)CC/C=C\CCCCCC)CCN1CCCC1)CCCCCC,JW_2024,JW_2024,1
-5.324423,-0.26932207,CCCCCC/C=C\CCC(=O)OC(C/C=C\CCCCCCCCOC(=O)CCN(CCC(=O)OCCCCCCCC/C=C\CC(CCCCCC)OC(=O)CC/C=C\CCCCCC)CCN1CCCC1)CCCCCC,JW_2024,JW_2024,0
-4.715037,1.421714331,CCCCCC/C=C\CCC(=O)OC(C/C=C\CCCCCCCCOC(=O)CCN(CCC(=O)OCCCCCCCC/C=C\CC(CCCCCC)OC(=O)CC/C=C\CCCCCC)CCN1CCCC1)CCCCCC,JW_2024,JW_2024,2
-5.673856,0.090472909,CCCCCC/C=C\CCC(=O)OC(C/C=C\CCCCCCCCOC(=O)CCN(CCC(=O)OCCCCCCCC/C=C\CC(CCCCCC)OC(=O)CC/C=C\CCCCCC)CCN1CCCC1)CCCCCC,JW_2024,JW_2024,1
-5.5104055,1.34076046,CCCCCC/C=C\CCC(=O)OC(C/C=C\CCCCCCCCOC(=O)CCN(CCC(=O)OCCCCCCCC/C=C\CC(CCCCCC)OC(=O)CC/C=C\CCCCCC)CCN1CCCC1)CCCCCC,JW_2024,JW_2024,2
-4.72367,0.234390901,CCCCCC/C=C\CCC(=O)OC(C/C=C\CCCCCCCCOC(=O)CCN(CCC(=O)OCCCCCCCC/C=C\CC(CCCCCC)OC(=O)CC/C=C\CCCCCC)CCN1CCCC1)CCCCCC,JW_2024,JW_2024,1
-5.260451,-0.476204182,CCCCCC/C=C\CCC(=O)OC(C/C=C\CCCCCCCCOC(=O)CCN(CCC(=O)OCCCCCCCC/C=C\CC(CCCCCC)OC(=O)CC/C=C\CCCCCC)CCN1CCCC1)CCCCCC,JW_2024,JW_2024,0
-5.826527,1.106893724,CCCCCC/C=C\CCC(=O)OC(C/C=C\CCCCCCCCOC(=O)CCN(CCC(=O)OCCCCCCCC/C=C\CC(CCCCCC)OC(=O)CC/C=C\CCCCCC)CCN1CCCC1)CCCCCC,JW_2024,JW_2024,1
-5.226067,0.171426779,CCCCCC/C=C\CCC(=O)OC(C/C=C\CCCCCCCCOC(=O)CCN(CCC(=O)OCCCCCCCC/C=C\CC(CCCCCC)OC(=O)CC/C=C\CCCCCC)CCN1CCCC1)CCCCCC,JW_2024,JW_2024,1
-5.8592525,-0.647106797,CCCCCC/C=C\CCC(=O)OC(C/C=C\CCCCCCCCOC(=O)CCN(CCC(=O)OCCCCCCCC/C=C\CC(CCCCCC)OC(=O)CC/C=C\CCCCCC)CCN1CCCC1)CCCCCC,JW_2024,JW_2024,0
-5.291192,-0.377260563,CCCCCC/C=C\CCC(=O)OC(C/C=C\CCCCCCCCOC(=O)CCN(CCC(=O)OCCCCCCCC/C=C\CC(CCCCCC)OC(=O)CC/C=C\CCCCCC)CCN1CCCC1)CCCCCC,JW_2024,JW_2024,0
-5.3713145,0.171426779,CCCCCC/C=C\CCC(=O)OC(C/C=C\CCCCCCCCOC(=O)CCN(CCC(=O)OCCCCCCCC/C=C\CC(CCCCCC)OC(=O)CC/C=C\CCCCCC)CCN1CCCC1)CCCCCC,JW_2024,JW_2024,1
-6.52947,0.792073118,CCCCCC/C=C\CCC(=O)OC(C/C=C\CCCCCCCCOC(=O)CCN(CCC(=O)OCCCCCCCC/C=C\CC(CCCCCC)OC(=O)CC/C=C\CCCCCC)CCN1CCCC1)CCCCCC,JW_2024,JW_2024,1
-5.0573874,1.583622071,CCCCCC/C=C\CCC(=O)OC(C/C=C\CCCCCCCCOC(=O)CCN(CCC(=O)OCCCCCCCC/C=C\CC(CCCCCC)OC(=O)CC/C=C\CCCCCC)CCN1CCCC1)CCCCCC,JW_2024,JW_2024,2
-5.939684,0.306349896,CCCCCC/C=C\CCC(=O)OC(C/C=C\CCCCCCCCOC(=O)CCN(CCC(=O)OCCCCCCCC/C=C\CC(CCCCCC)OC(=O)CC/C=C\CCCCCC)CCN1CCCC1)CCCCCC,JW_2024,JW_2024,1
-5.331908,0.810062867,CCCCCC/C=C\CCC(=O)OC(C/C=C\CCCCCCCCOC(=O)CCN(CCC(=O)OCCCCCCCC/C=C\CC(CCCCCC)OC(=O)CC/C=C\CCCCCC)CCN1CCCC1)CCCCCC,JW_2024,JW_2024,1
-5.5808754,0.612175628,CCCCCC/C=C\CCC(=O)OC(C/C=C\CCCCCCCCOC(=O)CCN(CCC(=O)OCCCCCCCC/C=C\CC(CCCCCC)OC(=O)CC/C=C\CCCCCC)CCN1CCCC1)CCCCCC,JW_2024,JW_2024,1
-6.411527,1.160862971,CCCCCC/C=C\CCC(=O)OC(C/C=C\CCCCCCCCOC(=O)CCN(CCC(=O)OCCCCCCCC/C=C\CC(CCCCCC)OC(=O)CC/C=C\CCCCCC)CCN1CCCC1)CCCCCC,JW_2024,JW_2024,1
-5.4275136,0.57619613,CCCCCCCCCCCC(=O)OC(C/C=C\CCCCCCCCOC(=O)CCN(CCC(=O)OCCCCCCCC/C=C\CC(CCCCCC)OC(=O)CCCCCCCCCCC)CCN1CCCC1)CCCCCC,JW_2024,JW_2024,1
-4.483621,0.91800136,CCCCCCCCCCCC(=O)OC(C/C=C\CCCCCCCCOC(=O)CCN(CCC(=O)OCCCCCCCC/C=C\CC(CCCCCC)OC(=O)CCCCCCCCCCC)CCN1CCCC1)CCCCCC,JW_2024,JW_2024,1
-6.2157373,1.583622071,CCCCCCCCCCCC(=O)OC(C/C=C\CCCCCCCCOC(=O)CCN(CCC(=O)OCCCCCCCC/C=C\CC(CCCCCC)OC(=O)CCCCCCCCCCC)CCN1CCCC1)CCCCCC,JW_2024,JW_2024,2
-5.3220325,-0.044450208,CCCCCCCCCCCC(=O)OC(C/C=C\CCCCCCCCOC(=O)CCN(CCC(=O)OCCCCCCCC/C=C\CC(CCCCCC)OC(=O)CCCCCCCCCCC)CCN1CCCC1)CCCCCC,JW_2024,JW_2024,0
-5.5954595,0.288360147,CCCCCCCCCCCC(=O)OC(C/C=C\CCCCCCCCOC(=O)CCN(CCC(=O)OCCCCCCCC/C=C\CC(CCCCCC)OC(=O)CCCCCCCCCCC)CCN1CCCC1)CCCCCC,JW_2024,JW_2024,1
-5.211208,-0.080429706,CCCCCCCCCCCC(=O)OC(C/C=C\CCCCCCCCOC(=O)CCN(CCC(=O)OCCCCCCCC/C=C\CC(CCCCCC)OC(=O)CCCCCCCCCCC)CCN1CCCC1)CCCCCC,JW_2024,JW_2024,0
-6.7424664,1.088903975,CCCCCCCCCCCC(=O)OC(C/C=C\CCCCCCCCOC(=O)CCN(CCC(=O)OCCCCCCCC/C=C\CC(CCCCCC)OC(=O)CCCCCCCCCCC)CCN1CCCC1)CCCCCC,JW_2024,JW_2024,1
-4.8763995,-0.782029914,CCCCCCCCCCCC(=O)OC(C/C=C\CCCCCCCCOC(=O)CCN(CCC(=O)OCCCCCCCC/C=C\CC(CCCCCC)OC(=O)CCCCCCCCCCC)CCN1CCCC1)CCCCCC,JW_2024,JW_2024,0
-4.6409407,1.430709205,CCCCCCCCCCCC(=O)OC(C/C=C\CCCCCCCCOC(=O)CCN(CCC(=O)OCCCCCCCC/C=C\CC(CCCCCC)OC(=O)CCCCCCCCCCC)CCN1CCCC1)CCCCCC,JW_2024,JW_2024,2
-4.780839,1.016944979,CCCCCCCCCCCC(=O)OC(C/C=C\CCCCCCCCOC(=O)CCN(CCC(=O)OCCCCCCCC/C=C\CC(CCCCCC)OC(=O)CCCCCCCCCCC)CCN1CCCC1)CCCCCC,JW_2024,JW_2024,1
-5.4739866,1.727540062,CCCCCCCCCCCC(=O)OC(C/C=C\CCCCCCCCOC(=O)CCN(CCC(=O)OCCCCCCCC/C=C\CC(CCCCCC)OC(=O)CCCCCCCCCCC)CCN1CCCC1)CCCCCC,JW_2024,JW_2024,2
-4.387717,0.135447281,CCCCCCCCCCCC(=O)OC(C/C=C\CCCCCCCCOC(=O)CCN(CCC(=O)OCCCCCCCC/C=C\CC(CCCCCC)OC(=O)CCCCCCCCCCC)CCN1CCCC1)CCCCCC,JW_2024,JW_2024,1
-4.854097,0.423283264,CCCCCCCCCCCC(=O)OC(C/C=C\CCCCCCCCOC(=O)CCN(CCC(=O)OCCCCCCCC/C=C\CC(CCCCCC)OC(=O)CCCCCCCCCCC)CCN1CCCC1)CCCCCC,JW_2024,JW_2024,1
-5.8301806,0.828052616,CCCCCCCCCCCC(=O)OC(C/C=C\CCCCCCCCOC(=O)CCN(CCC(=O)OCCCCCCCC/C=C\CC(CCCCCC)OC(=O)CCCCCCCCCCC)CCN1CCCC1)CCCCCC,JW_2024,JW_2024,1
-5.6272635,1.079909101,CCCCCCCCCCCC(=O)OC(C/C=C\CCCCCCCCOC(=O)CCN(CCC(=O)OCCCCCCCC/C=C\CC(CCCCCC)OC(=O)CCCCCCCCCCC)CCN1CCCC1)CCCCCC,JW_2024,JW_2024,1
-5.5064883,0.018513913,CCCCCCCCCCCC(=O)OC(C/C=C\CCCCCCCCOC(=O)CCN(CCC(=O)OCCCCCCCC/C=C\CC(CCCCCC)OC(=O)CCCCCCCCCCC)CCN1CCCC1)CCCCCC,JW_2024,JW_2024,0
-4.907377,0.234390901,CCCCCCCCCCCC(=O)OC(C/C=C\CCCCCCCCOC(=O)CCN(CCC(=O)OCCCCCCCC/C=C\CC(CCCCCC)OC(=O)CCCCCCCCCCC)CCN1CCCC1)CCCCCC,JW_2024,JW_2024,1
-5.4847045,1.115888599,CCCCCCCCCCCC(=O)OC(C/C=C\CCCCCCCCOC(=O)CCN(CCC(=O)OCCCCCCCC/C=C\CC(CCCCCC)OC(=O)CCCCCCCCCCC)CCN1CCCC1)CCCCCC,JW_2024,JW_2024,1
-6.4320674,1.52065795,CCCCCCCCCCCC(=O)OC(C/C=C\CCCCCCCCOC(=O)CCN(CCC(=O)OCCCCCCCC/C=C\CC(CCCCCC)OC(=O)CCCCCCCCCCC)CCN1CCCC1)CCCCCC,JW_2024,JW_2024,2
-5.4146957,1.889447803,CCCCCCCCCCCC(=O)OC(C/C=C\CCCCCCCCOC(=O)CCN(CCC(=O)OCCCCCCCC/C=C\CC(CCCCCC)OC(=O)CCCCCCCCCCC)CCN1CCCC1)CCCCCC,JW_2024,JW_2024,2
-6.082181,0.477252511,CCCCCCCCCCCC(=O)OC(C/C=C\CCCCCCCCOC(=O)CCN(CCC(=O)OCCCCCCCC/C=C\CC(CCCCCC)OC(=O)CCCCCCCCCCC)CCN1CCCC1)CCCCCC,JW_2024,JW_2024,1
-5.672913,1.556637448,CCCCCCCCCCCC(=O)OC(C/C=C\CCCCCCCCOC(=O)CCN(CCC(=O)OCCCCCCCC/C=C\CC(CCCCCC)OC(=O)CCCCCCCCCCC)CCN1CCCC1)CCCCCC,JW_2024,JW_2024,2
-5.750034,-0.907958157,CCCCCCCCCCCC(=O)OC(C/C=C\CCCCCCCCOC(=O)CCN(CCC(=O)OCCCCCCCC/C=C\CC(CCCCCC)OC(=O)CCCCCCCCCCC)CCN1CCCC1)CCCCCC,JW_2024,JW_2024,0
-6.802458,1.457693828,CCCCCCCCCCCC(=O)OC(C/C=C\CCCCCCCCOC(=O)CCN(CCC(=O)OCCCCCCCC/C=C\CC(CCCCCC)OC(=O)CCCCCCCCCCC)CCN1CCCC1)CCCCCC,JW_2024,JW_2024,2
-6.4450536,0.369314018,CCCCCCCCCCCCCCCCCC(=O)OC(C/C=C\CCCCCCCCOC(=O)CCN(CCC(=O)OCCCCCCCC/C=C\CC(CCCCCC)OC(=O)CCCCCCCCCCCCCCCCC)CCN1CCCC1)CCCCCC,JW_2024,JW_2024,1
-5.8298793,0.351324269,CCCCCCCCCCCCCCCCCC(=O)OC(C/C=C\CCCCCCCCOC(=O)CCN(CCC(=O)OCCCCCCCC/C=C\CC(CCCCCC)OC(=O)CCCCCCCCCCCCCCCCC)CCN1CCCC1)CCCCCC,JW_2024,JW_2024,1
-6.3098564,0.144442156,CCCCCCCCCCCCCCCCCC(=O)OC(C/C=C\CCCCCCCCOC(=O)CCN(CCC(=O)OCCCCCCCC/C=C\CC(CCCCCC)OC(=O)CCCCCCCCCCCCCCCCC)CCN1CCCC1)CCCCCC,JW_2024,JW_2024,1
-6.6464753,-0.215352823,CCCCCCCCCCCCCCCCCC(=O)OC(C/C=C\CCCCCCCCOC(=O)CCN(CCC(=O)OCCCCCCCC/C=C\CC(CCCCCC)OC(=O)CCCCCCCCCCCCCCCCC)CCN1CCCC1)CCCCCC,JW_2024,JW_2024,0
-6.6490345,-0.116409204,CCCCCCCCCCCCCCCCCC(=O)OC(C/C=C\CCCCCCCCOC(=O)CCN(CCC(=O)OCCCCCCCC/C=C\CC(CCCCCC)OC(=O)CCCCCCCCCCCCCCCCC)CCN1CCCC1)CCCCCC,JW_2024,JW_2024,0
-6.1856785,-0.00847071,CCCCCCCCCCCCCCCCCC(=O)OC(C/C=C\CCCCCCCCOC(=O)CCN(CCC(=O)OCCCCCCCC/C=C\CC(CCCCCC)OC(=O)CCCCCCCCCCCCCCCCC)CCN1CCCC1)CCCCCC,JW_2024,JW_2024,0
-6.9192357,0.018513913,CCCCCCCCCCCCCCCCCC(=O)OC(C/C=C\CCCCCCCCOC(=O)CCN(CCC(=O)OCCCCCCCC/C=C\CC(CCCCCC)OC(=O)CCCCCCCCCCCCCCCCC)CCN1CCCC1)CCCCCC,JW_2024,JW_2024,0
-6.2273493,-0.566152927,CCCCCCCCCCCCCCCCCC(=O)OC(C/C=C\CCCCCCCCOC(=O)CCN(CCC(=O)OCCCCCCCC/C=C\CC(CCCCCC)OC(=O)CCCCCCCCCCCCCCCCC)CCN1CCCC1)CCCCCC,JW_2024,JW_2024,0
-5.8346915,1.502668201,CCCCCCCCCCCCCCCCCC(=O)OC(C/C=C\CCCCCCCCOC(=O)CCN(CCC(=O)OCCCCCCCC/C=C\CC(CCCCCC)OC(=O)CCCCCCCCCCCCCCCCC)CCN1CCCC1)CCCCCC,JW_2024,JW_2024,2
-6.236893,0.603180754,CCCCCCCCCCCCCCCCCC(=O)OC(C/C=C\CCCCCCCCOC(=O)CCN(CCC(=O)OCCCCCCCC/C=C\CC(CCCCCC)OC(=O)CCCCCCCCCCCCCCCCC)CCN1CCCC1)CCCCCC,JW_2024,JW_2024,1
-6.1934896,1.09789885,CCCCCCCCCCCCCCCCCC(=O)OC(C/C=C\CCCCCCCCOC(=O)CCN(CCC(=O)OCCCCCCCC/C=C\CC(CCCCCC)OC(=O)CCCCCCCCCCCCCCCCC)CCN1CCCC1)CCCCCC,JW_2024,JW_2024,1
-5.7135653,-0.125404078,CCCCCCCCCCCCCCCCCC(=O)OC(C/C=C\CCCCCCCCOC(=O)CCN(CCC(=O)OCCCCCCCC/C=C\CC(CCCCCC)OC(=O)CCCCCCCCCCCCCCCCC)CCN1CCCC1)CCCCCC,JW_2024,JW_2024,0
-6.199728,-0.386255438,CCCCCCCCCCCCCCCCCC(=O)OC(C/C=C\CCCCCCCCOC(=O)CCN(CCC(=O)OCCCCCCCC/C=C\CC(CCCCCC)OC(=O)CCCCCCCCCCCCCCCCC)CCN1CCCC1)CCCCCC,JW_2024,JW_2024,0
-7.2172847,0.855037239,CCCCCCCCCCCCCCCCCC(=O)OC(C/C=C\CCCCCCCCOC(=O)CCN(CCC(=O)OCCCCCCCC/C=C\CC(CCCCCC)OC(=O)CCCCCCCCCCCCCCCCC)CCN1CCCC1)CCCCCC,JW_2024,JW_2024,1
-6.708429,1.60161182,CCCCCCCCCCCCCCCCCC(=O)OC(C/C=C\CCCCCCCCOC(=O)CCN(CCC(=O)OCCCCCCCC/C=C\CC(CCCCCC)OC(=O)CCCCCCCCCCCCCCCCC)CCN1CCCC1)CCCCCC,JW_2024,JW_2024,2
-6.410084,0.108462658,CCCCCCCCCCCCCCCCCC(=O)OC(C/C=C\CCCCCCCCOC(=O)CCN(CCC(=O)OCCCCCCCC/C=C\CC(CCCCCC)OC(=O)CCCCCCCCCCCCCCCCC)CCN1CCCC1)CCCCCC,JW_2024,JW_2024,1
-6.3959646,0.189416528,CCCCCCCCCCCCCCCCCC(=O)OC(C/C=C\CCCCCCCCOC(=O)CCN(CCC(=O)OCCCCCCCC/C=C\CC(CCCCCC)OC(=O)CCCCCCCCCCCCCCCCC)CCN1CCCC1)CCCCCC,JW_2024,JW_2024,1
-6.570739,1.169857845,CCCCCCCCCCCCCCCCCC(=O)OC(C/C=C\CCCCCCCCOC(=O)CCN(CCC(=O)OCCCCCCCC/C=C\CC(CCCCCC)OC(=O)CCCCCCCCCCCCCCCCC)CCN1CCCC1)CCCCCC,JW_2024,JW_2024,1
-7.26116,0.864032113,CCCCCCCCCCCCCCCCCC(=O)OC(C/C=C\CCCCCCCCOC(=O)CCN(CCC(=O)OCCCCCCCC/C=C\CC(CCCCCC)OC(=O)CCCCCCCCCCCCCCCCC)CCN1CCCC1)CCCCCC,JW_2024,JW_2024,1
-6.3112698,1.853468305,CCCCCCCCCCCCCCCCCC(=O)OC(C/C=C\CCCCCCCCOC(=O)CCN(CCC(=O)OCCCCCCCC/C=C\CC(CCCCCC)OC(=O)CCCCCCCCCCCCCCCCC)CCN1CCCC1)CCCCCC,JW_2024,JW_2024,2
-6.7985654,0.75609362,CCCCCCCCCCCCCCCCCC(=O)OC(C/C=C\CCCCCCCCOC(=O)CCN(CCC(=O)OCCCCCCCC/C=C\CC(CCCCCC)OC(=O)CCCCCCCCCCCCCCCCC)CCN1CCCC1)CCCCCC,JW_2024,JW_2024,1
-6.1853395,1.655581067,CCCCCCCCCCCCCCCCCC(=O)OC(C/C=C\CCCCCCCCOC(=O)CCN(CCC(=O)OCCCCCCCC/C=C\CC(CCCCCC)OC(=O)CCCCCCCCCCCCCCCCC)CCN1CCCC1)CCCCCC,JW_2024,JW_2024,2
-7.010631,1.232821967,CCCCCCCCCCCCCCCCCC(=O)OC(C/C=C\CCCCCCCCOC(=O)CCN(CCC(=O)OCCCCCCCC/C=C\CC(CCCCCC)OC(=O)CCCCCCCCCCCCCCCCC)CCN1CCCC1)CCCCCC,JW_2024,JW_2024,1
-7.843883,0.864032113,CCCCCCCCCCCCCCCCCC(=O)OC(C/C=C\CCCCCCCCOC(=O)CCN(CCC(=O)OCCCCCCCC/C=C\CC(CCCCCC)OC(=O)CCCCCCCCCCCCCCCCC)CCN1CCCC1)CCCCCC,JW_2024,JW_2024,1
-2.18705,-0.080429706,CCCCCCCCC(CCCCCC)C(=O)OC(C/C=C\CCCCCCCCOC(=O)CCN(CCCN(CC)CC)CCC(=O)OCCCCCCCC/C=C\CC(CCCCCC)OC(=O)C(CCCCCC)CCCCCCCC)CCCCCC,JW_2024,JW_2024,0
-2.0023537,0.423283264,CCCCCCCCC(CCCCCC)C(=O)OC(C/C=C\CCCCCCCCOC(=O)CCN(CCCN(CC)CC)CCC(=O)OCCCCCCCC/C=C\CC(CCCCCC)OC(=O)C(CCCCCC)CCCCCCCC)CCCCCC,JW_2024,JW_2024,1
-2.7694492,0.846042365,CCCCCCCCC(CCCCCC)C(=O)OC(C/C=C\CCCCCCCCOC(=O)CCN(CCCN(CC)CC)CCC(=O)OCCCCCCCC/C=C\CC(CCCCCC)OC(=O)C(CCCCCC)CCCCCCCC)CCCCCC,JW_2024,JW_2024,1
-2.6968474,0.018513913,CCCCCCCCC(CCCCCC)C(=O)OC(C/C=C\CCCCCCCCOC(=O)CCN(CCCN(CC)CC)CCC(=O)OCCCCCCCC/C=C\CC(CCCCCC)OC(=O)C(CCCCCC)CCCCCCCC)CCCCCC,JW_2024,JW_2024,0
-2.6873293,-0.026460459,CCCCCCCCC(CCCCCC)C(=O)OC(C/C=C\CCCCCCCCOC(=O)CCN(CCCN(CC)CC)CCC(=O)OCCCCCCCC/C=C\CC(CCCCCC)OC(=O)C(CCCCCC)CCCCCCCC)CCCCCC,JW_2024,JW_2024,0
-3.1743615,-0.152388702,CCCCCCCCC(CCCCCC)C(=O)OC(C/C=C\CCCCCCCCOC(=O)CCN(CCCN(CC)CC)CCC(=O)OCCCCCCCC/C=C\CC(CCCCCC)OC(=O)C(CCCCCC)CCCCCCCC)CCCCCC,JW_2024,JW_2024,0
-3.3167026,0.081478035,CCCCCCCCC(CCCCCC)C(=O)OC(C/C=C\CCCCCCCCOC(=O)CCN(CCCN(CC)CC)CCC(=O)OCCCCCCCC/C=C\CC(CCCCCC)OC(=O)C(CCCCCC)CCCCCCCC)CCCCCC,JW_2024,JW_2024,1
-3.2119691,-0.647106797,CCCCCCCCC(CCCCCC)C(=O)OC(C/C=C\CCCCCCCCOC(=O)CCN(CCCN(CC)CC)CCC(=O)OCCCCCCCC/C=C\CC(CCCCCC)OC(=O)C(CCCCCC)CCCCCCCC)CCCCCC,JW_2024,JW_2024,0
-2.4534643,1.574627196,CCCCCCCCC(CCCCCC)C(=O)OC(C/C=C\CCCCCCCCOC(=O)CCN(CCCN(CC)CC)CCC(=O)OCCCCCCCC/C=C\CC(CCCCCC)OC(=O)C(CCCCCC)CCCCCCCC)CCCCCC,JW_2024,JW_2024,2
-3.15893,0.684134624,CCCCCCCCC(CCCCCC)C(=O)OC(C/C=C\CCCCCCCCOC(=O)CCN(CCCN(CC)CC)CCC(=O)OCCCCCCCC/C=C\CC(CCCCCC)OC(=O)C(CCCCCC)CCCCCCCC)CCCCCC,JW_2024,JW_2024,1
-2.8076427,1.187847594,CCCCCCCCC(CCCCCC)C(=O)OC(C/C=C\CCCCCCCCOC(=O)CCN(CCCN(CC)CC)CCC(=O)OCCCCCCCC/C=C\CC(CCCCCC)OC(=O)C(CCCCCC)CCCCCCCC)CCCCCC,JW_2024,JW_2024,1
-2.6267974,-0.035455333,CCCCCCCCC(CCCCCC)C(=O)OC(C/C=C\CCCCCCCCOC(=O)CCN(CCCN(CC)CC)CCC(=O)OCCCCCCCC/C=C\CC(CCCCCC)OC(=O)C(CCCCCC)CCCCCCCC)CCCCCC,JW_2024,JW_2024,0
-2.9946685,-0.530173429,CCCCCCCCC(CCCCCC)C(=O)OC(C/C=C\CCCCCCCCOC(=O)CCN(CCCN(CC)CC)CCC(=O)OCCCCCCCC/C=C\CC(CCCCCC)OC(=O)C(CCCCCC)CCCCCCCC)CCCCCC,JW_2024,JW_2024,0
-3.602867,0.540216633,CCCCCCCCC(CCCCCC)C(=O)OC(C/C=C\CCCCCCCCOC(=O)CCN(CCCN(CC)CC)CCC(=O)OCCCCCCCC/C=C\CC(CCCCCC)OC(=O)C(CCCCCC)CCCCCCCC)CCCCCC,JW_2024,JW_2024,1
-2.7727227,0.432278139,CCCCCCCCC(CCCCCC)C(=O)OC(C/C=C\CCCCCCCCOC(=O)CCN(CCCN(CC)CC)CCC(=O)OCCCCCCCC/C=C\CC(CCCCCC)OC(=O)C(CCCCCC)CCCCCCCC)CCCCCC,JW_2024,JW_2024,1
-2.8256953,-0.602132425,CCCCCCCCC(CCCCCC)C(=O)OC(C/C=C\CCCCCCCCOC(=O)CCN(CCCN(CC)CC)CCC(=O)OCCCCCCCC/C=C\CC(CCCCCC)OC(=O)C(CCCCCC)CCCCCCCC)CCCCCC,JW_2024,JW_2024,0
-3.3292346,0.369314018,CCCCCCCCC(CCCCCC)C(=O)OC(C/C=C\CCCCCCCCOC(=O)CCN(CCCN(CC)CC)CCC(=O)OCCCCCCCC/C=C\CC(CCCCCC)OC(=O)C(CCCCCC)CCCCCCCC)CCCCCC,JW_2024,JW_2024,1
-2.7501993,0.819057741,CCCCCCCCC(CCCCCC)C(=O)OC(C/C=C\CCCCCCCCOC(=O)CCN(CCCN(CC)CC)CCC(=O)OCCCCCCCC/C=C\CC(CCCCCC)OC(=O)C(CCCCCC)CCCCCCCC)CCCCCC,JW_2024,JW_2024,1
-4.146405,0.783078243,CCCCCCCCC(CCCCCC)C(=O)OC(C/C=C\CCCCCCCCOC(=O)CCN(CCCN(CC)CC)CCC(=O)OCCCCCCCC/C=C\CC(CCCCCC)OC(=O)C(CCCCCC)CCCCCCCC)CCCCCC,JW_2024,JW_2024,1
-2.305875,1.538647699,CCCCCCCCC(CCCCCC)C(=O)OC(C/C=C\CCCCCCCCOC(=O)CCN(CCCN(CC)CC)CCC(=O)OCCCCCCCC/C=C\CC(CCCCCC)OC(=O)C(CCCCCC)CCCCCCCC)CCCCCC,JW_2024,JW_2024,2
-3.2419987,0.648155126,CCCCCCCCC(CCCCCC)C(=O)OC(C/C=C\CCCCCCCCOC(=O)CCN(CCCN(CC)CC)CCC(=O)OCCCCCCCC/C=C\CC(CCCCCC)OC(=O)C(CCCCCC)CCCCCCCC)CCCCCC,JW_2024,JW_2024,1
-2.4774585,0.819057741,CCCCCCCCC(CCCCCC)C(=O)OC(C/C=C\CCCCCCCCOC(=O)CCN(CCCN(CC)CC)CCC(=O)OCCCCCCCC/C=C\CC(CCCCCC)OC(=O)C(CCCCCC)CCCCCCCC)CCCCCC,JW_2024,JW_2024,1
-2.6605182,0.180421654,CCCCCCCCC(CCCCCC)C(=O)OC(C/C=C\CCCCCCCCOC(=O)CCN(CCCN(CC)CC)CCC(=O)OCCCCCCCC/C=C\CC(CCCCCC)OC(=O)C(CCCCCC)CCCCCCCC)CCCCCC,JW_2024,JW_2024,1
-3.5386376,0.558206382,CCCCCCCCC(CCCCCC)C(=O)OC(C/C=C\CCCCCCCCOC(=O)CCN(CCCN(CC)CC)CCC(=O)OCCCCCCCC/C=C\CC(CCCCCC)OC(=O)C(CCCCCC)CCCCCCCC)CCCCCC,JW_2024,JW_2024,1
-2.9430416,0.108462658,CCCCCCC(C/C=C\CCCCCCCCOC(=O)CCN(CCCN(CC)CC)CCC(=O)OCCCCCCCC/C=C\CC(CCCCCC)OC(=O)C(CCCC)CCCCCC)OC(=O)C(CCCC)CCCCCC,JW_2024,JW_2024,1
-2.9613962,-0.161383576,CCCCCCC(C/C=C\CCCCCCCCOC(=O)CCN(CCCN(CC)CC)CCC(=O)OCCCCCCCC/C=C\CC(CCCCCC)OC(=O)C(CCCC)CCCCCC)OC(=O)C(CCCC)CCCCCC,JW_2024,JW_2024,0
-4.9575176,1.061919352,CCCCCCC(C/C=C\CCCCCCCCOC(=O)CCN(CCCN(CC)CC)CCC(=O)OCCCCCCCC/C=C\CC(CCCCCC)OC(=O)C(CCCC)CCCCCC)OC(=O)C(CCCC)CCCCCC,JW_2024,JW_2024,1
-3.045753,-0.404245187,CCCCCCC(C/C=C\CCCCCCCCOC(=O)CCN(CCCN(CC)CC)CCC(=O)OCCCCCCCC/C=C\CC(CCCCCC)OC(=O)C(CCCC)CCCCCC)OC(=O)C(CCCC)CCCCCC,JW_2024,JW_2024,0
-3.2826343,0.279365273,CCCCCCC(C/C=C\CCCCCCCCOC(=O)CCN(CCCN(CC)CC)CCC(=O)OCCCCCCCC/C=C\CC(CCCCCC)OC(=O)C(CCCC)CCCCCC)OC(=O)C(CCCC)CCCCCC,JW_2024,JW_2024,1
-4.228034,-0.647106797,CCCCCCC(C/C=C\CCCCCCCCOC(=O)CCN(CCCN(CC)CC)CCC(=O)OCCCCCCCC/C=C\CC(CCCCCC)OC(=O)C(CCCC)CCCCCC)OC(=O)C(CCCC)CCCCCC,JW_2024,JW_2024,0
-4.5276694,1.169857845,CCCCCCC(C/C=C\CCCCCCCCOC(=O)CCN(CCCN(CC)CC)CCC(=O)OCCCCCCCC/C=C\CC(CCCCCC)OC(=O)C(CCCC)CCCCCC)OC(=O)C(CCCC)CCCCCC,JW_2024,JW_2024,1
-3.7882295,0.234390901,CCCCCCC(C/C=C\CCCCCCCCOC(=O)CCN(CCCN(CC)CC)CCC(=O)OCCCCCCCC/C=C\CC(CCCCCC)OC(=O)C(CCCC)CCCCCC)OC(=O)C(CCCC)CCCCCC,JW_2024,JW_2024,1
-3.1232526,1.439704079,CCCCCCC(C/C=C\CCCCCCCCOC(=O)CCN(CCCN(CC)CC)CCC(=O)OCCCCCCCC/C=C\CC(CCCCCC)OC(=O)C(CCCC)CCCCCC)OC(=O)C(CCCC)CCCCCC,JW_2024,JW_2024,2
-3.708891,0.018513913,CCCCCCC(C/C=C\CCCCCCCCOC(=O)CCN(CCCN(CC)CC)CCC(=O)OCCCCCCCC/C=C\CC(CCCCCC)OC(=O)C(CCCC)CCCCCC)OC(=O)C(CCCC)CCCCCC,JW_2024,JW_2024,0
-4.289203,1.511663075,CCCCCCC(C/C=C\CCCCCCCCOC(=O)CCN(CCCN(CC)CC)CCC(=O)OCCCCCCCC/C=C\CC(CCCCCC)OC(=O)C(CCCC)CCCCCC)OC(=O)C(CCCC)CCCCCC,JW_2024,JW_2024,2
-3.0801926,0.693129499,CCCCCCC(C/C=C\CCCCCCCCOC(=O)CCN(CCCN(CC)CC)CCC(=O)OCCCCCCCC/C=C\CC(CCCCCC)OC(=O)C(CCCC)CCCCCC)OC(=O)C(CCCC)CCCCCC,JW_2024,JW_2024,1
-3.6453755,0.027508788,CCCCCCC(C/C=C\CCCCCCCCOC(=O)CCN(CCCN(CC)CC)CCC(=O)OCCCCCCCC/C=C\CC(CCCCCC)OC(=O)C(CCCC)CCCCCC)OC(=O)C(CCCC)CCCCCC,JW_2024,JW_2024,0
-4.789619,0.162431905,CCCCCCC(C/C=C\CCCCCCCCOC(=O)CCN(CCCN(CC)CC)CCC(=O)OCCCCCCCC/C=C\CC(CCCCCC)OC(=O)C(CCCC)CCCCCC)OC(=O)C(CCCC)CCCCCC,JW_2024,JW_2024,1
-3.2235563,0.944985984,CCCCCCC(C/C=C\CCCCCCCCOC(=O)CCN(CCCN(CC)CC)CCC(=O)OCCCCCCCC/C=C\CC(CCCCCC)OC(=O)C(CCCC)CCCCCC)OC(=O)C(CCCC)CCCCCC,JW_2024,JW_2024,1
-3.1833842,0.243385775,CCCCCCC(C/C=C\CCCCCCCCOC(=O)CCN(CCCN(CC)CC)CCC(=O)OCCCCCCCC/C=C\CC(CCCCCC)OC(=O)C(CCCC)CCCCCC)OC(=O)C(CCCC)CCCCCC,JW_2024,JW_2024,1
-3.9313495,0.135447281,CCCCCCC(C/C=C\CCCCCCCCOC(=O)CCN(CCCN(CC)CC)CCC(=O)OCCCCCCCC/C=C\CC(CCCCCC)OC(=O)C(CCCC)CCCCCC)OC(=O)C(CCCC)CCCCCC,JW_2024,JW_2024,1
-3.173924,1.079909101,CCCCCCC(C/C=C\CCCCCCCCOC(=O)CCN(CCCN(CC)CC)CCC(=O)OCCCCCCCC/C=C\CC(CCCCCC)OC(=O)C(CCCC)CCCCCC)OC(=O)C(CCCC)CCCCCC,JW_2024,JW_2024,1
-5.106083,1.403724582,CCCCCCC(C/C=C\CCCCCCCCOC(=O)CCN(CCCN(CC)CC)CCC(=O)OCCCCCCCC/C=C\CC(CCCCCC)OC(=O)C(CCCC)CCCCCC)OC(=O)C(CCCC)CCCCCC,JW_2024,JW_2024,2
-3.664112,1.880452928,CCCCCCC(C/C=C\CCCCCCCCOC(=O)CCN(CCCN(CC)CC)CCC(=O)OCCCCCCCC/C=C\CC(CCCCCC)OC(=O)C(CCCC)CCCCCC)OC(=O)C(CCCC)CCCCCC,JW_2024,JW_2024,2
-3.9200993,0.486247386,CCCCCCC(C/C=C\CCCCCCCCOC(=O)CCN(CCCN(CC)CC)CCC(=O)OCCCCCCCC/C=C\CC(CCCCCC)OC(=O)C(CCCC)CCCCCC)OC(=O)C(CCCC)CCCCCC,JW_2024,JW_2024,1
-3.326426,1.385734833,CCCCCCC(C/C=C\CCCCCCCCOC(=O)CCN(CCCN(CC)CC)CCC(=O)OCCCCCCCC/C=C\CC(CCCCCC)OC(=O)C(CCCC)CCCCCC)OC(=O)C(CCCC)CCCCCC,JW_2024,JW_2024,2
-3.1153574,0.33333452,CCCCCCC(C/C=C\CCCCCCCCOC(=O)CCN(CCCN(CC)CC)CCC(=O)OCCCCCCCC/C=C\CC(CCCCCC)OC(=O)C(CCCC)CCCCCC)OC(=O)C(CCCC)CCCCCC,JW_2024,JW_2024,1
-4.182147,1.124883473,CCCCCCC(C/C=C\CCCCCCCCOC(=O)CCN(CCCN(CC)CC)CCC(=O)OCCCCCCCC/C=C\CC(CCCCCC)OC(=O)C(CCCC)CCCCCC)OC(=O)C(CCCC)CCCCCC,JW_2024,JW_2024,1
-2.7772455,0.099467784,CCCCCCC(C/C=C\CCCCCCCCOC(=O)CCN(CCCN(CC)CC)CCC(=O)OCCCCCCCC/C=C\CC(CCCCCC)OC(=O)CCCC1CCCCC1)OC(=O)CCCC1CCCCC1,JW_2024,JW_2024,1
-3.0687764,0.33333452,CCCCCCC(C/C=C\CCCCCCCCOC(=O)CCN(CCCN(CC)CC)CCC(=O)OCCCCCCCC/C=C\CC(CCCCCC)OC(=O)CCCC1CCCCC1)OC(=O)CCCC1CCCCC1,JW_2024,JW_2024,1
-4.921064,0.054493411,CCCCCCC(C/C=C\CCCCCCCCOC(=O)CCN(CCCN(CC)CC)CCC(=O)OCCCCCCCC/C=C\CC(CCCCCC)OC(=O)CCCC1CCCCC1)OC(=O)CCCC1CCCCC1,JW_2024,JW_2024,1
-2.6917293,-0.800019663,CCCCCCC(C/C=C\CCCCCCCCOC(=O)CCN(CCCN(CC)CC)CCC(=O)OCCCCCCCC/C=C\CC(CCCCCC)OC(=O)CCCC1CCCCC1)OC(=O)CCCC1CCCCC1,JW_2024,JW_2024,0
-3.0920644,0.063488286,CCCCCCC(C/C=C\CCCCCCCCOC(=O)CCN(CCCN(CC)CC)CCC(=O)OCCCCCCCC/C=C\CC(CCCCCC)OC(=O)CCCC1CCCCC1)OC(=O)CCCC1CCCCC1,JW_2024,JW_2024,1
-4.5945597,0.126452407,CCCCCCC(C/C=C\CCCCCCCCOC(=O)CCN(CCCN(CC)CC)CCC(=O)OCCCCCCCC/C=C\CC(CCCCCC)OC(=O)CCCC1CCCCC1)OC(=O)CCCC1CCCCC1,JW_2024,JW_2024,1
-4.41788,1.286791213,CCCCCCC(C/C=C\CCCCCCCCOC(=O)CCN(CCCN(CC)CC)CCC(=O)OCCCCCCCC/C=C\CC(CCCCCC)OC(=O)CCCC1CCCCC1)OC(=O)CCCC1CCCCC1,JW_2024,JW_2024,1
-3.3918786,-0.764040165,CCCCCCC(C/C=C\CCCCCCCCOC(=O)CCN(CCCN(CC)CC)CCC(=O)OCCCCCCCC/C=C\CC(CCCCCC)OC(=O)CCCC1CCCCC1)OC(=O)CCCC1CCCCC1,JW_2024,JW_2024,0
-2.9547925,1.385734833,CCCCCCC(C/C=C\CCCCCCCCOC(=O)CCN(CCCN(CC)CC)CCC(=O)OCCCCCCCC/C=C\CC(CCCCCC)OC(=O)CCCC1CCCCC1)OC(=O)CCCC1CCCCC1,JW_2024,JW_2024,2
-3.452195,0.594185879,CCCCCCC(C/C=C\CCCCCCCCOC(=O)CCN(CCCN(CC)CC)CCC(=O)OCCCCCCCC/C=C\CC(CCCCCC)OC(=O)CCCC1CCCCC1)OC(=O)CCCC1CCCCC1,JW_2024,JW_2024,1
-4.8594756,1.592616945,CCCCCCC(C/C=C\CCCCCCCCOC(=O)CCN(CCCN(CC)CC)CCC(=O)OCCCCCCCC/C=C\CC(CCCCCC)OC(=O)CCCC1CCCCC1)OC(=O)CCCC1CCCCC1,JW_2024,JW_2024,2
-2.833099,0.603180754,CCCCCCC(C/C=C\CCCCCCCCOC(=O)CCN(CCCN(CC)CC)CCC(=O)OCCCCCCCC/C=C\CC(CCCCCC)OC(=O)CCCC1CCCCC1)OC(=O)CCCC1CCCCC1,JW_2024,JW_2024,1
-3.4343498,0.117457533,CCCCCCC(C/C=C\CCCCCCCCOC(=O)CCN(CCCN(CC)CC)CCC(=O)OCCCCCCCC/C=C\CC(CCCCCC)OC(=O)CCCC1CCCCC1)OC(=O)CCCC1CCCCC1,JW_2024,JW_2024,1
-5.271104,0.306349896,CCCCCCC(C/C=C\CCCCCCCCOC(=O)CCN(CCCN(CC)CC)CCC(=O)OCCCCCCCC/C=C\CC(CCCCCC)OC(=O)CCCC1CCCCC1)OC(=O)CCCC1CCCCC1,JW_2024,JW_2024,1
-2.9336264,0.729108996,CCCCCCC(C/C=C\CCCCCCCCOC(=O)CCN(CCCN(CC)CC)CCC(=O)OCCCCCCCC/C=C\CC(CCCCCC)OC(=O)CCCC1CCCCC1)OC(=O)CCCC1CCCCC1,JW_2024,JW_2024,1
-2.5705297,0.378308892,CCCCCCC(C/C=C\CCCCCCCCOC(=O)CCN(CCCN(CC)CC)CCC(=O)OCCCCCCCC/C=C\CC(CCCCCC)OC(=O)CCCC1CCCCC1)OC(=O)CCCC1CCCCC1,JW_2024,JW_2024,1
-3.5788984,0.25238065,CCCCCCC(C/C=C\CCCCCCCCOC(=O)CCN(CCCN(CC)CC)CCC(=O)OCCCCCCCC/C=C\CC(CCCCCC)OC(=O)CCCC1CCCCC1)OC(=O)CCCC1CCCCC1,JW_2024,JW_2024,1
-2.9088938,0.810062867,CCCCCCC(C/C=C\CCCCCCCCOC(=O)CCN(CCCN(CC)CC)CCC(=O)OCCCCCCCC/C=C\CC(CCCCCC)OC(=O)CCCC1CCCCC1)OC(=O)CCCC1CCCCC1,JW_2024,JW_2024,1
-5.3886075,1.25980659,CCCCCCC(C/C=C\CCCCCCCCOC(=O)CCN(CCCN(CC)CC)CCC(=O)OCCCCCCCC/C=C\CC(CCCCCC)OC(=O)CCCC1CCCCC1)OC(=O)CCCC1CCCCC1,JW_2024,JW_2024,1
-3.7062614,1.592616945,CCCCCCC(C/C=C\CCCCCCCCOC(=O)CCN(CCCN(CC)CC)CCC(=O)OCCCCCCCC/C=C\CC(CCCCCC)OC(=O)CCCC1CCCCC1)OC(=O)CCCC1CCCCC1,JW_2024,JW_2024,2
-4.2511005,0.720114122,CCCCCCC(C/C=C\CCCCCCCCOC(=O)CCN(CCCN(CC)CC)CCC(=O)OCCCCCCCC/C=C\CC(CCCCCC)OC(=O)CCCC1CCCCC1)OC(=O)CCCC1CCCCC1,JW_2024,JW_2024,1
-2.9884863,1.331765586,CCCCCCC(C/C=C\CCCCCCCCOC(=O)CCN(CCCN(CC)CC)CCC(=O)OCCCCCCCC/C=C\CC(CCCCCC)OC(=O)CCCC1CCCCC1)OC(=O)CCCC1CCCCC1,JW_2024,JW_2024,2
-3.095488,0.531221758,CCCCCCC(C/C=C\CCCCCCCCOC(=O)CCN(CCCN(CC)CC)CCC(=O)OCCCCCCCC/C=C\CC(CCCCCC)OC(=O)CCCC1CCCCC1)OC(=O)CCCC1CCCCC1,JW_2024,JW_2024,1
-4.742378,1.052924477,CCCCCCC(C/C=C\CCCCCCCCOC(=O)CCN(CCCN(CC)CC)CCC(=O)OCCCCCCCC/C=C\CC(CCCCCC)OC(=O)CCCC1CCCCC1)OC(=O)CCCC1CCCCC1,JW_2024,JW_2024,1
-2.338599,-0.035455333,CCCCCC/C=C\CCC(=O)OC(C/C=C\CCCCCCCCOC(=O)CCN(CCCN(CC)CC)CCC(=O)OCCCCCCCC/C=C\CC(CCCCCC)OC(=O)CC/C=C\CCCCCC)CCCCCC,JW_2024,JW_2024,0
-2.244815,0.036503662,CCCCCC/C=C\CCC(=O)OC(C/C=C\CCCCCCCCOC(=O)CCN(CCCN(CC)CC)CCC(=O)OCCCCCCCC/C=C\CC(CCCCCC)OC(=O)CC/C=C\CCCCCC)CCCCCC,JW_2024,JW_2024,1
-4.078372,0.07248316,CCCCCC/C=C\CCC(=O)OC(C/C=C\CCCCCCCCOC(=O)CCN(CCCN(CC)CC)CCC(=O)OCCCCCCCC/C=C\CC(CCCCCC)OC(=O)CC/C=C\CCCCCC)CCCCCC,JW_2024,JW_2024,1
-2.2706566,0.810062867,CCCCCC/C=C\CCC(=O)OC(C/C=C\CCCCCCCCOC(=O)CCN(CCCN(CC)CC)CCC(=O)OCCCCCCCC/C=C\CC(CCCCCC)OC(=O)CC/C=C\CCCCCC)CCCCCC,JW_2024,JW_2024,1
-2.4831934,0.090472909,CCCCCC/C=C\CCC(=O)OC(C/C=C\CCCCCCCCOC(=O)CCN(CCCN(CC)CC)CCC(=O)OCCCCCCCC/C=C\CC(CCCCCC)OC(=O)CC/C=C\CCCCCC)CCCCCC,JW_2024,JW_2024,1
-3.8200953,0.027508788,CCCCCC/C=C\CCC(=O)OC(C/C=C\CCCCCCCCOC(=O)CCN(CCCN(CC)CC)CCC(=O)OCCCCCCCC/C=C\CC(CCCCCC)OC(=O)CC/C=C\CCCCCC)CCCCCC,JW_2024,JW_2024,0
-4.229462,0.567201256,CCCCCC/C=C\CCC(=O)OC(C/C=C\CCCCCCCCOC(=O)CCN(CCCN(CC)CC)CCC(=O)OCCCCCCCC/C=C\CC(CCCCCC)OC(=O)CC/C=C\CCCCCC)CCCCCC,JW_2024,JW_2024,1
-3.1192405,-0.35027594,CCCCCC/C=C\CCC(=O)OC(C/C=C\CCCCCCCCOC(=O)CCN(CCCN(CC)CC)CCC(=O)OCCCCCCCC/C=C\CC(CCCCCC)OC(=O)CC/C=C\CCCCCC)CCCCCC,JW_2024,JW_2024,0
-2.3074071,1.160862971,CCCCCC/C=C\CCC(=O)OC(C/C=C\CCCCCCCCOC(=O)CCN(CCCN(CC)CC)CCC(=O)OCCCCCCCC/C=C\CC(CCCCCC)OC(=O)CC/C=C\CCCCCC)CCCCCC,JW_2024,JW_2024,1
-3.1136954,0.054493411,CCCCCC/C=C\CCC(=O)OC(C/C=C\CCCCCCCCOC(=O)CCN(CCCN(CC)CC)CCC(=O)OCCCCCCCC/C=C\CC(CCCCCC)OC(=O)CC/C=C\CCCCCC)CCCCCC,JW_2024,JW_2024,1
-3.5343072,1.25980659,CCCCCC/C=C\CCC(=O)OC(C/C=C\CCCCCCCCOC(=O)CCN(CCCN(CC)CC)CCC(=O)OCCCCCCCC/C=C\CC(CCCCCC)OC(=O)CC/C=C\CCCCCC)CCCCCC,JW_2024,JW_2024,1
-2.5264409,0.369314018,CCCCCC/C=C\CCC(=O)OC(C/C=C\CCCCCCCCOC(=O)CCN(CCCN(CC)CC)CCC(=O)OCCCCCCCC/C=C\CC(CCCCCC)OC(=O)CC/C=C\CCCCCC)CCCCCC,JW_2024,JW_2024,1
-3.0499606,-0.359270814,CCCCCC/C=C\CCC(=O)OC(C/C=C\CCCCCCCCOC(=O)CCN(CCCN(CC)CC)CCC(=O)OCCCCCCCC/C=C\CC(CCCCCC)OC(=O)CC/C=C\CCCCCC)CCCCCC,JW_2024,JW_2024,0
-4.068522,0.846042365,CCCCCC/C=C\CCC(=O)OC(C/C=C\CCCCCCCCOC(=O)CCN(CCCN(CC)CC)CCC(=O)OCCCCCCCC/C=C\CC(CCCCCC)OC(=O)CC/C=C\CCCCCC)CCCCCC,JW_2024,JW_2024,1
-2.622379,0.648155126,CCCCCC/C=C\CCC(=O)OC(C/C=C\CCCCCCCCOC(=O)CCN(CCCN(CC)CC)CCC(=O)OCCCCCCCC/C=C\CC(CCCCCC)OC(=O)CC/C=C\CCCCCC)CCCCCC,JW_2024,JW_2024,1
-2.693858,-1.27674801,CCCCCC/C=C\CCC(=O)OC(C/C=C\CCCCCCCCOC(=O)CCN(CCCN(CC)CC)CCC(=O)OCCCCCCCC/C=C\CC(CCCCCC)OC(=O)CC/C=C\CCCCCC)CCCCCC,JW_2024,JW_2024,0
-3.0415862,-0.161383576,CCCCCC/C=C\CCC(=O)OC(C/C=C\CCCCCCCCOC(=O)CCN(CCCN(CC)CC)CCC(=O)OCCCCCCCC/C=C\CC(CCCCCC)OC(=O)CC/C=C\CCCCCC)CCCCCC,JW_2024,JW_2024,0
-2.2116733,0.900011611,CCCCCC/C=C\CCC(=O)OC(C/C=C\CCCCCCCCOC(=O)CCN(CCCN(CC)CC)CCC(=O)OCCCCCCCC/C=C\CC(CCCCCC)OC(=O)CC/C=C\CCCCCC)CCCCCC,JW_2024,JW_2024,1
-4.4336977,0.549211507,CCCCCC/C=C\CCC(=O)OC(C/C=C\CCCCCCCCOC(=O)CCN(CCCN(CC)CC)CCC(=O)OCCCCCCCC/C=C\CC(CCCCCC)OC(=O)CC/C=C\CCCCCC)CCCCCC,JW_2024,JW_2024,1
-3.1360161,1.889447803,CCCCCC/C=C\CCC(=O)OC(C/C=C\CCCCCCCCOC(=O)CCN(CCCN(CC)CC)CCC(=O)OCCCCCCCC/C=C\CC(CCCCCC)OC(=O)CC/C=C\CCCCCC)CCCCCC,JW_2024,JW_2024,2
-3.6447191,0.971970607,CCCCCC/C=C\CCC(=O)OC(C/C=C\CCCCCCCCOC(=O)CCN(CCCN(CC)CC)CCC(=O)OCCCCCCCC/C=C\CC(CCCCCC)OC(=O)CC/C=C\CCCCCC)CCCCCC,JW_2024,JW_2024,1
-2.552481,0.594185879,CCCCCC/C=C\CCC(=O)OC(C/C=C\CCCCCCCCOC(=O)CCN(CCCN(CC)CC)CCC(=O)OCCCCCCCC/C=C\CC(CCCCCC)OC(=O)CC/C=C\CCCCCC)CCCCCC,JW_2024,JW_2024,1
-2.6576467,0.594185879,CCCCCC/C=C\CCC(=O)OC(C/C=C\CCCCCCCCOC(=O)CCN(CCCN(CC)CC)CCC(=O)OCCCCCCCC/C=C\CC(CCCCCC)OC(=O)CC/C=C\CCCCCC)CCCCCC,JW_2024,JW_2024,1
-4.158736,0.998955231,CCCCCC/C=C\CCC(=O)OC(C/C=C\CCCCCCCCOC(=O)CCN(CCCN(CC)CC)CCC(=O)OCCCCCCCC/C=C\CC(CCCCCC)OC(=O)CC/C=C\CCCCCC)CCCCCC,JW_2024,JW_2024,1
-2.9709551,0.306349896,CCCCCCCCCCCC(=O)OC(C/C=C\CCCCCCCCOC(=O)CCN(CCCN(CC)CC)CCC(=O)OCCCCCCCC/C=C\CC(CCCCCC)OC(=O)CCCCCCCCCCC)CCCCCC,JW_2024,JW_2024,1
-2.9286258,0.324339645,CCCCCCCCCCCC(=O)OC(C/C=C\CCCCCCCCOC(=O)CCN(CCCN(CC)CC)CCC(=O)OCCCCCCCC/C=C\CC(CCCCCC)OC(=O)CCCCCCCCCCC)CCCCCC,JW_2024,JW_2024,1
-4.492973,0.441273013,CCCCCCCCCCCC(=O)OC(C/C=C\CCCCCCCCOC(=O)CCN(CCCN(CC)CC)CCC(=O)OCCCCCCCC/C=C\CC(CCCCCC)OC(=O)CCCCCCCCCCC)CCCCCC,JW_2024,JW_2024,1
-3.1998951,0.49524226,CCCCCCCCCCCC(=O)OC(C/C=C\CCCCCCCCOC(=O)CCN(CCCN(CC)CC)CCC(=O)OCCCCCCCC/C=C\CC(CCCCCC)OC(=O)CCCCCCCCCCC)CCCCCC,JW_2024,JW_2024,1
-3.7005396,0.432278139,CCCCCCCCCCCC(=O)OC(C/C=C\CCCCCCCCOC(=O)CCN(CCCN(CC)CC)CCC(=O)OCCCCCCCC/C=C\CC(CCCCCC)OC(=O)CCCCCCCCCCC)CCCCCC,JW_2024,JW_2024,1
-3.6103387,-0.665096546,CCCCCCCCCCCC(=O)OC(C/C=C\CCCCCCCCOC(=O)CCN(CCCN(CC)CC)CCC(=O)OCCCCCCCC/C=C\CC(CCCCCC)OC(=O)CCCCCCCCCCC)CCCCCC,JW_2024,JW_2024,0
-4.1372533,0.477252511,CCCCCCCCCCCC(=O)OC(C/C=C\CCCCCCCCOC(=O)CCN(CCCN(CC)CC)CCC(=O)OCCCCCCCC/C=C\CC(CCCCCC)OC(=O)CCCCCCCCCCC)CCCCCC,JW_2024,JW_2024,1
-3.9449654,-0.242337446,CCCCCCCCCCCC(=O)OC(C/C=C\CCCCCCCCOC(=O)CCN(CCCN(CC)CC)CCC(=O)OCCCCCCCC/C=C\CC(CCCCCC)OC(=O)CCCCCCCCCCC)CCCCCC,JW_2024,JW_2024,0
-3.4924593,1.25980659,CCCCCCCCCCCC(=O)OC(C/C=C\CCCCCCCCOC(=O)CCN(CCCN(CC)CC)CCC(=O)OCCCCCCCC/C=C\CC(CCCCCC)OC(=O)CCCCCCCCCCC)CCCCCC,JW_2024,JW_2024,1
-3.9022827,0.594185879,CCCCCCCCCCCC(=O)OC(C/C=C\CCCCCCCCOC(=O)CCN(CCCN(CC)CC)CCC(=O)OCCCCCCCC/C=C\CC(CCCCCC)OC(=O)CCCCCCCCCCC)CCCCCC,JW_2024,JW_2024,1
-3.8670747,1.511663075,CCCCCCCCCCCC(=O)OC(C/C=C\CCCCCCCCOC(=O)CCN(CCCN(CC)CC)CCC(=O)OCCCCCCCC/C=C\CC(CCCCCC)OC(=O)CCCCCCCCCCC)CCCCCC,JW_2024,JW_2024,2
-3.439344,0.666144875,CCCCCCCCCCCC(=O)OC(C/C=C\CCCCCCCCOC(=O)CCN(CCCN(CC)CC)CCC(=O)OCCCCCCCC/C=C\CC(CCCCCC)OC(=O)CCCCCCCCCCC)CCCCCC,JW_2024,JW_2024,1
-3.8934467,0.099467784,CCCCCCCCCCCC(=O)OC(C/C=C\CCCCCCCCOC(=O)CCN(CCCN(CC)CC)CCC(=O)OCCCCCCCC/C=C\CC(CCCCCC)OC(=O)CCCCCCCCCCC)CCCCCC,JW_2024,JW_2024,1
-4.2153525,1.17885272,CCCCCCCCCCCC(=O)OC(C/C=C\CCCCCCCCOC(=O)CCN(CCCN(CC)CC)CCC(=O)OCCCCCCCC/C=C\CC(CCCCCC)OC(=O)CCCCCCCCCCC)CCCCCC,JW_2024,JW_2024,1
-3.660077,1.079909101,CCCCCCCCCCCC(=O)OC(C/C=C\CCCCCCCCOC(=O)CCN(CCCN(CC)CC)CCC(=O)OCCCCCCCC/C=C\CC(CCCCCC)OC(=O)CCCCCCCCCCC)CCCCCC,JW_2024,JW_2024,1
-3.456897,-0.062439957,CCCCCCCCCCCC(=O)OC(C/C=C\CCCCCCCCOC(=O)CCN(CCCN(CC)CC)CCC(=O)OCCCCCCCC/C=C\CC(CCCCCC)OC(=O)CCCCCCCCCCC)CCCCCC,JW_2024,JW_2024,0
-4.0484395,-0.620122174,CCCCCCCCCCCC(=O)OC(C/C=C\CCCCCCCCOC(=O)CCN(CCCN(CC)CC)CCC(=O)OCCCCCCCC/C=C\CC(CCCCCC)OC(=O)CCCCCCCCCCC)CCCCCC,JW_2024,JW_2024,0
-3.6202517,0.980965482,CCCCCCCCCCCC(=O)OC(C/C=C\CCCCCCCCOC(=O)CCN(CCCN(CC)CC)CCC(=O)OCCCCCCCC/C=C\CC(CCCCCC)OC(=O)CCCCCCCCCCC)CCCCCC,JW_2024,JW_2024,1
-4.6198936,1.007950105,CCCCCCCCCCCC(=O)OC(C/C=C\CCCCCCCCOC(=O)CCN(CCCN(CC)CC)CCC(=O)OCCCCCCCC/C=C\CC(CCCCCC)OC(=O)CCCCCCCCCCC)CCCCCC,JW_2024,JW_2024,1
-3.229676,1.934422175,CCCCCCCCCCCC(=O)OC(C/C=C\CCCCCCCCOC(=O)CCN(CCCN(CC)CC)CCC(=O)OCCCCCCCC/C=C\CC(CCCCCC)OC(=O)CCCCCCCCCCC)CCCCCC,JW_2024,JW_2024,2
-3.6023803,2.006381171,CCCCCCCCCCCC(=O)OC(C/C=C\CCCCCCCCOC(=O)CCN(CCCN(CC)CC)CCC(=O)OCCCCCCCC/C=C\CC(CCCCCC)OC(=O)CCCCCCCCCCC)CCCCCC,JW_2024,JW_2024,3
-3.153209,0.324339645,CCCCCCCCCCCC(=O)OC(C/C=C\CCCCCCCCOC(=O)CCN(CCCN(CC)CC)CCC(=O)OCCCCCCCC/C=C\CC(CCCCCC)OC(=O)CCCCCCCCCCC)CCCCCC,JW_2024,JW_2024,1
-4.198854,1.016944979,CCCCCCCCCCCC(=O)OC(C/C=C\CCCCCCCCOC(=O)CCN(CCCN(CC)CC)CCC(=O)OCCCCCCCC/C=C\CC(CCCCCC)OC(=O)CCCCCCCCCCC)CCCCCC,JW_2024,JW_2024,1
-1.6764495,-0.701076044,CCCCCCCCCCCCCCCCCC(=O)OC(C/C=C\CCCCCCCCOC(=O)CCN(CCCN(CC)CC)CCC(=O)OCCCCCCCC/C=C\CC(CCCCCC)OC(=O)CCCCCCCCCCCCCCCCC)CCCCCC,JW_2024,JW_2024,0
-1.3538424,-0.782029914,CCCCCCCCCCCCCCCCCC(=O)OC(C/C=C\CCCCCCCCOC(=O)CCN(CCCN(CC)CC)CCC(=O)OCCCCCCCC/C=C\CC(CCCCCC)OC(=O)CCCCCCCCCCCCCCCCC)CCCCCC,JW_2024,JW_2024,0
-2.0813584,-0.107414329,CCCCCCCCCCCCCCCCCC(=O)OC(C/C=C\CCCCCCCCOC(=O)CCN(CCCN(CC)CC)CCC(=O)OCCCCCCCC/C=C\CC(CCCCCC)OC(=O)CCCCCCCCCCCCCCCCC)CCCCCC,JW_2024,JW_2024,0
-1.7991772,-1.186799266,CCCCCCCCCCCCCCCCCC(=O)OC(C/C=C\CCCCCCCCOC(=O)CCN(CCCN(CC)CC)CCC(=O)OCCCCCCCC/C=C\CC(CCCCCC)OC(=O)CCCCCCCCCCCCCCCCC)CCCCCC,JW_2024,JW_2024,0
-2.2446132,-0.548163178,CCCCCCCCCCCCCCCCCC(=O)OC(C/C=C\CCCCCCCCOC(=O)CCN(CCCN(CC)CC)CCC(=O)OCCCCCCCC/C=C\CC(CCCCCC)OC(=O)CCCCCCCCCCCCCCCCC)CCCCCC,JW_2024,JW_2024,0
-2.0703144,-0.161383576,CCCCCCCCCCCCCCCCCC(=O)OC(C/C=C\CCCCCCCCOC(=O)CCN(CCCN(CC)CC)CCC(=O)OCCCCCCCC/C=C\CC(CCCCCC)OC(=O)CCCCCCCCCCCCCCCCC)CCCCCC,JW_2024,JW_2024,0
-3.401424,-0.341281065,CCCCCCCCCCCCCCCCCC(=O)OC(C/C=C\CCCCCCCCOC(=O)CCN(CCCN(CC)CC)CCC(=O)OCCCCCCCC/C=C\CC(CCCCCC)OC(=O)CCCCCCCCCCCCCCCCC)CCCCCC,JW_2024,JW_2024,0
-2.8191085,-1.078860772,CCCCCCCCCCCCCCCCCC(=O)OC(C/C=C\CCCCCCCCOC(=O)CCN(CCCN(CC)CC)CCC(=O)OCCCCCCCC/C=C\CC(CCCCCC)OC(=O)CCCCCCCCCCCCCCCCC)CCCCCC,JW_2024,JW_2024,0
-1.7359871,1.34076046,CCCCCCCCCCCCCCCCCC(=O)OC(C/C=C\CCCCCCCCOC(=O)CCN(CCCN(CC)CC)CCC(=O)OCCCCCCCC/C=C\CC(CCCCCC)OC(=O)CCCCCCCCCCCCCCCCC)CCCCCC,JW_2024,JW_2024,2
-2.5215127,0.720114122,CCCCCCCCCCCCCCCCCC(=O)OC(C/C=C\CCCCCCCCOC(=O)CCN(CCCN(CC)CC)CCC(=O)OCCCCCCCC/C=C\CC(CCCCCC)OC(=O)CCCCCCCCCCCCCCCCC)CCCCCC,JW_2024,JW_2024,1
-2.1048436,1.52065795,CCCCCCCCCCCCCCCCCC(=O)OC(C/C=C\CCCCCCCCOC(=O)CCN(CCCN(CC)CC)CCC(=O)OCCCCCCCC/C=C\CC(CCCCCC)OC(=O)CCCCCCCCCCCCCCCCC)CCCCCC,JW_2024,JW_2024,2
-1.9497198,0.288360147,CCCCCCCCCCCCCCCCCC(=O)OC(C/C=C\CCCCCCCCOC(=O)CCN(CCCN(CC)CC)CCC(=O)OCCCCCCCC/C=C\CC(CCCCCC)OC(=O)CCCCCCCCCCCCCCCCC)CCCCCC,JW_2024,JW_2024,1
-2.3814592,-0.251332321,CCCCCCCCCCCCCCCCCC(=O)OC(C/C=C\CCCCCCCCOC(=O)CCN(CCCN(CC)CC)CCC(=O)OCCCCCCCC/C=C\CC(CCCCCC)OC(=O)CCCCCCCCCCCCCCCCC)CCCCCC,JW_2024,JW_2024,0
-4.024765,1.124883473,CCCCCCCCCCCCCCCCCC(=O)OC(C/C=C\CCCCCCCCOC(=O)CCN(CCCN(CC)CC)CCC(=O)OCCCCCCCC/C=C\CC(CCCCCC)OC(=O)CCCCCCCCCCCCCCCCC)CCCCCC,JW_2024,JW_2024,1
-2.1490645,1.547642573,CCCCCCCCCCCCCCCCCC(=O)OC(C/C=C\CCCCCCCCOC(=O)CCN(CCCN(CC)CC)CCC(=O)OCCCCCCCC/C=C\CC(CCCCCC)OC(=O)CCCCCCCCCCCCCCCCC)CCCCCC,JW_2024,JW_2024,2
-2.1432855,-0.359270814,CCCCCCCCCCCCCCCCCC(=O)OC(C/C=C\CCCCCCCCOC(=O)CCN(CCCN(CC)CC)CCC(=O)OCCCCCCCC/C=C\CC(CCCCCC)OC(=O)CCCCCCCCCCCCCCCCC)CCCCCC,JW_2024,JW_2024,0
-2.7215507,0.081478035,CCCCCCCCCCCCCCCCCC(=O)OC(C/C=C\CCCCCCCCOC(=O)CCN(CCCN(CC)CC)CCC(=O)OCCCCCCCC/C=C\CC(CCCCCC)OC(=O)CCCCCCCCCCCCCCCCC)CCCCCC,JW_2024,JW_2024,1
-2.314568,0.765088494,CCCCCCCCCCCCCCCCCC(=O)OC(C/C=C\CCCCCCCCOC(=O)CCN(CCCN(CC)CC)CCC(=O)OCCCCCCCC/C=C\CC(CCCCCC)OC(=O)CCCCCCCCCCCCCCCCC)CCCCCC,JW_2024,JW_2024,1
-4.157799,1.088903975,CCCCCCCCCCCCCCCCCC(=O)OC(C/C=C\CCCCCCCCOC(=O)CCN(CCCN(CC)CC)CCC(=O)OCCCCCCCC/C=C\CC(CCCCCC)OC(=O)CCCCCCCCCCCCCCCCC)CCCCCC,JW_2024,JW_2024,1
-2.75584,1.907437552,CCCCCCCCCCCCCCCCCC(=O)OC(C/C=C\CCCCCCCCOC(=O)CCN(CCCN(CC)CC)CCC(=O)OCCCCCCCC/C=C\CC(CCCCCC)OC(=O)CCCCCCCCCCCCCCCCC)CCCCCC,JW_2024,JW_2024,2
-3.435662,0.41428839,CCCCCCCCCCCCCCCCCC(=O)OC(C/C=C\CCCCCCCCOC(=O)CCN(CCCN(CC)CC)CCC(=O)OCCCCCCCC/C=C\CC(CCCCCC)OC(=O)CCCCCCCCCCCCCCCCC)CCCCCC,JW_2024,JW_2024,1
-1.7321182,1.709550314,CCCCCCCCCCCCCCCCCC(=O)OC(C/C=C\CCCCCCCCOC(=O)CCN(CCCN(CC)CC)CCC(=O)OCCCCCCCC/C=C\CC(CCCCCC)OC(=O)CCCCCCCCCCCCCCCCC)CCCCCC,JW_2024,JW_2024,2
-2.121942,0.261375524,CCCCCCCCCCCCCCCCCC(=O)OC(C/C=C\CCCCCCCCOC(=O)CCN(CCCN(CC)CC)CCC(=O)OCCCCCCCC/C=C\CC(CCCCCC)OC(=O)CCCCCCCCCCCCCCCCC)CCCCCC,JW_2024,JW_2024,1
-4.0614777,0.702124373,CCCCCCCCCCCCCCCCCC(=O)OC(C/C=C\CCCCCCCCOC(=O)CCN(CCCN(CC)CC)CCC(=O)OCCCCCCCC/C=C\CC(CCCCCC)OC(=O)CCCCCCCCCCCCCCCCC)CCCCCC,JW_2024,JW_2024,1
-5.3542495,-1.735486608,CCCCCC/C=C\CCC(=O)OC(C/C=C\CCCCCCCCOC(=O)CCN(CCCn1ccnc1)CCC(=O)OCCCCCCCC/C=C\CC(CCCCCC)OC(=O)CC/C=C\CCCCCC)CCCCCC,JW_2024,JW_2024,0
-5.707297,-1.429660876,CCCCCC/C=C\CCC(=O)OC(C/C=C\CCCCCCCCOC(=O)CCN(CCCn1ccnc1)CCC(=O)OCCCCCCCC/C=C\CC(CCCCCC)OC(=O)CC/C=C\CCCCCC)CCCCCC,JW_2024,JW_2024,0
-7.0309796,-1.483630123,CCCCCC/C=C\CCC(=O)OC(C/C=C\CCCCCCCCOC(=O)CCN(CCCn1ccnc1)CCC(=O)OCCCCCCCC/C=C\CC(CCCCCC)OC(=O)CC/C=C\CCCCCC)CCCCCC,JW_2024,JW_2024,0
-5.0137696,-1.681517361,CCCCCC/C=C\CCC(=O)OC(C/C=C\CCCCCCCCOC(=O)CCN(CCCn1ccnc1)CCC(=O)OCCCCCCCC/C=C\CC(CCCCCC)OC(=O)CC/C=C\CCCCCC)CCCCCC,JW_2024,JW_2024,0
-5.2069945,-1.501619872,CCCCCC/C=C\CCC(=O)OC(C/C=C\CCCCCCCCOC(=O)CCN(CCCn1ccnc1)CCC(=O)OCCCCCCCC/C=C\CC(CCCCCC)OC(=O)CC/C=C\CCCCCC)CCCCCC,JW_2024,JW_2024,0
-6.4660325,-2.589999683,CCCCCC/C=C\CCC(=O)OC(C/C=C\CCCCCCCCOC(=O)CCN(CCCn1ccnc1)CCC(=O)OCCCCCCCC/C=C\CC(CCCCCC)OC(=O)CC/C=C\CCCCCC)CCCCCC,JW_2024,JW_2024,0
-6.3143644,-0.997906902,CCCCCC/C=C\CCC(=O)OC(C/C=C\CCCCCCCCOC(=O)CCN(CCCn1ccnc1)CCC(=O)OCCCCCCCC/C=C\CC(CCCCCC)OC(=O)CC/C=C\CCCCCC)CCCCCC,JW_2024,JW_2024,0
-5.740934,-1.933373846,CCCCCC/C=C\CCC(=O)OC(C/C=C\CCCCCCCCOC(=O)CCN(CCCn1ccnc1)CCC(=O)OCCCCCCCC/C=C\CC(CCCCCC)OC(=O)CC/C=C\CCCCCC)CCCCCC,JW_2024,JW_2024,0
-5.4886494,-0.656101672,CCCCCC/C=C\CCC(=O)OC(C/C=C\CCCCCCCCOC(=O)CCN(CCCn1ccnc1)CCC(=O)OCCCCCCCC/C=C\CC(CCCCCC)OC(=O)CC/C=C\CCCCCC)CCCCCC,JW_2024,JW_2024,0
-6.096445,-1.35770188,CCCCCC/C=C\CCC(=O)OC(C/C=C\CCCCCCCCOC(=O)CCN(CCCn1ccnc1)CCC(=O)OCCCCCCCC/C=C\CC(CCCCCC)OC(=O)CC/C=C\CCCCCC)CCCCCC,JW_2024,JW_2024,0
-6.6267786,-0.26932207,CCCCCC/C=C\CCC(=O)OC(C/C=C\CCCCCCCCOC(=O)CCN(CCCn1ccnc1)CCC(=O)OCCCCCCCC/C=C\CC(CCCCCC)OC(=O)CC/C=C\CCCCCC)CCCCCC,JW_2024,JW_2024,0
-5.1735444,-1.573578868,CCCCCC/C=C\CCC(=O)OC(C/C=C\CCCCCCCCOC(=O)CCN(CCCn1ccnc1)CCC(=O)OCCCCCCCC/C=C\CC(CCCCCC)OC(=O)CC/C=C\CCCCCC)CCCCCC,JW_2024,JW_2024,0
-6.002767,-1.294737759,CCCCCC/C=C\CCC(=O)OC(C/C=C\CCCCCCCCOC(=O)CCN(CCCn1ccnc1)CCC(=O)OCCCCCCCC/C=C\CC(CCCCCC)OC(=O)CC/C=C\CCCCCC)CCCCCC,JW_2024,JW_2024,0
-7.007512,-1.303732634,CCCCCC/C=C\CCC(=O)OC(C/C=C\CCCCCCCCOC(=O)CCN(CCCn1ccnc1)CCC(=O)OCCCCCCCC/C=C\CC(CCCCCC)OC(=O)CC/C=C\CCCCCC)CCCCCC,JW_2024,JW_2024,0
-5.63722,-1.465640374,CCCCCCCCCCCC(=O)OC(C/C=C\CCCCCCCCOC(=O)CCN(CCCn1ccnc1)CCC(=O)OCCCCCCCC/C=C\CC(CCCCCC)OC(=O)CCCCCCCCCCC)CCCCCC,JW_2024,JW_2024,0
-5.278072,-0.916953031,CCCCCCCCCCCC(=O)OC(C/C=C\CCCCCCCCOC(=O)CCN(CCCn1ccnc1)CCC(=O)OCCCCCCCC/C=C\CC(CCCCCC)OC(=O)CCCCCCCCCCC)CCCCCC,JW_2024,JW_2024,0
-7.5814996,-1.168809517,CCCCCCCCCCCC(=O)OC(C/C=C\CCCCCCCCOC(=O)CCN(CCCn1ccnc1)CCC(=O)OCCCCCCCC/C=C\CC(CCCCCC)OC(=O)CCCCCCCCCCC)CCCCCC,JW_2024,JW_2024,0
-5.519896,-0.979917153,CCCCCCCCCCCC(=O)OC(C/C=C\CCCCCCCCOC(=O)CCN(CCCn1ccnc1)CCC(=O)OCCCCCCCC/C=C\CC(CCCCCC)OC(=O)CCCCCCCCCCC)CCCCCC,JW_2024,JW_2024,0
-5.9263115,-1.582573742,CCCCCCCCCCCC(=O)OC(C/C=C\CCCCCCCCOC(=O)CCN(CCCn1ccnc1)CCC(=O)OCCCCCCCC/C=C\CC(CCCCCC)OC(=O)CCCCCCCCCCC)CCCCCC,JW_2024,JW_2024,0
-6.876339,-1.762471232,CCCCCCCCCCCC(=O)OC(C/C=C\CCCCCCCCOC(=O)CCN(CCCn1ccnc1)CCC(=O)OCCCCCCCC/C=C\CC(CCCCCC)OC(=O)CCCCCCCCCCC)CCCCCC,JW_2024,JW_2024,0
-7.336077,-0.485199057,CCCCCCCCCCCC(=O)OC(C/C=C\CCCCCCCCOC(=O)CCN(CCCn1ccnc1)CCC(=O)OCCCCCCCC/C=C\CC(CCCCCC)OC(=O)CCCCCCCCCCC)CCCCCC,JW_2024,JW_2024,0
-5.9672003,-0.395250312,CCCCCCCCCCCC(=O)OC(C/C=C\CCCCCCCCOC(=O)CCN(CCCn1ccnc1)CCC(=O)OCCCCCCCC/C=C\CC(CCCCCC)OC(=O)CCCCCCCCCCC)CCCCCC,JW_2024,JW_2024,0
-5.249574,0.522226884,CCCCCCCCCCCC(=O)OC(C/C=C\CCCCCCCCOC(=O)CCN(CCCn1ccnc1)CCC(=O)OCCCCCCCC/C=C\CC(CCCCCC)OC(=O)CCCCCCCCCCC)CCCCCC,JW_2024,JW_2024,1
-5.854402,-1.069865897,CCCCCCCCCCCC(=O)OC(C/C=C\CCCCCCCCOC(=O)CCN(CCCn1ccnc1)CCC(=O)OCCCCCCCC/C=C\CC(CCCCCC)OC(=O)CCCCCCCCCCC)CCCCCC,JW_2024,JW_2024,0
-7.1939964,0.711119248,CCCCCCCCCCCC(=O)OC(C/C=C\CCCCCCCCOC(=O)CCN(CCCn1ccnc1)CCC(=O)OCCCCCCCC/C=C\CC(CCCCCC)OC(=O)CCCCCCCCCCC)CCCCCC,JW_2024,JW_2024,1
-5.274944,-0.871978659,CCCCCCCCCCCC(=O)OC(C/C=C\CCCCCCCCOC(=O)CCN(CCCn1ccnc1)CCC(=O)OCCCCCCCC/C=C\CC(CCCCCC)OC(=O)CCCCCCCCCCC)CCCCCC,JW_2024,JW_2024,0
-5.8975286,-1.465640374,CCCCCCCCCCCC(=O)OC(C/C=C\CCCCCCCCOC(=O)CCN(CCCn1ccnc1)CCC(=O)OCCCCCCCC/C=C\CC(CCCCCC)OC(=O)CCCCCCCCCCC)CCCCCC,JW_2024,JW_2024,0
-7.477914,0.207406277,CCCCCCCCCCCC(=O)OC(C/C=C\CCCCCCCCOC(=O)CCN(CCCn1ccnc1)CCC(=O)OCCCCCCCC/C=C\CC(CCCCCC)OC(=O)CCCCCCCCCCC)CCCCCC,JW_2024,JW_2024,1
-5.362768,-1.564583993,CCCCCCCCCCCCCCCCCC(=O)OC(C/C=C\CCCCCCCCOC(=O)CCN(CCCn1ccnc1)CCC(=O)OCCCCCCCC/C=C\CC(CCCCCC)OC(=O)CCCCCCCCCCCCCCCCC)CCCCCC,JW_2024,JW_2024,0
-5.086095,0.090472909,CCCCCCCCCCCCCCCCCC(=O)OC(C/C=C\CCCCCCCCOC(=O)CCN(CCCn1ccnc1)CCC(=O)OCCCCCCCC/C=C\CC(CCCCCC)OC(=O)CCCCCCCCCCCCCCCCC)CCCCCC,JW_2024,JW_2024,1
-6.7448816,-0.215352823,CCCCCCCCCCCCCCCCCC(=O)OC(C/C=C\CCCCCCCCOC(=O)CCN(CCCn1ccnc1)CCC(=O)OCCCCCCCC/C=C\CC(CCCCCC)OC(=O)CCCCCCCCCCCCCCCCC)CCCCCC,JW_2024,JW_2024,0
-5.4854965,-0.943937655,CCCCCCCCCCCCCCCCCC(=O)OC(C/C=C\CCCCCCCCOC(=O)CCN(CCCn1ccnc1)CCC(=O)OCCCCCCCC/C=C\CC(CCCCCC)OC(=O)CCCCCCCCCCCCCCCCC)CCCCCC,JW_2024,JW_2024,0
-5.391469,-1.726491734,CCCCCCCCCCCCCCCCCC(=O)OC(C/C=C\CCCCCCCCOC(=O)CCN(CCCn1ccnc1)CCC(=O)OCCCCCCCC/C=C\CC(CCCCCC)OC(=O)CCCCCCCCCCCCCCCCC)CCCCCC,JW_2024,JW_2024,0
-6.9999437,-1.528604495,CCCCCCCCCCCCCCCCCC(=O)OC(C/C=C\CCCCCCCCOC(=O)CCN(CCCn1ccnc1)CCC(=O)OCCCCCCCC/C=C\CC(CCCCCC)OC(=O)CCCCCCCCCCCCCCCCC)CCCCCC,JW_2024,JW_2024,0
-7.749148,-0.341281065,CCCCCCCCCCCCCCCCCC(=O)OC(C/C=C\CCCCCCCCOC(=O)CCN(CCCn1ccnc1)CCC(=O)OCCCCCCCC/C=C\CC(CCCCCC)OC(=O)CCCCCCCCCCCCCCCCC)CCCCCC,JW_2024,JW_2024,0
-5.8716674,-0.053445082,CCCCCCCCCCCCCCCCCC(=O)OC(C/C=C\CCCCCCCCOC(=O)CCN(CCCn1ccnc1)CCC(=O)OCCCCCCCC/C=C\CC(CCCCCC)OC(=O)CCCCCCCCCCCCCCCCC)CCCCCC,JW_2024,JW_2024,0
-5.0772223,0.531221758,CCCCCCCCCCCCCCCCCC(=O)OC(C/C=C\CCCCCCCCOC(=O)CCN(CCCn1ccnc1)CCC(=O)OCCCCCCCC/C=C\CC(CCCCCC)OC(=O)CCCCCCCCCCCCCCCCC)CCCCCC,JW_2024,JW_2024,1
-5.8707924,-0.701076044,CCCCCCCCCCCCCCCCCC(=O)OC(C/C=C\CCCCCCCCOC(=O)CCN(CCCn1ccnc1)CCC(=O)OCCCCCCCC/C=C\CC(CCCCCC)OC(=O)CCCCCCCCCCCCCCCCC)CCCCCC,JW_2024,JW_2024,0
-6.548547,0.621170503,CCCCCCCCCCCCCCCCCC(=O)OC(C/C=C\CCCCCCCCOC(=O)CCN(CCCn1ccnc1)CCC(=O)OCCCCCCCC/C=C\CC(CCCCCC)OC(=O)CCCCCCCCCCCCCCCCC)CCCCCC,JW_2024,JW_2024,1
-5.3458242,-0.943937655,CCCCCCCCCCCCCCCCCC(=O)OC(C/C=C\CCCCCCCCOC(=O)CCN(CCCn1ccnc1)CCC(=O)OCCCCCCCC/C=C\CC(CCCCCC)OC(=O)CCCCCCCCCCCCCCCCC)CCCCCC,JW_2024,JW_2024,0
-5.8415923,-1.060871023,CCCCCCCCCCCCCCCCCC(=O)OC(C/C=C\CCCCCCCCOC(=O)CCN(CCCn1ccnc1)CCC(=O)OCCCCCCCC/C=C\CC(CCCCCC)OC(=O)CCCCCCCCCCCCCCCCC)CCCCCC,JW_2024,JW_2024,0
-8.385433,-0.395250312,CCCCCCCCCCCCCCCCCC(=O)OC(C/C=C\CCCCCCCCOC(=O)CCN(CCCn1ccnc1)CCC(=O)OCCCCCCCC/C=C\CC(CCCCCC)OC(=O)CCCCCCCCCCCCCCCCC)CCCCCC,JW_2024,JW_2024,0
-4.6802135,-1.411671127,CCCCCCCC/C=C\CCCCCCCC(=O)OC(C/C=C\CCCCCCCCOC(=O)CCN(CCCn1ccnc1)CCC(=O)OCCCCCCCC/C=C\CC(CCCCCC)OC(=O)CCCCCCC/C=C\CCCCCCCC)CCCCCC,JW_2024,JW_2024,0
-4.363871,-0.683086295,CCCCCCCC/C=C\CCCCCCCC(=O)OC(C/C=C\CCCCCCCCOC(=O)CCN(CCCn1ccnc1)CCC(=O)OCCCCCCCC/C=C\CC(CCCCCC)OC(=O)CCCCCCC/C=C\CCCCCCCC)CCCCCC,JW_2024,JW_2024,0
-6.034461,-0.395250312,CCCCCCCC/C=C\CCCCCCCC(=O)OC(C/C=C\CCCCCCCCOC(=O)CCN(CCCn1ccnc1)CCC(=O)OCCCCCCCC/C=C\CC(CCCCCC)OC(=O)CCCCCCC/C=C\CCCCCCCC)CCCCCC,JW_2024,JW_2024,0
-4.802941,-1.35770188,CCCCCCCC/C=C\CCCCCCCC(=O)OC(C/C=C\CCCCCCCCOC(=O)CCN(CCCn1ccnc1)CCC(=O)OCCCCCCCC/C=C\CC(CCCCCC)OC(=O)CCCCCCC/C=C\CCCCCCCC)CCCCCC,JW_2024,JW_2024,0
-4.9904084,-1.384686504,CCCCCCCC/C=C\CCCCCCCC(=O)OC(C/C=C\CCCCCCCCOC(=O)CCN(CCCn1ccnc1)CCC(=O)OCCCCCCCC/C=C\CC(CCCCCC)OC(=O)CCCCCCC/C=C\CCCCCCCC)CCCCCC,JW_2024,JW_2024,0
-6.21229,-2.059302089,CCCCCCCC/C=C\CCCCCCCC(=O)OC(C/C=C\CCCCCCCCOC(=O)CCN(CCCn1ccnc1)CCC(=O)OCCCCCCCC/C=C\CC(CCCCCC)OC(=O)CCCCCCC/C=C\CCCCCCCC)CCCCCC,JW_2024,JW_2024,0
-6.54074,-0.871978659,CCCCCCCC/C=C\CCCCCCCC(=O)OC(C/C=C\CCCCCCCCOC(=O)CCN(CCCn1ccnc1)CCC(=O)OCCCCCCCC/C=C\CC(CCCCCC)OC(=O)CCCCCCC/C=C\CCCCCCCC)CCCCCC,JW_2024,JW_2024,0
-5.5480514,-1.015896651,CCCCCCCC/C=C\CCCCCCCC(=O)OC(C/C=C\CCCCCCCCOC(=O)CCN(CCCn1ccnc1)CCC(=O)OCCCCCCCC/C=C\CC(CCCCCC)OC(=O)CCCCCCC/C=C\CCCCCCCC)CCCCCC,JW_2024,JW_2024,0
-4.2675014,0.369314018,CCCCCCCC/C=C\CCCCCCCC(=O)OC(C/C=C\CCCCCCCCOC(=O)CCN(CCCn1ccnc1)CCC(=O)OCCCCCCCC/C=C\CC(CCCCCC)OC(=O)CCCCCCC/C=C\CCCCCCCC)CCCCCC,JW_2024,JW_2024,1
-5.419386,-1.303732634,CCCCCCCC/C=C\CCCCCCCC(=O)OC(C/C=C\CCCCCCCCOC(=O)CCN(CCCn1ccnc1)CCC(=O)OCCCCCCCC/C=C\CC(CCCCCC)OC(=O)CCCCCCC/C=C\CCCCCCCC)CCCCCC,JW_2024,JW_2024,0
-5.7592306,0.83704749,CCCCCCCC/C=C\CCCCCCCC(=O)OC(C/C=C\CCCCCCCCOC(=O)CCN(CCCn1ccnc1)CCC(=O)OCCCCCCCC/C=C\CC(CCCCCC)OC(=O)CCCCCCC/C=C\CCCCCCCC)CCCCCC,JW_2024,JW_2024,1
-4.866943,-1.015896651,CCCCCCCC/C=C\CCCCCCCC(=O)OC(C/C=C\CCCCCCCCOC(=O)CCN(CCCn1ccnc1)CCC(=O)OCCCCCCCC/C=C\CC(CCCCCC)OC(=O)CCCCCCC/C=C\CCCCCCCC)CCCCCC,JW_2024,JW_2024,0
-5.554934,-1.348707006,CCCCCCCC/C=C\CCCCCCCC(=O)OC(C/C=C\CCCCCCCCOC(=O)CCN(CCCn1ccnc1)CCC(=O)OCCCCCCCC/C=C\CC(CCCCCC)OC(=O)CCCCCCC/C=C\CCCCCCCC)CCCCCC,JW_2024,JW_2024,0
-6.970175,-0.467209308,CCCCCCCC/C=C\CCCCCCCC(=O)OC(C/C=C\CCCCCCCCOC(=O)CCN(CCCn1ccnc1)CCC(=O)OCCCCCCCC/C=C\CC(CCCCCC)OC(=O)CCCCCCC/C=C\CCCCCCCC)CCCCCC,JW_2024,JW_2024,0
-5.11966,-1.726491734,CCCCCCCC/C=C\CCCCCCCC(=O)OC(C/C=C\CCCCCCCCOC(=O)CCN(CCC(=O)OCCCCCCCC/C=C\CC(CCCCCC)OC(=O)CCCCCCC/C=C\CCCCCCCC)CCc1ccncc1)CCCCCC,JW_2024,JW_2024,0
-4.323369,-0.476204182,CCCCCCCC/C=C\CCCCCCCC(=O)OC(C/C=C\CCCCCCCCOC(=O)CCN(CCC(=O)OCCCCCCCC/C=C\CC(CCCCCC)OC(=O)CCCCCCC/C=C\CCCCCCCC)CCc1ccncc1)CCCCCC,JW_2024,JW_2024,0
-5.897936,0.162431905,CCCCCCCC/C=C\CCCCCCCC(=O)OC(C/C=C\CCCCCCCCOC(=O)CCN(CCC(=O)OCCCCCCCC/C=C\CC(CCCCCC)OC(=O)CCCCCCC/C=C\CCCCCCCC)CCc1ccncc1)CCCCCC,JW_2024,JW_2024,1
-5.11966,-0.467209308,CCCCCCCC/C=C\CCCCCCCC(=O)OC(C/C=C\CCCCCCCCOC(=O)CCN(CCC(=O)OCCCCCCCC/C=C\CC(CCCCCC)OC(=O)CCCCCCC/C=C\CCCCCCCC)CCc1ccncc1)CCCCCC,JW_2024,JW_2024,0
-5.1815524,-1.321722383,CCCCCCCC/C=C\CCCCCCCC(=O)OC(C/C=C\CCCCCCCCOC(=O)CCN(CCC(=O)OCCCCCCCC/C=C\CC(CCCCCC)OC(=O)CCCCCCC/C=C\CCCCCCCC)CCc1ccncc1)CCCCCC,JW_2024,JW_2024,0
-5.810421,-1.519609621,CCCCCCCC/C=C\CCCCCCCC(=O)OC(C/C=C\CCCCCCCCOC(=O)CCN(CCC(=O)OCCCCCCCC/C=C\CC(CCCCCC)OC(=O)CCCCCCC/C=C\CCCCCCCC)CCc1ccncc1)CCCCCC,JW_2024,JW_2024,0
-6.8491287,0.117457533,CCCCCCCC/C=C\CCCCCCCC(=O)OC(C/C=C\CCCCCCCCOC(=O)CCN(CCC(=O)OCCCCCCCC/C=C\CC(CCCCCC)OC(=O)CCCCCCC/C=C\CCCCCCCC)CCc1ccncc1)CCCCCC,JW_2024,JW_2024,1
-5.0812025,-0.43122981,CCCCCCCC/C=C\CCCCCCCC(=O)OC(C/C=C\CCCCCCCCOC(=O)CCN(CCC(=O)OCCCCCCCC/C=C\CC(CCCCCC)OC(=O)CCCCCCC/C=C\CCCCCCCC)CCc1ccncc1)CCCCCC,JW_2024,JW_2024,0
-4.257804,0.594185879,CCCCCCCC/C=C\CCCCCCCC(=O)OC(C/C=C\CCCCCCCCOC(=O)CCN(CCC(=O)OCCCCCCCC/C=C\CC(CCCCCC)OC(=O)CCCCCCC/C=C\CCCCCCCC)CCc1ccncc1)CCCCCC,JW_2024,JW_2024,1
-4.935786,-1.258758261,CCCCCCCC/C=C\CCCCCCCC(=O)OC(C/C=C\CCCCCCCCOC(=O)CCN(CCC(=O)OCCCCCCCC/C=C\CC(CCCCCC)OC(=O)CCCCCCC/C=C\CCCCCCCC)CCc1ccncc1)CCCCCC,JW_2024,JW_2024,0
-5.791223,0.801067992,CCCCCCCC/C=C\CCCCCCCC(=O)OC(C/C=C\CCCCCCCCOC(=O)CCN(CCC(=O)OCCCCCCCC/C=C\CC(CCCCCC)OC(=O)CCCCCCC/C=C\CCCCCCCC)CCc1ccncc1)CCCCCC,JW_2024,JW_2024,1
-4.274851,-1.015896651,CCCCCCCC/C=C\CCCCCCCC(=O)OC(C/C=C\CCCCCCCCOC(=O)CCN(CCC(=O)OCCCCCCCC/C=C\CC(CCCCCC)OC(=O)CCCCCCC/C=C\CCCCCCCC)CCc1ccncc1)CCCCCC,JW_2024,JW_2024,0
-5.0765705,-1.438655751,CCCCCCCC/C=C\CCCCCCCC(=O)OC(C/C=C\CCCCCCCCOC(=O)CCN(CCC(=O)OCCCCCCCC/C=C\CC(CCCCCC)OC(=O)CCCCCCC/C=C\CCCCCCCC)CCc1ccncc1)CCCCCC,JW_2024,JW_2024,0
-6.824008,-1.0338864,CCCCCCCC/C=C\CCCCCCCC(=O)OC(C/C=C\CCCCCCCCOC(=O)CCN(CCC(=O)OCCCCCCCC/C=C\CC(CCCCCC)OC(=O)CCCCCCC/C=C\CCCCCCCC)CCc1ccncc1)CCCCCC,JW_2024,JW_2024,0
-5.944812,-0.00847071,CCCCCCCC/C=C\CCCCCCCC(=O)OC(C/C=C\CCCCCCCCOC(=O)CCN(CCC(=O)OCCCCCCCC/C=C\CC(CCCCCC)OC(=O)CCCCCCC/C=C\CCCCCCCC)CCN1CCCC1)CCCCCC,JW_2024,JW_2024,0
-5.117447,-0.152388702,CCCCCCCC/C=C\CCCCCCCC(=O)OC(C/C=C\CCCCCCCCOC(=O)CCN(CCC(=O)OCCCCCCCC/C=C\CC(CCCCCC)OC(=O)CCCCCCC/C=C\CCCCCCCC)CCN1CCCC1)CCCCCC,JW_2024,JW_2024,0
-5.843512,0.558206382,CCCCCCCC/C=C\CCCCCCCC(=O)OC(C/C=C\CCCCCCCCOC(=O)CCN(CCC(=O)OCCCCCCCC/C=C\CC(CCCCCC)OC(=O)CCCCCCC/C=C\CCCCCCCC)CCN1CCCC1)CCCCCC,JW_2024,JW_2024,1
-6.1221294,0.729108996,CCCCCCCC/C=C\CCCCCCCC(=O)OC(C/C=C\CCCCCCCCOC(=O)CCN(CCC(=O)OCCCCCCCC/C=C\CC(CCCCCC)OC(=O)CCCCCCC/C=C\CCCCCCCC)CCN1CCCC1)CCCCCC,JW_2024,JW_2024,1
-6.528768,-0.017465585,CCCCCCCC/C=C\CCCCCCCC(=O)OC(C/C=C\CCCCCCCCOC(=O)CCN(CCC(=O)OCCCCCCCC/C=C\CC(CCCCCC)OC(=O)CCCCCCC/C=C\CCCCCCCC)CCN1CCCC1)CCCCCC,JW_2024,JW_2024,0
-6.0700526,-0.026460459,CCCCCCCC/C=C\CCCCCCCC(=O)OC(C/C=C\CCCCCCCCOC(=O)CCN(CCC(=O)OCCCCCCCC/C=C\CC(CCCCCC)OC(=O)CCCCCCC/C=C\CCCCCCCC)CCN1CCCC1)CCCCCC,JW_2024,JW_2024,0
-6.9093137,1.547642573,CCCCCCCC/C=C\CCCCCCCC(=O)OC(C/C=C\CCCCCCCCOC(=O)CCN(CCC(=O)OCCCCCCCC/C=C\CC(CCCCCC)OC(=O)CCCCCCC/C=C\CCCCCCCC)CCN1CCCC1)CCCCCC,JW_2024,JW_2024,2
-6.175426,-0.952932529,CCCCCCCC/C=C\CCCCCCCC(=O)OC(C/C=C\CCCCCCCCOC(=O)CCN(CCC(=O)OCCCCCCCC/C=C\CC(CCCCCC)OC(=O)CCCCCCC/C=C\CCCCCCCC)CCN1CCCC1)CCCCCC,JW_2024,JW_2024,0
-5.0945134,1.376739958,CCCCCCCC/C=C\CCCCCCCC(=O)OC(C/C=C\CCCCCCCCOC(=O)CCN(CCC(=O)OCCCCCCCC/C=C\CC(CCCCCC)OC(=O)CCCCCCC/C=C\CCCCCCCC)CCN1CCCC1)CCCCCC,JW_2024,JW_2024,2
-6.0053596,1.034934728,CCCCCCCC/C=C\CCCCCCCC(=O)OC(C/C=C\CCCCCCCCOC(=O)CCN(CCC(=O)OCCCCCCCC/C=C\CC(CCCCCC)OC(=O)CCCCCCC/C=C\CCCCCCCC)CCN1CCCC1)CCCCCC,JW_2024,JW_2024,1
-5.7957907,1.142873222,CCCCCCCC/C=C\CCCCCCCC(=O)OC(C/C=C\CCCCCCCCOC(=O)CCN(CCC(=O)OCCCCCCCC/C=C\CC(CCCCCC)OC(=O)CCCCCCC/C=C\CCCCCCCC)CCN1CCCC1)CCCCCC,JW_2024,JW_2024,1
-5.4881063,-0.143393827,CCCCCCCC/C=C\CCCCCCCC(=O)OC(C/C=C\CCCCCCCCOC(=O)CCN(CCC(=O)OCCCCCCCC/C=C\CC(CCCCCC)OC(=O)CCCCCCC/C=C\CCCCCCCC)CCN1CCCC1)CCCCCC,JW_2024,JW_2024,0
-6.283974,-0.251332321,CCCCCCCC/C=C\CCCCCCCC(=O)OC(C/C=C\CCCCCCCCOC(=O)CCN(CCC(=O)OCCCCCCCC/C=C\CC(CCCCCC)OC(=O)CCCCCCC/C=C\CCCCCCCC)CCN1CCCC1)CCCCCC,JW_2024,JW_2024,0
-6.8948812,0.657150001,CCCCCCCC/C=C\CCCCCCCC(=O)OC(C/C=C\CCCCCCCCOC(=O)CCN(CCC(=O)OCCCCCCCC/C=C\CC(CCCCCC)OC(=O)CCCCCCC/C=C\CCCCCCCC)CCN1CCCC1)CCCCCC,JW_2024,JW_2024,1
-6.0825977,-0.341281065,CCCCCCCC/C=C\CCCCCCCC(=O)OC(C/C=C\CCCCCCCCOC(=O)CCN(CCC(=O)OCCCCCCCC/C=C\CC(CCCCCC)OC(=O)CCCCCCC/C=C\CCCCCCCC)CCN1CCCC1)CCCCCC,JW_2024,JW_2024,0
-6.2902627,-0.206357948,CCCCCCCC/C=C\CCCCCCCC(=O)OC(C/C=C\CCCCCCCCOC(=O)CCN(CCC(=O)OCCCCCCCC/C=C\CC(CCCCCC)OC(=O)CCCCCCC/C=C\CCCCCCCC)CCN1CCCC1)CCCCCC,JW_2024,JW_2024,0
-6.164431,0.909006486,CCCCCCCC/C=C\CCCCCCCC(=O)OC(C/C=C\CCCCCCCCOC(=O)CCN(CCC(=O)OCCCCCCCC/C=C\CC(CCCCCC)OC(=O)CCCCCCC/C=C\CCCCCCCC)CCN1CCCC1)CCCCCC,JW_2024,JW_2024,1
-6.17718,1.151868096,CCCCCCCC/C=C\CCCCCCCC(=O)OC(C/C=C\CCCCCCCCOC(=O)CCN(CCC(=O)OCCCCCCCC/C=C\CC(CCCCCC)OC(=O)CCCCCCC/C=C\CCCCCCCC)CCN1CCCC1)CCCCCC,JW_2024,JW_2024,1
-7.0195355,1.439704079,CCCCCCCC/C=C\CCCCCCCC(=O)OC(C/C=C\CCCCCCCCOC(=O)CCN(CCC(=O)OCCCCCCCC/C=C\CC(CCCCCC)OC(=O)CCCCCCC/C=C\CCCCCCCC)CCN1CCCC1)CCCCCC,JW_2024,JW_2024,2
-5.730172,1.826483682,CCCCCCCC/C=C\CCCCCCCC(=O)OC(C/C=C\CCCCCCCCOC(=O)CCN(CCC(=O)OCCCCCCCC/C=C\CC(CCCCCC)OC(=O)CCCCCCC/C=C\CCCCCCCC)CCN1CCCC1)CCCCCC,JW_2024,JW_2024,2
-6.566396,0.324339645,CCCCCCCC/C=C\CCCCCCCC(=O)OC(C/C=C\CCCCCCCCOC(=O)CCN(CCC(=O)OCCCCCCCC/C=C\CC(CCCCCC)OC(=O)CCCCCCC/C=C\CCCCCCCC)CCN1CCCC1)CCCCCC,JW_2024,JW_2024,1
-5.963156,0.962975733,CCCCCCCC/C=C\CCCCCCCC(=O)OC(C/C=C\CCCCCCCCOC(=O)CCN(CCC(=O)OCCCCCCCC/C=C\CC(CCCCCC)OC(=O)CCCCCCC/C=C\CCCCCCCC)CCN1CCCC1)CCCCCC,JW_2024,JW_2024,1
-6.502786,0.67513975,CCCCCCCC/C=C\CCCCCCCC(=O)OC(C/C=C\CCCCCCCCOC(=O)CCN(CCC(=O)OCCCCCCCC/C=C\CC(CCCCCC)OC(=O)CCCCCCC/C=C\CCCCCCCC)CCN1CCCC1)CCCCCC,JW_2024,JW_2024,1
-7.0157585,0.900011611,CCCCCCCC/C=C\CCCCCCCC(=O)OC(C/C=C\CCCCCCCCOC(=O)CCN(CCC(=O)OCCCCCCCC/C=C\CC(CCCCCC)OC(=O)CCCCCCC/C=C\CCCCCCCC)CCN1CCCC1)CCCCCC,JW_2024,JW_2024,1
-3.4857666,-1.087855646,CCCCCCCC/C=C\CCCCCCCC(=O)OC(C/C=C\CCCCCCCCOC(=O)CCN(CCC(=O)OCCCCCCCC/C=C\CC(CCCCCC)OC(=O)CCCCCCC/C=C\CCCCCCCC)CCN1CCOCC1)CCCCCC,JW_2024,JW_2024,0
-2.8800724,-1.294737759,CCCCCCCC/C=C\CCCCCCCC(=O)OC(C/C=C\CCCCCCCCOC(=O)CCN(CCC(=O)OCCCCCCCC/C=C\CC(CCCCCC)OC(=O)CCCCCCC/C=C\CCCCCCCC)CCN1CCOCC1)CCCCCC,JW_2024,JW_2024,0
-4.1705437,-0.449219559,CCCCCCCC/C=C\CCCCCCCC(=O)OC(C/C=C\CCCCCCCCOC(=O)CCN(CCC(=O)OCCCCCCCC/C=C\CC(CCCCCC)OC(=O)CCCCCCC/C=C\CCCCCCCC)CCN1CCOCC1)CCCCCC,JW_2024,JW_2024,0
-3.4857666,-0.359270814,CCCCCCCC/C=C\CCCCCCCC(=O)OC(C/C=C\CCCCCCCCOC(=O)CCN(CCC(=O)OCCCCCCCC/C=C\CC(CCCCCC)OC(=O)CCCCCCC/C=C\CCCCCCCC)CCN1CCOCC1)CCCCCC,JW_2024,JW_2024,0
-3.5131388,-1.024891525,CCCCCCCC/C=C\CCCCCCCC(=O)OC(C/C=C\CCCCCCCCOC(=O)CCN(CCC(=O)OCCCCCCCC/C=C\CC(CCCCCC)OC(=O)CCCCCCC/C=C\CCCCCCCC)CCN1CCOCC1)CCCCCC,JW_2024,JW_2024,0
-4.091261,-0.530173429,CCCCCCCC/C=C\CCCCCCCC(=O)OC(C/C=C\CCCCCCCCOC(=O)CCN(CCC(=O)OCCCCCCCC/C=C\CC(CCCCCC)OC(=O)CCCCCCC/C=C\CCCCCCCC)CCN1CCOCC1)CCCCCC,JW_2024,JW_2024,0
-5.2722135,-0.017465585,CCCCCCCC/C=C\CCCCCCCC(=O)OC(C/C=C\CCCCCCCCOC(=O)CCN(CCC(=O)OCCCCCCCC/C=C\CC(CCCCCC)OC(=O)CCCCCCC/C=C\CCCCCCCC)CCN1CCOCC1)CCCCCC,JW_2024,JW_2024,0
-3.524581,-2.014327717,CCCCCCCC/C=C\CCCCCCCC(=O)OC(C/C=C\CCCCCCCCOC(=O)CCN(CCC(=O)OCCCCCCCC/C=C\CC(CCCCCC)OC(=O)CCCCCCC/C=C\CCCCCCCC)CCN1CCOCC1)CCCCCC,JW_2024,JW_2024,0
-2.5337698,-0.557158053,CCCCCCCC/C=C\CCCCCCCC(=O)OC(C/C=C\CCCCCCCCOC(=O)CCN(CCC(=O)OCCCCCCCC/C=C\CC(CCCCCC)OC(=O)CCCCCCC/C=C\CCCCCCCC)CCN1CCOCC1)CCCCCC,JW_2024,JW_2024,0
-3.3407989,-0.485199057,CCCCCCCC/C=C\CCCCCCCC(=O)OC(C/C=C\CCCCCCCCOC(=O)CCN(CCC(=O)OCCCCCCCC/C=C\CC(CCCCCC)OC(=O)CCCCCCC/C=C\CCCCCCCC)CCN1CCOCC1)CCCCCC,JW_2024,JW_2024,0
-3.949982,0.261375524,CCCCCCCC/C=C\CCCCCCCC(=O)OC(C/C=C\CCCCCCCCOC(=O)CCN(CCC(=O)OCCCCCCCC/C=C\CC(CCCCCC)OC(=O)CCCCCCC/C=C\CCCCCCCC)CCN1CCOCC1)CCCCCC,JW_2024,JW_2024,1
-2.8038175,-1.555589119,CCCCCCCC/C=C\CCCCCCCC(=O)OC(C/C=C\CCCCCCCCOC(=O)CCN(CCC(=O)OCCCCCCCC/C=C\CC(CCCCCC)OC(=O)CCCCCCC/C=C\CCCCCCCC)CCN1CCOCC1)CCCCCC,JW_2024,JW_2024,0
-3.4270732,-1.231773638,CCCCCCCC/C=C\CCCCCCCC(=O)OC(C/C=C\CCCCCCCCOC(=O)CCN(CCC(=O)OCCCCCCCC/C=C\CC(CCCCCC)OC(=O)CCCCCCC/C=C\CCCCCCCC)CCN1CCOCC1)CCCCCC,JW_2024,JW_2024,0
-5.1881347,-0.143393827,CCCCCCCC/C=C\CCCCCCCC(=O)OC(C/C=C\CCCCCCCCOC(=O)CCN(CCC(=O)OCCCCCCCC/C=C\CC(CCCCCC)OC(=O)CCCCCCC/C=C\CCCCCCCC)CCN1CCOCC1)CCCCCC,JW_2024,JW_2024,0
-2.090589,-0.521178555,CCCCCCCC/C=C\CCCCCCCC(=O)OC(C/C=C\CCCCCCCCOC(=O)CCN(CCCN(CC)CC)CCC(=O)OCCCCCCCC/C=C\CC(CCCCCC)OC(=O)CCCCCCC/C=C\CCCCCCCC)CCCCCC,JW_2024,JW_2024,0
-1.9801778,-0.017465585,CCCCCCCC/C=C\CCCCCCCC(=O)OC(C/C=C\CCCCCCCCOC(=O)CCN(CCCN(CC)CC)CCC(=O)OCCCCCCCC/C=C\CC(CCCCCC)OC(=O)CCCCCCC/C=C\CCCCCCCC)CCCCCC,JW_2024,JW_2024,0
-2.5624285,-0.287311819,CCCCCCCC/C=C\CCCCCCCC(=O)OC(C/C=C\CCCCCCCCOC(=O)CCN(CCCN(CC)CC)CCC(=O)OCCCCCCCC/C=C\CC(CCCCCC)OC(=O)CCCCCCC/C=C\CCCCCCCC)CCCCCC,JW_2024,JW_2024,0
-2.2133179,-0.440224685,CCCCCCCC/C=C\CCCCCCCC(=O)OC(C/C=C\CCCCCCCCOC(=O)CCN(CCCN(CC)CC)CCC(=O)OCCCCCCCC/C=C\CC(CCCCCC)OC(=O)CCCCCCC/C=C\CCCCCCCC)CCCCCC,JW_2024,JW_2024,0
-2.5521202,0.558206382,CCCCCCCC/C=C\CCCCCCCC(=O)OC(C/C=C\CCCCCCCCOC(=O)CCN(CCCN(CC)CC)CCC(=O)OCCCCCCCC/C=C\CC(CCCCCC)OC(=O)CCCCCCC/C=C\CCCCCCCC)CCCCCC,JW_2024,JW_2024,1
-2.5749578,-0.413240061,CCCCCCCC/C=C\CCCCCCCC(=O)OC(C/C=C\CCCCCCCCOC(=O)CCN(CCCN(CC)CC)CCC(=O)OCCCCCCCC/C=C\CC(CCCCCC)OC(=O)CCCCCCC/C=C\CCCCCCCC)CCCCCC,JW_2024,JW_2024,0
-3.2282507,0.873026988,CCCCCCCC/C=C\CCCCCCCC(=O)OC(C/C=C\CCCCCCCCOC(=O)CCN(CCCN(CC)CC)CCC(=O)OCCCCCCCC/C=C\CC(CCCCCC)OC(=O)CCCCCCC/C=C\CCCCCCCC)CCCCCC,JW_2024,JW_2024,1
-3.1526182,-0.889968408,CCCCCCCC/C=C\CCCCCCCC(=O)OC(C/C=C\CCCCCCCCOC(=O)CCN(CCCN(CC)CC)CCC(=O)OCCCCCCCC/C=C\CC(CCCCCC)OC(=O)CCCCCCC/C=C\CCCCCCCC)CCCCCC,JW_2024,JW_2024,0
-1.879754,1.547642573,CCCCCCCC/C=C\CCCCCCCC(=O)OC(C/C=C\CCCCCCCCOC(=O)CCN(CCCN(CC)CC)CCC(=O)OCCCCCCCC/C=C\CC(CCCCCC)OC(=O)CCCCCCC/C=C\CCCCCCCC)CCCCCC,JW_2024,JW_2024,2
-3.186919,-0.062439957,CCCCCCCC/C=C\CCCCCCCC(=O)OC(C/C=C\CCCCCCCCOC(=O)CCN(CCCN(CC)CC)CCC(=O)OCCCCCCCC/C=C\CC(CCCCCC)OC(=O)CCCCCCC/C=C\CCCCCCCC)CCCCCC,JW_2024,JW_2024,0
-2.543187,1.439704079,CCCCCCCC/C=C\CCCCCCCC(=O)OC(C/C=C\CCCCCCCCOC(=O)CCN(CCCN(CC)CC)CCC(=O)OCCCCCCCC/C=C\CC(CCCCCC)OC(=O)CCCCCCC/C=C\CCCCCCCC)CCCCCC,JW_2024,JW_2024,2
-2.5161896,0.243385775,CCCCCCCC/C=C\CCCCCCCC(=O)OC(C/C=C\CCCCCCCCOC(=O)CCN(CCCN(CC)CC)CCC(=O)OCCCCCCCC/C=C\CC(CCCCCC)OC(=O)CCCCCCC/C=C\CCCCCCCC)CCCCCC,JW_2024,JW_2024,1
-3.0814905,-0.08942458,CCCCCCCC/C=C\CCCCCCCC(=O)OC(C/C=C\CCCCCCCCOC(=O)CCN(CCCN(CC)CC)CCC(=O)OCCCCCCCC/C=C\CC(CCCCCC)OC(=O)CCCCCCC/C=C\CCCCCCCC)CCCCCC,JW_2024,JW_2024,0
-3.9018414,0.738103871,CCCCCCCC/C=C\CCCCCCCC(=O)OC(C/C=C\CCCCCCCCOC(=O)CCN(CCCN(CC)CC)CCC(=O)OCCCCCCCC/C=C\CC(CCCCCC)OC(=O)CCCCCCC/C=C\CCCCCCCC)CCCCCC,JW_2024,JW_2024,1
-2.2376692,1.286791213,CCCCCCCC/C=C\CCCCCCCC(=O)OC(C/C=C\CCCCCCCCOC(=O)CCN(CCCN(CC)CC)CCC(=O)OCCCCCCCC/C=C\CC(CCCCCC)OC(=O)CCCCCCC/C=C\CCCCCCCC)CCCCCC,JW_2024,JW_2024,1
-2.4638078,0.387303767,CCCCCCCC/C=C\CCCCCCCC(=O)OC(C/C=C\CCCCCCCCOC(=O)CCN(CCCN(CC)CC)CCC(=O)OCCCCCCCC/C=C\CC(CCCCCC)OC(=O)CCCCCCC/C=C\CCCCCCCC)CCCCCC,JW_2024,JW_2024,1
-3.3112116,0.432278139,CCCCCCCC/C=C\CCCCCCCC(=O)OC(C/C=C\CCCCCCCCOC(=O)CCN(CCCN(CC)CC)CCC(=O)OCCCCCCCC/C=C\CC(CCCCCC)OC(=O)CCCCCCC/C=C\CCCCCCCC)CCCCCC,JW_2024,JW_2024,1
-2.4717488,1.115888599,CCCCCCCC/C=C\CCCCCCCC(=O)OC(C/C=C\CCCCCCCCOC(=O)CCN(CCCN(CC)CC)CCC(=O)OCCCCCCCC/C=C\CC(CCCCCC)OC(=O)CCCCCCC/C=C\CCCCCCCC)CCCCCC,JW_2024,JW_2024,1
-4.212329,1.205837343,CCCCCCCC/C=C\CCCCCCCC(=O)OC(C/C=C\CCCCCCCCOC(=O)CCN(CCCN(CC)CC)CCC(=O)OCCCCCCCC/C=C\CC(CCCCCC)OC(=O)CCCCCCC/C=C\CCCCCCCC)CCCCCC,JW_2024,JW_2024,1
-2.0755105,1.817488807,CCCCCCCC/C=C\CCCCCCCC(=O)OC(C/C=C\CCCCCCCCOC(=O)CCN(CCCN(CC)CC)CCC(=O)OCCCCCCCC/C=C\CC(CCCCCC)OC(=O)CCCCCCC/C=C\CCCCCCCC)CCCCCC,JW_2024,JW_2024,2
-3.0207882,0.567201256,CCCCCCCC/C=C\CCCCCCCC(=O)OC(C/C=C\CCCCCCCCOC(=O)CCN(CCCN(CC)CC)CCC(=O)OCCCCCCCC/C=C\CC(CCCCCC)OC(=O)CCCCCCC/C=C\CCCCCCCC)CCCCCC,JW_2024,JW_2024,1
-1.8995299,1.484678452,CCCCCCCC/C=C\CCCCCCCC(=O)OC(C/C=C\CCCCCCCCOC(=O)CCN(CCCN(CC)CC)CCC(=O)OCCCCCCCC/C=C\CC(CCCCCC)OC(=O)CCCCCCC/C=C\CCCCCCCC)CCCCCC,JW_2024,JW_2024,2
-2.410446,0.33333452,CCCCCCCC/C=C\CCCCCCCC(=O)OC(C/C=C\CCCCCCCCOC(=O)CCN(CCCN(CC)CC)CCC(=O)OCCCCCCCC/C=C\CC(CCCCCC)OC(=O)CCCCCCC/C=C\CCCCCCCC)CCCCCC,JW_2024,JW_2024,1
-3.4903655,0.612175628,CCCCCCCC/C=C\CCCCCCCC(=O)OC(C/C=C\CCCCCCCCOC(=O)CCN(CCCN(CC)CC)CCC(=O)OCCCCCCCC/C=C\CC(CCCCCC)OC(=O)CCCCCCC/C=C\CCCCCCCC)CCCCCC,JW_2024,JW_2024,1
-4.6632566,-1.708501985,CCCCC/C=C\C/C=C\CCCCCCCC(=O)OC(C/C=C\CCCCCCCCOC(=O)CCN(CCCn1ccnc1)CCC(=O)OCCCCCCCC/C=C\CC(CCCCCC)OC(=O)CCCCCCC/C=C\C/C=C\CCCCC)CCCCCC,JW_2024,JW_2024,0
-4.2435746,-1.771466106,CCCCC/C=C\C/C=C\CCCCCCCC(=O)OC(C/C=C\CCCCCCCCOC(=O)CCN(CCCn1ccnc1)CCC(=O)OCCCCCCCC/C=C\CC(CCCCCC)OC(=O)CCCCCCC/C=C\C/C=C\CCCCC)CCCCCC,JW_2024,JW_2024,0
-5.740086,-0.970922278,CCCCC/C=C\C/C=C\CCCCCCCC(=O)OC(C/C=C\CCCCCCCCOC(=O)CCN(CCCn1ccnc1)CCC(=O)OCCCCCCCC/C=C\CC(CCCCCC)OC(=O)CCCCCCC/C=C\C/C=C\CCCCC)CCCCCC,JW_2024,JW_2024,0
-5.0309024,-1.096850521,CCCCC/C=C\C/C=C\CCCCCCCC(=O)OC(C/C=C\CCCCCCCCOC(=O)CCN(CCCn1ccnc1)CCC(=O)OCCCCCCCC/C=C\CC(CCCCCC)OC(=O)CCCCCCC/C=C\C/C=C\CCCCC)CCCCCC,JW_2024,JW_2024,0
-4.765534,-1.762471232,CCCCC/C=C\C/C=C\CCCCCCCC(=O)OC(C/C=C\CCCCCCCCOC(=O)CCN(CCCn1ccnc1)CCC(=O)OCCCCCCCC/C=C\CC(CCCCCC)OC(=O)CCCCCCC/C=C\C/C=C\CCCCC)CCCCCC,JW_2024,JW_2024,0
-5.9612527,-1.888399474,CCCCC/C=C\C/C=C\CCCCCCCC(=O)OC(C/C=C\CCCCCCCCOC(=O)CCN(CCCn1ccnc1)CCC(=O)OCCCCCCCC/C=C\CC(CCCCCC)OC(=O)CCCCCCC/C=C\C/C=C\CCCCC)CCCCCC,JW_2024,JW_2024,0
-6.1890593,-0.053445082,CCCCC/C=C\C/C=C\CCCCCCCC(=O)OC(C/C=C\CCCCCCCCOC(=O)CCN(CCCn1ccnc1)CCC(=O)OCCCCCCCC/C=C\CC(CCCCCC)OC(=O)CCCCCCC/C=C\C/C=C\CCCCC)CCCCCC,JW_2024,JW_2024,0
-5.247953,-2.356132947,CCCCC/C=C\C/C=C\CCCCCCCC(=O)OC(C/C=C\CCCCCCCCOC(=O)CCN(CCCn1ccnc1)CCC(=O)OCCCCCCCC/C=C\CC(CCCCCC)OC(=O)CCCCCCC/C=C\C/C=C\CCCCC)CCCCCC,JW_2024,JW_2024,0
-4.067969,-0.737055542,CCCCC/C=C\C/C=C\CCCCCCCC(=O)OC(C/C=C\CCCCCCCCOC(=O)CCN(CCCn1ccnc1)CCC(=O)OCCCCCCCC/C=C\CC(CCCCCC)OC(=O)CCCCCCC/C=C\C/C=C\CCCCC)CCCCCC,JW_2024,JW_2024,0
-4.986511,-1.213783889,CCCCC/C=C\C/C=C\CCCCCCCC(=O)OC(C/C=C\CCCCCCCCOC(=O)CCN(CCCn1ccnc1)CCC(=O)OCCCCCCCC/C=C\CC(CCCCCC)OC(=O)CCCCCCC/C=C\C/C=C\CCCCC)CCCCCC,JW_2024,JW_2024,0
-5.846911,-0.485199057,CCCCC/C=C\C/C=C\CCCCCCCC(=O)OC(C/C=C\CCCCCCCCOC(=O)CCN(CCCn1ccnc1)CCC(=O)OCCCCCCCC/C=C\CC(CCCCCC)OC(=O)CCCCCCC/C=C\C/C=C\CCCCC)CCCCCC,JW_2024,JW_2024,0
-4.1650376,-1.645537863,CCCCC/C=C\C/C=C\CCCCCCCC(=O)OC(C/C=C\CCCCCCCCOC(=O)CCN(CCCn1ccnc1)CCC(=O)OCCCCCCCC/C=C\CC(CCCCCC)OC(=O)CCCCCCC/C=C\C/C=C\CCCCC)CCCCCC,JW_2024,JW_2024,0
-5.2182918,-1.564583993,CCCCC/C=C\C/C=C\CCCCCCCC(=O)OC(C/C=C\CCCCCCCCOC(=O)CCN(CCCn1ccnc1)CCC(=O)OCCCCCCCC/C=C\CC(CCCCCC)OC(=O)CCCCCCC/C=C\C/C=C\CCCCC)CCCCCC,JW_2024,JW_2024,0
-6.8193603,-0.952932529,CCCCC/C=C\C/C=C\CCCCCCCC(=O)OC(C/C=C\CCCCCCCCOC(=O)CCN(CCCn1ccnc1)CCC(=O)OCCCCCCCC/C=C\CC(CCCCCC)OC(=O)CCCCCCC/C=C\C/C=C\CCCCC)CCCCCC,JW_2024,JW_2024,0
-3.1568544,-1.132830019,CCCCC/C=C\C/C=C\CCCCCCCC(=O)OC(C/C=C\CCCCCCCCOC(=O)CCN(CCC(=O)OCCCCCCCC/C=C\CC(CCCCCC)OC(=O)CCCCCCC/C=C\C/C=C\CCCCC)CCc1ccncc1)CCCCCC,JW_2024,JW_2024,0
-2.5820334,-0.404245187,CCCCC/C=C\C/C=C\CCCCCCCC(=O)OC(C/C=C\CCCCCCCCOC(=O)CCN(CCC(=O)OCCCCCCCC/C=C\CC(CCCCCC)OC(=O)CCCCCCC/C=C\C/C=C\CCCCC)CCc1ccncc1)CCCCCC,JW_2024,JW_2024,0
-4.5947556,-0.242337446,CCCCC/C=C\C/C=C\CCCCCCCC(=O)OC(C/C=C\CCCCCCCCOC(=O)CCN(CCC(=O)OCCCCCCCC/C=C\CC(CCCCCC)OC(=O)CCCCCCC/C=C\C/C=C\CCCCC)CCc1ccncc1)CCCCCC,JW_2024,JW_2024,0
-3.2291336,-0.584142676,CCCCC/C=C\C/C=C\CCCCCCCC(=O)OC(C/C=C\CCCCCCCCOC(=O)CCN(CCC(=O)OCCCCCCCC/C=C\CC(CCCCCC)OC(=O)CCCCCCC/C=C\C/C=C\CCCCC)CCc1ccncc1)CCCCCC,JW_2024,JW_2024,0
-2.915895,-0.93494278,CCCCC/C=C\C/C=C\CCCCCCCC(=O)OC(C/C=C\CCCCCCCCOC(=O)CCN(CCC(=O)OCCCCCCCC/C=C\CC(CCCCCC)OC(=O)CCCCCCC/C=C\C/C=C\CCCCC)CCc1ccncc1)CCCCCC,JW_2024,JW_2024,0
-4.6767373,-0.800019663,CCCCC/C=C\C/C=C\CCCCCCCC(=O)OC(C/C=C\CCCCCCCCOC(=O)CCN(CCC(=O)OCCCCCCCC/C=C\CC(CCCCCC)OC(=O)CCCCCCC/C=C\C/C=C\CCCCC)CCc1ccncc1)CCCCCC,JW_2024,JW_2024,0
-5.447264,-0.35027594,CCCCC/C=C\C/C=C\CCCCCCCC(=O)OC(C/C=C\CCCCCCCCOC(=O)CCN(CCC(=O)OCCCCCCCC/C=C\CC(CCCCCC)OC(=O)CCCCCCC/C=C\C/C=C\CCCCC)CCc1ccncc1)CCCCCC,JW_2024,JW_2024,0
-3.1087646,-1.222778763,CCCCC/C=C\C/C=C\CCCCCCCC(=O)OC(C/C=C\CCCCCCCCOC(=O)CCN(CCC(=O)OCCCCCCCC/C=C\CC(CCCCCC)OC(=O)CCCCCCC/C=C\C/C=C\CCCCC)CCc1ccncc1)CCCCCC,JW_2024,JW_2024,0
-2.599077,0.666144875,CCCCC/C=C\C/C=C\CCCCCCCC(=O)OC(C/C=C\CCCCCCCCOC(=O)CCN(CCC(=O)OCCCCCCCC/C=C\CC(CCCCCC)OC(=O)CCCCCCC/C=C\C/C=C\CCCCC)CCc1ccncc1)CCCCCC,JW_2024,JW_2024,1
-3.0693083,-0.871978659,CCCCC/C=C\C/C=C\CCCCCCCC(=O)OC(C/C=C\CCCCCCCCOC(=O)CCN(CCC(=O)OCCCCCCCC/C=C\CC(CCCCCC)OC(=O)CCCCCCC/C=C\C/C=C\CCCCC)CCc1ccncc1)CCCCCC,JW_2024,JW_2024,0
-4.6419525,0.711119248,CCCCC/C=C\C/C=C\CCCCCCCC(=O)OC(C/C=C\CCCCCCCCOC(=O)CCN(CCC(=O)OCCCCCCCC/C=C\CC(CCCCCC)OC(=O)CCCCCCC/C=C\C/C=C\CCCCC)CCc1ccncc1)CCCCCC,JW_2024,JW_2024,1
-2.206588,-0.988912027,CCCCC/C=C\C/C=C\CCCCCCCC(=O)OC(C/C=C\CCCCCCCCOC(=O)CCN(CCC(=O)OCCCCCCCC/C=C\CC(CCCCCC)OC(=O)CCCCCCC/C=C\C/C=C\CCCCC)CCc1ccncc1)CCCCCC,JW_2024,JW_2024,0
-3.2312744,-1.330717257,CCCCC/C=C\C/C=C\CCCCCCCC(=O)OC(C/C=C\CCCCCCCCOC(=O)CCN(CCC(=O)OCCCCCCCC/C=C\CC(CCCCCC)OC(=O)CCCCCCC/C=C\C/C=C\CCCCC)CCc1ccncc1)CCCCCC,JW_2024,JW_2024,0
-5.856692,-1.051876148,CCCCC/C=C\C/C=C\CCCCCCCC(=O)OC(C/C=C\CCCCCCCCOC(=O)CCN(CCC(=O)OCCCCCCCC/C=C\CC(CCCCCC)OC(=O)CCCCCCC/C=C\C/C=C\CCCCC)CCc1ccncc1)CCCCCC,JW_2024,JW_2024,0
-4.907075,0.360319143,CCCCC/C=C\C/C=C\CCCCCCCC(=O)OC(C/C=C\CCCCCCCCOC(=O)CCN(CCC(=O)OCCCCCCCC/C=C\CC(CCCCCC)OC(=O)CCCCCCC/C=C\C/C=C\CCCCC)CCN1CCCC1)CCCCCC,JW_2024,JW_2024,1
-4.1577077,0.477252511,CCCCC/C=C\C/C=C\CCCCCCCC(=O)OC(C/C=C\CCCCCCCCOC(=O)CCN(CCC(=O)OCCCCCCCC/C=C\CC(CCCCCC)OC(=O)CCCCCCC/C=C\C/C=C\CCCCC)CCN1CCCC1)CCCCCC,JW_2024,JW_2024,1
-5.171862,0.549211507,CCCCC/C=C\C/C=C\CCCCCCCC(=O)OC(C/C=C\CCCCCCCCOC(=O)CCN(CCC(=O)OCCCCCCCC/C=C\CC(CCCCCC)OC(=O)CCCCCCC/C=C\C/C=C\CCCCC)CCN1CCCC1)CCCCCC,JW_2024,JW_2024,1
-5.029334,0.387303767,CCCCC/C=C\C/C=C\CCCCCCCC(=O)OC(C/C=C\CCCCCCCCOC(=O)CCN(CCC(=O)OCCCCCCCC/C=C\CC(CCCCCC)OC(=O)CCCCCCC/C=C\C/C=C\CCCCC)CCN1CCCC1)CCCCCC,JW_2024,JW_2024,1
-5.0168295,0.693129499,CCCCC/C=C\C/C=C\CCCCCCCC(=O)OC(C/C=C\CCCCCCCCOC(=O)CCN(CCC(=O)OCCCCCCCC/C=C\CC(CCCCCC)OC(=O)CCCCCCC/C=C\C/C=C\CCCCC)CCN1CCCC1)CCCCCC,JW_2024,JW_2024,1
-5.4110937,-0.188368199,CCCCC/C=C\C/C=C\CCCCCCCC(=O)OC(C/C=C\CCCCCCCCOC(=O)CCN(CCC(=O)OCCCCCCCC/C=C\CC(CCCCCC)OC(=O)CCCCCCC/C=C\C/C=C\CCCCC)CCN1CCCC1)CCCCCC,JW_2024,JW_2024,0
-6.1649947,1.646586192,CCCCC/C=C\C/C=C\CCCCCCCC(=O)OC(C/C=C\CCCCCCCCOC(=O)CCN(CCC(=O)OCCCCCCCC/C=C\CC(CCCCCC)OC(=O)CCCCCCC/C=C\C/C=C\CCCCC)CCN1CCCC1)CCCCCC,JW_2024,JW_2024,2
-4.8362556,-0.69208117,CCCCC/C=C\C/C=C\CCCCCCCC(=O)OC(C/C=C\CCCCCCCCOC(=O)CCN(CCC(=O)OCCCCCCCC/C=C\CC(CCCCCC)OC(=O)CCCCCCC/C=C\C/C=C\CCCCC)CCN1CCCC1)CCCCCC,JW_2024,JW_2024,0
-4.2984376,1.304780962,CCCCC/C=C\C/C=C\CCCCCCCC(=O)OC(C/C=C\CCCCCCCCOC(=O)CCN(CCC(=O)OCCCCCCCC/C=C\CC(CCCCCC)OC(=O)CCCCCCC/C=C\C/C=C\CCCCC)CCN1CCCC1)CCCCCC,JW_2024,JW_2024,1
-4.4754133,1.169857845,CCCCC/C=C\C/C=C\CCCCCCCC(=O)OC(C/C=C\CCCCCCCCOC(=O)CCN(CCC(=O)OCCCCCCCC/C=C\CC(CCCCCC)OC(=O)CCCCCCC/C=C\C/C=C\CCCCC)CCN1CCCC1)CCCCCC,JW_2024,JW_2024,1
-5.472963,1.403724582,CCCCC/C=C\C/C=C\CCCCCCCC(=O)OC(C/C=C\CCCCCCCCOC(=O)CCN(CCC(=O)OCCCCCCCC/C=C\CC(CCCCCC)OC(=O)CCCCCCC/C=C\C/C=C\CCCCC)CCN1CCCC1)CCCCCC,JW_2024,JW_2024,2
-3.9518158,0.243385775,CCCCC/C=C\C/C=C\CCCCCCCC(=O)OC(C/C=C\CCCCCCCCOC(=O)CCN(CCC(=O)OCCCCCCCC/C=C\CC(CCCCCC)OC(=O)CCCCCCC/C=C\C/C=C\CCCCC)CCN1CCCC1)CCCCCC,JW_2024,JW_2024,1
-4.3974967,-0.017465585,CCCCC/C=C\C/C=C\CCCCCCCC(=O)OC(C/C=C\CCCCCCCCOC(=O)CCN(CCC(=O)OCCCCCCCC/C=C\CC(CCCCCC)OC(=O)CCCCCCC/C=C\C/C=C\CCCCC)CCN1CCCC1)CCCCCC,JW_2024,JW_2024,0
-6.1437616,0.873026988,CCCCC/C=C\C/C=C\CCCCCCCC(=O)OC(C/C=C\CCCCCCCCOC(=O)CCN(CCC(=O)OCCCCCCCC/C=C\CC(CCCCCC)OC(=O)CCCCCCC/C=C\C/C=C\CCCCC)CCN1CCCC1)CCCCCC,JW_2024,JW_2024,1
-4.9071307,0.513232009,CCCCC/C=C\C/C=C\CCCCCCCC(=O)OC(C/C=C\CCCCCCCCOC(=O)CCN(CCC(=O)OCCCCCCCC/C=C\CC(CCCCCC)OC(=O)CCCCCCC/C=C\C/C=C\CCCCC)CCN1CCCC1)CCCCCC,JW_2024,JW_2024,1
-4.885066,-0.314296442,CCCCC/C=C\C/C=C\CCCCCCCC(=O)OC(C/C=C\CCCCCCCCOC(=O)CCN(CCC(=O)OCCCCCCCC/C=C\CC(CCCCCC)OC(=O)CCCCCCC/C=C\C/C=C\CCCCC)CCN1CCCC1)CCCCCC,JW_2024,JW_2024,0
-4.84549,0.57619613,CCCCC/C=C\C/C=C\CCCCCCCC(=O)OC(C/C=C\CCCCCCCCOC(=O)CCN(CCC(=O)OCCCCCCCC/C=C\CC(CCCCCC)OC(=O)CCCCCCC/C=C\C/C=C\CCCCC)CCN1CCCC1)CCCCCC,JW_2024,JW_2024,1
-4.9685707,1.034934728,CCCCC/C=C\C/C=C\CCCCCCCC(=O)OC(C/C=C\CCCCCCCCOC(=O)CCN(CCC(=O)OCCCCCCCC/C=C\CC(CCCCCC)OC(=O)CCCCCCC/C=C\C/C=C\CCCCC)CCN1CCCC1)CCCCCC,JW_2024,JW_2024,1
-6.4570174,1.070914226,CCCCC/C=C\C/C=C\CCCCCCCC(=O)OC(C/C=C\CCCCCCCCOC(=O)CCN(CCC(=O)OCCCCCCCC/C=C\CC(CCCCCC)OC(=O)CCCCCCC/C=C\C/C=C\CCCCC)CCN1CCCC1)CCCCCC,JW_2024,JW_2024,1
-5.580225,1.772514435,CCCCC/C=C\C/C=C\CCCCCCCC(=O)OC(C/C=C\CCCCCCCCOC(=O)CCN(CCC(=O)OCCCCCCCC/C=C\CC(CCCCCC)OC(=O)CCCCCCC/C=C\C/C=C\CCCCC)CCN1CCCC1)CCCCCC,JW_2024,JW_2024,2
-6.5113835,0.962975733,CCCCC/C=C\C/C=C\CCCCCCCC(=O)OC(C/C=C\CCCCCCCCOC(=O)CCN(CCC(=O)OCCCCCCCC/C=C\CC(CCCCCC)OC(=O)CCCCCCC/C=C\C/C=C\CCCCC)CCN1CCCC1)CCCCCC,JW_2024,JW_2024,1
-4.6928477,1.430709205,CCCCC/C=C\C/C=C\CCCCCCCC(=O)OC(C/C=C\CCCCCCCCOC(=O)CCN(CCC(=O)OCCCCCCCC/C=C\CC(CCCCCC)OC(=O)CCCCCCC/C=C\C/C=C\CCCCC)CCN1CCCC1)CCCCCC,JW_2024,JW_2024,2
-5.4277496,0.49524226,CCCCC/C=C\C/C=C\CCCCCCCC(=O)OC(C/C=C\CCCCCCCCOC(=O)CCN(CCC(=O)OCCCCCCCC/C=C\CC(CCCCCC)OC(=O)CCCCCCC/C=C\C/C=C\CCCCC)CCN1CCCC1)CCCCCC,JW_2024,JW_2024,1
-6.6252923,1.214832218,CCCCC/C=C\C/C=C\CCCCCCCC(=O)OC(C/C=C\CCCCCCCCOC(=O)CCN(CCC(=O)OCCCCCCCC/C=C\CC(CCCCCC)OC(=O)CCCCCCC/C=C\C/C=C\CCCCC)CCN1CCCC1)CCCCCC,JW_2024,JW_2024,1
-3.6856556,-1.231773638,CCCCC/C=C\C/C=C\CCCCCCCC(=O)OC(C/C=C\CCCCCCCCOC(=O)CCN(CCC(=O)OCCCCCCCC/C=C\CC(CCCCCC)OC(=O)CCCCCCC/C=C\C/C=C\CCCCC)CCN1CCOCC1)CCCCCC,JW_2024,JW_2024,0
-3.4924772,-1.627548115,CCCCC/C=C\C/C=C\CCCCCCCC(=O)OC(C/C=C\CCCCCCCCOC(=O)CCN(CCC(=O)OCCCCCCCC/C=C\CC(CCCCCC)OC(=O)CCCCCCC/C=C\C/C=C\CCCCC)CCN1CCOCC1)CCCCCC,JW_2024,JW_2024,0
-4.5668154,-0.871978659,CCCCC/C=C\C/C=C\CCCCCCCC(=O)OC(C/C=C\CCCCCCCCOC(=O)CCN(CCC(=O)OCCCCCCCC/C=C\CC(CCCCCC)OC(=O)CCCCCCC/C=C\C/C=C\CCCCC)CCN1CCOCC1)CCCCCC,JW_2024,JW_2024,0
-3.6856556,-1.600563491,CCCCC/C=C\C/C=C\CCCCCCCC(=O)OC(C/C=C\CCCCCCCCOC(=O)CCN(CCC(=O)OCCCCCCCC/C=C\CC(CCCCCC)OC(=O)CCCCCCC/C=C\C/C=C\CCCCC)CCN1CCOCC1)CCCCCC,JW_2024,JW_2024,0
-3.679041,-1.411671127,CCCCC/C=C\C/C=C\CCCCCCCC(=O)OC(C/C=C\CCCCCCCCOC(=O)CCN(CCC(=O)OCCCCCCCC/C=C\CC(CCCCCC)OC(=O)CCCCCCC/C=C\C/C=C\CCCCC)CCN1CCOCC1)CCCCCC,JW_2024,JW_2024,0
-4.664352,-1.303732634,CCCCC/C=C\C/C=C\CCCCCCCC(=O)OC(C/C=C\CCCCCCCCOC(=O)CCN(CCC(=O)OCCCCCCCC/C=C\CC(CCCCCC)OC(=O)CCCCCCC/C=C\C/C=C\CCCCC)CCN1CCOCC1)CCCCCC,JW_2024,JW_2024,0
-5.307116,-0.359270814,CCCCC/C=C\C/C=C\CCCCCCCC(=O)OC(C/C=C\CCCCCCCCOC(=O)CCN(CCC(=O)OCCCCCCCC/C=C\CC(CCCCCC)OC(=O)CCCCCCC/C=C\C/C=C\CCCCC)CCN1CCOCC1)CCCCCC,JW_2024,JW_2024,0
-4.381458,-1.969353344,CCCCC/C=C\C/C=C\CCCCCCCC(=O)OC(C/C=C\CCCCCCCCOC(=O)CCN(CCC(=O)OCCCCCCCC/C=C\CC(CCCCCC)OC(=O)CCCCCCC/C=C\C/C=C\CCCCC)CCN1CCOCC1)CCCCCC,JW_2024,JW_2024,0
-3.117117,-0.575147802,CCCCC/C=C\C/C=C\CCCCCCCC(=O)OC(C/C=C\CCCCCCCCOC(=O)CCN(CCC(=O)OCCCCCCCC/C=C\CC(CCCCCC)OC(=O)CCCCCCC/C=C\C/C=C\CCCCC)CCN1CCOCC1)CCCCCC,JW_2024,JW_2024,0
-3.8382213,-0.800019663,CCCCC/C=C\C/C=C\CCCCCCCC(=O)OC(C/C=C\CCCCCCCCOC(=O)CCN(CCC(=O)OCCCCCCCC/C=C\CC(CCCCCC)OC(=O)CCCCCCC/C=C\C/C=C\CCCCC)CCN1CCOCC1)CCCCCC,JW_2024,JW_2024,0
-4.6702538,0.099467784,CCCCC/C=C\C/C=C\CCCCCCCC(=O)OC(C/C=C\CCCCCCCCOC(=O)CCN(CCC(=O)OCCCCCCCC/C=C\CC(CCCCCC)OC(=O)CCCCCCC/C=C\C/C=C\CCCCC)CCN1CCOCC1)CCCCCC,JW_2024,JW_2024,1
-3.2941835,-1.402676253,CCCCC/C=C\C/C=C\CCCCCCCC(=O)OC(C/C=C\CCCCCCCCOC(=O)CCN(CCC(=O)OCCCCCCCC/C=C\CC(CCCCCC)OC(=O)CCCCCCC/C=C\C/C=C\CCCCC)CCN1CCOCC1)CCCCCC,JW_2024,JW_2024,0
-3.8862777,-1.4566455,CCCCC/C=C\C/C=C\CCCCCCCC(=O)OC(C/C=C\CCCCCCCCOC(=O)CCN(CCC(=O)OCCCCCCCC/C=C\CC(CCCCCC)OC(=O)CCCCCCC/C=C\C/C=C\CCCCC)CCN1CCOCC1)CCCCCC,JW_2024,JW_2024,0
-5.586436,0.423283264,CCCCC/C=C\C/C=C\CCCCCCCC(=O)OC(C/C=C\CCCCCCCCOC(=O)CCN(CCC(=O)OCCCCCCCC/C=C\CC(CCCCCC)OC(=O)CCCCCCC/C=C\C/C=C\CCCCC)CCN1CCOCC1)CCCCCC,JW_2024,JW_2024,1
-2.4266074,-0.844994036,CCCCC/C=C\C/C=C\CCCCCCCC(=O)OC(C/C=C\CCCCCCCCOC(=O)CCN(CCCN(CC)CC)CCC(=O)OCCCCCCCC/C=C\CC(CCCCCC)OC(=O)CCCCCCC/C=C\C/C=C\CCCCC)CCCCCC,JW_2024,JW_2024,0
-2.6139152,-0.287311819,CCCCC/C=C\C/C=C\CCCCCCCC(=O)OC(C/C=C\CCCCCCCCOC(=O)CCN(CCCN(CC)CC)CCC(=O)OCCCCCCCC/C=C\CC(CCCCCC)OC(=O)CCCCCCC/C=C\C/C=C\CCCCC)CCCCCC,JW_2024,JW_2024,0
-3.7086453,-0.323291316,CCCCC/C=C\C/C=C\CCCCCCCC(=O)OC(C/C=C\CCCCCCCCOC(=O)CCN(CCCN(CC)CC)CCC(=O)OCCCCCCCC/C=C\CC(CCCCCC)OC(=O)CCCCCCC/C=C\C/C=C\CCCCC)CCCCCC,JW_2024,JW_2024,0
-2.549335,0.036503662,CCCCC/C=C\C/C=C\CCCCCCCC(=O)OC(C/C=C\CCCCCCCCOC(=O)CCN(CCCN(CC)CC)CCC(=O)OCCCCCCCC/C=C\CC(CCCCCC)OC(=O)CCCCCCC/C=C\C/C=C\CCCCC)CCCCCC,JW_2024,JW_2024,1
-2.464531,-0.152388702,CCCCC/C=C\C/C=C\CCCCCCCC(=O)OC(C/C=C\CCCCCCCCOC(=O)CCN(CCCN(CC)CC)CCC(=O)OCCCCCCCC/C=C\CC(CCCCCC)OC(=O)CCCCCCC/C=C\C/C=C\CCCCC)CCCCCC,JW_2024,JW_2024,0
-3.8934798,0.045498537,CCCCC/C=C\C/C=C\CCCCCCCC(=O)OC(C/C=C\CCCCCCCCOC(=O)CCN(CCCN(CC)CC)CCC(=O)OCCCCCCCC/C=C\CC(CCCCCC)OC(=O)CCCCCCC/C=C\C/C=C\CCCCC)CCCCCC,JW_2024,JW_2024,1
-3.9744112,1.070914226,CCCCC/C=C\C/C=C\CCCCCCCC(=O)OC(C/C=C\CCCCCCCCOC(=O)CCN(CCCN(CC)CC)CCC(=O)OCCCCCCCC/C=C\CC(CCCCCC)OC(=O)CCCCCCC/C=C\C/C=C\CCCCC)CCCCCC,JW_2024,JW_2024,1
-3.6133378,-0.907958157,CCCCC/C=C\C/C=C\CCCCCCCC(=O)OC(C/C=C\CCCCCCCCOC(=O)CCN(CCCN(CC)CC)CCC(=O)OCCCCCCCC/C=C\CC(CCCCCC)OC(=O)CCCCCCC/C=C\C/C=C\CCCCC)CCCCCC,JW_2024,JW_2024,0
-2.5885534,1.106893724,CCCCC/C=C\C/C=C\CCCCCCCC(=O)OC(C/C=C\CCCCCCCCOC(=O)CCN(CCCN(CC)CC)CCC(=O)OCCCCCCCC/C=C\CC(CCCCCC)OC(=O)CCCCCCC/C=C\C/C=C\CCCCC)CCCCCC,JW_2024,JW_2024,1
-3.457607,0.891016737,CCCCC/C=C\C/C=C\CCCCCCCC(=O)OC(C/C=C\CCCCCCCCOC(=O)CCN(CCCN(CC)CC)CCC(=O)OCCCCCCCC/C=C\CC(CCCCCC)OC(=O)CCCCCCC/C=C\C/C=C\CCCCC)CCCCCC,JW_2024,JW_2024,1
-3.8498638,1.448698954,CCCCC/C=C\C/C=C\CCCCCCCC(=O)OC(C/C=C\CCCCCCCCOC(=O)CCN(CCCN(CC)CC)CCC(=O)OCCCCCCCC/C=C\CC(CCCCCC)OC(=O)CCCCCCC/C=C\C/C=C\CCCCC)CCCCCC,JW_2024,JW_2024,2
-2.7259564,-0.071434831,CCCCC/C=C\C/C=C\CCCCCCCC(=O)OC(C/C=C\CCCCCCCCOC(=O)CCN(CCCN(CC)CC)CCC(=O)OCCCCCCCC/C=C\CC(CCCCCC)OC(=O)CCCCCCC/C=C\C/C=C\CCCCC)CCCCCC,JW_2024,JW_2024,0
-3.426137,0.07248316,CCCCC/C=C\C/C=C\CCCCCCCC(=O)OC(C/C=C\CCCCCCCCOC(=O)CCN(CCCN(CC)CC)CCC(=O)OCCCCCCCC/C=C\CC(CCCCCC)OC(=O)CCCCCCC/C=C\C/C=C\CCCCC)CCCCCC,JW_2024,JW_2024,1
-5.396097,0.747098745,CCCCC/C=C\C/C=C\CCCCCCCC(=O)OC(C/C=C\CCCCCCCCOC(=O)CCN(CCCN(CC)CC)CCC(=O)OCCCCCCCC/C=C\CC(CCCCCC)OC(=O)CCCCCCC/C=C\C/C=C\CCCCC)CCCCCC,JW_2024,JW_2024,1
-2.4729865,0.962975733,CCCCC/C=C\C/C=C\CCCCCCCC(=O)OC(C/C=C\CCCCCCCCOC(=O)CCN(CCCN(CC)CC)CCC(=O)OCCCCCCCC/C=C\CC(CCCCCC)OC(=O)CCCCCCC/C=C\C/C=C\CCCCC)CCCCCC,JW_2024,JW_2024,1
-2.236801,-0.530173429,CCCCC/C=C\C/C=C\CCCCCCCC(=O)OC(C/C=C\CCCCCCCCOC(=O)CCN(CCCN(CC)CC)CCC(=O)OCCCCCCCC/C=C\CC(CCCCCC)OC(=O)CCCCCCC/C=C\C/C=C\CCCCC)CCCCCC,JW_2024,JW_2024,0
-3.7124243,0.720114122,CCCCC/C=C\C/C=C\CCCCCCCC(=O)OC(C/C=C\CCCCCCCCOC(=O)CCN(CCCN(CC)CC)CCC(=O)OCCCCCCCC/C=C\CC(CCCCCC)OC(=O)CCCCCCC/C=C\C/C=C\CCCCC)CCCCCC,JW_2024,JW_2024,1
-2.4076848,1.241816841,CCCCC/C=C\C/C=C\CCCCCCCC(=O)OC(C/C=C\CCCCCCCCOC(=O)CCN(CCCN(CC)CC)CCC(=O)OCCCCCCCC/C=C\CC(CCCCCC)OC(=O)CCCCCCC/C=C\C/C=C\CCCCC)CCCCCC,JW_2024,JW_2024,1
-5.4781632,1.412719456,CCCCC/C=C\C/C=C\CCCCCCCC(=O)OC(C/C=C\CCCCCCCCOC(=O)CCN(CCCN(CC)CC)CCC(=O)OCCCCCCCC/C=C\CC(CCCCCC)OC(=O)CCCCCCC/C=C\C/C=C\CCCCC)CCCCCC,JW_2024,JW_2024,2
-3.1282868,1.664575941,CCCCC/C=C\C/C=C\CCCCCCCC(=O)OC(C/C=C\CCCCCCCCOC(=O)CCN(CCCN(CC)CC)CCC(=O)OCCCCCCCC/C=C\CC(CCCCCC)OC(=O)CCCCCCC/C=C\C/C=C\CCCCC)CCCCCC,JW_2024,JW_2024,2
-3.8770778,0.423283264,CCCCC/C=C\C/C=C\CCCCCCCC(=O)OC(C/C=C\CCCCCCCCOC(=O)CCN(CCCN(CC)CC)CCC(=O)OCCCCCCCC/C=C\CC(CCCCCC)OC(=O)CCCCCCC/C=C\C/C=C\CCCCC)CCCCCC,JW_2024,JW_2024,1
-1.9717015,1.106893724,CCCCC/C=C\C/C=C\CCCCCCCC(=O)OC(C/C=C\CCCCCCCCOC(=O)CCN(CCCN(CC)CC)CCC(=O)OCCCCCCCC/C=C\CC(CCCCCC)OC(=O)CCCCCCC/C=C\C/C=C\CCCCC)CCCCCC,JW_2024,JW_2024,1
-2.6734536,0.540216633,CCCCC/C=C\C/C=C\CCCCCCCC(=O)OC(C/C=C\CCCCCCCCOC(=O)CCN(CCCN(CC)CC)CCC(=O)OCCCCCCCC/C=C\CC(CCCCCC)OC(=O)CCCCCCC/C=C\C/C=C\CCCCC)CCCCCC,JW_2024,JW_2024,1
-4.423903,0.405293516,CCCCC/C=C\C/C=C\CCCCCCCC(=O)OC(C/C=C\CCCCCCCCOC(=O)CCN(CCCN(CC)CC)CCC(=O)OCCCCCCCC/C=C\CC(CCCCCC)OC(=O)CCCCCCC/C=C\C/C=C\CCCCC)CCCCCC,JW_2024,JW_2024,1
-4.189576,-2.032317466,CCCCC/C=C\C/C=C\C/C=C\C/C=C\CCCC(=O)OC(C/C=C\CCCCCCCCOC(=O)CCN(CCCn1ccnc1)CCC(=O)OCCCCCCCC/C=C\CC(CCCCCC)OC(=O)CCC/C=C\C/C=C\C/C=C\C/C=C\CCCCC)CCCCCC,JW_2024,JW_2024,0
-3.6363218,-1.627548115,CCCCC/C=C\C/C=C\C/C=C\C/C=C\CCCC(=O)OC(C/C=C\CCCCCCCCOC(=O)CCN(CCCn1ccnc1)CCC(=O)OCCCCCCCC/C=C\CC(CCCCCC)OC(=O)CCC/C=C\C/C=C\C/C=C\C/C=C\CCCCC)CCCCCC,JW_2024,JW_2024,0
-4.898284,-0.952932529,CCCCC/C=C\C/C=C\C/C=C\C/C=C\CCCC(=O)OC(C/C=C\CCCCCCCCOC(=O)CCN(CCCn1ccnc1)CCC(=O)OCCCCCCCC/C=C\CC(CCCCCC)OC(=O)CCC/C=C\C/C=C\C/C=C\C/C=C\CCCCC)CCCCCC,JW_2024,JW_2024,0
-4.3123045,-1.051876148,CCCCC/C=C\C/C=C\C/C=C\C/C=C\CCCC(=O)OC(C/C=C\CCCCCCCCOC(=O)CCN(CCCn1ccnc1)CCC(=O)OCCCCCCCC/C=C\CC(CCCCCC)OC(=O)CCC/C=C\C/C=C\C/C=C\C/C=C\CCCCC)CCCCCC,JW_2024,JW_2024,0
-3.7558565,-1.816440478,CCCCC/C=C\C/C=C\C/C=C\C/C=C\CCCC(=O)OC(C/C=C\CCCCCCCCOC(=O)CCN(CCCn1ccnc1)CCC(=O)OCCCCCCCC/C=C\CC(CCCCCC)OC(=O)CCC/C=C\C/C=C\C/C=C\C/C=C\CCCCC)CCCCCC,JW_2024,JW_2024,0
-5.2411375,-1.663527612,CCCCC/C=C\C/C=C\C/C=C\C/C=C\CCCC(=O)OC(C/C=C\CCCCCCCCOC(=O)CCN(CCCn1ccnc1)CCC(=O)OCCCCCCCC/C=C\CC(CCCCCC)OC(=O)CCC/C=C\C/C=C\C/C=C\C/C=C\CCCCC)CCCCCC,JW_2024,JW_2024,0
-5.5087285,-0.647106797,CCCCC/C=C\C/C=C\C/C=C\C/C=C\CCCC(=O)OC(C/C=C\CCCCCCCCOC(=O)CCN(CCCn1ccnc1)CCC(=O)OCCCCCCCC/C=C\CC(CCCCCC)OC(=O)CCC/C=C\C/C=C\C/C=C\C/C=C\CCCCC)CCCCCC,JW_2024,JW_2024,0
-4.4608297,-1.834430227,CCCCC/C=C\C/C=C\C/C=C\C/C=C\CCCC(=O)OC(C/C=C\CCCCCCCCOC(=O)CCN(CCCn1ccnc1)CCC(=O)OCCCCCCCC/C=C\CC(CCCCCC)OC(=O)CCC/C=C\C/C=C\C/C=C\C/C=C\CCCCC)CCCCCC,JW_2024,JW_2024,0
-3.8408902,-0.476204182,CCCCC/C=C\C/C=C\C/C=C\C/C=C\CCCC(=O)OC(C/C=C\CCCCCCCCOC(=O)CCN(CCCn1ccnc1)CCC(=O)OCCCCCCCC/C=C\CC(CCCCCC)OC(=O)CCC/C=C\C/C=C\C/C=C\C/C=C\CCCCC)CCCCCC,JW_2024,JW_2024,0
-3.9136863,-1.393681378,CCCCC/C=C\C/C=C\C/C=C\C/C=C\CCCC(=O)OC(C/C=C\CCCCCCCCOC(=O)CCN(CCCn1ccnc1)CCC(=O)OCCCCCCCC/C=C\CC(CCCCCC)OC(=O)CCC/C=C\C/C=C\C/C=C\C/C=C\CCCCC)CCCCCC,JW_2024,JW_2024,0
-5.0962048,0.018513913,CCCCC/C=C\C/C=C\C/C=C\C/C=C\CCCC(=O)OC(C/C=C\CCCCCCCCOC(=O)CCN(CCCn1ccnc1)CCC(=O)OCCCCCCCC/C=C\CC(CCCCCC)OC(=O)CCC/C=C\C/C=C\C/C=C\C/C=C\CCCCC)CCCCCC,JW_2024,JW_2024,0
-3.144695,-1.186799266,CCCCC/C=C\C/C=C\C/C=C\C/C=C\CCCC(=O)OC(C/C=C\CCCCCCCCOC(=O)CCN(CCCn1ccnc1)CCC(=O)OCCCCCCCC/C=C\CC(CCCCCC)OC(=O)CCC/C=C\C/C=C\C/C=C\C/C=C\CCCCC)CCCCCC,JW_2024,JW_2024,0
-4.0271435,-1.582573742,CCCCC/C=C\C/C=C\C/C=C\C/C=C\CCCC(=O)OC(C/C=C\CCCCCCCCOC(=O)CCN(CCCn1ccnc1)CCC(=O)OCCCCCCCC/C=C\CC(CCCCCC)OC(=O)CCC/C=C\C/C=C\C/C=C\C/C=C\CCCCC)CCCCCC,JW_2024,JW_2024,0
-5.337291,-1.465640374,CCCCC/C=C\C/C=C\C/C=C\C/C=C\CCCC(=O)OC(C/C=C\CCCCCCCCOC(=O)CCN(CCCn1ccnc1)CCC(=O)OCCCCCCCC/C=C\CC(CCCCCC)OC(=O)CCC/C=C\C/C=C\C/C=C\C/C=C\CCCCC)CCCCCC,JW_2024,JW_2024,0
-4.576613,-1.096850521,CCCCC/C=C\C/C=C\C/C=C\C/C=C\CCCC(=O)OC(C/C=C\CCCCCCCCOC(=O)CCN(CCC(=O)OCCCCCCCC/C=C\CC(CCCCCC)OC(=O)CCC/C=C\C/C=C\C/C=C\C/C=C\CCCCC)CCc1ccncc1)CCCCCC,JW_2024,JW_2024,0
-3.2036066,-0.287311819,CCCCC/C=C\C/C=C\C/C=C\C/C=C\CCCC(=O)OC(C/C=C\CCCCCCCCOC(=O)CCN(CCC(=O)OCCCCCCCC/C=C\CC(CCCCCC)OC(=O)CCC/C=C\C/C=C\C/C=C\C/C=C\CCCCC)CCc1ccncc1)CCCCCC,JW_2024,JW_2024,0
-4.715511,-0.521178555,CCCCC/C=C\C/C=C\C/C=C\C/C=C\CCCC(=O)OC(C/C=C\CCCCCCCCOC(=O)CCN(CCC(=O)OCCCCCCCC/C=C\CC(CCCCCC)OC(=O)CCC/C=C\C/C=C\C/C=C\C/C=C\CCCCC)CCc1ccncc1)CCCCCC,JW_2024,JW_2024,0
-4.576613,0.594185879,CCCCC/C=C\C/C=C\C/C=C\C/C=C\CCCC(=O)OC(C/C=C\CCCCCCCCOC(=O)CCN(CCC(=O)OCCCCCCCC/C=C\CC(CCCCCC)OC(=O)CCC/C=C\C/C=C\C/C=C\C/C=C\CCCCC)CCc1ccncc1)CCCCCC,JW_2024,JW_2024,1
-4.1510715,-0.683086295,CCCCC/C=C\C/C=C\C/C=C\C/C=C\CCCC(=O)OC(C/C=C\CCCCCCCCOC(=O)CCN(CCC(=O)OCCCCCCCC/C=C\CC(CCCCCC)OC(=O)CCC/C=C\C/C=C\C/C=C\C/C=C\CCCCC)CCc1ccncc1)CCCCCC,JW_2024,JW_2024,0
-5.0933566,-0.413240061,CCCCC/C=C\C/C=C\C/C=C\C/C=C\CCCC(=O)OC(C/C=C\CCCCCCCCOC(=O)CCN(CCC(=O)OCCCCCCCC/C=C\CC(CCCCCC)OC(=O)CCC/C=C\C/C=C\C/C=C\C/C=C\CCCCC)CCc1ccncc1)CCCCCC,JW_2024,JW_2024,0
-5.9710555,-0.08942458,CCCCC/C=C\C/C=C\C/C=C\C/C=C\CCCC(=O)OC(C/C=C\CCCCCCCCOC(=O)CCN(CCC(=O)OCCCCCCCC/C=C\CC(CCCCCC)OC(=O)CCC/C=C\C/C=C\C/C=C\C/C=C\CCCCC)CCc1ccncc1)CCCCCC,JW_2024,JW_2024,0
-3.9789507,-1.564583993,CCCCC/C=C\C/C=C\C/C=C\C/C=C\CCCC(=O)OC(C/C=C\CCCCCCCCOC(=O)CCN(CCC(=O)OCCCCCCCC/C=C\CC(CCCCCC)OC(=O)CCC/C=C\C/C=C\C/C=C\C/C=C\CCCCC)CCc1ccncc1)CCCCCC,JW_2024,JW_2024,0
-3.2578878,0.198411403,CCCCC/C=C\C/C=C\C/C=C\C/C=C\CCCC(=O)OC(C/C=C\CCCCCCCCOC(=O)CCN(CCC(=O)OCCCCCCCC/C=C\CC(CCCCCC)OC(=O)CCC/C=C\C/C=C\C/C=C\C/C=C\CCCCC)CCc1ccncc1)CCCCCC,JW_2024,JW_2024,1
-3.5329971,-0.997906902,CCCCC/C=C\C/C=C\C/C=C\C/C=C\CCCC(=O)OC(C/C=C\CCCCCCCCOC(=O)CCN(CCC(=O)OCCCCCCCC/C=C\CC(CCCCCC)OC(=O)CCC/C=C\C/C=C\C/C=C\C/C=C\CCCCC)CCc1ccncc1)CCCCCC,JW_2024,JW_2024,0
-4.757119,1.079909101,CCCCC/C=C\C/C=C\C/C=C\C/C=C\CCCC(=O)OC(C/C=C\CCCCCCCCOC(=O)CCN(CCC(=O)OCCCCCCCC/C=C\CC(CCCCCC)OC(=O)CCC/C=C\C/C=C\C/C=C\C/C=C\CCCCC)CCc1ccncc1)CCCCCC,JW_2024,JW_2024,1
-2.5636523,-1.231773638,CCCCC/C=C\C/C=C\C/C=C\C/C=C\CCCC(=O)OC(C/C=C\CCCCCCCCOC(=O)CCN(CCC(=O)OCCCCCCCC/C=C\CC(CCCCCC)OC(=O)CCC/C=C\C/C=C\C/C=C\C/C=C\CCCCC)CCc1ccncc1)CCCCCC,JW_2024,JW_2024,0
-3.7049744,-1.339712132,CCCCC/C=C\C/C=C\C/C=C\C/C=C\CCCC(=O)OC(C/C=C\CCCCCCCCOC(=O)CCN(CCC(=O)OCCCCCCCC/C=C\CC(CCCCCC)OC(=O)CCC/C=C\C/C=C\C/C=C\C/C=C\CCCCC)CCc1ccncc1)CCCCCC,JW_2024,JW_2024,0
-5.2024794,-0.755045291,CCCCC/C=C\C/C=C\C/C=C\C/C=C\CCCC(=O)OC(C/C=C\CCCCCCCCOC(=O)CCN(CCC(=O)OCCCCCCCC/C=C\CC(CCCCCC)OC(=O)CCC/C=C\C/C=C\C/C=C\C/C=C\CCCCC)CCc1ccncc1)CCCCCC,JW_2024,JW_2024,0
-4.1435223,-0.683086295,CCCCC/C=C\C/C=C\C/C=C\C/C=C\CCCC(=O)OC(C/C=C\CCCCCCCCOC(=O)CCN(CCC(=O)OCCCCCCCC/C=C\CC(CCCCCC)OC(=O)CCC/C=C\C/C=C\C/C=C\C/C=C\CCCCC)CCc1ccncc1)CCCCCC,JW_2024,JW_2024,0
-3.6203253,-0.530173429,CCCCC/C=C\C/C=C\C/C=C\C/C=C\CCCC(=O)OC(C/C=C\CCCCCCCCOC(=O)CCN(CCC(=O)OCCCCCCCC/C=C\CC(CCCCCC)OC(=O)CCC/C=C\C/C=C\C/C=C\C/C=C\CCCCC)CCc1ccncc1)CCCCCC,JW_2024,JW_2024,0
-5.94628,1.142873222,CCCCC/C=C\C/C=C\C/C=C\C/C=C\CCCC(=O)OC(C/C=C\CCCCCCCCOC(=O)CCN(CCC(=O)OCCCCCCCC/C=C\CC(CCCCCC)OC(=O)CCC/C=C\C/C=C\C/C=C\C/C=C\CCCCC)CCc1ccncc1)CCCCCC,JW_2024,JW_2024,1
-4.9936905,0.594185879,CCCCC/C=C\C/C=C\C/C=C\C/C=C\CCCC(=O)OC(C/C=C\CCCCCCCCOC(=O)CCN(CCC(=O)OCCCCCCCC/C=C\CC(CCCCCC)OC(=O)CCC/C=C\C/C=C\C/C=C\C/C=C\CCCCC)CCc1ccncc1)CCCCCC,JW_2024,JW_2024,1
-5.2036004,0.612175628,CCCCC/C=C\C/C=C\C/C=C\C/C=C\CCCC(=O)OC(C/C=C\CCCCCCCCOC(=O)CCN(CCC(=O)OCCCCCCCC/C=C\CC(CCCCCC)OC(=O)CCC/C=C\C/C=C\C/C=C\C/C=C\CCCCC)CCc1ccncc1)CCCCCC,JW_2024,JW_2024,1
-3.9678662,-0.00847071,CCCCC/C=C\C/C=C\C/C=C\C/C=C\CCCC(=O)OC(C/C=C\CCCCCCCCOC(=O)CCN(CCC(=O)OCCCCCCCC/C=C\CC(CCCCCC)OC(=O)CCC/C=C\C/C=C\C/C=C\C/C=C\CCCCC)CCc1ccncc1)CCCCCC,JW_2024,JW_2024,0
-4.7409234,-0.134398953,CCCCC/C=C\C/C=C\C/C=C\C/C=C\CCCC(=O)OC(C/C=C\CCCCCCCCOC(=O)CCN(CCC(=O)OCCCCCCCC/C=C\CC(CCCCCC)OC(=O)CCC/C=C\C/C=C\C/C=C\C/C=C\CCCCC)CCc1ccncc1)CCCCCC,JW_2024,JW_2024,0
-5.962573,-0.035455333,CCCCC/C=C\C/C=C\C/C=C\C/C=C\CCCC(=O)OC(C/C=C\CCCCCCCCOC(=O)CCN(CCC(=O)OCCCCCCCC/C=C\CC(CCCCCC)OC(=O)CCC/C=C\C/C=C\C/C=C\C/C=C\CCCCC)CCc1ccncc1)CCCCCC,JW_2024,JW_2024,0
-5.1827226,-0.143393827,CCCCC/C=C\C/C=C\C/C=C\C/C=C\CCCC(=O)OC(C/C=C\CCCCCCCCOC(=O)CCN(CCC(=O)OCCCCCCCC/C=C\CC(CCCCCC)OC(=O)CCC/C=C\C/C=C\C/C=C\C/C=C\CCCCC)CCN1CCCC1)CCCCCC,JW_2024,JW_2024,0
-4.1991773,-0.458214434,CCCCC/C=C\C/C=C\C/C=C\C/C=C\CCCC(=O)OC(C/C=C\CCCCCCCCOC(=O)CCN(CCC(=O)OCCCCCCCC/C=C\CC(CCCCCC)OC(=O)CCC/C=C\C/C=C\C/C=C\C/C=C\CCCCC)CCN1CCCC1)CCCCCC,JW_2024,JW_2024,0
-5.9626083,0.657150001,CCCCC/C=C\C/C=C\C/C=C\C/C=C\CCCC(=O)OC(C/C=C\CCCCCCCCOC(=O)CCN(CCC(=O)OCCCCCCCC/C=C\CC(CCCCCC)OC(=O)CCC/C=C\C/C=C\C/C=C\C/C=C\CCCCC)CCN1CCCC1)CCCCCC,JW_2024,JW_2024,1
-5.1827226,0.081478035,CCCCC/C=C\C/C=C\C/C=C\C/C=C\CCCC(=O)OC(C/C=C\CCCCCCCCOC(=O)CCN(CCC(=O)OCCCCCCCC/C=C\CC(CCCCCC)OC(=O)CCC/C=C\C/C=C\C/C=C\C/C=C\CCCCC)CCN1CCCC1)CCCCCC,JW_2024,JW_2024,1
-4.991585,-0.116409204,CCCCC/C=C\C/C=C\C/C=C\C/C=C\CCCC(=O)OC(C/C=C\CCCCCCCCOC(=O)CCN(CCC(=O)OCCCCCCCC/C=C\CC(CCCCCC)OC(=O)CCC/C=C\C/C=C\C/C=C\C/C=C\CCCCC)CCN1CCCC1)CCCCCC,JW_2024,JW_2024,0
-6.3423777,-0.413240061,CCCCC/C=C\C/C=C\C/C=C\C/C=C\CCCC(=O)OC(C/C=C\CCCCCCCCOC(=O)CCN(CCC(=O)OCCCCCCCC/C=C\CC(CCCCCC)OC(=O)CCC/C=C\C/C=C\C/C=C\C/C=C\CCCCC)CCN1CCCC1)CCCCCC,JW_2024,JW_2024,0
-6.5483685,0.027508788,CCCCC/C=C\C/C=C\C/C=C\C/C=C\CCCC(=O)OC(C/C=C\CCCCCCCCOC(=O)CCN(CCC(=O)OCCCCCCCC/C=C\CC(CCCCCC)OC(=O)CCC/C=C\C/C=C\C/C=C\C/C=C\CCCCC)CCN1CCCC1)CCCCCC,JW_2024,JW_2024,0
-4.991936,-0.332286191,CCCCC/C=C\C/C=C\C/C=C\C/C=C\CCCC(=O)OC(C/C=C\CCCCCCCCOC(=O)CCN(CCC(=O)OCCCCCCCC/C=C\CC(CCCCCC)OC(=O)CCC/C=C\C/C=C\C/C=C\C/C=C\CCCCC)CCN1CCCC1)CCCCCC,JW_2024,JW_2024,0
-4.5715923,1.394729707,CCCCC/C=C\C/C=C\C/C=C\C/C=C\CCCC(=O)OC(C/C=C\CCCCCCCCOC(=O)CCN(CCC(=O)OCCCCCCCC/C=C\CC(CCCCCC)OC(=O)CCC/C=C\C/C=C\C/C=C\C/C=C\CCCCC)CCN1CCCC1)CCCCCC,JW_2024,JW_2024,2
-4.625389,0.090472909,CCCCC/C=C\C/C=C\C/C=C\C/C=C\CCCC(=O)OC(C/C=C\CCCCCCCCOC(=O)CCN(CCC(=O)OCCCCCCCC/C=C\CC(CCCCCC)OC(=O)CCC/C=C\C/C=C\C/C=C\C/C=C\CCCCC)CCN1CCCC1)CCCCCC,JW_2024,JW_2024,1
-6.186458,1.232821967,CCCCC/C=C\C/C=C\C/C=C\C/C=C\CCCC(=O)OC(C/C=C\CCCCCCCCOC(=O)CCN(CCC(=O)OCCCCCCCC/C=C\CC(CCCCCC)OC(=O)CCC/C=C\C/C=C\C/C=C\C/C=C\CCCCC)CCN1CCCC1)CCCCCC,JW_2024,JW_2024,1
-3.8023486,0.07248316,CCCCC/C=C\C/C=C\C/C=C\C/C=C\CCCC(=O)OC(C/C=C\CCCCCCCCOC(=O)CCN(CCC(=O)OCCCCCCCC/C=C\CC(CCCCCC)OC(=O)CCC/C=C\C/C=C\C/C=C\C/C=C\CCCCC)CCN1CCCC1)CCCCCC,JW_2024,JW_2024,1
-4.6431203,-0.026460459,CCCCC/C=C\C/C=C\C/C=C\C/C=C\CCCC(=O)OC(C/C=C\CCCCCCCCOC(=O)CCN(CCC(=O)OCCCCCCCC/C=C\CC(CCCCCC)OC(=O)CCC/C=C\C/C=C\C/C=C\C/C=C\CCCCC)CCN1CCCC1)CCCCCC,JW_2024,JW_2024,0
-6.463261,0.729108996,CCCCC/C=C\C/C=C\C/C=C\C/C=C\CCCC(=O)OC(C/C=C\CCCCCCCCOC(=O)CCN(CCC(=O)OCCCCCCCC/C=C\CC(CCCCCC)OC(=O)CCC/C=C\C/C=C\C/C=C\C/C=C\CCCCC)CCN1CCCC1)CCCCCC,JW_2024,JW_2024,1
-5.05942,0.33333452,CCCCC/C=C\C/C=C\C/C=C\C/C=C\CCCC(=O)OC(C/C=C\CCCCCCCCOC(=O)CCN(CCC(=O)OCCCCCCCC/C=C\CC(CCCCCC)OC(=O)CCC/C=C\C/C=C\C/C=C\C/C=C\CCCCC)CCN1CCCC1)CCCCCC,JW_2024,JW_2024,1
-4.6383924,0.027508788,CCCCC/C=C\C/C=C\C/C=C\C/C=C\CCCC(=O)OC(C/C=C\CCCCCCCCOC(=O)CCN(CCC(=O)OCCCCCCCC/C=C\CC(CCCCCC)OC(=O)CCC/C=C\C/C=C\C/C=C\C/C=C\CCCCC)CCN1CCCC1)CCCCCC,JW_2024,JW_2024,0
-5.1708484,0.567201256,CCCCC/C=C\C/C=C\C/C=C\C/C=C\CCCC(=O)OC(C/C=C\CCCCCCCCOC(=O)CCN(CCC(=O)OCCCCCCCC/C=C\CC(CCCCCC)OC(=O)CCC/C=C\C/C=C\C/C=C\C/C=C\CCCCC)CCN1CCCC1)CCCCCC,JW_2024,JW_2024,1
-4.689417,0.621170503,CCCCC/C=C\C/C=C\C/C=C\C/C=C\CCCC(=O)OC(C/C=C\CCCCCCCCOC(=O)CCN(CCC(=O)OCCCCCCCC/C=C\CC(CCCCCC)OC(=O)CCC/C=C\C/C=C\C/C=C\C/C=C\CCCCC)CCN1CCCC1)CCCCCC,JW_2024,JW_2024,1
-7.314098,0.684134624,CCCCC/C=C\C/C=C\C/C=C\C/C=C\CCCC(=O)OC(C/C=C\CCCCCCCCOC(=O)CCN(CCC(=O)OCCCCCCCC/C=C\CC(CCCCCC)OC(=O)CCC/C=C\C/C=C\C/C=C\C/C=C\CCCCC)CCN1CCCC1)CCCCCC,JW_2024,JW_2024,1
-5.7666135,1.952411924,CCCCC/C=C\C/C=C\C/C=C\C/C=C\CCCC(=O)OC(C/C=C\CCCCCCCCOC(=O)CCN(CCC(=O)OCCCCCCCC/C=C\CC(CCCCCC)OC(=O)CCC/C=C\C/C=C\C/C=C\C/C=C\CCCCC)CCN1CCCC1)CCCCCC,JW_2024,JW_2024,3
-6.554456,1.169857845,CCCCC/C=C\C/C=C\C/C=C\C/C=C\CCCC(=O)OC(C/C=C\CCCCCCCCOC(=O)CCN(CCC(=O)OCCCCCCCC/C=C\CC(CCCCCC)OC(=O)CCC/C=C\C/C=C\C/C=C\C/C=C\CCCCC)CCN1CCCC1)CCCCCC,JW_2024,JW_2024,1
-4.793793,0.83704749,CCCCC/C=C\C/C=C\C/C=C\C/C=C\CCCC(=O)OC(C/C=C\CCCCCCCCOC(=O)CCN(CCC(=O)OCCCCCCCC/C=C\CC(CCCCCC)OC(=O)CCC/C=C\C/C=C\C/C=C\C/C=C\CCCCC)CCN1CCCC1)CCCCCC,JW_2024,JW_2024,1
-5.397435,0.91800136,CCCCC/C=C\C/C=C\C/C=C\C/C=C\CCCC(=O)OC(C/C=C\CCCCCCCCOC(=O)CCN(CCC(=O)OCCCCCCCC/C=C\CC(CCCCCC)OC(=O)CCC/C=C\C/C=C\C/C=C\C/C=C\CCCCC)CCN1CCCC1)CCCCCC,JW_2024,JW_2024,1
-6.7510095,1.223827092,CCCCC/C=C\C/C=C\C/C=C\C/C=C\CCCC(=O)OC(C/C=C\CCCCCCCCOC(=O)CCN(CCC(=O)OCCCCCCCC/C=C\CC(CCCCCC)OC(=O)CCC/C=C\C/C=C\C/C=C\C/C=C\CCCCC)CCN1CCCC1)CCCCCC,JW_2024,JW_2024,1
-3.9561727,-1.375691629,CCCCC/C=C\C/C=C\C/C=C\C/C=C\CCCC(=O)OC(C/C=C\CCCCCCCCOC(=O)CCN(CCC(=O)OCCCCCCCC/C=C\CC(CCCCCC)OC(=O)CCC/C=C\C/C=C\C/C=C\C/C=C\CCCCC)CCN1CCOCC1)CCCCCC,JW_2024,JW_2024,0
-3.055341,-1.681517361,CCCCC/C=C\C/C=C\C/C=C\C/C=C\CCCC(=O)OC(C/C=C\CCCCCCCCOC(=O)CCN(CCC(=O)OCCCCCCCC/C=C\CC(CCCCCC)OC(=O)CCC/C=C\C/C=C\C/C=C\C/C=C\CCCCC)CCN1CCOCC1)CCCCCC,JW_2024,JW_2024,0
-4.577238,-1.060871023,CCCCC/C=C\C/C=C\C/C=C\C/C=C\CCCC(=O)OC(C/C=C\CCCCCCCCOC(=O)CCN(CCC(=O)OCCCCCCCC/C=C\CC(CCCCCC)OC(=O)CCC/C=C\C/C=C\C/C=C\C/C=C\CCCCC)CCN1CCOCC1)CCCCCC,JW_2024,JW_2024,0
-3.9561727,-0.755045291,CCCCC/C=C\C/C=C\C/C=C\C/C=C\CCCC(=O)OC(C/C=C\CCCCCCCCOC(=O)CCN(CCC(=O)OCCCCCCCC/C=C\CC(CCCCCC)OC(=O)CCC/C=C\C/C=C\C/C=C\C/C=C\CCCCC)CCN1CCOCC1)CCCCCC,JW_2024,JW_2024,0
-3.8620286,-1.645537863,CCCCC/C=C\C/C=C\C/C=C\C/C=C\CCCC(=O)OC(C/C=C\CCCCCCCCOC(=O)CCN(CCC(=O)OCCCCCCCC/C=C\CC(CCCCCC)OC(=O)CCC/C=C\C/C=C\C/C=C\C/C=C\CCCCC)CCN1CCOCC1)CCCCCC,JW_2024,JW_2024,0
-4.9112606,-1.330717257,CCCCC/C=C\C/C=C\C/C=C\C/C=C\CCCC(=O)OC(C/C=C\CCCCCCCCOC(=O)CCN(CCC(=O)OCCCCCCCC/C=C\CC(CCCCCC)OC(=O)CCC/C=C\C/C=C\C/C=C\C/C=C\CCCCC)CCN1CCOCC1)CCCCCC,JW_2024,JW_2024,0
-5.742716,-0.35027594,CCCCC/C=C\C/C=C\C/C=C\C/C=C\CCCC(=O)OC(C/C=C\CCCCCCCCOC(=O)CCN(CCC(=O)OCCCCCCCC/C=C\CC(CCCCCC)OC(=O)CCC/C=C\C/C=C\C/C=C\C/C=C\CCCCC)CCN1CCOCC1)CCCCCC,JW_2024,JW_2024,0
-4.1390624,-1.969353344,CCCCC/C=C\C/C=C\C/C=C\C/C=C\CCCC(=O)OC(C/C=C\CCCCCCCCOC(=O)CCN(CCC(=O)OCCCCCCCC/C=C\CC(CCCCCC)OC(=O)CCC/C=C\C/C=C\C/C=C\C/C=C\CCCCC)CCN1CCOCC1)CCCCCC,JW_2024,JW_2024,0
-3.3378491,-0.809014538,CCCCC/C=C\C/C=C\C/C=C\C/C=C\CCCC(=O)OC(C/C=C\CCCCCCCCOC(=O)CCN(CCC(=O)OCCCCCCCC/C=C\CC(CCCCCC)OC(=O)CCC/C=C\C/C=C\C/C=C\C/C=C\CCCCC)CCN1CCOCC1)CCCCCC,JW_2024,JW_2024,0
-3.4923239,-0.880973534,CCCCC/C=C\C/C=C\C/C=C\C/C=C\CCCC(=O)OC(C/C=C\CCCCCCCCOC(=O)CCN(CCC(=O)OCCCCCCCC/C=C\CC(CCCCCC)OC(=O)CCC/C=C\C/C=C\C/C=C\C/C=C\CCCCC)CCN1CCOCC1)CCCCCC,JW_2024,JW_2024,0
-4.6263747,0.666144875,CCCCC/C=C\C/C=C\C/C=C\C/C=C\CCCC(=O)OC(C/C=C\CCCCCCCCOC(=O)CCN(CCC(=O)OCCCCCCCC/C=C\CC(CCCCCC)OC(=O)CCC/C=C\C/C=C\C/C=C\C/C=C\CCCCC)CCN1CCOCC1)CCCCCC,JW_2024,JW_2024,1
-3.0399568,-1.519609621,CCCCC/C=C\C/C=C\C/C=C\C/C=C\CCCC(=O)OC(C/C=C\CCCCCCCCOC(=O)CCN(CCC(=O)OCCCCCCCC/C=C\CC(CCCCCC)OC(=O)CCC/C=C\C/C=C\C/C=C\C/C=C\CCCCC)CCN1CCOCC1)CCCCCC,JW_2024,JW_2024,0
-3.7043035,-1.438655751,CCCCC/C=C\C/C=C\C/C=C\C/C=C\CCCC(=O)OC(C/C=C\CCCCCCCCOC(=O)CCN(CCC(=O)OCCCCCCCC/C=C\CC(CCCCCC)OC(=O)CCC/C=C\C/C=C\C/C=C\C/C=C\CCCCC)CCN1CCOCC1)CCCCCC,JW_2024,JW_2024,0
-4.9127717,-0.422234936,CCCCC/C=C\C/C=C\C/C=C\C/C=C\CCCC(=O)OC(C/C=C\CCCCCCCCOC(=O)CCN(CCC(=O)OCCCCCCCC/C=C\CC(CCCCCC)OC(=O)CCC/C=C\C/C=C\C/C=C\C/C=C\CCCCC)CCN1CCOCC1)CCCCCC,JW_2024,JW_2024,0
-1.8799757,-0.683086295,CCCCC/C=C\C/C=C\C/C=C\C/C=C\CCCC(=O)OC(C/C=C\CCCCCCCCOC(=O)CCN(CCCN(CC)CC)CCC(=O)OCCCCCCCC/C=C\CC(CCCCCC)OC(=O)CCC/C=C\C/C=C\C/C=C\C/C=C\CCCCC)CCCCCC,JW_2024,JW_2024,0
-1.9947718,-0.359270814,CCCCC/C=C\C/C=C\C/C=C\C/C=C\CCCC(=O)OC(C/C=C\CCCCCCCCOC(=O)CCN(CCCN(CC)CC)CCC(=O)OCCCCCCCC/C=C\CC(CCCCCC)OC(=O)CCC/C=C\C/C=C\C/C=C\C/C=C\CCCCC)CCCCCC,JW_2024,JW_2024,0
-3.3866382,-0.728060668,CCCCC/C=C\C/C=C\C/C=C\C/C=C\CCCC(=O)OC(C/C=C\CCCCCCCCOC(=O)CCN(CCCN(CC)CC)CCC(=O)OCCCCCCCC/C=C\CC(CCCCCC)OC(=O)CCC/C=C\C/C=C\C/C=C\C/C=C\CCCCC)CCCCCC,JW_2024,JW_2024,0
-2.002705,0.000524164,CCCCC/C=C\C/C=C\C/C=C\C/C=C\CCCC(=O)OC(C/C=C\CCCCCCCCOC(=O)CCN(CCCN(CC)CC)CCC(=O)OCCCCCCCC/C=C\CC(CCCCCC)OC(=O)CCC/C=C\C/C=C\C/C=C\C/C=C\CCCCC)CCCCCC,JW_2024,JW_2024,0
-1.641009,-0.629117048,CCCCC/C=C\C/C=C\C/C=C\C/C=C\CCCC(=O)OC(C/C=C\CCCCCCCCOC(=O)CCN(CCCN(CC)CC)CCC(=O)OCCCCCCCC/C=C\CC(CCCCCC)OC(=O)CCC/C=C\C/C=C\C/C=C\C/C=C\CCCCC)CCCCCC,JW_2024,JW_2024,0
-3.657627,0.117457533,CCCCC/C=C\C/C=C\C/C=C\C/C=C\CCCC(=O)OC(C/C=C\CCCCCCCCOC(=O)CCN(CCCN(CC)CC)CCC(=O)OCCCCCCCC/C=C\CC(CCCCCC)OC(=O)CCC/C=C\C/C=C\C/C=C\C/C=C\CCCCC)CCCCCC,JW_2024,JW_2024,1
-3.9678302,0.783078243,CCCCC/C=C\C/C=C\C/C=C\C/C=C\CCCC(=O)OC(C/C=C\CCCCCCCCOC(=O)CCN(CCCN(CC)CC)CCC(=O)OCCCCCCCC/C=C\CC(CCCCCC)OC(=O)CCC/C=C\C/C=C\C/C=C\C/C=C\CCCCC)CCCCCC,JW_2024,JW_2024,1
-2.850552,-0.764040165,CCCCC/C=C\C/C=C\C/C=C\C/C=C\CCCC(=O)OC(C/C=C\CCCCCCCCOC(=O)CCN(CCCN(CC)CC)CCC(=O)OCCCCCCCC/C=C\CC(CCCCCC)OC(=O)CCC/C=C\C/C=C\C/C=C\C/C=C\CCCCC)CCCCCC,JW_2024,JW_2024,0
-2.446473,1.016944979,CCCCC/C=C\C/C=C\C/C=C\C/C=C\CCCC(=O)OC(C/C=C\CCCCCCCCOC(=O)CCN(CCCN(CC)CC)CCC(=O)OCCCCCCCC/C=C\CC(CCCCCC)OC(=O)CCC/C=C\C/C=C\C/C=C\C/C=C\CCCCC)CCCCCC,JW_2024,JW_2024,1
-2.542562,-0.116409204,CCCCC/C=C\C/C=C\C/C=C\C/C=C\CCCC(=O)OC(C/C=C\CCCCCCCCOC(=O)CCN(CCCN(CC)CC)CCC(=O)OCCCCCCCC/C=C\CC(CCCCCC)OC(=O)CCC/C=C\C/C=C\C/C=C\C/C=C\CCCCC)CCCCCC,JW_2024,JW_2024,0
-3.5242639,0.684134624,CCCCC/C=C\C/C=C\C/C=C\C/C=C\CCCC(=O)OC(C/C=C\CCCCCCCCOC(=O)CCN(CCCN(CC)CC)CCC(=O)OCCCCCCCC/C=C\CC(CCCCCC)OC(=O)CCC/C=C\C/C=C\C/C=C\C/C=C\CCCCC)CCCCCC,JW_2024,JW_2024,1
-1.9808208,-0.503188806,CCCCC/C=C\C/C=C\C/C=C\C/C=C\CCCC(=O)OC(C/C=C\CCCCCCCCOC(=O)CCN(CCCN(CC)CC)CCC(=O)OCCCCCCCC/C=C\CC(CCCCCC)OC(=O)CCC/C=C\C/C=C\C/C=C\C/C=C\CCCCC)CCCCCC,JW_2024,JW_2024,0
-2.6190522,-0.152388702,CCCCC/C=C\C/C=C\C/C=C\C/C=C\CCCC(=O)OC(C/C=C\CCCCCCCCOC(=O)CCN(CCCN(CC)CC)CCC(=O)OCCCCCCCC/C=C\CC(CCCCCC)OC(=O)CCC/C=C\C/C=C\C/C=C\C/C=C\CCCCC)CCCCCC,JW_2024,JW_2024,0
-3.742678,0.594185879,CCCCC/C=C\C/C=C\C/C=C\C/C=C\CCCC(=O)OC(C/C=C\CCCCCCCCOC(=O)CCN(CCCN(CC)CC)CCC(=O)OCCCCCCCC/C=C\CC(CCCCCC)OC(=O)CCC/C=C\C/C=C\C/C=C\C/C=C\CCCCC)CCCCCC,JW_2024,JW_2024,1
-1.9372336,0.288360147,CCCCC/C=C\C/C=C\C/C=C\C/C=C\CCCC(=O)OC(C/C=C\CCCCCCCCOC(=O)CCN(CCCN(CC)CC)CCC(=O)OCCCCCCCC/C=C\CC(CCCCCC)OC(=O)CCC/C=C\C/C=C\C/C=C\C/C=C\CCCCC)CCCCCC,JW_2024,JW_2024,1
-1.4002568,-1.060871023,CCCCC/C=C\C/C=C\C/C=C\C/C=C\CCCC(=O)OC(C/C=C\CCCCCCCCOC(=O)CCN(CCCN(CC)CC)CCC(=O)OCCCCCCCC/C=C\CC(CCCCCC)OC(=O)CCC/C=C\C/C=C\C/C=C\C/C=C\CCCCC)CCCCCC,JW_2024,JW_2024,0
-3.022022,0.57619613,CCCCC/C=C\C/C=C\C/C=C\C/C=C\CCCC(=O)OC(C/C=C\CCCCCCCCOC(=O)CCN(CCCN(CC)CC)CCC(=O)OCCCCCCCC/C=C\CC(CCCCCC)OC(=O)CCC/C=C\C/C=C\C/C=C\C/C=C\CCCCC)CCCCCC,JW_2024,JW_2024,1
-1.502869,0.953980858,CCCCC/C=C\C/C=C\C/C=C\C/C=C\CCCC(=O)OC(C/C=C\CCCCCCCCOC(=O)CCN(CCCN(CC)CC)CCC(=O)OCCCCCCCC/C=C\CC(CCCCCC)OC(=O)CCC/C=C\C/C=C\C/C=C\C/C=C\CCCCC)CCCCCC,JW_2024,JW_2024,1
-5.1963534,0.998955231,CCCCC/C=C\C/C=C\C/C=C\C/C=C\CCCC(=O)OC(C/C=C\CCCCCCCCOC(=O)CCN(CCCN(CC)CC)CCC(=O)OCCCCCCCC/C=C\CC(CCCCCC)OC(=O)CCC/C=C\C/C=C\C/C=C\C/C=C\CCCCC)CCCCCC,JW_2024,JW_2024,1
-3.1862996,1.853468305,CCCCC/C=C\C/C=C\C/C=C\C/C=C\CCCC(=O)OC(C/C=C\CCCCCCCCOC(=O)CCN(CCCN(CC)CC)CCC(=O)OCCCCCCCC/C=C\CC(CCCCCC)OC(=O)CCC/C=C\C/C=C\C/C=C\C/C=C\CCCCC)CCCCCC,JW_2024,JW_2024,2
-2.775428,0.513232009,CCCCC/C=C\C/C=C\C/C=C\C/C=C\CCCC(=O)OC(C/C=C\CCCCCCCCOC(=O)CCN(CCCN(CC)CC)CCC(=O)OCCCCCCCC/C=C\CC(CCCCCC)OC(=O)CCC/C=C\C/C=C\C/C=C\C/C=C\CCCCC)CCCCCC,JW_2024,JW_2024,1
-1.6754283,1.538647699,CCCCC/C=C\C/C=C\C/C=C\C/C=C\CCCC(=O)OC(C/C=C\CCCCCCCCOC(=O)CCN(CCCN(CC)CC)CCC(=O)OCCCCCCCC/C=C\CC(CCCCCC)OC(=O)CCC/C=C\C/C=C\C/C=C\C/C=C\CCCCC)CCCCCC,JW_2024,JW_2024,2
-2.0291395,0.15343703,CCCCC/C=C\C/C=C\C/C=C\C/C=C\CCCC(=O)OC(C/C=C\CCCCCCCCOC(=O)CCN(CCCN(CC)CC)CCC(=O)OCCCCCCCC/C=C\CC(CCCCCC)OC(=O)CCC/C=C\C/C=C\C/C=C\C/C=C\CCCCC)CCCCCC,JW_2024,JW_2024,1
-4.309726,0.882021862,CCCCC/C=C\C/C=C\C/C=C\C/C=C\CCCC(=O)OC(C/C=C\CCCCCCCCOC(=O)CCN(CCCN(CC)CC)CCC(=O)OCCCCCCCC/C=C\CC(CCCCCC)OC(=O)CCC/C=C\C/C=C\C/C=C\C/C=C\CCCCC)CCCCCC,JW_2024,JW_2024,1
-3.6246483,-0.907958157,CCCCC/C=C\CCC(=O)OC(C/C=C\CCCCCCCCOC(=O)CCN(CCC(=O)OCCCCCCCC/C=C\CC(CCCCCC)OC(=O)CC/C=C\CCCCC)CCN1CCCN(C)CC1)CCCCCC,JW_2024,JW_2024,0
-2.7459438,-0.188368199,CCCCC/C=C\CCC(=O)OC(C/C=C\CCCCCCCCOC(=O)CCN(CCC(=O)OCCCCCCCC/C=C\CC(CCCCCC)OC(=O)CC/C=C\CCCCC)CCN1CCCN(C)CC1)CCCCCC,JW_2024,JW_2024,0
-4.38958,0.018513913,CCCCC/C=C\CCC(=O)OC(C/C=C\CCCCCCCCOC(=O)CCN(CCC(=O)OCCCCCCCC/C=C\CC(CCCCCC)OC(=O)CC/C=C\CCCCC)CCN1CCCN(C)CC1)CCCCCC,JW_2024,JW_2024,0
-3.6336203,0.315344771,CCCCC/C=C\CCC(=O)OC(C/C=C\CCCCCCCCOC(=O)CCN(CCC(=O)OCCCCCCCC/C=C\CC(CCCCCC)OC(=O)CC/C=C\CCCCC)CCN1CCCN(C)CC1)CCCCCC,JW_2024,JW_2024,1
-3.8319824,-0.6111273,CCCCC/C=C\CCC(=O)OC(C/C=C\CCCCCCCCOC(=O)CCN(CCC(=O)OCCCCCCCC/C=C\CC(CCCCCC)OC(=O)CC/C=C\CCCCC)CCN1CCCN(C)CC1)CCCCCC,JW_2024,JW_2024,0
-3.8815353,0.081478035,CCCCC/C=C\CCC(=O)OC(C/C=C\CCCCCCCCOC(=O)CCN(CCC(=O)OCCCCCCCC/C=C\CC(CCCCCC)OC(=O)CC/C=C\CCCCC)CCN1CCCN(C)CC1)CCCCCC,JW_2024,JW_2024,1
-4.6794157,1.088903975,CCCCC/C=C\CCC(=O)OC(C/C=C\CCCCCCCCOC(=O)CCN(CCC(=O)OCCCCCCCC/C=C\CC(CCCCCC)OC(=O)CC/C=C\CCCCC)CCN1CCCN(C)CC1)CCCCCC,JW_2024,JW_2024,1
-3.7221498,-0.035455333,CCCCC/C=C\CCC(=O)OC(C/C=C\CCCCCCCCOC(=O)CCN(CCC(=O)OCCCCCCCC/C=C\CC(CCCCCC)OC(=O)CC/C=C\CCCCC)CCN1CCCN(C)CC1)CCCCCC,JW_2024,JW_2024,0
-2.8899484,1.736534937,CCCCC/C=C\CCC(=O)OC(C/C=C\CCCCCCCCOC(=O)CCN(CCC(=O)OCCCCCCCC/C=C\CC(CCCCCC)OC(=O)CC/C=C\CCCCC)CCN1CCCN(C)CC1)CCCCCC,JW_2024,JW_2024,2
-3.6936698,-0.305301568,CCCCC/C=C\CCC(=O)OC(C/C=C\CCCCCCCCOC(=O)CCN(CCC(=O)OCCCCCCCC/C=C\CC(CCCCCC)OC(=O)CC/C=C\CCCCC)CCN1CCCN(C)CC1)CCCCCC,JW_2024,JW_2024,0
-3.8645203,1.349755335,CCCCC/C=C\CCC(=O)OC(C/C=C\CCCCCCCCOC(=O)CCN(CCC(=O)OCCCCCCCC/C=C\CC(CCCCCC)OC(=O)CC/C=C\CCCCC)CCN1CCCN(C)CC1)CCCCCC,JW_2024,JW_2024,2
-3.221661,-0.260327195,CCCCC/C=C\CCC(=O)OC(C/C=C\CCCCCCCCOC(=O)CCN(CCC(=O)OCCCCCCCC/C=C\CC(CCCCCC)OC(=O)CC/C=C\CCCCC)CCN1CCCN(C)CC1)CCCCCC,JW_2024,JW_2024,0
-3.7356126,-0.305301568,CCCCC/C=C\CCC(=O)OC(C/C=C\CCCCCCCCOC(=O)CCN(CCC(=O)OCCCCCCCC/C=C\CC(CCCCCC)OC(=O)CC/C=C\CCCCC)CCN1CCCN(C)CC1)CCCCCC,JW_2024,JW_2024,0
-4.396198,0.036503662,CCCCC/C=C\CCC(=O)OC(C/C=C\CCCCCCCCOC(=O)CCN(CCC(=O)OCCCCCCCC/C=C\CC(CCCCCC)OC(=O)CC/C=C\CCCCC)CCN1CCCN(C)CC1)CCCCCC,JW_2024,JW_2024,1
-3.9425569,0.432278139,CCCCC/C=C\CCC(=O)OC(C/C=C\CCCCCCCCOC(=O)CCN(CCC(=O)OCCCCCCCC/C=C\CC(CCCCCC)OC(=O)CC/C=C\CCCCC)CCN1CCCN(C)CC1)CCCCCC,JW_2024,JW_2024,1
-4.1491036,-0.305301568,CCCCC/C=C\CCC(=O)OC(C/C=C\CCCCCCCCOC(=O)CCN(CCC(=O)OCCCCCCCC/C=C\CC(CCCCCC)OC(=O)CC/C=C\CCCCC)CCN1CCCN(C)CC1)CCCCCC,JW_2024,JW_2024,0
-3.5337815,0.846042365,CCCCC/C=C\CCC(=O)OC(C/C=C\CCCCCCCCOC(=O)CCN(CCC(=O)OCCCCCCCC/C=C\CC(CCCCCC)OC(=O)CC/C=C\CCCCC)CCN1CCCN(C)CC1)CCCCCC,JW_2024,JW_2024,1
-3.5220816,0.962975733,CCCCC/C=C\CCC(=O)OC(C/C=C\CCCCCCCCOC(=O)CCN(CCC(=O)OCCCCCCCC/C=C\CC(CCCCCC)OC(=O)CC/C=C\CCCCC)CCN1CCCN(C)CC1)CCCCCC,JW_2024,JW_2024,1
-4.878405,0.989960356,CCCCC/C=C\CCC(=O)OC(C/C=C\CCCCCCCCOC(=O)CCN(CCC(=O)OCCCCCCCC/C=C\CC(CCCCCC)OC(=O)CC/C=C\CCCCC)CCN1CCCN(C)CC1)CCCCCC,JW_2024,JW_2024,1
-3.5450392,1.295786088,CCCCC/C=C\CCC(=O)OC(C/C=C\CCCCCCCCOC(=O)CCN(CCC(=O)OCCCCCCCC/C=C\CC(CCCCCC)OC(=O)CC/C=C\CCCCC)CCN1CCCN(C)CC1)CCCCCC,JW_2024,JW_2024,1
-4.266824,0.846042365,CCCCC/C=C\CCC(=O)OC(C/C=C\CCCCCCCCOC(=O)CCN(CCC(=O)OCCCCCCCC/C=C\CC(CCCCCC)OC(=O)CC/C=C\CCCCC)CCN1CCCN(C)CC1)CCCCCC,JW_2024,JW_2024,1
-3.9018388,0.846042365,CCCCC/C=C\CCC(=O)OC(C/C=C\CCCCCCCCOC(=O)CCN(CCC(=O)OCCCCCCCC/C=C\CC(CCCCCC)OC(=O)CC/C=C\CCCCC)CCN1CCCN(C)CC1)CCCCCC,JW_2024,JW_2024,1
-3.9211857,0.306349896,CCCCC/C=C\CCC(=O)OC(C/C=C\CCCCCCCCOC(=O)CCN(CCC(=O)OCCCCCCCC/C=C\CC(CCCCCC)OC(=O)CC/C=C\CCCCC)CCN1CCCN(C)CC1)CCCCCC,JW_2024,JW_2024,1
-4.9075236,0.621170503,CCCCC/C=C\CCC(=O)OC(C/C=C\CCCCCCCCOC(=O)CCN(CCC(=O)OCCCCCCCC/C=C\CC(CCCCCC)OC(=O)CC/C=C\CCCCC)CCN1CCCN(C)CC1)CCCCCC,JW_2024,JW_2024,1
-5.7370753,-1.834430227,CCCCC/C=C\CCC(=O)OC(C/C=C\CCCCCCCCOC(=O)CCN(C)CCCn1ccnc1)CCCCCC,JW_2024,JW_2024,0
-5.8925653,-1.807445604,CCCCC/C=C\CCC(=O)OC(C/C=C\CCCCCCCCOC(=O)CCN(C)CCCn1ccnc1)CCCCCC,JW_2024,JW_2024,0
-9.034927,-1.249763387,CCCCC/C=C\CCC(=O)OC(C/C=C\CCCCCCCCOC(=O)CCN(C)CCCn1ccnc1)CCCCCC,JW_2024,JW_2024,0
-5.697626,-1.798450729,CCCCC/C=C\CCC(=O)OC(C/C=C\CCCCCCCCOC(=O)CCN(C)CCCn1ccnc1)CCCCCC,JW_2024,JW_2024,0
-5.402483,-1.771466106,CCCCC/C=C\CCC(=O)OC(C/C=C\CCCCCCCCOC(=O)CCN(C)CCCn1ccnc1)CCCCCC,JW_2024,JW_2024,0
-8.95015,-2.616984306,CCCCC/C=C\CCC(=O)OC(C/C=C\CCCCCCCCOC(=O)CCN(C)CCCn1ccnc1)CCCCCC,JW_2024,JW_2024,0
-8.471771,-1.240768512,CCCCC/C=C\CCC(=O)OC(C/C=C\CCCCCCCCOC(=O)CCN(C)CCCn1ccnc1)CCCCCC,JW_2024,JW_2024,0
-5.8347626,-1.690512236,CCCCC/C=C\CCC(=O)OC(C/C=C\CCCCCCCCOC(=O)CCN(C)CCCn1ccnc1)CCCCCC,JW_2024,JW_2024,0
-6.4152727,0.243385775,CCCCC/C=C\CCC(=O)OC(C/C=C\CCCCCCCCOC(=O)CCN(C)CCCn1ccnc1)CCCCCC,JW_2024,JW_2024,1
-5.8021717,-1.402676253,CCCCC/C=C\CCC(=O)OC(C/C=C\CCCCCCCCOC(=O)CCN(C)CCCn1ccnc1)CCCCCC,JW_2024,JW_2024,0
-8.621508,0.108462658,CCCCC/C=C\CCC(=O)OC(C/C=C\CCCCCCCCOC(=O)CCN(C)CCCn1ccnc1)CCCCCC,JW_2024,JW_2024,1
-5.5683,-1.717496859,CCCCC/C=C\CCC(=O)OC(C/C=C\CCCCCCCCOC(=O)CCN(C)CCCn1ccnc1)CCCCCC,JW_2024,JW_2024,0
-5.768352,-1.546594244,CCCCC/C=C\CCC(=O)OC(C/C=C\CCCCCCCCOC(=O)CCN(C)CCCn1ccnc1)CCCCCC,JW_2024,JW_2024,0
-9.447686,-1.186799266,CCCCC/C=C\CCC(=O)OC(C/C=C\CCCCCCCCOC(=O)CCN(C)CCCn1ccnc1)CCCCCC,JW_2024,JW_2024,0
-4.855421,-0.997906902,CCCCC/C=C\CCC(=O)OC(C/C=C\CCCCCCCCOC(=O)CCN1CCC(c2ccncc2)CC1)CCCCCC,JW_2024,JW_2024,0
-4.846084,-0.898963283,CCCCC/C=C\CCC(=O)OC(C/C=C\CCCCCCCCOC(=O)CCN1CCC(c2ccncc2)CC1)CCCCCC,JW_2024,JW_2024,0
-8.383177,-1.105845395,CCCCC/C=C\CCC(=O)OC(C/C=C\CCCCCCCCOC(=O)CCN1CCC(c2ccncc2)CC1)CCCCCC,JW_2024,JW_2024,0
-4.716573,-0.638111923,CCCCC/C=C\CCC(=O)OC(C/C=C\CCCCCCCCOC(=O)CCN1CCC(c2ccncc2)CC1)CCCCCC,JW_2024,JW_2024,0
-5.023491,-0.215352823,CCCCC/C=C\CCC(=O)OC(C/C=C\CCCCCCCCOC(=O)CCN1CCC(c2ccncc2)CC1)CCCCCC,JW_2024,JW_2024,0
-8.606113,-0.835999161,CCCCC/C=C\CCC(=O)OC(C/C=C\CCCCCCCCOC(=O)CCN1CCC(c2ccncc2)CC1)CCCCCC,JW_2024,JW_2024,0
-6.9904575,-0.170378451,CCCCC/C=C\CCC(=O)OC(C/C=C\CCCCCCCCOC(=O)CCN1CCC(c2ccncc2)CC1)CCCCCC,JW_2024,JW_2024,0
-5.1518483,-1.53759937,CCCCC/C=C\CCC(=O)OC(C/C=C\CCCCCCCCOC(=O)CCN1CCC(c2ccncc2)CC1)CCCCCC,JW_2024,JW_2024,0
-5.483979,-1.429660876,CCCCC/C=C\CCC(=O)OC(C/C=C\CCCCCCCCOC(=O)CCN1CCC(c2ccncc2)CC1)CCCCCC,JW_2024,JW_2024,0
-5.111432,-1.105845395,CCCCC/C=C\CCC(=O)OC(C/C=C\CCCCCCCCOC(=O)CCN1CCC(c2ccncc2)CC1)CCCCCC,JW_2024,JW_2024,0
-8.372228,0.962975733,CCCCC/C=C\CCC(=O)OC(C/C=C\CCCCCCCCOC(=O)CCN1CCC(c2ccncc2)CC1)CCCCCC,JW_2024,JW_2024,1
-4.8934894,-1.060871023,CCCCC/C=C\CCC(=O)OC(C/C=C\CCCCCCCCOC(=O)CCN1CCC(c2ccncc2)CC1)CCCCCC,JW_2024,JW_2024,0
-5.071322,-0.943937655,CCCCC/C=C\CCC(=O)OC(C/C=C\CCCCCCCCOC(=O)CCN1CCC(c2ccncc2)CC1)CCCCCC,JW_2024,JW_2024,0
-9.23941,-0.035455333,CCCCC/C=C\CCC(=O)OC(C/C=C\CCCCCCCCOC(=O)CCN1CCC(c2ccncc2)CC1)CCCCCC,JW_2024,JW_2024,0
-5.046092,-1.798450729,CCCCC/C=C\CCC(=O)OC(C/C=C\CCCCCCCCOC(=O)CCN1CCC(c2cccnc2)CC1)CCCCCC,JW_2024,JW_2024,0
-5.1838064,-0.943937655,CCCCC/C=C\CCC(=O)OC(C/C=C\CCCCCCCCOC(=O)CCN1CCC(c2cccnc2)CC1)CCCCCC,JW_2024,JW_2024,0
-8.780236,-1.168809517,CCCCC/C=C\CCC(=O)OC(C/C=C\CCCCCCCCOC(=O)CCN1CCC(c2cccnc2)CC1)CCCCCC,JW_2024,JW_2024,0
-4.907245,-1.348707006,CCCCC/C=C\CCC(=O)OC(C/C=C\CCCCCCCCOC(=O)CCN1CCC(c2cccnc2)CC1)CCCCCC,JW_2024,JW_2024,0
-5.2422833,-1.249763387,CCCCC/C=C\CCC(=O)OC(C/C=C\CCCCCCCCOC(=O)CCN1CCC(c2cccnc2)CC1)CCCCCC,JW_2024,JW_2024,0
-8.914473,-1.339712132,CCCCC/C=C\CCC(=O)OC(C/C=C\CCCCCCCCOC(=O)CCN1CCC(c2cccnc2)CC1)CCCCCC,JW_2024,JW_2024,0
-7.5511975,-0.332286191,CCCCC/C=C\CCC(=O)OC(C/C=C\CCCCCCCCOC(=O)CCN1CCC(c2cccnc2)CC1)CCCCCC,JW_2024,JW_2024,0
-5.312237,-1.690512236,CCCCC/C=C\CCC(=O)OC(C/C=C\CCCCCCCCOC(=O)CCN1CCC(c2cccnc2)CC1)CCCCCC,JW_2024,JW_2024,0
-5.673159,-0.494193931,CCCCC/C=C\CCC(=O)OC(C/C=C\CCCCCCCCOC(=O)CCN1CCC(c2cccnc2)CC1)CCCCCC,JW_2024,JW_2024,0
-5.3580546,-1.267753136,CCCCC/C=C\CCC(=O)OC(C/C=C\CCCCCCCCOC(=O)CCN1CCC(c2cccnc2)CC1)CCCCCC,JW_2024,JW_2024,0
-8.758643,0.207406277,CCCCC/C=C\CCC(=O)OC(C/C=C\CCCCCCCCOC(=O)CCN1CCC(c2cccnc2)CC1)CCCCCC,JW_2024,JW_2024,1
-5.081273,-1.312727508,CCCCC/C=C\CCC(=O)OC(C/C=C\CCCCCCCCOC(=O)CCN1CCC(c2cccnc2)CC1)CCCCCC,JW_2024,JW_2024,0
-5.3179455,-1.330717257,CCCCC/C=C\CCC(=O)OC(C/C=C\CCCCCCCCOC(=O)CCN1CCC(c2cccnc2)CC1)CCCCCC,JW_2024,JW_2024,0
-9.6659,-1.051876148,CCCCC/C=C\CCC(=O)OC(C/C=C\CCCCCCCCOC(=O)CCN1CCC(c2cccnc2)CC1)CCCCCC,JW_2024,JW_2024,0
-3.081118,-0.314296442,CCCCCCCCC(CCCCCC)C(=O)OC(C/C=C\CCCCCCCCOC(=O)CCN(C)CCCN(C)CCCN(C)CCC(=O)OCCCCCCCC/C=C\CC(CCCCCC)OC(=O)C(CCCCCC)CCCCCCCC)CCCCC,JW_2024,JW_2024,0
-2.8293805,0.045498537,CCCCCCCCC(CCCCCC)C(=O)OC(C/C=C\CCCCCCCCOC(=O)CCN(C)CCCN(C)CCCN(C)CCC(=O)OCCCCCCCC/C=C\CC(CCCCCC)OC(=O)C(CCCCCC)CCCCCCCC)CCCCC,JW_2024,JW_2024,1
-3.215869,-0.116409204,CCCCCCCCC(CCCCCC)C(=O)OC(C/C=C\CCCCCCCCOC(=O)CCN(C)CCCN(C)CCCN(C)CCC(=O)OCCCCCCCC/C=C\CC(CCCCCC)OC(=O)C(CCCCCC)CCCCCCCC)CCCCC,JW_2024,JW_2024,0
-3.4153864,-0.746050417,CCCCCCCCC(CCCCCC)C(=O)OC(C/C=C\CCCCCCCCOC(=O)CCN(C)CCCN(C)CCCN(C)CCC(=O)OCCCCCCCC/C=C\CC(CCCCCC)OC(=O)C(CCCCCC)CCCCCCCC)CCCCC,JW_2024,JW_2024,0
-3.705747,0.387303767,CCCCCCCCC(CCCCCC)C(=O)OC(C/C=C\CCCCCCCCOC(=O)CCN(C)CCCN(C)CCCN(C)CCC(=O)OCCCCCCCC/C=C\CC(CCCCCC)OC(=O)C(CCCCCC)CCCCCCCC)CCCCC,JW_2024,JW_2024,1
-3.066373,-0.314296442,CCCCCCCCC(CCCCCC)C(=O)OC(C/C=C\CCCCCCCCOC(=O)CCN(C)CCCN(C)CCCN(C)CCC(=O)OCCCCCCCC/C=C\CC(CCCCCC)OC(=O)C(CCCCCC)CCCCCCCC)CCCCC,JW_2024,JW_2024,0
-4.01095,0.846042365,CCCCCCCCC(CCCCCC)C(=O)OC(C/C=C\CCCCCCCCOC(=O)CCN(C)CCCN(C)CCCN(C)CCC(=O)OCCCCCCCC/C=C\CC(CCCCCC)OC(=O)C(CCCCCC)CCCCCCCC)CCCCC,JW_2024,JW_2024,1
-3.5095904,-0.26932207,CCCCCCCCC(CCCCCC)C(=O)OC(C/C=C\CCCCCCCCOC(=O)CCN(C)CCCN(C)CCCN(C)CCC(=O)OCCCCCCCC/C=C\CC(CCCCCC)OC(=O)C(CCCCCC)CCCCCCCC)CCCCC,JW_2024,JW_2024,0
-2.6001925,1.115888599,CCCCCCCCC(CCCCCC)C(=O)OC(C/C=C\CCCCCCCCOC(=O)CCN(C)CCCN(C)CCCN(C)CCC(=O)OCCCCCCCC/C=C\CC(CCCCCC)OC(=O)C(CCCCCC)CCCCCCCC)CCCCC,JW_2024,JW_2024,1
-3.681361,-0.584142676,CCCCCCCCC(CCCCCC)C(=O)OC(C/C=C\CCCCCCCCOC(=O)CCN(C)CCCN(C)CCCN(C)CCC(=O)OCCCCCCCC/C=C\CC(CCCCCC)OC(=O)C(CCCCCC)CCCCCCCC)CCCCC,JW_2024,JW_2024,0
-3.0197845,1.088903975,CCCCCCCCC(CCCCCC)C(=O)OC(C/C=C\CCCCCCCCOC(=O)CCN(C)CCCN(C)CCCN(C)CCC(=O)OCCCCCCCC/C=C\CC(CCCCCC)OC(=O)C(CCCCCC)CCCCCCCC)CCCCC,JW_2024,JW_2024,1
-3.0730913,0.018513913,CCCCCCCCC(CCCCCC)C(=O)OC(C/C=C\CCCCCCCCOC(=O)CCN(C)CCCN(C)CCCN(C)CCC(=O)OCCCCCCCC/C=C\CC(CCCCCC)OC(=O)C(CCCCCC)CCCCCCCC)CCCCC,JW_2024,JW_2024,0
-3.6076803,-0.539168304,CCCCCCCCC(CCCCCC)C(=O)OC(C/C=C\CCCCCCCCOC(=O)CCN(C)CCCN(C)CCCN(C)CCC(=O)OCCCCCCCC/C=C\CC(CCCCCC)OC(=O)C(CCCCCC)CCCCCCCC)CCCCC,JW_2024,JW_2024,0
-4.126129,0.567201256,CCCCCCCCC(CCCCCC)C(=O)OC(C/C=C\CCCCCCCCOC(=O)CCN(C)CCCN(C)CCCN(C)CCC(=O)OCCCCCCCC/C=C\CC(CCCCCC)OC(=O)C(CCCCCC)CCCCCCCC)CCCCC,JW_2024,JW_2024,1
-3.3756273,-0.017465585,CCCCCCCCC(CCCCCC)C(=O)OC(C/C=C\CCCCCCCCOC(=O)CCN(C)CCCN(C)CCCN(C)CCC(=O)OCCCCCCCC/C=C\CC(CCCCCC)OC(=O)C(CCCCCC)CCCCCCCC)CCCCC,JW_2024,JW_2024,0
-3.4894886,-0.377260563,CCCCCCCCC(CCCCCC)C(=O)OC(C/C=C\CCCCCCCCOC(=O)CCN(C)CCCN(C)CCCN(C)CCC(=O)OCCCCCCCC/C=C\CC(CCCCCC)OC(=O)C(CCCCCC)CCCCCCCC)CCCCC,JW_2024,JW_2024,0
-3.7266355,0.711119248,CCCCCCCCC(CCCCCC)C(=O)OC(C/C=C\CCCCCCCCOC(=O)CCN(C)CCCN(C)CCCN(C)CCC(=O)OCCCCCCCC/C=C\CC(CCCCCC)OC(=O)C(CCCCCC)CCCCCCCC)CCCCC,JW_2024,JW_2024,1
-3.6216714,-0.143393827,CCCCCCCCC(CCCCCC)C(=O)OC(C/C=C\CCCCCCCCOC(=O)CCN(C)CCCN(C)CCCN(C)CCC(=O)OCCCCCCCC/C=C\CC(CCCCCC)OC(=O)C(CCCCCC)CCCCCCCC)CCCCC,JW_2024,JW_2024,0
-4.239694,0.117457533,CCCCCCCCC(CCCCCC)C(=O)OC(C/C=C\CCCCCCCCOC(=O)CCN(C)CCCN(C)CCCN(C)CCC(=O)OCCCCCCCC/C=C\CC(CCCCCC)OC(=O)C(CCCCCC)CCCCCCCC)CCCCC,JW_2024,JW_2024,1
-3.0569918,1.52065795,CCCCCCCCC(CCCCCC)C(=O)OC(C/C=C\CCCCCCCCOC(=O)CCN(C)CCCN(C)CCCN(C)CCC(=O)OCCCCCCCC/C=C\CC(CCCCCC)OC(=O)C(CCCCCC)CCCCCCCC)CCCCC,JW_2024,JW_2024,2
-3.6280892,0.891016737,CCCCCCCCC(CCCCCC)C(=O)OC(C/C=C\CCCCCCCCOC(=O)CCN(C)CCCN(C)CCCN(C)CCC(=O)OCCCCCCCC/C=C\CC(CCCCCC)OC(=O)C(CCCCCC)CCCCCCCC)CCCCC,JW_2024,JW_2024,1
-3.0021436,0.953980858,CCCCCCCCC(CCCCCC)C(=O)OC(C/C=C\CCCCCCCCOC(=O)CCN(C)CCCN(C)CCCN(C)CCC(=O)OCCCCCCCC/C=C\CC(CCCCCC)OC(=O)C(CCCCCC)CCCCCCCC)CCCCC,JW_2024,JW_2024,1
-3.7703304,-0.314296442,CCCCCCCCC(CCCCCC)C(=O)OC(C/C=C\CCCCCCCCOC(=O)CCN(C)CCCN(C)CCCN(C)CCC(=O)OCCCCCCCC/C=C\CC(CCCCCC)OC(=O)C(CCCCCC)CCCCCCCC)CCCCC,JW_2024,JW_2024,0
-4.4130135,-0.026460459,CCCCCCCCC(CCCCCC)C(=O)OC(C/C=C\CCCCCCCCOC(=O)CCN(C)CCCN(C)CCCN(C)CCC(=O)OCCCCCCCC/C=C\CC(CCCCCC)OC(=O)C(CCCCCC)CCCCCCCC)CCCCC,JW_2024,JW_2024,0
-1.7417223,-1.69950711,CCCCCCCCC(CCCCCC)C(=O)OC(C/C=C\CCCCCCCCOC(=O)CCN(CCCN1CCN(C)CC1)CCC(=O)OCCCCCCCC/C=C\CC(CCCCCC)OC(=O)C(CCCCCC)CCCCCCCC)CCCCCC,JW_2024,JW_2024,0
-1.706338,-0.791024789,CCCCCCCCC(CCCCCC)C(=O)OC(C/C=C\CCCCCCCCOC(=O)CCN(CCCN1CCN(C)CC1)CCC(=O)OCCCCCCCC/C=C\CC(CCCCCC)OC(=O)C(CCCCCC)CCCCCCCC)CCCCCC,JW_2024,JW_2024,0
-3.0114605,-0.188368199,CCCCCCCCC(CCCCCC)C(=O)OC(C/C=C\CCCCCCCCOC(=O)CCN(CCCN1CCN(C)CC1)CCC(=O)OCCCCCCCC/C=C\CC(CCCCCC)OC(=O)C(CCCCCC)CCCCCCCC)CCCCCC,JW_2024,JW_2024,0
-2.1472456,-1.096850521,CCCCCCCCC(CCCCCC)C(=O)OC(C/C=C\CCCCCCCCOC(=O)CCN(CCCN1CCN(C)CC1)CCC(=O)OCCCCCCCC/C=C\CC(CCCCCC)OC(=O)C(CCCCCC)CCCCCCCC)CCCCCC,JW_2024,JW_2024,0
-2.588617,-0.548163178,CCCCCCCCC(CCCCCC)C(=O)OC(C/C=C\CCCCCCCCOC(=O)CCN(CCCN1CCN(C)CC1)CCC(=O)OCCCCCCCC/C=C\CC(CCCCCC)OC(=O)C(CCCCCC)CCCCCCCC)CCCCCC,JW_2024,JW_2024,0
-2.9941466,-0.404245187,CCCCCCCCC(CCCCCC)C(=O)OC(C/C=C\CCCCCCCCOC(=O)CCN(CCCN1CCN(C)CC1)CCC(=O)OCCCCCCCC/C=C\CC(CCCCCC)OC(=O)C(CCCCCC)CCCCCCCC)CCCCCC,JW_2024,JW_2024,0
-2.7247138,0.027508788,CCCCCCCCC(CCCCCC)C(=O)OC(C/C=C\CCCCCCCCOC(=O)CCN(CCCN1CCN(C)CC1)CCC(=O)OCCCCCCCC/C=C\CC(CCCCCC)OC(=O)C(CCCCCC)CCCCCCCC)CCCCCC,JW_2024,JW_2024,0
-2.8431664,-0.368265689,CCCCCCCCC(CCCCCC)C(=O)OC(C/C=C\CCCCCCCCOC(=O)CCN(CCCN1CCN(C)CC1)CCC(=O)OCCCCCCCC/C=C\CC(CCCCCC)OC(=O)C(CCCCCC)CCCCCCCC)CCCCCC,JW_2024,JW_2024,0
-1.9368627,1.043929603,CCCCCCCCC(CCCCCC)C(=O)OC(C/C=C\CCCCCCCCOC(=O)CCN(CCCN1CCN(C)CC1)CCC(=O)OCCCCCCCC/C=C\CC(CCCCCC)OC(=O)C(CCCCCC)CCCCCCCC)CCCCCC,JW_2024,JW_2024,1
-2.738038,-0.665096546,CCCCCCCCC(CCCCCC)C(=O)OC(C/C=C\CCCCCCCCOC(=O)CCN(CCCN1CCN(C)CC1)CCC(=O)OCCCCCCCC/C=C\CC(CCCCCC)OC(=O)C(CCCCCC)CCCCCCCC)CCCCCC,JW_2024,JW_2024,0
-2.9631016,1.367745084,CCCCCCCCC(CCCCCC)C(=O)OC(C/C=C\CCCCCCCCOC(=O)CCN(CCCN1CCN(C)CC1)CCC(=O)OCCCCCCCC/C=C\CC(CCCCCC)OC(=O)C(CCCCCC)CCCCCCCC)CCCCCC,JW_2024,JW_2024,2
-2.2908957,-1.11484027,CCCCCCCCC(CCCCCC)C(=O)OC(C/C=C\CCCCCCCCOC(=O)CCN(CCCN1CCN(C)CC1)CCC(=O)OCCCCCCCC/C=C\CC(CCCCCC)OC(=O)C(CCCCCC)CCCCCCCC)CCCCCC,JW_2024,JW_2024,0
-2.735118,-1.4566455,CCCCCCCCC(CCCCCC)C(=O)OC(C/C=C\CCCCCCCCOC(=O)CCN(CCCN1CCN(C)CC1)CCC(=O)OCCCCCCCC/C=C\CC(CCCCCC)OC(=O)C(CCCCCC)CCCCCCCC)CCCCCC,JW_2024,JW_2024,0
-3.7558486,-0.503188806,CCCCCCCCC(CCCCCC)C(=O)OC(C/C=C\CCCCCCCCOC(=O)CCN(CCCN1CCN(C)CC1)CCC(=O)OCCCCCCCC/C=C\CC(CCCCCC)OC(=O)C(CCCCCC)CCCCCCCC)CCCCCC,JW_2024,JW_2024,0
-2.8932238,-0.395250312,CCCCCCCCC(CCCCCC)C(=O)OC(C/C=C\CCCCCCCCOC(=O)CCN(CCCN1CCN(C)CC1)CCC(=O)OCCCCCCCC/C=C\CC(CCCCCC)OC(=O)C(CCCCCC)CCCCCCCC)CCCCCC,JW_2024,JW_2024,0
-2.4983773,-0.566152927,CCCCCCCCC(CCCCCC)C(=O)OC(C/C=C\CCCCCCCCOC(=O)CCN(CCCN1CCN(C)CC1)CCC(=O)OCCCCCCCC/C=C\CC(CCCCCC)OC(=O)C(CCCCCC)CCCCCCCC)CCCCCC,JW_2024,JW_2024,0
-4.1432214,0.063488286,CCCCCCCCC(CCCCCC)C(=O)OC(C/C=C\CCCCCCCCOC(=O)CCN(CCCN1CCN(C)CC1)CCC(=O)OCCCCCCCC/C=C\CC(CCCCCC)OC(=O)C(CCCCCC)CCCCCCCC)CCCCCC,JW_2024,JW_2024,1
-1.756791,1.079909101,CCCCCCCCC(CCCCCC)C(=O)OC(C/C=C\CCCCCCCCOC(=O)CCN(CCCN1CCN(C)CC1)CCC(=O)OCCCCCCCC/C=C\CC(CCCCCC)OC(=O)C(CCCCCC)CCCCCCCC)CCCCCC,JW_2024,JW_2024,1
-2.6487844,1.016944979,CCCCCCCCC(CCCCCC)C(=O)OC(C/C=C\CCCCCCCCOC(=O)CCN(CCCN1CCN(C)CC1)CCC(=O)OCCCCCCCC/C=C\CC(CCCCCC)OC(=O)C(CCCCCC)CCCCCCCC)CCCCCC,JW_2024,JW_2024,1
-2.0199392,0.477252511,CCCCCCCCC(CCCCCC)C(=O)OC(C/C=C\CCCCCCCCOC(=O)CCN(CCCN1CCN(C)CC1)CCC(=O)OCCCCCCCC/C=C\CC(CCCCCC)OC(=O)C(CCCCCC)CCCCCCCC)CCCCCC,JW_2024,JW_2024,1
-2.5083537,-0.539168304,CCCCCCCCC(CCCCCC)C(=O)OC(C/C=C\CCCCCCCCOC(=O)CCN(CCCN1CCN(C)CC1)CCC(=O)OCCCCCCCC/C=C\CC(CCCCCC)OC(=O)C(CCCCCC)CCCCCCCC)CCCCCC,JW_2024,JW_2024,0
-3.091425,0.000524164,CCCCCCCCC(CCCCCC)C(=O)OC(C/C=C\CCCCCCCCOC(=O)CCN(CCCN1CCN(C)CC1)CCC(=O)OCCCCCCCC/C=C\CC(CCCCCC)OC(=O)C(CCCCCC)CCCCCCCC)CCCCCC,JW_2024,JW_2024,0
-2.2626264,-1.141824893,CCCCCCCCC(CCCCCC)C(=O)OC(C/C=C\CCCCCCCCOC(=O)CCN(C)CCCCCCN(C)CCC(=O)OCCCCCCCC/C=C\CC(CCCCCC)OC(=O)C(CCCCCC)CCCCCCCC)CCCCC,JW_2024,JW_2024,0
-2.150352,-1.078860772,CCCCCCCCC(CCCCCC)C(=O)OC(C/C=C\CCCCCCCCOC(=O)CCN(C)CCCCCCN(C)CCC(=O)OCCCCCCCC/C=C\CC(CCCCCC)OC(=O)C(CCCCCC)CCCCCCCC)CCCCC,JW_2024,JW_2024,0
-2.8107767,-0.51218368,CCCCCCCCC(CCCCCC)C(=O)OC(C/C=C\CCCCCCCCOC(=O)CCN(C)CCCCCCN(C)CCC(=O)OCCCCCCCC/C=C\CC(CCCCCC)OC(=O)C(CCCCCC)CCCCCCCC)CCCCC,JW_2024,JW_2024,0
-2.782929,-1.069865897,CCCCCCCCC(CCCCCC)C(=O)OC(C/C=C\CCCCCCCCOC(=O)CCN(C)CCCCCCN(C)CCC(=O)OCCCCCCCC/C=C\CC(CCCCCC)OC(=O)C(CCCCCC)CCCCCCCC)CCCCC,JW_2024,JW_2024,0
-2.889267,-0.629117048,CCCCCCCCC(CCCCCC)C(=O)OC(C/C=C\CCCCCCCCOC(=O)CCN(C)CCCCCCN(C)CCC(=O)OCCCCCCCC/C=C\CC(CCCCCC)OC(=O)C(CCCCCC)CCCCCCCC)CCCCC,JW_2024,JW_2024,0
-2.9583364,-2.005332842,CCCCCCCCC(CCCCCC)C(=O)OC(C/C=C\CCCCCCCCOC(=O)CCN(C)CCCCCCN(C)CCC(=O)OCCCCCCCC/C=C\CC(CCCCCC)OC(=O)C(CCCCCC)CCCCCCCC)CCCCC,JW_2024,JW_2024,0
-2.9688299,0.468257637,CCCCCCCCC(CCCCCC)C(=O)OC(C/C=C\CCCCCCCCOC(=O)CCN(C)CCCCCCN(C)CCC(=O)OCCCCCCCC/C=C\CC(CCCCCC)OC(=O)C(CCCCCC)CCCCCCCC)CCCCC,JW_2024,JW_2024,1
-3.3892825,-1.735486608,CCCCCCCCC(CCCCCC)C(=O)OC(C/C=C\CCCCCCCCOC(=O)CCN(C)CCCCCCN(C)CCC(=O)OCCCCCCCC/C=C\CC(CCCCCC)OC(=O)C(CCCCCC)CCCCCCCC)CCCCC,JW_2024,JW_2024,0
-2.463149,-0.593137551,CCCCCCCCC(CCCCCC)C(=O)OC(C/C=C\CCCCCCCCOC(=O)CCN(C)CCCCCCN(C)CCC(=O)OCCCCCCCC/C=C\CC(CCCCCC)OC(=O)C(CCCCCC)CCCCCCCC)CCCCC,JW_2024,JW_2024,0
-3.2857044,-0.584142676,CCCCCCCCC(CCCCCC)C(=O)OC(C/C=C\CCCCCCCCOC(=O)CCN(C)CCCCCCN(C)CCC(=O)OCCCCCCCC/C=C\CC(CCCCCC)OC(=O)C(CCCCCC)CCCCCCCC)CCCCC,JW_2024,JW_2024,0
-2.859829,-0.080429706,CCCCCCCCC(CCCCCC)C(=O)OC(C/C=C\CCCCCCCCOC(=O)CCN(C)CCCCCCN(C)CCC(=O)OCCCCCCCC/C=C\CC(CCCCCC)OC(=O)C(CCCCCC)CCCCCCCC)CCCCC,JW_2024,JW_2024,0
-2.7505045,-1.429660876,CCCCCCCCC(CCCCCC)C(=O)OC(C/C=C\CCCCCCCCOC(=O)CCN(C)CCCCCCN(C)CCC(=O)OCCCCCCCC/C=C\CC(CCCCCC)OC(=O)C(CCCCCC)CCCCCCCC)CCCCC,JW_2024,JW_2024,0
-3.1971045,-0.584142676,CCCCCCCCC(CCCCCC)C(=O)OC(C/C=C\CCCCCCCCOC(=O)CCN(C)CCCCCCN(C)CCC(=O)OCCCCCCCC/C=C\CC(CCCCCC)OC(=O)C(CCCCCC)CCCCCCCC)CCCCC,JW_2024,JW_2024,0
-3.5229056,-0.08942458,CCCCCCCCC(CCCCCC)C(=O)OC(C/C=C\CCCCCCCCOC(=O)CCN(C)CCCCCCN(C)CCC(=O)OCCCCCCCC/C=C\CC(CCCCCC)OC(=O)C(CCCCCC)CCCCCCCC)CCCCC,JW_2024,JW_2024,0
-2.9510207,-0.305301568,CCCCC/C=C\CCC(=O)OC(C/C=C\CCCCCCCCOC(=O)CCN(C)CCCN(C)CCCN(C)CCC(=O)OCCCCCCCC/C=C\CC(CCCCCC)OC(=O)CC/C=C\CCCCC)CCCCC,JW_2024,JW_2024,0
-2.7687907,0.135447281,CCCCC/C=C\CCC(=O)OC(C/C=C\CCCCCCCCOC(=O)CCN(C)CCCN(C)CCCN(C)CCC(=O)OCCCCCCCC/C=C\CC(CCCCCC)OC(=O)CC/C=C\CCCCC)CCCCC,JW_2024,JW_2024,1
-5.060673,0.873026988,CCCCC/C=C\CCC(=O)OC(C/C=C\CCCCCCCCOC(=O)CCN(C)CCCN(C)CCCN(C)CCC(=O)OCCCCCCCC/C=C\CC(CCCCCC)OC(=O)CC/C=C\CCCCC)CCCCC,JW_2024,JW_2024,1
-2.955419,-0.764040165,CCCCC/C=C\CCC(=O)OC(C/C=C\CCCCCCCCOC(=O)CCN(C)CCCN(C)CCCN(C)CCC(=O)OCCCCCCCC/C=C\CC(CCCCCC)OC(=O)CC/C=C\CCCCC)CCCCC,JW_2024,JW_2024,0
-2.8246427,-0.161383576,CCCCC/C=C\CCC(=O)OC(C/C=C\CCCCCCCCOC(=O)CCN(C)CCCN(C)CCCN(C)CCC(=O)OCCCCCCCC/C=C\CC(CCCCCC)OC(=O)CC/C=C\CCCCC)CCCCC,JW_2024,JW_2024,0
-4.538273,0.018513913,CCCCC/C=C\CCC(=O)OC(C/C=C\CCCCCCCCOC(=O)CCN(C)CCCN(C)CCCN(C)CCC(=O)OCCCCCCCC/C=C\CC(CCCCCC)OC(=O)CC/C=C\CCCCC)CCCCC,JW_2024,JW_2024,0
-5.108993,1.439704079,CCCCC/C=C\CCC(=O)OC(C/C=C\CCCCCCCCOC(=O)CCN(C)CCCN(C)CCCN(C)CCC(=O)OCCCCCCCC/C=C\CC(CCCCCC)OC(=O)CC/C=C\CCCCC)CCCCC,JW_2024,JW_2024,2
-3.5689802,-0.188368199,CCCCC/C=C\CCC(=O)OC(C/C=C\CCCCCCCCOC(=O)CCN(C)CCCN(C)CCCN(C)CCC(=O)OCCCCCCCC/C=C\CC(CCCCCC)OC(=O)CC/C=C\CCCCC)CCCCC,JW_2024,JW_2024,0
-2.7820668,1.745529811,CCCCC/C=C\CCC(=O)OC(C/C=C\CCCCCCCCOC(=O)CCN(C)CCCN(C)CCCN(C)CCC(=O)OCCCCCCCC/C=C\CC(CCCCCC)OC(=O)CC/C=C\CCCCC)CCCCC,JW_2024,JW_2024,2
-3.6321306,-0.215352823,CCCCC/C=C\CCC(=O)OC(C/C=C\CCCCCCCCOC(=O)CCN(C)CCCN(C)CCCN(C)CCC(=O)OCCCCCCCC/C=C\CC(CCCCCC)OC(=O)CC/C=C\CCCCC)CCCCC,JW_2024,JW_2024,0
-4.5665307,1.376739958,CCCCC/C=C\CCC(=O)OC(C/C=C\CCCCCCCCOC(=O)CCN(C)CCCN(C)CCCN(C)CCC(=O)OCCCCCCCC/C=C\CC(CCCCCC)OC(=O)CC/C=C\CCCCC)CCCCC,JW_2024,JW_2024,2
-3.0392761,0.216401152,CCCCC/C=C\CCC(=O)OC(C/C=C\CCCCCCCCOC(=O)CCN(C)CCCN(C)CCCN(C)CCC(=O)OCCCCCCCC/C=C\CC(CCCCCC)OC(=O)CC/C=C\CCCCC)CCCCC,JW_2024,JW_2024,1
-3.6231744,0.810062867,CCCCC/C=C\CCC(=O)OC(C/C=C\CCCCCCCCOC(=O)CCN(C)CCCN(C)CCCN(C)CCC(=O)OCCCCCCCC/C=C\CC(CCCCCC)OC(=O)CC/C=C\CCCCC)CCCCC,JW_2024,JW_2024,1
-5.1172824,0.783078243,CCCCC/C=C\CCC(=O)OC(C/C=C\CCCCCCCCOC(=O)CCN(C)CCCN(C)CCCN(C)CCC(=O)OCCCCCCCC/C=C\CC(CCCCCC)OC(=O)CC/C=C\CCCCC)CCCCC,JW_2024,JW_2024,1
-3.110873,0.603180754,CCCCC/C=C\CCC(=O)OC(C/C=C\CCCCCCCCOC(=O)CCN(C)CCCN(C)CCCN(C)CCC(=O)OCCCCCCCC/C=C\CC(CCCCCC)OC(=O)CC/C=C\CCCCC)CCCCC,JW_2024,JW_2024,1
-3.38461,0.630165377,CCCCC/C=C\CCC(=O)OC(C/C=C\CCCCCCCCOC(=O)CCN(C)CCCN(C)CCCN(C)CCC(=O)OCCCCCCCC/C=C\CC(CCCCCC)OC(=O)CC/C=C\CCCCC)CCCCC,JW_2024,JW_2024,1
-3.2415164,1.511663075,CCCCC/C=C\CCC(=O)OC(C/C=C\CCCCCCCCOC(=O)CCN(C)CCCN(C)CCCN(C)CCC(=O)OCCCCCCCC/C=C\CC(CCCCCC)OC(=O)CC/C=C\CCCCC)CCCCC,JW_2024,JW_2024,2
-2.6129518,1.268801465,CCCCC/C=C\CCC(=O)OC(C/C=C\CCCCCCCCOC(=O)CCN(C)CCCN(C)CCCN(C)CCC(=O)OCCCCCCCC/C=C\CC(CCCCCC)OC(=O)CC/C=C\CCCCC)CCCCC,JW_2024,JW_2024,1
-5.2585177,1.214832218,CCCCC/C=C\CCC(=O)OC(C/C=C\CCCCCCCCOC(=O)CCN(C)CCCN(C)CCCN(C)CCC(=O)OCCCCCCCC/C=C\CC(CCCCCC)OC(=O)CC/C=C\CCCCC)CCCCC,JW_2024,JW_2024,1
-4.148851,1.898442677,CCCCC/C=C\CCC(=O)OC(C/C=C\CCCCCCCCOC(=O)CCN(C)CCCN(C)CCCN(C)CCC(=O)OCCCCCCCC/C=C\CC(CCCCCC)OC(=O)CC/C=C\CCCCC)CCCCC,JW_2024,JW_2024,2
-4.5843363,0.828052616,CCCCC/C=C\CCC(=O)OC(C/C=C\CCCCCCCCOC(=O)CCN(C)CCCN(C)CCCN(C)CCC(=O)OCCCCCCCC/C=C\CC(CCCCCC)OC(=O)CC/C=C\CCCCC)CCCCC,JW_2024,JW_2024,1
-2.983513,1.60161182,CCCCC/C=C\CCC(=O)OC(C/C=C\CCCCCCCCOC(=O)CCN(C)CCCN(C)CCCN(C)CCC(=O)OCCCCCCCC/C=C\CC(CCCCCC)OC(=O)CC/C=C\CCCCC)CCCCC,JW_2024,JW_2024,2
-3.1811695,0.657150001,CCCCC/C=C\CCC(=O)OC(C/C=C\CCCCCCCCOC(=O)CCN(C)CCCN(C)CCCN(C)CCC(=O)OCCCCCCCC/C=C\CC(CCCCCC)OC(=O)CC/C=C\CCCCC)CCCCC,JW_2024,JW_2024,1
-5.2587795,0.693129499,CCCCC/C=C\CCC(=O)OC(C/C=C\CCCCCCCCOC(=O)CCN(C)CCCN(C)CCCN(C)CCC(=O)OCCCCCCCC/C=C\CC(CCCCCC)OC(=O)CC/C=C\CCCCC)CCCCC,JW_2024,JW_2024,1
-2.4198632,-0.332286191,CCCCC/C=C\CCC(=O)OC(C/C=C\CCCCCCCCOC(=O)CCN(CCCN1CCN(C)CC1)CCC(=O)OCCCCCCCC/C=C\CC(CCCCCC)OC(=O)CC/C=C\CCCCC)CCCCCC,JW_2024,JW_2024,0
-2.3640442,0.099467784,CCCCC/C=C\CCC(=O)OC(C/C=C\CCCCCCCCOC(=O)CCN(CCCN1CCN(C)CC1)CCC(=O)OCCCCCCCC/C=C\CC(CCCCCC)OC(=O)CC/C=C\CCCCC)CCCCCC,JW_2024,JW_2024,1
-4.1582847,0.216401152,CCCCC/C=C\CCC(=O)OC(C/C=C\CCCCCCCCOC(=O)CCN(CCCN1CCN(C)CC1)CCC(=O)OCCCCCCCC/C=C\CC(CCCCCC)OC(=O)CC/C=C\CCCCC)CCCCCC,JW_2024,JW_2024,1
-2.474892,0.558206382,CCCCC/C=C\CCC(=O)OC(C/C=C\CCCCCCCCOC(=O)CCN(CCCN1CCN(C)CC1)CCC(=O)OCCCCCCCC/C=C\CC(CCCCCC)OC(=O)CC/C=C\CCCCC)CCCCCC,JW_2024,JW_2024,1
-2.7089908,-0.08942458,CCCCC/C=C\CCC(=O)OC(C/C=C\CCCCCCCCOC(=O)CCN(CCCN1CCN(C)CC1)CCC(=O)OCCCCCCCC/C=C\CC(CCCCCC)OC(=O)CC/C=C\CCCCC)CCCCCC,JW_2024,JW_2024,0
-3.5224316,-0.656101672,CCCCC/C=C\CCC(=O)OC(C/C=C\CCCCCCCCOC(=O)CCN(CCCN1CCN(C)CC1)CCC(=O)OCCCCCCCC/C=C\CC(CCCCCC)OC(=O)CC/C=C\CCCCC)CCCCCC,JW_2024,JW_2024,0
-3.9117658,0.279365273,CCCCC/C=C\CCC(=O)OC(C/C=C\CCCCCCCCOC(=O)CCN(CCCN1CCN(C)CC1)CCC(=O)OCCCCCCCC/C=C\CC(CCCCCC)OC(=O)CC/C=C\CCCCC)CCCCCC,JW_2024,JW_2024,1
-3.5931065,-0.988912027,CCCCC/C=C\CCC(=O)OC(C/C=C\CCCCCCCCOC(=O)CCN(CCCN1CCN(C)CC1)CCC(=O)OCCCCCCCC/C=C\CC(CCCCCC)OC(=O)CC/C=C\CCCCC)CCCCCC,JW_2024,JW_2024,0
-2.7168143,1.565632322,CCCCC/C=C\CCC(=O)OC(C/C=C\CCCCCCCCOC(=O)CCN(CCCN1CCN(C)CC1)CCC(=O)OCCCCCCCC/C=C\CC(CCCCCC)OC(=O)CC/C=C\CCCCC)CCCCCC,JW_2024,JW_2024,2
-3.3332684,-0.907958157,CCCCC/C=C\CCC(=O)OC(C/C=C\CCCCCCCCOC(=O)CCN(CCCN1CCN(C)CC1)CCC(=O)OCCCCCCCC/C=C\CC(CCCCCC)OC(=O)CC/C=C\CCCCC)CCCCCC,JW_2024,JW_2024,0
-3.912158,1.322770711,CCCCC/C=C\CCC(=O)OC(C/C=C\CCCCCCCCOC(=O)CCN(CCCN1CCN(C)CC1)CCC(=O)OCCCCCCCC/C=C\CC(CCCCCC)OC(=O)CC/C=C\CCCCC)CCCCCC,JW_2024,JW_2024,2
-2.8395405,0.189416528,CCCCC/C=C\CCC(=O)OC(C/C=C\CCCCCCCCOC(=O)CCN(CCCN1CCN(C)CC1)CCC(=O)OCCCCCCCC/C=C\CC(CCCCCC)OC(=O)CC/C=C\CCCCC)CCCCCC,JW_2024,JW_2024,1
-3.4200158,-0.584142676,CCCCC/C=C\CCC(=O)OC(C/C=C\CCCCCCCCOC(=O)CCN(CCCN1CCN(C)CC1)CCC(=O)OCCCCCCCC/C=C\CC(CCCCCC)OC(=O)CC/C=C\CCCCC)CCCCCC,JW_2024,JW_2024,0
-4.2641063,-0.377260563,CCCCC/C=C\CCC(=O)OC(C/C=C\CCCCCCCCOC(=O)CCN(CCCN1CCN(C)CC1)CCC(=O)OCCCCCCCC/C=C\CC(CCCCCC)OC(=O)CC/C=C\CCCCC)CCCCCC,JW_2024,JW_2024,0
-2.9407208,0.000524164,CCCCC/C=C\CCC(=O)OC(C/C=C\CCCCCCCCOC(=O)CCN(CCCN1CCN(C)CC1)CCC(=O)OCCCCCCCC/C=C\CC(CCCCCC)OC(=O)CC/C=C\CCCCC)CCCCCC,JW_2024,JW_2024,0
-3.0703518,0.054493411,CCCCC/C=C\CCC(=O)OC(C/C=C\CCCCCCCCOC(=O)CCN(CCCN1CCN(C)CC1)CCC(=O)OCCCCCCCC/C=C\CC(CCCCCC)OC(=O)CC/C=C\CCCCC)CCCCCC,JW_2024,JW_2024,1
-3.131394,-0.134398953,CCCCC/C=C\CCC(=O)OC(C/C=C\CCCCCCCCOC(=O)CCN(CCCN1CCN(C)CC1)CCC(=O)OCCCCCCCC/C=C\CC(CCCCCC)OC(=O)CC/C=C\CCCCC)CCCCCC,JW_2024,JW_2024,0
-2.4686368,0.234390901,CCCCC/C=C\CCC(=O)OC(C/C=C\CCCCCCCCOC(=O)CCN(CCCN1CCN(C)CC1)CCC(=O)OCCCCCCCC/C=C\CC(CCCCCC)OC(=O)CC/C=C\CCCCC)CCCCCC,JW_2024,JW_2024,1
-4.521982,1.17885272,CCCCC/C=C\CCC(=O)OC(C/C=C\CCCCCCCCOC(=O)CCN(CCCN1CCN(C)CC1)CCC(=O)OCCCCCCCC/C=C\CC(CCCCCC)OC(=O)CC/C=C\CCCCC)CCCCCC,JW_2024,JW_2024,1
-2.7029927,1.547642573,CCCCC/C=C\CCC(=O)OC(C/C=C\CCCCCCCCOC(=O)CCN(CCCN1CCN(C)CC1)CCC(=O)OCCCCCCCC/C=C\CC(CCCCCC)OC(=O)CC/C=C\CCCCC)CCCCCC,JW_2024,JW_2024,2
-3.4389002,1.007950105,CCCCC/C=C\CCC(=O)OC(C/C=C\CCCCCCCCOC(=O)CCN(CCCN1CCN(C)CC1)CCC(=O)OCCCCCCCC/C=C\CC(CCCCCC)OC(=O)CC/C=C\CCCCC)CCCCCC,JW_2024,JW_2024,1
-2.9889405,0.828052616,CCCCC/C=C\CCC(=O)OC(C/C=C\CCCCCCCCOC(=O)CCN(CCCN1CCN(C)CC1)CCC(=O)OCCCCCCCC/C=C\CC(CCCCCC)OC(=O)CC/C=C\CCCCC)CCCCCC,JW_2024,JW_2024,1
-2.7905557,0.063488286,CCCCC/C=C\CCC(=O)OC(C/C=C\CCCCCCCCOC(=O)CCN(CCCN1CCN(C)CC1)CCC(=O)OCCCCCCCC/C=C\CC(CCCCCC)OC(=O)CC/C=C\CCCCC)CCCCCC,JW_2024,JW_2024,1
-3.866333,0.774083369,CCCCC/C=C\CCC(=O)OC(C/C=C\CCCCCCCCOC(=O)CCN(CCCN1CCN(C)CC1)CCC(=O)OCCCCCCCC/C=C\CC(CCCCCC)OC(=O)CC/C=C\CCCCC)CCCCCC,JW_2024,JW_2024,1
-3.1121583,-0.782029914,CCCCC/C=C\CCC(=O)OC(C/C=C\CCCCCCCCOC(=O)CCN(C)CCCCCCN(C)CCC(=O)OCCCCCCCC/C=C\CC(CCCCCC)OC(=O)CC/C=C\CCCCC)CCCCCC,JW_2024,JW_2024,0
-2.8374336,-0.566152927,CCCCC/C=C\CCC(=O)OC(C/C=C\CCCCCCCCOC(=O)CCN(C)CCCCCCN(C)CCC(=O)OCCCCCCCC/C=C\CC(CCCCCC)OC(=O)CC/C=C\CCCCC)CCCCCC,JW_2024,JW_2024,0
-4.656657,-0.530173429,CCCCC/C=C\CCC(=O)OC(C/C=C\CCCCCCCCOC(=O)CCN(C)CCCCCCN(C)CCC(=O)OCCCCCCCC/C=C\CC(CCCCCC)OC(=O)CC/C=C\CCCCC)CCCCCC,JW_2024,JW_2024,0
-3.1151655,-1.402676253,CCCCC/C=C\CCC(=O)OC(C/C=C\CCCCCCCCOC(=O)CCN(C)CCCCCCN(C)CCC(=O)OCCCCCCCC/C=C\CC(CCCCCC)OC(=O)CC/C=C\CCCCC)CCCCCC,JW_2024,JW_2024,0
-3.2426348,-0.35027594,CCCCC/C=C\CCC(=O)OC(C/C=C\CCCCCCCCOC(=O)CCN(C)CCCCCCN(C)CCC(=O)OCCCCCCCC/C=C\CC(CCCCCC)OC(=O)CC/C=C\CCCCC)CCCCCC,JW_2024,JW_2024,0
-4.3739443,-1.006901776,CCCCC/C=C\CCC(=O)OC(C/C=C\CCCCCCCCOC(=O)CCN(C)CCCCCCN(C)CCC(=O)OCCCCCCCC/C=C\CC(CCCCCC)OC(=O)CC/C=C\CCCCC)CCCCCC,JW_2024,JW_2024,0
-4.843033,0.360319143,CCCCC/C=C\CCC(=O)OC(C/C=C\CCCCCCCCOC(=O)CCN(C)CCCCCCN(C)CCC(=O)OCCCCCCCC/C=C\CC(CCCCCC)OC(=O)CC/C=C\CCCCC)CCCCCC,JW_2024,JW_2024,1
-3.0297508,-1.060871023,CCCCC/C=C\CCC(=O)OC(C/C=C\CCCCCCCCOC(=O)CCN(C)CCCCCCN(C)CCC(=O)OCCCCCCCC/C=C\CC(CCCCCC)OC(=O)CC/C=C\CCCCC)CCCCCC,JW_2024,JW_2024,0
-2.6136003,0.585191005,CCCCC/C=C\CCC(=O)OC(C/C=C\CCCCCCCCOC(=O)CCN(C)CCCCCCN(C)CCC(=O)OCCCCCCCC/C=C\CC(CCCCCC)OC(=O)CC/C=C\CCCCC)CCCCCC,JW_2024,JW_2024,1
-3.4734275,0.000524164,CCCCC/C=C\CCC(=O)OC(C/C=C\CCCCCCCCOC(=O)CCN(C)CCCCCCN(C)CCC(=O)OCCCCCCCC/C=C\CC(CCCCCC)OC(=O)CC/C=C\CCCCC)CCCCCC,JW_2024,JW_2024,0
-4.2883153,0.702124373,CCCCC/C=C\CCC(=O)OC(C/C=C\CCCCCCCCOC(=O)CCN(C)CCCCCCN(C)CCC(=O)OCCCCCCCC/C=C\CC(CCCCCC)OC(=O)CC/C=C\CCCCC)CCCCCC,JW_2024,JW_2024,1
-2.8736005,-0.575147802,CCCCC/C=C\CCC(=O)OC(C/C=C\CCCCCCCCOC(=O)CCN(C)CCCCCCN(C)CCC(=O)OCCCCCCCC/C=C\CC(CCCCCC)OC(=O)CC/C=C\CCCCC)CCCCCC,JW_2024,JW_2024,0
-3.1570346,-0.251332321,CCCCC/C=C\CCC(=O)OC(C/C=C\CCCCCCCCOC(=O)CCN(C)CCCCCCN(C)CCC(=O)OCCCCCCCC/C=C\CC(CCCCCC)OC(=O)CC/C=C\CCCCC)CCCCCC,JW_2024,JW_2024,0
-4.710268,-0.098419455,CCCCC/C=C\CCC(=O)OC(C/C=C\CCCCCCCCOC(=O)CCN(C)CCCCCCN(C)CCC(=O)OCCCCCCCC/C=C\CC(CCCCCC)OC(=O)CC/C=C\CCCCC)CCCCCC,JW_2024,JW_2024,0
-3.2700942,-0.332286191,CCCCC/C=C\CCC(=O)OC(C/C=C\CCCCCCCCOC(=O)CCN(C)CCCCCCN(C)CCC(=O)OCCCCCCCC/C=C\CC(CCCCCC)OC(=O)CC/C=C\CCCCC)CCCCCC,JW_2024,JW_2024,0
-2.9791274,-0.43122981,CCCCC/C=C\CCC(=O)OC(C/C=C\CCCCCCCCOC(=O)CCN(C)CCCCCCN(C)CCC(=O)OCCCCCCCC/C=C\CC(CCCCCC)OC(=O)CC/C=C\CCCCC)CCCCCC,JW_2024,JW_2024,0
-4.977053,0.594185879,CCCCC/C=C\CCC(=O)OC(C/C=C\CCCCCCCCOC(=O)CCN(C)CCCCCCN(C)CCC(=O)OCCCCCCCC/C=C\CC(CCCCCC)OC(=O)CC/C=C\CCCCC)CCCCCC,JW_2024,JW_2024,1
-3.9939086,1.142873222,CCCCC/C=C\CCC(=O)OC(C/C=C\CCCCCCCCOC(=O)CCN(C)CCCCCCN(C)CCC(=O)OCCCCCCCC/C=C\CC(CCCCCC)OC(=O)CC/C=C\CCCCC)CCCCCC,JW_2024,JW_2024,1
-4.5128617,-0.43122981,CCCCC/C=C\CCC(=O)OC(C/C=C\CCCCCCCCOC(=O)CCN(C)CCCCCCN(C)CCC(=O)OCCCCCCCC/C=C\CC(CCCCCC)OC(=O)CC/C=C\CCCCC)CCCCCC,JW_2024,JW_2024,0
-3.0873923,0.612175628,CCCCC/C=C\CCC(=O)OC(C/C=C\CCCCCCCCOC(=O)CCN(C)CCCCCCN(C)CCC(=O)OCCCCCCCC/C=C\CC(CCCCCC)OC(=O)CC/C=C\CCCCC)CCCCCC,JW_2024,JW_2024,1
-3.4296906,-0.368265689,CCCCC/C=C\CCC(=O)OC(C/C=C\CCCCCCCCOC(=O)CCN(C)CCCCCCN(C)CCC(=O)OCCCCCCCC/C=C\CC(CCCCCC)OC(=O)CC/C=C\CCCCC)CCCCCC,JW_2024,JW_2024,0
-5.050576,0.07248316,CCCCC/C=C\CCC(=O)OC(C/C=C\CCCCCCCCOC(=O)CCN(C)CCCCCCN(C)CCC(=O)OCCCCCCCC/C=C\CC(CCCCCC)OC(=O)CC/C=C\CCCCC)CCCCCC,JW_2024,JW_2024,1
-4.8934417,0.801067992,CCCCC/C=C\CCC(=O)OC(C/C=C\CCCCCCCCOC(=O)CCN(CCCN(CC)CC)CCC(=O)OCCCCCCCC/C=C\CC(CCCCCC)OC(=O)CC/C=C\CCCCC)CCCCCC,JW_2024,JW_2024,1
-3.5867457,-0.988912027,CCCCC/C=C\CCC(=O)OC(C/C=C\CCCCCCCCOC(=O)CCN(CCCN(CC)CC)CCC(=O)OCCCCCCCC/C=C\CC(CCCCCC)OC(=O)CC/C=C\CCCCC)CCCCCC,JW_2024,JW_2024,0
-3.368667,0.612175628,CCCCC/C=C\CCC(=O)OC(C/C=C\CCCCCCCCOC(=O)CCN(CCCN(CC)CC)CCC(=O)OCCCCCCCC/C=C\CC(CCCCCC)OC(=O)CC/C=C\CCCCC)CCCCCC,JW_2024,JW_2024,1
-3.6730816,0.018513913,CCCCC/C=C\CCC(=O)OC(C/C=C\CCCCCCCCOC(=O)CCN(CCCN(CC)CC)CCC(=O)OCCCCCCCC/C=C\CC(CCCCCC)OC(=O)CC/C=C\CCCCC)CCCCCC,JW_2024,JW_2024,0
-4.7566385,1.529652824,CCCCC/C=C\CCC(=O)OC(C/C=C\CCCCCCCCOC(=O)CCN(CCCN(CC)CC)CCC(=O)OCCCCCCCC/C=C\CC(CCCCCC)OC(=O)CC/C=C\CCCCC)CCCCCC,JW_2024,JW_2024,2
-2.9496484,-0.224347697,CCCCC/C=C\CCC(=O)OC(C/C=C\CCCCCCCCOC(=O)CCN(CCCN(CC)CC)CCC(=O)OCCCCCCCC/C=C\CC(CCCCCC)OC(=O)CC/C=C\CCCCC)CCCCCC,JW_2024,JW_2024,0
-3.5447702,0.225396026,CCCCC/C=C\CCC(=O)OC(C/C=C\CCCCCCCCOC(=O)CCN(CCCN(CC)CC)CCC(=O)OCCCCCCCC/C=C\CC(CCCCCC)OC(=O)CC/C=C\CCCCC)CCCCCC,JW_2024,JW_2024,1
-5.1205077,0.279365273,CCCCC/C=C\CCC(=O)OC(C/C=C\CCCCCCCCOC(=O)CCN(CCCN(CC)CC)CCC(=O)OCCCCCCCC/C=C\CC(CCCCCC)OC(=O)CC/C=C\CCCCC)CCCCCC,JW_2024,JW_2024,1
-3.3890798,1.09789885,CCCCC/C=C\CCC(=O)OC(C/C=C\CCCCCCCCOC(=O)CCN(CCCN(CC)CC)CCC(=O)OCCCCCCCC/C=C\CC(CCCCCC)OC(=O)CC/C=C\CCCCC)CCCCCC,JW_2024,JW_2024,1
-2.9355147,-0.467209308,CCCCC/C=C\CCC(=O)OC(C/C=C\CCCCCCCCOC(=O)CCN(CCCN(CC)CC)CCC(=O)OCCCCCCCC/C=C\CC(CCCCCC)OC(=O)CC/C=C\CCCCC)CCCCCC,JW_2024,JW_2024,0
-3.7885792,0.15343703,CCCCC/C=C\CCC(=O)OC(C/C=C\CCCCCCCCOC(=O)CCN(CCCN(CC)CC)CCC(=O)OCCCCCCCC/C=C\CC(CCCCCC)OC(=O)CC/C=C\CCCCC)CCCCCC,JW_2024,JW_2024,1
-3.080192,0.666144875,CCCCC/C=C\CCC(=O)OC(C/C=C\CCCCCCCCOC(=O)CCN(CCCN(CC)CC)CCC(=O)OCCCCCCCC/C=C\CC(CCCCCC)OC(=O)CC/C=C\CCCCC)CCCCCC,JW_2024,JW_2024,1
-5.386816,0.729108996,CCCCC/C=C\CCC(=O)OC(C/C=C\CCCCCCCCOC(=O)CCN(CCCN(CC)CC)CCC(=O)OCCCCCCCC/C=C\CC(CCCCCC)OC(=O)CC/C=C\CCCCC)CCCCCC,JW_2024,JW_2024,1
-4.0996966,1.934422175,CCCCC/C=C\CCC(=O)OC(C/C=C\CCCCCCCCOC(=O)CCN(CCCN(CC)CC)CCC(=O)OCCCCCCCC/C=C\CC(CCCCCC)OC(=O)CC/C=C\CCCCC)CCCCCC,JW_2024,JW_2024,2
-4.8193774,-0.080429706,CCCCC/C=C\CCC(=O)OC(C/C=C\CCCCCCCCOC(=O)CCN(CCCN(CC)CC)CCC(=O)OCCCCCCCC/C=C\CC(CCCCCC)OC(=O)CC/C=C\CCCCC)CCCCCC,JW_2024,JW_2024,0
-3.3884425,1.214832218,CCCCC/C=C\CCC(=O)OC(C/C=C\CCCCCCCCOC(=O)CCN(CCCN(CC)CC)CCC(=O)OCCCCCCCC/C=C\CC(CCCCCC)OC(=O)CC/C=C\CCCCC)CCCCCC,JW_2024,JW_2024,1
-3.4193416,0.585191005,CCCCC/C=C\CCC(=O)OC(C/C=C\CCCCCCCCOC(=O)CCN(CCCN(CC)CC)CCC(=O)OCCCCCCCC/C=C\CC(CCCCCC)OC(=O)CC/C=C\CCCCC)CCCCCC,JW_2024,JW_2024,1
-5.1586328,1.151868096,CCCCC/C=C\CCC(=O)OC(C/C=C\CCCCCCCCOC(=O)CCN(CCCN(CC)CC)CCC(=O)OCCCCCCCC/C=C\CC(CCCCCC)OC(=O)CC/C=C\CCCCC)CCCCCC,JW_2024,JW_2024,1
-4.742082,0.594185879,CCCCC/C=C\CCC(=O)OC(C/C=C\CCCCCCCCOC(=O)CCN(CCCN(C)C)CCC(=O)OCCCCCCCC/C=C\CC(CCCCCC)OC(=O)CC/C=C\CCCCC)CCCCCC,JW_2024,JW_2024,1
-3.9865859,-2.248194453,CCCCC/C=C\CCC(=O)OC(C/C=C\CCCCCCCCOC(=O)CCN(CCCN(C)C)CCC(=O)OCCCCCCCC/C=C\CC(CCCCCC)OC(=O)CC/C=C\CCCCC)CCCCCC,JW_2024,JW_2024,0
-3.7635927,1.403724582,CCCCC/C=C\CCC(=O)OC(C/C=C\CCCCCCCCOC(=O)CCN(CCCN(C)C)CCC(=O)OCCCCCCCC/C=C\CC(CCCCCC)OC(=O)CC/C=C\CCCCC)CCCCCC,JW_2024,JW_2024,2
-3.8575358,-0.044450208,CCCCC/C=C\CCC(=O)OC(C/C=C\CCCCCCCCOC(=O)CCN(CCCN(C)C)CCC(=O)OCCCCCCCC/C=C\CC(CCCCCC)OC(=O)CC/C=C\CCCCC)CCCCCC,JW_2024,JW_2024,0
-4.211097,1.511663075,CCCCC/C=C\CCC(=O)OC(C/C=C\CCCCCCCCOC(=O)CCN(CCCN(C)C)CCC(=O)OCCCCCCCC/C=C\CC(CCCCCC)OC(=O)CC/C=C\CCCCC)CCCCCC,JW_2024,JW_2024,2
-3.3896916,0.180421654,CCCCC/C=C\CCC(=O)OC(C/C=C\CCCCCCCCOC(=O)CCN(CCCN(C)C)CCC(=O)OCCCCCCCC/C=C\CC(CCCCCC)OC(=O)CC/C=C\CCCCC)CCCCCC,JW_2024,JW_2024,1
-3.9184797,-0.755045291,CCCCC/C=C\CCC(=O)OC(C/C=C\CCCCCCCCOC(=O)CCN(CCCN(C)C)CCC(=O)OCCCCCCCC/C=C\CC(CCCCCC)OC(=O)CC/C=C\CCCCC)CCCCCC,JW_2024,JW_2024,0
-4.642427,0.57619613,CCCCC/C=C\CCC(=O)OC(C/C=C\CCCCCCCCOC(=O)CCN(CCCN(C)C)CCC(=O)OCCCCCCCC/C=C\CC(CCCCCC)OC(=O)CC/C=C\CCCCC)CCCCCC,JW_2024,JW_2024,1
-3.9105422,0.729108996,CCCCC/C=C\CCC(=O)OC(C/C=C\CCCCCCCCOC(=O)CCN(CCCN(C)C)CCC(=O)OCCCCCCCC/C=C\CC(CCCCCC)OC(=O)CC/C=C\CCCCC)CCCCCC,JW_2024,JW_2024,1
-3.4728742,-0.125404078,CCCCC/C=C\CCC(=O)OC(C/C=C\CCCCCCCCOC(=O)CCN(CCCN(C)C)CCC(=O)OCCCCCCCC/C=C\CC(CCCCCC)OC(=O)CC/C=C\CCCCC)CCCCCC,JW_2024,JW_2024,0
-4.052385,0.684134624,CCCCC/C=C\CCC(=O)OC(C/C=C\CCCCCCCCOC(=O)CCN(CCCN(C)C)CCC(=O)OCCCCCCCC/C=C\CC(CCCCCC)OC(=O)CC/C=C\CCCCC)CCCCCC,JW_2024,JW_2024,1
-3.482499,0.83704749,CCCCC/C=C\CCC(=O)OC(C/C=C\CCCCCCCCOC(=O)CCN(CCCN(C)C)CCC(=O)OCCCCCCCC/C=C\CC(CCCCCC)OC(=O)CC/C=C\CCCCC)CCCCCC,JW_2024,JW_2024,1
-5.385632,1.457693828,CCCCC/C=C\CCC(=O)OC(C/C=C\CCCCCCCCOC(=O)CCN(CCCN(C)C)CCC(=O)OCCCCCCCC/C=C\CC(CCCCCC)OC(=O)CC/C=C\CCCCC)CCCCCC,JW_2024,JW_2024,2
-4.162067,1.952411924,CCCCC/C=C\CCC(=O)OC(C/C=C\CCCCCCCCOC(=O)CCN(CCCN(C)C)CCC(=O)OCCCCCCCC/C=C\CC(CCCCCC)OC(=O)CC/C=C\CCCCC)CCCCCC,JW_2024,JW_2024,3
-4.5925756,-0.179373325,CCCCC/C=C\CCC(=O)OC(C/C=C\CCCCCCCCOC(=O)CCN(CCCN(C)C)CCC(=O)OCCCCCCCC/C=C\CC(CCCCCC)OC(=O)CC/C=C\CCCCC)CCCCCC,JW_2024,JW_2024,0
-3.9507208,1.565632322,CCCCC/C=C\CCC(=O)OC(C/C=C\CCCCCCCCOC(=O)CCN(CCCN(C)C)CCC(=O)OCCCCCCCC/C=C\CC(CCCCCC)OC(=O)CC/C=C\CCCCC)CCCCCC,JW_2024,JW_2024,2
-3.8371463,1.376739958,CCCCC/C=C\CCC(=O)OC(C/C=C\CCCCCCCCOC(=O)CCN(CCCN(C)C)CCC(=O)OCCCCCCCC/C=C\CC(CCCCCC)OC(=O)CC/C=C\CCCCC)CCCCCC,JW_2024,JW_2024,2
-4.8647337,1.556637448,CCCCC/C=C\CCC(=O)OC(C/C=C\CCCCCCCCOC(=O)CCN(CCCN(C)C)CCC(=O)OCCCCCCCC/C=C\CC(CCCCCC)OC(=O)CC/C=C\CCCCC)CCCCCC,JW_2024,JW_2024,2
-4.98687,0.558206382,CCCCC/C=C\CCC(=O)OC(C/C=C\CCCCCCCCOC(=O)CCN(CCC(=O)OCCCCCCCC/C=C\CC(CCCCCC)OC(=O)CC/C=C\CCCCC)CCN(C)C)CCCCCC,JW_2024,JW_2024,1
-3.6802285,-1.096850521,CCCCC/C=C\CCC(=O)OC(C/C=C\CCCCCCCCOC(=O)CCN(CCC(=O)OCCCCCCCC/C=C\CC(CCCCCC)OC(=O)CC/C=C\CCCCC)CCN(C)C)CCCCCC,JW_2024,JW_2024,0
-3.3724225,1.286791213,CCCCC/C=C\CCC(=O)OC(C/C=C\CCCCCCCCOC(=O)CCN(CCC(=O)OCCCCCCCC/C=C\CC(CCCCCC)OC(=O)CC/C=C\CCCCC)CCN(C)C)CCCCCC,JW_2024,JW_2024,1
-3.6167326,-0.485199057,CCCCC/C=C\CCC(=O)OC(C/C=C\CCCCCCCCOC(=O)CCN(CCC(=O)OCCCCCCCC/C=C\CC(CCCCCC)OC(=O)CC/C=C\CCCCC)CCN(C)C)CCCCCC,JW_2024,JW_2024,0
-5.703753,1.376739958,CCCCC/C=C\CCC(=O)OC(C/C=C\CCCCCCCCOC(=O)CCN(CCC(=O)OCCCCCCCC/C=C\CC(CCCCCC)OC(=O)CC/C=C\CCCCC)CCN(C)C)CCCCCC,JW_2024,JW_2024,2
-3.1695766,-0.017465585,CCCCC/C=C\CCC(=O)OC(C/C=C\CCCCCCCCOC(=O)CCN(CCC(=O)OCCCCCCCC/C=C\CC(CCCCCC)OC(=O)CC/C=C\CCCCC)CCN(C)C)CCCCCC,JW_2024,JW_2024,0
-3.7015798,-0.6111273,CCCCC/C=C\CCC(=O)OC(C/C=C\CCCCCCCCOC(=O)CCN(CCC(=O)OCCCCCCCC/C=C\CC(CCCCCC)OC(=O)CC/C=C\CCCCC)CCN(C)C)CCCCCC,JW_2024,JW_2024,0
-5.649228,0.198411403,CCCCC/C=C\CCC(=O)OC(C/C=C\CCCCCCCCOC(=O)CCN(CCC(=O)OCCCCCCCC/C=C\CC(CCCCCC)OC(=O)CC/C=C\CCCCC)CCN(C)C)CCCCCC,JW_2024,JW_2024,1
-3.6911902,-0.332286191,CCCCC/C=C\CCC(=O)OC(C/C=C\CCCCCCCCOC(=O)CCN(CCC(=O)OCCCCCCCC/C=C\CC(CCCCCC)OC(=O)CC/C=C\CCCCC)CCN(C)C)CCCCCC,JW_2024,JW_2024,0
-3.0602453,0.891016737,CCCCC/C=C\CCC(=O)OC(C/C=C\CCCCCCCCOC(=O)CCN(CCC(=O)OCCCCCCCC/C=C\CC(CCCCCC)OC(=O)CC/C=C\CCCCC)CCN(C)C)CCCCCC,JW_2024,JW_2024,1
-6.35006,0.702124373,CCCCC/C=C\CCC(=O)OC(C/C=C\CCCCCCCCOC(=O)CCN(CCC(=O)OCCCCCCCC/C=C\CC(CCCCCC)OC(=O)CC/C=C\CCCCC)CCN(C)C)CCCCCC,JW_2024,JW_2024,1
-4.7944283,1.547642573,CCCCC/C=C\CCC(=O)OC(C/C=C\CCCCCCCCOC(=O)CCN(CCC(=O)OCCCCCCCC/C=C\CC(CCCCCC)OC(=O)CC/C=C\CCCCC)CCN(C)C)CCCCCC,JW_2024,JW_2024,2
-5.039912,-0.413240061,CCCCC/C=C\CCC(=O)OC(C/C=C\CCCCCCCCOC(=O)CCN(CCC(=O)OCCCCCCCC/C=C\CC(CCCCCC)OC(=O)CC/C=C\CCCCC)CCN(C)C)CCCCCC,JW_2024,JW_2024,0
-3.4074273,0.909006486,CCCCC/C=C\CCC(=O)OC(C/C=C\CCCCCCCCOC(=O)CCN(CCC(=O)OCCCCCCCC/C=C\CC(CCCCCC)OC(=O)CC/C=C\CCCCC)CCN(C)C)CCCCCC,JW_2024,JW_2024,1
-3.3348691,-0.053445082,CCCCC/C=C\CCC(=O)OC(C/C=C\CCCCCCCCOC(=O)CCN(CCC(=O)OCCCCCCCC/C=C\CC(CCCCCC)OC(=O)CC/C=C\CCCCC)CCN(C)C)CCCCCC,JW_2024,JW_2024,0
-5.6853304,0.603180754,CCCCC/C=C\CCC(=O)OC(C/C=C\CCCCCCCCOC(=O)CCN(CCC(=O)OCCCCCCCC/C=C\CC(CCCCCC)OC(=O)CC/C=C\CCCCC)CCN(C)C)CCCCCC,JW_2024,JW_2024,1
-5.0663896,0.67513975,CCCCC/C=C\CCC(=O)OC(C/C=C\CCCCCCCCOC(=O)CCN(CCCCN(C)C)CCC(=O)OCCCCCCCC/C=C\CC(CCCCCC)OC(=O)CC/C=C\CCCCC)CCCCCC,JW_2024,JW_2024,1
-4.051751,-0.260327195,CCCCC/C=C\CCC(=O)OC(C/C=C\CCCCCCCCOC(=O)CCN(CCCCN(C)C)CCC(=O)OCCCCCCCC/C=C\CC(CCCCCC)OC(=O)CC/C=C\CCCCC)CCCCCC,JW_2024,JW_2024,0
-3.808625,0.953980858,CCCCC/C=C\CCC(=O)OC(C/C=C\CCCCCCCCOC(=O)CCN(CCCCN(C)C)CCC(=O)OCCCCCCCC/C=C\CC(CCCCCC)OC(=O)CC/C=C\CCCCC)CCCCCC,JW_2024,JW_2024,1
-4.2772574,0.027508788,CCCCC/C=C\CCC(=O)OC(C/C=C\CCCCCCCCOC(=O)CCN(CCCCN(C)C)CCC(=O)OCCCCCCCC/C=C\CC(CCCCCC)OC(=O)CC/C=C\CCCCC)CCCCCC,JW_2024,JW_2024,0
-4.568151,1.448698954,CCCCC/C=C\CCC(=O)OC(C/C=C\CCCCCCCCOC(=O)CCN(CCCCN(C)C)CCC(=O)OCCCCCCCC/C=C\CC(CCCCCC)OC(=O)CC/C=C\CCCCC)CCCCCC,JW_2024,JW_2024,2
-3.3872013,0.369314018,CCCCC/C=C\CCC(=O)OC(C/C=C\CCCCCCCCOC(=O)CCN(CCCCN(C)C)CCC(=O)OCCCCCCCC/C=C\CC(CCCCCC)OC(=O)CC/C=C\CCCCC)CCCCCC,JW_2024,JW_2024,1
-3.924656,-0.827004287,CCCCC/C=C\CCC(=O)OC(C/C=C\CCCCCCCCOC(=O)CCN(CCCCN(C)C)CCC(=O)OCCCCCCCC/C=C\CC(CCCCCC)OC(=O)CC/C=C\CCCCC)CCCCCC,JW_2024,JW_2024,0
-5.017413,0.306349896,CCCCC/C=C\CCC(=O)OC(C/C=C\CCCCCCCCOC(=O)CCN(CCCCN(C)C)CCC(=O)OCCCCCCCC/C=C\CC(CCCCCC)OC(=O)CC/C=C\CCCCC)CCCCCC,JW_2024,JW_2024,1
-4.030232,0.081478035,CCCCC/C=C\CCC(=O)OC(C/C=C\CCCCCCCCOC(=O)CCN(CCCCN(C)C)CCC(=O)OCCCCCCCC/C=C\CC(CCCCCC)OC(=O)CC/C=C\CCCCC)CCCCCC,JW_2024,JW_2024,1
-3.5050175,-0.413240061,CCCCC/C=C\CCC(=O)OC(C/C=C\CCCCCCCCOC(=O)CCN(CCCCN(C)C)CCC(=O)OCCCCCCCC/C=C\CC(CCCCCC)OC(=O)CC/C=C\CCCCC)CCCCCC,JW_2024,JW_2024,0
-4.2355747,0.396298641,CCCCC/C=C\CCC(=O)OC(C/C=C\CCCCCCCCOC(=O)CCN(CCCCN(C)C)CCC(=O)OCCCCCCCC/C=C\CC(CCCCCC)OC(=O)CC/C=C\CCCCC)CCCCCC,JW_2024,JW_2024,1
-3.703432,0.998955231,CCCCC/C=C\CCC(=O)OC(C/C=C\CCCCCCCCOC(=O)CCN(CCCCN(C)C)CCC(=O)OCCCCCCCC/C=C\CC(CCCCCC)OC(=O)CC/C=C\CCCCC)CCCCCC,JW_2024,JW_2024,1
-5.2747064,0.989960356,CCCCC/C=C\CCC(=O)OC(C/C=C\CCCCCCCCOC(=O)CCN(CCCCN(C)C)CCC(=O)OCCCCCCCC/C=C\CC(CCCCCC)OC(=O)CC/C=C\CCCCC)CCCCCC,JW_2024,JW_2024,1
-4.1750255,1.925427301,CCCCC/C=C\CCC(=O)OC(C/C=C\CCCCCCCCOC(=O)CCN(CCCCN(C)C)CCC(=O)OCCCCCCCC/C=C\CC(CCCCCC)OC(=O)CC/C=C\CCCCC)CCCCCC,JW_2024,JW_2024,2
-4.9134865,-0.26932207,CCCCC/C=C\CCC(=O)OC(C/C=C\CCCCCCCCOC(=O)CCN(CCCCN(C)C)CCC(=O)OCCCCCCCC/C=C\CC(CCCCCC)OC(=O)CC/C=C\CCCCC)CCCCCC,JW_2024,JW_2024,0
-3.9091976,1.17885272,CCCCC/C=C\CCC(=O)OC(C/C=C\CCCCCCCCOC(=O)CCN(CCCCN(C)C)CCC(=O)OCCCCCCCC/C=C\CC(CCCCCC)OC(=O)CC/C=C\CCCCC)CCCCCC,JW_2024,JW_2024,1
-3.9642081,1.466688703,CCCCC/C=C\CCC(=O)OC(C/C=C\CCCCCCCCOC(=O)CCN(CCCCN(C)C)CCC(=O)OCCCCCCCC/C=C\CC(CCCCCC)OC(=O)CC/C=C\CCCCC)CCCCCC,JW_2024,JW_2024,2
-5.323293,1.889447803,CCCCC/C=C\CCC(=O)OC(C/C=C\CCCCCCCCOC(=O)CCN(CCCCN(C)C)CCC(=O)OCCCCCCCC/C=C\CC(CCCCCC)OC(=O)CC/C=C\CCCCC)CCCCCC,JW_2024,JW_2024,2
-5.9626994,-0.053445082,CCCCC/C=C\CCC(=O)OC(C/C=C\CCCCCCCCOC(=O)CCN(CCC(=O)OCCCCCCCC/C=C\CC(CCCCCC)OC(=O)CC/C=C\CCCCC)CCN(CCCC)CCCC)CCCCCC,JW_2024,JW_2024,0
-4.869788,-2.679948427,CCCCC/C=C\CCC(=O)OC(C/C=C\CCCCCCCCOC(=O)CCN(CCC(=O)OCCCCCCCC/C=C\CC(CCCCCC)OC(=O)CC/C=C\CCCCC)CCN(CCCC)CCCC)CCCCCC,JW_2024,JW_2024,0
-4.344742,-0.656101672,CCCCC/C=C\CCC(=O)OC(C/C=C\CCCCCCCCOC(=O)CCN(CCC(=O)OCCCCCCCC/C=C\CC(CCCCCC)OC(=O)CC/C=C\CCCCC)CCN(CCCC)CCCC)CCCCCC,JW_2024,JW_2024,0
-4.7371097,-1.474635249,CCCCC/C=C\CCC(=O)OC(C/C=C\CCCCCCCCOC(=O)CCN(CCC(=O)OCCCCCCCC/C=C\CC(CCCCCC)OC(=O)CC/C=C\CCCCC)CCN(CCCC)CCCC)CCCCCC,JW_2024,JW_2024,0
-5.820673,-0.080429706,CCCCC/C=C\CCC(=O)OC(C/C=C\CCCCCCCCOC(=O)CCN(CCC(=O)OCCCCCCCC/C=C\CC(CCCCCC)OC(=O)CC/C=C\CCCCC)CCN(CCCC)CCCC)CCCCCC,JW_2024,JW_2024,0
-4.3185806,-1.141824893,CCCCC/C=C\CCC(=O)OC(C/C=C\CCCCCCCCOC(=O)CCN(CCC(=O)OCCCCCCCC/C=C\CC(CCCCCC)OC(=O)CC/C=C\CCCCC)CCN(CCCC)CCCC)CCCCCC,JW_2024,JW_2024,0
-4.802577,-1.78046098,CCCCC/C=C\CCC(=O)OC(C/C=C\CCCCCCCCOC(=O)CCN(CCC(=O)OCCCCCCCC/C=C\CC(CCCCCC)OC(=O)CC/C=C\CCCCC)CCN(CCCC)CCCC)CCCCCC,JW_2024,JW_2024,0
-6.143524,-0.827004287,CCCCC/C=C\CCC(=O)OC(C/C=C\CCCCCCCCOC(=O)CCN(CCC(=O)OCCCCCCCC/C=C\CC(CCCCCC)OC(=O)CC/C=C\CCCCC)CCN(CCCC)CCCC)CCCCCC,JW_2024,JW_2024,0
-5.4490857,0.621170503,CCCCC/C=C\CCC(=O)OC(C/C=C\CCCCCCCCOC(=O)CCN(CCC(=O)OCCCCCCCC/C=C\CC(CCCCCC)OC(=O)CC/C=C\CCCCC)CCN1CCCCC1)CCCCCC,JW_2024,JW_2024,1
-4.229215,-0.557158053,CCCCC/C=C\CCC(=O)OC(C/C=C\CCCCCCCCOC(=O)CCN(CCC(=O)OCCCCCCCC/C=C\CC(CCCCCC)OC(=O)CC/C=C\CCCCC)CCN1CCCCC1)CCCCCC,JW_2024,JW_2024,0
-3.8931737,1.358750209,CCCCC/C=C\CCC(=O)OC(C/C=C\CCCCCCCCOC(=O)CCN(CCC(=O)OCCCCCCCC/C=C\CC(CCCCCC)OC(=O)CC/C=C\CCCCC)CCN1CCCCC1)CCCCCC,JW_2024,JW_2024,2
-4.4183273,-0.494193931,CCCCC/C=C\CCC(=O)OC(C/C=C\CCCCCCCCOC(=O)CCN(CCC(=O)OCCCCCCCC/C=C\CC(CCCCCC)OC(=O)CC/C=C\CCCCC)CCN1CCCCC1)CCCCCC,JW_2024,JW_2024,0
-5.2463455,1.358750209,CCCCC/C=C\CCC(=O)OC(C/C=C\CCCCCCCCOC(=O)CCN(CCC(=O)OCCCCCCCC/C=C\CC(CCCCCC)OC(=O)CC/C=C\CCCCC)CCN1CCCCC1)CCCCCC,JW_2024,JW_2024,2
-3.65487,0.342329394,CCCCC/C=C\CCC(=O)OC(C/C=C\CCCCCCCCOC(=O)CCN(CCC(=O)OCCCCCCCC/C=C\CC(CCCCCC)OC(=O)CC/C=C\CCCCC)CCN1CCCCC1)CCCCCC,JW_2024,JW_2024,1
-4.23263,-0.620122174,CCCCC/C=C\CCC(=O)OC(C/C=C\CCCCCCCCOC(=O)CCN(CCC(=O)OCCCCCCCC/C=C\CC(CCCCCC)OC(=O)CC/C=C\CCCCC)CCN1CCCCC1)CCCCCC,JW_2024,JW_2024,0
-5.6403594,0.279365273,CCCCC/C=C\CCC(=O)OC(C/C=C\CCCCCCCCOC(=O)CCN(CCC(=O)OCCCCCCCC/C=C\CC(CCCCCC)OC(=O)CC/C=C\CCCCC)CCN1CCCCC1)CCCCCC,JW_2024,JW_2024,1
-3.9380732,0.270370399,CCCCC/C=C\CCC(=O)OC(C/C=C\CCCCCCCCOC(=O)CCN(CCC(=O)OCCCCCCCC/C=C\CC(CCCCCC)OC(=O)CC/C=C\CCCCC)CCN1CCCCC1)CCCCCC,JW_2024,JW_2024,1
-3.6692004,-0.440224685,CCCCC/C=C\CCC(=O)OC(C/C=C\CCCCCCCCOC(=O)CCN(CCC(=O)OCCCCCCCC/C=C\CC(CCCCCC)OC(=O)CC/C=C\CCCCC)CCN1CCCCC1)CCCCCC,JW_2024,JW_2024,0
-4.205857,-0.062439957,CCCCC/C=C\CCC(=O)OC(C/C=C\CCCCCCCCOC(=O)CCN(CCC(=O)OCCCCCCCC/C=C\CC(CCCCCC)OC(=O)CC/C=C\CCCCC)CCN1CCCCC1)CCCCCC,JW_2024,JW_2024,0
-3.7509842,0.891016737,CCCCC/C=C\CCC(=O)OC(C/C=C\CCCCCCCCOC(=O)CCN(CCC(=O)OCCCCCCCC/C=C\CC(CCCCCC)OC(=O)CC/C=C\CCCCC)CCN1CCCCC1)CCCCCC,JW_2024,JW_2024,1
-6.1882114,0.909006486,CCCCC/C=C\CCC(=O)OC(C/C=C\CCCCCCCCOC(=O)CCN(CCC(=O)OCCCCCCCC/C=C\CC(CCCCCC)OC(=O)CC/C=C\CCCCC)CCN1CCCCC1)CCCCCC,JW_2024,JW_2024,1
-4.3297443,2.033365794,CCCCC/C=C\CCC(=O)OC(C/C=C\CCCCCCCCOC(=O)CCN(CCC(=O)OCCCCCCCC/C=C\CC(CCCCCC)OC(=O)CC/C=C\CCCCC)CCN1CCCCC1)CCCCCC,JW_2024,JW_2024,3
-5.296053,0.000524164,CCCCC/C=C\CCC(=O)OC(C/C=C\CCCCCCCCOC(=O)CCN(CCC(=O)OCCCCCCCC/C=C\CC(CCCCCC)OC(=O)CC/C=C\CCCCC)CCN1CCCCC1)CCCCCC,JW_2024,JW_2024,0
-4.0891843,1.295786088,CCCCC/C=C\CCC(=O)OC(C/C=C\CCCCCCCCOC(=O)CCN(CCC(=O)OCCCCCCCC/C=C\CC(CCCCCC)OC(=O)CC/C=C\CCCCC)CCN1CCCCC1)CCCCCC,JW_2024,JW_2024,1
-4.023716,0.648155126,CCCCC/C=C\CCC(=O)OC(C/C=C\CCCCCCCCOC(=O)CCN(CCC(=O)OCCCCCCCC/C=C\CC(CCCCCC)OC(=O)CC/C=C\CCCCC)CCN1CCCCC1)CCCCCC,JW_2024,JW_2024,1
-5.6039143,0.926996235,CCCCC/C=C\CCC(=O)OC(C/C=C\CCCCCCCCOC(=O)CCN(CCC(=O)OCCCCCCCC/C=C\CC(CCCCCC)OC(=O)CC/C=C\CCCCC)CCN1CCCCC1)CCCCCC,JW_2024,JW_2024,1
-3.1286714,0.432278139,CCCCCCC/C=C\CCCCCCCCC(=O)OC(C/C=C\CCCCCCCCOC(=O)CCN(CCCN(CC)CC)CCC(=O)OCCCCCCCC/C=C\CC(CCCCCC)OC(=O)CCCCCCCC/C=C\CCCCCCC)CCCCCC,JW_2024,JW_2024,1
-3.4239354,-1.393681378,CCCCCCC/C=C\CCCCCCCCC(=O)OC(C/C=C\CCCCCCCCOC(=O)CCN(CCCN(CC)CC)CCC(=O)OCCCCCCCC/C=C\CC(CCCCCC)OC(=O)CCCCCCCC/C=C\CCCCCCC)CCCCCC,JW_2024,JW_2024,0
-2.2317524,1.349755335,CCCCCCC/C=C\CCCCCCCCC(=O)OC(C/C=C\CCCCCCCCOC(=O)CCN(CCCN(CC)CC)CCC(=O)OCCCCCCCC/C=C\CC(CCCCCC)OC(=O)CCCCCCCC/C=C\CCCCCCC)CCCCCC,JW_2024,JW_2024,2
-3.2825387,0.369314018,CCCCCCC/C=C\CCCCCCCCC(=O)OC(C/C=C\CCCCCCCCOC(=O)CCN(CCCN(CC)CC)CCC(=O)OCCCCCCCC/C=C\CC(CCCCCC)OC(=O)CCCCCCCC/C=C\CCCCCCC)CCCCCC,JW_2024,JW_2024,1
-2.8907347,1.151868096,CCCCCCC/C=C\CCCCCCCCC(=O)OC(C/C=C\CCCCCCCCOC(=O)CCN(CCCN(CC)CC)CCC(=O)OCCCCCCCC/C=C\CC(CCCCCC)OC(=O)CCCCCCCC/C=C\CCCCCCC)CCCCCC,JW_2024,JW_2024,1
-2.6749496,-0.125404078,CCCCCCC/C=C\CCCCCCCCC(=O)OC(C/C=C\CCCCCCCCOC(=O)CCN(CCCN(CC)CC)CCC(=O)OCCCCCCCC/C=C\CC(CCCCCC)OC(=O)CCCCCCCC/C=C\CCCCCCC)CCCCCC,JW_2024,JW_2024,0
-3.1395946,0.531221758,CCCCCCC/C=C\CCCCCCCCC(=O)OC(C/C=C\CCCCCCCCOC(=O)CCN(CCCN(CC)CC)CCC(=O)OCCCCCCCC/C=C\CC(CCCCCC)OC(=O)CCCCCCCC/C=C\CCCCCCC)CCCCCC,JW_2024,JW_2024,1
-4.0040755,0.063488286,CCCCCCC/C=C\CCCCCCCCC(=O)OC(C/C=C\CCCCCCCCOC(=O)CCN(CCCN(CC)CC)CCC(=O)OCCCCCCCC/C=C\CC(CCCCCC)OC(=O)CCCCCCCC/C=C\CCCCCCC)CCCCCC,JW_2024,JW_2024,1
-2.324143,0.036503662,CCCCCCC/C=C\CCCCCCCCC(=O)OC(C/C=C\CCCCCCCCOC(=O)CCN(CCCN(CC)CC)CCC(=O)OCCCCCCCC/C=C\CC(CCCCCC)OC(=O)CCCCCCCC/C=C\CCCCCCC)CCCCCC,JW_2024,JW_2024,1
-2.5145922,-0.997906902,CCCCCCC/C=C\CCCCCCCCC(=O)OC(C/C=C\CCCCCCCCOC(=O)CCN(CCCN(CC)CC)CCC(=O)OCCCCCCCC/C=C\CC(CCCCCC)OC(=O)CCCCCCCC/C=C\CCCCCCC)CCCCCC,JW_2024,JW_2024,0
-3.586878,0.783078243,CCCCCCC/C=C\CCCCCCCCC(=O)OC(C/C=C\CCCCCCCCOC(=O)CCN(CCCN(CC)CC)CCC(=O)OCCCCCCCC/C=C\CC(CCCCCC)OC(=O)CCCCCCCC/C=C\CCCCCCC)CCCCCC,JW_2024,JW_2024,1
-2.6443071,0.783078243,CCCCCCC/C=C\CCCCCCCCC(=O)OC(C/C=C\CCCCCCCCOC(=O)CCN(CCCN(CC)CC)CCC(=O)OCCCCCCCC/C=C\CC(CCCCCC)OC(=O)CCCCCCCC/C=C\CCCCCCC)CCCCCC,JW_2024,JW_2024,1
-4.217774,0.549211507,CCCCCCC/C=C\CCCCCCCCC(=O)OC(C/C=C\CCCCCCCCOC(=O)CCN(CCCN(CC)CC)CCC(=O)OCCCCCCCC/C=C\CC(CCCCCC)OC(=O)CCCCCCCC/C=C\CCCCCCC)CCCCCC,JW_2024,JW_2024,1
-2.1601777,1.709550314,CCCCCCC/C=C\CCCCCCCCC(=O)OC(C/C=C\CCCCCCCCOC(=O)CCN(CCCN(CC)CC)CCC(=O)OCCCCCCCC/C=C\CC(CCCCCC)OC(=O)CCCCCCCC/C=C\CCCCCCC)CCCCCC,JW_2024,JW_2024,2
-3.0086637,-1.27674801,CCCCCCC/C=C\CCCCCCCCC(=O)OC(C/C=C\CCCCCCCCOC(=O)CCN(CCCN(CC)CC)CCC(=O)OCCCCCCCC/C=C\CC(CCCCCC)OC(=O)CCCCCCCC/C=C\CCCCCCC)CCCCCC,JW_2024,JW_2024,0
-1.9259899,1.277796339,CCCCCCC/C=C\CCCCCCCCC(=O)OC(C/C=C\CCCCCCCCOC(=O)CCN(CCCN(CC)CC)CCC(=O)OCCCCCCCC/C=C\CC(CCCCCC)OC(=O)CCCCCCCC/C=C\CCCCCCC)CCCCCC,JW_2024,JW_2024,1
-2.5436633,0.15343703,CCCCCCC/C=C\CCCCCCCCC(=O)OC(C/C=C\CCCCCCCCOC(=O)CCN(CCCN(CC)CC)CCC(=O)OCCCCCCCC/C=C\CC(CCCCCC)OC(=O)CCCCCCCC/C=C\CCCCCCC)CCCCCC,JW_2024,JW_2024,1
-3.5750308,0.774083369,CCCCCCC/C=C\CCCCCCCCC(=O)OC(C/C=C\CCCCCCCCOC(=O)CCN(CCCN(CC)CC)CCC(=O)OCCCCCCCC/C=C\CC(CCCCCC)OC(=O)CCCCCCCC/C=C\CCCCCCC)CCCCCC,JW_2024,JW_2024,1
-3.9744112,0.387303767,CCCCC/C=C\C/C=C\CCCCCCCC(=O)OC(C/C=C\CCCCCCCCOC(=O)CCN(CCCN(CC)CC)CCC(=O)OCCCCCCCC/C=C\CC(CCCCCC)OC(=O)CCCCCCC/C=C\C/C=C\CCCCC)CCCCCC,JW_2024,JW_2024,1
-3.6133378,-0.979917153,CCCCC/C=C\C/C=C\CCCCCCCC(=O)OC(C/C=C\CCCCCCCCOC(=O)CCN(CCCN(CC)CC)CCC(=O)OCCCCCCCC/C=C\CC(CCCCCC)OC(=O)CCCCCCC/C=C\C/C=C\CCCCC)CCCCCC,JW_2024,JW_2024,0
-2.5885534,1.061919352,CCCCC/C=C\C/C=C\CCCCCCCC(=O)OC(C/C=C\CCCCCCCCOC(=O)CCN(CCCN(CC)CC)CCC(=O)OCCCCCCCC/C=C\CC(CCCCCC)OC(=O)CCCCCCC/C=C\C/C=C\CCCCC)CCCCCC,JW_2024,JW_2024,1
-3.457607,-0.179373325,CCCCC/C=C\C/C=C\CCCCCCCC(=O)OC(C/C=C\CCCCCCCCOC(=O)CCN(CCCN(CC)CC)CCC(=O)OCCCCCCCC/C=C\CC(CCCCCC)OC(=O)CCCCCCC/C=C\C/C=C\CCCCC)CCCCCC,JW_2024,JW_2024,0
-3.8498638,0.450267888,CCCCC/C=C\C/C=C\CCCCCCCC(=O)OC(C/C=C\CCCCCCCCOC(=O)CCN(CCCN(CC)CC)CCC(=O)OCCCCCCCC/C=C\CC(CCCCCC)OC(=O)CCCCCCC/C=C\C/C=C\CCCCC)CCCCCC,JW_2024,JW_2024,1
-2.7259564,0.432278139,CCCCC/C=C\C/C=C\CCCCCCCC(=O)OC(C/C=C\CCCCCCCCOC(=O)CCN(CCCN(CC)CC)CCC(=O)OCCCCCCCC/C=C\CC(CCCCCC)OC(=O)CCCCCCC/C=C\C/C=C\CCCCC)CCCCCC,JW_2024,JW_2024,1
-3.426137,-0.674091421,CCCCC/C=C\C/C=C\CCCCCCCC(=O)OC(C/C=C\CCCCCCCCOC(=O)CCN(CCCN(CC)CC)CCC(=O)OCCCCCCCC/C=C\CC(CCCCCC)OC(=O)CCCCCCC/C=C\C/C=C\CCCCC)CCCCCC,JW_2024,JW_2024,0
-5.396097,0.67513975,CCCCC/C=C\C/C=C\CCCCCCCC(=O)OC(C/C=C\CCCCCCCCOC(=O)CCN(CCCN(CC)CC)CCC(=O)OCCCCCCCC/C=C\CC(CCCCCC)OC(=O)CCCCCCC/C=C\C/C=C\CCCCC)CCCCCC,JW_2024,JW_2024,1
-2.4729865,0.360319143,CCCCC/C=C\C/C=C\CCCCCCCC(=O)OC(C/C=C\CCCCCCCCOC(=O)CCN(CCCN(CC)CC)CCC(=O)OCCCCCCCC/C=C\CC(CCCCCC)OC(=O)CCCCCCC/C=C\C/C=C\CCCCC)CCCCCC,JW_2024,JW_2024,1
-2.236801,-0.233342572,CCCCC/C=C\C/C=C\CCCCCCCC(=O)OC(C/C=C\CCCCCCCCOC(=O)CCN(CCCN(CC)CC)CCC(=O)OCCCCCCCC/C=C\CC(CCCCCC)OC(=O)CCCCCCC/C=C\C/C=C\CCCCC)CCCCCC,JW_2024,JW_2024,0
-3.7124243,0.765088494,CCCCC/C=C\C/C=C\CCCCCCCC(=O)OC(C/C=C\CCCCCCCCOC(=O)CCN(CCCN(CC)CC)CCC(=O)OCCCCCCCC/C=C\CC(CCCCCC)OC(=O)CCCCCCC/C=C\C/C=C\CCCCC)CCCCCC,JW_2024,JW_2024,1
-2.4076848,0.971970607,CCCCC/C=C\C/C=C\CCCCCCCC(=O)OC(C/C=C\CCCCCCCCOC(=O)CCN(CCCN(CC)CC)CCC(=O)OCCCCCCCC/C=C\CC(CCCCCC)OC(=O)CCCCCCC/C=C\C/C=C\CCCCC)CCCCCC,JW_2024,JW_2024,1
-5.4781632,1.250811716,CCCCC/C=C\C/C=C\CCCCCCCC(=O)OC(C/C=C\CCCCCCCCOC(=O)CCN(CCCN(CC)CC)CCC(=O)OCCCCCCCC/C=C\CC(CCCCCC)OC(=O)CCCCCCC/C=C\C/C=C\CCCCC)CCCCCC,JW_2024,JW_2024,1
-3.1282868,1.367745084,CCCCC/C=C\C/C=C\CCCCCCCC(=O)OC(C/C=C\CCCCCCCCOC(=O)CCN(CCCN(CC)CC)CCC(=O)OCCCCCCCC/C=C\CC(CCCCCC)OC(=O)CCCCCCC/C=C\C/C=C\CCCCC)CCCCCC,JW_2024,JW_2024,2
-3.8770778,1.565632322,CCCCC/C=C\C/C=C\CCCCCCCC(=O)OC(C/C=C\CCCCCCCCOC(=O)CCN(CCCN(CC)CC)CCC(=O)OCCCCCCCC/C=C\CC(CCCCCC)OC(=O)CCCCCCC/C=C\C/C=C\CCCCC)CCCCCC,JW_2024,JW_2024,2
-1.9717015,0.819057741,CCCCC/C=C\C/C=C\CCCCCCCC(=O)OC(C/C=C\CCCCCCCCOC(=O)CCN(CCCN(CC)CC)CCC(=O)OCCCCCCCC/C=C\CC(CCCCCC)OC(=O)CCCCCCC/C=C\C/C=C\CCCCC)CCCCCC,JW_2024,JW_2024,1
-2.6734536,0.099467784,CCCCC/C=C\C/C=C\CCCCCCCC(=O)OC(C/C=C\CCCCCCCCOC(=O)CCN(CCCN(CC)CC)CCC(=O)OCCCCCCCC/C=C\CC(CCCCCC)OC(=O)CCCCCCC/C=C\C/C=C\CCCCC)CCCCCC,JW_2024,JW_2024,1
-4.423903,0.450267888,CCCCC/C=C\C/C=C\CCCCCCCC(=O)OC(C/C=C\CCCCCCCCOC(=O)CCN(CCCN(CC)CC)CCC(=O)OCCCCCCCC/C=C\CC(CCCCCC)OC(=O)CCCCCCC/C=C\C/C=C\CCCCC)CCCCCC,JW_2024,JW_2024,1
-4.359888,0.144442156,CCCCCCCCC/C=C\CCCCCCCC(=O)OC(C/C=C\CCCCCCCCOC(=O)CCN(CCCN(C)C)CCC(=O)OCCCCCCCC/C=C\CC(CCCCCC)OC(=O)CCCCCCC/C=C\CCCCCCCCC)CCCCCC,JW_2024,JW_2024,1
-4.2015295,-0.368265689,CCCCCCCCC/C=C\CCCCCCCC(=O)OC(C/C=C\CCCCCCCCOC(=O)CCN(CCCN(C)C)CCC(=O)OCCCCCCCC/C=C\CC(CCCCCC)OC(=O)CCCCCCC/C=C\CCCCCCCCC)CCCCCC,JW_2024,JW_2024,0
-2.5194654,1.043929603,CCCCCCCCC/C=C\CCCCCCCC(=O)OC(C/C=C\CCCCCCCCOC(=O)CCN(CCCN(C)C)CCC(=O)OCCCCCCCC/C=C\CC(CCCCCC)OC(=O)CCCCCCC/C=C\CCCCCCCCC)CCCCCC,JW_2024,JW_2024,1
-4.040056,0.387303767,CCCCCCCCC/C=C\CCCCCCCC(=O)OC(C/C=C\CCCCCCCCOC(=O)CCN(CCCN(C)C)CCC(=O)OCCCCCCCC/C=C\CC(CCCCCC)OC(=O)CCCCCCC/C=C\CCCCCCCCC)CCCCCC,JW_2024,JW_2024,1
-3.577286,1.106893724,CCCCCCCCC/C=C\CCCCCCCC(=O)OC(C/C=C\CCCCCCCCOC(=O)CCN(CCCN(C)C)CCC(=O)OCCCCCCCC/C=C\CC(CCCCCC)OC(=O)CCCCCCC/C=C\CCCCCCCCC)CCCCCC,JW_2024,JW_2024,1
-3.3628137,0.15343703,CCCCCCCCC/C=C\CCCCCCCC(=O)OC(C/C=C\CCCCCCCCOC(=O)CCN(CCCN(C)C)CCC(=O)OCCCCCCCC/C=C\CC(CCCCCC)OC(=O)CCCCCCC/C=C\CCCCCCCCC)CCCCCC,JW_2024,JW_2024,1
-4.0217905,-0.404245187,CCCCCCCCC/C=C\CCCCCCCC(=O)OC(C/C=C\CCCCCCCCOC(=O)CCN(CCCN(C)C)CCC(=O)OCCCCCCCC/C=C\CC(CCCCCC)OC(=O)CCCCCCC/C=C\CCCCCCCCC)CCCCCC,JW_2024,JW_2024,0
-5.0106525,-0.080429706,CCCCCCCCC/C=C\CCCCCCCC(=O)OC(C/C=C\CCCCCCCCOC(=O)CCN(CCCN(C)C)CCC(=O)OCCCCCCCC/C=C\CC(CCCCCC)OC(=O)CCCCCCC/C=C\CCCCCCCCC)CCCCCC,JW_2024,JW_2024,0
-3.1814952,-0.071434831,CCCCCCCCC/C=C\CCCCCCCC(=O)OC(C/C=C\CCCCCCCCOC(=O)CCN(CCCN(C)C)CCC(=O)OCCCCCCCC/C=C\CC(CCCCCC)OC(=O)CCCCCCC/C=C\CCCCCCCCC)CCCCCC,JW_2024,JW_2024,0
-3.674721,-0.755045291,CCCCCCCCC/C=C\CCCCCCCC(=O)OC(C/C=C\CCCCCCCCOC(=O)CCN(CCCN(C)C)CCC(=O)OCCCCCCCC/C=C\CC(CCCCCC)OC(=O)CCCCCCC/C=C\CCCCCCCCC)CCCCCC,JW_2024,JW_2024,0
-4.2397947,1.142873222,CCCCCCCCC/C=C\CCCCCCCC(=O)OC(C/C=C\CCCCCCCCOC(=O)CCN(CCCN(C)C)CCC(=O)OCCCCCCCC/C=C\CC(CCCCCC)OC(=O)CCCCCCC/C=C\CCCCCCCCC)CCCCCC,JW_2024,JW_2024,1
-3.625508,1.070914226,CCCCCCCCC/C=C\CCCCCCCC(=O)OC(C/C=C\CCCCCCCCOC(=O)CCN(CCCN(C)C)CCC(=O)OCCCCCCCC/C=C\CC(CCCCCC)OC(=O)CCCCCCC/C=C\CCCCCCCCC)CCCCCC,JW_2024,JW_2024,1
-5.239775,0.783078243,CCCCCCCCC/C=C\CCCCCCCC(=O)OC(C/C=C\CCCCCCCCOC(=O)CCN(CCCN(C)C)CCC(=O)OCCCCCCCC/C=C\CC(CCCCCC)OC(=O)CCCCCCC/C=C\CCCCCCCCC)CCCCCC,JW_2024,JW_2024,1
-3.2416065,1.403724582,CCCCCCCCC/C=C\CCCCCCCC(=O)OC(C/C=C\CCCCCCCCOC(=O)CCN(CCCN(C)C)CCC(=O)OCCCCCCCC/C=C\CC(CCCCCC)OC(=O)CCCCCCC/C=C\CCCCCCCCC)CCCCCC,JW_2024,JW_2024,2
-4.1645775,1.421714331,CCCCCCCCC/C=C\CCCCCCCC(=O)OC(C/C=C\CCCCCCCCOC(=O)CCN(CCCN(C)C)CCC(=O)OCCCCCCCC/C=C\CC(CCCCCC)OC(=O)CCCCCCC/C=C\CCCCCCCCC)CCCCCC,JW_2024,JW_2024,2
-2.881171,1.313775837,CCCCCCCCC/C=C\CCCCCCCC(=O)OC(C/C=C\CCCCCCCCOC(=O)CCN(CCCN(C)C)CCC(=O)OCCCCCCCC/C=C\CC(CCCCCC)OC(=O)CCCCCCC/C=C\CCCCCCCCC)CCCCCC,JW_2024,JW_2024,1
-3.2398503,1.493673326,CCCCCCCCC/C=C\CCCCCCCC(=O)OC(C/C=C\CCCCCCCCOC(=O)CCN(CCCN(C)C)CCC(=O)OCCCCCCCC/C=C\CC(CCCCCC)OC(=O)CCCCCCC/C=C\CCCCCCCCC)CCCCCC,JW_2024,JW_2024,2
-4.7551513,1.232821967,CCCCCCCCC/C=C\CCCCCCCC(=O)OC(C/C=C\CCCCCCCCOC(=O)CCN(CCCN(C)C)CCC(=O)OCCCCCCCC/C=C\CC(CCCCCC)OC(=O)CCCCCCC/C=C\CCCCCCCCC)CCCCCC,JW_2024,JW_2024,1
-4.7175946,-0.485199057,CCCCC/C=C\C/C=C\CCCCCCCC(=O)OC(C/C=C\CCCCCCCCOC(=O)CCN(CCCN(C)C)CCC(=O)OCCCCCCCC/C=C\CC(CCCCCC)OC(=O)CCCCCCC/C=C\C/C=C\CCCCC)CCCCCC,JW_2024,JW_2024,0
-3.8286955,-0.93494278,CCCCC/C=C\C/C=C\CCCCCCCC(=O)OC(C/C=C\CCCCCCCCOC(=O)CCN(CCCN(C)C)CCC(=O)OCCCCCCCC/C=C\CC(CCCCCC)OC(=O)CCCCCCC/C=C\C/C=C\CCCCC)CCCCCC,JW_2024,JW_2024,0
-2.7041698,0.612175628,CCCCC/C=C\C/C=C\CCCCCCCC(=O)OC(C/C=C\CCCCCCCCOC(=O)CCN(CCCN(C)C)CCC(=O)OCCCCCCCC/C=C\CC(CCCCCC)OC(=O)CCCCCCC/C=C\C/C=C\CCCCC)CCCCCC,JW_2024,JW_2024,1
-3.5333834,-0.062439957,CCCCC/C=C\C/C=C\CCCCCCCC(=O)OC(C/C=C\CCCCCCCCOC(=O)CCN(CCCN(C)C)CCC(=O)OCCCCCCCC/C=C\CC(CCCCCC)OC(=O)CCCCCCC/C=C\C/C=C\CCCCC)CCCCCC,JW_2024,JW_2024,0
-4.0648227,0.801067992,CCCCC/C=C\C/C=C\CCCCCCCC(=O)OC(C/C=C\CCCCCCCCOC(=O)CCN(CCCN(C)C)CCC(=O)OCCCCCCCC/C=C\CC(CCCCCC)OC(=O)CCCCCCC/C=C\C/C=C\CCCCC)CCCCCC,JW_2024,JW_2024,1
-2.8728855,-0.206357948,CCCCC/C=C\C/C=C\CCCCCCCC(=O)OC(C/C=C\CCCCCCCCOC(=O)CCN(CCCN(C)C)CCC(=O)OCCCCCCCC/C=C\CC(CCCCCC)OC(=O)CCCCCCC/C=C\C/C=C\CCCCC)CCCCCC,JW_2024,JW_2024,0
-3.582544,-0.062439957,CCCCC/C=C\C/C=C\CCCCCCCC(=O)OC(C/C=C\CCCCCCCCOC(=O)CCN(CCCN(C)C)CCC(=O)OCCCCCCCC/C=C\CC(CCCCCC)OC(=O)CCCCCCC/C=C\C/C=C\CCCCC)CCCCCC,JW_2024,JW_2024,0
-5.078443,-0.386255438,CCCCC/C=C\C/C=C\CCCCCCCC(=O)OC(C/C=C\CCCCCCCCOC(=O)CCN(CCCN(C)C)CCC(=O)OCCCCCCCC/C=C\CC(CCCCCC)OC(=O)CCCCCCC/C=C\C/C=C\CCCCC)CCCCCC,JW_2024,JW_2024,0
-3.2961092,-0.116409204,CCCCC/C=C\C/C=C\CCCCCCCC(=O)OC(C/C=C\CCCCCCCCOC(=O)CCN(CCCN(C)C)CCC(=O)OCCCCCCCC/C=C\CC(CCCCCC)OC(=O)CCCCCCC/C=C\C/C=C\CCCCC)CCCCCC,JW_2024,JW_2024,0
-3.8016005,1.124883473,CCCCC/C=C\C/C=C\CCCCCCCC(=O)OC(C/C=C\CCCCCCCCOC(=O)CCN(CCCN(C)C)CCC(=O)OCCCCCCCC/C=C\CC(CCCCCC)OC(=O)CCCCCCC/C=C\C/C=C\CCCCC)CCCCCC,JW_2024,JW_2024,1
-3.326905,0.900011611,CCCCC/C=C\C/C=C\CCCCCCCC(=O)OC(C/C=C\CCCCCCCCOC(=O)CCN(CCCN(C)C)CCC(=O)OCCCCCCCC/C=C\CC(CCCCCC)OC(=O)CCCCCCC/C=C\C/C=C\CCCCC)CCCCCC,JW_2024,JW_2024,1
-5.3560057,0.828052616,CCCCC/C=C\C/C=C\CCCCCCCC(=O)OC(C/C=C\CCCCCCCCOC(=O)CCN(CCCN(C)C)CCC(=O)OCCCCCCCC/C=C\CC(CCCCCC)OC(=O)CCCCCCC/C=C\C/C=C\CCCCC)CCCCCC,JW_2024,JW_2024,1
-3.738312,1.781509309,CCCCC/C=C\C/C=C\CCCCCCCC(=O)OC(C/C=C\CCCCCCCCOC(=O)CCN(CCCN(C)C)CCC(=O)OCCCCCCCC/C=C\CC(CCCCCC)OC(=O)CCCCCCC/C=C\C/C=C\CCCCC)CCCCCC,JW_2024,JW_2024,2
-4.6523757,1.295786088,CCCCC/C=C\C/C=C\CCCCCCCC(=O)OC(C/C=C\CCCCCCCCOC(=O)CCN(CCCN(C)C)CCC(=O)OCCCCCCCC/C=C\CC(CCCCCC)OC(=O)CCCCCCC/C=C\C/C=C\CCCCC)CCCCCC,JW_2024,JW_2024,1
-3.0299466,1.547642573,CCCCC/C=C\C/C=C\CCCCCCCC(=O)OC(C/C=C\CCCCCCCCOC(=O)CCN(CCCN(C)C)CCC(=O)OCCCCCCCC/C=C\CC(CCCCCC)OC(=O)CCCCCCC/C=C\C/C=C\CCCCC)CCCCCC,JW_2024,JW_2024,2
-3.6104107,1.52065795,CCCCC/C=C\C/C=C\CCCCCCCC(=O)OC(C/C=C\CCCCCCCCOC(=O)CCN(CCCN(C)C)CCC(=O)OCCCCCCCC/C=C\CC(CCCCCC)OC(=O)CCCCCCC/C=C\C/C=C\CCCCC)CCCCCC,JW_2024,JW_2024,2
-5.161658,0.720114122,CCCCC/C=C\C/C=C\CCCCCCCC(=O)OC(C/C=C\CCCCCCCCOC(=O)CCN(CCCN(C)C)CCC(=O)OCCCCCCCC/C=C\CC(CCCCCC)OC(=O)CCCCCCC/C=C\C/C=C\CCCCC)CCCCCC,JW_2024,JW_2024,1
-6.7674227,-0.988912027,CCCCCCCC/C=C\CCCCCCCC(=O)OC(C/C=C\CCCCCCCCOC(=O)CCN(CCCN(CCCC)CCCC)CCC(=O)OCCCCCCCC/C=C\CC(CCCCCC)OC(=O)CCCCCCC/C=C\CCCCCCCC)CCCCCC,JW_2024,JW_2024,0
-5.947541,-2.185230332,CCCCCCCC/C=C\CCCCCCCC(=O)OC(C/C=C\CCCCCCCCOC(=O)CCN(CCCN(CCCC)CCCC)CCC(=O)OCCCCCCCC/C=C\CC(CCCCCC)OC(=O)CCCCCCC/C=C\CCCCCCCC)CCCCCC,JW_2024,JW_2024,0
-5.2780204,-0.494193931,CCCCCCCC/C=C\CCCCCCCC(=O)OC(C/C=C\CCCCCCCCOC(=O)CCN(CCCN(CCCC)CCCC)CCC(=O)OCCCCCCCC/C=C\CC(CCCCCC)OC(=O)CCCCCCC/C=C\CCCCCCCC)CCCCCC,JW_2024,JW_2024,0
-5.6445665,-1.429660876,CCCCCCCC/C=C\CCCCCCCC(=O)OC(C/C=C\CCCCCCCCOC(=O)CCN(CCCN(CCCC)CCCC)CCC(=O)OCCCCCCCC/C=C\CC(CCCCCC)OC(=O)CCCCCCC/C=C\CCCCCCCC)CCCCCC,JW_2024,JW_2024,0
-5.6245837,-0.602132425,CCCCCCCC/C=C\CCCCCCCC(=O)OC(C/C=C\CCCCCCCCOC(=O)CCN(CCCN(CCCC)CCCC)CCC(=O)OCCCCCCCC/C=C\CC(CCCCCC)OC(=O)CCCCCCC/C=C\CCCCCCCC)CCCCCC,JW_2024,JW_2024,0
-5.352812,-1.384686504,CCCCCCCC/C=C\CCCCCCCC(=O)OC(C/C=C\CCCCCCCCOC(=O)CCN(CCCN(CCCC)CCCC)CCC(=O)OCCCCCCCC/C=C\CC(CCCCCC)OC(=O)CCCCCCC/C=C\CCCCCCCC)CCCCCC,JW_2024,JW_2024,0
-5.704132,-0.943937655,CCCCCCCC/C=C\CCCCCCCC(=O)OC(C/C=C\CCCCCCCCOC(=O)CCN(CCCN(CCCC)CCCC)CCC(=O)OCCCCCCCC/C=C\CC(CCCCCC)OC(=O)CCCCCCC/C=C\CCCCCCCC)CCCCCC,JW_2024,JW_2024,0
-5.9039764,-0.737055542,CCCCCCCC/C=C\CCCCCCCC(=O)OC(C/C=C\CCCCCCCCOC(=O)CCN(CCCN(CCCC)CCCC)CCC(=O)OCCCCCCCC/C=C\CC(CCCCCC)OC(=O)CCCCCCC/C=C\CCCCCCCC)CCCCCC,JW_2024,JW_2024,0
-5.966773,-0.800019663,CCCCCCCC/C=C\CCCCCCCC(=O)OC(C/C=C\CCCCCCCCOC(=O)CCN(CCCN(CCCC)CCCC)CCC(=O)OCCCCCCCC/C=C\CC(CCCCCC)OC(=O)CCCCCCC/C=C\CCCCCCCC)CCCCCC,JW_2024,JW_2024,0
-5.388948,-0.835999161,CCCCCCCC/C=C\CCCCCCCC(=O)OC(C/C=C\CCCCCCCCOC(=O)CCN(CCCN(CCCC)CCCC)CCC(=O)OCCCCCCCC/C=C\CC(CCCCCC)OC(=O)CCCCCCC/C=C\CCCCCCCC)CCCCCC,JW_2024,JW_2024,0
-7.1794996,-0.107414329,CCCCCCCC/C=C\CCCCCCCC(=O)OC(C/C=C\CCCCCCCCOC(=O)CCN(CCCN(CCCC)CCCC)CCC(=O)OCCCCCCCC/C=C\CC(CCCCCC)OC(=O)CCCCCCC/C=C\CCCCCCCC)CCCCCC,JW_2024,JW_2024,0
-5.4095774,0.25238065,CCCCCCCC/C=C\CCCCCCCC(=O)OC(C/C=C\CCCCCCCCOC(=O)CCN(CCCN(CCCC)CCCC)CCC(=O)OCCCCCCCC/C=C\CC(CCCCCC)OC(=O)CCCCCCC/C=C\CCCCCCCC)CCCCCC,JW_2024,JW_2024,1
-5.2898808,-0.206357948,CCCCCCCC/C=C\CCCCCCCC(=O)OC(C/C=C\CCCCCCCCOC(=O)CCN(CCCN(CCCC)CCCC)CCC(=O)OCCCCCCCC/C=C\CC(CCCCCC)OC(=O)CCCCCCC/C=C\CCCCCCCC)CCCCCC,JW_2024,JW_2024,0
-5.1892633,-0.206357948,CCCCCCCC/C=C\CCCCCCCC(=O)OC(C/C=C\CCCCCCCCOC(=O)CCN(CCCN(CCCC)CCCC)CCC(=O)OCCCCCCCC/C=C\CC(CCCCCC)OC(=O)CCCCCCC/C=C\CCCCCCCC)CCCCCC,JW_2024,JW_2024,0
-5.665389,-0.638111923,CCCCCCCC/C=C\CCCCCCCC(=O)OC(C/C=C\CCCCCCCCOC(=O)CCN(CCCN(CCCC)CCCC)CCC(=O)OCCCCCCCC/C=C\CC(CCCCCC)OC(=O)CCCCCCC/C=C\CCCCCCCC)CCCCCC,JW_2024,JW_2024,0
-6.810283,-0.557158053,CCCCCCCC/C=C\CCCCCCCC(=O)OC(C/C=C\CCCCCCCCOC(=O)CCN(CCCN(CCCC)CCCC)CCC(=O)OCCCCCCCC/C=C\CC(CCCCCC)OC(=O)CCCCCCC/C=C\CCCCCCCC)CCCCCC,JW_2024,JW_2024,0
-5.6255403,-0.593137551,CCCCC/C=C\C/C=C\CCCCCCCC(=O)OC(C/C=C\CCCCCCCCOC(=O)CCN(CCCN(CCCC)CCCC)CCC(=O)OCCCCCCCC/C=C\CC(CCCCCC)OC(=O)CCCCCCC/C=C\C/C=C\CCCCC)CCCCCC,JW_2024,JW_2024,0
-5.2742467,-2.311158574,CCCCC/C=C\C/C=C\CCCCCCCC(=O)OC(C/C=C\CCCCCCCCOC(=O)CCN(CCCN(CCCC)CCCC)CCC(=O)OCCCCCCCC/C=C\CC(CCCCCC)OC(=O)CCCCCCC/C=C\C/C=C\CCCCC)CCCCCC,JW_2024,JW_2024,0
-4.679173,-0.233342572,CCCCC/C=C\C/C=C\CCCCCCCC(=O)OC(C/C=C\CCCCCCCCOC(=O)CCN(CCCN(CCCC)CCCC)CCC(=O)OCCCCCCCC/C=C\CC(CCCCCC)OC(=O)CCCCCCC/C=C\C/C=C\CCCCC)CCCCCC,JW_2024,JW_2024,0
-4.962188,-0.647106797,CCCCC/C=C\C/C=C\CCCCCCCC(=O)OC(C/C=C\CCCCCCCCOC(=O)CCN(CCCN(CCCC)CCCC)CCC(=O)OCCCCCCCC/C=C\CC(CCCCCC)OC(=O)CCCCCCC/C=C\C/C=C\CCCCC)CCCCCC,JW_2024,JW_2024,0
-5.3035903,-0.044450208,CCCCC/C=C\C/C=C\CCCCCCCC(=O)OC(C/C=C\CCCCCCCCOC(=O)CCN(CCCN(CCCC)CCCC)CCC(=O)OCCCCCCCC/C=C\CC(CCCCCC)OC(=O)CCCCCCC/C=C\C/C=C\CCCCC)CCCCCC,JW_2024,JW_2024,0
-4.605762,-1.591568617,CCCCC/C=C\C/C=C\CCCCCCCC(=O)OC(C/C=C\CCCCCCCCOC(=O)CCN(CCCN(CCCC)CCCC)CCC(=O)OCCCCCCCC/C=C\CC(CCCCCC)OC(=O)CCCCCCC/C=C\C/C=C\CCCCC)CCCCCC,JW_2024,JW_2024,0
-5.0986376,-2.536030436,CCCCC/C=C\C/C=C\CCCCCCCC(=O)OC(C/C=C\CCCCCCCCOC(=O)CCN(CCCN(CCCC)CCCC)CCC(=O)OCCCCCCCC/C=C\CC(CCCCCC)OC(=O)CCCCCCC/C=C\C/C=C\CCCCC)CCCCCC,JW_2024,JW_2024,0
-5.5622706,-0.215352823,CCCCC/C=C\C/C=C\CCCCCCCC(=O)OC(C/C=C\CCCCCCCCOC(=O)CCN(CCCN(CCCC)CCCC)CCC(=O)OCCCCCCCC/C=C\CC(CCCCCC)OC(=O)CCCCCCC/C=C\C/C=C\CCCCC)CCCCCC,JW_2024,JW_2024,0
-5.282624,-0.85398891,CCCCC/C=C\C/C=C\CCCCCCCC(=O)OC(C/C=C\CCCCCCCCOC(=O)CCN(CCCN(CCCC)CCCC)CCC(=O)OCCCCCCCC/C=C\CC(CCCCCC)OC(=O)CCCCCCC/C=C\C/C=C\CCCCC)CCCCCC,JW_2024,JW_2024,0
-4.3291006,0.477252511,CCCCC/C=C\C/C=C\CCCCCCCC(=O)OC(C/C=C\CCCCCCCCOC(=O)CCN(CCCN(CCCC)CCCC)CCC(=O)OCCCCCCCC/C=C\CC(CCCCCC)OC(=O)CCCCCCC/C=C\C/C=C\CCCCC)CCCCCC,JW_2024,JW_2024,1
-6.762434,-0.701076044,CCCCC/C=C\C/C=C\CCCCCCCC(=O)OC(C/C=C\CCCCCCCCOC(=O)CCN(CCCN(CCCC)CCCC)CCC(=O)OCCCCCCCC/C=C\CC(CCCCCC)OC(=O)CCCCCCC/C=C\C/C=C\CCCCC)CCCCCC,JW_2024,JW_2024,0
-4.4902887,0.441273013,CCCCC/C=C\C/C=C\CCCCCCCC(=O)OC(C/C=C\CCCCCCCCOC(=O)CCN(CCCN(CCCC)CCCC)CCC(=O)OCCCCCCCC/C=C\CC(CCCCCC)OC(=O)CCCCCCC/C=C\C/C=C\CCCCC)CCCCCC,JW_2024,JW_2024,1
-4.545702,-0.206357948,CCCCC/C=C\C/C=C\CCCCCCCC(=O)OC(C/C=C\CCCCCCCCOC(=O)CCN(CCCN(CCCC)CCCC)CCC(=O)OCCCCCCCC/C=C\CC(CCCCCC)OC(=O)CCCCCCC/C=C\C/C=C\CCCCC)CCCCCC,JW_2024,JW_2024,0
-4.2626815,-0.503188806,CCCCC/C=C\C/C=C\CCCCCCCC(=O)OC(C/C=C\CCCCCCCCOC(=O)CCN(CCCN(CCCC)CCCC)CCC(=O)OCCCCCCCC/C=C\CC(CCCCCC)OC(=O)CCCCCCC/C=C\C/C=C\CCCCC)CCCCCC,JW_2024,JW_2024,0
-4.9150987,-0.701076044,CCCCC/C=C\C/C=C\CCCCCCCC(=O)OC(C/C=C\CCCCCCCCOC(=O)CCN(CCCN(CCCC)CCCC)CCC(=O)OCCCCCCCC/C=C\CC(CCCCCC)OC(=O)CCCCCCC/C=C\C/C=C\CCCCC)CCCCCC,JW_2024,JW_2024,0
-5.669736,-0.458214434,CCCCC/C=C\C/C=C\CCCCCCCC(=O)OC(C/C=C\CCCCCCCCOC(=O)CCN(CCCN(CCCC)CCCC)CCC(=O)OCCCCCCCC/C=C\CC(CCCCCC)OC(=O)CCCCCCC/C=C\C/C=C\CCCCC)CCCCCC,JW_2024,JW_2024,0
-2.9173493,0.225396026,CCCCCCCC/C=C\CCCCCCCCCCCC(=O)OC(C/C=C\CCCCCCCCOC(=O)CCN(CCCN(CC)CC)CCC(=O)OCCCCCCCC/C=C\CC(CCCCCC)OC(=O)CCCCCCCCCCC/C=C\CCCCCCCC)CCCCCC,JW_2024,JW_2024,1
-3.2409132,0.846042365,CCCCCCCC/C=C\CCCCCCCCCCCC(=O)OC(C/C=C\CCCCCCCCOC(=O)CCN(CCCN(CC)CC)CCC(=O)OCCCCCCCC/C=C\CC(CCCCCC)OC(=O)CCCCCCCCCCC/C=C\CCCCCCCC)CCCCCC,JW_2024,JW_2024,1
-6.1673446,1.214832218,CCCCC/C=C\CCC(=O)OC(C/C=C\CCCCCCCCOC(=O)CCN(C)CCO)CCCCCC,JW_2024,JW_2024,1
-8.794924,0.459262762,CCCCC/C=C\CCC(=O)OC(C/C=C\CCCCCCCCOC(=O)CCN(C)CCO)CCCCCC,JW_2024,JW_2024,1
-2.3109357,0.25238065,CCCCCC/C=C\CCCCCCCC(=O)OC(C/C=C\CCCCCCCCOC(=O)CCN(CCCN(CC)CC)CCC(=O)OCCCCCCCC/C=C\CC(CCCCCC)OC(=O)CCCCCCC/C=C\CCCCCCC)CCCCCC,JW_2024,JW_2024,1
-3.506711,0.585191005,CCCCCC/C=C\CCCCCCCC(=O)OC(C/C=C\CCCCCCCCOC(=O)CCN(CCCN(CC)CC)CCC(=O)OCCCCCCCC/C=C\CC(CCCCCC)OC(=O)CCCCCCC/C=C\CCCCCCC)CCCCCC,JW_2024,JW_2024,1
-4.0746317,0.944985984,CCCCCC/C=C\CCCCCCCC(=O)OC(C/C=C\CCCCCCCCOC(=O)CCN(CCCN(C)C)CCC(=O)OCCCCCCCC/C=C\CC(CCCCCC)OC(=O)CCCCCCC/C=C\CCCCCCC)CCCCCC,JW_2024,JW_2024,1
-5.5686016,0.540216633,CCCCCC/C=C\CCCCCCCC(=O)OC(C/C=C\CCCCCCCCOC(=O)CCN(CCCN(C)C)CCC(=O)OCCCCCCCC/C=C\CC(CCCCCC)OC(=O)CCCCCCC/C=C\CCCCCCC)CCCCCC,JW_2024,JW_2024,1
-2.7301264,0.234390901,CCCCCCCC/C=C\CCCCCCCCCC(=O)OC(C/C=C\CCCCCCCCOC(=O)CCN(CCCN(CC)CC)CCC(=O)OCCCCCCCC/C=C\CC(CCCCCC)OC(=O)CCCCCCCCC/C=C\CCCCCCCC)CCCCCC,JW_2024,JW_2024,1
-4.9400115,0.423283264,CCCCCCCC/C=C\CCCCCCCCCC(=O)OC(C/C=C\CCCCCCCCOC(=O)CCN(CCCN(CC)CC)CCC(=O)OCCCCCCCC/C=C\CC(CCCCCC)OC(=O)CCCCCCCCC/C=C\CCCCCCCC)CCCCCC,JW_2024,JW_2024,1
-3.82392,1.376739958,CCCCCCCC/C=C\CCCCCCCCCC(=O)OC(C/C=C\CCCCCCCCOC(=O)CCN(CCCN(C)C)CCC(=O)OCCCCCCCC/C=C\CC(CCCCCC)OC(=O)CCCCCCCCC/C=C\CCCCCCCC)CCCCCC,JW_2024,JW_2024,2
-5.204725,0.711119248,CCCCCCCC/C=C\CCCCCCCCCC(=O)OC(C/C=C\CCCCCCCCOC(=O)CCN(CCCN(C)C)CCC(=O)OCCCCCCCC/C=C\CC(CCCCCC)OC(=O)CCCCCCCCC/C=C\CCCCCCCC)CCCCCC,JW_2024,JW_2024,1
-2.0974312,0.49524226,CCCC/C=C\CCCCCCCCC(=O)OC(C/C=C\CCCCCCCCOC(=O)CCN(CCCN(CC)CC)CCC(=O)OCCCCCCCC/C=C\CC(CCCCCC)OC(=O)CCCCCCCC/C=C\CCCC)CCCCCC,JW_2024,JW_2024,1
-4.2108774,0.621170503,CCCC/C=C\CCCCCCCCC(=O)OC(C/C=C\CCCCCCCCOC(=O)CCN(CCCN(CC)CC)CCC(=O)OCCCCCCCC/C=C\CC(CCCCCC)OC(=O)CCCCCCCC/C=C\CCCC)CCCCCC,JW_2024,JW_2024,1
-1.7479882,-0.483910812,CCCCCCCC/C=C\CCCCCCCC(=O)OCCCCCC(O)C(CCCCOC(=O)CCCCCCC/C=C\CCCCCCCC)CN1CCN(C)CC1,JW_2024,JW_2024,0
-1.6377445,0.969575679,CCCCCCCC/C=C\CCCCCCCC(=O)OCCCCCC(O)C(CCCCOC(=O)CCCCCCC/C=C\CCCCCCCC)CN1CCN(C)CC1,JW_2024,JW_2024,1
-4.9559655,0.283660706,CCCCCCCC/C=C\CCCCCCCC(=O)OCCCCCC(O)C(CCCCOC(=O)CCCCCCC/C=C\CCCCCCCC)CN1CCN(C)CC1,JW_2024,JW_2024,1
-1.2896267,-0.394088613,CCCCCCCC/C=C\CCCCCCCC(=O)OCCCCCC(O)C(CCCCOC(=O)CCCCCCC/C=C\CCCCCCCC)CN1CCN(C)CC1,JW_2024,JW_2024,0
-2.0479445,-0.581898665,CCCCCCCC/C=C\CCCCCCCC(=O)OCCCCCC(O)C(CCCCOC(=O)CCCCCCC/C=C\CCCCCCCC)CN1CCN(C)CC1,JW_2024,JW_2024,0
-4.530698,-0.704383482,CCCCCCCC/C=C\CCCCCCCC(=O)OCCCCCC(O)C(CCCCOC(=O)CCCCCCC/C=C\CCCCCCCC)CN1CCN(C)CC1,JW_2024,JW_2024,0
-4.5829396,0.406145522,CCCCCCCC/C=C\CCCCCCCC(=O)OCCCCCC(O)C(CCCCOC(=O)CCCCCCC/C=C\CCCCCCCC)CN1CCN(C)CC1,JW_2024,JW_2024,1
-2.4372375,0.161175889,CCCCCCCC/C=C\CCCCCCCC(=O)OCCCCCC(O)C(CCCCOC(=O)CCCCCCC/C=C\CCCCCCCC)CN1CCN(C)CC1,JW_2024,JW_2024,1
-2.1370034,1.39418971,CCCCCCCC/C=C\CCCCCCCC(=O)OCCCCCC(O)C(CCCCOC(=O)CCCCCCC/C=C\CCCCCCCC)CN1CCN(C)CC1,JW_2024,JW_2024,2
-1.9092062,-0.59006432,CCCCCCCC/C=C\CCCCCCCC(=O)OCCCCCC(O)C(CCCCOC(=O)CCCCCCC/C=C\CCCCCCCC)CN1CCN(C)CC1,JW_2024,JW_2024,0
-4.2702365,1.157385731,CCCCCCCC/C=C\CCCCCCCC(=O)OCCCCCC(O)C(CCCCOC(=O)CCCCCCC/C=C\CCCCCCCC)CN1CCN(C)CC1,JW_2024,JW_2024,1
-1.5857509,0.185672852,CCCCCCCC/C=C\CCCCCCCC(=O)OCCCCCC(O)C(CCCCOC(=O)CCCCCCC/C=C\CCCCCCCC)CN1CCN(C)CC1,JW_2024,JW_2024,1
-2.0131643,0.07135369,CCCCCCCC/C=C\CCCCCCCC(=O)OCCCCCC(O)C(CCCCOC(=O)CCCCCCC/C=C\CCCCCCCC)CN1CCN(C)CC1,JW_2024,JW_2024,1
-2.2670128,0.242832433,CCCCCCCC/C=C\CCCCCCCC(=O)OCCCCCC(O)C(CCCCOC(=O)CCCCCCC/C=C\CCCCCCCC)CN1CCN(C)CC1,JW_2024,JW_2024,1
-1.875476,0.716440391,CCCCCCCC/C=C\CCCCCCCC(=O)OCCCCCC(O)C(CCCCOC(=O)CCCCCCC/C=C\CCCCCCCC)CN1CCN(C)CC1,JW_2024,JW_2024,1
-5.190954,1.02673526,CCCCCCCC/C=C\CCCCCCCC(=O)OCCCCCC(O)C(CCCCOC(=O)CCCCCCC/C=C\CCCCCCCC)CN1CCN(C)CC1,JW_2024,JW_2024,1
-3.6292286,0.58578992,CCCCCCCC/C=C\CCCCCCCC(=O)OCCCCCC(O)C(CCCCOC(=O)CCCCCCC/C=C\CCCCCCCC)CN1CCN(C)CC1,JW_2024,JW_2024,1
-4.7824144,0.855256517,CCCCCCCC/C=C\CCCCCCCC(=O)OCCCCCC(O)C(CCCCOC(=O)CCCCCCC/C=C\CCCCCCCC)CN1CCN(C)CC1,JW_2024,JW_2024,1
-1.7908098,0.863422171,CCCCCCCC/C=C\CCCCCCCC(=O)OCCCCCC(O)C(CCCCOC(=O)CCCCCCC/C=C\CCCCCCCC)CN1CCN(C)CC1,JW_2024,JW_2024,1
-1.7746274,-0.034799818,CCCCCCCC/C=C\CCCCCCCC(=O)OCCCCCC(O)C(CCCCOC(=O)CCCCCCC/C=C\CCCCCCCC)CN1CCN(C)CC1,JW_2024,JW_2024,0
-4.7249155,1.647324998,CCCCCCCC/C=C\CCCCCCCC(=O)OCCCCCC(O)C(CCCCOC(=O)CCCCCCC/C=C\CCCCCCCC)CN1CCN(C)CC1,JW_2024,JW_2024,2
-4.5086427,-0.892193534,CCCCCCCC/C=C\CCCCCCCC(=O)OCCCCCC(O)C(CCCCOC(=O)CCCCCCC/C=C\CCCCCCCC)CN(C)CCCn1cccn1,JW_2024,JW_2024,0
-4.574051,0.324488978,CCCCCCCC/C=C\CCCCCCCC(=O)OCCCCCC(O)C(CCCCOC(=O)CCCCCCC/C=C\CCCCCCCC)CN(C)CCCn1cccn1,JW_2024,JW_2024,1
-7.3985143,0.046856727,CCCCCCCC/C=C\CCCCCCCC(=O)OCCCCCC(O)C(CCCCOC(=O)CCCCCCC/C=C\CCCCCCCC)CN(C)CCCn1cccn1,JW_2024,JW_2024,1
-3.926886,-0.728880445,CCCCCCCC/C=C\CCCCCCCC(=O)OCCCCCC(O)C(CCCCOC(=O)CCCCCCC/C=C\CCCCCCCC)CN(C)CCCn1cccn1,JW_2024,JW_2024,0
-3.9298873,-0.900359189,CCCCCCCC/C=C\CCCCCCCC(=O)OCCCCCC(O)C(CCCCOC(=O)CCCCCCC/C=C\CCCCCCCC)CN(C)CCCn1cccn1,JW_2024,JW_2024,0
-7.181196,-1.014678351,CCCCCCCC/C=C\CCCCCCCC(=O)OCCCCCC(O)C(CCCCOC(=O)CCCCCCC/C=C\CCCCCCCC)CN(C)CCCn1cccn1,JW_2024,JW_2024,0
-6.446643,0.340820287,CCCCCCCC/C=C\CCCCCCCC(=O)OCCCCCC(O)C(CCCCOC(=O)CCCCCCC/C=C\CCCCCCCC)CN(C)CCCn1cccn1,JW_2024,JW_2024,1
-4.6893873,-1.365801492,CCCCCCCC/C=C\CCCCCCCC(=O)OCCCCCC(O)C(CCCCOC(=O)CCCCCCC/C=C\CCCCCCCC)CN(C)CCCn1cccn1,JW_2024,JW_2024,0
-4.7110915,1.32069882,CCCCCCCC/C=C\CCCCCCCC(=O)OCCCCCC(O)C(CCCCOC(=O)CCCCCCC/C=C\CCCCCCCC)CN(C)CCCn1cccn1,JW_2024,JW_2024,2
-4.679216,0.185672852,CCCCCCCC/C=C\CCCCCCCC(=O)OCCCCCC(O)C(CCCCOC(=O)CCCCCCC/C=C\CCCCCCCC)CN(C)CCCn1cccn1,JW_2024,JW_2024,1
-6.583826,0.994072642,CCCCCCCC/C=C\CCCCCCCC(=O)OCCCCCC(O)C(CCCCOC(=O)CCCCCCC/C=C\CCCCCCCC)CN(C)CCCn1cccn1,JW_2024,JW_2024,1
-4.608292,0.120347617,CCCCCCCC/C=C\CCCCCCCC(=O)OCCCCCC(O)C(CCCCOC(=O)CCCCCCC/C=C\CCCCCCCC)CN(C)CCCn1cccn1,JW_2024,JW_2024,1
-4.782531,-1.308641911,CCCCCCCC/C=C\CCCCCCCC(=O)OCCCCCC(O)C(CCCCOC(=O)CCCCCCC/C=C\CCCCCCCC)CN(C)CCCn1cccn1,JW_2024,JW_2024,0
-7.512575,-0.263438142,CCCCCCCC/C=C\CCCCCCCC(=O)OCCCCCC(O)C(CCCCOC(=O)CCCCCCC/C=C\CCCCCCCC)CN(C)CCCn1cccn1,JW_2024,JW_2024,0
-4.0574026,0.724606046,CCCCCCCC/C=C\CCCCCCCC(=O)OCCCCCC(O)C(CCCCOC(=O)CCCCCCC/C=C\CCCCCCCC)CN(C)CCCn1cccn1,JW_2024,JW_2024,1
-3.9501157,-0.549236048,CCCCCCCC/C=C\CCCCCCCC(=O)OCCCCCC(O)C(CCCCOC(=O)CCCCCCC/C=C\CCCCCCCC)CN(C)CCCn1cccn1,JW_2024,JW_2024,0
-4.828991,0.504133376,CCCCCCCC/C=C\CCCCCCCC(=O)OCCCCCC(O)C(CCCCOC(=O)CCCCCCC/C=C\CCCCCCCC)CN(C)CCCn1cccn1,JW_2024,JW_2024,1
-3.5899906,-0.181781598,CCCCCCCC/C=C\CCCCCCCC(=O)OCCCCCC(O)C(CCCCOC(=O)CCCCCCC/C=C\CCCCCCCC)CN(C)CCCn1cccn1,JW_2024,JW_2024,0
-7.6801224,1.239042276,CCCCCCCC/C=C\CCCCCCCC(=O)OCCCCCC(O)C(CCCCOC(=O)CCCCCCC/C=C\CCCCCCCC)CN(C)CCCn1cccn1,JW_2024,JW_2024,1
-5.461449,1.043066569,CCCCCCCC/C=C\CCCCCCCC(=O)OCCCCCC(O)C(CCCCOC(=O)CCCCCCC/C=C\CCCCCCCC)CN(C)CCCn1cccn1,JW_2024,JW_2024,1
-6.1238465,0.700109082,CCCCCCCC/C=C\CCCCCCCC(=O)OCCCCCC(O)C(CCCCOC(=O)CCCCCCC/C=C\CCCCCCCC)CN(C)CCCn1cccn1,JW_2024,JW_2024,1
-3.994572,0.863422171,CCCCCCCC/C=C\CCCCCCCC(=O)OCCCCCC(O)C(CCCCOC(=O)CCCCCCC/C=C\CCCCCCCC)CN(C)CCCn1cccn1,JW_2024,JW_2024,1
-3.9018168,-0.353260341,CCCCCCCC/C=C\CCCCCCCC(=O)OCCCCCC(O)C(CCCCOC(=O)CCCCCCC/C=C\CCCCCCCC)CN(C)CCCn1cccn1,JW_2024,JW_2024,0
-6.4703283,1.165551386,CCCCCCCC/C=C\CCCCCCCC(=O)OCCCCCC(O)C(CCCCOC(=O)CCCCCCC/C=C\CCCCCCCC)CN(C)CCCn1cccn1,JW_2024,JW_2024,1
-4.9099097,-1.349470183,CCCCCCCC/C=C\CCCCCCCC(=O)OCCCCCC(O)C(CCCCOC(=O)CCCCCCC/C=C\CCCCCCCC)CN(C)Cc1cccnc1,JW_2024,JW_2024,0
-5.099712,-1.226985367,CCCCCCCC/C=C\CCCCCCCC(=O)OCCCCCC(O)C(CCCCOC(=O)CCCCCCC/C=C\CCCCCCCC)CN(C)Cc1cccnc1,JW_2024,JW_2024,0
-8.263537,-1.349470183,CCCCCCCC/C=C\CCCCCCCC(=O)OCCCCCC(O)C(CCCCOC(=O)CCCCCCC/C=C\CCCCCCCC)CN(C)Cc1cccnc1,JW_2024,JW_2024,0
-4.384633,-1.357635838,CCCCCCCC/C=C\CCCCCCCC(=O)OCCCCCC(O)C(CCCCOC(=O)CCCCCCC/C=C\CCCCCCCC)CN(C)Cc1cccnc1,JW_2024,JW_2024,0
-4.316766,-1.814912487,CCCCCCCC/C=C\CCCCCCCC(=O)OCCCCCC(O)C(CCCCOC(=O)CCCCCCC/C=C\CCCCCCCC)CN(C)Cc1cccnc1,JW_2024,JW_2024,0
-8.133959,-2.72130013,CCCCCCCC/C=C\CCCCCCCC(=O)OCCCCCC(O)C(CCCCOC(=O)CCCCCCC/C=C\CCCCCCCC)CN(C)Cc1cccnc1,JW_2024,JW_2024,0
-7.0704503,-0.214444216,CCCCCCCC/C=C\CCCCCCCC(=O)OCCCCCC(O)C(CCCCOC(=O)CCCCCCC/C=C\CCCCCCCC)CN(C)Cc1cccnc1,JW_2024,JW_2024,0
-5.2865353,-2.623312276,CCCCCCCC/C=C\CCCCCCCC(=O)OCCCCCC(O)C(CCCCOC(=O)CCCCCCC/C=C\CCCCCCCC)CN(C)Cc1cccnc1,JW_2024,JW_2024,0
-5.3332143,-1.202488403,CCCCCCCC/C=C\CCCCCCCC(=O)OCCCCCC(O)C(CCCCOC(=O)CCCCCCC/C=C\CCCCCCCC)CN(C)Cc1cccnc1,JW_2024,JW_2024,0
-5.1706157,-1.226985367,CCCCCCCC/C=C\CCCCCCCC(=O)OCCCCCC(O)C(CCCCOC(=O)CCCCCCC/C=C\CCCCCCCC)CN(C)Cc1cccnc1,JW_2024,JW_2024,0
-7.8353543,-0.410419922,CCCCCCCC/C=C\CCCCCCCC(=O)OCCCCCC(O)C(CCCCOC(=O)CCCCCCC/C=C\CCCCCCCC)CN(C)Cc1cccnc1,JW_2024,JW_2024,0
-5.173241,-1.235151021,CCCCCCCC/C=C\CCCCCCCC(=O)OCCCCCC(O)C(CCCCOC(=O)CCCCCCC/C=C\CCCCCCCC)CN(C)Cc1cccnc1,JW_2024,JW_2024,0
-5.275487,-0.933021807,CCCCCCCC/C=C\CCCCCCCC(=O)OCCCCCC(O)C(CCCCOC(=O)CCCCCCC/C=C\CCCCCCCC)CN(C)Cc1cccnc1,JW_2024,JW_2024,0
-8.477103,-1.006512697,CCCCCCCC/C=C\CCCCCCCC(=O)OCCCCCC(O)C(CCCCOC(=O)CCCCCCC/C=C\CCCCCCCC)CN(C)Cc1cccnc1,JW_2024,JW_2024,0
-6.0198526,-0.647223901,CCCCCCCCCCCCCCCC(=O)OCCCCCC(O)C(CCCCOC(=O)CCCCCCCCCCCCCCC)CN(C)CCCn1cccn1,JW_2024,JW_2024,0
-6.374756,-0.394088613,CCCCCCCCCCCCCCCC(=O)OCCCCCC(O)C(CCCCOC(=O)CCCCCCCCCCCCCCC)CN(C)CCCn1cccn1,JW_2024,JW_2024,0
-8.998138,-0.271603797,CCCCCCCCCCCCCCCC(=O)OCCCCCC(O)C(CCCCOC(=O)CCCCCCCCCCCCCCC)CN(C)CCCn1cccn1,JW_2024,JW_2024,0
-6.1842537,-0.573733011,CCCCCCCCCCCCCCCC(=O)OCCCCCC(O)C(CCCCOC(=O)CCCCCCCCCCCCCCC)CN(C)CCCn1cccn1,JW_2024,JW_2024,0
-6.381438,-0.835033953,CCCCCCCCCCCCCCCC(=O)OCCCCCC(O)C(CCCCOC(=O)CCCCCCCCCCCCCCC)CN(C)CCCn1cccn1,JW_2024,JW_2024,0
-8.522926,-0.010302854,CCCCCCCCCCCCCCCC(=O)OCCCCCC(O)C(CCCCOC(=O)CCCCCCCCCCCCCCC)CN(C)CCCn1cccn1,JW_2024,JW_2024,0
-8.56661,0.651115156,CCCCCCCCCCCCCCCC(=O)OCCCCCC(O)C(CCCCOC(=O)CCCCCCCCCCCCCCC)CN(C)CCCn1cccn1,JW_2024,JW_2024,1
-6.5428452,-0.679886519,CCCCCCCCCCCCCCCC(=O)OCCCCCC(O)C(CCCCOC(=O)CCCCCCCCCCCCCCC)CN(C)CCCn1cccn1,JW_2024,JW_2024,0
-6.481627,0.887919134,CCCCCCCCCCCCCCCC(=O)OCCCCCC(O)C(CCCCOC(=O)CCCCCCCCCCCCCCC)CN(C)CCCn1cccn1,JW_2024,JW_2024,1
-6.5205183,-0.598229974,CCCCCCCCCCCCCCCC(=O)OCCCCCC(O)C(CCCCOC(=O)CCCCCCCCCCCCCCC)CN(C)CCCn1cccn1,JW_2024,JW_2024,0
-8.374356,1.132888768,CCCCCCCCCCCCCCCC(=O)OCCCCCC(O)C(CCCCOC(=O)CCCCCCCCCCCCCCC)CN(C)CCCn1cccn1,JW_2024,JW_2024,1
-6.5226793,-0.22260987,CCCCCCCCCCCCCCCC(=O)OCCCCCC(O)C(CCCCOC(=O)CCCCCCCCCCCCCCC)CN(C)CCCn1cccn1,JW_2024,JW_2024,0
-6.6322618,-0.622726938,CCCCCCCCCCCCCCCC(=O)OCCCCCC(O)C(CCCCOC(=O)CCCCCCCCCCCCCCC)CN(C)CCCn1cccn1,JW_2024,JW_2024,0
-9.115374,-0.214444216,CCCCCCCCCCCCCCCC(=O)OCCCCCC(O)C(CCCCOC(=O)CCCCCCCCCCCCCCC)CN(C)CCCn1cccn1,JW_2024,JW_2024,0
-6.4113293,0.765434318,CCCCCCCCCCCCCCCC(=O)OCCCCCC(O)C(CCCCOC(=O)CCCCCCCCCCCCCCC)CN(C)CCCn1cccn1,JW_2024,JW_2024,1
-5.8089647,-1.014678351,CCCCCCCCCCCCCCCC(=O)OCCCCCC(O)C(CCCCOC(=O)CCCCCCCCCCCCCCC)CN(C)CCCn1cccn1,JW_2024,JW_2024,0
-6.609364,0.030525418,CCCCCCCCCCCCCCCC(=O)OCCCCCC(O)C(CCCCOC(=O)CCCCCCCCCCCCCCC)CN(C)CCCn1cccn1,JW_2024,JW_2024,1
-6.2081313,0.046856727,CCCCCCCCCCCCCCCC(=O)OCCCCCC(O)C(CCCCOC(=O)CCCCCCCCCCCCCCC)CN(C)CCCn1cccn1,JW_2024,JW_2024,1
-9.273785,1.165551386,CCCCCCCCCCCCCCCC(=O)OCCCCCC(O)C(CCCCOC(=O)CCCCCCCCCCCCCCC)CN(C)CCCn1cccn1,JW_2024,JW_2024,1
-7.4845295,0.969575679,CCCCCCCCCCCCCCCC(=O)OCCCCCC(O)C(CCCCOC(=O)CCCCCCCCCCCCCCC)CN(C)CCCn1cccn1,JW_2024,JW_2024,1
-8.099409,1.386024055,CCCCCCCCCCCCCCCC(=O)OCCCCCC(O)C(CCCCOC(=O)CCCCCCCCCCCCCCC)CN(C)CCCn1cccn1,JW_2024,JW_2024,2
-6.4227057,1.02673526,CCCCCCCCCCCCCCCC(=O)OCCCCCC(O)C(CCCCOC(=O)CCCCCCCCCCCCCCC)CN(C)CCCn1cccn1,JW_2024,JW_2024,1
-6.0656285,-0.198112907,CCCCCCCCCCCCCCCC(=O)OCCCCCC(O)C(CCCCOC(=O)CCCCCCCCCCCCCCC)CN(C)CCCn1cccn1,JW_2024,JW_2024,0
-8.581081,1.39418971,CCCCCCCCCCCCCCCC(=O)OCCCCCC(O)C(CCCCOC(=O)CCCCCCCCCCCCCCC)CN(C)CCCn1cccn1,JW_2024,JW_2024,2
-4.5086427,-0.361425995,CCCCCCCC/C=C\CCCCCCCC(=O)OCCCCCC(O)C(CCCCOC(=O)CCCCCCC/C=C\CCCCCCCC)CN(C)CCCn1cccn1,JW_2024,JW_2024,0
-4.574051,0.07135369,CCCCCCCC/C=C\CCCCCCCC(=O)OCCCCCC(O)C(CCCCOC(=O)CCCCCCC/C=C\CCCCCCCC)CN(C)CCCn1cccn1,JW_2024,JW_2024,1
-7.3985143,0.740937354,CCCCCCCC/C=C\CCCCCCCC(=O)OCCCCCC(O)C(CCCCOC(=O)CCCCCCC/C=C\CCCCCCCC)CN(C)CCCn1cccn1,JW_2024,JW_2024,1
-3.926886,-0.361425995,CCCCCCCC/C=C\CCCCCCCC(=O)OCCCCCC(O)C(CCCCOC(=O)CCCCCCC/C=C\CCCCCCCC)CN(C)CCCn1cccn1,JW_2024,JW_2024,0
-3.9298873,0.030525418,CCCCCCCC/C=C\CCCCCCCC(=O)OCCCCCC(O)C(CCCCOC(=O)CCCCCCC/C=C\CCCCCCCC)CN(C)CCCn1cccn1,JW_2024,JW_2024,1
-7.181196,-0.36959165,CCCCCCCC/C=C\CCCCCCCC(=O)OCCCCCC(O)C(CCCCOC(=O)CCCCCCC/C=C\CCCCCCCC)CN(C)CCCn1cccn1,JW_2024,JW_2024,0
-6.446643,0.422476831,CCCCCCCC/C=C\CCCCCCCC(=O)OCCCCCC(O)C(CCCCOC(=O)CCCCCCC/C=C\CCCCCCCC)CN(C)CCCn1cccn1,JW_2024,JW_2024,1
-4.6893873,-0.459413849,CCCCCCCC/C=C\CCCCCCCC(=O)OCCCCCC(O)C(CCCCOC(=O)CCCCCCC/C=C\CCCCCCCC)CN(C)CCCn1cccn1,JW_2024,JW_2024,0
-4.7110915,0.544961648,CCCCCCCC/C=C\CCCCCCCC(=O)OCCCCCC(O)C(CCCCOC(=O)CCCCCCC/C=C\CCCCCCCC)CN(C)CCCn1cccn1,JW_2024,JW_2024,1
-4.679216,-0.263438142,CCCCCCCC/C=C\CCCCCCCC(=O)OCCCCCC(O)C(CCCCOC(=O)CCCCCCC/C=C\CCCCCCCC)CN(C)CCCn1cccn1,JW_2024,JW_2024,0
-6.583826,0.904250443,CCCCCCCC/C=C\CCCCCCCC(=O)OCCCCCC(O)C(CCCCOC(=O)CCCCCCC/C=C\CCCCCCCC)CN(C)CCCn1cccn1,JW_2024,JW_2024,1
-4.608292,0.389814213,CCCCCCCC/C=C\CCCCCCCC(=O)OCCCCCC(O)C(CCCCOC(=O)CCCCCCC/C=C\CCCCCCCC)CN(C)CCCn1cccn1,JW_2024,JW_2024,1
-4.782531,-1.145328822,CCCCCCCC/C=C\CCCCCCCC(=O)OCCCCCC(O)C(CCCCOC(=O)CCCCCCC/C=C\CCCCCCCC)CN(C)CCCn1cccn1,JW_2024,JW_2024,0
-7.512575,0.822593899,CCCCCCCC/C=C\CCCCCCCC(=O)OCCCCCC(O)C(CCCCOC(=O)CCCCCCC/C=C\CCCCCCCC)CN(C)CCCn1cccn1,JW_2024,JW_2024,1
-4.0574026,0.022359763,CCCCCCCC/C=C\CCCCCCCC(=O)OCCCCCC(O)C(CCCCOC(=O)CCCCCCC/C=C\CCCCCCCC)CN(C)CCCn1cccn1,JW_2024,JW_2024,0
-4.828991,0.7327717,CCCCCCCC/C=C\CCCCCCCC(=O)OCCCCCC(O)C(CCCCOC(=O)CCCCCCC/C=C\CCCCCCCC)CN(C)CCCn1cccn1,JW_2024,JW_2024,1
-3.5899906,0.936913061,CCCCCCCC/C=C\CCCCCCCC(=O)OCCCCCC(O)C(CCCCOC(=O)CCCCCCC/C=C\CCCCCCCC)CN(C)CCCn1cccn1,JW_2024,JW_2024,1
-7.6801224,0.487802067,CCCCCCCC/C=C\CCCCCCCC(=O)OCCCCCC(O)C(CCCCOC(=O)CCCCCCC/C=C\CCCCCCCC)CN(C)CCCn1cccn1,JW_2024,JW_2024,1
-5.187819,-1.978225575,CCCCC/C=C\C/C=C\CCCCCCCC(=O)OCCCCCC(O)C(CCCCOC(=O)CCCCCCC/C=C\C/C=C\CCCCC)CN(C)Cc1cccnc1,JW_2024,JW_2024,0
-5.038116,-1.414795419,CCCCC/C=C\C/C=C\CCCCCCCC(=O)OCCCCCC(O)C(CCCCOC(=O)CCCCCCC/C=C\C/C=C\CCCCC)CN(C)Cc1cccnc1,JW_2024,JW_2024,0
-8.07078,-1.349470183,CCCCC/C=C\C/C=C\CCCCCCCC(=O)OCCCCCC(O)C(CCCCOC(=O)CCCCCCC/C=C\C/C=C\CCCCC)CN(C)Cc1cccnc1,JW_2024,JW_2024,0
-4.771038,-1.471955,CCCCC/C=C\C/C=C\CCCCCCCC(=O)OCCCCCC(O)C(CCCCOC(=O)CCCCCCC/C=C\C/C=C\CCCCC)CN(C)Cc1cccnc1,JW_2024,JW_2024,0
-4.6541934,-1.667930707,CCCCC/C=C\C/C=C\CCCCCCCC(=O)OCCCCCC(O)C(CCCCOC(=O)CCCCCCC/C=C\C/C=C\CCCCC)CN(C)Cc1cccnc1,JW_2024,JW_2024,0
-8.028743,-1.439292382,CCCCC/C=C\C/C=C\CCCCCCCC(=O)OCCCCCC(O)C(CCCCOC(=O)CCCCCCC/C=C\C/C=C\CCCCC)CN(C)Cc1cccnc1,JW_2024,JW_2024,0
-7.0532303,-1.610771125,CCCCC/C=C\C/C=C\CCCCCCCC(=O)OCCCCCC(O)C(CCCCOC(=O)CCCCCCC/C=C\C/C=C\CCCCC)CN(C)Cc1cccnc1,JW_2024,JW_2024,0
-5.42163,-2.125207355,CCCCC/C=C\C/C=C\CCCCCCCC(=O)OCCCCCC(O)C(CCCCOC(=O)CCCCCCC/C=C\C/C=C\CCCCC)CN(C)Cc1cccnc1,JW_2024,JW_2024,0
-5.5569124,-0.859530917,CCCCC/C=C\C/C=C\CCCCCCCC(=O)OCCCCCC(O)C(CCCCOC(=O)CCCCCCC/C=C\C/C=C\CCCCC)CN(C)Cc1cccnc1,JW_2024,JW_2024,0
-5.243807,-1.153494477,CCCCC/C=C\C/C=C\CCCCCCCC(=O)OCCCCCC(O)C(CCCCOC(=O)CCCCCCC/C=C\C/C=C\CCCCC)CN(C)Cc1cccnc1,JW_2024,JW_2024,0
-7.551096,-0.777874372,CCCCC/C=C\C/C=C\CCCCCCCC(=O)OCCCCCC(O)C(CCCCOC(=O)CCCCCCC/C=C\C/C=C\CCCCC)CN(C)Cc1cccnc1,JW_2024,JW_2024,0
-5.1940117,-1.406629764,CCCCC/C=C\C/C=C\CCCCCCCC(=O)OCCCCCC(O)C(CCCCOC(=O)CCCCCCC/C=C\C/C=C\CCCCC)CN(C)Cc1cccnc1,JW_2024,JW_2024,0
-5.269399,-1.904734685,CCCCC/C=C\C/C=C\CCCCCCCC(=O)OCCCCCC(O)C(CCCCOC(=O)CCCCCCC/C=C\C/C=C\CCCCC)CN(C)Cc1cccnc1,JW_2024,JW_2024,0
-8.124846,-1.316807565,CCCCC/C=C\C/C=C\CCCCCCCC(=O)OCCCCCC(O)C(CCCCOC(=O)CCCCCCC/C=C\C/C=C\CCCCC)CN(C)Cc1cccnc1,JW_2024,JW_2024,0
-5.1347284,-0.492076467,CCCCC/C=C\C/C=C\CCCCCCCC(=O)OCCCCCC(O)C(CCCCOC(=O)CCCCCCC/C=C\C/C=C\CCCCC)CN(C)Cc1cccnc1,JW_2024,JW_2024,0
-7.269931,0.095850653,CCCCC/C=C\C/C=C\CCCCCCCC(=O)OCCCCCC(O)C(CCCCOC(=O)CCCCCCC/C=C\C/C=C\CCCCC)CN(C)Cc1cccnc1,JW_2024,JW_2024,1
-3.3622737,-1.439292382,CCCCCCCC/C=C\CCCCCCCC(=O)OCCCCCC(O)C(CCCCOC(=O)CCCCCCC/C=C\CCCCCCCC)CN1CCN(c2cccnc2)CC1,JW_2024,JW_2024,0
-4.7326236,-1.921065994,CCCCCCCC/C=C\CCCCCCCC(=O)OCCCCCC(O)C(CCCCOC(=O)CCCCCCC/C=C\CCCCCCCC)CN1CCN(c2cccnc2)CC1,JW_2024,JW_2024,0
-7.6991563,-0.924856152,CCCCCCCC/C=C\CCCCCCCC(=O)OCCCCCC(O)C(CCCCOC(=O)CCCCCCC/C=C\CCCCCCCC)CN1CCN(c2cccnc2)CC1,JW_2024,JW_2024,0
-3.6537855,-1.357635838,CCCCCCCC/C=C\CCCCCCCC(=O)OCCCCCC(O)C(CCCCOC(=O)CCCCCCC/C=C\CCCCCCCC)CN1CCN(c2cccnc2)CC1,JW_2024,JW_2024,0
-3.6818926,-1.700593324,CCCCCCCC/C=C\CCCCCCCC(=O)OCCCCCC(O)C(CCCCOC(=O)CCCCCCC/C=C\CCCCCCCC)CN1CCN(c2cccnc2)CC1,JW_2024,JW_2024,0
-7.377855,-2.100710392,CCCCCCCC/C=C\CCCCCCCC(=O)OCCCCCC(O)C(CCCCOC(=O)CCCCCCC/C=C\CCCCCCCC)CN1CCN(c2cccnc2)CC1,JW_2024,JW_2024,0
-6.376071,-1.431126728,CCCCCCCC/C=C\CCCCCCCC(=O)OCCCCCC(O)C(CCCCOC(=O)CCCCCCC/C=C\CCCCCCCC)CN1CCN(c2cccnc2)CC1,JW_2024,JW_2024,0
-4.9956703,-2.811122329,CCCCCCCC/C=C\CCCCCCCC(=O)OCCCCCC(O)C(CCCCOC(=O)CCCCCCC/C=C\CCCCCCCC)CN1CCN(c2cccnc2)CC1,JW_2024,JW_2024,0
-5.1964726,-0.900359189,CCCCCCCC/C=C\CCCCCCCC(=O)OCCCCCC(O)C(CCCCOC(=O)CCCCCCC/C=C\CCCCCCCC)CN1CCN(c2cccnc2)CC1,JW_2024,JW_2024,0
-4.8681464,-1.414795419,CCCCCCCC/C=C\CCCCCCCC(=O)OCCCCCC(O)C(CCCCOC(=O)CCCCCCC/C=C\CCCCCCCC)CN1CCN(c2cccnc2)CC1,JW_2024,JW_2024,0
-7.4717,-0.44308254,CCCCCCCC/C=C\CCCCCCCC(=O)OCCCCCC(O)C(CCCCOC(=O)CCCCCCC/C=C\CCCCCCCC)CN1CCN(c2cccnc2)CC1,JW_2024,JW_2024,0
-4.944741,-1.431126728,CCCCCCCC/C=C\CCCCCCCC(=O)OCCCCCC(O)C(CCCCOC(=O)CCCCCCC/C=C\CCCCCCCC)CN1CCN(c2cccnc2)CC1,JW_2024,JW_2024,0
-4.9406023,-1.757752905,CCCCCCCC/C=C\CCCCCCCC(=O)OCCCCCC(O)C(CCCCOC(=O)CCCCCCC/C=C\CCCCCCCC)CN1CCN(c2cccnc2)CC1,JW_2024,JW_2024,0
-7.838716,-1.439292382,CCCCCCCC/C=C\CCCCCCCC(=O)OCCCCCC(O)C(CCCCOC(=O)CCCCCCC/C=C\CCCCCCCC)CN1CCN(c2cccnc2)CC1,JW_2024,JW_2024,0
-3.4304636,-0.467579503,CCCCCCCCCCCCCCCC(=O)OCCCCCC(O)C(CCCCOC(=O)CCCCCCCCCCCCCCC)CN1CCN(C)CC1,JW_2024,JW_2024,0
-3.4307253,-0.181781598,CCCCCCCCCCCCCCCC(=O)OCCCCCC(O)C(CCCCOC(=O)CCCCCCCCCCCCCCC)CN1CCN(C)CC1,JW_2024,JW_2024,0
-6.6037445,-0.312432069,CCCCCCCCCCCCCCCC(=O)OCCCCCC(O)C(CCCCOC(=O)CCCCCCCCCCCCCCC)CN1CCN(C)CC1,JW_2024,JW_2024,0
-2.8042157,-0.059296781,CCCCCCCCCCCCCCCC(=O)OCCCCCC(O)C(CCCCOC(=O)CCCCCCCCCCCCCCC)CN1CCN(C)CC1,JW_2024,JW_2024,0
-4.367202,-0.851365262,CCCCCCCCCCCCCCCC(=O)OCCCCCC(O)C(CCCCOC(=O)CCCCCCCCCCCCCCC)CN1CCN(C)CC1,JW_2024,JW_2024,0
-5.9102125,-0.328763378,CCCCCCCCCCCCCCCC(=O)OCCCCCC(O)C(CCCCOC(=O)CCCCCCCCCCCCCCC)CN1CCN(C)CC1,JW_2024,JW_2024,0
-6.2141647,0.022359763,CCCCCCCCCCCCCCCC(=O)OCCCCCC(O)C(CCCCOC(=O)CCCCCCCCCCCCCCC)CN1CCN(C)CC1,JW_2024,JW_2024,0
-4.0227766,0.046856727,CCCCCCCCCCCCCCCC(=O)OCCCCCC(O)C(CCCCOC(=O)CCCCCCCCCCCCCCC)CN1CCN(C)CC1,JW_2024,JW_2024,1
-3.746139,0.871587826,CCCCCCCCCCCCCCCC(=O)OCCCCCC(O)C(CCCCOC(=O)CCCCCCCCCCCCCCC)CN1CCN(C)CC1,JW_2024,JW_2024,1
-3.7273386,-0.679886519,CCCCCCCCCCCCCCCC(=O)OCCCCCC(O)C(CCCCOC(=O)CCCCCCCCCCCCCCC)CN1CCN(C)CC1,JW_2024,JW_2024,0
-6.0261993,-0.100125053,CCCCCCCCCCCCCCCC(=O)OCCCCCC(O)C(CCCCOC(=O)CCCCCCCCCCCCCCC)CN1CCN(C)CC1,JW_2024,JW_2024,0
-3.752823,-0.018468509,CCCCCCCCCCCCCCCC(=O)OCCCCCC(O)C(CCCCOC(=O)CCCCCCCCCCCCCCC)CN1CCN(C)CC1,JW_2024,JW_2024,0
-3.8163612,-0.581898665,CCCCCCCCCCCCCCCC(=O)OCCCCCC(O)C(CCCCOC(=O)CCCCCCCCCCCCCCC)CN1CCN(C)CC1,JW_2024,JW_2024,0
-6.485682,-0.198112907,CCCCCCCCCCCCCCCC(=O)OCCCCCC(O)C(CCCCOC(=O)CCCCCCCCCCCCCCC)CN1CCN(C)CC1,JW_2024,JW_2024,0
-3.8137355,0.038691072,CCCCCCCCCCCCCCCC(=O)OCCCCCC(O)C(CCCCOC(=O)CCCCCCCCCCCCCCC)CN1CCN(C)CC1,JW_2024,JW_2024,1
-3.8765986,0.569458611,CCCCCCCCCCCCCCCC(=O)OCCCCCC(O)C(CCCCOC(=O)CCCCCCCCCCCCCCC)CN1CCN(C)CC1,JW_2024,JW_2024,1
-4.1802735,0.495967721,CCCCCCCCCCCCCCCC(=O)OCCCCCC(O)C(CCCCOC(=O)CCCCCCCCCCCCCCC)CN1CCN(C)CC1,JW_2024,JW_2024,1
-6.7491403,0.716440391,CCCCCCCCCCCCCCCC(=O)OCCCCCC(O)C(CCCCOC(=O)CCCCCCCCCCCCCCC)CN1CCN(C)CC1,JW_2024,JW_2024,1
-4.67775,0.683777773,CCCCCCCCCCCCCCCC(=O)OCCCCCC(O)C(CCCCOC(=O)CCCCCCCCCCCCCCC)CN1CCN(C)CC1,JW_2024,JW_2024,1
-5.48042,0.95324437,CCCCCCCCCCCCCCCC(=O)OCCCCCC(O)C(CCCCOC(=O)CCCCCCCCCCCCCCC)CN1CCN(C)CC1,JW_2024,JW_2024,1
-3.9996977,1.116557459,CCCCCCCCCCCCCCCC(=O)OCCCCCC(O)C(CCCCOC(=O)CCCCCCCCCCCCCCC)CN1CCN(C)CC1,JW_2024,JW_2024,1
-3.6432352,0.838925208,CCCCCCCCCCCCCCCC(=O)OCCCCCC(O)C(CCCCOC(=O)CCCCCCCCCCCCCCC)CN1CCN(C)CC1,JW_2024,JW_2024,1
-6.697385,1.549337144,CCCCCCCCCCCCCCCC(=O)OCCCCCC(O)C(CCCCOC(=O)CCCCCCCCCCCCCCC)CN1CCN(C)CC1,JW_2024,JW_2024,2
-2.0044706,-0.116456362,CCCCCCCC/C=C\CCCCCCCC(=O)OCCCCCC(O)C(CCCCOC(=O)CCCCCCC/C=C\CCCCCCCC)CNCCCN(CCO)CCO,JW_2024,JW_2024,0
-2.7071717,-0.524739084,CCCCCCCC/C=C\CCCCCCCC(=O)OCCCCCC(O)C(CCCCOC(=O)CCCCCCC/C=C\CCCCCCCC)CNCCCN(CCO)CCO,JW_2024,JW_2024,0
-5.5890512,-0.51657343,CCCCCCCC/C=C\CCCCCCCC(=O)OCCCCCC(O)C(CCCCOC(=O)CCCCCCC/C=C\CCCCCCCC)CNCCCN(CCO)CCO,JW_2024,JW_2024,0
-2.4971542,0.618452538,CCCCCCCC/C=C\CCCCCCCC(=O)OCCCCCC(O)C(CCCCOC(=O)CCCCCCC/C=C\CCCCCCCC)CNCCCN(CCO)CCO,JW_2024,JW_2024,1
-5.1842976,0.446973794,CCCCCCCC/C=C\CCCCCCCC(=O)OCCCCCC(O)C(CCCCOC(=O)CCCCCCC/C=C\CCCCCCCC)CNCCCN(CCO)CCO,JW_2024,JW_2024,1
-2.3791256,-0.753377409,CCCCCCCC/C=C\CCCCCCCC(=O)OCCCCCC(O)C(CCCCOC(=O)CCCCCCC/C=C\CCCCCCCC)CNCCCN(CCO)CCO,JW_2024,JW_2024,0
-2.8541963,1.043066569,CCCCCCCC/C=C\CCCCCCCC(=O)OCCCCCC(O)C(CCCCOC(=O)CCCCCCC/C=C\CCCCCCCC)CNCCCN(CCO)CCO,JW_2024,JW_2024,1
-2.1610448,0.961410024,CCCCCCCC/C=C\CCCCCCCC(=O)OCCCCCC(O)C(CCCCOC(=O)CCCCCCC/C=C\CCCCCCCC)CNCCCN(CCO)CCO,JW_2024,JW_2024,1
-5.406011,0.87975348,CCCCCCCC/C=C\CCCCCCCC(=O)OCCCCCC(O)C(CCCCOC(=O)CCCCCCC/C=C\CCCCCCCC)CNCCCN(CCO)CCO,JW_2024,JW_2024,1
-2.1951158,0.177507198,CCCCCCCC/C=C\CCCCCCCC(=O)OCCCCCC(O)C(CCCCOC(=O)CCCCCCC/C=C\CCCCCCCC)CNCCCN(CCO)CCO,JW_2024,JW_2024,1
-2.293407,0.414311177,CCCCCCCC/C=C\CCCCCCCC(=O)OCCCCCC(O)C(CCCCOC(=O)CCCCCCC/C=C\CCCCCCCC)CNCCCN(CCO)CCO,JW_2024,JW_2024,1
-5.489965,1.17371704,CCCCCCCC/C=C\CCCCCCCC(=O)OCCCCCC(O)C(CCCCOC(=O)CCCCCCC/C=C\CCCCCCCC)CNCCCN(CCO)CCO,JW_2024,JW_2024,1
-2.3726957,1.018569606,CCCCCCCC/C=C\CCCCCCCC(=O)OCCCCCC(O)C(CCCCOC(=O)CCCCCCC/C=C\CCCCCCCC)CNCCCN(CCO)CCO,JW_2024,JW_2024,1
-3.0637293,-0.614561283,CCCCCCCC/C=C\CCCCCCCC(=O)OCCCCCC(O)C(CCCCOC(=O)CCCCCCC/C=C\CCCCCCCC)CNCCCN(CCO)CCO,JW_2024,JW_2024,0
-5.786024,0.936913061,CCCCCCCC/C=C\CCCCCCCC(=O)OCCCCCC(O)C(CCCCOC(=O)CCCCCCC/C=C\CCCCCCCC)CNCCCN(CCO)CCO,JW_2024,JW_2024,1
-5.822402,-1.561777199,CCCCCCCCCCCCCCCC(=O)OCCCCCC(O)C(CCCCOC(=O)CCCCCCCCCCCCCCC)CN(C)Cc1cccnc1,JW_2024,JW_2024,0
-6.034611,-1.186157094,CCCCCCCCCCCCCCCC(=O)OCCCCCC(O)C(CCCCOC(=O)CCCCCCCCCCCCCCC)CN(C)Cc1cccnc1,JW_2024,JW_2024,0
-9.025882,-0.124622017,CCCCCCCCCCCCCCCC(=O)OCCCCCC(O)C(CCCCOC(=O)CCCCCCCCCCCCCCC)CN(C)Cc1cccnc1,JW_2024,JW_2024,0
-6.061528,-1.831243795,CCCCCCCCCCCCCCCC(=O)OCCCCCC(O)C(CCCCOC(=O)CCCCCCCCCCCCCCC)CN(C)Cc1cccnc1,JW_2024,JW_2024,0
-5.6097164,-2.100710392,CCCCCCCCCCCCCCCC(=O)OCCCCCC(O)C(CCCCOC(=O)CCCCCCCCCCCCCCC)CN(C)Cc1cccnc1,JW_2024,JW_2024,0
-8.289458,-2.737631439,CCCCCCCCCCCCCCCC(=O)OCCCCCC(O)C(CCCCOC(=O)CCCCCCCCCCCCCCC)CN(C)Cc1cccnc1,JW_2024,JW_2024,0
-8.256074,-1.512783272,CCCCCCCCCCCCCCCC(=O)OCCCCCC(O)C(CCCCOC(=O)CCCCCCCCCCCCCCC)CN(C)Cc1cccnc1,JW_2024,JW_2024,0
-6.037909,-2.42733657,CCCCCCCCCCCCCCCC(=O)OCCCCCC(O)C(CCCCOC(=O)CCCCCCCCCCCCCCC)CN(C)Cc1cccnc1,JW_2024,JW_2024,0
-6.239337,-1.194322749,CCCCCCCCCCCCCCCC(=O)OCCCCCC(O)C(CCCCOC(=O)CCCCCCCCCCCCCCC)CN(C)Cc1cccnc1,JW_2024,JW_2024,0
-6.084422,-1.275979293,CCCCCCCCCCCCCCCC(=O)OCCCCCC(O)C(CCCCOC(=O)CCCCCCCCCCCCCCC)CN(C)Cc1cccnc1,JW_2024,JW_2024,0
-8.441663,-0.189947252,CCCCCCCCCCCCCCCC(=O)OCCCCCC(O)C(CCCCOC(=O)CCCCCCCCCCCCCCC)CN(C)Cc1cccnc1,JW_2024,JW_2024,0
-5.9939938,-1.602605471,CCCCCCCCCCCCCCCC(=O)OCCCCCC(O)C(CCCCOC(=O)CCCCCCCCCCCCCCC)CN(C)Cc1cccnc1,JW_2024,JW_2024,0
-6.0902715,-1.896569031,CCCCCCCCCCCCCCCC(=O)OCCCCCC(O)C(CCCCOC(=O)CCCCCCCCCCCCCCC)CN(C)Cc1cccnc1,JW_2024,JW_2024,0
-9.26596,-1.700593324,CCCCCCCCCCCCCCCC(=O)OCCCCCC(O)C(CCCCOC(=O)CCCCCCCCCCCCCCC)CN(C)Cc1cccnc1,JW_2024,JW_2024,0
-3.8523242,-0.206278561,CCCCC/C=C\C/C=C\CCCCCCCC(=O)OCCCCCC(O)C(CCCCOC(=O)CCCCCCC/C=C\C/C=C\CCCCC)CN1CCN(C)CC1,JW_2024,JW_2024,0
-3.2745886,-0.353260341,CCCCC/C=C\C/C=C\CCCCCCCC(=O)OCCCCCC(O)C(CCCCOC(=O)CCCCCCC/C=C\C/C=C\CCCCC)CN1CCN(C)CC1,JW_2024,JW_2024,0
-6.2138815,0.397979868,CCCCC/C=C\C/C=C\CCCCCCCC(=O)OCCCCCC(O)C(CCCCOC(=O)CCCCCCC/C=C\C/C=C\CCCCC)CN1CCN(C)CC1,JW_2024,JW_2024,1
-2.9599166,0.250998088,CCCCC/C=C\C/C=C\CCCCCCCC(=O)OCCCCCC(O)C(CCCCOC(=O)CCCCCCC/C=C\C/C=C\CCCCC)CN1CCN(C)CC1,JW_2024,JW_2024,1
-3.6953406,-0.336929032,CCCCC/C=C\C/C=C\CCCCCCCC(=O)OCCCCCC(O)C(CCCCOC(=O)CCCCCCC/C=C\C/C=C\CCCCC)CN1CCN(C)CC1,JW_2024,JW_2024,0
-6.368995,-0.173615943,CCCCC/C=C\C/C=C\CCCCCCCC(=O)OCCCCCC(O)C(CCCCOC(=O)CCCCCCC/C=C\C/C=C\CCCCC)CN1CCN(C)CC1,JW_2024,JW_2024,0
-5.093341,0.079519344,CCCCC/C=C\C/C=C\CCCCCCCC(=O)OCCCCCC(O)C(CCCCOC(=O)CCCCCCC/C=C\C/C=C\CCCCC)CN1CCN(C)CC1,JW_2024,JW_2024,1
-4.316545,-0.892193534,CCCCC/C=C\C/C=C\CCCCCCCC(=O)OCCCCCC(O)C(CCCCOC(=O)CCCCCCC/C=C\C/C=C\CCCCC)CN1CCN(C)CC1,JW_2024,JW_2024,0
-3.9825983,1.02673526,CCCCC/C=C\C/C=C\CCCCCCCC(=O)OCCCCCC(O)C(CCCCOC(=O)CCCCCCC/C=C\C/C=C\CCCCC)CN1CCN(C)CC1,JW_2024,JW_2024,1
-4.0026727,-0.320597723,CCCCC/C=C\C/C=C\CCCCCCCC(=O)OCCCCCC(O)C(CCCCOC(=O)CCCCCCC/C=C\C/C=C\CCCCC)CN1CCN(C)CC1,JW_2024,JW_2024,0
-5.9328904,1.304367511,CCCCC/C=C\C/C=C\CCCCCCCC(=O)OCCCCCC(O)C(CCCCOC(=O)CCCCCCC/C=C\C/C=C\CCCCC)CN1CCN(C)CC1,JW_2024,JW_2024,1
-3.9385467,0.169341543,CCCCC/C=C\C/C=C\CCCCCCCC(=O)OCCCCCC(O)C(CCCCOC(=O)CCCCCCC/C=C\C/C=C\CCCCC)CN1CCN(C)CC1,JW_2024,JW_2024,1
-3.953714,-1.700593324,CCCCC/C=C\C/C=C\CCCCCCCC(=O)OCCCCCC(O)C(CCCCOC(=O)CCCCCCC/C=C\C/C=C\CCCCC)CN1CCN(C)CC1,JW_2024,JW_2024,0
-6.2643847,-0.753377409,CCCCC/C=C\C/C=C\CCCCCCCC(=O)OCCCCCC(O)C(CCCCOC(=O)CCCCCCC/C=C\C/C=C\CCCCC)CN1CCN(C)CC1,JW_2024,JW_2024,0
-4.5391145,0.536795993,CCCCC/C=C\C/C=C\CCCCCCCC(=O)OCCCCCC(O)C(CCCCOC(=O)CCCCCCC/C=C\C/C=C\CCCCC)CN1CCN(C)CC1,JW_2024,JW_2024,1
-3.5439236,0.389814213,CCCCC/C=C\C/C=C\CCCCCCCC(=O)OCCCCCC(O)C(CCCCOC(=O)CCCCCCC/C=C\C/C=C\CCCCC)CN1CCN(C)CC1,JW_2024,JW_2024,1
-6.706934,0.977741333,CCCCC/C=C\C/C=C\CCCCCCCC(=O)OCCCCCC(O)C(CCCCOC(=O)CCCCCCC/C=C\C/C=C\CCCCC)CN1CCN(C)CC1,JW_2024,JW_2024,1
-4.8868923,1.010403951,CCCCC/C=C\C/C=C\CCCCCCCC(=O)OCCCCCC(O)C(CCCCOC(=O)CCCCCCC/C=C\C/C=C\CCCCC)CN1CCN(C)CC1,JW_2024,JW_2024,1
-5.673028,1.590165417,CCCCC/C=C\C/C=C\CCCCCCCC(=O)OCCCCCC(O)C(CCCCOC(=O)CCCCCCC/C=C\C/C=C\CCCCC)CN1CCN(C)CC1,JW_2024,JW_2024,2
-2.7398264,1.198214003,CCCCC/C=C\C/C=C\CCCCCCCC(=O)OCCCCCC(O)C(CCCCOC(=O)CCCCCCC/C=C\C/C=C\CCCCC)CN1CCN(C)CC1,JW_2024,JW_2024,1
-3.9499152,-0.467579503,CCCCC/C=C\C/C=C\CCCCCCCC(=O)OCCCCCC(O)C(CCCCOC(=O)CCCCCCC/C=C\C/C=C\CCCCC)CN1CCN(C)CC1,JW_2024,JW_2024,0
-5.905194,1.500343218,CCCCC/C=C\C/C=C\CCCCCCCC(=O)OCCCCCC(O)C(CCCCOC(=O)CCCCCCC/C=C\C/C=C\CCCCC)CN1CCN(C)CC1,JW_2024,JW_2024,2
-4.8879313,-1.471955,CCCCCCCCCCCCCCCC(=O)OCCCCCC(O)C(CCCCOC(=O)CCCCCCCCCCCCCCC)CN1CCN(c2cccnc2)CC1,JW_2024,JW_2024,0
-5.4793534,-1.080003587,CCCCCCCCCCCCCCCC(=O)OCCCCCC(O)C(CCCCOC(=O)CCCCCCCCCCCCCCC)CN1CCN(c2cccnc2)CC1,JW_2024,JW_2024,0
-8.1924,-0.336929032,CCCCCCCCCCCCCCCC(=O)OCCCCCC(O)C(CCCCOC(=O)CCCCCCCCCCCCCCC)CN1CCN(c2cccnc2)CC1,JW_2024,JW_2024,0
-4.580665,-0.614561283,CCCCCCCCCCCCCCCC(=O)OCCCCCC(O)C(CCCCOC(=O)CCCCCCCCCCCCCCC)CN1CCN(c2cccnc2)CC1,JW_2024,JW_2024,0
-4.449742,-2.166035628,CCCCCCCCCCCCCCCC(=O)OCCCCCC(O)C(CCCCOC(=O)CCCCCCCCCCCCCCC)CN1CCN(c2cccnc2)CC1,JW_2024,JW_2024,0
-7.2764544,-2.182366936,CCCCCCCCCCCCCCCC(=O)OCCCCCC(O)C(CCCCOC(=O)CCCCCCCCCCCCCCC)CN1CCN(c2cccnc2)CC1,JW_2024,JW_2024,0
-7.0241256,-1.235151021,CCCCCCCCCCCCCCCC(=O)OCCCCCC(O)C(CCCCOC(=O)CCCCCCCCCCCCCCC)CN1CCN(c2cccnc2)CC1,JW_2024,JW_2024,0
-5.4243865,-2.027219502,CCCCCCCCCCCCCCCC(=O)OCCCCCC(O)C(CCCCOC(=O)CCCCCCCCCCCCCCC)CN1CCN(c2cccnc2)CC1,JW_2024,JW_2024,0
-5.729705,-1.088169241,CCCCCCCCCCCCCCCC(=O)OCCCCCC(O)C(CCCCOC(=O)CCCCCCCCCCCCCCC)CN1CCN(c2cccnc2)CC1,JW_2024,JW_2024,0
-5.249318,-1.496451963,CCCCCCCCCCCCCCCC(=O)OCCCCCC(O)C(CCCCOC(=O)CCCCCCCCCCCCCCC)CN1CCN(c2cccnc2)CC1,JW_2024,JW_2024,0
-7.475907,-0.59006432,CCCCCCCCCCCCCCCC(=O)OCCCCCC(O)C(CCCCOC(=O)CCCCCCCCCCCCCCC)CN1CCN(c2cccnc2)CC1,JW_2024,JW_2024,0
-5.3265305,-1.61893678,CCCCCCCCCCCCCCCC(=O)OCCCCCC(O)C(CCCCOC(=O)CCCCCCCCCCCCCCC)CN1CCN(c2cccnc2)CC1,JW_2024,JW_2024,0
-5.2952714,-2.255857826,CCCCCCCCCCCCCCCC(=O)OCCCCCC(O)C(CCCCOC(=O)CCCCCCCCCCCCCCC)CN1CCN(c2cccnc2)CC1,JW_2024,JW_2024,0
-8.137735,-1.422961073,CCCCCCCCCCCCCCCC(=O)OCCCCCC(O)C(CCCCOC(=O)CCCCCCCCCCCCCCC)CN1CCN(c2cccnc2)CC1,JW_2024,JW_2024,0
-5.759597,0.39822508,CCCCCCCCCOC(=O)CCCCCCCN(CCO)CCCCCCCC(=O)OC(CCCCCCCC)CCCCCCCC,JW_2024,JW_2024,1
-2.7042804,-0.768331584,CCCCCCCCCOC(=O)CCCCCCCN(CCO)CCCCCCCC(=O)OC(CCCCCCCC)CCCCCCCC,JW_2024,JW_2024,0
-3.2512593,1.28267327,CCCCCCCCCOC(=O)CCCCCCCN(CCO)CCCCCCCC(=O)OC(CCCCCCCC)CCCCCCCC,JW_2024,JW_2024,1
-2.4412322,0.733705428,CCCCCCCCCOC(=O)CCCCCCCN(CCO)CCCCCCCC(=O)OC(CCCCCCCC)CCCCCCCC,JW_2024,JW_2024,1
-5.5613775,1.679150045,CCCCCCCCCOC(=O)CCCCCCCN(CCO)CCCCCCCC(=O)OC(CCCCCCCC)CCCCCCCC,JW_2024,JW_2024,2
-2.565955,0.42109874,CCCCCCCCCOC(=O)CCCCCCCN(CCO)CCCCCCCC(=O)OC(CCCCCCCC)CCCCCCCC,JW_2024,JW_2024,1
-2.6213224,0.215235799,CCCCCCCCCOC(=O)CCCCCCCN(CCO)CCCCCCCC(=O)OC(CCCCCCCC)CCCCCCCC,JW_2024,JW_2024,1
-6.132692,0.665084448,CCCCCCCCCOC(=O)CCCCCCCN(CCO)CCCCCCCC(=O)OC(CCCCCCCC)CCCCCCCC,JW_2024,JW_2024,1
-2.788688,1.031063009,CCCCCCCCCOC(=O)CCCCCCCN(CCO)CCCCCCCC(=O)OC(CCCCCCCC)CCCCCCCC,JW_2024,JW_2024,1
-2.7659686,1.32842059,CCCCCCCCCOC(=O)CCCCCCCN(CCO)CCCCCCCC(=O)OC(CCCCCCCC)CCCCCCCC,JW_2024,JW_2024,2
-2.4174457,1.107308543,CCCCCCCCCOC(=O)CCCCCCCN(CCO)CCCCCCCC(=O)OC(CCCCCCCC)CCCCCCCC,JW_2024,JW_2024,1
-6.1955347,1.831641112,CCCCCCCCCOC(=O)CCCCCCCN(CCO)CCCCCCCC(=O)OC(CCCCCCCC)CCCCCCCC,JW_2024,JW_2024,2
-5.4630446,1.885012985,CCCCCCCCCOC(=O)CCCCCCCN(CCO)CCCCCCCC(=O)OC(CCCCCCCC)CCCCCCCC,JW_2024,JW_2024,2
-5.656356,1.785893792,CCCCCCCCCOC(=O)CCCCCCCN(CCO)CCCCCCCC(=O)OC(CCCCCCCC)CCCCCCCC,JW_2024,JW_2024,2
-2.752022,1.663900938,CCCCCCCCCOC(=O)CCCCCCCN(CCO)CCCCCCCC(=O)OC(CCCCCCCC)CCCCCCCC,JW_2024,JW_2024,2
-2.9924033,0.51259338,CCCCCCCCCOC(=O)CCCCCCCN(CCO)CCCCCCCC(=O)OC(CCCCCCCC)CCCCCCCC,JW_2024,JW_2024,1
-5.91197,1.602904511,CCCCCCCCCOC(=O)CCCCCCCN(CCO)CCCCCCCC(=O)OC(CCCCCCCC)CCCCCCCC,JW_2024,JW_2024,2
-7.015806,-1.492664154,CCCCCCCCC(=O)OCCCCCCN1CCC[C@H]1COC(=O)OC[C@@H]1CCCN1CCCCCCOC(=O)CCCCCCCC,JW_2024,JW_2024,0
-5.3154535,-2.43810877,CCCCCCCCC(=O)OCCCCCCN1CCC[C@H]1COC(=O)OC[C@@H]1CCCN1CCCCCCOC(=O)CCCCCCCC,JW_2024,JW_2024,0
-5.634273,-0.882699885,CCCCCCCCC(=O)OCCCCCCN1CCC[C@H]1COC(=O)OC[C@@H]1CCCN1CCCCCCOC(=O)CCCCCCCC,JW_2024,JW_2024,0
-5.341081,-1.172432912,CCCCCCCCC(=O)OCCCCCCN1CCC[C@H]1COC(=O)OC[C@@H]1CCCN1CCCCCCOC(=O)CCCCCCCC,JW_2024,JW_2024,0
-7.7634053,-0.692086051,CCCCCCCCC(=O)OCCCCCCN1CCC[C@H]1COC(=O)OC[C@@H]1CCCN1CCCCCCOC(=O)CCCCCCCC,JW_2024,JW_2024,0
-5.2455096,-1.767148075,CCCCCCCCC(=O)OCCCCCCN1CCC[C@H]1COC(=O)OC[C@@H]1CCCN1CCCCCCOC(=O)CCCCCCCC,JW_2024,JW_2024,0
-5.3178377,-1.431667727,CCCCCCCCC(=O)OCCCCCCN1CCC[C@H]1COC(=O)OC[C@@H]1CCCN1CCCCCCOC(=O)CCCCCCCC,JW_2024,JW_2024,0
-9.083594,-0.913198098,CCCCCCCCC(=O)OCCCCCCN1CCC[C@H]1COC(=O)OC[C@@H]1CCCN1CCCCCCOC(=O)CCCCCCCC,JW_2024,JW_2024,0
-6.963913,-1.050440059,CCCCCCCCC(CCCCCCCC)OC(=O)CCCCCN1CCC[C@H]1COC(=O)OC[C@@H]1CCCN1CCCCCC(=O)OC(CCCCCCCC)CCCCCCCC,JW_2024,JW_2024,0
-5.3376107,-2.163624849,CCCCCCCCC(CCCCCCCC)OC(=O)CCCCCN1CCC[C@H]1COC(=O)OC[C@@H]1CCCN1CCCCCC(=O)OC(CCCCCCCC)CCCCCCCC,JW_2024,JW_2024,0
-5.930597,-0.60059141,CCCCCCCCC(CCCCCCCC)OC(=O)CCCCCN1CCC[C@H]1COC(=O)OC[C@@H]1CCCN1CCCCCC(=O)OC(CCCCCCCC)CCCCCCCC,JW_2024,JW_2024,0
-5.316996,-1.080938272,CCCCCCCCC(CCCCCCCC)OC(=O)CCCCCN1CCC[C@H]1COC(=O)OC[C@@H]1CCCN1CCCCCC(=O)OC(CCCCCCCC)CCCCCCCC,JW_2024,JW_2024,0
-7.180484,-0.448100343,CCCCCCCCC(CCCCCCCC)OC(=O)CCCCCN1CCC[C@H]1COC(=O)OC[C@@H]1CCCN1CCCCCC(=O)OC(CCCCCCCC)CCCCCCCC,JW_2024,JW_2024,0
-5.1497064,-1.401169513,CCCCCCCCC(CCCCCCCC)OC(=O)CCCCCN1CCC[C@H]1COC(=O)OC[C@@H]1CCCN1CCCCCC(=O)OC(CCCCCCCC)CCCCCCCC,JW_2024,JW_2024,0
-5.316866,-1.469790494,CCCCCCCCC(CCCCCCCC)OC(=O)CCCCCN1CCC[C@H]1COC(=O)OC[C@@H]1CCCN1CCCCCC(=O)OC(CCCCCCCC)CCCCCCCC,JW_2024,JW_2024,0
-7.6026177,-0.775956138,CCCCCCCCC(CCCCCCCC)OC(=O)CCCCCN1CCC[C@H]1COC(=O)OC[C@@H]1CCCN1CCCCCC(=O)OC(CCCCCCCC)CCCCCCCC,JW_2024,JW_2024,0
-7.5455604,-1.446916833,CCCCCCCCC(=O)OCCCCCCN(C)CCOC(=O)OCCN(C)CCCCCCOC(=O)CCCCCCCC,JW_2024,JW_2024,0
-5.5892777,-1.843393608,CCCCCCCCC(=O)OCCCCCCN(C)CCOC(=O)OCCN(C)CCCCCCOC(=O)CCCCCCCC,JW_2024,JW_2024,0
-5.8844047,-0.798829798,CCCCCCCCC(=O)OCCCCCCN(C)CCOC(=O)OCCN(C)CCCCCCOC(=O)CCCCCCCC,JW_2024,JW_2024,0
-5.5642037,-1.515537814,CCCCCCCCC(=O)OCCCCCCN(C)CCOC(=O)OCCN(C)CCCCCCOC(=O)CCCCCCCC,JW_2024,JW_2024,0
-8.37278,-0.265111062,CCCCCCCCC(=O)OCCCCCCN(C)CCOC(=O)OCCN(C)CCCCCCOC(=O)CCCCCCCC,JW_2024,JW_2024,0
-5.328779,-1.927263695,CCCCCCCCC(=O)OCCCCCCN(C)CCOC(=O)OCCN(C)CCCCCCOC(=O)CCCCCCCC,JW_2024,JW_2024,0
-5.6198177,-1.645155221,CCCCCCCCC(=O)OCCCCCCN(C)CCOC(=O)OCCN(C)CCCCCCOC(=O)CCCCCCCC,JW_2024,JW_2024,0
-9.062053,-1.4850396,CCCCCCCCC(=O)OCCCCCCN(C)CCOC(=O)OCCN(C)CCCCCCOC(=O)CCCCCCCC,JW_2024,JW_2024,0
-6.5984306,0.337228653,CCCCCCCCC(CCCCCCCC)OC(=O)CCCCCN(C)CCOC(=O)OCCN(C)CCCCCC(=O)OC(CCCCCCCC)CCCCCCCC,JW_2024,JW_2024,1
-4.0506163,-1.622281561,CCCCCCCCC(CCCCCCCC)OC(=O)CCCCCN(C)CCOC(=O)OCCN(C)CCCCCC(=O)OC(CCCCCCCC)CCCCCCCC,JW_2024,JW_2024,0
-4.3667126,0.321979546,CCCCCCCCC(CCCCCCCC)OC(=O)CCCCCN(C)CCOC(=O)OCCN(C)CCCCCC(=O)OC(CCCCCCCC)CCCCCCCC,JW_2024,JW_2024,1
-3.731637,-0.226988296,CCCCCCCCC(CCCCCCCC)OC(=O)CCCCCN(C)CCOC(=O)OCCN(C)CCCCCC(=O)OC(CCCCCCCC)CCCCCCCC,JW_2024,JW_2024,0
-6.1601405,0.146614819,CCCCCCCCC(CCCCCCCC)OC(=O)CCCCCN(C)CCOC(=O)OCCN(C)CCCCCC(=O)OC(CCCCCCCC)CCCCCCCC,JW_2024,JW_2024,1
-3.8453233,-0.516721323,CCCCCCCCC(CCCCCCCC)OC(=O)CCCCCN(C)CCOC(=O)OCCN(C)CCCCCC(=O)OC(CCCCCCCC)CCCCCCCC,JW_2024,JW_2024,0
-3.7799828,-0.722584264,CCCCCCCCC(CCCCCCCC)OC(=O)CCCCCN(C)CCOC(=O)OCCN(C)CCCCCC(=O)OC(CCCCCCCC)CCCCCCCC,JW_2024,JW_2024,0
-7.0258627,0.924319262,CCCCCCCCC(CCCCCCCC)OC(=O)CCCCCN(C)CCOC(=O)OCCN(C)CCCCCC(=O)OC(CCCCCCCC)CCCCCCCC,JW_2024,JW_2024,1
-4.670445,-0.059248122,CCCCCCCCC(CCCCCCCC)OC(=O)CCCCCN(C)CCOC(=O)OCCN(C)CCCCCC(=O)OC(CCCCCCCC)CCCCCCCC,JW_2024,JW_2024,0
-3.656671,0.123741159,CCCCCCCCC(CCCCCCCC)OC(=O)CCCCCN(C)CCOC(=O)OCCN(C)CCCCCC(=O)OC(CCCCCCCC)CCCCCCCC,JW_2024,JW_2024,1
-3.987675,0.825200068,CCCCCCCCC(CCCCCCCC)OC(=O)CCCCCN(C)CCOC(=O)OCCN(C)CCCCCC(=O)OC(CCCCCCCC)CCCCCCCC,JW_2024,JW_2024,1
-4.616593,0.085618392,CCCCCCCCC(CCCCCCCC)OC(=O)CCCCCN(C)CCOC(=O)OCCN(C)CCCCCC(=O)OC(CCCCCCCC)CCCCCCCC,JW_2024,JW_2024,1
-7.048223,1.023438456,CCCCCCCCC(CCCCCCCC)OC(=O)CCCCCN(C)CCOC(=O)OCCN(C)CCCCCC(=O)OC(CCCCCCCC)CCCCCCCC,JW_2024,JW_2024,1
-6.1969466,0.543091594,CCCCCCCCC(CCCCCCCC)OC(=O)CCCCCN(C)CCOC(=O)OCCN(C)CCCCCC(=O)OC(CCCCCCCC)CCCCCCCC,JW_2024,JW_2024,1
-6.6463065,0.123741159,CCCCCCCCC(CCCCCCCC)OC(=O)CCCCCN(C)CCOC(=O)OCCN(C)CCCCCC(=O)OC(CCCCCCCC)CCCCCCCC,JW_2024,JW_2024,1
-4.7125163,0.047495625,CCCCCCCCC(CCCCCCCC)OC(=O)CCCCCN(C)CCOC(=O)OCCN(C)CCCCCC(=O)OC(CCCCCCCC)CCCCCCCC,JW_2024,JW_2024,1
-4.1646876,-0.204114636,CCCCCCCCC(CCCCCCCC)OC(=O)CCCCCN(C)CCOC(=O)OCCN(C)CCCCCC(=O)OC(CCCCCCCC)CCCCCCCC,JW_2024,JW_2024,0
-7.229566,0.436347847,CCCCCCCCC(CCCCCCCC)OC(=O)CCCCCN(C)CCOC(=O)OCCN(C)CCCCCC(=O)OC(CCCCCCCC)CCCCCCCC,JW_2024,JW_2024,1
-6.8916097,-0.135493655,CCCCCCCCC(=O)OCCCCCCN(C)CCOC(=O)OCCN(C)CCCCCC(=O)OC(CCCCCCCC)CCCCCCCC,JW_2024,JW_2024,0
-4.5438614,-1.32492398,CCCCCCCCC(=O)OCCCCCCN(C)CCOC(=O)OCCN(C)CCCCCC(=O)OC(CCCCCCCC)CCCCCCCC,JW_2024,JW_2024,0
-4.3442373,0.878571942,CCCCCCCCC(=O)OCCCCCCN(C)CCOC(=O)OCCN(C)CCCCCC(=O)OC(CCCCCCCC)CCCCCCCC,JW_2024,JW_2024,1
-4.2488403,-0.074497228,CCCCCCCCC(=O)OCCCCCCN(C)CCOC(=O)OCCN(C)CCCCCC(=O)OC(CCCCCCCC)CCCCCCCC,JW_2024,JW_2024,0
-6.301591,0.085618392,CCCCCCCCC(=O)OCCCCCCN(C)CCOC(=O)OCCN(C)CCCCCC(=O)OC(CCCCCCCC)CCCCCCCC,JW_2024,JW_2024,1
-4.3005056,-1.065689165,CCCCCCCCC(=O)OCCCCCCN(C)CCOC(=O)OCCN(C)CCCCCC(=O)OC(CCCCCCCC)CCCCCCCC,JW_2024,JW_2024,0
-4.498754,-0.364230256,CCCCCCCCC(=O)OCCCCCCN(C)CCOC(=O)OCCN(C)CCCCCC(=O)OC(CCCCCCCC)CCCCCCCC,JW_2024,JW_2024,0
-7.017458,0.459221507,CCCCCCCCC(=O)OCCCCCCN(C)CCOC(=O)OCCN(C)CCCCCC(=O)OC(CCCCCCCC)CCCCCCCC,JW_2024,JW_2024,1
-4.503768,0.504968827,CCCCCCCCC(=O)OCCCCCCN(C)CCOC(=O)OCCN(C)CCCCCC(=O)OC(CCCCCCCC)CCCCCCCC,JW_2024,JW_2024,1
-3.5188162,0.451596954,CCCCCCCCC(=O)OCCCCCCN(C)CCOC(=O)OCCN(C)CCCCCC(=O)OC(CCCCCCCC)CCCCCCCC,JW_2024,JW_2024,1
-7.1238875,0.382975973,CCCCCCCCC(=O)OCCCCCCN(C)CCOC(=O)OCCN(C)CCCCCC(=O)OC(CCCCCCCC)CCCCCCCC,JW_2024,JW_2024,1
-6.152937,0.504968827,CCCCCCCCC(=O)OCCCCCCN(C)CCOC(=O)OCCN(C)CCCCCC(=O)OC(CCCCCCCC)CCCCCCCC,JW_2024,JW_2024,1
-4.5343294,0.451596954,CCCCCCCCC(=O)OCCCCCCN(C)CCOC(=O)OCCN(C)CCCCCC(=O)OC(CCCCCCCC)CCCCCCCC,JW_2024,JW_2024,1
-4.66076,0.192362139,CCCCCCCCC(=O)OCCCCCCN(C)CCOC(=O)OCCN(C)CCCCCC(=O)OC(CCCCCCCC)CCCCCCCC,JW_2024,JW_2024,1
-6.8492117,0.032246519,CCCCCCCCC(=O)OCCCCCCN(C)CCOC(=O)OCCN(C)CCCCCC(=O)OC(CCCCCCCC)CCCCCCCC,JW_2024,JW_2024,1
-7.106501,-1.161660131,CCCCCCCC/C=C\CCCCCCCC(=O)OCCCCCC(O)C(CCCCOC(=O)CCCCCCC/C=C\CCCCCCCC)CN1CCN(CC(CCCCOC(=O)CCCCCCC/C=C\CCCCCCCC)C(O)CCCCCOC(=O)CCCCCCC/C=C\CCCCCCCC)CC1,JW_2024,JW_2024,0
-4.76521,-2.386508298,CCCCCCCC/C=C\CCCCCCCC(=O)OCCCCCC(O)C(CCCCOC(=O)CCCCCCC/C=C\CCCCCCCC)CN1CCN(CC(CCCCOC(=O)CCCCCCC/C=C\CCCCCCCC)C(O)CCCCCOC(=O)CCCCCCC/C=C\CCCCCCCC)CC1,JW_2024,JW_2024,0
-4.099825,-0.933021807,CCCCCCCC/C=C\CCCCCCCC(=O)OCCCCCC(O)C(CCCCOC(=O)CCCCCCC/C=C\CCCCCCCC)CN1CCN(CC(CCCCOC(=O)CCCCCCC/C=C\CCCCCCCC)C(O)CCCCCOC(=O)CCCCCCC/C=C\CCCCCCCC)CC1,JW_2024,JW_2024,0
-4.780181,-1.006512697,CCCCCCCC/C=C\CCCCCCCC(=O)OCCCCCC(O)C(CCCCOC(=O)CCCCCCC/C=C\CCCCCCCC)CN1CCN(CC(CCCCOC(=O)CCCCCCC/C=C\CCCCCCCC)C(O)CCCCCOC(=O)CCCCCCC/C=C\CCCCCCCC)CC1,JW_2024,JW_2024,0
-5.0573397,-0.924856152,CCCCCCCC/C=C\CCCCCCCC(=O)OCCCCCC(O)C(CCCCOC(=O)CCCCCCC/C=C\CCCCCCCC)CN1CCN(CC(CCCCOC(=O)CCCCCCC/C=C\CCCCCCCC)C(O)CCCCCOC(=O)CCCCCCC/C=C\CCCCCCCC)CC1,JW_2024,JW_2024,0
-4.4481654,-1.741421597,CCCCCCCC/C=C\CCCCCCCC(=O)OCCCCCC(O)C(CCCCOC(=O)CCCCCCC/C=C\CCCCCCCC)CN1CCN(CC(CCCCOC(=O)CCCCCCC/C=C\CCCCCCCC)C(O)CCCCCOC(=O)CCCCCCC/C=C\CCCCCCCC)CC1,JW_2024,JW_2024,0
-4.7997384,-1.422961073,CCCCCCCC/C=C\CCCCCCCC(=O)OCCCCCC(O)C(CCCCOC(=O)CCCCCCC/C=C\CCCCCCCC)CN1CCN(CC(CCCCOC(=O)CCCCCCC/C=C\CCCCCCCC)C(O)CCCCCOC(=O)CCCCCCC/C=C\CCCCCCCC)CC1,JW_2024,JW_2024,0
-5.6081386,-0.745211754,CCCCCCCC/C=C\CCCCCCCC(=O)OCCCCCC(O)C(CCCCOC(=O)CCCCCCC/C=C\CCCCCCCC)CN1CCN(CC(CCCCOC(=O)CCCCCCC/C=C\CCCCCCCC)C(O)CCCCCOC(=O)CCCCCCC/C=C\CCCCCCCC)CC1,JW_2024,JW_2024,0
-5.771805,-1.357635838,CCCCCCCC/C=C\CCCCCCCC(=O)OCCCCCC(O)C(CCCCOC(=O)CCCCCCC/C=C\CCCCCCCC)CN(CCCN(C)C)CCCN(C)C,JW_2024,JW_2024,0
-3.5374062,-1.757752905,CCCCCCCC/C=C\CCCCCCCC(=O)OCCCCCC(O)C(CCCCOC(=O)CCCCCCC/C=C\CCCCCCCC)CN(CCCN(C)C)CCCN(C)C,JW_2024,JW_2024,0
-4.041032,-0.704383482,CCCCCCCC/C=C\CCCCCCCC(=O)OCCCCCC(O)C(CCCCOC(=O)CCCCCCC/C=C\CCCCCCCC)CN(CCCN(C)C)CCCN(C)C,JW_2024,JW_2024,0
-3.5561032,-1.643433743,CCCCCCCC/C=C\CCCCCCCC(=O)OCCCCCC(O)C(CCCCOC(=O)CCCCCCC/C=C\CCCCCCCC)CN(CCCN(C)C)CCCN(C)C,JW_2024,JW_2024,0
-5.569449,-0.230775524,CCCCCCCC/C=C\CCCCCCCC(=O)OCCCCCC(O)C(CCCCOC(=O)CCCCCCC/C=C\CCCCCCCC)CNCCCN(C)C,JW_2024,JW_2024,0
-4.026966,-1.69242767,CCCCCCCC/C=C\CCCCCCCC(=O)OCCCCCC(O)C(CCCCOC(=O)CCCCCCC/C=C\CCCCCCCC)CNCCCN(C)C,JW_2024,JW_2024,0
-3.995167,-0.410419922,CCCCCCCC/C=C\CCCCCCCC(=O)OCCCCCC(O)C(CCCCOC(=O)CCCCCCC/C=C\CCCCCCCC)CNCCCN(C)C,JW_2024,JW_2024,0
-3.9055789,-0.655389555,CCCCCCCC/C=C\CCCCCCCC(=O)OCCCCCC(O)C(CCCCOC(=O)CCCCCCC/C=C\CCCCCCCC)CNCCCN(C)C,JW_2024,JW_2024,0
-6.4392285,-0.189947252,CCCCCCCC/C=C\CCCCCCCC(=O)OCCCCCC(O)C(CCCCOC(=O)CCCCCCC/C=C\CCCCCCCC)CNCCCN(C)C,JW_2024,JW_2024,0
-3.8262417,-1.602605471,CCCCCCCC/C=C\CCCCCCCC(=O)OCCCCCC(O)C(CCCCOC(=O)CCCCCCC/C=C\CCCCCCCC)CNCCCN(C)C,JW_2024,JW_2024,0
-3.9605885,-0.794205681,CCCCCCCC/C=C\CCCCCCCC(=O)OCCCCCC(O)C(CCCCOC(=O)CCCCCCC/C=C\CCCCCCCC)CNCCCN(C)C,JW_2024,JW_2024,0
-6.8175516,0.838925208,CCCCCCCC/C=C\CCCCCCCC(=O)OCCCCCC(O)C(CCCCOC(=O)CCCCCCC/C=C\CCCCCCCC)CNCCCN(C)C,JW_2024,JW_2024,1
-4.1491985,-0.402254268,CCCCCCCC/C=C\CCCCCCCC(=O)OCCCCCC(O)C(CCCCOC(=O)CCCCCCC/C=C\CCCCCCCC)CNCCCN(C)C,JW_2024,JW_2024,0
-3.072856,-0.622726938,CCCCCCCC/C=C\CCCCCCCC(=O)OCCCCCC(O)C(CCCCOC(=O)CCCCCCC/C=C\CCCCCCCC)CNCCCN(C)C,JW_2024,JW_2024,0
-7.117956,-0.426751231,CCCCCCCC/C=C\CCCCCCCC(=O)OCCCCCC(O)C(CCCCOC(=O)CCCCCCC/C=C\CCCCCCCC)CNCCCN(C)C,JW_2024,JW_2024,0
-5.120105,0.430642486,CCCCCCCC/C=C\CCCCCCCC(=O)OCCCCCC(O)C(CCCCOC(=O)CCCCCCC/C=C\CCCCCCCC)CNCCCN(C)C,JW_2024,JW_2024,1
-5.836653,0.14484458,CCCCCCCC/C=C\CCCCCCCC(=O)OCCCCCC(O)C(CCCCOC(=O)CCCCCCC/C=C\CCCCCCCC)CNCCCN(C)C,JW_2024,JW_2024,1
-3.0329983,-0.328763378,CCCCCCCC/C=C\CCCCCCCC(=O)OCCCCCC(O)C(CCCCOC(=O)CCCCCCC/C=C\CCCCCCCC)CNCCCN(C)C,JW_2024,JW_2024,0
-3.366504,0.495967721,CCCCCCCC/C=C\CCCCCCCC(=O)OCCCCCC(O)C(CCCCOC(=O)CCCCCCC/C=C\CCCCCCCC)CNCCCN(C)C,JW_2024,JW_2024,1
-6.227933,0.471470758,CCCCCCCC/C=C\CCCCCCCC(=O)OCCCCCC(O)C(CCCCOC(=O)CCCCCCC/C=C\CCCCCCCC)CNCCCN(C)C,JW_2024,JW_2024,1
-6.2469115,-0.647223901,CCCCCCCC/C=C\CCCCCCCC(=O)OCCCCCC(O)C(CCCCOC(=O)CCCCCCC/C=C\CCCCCCCC)CNCCCN1CCCCC1CC,JW_2024,JW_2024,0
-5.03709,-1.071837932,CCCCCCCC/C=C\CCCCCCCC(=O)OCCCCCC(O)C(CCCCOC(=O)CCCCCCC/C=C\CCCCCCCC)CNCCCN1CCCCC1CC,JW_2024,JW_2024,0
-5.1760364,0.544961648,CCCCCCCC/C=C\CCCCCCCC(=O)OCCCCCC(O)C(CCCCOC(=O)CCCCCCC/C=C\CCCCCCCC)CNCCCN1CCCCC1CC,JW_2024,JW_2024,1
-4.8078623,-0.0021372,CCCCCCCC/C=C\CCCCCCCC(=O)OCCCCCC(O)C(CCCCOC(=O)CCCCCCC/C=C\CCCCCCCC)CNCCCN1CCCCC1CC,JW_2024,JW_2024,0
-6.9315186,0.994072642,CCCCCCCC/C=C\CCCCCCCC(=O)OCCCCCC(O)C(CCCCOC(=O)CCCCCCC/C=C\CCCCCCCC)CNCCCN1CCCCC1CC,JW_2024,JW_2024,1
-4.8129616,0.193838507,CCCCCCCC/C=C\CCCCCCCC(=O)OCCCCCC(O)C(CCCCOC(=O)CCCCCCC/C=C\CCCCCCCC)CNCCCN1CCCCC1CC,JW_2024,JW_2024,1
-4.755714,0.283660706,CCCCCCCC/C=C\CCCCCCCC(=O)OCCCCCC(O)C(CCCCOC(=O)CCCCCCC/C=C\CCCCCCCC)CNCCCN1CCCCC1CC,JW_2024,JW_2024,1
-7.0313134,0.80626259,CCCCCCCC/C=C\CCCCCCCC(=O)OCCCCCC(O)C(CCCCOC(=O)CCCCCCC/C=C\CCCCCCCC)CNCCCN1CCCCC1CC,JW_2024,JW_2024,1
-4.314643,0.593955574,CCCCCCCC/C=C\CCCCCCCC(=O)OCCCCCC(O)C(CCCCOC(=O)CCCCCCC/C=C\CCCCCCCC)CNCCCN1CCCCC1CC,JW_2024,JW_2024,1
-3.3842824,-0.655389555,CCCCCCCC/C=C\CCCCCCCC(=O)OCCCCCC(O)C(CCCCOC(=O)CCCCCCC/C=C\CCCCCCCC)CNCCCN1CCCCC1CC,JW_2024,JW_2024,0
-5.466776,1.17371704,CCCCCCCC/C=C\CCCCCCCC(=O)OCCCCCC(O)C(CCCCOC(=O)CCCCCCC/C=C\CCCCCCCC)CNCCCN1CCCCC1CC,JW_2024,JW_2024,1
-6.3008995,0.177507198,CCCCCCCC/C=C\CCCCCCCC(=O)OCCCCCC(O)C(CCCCOC(=O)CCCCCCC/C=C\CCCCCCCC)CNCCCN1CCCCC1CC,JW_2024,JW_2024,1
-4.350434,-0.018468509,CCCCCCCC/C=C\CCCCCCCC(=O)OCCCCCC(O)C(CCCCOC(=O)CCCCCCC/C=C\CCCCCCCC)CNCCCN1CCCCC1CC,JW_2024,JW_2024,0
-6.8762984,0.455139449,CCCCCCCC/C=C\CCCCCCCC(=O)OCCCCCC(O)C(CCCCOC(=O)CCCCCCC/C=C\CCCCCCCC)CN1CCC[C@H]1CO,JW_2024,JW_2024,1
-5.6623535,-1.667930707,CCCCCCCC/C=C\CCCCCCCC(=O)OCCCCCC(O)C(CCCCOC(=O)CCCCCCC/C=C\CCCCCCCC)CN1CCC[C@H]1CO,JW_2024,JW_2024,0
-5.8761487,1.034900914,CCCCCCCC/C=C\CCCCCCCC(=O)OCCCCCC(O)C(CCCCOC(=O)CCCCCCC/C=C\CCCCCCCC)CN1CCC[C@H]1CO,JW_2024,JW_2024,1
-5.4752765,0.487802067,CCCCCCCC/C=C\CCCCCCCC(=O)OCCCCCC(O)C(CCCCOC(=O)CCCCCCC/C=C\CCCCCCCC)CN1CCC[C@H]1CO,JW_2024,JW_2024,1
-7.6196127,0.708274737,CCCCCCCC/C=C\CCCCCCCC(=O)OCCCCCC(O)C(CCCCOC(=O)CCCCCCC/C=C\CCCCCCCC)CN1CCC[C@H]1CO,JW_2024,JW_2024,1
-5.5295615,0.373482905,CCCCCCCC/C=C\CCCCCCCC(=O)OCCCCCC(O)C(CCCCOC(=O)CCCCCCC/C=C\CCCCCCCC)CN1CCC[C@H]1CO,JW_2024,JW_2024,1
-5.502136,-0.696217828,CCCCCCCC/C=C\CCCCCCCC(=O)OCCCCCC(O)C(CCCCOC(=O)CCCCCCC/C=C\CCCCCCCC)CN1CCC[C@H]1CO,JW_2024,JW_2024,0
-8.045453,1.484011909,CCCCCCCC/C=C\CCCCCCCC(=O)OCCCCCC(O)C(CCCCOC(=O)CCCCCCC/C=C\CCCCCCCC)CN1CCC[C@H]1CO,JW_2024,JW_2024,2
-5.827694,-0.451248194,CCCCCCCC/C=C\CCCCCCCC(=O)OCCCCCC(O)C(CCCCOC(=O)CCCCCCC/C=C\CCCCCCCC)CN(C)CCO,JW_2024,JW_2024,0
-3.5434296,-0.900359189,CCCCCCCC/C=C\CCCCCCCC(=O)OCCCCCC(O)C(CCCCOC(=O)CCCCCCC/C=C\CCCCCCCC)CN(C)CCO,JW_2024,JW_2024,0
-3.4896564,0.324488978,CCCCCCCC/C=C\CCCCCCCC(=O)OCCCCCC(O)C(CCCCOC(=O)CCCCCCC/C=C\CCCCCCCC)CN(C)CCO,JW_2024,JW_2024,1
-2.9546049,-1.561777199,CCCCCCCC/C=C\CCCCCCCC(=O)OCCCCCC(O)C(CCCCOC(=O)CCCCCCC/C=C\CCCCCCCC)CN(C)CCO,JW_2024,JW_2024,0
-3.6201582,-0.304266414,CCCCCCCC/C=C\CCCCCCCC(=O)OCCCCCC(O)C(CCCCOC(=O)CCCCCCC/C=C\CCCCCCCC)CN(C)CCO,JW_2024,JW_2024,0
-3.127507,-0.500242121,CCCCCCCC/C=C\CCCCCCCC(=O)OCCCCCC(O)C(CCCCOC(=O)CCCCCCC/C=C\CCCCCCCC)CN(C)CCO,JW_2024,JW_2024,0
-6.5669737,0.079519344,CCCCCCCC/C=C\CCCCCCCC(=O)OCCCCCC(O)C(CCCCOC(=O)CCCCCCC/C=C\CCCCCCCC)CN(C)CCO,JW_2024,JW_2024,1
-5.357594,0.332654632,CCCCCCCC/C=C\CCCCCCCC(=O)OCCCCCC(O)C(CCCCOC(=O)CCCCCCC/C=C\CCCCCCCC)CN(C)CCO,JW_2024,JW_2024,1
-5.8541203,0.038691072,CCCCCCCC/C=C\CCCCCCCC(=O)OCCCCCC(O)C(CCCCOC(=O)CCCCCCC/C=C\CCCCCCCC)CN(C)CCO,JW_2024,JW_2024,1
-3.462429,-0.0021372,CCCCCCCC/C=C\CCCCCCCC(=O)OCCCCCC(O)C(CCCCOC(=O)CCCCCCC/C=C\CCCCCCCC)CN(C)CCO,JW_2024,JW_2024,0
-3.53424,-0.761543063,CCCCCCCC/C=C\CCCCCCCC(=O)OCCCCCC(O)C(CCCCOC(=O)CCCCCCC/C=C\CCCCCCCC)CN(C)CCO,JW_2024,JW_2024,0
-6.3361354,0.046856727,CCCCCCCC/C=C\CCCCCCCC(=O)OCCCCCC(O)C(CCCCOC(=O)CCCCCCC/C=C\CCCCCCCC)CN(C)CCO,JW_2024,JW_2024,1
-5.827694,0.553127302,CCCCCCCC/C=C\CCCCCCCC(=O)OCCCCCC(O)C(CCCCOC(=O)CCCCCCC/C=C\CCCCCCCC)CN(C)CCO,JW_2024,JW_2024,1
-3.5434296,-1.406629764,CCCCCCCC/C=C\CCCCCCCC(=O)OCCCCCC(O)C(CCCCOC(=O)CCCCCCC/C=C\CCCCCCCC)CN(C)CCO,JW_2024,JW_2024,0
-3.9227576,0.463305103,CCCCCCCC/C=C\CCCCCCCC(=O)OCCCCCC(O)C(CCCCOC(=O)CCCCCCC/C=C\CCCCCCCC)CN(C)CCO,JW_2024,JW_2024,1
-3.6201582,1.451349291,CCCCCCCC/C=C\CCCCCCCC(=O)OCCCCCC(O)C(CCCCOC(=O)CCCCCCC/C=C\CCCCCCCC)CN(C)CCO,JW_2024,JW_2024,2
-3.127507,0.87975348,CCCCCCCC/C=C\CCCCCCCC(=O)OCCCCCC(O)C(CCCCOC(=O)CCCCCCC/C=C\CCCCCCCC)CN(C)CCO,JW_2024,JW_2024,1
-6.5669737,1.214545312,CCCCCCCC/C=C\CCCCCCCC(=O)OCCCCCC(O)C(CCCCOC(=O)CCCCCCC/C=C\CCCCCCCC)CN(C)CCO,JW_2024,JW_2024,1
-5.357594,1.043066569,CCCCCCCC/C=C\CCCCCCCC(=O)OCCCCCC(O)C(CCCCOC(=O)CCCCCCC/C=C\CCCCCCCC)CN(C)CCO,JW_2024,JW_2024,1
-5.8541203,1.639159343,CCCCCCCC/C=C\CCCCCCCC(=O)OCCCCCC(O)C(CCCCOC(=O)CCCCCCC/C=C\CCCCCCCC)CN(C)CCO,JW_2024,JW_2024,2
-3.462429,0.936913061,CCCCCCCC/C=C\CCCCCCCC(=O)OCCCCCC(O)C(CCCCOC(=O)CCCCCCC/C=C\CCCCCCCC)CN(C)CCO,JW_2024,JW_2024,1
-3.53424,0.757268663,CCCCCCCC/C=C\CCCCCCCC(=O)OCCCCCC(O)C(CCCCOC(=O)CCCCCCC/C=C\CCCCCCCC)CN(C)CCO,JW_2024,JW_2024,1
-6.3361354,1.826969395,CCCCCCCC/C=C\CCCCCCCC(=O)OCCCCCC(O)C(CCCCOC(=O)CCCCCCC/C=C\CCCCCCCC)CN(C)CCO,JW_2024,JW_2024,2
-6.633681,-0.475745158,CCCCCCCC/C=C\CCCCCCCC(=O)OCCCCCC(O)C(CCCCOC(=O)CCCCCCC/C=C\CCCCCCCC)CNC[C@H](C)O,JW_2024,JW_2024,0
-5.2440763,-2.247692172,CCCCCCCC/C=C\CCCCCCCC(=O)OCCCCCC(O)C(CCCCOC(=O)CCCCCCC/C=C\CCCCCCCC)CNC[C@H](C)O,JW_2024,JW_2024,0
-6.9146223,-0.173615943,CCCCCCCC/C=C\CCCCCCCC(=O)OCCCCCC(O)C(CCCCOC(=O)CCCCCCC/C=C\CCCCCCCC)CN[C@H]1CCCC[C@H]1O,JW_2024,JW_2024,0
-6.0501714,-1.243316675,CCCCCCCC/C=C\CCCCCCCC(=O)OCCCCCC(O)C(CCCCOC(=O)CCCCCCC/C=C\CCCCCCCC)CN[C@H]1CCCC[C@H]1O,JW_2024,JW_2024,0
-5.911217,1.116557459,CCCCCCCC/C=C\CCCCCCCC(=O)OCCCCCC(O)C(CCCCOC(=O)CCCCCCC/C=C\CCCCCCCC)CN[C@H]1CCCC[C@H]1O,JW_2024,JW_2024,1
-5.821267,-0.385922959,CCCCCCCC/C=C\CCCCCCCC(=O)OCCCCCC(O)C(CCCCOC(=O)CCCCCCC/C=C\CCCCCCCC)CN[C@H]1CCCC[C@H]1O,JW_2024,JW_2024,0
-6.1790833,0.536795993,CCCCCCCC/C=C\CCCCCCCC(=O)OCCCCCC(O)C(CCCCOC(=O)CCCCCCC/C=C\CCCCCCCC)CN[C@H]1CCCC[C@H]1O,JW_2024,JW_2024,1
-4.5643606,0.65928081,CCCCCCCC/C=C\CCCCCCCC(=O)OCCCCCC(O)C(CCCCOC(=O)CCCCCCC/C=C\CCCCCCCC)CN[C@H]1CCCC[C@H]1O,JW_2024,JW_2024,1
-8.278575,1.255373584,CCCCCCCC/C=C\CCCCCCCC(=O)OCCCCCC(O)C(CCCCOC(=O)CCCCCCC/C=C\CCCCCCCC)CN[C@H]1CCCC[C@H]1O,JW_2024,JW_2024,1
-6.288347,0.757268663,CCCCCCCC/C=C\CCCCCCCC(=O)OCCCCCC(O)C(CCCCOC(=O)CCCCCCC/C=C\CCCCCCCC)CN[C@H]1CCCC[C@H]1O,JW_2024,JW_2024,1
-7.037648,1.500343218,CCCCCCCC/C=C\CCCCCCCC(=O)OCCCCCC(O)C(CCCCOC(=O)CCCCCCC/C=C\CCCCCCCC)CN[C@H]1CCCC[C@H]1O,JW_2024,JW_2024,2
-4.7260704,1.704484579,CCCCCCCC/C=C\CCCCCCCC(=O)OCCCCCC(O)C(CCCCOC(=O)CCCCCCC/C=C\CCCCCCCC)CN[C@H]1CCCC[C@H]1O,JW_2024,JW_2024,2
-5.40106,1.647324998,CCCCCCCC/C=C\CCCCCCCC(=O)OCCCCCC(O)C(CCCCOC(=O)CCCCCCC/C=C\CCCCCCCC)CN[C@H]1CCCC[C@H]1O,JW_2024,JW_2024,2
-7.354452,1.377858401,CCCCCCCC/C=C\CCCCCCCC(=O)OCCCCCC(O)C(CCCCOC(=O)CCCCCCC/C=C\CCCCCCCC)CN[C@H]1CCCC[C@H]1O,JW_2024,JW_2024,2
-6.700642,0.185672852,CCCCCCCCCCCCCCCC(=O)OCCCCCC(O)C(CCCCOC(=O)CCCCCCCCCCCCCCC)CN(C)CCCN(C)CC(CCCCOC(=O)CCCCCCCCCCCCCCC)C(O)CCCCCOC(=O)CCCCCCCCCCCCCCC,JW_2024,JW_2024,1
-5.6938453,-0.982015733,CCCCCCCCCCCCCCCC(=O)OCCCCCC(O)C(CCCCOC(=O)CCCCCCCCCCCCCCC)CN(C)CCCN(C)CC(CCCCOC(=O)CCCCCCCCCCCCCCC)C(O)CCCCCOC(=O)CCCCCCCCCCCCCCC,JW_2024,JW_2024,0
-5.4283166,0.120347617,CCCCCCCCCCCCCCCC(=O)OCCCCCC(O)C(CCCCOC(=O)CCCCCCCCCCCCCCC)CN(C)CCCN(C)CC(CCCCOC(=O)CCCCCCCCCCCCCCC)C(O)CCCCCOC(=O)CCCCCCCCCCCCCCC,JW_2024,JW_2024,1
-5.732667,0.275495051,CCCCCCCCCCCCCCCC(=O)OCCCCCC(O)C(CCCCOC(=O)CCCCCCCCCCCCCCC)CN(C)CCCN(C)CC(CCCCOC(=O)CCCCCCCCCCCCCCC)C(O)CCCCCOC(=O)CCCCCCCCCCCCCCC,JW_2024,JW_2024,1
-5.11067,0.038691072,CCCCCCCCCCCCCCCC(=O)OCCCCCC(O)C(CCCCOC(=O)CCCCCCCCCCCCCCC)CN(C)CCCN(C)CC(CCCCOC(=O)CCCCCCCCCCCCCCC)C(O)CCCCCOC(=O)CCCCCCCCCCCCCCC,JW_2024,JW_2024,1
-5.686342,-1.186157094,CCCCCCCCCCCCCCCC(=O)OCCCCCC(O)C(CCCCOC(=O)CCCCCCCCCCCCCCC)CN(C)CCCN(C)CC(CCCCOC(=O)CCCCCCCCCCCCCCC)C(O)CCCCCOC(=O)CCCCCCCCCCCCCCC,JW_2024,JW_2024,0
-5.641976,-0.900359189,CCCCCCCCCCCCCCCC(=O)OCCCCCC(O)C(CCCCOC(=O)CCCCCCCCCCCCCCC)CN(C)CCCN(C)CC(CCCCOC(=O)CCCCCCCCCCCCCCC)C(O)CCCCCOC(=O)CCCCCCCCCCCCCCC,JW_2024,JW_2024,0
-6.125032,0.308157669,CCCCCCCCCCCCCCCC(=O)OCCCCCC(O)C(CCCCOC(=O)CCCCCCCCCCCCCCC)CN(C)CCCN(C)CC(CCCCOC(=O)CCCCCCCCCCCCCCC)C(O)CCCCCOC(=O)CCCCCCCCCCCCCCC,JW_2024,JW_2024,1
-5.454997,-0.761543063,CCCCCCCCCCCCCCCC(=O)OCCCCCC(O)C(CCCCOC(=O)CCCCCCCCCCCCCCC)CN(C)CCCN(C)CC(CCCCOC(=O)CCCCCCCCCCCCCCC)C(O)CCCCCOC(=O)CCCCCCCCCCCCCCC,JW_2024,JW_2024,0
-5.5882077,-0.798829798,CCCCCCCC/C=C\CCCCCCCC(=O)OCCCCCCN(C)CCOC(=O)OCCN(C)CCCCCCOC(=O)CCCCCCC/C=C\CCCCCCCC,JW_2024,JW_2024,0
-3.71158,-1.759523521,CCCCCCCC/C=C\CCCCCCCC(=O)OCCCCCCN(C)CCOC(=O)OCCN(C)CCCCCCOC(=O)CCCCCCC/C=C\CCCCCCCC,JW_2024,JW_2024,0
-3.6005642,-0.547219537,CCCCCCCC/C=C\CCCCCCCC(=O)OCCCCCCN(C)CCOC(=O)OCCN(C)CCCCCCOC(=O)CCCCCCC/C=C\CCCCCCCC,JW_2024,JW_2024,0
-3.4276285,-0.867450778,CCCCCCCC/C=C\CCCCCCCC(=O)OCCCCCCN(C)CCOC(=O)OCCN(C)CCCCCCOC(=O)CCCCCCC/C=C\CCCCCCCC,JW_2024,JW_2024,0
-5.9461145,-0.890324438,CCCCCCCC/C=C\CCCCCCCC(=O)OCCCCCCN(C)CCOC(=O)OCCN(C)CCCCCCOC(=O)CCCCCCC/C=C\CCCCCCCC,JW_2024,JW_2024,0
-3.526916,-0.692086051,CCCCCCCC/C=C\CCCCCCCC(=O)OCCCCCCN(C)CCOC(=O)OCCN(C)CCCCCCOC(=O)CCCCCCC/C=C\CCCCCCCC,JW_2024,JW_2024,0
-3.6413457,-0.867450778,CCCCCCCC/C=C\CCCCCCCC(=O)OCCCCCCN(C)CCOC(=O)OCCN(C)CCCCCCOC(=O)CCCCCCC/C=C\CCCCCCCC,JW_2024,JW_2024,0
-6.4498973,-0.524345877,CCCCCCCC/C=C\CCCCCCCC(=O)OCCCCCCN(C)CCOC(=O)OCCN(C)CCCCCCOC(=O)CCCCCCC/C=C\CCCCCCCC,JW_2024,JW_2024,0
-3.3575246,-0.0021372,CCCCCCCC/C=C\CCCCCCCC(=O)OCCCCCC(O)C(CCCCOC(=O)CCCCCCC/C=C\CCCCCCCC)CN1CCCC[C@H]1CO,JW_2024,JW_2024,0
-4.226093,0.651115156,CCCCCCCC/C=C\CCCCCCCC(=O)OCCCCCC(O)C(CCCCOC(=O)CCCCCCC/C=C\CCCCCCCC)CN1CCCC[C@H]1CO,JW_2024,JW_2024,1
-3.1056242,0.7327717,CCCCCCCC/C=C\CCCCCCCC(=O)OCCCCCC(O)C(CCCCOC(=O)CCCCCCC/C=C\CCCCCCCC)CN1CCCC[C@H]1CO,JW_2024,JW_2024,1
-6.617143,1.157385731,CCCCCCCC/C=C\CCCCCCCC(=O)OCCCCCC(O)C(CCCCOC(=O)CCCCCCC/C=C\CCCCCCCC)CN1CCCC[C@H]1CO,JW_2024,JW_2024,1
-4.566302,0.985906988,CCCCCCCC/C=C\CCCCCCCC(=O)OCCCCCC(O)C(CCCCOC(=O)CCCCCCC/C=C\CCCCCCCC)CN1CCCC[C@H]1CO,JW_2024,JW_2024,1
-5.4741125,1.353361438,CCCCCCCC/C=C\CCCCCCCC(=O)OCCCCCC(O)C(CCCCOC(=O)CCCCCCC/C=C\CCCCCCCC)CN1CCCC[C@H]1CO,JW_2024,JW_2024,2
-2.9925249,0.250998088,CCCCCCCC/C=C\CCCCCCCC(=O)OCCCCCC(O)C(CCCCOC(=O)CCCCCCC/C=C\CCCCCCCC)CN1CCCC[C@H]1CO,JW_2024,JW_2024,1
-3.5906935,-0.279769451,CCCCCCCC/C=C\CCCCCCCC(=O)OCCCCCC(O)C(CCCCOC(=O)CCCCCCC/C=C\CCCCCCCC)CN1CCCC[C@H]1CO,JW_2024,JW_2024,0
-5.7836165,1.043066569,CCCCCCCC/C=C\CCCCCCCC(=O)OCCCCCC(O)C(CCCCOC(=O)CCCCCCC/C=C\CCCCCCCC)CN1CCCC[C@H]1CO,JW_2024,JW_2024,1
-1.6255727,-0.451248194,CCCCCCCC/C=C\CCCCCCCC(=O)OCCCCCC(O)C(CCCCOC(=O)CCCCCCC/C=C\CCCCCCCC)CN1CCCN(C)CC1,JW_2024,JW_2024,0
-2.158515,1.818803741,CCCCCCCC/C=C\CCCCCCCC(=O)OCCCCCC(O)C(CCCCOC(=O)CCCCCCC/C=C\CCCCCCCC)CN1CCCN(C)CC1,JW_2024,JW_2024,2
-2.3630376,1.149220077,CCCCCCCC/C=C\CCCCCCCC(=O)OCCCCCC(O)C(CCCCOC(=O)CCCCCCC/C=C\CCCCCCCC)CN1CCCN(C)CC1,JW_2024,JW_2024,1
-4.1939373,0.193838507,CCCCCCCC/C=C\CCCCCCCC(=O)OCCCCCC(O)C(CCCCOC(=O)CCCCCCC/C=C\CCCCCCCC)CN1CCCN(C)CC1,JW_2024,JW_2024,1
-3.3747215,1.941288558,CCCCCCCC/C=C\CCCCCCCC(=O)OCCCCCC(O)C(CCCCOC(=O)CCCCCCC/C=C\CCCCCCCC)CN1CCCN(C)CC1,JW_2024,JW_2024,3
-4.2504807,1.181882694,CCCCCCCC/C=C\CCCCCCCC(=O)OCCCCCC(O)C(CCCCOC(=O)CCCCCCC/C=C\CCCCCCCC)CN1CCCN(C)CC1,JW_2024,JW_2024,1
-2.3284175,-0.091959399,CCCCCCCC/C=C\CCCCCCCC(=O)OCCCCCC(O)C(CCCCOC(=O)CCCCCCC/C=C\CCCCCCCC)CN1CCCN(C)CC1,JW_2024,JW_2024,0
-1.3443966,0.569458611,CCCCCCCC/C=C\CCCCCCCC(=O)OCCCCCC(O)C(CCCCOC(=O)CCCCCCC/C=C\CCCCCCCC)CN1CCCN(C)CC1,JW_2024,JW_2024,1
-4.52106,1.149220077,CCCCCCCC/C=C\CCCCCCCC(=O)OCCCCCC(O)C(CCCCOC(=O)CCCCCCC/C=C\CCCCCCCC)CN1CCCN(C)CC1,JW_2024,JW_2024,1
-4.1260867,1.034900914,CCCCCCCC/C=C\CCCCCCCC(=O)OCCCCCC(O)C(CCCCOC(=O)CCCCCCC/C=C\CCCCCCCC)CNCCN1CCCCC1,JW_2024,JW_2024,1
-4.8524647,1.279870548,CCCCCCCC/C=C\CCCCCCCC(=O)OCCCCCC(O)C(CCCCOC(=O)CCCCCCC/C=C\CCCCCCCC)CNCCN1CCCCC1,JW_2024,JW_2024,1
-4.095386,1.059397878,CCCCCCCC/C=C\CCCCCCCC(=O)OCCCCCC(O)C(CCCCOC(=O)CCCCCCC/C=C\CCCCCCCC)CNCCN1CCCCC1,JW_2024,JW_2024,1
-6.9453363,1.092060496,CCCCCCCC/C=C\CCCCCCCC(=O)OCCCCCC(O)C(CCCCOC(=O)CCCCCCC/C=C\CCCCCCCC)CNCCN1CCCCC1,JW_2024,JW_2024,1
-4.78641,1.353361438,CCCCCCCC/C=C\CCCCCCCC(=O)OCCCCCC(O)C(CCCCOC(=O)CCCCCCC/C=C\CCCCCCCC)CNCCN1CCCCC1,JW_2024,JW_2024,2
-5.884593,1.663656307,CCCCCCCC/C=C\CCCCCCCC(=O)OCCCCCC(O)C(CCCCOC(=O)CCCCCCC/C=C\CCCCCCCC)CNCCN1CCCCC1,JW_2024,JW_2024,2
-4.0175133,0.822593899,CCCCCCCC/C=C\CCCCCCCC(=O)OCCCCCC(O)C(CCCCOC(=O)CCCCCCC/C=C\CCCCCCCC)CNCCN1CCCCC1,JW_2024,JW_2024,1
-4.2399583,1.328864474,CCCCCCCC/C=C\CCCCCCCC(=O)OCCCCCC(O)C(CCCCOC(=O)CCCCCCC/C=C\CCCCCCCC)CNCCN1CCCCC1,JW_2024,JW_2024,2
-6.0984735,1.720815888,CCCCCCCC/C=C\CCCCCCCC(=O)OCCCCCC(O)C(CCCCOC(=O)CCCCCCC/C=C\CCCCCCCC)CNCCN1CCCCC1,JW_2024,JW_2024,2
-4.2909265,-0.606395629,CCCCCCCC/C=C\CCCCCCCC(=O)OCCCCCC(O)C(CCCCOC(=O)CCCCCCC/C=C\CCCCCCCC)CNCCCn1ccnc1,JW_2024,JW_2024,0
-4.8679495,0.422476831,CCCCCCCC/C=C\CCCCCCCC(=O)OCCCCCC(O)C(CCCCOC(=O)CCCCCCC/C=C\CCCCCCCC)CNCCCn1ccnc1,JW_2024,JW_2024,1
-4.3666253,0.038691072,CCCCCCCC/C=C\CCCCCCCC(=O)OCCCCCC(O)C(CCCCOC(=O)CCCCCCC/C=C\CCCCCCCC)CNCCCn1ccnc1,JW_2024,JW_2024,1
-8.05049,-0.042965472,CCCCCCCC/C=C\CCCCCCCC(=O)OCCCCCC(O)C(CCCCOC(=O)CCCCCCC/C=C\CCCCCCCC)CNCCCn1ccnc1,JW_2024,JW_2024,0
-6.5638084,0.104016308,CCCCCCCC/C=C\CCCCCCCC(=O)OCCCCCC(O)C(CCCCOC(=O)CCCCCCC/C=C\CCCCCCCC)CNCCCn1ccnc1,JW_2024,JW_2024,1
-7.3231015,0.120347617,CCCCCCCC/C=C\CCCCCCCC(=O)OCCCCCC(O)C(CCCCOC(=O)CCCCCCC/C=C\CCCCCCCC)CNCCCn1ccnc1,JW_2024,JW_2024,1
-4.602171,0.283660706,CCCCCCCC/C=C\CCCCCCCC(=O)OCCCCCC(O)C(CCCCOC(=O)CCCCCCC/C=C\CCCCCCCC)CNCCCn1ccnc1,JW_2024,JW_2024,1
-4.6263757,0.455139449,CCCCCCCC/C=C\CCCCCCCC(=O)OCCCCCC(O)C(CCCCOC(=O)CCCCCCC/C=C\CCCCCCCC)CNCCCn1ccnc1,JW_2024,JW_2024,1
-7.626922,0.830759553,CCCCCCCC/C=C\CCCCCCCC(=O)OCCCCCC(O)C(CCCCOC(=O)CCCCCCC/C=C\CCCCCCCC)CNCCCn1ccnc1,JW_2024,JW_2024,1
-4.648384,0.234666779,CCCCCCCC/C=C\CCCCCCCC(=O)OCCCCCC(O)C(CCCCOC(=O)CCCCCCC/C=C\CCCCCCCC)CNCCO,JW_2024,JW_2024,1
-4.9172287,1.149220077,CCCCCCCC/C=C\CCCCCCCC(=O)OCCCCCC(O)C(CCCCOC(=O)CCCCCCC/C=C\CCCCCCCC)CNCCO,JW_2024,JW_2024,1
-4.196411,0.757268663,CCCCCCCC/C=C\CCCCCCCC(=O)OCCCCCC(O)C(CCCCOC(=O)CCCCCCC/C=C\CCCCCCCC)CNCCO,JW_2024,JW_2024,1
-7.7313027,0.389814213,CCCCCCCC/C=C\CCCCCCCC(=O)OCCCCCC(O)C(CCCCOC(=O)CCCCCCC/C=C\CCCCCCCC)CNCCO,JW_2024,JW_2024,1
-6.387221,1.369692747,CCCCCCCC/C=C\CCCCCCCC(=O)OCCCCCC(O)C(CCCCOC(=O)CCCCCCC/C=C\CCCCCCCC)CNCCO,JW_2024,JW_2024,2
-6.7577395,0.716440391,CCCCCCCC/C=C\CCCCCCCC(=O)OCCCCCC(O)C(CCCCOC(=O)CCCCCCC/C=C\CCCCCCCC)CNCCO,JW_2024,JW_2024,1
-4.5868855,0.348985941,CCCCCCCC/C=C\CCCCCCCC(=O)OCCCCCC(O)C(CCCCOC(=O)CCCCCCC/C=C\CCCCCCCC)CNCCO,JW_2024,JW_2024,1
-5.37272,0.463305103,CCCCCCCC/C=C\CCCCCCCC(=O)OCCCCCC(O)C(CCCCOC(=O)CCCCCCC/C=C\CCCCCCCC)CNCCO,JW_2024,JW_2024,1
-7.2846727,1.337030129,CCCCCCCC/C=C\CCCCCCCC(=O)OCCCCCC(O)C(CCCCOC(=O)CCCCCCC/C=C\CCCCCCCC)CNCCO,JW_2024,JW_2024,2
-5.002719,-0.941187461,CCCCCCCC/C=C\CCCCCCCC(=O)OCCCCCC(O)C(CCCCOC(=O)CCCCCCC/C=C\CCCCCCCC)CNCCCO,JW_2024,JW_2024,0
-5.360271,1.010403951,CCCCCCCC/C=C\CCCCCCCC(=O)OCCCCCC(O)C(CCCCOC(=O)CCCCCCC/C=C\CCCCCCCC)CNCCCO,JW_2024,JW_2024,1
-4.610903,0.128513271,CCCCCCCC/C=C\CCCCCCCC(=O)OCCCCCC(O)C(CCCCOC(=O)CCCCCCC/C=C\CCCCCCCC)CNCCCO,JW_2024,JW_2024,1
-7.6273794,0.757268663,CCCCCCCC/C=C\CCCCCCCC(=O)OCCCCCC(O)C(CCCCOC(=O)CCCCCCC/C=C\CCCCCCCC)CNCCCO,JW_2024,JW_2024,1
-6.704544,1.516674527,CCCCCCCC/C=C\CCCCCCCC(=O)OCCCCCC(O)C(CCCCOC(=O)CCCCCCC/C=C\CCCCCCCC)CNCCCO,JW_2024,JW_2024,2
-6.49679,0.226501125,CCCCCCCC/C=C\CCCCCCCC(=O)OCCCCCC(O)C(CCCCOC(=O)CCCCCCC/C=C\CCCCCCCC)CNCCCO,JW_2024,JW_2024,1
-4.881137,-0.328763378,CCCCCCCC/C=C\CCCCCCCC(=O)OCCCCCC(O)C(CCCCOC(=O)CCCCCCC/C=C\CCCCCCCC)CNCCCO,JW_2024,JW_2024,0
-5.472973,0.079519344,CCCCCCCC/C=C\CCCCCCCC(=O)OCCCCCC(O)C(CCCCOC(=O)CCCCCCC/C=C\CCCCCCCC)CNCCCO,JW_2024,JW_2024,1
-7.091153,0.838925208,CCCCCCCC/C=C\CCCCCCCC(=O)OCCCCCC(O)C(CCCCOC(=O)CCCCCCC/C=C\CCCCCCCC)CNCCCO,JW_2024,JW_2024,1
-2.4862041,-0.165450289,CCCCCCCC/C=C\CCCCCCCC(=O)OCCCCCC(O)C(CCCCOC(=O)CCCCCCC/C=C\CCCCCCCC)CN(C)CCN(C)C,JW_2024,JW_2024,0
-3.5398326,1.165551386,CCCCCCCC/C=C\CCCCCCCC(=O)OCCCCCC(O)C(CCCCOC(=O)CCCCCCC/C=C\CCCCCCCC)CN(C)CCN(C)C,JW_2024,JW_2024,1
-2.4906323,0.055022381,CCCCCCCC/C=C\CCCCCCCC(=O)OCCCCCC(O)C(CCCCOC(=O)CCCCCCC/C=C\CCCCCCCC)CN(C)CCN(C)C,JW_2024,JW_2024,1
-6.3537693,0.030525418,CCCCCCCC/C=C\CCCCCCCC(=O)OCCCCCC(O)C(CCCCOC(=O)CCCCCCC/C=C\CCCCCCCC)CN(C)CCN(C)C,JW_2024,JW_2024,1
-4.266651,0.348985941,CCCCCCCC/C=C\CCCCCCCC(=O)OCCCCCC(O)C(CCCCOC(=O)CCCCCCC/C=C\CCCCCCCC)CN(C)CCN(C)C,JW_2024,JW_2024,1
-4.914001,0.373482905,CCCCCCCC/C=C\CCCCCCCC(=O)OCCCCCC(O)C(CCCCOC(=O)CCCCCCC/C=C\CCCCCCCC)CN(C)CCN(C)C,JW_2024,JW_2024,1
-2.4428947,-0.312432069,CCCCCCCC/C=C\CCCCCCCC(=O)OCCCCCC(O)C(CCCCOC(=O)CCCCCCC/C=C\CCCCCCCC)CN(C)CCN(C)C,JW_2024,JW_2024,0
-3.0079126,0.749103009,CCCCCCCC/C=C\CCCCCCCC(=O)OCCCCCC(O)C(CCCCOC(=O)CCCCCCC/C=C\CCCCCCCC)CN(C)CCN(C)C,JW_2024,JW_2024,1
-5.2344937,0.561292957,CCCCCCCC/C=C\CCCCCCCC(=O)OCCCCCC(O)C(CCCCOC(=O)CCCCCCC/C=C\CCCCCCCC)CN(C)CCN(C)C,JW_2024,JW_2024,1
-3.7320118,0.414311177,CCCCCCCC/C=C\CCCCCCCC(=O)OCCCCCC(O)C(CCCCOC(=O)CCCCCCC/C=C\CCCCCCCC)CNCCCN(CCCC)CCCC,JW_2024,JW_2024,1
-4.1790943,0.716440391,CCCCCCCC/C=C\CCCCCCCC(=O)OCCCCCC(O)C(CCCCOC(=O)CCCCCCC/C=C\CCCCCCCC)CNCCCN(CCCC)CCCC,JW_2024,JW_2024,1
-3.5860431,0.724606046,CCCCCCCC/C=C\CCCCCCCC(=O)OCCCCCC(O)C(CCCCOC(=O)CCCCCCC/C=C\CCCCCCCC)CNCCCN(CCCC)CCCC,JW_2024,JW_2024,1
-6.6586347,0.120347617,CCCCCCCC/C=C\CCCCCCCC(=O)OCCCCCC(O)C(CCCCOC(=O)CCCCCCC/C=C\CCCCCCCC)CNCCCN(CCCC)CCCC,JW_2024,JW_2024,1
-4.7673807,1.092060496,CCCCCCCC/C=C\CCCCCCCC(=O)OCCCCCC(O)C(CCCCOC(=O)CCCCCCC/C=C\CCCCCCCC)CNCCCN(CCCC)CCCC,JW_2024,JW_2024,1
-5.472598,0.95324437,CCCCCCCC/C=C\CCCCCCCC(=O)OCCCCCC(O)C(CCCCOC(=O)CCCCCCC/C=C\CCCCCCCC)CNCCCN(CCCC)CCCC,JW_2024,JW_2024,1
-3.5413013,0.798096936,CCCCCCCC/C=C\CCCCCCCC(=O)OCCCCCC(O)C(CCCCOC(=O)CCCCCCC/C=C\CCCCCCCC)CNCCCN(CCCC)CCCC,JW_2024,JW_2024,1
-4.007651,0.430642486,CCCCCCCC/C=C\CCCCCCCC(=O)OCCCCCC(O)C(CCCCOC(=O)CCCCCCC/C=C\CCCCCCCC)CNCCCN(CCCC)CCCC,JW_2024,JW_2024,1
-5.994884,1.484011909,CCCCCCCC/C=C\CCCCCCCC(=O)OCCCCCC(O)C(CCCCOC(=O)CCCCCCC/C=C\CCCCCCCC)CNCCCN(CCCC)CCCC,JW_2024,JW_2024,2
-4.294174,1.149220077,CCCCCCCC/C=C\CCCCCCCC(=O)OCCCCCC(O)C(CCCCOC(=O)CCCCCCC/C=C\CCCCCCCC)CNCCN1CCOCC1,JW_2024,JW_2024,1
-5.0099225,1.304367511,CCCCCCCC/C=C\CCCCCCCC(=O)OCCCCCC(O)C(CCCCOC(=O)CCCCCCC/C=C\CCCCCCCC)CNCCN1CCOCC1,JW_2024,JW_2024,1
-3.854395,0.634783847,CCCCCCCC/C=C\CCCCCCCC(=O)OCCCCCC(O)C(CCCCOC(=O)CCCCCCC/C=C\CCCCCCCC)CNCCN1CCOCC1,JW_2024,JW_2024,1
-7.7637496,0.610286883,CCCCCCCC/C=C\CCCCCCCC(=O)OCCCCCC(O)C(CCCCOC(=O)CCCCCCC/C=C\CCCCCCCC)CNCCN1CCOCC1,JW_2024,JW_2024,1
-5.53914,1.288036202,CCCCCCCC/C=C\CCCCCCCC(=O)OCCCCCC(O)C(CCCCOC(=O)CCCCCCC/C=C\CCCCCCCC)CNCCN1CCOCC1,JW_2024,JW_2024,1
-6.391901,0.781765627,CCCCCCCC/C=C\CCCCCCCC(=O)OCCCCCC(O)C(CCCCOC(=O)CCCCCCC/C=C\CCCCCCCC)CNCCN1CCOCC1,JW_2024,JW_2024,1
-4.2444544,-0.402254268,CCCCCCCC/C=C\CCCCCCCC(=O)OCCCCCC(O)C(CCCCOC(=O)CCCCCCC/C=C\CCCCCCCC)CNCCN1CCOCC1,JW_2024,JW_2024,0
-4.644973,1.124723113,CCCCCCCC/C=C\CCCCCCCC(=O)OCCCCCC(O)C(CCCCOC(=O)CCCCCCC/C=C\CCCCCCCC)CNCCN1CCOCC1,JW_2024,JW_2024,1
-6.8212333,1.459514945,CCCCCCCC/C=C\CCCCCCCC(=O)OCCCCCC(O)C(CCCCOC(=O)CCCCCCC/C=C\CCCCCCCC)CNCCN1CCOCC1,JW_2024,JW_2024,2
-4.3764486,-0.66355521,CCCCCCCC/C=C\CCCCCCCC(=O)OCCCCCC(O)C(CCCCOC(=O)CCCCCCC/C=C\CCCCCCCC)CNCCN1CCCC1,JW_2024,JW_2024,0
-4.9087787,1.337030129,CCCCCCCC/C=C\CCCCCCCC(=O)OCCCCCC(O)C(CCCCOC(=O)CCCCCCC/C=C\CCCCCCCC)CNCCN1CCCC1,JW_2024,JW_2024,2
-4.070042,0.569458611,CCCCCCCC/C=C\CCCCCCCC(=O)OCCCCCC(O)C(CCCCOC(=O)CCCCCCC/C=C\CCCCCCCC)CNCCN1CCCC1,JW_2024,JW_2024,1
-6.9067736,0.495967721,CCCCCCCC/C=C\CCCCCCCC(=O)OCCCCCC(O)C(CCCCOC(=O)CCCCCCC/C=C\CCCCCCCC)CNCCN1CCCC1,JW_2024,JW_2024,1
-4.7974925,1.328864474,CCCCCCCC/C=C\CCCCCCCC(=O)OCCCCCC(O)C(CCCCOC(=O)CCCCCCC/C=C\CCCCCCCC)CNCCN1CCCC1,JW_2024,JW_2024,2
-5.763053,0.602121229,CCCCCCCC/C=C\CCCCCCCC(=O)OCCCCCC(O)C(CCCCOC(=O)CCCCCCC/C=C\CCCCCCCC)CNCCN1CCCC1,JW_2024,JW_2024,1
-4.0526295,-0.263438142,CCCCCCCC/C=C\CCCCCCCC(=O)OCCCCCC(O)C(CCCCOC(=O)CCCCCCC/C=C\CCCCCCCC)CNCCN1CCCC1,JW_2024,JW_2024,0
-4.210221,1.059397878,CCCCCCCC/C=C\CCCCCCCC(=O)OCCCCCC(O)C(CCCCOC(=O)CCCCCCC/C=C\CCCCCCCC)CNCCN1CCCC1,JW_2024,JW_2024,1
-6.0576696,1.083894841,CCCCCCCC/C=C\CCCCCCCC(=O)OCCCCCC(O)C(CCCCOC(=O)CCCCCCC/C=C\CCCCCCCC)CNCCN1CCCC1,JW_2024,JW_2024,1
-2.1778975,-0.379479363,CCCCCCCC/C=C\CCCCCCCC(=O)OCCCCCCN(C)CCOC(=O)OCCN(C)CCCCCC(=O)OC(CCCCCCCC)CCCCCCCC,JW_2024,JW_2024,0
-2.7605271,-0.188865529,CCCCCCCC/C=C\CCCCCCCC(=O)OCCCCCCN(C)CCOC(=O)OCCN(C)CCCCCC(=O)OC(CCCCCCCC)CCCCCCCC,JW_2024,JW_2024,0
-2.0713828,0.977691136,CCCCCCCC/C=C\CCCCCCCC(=O)OCCCCCCN(C)CCOC(=O)OCCN(C)CCCCCC(=O)OC(CCCCCCCC)CCCCCCCC,JW_2024,JW_2024,1
-5.818829,-0.265111062,CCCCCCCC/C=C\CCCCCCCC(=O)OCCCCCCN(C)CCOC(=O)OCCN(C)CCCCCC(=O)OC(CCCCCCCC)CCCCCCCC,JW_2024,JW_2024,0
-4.075981,-0.249861956,CCCCCCCC/C=C\CCCCCCCC(=O)OCCCCCCN(C)CCOC(=O)OCCN(C)CCCCCC(=O)OC(CCCCCCCC)CCCCCCCC,JW_2024,JW_2024,0
-4.5387073,-0.470974003,CCCCCCCC/C=C\CCCCCCCC(=O)OCCCCCCN(C)CCOC(=O)OCCN(C)CCCCCC(=O)OC(CCCCCCCC)CCCCCCCC,JW_2024,JW_2024,0
-2.1732063,-0.173616422,CCCCCCCC/C=C\CCCCCCCC(=O)OCCCCCCN(C)CCOC(=O)OCCN(C)CCCCCC(=O)OC(CCCCCCCC)CCCCCCCC,JW_2024,JW_2024,0
-2.1083825,-0.44047579,CCCCCCCC/C=C\CCCCCCCC(=O)OCCCCCCN(C)CCOC(=O)OCCN(C)CCCCCC(=O)OC(CCCCCCCC)CCCCCCCC,JW_2024,JW_2024,0
-5.2847214,-0.211739189,CCCCCCCC/C=C\CCCCCCCC(=O)OCCCCCCN(C)CCOC(=O)OCCN(C)CCCCCC(=O)OC(CCCCCCCC)CCCCCCCC,JW_2024,JW_2024,0
-2.1675186,-1.286801213,CCCCCCCCCCCCCCCCCC(=O)OCCCCCCN(C)CCOC(=O)OCCN(C)CCCCCCOC(=O)CCCCCCCCCCCCCCCCC,JW_2024,JW_2024,0
-3.260917,-0.470974003,CCCCCCCCCCCCCCCCCC(=O)OCCCCCCN(C)CCOC(=O)OCCN(C)CCCCCCOC(=O)CCCCCCCCCCCCCCCCC,JW_2024,JW_2024,0
-3.0197635,-0.478598557,CCCCCCCCCCCCCCCCCC(=O)OCCCCCCN(C)CCOC(=O)OCCN(C)CCCCCCOC(=O)CCCCCCCCCCCCCCCCC,JW_2024,JW_2024,0
-5.9915867,-0.44047579,CCCCCCCCCCCCCCCCCC(=O)OCCCCCCN(C)CCOC(=O)OCCN(C)CCCCCCOC(=O)CCCCCCCCCCCCCCCCC,JW_2024,JW_2024,0
-4.5467377,-0.188865529,CCCCCCCCCCCCCCCCCC(=O)OCCCCCCN(C)CCOC(=O)OCCN(C)CCCCCCOC(=O)CCCCCCCCCCCCCCCCC,JW_2024,JW_2024,0
-5.279988,-0.425226683,CCCCCCCCCCCCCCCCCC(=O)OCCCCCCN(C)CCOC(=O)OCCN(C)CCCCCCOC(=O)CCCCCCCCCCCCCCCCC,JW_2024,JW_2024,0
-3.2934139,-0.165991869,CCCCCCCCCCCCCCCCCC(=O)OCCCCCCN(C)CCOC(=O)OCCN(C)CCCCCCOC(=O)CCCCCCCCCCCCCCCCC,JW_2024,JW_2024,0
-3.1467714,-0.867450778,CCCCCCCCCCCCCCCCCC(=O)OCCCCCCN(C)CCOC(=O)OCCN(C)CCCCCCOC(=O)CCCCCCCCCCCCCCCCC,JW_2024,JW_2024,0
-5.582284,0.116116606,CCCCCCCCCCCCCCCCCC(=O)OCCCCCCN(C)CCOC(=O)OCCN(C)CCCCCCOC(=O)CCCCCCCCCCCCCCCCC,JW_2024,JW_2024,1
-3.399508,-0.943696312,CCCCC/C=C\C/C=C\CCCCCCCC(=O)OCCCCCCN(C)CCOC(=O)OCCN(C)CCCCCCOC(=O)CCCCCCC/C=C\C/C=C\CCCCC,JW_2024,JW_2024,0
-4.645897,-0.234612849,CCCCC/C=C\C/C=C\CCCCCCCC(=O)OCCCCCCN(C)CCOC(=O)OCCN(C)CCCCCCOC(=O)CCCCCCC/C=C\C/C=C\CCCCC,JW_2024,JW_2024,0
-3.227032,-0.547219537,CCCCC/C=C\C/C=C\CCCCCCCC(=O)OCCCCCCN(C)CCOC(=O)OCCN(C)CCCCCCOC(=O)CCCCCCC/C=C\C/C=C\CCCCC,JW_2024,JW_2024,0
-7.343282,-0.448100343,CCCCC/C=C\C/C=C\CCCCCCCC(=O)OCCCCCCN(C)CCOC(=O)OCCN(C)CCCCCCOC(=O)CCCCCCC/C=C\C/C=C\CCCCC,JW_2024,JW_2024,0
-5.383543,-0.143118209,CCCCC/C=C\C/C=C\CCCCCCCC(=O)OCCCCCCN(C)CCOC(=O)OCCN(C)CCCCCCOC(=O)CCCCCCC/C=C\C/C=C\CCCCC,JW_2024,JW_2024,0
-6.049383,-1.180057466,CCCCC/C=C\C/C=C\CCCCCCCC(=O)OCCCCCCN(C)CCOC(=O)OCCN(C)CCCCCCOC(=O)CCCCCCC/C=C\C/C=C\CCCCC,JW_2024,JW_2024,0
-3.081861,-0.356605703,CCCCC/C=C\C/C=C\CCCCCCCC(=O)OCCCCCCN(C)CCOC(=O)OCCN(C)CCCCCCOC(=O)CCCCCCC/C=C\C/C=C\CCCCC,JW_2024,JW_2024,0
-3.8211906,-0.181240975,CCCCC/C=C\C/C=C\CCCCCCCC(=O)OCCCCCCN(C)CCOC(=O)OCCN(C)CCCCCCOC(=O)CCCCCCC/C=C\C/C=C\CCCCC,JW_2024,JW_2024,0
-6.5998383,0.001748305,CCCCC/C=C\C/C=C\CCCCCCCC(=O)OCCCCCCN(C)CCOC(=O)OCCN(C)CCCCCCOC(=O)CCCCCCC/C=C\C/C=C\CCCCC,JW_2024,JW_2024,0
-1.8721707,-1.096187379,CCCCCCCCCCCCCCCCCC(=O)OCCCCCCN(C)CCOC(=O)OCCN(C)CCCCCC(=O)OC(CCCCCCCC)CCCCCCCC,JW_2024,JW_2024,0
-3.0234308,-0.097370888,CCCCCCCCCCCCCCCCCC(=O)OCCCCCCN(C)CCOC(=O)OCCN(C)CCCCCC(=O)OC(CCCCCCCC)CCCCCCCC,JW_2024,JW_2024,0
-3.2914872,0.138990266,CCCCCCCCCCCCCCCCCC(=O)OCCCCCCN(C)CCOC(=O)OCCN(C)CCCCCC(=O)OC(CCCCCCCC)CCCCCCCC,JW_2024,JW_2024,1
-5.92821,-0.188865529,CCCCCCCCCCCCCCCCCC(=O)OCCCCCCN(C)CCOC(=O)OCCN(C)CCCCCC(=O)OC(CCCCCCCC)CCCCCCCC,JW_2024,JW_2024,0
-4.8403115,-0.196490082,CCCCCCCCCCCCCCCCCC(=O)OCCCCCCN(C)CCOC(=O)OCCN(C)CCCCCC(=O)OC(CCCCCCCC)CCCCCCCC,JW_2024,JW_2024,0
-5.5022864,-0.699710604,CCCCCCCCCCCCCCCCCC(=O)OCCCCCCN(C)CCOC(=O)OCCN(C)CCCCCC(=O)OC(CCCCCCCC)CCCCCCCC,JW_2024,JW_2024,0
-3.4437802,-0.859826225,CCCCCCCCCCCCCCCCCC(=O)OCCCCCCN(C)CCOC(=O)OCCN(C)CCCCCC(=O)OC(CCCCCCCC)CCCCCCCC,JW_2024,JW_2024,0
-2.4017406,-0.196490082,CCCCCCCCCCCCCCCCCC(=O)OCCCCCCN(C)CCOC(=O)OCCN(C)CCCCCC(=O)OC(CCCCCCCC)CCCCCCCC,JW_2024,JW_2024,0
-5.879657,-0.249861956,CCCCCCCCCCCCCCCCCC(=O)OCCCCCCN(C)CCOC(=O)OCCN(C)CCCCCC(=O)OC(CCCCCCCC)CCCCCCCC,JW_2024,JW_2024,0
-4.797047,-0.941187461,CCCCC/C=C\C/C=C\CCCCCCCC(=O)OCCCCCC(O)C(CCCCOC(=O)CCCCCCC/C=C\C/C=C\CCCCC)CN(C)CCCNC,JW_2024,JW_2024,0
-7.2313094,-0.475745158,CCCCC/C=C\C/C=C\CCCCCCCC(=O)OCCCCCC(O)C(CCCCOC(=O)CCCCCCC/C=C\C/C=C\CCCCC)CN(C)CCCNC,JW_2024,JW_2024,0
-6.006152,-0.483910812,CCCCC/C=C\C/C=C\CCCCCCCC(=O)OCCCCCC(O)C(CCCCOC(=O)CCCCCCC/C=C\C/C=C\CCCCC)CNCCN1CCOCC1,JW_2024,JW_2024,0
-7.666447,1.255373584,CCCCC/C=C\C/C=C\CCCCCCCC(=O)OCCCCCC(O)C(CCCCOC(=O)CCCCCCC/C=C\C/C=C\CCCCC)CNCCN1CCOCC1,JW_2024,JW_2024,1
-6.4610286,0.683777773,CCCCC/C=C\C/C=C\CCCCCCCC(=O)OCCCCCC(O)C(CCCCOC(=O)CCCCCCC/C=C\C/C=C\CCCCC)CNCCN1CCCC1,JW_2024,JW_2024,1
-8.046875,0.838925208,CCCCC/C=C\C/C=C\CCCCCCCC(=O)OCCCCCC(O)C(CCCCOC(=O)CCCCCCC/C=C\C/C=C\CCCCC)CNCCN1CCCC1,JW_2024,JW_2024,1
-4.028542,-0.173615943,CCCCC/C=C\C/C=C\CCCCCCCC(=O)OCCCCCC(O)C(CCCCOC(=O)CCCCCCC/C=C\C/C=C\CCCCC)CN(C)CCN(C)C,JW_2024,JW_2024,0
-5.438992,0.863422171,CCCCC/C=C\C/C=C\CCCCCCCC(=O)OCCCCCC(O)C(CCCCOC(=O)CCCCCCC/C=C\C/C=C\CCCCC)CN(C)CCN(C)C,JW_2024,JW_2024,1
-3.5656435,-0.067462436,CCCCC/C=C\C/C=C\CCCCCCCC(=O)OCCCCCC(O)C(CCCCOC(=O)CCCCCCC/C=C\C/C=C\CCCCC)CNCCCn1ccnc1,JW_2024,JW_2024,0
-6.113781,0.283660706,CCCCC/C=C\C/C=C\CCCCCCCC(=O)OCCCCCC(O)C(CCCCOC(=O)CCCCCCC/C=C\C/C=C\CCCCC)CNCCCn1ccnc1,JW_2024,JW_2024,1
-4.039274,1.018569606,CCCCC/C=C\C/C=C\CCCCCCCC(=O)OCCCCCC(O)C(CCCCOC(=O)CCCCCCC/C=C\C/C=C\CCCCC)CNCCN(C)CCNCC(CCCCOC(=O)CCCCCCC/C=C\C/C=C\CCCCC)C(O)CCCCCOC(=O)CCCCCCC/C=C\C/C=C\CCCCC,JW_2024,JW_2024,1
-4.505922,1.516674527,CCCCC/C=C\C/C=C\CCCCCCCC(=O)OCCCCCC(O)C(CCCCOC(=O)CCCCCCC/C=C\C/C=C\CCCCC)CNCCN(C)CCNCC(CCCCOC(=O)CCCCCCC/C=C\C/C=C\CCCCC)C(O)CCCCCOC(=O)CCCCCCC/C=C\C/C=C\CCCCC,JW_2024,JW_2024,2
-5.4882245,-0.385922959,CCCCC/C=C\C/C=C\CCCCCCCC(=O)OCCCCCC(O)C(CCCCOC(=O)CCCCCCC/C=C\C/C=C\CCCCC)CNCCCN(C)C,JW_2024,JW_2024,0
-7.1447883,-0.255272488,CCCCC/C=C\C/C=C\CCCCCCCC(=O)OCCCCCC(O)C(CCCCOC(=O)CCCCCCC/C=C\C/C=C\CCCCC)CNCCCN(C)C,JW_2024,JW_2024,0
-3.6706011,-0.459413849,CCCCC/C=C\C/C=C\CCCCCCCC(=O)OCCCCCC(O)C(CCCCOC(=O)CCCCCCC/C=C\C/C=C\CCCCC)CNCCN1CCN(C)CC1,JW_2024,JW_2024,0
-6.194079,-0.483910812,CCCCC/C=C\C/C=C\CCCCCCCC(=O)OCCCCCC(O)C(CCCCOC(=O)CCCCCCC/C=C\C/C=C\CCCCC)CNCCN1CCN(C)CC1,JW_2024,JW_2024,0
-3.986819,-0.7370461,CCCCC/C=C\C/C=C\CCCCCCCC(=O)OCCCCCC(O)C(CCCCOC(=O)CCCCCCC/C=C\C/C=C\CCCCC)CN1CCCN(C)CC1,JW_2024,JW_2024,0
-6.4909463,-0.214444216,CCCCC/C=C\C/C=C\CCCCCCCC(=O)OCCCCCC(O)C(CCCCOC(=O)CCCCCCC/C=C\C/C=C\CCCCC)CN1CCCN(C)CC1,JW_2024,JW_2024,0
-4.9540963,-0.385922959,CCCCC/C=C\C/C=C\CCCCCCCC(=O)OCCCCCC(O)C(CCCCOC(=O)CCCCCCC/C=C\C/C=C\CCCCC)CNCCCN1CCCCC1CC,JW_2024,JW_2024,0
-6.6496725,0.046856727,CCCCC/C=C\C/C=C\CCCCCCCC(=O)OCCCCCC(O)C(CCCCOC(=O)CCCCCCC/C=C\C/C=C\CCCCC)CNCCCN1CCCCC1CC,JW_2024,JW_2024,1
-5.3930807,-1.210654058,CCCCC/C=C\C/C=C\CCCCCCCC(=O)OCCCCCC(O)C(CCCCOC(=O)CCCCCCC/C=C\C/C=C\CCCCC)CNCCN1CCCCC1,JW_2024,JW_2024,0
-6.8016996,-1.145328822,CCCCC/C=C\C/C=C\CCCCCCCC(=O)OCCCCCC(O)C(CCCCOC(=O)CCCCCCC/C=C\C/C=C\CCCCC)CNCCN1CCCCC1,JW_2024,JW_2024,0
-4.295117,1.092060496,CCCCC/C=C\C/C=C\CCCCCCCC(=O)OCCCCCC(O)C(CCCCOC(=O)CCCCCCC/C=C\C/C=C\CCCCC)CNCCNCCN1CCN(CCNCC(CCCCOC(=O)CCCCCCC/C=C\C/C=C\CCCCC)C(O)CCCCCOC(=O)CCCCCCC/C=C\C/C=C\CCCCC)CC1,JW_2024,JW_2024,1
-4.9858813,1.10022615,CCCCC/C=C\C/C=C\CCCCCCCC(=O)OCCCCCC(O)C(CCCCOC(=O)CCCCCCC/C=C\C/C=C\CCCCC)CNCCNCCN1CCN(CCNCC(CCCCOC(=O)CCCCCCC/C=C\C/C=C\CCCCC)C(O)CCCCCOC(=O)CCCCCCC/C=C\C/C=C\CCCCC)CC1,JW_2024,JW_2024,1
-3.5176246,-0.769708718,CCCCC/C=C\C/C=C\CCCCCCCC(=O)OCCCCCC(O)C(CCCCOC(=O)CCCCCCC/C=C\C/C=C\CCCCC)CN1CCN(CC(CCCCOC(=O)CCCCCCC/C=C\C/C=C\CCCCC)C(O)CCCCCOC(=O)CCCCCCC/C=C\C/C=C\CCCCC)CC1,JW_2024,JW_2024,0
-4.5847473,-0.304266414,CCCCC/C=C\C/C=C\CCCCCCCC(=O)OCCCCCC(O)C(CCCCOC(=O)CCCCCCC/C=C\C/C=C\CCCCC)CN1CCN(CC(CCCCOC(=O)CCCCCCC/C=C\C/C=C\CCCCC)C(O)CCCCCOC(=O)CCCCCCC/C=C\C/C=C\CCCCC)CC1,JW_2024,JW_2024,0
-5.2994213,0.561292957,CCCCC/C=C\C/C=C\CCCCCCCC(=O)OCCCCCC(O)C(CCCCOC(=O)CCCCCCC/C=C\C/C=C\CCCCC)CNCCCN(CCCC)CCCC,JW_2024,JW_2024,1
-7.0146785,1.598331071,CCCCC/C=C\C/C=C\CCCCCCCC(=O)OCCCCCC(O)C(CCCCOC(=O)CCCCCCC/C=C\C/C=C\CCCCC)CNCCCN(CCCC)CCCC,JW_2024,JW_2024,2
-5.1022825,0.202004161,CCCCC/C=C\C/C=C\CCCCCCCC(=O)OCCCCCC(O)C(CCCCOC(=O)CCCCCCC/C=C\C/C=C\CCCCC)CNCCCN(CCO)CCO,JW_2024,JW_2024,1
-7.3929005,0.128513271,CCCCC/C=C\C/C=C\CCCCCCCC(=O)OCCCCCC(O)C(CCCCOC(=O)CCCCCCC/C=C\C/C=C\CCCCC)CNCCCN(CCO)CCO,JW_2024,JW_2024,1
-3.8251061,0.299992015,CCCCC/C=C\C/C=C\CCCCCCCC(=O)OCCCCCC(O)C(CCCCOC(=O)CCCCCCC/C=C\C/C=C\CCCCC)CNCCCNCC(CCCCOC(=O)CCCCCCC/C=C\C/C=C\CCCCC)C(O)CCCCCOC(=O)CCCCCCC/C=C\C/C=C\CCCCC,JW_2024,JW_2024,1
-4.372536,0.781765627,CCCCC/C=C\C/C=C\CCCCCCCC(=O)OCCCCCC(O)C(CCCCOC(=O)CCCCCCC/C=C\C/C=C\CCCCC)CNCCCNCC(CCCCOC(=O)CCCCCCC/C=C\C/C=C\CCCCC)C(O)CCCCCOC(=O)CCCCCCC/C=C\C/C=C\CCCCC,JW_2024,JW_2024,1
-4.910332,-1.284144948,CCCCC/C=C\C/C=C\CCCCCCCC(=O)OCCCCCC(O)C(CCCCOC(=O)CCCCCCC/C=C\C/C=C\CCCCC)CN(C)CCCN(C)CC(CCCCOC(=O)CCCCCCC/C=C\C/C=C\CCCCC)C(O)CCCCCOC(=O)CCCCCCC/C=C\C/C=C\CCCCC,JW_2024,JW_2024,0
-5.025533,-0.908524843,CCCCC/C=C\C/C=C\CCCCCCCC(=O)OCCCCCC(O)C(CCCCOC(=O)CCCCCCC/C=C\C/C=C\CCCCC)CN(C)CCCN(C)CC(CCCCOC(=O)CCCCCCC/C=C\C/C=C\CCCCC)C(O)CCCCCOC(=O)CCCCCCC/C=C\C/C=C\CCCCC,JW_2024,JW_2024,0
-6.025107,-0.532904739,CCCCCCCC/C=C\CCCCCCCC(=O)OCCCCCC(O)C(CCCCOC(=O)CCCCCCC/C=C\CCCCCCCC)CNCCNCCN1CCN(CCNCC(CCCCOC(=O)CCCCCCC/C=C\CCCCCCCC)C(O)CCCCCOC(=O)CCCCCCC/C=C\CCCCCCCC)CC1,JW_2024,JW_2024,0
-5.7892127,-0.091959399,CCCCCCCC/C=C\CCCCCCCC(=O)OCCCCCC(O)C(CCCCOC(=O)CCCCCCC/C=C\CCCCCCCC)CNCCNCCN1CCN(CCNCC(CCCCOC(=O)CCCCCCC/C=C\CCCCCCCC)C(O)CCCCCOC(=O)CCCCCCC/C=C\CCCCCCCC)CC1,JW_2024,JW_2024,0
-6.137304,1.622828034,CCCCCCCC/C=C\CCCCCCCC(=O)OCCCCCC(O)C(CCCCOC(=O)CCCCCCC/C=C\CCCCCCCC)CNCCN(C)CCNCC(CCCCOC(=O)CCCCCCC/C=C\CCCCCCCC)C(O)CCCCCOC(=O)CCCCCCC/C=C\CCCCCCCC,JW_2024,JW_2024,2
-5.907754,1.590165417,CCCCCCCC/C=C\CCCCCCCC(=O)OCCCCCC(O)C(CCCCOC(=O)CCCCCCC/C=C\CCCCCCCC)CNCCN(C)CCNCC(CCCCOC(=O)CCCCCCC/C=C\CCCCCCCC)C(O)CCCCCOC(=O)CCCCCCC/C=C\CCCCCCCC,JW_2024,JW_2024,2
-2.1130059,-0.532904739,CCCCCCCC/C=C\CCCCCCCC(=O)OCCCCCC(O)C(CCCCOC(=O)CCCCCCC/C=C\CCCCCCCC)CNCCN1CCN(C)CC1,JW_2024,JW_2024,0
-5.2780237,-0.44308254,CCCCCCCC/C=C\CCCCCCCC(=O)OCCCCCC(O)C(CCCCOC(=O)CCCCCCC/C=C\CCCCCCCC)CNCCN1CCN(C)CC1,JW_2024,JW_2024,0
-3.0637293,-0.042965472,CCCCCCCC/C=C\CCCCCCCC(=O)OCCCCCC(O)C(CCCCOC(=O)CCCCCCC/C=C\CCCCCCCC)CNCCCN(CCO)CCO,JW_2024,JW_2024,0
-5.786024,0.51229903,CCCCCCCC/C=C\CCCCCCCC(=O)OCCCCCC(O)C(CCCCOC(=O)CCCCCCC/C=C\CCCCCCCC)CNCCCN(CCO)CCO,JW_2024,JW_2024,1
-4.315311,1.610606694,CCCCCCC(C/C=C\CCCCCCCCOC(=O)CCN(CCC(=O)OCCCCCCCC/C=C\CC(CCCCCC)OC(=O)CCCC1CCCCC1)CCN1CCCC1)OC(=O)CCCC1CCCCC1,JW_2024,JW_2024,2
-4.483621,1.25980659,CCCCCCCCCCCC(=O)OC(C/C=C\CCCCCCCCOC(=O)CCN(CCC(=O)OCCCCCCCC/C=C\CC(CCCCCC)OC(=O)CCCCCCCCCCC)CCN1CCCC1)CCCCCC,JW_2024,JW_2024,1
-2.0023537,0.774083369,CCCCCCCCC(CCCCCC)C(=O)OC(C/C=C\CCCCCCCCOC(=O)CCN(CCCN(CC)CC)CCC(=O)OCCCCCCCC/C=C\CC(CCCCCC)OC(=O)C(CCCCCC)CCCCCCCC)CCCCCC,JW_2024,JW_2024,1
-3.0973594,1.016944979,CCCCC/C=C\CCC(=O)OC(C/C=C\CCCCCCCCOC(=O)CCN(CCCN(CC)CC)CCC(=O)OCCCCCCCC/C=C\CC(CCCCCC)OC(=O)CC/C=C\CCCCC)CCCCCC,JW_2024,JW_2024,1
-4.323369,0.49524226,CCCCCCCC/C=C\CCCCCCCC(=O)OC(C/C=C\CCCCCCCCOC(=O)CCN(CCC(=O)OCCCCCCCC/C=C\CC(CCCCCC)OC(=O)CCCCCCC/C=C\CCCCCCCC)CCc1ccncc1)CCCCCC,JW_2024,JW_2024,1
-5.117447,1.403724582,CCCCCCCC/C=C\CCCCCCCC(=O)OC(C/C=C\CCCCCCCCOC(=O)CCN(CCC(=O)OCCCCCCCC/C=C\CC(CCCCCC)OC(=O)CCCCCCC/C=C\CCCCCCCC)CCN1CCCC1)CCCCCC,JW_2024,JW_2024,2
-2.5820334,0.144442156,CCCCC/C=C\C/C=C\CCCCCCCC(=O)OC(C/C=C\CCCCCCCCOC(=O)CCN(CCC(=O)OCCCCCCCC/C=C\CC(CCCCCC)OC(=O)CCCCCCC/C=C\C/C=C\CCCCC)CCc1ccncc1)CCCCCC,JW_2024,JW_2024,1
-2.6139152,1.466688703,CCCCC/C=C\C/C=C\CCCCCCCC(=O)OC(C/C=C\CCCCCCCCOC(=O)CCN(CCCN(CC)CC)CCC(=O)OCCCCCCCC/C=C\CC(CCCCCC)OC(=O)CCCCCCC/C=C\C/C=C\CCCCC)CCCCCC,JW_2024,JW_2024,2
-3.0973594,1.376739958,CCCCC/C=C\CCC(=O)OC(C/C=C\CCCCCCCCOC(=O)CCN(CCCN(CC)CC)CCC(=O)OCCCCCCCC/C=C\CC(CCCCCC)OC(=O)CC/C=C\CCCCC)CCCCCC,JW_2024,JW_2024,2
-4.2770743,0.07248316,CCCCC/C=C\CCC(=O)OC(C/C=C\CCCCCCCCOC(=O)CCN(CCC(=O)OCCCCCCCC/C=C\CC(CCCCCC)OC(=O)CC/C=C\CCCCC)CCN(CCCC)CCCC)CCCCCC,JW_2024,JW_2024,1
-4.9328337,-0.35027594,CCCCCCCC/C=C\CCCCCCCC(=O)OC(C/C=C\CCCCCCCCOC(=O)CCN(CCCN(CCCC)CCCC)CCC(=O)OCCCCCCCC/C=C\CC(CCCCCC)OC(=O)CCCCCCC/C=C\CCCCCCCC)CCCCCC,JW_2024,JW_2024,0
-4.5176616,0.630165377,CCCCC/C=C\C/C=C\CCCCCCCC(=O)OC(C/C=C\CCCCCCCCOC(=O)CCN(CCCN(CCCC)CCCC)CCC(=O)OCCCCCCCC/C=C\CC(CCCCCC)OC(=O)CCCCCCC/C=C\C/C=C\CCCCC)CCCCCC,JW_2024,JW_2024,1
-6.2090826,1.016944979,CCCCC/C=C\CCC(=O)OC(C/C=C\CCCCCCCCOC(=O)CCN(C)CCO)CCCCCC,JW_2024,JW_2024,1
-1.8709825,1.322770711,CCCCCCCC/C=C\CCCCCCCCCC(=O)OC(C/C=C\CCCCCCCCOC(=O)CCN(CCCN(CC)CC)CCC(=O)OCCCCCCCC/C=C\CC(CCCCCC)OC(=O)CCCCCCCCC/C=C\CCCCCCCC)CCCCCC,JW_2024,JW_2024,2
-3.0130024,0.828052616,CCCCCCCC/C=C\CCCCCCCCCC(=O)OC(C/C=C\CCCCCCCCOC(=O)CCN(CCCN(C)C)CCC(=O)OCCCCCCCC/C=C\CC(CCCCCC)OC(=O)CCCCCCCCC/C=C\CCCCCCCC)CCCCCC,JW_2024,JW_2024,1
-3.275264,1.872136882,CCCCCCC(C/C=C\CCCCCCCCOC(=O)CCN(CCCN(C)C)CCC(=O)OCCCCCCCC/C=C\CC(CCCCCC)OC(C)=O)OC(C)=O,JW_2024,JW_2024,2
-3.7032561,0.918867775,CCCCCCC(C/C=C\CCCCCCCCOC(=O)CCN(CCC(=O)OCCCCCCCC/C=C\CC(CCCCCC)OC(C)=O)CCN(C)C)OC(C)=O,JW_2024,JW_2024,1
-3.3358302,0.952051244,CCCCCCC(C/C=C\CCCCCCCCOC(=O)CCN(CCCN(CC)CC)CCC(=O)OCCCCCCCC/C=C\CC(CCCCCC)OC(C)=O)OC(C)=O,JW_2024,JW_2024,1
-3.3358302,1.071291553,CCCCCCC(C/C=C\CCCCCCCCOC(=O)CCN(CCCN(CC)CC)CCC(=O)OCCCCCCCC/C=C\CC(CCCCCC)OC(C)=O)OC(C)=O,JW_2024,JW_2024,1
-4.1011095,1.494250671,CCCCCCC(C/C=C\CCCCCCCCOC(=O)CCN(CCCN(C)C)CCC(=O)OCCCCCCCC/C=C\CC(CCCCCC)OC(=O)CCC)OC(=O)CCC,JW_2024,JW_2024,2
-3.1571574,1.310216386,CCCCCCC(C/C=C\CCCCCCCCOC(=O)CCN(CCC(=O)OCCCCCCCC/C=C\CC(CCCCCC)OC(=O)CCC)CCN(C)C)OC(=O)CCC,JW_2024,JW_2024,1
-4.0098567,1.608387259,CCCCCCC(C/C=C\CCCCCCCCOC(=O)CCN(CCCN(CC)CC)CCC(=O)OCCCCCCCC/C=C\CC(CCCCCC)OC(=O)CCC)OC(=O)CCC,JW_2024,JW_2024,2
-3.2103548,1.078562255,CCCCCCC(C/C=C\CCCCCCCCOC(=O)CCN(CCC(=O)OCCCCCCCC/C=C\CC(CCCCCC)OC(=O)CCC)CCN(CC)CC)OC(=O)CCC,JW_2024,JW_2024,1
-4.2380333,1.569625684,CCCCCCC(C/C=C\CCCCCCCCOC(=O)CCN(CCCN(C)C)CCC(=O)OCCCCCCCC/C=C\CC(CCCCCC)OC(=O)CCCCC)OC(=O)CCCCC,JW_2024,JW_2024,2
-3.466469,1.589574973,CCCCCCC(C/C=C\CCCCCCCCOC(=O)CCN(CCC(=O)OCCCCCCCC/C=C\CC(CCCCCC)OC(=O)CCCCC)CCN(C)C)OC(=O)CCCCC,JW_2024,JW_2024,2
-3.7847748,1.261675322,CCCCCCC(C/C=C\CCCCCCCCOC(=O)CCN(CCCN(CC)CC)CCC(=O)OCCCCCCCC/C=C\CC(CCCCCC)OC(=O)CCCCC)OC(=O)CCCCC,JW_2024,JW_2024,1
-3.338757,1.172949892,CCCCCCC(C/C=C\CCCCCCCCOC(=O)CCN(CCC(=O)OCCCCCCCC/C=C\CC(CCCCCC)OC(=O)CCCCC)CCN(CC)CC)OC(=O)CCCCC,JW_2024,JW_2024,1
-4.44006,1.667493322,CCCCCCC(=O)OC(C/C=C\CCCCCCCCOC(=O)CCN(CCCN(C)C)CCC(=O)OCCCCCCCC/C=C\CC(CCCCCC)OC(=O)CCCCCC)CCCCCC,JW_2024,JW_2024,2
-3.4617968,1.599086397,CCCCCCC(=O)OC(C/C=C\CCCCCCCCOC(=O)CCN(CCC(=O)OCCCCCCCC/C=C\CC(CCCCCC)OC(=O)CCCCCC)CCN(C)C)CCCCCC,JW_2024,JW_2024,2
-3.412653,1.19472266,CCCCCCC(=O)OC(C/C=C\CCCCCCCCOC(=O)CCN(CCCN(CC)CC)CCC(=O)OCCCCCCCC/C=C\CC(CCCCCC)OC(=O)CCCCCC)CCCCCC,JW_2024,JW_2024,1
-3.030502,1.382945853,CCCCCCC(=O)OC(C/C=C\CCCCCCCCOC(=O)CCN(CCC(=O)OCCCCCCCC/C=C\CC(CCCCCC)OC(=O)CCCCCC)CCN(CC)CC)CCCCCC,JW_2024,JW_2024,2
-3.9532967,1.588362456,CCCCCCCC(=O)OC(C/C=C\CCCCCCCCOC(=O)CCN(CCCN(C)C)CCC(=O)OCCCCCCCC/C=C\CC(CCCCCC)OC(=O)CCCCCCC)CCCCCC,JW_2024,JW_2024,2
-3.4437673,1.323703485,CCCCCCCC(=O)OC(C/C=C\CCCCCCCCOC(=O)CCN(CCC(=O)OCCCCCCCC/C=C\CC(CCCCCC)OC(=O)CCCCCCC)CCN(C)C)CCCCCC,JW_2024,JW_2024,2
-3.9597032,1.146634303,CCCCCCCC(=O)OC(C/C=C\CCCCCCCCOC(=O)CCN(CCCN(CC)CC)CCC(=O)OCCCCCCCC/C=C\CC(CCCCCC)OC(=O)CCCCCCC)CCCCCC,JW_2024,JW_2024,1
-3.4927454,0.919170858,CCCCCCCC(=O)OC(C/C=C\CCCCCCCCOC(=O)CCN(CCC(=O)OCCCCCCCC/C=C\CC(CCCCCC)OC(=O)CCCCCCC)CCN(CC)CC)CCCCCC,JW_2024,JW_2024,1
-4.568815,0.885355186,CCCCCCCCCC(=O)OC(C/C=C\CCCCCCCCOC(=O)CCN(CCCN(C)C)CCC(=O)OCCCCCCCC/C=C\CC(CCCCCC)OC(=O)CCCCCCCCC)CCCCCC,JW_2024,JW_2024,1
-3.0503418,1.18910882,CCCCCCCCCC(=O)OC(C/C=C\CCCCCCCCOC(=O)CCN(CCC(=O)OCCCCCCCC/C=C\CC(CCCCCC)OC(=O)CCCCCCCCC)CCN(C)C)CCCCCC,JW_2024,JW_2024,1
-2.9755623,0.984650117,CCCCCCCCCC(=O)OC(C/C=C\CCCCCCCCOC(=O)CCN(CCCN(CC)CC)CCC(=O)OCCCCCCCC/C=C\CC(CCCCCC)OC(=O)CCCCCCCCC)CCCCCC,JW_2024,JW_2024,1
-2.966983,1.394729707,CCCCCCCCCC(=O)OC(C/C=C\CCCCCCCCOC(=O)CCN(CCC(=O)OCCCCCCCC/C=C\CC(CCCCCC)OC(=O)CCCCCCCCC)CCN(CC)CC)CCCCCC,JW_2024,JW_2024,2
-2.6246467,1.543275787,CCCCC/C=C\C/C=C\CCCCCCCC(=O)OC(C/C=C\CCCCCCCCOC(=O)CCN(CCCN(C)C)CCC(=O)OCCCCCCCC/C=C\CC(CCCCCC)OC(=O)CCCCCCC/C=C\C/C=C\CCCCC)CCCCCC,JW_2024,JW_2024,2
-2.191754,1.780616601,CCCCC/C=C\C/C=C\CCCCCCCC(=O)OC(C/C=C\CCCCCCCCOC(=O)CCN(CCC(=O)OCCCCCCCC/C=C\CC(CCCCCC)OC(=O)CCCCCCC/C=C\C/C=C\CCCCC)CCN(C)C)CCCCCC,JW_2024,JW_2024,2
-2.6139152,1.228063481,CCCCC/C=C\C/C=C\CCCCCCCC(=O)OC(C/C=C\CCCCCCCCOC(=O)CCN(CCCN(CC)CC)CCC(=O)OCCCCCCCC/C=C\CC(CCCCCC)OC(=O)CCCCCCC/C=C\C/C=C\CCCCC)CCCCCC,JW_2024,JW_2024,1
-1.8716345,0.873026988,CCCCC/C=C\C/C=C\CCCCCCCC(=O)OC(C/C=C\CCCCCCCCOC(=O)CCN(CCC(=O)OCCCCCCCC/C=C\CC(CCCCCC)OC(=O)CCCCCCC/C=C\C/C=C\CCCCC)CCN(CC)CC)CCCCCC,JW_2024,JW_2024,1
-3.5715759,0.144442156,CCCCC/C=C\CCC(=O)OC(C/C=C\CCCCCCCCOC(=O)CCN(CCCCN(C)C)CCC(=O)OCCCCCCCC/C=C\CC(CCCCCC)OC(=O)CC/C=C\CCCCC)CCCCCC,JW_2024,JW_2024,1
-1.9801778,-0.494193931,CCCCCCCC/C=C\CCCCCCCC(=O)OC(C/C=C\CCCCCCCCOC(=O)CCN(CCCN(CC)CC)CCC(=O)OCCCCCCCC/C=C\CC(CCCCCC)OC(=O)CCCCCCC/C=C\CCCCCCCC)CCCCCC,JW_2024,JW_2024,0
-6.7225156,-0.200149607,CCCCCCCCCC(=O)OCCCCCC(O)C(CCCCOC(=O)CCCCCCCCC)CN(C)CCCn1cccn1,JW_2024,JW_2024,0
-6.806644,0.140562366,CCCCCCCCCCC(=O)OCCCCCC(O)C(CCCCOC(=O)CCCCCCCCCC)CN(C)CCCn1cccn1,JW_2024,JW_2024,1
-6.28546,1.063890387,CCCCCCCCCCCC(=O)OCCCCCC(O)C(CCCCOC(=O)CCCCCCCCCCC)CN(C)CCCn1cccn1,JW_2024,JW_2024,1
-6.5667877,1.054593913,CCCCCCCCCCCCC(=O)OCCCCCC(O)C(CCCCOC(=O)CCCCCCCCCCCC)CN(C)CCCn1cccn1,JW_2024,JW_2024,1
-6.22337,-0.521079974,CCCCCCCCCCCCCC(=O)OCCCCCC(O)C(CCCCOC(=O)CCCCCCCCCCCCC)CN(C)CCCn1cccn1,JW_2024,JW_2024,0
-6.003274,-0.371293668,CCCCCCCCCCCCCCC(=O)OCCCCCC(O)C(CCCCOC(=O)CCCCCCCCCCCCCC)CN(C)CCCn1cccn1,JW_2024,JW_2024,0
-6.6914806,1.090084865,CCCCCCCCCCCCCCCCC(=O)OCCCCCC(O)C(CCCCOC(=O)CCCCCCCCCCCCCCCC)CN(C)CCCn1cccn1,JW_2024,JW_2024,1
-6.542377,0.127976423,CCCCCCCCCCCCCCCCCC(=O)OCCCCCC(O)C(CCCCOC(=O)CCCCCCCCCCCCCCCCC)CN(C)CCCn1cccn1,JW_2024,JW_2024,1
-4.273036,0.047011492,CCCCC/C=C\C/C=C\CCCCCCCC(=O)OCCCCCC(O)C(CCCCOC(=O)CCCCCCC/C=C\C/C=C\CCCCC)CN(C)CCCn1cccn1,JW_2024,JW_2024,1
-4.8250537,0.161211619,CCCCCCCCCC(=O)OCCCCCC(O)C(CCCCOC(=O)CCCCCCCCC)CNCCCN(CCCC)CCCC,JW_2024,JW_2024,1
-4.933859,0.496896334,CCCCCCCCCCC(=O)OCCCCCC(O)C(CCCCOC(=O)CCCCCCCCCC)CNCCCN(CCCC)CCCC,JW_2024,JW_2024,1
-4.4281955,0.829933974,CCCCCCCCCCCC(=O)OCCCCCC(O)C(CCCCOC(=O)CCCCCCCCCCC)CNCCCN(CCCC)CCCC,JW_2024,JW_2024,1
-4.6283255,1.378556345,CCCCCCCCCCCCC(=O)OCCCCCC(O)C(CCCCOC(=O)CCCCCCCCCCCC)CNCCCN(CCCC)CCCC,JW_2024,JW_2024,2
-4.6344614,1.325952472,CCCCCCCCCCCCCC(=O)OCCCCCC(O)C(CCCCOC(=O)CCCCCCCCCCCCC)CNCCCN(CCCC)CCCC,JW_2024,JW_2024,2
-4.8760824,1.345236906,CCCCCCCCCCCCCCC(=O)OCCCCCC(O)C(CCCCOC(=O)CCCCCCCCCCCCCC)CNCCCN(CCCC)CCCC,JW_2024,JW_2024,2
-5.201734,1.406837941,CCCCCCCCCCCCCCCC(=O)OCCCCCC(O)C(CCCCOC(=O)CCCCCCCCCCCCCCC)CNCCCN(CCCC)CCCC,JW_2024,JW_2024,2
-5.7141457,1.592550269,CCCCCCCCCCCCCCCCC(=O)OCCCCCC(O)C(CCCCOC(=O)CCCCCCCCCCCCCCCC)CNCCCN(CCCC)CCCC,JW_2024,JW_2024,2
-5.895479,1.338693262,CCCCCCCCCCCCCCCCCC(=O)OCCCCCC(O)C(CCCCOC(=O)CCCCCCCCCCCCCCCCC)CNCCCN(CCCC)CCCC,JW_2024,JW_2024,2
-3.7699037,1.499914887,CCCCCCCC/C=C\CCCCCCCC(=O)OCCCCCC(O)C(CCCCOC(=O)CCCCCCC/C=C\CCCCCCCC)CNCCCN(CCCC)CCCC,JW_2024,JW_2024,2
-3.7699037,1.345862273,CCCCCCCC/C=C\CCCCCCCC(=O)OCCCCCC(O)C(CCCCOC(=O)CCCCCCC/C=C\CCCCCCCC)CNCCCN(CCCC)CCCC,JW_2024,JW_2024,2
-5.128049,0.089843982,CCCCCCCCC(=O)OCCCCCC(O)C(CCCCOC(=O)CCCCCCCC)CNCCCN(CCCC)CCCC,JW_2024,JW_2024,1
