cv_3_pred_Experiment_value,Experiment_value,smiles,Experiment_ID,experiment_id,rel
-2.012379,0.5401619940024391,CCCCC/C=C\C/C=C\CCCCCCCCOC(=O)CCCC1(CCCC(=O)OCCCCCCCC/C=C\C/C=C\CCCCC)C=NC(C(=O)OC)N1CCN1CCCC1,BL_2023_3CR,BL_2023_3CR,1
-2.4328709,3.3867851830114097,CCCCC/C=C\C/C=C\CCCCCCCCOC(=O)CCCC1(CCCC(=O)OCCCCCCCC/C=C\C/C=C\CCCCC)C=NC(C(=O)OCC)N1CCN1CCCC1,BL_2023_3CR,BL_2023_3CR,3
-1.5079728,3.0473466101185056,CCCCC/C=C\C/C=C\CCCCCCCCOC(=O)CCCC1(CCCC(=O)OCCCCCCCC/C=C\C/C=C\CCCCC)C=NC(C(=O)OC(C)(C)C)N1CCN1CCCC1,BL_2023_3CR,BL_2023_3CR,2
-2.409221,-0.674095932295874,CCCCC/C=C\C/C=C\CCCCCCCCOC(=O)CCCC(C=NC(C)(C)C)(CCCC(=O)OCCCCCCCC/C=C\C/C=C\CCCCC)NCCN1CCCC1,BL_2023_3CR,BL_2023_3CR,0
-2.572248,0.2140315992398948,CCCCC/C=C\C/C=C\CCCCCCCCOC(=O)CCCC(C=NCCCC)(CCCC(=O)OCCCCCCCC/C=C\C/C=C\CCCCC)NCCN1CCCC1,BL_2023_3CR,BL_2023_3CR,1
-3.3301737,-1.345938476123994,CCCCC/C=C\C/C=C\CCCCCCCCOC(=O)CCCC(C=NC1CCCCC1)(CCCC(=O)OCCCCCCCC/C=C\C/C=C\CCCCC)NCCN1CCCC1,BL_2023_3CR,BL_2023_3CR,0
-1.4385289,3.0315858730146004,CCCCCCCC/C=C\CCCCCCCCOC(=O)CCCC1(CCCC(=O)OCCCCCCCC/C=C\CCCCCCCC)C=NC(C(=O)OC)N1CCN1CCCC1,BL_2023_3CR,BL_2023_3CR,2
-1.3514159,1.8838470794268656,CCCCCCCC/C=C\CCCCCCCCOC(=O)CCCC1(CCCC(=O)OCCCCCCCC/C=C\CCCCCCCC)C=NC(C(=O)OCC)N1CCN1CCCC1,BL_2023_3CR,BL_2023_3CR,2
-1.0884646,2.654343916152897,CCCCCCCC/C=C\CCCCCCCCOC(=O)CCCC1(CCCC(=O)OCCCCCCCC/C=C\CCCCCCCC)C=NC(C(=O)OC(C)(C)C)N1CCN1CCCC1,BL_2023_3CR,BL_2023_3CR,2
-3.4085462,-0.1316805498256807,CCCCCCCC/C=C\CCCCCCCCOC(=O)CCCC(C=NC(C)(C)C)(CCCC(=O)OCCCCCCCC/C=C\CCCCCCCC)NCCN1CCCC1,BL_2023_3CR,BL_2023_3CR,1
-1.4007405,-0.1316805498256807,CCCCCCCC/C=C\CCCCCCCCOC(=O)CCCC(C=NCCCC)(CCCC(=O)OCCCCCCCC/C=C\CCCCCCCC)NCCN1CCCC1,BL_2023_3CR,BL_2023_3CR,1
-2.0841494,-0.1316805498256807,CCCCCCCC/C=C\CCCCCCCCOC(=O)CCCC(C=NC1CCCCC1)(CCCC(=O)OCCCCCCCC/C=C\CCCCCCCC)NCCN1CCCC1,BL_2023_3CR,BL_2023_3CR,1
-4.6618853,-0.4578109423564123,CCCCCCC#CCCOC(=O)CCCC1(CCCC(=O)OCCC#CCCCCCC)C=NC(C(=O)OC)N1CCN1CCCC1,BL_2023_3CR,BL_2023_3CR,0
-4.8374577,-0.1316805498256807,CCCCCCC#CCCOC(=O)CCCC1(CCCC(=O)OCCC#CCCCCCC)C=NC(C(=O)OCC)N1CCN1CCCC1,BL_2023_3CR,BL_2023_3CR,1
-4.182412,-0.1316805498256807,CCCCCCC#CCCOC(=O)CCCC1(CCCC(=O)OCCC#CCCCCCC)C=NC(C(=O)OC(C)(C)C)N1CCN1CCCC1,BL_2023_3CR,BL_2023_3CR,1
-4.422845,3.801570006586688,CCCCCCC#CCCOC(=O)CCCC(C=NC(C)(C)C)(CCCC(=O)OCCC#CCCCCCC)NCCN1CCCC1,BL_2023_3CR,BL_2023_3CR,3
-4.792082,3.2100674789852626,CCCCCCC#CCCOC(=O)CCCC(C=NCCCC)(CCCC(=O)OCCC#CCCCCCC)NCCN1CCCC1,BL_2023_3CR,BL_2023_3CR,2
-4.6231804,2.167004370801205,CCCCCCC#CCCOC(=O)CCCC(C=NC1CCCCC1)(CCCC(=O)OCCC#CCCCCCC)NCCN1CCCC1,BL_2023_3CR,BL_2023_3CR,2
-1.4396683,-2.0177810199521136,CCCCCCCC/C=C\CCCCCCCCOC(=O)CCCC1(CCCC(=O)OC(CCCCCCCC)CCCCCCCC)C=NC(C(=O)OC)N1CCN1CCCC1,BL_2023_3CR,BL_2023_3CR,0
-0.57899994,0.2140315992398948,CCCCCCCC/C=C\CCCCCCCCOC(=O)CCCC1(CCCC(=O)OC(CCCCCCCC)CCCCCCCC)C=NC(C(=O)OCC)N1CCN1CCCC1,BL_2023_3CR,BL_2023_3CR,1
-2.2595716,0.7837519994634626,CCCCCCCC/C=C\CCCCCCCCOC(=O)CCCC1(CCCC(=O)OC(CCCCCCCC)CCCCCCCC)C=NC(C(=O)OC(C)(C)C)N1CCN1CCCC1,BL_2023_3CR,BL_2023_3CR,1
-3.3675604,-0.1316805498256807,CCCCCCCC/C=C\CCCCCCCCOC(=O)CCCC(C=NC(C)(C)C)(CCCC(=O)OC(CCCCCCCC)CCCCCCCC)NCCN1CCCC1,BL_2023_3CR,BL_2023_3CR,1
-2.7383654,-1.345938476123994,CCCCCCCC/C=C\CCCCCCCCOC(=O)CCCC(C=NCCCC)(CCCC(=O)OC(CCCCCCCC)CCCCCCCC)NCCN1CCCC1,BL_2023_3CR,BL_2023_3CR,0
-2.8381107,-0.2810932383302653,CCCCCCCC/C=C\CCCCCCCCOC(=O)CCCC(C=NC1CCCCC1)(CCCC(=O)OC(CCCCCCCC)CCCCCCCC)NCCN1CCCC1,BL_2023_3CR,BL_2023_3CR,0
-1.3817267,3.404970780062441,CCCCCCC#CCCOC(=O)CCCC1(CCCC(=O)OCCCCCCCC/C=C\CCCCCCCC)C=NC(C(=O)OC)N1CCN1CCCC1,BL_2023_3CR,BL_2023_3CR,3
-1.4366219,3.801570006586688,CCCCCCC#CCCOC(=O)CCCC1(CCCC(=O)OCCCCCCCC/C=C\CCCCCCCC)C=NC(C(=O)OCC)N1CCN1CCCC1,BL_2023_3CR,BL_2023_3CR,3
-1.7514645,3.6628675234877166,CCCCCCC#CCCOC(=O)CCCC1(CCCC(=O)OCCCCCCCC/C=C\CCCCCCCC)C=NC(C(=O)OC(C)(C)C)N1CCN1CCCC1,BL_2023_3CR,BL_2023_3CR,3
-3.5057032,-0.1316805498256807,CCCCCCC#CCCOC(=O)CCCC(C=NC(C)(C)C)(CCCC(=O)OCCCCCCCC/C=C\CCCCCCCC)NCCN1CCCC1,BL_2023_3CR,BL_2023_3CR,1
-2.0434005,-2.0177810199521136,CCCCCCC#CCCOC(=O)CCCC(C=NCCCC)(CCCC(=O)OCCCCCCCC/C=C\CCCCCCCC)NCCN1CCCC1,BL_2023_3CR,BL_2023_3CR,0
-3.0619624,-2.0177810199521136,CCCCCCC#CCCOC(=O)CCCC(C=NC1CCCCC1)(CCCC(=O)OCCCCCCCC/C=C\CCCCCCCC)NCCN1CCCC1,BL_2023_3CR,BL_2023_3CR,0
-3.0489213,-0.1316805498256807,CCCCCCCCCCCCOC(=O)CCCC1(CCCC(=O)OCCCCCCCCCCCC)C=NC(C(=O)OC)N1CCN1CCCC1,BL_2023_3CR,BL_2023_3CR,1
-2.0120993,0.2140315992398948,CCCCCCCCCCCCOC(=O)CCCC1(CCCC(=O)OCCCCCCCCCCCC)C=NC(C(=O)OCC)N1CCN1CCCC1,BL_2023_3CR,BL_2023_3CR,1
-2.6522465,3.801570006586688,CCCCCCCCCCCCOC(=O)CCCC1(CCCC(=O)OCCCCCCCCCCCC)C=NC(C(=O)OC(C)(C)C)N1CCN1CCCC1,BL_2023_3CR,BL_2023_3CR,3
-3.3066714,-0.1316805498256807,CCCCCCCCCCCCOC(=O)CCCC(C=NC(C)(C)C)(CCCC(=O)OCCCCCCCCCCCC)NCCN1CCCC1,BL_2023_3CR,BL_2023_3CR,1
-1.6159961,-0.1316805498256807,CCCCCCCCCCCCOC(=O)CCCC(C=NCCCC)(CCCC(=O)OCCCCCCCCCCCC)NCCN1CCCC1,BL_2023_3CR,BL_2023_3CR,1
-2.7883203,-0.1316805498256807,CCCCCCCCCCCCOC(=O)CCCC(C=NC1CCCCC1)(CCCC(=O)OCCCCCCCCCCCC)NCCN1CCCC1,BL_2023_3CR,BL_2023_3CR,1
-2.355546,-0.1316805498256807,CCCCCCCCC(CCCCCCCC)OC(=O)CCCC1(CCCC(=O)OC(CCCCCCCC)CCCCCCCC)C=NC(C(=O)OC)N1CCN1CCCC1,BL_2023_3CR,BL_2023_3CR,1
-2.4817715,-0.1316805498256807,CCCCCCCCC(CCCCCCCC)OC(=O)CCCC1(CCCC(=O)OC(CCCCCCCC)CCCCCCCC)C=NC(C(=O)OCC)N1CCN1CCCC1,BL_2023_3CR,BL_2023_3CR,1
-2.6181784,-0.1316805498256807,CCCCCCCCC(CCCCCCCC)OC(=O)CCCC1(CCCC(=O)OC(CCCCCCCC)CCCCCCCC)C=NC(C(=O)OC(C)(C)C)N1CCN1CCCC1,BL_2023_3CR,BL_2023_3CR,1
-4.2425737,-0.1316805498256807,CCCCCCCCC(CCCCCCCC)OC(=O)CCCC(C=NC(C)(C)C)(CCCC(=O)OC(CCCCCCCC)CCCCCCCC)NCCN1CCCC1,BL_2023_3CR,BL_2023_3CR,1
-2.7430944,-2.0177810199521136,CCCCCCCCC(CCCCCCCC)OC(=O)CCCC(C=NCCCC)(CCCC(=O)OC(CCCCCCCC)CCCCCCCC)NCCN1CCCC1,BL_2023_3CR,BL_2023_3CR,0
-4.203769,-2.0177810199521136,CCCCCCCCC(CCCCCCCC)OC(=O)CCCC(C=NC1CCCCC1)(CCCC(=O)OC(CCCCCCCC)CCCCCCCC)NCCN1CCCC1,BL_2023_3CR,BL_2023_3CR,0
0.66812503,-0.1316805498256807,CCCCCCCC/C=C\CCCCCCCC1(CCCCCCC/C=C\CCCCCCCC)C=NC(C(=O)OC)N1CCN1CCCC1,BL_2023_3CR,BL_2023_3CR,1
1.7396964,-0.1316805498256807,CCCCCCCC/C=C\CCCCCCCC1(CCCCCCC/C=C\CCCCCCCC)C=NC(C(=O)OCC)N1CCN1CCCC1,BL_2023_3CR,BL_2023_3CR,1
0.35061052,-0.1316805498256807,CCCCCCCC/C=C\CCCCCCCC1(CCCCCCC/C=C\CCCCCCCC)C=NC(C(=O)OC(C)(C)C)N1CCN1CCCC1,BL_2023_3CR,BL_2023_3CR,1
-2.793627,-0.0022533906995668,CCCCCCCC/C=C\CCCCCCCC(C=NC(C)(C)C)(CCCCCCC/C=C\CCCCCCCC)NCCN1CCCC1,BL_2023_3CR,BL_2023_3CR,1
-1.8640318,-0.1316805498256807,CCCCCCCC/C=C\CCCCCCCC(C=NCCCC)(CCCCCCC/C=C\CCCCCCCC)NCCN1CCCC1,BL_2023_3CR,BL_2023_3CR,1
-2.5664644,-0.1316805498256807,CCCCCCCC/C=C\CCCCCCCC(C=NC1CCCCC1)(CCCCCCC/C=C\CCCCCCCC)NCCN1CCCC1,BL_2023_3CR,BL_2023_3CR,1
-3.122915,2.5643053595581797,CCCCC/C=C\C/C=C\CCCCCCCCOC(=O)CCCC1(CCCC(=O)OCCCCCCCC/C=C\C/C=C\CCCCC)C=NC(C(=O)OC)N1CCN1CCCCC1,BL_2023_3CR,BL_2023_3CR,2
-3.42934,3.3024481957105025,CCCCC/C=C\C/C=C\CCCCCCCCOC(=O)CCCC1(CCCC(=O)OCCCCCCCC/C=C\C/C=C\CCCCC)C=NC(C(=O)OCC)N1CCN1CCCCC1,BL_2023_3CR,BL_2023_3CR,2
-2.3754618,1.998009925761776,CCCCC/C=C\C/C=C\CCCCCCCCOC(=O)CCCC1(CCCC(=O)OCCCCCCCC/C=C\C/C=C\CCCCC)C=NC(C(=O)OC(C)(C)C)N1CCN1CCCCC1,BL_2023_3CR,BL_2023_3CR,2
-2.4436102,-0.4578109423564123,CCCCC/C=C\C/C=C\CCCCCCCCOC(=O)CCCC(C=NC(C)(C)C)(CCCC(=O)OCCCCCCCC/C=C\C/C=C\CCCCC)NCCN1CCCCC1,BL_2023_3CR,BL_2023_3CR,0
-3.3029015,-1.345938476123994,CCCCC/C=C\C/C=C\CCCCCCCCOC(=O)CCCC(C=NCCCC)(CCCC(=O)OCCCCCCCC/C=C\C/C=C\CCCCC)NCCN1CCCCC1,BL_2023_3CR,BL_2023_3CR,0
-3.868668,-0.1316805498256807,CCCCC/C=C\C/C=C\CCCCCCCCOC(=O)CCCC(C=NC1CCCCC1)(CCCC(=O)OCCCCCCCC/C=C\C/C=C\CCCCC)NCCN1CCCCC1,BL_2023_3CR,BL_2023_3CR,1
-2.3736386,2.2173670704941206,CCCCCCCC/C=C\CCCCCCCCOC(=O)CCCC1(CCCC(=O)OCCCCCCCC/C=C\CCCCCCCC)C=NC(C(=O)OC)N1CCN1CCCCC1,BL_2023_3CR,BL_2023_3CR,2
-2.3750088,1.400192953034997,CCCCCCCC/C=C\CCCCCCCCOC(=O)CCCC1(CCCC(=O)OCCCCCCCC/C=C\CCCCCCCC)C=NC(C(=O)OCC)N1CCN1CCCCC1,BL_2023_3CR,BL_2023_3CR,2
-2.0273144,0.3907493032660417,CCCCCCCC/C=C\CCCCCCCCOC(=O)CCCC1(CCCC(=O)OCCCCCCCC/C=C\CCCCCCCC)C=NC(C(=O)OC(C)(C)C)N1CCN1CCCCC1,BL_2023_3CR,BL_2023_3CR,1
-3.0331485,-0.1316805498256807,CCCCCCCC/C=C\CCCCCCCCOC(=O)CCCC(C=NC(C)(C)C)(CCCC(=O)OCCCCCCCC/C=C\CCCCCCCC)NCCN1CCCCC1,BL_2023_3CR,BL_2023_3CR,1
-2.0431828,-0.674095932295874,CCCCCCCC/C=C\CCCCCCCCOC(=O)CCCC(C=NCCCC)(CCCC(=O)OCCCCCCCC/C=C\CCCCCCCC)NCCN1CCCCC1,BL_2023_3CR,BL_2023_3CR,0
-3.3126693,-0.9529357821583856,CCCCCCCC/C=C\CCCCCCCCOC(=O)CCCC(C=NC1CCCCC1)(CCCC(=O)OCCCCCCCC/C=C\CCCCCCCC)NCCN1CCCCC1,BL_2023_3CR,BL_2023_3CR,0
-5.0201583,0.72835041143869,CCCCCCC#CCCOC(=O)CCCC1(CCCC(=O)OCCC#CCCCCCC)C=NC(C(=O)OC)N1CCN1CCCCC1,BL_2023_3CR,BL_2023_3CR,1
-5.5733557,-0.4578109423564123,CCCCCCC#CCCOC(=O)CCCC1(CCCC(=O)OCCC#CCCCCCC)C=NC(C(=O)OCC)N1CCN1CCCCC1,BL_2023_3CR,BL_2023_3CR,0
-4.3378916,-0.1316805498256807,CCCCCCC#CCCOC(=O)CCCC1(CCCC(=O)OCCC#CCCCCCC)C=NC(C(=O)OC(C)(C)C)N1CCN1CCCCC1,BL_2023_3CR,BL_2023_3CR,1
-4.4062815,1.3106588284966572,CCCCCCC#CCCOC(=O)CCCC(C=NC(C)(C)C)(CCCC(=O)OCCC#CCCCCCC)NCCN1CCCCC1,BL_2023_3CR,BL_2023_3CR,2
-4.304278,3.2056516904185584,CCCCCCC#CCCOC(=O)CCCC(C=NCCCC)(CCCC(=O)OCCC#CCCCCCC)NCCN1CCCCC1,BL_2023_3CR,BL_2023_3CR,2
-4.114432,-0.1316805498256807,CCCCCCC#CCCOC(=O)CCCC(C=NC1CCCCC1)(CCCC(=O)OCCC#CCCCCCC)NCCN1CCCCC1,BL_2023_3CR,BL_2023_3CR,1
-2.780822,0.9331646879680472,CCCCCCCC/C=C\CCCCCCCCOC(=O)CCCC1(CCCC(=O)OC(CCCCCCCC)CCCCCCCC)C=NC(C(=O)OC)N1CCN1CCCCC1,BL_2023_3CR,BL_2023_3CR,1
-1.7961944,-0.1316805498256807,CCCCCCCC/C=C\CCCCCCCCOC(=O)CCCC1(CCCC(=O)OC(CCCCCCCC)CCCCCCCC)C=NC(C(=O)OCC)N1CCN1CCCCC1,BL_2023_3CR,BL_2023_3CR,1
-3.1298687,-0.2810932383302653,CCCCCCCC/C=C\CCCCCCCCOC(=O)CCCC1(CCCC(=O)OC(CCCCCCCC)CCCCCCCC)C=NC(C(=O)OC(C)(C)C)N1CCN1CCCCC1,BL_2023_3CR,BL_2023_3CR,0
-4.3467326,-2.0177810199521136,CCCCCCCC/C=C\CCCCCCCCOC(=O)CCCC(C=NC(C)(C)C)(CCCC(=O)OC(CCCCCCCC)CCCCCCCC)NCCN1CCCCC1,BL_2023_3CR,BL_2023_3CR,0
-3.7060416,-0.674095932295874,CCCCCCCC/C=C\CCCCCCCCOC(=O)CCCC(C=NCCCC)(CCCC(=O)OC(CCCCCCCC)CCCCCCCC)NCCN1CCCCC1,BL_2023_3CR,BL_2023_3CR,0
-3.587169,-0.2810932383302653,CCCCCCCC/C=C\CCCCCCCCOC(=O)CCCC(C=NC1CCCCC1)(CCCC(=O)OC(CCCCCCCC)CCCCCCCC)NCCN1CCCCC1,BL_2023_3CR,BL_2023_3CR,0
-2.4922485,-0.1316805498256807,CCCCCCC#CCCOC(=O)CCCC1(CCCC(=O)OCCCCCCCC/C=C\CCCCCCCC)C=NC(C(=O)OC)N1CCN1CCCCC1,BL_2023_3CR,BL_2023_3CR,1
-2.3997626,3.117686762260023,CCCCCCC#CCCOC(=O)CCCC1(CCCC(=O)OCCCCCCCC/C=C\CCCCCCCC)C=NC(C(=O)OCC)N1CCN1CCCCC1,BL_2023_3CR,BL_2023_3CR,2
-1.5927137,-0.1316805498256807,CCCCCCC#CCCOC(=O)CCCC1(CCCC(=O)OCCCCCCCC/C=C\CCCCCCCC)C=NC(C(=O)OC(C)(C)C)N1CCN1CCCCC1,BL_2023_3CR,BL_2023_3CR,1
-3.694793,-0.1316805498256807,CCCCCCC#CCCOC(=O)CCCC(C=NC(C)(C)C)(CCCC(=O)OCCCCCCCC/C=C\CCCCCCCC)NCCN1CCCCC1,BL_2023_3CR,BL_2023_3CR,1
-2.9454186,-0.1316805498256807,CCCCCCC#CCCOC(=O)CCCC(C=NCCCC)(CCCC(=O)OCCCCCCCC/C=C\CCCCCCCC)NCCN1CCCCC1,BL_2023_3CR,BL_2023_3CR,1
-2.8223286,-0.4578109423564123,CCCCCCC#CCCOC(=O)CCCC(C=NC1CCCCC1)(CCCC(=O)OCCCCCCCC/C=C\CCCCCCCC)NCCN1CCCCC1,BL_2023_3CR,BL_2023_3CR,0
-3.4889283,-0.1316805498256807,CCCCCCCCCCCCOC(=O)CCCC1(CCCC(=O)OCCCCCCCCCCCC)C=NC(C(=O)OC)N1CCN1CCCCC1,BL_2023_3CR,BL_2023_3CR,1
-3.3669534,-0.1316805498256807,CCCCCCCCCCCCOC(=O)CCCC1(CCCC(=O)OCCCCCCCCCCCC)C=NC(C(=O)OCC)N1CCN1CCCCC1,BL_2023_3CR,BL_2023_3CR,1
-3.2235687,2.416321209674887,CCCCCCCCCCCCOC(=O)CCCC1(CCCC(=O)OCCCCCCCCCCCC)C=NC(C(=O)OC(C)(C)C)N1CCN1CCCCC1,BL_2023_3CR,BL_2023_3CR,2
-2.2695365,0.2140315992398948,CCCCCCCCCCCCOC(=O)CCCC(C=NC(C)(C)C)(CCCC(=O)OCCCCCCCCCCCC)NCCN1CCCCC1,BL_2023_3CR,BL_2023_3CR,1
-3.9285996,-0.9529357821583856,CCCCCCCCCCCCOC(=O)CCCC(C=NCCCC)(CCCC(=O)OCCCCCCCCCCCC)NCCN1CCCCC1,BL_2023_3CR,BL_2023_3CR,0
-3.2324429,-0.1316805498256807,CCCCCCCCCCCCOC(=O)CCCC(C=NC1CCCCC1)(CCCC(=O)OCCCCCCCCCCCC)NCCN1CCCCC1,BL_2023_3CR,BL_2023_3CR,1
-2.9714315,-2.0177810199521136,CCCCCCCCC(CCCCCCCC)OC(=O)CCCC1(CCCC(=O)OC(CCCCCCCC)CCCCCCCC)C=NC(C(=O)OC)N1CCN1CCCCC1,BL_2023_3CR,BL_2023_3CR,0
-2.461972,-0.4578109423564123,CCCCCCCCC(CCCCCCCC)OC(=O)CCCC1(CCCC(=O)OC(CCCCCCCC)CCCCCCCC)C=NC(C(=O)OCC)N1CCN1CCCCC1,BL_2023_3CR,BL_2023_3CR,0
-3.6553226,-0.1316805498256807,CCCCCCCCC(CCCCCCCC)OC(=O)CCCC1(CCCC(=O)OC(CCCCCCCC)CCCCCCCC)C=NC(C(=O)OC(C)(C)C)N1CCN1CCCCC1,BL_2023_3CR,BL_2023_3CR,1
-4.2774878,-0.1316805498256807,CCCCCCCCC(CCCCCCCC)OC(=O)CCCC(C=NC(C)(C)C)(CCCC(=O)OC(CCCCCCCC)CCCCCCCC)NCCN1CCCCC1,BL_2023_3CR,BL_2023_3CR,1
-3.0502892,-0.1316805498256807,CCCCCCCCC(CCCCCCCC)OC(=O)CCCC(C=NCCCC)(CCCC(=O)OC(CCCCCCCC)CCCCCCCC)NCCN1CCCCC1,BL_2023_3CR,BL_2023_3CR,1
-4.3383527,-2.0177810199521136,CCCCCCCCC(CCCCCCCC)OC(=O)CCCC(C=NC1CCCCC1)(CCCC(=O)OC(CCCCCCCC)CCCCCCCC)NCCN1CCCCC1,BL_2023_3CR,BL_2023_3CR,0
-1.0971736,-0.9529357821583856,CCCCCCCC/C=C\CCCCCCCC1(CCCCCCC/C=C\CCCCCCCC)C=NC(C(=O)OC)N1CCN1CCCCC1,BL_2023_3CR,BL_2023_3CR,0
-0.2649217,-0.9529357821583856,CCCCCCCC/C=C\CCCCCCCC1(CCCCCCC/C=C\CCCCCCCC)C=NC(C(=O)OCC)N1CCN1CCCCC1,BL_2023_3CR,BL_2023_3CR,0
-1.1971871,-0.1316805498256807,CCCCCCCC/C=C\CCCCCCCC1(CCCCCCC/C=C\CCCCCCCC)C=NC(C(=O)OC(C)(C)C)N1CCN1CCCCC1,BL_2023_3CR,BL_2023_3CR,1
-2.9029803,-1.345938476123994,CCCCCCCC/C=C\CCCCCCCC(C=NC(C)(C)C)(CCCCCCC/C=C\CCCCCCCC)NCCN1CCCCC1,BL_2023_3CR,BL_2023_3CR,0
-2.682541,-0.1316805498256807,CCCCCCCC/C=C\CCCCCCCC(C=NCCCC)(CCCCCCC/C=C\CCCCCCCC)NCCN1CCCCC1,BL_2023_3CR,BL_2023_3CR,1
-3.7375758,-0.9529357821583856,CCCCCCCC/C=C\CCCCCCCC(C=NC1CCCCC1)(CCCCCCC/C=C\CCCCCCCC)NCCN1CCCCC1,BL_2023_3CR,BL_2023_3CR,0
-2.565428,1.2788768370336232,CCCCC/C=C\C/C=C\CCCCCCCCOC(=O)CCCC1(CCCC(=O)OCCCCCCCC/C=C\C/C=C\CCCCC)C=NC(C(=O)OC)N1CCCN1CCCCC1CC,BL_2023_3CR,BL_2023_3CR,2
-2.1741223,1.400192953034997,CCCCC/C=C\C/C=C\CCCCCCCCOC(=O)CCCC1(CCCC(=O)OCCCCCCCC/C=C\C/C=C\CCCCC)C=NC(C(=O)OCC)N1CCCN1CCCCC1CC,BL_2023_3CR,BL_2023_3CR,2
-2.625859,-0.1316805498256807,CCCCC/C=C\C/C=C\CCCCCCCCOC(=O)CCCC1(CCCC(=O)OCCCCCCCC/C=C\C/C=C\CCCCC)C=NC(C(=O)OC(C)(C)C)N1CCCN1CCCCC1CC,BL_2023_3CR,BL_2023_3CR,1
-3.1852024,-0.1316805498256807,CCCCC/C=C\C/C=C\CCCCCCCCOC(=O)CCCC(C=NC(C)(C)C)(CCCC(=O)OCCCCCCCC/C=C\C/C=C\CCCCC)NCCCN1CCCCC1CC,BL_2023_3CR,BL_2023_3CR,1
-2.5166204,-0.1316805498256807,CCCCC/C=C\C/C=C\CCCCCCCCOC(=O)CCCC(C=NCCCC)(CCCC(=O)OCCCCCCCC/C=C\C/C=C\CCCCC)NCCCN1CCCCC1CC,BL_2023_3CR,BL_2023_3CR,1
-3.3859057,-0.1316805498256807,CCCCC/C=C\C/C=C\CCCCCCCCOC(=O)CCCC(C=NC1CCCCC1)(CCCC(=O)OCCCCCCCC/C=C\C/C=C\CCCCC)NCCCN1CCCCC1CC,BL_2023_3CR,BL_2023_3CR,1
-2.4585016,2.2996570370288927,CCCCCCCC/C=C\CCCCCCCCOC(=O)CCCC1(CCCC(=O)OCCCCCCCC/C=C\CCCCCCCC)C=NC(C(=O)OC)N1CCCN1CCCCC1CC,BL_2023_3CR,BL_2023_3CR,2
-1.5845246,1.917859830093536,CCCCCCCC/C=C\CCCCCCCCOC(=O)CCCC1(CCCC(=O)OCCCCCCCC/C=C\CCCCCCCC)C=NC(C(=O)OCC)N1CCCN1CCCCC1CC,BL_2023_3CR,BL_2023_3CR,2
-2.5471935,-0.1316805498256807,CCCCCCCC/C=C\CCCCCCCCOC(=O)CCCC1(CCCC(=O)OCCCCCCCC/C=C\CCCCCCCC)C=NC(C(=O)OC(C)(C)C)N1CCCN1CCCCC1CC,BL_2023_3CR,BL_2023_3CR,1
-3.4560683,-0.4578109423564123,CCCCCCCC/C=C\CCCCCCCCOC(=O)CCCC(C=NC(C)(C)C)(CCCC(=O)OCCCCCCCC/C=C\CCCCCCCC)NCCCN1CCCCC1CC,BL_2023_3CR,BL_2023_3CR,0
-2.5252893,0.2140315992398948,CCCCCCCC/C=C\CCCCCCCCOC(=O)CCCC(C=NCCCC)(CCCC(=O)OCCCCCCCC/C=C\CCCCCCCC)NCCCN1CCCCC1CC,BL_2023_3CR,BL_2023_3CR,1
-3.2317548,-0.1316805498256807,CCCCCCCC/C=C\CCCCCCCCOC(=O)CCCC(C=NC1CCCCC1)(CCCC(=O)OCCCCCCCC/C=C\CCCCCCCC)NCCCN1CCCCC1CC,BL_2023_3CR,BL_2023_3CR,1
-4.844157,-0.674095932295874,CCCCCCC#CCCOC(=O)CCCC1(CCCC(=O)OCCC#CCCCCCC)C=NC(C(=O)OC)N1CCCN1CCCCC1CC,BL_2023_3CR,BL_2023_3CR,0
-5.003133,-0.1316805498256807,CCCCCCC#CCCOC(=O)CCCC1(CCCC(=O)OCCC#CCCCCCC)C=NC(C(=O)OCC)N1CCCN1CCCCC1CC,BL_2023_3CR,BL_2023_3CR,1
-3.8614304,-1.345938476123994,CCCCCCC#CCCOC(=O)CCCC1(CCCC(=O)OCCC#CCCCCCC)C=NC(C(=O)OC(C)(C)C)N1CCCN1CCCCC1CC,BL_2023_3CR,BL_2023_3CR,0
-4.2149878,-0.1316805498256807,CCCCCCC#CCCOC(=O)CCCC(C=NC(C)(C)C)(CCCC(=O)OCCC#CCCCCCC)NCCCN1CCCCC1CC,BL_2023_3CR,BL_2023_3CR,1
-3.7465343,-0.674095932295874,CCCCCCC#CCCOC(=O)CCCC(C=NCCCC)(CCCC(=O)OCCC#CCCCCCC)NCCCN1CCCCC1CC,BL_2023_3CR,BL_2023_3CR,0
-4.403496,-0.1316805498256807,CCCCCCC#CCCOC(=O)CCCC(C=NC1CCCCC1)(CCCC(=O)OCCC#CCCCCCC)NCCCN1CCCCC1CC,BL_2023_3CR,BL_2023_3CR,1
-2.3971324,0.3907493032660417,CCCCCCCC/C=C\CCCCCCCCOC(=O)CCCC1(CCCC(=O)OC(CCCCCCCC)CCCCCCCC)C=NC(C(=O)OC)N1CCCN1CCCCC1CC,BL_2023_3CR,BL_2023_3CR,1
-1.7856361,-0.1316805498256807,CCCCCCCC/C=C\CCCCCCCCOC(=O)CCCC1(CCCC(=O)OC(CCCCCCCC)CCCCCCCC)C=NC(C(=O)OCC)N1CCCN1CCCCC1CC,BL_2023_3CR,BL_2023_3CR,1
-2.794653,-2.0177810199521136,CCCCCCCC/C=C\CCCCCCCCOC(=O)CCCC1(CCCC(=O)OC(CCCCCCCC)CCCCCCCC)C=NC(C(=O)OC(C)(C)C)N1CCCN1CCCCC1CC,BL_2023_3CR,BL_2023_3CR,0
-3.7466455,-0.674095932295874,CCCCCCCC/C=C\CCCCCCCCOC(=O)CCCC(C=NC(C)(C)C)(CCCC(=O)OC(CCCCCCCC)CCCCCCCC)NCCCN1CCCCC1CC,BL_2023_3CR,BL_2023_3CR,0
-2.7449436,-0.4578109423564123,CCCCCCCC/C=C\CCCCCCCCOC(=O)CCCC(C=NCCCC)(CCCC(=O)OC(CCCCCCCC)CCCCCCCC)NCCCN1CCCCC1CC,BL_2023_3CR,BL_2023_3CR,0
-3.2953844,-0.1316805498256807,CCCCCCCC/C=C\CCCCCCCCOC(=O)CCCC(C=NC1CCCCC1)(CCCC(=O)OC(CCCCCCCC)CCCCCCCC)NCCCN1CCCCC1CC,BL_2023_3CR,BL_2023_3CR,1
-2.576047,0.5401619940024391,CCCCCCC#CCCOC(=O)CCCC1(CCCC(=O)OCCCCCCCC/C=C\CCCCCCCC)C=NC(C(=O)OC)N1CCCN1CCCCC1CC,BL_2023_3CR,BL_2023_3CR,1
-2.0175776,-0.0022533906995668,CCCCCCC#CCCOC(=O)CCCC1(CCCC(=O)OCCCCCCCC/C=C\CCCCCCCC)C=NC(C(=O)OCC)N1CCCN1CCCCC1CC,BL_2023_3CR,BL_2023_3CR,1
-1.7390316,-0.674095932295874,CCCCCCC#CCCOC(=O)CCCC1(CCCC(=O)OCCCCCCCC/C=C\CCCCCCCC)C=NC(C(=O)OC(C)(C)C)N1CCCN1CCCCC1CC,BL_2023_3CR,BL_2023_3CR,0
-4.32349,-0.1316805498256807,CCCCCCC#CCCOC(=O)CCCC(C=NC(C)(C)C)(CCCC(=O)OCCCCCCCC/C=C\CCCCCCCC)NCCCN1CCCCC1CC,BL_2023_3CR,BL_2023_3CR,1
-2.3761024,0.2140315992398948,CCCCCCC#CCCOC(=O)CCCC(C=NCCCC)(CCCC(=O)OCCCCCCCC/C=C\CCCCCCCC)NCCCN1CCCCC1CC,BL_2023_3CR,BL_2023_3CR,1
-3.337983,-0.1316805498256807,CCCCCCC#CCCOC(=O)CCCC(C=NC1CCCCC1)(CCCC(=O)OCCCCCCCC/C=C\CCCCCCCC)NCCCN1CCCCC1CC,BL_2023_3CR,BL_2023_3CR,1
-2.9441247,3.5455930728400658,CCCCCCCCCCCCOC(=O)CCCC1(CCCC(=O)OCCCCCCCCCCCC)C=NC(C(=O)OC)N1CCCN1CCCCC1CC,BL_2023_3CR,BL_2023_3CR,3
-2.4398344,3.6738508000945385,CCCCCCCCCCCCOC(=O)CCCC1(CCCC(=O)OCCCCCCCCCCCC)C=NC(C(=O)OCC)N1CCCN1CCCCC1CC,BL_2023_3CR,BL_2023_3CR,3
-2.6214654,-0.0022533906995668,CCCCCCCCCCCCOC(=O)CCCC1(CCCC(=O)OCCCCCCCCCCCC)C=NC(C(=O)OC(C)(C)C)N1CCCN1CCCCC1CC,BL_2023_3CR,BL_2023_3CR,1
-3.7478795,-0.1316805498256807,CCCCCCCCCCCCOC(=O)CCCC(C=NC(C)(C)C)(CCCC(=O)OCCCCCCCCCCCC)NCCCN1CCCCC1CC,BL_2023_3CR,BL_2023_3CR,1
-2.9589167,-0.1316805498256807,CCCCCCCCCCCCOC(=O)CCCC(C=NCCCC)(CCCC(=O)OCCCCCCCCCCCC)NCCCN1CCCCC1CC,BL_2023_3CR,BL_2023_3CR,1
-3.1511495,-2.0177810199521136,CCCCCCCCCCCCOC(=O)CCCC(C=NC1CCCCC1)(CCCC(=O)OCCCCCCCCCCCC)NCCCN1CCCCC1CC,BL_2023_3CR,BL_2023_3CR,0
-2.6454554,-0.1316805498256807,CCCCCCCCC(CCCCCCCC)OC(=O)CCCC1(CCCC(=O)OC(CCCCCCCC)CCCCCCCC)C=NC(C(=O)OC)N1CCCN1CCCCC1CC,BL_2023_3CR,BL_2023_3CR,1
-2.412574,-0.4578109423564123,CCCCCCCCC(CCCCCCCC)OC(=O)CCCC1(CCCC(=O)OC(CCCCCCCC)CCCCCCCC)C=NC(C(=O)OCC)N1CCCN1CCCCC1CC,BL_2023_3CR,BL_2023_3CR,0
-3.0459743,-0.1316805498256807,CCCCCCCCC(CCCCCCCC)OC(=O)CCCC1(CCCC(=O)OC(CCCCCCCC)CCCCCCCC)C=NC(C(=O)OC(C)(C)C)N1CCCN1CCCCC1CC,BL_2023_3CR,BL_2023_3CR,1
-3.285687,-0.1316805498256807,CCCCCCCCC(CCCCCCCC)OC(=O)CCCC(C=NC(C)(C)C)(CCCC(=O)OC(CCCCCCCC)CCCCCCCC)NCCCN1CCCCC1CC,BL_2023_3CR,BL_2023_3CR,1
-3.4098215,-0.1316805498256807,CCCCCCCCC(CCCCCCCC)OC(=O)CCCC(C=NCCCC)(CCCC(=O)OC(CCCCCCCC)CCCCCCCC)NCCCN1CCCCC1CC,BL_2023_3CR,BL_2023_3CR,1
-4.085073,-0.4578109423564123,CCCCCCCCC(CCCCCCCC)OC(=O)CCCC(C=NC1CCCCC1)(CCCC(=O)OC(CCCCCCCC)CCCCCCCC)NCCCN1CCCCC1CC,BL_2023_3CR,BL_2023_3CR,0
-0.7102714,-0.0022533906995668,CCCCCCCC/C=C\CCCCCCCC1(CCCCCCC/C=C\CCCCCCCC)C=NC(C(=O)OC)N1CCCN1CCCCC1CC,BL_2023_3CR,BL_2023_3CR,1
-0.24313344,-0.1316805498256807,CCCCCCCC/C=C\CCCCCCCC1(CCCCCCC/C=C\CCCCCCCC)C=NC(C(=O)OCC)N1CCCN1CCCCC1CC,BL_2023_3CR,BL_2023_3CR,1
-0.61835974,-0.674095932295874,CCCCCCCC/C=C\CCCCCCCC1(CCCCCCC/C=C\CCCCCCCC)C=NC(C(=O)OC(C)(C)C)N1CCCN1CCCCC1CC,BL_2023_3CR,BL_2023_3CR,0
-3.0140967,-0.1316805498256807,CCCCCCCC/C=C\CCCCCCCC(C=NC(C)(C)C)(CCCCCCC/C=C\CCCCCCCC)NCCCN1CCCCC1CC,BL_2023_3CR,BL_2023_3CR,1
-2.21928,-0.4578109423564123,CCCCCCCC/C=C\CCCCCCCC(C=NCCCC)(CCCCCCC/C=C\CCCCCCCC)NCCCN1CCCCC1CC,BL_2023_3CR,BL_2023_3CR,0
-2.410365,-0.1316805498256807,CCCCCCCC/C=C\CCCCCCCC(C=NC1CCCCC1)(CCCCCCC/C=C\CCCCCCCC)NCCCN1CCCCC1CC,BL_2023_3CR,BL_2023_3CR,1
-2.5376215,-0.1316805498256807,CCCCC/C=C\C/C=C\CCCCCCCCOC(=O)CCCC1(CCCC(=O)OCCCCCCCC/C=C\C/C=C\CCCCC)C=NC(C(=O)OC)N1CCN1CCS(=O)(=O)CC1,BL_2023_3CR,BL_2023_3CR,1
-2.6279154,-0.1316805498256807,CCCCC/C=C\C/C=C\CCCCCCCCOC(=O)CCCC1(CCCC(=O)OCCCCCCCC/C=C\C/C=C\CCCCC)C=NC(C(=O)OCC)N1CCN1CCS(=O)(=O)CC1,BL_2023_3CR,BL_2023_3CR,1
-2.4754355,-0.2810932383302653,CCCCC/C=C\C/C=C\CCCCCCCCOC(=O)CCCC1(CCCC(=O)OCCCCCCCC/C=C\C/C=C\CCCCC)C=NC(C(=O)OC(C)(C)C)N1CCN1CCS(=O)(=O)CC1,BL_2023_3CR,BL_2023_3CR,0
-4.0063143,-0.4578109423564123,CCCCC/C=C\C/C=C\CCCCCCCCOC(=O)CCCC(C=NC(C)(C)C)(CCCC(=O)OCCCCCCCC/C=C\C/C=C\CCCCC)NCCN1CCS(=O)(=O)CC1,BL_2023_3CR,BL_2023_3CR,0
-3.1850958,-1.345938476123994,CCCCC/C=C\C/C=C\CCCCCCCCOC(=O)CCCC(C=NCCCC)(CCCC(=O)OCCCCCCCC/C=C\C/C=C\CCCCC)NCCN1CCS(=O)(=O)CC1,BL_2023_3CR,BL_2023_3CR,0
-3.907657,-0.674095932295874,CCCCC/C=C\C/C=C\CCCCCCCCOC(=O)CCCC(C=NC1CCCCC1)(CCCC(=O)OCCCCCCCC/C=C\C/C=C\CCCCC)NCCN1CCS(=O)(=O)CC1,BL_2023_3CR,BL_2023_3CR,0
-1.4272492,1.6050072317961672,CCCCCCCC/C=C\CCCCCCCCOC(=O)CCCC1(CCCC(=O)OCCCCCCCC/C=C\CCCCCCCC)C=NC(C(=O)OC)N1CCN1CCS(=O)(=O)CC1,BL_2023_3CR,BL_2023_3CR,2
-2.2987082,1.6050072317961672,CCCCCCCC/C=C\CCCCCCCCOC(=O)CCCC1(CCCC(=O)OCCCCCCCC/C=C\CCCCCCCC)C=NC(C(=O)OCC)N1CCN1CCS(=O)(=O)CC1,BL_2023_3CR,BL_2023_3CR,2
-1.3698543,-0.0022533906995668,CCCCCCCC/C=C\CCCCCCCCOC(=O)CCCC1(CCCC(=O)OCCCCCCCC/C=C\CCCCCCCC)C=NC(C(=O)OC(C)(C)C)N1CCN1CCS(=O)(=O)CC1,BL_2023_3CR,BL_2023_3CR,1
-2.938257,-0.1316805498256807,CCCCCCCC/C=C\CCCCCCCCOC(=O)CCCC(C=NC(C)(C)C)(CCCC(=O)OCCCCCCCC/C=C\CCCCCCCC)NCCN1CCS(=O)(=O)CC1,BL_2023_3CR,BL_2023_3CR,1
-2.131949,-0.1316805498256807,CCCCCCCC/C=C\CCCCCCCCOC(=O)CCCC(C=NCCCC)(CCCC(=O)OCCCCCCCC/C=C\CCCCCCCC)NCCN1CCS(=O)(=O)CC1,BL_2023_3CR,BL_2023_3CR,1
-2.4666762,-0.2810932383302653,CCCCCCCC/C=C\CCCCCCCCOC(=O)CCCC(C=NC1CCCCC1)(CCCC(=O)OCCCCCCCC/C=C\CCCCCCCC)NCCN1CCS(=O)(=O)CC1,BL_2023_3CR,BL_2023_3CR,0
-4.9073815,-0.1316805498256807,CCCCCCC#CCCOC(=O)CCCC1(CCCC(=O)OCCC#CCCCCCC)C=NC(C(=O)OC)N1CCN1CCS(=O)(=O)CC1,BL_2023_3CR,BL_2023_3CR,1
-4.6634064,-0.1316805498256807,CCCCCCC#CCCOC(=O)CCCC1(CCCC(=O)OCCC#CCCCCCC)C=NC(C(=O)OCC)N1CCN1CCS(=O)(=O)CC1,BL_2023_3CR,BL_2023_3CR,1
-4.7833443,0.72835041143869,CCCCCCC#CCCOC(=O)CCCC1(CCCC(=O)OCCC#CCCCCCC)C=NC(C(=O)OC(C)(C)C)N1CCN1CCS(=O)(=O)CC1,BL_2023_3CR,BL_2023_3CR,1
-5.608694,-0.1316805498256807,CCCCCCC#CCCOC(=O)CCCC(C=NC(C)(C)C)(CCCC(=O)OCCC#CCCCCCC)NCCN1CCS(=O)(=O)CC1,BL_2023_3CR,BL_2023_3CR,1
-4.5177536,-0.1316805498256807,CCCCCCC#CCCOC(=O)CCCC(C=NCCCC)(CCCC(=O)OCCC#CCCCCCC)NCCN1CCS(=O)(=O)CC1,BL_2023_3CR,BL_2023_3CR,1
-5.3849964,-0.674095932295874,CCCCCCC#CCCOC(=O)CCCC(C=NC1CCCCC1)(CCCC(=O)OCCC#CCCCCCC)NCCN1CCS(=O)(=O)CC1,BL_2023_3CR,BL_2023_3CR,0
-2.74798,-0.1316805498256807,CCCCCCCC/C=C\CCCCCCCCOC(=O)CCCC1(CCCC(=O)OC(CCCCCCCC)CCCCCCCC)C=NC(C(=O)OC)N1CCN1CCS(=O)(=O)CC1,BL_2023_3CR,BL_2023_3CR,1
-3.3986347,0.5401619940024391,CCCCCCCC/C=C\CCCCCCCCOC(=O)CCCC1(CCCC(=O)OC(CCCCCCCC)CCCCCCCC)C=NC(C(=O)OCC)N1CCN1CCS(=O)(=O)CC1,BL_2023_3CR,BL_2023_3CR,1
-2.6220627,-0.1316805498256807,CCCCCCCC/C=C\CCCCCCCCOC(=O)CCCC1(CCCC(=O)OC(CCCCCCCC)CCCCCCCC)C=NC(C(=O)OC(C)(C)C)N1CCN1CCS(=O)(=O)CC1,BL_2023_3CR,BL_2023_3CR,1
-3.4036958,-0.1316805498256807,CCCCCCCC/C=C\CCCCCCCCOC(=O)CCCC(C=NC(C)(C)C)(CCCC(=O)OC(CCCCCCCC)CCCCCCCC)NCCN1CCS(=O)(=O)CC1,BL_2023_3CR,BL_2023_3CR,1
-3.3858814,-2.0177810199521136,CCCCCCCC/C=C\CCCCCCCCOC(=O)CCCC(C=NCCCC)(CCCC(=O)OC(CCCCCCCC)CCCCCCCC)NCCN1CCS(=O)(=O)CC1,BL_2023_3CR,BL_2023_3CR,0
-4.193009,-0.1316805498256807,CCCCCCCC/C=C\CCCCCCCCOC(=O)CCCC(C=NC1CCCCC1)(CCCC(=O)OC(CCCCCCCC)CCCCCCCC)NCCN1CCS(=O)(=O)CC1,BL_2023_3CR,BL_2023_3CR,1
-3.5106068,1.2460172862654162,CCCCCCC#CCCOC(=O)CCCC1(CCCC(=O)OCCCCCCCC/C=C\CCCCCCCC)C=NC(C(=O)OC)N1CCN1CCS(=O)(=O)CC1,BL_2023_3CR,BL_2023_3CR,2
-4.040888,1.400192953034997,CCCCCCC#CCCOC(=O)CCCC1(CCCC(=O)OCCCCCCCC/C=C\CCCCCCCC)C=NC(C(=O)OCC)N1CCN1CCS(=O)(=O)CC1,BL_2023_3CR,BL_2023_3CR,2
-2.682696,-0.1316805498256807,CCCCCCC#CCCOC(=O)CCCC1(CCCC(=O)OCCCCCCCC/C=C\CCCCCCCC)C=NC(C(=O)OC(C)(C)C)N1CCN1CCS(=O)(=O)CC1,BL_2023_3CR,BL_2023_3CR,1
-4.3301587,-0.1316805498256807,CCCCCCC#CCCOC(=O)CCCC(C=NC(C)(C)C)(CCCC(=O)OCCCCCCCC/C=C\CCCCCCCC)NCCN1CCS(=O)(=O)CC1,BL_2023_3CR,BL_2023_3CR,1
-4.4740624,0.2140315992398948,CCCCCCC#CCCOC(=O)CCCC(C=NCCCC)(CCCC(=O)OCCCCCCCC/C=C\CCCCCCCC)NCCN1CCS(=O)(=O)CC1,BL_2023_3CR,BL_2023_3CR,1
-3.0570235,-0.1316805498256807,CCCCCCC#CCCOC(=O)CCCC(C=NC1CCCCC1)(CCCC(=O)OCCCCCCCC/C=C\CCCCCCCC)NCCN1CCS(=O)(=O)CC1,BL_2023_3CR,BL_2023_3CR,1
-4.5293126,-0.2810932383302653,CCCCCCCCCCCCOC(=O)CCCC1(CCCC(=O)OCCCCCCCCCCCC)C=NC(C(=O)OC)N1CCN1CCS(=O)(=O)CC1,BL_2023_3CR,BL_2023_3CR,0
-5.3222766,-0.1316805498256807,CCCCCCCCCCCCOC(=O)CCCC1(CCCC(=O)OCCCCCCCCCCCC)C=NC(C(=O)OCC)N1CCN1CCS(=O)(=O)CC1,BL_2023_3CR,BL_2023_3CR,1
-4.0466833,-0.1316805498256807,CCCCCCCCCCCCOC(=O)CCCC1(CCCC(=O)OCCCCCCCCCCCC)C=NC(C(=O)OC(C)(C)C)N1CCN1CCS(=O)(=O)CC1,BL_2023_3CR,BL_2023_3CR,1
-5.1004105,-0.674095932295874,CCCCCCCCCCCCOC(=O)CCCC(C=NC(C)(C)C)(CCCC(=O)OCCCCCCCCCCCC)NCCN1CCS(=O)(=O)CC1,BL_2023_3CR,BL_2023_3CR,0
-5.1692758,-2.0177810199521136,CCCCCCCCCCCCOC(=O)CCCC(C=NCCCC)(CCCC(=O)OCCCCCCCCCCCC)NCCN1CCS(=O)(=O)CC1,BL_2023_3CR,BL_2023_3CR,0
-4.8252125,-0.2810932383302653,CCCCCCCCCCCCOC(=O)CCCC(C=NC1CCCCC1)(CCCC(=O)OCCCCCCCCCCCC)NCCN1CCS(=O)(=O)CC1,BL_2023_3CR,BL_2023_3CR,0
-3.9296684,-0.1316805498256807,CCCCCCCCC(CCCCCCCC)OC(=O)CCCC1(CCCC(=O)OC(CCCCCCCC)CCCCCCCC)C=NC(C(=O)OC)N1CCN1CCS(=O)(=O)CC1,BL_2023_3CR,BL_2023_3CR,1
-4.1265774,-0.1316805498256807,CCCCCCCCC(CCCCCCCC)OC(=O)CCCC1(CCCC(=O)OC(CCCCCCCC)CCCCCCCC)C=NC(C(=O)OCC)N1CCN1CCS(=O)(=O)CC1,BL_2023_3CR,BL_2023_3CR,1
-3.6867533,-0.4578109423564123,CCCCCCCCC(CCCCCCCC)OC(=O)CCCC1(CCCC(=O)OC(CCCCCCCC)CCCCCCCC)C=NC(C(=O)OC(C)(C)C)N1CCN1CCS(=O)(=O)CC1,BL_2023_3CR,BL_2023_3CR,0
-5.8705173,-0.2810932383302653,CCCCCCCCC(CCCCCCCC)OC(=O)CCCC(C=NC(C)(C)C)(CCCC(=O)OC(CCCCCCCC)CCCCCCCC)NCCN1CCS(=O)(=O)CC1,BL_2023_3CR,BL_2023_3CR,0
-4.9398437,-0.4578109423564123,CCCCCCCCC(CCCCCCCC)OC(=O)CCCC(C=NCCCC)(CCCC(=O)OC(CCCCCCCC)CCCCCCCC)NCCN1CCS(=O)(=O)CC1,BL_2023_3CR,BL_2023_3CR,0
-5.461247,-0.1316805498256807,CCCCCCCCC(CCCCCCCC)OC(=O)CCCC(C=NC1CCCCC1)(CCCC(=O)OC(CCCCCCCC)CCCCCCCC)NCCN1CCS(=O)(=O)CC1,BL_2023_3CR,BL_2023_3CR,1
-1.0912585,-0.0022533906995668,CCCCCCCC/C=C\CCCCCCCC1(CCCCCCC/C=C\CCCCCCCC)C=NC(C(=O)OC)N1CCN1CCS(=O)(=O)CC1,BL_2023_3CR,BL_2023_3CR,1
-1.2953207,-0.1316805498256807,CCCCCCCC/C=C\CCCCCCCC1(CCCCCCC/C=C\CCCCCCCC)C=NC(C(=O)OCC)N1CCN1CCS(=O)(=O)CC1,BL_2023_3CR,BL_2023_3CR,1
-0.66942066,-0.1316805498256807,CCCCCCCC/C=C\CCCCCCCC1(CCCCCCC/C=C\CCCCCCCC)C=NC(C(=O)OC(C)(C)C)N1CCN1CCS(=O)(=O)CC1,BL_2023_3CR,BL_2023_3CR,1
-2.6687899,-1.345938476123994,CCCCCCCC/C=C\CCCCCCCC(C=NC(C)(C)C)(CCCCCCC/C=C\CCCCCCCC)NCCN1CCS(=O)(=O)CC1,BL_2023_3CR,BL_2023_3CR,0
-1.8996763,-0.2810932383302653,CCCCCCCC/C=C\CCCCCCCC(C=NCCCC)(CCCCCCC/C=C\CCCCCCCC)NCCN1CCS(=O)(=O)CC1,BL_2023_3CR,BL_2023_3CR,0
-2.6226501,-2.0177810199521136,CCCCCCCC/C=C\CCCCCCCC(C=NC1CCCCC1)(CCCCCCC/C=C\CCCCCCCC)NCCN1CCS(=O)(=O)CC1,BL_2023_3CR,BL_2023_3CR,0
-2.7076478,-0.1316805498256807,CCCCC/C=C\C/C=C\CCCCCCCCOC(=O)CCCC1(CCCC(=O)OCCCCCCCC/C=C\C/C=C\CCCCC)C=NC(C(=O)OC)N1C1CCN(Cc2ccccc2)CC1,BL_2023_3CR,BL_2023_3CR,1
-1.8054307,-0.1316805498256807,CCCCC/C=C\C/C=C\CCCCCCCCOC(=O)CCCC1(CCCC(=O)OCCCCCCCC/C=C\C/C=C\CCCCC)C=NC(C(=O)OCC)N1C1CCN(Cc2ccccc2)CC1,BL_2023_3CR,BL_2023_3CR,1
-1.8908513,-0.1316805498256807,CCCCC/C=C\C/C=C\CCCCCCCCOC(=O)CCCC1(CCCC(=O)OCCCCCCCC/C=C\C/C=C\CCCCC)C=NC(C(=O)OC(C)(C)C)N1C1CCN(Cc2ccccc2)CC1,BL_2023_3CR,BL_2023_3CR,1
-3.5121524,-0.1316805498256807,CCCCC/C=C\C/C=C\CCCCCCCCOC(=O)CCCC(C=NC(C)(C)C)(CCCC(=O)OCCCCCCCC/C=C\C/C=C\CCCCC)NC1CCN(Cc2ccccc2)CC1,BL_2023_3CR,BL_2023_3CR,1
-3.3786988,-0.1316805498256807,CCCCC/C=C\C/C=C\CCCCCCCCOC(=O)CCCC(C=NCCCC)(CCCC(=O)OCCCCCCCC/C=C\C/C=C\CCCCC)NC1CCN(Cc2ccccc2)CC1,BL_2023_3CR,BL_2023_3CR,1
-3.215506,-0.1316805498256807,CCCCC/C=C\C/C=C\CCCCCCCCOC(=O)CCCC(C=NC1CCCCC1)(CCCC(=O)OCCCCCCCC/C=C\C/C=C\CCCCC)NC1CCN(Cc2ccccc2)CC1,BL_2023_3CR,BL_2023_3CR,1
-1.3896083,-0.1316805498256807,CCCCCCCC/C=C\CCCCCCCCOC(=O)CCCC1(CCCC(=O)OCCCCCCCC/C=C\CCCCCCCC)C=NC(C(=O)OC)N1C1CCN(Cc2ccccc2)CC1,BL_2023_3CR,BL_2023_3CR,1
-1.9967973,-1.345938476123994,CCCCCCCC/C=C\CCCCCCCCOC(=O)CCCC1(CCCC(=O)OCCCCCCCC/C=C\CCCCCCCC)C=NC(C(=O)OCC)N1C1CCN(Cc2ccccc2)CC1,BL_2023_3CR,BL_2023_3CR,0
-1.2436755,-0.1316805498256807,CCCCCCCC/C=C\CCCCCCCCOC(=O)CCCC1(CCCC(=O)OCCCCCCCC/C=C\CCCCCCCC)C=NC(C(=O)OC(C)(C)C)N1C1CCN(Cc2ccccc2)CC1,BL_2023_3CR,BL_2023_3CR,1
-3.5293028,-0.1316805498256807,CCCCCCCC/C=C\CCCCCCCCOC(=O)CCCC(C=NC(C)(C)C)(CCCC(=O)OCCCCCCCC/C=C\CCCCCCCC)NC1CCN(Cc2ccccc2)CC1,BL_2023_3CR,BL_2023_3CR,1
-2.9532502,-0.1316805498256807,CCCCCCCC/C=C\CCCCCCCCOC(=O)CCCC(C=NCCCC)(CCCC(=O)OCCCCCCCC/C=C\CCCCCCCC)NC1CCN(Cc2ccccc2)CC1,BL_2023_3CR,BL_2023_3CR,1
-3.2094605,-0.1316805498256807,CCCCCCCC/C=C\CCCCCCCCOC(=O)CCCC(C=NC1CCCCC1)(CCCC(=O)OCCCCCCCC/C=C\CCCCCCCC)NC1CCN(Cc2ccccc2)CC1,BL_2023_3CR,BL_2023_3CR,1
-3.458153,1.8304796256821656,CCCCCCC#CCCOC(=O)CCCC1(CCCC(=O)OCCC#CCCCCCC)C=NC(C(=O)OC)N1C1CCN(Cc2ccccc2)CC1,BL_2023_3CR,BL_2023_3CR,2
-3.8231215,0.3907493032660417,CCCCCCC#CCCOC(=O)CCCC1(CCCC(=O)OCCC#CCCCCCC)C=NC(C(=O)OCC)N1C1CCN(Cc2ccccc2)CC1,BL_2023_3CR,BL_2023_3CR,1
-3.1444614,-0.1316805498256807,CCCCCCC#CCCOC(=O)CCCC1(CCCC(=O)OCCC#CCCCCCC)C=NC(C(=O)OC(C)(C)C)N1C1CCN(Cc2ccccc2)CC1,BL_2023_3CR,BL_2023_3CR,1
-3.5871177,-0.1316805498256807,CCCCCCC#CCCOC(=O)CCCC(C=NC(C)(C)C)(CCCC(=O)OCCC#CCCCCCC)NC1CCN(Cc2ccccc2)CC1,BL_2023_3CR,BL_2023_3CR,1
-4.119353,-0.1316805498256807,CCCCCCC#CCCOC(=O)CCCC(C=NCCCC)(CCCC(=O)OCCC#CCCCCCC)NC1CCN(Cc2ccccc2)CC1,BL_2023_3CR,BL_2023_3CR,1
-3.445795,-0.1316805498256807,CCCCCCC#CCCOC(=O)CCCC(C=NC1CCCCC1)(CCCC(=O)OCCC#CCCCCCC)NC1CCN(Cc2ccccc2)CC1,BL_2023_3CR,BL_2023_3CR,1
-2.145069,-0.2810932383302653,CCCCCCCC/C=C\CCCCCCCCOC(=O)CCCC1(CCCC(=O)OC(CCCCCCCC)CCCCCCCC)C=NC(C(=O)OC)N1C1CCN(Cc2ccccc2)CC1,BL_2023_3CR,BL_2023_3CR,0
-2.19459,-0.1316805498256807,CCCCCCCC/C=C\CCCCCCCCOC(=O)CCCC1(CCCC(=O)OC(CCCCCCCC)CCCCCCCC)C=NC(C(=O)OCC)N1C1CCN(Cc2ccccc2)CC1,BL_2023_3CR,BL_2023_3CR,1
-2.428883,-0.674095932295874,CCCCCCCC/C=C\CCCCCCCCOC(=O)CCCC1(CCCC(=O)OC(CCCCCCCC)CCCCCCCC)C=NC(C(=O)OC(C)(C)C)N1C1CCN(Cc2ccccc2)CC1,BL_2023_3CR,BL_2023_3CR,0
-3.611317,-0.1316805498256807,CCCCCCCC/C=C\CCCCCCCCOC(=O)CCCC(C=NC(C)(C)C)(CCCC(=O)OC(CCCCCCCC)CCCCCCCC)NC1CCN(Cc2ccccc2)CC1,BL_2023_3CR,BL_2023_3CR,1
-3.796005,-0.1316805498256807,CCCCCCCC/C=C\CCCCCCCCOC(=O)CCCC(C=NCCCC)(CCCC(=O)OC(CCCCCCCC)CCCCCCCC)NC1CCN(Cc2ccccc2)CC1,BL_2023_3CR,BL_2023_3CR,1
-4.6303515,-0.2810932383302653,CCCCCCCC/C=C\CCCCCCCCOC(=O)CCCC(C=NC1CCCCC1)(CCCC(=O)OC(CCCCCCCC)CCCCCCCC)NC1CCN(Cc2ccccc2)CC1,BL_2023_3CR,BL_2023_3CR,0
-2.6216705,-0.1316805498256807,CCCCCCC#CCCOC(=O)CCCC1(CCCC(=O)OCCCCCCCC/C=C\CCCCCCCC)C=NC(C(=O)OC)N1C1CCN(Cc2ccccc2)CC1,BL_2023_3CR,BL_2023_3CR,1
-2.2844744,-0.0022533906995668,CCCCCCC#CCCOC(=O)CCCC1(CCCC(=O)OCCCCCCCC/C=C\CCCCCCCC)C=NC(C(=O)OCC)N1C1CCN(Cc2ccccc2)CC1,BL_2023_3CR,BL_2023_3CR,1
-1.7194737,-0.674095932295874,CCCCCCC#CCCOC(=O)CCCC1(CCCC(=O)OCCCCCCCC/C=C\CCCCCCCC)C=NC(C(=O)OC(C)(C)C)N1C1CCN(Cc2ccccc2)CC1,BL_2023_3CR,BL_2023_3CR,0
-3.7124598,-0.1316805498256807,CCCCCCC#CCCOC(=O)CCCC(C=NC(C)(C)C)(CCCC(=O)OCCCCCCCC/C=C\CCCCCCCC)NC1CCN(Cc2ccccc2)CC1,BL_2023_3CR,BL_2023_3CR,1
-3.747822,-0.1316805498256807,CCCCCCC#CCCOC(=O)CCCC(C=NCCCC)(CCCC(=O)OCCCCCCCC/C=C\CCCCCCCC)NC1CCN(Cc2ccccc2)CC1,BL_2023_3CR,BL_2023_3CR,1
-3.5944805,-0.1316805498256807,CCCCCCC#CCCOC(=O)CCCC(C=NC1CCCCC1)(CCCC(=O)OCCCCCCCC/C=C\CCCCCCCC)NC1CCN(Cc2ccccc2)CC1,BL_2023_3CR,BL_2023_3CR,1
-2.9759433,-0.1316805498256807,CCCCCCCCCCCCOC(=O)CCCC1(CCCC(=O)OCCCCCCCCCCCC)C=NC(C(=O)OC)N1C1CCN(Cc2ccccc2)CC1,BL_2023_3CR,BL_2023_3CR,1
-4.134222,-0.1316805498256807,CCCCCCCCCCCCOC(=O)CCCC1(CCCC(=O)OCCCCCCCCCCCC)C=NC(C(=O)OCC)N1C1CCN(Cc2ccccc2)CC1,BL_2023_3CR,BL_2023_3CR,1
-3.2142687,-0.1316805498256807,CCCCCCCCCCCCOC(=O)CCCC1(CCCC(=O)OCCCCCCCCCCCC)C=NC(C(=O)OC(C)(C)C)N1C1CCN(Cc2ccccc2)CC1,BL_2023_3CR,BL_2023_3CR,1
-3.4446735,-0.1316805498256807,CCCCCCCCCCCCOC(=O)CCCC(C=NC(C)(C)C)(CCCC(=O)OCCCCCCCCCCCC)NC1CCN(Cc2ccccc2)CC1,BL_2023_3CR,BL_2023_3CR,1
-3.7850277,-0.1316805498256807,CCCCCCCCCCCCOC(=O)CCCC(C=NCCCC)(CCCC(=O)OCCCCCCCCCCCC)NC1CCN(Cc2ccccc2)CC1,BL_2023_3CR,BL_2023_3CR,1
-3.5649428,-0.1316805498256807,CCCCCCCCCCCCOC(=O)CCCC(C=NC1CCCCC1)(CCCC(=O)OCCCCCCCCCCCC)NC1CCN(Cc2ccccc2)CC1,BL_2023_3CR,BL_2023_3CR,1
-2.8385427,-0.1316805498256807,CCCCCCCCC(CCCCCCCC)OC(=O)CCCC1(CCCC(=O)OC(CCCCCCCC)CCCCCCCC)C=NC(C(=O)OC)N1C1CCN(Cc2ccccc2)CC1,BL_2023_3CR,BL_2023_3CR,1
-3.1405587,-0.1316805498256807,CCCCCCCCC(CCCCCCCC)OC(=O)CCCC1(CCCC(=O)OC(CCCCCCCC)CCCCCCCC)C=NC(C(=O)OCC)N1C1CCN(Cc2ccccc2)CC1,BL_2023_3CR,BL_2023_3CR,1
-2.2586884,0.2140315992398948,CCCCCCCCC(CCCCCCCC)OC(=O)CCCC1(CCCC(=O)OC(CCCCCCCC)CCCCCCCC)C=NC(C(=O)OC(C)(C)C)N1C1CCN(Cc2ccccc2)CC1,BL_2023_3CR,BL_2023_3CR,1
-3.80514,-0.1316805498256807,CCCCCCCCC(CCCCCCCC)OC(=O)CCCC(C=NC(C)(C)C)(CCCC(=O)OC(CCCCCCCC)CCCCCCCC)NC1CCN(Cc2ccccc2)CC1,BL_2023_3CR,BL_2023_3CR,1
-4.1766624,-0.1316805498256807,CCCCCCCCC(CCCCCCCC)OC(=O)CCCC(C=NCCCC)(CCCC(=O)OC(CCCCCCCC)CCCCCCCC)NC1CCN(Cc2ccccc2)CC1,BL_2023_3CR,BL_2023_3CR,1
-4.6675553,-0.0022533906995668,CCCCCCCCC(CCCCCCCC)OC(=O)CCCC(C=NC1CCCCC1)(CCCC(=O)OC(CCCCCCCC)CCCCCCCC)NC1CCN(Cc2ccccc2)CC1,BL_2023_3CR,BL_2023_3CR,1
-2.1708715,-0.1316805498256807,CCCCCCCC/C=C\CCCCCCCC1(CCCCCCC/C=C\CCCCCCCC)C=NC(C(=O)OC)N1C1CCN(Cc2ccccc2)CC1,BL_2023_3CR,BL_2023_3CR,1
-1.0635511,-0.1316805498256807,CCCCCCCC/C=C\CCCCCCCC1(CCCCCCC/C=C\CCCCCCCC)C=NC(C(=O)OCC)N1C1CCN(Cc2ccccc2)CC1,BL_2023_3CR,BL_2023_3CR,1
-1.1495239,-0.1316805498256807,CCCCCCCC/C=C\CCCCCCCC1(CCCCCCC/C=C\CCCCCCCC)C=NC(C(=O)OC(C)(C)C)N1C1CCN(Cc2ccccc2)CC1,BL_2023_3CR,BL_2023_3CR,1
-2.656076,-0.1316805498256807,CCCCCCCC/C=C\CCCCCCCC(C=NC(C)(C)C)(CCCCCCC/C=C\CCCCCCCC)NC1CCN(Cc2ccccc2)CC1,BL_2023_3CR,BL_2023_3CR,1
-3.5786636,-0.2810932383302653,CCCCCCCC/C=C\CCCCCCCC(C=NCCCC)(CCCCCCC/C=C\CCCCCCCC)NC1CCN(Cc2ccccc2)CC1,BL_2023_3CR,BL_2023_3CR,0
-3.4299479,-0.1316805498256807,CCCCCCCC/C=C\CCCCCCCC(C=NC1CCCCC1)(CCCCCCC/C=C\CCCCCCCC)NC1CCN(Cc2ccccc2)CC1,BL_2023_3CR,BL_2023_3CR,1
-2.9285438,0.3907493032660417,CCCCC/C=C\C/C=C\CCCCCCCCOC(=O)CCCC1(CCCC(=O)OCCCCCCCC/C=C\C/C=C\CCCCC)C=NC(C(=O)OC)N1CCCn1ccnc1,BL_2023_3CR,BL_2023_3CR,1
-3.4529366,-0.1316805498256807,CCCCC/C=C\C/C=C\CCCCCCCCOC(=O)CCCC1(CCCC(=O)OCCCCCCCC/C=C\C/C=C\CCCCC)C=NC(C(=O)OCC)N1CCCn1ccnc1,BL_2023_3CR,BL_2023_3CR,1
-2.333863,-0.1316805498256807,CCCCC/C=C\C/C=C\CCCCCCCCOC(=O)CCCC1(CCCC(=O)OCCCCCCCC/C=C\C/C=C\CCCCC)C=NC(C(=O)OC(C)(C)C)N1CCCn1ccnc1,BL_2023_3CR,BL_2023_3CR,1
-4.3846226,-0.1316805498256807,CCCCC/C=C\C/C=C\CCCCCCCCOC(=O)CCCC(C=NC(C)(C)C)(CCCC(=O)OCCCCCCCC/C=C\C/C=C\CCCCC)NCCCn1ccnc1,BL_2023_3CR,BL_2023_3CR,1
-5.4053726,0.2140315992398948,CCCCC/C=C\C/C=C\CCCCCCCCOC(=O)CCCC(C=NCCCC)(CCCC(=O)OCCCCCCCC/C=C\C/C=C\CCCCC)NCCCn1ccnc1,BL_2023_3CR,BL_2023_3CR,1
-3.9117556,-0.1316805498256807,CCCCC/C=C\C/C=C\CCCCCCCCOC(=O)CCCC(C=NC1CCCCC1)(CCCC(=O)OCCCCCCCC/C=C\C/C=C\CCCCC)NCCCn1ccnc1,BL_2023_3CR,BL_2023_3CR,1
-2.8308475,1.371257553758863,CCCCCCCC/C=C\CCCCCCCCOC(=O)CCCC1(CCCC(=O)OCCCCCCCC/C=C\CCCCCCCC)C=NC(C(=O)OC)N1CCCn1ccnc1,BL_2023_3CR,BL_2023_3CR,2
-4.174133,1.0625918470941615,CCCCCCCC/C=C\CCCCCCCCOC(=O)CCCC1(CCCC(=O)OCCCCCCCC/C=C\CCCCCCCC)C=NC(C(=O)OCC)N1CCCn1ccnc1,BL_2023_3CR,BL_2023_3CR,2
-3.3512704,0.2140315992398948,CCCCCCCC/C=C\CCCCCCCCOC(=O)CCCC1(CCCC(=O)OCCCCCCCC/C=C\CCCCCCCC)C=NC(C(=O)OC(C)(C)C)N1CCCn1ccnc1,BL_2023_3CR,BL_2023_3CR,1
-4.5747356,-0.1316805498256807,CCCCCCCC/C=C\CCCCCCCCOC(=O)CCCC(C=NC(C)(C)C)(CCCC(=O)OCCCCCCCC/C=C\CCCCCCCC)NCCCn1ccnc1,BL_2023_3CR,BL_2023_3CR,1
-4.6475816,-0.1316805498256807,CCCCCCCC/C=C\CCCCCCCCOC(=O)CCCC(C=NCCCC)(CCCC(=O)OCCCCCCCC/C=C\CCCCCCCC)NCCCn1ccnc1,BL_2023_3CR,BL_2023_3CR,1
-4.709184,-0.0022533906995668,CCCCCCCC/C=C\CCCCCCCCOC(=O)CCCC(C=NC1CCCCC1)(CCCC(=O)OCCCCCCCC/C=C\CCCCCCCC)NCCCn1ccnc1,BL_2023_3CR,BL_2023_3CR,1
-3.9881852,0.3907493032660417,CCCCCCC#CCCOC(=O)CCCC1(CCCC(=O)OCCC#CCCCCCC)C=NC(C(=O)OC)N1CCCn1ccnc1,BL_2023_3CR,BL_2023_3CR,1
-4.23892,-0.1316805498256807,CCCCCCC#CCCOC(=O)CCCC1(CCCC(=O)OCCC#CCCCCCC)C=NC(C(=O)OCC)N1CCCn1ccnc1,BL_2023_3CR,BL_2023_3CR,1
-3.3816614,-0.0022533906995668,CCCCCCC#CCCOC(=O)CCCC1(CCCC(=O)OCCC#CCCCCCC)C=NC(C(=O)OC(C)(C)C)N1CCCn1ccnc1,BL_2023_3CR,BL_2023_3CR,1
-3.0262783,-0.1316805498256807,CCCCCCC#CCCOC(=O)CCCC(C=NC(C)(C)C)(CCCC(=O)OCCC#CCCCCCC)NCCCn1ccnc1,BL_2023_3CR,BL_2023_3CR,1
-4.0008006,-0.1316805498256807,CCCCCCC#CCCOC(=O)CCCC(C=NCCCC)(CCCC(=O)OCCC#CCCCCCC)NCCCn1ccnc1,BL_2023_3CR,BL_2023_3CR,1
-3.4769087,-0.1316805498256807,CCCCCCC#CCCOC(=O)CCCC(C=NC1CCCCC1)(CCCC(=O)OCCC#CCCCCCC)NCCCn1ccnc1,BL_2023_3CR,BL_2023_3CR,1
-4.171718,-0.4578109423564123,CCCCCCCC/C=C\CCCCCCCCOC(=O)CCCC1(CCCC(=O)OC(CCCCCCCC)CCCCCCCC)C=NC(C(=O)OC)N1CCCn1ccnc1,BL_2023_3CR,BL_2023_3CR,0
-3.845274,-0.1316805498256807,CCCCCCCC/C=C\CCCCCCCCOC(=O)CCCC1(CCCC(=O)OC(CCCCCCCC)CCCCCCCC)C=NC(C(=O)OCC)N1CCCn1ccnc1,BL_2023_3CR,BL_2023_3CR,1
-3.6319895,-0.1316805498256807,CCCCCCCC/C=C\CCCCCCCCOC(=O)CCCC1(CCCC(=O)OC(CCCCCCCC)CCCCCCCC)C=NC(C(=O)OC(C)(C)C)N1CCCn1ccnc1,BL_2023_3CR,BL_2023_3CR,1
-4.4398437,-0.2810932383302653,CCCCCCCC/C=C\CCCCCCCCOC(=O)CCCC(C=NC(C)(C)C)(CCCC(=O)OC(CCCCCCCC)CCCCCCCC)NCCCn1ccnc1,BL_2023_3CR,BL_2023_3CR,0
-5.0692573,-0.1316805498256807,CCCCCCCC/C=C\CCCCCCCCOC(=O)CCCC(C=NCCCC)(CCCC(=O)OC(CCCCCCCC)CCCCCCCC)NCCCn1ccnc1,BL_2023_3CR,BL_2023_3CR,1
-5.143232,-0.674095932295874,CCCCCCCC/C=C\CCCCCCCCOC(=O)CCCC(C=NC1CCCCC1)(CCCC(=O)OC(CCCCCCCC)CCCCCCCC)NCCCn1ccnc1,BL_2023_3CR,BL_2023_3CR,0
-3.363049,0.72835041143869,CCCCCCC#CCCOC(=O)CCCC1(CCCC(=O)OCCCCCCCC/C=C\CCCCCCCC)C=NC(C(=O)OC)N1CCCn1ccnc1,BL_2023_3CR,BL_2023_3CR,1
-3.1821892,0.8361574035969089,CCCCCCC#CCCOC(=O)CCCC1(CCCC(=O)OCCCCCCCC/C=C\CCCCCCCC)C=NC(C(=O)OCC)N1CCCn1ccnc1,BL_2023_3CR,BL_2023_3CR,1
-2.996102,-0.1316805498256807,CCCCCCC#CCCOC(=O)CCCC1(CCCC(=O)OCCCCCCCC/C=C\CCCCCCCC)C=NC(C(=O)OC(C)(C)C)N1CCCn1ccnc1,BL_2023_3CR,BL_2023_3CR,1
-3.1246746,-0.1316805498256807,CCCCCCC#CCCOC(=O)CCCC(C=NC(C)(C)C)(CCCC(=O)OCCCCCCCC/C=C\CCCCCCCC)NCCCn1ccnc1,BL_2023_3CR,BL_2023_3CR,1
-3.9066541,-0.1316805498256807,CCCCCCC#CCCOC(=O)CCCC(C=NCCCC)(CCCC(=O)OCCCCCCCC/C=C\CCCCCCCC)NCCCn1ccnc1,BL_2023_3CR,BL_2023_3CR,1
-3.428091,0.2140315992398948,CCCCCCC#CCCOC(=O)CCCC(C=NC1CCCCC1)(CCCC(=O)OCCCCCCCC/C=C\CCCCCCCC)NCCCn1ccnc1,BL_2023_3CR,BL_2023_3CR,1
-4.27398,0.3907493032660417,CCCCCCCCCCCCOC(=O)CCCC1(CCCC(=O)OCCCCCCCCCCCC)C=NC(C(=O)OC)N1CCCn1ccnc1,BL_2023_3CR,BL_2023_3CR,1
-3.9224908,-0.1316805498256807,CCCCCCCCCCCCOC(=O)CCCC1(CCCC(=O)OCCCCCCCCCCCC)C=NC(C(=O)OCC)N1CCCn1ccnc1,BL_2023_3CR,BL_2023_3CR,1
-3.6773822,-0.1316805498256807,CCCCCCCCCCCCOC(=O)CCCC1(CCCC(=O)OCCCCCCCCCCCC)C=NC(C(=O)OC(C)(C)C)N1CCCn1ccnc1,BL_2023_3CR,BL_2023_3CR,1
-5.1296167,-0.1316805498256807,CCCCCCCCCCCCOC(=O)CCCC(C=NC(C)(C)C)(CCCC(=O)OCCCCCCCCCCCC)NCCCn1ccnc1,BL_2023_3CR,BL_2023_3CR,1
-4.809981,-0.1316805498256807,CCCCCCCCCCCCOC(=O)CCCC(C=NCCCC)(CCCC(=O)OCCCCCCCCCCCC)NCCCn1ccnc1,BL_2023_3CR,BL_2023_3CR,1
-5.315445,-0.1316805498256807,CCCCCCCCCCCCOC(=O)CCCC(C=NC1CCCCC1)(CCCC(=O)OCCCCCCCCCCCC)NCCCn1ccnc1,BL_2023_3CR,BL_2023_3CR,1
-4.251167,-0.9529357821583856,CCCCCCCCC(CCCCCCCC)OC(=O)CCCC1(CCCC(=O)OC(CCCCCCCC)CCCCCCCC)C=NC(C(=O)OC)N1CCCn1ccnc1,BL_2023_3CR,BL_2023_3CR,0
-4.463924,-0.1316805498256807,CCCCCCCCC(CCCCCCCC)OC(=O)CCCC1(CCCC(=O)OC(CCCCCCCC)CCCCCCCC)C=NC(C(=O)OCC)N1CCCn1ccnc1,BL_2023_3CR,BL_2023_3CR,1
-4.038149,-1.345938476123994,CCCCCCCCC(CCCCCCCC)OC(=O)CCCC1(CCCC(=O)OC(CCCCCCCC)CCCCCCCC)C=NC(C(=O)OC(C)(C)C)N1CCCn1ccnc1,BL_2023_3CR,BL_2023_3CR,0
-4.772856,-0.1316805498256807,CCCCCCCCC(CCCCCCCC)OC(=O)CCCC(C=NC(C)(C)C)(CCCC(=O)OC(CCCCCCCC)CCCCCCCC)NCCCn1ccnc1,BL_2023_3CR,BL_2023_3CR,1
-5.110367,-0.2810932383302653,CCCCCCCCC(CCCCCCCC)OC(=O)CCCC(C=NCCCC)(CCCC(=O)OC(CCCCCCCC)CCCCCCCC)NCCCn1ccnc1,BL_2023_3CR,BL_2023_3CR,0
-5.640182,-0.1316805498256807,CCCCCCCCC(CCCCCCCC)OC(=O)CCCC(C=NC1CCCCC1)(CCCC(=O)OC(CCCCCCCC)CCCCCCCC)NCCCn1ccnc1,BL_2023_3CR,BL_2023_3CR,1
-3.3469412,-0.1316805498256807,CCCCCCCC/C=C\CCCCCCCC1(CCCCCCC/C=C\CCCCCCCC)C=NC(C(=O)OC)N1CCCn1ccnc1,BL_2023_3CR,BL_2023_3CR,1
-2.148868,-0.1316805498256807,CCCCCCCC/C=C\CCCCCCCC1(CCCCCCC/C=C\CCCCCCCC)C=NC(C(=O)OCC)N1CCCn1ccnc1,BL_2023_3CR,BL_2023_3CR,1
-2.6617823,0.2140315992398948,CCCCCCCC/C=C\CCCCCCCC1(CCCCCCC/C=C\CCCCCCCC)C=NC(C(=O)OC(C)(C)C)N1CCCn1ccnc1,BL_2023_3CR,BL_2023_3CR,1
-4.3219094,-0.1316805498256807,CCCCCCCC/C=C\CCCCCCCC(C=NC(C)(C)C)(CCCCCCC/C=C\CCCCCCCC)NCCCn1ccnc1,BL_2023_3CR,BL_2023_3CR,1
-5.2112536,-0.1316805498256807,CCCCCCCC/C=C\CCCCCCCC(C=NCCCC)(CCCCCCC/C=C\CCCCCCCC)NCCCn1ccnc1,BL_2023_3CR,BL_2023_3CR,1
-4.2812877,-0.1316805498256807,CCCCCCCC/C=C\CCCCCCCC(C=NC1CCCCC1)(CCCCCCC/C=C\CCCCCCCC)NCCCn1ccnc1,BL_2023_3CR,BL_2023_3CR,1
-2.610748,-0.1316805498256807,CCCCC/C=C\C/C=C\CCCCCCCCOC(=O)CCCC1(CCCC(=O)OCCCCCCCC/C=C\C/C=C\CCCCC)C=NC(C(=O)OC)N1Cc1cccnc1,BL_2023_3CR,BL_2023_3CR,1
-2.8479886,-0.4578109423564123,CCCCC/C=C\C/C=C\CCCCCCCCOC(=O)CCCC1(CCCC(=O)OCCCCCCCC/C=C\C/C=C\CCCCC)C=NC(C(=O)OCC)N1Cc1cccnc1,BL_2023_3CR,BL_2023_3CR,0
-2.0799258,-0.9529357821583856,CCCCC/C=C\C/C=C\CCCCCCCCOC(=O)CCCC1(CCCC(=O)OCCCCCCCC/C=C\C/C=C\CCCCC)C=NC(C(=O)OC(C)(C)C)N1Cc1cccnc1,BL_2023_3CR,BL_2023_3CR,0
-5.077245,-0.1316805498256807,CCCCC/C=C\C/C=C\CCCCCCCCOC(=O)CCCC(C=NC(C)(C)C)(CCCC(=O)OCCCCCCCC/C=C\C/C=C\CCCCC)NCc1cccnc1,BL_2023_3CR,BL_2023_3CR,1
-4.5218053,-0.1316805498256807,CCCCC/C=C\C/C=C\CCCCCCCCOC(=O)CCCC(C=NCCCC)(CCCC(=O)OCCCCCCCC/C=C\C/C=C\CCCCC)NCc1cccnc1,BL_2023_3CR,BL_2023_3CR,1
-3.3151927,-0.1316805498256807,CCCCC/C=C\C/C=C\CCCCCCCCOC(=O)CCCC(C=NC1CCCCC1)(CCCC(=O)OCCCCCCCC/C=C\C/C=C\CCCCC)NCc1cccnc1,BL_2023_3CR,BL_2023_3CR,1
-2.6984816,-0.1316805498256807,CCCCCCCC/C=C\CCCCCCCCOC(=O)CCCC1(CCCC(=O)OCCCCCCCC/C=C\CCCCCCCC)C=NC(C(=O)OC)N1Cc1cccnc1,BL_2023_3CR,BL_2023_3CR,1
-3.0021605,-0.0022533906995668,CCCCCCCC/C=C\CCCCCCCCOC(=O)CCCC1(CCCC(=O)OCCCCCCCC/C=C\CCCCCCCC)C=NC(C(=O)OCC)N1Cc1cccnc1,BL_2023_3CR,BL_2023_3CR,1
-3.4815865,-0.1316805498256807,CCCCCCCC/C=C\CCCCCCCCOC(=O)CCCC1(CCCC(=O)OCCCCCCCC/C=C\CCCCCCCC)C=NC(C(=O)OC(C)(C)C)N1Cc1cccnc1,BL_2023_3CR,BL_2023_3CR,1
-4.780068,-0.1316805498256807,CCCCCCCC/C=C\CCCCCCCCOC(=O)CCCC(C=NC(C)(C)C)(CCCC(=O)OCCCCCCCC/C=C\CCCCCCCC)NCc1cccnc1,BL_2023_3CR,BL_2023_3CR,1
-4.965345,-0.1316805498256807,CCCCCCCC/C=C\CCCCCCCCOC(=O)CCCC(C=NCCCC)(CCCC(=O)OCCCCCCCC/C=C\CCCCCCCC)NCc1cccnc1,BL_2023_3CR,BL_2023_3CR,1
-4.0250797,-0.1316805498256807,CCCCCCCC/C=C\CCCCCCCCOC(=O)CCCC(C=NC1CCCCC1)(CCCC(=O)OCCCCCCCC/C=C\CCCCCCCC)NCc1cccnc1,BL_2023_3CR,BL_2023_3CR,1
-3.915858,-0.1316805498256807,CCCCCCC#CCCOC(=O)CCCC1(CCCC(=O)OCCC#CCCCCCC)C=NC(C(=O)OC)N1Cc1cccnc1,BL_2023_3CR,BL_2023_3CR,1
-4.561543,-0.1316805498256807,CCCCCCC#CCCOC(=O)CCCC1(CCCC(=O)OCCC#CCCCCCC)C=NC(C(=O)OCC)N1Cc1cccnc1,BL_2023_3CR,BL_2023_3CR,1
-4.357209,-0.1316805498256807,CCCCCCC#CCCOC(=O)CCCC1(CCCC(=O)OCCC#CCCCCCC)C=NC(C(=O)OC(C)(C)C)N1Cc1cccnc1,BL_2023_3CR,BL_2023_3CR,1
-4.091035,-0.4578109423564123,CCCCCCC#CCCOC(=O)CCCC(C=NC(C)(C)C)(CCCC(=O)OCCC#CCCCCCC)NCc1cccnc1,BL_2023_3CR,BL_2023_3CR,0
-4.3233833,-0.1316805498256807,CCCCCCC#CCCOC(=O)CCCC(C=NCCCC)(CCCC(=O)OCCC#CCCCCCC)NCc1cccnc1,BL_2023_3CR,BL_2023_3CR,1
-4.7628937,-0.1316805498256807,CCCCCCC#CCCOC(=O)CCCC(C=NC1CCCCC1)(CCCC(=O)OCCC#CCCCCCC)NCc1cccnc1,BL_2023_3CR,BL_2023_3CR,1
-3.9420667,-0.674095932295874,CCCCCCCC/C=C\CCCCCCCCOC(=O)CCCC1(CCCC(=O)OC(CCCCCCCC)CCCCCCCC)C=NC(C(=O)OC)N1Cc1cccnc1,BL_2023_3CR,BL_2023_3CR,0
-3.5601282,-0.2810932383302653,CCCCCCCC/C=C\CCCCCCCCOC(=O)CCCC1(CCCC(=O)OC(CCCCCCCC)CCCCCCCC)C=NC(C(=O)OCC)N1Cc1cccnc1,BL_2023_3CR,BL_2023_3CR,0
-3.6867824,-0.1316805498256807,CCCCCCCC/C=C\CCCCCCCCOC(=O)CCCC1(CCCC(=O)OC(CCCCCCCC)CCCCCCCC)C=NC(C(=O)OC(C)(C)C)N1Cc1cccnc1,BL_2023_3CR,BL_2023_3CR,1
-4.2109327,-0.1316805498256807,CCCCCCCC/C=C\CCCCCCCCOC(=O)CCCC(C=NC(C)(C)C)(CCCC(=O)OC(CCCCCCCC)CCCCCCCC)NCc1cccnc1,BL_2023_3CR,BL_2023_3CR,1
-5.7459884,-0.1316805498256807,CCCCCCCC/C=C\CCCCCCCCOC(=O)CCCC(C=NCCCC)(CCCC(=O)OC(CCCCCCCC)CCCCCCCC)NCc1cccnc1,BL_2023_3CR,BL_2023_3CR,1
-4.7101183,-0.1316805498256807,CCCCCCCC/C=C\CCCCCCCCOC(=O)CCCC(C=NC1CCCCC1)(CCCC(=O)OC(CCCCCCCC)CCCCCCCC)NCc1cccnc1,BL_2023_3CR,BL_2023_3CR,1
-3.5743287,-0.1316805498256807,CCCCCCC#CCCOC(=O)CCCC1(CCCC(=O)OCCCCCCCC/C=C\CCCCCCCC)C=NC(C(=O)OC)N1Cc1cccnc1,BL_2023_3CR,BL_2023_3CR,1
-3.485771,-0.1316805498256807,CCCCCCC#CCCOC(=O)CCCC1(CCCC(=O)OCCCCCCCC/C=C\CCCCCCCC)C=NC(C(=O)OCC)N1Cc1cccnc1,BL_2023_3CR,BL_2023_3CR,1
-3.3071392,-0.4578109423564123,CCCCCCC#CCCOC(=O)CCCC1(CCCC(=O)OCCCCCCCC/C=C\CCCCCCCC)C=NC(C(=O)OC(C)(C)C)N1Cc1cccnc1,BL_2023_3CR,BL_2023_3CR,0
-3.7802308,-0.1316805498256807,CCCCCCC#CCCOC(=O)CCCC(C=NC(C)(C)C)(CCCC(=O)OCCCCCCCC/C=C\CCCCCCCC)NCc1cccnc1,BL_2023_3CR,BL_2023_3CR,1
-5.104483,-0.2810932383302653,CCCCCCC#CCCOC(=O)CCCC(C=NCCCC)(CCCC(=O)OCCCCCCCC/C=C\CCCCCCCC)NCc1cccnc1,BL_2023_3CR,BL_2023_3CR,0
-3.9700403,-0.1316805498256807,CCCCCCC#CCCOC(=O)CCCC(C=NC1CCCCC1)(CCCC(=O)OCCCCCCCC/C=C\CCCCCCCC)NCc1cccnc1,BL_2023_3CR,BL_2023_3CR,1
-3.8439837,-0.1316805498256807,CCCCCCCCCCCCOC(=O)CCCC1(CCCC(=O)OCCCCCCCCCCCC)C=NC(C(=O)OC)N1Cc1cccnc1,BL_2023_3CR,BL_2023_3CR,1
-3.767889,-0.0022533906995668,CCCCCCCCCCCCOC(=O)CCCC1(CCCC(=O)OCCCCCCCCCCCC)C=NC(C(=O)OCC)N1Cc1cccnc1,BL_2023_3CR,BL_2023_3CR,1
-3.472858,-0.1316805498256807,CCCCCCCCCCCCOC(=O)CCCC1(CCCC(=O)OCCCCCCCCCCCC)C=NC(C(=O)OC(C)(C)C)N1Cc1cccnc1,BL_2023_3CR,BL_2023_3CR,1
-4.986161,-0.1316805498256807,CCCCCCCCCCCCOC(=O)CCCC(C=NC(C)(C)C)(CCCC(=O)OCCCCCCCCCCCC)NCc1cccnc1,BL_2023_3CR,BL_2023_3CR,1
-4.979223,-0.1316805498256807,CCCCCCCCCCCCOC(=O)CCCC(C=NCCCC)(CCCC(=O)OCCCCCCCCCCCC)NCc1cccnc1,BL_2023_3CR,BL_2023_3CR,1
-4.3141365,-0.1316805498256807,CCCCCCCCCCCCOC(=O)CCCC(C=NC1CCCCC1)(CCCC(=O)OCCCCCCCCCCCC)NCc1cccnc1,BL_2023_3CR,BL_2023_3CR,1
-4.3366275,-0.1316805498256807,CCCCCCCCC(CCCCCCCC)OC(=O)CCCC1(CCCC(=O)OC(CCCCCCCC)CCCCCCCC)C=NC(C(=O)OC)N1Cc1cccnc1,BL_2023_3CR,BL_2023_3CR,1
-4.8163443,-0.9529357821583856,CCCCCCCCC(CCCCCCCC)OC(=O)CCCC1(CCCC(=O)OC(CCCCCCCC)CCCCCCCC)C=NC(C(=O)OCC)N1Cc1cccnc1,BL_2023_3CR,BL_2023_3CR,0
-4.138048,-0.1316805498256807,CCCCCCCCC(CCCCCCCC)OC(=O)CCCC1(CCCC(=O)OC(CCCCCCCC)CCCCCCCC)C=NC(C(=O)OC(C)(C)C)N1Cc1cccnc1,BL_2023_3CR,BL_2023_3CR,1
-4.4817963,-0.1316805498256807,CCCCCCCCC(CCCCCCCC)OC(=O)CCCC(C=NC(C)(C)C)(CCCC(=O)OC(CCCCCCCC)CCCCCCCC)NCc1cccnc1,BL_2023_3CR,BL_2023_3CR,1
-5.605951,-0.1316805498256807,CCCCCCCCC(CCCCCCCC)OC(=O)CCCC(C=NCCCC)(CCCC(=O)OC(CCCCCCCC)CCCCCCCC)NCc1cccnc1,BL_2023_3CR,BL_2023_3CR,1
-5.0498695,-0.1316805498256807,CCCCCCCCC(CCCCCCCC)OC(=O)CCCC(C=NC1CCCCC1)(CCCC(=O)OC(CCCCCCCC)CCCCCCCC)NCc1cccnc1,BL_2023_3CR,BL_2023_3CR,1
-2.5055282,-0.1316805498256807,CCCCCCCC/C=C\CCCCCCCC1(CCCCCCC/C=C\CCCCCCCC)C=NC(C(=O)OC)N1Cc1cccnc1,BL_2023_3CR,BL_2023_3CR,1
-2.063806,-0.1316805498256807,CCCCCCCC/C=C\CCCCCCCC1(CCCCCCC/C=C\CCCCCCCC)C=NC(C(=O)OCC)N1Cc1cccnc1,BL_2023_3CR,BL_2023_3CR,1
-1.5168965,-0.1316805498256807,CCCCCCCC/C=C\CCCCCCCC1(CCCCCCC/C=C\CCCCCCCC)C=NC(C(=O)OC(C)(C)C)N1Cc1cccnc1,BL_2023_3CR,BL_2023_3CR,1
-4.973476,-0.1316805498256807,CCCCCCCC/C=C\CCCCCCCC(C=NC(C)(C)C)(CCCCCCC/C=C\CCCCCCCC)NCc1cccnc1,BL_2023_3CR,BL_2023_3CR,1
-4.1117363,-0.1316805498256807,CCCCCCCC/C=C\CCCCCCCC(C=NCCCC)(CCCCCCC/C=C\CCCCCCCC)NCc1cccnc1,BL_2023_3CR,BL_2023_3CR,1
-3.787426,-0.1316805498256807,CCCCCCCC/C=C\CCCCCCCC(C=NC1CCCCC1)(CCCCCCC/C=C\CCCCCCCC)NCc1cccnc1,BL_2023_3CR,BL_2023_3CR,1
-3.3746934,-0.1316805498256807,CCCCC/C=C\C/C=C\CCCCCCCCOC(=O)CCCC1(CCCC(=O)OCCCCCCCC/C=C\C/C=C\CCCCC)C=NC(C(=O)OC)N1CCN1CCOCC1,BL_2023_3CR,BL_2023_3CR,1
-3.4807239,0.3907493032660417,CCCCC/C=C\C/C=C\CCCCCCCCOC(=O)CCCC1(CCCC(=O)OCCCCCCCC/C=C\C/C=C\CCCCC)C=NC(C(=O)OCC)N1CCN1CCOCC1,BL_2023_3CR,BL_2023_3CR,1
-2.744673,-0.0022533906995668,CCCCC/C=C\C/C=C\CCCCCCCCOC(=O)CCCC1(CCCC(=O)OCCCCCCCC/C=C\C/C=C\CCCCC)C=NC(C(=O)OC(C)(C)C)N1CCN1CCOCC1,BL_2023_3CR,BL_2023_3CR,1
-2.6409686,0.2140315992398948,CCCCC/C=C\C/C=C\CCCCCCCCOC(=O)CCCC(C=NC(C)(C)C)(CCCC(=O)OCCCCCCCC/C=C\C/C=C\CCCCC)NCCN1CCOCC1,BL_2023_3CR,BL_2023_3CR,1
-3.3196306,-0.1316805498256807,CCCCC/C=C\C/C=C\CCCCCCCCOC(=O)CCCC(C=NCCCC)(CCCC(=O)OCCCCCCCC/C=C\C/C=C\CCCCC)NCCN1CCOCC1,BL_2023_3CR,BL_2023_3CR,1
-2.9445262,-0.2810932383302653,CCCCC/C=C\C/C=C\CCCCCCCCOC(=O)CCCC(C=NC1CCCCC1)(CCCC(=O)OCCCCCCCC/C=C\C/C=C\CCCCC)NCCN1CCOCC1,BL_2023_3CR,BL_2023_3CR,0
-2.6422074,1.9010026413906371,CCCCCCCC/C=C\CCCCCCCCOC(=O)CCCC1(CCCC(=O)OCCCCCCCC/C=C\CCCCCCCC)C=NC(C(=O)OC)N1CCN1CCOCC1,BL_2023_3CR,BL_2023_3CR,2
-1.4804978,2.5643053595581797,CCCCCCCC/C=C\CCCCCCCCOC(=O)CCCC1(CCCC(=O)OCCCCCCCC/C=C\CCCCCCCC)C=NC(C(=O)OCC)N1CCN1CCOCC1,BL_2023_3CR,BL_2023_3CR,2
-2.463008,-0.674095932295874,CCCCCCCC/C=C\CCCCCCCCOC(=O)CCCC1(CCCC(=O)OCCCCCCCC/C=C\CCCCCCCC)C=NC(C(=O)OC(C)(C)C)N1CCN1CCOCC1,BL_2023_3CR,BL_2023_3CR,0
-2.8162951,-0.1316805498256807,CCCCCCCC/C=C\CCCCCCCCOC(=O)CCCC(C=NC(C)(C)C)(CCCC(=O)OCCCCCCCC/C=C\CCCCCCCC)NCCN1CCOCC1,BL_2023_3CR,BL_2023_3CR,1
-2.6138127,-0.1316805498256807,CCCCCCCC/C=C\CCCCCCCCOC(=O)CCCC(C=NCCCC)(CCCC(=O)OCCCCCCCC/C=C\CCCCCCCC)NCCN1CCOCC1,BL_2023_3CR,BL_2023_3CR,1
-2.222711,-0.1316805498256807,CCCCCCCC/C=C\CCCCCCCCOC(=O)CCCC(C=NC1CCCCC1)(CCCC(=O)OCCCCCCCC/C=C\CCCCCCCC)NCCN1CCOCC1,BL_2023_3CR,BL_2023_3CR,1
-4.4387703,-0.1316805498256807,CCCCCCC#CCCOC(=O)CCCC1(CCCC(=O)OCCC#CCCCCCC)C=NC(C(=O)OC)N1CCN1CCOCC1,BL_2023_3CR,BL_2023_3CR,1
-4.8570933,-0.1316805498256807,CCCCCCC#CCCOC(=O)CCCC1(CCCC(=O)OCCC#CCCCCCC)C=NC(C(=O)OCC)N1CCN1CCOCC1,BL_2023_3CR,BL_2023_3CR,1
-4.0296216,-0.9529357821583856,CCCCCCC#CCCOC(=O)CCCC1(CCCC(=O)OCCC#CCCCCCC)C=NC(C(=O)OC(C)(C)C)N1CCN1CCOCC1,BL_2023_3CR,BL_2023_3CR,0
-4.308439,-0.1316805498256807,CCCCCCC#CCCOC(=O)CCCC(C=NC(C)(C)C)(CCCC(=O)OCCC#CCCCCCC)NCCN1CCOCC1,BL_2023_3CR,BL_2023_3CR,1
-4.8599963,-0.1316805498256807,CCCCCCC#CCCOC(=O)CCCC(C=NCCCC)(CCCC(=O)OCCC#CCCCCCC)NCCN1CCOCC1,BL_2023_3CR,BL_2023_3CR,1
-5.0440807,-1.345938476123994,CCCCCCC#CCCOC(=O)CCCC(C=NC1CCCCC1)(CCCC(=O)OCCC#CCCCCCC)NCCN1CCOCC1,BL_2023_3CR,BL_2023_3CR,0
-2.455695,-0.0022533906995668,CCCCCCCC/C=C\CCCCCCCCOC(=O)CCCC1(CCCC(=O)OC(CCCCCCCC)CCCCCCCC)C=NC(C(=O)OC)N1CCN1CCOCC1,BL_2023_3CR,BL_2023_3CR,1
-2.2427866,1.1021591330074765,CCCCCCCC/C=C\CCCCCCCCOC(=O)CCCC1(CCCC(=O)OC(CCCCCCCC)CCCCCCCC)C=NC(C(=O)OCC)N1CCN1CCOCC1,BL_2023_3CR,BL_2023_3CR,2
-2.89992,-0.1316805498256807,CCCCCCCC/C=C\CCCCCCCCOC(=O)CCCC1(CCCC(=O)OC(CCCCCCCC)CCCCCCCC)C=NC(C(=O)OC(C)(C)C)N1CCN1CCOCC1,BL_2023_3CR,BL_2023_3CR,1
-3.6948013,-0.1316805498256807,CCCCCCCC/C=C\CCCCCCCCOC(=O)CCCC(C=NC(C)(C)C)(CCCC(=O)OC(CCCCCCCC)CCCCCCCC)NCCN1CCOCC1,BL_2023_3CR,BL_2023_3CR,1
-3.7752614,-0.1316805498256807,CCCCCCCC/C=C\CCCCCCCCOC(=O)CCCC(C=NCCCC)(CCCC(=O)OC(CCCCCCCC)CCCCCCCC)NCCN1CCOCC1,BL_2023_3CR,BL_2023_3CR,1
-3.1014912,-0.1316805498256807,CCCCCCCC/C=C\CCCCCCCCOC(=O)CCCC(C=NC1CCCCC1)(CCCC(=O)OC(CCCCCCCC)CCCCCCCC)NCCN1CCOCC1,BL_2023_3CR,BL_2023_3CR,1
-3.357088,-0.1316805498256807,CCCCCCC#CCCOC(=O)CCCC1(CCCC(=O)OCCCCCCCC/C=C\CCCCCCCC)C=NC(C(=O)OC)N1CCN1CCOCC1,BL_2023_3CR,BL_2023_3CR,1
-3.5354958,-0.0022533906995668,CCCCCCC#CCCOC(=O)CCCC1(CCCC(=O)OCCCCCCCC/C=C\CCCCCCCC)C=NC(C(=O)OCC)N1CCN1CCOCC1,BL_2023_3CR,BL_2023_3CR,1
-2.6236231,0.2140315992398948,CCCCCCC#CCCOC(=O)CCCC1(CCCC(=O)OCCCCCCCC/C=C\CCCCCCCC)C=NC(C(=O)OC(C)(C)C)N1CCN1CCOCC1,BL_2023_3CR,BL_2023_3CR,1
-4.003073,-0.1316805498256807,CCCCCCC#CCCOC(=O)CCCC(C=NC(C)(C)C)(CCCC(=O)OCCCCCCCC/C=C\CCCCCCCC)NCCN1CCOCC1,BL_2023_3CR,BL_2023_3CR,1
-4.1625223,-0.1316805498256807,CCCCCCC#CCCOC(=O)CCCC(C=NCCCC)(CCCC(=O)OCCCCCCCC/C=C\CCCCCCCC)NCCN1CCOCC1,BL_2023_3CR,BL_2023_3CR,1
-3.365045,-2.0177810199521136,CCCCCCC#CCCOC(=O)CCCC(C=NC1CCCCC1)(CCCC(=O)OCCCCCCCC/C=C\CCCCCCCC)NCCN1CCOCC1,BL_2023_3CR,BL_2023_3CR,0
-3.9359605,0.72835041143869,CCCCCCCCCCCCOC(=O)CCCC1(CCCC(=O)OCCCCCCCCCCCC)C=NC(C(=O)OC)N1CCN1CCOCC1,BL_2023_3CR,BL_2023_3CR,1
-4.0318956,0.9331646879680472,CCCCCCCCCCCCOC(=O)CCCC1(CCCC(=O)OCCCCCCCCCCCC)C=NC(C(=O)OCC)N1CCN1CCOCC1,BL_2023_3CR,BL_2023_3CR,1
-3.5499241,-0.1316805498256807,CCCCCCCCCCCCOC(=O)CCCC1(CCCC(=O)OCCCCCCCCCCCC)C=NC(C(=O)OC(C)(C)C)N1CCN1CCOCC1,BL_2023_3CR,BL_2023_3CR,1
-3.856906,-0.1316805498256807,CCCCCCCCCCCCOC(=O)CCCC(C=NC(C)(C)C)(CCCC(=O)OCCCCCCCCCCCC)NCCN1CCOCC1,BL_2023_3CR,BL_2023_3CR,1
-4.698744,-0.1316805498256807,CCCCCCCCCCCCOC(=O)CCCC(C=NCCCC)(CCCC(=O)OCCCCCCCCCCCC)NCCN1CCOCC1,BL_2023_3CR,BL_2023_3CR,1
-4.1529155,-0.1316805498256807,CCCCCCCCCCCCOC(=O)CCCC(C=NC1CCCCC1)(CCCC(=O)OCCCCCCCCCCCC)NCCN1CCOCC1,BL_2023_3CR,BL_2023_3CR,1
-3.6421328,-0.674095932295874,CCCCCCCCC(CCCCCCCC)OC(=O)CCCC1(CCCC(=O)OC(CCCCCCCC)CCCCCCCC)C=NC(C(=O)OC)N1CCN1CCOCC1,BL_2023_3CR,BL_2023_3CR,0
-3.4447453,-0.1316805498256807,CCCCCCCCC(CCCCCCCC)OC(=O)CCCC1(CCCC(=O)OC(CCCCCCCC)CCCCCCCC)C=NC(C(=O)OCC)N1CCN1CCOCC1,BL_2023_3CR,BL_2023_3CR,1
-3.9361587,-0.1316805498256807,CCCCCCCCC(CCCCCCCC)OC(=O)CCCC1(CCCC(=O)OC(CCCCCCCC)CCCCCCCC)C=NC(C(=O)OC(C)(C)C)N1CCN1CCOCC1,BL_2023_3CR,BL_2023_3CR,1
-3.7650023,-0.1316805498256807,CCCCCCCCC(CCCCCCCC)OC(=O)CCCC(C=NC(C)(C)C)(CCCC(=O)OC(CCCCCCCC)CCCCCCCC)NCCN1CCOCC1,BL_2023_3CR,BL_2023_3CR,1
-3.6665773,-0.1316805498256807,CCCCCCCCC(CCCCCCCC)OC(=O)CCCC(C=NCCCC)(CCCC(=O)OC(CCCCCCCC)CCCCCCCC)NCCN1CCOCC1,BL_2023_3CR,BL_2023_3CR,1
-4.9463263,-0.1316805498256807,CCCCCCCCC(CCCCCCCC)OC(=O)CCCC(C=NC1CCCCC1)(CCCC(=O)OC(CCCCCCCC)CCCCCCCC)NCCN1CCOCC1,BL_2023_3CR,BL_2023_3CR,1
-1.1615878,-0.674095932295874,CCCCCCCC/C=C\CCCCCCCC1(CCCCCCC/C=C\CCCCCCCC)C=NC(C(=O)OC)N1CCN1CCOCC1,BL_2023_3CR,BL_2023_3CR,0
-0.7638034,-0.0022533906995668,CCCCCCCC/C=C\CCCCCCCC1(CCCCCCC/C=C\CCCCCCCC)C=NC(C(=O)OCC)N1CCN1CCOCC1,BL_2023_3CR,BL_2023_3CR,1
-1.9925771,-0.1316805498256807,CCCCCCCC/C=C\CCCCCCCC1(CCCCCCC/C=C\CCCCCCCC)C=NC(C(=O)OC(C)(C)C)N1CCN1CCOCC1,BL_2023_3CR,BL_2023_3CR,1
-2.5399737,-0.1316805498256807,CCCCCCCC/C=C\CCCCCCCC(C=NC(C)(C)C)(CCCCCCC/C=C\CCCCCCCC)NCCN1CCOCC1,BL_2023_3CR,BL_2023_3CR,1
-3.2820537,-0.1316805498256807,CCCCCCCC/C=C\CCCCCCCC(C=NCCCC)(CCCCCCC/C=C\CCCCCCCC)NCCN1CCOCC1,BL_2023_3CR,BL_2023_3CR,1
-2.4032662,-0.1316805498256807,CCCCCCCC/C=C\CCCCCCCC(C=NC1CCCCC1)(CCCCCCC/C=C\CCCCCCCC)NCCN1CCOCC1,BL_2023_3CR,BL_2023_3CR,1
-1.9306457,1.0625918470941615,CCCCC/C=C\C/C=C\CCCCCCCCOC(=O)CCCC1(CCCC(=O)OCCCCCCCC/C=C\C/C=C\CCCCC)C=NC(C(=O)OC)N1CCN1CCN(C)CC1,BL_2023_3CR,BL_2023_3CR,2
-1.4440813,0.72835041143869,CCCCC/C=C\C/C=C\CCCCCCCCOC(=O)CCCC1(CCCC(=O)OCCCCCCCC/C=C\C/C=C\CCCCC)C=NC(C(=O)OCC)N1CCN1CCN(C)CC1,BL_2023_3CR,BL_2023_3CR,1
-1.7688676,-0.1316805498256807,CCCCC/C=C\C/C=C\CCCCCCCCOC(=O)CCCC1(CCCC(=O)OCCCCCCCC/C=C\C/C=C\CCCCC)C=NC(C(=O)OC(C)(C)C)N1CCN1CCN(C)CC1,BL_2023_3CR,BL_2023_3CR,1
-2.5075572,-0.4578109423564123,CCCCC/C=C\C/C=C\CCCCCCCCOC(=O)CCCC(C=NC(C)(C)C)(CCCC(=O)OCCCCCCCC/C=C\C/C=C\CCCCC)NCCN1CCN(C)CC1,BL_2023_3CR,BL_2023_3CR,0
-2.4691024,-0.1316805498256807,CCCCC/C=C\C/C=C\CCCCCCCCOC(=O)CCCC(C=NCCCC)(CCCC(=O)OCCCCCCCC/C=C\C/C=C\CCCCC)NCCN1CCN(C)CC1,BL_2023_3CR,BL_2023_3CR,1
-3.6389458,-0.1316805498256807,CCCCC/C=C\C/C=C\CCCCCCCCOC(=O)CCCC(C=NC1CCCCC1)(CCCC(=O)OCCCCCCCC/C=C\C/C=C\CCCCC)NCCN1CCN(C)CC1,BL_2023_3CR,BL_2023_3CR,1
-2.4281127,3.333971752199485,CCCCCCCC/C=C\CCCCCCCCOC(=O)CCCC1(CCCC(=O)OCCCCCCCC/C=C\CCCCCCCC)C=NC(C(=O)OC)N1CCN1CCN(C)CC1,BL_2023_3CR,BL_2023_3CR,2
-1.6956557,3.368251849467995,CCCCCCCC/C=C\CCCCCCCCOC(=O)CCCC1(CCCC(=O)OCCCCCCCC/C=C\CCCCCCCC)C=NC(C(=O)OCC)N1CCN1CCN(C)CC1,BL_2023_3CR,BL_2023_3CR,2
-1.0635092,0.5401619940024391,CCCCCCCC/C=C\CCCCCCCCOC(=O)CCCC1(CCCC(=O)OCCCCCCCC/C=C\CCCCCCCC)C=NC(C(=O)OC(C)(C)C)N1CCN1CCN(C)CC1,BL_2023_3CR,BL_2023_3CR,1
-2.7865527,0.7837519994634626,CCCCCCCC/C=C\CCCCCCCCOC(=O)CCCC(C=NC(C)(C)C)(CCCC(=O)OCCCCCCCC/C=C\CCCCCCCC)NCCN1CCN(C)CC1,BL_2023_3CR,BL_2023_3CR,1
-1.372301,0.72835041143869,CCCCCCCC/C=C\CCCCCCCCOC(=O)CCCC(C=NCCCC)(CCCC(=O)OCCCCCCCC/C=C\CCCCCCCC)NCCN1CCN(C)CC1,BL_2023_3CR,BL_2023_3CR,1
-2.4821153,0.7837519994634626,CCCCCCCC/C=C\CCCCCCCCOC(=O)CCCC(C=NC1CCCCC1)(CCCC(=O)OCCCCCCCC/C=C\CCCCCCCC)NCCN1CCN(C)CC1,BL_2023_3CR,BL_2023_3CR,1
-4.9834533,-2.0177810199521136,CCCCCCC#CCCOC(=O)CCCC1(CCCC(=O)OCCC#CCCCCCC)C=NC(C(=O)OC)N1CCN1CCN(C)CC1,BL_2023_3CR,BL_2023_3CR,0
-4.9869223,-0.4578109423564123,CCCCCCC#CCCOC(=O)CCCC1(CCCC(=O)OCCC#CCCCCCC)C=NC(C(=O)OCC)N1CCN1CCN(C)CC1,BL_2023_3CR,BL_2023_3CR,0
-4.4240375,-0.1316805498256807,CCCCCCC#CCCOC(=O)CCCC1(CCCC(=O)OCCC#CCCCCCC)C=NC(C(=O)OC(C)(C)C)N1CCN1CCN(C)CC1,BL_2023_3CR,BL_2023_3CR,1
-4.684504,-0.1316805498256807,CCCCCCC#CCCOC(=O)CCCC(C=NC(C)(C)C)(CCCC(=O)OCCC#CCCCCCC)NCCN1CCN(C)CC1,BL_2023_3CR,BL_2023_3CR,1
-4.240344,-0.4578109423564123,CCCCCCC#CCCOC(=O)CCCC(C=NCCCC)(CCCC(=O)OCCC#CCCCCCC)NCCN1CCN(C)CC1,BL_2023_3CR,BL_2023_3CR,0
-4.638152,-1.345938476123994,CCCCCCC#CCCOC(=O)CCCC(C=NC1CCCCC1)(CCCC(=O)OCCC#CCCCCCC)NCCN1CCN(C)CC1,BL_2023_3CR,BL_2023_3CR,0
-1.7438325,3.5139149633272053,CCCCCCCC/C=C\CCCCCCCCOC(=O)CCCC1(CCCC(=O)OC(CCCCCCCC)CCCCCCCC)C=NC(C(=O)OC)N1CCN1CCN(C)CC1,BL_2023_3CR,BL_2023_3CR,3
-1.5912,1.8304796256821656,CCCCCCCC/C=C\CCCCCCCCOC(=O)CCCC1(CCCC(=O)OC(CCCCCCCC)CCCCCCCC)C=NC(C(=O)OCC)N1CCN1CCN(C)CC1,BL_2023_3CR,BL_2023_3CR,2
-2.9458125,-0.4578109423564123,CCCCCCCC/C=C\CCCCCCCCOC(=O)CCCC1(CCCC(=O)OC(CCCCCCCC)CCCCCCCC)C=NC(C(=O)OC(C)(C)C)N1CCN1CCN(C)CC1,BL_2023_3CR,BL_2023_3CR,0
-3.0743139,-0.1316805498256807,CCCCCCCC/C=C\CCCCCCCCOC(=O)CCCC(C=NC(C)(C)C)(CCCC(=O)OC(CCCCCCCC)CCCCCCCC)NCCN1CCN(C)CC1,BL_2023_3CR,BL_2023_3CR,1
-1.9499509,-2.0177810199521136,CCCCCCCC/C=C\CCCCCCCCOC(=O)CCCC(C=NCCCC)(CCCC(=O)OC(CCCCCCCC)CCCCCCCC)NCCN1CCN(C)CC1,BL_2023_3CR,BL_2023_3CR,0
-2.7654128,-2.0177810199521136,CCCCCCCC/C=C\CCCCCCCCOC(=O)CCCC(C=NC1CCCCC1)(CCCC(=O)OC(CCCCCCCC)CCCCCCCC)NCCN1CCN(C)CC1,BL_2023_3CR,BL_2023_3CR,0
-2.7601802,3.0628551635555032,CCCCCCC#CCCOC(=O)CCCC1(CCCC(=O)OCCCCCCCC/C=C\CCCCCCCC)C=NC(C(=O)OC)N1CCN1CCN(C)CC1,BL_2023_3CR,BL_2023_3CR,2
-2.4662256,3.3222702358873675,CCCCCCC#CCCOC(=O)CCCC1(CCCC(=O)OCCCCCCCC/C=C\CCCCCCCC)C=NC(C(=O)OCC)N1CCN1CCN(C)CC1,BL_2023_3CR,BL_2023_3CR,2
-1.2500355,-0.1316805498256807,CCCCCCC#CCCOC(=O)CCCC1(CCCC(=O)OCCCCCCCC/C=C\CCCCCCCC)C=NC(C(=O)OC(C)(C)C)N1CCN1CCN(C)CC1,BL_2023_3CR,BL_2023_3CR,1
-3.737731,-0.1316805498256807,CCCCCCC#CCCOC(=O)CCCC(C=NC(C)(C)C)(CCCC(=O)OCCCCCCCC/C=C\CCCCCCCC)NCCN1CCN(C)CC1,BL_2023_3CR,BL_2023_3CR,1
-2.2374392,-0.1316805498256807,CCCCCCC#CCCOC(=O)CCCC(C=NCCCC)(CCCC(=O)OCCCCCCCC/C=C\CCCCCCCC)NCCN1CCN(C)CC1,BL_2023_3CR,BL_2023_3CR,1
-3.2156363,-0.1316805498256807,CCCCCCC#CCCOC(=O)CCCC(C=NC1CCCCC1)(CCCC(=O)OCCCCCCCC/C=C\CCCCCCCC)NCCN1CCN(C)CC1,BL_2023_3CR,BL_2023_3CR,1
-4.172557,-0.1316805498256807,CCCCCCCCCCCCOC(=O)CCCC1(CCCC(=O)OCCCCCCCCCCCC)C=NC(C(=O)OC)N1CCN1CCN(C)CC1,BL_2023_3CR,BL_2023_3CR,1
-3.4166198,-0.1316805498256807,CCCCCCCCCCCCOC(=O)CCCC1(CCCC(=O)OCCCCCCCCCCCC)C=NC(C(=O)OCC)N1CCN1CCN(C)CC1,BL_2023_3CR,BL_2023_3CR,1
-3.2034357,-0.4578109423564123,CCCCCCCCCCCCOC(=O)CCCC1(CCCC(=O)OCCCCCCCCCCCC)C=NC(C(=O)OC(C)(C)C)N1CCN1CCN(C)CC1,BL_2023_3CR,BL_2023_3CR,0
-3.1281812,-1.345938476123994,CCCCCCCCCCCCOC(=O)CCCC(C=NC(C)(C)C)(CCCC(=O)OCCCCCCCCCCCC)NCCN1CCN(C)CC1,BL_2023_3CR,BL_2023_3CR,0
-2.7294893,-0.674095932295874,CCCCCCCCCCCCOC(=O)CCCC(C=NCCCC)(CCCC(=O)OCCCCCCCCCCCC)NCCN1CCN(C)CC1,BL_2023_3CR,BL_2023_3CR,0
-3.2042985,-0.4578109423564123,CCCCCCCCCCCCOC(=O)CCCC(C=NC1CCCCC1)(CCCC(=O)OCCCCCCCCCCCC)NCCN1CCN(C)CC1,BL_2023_3CR,BL_2023_3CR,0
-3.9550312,0.5401619940024391,CCCCCCCCC(CCCCCCCC)OC(=O)CCCC1(CCCC(=O)OC(CCCCCCCC)CCCCCCCC)C=NC(C(=O)OC)N1CCN1CCN(C)CC1,BL_2023_3CR,BL_2023_3CR,1
-3.4534557,0.7837519994634626,CCCCCCCCC(CCCCCCCC)OC(=O)CCCC1(CCCC(=O)OC(CCCCCCCC)CCCCCCCC)C=NC(C(=O)OCC)N1CCN1CCN(C)CC1,BL_2023_3CR,BL_2023_3CR,1
-3.3674226,-0.674095932295874,CCCCCCCCC(CCCCCCCC)OC(=O)CCCC1(CCCC(=O)OC(CCCCCCCC)CCCCCCCC)C=NC(C(=O)OC(C)(C)C)N1CCN1CCN(C)CC1,BL_2023_3CR,BL_2023_3CR,0
-4.325259,-0.4578109423564123,CCCCCCCCC(CCCCCCCC)OC(=O)CCCC(C=NC(C)(C)C)(CCCC(=O)OC(CCCCCCCC)CCCCCCCC)NCCN1CCN(C)CC1,BL_2023_3CR,BL_2023_3CR,0
-3.5198402,-0.9529357821583856,CCCCCCCCC(CCCCCCCC)OC(=O)CCCC(C=NCCCC)(CCCC(=O)OC(CCCCCCCC)CCCCCCCC)NCCN1CCN(C)CC1,BL_2023_3CR,BL_2023_3CR,0
-4.2085285,-0.1316805498256807,CCCCCCCCC(CCCCCCCC)OC(=O)CCCC(C=NC1CCCCC1)(CCCC(=O)OC(CCCCCCCC)CCCCCCCC)NCCN1CCN(C)CC1,BL_2023_3CR,BL_2023_3CR,1
-0.4962528,-0.1316805498256807,CCCCCCCC/C=C\CCCCCCCC1(CCCCCCC/C=C\CCCCCCCC)C=NC(C(=O)OC)N1CCN1CCN(C)CC1,BL_2023_3CR,BL_2023_3CR,1
-0.9484587,-1.345938476123994,CCCCCCCC/C=C\CCCCCCCC1(CCCCCCC/C=C\CCCCCCCC)C=NC(C(=O)OCC)N1CCN1CCN(C)CC1,BL_2023_3CR,BL_2023_3CR,0
-1.04317,-0.1316805498256807,CCCCCCCC/C=C\CCCCCCCC1(CCCCCCC/C=C\CCCCCCCC)C=NC(C(=O)OC(C)(C)C)N1CCN1CCN(C)CC1,BL_2023_3CR,BL_2023_3CR,1
-2.9243968,-0.1316805498256807,CCCCCCCC/C=C\CCCCCCCC(C=NC(C)(C)C)(CCCCCCC/C=C\CCCCCCCC)NCCN1CCN(C)CC1,BL_2023_3CR,BL_2023_3CR,1
-2.2198672,-0.4578109423564123,CCCCCCCC/C=C\CCCCCCCC(C=NCCCC)(CCCCCCC/C=C\CCCCCCCC)NCCN1CCN(C)CC1,BL_2023_3CR,BL_2023_3CR,0
-2.2784789,-0.1316805498256807,CCCCCCCC/C=C\CCCCCCCC(C=NC1CCCCC1)(CCCCCCC/C=C\CCCCCCCC)NCCN1CCN(C)CC1,BL_2023_3CR,BL_2023_3CR,1
-2.1332371,-2.0177810199521136,CCCCC/C=C\C/C=C\CCCCCCCCOC(=O)CCCC1(CCCC(=O)OCCCCCCCC/C=C\C/C=C\CCCCC)C=NC(C(=O)OC)N1CCCN1CCN(CCCN)CC1,BL_2023_3CR,BL_2023_3CR,0
-1.516891,-0.4578109423564123,CCCCC/C=C\C/C=C\CCCCCCCCOC(=O)CCCC1(CCCC(=O)OCCCCCCCC/C=C\C/C=C\CCCCC)C=NC(C(=O)OCC)N1CCCN1CCN(CCCN)CC1,BL_2023_3CR,BL_2023_3CR,0
-2.2199519,-0.1316805498256807,CCCCC/C=C\C/C=C\CCCCCCCCOC(=O)CCCC1(CCCC(=O)OCCCCCCCC/C=C\C/C=C\CCCCC)C=NC(C(=O)OC(C)(C)C)N1CCCN1CCN(CCCN)CC1,BL_2023_3CR,BL_2023_3CR,1
-2.6526558,-0.9529357821583856,CCCCC/C=C\C/C=C\CCCCCCCCOC(=O)CCCC(C=NC(C)(C)C)(CCCC(=O)OCCCCCCCC/C=C\C/C=C\CCCCC)NCCCN1CCN(CCCN)CC1,BL_2023_3CR,BL_2023_3CR,0
-2.5639024,-0.2810932383302653,CCCCC/C=C\C/C=C\CCCCCCCCOC(=O)CCCC(C=NCCCC)(CCCC(=O)OCCCCCCCC/C=C\C/C=C\CCCCC)NCCCN1CCN(CCCN)CC1,BL_2023_3CR,BL_2023_3CR,0
-2.9946527,-0.1316805498256807,CCCCC/C=C\C/C=C\CCCCCCCCOC(=O)CCCC(C=NC1CCCCC1)(CCCC(=O)OCCCCCCCC/C=C\C/C=C\CCCCC)NCCCN1CCN(CCCN)CC1,BL_2023_3CR,BL_2023_3CR,1
-1.8639594,0.3907493032660417,CCCCCCCC/C=C\CCCCCCCCOC(=O)CCCC1(CCCC(=O)OCCCCCCCC/C=C\CCCCCCCC)C=NC(C(=O)OC)N1CCCN1CCN(CCCN)CC1,BL_2023_3CR,BL_2023_3CR,1
-1.299618,-0.1316805498256807,CCCCCCCC/C=C\CCCCCCCCOC(=O)CCCC1(CCCC(=O)OCCCCCCCC/C=C\CCCCCCCC)C=NC(C(=O)OCC)N1CCCN1CCN(CCCN)CC1,BL_2023_3CR,BL_2023_3CR,1
-1.4988316,-0.2810932383302653,CCCCCCCC/C=C\CCCCCCCCOC(=O)CCCC1(CCCC(=O)OCCCCCCCC/C=C\CCCCCCCC)C=NC(C(=O)OC(C)(C)C)N1CCCN1CCN(CCCN)CC1,BL_2023_3CR,BL_2023_3CR,0
-2.04641,-0.1316805498256807,CCCCCCCC/C=C\CCCCCCCCOC(=O)CCCC(C=NC(C)(C)C)(CCCC(=O)OCCCCCCCC/C=C\CCCCCCCC)NCCCN1CCN(CCCN)CC1,BL_2023_3CR,BL_2023_3CR,1
-2.4795115,-2.0177810199521136,CCCCCCCC/C=C\CCCCCCCCOC(=O)CCCC(C=NCCCC)(CCCC(=O)OCCCCCCCC/C=C\CCCCCCCC)NCCCN1CCN(CCCN)CC1,BL_2023_3CR,BL_2023_3CR,0
-2.3031409,-0.1316805498256807,CCCCCCCC/C=C\CCCCCCCCOC(=O)CCCC(C=NC1CCCCC1)(CCCC(=O)OCCCCCCCC/C=C\CCCCCCCC)NCCCN1CCN(CCCN)CC1,BL_2023_3CR,BL_2023_3CR,1
-3.8279386,-0.2810932383302653,CCCCCCC#CCCOC(=O)CCCC1(CCCC(=O)OCCC#CCCCCCC)C=NC(C(=O)OC)N1CCCN1CCN(CCCN)CC1,BL_2023_3CR,BL_2023_3CR,0
-4.175908,-0.1316805498256807,CCCCCCC#CCCOC(=O)CCCC1(CCCC(=O)OCCC#CCCCCCC)C=NC(C(=O)OCC)N1CCCN1CCN(CCCN)CC1,BL_2023_3CR,BL_2023_3CR,1
-3.8886502,-0.1316805498256807,CCCCCCC#CCCOC(=O)CCCC1(CCCC(=O)OCCC#CCCCCCC)C=NC(C(=O)OC(C)(C)C)N1CCCN1CCN(CCCN)CC1,BL_2023_3CR,BL_2023_3CR,1
-5.3531523,-0.1316805498256807,CCCCCCC#CCCOC(=O)CCCC(C=NC(C)(C)C)(CCCC(=O)OCCC#CCCCCCC)NCCCN1CCN(CCCN)CC1,BL_2023_3CR,BL_2023_3CR,1
-5.998371,-0.1316805498256807,CCCCCCC#CCCOC(=O)CCCC(C=NCCCC)(CCCC(=O)OCCC#CCCCCCC)NCCCN1CCN(CCCN)CC1,BL_2023_3CR,BL_2023_3CR,1
-5.4948993,-0.1316805498256807,CCCCCCC#CCCOC(=O)CCCC(C=NC1CCCCC1)(CCCC(=O)OCCC#CCCCCCC)NCCCN1CCN(CCCN)CC1,BL_2023_3CR,BL_2023_3CR,1
-2.4751441,1.371257553758863,CCCCCCCC/C=C\CCCCCCCCOC(=O)CCCC1(CCCC(=O)OC(CCCCCCCC)CCCCCCCC)C=NC(C(=O)OC)N1CCCN1CCN(CCCN)CC1,BL_2023_3CR,BL_2023_3CR,2
-1.705182,0.3064123181969472,CCCCCCCC/C=C\CCCCCCCCOC(=O)CCCC1(CCCC(=O)OC(CCCCCCCC)CCCCCCCC)C=NC(C(=O)OCC)N1CCCN1CCN(CCCN)CC1,BL_2023_3CR,BL_2023_3CR,1
-2.3157306,0.3064123181969472,CCCCCCCC/C=C\CCCCCCCCOC(=O)CCCC1(CCCC(=O)OC(CCCCCCCC)CCCCCCCC)C=NC(C(=O)OC(C)(C)C)N1CCCN1CCN(CCCN)CC1,BL_2023_3CR,BL_2023_3CR,1
-2.9883873,0.3064123181969472,CCCCCCCC/C=C\CCCCCCCCOC(=O)CCCC(C=NC(C)(C)C)(CCCC(=O)OC(CCCCCCCC)CCCCCCCC)NCCCN1CCN(CCCN)CC1,BL_2023_3CR,BL_2023_3CR,1
-2.6343799,-0.1316805498256807,CCCCCCCC/C=C\CCCCCCCCOC(=O)CCCC(C=NCCCC)(CCCC(=O)OC(CCCCCCCC)CCCCCCCC)NCCCN1CCN(CCCN)CC1,BL_2023_3CR,BL_2023_3CR,1
-3.2665951,-0.1316805498256807,CCCCCCCC/C=C\CCCCCCCCOC(=O)CCCC(C=NC1CCCCC1)(CCCC(=O)OC(CCCCCCCC)CCCCCCCC)NCCCN1CCN(CCCN)CC1,BL_2023_3CR,BL_2023_3CR,1
-2.6346018,1.4555945410597697,CCCCCCC#CCCOC(=O)CCCC1(CCCC(=O)OCCCCCCCC/C=C\CCCCCCCC)C=NC(C(=O)OC)N1CCCN1CCN(CCCN)CC1,BL_2023_3CR,BL_2023_3CR,2
-2.3197577,1.2788768370336232,CCCCCCC#CCCOC(=O)CCCC1(CCCC(=O)OCCCCCCCC/C=C\CCCCCCCC)C=NC(C(=O)OCC)N1CCCN1CCN(CCCN)CC1,BL_2023_3CR,BL_2023_3CR,2
-2.8297987,-0.0022533906995668,CCCCCCC#CCCOC(=O)CCCC1(CCCC(=O)OCCCCCCCC/C=C\CCCCCCCC)C=NC(C(=O)OC(C)(C)C)N1CCCN1CCN(CCCN)CC1,BL_2023_3CR,BL_2023_3CR,1
-3.6364636,-0.1316805498256807,CCCCCCC#CCCOC(=O)CCCC(C=NC(C)(C)C)(CCCC(=O)OCCCCCCCC/C=C\CCCCCCCC)NCCCN1CCN(CCCN)CC1,BL_2023_3CR,BL_2023_3CR,1
-3.501231,-0.674095932295874,CCCCCCC#CCCOC(=O)CCCC(C=NCCCC)(CCCC(=O)OCCCCCCCC/C=C\CCCCCCCC)NCCCN1CCN(CCCN)CC1,BL_2023_3CR,BL_2023_3CR,0
-4.395753,-0.9529357821583856,CCCCCCC#CCCOC(=O)CCCC(C=NC1CCCCC1)(CCCC(=O)OCCCCCCCC/C=C\CCCCCCCC)NCCCN1CCN(CCCN)CC1,BL_2023_3CR,BL_2023_3CR,0
-2.4167895,-0.1316805498256807,CCCCCCCCCCCCOC(=O)CCCC1(CCCC(=O)OCCCCCCCCCCCC)C=NC(C(=O)OC)N1CCCN1CCN(CCCN)CC1,BL_2023_3CR,BL_2023_3CR,1
-1.3307557,-2.0177810199521136,CCCCCCCCCCCCOC(=O)CCCC1(CCCC(=O)OCCCCCCCCCCCC)C=NC(C(=O)OCC)N1CCCN1CCN(CCCN)CC1,BL_2023_3CR,BL_2023_3CR,0
-1.3754373,3.801570006586688,CCCCCCCCCCCCOC(=O)CCCC1(CCCC(=O)OCCCCCCCCCCCC)C=NC(C(=O)OC(C)(C)C)N1CCCN1CCN(CCCN)CC1,BL_2023_3CR,BL_2023_3CR,3
-3.1400971,-0.1316805498256807,CCCCCCCCCCCCOC(=O)CCCC(C=NC(C)(C)C)(CCCC(=O)OCCCCCCCCCCCC)NCCCN1CCN(CCCN)CC1,BL_2023_3CR,BL_2023_3CR,1
-2.8698812,-0.2810932383302653,CCCCCCCCCCCCOC(=O)CCCC(C=NCCCC)(CCCC(=O)OCCCCCCCCCCCC)NCCCN1CCN(CCCN)CC1,BL_2023_3CR,BL_2023_3CR,0
-3.5225344,-0.674095932295874,CCCCCCCCCCCCOC(=O)CCCC(C=NC1CCCCC1)(CCCC(=O)OCCCCCCCCCCCC)NCCCN1CCN(CCCN)CC1,BL_2023_3CR,BL_2023_3CR,0
-3.2020938,0.72835041143869,CCCCCCCCC(CCCCCCCC)OC(=O)CCCC1(CCCC(=O)OC(CCCCCCCC)CCCCCCCC)C=NC(C(=O)OC)N1CCCN1CCN(CCCN)CC1,BL_2023_3CR,BL_2023_3CR,1
-2.8980665,0.3064123181969472,CCCCCCCCC(CCCCCCCC)OC(=O)CCCC1(CCCC(=O)OC(CCCCCCCC)CCCCCCCC)C=NC(C(=O)OCC)N1CCCN1CCN(CCCN)CC1,BL_2023_3CR,BL_2023_3CR,1
-2.1678941,0.3064123181969472,CCCCCCCCC(CCCCCCCC)OC(=O)CCCC1(CCCC(=O)OC(CCCCCCCC)CCCCCCCC)C=NC(C(=O)OC(C)(C)C)N1CCCN1CCN(CCCN)CC1,BL_2023_3CR,BL_2023_3CR,1
-2.991627,-0.1316805498256807,CCCCCCCCC(CCCCCCCC)OC(=O)CCCC(C=NC(C)(C)C)(CCCC(=O)OC(CCCCCCCC)CCCCCCCC)NCCCN1CCN(CCCN)CC1,BL_2023_3CR,BL_2023_3CR,1
-3.1847482,-2.0177810199521136,CCCCCCCCC(CCCCCCCC)OC(=O)CCCC(C=NCCCC)(CCCC(=O)OC(CCCCCCCC)CCCCCCCC)NCCCN1CCN(CCCN)CC1,BL_2023_3CR,BL_2023_3CR,0
-4.3142867,-0.4578109423564123,CCCCCCCCC(CCCCCCCC)OC(=O)CCCC(C=NC1CCCCC1)(CCCC(=O)OC(CCCCCCCC)CCCCCCCC)NCCCN1CCN(CCCN)CC1,BL_2023_3CR,BL_2023_3CR,0
-1.6180229,-0.1316805498256807,CCCCCCCC/C=C\CCCCCCCC1(CCCCCCC/C=C\CCCCCCCC)C=NC(C(=O)OC)N1CCCN1CCN(CCCN)CC1,BL_2023_3CR,BL_2023_3CR,1
-1.0067906,-0.1316805498256807,CCCCCCCC/C=C\CCCCCCCC1(CCCCCCC/C=C\CCCCCCCC)C=NC(C(=O)OCC)N1CCCN1CCN(CCCN)CC1,BL_2023_3CR,BL_2023_3CR,1
-1.4300069,-0.2810932383302653,CCCCCCCC/C=C\CCCCCCCC1(CCCCCCC/C=C\CCCCCCCC)C=NC(C(=O)OC(C)(C)C)N1CCCN1CCN(CCCN)CC1,BL_2023_3CR,BL_2023_3CR,0
-3.0207715,-0.1316805498256807,CCCCCCCC/C=C\CCCCCCCC(C=NC(C)(C)C)(CCCCCCC/C=C\CCCCCCCC)NCCCN1CCN(CCCN)CC1,BL_2023_3CR,BL_2023_3CR,1
-2.8901398,-0.4578109423564123,CCCCCCCC/C=C\CCCCCCCC(C=NCCCC)(CCCCCCC/C=C\CCCCCCCC)NCCCN1CCN(CCCN)CC1,BL_2023_3CR,BL_2023_3CR,0
-2.2243607,0.2140315992398948,CCCCCCCC/C=C\CCCCCCCC(C=NC1CCCCC1)(CCCCCCC/C=C\CCCCCCCC)NCCCN1CCN(CCCN)CC1,BL_2023_3CR,BL_2023_3CR,1
-5.987779,0.591397232,C=CCCN(CCC(=O)OCCCCCCCCCC)CCC(=O)OCCCCCCCCCC,KW_2014,KW_2014,1
-5.228665,0.446443697,C=CCCN(CCC(=O)OCCCCCCCCCCC)CCC(=O)OCCCCCCCCCCC,KW_2014,KW_2014,1
-4.8006244,0.376102158,C=CCCN(CCC(=O)OCCCCCCCCCCCC)CCC(=O)OCCCCCCCCCCCC,KW_2014,KW_2014,1
-4.6016226,0.27087172,C=CCCN(CCC(=O)OCCCCCCCCCCCCC)CCC(=O)OCCCCCCCCCCCCC,KW_2014,KW_2014,1
-4.8559036,0.005130584,C=CCCN(CCC(=O)OCCCCCCCCCCCCCC)CCC(=O)OCCCCCCCCCCCCCC,KW_2014,KW_2014,1
-4.1832523,-0.90163303,CCCCCCCCCCCCCCOC(=O)CCN(C)c1ccc(Cc2ccc(N(CCC(=O)OCCCCCCCCCCCCCC)CCC(=O)OCCCCCCCCCCCCCC)cc2)cc1,KW_2014,KW_2014,0
-4.7927637,-0.618139991,CCCCCCCCCCCCCCOC(=O)CCN(C)c1ccccc1N(CCC(=O)OCCCCCCCCCCCCCC)CCC(=O)OCCCCCCCCCCCCCC,KW_2014,KW_2014,0
-4.3157372,0.156406218,CCCCCCCCCCCCCCOC(=O)CCN(C)CCCCCCN(C)CCC(=O)OCCCCCCCCCCCCCC,KW_2014,KW_2014,1
-2.562186,1.287129138,CCCCCCCCCCCCCCOC(=O)CCN(C)CCCN(CC)CCCN(C)CCC(=O)OCCCCCCCCCCCCCC,KW_2014,KW_2014,2
-3.2885008,1.188358405,CCCCCCCCCCCCCCOC(=O)CCN(C)CCCN(CCC(=O)OCCCCCCCCCCCCCC)CCC(=O)OCCCCCCCCCCCCCC,KW_2014,KW_2014,2
-4.6190114,0.016347511,CCCCCCCCCCCCCCOC(=O)CCN(C)CCN(C)CCC(=O)OCCCCCCCCCCCCCC,KW_2014,KW_2014,1
-3.1222017,0.284563878,CCCCCCCCCCCCCCOC(=O)CCN(C)CCN(CCC(=O)OCCCCCCCCCCCCCC)CCC(=O)OCCCCCCCCCCCCCC,KW_2014,KW_2014,1
-3.3910887,1.542183615,CCCCCCCCCCCCCCOC(=O)CCN(C)CCN(CCN(C)CCC(=O)OCCCCCCCCCCCCCC)CCN(C)CCC(=O)OCCCCCCCCCCCCCC,KW_2014,KW_2014,2
-3.9314432,0.369067536,CCCCCCCCCCCCCCOC(=O)CCN(C)CCOCCN(C)CCC(=O)OCCCCCCCCCCCCCC,KW_2014,KW_2014,1
-3.7505114,-0.267808716,CCCCCCCCCCCCCCOC(=O)CCN(C)CCOCCOCCN(C)CCC(=O)OCCCCCCCCCCCCCC,KW_2014,KW_2014,0
-3.7505114,-0.000693688,CCCCCCCCCCCCCCOC(=O)CCN(C)CCOCCOCCN(C)CCC(=O)OCCCCCCCCCCCCCC,KW_2014,KW_2014,1
-3.1103473,-0.018177875,CCCCCCCCCCCCCCOC(=O)CCN(c1ccccc1)c1ccc(-c2ccc(N(CCC(=O)OCCCCCCCCCCCCCC)c3ccccc3)cc2)cc1,KW_2014,KW_2014,1
-3.706046,1.006942447,CCCCCCCCCCCCCCOC(=O)CCN(CC)CCCN(CC)CCC(=O)OCCCCCCCCCCCCCC,KW_2014,KW_2014,2
-4.77819,0.126303201,CCCCCCCCCCCCCCOC(=O)CCN(CC)CCN(CC)CCC(=O)OCCCCCCCCCCCCCC,KW_2014,KW_2014,1
-3.6055365,0.558413746,CCCCCCCCCCCCCCOC(=O)CCN(CC)CCN(CCC(=O)OCCCCCCCCCCCCCC)CCC(=O)OCCCCCCCCCCCCCC,KW_2014,KW_2014,1
-4.8436756,0.090284279,CCCCCCCCCCCCCCOC(=O)CCN(CCC(=O)OCCCCCCCCCCCCCC)[C@H](c1ccccc1)[C@H](c1ccccc1)N(CCC(=O)OCCCCCCCCCCCCCC)CCC(=O)OCCCCCCCCCCCCCC,KW_2014,KW_2014,1
-4.7277427,1.114244624,CCCCCCCCCCCCCCOC(=O)CCN(CCC(=O)OCCCCCCCCCCCCCC)[C@@H](CO)CC(C)C,KW_2014,KW_2014,2
-4.7277427,2.652444137,CCCCCCCCCCCCCCOC(=O)CCN(CCC(=O)OCCCCCCCCCCCCCC)[C@@H](CO)CC(C)C,KW_2014,KW_2014,2
-4.6056905,0.70502409,CCCCCCCCCCCCCCOC(=O)CCN(CCC(=O)OCCCCCCCCCCCCCC)[C@@H]1CCCC[C@H]1N(CCC(=O)OCCCCCCCCCCCCCC)CCC(=O)OCCCCCCCCCCCCCC,KW_2014,KW_2014,1
-4.523901,0.046852111,CCCCCCCCCCCCCCOC(=O)CCN(CCC(=O)OCCCCCCCCCCCCCC)[C@H]1CC[C@H](N(CCC(=O)OCCCCCCCCCCCCCC)CCC(=O)OCCCCCCCCCCCCCC)CC1,KW_2014,KW_2014,1
-4.6056905,1.545845426,CCCCCCCCCCCCCCOC(=O)CCN(CCC(=O)OCCCCCCCCCCCCCC)[C@@H]1CCCC[C@@H]1N(CCC(=O)OCCCCCCCCCCCCCC)CCC(=O)OCCCCCCCCCCCCCC,KW_2014,KW_2014,2
-3.6013703,-0.487038893,CCCCCCCCCCCCCCOC(=O)CCN(CCC(=O)OCCCCCCCCCCCCCC)C(=O)C1CCCN1C,KW_2014,KW_2014,0
-5.2329555,-0.36090019,CCCCCCCCCCCCCCOC(=O)CCN(CCC(=O)OCCCCCCCCCCCCCC)C(C)(C)C,KW_2014,KW_2014,0
-5.1758957,-0.739247226,CCCCCCCCCCCCCCOC(=O)CCN(CCC(=O)OCCCCCCCCCCCCCC)C(C)(C)CC,KW_2014,KW_2014,0
-4.9161673,-0.454068115,CCCCCCCCCCCCCCOC(=O)CCN(CCC(=O)OCCCCCCCCCCCCCC)C(C)(C)CC(C)(C)C,KW_2014,KW_2014,0
-1.355017,-0.186220187,CCCCCCCCCCCCCCOC(=O)CCN(CCC(=O)OCCCCCCCCCCCCCC)C(C)(CO)CO,KW_2014,KW_2014,1
-4.767877,-0.221497938,CCCCCCCCCCCCCCOC(=O)CCN(CCC(=O)OCCCCCCCCCCCCCC)C(C)C,KW_2014,KW_2014,0
-4.923901,-0.304309722,CCCCCCCCCCCCCCOC(=O)CCN(CCC(=O)OCCCCCCCCCCCCCC)C(C)C(C)C,KW_2014,KW_2014,0
-5.4750757,-0.78918011,CCCCCCCCCCCCCCOC(=O)CCN(CCC(=O)OCCCCCCCCCCCCCC)C(C)c1ccc(C)cc1,KW_2014,KW_2014,0
-4.3672023,-0.655217637,CCCCCCCCCCCCCCOC(=O)CCN(CCC(=O)OCCCCCCCCCCCCCC)C(C)CC,KW_2014,KW_2014,0
-4.7353225,-0.487731463,CCCCCCCCCCCCCCOC(=O)CCN(CCC(=O)OCCCCCCCCCCCCCC)C(C)CCC,KW_2014,KW_2014,0
-4.478955,-0.155007835,CCCCCCCCCCCCCCOC(=O)CCN(CCC(=O)OCCCCCCCCCCCCCC)C(C)CO,KW_2014,KW_2014,1
-4.384939,-0.528237606,CCCCCCCCCCCCCCOC(=O)CCN(CCC(=O)OCCCCCCCCCCCCCC)C(c1ccccc1)(c1ccccc1)c1ccccc1,KW_2014,KW_2014,0
-4.9987507,0.115357729,CCCCCCCCCCCCCCOC(=O)CCN(CCC(=O)OCCCCCCCCCCCCCC)C(c1ccccc1)c1ccccc1,KW_2014,KW_2014,1
-4.926737,0.012113926,CCCCCCCCCCCCCCOC(=O)CCN(CCC(=O)OCCCCCCCCCCCCCC)C(CC)CC,KW_2014,KW_2014,1
-3.3666682,-0.349214715,CCCCCCCCCCCCCCOC(=O)CCN(CCC(=O)OCCCCCCCCCCCCCC)C(CO)(CO)CO,KW_2014,KW_2014,0
-6.0505414,-0.275348065,CCCCCCCCCCCCCCOC(=O)CCN(CCC(=O)OCCCCCCCCCCCCCC)C(CO)C(C)(C)C,KW_2014,KW_2014,0
-4.7930098,-1.277147572,CCCCCCCCCCCCCCOC(=O)CCN(CCC(=O)OCCCCCCCCCCCCCC)C[C@@H](C)O,KW_2014,KW_2014,0
-3.38102,0.675300121,CCCCCCCCCCCCCCOC(=O)CCN(CCC(=O)OCCCCCCCCCCCCCC)C[C@@H]1CCCN1CC,KW_2014,KW_2014,1
-3.38102,0.378946877,CCCCCCCCCCCCCCOC(=O)CCN(CCC(=O)OCCCCCCCCCCCCCC)C[C@H]1CCCN1CC,KW_2014,KW_2014,1
-3.8203034,-0.285687998,CCCCCCCCCCCCCCOC(=O)CCN(CCC(=O)OCCCCCCCCCCCCCC)C12C[C@H]3C[C@@H](C1)C[C@@H](C2)C3,KW_2014,KW_2014,0
-4.4763107,-0.330279959,CCCCCCCCCCCCCCOC(=O)CCN(CCC(=O)OCCCCCCCCCCCCCC)c1c(-c2ccccc2)cc(-c2ccccc2)cc1-c1ccccc1,KW_2014,KW_2014,0
-4.9209685,-0.765396581,CCCCCCCCCCCCCCOC(=O)CCN(CCC(=O)OCCCCCCCCCCCCCC)c1c(C)c(C)c(N(CCC(=O)OCCCCCCCCCCCCCC)CCC(=O)OCCCCCCCCCCCCCC)c(C)c1C,KW_2014,KW_2014,0
-3.9951327,0.408566264,CCCCCCCCCCCCCCOC(=O)CCN(CCC(=O)OCCCCCCCCCCCCCC)c1c(C)cc(-c2cc(C)c(N(CCC(=O)OCCCCCCCCCCCCCC)CCC(=O)OCCCCCCCCCCCCCC)c(C)c2)cc1C,KW_2014,KW_2014,1
-5.2470393,-0.207761799,CCCCCCCCCCCCCCOC(=O)CCN(CCC(=O)OCCCCCCCCCCCCCC)c1c(CC)cccc1CC,KW_2014,KW_2014,1
-3.7076435,-0.607636547,CCCCCCCCCCCCCCOC(=O)CCN(CCC(=O)OCCCCCCCCCCCCCC)c1c(F)cc(F)cc1F,KW_2014,KW_2014,0
-4.8586864,0.211808996,CCCCCCCCCCCCCCOC(=O)CCN(CCC(=O)OCCCCCCCCCCCCCC)c1c(N(CCC(=O)OCCCCCCCCCCCCCC)CCC(=O)OCCCCCCCCCCCCCC)c2ccccc2c2ccccc12,KW_2014,KW_2014,1
-4.184673,-0.684204406,CCCCCCCCCCCCCCOC(=O)CCN(CCC(=O)OCCCCCCCCCCCCCC)c1cc(C(C)(C)C)ccc1C(C)(C)C,KW_2014,KW_2014,0
-4.2733245,-0.504564287,CCCCCCCCCCCCCCOC(=O)CCN(CCC(=O)OCCCCCCCCCCCCCC)c1cc(C(C)(C)C)ccc1OC,KW_2014,KW_2014,0
-4.8074207,-1.277147572,CCCCCCCCCCCCCCOC(=O)CCN(CCC(=O)OCCCCCCCCCCCCCC)c1cc(C)c(C)cc1N(CCC(=O)OCCCCCCCCCCCCCC)CCC(=O)OCCCCCCCCCCCCCC,KW_2014,KW_2014,0
-4.538075,-0.404286285,CCCCCCCCCCCCCCOC(=O)CCN(CCC(=O)OCCCCCCCCCCCCCC)c1cc(F)c(F)c(F)c1,KW_2014,KW_2014,0
-4.579154,0.54877782,CCCCCCCCCCCCCCOC(=O)CCN(CCC(=O)OCCCCCCCCCCCCCC)c1cc(F)cc(F)c1,KW_2014,KW_2014,1
-4.9917126,-0.020086967,CCCCCCCCCCCCCCOC(=O)CCN(CCC(=O)OCCCCCCCCCCCCCC)c1cc(F)ccc1F,KW_2014,KW_2014,1
-4.8448267,-1.204487396,CCCCCCCCCCCCCCOC(=O)CCN(CCC(=O)OCCCCCCCCCCCCCC)c1cc(OC)ccc1OC,KW_2014,KW_2014,0
-5.6941514,-0.145214886,CCCCCCCCCCCCCCOC(=O)CCN(CCC(=O)OCCCCCCCCCCCCCC)C1CC1,KW_2014,KW_2014,1
-4.375653,-0.38725356,CCCCCCCCCCCCCCOC(=O)CCN(CCC(=O)OCCCCCCCCCCCCCC)C1CC2CCC1C2,KW_2014,KW_2014,0
-5.6200485,-1.10774729,CCCCCCCCCCCCCCOC(=O)CCN(CCC(=O)OCCCCCCCCCCCCCC)C1Cc2ccccc2C1,KW_2014,KW_2014,0
-4.6004558,-0.298817894,CCCCCCCCCCCCCCOC(=O)CCN(CCC(=O)OCCCCCCCCCCCCCC)c1ccc(-c2ccc(N(CCC(=O)OCCCCCCCCCCCCCC)CCC(=O)OCCCCCCCCCCCCCC)c(C)c2)cc1C,KW_2014,KW_2014,0
-5.4794254,-0.438385076,CCCCCCCCCCCCCCOC(=O)CCN(CCC(=O)OCCCCCCCCCCCCCC)c1ccc(-c2ccc(N(CCC(=O)OCCCCCCCCCCCCCC)CCC(=O)OCCCCCCCCCCCCCC)c(N(CCC(=O)OCCCCCCCCCCCCCC)CCC(=O)OCCCCCCCCCCCCCC)c2)cc1N(CCC(=O)OCCCCCCCCCCCCCC)CCC(=O)OCCCCCCCCCCCCCC,KW_2014,KW_2014,0
-5.4402933,-0.938193003,CCCCCCCCCCCCCCOC(=O)CCN(CCC(=O)OCCCCCCCCCCCCCC)c1ccc(-c2ccccc2)cc1,KW_2014,KW_2014,0
-4.445815,-0.183629976,CCCCCCCCCCCCCCOC(=O)CCN(CCC(=O)OCCCCCCCCCCCCCC)c1ccc(C(C)(C)C)cc1,KW_2014,KW_2014,1
-4.5622,0.011010023,CCCCCCCCCCCCCCOC(=O)CCN(CCC(=O)OCCCCCCCCCCCCCC)c1ccc(C(C)C)cc1,KW_2014,KW_2014,1
-4.681233,-0.264970109,CCCCCCCCCCCCCCOC(=O)CCN(CCC(=O)OCCCCCCCCCCCCCC)c1ccc(C)c(F)c1,KW_2014,KW_2014,0
-4.969552,-0.217982887,CCCCCCCCCCCCCCOC(=O)CCN(CCC(=O)OCCCCCCCCCCCCCC)c1ccc(C)c(N(CCC(=O)OCCCCCCCCCCCCCC)CCC(=O)OCCCCCCCCCCCCCC)c1,KW_2014,KW_2014,0
-5.2678266,0.197131989,CCCCCCCCCCCCCCOC(=O)CCN(CCC(=O)OCCCCCCCCCCCCCC)c1ccc(C)cc1N(CCC(=O)OCCCCCCCCCCCCCC)CCC(=O)OCCCCCCCCCCCCCC,KW_2014,KW_2014,1
-4.413156,0.167705626,CCCCCCCCCCCCCCOC(=O)CCN(CCC(=O)OCCCCCCCCCCCCCC)c1ccc(C2(c3ccc(N(CCC(=O)OCCCCCCCCCCCCCC)CCC(=O)OCCCCCCCCCCCCCC)cc3)c3ccccc3-c3ccccc32)cc1,KW_2014,KW_2014,1
-4.1727357,0.051876036,CCCCCCCCCCCCCCOC(=O)CCN(CCC(=O)OCCCCCCCCCCCCCC)C1CCC(CC2CCC(N(CCC(=O)OCCCCCCCCCCCCCC)CCC(=O)OCCCCCCCCCCCCCC)C(C)C2)CC1C,KW_2014,KW_2014,1
-5.7323976,-0.37612334,CCCCCCCCCCCCCCOC(=O)CCN(CCC(=O)OCCCCCCCCCCCCCC)c1ccc(Cc2ccc(N(CCC(=O)OCCCCCCCCCCCCCC)CCC(=O)OCCCCCCCCCCCCCC)cc2)cc1,KW_2014,KW_2014,0
-4.600337,-1.277147572,CCCCCCCCCCCCCCOC(=O)CCN(CCC(=O)OCCCCCCCCCCCCCC)c1ccc(F)c(F)c1,KW_2014,KW_2014,0
-5.068254,-0.425367698,CCCCCCCCCCCCCCOC(=O)CCN(CCC(=O)OCCCCCCCCCCCCCC)c1ccc(F)cc1,KW_2014,KW_2014,0
-4.9301906,0.337564472,CCCCCCCCCCCCCCOC(=O)CCN(CCC(=O)OCCCCCCCCCCCCCC)c1ccc(F)cc1C(F)(F)F,KW_2014,KW_2014,1
-5.0539703,-0.426489373,CCCCCCCCCCCCCCOC(=O)CCN(CCC(=O)OCCCCCCCCCCCCCC)c1ccc(N(CCC(=O)OCCCCCCCCCCCCCC)c2ccccc2)cc1,KW_2014,KW_2014,0
-5.3977504,-0.390211644,CCCCCCCCCCCCCCOC(=O)CCN(CCC(=O)OCCCCCCCCCCCCCC)c1ccc(N(CCC(=O)OCCCCCCCCCCCCCC)CCC(=O)OCCCCCCCCCCCCCC)cc1,KW_2014,KW_2014,0
-4.9999437,-0.091430542,CCCCCCCCCCCCCCOC(=O)CCN(CCC(=O)OCCCCCCCCCCCCCC)c1ccc(OC(F)(F)F)cc1,KW_2014,KW_2014,1
-3.9419594,-0.591290225,CCCCCCCCCCCCCCOC(=O)CCN(CCC(=O)OCCCCCCCCCCCCCC)c1ccc(OC(F)F)cc1,KW_2014,KW_2014,0
-4.496176,-0.047160642,CCCCCCCCCCCCCCOC(=O)CCN(CCC(=O)OCCCCCCCCCCCCCC)c1ccc(OC)c(F)c1,KW_2014,KW_2014,1
-3.6278737,-0.196664844,CCCCCCCCCCCCCCOC(=O)CCN(CCC(=O)OCCCCCCCCCCCCCC)c1ccc(Oc2ccc(F)cc2)cc1,KW_2014,KW_2014,1
-5.072204,0.145177858,CCCCCCCCCCCCCCOC(=O)CCN(CCC(=O)OCCCCCCCCCCCCCC)c1ccc(Oc2ccc(N(CCC(=O)OCCCCCCCCCCCCCC)CCC(=O)OCCCCCCCCCCCCCC)cc2)cc1,KW_2014,KW_2014,1
-3.82783,-0.205617641,CCCCCCCCCCCCCCOC(=O)CCN(CCC(=O)OCCCCCCCCCCCCCC)c1ccc(Oc2ccccc2)cc1,KW_2014,KW_2014,1
-4.30046,-0.46195385,CCCCCCCCCCCCCCOC(=O)CCN(CCC(=O)OCCCCCCCCCCCCCC)c1ccc(OCCCCCCCC)cc1,KW_2014,KW_2014,0
-5.3571844,-0.677990531,CCCCCCCCCCCCCCOC(=O)CCN(CCC(=O)OCCCCCCCCCCCCCC)C1CCC1,KW_2014,KW_2014,0
-4.640052,-0.077265066,CCCCCCCCCCCCCCOC(=O)CCN(CCC(=O)OCCCCCCCCCCCCCC)c1ccc2c(c1)Cc1cc(N(CCC(=O)OCCCCCCCCCCCCCC)CCC(=O)OCCCCCCCCCCCCCC)ccc1-2,KW_2014,KW_2014,1
-5.355929,-0.530447184,CCCCCCCCCCCCCCOC(=O)CCN(CCC(=O)OCCCCCCCCCCCCCC)c1ccc2c(c1)CCCC2,KW_2014,KW_2014,0
-5.094864,2.369891543,CCCCCCCCCCCCCCOC(=O)CCN(CCC(=O)OCCCCCCCCCCCCCC)c1ccc2c(c1)OCCO2,KW_2014,KW_2014,2
-5.252665,-1.277147572,CCCCCCCCCCCCCCOC(=O)CCN(CCC(=O)OCCCCCCCCCCCCCC)c1ccc2c(c1)OCO2,KW_2014,KW_2014,0
-5.1853275,-1.277147572,CCCCCCCCCCCCCCOC(=O)CCN(CCC(=O)OCCCCCCCCCCCCCC)c1ccc2cc3ccccc3cc2c1,KW_2014,KW_2014,0
-5.601049,0.97949762,CCCCCCCCCCCCCCOC(=O)CCN(CCC(=O)OCCCCCCCCCCCCCC)C1CCc2ccccc21,KW_2014,KW_2014,2
-5.2717476,-0.747541331,CCCCCCCCCCCCCCOC(=O)CCN(CCC(=O)OCCCCCCCCCCCCCC)c1ccc2ccccc2c1-c1c(N(CCC(=O)OCCCCCCCCCCCCCC)CCC(=O)OCCCCCCCCCCCCCC)ccc2ccccc12,KW_2014,KW_2014,0
-5.3577843,0.067714876,CCCCCCCCCCCCCCOC(=O)CCN(CCC(=O)OCCCCCCCCCCCCCC)c1cccc(-c2ccccc2)c1,KW_2014,KW_2014,1
-4.799895,0.105695004,CCCCCCCCCCCCCCOC(=O)CCN(CCC(=O)OCCCCCCCCCCCCCC)c1cccc(C(F)(F)F)c1,KW_2014,KW_2014,1
-4.9309673,-0.904072277,CCCCCCCCCCCCCCOC(=O)CCN(CCC(=O)OCCCCCCCCCCCCCC)c1cccc(C)c1N(CCC(=O)OCCCCCCCCCCCCCC)CCC(=O)OCCCCCCCCCCCCCC,KW_2014,KW_2014,0
-4.5508494,-1.229021459,CCCCCCCCCCCCCCOC(=O)CCN(CCC(=O)OCCCCCCCCCCCCCC)c1cccc(F)c1,KW_2014,KW_2014,0
-4.300591,0.689252154,CCCCCCCCCCCCCCOC(=O)CCN(CCC(=O)OCCCCCCCCCCCCCC)C1CCCC(N(CCC(=O)OCCCCCCCCCCCCCC)CCC(=O)OCCCCCCCCCCCCCC)C1,KW_2014,KW_2014,1
-5.112356,-1.15673203,CCCCCCCCCCCCCCOC(=O)CCN(CCC(=O)OCCCCCCCCCCCCCC)c1cccc(N(CCC(=O)OCCCCCCCCCCCCCC)CCC(=O)OCCCCCCCCCCCCCC)c1,KW_2014,KW_2014,0
-5.577324,-0.704354176,CCCCCCCCCCCCCCOC(=O)CCN(CCC(=O)OCCCCCCCCCCCCCC)c1cccc(N(CCC(=O)OCCCCCCCCCCCCCC)CCC(=O)OCCCCCCCCCCCCCC)c1C,KW_2014,KW_2014,0
-5.005951,-1.277147572,CCCCCCCCCCCCCCOC(=O)CCN(CCC(=O)OCCCCCCCCCCCCCC)c1cccc(OC(C)C)c1,KW_2014,KW_2014,0
-4.598392,-0.85227916,CCCCCCCCCCCCCCOC(=O)CCN(CCC(=O)OCCCCCCCCCCCCCC)c1cccc(OCc2ccccc2)c1,KW_2014,KW_2014,0
-5.48658,-0.239810845,CCCCCCCCCCCCCCOC(=O)CCN(CCC(=O)OCCCCCCCCCCCCCC)c1cccc2c1CCC2,KW_2014,KW_2014,0
-5.3615856,-0.303727285,CCCCCCCCCCCCCCOC(=O)CCN(CCC(=O)OCCCCCCCCCCCCCC)c1cccc2cccc(N(CCC(=O)OCCCCCCCCCCCCCC)CCC(=O)OCCCCCCCCCCCCCC)c12,KW_2014,KW_2014,0
-4.468983,-0.760997653,CCCCCCCCCCCCCCOC(=O)CCN(CCC(=O)OCCCCCCCCCCCCCC)C1CCCCC1,KW_2014,KW_2014,0
-4.726847,-1.085197261,CCCCCCCCCCCCCCOC(=O)CCN(CCC(=O)OCCCCCCCCCCCCCC)c1ccccc1C(C)(C)C,KW_2014,KW_2014,0
-5.233728,-0.502786152,CCCCCCCCCCCCCCOC(=O)CCN(CCC(=O)OCCCCCCCCCCCCCC)c1ccccc1C(C)C,KW_2014,KW_2014,0
-4.933644,-0.575650182,CCCCCCCCCCCCCCOC(=O)CCN(CCC(=O)OCCCCCCCCCCCCCC)c1ccccc1Cc1ccccc1,KW_2014,KW_2014,0
-5.0081353,-1.110277235,CCCCCCCCCCCCCCOC(=O)CCN(CCC(=O)OCCCCCCCCCCCCCC)c1ccccc1N(CCC(=O)OCCCCCCCCCCCCCC)c1ccccc1,KW_2014,KW_2014,0
-5.0520387,-0.073563604,CCCCCCCCCCCCCCOC(=O)CCN(CCC(=O)OCCCCCCCCCCCCCC)c1ccccc1OC,KW_2014,KW_2014,1
-5.194956,-0.742272899,CCCCCCCCCCCCCCOC(=O)CCN(CCC(=O)OCCCCCCCCCCCCCC)c1ccccc1Oc1ccccc1,KW_2014,KW_2014,0
-5.0211387,-1.277147572,CCCCCCCCCCCCCCOC(=O)CCN(CCC(=O)OCCCCCCCCCCCCCC)c1ccccc1OCC,KW_2014,KW_2014,0
-4.5568256,-0.199999698,CCCCCCCCCCCCCCOC(=O)CCN(CCC(=O)OCCCCCCCCCCCCCC)C1CCCCCCC1,KW_2014,KW_2014,1
-5.1597314,-0.91934152,CCCCCCCCCCCCCCOC(=O)CCN(CCC(=O)OCCCCCCCCCCCCCC)C1CCN(C)CC1,KW_2014,KW_2014,0
-4.63944,0.411723217,CCCCCCCCCCCCCCOC(=O)CCN(CCC(=O)OCCCCCCCCCCCCCC)c1nc(N(CCC(=O)OCCCCCCCCCCCCCC)CCC(=O)OCCCCCCCCCCCCCC)nc(N(CCC(=O)OCCCCCCCCCCCCCC)CCC(=O)OCCCCCCCCCCCCCC)n1,KW_2014,KW_2014,1
-3.6224525,-0.610072025,CCCCCCCCCCCCCCOC(=O)CCN(CCC(=O)OCCCCCCCCCCCCCC)CC(=O)N(C)c1ccccc1,KW_2014,KW_2014,0
-5.157158,-0.308736391,CCCCCCCCCCCCCCOC(=O)CCN(CCC(=O)OCCCCCCCCCCCCCC)CC(C)(C)CN(C)C,KW_2014,KW_2014,0
-6.0814676,0.347943924,CCCCCCCCCCCCCCOC(=O)CCN(CCC(=O)OCCCCCCCCCCCCCC)CC(C)(C)CO,KW_2014,KW_2014,1
-5.5150933,-0.327149126,CCCCCCCCCCCCCCOC(=O)CCN(CCC(=O)OCCCCCCCCCCCCCC)CC(C)C,KW_2014,KW_2014,0
-5.9872847,-0.2176814,CCCCCCCCCCCCCCOC(=O)CCN(CCC(=O)OCCCCCCCCCCCCCC)CC(C)CC,KW_2014,KW_2014,0
-4.1288934,-0.510237207,CCCCCCCCCCCCCCOC(=O)CCN(CCC(=O)OCCCCCCCCCCCCCC)CC(C)N(CCC(=O)OCCCCCCCCCCCCCC)CCC(=O)OCCCCCCCCCCCCCC,KW_2014,KW_2014,0
-4.991712,-1.077235272,CCCCCCCCCCCCCCOC(=O)CCN(CCC(=O)OCCCCCCCCCCCCCC)CC(CC)CCCC,KW_2014,KW_2014,0
-2.5299363,-0.15891686,CCCCCCCCCCCCCCOC(=O)CCN(CCC(=O)OCCCCCCCCCCCCCC)CC(OC)OC,KW_2014,KW_2014,1
-4.7530484,-0.321005101,CCCCCCCCCCCCCCOC(=O)CCN(CCC(=O)OCCCCCCCCCCCCCC)CC[C@H](C)O,KW_2014,KW_2014,0
-4.5719995,-0.056201453,CCCCCCCCCCCCCCOC(=O)CCN(CCC(=O)OCCCCCCCCCCCCCC)CC1(C)CC(N(CCC(=O)OCCCCCCCCCCCCCC)CCC(=O)OCCCCCCCCCCCCCC)CC(C)(C)C1,KW_2014,KW_2014,1
-3.670871,-0.390601801,CCCCCCCCCCCCCCOC(=O)CCN(CCC(=O)OCCCCCCCCCCCCCC)CC12C[C@H]3C[C@@H](C1)C[C@@H](C2)C3,KW_2014,KW_2014,0
-4.758866,-1.271661851,CCCCCCCCCCCCCCOC(=O)CCN(CCC(=O)OCCCCCCCCCCCCCC)Cc1cc(C)c(OC)c(OC)c1,KW_2014,KW_2014,0
-5.5033536,0.465810856,CCCCCCCCCCCCCCOC(=O)CCN(CCC(=O)OCCCCCCCCCCCCCC)Cc1cc(F)ccc1F,KW_2014,KW_2014,1
-5.070151,-0.087216451,CCCCCCCCCCCCCCOC(=O)CCN(CCC(=O)OCCCCCCCCCCCCCC)CC1CCC(CN(CCC(=O)OCCCCCCCCCCCCCC)CCC(=O)OCCCCCCCCCCCCCC)CC1,KW_2014,KW_2014,1
-4.708417,-0.176297969,CCCCCCCCCCCCCCOC(=O)CCN(CCC(=O)OCCCCCCCCCCCCCC)CC1CCCC(CN(CCC(=O)OCCCCCCCCCCCCCC)CCC(=O)OCCCCCCCCCCCCCC)C1,KW_2014,KW_2014,1
-4.0455422,3.667275901,CCCCCCCCCCCCCCOC(=O)CCN(CCC(=O)OCCCCCCCCCCCCCC)Cc1cccc(CN(CCC(=O)OCCCCCCCCCCCCCC)CCC(=O)OCCCCCCCCCCCCCC)c1,KW_2014,KW_2014,2
-4.6613803,0.037508757,CCCCCCCCCCCCCCOC(=O)CCN(CCC(=O)OCCCCCCCCCCCCCC)Cc1cccc(F)c1,KW_2014,KW_2014,1
-4.401614,-1.196686151,CCCCCCCCCCCCCCOC(=O)CCN(CCC(=O)OCCCCCCCCCCCCCC)Cc1cccc(N(CCC(=O)OCCCCCCCCCCCCCC)CCC(=O)OCCCCCCCCCCCCCC)c1,KW_2014,KW_2014,0
-5.099005,-0.851248177,CCCCCCCCCCCCCCOC(=O)CCN(CCC(=O)OCCCCCCCCCCCCCC)CC1CCCCC1,KW_2014,KW_2014,0
-4.953934,-0.49715314,CCCCCCCCCCCCCCOC(=O)CCN(CCC(=O)OCCCCCCCCCCCCCC)Cc1ccccc1F,KW_2014,KW_2014,0
-4.5232053,-1.277147572,CCCCCCCCCCCCCCOC(=O)CCN(CCC(=O)OCCCCCCCCCCCCCC)Cc1ccccc1N(CCC(=O)OCCCCCCCCCCCCCC)CCC(=O)OCCCCCCCCCCCCCC,KW_2014,KW_2014,0
-4.9966455,-0.590206323,CCCCCCCCCCCCCCOC(=O)CCN(CCC(=O)OCCCCCCCCCCCCCC)Cc1ccccc1OC,KW_2014,KW_2014,0
-4.614809,-0.627775958,CCCCCCCCCCCCCCOC(=O)CCN(CCC(=O)OCCCCCCCCCCCCCC)Cc1ccccc1OCC,KW_2014,KW_2014,0
-3.711695,0.633589447,CCCCCCCCCCCCCCOC(=O)CCN(CCC(=O)OCCCCCCCCCCCCCC)CC1CCCN1C,KW_2014,KW_2014,1
-4.555712,-0.58590166,CCCCCCCCCCCCCCOC(=O)CCN(CCC(=O)OCCCCCCCCCCCCCC)CC1CCCN1CCC(=O)OCCCCCCCCCCCCCC,KW_2014,KW_2014,0
-4.880914,-0.174250424,CCCCCCCCCCCCCCOC(=O)CCN(CCC(=O)OCCCCCCCCCCCCCC)CC1CCCO1,KW_2014,KW_2014,1
-4.6604915,0.141973353,CCCCCCCCCCCCCCOC(=O)CCN(CCC(=O)OCCCCCCCCCCCCCC)CC1CCN(C)CC1,KW_2014,KW_2014,1
-5.308927,-0.082480441,CCCCCCCCCCCCCCOC(=O)CCN(CCC(=O)OCCCCCCCCCCCCCC)CC1COC(C)(C)O1,KW_2014,KW_2014,1
-5.32771,0.332979664,CCCCCCCCCCCCCCOC(=O)CCN(CCC(=O)OCCCCCCCCCCCCCC)Cc1nccn1C,KW_2014,KW_2014,1
-5.350987,-0.219671821,CCCCCCCCCCCCCCOC(=O)CCN(CCC(=O)OCCCCCCCCCCCCCC)CCC(=O)N1CCN(CCC(=O)OCCCCCCCCCCCCCC)CC1,KW_2014,KW_2014,0
-4.8789606,-0.223818465,CCCCCCCCCCCCCCOC(=O)CCN(CCC(=O)OCCCCCCCCCCCCCC)CCC(C)(C)C,KW_2014,KW_2014,0
-4.7142806,-0.576141635,CCCCCCCCCCCCCCOC(=O)CCN(CCC(=O)OCCCCCCCCCCCCCC)CCC(C)C,KW_2014,KW_2014,0
-5.0270367,0.003546701,CCCCCCCCCCCCCCOC(=O)CCN(CCC(=O)OCCCCCCCCCCCCCC)CCC(c1ccccc1)c1ccccc1,KW_2014,KW_2014,1
-4.785354,0.157650232,CCCCCCCCCCCCCCOC(=O)CCN(CCC(=O)OCCCCCCCCCCCCCC)CCC1CCC(C)CC1,KW_2014,KW_2014,1
-4.504058,-0.463432675,CCCCCCCCCCCCCCOC(=O)CCN(CCC(=O)OCCCCCCCCCCCCCC)CCC1CCC(CC)CC1,KW_2014,KW_2014,0
-2.892453,-0.161281642,CCCCCCCCCCCCCCOC(=O)CCN(CCC(=O)OCCCCCCCCCCCCCC)CCc1ccc(OC)c(OC)c1,KW_2014,KW_2014,1
-4.148395,-0.60167678,CCCCCCCCCCCCCCOC(=O)CCN(CCC(=O)OCCCCCCCCCCCCCC)CCc1ccc(OC)cc1,KW_2014,KW_2014,0
-4.6248984,-1.166544229,CCCCCCCCCCCCCCOC(=O)CCN(CCC(=O)OCCCCCCCCCCCCCC)CCc1ccccc1F,KW_2014,KW_2014,0
-5.2101827,-0.391445478,CCCCCCCCCCCCCCOC(=O)CCN(CCC(=O)OCCCCCCCCCCCCCC)CCC1OCCO1,KW_2014,KW_2014,0
-3.7100003,-0.144095072,CCCCCCCCCCCCCCOC(=O)CCN(CCC(=O)OCCCCCCCCCCCCCC)CCN(C(C)C)C(C)C,KW_2014,KW_2014,1
-4.4800467,0.332979664,CCCCCCCCCCCCCCOC(=O)CCN(CCC(=O)OCCCCCCCCCCCCCC)CCN(C)C,KW_2014,KW_2014,1
-3.2766569,3.9498073,CCCCCCCCCCCCCCOC(=O)CCN(CCC(=O)OCCCCCCCCCCCCCC)CCN(C)CCCN(C)CCN(CCC(=O)OCCCCCCCCCCCCCC)CCC(=O)OCCCCCCCCCCCCCC,KW_2014,KW_2014,2
-2.7193675,4.544497192,CCCCCCCCCCCCCCOC(=O)CCN(CCC(=O)OCCCCCCCCCCCCCC)CCN(C)CCN(C)CCN(CCC(=O)OCCCCCCCCCCCCCC)CCC(=O)OCCCCCCCCCCCCCC,KW_2014,KW_2014,3
-3.0891814,3.544862966,CCCCCCCCCCCCCCOC(=O)CCN(CCC(=O)OCCCCCCCCCCCCCC)CCN(C)CCN(CCC(=O)OCCCCCCCCCCCCCC)CCC(=O)OCCCCCCCCCCCCCC,KW_2014,KW_2014,2
-2.7197063,3.499412855,CCCCCCCCCCCCCCOC(=O)CCN(CCC(=O)OCCCCCCCCCCCCCC)CCN(CC)CCN(CC)CCN(CCC(=O)OCCCCCCCCCCCCCC)CCC(=O)OCCCCCCCCCCCCCC,KW_2014,KW_2014,2
-3.7706203,-1.277147572,CCCCCCCCCCCCCCOC(=O)CCN(CCC(=O)OCCCCCCCCCCCCCC)CCN(CCC(=O)OCCCCCCCCCCCCCC)C(C)C,KW_2014,KW_2014,0
-5.2520623,-0.625662708,CCCCCCCCCCCCCCOC(=O)CCN(CCC(=O)OCCCCCCCCCCCCCC)CCN(CCC(=O)OCCCCCCCCCCCCCC)c1ccccc1,KW_2014,KW_2014,0
-4.3020515,-0.821102469,CCCCCCCCCCCCCCOC(=O)CCN(CCC(=O)OCCCCCCCCCCCCCC)CCN(CCC(=O)OCCCCCCCCCCCCCC)Cc1ccccc1,KW_2014,KW_2014,0
-3.0691915,1.23249433,CCCCCCCCCCCCCCOC(=O)CCN(CCC(=O)OCCCCCCCCCCCCCC)CCN(CCC(=O)OCCCCCCCCCCCCCC)CCC(=O)OCCCCCCCCCCCCCC,KW_2014,KW_2014,2
-3.77082,0.637522117,CCCCCCCCCCCCCCOC(=O)CCN(CCC(=O)OCCCCCCCCCCCCCC)CCN(CCC(=O)OCCCCCCCCCCCCCC)CCN(CC)CC,KW_2014,KW_2014,1
-5.5061717,0.577993191,CCCCCCCCCCCCCCOC(=O)CCN(CCC(=O)OCCCCCCCCCCCCCC)CCN(CCC(=O)OCCCCCCCCCCCCCC)CCN(CCC(=O)OCCCCCCCCCCCCCC)CCC(=O)OCCCCCCCCCCCCCC,KW_2014,KW_2014,1
-6.522991,1.047297859,CCCCCCCCCCCCCCOC(=O)CCN(CCC(=O)OCCCCCCCCCCCCCC)CCN(CCC(=O)OCCCCCCCCCCCCCC)CCN(CCC(=O)OCCCCCCCCCCCCCC)CCN(CCC(=O)OCCCCCCCCCCCCCC)CCC(=O)OCCCCCCCCCCCCCC,KW_2014,KW_2014,2
-6.833579,0.971590362,CCCCCCCCCCCCCCOC(=O)CCN(CCC(=O)OCCCCCCCCCCCCCC)CCN(CCC(=O)OCCCCCCCCCCCCCC)CCN(CCC(=O)OCCCCCCCCCCCCCC)CCN(CCC(=O)OCCCCCCCCCCCCCC)CCN(CCC(=O)OCCCCCCCCCCCCCC)CCC(=O)OCCCCCCCCCCCCCC,KW_2014,KW_2014,1
-6.461871,-0.24324496,CCCCCCCCCCCCCCOC(=O)CCN(CCC(=O)OCCCCCCCCCCCCCC)CCN(CCC(=O)OCCCCCCCCCCCCCC)CCN(CCC(=O)OCCCCCCCCCCCCCC)CCN(CCC(=O)OCCCCCCCCCCCCCC)CCN(CCC(=O)OCCCCCCCCCCCCCC)CCN(CCC(=O)OCCCCCCCCCCCCCC)CCC(=O)OCCCCCCCCCCCCCC,KW_2014,KW_2014,0
-3.0000982,2.530006353,CCCCCCCCCCCCCCOC(=O)CCN(CCC(=O)OCCCCCCCCCCCCCC)CCN(CCC(=O)OCCCCCCCCCCCCCC)CCN1CCN(CCN(CCC(=O)OCCCCCCCCCCCCCC)CCC(=O)OCCCCCCCCCCCCCC)CC1,KW_2014,KW_2014,2
-4.468563,0.215103573,CCCCCCCCCCCCCCOC(=O)CCN(CCC(=O)OCCCCCCCCCCCCCC)CCN(CCCCCCCCCCCC)CCN(CCC(=O)OCCCCCCCCCCCCCC)CCC(=O)OCCCCCCCCCCCCCC,KW_2014,KW_2014,1
-6.070265,0.96781453,CCCCCCCCCCCCCCOC(=O)CCN(CCC(=O)OCCCCCCCCCCCCCC)CCN(CCN(CCC(=O)OCCCCCCCCCCCCCC)CCC(=O)OCCCCCCCCCCCCCC)CCN(CCC(=O)OCCCCCCCCCCCCCC)CCC(=O)OCCCCCCCCCCCCCC,KW_2014,KW_2014,1
-1.6303056,1.051037576,CCCCCCCCCCCCCCOC(=O)CCN(CCC(=O)OCCCCCCCCCCCCCC)CCN(CCO)CCO,KW_2014,KW_2014,2
-3.6809099,-0.430371765,CCCCCCCCCCCCCCOC(=O)CCN(CCC(=O)OCCCCCCCCCCCCCC)CCN1CCCC1,KW_2014,KW_2014,0
-4.2126207,0.381225272,CCCCCCCCCCCCCCOC(=O)CCN(CCC(=O)OCCCCCCCCCCCCCC)CCN1CCCCC1,KW_2014,KW_2014,1
-3.158642,2.108306373,CCCCCCCCCCCCCCOC(=O)CCN(CCC(=O)OCCCCCCCCCCCCCC)CCN1CCN(CCC(=O)OCCCCCCCCCCCCCC)CC1,KW_2014,KW_2014,2
-2.1565416,4.232203163,CCCCCCCCCCCCCCOC(=O)CCN(CCC(=O)OCCCCCCCCCCCCCC)CCN1CCN(CCN(CCC(=O)OCCCCCCCCCCCCCC)CCC(=O)OCCCCCCCCCCCCCC)CC1,KW_2014,KW_2014,3
-6.0573,-0.228968636,CCCCCCCCCCCCCCOC(=O)CCN(CCC(=O)OCCCCCCCCCCCCCC)CCN1CCOCC1,KW_2014,KW_2014,0
-3.8607893,0.094442296,CCCCCCCCCCCCCCOC(=O)CCN(CCC(=O)OCCCCCCCCCCCCCC)CN(CC)CCC,KW_2014,KW_2014,1
-5.0149293,0.253797513,CCCCCCCCCCCCCCOC(=O)CCN(CCC)CCC(=O)OCCCCCCCCCCCCCC,KW_2014,KW_2014,1
-3.8412335,-0.239143442,CCCCCCCCCCCCCCOC(=O)CCN(CCC)CCCN(CCC(=O)OCCCCCCCCCCCCCC)CCC(=O)OCCCCCCCCCCCCCC,KW_2014,KW_2014,0
-5.3633623,-0.508712053,CCCCCCCCCCCCCCOC(=O)CCN(CCCC)CCC(=O)OCCCCCCCCCCCCCC,KW_2014,KW_2014,0
-5.7875233,-0.264997398,CCCCCCCCCCCCCCOC(=O)CCN(CCCc1ccccc1)CCC(=O)OCCCCCCCCCCCCCC,KW_2014,KW_2014,0
-5.3016734,0.278405409,CCCCCCCCCCCCCCOC(=O)CCN(CCCCC)CCC(=O)OCCCCCCCCCCCCCC,KW_2014,KW_2014,1
-5.79759,-1.277147572,CCCCCCCCCCCCCCOC(=O)CCN(CCCCc1ccccc1)CCC(=O)OCCCCCCCCCCCCCC,KW_2014,KW_2014,0
-5.426542,-0.014827248,CCCCCCCCCCCCCCOC(=O)CCN(CCCCCC)CCC(=O)OCCCCCCCCCCCCCC,KW_2014,KW_2014,1
-4.753134,0.17251956,CCCCCCCCCCCCCCOC(=O)CCN(CCCCCCCCN(CCC(=O)OCCCCCCCCCCCCCC)CCC(=O)OCCCCCCCCCCCCCC)CCC(=O)OCCCCCCCCCCCCCC,KW_2014,KW_2014,1
-4.846645,0.025668436,CCCCCCCCCCCCCCOC(=O)CCN(CCCCCCN(CCC(=O)OCCCCCCCCCCCCCC)CCC(=O)OCCCCCCCCCCCCCC)CCCCCCN(CCC(=O)OCCCCCCCCCCCCCC)CCC(=O)OCCCCCCCCCCCCCC,KW_2014,KW_2014,1
-5.191542,3.127629079,CCCCCCCCCCCCCCOC(=O)CCN(CCCCCCO)CCC(=O)OCCCCCCCCCCCCCC,KW_2014,KW_2014,2
-5.1787868,-0.475928013,CCCCCCCCCCCCCCOC(=O)CCN(CCCCCO)CCC(=O)OCCCCCCCCCCCCCC,KW_2014,KW_2014,0
-3.7055037,0.094442296,CCCCCCCCCCCCCCOC(=O)CCN(CCCCN(C)Cc1ccccc1)CCC(=O)OCCCCCCCCCCCCCC,KW_2014,KW_2014,1
-5.277439,-1.274536357,CCCCCCCCCCCCCCOC(=O)CCN(CCCCN1CCN(C)CC1)CCC(=O)OCCCCCCCCCCCCCC,KW_2014,KW_2014,0
-4.8040934,0.683293383,CCCCCCCCCCCCCCOC(=O)CCN(CCCCO)CCC(=O)OCCCCCCCCCCCCCC,KW_2014,KW_2014,1
-3.8484228,-0.644078055,CCCCCCCCCCCCCCOC(=O)CCN(CCCN(C)C)CCC(=O)OCCCCCCCCCCCCCC,KW_2014,KW_2014,0
-3.8484228,-0.019086309,CCCCCCCCCCCCCCOC(=O)CCN(CCCN(C)C)CCC(=O)OCCCCCCCCCCCCCC,KW_2014,KW_2014,1
-1.5080757,-0.623961895,CCCCCCCCCCCCCCOC(=O)CCN(CCCN(C)C)CCCN(CCC(=O)OCCCCCCCCCCCCCC)CCC(=O)OCCCCCCCCCCCCCC,KW_2014,KW_2014,0
-2.0475354,4.181623819,CCCCCCCCCCCCCCOC(=O)CCN(CCCN(C)CCCN(CCC(=O)OCCCCCCCCCCCCCC)CCC(=O)OCCCCCCCCCCCCCC)CCC(=O)OCCCCCCCCCCCCCC,KW_2014,KW_2014,3
-3.1652138,0.269245569,CCCCCCCCCCCCCCOC(=O)CCN(CCCN(CC)CC)CCC(=O)OCCCCCCCCCCCCCC,KW_2014,KW_2014,1
-4.581184,1.33779135,CCCCCCCCCCCCCCOC(=O)CCN(CCCN(CCC(=O)OCCCCCCCCCCCCCC)CCC(=O)OCCCCCCCCCCCCCC)CCC(=O)OCCCCCCCCCCCCCC,KW_2014,KW_2014,2
-3.9164138,3.251894519,CCCCCCCCCCCCCCOC(=O)CCN(CCCN(CCC(=O)OCCCCCCCCCCCCCC)CCC(=O)OCCCCCCCCCCCCCC)CCCN(CCC(=O)OCCCCCCCCCCCCCC)CCC(=O)OCCCCCCCCCCCCCC,KW_2014,KW_2014,2
-4.82381,0.163830825,CCCCCCCCCCCCCCOC(=O)CCN(CCCN(CCC(=O)OCCCCCCCCCCCCCC)CCN(CCC(=O)OCCCCCCCCCCCCCC)CCC(=O)OCCCCCCCCCCCCCC)CCC(=O)OCCCCCCCCCCCCCC,KW_2014,KW_2014,1
-6.017548,-0.064464423,CCCCCCCCCCCCCCOC(=O)CCN(CCCN(CCC(=O)OCCCCCCCCCCCCCC)CCN(CCC(=O)OCCCCCCCCCCCCCC)CCC(=O)OCCCCCCCCCCCCCC)CCN(CCC(=O)OCCCCCCCCCCCCCC)CCC(=O)OCCCCCCCCCCCCCC,KW_2014,KW_2014,1
-5.089999,0.941203039,CCCCCCCCCCCCCCOC(=O)CCN(CCCN(CCCN(CCC(=O)OCCCCCCCCCCCCCC)CCC(=O)OCCCCCCCCCCCCCC)CCC(=O)OCCCCCCCCCCCCCC)CCCN(CCC(=O)OCCCCCCCCCCCCCC)CCC(=O)OCCCCCCCCCCCCCC,KW_2014,KW_2014,1
-4.4929867,-0.907542644,CCCCCCCCCCCCCCOC(=O)CCN(CCCN1CCN(C(C)C)CC1)CCC(=O)OCCCCCCCCCCCCCC,KW_2014,KW_2014,0
-2.6770687,0.948515253,CCCCCCCCCCCCCCOC(=O)CCN(CCCN1CCN(CCCN(CCC(=O)OCCCCCCCCCCCCCC)CCC(=O)OCCCCCCCCCCCCCC)CC1)CCC(=O)OCCCCCCCCCCCCCC,KW_2014,KW_2014,1
-5.582191,-0.417551294,CCCCCCCCCCCCCCOC(=O)CCN(CCCn1ccnc1)CCC(=O)OCCCCCCCCCCCCCC,KW_2014,KW_2014,0
-6.2527876,0.001559327,CCCCCCCCCCCCCCOC(=O)CCN(CCCN1CCOCC1)CCC(=O)OCCCCCCCCCCCCCC,KW_2014,KW_2014,1
-4.7963433,0.264574285,CCCCCCCCCCCCCCOC(=O)CCN(CCCO)CCC(=O)OCCCCCCCCCCCCCC,KW_2014,KW_2014,1
-3.7910604,-0.536699207,CCCCCCCCCCCCCCOC(=O)CCN(CCCOC(C)C)CCC(=O)OCCCCCCCCCCCCCC,KW_2014,KW_2014,0
-4.5951815,-0.030409242,CCCCCCCCCCCCCCOC(=O)CCN(CCCOC)CCC(=O)OCCCCCCCCCCCCCC,KW_2014,KW_2014,1
-4.5951815,0.728358835,CCCCCCCCCCCCCCOC(=O)CCN(CCCOC)CCC(=O)OCCCCCCCCCCCCCC,KW_2014,KW_2014,1
-4.7297173,-0.036391527,CCCCCCCCCCCCCCOC(=O)CCN(CCCOCCCCOCCCN(CCC(=O)OCCCCCCCCCCCCCC)CCC(=O)OCCCCCCCCCCCCCC)CCC(=O)OCCCCCCCCCCCCCC,KW_2014,KW_2014,1
-4.0572095,-0.211252794,CCCCCCCCCCCCCCOC(=O)CCN(CCCOCCOCCOCCCN(CCC(=O)OCCCCCCCCCCCCCC)CCC(=O)OCCCCCCCCCCCCCC)CCC(=O)OCCCCCCCCCCCCCC,KW_2014,KW_2014,0
-4.324159,-0.322176188,CCCCCCCCCCCCCCOC(=O)CCN(CCN(CCC(=O)OCCCCCCCCCCCCCC)C(C)(C)C)C(C)(C)C,KW_2014,KW_2014,0
-4.5625434,0.161324292,CCCCCCCCCCCCCCOC(=O)CCN(CCN(CCC(=O)OCCCCCCCCCCCCCC)C(C)C)C(C)C,KW_2014,KW_2014,1
-2.9472597,0.588315186,CCCCCCCCCCCCCCOC(=O)CCN(CCO)CCC(=O)OCCCCCCCCCCCCCC,KW_2014,KW_2014,1
-3.7099457,1.952133334,CCCCCCCCCCCCCCOC(=O)CCN(CCO)CCN(CCC(=O)OCCCCCCCCCCCCCC)CCC(=O)OCCCCCCCCCCCCCC,KW_2014,KW_2014,2
-1.3738236,0.302695801,CCCCCCCCCCCCCCOC(=O)CCN(CCO)CCN(CCO)CCC(=O)OCCCCCCCCCCCCCC,KW_2014,KW_2014,1
-1.3738236,-0.209864423,CCCCCCCCCCCCCCOC(=O)CCN(CCO)CCN(CCO)CCC(=O)OCCCCCCCCCCCCCC,KW_2014,KW_2014,0
-4.3296504,-0.309027931,CCCCCCCCCCCCCCOC(=O)CCN(CCOC)CCC(=O)OCCCCCCCCCCCCCC,KW_2014,KW_2014,0
-2.895661,-0.383287769,CCCCCCCCCCCCCCOC(=O)CCN(CCOCC)CCC(=O)OCCCCCCCCCCCCCC,KW_2014,KW_2014,0
-3.949325,-0.103089831,CCCCCCCCCCCCCCOC(=O)CCN(CCOCCN1CCCC1)CCC(=O)OCCCCCCCCCCCCCC,KW_2014,KW_2014,1
-3.4091866,0.56762071,CCCCCCCCCCCCCCOC(=O)CCN(CCOCCO)CCC(=O)OCCCCCCCCCCCCCC,KW_2014,KW_2014,1
-3.4091866,0.99766394,CCCCCCCCCCCCCCOC(=O)CCN(CCOCCO)CCC(=O)OCCCCCCCCCCCCCC,KW_2014,KW_2014,2
-3.266441,-0.163444604,CCCCCCCCCCCCCCOC(=O)CCN(CCOCCOCCN(CCC(=O)OCCCCCCCCCCCCCC)CCC(=O)OCCCCCCCCCCCCCC)CCC(=O)OCCCCCCCCCCCCCC,KW_2014,KW_2014,1
-3.0638864,-0.20950472,CCCCCCCCCCCCCCOC(=O)CCN(CCOCCOCCOCCN(CCC(=O)OCCCCCCCCCCCCCC)CCC(=O)OCCCCCCCCCCCCCC)CCC(=O)OCCCCCCCCCCCCCC,KW_2014,KW_2014,1
-2.812071,0.530174434,CCCCCCCCCCCCCCOC(=O)CCN1C(C)N(CCC(=O)OCCCCCCCCCCCCCC)C(C)N(CCC(=O)OCCCCCCCCCCCCCC)C1C,KW_2014,KW_2014,1
-4.499408,0.573889203,CCCCCCCCCCCCCCOC(=O)CCN1CC[C@@H](N(CCC(=O)OCCCCCCCCCCCCCC)CCC(=O)OCCCCCCCCCCCCCC)C1,KW_2014,KW_2014,1
-5.166321,0.379157774,CCCCCCCCCCCCCCOC(=O)CCN1CCC(N(CCC(=O)OCCCCCCCCCCCCCC)CCC(=O)OCCCCCCCCCCCCCC)CC1,KW_2014,KW_2014,1
-1.8266765,0.07668945,CCCCCCCCCCCCCCOC(=O)CCN1CCCCN(C)CCN(CCC(=O)OCCCCCCCCCCCCCC)CCCN(C)CC1,KW_2014,KW_2014,1
-3.3955564,0.110987832,CCCCCCCCCCCCCCOC(=O)CCN1CCCN(CCC(=O)OCCCCCCCCCCCCCC)CCCN(CCC(=O)OCCCCCCCCCCCCCC)CCC1,KW_2014,KW_2014,1
-4.2258277,0.026122039,CCCCCCCCCCCCCCOC(=O)CCN1CCCN(CCC(=O)OCCCCCCCCCCCCCC)CCCN(CCC(=O)OCCCCCCCCCCCCCC)CCN(CCC(=O)OCCCCCCCCCCCCCC)CCC1,KW_2014,KW_2014,1
-3.4116728,-0.321997124,CCCCCCCCCCCCCCOC(=O)CCN1CCCN(CCC(=O)OCCCCCCCCCCCCCC)CCN(CCC(=O)OCCCCCCCCCCCCCC)CCCN(CCC(=O)OCCCCCCCCCCCCCC)CC1,KW_2014,KW_2014,0
-3.5859764,0.044200887,CCCCCCCCCCCCCCOC(=O)CCN1CCCN(CCC(=O)OCCCCCCCCCCCCCC)CCN(CCC(=O)OCCCCCCCCCCCCCC)CCN(CCC(=O)OCCCCCCCCCCCCCC)CC1,KW_2014,KW_2014,1
-4.5697503,-0.153561899,CCCCCCCCCCCCCCOC(=O)CCN1CCN(CCC(=O)OCCCCCCCCCCCCCC)[C@H](C)C1,KW_2014,KW_2014,1
-4.536971,-0.161640301,CCCCCCCCCCCCCCOC(=O)CCN1CCN(CCC(=O)OCCCCCCCCCCCCCC)C(c2ccccc2)C1,KW_2014,KW_2014,1
-2.756029,1.428267232,CCCCCCCCCCCCCCOC(=O)CCN1CCN(CCC(=O)OCCCCCCCCCCCCCC)C2C1N(CCC(=O)OCCCCCCCCCCCCCC)CCN2CCC(=O)OCCCCCCCCCCCCCC,KW_2014,KW_2014,2
-5.681628,-0.108629032,CCCCCCCCCCCCCCOC(=O)CCN1CCN(CCC(=O)OCCCCCCCCCCCCCC)CC1,KW_2014,KW_2014,1
-2.8268003,-0.355674629,CCCCCCCCCCCCCCOC(=O)CCN1CCN(CCC(=O)OCCCCCCCCCCCCCC)CCN(CCC(=O)OCCCCCCCCCCCCCC)CCN(CCC(=O)OCCCCCCCCCCCCCC)CC1,KW_2014,KW_2014,0
-3.7283604,-0.306936889,CCCCCCCCCCCCCCOC(=O)CCN1CCOCCN(CCC(=O)OCCCCCCCCCCCCCC)CCN(CCC(=O)OCCCCCCCCCCCCCC)CC1,KW_2014,KW_2014,0
-4.446428,-0.902994601,CCCCCCCCCCCCCOC(=O)CCN(C)c1ccc(Cc2ccc(N(CCC(=O)OCCCCCCCCCCCCC)CCC(=O)OCCCCCCCCCCCCC)cc2)cc1,KW_2014,KW_2014,0
-4.507499,-0.778464033,CCCCCCCCCCCCCOC(=O)CCN(C)c1ccccc1N(CCC(=O)OCCCCCCCCCCCCC)CCC(=O)OCCCCCCCCCCCCC,KW_2014,KW_2014,0
-4.403777,-0.515221916,CCCCCCCCCCCCCOC(=O)CCN(C)CCCCCCN(C)CCC(=O)OCCCCCCCCCCCCC,KW_2014,KW_2014,0
-3.027307,2.269460919,CCCCCCCCCCCCCOC(=O)CCN(C)CCCN(CC)CCCN(C)CCC(=O)OCCCCCCCCCCCCC,KW_2014,KW_2014,2
-3.376856,1.600501004,CCCCCCCCCCCCCOC(=O)CCN(C)CCCN(CCC(=O)OCCCCCCCCCCCCC)CCC(=O)OCCCCCCCCCCCCC,KW_2014,KW_2014,2
-5.070744,-0.101306532,CCCCCCCCCCCCCOC(=O)CCN(C)CCN(C)CCC(=O)OCCCCCCCCCCCCC,KW_2014,KW_2014,1
-2.7434065,0.475829079,CCCCCCCCCCCCCOC(=O)CCN(C)CCN(CCC(=O)OCCCCCCCCCCCCC)CCC(=O)OCCCCCCCCCCCCC,KW_2014,KW_2014,1
-2.8030257,4.207604886,CCCCCCCCCCCCCOC(=O)CCN(C)CCN(CCN(C)CCC(=O)OCCCCCCCCCCCCC)CCN(C)CCC(=O)OCCCCCCCCCCCCC,KW_2014,KW_2014,3
-4.2802215,-0.011999566,CCCCCCCCCCCCCOC(=O)CCN(C)CCOCCN(C)CCC(=O)OCCCCCCCCCCCCC,KW_2014,KW_2014,1
-4.088096,-0.457811661,CCCCCCCCCCCCCOC(=O)CCN(C)CCOCCOCCN(C)CCC(=O)OCCCCCCCCCCCCC,KW_2014,KW_2014,0
-4.088096,-0.582243433,CCCCCCCCCCCCCOC(=O)CCN(C)CCOCCOCCN(C)CCC(=O)OCCCCCCCCCCCCC,KW_2014,KW_2014,0
-3.3409183,-0.222358772,CCCCCCCCCCCCCOC(=O)CCN(c1ccccc1)c1ccc(-c2ccc(N(CCC(=O)OCCCCCCCCCCCCC)c3ccccc3)cc2)cc1,KW_2014,KW_2014,0
-3.7087126,2.708800522,CCCCCCCCCCCCCOC(=O)CCN(CC(C)N(CCC(=O)OCCCCCCCCCCCCC)CCC(=O)OCCCCCCCCCCCCC)CC(C)N(CCC(=O)OCCCCCCCCCCCCC)CCC(=O)OCCCCCCCCCCCCC,KW_2014,KW_2014,2
-4.011551,0.888044856,CCCCCCCCCCCCCOC(=O)CCN(CC)CCCN(CC)CCC(=O)OCCCCCCCCCCCCC,KW_2014,KW_2014,1
-5.0977874,0.235026805,CCCCCCCCCCCCCOC(=O)CCN(CC)CCN(CC)CCC(=O)OCCCCCCCCCCCCC,KW_2014,KW_2014,1
-3.2801604,0.479320366,CCCCCCCCCCCCCOC(=O)CCN(CC)CCN(CCC(=O)OCCCCCCCCCCCCC)CCC(=O)OCCCCCCCCCCCCC,KW_2014,KW_2014,1
-5.470036,-0.121789896,CCCCCCCCCCCCCOC(=O)CCN(CCC(=O)OCCCCCCCCCCCCC)[C@H](c1ccccc1)[C@H](c1ccccc1)N(CCC(=O)OCCCCCCCCCCCCC)CCC(=O)OCCCCCCCCCCCCC,KW_2014,KW_2014,1
-4.9385004,-0.108692245,CCCCCCCCCCCCCOC(=O)CCN(CCC(=O)OCCCCCCCCCCCCC)[C@@H](CO)CC(C)C,KW_2014,KW_2014,1
-4.9385004,0.151539555,CCCCCCCCCCCCCOC(=O)CCN(CCC(=O)OCCCCCCCCCCCCC)[C@@H](CO)CC(C)C,KW_2014,KW_2014,1
-4.5703406,0.697394955,CCCCCCCCCCCCCOC(=O)CCN(CCC(=O)OCCCCCCCCCCCCC)[C@@H]1CCCC[C@H]1N(CCC(=O)OCCCCCCCCCCCCC)CCC(=O)OCCCCCCCCCCCCC,KW_2014,KW_2014,1
-4.20779,0.34809963,CCCCCCCCCCCCCOC(=O)CCN(CCC(=O)OCCCCCCCCCCCCC)[C@H]1CC[C@H](N(CCC(=O)OCCCCCCCCCCCCC)CCC(=O)OCCCCCCCCCCCCC)CC1,KW_2014,KW_2014,1
-4.5703406,1.126211799,CCCCCCCCCCCCCOC(=O)CCN(CCC(=O)OCCCCCCCCCCCCC)[C@@H]1CCCC[C@@H]1N(CCC(=O)OCCCCCCCCCCCCC)CCC(=O)OCCCCCCCCCCCCC,KW_2014,KW_2014,2
-4.05974,-0.040025417,CCCCCCCCCCCCCOC(=O)CCN(CCC(=O)OCCCCCCCCCCCCC)C(=O)C1CCCN1C,KW_2014,KW_2014,1
-5.0725284,-1.124315988,CCCCCCCCCCCCCOC(=O)CCN(CCC(=O)OCCCCCCCCCCCCC)C(C)(C)C,KW_2014,KW_2014,0
-4.7060766,-0.483010456,CCCCCCCCCCCCCOC(=O)CCN(CCC(=O)OCCCCCCCCCCCCC)C(C)(C)CC,KW_2014,KW_2014,0
-4.4483185,-0.731561868,CCCCCCCCCCCCCOC(=O)CCN(CCC(=O)OCCCCCCCCCCCCC)C(C)(C)CC(C)(C)C,KW_2014,KW_2014,0
-5.089474,-0.32314694,CCCCCCCCCCCCCOC(=O)CCN(CCC(=O)OCCCCCCCCCCCCC)C(C)(CO)CO,KW_2014,KW_2014,0
-4.98248,-0.104525426,CCCCCCCCCCCCCOC(=O)CCN(CCC(=O)OCCCCCCCCCCCCC)C(C)C,KW_2014,KW_2014,1
-5.2130675,-0.554219878,CCCCCCCCCCCCCOC(=O)CCN(CCC(=O)OCCCCCCCCCCCCC)C(C)C(C)C,KW_2014,KW_2014,0
-5.581892,-0.477819305,CCCCCCCCCCCCCOC(=O)CCN(CCC(=O)OCCCCCCCCCCCCC)C(C)c1ccc(C)cc1,KW_2014,KW_2014,0
-4.9023213,-0.517664772,CCCCCCCCCCCCCOC(=O)CCN(CCC(=O)OCCCCCCCCCCCCC)C(C)CC,KW_2014,KW_2014,0
-4.6779733,-0.476467961,CCCCCCCCCCCCCOC(=O)CCN(CCC(=O)OCCCCCCCCCCCCC)C(C)CCC,KW_2014,KW_2014,0
-5.39346,-0.22887532,CCCCCCCCCCCCCOC(=O)CCN(CCC(=O)OCCCCCCCCCCCCC)C(C)CO,KW_2014,KW_2014,0
-4.48406,-0.493404239,CCCCCCCCCCCCCOC(=O)CCN(CCC(=O)OCCCCCCCCCCCCC)C(c1ccccc1)(c1ccccc1)c1ccccc1,KW_2014,KW_2014,0
-5.1447687,-0.342227681,CCCCCCCCCCCCCOC(=O)CCN(CCC(=O)OCCCCCCCCCCCCC)C(c1ccccc1)c1ccccc1,KW_2014,KW_2014,0
-4.963298,-0.284933659,CCCCCCCCCCCCCOC(=O)CCN(CCC(=O)OCCCCCCCCCCCCC)C(CC)CC,KW_2014,KW_2014,0
-3.2394238,-0.093256814,CCCCCCCCCCCCCOC(=O)CCN(CCC(=O)OCCCCCCCCCCCCC)C(CO)(CO)CO,KW_2014,KW_2014,1
-5.722955,-0.487664094,CCCCCCCCCCCCCOC(=O)CCN(CCC(=O)OCCCCCCCCCCCCC)C(CO)C(C)(C)C,KW_2014,KW_2014,0
-3.425171,-0.549691926,CCCCCCCCCCCCCOC(=O)CCN(CCC(=O)OCCCCCCCCCCCCC)C[C@@H](C)O,KW_2014,KW_2014,0
-3.6444538,0.008903547,CCCCCCCCCCCCCOC(=O)CCN(CCC(=O)OCCCCCCCCCCCCC)C[C@@H]1CCCN1CC,KW_2014,KW_2014,1
-3.6444538,0.557472179,CCCCCCCCCCCCCOC(=O)CCN(CCC(=O)OCCCCCCCCCCCCC)C[C@H]1CCCN1CC,KW_2014,KW_2014,1
-3.671918,-0.196283751,CCCCCCCCCCCCCOC(=O)CCN(CCC(=O)OCCCCCCCCCCCCC)C12C[C@H]3C[C@@H](C1)C[C@@H](C2)C3,KW_2014,KW_2014,1
-4.625502,-0.446255152,CCCCCCCCCCCCCOC(=O)CCN(CCC(=O)OCCCCCCCCCCCCC)c1c(-c2ccccc2)cc(-c2ccccc2)cc1-c1ccccc1,KW_2014,KW_2014,0
-5.1813726,-0.767050658,CCCCCCCCCCCCCOC(=O)CCN(CCC(=O)OCCCCCCCCCCCCC)c1c(C)c(C)c(N(CCC(=O)OCCCCCCCCCCCCC)CCC(=O)OCCCCCCCCCCCCC)c(C)c1C,KW_2014,KW_2014,0
-3.8746932,0.250567532,CCCCCCCCCCCCCOC(=O)CCN(CCC(=O)OCCCCCCCCCCCCC)c1c(C)cc(-c2cc(C)c(N(CCC(=O)OCCCCCCCCCCCCC)CCC(=O)OCCCCCCCCCCCCC)c(C)c2)cc1C,KW_2014,KW_2014,1
-5.147005,-0.178327242,CCCCCCCCCCCCCOC(=O)CCN(CCC(=O)OCCCCCCCCCCCCC)c1c(CC)cccc1CC,KW_2014,KW_2014,1
-4.207162,-0.431661245,CCCCCCCCCCCCCOC(=O)CCN(CCC(=O)OCCCCCCCCCCCCC)c1c(F)cc(F)cc1F,KW_2014,KW_2014,0
-4.8123436,0.247230132,CCCCCCCCCCCCCOC(=O)CCN(CCC(=O)OCCCCCCCCCCCCC)c1c(N(CCC(=O)OCCCCCCCCCCCCC)CCC(=O)OCCCCCCCCCCCCC)c2ccccc2c2ccccc12,KW_2014,KW_2014,1
-4.155217,-1.086068161,CCCCCCCCCCCCCOC(=O)CCN(CCC(=O)OCCCCCCCCCCCCC)c1cc(C(C)(C)C)ccc1C(C)(C)C,KW_2014,KW_2014,0
-4.7456293,-0.726722416,CCCCCCCCCCCCCOC(=O)CCN(CCC(=O)OCCCCCCCCCCCCC)c1cc(C(C)(C)C)ccc1OC,KW_2014,KW_2014,0
-4.803548,-1.277147572,CCCCCCCCCCCCCOC(=O)CCN(CCC(=O)OCCCCCCCCCCCCC)c1cc(C)c(C)cc1N(CCC(=O)OCCCCCCCCCCCCC)CCC(=O)OCCCCCCCCCCCCC,KW_2014,KW_2014,0
-4.76634,-0.646462248,CCCCCCCCCCCCCOC(=O)CCN(CCC(=O)OCCCCCCCCCCCCC)c1cc(F)c(F)c(F)c1,KW_2014,KW_2014,0
-4.515871,0.18700761,CCCCCCCCCCCCCOC(=O)CCN(CCC(=O)OCCCCCCCCCCCCC)c1cc(F)cc(F)c1,KW_2014,KW_2014,1
-5.027655,-0.284791217,CCCCCCCCCCCCCOC(=O)CCN(CCC(=O)OCCCCCCCCCCCCC)c1cc(F)ccc1F,KW_2014,KW_2014,0
-5.08053,-1.100412523,CCCCCCCCCCCCCOC(=O)CCN(CCC(=O)OCCCCCCCCCCCCC)c1cc(OC)ccc1OC,KW_2014,KW_2014,0
-5.648206,-0.156086334,CCCCCCCCCCCCCOC(=O)CCN(CCC(=O)OCCCCCCCCCCCCC)C1CC1,KW_2014,KW_2014,1
-4.8933306,-0.327149508,CCCCCCCCCCCCCOC(=O)CCN(CCC(=O)OCCCCCCCCCCCCC)C1CC2CCC1C2,KW_2014,KW_2014,0
-5.6367445,0.890915802,CCCCCCCCCCCCCOC(=O)CCN(CCC(=O)OCCCCCCCCCCCCC)C1Cc2ccccc2C1,KW_2014,KW_2014,1
-4.5599113,-0.398386516,CCCCCCCCCCCCCOC(=O)CCN(CCC(=O)OCCCCCCCCCCCCC)c1ccc(-c2ccc(N(CCC(=O)OCCCCCCCCCCCCC)CCC(=O)OCCCCCCCCCCCCC)c(C)c2)cc1C,KW_2014,KW_2014,0
-5.5133705,-1.277147572,CCCCCCCCCCCCCOC(=O)CCN(CCC(=O)OCCCCCCCCCCCCC)c1ccc(-c2ccc(N(CCC(=O)OCCCCCCCCCCCCC)CCC(=O)OCCCCCCCCCCCCC)c(N(CCC(=O)OCCCCCCCCCCCCC)CCC(=O)OCCCCCCCCCCCCC)c2)cc1N(CCC(=O)OCCCCCCCCCCCCC)CCC(=O)OCCCCCCCCCCCCC,KW_2014,KW_2014,0
-5.255017,-1.277147572,CCCCCCCCCCCCCOC(=O)CCN(CCC(=O)OCCCCCCCCCCCCC)c1ccc(-c2ccccc2)cc1,KW_2014,KW_2014,0
-4.6700215,-0.391319346,CCCCCCCCCCCCCOC(=O)CCN(CCC(=O)OCCCCCCCCCCCCC)c1ccc(C(C)(C)C)cc1,KW_2014,KW_2014,0
-4.5709977,0.105438058,CCCCCCCCCCCCCOC(=O)CCN(CCC(=O)OCCCCCCCCCCCCC)c1ccc(C(C)C)cc1,KW_2014,KW_2014,1
-4.85729,-0.570096209,CCCCCCCCCCCCCOC(=O)CCN(CCC(=O)OCCCCCCCCCCCCC)c1ccc(C)c(F)c1,KW_2014,KW_2014,0
-5.195214,-0.343864745,CCCCCCCCCCCCCOC(=O)CCN(CCC(=O)OCCCCCCCCCCCCC)c1ccc(C)c(N(CCC(=O)OCCCCCCCCCCCCC)CCC(=O)OCCCCCCCCCCCCC)c1,KW_2014,KW_2014,0
-5.4362473,-0.121592608,CCCCCCCCCCCCCOC(=O)CCN(CCC(=O)OCCCCCCCCCCCCC)c1ccc(C)cc1N(CCC(=O)OCCCCCCCCCCCCC)CCC(=O)OCCCCCCCCCCCCC,KW_2014,KW_2014,1
-4.3273535,0.264843999,CCCCCCCCCCCCCOC(=O)CCN(CCC(=O)OCCCCCCCCCCCCC)c1ccc(C2(c3ccc(N(CCC(=O)OCCCCCCCCCCCCC)CCC(=O)OCCCCCCCCCCCCC)cc3)c3ccccc3-c3ccccc32)cc1,KW_2014,KW_2014,1
-3.9658844,-0.084846553,CCCCCCCCCCCCCOC(=O)CCN(CCC(=O)OCCCCCCCCCCCCC)C1CCC(CC2CCC(N(CCC(=O)OCCCCCCCCCCCCC)CCC(=O)OCCCCCCCCCCCCC)C(C)C2)CC1C,KW_2014,KW_2014,1
-5.4173098,-0.543078078,CCCCCCCCCCCCCOC(=O)CCN(CCC(=O)OCCCCCCCCCCCCC)c1ccc(Cc2ccc(N(CCC(=O)OCCCCCCCCCCCCC)CCC(=O)OCCCCCCCCCCCCC)cc2)cc1,KW_2014,KW_2014,0
-5.149805,-0.628210073,CCCCCCCCCCCCCOC(=O)CCN(CCC(=O)OCCCCCCCCCCCCC)c1ccc(F)c(F)c1,KW_2014,KW_2014,0
-5.145273,-0.165058011,CCCCCCCCCCCCCOC(=O)CCN(CCC(=O)OCCCCCCCCCCCCC)c1ccc(F)cc1,KW_2014,KW_2014,1
-4.9906597,0.066935425,CCCCCCCCCCCCCOC(=O)CCN(CCC(=O)OCCCCCCCCCCCCC)c1ccc(F)cc1C(F)(F)F,KW_2014,KW_2014,1
-5.2685146,-0.141581032,CCCCCCCCCCCCCOC(=O)CCN(CCC(=O)OCCCCCCCCCCCCC)c1ccc(N(CCC(=O)OCCCCCCCCCCCCC)c2ccccc2)cc1,KW_2014,KW_2014,1
-5.173573,-0.365336549,CCCCCCCCCCCCCOC(=O)CCN(CCC(=O)OCCCCCCCCCCCCC)c1ccc(N(CCC(=O)OCCCCCCCCCCCCC)CCC(=O)OCCCCCCCCCCCCC)cc1,KW_2014,KW_2014,0
-4.9460196,-0.247296589,CCCCCCCCCCCCCOC(=O)CCN(CCC(=O)OCCCCCCCCCCCCC)c1ccc(OC(F)(F)F)cc1,KW_2014,KW_2014,0
-3.6754415,-1.210705916,CCCCCCCCCCCCCOC(=O)CCN(CCC(=O)OCCCCCCCCCCCCC)c1ccc(OC(F)F)cc1,KW_2014,KW_2014,0
-4.542907,-0.140592998,CCCCCCCCCCCCCOC(=O)CCN(CCC(=O)OCCCCCCCCCCCCC)c1ccc(OC)c(F)c1,KW_2014,KW_2014,1
-3.6594305,-0.755327894,CCCCCCCCCCCCCOC(=O)CCN(CCC(=O)OCCCCCCCCCCCCC)c1ccc(Oc2ccc(F)cc2)cc1,KW_2014,KW_2014,0
-4.8612337,0.025193532,CCCCCCCCCCCCCOC(=O)CCN(CCC(=O)OCCCCCCCCCCCCC)c1ccc(Oc2ccc(N(CCC(=O)OCCCCCCCCCCCCC)CCC(=O)OCCCCCCCCCCCCC)cc2)cc1,KW_2014,KW_2014,1
-4.307885,-0.406475288,CCCCCCCCCCCCCOC(=O)CCN(CCC(=O)OCCCCCCCCCCCCC)c1ccc(Oc2ccccc2)cc1,KW_2014,KW_2014,0
-4.7260113,-0.727015375,CCCCCCCCCCCCCOC(=O)CCN(CCC(=O)OCCCCCCCCCCCCC)c1ccc(OCCCCCCCC)cc1,KW_2014,KW_2014,0
-5.259007,-0.654064273,CCCCCCCCCCCCCOC(=O)CCN(CCC(=O)OCCCCCCCCCCCCC)C1CCC1,KW_2014,KW_2014,0
-4.922142,-1.277147572,CCCCCCCCCCCCCOC(=O)CCN(CCC(=O)OCCCCCCCCCCCCC)c1ccc2c(c1)Cc1cc(N(CCC(=O)OCCCCCCCCCCCCC)CCC(=O)OCCCCCCCCCCCCC)ccc1-2,KW_2014,KW_2014,0
-5.6084056,-0.511221889,CCCCCCCCCCCCCOC(=O)CCN(CCC(=O)OCCCCCCCCCCCCC)c1ccc2c(c1)CCCC2,KW_2014,KW_2014,0
-5.2179112,0.14955756,CCCCCCCCCCCCCOC(=O)CCN(CCC(=O)OCCCCCCCCCCCCC)c1ccc2c(c1)OCCO2,KW_2014,KW_2014,1
-5.3423777,-1.24795971,CCCCCCCCCCCCCOC(=O)CCN(CCC(=O)OCCCCCCCCCCCCC)c1ccc2c(c1)OCO2,KW_2014,KW_2014,0
-4.7143173,-1.277147572,CCCCCCCCCCCCCOC(=O)CCN(CCC(=O)OCCCCCCCCCCCCC)c1ccc2cc3ccccc3cc2c1,KW_2014,KW_2014,0
-5.30163,0.838598588,CCCCCCCCCCCCCOC(=O)CCN(CCC(=O)OCCCCCCCCCCCCC)C1CCc2ccccc21,KW_2014,KW_2014,1
-5.076191,-0.451112619,CCCCCCCCCCCCCOC(=O)CCN(CCC(=O)OCCCCCCCCCCCCC)c1ccc2ccccc2c1-c1c(N(CCC(=O)OCCCCCCCCCCCCC)CCC(=O)OCCCCCCCCCCCCC)ccc2ccccc12,KW_2014,KW_2014,0
-5.273965,-0.263705825,CCCCCCCCCCCCCOC(=O)CCN(CCC(=O)OCCCCCCCCCCCCC)c1cccc(-c2ccccc2)c1,KW_2014,KW_2014,0
-4.783744,-0.179994893,CCCCCCCCCCCCCOC(=O)CCN(CCC(=O)OCCCCCCCCCCCCC)c1cccc(C(F)(F)F)c1,KW_2014,KW_2014,1
-5.3275733,-0.735675129,CCCCCCCCCCCCCOC(=O)CCN(CCC(=O)OCCCCCCCCCCCCC)c1cccc(C)c1N(CCC(=O)OCCCCCCCCCCCCC)CCC(=O)OCCCCCCCCCCCCC,KW_2014,KW_2014,0
-4.5916576,-1.277147572,CCCCCCCCCCCCCOC(=O)CCN(CCC(=O)OCCCCCCCCCCCCC)c1cccc(F)c1,KW_2014,KW_2014,0
-4.2792506,0.796963828,CCCCCCCCCCCCCOC(=O)CCN(CCC(=O)OCCCCCCCCCCCCC)C1CCCC(N(CCC(=O)OCCCCCCCCCCCCC)CCC(=O)OCCCCCCCCCCCCC)C1,KW_2014,KW_2014,1
-5.141067,0.071910772,CCCCCCCCCCCCCOC(=O)CCN(CCC(=O)OCCCCCCCCCCCCC)c1cccc(N(CCC(=O)OCCCCCCCCCCCCC)CCC(=O)OCCCCCCCCCCCCC)c1,KW_2014,KW_2014,1
-5.1900163,-0.569072461,CCCCCCCCCCCCCOC(=O)CCN(CCC(=O)OCCCCCCCCCCCCC)c1cccc(N(CCC(=O)OCCCCCCCCCCCCC)CCC(=O)OCCCCCCCCCCCCC)c1C,KW_2014,KW_2014,0
-4.9967575,0.015122174,CCCCCCCCCCCCCOC(=O)CCN(CCC(=O)OCCCCCCCCCCCCC)c1cccc(OC(C)C)c1,KW_2014,KW_2014,1
-4.413841,-0.650636706,CCCCCCCCCCCCCOC(=O)CCN(CCC(=O)OCCCCCCCCCCCCC)c1cccc(OCc2ccccc2)c1,KW_2014,KW_2014,0
-5.403647,-0.401228379,CCCCCCCCCCCCCOC(=O)CCN(CCC(=O)OCCCCCCCCCCCCC)c1cccc2c1CCC2,KW_2014,KW_2014,0
-5.3953004,-0.195264314,CCCCCCCCCCCCCOC(=O)CCN(CCC(=O)OCCCCCCCCCCCCC)c1cccc2cccc(N(CCC(=O)OCCCCCCCCCCCCC)CCC(=O)OCCCCCCCCCCCCC)c12,KW_2014,KW_2014,1
-4.560321,-0.313012346,CCCCCCCCCCCCCOC(=O)CCN(CCC(=O)OCCCCCCCCCCCCC)C1CCCCC1,KW_2014,KW_2014,0
-5.38881,-0.757114182,CCCCCCCCCCCCCOC(=O)CCN(CCC(=O)OCCCCCCCCCCCCC)c1ccccc1C(C)(C)C,KW_2014,KW_2014,0
-5.385621,-0.705888866,CCCCCCCCCCCCCOC(=O)CCN(CCC(=O)OCCCCCCCCCCCCC)c1ccccc1C(C)C,KW_2014,KW_2014,0
-4.654157,-0.140298309,CCCCCCCCCCCCCOC(=O)CCN(CCC(=O)OCCCCCCCCCCCCC)c1ccccc1Cc1ccccc1,KW_2014,KW_2014,1
-4.8477564,-0.710173111,CCCCCCCCCCCCCOC(=O)CCN(CCC(=O)OCCCCCCCCCCCCC)c1ccccc1N(CCC(=O)OCCCCCCCCCCCCC)c1ccccc1,KW_2014,KW_2014,0
-5.3895836,-0.346069928,CCCCCCCCCCCCCOC(=O)CCN(CCC(=O)OCCCCCCCCCCCCC)c1ccccc1OC,KW_2014,KW_2014,0
-4.701836,-1.086365027,CCCCCCCCCCCCCOC(=O)CCN(CCC(=O)OCCCCCCCCCCCCC)c1ccccc1Oc1ccccc1,KW_2014,KW_2014,0
-4.843628,-1.277147572,CCCCCCCCCCCCCOC(=O)CCN(CCC(=O)OCCCCCCCCCCCCC)c1ccccc1OCC,KW_2014,KW_2014,0
-4.8523235,-0.277349745,CCCCCCCCCCCCCOC(=O)CCN(CCC(=O)OCCCCCCCCCCCCC)C1CCCCCCC1,KW_2014,KW_2014,0
-5.420682,-1.277147572,CCCCCCCCCCCCCOC(=O)CCN(CCC(=O)OCCCCCCCCCCCCC)C1CCN(C)CC1,KW_2014,KW_2014,0
-3.9605215,0.320816715,CCCCCCCCCCCCCOC(=O)CCN(CCC(=O)OCCCCCCCCCCCCC)c1nc(N(CCC(=O)OCCCCCCCCCCCCC)CCC(=O)OCCCCCCCCCCCCC)nc(N(CCC(=O)OCCCCCCCCCCCCC)CCC(=O)OCCCCCCCCCCCCC)n1,KW_2014,KW_2014,1
-3.65752,-0.499246216,CCCCCCCCCCCCCOC(=O)CCN(CCC(=O)OCCCCCCCCCCCCC)CC(=O)N(C)c1ccccc1,KW_2014,KW_2014,0
-4.707744,-0.023638633,CCCCCCCCCCCCCOC(=O)CCN(CCC(=O)OCCCCCCCCCCCCC)CC(C)(C)CN(C)C,KW_2014,KW_2014,1
-6.1562524,0.232741766,CCCCCCCCCCCCCOC(=O)CCN(CCC(=O)OCCCCCCCCCCCCC)CC(C)(C)CO,KW_2014,KW_2014,1
-5.4121118,-0.256715452,CCCCCCCCCCCCCOC(=O)CCN(CCC(=O)OCCCCCCCCCCCCC)CC(C)C,KW_2014,KW_2014,0
-5.850566,-0.120846952,CCCCCCCCCCCCCOC(=O)CCN(CCC(=O)OCCCCCCCCCCCCC)CC(C)CC,KW_2014,KW_2014,1
-2.5563025,1.79964853,CCCCCCCCCCCCCOC(=O)CCN(CCC(=O)OCCCCCCCCCCCCC)CC(C)N(CCC(=O)OCCCCCCCCCCCCC)CCC(=O)OCCCCCCCCCCCCC,KW_2014,KW_2014,2
-5.1612525,-0.913530368,CCCCCCCCCCCCCOC(=O)CCN(CCC(=O)OCCCCCCCCCCCCC)CC(CC)CCCC,KW_2014,KW_2014,0
-3.995995,-0.294785151,CCCCCCCCCCCCCOC(=O)CCN(CCC(=O)OCCCCCCCCCCCCC)CC(OC)OC,KW_2014,KW_2014,0
-4.63601,-0.765382895,CCCCCCCCCCCCCOC(=O)CCN(CCC(=O)OCCCCCCCCCCCCC)CC[C@H](C)O,KW_2014,KW_2014,0
-4.380396,0.806173982,CCCCCCCCCCCCCOC(=O)CCN(CCC(=O)OCCCCCCCCCCCCC)CC1(C)CC(N(CCC(=O)OCCCCCCCCCCCCC)CCC(=O)OCCCCCCCCCCCCC)CC(C)(C)C1,KW_2014,KW_2014,1
-3.5114632,-0.523634944,CCCCCCCCCCCCCOC(=O)CCN(CCC(=O)OCCCCCCCCCCCCC)CC12C[C@H]3C[C@@H](C1)C[C@@H](C2)C3,KW_2014,KW_2014,0
-4.968918,-1.277147572,CCCCCCCCCCCCCOC(=O)CCN(CCC(=O)OCCCCCCCCCCCCC)Cc1cc(C)c(OC)c(OC)c1,KW_2014,KW_2014,0
-5.5851216,0.607836088,CCCCCCCCCCCCCOC(=O)CCN(CCC(=O)OCCCCCCCCCCCCC)Cc1cc(F)ccc1F,KW_2014,KW_2014,1
-4.8158474,-0.17337823,CCCCCCCCCCCCCOC(=O)CCN(CCC(=O)OCCCCCCCCCCCCC)CC1CCC(CN(CCC(=O)OCCCCCCCCCCCCC)CCC(=O)OCCCCCCCCCCCCC)CC1,KW_2014,KW_2014,1
-4.6650963,-0.447740715,CCCCCCCCCCCCCOC(=O)CCN(CCC(=O)OCCCCCCCCCCCCC)CC1CCCC(CN(CCC(=O)OCCCCCCCCCCCCC)CCC(=O)OCCCCCCCCCCCCC)C1,KW_2014,KW_2014,0
-4.037356,1.416640849,CCCCCCCCCCCCCOC(=O)CCN(CCC(=O)OCCCCCCCCCCCCC)Cc1cccc(CN(CCC(=O)OCCCCCCCCCCCCC)CCC(=O)OCCCCCCCCCCCCC)c1,KW_2014,KW_2014,2
-4.575091,-0.267228002,CCCCCCCCCCCCCOC(=O)CCN(CCC(=O)OCCCCCCCCCCCCC)Cc1cccc(F)c1,KW_2014,KW_2014,0
-3.6613102,-0.992985615,CCCCCCCCCCCCCOC(=O)CCN(CCC(=O)OCCCCCCCCCCCCC)Cc1cccc(N(CCC(=O)OCCCCCCCCCCCCC)CCC(=O)OCCCCCCCCCCCCC)c1,KW_2014,KW_2014,0
-5.778072,-0.499832332,CCCCCCCCCCCCCOC(=O)CCN(CCC(=O)OCCCCCCCCCCCCC)CC1CCCCC1,KW_2014,KW_2014,0
-5.632905,-1.107176029,CCCCCCCCCCCCCOC(=O)CCN(CCC(=O)OCCCCCCCCCCCCC)Cc1ccccc1F,KW_2014,KW_2014,0
-3.662681,-1.097195566,CCCCCCCCCCCCCOC(=O)CCN(CCC(=O)OCCCCCCCCCCCCC)Cc1ccccc1N(CCC(=O)OCCCCCCCCCCCCC)CCC(=O)OCCCCCCCCCCCCC,KW_2014,KW_2014,0
-5.7346454,-0.652075617,CCCCCCCCCCCCCOC(=O)CCN(CCC(=O)OCCCCCCCCCCCCC)Cc1ccccc1OC,KW_2014,KW_2014,0
-4.622746,-0.59062916,CCCCCCCCCCCCCOC(=O)CCN(CCC(=O)OCCCCCCCCCCCCC)Cc1ccccc1OCC,KW_2014,KW_2014,0
-4.3863688,2.370957328,CCCCCCCCCCCCCOC(=O)CCN(CCC(=O)OCCCCCCCCCCCCC)CC1CCCN1C,KW_2014,KW_2014,2
-4.111064,-0.526692379,CCCCCCCCCCCCCOC(=O)CCN(CCC(=O)OCCCCCCCCCCCCC)CC1CCCN1CCC(=O)OCCCCCCCCCCCCC,KW_2014,KW_2014,0
-4.682366,-0.145025082,CCCCCCCCCCCCCOC(=O)CCN(CCC(=O)OCCCCCCCCCCCCC)CC1CCCO1,KW_2014,KW_2014,1
-4.684099,0.317256325,CCCCCCCCCCCCCOC(=O)CCN(CCC(=O)OCCCCCCCCCCCCC)CC1CCN(C)CC1,KW_2014,KW_2014,1
-5.4680696,-0.200933417,CCCCCCCCCCCCCOC(=O)CCN(CCC(=O)OCCCCCCCCCCCCC)CC1COC(C)(C)O1,KW_2014,KW_2014,1
-4.6312613,-0.024826388,CCCCCCCCCCCCCOC(=O)CCN(CCC(=O)OCCCCCCCCCCCCC)Cc1nccn1C,KW_2014,KW_2014,1
-4.948455,0.829722457,CCCCCCCCCCCCCOC(=O)CCN(CCC(=O)OCCCCCCCCCCCCC)CCC(=O)N1CCN(CCC(=O)OCCCCCCCCCCCCC)CC1,KW_2014,KW_2014,1
-4.8256254,-0.268810209,CCCCCCCCCCCCCOC(=O)CCN(CCC(=O)OCCCCCCCCCCCCC)CCC(C)(C)C,KW_2014,KW_2014,0
-4.5806756,-0.670251025,CCCCCCCCCCCCCOC(=O)CCN(CCC(=O)OCCCCCCCCCCCCC)CCC(C)C,KW_2014,KW_2014,0
-5.5831547,0.294158143,CCCCCCCCCCCCCOC(=O)CCN(CCC(=O)OCCCCCCCCCCCCC)CCC(c1ccccc1)c1ccccc1,KW_2014,KW_2014,1
-4.5479016,0.2451831,CCCCCCCCCCCCCOC(=O)CCN(CCC(=O)OCCCCCCCCCCCCC)CCC1CCC(C)CC1,KW_2014,KW_2014,1
-4.5114493,-0.714129587,CCCCCCCCCCCCCOC(=O)CCN(CCC(=O)OCCCCCCCCCCCCC)CCC1CCC(CC)CC1,KW_2014,KW_2014,0
-3.531914,-0.044123119,CCCCCCCCCCCCCOC(=O)CCN(CCC(=O)OCCCCCCCCCCCCC)CCc1ccc(OC)c(OC)c1,KW_2014,KW_2014,1
-4.276486,-0.812808507,CCCCCCCCCCCCCOC(=O)CCN(CCC(=O)OCCCCCCCCCCCCC)CCc1ccc(OC)cc1,KW_2014,KW_2014,0
-4.8421893,-0.800152507,CCCCCCCCCCCCCOC(=O)CCN(CCC(=O)OCCCCCCCCCCCCC)CCc1ccccc1F,KW_2014,KW_2014,0
-5.077091,-0.186907485,CCCCCCCCCCCCCOC(=O)CCN(CCC(=O)OCCCCCCCCCCCCC)CCC1OCCO1,KW_2014,KW_2014,1
-3.9419832,-0.553910775,CCCCCCCCCCCCCOC(=O)CCN(CCC(=O)OCCCCCCCCCCCCC)CCN(C(C)C)C(C)C,KW_2014,KW_2014,0
-5.1613145,0.622580554,CCCCCCCCCCCCCOC(=O)CCN(CCC(=O)OCCCCCCCCCCCCC)CCN(C)C,KW_2014,KW_2014,1
-2.93703,4.289919611,CCCCCCCCCCCCCOC(=O)CCN(CCC(=O)OCCCCCCCCCCCCC)CCN(C)CCCN(C)CCN(CCC(=O)OCCCCCCCCCCCCC)CCC(=O)OCCCCCCCCCCCCC,KW_2014,KW_2014,3
3.115192,4.273788993,CCCCCCCCCCCCCOC(=O)CCN(CCC(=O)OCCCCCCCCCCCCC)CCN(C)CCN(C)CCN(CCC(=O)OCCCCCCCCCCCCC)CCC(=O)OCCCCCCCCCCCCC,KW_2014,KW_2014,3
-2.5027337,2.477401975,CCCCCCCCCCCCCOC(=O)CCN(CCC(=O)OCCCCCCCCCCCCC)CCN(C)CCN(CCC(=O)OCCCCCCCCCCCCC)CCC(=O)OCCCCCCCCCCCCC,KW_2014,KW_2014,2
-2.8186014,3.262449649,CCCCCCCCCCCCCOC(=O)CCN(CCC(=O)OCCCCCCCCCCCCC)CCN(CC)CCN(CC)CCN(CCC(=O)OCCCCCCCCCCCCC)CCC(=O)OCCCCCCCCCCCCC,KW_2014,KW_2014,2
-3.828397,-1.201295349,CCCCCCCCCCCCCOC(=O)CCN(CCC(=O)OCCCCCCCCCCCCC)CCN(CCC(=O)OCCCCCCCCCCCCC)C(C)C,KW_2014,KW_2014,0
-5.4290967,-0.592212404,CCCCCCCCCCCCCOC(=O)CCN(CCC(=O)OCCCCCCCCCCCCC)CCN(CCC(=O)OCCCCCCCCCCCCC)c1ccccc1,KW_2014,KW_2014,0
-3.9787085,-1.277147572,CCCCCCCCCCCCCOC(=O)CCN(CCC(=O)OCCCCCCCCCCCCC)CCN(CCC(=O)OCCCCCCCCCCCCC)Cc1ccccc1,KW_2014,KW_2014,0
-3.7221398,0.832649197,CCCCCCCCCCCCCOC(=O)CCN(CCC(=O)OCCCCCCCCCCCCC)CCN(CCC(=O)OCCCCCCCCCCCCC)CCC(=O)OCCCCCCCCCCCCC,KW_2014,KW_2014,1
-3.4746854,3.348577114,CCCCCCCCCCCCCOC(=O)CCN(CCC(=O)OCCCCCCCCCCCCC)CCN(CCC(=O)OCCCCCCCCCCCCC)CCN(CC)CC,KW_2014,KW_2014,2
-5.241838,0.789630062,CCCCCCCCCCCCCOC(=O)CCN(CCC(=O)OCCCCCCCCCCCCC)CCN(CCC(=O)OCCCCCCCCCCCCC)CCN(CCC(=O)OCCCCCCCCCCCCC)CCC(=O)OCCCCCCCCCCCCC,KW_2014,KW_2014,1
-5.7464204,1.306978828,CCCCCCCCCCCCCOC(=O)CCN(CCC(=O)OCCCCCCCCCCCCC)CCN(CCC(=O)OCCCCCCCCCCCCC)CCN(CCC(=O)OCCCCCCCCCCCCC)CCN(CCC(=O)OCCCCCCCCCCCCC)CCC(=O)OCCCCCCCCCCCCC,KW_2014,KW_2014,2
-6.1439734,1.798042273,CCCCCCCCCCCCCOC(=O)CCN(CCC(=O)OCCCCCCCCCCCCC)CCN(CCC(=O)OCCCCCCCCCCCCC)CCN(CCC(=O)OCCCCCCCCCCCCC)CCN(CCC(=O)OCCCCCCCCCCCCC)CCN(CCC(=O)OCCCCCCCCCCCCC)CCC(=O)OCCCCCCCCCCCCC,KW_2014,KW_2014,2
-5.817207,-0.951397358,CCCCCCCCCCCCCOC(=O)CCN(CCC(=O)OCCCCCCCCCCCCC)CCN(CCC(=O)OCCCCCCCCCCCCC)CCN(CCC(=O)OCCCCCCCCCCCCC)CCN(CCC(=O)OCCCCCCCCCCCCC)CCN(CCC(=O)OCCCCCCCCCCCCC)CCN(CCC(=O)OCCCCCCCCCCCCC)CCC(=O)OCCCCCCCCCCCCC,KW_2014,KW_2014,0
-2.6009438,1.524343548,CCCCCCCCCCCCCOC(=O)CCN(CCC(=O)OCCCCCCCCCCCCC)CCN(CCC(=O)OCCCCCCCCCCCCC)CCN1CCN(CCN(CCC(=O)OCCCCCCCCCCCCC)CCC(=O)OCCCCCCCCCCCCC)CC1,KW_2014,KW_2014,2
-3.940333,0.284421298,CCCCCCCCCCCCCOC(=O)CCN(CCC(=O)OCCCCCCCCCCCCC)CCN(CCCCCCCCCCCC)CCN(CCC(=O)OCCCCCCCCCCCCC)CCC(=O)OCCCCCCCCCCCCC,KW_2014,KW_2014,1
-5.324222,0.285732973,CCCCCCCCCCCCCOC(=O)CCN(CCC(=O)OCCCCCCCCCCCCC)CCN(CCN(CCC(=O)OCCCCCCCCCCCCC)CCC(=O)OCCCCCCCCCCCCC)CCN(CCC(=O)OCCCCCCCCCCCCC)CCC(=O)OCCCCCCCCCCCCC,KW_2014,KW_2014,1
-2.7444062,0.932923026,CCCCCCCCCCCCCOC(=O)CCN(CCC(=O)OCCCCCCCCCCCCC)CCN(CCO)CCO,KW_2014,KW_2014,1
-3.4577606,0.305237047,CCCCCCCCCCCCCOC(=O)CCN(CCC(=O)OCCCCCCCCCCCCC)CCN1CCCC1,KW_2014,KW_2014,1
-5.1224627,0.342332387,CCCCCCCCCCCCCOC(=O)CCN(CCC(=O)OCCCCCCCCCCCCC)CCN1CCCCC1,KW_2014,KW_2014,1
-3.8111482,0.397436355,CCCCCCCCCCCCCOC(=O)CCN(CCC(=O)OCCCCCCCCCCCCC)CCN1CCN(CCC(=O)OCCCCCCCCCCCCC)CC1,KW_2014,KW_2014,1
-2.0659528,4.135997405,CCCCCCCCCCCCCOC(=O)CCN(CCC(=O)OCCCCCCCCCCCCC)CCN1CCN(CCN(CCC(=O)OCCCCCCCCCCCCC)CCC(=O)OCCCCCCCCCCCCC)CC1,KW_2014,KW_2014,2
-6.268859,-0.160142173,CCCCCCCCCCCCCOC(=O)CCN(CCC(=O)OCCCCCCCCCCCCC)CCN1CCOCC1,KW_2014,KW_2014,1
-3.599279,0.146326756,CCCCCCCCCCCCCOC(=O)CCN(CCC(=O)OCCCCCCCCCCCCC)CN(CC)CCC,KW_2014,KW_2014,1
-5.0176363,0.13660566,CCCCCCCCCCCCCOC(=O)CCN(CCC)CCC(=O)OCCCCCCCCCCCCC,KW_2014,KW_2014,1
-3.5437174,-0.341011135,CCCCCCCCCCCCCOC(=O)CCN(CCC)CCCN(CCC(=O)OCCCCCCCCCCCCC)CCC(=O)OCCCCCCCCCCCCC,KW_2014,KW_2014,0
-5.3886476,-0.305398019,CCCCCCCCCCCCCOC(=O)CCN(CCCC)CCC(=O)OCCCCCCCCCCCCC,KW_2014,KW_2014,0
-5.5054274,-0.212261682,CCCCCCCCCCCCCOC(=O)CCN(CCCc1ccccc1)CCC(=O)OCCCCCCCCCCCCC,KW_2014,KW_2014,0
-5.277711,0.150399358,CCCCCCCCCCCCCOC(=O)CCN(CCCCC)CCC(=O)OCCCCCCCCCCCCC,KW_2014,KW_2014,1
-5.8085737,-0.889204225,CCCCCCCCCCCCCOC(=O)CCN(CCCCc1ccccc1)CCC(=O)OCCCCCCCCCCCCC,KW_2014,KW_2014,0
-5.2711535,0.26383055,CCCCCCCCCCCCCOC(=O)CCN(CCCCCC)CCC(=O)OCCCCCCCCCCCCC,KW_2014,KW_2014,1
-5.672013,0.132572136,CCCCCCCCCCCCCOC(=O)CCN(CCCCCCCCN(CCC(=O)OCCCCCCCCCCCCC)CCC(=O)OCCCCCCCCCCCCC)CCC(=O)OCCCCCCCCCCCCC,KW_2014,KW_2014,1
-4.249607,-0.041005,CCCCCCCCCCCCCOC(=O)CCN(CCCCCCN(CCC(=O)OCCCCCCCCCCCCC)CCC(=O)OCCCCCCCCCCCCC)CCCCCCN(CCC(=O)OCCCCCCCCCCCCC)CCC(=O)OCCCCCCCCCCCCC,KW_2014,KW_2014,1
-5.15161,1.76050571,CCCCCCCCCCCCCOC(=O)CCN(CCCCCCO)CCC(=O)OCCCCCCCCCCCCC,KW_2014,KW_2014,2
-5.0161552,0.601254467,CCCCCCCCCCCCCOC(=O)CCN(CCCCCO)CCC(=O)OCCCCCCCCCCCCC,KW_2014,KW_2014,1
-4.669202,0.452248348,CCCCCCCCCCCCCOC(=O)CCN(CCCCN(C)Cc1ccccc1)CCC(=O)OCCCCCCCCCCCCC,KW_2014,KW_2014,1
-5.224132,-0.056652789,CCCCCCCCCCCCCOC(=O)CCN(CCCCN1CCN(C)CC1)CCC(=O)OCCCCCCCCCCCCC,KW_2014,KW_2014,1
-4.8992114,0.818680562,CCCCCCCCCCCCCOC(=O)CCN(CCCCO)CCC(=O)OCCCCCCCCCCCCC,KW_2014,KW_2014,1
-3.8818638,-0.611434723,CCCCCCCCCCCCCOC(=O)CCN(CCCN(C)C)CCC(=O)OCCCCCCCCCCCCC,KW_2014,KW_2014,0
-3.8818638,0.749059233,CCCCCCCCCCCCCOC(=O)CCN(CCCN(C)C)CCC(=O)OCCCCCCCCCCCCC,KW_2014,KW_2014,1
-0.4408658,-0.613063146,CCCCCCCCCCCCCOC(=O)CCN(CCCN(C)C)CCCN(CCC(=O)OCCCCCCCCCCCCC)CCC(=O)OCCCCCCCCCCCCC,KW_2014,KW_2014,0
-1.9148581,4.064084644,CCCCCCCCCCCCCOC(=O)CCN(CCCN(C)CCCN(CCC(=O)OCCCCCCCCCCCCC)CCC(=O)OCCCCCCCCCCCCC)CCC(=O)OCCCCCCCCCCCCC,KW_2014,KW_2014,2
-3.1204627,0.822586027,CCCCCCCCCCCCCOC(=O)CCN(CCCN(CC)CC)CCC(=O)OCCCCCCCCCCCCC,KW_2014,KW_2014,1
-4.643127,1.344391196,CCCCCCCCCCCCCOC(=O)CCN(CCCN(CCC(=O)OCCCCCCCCCCCCC)CCC(=O)OCCCCCCCCCCCCC)CCC(=O)OCCCCCCCCCCCCC,KW_2014,KW_2014,2
-3.987008,1.419745192,CCCCCCCCCCCCCOC(=O)CCN(CCCN(CCC(=O)OCCCCCCCCCCCCC)CCC(=O)OCCCCCCCCCCCCC)CCCN(CCC(=O)OCCCCCCCCCCCCC)CCC(=O)OCCCCCCCCCCCCC,KW_2014,KW_2014,2
-5.0087247,1.010909127,CCCCCCCCCCCCCOC(=O)CCN(CCCN(CCC(=O)OCCCCCCCCCCCCC)CCN(CCC(=O)OCCCCCCCCCCCCC)CCC(=O)OCCCCCCCCCCCCC)CCC(=O)OCCCCCCCCCCCCC,KW_2014,KW_2014,2
-5.6611843,-0.322703082,CCCCCCCCCCCCCOC(=O)CCN(CCCN(CCC(=O)OCCCCCCCCCCCCC)CCN(CCC(=O)OCCCCCCCCCCCCC)CCC(=O)OCCCCCCCCCCCCC)CCN(CCC(=O)OCCCCCCCCCCCCC)CCC(=O)OCCCCCCCCCCCCC,KW_2014,KW_2014,0
-4.675609,-0.021647842,CCCCCCCCCCCCCOC(=O)CCN(CCCN(CCCN(CCC(=O)OCCCCCCCCCCCCC)CCC(=O)OCCCCCCCCCCCCC)CCC(=O)OCCCCCCCCCCCCC)CCCN(CCC(=O)OCCCCCCCCCCCCC)CCC(=O)OCCCCCCCCCCCCC,KW_2014,KW_2014,1
-4.711037,-0.487996156,CCCCCCCCCCCCCOC(=O)CCN(CCCN1CCN(C(C)C)CC1)CCC(=O)OCCCCCCCCCCCCC,KW_2014,KW_2014,0
-2.1628957,2.109176503,CCCCCCCCCCCCCOC(=O)CCN(CCCN1CCN(CCCN(CCC(=O)OCCCCCCCCCCCCC)CCC(=O)OCCCCCCCCCCCCC)CC1)CCC(=O)OCCCCCCCCCCCCC,KW_2014,KW_2014,2
-5.1042013,-0.102893753,CCCCCCCCCCCCCOC(=O)CCN(CCCn1ccnc1)CCC(=O)OCCCCCCCCCCCCC,KW_2014,KW_2014,1
-5.4938893,0.10504264,CCCCCCCCCCCCCOC(=O)CCN(CCCN1CCOCC1)CCC(=O)OCCCCCCCCCCCCC,KW_2014,KW_2014,1
-5.147025,0.728788375,CCCCCCCCCCCCCOC(=O)CCN(CCCO)CCC(=O)OCCCCCCCCCCCCC,KW_2014,KW_2014,1
-4.0364203,-0.780548015,CCCCCCCCCCCCCOC(=O)CCN(CCCOC(C)C)CCC(=O)OCCCCCCCCCCCCC,KW_2014,KW_2014,0
-4.978566,-0.234386869,CCCCCCCCCCCCCOC(=O)CCN(CCCOC)CCC(=O)OCCCCCCCCCCCCC,KW_2014,KW_2014,0
-4.978566,0.323161747,CCCCCCCCCCCCCOC(=O)CCN(CCCOC)CCC(=O)OCCCCCCCCCCCCC,KW_2014,KW_2014,1
-3.8609977,-0.088904592,CCCCCCCCCCCCCOC(=O)CCN(CCCOCCCCOCCCN(CCC(=O)OCCCCCCCCCCCCC)CCC(=O)OCCCCCCCCCCCCC)CCC(=O)OCCCCCCCCCCCCC,KW_2014,KW_2014,1
-3.4159868,-0.095178536,CCCCCCCCCCCCCOC(=O)CCN(CCCOCCOCCOCCCN(CCC(=O)OCCCCCCCCCCCCC)CCC(=O)OCCCCCCCCCCCCC)CCC(=O)OCCCCCCCCCCCCC,KW_2014,KW_2014,1
-4.3473825,-0.128441833,CCCCCCCCCCCCCOC(=O)CCN(CCN(CCC(=O)OCCCCCCCCCCCCC)C(C)(C)C)C(C)(C)C,KW_2014,KW_2014,1
-4.5647545,-0.613571392,CCCCCCCCCCCCCOC(=O)CCN(CCN(CCC(=O)OCCCCCCCCCCCCC)C(C)C)C(C)C,KW_2014,KW_2014,0
-4.255329,0.485979315,CCCCCCCCCCCCCOC(=O)CCN(CCO)CCC(=O)OCCCCCCCCCCCCC,KW_2014,KW_2014,1
-3.66018,2.208645799,CCCCCCCCCCCCCOC(=O)CCN(CCO)CCN(CCC(=O)OCCCCCCCCCCCCC)CCC(=O)OCCCCCCCCCCCCC,KW_2014,KW_2014,2
-1.438261,0.435134539,CCCCCCCCCCCCCOC(=O)CCN(CCO)CCN(CCO)CCC(=O)OCCCCCCCCCCCCC,KW_2014,KW_2014,1
-1.438261,-0.728528525,CCCCCCCCCCCCCOC(=O)CCN(CCO)CCN(CCO)CCC(=O)OCCCCCCCCCCCCC,KW_2014,KW_2014,0
-4.7180023,-0.118008733,CCCCCCCCCCCCCOC(=O)CCN(CCOC)CCC(=O)OCCCCCCCCCCCCC,KW_2014,KW_2014,1
-4.3844023,-0.446675717,CCCCCCCCCCCCCOC(=O)CCN(CCOCC)CCC(=O)OCCCCCCCCCCCCC,KW_2014,KW_2014,0
-3.885886,1.234598701,CCCCCCCCCCCCCOC(=O)CCN(CCOCCN1CCCC1)CCC(=O)OCCCCCCCCCCCCC,KW_2014,KW_2014,2
-3.9834528,0.715598076,CCCCCCCCCCCCCOC(=O)CCN(CCOCCO)CCC(=O)OCCCCCCCCCCCCC,KW_2014,KW_2014,1
-3.9834528,0.480249493,CCCCCCCCCCCCCOC(=O)CCN(CCOCCO)CCC(=O)OCCCCCCCCCCCCC,KW_2014,KW_2014,1
-2.7754226,-0.205147203,CCCCCCCCCCCCCOC(=O)CCN(CCOCCOCCN(CCC(=O)OCCCCCCCCCCCCC)CCC(=O)OCCCCCCCCCCCCC)CCC(=O)OCCCCCCCCCCCCC,KW_2014,KW_2014,1
-2.9925585,0.197354031,CCCCCCCCCCCCCOC(=O)CCN(CCOCCOCCOCCN(CCC(=O)OCCCCCCCCCCCCC)CCC(=O)OCCCCCCCCCCCCC)CCC(=O)OCCCCCCCCCCCCC,KW_2014,KW_2014,1
-2.931485,0.609141919,CCCCCCCCCCCCCOC(=O)CCN1C(C)N(CCC(=O)OCCCCCCCCCCCCC)C(C)N(CCC(=O)OCCCCCCCCCCCCC)C1C,KW_2014,KW_2014,1
-4.9224143,0.864518553,CCCCCCCCCCCCCOC(=O)CCN1CC[C@@H](N(CCC(=O)OCCCCCCCCCCCCC)CCC(=O)OCCCCCCCCCCCCC)C1,KW_2014,KW_2014,1
-4.780307,-0.292712673,CCCCCCCCCCCCCOC(=O)CCN1CCC(N(CCC(=O)OCCCCCCCCCCCCC)CCC(=O)OCCCCCCCCCCCCC)CC1,KW_2014,KW_2014,0
-2.4890182,0.216335356,CCCCCCCCCCCCCOC(=O)CCN1CCCCN(C)CCN(CCC(=O)OCCCCCCCCCCCCC)CCCN(C)CC1,KW_2014,KW_2014,1
-3.4973567,0.135435563,CCCCCCCCCCCCCOC(=O)CCN1CCCN(CCC(=O)OCCCCCCCCCCCCC)CCCN(CCC(=O)OCCCCCCCCCCCCC)CCC1,KW_2014,KW_2014,1
-3.8851864,0.211419322,CCCCCCCCCCCCCOC(=O)CCN1CCCN(CCC(=O)OCCCCCCCCCCCCC)CCCN(CCC(=O)OCCCCCCCCCCCCC)CCN(CCC(=O)OCCCCCCCCCCCCC)CCC1,KW_2014,KW_2014,1
-3.6445296,-0.132831648,CCCCCCCCCCCCCOC(=O)CCN1CCCN(CCC(=O)OCCCCCCCCCCCCC)CCN(CCC(=O)OCCCCCCCCCCCCC)CCCN(CCC(=O)OCCCCCCCCCCCCC)CC1,KW_2014,KW_2014,1
-2.526269,0.075881023,CCCCCCCCCCCCCOC(=O)CCN1CCCN(CCC(=O)OCCCCCCCCCCCCC)CCN(CCC(=O)OCCCCCCCCCCCCC)CCN(CCC(=O)OCCCCCCCCCCCCC)CC1,KW_2014,KW_2014,1
-4.511071,-0.301789694,CCCCCCCCCCCCCOC(=O)CCN1CCN(CCC(=O)OCCCCCCCCCCCCC)[C@H](C)C1,KW_2014,KW_2014,0
-4.963027,-0.440303811,CCCCCCCCCCCCCOC(=O)CCN1CCN(CCC(=O)OCCCCCCCCCCCCC)C(c2ccccc2)C1,KW_2014,KW_2014,0
-2.4240022,1.161499193,CCCCCCCCCCCCCOC(=O)CCN1CCN(CCC(=O)OCCCCCCCCCCCCC)C2C1N(CCC(=O)OCCCCCCCCCCCCC)CCN2CCC(=O)OCCCCCCCCCCCCC,KW_2014,KW_2014,2
-5.8356686,-0.019532344,CCCCCCCCCCCCCOC(=O)CCN1CCN(CCC(=O)OCCCCCCCCCCCCC)CC1,KW_2014,KW_2014,1
-2.7908804,-0.014128303,CCCCCCCCCCCCCOC(=O)CCN1CCN(CCC(=O)OCCCCCCCCCCCCC)CCN(CCC(=O)OCCCCCCCCCCCCC)CCN(CCC(=O)OCCCCCCCCCCCCC)CC1,KW_2014,KW_2014,1
-3.33292,0.402256313,CCCCCCCCCCCCCOC(=O)CCN1CCOCCN(CCC(=O)OCCCCCCCCCCCCC)CCN(CCC(=O)OCCCCCCCCCCCCC)CC1,KW_2014,KW_2014,1
-3.6852472,-0.555273497,CCCCCCCCCCCCN(CCN(CCC(=O)OCCCCCCCCCC)CCC(=O)OCCCCCCCCCC)CCN(CCC(=O)OCCCCCCCCCC)CCC(=O)OCCCCCCCCCC,KW_2014,KW_2014,0
-4.0478067,0.176394713,CCCCCCCCCCCCN(CCN(CCC(=O)OCCCCCCCCCCC)CCC(=O)OCCCCCCCCCCC)CCN(CCC(=O)OCCCCCCCCCCC)CCC(=O)OCCCCCCCCCCC,KW_2014,KW_2014,1
-4.016851,-0.374031666,CCCCCCCCCCCCOC(=O)CCN(C)c1ccc(Cc2ccc(N(CCC(=O)OCCCCCCCCCCCC)CCC(=O)OCCCCCCCCCCCC)cc2)cc1,KW_2014,KW_2014,0
-4.7166014,-1.008406566,CCCCCCCCCCCCOC(=O)CCN(C)c1ccccc1N(CCC(=O)OCCCCCCCCCCCC)CCC(=O)OCCCCCCCCCCCC,KW_2014,KW_2014,0
-4.1546583,0.028677913,CCCCCCCCCCCCOC(=O)CCN(C)CCCCCCN(C)CCC(=O)OCCCCCCCCCCCC,KW_2014,KW_2014,1
-2.9823704,-0.085710255,CCCCCCCCCCCCOC(=O)CCN(C)CCCN(CC)CCCN(C)CCC(=O)OCCCCCCCCCCCC,KW_2014,KW_2014,1
-3.3829975,0.836587885,CCCCCCCCCCCCOC(=O)CCN(C)CCCN(CCC(=O)OCCCCCCCCCCCC)CCC(=O)OCCCCCCCCCCCC,KW_2014,KW_2014,1
-5.5743685,-0.803439617,CCCCCCCCCCCCOC(=O)CCN(C)CCN(C)CCC(=O)OCCCCCCCCCCCC,KW_2014,KW_2014,0
-2.0435984,0.51215259,CCCCCCCCCCCCOC(=O)CCN(C)CCN(CCC(=O)OCCCCCCCCCCCC)CCC(=O)OCCCCCCCCCCCC,KW_2014,KW_2014,1
-3.2555902,3.006878559,CCCCCCCCCCCCOC(=O)CCN(C)CCN(CCN(C)CCC(=O)OCCCCCCCCCCCC)CCN(C)CCC(=O)OCCCCCCCCCCCC,KW_2014,KW_2014,2
-5.0861974,0.314424779,CCCCCCCCCCCCOC(=O)CCN(C)CCOCCN(C)CCC(=O)OCCCCCCCCCCCC,KW_2014,KW_2014,1
-4.804931,-0.559776194,CCCCCCCCCCCCOC(=O)CCN(C)CCOCCOCCN(C)CCC(=O)OCCCCCCCCCCCC,KW_2014,KW_2014,0
-4.804931,0.944900106,CCCCCCCCCCCCOC(=O)CCN(C)CCOCCOCCN(C)CCC(=O)OCCCCCCCCCCCC,KW_2014,KW_2014,1
-3.2384276,-0.373272151,CCCCCCCCCCCCOC(=O)CCN(c1ccccc1)c1ccc(-c2ccc(N(CCC(=O)OCCCCCCCCCCCC)c3ccccc3)cc2)cc1,KW_2014,KW_2014,0
-3.7075098,3.365712434,CCCCCCCCCCCCOC(=O)CCN(CC(C)N(CCC(=O)OCCCCCCCCCCCC)CCC(=O)OCCCCCCCCCCCC)CC(C)N(CCC(=O)OCCCCCCCCCCCC)CCC(=O)OCCCCCCCCCCCC,KW_2014,KW_2014,2
-3.8775332,0.9703095,CCCCCCCCCCCCOC(=O)CCN(CC)CCCN(CC)CCC(=O)OCCCCCCCCCCCC,KW_2014,KW_2014,1
-5.476187,0.197656079,CCCCCCCCCCCCOC(=O)CCN(CC)CCN(CC)CCC(=O)OCCCCCCCCCCCC,KW_2014,KW_2014,1
-3.156071,0.445039028,CCCCCCCCCCCCOC(=O)CCN(CC)CCN(CCC(=O)OCCCCCCCCCCCC)CCC(=O)OCCCCCCCCCCCC,KW_2014,KW_2014,1
-5.6465154,-0.235745805,CCCCCCCCCCCCOC(=O)CCN(CCC(=O)OCCCCCCCCCCCC)[C@H](c1ccccc1)[C@H](c1ccccc1)N(CCC(=O)OCCCCCCCCCCCC)CCC(=O)OCCCCCCCCCCCC,KW_2014,KW_2014,0
-5.525416,2.469535305,CCCCCCCCCCCCOC(=O)CCN(CCC(=O)OCCCCCCCCCCCC)[C@@H](CO)CC(C)C,KW_2014,KW_2014,2
-5.525416,2.778658505,CCCCCCCCCCCCOC(=O)CCN(CCC(=O)OCCCCCCCCCCCC)[C@@H](CO)CC(C)C,KW_2014,KW_2014,2
-4.431565,1.031332464,CCCCCCCCCCCCOC(=O)CCN(CCC(=O)OCCCCCCCCCCCC)[C@@H]1CCCC[C@H]1N(CCC(=O)OCCCCCCCCCCCC)CCC(=O)OCCCCCCCCCCCC,KW_2014,KW_2014,2
-3.777062,0.145471134,CCCCCCCCCCCCOC(=O)CCN(CCC(=O)OCCCCCCCCCCCC)[C@H]1CC[C@H](N(CCC(=O)OCCCCCCCCCCCC)CCC(=O)OCCCCCCCCCCCC)CC1,KW_2014,KW_2014,1
-4.431565,0.281304056,CCCCCCCCCCCCOC(=O)CCN(CCC(=O)OCCCCCCCCCCCC)[C@@H]1CCCC[C@@H]1N(CCC(=O)OCCCCCCCCCCCC)CCC(=O)OCCCCCCCCCCCC,KW_2014,KW_2014,1
-4.5517573,-0.200324502,CCCCCCCCCCCCOC(=O)CCN(CCC(=O)OCCCCCCCCCCCC)C(=O)C1CCCN1C,KW_2014,KW_2014,1
-5.00617,-0.6636094,CCCCCCCCCCCCOC(=O)CCN(CCC(=O)OCCCCCCCCCCCC)C(C)(C)C,KW_2014,KW_2014,0
-5.5181365,-0.412536141,CCCCCCCCCCCCOC(=O)CCN(CCC(=O)OCCCCCCCCCCCC)C(C)(C)CC,KW_2014,KW_2014,0
-4.4555826,-1.031636445,CCCCCCCCCCCCOC(=O)CCN(CCC(=O)OCCCCCCCCCCCC)C(C)(C)CC(C)(C)C,KW_2014,KW_2014,0
-5.2835984,-0.601799484,CCCCCCCCCCCCOC(=O)CCN(CCC(=O)OCCCCCCCCCCCC)C(C)(CO)CO,KW_2014,KW_2014,0
-5.3084273,-0.209971926,CCCCCCCCCCCCOC(=O)CCN(CCC(=O)OCCCCCCCCCCCC)C(C)C,KW_2014,KW_2014,0
-5.45464,-0.655106813,CCCCCCCCCCCCOC(=O)CCN(CCC(=O)OCCCCCCCCCCCC)C(C)C(C)C,KW_2014,KW_2014,0
-5.6725163,-0.326548286,CCCCCCCCCCCCOC(=O)CCN(CCC(=O)OCCCCCCCCCCCC)C(C)c1ccc(C)cc1,KW_2014,KW_2014,0
-5.5037374,-0.313637743,CCCCCCCCCCCCOC(=O)CCN(CCC(=O)OCCCCCCCCCCCC)C(C)CC,KW_2014,KW_2014,0
-5.327044,-0.385417925,CCCCCCCCCCCCOC(=O)CCN(CCC(=O)OCCCCCCCCCCCC)C(C)CCC,KW_2014,KW_2014,0
-5.5026603,-0.545883593,CCCCCCCCCCCCOC(=O)CCN(CCC(=O)OCCCCCCCCCCCC)C(C)CO,KW_2014,KW_2014,0
-4.096892,0.031333126,CCCCCCCCCCCCOC(=O)CCN(CCC(=O)OCCCCCCCCCCCC)C(c1ccccc1)(c1ccccc1)c1ccccc1,KW_2014,KW_2014,1
-4.910513,-0.534813891,CCCCCCCCCCCCOC(=O)CCN(CCC(=O)OCCCCCCCCCCCC)C(c1ccccc1)c1ccccc1,KW_2014,KW_2014,0
-5.7255063,-0.274148079,CCCCCCCCCCCCOC(=O)CCN(CCC(=O)OCCCCCCCCCCCC)C(CC)CC,KW_2014,KW_2014,0
-3.2918017,-0.442342244,CCCCCCCCCCCCOC(=O)CCN(CCC(=O)OCCCCCCCCCCCC)C(CO)(CO)CO,KW_2014,KW_2014,0
-5.946161,-0.780778162,CCCCCCCCCCCCOC(=O)CCN(CCC(=O)OCCCCCCCCCCCC)C(CO)C(C)(C)C,KW_2014,KW_2014,0
-4.202103,-0.300057715,CCCCCCCCCCCCOC(=O)CCN(CCC(=O)OCCCCCCCCCCCC)C[C@@H](C)O,KW_2014,KW_2014,0
-4.190425,-0.278260397,CCCCCCCCCCCCOC(=O)CCN(CCC(=O)OCCCCCCCCCCCC)C[C@@H]1CCCN1CC,KW_2014,KW_2014,0
-4.190425,0.065694076,CCCCCCCCCCCCOC(=O)CCN(CCC(=O)OCCCCCCCCCCCC)C[C@H]1CCCN1CC,KW_2014,KW_2014,1
-3.5817976,-0.158840164,CCCCCCCCCCCCOC(=O)CCN(CCC(=O)OCCCCCCCCCCCC)C12C[C@H]3C[C@@H](C1)C[C@@H](C2)C3,KW_2014,KW_2014,1
-5.2259817,-0.777217658,CCCCCCCCCCCCOC(=O)CCN(CCC(=O)OCCCCCCCCCCCC)c1c(-c2ccccc2)cc(-c2ccccc2)cc1-c1ccccc1,KW_2014,KW_2014,0
-4.845451,-0.865693678,CCCCCCCCCCCCOC(=O)CCN(CCC(=O)OCCCCCCCCCCCC)c1c(C)c(C)c(N(CCC(=O)OCCCCCCCCCCCC)CCC(=O)OCCCCCCCCCCCC)c(C)c1C,KW_2014,KW_2014,0
-3.7862287,0.041807708,CCCCCCCCCCCCOC(=O)CCN(CCC(=O)OCCCCCCCCCCCC)c1c(C)cc(-c2cc(C)c(N(CCC(=O)OCCCCCCCCCCCC)CCC(=O)OCCCCCCCCCCCC)c(C)c2)cc1C,KW_2014,KW_2014,1
-5.388522,-0.297964902,CCCCCCCCCCCCOC(=O)CCN(CCC(=O)OCCCCCCCCCCCC)c1c(CC)cccc1CC,KW_2014,KW_2014,0
-4.2595735,-0.452698618,CCCCCCCCCCCCOC(=O)CCN(CCC(=O)OCCCCCCCCCCCC)c1c(F)cc(F)cc1F,KW_2014,KW_2014,0
-4.7789407,-0.466382237,CCCCCCCCCCCCOC(=O)CCN(CCC(=O)OCCCCCCCCCCCC)c1c(N(CCC(=O)OCCCCCCCCCCCC)CCC(=O)OCCCCCCCCCCCC)c2ccccc2c2ccccc12,KW_2014,KW_2014,0
-4.154536,-0.947375141,CCCCCCCCCCCCOC(=O)CCN(CCC(=O)OCCCCCCCCCCCC)c1cc(C(C)(C)C)ccc1C(C)(C)C,KW_2014,KW_2014,0
-5.139839,-1.151005678,CCCCCCCCCCCCOC(=O)CCN(CCC(=O)OCCCCCCCCCCCC)c1cc(C(C)(C)C)ccc1OC,KW_2014,KW_2014,0
-5.0095634,-1.277147572,CCCCCCCCCCCCOC(=O)CCN(CCC(=O)OCCCCCCCCCCCC)c1cc(C)c(C)cc1N(CCC(=O)OCCCCCCCCCCCC)CCC(=O)OCCCCCCCCCCCC,KW_2014,KW_2014,0
-4.9577265,-1.214327581,CCCCCCCCCCCCOC(=O)CCN(CCC(=O)OCCCCCCCCCCCC)c1cc(F)c(F)c(F)c1,KW_2014,KW_2014,0
-4.966455,-0.272597669,CCCCCCCCCCCCOC(=O)CCN(CCC(=O)OCCCCCCCCCCCC)c1cc(F)cc(F)c1,KW_2014,KW_2014,0
-5.4653053,-0.65402303,CCCCCCCCCCCCOC(=O)CCN(CCC(=O)OCCCCCCCCCCCC)c1cc(F)ccc1F,KW_2014,KW_2014,0
-5.529242,-0.880091448,CCCCCCCCCCCCOC(=O)CCN(CCC(=O)OCCCCCCCCCCCC)c1cc(OC)ccc1OC,KW_2014,KW_2014,0
-5.9613104,-0.269886245,CCCCCCCCCCCCOC(=O)CCN(CCC(=O)OCCCCCCCCCCCC)C1CC1,KW_2014,KW_2014,0
-5.785919,-0.055612433,CCCCCCCCCCCCOC(=O)CCN(CCC(=O)OCCCCCCCCCCCC)C1CC2CCC1C2,KW_2014,KW_2014,1
-6.068574,0.78950938,CCCCCCCCCCCCOC(=O)CCN(CCC(=O)OCCCCCCCCCCCC)C1Cc2ccccc2C1,KW_2014,KW_2014,1
-4.510284,-0.420748094,CCCCCCCCCCCCOC(=O)CCN(CCC(=O)OCCCCCCCCCCCC)c1ccc(-c2ccc(N(CCC(=O)OCCCCCCCCCCCC)CCC(=O)OCCCCCCCCCCCC)c(C)c2)cc1C,KW_2014,KW_2014,0
-5.497131,-0.958029281,CCCCCCCCCCCCOC(=O)CCN(CCC(=O)OCCCCCCCCCCCC)c1ccc(-c2ccc(N(CCC(=O)OCCCCCCCCCCCC)CCC(=O)OCCCCCCCCCCCC)c(N(CCC(=O)OCCCCCCCCCCCC)CCC(=O)OCCCCCCCCCCCC)c2)cc1N(CCC(=O)OCCCCCCCCCCCC)CCC(=O)OCCCCCCCCCCCC,KW_2014,KW_2014,0
-5.417548,-1.277147572,CCCCCCCCCCCCOC(=O)CCN(CCC(=O)OCCCCCCCCCCCC)c1ccc(-c2ccccc2)cc1,KW_2014,KW_2014,0
-4.9392447,-0.331617909,CCCCCCCCCCCCOC(=O)CCN(CCC(=O)OCCCCCCCCCCCC)c1ccc(C(C)(C)C)cc1,KW_2014,KW_2014,0
-4.8736706,-0.228039455,CCCCCCCCCCCCOC(=O)CCN(CCC(=O)OCCCCCCCCCCCC)c1ccc(C(C)C)cc1,KW_2014,KW_2014,0
-5.146075,-0.800586037,CCCCCCCCCCCCOC(=O)CCN(CCC(=O)OCCCCCCCCCCCC)c1ccc(C)c(F)c1,KW_2014,KW_2014,0
-4.825793,-0.598588753,CCCCCCCCCCCCOC(=O)CCN(CCC(=O)OCCCCCCCCCCCC)c1ccc(C)c(N(CCC(=O)OCCCCCCCCCCCC)CCC(=O)OCCCCCCCCCCCC)c1,KW_2014,KW_2014,0
-5.3967414,-0.274407196,CCCCCCCCCCCCOC(=O)CCN(CCC(=O)OCCCCCCCCCCCC)c1ccc(C)cc1N(CCC(=O)OCCCCCCCCCCCC)CCC(=O)OCCCCCCCCCCCC,KW_2014,KW_2014,0
-4.5490994,0.109577092,CCCCCCCCCCCCOC(=O)CCN(CCC(=O)OCCCCCCCCCCCC)c1ccc(C2(c3ccc(N(CCC(=O)OCCCCCCCCCCCC)CCC(=O)OCCCCCCCCCCCC)cc3)c3ccccc3-c3ccccc32)cc1,KW_2014,KW_2014,1
-3.5801105,0.378923375,CCCCCCCCCCCCOC(=O)CCN(CCC(=O)OCCCCCCCCCCCC)C1CCC(CC2CCC(N(CCC(=O)OCCCCCCCCCCCC)CCC(=O)OCCCCCCCCCCCC)C(C)C2)CC1C,KW_2014,KW_2014,1
-5.325964,-0.608810192,CCCCCCCCCCCCOC(=O)CCN(CCC(=O)OCCCCCCCCCCCC)c1ccc(Cc2ccc(N(CCC(=O)OCCCCCCCCCCCC)CCC(=O)OCCCCCCCCCCCC)cc2)cc1,KW_2014,KW_2014,0
-5.2809076,-0.348545481,CCCCCCCCCCCCOC(=O)CCN(CCC(=O)OCCCCCCCCCCCC)c1ccc(F)c(F)c1,KW_2014,KW_2014,0
-5.2713394,-0.245495274,CCCCCCCCCCCCOC(=O)CCN(CCC(=O)OCCCCCCCCCCCC)c1ccc(F)cc1,KW_2014,KW_2014,0
-4.995851,-0.168968085,CCCCCCCCCCCCOC(=O)CCN(CCC(=O)OCCCCCCCCCCCC)c1ccc(F)cc1C(F)(F)F,KW_2014,KW_2014,1
-4.9398923,-0.073884103,CCCCCCCCCCCCOC(=O)CCN(CCC(=O)OCCCCCCCCCCCC)c1ccc(N(CCC(=O)OCCCCCCCCCCCC)c2ccccc2)cc1,KW_2014,KW_2014,1
-5.478503,-0.555416733,CCCCCCCCCCCCOC(=O)CCN(CCC(=O)OCCCCCCCCCCCC)c1ccc(N(CCC(=O)OCCCCCCCCCCCC)CCC(=O)OCCCCCCCCCCCC)cc1,KW_2014,KW_2014,0
-5.22568,-0.251917165,CCCCCCCCCCCCOC(=O)CCN(CCC(=O)OCCCCCCCCCCCC)c1ccc(OC(F)(F)F)cc1,KW_2014,KW_2014,0
-4.0645676,-0.473907328,CCCCCCCCCCCCOC(=O)CCN(CCC(=O)OCCCCCCCCCCCC)c1ccc(OC(F)F)cc1,KW_2014,KW_2014,0
-5.165579,-0.136830107,CCCCCCCCCCCCOC(=O)CCN(CCC(=O)OCCCCCCCCCCCC)c1ccc(OC)c(F)c1,KW_2014,KW_2014,1
-4.2015185,-1.250430892,CCCCCCCCCCCCOC(=O)CCN(CCC(=O)OCCCCCCCCCCCC)c1ccc(Oc2ccc(F)cc2)cc1,KW_2014,KW_2014,0
-5.1885943,0.040404046,CCCCCCCCCCCCOC(=O)CCN(CCC(=O)OCCCCCCCCCCCC)c1ccc(Oc2ccc(N(CCC(=O)OCCCCCCCCCCCC)CCC(=O)OCCCCCCCCCCCC)cc2)cc1,KW_2014,KW_2014,1
-4.347951,-0.436855241,CCCCCCCCCCCCOC(=O)CCN(CCC(=O)OCCCCCCCCCCCC)c1ccc(Oc2ccccc2)cc1,KW_2014,KW_2014,0
-4.8773212,-0.83210581,CCCCCCCCCCCCOC(=O)CCN(CCC(=O)OCCCCCCCCCCCC)c1ccc(OCCCCCCCC)cc1,KW_2014,KW_2014,0
-5.603026,-0.785374926,CCCCCCCCCCCCOC(=O)CCN(CCC(=O)OCCCCCCCCCCCC)C1CCC1,KW_2014,KW_2014,0
-4.640724,-1.277147572,CCCCCCCCCCCCOC(=O)CCN(CCC(=O)OCCCCCCCCCCCC)c1ccc2c(c1)Cc1cc(N(CCC(=O)OCCCCCCCCCCCC)CCC(=O)OCCCCCCCCCCCC)ccc1-2,KW_2014,KW_2014,0
-5.373941,0.01784778,CCCCCCCCCCCCOC(=O)CCN(CCC(=O)OCCCCCCCCCCCC)c1ccc2c(c1)CCCC2,KW_2014,KW_2014,1
-4.9306955,1.818903993,CCCCCCCCCCCCOC(=O)CCN(CCC(=O)OCCCCCCCCCCCC)c1ccc2c(c1)OCCO2,KW_2014,KW_2014,2
-5.555628,-1.277147572,CCCCCCCCCCCCOC(=O)CCN(CCC(=O)OCCCCCCCCCCCC)c1ccc2c(c1)OCO2,KW_2014,KW_2014,0
-4.332071,-1.277147572,CCCCCCCCCCCCOC(=O)CCN(CCC(=O)OCCCCCCCCCCCC)c1ccc2cc3ccccc3cc2c1,KW_2014,KW_2014,0
-5.930152,0.179954645,CCCCCCCCCCCCOC(=O)CCN(CCC(=O)OCCCCCCCCCCCC)C1CCc2ccccc21,KW_2014,KW_2014,1
-4.816664,-0.379448563,CCCCCCCCCCCCOC(=O)CCN(CCC(=O)OCCCCCCCCCCCC)c1ccc2ccccc2c1-c1c(N(CCC(=O)OCCCCCCCCCCCC)CCC(=O)OCCCCCCCCCCCC)ccc2ccccc12,KW_2014,KW_2014,0
-5.252396,-0.348573318,CCCCCCCCCCCCOC(=O)CCN(CCC(=O)OCCCCCCCCCCCC)c1cccc(-c2ccccc2)c1,KW_2014,KW_2014,0
-5.5620136,-0.245562548,CCCCCCCCCCCCOC(=O)CCN(CCC(=O)OCCCCCCCCCCCC)c1cccc(C(F)(F)F)c1,KW_2014,KW_2014,0
-5.0794353,-0.403263723,CCCCCCCCCCCCOC(=O)CCN(CCC(=O)OCCCCCCCCCCCC)c1cccc(C)c1N(CCC(=O)OCCCCCCCCCCCC)CCC(=O)OCCCCCCCCCCCC,KW_2014,KW_2014,0
-5.0294333,-1.277147572,CCCCCCCCCCCCOC(=O)CCN(CCC(=O)OCCCCCCCCCCCC)c1cccc(F)c1,KW_2014,KW_2014,0
-3.8081746,0.888885354,CCCCCCCCCCCCOC(=O)CCN(CCC(=O)OCCCCCCCCCCCC)C1CCCC(N(CCC(=O)OCCCCCCCCCCCC)CCC(=O)OCCCCCCCCCCCC)C1,KW_2014,KW_2014,1
-5.036483,0.372861484,CCCCCCCCCCCCOC(=O)CCN(CCC(=O)OCCCCCCCCCCCC)c1cccc(N(CCC(=O)OCCCCCCCCCCCC)CCC(=O)OCCCCCCCCCCCC)c1,KW_2014,KW_2014,1
-4.736934,-0.27777399,CCCCCCCCCCCCOC(=O)CCN(CCC(=O)OCCCCCCCCCCCC)c1cccc(N(CCC(=O)OCCCCCCCCCCCC)CCC(=O)OCCCCCCCCCCCC)c1C,KW_2014,KW_2014,0
-5.081043,-0.850704718,CCCCCCCCCCCCOC(=O)CCN(CCC(=O)OCCCCCCCCCCCC)c1cccc(OC(C)C)c1,KW_2014,KW_2014,0
-4.5515695,-1.083837909,CCCCCCCCCCCCOC(=O)CCN(CCC(=O)OCCCCCCCCCCCC)c1cccc(OCc2ccccc2)c1,KW_2014,KW_2014,0
-5.455545,-0.347683824,CCCCCCCCCCCCOC(=O)CCN(CCC(=O)OCCCCCCCCCCCC)c1cccc2c1CCC2,KW_2014,KW_2014,0
-5.2810698,0.163086033,CCCCCCCCCCCCOC(=O)CCN(CCC(=O)OCCCCCCCCCCCC)c1cccc2cccc(N(CCC(=O)OCCCCCCCCCCCC)CCC(=O)OCCCCCCCCCCCC)c12,KW_2014,KW_2014,1
-4.886995,-0.335809464,CCCCCCCCCCCCOC(=O)CCN(CCC(=O)OCCCCCCCCCCCC)C1CCCCC1,KW_2014,KW_2014,0
-5.145687,-0.773324424,CCCCCCCCCCCCOC(=O)CCN(CCC(=O)OCCCCCCCCCCCC)c1ccccc1C(C)(C)C,KW_2014,KW_2014,0
-5.470708,-1.16618356,CCCCCCCCCCCCOC(=O)CCN(CCC(=O)OCCCCCCCCCCCC)c1ccccc1C(C)C,KW_2014,KW_2014,0
-4.618767,-0.03817126,CCCCCCCCCCCCOC(=O)CCN(CCC(=O)OCCCCCCCCCCCC)c1ccccc1Cc1ccccc1,KW_2014,KW_2014,1
-5.113001,-0.286881394,CCCCCCCCCCCCOC(=O)CCN(CCC(=O)OCCCCCCCCCCCC)c1ccccc1N(CCC(=O)OCCCCCCCCCCCC)c1ccccc1,KW_2014,KW_2014,0
-5.144609,0.034545044,CCCCCCCCCCCCOC(=O)CCN(CCC(=O)OCCCCCCCCCCCC)c1ccccc1OC,KW_2014,KW_2014,1
-4.4343705,-1.277147572,CCCCCCCCCCCCOC(=O)CCN(CCC(=O)OCCCCCCCCCCCC)c1ccccc1Oc1ccccc1,KW_2014,KW_2014,0
-5.5217896,-1.124692991,CCCCCCCCCCCCOC(=O)CCN(CCC(=O)OCCCCCCCCCCCC)c1ccccc1OCC,KW_2014,KW_2014,0
-4.8414636,-0.335157326,CCCCCCCCCCCCOC(=O)CCN(CCC(=O)OCCCCCCCCCCCC)C1CCCCCCC1,KW_2014,KW_2014,0
-6.2402244,-1.277147572,CCCCCCCCCCCCOC(=O)CCN(CCC(=O)OCCCCCCCCCCCC)C1CCN(C)CC1,KW_2014,KW_2014,0
-4.362714,0.450849685,CCCCCCCCCCCCOC(=O)CCN(CCC(=O)OCCCCCCCCCCCC)c1nc(N(CCC(=O)OCCCCCCCCCCCC)CCC(=O)OCCCCCCCCCCCC)nc(N(CCC(=O)OCCCCCCCCCCCC)CCC(=O)OCCCCCCCCCCCC)n1,KW_2014,KW_2014,1
-4.2428665,-0.664411124,CCCCCCCCCCCCOC(=O)CCN(CCC(=O)OCCCCCCCCCCCC)CC(=O)N(C)c1ccccc1,KW_2014,KW_2014,0
-5.1364903,0.110139605,CCCCCCCCCCCCOC(=O)CCN(CCC(=O)OCCCCCCCCCCCC)CC(C)(C)CN(C)C,KW_2014,KW_2014,1
-6.124965,0.006197859,CCCCCCCCCCCCOC(=O)CCN(CCC(=O)OCCCCCCCCCCCC)CC(C)(C)CO,KW_2014,KW_2014,1
-5.580601,-0.309116411,CCCCCCCCCCCCOC(=O)CCN(CCC(=O)OCCCCCCCCCCCC)CC(C)C,KW_2014,KW_2014,0
-5.6157203,-0.345233628,CCCCCCCCCCCCOC(=O)CCN(CCC(=O)OCCCCCCCCCCCC)CC(C)CC,KW_2014,KW_2014,0
-3.032415,2.535212968,CCCCCCCCCCCCOC(=O)CCN(CCC(=O)OCCCCCCCCCCCC)CC(C)N(CCC(=O)OCCCCCCCCCCCC)CCC(=O)OCCCCCCCCCCCC,KW_2014,KW_2014,2
-5.2887955,-0.43798354,CCCCCCCCCCCCOC(=O)CCN(CCC(=O)OCCCCCCCCCCCC)CC(CC)CCCC,KW_2014,KW_2014,0
-5.0094805,-0.25312253,CCCCCCCCCCCCOC(=O)CCN(CCC(=O)OCCCCCCCCCCCC)CC(OC)OC,KW_2014,KW_2014,0
-5.117911,-0.644354317,CCCCCCCCCCCCOC(=O)CCN(CCC(=O)OCCCCCCCCCCCC)CC[C@H](C)O,KW_2014,KW_2014,0
-4.3856406,2.910175892,CCCCCCCCCCCCOC(=O)CCN(CCC(=O)OCCCCCCCCCCCC)CC1(C)CC(N(CCC(=O)OCCCCCCCCCCCC)CCC(=O)OCCCCCCCCCCCC)CC(C)(C)C1,KW_2014,KW_2014,2
-3.6271865,-0.945275445,CCCCCCCCCCCCOC(=O)CCN(CCC(=O)OCCCCCCCCCCCC)CC12C[C@H]3C[C@@H](C1)C[C@@H](C2)C3,KW_2014,KW_2014,0
-4.8253784,-0.634476193,CCCCCCCCCCCCOC(=O)CCN(CCC(=O)OCCCCCCCCCCCC)Cc1cc(C)c(OC)c(OC)c1,KW_2014,KW_2014,0
-5.970819,0.790755923,CCCCCCCCCCCCOC(=O)CCN(CCC(=O)OCCCCCCCCCCCC)Cc1cc(F)ccc1F,KW_2014,KW_2014,1
-4.2700734,0.064671252,CCCCCCCCCCCCOC(=O)CCN(CCC(=O)OCCCCCCCCCCCC)CC1CCC(CN(CCC(=O)OCCCCCCCCCCCC)CCC(=O)OCCCCCCCCCCCC)CC1,KW_2014,KW_2014,1
-4.2237043,-1.154675939,CCCCCCCCCCCCOC(=O)CCN(CCC(=O)OCCCCCCCCCCCC)CC1CCCC(CN(CCC(=O)OCCCCCCCCCCCC)CCC(=O)OCCCCCCCCCCCC)C1,KW_2014,KW_2014,0
-3.6207657,3.691088335,CCCCCCCCCCCCOC(=O)CCN(CCC(=O)OCCCCCCCCCCCC)Cc1cccc(CN(CCC(=O)OCCCCCCCCCCCC)CCC(=O)OCCCCCCCCCCCC)c1,KW_2014,KW_2014,2
-5.474124,-0.339667007,CCCCCCCCCCCCOC(=O)CCN(CCC(=O)OCCCCCCCCCCCC)Cc1cccc(F)c1,KW_2014,KW_2014,0
-4.1595984,-0.978194592,CCCCCCCCCCCCOC(=O)CCN(CCC(=O)OCCCCCCCCCCCC)Cc1cccc(N(CCC(=O)OCCCCCCCCCCCC)CCC(=O)OCCCCCCCCCCCC)c1,KW_2014,KW_2014,0
-6.1297064,-0.164673709,CCCCCCCCCCCCOC(=O)CCN(CCC(=O)OCCCCCCCCCCCC)CC1CCCCC1,KW_2014,KW_2014,1
-6.1610346,-1.277147572,CCCCCCCCCCCCOC(=O)CCN(CCC(=O)OCCCCCCCCCCCC)Cc1ccccc1F,KW_2014,KW_2014,0
-4.2441115,-0.840175362,CCCCCCCCCCCCOC(=O)CCN(CCC(=O)OCCCCCCCCCCCC)Cc1ccccc1N(CCC(=O)OCCCCCCCCCCCC)CCC(=O)OCCCCCCCCCCCC,KW_2014,KW_2014,0
-5.0608497,-0.701070632,CCCCCCCCCCCCOC(=O)CCN(CCC(=O)OCCCCCCCCCCCC)Cc1ccccc1OC,KW_2014,KW_2014,0
-5.3633986,-0.385068408,CCCCCCCCCCCCOC(=O)CCN(CCC(=O)OCCCCCCCCCCCC)Cc1ccccc1OCC,KW_2014,KW_2014,0
-5.288311,-0.242734407,CCCCCCCCCCCCOC(=O)CCN(CCC(=O)OCCCCCCCCCCCC)CC1CCCN1C,KW_2014,KW_2014,0
-3.5142257,2.736871266,CCCCCCCCCCCCOC(=O)CCN(CCC(=O)OCCCCCCCCCCCC)CC1CCCN1CCC(=O)OCCCCCCCCCCCC,KW_2014,KW_2014,2
-5.2748184,-0.683855927,CCCCCCCCCCCCOC(=O)CCN(CCC(=O)OCCCCCCCCCCCC)CC1CCCO1,KW_2014,KW_2014,0
-5.0966554,-1.202509367,CCCCCCCCCCCCOC(=O)CCN(CCC(=O)OCCCCCCCCCCCC)CC1CCN(C)CC1,KW_2014,KW_2014,0
-5.3994436,-0.538604816,CCCCCCCCCCCCOC(=O)CCN(CCC(=O)OCCCCCCCCCCCC)CC1COC(C)(C)O1,KW_2014,KW_2014,0
-4.8536468,-0.203729415,CCCCCCCCCCCCOC(=O)CCN(CCC(=O)OCCCCCCCCCCCC)Cc1nccn1C,KW_2014,KW_2014,1
-4.658393,0.114270655,CCCCCCCCCCCCOC(=O)CCN(CCC(=O)OCCCCCCCCCCCC)CCC(=O)N1CCN(CCC(=O)OCCCCCCCCCCCC)CC1,KW_2014,KW_2014,1
-4.9048953,-0.19951276,CCCCCCCCCCCCOC(=O)CCN(CCC(=O)OCCCCCCCCCCCC)CCC(C)(C)C,KW_2014,KW_2014,1
-5.0168266,-0.968418544,CCCCCCCCCCCCOC(=O)CCN(CCC(=O)OCCCCCCCCCCCC)CCC(C)C,KW_2014,KW_2014,0
-5.2556777,0.320322084,CCCCCCCCCCCCOC(=O)CCN(CCC(=O)OCCCCCCCCCCCC)CCC(c1ccccc1)c1ccccc1,KW_2014,KW_2014,1
-4.022707,0.014037801,CCCCCCCCCCCCOC(=O)CCN(CCC(=O)OCCCCCCCCCCCC)CCC1CCC(C)CC1,KW_2014,KW_2014,1
-4.114108,-0.509091184,CCCCCCCCCCCCOC(=O)CCN(CCC(=O)OCCCCCCCCCCCC)CCC1CCC(CC)CC1,KW_2014,KW_2014,0
-4.7174983,-0.215476259,CCCCCCCCCCCCOC(=O)CCN(CCC(=O)OCCCCCCCCCCCC)CCc1ccc(OC)c(OC)c1,KW_2014,KW_2014,0
-4.5743556,-0.98456614,CCCCCCCCCCCCOC(=O)CCN(CCC(=O)OCCCCCCCCCCCC)CCc1ccc(OC)cc1,KW_2014,KW_2014,0
-5.114458,-0.472915591,CCCCCCCCCCCCOC(=O)CCN(CCC(=O)OCCCCCCCCCCCC)CCc1ccccc1F,KW_2014,KW_2014,0
-5.806002,-0.148784765,CCCCCCCCCCCCOC(=O)CCN(CCC(=O)OCCCCCCCCCCCC)CCC1OCCO1,KW_2014,KW_2014,1
-3.4682872,-0.326760644,CCCCCCCCCCCCOC(=O)CCN(CCC(=O)OCCCCCCCCCCCC)CCN(C(C)C)C(C)C,KW_2014,KW_2014,0
-5.307624,-0.489539254,CCCCCCCCCCCCOC(=O)CCN(CCC(=O)OCCCCCCCCCCCC)CCN(C)C,KW_2014,KW_2014,0
-1.7022256,2.716064439,CCCCCCCCCCCCOC(=O)CCN(CCC(=O)OCCCCCCCCCCCC)CCN(C)CCCN(C)CCN(CCC(=O)OCCCCCCCCCCCC)CCC(=O)OCCCCCCCCCCCC,KW_2014,KW_2014,2
4.4325647,4.313500646,CCCCCCCCCCCCOC(=O)CCN(CCC(=O)OCCCCCCCCCCCC)CCN(C)CCN(C)CCN(CCC(=O)OCCCCCCCCCCCC)CCC(=O)OCCCCCCCCCCCC,KW_2014,KW_2014,3
-1.3010584,2.175437157,CCCCCCCCCCCCOC(=O)CCN(CCC(=O)OCCCCCCCCCCCC)CCN(C)CCN(CCC(=O)OCCCCCCCCCCCC)CCC(=O)OCCCCCCCCCCCC,KW_2014,KW_2014,2
-2.134945,3.345767656,CCCCCCCCCCCCOC(=O)CCN(CCC(=O)OCCCCCCCCCCCC)CCN(CC)CCN(CC)CCN(CCC(=O)OCCCCCCCCCCCC)CCC(=O)OCCCCCCCCCCCC,KW_2014,KW_2014,2
-4.0619445,-1.141577,CCCCCCCCCCCCOC(=O)CCN(CCC(=O)OCCCCCCCCCCCC)CCN(CCC(=O)OCCCCCCCCCCCC)C(C)C,KW_2014,KW_2014,0
-5.3132234,-0.647568281,CCCCCCCCCCCCOC(=O)CCN(CCC(=O)OCCCCCCCCCCCC)CCN(CCC(=O)OCCCCCCCCCCCC)c1ccccc1,KW_2014,KW_2014,0
-4.534951,-1.277147572,CCCCCCCCCCCCOC(=O)CCN(CCC(=O)OCCCCCCCCCCCC)CCN(CCC(=O)OCCCCCCCCCCCC)Cc1ccccc1,KW_2014,KW_2014,0
-3.4563162,0.88008017,CCCCCCCCCCCCOC(=O)CCN(CCC(=O)OCCCCCCCCCCCC)CCN(CCC(=O)OCCCCCCCCCCCC)CCC(=O)OCCCCCCCCCCCC,KW_2014,KW_2014,1
-3.532368,0.491284154,CCCCCCCCCCCCOC(=O)CCN(CCC(=O)OCCCCCCCCCCCC)CCN(CCC(=O)OCCCCCCCCCCCC)CCN(CC)CC,KW_2014,KW_2014,1
-5.016945,0.596185297,CCCCCCCCCCCCOC(=O)CCN(CCC(=O)OCCCCCCCCCCCC)CCN(CCC(=O)OCCCCCCCCCCCC)CCN(CCC(=O)OCCCCCCCCCCCC)CCC(=O)OCCCCCCCCCCCC,KW_2014,KW_2014,1
-5.5772924,0.909417655,CCCCCCCCCCCCOC(=O)CCN(CCC(=O)OCCCCCCCCCCCC)CCN(CCC(=O)OCCCCCCCCCCCC)CCN(CCC(=O)OCCCCCCCCCCCC)CCN(CCC(=O)OCCCCCCCCCCCC)CCC(=O)OCCCCCCCCCCCC,KW_2014,KW_2014,1
-5.5021696,1.225119488,CCCCCCCCCCCCOC(=O)CCN(CCC(=O)OCCCCCCCCCCCC)CCN(CCC(=O)OCCCCCCCCCCCC)CCN(CCC(=O)OCCCCCCCCCCCC)CCN(CCC(=O)OCCCCCCCCCCCC)CCN(CCC(=O)OCCCCCCCCCCCC)CCC(=O)OCCCCCCCCCCCC,KW_2014,KW_2014,2
-5.759814,-0.336827815,CCCCCCCCCCCCOC(=O)CCN(CCC(=O)OCCCCCCCCCCCC)CCN(CCC(=O)OCCCCCCCCCCCC)CCN(CCC(=O)OCCCCCCCCCCCC)CCN(CCC(=O)OCCCCCCCCCCCC)CCN(CCC(=O)OCCCCCCCCCCCC)CCN(CCC(=O)OCCCCCCCCCCCC)CCC(=O)OCCCCCCCCCCCC,KW_2014,KW_2014,0
-2.558864,2.233612688,CCCCCCCCCCCCOC(=O)CCN(CCC(=O)OCCCCCCCCCCCC)CCN(CCC(=O)OCCCCCCCCCCCC)CCN1CCN(CCN(CCC(=O)OCCCCCCCCCCCC)CCC(=O)OCCCCCCCCCCCC)CC1,KW_2014,KW_2014,2
-3.3651693,0.357369925,CCCCCCCCCCCCOC(=O)CCN(CCC(=O)OCCCCCCCCCCCC)CCN(CCCCCCCCCCCC)CCN(CCC(=O)OCCCCCCCCCCCC)CCC(=O)OCCCCCCCCCCCC,KW_2014,KW_2014,1
-5.2492356,0.935819436,CCCCCCCCCCCCOC(=O)CCN(CCC(=O)OCCCCCCCCCCCC)CCN(CCN(CCC(=O)OCCCCCCCCCCCC)CCC(=O)OCCCCCCCCCCCC)CCN(CCC(=O)OCCCCCCCCCCCC)CCC(=O)OCCCCCCCCCCCC,KW_2014,KW_2014,1
-3.7219007,-0.818333229,CCCCCCCCCCCCOC(=O)CCN(CCC(=O)OCCCCCCCCCCCC)CCN(CCO)CCO,KW_2014,KW_2014,0
-3.8199186,-0.290358559,CCCCCCCCCCCCOC(=O)CCN(CCC(=O)OCCCCCCCCCCCC)CCN1CCCC1,KW_2014,KW_2014,0
-5.4026494,0.47354537,CCCCCCCCCCCCOC(=O)CCN(CCC(=O)OCCCCCCCCCCCC)CCN1CCCCC1,KW_2014,KW_2014,1
-3.0417047,1.5387846,CCCCCCCCCCCCOC(=O)CCN(CCC(=O)OCCCCCCCCCCCC)CCN1CCN(CCC(=O)OCCCCCCCCCCCC)CC1,KW_2014,KW_2014,2
-2.8547597,4.221889374,CCCCCCCCCCCCOC(=O)CCN(CCC(=O)OCCCCCCCCCCCC)CCN1CCN(CCN(CCC(=O)OCCCCCCCCCCCC)CCC(=O)OCCCCCCCCCCCC)CC1,KW_2014,KW_2014,3
-4.606437,0.221315277,CCCCCCCCCCCCOC(=O)CCN(CCC(=O)OCCCCCCCCCCCC)CCN1CCOCC1,KW_2014,KW_2014,1
-3.948262,-0.358238148,CCCCCCCCCCCCOC(=O)CCN(CCC(=O)OCCCCCCCCCCCC)CN(CC)CCC,KW_2014,KW_2014,0
-6.193819,0.019397056,CCCCCCCCCCCCOC(=O)CCN(CCC)CCC(=O)OCCCCCCCCCCCC,KW_2014,KW_2014,1
-3.2630198,-0.188632223,CCCCCCCCCCCCOC(=O)CCN(CCC)CCCN(CCC(=O)OCCCCCCCCCCCC)CCC(=O)OCCCCCCCCCCCC,KW_2014,KW_2014,1
-6.007343,-0.100862679,CCCCCCCCCCCCOC(=O)CCN(CCCC)CCC(=O)OCCCCCCCCCCCC,KW_2014,KW_2014,1
-6.0296617,-0.232457257,CCCCCCCCCCCCOC(=O)CCN(CCCc1ccccc1)CCC(=O)OCCCCCCCCCCCC,KW_2014,KW_2014,0
-5.7422695,0.062593293,CCCCCCCCCCCCOC(=O)CCN(CCCCC)CCC(=O)OCCCCCCCCCCCC,KW_2014,KW_2014,1
-5.932302,-0.526926456,CCCCCCCCCCCCOC(=O)CCN(CCCCc1ccccc1)CCC(=O)OCCCCCCCCCCCC,KW_2014,KW_2014,0
-5.463206,0.303979853,CCCCCCCCCCCCOC(=O)CCN(CCCCCC)CCC(=O)OCCCCCCCCCCCC,KW_2014,KW_2014,1
-5.2826204,-0.046599209,CCCCCCCCCCCCOC(=O)CCN(CCCCCCCCN(CCC(=O)OCCCCCCCCCCCC)CCC(=O)OCCCCCCCCCCCC)CCC(=O)OCCCCCCCCCCCC,KW_2014,KW_2014,1
-3.6803956,-0.088687976,CCCCCCCCCCCCOC(=O)CCN(CCCCCCN(CCC(=O)OCCCCCCCCCCCC)CCC(=O)OCCCCCCCCCCCC)CCCCCCN(CCC(=O)OCCCCCCCCCCCC)CCC(=O)OCCCCCCCCCCCC,KW_2014,KW_2014,1
-5.302312,0.64961134,CCCCCCCCCCCCOC(=O)CCN(CCCCCCO)CCC(=O)OCCCCCCCCCCCC,KW_2014,KW_2014,1
-5.790748,1.06678511,CCCCCCCCCCCCOC(=O)CCN(CCCCCO)CCC(=O)OCCCCCCCCCCCC,KW_2014,KW_2014,2
-5.2458935,0.094442296,CCCCCCCCCCCCOC(=O)CCN(CCCCN(C)Cc1ccccc1)CCC(=O)OCCCCCCCCCCCC,KW_2014,KW_2014,1
-5.799655,-0.32461113,CCCCCCCCCCCCOC(=O)CCN(CCCCN1CCN(C)CC1)CCC(=O)OCCCCCCCCCCCC,KW_2014,KW_2014,0
-5.799405,0.459089278,CCCCCCCCCCCCOC(=O)CCN(CCCCO)CCC(=O)OCCCCCCCCCCCC,KW_2014,KW_2014,1
-4.461216,-1.16274601,CCCCCCCCCCCCOC(=O)CCN(CCCN(C)C)CCC(=O)OCCCCCCCCCCCC,KW_2014,KW_2014,0
-4.461216,0.044053233,CCCCCCCCCCCCOC(=O)CCN(CCCN(C)C)CCC(=O)OCCCCCCCCCCCC,KW_2014,KW_2014,1
-0.58140457,2.327221967,CCCCCCCCCCCCOC(=O)CCN(CCCN(C)C)CCCN(CCC(=O)OCCCCCCCCCCCC)CCC(=O)OCCCCCCCCCCCC,KW_2014,KW_2014,2
-0.18070112,4.148872257,CCCCCCCCCCCCOC(=O)CCN(CCCN(C)CCCN(CCC(=O)OCCCCCCCCCCCC)CCC(=O)OCCCCCCCCCCCC)CCC(=O)OCCCCCCCCCCCC,KW_2014,KW_2014,3
-2.8562229,-0.189569663,CCCCCCCCCCCCOC(=O)CCN(CCCN(CC)CC)CCC(=O)OCCCCCCCCCCCC,KW_2014,KW_2014,1
-4.1795897,1.380419397,CCCCCCCCCCCCOC(=O)CCN(CCCN(CCC(=O)OCCCCCCCCCCCC)CCC(=O)OCCCCCCCCCCCC)CCC(=O)OCCCCCCCCCCCC,KW_2014,KW_2014,2
-3.3893719,0.548749303,CCCCCCCCCCCCOC(=O)CCN(CCCN(CCC(=O)OCCCCCCCCCCCC)CCC(=O)OCCCCCCCCCCCC)CCCN(CCC(=O)OCCCCCCCCCCCC)CCC(=O)OCCCCCCCCCCCC,KW_2014,KW_2014,1
-4.4895477,1.123904248,CCCCCCCCCCCCOC(=O)CCN(CCCN(CCC(=O)OCCCCCCCCCCCC)CCN(CCC(=O)OCCCCCCCCCCCC)CCC(=O)OCCCCCCCCCCCC)CCC(=O)OCCCCCCCCCCCC,KW_2014,KW_2014,2
-5.331975,-0.962945226,CCCCCCCCCCCCOC(=O)CCN(CCCN(CCC(=O)OCCCCCCCCCCCC)CCN(CCC(=O)OCCCCCCCCCCCC)CCC(=O)OCCCCCCCCCCCC)CCN(CCC(=O)OCCCCCCCCCCCC)CCC(=O)OCCCCCCCCCCCC,KW_2014,KW_2014,0
-4.4484496,-0.652269399,CCCCCCCCCCCCOC(=O)CCN(CCCN(CCCN(CCC(=O)OCCCCCCCCCCCC)CCC(=O)OCCCCCCCCCCCC)CCC(=O)OCCCCCCCCCCCC)CCCN(CCC(=O)OCCCCCCCCCCCC)CCC(=O)OCCCCCCCCCCCC,KW_2014,KW_2014,0
-4.916635,-0.081851233,CCCCCCCCCCCCOC(=O)CCN(CCCN1CCN(C(C)C)CC1)CCC(=O)OCCCCCCCCCCCC,KW_2014,KW_2014,1
-1.7493057,3.462880392,CCCCCCCCCCCCOC(=O)CCN(CCCN1CCN(CCCN(CCC(=O)OCCCCCCCCCCCC)CCC(=O)OCCCCCCCCCCCC)CC1)CCC(=O)OCCCCCCCCCCCC,KW_2014,KW_2014,2
-5.4250712,0.105870597,CCCCCCCCCCCCOC(=O)CCN(CCCn1ccnc1)CCC(=O)OCCCCCCCCCCCC,KW_2014,KW_2014,1
-4.212318,-0.177829158,CCCCCCCCCCCCOC(=O)CCN(CCCN1CCOCC1)CCC(=O)OCCCCCCCCCCCC,KW_2014,KW_2014,1
-5.2469344,0.675591143,CCCCCCCCCCCCOC(=O)CCN(CCCO)CCC(=O)OCCCCCCCCCCCC,KW_2014,KW_2014,1
-4.318742,-0.940707043,CCCCCCCCCCCCOC(=O)CCN(CCCOC(C)C)CCC(=O)OCCCCCCCCCCCC,KW_2014,KW_2014,0
-5.4728317,-0.310515212,CCCCCCCCCCCCOC(=O)CCN(CCCOC)CCC(=O)OCCCCCCCCCCCC,KW_2014,KW_2014,0
-5.4728317,0.085268942,CCCCCCCCCCCCOC(=O)CCN(CCCOC)CCC(=O)OCCCCCCCCCCCC,KW_2014,KW_2014,1
-2.9232085,-0.132775639,CCCCCCCCCCCCOC(=O)CCN(CCCOCCCCOCCCN(CCC(=O)OCCCCCCCCCCCC)CCC(=O)OCCCCCCCCCCCC)CCC(=O)OCCCCCCCCCCCC,KW_2014,KW_2014,1
-2.250239,-0.324479827,CCCCCCCCCCCCOC(=O)CCN(CCCOCCOCCOCCCN(CCC(=O)OCCCCCCCCCCCC)CCC(=O)OCCCCCCCCCCCC)CCC(=O)OCCCCCCCCCCCC,KW_2014,KW_2014,0
-4.405379,-0.37630906,CCCCCCCCCCCCOC(=O)CCN(CCN(CCC(=O)OCCCCCCCCCCCC)C(C)(C)C)C(C)(C)C,KW_2014,KW_2014,0
-5.041034,-0.634890079,CCCCCCCCCCCCOC(=O)CCN(CCN(CCC(=O)OCCCCCCCCCCCC)C(C)C)C(C)C,KW_2014,KW_2014,0
-5.1846805,0.473958535,CCCCCCCCCCCCOC(=O)CCN(CCO)CCC(=O)OCCCCCCCCCCCC,KW_2014,KW_2014,1
-3.2082207,1.634007769,CCCCCCCCCCCCOC(=O)CCN(CCO)CCN(CCC(=O)OCCCCCCCCCCCC)CCC(=O)OCCCCCCCCCCCC,KW_2014,KW_2014,2
-3.8212476,0.494563011,CCCCCCCCCCCCOC(=O)CCN(CCO)CCN(CCO)CCC(=O)OCCCCCCCCCCCC,KW_2014,KW_2014,1
-3.8212476,-0.126737036,CCCCCCCCCCCCOC(=O)CCN(CCO)CCN(CCO)CCC(=O)OCCCCCCCCCCCC,KW_2014,KW_2014,1
-5.022369,0.051964611,CCCCCCCCCCCCOC(=O)CCN(CCOC)CCC(=O)OCCCCCCCCCCCC,KW_2014,KW_2014,1
-5.14048,-0.650573177,CCCCCCCCCCCCOC(=O)CCN(CCOCC)CCC(=O)OCCCCCCCCCCCC,KW_2014,KW_2014,0
-4.129494,-0.882896451,CCCCCCCCCCCCOC(=O)CCN(CCOCCN1CCCC1)CCC(=O)OCCCCCCCCCCCC,KW_2014,KW_2014,0
-4.846615,0.854199236,CCCCCCCCCCCCOC(=O)CCN(CCOCCO)CCC(=O)OCCCCCCCCCCCC,KW_2014,KW_2014,1
-4.846615,1.0045595,CCCCCCCCCCCCOC(=O)CCN(CCOCCO)CCC(=O)OCCCCCCCCCCCC,KW_2014,KW_2014,2
-2.3000185,-0.391748248,CCCCCCCCCCCCOC(=O)CCN(CCOCCOCCN(CCC(=O)OCCCCCCCCCCCC)CCC(=O)OCCCCCCCCCCCC)CCC(=O)OCCCCCCCCCCCC,KW_2014,KW_2014,0
-2.242393,0.245205039,CCCCCCCCCCCCOC(=O)CCN(CCOCCOCCOCCN(CCC(=O)OCCCCCCCCCCCC)CCC(=O)OCCCCCCCCCCCC)CCC(=O)OCCCCCCCCCCCC,KW_2014,KW_2014,1
-3.7498987,0.893689019,CCCCCCCCCCCCOC(=O)CCN1C(C)N(CCC(=O)OCCCCCCCCCCCC)C(C)N(CCC(=O)OCCCCCCCCCCCC)C1C,KW_2014,KW_2014,1
-4.751048,0.547633192,CCCCCCCCCCCCOC(=O)CCN1CC[C@@H](N(CCC(=O)OCCCCCCCCCCCC)CCC(=O)OCCCCCCCCCCCC)C1,KW_2014,KW_2014,1
-4.4664474,-0.651630148,CCCCCCCCCCCCOC(=O)CCN1CCC(N(CCC(=O)OCCCCCCCCCCCC)CCC(=O)OCCCCCCCCCCCC)CC1,KW_2014,KW_2014,0
-2.0857413,-0.196083445,CCCCCCCCCCCCOC(=O)CCN1CCCCN(C)CCN(CCC(=O)OCCCCCCCCCCCC)CCCN(C)CC1,KW_2014,KW_2014,1
-3.791279,0.458438548,CCCCCCCCCCCCOC(=O)CCN1CCCN(CCC(=O)OCCCCCCCCCCCC)CCCN(CCC(=O)OCCCCCCCCCCCC)CCC1,KW_2014,KW_2014,1
-3.8443193,0.064174122,CCCCCCCCCCCCOC(=O)CCN1CCCN(CCC(=O)OCCCCCCCCCCCC)CCCN(CCC(=O)OCCCCCCCCCCCC)CCN(CCC(=O)OCCCCCCCCCCCC)CCC1,KW_2014,KW_2014,1
-3.6762562,-0.465464023,CCCCCCCCCCCCOC(=O)CCN1CCCN(CCC(=O)OCCCCCCCCCCCC)CCN(CCC(=O)OCCCCCCCCCCCC)CCCN(CCC(=O)OCCCCCCCCCCCC)CC1,KW_2014,KW_2014,0
-3.2129755,-0.342571384,CCCCCCCCCCCCOC(=O)CCN1CCCN(CCC(=O)OCCCCCCCCCCCC)CCN(CCC(=O)OCCCCCCCCCCCC)CCN(CCC(=O)OCCCCCCCCCCCC)CC1,KW_2014,KW_2014,0
-6.028799,-0.509157849,CCCCCCCCCCCCOC(=O)CCN1CCN(CCC(=O)OCCCCCCCCCCCC)[C@H](C)C1,KW_2014,KW_2014,0
-4.9318433,-0.252151009,CCCCCCCCCCCCOC(=O)CCN1CCN(CCC(=O)OCCCCCCCCCCCC)C(c2ccccc2)C1,KW_2014,KW_2014,0
-2.4756372,2.440488007,CCCCCCCCCCCCOC(=O)CCN1CCN(CCC(=O)OCCCCCCCCCCCC)C2C1N(CCC(=O)OCCCCCCCCCCCC)CCN2CCC(=O)OCCCCCCCCCCCC,KW_2014,KW_2014,2
-6.2440677,0.011790994,CCCCCCCCCCCCOC(=O)CCN1CCN(CCC(=O)OCCCCCCCCCCCC)CC1,KW_2014,KW_2014,1
-2.8380725,0.199003655,CCCCCCCCCCCCOC(=O)CCN1CCN(CCC(=O)OCCCCCCCCCCCC)CCN(CCC(=O)OCCCCCCCCCCCC)CCN(CCC(=O)OCCCCCCCCCCCC)CC1,KW_2014,KW_2014,1
-3.981565,-0.707243293,CCCCCCCCCCCCOC(=O)CCN1CCOCCN(CCC(=O)OCCCCCCCCCCCC)CCN(CCC(=O)OCCCCCCCCCCCC)CC1,KW_2014,KW_2014,0
-4.234443,-0.177759112,CCCCCCCCCCCOC(=O)CCN(C)c1ccc(Cc2ccc(N(CCC(=O)OCCCCCCCCCCC)CCC(=O)OCCCCCCCCCCC)cc2)cc1,KW_2014,KW_2014,1
-4.598032,-0.922386044,CCCCCCCCCCCOC(=O)CCN(C)c1ccccc1N(CCC(=O)OCCCCCCCCCCC)CCC(=O)OCCCCCCCCCCC,KW_2014,KW_2014,0
-4.419865,-0.727225163,CCCCCCCCCCCOC(=O)CCN(C)CCCCCCN(C)CCC(=O)OCCCCCCCCCCC,KW_2014,KW_2014,0
-3.4246633,-0.680804151,CCCCCCCCCCCOC(=O)CCN(C)CCCN(CC)CCCN(C)CCC(=O)OCCCCCCCCCCC,KW_2014,KW_2014,0
-2.8490727,0.523733281,CCCCCCCCCCCOC(=O)CCN(C)CCCN(CCC(=O)OCCCCCCCCCCC)CCC(=O)OCCCCCCCCCCC,KW_2014,KW_2014,1
-5.959048,-0.711134834,CCCCCCCCCCCOC(=O)CCN(C)CCN(C)CCC(=O)OCCCCCCCCCCC,KW_2014,KW_2014,0
-2.6982484,0.506803741,CCCCCCCCCCCOC(=O)CCN(C)CCN(CCC(=O)OCCCCCCCCCCC)CCC(=O)OCCCCCCCCCCC,KW_2014,KW_2014,1
-3.110569,2.008126856,CCCCCCCCCCCOC(=O)CCN(C)CCN(CCN(C)CCC(=O)OCCCCCCCCCCC)CCN(C)CCC(=O)OCCCCCCCCCCC,KW_2014,KW_2014,2
-5.3076596,0.866327626,CCCCCCCCCCCOC(=O)CCN(C)CCOCCN(C)CCC(=O)OCCCCCCCCCCC,KW_2014,KW_2014,1
-4.8031383,-0.673967795,CCCCCCCCCCCOC(=O)CCN(C)CCOCCOCCN(C)CCC(=O)OCCCCCCCCCCC,KW_2014,KW_2014,0
-4.8031383,-0.558411063,CCCCCCCCCCCOC(=O)CCN(C)CCOCCOCCN(C)CCC(=O)OCCCCCCCCCCC,KW_2014,KW_2014,0
-3.286349,-1.277147572,CCCCCCCCCCCOC(=O)CCN(c1ccccc1)c1ccc(-c2ccc(N(CCC(=O)OCCCCCCCCCCC)c3ccccc3)cc2)cc1,KW_2014,KW_2014,0
-4.4287667,0.694956829,CCCCCCCCCCCOC(=O)CCN(CC)CCCN(CC)CCC(=O)OCCCCCCCCCCC,KW_2014,KW_2014,1
-5.7915764,0.237957409,CCCCCCCCCCCOC(=O)CCN(CC)CCN(CC)CCC(=O)OCCCCCCCCCCC,KW_2014,KW_2014,1
-3.4111178,0.503810568,CCCCCCCCCCCOC(=O)CCN(CC)CCN(CCC(=O)OCCCCCCCCCCC)CCC(=O)OCCCCCCCCCCC,KW_2014,KW_2014,1
-4.9433017,-0.749488422,CCCCCCCCCCCOC(=O)CCN(CCC(=O)OCCCCCCCCCCC)[C@H](c1ccccc1)[C@H](c1ccccc1)N(CCC(=O)OCCCCCCCCCCC)CCC(=O)OCCCCCCCCCCC,KW_2014,KW_2014,0
-5.9230547,1.745438259,CCCCCCCCCCCOC(=O)CCN(CCC(=O)OCCCCCCCCCCC)[C@@H](CO)CC(C)C,KW_2014,KW_2014,2
-5.9230547,2.829670627,CCCCCCCCCCCOC(=O)CCN(CCC(=O)OCCCCCCCCCCC)[C@@H](CO)CC(C)C,KW_2014,KW_2014,2
-3.864169,0.785534244,CCCCCCCCCCCOC(=O)CCN(CCC(=O)OCCCCCCCCCCC)[C@@H]1CCCC[C@H]1N(CCC(=O)OCCCCCCCCCCC)CCC(=O)OCCCCCCCCCCC,KW_2014,KW_2014,1
-4.070081,-0.191229538,CCCCCCCCCCCOC(=O)CCN(CCC(=O)OCCCCCCCCCCC)[C@H]1CC[C@H](N(CCC(=O)OCCCCCCCCCCC)CCC(=O)OCCCCCCCCCCC)CC1,KW_2014,KW_2014,1
-3.864169,-0.231738293,CCCCCCCCCCCOC(=O)CCN(CCC(=O)OCCCCCCCCCCC)[C@@H]1CCCC[C@@H]1N(CCC(=O)OCCCCCCCCCCC)CCC(=O)OCCCCCCCCCCC,KW_2014,KW_2014,0
-5.2190056,-0.20386293,CCCCCCCCCCCOC(=O)CCN(CCC(=O)OCCCCCCCCCCC)C(=O)C1CCCN1C,KW_2014,KW_2014,1
-5.546173,-0.582803363,CCCCCCCCCCCOC(=O)CCN(CCC(=O)OCCCCCCCCCCC)C(C)(C)C,KW_2014,KW_2014,0
-5.575807,-0.293767604,CCCCCCCCCCCOC(=O)CCN(CCC(=O)OCCCCCCCCCCC)C(C)(C)CC,KW_2014,KW_2014,0
-4.8515043,-0.604461137,CCCCCCCCCCCOC(=O)CCN(CCC(=O)OCCCCCCCCCCC)C(C)(C)CC(C)(C)C,KW_2014,KW_2014,0
-5.800021,-0.852241035,CCCCCCCCCCCOC(=O)CCN(CCC(=O)OCCCCCCCCCCC)C(C)(CO)CO,KW_2014,KW_2014,0
-5.7825084,-0.259280426,CCCCCCCCCCCOC(=O)CCN(CCC(=O)OCCCCCCCCCCC)C(C)C,KW_2014,KW_2014,0
-5.8821454,-0.802708131,CCCCCCCCCCCOC(=O)CCN(CCC(=O)OCCCCCCCCCCC)C(C)C(C)C,KW_2014,KW_2014,0
-6.598648,-0.50286735,CCCCCCCCCCCOC(=O)CCN(CCC(=O)OCCCCCCCCCCC)C(C)c1ccc(C)cc1,KW_2014,KW_2014,0
-5.7462926,-0.208747048,CCCCCCCCCCCOC(=O)CCN(CCC(=O)OCCCCCCCCCCC)C(C)CC,KW_2014,KW_2014,1
-5.668909,-0.506826504,CCCCCCCCCCCOC(=O)CCN(CCC(=O)OCCCCCCCCCCC)C(C)CCC,KW_2014,KW_2014,0
-5.733224,-0.606703382,CCCCCCCCCCCOC(=O)CCN(CCC(=O)OCCCCCCCCCCC)C(C)CO,KW_2014,KW_2014,0
-4.5629687,-0.187521039,CCCCCCCCCCCOC(=O)CCN(CCC(=O)OCCCCCCCCCCC)C(c1ccccc1)(c1ccccc1)c1ccccc1,KW_2014,KW_2014,1
-5.7165112,-1.046331157,CCCCCCCCCCCOC(=O)CCN(CCC(=O)OCCCCCCCCCCC)C(c1ccccc1)c1ccccc1,KW_2014,KW_2014,0
-5.998455,-0.268440893,CCCCCCCCCCCOC(=O)CCN(CCC(=O)OCCCCCCCCCCC)C(CC)CC,KW_2014,KW_2014,0
-3.7596781,-0.593351056,CCCCCCCCCCCOC(=O)CCN(CCC(=O)OCCCCCCCCCCC)C(CO)(CO)CO,KW_2014,KW_2014,0
-6.2664156,-1.15125266,CCCCCCCCCCCOC(=O)CCN(CCC(=O)OCCCCCCCCCCC)C(CO)C(C)(C)C,KW_2014,KW_2014,0
-4.948547,-0.209609528,CCCCCCCCCCCOC(=O)CCN(CCC(=O)OCCCCCCCCCCC)C[C@@H](C)O,KW_2014,KW_2014,0
-5.231474,-0.472029293,CCCCCCCCCCCOC(=O)CCN(CCC(=O)OCCCCCCCCCCC)C[C@@H]1CCCN1CC,KW_2014,KW_2014,0
-5.231474,0.195061115,CCCCCCCCCCCOC(=O)CCN(CCC(=O)OCCCCCCCCCCC)C[C@H]1CCCN1CC,KW_2014,KW_2014,1
-3.479941,-0.231202777,CCCCCCCCCCCOC(=O)CCN(CCC(=O)OCCCCCCCCCCC)C12C[C@H]3C[C@@H](C1)C[C@@H](C2)C3,KW_2014,KW_2014,0
-5.092642,-0.99508726,CCCCCCCCCCCOC(=O)CCN(CCC(=O)OCCCCCCCCCCC)c1c(-c2ccccc2)cc(-c2ccccc2)cc1-c1ccccc1,KW_2014,KW_2014,0
-4.553024,-1.017106662,CCCCCCCCCCCOC(=O)CCN(CCC(=O)OCCCCCCCCCCC)c1c(C)c(C)c(N(CCC(=O)OCCCCCCCCCCC)CCC(=O)OCCCCCCCCCCC)c(C)c1C,KW_2014,KW_2014,0
-3.6485684,-0.045367688,CCCCCCCCCCCOC(=O)CCN(CCC(=O)OCCCCCCCCCCC)c1c(C)cc(-c2cc(C)c(N(CCC(=O)OCCCCCCCCCCC)CCC(=O)OCCCCCCCCCCC)c(C)c2)cc1C,KW_2014,KW_2014,1
-5.2297673,-0.674505715,CCCCCCCCCCCOC(=O)CCN(CCC(=O)OCCCCCCCCCCC)c1c(CC)cccc1CC,KW_2014,KW_2014,0
-4.7527933,-0.389188634,CCCCCCCCCCCOC(=O)CCN(CCC(=O)OCCCCCCCCCCC)c1c(F)cc(F)cc1F,KW_2014,KW_2014,0
-5.0598354,-1.131189043,CCCCCCCCCCCOC(=O)CCN(CCC(=O)OCCCCCCCCCCC)c1c(N(CCC(=O)OCCCCCCCCCCC)CCC(=O)OCCCCCCCCCCC)c2ccccc2c2ccccc12,KW_2014,KW_2014,0
-4.125801,-0.870221076,CCCCCCCCCCCOC(=O)CCN(CCC(=O)OCCCCCCCCCCC)c1cc(C(C)(C)C)ccc1C(C)(C)C,KW_2014,KW_2014,0
-5.027986,-1.277147572,CCCCCCCCCCCOC(=O)CCN(CCC(=O)OCCCCCCCCCCC)c1cc(C(C)(C)C)ccc1OC,KW_2014,KW_2014,0
-5.1760054,-1.277147572,CCCCCCCCCCCOC(=O)CCN(CCC(=O)OCCCCCCCCCCC)c1cc(C)c(C)cc1N(CCC(=O)OCCCCCCCCCCC)CCC(=O)OCCCCCCCCCCC,KW_2014,KW_2014,0
-5.1458263,-1.080548132,CCCCCCCCCCCOC(=O)CCN(CCC(=O)OCCCCCCCCCCC)c1cc(F)c(F)c(F)c1,KW_2014,KW_2014,0
-5.5828085,-0.452284428,CCCCCCCCCCCOC(=O)CCN(CCC(=O)OCCCCCCCCCCC)c1cc(F)cc(F)c1,KW_2014,KW_2014,0
-5.0030694,-0.93656882,CCCCCCCCCCCOC(=O)CCN(CCC(=O)OCCCCCCCCCCC)c1cc(F)ccc1F,KW_2014,KW_2014,0
-5.1100163,-0.675070011,CCCCCCCCCCCOC(=O)CCN(CCC(=O)OCCCCCCCCCCC)c1cc(OC)ccc1OC,KW_2014,KW_2014,0
-6.3108563,-0.298489893,CCCCCCCCCCCOC(=O)CCN(CCC(=O)OCCCCCCCCCCC)C1CC1,KW_2014,KW_2014,0
-5.895093,-0.190267015,CCCCCCCCCCCOC(=O)CCN(CCC(=O)OCCCCCCCCCCC)C1CC2CCC1C2,KW_2014,KW_2014,1
-6.848301,0.836548812,CCCCCCCCCCCOC(=O)CCN(CCC(=O)OCCCCCCCCCCC)C1Cc2ccccc2C1,KW_2014,KW_2014,1
-4.3138647,-0.706745871,CCCCCCCCCCCOC(=O)CCN(CCC(=O)OCCCCCCCCCCC)c1ccc(-c2ccc(N(CCC(=O)OCCCCCCCCCCC)CCC(=O)OCCCCCCCCCCC)c(C)c2)cc1C,KW_2014,KW_2014,0
-5.2476997,-0.534962613,CCCCCCCCCCCOC(=O)CCN(CCC(=O)OCCCCCCCCCCC)c1ccc(-c2ccc(N(CCC(=O)OCCCCCCCCCCC)CCC(=O)OCCCCCCCCCCC)c(N(CCC(=O)OCCCCCCCCCCC)CCC(=O)OCCCCCCCCCCC)c2)cc1N(CCC(=O)OCCCCCCCCCCC)CCC(=O)OCCCCCCCCCCC,KW_2014,KW_2014,0
-5.7160606,-1.277147572,CCCCCCCCCCCOC(=O)CCN(CCC(=O)OCCCCCCCCCCC)c1ccc(-c2ccccc2)cc1,KW_2014,KW_2014,0
-5.151947,-0.597560275,CCCCCCCCCCCOC(=O)CCN(CCC(=O)OCCCCCCCCCCC)c1ccc(C(C)(C)C)cc1,KW_2014,KW_2014,0
-5.354139,-0.504047454,CCCCCCCCCCCOC(=O)CCN(CCC(=O)OCCCCCCCCCCC)c1ccc(C(C)C)cc1,KW_2014,KW_2014,0
-5.214874,-0.120399009,CCCCCCCCCCCOC(=O)CCN(CCC(=O)OCCCCCCCCCCC)c1ccc(C)c(F)c1,KW_2014,KW_2014,1
-4.396438,-0.918626748,CCCCCCCCCCCOC(=O)CCN(CCC(=O)OCCCCCCCCCCC)c1ccc(C)c(N(CCC(=O)OCCCCCCCCCCC)CCC(=O)OCCCCCCCCCCC)c1,KW_2014,KW_2014,0
-5.1238375,-0.324755606,CCCCCCCCCCCOC(=O)CCN(CCC(=O)OCCCCCCCCCCC)c1ccc(C)cc1N(CCC(=O)OCCCCCCCCCCC)CCC(=O)OCCCCCCCCCCC,KW_2014,KW_2014,0
-4.0999403,-0.031728246,CCCCCCCCCCCOC(=O)CCN(CCC(=O)OCCCCCCCCCCC)c1ccc(C2(c3ccc(N(CCC(=O)OCCCCCCCCCCC)CCC(=O)OCCCCCCCCCCC)cc3)c3ccccc3-c3ccccc32)cc1,KW_2014,KW_2014,1
-2.707256,-0.005247396,CCCCCCCCCCCOC(=O)CCN(CCC(=O)OCCCCCCCCCCC)C1CCC(CC2CCC(N(CCC(=O)OCCCCCCCCCCC)CCC(=O)OCCCCCCCCCCC)C(C)C2)CC1C,KW_2014,KW_2014,1
-4.7815657,-0.794336,CCCCCCCCCCCOC(=O)CCN(CCC(=O)OCCCCCCCCCCC)c1ccc(Cc2ccc(N(CCC(=O)OCCCCCCCCCCC)CCC(=O)OCCCCCCCCCCC)cc2)cc1,KW_2014,KW_2014,0
-5.867822,-0.031947915,CCCCCCCCCCCOC(=O)CCN(CCC(=O)OCCCCCCCCCCC)c1ccc(F)c(F)c1,KW_2014,KW_2014,1
-5.77017,-0.403673762,CCCCCCCCCCCOC(=O)CCN(CCC(=O)OCCCCCCCCCCC)c1ccc(F)cc1,KW_2014,KW_2014,0
-4.902632,0.070575589,CCCCCCCCCCCOC(=O)CCN(CCC(=O)OCCCCCCCCCCC)c1ccc(F)cc1C(F)(F)F,KW_2014,KW_2014,1
-4.7059426,-0.278384067,CCCCCCCCCCCOC(=O)CCN(CCC(=O)OCCCCCCCCCCC)c1ccc(N(CCC(=O)OCCCCCCCCCCC)c2ccccc2)cc1,KW_2014,KW_2014,0
-4.674194,-0.646706171,CCCCCCCCCCCOC(=O)CCN(CCC(=O)OCCCCCCCCCCC)c1ccc(N(CCC(=O)OCCCCCCCCCCC)CCC(=O)OCCCCCCCCCCC)cc1,KW_2014,KW_2014,0
-5.553741,-0.358623351,CCCCCCCCCCCOC(=O)CCN(CCC(=O)OCCCCCCCCCCC)c1ccc(OC(F)(F)F)cc1,KW_2014,KW_2014,0
-4.493377,-0.406301919,CCCCCCCCCCCOC(=O)CCN(CCC(=O)OCCCCCCCCCCC)c1ccc(OC(F)F)cc1,KW_2014,KW_2014,0
-6.0742764,-0.356699231,CCCCCCCCCCCOC(=O)CCN(CCC(=O)OCCCCCCCCCCC)c1ccc(OC)c(F)c1,KW_2014,KW_2014,0
-5.1971684,-1.017048829,CCCCCCCCCCCOC(=O)CCN(CCC(=O)OCCCCCCCCCCC)c1ccc(Oc2ccc(F)cc2)cc1,KW_2014,KW_2014,0
-4.775761,-0.01807485,CCCCCCCCCCCOC(=O)CCN(CCC(=O)OCCCCCCCCCCC)c1ccc(Oc2ccc(N(CCC(=O)OCCCCCCCCCCC)CCC(=O)OCCCCCCCCCCC)cc2)cc1,KW_2014,KW_2014,1
-5.317443,-0.237867958,CCCCCCCCCCCOC(=O)CCN(CCC(=O)OCCCCCCCCCCC)c1ccc(Oc2ccccc2)cc1,KW_2014,KW_2014,0
-5.1132812,-1.169077639,CCCCCCCCCCCOC(=O)CCN(CCC(=O)OCCCCCCCCCCC)c1ccc(OCCCCCCCC)cc1,KW_2014,KW_2014,0
-6.011894,-0.380671848,CCCCCCCCCCCOC(=O)CCN(CCC(=O)OCCCCCCCCCCC)C1CCC1,KW_2014,KW_2014,0
-4.317573,-1.277147572,CCCCCCCCCCCOC(=O)CCN(CCC(=O)OCCCCCCCCCCC)c1ccc2c(c1)Cc1cc(N(CCC(=O)OCCCCCCCCCCC)CCC(=O)OCCCCCCCCCCC)ccc1-2,KW_2014,KW_2014,0
-5.8027515,-0.358371914,CCCCCCCCCCCOC(=O)CCN(CCC(=O)OCCCCCCCCCCC)c1ccc2c(c1)CCCC2,KW_2014,KW_2014,0
-5.3948784,2.271613068,CCCCCCCCCCCOC(=O)CCN(CCC(=O)OCCCCCCCCCCC)c1ccc2c(c1)OCCO2,KW_2014,KW_2014,2
-6.125564,-0.891674942,CCCCCCCCCCCOC(=O)CCN(CCC(=O)OCCCCCCCCCCC)c1ccc2c(c1)OCO2,KW_2014,KW_2014,0
-4.4955525,-1.277147572,CCCCCCCCCCCOC(=O)CCN(CCC(=O)OCCCCCCCCCCC)c1ccc2cc3ccccc3cc2c1,KW_2014,KW_2014,0
-6.30168,0.362037959,CCCCCCCCCCCOC(=O)CCN(CCC(=O)OCCCCCCCCCCC)C1CCc2ccccc21,KW_2014,KW_2014,1
-4.651335,-0.618048446,CCCCCCCCCCCOC(=O)CCN(CCC(=O)OCCCCCCCCCCC)c1ccc2ccccc2c1-c1c(N(CCC(=O)OCCCCCCCCCCC)CCC(=O)OCCCCCCCCCCC)ccc2ccccc12,KW_2014,KW_2014,0
-5.8945594,-0.41669015,CCCCCCCCCCCOC(=O)CCN(CCC(=O)OCCCCCCCCCCC)c1cccc(-c2ccccc2)c1,KW_2014,KW_2014,0
-5.78005,-1.277147572,CCCCCCCCCCCOC(=O)CCN(CCC(=O)OCCCCCCCCCCC)c1cccc(C(F)(F)F)c1,KW_2014,KW_2014,0
-5.4893274,-0.199496283,CCCCCCCCCCCOC(=O)CCN(CCC(=O)OCCCCCCCCCCC)c1cccc(C)c1N(CCC(=O)OCCCCCCCCCCC)CCC(=O)OCCCCCCCCCCC,KW_2014,KW_2014,1
-5.8596787,-1.277147572,CCCCCCCCCCCOC(=O)CCN(CCC(=O)OCCCCCCCCCCC)c1cccc(F)c1,KW_2014,KW_2014,0
-4.2990384,0.933471143,CCCCCCCCCCCOC(=O)CCN(CCC(=O)OCCCCCCCCCCC)C1CCCC(N(CCC(=O)OCCCCCCCCCCC)CCC(=O)OCCCCCCCCCCC)C1,KW_2014,KW_2014,1
-4.5040174,0.292407797,CCCCCCCCCCCOC(=O)CCN(CCC(=O)OCCCCCCCCCCC)c1cccc(N(CCC(=O)OCCCCCCCCCCC)CCC(=O)OCCCCCCCCCCC)c1,KW_2014,KW_2014,1
-4.652293,-0.17151223,CCCCCCCCCCCOC(=O)CCN(CCC(=O)OCCCCCCCCCCC)c1cccc(N(CCC(=O)OCCCCCCCCCCC)CCC(=O)OCCCCCCCCCCC)c1C,KW_2014,KW_2014,1
-5.881985,-0.615611316,CCCCCCCCCCCOC(=O)CCN(CCC(=O)OCCCCCCCCCCC)c1cccc(OC(C)C)c1,KW_2014,KW_2014,0
-5.015611,-1.11869222,CCCCCCCCCCCOC(=O)CCN(CCC(=O)OCCCCCCCCCCC)c1cccc(OCc2ccccc2)c1,KW_2014,KW_2014,0
-5.966713,-0.525340785,CCCCCCCCCCCOC(=O)CCN(CCC(=O)OCCCCCCCCCCC)c1cccc2c1CCC2,KW_2014,KW_2014,0
-5.227292,0.134354947,CCCCCCCCCCCOC(=O)CCN(CCC(=O)OCCCCCCCCCCC)c1cccc2cccc(N(CCC(=O)OCCCCCCCCCCC)CCC(=O)OCCCCCCCCCCC)c12,KW_2014,KW_2014,1
-5.475922,-0.099744744,CCCCCCCCCCCOC(=O)CCN(CCC(=O)OCCCCCCCCCCC)C1CCCCC1,KW_2014,KW_2014,1
-5.109819,-0.476758344,CCCCCCCCCCCOC(=O)CCN(CCC(=O)OCCCCCCCCCCC)c1ccccc1C(C)(C)C,KW_2014,KW_2014,0
-5.2193546,-1.218115746,CCCCCCCCCCCOC(=O)CCN(CCC(=O)OCCCCCCCCCCC)c1ccccc1C(C)C,KW_2014,KW_2014,0
-4.5409966,0.603586921,CCCCCCCCCCCOC(=O)CCN(CCC(=O)OCCCCCCCCCCC)c1ccccc1Cc1ccccc1,KW_2014,KW_2014,1
-5.0148487,-0.070939556,CCCCCCCCCCCOC(=O)CCN(CCC(=O)OCCCCCCCCCCC)c1ccccc1N(CCC(=O)OCCCCCCCCCCC)c1ccccc1,KW_2014,KW_2014,1
-5.3415127,-0.118142934,CCCCCCCCCCCOC(=O)CCN(CCC(=O)OCCCCCCCCCCC)c1ccccc1OC,KW_2014,KW_2014,1
-4.7572784,-0.869810464,CCCCCCCCCCCOC(=O)CCN(CCC(=O)OCCCCCCCCCCC)c1ccccc1Oc1ccccc1,KW_2014,KW_2014,0
-5.50501,-0.907484036,CCCCCCCCCCCOC(=O)CCN(CCC(=O)OCCCCCCCCCCC)c1ccccc1OCC,KW_2014,KW_2014,0
-5.010526,-0.822655359,CCCCCCCCCCCOC(=O)CCN(CCC(=O)OCCCCCCCCCCC)C1CCCCCCC1,KW_2014,KW_2014,0
-6.179677,-1.241239427,CCCCCCCCCCCOC(=O)CCN(CCC(=O)OCCCCCCCCCCC)C1CCN(C)CC1,KW_2014,KW_2014,0
-4.3496776,0.519407089,CCCCCCCCCCCOC(=O)CCN(CCC(=O)OCCCCCCCCCCC)c1nc(N(CCC(=O)OCCCCCCCCCCC)CCC(=O)OCCCCCCCCCCC)nc(N(CCC(=O)OCCCCCCCCCCC)CCC(=O)OCCCCCCCCCCC)n1,KW_2014,KW_2014,1
-5.7549553,-0.516895471,CCCCCCCCCCCOC(=O)CCN(CCC(=O)OCCCCCCCCCCC)CC(=O)N(C)c1ccccc1,KW_2014,KW_2014,0
-5.727175,0.416736962,CCCCCCCCCCCOC(=O)CCN(CCC(=O)OCCCCCCCCCCC)CC(C)(C)CN(C)C,KW_2014,KW_2014,1
-6.096499,-0.867277614,CCCCCCCCCCCOC(=O)CCN(CCC(=O)OCCCCCCCCCCC)CC(C)(C)CO,KW_2014,KW_2014,0
-5.9062023,-0.412027717,CCCCCCCCCCCOC(=O)CCN(CCC(=O)OCCCCCCCCCCC)CC(C)C,KW_2014,KW_2014,0
-6.463714,-0.231141032,CCCCCCCCCCCOC(=O)CCN(CCC(=O)OCCCCCCCCCCC)CC(C)CC,KW_2014,KW_2014,0
-3.4536126,-0.164469581,CCCCCCCCCCCOC(=O)CCN(CCC(=O)OCCCCCCCCCCC)CC(C)N(CCC(=O)OCCCCCCCCCCC)CCC(=O)OCCCCCCCCCCC,KW_2014,KW_2014,1
-5.727649,-0.492340911,CCCCCCCCCCCOC(=O)CCN(CCC(=O)OCCCCCCCCCCC)CC(CC)CCCC,KW_2014,KW_2014,0
-5.1576133,-0.180346401,CCCCCCCCCCCOC(=O)CCN(CCC(=O)OCCCCCCCCCCC)CC(OC)OC,KW_2014,KW_2014,1
-5.7123656,-1.083360345,CCCCCCCCCCCOC(=O)CCN(CCC(=O)OCCCCCCCCCCC)CC[C@H](C)O,KW_2014,KW_2014,0
-3.9742773,-0.614708321,CCCCCCCCCCCOC(=O)CCN(CCC(=O)OCCCCCCCCCCC)CC1(C)CC(N(CCC(=O)OCCCCCCCCCCC)CCC(=O)OCCCCCCCCCCC)CC(C)(C)C1,KW_2014,KW_2014,0
-3.5425005,-0.674660264,CCCCCCCCCCCOC(=O)CCN(CCC(=O)OCCCCCCCCCCC)CC12C[C@H]3C[C@@H](C1)C[C@@H](C2)C3,KW_2014,KW_2014,0
-5.9510727,-0.760550748,CCCCCCCCCCCOC(=O)CCN(CCC(=O)OCCCCCCCCCCC)Cc1cc(C)c(OC)c(OC)c1,KW_2014,KW_2014,0
-6.3269587,0.751991173,CCCCCCCCCCCOC(=O)CCN(CCC(=O)OCCCCCCCCCCC)Cc1cc(F)ccc1F,KW_2014,KW_2014,1
-4.5432568,-0.129512991,CCCCCCCCCCCOC(=O)CCN(CCC(=O)OCCCCCCCCCCC)CC1CCC(CN(CCC(=O)OCCCCCCCCCCC)CCC(=O)OCCCCCCCCCCC)CC1,KW_2014,KW_2014,1
-4.0213633,-0.444603692,CCCCCCCCCCCOC(=O)CCN(CCC(=O)OCCCCCCCCCCC)CC1CCCC(CN(CCC(=O)OCCCCCCCCCCC)CCC(=O)OCCCCCCCCCCC)C1,KW_2014,KW_2014,0
-3.652268,1.292616899,CCCCCCCCCCCOC(=O)CCN(CCC(=O)OCCCCCCCCCCC)Cc1cccc(CN(CCC(=O)OCCCCCCCCCCC)CCC(=O)OCCCCCCCCCCC)c1,KW_2014,KW_2014,2
-6.6781526,-0.153089565,CCCCCCCCCCCOC(=O)CCN(CCC(=O)OCCCCCCCCCCC)Cc1cccc(F)c1,KW_2014,KW_2014,1
-3.6413493,-0.660652359,CCCCCCCCCCCOC(=O)CCN(CCC(=O)OCCCCCCCCCCC)Cc1cccc(N(CCC(=O)OCCCCCCCCCCC)CCC(=O)OCCCCCCCCCCC)c1,KW_2014,KW_2014,0
-6.0841446,-0.256319349,CCCCCCCCCCCOC(=O)CCN(CCC(=O)OCCCCCCCCCCC)CC1CCCCC1,KW_2014,KW_2014,0
-6.6293116,-1.277147572,CCCCCCCCCCCOC(=O)CCN(CCC(=O)OCCCCCCCCCCC)Cc1ccccc1F,KW_2014,KW_2014,0
-4.300518,-0.976913593,CCCCCCCCCCCOC(=O)CCN(CCC(=O)OCCCCCCCCCCC)Cc1ccccc1N(CCC(=O)OCCCCCCCCCCC)CCC(=O)OCCCCCCCCCCC,KW_2014,KW_2014,0
-6.067184,-0.772494051,CCCCCCCCCCCOC(=O)CCN(CCC(=O)OCCCCCCCCCCC)Cc1ccccc1OC,KW_2014,KW_2014,0
-5.8104835,-0.542365227,CCCCCCCCCCCOC(=O)CCN(CCC(=O)OCCCCCCCCCCC)Cc1ccccc1OCC,KW_2014,KW_2014,0
-6.0147915,-0.673827661,CCCCCCCCCCCOC(=O)CCN(CCC(=O)OCCCCCCCCCCC)CC1CCCN1C,KW_2014,KW_2014,0
-4.18181,0.399494808,CCCCCCCCCCCOC(=O)CCN(CCC(=O)OCCCCCCCCCCC)CC1CCCN1CCC(=O)OCCCCCCCCCCC,KW_2014,KW_2014,1
-5.6293254,-0.429788315,CCCCCCCCCCCOC(=O)CCN(CCC(=O)OCCCCCCCCCCC)CC1CCCO1,KW_2014,KW_2014,0
-5.320232,-0.501901125,CCCCCCCCCCCOC(=O)CCN(CCC(=O)OCCCCCCCCCCC)CC1CCN(C)CC1,KW_2014,KW_2014,0
-5.6017632,-0.560050101,CCCCCCCCCCCOC(=O)CCN(CCC(=O)OCCCCCCCCCCC)CC1COC(C)(C)O1,KW_2014,KW_2014,0
-5.761564,-0.203729415,CCCCCCCCCCCOC(=O)CCN(CCC(=O)OCCCCCCCCCCC)Cc1nccn1C,KW_2014,KW_2014,1
-5.177843,0.102275559,CCCCCCCCCCCOC(=O)CCN(CCC(=O)OCCCCCCCCCCC)CCC(=O)N1CCN(CCC(=O)OCCCCCCCCCCC)CC1,KW_2014,KW_2014,1
-5.803653,-0.267542812,CCCCCCCCCCCOC(=O)CCN(CCC(=O)OCCCCCCCCCCC)CCC(C)(C)C,KW_2014,KW_2014,0
-5.5398006,-0.796094247,CCCCCCCCCCCOC(=O)CCN(CCC(=O)OCCCCCCCCCCC)CCC(C)C,KW_2014,KW_2014,0
-5.747785,0.330435359,CCCCCCCCCCCOC(=O)CCN(CCC(=O)OCCCCCCCCCCC)CCC(c1ccccc1)c1ccccc1,KW_2014,KW_2014,1
-4.5956225,-0.082062678,CCCCCCCCCCCOC(=O)CCN(CCC(=O)OCCCCCCCCCCC)CCC1CCC(C)CC1,KW_2014,KW_2014,1
-4.207071,-0.124932978,CCCCCCCCCCCOC(=O)CCN(CCC(=O)OCCCCCCCCCCC)CCC1CCC(CC)CC1,KW_2014,KW_2014,1
-5.1117005,-0.196716094,CCCCCCCCCCCOC(=O)CCN(CCC(=O)OCCCCCCCCCCC)CCc1ccc(OC)c(OC)c1,KW_2014,KW_2014,1
-4.7321887,-1.277147572,CCCCCCCCCCCOC(=O)CCN(CCC(=O)OCCCCCCCCCCC)CCc1ccc(OC)cc1,KW_2014,KW_2014,0
-5.2154503,0.074150357,CCCCCCCCCCCOC(=O)CCN(CCC(=O)OCCCCCCCCCCC)CCc1ccccc1F,KW_2014,KW_2014,1
-5.7341704,-0.067983851,CCCCCCCCCCCOC(=O)CCN(CCC(=O)OCCCCCCCCCCC)CCC1OCCO1,KW_2014,KW_2014,1
-4.0211287,-0.144095072,CCCCCCCCCCCOC(=O)CCN(CCC(=O)OCCCCCCCCCCC)CCN(C(C)C)C(C)C,KW_2014,KW_2014,1
-5.8395424,-0.430371765,CCCCCCCCCCCOC(=O)CCN(CCC(=O)OCCCCCCCCCCC)CCN(C)C,KW_2014,KW_2014,0
-0.5690807,2.382182873,CCCCCCCCCCCOC(=O)CCN(CCC(=O)OCCCCCCCCCCC)CCN(C)CCCN(C)CCN(CCC(=O)OCCCCCCCCCCC)CCC(=O)OCCCCCCCCCCC,KW_2014,KW_2014,2
4.6418877,4.135759959,CCCCCCCCCCCOC(=O)CCN(CCC(=O)OCCCCCCCCCCC)CCN(C)CCN(C)CCN(CCC(=O)OCCCCCCCCCCC)CCC(=O)OCCCCCCCCCCC,KW_2014,KW_2014,2
-0.53009075,3.662479672,CCCCCCCCCCCOC(=O)CCN(CCC(=O)OCCCCCCCCCCC)CCN(C)CCN(CCC(=O)OCCCCCCCCCCC)CCC(=O)OCCCCCCCCCCC,KW_2014,KW_2014,2
-1.6649743,2.470238006,CCCCCCCCCCCOC(=O)CCN(CCC(=O)OCCCCCCCCCCC)CCN(CC)CCN(CC)CCN(CCC(=O)OCCCCCCCCCCC)CCC(=O)OCCCCCCCCCCC,KW_2014,KW_2014,2
-3.8438125,-0.989499033,CCCCCCCCCCCOC(=O)CCN(CCC(=O)OCCCCCCCCCCC)CCN(CCC(=O)OCCCCCCCCCCC)C(C)C,KW_2014,KW_2014,0
-5.0145082,-0.959392659,CCCCCCCCCCCOC(=O)CCN(CCC(=O)OCCCCCCCCCCC)CCN(CCC(=O)OCCCCCCCCCCC)c1ccccc1,KW_2014,KW_2014,0
-4.1709733,-1.003543803,CCCCCCCCCCCOC(=O)CCN(CCC(=O)OCCCCCCCCCCC)CCN(CCC(=O)OCCCCCCCCCCC)Cc1ccccc1,KW_2014,KW_2014,0
-3.4719927,2.437550205,CCCCCCCCCCCOC(=O)CCN(CCC(=O)OCCCCCCCCCCC)CCN(CCC(=O)OCCCCCCCCCCC)CCC(=O)OCCCCCCCCCCC,KW_2014,KW_2014,2
-3.5274713,0.972609728,CCCCCCCCCCCOC(=O)CCN(CCC(=O)OCCCCCCCCCCC)CCN(CCC(=O)OCCCCCCCCCCC)CCN(CC)CC,KW_2014,KW_2014,2
-3.8636029,0.307572578,CCCCCCCCCCCOC(=O)CCN(CCC(=O)OCCCCCCCCCCC)CCN(CCC(=O)OCCCCCCCCCCC)CCN(CCC(=O)OCCCCCCCCCCC)CCC(=O)OCCCCCCCCCCC,KW_2014,KW_2014,1
-4.746237,1.246287402,CCCCCCCCCCCOC(=O)CCN(CCC(=O)OCCCCCCCCCCC)CCN(CCC(=O)OCCCCCCCCCCC)CCN(CCC(=O)OCCCCCCCCCCC)CCN(CCC(=O)OCCCCCCCCCCC)CCC(=O)OCCCCCCCCCCC,KW_2014,KW_2014,2
-5.075536,0.980472748,CCCCCCCCCCCOC(=O)CCN(CCC(=O)OCCCCCCCCCCC)CCN(CCC(=O)OCCCCCCCCCCC)CCN(CCC(=O)OCCCCCCCCCCC)CCN(CCC(=O)OCCCCCCCCCCC)CCN(CCC(=O)OCCCCCCCCCCC)CCC(=O)OCCCCCCCCCCC,KW_2014,KW_2014,2
-5.332933,-0.341968677,CCCCCCCCCCCOC(=O)CCN(CCC(=O)OCCCCCCCCCCC)CCN(CCC(=O)OCCCCCCCCCCC)CCN(CCC(=O)OCCCCCCCCCCC)CCN(CCC(=O)OCCCCCCCCCCC)CCN(CCC(=O)OCCCCCCCCCCC)CCN(CCC(=O)OCCCCCCCCCCC)CCC(=O)OCCCCCCCCCCC,KW_2014,KW_2014,0
-2.512547,0.87284312,CCCCCCCCCCCOC(=O)CCN(CCC(=O)OCCCCCCCCCCC)CCN(CCC(=O)OCCCCCCCCCCC)CCN1CCN(CCN(CCC(=O)OCCCCCCCCCCC)CCC(=O)OCCCCCCCCCCC)CC1,KW_2014,KW_2014,1
-4.696264,0.95357376,CCCCCCCCCCCOC(=O)CCN(CCC(=O)OCCCCCCCCCCC)CCN(CCN(CCC(=O)OCCCCCCCCCCC)CCC(=O)OCCCCCCCCCCC)CCN(CCC(=O)OCCCCCCCCCCC)CCC(=O)OCCCCCCCCCCC,KW_2014,KW_2014,1
-4.506209,-0.40867155,CCCCCCCCCCCOC(=O)CCN(CCC(=O)OCCCCCCCCCCC)CCN(CCO)CCO,KW_2014,KW_2014,0
-4.264035,-0.224522884,CCCCCCCCCCCOC(=O)CCN(CCC(=O)OCCCCCCCCCCC)CCN1CCCC1,KW_2014,KW_2014,0
-5.866061,0.479062018,CCCCCCCCCCCOC(=O)CCN(CCC(=O)OCCCCCCCCCCC)CCN1CCCCC1,KW_2014,KW_2014,1
-2.9014006,0.61895286,CCCCCCCCCCCOC(=O)CCN(CCC(=O)OCCCCCCCCCCC)CCN1CCN(CCC(=O)OCCCCCCCCCCC)CC1,KW_2014,KW_2014,1
-2.216545,3.990380199,CCCCCCCCCCCOC(=O)CCN(CCC(=O)OCCCCCCCCCCC)CCN1CCN(CCN(CCC(=O)OCCCCCCCCCCC)CCC(=O)OCCCCCCCCCCC)CC1,KW_2014,KW_2014,2
-5.8584437,0.5181943,CCCCCCCCCCCOC(=O)CCN(CCC(=O)OCCCCCCCCCCC)CCN1CCOCC1,KW_2014,KW_2014,1
-4.7683253,-0.457811661,CCCCCCCCCCCOC(=O)CCN(CCC(=O)OCCCCCCCCCCC)CN(CC)CCC,KW_2014,KW_2014,0
-6.586958,0.051118227,CCCCCCCCCCCOC(=O)CCN(CCC)CCC(=O)OCCCCCCCCCCC,KW_2014,KW_2014,1
-3.3722153,-0.043754925,CCCCCCCCCCCOC(=O)CCN(CCC)CCCN(CCC(=O)OCCCCCCCCCCC)CCC(=O)OCCCCCCCCCCC,KW_2014,KW_2014,1
-6.519278,0.247351231,CCCCCCCCCCCOC(=O)CCN(CCCC)CCC(=O)OCCCCCCCCCCC,KW_2014,KW_2014,1
-6.3165784,-0.253055937,CCCCCCCCCCCOC(=O)CCN(CCCc1ccccc1)CCC(=O)OCCCCCCCCCCC,KW_2014,KW_2014,0
-6.3590674,-0.014398053,CCCCCCCCCCCOC(=O)CCN(CCCCC)CCC(=O)OCCCCCCCCCCC,KW_2014,KW_2014,1
-6.4001956,-0.376493664,CCCCCCCCCCCOC(=O)CCN(CCCCc1ccccc1)CCC(=O)OCCCCCCCCCCC,KW_2014,KW_2014,0
-5.9329615,0.231119574,CCCCCCCCCCCOC(=O)CCN(CCCCCC)CCC(=O)OCCCCCCCCCCC,KW_2014,KW_2014,1
-4.5359387,-0.020906271,CCCCCCCCCCCOC(=O)CCN(CCCCCCCCN(CCC(=O)OCCCCCCCCCCC)CCC(=O)OCCCCCCCCCCC)CCC(=O)OCCCCCCCCCCC,KW_2014,KW_2014,1
-3.727267,0.210955331,CCCCCCCCCCCOC(=O)CCN(CCCCCCN(CCC(=O)OCCCCCCCCCCC)CCC(=O)OCCCCCCCCCCC)CCCCCCN(CCC(=O)OCCCCCCCCCCC)CCC(=O)OCCCCCCCCCCC,KW_2014,KW_2014,1
-6.057358,0.492976958,CCCCCCCCCCCOC(=O)CCN(CCCCCCO)CCC(=O)OCCCCCCCCCCC,KW_2014,KW_2014,1
-6.2474465,1.418708133,CCCCCCCCCCCOC(=O)CCN(CCCCCO)CCC(=O)OCCCCCCCCCCC,KW_2014,KW_2014,2
-5.039029,-0.144095072,CCCCCCCCCCCOC(=O)CCN(CCCCN(C)Cc1ccccc1)CCC(=O)OCCCCCCCCCCC,KW_2014,KW_2014,1
-6.237152,0.009758459,CCCCCCCCCCCOC(=O)CCN(CCCCN1CCN(C)CC1)CCC(=O)OCCCCCCCCCCC,KW_2014,KW_2014,1
-6.181789,0.32082145,CCCCCCCCCCCOC(=O)CCN(CCCCO)CCC(=O)OCCCCCCCCCCC,KW_2014,KW_2014,1
-5.042285,-0.527989915,CCCCCCCCCCCOC(=O)CCN(CCCN(C)C)CCC(=O)OCCCCCCCCCCC,KW_2014,KW_2014,0
-5.042285,0.239283522,CCCCCCCCCCCOC(=O)CCN(CCCN(C)C)CCC(=O)OCCCCCCCCCCC,KW_2014,KW_2014,1
-1.0050973,0.039907746,CCCCCCCCCCCOC(=O)CCN(CCCN(C)C)CCCN(CCC(=O)OCCCCCCCCCCC)CCC(=O)OCCCCCCCCCCC,KW_2014,KW_2014,1
3.0119328,3.877054095,CCCCCCCCCCCOC(=O)CCN(CCCN(C)CCCN(CCC(=O)OCCCCCCCCCCC)CCC(=O)OCCCCCCCCCCC)CCC(=O)OCCCCCCCCCCC,KW_2014,KW_2014,2
-3.576029,-0.803578965,CCCCCCCCCCCOC(=O)CCN(CCCN(CC)CC)CCC(=O)OCCCCCCCCCCC,KW_2014,KW_2014,0
-4.055907,1.247639002,CCCCCCCCCCCOC(=O)CCN(CCCN(CCC(=O)OCCCCCCCCCCC)CCC(=O)OCCCCCCCCCCC)CCC(=O)OCCCCCCCCCCC,KW_2014,KW_2014,2
-3.714093,1.856347967,CCCCCCCCCCCOC(=O)CCN(CCCN(CCC(=O)OCCCCCCCCCCC)CCC(=O)OCCCCCCCCCCC)CCCN(CCC(=O)OCCCCCCCCCCC)CCC(=O)OCCCCCCCCCCC,KW_2014,KW_2014,2
-3.7988987,1.737175056,CCCCCCCCCCCOC(=O)CCN(CCCN(CCC(=O)OCCCCCCCCCCC)CCN(CCC(=O)OCCCCCCCCCCC)CCC(=O)OCCCCCCCCCCC)CCC(=O)OCCCCCCCCCCC,KW_2014,KW_2014,2
-4.8927574,-0.078963392,CCCCCCCCCCCOC(=O)CCN(CCCN(CCC(=O)OCCCCCCCCCCC)CCN(CCC(=O)OCCCCCCCCCCC)CCC(=O)OCCCCCCCCCCC)CCN(CCC(=O)OCCCCCCCCCCC)CCC(=O)OCCCCCCCCCCC,KW_2014,KW_2014,1
-3.261016,3.683879145,CCCCCCCCCCCOC(=O)CCN(CCCN(CCCN(CCC(=O)OCCCCCCCCCCC)CCC(=O)OCCCCCCCCCCC)CCC(=O)OCCCCCCCCCCC)CCCN(CCC(=O)OCCCCCCCCCCC)CCC(=O)OCCCCCCCCCCC,KW_2014,KW_2014,2
-6.17734,-0.038364475,CCCCCCCCCCCOC(=O)CCN(CCCN1CCN(C(C)C)CC1)CCC(=O)OCCCCCCCCCCC,KW_2014,KW_2014,1
-1.4173365,2.76072715,CCCCCCCCCCCOC(=O)CCN(CCCN1CCN(CCCN(CCC(=O)OCCCCCCCCCCC)CCC(=O)OCCCCCCCCCCC)CC1)CCC(=O)OCCCCCCCCCCC,KW_2014,KW_2014,2
-5.6658278,-0.196398833,CCCCCCCCCCCOC(=O)CCN(CCCn1ccnc1)CCC(=O)OCCCCCCCCCCC,KW_2014,KW_2014,1
-5.9105315,-0.079198668,CCCCCCCCCCCOC(=O)CCN(CCCN1CCOCC1)CCC(=O)OCCCCCCCCCCC,KW_2014,KW_2014,1
-6.1280603,0.484024215,CCCCCCCCCCCOC(=O)CCN(CCCO)CCC(=O)OCCCCCCCCCCC,KW_2014,KW_2014,1
-5.4171844,-0.632215783,CCCCCCCCCCCOC(=O)CCN(CCCOC(C)C)CCC(=O)OCCCCCCCCCCC,KW_2014,KW_2014,0
-5.973118,-0.452661096,CCCCCCCCCCCOC(=O)CCN(CCCOC)CCC(=O)OCCCCCCCCCCC,KW_2014,KW_2014,0
-5.973118,-0.3612328,CCCCCCCCCCCOC(=O)CCN(CCCOC)CCC(=O)OCCCCCCCCCCC,KW_2014,KW_2014,0
-2.9595711,-0.083002867,CCCCCCCCCCCOC(=O)CCN(CCCOCCCCOCCCN(CCC(=O)OCCCCCCCCCCC)CCC(=O)OCCCCCCCCCCC)CCC(=O)OCCCCCCCCCCC,KW_2014,KW_2014,1
-1.6860365,-0.602888234,CCCCCCCCCCCOC(=O)CCN(CCCOCCOCCOCCCN(CCC(=O)OCCCCCCCCCCC)CCC(=O)OCCCCCCCCCCC)CCC(=O)OCCCCCCCCCCC,KW_2014,KW_2014,0
-4.7335343,-0.240245049,CCCCCCCCCCCOC(=O)CCN(CCN(CCC(=O)OCCCCCCCCCCC)C(C)(C)C)C(C)(C)C,KW_2014,KW_2014,0
-5.2892118,-0.218936541,CCCCCCCCCCCOC(=O)CCN(CCN(CCC(=O)OCCCCCCCCCCC)C(C)C)C(C)C,KW_2014,KW_2014,0
-6.1486683,0.301558687,CCCCCCCCCCCOC(=O)CCN(CCO)CCC(=O)OCCCCCCCCCCC,KW_2014,KW_2014,1
-2.9860003,0.868663474,CCCCCCCCCCCOC(=O)CCN(CCO)CCN(CCC(=O)OCCCCCCCCCCC)CCC(=O)OCCCCCCCCCCC,KW_2014,KW_2014,1
-4.513166,0.785659143,CCCCCCCCCCCOC(=O)CCN(CCO)CCN(CCO)CCC(=O)OCCCCCCCCCCC,KW_2014,KW_2014,1
-4.513166,0.328981677,CCCCCCCCCCCOC(=O)CCN(CCO)CCN(CCO)CCC(=O)OCCCCCCCCCCC,KW_2014,KW_2014,1
-5.430114,0.025168301,CCCCCCCCCCCOC(=O)CCN(CCOC)CCC(=O)OCCCCCCCCCCC,KW_2014,KW_2014,1
-5.6643357,-0.488052248,CCCCCCCCCCCOC(=O)CCN(CCOCC)CCC(=O)OCCCCCCCCCCC,KW_2014,KW_2014,0
-4.2032332,-1.077164545,CCCCCCCCCCCOC(=O)CCN(CCOCCN1CCCC1)CCC(=O)OCCCCCCCCCCC,KW_2014,KW_2014,0
-5.7805924,0.861130696,CCCCCCCCCCCOC(=O)CCN(CCOCCO)CCC(=O)OCCCCCCCCCCC,KW_2014,KW_2014,1
-5.7805924,0.85308919,CCCCCCCCCCCOC(=O)CCN(CCOCCO)CCC(=O)OCCCCCCCCCCC,KW_2014,KW_2014,1
-2.0601468,-0.275984822,CCCCCCCCCCCOC(=O)CCN(CCOCCOCCN(CCC(=O)OCCCCCCCCCCC)CCC(=O)OCCCCCCCCCCC)CCC(=O)OCCCCCCCCCCC,KW_2014,KW_2014,0
-0.9343107,0.063912572,CCCCCCCCCCCOC(=O)CCN(CCOCCOCCOCCN(CCC(=O)OCCCCCCCCCCC)CCC(=O)OCCCCCCCCCCC)CCC(=O)OCCCCCCCCCCC,KW_2014,KW_2014,1
-3.3848996,0.748824614,CCCCCCCCCCCOC(=O)CCN1C(C)N(CCC(=O)OCCCCCCCCCCC)C(C)N(CCC(=O)OCCCCCCCCCCC)C1C,KW_2014,KW_2014,1
-4.403129,0.46650401,CCCCCCCCCCCOC(=O)CCN1CC[C@@H](N(CCC(=O)OCCCCCCCCCCC)CCC(=O)OCCCCCCCCCCC)C1,KW_2014,KW_2014,1
-4.868489,-0.800870248,CCCCCCCCCCCOC(=O)CCN1CCC(N(CCC(=O)OCCCCCCCCCCC)CCC(=O)OCCCCCCCCCCC)CC1,KW_2014,KW_2014,0
-2.7931786,-0.222288528,CCCCCCCCCCCOC(=O)CCN1CCCCN(C)CCN(CCC(=O)OCCCCCCCCCCC)CCCN(C)CC1,KW_2014,KW_2014,0
-3.3415143,0.833089024,CCCCCCCCCCCOC(=O)CCN1CCCN(CCC(=O)OCCCCCCCCCCC)CCCN(CCC(=O)OCCCCCCCCCCC)CCC1,KW_2014,KW_2014,1
-3.6317139,0.028569528,CCCCCCCCCCCOC(=O)CCN1CCCN(CCC(=O)OCCCCCCCCCCC)CCCN(CCC(=O)OCCCCCCCCCCC)CCN(CCC(=O)OCCCCCCCCCCC)CCC1,KW_2014,KW_2014,1
-3.4976506,-0.086853636,CCCCCCCCCCCOC(=O)CCN1CCCN(CCC(=O)OCCCCCCCCCCC)CCN(CCC(=O)OCCCCCCCCCCC)CCCN(CCC(=O)OCCCCCCCCCCC)CC1,KW_2014,KW_2014,1
-2.7864783,0.633158058,CCCCCCCCCCCOC(=O)CCN1CCCN(CCC(=O)OCCCCCCCCCCC)CCN(CCC(=O)OCCCCCCCCCCC)CCN(CCC(=O)OCCCCCCCCCCC)CC1,KW_2014,KW_2014,1
-5.6597004,-0.858283843,CCCCCCCCCCCOC(=O)CCN1CCN(CCC(=O)OCCCCCCCCCCC)[C@H](C)C1,KW_2014,KW_2014,0
-5.7932262,-0.291622533,CCCCCCCCCCCOC(=O)CCN1CCN(CCC(=O)OCCCCCCCCCCC)C(c2ccccc2)C1,KW_2014,KW_2014,0
-2.0375173,2.402072584,CCCCCCCCCCCOC(=O)CCN1CCN(CCC(=O)OCCCCCCCCCCC)C2C1N(CCC(=O)OCCCCCCCCCCC)CCN2CCC(=O)OCCCCCCCCCCC,KW_2014,KW_2014,2
-6.3188477,-0.203473351,CCCCCCCCCCCOC(=O)CCN1CCN(CCC(=O)OCCCCCCCCCCC)CC1,KW_2014,KW_2014,1
-2.391722,0.149162589,CCCCCCCCCCCOC(=O)CCN1CCN(CCC(=O)OCCCCCCCCCCC)CCN(CCC(=O)OCCCCCCCCCCC)CCN(CCC(=O)OCCCCCCCCCCC)CC1,KW_2014,KW_2014,1
-4.1596785,-0.322532092,CCCCCCCCCCCOC(=O)CCN1CCOCCN(CCC(=O)OCCCCCCCCCCC)CCN(CCC(=O)OCCCCCCCCCCC)CC1,KW_2014,KW_2014,0
-4.3572373,-0.541639691,CCCCCCCCCCOC(=O)CCN(C)c1ccc(Cc2ccc(N(CCC(=O)OCCCCCCCCCC)CCC(=O)OCCCCCCCCCC)cc2)cc1,KW_2014,KW_2014,0
-4.34375,-0.962327367,CCCCCCCCCCOC(=O)CCN(C)c1ccccc1N(CCC(=O)OCCCCCCCCCC)CCC(=O)OCCCCCCCCCC,KW_2014,KW_2014,0
-4.508689,-0.290575772,CCCCCCCCCCOC(=O)CCN(C)CCCCCCN(C)CCC(=O)OCCCCCCCCCC,KW_2014,KW_2014,0
-3.6440978,-0.740438493,CCCCCCCCCCOC(=O)CCN(C)CCCN(CC)CCCN(C)CCC(=O)OCCCCCCCCCC,KW_2014,KW_2014,0
-2.7983274,-0.192126033,CCCCCCCCCCOC(=O)CCN(C)CCCN(CCC(=O)OCCCCCCCCCC)CCC(=O)OCCCCCCCCCC,KW_2014,KW_2014,1
-6.418751,-0.506538423,CCCCCCCCCCOC(=O)CCN(C)CCN(C)CCC(=O)OCCCCCCCCCC,KW_2014,KW_2014,0
-3.4565337,0.283499101,CCCCCCCCCCOC(=O)CCN(C)CCN(CCC(=O)OCCCCCCCCCC)CCC(=O)OCCCCCCCCCC,KW_2014,KW_2014,1
-3.7817392,-0.422672417,CCCCCCCCCCOC(=O)CCN(C)CCN(CCN(C)CCC(=O)OCCCCCCCCCC)CCN(C)CCC(=O)OCCCCCCCCCC,KW_2014,KW_2014,0
-5.5271845,0.682073485,CCCCCCCCCCOC(=O)CCN(C)CCOCCN(C)CCC(=O)OCCCCCCCCCC,KW_2014,KW_2014,1
-5.0573554,-1.277147572,CCCCCCCCCCOC(=O)CCN(C)CCOCCOCCN(C)CCC(=O)OCCCCCCCCCC,KW_2014,KW_2014,0
-5.0573554,0.032330672,CCCCCCCCCCOC(=O)CCN(C)CCOCCOCCN(C)CCC(=O)OCCCCCCCCCC,KW_2014,KW_2014,1
-3.8373415,-0.973216276,CCCCCCCCCCOC(=O)CCN(c1ccccc1)c1ccc(-c2ccc(N(CCC(=O)OCCCCCCCCCC)c3ccccc3)cc2)cc1,KW_2014,KW_2014,0
-4.7268276,0.796521001,CCCCCCCCCCOC(=O)CCN(CC)CCCN(CC)CCC(=O)OCCCCCCCCCC,KW_2014,KW_2014,1
-6.011715,-0.025118573,CCCCCCCCCCOC(=O)CCN(CC)CCN(CC)CCC(=O)OCCCCCCCCCC,KW_2014,KW_2014,1
-4.0019283,0.166884819,CCCCCCCCCCOC(=O)CCN(CC)CCN(CCC(=O)OCCCCCCCCCC)CCC(=O)OCCCCCCCCCC,KW_2014,KW_2014,1
-4.8024683,-0.601383295,CCCCCCCCCCOC(=O)CCN(CCC(=O)OCCCCCCCCCC)[C@H](c1ccccc1)[C@H](c1ccccc1)N(CCC(=O)OCCCCCCCCCC)CCC(=O)OCCCCCCCCCC,KW_2014,KW_2014,0
-5.8807554,-0.558050037,CCCCCCCCCCOC(=O)CCN(CCC(=O)OCCCCCCCCCC)[C@@H](CO)CC(C)C,KW_2014,KW_2014,0
-5.8807554,0.449757684,CCCCCCCCCCOC(=O)CCN(CCC(=O)OCCCCCCCCCC)[C@@H](CO)CC(C)C,KW_2014,KW_2014,1
-4.0705576,0.619020235,CCCCCCCCCCOC(=O)CCN(CCC(=O)OCCCCCCCCCC)[C@@H]1CCCC[C@H]1N(CCC(=O)OCCCCCCCCCC)CCC(=O)OCCCCCCCCCC,KW_2014,KW_2014,1
-3.9192193,-0.113821633,CCCCCCCCCCOC(=O)CCN(CCC(=O)OCCCCCCCCCC)[C@H]1CC[C@H](N(CCC(=O)OCCCCCCCCCC)CCC(=O)OCCCCCCCCCC)CC1,KW_2014,KW_2014,1
-4.0705576,0.418156707,CCCCCCCCCCOC(=O)CCN(CCC(=O)OCCCCCCCCCC)[C@@H]1CCCC[C@@H]1N(CCC(=O)OCCCCCCCCCC)CCC(=O)OCCCCCCCCCC,KW_2014,KW_2014,1
-5.501678,-0.234928892,CCCCCCCCCCOC(=O)CCN(CCC(=O)OCCCCCCCCCC)C(=O)C1CCCN1C,KW_2014,KW_2014,0
-5.933031,-0.334727148,CCCCCCCCCCOC(=O)CCN(CCC(=O)OCCCCCCCCCC)C(C)(C)C,KW_2014,KW_2014,0
-5.7421517,-0.241067251,CCCCCCCCCCOC(=O)CCN(CCC(=O)OCCCCCCCCCC)C(C)(C)CC,KW_2014,KW_2014,0
-5.7421517,-0.64775521,CCCCCCCCCCOC(=O)CCN(CCC(=O)OCCCCCCCCCC)C(C)(C)CC,KW_2014,KW_2014,0
-4.7489786,-0.479860385,CCCCCCCCCCOC(=O)CCN(CCC(=O)OCCCCCCCCCC)C(C)(C)CC(C)(C)C,KW_2014,KW_2014,0
-5.5216346,-1.277147572,CCCCCCCCCCOC(=O)CCN(CCC(=O)OCCCCCCCCCC)C(C)(CO)CO,KW_2014,KW_2014,0
-6.5786424,-0.464103674,CCCCCCCCCCOC(=O)CCN(CCC(=O)OCCCCCCCCCC)C(C)C,KW_2014,KW_2014,0
-6.0267544,-0.982590377,CCCCCCCCCCOC(=O)CCN(CCC(=O)OCCCCCCCCCC)C(C)C(C)C,KW_2014,KW_2014,0
-7.016312,-0.468225529,CCCCCCCCCCOC(=O)CCN(CCC(=O)OCCCCCCCCCC)C(C)c1ccc(C)cc1,KW_2014,KW_2014,0
-6.045172,-0.423391059,CCCCCCCCCCOC(=O)CCN(CCC(=O)OCCCCCCCCCC)C(C)CC,KW_2014,KW_2014,0
-6.1833987,-0.470759386,CCCCCCCCCCOC(=O)CCN(CCC(=O)OCCCCCCCCCC)C(C)CCC,KW_2014,KW_2014,0
-6.157536,-1.048093877,CCCCCCCCCCOC(=O)CCN(CCC(=O)OCCCCCCCCCC)C(C)CO,KW_2014,KW_2014,0
-4.6036158,0.029283488,CCCCCCCCCCOC(=O)CCN(CCC(=O)OCCCCCCCCCC)C(c1ccccc1)(c1ccccc1)c1ccccc1,KW_2014,KW_2014,1
-6.050593,-1.277147572,CCCCCCCCCCOC(=O)CCN(CCC(=O)OCCCCCCCCCC)C(c1ccccc1)c1ccccc1,KW_2014,KW_2014,0
-6.5328074,-0.474884418,CCCCCCCCCCOC(=O)CCN(CCC(=O)OCCCCCCCCCC)C(CC)CC,KW_2014,KW_2014,0
-4.1508174,-0.418436888,CCCCCCCCCCOC(=O)CCN(CCC(=O)OCCCCCCCCCC)C(CO)(CO)CO,KW_2014,KW_2014,0
-6.475745,-1.241767555,CCCCCCCCCCOC(=O)CCN(CCC(=O)OCCCCCCCCCC)C(CO)C(C)(C)C,KW_2014,KW_2014,0
-5.5384974,0.244495611,CCCCCCCCCCOC(=O)CCN(CCC(=O)OCCCCCCCCCC)C[C@@H](C)O,KW_2014,KW_2014,1
-5.4672704,-0.549823974,CCCCCCCCCCOC(=O)CCN(CCC(=O)OCCCCCCCCCC)C[C@@H]1CCCN1CC,KW_2014,KW_2014,0
-5.4672704,-0.281410629,CCCCCCCCCCOC(=O)CCN(CCC(=O)OCCCCCCCCCC)C[C@H]1CCCN1CC,KW_2014,KW_2014,0
-3.820093,-0.467338014,CCCCCCCCCCOC(=O)CCN(CCC(=O)OCCCCCCCCCC)C12C[C@H]3C[C@@H](C1)C[C@@H](C2)C3,KW_2014,KW_2014,0
-5.379484,-0.73809645,CCCCCCCCCCOC(=O)CCN(CCC(=O)OCCCCCCCCCC)c1c(-c2ccccc2)cc(-c2ccccc2)cc1-c1ccccc1,KW_2014,KW_2014,0
-4.6526837,-1.010413769,CCCCCCCCCCOC(=O)CCN(CCC(=O)OCCCCCCCCCC)c1c(C)c(C)c(N(CCC(=O)OCCCCCCCCCC)CCC(=O)OCCCCCCCCCC)c(C)c1C,KW_2014,KW_2014,0
-4.1307006,-0.252200458,CCCCCCCCCCOC(=O)CCN(CCC(=O)OCCCCCCCCCC)c1c(C)cc(-c2cc(C)c(N(CCC(=O)OCCCCCCCCCC)CCC(=O)OCCCCCCCCCC)c(C)c2)cc1C,KW_2014,KW_2014,0
-5.1773744,-0.66023762,CCCCCCCCCCOC(=O)CCN(CCC(=O)OCCCCCCCCCC)c1c(CC)cccc1CC,KW_2014,KW_2014,0
-4.8426456,-0.648452348,CCCCCCCCCCOC(=O)CCN(CCC(=O)OCCCCCCCCCC)c1c(F)cc(F)cc1F,KW_2014,KW_2014,0
-4.861587,-0.826490891,CCCCCCCCCCOC(=O)CCN(CCC(=O)OCCCCCCCCCC)c1c(N(CCC(=O)OCCCCCCCCCC)CCC(=O)OCCCCCCCCCC)c2ccccc2c2ccccc12,KW_2014,KW_2014,0
-4.861587,-0.290472759,CCCCCCCCCCOC(=O)CCN(CCC(=O)OCCCCCCCCCC)c1c(N(CCC(=O)OCCCCCCCCCC)CCC(=O)OCCCCCCCCCC)c2ccccc2c2ccccc12,KW_2014,KW_2014,0
-4.617554,-0.930018327,CCCCCCCCCCOC(=O)CCN(CCC(=O)OCCCCCCCCCC)c1cc(C(C)(C)C)ccc1C(C)(C)C,KW_2014,KW_2014,0
-5.4194183,-1.277147572,CCCCCCCCCCOC(=O)CCN(CCC(=O)OCCCCCCCCCC)c1cc(C(C)(C)C)ccc1OC,KW_2014,KW_2014,0
-4.6427517,-1.277147572,CCCCCCCCCCOC(=O)CCN(CCC(=O)OCCCCCCCCCC)c1cc(C)c(C)cc1N(CCC(=O)OCCCCCCCCCC)CCC(=O)OCCCCCCCCCC,KW_2014,KW_2014,0
-5.037677,0.112180805,CCCCCCCCCCOC(=O)CCN(CCC(=O)OCCCCCCCCCC)c1cc(F)c(F)c(F)c1,KW_2014,KW_2014,1
-5.676071,-0.700502221,CCCCCCCCCCOC(=O)CCN(CCC(=O)OCCCCCCCCCC)c1cc(F)cc(F)c1,KW_2014,KW_2014,0
-4.9925427,-0.922290247,CCCCCCCCCCOC(=O)CCN(CCC(=O)OCCCCCCCCCC)c1cc(F)ccc1F,KW_2014,KW_2014,0
-5.1864195,-0.735281739,CCCCCCCCCCOC(=O)CCN(CCC(=O)OCCCCCCCCCC)c1cc(OC)ccc1OC,KW_2014,KW_2014,0
-6.6763988,-0.183588804,CCCCCCCCCCOC(=O)CCN(CCC(=O)OCCCCCCCCCC)C1CC1,KW_2014,KW_2014,1
-6.2989492,-0.133396284,CCCCCCCCCCOC(=O)CCN(CCC(=O)OCCCCCCCCCC)C1CC2CCC1C2,KW_2014,KW_2014,1
-7.217209,0.839601106,CCCCCCCCCCOC(=O)CCN(CCC(=O)OCCCCCCCCCC)C1Cc2ccccc2C1,KW_2014,KW_2014,1
-4.155141,-0.634314673,CCCCCCCCCCOC(=O)CCN(CCC(=O)OCCCCCCCCCC)c1ccc(-c2ccc(N(CCC(=O)OCCCCCCCCCC)CCC(=O)OCCCCCCCCCC)c(C)c2)cc1C,KW_2014,KW_2014,0
-5.1588645,-0.410565059,CCCCCCCCCCOC(=O)CCN(CCC(=O)OCCCCCCCCCC)c1ccc(-c2ccc(N(CCC(=O)OCCCCCCCCCC)CCC(=O)OCCCCCCCCCC)c(N(CCC(=O)OCCCCCCCCCC)CCC(=O)OCCCCCCCCCC)c2)cc1N(CCC(=O)OCCCCCCCCCC)CCC(=O)OCCCCCCCCCC,KW_2014,KW_2014,0
-6.0824533,-1.277147572,CCCCCCCCCCOC(=O)CCN(CCC(=O)OCCCCCCCCCC)c1ccc(-c2ccccc2)cc1,KW_2014,KW_2014,0
-5.6758623,-0.818520588,CCCCCCCCCCOC(=O)CCN(CCC(=O)OCCCCCCCCCC)c1ccc(C(C)(C)C)cc1,KW_2014,KW_2014,0
-6.3005323,-0.715947725,CCCCCCCCCCOC(=O)CCN(CCC(=O)OCCCCCCCCCC)c1ccc(C(C)C)cc1,KW_2014,KW_2014,0
-6.1044717,0.02176637,CCCCCCCCCCOC(=O)CCN(CCC(=O)OCCCCCCCCCC)c1ccc(C)c(F)c1,KW_2014,KW_2014,1
-4.1513357,-0.682515532,CCCCCCCCCCOC(=O)CCN(CCC(=O)OCCCCCCCCCC)c1ccc(C)c(N(CCC(=O)OCCCCCCCCCC)CCC(=O)OCCCCCCCCCC)c1,KW_2014,KW_2014,0
-4.624716,-1.277147572,CCCCCCCCCCOC(=O)CCN(CCC(=O)OCCCCCCCCCC)c1ccc(C)cc1N(CCC(=O)OCCCCCCCCCC)CCC(=O)OCCCCCCCCCC,KW_2014,KW_2014,0
-3.5843894,-0.016792056,CCCCCCCCCCOC(=O)CCN(CCC(=O)OCCCCCCCCCC)c1ccc(C2(c3ccc(N(CCC(=O)OCCCCCCCCCC)CCC(=O)OCCCCCCCCCC)cc3)c3ccccc3-c3ccccc32)cc1,KW_2014,KW_2014,1
-2.6308832,-0.250439432,CCCCCCCCCCOC(=O)CCN(CCC(=O)OCCCCCCCCCC)C1CCC(CC2CCC(N(CCC(=O)OCCCCCCCCCC)CCC(=O)OCCCCCCCCCC)C(C)C2)CC1C,KW_2014,KW_2014,0
-4.3218083,-1.277147572,CCCCCCCCCCOC(=O)CCN(CCC(=O)OCCCCCCCCCC)c1ccc(Cc2ccc(N(CCC(=O)OCCCCCCCCCC)CCC(=O)OCCCCCCCCCC)cc2)cc1,KW_2014,KW_2014,0
-5.483908,-0.26912512,CCCCCCCCCCOC(=O)CCN(CCC(=O)OCCCCCCCCCC)c1ccc(F)c(F)c1,KW_2014,KW_2014,0
-6.484277,-0.371072192,CCCCCCCCCCOC(=O)CCN(CCC(=O)OCCCCCCCCCC)c1ccc(F)cc1,KW_2014,KW_2014,0
-5.6268835,-0.062463637,CCCCCCCCCCOC(=O)CCN(CCC(=O)OCCCCCCCCCC)c1ccc(F)cc1C(F)(F)F,KW_2014,KW_2014,1
-4.377575,-0.452096323,CCCCCCCCCCOC(=O)CCN(CCC(=O)OCCCCCCCCCC)c1ccc(N(CCC(=O)OCCCCCCCCCC)c2ccccc2)cc1,KW_2014,KW_2014,0
-4.4701056,-1.093301867,CCCCCCCCCCOC(=O)CCN(CCC(=O)OCCCCCCCCCC)c1ccc(N(CCC(=O)OCCCCCCCCCC)CCC(=O)OCCCCCCCCCC)cc1,KW_2014,KW_2014,0
-5.621973,-0.469811575,CCCCCCCCCCOC(=O)CCN(CCC(=O)OCCCCCCCCCC)c1ccc(OC(F)(F)F)cc1,KW_2014,KW_2014,0
-5.017412,0.107300498,CCCCCCCCCCOC(=O)CCN(CCC(=O)OCCCCCCCCCC)c1ccc(OC(F)F)cc1,KW_2014,KW_2014,1
-6.072171,-0.414130728,CCCCCCCCCCOC(=O)CCN(CCC(=O)OCCCCCCCCCC)c1ccc(OC)c(F)c1,KW_2014,KW_2014,0
-5.4084654,-0.572659663,CCCCCCCCCCOC(=O)CCN(CCC(=O)OCCCCCCCCCC)c1ccc(Oc2ccc(F)cc2)cc1,KW_2014,KW_2014,0
-5.031894,-0.214530971,CCCCCCCCCCOC(=O)CCN(CCC(=O)OCCCCCCCCCC)c1ccc(Oc2ccc(N(CCC(=O)OCCCCCCCCCC)CCC(=O)OCCCCCCCCCC)cc2)cc1,KW_2014,KW_2014,0
-5.6096077,-0.538912744,CCCCCCCCCCOC(=O)CCN(CCC(=O)OCCCCCCCCCC)c1ccc(Oc2ccccc2)cc1,KW_2014,KW_2014,0
-5.8950257,-1.277147572,CCCCCCCCCCOC(=O)CCN(CCC(=O)OCCCCCCCCCC)c1ccc(OCCCCCCCC)cc1,KW_2014,KW_2014,0
-6.258345,-0.484557133,CCCCCCCCCCOC(=O)CCN(CCC(=O)OCCCCCCCCCC)C1CCC1,KW_2014,KW_2014,0
-4.108167,-1.277147572,CCCCCCCCCCOC(=O)CCN(CCC(=O)OCCCCCCCCCC)c1ccc2c(c1)Cc1cc(N(CCC(=O)OCCCCCCCCCC)CCC(=O)OCCCCCCCCCC)ccc1-2,KW_2014,KW_2014,0
-6.226438,-0.095318093,CCCCCCCCCCOC(=O)CCN(CCC(=O)OCCCCCCCCCC)c1ccc2c(c1)CCCC2,KW_2014,KW_2014,1
-5.441723,-0.392989924,CCCCCCCCCCOC(=O)CCN(CCC(=O)OCCCCCCCCCC)c1ccc2c(c1)OCCO2,KW_2014,KW_2014,0
-5.819439,-1.277147572,CCCCCCCCCCOC(=O)CCN(CCC(=O)OCCCCCCCCCC)c1ccc2c(c1)OCO2,KW_2014,KW_2014,0
-4.881082,-1.277147572,CCCCCCCCCCOC(=O)CCN(CCC(=O)OCCCCCCCCCC)c1ccc2cc3ccccc3cc2c1,KW_2014,KW_2014,0
-6.6996317,0.608053491,CCCCCCCCCCOC(=O)CCN(CCC(=O)OCCCCCCCCCC)C1CCc2ccccc21,KW_2014,KW_2014,1
-4.6268883,-0.478137973,CCCCCCCCCCOC(=O)CCN(CCC(=O)OCCCCCCCCCC)c1ccc2ccccc2c1-c1c(N(CCC(=O)OCCCCCCCCCC)CCC(=O)OCCCCCCCCCC)ccc2ccccc12,KW_2014,KW_2014,0
-6.0668373,-0.794173544,CCCCCCCCCCOC(=O)CCN(CCC(=O)OCCCCCCCCCC)c1cccc(C(F)(F)F)c1,KW_2014,KW_2014,0
-5.458286,-0.241454964,CCCCCCCCCCOC(=O)CCN(CCC(=O)OCCCCCCCCCC)c1cccc(C)c1N(CCC(=O)OCCCCCCCCCC)CCC(=O)OCCCCCCCCCC,KW_2014,KW_2014,0
-5.9967103,-1.178465182,CCCCCCCCCCOC(=O)CCN(CCC(=O)OCCCCCCCCCC)c1cccc(F)c1,KW_2014,KW_2014,0
-3.72191,1.315261871,CCCCCCCCCCOC(=O)CCN(CCC(=O)OCCCCCCCCCC)C1CCCC(N(CCC(=O)OCCCCCCCCCC)CCC(=O)OCCCCCCCCCC)C1,KW_2014,KW_2014,2
-4.3354344,0.678593321,CCCCCCCCCCOC(=O)CCN(CCC(=O)OCCCCCCCCCC)c1cccc(N(CCC(=O)OCCCCCCCCCC)CCC(=O)OCCCCCCCCCC)c1,KW_2014,KW_2014,1
-4.487463,-0.246918203,CCCCCCCCCCOC(=O)CCN(CCC(=O)OCCCCCCCCCC)c1cccc(N(CCC(=O)OCCCCCCCCCC)CCC(=O)OCCCCCCCCCC)c1C,KW_2014,KW_2014,0
-6.021662,-0.163688323,CCCCCCCCCCOC(=O)CCN(CCC(=O)OCCCCCCCCCC)c1cccc(OC(C)C)c1,KW_2014,KW_2014,1
-5.38243,-0.816057093,CCCCCCCCCCOC(=O)CCN(CCC(=O)OCCCCCCCCCC)c1cccc(OCc2ccccc2)c1,KW_2014,KW_2014,0
-6.2370553,-0.780260619,CCCCCCCCCCOC(=O)CCN(CCC(=O)OCCCCCCCCCC)c1cccc2c1CCC2,KW_2014,KW_2014,0
-4.9015307,0.107949957,CCCCCCCCCCOC(=O)CCN(CCC(=O)OCCCCCCCCCC)c1cccc2cccc(N(CCC(=O)OCCCCCCCCCC)CCC(=O)OCCCCCCCCCC)c12,KW_2014,KW_2014,1
-6.068498,-0.139012115,CCCCCCCCCCOC(=O)CCN(CCC(=O)OCCCCCCCCCC)C1CCCCC1,KW_2014,KW_2014,1
-5.120995,-0.142631407,CCCCCCCCCCOC(=O)CCN(CCC(=O)OCCCCCCCCCC)c1ccccc1C(C)(C)C,KW_2014,KW_2014,1
-5.5641627,-0.857207038,CCCCCCCCCCOC(=O)CCN(CCC(=O)OCCCCCCCCCC)c1ccccc1C(C)C,KW_2014,KW_2014,0
-4.9654737,0.322695841,CCCCCCCCCCOC(=O)CCN(CCC(=O)OCCCCCCCCCC)c1ccccc1Cc1ccccc1,KW_2014,KW_2014,1
-4.343677,0.034575183,CCCCCCCCCCOC(=O)CCN(CCC(=O)OCCCCCCCCCC)c1ccccc1N(CCC(=O)OCCCCCCCCCC)c1ccccc1,KW_2014,KW_2014,1
-4.9937906,-0.124910973,CCCCCCCCCCOC(=O)CCN(CCC(=O)OCCCCCCCCCC)c1ccccc1OC,KW_2014,KW_2014,1
-4.8525963,-0.332189427,CCCCCCCCCCOC(=O)CCN(CCC(=O)OCCCCCCCCCC)c1ccccc1Oc1ccccc1,KW_2014,KW_2014,0
-5.817913,-0.915802716,CCCCCCCCCCOC(=O)CCN(CCC(=O)OCCCCCCCCCC)c1ccccc1OCC,KW_2014,KW_2014,0
-5.4446983,-0.357252071,CCCCCCCCCCOC(=O)CCN(CCC(=O)OCCCCCCCCCC)C1CCCCCCC1,KW_2014,KW_2014,0
-6.414712,-0.683574924,CCCCCCCCCCOC(=O)CCN(CCC(=O)OCCCCCCCCCC)C1CCN(C)CC1,KW_2014,KW_2014,0
-3.8995566,0.519536633,CCCCCCCCCCOC(=O)CCN(CCC(=O)OCCCCCCCCCC)c1nc(N(CCC(=O)OCCCCCCCCCC)CCC(=O)OCCCCCCCCCC)nc(N(CCC(=O)OCCCCCCCCCC)CCC(=O)OCCCCCCCCCC)n1,KW_2014,KW_2014,1
-5.566015,-0.538242883,CCCCCCCCCCOC(=O)CCN(CCC(=O)OCCCCCCCCCC)CC(=O)N(C)c1ccccc1,KW_2014,KW_2014,0
-6.120119,0.537034256,CCCCCCCCCCOC(=O)CCN(CCC(=O)OCCCCCCCCCC)CC(C)(C)CN(C)C,KW_2014,KW_2014,1
-6.3095856,-0.653434797,CCCCCCCCCCOC(=O)CCN(CCC(=O)OCCCCCCCCCC)CC(C)(C)CO,KW_2014,KW_2014,0
-6.494443,-0.598256643,CCCCCCCCCCOC(=O)CCN(CCC(=O)OCCCCCCCCCC)CC(C)C,KW_2014,KW_2014,0
-6.69746,-0.518764632,CCCCCCCCCCOC(=O)CCN(CCC(=O)OCCCCCCCCCC)CC(C)CC,KW_2014,KW_2014,0
-3.621798,0.210201249,CCCCCCCCCCOC(=O)CCN(CCC(=O)OCCCCCCCCCC)CC(C)N(CCC(=O)OCCCCCCCCCC)CCC(=O)OCCCCCCCCCC,KW_2014,KW_2014,1
-6.1157537,-0.164447367,CCCCCCCCCCOC(=O)CCN(CCC(=O)OCCCCCCCCCC)CC(CC)CCCC,KW_2014,KW_2014,1
-5.5191035,-0.329776484,CCCCCCCCCCOC(=O)CCN(CCC(=O)OCCCCCCCCCC)CC(OC)OC,KW_2014,KW_2014,0
-6.4363017,-1.277147572,CCCCCCCCCCOC(=O)CCN(CCC(=O)OCCCCCCCCCC)CC[C@H](C)O,KW_2014,KW_2014,0
-4.040002,-1.149887665,CCCCCCCCCCOC(=O)CCN(CCC(=O)OCCCCCCCCCC)CC1(C)CC(N(CCC(=O)OCCCCCCCCCC)CCC(=O)OCCCCCCCCCC)CC(C)(C)C1,KW_2014,KW_2014,0
-3.349255,-0.581286319,CCCCCCCCCCOC(=O)CCN(CCC(=O)OCCCCCCCCCC)CC12C[C@H]3C[C@@H](C1)C[C@@H](C2)C3,KW_2014,KW_2014,0
-6.2085514,-0.283522675,CCCCCCCCCCOC(=O)CCN(CCC(=O)OCCCCCCCCCC)Cc1cc(C)c(OC)c(OC)c1,KW_2014,KW_2014,0
-6.480754,0.613839102,CCCCCCCCCCOC(=O)CCN(CCC(=O)OCCCCCCCCCC)Cc1cc(F)ccc1F,KW_2014,KW_2014,1
-4.415536,-0.350973296,CCCCCCCCCCOC(=O)CCN(CCC(=O)OCCCCCCCCCC)CC1CCC(CN(CCC(=O)OCCCCCCCCCC)CCC(=O)OCCCCCCCCCC)CC1,KW_2014,KW_2014,0
-4.3774962,-0.357942362,CCCCCCCCCCOC(=O)CCN(CCC(=O)OCCCCCCCCCC)CC1CCCC(CN(CCC(=O)OCCCCCCCCCC)CCC(=O)OCCCCCCCCCC)C1,KW_2014,KW_2014,0
-3.5689843,0.60227806,CCCCCCCCCCOC(=O)CCN(CCC(=O)OCCCCCCCCCC)Cc1cccc(CN(CCC(=O)OCCCCCCCCCC)CCC(=O)OCCCCCCCCCC)c1,KW_2014,KW_2014,1
-6.983456,-0.440324415,CCCCCCCCCCOC(=O)CCN(CCC(=O)OCCCCCCCCCC)Cc1cccc(F)c1,KW_2014,KW_2014,0
-3.3920412,-0.705071727,CCCCCCCCCCOC(=O)CCN(CCC(=O)OCCCCCCCCCC)Cc1cccc(N(CCC(=O)OCCCCCCCCCC)CCC(=O)OCCCCCCCCCC)c1,KW_2014,KW_2014,0
-6.005477,-0.329484097,CCCCCCCCCCOC(=O)CCN(CCC(=O)OCCCCCCCCCC)CC1CCCCC1,KW_2014,KW_2014,0
-7.240212,-0.585267437,CCCCCCCCCCOC(=O)CCN(CCC(=O)OCCCCCCCCCC)Cc1ccccc1F,KW_2014,KW_2014,0
-4.9818635,-0.422760849,CCCCCCCCCCOC(=O)CCN(CCC(=O)OCCCCCCCCCC)Cc1ccccc1N(CCC(=O)OCCCCCCCCCC)CCC(=O)OCCCCCCCCCC,KW_2014,KW_2014,0
-6.891655,-0.396916446,CCCCCCCCCCOC(=O)CCN(CCC(=O)OCCCCCCCCCC)Cc1ccccc1OC,KW_2014,KW_2014,0
-7.3963494,-0.379553162,CCCCCCCCCCOC(=O)CCN(CCC(=O)OCCCCCCCCCC)Cc1ccccc1OCC,KW_2014,KW_2014,0
-6.127642,-0.800072835,CCCCCCCCCCOC(=O)CCN(CCC(=O)OCCCCCCCCCC)CC1CCCN1C,KW_2014,KW_2014,0
-4.2134957,0.291216739,CCCCCCCCCCOC(=O)CCN(CCC(=O)OCCCCCCCCCC)CC1CCCN1CCC(=O)OCCCCCCCCCC,KW_2014,KW_2014,1
-5.941933,-0.277348392,CCCCCCCCCCOC(=O)CCN(CCC(=O)OCCCCCCCCCC)CC1CCCO1,KW_2014,KW_2014,0
-5.30623,-0.501901125,CCCCCCCCCCOC(=O)CCN(CCC(=O)OCCCCCCCCCC)CC1CCN(C)CC1,KW_2014,KW_2014,0
-5.8178177,-0.578487256,CCCCCCCCCCOC(=O)CCN(CCC(=O)OCCCCCCCCCC)CC1COC(C)(C)O1,KW_2014,KW_2014,0
-6.018038,-0.978975862,CCCCCCCCCCOC(=O)CCN(CCC(=O)OCCCCCCCCCC)Cc1nccn1C,KW_2014,KW_2014,0
-5.4549184,0.075400126,CCCCCCCCCCOC(=O)CCN(CCC(=O)OCCCCCCCCCC)CCC(=O)N1CCN(CCC(=O)OCCCCCCCCCC)CC1,KW_2014,KW_2014,1
-5.6965995,-0.522791256,CCCCCCCCCCOC(=O)CCN(CCC(=O)OCCCCCCCCCC)CCC(C)(C)C,KW_2014,KW_2014,0
-5.9985566,0.255821163,CCCCCCCCCCOC(=O)CCN(CCC(=O)OCCCCCCCCCC)CCC(c1ccccc1)c1ccccc1,KW_2014,KW_2014,1
-4.652844,-0.030520573,CCCCCCCCCCOC(=O)CCN(CCC(=O)OCCCCCCCCCC)CCC1CCC(C)CC1,KW_2014,KW_2014,1
-4.362637,0.061314942,CCCCCCCCCCOC(=O)CCN(CCC(=O)OCCCCCCCCCC)CCC1CCC(CC)CC1,KW_2014,KW_2014,1
-5.788961,-0.330357776,CCCCCCCCCCOC(=O)CCN(CCC(=O)OCCCCCCCCCC)CCc1ccc(OC)c(OC)c1,KW_2014,KW_2014,0
-5.907127,-1.277147572,CCCCCCCCCCOC(=O)CCN(CCC(=O)OCCCCCCCCCC)CCc1ccc(OC)cc1,KW_2014,KW_2014,0
-5.731466,0.146276162,CCCCCCCCCCOC(=O)CCN(CCC(=O)OCCCCCCCCCC)CCc1ccccc1F,KW_2014,KW_2014,1
-5.8370404,-0.229231415,CCCCCCCCCCOC(=O)CCN(CCC(=O)OCCCCCCCCCC)CCC1OCCO1,KW_2014,KW_2014,0
-4.114701,-0.08446073,CCCCCCCCCCOC(=O)CCN(CCC(=O)OCCCCCCCCCC)CCN(C(C)C)C(C)C,KW_2014,KW_2014,1
-5.942991,0.305237047,CCCCCCCCCCOC(=O)CCN(CCC(=O)OCCCCCCCCCC)CCN(C)C,KW_2014,KW_2014,1
-0.6921911,2.386703514,CCCCCCCCCCOC(=O)CCN(CCC(=O)OCCCCCCCCCC)CCN(C)CCCN(C)CCN(CCC(=O)OCCCCCCCCCC)CCC(=O)OCCCCCCCCCC,KW_2014,KW_2014,2
0.86477935,3.863978025,CCCCCCCCCCOC(=O)CCN(CCC(=O)OCCCCCCCCCC)CCN(C)CCN(C)CCN(CCC(=O)OCCCCCCCCCC)CCC(=O)OCCCCCCCCCC,KW_2014,KW_2014,2
-0.8762286,2.845691578,CCCCCCCCCCOC(=O)CCN(CCC(=O)OCCCCCCCCCC)CCN(C)CCN(CCC(=O)OCCCCCCCCCC)CCC(=O)OCCCCCCCCCC,KW_2014,KW_2014,2
-1.9111346,2.489067961,CCCCCCCCCCOC(=O)CCN(CCC(=O)OCCCCCCCCCC)CCN(CC)CCN(CC)CCN(CCC(=O)OCCCCCCCCCC)CCC(=O)OCCCCCCCCCC,KW_2014,KW_2014,2
-3.9520044,-0.52469566,CCCCCCCCCCOC(=O)CCN(CCC(=O)OCCCCCCCCCC)CCN(CCC(=O)OCCCCCCCCCC)C(C)C,KW_2014,KW_2014,0
-4.601723,-1.065210162,CCCCCCCCCCOC(=O)CCN(CCC(=O)OCCCCCCCCCC)CCN(CCC(=O)OCCCCCCCCCC)c1ccccc1,KW_2014,KW_2014,0
-4.7100406,-0.734456095,CCCCCCCCCCOC(=O)CCN(CCC(=O)OCCCCCCCCCC)CCN(CCC(=O)OCCCCCCCCCC)Cc1ccccc1,KW_2014,KW_2014,0
-3.1753042,0.694620426,CCCCCCCCCCOC(=O)CCN(CCC(=O)OCCCCCCCCCC)CCN(CCC(=O)OCCCCCCCCCC)CCC(=O)OCCCCCCCCCC,KW_2014,KW_2014,1
-3.9405951,0.305866088,CCCCCCCCCCOC(=O)CCN(CCC(=O)OCCCCCCCCCC)CCN(CCC(=O)OCCCCCCCCCC)CCN(CC)CC,KW_2014,KW_2014,1
-3.5505743,0.487123227,CCCCCCCCCCOC(=O)CCN(CCC(=O)OCCCCCCCCCC)CCN(CCC(=O)OCCCCCCCCCC)CCN(CCC(=O)OCCCCCCCCCC)CCC(=O)OCCCCCCCCCC,KW_2014,KW_2014,1
-4.5717206,1.557630191,CCCCCCCCCCOC(=O)CCN(CCC(=O)OCCCCCCCCCC)CCN(CCC(=O)OCCCCCCCCCC)CCN(CCC(=O)OCCCCCCCCCC)CCN(CCC(=O)OCCCCCCCCCC)CCC(=O)OCCCCCCCCCC,KW_2014,KW_2014,2
-4.6951904,0.937053085,CCCCCCCCCCOC(=O)CCN(CCC(=O)OCCCCCCCCCC)CCN(CCC(=O)OCCCCCCCCCC)CCN(CCC(=O)OCCCCCCCCCC)CCN(CCC(=O)OCCCCCCCCCC)CCN(CCC(=O)OCCCCCCCCCC)CCC(=O)OCCCCCCCCCC,KW_2014,KW_2014,1
-4.6618657,0.025268111,CCCCCCCCCCOC(=O)CCN(CCC(=O)OCCCCCCCCCC)CCN(CCC(=O)OCCCCCCCCCC)CCN(CCC(=O)OCCCCCCCCCC)CCN(CCC(=O)OCCCCCCCCCC)CCN(CCC(=O)OCCCCCCCCCC)CCN(CCC(=O)OCCCCCCCCCC)CCC(=O)OCCCCCCCCCC,KW_2014,KW_2014,1
-2.262952,1.270435559,CCCCCCCCCCOC(=O)CCN(CCC(=O)OCCCCCCCCCC)CCN(CCC(=O)OCCCCCCCCCC)CCN1CCN(CCN(CCC(=O)OCCCCCCCCCC)CCC(=O)OCCCCCCCCCC)CC1,KW_2014,KW_2014,2
-4.3961782,2.103855021,CCCCCCCCCCOC(=O)CCN(CCC(=O)OCCCCCCCCCC)CCN(CCN(CCC(=O)OCCCCCCCCCC)CCC(=O)OCCCCCCCCCC)CCN(CCC(=O)OCCCCCCCCCC)CCC(=O)OCCCCCCCCCC,KW_2014,KW_2014,2
-5.144977,-0.015465949,CCCCCCCCCCOC(=O)CCN(CCC(=O)OCCCCCCCCCC)CCN(CCO)CCO,KW_2014,KW_2014,1
-5.0018797,-0.183664063,CCCCCCCCCCOC(=O)CCN(CCC(=O)OCCCCCCCCCC)CCN1CCCC1,KW_2014,KW_2014,1
-6.221314,0.237186892,CCCCCCCCCCOC(=O)CCN(CCC(=O)OCCCCCCCCCC)CCN1CCCCC1,KW_2014,KW_2014,1
-3.2288136,0.70355334,CCCCCCCCCCOC(=O)CCN(CCC(=O)OCCCCCCCCCC)CCN1CCN(CCC(=O)OCCCCCCCCCC)CC1,KW_2014,KW_2014,1
-2.2979481,3.61098376,CCCCCCCCCCOC(=O)CCN(CCC(=O)OCCCCCCCCCC)CCN1CCN(CCN(CCC(=O)OCCCCCCCCCC)CCC(=O)OCCCCCCCCCC)CC1,KW_2014,KW_2014,2
-6.778974,0.652137159,CCCCCCCCCCOC(=O)CCN(CCC(=O)OCCCCCCCCCC)CCN1CCOCC1,KW_2014,KW_2014,1
-5.0497875,-0.559776194,CCCCCCCCCCOC(=O)CCN(CCC(=O)OCCCCCCCCCC)CN(CC)CCC,KW_2014,KW_2014,0
-6.9870915,0.003415065,CCCCCCCCCCOC(=O)CCN(CCC)CCC(=O)OCCCCCCCCCC,KW_2014,KW_2014,1
-3.5162842,-0.254455579,CCCCCCCCCCOC(=O)CCN(CCC)CCCN(CCC(=O)OCCCCCCCCCC)CCC(=O)OCCCCCCCCCC,KW_2014,KW_2014,0
-6.901588,0.120340984,CCCCCCCCCCOC(=O)CCN(CCCC)CCC(=O)OCCCCCCCCCC,KW_2014,KW_2014,1
-6.8172703,-0.320811272,CCCCCCCCCCOC(=O)CCN(CCCc1ccccc1)CCC(=O)OCCCCCCCCCC,KW_2014,KW_2014,0
-6.818916,-0.167529252,CCCCCCCCCCOC(=O)CCN(CCCCC)CCC(=O)OCCCCCCCCCC,KW_2014,KW_2014,1
-6.797213,-0.358778501,CCCCCCCCCCOC(=O)CCN(CCCCc1ccccc1)CCC(=O)OCCCCCCCCCC,KW_2014,KW_2014,0
-6.405133,0.409711506,CCCCCCCCCCOC(=O)CCN(CCCCCC)CCC(=O)OCCCCCCCCCC,KW_2014,KW_2014,1
-4.2842846,-0.222061852,CCCCCCCCCCOC(=O)CCN(CCCCCCCCN(CCC(=O)OCCCCCCCCCC)CCC(=O)OCCCCCCCCCC)CCC(=O)OCCCCCCCCCC,KW_2014,KW_2014,0
-3.366715,-0.024454664,CCCCCCCCCCOC(=O)CCN(CCCCCCN(CCC(=O)OCCCCCCCCCC)CCC(=O)OCCCCCCCCCC)CCCCCCN(CCC(=O)OCCCCCCCCCC)CCC(=O)OCCCCCCCCCC,KW_2014,KW_2014,1
-6.67925,0.866668079,CCCCCCCCCCOC(=O)CCN(CCCCCCO)CCC(=O)OCCCCCCCCCC,KW_2014,KW_2014,1
-6.961316,0.888588882,CCCCCCCCCCOC(=O)CCN(CCCCCO)CCC(=O)OCCCCCCCCCC,KW_2014,KW_2014,1
-5.735226,-0.382632441,CCCCCCCCCCOC(=O)CCN(CCCCN(C)Cc1ccccc1)CCC(=O)OCCCCCCCCCC,KW_2014,KW_2014,0
-6.7956367,0.03124544,CCCCCCCCCCOC(=O)CCN(CCCCN1CCN(C)CC1)CCC(=O)OCCCCCCCCCC,KW_2014,KW_2014,1
-6.95888,0.257412743,CCCCCCCCCCOC(=O)CCN(CCCCO)CCC(=O)OCCCCCCCCCC,KW_2014,KW_2014,1
-5.623825,-0.164907643,CCCCCCCCCCOC(=O)CCN(CCCN(C)C)CCC(=O)OCCCCCCCCCC,KW_2014,KW_2014,1
-5.623825,0.106881918,CCCCCCCCCCOC(=O)CCN(CCCN(C)C)CCC(=O)OCCCCCCCCCC,KW_2014,KW_2014,1
-1.487288,4.28649945,CCCCCCCCCCOC(=O)CCN(CCCN(C)C)CCCN(CCC(=O)OCCCCCCCCCC)CCC(=O)OCCCCCCCCCC,KW_2014,KW_2014,3
3.6699674,3.891100547,CCCCCCCCCCOC(=O)CCN(CCCN(C)CCCN(CCC(=O)OCCCCCCCCCC)CCC(=O)OCCCCCCCCCC)CCC(=O)OCCCCCCCCCC,KW_2014,KW_2014,2
-4.1710896,-0.332125588,CCCCCCCCCCOC(=O)CCN(CCCN(CC)CC)CCC(=O)OCCCCCCCCCC,KW_2014,KW_2014,0
-3.5740085,1.295020956,CCCCCCCCCCOC(=O)CCN(CCCN(CCC(=O)OCCCCCCCCCC)CCC(=O)OCCCCCCCCCC)CCC(=O)OCCCCCCCCCC,KW_2014,KW_2014,2
-2.6340828,2.312301377,CCCCCCCCCCOC(=O)CCN(CCCN(CCC(=O)OCCCCCCCCCC)CCC(=O)OCCCCCCCCCC)CCCN(CCC(=O)OCCCCCCCCCC)CCC(=O)OCCCCCCCCCC,KW_2014,KW_2014,2
-3.3497953,0.965792318,CCCCCCCCCCOC(=O)CCN(CCCN(CCC(=O)OCCCCCCCCCC)CCN(CCC(=O)OCCCCCCCCCC)CCC(=O)OCCCCCCCCCC)CCC(=O)OCCCCCCCCCC,KW_2014,KW_2014,1
-4.648644,0.455436502,CCCCCCCCCCOC(=O)CCN(CCCN(CCC(=O)OCCCCCCCCCC)CCN(CCC(=O)OCCCCCCCCCC)CCC(=O)OCCCCCCCCCC)CCN(CCC(=O)OCCCCCCCCCC)CCC(=O)OCCCCCCCCCC,KW_2014,KW_2014,1
-1.4814047,3.522572096,CCCCCCCCCCOC(=O)CCN(CCCN(CCCN(CCC(=O)OCCCCCCCCCC)CCC(=O)OCCCCCCCCCC)CCC(=O)OCCCCCCCCCC)CCCN(CCC(=O)OCCCCCCCCCC)CCC(=O)OCCCCCCCCCC,KW_2014,KW_2014,2
-6.1031365,0.029655934,CCCCCCCCCCOC(=O)CCN(CCCN1CCN(C(C)C)CC1)CCC(=O)OCCCCCCCCCC,KW_2014,KW_2014,1
-1.5294439,2.467127211,CCCCCCCCCCOC(=O)CCN(CCCN1CCN(CCCN(CCC(=O)OCCCCCCCCCC)CCC(=O)OCCCCCCCCCC)CC1)CCC(=O)OCCCCCCCCCC,KW_2014,KW_2014,2
-5.834572,-0.163894664,CCCCCCCCCCOC(=O)CCN(CCCn1ccnc1)CCC(=O)OCCCCCCCCCC,KW_2014,KW_2014,1
-6.6934443,0.029075388,CCCCCCCCCCOC(=O)CCN(CCCN1CCOCC1)CCC(=O)OCCCCCCCCCC,KW_2014,KW_2014,1
-6.8738794,0.015531898,CCCCCCCCCCOC(=O)CCN(CCCO)CCC(=O)OCCCCCCCCCC,KW_2014,KW_2014,1
-5.8505,-0.481600021,CCCCCCCCCCOC(=O)CCN(CCCOC(C)C)CCC(=O)OCCCCCCCCCC,KW_2014,KW_2014,0
-6.2207813,-0.643014071,CCCCCCCCCCOC(=O)CCN(CCCOC)CCC(=O)OCCCCCCCCCC,KW_2014,KW_2014,0
-6.2207813,-0.239140877,CCCCCCCCCCOC(=O)CCN(CCCOC)CCC(=O)OCCCCCCCCCC,KW_2014,KW_2014,0
-2.540429,-0.175591302,CCCCCCCCCCOC(=O)CCN(CCCOCCCCOCCCN(CCC(=O)OCCCCCCCCCC)CCC(=O)OCCCCCCCCCC)CCC(=O)OCCCCCCCCCC,KW_2014,KW_2014,1
-0.988925,-0.68043706,CCCCCCCCCCOC(=O)CCN(CCCOCCOCCOCCCN(CCC(=O)OCCCCCCCCCC)CCC(=O)OCCCCCCCCCC)CCC(=O)OCCCCCCCCCC,KW_2014,KW_2014,0
-5.2331753,-0.389726101,CCCCCCCCCCOC(=O)CCN(CCN(CCC(=O)OCCCCCCCCCC)C(C)(C)C)C(C)(C)C,KW_2014,KW_2014,0
-5.6096263,-0.026348066,CCCCCCCCCCOC(=O)CCN(CCN(CCC(=O)OCCCCCCCCCC)C(C)C)C(C)C,KW_2014,KW_2014,1
-6.5619826,0.215749049,CCCCCCCCCCOC(=O)CCN(CCO)CCC(=O)OCCCCCCCCCC,KW_2014,KW_2014,1
-3.704342,0.970742797,CCCCCCCCCCOC(=O)CCN(CCO)CCN(CCC(=O)OCCCCCCCCCC)CCC(=O)OCCCCCCCCCC,KW_2014,KW_2014,1
-4.8804116,1.126454064,CCCCCCCCCCOC(=O)CCN(CCO)CCN(CCO)CCC(=O)OCCCCCCCCCC,KW_2014,KW_2014,2
-4.8804116,0.510239436,CCCCCCCCCCOC(=O)CCN(CCO)CCN(CCO)CCC(=O)OCCCCCCCCCC,KW_2014,KW_2014,1
-6.0638742,-0.022005899,CCCCCCCCCCOC(=O)CCN(CCOC)CCC(=O)OCCCCCCCCCC,KW_2014,KW_2014,1
-5.98399,-0.358395523,CCCCCCCCCCOC(=O)CCN(CCOCC)CCC(=O)OCCCCCCCCCC,KW_2014,KW_2014,0
-5.07867,-0.867895235,CCCCCCCCCCOC(=O)CCN(CCOCCN1CCCC1)CCC(=O)OCCCCCCCCCC,KW_2014,KW_2014,0
-6.0136266,0.681889931,CCCCCCCCCCOC(=O)CCN(CCOCCO)CCC(=O)OCCCCCCCCCC,KW_2014,KW_2014,1
-6.0136266,0.002462275,CCCCCCCCCCOC(=O)CCN(CCOCCO)CCC(=O)OCCCCCCCCCC,KW_2014,KW_2014,1
-1.4856565,-0.606800682,CCCCCCCCCCOC(=O)CCN(CCOCCOCCN(CCC(=O)OCCCCCCCCCC)CCC(=O)OCCCCCCCCCC)CCC(=O)OCCCCCCCCCC,KW_2014,KW_2014,0
-1.2668446,0.052083731,CCCCCCCCCCOC(=O)CCN(CCOCCOCCOCCN(CCC(=O)OCCCCCCCCCC)CCC(=O)OCCCCCCCCCC)CCC(=O)OCCCCCCCCCC,KW_2014,KW_2014,1
-4.029846,-0.021804835,CCCCCCCCCCOC(=O)CCN1C(C)N(CCC(=O)OCCCCCCCCCC)C(C)N(CCC(=O)OCCCCCCCCCC)C1C,KW_2014,KW_2014,1
-4.7327228,0.393392085,CCCCCCCCCCOC(=O)CCN1CC[C@@H](N(CCC(=O)OCCCCCCCCCC)CCC(=O)OCCCCCCCCCC)C1,KW_2014,KW_2014,1
-4.983733,-0.333386514,CCCCCCCCCCOC(=O)CCN1CCC(N(CCC(=O)OCCCCCCCCCC)CCC(=O)OCCCCCCCCCC)CC1,KW_2014,KW_2014,0
-3.4518657,-0.848072702,CCCCCCCCCCOC(=O)CCN1CCCCN(C)CCN(CCC(=O)OCCCCCCCCCC)CCCN(C)CC1,KW_2014,KW_2014,0
-3.950458,-0.101626195,CCCCCCCCCCOC(=O)CCN1CCCN(CCC(=O)OCCCCCCCCCC)CCCN(CCC(=O)OCCCCCCCCCC)CCC1,KW_2014,KW_2014,1
-3.0899374,0.159046009,CCCCCCCCCCOC(=O)CCN1CCCN(CCC(=O)OCCCCCCCCCC)CCCN(CCC(=O)OCCCCCCCCCC)CCN(CCC(=O)OCCCCCCCCCC)CCC1,KW_2014,KW_2014,1
-3.2383652,-0.002021643,CCCCCCCCCCOC(=O)CCN1CCCN(CCC(=O)OCCCCCCCCCC)CCN(CCC(=O)OCCCCCCCCCC)CCCN(CCC(=O)OCCCCCCCCCC)CC1,KW_2014,KW_2014,1
-2.8077748,0.015606566,CCCCCCCCCCOC(=O)CCN1CCCN(CCC(=O)OCCCCCCCCCC)CCN(CCC(=O)OCCCCCCCCCC)CCN(CCC(=O)OCCCCCCCCCC)CC1,KW_2014,KW_2014,1
-5.9574184,-0.267572516,CCCCCCCCCCOC(=O)CCN1CCN(CCC(=O)OCCCCCCCCCC)[C@H](C)C1,KW_2014,KW_2014,0
-6.333514,-0.567880006,CCCCCCCCCCOC(=O)CCN1CCN(CCC(=O)OCCCCCCCCCC)C(c2ccccc2)C1,KW_2014,KW_2014,0
-2.1474357,1.731095967,CCCCCCCCCCOC(=O)CCN1CCN(CCC(=O)OCCCCCCCCCC)C2C1N(CCC(=O)OCCCCCCCCCC)CCN2CCC(=O)OCCCCCCCCCC,KW_2014,KW_2014,2
-6.3504148,0.000668229,CCCCCCCCCCOC(=O)CCN1CCN(CCC(=O)OCCCCCCCCCC)CC1,KW_2014,KW_2014,1
-2.881861,0.180144729,CCCCCCCCCCOC(=O)CCN1CCN(CCC(=O)OCCCCCCCCCC)CCN(CCC(=O)OCCCCCCCCCC)CCN(CCC(=O)OCCCCCCCCCC)CC1,KW_2014,KW_2014,1
-3.3014066,-0.143999145,CCCCCCCCCCOC(=O)CCN1CCOCCN(CCC(=O)OCCCCCCCCCC)CCN(CCC(=O)OCCCCCCCCCC)CC1,KW_2014,KW_2014,1
