cv_4_pred_Experiment_value,Experiment_value,smiles,Experiment_ID,experiment_id,rel
-2.3497367,0.581214361,CCCCCCCCCCC(O)CN(CCN1CCN(CCN(CC(O)CCCCCCCCCC)CC(O)CCCCCCCCCC)CC1)CCN(CC(O)CCCCCCCCCC)CC(O)CCCCCCCCCC,JW_2024,JW_2024,1
-2.6874506,-1.3706713,CCCCCCCCCCC(O)CN(CCN1CCN(CCN(CC(O)CCCCCCCCCC)CC(O)CCCCCCCCCC)CC1)CCN(CC(O)CCCCCCCCCC)CC(O)CCCCCCCCCC,JW_2024,JW_2024,0
-1.5678123,1.663900938,CCCCCCCCCCC(O)CN(CCN1CCN(CCN(CC(O)CCCCCCCCCC)CC(O)CCCCCCCCCC)CC1)CCN(CC(O)CCCCCCCCCC)CC(O)CCCCCCCCCC,JW_2024,JW_2024,2
-2.9625685,-1.431667727,CCCCCCCCCCC(O)CN(CCN1CCN(CCN(CC(O)CCCCCCCCCC)CC(O)CCCCCCCCCC)CC1)CCN(CC(O)CCCCCCCCCC)CC(O)CCCCCCCCCC,JW_2024,JW_2024,0
-2.6839013,0.3296041,CCCCCCCCCCC(O)CN(CCN1CCN(CCN(CC(O)CCCCCCCCCC)CC(O)CCCCCCCCCC)CC1)CCN(CC(O)CCCCCCCCCC)CC(O)CCCCCCCCCC,JW_2024,JW_2024,1
-2.7076848,0.764203641,CCCCCCCCCCC(O)CN(CCN1CCN(CCN(CC(O)CCCCCCCCCC)CC(O)CCCCCCCCCC)CC1)CCN(CC(O)CCCCCCCCCC)CC(O)CCCCCCCCCC,JW_2024,JW_2024,1
-3.2506998,0.46684606,CCCCCCCCCCC(O)CN(CCN1CCN(CCN(CC(O)CCCCCCCCCC)CC(O)CCCCCCCCCC)CC1)CCN(CC(O)CCCCCCCCCC)CC(O)CCCCCCCCCC,JW_2024,JW_2024,1
-2.4962227,0.611712574,CCCCCCCCCCC(O)CN(CCN1CCN(CCN(CC(O)CCCCCCCCCC)CC(O)CCCCCCCCCC)CC1)CCN(CC(O)CCCCCCCCCC)CC(O)CCCCCCCCCC,JW_2024,JW_2024,1
-2.540326,-0.059248122,CCCCCCCCCCC(O)CN(CCN1CCN(CCN(CC(O)CCCCCCCCCC)CC(O)CCCCCCCCCC)CC1)CCN(CC(O)CCCCCCCCCC)CC(O)CCCCCCCCCC,JW_2024,JW_2024,0
-3.0110714,1.015813902,CCCCCCCCCCC(O)CN(CCN1CCN(CCN(CC(O)CCCCCCCCCC)CC(O)CCCCCCCCCC)CC1)CCN(CC(O)CCCCCCCCCC)CC(O)CCCCCCCCCC,JW_2024,JW_2024,1
-2.7716107,1.877388432,CCCCCCCCCCC(O)CN(CCN1CCN(CCN(CC(O)CCCCCCCCCC)CC(O)CCCCCCCCCC)CC1)CCN(CC(O)CCCCCCCCCC)CC(O)CCCCCCCCCC,JW_2024,JW_2024,2
-2.4007218,0.947192922,CCCCCCCCCCC(O)CN(CCN1CCN(CCN(CC(O)CCCCCCCCCC)CC(O)CCCCCCCCCC)CC1)CCN(CC(O)CCCCCCCCCC)CC(O)CCCCCCCCCC,JW_2024,JW_2024,1
-2.5479183,0.390600527,CCCCCCCCCCC(O)CN(CCN1CCN(CCN(CC(O)CCCCCCCCCC)CC(O)CCCCCCCCCC)CC1)CCN(CC(O)CCCCCCCCCC)CC(O)CCCCCCCCCC,JW_2024,JW_2024,1
-2.422967,0.527842487,CCCCCCCCCCC(O)CN(CCN1CCN(CCN(CC(O)CCCCCCCCCC)CC(O)CCCCCCCCCC)CC1)CCN(CC(O)CCCCCCCCCC)CC(O)CCCCCCCCCC,JW_2024,JW_2024,1
-3.6435363,1.19117863,CCCCCCCCCCC(O)CN(CCN1CCN(CCN(CC(O)CCCCCCCCCC)CC(O)CCCCCCCCCC)CC1)CCN(CC(O)CCCCCCCCCC)CC(O)CCCCCCCCCC,JW_2024,JW_2024,1
-1.8609985,1.793518345,CCCCCCCCCCC(O)CN(CCN1CCN(CCN(CC(O)CCCCCCCCCC)CC(O)CCCCCCCCCC)CC1)CCN(CC(O)CCCCCCCCCC)CC(O)CCCCCCCCCC,JW_2024,JW_2024,2
-3.3343902,0.070369285,CCCCCCCCCCC(O)CN(CCN1CCN(CCN(CC(O)CCCCCCCCCC)CC(O)CCCCCCCCCC)CC1)CCN(CC(O)CCCCCCCCCC)CC(O)CCCCCCCCCC,JW_2024,JW_2024,1
-2.523504,1.763020132,CCCCCCCCCCC(O)CN(CCN1CCN(CCN(CC(O)CCCCCCCCCC)CC(O)CCCCCCCCCC)CC1)CCN(CC(O)CCCCCCCCCC)CC(O)CCCCCCCCCC,JW_2024,JW_2024,2
-2.7356052,0.039871072,CCCCCCCCCCC(O)CN(CCN1CCN(CCN(CC(O)CCCCCCCCCC)CC(O)CCCCCCCCCC)CC1)CCN(CC(O)CCCCCCCCCC)CC(O)CCCCCCCCCC,JW_2024,JW_2024,1
-3.4121947,0.26098312,CCCCCCCCCCC(O)CN(CCN1CCN(CCN(CC(O)CCCCCCCCCC)CC(O)CCCCCCCCCC)CC1)CCN(CC(O)CCCCCCCCCC)CC(O)CCCCCCCCCC,JW_2024,JW_2024,1
-3.100163,0.901445602,CCCCCCCCCCC(O)CN(CCCCC1NC(=O)C(CCCCN(CC(O)CCCCCCCCCC)CC(O)CCCCCCCCCC)NC1=O)CC(O)CCCCCCCCCC,JW_2024,JW_2024,1
-2.0268815,2.205244227,CCCCCCCCCCC(O)CN(CCCCC1NC(=O)C(CCCCN(CC(O)CCCCCCCCCC)CC(O)CCCCCCCCCC)NC1=O)CC(O)CCCCCCCCCC,JW_2024,JW_2024,3
-4.0004497,-1.401169513,CCCCCCCCCCC(O)CN(CCCCC1NC(=O)C(CCCCN(CC(O)CCCCCCCCCC)CC(O)CCCCCCCCCC)NC1=O)CC(O)CCCCCCCCCC,JW_2024,JW_2024,0
-5.0443206,0.863322835,CCCCCCCCCCC(O)CN(CCCCC1NC(=O)C(CCCCN(CC(O)CCCCCCCCCC)CC(O)CCCCCCCCCC)NC1=O)CC(O)CCCCCCCCCC,JW_2024,JW_2024,1
-4.0129704,0.726080875,CCCCCCCCCCC(O)CN(CCCCC1NC(=O)C(CCCCN(CC(O)CCCCCCCCCC)CC(O)CCCCCCCCCC)NC1=O)CC(O)CCCCCCCCCC,JW_2024,JW_2024,1
-4.7603307,1.32842059,CCCCCCCCCCC(O)CN(CCCCC1NC(=O)C(CCCCN(CC(O)CCCCCCCCCC)CC(O)CCCCCCCCCC)NC1=O)CC(O)CCCCCCCCCC,JW_2024,JW_2024,2
-3.6075816,0.649835341,CCCCCCCCCCC(O)CN(CCCCC1NC(=O)C(CCCCN(CC(O)CCCCCCCCCC)CC(O)CCCCCCCCCC)NC1=O)CC(O)CCCCCCCCCC,JW_2024,JW_2024,1
-3.7974796,1.015813902,CCCCCCCCCCC(O)CN(CCCCC1NC(=O)C(CCCCN(CC(O)CCCCCCCCCC)CC(O)CCCCCCCCCC)NC1=O)CC(O)CCCCCCCCCC,JW_2024,JW_2024,1
-3.8172727,0.924319262,CCCCCCCCCCC(O)CN(CCCCC1NC(=O)C(CCCCN(CC(O)CCCCCCCCCC)CC(O)CCCCCCCCCC)NC1=O)CC(O)CCCCCCCCCC,JW_2024,JW_2024,1
-3.799639,2.068002266,CCCCCCCCCCC(O)CN(CCCCC1NC(=O)C(CCCCN(CC(O)CCCCCCCCCC)CC(O)CCCCCCCCCC)NC1=O)CC(O)CCCCCCCCCC,JW_2024,JW_2024,3
-2.899365,0.832824622,CCCCCCCCCCC(O)CN(CCCCC1NC(=O)C(CCCCN(CC(O)CCCCCCCCCC)CC(O)CCCCCCCCCC)NC1=O)CC(O)CCCCCCCCCC,JW_2024,JW_2024,1
-4.0247006,0.939568369,CCCCCCCCCCC(O)CN(CCCCC1NC(=O)C(CCCCN(CC(O)CCCCCCCCCC)CC(O)CCCCCCCCCC)NC1=O)CC(O)CCCCCCCCCC,JW_2024,JW_2024,1
-3.352609,1.313171483,CCCCCCCCCCC(O)CN(CCCCC1NC(=O)C(CCCCN(CC(O)CCCCCCCCCC)CC(O)CCCCCCCCCC)NC1=O)CC(O)CCCCCCCCCC,JW_2024,JW_2024,1
-5.189694,1.39704157,CCCCCCCCCCC(O)CN(CCCCC1NC(=O)C(CCCCN(CC(O)CCCCCCCCCC)CC(O)CCCCCCCCCC)NC1=O)CC(O)CCCCCCCCCC,JW_2024,JW_2024,2
-2.1353307,2.23574244,CCCCCCCCCCC(O)CN(CCCCC1NC(=O)C(CCCCN(CC(O)CCCCCCCCCC)CC(O)CCCCCCCCCC)NC1=O)CC(O)CCCCCCCCCC,JW_2024,JW_2024,3
-3.6027508,1.046312116,CCCCCCCCCCC(O)CN(CCCCC1NC(=O)C(CCCCN(CC(O)CCCCCCCCCC)CC(O)CCCCCCCCCC)NC1=O)CC(O)CCCCCCCCCC,JW_2024,JW_2024,1
-3.6126454,2.037504053,CCCCCCCCCCC(O)CN(CCCCC1NC(=O)C(CCCCN(CC(O)CCCCCCCCCC)CC(O)CCCCCCCCCC)NC1=O)CC(O)CCCCCCCCCC,JW_2024,JW_2024,3
-4.214214,0.055120179,CCCCCCCCCCC(O)CN(CCCCC1NC(=O)C(CCCCN(CC(O)CCCCCCCCCC)CC(O)CCCCCCCCCC)NC1=O)CC(O)CCCCCCCCCC,JW_2024,JW_2024,1
-3.899891,0.230484906,CCCCCCCCCCC(O)CN(CCCCC1NC(=O)C(CCCCN(CC(O)CCCCCCCCCC)CC(O)CCCCCCCCCC)NC1=O)CC(O)CCCCCCCCCC,JW_2024,JW_2024,1
-4.760243,-1.204789014,CCCCCCCCC(CCCCCC)C(=O)OC(C/C=C\CCCCCCCCOC(=O)CCN(CCC(=O)OCCCCCCCC/C=C\CC(CCCCCC)OC(=O)C(CCCCCC)CCCCCCCC)CCc1ccncc1)CCCCCC,JW_2024,JW_2024,0
-4.3803067,-1.078860772,CCCCCCCCC(CCCCCC)C(=O)OC(C/C=C\CCCCCCCCOC(=O)CCN(CCC(=O)OCCCCCCCC/C=C\CC(CCCCCC)OC(=O)C(CCCCCC)CCCCCCCC)CCc1ccncc1)CCCCCC,JW_2024,JW_2024,0
-5.6284423,-1.132830019,CCCCCCCCC(CCCCCC)C(=O)OC(C/C=C\CCCCCCCCOC(=O)CCN(CCC(=O)OCCCCCCCC/C=C\CC(CCCCCC)OC(=O)C(CCCCCC)CCCCCCCC)CCc1ccncc1)CCCCCC,JW_2024,JW_2024,0
-5.199376,-1.069865897,CCCCCCCCC(CCCCCC)C(=O)OC(C/C=C\CCCCCCCCOC(=O)CCN(CCC(=O)OCCCCCCCC/C=C\CC(CCCCCC)OC(=O)C(CCCCCC)CCCCCCCC)CCc1ccncc1)CCCCCC,JW_2024,JW_2024,0
-5.753744,-1.213783889,CCCCCCCCC(CCCCCC)C(=O)OC(C/C=C\CCCCCCCCOC(=O)CCN(CCC(=O)OCCCCCCCC/C=C\CC(CCCCCC)OC(=O)C(CCCCCC)CCCCCCCC)CCc1ccncc1)CCCCCC,JW_2024,JW_2024,0
-5.7033243,-2.293168825,CCCCCCCCC(CCCCCC)C(=O)OC(C/C=C\CCCCCCCCOC(=O)CCN(CCC(=O)OCCCCCCCC/C=C\CC(CCCCCC)OC(=O)C(CCCCCC)CCCCCCCC)CCc1ccncc1)CCCCCC,JW_2024,JW_2024,0
-5.8414397,-0.359270814,CCCCCCCCC(CCCCCC)C(=O)OC(C/C=C\CCCCCCCCOC(=O)CCN(CCC(=O)OCCCCCCCC/C=C\CC(CCCCCC)OC(=O)C(CCCCCC)CCCCCCCC)CCc1ccncc1)CCCCCC,JW_2024,JW_2024,0
-5.332316,-2.715927925,CCCCCCCCC(CCCCCC)C(=O)OC(C/C=C\CCCCCCCCOC(=O)CCN(CCC(=O)OCCCCCCCC/C=C\CC(CCCCCC)OC(=O)C(CCCCCC)CCCCCCCC)CCc1ccncc1)CCCCCC,JW_2024,JW_2024,0
-4.7961044,-0.889968408,CCCCCCCCC(CCCCCC)C(=O)OC(C/C=C\CCCCCCCCOC(=O)CCN(CCC(=O)OCCCCCCCC/C=C\CC(CCCCCC)OC(=O)C(CCCCCC)CCCCCCCC)CCc1ccncc1)CCCCCC,JW_2024,JW_2024,0
-5.280127,-1.204789014,CCCCCCCCC(CCCCCC)C(=O)OC(C/C=C\CCCCCCCCOC(=O)CCN(CCC(=O)OCCCCCCCC/C=C\CC(CCCCCC)OC(=O)C(CCCCCC)CCCCCCCC)CCc1ccncc1)CCCCCC,JW_2024,JW_2024,0
-5.716166,-0.593137551,CCCCCCCCC(CCCCCC)C(=O)OC(C/C=C\CCCCCCCCOC(=O)CCN(CCC(=O)OCCCCCCCC/C=C\CC(CCCCCC)OC(=O)C(CCCCCC)CCCCCCCC)CCc1ccncc1)CCCCCC,JW_2024,JW_2024,0
-4.8729625,-1.420666002,CCCCCCCCC(CCCCCC)C(=O)OC(C/C=C\CCCCCCCCOC(=O)CCN(CCC(=O)OCCCCCCCC/C=C\CC(CCCCCC)OC(=O)C(CCCCCC)CCCCCCCC)CCc1ccncc1)CCCCCC,JW_2024,JW_2024,0
-5.207198,-1.024891525,CCCCCCCCC(CCCCCC)C(=O)OC(C/C=C\CCCCCCCCOC(=O)CCN(CCC(=O)OCCCCCCCC/C=C\CC(CCCCCC)OC(=O)C(CCCCCC)CCCCCCCC)CCc1ccncc1)CCCCCC,JW_2024,JW_2024,0
-5.834724,-0.916953031,CCCCCCCCC(CCCCCC)C(=O)OC(C/C=C\CCCCCCCCOC(=O)CCN(CCC(=O)OCCCCCCCC/C=C\CC(CCCCCC)OC(=O)C(CCCCCC)CCCCCCCC)CCc1ccncc1)CCCCCC,JW_2024,JW_2024,0
-4.9736905,-1.474635249,CCCCCCC(C/C=C\CCCCCCCCOC(=O)CCN(CCC(=O)OCCCCCCCC/C=C\CC(CCCCCC)OC(=O)C(CCCC)CCCCCC)CCc1ccncc1)OC(=O)C(CCCC)CCCCCC,JW_2024,JW_2024,0
-4.5417533,-1.11484027,CCCCCCC(C/C=C\CCCCCCCCOC(=O)CCN(CCC(=O)OCCCCCCCC/C=C\CC(CCCCCC)OC(=O)C(CCCC)CCCCCC)CCc1ccncc1)OC(=O)C(CCCC)CCCCCC,JW_2024,JW_2024,0
-6.3462667,-0.809014538,CCCCCCC(C/C=C\CCCCCCCCOC(=O)CCN(CCC(=O)OCCCCCCCC/C=C\CC(CCCCCC)OC(=O)C(CCCC)CCCCCC)CCc1ccncc1)OC(=O)C(CCCC)CCCCCC,JW_2024,JW_2024,0
-5.258822,-0.674091421,CCCCCCC(C/C=C\CCCCCCCCOC(=O)CCN(CCC(=O)OCCCCCCCC/C=C\CC(CCCCCC)OC(=O)C(CCCC)CCCCCC)CCc1ccncc1)OC(=O)C(CCCC)CCCCCC,JW_2024,JW_2024,0
-5.4865327,-1.024891525,CCCCCCC(C/C=C\CCCCCCCCOC(=O)CCN(CCC(=O)OCCCCCCCC/C=C\CC(CCCCCC)OC(=O)C(CCCC)CCCCCC)CCc1ccncc1)OC(=O)C(CCCC)CCCCCC,JW_2024,JW_2024,0
-5.7025847,-1.123835144,CCCCCCC(C/C=C\CCCCCCCCOC(=O)CCN(CCC(=O)OCCCCCCCC/C=C\CC(CCCCCC)OC(=O)C(CCCC)CCCCCC)CCc1ccncc1)OC(=O)C(CCCC)CCCCCC,JW_2024,JW_2024,0
-5.787245,-0.43122981,CCCCCCC(C/C=C\CCCCCCCCOC(=O)CCN(CCC(=O)OCCCCCCCC/C=C\CC(CCCCCC)OC(=O)C(CCCC)CCCCCC)CCc1ccncc1)OC(=O)C(CCCC)CCCCCC,JW_2024,JW_2024,0
-5.0635505,-2.203220081,CCCCCCC(C/C=C\CCCCCCCCOC(=O)CCN(CCC(=O)OCCCCCCCC/C=C\CC(CCCCCC)OC(=O)C(CCCC)CCCCCC)CCc1ccncc1)OC(=O)C(CCCC)CCCCCC,JW_2024,JW_2024,0
-4.888986,-0.827004287,CCCCCCC(C/C=C\CCCCCCCCOC(=O)CCN(CCC(=O)OCCCCCCCC/C=C\CC(CCCCCC)OC(=O)C(CCCC)CCCCCC)CCc1ccncc1)OC(=O)C(CCCC)CCCCCC,JW_2024,JW_2024,0
-4.914632,-1.249763387,CCCCCCC(C/C=C\CCCCCCCCOC(=O)CCN(CCC(=O)OCCCCCCCC/C=C\CC(CCCCCC)OC(=O)C(CCCC)CCCCCC)CCc1ccncc1)OC(=O)C(CCCC)CCCCCC,JW_2024,JW_2024,0
-5.9430337,-0.43122981,CCCCCCC(C/C=C\CCCCCCCCOC(=O)CCN(CCC(=O)OCCCCCCCC/C=C\CC(CCCCCC)OC(=O)C(CCCC)CCCCCC)CCc1ccncc1)OC(=O)C(CCCC)CCCCCC,JW_2024,JW_2024,0
-4.5364375,-1.627548115,CCCCCCC(C/C=C\CCCCCCCCOC(=O)CCN(CCC(=O)OCCCCCCCC/C=C\CC(CCCCCC)OC(=O)C(CCCC)CCCCCC)CCc1ccncc1)OC(=O)C(CCCC)CCCCCC,JW_2024,JW_2024,0
-4.790802,-1.069865897,CCCCCCC(C/C=C\CCCCCCCCOC(=O)CCN(CCC(=O)OCCCCCCCC/C=C\CC(CCCCCC)OC(=O)C(CCCC)CCCCCC)CCc1ccncc1)OC(=O)C(CCCC)CCCCCC,JW_2024,JW_2024,0
-5.984544,-1.294737759,CCCCCCC(C/C=C\CCCCCCCCOC(=O)CCN(CCC(=O)OCCCCCCCC/C=C\CC(CCCCCC)OC(=O)C(CCCC)CCCCCC)CCc1ccncc1)OC(=O)C(CCCC)CCCCCC,JW_2024,JW_2024,0
-5.932405,-1.222778763,CCCCCCC(C/C=C\CCCCCCCCOC(=O)CCN(CCC(=O)OCCCCCCCC/C=C\CC(CCCCCC)OC(=O)CCCC1CCCCC1)CCc1ccncc1)OC(=O)CCCC1CCCCC1,JW_2024,JW_2024,0
-5.7822814,-1.708501985,CCCCCCC(C/C=C\CCCCCCCCOC(=O)CCN(CCC(=O)OCCCCCCCC/C=C\CC(CCCCCC)OC(=O)CCCC1CCCCC1)CCc1ccncc1)OC(=O)CCCC1CCCCC1,JW_2024,JW_2024,0
-7.703563,-0.701076044,CCCCCCC(C/C=C\CCCCCCCCOC(=O)CCN(CCC(=O)OCCCCCCCC/C=C\CC(CCCCCC)OC(=O)CCCC1CCCCC1)CCc1ccncc1)OC(=O)CCCC1CCCCC1,JW_2024,JW_2024,0
-5.782325,-2.104276461,CCCCCCC(C/C=C\CCCCCCCCOC(=O)CCN(CCC(=O)OCCCCCCCC/C=C\CC(CCCCCC)OC(=O)CCCC1CCCCC1)CCc1ccncc1)OC(=O)CCCC1CCCCC1,JW_2024,JW_2024,0
-5.601741,-1.483630123,CCCCCCC(C/C=C\CCCCCCCCOC(=O)CCN(CCC(=O)OCCCCCCCC/C=C\CC(CCCCCC)OC(=O)CCCC1CCCCC1)CCc1ccncc1)OC(=O)CCCC1CCCCC1,JW_2024,JW_2024,0
-7.286834,-1.933373846,CCCCCCC(C/C=C\CCCCCCCCOC(=O)CCN(CCC(=O)OCCCCCCCC/C=C\CC(CCCCCC)OC(=O)CCCC1CCCCC1)CCc1ccncc1)OC(=O)CCCC1CCCCC1,JW_2024,JW_2024,0
-6.8236527,-0.862983785,CCCCCCC(C/C=C\CCCCCCCCOC(=O)CCN(CCC(=O)OCCCCCCCC/C=C\CC(CCCCCC)OC(=O)CCCC1CCCCC1)CCc1ccncc1)OC(=O)CCCC1CCCCC1,JW_2024,JW_2024,0
-5.411147,-1.105845395,CCCCCCC(C/C=C\CCCCCCCCOC(=O)CCN(CCC(=O)OCCCCCCCC/C=C\CC(CCCCCC)OC(=O)CCCC1CCCCC1)CCc1ccncc1)OC(=O)CCCC1CCCCC1,JW_2024,JW_2024,0
-5.9653416,-0.871978659,CCCCCCC(C/C=C\CCCCCCCCOC(=O)CCN(CCC(=O)OCCCCCCCC/C=C\CC(CCCCCC)OC(=O)CCCC1CCCCC1)CCc1ccncc1)OC(=O)CCCC1CCCCC1,JW_2024,JW_2024,0
-5.8632994,-1.123835144,CCCCCCC(C/C=C\CCCCCCCCOC(=O)CCN(CCC(=O)OCCCCCCCC/C=C\CC(CCCCCC)OC(=O)CCCC1CCCCC1)CCc1ccncc1)OC(=O)CCCC1CCCCC1,JW_2024,JW_2024,0
-7.5265417,-0.835999161,CCCCCCC(C/C=C\CCCCCCCCOC(=O)CCN(CCC(=O)OCCCCCCCC/C=C\CC(CCCCCC)OC(=O)CCCC1CCCCC1)CCc1ccncc1)OC(=O)CCCC1CCCCC1,JW_2024,JW_2024,0
-5.050724,-0.970922278,CCCCCCC(C/C=C\CCCCCCCCOC(=O)CCN(CCC(=O)OCCCCCCCC/C=C\CC(CCCCCC)OC(=O)CCCC1CCCCC1)CCc1ccncc1)OC(=O)CCCC1CCCCC1,JW_2024,JW_2024,0
-5.473361,-0.449219559,CCCCCCC(C/C=C\CCCCCCCCOC(=O)CCN(CCC(=O)OCCCCCCCC/C=C\CC(CCCCCC)OC(=O)CCCC1CCCCC1)CCc1ccncc1)OC(=O)CCCC1CCCCC1,JW_2024,JW_2024,0
-7.4431276,-0.440224685,CCCCCCC(C/C=C\CCCCCCCCOC(=O)CCN(CCC(=O)OCCCCCCCC/C=C\CC(CCCCCC)OC(=O)CCCC1CCCCC1)CCc1ccncc1)OC(=O)CCCC1CCCCC1,JW_2024,JW_2024,0
-4.06378,-1.0338864,CCCCCCCCC(CCCCCC)C(=O)OC(C/C=C\CCCCCCCCOC(=O)CCN(CCC(=O)OCCCCCCCC/C=C\CC(CCCCCC)OC(=O)C(CCCCCC)CCCCCCCC)CCN1CCCC1)CCCCCC,JW_2024,JW_2024,0
-3.8574662,-1.384686504,CCCCCCCCC(CCCCCC)C(=O)OC(C/C=C\CCCCCCCCOC(=O)CCN(CCC(=O)OCCCCCCCC/C=C\CC(CCCCCC)OC(=O)C(CCCCCC)CCCCCCCC)CCN1CCCC1)CCCCCC,JW_2024,JW_2024,0
-3.9518435,0.009519039,CCCCCCCCC(CCCCCC)C(=O)OC(C/C=C\CCCCCCCCOC(=O)CCN(CCC(=O)OCCCCCCCC/C=C\CC(CCCCCC)OC(=O)C(CCCCCC)CCCCCCCC)CCN1CCCC1)CCCCCC,JW_2024,JW_2024,0
-4.489136,-1.861414851,CCCCCCCCC(CCCCCC)C(=O)OC(C/C=C\CCCCCCCCOC(=O)CCN(CCC(=O)OCCCCCCCC/C=C\CC(CCCCCC)OC(=O)C(CCCCCC)CCCCCCCC)CCN1CCCC1)CCCCCC,JW_2024,JW_2024,0
-4.627599,-1.11484027,CCCCCCCCC(CCCCCC)C(=O)OC(C/C=C\CCCCCCCCOC(=O)CCN(CCC(=O)OCCCCCCCC/C=C\CC(CCCCCC)OC(=O)C(CCCCCC)CCCCCCCC)CCN1CCCC1)CCCCCC,JW_2024,JW_2024,0
-3.8978336,-1.735486608,CCCCCCCCC(CCCCCC)C(=O)OC(C/C=C\CCCCCCCCOC(=O)CCN(CCC(=O)OCCCCCCCC/C=C\CC(CCCCCC)OC(=O)C(CCCCCC)CCCCCCCC)CCN1CCCC1)CCCCCC,JW_2024,JW_2024,0
-4.3276496,-1.024891525,CCCCCCCCC(CCCCCC)C(=O)OC(C/C=C\CCCCCCCCOC(=O)CCN(CCC(=O)OCCCCCCCC/C=C\CC(CCCCCC)OC(=O)C(CCCCCC)CCCCCCCC)CCN1CCCC1)CCCCCC,JW_2024,JW_2024,0
-4.726212,-1.96035847,CCCCCCCCC(CCCCCC)C(=O)OC(C/C=C\CCCCCCCCOC(=O)CCN(CCC(=O)OCCCCCCCC/C=C\CC(CCCCCC)OC(=O)C(CCCCCC)CCCCCCCC)CCN1CCCC1)CCCCCC,JW_2024,JW_2024,0
-4.3291698,-1.204789014,CCCCCCCCC(CCCCCC)C(=O)OC(C/C=C\CCCCCCCCOC(=O)CCN(CCC(=O)OCCCCCCCC/C=C\CC(CCCCCC)OC(=O)C(CCCCCC)CCCCCCCC)CCN1CCCC1)CCCCCC,JW_2024,JW_2024,0
-4.708452,-1.393681378,CCCCCCCCC(CCCCCC)C(=O)OC(C/C=C\CCCCCCCCOC(=O)CCN(CCC(=O)OCCCCCCCC/C=C\CC(CCCCCC)OC(=O)C(CCCCCC)CCCCCCCC)CCN1CCCC1)CCCCCC,JW_2024,JW_2024,0
-3.9380174,-0.907958157,CCCCCCCCC(CCCCCC)C(=O)OC(C/C=C\CCCCCCCCOC(=O)CCN(CCC(=O)OCCCCCCCC/C=C\CC(CCCCCC)OC(=O)C(CCCCCC)CCCCCCCC)CCN1CCCC1)CCCCCC,JW_2024,JW_2024,0
-4.115837,-0.844994036,CCCCCCCCC(CCCCCC)C(=O)OC(C/C=C\CCCCCCCCOC(=O)CCN(CCC(=O)OCCCCCCCC/C=C\CC(CCCCCC)OC(=O)C(CCCCCC)CCCCCCCC)CCN1CCCC1)CCCCCC,JW_2024,JW_2024,0
-4.433725,-0.377260563,CCCCCCCCC(CCCCCC)C(=O)OC(C/C=C\CCCCCCCCOC(=O)CCN(CCC(=O)OCCCCCCCC/C=C\CC(CCCCCC)OC(=O)C(CCCCCC)CCCCCCCC)CCN1CCCC1)CCCCCC,JW_2024,JW_2024,0
-4.072195,-0.557158053,CCCCCCCCC(CCCCCC)C(=O)OC(C/C=C\CCCCCCCCOC(=O)CCN(CCC(=O)OCCCCCCCC/C=C\CC(CCCCCC)OC(=O)C(CCCCCC)CCCCCCCC)CCN1CCCC1)CCCCCC,JW_2024,JW_2024,0
-4.7575045,0.117457533,CCCCCCC(C/C=C\CCCCCCCCOC(=O)CCN(CCC(=O)OCCCCCCCC/C=C\CC(CCCCCC)OC(=O)C(CCCC)CCCCCC)CCN1CCCC1)OC(=O)C(CCCC)CCCCCC,JW_2024,JW_2024,1
-3.9859202,0.83704749,CCCCCCC(C/C=C\CCCCCCCCOC(=O)CCN(CCC(=O)OCCCCCCCC/C=C\CC(CCCCCC)OC(=O)C(CCCC)CCCCCC)CCN1CCCC1)OC(=O)C(CCCC)CCCCCC,JW_2024,JW_2024,1
-4.7777877,0.900011611,CCCCCCC(C/C=C\CCCCCCCCOC(=O)CCN(CCC(=O)OCCCCCCCC/C=C\CC(CCCCCC)OC(=O)C(CCCC)CCCCCC)CCN1CCCC1)OC(=O)C(CCCC)CCCCCC,JW_2024,JW_2024,1
-5.1264844,0.792073118,CCCCCCC(C/C=C\CCCCCCCCOC(=O)CCN(CCC(=O)OCCCCCCCC/C=C\CC(CCCCCC)OC(=O)C(CCCC)CCCCCC)CCN1CCCC1)OC(=O)C(CCCC)CCCCCC,JW_2024,JW_2024,1
-5.2020717,-1.888399474,CCCCCCC(C/C=C\CCCCCCCCOC(=O)CCN(CCC(=O)OCCCCCCCC/C=C\CC(CCCCCC)OC(=O)C(CCCC)CCCCCC)CCN1CCCC1)OC(=O)C(CCCC)CCCCCC,JW_2024,JW_2024,0
-4.4228086,-0.287311819,CCCCCCC(C/C=C\CCCCCCCCOC(=O)CCN(CCC(=O)OCCCCCCCC/C=C\CC(CCCCCC)OC(=O)C(CCCC)CCCCCC)CCN1CCCC1)OC(=O)C(CCCC)CCCCCC,JW_2024,JW_2024,0
-4.9598603,0.783078243,CCCCCCC(C/C=C\CCCCCCCCOC(=O)CCN(CCC(=O)OCCCCCCCC/C=C\CC(CCCCCC)OC(=O)C(CCCC)CCCCCC)CCN1CCCC1)OC(=O)C(CCCC)CCCCCC,JW_2024,JW_2024,1
-4.6965623,-0.620122174,CCCCCCC(C/C=C\CCCCCCCCOC(=O)CCN(CCC(=O)OCCCCCCCC/C=C\CC(CCCCCC)OC(=O)C(CCCC)CCCCCC)CCN1CCCC1)OC(=O)C(CCCC)CCCCCC,JW_2024,JW_2024,0
-4.4761434,1.430709205,CCCCCCC(C/C=C\CCCCCCCCOC(=O)CCN(CCC(=O)OCCCCCCCC/C=C\CC(CCCCCC)OC(=O)C(CCCC)CCCCCC)CCN1CCCC1)OC(=O)C(CCCC)CCCCCC,JW_2024,JW_2024,2
-4.736336,0.270370399,CCCCCCC(C/C=C\CCCCCCCCOC(=O)CCN(CCC(=O)OCCCCCCCC/C=C\CC(CCCCCC)OC(=O)C(CCCC)CCCCCC)CCN1CCCC1)OC(=O)C(CCCC)CCCCCC,JW_2024,JW_2024,1
-4.3296022,1.835478556,CCCCCCC(C/C=C\CCCCCCCCOC(=O)CCN(CCC(=O)OCCCCCCCC/C=C\CC(CCCCCC)OC(=O)C(CCCC)CCCCCC)CCN1CCCC1)OC(=O)C(CCCC)CCCCCC,JW_2024,JW_2024,2
-4.0341964,0.83704749,CCCCCCC(C/C=C\CCCCCCCCOC(=O)CCN(CCC(=O)OCCCCCCCC/C=C\CC(CCCCCC)OC(=O)C(CCCC)CCCCCC)CCN1CCCC1)OC(=O)C(CCCC)CCCCCC,JW_2024,JW_2024,1
-4.4919105,-0.017465585,CCCCCCC(C/C=C\CCCCCCCCOC(=O)CCN(CCC(=O)OCCCCCCCC/C=C\CC(CCCCCC)OC(=O)C(CCCC)CCCCCC)CCN1CCCC1)OC(=O)C(CCCC)CCCCCC,JW_2024,JW_2024,0
-4.635669,1.313775837,CCCCCCC(C/C=C\CCCCCCCCOC(=O)CCN(CCC(=O)OCCCCCCCC/C=C\CC(CCCCCC)OC(=O)C(CCCC)CCCCCC)CCN1CCCC1)OC(=O)C(CCCC)CCCCCC,JW_2024,JW_2024,1
-5.3789663,0.720114122,CCCCCCC(C/C=C\CCCCCCCCOC(=O)CCN(CCC(=O)OCCCCCCCC/C=C\CC(CCCCCC)OC(=O)C(CCCC)CCCCCC)CCN1CCCC1)OC(=O)C(CCCC)CCCCCC,JW_2024,JW_2024,1
-5.342373,0.25238065,CCCCCCC(C/C=C\CCCCCCCCOC(=O)CCN(CCC(=O)OCCCCCCCC/C=C\CC(CCCCCC)OC(=O)C(CCCC)CCCCCC)CCN1CCCC1)OC(=O)C(CCCC)CCCCCC,JW_2024,JW_2024,1
-4.97039,0.081478035,CCCCCCC(C/C=C\CCCCCCCCOC(=O)CCN(CCC(=O)OCCCCCCCC/C=C\CC(CCCCCC)OC(=O)C(CCCC)CCCCCC)CCN1CCCC1)OC(=O)C(CCCC)CCCCCC,JW_2024,JW_2024,1
-5.190319,0.953980858,CCCCCCC(C/C=C\CCCCCCCCOC(=O)CCN(CCC(=O)OCCCCCCCC/C=C\CC(CCCCCC)OC(=O)C(CCCC)CCCCCC)CCN1CCCC1)OC(=O)C(CCCC)CCCCCC,JW_2024,JW_2024,1
-5.0845637,1.34076046,CCCCCCC(C/C=C\CCCCCCCCOC(=O)CCN(CCC(=O)OCCCCCCCC/C=C\CC(CCCCCC)OC(=O)C(CCCC)CCCCCC)CCN1CCCC1)OC(=O)C(CCCC)CCCCCC,JW_2024,JW_2024,2
-4.6708164,1.808493933,CCCCCCC(C/C=C\CCCCCCCCOC(=O)CCN(CCC(=O)OCCCCCCCC/C=C\CC(CCCCCC)OC(=O)C(CCCC)CCCCCC)CCN1CCCC1)OC(=O)C(CCCC)CCCCCC,JW_2024,JW_2024,2
-4.8261642,1.034934728,CCCCCCC(C/C=C\CCCCCCCCOC(=O)CCN(CCC(=O)OCCCCCCCC/C=C\CC(CCCCCC)OC(=O)C(CCCC)CCCCCC)CCN1CCCC1)OC(=O)C(CCCC)CCCCCC,JW_2024,JW_2024,1
-5.326216,1.17885272,CCCCCCC(C/C=C\CCCCCCCCOC(=O)CCN(CCC(=O)OCCCCCCCC/C=C\CC(CCCCCC)OC(=O)C(CCCC)CCCCCC)CCN1CCCC1)OC(=O)C(CCCC)CCCCCC,JW_2024,JW_2024,1
-5.199712,1.034934728,CCCCCCC(C/C=C\CCCCCCCCOC(=O)CCN(CCC(=O)OCCCCCCCC/C=C\CC(CCCCCC)OC(=O)C(CCCC)CCCCCC)CCN1CCCC1)OC(=O)C(CCCC)CCCCCC,JW_2024,JW_2024,1
-5.121839,1.673570816,CCCCCCC(C/C=C\CCCCCCCCOC(=O)CCN(CCC(=O)OCCCCCCCC/C=C\CC(CCCCCC)OC(=O)C(CCCC)CCCCCC)CCN1CCCC1)OC(=O)C(CCCC)CCCCCC,JW_2024,JW_2024,2
-4.7719436,0.171426779,CCCCCCC(C/C=C\CCCCCCCCOC(=O)CCN(CCC(=O)OCCCCCCCC/C=C\CC(CCCCCC)OC(=O)CCCC1CCCCC1)CCN1CCCC1)OC(=O)CCCC1CCCCC1,JW_2024,JW_2024,1
-4.362387,0.891016737,CCCCCCC(C/C=C\CCCCCCCCOC(=O)CCN(CCC(=O)OCCCCCCCC/C=C\CC(CCCCCC)OC(=O)CCCC1CCCCC1)CCN1CCCC1)OC(=O)CCCC1CCCCC1,JW_2024,JW_2024,1
-6.0866017,0.783078243,CCCCCCC(C/C=C\CCCCCCCCOC(=O)CCN(CCC(=O)OCCCCCCCC/C=C\CC(CCCCCC)OC(=O)CCCC1CCCCC1)CCN1CCCC1)OC(=O)CCCC1CCCCC1,JW_2024,JW_2024,1
-4.609686,0.855037239,CCCCCCC(C/C=C\CCCCCCCCOC(=O)CCN(CCC(=O)OCCCCCCCC/C=C\CC(CCCCCC)OC(=O)CCCC1CCCCC1)CCN1CCCC1)OC(=O)CCCC1CCCCC1,JW_2024,JW_2024,1
-4.488841,0.468257637,CCCCCCC(C/C=C\CCCCCCCCOC(=O)CCN(CCC(=O)OCCCCCCCC/C=C\CC(CCCCCC)OC(=O)CCCC1CCCCC1)CCN1CCCC1)OC(=O)CCCC1CCCCC1,JW_2024,JW_2024,1
-5.8458858,-0.197363074,CCCCCCC(C/C=C\CCCCCCCCOC(=O)CCN(CCC(=O)OCCCCCCCC/C=C\CC(CCCCCC)OC(=O)CCCC1CCCCC1)CCN1CCCC1)OC(=O)CCCC1CCCCC1,JW_2024,JW_2024,0
-5.965759,1.727540062,CCCCCCC(C/C=C\CCCCCCCCOC(=O)CCN(CCC(=O)OCCCCCCCC/C=C\CC(CCCCCC)OC(=O)CCCC1CCCCC1)CCN1CCCC1)OC(=O)CCCC1CCCCC1,JW_2024,JW_2024,2
-4.0547724,-0.053445082,CCCCCCC(C/C=C\CCCCCCCCOC(=O)CCN(CCC(=O)OCCCCCCCC/C=C\CC(CCCCCC)OC(=O)CCCC1CCCCC1)CCN1CCCC1)OC(=O)CCCC1CCCCC1,JW_2024,JW_2024,0
-4.5336227,1.538647699,CCCCCCC(C/C=C\CCCCCCCCOC(=O)CCN(CCC(=O)OCCCCCCCC/C=C\CC(CCCCCC)OC(=O)CCCC1CCCCC1)CCN1CCCC1)OC(=O)CCCC1CCCCC1,JW_2024,JW_2024,2
-4.818172,0.504237135,CCCCCCC(C/C=C\CCCCCCCCOC(=O)CCN(CCC(=O)OCCCCCCCC/C=C\CC(CCCCCC)OC(=O)CCCC1CCCCC1)CCN1CCCC1)OC(=O)CCCC1CCCCC1,JW_2024,JW_2024,1
-5.8917437,1.961406799,CCCCCCC(C/C=C\CCCCCCCCOC(=O)CCN(CCC(=O)OCCCCCCCC/C=C\CC(CCCCCC)OC(=O)CCCC1CCCCC1)CCN1CCCC1)OC(=O)CCCC1CCCCC1,JW_2024,JW_2024,3
-3.7254736,0.180421654,CCCCCCC(C/C=C\CCCCCCCCOC(=O)CCN(CCC(=O)OCCCCCCCC/C=C\CC(CCCCCC)OC(=O)CCCC1CCCCC1)CCN1CCCC1)OC(=O)CCCC1CCCCC1,JW_2024,JW_2024,1
-4.1511493,-0.134398953,CCCCCCC(C/C=C\CCCCCCCCOC(=O)CCN(CCC(=O)OCCCCCCCC/C=C\CC(CCCCCC)OC(=O)CCCC1CCCCC1)CCN1CCCC1)OC(=O)CCCC1CCCCC1,JW_2024,JW_2024,0
-6.0092607,0.099467784,CCCCCCC(C/C=C\CCCCCCCCOC(=O)CCN(CCC(=O)OCCCCCCCC/C=C\CC(CCCCCC)OC(=O)CCCC1CCCCC1)CCN1CCCC1)OC(=O)CCCC1CCCCC1,JW_2024,JW_2024,1
-5.089652,0.450267888,CCCCCCC(C/C=C\CCCCCCCCOC(=O)CCN(CCC(=O)OCCCCCCCC/C=C\CC(CCCCCC)OC(=O)CCCC1CCCCC1)CCN1CCCC1)OC(=O)CCCC1CCCCC1,JW_2024,JW_2024,1
-4.498883,-0.35027594,CCCCCCC(C/C=C\CCCCCCCCOC(=O)CCN(CCC(=O)OCCCCCCCC/C=C\CC(CCCCCC)OC(=O)CCCC1CCCCC1)CCN1CCCC1)OC(=O)CCCC1CCCCC1,JW_2024,JW_2024,0
-4.4030104,0.036503662,CCCCCCC(C/C=C\CCCCCCCCOC(=O)CCN(CCC(=O)OCCCCCCCC/C=C\CC(CCCCCC)OC(=O)CCCC1CCCCC1)CCN1CCCC1)OC(=O)CCCC1CCCCC1,JW_2024,JW_2024,1
-4.5676074,0.75609362,CCCCCCC(C/C=C\CCCCCCCCOC(=O)CCN(CCC(=O)OCCCCCCCC/C=C\CC(CCCCCC)OC(=O)CCCC1CCCCC1)CCN1CCCC1)OC(=O)CCCC1CCCCC1,JW_2024,JW_2024,1
-6.300925,1.070914226,CCCCCCC(C/C=C\CCCCCCCCOC(=O)CCN(CCC(=O)OCCCCCCCC/C=C\CC(CCCCCC)OC(=O)CCCC1CCCCC1)CCN1CCCC1)OC(=O)CCCC1CCCCC1,JW_2024,JW_2024,1
-5.5378194,1.799499058,CCCCCCC(C/C=C\CCCCCCCCOC(=O)CCN(CCC(=O)OCCCCCCCC/C=C\CC(CCCCCC)OC(=O)CCCC1CCCCC1)CCN1CCCC1)OC(=O)CCCC1CCCCC1,JW_2024,JW_2024,2
-5.7955155,0.639160252,CCCCCCC(C/C=C\CCCCCCCCOC(=O)CCN(CCC(=O)OCCCCCCCC/C=C\CC(CCCCCC)OC(=O)CCCC1CCCCC1)CCN1CCCC1)OC(=O)CCCC1CCCCC1,JW_2024,JW_2024,1
-4.9545145,0.91800136,CCCCCCC(C/C=C\CCCCCCCCOC(=O)CCN(CCC(=O)OCCCCCCCC/C=C\CC(CCCCCC)OC(=O)CCCC1CCCCC1)CCN1CCCC1)OC(=O)CCCC1CCCCC1,JW_2024,JW_2024,1
-4.8507543,0.513232009,CCCCCCC(C/C=C\CCCCCCCCOC(=O)CCN(CCC(=O)OCCCCCCCC/C=C\CC(CCCCCC)OC(=O)CCCC1CCCCC1)CCN1CCCC1)OC(=O)CCCC1CCCCC1,JW_2024,JW_2024,1
-5.8442082,1.250811716,CCCCCCC(C/C=C\CCCCCCCCOC(=O)CCN(CCC(=O)OCCCCCCCC/C=C\CC(CCCCCC)OC(=O)CCCC1CCCCC1)CCN1CCCC1)OC(=O)CCCC1CCCCC1,JW_2024,JW_2024,1
-2.655791,-1.060871023,CCCCCCCCC(CCCCCC)C(=O)OC(C/C=C\CCCCCCCCOC(=O)CCN(CCC(=O)OCCCCCCCC/C=C\CC(CCCCCC)OC(=O)C(CCCCCC)CCCCCCCC)CCN1CCOCC1)CCCCCC,JW_2024,JW_2024,0
-3.103712,-1.555589119,CCCCCCCCC(CCCCCC)C(=O)OC(C/C=C\CCCCCCCCOC(=O)CCN(CCC(=O)OCCCCCCCC/C=C\CC(CCCCCC)OC(=O)C(CCCCCC)CCCCCCCC)CCN1CCOCC1)CCCCCC,JW_2024,JW_2024,0
-3.440667,-1.123835144,CCCCCCCCC(CCCCCC)C(=O)OC(C/C=C\CCCCCCCCOC(=O)CCN(CCC(=O)OCCCCCCCC/C=C\CC(CCCCCC)OC(=O)C(CCCCCC)CCCCCCCC)CCN1CCOCC1)CCCCCC,JW_2024,JW_2024,0
-3.1911175,-0.026460459,CCCCCCCCC(CCCCCC)C(=O)OC(C/C=C\CCCCCCCCOC(=O)CCN(CCC(=O)OCCCCCCCC/C=C\CC(CCCCCC)OC(=O)C(CCCCCC)CCCCCCCC)CCN1CCOCC1)CCCCCC,JW_2024,JW_2024,0
-3.3571467,-0.719065793,CCCCCCCCC(CCCCCC)C(=O)OC(C/C=C\CCCCCCCCOC(=O)CCN(CCC(=O)OCCCCCCCC/C=C\CC(CCCCCC)OC(=O)C(CCCCCC)CCCCCCCC)CCN1CCOCC1)CCCCCC,JW_2024,JW_2024,0
-3.418622,-1.35770188,CCCCCCCCC(CCCCCC)C(=O)OC(C/C=C\CCCCCCCCOC(=O)CCN(CCC(=O)OCCCCCCCC/C=C\CC(CCCCCC)OC(=O)C(CCCCCC)CCCCCCCC)CCN1CCOCC1)CCCCCC,JW_2024,JW_2024,0
-3.3961878,-0.062439957,CCCCCCCCC(CCCCCC)C(=O)OC(C/C=C\CCCCCCCCOC(=O)CCN(CCC(=O)OCCCCCCCC/C=C\CC(CCCCCC)OC(=O)C(CCCCCC)CCCCCCCC)CCN1CCOCC1)CCCCCC,JW_2024,JW_2024,0
-3.908214,-2.778892047,CCCCCCCCC(CCCCCC)C(=O)OC(C/C=C\CCCCCCCCOC(=O)CCN(CCC(=O)OCCCCCCCC/C=C\CC(CCCCCC)OC(=O)C(CCCCCC)CCCCCCCC)CCN1CCOCC1)CCCCCC,JW_2024,JW_2024,0
-3.372809,-1.168809517,CCCCCCCCC(CCCCCC)C(=O)OC(C/C=C\CCCCCCCCOC(=O)CCN(CCC(=O)OCCCCCCCC/C=C\CC(CCCCCC)OC(=O)C(CCCCCC)CCCCCCCC)CCN1CCOCC1)CCCCCC,JW_2024,JW_2024,0
-3.8460588,-0.458214434,CCCCCCCCC(CCCCCC)C(=O)OC(C/C=C\CCCCCCCCOC(=O)CCN(CCC(=O)OCCCCCCCC/C=C\CC(CCCCCC)OC(=O)C(CCCCCC)CCCCCCCC)CCN1CCOCC1)CCCCCC,JW_2024,JW_2024,0
-3.4604135,-0.85398891,CCCCCCCCC(CCCCCC)C(=O)OC(C/C=C\CCCCCCCCOC(=O)CCN(CCC(=O)OCCCCCCCC/C=C\CC(CCCCCC)OC(=O)C(CCCCCC)CCCCCCCC)CCN1CCOCC1)CCCCCC,JW_2024,JW_2024,0
-3.3252478,-1.996337968,CCCCCCCCC(CCCCCC)C(=O)OC(C/C=C\CCCCCCCCOC(=O)CCN(CCC(=O)OCCCCCCCC/C=C\CC(CCCCCC)OC(=O)C(CCCCCC)CCCCCCCC)CCN1CCOCC1)CCCCCC,JW_2024,JW_2024,0
-3.598757,-1.27674801,CCCCCCCCC(CCCCCC)C(=O)OC(C/C=C\CCCCCCCCOC(=O)CCN(CCC(=O)OCCCCCCCC/C=C\CC(CCCCCC)OC(=O)C(CCCCCC)CCCCCCCC)CCN1CCOCC1)CCCCCC,JW_2024,JW_2024,0
-3.5708258,-0.197363074,CCCCCCCCC(CCCCCC)C(=O)OC(C/C=C\CCCCCCCCOC(=O)CCN(CCC(=O)OCCCCCCCC/C=C\CC(CCCCCC)OC(=O)C(CCCCCC)CCCCCCCC)CCN1CCOCC1)CCCCCC,JW_2024,JW_2024,0
-3.2496436,-1.204789014,CCCCCCC(C/C=C\CCCCCCCCOC(=O)CCN(CCC(=O)OCCCCCCCC/C=C\CC(CCCCCC)OC(=O)C(CCCC)CCCCCC)CCN1CCOCC1)OC(=O)C(CCCC)CCCCCC,JW_2024,JW_2024,0
-3.1439462,-1.807445604,CCCCCCC(C/C=C\CCCCCCCCOC(=O)CCN(CCC(=O)OCCCCCCCC/C=C\CC(CCCCCC)OC(=O)C(CCCC)CCCCCC)CCN1CCOCC1)OC(=O)C(CCCC)CCCCCC,JW_2024,JW_2024,0
-3.7716248,-0.116409204,CCCCCCC(C/C=C\CCCCCCCCOC(=O)CCN(CCC(=O)OCCCCCCCC/C=C\CC(CCCCCC)OC(=O)C(CCCC)CCCCCC)CCN1CCOCC1)OC(=O)C(CCCC)CCCCCC,JW_2024,JW_2024,0
-3.8334181,-0.647106797,CCCCCCC(C/C=C\CCCCCCCCOC(=O)CCN(CCC(=O)OCCCCCCCC/C=C\CC(CCCCCC)OC(=O)C(CCCC)CCCCCC)CCN1CCOCC1)OC(=O)C(CCCC)CCCCCC,JW_2024,JW_2024,0
-3.727053,-0.997906902,CCCCCCC(C/C=C\CCCCCCCCOC(=O)CCN(CCC(=O)OCCCCCCCC/C=C\CC(CCCCCC)OC(=O)C(CCCC)CCCCCC)CCN1CCOCC1)OC(=O)C(CCCC)CCCCCC,JW_2024,JW_2024,0
-4.223094,-0.952932529,CCCCCCC(C/C=C\CCCCCCCCOC(=O)CCN(CCC(=O)OCCCCCCCC/C=C\CC(CCCCCC)OC(=O)C(CCCC)CCCCCC)CCN1CCOCC1)OC(=O)C(CCCC)CCCCCC,JW_2024,JW_2024,0
-4.0998073,0.792073118,CCCCCCC(C/C=C\CCCCCCCCOC(=O)CCN(CCC(=O)OCCCCCCCC/C=C\CC(CCCCCC)OC(=O)C(CCCC)CCCCCC)CCN1CCOCC1)OC(=O)C(CCCC)CCCCCC,JW_2024,JW_2024,1
-3.8762276,-2.841856168,CCCCCCC(C/C=C\CCCCCCCCOC(=O)CCN(CCC(=O)OCCCCCCCC/C=C\CC(CCCCCC)OC(=O)C(CCCC)CCCCCC)CCN1CCOCC1)OC(=O)C(CCCC)CCCCCC,JW_2024,JW_2024,0
-3.6485791,-1.078860772,CCCCCCC(C/C=C\CCCCCCCCOC(=O)CCN(CCC(=O)OCCCCCCCC/C=C\CC(CCCCCC)OC(=O)C(CCCC)CCCCCC)CCN1CCOCC1)OC(=O)C(CCCC)CCCCCC,JW_2024,JW_2024,0
-3.9087746,-0.871978659,CCCCCCC(C/C=C\CCCCCCCCOC(=O)CCN(CCC(=O)OCCCCCCCC/C=C\CC(CCCCCC)OC(=O)C(CCCC)CCCCCC)CCN1CCOCC1)OC(=O)C(CCCC)CCCCCC,JW_2024,JW_2024,0
-4.135292,-0.701076044,CCCCCCC(C/C=C\CCCCCCCCOC(=O)CCN(CCC(=O)OCCCCCCCC/C=C\CC(CCCCCC)OC(=O)C(CCCC)CCCCCC)CCN1CCOCC1)OC(=O)C(CCCC)CCCCCC,JW_2024,JW_2024,0
-3.2697637,-1.492624997,CCCCCCC(C/C=C\CCCCCCCCOC(=O)CCN(CCC(=O)OCCCCCCCC/C=C\CC(CCCCCC)OC(=O)C(CCCC)CCCCCC)CCN1CCOCC1)OC(=O)C(CCCC)CCCCCC,JW_2024,JW_2024,0
-3.7303636,-1.069865897,CCCCCCC(C/C=C\CCCCCCCCOC(=O)CCN(CCC(=O)OCCCCCCCC/C=C\CC(CCCCCC)OC(=O)C(CCCC)CCCCCC)CCN1CCOCC1)OC(=O)C(CCCC)CCCCCC,JW_2024,JW_2024,0
-4.422876,0.090472909,CCCCCCC(C/C=C\CCCCCCCCOC(=O)CCN(CCC(=O)OCCCCCCCC/C=C\CC(CCCCCC)OC(=O)C(CCCC)CCCCCC)CCN1CCOCC1)OC(=O)C(CCCC)CCCCCC,JW_2024,JW_2024,1
-3.8317714,-1.258758261,CCCCCCC(C/C=C\CCCCCCCCOC(=O)CCN(CCC(=O)OCCCCCCCC/C=C\CC(CCCCCC)OC(=O)CCCC1CCCCC1)CCN1CCOCC1)OC(=O)CCCC1CCCCC1,JW_2024,JW_2024,0
-4.1721673,-0.77303504,CCCCCCC(C/C=C\CCCCCCCCOC(=O)CCN(CCC(=O)OCCCCCCCC/C=C\CC(CCCCCC)OC(=O)CCCC1CCCCC1)CCN1CCOCC1)OC(=O)CCCC1CCCCC1,JW_2024,JW_2024,0
-6.259429,-0.440224685,CCCCCCC(C/C=C\CCCCCCCCOC(=O)CCN(CCC(=O)OCCCCCCCC/C=C\CC(CCCCCC)OC(=O)CCCC1CCCCC1)CCN1CCOCC1)OC(=O)CCCC1CCCCC1,JW_2024,JW_2024,0
-3.6280494,-0.305301568,CCCCCCC(C/C=C\CCCCCCCCOC(=O)CCN(CCC(=O)OCCCCCCCC/C=C\CC(CCCCCC)OC(=O)CCCC1CCCCC1)CCN1CCOCC1)OC(=O)CCCC1CCCCC1,JW_2024,JW_2024,0
-3.5149212,-1.519609621,CCCCCCC(C/C=C\CCCCCCCCOC(=O)CCN(CCC(=O)OCCCCCCCC/C=C\CC(CCCCCC)OC(=O)CCCC1CCCCC1)CCN1CCOCC1)OC(=O)CCCC1CCCCC1,JW_2024,JW_2024,0
-6.0735006,-1.501619872,CCCCCCC(C/C=C\CCCCCCCCOC(=O)CCN(CCC(=O)OCCCCCCCC/C=C\CC(CCCCCC)OC(=O)CCCC1CCCCC1)CCN1CCOCC1)OC(=O)CCCC1CCCCC1,JW_2024,JW_2024,0
-5.356924,-0.098419455,CCCCCCC(C/C=C\CCCCCCCCOC(=O)CCN(CCC(=O)OCCCCCCCC/C=C\CC(CCCCCC)OC(=O)CCCC1CCCCC1)CCN1CCOCC1)OC(=O)CCCC1CCCCC1,JW_2024,JW_2024,0
-4.1121764,-1.735486608,CCCCCCC(C/C=C\CCCCCCCCOC(=O)CCN(CCC(=O)OCCCCCCCC/C=C\CC(CCCCCC)OC(=O)CCCC1CCCCC1)CCN1CCOCC1)OC(=O)CCCC1CCCCC1,JW_2024,JW_2024,0
-4.4363146,-0.584142676,CCCCCCC(C/C=C\CCCCCCCCOC(=O)CCN(CCC(=O)OCCCCCCCC/C=C\CC(CCCCCC)OC(=O)CCCC1CCCCC1)CCN1CCOCC1)OC(=O)CCCC1CCCCC1,JW_2024,JW_2024,0
-4.741342,-0.809014538,CCCCCCC(C/C=C\CCCCCCCCOC(=O)CCN(CCC(=O)OCCCCCCCC/C=C\CC(CCCCCC)OC(=O)CCCC1CCCCC1)CCN1CCOCC1)OC(=O)CCCC1CCCCC1,JW_2024,JW_2024,0
-6.120532,-0.260327195,CCCCCCC(C/C=C\CCCCCCCCOC(=O)CCN(CCC(=O)OCCCCCCCC/C=C\CC(CCCCCC)OC(=O)CCCC1CCCCC1)CCN1CCOCC1)OC(=O)CCCC1CCCCC1,JW_2024,JW_2024,0
-3.5947604,-1.186799266,CCCCCCC(C/C=C\CCCCCCCCOC(=O)CCN(CCC(=O)OCCCCCCCC/C=C\CC(CCCCCC)OC(=O)CCCC1CCCCC1)CCN1CCOCC1)OC(=O)CCCC1CCCCC1,JW_2024,JW_2024,0
-4.1184516,-1.213783889,CCCCCCC(C/C=C\CCCCCCCCOC(=O)CCN(CCC(=O)OCCCCCCCC/C=C\CC(CCCCCC)OC(=O)CCCC1CCCCC1)CCN1CCOCC1)OC(=O)CCCC1CCCCC1,JW_2024,JW_2024,0
-6.1252685,0.162431905,CCCCCCC(C/C=C\CCCCCCCCOC(=O)CCN(CCC(=O)OCCCCCCCC/C=C\CC(CCCCCC)OC(=O)CCCC1CCCCC1)CCN1CCOCC1)OC(=O)CCCC1CCCCC1,JW_2024,JW_2024,1
-3.273994,-0.952932529,CCCCCC/C=C\CCC(=O)OC(C/C=C\CCCCCCCCOC(=O)CCN(CCC(=O)OCCCCCCCC/C=C\CC(CCCCCC)OC(=O)CC/C=C\CCCCCC)CCN1CCOCC1)CCCCCC,JW_2024,JW_2024,0
-3.3720996,-0.925947906,CCCCCC/C=C\CCC(=O)OC(C/C=C\CCCCCCCCOC(=O)CCN(CCC(=O)OCCCCCCCC/C=C\CC(CCCCCC)OC(=O)CC/C=C\CCCCCC)CCN1CCOCC1)CCCCCC,JW_2024,JW_2024,0
-5.8126063,-0.413240061,CCCCCC/C=C\CCC(=O)OC(C/C=C\CCCCCCCCOC(=O)CCN(CCC(=O)OCCCCCCCC/C=C\CC(CCCCCC)OC(=O)CC/C=C\CCCCCC)CCN1CCOCC1)CCCCCC,JW_2024,JW_2024,0
-3.5670607,-0.952932529,CCCCCC/C=C\CCC(=O)OC(C/C=C\CCCCCCCCOC(=O)CCN(CCC(=O)OCCCCCCCC/C=C\CC(CCCCCC)OC(=O)CC/C=C\CCCCCC)CCN1CCOCC1)CCCCCC,JW_2024,JW_2024,0
-3.1506228,-1.402676253,CCCCCC/C=C\CCC(=O)OC(C/C=C\CCCCCCCCOC(=O)CCN(CCC(=O)OCCCCCCCC/C=C\CC(CCCCCC)OC(=O)CC/C=C\CCCCCC)CCN1CCOCC1)CCCCCC,JW_2024,JW_2024,0
-5.428335,-0.889968408,CCCCCC/C=C\CCC(=O)OC(C/C=C\CCCCCCCCOC(=O)CCN(CCC(=O)OCCCCCCCC/C=C\CC(CCCCCC)OC(=O)CC/C=C\CCCCCC)CCN1CCOCC1)CCCCCC,JW_2024,JW_2024,0
-4.6755843,0.279365273,CCCCCC/C=C\CCC(=O)OC(C/C=C\CCCCCCCCOC(=O)CCN(CCC(=O)OCCCCCCCC/C=C\CC(CCCCCC)OC(=O)CC/C=C\CCCCCC)CCN1CCOCC1)CCCCCC,JW_2024,JW_2024,1
-4.2455134,-2.284173951,CCCCCC/C=C\CCC(=O)OC(C/C=C\CCCCCCCCOC(=O)CCN(CCC(=O)OCCCCCCCC/C=C\CC(CCCCCC)OC(=O)CC/C=C\CCCCCC)CCN1CCOCC1)CCCCCC,JW_2024,JW_2024,0
-3.7876196,-0.566152927,CCCCCC/C=C\CCC(=O)OC(C/C=C\CCCCCCCCOC(=O)CCN(CCC(=O)OCCCCCCCC/C=C\CC(CCCCCC)OC(=O)CC/C=C\CCCCCC)CCN1CCOCC1)CCCCCC,JW_2024,JW_2024,0
-4.3040648,-0.997906902,CCCCCC/C=C\CCC(=O)OC(C/C=C\CCCCCCCCOC(=O)CCN(CCC(=O)OCCCCCCCC/C=C\CC(CCCCCC)OC(=O)CC/C=C\CCCCCC)CCN1CCOCC1)CCCCCC,JW_2024,JW_2024,0
-5.4193516,0.018513913,CCCCCC/C=C\CCC(=O)OC(C/C=C\CCCCCCCCOC(=O)CCN(CCC(=O)OCCCCCCCC/C=C\CC(CCCCCC)OC(=O)CC/C=C\CCCCCC)CCN1CCOCC1)CCCCCC,JW_2024,JW_2024,0
-3.8769708,-1.447650625,CCCCCC/C=C\CCC(=O)OC(C/C=C\CCCCCCCCOC(=O)CCN(CCC(=O)OCCCCCCCC/C=C\CC(CCCCCC)OC(=O)CC/C=C\CCCCCC)CCN1CCOCC1)CCCCCC,JW_2024,JW_2024,0
-4.18413,-1.420666002,CCCCCC/C=C\CCC(=O)OC(C/C=C\CCCCCCCCOC(=O)CCN(CCC(=O)OCCCCCCCC/C=C\CC(CCCCCC)OC(=O)CC/C=C\CCCCCC)CCN1CCOCC1)CCCCCC,JW_2024,JW_2024,0
-5.5178494,-0.539168304,CCCCCC/C=C\CCC(=O)OC(C/C=C\CCCCCCCCOC(=O)CCN(CCC(=O)OCCCCCCCC/C=C\CC(CCCCCC)OC(=O)CC/C=C\CCCCCC)CCN1CCOCC1)CCCCCC,JW_2024,JW_2024,0
-2.9828804,-1.213783889,CCCCCCCCCCCC(=O)OC(C/C=C\CCCCCCCCOC(=O)CCN(CCC(=O)OCCCCCCCC/C=C\CC(CCCCCC)OC(=O)CCCCCCCCCCC)CCN1CCOCC1)CCCCCC,JW_2024,JW_2024,0
-3.0992324,-1.474635249,CCCCCCCCCCCC(=O)OC(C/C=C\CCCCCCCCOC(=O)CCN(CCC(=O)OCCCCCCCC/C=C\CC(CCCCCC)OC(=O)CCCCCCCCCCC)CCN1CCOCC1)CCCCCC,JW_2024,JW_2024,0
-4.362166,-0.656101672,CCCCCCCCCCCC(=O)OC(C/C=C\CCCCCCCCOC(=O)CCN(CCC(=O)OCCCCCCCC/C=C\CC(CCCCCC)OC(=O)CCCCCCCCCCC)CCN1CCOCC1)CCCCCC,JW_2024,JW_2024,0
-3.4668798,-0.521178555,CCCCCCCCCCCC(=O)OC(C/C=C\CCCCCCCCOC(=O)CCN(CCC(=O)OCCCCCCCC/C=C\CC(CCCCCC)OC(=O)CCCCCCCCCCC)CCN1CCOCC1)CCCCCC,JW_2024,JW_2024,0
-3.3800876,-1.528604495,CCCCCCCCCCCC(=O)OC(C/C=C\CCCCCCCCOC(=O)CCN(CCC(=O)OCCCCCCCC/C=C\CC(CCCCCC)OC(=O)CCCCCCCCCCC)CCN1CCOCC1)CCCCCC,JW_2024,JW_2024,0
-5.239797,-1.150819768,CCCCCCCCCCCC(=O)OC(C/C=C\CCCCCCCCOC(=O)CCN(CCC(=O)OCCCCCCCC/C=C\CC(CCCCCC)OC(=O)CCCCCCCCCCC)CCN1CCOCC1)CCCCCC,JW_2024,JW_2024,0
-4.5068326,0.423283264,CCCCCCCCCCCC(=O)OC(C/C=C\CCCCCCCCOC(=O)CCN(CCC(=O)OCCCCCCCC/C=C\CC(CCCCCC)OC(=O)CCCCCCCCCCC)CCN1CCOCC1)CCCCCC,JW_2024,JW_2024,1
-3.6120186,-3.156676774,CCCCCCCCCCCC(=O)OC(C/C=C\CCCCCCCCOC(=O)CCN(CCC(=O)OCCCCCCCC/C=C\CC(CCCCCC)OC(=O)CCCCCCCCCCC)CCN1CCOCC1)CCCCCC,JW_2024,JW_2024,0
-3.354783,-0.764040165,CCCCCCCCCCCC(=O)OC(C/C=C\CCCCCCCCOC(=O)CCN(CCC(=O)OCCCCCCCC/C=C\CC(CCCCCC)OC(=O)CCCCCCCCCCC)CCN1CCOCC1)CCCCCC,JW_2024,JW_2024,0
-3.7893994,-0.665096546,CCCCCCCCCCCC(=O)OC(C/C=C\CCCCCCCCOC(=O)CCN(CCC(=O)OCCCCCCCC/C=C\CC(CCCCCC)OC(=O)CCCCCCCCCCC)CCN1CCOCC1)CCCCCC,JW_2024,JW_2024,0
-5.375813,-0.521178555,CCCCCCCCCCCC(=O)OC(C/C=C\CCCCCCCCOC(=O)CCN(CCC(=O)OCCCCCCCC/C=C\CC(CCCCCC)OC(=O)CCCCCCCCCCC)CCN1CCOCC1)CCCCCC,JW_2024,JW_2024,0
-3.0990314,-1.447650625,CCCCCCCCCCCC(=O)OC(C/C=C\CCCCCCCCOC(=O)CCN(CCC(=O)OCCCCCCCC/C=C\CC(CCCCCC)OC(=O)CCCCCCCCCCC)CCN1CCOCC1)CCCCCC,JW_2024,JW_2024,0
-3.6103764,-1.447650625,CCCCCCCCCCCC(=O)OC(C/C=C\CCCCCCCCOC(=O)CCN(CCC(=O)OCCCCCCCC/C=C\CC(CCCCCC)OC(=O)CCCCCCCCCCC)CCN1CCOCC1)CCCCCC,JW_2024,JW_2024,0
-5.5197716,-0.35027594,CCCCCCCCCCCC(=O)OC(C/C=C\CCCCCCCCOC(=O)CCN(CCC(=O)OCCCCCCCC/C=C\CC(CCCCCC)OC(=O)CCCCCCCCCCC)CCN1CCOCC1)CCCCCC,JW_2024,JW_2024,0
-3.501065,-1.006901776,CCCCCCCCCCCCCCCCCC(=O)OC(C/C=C\CCCCCCCCOC(=O)CCN(CCC(=O)OCCCCCCCC/C=C\CC(CCCCCC)OC(=O)CCCCCCCCCCCCCCCCC)CCN1CCOCC1)CCCCCC,JW_2024,JW_2024,0
-3.504757,-1.006901776,CCCCCCCCCCCCCCCCCC(=O)OC(C/C=C\CCCCCCCCOC(=O)CCN(CCC(=O)OCCCCCCCC/C=C\CC(CCCCCC)OC(=O)CCCCCCCCCCCCCCCCC)CCN1CCOCC1)CCCCCC,JW_2024,JW_2024,0
-5.0226607,-0.098419455,CCCCCCCCCCCCCCCCCC(=O)OC(C/C=C\CCCCCCCCOC(=O)CCN(CCC(=O)OCCCCCCCC/C=C\CC(CCCCCC)OC(=O)CCCCCCCCCCCCCCCCC)CCN1CCOCC1)CCCCCC,JW_2024,JW_2024,0
-3.508322,0.07248316,CCCCCCCCCCCCCCCCCC(=O)OC(C/C=C\CCCCCCCCOC(=O)CCN(CCC(=O)OCCCCCCCC/C=C\CC(CCCCCC)OC(=O)CCCCCCCCCCCCCCCCC)CCN1CCOCC1)CCCCCC,JW_2024,JW_2024,1
-3.5972493,-1.11484027,CCCCCCCCCCCCCCCCCC(=O)OC(C/C=C\CCCCCCCCOC(=O)CCN(CCC(=O)OCCCCCCCC/C=C\CC(CCCCCC)OC(=O)CCCCCCCCCCCCCCCCC)CCN1CCOCC1)CCCCCC,JW_2024,JW_2024,0
-4.905374,-0.970922278,CCCCCCCCCCCCCCCCCC(=O)OC(C/C=C\CCCCCCCCOC(=O)CCN(CCC(=O)OCCCCCCCC/C=C\CC(CCCCCC)OC(=O)CCCCCCCCCCCCCCCCC)CCN1CCOCC1)CCCCCC,JW_2024,JW_2024,0
-4.4739013,-0.665096546,CCCCCCCCCCCCCCCCCC(=O)OC(C/C=C\CCCCCCCCOC(=O)CCN(CCC(=O)OCCCCCCCC/C=C\CC(CCCCCC)OC(=O)CCCCCCCCCCCCCCCCC)CCN1CCOCC1)CCCCCC,JW_2024,JW_2024,0
-4.655837,-2.311158574,CCCCCCCCCCCCCCCCCC(=O)OC(C/C=C\CCCCCCCCOC(=O)CCN(CCC(=O)OCCCCCCCC/C=C\CC(CCCCCC)OC(=O)CCCCCCCCCCCCCCCCC)CCN1CCOCC1)CCCCCC,JW_2024,JW_2024,0
-3.7260666,-0.764040165,CCCCCCCCCCCCCCCCCC(=O)OC(C/C=C\CCCCCCCCOC(=O)CCN(CCC(=O)OCCCCCCCC/C=C\CC(CCCCCC)OC(=O)CCCCCCCCCCCCCCCCC)CCN1CCOCC1)CCCCCC,JW_2024,JW_2024,0
-4.1675177,-0.638111923,CCCCCCCCCCCCCCCCCC(=O)OC(C/C=C\CCCCCCCCOC(=O)CCN(CCC(=O)OCCCCCCCC/C=C\CC(CCCCCC)OC(=O)CCCCCCCCCCCCCCCCC)CCN1CCOCC1)CCCCCC,JW_2024,JW_2024,0
-4.886176,-0.395250312,CCCCCCCCCCCCCCCCCC(=O)OC(C/C=C\CCCCCCCCOC(=O)CCN(CCC(=O)OCCCCCCCC/C=C\CC(CCCCCC)OC(=O)CCCCCCCCCCCCCCCCC)CCN1CCOCC1)CCCCCC,JW_2024,JW_2024,0
-3.8644195,-1.447650625,CCCCCCCCCCCCCCCCCC(=O)OC(C/C=C\CCCCCCCCOC(=O)CCN(CCC(=O)OCCCCCCCC/C=C\CC(CCCCCC)OC(=O)CCCCCCCCCCCCCCCCC)CCN1CCOCC1)CCCCCC,JW_2024,JW_2024,0
-4.078313,-1.141824893,CCCCCCCCCCCCCCCCCC(=O)OC(C/C=C\CCCCCCCCOC(=O)CCN(CCC(=O)OCCCCCCCC/C=C\CC(CCCCCC)OC(=O)CCCCCCCCCCCCCCCCC)CCN1CCOCC1)CCCCCC,JW_2024,JW_2024,0
-5.0839386,0.189416528,CCCCCCCCCCCCCCCCCC(=O)OC(C/C=C\CCCCCCCCOC(=O)CCN(CCC(=O)OCCCCCCCC/C=C\CC(CCCCCC)OC(=O)CCCCCCCCCCCCCCCCC)CCN1CCOCC1)CCCCCC,JW_2024,JW_2024,1
-4.9607124,-0.062439957,CCCCCC/C=C\CCC(=O)OC(C/C=C\CCCCCCCCOC(=O)CCN(CCC(=O)OCCCCCCCC/C=C\CC(CCCCCC)OC(=O)CC/C=C\CCCCCC)CCN1CCCC1)CCCCCC,JW_2024,JW_2024,0
-4.636476,1.025939854,CCCCCC/C=C\CCC(=O)OC(C/C=C\CCCCCCCCOC(=O)CCN(CCC(=O)OCCCCCCCC/C=C\CC(CCCCCC)OC(=O)CC/C=C\CCCCCC)CCN1CCCC1)CCCCCC,JW_2024,JW_2024,1
-6.7274356,0.774083369,CCCCCC/C=C\CCC(=O)OC(C/C=C\CCCCCCCCOC(=O)CCN(CCC(=O)OCCCCCCCC/C=C\CC(CCCCCC)OC(=O)CC/C=C\CCCCCC)CCN1CCCC1)CCCCCC,JW_2024,JW_2024,1
-4.8222175,0.25238065,CCCCCC/C=C\CCC(=O)OC(C/C=C\CCCCCCCCOC(=O)CCN(CCC(=O)OCCCCCCCC/C=C\CC(CCCCCC)OC(=O)CC/C=C\CCCCCC)CCN1CCCC1)CCCCCC,JW_2024,JW_2024,1
-4.858834,-0.233342572,CCCCCC/C=C\CCC(=O)OC(C/C=C\CCCCCCCCOC(=O)CCN(CCC(=O)OCCCCCCCC/C=C\CC(CCCCCC)OC(=O)CC/C=C\CCCCCC)CCN1CCCC1)CCCCCC,JW_2024,JW_2024,0
-6.4364715,-0.916953031,CCCCCC/C=C\CCC(=O)OC(C/C=C\CCCCCCCCOC(=O)CCN(CCC(=O)OCCCCCCCC/C=C\CC(CCCCCC)OC(=O)CC/C=C\CCCCCC)CCN1CCCC1)CCCCCC,JW_2024,JW_2024,0
-6.3017864,0.360319143,CCCCCC/C=C\CCC(=O)OC(C/C=C\CCCCCCCCOC(=O)CCN(CCC(=O)OCCCCCCCC/C=C\CC(CCCCCC)OC(=O)CC/C=C\CCCCCC)CCN1CCCC1)CCCCCC,JW_2024,JW_2024,1
-4.7075157,-0.26932207,CCCCCC/C=C\CCC(=O)OC(C/C=C\CCCCCCCCOC(=O)CCN(CCC(=O)OCCCCCCCC/C=C\CC(CCCCCC)OC(=O)CC/C=C\CCCCCC)CCN1CCCC1)CCCCCC,JW_2024,JW_2024,0
-4.9342027,1.421714331,CCCCCC/C=C\CCC(=O)OC(C/C=C\CCCCCCCCOC(=O)CCN(CCC(=O)OCCCCCCCC/C=C\CC(CCCCCC)OC(=O)CC/C=C\CCCCCC)CCN1CCCC1)CCCCCC,JW_2024,JW_2024,2
-5.3364267,0.090472909,CCCCCC/C=C\CCC(=O)OC(C/C=C\CCCCCCCCOC(=O)CCN(CCC(=O)OCCCCCCCC/C=C\CC(CCCCCC)OC(=O)CC/C=C\CCCCCC)CCN1CCCC1)CCCCCC,JW_2024,JW_2024,1
-6.566421,1.34076046,CCCCCC/C=C\CCC(=O)OC(C/C=C\CCCCCCCCOC(=O)CCN(CCC(=O)OCCCCCCCC/C=C\CC(CCCCCC)OC(=O)CC/C=C\CCCCCC)CCN1CCCC1)CCCCCC,JW_2024,JW_2024,2
-4.5553017,0.234390901,CCCCCC/C=C\CCC(=O)OC(C/C=C\CCCCCCCCOC(=O)CCN(CCC(=O)OCCCCCCCC/C=C\CC(CCCCCC)OC(=O)CC/C=C\CCCCCC)CCN1CCCC1)CCCCCC,JW_2024,JW_2024,1
-4.80727,-0.476204182,CCCCCC/C=C\CCC(=O)OC(C/C=C\CCCCCCCCOC(=O)CCN(CCC(=O)OCCCCCCCC/C=C\CC(CCCCCC)OC(=O)CC/C=C\CCCCCC)CCN1CCCC1)CCCCCC,JW_2024,JW_2024,0
-6.51674,1.106893724,CCCCCC/C=C\CCC(=O)OC(C/C=C\CCCCCCCCOC(=O)CCN(CCC(=O)OCCCCCCCC/C=C\CC(CCCCCC)OC(=O)CC/C=C\CCCCCC)CCN1CCCC1)CCCCCC,JW_2024,JW_2024,1
-5.156611,0.171426779,CCCCCC/C=C\CCC(=O)OC(C/C=C\CCCCCCCCOC(=O)CCN(CCC(=O)OCCCCCCCC/C=C\CC(CCCCCC)OC(=O)CC/C=C\CCCCCC)CCN1CCCC1)CCCCCC,JW_2024,JW_2024,1
-5.588687,-0.647106797,CCCCCC/C=C\CCC(=O)OC(C/C=C\CCCCCCCCOC(=O)CCN(CCC(=O)OCCCCCCCC/C=C\CC(CCCCCC)OC(=O)CC/C=C\CCCCCC)CCN1CCCC1)CCCCCC,JW_2024,JW_2024,0
-4.9928865,-0.377260563,CCCCCC/C=C\CCC(=O)OC(C/C=C\CCCCCCCCOC(=O)CCN(CCC(=O)OCCCCCCCC/C=C\CC(CCCCCC)OC(=O)CC/C=C\CCCCCC)CCN1CCCC1)CCCCCC,JW_2024,JW_2024,0
-4.933657,0.171426779,CCCCCC/C=C\CCC(=O)OC(C/C=C\CCCCCCCCOC(=O)CCN(CCC(=O)OCCCCCCCC/C=C\CC(CCCCCC)OC(=O)CC/C=C\CCCCCC)CCN1CCCC1)CCCCCC,JW_2024,JW_2024,1
-6.9690895,0.792073118,CCCCCC/C=C\CCC(=O)OC(C/C=C\CCCCCCCCOC(=O)CCN(CCC(=O)OCCCCCCCC/C=C\CC(CCCCCC)OC(=O)CC/C=C\CCCCCC)CCN1CCCC1)CCCCCC,JW_2024,JW_2024,1
-5.8674726,1.583622071,CCCCCC/C=C\CCC(=O)OC(C/C=C\CCCCCCCCOC(=O)CCN(CCC(=O)OCCCCCCCC/C=C\CC(CCCCCC)OC(=O)CC/C=C\CCCCCC)CCN1CCCC1)CCCCCC,JW_2024,JW_2024,2
-6.472155,0.306349896,CCCCCC/C=C\CCC(=O)OC(C/C=C\CCCCCCCCOC(=O)CCN(CCC(=O)OCCCCCCCC/C=C\CC(CCCCCC)OC(=O)CC/C=C\CCCCCC)CCN1CCCC1)CCCCCC,JW_2024,JW_2024,1
-5.2510853,0.810062867,CCCCCC/C=C\CCC(=O)OC(C/C=C\CCCCCCCCOC(=O)CCN(CCC(=O)OCCCCCCCC/C=C\CC(CCCCCC)OC(=O)CC/C=C\CCCCCC)CCN1CCCC1)CCCCCC,JW_2024,JW_2024,1
-5.3964505,0.612175628,CCCCCC/C=C\CCC(=O)OC(C/C=C\CCCCCCCCOC(=O)CCN(CCC(=O)OCCCCCCCC/C=C\CC(CCCCCC)OC(=O)CC/C=C\CCCCCC)CCN1CCCC1)CCCCCC,JW_2024,JW_2024,1
-6.4795833,1.160862971,CCCCCC/C=C\CCC(=O)OC(C/C=C\CCCCCCCCOC(=O)CCN(CCC(=O)OCCCCCCCC/C=C\CC(CCCCCC)OC(=O)CC/C=C\CCCCCC)CCN1CCCC1)CCCCCC,JW_2024,JW_2024,1
-4.569792,0.57619613,CCCCCCCCCCCC(=O)OC(C/C=C\CCCCCCCCOC(=O)CCN(CCC(=O)OCCCCCCCC/C=C\CC(CCCCCC)OC(=O)CCCCCCCCCCC)CCN1CCCC1)CCCCCC,JW_2024,JW_2024,1
-4.3881984,0.91800136,CCCCCCCCCCCC(=O)OC(C/C=C\CCCCCCCCOC(=O)CCN(CCC(=O)OCCCCCCCC/C=C\CC(CCCCCC)OC(=O)CCCCCCCCCCC)CCN1CCCC1)CCCCCC,JW_2024,JW_2024,1
-6.265793,1.583622071,CCCCCCCCCCCC(=O)OC(C/C=C\CCCCCCCCOC(=O)CCN(CCC(=O)OCCCCCCCC/C=C\CC(CCCCCC)OC(=O)CCCCCCCCCCC)CCN1CCCC1)CCCCCC,JW_2024,JW_2024,2
-4.7673373,-0.044450208,CCCCCCCCCCCC(=O)OC(C/C=C\CCCCCCCCOC(=O)CCN(CCC(=O)OCCCCCCCC/C=C\CC(CCCCCC)OC(=O)CCCCCCCCCCC)CCN1CCCC1)CCCCCC,JW_2024,JW_2024,0
-5.02719,0.288360147,CCCCCCCCCCCC(=O)OC(C/C=C\CCCCCCCCOC(=O)CCN(CCC(=O)OCCCCCCCC/C=C\CC(CCCCCC)OC(=O)CCCCCCCCCCC)CCN1CCCC1)CCCCCC,JW_2024,JW_2024,1
-5.7548103,-0.080429706,CCCCCCCCCCCC(=O)OC(C/C=C\CCCCCCCCOC(=O)CCN(CCC(=O)OCCCCCCCC/C=C\CC(CCCCCC)OC(=O)CCCCCCCCCCC)CCN1CCCC1)CCCCCC,JW_2024,JW_2024,0
-5.6424327,1.088903975,CCCCCCCCCCCC(=O)OC(C/C=C\CCCCCCCCOC(=O)CCN(CCC(=O)OCCCCCCCC/C=C\CC(CCCCCC)OC(=O)CCCCCCCCCCC)CCN1CCCC1)CCCCCC,JW_2024,JW_2024,1
-4.9628983,-0.782029914,CCCCCCCCCCCC(=O)OC(C/C=C\CCCCCCCCOC(=O)CCN(CCC(=O)OCCCCCCCC/C=C\CC(CCCCCC)OC(=O)CCCCCCCCCCC)CCN1CCCC1)CCCCCC,JW_2024,JW_2024,0
-4.651495,1.430709205,CCCCCCCCCCCC(=O)OC(C/C=C\CCCCCCCCOC(=O)CCN(CCC(=O)OCCCCCCCC/C=C\CC(CCCCCC)OC(=O)CCCCCCCCCCC)CCN1CCCC1)CCCCCC,JW_2024,JW_2024,2
-4.953539,1.016944979,CCCCCCCCCCCC(=O)OC(C/C=C\CCCCCCCCOC(=O)CCN(CCC(=O)OCCCCCCCC/C=C\CC(CCCCCC)OC(=O)CCCCCCCCCCC)CCN1CCCC1)CCCCCC,JW_2024,JW_2024,1
-5.9665504,1.727540062,CCCCCCCCCCCC(=O)OC(C/C=C\CCCCCCCCOC(=O)CCN(CCC(=O)OCCCCCCCC/C=C\CC(CCCCCC)OC(=O)CCCCCCCCCCC)CCN1CCCC1)CCCCCC,JW_2024,JW_2024,2
-4.3687935,0.135447281,CCCCCCCCCCCC(=O)OC(C/C=C\CCCCCCCCOC(=O)CCN(CCC(=O)OCCCCCCCC/C=C\CC(CCCCCC)OC(=O)CCCCCCCCCCC)CCN1CCCC1)CCCCCC,JW_2024,JW_2024,1
-4.759359,0.423283264,CCCCCCCCCCCC(=O)OC(C/C=C\CCCCCCCCOC(=O)CCN(CCC(=O)OCCCCCCCC/C=C\CC(CCCCCC)OC(=O)CCCCCCCCCCC)CCN1CCCC1)CCCCCC,JW_2024,JW_2024,1
-6.198214,0.828052616,CCCCCCCCCCCC(=O)OC(C/C=C\CCCCCCCCOC(=O)CCN(CCC(=O)OCCCCCCCC/C=C\CC(CCCCCC)OC(=O)CCCCCCCCCCC)CCN1CCCC1)CCCCCC,JW_2024,JW_2024,1
-5.0712094,1.079909101,CCCCCCCCCCCC(=O)OC(C/C=C\CCCCCCCCOC(=O)CCN(CCC(=O)OCCCCCCCC/C=C\CC(CCCCCC)OC(=O)CCCCCCCCCCC)CCN1CCCC1)CCCCCC,JW_2024,JW_2024,1
-5.2001166,0.018513913,CCCCCCCCCCCC(=O)OC(C/C=C\CCCCCCCCOC(=O)CCN(CCC(=O)OCCCCCCCC/C=C\CC(CCCCCC)OC(=O)CCCCCCCCCCC)CCN1CCCC1)CCCCCC,JW_2024,JW_2024,0
-5.1524096,0.234390901,CCCCCCCCCCCC(=O)OC(C/C=C\CCCCCCCCOC(=O)CCN(CCC(=O)OCCCCCCCC/C=C\CC(CCCCCC)OC(=O)CCCCCCCCCCC)CCN1CCCC1)CCCCCC,JW_2024,JW_2024,1
-5.1960077,1.115888599,CCCCCCCCCCCC(=O)OC(C/C=C\CCCCCCCCOC(=O)CCN(CCC(=O)OCCCCCCCC/C=C\CC(CCCCCC)OC(=O)CCCCCCCCCCC)CCN1CCCC1)CCCCCC,JW_2024,JW_2024,1
-6.4600897,1.52065795,CCCCCCCCCCCC(=O)OC(C/C=C\CCCCCCCCOC(=O)CCN(CCC(=O)OCCCCCCCC/C=C\CC(CCCCCC)OC(=O)CCCCCCCCCCC)CCN1CCCC1)CCCCCC,JW_2024,JW_2024,2
-5.2762084,1.889447803,CCCCCCCCCCCC(=O)OC(C/C=C\CCCCCCCCOC(=O)CCN(CCC(=O)OCCCCCCCC/C=C\CC(CCCCCC)OC(=O)CCCCCCCCCCC)CCN1CCCC1)CCCCCC,JW_2024,JW_2024,2
-5.6138844,0.477252511,CCCCCCCCCCCC(=O)OC(C/C=C\CCCCCCCCOC(=O)CCN(CCC(=O)OCCCCCCCC/C=C\CC(CCCCCC)OC(=O)CCCCCCCCCCC)CCN1CCCC1)CCCCCC,JW_2024,JW_2024,1
-4.899967,1.556637448,CCCCCCCCCCCC(=O)OC(C/C=C\CCCCCCCCOC(=O)CCN(CCC(=O)OCCCCCCCC/C=C\CC(CCCCCC)OC(=O)CCCCCCCCCCC)CCN1CCCC1)CCCCCC,JW_2024,JW_2024,2
-4.989897,-0.907958157,CCCCCCCCCCCC(=O)OC(C/C=C\CCCCCCCCOC(=O)CCN(CCC(=O)OCCCCCCCC/C=C\CC(CCCCCC)OC(=O)CCCCCCCCCCC)CCN1CCCC1)CCCCCC,JW_2024,JW_2024,0
-5.845752,1.457693828,CCCCCCCCCCCC(=O)OC(C/C=C\CCCCCCCCOC(=O)CCN(CCC(=O)OCCCCCCCC/C=C\CC(CCCCCC)OC(=O)CCCCCCCCCCC)CCN1CCCC1)CCCCCC,JW_2024,JW_2024,2
-5.966441,0.369314018,CCCCCCCCCCCCCCCCCC(=O)OC(C/C=C\CCCCCCCCOC(=O)CCN(CCC(=O)OCCCCCCCC/C=C\CC(CCCCCC)OC(=O)CCCCCCCCCCCCCCCCC)CCN1CCCC1)CCCCCC,JW_2024,JW_2024,1
-5.2438254,0.351324269,CCCCCCCCCCCCCCCCCC(=O)OC(C/C=C\CCCCCCCCOC(=O)CCN(CCC(=O)OCCCCCCCC/C=C\CC(CCCCCC)OC(=O)CCCCCCCCCCCCCCCCC)CCN1CCCC1)CCCCCC,JW_2024,JW_2024,1
-6.0192986,0.144442156,CCCCCCCCCCCCCCCCCC(=O)OC(C/C=C\CCCCCCCCOC(=O)CCN(CCC(=O)OCCCCCCCC/C=C\CC(CCCCCC)OC(=O)CCCCCCCCCCCCCCCCC)CCN1CCCC1)CCCCCC,JW_2024,JW_2024,1
-5.980827,-0.215352823,CCCCCCCCCCCCCCCCCC(=O)OC(C/C=C\CCCCCCCCOC(=O)CCN(CCC(=O)OCCCCCCCC/C=C\CC(CCCCCC)OC(=O)CCCCCCCCCCCCCCCCC)CCN1CCCC1)CCCCCC,JW_2024,JW_2024,0
-6.1003556,-0.116409204,CCCCCCCCCCCCCCCCCC(=O)OC(C/C=C\CCCCCCCCOC(=O)CCN(CCC(=O)OCCCCCCCC/C=C\CC(CCCCCC)OC(=O)CCCCCCCCCCCCCCCCC)CCN1CCCC1)CCCCCC,JW_2024,JW_2024,0
-5.9178143,-0.00847071,CCCCCCCCCCCCCCCCCC(=O)OC(C/C=C\CCCCCCCCOC(=O)CCN(CCC(=O)OCCCCCCCC/C=C\CC(CCCCCC)OC(=O)CCCCCCCCCCCCCCCCC)CCN1CCCC1)CCCCCC,JW_2024,JW_2024,0
-6.620569,0.018513913,CCCCCCCCCCCCCCCCCC(=O)OC(C/C=C\CCCCCCCCOC(=O)CCN(CCC(=O)OCCCCCCCC/C=C\CC(CCCCCC)OC(=O)CCCCCCCCCCCCCCCCC)CCN1CCCC1)CCCCCC,JW_2024,JW_2024,0
-5.8188367,-0.566152927,CCCCCCCCCCCCCCCCCC(=O)OC(C/C=C\CCCCCCCCOC(=O)CCN(CCC(=O)OCCCCCCCC/C=C\CC(CCCCCC)OC(=O)CCCCCCCCCCCCCCCCC)CCN1CCCC1)CCCCCC,JW_2024,JW_2024,0
-5.5408764,1.502668201,CCCCCCCCCCCCCCCCCC(=O)OC(C/C=C\CCCCCCCCOC(=O)CCN(CCC(=O)OCCCCCCCC/C=C\CC(CCCCCC)OC(=O)CCCCCCCCCCCCCCCCC)CCN1CCCC1)CCCCCC,JW_2024,JW_2024,2
-5.8077607,0.603180754,CCCCCCCCCCCCCCCCCC(=O)OC(C/C=C\CCCCCCCCOC(=O)CCN(CCC(=O)OCCCCCCCC/C=C\CC(CCCCCC)OC(=O)CCCCCCCCCCCCCCCCC)CCN1CCCC1)CCCCCC,JW_2024,JW_2024,1
-5.9483075,1.09789885,CCCCCCCCCCCCCCCCCC(=O)OC(C/C=C\CCCCCCCCOC(=O)CCN(CCC(=O)OCCCCCCCC/C=C\CC(CCCCCC)OC(=O)CCCCCCCCCCCCCCCCC)CCN1CCCC1)CCCCCC,JW_2024,JW_2024,1
-5.425769,-0.125404078,CCCCCCCCCCCCCCCCCC(=O)OC(C/C=C\CCCCCCCCOC(=O)CCN(CCC(=O)OCCCCCCCC/C=C\CC(CCCCCC)OC(=O)CCCCCCCCCCCCCCCCC)CCN1CCCC1)CCCCCC,JW_2024,JW_2024,0
-5.6486053,-0.386255438,CCCCCCCCCCCCCCCCCC(=O)OC(C/C=C\CCCCCCCCOC(=O)CCN(CCC(=O)OCCCCCCCC/C=C\CC(CCCCCC)OC(=O)CCCCCCCCCCCCCCCCC)CCN1CCCC1)CCCCCC,JW_2024,JW_2024,0
-6.1994224,0.855037239,CCCCCCCCCCCCCCCCCC(=O)OC(C/C=C\CCCCCCCCOC(=O)CCN(CCC(=O)OCCCCCCCC/C=C\CC(CCCCCC)OC(=O)CCCCCCCCCCCCCCCCC)CCN1CCCC1)CCCCCC,JW_2024,JW_2024,1
-6.311264,1.60161182,CCCCCCCCCCCCCCCCCC(=O)OC(C/C=C\CCCCCCCCOC(=O)CCN(CCC(=O)OCCCCCCCC/C=C\CC(CCCCCC)OC(=O)CCCCCCCCCCCCCCCCC)CCN1CCCC1)CCCCCC,JW_2024,JW_2024,2
-6.1853,0.108462658,CCCCCCCCCCCCCCCCCC(=O)OC(C/C=C\CCCCCCCCOC(=O)CCN(CCC(=O)OCCCCCCCC/C=C\CC(CCCCCC)OC(=O)CCCCCCCCCCCCCCCCC)CCN1CCCC1)CCCCCC,JW_2024,JW_2024,1
-6.0255675,0.189416528,CCCCCCCCCCCCCCCCCC(=O)OC(C/C=C\CCCCCCCCOC(=O)CCN(CCC(=O)OCCCCCCCC/C=C\CC(CCCCCC)OC(=O)CCCCCCCCCCCCCCCCC)CCN1CCCC1)CCCCCC,JW_2024,JW_2024,1
-6.238297,1.169857845,CCCCCCCCCCCCCCCCCC(=O)OC(C/C=C\CCCCCCCCOC(=O)CCN(CCC(=O)OCCCCCCCC/C=C\CC(CCCCCC)OC(=O)CCCCCCCCCCCCCCCCC)CCN1CCCC1)CCCCCC,JW_2024,JW_2024,1
-5.987414,0.864032113,CCCCCCCCCCCCCCCCCC(=O)OC(C/C=C\CCCCCCCCOC(=O)CCN(CCC(=O)OCCCCCCCC/C=C\CC(CCCCCC)OC(=O)CCCCCCCCCCCCCCCCC)CCN1CCCC1)CCCCCC,JW_2024,JW_2024,1
-6.1114454,1.853468305,CCCCCCCCCCCCCCCCCC(=O)OC(C/C=C\CCCCCCCCOC(=O)CCN(CCC(=O)OCCCCCCCC/C=C\CC(CCCCCC)OC(=O)CCCCCCCCCCCCCCCCC)CCN1CCCC1)CCCCCC,JW_2024,JW_2024,2
-6.2887363,0.75609362,CCCCCCCCCCCCCCCCCC(=O)OC(C/C=C\CCCCCCCCOC(=O)CCN(CCC(=O)OCCCCCCCC/C=C\CC(CCCCCC)OC(=O)CCCCCCCCCCCCCCCCC)CCN1CCCC1)CCCCCC,JW_2024,JW_2024,1
-5.909479,1.655581067,CCCCCCCCCCCCCCCCCC(=O)OC(C/C=C\CCCCCCCCOC(=O)CCN(CCC(=O)OCCCCCCCC/C=C\CC(CCCCCC)OC(=O)CCCCCCCCCCCCCCCCC)CCN1CCCC1)CCCCCC,JW_2024,JW_2024,2
-6.34523,1.232821967,CCCCCCCCCCCCCCCCCC(=O)OC(C/C=C\CCCCCCCCOC(=O)CCN(CCC(=O)OCCCCCCCC/C=C\CC(CCCCCC)OC(=O)CCCCCCCCCCCCCCCCC)CCN1CCCC1)CCCCCC,JW_2024,JW_2024,1
-7.384385,0.864032113,CCCCCCCCCCCCCCCCCC(=O)OC(C/C=C\CCCCCCCCOC(=O)CCN(CCC(=O)OCCCCCCCC/C=C\CC(CCCCCC)OC(=O)CCCCCCCCCCCCCCCCC)CCN1CCCC1)CCCCCC,JW_2024,JW_2024,1
-1.2725137,-0.080429706,CCCCCCCCC(CCCCCC)C(=O)OC(C/C=C\CCCCCCCCOC(=O)CCN(CCCN(CC)CC)CCC(=O)OCCCCCCCC/C=C\CC(CCCCCC)OC(=O)C(CCCCCC)CCCCCCCC)CCCCCC,JW_2024,JW_2024,0
-1.7008973,0.423283264,CCCCCCCCC(CCCCCC)C(=O)OC(C/C=C\CCCCCCCCOC(=O)CCN(CCCN(CC)CC)CCC(=O)OCCCCCCCC/C=C\CC(CCCCCC)OC(=O)C(CCCCCC)CCCCCCCC)CCCCCC,JW_2024,JW_2024,1
-1.5757049,0.846042365,CCCCCCCCC(CCCCCC)C(=O)OC(C/C=C\CCCCCCCCOC(=O)CCN(CCCN(CC)CC)CCC(=O)OCCCCCCCC/C=C\CC(CCCCCC)OC(=O)C(CCCCCC)CCCCCCCC)CCCCCC,JW_2024,JW_2024,1
-1.7169955,0.018513913,CCCCCCCCC(CCCCCC)C(=O)OC(C/C=C\CCCCCCCCOC(=O)CCN(CCCN(CC)CC)CCC(=O)OCCCCCCCC/C=C\CC(CCCCCC)OC(=O)C(CCCCCC)CCCCCCCC)CCCCCC,JW_2024,JW_2024,0
-1.5374966,-0.026460459,CCCCCCCCC(CCCCCC)C(=O)OC(C/C=C\CCCCCCCCOC(=O)CCN(CCCN(CC)CC)CCC(=O)OCCCCCCCC/C=C\CC(CCCCCC)OC(=O)C(CCCCCC)CCCCCCCC)CCCCCC,JW_2024,JW_2024,0
-1.5090603,-0.152388702,CCCCCCCCC(CCCCCC)C(=O)OC(C/C=C\CCCCCCCCOC(=O)CCN(CCCN(CC)CC)CCC(=O)OCCCCCCCC/C=C\CC(CCCCCC)OC(=O)C(CCCCCC)CCCCCCCC)CCCCCC,JW_2024,JW_2024,0
-1.5578669,0.081478035,CCCCCCCCC(CCCCCC)C(=O)OC(C/C=C\CCCCCCCCOC(=O)CCN(CCCN(CC)CC)CCC(=O)OCCCCCCCC/C=C\CC(CCCCCC)OC(=O)C(CCCCCC)CCCCCCCC)CCCCCC,JW_2024,JW_2024,1
-2.2281206,-0.647106797,CCCCCCCCC(CCCCCC)C(=O)OC(C/C=C\CCCCCCCCOC(=O)CCN(CCCN(CC)CC)CCC(=O)OCCCCCCCC/C=C\CC(CCCCCC)OC(=O)C(CCCCCC)CCCCCCCC)CCCCCC,JW_2024,JW_2024,0
-1.8368912,1.574627196,CCCCCCCCC(CCCCCC)C(=O)OC(C/C=C\CCCCCCCCOC(=O)CCN(CCCN(CC)CC)CCC(=O)OCCCCCCCC/C=C\CC(CCCCCC)OC(=O)C(CCCCCC)CCCCCCCC)CCCCCC,JW_2024,JW_2024,2
-2.158235,0.684134624,CCCCCCCCC(CCCCCC)C(=O)OC(C/C=C\CCCCCCCCOC(=O)CCN(CCCN(CC)CC)CCC(=O)OCCCCCCCC/C=C\CC(CCCCCC)OC(=O)C(CCCCCC)CCCCCCCC)CCCCCC,JW_2024,JW_2024,1
-1.5328939,1.187847594,CCCCCCCCC(CCCCCC)C(=O)OC(C/C=C\CCCCCCCCOC(=O)CCN(CCCN(CC)CC)CCC(=O)OCCCCCCCC/C=C\CC(CCCCCC)OC(=O)C(CCCCCC)CCCCCCCC)CCCCCC,JW_2024,JW_2024,1
-1.5398209,-0.035455333,CCCCCCCCC(CCCCCC)C(=O)OC(C/C=C\CCCCCCCCOC(=O)CCN(CCCN(CC)CC)CCC(=O)OCCCCCCCC/C=C\CC(CCCCCC)OC(=O)C(CCCCCC)CCCCCCCC)CCCCCC,JW_2024,JW_2024,0
-1.9113089,-0.530173429,CCCCCCCCC(CCCCCC)C(=O)OC(C/C=C\CCCCCCCCOC(=O)CCN(CCCN(CC)CC)CCC(=O)OCCCCCCCC/C=C\CC(CCCCCC)OC(=O)C(CCCCCC)CCCCCCCC)CCCCCC,JW_2024,JW_2024,0
-1.6680627,0.540216633,CCCCCCCCC(CCCCCC)C(=O)OC(C/C=C\CCCCCCCCOC(=O)CCN(CCCN(CC)CC)CCC(=O)OCCCCCCCC/C=C\CC(CCCCCC)OC(=O)C(CCCCCC)CCCCCCCC)CCCCCC,JW_2024,JW_2024,1
-1.8751343,0.432278139,CCCCCCCCC(CCCCCC)C(=O)OC(C/C=C\CCCCCCCCOC(=O)CCN(CCCN(CC)CC)CCC(=O)OCCCCCCCC/C=C\CC(CCCCCC)OC(=O)C(CCCCCC)CCCCCCCC)CCCCCC,JW_2024,JW_2024,1
-1.8041097,-0.602132425,CCCCCCCCC(CCCCCC)C(=O)OC(C/C=C\CCCCCCCCOC(=O)CCN(CCCN(CC)CC)CCC(=O)OCCCCCCCC/C=C\CC(CCCCCC)OC(=O)C(CCCCCC)CCCCCCCC)CCCCCC,JW_2024,JW_2024,0
-2.3579247,0.369314018,CCCCCCCCC(CCCCCC)C(=O)OC(C/C=C\CCCCCCCCOC(=O)CCN(CCCN(CC)CC)CCC(=O)OCCCCCCCC/C=C\CC(CCCCCC)OC(=O)C(CCCCCC)CCCCCCCC)CCCCCC,JW_2024,JW_2024,1
-1.7690536,0.819057741,CCCCCCCCC(CCCCCC)C(=O)OC(C/C=C\CCCCCCCCOC(=O)CCN(CCCN(CC)CC)CCC(=O)OCCCCCCCC/C=C\CC(CCCCCC)OC(=O)C(CCCCCC)CCCCCCCC)CCCCCC,JW_2024,JW_2024,1
-2.4869025,0.783078243,CCCCCCCCC(CCCCCC)C(=O)OC(C/C=C\CCCCCCCCOC(=O)CCN(CCCN(CC)CC)CCC(=O)OCCCCCCCC/C=C\CC(CCCCCC)OC(=O)C(CCCCCC)CCCCCCCC)CCCCCC,JW_2024,JW_2024,1
-1.0844266,1.538647699,CCCCCCCCC(CCCCCC)C(=O)OC(C/C=C\CCCCCCCCOC(=O)CCN(CCCN(CC)CC)CCC(=O)OCCCCCCCC/C=C\CC(CCCCCC)OC(=O)C(CCCCCC)CCCCCCCC)CCCCCC,JW_2024,JW_2024,2
-1.1701992,0.648155126,CCCCCCCCC(CCCCCC)C(=O)OC(C/C=C\CCCCCCCCOC(=O)CCN(CCCN(CC)CC)CCC(=O)OCCCCCCCC/C=C\CC(CCCCCC)OC(=O)C(CCCCCC)CCCCCCCC)CCCCCC,JW_2024,JW_2024,1
-1.3601997,0.819057741,CCCCCCCCC(CCCCCC)C(=O)OC(C/C=C\CCCCCCCCOC(=O)CCN(CCCN(CC)CC)CCC(=O)OCCCCCCCC/C=C\CC(CCCCCC)OC(=O)C(CCCCCC)CCCCCCCC)CCCCCC,JW_2024,JW_2024,1
-2.1092246,0.180421654,CCCCCCCCC(CCCCCC)C(=O)OC(C/C=C\CCCCCCCCOC(=O)CCN(CCCN(CC)CC)CCC(=O)OCCCCCCCC/C=C\CC(CCCCCC)OC(=O)C(CCCCCC)CCCCCCCC)CCCCCC,JW_2024,JW_2024,1
-1.9000803,0.558206382,CCCCCCCCC(CCCCCC)C(=O)OC(C/C=C\CCCCCCCCOC(=O)CCN(CCCN(CC)CC)CCC(=O)OCCCCCCCC/C=C\CC(CCCCCC)OC(=O)C(CCCCCC)CCCCCCCC)CCCCCC,JW_2024,JW_2024,1
-3.5154476,0.108462658,CCCCCCC(C/C=C\CCCCCCCCOC(=O)CCN(CCCN(CC)CC)CCC(=O)OCCCCCCCC/C=C\CC(CCCCCC)OC(=O)C(CCCC)CCCCCC)OC(=O)C(CCCC)CCCCCC,JW_2024,JW_2024,1
-3.699629,-0.161383576,CCCCCCC(C/C=C\CCCCCCCCOC(=O)CCN(CCCN(CC)CC)CCC(=O)OCCCCCCCC/C=C\CC(CCCCCC)OC(=O)C(CCCC)CCCCCC)OC(=O)C(CCCC)CCCCCC,JW_2024,JW_2024,0
-4.3003902,1.061919352,CCCCCCC(C/C=C\CCCCCCCCOC(=O)CCN(CCCN(CC)CC)CCC(=O)OCCCCCCCC/C=C\CC(CCCCCC)OC(=O)C(CCCC)CCCCCC)OC(=O)C(CCCC)CCCCCC,JW_2024,JW_2024,1
-3.9742522,-0.404245187,CCCCCCC(C/C=C\CCCCCCCCOC(=O)CCN(CCCN(CC)CC)CCC(=O)OCCCCCCCC/C=C\CC(CCCCCC)OC(=O)C(CCCC)CCCCCC)OC(=O)C(CCCC)CCCCCC,JW_2024,JW_2024,0
-4.0353727,0.279365273,CCCCCCC(C/C=C\CCCCCCCCOC(=O)CCN(CCCN(CC)CC)CCC(=O)OCCCCCCCC/C=C\CC(CCCCCC)OC(=O)C(CCCC)CCCCCC)OC(=O)C(CCCC)CCCCCC,JW_2024,JW_2024,1
-4.8708954,-0.647106797,CCCCCCC(C/C=C\CCCCCCCCOC(=O)CCN(CCCN(CC)CC)CCC(=O)OCCCCCCCC/C=C\CC(CCCCCC)OC(=O)C(CCCC)CCCCCC)OC(=O)C(CCCC)CCCCCC,JW_2024,JW_2024,0
-4.998995,1.169857845,CCCCCCC(C/C=C\CCCCCCCCOC(=O)CCN(CCCN(CC)CC)CCC(=O)OCCCCCCCC/C=C\CC(CCCCCC)OC(=O)C(CCCC)CCCCCC)OC(=O)C(CCCC)CCCCCC,JW_2024,JW_2024,1
-4.478596,0.234390901,CCCCCCC(C/C=C\CCCCCCCCOC(=O)CCN(CCCN(CC)CC)CCC(=O)OCCCCCCCC/C=C\CC(CCCCCC)OC(=O)C(CCCC)CCCCCC)OC(=O)C(CCCC)CCCCCC,JW_2024,JW_2024,1
-4.3496795,1.439704079,CCCCCCC(C/C=C\CCCCCCCCOC(=O)CCN(CCCN(CC)CC)CCC(=O)OCCCCCCCC/C=C\CC(CCCCCC)OC(=O)C(CCCC)CCCCCC)OC(=O)C(CCCC)CCCCCC,JW_2024,JW_2024,2
-4.4033,0.018513913,CCCCCCC(C/C=C\CCCCCCCCOC(=O)CCN(CCCN(CC)CC)CCC(=O)OCCCCCCCC/C=C\CC(CCCCCC)OC(=O)C(CCCC)CCCCCC)OC(=O)C(CCCC)CCCCCC,JW_2024,JW_2024,0
-5.0167174,1.511663075,CCCCCCC(C/C=C\CCCCCCCCOC(=O)CCN(CCCN(CC)CC)CCC(=O)OCCCCCCCC/C=C\CC(CCCCCC)OC(=O)C(CCCC)CCCCCC)OC(=O)C(CCCC)CCCCCC,JW_2024,JW_2024,2
-3.902586,0.693129499,CCCCCCC(C/C=C\CCCCCCCCOC(=O)CCN(CCCN(CC)CC)CCC(=O)OCCCCCCCC/C=C\CC(CCCCCC)OC(=O)C(CCCC)CCCCCC)OC(=O)C(CCCC)CCCCCC,JW_2024,JW_2024,1
-4.1905246,0.027508788,CCCCCCC(C/C=C\CCCCCCCCOC(=O)CCN(CCCN(CC)CC)CCC(=O)OCCCCCCCC/C=C\CC(CCCCCC)OC(=O)C(CCCC)CCCCCC)OC(=O)C(CCCC)CCCCCC,JW_2024,JW_2024,0
-5.1961465,0.162431905,CCCCCCC(C/C=C\CCCCCCCCOC(=O)CCN(CCCN(CC)CC)CCC(=O)OCCCCCCCC/C=C\CC(CCCCCC)OC(=O)C(CCCC)CCCCCC)OC(=O)C(CCCC)CCCCCC,JW_2024,JW_2024,1
-4.3265214,0.944985984,CCCCCCC(C/C=C\CCCCCCCCOC(=O)CCN(CCCN(CC)CC)CCC(=O)OCCCCCCCC/C=C\CC(CCCCCC)OC(=O)C(CCCC)CCCCCC)OC(=O)C(CCCC)CCCCCC,JW_2024,JW_2024,1
-4.5875497,0.243385775,CCCCCCC(C/C=C\CCCCCCCCOC(=O)CCN(CCCN(CC)CC)CCC(=O)OCCCCCCCC/C=C\CC(CCCCCC)OC(=O)C(CCCC)CCCCCC)OC(=O)C(CCCC)CCCCCC,JW_2024,JW_2024,1
-4.555921,0.135447281,CCCCCCC(C/C=C\CCCCCCCCOC(=O)CCN(CCCN(CC)CC)CCC(=O)OCCCCCCCC/C=C\CC(CCCCCC)OC(=O)C(CCCC)CCCCCC)OC(=O)C(CCCC)CCCCCC,JW_2024,JW_2024,1
-4.1477437,1.079909101,CCCCCCC(C/C=C\CCCCCCCCOC(=O)CCN(CCCN(CC)CC)CCC(=O)OCCCCCCCC/C=C\CC(CCCCCC)OC(=O)C(CCCC)CCCCCC)OC(=O)C(CCCC)CCCCCC,JW_2024,JW_2024,1
-5.5523353,1.403724582,CCCCCCC(C/C=C\CCCCCCCCOC(=O)CCN(CCCN(CC)CC)CCC(=O)OCCCCCCCC/C=C\CC(CCCCCC)OC(=O)C(CCCC)CCCCCC)OC(=O)C(CCCC)CCCCCC,JW_2024,JW_2024,2
-4.584909,1.880452928,CCCCCCC(C/C=C\CCCCCCCCOC(=O)CCN(CCCN(CC)CC)CCC(=O)OCCCCCCCC/C=C\CC(CCCCCC)OC(=O)C(CCCC)CCCCCC)OC(=O)C(CCCC)CCCCCC,JW_2024,JW_2024,2
-4.9644027,0.486247386,CCCCCCC(C/C=C\CCCCCCCCOC(=O)CCN(CCCN(CC)CC)CCC(=O)OCCCCCCCC/C=C\CC(CCCCCC)OC(=O)C(CCCC)CCCCCC)OC(=O)C(CCCC)CCCCCC,JW_2024,JW_2024,1
-4.532261,1.385734833,CCCCCCC(C/C=C\CCCCCCCCOC(=O)CCN(CCCN(CC)CC)CCC(=O)OCCCCCCCC/C=C\CC(CCCCCC)OC(=O)C(CCCC)CCCCCC)OC(=O)C(CCCC)CCCCCC,JW_2024,JW_2024,2
-3.9635448,0.33333452,CCCCCCC(C/C=C\CCCCCCCCOC(=O)CCN(CCCN(CC)CC)CCC(=O)OCCCCCCCC/C=C\CC(CCCCCC)OC(=O)C(CCCC)CCCCCC)OC(=O)C(CCCC)CCCCCC,JW_2024,JW_2024,1
-4.8542905,1.124883473,CCCCCCC(C/C=C\CCCCCCCCOC(=O)CCN(CCCN(CC)CC)CCC(=O)OCCCCCCCC/C=C\CC(CCCCCC)OC(=O)C(CCCC)CCCCCC)OC(=O)C(CCCC)CCCCCC,JW_2024,JW_2024,1
-2.4751616,0.099467784,CCCCCCC(C/C=C\CCCCCCCCOC(=O)CCN(CCCN(CC)CC)CCC(=O)OCCCCCCCC/C=C\CC(CCCCCC)OC(=O)CCCC1CCCCC1)OC(=O)CCCC1CCCCC1,JW_2024,JW_2024,1
-2.8118882,0.33333452,CCCCCCC(C/C=C\CCCCCCCCOC(=O)CCN(CCCN(CC)CC)CCC(=O)OCCCCCCCC/C=C\CC(CCCCCC)OC(=O)CCCC1CCCCC1)OC(=O)CCCC1CCCCC1,JW_2024,JW_2024,1
-5.034092,0.054493411,CCCCCCC(C/C=C\CCCCCCCCOC(=O)CCN(CCCN(CC)CC)CCC(=O)OCCCCCCCC/C=C\CC(CCCCCC)OC(=O)CCCC1CCCCC1)OC(=O)CCCC1CCCCC1,JW_2024,JW_2024,1
-2.200782,-0.800019663,CCCCCCC(C/C=C\CCCCCCCCOC(=O)CCN(CCCN(CC)CC)CCC(=O)OCCCCCCCC/C=C\CC(CCCCCC)OC(=O)CCCC1CCCCC1)OC(=O)CCCC1CCCCC1,JW_2024,JW_2024,0
-2.1060178,0.063488286,CCCCCCC(C/C=C\CCCCCCCCOC(=O)CCN(CCCN(CC)CC)CCC(=O)OCCCCCCCC/C=C\CC(CCCCCC)OC(=O)CCCC1CCCCC1)OC(=O)CCCC1CCCCC1,JW_2024,JW_2024,1
-4.8960953,0.126452407,CCCCCCC(C/C=C\CCCCCCCCOC(=O)CCN(CCCN(CC)CC)CCC(=O)OCCCCCCCC/C=C\CC(CCCCCC)OC(=O)CCCC1CCCCC1)OC(=O)CCCC1CCCCC1,JW_2024,JW_2024,1
-4.109803,1.286791213,CCCCCCC(C/C=C\CCCCCCCCOC(=O)CCN(CCCN(CC)CC)CCC(=O)OCCCCCCCC/C=C\CC(CCCCCC)OC(=O)CCCC1CCCCC1)OC(=O)CCCC1CCCCC1,JW_2024,JW_2024,1
-2.6670604,-0.764040165,CCCCCCC(C/C=C\CCCCCCCCOC(=O)CCN(CCCN(CC)CC)CCC(=O)OCCCCCCCC/C=C\CC(CCCCCC)OC(=O)CCCC1CCCCC1)OC(=O)CCCC1CCCCC1,JW_2024,JW_2024,0
-3.1419547,1.385734833,CCCCCCC(C/C=C\CCCCCCCCOC(=O)CCN(CCCN(CC)CC)CCC(=O)OCCCCCCCC/C=C\CC(CCCCCC)OC(=O)CCCC1CCCCC1)OC(=O)CCCC1CCCCC1,JW_2024,JW_2024,2
-3.3414137,0.594185879,CCCCCCC(C/C=C\CCCCCCCCOC(=O)CCN(CCCN(CC)CC)CCC(=O)OCCCCCCCC/C=C\CC(CCCCCC)OC(=O)CCCC1CCCCC1)OC(=O)CCCC1CCCCC1,JW_2024,JW_2024,1
-4.9131675,1.592616945,CCCCCCC(C/C=C\CCCCCCCCOC(=O)CCN(CCCN(CC)CC)CCC(=O)OCCCCCCCC/C=C\CC(CCCCCC)OC(=O)CCCC1CCCCC1)OC(=O)CCCC1CCCCC1,JW_2024,JW_2024,2
-2.2089562,0.603180754,CCCCCCC(C/C=C\CCCCCCCCOC(=O)CCN(CCCN(CC)CC)CCC(=O)OCCCCCCCC/C=C\CC(CCCCCC)OC(=O)CCCC1CCCCC1)OC(=O)CCCC1CCCCC1,JW_2024,JW_2024,1
-2.7913015,0.117457533,CCCCCCC(C/C=C\CCCCCCCCOC(=O)CCN(CCCN(CC)CC)CCC(=O)OCCCCCCCC/C=C\CC(CCCCCC)OC(=O)CCCC1CCCCC1)OC(=O)CCCC1CCCCC1,JW_2024,JW_2024,1
-5.118582,0.306349896,CCCCCCC(C/C=C\CCCCCCCCOC(=O)CCN(CCCN(CC)CC)CCC(=O)OCCCCCCCC/C=C\CC(CCCCCC)OC(=O)CCCC1CCCCC1)OC(=O)CCCC1CCCCC1,JW_2024,JW_2024,1
-2.8785944,0.729108996,CCCCCCC(C/C=C\CCCCCCCCOC(=O)CCN(CCCN(CC)CC)CCC(=O)OCCCCCCCC/C=C\CC(CCCCCC)OC(=O)CCCC1CCCCC1)OC(=O)CCCC1CCCCC1,JW_2024,JW_2024,1
-2.1515722,0.378308892,CCCCCCC(C/C=C\CCCCCCCCOC(=O)CCN(CCCN(CC)CC)CCC(=O)OCCCCCCCC/C=C\CC(CCCCCC)OC(=O)CCCC1CCCCC1)OC(=O)CCCC1CCCCC1,JW_2024,JW_2024,1
-3.0196476,0.25238065,CCCCCCC(C/C=C\CCCCCCCCOC(=O)CCN(CCCN(CC)CC)CCC(=O)OCCCCCCCC/C=C\CC(CCCCCC)OC(=O)CCCC1CCCCC1)OC(=O)CCCC1CCCCC1,JW_2024,JW_2024,1
-2.1621885,0.810062867,CCCCCCC(C/C=C\CCCCCCCCOC(=O)CCN(CCCN(CC)CC)CCC(=O)OCCCCCCCC/C=C\CC(CCCCCC)OC(=O)CCCC1CCCCC1)OC(=O)CCCC1CCCCC1,JW_2024,JW_2024,1
-5.36489,1.25980659,CCCCCCC(C/C=C\CCCCCCCCOC(=O)CCN(CCCN(CC)CC)CCC(=O)OCCCCCCCC/C=C\CC(CCCCCC)OC(=O)CCCC1CCCCC1)OC(=O)CCCC1CCCCC1,JW_2024,JW_2024,1
-3.7967286,1.592616945,CCCCCCC(C/C=C\CCCCCCCCOC(=O)CCN(CCCN(CC)CC)CCC(=O)OCCCCCCCC/C=C\CC(CCCCCC)OC(=O)CCCC1CCCCC1)OC(=O)CCCC1CCCCC1,JW_2024,JW_2024,2
-4.1603274,0.720114122,CCCCCCC(C/C=C\CCCCCCCCOC(=O)CCN(CCCN(CC)CC)CCC(=O)OCCCCCCCC/C=C\CC(CCCCCC)OC(=O)CCCC1CCCCC1)OC(=O)CCCC1CCCCC1,JW_2024,JW_2024,1
-2.6643925,1.331765586,CCCCCCC(C/C=C\CCCCCCCCOC(=O)CCN(CCCN(CC)CC)CCC(=O)OCCCCCCCC/C=C\CC(CCCCCC)OC(=O)CCCC1CCCCC1)OC(=O)CCCC1CCCCC1,JW_2024,JW_2024,2
-2.5943744,0.531221758,CCCCCCC(C/C=C\CCCCCCCCOC(=O)CCN(CCCN(CC)CC)CCC(=O)OCCCCCCCC/C=C\CC(CCCCCC)OC(=O)CCCC1CCCCC1)OC(=O)CCCC1CCCCC1,JW_2024,JW_2024,1
-4.0888777,1.052924477,CCCCCCC(C/C=C\CCCCCCCCOC(=O)CCN(CCCN(CC)CC)CCC(=O)OCCCCCCCC/C=C\CC(CCCCCC)OC(=O)CCCC1CCCCC1)OC(=O)CCCC1CCCCC1,JW_2024,JW_2024,1
-2.028522,-0.035455333,CCCCCC/C=C\CCC(=O)OC(C/C=C\CCCCCCCCOC(=O)CCN(CCCN(CC)CC)CCC(=O)OCCCCCCCC/C=C\CC(CCCCCC)OC(=O)CC/C=C\CCCCCC)CCCCCC,JW_2024,JW_2024,0
-2.1812441,0.036503662,CCCCCC/C=C\CCC(=O)OC(C/C=C\CCCCCCCCOC(=O)CCN(CCCN(CC)CC)CCC(=O)OCCCCCCCC/C=C\CC(CCCCCC)OC(=O)CC/C=C\CCCCCC)CCCCCC,JW_2024,JW_2024,1
-3.932234,0.07248316,CCCCCC/C=C\CCC(=O)OC(C/C=C\CCCCCCCCOC(=O)CCN(CCCN(CC)CC)CCC(=O)OCCCCCCCC/C=C\CC(CCCCCC)OC(=O)CC/C=C\CCCCCC)CCCCCC,JW_2024,JW_2024,1
-2.378184,0.810062867,CCCCCC/C=C\CCC(=O)OC(C/C=C\CCCCCCCCOC(=O)CCN(CCCN(CC)CC)CCC(=O)OCCCCCCCC/C=C\CC(CCCCCC)OC(=O)CC/C=C\CCCCCC)CCCCCC,JW_2024,JW_2024,1
-1.6785524,0.090472909,CCCCCC/C=C\CCC(=O)OC(C/C=C\CCCCCCCCOC(=O)CCN(CCCN(CC)CC)CCC(=O)OCCCCCCCC/C=C\CC(CCCCCC)OC(=O)CC/C=C\CCCCCC)CCCCCC,JW_2024,JW_2024,1
-3.4873629,0.027508788,CCCCCC/C=C\CCC(=O)OC(C/C=C\CCCCCCCCOC(=O)CCN(CCCN(CC)CC)CCC(=O)OCCCCCCCC/C=C\CC(CCCCCC)OC(=O)CC/C=C\CCCCCC)CCCCCC,JW_2024,JW_2024,0
-3.0710373,0.567201256,CCCCCC/C=C\CCC(=O)OC(C/C=C\CCCCCCCCOC(=O)CCN(CCCN(CC)CC)CCC(=O)OCCCCCCCC/C=C\CC(CCCCCC)OC(=O)CC/C=C\CCCCCC)CCCCCC,JW_2024,JW_2024,1
-3.0145192,-0.35027594,CCCCCC/C=C\CCC(=O)OC(C/C=C\CCCCCCCCOC(=O)CCN(CCCN(CC)CC)CCC(=O)OCCCCCCCC/C=C\CC(CCCCCC)OC(=O)CC/C=C\CCCCCC)CCCCCC,JW_2024,JW_2024,0
-2.727445,1.160862971,CCCCCC/C=C\CCC(=O)OC(C/C=C\CCCCCCCCOC(=O)CCN(CCCN(CC)CC)CCC(=O)OCCCCCCCC/C=C\CC(CCCCCC)OC(=O)CC/C=C\CCCCCC)CCCCCC,JW_2024,JW_2024,1
-3.0305583,0.054493411,CCCCCC/C=C\CCC(=O)OC(C/C=C\CCCCCCCCOC(=O)CCN(CCCN(CC)CC)CCC(=O)OCCCCCCCC/C=C\CC(CCCCCC)OC(=O)CC/C=C\CCCCCC)CCCCCC,JW_2024,JW_2024,1
-3.5637264,1.25980659,CCCCCC/C=C\CCC(=O)OC(C/C=C\CCCCCCCCOC(=O)CCN(CCCN(CC)CC)CCC(=O)OCCCCCCCC/C=C\CC(CCCCCC)OC(=O)CC/C=C\CCCCCC)CCCCCC,JW_2024,JW_2024,1
-2.50735,0.369314018,CCCCCC/C=C\CCC(=O)OC(C/C=C\CCCCCCCCOC(=O)CCN(CCCN(CC)CC)CCC(=O)OCCCCCCCC/C=C\CC(CCCCCC)OC(=O)CC/C=C\CCCCCC)CCCCCC,JW_2024,JW_2024,1
-2.753294,-0.359270814,CCCCCC/C=C\CCC(=O)OC(C/C=C\CCCCCCCCOC(=O)CCN(CCCN(CC)CC)CCC(=O)OCCCCCCCC/C=C\CC(CCCCCC)OC(=O)CC/C=C\CCCCCC)CCCCCC,JW_2024,JW_2024,0
-3.7456656,0.846042365,CCCCCC/C=C\CCC(=O)OC(C/C=C\CCCCCCCCOC(=O)CCN(CCCN(CC)CC)CCC(=O)OCCCCCCCC/C=C\CC(CCCCCC)OC(=O)CC/C=C\CCCCCC)CCCCCC,JW_2024,JW_2024,1
-2.6724584,0.648155126,CCCCCC/C=C\CCC(=O)OC(C/C=C\CCCCCCCCOC(=O)CCN(CCCN(CC)CC)CCC(=O)OCCCCCCCC/C=C\CC(CCCCCC)OC(=O)CC/C=C\CCCCCC)CCCCCC,JW_2024,JW_2024,1
-2.5949264,-1.27674801,CCCCCC/C=C\CCC(=O)OC(C/C=C\CCCCCCCCOC(=O)CCN(CCCN(CC)CC)CCC(=O)OCCCCCCCC/C=C\CC(CCCCCC)OC(=O)CC/C=C\CCCCCC)CCCCCC,JW_2024,JW_2024,0
-2.7431736,-0.161383576,CCCCCC/C=C\CCC(=O)OC(C/C=C\CCCCCCCCOC(=O)CCN(CCCN(CC)CC)CCC(=O)OCCCCCCCC/C=C\CC(CCCCCC)OC(=O)CC/C=C\CCCCCC)CCCCCC,JW_2024,JW_2024,0
-1.7535306,0.900011611,CCCCCC/C=C\CCC(=O)OC(C/C=C\CCCCCCCCOC(=O)CCN(CCCN(CC)CC)CCC(=O)OCCCCCCCC/C=C\CC(CCCCCC)OC(=O)CC/C=C\CCCCCC)CCCCCC,JW_2024,JW_2024,1
-4.164577,0.549211507,CCCCCC/C=C\CCC(=O)OC(C/C=C\CCCCCCCCOC(=O)CCN(CCCN(CC)CC)CCC(=O)OCCCCCCCC/C=C\CC(CCCCCC)OC(=O)CC/C=C\CCCCCC)CCCCCC,JW_2024,JW_2024,1
-2.6708128,1.889447803,CCCCCC/C=C\CCC(=O)OC(C/C=C\CCCCCCCCOC(=O)CCN(CCCN(CC)CC)CCC(=O)OCCCCCCCC/C=C\CC(CCCCCC)OC(=O)CC/C=C\CCCCCC)CCCCCC,JW_2024,JW_2024,2
-3.2532084,0.971970607,CCCCCC/C=C\CCC(=O)OC(C/C=C\CCCCCCCCOC(=O)CCN(CCCN(CC)CC)CCC(=O)OCCCCCCCC/C=C\CC(CCCCCC)OC(=O)CC/C=C\CCCCCC)CCCCCC,JW_2024,JW_2024,1
-2.5295765,0.594185879,CCCCCC/C=C\CCC(=O)OC(C/C=C\CCCCCCCCOC(=O)CCN(CCCN(CC)CC)CCC(=O)OCCCCCCCC/C=C\CC(CCCCCC)OC(=O)CC/C=C\CCCCCC)CCCCCC,JW_2024,JW_2024,1
-2.3239973,0.594185879,CCCCCC/C=C\CCC(=O)OC(C/C=C\CCCCCCCCOC(=O)CCN(CCCN(CC)CC)CCC(=O)OCCCCCCCC/C=C\CC(CCCCCC)OC(=O)CC/C=C\CCCCCC)CCCCCC,JW_2024,JW_2024,1
-3.4136586,0.998955231,CCCCCC/C=C\CCC(=O)OC(C/C=C\CCCCCCCCOC(=O)CCN(CCCN(CC)CC)CCC(=O)OCCCCCCCC/C=C\CC(CCCCCC)OC(=O)CC/C=C\CCCCCC)CCCCCC,JW_2024,JW_2024,1
-1.75874,0.306349896,CCCCCCCCCCCC(=O)OC(C/C=C\CCCCCCCCOC(=O)CCN(CCCN(CC)CC)CCC(=O)OCCCCCCCC/C=C\CC(CCCCCC)OC(=O)CCCCCCCCCCC)CCCCCC,JW_2024,JW_2024,1
-2.2430892,0.324339645,CCCCCCCCCCCC(=O)OC(C/C=C\CCCCCCCCOC(=O)CCN(CCCN(CC)CC)CCC(=O)OCCCCCCCC/C=C\CC(CCCCCC)OC(=O)CCCCCCCCCCC)CCCCCC,JW_2024,JW_2024,1
-2.507413,0.441273013,CCCCCCCCCCCC(=O)OC(C/C=C\CCCCCCCCOC(=O)CCN(CCCN(CC)CC)CCC(=O)OCCCCCCCC/C=C\CC(CCCCCC)OC(=O)CCCCCCCCCCC)CCCCCC,JW_2024,JW_2024,1
-2.281527,0.49524226,CCCCCCCCCCCC(=O)OC(C/C=C\CCCCCCCCOC(=O)CCN(CCCN(CC)CC)CCC(=O)OCCCCCCCC/C=C\CC(CCCCCC)OC(=O)CCCCCCCCCCC)CCCCCC,JW_2024,JW_2024,1
-2.2659528,0.432278139,CCCCCCCCCCCC(=O)OC(C/C=C\CCCCCCCCOC(=O)CCN(CCCN(CC)CC)CCC(=O)OCCCCCCCC/C=C\CC(CCCCCC)OC(=O)CCCCCCCCCCC)CCCCCC,JW_2024,JW_2024,1
-3.5189493,-0.665096546,CCCCCCCCCCCC(=O)OC(C/C=C\CCCCCCCCOC(=O)CCN(CCCN(CC)CC)CCC(=O)OCCCCCCCC/C=C\CC(CCCCCC)OC(=O)CCCCCCCCCCC)CCCCCC,JW_2024,JW_2024,0
-2.9272568,0.477252511,CCCCCCCCCCCC(=O)OC(C/C=C\CCCCCCCCOC(=O)CCN(CCCN(CC)CC)CCC(=O)OCCCCCCCC/C=C\CC(CCCCCC)OC(=O)CCCCCCCCCCC)CCCCCC,JW_2024,JW_2024,1
-3.0083508,-0.242337446,CCCCCCCCCCCC(=O)OC(C/C=C\CCCCCCCCOC(=O)CCN(CCCN(CC)CC)CCC(=O)OCCCCCCCC/C=C\CC(CCCCCC)OC(=O)CCCCCCCCCCC)CCCCCC,JW_2024,JW_2024,0
-2.6977224,1.25980659,CCCCCCCCCCCC(=O)OC(C/C=C\CCCCCCCCOC(=O)CCN(CCCN(CC)CC)CCC(=O)OCCCCCCCC/C=C\CC(CCCCCC)OC(=O)CCCCCCCCCCC)CCCCCC,JW_2024,JW_2024,1
-2.94988,0.594185879,CCCCCCCCCCCC(=O)OC(C/C=C\CCCCCCCCOC(=O)CCN(CCCN(CC)CC)CCC(=O)OCCCCCCCC/C=C\CC(CCCCCC)OC(=O)CCCCCCCCCCC)CCCCCC,JW_2024,JW_2024,1
-3.7486198,1.511663075,CCCCCCCCCCCC(=O)OC(C/C=C\CCCCCCCCOC(=O)CCN(CCCN(CC)CC)CCC(=O)OCCCCCCCC/C=C\CC(CCCCCC)OC(=O)CCCCCCCCCCC)CCCCCC,JW_2024,JW_2024,2
-2.4174438,0.666144875,CCCCCCCCCCCC(=O)OC(C/C=C\CCCCCCCCOC(=O)CCN(CCCN(CC)CC)CCC(=O)OCCCCCCCC/C=C\CC(CCCCCC)OC(=O)CCCCCCCCCCC)CCCCCC,JW_2024,JW_2024,1
-2.8436418,0.099467784,CCCCCCCCCCCC(=O)OC(C/C=C\CCCCCCCCOC(=O)CCN(CCCN(CC)CC)CCC(=O)OCCCCCCCC/C=C\CC(CCCCCC)OC(=O)CCCCCCCCCCC)CCCCCC,JW_2024,JW_2024,1
-3.71716,1.17885272,CCCCCCCCCCCC(=O)OC(C/C=C\CCCCCCCCOC(=O)CCN(CCCN(CC)CC)CCC(=O)OCCCCCCCC/C=C\CC(CCCCCC)OC(=O)CCCCCCCCCCC)CCCCCC,JW_2024,JW_2024,1
-2.3648958,1.079909101,CCCCCCCCCCCC(=O)OC(C/C=C\CCCCCCCCOC(=O)CCN(CCCN(CC)CC)CCC(=O)OCCCCCCCC/C=C\CC(CCCCCC)OC(=O)CCCCCCCCCCC)CCCCCC,JW_2024,JW_2024,1
-2.524021,-0.062439957,CCCCCCCCCCCC(=O)OC(C/C=C\CCCCCCCCOC(=O)CCN(CCCN(CC)CC)CCC(=O)OCCCCCCCC/C=C\CC(CCCCCC)OC(=O)CCCCCCCCCCC)CCCCCC,JW_2024,JW_2024,0
-3.19739,-0.620122174,CCCCCCCCCCCC(=O)OC(C/C=C\CCCCCCCCOC(=O)CCN(CCCN(CC)CC)CCC(=O)OCCCCCCCC/C=C\CC(CCCCCC)OC(=O)CCCCCCCCCCC)CCCCCC,JW_2024,JW_2024,0
-2.2760332,0.980965482,CCCCCCCCCCCC(=O)OC(C/C=C\CCCCCCCCOC(=O)CCN(CCCN(CC)CC)CCC(=O)OCCCCCCCC/C=C\CC(CCCCCC)OC(=O)CCCCCCCCCCC)CCCCCC,JW_2024,JW_2024,1
-4.134217,1.007950105,CCCCCCCCCCCC(=O)OC(C/C=C\CCCCCCCCOC(=O)CCN(CCCN(CC)CC)CCC(=O)OCCCCCCCC/C=C\CC(CCCCCC)OC(=O)CCCCCCCCCCC)CCCCCC,JW_2024,JW_2024,1
-2.4108775,1.934422175,CCCCCCCCCCCC(=O)OC(C/C=C\CCCCCCCCOC(=O)CCN(CCCN(CC)CC)CCC(=O)OCCCCCCCC/C=C\CC(CCCCCC)OC(=O)CCCCCCCCCCC)CCCCCC,JW_2024,JW_2024,2
-2.3937018,2.006381171,CCCCCCCCCCCC(=O)OC(C/C=C\CCCCCCCCOC(=O)CCN(CCCN(CC)CC)CCC(=O)OCCCCCCCC/C=C\CC(CCCCCC)OC(=O)CCCCCCCCCCC)CCCCCC,JW_2024,JW_2024,3
-2.1269658,0.324339645,CCCCCCCCCCCC(=O)OC(C/C=C\CCCCCCCCOC(=O)CCN(CCCN(CC)CC)CCC(=O)OCCCCCCCC/C=C\CC(CCCCCC)OC(=O)CCCCCCCCCCC)CCCCCC,JW_2024,JW_2024,1
-3.1010187,1.016944979,CCCCCCCCCCCC(=O)OC(C/C=C\CCCCCCCCOC(=O)CCN(CCCN(CC)CC)CCC(=O)OCCCCCCCC/C=C\CC(CCCCCC)OC(=O)CCCCCCCCCCC)CCCCCC,JW_2024,JW_2024,1
-2.4658992,-0.701076044,CCCCCCCCCCCCCCCCCC(=O)OC(C/C=C\CCCCCCCCOC(=O)CCN(CCCN(CC)CC)CCC(=O)OCCCCCCCC/C=C\CC(CCCCCC)OC(=O)CCCCCCCCCCCCCCCCC)CCCCCC,JW_2024,JW_2024,0
-2.654881,-0.782029914,CCCCCCCCCCCCCCCCCC(=O)OC(C/C=C\CCCCCCCCOC(=O)CCN(CCCN(CC)CC)CCC(=O)OCCCCCCCC/C=C\CC(CCCCCC)OC(=O)CCCCCCCCCCCCCCCCC)CCCCCC,JW_2024,JW_2024,0
-3.690191,-0.107414329,CCCCCCCCCCCCCCCCCC(=O)OC(C/C=C\CCCCCCCCOC(=O)CCN(CCCN(CC)CC)CCC(=O)OCCCCCCCC/C=C\CC(CCCCCC)OC(=O)CCCCCCCCCCCCCCCCC)CCCCCC,JW_2024,JW_2024,0
-2.558987,-1.186799266,CCCCCCCCCCCCCCCCCC(=O)OC(C/C=C\CCCCCCCCOC(=O)CCN(CCCN(CC)CC)CCC(=O)OCCCCCCCC/C=C\CC(CCCCCC)OC(=O)CCCCCCCCCCCCCCCCC)CCCCCC,JW_2024,JW_2024,0
-2.6893117,-0.548163178,CCCCCCCCCCCCCCCCCC(=O)OC(C/C=C\CCCCCCCCOC(=O)CCN(CCCN(CC)CC)CCC(=O)OCCCCCCCC/C=C\CC(CCCCCC)OC(=O)CCCCCCCCCCCCCCCCC)CCCCCC,JW_2024,JW_2024,0
-3.8222206,-0.161383576,CCCCCCCCCCCCCCCCCC(=O)OC(C/C=C\CCCCCCCCOC(=O)CCN(CCCN(CC)CC)CCC(=O)OCCCCCCCC/C=C\CC(CCCCCC)OC(=O)CCCCCCCCCCCCCCCCC)CCCCCC,JW_2024,JW_2024,0
-3.6575582,-0.341281065,CCCCCCCCCCCCCCCCCC(=O)OC(C/C=C\CCCCCCCCOC(=O)CCN(CCCN(CC)CC)CCC(=O)OCCCCCCCC/C=C\CC(CCCCCC)OC(=O)CCCCCCCCCCCCCCCCC)CCCCCC,JW_2024,JW_2024,0
-3.8559802,-1.078860772,CCCCCCCCCCCCCCCCCC(=O)OC(C/C=C\CCCCCCCCOC(=O)CCN(CCCN(CC)CC)CCC(=O)OCCCCCCCC/C=C\CC(CCCCCC)OC(=O)CCCCCCCCCCCCCCCCC)CCCCCC,JW_2024,JW_2024,0
-2.782528,1.34076046,CCCCCCCCCCCCCCCCCC(=O)OC(C/C=C\CCCCCCCCOC(=O)CCN(CCCN(CC)CC)CCC(=O)OCCCCCCCC/C=C\CC(CCCCCC)OC(=O)CCCCCCCCCCCCCCCCC)CCCCCC,JW_2024,JW_2024,2
-3.4579577,0.720114122,CCCCCCCCCCCCCCCCCC(=O)OC(C/C=C\CCCCCCCCOC(=O)CCN(CCCN(CC)CC)CCC(=O)OCCCCCCCC/C=C\CC(CCCCCC)OC(=O)CCCCCCCCCCCCCCCCC)CCCCCC,JW_2024,JW_2024,1
-3.6778545,1.52065795,CCCCCCCCCCCCCCCCCC(=O)OC(C/C=C\CCCCCCCCOC(=O)CCN(CCCN(CC)CC)CCC(=O)OCCCCCCCC/C=C\CC(CCCCCC)OC(=O)CCCCCCCCCCCCCCCCC)CCCCCC,JW_2024,JW_2024,2
-3.0378134,0.288360147,CCCCCCCCCCCCCCCCCC(=O)OC(C/C=C\CCCCCCCCOC(=O)CCN(CCCN(CC)CC)CCC(=O)OCCCCCCCC/C=C\CC(CCCCCC)OC(=O)CCCCCCCCCCCCCCCCC)CCCCCC,JW_2024,JW_2024,1
-3.33226,-0.251332321,CCCCCCCCCCCCCCCCCC(=O)OC(C/C=C\CCCCCCCCOC(=O)CCN(CCCN(CC)CC)CCC(=O)OCCCCCCCC/C=C\CC(CCCCCC)OC(=O)CCCCCCCCCCCCCCCCC)CCCCCC,JW_2024,JW_2024,0
-3.8887784,1.124883473,CCCCCCCCCCCCCCCCCC(=O)OC(C/C=C\CCCCCCCCOC(=O)CCN(CCCN(CC)CC)CCC(=O)OCCCCCCCC/C=C\CC(CCCCCC)OC(=O)CCCCCCCCCCCCCCCCC)CCCCCC,JW_2024,JW_2024,1
-2.8743818,1.547642573,CCCCCCCCCCCCCCCCCC(=O)OC(C/C=C\CCCCCCCCOC(=O)CCN(CCCN(CC)CC)CCC(=O)OCCCCCCCC/C=C\CC(CCCCCC)OC(=O)CCCCCCCCCCCCCCCCC)CCCCCC,JW_2024,JW_2024,2
-2.7830706,-0.359270814,CCCCCCCCCCCCCCCCCC(=O)OC(C/C=C\CCCCCCCCOC(=O)CCN(CCCN(CC)CC)CCC(=O)OCCCCCCCC/C=C\CC(CCCCCC)OC(=O)CCCCCCCCCCCCCCCCC)CCCCCC,JW_2024,JW_2024,0
-3.6325488,0.081478035,CCCCCCCCCCCCCCCCCC(=O)OC(C/C=C\CCCCCCCCOC(=O)CCN(CCCN(CC)CC)CCC(=O)OCCCCCCCC/C=C\CC(CCCCCC)OC(=O)CCCCCCCCCCCCCCCCC)CCCCCC,JW_2024,JW_2024,1
-2.8298337,0.765088494,CCCCCCCCCCCCCCCCCC(=O)OC(C/C=C\CCCCCCCCOC(=O)CCN(CCCN(CC)CC)CCC(=O)OCCCCCCCC/C=C\CC(CCCCCC)OC(=O)CCCCCCCCCCCCCCCCC)CCCCCC,JW_2024,JW_2024,1
-3.7019339,1.088903975,CCCCCCCCCCCCCCCCCC(=O)OC(C/C=C\CCCCCCCCOC(=O)CCN(CCCN(CC)CC)CCC(=O)OCCCCCCCC/C=C\CC(CCCCCC)OC(=O)CCCCCCCCCCCCCCCCC)CCCCCC,JW_2024,JW_2024,1
-3.1135154,1.907437552,CCCCCCCCCCCCCCCCCC(=O)OC(C/C=C\CCCCCCCCOC(=O)CCN(CCCN(CC)CC)CCC(=O)OCCCCCCCC/C=C\CC(CCCCCC)OC(=O)CCCCCCCCCCCCCCCCC)CCCCCC,JW_2024,JW_2024,2
-2.9868941,0.41428839,CCCCCCCCCCCCCCCCCC(=O)OC(C/C=C\CCCCCCCCOC(=O)CCN(CCCN(CC)CC)CCC(=O)OCCCCCCCC/C=C\CC(CCCCCC)OC(=O)CCCCCCCCCCCCCCCCC)CCCCCC,JW_2024,JW_2024,1
-2.4136724,1.709550314,CCCCCCCCCCCCCCCCCC(=O)OC(C/C=C\CCCCCCCCOC(=O)CCN(CCCN(CC)CC)CCC(=O)OCCCCCCCC/C=C\CC(CCCCCC)OC(=O)CCCCCCCCCCCCCCCCC)CCCCCC,JW_2024,JW_2024,2
-2.8937209,0.261375524,CCCCCCCCCCCCCCCCCC(=O)OC(C/C=C\CCCCCCCCOC(=O)CCN(CCCN(CC)CC)CCC(=O)OCCCCCCCC/C=C\CC(CCCCCC)OC(=O)CCCCCCCCCCCCCCCCC)CCCCCC,JW_2024,JW_2024,1
-3.3125021,0.702124373,CCCCCCCCCCCCCCCCCC(=O)OC(C/C=C\CCCCCCCCOC(=O)CCN(CCCN(CC)CC)CCC(=O)OCCCCCCCC/C=C\CC(CCCCCC)OC(=O)CCCCCCCCCCCCCCCCC)CCCCCC,JW_2024,JW_2024,1
-5.5441823,-1.735486608,CCCCCC/C=C\CCC(=O)OC(C/C=C\CCCCCCCCOC(=O)CCN(CCCn1ccnc1)CCC(=O)OCCCCCCCC/C=C\CC(CCCCCC)OC(=O)CC/C=C\CCCCCC)CCCCCC,JW_2024,JW_2024,0
-5.5705886,-1.429660876,CCCCCC/C=C\CCC(=O)OC(C/C=C\CCCCCCCCOC(=O)CCN(CCCn1ccnc1)CCC(=O)OCCCCCCCC/C=C\CC(CCCCCC)OC(=O)CC/C=C\CCCCCC)CCCCCC,JW_2024,JW_2024,0
-7.83907,-1.483630123,CCCCCC/C=C\CCC(=O)OC(C/C=C\CCCCCCCCOC(=O)CCN(CCCn1ccnc1)CCC(=O)OCCCCCCCC/C=C\CC(CCCCCC)OC(=O)CC/C=C\CCCCCC)CCCCCC,JW_2024,JW_2024,0
-5.314575,-1.681517361,CCCCCC/C=C\CCC(=O)OC(C/C=C\CCCCCCCCOC(=O)CCN(CCCn1ccnc1)CCC(=O)OCCCCCCCC/C=C\CC(CCCCCC)OC(=O)CC/C=C\CCCCCC)CCCCCC,JW_2024,JW_2024,0
-5.1859174,-1.501619872,CCCCCC/C=C\CCC(=O)OC(C/C=C\CCCCCCCCOC(=O)CCN(CCCn1ccnc1)CCC(=O)OCCCCCCCC/C=C\CC(CCCCCC)OC(=O)CC/C=C\CCCCCC)CCCCCC,JW_2024,JW_2024,0
-7.6573787,-2.589999683,CCCCCC/C=C\CCC(=O)OC(C/C=C\CCCCCCCCOC(=O)CCN(CCCn1ccnc1)CCC(=O)OCCCCCCCC/C=C\CC(CCCCCC)OC(=O)CC/C=C\CCCCCC)CCCCCC,JW_2024,JW_2024,0
-6.7978387,-0.997906902,CCCCCC/C=C\CCC(=O)OC(C/C=C\CCCCCCCCOC(=O)CCN(CCCn1ccnc1)CCC(=O)OCCCCCCCC/C=C\CC(CCCCCC)OC(=O)CC/C=C\CCCCCC)CCCCCC,JW_2024,JW_2024,0
-5.4997067,-1.933373846,CCCCCC/C=C\CCC(=O)OC(C/C=C\CCCCCCCCOC(=O)CCN(CCCn1ccnc1)CCC(=O)OCCCCCCCC/C=C\CC(CCCCCC)OC(=O)CC/C=C\CCCCCC)CCCCCC,JW_2024,JW_2024,0
-5.352475,-0.656101672,CCCCCC/C=C\CCC(=O)OC(C/C=C\CCCCCCCCOC(=O)CCN(CCCn1ccnc1)CCC(=O)OCCCCCCCC/C=C\CC(CCCCCC)OC(=O)CC/C=C\CCCCCC)CCCCCC,JW_2024,JW_2024,0
-6.2096057,-1.35770188,CCCCCC/C=C\CCC(=O)OC(C/C=C\CCCCCCCCOC(=O)CCN(CCCn1ccnc1)CCC(=O)OCCCCCCCC/C=C\CC(CCCCCC)OC(=O)CC/C=C\CCCCCC)CCCCCC,JW_2024,JW_2024,0
-7.5761776,-0.26932207,CCCCCC/C=C\CCC(=O)OC(C/C=C\CCCCCCCCOC(=O)CCN(CCCn1ccnc1)CCC(=O)OCCCCCCCC/C=C\CC(CCCCCC)OC(=O)CC/C=C\CCCCCC)CCCCCC,JW_2024,JW_2024,0
-5.438691,-1.573578868,CCCCCC/C=C\CCC(=O)OC(C/C=C\CCCCCCCCOC(=O)CCN(CCCn1ccnc1)CCC(=O)OCCCCCCCC/C=C\CC(CCCCCC)OC(=O)CC/C=C\CCCCCC)CCCCCC,JW_2024,JW_2024,0
-6.043191,-1.294737759,CCCCCC/C=C\CCC(=O)OC(C/C=C\CCCCCCCCOC(=O)CCN(CCCn1ccnc1)CCC(=O)OCCCCCCCC/C=C\CC(CCCCCC)OC(=O)CC/C=C\CCCCCC)CCCCCC,JW_2024,JW_2024,0
-7.8651443,-1.303732634,CCCCCC/C=C\CCC(=O)OC(C/C=C\CCCCCCCCOC(=O)CCN(CCCn1ccnc1)CCC(=O)OCCCCCCCC/C=C\CC(CCCCCC)OC(=O)CC/C=C\CCCCCC)CCCCCC,JW_2024,JW_2024,0
-5.49825,-1.465640374,CCCCCCCCCCCC(=O)OC(C/C=C\CCCCCCCCOC(=O)CCN(CCCn1ccnc1)CCC(=O)OCCCCCCCC/C=C\CC(CCCCCC)OC(=O)CCCCCCCCCCC)CCCCCC,JW_2024,JW_2024,0
-5.6017556,-0.916953031,CCCCCCCCCCCC(=O)OC(C/C=C\CCCCCCCCOC(=O)CCN(CCCn1ccnc1)CCC(=O)OCCCCCCCC/C=C\CC(CCCCCC)OC(=O)CCCCCCCCCCC)CCCCCC,JW_2024,JW_2024,0
-8.015484,-1.168809517,CCCCCCCCCCCC(=O)OC(C/C=C\CCCCCCCCOC(=O)CCN(CCCn1ccnc1)CCC(=O)OCCCCCCCC/C=C\CC(CCCCCC)OC(=O)CCCCCCCCCCC)CCCCCC,JW_2024,JW_2024,0
-5.5162983,-0.979917153,CCCCCCCCCCCC(=O)OC(C/C=C\CCCCCCCCOC(=O)CCN(CCCn1ccnc1)CCC(=O)OCCCCCCCC/C=C\CC(CCCCCC)OC(=O)CCCCCCCCCCC)CCCCCC,JW_2024,JW_2024,0
-5.376583,-1.582573742,CCCCCCCCCCCC(=O)OC(C/C=C\CCCCCCCCOC(=O)CCN(CCCn1ccnc1)CCC(=O)OCCCCCCCC/C=C\CC(CCCCCC)OC(=O)CCCCCCCCCCC)CCCCCC,JW_2024,JW_2024,0
-7.66389,-1.762471232,CCCCCCCCCCCC(=O)OC(C/C=C\CCCCCCCCOC(=O)CCN(CCCn1ccnc1)CCC(=O)OCCCCCCCC/C=C\CC(CCCCCC)OC(=O)CCCCCCCCCCC)CCCCCC,JW_2024,JW_2024,0
-6.5834203,-0.485199057,CCCCCCCCCCCC(=O)OC(C/C=C\CCCCCCCCOC(=O)CCN(CCCn1ccnc1)CCC(=O)OCCCCCCCC/C=C\CC(CCCCCC)OC(=O)CCCCCCCCCCC)CCCCCC,JW_2024,JW_2024,0
-5.9154153,-0.395250312,CCCCCCCCCCCC(=O)OC(C/C=C\CCCCCCCCOC(=O)CCN(CCCn1ccnc1)CCC(=O)OCCCCCCCC/C=C\CC(CCCCCC)OC(=O)CCCCCCCCCCC)CCCCCC,JW_2024,JW_2024,0
-5.6938415,0.522226884,CCCCCCCCCCCC(=O)OC(C/C=C\CCCCCCCCOC(=O)CCN(CCCn1ccnc1)CCC(=O)OCCCCCCCC/C=C\CC(CCCCCC)OC(=O)CCCCCCCCCCC)CCCCCC,JW_2024,JW_2024,1
-6.104645,-1.069865897,CCCCCCCCCCCC(=O)OC(C/C=C\CCCCCCCCOC(=O)CCN(CCCn1ccnc1)CCC(=O)OCCCCCCCC/C=C\CC(CCCCCC)OC(=O)CCCCCCCCCCC)CCCCCC,JW_2024,JW_2024,0
-8.024769,0.711119248,CCCCCCCCCCCC(=O)OC(C/C=C\CCCCCCCCOC(=O)CCN(CCCn1ccnc1)CCC(=O)OCCCCCCCC/C=C\CC(CCCCCC)OC(=O)CCCCCCCCCCC)CCCCCC,JW_2024,JW_2024,1
-5.29009,-0.871978659,CCCCCCCCCCCC(=O)OC(C/C=C\CCCCCCCCOC(=O)CCN(CCCn1ccnc1)CCC(=O)OCCCCCCCC/C=C\CC(CCCCCC)OC(=O)CCCCCCCCCCC)CCCCCC,JW_2024,JW_2024,0
-5.896774,-1.465640374,CCCCCCCCCCCC(=O)OC(C/C=C\CCCCCCCCOC(=O)CCN(CCCn1ccnc1)CCC(=O)OCCCCCCCC/C=C\CC(CCCCCC)OC(=O)CCCCCCCCCCC)CCCCCC,JW_2024,JW_2024,0
-8.003245,0.207406277,CCCCCCCCCCCC(=O)OC(C/C=C\CCCCCCCCOC(=O)CCN(CCCn1ccnc1)CCC(=O)OCCCCCCCC/C=C\CC(CCCCCC)OC(=O)CCCCCCCCCCC)CCCCCC,JW_2024,JW_2024,1
-5.9336023,-1.564583993,CCCCCCCCCCCCCCCCCC(=O)OC(C/C=C\CCCCCCCCOC(=O)CCN(CCCn1ccnc1)CCC(=O)OCCCCCCCC/C=C\CC(CCCCCC)OC(=O)CCCCCCCCCCCCCCCCC)CCCCCC,JW_2024,JW_2024,0
-5.1750255,0.090472909,CCCCCCCCCCCCCCCCCC(=O)OC(C/C=C\CCCCCCCCOC(=O)CCN(CCCn1ccnc1)CCC(=O)OCCCCCCCC/C=C\CC(CCCCCC)OC(=O)CCCCCCCCCCCCCCCCC)CCCCCC,JW_2024,JW_2024,1
-6.7065845,-0.215352823,CCCCCCCCCCCCCCCCCC(=O)OC(C/C=C\CCCCCCCCOC(=O)CCN(CCCn1ccnc1)CCC(=O)OCCCCCCCC/C=C\CC(CCCCCC)OC(=O)CCCCCCCCCCCCCCCCC)CCCCCC,JW_2024,JW_2024,0
-6.0338187,-0.943937655,CCCCCCCCCCCCCCCCCC(=O)OC(C/C=C\CCCCCCCCOC(=O)CCN(CCCn1ccnc1)CCC(=O)OCCCCCCCC/C=C\CC(CCCCCC)OC(=O)CCCCCCCCCCCCCCCCC)CCCCCC,JW_2024,JW_2024,0
-6.2046213,-1.726491734,CCCCCCCCCCCCCCCCCC(=O)OC(C/C=C\CCCCCCCCOC(=O)CCN(CCCn1ccnc1)CCC(=O)OCCCCCCCC/C=C\CC(CCCCCC)OC(=O)CCCCCCCCCCCCCCCCC)CCCCCC,JW_2024,JW_2024,0
-6.8752704,-1.528604495,CCCCCCCCCCCCCCCCCC(=O)OC(C/C=C\CCCCCCCCOC(=O)CCN(CCCn1ccnc1)CCC(=O)OCCCCCCCC/C=C\CC(CCCCCC)OC(=O)CCCCCCCCCCCCCCCCC)CCCCCC,JW_2024,JW_2024,0
-7.0476704,-0.341281065,CCCCCCCCCCCCCCCCCC(=O)OC(C/C=C\CCCCCCCCOC(=O)CCN(CCCn1ccnc1)CCC(=O)OCCCCCCCC/C=C\CC(CCCCCC)OC(=O)CCCCCCCCCCCCCCCCC)CCCCCC,JW_2024,JW_2024,0
-6.0994473,-0.053445082,CCCCCCCCCCCCCCCCCC(=O)OC(C/C=C\CCCCCCCCOC(=O)CCN(CCCn1ccnc1)CCC(=O)OCCCCCCCC/C=C\CC(CCCCCC)OC(=O)CCCCCCCCCCCCCCCCC)CCCCCC,JW_2024,JW_2024,0
-5.2225337,0.531221758,CCCCCCCCCCCCCCCCCC(=O)OC(C/C=C\CCCCCCCCOC(=O)CCN(CCCn1ccnc1)CCC(=O)OCCCCCCCC/C=C\CC(CCCCCC)OC(=O)CCCCCCCCCCCCCCCCC)CCCCCC,JW_2024,JW_2024,1
-6.2460294,-0.701076044,CCCCCCCCCCCCCCCCCC(=O)OC(C/C=C\CCCCCCCCOC(=O)CCN(CCCn1ccnc1)CCC(=O)OCCCCCCCC/C=C\CC(CCCCCC)OC(=O)CCCCCCCCCCCCCCCCC)CCCCCC,JW_2024,JW_2024,0
-6.8975744,0.621170503,CCCCCCCCCCCCCCCCCC(=O)OC(C/C=C\CCCCCCCCOC(=O)CCN(CCCn1ccnc1)CCC(=O)OCCCCCCCC/C=C\CC(CCCCCC)OC(=O)CCCCCCCCCCCCCCCCC)CCCCCC,JW_2024,JW_2024,1
-5.4525285,-0.943937655,CCCCCCCCCCCCCCCCCC(=O)OC(C/C=C\CCCCCCCCOC(=O)CCN(CCCn1ccnc1)CCC(=O)OCCCCCCCC/C=C\CC(CCCCCC)OC(=O)CCCCCCCCCCCCCCCCC)CCCCCC,JW_2024,JW_2024,0
-6.0278187,-1.060871023,CCCCCCCCCCCCCCCCCC(=O)OC(C/C=C\CCCCCCCCOC(=O)CCN(CCCn1ccnc1)CCC(=O)OCCCCCCCC/C=C\CC(CCCCCC)OC(=O)CCCCCCCCCCCCCCCCC)CCCCCC,JW_2024,JW_2024,0
-7.1109686,-0.395250312,CCCCCCCCCCCCCCCCCC(=O)OC(C/C=C\CCCCCCCCOC(=O)CCN(CCCn1ccnc1)CCC(=O)OCCCCCCCC/C=C\CC(CCCCCC)OC(=O)CCCCCCCCCCCCCCCCC)CCCCCC,JW_2024,JW_2024,0
-5.4011426,-1.411671127,CCCCCCCC/C=C\CCCCCCCC(=O)OC(C/C=C\CCCCCCCCOC(=O)CCN(CCCn1ccnc1)CCC(=O)OCCCCCCCC/C=C\CC(CCCCCC)OC(=O)CCCCCCC/C=C\CCCCCCCC)CCCCCC,JW_2024,JW_2024,0
-4.85069,-0.683086295,CCCCCCCC/C=C\CCCCCCCC(=O)OC(C/C=C\CCCCCCCCOC(=O)CCN(CCCn1ccnc1)CCC(=O)OCCCCCCCC/C=C\CC(CCCCCC)OC(=O)CCCCCCC/C=C\CCCCCCCC)CCCCCC,JW_2024,JW_2024,0
-5.930999,-0.395250312,CCCCCCCC/C=C\CCCCCCCC(=O)OC(C/C=C\CCCCCCCCOC(=O)CCN(CCCn1ccnc1)CCC(=O)OCCCCCCCC/C=C\CC(CCCCCC)OC(=O)CCCCCCC/C=C\CCCCCCCC)CCCCCC,JW_2024,JW_2024,0
-5.4083986,-1.35770188,CCCCCCCC/C=C\CCCCCCCC(=O)OC(C/C=C\CCCCCCCCOC(=O)CCN(CCCn1ccnc1)CCC(=O)OCCCCCCCC/C=C\CC(CCCCCC)OC(=O)CCCCCCC/C=C\CCCCCCCC)CCCCCC,JW_2024,JW_2024,0
-6.044139,-1.384686504,CCCCCCCC/C=C\CCCCCCCC(=O)OC(C/C=C\CCCCCCCCOC(=O)CCN(CCCn1ccnc1)CCC(=O)OCCCCCCCC/C=C\CC(CCCCCC)OC(=O)CCCCCCC/C=C\CCCCCCCC)CCCCCC,JW_2024,JW_2024,0
-6.0854445,-2.059302089,CCCCCCCC/C=C\CCCCCCCC(=O)OC(C/C=C\CCCCCCCCOC(=O)CCN(CCCn1ccnc1)CCC(=O)OCCCCCCCC/C=C\CC(CCCCCC)OC(=O)CCCCCCC/C=C\CCCCCCCC)CCCCCC,JW_2024,JW_2024,0
-6.065494,-0.871978659,CCCCCCCC/C=C\CCCCCCCC(=O)OC(C/C=C\CCCCCCCCOC(=O)CCN(CCCn1ccnc1)CCC(=O)OCCCCCCCC/C=C\CC(CCCCCC)OC(=O)CCCCCCC/C=C\CCCCCCCC)CCCCCC,JW_2024,JW_2024,0
-6.2112,-1.015896651,CCCCCCCC/C=C\CCCCCCCC(=O)OC(C/C=C\CCCCCCCCOC(=O)CCN(CCCn1ccnc1)CCC(=O)OCCCCCCCC/C=C\CC(CCCCCC)OC(=O)CCCCCCC/C=C\CCCCCCCC)CCCCCC,JW_2024,JW_2024,0
-5.2913637,0.369314018,CCCCCCCC/C=C\CCCCCCCC(=O)OC(C/C=C\CCCCCCCCOC(=O)CCN(CCCn1ccnc1)CCC(=O)OCCCCCCCC/C=C\CC(CCCCCC)OC(=O)CCCCCCC/C=C\CCCCCCCC)CCCCCC,JW_2024,JW_2024,1
-6.325316,-1.303732634,CCCCCCCC/C=C\CCCCCCCC(=O)OC(C/C=C\CCCCCCCCOC(=O)CCN(CCCn1ccnc1)CCC(=O)OCCCCCCCC/C=C\CC(CCCCCC)OC(=O)CCCCCCC/C=C\CCCCCCCC)CCCCCC,JW_2024,JW_2024,0
-6.0976806,0.83704749,CCCCCCCC/C=C\CCCCCCCC(=O)OC(C/C=C\CCCCCCCCOC(=O)CCN(CCCn1ccnc1)CCC(=O)OCCCCCCCC/C=C\CC(CCCCCC)OC(=O)CCCCCCC/C=C\CCCCCCCC)CCCCCC,JW_2024,JW_2024,1
-5.641213,-1.015896651,CCCCCCCC/C=C\CCCCCCCC(=O)OC(C/C=C\CCCCCCCCOC(=O)CCN(CCCn1ccnc1)CCC(=O)OCCCCCCCC/C=C\CC(CCCCCC)OC(=O)CCCCCCC/C=C\CCCCCCCC)CCCCCC,JW_2024,JW_2024,0
-6.132902,-1.348707006,CCCCCCCC/C=C\CCCCCCCC(=O)OC(C/C=C\CCCCCCCCOC(=O)CCN(CCCn1ccnc1)CCC(=O)OCCCCCCCC/C=C\CC(CCCCCC)OC(=O)CCCCCCC/C=C\CCCCCCCC)CCCCCC,JW_2024,JW_2024,0
-6.2427735,-0.467209308,CCCCCCCC/C=C\CCCCCCCC(=O)OC(C/C=C\CCCCCCCCOC(=O)CCN(CCCn1ccnc1)CCC(=O)OCCCCCCCC/C=C\CC(CCCCCC)OC(=O)CCCCCCC/C=C\CCCCCCCC)CCCCCC,JW_2024,JW_2024,0
-5.051523,-1.726491734,CCCCCCCC/C=C\CCCCCCCC(=O)OC(C/C=C\CCCCCCCCOC(=O)CCN(CCC(=O)OCCCCCCCC/C=C\CC(CCCCCC)OC(=O)CCCCCCC/C=C\CCCCCCCC)CCc1ccncc1)CCCCCC,JW_2024,JW_2024,0
-4.7768393,-0.476204182,CCCCCCCC/C=C\CCCCCCCC(=O)OC(C/C=C\CCCCCCCCOC(=O)CCN(CCC(=O)OCCCCCCCC/C=C\CC(CCCCCC)OC(=O)CCCCCCC/C=C\CCCCCCCC)CCc1ccncc1)CCCCCC,JW_2024,JW_2024,0
-6.0242853,0.162431905,CCCCCCCC/C=C\CCCCCCCC(=O)OC(C/C=C\CCCCCCCCOC(=O)CCN(CCC(=O)OCCCCCCCC/C=C\CC(CCCCCC)OC(=O)CCCCCCC/C=C\CCCCCCCC)CCc1ccncc1)CCCCCC,JW_2024,JW_2024,1
-5.05878,-0.467209308,CCCCCCCC/C=C\CCCCCCCC(=O)OC(C/C=C\CCCCCCCCOC(=O)CCN(CCC(=O)OCCCCCCCC/C=C\CC(CCCCCC)OC(=O)CCCCCCC/C=C\CCCCCCCC)CCc1ccncc1)CCCCCC,JW_2024,JW_2024,0
-5.5193586,-1.321722383,CCCCCCCC/C=C\CCCCCCCC(=O)OC(C/C=C\CCCCCCCCOC(=O)CCN(CCC(=O)OCCCCCCCC/C=C\CC(CCCCCC)OC(=O)CCCCCCC/C=C\CCCCCCCC)CCc1ccncc1)CCCCCC,JW_2024,JW_2024,0
-6.1135006,-1.519609621,CCCCCCCC/C=C\CCCCCCCC(=O)OC(C/C=C\CCCCCCCCOC(=O)CCN(CCC(=O)OCCCCCCCC/C=C\CC(CCCCCC)OC(=O)CCCCCCC/C=C\CCCCCCCC)CCc1ccncc1)CCCCCC,JW_2024,JW_2024,0
-5.7567344,0.117457533,CCCCCCCC/C=C\CCCCCCCC(=O)OC(C/C=C\CCCCCCCCOC(=O)CCN(CCC(=O)OCCCCCCCC/C=C\CC(CCCCCC)OC(=O)CCCCCCC/C=C\CCCCCCCC)CCc1ccncc1)CCCCCC,JW_2024,JW_2024,1
-5.736764,-0.43122981,CCCCCCCC/C=C\CCCCCCCC(=O)OC(C/C=C\CCCCCCCCOC(=O)CCN(CCC(=O)OCCCCCCCC/C=C\CC(CCCCCC)OC(=O)CCCCCCC/C=C\CCCCCCCC)CCc1ccncc1)CCCCCC,JW_2024,JW_2024,0
-5.3727317,0.594185879,CCCCCCCC/C=C\CCCCCCCC(=O)OC(C/C=C\CCCCCCCCOC(=O)CCN(CCC(=O)OCCCCCCCC/C=C\CC(CCCCCC)OC(=O)CCCCCCC/C=C\CCCCCCCC)CCc1ccncc1)CCCCCC,JW_2024,JW_2024,1
-5.788224,-1.258758261,CCCCCCCC/C=C\CCCCCCCC(=O)OC(C/C=C\CCCCCCCCOC(=O)CCN(CCC(=O)OCCCCCCCC/C=C\CC(CCCCCC)OC(=O)CCCCCCC/C=C\CCCCCCCC)CCc1ccncc1)CCCCCC,JW_2024,JW_2024,0
-6.167971,0.801067992,CCCCCCCC/C=C\CCCCCCCC(=O)OC(C/C=C\CCCCCCCCOC(=O)CCN(CCC(=O)OCCCCCCCC/C=C\CC(CCCCCC)OC(=O)CCCCCCC/C=C\CCCCCCCC)CCc1ccncc1)CCCCCC,JW_2024,JW_2024,1
-5.3650784,-1.015896651,CCCCCCCC/C=C\CCCCCCCC(=O)OC(C/C=C\CCCCCCCCOC(=O)CCN(CCC(=O)OCCCCCCCC/C=C\CC(CCCCCC)OC(=O)CCCCCCC/C=C\CCCCCCCC)CCc1ccncc1)CCCCCC,JW_2024,JW_2024,0
-5.6283345,-1.438655751,CCCCCCCC/C=C\CCCCCCCC(=O)OC(C/C=C\CCCCCCCCOC(=O)CCN(CCC(=O)OCCCCCCCC/C=C\CC(CCCCCC)OC(=O)CCCCCCC/C=C\CCCCCCCC)CCc1ccncc1)CCCCCC,JW_2024,JW_2024,0
-6.201522,-1.0338864,CCCCCCCC/C=C\CCCCCCCC(=O)OC(C/C=C\CCCCCCCCOC(=O)CCN(CCC(=O)OCCCCCCCC/C=C\CC(CCCCCC)OC(=O)CCCCCCC/C=C\CCCCCCCC)CCc1ccncc1)CCCCCC,JW_2024,JW_2024,0
-4.994405,-0.00847071,CCCCCCCC/C=C\CCCCCCCC(=O)OC(C/C=C\CCCCCCCCOC(=O)CCN(CCC(=O)OCCCCCCCC/C=C\CC(CCCCCC)OC(=O)CCCCCCC/C=C\CCCCCCCC)CCN1CCCC1)CCCCCC,JW_2024,JW_2024,0
-4.1916947,-0.152388702,CCCCCCCC/C=C\CCCCCCCC(=O)OC(C/C=C\CCCCCCCCOC(=O)CCN(CCC(=O)OCCCCCCCC/C=C\CC(CCCCCC)OC(=O)CCCCCCC/C=C\CCCCCCCC)CCN1CCCC1)CCCCCC,JW_2024,JW_2024,0
-4.6029325,0.558206382,CCCCCCCC/C=C\CCCCCCCC(=O)OC(C/C=C\CCCCCCCCOC(=O)CCN(CCC(=O)OCCCCCCCC/C=C\CC(CCCCCC)OC(=O)CCCCCCC/C=C\CCCCCCCC)CCN1CCCC1)CCCCCC,JW_2024,JW_2024,1
-4.904615,0.729108996,CCCCCCCC/C=C\CCCCCCCC(=O)OC(C/C=C\CCCCCCCCOC(=O)CCN(CCC(=O)OCCCCCCCC/C=C\CC(CCCCCC)OC(=O)CCCCCCC/C=C\CCCCCCCC)CCN1CCCC1)CCCCCC,JW_2024,JW_2024,1
-5.69128,-0.017465585,CCCCCCCC/C=C\CCCCCCCC(=O)OC(C/C=C\CCCCCCCCOC(=O)CCN(CCC(=O)OCCCCCCCC/C=C\CC(CCCCCC)OC(=O)CCCCCCC/C=C\CCCCCCCC)CCN1CCCC1)CCCCCC,JW_2024,JW_2024,0
-4.7329545,-0.026460459,CCCCCCCC/C=C\CCCCCCCC(=O)OC(C/C=C\CCCCCCCCOC(=O)CCN(CCC(=O)OCCCCCCCC/C=C\CC(CCCCCC)OC(=O)CCCCCCC/C=C\CCCCCCCC)CCN1CCCC1)CCCCCC,JW_2024,JW_2024,0
-5.3827925,1.547642573,CCCCCCCC/C=C\CCCCCCCC(=O)OC(C/C=C\CCCCCCCCOC(=O)CCN(CCC(=O)OCCCCCCCC/C=C\CC(CCCCCC)OC(=O)CCCCCCC/C=C\CCCCCCCC)CCN1CCCC1)CCCCCC,JW_2024,JW_2024,2
-5.5439415,-0.952932529,CCCCCCCC/C=C\CCCCCCCC(=O)OC(C/C=C\CCCCCCCCOC(=O)CCN(CCC(=O)OCCCCCCCC/C=C\CC(CCCCCC)OC(=O)CCCCCCC/C=C\CCCCCCCC)CCN1CCCC1)CCCCCC,JW_2024,JW_2024,0
-4.6227727,1.376739958,CCCCCCCC/C=C\CCCCCCCC(=O)OC(C/C=C\CCCCCCCCOC(=O)CCN(CCC(=O)OCCCCCCCC/C=C\CC(CCCCCC)OC(=O)CCCCCCC/C=C\CCCCCCCC)CCN1CCCC1)CCCCCC,JW_2024,JW_2024,2
-5.473569,1.034934728,CCCCCCCC/C=C\CCCCCCCC(=O)OC(C/C=C\CCCCCCCCOC(=O)CCN(CCC(=O)OCCCCCCCC/C=C\CC(CCCCCC)OC(=O)CCCCCCC/C=C\CCCCCCCC)CCN1CCCC1)CCCCCC,JW_2024,JW_2024,1
-4.864504,1.142873222,CCCCCCCC/C=C\CCCCCCCC(=O)OC(C/C=C\CCCCCCCCOC(=O)CCN(CCC(=O)OCCCCCCCC/C=C\CC(CCCCCC)OC(=O)CCCCCCC/C=C\CCCCCCCC)CCN1CCCC1)CCCCCC,JW_2024,JW_2024,1
-4.932826,-0.143393827,CCCCCCCC/C=C\CCCCCCCC(=O)OC(C/C=C\CCCCCCCCOC(=O)CCN(CCC(=O)OCCCCCCCC/C=C\CC(CCCCCC)OC(=O)CCCCCCC/C=C\CCCCCCCC)CCN1CCCC1)CCCCCC,JW_2024,JW_2024,0
-5.3597474,-0.251332321,CCCCCCCC/C=C\CCCCCCCC(=O)OC(C/C=C\CCCCCCCCOC(=O)CCN(CCC(=O)OCCCCCCCC/C=C\CC(CCCCCC)OC(=O)CCCCCCC/C=C\CCCCCCCC)CCN1CCCC1)CCCCCC,JW_2024,JW_2024,0
-4.9134674,0.657150001,CCCCCCCC/C=C\CCCCCCCC(=O)OC(C/C=C\CCCCCCCCOC(=O)CCN(CCC(=O)OCCCCCCCC/C=C\CC(CCCCCC)OC(=O)CCCCCCC/C=C\CCCCCCCC)CCN1CCCC1)CCCCCC,JW_2024,JW_2024,1
-5.4149027,-0.341281065,CCCCCCCC/C=C\CCCCCCCC(=O)OC(C/C=C\CCCCCCCCOC(=O)CCN(CCC(=O)OCCCCCCCC/C=C\CC(CCCCCC)OC(=O)CCCCCCC/C=C\CCCCCCCC)CCN1CCCC1)CCCCCC,JW_2024,JW_2024,0
-5.683378,-0.206357948,CCCCCCCC/C=C\CCCCCCCC(=O)OC(C/C=C\CCCCCCCCOC(=O)CCN(CCC(=O)OCCCCCCCC/C=C\CC(CCCCCC)OC(=O)CCCCCCC/C=C\CCCCCCCC)CCN1CCCC1)CCCCCC,JW_2024,JW_2024,0
-5.752698,0.909006486,CCCCCCCC/C=C\CCCCCCCC(=O)OC(C/C=C\CCCCCCCCOC(=O)CCN(CCC(=O)OCCCCCCCC/C=C\CC(CCCCCC)OC(=O)CCCCCCC/C=C\CCCCCCCC)CCN1CCCC1)CCCCCC,JW_2024,JW_2024,1
-5.7559266,1.151868096,CCCCCCCC/C=C\CCCCCCCC(=O)OC(C/C=C\CCCCCCCCOC(=O)CCN(CCC(=O)OCCCCCCCC/C=C\CC(CCCCCC)OC(=O)CCCCCCC/C=C\CCCCCCCC)CCN1CCCC1)CCCCCC,JW_2024,JW_2024,1
-4.8611116,1.439704079,CCCCCCCC/C=C\CCCCCCCC(=O)OC(C/C=C\CCCCCCCCOC(=O)CCN(CCC(=O)OCCCCCCCC/C=C\CC(CCCCCC)OC(=O)CCCCCCC/C=C\CCCCCCCC)CCN1CCCC1)CCCCCC,JW_2024,JW_2024,2
-4.9480567,1.826483682,CCCCCCCC/C=C\CCCCCCCC(=O)OC(C/C=C\CCCCCCCCOC(=O)CCN(CCC(=O)OCCCCCCCC/C=C\CC(CCCCCC)OC(=O)CCCCCCC/C=C\CCCCCCCC)CCN1CCCC1)CCCCCC,JW_2024,JW_2024,2
-4.9983687,0.324339645,CCCCCCCC/C=C\CCCCCCCC(=O)OC(C/C=C\CCCCCCCCOC(=O)CCN(CCC(=O)OCCCCCCCC/C=C\CC(CCCCCC)OC(=O)CCCCCCC/C=C\CCCCCCCC)CCN1CCCC1)CCCCCC,JW_2024,JW_2024,1
-5.2875414,0.962975733,CCCCCCCC/C=C\CCCCCCCC(=O)OC(C/C=C\CCCCCCCCOC(=O)CCN(CCC(=O)OCCCCCCCC/C=C\CC(CCCCCC)OC(=O)CCCCCCC/C=C\CCCCCCCC)CCN1CCCC1)CCCCCC,JW_2024,JW_2024,1
-5.4289,0.67513975,CCCCCCCC/C=C\CCCCCCCC(=O)OC(C/C=C\CCCCCCCCOC(=O)CCN(CCC(=O)OCCCCCCCC/C=C\CC(CCCCCC)OC(=O)CCCCCCC/C=C\CCCCCCCC)CCN1CCCC1)CCCCCC,JW_2024,JW_2024,1
-6.461943,0.900011611,CCCCCCCC/C=C\CCCCCCCC(=O)OC(C/C=C\CCCCCCCCOC(=O)CCN(CCC(=O)OCCCCCCCC/C=C\CC(CCCCCC)OC(=O)CCCCCCC/C=C\CCCCCCCC)CCN1CCCC1)CCCCCC,JW_2024,JW_2024,1
-4.0128465,-1.087855646,CCCCCCCC/C=C\CCCCCCCC(=O)OC(C/C=C\CCCCCCCCOC(=O)CCN(CCC(=O)OCCCCCCCC/C=C\CC(CCCCCC)OC(=O)CCCCCCC/C=C\CCCCCCCC)CCN1CCOCC1)CCCCCC,JW_2024,JW_2024,0
-3.415374,-1.294737759,CCCCCCCC/C=C\CCCCCCCC(=O)OC(C/C=C\CCCCCCCCOC(=O)CCN(CCC(=O)OCCCCCCCC/C=C\CC(CCCCCC)OC(=O)CCCCCCC/C=C\CCCCCCCC)CCN1CCOCC1)CCCCCC,JW_2024,JW_2024,0
-4.4402876,-0.449219559,CCCCCCCC/C=C\CCCCCCCC(=O)OC(C/C=C\CCCCCCCCOC(=O)CCN(CCC(=O)OCCCCCCCC/C=C\CC(CCCCCC)OC(=O)CCCCCCC/C=C\CCCCCCCC)CCN1CCOCC1)CCCCCC,JW_2024,JW_2024,0
-4.0201035,-0.359270814,CCCCCCCC/C=C\CCCCCCCC(=O)OC(C/C=C\CCCCCCCCOC(=O)CCN(CCC(=O)OCCCCCCCC/C=C\CC(CCCCCC)OC(=O)CCCCCCC/C=C\CCCCCCCC)CCN1CCOCC1)CCCCCC,JW_2024,JW_2024,0
-4.1894293,-1.024891525,CCCCCCCC/C=C\CCCCCCCC(=O)OC(C/C=C\CCCCCCCCOC(=O)CCN(CCC(=O)OCCCCCCCC/C=C\CC(CCCCCC)OC(=O)CCCCCCC/C=C\CCCCCCCC)CCN1CCOCC1)CCCCCC,JW_2024,JW_2024,0
-4.466917,-0.530173429,CCCCCCCC/C=C\CCCCCCCC(=O)OC(C/C=C\CCCCCCCCOC(=O)CCN(CCC(=O)OCCCCCCCC/C=C\CC(CCCCCC)OC(=O)CCCCCCC/C=C\CCCCCCCC)CCN1CCOCC1)CCCCCC,JW_2024,JW_2024,0
-4.940757,-0.017465585,CCCCCCCC/C=C\CCCCCCCC(=O)OC(C/C=C\CCCCCCCCOC(=O)CCN(CCC(=O)OCCCCCCCC/C=C\CC(CCCCCC)OC(=O)CCCCCCC/C=C\CCCCCCCC)CCN1CCOCC1)CCCCCC,JW_2024,JW_2024,0
-4.3404737,-2.014327717,CCCCCCCC/C=C\CCCCCCCC(=O)OC(C/C=C\CCCCCCCCOC(=O)CCN(CCC(=O)OCCCCCCCC/C=C\CC(CCCCCC)OC(=O)CCCCCCC/C=C\CCCCCCCC)CCN1CCOCC1)CCCCCC,JW_2024,JW_2024,0
-3.96298,-0.557158053,CCCCCCCC/C=C\CCCCCCCC(=O)OC(C/C=C\CCCCCCCCOC(=O)CCN(CCC(=O)OCCCCCCCC/C=C\CC(CCCCCC)OC(=O)CCCCCCC/C=C\CCCCCCCC)CCN1CCOCC1)CCCCCC,JW_2024,JW_2024,0
-4.386355,-0.485199057,CCCCCCCC/C=C\CCCCCCCC(=O)OC(C/C=C\CCCCCCCCOC(=O)CCN(CCC(=O)OCCCCCCCC/C=C\CC(CCCCCC)OC(=O)CCCCCCC/C=C\CCCCCCCC)CCN1CCOCC1)CCCCCC,JW_2024,JW_2024,0
-4.5942454,0.261375524,CCCCCCCC/C=C\CCCCCCCC(=O)OC(C/C=C\CCCCCCCCOC(=O)CCN(CCC(=O)OCCCCCCCC/C=C\CC(CCCCCC)OC(=O)CCCCCCC/C=C\CCCCCCCC)CCN1CCOCC1)CCCCCC,JW_2024,JW_2024,1
-3.8427246,-1.555589119,CCCCCCCC/C=C\CCCCCCCC(=O)OC(C/C=C\CCCCCCCCOC(=O)CCN(CCC(=O)OCCCCCCCC/C=C\CC(CCCCCC)OC(=O)CCCCCCC/C=C\CCCCCCCC)CCN1CCOCC1)CCCCCC,JW_2024,JW_2024,0
-4.253521,-1.231773638,CCCCCCCC/C=C\CCCCCCCC(=O)OC(C/C=C\CCCCCCCCOC(=O)CCN(CCC(=O)OCCCCCCCC/C=C\CC(CCCCCC)OC(=O)CCCCCCC/C=C\CCCCCCCC)CCN1CCOCC1)CCCCCC,JW_2024,JW_2024,0
-4.614775,-0.143393827,CCCCCCCC/C=C\CCCCCCCC(=O)OC(C/C=C\CCCCCCCCOC(=O)CCN(CCC(=O)OCCCCCCCC/C=C\CC(CCCCCC)OC(=O)CCCCCCC/C=C\CCCCCCCC)CCN1CCOCC1)CCCCCC,JW_2024,JW_2024,0
-2.4010673,-0.521178555,CCCCCCCC/C=C\CCCCCCCC(=O)OC(C/C=C\CCCCCCCCOC(=O)CCN(CCCN(CC)CC)CCC(=O)OCCCCCCCC/C=C\CC(CCCCCC)OC(=O)CCCCCCC/C=C\CCCCCCCC)CCCCCC,JW_2024,JW_2024,0
-2.3522522,-0.017465585,CCCCCCCC/C=C\CCCCCCCC(=O)OC(C/C=C\CCCCCCCCOC(=O)CCN(CCCN(CC)CC)CCC(=O)OCCCCCCCC/C=C\CC(CCCCCC)OC(=O)CCCCCCC/C=C\CCCCCCCC)CCCCCC,JW_2024,JW_2024,0
-2.8816538,-0.287311819,CCCCCCCC/C=C\CCCCCCCC(=O)OC(C/C=C\CCCCCCCCOC(=O)CCN(CCCN(CC)CC)CCC(=O)OCCCCCCCC/C=C\CC(CCCCCC)OC(=O)CCCCCCC/C=C\CCCCCCCC)CCCCCC,JW_2024,JW_2024,0
-2.311277,-0.440224685,CCCCCCCC/C=C\CCCCCCCC(=O)OC(C/C=C\CCCCCCCCOC(=O)CCN(CCCN(CC)CC)CCC(=O)OCCCCCCCC/C=C\CC(CCCCCC)OC(=O)CCCCCCC/C=C\CCCCCCCC)CCCCCC,JW_2024,JW_2024,0
-2.6704135,0.558206382,CCCCCCCC/C=C\CCCCCCCC(=O)OC(C/C=C\CCCCCCCCOC(=O)CCN(CCCN(CC)CC)CCC(=O)OCCCCCCCC/C=C\CC(CCCCCC)OC(=O)CCCCCCC/C=C\CCCCCCCC)CCCCCC,JW_2024,JW_2024,1
-3.1166549,-0.413240061,CCCCCCCC/C=C\CCCCCCCC(=O)OC(C/C=C\CCCCCCCCOC(=O)CCN(CCCN(CC)CC)CCC(=O)OCCCCCCCC/C=C\CC(CCCCCC)OC(=O)CCCCCCC/C=C\CCCCCCCC)CCCCCC,JW_2024,JW_2024,0
-3.210197,0.873026988,CCCCCCCC/C=C\CCCCCCCC(=O)OC(C/C=C\CCCCCCCCOC(=O)CCN(CCCN(CC)CC)CCC(=O)OCCCCCCCC/C=C\CC(CCCCCC)OC(=O)CCCCCCC/C=C\CCCCCCCC)CCCCCC,JW_2024,JW_2024,1
-3.3434303,-0.889968408,CCCCCCCC/C=C\CCCCCCCC(=O)OC(C/C=C\CCCCCCCCOC(=O)CCN(CCCN(CC)CC)CCC(=O)OCCCCCCCC/C=C\CC(CCCCCC)OC(=O)CCCCCCC/C=C\CCCCCCCC)CCCCCC,JW_2024,JW_2024,0
-2.8052225,1.547642573,CCCCCCCC/C=C\CCCCCCCC(=O)OC(C/C=C\CCCCCCCCOC(=O)CCN(CCCN(CC)CC)CCC(=O)OCCCCCCCC/C=C\CC(CCCCCC)OC(=O)CCCCCCC/C=C\CCCCCCCC)CCCCCC,JW_2024,JW_2024,2
-3.267445,-0.062439957,CCCCCCCC/C=C\CCCCCCCC(=O)OC(C/C=C\CCCCCCCCOC(=O)CCN(CCCN(CC)CC)CCC(=O)OCCCCCCCC/C=C\CC(CCCCCC)OC(=O)CCCCCCC/C=C\CCCCCCCC)CCCCCC,JW_2024,JW_2024,0
-3.1889572,1.439704079,CCCCCCCC/C=C\CCCCCCCC(=O)OC(C/C=C\CCCCCCCCOC(=O)CCN(CCCN(CC)CC)CCC(=O)OCCCCCCCC/C=C\CC(CCCCCC)OC(=O)CCCCCCC/C=C\CCCCCCCC)CCCCCC,JW_2024,JW_2024,2
-2.9011965,0.243385775,CCCCCCCC/C=C\CCCCCCCC(=O)OC(C/C=C\CCCCCCCCOC(=O)CCN(CCCN(CC)CC)CCC(=O)OCCCCCCCC/C=C\CC(CCCCCC)OC(=O)CCCCCCC/C=C\CCCCCCCC)CCCCCC,JW_2024,JW_2024,1
-3.1555102,-0.08942458,CCCCCCCC/C=C\CCCCCCCC(=O)OC(C/C=C\CCCCCCCCOC(=O)CCN(CCCN(CC)CC)CCC(=O)OCCCCCCCC/C=C\CC(CCCCCC)OC(=O)CCCCCCC/C=C\CCCCCCCC)CCCCCC,JW_2024,JW_2024,0
-3.2430475,0.738103871,CCCCCCCC/C=C\CCCCCCCC(=O)OC(C/C=C\CCCCCCCCOC(=O)CCN(CCCN(CC)CC)CCC(=O)OCCCCCCCC/C=C\CC(CCCCCC)OC(=O)CCCCCCC/C=C\CCCCCCCC)CCCCCC,JW_2024,JW_2024,1
-2.7550287,1.286791213,CCCCCCCC/C=C\CCCCCCCC(=O)OC(C/C=C\CCCCCCCCOC(=O)CCN(CCCN(CC)CC)CCC(=O)OCCCCCCCC/C=C\CC(CCCCCC)OC(=O)CCCCCCC/C=C\CCCCCCCC)CCCCCC,JW_2024,JW_2024,1
-2.8256145,0.387303767,CCCCCCCC/C=C\CCCCCCCC(=O)OC(C/C=C\CCCCCCCCOC(=O)CCN(CCCN(CC)CC)CCC(=O)OCCCCCCCC/C=C\CC(CCCCCC)OC(=O)CCCCCCC/C=C\CCCCCCCC)CCCCCC,JW_2024,JW_2024,1
-3.5052707,0.432278139,CCCCCCCC/C=C\CCCCCCCC(=O)OC(C/C=C\CCCCCCCCOC(=O)CCN(CCCN(CC)CC)CCC(=O)OCCCCCCCC/C=C\CC(CCCCCC)OC(=O)CCCCCCC/C=C\CCCCCCCC)CCCCCC,JW_2024,JW_2024,1
-2.7697651,1.115888599,CCCCCCCC/C=C\CCCCCCCC(=O)OC(C/C=C\CCCCCCCCOC(=O)CCN(CCCN(CC)CC)CCC(=O)OCCCCCCCC/C=C\CC(CCCCCC)OC(=O)CCCCCCC/C=C\CCCCCCCC)CCCCCC,JW_2024,JW_2024,1
-3.1862938,1.205837343,CCCCCCCC/C=C\CCCCCCCC(=O)OC(C/C=C\CCCCCCCCOC(=O)CCN(CCCN(CC)CC)CCC(=O)OCCCCCCCC/C=C\CC(CCCCCC)OC(=O)CCCCCCC/C=C\CCCCCCCC)CCCCCC,JW_2024,JW_2024,1
-2.6949565,1.817488807,CCCCCCCC/C=C\CCCCCCCC(=O)OC(C/C=C\CCCCCCCCOC(=O)CCN(CCCN(CC)CC)CCC(=O)OCCCCCCCC/C=C\CC(CCCCCC)OC(=O)CCCCCCC/C=C\CCCCCCCC)CCCCCC,JW_2024,JW_2024,2
-2.4528172,0.567201256,CCCCCCCC/C=C\CCCCCCCC(=O)OC(C/C=C\CCCCCCCCOC(=O)CCN(CCCN(CC)CC)CCC(=O)OCCCCCCCC/C=C\CC(CCCCCC)OC(=O)CCCCCCC/C=C\CCCCCCCC)CCCCCC,JW_2024,JW_2024,1
-2.449781,1.484678452,CCCCCCCC/C=C\CCCCCCCC(=O)OC(C/C=C\CCCCCCCCOC(=O)CCN(CCCN(CC)CC)CCC(=O)OCCCCCCCC/C=C\CC(CCCCCC)OC(=O)CCCCCCC/C=C\CCCCCCCC)CCCCCC,JW_2024,JW_2024,2
-2.7430577,0.33333452,CCCCCCCC/C=C\CCCCCCCC(=O)OC(C/C=C\CCCCCCCCOC(=O)CCN(CCCN(CC)CC)CCC(=O)OCCCCCCCC/C=C\CC(CCCCCC)OC(=O)CCCCCCC/C=C\CCCCCCCC)CCCCCC,JW_2024,JW_2024,1
-2.773975,0.612175628,CCCCCCCC/C=C\CCCCCCCC(=O)OC(C/C=C\CCCCCCCCOC(=O)CCN(CCCN(CC)CC)CCC(=O)OCCCCCCCC/C=C\CC(CCCCCC)OC(=O)CCCCCCC/C=C\CCCCCCCC)CCCCCC,JW_2024,JW_2024,1
-5.4112697,-1.708501985,CCCCC/C=C\C/C=C\CCCCCCCC(=O)OC(C/C=C\CCCCCCCCOC(=O)CCN(CCCn1ccnc1)CCC(=O)OCCCCCCCC/C=C\CC(CCCCCC)OC(=O)CCCCCCC/C=C\C/C=C\CCCCC)CCCCCC,JW_2024,JW_2024,0
-5.016617,-1.771466106,CCCCC/C=C\C/C=C\CCCCCCCC(=O)OC(C/C=C\CCCCCCCCOC(=O)CCN(CCCn1ccnc1)CCC(=O)OCCCCCCCC/C=C\CC(CCCCCC)OC(=O)CCCCCCC/C=C\C/C=C\CCCCC)CCCCCC,JW_2024,JW_2024,0
-5.86813,-0.970922278,CCCCC/C=C\C/C=C\CCCCCCCC(=O)OC(C/C=C\CCCCCCCCOC(=O)CCN(CCCn1ccnc1)CCC(=O)OCCCCCCCC/C=C\CC(CCCCCC)OC(=O)CCCCCCC/C=C\C/C=C\CCCCC)CCCCCC,JW_2024,JW_2024,0
-5.311229,-1.096850521,CCCCC/C=C\C/C=C\CCCCCCCC(=O)OC(C/C=C\CCCCCCCCOC(=O)CCN(CCCn1ccnc1)CCC(=O)OCCCCCCCC/C=C\CC(CCCCCC)OC(=O)CCCCCCC/C=C\C/C=C\CCCCC)CCCCCC,JW_2024,JW_2024,0
-5.2710505,-1.762471232,CCCCC/C=C\C/C=C\CCCCCCCC(=O)OC(C/C=C\CCCCCCCCOC(=O)CCN(CCCn1ccnc1)CCC(=O)OCCCCCCCC/C=C\CC(CCCCCC)OC(=O)CCCCCCC/C=C\C/C=C\CCCCC)CCCCCC,JW_2024,JW_2024,0
-6.0620017,-1.888399474,CCCCC/C=C\C/C=C\CCCCCCCC(=O)OC(C/C=C\CCCCCCCCOC(=O)CCN(CCCn1ccnc1)CCC(=O)OCCCCCCCC/C=C\CC(CCCCCC)OC(=O)CCCCCCC/C=C\C/C=C\CCCCC)CCCCCC,JW_2024,JW_2024,0
-5.480145,-0.053445082,CCCCC/C=C\C/C=C\CCCCCCCC(=O)OC(C/C=C\CCCCCCCCOC(=O)CCN(CCCn1ccnc1)CCC(=O)OCCCCCCCC/C=C\CC(CCCCCC)OC(=O)CCCCCCC/C=C\C/C=C\CCCCC)CCCCCC,JW_2024,JW_2024,0
-5.6140385,-2.356132947,CCCCC/C=C\C/C=C\CCCCCCCC(=O)OC(C/C=C\CCCCCCCCOC(=O)CCN(CCCn1ccnc1)CCC(=O)OCCCCCCCC/C=C\CC(CCCCCC)OC(=O)CCCCCCC/C=C\C/C=C\CCCCC)CCCCCC,JW_2024,JW_2024,0
-5.2759724,-0.737055542,CCCCC/C=C\C/C=C\CCCCCCCC(=O)OC(C/C=C\CCCCCCCCOC(=O)CCN(CCCn1ccnc1)CCC(=O)OCCCCCCCC/C=C\CC(CCCCCC)OC(=O)CCCCCCC/C=C\C/C=C\CCCCC)CCCCCC,JW_2024,JW_2024,0
-5.8266606,-1.213783889,CCCCC/C=C\C/C=C\CCCCCCCC(=O)OC(C/C=C\CCCCCCCCOC(=O)CCN(CCCn1ccnc1)CCC(=O)OCCCCCCCC/C=C\CC(CCCCCC)OC(=O)CCCCCCC/C=C\C/C=C\CCCCC)CCCCCC,JW_2024,JW_2024,0
-5.995325,-0.485199057,CCCCC/C=C\C/C=C\CCCCCCCC(=O)OC(C/C=C\CCCCCCCCOC(=O)CCN(CCCn1ccnc1)CCC(=O)OCCCCCCCC/C=C\CC(CCCCCC)OC(=O)CCCCCCC/C=C\C/C=C\CCCCC)CCCCCC,JW_2024,JW_2024,0
-5.0874944,-1.645537863,CCCCC/C=C\C/C=C\CCCCCCCC(=O)OC(C/C=C\CCCCCCCCOC(=O)CCN(CCCn1ccnc1)CCC(=O)OCCCCCCCC/C=C\CC(CCCCCC)OC(=O)CCCCCCC/C=C\C/C=C\CCCCC)CCCCCC,JW_2024,JW_2024,0
-5.6469746,-1.564583993,CCCCC/C=C\C/C=C\CCCCCCCC(=O)OC(C/C=C\CCCCCCCCOC(=O)CCN(CCCn1ccnc1)CCC(=O)OCCCCCCCC/C=C\CC(CCCCCC)OC(=O)CCCCCCC/C=C\C/C=C\CCCCC)CCCCCC,JW_2024,JW_2024,0
-6.2141204,-0.952932529,CCCCC/C=C\C/C=C\CCCCCCCC(=O)OC(C/C=C\CCCCCCCCOC(=O)CCN(CCCn1ccnc1)CCC(=O)OCCCCCCCC/C=C\CC(CCCCCC)OC(=O)CCCCCCC/C=C\C/C=C\CCCCC)CCCCCC,JW_2024,JW_2024,0
-5.0321636,-1.132830019,CCCCC/C=C\C/C=C\CCCCCCCC(=O)OC(C/C=C\CCCCCCCCOC(=O)CCN(CCC(=O)OCCCCCCCC/C=C\CC(CCCCCC)OC(=O)CCCCCCC/C=C\C/C=C\CCCCC)CCc1ccncc1)CCCCCC,JW_2024,JW_2024,0
-4.3142195,-0.404245187,CCCCC/C=C\C/C=C\CCCCCCCC(=O)OC(C/C=C\CCCCCCCCOC(=O)CCN(CCC(=O)OCCCCCCCC/C=C\CC(CCCCCC)OC(=O)CCCCCCC/C=C\C/C=C\CCCCC)CCc1ccncc1)CCCCCC,JW_2024,JW_2024,0
-5.417531,-0.242337446,CCCCC/C=C\C/C=C\CCCCCCCC(=O)OC(C/C=C\CCCCCCCCOC(=O)CCN(CCC(=O)OCCCCCCCC/C=C\CC(CCCCCC)OC(=O)CCCCCCC/C=C\C/C=C\CCCCC)CCc1ccncc1)CCCCCC,JW_2024,JW_2024,0
-4.9879217,-0.584142676,CCCCC/C=C\C/C=C\CCCCCCCC(=O)OC(C/C=C\CCCCCCCCOC(=O)CCN(CCC(=O)OCCCCCCCC/C=C\CC(CCCCCC)OC(=O)CCCCCCC/C=C\C/C=C\CCCCC)CCc1ccncc1)CCCCCC,JW_2024,JW_2024,0
-4.905361,-0.93494278,CCCCC/C=C\C/C=C\CCCCCCCC(=O)OC(C/C=C\CCCCCCCCOC(=O)CCN(CCC(=O)OCCCCCCCC/C=C\CC(CCCCCC)OC(=O)CCCCCCC/C=C\C/C=C\CCCCC)CCc1ccncc1)CCCCCC,JW_2024,JW_2024,0
-5.4892545,-0.800019663,CCCCC/C=C\C/C=C\CCCCCCCC(=O)OC(C/C=C\CCCCCCCCOC(=O)CCN(CCC(=O)OCCCCCCCC/C=C\CC(CCCCCC)OC(=O)CCCCCCC/C=C\C/C=C\CCCCC)CCc1ccncc1)CCCCCC,JW_2024,JW_2024,0
-5.6059365,-0.35027594,CCCCC/C=C\C/C=C\CCCCCCCC(=O)OC(C/C=C\CCCCCCCCOC(=O)CCN(CCC(=O)OCCCCCCCC/C=C\CC(CCCCCC)OC(=O)CCCCCCC/C=C\C/C=C\CCCCC)CCc1ccncc1)CCCCCC,JW_2024,JW_2024,0
-4.8972588,-1.222778763,CCCCC/C=C\C/C=C\CCCCCCCC(=O)OC(C/C=C\CCCCCCCCOC(=O)CCN(CCC(=O)OCCCCCCCC/C=C\CC(CCCCCC)OC(=O)CCCCCCC/C=C\C/C=C\CCCCC)CCc1ccncc1)CCCCCC,JW_2024,JW_2024,0
-4.7242804,0.666144875,CCCCC/C=C\C/C=C\CCCCCCCC(=O)OC(C/C=C\CCCCCCCCOC(=O)CCN(CCC(=O)OCCCCCCCC/C=C\CC(CCCCCC)OC(=O)CCCCCCC/C=C\C/C=C\CCCCC)CCc1ccncc1)CCCCCC,JW_2024,JW_2024,1
-4.9585867,-0.871978659,CCCCC/C=C\C/C=C\CCCCCCCC(=O)OC(C/C=C\CCCCCCCCOC(=O)CCN(CCC(=O)OCCCCCCCC/C=C\CC(CCCCCC)OC(=O)CCCCCCC/C=C\C/C=C\CCCCC)CCc1ccncc1)CCCCCC,JW_2024,JW_2024,0
-5.5518064,0.711119248,CCCCC/C=C\C/C=C\CCCCCCCC(=O)OC(C/C=C\CCCCCCCCOC(=O)CCN(CCC(=O)OCCCCCCCC/C=C\CC(CCCCCC)OC(=O)CCCCCCC/C=C\C/C=C\CCCCC)CCc1ccncc1)CCCCCC,JW_2024,JW_2024,1
-4.367107,-0.988912027,CCCCC/C=C\C/C=C\CCCCCCCC(=O)OC(C/C=C\CCCCCCCCOC(=O)CCN(CCC(=O)OCCCCCCCC/C=C\CC(CCCCCC)OC(=O)CCCCCCC/C=C\C/C=C\CCCCC)CCc1ccncc1)CCCCCC,JW_2024,JW_2024,0
-4.798695,-1.330717257,CCCCC/C=C\C/C=C\CCCCCCCC(=O)OC(C/C=C\CCCCCCCCOC(=O)CCN(CCC(=O)OCCCCCCCC/C=C\CC(CCCCCC)OC(=O)CCCCCCC/C=C\C/C=C\CCCCC)CCc1ccncc1)CCCCCC,JW_2024,JW_2024,0
-5.578492,-1.051876148,CCCCC/C=C\C/C=C\CCCCCCCC(=O)OC(C/C=C\CCCCCCCCOC(=O)CCN(CCC(=O)OCCCCCCCC/C=C\CC(CCCCCC)OC(=O)CCCCCCC/C=C\C/C=C\CCCCC)CCc1ccncc1)CCCCCC,JW_2024,JW_2024,0
-4.7953286,0.360319143,CCCCC/C=C\C/C=C\CCCCCCCC(=O)OC(C/C=C\CCCCCCCCOC(=O)CCN(CCC(=O)OCCCCCCCC/C=C\CC(CCCCCC)OC(=O)CCCCCCC/C=C\C/C=C\CCCCC)CCN1CCCC1)CCCCCC,JW_2024,JW_2024,1
-4.151137,0.477252511,CCCCC/C=C\C/C=C\CCCCCCCC(=O)OC(C/C=C\CCCCCCCCOC(=O)CCN(CCC(=O)OCCCCCCCC/C=C\CC(CCCCCC)OC(=O)CCCCCCC/C=C\C/C=C\CCCCC)CCN1CCCC1)CCCCCC,JW_2024,JW_2024,1
-3.9690595,0.549211507,CCCCC/C=C\C/C=C\CCCCCCCC(=O)OC(C/C=C\CCCCCCCCOC(=O)CCN(CCC(=O)OCCCCCCCC/C=C\CC(CCCCCC)OC(=O)CCCCCCC/C=C\C/C=C\CCCCC)CCN1CCCC1)CCCCCC,JW_2024,JW_2024,1
-4.685277,0.387303767,CCCCC/C=C\C/C=C\CCCCCCCC(=O)OC(C/C=C\CCCCCCCCOC(=O)CCN(CCC(=O)OCCCCCCCC/C=C\CC(CCCCCC)OC(=O)CCCCCCC/C=C\C/C=C\CCCCC)CCN1CCCC1)CCCCCC,JW_2024,JW_2024,1
-4.9891577,0.693129499,CCCCC/C=C\C/C=C\CCCCCCCC(=O)OC(C/C=C\CCCCCCCCOC(=O)CCN(CCC(=O)OCCCCCCCC/C=C\CC(CCCCCC)OC(=O)CCCCCCC/C=C\C/C=C\CCCCC)CCN1CCCC1)CCCCCC,JW_2024,JW_2024,1
-4.1477647,-0.188368199,CCCCC/C=C\C/C=C\CCCCCCCC(=O)OC(C/C=C\CCCCCCCCOC(=O)CCN(CCC(=O)OCCCCCCCC/C=C\CC(CCCCCC)OC(=O)CCCCCCC/C=C\C/C=C\CCCCC)CCN1CCCC1)CCCCCC,JW_2024,JW_2024,0
-4.4830146,1.646586192,CCCCC/C=C\C/C=C\CCCCCCCC(=O)OC(C/C=C\CCCCCCCCOC(=O)CCN(CCC(=O)OCCCCCCCC/C=C\CC(CCCCCC)OC(=O)CCCCCCC/C=C\C/C=C\CCCCC)CCN1CCCC1)CCCCCC,JW_2024,JW_2024,2
-5.03571,-0.69208117,CCCCC/C=C\C/C=C\CCCCCCCC(=O)OC(C/C=C\CCCCCCCCOC(=O)CCN(CCC(=O)OCCCCCCCC/C=C\CC(CCCCCC)OC(=O)CCCCCCC/C=C\C/C=C\CCCCC)CCN1CCCC1)CCCCCC,JW_2024,JW_2024,0
-4.513086,1.304780962,CCCCC/C=C\C/C=C\CCCCCCCC(=O)OC(C/C=C\CCCCCCCCOC(=O)CCN(CCC(=O)OCCCCCCCC/C=C\CC(CCCCCC)OC(=O)CCCCCCC/C=C\C/C=C\CCCCC)CCN1CCCC1)CCCCCC,JW_2024,JW_2024,1
-5.1094594,1.169857845,CCCCC/C=C\C/C=C\CCCCCCCC(=O)OC(C/C=C\CCCCCCCCOC(=O)CCN(CCC(=O)OCCCCCCCC/C=C\CC(CCCCCC)OC(=O)CCCCCCC/C=C\C/C=C\CCCCC)CCN1CCCC1)CCCCCC,JW_2024,JW_2024,1
-4.169233,1.403724582,CCCCC/C=C\C/C=C\CCCCCCCC(=O)OC(C/C=C\CCCCCCCCOC(=O)CCN(CCC(=O)OCCCCCCCC/C=C\CC(CCCCCC)OC(=O)CCCCCCC/C=C\C/C=C\CCCCC)CCN1CCCC1)CCCCCC,JW_2024,JW_2024,2
-4.4981084,0.243385775,CCCCC/C=C\C/C=C\CCCCCCCC(=O)OC(C/C=C\CCCCCCCCOC(=O)CCN(CCC(=O)OCCCCCCCC/C=C\CC(CCCCCC)OC(=O)CCCCCCC/C=C\C/C=C\CCCCC)CCN1CCCC1)CCCCCC,JW_2024,JW_2024,1
-4.8378587,-0.017465585,CCCCC/C=C\C/C=C\CCCCCCCC(=O)OC(C/C=C\CCCCCCCCOC(=O)CCN(CCC(=O)OCCCCCCCC/C=C\CC(CCCCCC)OC(=O)CCCCCCC/C=C\C/C=C\CCCCC)CCN1CCCC1)CCCCCC,JW_2024,JW_2024,0
-4.269609,0.873026988,CCCCC/C=C\C/C=C\CCCCCCCC(=O)OC(C/C=C\CCCCCCCCOC(=O)CCN(CCC(=O)OCCCCCCCC/C=C\CC(CCCCCC)OC(=O)CCCCCCC/C=C\C/C=C\CCCCC)CCN1CCCC1)CCCCCC,JW_2024,JW_2024,1
-5.003085,0.513232009,CCCCC/C=C\C/C=C\CCCCCCCC(=O)OC(C/C=C\CCCCCCCCOC(=O)CCN(CCC(=O)OCCCCCCCC/C=C\CC(CCCCCC)OC(=O)CCCCCCC/C=C\C/C=C\CCCCC)CCN1CCCC1)CCCCCC,JW_2024,JW_2024,1
-4.9965057,-0.314296442,CCCCC/C=C\C/C=C\CCCCCCCC(=O)OC(C/C=C\CCCCCCCCOC(=O)CCN(CCC(=O)OCCCCCCCC/C=C\CC(CCCCCC)OC(=O)CCCCCCC/C=C\C/C=C\CCCCC)CCN1CCCC1)CCCCCC,JW_2024,JW_2024,0
-5.423802,0.57619613,CCCCC/C=C\C/C=C\CCCCCCCC(=O)OC(C/C=C\CCCCCCCCOC(=O)CCN(CCC(=O)OCCCCCCCC/C=C\CC(CCCCCC)OC(=O)CCCCCCC/C=C\C/C=C\CCCCC)CCN1CCCC1)CCCCCC,JW_2024,JW_2024,1
-5.0262947,1.034934728,CCCCC/C=C\C/C=C\CCCCCCCC(=O)OC(C/C=C\CCCCCCCCOC(=O)CCN(CCC(=O)OCCCCCCCC/C=C\CC(CCCCCC)OC(=O)CCCCCCC/C=C\C/C=C\CCCCC)CCN1CCCC1)CCCCCC,JW_2024,JW_2024,1
-4.1514926,1.070914226,CCCCC/C=C\C/C=C\CCCCCCCC(=O)OC(C/C=C\CCCCCCCCOC(=O)CCN(CCC(=O)OCCCCCCCC/C=C\CC(CCCCCC)OC(=O)CCCCCCC/C=C\C/C=C\CCCCC)CCN1CCCC1)CCCCCC,JW_2024,JW_2024,1
-4.3589697,1.772514435,CCCCC/C=C\C/C=C\CCCCCCCC(=O)OC(C/C=C\CCCCCCCCOC(=O)CCN(CCC(=O)OCCCCCCCC/C=C\CC(CCCCCC)OC(=O)CCCCCCC/C=C\C/C=C\CCCCC)CCN1CCCC1)CCCCCC,JW_2024,JW_2024,2
-4.5028243,0.962975733,CCCCC/C=C\C/C=C\CCCCCCCC(=O)OC(C/C=C\CCCCCCCCOC(=O)CCN(CCC(=O)OCCCCCCCC/C=C\CC(CCCCCC)OC(=O)CCCCCCC/C=C\C/C=C\CCCCC)CCN1CCCC1)CCCCCC,JW_2024,JW_2024,1
-4.8555756,1.430709205,CCCCC/C=C\C/C=C\CCCCCCCC(=O)OC(C/C=C\CCCCCCCCOC(=O)CCN(CCC(=O)OCCCCCCCC/C=C\CC(CCCCCC)OC(=O)CCCCCCC/C=C\C/C=C\CCCCC)CCN1CCCC1)CCCCCC,JW_2024,JW_2024,2
-5.249626,0.49524226,CCCCC/C=C\C/C=C\CCCCCCCC(=O)OC(C/C=C\CCCCCCCCOC(=O)CCN(CCC(=O)OCCCCCCCC/C=C\CC(CCCCCC)OC(=O)CCCCCCC/C=C\C/C=C\CCCCC)CCN1CCCC1)CCCCCC,JW_2024,JW_2024,1
-5.6293006,1.214832218,CCCCC/C=C\C/C=C\CCCCCCCC(=O)OC(C/C=C\CCCCCCCCOC(=O)CCN(CCC(=O)OCCCCCCCC/C=C\CC(CCCCCC)OC(=O)CCCCCCC/C=C\C/C=C\CCCCC)CCN1CCCC1)CCCCCC,JW_2024,JW_2024,1
-2.993091,-1.231773638,CCCCC/C=C\C/C=C\CCCCCCCC(=O)OC(C/C=C\CCCCCCCCOC(=O)CCN(CCC(=O)OCCCCCCCC/C=C\CC(CCCCCC)OC(=O)CCCCCCC/C=C\C/C=C\CCCCC)CCN1CCOCC1)CCCCCC,JW_2024,JW_2024,0
-2.9901214,-1.627548115,CCCCC/C=C\C/C=C\CCCCCCCC(=O)OC(C/C=C\CCCCCCCCOC(=O)CCN(CCC(=O)OCCCCCCCC/C=C\CC(CCCCCC)OC(=O)CCCCCCC/C=C\C/C=C\CCCCC)CCN1CCOCC1)CCCCCC,JW_2024,JW_2024,0
-3.4256492,-0.871978659,CCCCC/C=C\C/C=C\CCCCCCCC(=O)OC(C/C=C\CCCCCCCCOC(=O)CCN(CCC(=O)OCCCCCCCC/C=C\CC(CCCCCC)OC(=O)CCCCCCC/C=C\C/C=C\CCCCC)CCN1CCOCC1)CCCCCC,JW_2024,JW_2024,0
-2.9106033,-1.600563491,CCCCC/C=C\C/C=C\CCCCCCCC(=O)OC(C/C=C\CCCCCCCCOC(=O)CCN(CCC(=O)OCCCCCCCC/C=C\CC(CCCCCC)OC(=O)CCCCCCC/C=C\C/C=C\CCCCC)CCN1CCOCC1)CCCCCC,JW_2024,JW_2024,0
-2.9533951,-1.411671127,CCCCC/C=C\C/C=C\CCCCCCCC(=O)OC(C/C=C\CCCCCCCCOC(=O)CCN(CCC(=O)OCCCCCCCC/C=C\CC(CCCCCC)OC(=O)CCCCCCC/C=C\C/C=C\CCCCC)CCN1CCOCC1)CCCCCC,JW_2024,JW_2024,0
-3.511195,-1.303732634,CCCCC/C=C\C/C=C\CCCCCCCC(=O)OC(C/C=C\CCCCCCCCOC(=O)CCN(CCC(=O)OCCCCCCCC/C=C\CC(CCCCCC)OC(=O)CCCCCCC/C=C\C/C=C\CCCCC)CCN1CCOCC1)CCCCCC,JW_2024,JW_2024,0
-3.1992314,-0.359270814,CCCCC/C=C\C/C=C\CCCCCCCC(=O)OC(C/C=C\CCCCCCCCOC(=O)CCN(CCC(=O)OCCCCCCCC/C=C\CC(CCCCCC)OC(=O)CCCCCCC/C=C\C/C=C\CCCCC)CCN1CCOCC1)CCCCCC,JW_2024,JW_2024,0
-3.8011558,-1.969353344,CCCCC/C=C\C/C=C\CCCCCCCC(=O)OC(C/C=C\CCCCCCCCOC(=O)CCN(CCC(=O)OCCCCCCCC/C=C\CC(CCCCCC)OC(=O)CCCCCCC/C=C\C/C=C\CCCCC)CCN1CCOCC1)CCCCCC,JW_2024,JW_2024,0
-3.4153798,-0.575147802,CCCCC/C=C\C/C=C\CCCCCCCC(=O)OC(C/C=C\CCCCCCCCOC(=O)CCN(CCC(=O)OCCCCCCCC/C=C\CC(CCCCCC)OC(=O)CCCCCCC/C=C\C/C=C\CCCCC)CCN1CCOCC1)CCCCCC,JW_2024,JW_2024,0
-3.7818856,-0.800019663,CCCCC/C=C\C/C=C\CCCCCCCC(=O)OC(C/C=C\CCCCCCCCOC(=O)CCN(CCC(=O)OCCCCCCCC/C=C\CC(CCCCCC)OC(=O)CCCCCCC/C=C\C/C=C\CCCCC)CCN1CCOCC1)CCCCCC,JW_2024,JW_2024,0
-3.5649552,0.099467784,CCCCC/C=C\C/C=C\CCCCCCCC(=O)OC(C/C=C\CCCCCCCCOC(=O)CCN(CCC(=O)OCCCCCCCC/C=C\CC(CCCCCC)OC(=O)CCCCCCC/C=C\C/C=C\CCCCC)CCN1CCOCC1)CCCCCC,JW_2024,JW_2024,1
-3.3513076,-1.402676253,CCCCC/C=C\C/C=C\CCCCCCCC(=O)OC(C/C=C\CCCCCCCCOC(=O)CCN(CCC(=O)OCCCCCCCC/C=C\CC(CCCCCC)OC(=O)CCCCCCC/C=C\C/C=C\CCCCC)CCN1CCOCC1)CCCCCC,JW_2024,JW_2024,0
-3.5073874,-1.4566455,CCCCC/C=C\C/C=C\CCCCCCCC(=O)OC(C/C=C\CCCCCCCCOC(=O)CCN(CCC(=O)OCCCCCCCC/C=C\CC(CCCCCC)OC(=O)CCCCCCC/C=C\C/C=C\CCCCC)CCN1CCOCC1)CCCCCC,JW_2024,JW_2024,0
-3.633006,0.423283264,CCCCC/C=C\C/C=C\CCCCCCCC(=O)OC(C/C=C\CCCCCCCCOC(=O)CCN(CCC(=O)OCCCCCCCC/C=C\CC(CCCCCC)OC(=O)CCCCCCC/C=C\C/C=C\CCCCC)CCN1CCOCC1)CCCCCC,JW_2024,JW_2024,1
-1.8430775,-0.844994036,CCCCC/C=C\C/C=C\CCCCCCCC(=O)OC(C/C=C\CCCCCCCCOC(=O)CCN(CCCN(CC)CC)CCC(=O)OCCCCCCCC/C=C\CC(CCCCCC)OC(=O)CCCCCCC/C=C\C/C=C\CCCCC)CCCCCC,JW_2024,JW_2024,0
-1.8255,-0.287311819,CCCCC/C=C\C/C=C\CCCCCCCC(=O)OC(C/C=C\CCCCCCCCOC(=O)CCN(CCCN(CC)CC)CCC(=O)OCCCCCCCC/C=C\CC(CCCCCC)OC(=O)CCCCCCC/C=C\C/C=C\CCCCC)CCCCCC,JW_2024,JW_2024,0
-2.340545,-0.323291316,CCCCC/C=C\C/C=C\CCCCCCCC(=O)OC(C/C=C\CCCCCCCCOC(=O)CCN(CCCN(CC)CC)CCC(=O)OCCCCCCCC/C=C\CC(CCCCCC)OC(=O)CCCCCCC/C=C\C/C=C\CCCCC)CCCCCC,JW_2024,JW_2024,0
-1.753287,0.036503662,CCCCC/C=C\C/C=C\CCCCCCCC(=O)OC(C/C=C\CCCCCCCCOC(=O)CCN(CCCN(CC)CC)CCC(=O)OCCCCCCCC/C=C\CC(CCCCCC)OC(=O)CCCCCCC/C=C\C/C=C\CCCCC)CCCCCC,JW_2024,JW_2024,1
-2.0099463,-0.152388702,CCCCC/C=C\C/C=C\CCCCCCCC(=O)OC(C/C=C\CCCCCCCCOC(=O)CCN(CCCN(CC)CC)CCC(=O)OCCCCCCCC/C=C\CC(CCCCCC)OC(=O)CCCCCCC/C=C\C/C=C\CCCCC)CCCCCC,JW_2024,JW_2024,0
-2.5588868,0.045498537,CCCCC/C=C\C/C=C\CCCCCCCC(=O)OC(C/C=C\CCCCCCCCOC(=O)CCN(CCCN(CC)CC)CCC(=O)OCCCCCCCC/C=C\CC(CCCCCC)OC(=O)CCCCCCC/C=C\C/C=C\CCCCC)CCCCCC,JW_2024,JW_2024,1
-2.6402788,1.070914226,CCCCC/C=C\C/C=C\CCCCCCCC(=O)OC(C/C=C\CCCCCCCCOC(=O)CCN(CCCN(CC)CC)CCC(=O)OCCCCCCCC/C=C\CC(CCCCCC)OC(=O)CCCCCCC/C=C\C/C=C\CCCCC)CCCCCC,JW_2024,JW_2024,1
-2.6014643,-0.907958157,CCCCC/C=C\C/C=C\CCCCCCCC(=O)OC(C/C=C\CCCCCCCCOC(=O)CCN(CCCN(CC)CC)CCC(=O)OCCCCCCCC/C=C\CC(CCCCCC)OC(=O)CCCCCCC/C=C\C/C=C\CCCCC)CCCCCC,JW_2024,JW_2024,0
-2.2180169,1.106893724,CCCCC/C=C\C/C=C\CCCCCCCC(=O)OC(C/C=C\CCCCCCCCOC(=O)CCN(CCCN(CC)CC)CCC(=O)OCCCCCCCC/C=C\CC(CCCCCC)OC(=O)CCCCCCC/C=C\C/C=C\CCCCC)CCCCCC,JW_2024,JW_2024,1
-2.6711252,0.891016737,CCCCC/C=C\C/C=C\CCCCCCCC(=O)OC(C/C=C\CCCCCCCCOC(=O)CCN(CCCN(CC)CC)CCC(=O)OCCCCCCCC/C=C\CC(CCCCCC)OC(=O)CCCCCCC/C=C\C/C=C\CCCCC)CCCCCC,JW_2024,JW_2024,1
-2.543005,1.448698954,CCCCC/C=C\C/C=C\CCCCCCCC(=O)OC(C/C=C\CCCCCCCCOC(=O)CCN(CCCN(CC)CC)CCC(=O)OCCCCCCCC/C=C\CC(CCCCCC)OC(=O)CCCCCCC/C=C\C/C=C\CCCCC)CCCCCC,JW_2024,JW_2024,2
-2.2866771,-0.071434831,CCCCC/C=C\C/C=C\CCCCCCCC(=O)OC(C/C=C\CCCCCCCCOC(=O)CCN(CCCN(CC)CC)CCC(=O)OCCCCCCCC/C=C\CC(CCCCCC)OC(=O)CCCCCCC/C=C\C/C=C\CCCCC)CCCCCC,JW_2024,JW_2024,0
-2.518724,0.07248316,CCCCC/C=C\C/C=C\CCCCCCCC(=O)OC(C/C=C\CCCCCCCCOC(=O)CCN(CCCN(CC)CC)CCC(=O)OCCCCCCCC/C=C\CC(CCCCCC)OC(=O)CCCCCCC/C=C\C/C=C\CCCCC)CCCCCC,JW_2024,JW_2024,1
-2.6319332,0.747098745,CCCCC/C=C\C/C=C\CCCCCCCC(=O)OC(C/C=C\CCCCCCCCOC(=O)CCN(CCCN(CC)CC)CCC(=O)OCCCCCCCC/C=C\CC(CCCCCC)OC(=O)CCCCCCC/C=C\C/C=C\CCCCC)CCCCCC,JW_2024,JW_2024,1
-2.1473298,0.962975733,CCCCC/C=C\C/C=C\CCCCCCCC(=O)OC(C/C=C\CCCCCCCCOC(=O)CCN(CCCN(CC)CC)CCC(=O)OCCCCCCCC/C=C\CC(CCCCCC)OC(=O)CCCCCCC/C=C\C/C=C\CCCCC)CCCCCC,JW_2024,JW_2024,1
-2.1661458,-0.530173429,CCCCC/C=C\C/C=C\CCCCCCCC(=O)OC(C/C=C\CCCCCCCCOC(=O)CCN(CCCN(CC)CC)CCC(=O)OCCCCCCCC/C=C\CC(CCCCCC)OC(=O)CCCCCCC/C=C\C/C=C\CCCCC)CCCCCC,JW_2024,JW_2024,0
-2.857997,0.720114122,CCCCC/C=C\C/C=C\CCCCCCCC(=O)OC(C/C=C\CCCCCCCCOC(=O)CCN(CCCN(CC)CC)CCC(=O)OCCCCCCCC/C=C\CC(CCCCCC)OC(=O)CCCCCCC/C=C\C/C=C\CCCCC)CCCCCC,JW_2024,JW_2024,1
-2.1483598,1.241816841,CCCCC/C=C\C/C=C\CCCCCCCC(=O)OC(C/C=C\CCCCCCCCOC(=O)CCN(CCCN(CC)CC)CCC(=O)OCCCCCCCC/C=C\CC(CCCCCC)OC(=O)CCCCCCC/C=C\C/C=C\CCCCC)CCCCCC,JW_2024,JW_2024,1
-2.5279522,1.412719456,CCCCC/C=C\C/C=C\CCCCCCCC(=O)OC(C/C=C\CCCCCCCCOC(=O)CCN(CCCN(CC)CC)CCC(=O)OCCCCCCCC/C=C\CC(CCCCCC)OC(=O)CCCCCCC/C=C\C/C=C\CCCCC)CCCCCC,JW_2024,JW_2024,2
-2.2227771,1.664575941,CCCCC/C=C\C/C=C\CCCCCCCC(=O)OC(C/C=C\CCCCCCCCOC(=O)CCN(CCCN(CC)CC)CCC(=O)OCCCCCCCC/C=C\CC(CCCCCC)OC(=O)CCCCCCC/C=C\C/C=C\CCCCC)CCCCCC,JW_2024,JW_2024,2
-2.162205,0.423283264,CCCCC/C=C\C/C=C\CCCCCCCC(=O)OC(C/C=C\CCCCCCCCOC(=O)CCN(CCCN(CC)CC)CCC(=O)OCCCCCCCC/C=C\CC(CCCCCC)OC(=O)CCCCCCC/C=C\C/C=C\CCCCC)CCCCCC,JW_2024,JW_2024,1
-1.9631444,1.106893724,CCCCC/C=C\C/C=C\CCCCCCCC(=O)OC(C/C=C\CCCCCCCCOC(=O)CCN(CCCN(CC)CC)CCC(=O)OCCCCCCCC/C=C\CC(CCCCCC)OC(=O)CCCCCCC/C=C\C/C=C\CCCCC)CCCCCC,JW_2024,JW_2024,1
-2.3095825,0.540216633,CCCCC/C=C\C/C=C\CCCCCCCC(=O)OC(C/C=C\CCCCCCCCOC(=O)CCN(CCCN(CC)CC)CCC(=O)OCCCCCCCC/C=C\CC(CCCCCC)OC(=O)CCCCCCC/C=C\C/C=C\CCCCC)CCCCCC,JW_2024,JW_2024,1
-3.8628736,0.405293516,CCCCC/C=C\C/C=C\CCCCCCCC(=O)OC(C/C=C\CCCCCCCCOC(=O)CCN(CCCN(CC)CC)CCC(=O)OCCCCCCCC/C=C\CC(CCCCCC)OC(=O)CCCCCCC/C=C\C/C=C\CCCCC)CCCCCC,JW_2024,JW_2024,1
-5.8467016,-2.032317466,CCCCC/C=C\C/C=C\C/C=C\C/C=C\CCCC(=O)OC(C/C=C\CCCCCCCCOC(=O)CCN(CCCn1ccnc1)CCC(=O)OCCCCCCCC/C=C\CC(CCCCCC)OC(=O)CCC/C=C\C/C=C\C/C=C\C/C=C\CCCCC)CCCCCC,JW_2024,JW_2024,0
-5.4627066,-1.627548115,CCCCC/C=C\C/C=C\C/C=C\C/C=C\CCCC(=O)OC(C/C=C\CCCCCCCCOC(=O)CCN(CCCn1ccnc1)CCC(=O)OCCCCCCCC/C=C\CC(CCCCCC)OC(=O)CCC/C=C\C/C=C\C/C=C\C/C=C\CCCCC)CCCCCC,JW_2024,JW_2024,0
-6.672039,-0.952932529,CCCCC/C=C\C/C=C\C/C=C\C/C=C\CCCC(=O)OC(C/C=C\CCCCCCCCOC(=O)CCN(CCCn1ccnc1)CCC(=O)OCCCCCCCC/C=C\CC(CCCCCC)OC(=O)CCC/C=C\C/C=C\C/C=C\C/C=C\CCCCC)CCCCCC,JW_2024,JW_2024,0
-5.802272,-1.051876148,CCCCC/C=C\C/C=C\C/C=C\C/C=C\CCCC(=O)OC(C/C=C\CCCCCCCCOC(=O)CCN(CCCn1ccnc1)CCC(=O)OCCCCCCCC/C=C\CC(CCCCCC)OC(=O)CCC/C=C\C/C=C\C/C=C\C/C=C\CCCCC)CCCCCC,JW_2024,JW_2024,0
-5.676359,-1.816440478,CCCCC/C=C\C/C=C\C/C=C\C/C=C\CCCC(=O)OC(C/C=C\CCCCCCCCOC(=O)CCN(CCCn1ccnc1)CCC(=O)OCCCCCCCC/C=C\CC(CCCCCC)OC(=O)CCC/C=C\C/C=C\C/C=C\C/C=C\CCCCC)CCCCCC,JW_2024,JW_2024,0
-6.815387,-1.663527612,CCCCC/C=C\C/C=C\C/C=C\C/C=C\CCCC(=O)OC(C/C=C\CCCCCCCCOC(=O)CCN(CCCn1ccnc1)CCC(=O)OCCCCCCCC/C=C\CC(CCCCCC)OC(=O)CCC/C=C\C/C=C\C/C=C\C/C=C\CCCCC)CCCCCC,JW_2024,JW_2024,0
-6.487644,-0.647106797,CCCCC/C=C\C/C=C\C/C=C\C/C=C\CCCC(=O)OC(C/C=C\CCCCCCCCOC(=O)CCN(CCCn1ccnc1)CCC(=O)OCCCCCCCC/C=C\CC(CCCCCC)OC(=O)CCC/C=C\C/C=C\C/C=C\C/C=C\CCCCC)CCCCCC,JW_2024,JW_2024,0
-6.7365513,-1.834430227,CCCCC/C=C\C/C=C\C/C=C\C/C=C\CCCC(=O)OC(C/C=C\CCCCCCCCOC(=O)CCN(CCCn1ccnc1)CCC(=O)OCCCCCCCC/C=C\CC(CCCCCC)OC(=O)CCC/C=C\C/C=C\C/C=C\C/C=C\CCCCC)CCCCCC,JW_2024,JW_2024,0
-5.959719,-0.476204182,CCCCC/C=C\C/C=C\C/C=C\C/C=C\CCCC(=O)OC(C/C=C\CCCCCCCCOC(=O)CCN(CCCn1ccnc1)CCC(=O)OCCCCCCCC/C=C\CC(CCCCCC)OC(=O)CCC/C=C\C/C=C\C/C=C\C/C=C\CCCCC)CCCCCC,JW_2024,JW_2024,0
-6.2267594,-1.393681378,CCCCC/C=C\C/C=C\C/C=C\C/C=C\CCCC(=O)OC(C/C=C\CCCCCCCCOC(=O)CCN(CCCn1ccnc1)CCC(=O)OCCCCCCCC/C=C\CC(CCCCCC)OC(=O)CCC/C=C\C/C=C\C/C=C\C/C=C\CCCCC)CCCCCC,JW_2024,JW_2024,0
-6.5711,0.018513913,CCCCC/C=C\C/C=C\C/C=C\C/C=C\CCCC(=O)OC(C/C=C\CCCCCCCCOC(=O)CCN(CCCn1ccnc1)CCC(=O)OCCCCCCCC/C=C\CC(CCCCCC)OC(=O)CCC/C=C\C/C=C\C/C=C\C/C=C\CCCCC)CCCCCC,JW_2024,JW_2024,0
-5.4555645,-1.186799266,CCCCC/C=C\C/C=C\C/C=C\C/C=C\CCCC(=O)OC(C/C=C\CCCCCCCCOC(=O)CCN(CCCn1ccnc1)CCC(=O)OCCCCCCCC/C=C\CC(CCCCCC)OC(=O)CCC/C=C\C/C=C\C/C=C\C/C=C\CCCCC)CCCCCC,JW_2024,JW_2024,0
-6.1350765,-1.582573742,CCCCC/C=C\C/C=C\C/C=C\C/C=C\CCCC(=O)OC(C/C=C\CCCCCCCCOC(=O)CCN(CCCn1ccnc1)CCC(=O)OCCCCCCCC/C=C\CC(CCCCCC)OC(=O)CCC/C=C\C/C=C\C/C=C\C/C=C\CCCCC)CCCCCC,JW_2024,JW_2024,0
-6.8759904,-1.465640374,CCCCC/C=C\C/C=C\C/C=C\C/C=C\CCCC(=O)OC(C/C=C\CCCCCCCCOC(=O)CCN(CCCn1ccnc1)CCC(=O)OCCCCCCCC/C=C\CC(CCCCCC)OC(=O)CCC/C=C\C/C=C\C/C=C\C/C=C\CCCCC)CCCCCC,JW_2024,JW_2024,0
-5.597006,-1.096850521,CCCCC/C=C\C/C=C\C/C=C\C/C=C\CCCC(=O)OC(C/C=C\CCCCCCCCOC(=O)CCN(CCC(=O)OCCCCCCCC/C=C\CC(CCCCCC)OC(=O)CCC/C=C\C/C=C\C/C=C\C/C=C\CCCCC)CCc1ccncc1)CCCCCC,JW_2024,JW_2024,0
-5.1168737,-0.287311819,CCCCC/C=C\C/C=C\C/C=C\C/C=C\CCCC(=O)OC(C/C=C\CCCCCCCCOC(=O)CCN(CCC(=O)OCCCCCCCC/C=C\CC(CCCCCC)OC(=O)CCC/C=C\C/C=C\C/C=C\C/C=C\CCCCC)CCc1ccncc1)CCCCCC,JW_2024,JW_2024,0
-6.4596877,-0.521178555,CCCCC/C=C\C/C=C\C/C=C\C/C=C\CCCC(=O)OC(C/C=C\CCCCCCCCOC(=O)CCN(CCC(=O)OCCCCCCCC/C=C\CC(CCCCCC)OC(=O)CCC/C=C\C/C=C\C/C=C\C/C=C\CCCCC)CCc1ccncc1)CCCCCC,JW_2024,JW_2024,0
-5.619619,0.594185879,CCCCC/C=C\C/C=C\C/C=C\C/C=C\CCCC(=O)OC(C/C=C\CCCCCCCCOC(=O)CCN(CCC(=O)OCCCCCCCC/C=C\CC(CCCCCC)OC(=O)CCC/C=C\C/C=C\C/C=C\C/C=C\CCCCC)CCc1ccncc1)CCCCCC,JW_2024,JW_2024,1
-5.1833467,-0.683086295,CCCCC/C=C\C/C=C\C/C=C\C/C=C\CCCC(=O)OC(C/C=C\CCCCCCCCOC(=O)CCN(CCC(=O)OCCCCCCCC/C=C\CC(CCCCCC)OC(=O)CCC/C=C\C/C=C\C/C=C\C/C=C\CCCCC)CCc1ccncc1)CCCCCC,JW_2024,JW_2024,0
-6.2189784,-0.413240061,CCCCC/C=C\C/C=C\C/C=C\C/C=C\CCCC(=O)OC(C/C=C\CCCCCCCCOC(=O)CCN(CCC(=O)OCCCCCCCC/C=C\CC(CCCCCC)OC(=O)CCC/C=C\C/C=C\C/C=C\C/C=C\CCCCC)CCc1ccncc1)CCCCCC,JW_2024,JW_2024,0
-6.5613165,-0.08942458,CCCCC/C=C\C/C=C\C/C=C\C/C=C\CCCC(=O)OC(C/C=C\CCCCCCCCOC(=O)CCN(CCC(=O)OCCCCCCCC/C=C\CC(CCCCCC)OC(=O)CCC/C=C\C/C=C\C/C=C\C/C=C\CCCCC)CCc1ccncc1)CCCCCC,JW_2024,JW_2024,0
-5.8971634,-1.564583993,CCCCC/C=C\C/C=C\C/C=C\C/C=C\CCCC(=O)OC(C/C=C\CCCCCCCCOC(=O)CCN(CCC(=O)OCCCCCCCC/C=C\CC(CCCCCC)OC(=O)CCC/C=C\C/C=C\C/C=C\C/C=C\CCCCC)CCc1ccncc1)CCCCCC,JW_2024,JW_2024,0
-5.384581,0.198411403,CCCCC/C=C\C/C=C\C/C=C\C/C=C\CCCC(=O)OC(C/C=C\CCCCCCCCOC(=O)CCN(CCC(=O)OCCCCCCCC/C=C\CC(CCCCCC)OC(=O)CCC/C=C\C/C=C\C/C=C\C/C=C\CCCCC)CCc1ccncc1)CCCCCC,JW_2024,JW_2024,1
-5.3048577,-0.997906902,CCCCC/C=C\C/C=C\C/C=C\C/C=C\CCCC(=O)OC(C/C=C\CCCCCCCCOC(=O)CCN(CCC(=O)OCCCCCCCC/C=C\CC(CCCCCC)OC(=O)CCC/C=C\C/C=C\C/C=C\C/C=C\CCCCC)CCc1ccncc1)CCCCCC,JW_2024,JW_2024,0
-6.346368,1.079909101,CCCCC/C=C\C/C=C\C/C=C\C/C=C\CCCC(=O)OC(C/C=C\CCCCCCCCOC(=O)CCN(CCC(=O)OCCCCCCCC/C=C\CC(CCCCCC)OC(=O)CCC/C=C\C/C=C\C/C=C\C/C=C\CCCCC)CCc1ccncc1)CCCCCC,JW_2024,JW_2024,1
-4.8959246,-1.231773638,CCCCC/C=C\C/C=C\C/C=C\C/C=C\CCCC(=O)OC(C/C=C\CCCCCCCCOC(=O)CCN(CCC(=O)OCCCCCCCC/C=C\CC(CCCCCC)OC(=O)CCC/C=C\C/C=C\C/C=C\C/C=C\CCCCC)CCc1ccncc1)CCCCCC,JW_2024,JW_2024,0
-5.127009,-1.339712132,CCCCC/C=C\C/C=C\C/C=C\C/C=C\CCCC(=O)OC(C/C=C\CCCCCCCCOC(=O)CCN(CCC(=O)OCCCCCCCC/C=C\CC(CCCCCC)OC(=O)CCC/C=C\C/C=C\C/C=C\C/C=C\CCCCC)CCc1ccncc1)CCCCCC,JW_2024,JW_2024,0
-6.380551,-0.755045291,CCCCC/C=C\C/C=C\C/C=C\C/C=C\CCCC(=O)OC(C/C=C\CCCCCCCCOC(=O)CCN(CCC(=O)OCCCCCCCC/C=C\CC(CCCCCC)OC(=O)CCC/C=C\C/C=C\C/C=C\C/C=C\CCCCC)CCc1ccncc1)CCCCCC,JW_2024,JW_2024,0
-5.984058,-0.683086295,CCCCC/C=C\C/C=C\C/C=C\C/C=C\CCCC(=O)OC(C/C=C\CCCCCCCCOC(=O)CCN(CCC(=O)OCCCCCCCC/C=C\CC(CCCCCC)OC(=O)CCC/C=C\C/C=C\C/C=C\C/C=C\CCCCC)CCc1ccncc1)CCCCCC,JW_2024,JW_2024,0
-5.298111,-0.530173429,CCCCC/C=C\C/C=C\C/C=C\C/C=C\CCCC(=O)OC(C/C=C\CCCCCCCCOC(=O)CCN(CCC(=O)OCCCCCCCC/C=C\CC(CCCCCC)OC(=O)CCC/C=C\C/C=C\C/C=C\C/C=C\CCCCC)CCc1ccncc1)CCCCCC,JW_2024,JW_2024,0
-6.521067,1.142873222,CCCCC/C=C\C/C=C\C/C=C\C/C=C\CCCC(=O)OC(C/C=C\CCCCCCCCOC(=O)CCN(CCC(=O)OCCCCCCCC/C=C\CC(CCCCCC)OC(=O)CCC/C=C\C/C=C\C/C=C\C/C=C\CCCCC)CCc1ccncc1)CCCCCC,JW_2024,JW_2024,1
-5.9120693,0.594185879,CCCCC/C=C\C/C=C\C/C=C\C/C=C\CCCC(=O)OC(C/C=C\CCCCCCCCOC(=O)CCN(CCC(=O)OCCCCCCCC/C=C\CC(CCCCCC)OC(=O)CCC/C=C\C/C=C\C/C=C\C/C=C\CCCCC)CCc1ccncc1)CCCCCC,JW_2024,JW_2024,1
-6.464017,0.612175628,CCCCC/C=C\C/C=C\C/C=C\C/C=C\CCCC(=O)OC(C/C=C\CCCCCCCCOC(=O)CCN(CCC(=O)OCCCCCCCC/C=C\CC(CCCCCC)OC(=O)CCC/C=C\C/C=C\C/C=C\C/C=C\CCCCC)CCc1ccncc1)CCCCCC,JW_2024,JW_2024,1
-5.4534907,-0.00847071,CCCCC/C=C\C/C=C\C/C=C\C/C=C\CCCC(=O)OC(C/C=C\CCCCCCCCOC(=O)CCN(CCC(=O)OCCCCCCCC/C=C\CC(CCCCCC)OC(=O)CCC/C=C\C/C=C\C/C=C\C/C=C\CCCCC)CCc1ccncc1)CCCCCC,JW_2024,JW_2024,0
-5.7880626,-0.134398953,CCCCC/C=C\C/C=C\C/C=C\C/C=C\CCCC(=O)OC(C/C=C\CCCCCCCCOC(=O)CCN(CCC(=O)OCCCCCCCC/C=C\CC(CCCCCC)OC(=O)CCC/C=C\C/C=C\C/C=C\C/C=C\CCCCC)CCc1ccncc1)CCCCCC,JW_2024,JW_2024,0
-6.446493,-0.035455333,CCCCC/C=C\C/C=C\C/C=C\C/C=C\CCCC(=O)OC(C/C=C\CCCCCCCCOC(=O)CCN(CCC(=O)OCCCCCCCC/C=C\CC(CCCCCC)OC(=O)CCC/C=C\C/C=C\C/C=C\C/C=C\CCCCC)CCc1ccncc1)CCCCCC,JW_2024,JW_2024,0
-5.5781417,-0.143393827,CCCCC/C=C\C/C=C\C/C=C\C/C=C\CCCC(=O)OC(C/C=C\CCCCCCCCOC(=O)CCN(CCC(=O)OCCCCCCCC/C=C\CC(CCCCCC)OC(=O)CCC/C=C\C/C=C\C/C=C\C/C=C\CCCCC)CCN1CCCC1)CCCCCC,JW_2024,JW_2024,0
-5.4235764,-0.458214434,CCCCC/C=C\C/C=C\C/C=C\C/C=C\CCCC(=O)OC(C/C=C\CCCCCCCCOC(=O)CCN(CCC(=O)OCCCCCCCC/C=C\CC(CCCCCC)OC(=O)CCC/C=C\C/C=C\C/C=C\C/C=C\CCCCC)CCN1CCCC1)CCCCCC,JW_2024,JW_2024,0
-6.739039,0.657150001,CCCCC/C=C\C/C=C\C/C=C\C/C=C\CCCC(=O)OC(C/C=C\CCCCCCCCOC(=O)CCN(CCC(=O)OCCCCCCCC/C=C\CC(CCCCCC)OC(=O)CCC/C=C\C/C=C\C/C=C\C/C=C\CCCCC)CCN1CCCC1)CCCCCC,JW_2024,JW_2024,1
-5.5337124,0.081478035,CCCCC/C=C\C/C=C\C/C=C\C/C=C\CCCC(=O)OC(C/C=C\CCCCCCCCOC(=O)CCN(CCC(=O)OCCCCCCCC/C=C\CC(CCCCCC)OC(=O)CCC/C=C\C/C=C\C/C=C\C/C=C\CCCCC)CCN1CCCC1)CCCCCC,JW_2024,JW_2024,1
-5.6927457,-0.116409204,CCCCC/C=C\C/C=C\C/C=C\C/C=C\CCCC(=O)OC(C/C=C\CCCCCCCCOC(=O)CCN(CCC(=O)OCCCCCCCC/C=C\CC(CCCCCC)OC(=O)CCC/C=C\C/C=C\C/C=C\C/C=C\CCCCC)CCN1CCCC1)CCCCCC,JW_2024,JW_2024,0
-6.681285,-0.413240061,CCCCC/C=C\C/C=C\C/C=C\C/C=C\CCCC(=O)OC(C/C=C\CCCCCCCCOC(=O)CCN(CCC(=O)OCCCCCCCC/C=C\CC(CCCCCC)OC(=O)CCC/C=C\C/C=C\C/C=C\C/C=C\CCCCC)CCN1CCCC1)CCCCCC,JW_2024,JW_2024,0
-6.375035,0.027508788,CCCCC/C=C\C/C=C\C/C=C\C/C=C\CCCC(=O)OC(C/C=C\CCCCCCCCOC(=O)CCN(CCC(=O)OCCCCCCCC/C=C\CC(CCCCCC)OC(=O)CCC/C=C\C/C=C\C/C=C\C/C=C\CCCCC)CCN1CCCC1)CCCCCC,JW_2024,JW_2024,0
-6.620943,-0.332286191,CCCCC/C=C\C/C=C\C/C=C\C/C=C\CCCC(=O)OC(C/C=C\CCCCCCCCOC(=O)CCN(CCC(=O)OCCCCCCCC/C=C\CC(CCCCCC)OC(=O)CCC/C=C\C/C=C\C/C=C\C/C=C\CCCCC)CCN1CCCC1)CCCCCC,JW_2024,JW_2024,0
-6.1333356,1.394729707,CCCCC/C=C\C/C=C\C/C=C\C/C=C\CCCC(=O)OC(C/C=C\CCCCCCCCOC(=O)CCN(CCC(=O)OCCCCCCCC/C=C\CC(CCCCCC)OC(=O)CCC/C=C\C/C=C\C/C=C\C/C=C\CCCCC)CCN1CCCC1)CCCCCC,JW_2024,JW_2024,2
-6.2051454,0.090472909,CCCCC/C=C\C/C=C\C/C=C\C/C=C\CCCC(=O)OC(C/C=C\CCCCCCCCOC(=O)CCN(CCC(=O)OCCCCCCCC/C=C\CC(CCCCCC)OC(=O)CCC/C=C\C/C=C\C/C=C\C/C=C\CCCCC)CCN1CCCC1)CCCCCC,JW_2024,JW_2024,1
-6.729585,1.232821967,CCCCC/C=C\C/C=C\C/C=C\C/C=C\CCCC(=O)OC(C/C=C\CCCCCCCCOC(=O)CCN(CCC(=O)OCCCCCCCC/C=C\CC(CCCCCC)OC(=O)CCC/C=C\C/C=C\C/C=C\C/C=C\CCCCC)CCN1CCCC1)CCCCCC,JW_2024,JW_2024,1
-5.686008,0.07248316,CCCCC/C=C\C/C=C\C/C=C\C/C=C\CCCC(=O)OC(C/C=C\CCCCCCCCOC(=O)CCN(CCC(=O)OCCCCCCCC/C=C\CC(CCCCCC)OC(=O)CCC/C=C\C/C=C\C/C=C\C/C=C\CCCCC)CCN1CCCC1)CCCCCC,JW_2024,JW_2024,1
-6.0717325,-0.026460459,CCCCC/C=C\C/C=C\C/C=C\C/C=C\CCCC(=O)OC(C/C=C\CCCCCCCCOC(=O)CCN(CCC(=O)OCCCCCCCC/C=C\CC(CCCCCC)OC(=O)CCC/C=C\C/C=C\C/C=C\C/C=C\CCCCC)CCN1CCCC1)CCCCCC,JW_2024,JW_2024,0
-6.7835855,0.729108996,CCCCC/C=C\C/C=C\C/C=C\C/C=C\CCCC(=O)OC(C/C=C\CCCCCCCCOC(=O)CCN(CCC(=O)OCCCCCCCC/C=C\CC(CCCCCC)OC(=O)CCC/C=C\C/C=C\C/C=C\C/C=C\CCCCC)CCN1CCCC1)CCCCCC,JW_2024,JW_2024,1
-5.791849,0.33333452,CCCCC/C=C\C/C=C\C/C=C\C/C=C\CCCC(=O)OC(C/C=C\CCCCCCCCOC(=O)CCN(CCC(=O)OCCCCCCCC/C=C\CC(CCCCCC)OC(=O)CCC/C=C\C/C=C\C/C=C\C/C=C\CCCCC)CCN1CCCC1)CCCCCC,JW_2024,JW_2024,1
-5.621925,0.027508788,CCCCC/C=C\C/C=C\C/C=C\C/C=C\CCCC(=O)OC(C/C=C\CCCCCCCCOC(=O)CCN(CCC(=O)OCCCCCCCC/C=C\CC(CCCCCC)OC(=O)CCC/C=C\C/C=C\C/C=C\C/C=C\CCCCC)CCN1CCCC1)CCCCCC,JW_2024,JW_2024,0
-6.84354,0.567201256,CCCCC/C=C\C/C=C\C/C=C\C/C=C\CCCC(=O)OC(C/C=C\CCCCCCCCOC(=O)CCN(CCC(=O)OCCCCCCCC/C=C\CC(CCCCCC)OC(=O)CCC/C=C\C/C=C\C/C=C\C/C=C\CCCCC)CCN1CCCC1)CCCCCC,JW_2024,JW_2024,1
-5.7739224,0.621170503,CCCCC/C=C\C/C=C\C/C=C\C/C=C\CCCC(=O)OC(C/C=C\CCCCCCCCOC(=O)CCN(CCC(=O)OCCCCCCCC/C=C\CC(CCCCCC)OC(=O)CCC/C=C\C/C=C\C/C=C\C/C=C\CCCCC)CCN1CCCC1)CCCCCC,JW_2024,JW_2024,1
-6.826908,0.684134624,CCCCC/C=C\C/C=C\C/C=C\C/C=C\CCCC(=O)OC(C/C=C\CCCCCCCCOC(=O)CCN(CCC(=O)OCCCCCCCC/C=C\CC(CCCCCC)OC(=O)CCC/C=C\C/C=C\C/C=C\C/C=C\CCCCC)CCN1CCCC1)CCCCCC,JW_2024,JW_2024,1
-6.0957,1.952411924,CCCCC/C=C\C/C=C\C/C=C\C/C=C\CCCC(=O)OC(C/C=C\CCCCCCCCOC(=O)CCN(CCC(=O)OCCCCCCCC/C=C\CC(CCCCCC)OC(=O)CCC/C=C\C/C=C\C/C=C\C/C=C\CCCCC)CCN1CCCC1)CCCCCC,JW_2024,JW_2024,3
-6.61513,1.169857845,CCCCC/C=C\C/C=C\C/C=C\C/C=C\CCCC(=O)OC(C/C=C\CCCCCCCCOC(=O)CCN(CCC(=O)OCCCCCCCC/C=C\CC(CCCCCC)OC(=O)CCC/C=C\C/C=C\C/C=C\C/C=C\CCCCC)CCN1CCCC1)CCCCCC,JW_2024,JW_2024,1
-5.624567,0.83704749,CCCCC/C=C\C/C=C\C/C=C\C/C=C\CCCC(=O)OC(C/C=C\CCCCCCCCOC(=O)CCN(CCC(=O)OCCCCCCCC/C=C\CC(CCCCCC)OC(=O)CCC/C=C\C/C=C\C/C=C\C/C=C\CCCCC)CCN1CCCC1)CCCCCC,JW_2024,JW_2024,1
-5.963549,0.91800136,CCCCC/C=C\C/C=C\C/C=C\C/C=C\CCCC(=O)OC(C/C=C\CCCCCCCCOC(=O)CCN(CCC(=O)OCCCCCCCC/C=C\CC(CCCCCC)OC(=O)CCC/C=C\C/C=C\C/C=C\C/C=C\CCCCC)CCN1CCCC1)CCCCCC,JW_2024,JW_2024,1
-6.8533154,1.223827092,CCCCC/C=C\C/C=C\C/C=C\C/C=C\CCCC(=O)OC(C/C=C\CCCCCCCCOC(=O)CCN(CCC(=O)OCCCCCCCC/C=C\CC(CCCCCC)OC(=O)CCC/C=C\C/C=C\C/C=C\C/C=C\CCCCC)CCN1CCCC1)CCCCCC,JW_2024,JW_2024,1
-4.752019,-1.375691629,CCCCC/C=C\C/C=C\C/C=C\C/C=C\CCCC(=O)OC(C/C=C\CCCCCCCCOC(=O)CCN(CCC(=O)OCCCCCCCC/C=C\CC(CCCCCC)OC(=O)CCC/C=C\C/C=C\C/C=C\C/C=C\CCCCC)CCN1CCOCC1)CCCCCC,JW_2024,JW_2024,0
-4.94047,-1.681517361,CCCCC/C=C\C/C=C\C/C=C\C/C=C\CCCC(=O)OC(C/C=C\CCCCCCCCOC(=O)CCN(CCC(=O)OCCCCCCCC/C=C\CC(CCCCCC)OC(=O)CCC/C=C\C/C=C\C/C=C\C/C=C\CCCCC)CCN1CCOCC1)CCCCCC,JW_2024,JW_2024,0
-6.0178385,-1.060871023,CCCCC/C=C\C/C=C\C/C=C\C/C=C\CCCC(=O)OC(C/C=C\CCCCCCCCOC(=O)CCN(CCC(=O)OCCCCCCCC/C=C\CC(CCCCCC)OC(=O)CCC/C=C\C/C=C\C/C=C\C/C=C\CCCCC)CCN1CCOCC1)CCCCCC,JW_2024,JW_2024,0
-4.710575,-0.755045291,CCCCC/C=C\C/C=C\C/C=C\C/C=C\CCCC(=O)OC(C/C=C\CCCCCCCCOC(=O)CCN(CCC(=O)OCCCCCCCC/C=C\CC(CCCCCC)OC(=O)CCC/C=C\C/C=C\C/C=C\C/C=C\CCCCC)CCN1CCOCC1)CCCCCC,JW_2024,JW_2024,0
-4.785476,-1.645537863,CCCCC/C=C\C/C=C\C/C=C\C/C=C\CCCC(=O)OC(C/C=C\CCCCCCCCOC(=O)CCN(CCC(=O)OCCCCCCCC/C=C\CC(CCCCCC)OC(=O)CCC/C=C\C/C=C\C/C=C\C/C=C\CCCCC)CCN1CCOCC1)CCCCCC,JW_2024,JW_2024,0
-5.8431497,-1.330717257,CCCCC/C=C\C/C=C\C/C=C\C/C=C\CCCC(=O)OC(C/C=C\CCCCCCCCOC(=O)CCN(CCC(=O)OCCCCCCCC/C=C\CC(CCCCCC)OC(=O)CCC/C=C\C/C=C\C/C=C\C/C=C\CCCCC)CCN1CCOCC1)CCCCCC,JW_2024,JW_2024,0
-5.7461762,-0.35027594,CCCCC/C=C\C/C=C\C/C=C\C/C=C\CCCC(=O)OC(C/C=C\CCCCCCCCOC(=O)CCN(CCC(=O)OCCCCCCCC/C=C\CC(CCCCCC)OC(=O)CCC/C=C\C/C=C\C/C=C\C/C=C\CCCCC)CCN1CCOCC1)CCCCCC,JW_2024,JW_2024,0
-6.1235604,-1.969353344,CCCCC/C=C\C/C=C\C/C=C\C/C=C\CCCC(=O)OC(C/C=C\CCCCCCCCOC(=O)CCN(CCC(=O)OCCCCCCCC/C=C\CC(CCCCCC)OC(=O)CCC/C=C\C/C=C\C/C=C\C/C=C\CCCCC)CCN1CCOCC1)CCCCCC,JW_2024,JW_2024,0
-5.552022,-0.809014538,CCCCC/C=C\C/C=C\C/C=C\C/C=C\CCCC(=O)OC(C/C=C\CCCCCCCCOC(=O)CCN(CCC(=O)OCCCCCCCC/C=C\CC(CCCCCC)OC(=O)CCC/C=C\C/C=C\C/C=C\C/C=C\CCCCC)CCN1CCOCC1)CCCCCC,JW_2024,JW_2024,0
-5.6560926,-0.880973534,CCCCC/C=C\C/C=C\C/C=C\C/C=C\CCCC(=O)OC(C/C=C\CCCCCCCCOC(=O)CCN(CCC(=O)OCCCCCCCC/C=C\CC(CCCCCC)OC(=O)CCC/C=C\C/C=C\C/C=C\C/C=C\CCCCC)CCN1CCOCC1)CCCCCC,JW_2024,JW_2024,0
-5.981482,0.666144875,CCCCC/C=C\C/C=C\C/C=C\C/C=C\CCCC(=O)OC(C/C=C\CCCCCCCCOC(=O)CCN(CCC(=O)OCCCCCCCC/C=C\CC(CCCCCC)OC(=O)CCC/C=C\C/C=C\C/C=C\C/C=C\CCCCC)CCN1CCOCC1)CCCCCC,JW_2024,JW_2024,1
-5.3352222,-1.519609621,CCCCC/C=C\C/C=C\C/C=C\C/C=C\CCCC(=O)OC(C/C=C\CCCCCCCCOC(=O)CCN(CCC(=O)OCCCCCCCC/C=C\CC(CCCCCC)OC(=O)CCC/C=C\C/C=C\C/C=C\C/C=C\CCCCC)CCN1CCOCC1)CCCCCC,JW_2024,JW_2024,0
-5.5208106,-1.438655751,CCCCC/C=C\C/C=C\C/C=C\C/C=C\CCCC(=O)OC(C/C=C\CCCCCCCCOC(=O)CCN(CCC(=O)OCCCCCCCC/C=C\CC(CCCCCC)OC(=O)CCC/C=C\C/C=C\C/C=C\C/C=C\CCCCC)CCN1CCOCC1)CCCCCC,JW_2024,JW_2024,0
-5.9959807,-0.422234936,CCCCC/C=C\C/C=C\C/C=C\C/C=C\CCCC(=O)OC(C/C=C\CCCCCCCCOC(=O)CCN(CCC(=O)OCCCCCCCC/C=C\CC(CCCCCC)OC(=O)CCC/C=C\C/C=C\C/C=C\C/C=C\CCCCC)CCN1CCOCC1)CCCCCC,JW_2024,JW_2024,0
-3.0735214,-0.683086295,CCCCC/C=C\C/C=C\C/C=C\C/C=C\CCCC(=O)OC(C/C=C\CCCCCCCCOC(=O)CCN(CCCN(CC)CC)CCC(=O)OCCCCCCCC/C=C\CC(CCCCCC)OC(=O)CCC/C=C\C/C=C\C/C=C\C/C=C\CCCCC)CCCCCC,JW_2024,JW_2024,0
-3.2333086,-0.359270814,CCCCC/C=C\C/C=C\C/C=C\C/C=C\CCCC(=O)OC(C/C=C\CCCCCCCCOC(=O)CCN(CCCN(CC)CC)CCC(=O)OCCCCCCCC/C=C\CC(CCCCCC)OC(=O)CCC/C=C\C/C=C\C/C=C\C/C=C\CCCCC)CCCCCC,JW_2024,JW_2024,0
-4.4529877,-0.728060668,CCCCC/C=C\C/C=C\C/C=C\C/C=C\CCCC(=O)OC(C/C=C\CCCCCCCCOC(=O)CCN(CCCN(CC)CC)CCC(=O)OCCCCCCCC/C=C\CC(CCCCCC)OC(=O)CCC/C=C\C/C=C\C/C=C\C/C=C\CCCCC)CCCCCC,JW_2024,JW_2024,0
-3.0626485,0.000524164,CCCCC/C=C\C/C=C\C/C=C\C/C=C\CCCC(=O)OC(C/C=C\CCCCCCCCOC(=O)CCN(CCCN(CC)CC)CCC(=O)OCCCCCCCC/C=C\CC(CCCCCC)OC(=O)CCC/C=C\C/C=C\C/C=C\C/C=C\CCCCC)CCCCCC,JW_2024,JW_2024,0
-3.0778553,-0.629117048,CCCCC/C=C\C/C=C\C/C=C\C/C=C\CCCC(=O)OC(C/C=C\CCCCCCCCOC(=O)CCN(CCCN(CC)CC)CCC(=O)OCCCCCCCC/C=C\CC(CCCCCC)OC(=O)CCC/C=C\C/C=C\C/C=C\C/C=C\CCCCC)CCCCCC,JW_2024,JW_2024,0
-4.3393416,0.117457533,CCCCC/C=C\C/C=C\C/C=C\C/C=C\CCCC(=O)OC(C/C=C\CCCCCCCCOC(=O)CCN(CCCN(CC)CC)CCC(=O)OCCCCCCCC/C=C\CC(CCCCCC)OC(=O)CCC/C=C\C/C=C\C/C=C\C/C=C\CCCCC)CCCCCC,JW_2024,JW_2024,1
-4.379603,0.783078243,CCCCC/C=C\C/C=C\C/C=C\C/C=C\CCCC(=O)OC(C/C=C\CCCCCCCCOC(=O)CCN(CCCN(CC)CC)CCC(=O)OCCCCCCCC/C=C\CC(CCCCCC)OC(=O)CCC/C=C\C/C=C\C/C=C\C/C=C\CCCCC)CCCCCC,JW_2024,JW_2024,1
-4.464626,-0.764040165,CCCCC/C=C\C/C=C\C/C=C\C/C=C\CCCC(=O)OC(C/C=C\CCCCCCCCOC(=O)CCN(CCCN(CC)CC)CCC(=O)OCCCCCCCC/C=C\CC(CCCCCC)OC(=O)CCC/C=C\C/C=C\C/C=C\C/C=C\CCCCC)CCCCCC,JW_2024,JW_2024,0
-3.4604971,1.016944979,CCCCC/C=C\C/C=C\C/C=C\C/C=C\CCCC(=O)OC(C/C=C\CCCCCCCCOC(=O)CCN(CCCN(CC)CC)CCC(=O)OCCCCCCCC/C=C\CC(CCCCCC)OC(=O)CCC/C=C\C/C=C\C/C=C\C/C=C\CCCCC)CCCCCC,JW_2024,JW_2024,1
-3.9735105,-0.116409204,CCCCC/C=C\C/C=C\C/C=C\C/C=C\CCCC(=O)OC(C/C=C\CCCCCCCCOC(=O)CCN(CCCN(CC)CC)CCC(=O)OCCCCCCCC/C=C\CC(CCCCCC)OC(=O)CCC/C=C\C/C=C\C/C=C\C/C=C\CCCCC)CCCCCC,JW_2024,JW_2024,0
-4.3377733,0.684134624,CCCCC/C=C\C/C=C\C/C=C\C/C=C\CCCC(=O)OC(C/C=C\CCCCCCCCOC(=O)CCN(CCCN(CC)CC)CCC(=O)OCCCCCCCC/C=C\CC(CCCCCC)OC(=O)CCC/C=C\C/C=C\C/C=C\C/C=C\CCCCC)CCCCCC,JW_2024,JW_2024,1
-3.322602,-0.503188806,CCCCC/C=C\C/C=C\C/C=C\C/C=C\CCCC(=O)OC(C/C=C\CCCCCCCCOC(=O)CCN(CCCN(CC)CC)CCC(=O)OCCCCCCCC/C=C\CC(CCCCCC)OC(=O)CCC/C=C\C/C=C\C/C=C\C/C=C\CCCCC)CCCCCC,JW_2024,JW_2024,0
-3.8287106,-0.152388702,CCCCC/C=C\C/C=C\C/C=C\C/C=C\CCCC(=O)OC(C/C=C\CCCCCCCCOC(=O)CCN(CCCN(CC)CC)CCC(=O)OCCCCCCCC/C=C\CC(CCCCCC)OC(=O)CCC/C=C\C/C=C\C/C=C\C/C=C\CCCCC)CCCCCC,JW_2024,JW_2024,0
-4.5044465,0.594185879,CCCCC/C=C\C/C=C\C/C=C\C/C=C\CCCC(=O)OC(C/C=C\CCCCCCCCOC(=O)CCN(CCCN(CC)CC)CCC(=O)OCCCCCCCC/C=C\CC(CCCCCC)OC(=O)CCC/C=C\C/C=C\C/C=C\C/C=C\CCCCC)CCCCCC,JW_2024,JW_2024,1
-3.200684,0.288360147,CCCCC/C=C\C/C=C\C/C=C\C/C=C\CCCC(=O)OC(C/C=C\CCCCCCCCOC(=O)CCN(CCCN(CC)CC)CCC(=O)OCCCCCCCC/C=C\CC(CCCCCC)OC(=O)CCC/C=C\C/C=C\C/C=C\C/C=C\CCCCC)CCCCCC,JW_2024,JW_2024,1
-3.0840564,-1.060871023,CCCCC/C=C\C/C=C\C/C=C\C/C=C\CCCC(=O)OC(C/C=C\CCCCCCCCOC(=O)CCN(CCCN(CC)CC)CCC(=O)OCCCCCCCC/C=C\CC(CCCCCC)OC(=O)CCC/C=C\C/C=C\C/C=C\C/C=C\CCCCC)CCCCCC,JW_2024,JW_2024,0
-4.6687346,0.57619613,CCCCC/C=C\C/C=C\C/C=C\C/C=C\CCCC(=O)OC(C/C=C\CCCCCCCCOC(=O)CCN(CCCN(CC)CC)CCC(=O)OCCCCCCCC/C=C\CC(CCCCCC)OC(=O)CCC/C=C\C/C=C\C/C=C\C/C=C\CCCCC)CCCCCC,JW_2024,JW_2024,1
-3.2002943,0.953980858,CCCCC/C=C\C/C=C\C/C=C\C/C=C\CCCC(=O)OC(C/C=C\CCCCCCCCOC(=O)CCN(CCCN(CC)CC)CCC(=O)OCCCCCCCC/C=C\CC(CCCCCC)OC(=O)CCC/C=C\C/C=C\C/C=C\C/C=C\CCCCC)CCCCCC,JW_2024,JW_2024,1
-4.4625187,0.998955231,CCCCC/C=C\C/C=C\C/C=C\C/C=C\CCCC(=O)OC(C/C=C\CCCCCCCCOC(=O)CCN(CCCN(CC)CC)CCC(=O)OCCCCCCCC/C=C\CC(CCCCCC)OC(=O)CCC/C=C\C/C=C\C/C=C\C/C=C\CCCCC)CCCCCC,JW_2024,JW_2024,1
-3.543743,1.853468305,CCCCC/C=C\C/C=C\C/C=C\C/C=C\CCCC(=O)OC(C/C=C\CCCCCCCCOC(=O)CCN(CCCN(CC)CC)CCC(=O)OCCCCCCCC/C=C\CC(CCCCCC)OC(=O)CCC/C=C\C/C=C\C/C=C\C/C=C\CCCCC)CCCCCC,JW_2024,JW_2024,2
-3.9779236,0.513232009,CCCCC/C=C\C/C=C\C/C=C\C/C=C\CCCC(=O)OC(C/C=C\CCCCCCCCOC(=O)CCN(CCCN(CC)CC)CCC(=O)OCCCCCCCC/C=C\CC(CCCCCC)OC(=O)CCC/C=C\C/C=C\C/C=C\C/C=C\CCCCC)CCCCCC,JW_2024,JW_2024,1
-2.9819932,1.538647699,CCCCC/C=C\C/C=C\C/C=C\C/C=C\CCCC(=O)OC(C/C=C\CCCCCCCCOC(=O)CCN(CCCN(CC)CC)CCC(=O)OCCCCCCCC/C=C\CC(CCCCCC)OC(=O)CCC/C=C\C/C=C\C/C=C\C/C=C\CCCCC)CCCCCC,JW_2024,JW_2024,2
-3.2950983,0.15343703,CCCCC/C=C\C/C=C\C/C=C\C/C=C\CCCC(=O)OC(C/C=C\CCCCCCCCOC(=O)CCN(CCCN(CC)CC)CCC(=O)OCCCCCCCC/C=C\CC(CCCCCC)OC(=O)CCC/C=C\C/C=C\C/C=C\C/C=C\CCCCC)CCCCCC,JW_2024,JW_2024,1
-4.137528,0.882021862,CCCCC/C=C\C/C=C\C/C=C\C/C=C\CCCC(=O)OC(C/C=C\CCCCCCCCOC(=O)CCN(CCCN(CC)CC)CCC(=O)OCCCCCCCC/C=C\CC(CCCCCC)OC(=O)CCC/C=C\C/C=C\C/C=C\C/C=C\CCCCC)CCCCCC,JW_2024,JW_2024,1
-3.6612153,-0.907958157,CCCCC/C=C\CCC(=O)OC(C/C=C\CCCCCCCCOC(=O)CCN(CCC(=O)OCCCCCCCC/C=C\CC(CCCCCC)OC(=O)CC/C=C\CCCCC)CCN1CCCN(C)CC1)CCCCCC,JW_2024,JW_2024,0
-3.483016,-0.188368199,CCCCC/C=C\CCC(=O)OC(C/C=C\CCCCCCCCOC(=O)CCN(CCC(=O)OCCCCCCCC/C=C\CC(CCCCCC)OC(=O)CC/C=C\CCCCC)CCN1CCCN(C)CC1)CCCCCC,JW_2024,JW_2024,0
-5.4225354,0.018513913,CCCCC/C=C\CCC(=O)OC(C/C=C\CCCCCCCCOC(=O)CCN(CCC(=O)OCCCCCCCC/C=C\CC(CCCCCC)OC(=O)CC/C=C\CCCCC)CCN1CCCN(C)CC1)CCCCCC,JW_2024,JW_2024,0
-3.8633459,0.315344771,CCCCC/C=C\CCC(=O)OC(C/C=C\CCCCCCCCOC(=O)CCN(CCC(=O)OCCCCCCCC/C=C\CC(CCCCCC)OC(=O)CC/C=C\CCCCC)CCN1CCCN(C)CC1)CCCCCC,JW_2024,JW_2024,1
-3.2711067,-0.6111273,CCCCC/C=C\CCC(=O)OC(C/C=C\CCCCCCCCOC(=O)CCN(CCC(=O)OCCCCCCCC/C=C\CC(CCCCCC)OC(=O)CC/C=C\CCCCC)CCN1CCCN(C)CC1)CCCCCC,JW_2024,JW_2024,0
-4.764715,0.081478035,CCCCC/C=C\CCC(=O)OC(C/C=C\CCCCCCCCOC(=O)CCN(CCC(=O)OCCCCCCCC/C=C\CC(CCCCCC)OC(=O)CC/C=C\CCCCC)CCN1CCCN(C)CC1)CCCCCC,JW_2024,JW_2024,1
-4.1101665,1.088903975,CCCCC/C=C\CCC(=O)OC(C/C=C\CCCCCCCCOC(=O)CCN(CCC(=O)OCCCCCCCC/C=C\CC(CCCCCC)OC(=O)CC/C=C\CCCCC)CCN1CCCN(C)CC1)CCCCCC,JW_2024,JW_2024,1
-3.9155908,-0.035455333,CCCCC/C=C\CCC(=O)OC(C/C=C\CCCCCCCCOC(=O)CCN(CCC(=O)OCCCCCCCC/C=C\CC(CCCCCC)OC(=O)CC/C=C\CCCCC)CCN1CCCN(C)CC1)CCCCCC,JW_2024,JW_2024,0
-4.0118732,1.736534937,CCCCC/C=C\CCC(=O)OC(C/C=C\CCCCCCCCOC(=O)CCN(CCC(=O)OCCCCCCCC/C=C\CC(CCCCCC)OC(=O)CC/C=C\CCCCC)CCN1CCCN(C)CC1)CCCCCC,JW_2024,JW_2024,2
-3.977099,-0.305301568,CCCCC/C=C\CCC(=O)OC(C/C=C\CCCCCCCCOC(=O)CCN(CCC(=O)OCCCCCCCC/C=C\CC(CCCCCC)OC(=O)CC/C=C\CCCCC)CCN1CCCN(C)CC1)CCCCCC,JW_2024,JW_2024,0
-5.116,1.349755335,CCCCC/C=C\CCC(=O)OC(C/C=C\CCCCCCCCOC(=O)CCN(CCC(=O)OCCCCCCCC/C=C\CC(CCCCCC)OC(=O)CC/C=C\CCCCC)CCN1CCCN(C)CC1)CCCCCC,JW_2024,JW_2024,2
-3.7172747,-0.260327195,CCCCC/C=C\CCC(=O)OC(C/C=C\CCCCCCCCOC(=O)CCN(CCC(=O)OCCCCCCCC/C=C\CC(CCCCCC)OC(=O)CC/C=C\CCCCC)CCN1CCCN(C)CC1)CCCCCC,JW_2024,JW_2024,0
-3.824685,-0.305301568,CCCCC/C=C\CCC(=O)OC(C/C=C\CCCCCCCCOC(=O)CCN(CCC(=O)OCCCCCCCC/C=C\CC(CCCCCC)OC(=O)CC/C=C\CCCCC)CCN1CCCN(C)CC1)CCCCCC,JW_2024,JW_2024,0
-5.140368,0.036503662,CCCCC/C=C\CCC(=O)OC(C/C=C\CCCCCCCCOC(=O)CCN(CCC(=O)OCCCCCCCC/C=C\CC(CCCCCC)OC(=O)CC/C=C\CCCCC)CCN1CCCN(C)CC1)CCCCCC,JW_2024,JW_2024,1
-4.210544,0.432278139,CCCCC/C=C\CCC(=O)OC(C/C=C\CCCCCCCCOC(=O)CCN(CCC(=O)OCCCCCCCC/C=C\CC(CCCCCC)OC(=O)CC/C=C\CCCCC)CCN1CCCN(C)CC1)CCCCCC,JW_2024,JW_2024,1
-4.157216,-0.305301568,CCCCC/C=C\CCC(=O)OC(C/C=C\CCCCCCCCOC(=O)CCN(CCC(=O)OCCCCCCCC/C=C\CC(CCCCCC)OC(=O)CC/C=C\CCCCC)CCN1CCCN(C)CC1)CCCCCC,JW_2024,JW_2024,0
-3.8226728,0.846042365,CCCCC/C=C\CCC(=O)OC(C/C=C\CCCCCCCCOC(=O)CCN(CCC(=O)OCCCCCCCC/C=C\CC(CCCCCC)OC(=O)CC/C=C\CCCCC)CCN1CCCN(C)CC1)CCCCCC,JW_2024,JW_2024,1
-3.4914846,0.962975733,CCCCC/C=C\CCC(=O)OC(C/C=C\CCCCCCCCOC(=O)CCN(CCC(=O)OCCCCCCCC/C=C\CC(CCCCCC)OC(=O)CC/C=C\CCCCC)CCN1CCCN(C)CC1)CCCCCC,JW_2024,JW_2024,1
-5.3981133,0.989960356,CCCCC/C=C\CCC(=O)OC(C/C=C\CCCCCCCCOC(=O)CCN(CCC(=O)OCCCCCCCC/C=C\CC(CCCCCC)OC(=O)CC/C=C\CCCCC)CCN1CCCN(C)CC1)CCCCCC,JW_2024,JW_2024,1
-4.05847,1.295786088,CCCCC/C=C\CCC(=O)OC(C/C=C\CCCCCCCCOC(=O)CCN(CCC(=O)OCCCCCCCC/C=C\CC(CCCCCC)OC(=O)CC/C=C\CCCCC)CCN1CCCN(C)CC1)CCCCCC,JW_2024,JW_2024,1
-5.0355444,0.846042365,CCCCC/C=C\CCC(=O)OC(C/C=C\CCCCCCCCOC(=O)CCN(CCC(=O)OCCCCCCCC/C=C\CC(CCCCCC)OC(=O)CC/C=C\CCCCC)CCN1CCCN(C)CC1)CCCCCC,JW_2024,JW_2024,1
-4.0702963,0.846042365,CCCCC/C=C\CCC(=O)OC(C/C=C\CCCCCCCCOC(=O)CCN(CCC(=O)OCCCCCCCC/C=C\CC(CCCCCC)OC(=O)CC/C=C\CCCCC)CCN1CCCN(C)CC1)CCCCCC,JW_2024,JW_2024,1
-4.0842905,0.306349896,CCCCC/C=C\CCC(=O)OC(C/C=C\CCCCCCCCOC(=O)CCN(CCC(=O)OCCCCCCCC/C=C\CC(CCCCCC)OC(=O)CC/C=C\CCCCC)CCN1CCCN(C)CC1)CCCCCC,JW_2024,JW_2024,1
-4.868859,0.621170503,CCCCC/C=C\CCC(=O)OC(C/C=C\CCCCCCCCOC(=O)CCN(CCC(=O)OCCCCCCCC/C=C\CC(CCCCCC)OC(=O)CC/C=C\CCCCC)CCN1CCCN(C)CC1)CCCCCC,JW_2024,JW_2024,1
-5.494685,-1.834430227,CCCCC/C=C\CCC(=O)OC(C/C=C\CCCCCCCCOC(=O)CCN(C)CCCn1ccnc1)CCCCCC,JW_2024,JW_2024,0
-5.5944653,-1.807445604,CCCCC/C=C\CCC(=O)OC(C/C=C\CCCCCCCCOC(=O)CCN(C)CCCn1ccnc1)CCCCCC,JW_2024,JW_2024,0
-7.887178,-1.249763387,CCCCC/C=C\CCC(=O)OC(C/C=C\CCCCCCCCOC(=O)CCN(C)CCCn1ccnc1)CCCCCC,JW_2024,JW_2024,0
-5.5342975,-1.798450729,CCCCC/C=C\CCC(=O)OC(C/C=C\CCCCCCCCOC(=O)CCN(C)CCCn1ccnc1)CCCCCC,JW_2024,JW_2024,0
-5.5861955,-1.771466106,CCCCC/C=C\CCC(=O)OC(C/C=C\CCCCCCCCOC(=O)CCN(C)CCCn1ccnc1)CCCCCC,JW_2024,JW_2024,0
-8.151807,-2.616984306,CCCCC/C=C\CCC(=O)OC(C/C=C\CCCCCCCCOC(=O)CCN(C)CCCn1ccnc1)CCCCCC,JW_2024,JW_2024,0
-6.381529,-1.240768512,CCCCC/C=C\CCC(=O)OC(C/C=C\CCCCCCCCOC(=O)CCN(C)CCCn1ccnc1)CCCCCC,JW_2024,JW_2024,0
-6.3604426,-1.690512236,CCCCC/C=C\CCC(=O)OC(C/C=C\CCCCCCCCOC(=O)CCN(C)CCCn1ccnc1)CCCCCC,JW_2024,JW_2024,0
-6.528827,0.243385775,CCCCC/C=C\CCC(=O)OC(C/C=C\CCCCCCCCOC(=O)CCN(C)CCCn1ccnc1)CCCCCC,JW_2024,JW_2024,1
-6.342401,-1.402676253,CCCCC/C=C\CCC(=O)OC(C/C=C\CCCCCCCCOC(=O)CCN(C)CCCn1ccnc1)CCCCCC,JW_2024,JW_2024,0
-8.19273,0.108462658,CCCCC/C=C\CCC(=O)OC(C/C=C\CCCCCCCCOC(=O)CCN(C)CCCn1ccnc1)CCCCCC,JW_2024,JW_2024,1
-5.82977,-1.717496859,CCCCC/C=C\CCC(=O)OC(C/C=C\CCCCCCCCOC(=O)CCN(C)CCCn1ccnc1)CCCCCC,JW_2024,JW_2024,0
-6.1289334,-1.546594244,CCCCC/C=C\CCC(=O)OC(C/C=C\CCCCCCCCOC(=O)CCN(C)CCCn1ccnc1)CCCCCC,JW_2024,JW_2024,0
-8.256128,-1.186799266,CCCCC/C=C\CCC(=O)OC(C/C=C\CCCCCCCCOC(=O)CCN(C)CCCn1ccnc1)CCCCCC,JW_2024,JW_2024,0
-5.0918417,-0.997906902,CCCCC/C=C\CCC(=O)OC(C/C=C\CCCCCCCCOC(=O)CCN1CCC(c2ccncc2)CC1)CCCCCC,JW_2024,JW_2024,0
-5.22589,-0.898963283,CCCCC/C=C\CCC(=O)OC(C/C=C\CCCCCCCCOC(=O)CCN1CCC(c2ccncc2)CC1)CCCCCC,JW_2024,JW_2024,0
-7.717402,-1.105845395,CCCCC/C=C\CCC(=O)OC(C/C=C\CCCCCCCCOC(=O)CCN1CCC(c2ccncc2)CC1)CCCCCC,JW_2024,JW_2024,0
-4.950198,-0.638111923,CCCCC/C=C\CCC(=O)OC(C/C=C\CCCCCCCCOC(=O)CCN1CCC(c2ccncc2)CC1)CCCCCC,JW_2024,JW_2024,0
-5.445342,-0.215352823,CCCCC/C=C\CCC(=O)OC(C/C=C\CCCCCCCCOC(=O)CCN1CCC(c2ccncc2)CC1)CCCCCC,JW_2024,JW_2024,0
-8.2850065,-0.835999161,CCCCC/C=C\CCC(=O)OC(C/C=C\CCCCCCCCOC(=O)CCN1CCC(c2ccncc2)CC1)CCCCCC,JW_2024,JW_2024,0
-6.4734163,-0.170378451,CCCCC/C=C\CCC(=O)OC(C/C=C\CCCCCCCCOC(=O)CCN1CCC(c2ccncc2)CC1)CCCCCC,JW_2024,JW_2024,0
-5.867763,-1.53759937,CCCCC/C=C\CCC(=O)OC(C/C=C\CCCCCCCCOC(=O)CCN1CCC(c2ccncc2)CC1)CCCCCC,JW_2024,JW_2024,0
-5.6945515,-1.429660876,CCCCC/C=C\CCC(=O)OC(C/C=C\CCCCCCCCOC(=O)CCN1CCC(c2ccncc2)CC1)CCCCCC,JW_2024,JW_2024,0
-5.9686084,-1.105845395,CCCCC/C=C\CCC(=O)OC(C/C=C\CCCCCCCCOC(=O)CCN1CCC(c2ccncc2)CC1)CCCCCC,JW_2024,JW_2024,0
-7.975963,0.962975733,CCCCC/C=C\CCC(=O)OC(C/C=C\CCCCCCCCOC(=O)CCN1CCC(c2ccncc2)CC1)CCCCCC,JW_2024,JW_2024,1
-5.472807,-1.060871023,CCCCC/C=C\CCC(=O)OC(C/C=C\CCCCCCCCOC(=O)CCN1CCC(c2ccncc2)CC1)CCCCCC,JW_2024,JW_2024,0
-5.829803,-0.943937655,CCCCC/C=C\CCC(=O)OC(C/C=C\CCCCCCCCOC(=O)CCN1CCC(c2ccncc2)CC1)CCCCCC,JW_2024,JW_2024,0
-8.530497,-0.035455333,CCCCC/C=C\CCC(=O)OC(C/C=C\CCCCCCCCOC(=O)CCN1CCC(c2ccncc2)CC1)CCCCCC,JW_2024,JW_2024,0
-4.519316,-1.798450729,CCCCC/C=C\CCC(=O)OC(C/C=C\CCCCCCCCOC(=O)CCN1CCC(c2cccnc2)CC1)CCCCCC,JW_2024,JW_2024,0
-4.6407037,-0.943937655,CCCCC/C=C\CCC(=O)OC(C/C=C\CCCCCCCCOC(=O)CCN1CCC(c2cccnc2)CC1)CCCCCC,JW_2024,JW_2024,0
-7.0944467,-1.168809517,CCCCC/C=C\CCC(=O)OC(C/C=C\CCCCCCCCOC(=O)CCN1CCC(c2cccnc2)CC1)CCCCCC,JW_2024,JW_2024,0
-4.3614063,-1.348707006,CCCCC/C=C\CCC(=O)OC(C/C=C\CCCCCCCCOC(=O)CCN1CCC(c2cccnc2)CC1)CCCCCC,JW_2024,JW_2024,0
-4.9232006,-1.249763387,CCCCC/C=C\CCC(=O)OC(C/C=C\CCCCCCCCOC(=O)CCN1CCC(c2cccnc2)CC1)CCCCCC,JW_2024,JW_2024,0
-7.608395,-1.339712132,CCCCC/C=C\CCC(=O)OC(C/C=C\CCCCCCCCOC(=O)CCN1CCC(c2cccnc2)CC1)CCCCCC,JW_2024,JW_2024,0
-5.7774262,-0.332286191,CCCCC/C=C\CCC(=O)OC(C/C=C\CCCCCCCCOC(=O)CCN1CCC(c2cccnc2)CC1)CCCCCC,JW_2024,JW_2024,0
-5.2789702,-1.690512236,CCCCC/C=C\CCC(=O)OC(C/C=C\CCCCCCCCOC(=O)CCN1CCC(c2cccnc2)CC1)CCCCCC,JW_2024,JW_2024,0
-5.123786,-0.494193931,CCCCC/C=C\CCC(=O)OC(C/C=C\CCCCCCCCOC(=O)CCN1CCC(c2cccnc2)CC1)CCCCCC,JW_2024,JW_2024,0
-5.432977,-1.267753136,CCCCC/C=C\CCC(=O)OC(C/C=C\CCCCCCCCOC(=O)CCN1CCC(c2cccnc2)CC1)CCCCCC,JW_2024,JW_2024,0
-7.299356,0.207406277,CCCCC/C=C\CCC(=O)OC(C/C=C\CCCCCCCCOC(=O)CCN1CCC(c2cccnc2)CC1)CCCCCC,JW_2024,JW_2024,1
-4.9318113,-1.312727508,CCCCC/C=C\CCC(=O)OC(C/C=C\CCCCCCCCOC(=O)CCN1CCC(c2cccnc2)CC1)CCCCCC,JW_2024,JW_2024,0
-5.2761455,-1.330717257,CCCCC/C=C\CCC(=O)OC(C/C=C\CCCCCCCCOC(=O)CCN1CCC(c2cccnc2)CC1)CCCCCC,JW_2024,JW_2024,0
-7.841223,-1.051876148,CCCCC/C=C\CCC(=O)OC(C/C=C\CCCCCCCCOC(=O)CCN1CCC(c2cccnc2)CC1)CCCCCC,JW_2024,JW_2024,0
-2.0818026,-0.314296442,CCCCCCCCC(CCCCCC)C(=O)OC(C/C=C\CCCCCCCCOC(=O)CCN(C)CCCN(C)CCCN(C)CCC(=O)OCCCCCCCC/C=C\CC(CCCCCC)OC(=O)C(CCCCCC)CCCCCCCC)CCCCC,JW_2024,JW_2024,0
-1.8024228,0.045498537,CCCCCCCCC(CCCCCC)C(=O)OC(C/C=C\CCCCCCCCOC(=O)CCN(C)CCCN(C)CCCN(C)CCC(=O)OCCCCCCCC/C=C\CC(CCCCCC)OC(=O)C(CCCCCC)CCCCCCCC)CCCCC,JW_2024,JW_2024,1
-2.3346634,-0.116409204,CCCCCCCCC(CCCCCC)C(=O)OC(C/C=C\CCCCCCCCOC(=O)CCN(C)CCCN(C)CCCN(C)CCC(=O)OCCCCCCCC/C=C\CC(CCCCCC)OC(=O)C(CCCCCC)CCCCCCCC)CCCCC,JW_2024,JW_2024,0
-2.089059,-0.746050417,CCCCCCCCC(CCCCCC)C(=O)OC(C/C=C\CCCCCCCCOC(=O)CCN(C)CCCN(C)CCCN(C)CCC(=O)OCCCCCCCC/C=C\CC(CCCCCC)OC(=O)C(CCCCCC)CCCCCCCC)CCCCC,JW_2024,JW_2024,0
-2.4196196,0.387303767,CCCCCCCCC(CCCCCC)C(=O)OC(C/C=C\CCCCCCCCOC(=O)CCN(C)CCCN(C)CCCN(C)CCC(=O)OCCCCCCCC/C=C\CC(CCCCCC)OC(=O)C(CCCCCC)CCCCCCCC)CCCCC,JW_2024,JW_2024,1
-2.3602114,-0.314296442,CCCCCCCCC(CCCCCC)C(=O)OC(C/C=C\CCCCCCCCOC(=O)CCN(C)CCCN(C)CCCN(C)CCC(=O)OCCCCCCCC/C=C\CC(CCCCCC)OC(=O)C(CCCCCC)CCCCCCCC)CCCCC,JW_2024,JW_2024,0
-2.2123811,0.846042365,CCCCCCCCC(CCCCCC)C(=O)OC(C/C=C\CCCCCCCCOC(=O)CCN(C)CCCN(C)CCCN(C)CCC(=O)OCCCCCCCC/C=C\CC(CCCCCC)OC(=O)C(CCCCCC)CCCCCCCC)CCCCC,JW_2024,JW_2024,1
-2.626652,-0.26932207,CCCCCCCCC(CCCCCC)C(=O)OC(C/C=C\CCCCCCCCOC(=O)CCN(C)CCCN(C)CCCN(C)CCC(=O)OCCCCCCCC/C=C\CC(CCCCCC)OC(=O)C(CCCCCC)CCCCCCCC)CCCCC,JW_2024,JW_2024,0
-2.4159381,1.115888599,CCCCCCCCC(CCCCCC)C(=O)OC(C/C=C\CCCCCCCCOC(=O)CCN(C)CCCN(C)CCCN(C)CCC(=O)OCCCCCCCC/C=C\CC(CCCCCC)OC(=O)C(CCCCCC)CCCCCCCC)CCCCC,JW_2024,JW_2024,1
-2.4835064,-0.584142676,CCCCCCCCC(CCCCCC)C(=O)OC(C/C=C\CCCCCCCCOC(=O)CCN(C)CCCN(C)CCCN(C)CCC(=O)OCCCCCCCC/C=C\CC(CCCCCC)OC(=O)C(CCCCCC)CCCCCCCC)CCCCC,JW_2024,JW_2024,0
-2.4745595,1.088903975,CCCCCCCCC(CCCCCC)C(=O)OC(C/C=C\CCCCCCCCOC(=O)CCN(C)CCCN(C)CCCN(C)CCC(=O)OCCCCCCCC/C=C\CC(CCCCCC)OC(=O)C(CCCCCC)CCCCCCCC)CCCCC,JW_2024,JW_2024,1
-2.1140263,0.018513913,CCCCCCCCC(CCCCCC)C(=O)OC(C/C=C\CCCCCCCCOC(=O)CCN(C)CCCN(C)CCCN(C)CCC(=O)OCCCCCCCC/C=C\CC(CCCCCC)OC(=O)C(CCCCCC)CCCCCCCC)CCCCC,JW_2024,JW_2024,0
-2.3870606,-0.539168304,CCCCCCCCC(CCCCCC)C(=O)OC(C/C=C\CCCCCCCCOC(=O)CCN(C)CCCN(C)CCCN(C)CCC(=O)OCCCCCCCC/C=C\CC(CCCCCC)OC(=O)C(CCCCCC)CCCCCCCC)CCCCC,JW_2024,JW_2024,0
-2.4556522,0.567201256,CCCCCCCCC(CCCCCC)C(=O)OC(C/C=C\CCCCCCCCOC(=O)CCN(C)CCCN(C)CCCN(C)CCC(=O)OCCCCCCCC/C=C\CC(CCCCCC)OC(=O)C(CCCCCC)CCCCCCCC)CCCCC,JW_2024,JW_2024,1
-2.5908859,-0.017465585,CCCCCCCCC(CCCCCC)C(=O)OC(C/C=C\CCCCCCCCOC(=O)CCN(C)CCCN(C)CCCN(C)CCC(=O)OCCCCCCCC/C=C\CC(CCCCCC)OC(=O)C(CCCCCC)CCCCCCCC)CCCCC,JW_2024,JW_2024,0
-2.4310992,-0.377260563,CCCCCCCCC(CCCCCC)C(=O)OC(C/C=C\CCCCCCCCOC(=O)CCN(C)CCCN(C)CCCN(C)CCC(=O)OCCCCCCCC/C=C\CC(CCCCCC)OC(=O)C(CCCCCC)CCCCCCCC)CCCCC,JW_2024,JW_2024,0
-2.8174918,0.711119248,CCCCCCCCC(CCCCCC)C(=O)OC(C/C=C\CCCCCCCCOC(=O)CCN(C)CCCN(C)CCCN(C)CCC(=O)OCCCCCCCC/C=C\CC(CCCCCC)OC(=O)C(CCCCCC)CCCCCCCC)CCCCC,JW_2024,JW_2024,1
-2.4525151,-0.143393827,CCCCCCCCC(CCCCCC)C(=O)OC(C/C=C\CCCCCCCCOC(=O)CCN(C)CCCN(C)CCCN(C)CCC(=O)OCCCCCCCC/C=C\CC(CCCCCC)OC(=O)C(CCCCCC)CCCCCCCC)CCCCC,JW_2024,JW_2024,0
-3.4910896,0.117457533,CCCCCCCCC(CCCCCC)C(=O)OC(C/C=C\CCCCCCCCOC(=O)CCN(C)CCCN(C)CCCN(C)CCC(=O)OCCCCCCCC/C=C\CC(CCCCCC)OC(=O)C(CCCCCC)CCCCCCCC)CCCCC,JW_2024,JW_2024,1
-1.7859544,1.52065795,CCCCCCCCC(CCCCCC)C(=O)OC(C/C=C\CCCCCCCCOC(=O)CCN(C)CCCN(C)CCCN(C)CCC(=O)OCCCCCCCC/C=C\CC(CCCCCC)OC(=O)C(CCCCCC)CCCCCCCC)CCCCC,JW_2024,JW_2024,2
-2.0290668,0.891016737,CCCCCCCCC(CCCCCC)C(=O)OC(C/C=C\CCCCCCCCOC(=O)CCN(C)CCCN(C)CCCN(C)CCC(=O)OCCCCCCCC/C=C\CC(CCCCCC)OC(=O)C(CCCCCC)CCCCCCCC)CCCCC,JW_2024,JW_2024,1
-1.9805073,0.953980858,CCCCCCCCC(CCCCCC)C(=O)OC(C/C=C\CCCCCCCCOC(=O)CCN(C)CCCN(C)CCCN(C)CCC(=O)OCCCCCCCC/C=C\CC(CCCCCC)OC(=O)C(CCCCCC)CCCCCCCC)CCCCC,JW_2024,JW_2024,1
-2.3840694,-0.314296442,CCCCCCCCC(CCCCCC)C(=O)OC(C/C=C\CCCCCCCCOC(=O)CCN(C)CCCN(C)CCCN(C)CCC(=O)OCCCCCCCC/C=C\CC(CCCCCC)OC(=O)C(CCCCCC)CCCCCCCC)CCCCC,JW_2024,JW_2024,0
-2.756564,-0.026460459,CCCCCCCCC(CCCCCC)C(=O)OC(C/C=C\CCCCCCCCOC(=O)CCN(C)CCCN(C)CCCN(C)CCC(=O)OCCCCCCCC/C=C\CC(CCCCCC)OC(=O)C(CCCCCC)CCCCCCCC)CCCCC,JW_2024,JW_2024,0
-0.2920344,-1.69950711,CCCCCCCCC(CCCCCC)C(=O)OC(C/C=C\CCCCCCCCOC(=O)CCN(CCCN1CCN(C)CC1)CCC(=O)OCCCCCCCC/C=C\CC(CCCCCC)OC(=O)C(CCCCCC)CCCCCCCC)CCCCCC,JW_2024,JW_2024,0
-0.520745,-0.791024789,CCCCCCCCC(CCCCCC)C(=O)OC(C/C=C\CCCCCCCCOC(=O)CCN(CCCN1CCN(C)CC1)CCC(=O)OCCCCCCCC/C=C\CC(CCCCCC)OC(=O)C(CCCCCC)CCCCCCCC)CCCCCC,JW_2024,JW_2024,0
-1.628717,-0.188368199,CCCCCCCCC(CCCCCC)C(=O)OC(C/C=C\CCCCCCCCOC(=O)CCN(CCCN1CCN(C)CC1)CCC(=O)OCCCCCCCC/C=C\CC(CCCCCC)OC(=O)C(CCCCCC)CCCCCCCC)CCCCCC,JW_2024,JW_2024,0
-0.299291,-1.096850521,CCCCCCCCC(CCCCCC)C(=O)OC(C/C=C\CCCCCCCCOC(=O)CCN(CCCN1CCN(C)CC1)CCC(=O)OCCCCCCCC/C=C\CC(CCCCCC)OC(=O)C(CCCCCC)CCCCCCCC)CCCCCC,JW_2024,JW_2024,0
-0.6901147,-0.548163178,CCCCCCCCC(CCCCCC)C(=O)OC(C/C=C\CCCCCCCCOC(=O)CCN(CCCN1CCN(C)CC1)CCC(=O)OCCCCCCCC/C=C\CC(CCCCCC)OC(=O)C(CCCCCC)CCCCCCCC)CCCCCC,JW_2024,JW_2024,0
-1.7183163,-0.404245187,CCCCCCCCC(CCCCCC)C(=O)OC(C/C=C\CCCCCCCCOC(=O)CCN(CCCN1CCN(C)CC1)CCC(=O)OCCCCCCCC/C=C\CC(CCCCCC)OC(=O)C(CCCCCC)CCCCCCCC)CCCCCC,JW_2024,JW_2024,0
-0.93950343,0.027508788,CCCCCCCCC(CCCCCC)C(=O)OC(C/C=C\CCCCCCCCOC(=O)CCN(CCCN1CCN(C)CC1)CCC(=O)OCCCCCCCC/C=C\CC(CCCCCC)OC(=O)C(CCCCCC)CCCCCCCC)CCCCCC,JW_2024,JW_2024,0
-1.3680332,-0.368265689,CCCCCCCCC(CCCCCC)C(=O)OC(C/C=C\CCCCCCCCOC(=O)CCN(CCCN1CCN(C)CC1)CCC(=O)OCCCCCCCC/C=C\CC(CCCCCC)OC(=O)C(CCCCCC)CCCCCCCC)CCCCCC,JW_2024,JW_2024,0
-0.9809538,1.043929603,CCCCCCCCC(CCCCCC)C(=O)OC(C/C=C\CCCCCCCCOC(=O)CCN(CCCN1CCN(C)CC1)CCC(=O)OCCCCCCCC/C=C\CC(CCCCCC)OC(=O)C(CCCCCC)CCCCCCCC)CCCCCC,JW_2024,JW_2024,1
-1.4031096,-0.665096546,CCCCCCCCC(CCCCCC)C(=O)OC(C/C=C\CCCCCCCCOC(=O)CCN(CCCN1CCN(C)CC1)CCC(=O)OCCCCCCCC/C=C\CC(CCCCCC)OC(=O)C(CCCCCC)CCCCCCCC)CCCCCC,JW_2024,JW_2024,0
-1.6494219,1.367745084,CCCCCCCCC(CCCCCC)C(=O)OC(C/C=C\CCCCCCCCOC(=O)CCN(CCCN1CCN(C)CC1)CCC(=O)OCCCCCCCC/C=C\CC(CCCCCC)OC(=O)C(CCCCCC)CCCCCCCC)CCCCCC,JW_2024,JW_2024,2
-0.9972624,-1.11484027,CCCCCCCCC(CCCCCC)C(=O)OC(C/C=C\CCCCCCCCOC(=O)CCN(CCCN1CCN(C)CC1)CCC(=O)OCCCCCCCC/C=C\CC(CCCCCC)OC(=O)C(CCCCCC)CCCCCCCC)CCCCCC,JW_2024,JW_2024,0
-1.2318137,-1.4566455,CCCCCCCCC(CCCCCC)C(=O)OC(C/C=C\CCCCCCCCOC(=O)CCN(CCCN1CCN(C)CC1)CCC(=O)OCCCCCCCC/C=C\CC(CCCCCC)OC(=O)C(CCCCCC)CCCCCCCC)CCCCCC,JW_2024,JW_2024,0
-1.8206611,-0.503188806,CCCCCCCCC(CCCCCC)C(=O)OC(C/C=C\CCCCCCCCOC(=O)CCN(CCCN1CCN(C)CC1)CCC(=O)OCCCCCCCC/C=C\CC(CCCCCC)OC(=O)C(CCCCCC)CCCCCCCC)CCCCCC,JW_2024,JW_2024,0
-1.5725,-0.395250312,CCCCCCCCC(CCCCCC)C(=O)OC(C/C=C\CCCCCCCCOC(=O)CCN(CCCN1CCN(C)CC1)CCC(=O)OCCCCCCCC/C=C\CC(CCCCCC)OC(=O)C(CCCCCC)CCCCCCCC)CCCCCC,JW_2024,JW_2024,0
-0.9209905,-0.566152927,CCCCCCCCC(CCCCCC)C(=O)OC(C/C=C\CCCCCCCCOC(=O)CCN(CCCN1CCN(C)CC1)CCC(=O)OCCCCCCCC/C=C\CC(CCCCCC)OC(=O)C(CCCCCC)CCCCCCCC)CCCCCC,JW_2024,JW_2024,0
-2.621763,0.063488286,CCCCCCCCC(CCCCCC)C(=O)OC(C/C=C\CCCCCCCCOC(=O)CCN(CCCN1CCN(C)CC1)CCC(=O)OCCCCCCCC/C=C\CC(CCCCCC)OC(=O)C(CCCCCC)CCCCCCCC)CCCCCC,JW_2024,JW_2024,1
-0.6546832,1.079909101,CCCCCCCCC(CCCCCC)C(=O)OC(C/C=C\CCCCCCCCOC(=O)CCN(CCCN1CCN(C)CC1)CCC(=O)OCCCCCCCC/C=C\CC(CCCCCC)OC(=O)C(CCCCCC)CCCCCCCC)CCCCCC,JW_2024,JW_2024,1
-0.8618309,1.016944979,CCCCCCCCC(CCCCCC)C(=O)OC(C/C=C\CCCCCCCCOC(=O)CCN(CCCN1CCN(C)CC1)CCC(=O)OCCCCCCCC/C=C\CC(CCCCCC)OC(=O)C(CCCCCC)CCCCCCCC)CCCCCC,JW_2024,JW_2024,1
-0.5394473,0.477252511,CCCCCCCCC(CCCCCC)C(=O)OC(C/C=C\CCCCCCCCOC(=O)CCN(CCCN1CCN(C)CC1)CCC(=O)OCCCCCCCC/C=C\CC(CCCCCC)OC(=O)C(CCCCCC)CCCCCCCC)CCCCCC,JW_2024,JW_2024,1
-0.6563504,-0.539168304,CCCCCCCCC(CCCCCC)C(=O)OC(C/C=C\CCCCCCCCOC(=O)CCN(CCCN1CCN(C)CC1)CCC(=O)OCCCCCCCC/C=C\CC(CCCCCC)OC(=O)C(CCCCCC)CCCCCCCC)CCCCCC,JW_2024,JW_2024,0
-1.6391294,0.000524164,CCCCCCCCC(CCCCCC)C(=O)OC(C/C=C\CCCCCCCCOC(=O)CCN(CCCN1CCN(C)CC1)CCC(=O)OCCCCCCCC/C=C\CC(CCCCCC)OC(=O)C(CCCCCC)CCCCCCCC)CCCCCC,JW_2024,JW_2024,0
-1.4494424,-1.141824893,CCCCCCCCC(CCCCCC)C(=O)OC(C/C=C\CCCCCCCCOC(=O)CCN(C)CCCCCCN(C)CCC(=O)OCCCCCCCC/C=C\CC(CCCCCC)OC(=O)C(CCCCCC)CCCCCCCC)CCCCC,JW_2024,JW_2024,0
-1.3662513,-1.078860772,CCCCCCCCC(CCCCCC)C(=O)OC(C/C=C\CCCCCCCCOC(=O)CCN(C)CCCCCCN(C)CCC(=O)OCCCCCCCC/C=C\CC(CCCCCC)OC(=O)C(CCCCCC)CCCCCCCC)CCCCC,JW_2024,JW_2024,0
-1.919405,-0.51218368,CCCCCCCCC(CCCCCC)C(=O)OC(C/C=C\CCCCCCCCOC(=O)CCN(C)CCCCCCN(C)CCC(=O)OCCCCCCCC/C=C\CC(CCCCCC)OC(=O)C(CCCCCC)CCCCCCCC)CCCCC,JW_2024,JW_2024,0
-1.786505,-1.069865897,CCCCCCCCC(CCCCCC)C(=O)OC(C/C=C\CCCCCCCCOC(=O)CCN(C)CCCCCCN(C)CCC(=O)OCCCCCCCC/C=C\CC(CCCCCC)OC(=O)C(CCCCCC)CCCCCCCC)CCCCC,JW_2024,JW_2024,0
-1.8202232,-0.629117048,CCCCCCCCC(CCCCCC)C(=O)OC(C/C=C\CCCCCCCCOC(=O)CCN(C)CCCCCCN(C)CCC(=O)OCCCCCCCC/C=C\CC(CCCCCC)OC(=O)C(CCCCCC)CCCCCCCC)CCCCC,JW_2024,JW_2024,0
-1.8129373,-2.005332842,CCCCCCCCC(CCCCCC)C(=O)OC(C/C=C\CCCCCCCCOC(=O)CCN(C)CCCCCCN(C)CCC(=O)OCCCCCCCC/C=C\CC(CCCCCC)OC(=O)C(CCCCCC)CCCCCCCC)CCCCC,JW_2024,JW_2024,0
-1.9541638,0.468257637,CCCCCCCCC(CCCCCC)C(=O)OC(C/C=C\CCCCCCCCOC(=O)CCN(C)CCCCCCN(C)CCC(=O)OCCCCCCCC/C=C\CC(CCCCCC)OC(=O)C(CCCCCC)CCCCCCCC)CCCCC,JW_2024,JW_2024,1
-1.9244004,-1.735486608,CCCCCCCCC(CCCCCC)C(=O)OC(C/C=C\CCCCCCCCOC(=O)CCN(C)CCCCCCN(C)CCC(=O)OCCCCCCCC/C=C\CC(CCCCCC)OC(=O)C(CCCCCC)CCCCCCCC)CCCCC,JW_2024,JW_2024,0
-1.4994344,-0.593137551,CCCCCCCCC(CCCCCC)C(=O)OC(C/C=C\CCCCCCCCOC(=O)CCN(C)CCCCCCN(C)CCC(=O)OCCCCCCCC/C=C\CC(CCCCCC)OC(=O)C(CCCCCC)CCCCCCCC)CCCCC,JW_2024,JW_2024,0
-1.8834355,-0.584142676,CCCCCCCCC(CCCCCC)C(=O)OC(C/C=C\CCCCCCCCOC(=O)CCN(C)CCCCCCN(C)CCC(=O)OCCCCCCCC/C=C\CC(CCCCCC)OC(=O)C(CCCCCC)CCCCCCCC)CCCCC,JW_2024,JW_2024,0
-2.0194335,-0.080429706,CCCCCCCCC(CCCCCC)C(=O)OC(C/C=C\CCCCCCCCOC(=O)CCN(C)CCCCCCN(C)CCC(=O)OCCCCCCCC/C=C\CC(CCCCCC)OC(=O)C(CCCCCC)CCCCCCCC)CCCCC,JW_2024,JW_2024,0
-1.3617665,-1.429660876,CCCCCCCCC(CCCCCC)C(=O)OC(C/C=C\CCCCCCCCOC(=O)CCN(C)CCCCCCN(C)CCC(=O)OCCCCCCCC/C=C\CC(CCCCCC)OC(=O)C(CCCCCC)CCCCCCCC)CCCCC,JW_2024,JW_2024,0
-1.6340226,-0.584142676,CCCCCCCCC(CCCCCC)C(=O)OC(C/C=C\CCCCCCCCOC(=O)CCN(C)CCCCCCN(C)CCC(=O)OCCCCCCCC/C=C\CC(CCCCCC)OC(=O)C(CCCCCC)CCCCCCCC)CCCCC,JW_2024,JW_2024,0
-2.0021281,-0.08942458,CCCCCCCCC(CCCCCC)C(=O)OC(C/C=C\CCCCCCCCOC(=O)CCN(C)CCCCCCN(C)CCC(=O)OCCCCCCCC/C=C\CC(CCCCCC)OC(=O)C(CCCCCC)CCCCCCCC)CCCCC,JW_2024,JW_2024,0
-2.4860804,-0.305301568,CCCCC/C=C\CCC(=O)OC(C/C=C\CCCCCCCCOC(=O)CCN(C)CCCN(C)CCCN(C)CCC(=O)OCCCCCCCC/C=C\CC(CCCCCC)OC(=O)CC/C=C\CCCCC)CCCCC,JW_2024,JW_2024,0
-2.767419,0.135447281,CCCCC/C=C\CCC(=O)OC(C/C=C\CCCCCCCCOC(=O)CCN(C)CCCN(C)CCCN(C)CCC(=O)OCCCCCCCC/C=C\CC(CCCCCC)OC(=O)CC/C=C\CCCCC)CCCCC,JW_2024,JW_2024,1
-5.1431847,0.873026988,CCCCC/C=C\CCC(=O)OC(C/C=C\CCCCCCCCOC(=O)CCN(C)CCCN(C)CCCN(C)CCC(=O)OCCCCCCCC/C=C\CC(CCCCCC)OC(=O)CC/C=C\CCCCC)CCCCC,JW_2024,JW_2024,1
-3.011317,-0.764040165,CCCCC/C=C\CCC(=O)OC(C/C=C\CCCCCCCCOC(=O)CCN(C)CCCN(C)CCCN(C)CCC(=O)OCCCCCCCC/C=C\CC(CCCCCC)OC(=O)CC/C=C\CCCCC)CCCCC,JW_2024,JW_2024,0
-2.5583806,-0.161383576,CCCCC/C=C\CCC(=O)OC(C/C=C\CCCCCCCCOC(=O)CCN(C)CCCN(C)CCCN(C)CCC(=O)OCCCCCCCC/C=C\CC(CCCCCC)OC(=O)CC/C=C\CCCCC)CCCCC,JW_2024,JW_2024,0
-4.4537625,0.018513913,CCCCC/C=C\CCC(=O)OC(C/C=C\CCCCCCCCOC(=O)CCN(C)CCCN(C)CCCN(C)CCC(=O)OCCCCCCCC/C=C\CC(CCCCCC)OC(=O)CC/C=C\CCCCC)CCCCC,JW_2024,JW_2024,0
-3.7177455,1.439704079,CCCCC/C=C\CCC(=O)OC(C/C=C\CCCCCCCCOC(=O)CCN(C)CCCN(C)CCCN(C)CCC(=O)OCCCCCCCC/C=C\CC(CCCCCC)OC(=O)CC/C=C\CCCCC)CCCCC,JW_2024,JW_2024,2
-3.7372718,-0.188368199,CCCCC/C=C\CCC(=O)OC(C/C=C\CCCCCCCCOC(=O)CCN(C)CCCN(C)CCCN(C)CCC(=O)OCCCCCCCC/C=C\CC(CCCCCC)OC(=O)CC/C=C\CCCCC)CCCCC,JW_2024,JW_2024,0
-3.2765214,1.745529811,CCCCC/C=C\CCC(=O)OC(C/C=C\CCCCCCCCOC(=O)CCN(C)CCCN(C)CCCN(C)CCC(=O)OCCCCCCCC/C=C\CC(CCCCCC)OC(=O)CC/C=C\CCCCC)CCCCC,JW_2024,JW_2024,2
-3.8255403,-0.215352823,CCCCC/C=C\CCC(=O)OC(C/C=C\CCCCCCCCOC(=O)CCN(C)CCCN(C)CCCN(C)CCC(=O)OCCCCCCCC/C=C\CC(CCCCCC)OC(=O)CC/C=C\CCCCC)CCCCC,JW_2024,JW_2024,0
-4.737871,1.376739958,CCCCC/C=C\CCC(=O)OC(C/C=C\CCCCCCCCOC(=O)CCN(C)CCCN(C)CCCN(C)CCC(=O)OCCCCCCCC/C=C\CC(CCCCCC)OC(=O)CC/C=C\CCCCC)CCCCC,JW_2024,JW_2024,2
-3.2695303,0.216401152,CCCCC/C=C\CCC(=O)OC(C/C=C\CCCCCCCCOC(=O)CCN(C)CCCN(C)CCCN(C)CCC(=O)OCCCCCCCC/C=C\CC(CCCCCC)OC(=O)CC/C=C\CCCCC)CCCCC,JW_2024,JW_2024,1
-3.690957,0.810062867,CCCCC/C=C\CCC(=O)OC(C/C=C\CCCCCCCCOC(=O)CCN(C)CCCN(C)CCCN(C)CCC(=O)OCCCCCCCC/C=C\CC(CCCCCC)OC(=O)CC/C=C\CCCCC)CCCCC,JW_2024,JW_2024,1
-4.7962976,0.783078243,CCCCC/C=C\CCC(=O)OC(C/C=C\CCCCCCCCOC(=O)CCN(C)CCCN(C)CCCN(C)CCC(=O)OCCCCCCCC/C=C\CC(CCCCCC)OC(=O)CC/C=C\CCCCC)CCCCC,JW_2024,JW_2024,1
-3.3152325,0.603180754,CCCCC/C=C\CCC(=O)OC(C/C=C\CCCCCCCCOC(=O)CCN(C)CCCN(C)CCCN(C)CCC(=O)OCCCCCCCC/C=C\CC(CCCCCC)OC(=O)CC/C=C\CCCCC)CCCCC,JW_2024,JW_2024,1
-3.503565,0.630165377,CCCCC/C=C\CCC(=O)OC(C/C=C\CCCCCCCCOC(=O)CCN(C)CCCN(C)CCCN(C)CCC(=O)OCCCCCCCC/C=C\CC(CCCCCC)OC(=O)CC/C=C\CCCCC)CCCCC,JW_2024,JW_2024,1
-3.4426305,1.511663075,CCCCC/C=C\CCC(=O)OC(C/C=C\CCCCCCCCOC(=O)CCN(C)CCCN(C)CCCN(C)CCC(=O)OCCCCCCCC/C=C\CC(CCCCCC)OC(=O)CC/C=C\CCCCC)CCCCC,JW_2024,JW_2024,2
-2.5857441,1.268801465,CCCCC/C=C\CCC(=O)OC(C/C=C\CCCCCCCCOC(=O)CCN(C)CCCN(C)CCCN(C)CCC(=O)OCCCCCCCC/C=C\CC(CCCCCC)OC(=O)CC/C=C\CCCCC)CCCCC,JW_2024,JW_2024,1
-5.1080437,1.214832218,CCCCC/C=C\CCC(=O)OC(C/C=C\CCCCCCCCOC(=O)CCN(C)CCCN(C)CCCN(C)CCC(=O)OCCCCCCCC/C=C\CC(CCCCCC)OC(=O)CC/C=C\CCCCC)CCCCC,JW_2024,JW_2024,1
-3.5659637,1.898442677,CCCCC/C=C\CCC(=O)OC(C/C=C\CCCCCCCCOC(=O)CCN(C)CCCN(C)CCCN(C)CCC(=O)OCCCCCCCC/C=C\CC(CCCCCC)OC(=O)CC/C=C\CCCCC)CCCCC,JW_2024,JW_2024,2
-4.3209157,0.828052616,CCCCC/C=C\CCC(=O)OC(C/C=C\CCCCCCCCOC(=O)CCN(C)CCCN(C)CCCN(C)CCC(=O)OCCCCCCCC/C=C\CC(CCCCCC)OC(=O)CC/C=C\CCCCC)CCCCC,JW_2024,JW_2024,1
-3.015022,1.60161182,CCCCC/C=C\CCC(=O)OC(C/C=C\CCCCCCCCOC(=O)CCN(C)CCCN(C)CCCN(C)CCC(=O)OCCCCCCCC/C=C\CC(CCCCCC)OC(=O)CC/C=C\CCCCC)CCCCC,JW_2024,JW_2024,2
-2.8554184,0.657150001,CCCCC/C=C\CCC(=O)OC(C/C=C\CCCCCCCCOC(=O)CCN(C)CCCN(C)CCCN(C)CCC(=O)OCCCCCCCC/C=C\CC(CCCCCC)OC(=O)CC/C=C\CCCCC)CCCCC,JW_2024,JW_2024,1
-4.2594385,0.693129499,CCCCC/C=C\CCC(=O)OC(C/C=C\CCCCCCCCOC(=O)CCN(C)CCCN(C)CCCN(C)CCC(=O)OCCCCCCCC/C=C\CC(CCCCCC)OC(=O)CC/C=C\CCCCC)CCCCC,JW_2024,JW_2024,1
-2.705531,-0.332286191,CCCCC/C=C\CCC(=O)OC(C/C=C\CCCCCCCCOC(=O)CCN(CCCN1CCN(C)CC1)CCC(=O)OCCCCCCCC/C=C\CC(CCCCCC)OC(=O)CC/C=C\CCCCC)CCCCCC,JW_2024,JW_2024,0
-2.5558996,0.099467784,CCCCC/C=C\CCC(=O)OC(C/C=C\CCCCCCCCOC(=O)CCN(CCCN1CCN(C)CC1)CCC(=O)OCCCCCCCC/C=C\CC(CCCCCC)OC(=O)CC/C=C\CCCCC)CCCCCC,JW_2024,JW_2024,1
-5.1944737,0.216401152,CCCCC/C=C\CCC(=O)OC(C/C=C\CCCCCCCCOC(=O)CCN(CCCN1CCN(C)CC1)CCC(=O)OCCCCCCCC/C=C\CC(CCCCCC)OC(=O)CC/C=C\CCCCC)CCCCCC,JW_2024,JW_2024,1
-3.0295146,0.558206382,CCCCC/C=C\CCC(=O)OC(C/C=C\CCCCCCCCOC(=O)CCN(CCCN1CCN(C)CC1)CCC(=O)OCCCCCCCC/C=C\CC(CCCCCC)OC(=O)CC/C=C\CCCCC)CCCCCC,JW_2024,JW_2024,1
-2.2340362,-0.08942458,CCCCC/C=C\CCC(=O)OC(C/C=C\CCCCCCCCOC(=O)CCN(CCCN1CCN(C)CC1)CCC(=O)OCCCCCCCC/C=C\CC(CCCCCC)OC(=O)CC/C=C\CCCCC)CCCCCC,JW_2024,JW_2024,0
-4.6468754,-0.656101672,CCCCC/C=C\CCC(=O)OC(C/C=C\CCCCCCCCOC(=O)CCN(CCCN1CCN(C)CC1)CCC(=O)OCCCCCCCC/C=C\CC(CCCCCC)OC(=O)CC/C=C\CCCCC)CCCCCC,JW_2024,JW_2024,0
-3.805375,0.279365273,CCCCC/C=C\CCC(=O)OC(C/C=C\CCCCCCCCOC(=O)CCN(CCCN1CCN(C)CC1)CCC(=O)OCCCCCCCC/C=C\CC(CCCCCC)OC(=O)CC/C=C\CCCCC)CCCCCC,JW_2024,JW_2024,1
-3.2733738,-0.988912027,CCCCC/C=C\CCC(=O)OC(C/C=C\CCCCCCCCOC(=O)CCN(CCCN1CCN(C)CC1)CCC(=O)OCCCCCCCC/C=C\CC(CCCCCC)OC(=O)CC/C=C\CCCCC)CCCCCC,JW_2024,JW_2024,0
-3.0863159,1.565632322,CCCCC/C=C\CCC(=O)OC(C/C=C\CCCCCCCCOC(=O)CCN(CCCN1CCN(C)CC1)CCC(=O)OCCCCCCCC/C=C\CC(CCCCCC)OC(=O)CC/C=C\CCCCC)CCCCCC,JW_2024,JW_2024,2
-3.314098,-0.907958157,CCCCC/C=C\CCC(=O)OC(C/C=C\CCCCCCCCOC(=O)CCN(CCCN1CCN(C)CC1)CCC(=O)OCCCCCCCC/C=C\CC(CCCCCC)OC(=O)CC/C=C\CCCCC)CCCCCC,JW_2024,JW_2024,0
-4.8538055,1.322770711,CCCCC/C=C\CCC(=O)OC(C/C=C\CCCCCCCCOC(=O)CCN(CCCN1CCN(C)CC1)CCC(=O)OCCCCCCCC/C=C\CC(CCCCCC)OC(=O)CC/C=C\CCCCC)CCCCCC,JW_2024,JW_2024,2
-2.840144,0.189416528,CCCCC/C=C\CCC(=O)OC(C/C=C\CCCCCCCCOC(=O)CCN(CCCN1CCN(C)CC1)CCC(=O)OCCCCCCCC/C=C\CC(CCCCCC)OC(=O)CC/C=C\CCCCC)CCCCCC,JW_2024,JW_2024,1
-3.199683,-0.584142676,CCCCC/C=C\CCC(=O)OC(C/C=C\CCCCCCCCOC(=O)CCN(CCCN1CCN(C)CC1)CCC(=O)OCCCCCCCC/C=C\CC(CCCCCC)OC(=O)CC/C=C\CCCCC)CCCCCC,JW_2024,JW_2024,0
-4.974957,-0.377260563,CCCCC/C=C\CCC(=O)OC(C/C=C\CCCCCCCCOC(=O)CCN(CCCN1CCN(C)CC1)CCC(=O)OCCCCCCCC/C=C\CC(CCCCCC)OC(=O)CC/C=C\CCCCC)CCCCCC,JW_2024,JW_2024,0
-3.1439283,0.000524164,CCCCC/C=C\CCC(=O)OC(C/C=C\CCCCCCCCOC(=O)CCN(CCCN1CCN(C)CC1)CCC(=O)OCCCCCCCC/C=C\CC(CCCCCC)OC(=O)CC/C=C\CCCCC)CCCCCC,JW_2024,JW_2024,0
-2.9623392,0.054493411,CCCCC/C=C\CCC(=O)OC(C/C=C\CCCCCCCCOC(=O)CCN(CCCN1CCN(C)CC1)CCC(=O)OCCCCCCCC/C=C\CC(CCCCCC)OC(=O)CC/C=C\CCCCC)CCCCCC,JW_2024,JW_2024,1
-3.0718498,-0.134398953,CCCCC/C=C\CCC(=O)OC(C/C=C\CCCCCCCCOC(=O)CCN(CCCN1CCN(C)CC1)CCC(=O)OCCCCCCCC/C=C\CC(CCCCCC)OC(=O)CC/C=C\CCCCC)CCCCCC,JW_2024,JW_2024,0
-2.2637782,0.234390901,CCCCC/C=C\CCC(=O)OC(C/C=C\CCCCCCCCOC(=O)CCN(CCCN1CCN(C)CC1)CCC(=O)OCCCCCCCC/C=C\CC(CCCCCC)OC(=O)CC/C=C\CCCCC)CCCCCC,JW_2024,JW_2024,1
-5.228784,1.17885272,CCCCC/C=C\CCC(=O)OC(C/C=C\CCCCCCCCOC(=O)CCN(CCCN1CCN(C)CC1)CCC(=O)OCCCCCCCC/C=C\CC(CCCCCC)OC(=O)CC/C=C\CCCCC)CCCCCC,JW_2024,JW_2024,1
-3.7234814,1.547642573,CCCCC/C=C\CCC(=O)OC(C/C=C\CCCCCCCCOC(=O)CCN(CCCN1CCN(C)CC1)CCC(=O)OCCCCCCCC/C=C\CC(CCCCCC)OC(=O)CC/C=C\CCCCC)CCCCCC,JW_2024,JW_2024,2
-4.3695965,1.007950105,CCCCC/C=C\CCC(=O)OC(C/C=C\CCCCCCCCOC(=O)CCN(CCCN1CCN(C)CC1)CCC(=O)OCCCCCCCC/C=C\CC(CCCCCC)OC(=O)CC/C=C\CCCCC)CCCCCC,JW_2024,JW_2024,1
-2.8864334,0.828052616,CCCCC/C=C\CCC(=O)OC(C/C=C\CCCCCCCCOC(=O)CCN(CCCN1CCN(C)CC1)CCC(=O)OCCCCCCCC/C=C\CC(CCCCCC)OC(=O)CC/C=C\CCCCC)CCCCCC,JW_2024,JW_2024,1
-3.1019182,0.063488286,CCCCC/C=C\CCC(=O)OC(C/C=C\CCCCCCCCOC(=O)CCN(CCCN1CCN(C)CC1)CCC(=O)OCCCCCCCC/C=C\CC(CCCCCC)OC(=O)CC/C=C\CCCCC)CCCCCC,JW_2024,JW_2024,1
-4.450124,0.774083369,CCCCC/C=C\CCC(=O)OC(C/C=C\CCCCCCCCOC(=O)CCN(CCCN1CCN(C)CC1)CCC(=O)OCCCCCCCC/C=C\CC(CCCCCC)OC(=O)CC/C=C\CCCCC)CCCCCC,JW_2024,JW_2024,1
-3.2015245,-0.782029914,CCCCC/C=C\CCC(=O)OC(C/C=C\CCCCCCCCOC(=O)CCN(C)CCCCCCN(C)CCC(=O)OCCCCCCCC/C=C\CC(CCCCCC)OC(=O)CC/C=C\CCCCC)CCCCCC,JW_2024,JW_2024,0
-3.2231097,-0.566152927,CCCCC/C=C\CCC(=O)OC(C/C=C\CCCCCCCCOC(=O)CCN(C)CCCCCCN(C)CCC(=O)OCCCCCCCC/C=C\CC(CCCCCC)OC(=O)CC/C=C\CCCCC)CCCCCC,JW_2024,JW_2024,0
-4.83606,-0.530173429,CCCCC/C=C\CCC(=O)OC(C/C=C\CCCCCCCCOC(=O)CCN(C)CCCCCCN(C)CCC(=O)OCCCCCCCC/C=C\CC(CCCCCC)OC(=O)CC/C=C\CCCCC)CCCCCC,JW_2024,JW_2024,0
-3.0095613,-1.402676253,CCCCC/C=C\CCC(=O)OC(C/C=C\CCCCCCCCOC(=O)CCN(C)CCCCCCN(C)CCC(=O)OCCCCCCCC/C=C\CC(CCCCCC)OC(=O)CC/C=C\CCCCC)CCCCCC,JW_2024,JW_2024,0
-3.0653312,-0.35027594,CCCCC/C=C\CCC(=O)OC(C/C=C\CCCCCCCCOC(=O)CCN(C)CCCCCCN(C)CCC(=O)OCCCCCCCC/C=C\CC(CCCCCC)OC(=O)CC/C=C\CCCCC)CCCCCC,JW_2024,JW_2024,0
-4.704186,-1.006901776,CCCCC/C=C\CCC(=O)OC(C/C=C\CCCCCCCCOC(=O)CCN(C)CCCCCCN(C)CCC(=O)OCCCCCCCC/C=C\CC(CCCCCC)OC(=O)CC/C=C\CCCCC)CCCCCC,JW_2024,JW_2024,0
-4.0019646,0.360319143,CCCCC/C=C\CCC(=O)OC(C/C=C\CCCCCCCCOC(=O)CCN(C)CCCCCCN(C)CCC(=O)OCCCCCCCC/C=C\CC(CCCCCC)OC(=O)CC/C=C\CCCCC)CCCCCC,JW_2024,JW_2024,1
-3.3372428,-1.060871023,CCCCC/C=C\CCC(=O)OC(C/C=C\CCCCCCCCOC(=O)CCN(C)CCCCCCN(C)CCC(=O)OCCCCCCCC/C=C\CC(CCCCCC)OC(=O)CC/C=C\CCCCC)CCCCCC,JW_2024,JW_2024,0
-3.5723224,0.585191005,CCCCC/C=C\CCC(=O)OC(C/C=C\CCCCCCCCOC(=O)CCN(C)CCCCCCN(C)CCC(=O)OCCCCCCCC/C=C\CC(CCCCCC)OC(=O)CC/C=C\CCCCC)CCCCCC,JW_2024,JW_2024,1
-3.7955375,0.000524164,CCCCC/C=C\CCC(=O)OC(C/C=C\CCCCCCCCOC(=O)CCN(C)CCCCCCN(C)CCC(=O)OCCCCCCCC/C=C\CC(CCCCCC)OC(=O)CC/C=C\CCCCC)CCCCCC,JW_2024,JW_2024,0
-4.8134766,0.702124373,CCCCC/C=C\CCC(=O)OC(C/C=C\CCCCCCCCOC(=O)CCN(C)CCCCCCN(C)CCC(=O)OCCCCCCCC/C=C\CC(CCCCCC)OC(=O)CC/C=C\CCCCC)CCCCCC,JW_2024,JW_2024,1
-3.3286223,-0.575147802,CCCCC/C=C\CCC(=O)OC(C/C=C\CCCCCCCCOC(=O)CCN(C)CCCCCCN(C)CCC(=O)OCCCCCCCC/C=C\CC(CCCCCC)OC(=O)CC/C=C\CCCCC)CCCCCC,JW_2024,JW_2024,0
-3.2251406,-0.251332321,CCCCC/C=C\CCC(=O)OC(C/C=C\CCCCCCCCOC(=O)CCN(C)CCCCCCN(C)CCC(=O)OCCCCCCCC/C=C\CC(CCCCCC)OC(=O)CC/C=C\CCCCC)CCCCCC,JW_2024,JW_2024,0
-4.660022,-0.098419455,CCCCC/C=C\CCC(=O)OC(C/C=C\CCCCCCCCOC(=O)CCN(C)CCCCCCN(C)CCC(=O)OCCCCCCCC/C=C\CC(CCCCCC)OC(=O)CC/C=C\CCCCC)CCCCCC,JW_2024,JW_2024,0
-3.6800516,-0.332286191,CCCCC/C=C\CCC(=O)OC(C/C=C\CCCCCCCCOC(=O)CCN(C)CCCCCCN(C)CCC(=O)OCCCCCCCC/C=C\CC(CCCCCC)OC(=O)CC/C=C\CCCCC)CCCCCC,JW_2024,JW_2024,0
-3.0743504,-0.43122981,CCCCC/C=C\CCC(=O)OC(C/C=C\CCCCCCCCOC(=O)CCN(C)CCCCCCN(C)CCC(=O)OCCCCCCCC/C=C\CC(CCCCCC)OC(=O)CC/C=C\CCCCC)CCCCCC,JW_2024,JW_2024,0
-5.112066,0.594185879,CCCCC/C=C\CCC(=O)OC(C/C=C\CCCCCCCCOC(=O)CCN(C)CCCCCCN(C)CCC(=O)OCCCCCCCC/C=C\CC(CCCCCC)OC(=O)CC/C=C\CCCCC)CCCCCC,JW_2024,JW_2024,1
-3.7030363,1.142873222,CCCCC/C=C\CCC(=O)OC(C/C=C\CCCCCCCCOC(=O)CCN(C)CCCCCCN(C)CCC(=O)OCCCCCCCC/C=C\CC(CCCCCC)OC(=O)CC/C=C\CCCCC)CCCCCC,JW_2024,JW_2024,1
-4.3509192,-0.43122981,CCCCC/C=C\CCC(=O)OC(C/C=C\CCCCCCCCOC(=O)CCN(C)CCCCCCN(C)CCC(=O)OCCCCCCCC/C=C\CC(CCCCCC)OC(=O)CC/C=C\CCCCC)CCCCCC,JW_2024,JW_2024,0
-3.11503,0.612175628,CCCCC/C=C\CCC(=O)OC(C/C=C\CCCCCCCCOC(=O)CCN(C)CCCCCCN(C)CCC(=O)OCCCCCCCC/C=C\CC(CCCCCC)OC(=O)CC/C=C\CCCCC)CCCCCC,JW_2024,JW_2024,1
-3.5002484,-0.368265689,CCCCC/C=C\CCC(=O)OC(C/C=C\CCCCCCCCOC(=O)CCN(C)CCCCCCN(C)CCC(=O)OCCCCCCCC/C=C\CC(CCCCCC)OC(=O)CC/C=C\CCCCC)CCCCCC,JW_2024,JW_2024,0
-4.2295823,0.07248316,CCCCC/C=C\CCC(=O)OC(C/C=C\CCCCCCCCOC(=O)CCN(C)CCCCCCN(C)CCC(=O)OCCCCCCCC/C=C\CC(CCCCCC)OC(=O)CC/C=C\CCCCC)CCCCCC,JW_2024,JW_2024,1
-3.96742,0.801067992,CCCCC/C=C\CCC(=O)OC(C/C=C\CCCCCCCCOC(=O)CCN(CCCN(CC)CC)CCC(=O)OCCCCCCCC/C=C\CC(CCCCCC)OC(=O)CC/C=C\CCCCC)CCCCCC,JW_2024,JW_2024,1
-3.069611,-0.988912027,CCCCC/C=C\CCC(=O)OC(C/C=C\CCCCCCCCOC(=O)CCN(CCCN(CC)CC)CCC(=O)OCCCCCCCC/C=C\CC(CCCCCC)OC(=O)CC/C=C\CCCCC)CCCCCC,JW_2024,JW_2024,0
-3.5259566,0.612175628,CCCCC/C=C\CCC(=O)OC(C/C=C\CCCCCCCCOC(=O)CCN(CCCN(CC)CC)CCC(=O)OCCCCCCCC/C=C\CC(CCCCCC)OC(=O)CC/C=C\CCCCC)CCCCCC,JW_2024,JW_2024,1
-3.5062253,0.018513913,CCCCC/C=C\CCC(=O)OC(C/C=C\CCCCCCCCOC(=O)CCN(CCCN(CC)CC)CCC(=O)OCCCCCCCC/C=C\CC(CCCCCC)OC(=O)CC/C=C\CCCCC)CCCCCC,JW_2024,JW_2024,0
-4.8689675,1.529652824,CCCCC/C=C\CCC(=O)OC(C/C=C\CCCCCCCCOC(=O)CCN(CCCN(CC)CC)CCC(=O)OCCCCCCCC/C=C\CC(CCCCCC)OC(=O)CC/C=C\CCCCC)CCCCCC,JW_2024,JW_2024,2
-2.6150482,-0.224347697,CCCCC/C=C\CCC(=O)OC(C/C=C\CCCCCCCCOC(=O)CCN(CCCN(CC)CC)CCC(=O)OCCCCCCCC/C=C\CC(CCCCCC)OC(=O)CC/C=C\CCCCC)CCCCCC,JW_2024,JW_2024,0
-2.9351323,0.225396026,CCCCC/C=C\CCC(=O)OC(C/C=C\CCCCCCCCOC(=O)CCN(CCCN(CC)CC)CCC(=O)OCCCCCCCC/C=C\CC(CCCCCC)OC(=O)CC/C=C\CCCCC)CCCCCC,JW_2024,JW_2024,1
-4.865191,0.279365273,CCCCC/C=C\CCC(=O)OC(C/C=C\CCCCCCCCOC(=O)CCN(CCCN(CC)CC)CCC(=O)OCCCCCCCC/C=C\CC(CCCCCC)OC(=O)CC/C=C\CCCCC)CCCCCC,JW_2024,JW_2024,1
-2.9284334,1.09789885,CCCCC/C=C\CCC(=O)OC(C/C=C\CCCCCCCCOC(=O)CCN(CCCN(CC)CC)CCC(=O)OCCCCCCCC/C=C\CC(CCCCCC)OC(=O)CC/C=C\CCCCC)CCCCCC,JW_2024,JW_2024,1
-2.4557674,-0.467209308,CCCCC/C=C\CCC(=O)OC(C/C=C\CCCCCCCCOC(=O)CCN(CCCN(CC)CC)CCC(=O)OCCCCCCCC/C=C\CC(CCCCCC)OC(=O)CC/C=C\CCCCC)CCCCCC,JW_2024,JW_2024,0
-3.4346075,0.15343703,CCCCC/C=C\CCC(=O)OC(C/C=C\CCCCCCCCOC(=O)CCN(CCCN(CC)CC)CCC(=O)OCCCCCCCC/C=C\CC(CCCCCC)OC(=O)CC/C=C\CCCCC)CCCCCC,JW_2024,JW_2024,1
-2.3400187,0.666144875,CCCCC/C=C\CCC(=O)OC(C/C=C\CCCCCCCCOC(=O)CCN(CCCN(CC)CC)CCC(=O)OCCCCCCCC/C=C\CC(CCCCCC)OC(=O)CC/C=C\CCCCC)CCCCCC,JW_2024,JW_2024,1
-5.2275577,0.729108996,CCCCC/C=C\CCC(=O)OC(C/C=C\CCCCCCCCOC(=O)CCN(CCCN(CC)CC)CCC(=O)OCCCCCCCC/C=C\CC(CCCCCC)OC(=O)CC/C=C\CCCCC)CCCCCC,JW_2024,JW_2024,1
-3.8798754,1.934422175,CCCCC/C=C\CCC(=O)OC(C/C=C\CCCCCCCCOC(=O)CCN(CCCN(CC)CC)CCC(=O)OCCCCCCCC/C=C\CC(CCCCCC)OC(=O)CC/C=C\CCCCC)CCCCCC,JW_2024,JW_2024,2
-4.3472233,-0.080429706,CCCCC/C=C\CCC(=O)OC(C/C=C\CCCCCCCCOC(=O)CCN(CCCN(CC)CC)CCC(=O)OCCCCCCCC/C=C\CC(CCCCCC)OC(=O)CC/C=C\CCCCC)CCCCCC,JW_2024,JW_2024,0
-2.8716998,1.214832218,CCCCC/C=C\CCC(=O)OC(C/C=C\CCCCCCCCOC(=O)CCN(CCCN(CC)CC)CCC(=O)OCCCCCCCC/C=C\CC(CCCCCC)OC(=O)CC/C=C\CCCCC)CCCCCC,JW_2024,JW_2024,1
-3.0060654,0.585191005,CCCCC/C=C\CCC(=O)OC(C/C=C\CCCCCCCCOC(=O)CCN(CCCN(CC)CC)CCC(=O)OCCCCCCCC/C=C\CC(CCCCCC)OC(=O)CC/C=C\CCCCC)CCCCCC,JW_2024,JW_2024,1
-4.186668,1.151868096,CCCCC/C=C\CCC(=O)OC(C/C=C\CCCCCCCCOC(=O)CCN(CCCN(CC)CC)CCC(=O)OCCCCCCCC/C=C\CC(CCCCCC)OC(=O)CC/C=C\CCCCC)CCCCCC,JW_2024,JW_2024,1
-5.025819,0.594185879,CCCCC/C=C\CCC(=O)OC(C/C=C\CCCCCCCCOC(=O)CCN(CCCN(C)C)CCC(=O)OCCCCCCCC/C=C\CC(CCCCCC)OC(=O)CC/C=C\CCCCC)CCCCCC,JW_2024,JW_2024,1
-4.7276006,-2.248194453,CCCCC/C=C\CCC(=O)OC(C/C=C\CCCCCCCCOC(=O)CCN(CCCN(C)C)CCC(=O)OCCCCCCCC/C=C\CC(CCCCCC)OC(=O)CC/C=C\CCCCC)CCCCCC,JW_2024,JW_2024,0
-4.9524183,1.403724582,CCCCC/C=C\CCC(=O)OC(C/C=C\CCCCCCCCOC(=O)CCN(CCCN(C)C)CCC(=O)OCCCCCCCC/C=C\CC(CCCCCC)OC(=O)CC/C=C\CCCCC)CCCCCC,JW_2024,JW_2024,2
-4.8675766,-0.044450208,CCCCC/C=C\CCC(=O)OC(C/C=C\CCCCCCCCOC(=O)CCN(CCCN(C)C)CCC(=O)OCCCCCCCC/C=C\CC(CCCCCC)OC(=O)CC/C=C\CCCCC)CCCCCC,JW_2024,JW_2024,0
-6.047999,1.511663075,CCCCC/C=C\CCC(=O)OC(C/C=C\CCCCCCCCOC(=O)CCN(CCCN(C)C)CCC(=O)OCCCCCCCC/C=C\CC(CCCCCC)OC(=O)CC/C=C\CCCCC)CCCCCC,JW_2024,JW_2024,2
-4.421749,0.180421654,CCCCC/C=C\CCC(=O)OC(C/C=C\CCCCCCCCOC(=O)CCN(CCCN(C)C)CCC(=O)OCCCCCCCC/C=C\CC(CCCCCC)OC(=O)CC/C=C\CCCCC)CCCCCC,JW_2024,JW_2024,1
-4.487555,-0.755045291,CCCCC/C=C\CCC(=O)OC(C/C=C\CCCCCCCCOC(=O)CCN(CCCN(C)C)CCC(=O)OCCCCCCCC/C=C\CC(CCCCCC)OC(=O)CC/C=C\CCCCC)CCCCCC,JW_2024,JW_2024,0
-5.9679885,0.57619613,CCCCC/C=C\CCC(=O)OC(C/C=C\CCCCCCCCOC(=O)CCN(CCCN(C)C)CCC(=O)OCCCCCCCC/C=C\CC(CCCCCC)OC(=O)CC/C=C\CCCCC)CCCCCC,JW_2024,JW_2024,1
-4.0868087,0.729108996,CCCCC/C=C\CCC(=O)OC(C/C=C\CCCCCCCCOC(=O)CCN(CCCN(C)C)CCC(=O)OCCCCCCCC/C=C\CC(CCCCCC)OC(=O)CC/C=C\CCCCC)CCCCCC,JW_2024,JW_2024,1
-3.9034123,-0.125404078,CCCCC/C=C\CCC(=O)OC(C/C=C\CCCCCCCCOC(=O)CCN(CCCN(C)C)CCC(=O)OCCCCCCCC/C=C\CC(CCCCCC)OC(=O)CC/C=C\CCCCC)CCCCCC,JW_2024,JW_2024,0
-5.099943,0.684134624,CCCCC/C=C\CCC(=O)OC(C/C=C\CCCCCCCCOC(=O)CCN(CCCN(C)C)CCC(=O)OCCCCCCCC/C=C\CC(CCCCCC)OC(=O)CC/C=C\CCCCC)CCCCCC,JW_2024,JW_2024,1
-3.9813712,0.83704749,CCCCC/C=C\CCC(=O)OC(C/C=C\CCCCCCCCOC(=O)CCN(CCCN(C)C)CCC(=O)OCCCCCCCC/C=C\CC(CCCCCC)OC(=O)CC/C=C\CCCCC)CCCCCC,JW_2024,JW_2024,1
-6.329058,1.457693828,CCCCC/C=C\CCC(=O)OC(C/C=C\CCCCCCCCOC(=O)CCN(CCCN(C)C)CCC(=O)OCCCCCCCC/C=C\CC(CCCCCC)OC(=O)CC/C=C\CCCCC)CCCCCC,JW_2024,JW_2024,2
-4.9064093,1.952411924,CCCCC/C=C\CCC(=O)OC(C/C=C\CCCCCCCCOC(=O)CCN(CCCN(C)C)CCC(=O)OCCCCCCCC/C=C\CC(CCCCCC)OC(=O)CC/C=C\CCCCC)CCCCCC,JW_2024,JW_2024,3
-5.379606,-0.179373325,CCCCC/C=C\CCC(=O)OC(C/C=C\CCCCCCCCOC(=O)CCN(CCCN(C)C)CCC(=O)OCCCCCCCC/C=C\CC(CCCCCC)OC(=O)CC/C=C\CCCCC)CCCCCC,JW_2024,JW_2024,0
-4.2487483,1.565632322,CCCCC/C=C\CCC(=O)OC(C/C=C\CCCCCCCCOC(=O)CCN(CCCN(C)C)CCC(=O)OCCCCCCCC/C=C\CC(CCCCCC)OC(=O)CC/C=C\CCCCC)CCCCCC,JW_2024,JW_2024,2
-4.2940807,1.376739958,CCCCC/C=C\CCC(=O)OC(C/C=C\CCCCCCCCOC(=O)CCN(CCCN(C)C)CCC(=O)OCCCCCCCC/C=C\CC(CCCCCC)OC(=O)CC/C=C\CCCCC)CCCCCC,JW_2024,JW_2024,2
-5.2508516,1.556637448,CCCCC/C=C\CCC(=O)OC(C/C=C\CCCCCCCCOC(=O)CCN(CCCN(C)C)CCC(=O)OCCCCCCCC/C=C\CC(CCCCCC)OC(=O)CC/C=C\CCCCC)CCCCCC,JW_2024,JW_2024,2
-5.118345,0.558206382,CCCCC/C=C\CCC(=O)OC(C/C=C\CCCCCCCCOC(=O)CCN(CCC(=O)OCCCCCCCC/C=C\CC(CCCCCC)OC(=O)CC/C=C\CCCCC)CCN(C)C)CCCCCC,JW_2024,JW_2024,1
-4.434806,-1.096850521,CCCCC/C=C\CCC(=O)OC(C/C=C\CCCCCCCCOC(=O)CCN(CCC(=O)OCCCCCCCC/C=C\CC(CCCCCC)OC(=O)CC/C=C\CCCCC)CCN(C)C)CCCCCC,JW_2024,JW_2024,0
-4.6886935,1.286791213,CCCCC/C=C\CCC(=O)OC(C/C=C\CCCCCCCCOC(=O)CCN(CCC(=O)OCCCCCCCC/C=C\CC(CCCCCC)OC(=O)CC/C=C\CCCCC)CCN(C)C)CCCCCC,JW_2024,JW_2024,1
-4.650278,-0.485199057,CCCCC/C=C\CCC(=O)OC(C/C=C\CCCCCCCCOC(=O)CCN(CCC(=O)OCCCCCCCC/C=C\CC(CCCCCC)OC(=O)CC/C=C\CCCCC)CCN(C)C)CCCCCC,JW_2024,JW_2024,0
-6.289576,1.376739958,CCCCC/C=C\CCC(=O)OC(C/C=C\CCCCCCCCOC(=O)CCN(CCC(=O)OCCCCCCCC/C=C\CC(CCCCCC)OC(=O)CC/C=C\CCCCC)CCN(C)C)CCCCCC,JW_2024,JW_2024,2
-4.254537,-0.017465585,CCCCC/C=C\CCC(=O)OC(C/C=C\CCCCCCCCOC(=O)CCN(CCC(=O)OCCCCCCCC/C=C\CC(CCCCCC)OC(=O)CC/C=C\CCCCC)CCN(C)C)CCCCCC,JW_2024,JW_2024,0
-4.427161,-0.6111273,CCCCC/C=C\CCC(=O)OC(C/C=C\CCCCCCCCOC(=O)CCN(CCC(=O)OCCCCCCCC/C=C\CC(CCCCCC)OC(=O)CC/C=C\CCCCC)CCN(C)C)CCCCCC,JW_2024,JW_2024,0
-6.137205,0.198411403,CCCCC/C=C\CCC(=O)OC(C/C=C\CCCCCCCCOC(=O)CCN(CCC(=O)OCCCCCCCC/C=C\CC(CCCCCC)OC(=O)CC/C=C\CCCCC)CCN(C)C)CCCCCC,JW_2024,JW_2024,1
-4.6856613,-0.332286191,CCCCC/C=C\CCC(=O)OC(C/C=C\CCCCCCCCOC(=O)CCN(CCC(=O)OCCCCCCCC/C=C\CC(CCCCCC)OC(=O)CC/C=C\CCCCC)CCN(C)C)CCCCCC,JW_2024,JW_2024,0
-3.7397182,0.891016737,CCCCC/C=C\CCC(=O)OC(C/C=C\CCCCCCCCOC(=O)CCN(CCC(=O)OCCCCCCCC/C=C\CC(CCCCCC)OC(=O)CC/C=C\CCCCC)CCN(C)C)CCCCCC,JW_2024,JW_2024,1
-6.7005463,0.702124373,CCCCC/C=C\CCC(=O)OC(C/C=C\CCCCCCCCOC(=O)CCN(CCC(=O)OCCCCCCCC/C=C\CC(CCCCCC)OC(=O)CC/C=C\CCCCC)CCN(C)C)CCCCCC,JW_2024,JW_2024,1
-4.7899036,1.547642573,CCCCC/C=C\CCC(=O)OC(C/C=C\CCCCCCCCOC(=O)CCN(CCC(=O)OCCCCCCCC/C=C\CC(CCCCCC)OC(=O)CC/C=C\CCCCC)CCN(C)C)CCCCCC,JW_2024,JW_2024,2
-5.4716206,-0.413240061,CCCCC/C=C\CCC(=O)OC(C/C=C\CCCCCCCCOC(=O)CCN(CCC(=O)OCCCCCCCC/C=C\CC(CCCCCC)OC(=O)CC/C=C\CCCCC)CCN(C)C)CCCCCC,JW_2024,JW_2024,0
-3.8480823,0.909006486,CCCCC/C=C\CCC(=O)OC(C/C=C\CCCCCCCCOC(=O)CCN(CCC(=O)OCCCCCCCC/C=C\CC(CCCCCC)OC(=O)CC/C=C\CCCCC)CCN(C)C)CCCCCC,JW_2024,JW_2024,1
-4.141316,-0.053445082,CCCCC/C=C\CCC(=O)OC(C/C=C\CCCCCCCCOC(=O)CCN(CCC(=O)OCCCCCCCC/C=C\CC(CCCCCC)OC(=O)CC/C=C\CCCCC)CCN(C)C)CCCCCC,JW_2024,JW_2024,0
-5.2881813,0.603180754,CCCCC/C=C\CCC(=O)OC(C/C=C\CCCCCCCCOC(=O)CCN(CCC(=O)OCCCCCCCC/C=C\CC(CCCCCC)OC(=O)CC/C=C\CCCCC)CCN(C)C)CCCCCC,JW_2024,JW_2024,1
-5.531228,0.67513975,CCCCC/C=C\CCC(=O)OC(C/C=C\CCCCCCCCOC(=O)CCN(CCCCN(C)C)CCC(=O)OCCCCCCCC/C=C\CC(CCCCCC)OC(=O)CC/C=C\CCCCC)CCCCCC,JW_2024,JW_2024,1
-5.2937737,-0.260327195,CCCCC/C=C\CCC(=O)OC(C/C=C\CCCCCCCCOC(=O)CCN(CCCCN(C)C)CCC(=O)OCCCCCCCC/C=C\CC(CCCCCC)OC(=O)CC/C=C\CCCCC)CCCCCC,JW_2024,JW_2024,0
-5.5639777,0.953980858,CCCCC/C=C\CCC(=O)OC(C/C=C\CCCCCCCCOC(=O)CCN(CCCCN(C)C)CCC(=O)OCCCCCCCC/C=C\CC(CCCCCC)OC(=O)CC/C=C\CCCCC)CCCCCC,JW_2024,JW_2024,1
-5.602018,0.027508788,CCCCC/C=C\CCC(=O)OC(C/C=C\CCCCCCCCOC(=O)CCN(CCCCN(C)C)CCC(=O)OCCCCCCCC/C=C\CC(CCCCCC)OC(=O)CC/C=C\CCCCC)CCCCCC,JW_2024,JW_2024,0
-6.417864,1.448698954,CCCCC/C=C\CCC(=O)OC(C/C=C\CCCCCCCCOC(=O)CCN(CCCCN(C)C)CCC(=O)OCCCCCCCC/C=C\CC(CCCCCC)OC(=O)CC/C=C\CCCCC)CCCCCC,JW_2024,JW_2024,2
-4.902588,0.369314018,CCCCC/C=C\CCC(=O)OC(C/C=C\CCCCCCCCOC(=O)CCN(CCCCN(C)C)CCC(=O)OCCCCCCCC/C=C\CC(CCCCCC)OC(=O)CC/C=C\CCCCC)CCCCCC,JW_2024,JW_2024,1
-5.0059094,-0.827004287,CCCCC/C=C\CCC(=O)OC(C/C=C\CCCCCCCCOC(=O)CCN(CCCCN(C)C)CCC(=O)OCCCCCCCC/C=C\CC(CCCCCC)OC(=O)CC/C=C\CCCCC)CCCCCC,JW_2024,JW_2024,0
-6.3378553,0.306349896,CCCCC/C=C\CCC(=O)OC(C/C=C\CCCCCCCCOC(=O)CCN(CCCCN(C)C)CCC(=O)OCCCCCCCC/C=C\CC(CCCCCC)OC(=O)CC/C=C\CCCCC)CCCCCC,JW_2024,JW_2024,1
-4.813959,0.081478035,CCCCC/C=C\CCC(=O)OC(C/C=C\CCCCCCCCOC(=O)CCN(CCCCN(C)C)CCC(=O)OCCCCCCCC/C=C\CC(CCCCCC)OC(=O)CC/C=C\CCCCC)CCCCCC,JW_2024,JW_2024,1
-4.5782523,-0.413240061,CCCCC/C=C\CCC(=O)OC(C/C=C\CCCCCCCCOC(=O)CCN(CCCCN(C)C)CCC(=O)OCCCCCCCC/C=C\CC(CCCCCC)OC(=O)CC/C=C\CCCCC)CCCCCC,JW_2024,JW_2024,0
-5.652332,0.396298641,CCCCC/C=C\CCC(=O)OC(C/C=C\CCCCCCCCOC(=O)CCN(CCCCN(C)C)CCC(=O)OCCCCCCCC/C=C\CC(CCCCCC)OC(=O)CC/C=C\CCCCC)CCCCCC,JW_2024,JW_2024,1
-4.772862,0.998955231,CCCCC/C=C\CCC(=O)OC(C/C=C\CCCCCCCCOC(=O)CCN(CCCCN(C)C)CCC(=O)OCCCCCCCC/C=C\CC(CCCCCC)OC(=O)CC/C=C\CCCCC)CCCCCC,JW_2024,JW_2024,1
-6.698924,0.989960356,CCCCC/C=C\CCC(=O)OC(C/C=C\CCCCCCCCOC(=O)CCN(CCCCN(C)C)CCC(=O)OCCCCCCCC/C=C\CC(CCCCCC)OC(=O)CC/C=C\CCCCC)CCCCCC,JW_2024,JW_2024,1
-5.327018,1.925427301,CCCCC/C=C\CCC(=O)OC(C/C=C\CCCCCCCCOC(=O)CCN(CCCCN(C)C)CCC(=O)OCCCCCCCC/C=C\CC(CCCCCC)OC(=O)CC/C=C\CCCCC)CCCCCC,JW_2024,JW_2024,2
-5.883255,-0.26932207,CCCCC/C=C\CCC(=O)OC(C/C=C\CCCCCCCCOC(=O)CCN(CCCCN(C)C)CCC(=O)OCCCCCCCC/C=C\CC(CCCCCC)OC(=O)CC/C=C\CCCCC)CCCCCC,JW_2024,JW_2024,0
-5.006235,1.17885272,CCCCC/C=C\CCC(=O)OC(C/C=C\CCCCCCCCOC(=O)CCN(CCCCN(C)C)CCC(=O)OCCCCCCCC/C=C\CC(CCCCCC)OC(=O)CC/C=C\CCCCC)CCCCCC,JW_2024,JW_2024,1
-5.0002565,1.466688703,CCCCC/C=C\CCC(=O)OC(C/C=C\CCCCCCCCOC(=O)CCN(CCCCN(C)C)CCC(=O)OCCCCCCCC/C=C\CC(CCCCCC)OC(=O)CC/C=C\CCCCC)CCCCCC,JW_2024,JW_2024,2
-5.7497563,1.889447803,CCCCC/C=C\CCC(=O)OC(C/C=C\CCCCCCCCOC(=O)CCN(CCCCN(C)C)CCC(=O)OCCCCCCCC/C=C\CC(CCCCCC)OC(=O)CC/C=C\CCCCC)CCCCCC,JW_2024,JW_2024,2
-4.7817106,-0.053445082,CCCCC/C=C\CCC(=O)OC(C/C=C\CCCCCCCCOC(=O)CCN(CCC(=O)OCCCCCCCC/C=C\CC(CCCCCC)OC(=O)CC/C=C\CCCCC)CCN(CCCC)CCCC)CCCCCC,JW_2024,JW_2024,0
-4.3494363,-2.679948427,CCCCC/C=C\CCC(=O)OC(C/C=C\CCCCCCCCOC(=O)CCN(CCC(=O)OCCCCCCCC/C=C\CC(CCCCCC)OC(=O)CC/C=C\CCCCC)CCN(CCCC)CCCC)CCCCCC,JW_2024,JW_2024,0
-4.4581037,-0.656101672,CCCCC/C=C\CCC(=O)OC(C/C=C\CCCCCCCCOC(=O)CCN(CCC(=O)OCCCCCCCC/C=C\CC(CCCCCC)OC(=O)CC/C=C\CCCCC)CCN(CCCC)CCCC)CCCCCC,JW_2024,JW_2024,0
-4.576687,-1.474635249,CCCCC/C=C\CCC(=O)OC(C/C=C\CCCCCCCCOC(=O)CCN(CCC(=O)OCCCCCCCC/C=C\CC(CCCCCC)OC(=O)CC/C=C\CCCCC)CCN(CCCC)CCCC)CCCCCC,JW_2024,JW_2024,0
-5.5278473,-0.080429706,CCCCC/C=C\CCC(=O)OC(C/C=C\CCCCCCCCOC(=O)CCN(CCC(=O)OCCCCCCCC/C=C\CC(CCCCCC)OC(=O)CC/C=C\CCCCC)CCN(CCCC)CCCC)CCCCCC,JW_2024,JW_2024,0
-4.131594,-1.141824893,CCCCC/C=C\CCC(=O)OC(C/C=C\CCCCCCCCOC(=O)CCN(CCC(=O)OCCCCCCCC/C=C\CC(CCCCCC)OC(=O)CC/C=C\CCCCC)CCN(CCCC)CCCC)CCCCCC,JW_2024,JW_2024,0
-4.4863057,-1.78046098,CCCCC/C=C\CCC(=O)OC(C/C=C\CCCCCCCCOC(=O)CCN(CCC(=O)OCCCCCCCC/C=C\CC(CCCCCC)OC(=O)CC/C=C\CCCCC)CCN(CCCC)CCCC)CCCCCC,JW_2024,JW_2024,0
-5.797192,-0.827004287,CCCCC/C=C\CCC(=O)OC(C/C=C\CCCCCCCCOC(=O)CCN(CCC(=O)OCCCCCCCC/C=C\CC(CCCCCC)OC(=O)CC/C=C\CCCCC)CCN(CCCC)CCCC)CCCCCC,JW_2024,JW_2024,0
-5.250533,0.621170503,CCCCC/C=C\CCC(=O)OC(C/C=C\CCCCCCCCOC(=O)CCN(CCC(=O)OCCCCCCCC/C=C\CC(CCCCCC)OC(=O)CC/C=C\CCCCC)CCN1CCCCC1)CCCCCC,JW_2024,JW_2024,1
-4.2593093,-0.557158053,CCCCC/C=C\CCC(=O)OC(C/C=C\CCCCCCCCOC(=O)CCN(CCC(=O)OCCCCCCCC/C=C\CC(CCCCCC)OC(=O)CC/C=C\CCCCC)CCN1CCCCC1)CCCCCC,JW_2024,JW_2024,0
-4.843345,1.358750209,CCCCC/C=C\CCC(=O)OC(C/C=C\CCCCCCCCOC(=O)CCN(CCC(=O)OCCCCCCCC/C=C\CC(CCCCCC)OC(=O)CC/C=C\CCCCC)CCN1CCCCC1)CCCCCC,JW_2024,JW_2024,2
-4.9082184,-0.494193931,CCCCC/C=C\CCC(=O)OC(C/C=C\CCCCCCCCOC(=O)CCN(CCC(=O)OCCCCCCCC/C=C\CC(CCCCCC)OC(=O)CC/C=C\CCCCC)CCN1CCCCC1)CCCCCC,JW_2024,JW_2024,0
-6.120055,1.358750209,CCCCC/C=C\CCC(=O)OC(C/C=C\CCCCCCCCOC(=O)CCN(CCC(=O)OCCCCCCCC/C=C\CC(CCCCCC)OC(=O)CC/C=C\CCCCC)CCN1CCCCC1)CCCCCC,JW_2024,JW_2024,2
-4.192826,0.342329394,CCCCC/C=C\CCC(=O)OC(C/C=C\CCCCCCCCOC(=O)CCN(CCC(=O)OCCCCCCCC/C=C\CC(CCCCCC)OC(=O)CC/C=C\CCCCC)CCN1CCCCC1)CCCCCC,JW_2024,JW_2024,1
-4.514832,-0.620122174,CCCCC/C=C\CCC(=O)OC(C/C=C\CCCCCCCCOC(=O)CCN(CCC(=O)OCCCCCCCC/C=C\CC(CCCCCC)OC(=O)CC/C=C\CCCCC)CCN1CCCCC1)CCCCCC,JW_2024,JW_2024,0
-6.2043185,0.279365273,CCCCC/C=C\CCC(=O)OC(C/C=C\CCCCCCCCOC(=O)CCN(CCC(=O)OCCCCCCCC/C=C\CC(CCCCCC)OC(=O)CC/C=C\CCCCC)CCN1CCCCC1)CCCCCC,JW_2024,JW_2024,1
-4.55886,0.270370399,CCCCC/C=C\CCC(=O)OC(C/C=C\CCCCCCCCOC(=O)CCN(CCC(=O)OCCCCCCCC/C=C\CC(CCCCCC)OC(=O)CC/C=C\CCCCC)CCN1CCCCC1)CCCCCC,JW_2024,JW_2024,1
-3.8651817,-0.440224685,CCCCC/C=C\CCC(=O)OC(C/C=C\CCCCCCCCOC(=O)CCN(CCC(=O)OCCCCCCCC/C=C\CC(CCCCCC)OC(=O)CC/C=C\CCCCC)CCN1CCCCC1)CCCCCC,JW_2024,JW_2024,0
-4.626099,-0.062439957,CCCCC/C=C\CCC(=O)OC(C/C=C\CCCCCCCCOC(=O)CCN(CCC(=O)OCCCCCCCC/C=C\CC(CCCCCC)OC(=O)CC/C=C\CCCCC)CCN1CCCCC1)CCCCCC,JW_2024,JW_2024,0
-4.0316815,0.891016737,CCCCC/C=C\CCC(=O)OC(C/C=C\CCCCCCCCOC(=O)CCN(CCC(=O)OCCCCCCCC/C=C\CC(CCCCCC)OC(=O)CC/C=C\CCCCC)CCN1CCCCC1)CCCCCC,JW_2024,JW_2024,1
-6.645268,0.909006486,CCCCC/C=C\CCC(=O)OC(C/C=C\CCCCCCCCOC(=O)CCN(CCC(=O)OCCCCCCCC/C=C\CC(CCCCCC)OC(=O)CC/C=C\CCCCC)CCN1CCCCC1)CCCCCC,JW_2024,JW_2024,1
-4.92915,2.033365794,CCCCC/C=C\CCC(=O)OC(C/C=C\CCCCCCCCOC(=O)CCN(CCC(=O)OCCCCCCCC/C=C\CC(CCCCCC)OC(=O)CC/C=C\CCCCC)CCN1CCCCC1)CCCCCC,JW_2024,JW_2024,3
-5.5635405,0.000524164,CCCCC/C=C\CCC(=O)OC(C/C=C\CCCCCCCCOC(=O)CCN(CCC(=O)OCCCCCCCC/C=C\CC(CCCCCC)OC(=O)CC/C=C\CCCCC)CCN1CCCCC1)CCCCCC,JW_2024,JW_2024,0
-4.360506,1.295786088,CCCCC/C=C\CCC(=O)OC(C/C=C\CCCCCCCCOC(=O)CCN(CCC(=O)OCCCCCCCC/C=C\CC(CCCCCC)OC(=O)CC/C=C\CCCCC)CCN1CCCCC1)CCCCCC,JW_2024,JW_2024,1
-4.4784226,0.648155126,CCCCC/C=C\CCC(=O)OC(C/C=C\CCCCCCCCOC(=O)CCN(CCC(=O)OCCCCCCCC/C=C\CC(CCCCCC)OC(=O)CC/C=C\CCCCC)CCN1CCCCC1)CCCCCC,JW_2024,JW_2024,1
-5.555582,0.926996235,CCCCC/C=C\CCC(=O)OC(C/C=C\CCCCCCCCOC(=O)CCN(CCC(=O)OCCCCCCCC/C=C\CC(CCCCCC)OC(=O)CC/C=C\CCCCC)CCN1CCCCC1)CCCCCC,JW_2024,JW_2024,1
-3.597534,0.432278139,CCCCCCC/C=C\CCCCCCCCC(=O)OC(C/C=C\CCCCCCCCOC(=O)CCN(CCCN(CC)CC)CCC(=O)OCCCCCCCC/C=C\CC(CCCCCC)OC(=O)CCCCCCCC/C=C\CCCCCCC)CCCCCC,JW_2024,JW_2024,1
-3.4287915,-1.393681378,CCCCCCC/C=C\CCCCCCCCC(=O)OC(C/C=C\CCCCCCCCOC(=O)CCN(CCCN(CC)CC)CCC(=O)OCCCCCCCC/C=C\CC(CCCCCC)OC(=O)CCCCCCCC/C=C\CCCCCCC)CCCCCC,JW_2024,JW_2024,0
-2.860226,1.349755335,CCCCCCC/C=C\CCCCCCCCC(=O)OC(C/C=C\CCCCCCCCOC(=O)CCN(CCCN(CC)CC)CCC(=O)OCCCCCCCC/C=C\CC(CCCCCC)OC(=O)CCCCCCCC/C=C\CCCCCCC)CCCCCC,JW_2024,JW_2024,2
-3.3175128,0.369314018,CCCCCCC/C=C\CCCCCCCCC(=O)OC(C/C=C\CCCCCCCCOC(=O)CCN(CCCN(CC)CC)CCC(=O)OCCCCCCCC/C=C\CC(CCCCCC)OC(=O)CCCCCCCC/C=C\CCCCCCC)CCCCCC,JW_2024,JW_2024,1
-3.5022066,1.151868096,CCCCCCC/C=C\CCCCCCCCC(=O)OC(C/C=C\CCCCCCCCOC(=O)CCN(CCCN(CC)CC)CCC(=O)OCCCCCCCC/C=C\CC(CCCCCC)OC(=O)CCCCCCCC/C=C\CCCCCCC)CCCCCC,JW_2024,JW_2024,1
-2.9512656,-0.125404078,CCCCCCC/C=C\CCCCCCCCC(=O)OC(C/C=C\CCCCCCCCOC(=O)CCN(CCCN(CC)CC)CCC(=O)OCCCCCCCC/C=C\CC(CCCCCC)OC(=O)CCCCCCCC/C=C\CCCCCCC)CCCCCC,JW_2024,JW_2024,0
-3.2055779,0.531221758,CCCCCCC/C=C\CCCCCCCCC(=O)OC(C/C=C\CCCCCCCCOC(=O)CCN(CCCN(CC)CC)CCC(=O)OCCCCCCCC/C=C\CC(CCCCCC)OC(=O)CCCCCCCC/C=C\CCCCCCC)CCCCCC,JW_2024,JW_2024,1
-3.487441,0.063488286,CCCCCCC/C=C\CCCCCCCCC(=O)OC(C/C=C\CCCCCCCCOC(=O)CCN(CCCN(CC)CC)CCC(=O)OCCCCCCCC/C=C\CC(CCCCCC)OC(=O)CCCCCCCC/C=C\CCCCCCC)CCCCCC,JW_2024,JW_2024,1
-2.79849,0.036503662,CCCCCCC/C=C\CCCCCCCCC(=O)OC(C/C=C\CCCCCCCCOC(=O)CCN(CCCN(CC)CC)CCC(=O)OCCCCCCCC/C=C\CC(CCCCCC)OC(=O)CCCCCCCC/C=C\CCCCCCC)CCCCCC,JW_2024,JW_2024,1
-2.9097755,-0.997906902,CCCCCCC/C=C\CCCCCCCCC(=O)OC(C/C=C\CCCCCCCCOC(=O)CCN(CCCN(CC)CC)CCC(=O)OCCCCCCCC/C=C\CC(CCCCCC)OC(=O)CCCCCCCC/C=C\CCCCCCC)CCCCCC,JW_2024,JW_2024,0
-3.5906324,0.783078243,CCCCCCC/C=C\CCCCCCCCC(=O)OC(C/C=C\CCCCCCCCOC(=O)CCN(CCCN(CC)CC)CCC(=O)OCCCCCCCC/C=C\CC(CCCCCC)OC(=O)CCCCCCCC/C=C\CCCCCCC)CCCCCC,JW_2024,JW_2024,1
-2.7818308,0.783078243,CCCCCCC/C=C\CCCCCCCCC(=O)OC(C/C=C\CCCCCCCCOC(=O)CCN(CCCN(CC)CC)CCC(=O)OCCCCCCCC/C=C\CC(CCCCCC)OC(=O)CCCCCCCC/C=C\CCCCCCC)CCCCCC,JW_2024,JW_2024,1
-3.4761436,0.549211507,CCCCCCC/C=C\CCCCCCCCC(=O)OC(C/C=C\CCCCCCCCOC(=O)CCN(CCCN(CC)CC)CCC(=O)OCCCCCCCC/C=C\CC(CCCCCC)OC(=O)CCCCCCCC/C=C\CCCCCCC)CCCCCC,JW_2024,JW_2024,1
-2.9983034,1.709550314,CCCCCCC/C=C\CCCCCCCCC(=O)OC(C/C=C\CCCCCCCCOC(=O)CCN(CCCN(CC)CC)CCC(=O)OCCCCCCCC/C=C\CC(CCCCCC)OC(=O)CCCCCCCC/C=C\CCCCCCC)CCCCCC,JW_2024,JW_2024,2
-2.7502298,-1.27674801,CCCCCCC/C=C\CCCCCCCCC(=O)OC(C/C=C\CCCCCCCCOC(=O)CCN(CCCN(CC)CC)CCC(=O)OCCCCCCCC/C=C\CC(CCCCCC)OC(=O)CCCCCCCC/C=C\CCCCCCC)CCCCCC,JW_2024,JW_2024,0
-2.5035834,1.277796339,CCCCCCC/C=C\CCCCCCCCC(=O)OC(C/C=C\CCCCCCCCOC(=O)CCN(CCCN(CC)CC)CCC(=O)OCCCCCCCC/C=C\CC(CCCCCC)OC(=O)CCCCCCCC/C=C\CCCCCCC)CCCCCC,JW_2024,JW_2024,1
-2.8055701,0.15343703,CCCCCCC/C=C\CCCCCCCCC(=O)OC(C/C=C\CCCCCCCCOC(=O)CCN(CCCN(CC)CC)CCC(=O)OCCCCCCCC/C=C\CC(CCCCCC)OC(=O)CCCCCCCC/C=C\CCCCCCC)CCCCCC,JW_2024,JW_2024,1
-3.0259318,0.774083369,CCCCCCC/C=C\CCCCCCCCC(=O)OC(C/C=C\CCCCCCCCOC(=O)CCN(CCCN(CC)CC)CCC(=O)OCCCCCCCC/C=C\CC(CCCCCC)OC(=O)CCCCCCCC/C=C\CCCCCCC)CCCCCC,JW_2024,JW_2024,1
-2.6402788,0.387303767,CCCCC/C=C\C/C=C\CCCCCCCC(=O)OC(C/C=C\CCCCCCCCOC(=O)CCN(CCCN(CC)CC)CCC(=O)OCCCCCCCC/C=C\CC(CCCCCC)OC(=O)CCCCCCC/C=C\C/C=C\CCCCC)CCCCCC,JW_2024,JW_2024,1
-2.6014643,-0.979917153,CCCCC/C=C\C/C=C\CCCCCCCC(=O)OC(C/C=C\CCCCCCCCOC(=O)CCN(CCCN(CC)CC)CCC(=O)OCCCCCCCC/C=C\CC(CCCCCC)OC(=O)CCCCCCC/C=C\C/C=C\CCCCC)CCCCCC,JW_2024,JW_2024,0
-2.2180169,1.061919352,CCCCC/C=C\C/C=C\CCCCCCCC(=O)OC(C/C=C\CCCCCCCCOC(=O)CCN(CCCN(CC)CC)CCC(=O)OCCCCCCCC/C=C\CC(CCCCCC)OC(=O)CCCCCCC/C=C\C/C=C\CCCCC)CCCCCC,JW_2024,JW_2024,1
-2.6711252,-0.179373325,CCCCC/C=C\C/C=C\CCCCCCCC(=O)OC(C/C=C\CCCCCCCCOC(=O)CCN(CCCN(CC)CC)CCC(=O)OCCCCCCCC/C=C\CC(CCCCCC)OC(=O)CCCCCCC/C=C\C/C=C\CCCCC)CCCCCC,JW_2024,JW_2024,0
-2.543005,0.450267888,CCCCC/C=C\C/C=C\CCCCCCCC(=O)OC(C/C=C\CCCCCCCCOC(=O)CCN(CCCN(CC)CC)CCC(=O)OCCCCCCCC/C=C\CC(CCCCCC)OC(=O)CCCCCCC/C=C\C/C=C\CCCCC)CCCCCC,JW_2024,JW_2024,1
-2.2866771,0.432278139,CCCCC/C=C\C/C=C\CCCCCCCC(=O)OC(C/C=C\CCCCCCCCOC(=O)CCN(CCCN(CC)CC)CCC(=O)OCCCCCCCC/C=C\CC(CCCCCC)OC(=O)CCCCCCC/C=C\C/C=C\CCCCC)CCCCCC,JW_2024,JW_2024,1
-2.518724,-0.674091421,CCCCC/C=C\C/C=C\CCCCCCCC(=O)OC(C/C=C\CCCCCCCCOC(=O)CCN(CCCN(CC)CC)CCC(=O)OCCCCCCCC/C=C\CC(CCCCCC)OC(=O)CCCCCCC/C=C\C/C=C\CCCCC)CCCCCC,JW_2024,JW_2024,0
-2.6319332,0.67513975,CCCCC/C=C\C/C=C\CCCCCCCC(=O)OC(C/C=C\CCCCCCCCOC(=O)CCN(CCCN(CC)CC)CCC(=O)OCCCCCCCC/C=C\CC(CCCCCC)OC(=O)CCCCCCC/C=C\C/C=C\CCCCC)CCCCCC,JW_2024,JW_2024,1
-2.1473298,0.360319143,CCCCC/C=C\C/C=C\CCCCCCCC(=O)OC(C/C=C\CCCCCCCCOC(=O)CCN(CCCN(CC)CC)CCC(=O)OCCCCCCCC/C=C\CC(CCCCCC)OC(=O)CCCCCCC/C=C\C/C=C\CCCCC)CCCCCC,JW_2024,JW_2024,1
-2.1661458,-0.233342572,CCCCC/C=C\C/C=C\CCCCCCCC(=O)OC(C/C=C\CCCCCCCCOC(=O)CCN(CCCN(CC)CC)CCC(=O)OCCCCCCCC/C=C\CC(CCCCCC)OC(=O)CCCCCCC/C=C\C/C=C\CCCCC)CCCCCC,JW_2024,JW_2024,0
-2.857997,0.765088494,CCCCC/C=C\C/C=C\CCCCCCCC(=O)OC(C/C=C\CCCCCCCCOC(=O)CCN(CCCN(CC)CC)CCC(=O)OCCCCCCCC/C=C\CC(CCCCCC)OC(=O)CCCCCCC/C=C\C/C=C\CCCCC)CCCCCC,JW_2024,JW_2024,1
-2.1483598,0.971970607,CCCCC/C=C\C/C=C\CCCCCCCC(=O)OC(C/C=C\CCCCCCCCOC(=O)CCN(CCCN(CC)CC)CCC(=O)OCCCCCCCC/C=C\CC(CCCCCC)OC(=O)CCCCCCC/C=C\C/C=C\CCCCC)CCCCCC,JW_2024,JW_2024,1
-2.5279522,1.250811716,CCCCC/C=C\C/C=C\CCCCCCCC(=O)OC(C/C=C\CCCCCCCCOC(=O)CCN(CCCN(CC)CC)CCC(=O)OCCCCCCCC/C=C\CC(CCCCCC)OC(=O)CCCCCCC/C=C\C/C=C\CCCCC)CCCCCC,JW_2024,JW_2024,1
-2.2227771,1.367745084,CCCCC/C=C\C/C=C\CCCCCCCC(=O)OC(C/C=C\CCCCCCCCOC(=O)CCN(CCCN(CC)CC)CCC(=O)OCCCCCCCC/C=C\CC(CCCCCC)OC(=O)CCCCCCC/C=C\C/C=C\CCCCC)CCCCCC,JW_2024,JW_2024,2
-2.162205,1.565632322,CCCCC/C=C\C/C=C\CCCCCCCC(=O)OC(C/C=C\CCCCCCCCOC(=O)CCN(CCCN(CC)CC)CCC(=O)OCCCCCCCC/C=C\CC(CCCCCC)OC(=O)CCCCCCC/C=C\C/C=C\CCCCC)CCCCCC,JW_2024,JW_2024,2
-1.9631444,0.819057741,CCCCC/C=C\C/C=C\CCCCCCCC(=O)OC(C/C=C\CCCCCCCCOC(=O)CCN(CCCN(CC)CC)CCC(=O)OCCCCCCCC/C=C\CC(CCCCCC)OC(=O)CCCCCCC/C=C\C/C=C\CCCCC)CCCCCC,JW_2024,JW_2024,1
-2.3095825,0.099467784,CCCCC/C=C\C/C=C\CCCCCCCC(=O)OC(C/C=C\CCCCCCCCOC(=O)CCN(CCCN(CC)CC)CCC(=O)OCCCCCCCC/C=C\CC(CCCCCC)OC(=O)CCCCCCC/C=C\C/C=C\CCCCC)CCCCCC,JW_2024,JW_2024,1
-3.8628736,0.450267888,CCCCC/C=C\C/C=C\CCCCCCCC(=O)OC(C/C=C\CCCCCCCCOC(=O)CCN(CCCN(CC)CC)CCC(=O)OCCCCCCCC/C=C\CC(CCCCCC)OC(=O)CCCCCCC/C=C\C/C=C\CCCCC)CCCCCC,JW_2024,JW_2024,1
-3.7537887,0.144442156,CCCCCCCCC/C=C\CCCCCCCC(=O)OC(C/C=C\CCCCCCCCOC(=O)CCN(CCCN(C)C)CCC(=O)OCCCCCCCC/C=C\CC(CCCCCC)OC(=O)CCCCCCC/C=C\CCCCCCCCC)CCCCCC,JW_2024,JW_2024,1
-4.1190658,-0.368265689,CCCCCCCCC/C=C\CCCCCCCC(=O)OC(C/C=C\CCCCCCCCOC(=O)CCN(CCCN(C)C)CCC(=O)OCCCCCCCC/C=C\CC(CCCCCC)OC(=O)CCCCCCC/C=C\CCCCCCCCC)CCCCCC,JW_2024,JW_2024,0
-3.3329332,1.043929603,CCCCCCCCC/C=C\CCCCCCCC(=O)OC(C/C=C\CCCCCCCCOC(=O)CCN(CCCN(C)C)CCC(=O)OCCCCCCCC/C=C\CC(CCCCCC)OC(=O)CCCCCCC/C=C\CCCCCCCCC)CCCCCC,JW_2024,JW_2024,1
-4.0284452,0.387303767,CCCCCCCCC/C=C\CCCCCCCC(=O)OC(C/C=C\CCCCCCCCOC(=O)CCN(CCCN(C)C)CCC(=O)OCCCCCCCC/C=C\CC(CCCCCC)OC(=O)CCCCCCC/C=C\CCCCCCCCC)CCCCCC,JW_2024,JW_2024,1
-4.2549233,1.106893724,CCCCCCCCC/C=C\CCCCCCCC(=O)OC(C/C=C\CCCCCCCCOC(=O)CCN(CCCN(C)C)CCC(=O)OCCCCCCCC/C=C\CC(CCCCCC)OC(=O)CCCCCCC/C=C\CCCCCCCCC)CCCCCC,JW_2024,JW_2024,1
-3.6191566,0.15343703,CCCCCCCCC/C=C\CCCCCCCC(=O)OC(C/C=C\CCCCCCCCOC(=O)CCN(CCCN(C)C)CCC(=O)OCCCCCCCC/C=C\CC(CCCCCC)OC(=O)CCCCCCC/C=C\CCCCCCCCC)CCCCCC,JW_2024,JW_2024,1
-3.895611,-0.404245187,CCCCCCCCC/C=C\CCCCCCCC(=O)OC(C/C=C\CCCCCCCCOC(=O)CCN(CCCN(C)C)CCC(=O)OCCCCCCCC/C=C\CC(CCCCCC)OC(=O)CCCCCCC/C=C\CCCCCCCCC)CCCCCC,JW_2024,JW_2024,0
-4.2768664,-0.080429706,CCCCCCCCC/C=C\CCCCCCCC(=O)OC(C/C=C\CCCCCCCCOC(=O)CCN(CCCN(C)C)CCC(=O)OCCCCCCCC/C=C\CC(CCCCCC)OC(=O)CCCCCCC/C=C\CCCCCCCCC)CCCCCC,JW_2024,JW_2024,0
-3.3688984,-0.071434831,CCCCCCCCC/C=C\CCCCCCCC(=O)OC(C/C=C\CCCCCCCCOC(=O)CCN(CCCN(C)C)CCC(=O)OCCCCCCCC/C=C\CC(CCCCCC)OC(=O)CCCCCCC/C=C\CCCCCCCCC)CCCCCC,JW_2024,JW_2024,0
-3.5228763,-0.755045291,CCCCCCCCC/C=C\CCCCCCCC(=O)OC(C/C=C\CCCCCCCCOC(=O)CCN(CCCN(C)C)CCC(=O)OCCCCCCCC/C=C\CC(CCCCCC)OC(=O)CCCCCCC/C=C\CCCCCCCCC)CCCCCC,JW_2024,JW_2024,0
-4.302733,1.142873222,CCCCCCCCC/C=C\CCCCCCCC(=O)OC(C/C=C\CCCCCCCCOC(=O)CCN(CCCN(C)C)CCC(=O)OCCCCCCCC/C=C\CC(CCCCCC)OC(=O)CCCCCCC/C=C\CCCCCCCCC)CCCCCC,JW_2024,JW_2024,1
-3.609932,1.070914226,CCCCCCCCC/C=C\CCCCCCCC(=O)OC(C/C=C\CCCCCCCCOC(=O)CCN(CCCN(C)C)CCC(=O)OCCCCCCCC/C=C\CC(CCCCCC)OC(=O)CCCCCCC/C=C\CCCCCCCCC)CCCCCC,JW_2024,JW_2024,1
-4.2542367,0.783078243,CCCCCCCCC/C=C\CCCCCCCC(=O)OC(C/C=C\CCCCCCCCOC(=O)CCN(CCCN(C)C)CCC(=O)OCCCCCCCC/C=C\CC(CCCCCC)OC(=O)CCCCCCC/C=C\CCCCCCCCC)CCCCCC,JW_2024,JW_2024,1
-3.2706256,1.403724582,CCCCCCCCC/C=C\CCCCCCCC(=O)OC(C/C=C\CCCCCCCCOC(=O)CCN(CCCN(C)C)CCC(=O)OCCCCCCCC/C=C\CC(CCCCCC)OC(=O)CCCCCCC/C=C\CCCCCCCCC)CCCCCC,JW_2024,JW_2024,2
-3.603716,1.421714331,CCCCCCCCC/C=C\CCCCCCCC(=O)OC(C/C=C\CCCCCCCCOC(=O)CCN(CCCN(C)C)CCC(=O)OCCCCCCCC/C=C\CC(CCCCCC)OC(=O)CCCCCCC/C=C\CCCCCCCCC)CCCCCC,JW_2024,JW_2024,2
-3.1034546,1.313775837,CCCCCCCCC/C=C\CCCCCCCC(=O)OC(C/C=C\CCCCCCCCOC(=O)CCN(CCCN(C)C)CCC(=O)OCCCCCCCC/C=C\CC(CCCCCC)OC(=O)CCCCCCC/C=C\CCCCCCCCC)CCCCCC,JW_2024,JW_2024,1
-3.345655,1.493673326,CCCCCCCCC/C=C\CCCCCCCC(=O)OC(C/C=C\CCCCCCCCOC(=O)CCN(CCCN(C)C)CCC(=O)OCCCCCCCC/C=C\CC(CCCCCC)OC(=O)CCCCCCC/C=C\CCCCCCCCC)CCCCCC,JW_2024,JW_2024,2
-3.8869457,1.232821967,CCCCCCCCC/C=C\CCCCCCCC(=O)OC(C/C=C\CCCCCCCCOC(=O)CCN(CCCN(C)C)CCC(=O)OCCCCCCCC/C=C\CC(CCCCCC)OC(=O)CCCCCCC/C=C\CCCCCCCCC)CCCCCC,JW_2024,JW_2024,1
-2.618862,-0.485199057,CCCCC/C=C\C/C=C\CCCCCCCC(=O)OC(C/C=C\CCCCCCCCOC(=O)CCN(CCCN(C)C)CCC(=O)OCCCCCCCC/C=C\CC(CCCCCC)OC(=O)CCCCCCC/C=C\C/C=C\CCCCC)CCCCCC,JW_2024,JW_2024,0
-3.6075203,-0.93494278,CCCCC/C=C\C/C=C\CCCCCCCC(=O)OC(C/C=C\CCCCCCCCOC(=O)CCN(CCCN(C)C)CCC(=O)OCCCCCCCC/C=C\CC(CCCCCC)OC(=O)CCCCCCC/C=C\C/C=C\CCCCC)CCCCCC,JW_2024,JW_2024,0
-2.98158,0.612175628,CCCCC/C=C\C/C=C\CCCCCCCC(=O)OC(C/C=C\CCCCCCCCOC(=O)CCN(CCCN(C)C)CCC(=O)OCCCCCCCC/C=C\CC(CCCCCC)OC(=O)CCCCCCC/C=C\C/C=C\CCCCC)CCCCCC,JW_2024,JW_2024,1
-3.517281,-0.062439957,CCCCC/C=C\C/C=C\CCCCCCCC(=O)OC(C/C=C\CCCCCCCCOC(=O)CCN(CCCN(C)C)CCC(=O)OCCCCCCCC/C=C\CC(CCCCCC)OC(=O)CCCCCCC/C=C\C/C=C\CCCCC)CCCCCC,JW_2024,JW_2024,0
-3.4567878,0.801067992,CCCCC/C=C\C/C=C\CCCCCCCC(=O)OC(C/C=C\CCCCCCCCOC(=O)CCN(CCCN(C)C)CCC(=O)OCCCCCCCC/C=C\CC(CCCCCC)OC(=O)CCCCCCC/C=C\C/C=C\CCCCC)CCCCCC,JW_2024,JW_2024,1
-2.9123216,-0.206357948,CCCCC/C=C\C/C=C\CCCCCCCC(=O)OC(C/C=C\CCCCCCCCOC(=O)CCN(CCCN(C)C)CCC(=O)OCCCCCCCC/C=C\CC(CCCCCC)OC(=O)CCCCCCC/C=C\C/C=C\CCCCC)CCCCCC,JW_2024,JW_2024,0
-3.229511,-0.062439957,CCCCC/C=C\C/C=C\CCCCCCCC(=O)OC(C/C=C\CCCCCCCCOC(=O)CCN(CCCN(C)C)CCC(=O)OCCCCCCCC/C=C\CC(CCCCCC)OC(=O)CCCCCCC/C=C\C/C=C\CCCCC)CCCCCC,JW_2024,JW_2024,0
-3.4987385,-0.386255438,CCCCC/C=C\C/C=C\CCCCCCCC(=O)OC(C/C=C\CCCCCCCCOC(=O)CCN(CCCN(C)C)CCC(=O)OCCCCCCCC/C=C\CC(CCCCCC)OC(=O)CCCCCCC/C=C\C/C=C\CCCCC)CCCCCC,JW_2024,JW_2024,0
-2.548109,-0.116409204,CCCCC/C=C\C/C=C\CCCCCCCC(=O)OC(C/C=C\CCCCCCCCOC(=O)CCN(CCCN(C)C)CCC(=O)OCCCCCCCC/C=C\CC(CCCCCC)OC(=O)CCCCCCC/C=C\C/C=C\CCCCC)CCCCCC,JW_2024,JW_2024,0
-3.8930368,1.124883473,CCCCC/C=C\C/C=C\CCCCCCCC(=O)OC(C/C=C\CCCCCCCCOC(=O)CCN(CCCN(C)C)CCC(=O)OCCCCCCCC/C=C\CC(CCCCCC)OC(=O)CCCCCCC/C=C\C/C=C\CCCCC)CCCCCC,JW_2024,JW_2024,1
-2.700907,0.900011611,CCCCC/C=C\C/C=C\CCCCCCCC(=O)OC(C/C=C\CCCCCCCCOC(=O)CCN(CCCN(C)C)CCC(=O)OCCCCCCCC/C=C\CC(CCCCCC)OC(=O)CCCCCCC/C=C\C/C=C\CCCCC)CCCCCC,JW_2024,JW_2024,1
-4.584439,0.828052616,CCCCC/C=C\C/C=C\CCCCCCCC(=O)OC(C/C=C\CCCCCCCCOC(=O)CCN(CCCN(C)C)CCC(=O)OCCCCCCCC/C=C\CC(CCCCCC)OC(=O)CCCCCCC/C=C\C/C=C\CCCCC)CCCCCC,JW_2024,JW_2024,1
-2.5437446,1.781509309,CCCCC/C=C\C/C=C\CCCCCCCC(=O)OC(C/C=C\CCCCCCCCOC(=O)CCN(CCCN(C)C)CCC(=O)OCCCCCCCC/C=C\CC(CCCCCC)OC(=O)CCCCCCC/C=C\C/C=C\CCCCC)CCCCCC,JW_2024,JW_2024,2
-2.8802776,1.295786088,CCCCC/C=C\C/C=C\CCCCCCCC(=O)OC(C/C=C\CCCCCCCCOC(=O)CCN(CCCN(C)C)CCC(=O)OCCCCCCCC/C=C\CC(CCCCCC)OC(=O)CCCCCCC/C=C\C/C=C\CCCCC)CCCCCC,JW_2024,JW_2024,1
-2.3864827,1.547642573,CCCCC/C=C\C/C=C\CCCCCCCC(=O)OC(C/C=C\CCCCCCCCOC(=O)CCN(CCCN(C)C)CCC(=O)OCCCCCCCC/C=C\CC(CCCCCC)OC(=O)CCCCCCC/C=C\C/C=C\CCCCC)CCCCCC,JW_2024,JW_2024,2
-2.7266774,1.52065795,CCCCC/C=C\C/C=C\CCCCCCCC(=O)OC(C/C=C\CCCCCCCCOC(=O)CCN(CCCN(C)C)CCC(=O)OCCCCCCCC/C=C\CC(CCCCCC)OC(=O)CCCCCCC/C=C\C/C=C\CCCCC)CCCCCC,JW_2024,JW_2024,2
-3.6564476,0.720114122,CCCCC/C=C\C/C=C\CCCCCCCC(=O)OC(C/C=C\CCCCCCCCOC(=O)CCN(CCCN(C)C)CCC(=O)OCCCCCCCC/C=C\CC(CCCCCC)OC(=O)CCCCCCC/C=C\C/C=C\CCCCC)CCCCCC,JW_2024,JW_2024,1
-5.3332667,-0.988912027,CCCCCCCC/C=C\CCCCCCCC(=O)OC(C/C=C\CCCCCCCCOC(=O)CCN(CCCN(CCCC)CCCC)CCC(=O)OCCCCCCCC/C=C\CC(CCCCCC)OC(=O)CCCCCCC/C=C\CCCCCCCC)CCCCCC,JW_2024,JW_2024,0
-5.358934,-2.185230332,CCCCCCCC/C=C\CCCCCCCC(=O)OC(C/C=C\CCCCCCCCOC(=O)CCN(CCCN(CCCC)CCCC)CCC(=O)OCCCCCCCC/C=C\CC(CCCCCC)OC(=O)CCCCCCC/C=C\CCCCCCCC)CCCCCC,JW_2024,JW_2024,0
-4.801387,-0.494193931,CCCCCCCC/C=C\CCCCCCCC(=O)OC(C/C=C\CCCCCCCCOC(=O)CCN(CCCN(CCCC)CCCC)CCC(=O)OCCCCCCCC/C=C\CC(CCCCCC)OC(=O)CCCCCCC/C=C\CCCCCCCC)CCCCCC,JW_2024,JW_2024,0
-4.99163,-1.429660876,CCCCCCCC/C=C\CCCCCCCC(=O)OC(C/C=C\CCCCCCCCOC(=O)CCN(CCCN(CCCC)CCCC)CCC(=O)OCCCCCCCC/C=C\CC(CCCCCC)OC(=O)CCCCCCC/C=C\CCCCCCCC)CCCCCC,JW_2024,JW_2024,0
-5.2108755,-0.602132425,CCCCCCCC/C=C\CCCCCCCC(=O)OC(C/C=C\CCCCCCCCOC(=O)CCN(CCCN(CCCC)CCCC)CCC(=O)OCCCCCCCC/C=C\CC(CCCCCC)OC(=O)CCCCCCC/C=C\CCCCCCCC)CCCCCC,JW_2024,JW_2024,0
-4.618476,-1.384686504,CCCCCCCC/C=C\CCCCCCCC(=O)OC(C/C=C\CCCCCCCCOC(=O)CCN(CCCN(CCCC)CCCC)CCC(=O)OCCCCCCCC/C=C\CC(CCCCCC)OC(=O)CCCCCCC/C=C\CCCCCCCC)CCCCCC,JW_2024,JW_2024,0
-4.844651,-0.943937655,CCCCCCCC/C=C\CCCCCCCC(=O)OC(C/C=C\CCCCCCCCOC(=O)CCN(CCCN(CCCC)CCCC)CCC(=O)OCCCCCCCC/C=C\CC(CCCCCC)OC(=O)CCCCCCC/C=C\CCCCCCCC)CCCCCC,JW_2024,JW_2024,0
-5.244837,-0.737055542,CCCCCCCC/C=C\CCCCCCCC(=O)OC(C/C=C\CCCCCCCCOC(=O)CCN(CCCN(CCCC)CCCC)CCC(=O)OCCCCCCCC/C=C\CC(CCCCCC)OC(=O)CCCCCCC/C=C\CCCCCCCC)CCCCCC,JW_2024,JW_2024,0
-5.6522937,-0.800019663,CCCCCCCC/C=C\CCCCCCCC(=O)OC(C/C=C\CCCCCCCCOC(=O)CCN(CCCN(CCCC)CCCC)CCC(=O)OCCCCCCCC/C=C\CC(CCCCCC)OC(=O)CCCCCCC/C=C\CCCCCCCC)CCCCCC,JW_2024,JW_2024,0
-4.72169,-0.835999161,CCCCCCCC/C=C\CCCCCCCC(=O)OC(C/C=C\CCCCCCCCOC(=O)CCN(CCCN(CCCC)CCCC)CCC(=O)OCCCCCCCC/C=C\CC(CCCCCC)OC(=O)CCCCCCC/C=C\CCCCCCCC)CCCCCC,JW_2024,JW_2024,0
-5.098238,-0.107414329,CCCCCCCC/C=C\CCCCCCCC(=O)OC(C/C=C\CCCCCCCCOC(=O)CCN(CCCN(CCCC)CCCC)CCC(=O)OCCCCCCCC/C=C\CC(CCCCCC)OC(=O)CCCCCCC/C=C\CCCCCCCC)CCCCCC,JW_2024,JW_2024,0
-4.504725,0.25238065,CCCCCCCC/C=C\CCCCCCCC(=O)OC(C/C=C\CCCCCCCCOC(=O)CCN(CCCN(CCCC)CCCC)CCC(=O)OCCCCCCCC/C=C\CC(CCCCCC)OC(=O)CCCCCCC/C=C\CCCCCCCC)CCCCCC,JW_2024,JW_2024,1
-4.7110724,-0.206357948,CCCCCCCC/C=C\CCCCCCCC(=O)OC(C/C=C\CCCCCCCCOC(=O)CCN(CCCN(CCCC)CCCC)CCC(=O)OCCCCCCCC/C=C\CC(CCCCCC)OC(=O)CCCCCCC/C=C\CCCCCCCC)CCCCCC,JW_2024,JW_2024,0
-4.5819764,-0.206357948,CCCCCCCC/C=C\CCCCCCCC(=O)OC(C/C=C\CCCCCCCCOC(=O)CCN(CCCN(CCCC)CCCC)CCC(=O)OCCCCCCCC/C=C\CC(CCCCCC)OC(=O)CCCCCCC/C=C\CCCCCCCC)CCCCCC,JW_2024,JW_2024,0
-4.649743,-0.638111923,CCCCCCCC/C=C\CCCCCCCC(=O)OC(C/C=C\CCCCCCCCOC(=O)CCN(CCCN(CCCC)CCCC)CCC(=O)OCCCCCCCC/C=C\CC(CCCCCC)OC(=O)CCCCCCC/C=C\CCCCCCCC)CCCCCC,JW_2024,JW_2024,0
-5.226775,-0.557158053,CCCCCCCC/C=C\CCCCCCCC(=O)OC(C/C=C\CCCCCCCCOC(=O)CCN(CCCN(CCCC)CCCC)CCC(=O)OCCCCCCCC/C=C\CC(CCCCCC)OC(=O)CCCCCCC/C=C\CCCCCCCC)CCCCCC,JW_2024,JW_2024,0
-4.91202,-0.593137551,CCCCC/C=C\C/C=C\CCCCCCCC(=O)OC(C/C=C\CCCCCCCCOC(=O)CCN(CCCN(CCCC)CCCC)CCC(=O)OCCCCCCCC/C=C\CC(CCCCCC)OC(=O)CCCCCCC/C=C\C/C=C\CCCCC)CCCCCC,JW_2024,JW_2024,0
-5.025221,-2.311158574,CCCCC/C=C\C/C=C\CCCCCCCC(=O)OC(C/C=C\CCCCCCCCOC(=O)CCN(CCCN(CCCC)CCCC)CCC(=O)OCCCCCCCC/C=C\CC(CCCCCC)OC(=O)CCCCCCC/C=C\C/C=C\CCCCC)CCCCCC,JW_2024,JW_2024,0
-4.7793603,-0.233342572,CCCCC/C=C\C/C=C\CCCCCCCC(=O)OC(C/C=C\CCCCCCCCOC(=O)CCN(CCCN(CCCC)CCCC)CCC(=O)OCCCCCCCC/C=C\CC(CCCCCC)OC(=O)CCCCCCC/C=C\C/C=C\CCCCC)CCCCCC,JW_2024,JW_2024,0
-4.794189,-0.647106797,CCCCC/C=C\C/C=C\CCCCCCCC(=O)OC(C/C=C\CCCCCCCCOC(=O)CCN(CCCN(CCCC)CCCC)CCC(=O)OCCCCCCCC/C=C\CC(CCCCCC)OC(=O)CCCCCCC/C=C\C/C=C\CCCCC)CCCCCC,JW_2024,JW_2024,0
-5.0191836,-0.044450208,CCCCC/C=C\C/C=C\CCCCCCCC(=O)OC(C/C=C\CCCCCCCCOC(=O)CCN(CCCN(CCCC)CCCC)CCC(=O)OCCCCCCCC/C=C\CC(CCCCCC)OC(=O)CCCCCCC/C=C\C/C=C\CCCCC)CCCCCC,JW_2024,JW_2024,0
-4.395407,-1.591568617,CCCCC/C=C\C/C=C\CCCCCCCC(=O)OC(C/C=C\CCCCCCCCOC(=O)CCN(CCCN(CCCC)CCCC)CCC(=O)OCCCCCCCC/C=C\CC(CCCCCC)OC(=O)CCCCCCC/C=C\C/C=C\CCCCC)CCCCCC,JW_2024,JW_2024,0
-4.6472116,-2.536030436,CCCCC/C=C\C/C=C\CCCCCCCC(=O)OC(C/C=C\CCCCCCCCOC(=O)CCN(CCCN(CCCC)CCCC)CCC(=O)OCCCCCCCC/C=C\CC(CCCCCC)OC(=O)CCCCCCC/C=C\C/C=C\CCCCC)CCCCCC,JW_2024,JW_2024,0
-5.0512815,-0.215352823,CCCCC/C=C\C/C=C\CCCCCCCC(=O)OC(C/C=C\CCCCCCCCOC(=O)CCN(CCCN(CCCC)CCCC)CCC(=O)OCCCCCCCC/C=C\CC(CCCCCC)OC(=O)CCCCCCC/C=C\C/C=C\CCCCC)CCCCCC,JW_2024,JW_2024,0
-5.3530693,-0.85398891,CCCCC/C=C\C/C=C\CCCCCCCC(=O)OC(C/C=C\CCCCCCCCOC(=O)CCN(CCCN(CCCC)CCCC)CCC(=O)OCCCCCCCC/C=C\CC(CCCCCC)OC(=O)CCCCCCC/C=C\C/C=C\CCCCC)CCCCCC,JW_2024,JW_2024,0
-4.336091,0.477252511,CCCCC/C=C\C/C=C\CCCCCCCC(=O)OC(C/C=C\CCCCCCCCOC(=O)CCN(CCCN(CCCC)CCCC)CCC(=O)OCCCCCCCC/C=C\CC(CCCCCC)OC(=O)CCCCCCC/C=C\C/C=C\CCCCC)CCCCCC,JW_2024,JW_2024,1
-4.923969,-0.701076044,CCCCC/C=C\C/C=C\CCCCCCCC(=O)OC(C/C=C\CCCCCCCCOC(=O)CCN(CCCN(CCCC)CCCC)CCC(=O)OCCCCCCCC/C=C\CC(CCCCCC)OC(=O)CCCCCCC/C=C\C/C=C\CCCCC)CCCCCC,JW_2024,JW_2024,0
-4.3113155,0.441273013,CCCCC/C=C\C/C=C\CCCCCCCC(=O)OC(C/C=C\CCCCCCCCOC(=O)CCN(CCCN(CCCC)CCCC)CCC(=O)OCCCCCCCC/C=C\CC(CCCCCC)OC(=O)CCCCCCC/C=C\C/C=C\CCCCC)CCCCCC,JW_2024,JW_2024,1
-4.58977,-0.206357948,CCCCC/C=C\C/C=C\CCCCCCCC(=O)OC(C/C=C\CCCCCCCCOC(=O)CCN(CCCN(CCCC)CCCC)CCC(=O)OCCCCCCCC/C=C\CC(CCCCCC)OC(=O)CCCCCCC/C=C\C/C=C\CCCCC)CCCCCC,JW_2024,JW_2024,0
-4.359961,-0.503188806,CCCCC/C=C\C/C=C\CCCCCCCC(=O)OC(C/C=C\CCCCCCCCOC(=O)CCN(CCCN(CCCC)CCCC)CCC(=O)OCCCCCCCC/C=C\CC(CCCCCC)OC(=O)CCCCCCC/C=C\C/C=C\CCCCC)CCCCCC,JW_2024,JW_2024,0
-4.55503,-0.701076044,CCCCC/C=C\C/C=C\CCCCCCCC(=O)OC(C/C=C\CCCCCCCCOC(=O)CCN(CCCN(CCCC)CCCC)CCC(=O)OCCCCCCCC/C=C\CC(CCCCCC)OC(=O)CCCCCCC/C=C\C/C=C\CCCCC)CCCCCC,JW_2024,JW_2024,0
-5.0682597,-0.458214434,CCCCC/C=C\C/C=C\CCCCCCCC(=O)OC(C/C=C\CCCCCCCCOC(=O)CCN(CCCN(CCCC)CCCC)CCC(=O)OCCCCCCCC/C=C\CC(CCCCCC)OC(=O)CCCCCCC/C=C\C/C=C\CCCCC)CCCCCC,JW_2024,JW_2024,0
-2.8236787,0.225396026,CCCCCCCC/C=C\CCCCCCCCCCCC(=O)OC(C/C=C\CCCCCCCCOC(=O)CCN(CCCN(CC)CC)CCC(=O)OCCCCCCCC/C=C\CC(CCCCCC)OC(=O)CCCCCCCCCCC/C=C\CCCCCCCC)CCCCCC,JW_2024,JW_2024,1
-3.2763224,0.846042365,CCCCCCCC/C=C\CCCCCCCCCCCC(=O)OC(C/C=C\CCCCCCCCOC(=O)CCN(CCCN(CC)CC)CCC(=O)OCCCCCCCC/C=C\CC(CCCCCC)OC(=O)CCCCCCCCCCC/C=C\CCCCCCCC)CCCCCC,JW_2024,JW_2024,1
-4.8787594,1.214832218,CCCCC/C=C\CCC(=O)OC(C/C=C\CCCCCCCCOC(=O)CCN(C)CCO)CCCCCC,JW_2024,JW_2024,1
-6.9353557,0.459262762,CCCCC/C=C\CCC(=O)OC(C/C=C\CCCCCCCCOC(=O)CCN(C)CCO)CCCCCC,JW_2024,JW_2024,1
-2.4375572,0.25238065,CCCCCC/C=C\CCCCCCCC(=O)OC(C/C=C\CCCCCCCCOC(=O)CCN(CCCN(CC)CC)CCC(=O)OCCCCCCCC/C=C\CC(CCCCCC)OC(=O)CCCCCCC/C=C\CCCCCCC)CCCCCC,JW_2024,JW_2024,1
-3.5617504,0.585191005,CCCCCC/C=C\CCCCCCCC(=O)OC(C/C=C\CCCCCCCCOC(=O)CCN(CCCN(CC)CC)CCC(=O)OCCCCCCCC/C=C\CC(CCCCCC)OC(=O)CCCCCCC/C=C\CCCCCCC)CCCCCC,JW_2024,JW_2024,1
-3.2029252,0.944985984,CCCCCC/C=C\CCCCCCCC(=O)OC(C/C=C\CCCCCCCCOC(=O)CCN(CCCN(C)C)CCC(=O)OCCCCCCCC/C=C\CC(CCCCCC)OC(=O)CCCCCCC/C=C\CCCCCCC)CCCCCC,JW_2024,JW_2024,1
-4.273564,0.540216633,CCCCCC/C=C\CCCCCCCC(=O)OC(C/C=C\CCCCCCCCOC(=O)CCN(CCCN(C)C)CCC(=O)OCCCCCCCC/C=C\CC(CCCCCC)OC(=O)CCCCCCC/C=C\CCCCCCC)CCCCCC,JW_2024,JW_2024,1
-2.2774744,0.234390901,CCCCCCCC/C=C\CCCCCCCCCC(=O)OC(C/C=C\CCCCCCCCOC(=O)CCN(CCCN(CC)CC)CCC(=O)OCCCCCCCC/C=C\CC(CCCCCC)OC(=O)CCCCCCCCC/C=C\CCCCCCCC)CCCCCC,JW_2024,JW_2024,1
-2.5602596,0.423283264,CCCCCCCC/C=C\CCCCCCCCCC(=O)OC(C/C=C\CCCCCCCCOC(=O)CCN(CCCN(CC)CC)CCC(=O)OCCCCCCCC/C=C\CC(CCCCCC)OC(=O)CCCCCCCCC/C=C\CCCCCCCC)CCCCCC,JW_2024,JW_2024,1
-3.0835433,1.376739958,CCCCCCCC/C=C\CCCCCCCCCC(=O)OC(C/C=C\CCCCCCCCOC(=O)CCN(CCCN(C)C)CCC(=O)OCCCCCCCC/C=C\CC(CCCCCC)OC(=O)CCCCCCCCC/C=C\CCCCCCCC)CCCCCC,JW_2024,JW_2024,2
-3.9196866,0.711119248,CCCCCCCC/C=C\CCCCCCCCCC(=O)OC(C/C=C\CCCCCCCCOC(=O)CCN(CCCN(C)C)CCC(=O)OCCCCCCCC/C=C\CC(CCCCCC)OC(=O)CCCCCCCCC/C=C\CCCCCCCC)CCCCCC,JW_2024,JW_2024,1
-2.201843,0.49524226,CCCC/C=C\CCCCCCCCC(=O)OC(C/C=C\CCCCCCCCOC(=O)CCN(CCCN(CC)CC)CCC(=O)OCCCCCCCC/C=C\CC(CCCCCC)OC(=O)CCCCCCCC/C=C\CCCC)CCCCCC,JW_2024,JW_2024,1
-3.4106693,0.621170503,CCCC/C=C\CCCCCCCCC(=O)OC(C/C=C\CCCCCCCCOC(=O)CCN(CCCN(CC)CC)CCC(=O)OCCCCCCCC/C=C\CC(CCCCCC)OC(=O)CCCCCCCC/C=C\CCCC)CCCCCC,JW_2024,JW_2024,1
-1.8809456,-0.483910812,CCCCCCCC/C=C\CCCCCCCC(=O)OCCCCCC(O)C(CCCCOC(=O)CCCCCCC/C=C\CCCCCCCC)CN1CCN(C)CC1,JW_2024,JW_2024,0
-2.3102243,0.969575679,CCCCCCCC/C=C\CCCCCCCC(=O)OCCCCCC(O)C(CCCCOC(=O)CCCCCCC/C=C\CCCCCCCC)CN1CCN(C)CC1,JW_2024,JW_2024,1
-5.073338,0.283660706,CCCCCCCC/C=C\CCCCCCCC(=O)OCCCCCC(O)C(CCCCOC(=O)CCCCCCC/C=C\CCCCCCCC)CN1CCN(C)CC1,JW_2024,JW_2024,1
-1.4434056,-0.394088613,CCCCCCCC/C=C\CCCCCCCC(=O)OCCCCCC(O)C(CCCCOC(=O)CCCCCCC/C=C\CCCCCCCC)CN1CCN(C)CC1,JW_2024,JW_2024,0
-2.62964,-0.581898665,CCCCCCCC/C=C\CCCCCCCC(=O)OCCCCCC(O)C(CCCCOC(=O)CCCCCCC/C=C\CCCCCCCC)CN1CCN(C)CC1,JW_2024,JW_2024,0
-4.528685,-0.704383482,CCCCCCCC/C=C\CCCCCCCC(=O)OCCCCCC(O)C(CCCCOC(=O)CCCCCCC/C=C\CCCCCCCC)CN1CCN(C)CC1,JW_2024,JW_2024,0
-3.2222178,0.406145522,CCCCCCCC/C=C\CCCCCCCC(=O)OCCCCCC(O)C(CCCCOC(=O)CCCCCCC/C=C\CCCCCCCC)CN1CCN(C)CC1,JW_2024,JW_2024,1
-3.6169395,0.161175889,CCCCCCCC/C=C\CCCCCCCC(=O)OCCCCCC(O)C(CCCCOC(=O)CCCCCCC/C=C\CCCCCCCC)CN1CCN(C)CC1,JW_2024,JW_2024,1
-2.8550673,1.39418971,CCCCCCCC/C=C\CCCCCCCC(=O)OCCCCCC(O)C(CCCCOC(=O)CCCCCCC/C=C\CCCCCCCC)CN1CCN(C)CC1,JW_2024,JW_2024,2
-3.5653021,-0.59006432,CCCCCCCC/C=C\CCCCCCCC(=O)OCCCCCC(O)C(CCCCOC(=O)CCCCCCC/C=C\CCCCCCCC)CN1CCN(C)CC1,JW_2024,JW_2024,0
-4.5272374,1.157385731,CCCCCCCC/C=C\CCCCCCCC(=O)OCCCCCC(O)C(CCCCOC(=O)CCCCCCC/C=C\CCCCCCCC)CN1CCN(C)CC1,JW_2024,JW_2024,1
-1.9718473,0.185672852,CCCCCCCC/C=C\CCCCCCCC(=O)OCCCCCC(O)C(CCCCOC(=O)CCCCCCC/C=C\CCCCCCCC)CN1CCN(C)CC1,JW_2024,JW_2024,1
-2.0653045,0.07135369,CCCCCCCC/C=C\CCCCCCCC(=O)OCCCCCC(O)C(CCCCOC(=O)CCCCCCC/C=C\CCCCCCCC)CN1CCN(C)CC1,JW_2024,JW_2024,1
-3.763803,0.242832433,CCCCCCCC/C=C\CCCCCCCC(=O)OCCCCCC(O)C(CCCCOC(=O)CCCCCCC/C=C\CCCCCCCC)CN1CCN(C)CC1,JW_2024,JW_2024,1
-2.6563067,0.716440391,CCCCCCCC/C=C\CCCCCCCC(=O)OCCCCCC(O)C(CCCCOC(=O)CCCCCCC/C=C\CCCCCCCC)CN1CCN(C)CC1,JW_2024,JW_2024,1
-5.03841,1.02673526,CCCCCCCC/C=C\CCCCCCCC(=O)OCCCCCC(O)C(CCCCOC(=O)CCCCCCC/C=C\CCCCCCCC)CN1CCN(C)CC1,JW_2024,JW_2024,1
-3.1043682,0.58578992,CCCCCCCC/C=C\CCCCCCCC(=O)OCCCCCC(O)C(CCCCOC(=O)CCCCCCC/C=C\CCCCCCCC)CN1CCN(C)CC1,JW_2024,JW_2024,1
-3.5857341,0.855256517,CCCCCCCC/C=C\CCCCCCCC(=O)OCCCCCC(O)C(CCCCOC(=O)CCCCCCC/C=C\CCCCCCCC)CN1CCN(C)CC1,JW_2024,JW_2024,1
-1.7607946,0.863422171,CCCCCCCC/C=C\CCCCCCCC(=O)OCCCCCC(O)C(CCCCOC(=O)CCCCCCC/C=C\CCCCCCCC)CN1CCN(C)CC1,JW_2024,JW_2024,1
-1.8474232,-0.034799818,CCCCCCCC/C=C\CCCCCCCC(=O)OCCCCCC(O)C(CCCCOC(=O)CCCCCCC/C=C\CCCCCCCC)CN1CCN(C)CC1,JW_2024,JW_2024,0
-3.4166858,1.647324998,CCCCCCCC/C=C\CCCCCCCC(=O)OCCCCCC(O)C(CCCCOC(=O)CCCCCCC/C=C\CCCCCCCC)CN1CCN(C)CC1,JW_2024,JW_2024,2
-3.6427224,-0.892193534,CCCCCCCC/C=C\CCCCCCCC(=O)OCCCCCC(O)C(CCCCOC(=O)CCCCCCC/C=C\CCCCCCCC)CN(C)CCCn1cccn1,JW_2024,JW_2024,0
-4.1034203,0.324488978,CCCCCCCC/C=C\CCCCCCCC(=O)OCCCCCC(O)C(CCCCOC(=O)CCCCCCC/C=C\CCCCCCCC)CN(C)CCCn1cccn1,JW_2024,JW_2024,1
-6.2612247,0.046856727,CCCCCCCC/C=C\CCCCCCCC(=O)OCCCCCC(O)C(CCCCOC(=O)CCCCCCC/C=C\CCCCCCCC)CN(C)CCCn1cccn1,JW_2024,JW_2024,1
-3.336842,-0.728880445,CCCCCCCC/C=C\CCCCCCCC(=O)OCCCCCC(O)C(CCCCOC(=O)CCCCCCC/C=C\CCCCCCCC)CN(C)CCCn1cccn1,JW_2024,JW_2024,0
-3.8485053,-0.900359189,CCCCCCCC/C=C\CCCCCCCC(=O)OCCCCCC(O)C(CCCCOC(=O)CCCCCCC/C=C\CCCCCCCC)CN(C)CCCn1cccn1,JW_2024,JW_2024,0
-5.4652076,-1.014678351,CCCCCCCC/C=C\CCCCCCCC(=O)OCCCCCC(O)C(CCCCOC(=O)CCCCCCC/C=C\CCCCCCCC)CN(C)CCCn1cccn1,JW_2024,JW_2024,0
-4.2793446,0.340820287,CCCCCCCC/C=C\CCCCCCCC(=O)OCCCCCC(O)C(CCCCOC(=O)CCCCCCC/C=C\CCCCCCCC)CN(C)CCCn1cccn1,JW_2024,JW_2024,1
-4.5764613,-1.365801492,CCCCCCCC/C=C\CCCCCCCC(=O)OCCCCCC(O)C(CCCCOC(=O)CCCCCCC/C=C\CCCCCCCC)CN(C)CCCn1cccn1,JW_2024,JW_2024,0
-4.5388665,1.32069882,CCCCCCCC/C=C\CCCCCCCC(=O)OCCCCCC(O)C(CCCCOC(=O)CCCCCCC/C=C\CCCCCCCC)CN(C)CCCn1cccn1,JW_2024,JW_2024,2
-4.134022,0.185672852,CCCCCCCC/C=C\CCCCCCCC(=O)OCCCCCC(O)C(CCCCOC(=O)CCCCCCC/C=C\CCCCCCCC)CN(C)CCCn1cccn1,JW_2024,JW_2024,1
-5.79714,0.994072642,CCCCCCCC/C=C\CCCCCCCC(=O)OCCCCCC(O)C(CCCCOC(=O)CCCCCCC/C=C\CCCCCCCC)CN(C)CCCn1cccn1,JW_2024,JW_2024,1
-4.6159315,0.120347617,CCCCCCCC/C=C\CCCCCCCC(=O)OCCCCCC(O)C(CCCCOC(=O)CCCCCCC/C=C\CCCCCCCC)CN(C)CCCn1cccn1,JW_2024,JW_2024,1
-4.593799,-1.308641911,CCCCCCCC/C=C\CCCCCCCC(=O)OCCCCCC(O)C(CCCCOC(=O)CCCCCCC/C=C\CCCCCCCC)CN(C)CCCn1cccn1,JW_2024,JW_2024,0
-5.489016,-0.263438142,CCCCCCCC/C=C\CCCCCCCC(=O)OCCCCCC(O)C(CCCCOC(=O)CCCCCCC/C=C\CCCCCCCC)CN(C)CCCn1cccn1,JW_2024,JW_2024,0
-3.6397915,0.724606046,CCCCCCCC/C=C\CCCCCCCC(=O)OCCCCCC(O)C(CCCCOC(=O)CCCCCCC/C=C\CCCCCCCC)CN(C)CCCn1cccn1,JW_2024,JW_2024,1
-3.4560332,-0.549236048,CCCCCCCC/C=C\CCCCCCCC(=O)OCCCCCC(O)C(CCCCOC(=O)CCCCCCC/C=C\CCCCCCCC)CN(C)CCCn1cccn1,JW_2024,JW_2024,0
-4.66903,0.504133376,CCCCCCCC/C=C\CCCCCCCC(=O)OCCCCCC(O)C(CCCCOC(=O)CCCCCCC/C=C\CCCCCCCC)CN(C)CCCn1cccn1,JW_2024,JW_2024,1
-3.8017597,-0.181781598,CCCCCCCC/C=C\CCCCCCCC(=O)OCCCCCC(O)C(CCCCOC(=O)CCCCCCC/C=C\CCCCCCCC)CN(C)CCCn1cccn1,JW_2024,JW_2024,0
-6.1665864,1.239042276,CCCCCCCC/C=C\CCCCCCCC(=O)OCCCCCC(O)C(CCCCOC(=O)CCCCCCC/C=C\CCCCCCCC)CN(C)CCCn1cccn1,JW_2024,JW_2024,1
-4.2621303,1.043066569,CCCCCCCC/C=C\CCCCCCCC(=O)OCCCCCC(O)C(CCCCOC(=O)CCCCCCC/C=C\CCCCCCCC)CN(C)CCCn1cccn1,JW_2024,JW_2024,1
-4.846883,0.700109082,CCCCCCCC/C=C\CCCCCCCC(=O)OCCCCCC(O)C(CCCCOC(=O)CCCCCCC/C=C\CCCCCCCC)CN(C)CCCn1cccn1,JW_2024,JW_2024,1
-3.6569185,0.863422171,CCCCCCCC/C=C\CCCCCCCC(=O)OCCCCCC(O)C(CCCCOC(=O)CCCCCCC/C=C\CCCCCCCC)CN(C)CCCn1cccn1,JW_2024,JW_2024,1
-3.672265,-0.353260341,CCCCCCCC/C=C\CCCCCCCC(=O)OCCCCCC(O)C(CCCCOC(=O)CCCCCCC/C=C\CCCCCCCC)CN(C)CCCn1cccn1,JW_2024,JW_2024,0
-4.8236628,1.165551386,CCCCCCCC/C=C\CCCCCCCC(=O)OCCCCCC(O)C(CCCCOC(=O)CCCCCCC/C=C\CCCCCCCC)CN(C)CCCn1cccn1,JW_2024,JW_2024,1
-4.2020607,-1.349470183,CCCCCCCC/C=C\CCCCCCCC(=O)OCCCCCC(O)C(CCCCOC(=O)CCCCCCC/C=C\CCCCCCCC)CN(C)Cc1cccnc1,JW_2024,JW_2024,0
-4.7230372,-1.226985367,CCCCCCCC/C=C\CCCCCCCC(=O)OCCCCCC(O)C(CCCCOC(=O)CCCCCCC/C=C\CCCCCCCC)CN(C)Cc1cccnc1,JW_2024,JW_2024,0
-7.0395923,-1.349470183,CCCCCCCC/C=C\CCCCCCCC(=O)OCCCCCC(O)C(CCCCOC(=O)CCCCCCC/C=C\CCCCCCCC)CN(C)Cc1cccnc1,JW_2024,JW_2024,0
-3.972284,-1.357635838,CCCCCCCC/C=C\CCCCCCCC(=O)OCCCCCC(O)C(CCCCOC(=O)CCCCCCC/C=C\CCCCCCCC)CN(C)Cc1cccnc1,JW_2024,JW_2024,0
-4.328857,-1.814912487,CCCCCCCC/C=C\CCCCCCCC(=O)OCCCCCC(O)C(CCCCOC(=O)CCCCCCC/C=C\CCCCCCCC)CN(C)Cc1cccnc1,JW_2024,JW_2024,0
-6.4367013,-2.72130013,CCCCCCCC/C=C\CCCCCCCC(=O)OCCCCCC(O)C(CCCCOC(=O)CCCCCCC/C=C\CCCCCCCC)CN(C)Cc1cccnc1,JW_2024,JW_2024,0
-4.9540052,-0.214444216,CCCCCCCC/C=C\CCCCCCCC(=O)OCCCCCC(O)C(CCCCOC(=O)CCCCCCC/C=C\CCCCCCCC)CN(C)Cc1cccnc1,JW_2024,JW_2024,0
-5.2034016,-2.623312276,CCCCCCCC/C=C\CCCCCCCC(=O)OCCCCCC(O)C(CCCCOC(=O)CCCCCCC/C=C\CCCCCCCC)CN(C)Cc1cccnc1,JW_2024,JW_2024,0
-5.26406,-1.202488403,CCCCCCCC/C=C\CCCCCCCC(=O)OCCCCCC(O)C(CCCCOC(=O)CCCCCCC/C=C\CCCCCCCC)CN(C)Cc1cccnc1,JW_2024,JW_2024,0
-5.287785,-1.226985367,CCCCCCCC/C=C\CCCCCCCC(=O)OCCCCCC(O)C(CCCCOC(=O)CCCCCCC/C=C\CCCCCCCC)CN(C)Cc1cccnc1,JW_2024,JW_2024,0
-6.7243204,-0.410419922,CCCCCCCC/C=C\CCCCCCCC(=O)OCCCCCC(O)C(CCCCOC(=O)CCCCCCC/C=C\CCCCCCCC)CN(C)Cc1cccnc1,JW_2024,JW_2024,0
-5.0836143,-1.235151021,CCCCCCCC/C=C\CCCCCCCC(=O)OCCCCCC(O)C(CCCCOC(=O)CCCCCCC/C=C\CCCCCCCC)CN(C)Cc1cccnc1,JW_2024,JW_2024,0
-5.0906606,-0.933021807,CCCCCCCC/C=C\CCCCCCCC(=O)OCCCCCC(O)C(CCCCOC(=O)CCCCCCC/C=C\CCCCCCCC)CN(C)Cc1cccnc1,JW_2024,JW_2024,0
-6.5020275,-1.006512697,CCCCCCCC/C=C\CCCCCCCC(=O)OCCCCCC(O)C(CCCCOC(=O)CCCCCCC/C=C\CCCCCCCC)CN(C)Cc1cccnc1,JW_2024,JW_2024,0
-5.3233986,-0.647223901,CCCCCCCCCCCCCCCC(=O)OCCCCCC(O)C(CCCCOC(=O)CCCCCCCCCCCCCCC)CN(C)CCCn1cccn1,JW_2024,JW_2024,0
-5.5363774,-0.394088613,CCCCCCCCCCCCCCCC(=O)OCCCCCC(O)C(CCCCOC(=O)CCCCCCCCCCCCCCC)CN(C)CCCn1cccn1,JW_2024,JW_2024,0
-8.304832,-0.271603797,CCCCCCCCCCCCCCCC(=O)OCCCCCC(O)C(CCCCOC(=O)CCCCCCCCCCCCCCC)CN(C)CCCn1cccn1,JW_2024,JW_2024,0
-4.715926,-0.573733011,CCCCCCCCCCCCCCCC(=O)OCCCCCC(O)C(CCCCOC(=O)CCCCCCCCCCCCCCC)CN(C)CCCn1cccn1,JW_2024,JW_2024,0
-4.7841306,-0.835033953,CCCCCCCCCCCCCCCC(=O)OCCCCCC(O)C(CCCCOC(=O)CCCCCCCCCCCCCCC)CN(C)CCCn1cccn1,JW_2024,JW_2024,0
-7.7299004,-0.010302854,CCCCCCCCCCCCCCCC(=O)OCCCCCC(O)C(CCCCOC(=O)CCCCCCCCCCCCCCC)CN(C)CCCn1cccn1,JW_2024,JW_2024,0
-6.293554,0.651115156,CCCCCCCCCCCCCCCC(=O)OCCCCCC(O)C(CCCCOC(=O)CCCCCCCCCCCCCCC)CN(C)CCCn1cccn1,JW_2024,JW_2024,1
-5.7962337,-0.679886519,CCCCCCCCCCCCCCCC(=O)OCCCCCC(O)C(CCCCOC(=O)CCCCCCCCCCCCCCC)CN(C)CCCn1cccn1,JW_2024,JW_2024,0
-5.980604,0.887919134,CCCCCCCCCCCCCCCC(=O)OCCCCCC(O)C(CCCCOC(=O)CCCCCCCCCCCCCCC)CN(C)CCCn1cccn1,JW_2024,JW_2024,1
-5.9138317,-0.598229974,CCCCCCCCCCCCCCCC(=O)OCCCCCC(O)C(CCCCOC(=O)CCCCCCCCCCCCCCC)CN(C)CCCn1cccn1,JW_2024,JW_2024,0
-8.085383,1.132888768,CCCCCCCCCCCCCCCC(=O)OCCCCCC(O)C(CCCCOC(=O)CCCCCCCCCCCCCCC)CN(C)CCCn1cccn1,JW_2024,JW_2024,1
-5.70796,-0.22260987,CCCCCCCCCCCCCCCC(=O)OCCCCCC(O)C(CCCCOC(=O)CCCCCCCCCCCCCCC)CN(C)CCCn1cccn1,JW_2024,JW_2024,0
-5.7612724,-0.622726938,CCCCCCCCCCCCCCCC(=O)OCCCCCC(O)C(CCCCOC(=O)CCCCCCCCCCCCCCC)CN(C)CCCn1cccn1,JW_2024,JW_2024,0
-7.8434567,-0.214444216,CCCCCCCCCCCCCCCC(=O)OCCCCCC(O)C(CCCCOC(=O)CCCCCCCCCCCCCCC)CN(C)CCCn1cccn1,JW_2024,JW_2024,0
-4.7787466,0.765434318,CCCCCCCCCCCCCCCC(=O)OCCCCCC(O)C(CCCCOC(=O)CCCCCCCCCCCCCCC)CN(C)CCCn1cccn1,JW_2024,JW_2024,1
-4.4276505,-1.014678351,CCCCCCCCCCCCCCCC(=O)OCCCCCC(O)C(CCCCOC(=O)CCCCCCCCCCCCCCC)CN(C)CCCn1cccn1,JW_2024,JW_2024,0
-5.9772325,0.030525418,CCCCCCCCCCCCCCCC(=O)OCCCCCC(O)C(CCCCOC(=O)CCCCCCCCCCCCCCC)CN(C)CCCn1cccn1,JW_2024,JW_2024,1
-4.6872444,0.046856727,CCCCCCCCCCCCCCCC(=O)OCCCCCC(O)C(CCCCOC(=O)CCCCCCCCCCCCCCC)CN(C)CCCn1cccn1,JW_2024,JW_2024,1
-8.350531,1.165551386,CCCCCCCCCCCCCCCC(=O)OCCCCCC(O)C(CCCCOC(=O)CCCCCCCCCCCCCCC)CN(C)CCCn1cccn1,JW_2024,JW_2024,1
-5.899039,0.969575679,CCCCCCCCCCCCCCCC(=O)OCCCCCC(O)C(CCCCOC(=O)CCCCCCCCCCCCCCC)CN(C)CCCn1cccn1,JW_2024,JW_2024,1
-6.5683928,1.386024055,CCCCCCCCCCCCCCCC(=O)OCCCCCC(O)C(CCCCOC(=O)CCCCCCCCCCCCCCC)CN(C)CCCn1cccn1,JW_2024,JW_2024,2
-4.6184864,1.02673526,CCCCCCCCCCCCCCCC(=O)OCCCCCC(O)C(CCCCOC(=O)CCCCCCCCCCCCCCC)CN(C)CCCn1cccn1,JW_2024,JW_2024,1
-5.155708,-0.198112907,CCCCCCCCCCCCCCCC(=O)OCCCCCC(O)C(CCCCOC(=O)CCCCCCCCCCCCCCC)CN(C)CCCn1cccn1,JW_2024,JW_2024,0
-6.400653,1.39418971,CCCCCCCCCCCCCCCC(=O)OCCCCCC(O)C(CCCCOC(=O)CCCCCCCCCCCCCCC)CN(C)CCCn1cccn1,JW_2024,JW_2024,2
-3.6427224,-0.361425995,CCCCCCCC/C=C\CCCCCCCC(=O)OCCCCCC(O)C(CCCCOC(=O)CCCCCCC/C=C\CCCCCCCC)CN(C)CCCn1cccn1,JW_2024,JW_2024,0
-4.1034203,0.07135369,CCCCCCCC/C=C\CCCCCCCC(=O)OCCCCCC(O)C(CCCCOC(=O)CCCCCCC/C=C\CCCCCCCC)CN(C)CCCn1cccn1,JW_2024,JW_2024,1
-6.2612247,0.740937354,CCCCCCCC/C=C\CCCCCCCC(=O)OCCCCCC(O)C(CCCCOC(=O)CCCCCCC/C=C\CCCCCCCC)CN(C)CCCn1cccn1,JW_2024,JW_2024,1
-3.336842,-0.361425995,CCCCCCCC/C=C\CCCCCCCC(=O)OCCCCCC(O)C(CCCCOC(=O)CCCCCCC/C=C\CCCCCCCC)CN(C)CCCn1cccn1,JW_2024,JW_2024,0
-3.8485053,0.030525418,CCCCCCCC/C=C\CCCCCCCC(=O)OCCCCCC(O)C(CCCCOC(=O)CCCCCCC/C=C\CCCCCCCC)CN(C)CCCn1cccn1,JW_2024,JW_2024,1
-5.4652076,-0.36959165,CCCCCCCC/C=C\CCCCCCCC(=O)OCCCCCC(O)C(CCCCOC(=O)CCCCCCC/C=C\CCCCCCCC)CN(C)CCCn1cccn1,JW_2024,JW_2024,0
-4.2793446,0.422476831,CCCCCCCC/C=C\CCCCCCCC(=O)OCCCCCC(O)C(CCCCOC(=O)CCCCCCC/C=C\CCCCCCCC)CN(C)CCCn1cccn1,JW_2024,JW_2024,1
-4.5764613,-0.459413849,CCCCCCCC/C=C\CCCCCCCC(=O)OCCCCCC(O)C(CCCCOC(=O)CCCCCCC/C=C\CCCCCCCC)CN(C)CCCn1cccn1,JW_2024,JW_2024,0
-4.5388665,0.544961648,CCCCCCCC/C=C\CCCCCCCC(=O)OCCCCCC(O)C(CCCCOC(=O)CCCCCCC/C=C\CCCCCCCC)CN(C)CCCn1cccn1,JW_2024,JW_2024,1
-4.134022,-0.263438142,CCCCCCCC/C=C\CCCCCCCC(=O)OCCCCCC(O)C(CCCCOC(=O)CCCCCCC/C=C\CCCCCCCC)CN(C)CCCn1cccn1,JW_2024,JW_2024,0
-5.79714,0.904250443,CCCCCCCC/C=C\CCCCCCCC(=O)OCCCCCC(O)C(CCCCOC(=O)CCCCCCC/C=C\CCCCCCCC)CN(C)CCCn1cccn1,JW_2024,JW_2024,1
-4.6159315,0.389814213,CCCCCCCC/C=C\CCCCCCCC(=O)OCCCCCC(O)C(CCCCOC(=O)CCCCCCC/C=C\CCCCCCCC)CN(C)CCCn1cccn1,JW_2024,JW_2024,1
-4.593799,-1.145328822,CCCCCCCC/C=C\CCCCCCCC(=O)OCCCCCC(O)C(CCCCOC(=O)CCCCCCC/C=C\CCCCCCCC)CN(C)CCCn1cccn1,JW_2024,JW_2024,0
-5.489016,0.822593899,CCCCCCCC/C=C\CCCCCCCC(=O)OCCCCCC(O)C(CCCCOC(=O)CCCCCCC/C=C\CCCCCCCC)CN(C)CCCn1cccn1,JW_2024,JW_2024,1
-3.6397915,0.022359763,CCCCCCCC/C=C\CCCCCCCC(=O)OCCCCCC(O)C(CCCCOC(=O)CCCCCCC/C=C\CCCCCCCC)CN(C)CCCn1cccn1,JW_2024,JW_2024,0
-4.66903,0.7327717,CCCCCCCC/C=C\CCCCCCCC(=O)OCCCCCC(O)C(CCCCOC(=O)CCCCCCC/C=C\CCCCCCCC)CN(C)CCCn1cccn1,JW_2024,JW_2024,1
-3.8017597,0.936913061,CCCCCCCC/C=C\CCCCCCCC(=O)OCCCCCC(O)C(CCCCOC(=O)CCCCCCC/C=C\CCCCCCCC)CN(C)CCCn1cccn1,JW_2024,JW_2024,1
-6.1665864,0.487802067,CCCCCCCC/C=C\CCCCCCCC(=O)OCCCCCC(O)C(CCCCOC(=O)CCCCCCC/C=C\CCCCCCCC)CN(C)CCCn1cccn1,JW_2024,JW_2024,1
-4.5390267,-1.978225575,CCCCC/C=C\C/C=C\CCCCCCCC(=O)OCCCCCC(O)C(CCCCOC(=O)CCCCCCC/C=C\C/C=C\CCCCC)CN(C)Cc1cccnc1,JW_2024,JW_2024,0
-4.7937603,-1.414795419,CCCCC/C=C\C/C=C\CCCCCCCC(=O)OCCCCCC(O)C(CCCCOC(=O)CCCCCCC/C=C\C/C=C\CCCCC)CN(C)Cc1cccnc1,JW_2024,JW_2024,0
-6.908292,-1.349470183,CCCCC/C=C\C/C=C\CCCCCCCC(=O)OCCCCCC(O)C(CCCCOC(=O)CCCCCCC/C=C\C/C=C\CCCCC)CN(C)Cc1cccnc1,JW_2024,JW_2024,0
-4.759628,-1.471955,CCCCC/C=C\C/C=C\CCCCCCCC(=O)OCCCCCC(O)C(CCCCOC(=O)CCCCCCC/C=C\C/C=C\CCCCC)CN(C)Cc1cccnc1,JW_2024,JW_2024,0
-5.032894,-1.667930707,CCCCC/C=C\C/C=C\CCCCCCCC(=O)OCCCCCC(O)C(CCCCOC(=O)CCCCCCC/C=C\C/C=C\CCCCC)CN(C)Cc1cccnc1,JW_2024,JW_2024,0
-6.1665077,-1.439292382,CCCCC/C=C\C/C=C\CCCCCCCC(=O)OCCCCCC(O)C(CCCCOC(=O)CCCCCCC/C=C\C/C=C\CCCCC)CN(C)Cc1cccnc1,JW_2024,JW_2024,0
-5.460041,-1.610771125,CCCCC/C=C\C/C=C\CCCCCCCC(=O)OCCCCCC(O)C(CCCCOC(=O)CCCCCCC/C=C\C/C=C\CCCCC)CN(C)Cc1cccnc1,JW_2024,JW_2024,0
-5.2785654,-2.125207355,CCCCC/C=C\C/C=C\CCCCCCCC(=O)OCCCCCC(O)C(CCCCOC(=O)CCCCCCC/C=C\C/C=C\CCCCC)CN(C)Cc1cccnc1,JW_2024,JW_2024,0
-5.338732,-0.859530917,CCCCC/C=C\C/C=C\CCCCCCCC(=O)OCCCCCC(O)C(CCCCOC(=O)CCCCCCC/C=C\C/C=C\CCCCC)CN(C)Cc1cccnc1,JW_2024,JW_2024,0
-5.371192,-1.153494477,CCCCC/C=C\C/C=C\CCCCCCCC(=O)OCCCCCC(O)C(CCCCOC(=O)CCCCCCC/C=C\C/C=C\CCCCC)CN(C)Cc1cccnc1,JW_2024,JW_2024,0
-6.1100326,-0.777874372,CCCCC/C=C\C/C=C\CCCCCCCC(=O)OCCCCCC(O)C(CCCCOC(=O)CCCCCCC/C=C\C/C=C\CCCCC)CN(C)Cc1cccnc1,JW_2024,JW_2024,0
-5.16041,-1.406629764,CCCCC/C=C\C/C=C\CCCCCCCC(=O)OCCCCCC(O)C(CCCCOC(=O)CCCCCCC/C=C\C/C=C\CCCCC)CN(C)Cc1cccnc1,JW_2024,JW_2024,0
-5.1740665,-1.904734685,CCCCC/C=C\C/C=C\CCCCCCCC(=O)OCCCCCC(O)C(CCCCOC(=O)CCCCCCC/C=C\C/C=C\CCCCC)CN(C)Cc1cccnc1,JW_2024,JW_2024,0
-6.1876416,-1.316807565,CCCCC/C=C\C/C=C\CCCCCCCC(=O)OCCCCCC(O)C(CCCCOC(=O)CCCCCCC/C=C\C/C=C\CCCCC)CN(C)Cc1cccnc1,JW_2024,JW_2024,0
-4.4887676,-0.492076467,CCCCC/C=C\C/C=C\CCCCCCCC(=O)OCCCCCC(O)C(CCCCOC(=O)CCCCCCC/C=C\C/C=C\CCCCC)CN(C)Cc1cccnc1,JW_2024,JW_2024,0
-5.681363,0.095850653,CCCCC/C=C\C/C=C\CCCCCCCC(=O)OCCCCCC(O)C(CCCCOC(=O)CCCCCCC/C=C\C/C=C\CCCCC)CN(C)Cc1cccnc1,JW_2024,JW_2024,1
-3.7524464,-1.439292382,CCCCCCCC/C=C\CCCCCCCC(=O)OCCCCCC(O)C(CCCCOC(=O)CCCCCCC/C=C\CCCCCCCC)CN1CCN(c2cccnc2)CC1,JW_2024,JW_2024,0
-3.9498723,-1.921065994,CCCCCCCC/C=C\CCCCCCCC(=O)OCCCCCC(O)C(CCCCOC(=O)CCCCCCC/C=C\CCCCCCCC)CN1CCN(c2cccnc2)CC1,JW_2024,JW_2024,0
-5.904249,-0.924856152,CCCCCCCC/C=C\CCCCCCCC(=O)OCCCCCC(O)C(CCCCOC(=O)CCCCCCC/C=C\CCCCCCCC)CN1CCN(c2cccnc2)CC1,JW_2024,JW_2024,0
-3.2137854,-1.357635838,CCCCCCCC/C=C\CCCCCCCC(=O)OCCCCCC(O)C(CCCCOC(=O)CCCCCCC/C=C\CCCCCCCC)CN1CCN(c2cccnc2)CC1,JW_2024,JW_2024,0
-3.357629,-1.700593324,CCCCCCCC/C=C\CCCCCCCC(=O)OCCCCCC(O)C(CCCCOC(=O)CCCCCCC/C=C\CCCCCCCC)CN1CCN(c2cccnc2)CC1,JW_2024,JW_2024,0
-5.596684,-2.100710392,CCCCCCCC/C=C\CCCCCCCC(=O)OCCCCCC(O)C(CCCCOC(=O)CCCCCCC/C=C\CCCCCCCC)CN1CCN(c2cccnc2)CC1,JW_2024,JW_2024,0
-3.8194385,-1.431126728,CCCCCCCC/C=C\CCCCCCCC(=O)OCCCCCC(O)C(CCCCOC(=O)CCCCCCC/C=C\CCCCCCCC)CN1CCN(c2cccnc2)CC1,JW_2024,JW_2024,0
-4.9190564,-2.811122329,CCCCCCCC/C=C\CCCCCCCC(=O)OCCCCCC(O)C(CCCCOC(=O)CCCCCCC/C=C\CCCCCCCC)CN1CCN(c2cccnc2)CC1,JW_2024,JW_2024,0
-4.8365326,-0.900359189,CCCCCCCC/C=C\CCCCCCCC(=O)OCCCCCC(O)C(CCCCOC(=O)CCCCCCC/C=C\CCCCCCCC)CN1CCN(c2cccnc2)CC1,JW_2024,JW_2024,0
-4.347499,-1.414795419,CCCCCCCC/C=C\CCCCCCCC(=O)OCCCCCC(O)C(CCCCOC(=O)CCCCCCC/C=C\CCCCCCCC)CN1CCN(c2cccnc2)CC1,JW_2024,JW_2024,0
-5.915741,-0.44308254,CCCCCCCC/C=C\CCCCCCCC(=O)OCCCCCC(O)C(CCCCOC(=O)CCCCCCC/C=C\CCCCCCCC)CN1CCN(c2cccnc2)CC1,JW_2024,JW_2024,0
-4.1057663,-1.431126728,CCCCCCCC/C=C\CCCCCCCC(=O)OCCCCCC(O)C(CCCCOC(=O)CCCCCCC/C=C\CCCCCCCC)CN1CCN(c2cccnc2)CC1,JW_2024,JW_2024,0
-4.814584,-1.757752905,CCCCCCCC/C=C\CCCCCCCC(=O)OCCCCCC(O)C(CCCCOC(=O)CCCCCCC/C=C\CCCCCCCC)CN1CCN(c2cccnc2)CC1,JW_2024,JW_2024,0
-5.5330057,-1.439292382,CCCCCCCC/C=C\CCCCCCCC(=O)OCCCCCC(O)C(CCCCOC(=O)CCCCCCC/C=C\CCCCCCCC)CN1CCN(c2cccnc2)CC1,JW_2024,JW_2024,0
-3.94545,-0.467579503,CCCCCCCCCCCCCCCC(=O)OCCCCCC(O)C(CCCCOC(=O)CCCCCCCCCCCCCCC)CN1CCN(C)CC1,JW_2024,JW_2024,0
-4.198304,-0.181781598,CCCCCCCCCCCCCCCC(=O)OCCCCCC(O)C(CCCCOC(=O)CCCCCCCCCCCCCCC)CN1CCN(C)CC1,JW_2024,JW_2024,0
-6.5736,-0.312432069,CCCCCCCCCCCCCCCC(=O)OCCCCCC(O)C(CCCCOC(=O)CCCCCCCCCCCCCCC)CN1CCN(C)CC1,JW_2024,JW_2024,0
-3.789764,-0.059296781,CCCCCCCCCCCCCCCC(=O)OCCCCCC(O)C(CCCCOC(=O)CCCCCCCCCCCCCCC)CN1CCN(C)CC1,JW_2024,JW_2024,0
-4.86281,-0.851365262,CCCCCCCCCCCCCCCC(=O)OCCCCCC(O)C(CCCCOC(=O)CCCCCCCCCCCCCCC)CN1CCN(C)CC1,JW_2024,JW_2024,0
-5.8625536,-0.328763378,CCCCCCCCCCCCCCCC(=O)OCCCCCC(O)C(CCCCOC(=O)CCCCCCCCCCCCCCC)CN1CCN(C)CC1,JW_2024,JW_2024,0
-5.096936,0.022359763,CCCCCCCCCCCCCCCC(=O)OCCCCCC(O)C(CCCCOC(=O)CCCCCCCCCCCCCCC)CN1CCN(C)CC1,JW_2024,JW_2024,0
-5.2486277,0.046856727,CCCCCCCCCCCCCCCC(=O)OCCCCCC(O)C(CCCCOC(=O)CCCCCCCCCCCCCCC)CN1CCN(C)CC1,JW_2024,JW_2024,1
-4.815253,0.871587826,CCCCCCCCCCCCCCCC(=O)OCCCCCC(O)C(CCCCOC(=O)CCCCCCCCCCCCCCC)CN1CCN(C)CC1,JW_2024,JW_2024,1
-5.1489997,-0.679886519,CCCCCCCCCCCCCCCC(=O)OCCCCCC(O)C(CCCCOC(=O)CCCCCCCCCCCCCCC)CN1CCN(C)CC1,JW_2024,JW_2024,0
-6.1029835,-0.100125053,CCCCCCCCCCCCCCCC(=O)OCCCCCC(O)C(CCCCOC(=O)CCCCCCCCCCCCCCC)CN1CCN(C)CC1,JW_2024,JW_2024,0
-5.082113,-0.018468509,CCCCCCCCCCCCCCCC(=O)OCCCCCC(O)C(CCCCOC(=O)CCCCCCCCCCCCCCC)CN1CCN(C)CC1,JW_2024,JW_2024,0
-5.0152745,-0.581898665,CCCCCCCCCCCCCCCC(=O)OCCCCCC(O)C(CCCCOC(=O)CCCCCCCCCCCCCCC)CN1CCN(C)CC1,JW_2024,JW_2024,0
-5.715258,-0.198112907,CCCCCCCCCCCCCCCC(=O)OCCCCCC(O)C(CCCCOC(=O)CCCCCCCCCCCCCCC)CN1CCN(C)CC1,JW_2024,JW_2024,0
-4.1507235,0.038691072,CCCCCCCCCCCCCCCC(=O)OCCCCCC(O)C(CCCCOC(=O)CCCCCCCCCCCCCCC)CN1CCN(C)CC1,JW_2024,JW_2024,1
-5.3420143,0.569458611,CCCCCCCCCCCCCCCC(=O)OCCCCCC(O)C(CCCCOC(=O)CCCCCCCCCCCCCCC)CN1CCN(C)CC1,JW_2024,JW_2024,1
-4.918439,0.495967721,CCCCCCCCCCCCCCCC(=O)OCCCCCC(O)C(CCCCOC(=O)CCCCCCCCCCCCCCC)CN1CCN(C)CC1,JW_2024,JW_2024,1
-6.3859305,0.716440391,CCCCCCCCCCCCCCCC(=O)OCCCCCC(O)C(CCCCOC(=O)CCCCCCCCCCCCCCC)CN1CCN(C)CC1,JW_2024,JW_2024,1
-5.3906636,0.683777773,CCCCCCCCCCCCCCCC(=O)OCCCCCC(O)C(CCCCOC(=O)CCCCCCCCCCCCCCC)CN1CCN(C)CC1,JW_2024,JW_2024,1
-6.218422,0.95324437,CCCCCCCCCCCCCCCC(=O)OCCCCCC(O)C(CCCCOC(=O)CCCCCCCCCCCCCCC)CN1CCN(C)CC1,JW_2024,JW_2024,1
-4.233463,1.116557459,CCCCCCCCCCCCCCCC(=O)OCCCCCC(O)C(CCCCOC(=O)CCCCCCCCCCCCCCC)CN1CCN(C)CC1,JW_2024,JW_2024,1
-3.8928177,0.838925208,CCCCCCCCCCCCCCCC(=O)OCCCCCC(O)C(CCCCOC(=O)CCCCCCCCCCCCCCC)CN1CCN(C)CC1,JW_2024,JW_2024,1
-5.745853,1.549337144,CCCCCCCCCCCCCCCC(=O)OCCCCCC(O)C(CCCCOC(=O)CCCCCCCCCCCCCCC)CN1CCN(C)CC1,JW_2024,JW_2024,2
-2.873852,-0.116456362,CCCCCCCC/C=C\CCCCCCCC(=O)OCCCCCC(O)C(CCCCOC(=O)CCCCCCC/C=C\CCCCCCCC)CNCCCN(CCO)CCO,JW_2024,JW_2024,0
-3.349093,-0.524739084,CCCCCCCC/C=C\CCCCCCCC(=O)OCCCCCC(O)C(CCCCOC(=O)CCCCCCC/C=C\CCCCCCCC)CNCCCN(CCO)CCO,JW_2024,JW_2024,0
-5.0257583,-0.51657343,CCCCCCCC/C=C\CCCCCCCC(=O)OCCCCCC(O)C(CCCCOC(=O)CCCCCCC/C=C\CCCCCCCC)CNCCCN(CCO)CCO,JW_2024,JW_2024,0
-2.9387474,0.618452538,CCCCCCCC/C=C\CCCCCCCC(=O)OCCCCCC(O)C(CCCCOC(=O)CCCCCCC/C=C\CCCCCCCC)CNCCCN(CCO)CCO,JW_2024,JW_2024,1
-3.5099113,0.446973794,CCCCCCCC/C=C\CCCCCCCC(=O)OCCCCCC(O)C(CCCCOC(=O)CCCCCCC/C=C\CCCCCCCC)CNCCCN(CCO)CCO,JW_2024,JW_2024,1
-3.7080717,-0.753377409,CCCCCCCC/C=C\CCCCCCCC(=O)OCCCCCC(O)C(CCCCOC(=O)CCCCCCC/C=C\CCCCCCCC)CNCCCN(CCO)CCO,JW_2024,JW_2024,0
-3.8666878,1.043066569,CCCCCCCC/C=C\CCCCCCCC(=O)OCCCCCC(O)C(CCCCOC(=O)CCCCCCC/C=C\CCCCCCCC)CNCCCN(CCO)CCO,JW_2024,JW_2024,1
-3.1223097,0.961410024,CCCCCCCC/C=C\CCCCCCCC(=O)OCCCCCC(O)C(CCCCOC(=O)CCCCCCC/C=C\CCCCCCCC)CNCCCN(CCO)CCO,JW_2024,JW_2024,1
-4.6650124,0.87975348,CCCCCCCC/C=C\CCCCCCCC(=O)OCCCCCC(O)C(CCCCOC(=O)CCCCCCC/C=C\CCCCCCCC)CNCCCN(CCO)CCO,JW_2024,JW_2024,1
-2.8734858,0.177507198,CCCCCCCC/C=C\CCCCCCCC(=O)OCCCCCC(O)C(CCCCOC(=O)CCCCCCC/C=C\CCCCCCCC)CNCCCN(CCO)CCO,JW_2024,JW_2024,1
-3.6304085,0.414311177,CCCCCCCC/C=C\CCCCCCCC(=O)OCCCCCC(O)C(CCCCOC(=O)CCCCCCC/C=C\CCCCCCCC)CNCCCN(CCO)CCO,JW_2024,JW_2024,1
-4.3894377,1.17371704,CCCCCCCC/C=C\CCCCCCCC(=O)OCCCCCC(O)C(CCCCOC(=O)CCCCCCC/C=C\CCCCCCCC)CNCCCN(CCO)CCO,JW_2024,JW_2024,1
-3.2449377,1.018569606,CCCCCCCC/C=C\CCCCCCCC(=O)OCCCCCC(O)C(CCCCOC(=O)CCCCCCC/C=C\CCCCCCCC)CNCCCN(CCO)CCO,JW_2024,JW_2024,1
-3.1497626,-0.614561283,CCCCCCCC/C=C\CCCCCCCC(=O)OCCCCCC(O)C(CCCCOC(=O)CCCCCCC/C=C\CCCCCCCC)CNCCCN(CCO)CCO,JW_2024,JW_2024,0
-3.794703,0.936913061,CCCCCCCC/C=C\CCCCCCCC(=O)OCCCCCC(O)C(CCCCOC(=O)CCCCCCC/C=C\CCCCCCCC)CNCCCN(CCO)CCO,JW_2024,JW_2024,1
-5.68416,-1.561777199,CCCCCCCCCCCCCCCC(=O)OCCCCCC(O)C(CCCCOC(=O)CCCCCCCCCCCCCCC)CN(C)Cc1cccnc1,JW_2024,JW_2024,0
-6.0129886,-1.186157094,CCCCCCCCCCCCCCCC(=O)OCCCCCC(O)C(CCCCOC(=O)CCCCCCCCCCCCCCC)CN(C)Cc1cccnc1,JW_2024,JW_2024,0
-8.5088,-0.124622017,CCCCCCCCCCCCCCCC(=O)OCCCCCC(O)C(CCCCOC(=O)CCCCCCCCCCCCCCC)CN(C)Cc1cccnc1,JW_2024,JW_2024,0
-5.6408215,-1.831243795,CCCCCCCCCCCCCCCC(=O)OCCCCCC(O)C(CCCCOC(=O)CCCCCCCCCCCCCCC)CN(C)Cc1cccnc1,JW_2024,JW_2024,0
-6.0507855,-2.100710392,CCCCCCCCCCCCCCCC(=O)OCCCCCC(O)C(CCCCOC(=O)CCCCCCCCCCCCCCC)CN(C)Cc1cccnc1,JW_2024,JW_2024,0
-8.052512,-2.737631439,CCCCCCCCCCCCCCCC(=O)OCCCCCC(O)C(CCCCOC(=O)CCCCCCCCCCCCCCC)CN(C)Cc1cccnc1,JW_2024,JW_2024,0
-7.0058656,-1.512783272,CCCCCCCCCCCCCCCC(=O)OCCCCCC(O)C(CCCCOC(=O)CCCCCCCCCCCCCCC)CN(C)Cc1cccnc1,JW_2024,JW_2024,0
-6.5091224,-2.42733657,CCCCCCCCCCCCCCCC(=O)OCCCCCC(O)C(CCCCOC(=O)CCCCCCCCCCCCCCC)CN(C)Cc1cccnc1,JW_2024,JW_2024,0
-6.5647755,-1.194322749,CCCCCCCCCCCCCCCC(=O)OCCCCCC(O)C(CCCCOC(=O)CCCCCCCCCCCCCCC)CN(C)Cc1cccnc1,JW_2024,JW_2024,0
-6.6652784,-1.275979293,CCCCCCCCCCCCCCCC(=O)OCCCCCC(O)C(CCCCOC(=O)CCCCCCCCCCCCCCC)CN(C)Cc1cccnc1,JW_2024,JW_2024,0
-8.200932,-0.189947252,CCCCCCCCCCCCCCCC(=O)OCCCCCC(O)C(CCCCOC(=O)CCCCCCCCCCCCCCC)CN(C)Cc1cccnc1,JW_2024,JW_2024,0
-6.404585,-1.602605471,CCCCCCCCCCCCCCCC(=O)OCCCCCC(O)C(CCCCOC(=O)CCCCCCCCCCCCCCC)CN(C)Cc1cccnc1,JW_2024,JW_2024,0
-6.435295,-1.896569031,CCCCCCCCCCCCCCCC(=O)OCCCCCC(O)C(CCCCOC(=O)CCCCCCCCCCCCCCC)CN(C)Cc1cccnc1,JW_2024,JW_2024,0
-8.212944,-1.700593324,CCCCCCCCCCCCCCCC(=O)OCCCCCC(O)C(CCCCOC(=O)CCCCCCCCCCCCCCC)CN(C)Cc1cccnc1,JW_2024,JW_2024,0
-3.8572183,-0.206278561,CCCCC/C=C\C/C=C\CCCCCCCC(=O)OCCCCCC(O)C(CCCCOC(=O)CCCCCCC/C=C\C/C=C\CCCCC)CN1CCN(C)CC1,JW_2024,JW_2024,0
-4.192219,-0.353260341,CCCCC/C=C\C/C=C\CCCCCCCC(=O)OCCCCCC(O)C(CCCCOC(=O)CCCCCCC/C=C\C/C=C\CCCCC)CN1CCN(C)CC1,JW_2024,JW_2024,0
-6.1588416,0.397979868,CCCCC/C=C\C/C=C\CCCCCCCC(=O)OCCCCCC(O)C(CCCCOC(=O)CCCCCCC/C=C\C/C=C\CCCCC)CN1CCN(C)CC1,JW_2024,JW_2024,1
-3.5283954,0.250998088,CCCCC/C=C\C/C=C\CCCCCCCC(=O)OCCCCCC(O)C(CCCCOC(=O)CCCCCCC/C=C\C/C=C\CCCCC)CN1CCN(C)CC1,JW_2024,JW_2024,1
-3.9940522,-0.336929032,CCCCC/C=C\C/C=C\CCCCCCCC(=O)OCCCCCC(O)C(CCCCOC(=O)CCCCCCC/C=C\C/C=C\CCCCC)CN1CCN(C)CC1,JW_2024,JW_2024,0
-5.9228015,-0.173615943,CCCCC/C=C\C/C=C\CCCCCCCC(=O)OCCCCCC(O)C(CCCCOC(=O)CCCCCCC/C=C\C/C=C\CCCCC)CN1CCN(C)CC1,JW_2024,JW_2024,0
-4.5109844,0.079519344,CCCCC/C=C\C/C=C\CCCCCCCC(=O)OCCCCCC(O)C(CCCCOC(=O)CCCCCCC/C=C\C/C=C\CCCCC)CN1CCN(C)CC1,JW_2024,JW_2024,1
-5.2089977,-0.892193534,CCCCC/C=C\C/C=C\CCCCCCCC(=O)OCCCCCC(O)C(CCCCOC(=O)CCCCCCC/C=C\C/C=C\CCCCC)CN1CCN(C)CC1,JW_2024,JW_2024,0
-5.0944605,1.02673526,CCCCC/C=C\C/C=C\CCCCCCCC(=O)OCCCCCC(O)C(CCCCOC(=O)CCCCCCC/C=C\C/C=C\CCCCC)CN1CCN(C)CC1,JW_2024,JW_2024,1
-5.1616116,-0.320597723,CCCCC/C=C\C/C=C\CCCCCCCC(=O)OCCCCCC(O)C(CCCCOC(=O)CCCCCCC/C=C\C/C=C\CCCCC)CN1CCN(C)CC1,JW_2024,JW_2024,0
-5.5912495,1.304367511,CCCCC/C=C\C/C=C\CCCCCCCC(=O)OCCCCCC(O)C(CCCCOC(=O)CCCCCCC/C=C\C/C=C\CCCCC)CN1CCN(C)CC1,JW_2024,JW_2024,1
-4.8188753,0.169341543,CCCCC/C=C\C/C=C\CCCCCCCC(=O)OCCCCCC(O)C(CCCCOC(=O)CCCCCCC/C=C\C/C=C\CCCCC)CN1CCN(C)CC1,JW_2024,JW_2024,1
-4.8868523,-1.700593324,CCCCC/C=C\C/C=C\CCCCCCCC(=O)OCCCCCC(O)C(CCCCOC(=O)CCCCCCC/C=C\C/C=C\CCCCC)CN1CCN(C)CC1,JW_2024,JW_2024,0
-5.820756,-0.753377409,CCCCC/C=C\C/C=C\CCCCCCCC(=O)OCCCCCC(O)C(CCCCOC(=O)CCCCCCC/C=C\C/C=C\CCCCC)CN1CCN(C)CC1,JW_2024,JW_2024,0
-5.4735627,0.536795993,CCCCC/C=C\C/C=C\CCCCCCCC(=O)OCCCCCC(O)C(CCCCOC(=O)CCCCCCC/C=C\C/C=C\CCCCC)CN1CCN(C)CC1,JW_2024,JW_2024,1
-4.0141673,0.389814213,CCCCC/C=C\C/C=C\CCCCCCCC(=O)OCCCCCC(O)C(CCCCOC(=O)CCCCCCC/C=C\C/C=C\CCCCC)CN1CCN(C)CC1,JW_2024,JW_2024,1
-6.109642,0.977741333,CCCCC/C=C\C/C=C\CCCCCCCC(=O)OCCCCCC(O)C(CCCCOC(=O)CCCCCCC/C=C\C/C=C\CCCCC)CN1CCN(C)CC1,JW_2024,JW_2024,1
-4.039954,1.010403951,CCCCC/C=C\C/C=C\CCCCCCCC(=O)OCCCCCC(O)C(CCCCOC(=O)CCCCCCC/C=C\C/C=C\CCCCC)CN1CCN(C)CC1,JW_2024,JW_2024,1
-4.603402,1.590165417,CCCCC/C=C\C/C=C\CCCCCCCC(=O)OCCCCCC(O)C(CCCCOC(=O)CCCCCCC/C=C\C/C=C\CCCCC)CN1CCN(C)CC1,JW_2024,JW_2024,2
-3.4915118,1.198214003,CCCCC/C=C\C/C=C\CCCCCCCC(=O)OCCCCCC(O)C(CCCCOC(=O)CCCCCCC/C=C\C/C=C\CCCCC)CN1CCN(C)CC1,JW_2024,JW_2024,1
-3.7492418,-0.467579503,CCCCC/C=C\C/C=C\CCCCCCCC(=O)OCCCCCC(O)C(CCCCOC(=O)CCCCCCC/C=C\C/C=C\CCCCC)CN1CCN(C)CC1,JW_2024,JW_2024,0
-4.6213603,1.500343218,CCCCC/C=C\C/C=C\CCCCCCCC(=O)OCCCCCC(O)C(CCCCOC(=O)CCCCCCC/C=C\C/C=C\CCCCC)CN1CCN(C)CC1,JW_2024,JW_2024,2
-4.6971426,-1.471955,CCCCCCCCCCCCCCCC(=O)OCCCCCC(O)C(CCCCOC(=O)CCCCCCCCCCCCCCC)CN1CCN(c2cccnc2)CC1,JW_2024,JW_2024,0
-4.9278502,-1.080003587,CCCCCCCCCCCCCCCC(=O)OCCCCCC(O)C(CCCCOC(=O)CCCCCCCCCCCCCCC)CN1CCN(c2cccnc2)CC1,JW_2024,JW_2024,0
-7.086017,-0.336929032,CCCCCCCCCCCCCCCC(=O)OCCCCCC(O)C(CCCCOC(=O)CCCCCCCCCCCCCCC)CN1CCN(c2cccnc2)CC1,JW_2024,JW_2024,0
-4.456504,-0.614561283,CCCCCCCCCCCCCCCC(=O)OCCCCCC(O)C(CCCCOC(=O)CCCCCCCCCCCCCCC)CN1CCN(c2cccnc2)CC1,JW_2024,JW_2024,0
-5.2971387,-2.166035628,CCCCCCCCCCCCCCCC(=O)OCCCCCC(O)C(CCCCOC(=O)CCCCCCCCCCCCCCC)CN1CCN(c2cccnc2)CC1,JW_2024,JW_2024,0
-6.503324,-2.182366936,CCCCCCCCCCCCCCCC(=O)OCCCCCC(O)C(CCCCOC(=O)CCCCCCCCCCCCCCC)CN1CCN(c2cccnc2)CC1,JW_2024,JW_2024,0
-5.5028453,-1.235151021,CCCCCCCCCCCCCCCC(=O)OCCCCCC(O)C(CCCCOC(=O)CCCCCCCCCCCCCCC)CN1CCN(c2cccnc2)CC1,JW_2024,JW_2024,0
-5.8203945,-2.027219502,CCCCCCCCCCCCCCCC(=O)OCCCCCC(O)C(CCCCOC(=O)CCCCCCCCCCCCCCC)CN1CCN(c2cccnc2)CC1,JW_2024,JW_2024,0
-5.4008584,-1.088169241,CCCCCCCCCCCCCCCC(=O)OCCCCCC(O)C(CCCCOC(=O)CCCCCCCCCCCCCCC)CN1CCN(c2cccnc2)CC1,JW_2024,JW_2024,0
-5.91525,-1.496451963,CCCCCCCCCCCCCCCC(=O)OCCCCCC(O)C(CCCCOC(=O)CCCCCCCCCCCCCCC)CN1CCN(c2cccnc2)CC1,JW_2024,JW_2024,0
-6.891271,-0.59006432,CCCCCCCCCCCCCCCC(=O)OCCCCCC(O)C(CCCCOC(=O)CCCCCCCCCCCCCCC)CN1CCN(c2cccnc2)CC1,JW_2024,JW_2024,0
-5.6737423,-1.61893678,CCCCCCCCCCCCCCCC(=O)OCCCCCC(O)C(CCCCOC(=O)CCCCCCCCCCCCCCC)CN1CCN(c2cccnc2)CC1,JW_2024,JW_2024,0
-5.788886,-2.255857826,CCCCCCCCCCCCCCCC(=O)OCCCCCC(O)C(CCCCOC(=O)CCCCCCCCCCCCCCC)CN1CCN(c2cccnc2)CC1,JW_2024,JW_2024,0
-6.725172,-1.422961073,CCCCCCCCCCCCCCCC(=O)OCCCCCC(O)C(CCCCOC(=O)CCCCCCCCCCCCCCC)CN1CCN(c2cccnc2)CC1,JW_2024,JW_2024,0
-4.104146,0.39822508,CCCCCCCCCOC(=O)CCCCCCCN(CCO)CCCCCCCC(=O)OC(CCCCCCCC)CCCCCCCC,JW_2024,JW_2024,1
-2.8014326,-0.768331584,CCCCCCCCCOC(=O)CCCCCCCN(CCO)CCCCCCCC(=O)OC(CCCCCCCC)CCCCCCCC,JW_2024,JW_2024,0
-3.2278836,1.28267327,CCCCCCCCCOC(=O)CCCCCCCN(CCO)CCCCCCCC(=O)OC(CCCCCCCC)CCCCCCCC,JW_2024,JW_2024,1
-2.8970733,0.733705428,CCCCCCCCCOC(=O)CCCCCCCN(CCO)CCCCCCCC(=O)OC(CCCCCCCC)CCCCCCCC,JW_2024,JW_2024,1
-4.7196784,1.679150045,CCCCCCCCCOC(=O)CCCCCCCN(CCO)CCCCCCCC(=O)OC(CCCCCCCC)CCCCCCCC,JW_2024,JW_2024,2
-2.616623,0.42109874,CCCCCCCCCOC(=O)CCCCCCCN(CCO)CCCCCCCC(=O)OC(CCCCCCCC)CCCCCCCC,JW_2024,JW_2024,1
-2.720582,0.215235799,CCCCCCCCCOC(=O)CCCCCCCN(CCO)CCCCCCCC(=O)OC(CCCCCCCC)CCCCCCCC,JW_2024,JW_2024,1
-4.4707685,0.665084448,CCCCCCCCCOC(=O)CCCCCCCN(CCO)CCCCCCCC(=O)OC(CCCCCCCC)CCCCCCCC,JW_2024,JW_2024,1
-3.1181223,1.031063009,CCCCCCCCCOC(=O)CCCCCCCN(CCO)CCCCCCCC(=O)OC(CCCCCCCC)CCCCCCCC,JW_2024,JW_2024,1
-2.9246511,1.32842059,CCCCCCCCCOC(=O)CCCCCCCN(CCO)CCCCCCCC(=O)OC(CCCCCCCC)CCCCCCCC,JW_2024,JW_2024,2
-1.8794918,1.107308543,CCCCCCCCCOC(=O)CCCCCCCN(CCO)CCCCCCCC(=O)OC(CCCCCCCC)CCCCCCCC,JW_2024,JW_2024,1
-4.6239414,1.831641112,CCCCCCCCCOC(=O)CCCCCCCN(CCO)CCCCCCCC(=O)OC(CCCCCCCC)CCCCCCCC,JW_2024,JW_2024,2
-3.5133212,1.885012985,CCCCCCCCCOC(=O)CCCCCCCN(CCO)CCCCCCCC(=O)OC(CCCCCCCC)CCCCCCCC,JW_2024,JW_2024,2
-3.6114185,1.785893792,CCCCCCCCCOC(=O)CCCCCCCN(CCO)CCCCCCCC(=O)OC(CCCCCCCC)CCCCCCCC,JW_2024,JW_2024,2
-3.1401896,1.663900938,CCCCCCCCCOC(=O)CCCCCCCN(CCO)CCCCCCCC(=O)OC(CCCCCCCC)CCCCCCCC,JW_2024,JW_2024,2
-2.3795376,0.51259338,CCCCCCCCCOC(=O)CCCCCCCN(CCO)CCCCCCCC(=O)OC(CCCCCCCC)CCCCCCCC,JW_2024,JW_2024,1
-3.5359793,1.602904511,CCCCCCCCCOC(=O)CCCCCCCN(CCO)CCCCCCCC(=O)OC(CCCCCCCC)CCCCCCCC,JW_2024,JW_2024,2
-5.608029,-1.492664154,CCCCCCCCC(=O)OCCCCCCN1CCC[C@H]1COC(=O)OC[C@@H]1CCCN1CCCCCCOC(=O)CCCCCCCC,JW_2024,JW_2024,0
-5.5087023,-2.43810877,CCCCCCCCC(=O)OCCCCCCN1CCC[C@H]1COC(=O)OC[C@@H]1CCCN1CCCCCCOC(=O)CCCCCCCC,JW_2024,JW_2024,0
-5.3829007,-0.882699885,CCCCCCCCC(=O)OCCCCCCN1CCC[C@H]1COC(=O)OC[C@@H]1CCCN1CCCCCCOC(=O)CCCCCCCC,JW_2024,JW_2024,0
-5.7077146,-1.172432912,CCCCCCCCC(=O)OCCCCCCN1CCC[C@H]1COC(=O)OC[C@@H]1CCCN1CCCCCCOC(=O)CCCCCCCC,JW_2024,JW_2024,0
-7.1307893,-0.692086051,CCCCCCCCC(=O)OCCCCCCN1CCC[C@H]1COC(=O)OC[C@@H]1CCCN1CCCCCCOC(=O)CCCCCCCC,JW_2024,JW_2024,0
-5.374142,-1.767148075,CCCCCCCCC(=O)OCCCCCCN1CCC[C@H]1COC(=O)OC[C@@H]1CCCN1CCCCCCOC(=O)CCCCCCCC,JW_2024,JW_2024,0
-5.4984345,-1.431667727,CCCCCCCCC(=O)OCCCCCCN1CCC[C@H]1COC(=O)OC[C@@H]1CCCN1CCCCCCOC(=O)CCCCCCCC,JW_2024,JW_2024,0
-6.8435836,-0.913198098,CCCCCCCCC(=O)OCCCCCCN1CCC[C@H]1COC(=O)OC[C@@H]1CCCN1CCCCCCOC(=O)CCCCCCCC,JW_2024,JW_2024,0
-6.03777,-1.050440059,CCCCCCCCC(CCCCCCCC)OC(=O)CCCCCN1CCC[C@H]1COC(=O)OC[C@@H]1CCCN1CCCCCC(=O)OC(CCCCCCCC)CCCCCCCC,JW_2024,JW_2024,0
-5.691986,-2.163624849,CCCCCCCCC(CCCCCCCC)OC(=O)CCCCCN1CCC[C@H]1COC(=O)OC[C@@H]1CCCN1CCCCCC(=O)OC(CCCCCCCC)CCCCCCCC,JW_2024,JW_2024,0
-6.0598564,-0.60059141,CCCCCCCCC(CCCCCCCC)OC(=O)CCCCCN1CCC[C@H]1COC(=O)OC[C@@H]1CCCN1CCCCCC(=O)OC(CCCCCCCC)CCCCCCCC,JW_2024,JW_2024,0
-5.1014867,-1.080938272,CCCCCCCCC(CCCCCCCC)OC(=O)CCCCCN1CCC[C@H]1COC(=O)OC[C@@H]1CCCN1CCCCCC(=O)OC(CCCCCCCC)CCCCCCCC,JW_2024,JW_2024,0
-6.3022346,-0.448100343,CCCCCCCCC(CCCCCCCC)OC(=O)CCCCCN1CCC[C@H]1COC(=O)OC[C@@H]1CCCN1CCCCCC(=O)OC(CCCCCCCC)CCCCCCCC,JW_2024,JW_2024,0
-5.0339518,-1.401169513,CCCCCCCCC(CCCCCCCC)OC(=O)CCCCCN1CCC[C@H]1COC(=O)OC[C@@H]1CCCN1CCCCCC(=O)OC(CCCCCCCC)CCCCCCCC,JW_2024,JW_2024,0
-4.9568357,-1.469790494,CCCCCCCCC(CCCCCCCC)OC(=O)CCCCCN1CCC[C@H]1COC(=O)OC[C@@H]1CCCN1CCCCCC(=O)OC(CCCCCCCC)CCCCCCCC,JW_2024,JW_2024,0
-6.3345857,-0.775956138,CCCCCCCCC(CCCCCCCC)OC(=O)CCCCCN1CCC[C@H]1COC(=O)OC[C@@H]1CCCN1CCCCCC(=O)OC(CCCCCCCC)CCCCCCCC,JW_2024,JW_2024,0
-6.7457194,-1.446916833,CCCCCCCCC(=O)OCCCCCCN(C)CCOC(=O)OCCN(C)CCCCCCOC(=O)CCCCCCCC,JW_2024,JW_2024,0
-6.25124,-1.843393608,CCCCCCCCC(=O)OCCCCCCN(C)CCOC(=O)OCCN(C)CCCCCCOC(=O)CCCCCCCC,JW_2024,JW_2024,0
-6.3615427,-0.798829798,CCCCCCCCC(=O)OCCCCCCN(C)CCOC(=O)OCCN(C)CCCCCCOC(=O)CCCCCCCC,JW_2024,JW_2024,0
-6.341677,-1.515537814,CCCCCCCCC(=O)OCCCCCCN(C)CCOC(=O)OCCN(C)CCCCCCOC(=O)CCCCCCCC,JW_2024,JW_2024,0
-7.4382114,-0.265111062,CCCCCCCCC(=O)OCCCCCCN(C)CCOC(=O)OCCN(C)CCCCCCOC(=O)CCCCCCCC,JW_2024,JW_2024,0
-6.094933,-1.927263695,CCCCCCCCC(=O)OCCCCCCN(C)CCOC(=O)OCCN(C)CCCCCCOC(=O)CCCCCCCC,JW_2024,JW_2024,0
-6.1919465,-1.645155221,CCCCCCCCC(=O)OCCCCCCN(C)CCOC(=O)OCCN(C)CCCCCCOC(=O)CCCCCCCC,JW_2024,JW_2024,0
-7.670638,-1.4850396,CCCCCCCCC(=O)OCCCCCCN(C)CCOC(=O)OCCN(C)CCCCCCOC(=O)CCCCCCCC,JW_2024,JW_2024,0
-5.0488873,0.337228653,CCCCCCCCC(CCCCCCCC)OC(=O)CCCCCN(C)CCOC(=O)OCCN(C)CCCCCC(=O)OC(CCCCCCCC)CCCCCCCC,JW_2024,JW_2024,1
-3.698559,-1.622281561,CCCCCCCCC(CCCCCCCC)OC(=O)CCCCCN(C)CCOC(=O)OCCN(C)CCCCCC(=O)OC(CCCCCCCC)CCCCCCCC,JW_2024,JW_2024,0
-3.817424,0.321979546,CCCCCCCCC(CCCCCCCC)OC(=O)CCCCCN(C)CCOC(=O)OCCN(C)CCCCCC(=O)OC(CCCCCCCC)CCCCCCCC,JW_2024,JW_2024,1
-3.9812036,-0.226988296,CCCCCCCCC(CCCCCCCC)OC(=O)CCCCCN(C)CCOC(=O)OCCN(C)CCCCCC(=O)OC(CCCCCCCC)CCCCCCCC,JW_2024,JW_2024,0
-4.6661854,0.146614819,CCCCCCCCC(CCCCCCCC)OC(=O)CCCCCN(C)CCOC(=O)OCCN(C)CCCCCC(=O)OC(CCCCCCCC)CCCCCCCC,JW_2024,JW_2024,1
-3.8064816,-0.516721323,CCCCCCCCC(CCCCCCCC)OC(=O)CCCCCN(C)CCOC(=O)OCCN(C)CCCCCC(=O)OC(CCCCCCCC)CCCCCCCC,JW_2024,JW_2024,0
-3.8174856,-0.722584264,CCCCCCCCC(CCCCCCCC)OC(=O)CCCCCN(C)CCOC(=O)OCCN(C)CCCCCC(=O)OC(CCCCCCCC)CCCCCCCC,JW_2024,JW_2024,0
-4.374403,0.924319262,CCCCCCCCC(CCCCCCCC)OC(=O)CCCCCN(C)CCOC(=O)OCCN(C)CCCCCC(=O)OC(CCCCCCCC)CCCCCCCC,JW_2024,JW_2024,1
-4.3840156,-0.059248122,CCCCCCCCC(CCCCCCCC)OC(=O)CCCCCN(C)CCOC(=O)OCCN(C)CCCCCC(=O)OC(CCCCCCCC)CCCCCCCC,JW_2024,JW_2024,0
-2.5739539,0.123741159,CCCCCCCCC(CCCCCCCC)OC(=O)CCCCCN(C)CCOC(=O)OCCN(C)CCCCCC(=O)OC(CCCCCCCC)CCCCCCCC,JW_2024,JW_2024,1
-3.984,0.825200068,CCCCCCCCC(CCCCCCCC)OC(=O)CCCCCN(C)CCOC(=O)OCCN(C)CCCCCC(=O)OC(CCCCCCCC)CCCCCCCC,JW_2024,JW_2024,1
-4.276586,0.085618392,CCCCCCCCC(CCCCCCCC)OC(=O)CCCCCN(C)CCOC(=O)OCCN(C)CCCCCC(=O)OC(CCCCCCCC)CCCCCCCC,JW_2024,JW_2024,1
-5.03986,1.023438456,CCCCCCCCC(CCCCCCCC)OC(=O)CCCCCN(C)CCOC(=O)OCCN(C)CCCCCC(=O)OC(CCCCCCCC)CCCCCCCC,JW_2024,JW_2024,1
-4.4591146,0.543091594,CCCCCCCCC(CCCCCCCC)OC(=O)CCCCCN(C)CCOC(=O)OCCN(C)CCCCCC(=O)OC(CCCCCCCC)CCCCCCCC,JW_2024,JW_2024,1
-5.1745996,0.123741159,CCCCCCCCC(CCCCCCCC)OC(=O)CCCCCN(C)CCOC(=O)OCCN(C)CCCCCC(=O)OC(CCCCCCCC)CCCCCCCC,JW_2024,JW_2024,1
-3.9933844,0.047495625,CCCCCCCCC(CCCCCCCC)OC(=O)CCCCCN(C)CCOC(=O)OCCN(C)CCCCCC(=O)OC(CCCCCCCC)CCCCCCCC,JW_2024,JW_2024,1
-2.7123897,-0.204114636,CCCCCCCCC(CCCCCCCC)OC(=O)CCCCCN(C)CCOC(=O)OCCN(C)CCCCCC(=O)OC(CCCCCCCC)CCCCCCCC,JW_2024,JW_2024,0
-4.779278,0.436347847,CCCCCCCCC(CCCCCCCC)OC(=O)CCCCCN(C)CCOC(=O)OCCN(C)CCCCCC(=O)OC(CCCCCCCC)CCCCCCCC,JW_2024,JW_2024,1
-6.328804,-0.135493655,CCCCCCCCC(=O)OCCCCCCN(C)CCOC(=O)OCCN(C)CCCCCC(=O)OC(CCCCCCCC)CCCCCCCC,JW_2024,JW_2024,0
-4.640583,-1.32492398,CCCCCCCCC(=O)OCCCCCCN(C)CCOC(=O)OCCN(C)CCCCCC(=O)OC(CCCCCCCC)CCCCCCCC,JW_2024,JW_2024,0
-4.6931934,0.878571942,CCCCCCCCC(=O)OCCCCCCN(C)CCOC(=O)OCCN(C)CCCCCC(=O)OC(CCCCCCCC)CCCCCCCC,JW_2024,JW_2024,1
-4.6971974,-0.074497228,CCCCCCCCC(=O)OCCCCCCN(C)CCOC(=O)OCCN(C)CCCCCC(=O)OC(CCCCCCCC)CCCCCCCC,JW_2024,JW_2024,0
-5.9472356,0.085618392,CCCCCCCCC(=O)OCCCCCCN(C)CCOC(=O)OCCN(C)CCCCCC(=O)OC(CCCCCCCC)CCCCCCCC,JW_2024,JW_2024,1
-4.5509896,-1.065689165,CCCCCCCCC(=O)OCCCCCCN(C)CCOC(=O)OCCN(C)CCCCCC(=O)OC(CCCCCCCC)CCCCCCCC,JW_2024,JW_2024,0
-4.465731,-0.364230256,CCCCCCCCC(=O)OCCCCCCN(C)CCOC(=O)OCCN(C)CCCCCC(=O)OC(CCCCCCCC)CCCCCCCC,JW_2024,JW_2024,0
-5.800292,0.459221507,CCCCCCCCC(=O)OCCCCCCN(C)CCOC(=O)OCCN(C)CCCCCC(=O)OC(CCCCCCCC)CCCCCCCC,JW_2024,JW_2024,1
-4.8549337,0.504968827,CCCCCCCCC(=O)OCCCCCCN(C)CCOC(=O)OCCN(C)CCCCCC(=O)OC(CCCCCCCC)CCCCCCCC,JW_2024,JW_2024,1
-4.4391923,0.451596954,CCCCCCCCC(=O)OCCCCCCN(C)CCOC(=O)OCCN(C)CCCCCC(=O)OC(CCCCCCCC)CCCCCCCC,JW_2024,JW_2024,1
-6.312061,0.382975973,CCCCCCCCC(=O)OCCCCCCN(C)CCOC(=O)OCCN(C)CCCCCC(=O)OC(CCCCCCCC)CCCCCCCC,JW_2024,JW_2024,1
-4.9389706,0.504968827,CCCCCCCCC(=O)OCCCCCCN(C)CCOC(=O)OCCN(C)CCCCCC(=O)OC(CCCCCCCC)CCCCCCCC,JW_2024,JW_2024,1
-4.994858,0.451596954,CCCCCCCCC(=O)OCCCCCCN(C)CCOC(=O)OCCN(C)CCCCCC(=O)OC(CCCCCCCC)CCCCCCCC,JW_2024,JW_2024,1
-3.8622336,0.192362139,CCCCCCCCC(=O)OCCCCCCN(C)CCOC(=O)OCCN(C)CCCCCC(=O)OC(CCCCCCCC)CCCCCCCC,JW_2024,JW_2024,1
-4.943537,0.032246519,CCCCCCCCC(=O)OCCCCCCN(C)CCOC(=O)OCCN(C)CCCCCC(=O)OC(CCCCCCCC)CCCCCCCC,JW_2024,JW_2024,1
-5.271869,-1.161660131,CCCCCCCC/C=C\CCCCCCCC(=O)OCCCCCC(O)C(CCCCOC(=O)CCCCCCC/C=C\CCCCCCCC)CN1CCN(CC(CCCCOC(=O)CCCCCCC/C=C\CCCCCCCC)C(O)CCCCCOC(=O)CCCCCCC/C=C\CCCCCCCC)CC1,JW_2024,JW_2024,0
-5.533071,-2.386508298,CCCCCCCC/C=C\CCCCCCCC(=O)OCCCCCC(O)C(CCCCOC(=O)CCCCCCC/C=C\CCCCCCCC)CN1CCN(CC(CCCCOC(=O)CCCCCCC/C=C\CCCCCCCC)C(O)CCCCCOC(=O)CCCCCCC/C=C\CCCCCCCC)CC1,JW_2024,JW_2024,0
-4.839421,-0.933021807,CCCCCCCC/C=C\CCCCCCCC(=O)OCCCCCC(O)C(CCCCOC(=O)CCCCCCC/C=C\CCCCCCCC)CN1CCN(CC(CCCCOC(=O)CCCCCCC/C=C\CCCCCCCC)C(O)CCCCCOC(=O)CCCCCCC/C=C\CCCCCCCC)CC1,JW_2024,JW_2024,0
-5.7064705,-1.006512697,CCCCCCCC/C=C\CCCCCCCC(=O)OCCCCCC(O)C(CCCCOC(=O)CCCCCCC/C=C\CCCCCCCC)CN1CCN(CC(CCCCOC(=O)CCCCCCC/C=C\CCCCCCCC)C(O)CCCCCOC(=O)CCCCCCC/C=C\CCCCCCCC)CC1,JW_2024,JW_2024,0
-5.6189365,-0.924856152,CCCCCCCC/C=C\CCCCCCCC(=O)OCCCCCC(O)C(CCCCOC(=O)CCCCCCC/C=C\CCCCCCCC)CN1CCN(CC(CCCCOC(=O)CCCCCCC/C=C\CCCCCCCC)C(O)CCCCCOC(=O)CCCCCCC/C=C\CCCCCCCC)CC1,JW_2024,JW_2024,0
-5.181354,-1.741421597,CCCCCCCC/C=C\CCCCCCCC(=O)OCCCCCC(O)C(CCCCOC(=O)CCCCCCC/C=C\CCCCCCCC)CN1CCN(CC(CCCCOC(=O)CCCCCCC/C=C\CCCCCCCC)C(O)CCCCCOC(=O)CCCCCCC/C=C\CCCCCCCC)CC1,JW_2024,JW_2024,0
-5.542854,-1.422961073,CCCCCCCC/C=C\CCCCCCCC(=O)OCCCCCC(O)C(CCCCOC(=O)CCCCCCC/C=C\CCCCCCCC)CN1CCN(CC(CCCCOC(=O)CCCCCCC/C=C\CCCCCCCC)C(O)CCCCCOC(=O)CCCCCCC/C=C\CCCCCCCC)CC1,JW_2024,JW_2024,0
-5.4496493,-0.745211754,CCCCCCCC/C=C\CCCCCCCC(=O)OCCCCCC(O)C(CCCCOC(=O)CCCCCCC/C=C\CCCCCCCC)CN1CCN(CC(CCCCOC(=O)CCCCCCC/C=C\CCCCCCCC)C(O)CCCCCOC(=O)CCCCCCC/C=C\CCCCCCCC)CC1,JW_2024,JW_2024,0
-4.2959814,-1.357635838,CCCCCCCC/C=C\CCCCCCCC(=O)OCCCCCC(O)C(CCCCOC(=O)CCCCCCC/C=C\CCCCCCCC)CN(CCCN(C)C)CCCN(C)C,JW_2024,JW_2024,0
-4.555121,-1.757752905,CCCCCCCC/C=C\CCCCCCCC(=O)OCCCCCC(O)C(CCCCOC(=O)CCCCCCC/C=C\CCCCCCCC)CN(CCCN(C)C)CCCN(C)C,JW_2024,JW_2024,0
-4.42351,-0.704383482,CCCCCCCC/C=C\CCCCCCCC(=O)OCCCCCC(O)C(CCCCOC(=O)CCCCCCC/C=C\CCCCCCCC)CN(CCCN(C)C)CCCN(C)C,JW_2024,JW_2024,0
-4.199434,-1.643433743,CCCCCCCC/C=C\CCCCCCCC(=O)OCCCCCC(O)C(CCCCOC(=O)CCCCCCC/C=C\CCCCCCCC)CN(CCCN(C)C)CCCN(C)C,JW_2024,JW_2024,0
-4.683381,-0.230775524,CCCCCCCC/C=C\CCCCCCCC(=O)OCCCCCC(O)C(CCCCOC(=O)CCCCCCC/C=C\CCCCCCCC)CNCCCN(C)C,JW_2024,JW_2024,0
-4.759596,-1.69242767,CCCCCCCC/C=C\CCCCCCCC(=O)OCCCCCC(O)C(CCCCOC(=O)CCCCCCC/C=C\CCCCCCCC)CNCCCN(C)C,JW_2024,JW_2024,0
-4.285778,-0.410419922,CCCCCCCC/C=C\CCCCCCCC(=O)OCCCCCC(O)C(CCCCOC(=O)CCCCCCC/C=C\CCCCCCCC)CNCCCN(C)C,JW_2024,JW_2024,0
-4.7877574,-0.655389555,CCCCCCCC/C=C\CCCCCCCC(=O)OCCCCCC(O)C(CCCCOC(=O)CCCCCCC/C=C\CCCCCCCC)CNCCCN(C)C,JW_2024,JW_2024,0
-5.489742,-0.189947252,CCCCCCCC/C=C\CCCCCCCC(=O)OCCCCCC(O)C(CCCCOC(=O)CCCCCCC/C=C\CCCCCCCC)CNCCCN(C)C,JW_2024,JW_2024,0
-4.5618973,-1.602605471,CCCCCCCC/C=C\CCCCCCCC(=O)OCCCCCC(O)C(CCCCOC(=O)CCCCCCC/C=C\CCCCCCCC)CNCCCN(C)C,JW_2024,JW_2024,0
-4.6237507,-0.794205681,CCCCCCCC/C=C\CCCCCCCC(=O)OCCCCCC(O)C(CCCCOC(=O)CCCCCCC/C=C\CCCCCCCC)CNCCCN(C)C,JW_2024,JW_2024,0
-5.291427,0.838925208,CCCCCCCC/C=C\CCCCCCCC(=O)OCCCCCC(O)C(CCCCOC(=O)CCCCCCC/C=C\CCCCCCCC)CNCCCN(C)C,JW_2024,JW_2024,1
-4.935055,-0.402254268,CCCCCCCC/C=C\CCCCCCCC(=O)OCCCCCC(O)C(CCCCOC(=O)CCCCCCC/C=C\CCCCCCCC)CNCCCN(C)C,JW_2024,JW_2024,0
-4.2358804,-0.622726938,CCCCCCCC/C=C\CCCCCCCC(=O)OCCCCCC(O)C(CCCCOC(=O)CCCCCCC/C=C\CCCCCCCC)CNCCCN(C)C,JW_2024,JW_2024,0
-5.908512,-0.426751231,CCCCCCCC/C=C\CCCCCCCC(=O)OCCCCCC(O)C(CCCCOC(=O)CCCCCCC/C=C\CCCCCCCC)CNCCCN(C)C,JW_2024,JW_2024,0
-4.1354523,0.430642486,CCCCCCCC/C=C\CCCCCCCC(=O)OCCCCCC(O)C(CCCCOC(=O)CCCCCCC/C=C\CCCCCCCC)CNCCCN(C)C,JW_2024,JW_2024,1
-4.826203,0.14484458,CCCCCCCC/C=C\CCCCCCCC(=O)OCCCCCC(O)C(CCCCOC(=O)CCCCCCC/C=C\CCCCCCCC)CNCCCN(C)C,JW_2024,JW_2024,1
-3.7411275,-0.328763378,CCCCCCCC/C=C\CCCCCCCC(=O)OCCCCCC(O)C(CCCCOC(=O)CCCCCCC/C=C\CCCCCCCC)CNCCCN(C)C,JW_2024,JW_2024,0
-3.3500946,0.495967721,CCCCCCCC/C=C\CCCCCCCC(=O)OCCCCCC(O)C(CCCCOC(=O)CCCCCCC/C=C\CCCCCCCC)CNCCCN(C)C,JW_2024,JW_2024,1
-4.7170854,0.471470758,CCCCCCCC/C=C\CCCCCCCC(=O)OCCCCCC(O)C(CCCCOC(=O)CCCCCCC/C=C\CCCCCCCC)CNCCCN(C)C,JW_2024,JW_2024,1
-6.495785,-0.647223901,CCCCCCCC/C=C\CCCCCCCC(=O)OCCCCCC(O)C(CCCCOC(=O)CCCCCCC/C=C\CCCCCCCC)CNCCCN1CCCCC1CC,JW_2024,JW_2024,0
-6.6972203,-1.071837932,CCCCCCCC/C=C\CCCCCCCC(=O)OCCCCCC(O)C(CCCCOC(=O)CCCCCCC/C=C\CCCCCCCC)CNCCCN1CCCCC1CC,JW_2024,JW_2024,0
-6.7636113,0.544961648,CCCCCCCC/C=C\CCCCCCCC(=O)OCCCCCC(O)C(CCCCOC(=O)CCCCCCC/C=C\CCCCCCCC)CNCCCN1CCCCC1CC,JW_2024,JW_2024,1
-6.302839,-0.0021372,CCCCCCCC/C=C\CCCCCCCC(=O)OCCCCCC(O)C(CCCCOC(=O)CCCCCCC/C=C\CCCCCCCC)CNCCCN1CCCCC1CC,JW_2024,JW_2024,0
-7.660885,0.994072642,CCCCCCCC/C=C\CCCCCCCC(=O)OCCCCCC(O)C(CCCCOC(=O)CCCCCCC/C=C\CCCCCCCC)CNCCCN1CCCCC1CC,JW_2024,JW_2024,1
-6.072913,0.193838507,CCCCCCCC/C=C\CCCCCCCC(=O)OCCCCCC(O)C(CCCCOC(=O)CCCCCCC/C=C\CCCCCCCC)CNCCCN1CCCCC1CC,JW_2024,JW_2024,1
-6.1243577,0.283660706,CCCCCCCC/C=C\CCCCCCCC(=O)OCCCCCC(O)C(CCCCOC(=O)CCCCCCC/C=C\CCCCCCCC)CNCCCN1CCCCC1CC,JW_2024,JW_2024,1
-7.365705,0.80626259,CCCCCCCC/C=C\CCCCCCCC(=O)OCCCCCC(O)C(CCCCOC(=O)CCCCCCC/C=C\CCCCCCCC)CNCCCN1CCCCC1CC,JW_2024,JW_2024,1
-6.0549746,0.593955574,CCCCCCCC/C=C\CCCCCCCC(=O)OCCCCCC(O)C(CCCCOC(=O)CCCCCCC/C=C\CCCCCCCC)CNCCCN1CCCCC1CC,JW_2024,JW_2024,1
-5.5388484,-0.655389555,CCCCCCCC/C=C\CCCCCCCC(=O)OCCCCCC(O)C(CCCCOC(=O)CCCCCCC/C=C\CCCCCCCC)CNCCCN1CCCCC1CC,JW_2024,JW_2024,0
-6.3965945,1.17371704,CCCCCCCC/C=C\CCCCCCCC(=O)OCCCCCC(O)C(CCCCOC(=O)CCCCCCC/C=C\CCCCCCCC)CNCCCN1CCCCC1CC,JW_2024,JW_2024,1
-6.8167644,0.177507198,CCCCCCCC/C=C\CCCCCCCC(=O)OCCCCCC(O)C(CCCCOC(=O)CCCCCCC/C=C\CCCCCCCC)CNCCCN1CCCCC1CC,JW_2024,JW_2024,1
-5.886652,-0.018468509,CCCCCCCC/C=C\CCCCCCCC(=O)OCCCCCC(O)C(CCCCOC(=O)CCCCCCC/C=C\CCCCCCCC)CNCCCN1CCCCC1CC,JW_2024,JW_2024,0
-5.7287493,0.455139449,CCCCCCCC/C=C\CCCCCCCC(=O)OCCCCCC(O)C(CCCCOC(=O)CCCCCCC/C=C\CCCCCCCC)CN1CCC[C@H]1CO,JW_2024,JW_2024,1
-5.9735293,-1.667930707,CCCCCCCC/C=C\CCCCCCCC(=O)OCCCCCC(O)C(CCCCOC(=O)CCCCCCC/C=C\CCCCCCCC)CN1CCC[C@H]1CO,JW_2024,JW_2024,0
-6.1239514,1.034900914,CCCCCCCC/C=C\CCCCCCCC(=O)OCCCCCC(O)C(CCCCOC(=O)CCCCCCC/C=C\CCCCCCCC)CN1CCC[C@H]1CO,JW_2024,JW_2024,1
-6.2151203,0.487802067,CCCCCCCC/C=C\CCCCCCCC(=O)OCCCCCC(O)C(CCCCOC(=O)CCCCCCC/C=C\CCCCCCCC)CN1CCC[C@H]1CO,JW_2024,JW_2024,1
-7.562627,0.708274737,CCCCCCCC/C=C\CCCCCCCC(=O)OCCCCCC(O)C(CCCCOC(=O)CCCCCCC/C=C\CCCCCCCC)CN1CCC[C@H]1CO,JW_2024,JW_2024,1
-6.008791,0.373482905,CCCCCCCC/C=C\CCCCCCCC(=O)OCCCCCC(O)C(CCCCOC(=O)CCCCCCC/C=C\CCCCCCCC)CN1CCC[C@H]1CO,JW_2024,JW_2024,1
-6.0238676,-0.696217828,CCCCCCCC/C=C\CCCCCCCC(=O)OCCCCCC(O)C(CCCCOC(=O)CCCCCCC/C=C\CCCCCCCC)CN1CCC[C@H]1CO,JW_2024,JW_2024,0
-7.229477,1.484011909,CCCCCCCC/C=C\CCCCCCCC(=O)OCCCCCC(O)C(CCCCOC(=O)CCCCCCC/C=C\CCCCCCCC)CN1CCC[C@H]1CO,JW_2024,JW_2024,2
-3.9257085,-0.451248194,CCCCCCCC/C=C\CCCCCCCC(=O)OCCCCCC(O)C(CCCCOC(=O)CCCCCCC/C=C\CCCCCCCC)CN(C)CCO,JW_2024,JW_2024,0
-3.6847951,-0.900359189,CCCCCCCC/C=C\CCCCCCCC(=O)OCCCCCC(O)C(CCCCOC(=O)CCCCCCC/C=C\CCCCCCCC)CN(C)CCO,JW_2024,JW_2024,0
-2.825299,0.324488978,CCCCCCCC/C=C\CCCCCCCC(=O)OCCCCCC(O)C(CCCCOC(=O)CCCCCCC/C=C\CCCCCCCC)CN(C)CCO,JW_2024,JW_2024,1
-2.0599465,-1.561777199,CCCCCCCC/C=C\CCCCCCCC(=O)OCCCCCC(O)C(CCCCOC(=O)CCCCCCC/C=C\CCCCCCCC)CN(C)CCO,JW_2024,JW_2024,0
-3.7998097,-0.304266414,CCCCCCCC/C=C\CCCCCCCC(=O)OCCCCCC(O)C(CCCCOC(=O)CCCCCCC/C=C\CCCCCCCC)CN(C)CCO,JW_2024,JW_2024,0
-2.8004265,-0.500242121,CCCCCCCC/C=C\CCCCCCCC(=O)OCCCCCC(O)C(CCCCOC(=O)CCCCCCC/C=C\CCCCCCCC)CN(C)CCO,JW_2024,JW_2024,0
-5.3318367,0.079519344,CCCCCCCC/C=C\CCCCCCCC(=O)OCCCCCC(O)C(CCCCOC(=O)CCCCCCC/C=C\CCCCCCCC)CN(C)CCO,JW_2024,JW_2024,1
-4.134084,0.332654632,CCCCCCCC/C=C\CCCCCCCC(=O)OCCCCCC(O)C(CCCCOC(=O)CCCCCCC/C=C\CCCCCCCC)CN(C)CCO,JW_2024,JW_2024,1
-4.3144555,0.038691072,CCCCCCCC/C=C\CCCCCCCC(=O)OCCCCCC(O)C(CCCCOC(=O)CCCCCCC/C=C\CCCCCCCC)CN(C)CCO,JW_2024,JW_2024,1
-2.768592,-0.0021372,CCCCCCCC/C=C\CCCCCCCC(=O)OCCCCCC(O)C(CCCCOC(=O)CCCCCCC/C=C\CCCCCCCC)CN(C)CCO,JW_2024,JW_2024,0
-2.5940585,-0.761543063,CCCCCCCC/C=C\CCCCCCCC(=O)OCCCCCC(O)C(CCCCOC(=O)CCCCCCC/C=C\CCCCCCCC)CN(C)CCO,JW_2024,JW_2024,0
-3.908589,0.046856727,CCCCCCCC/C=C\CCCCCCCC(=O)OCCCCCC(O)C(CCCCOC(=O)CCCCCCC/C=C\CCCCCCCC)CN(C)CCO,JW_2024,JW_2024,1
-3.9257085,0.553127302,CCCCCCCC/C=C\CCCCCCCC(=O)OCCCCCC(O)C(CCCCOC(=O)CCCCCCC/C=C\CCCCCCCC)CN(C)CCO,JW_2024,JW_2024,1
-3.6847951,-1.406629764,CCCCCCCC/C=C\CCCCCCCC(=O)OCCCCCC(O)C(CCCCOC(=O)CCCCCCC/C=C\CCCCCCCC)CN(C)CCO,JW_2024,JW_2024,0
-3.4714847,0.463305103,CCCCCCCC/C=C\CCCCCCCC(=O)OCCCCCC(O)C(CCCCOC(=O)CCCCCCC/C=C\CCCCCCCC)CN(C)CCO,JW_2024,JW_2024,1
-3.7998097,1.451349291,CCCCCCCC/C=C\CCCCCCCC(=O)OCCCCCC(O)C(CCCCOC(=O)CCCCCCC/C=C\CCCCCCCC)CN(C)CCO,JW_2024,JW_2024,2
-2.8004265,0.87975348,CCCCCCCC/C=C\CCCCCCCC(=O)OCCCCCC(O)C(CCCCOC(=O)CCCCCCC/C=C\CCCCCCCC)CN(C)CCO,JW_2024,JW_2024,1
-5.3318367,1.214545312,CCCCCCCC/C=C\CCCCCCCC(=O)OCCCCCC(O)C(CCCCOC(=O)CCCCCCC/C=C\CCCCCCCC)CN(C)CCO,JW_2024,JW_2024,1
-4.134084,1.043066569,CCCCCCCC/C=C\CCCCCCCC(=O)OCCCCCC(O)C(CCCCOC(=O)CCCCCCC/C=C\CCCCCCCC)CN(C)CCO,JW_2024,JW_2024,1
-4.3144555,1.639159343,CCCCCCCC/C=C\CCCCCCCC(=O)OCCCCCC(O)C(CCCCOC(=O)CCCCCCC/C=C\CCCCCCCC)CN(C)CCO,JW_2024,JW_2024,2
-2.768592,0.936913061,CCCCCCCC/C=C\CCCCCCCC(=O)OCCCCCC(O)C(CCCCOC(=O)CCCCCCC/C=C\CCCCCCCC)CN(C)CCO,JW_2024,JW_2024,1
-2.5940585,0.757268663,CCCCCCCC/C=C\CCCCCCCC(=O)OCCCCCC(O)C(CCCCOC(=O)CCCCCCC/C=C\CCCCCCCC)CN(C)CCO,JW_2024,JW_2024,1
-3.908589,1.826969395,CCCCCCCC/C=C\CCCCCCCC(=O)OCCCCCC(O)C(CCCCOC(=O)CCCCCCC/C=C\CCCCCCCC)CN(C)CCO,JW_2024,JW_2024,2
-6.016943,-0.475745158,CCCCCCCC/C=C\CCCCCCCC(=O)OCCCCCC(O)C(CCCCOC(=O)CCCCCCC/C=C\CCCCCCCC)CNC[C@H](C)O,JW_2024,JW_2024,0
-5.9877925,-2.247692172,CCCCCCCC/C=C\CCCCCCCC(=O)OCCCCCC(O)C(CCCCOC(=O)CCCCCCC/C=C\CCCCCCCC)CNC[C@H](C)O,JW_2024,JW_2024,0
-5.947913,-0.173615943,CCCCCCCC/C=C\CCCCCCCC(=O)OCCCCCC(O)C(CCCCOC(=O)CCCCCCC/C=C\CCCCCCCC)CN[C@H]1CCCC[C@H]1O,JW_2024,JW_2024,0
-5.7781763,-1.243316675,CCCCCCCC/C=C\CCCCCCCC(=O)OCCCCCC(O)C(CCCCOC(=O)CCCCCCC/C=C\CCCCCCCC)CN[C@H]1CCCC[C@H]1O,JW_2024,JW_2024,0
-6.170091,1.116557459,CCCCCCCC/C=C\CCCCCCCC(=O)OCCCCCC(O)C(CCCCOC(=O)CCCCCCC/C=C\CCCCCCCC)CN[C@H]1CCCC[C@H]1O,JW_2024,JW_2024,1
-6.0270295,-0.385922959,CCCCCCCC/C=C\CCCCCCCC(=O)OCCCCCC(O)C(CCCCOC(=O)CCCCCCC/C=C\CCCCCCCC)CN[C@H]1CCCC[C@H]1O,JW_2024,JW_2024,0
-5.966894,0.536795993,CCCCCCCC/C=C\CCCCCCCC(=O)OCCCCCC(O)C(CCCCOC(=O)CCCCCCC/C=C\CCCCCCCC)CN[C@H]1CCCC[C@H]1O,JW_2024,JW_2024,1
-5.0608954,0.65928081,CCCCCCCC/C=C\CCCCCCCC(=O)OCCCCCC(O)C(CCCCOC(=O)CCCCCCC/C=C\CCCCCCCC)CN[C@H]1CCCC[C@H]1O,JW_2024,JW_2024,1
-7.4482007,1.255373584,CCCCCCCC/C=C\CCCCCCCC(=O)OCCCCCC(O)C(CCCCOC(=O)CCCCCCC/C=C\CCCCCCCC)CN[C@H]1CCCC[C@H]1O,JW_2024,JW_2024,1
-5.3766294,0.757268663,CCCCCCCC/C=C\CCCCCCCC(=O)OCCCCCC(O)C(CCCCOC(=O)CCCCCCC/C=C\CCCCCCCC)CN[C@H]1CCCC[C@H]1O,JW_2024,JW_2024,1
-6.279379,1.500343218,CCCCCCCC/C=C\CCCCCCCC(=O)OCCCCCC(O)C(CCCCOC(=O)CCCCCCC/C=C\CCCCCCCC)CN[C@H]1CCCC[C@H]1O,JW_2024,JW_2024,2
-5.393115,1.704484579,CCCCCCCC/C=C\CCCCCCCC(=O)OCCCCCC(O)C(CCCCOC(=O)CCCCCCC/C=C\CCCCCCCC)CN[C@H]1CCCC[C@H]1O,JW_2024,JW_2024,2
-5.306682,1.647324998,CCCCCCCC/C=C\CCCCCCCC(=O)OCCCCCC(O)C(CCCCOC(=O)CCCCCCC/C=C\CCCCCCCC)CN[C@H]1CCCC[C@H]1O,JW_2024,JW_2024,2
-5.968794,1.377858401,CCCCCCCC/C=C\CCCCCCCC(=O)OCCCCCC(O)C(CCCCOC(=O)CCCCCCC/C=C\CCCCCCCC)CN[C@H]1CCCC[C@H]1O,JW_2024,JW_2024,2
-5.155234,0.185672852,CCCCCCCCCCCCCCCC(=O)OCCCCCC(O)C(CCCCOC(=O)CCCCCCCCCCCCCCC)CN(C)CCCN(C)CC(CCCCOC(=O)CCCCCCCCCCCCCCC)C(O)CCCCCOC(=O)CCCCCCCCCCCCCCC,JW_2024,JW_2024,1
-5.7716885,-0.982015733,CCCCCCCCCCCCCCCC(=O)OCCCCCC(O)C(CCCCOC(=O)CCCCCCCCCCCCCCC)CN(C)CCCN(C)CC(CCCCOC(=O)CCCCCCCCCCCCCCC)C(O)CCCCCOC(=O)CCCCCCCCCCCCCCC,JW_2024,JW_2024,0
-5.241336,0.120347617,CCCCCCCCCCCCCCCC(=O)OCCCCCC(O)C(CCCCOC(=O)CCCCCCCCCCCCCCC)CN(C)CCCN(C)CC(CCCCOC(=O)CCCCCCCCCCCCCCC)C(O)CCCCCOC(=O)CCCCCCCCCCCCCCC,JW_2024,JW_2024,1
-6.0121264,0.275495051,CCCCCCCCCCCCCCCC(=O)OCCCCCC(O)C(CCCCOC(=O)CCCCCCCCCCCCCCC)CN(C)CCCN(C)CC(CCCCOC(=O)CCCCCCCCCCCCCCC)C(O)CCCCCOC(=O)CCCCCCCCCCCCCCC,JW_2024,JW_2024,1
-4.864827,0.038691072,CCCCCCCCCCCCCCCC(=O)OCCCCCC(O)C(CCCCOC(=O)CCCCCCCCCCCCCCC)CN(C)CCCN(C)CC(CCCCOC(=O)CCCCCCCCCCCCCCC)C(O)CCCCCOC(=O)CCCCCCCCCCCCCCC,JW_2024,JW_2024,1
-5.522349,-1.186157094,CCCCCCCCCCCCCCCC(=O)OCCCCCC(O)C(CCCCOC(=O)CCCCCCCCCCCCCCC)CN(C)CCCN(C)CC(CCCCOC(=O)CCCCCCCCCCCCCCC)C(O)CCCCCOC(=O)CCCCCCCCCCCCCCC,JW_2024,JW_2024,0
-6.0332193,-0.900359189,CCCCCCCCCCCCCCCC(=O)OCCCCCC(O)C(CCCCOC(=O)CCCCCCCCCCCCCCC)CN(C)CCCN(C)CC(CCCCOC(=O)CCCCCCCCCCCCCCC)C(O)CCCCCOC(=O)CCCCCCCCCCCCCCC,JW_2024,JW_2024,0
-5.0662885,0.308157669,CCCCCCCCCCCCCCCC(=O)OCCCCCC(O)C(CCCCOC(=O)CCCCCCCCCCCCCCC)CN(C)CCCN(C)CC(CCCCOC(=O)CCCCCCCCCCCCCCC)C(O)CCCCCOC(=O)CCCCCCCCCCCCCCC,JW_2024,JW_2024,1
-5.0004783,-0.761543063,CCCCCCCCCCCCCCCC(=O)OCCCCCC(O)C(CCCCOC(=O)CCCCCCCCCCCCCCC)CN(C)CCCN(C)CC(CCCCOC(=O)CCCCCCCCCCCCCCC)C(O)CCCCCOC(=O)CCCCCCCCCCCCCCC,JW_2024,JW_2024,0
-4.8298693,-0.798829798,CCCCCCCC/C=C\CCCCCCCC(=O)OCCCCCCN(C)CCOC(=O)OCCN(C)CCCCCCOC(=O)CCCCCCC/C=C\CCCCCCCC,JW_2024,JW_2024,0
-3.4571157,-1.759523521,CCCCCCCC/C=C\CCCCCCCC(=O)OCCCCCCN(C)CCOC(=O)OCCN(C)CCCCCCOC(=O)CCCCCCC/C=C\CCCCCCCC,JW_2024,JW_2024,0
-3.7412996,-0.547219537,CCCCCCCC/C=C\CCCCCCCC(=O)OCCCCCCN(C)CCOC(=O)OCCN(C)CCCCCCOC(=O)CCCCCCC/C=C\CCCCCCCC,JW_2024,JW_2024,0
-3.1152177,-0.867450778,CCCCCCCC/C=C\CCCCCCCC(=O)OCCCCCCN(C)CCOC(=O)OCCN(C)CCCCCCOC(=O)CCCCCCC/C=C\CCCCCCCC,JW_2024,JW_2024,0
-5.15102,-0.890324438,CCCCCCCC/C=C\CCCCCCCC(=O)OCCCCCCN(C)CCOC(=O)OCCN(C)CCCCCCOC(=O)CCCCCCC/C=C\CCCCCCCC,JW_2024,JW_2024,0
-2.8629477,-0.692086051,CCCCCCCC/C=C\CCCCCCCC(=O)OCCCCCCN(C)CCOC(=O)OCCN(C)CCCCCCOC(=O)CCCCCCC/C=C\CCCCCCCC,JW_2024,JW_2024,0
-3.5546865,-0.867450778,CCCCCCCC/C=C\CCCCCCCC(=O)OCCCCCCN(C)CCOC(=O)OCCN(C)CCCCCCOC(=O)CCCCCCC/C=C\CCCCCCCC,JW_2024,JW_2024,0
-5.0390096,-0.524345877,CCCCCCCC/C=C\CCCCCCCC(=O)OCCCCCCN(C)CCOC(=O)OCCN(C)CCCCCCOC(=O)CCCCCCC/C=C\CCCCCCCC,JW_2024,JW_2024,0
-5.4063587,-0.0021372,CCCCCCCC/C=C\CCCCCCCC(=O)OCCCCCC(O)C(CCCCOC(=O)CCCCCCC/C=C\CCCCCCCC)CN1CCCC[C@H]1CO,JW_2024,JW_2024,0
-6.747633,0.651115156,CCCCCCCC/C=C\CCCCCCCC(=O)OCCCCCC(O)C(CCCCOC(=O)CCCCCCC/C=C\CCCCCCCC)CN1CCCC[C@H]1CO,JW_2024,JW_2024,1
-5.2192006,0.7327717,CCCCCCCC/C=C\CCCCCCCC(=O)OCCCCCC(O)C(CCCCOC(=O)CCCCCCC/C=C\CCCCCCCC)CN1CCCC[C@H]1CO,JW_2024,JW_2024,1
-8.41504,1.157385731,CCCCCCCC/C=C\CCCCCCCC(=O)OCCCCCC(O)C(CCCCOC(=O)CCCCCCC/C=C\CCCCCCCC)CN1CCCC[C@H]1CO,JW_2024,JW_2024,1
-5.8610773,0.985906988,CCCCCCCC/C=C\CCCCCCCC(=O)OCCCCCC(O)C(CCCCOC(=O)CCCCCCC/C=C\CCCCCCCC)CN1CCCC[C@H]1CO,JW_2024,JW_2024,1
-6.56573,1.353361438,CCCCCCCC/C=C\CCCCCCCC(=O)OCCCCCC(O)C(CCCCOC(=O)CCCCCCC/C=C\CCCCCCCC)CN1CCCC[C@H]1CO,JW_2024,JW_2024,2
-5.0692782,0.250998088,CCCCCCCC/C=C\CCCCCCCC(=O)OCCCCCC(O)C(CCCCOC(=O)CCCCCCC/C=C\CCCCCCCC)CN1CCCC[C@H]1CO,JW_2024,JW_2024,1
-5.24912,-0.279769451,CCCCCCCC/C=C\CCCCCCCC(=O)OCCCCCC(O)C(CCCCOC(=O)CCCCCCC/C=C\CCCCCCCC)CN1CCCC[C@H]1CO,JW_2024,JW_2024,0
-6.350021,1.043066569,CCCCCCCC/C=C\CCCCCCCC(=O)OCCCCCC(O)C(CCCCOC(=O)CCCCCCC/C=C\CCCCCCCC)CN1CCCC[C@H]1CO,JW_2024,JW_2024,1
-2.6012192,-0.451248194,CCCCCCCC/C=C\CCCCCCCC(=O)OCCCCCC(O)C(CCCCOC(=O)CCCCCCC/C=C\CCCCCCCC)CN1CCCN(C)CC1,JW_2024,JW_2024,0
-3.971353,1.818803741,CCCCCCCC/C=C\CCCCCCCC(=O)OCCCCCC(O)C(CCCCOC(=O)CCCCCCC/C=C\CCCCCCCC)CN1CCCN(C)CC1,JW_2024,JW_2024,2
-3.4585323,1.149220077,CCCCCCCC/C=C\CCCCCCCC(=O)OCCCCCC(O)C(CCCCOC(=O)CCCCCCC/C=C\CCCCCCCC)CN1CCCN(C)CC1,JW_2024,JW_2024,1
-5.272088,0.193838507,CCCCCCCC/C=C\CCCCCCCC(=O)OCCCCCC(O)C(CCCCOC(=O)CCCCCCC/C=C\CCCCCCCC)CN1CCCN(C)CC1,JW_2024,JW_2024,1
-3.2148108,1.941288558,CCCCCCCC/C=C\CCCCCCCC(=O)OCCCCCC(O)C(CCCCOC(=O)CCCCCCC/C=C\CCCCCCCC)CN1CCCN(C)CC1,JW_2024,JW_2024,3
-4.052234,1.181882694,CCCCCCCC/C=C\CCCCCCCC(=O)OCCCCCC(O)C(CCCCOC(=O)CCCCCCC/C=C\CCCCCCCC)CN1CCCN(C)CC1,JW_2024,JW_2024,1
-2.8605304,-0.091959399,CCCCCCCC/C=C\CCCCCCCC(=O)OCCCCCC(O)C(CCCCOC(=O)CCCCCCC/C=C\CCCCCCCC)CN1CCCN(C)CC1,JW_2024,JW_2024,0
-2.5240688,0.569458611,CCCCCCCC/C=C\CCCCCCCC(=O)OCCCCCC(O)C(CCCCOC(=O)CCCCCCC/C=C\CCCCCCCC)CN1CCCN(C)CC1,JW_2024,JW_2024,1
-3.7054167,1.149220077,CCCCCCCC/C=C\CCCCCCCC(=O)OCCCCCC(O)C(CCCCOC(=O)CCCCCCC/C=C\CCCCCCCC)CN1CCCN(C)CC1,JW_2024,JW_2024,1
-5.291005,1.034900914,CCCCCCCC/C=C\CCCCCCCC(=O)OCCCCCC(O)C(CCCCOC(=O)CCCCCCC/C=C\CCCCCCCC)CNCCN1CCCCC1,JW_2024,JW_2024,1
-6.349276,1.279870548,CCCCCCCC/C=C\CCCCCCCC(=O)OCCCCCC(O)C(CCCCOC(=O)CCCCCCC/C=C\CCCCCCCC)CNCCN1CCCCC1,JW_2024,JW_2024,1
-5.2943106,1.059397878,CCCCCCCC/C=C\CCCCCCCC(=O)OCCCCCC(O)C(CCCCOC(=O)CCCCCCC/C=C\CCCCCCCC)CNCCN1CCCCC1,JW_2024,JW_2024,1
-7.3021746,1.092060496,CCCCCCCC/C=C\CCCCCCCC(=O)OCCCCCC(O)C(CCCCOC(=O)CCCCCCC/C=C\CCCCCCCC)CNCCN1CCCCC1,JW_2024,JW_2024,1
-5.0461974,1.353361438,CCCCCCCC/C=C\CCCCCCCC(=O)OCCCCCC(O)C(CCCCOC(=O)CCCCCCC/C=C\CCCCCCCC)CNCCN1CCCCC1,JW_2024,JW_2024,2
-5.871689,1.663656307,CCCCCCCC/C=C\CCCCCCCC(=O)OCCCCCC(O)C(CCCCOC(=O)CCCCCCC/C=C\CCCCCCCC)CNCCN1CCCCC1,JW_2024,JW_2024,2
-5.2502217,0.822593899,CCCCCCCC/C=C\CCCCCCCC(=O)OCCCCCC(O)C(CCCCOC(=O)CCCCCCC/C=C\CCCCCCCC)CNCCN1CCCCC1,JW_2024,JW_2024,1
-5.055417,1.328864474,CCCCCCCC/C=C\CCCCCCCC(=O)OCCCCCC(O)C(CCCCOC(=O)CCCCCCC/C=C\CCCCCCCC)CNCCN1CCCCC1,JW_2024,JW_2024,2
-5.53582,1.720815888,CCCCCCCC/C=C\CCCCCCCC(=O)OCCCCCC(O)C(CCCCOC(=O)CCCCCCC/C=C\CCCCCCCC)CNCCN1CCCCC1,JW_2024,JW_2024,2
-5.001603,-0.606395629,CCCCCCCC/C=C\CCCCCCCC(=O)OCCCCCC(O)C(CCCCOC(=O)CCCCCCC/C=C\CCCCCCCC)CNCCCn1ccnc1,JW_2024,JW_2024,0
-6.6060367,0.422476831,CCCCCCCC/C=C\CCCCCCCC(=O)OCCCCCC(O)C(CCCCOC(=O)CCCCCCC/C=C\CCCCCCCC)CNCCCn1ccnc1,JW_2024,JW_2024,1
-5.4332876,0.038691072,CCCCCCCC/C=C\CCCCCCCC(=O)OCCCCCC(O)C(CCCCOC(=O)CCCCCCC/C=C\CCCCCCCC)CNCCCn1ccnc1,JW_2024,JW_2024,1
-7.818995,-0.042965472,CCCCCCCC/C=C\CCCCCCCC(=O)OCCCCCC(O)C(CCCCOC(=O)CCCCCCC/C=C\CCCCCCCC)CNCCCn1ccnc1,JW_2024,JW_2024,0
-5.796533,0.104016308,CCCCCCCC/C=C\CCCCCCCC(=O)OCCCCCC(O)C(CCCCOC(=O)CCCCCCC/C=C\CCCCCCCC)CNCCCn1ccnc1,JW_2024,JW_2024,1
-6.027704,0.120347617,CCCCCCCC/C=C\CCCCCCCC(=O)OCCCCCC(O)C(CCCCOC(=O)CCCCCCC/C=C\CCCCCCCC)CNCCCn1ccnc1,JW_2024,JW_2024,1
-5.3419695,0.283660706,CCCCCCCC/C=C\CCCCCCCC(=O)OCCCCCC(O)C(CCCCOC(=O)CCCCCCC/C=C\CCCCCCCC)CNCCCn1ccnc1,JW_2024,JW_2024,1
-5.7637696,0.455139449,CCCCCCCC/C=C\CCCCCCCC(=O)OCCCCCC(O)C(CCCCOC(=O)CCCCCCC/C=C\CCCCCCCC)CNCCCn1ccnc1,JW_2024,JW_2024,1
-6.3121133,0.830759553,CCCCCCCC/C=C\CCCCCCCC(=O)OCCCCCC(O)C(CCCCOC(=O)CCCCCCC/C=C\CCCCCCCC)CNCCCn1ccnc1,JW_2024,JW_2024,1
-5.4326115,0.234666779,CCCCCCCC/C=C\CCCCCCCC(=O)OCCCCCC(O)C(CCCCOC(=O)CCCCCCC/C=C\CCCCCCCC)CNCCO,JW_2024,JW_2024,1
-5.2978783,1.149220077,CCCCCCCC/C=C\CCCCCCCC(=O)OCCCCCC(O)C(CCCCOC(=O)CCCCCCC/C=C\CCCCCCCC)CNCCO,JW_2024,JW_2024,1
-4.849341,0.757268663,CCCCCCCC/C=C\CCCCCCCC(=O)OCCCCCC(O)C(CCCCOC(=O)CCCCCCC/C=C\CCCCCCCC)CNCCO,JW_2024,JW_2024,1
-7.3957725,0.389814213,CCCCCCCC/C=C\CCCCCCCC(=O)OCCCCCC(O)C(CCCCOC(=O)CCCCCCC/C=C\CCCCCCCC)CNCCO,JW_2024,JW_2024,1
-6.637456,1.369692747,CCCCCCCC/C=C\CCCCCCCC(=O)OCCCCCC(O)C(CCCCOC(=O)CCCCCCC/C=C\CCCCCCCC)CNCCO,JW_2024,JW_2024,2
-7.0047555,0.716440391,CCCCCCCC/C=C\CCCCCCCC(=O)OCCCCCC(O)C(CCCCOC(=O)CCCCCCC/C=C\CCCCCCCC)CNCCO,JW_2024,JW_2024,1
-5.2837873,0.348985941,CCCCCCCC/C=C\CCCCCCCC(=O)OCCCCCC(O)C(CCCCOC(=O)CCCCCCC/C=C\CCCCCCCC)CNCCO,JW_2024,JW_2024,1
-4.5664806,0.463305103,CCCCCCCC/C=C\CCCCCCCC(=O)OCCCCCC(O)C(CCCCOC(=O)CCCCCCC/C=C\CCCCCCCC)CNCCO,JW_2024,JW_2024,1
-6.760979,1.337030129,CCCCCCCC/C=C\CCCCCCCC(=O)OCCCCCC(O)C(CCCCOC(=O)CCCCCCC/C=C\CCCCCCCC)CNCCO,JW_2024,JW_2024,2
-4.40399,-0.941187461,CCCCCCCC/C=C\CCCCCCCC(=O)OCCCCCC(O)C(CCCCOC(=O)CCCCCCC/C=C\CCCCCCCC)CNCCCO,JW_2024,JW_2024,0
-5.9333253,1.010403951,CCCCCCCC/C=C\CCCCCCCC(=O)OCCCCCC(O)C(CCCCOC(=O)CCCCCCC/C=C\CCCCCCCC)CNCCCO,JW_2024,JW_2024,1
-5.4390483,0.128513271,CCCCCCCC/C=C\CCCCCCCC(=O)OCCCCCC(O)C(CCCCOC(=O)CCCCCCC/C=C\CCCCCCCC)CNCCCO,JW_2024,JW_2024,1
-7.9520574,0.757268663,CCCCCCCC/C=C\CCCCCCCC(=O)OCCCCCC(O)C(CCCCOC(=O)CCCCCCC/C=C\CCCCCCCC)CNCCCO,JW_2024,JW_2024,1
-6.800974,1.516674527,CCCCCCCC/C=C\CCCCCCCC(=O)OCCCCCC(O)C(CCCCOC(=O)CCCCCCC/C=C\CCCCCCCC)CNCCCO,JW_2024,JW_2024,2
-6.887222,0.226501125,CCCCCCCC/C=C\CCCCCCCC(=O)OCCCCCC(O)C(CCCCOC(=O)CCCCCCC/C=C\CCCCCCCC)CNCCCO,JW_2024,JW_2024,1
-5.8180466,-0.328763378,CCCCCCCC/C=C\CCCCCCCC(=O)OCCCCCC(O)C(CCCCOC(=O)CCCCCCC/C=C\CCCCCCCC)CNCCCO,JW_2024,JW_2024,0
-5.230575,0.079519344,CCCCCCCC/C=C\CCCCCCCC(=O)OCCCCCC(O)C(CCCCOC(=O)CCCCCCC/C=C\CCCCCCCC)CNCCCO,JW_2024,JW_2024,1
-6.6423817,0.838925208,CCCCCCCC/C=C\CCCCCCCC(=O)OCCCCCC(O)C(CCCCOC(=O)CCCCCCC/C=C\CCCCCCCC)CNCCCO,JW_2024,JW_2024,1
-3.2719965,-0.165450289,CCCCCCCC/C=C\CCCCCCCC(=O)OCCCCCC(O)C(CCCCOC(=O)CCCCCCC/C=C\CCCCCCCC)CN(C)CCN(C)C,JW_2024,JW_2024,0
-4.4307623,1.165551386,CCCCCCCC/C=C\CCCCCCCC(=O)OCCCCCC(O)C(CCCCOC(=O)CCCCCCC/C=C\CCCCCCCC)CN(C)CCN(C)C,JW_2024,JW_2024,1
-3.4440694,0.055022381,CCCCCCCC/C=C\CCCCCCCC(=O)OCCCCCC(O)C(CCCCOC(=O)CCCCCCC/C=C\CCCCCCCC)CN(C)CCN(C)C,JW_2024,JW_2024,1
-5.761045,0.030525418,CCCCCCCC/C=C\CCCCCCCC(=O)OCCCCCC(O)C(CCCCOC(=O)CCCCCCC/C=C\CCCCCCCC)CN(C)CCN(C)C,JW_2024,JW_2024,1
-3.8223264,0.348985941,CCCCCCCC/C=C\CCCCCCCC(=O)OCCCCCC(O)C(CCCCOC(=O)CCCCCCC/C=C\CCCCCCCC)CN(C)CCN(C)C,JW_2024,JW_2024,1
-4.50827,0.373482905,CCCCCCCC/C=C\CCCCCCCC(=O)OCCCCCC(O)C(CCCCOC(=O)CCCCCCC/C=C\CCCCCCCC)CN(C)CCN(C)C,JW_2024,JW_2024,1
-3.110184,-0.312432069,CCCCCCCC/C=C\CCCCCCCC(=O)OCCCCCC(O)C(CCCCOC(=O)CCCCCCC/C=C\CCCCCCCC)CN(C)CCN(C)C,JW_2024,JW_2024,0
-2.8519943,0.749103009,CCCCCCCC/C=C\CCCCCCCC(=O)OCCCCCC(O)C(CCCCOC(=O)CCCCCCC/C=C\CCCCCCCC)CN(C)CCN(C)C,JW_2024,JW_2024,1
-4.3234596,0.561292957,CCCCCCCC/C=C\CCCCCCCC(=O)OCCCCCC(O)C(CCCCOC(=O)CCCCCCC/C=C\CCCCCCCC)CN(C)CCN(C)C,JW_2024,JW_2024,1
-4.1064825,0.414311177,CCCCCCCC/C=C\CCCCCCCC(=O)OCCCCCC(O)C(CCCCOC(=O)CCCCCCC/C=C\CCCCCCCC)CNCCCN(CCCC)CCCC,JW_2024,JW_2024,1
-4.9107,0.716440391,CCCCCCCC/C=C\CCCCCCCC(=O)OCCCCCC(O)C(CCCCOC(=O)CCCCCCC/C=C\CCCCCCCC)CNCCCN(CCCC)CCCC,JW_2024,JW_2024,1
-4.0323987,0.724606046,CCCCCCCC/C=C\CCCCCCCC(=O)OCCCCCC(O)C(CCCCOC(=O)CCCCCCC/C=C\CCCCCCCC)CNCCCN(CCCC)CCCC,JW_2024,JW_2024,1
-5.342655,0.120347617,CCCCCCCC/C=C\CCCCCCCC(=O)OCCCCCC(O)C(CCCCOC(=O)CCCCCCC/C=C\CCCCCCCC)CNCCCN(CCCC)CCCC,JW_2024,JW_2024,1
-4.6695886,1.092060496,CCCCCCCC/C=C\CCCCCCCC(=O)OCCCCCC(O)C(CCCCOC(=O)CCCCCCC/C=C\CCCCCCCC)CNCCCN(CCCC)CCCC,JW_2024,JW_2024,1
-4.94386,0.95324437,CCCCCCCC/C=C\CCCCCCCC(=O)OCCCCCC(O)C(CCCCOC(=O)CCCCCCC/C=C\CCCCCCCC)CNCCCN(CCCC)CCCC,JW_2024,JW_2024,1
-4.4995036,0.798096936,CCCCCCCC/C=C\CCCCCCCC(=O)OCCCCCC(O)C(CCCCOC(=O)CCCCCCC/C=C\CCCCCCCC)CNCCCN(CCCC)CCCC,JW_2024,JW_2024,1
-3.7908902,0.430642486,CCCCCCCC/C=C\CCCCCCCC(=O)OCCCCCC(O)C(CCCCOC(=O)CCCCCCC/C=C\CCCCCCCC)CNCCCN(CCCC)CCCC,JW_2024,JW_2024,1
-4.913419,1.484011909,CCCCCCCC/C=C\CCCCCCCC(=O)OCCCCCC(O)C(CCCCOC(=O)CCCCCCC/C=C\CCCCCCCC)CNCCCN(CCCC)CCCC,JW_2024,JW_2024,2
-4.308826,1.149220077,CCCCCCCC/C=C\CCCCCCCC(=O)OCCCCCC(O)C(CCCCOC(=O)CCCCCCC/C=C\CCCCCCCC)CNCCN1CCOCC1,JW_2024,JW_2024,1
-4.934002,1.304367511,CCCCCCCC/C=C\CCCCCCCC(=O)OCCCCCC(O)C(CCCCOC(=O)CCCCCCC/C=C\CCCCCCCC)CNCCN1CCOCC1,JW_2024,JW_2024,1
-4.4404016,0.634783847,CCCCCCCC/C=C\CCCCCCCC(=O)OCCCCCC(O)C(CCCCOC(=O)CCCCCCC/C=C\CCCCCCCC)CNCCN1CCOCC1,JW_2024,JW_2024,1
-6.270831,0.610286883,CCCCCCCC/C=C\CCCCCCCC(=O)OCCCCCC(O)C(CCCCOC(=O)CCCCCCC/C=C\CCCCCCCC)CNCCN1CCOCC1,JW_2024,JW_2024,1
-4.683461,1.288036202,CCCCCCCC/C=C\CCCCCCCC(=O)OCCCCCC(O)C(CCCCOC(=O)CCCCCCC/C=C\CCCCCCCC)CNCCN1CCOCC1,JW_2024,JW_2024,1
-5.5694036,0.781765627,CCCCCCCC/C=C\CCCCCCCC(=O)OCCCCCC(O)C(CCCCOC(=O)CCCCCCC/C=C\CCCCCCCC)CNCCN1CCOCC1,JW_2024,JW_2024,1
-4.2584047,-0.402254268,CCCCCCCC/C=C\CCCCCCCC(=O)OCCCCCC(O)C(CCCCOC(=O)CCCCCCC/C=C\CCCCCCCC)CNCCN1CCOCC1,JW_2024,JW_2024,0
-3.8745022,1.124723113,CCCCCCCC/C=C\CCCCCCCC(=O)OCCCCCC(O)C(CCCCOC(=O)CCCCCCC/C=C\CCCCCCCC)CNCCN1CCOCC1,JW_2024,JW_2024,1
-5.0930166,1.459514945,CCCCCCCC/C=C\CCCCCCCC(=O)OCCCCCC(O)C(CCCCOC(=O)CCCCCCC/C=C\CCCCCCCC)CNCCN1CCOCC1,JW_2024,JW_2024,2
-3.2318108,-0.66355521,CCCCCCCC/C=C\CCCCCCCC(=O)OCCCCCC(O)C(CCCCOC(=O)CCCCCCC/C=C\CCCCCCCC)CNCCN1CCCC1,JW_2024,JW_2024,0
-4.6382484,1.337030129,CCCCCCCC/C=C\CCCCCCCC(=O)OCCCCCC(O)C(CCCCOC(=O)CCCCCCC/C=C\CCCCCCCC)CNCCN1CCCC1,JW_2024,JW_2024,2
-3.7457016,0.569458611,CCCCCCCC/C=C\CCCCCCCC(=O)OCCCCCC(O)C(CCCCOC(=O)CCCCCCC/C=C\CCCCCCCC)CNCCN1CCCC1,JW_2024,JW_2024,1
-5.3640237,0.495967721,CCCCCCCC/C=C\CCCCCCCC(=O)OCCCCCC(O)C(CCCCOC(=O)CCCCCCC/C=C\CCCCCCCC)CNCCN1CCCC1,JW_2024,JW_2024,1
-3.332857,1.328864474,CCCCCCCC/C=C\CCCCCCCC(=O)OCCCCCC(O)C(CCCCOC(=O)CCCCCCC/C=C\CCCCCCCC)CNCCN1CCCC1,JW_2024,JW_2024,2
-3.9352813,0.602121229,CCCCCCCC/C=C\CCCCCCCC(=O)OCCCCCC(O)C(CCCCOC(=O)CCCCCCC/C=C\CCCCCCCC)CNCCN1CCCC1,JW_2024,JW_2024,1
-3.1775994,-0.263438142,CCCCCCCC/C=C\CCCCCCCC(=O)OCCCCCC(O)C(CCCCOC(=O)CCCCCCC/C=C\CCCCCCCC)CNCCN1CCCC1,JW_2024,JW_2024,0
-3.4104633,1.059397878,CCCCCCCC/C=C\CCCCCCCC(=O)OCCCCCC(O)C(CCCCOC(=O)CCCCCCC/C=C\CCCCCCCC)CNCCN1CCCC1,JW_2024,JW_2024,1
-3.8216517,1.083894841,CCCCCCCC/C=C\CCCCCCCC(=O)OCCCCCC(O)C(CCCCOC(=O)CCCCCCC/C=C\CCCCCCCC)CNCCN1CCCC1,JW_2024,JW_2024,1
-3.1337516,-0.379479363,CCCCCCCC/C=C\CCCCCCCC(=O)OCCCCCCN(C)CCOC(=O)OCCN(C)CCCCCC(=O)OC(CCCCCCCC)CCCCCCCC,JW_2024,JW_2024,0
-3.054561,-0.188865529,CCCCCCCC/C=C\CCCCCCCC(=O)OCCCCCCN(C)CCOC(=O)OCCN(C)CCCCCC(=O)OC(CCCCCCCC)CCCCCCCC,JW_2024,JW_2024,0
-2.690297,0.977691136,CCCCCCCC/C=C\CCCCCCCC(=O)OCCCCCCN(C)CCOC(=O)OCCN(C)CCCCCC(=O)OC(CCCCCCCC)CCCCCCCC,JW_2024,JW_2024,1
-4.3786244,-0.265111062,CCCCCCCC/C=C\CCCCCCCC(=O)OCCCCCCN(C)CCOC(=O)OCCN(C)CCCCCC(=O)OC(CCCCCCCC)CCCCCCCC,JW_2024,JW_2024,0
-3.5439231,-0.249861956,CCCCCCCC/C=C\CCCCCCCC(=O)OCCCCCCN(C)CCOC(=O)OCCN(C)CCCCCC(=O)OC(CCCCCCCC)CCCCCCCC,JW_2024,JW_2024,0
-4.3620987,-0.470974003,CCCCCCCC/C=C\CCCCCCCC(=O)OCCCCCCN(C)CCOC(=O)OCCN(C)CCCCCC(=O)OC(CCCCCCCC)CCCCCCCC,JW_2024,JW_2024,0
-2.965404,-0.173616422,CCCCCCCC/C=C\CCCCCCCC(=O)OCCCCCCN(C)CCOC(=O)OCCN(C)CCCCCC(=O)OC(CCCCCCCC)CCCCCCCC,JW_2024,JW_2024,0
-2.0983295,-0.44047579,CCCCCCCC/C=C\CCCCCCCC(=O)OCCCCCCN(C)CCOC(=O)OCCN(C)CCCCCC(=O)OC(CCCCCCCC)CCCCCCCC,JW_2024,JW_2024,0
-3.8688679,-0.211739189,CCCCCCCC/C=C\CCCCCCCC(=O)OCCCCCCN(C)CCOC(=O)OCCN(C)CCCCCC(=O)OC(CCCCCCCC)CCCCCCCC,JW_2024,JW_2024,0
-2.8085654,-1.286801213,CCCCCCCCCCCCCCCCCC(=O)OCCCCCCN(C)CCOC(=O)OCCN(C)CCCCCCOC(=O)CCCCCCCCCCCCCCCCC,JW_2024,JW_2024,0
-3.8362973,-0.470974003,CCCCCCCCCCCCCCCCCC(=O)OCCCCCCN(C)CCOC(=O)OCCN(C)CCCCCCOC(=O)CCCCCCCCCCCCCCCCC,JW_2024,JW_2024,0
-3.4130862,-0.478598557,CCCCCCCCCCCCCCCCCC(=O)OCCCCCCN(C)CCOC(=O)OCCN(C)CCCCCCOC(=O)CCCCCCCCCCCCCCCCC,JW_2024,JW_2024,0
-5.7373924,-0.44047579,CCCCCCCCCCCCCCCCCC(=O)OCCCCCCN(C)CCOC(=O)OCCN(C)CCCCCCOC(=O)CCCCCCCCCCCCCCCCC,JW_2024,JW_2024,0
-5.2492185,-0.188865529,CCCCCCCCCCCCCCCCCC(=O)OCCCCCCN(C)CCOC(=O)OCCN(C)CCCCCCOC(=O)CCCCCCCCCCCCCCCCC,JW_2024,JW_2024,0
-5.8577256,-0.425226683,CCCCCCCCCCCCCCCCCC(=O)OCCCCCCN(C)CCOC(=O)OCCN(C)CCCCCCOC(=O)CCCCCCCCCCCCCCCCC,JW_2024,JW_2024,0
-3.7637832,-0.165991869,CCCCCCCCCCCCCCCCCC(=O)OCCCCCCN(C)CCOC(=O)OCCN(C)CCCCCCOC(=O)CCCCCCCCCCCCCCCCC,JW_2024,JW_2024,0
-3.2127233,-0.867450778,CCCCCCCCCCCCCCCCCC(=O)OCCCCCCN(C)CCOC(=O)OCCN(C)CCCCCCOC(=O)CCCCCCCCCCCCCCCCC,JW_2024,JW_2024,0
-5.5996847,0.116116606,CCCCCCCCCCCCCCCCCC(=O)OCCCCCCN(C)CCOC(=O)OCCN(C)CCCCCCOC(=O)CCCCCCCCCCCCCCCCC,JW_2024,JW_2024,1
-4.0382223,-0.943696312,CCCCC/C=C\C/C=C\CCCCCCCC(=O)OCCCCCCN(C)CCOC(=O)OCCN(C)CCCCCCOC(=O)CCCCCCC/C=C\C/C=C\CCCCC,JW_2024,JW_2024,0
-5.241926,-0.234612849,CCCCC/C=C\C/C=C\CCCCCCCC(=O)OCCCCCCN(C)CCOC(=O)OCCN(C)CCCCCCOC(=O)CCCCCCC/C=C\C/C=C\CCCCC,JW_2024,JW_2024,0
-3.4030633,-0.547219537,CCCCC/C=C\C/C=C\CCCCCCCC(=O)OCCCCCCN(C)CCOC(=O)OCCN(C)CCCCCCOC(=O)CCCCCCC/C=C\C/C=C\CCCCC,JW_2024,JW_2024,0
-7.2778945,-0.448100343,CCCCC/C=C\C/C=C\CCCCCCCC(=O)OCCCCCCN(C)CCOC(=O)OCCN(C)CCCCCCOC(=O)CCCCCCC/C=C\C/C=C\CCCCC,JW_2024,JW_2024,0
-4.801404,-0.143118209,CCCCC/C=C\C/C=C\CCCCCCCC(=O)OCCCCCCN(C)CCOC(=O)OCCN(C)CCCCCCOC(=O)CCCCCCC/C=C\C/C=C\CCCCC,JW_2024,JW_2024,0
-5.789291,-1.180057466,CCCCC/C=C\C/C=C\CCCCCCCC(=O)OCCCCCCN(C)CCOC(=O)OCCN(C)CCCCCCOC(=O)CCCCCCC/C=C\C/C=C\CCCCC,JW_2024,JW_2024,0
-3.7424607,-0.356605703,CCCCC/C=C\C/C=C\CCCCCCCC(=O)OCCCCCCN(C)CCOC(=O)OCCN(C)CCCCCCOC(=O)CCCCCCC/C=C\C/C=C\CCCCC,JW_2024,JW_2024,0
-3.7571166,-0.181240975,CCCCC/C=C\C/C=C\CCCCCCCC(=O)OCCCCCCN(C)CCOC(=O)OCCN(C)CCCCCCOC(=O)CCCCCCC/C=C\C/C=C\CCCCC,JW_2024,JW_2024,0
-5.2495804,0.001748305,CCCCC/C=C\C/C=C\CCCCCCCC(=O)OCCCCCCN(C)CCOC(=O)OCCN(C)CCCCCCOC(=O)CCCCCCC/C=C\C/C=C\CCCCC,JW_2024,JW_2024,0
-2.6027691,-1.096187379,CCCCCCCCCCCCCCCCCC(=O)OCCCCCCN(C)CCOC(=O)OCCN(C)CCCCCC(=O)OC(CCCCCCCC)CCCCCCCC,JW_2024,JW_2024,0
-3.845949,-0.097370888,CCCCCCCCCCCCCCCCCC(=O)OCCCCCCN(C)CCOC(=O)OCCN(C)CCCCCC(=O)OC(CCCCCCCC)CCCCCCCC,JW_2024,JW_2024,0
-3.3701236,0.138990266,CCCCCCCCCCCCCCCCCC(=O)OCCCCCCN(C)CCOC(=O)OCCN(C)CCCCCC(=O)OC(CCCCCCCC)CCCCCCCC,JW_2024,JW_2024,1
-5.409518,-0.188865529,CCCCCCCCCCCCCCCCCC(=O)OCCCCCCN(C)CCOC(=O)OCCN(C)CCCCCC(=O)OC(CCCCCCCC)CCCCCCCC,JW_2024,JW_2024,0
-4.5124745,-0.196490082,CCCCCCCCCCCCCCCCCC(=O)OCCCCCCN(C)CCOC(=O)OCCN(C)CCCCCC(=O)OC(CCCCCCCC)CCCCCCCC,JW_2024,JW_2024,0
-5.266722,-0.699710604,CCCCCCCCCCCCCCCCCC(=O)OCCCCCCN(C)CCOC(=O)OCCN(C)CCCCCC(=O)OC(CCCCCCCC)CCCCCCCC,JW_2024,JW_2024,0
-3.790839,-0.859826225,CCCCCCCCCCCCCCCCCC(=O)OCCCCCCN(C)CCOC(=O)OCCN(C)CCCCCC(=O)OC(CCCCCCCC)CCCCCCCC,JW_2024,JW_2024,0
-3.1350446,-0.196490082,CCCCCCCCCCCCCCCCCC(=O)OCCCCCCN(C)CCOC(=O)OCCN(C)CCCCCC(=O)OC(CCCCCCCC)CCCCCCCC,JW_2024,JW_2024,0
-4.747969,-0.249861956,CCCCCCCCCCCCCCCCCC(=O)OCCCCCCN(C)CCOC(=O)OCCN(C)CCCCCC(=O)OC(CCCCCCCC)CCCCCCCC,JW_2024,JW_2024,0
-3.8284755,-0.941187461,CCCCC/C=C\C/C=C\CCCCCCCC(=O)OCCCCCC(O)C(CCCCOC(=O)CCCCCCC/C=C\C/C=C\CCCCC)CN(C)CCCNC,JW_2024,JW_2024,0
-5.5415683,-0.475745158,CCCCC/C=C\C/C=C\CCCCCCCC(=O)OCCCCCC(O)C(CCCCOC(=O)CCCCCCC/C=C\C/C=C\CCCCC)CN(C)CCCNC,JW_2024,JW_2024,0
-5.0090756,-0.483910812,CCCCC/C=C\C/C=C\CCCCCCCC(=O)OCCCCCC(O)C(CCCCOC(=O)CCCCCCC/C=C\C/C=C\CCCCC)CNCCN1CCOCC1,JW_2024,JW_2024,0
-6.037305,1.255373584,CCCCC/C=C\C/C=C\CCCCCCCC(=O)OCCCCCC(O)C(CCCCOC(=O)CCCCCCC/C=C\C/C=C\CCCCC)CNCCN1CCOCC1,JW_2024,JW_2024,1
-4.294544,0.683777773,CCCCC/C=C\C/C=C\CCCCCCCC(=O)OCCCCCC(O)C(CCCCOC(=O)CCCCCCC/C=C\C/C=C\CCCCC)CNCCN1CCCC1,JW_2024,JW_2024,1
-5.389376,0.838925208,CCCCC/C=C\C/C=C\CCCCCCCC(=O)OCCCCCC(O)C(CCCCOC(=O)CCCCCCC/C=C\C/C=C\CCCCC)CNCCN1CCCC1,JW_2024,JW_2024,1
-4.2394295,-0.173615943,CCCCC/C=C\C/C=C\CCCCCCCC(=O)OCCCCCC(O)C(CCCCOC(=O)CCCCCCC/C=C\C/C=C\CCCCC)CN(C)CCN(C)C,JW_2024,JW_2024,0
-5.552301,0.863422171,CCCCC/C=C\C/C=C\CCCCCCCC(=O)OCCCCCC(O)C(CCCCOC(=O)CCCCCCC/C=C\C/C=C\CCCCC)CN(C)CCN(C)C,JW_2024,JW_2024,1
-3.7753515,-0.067462436,CCCCC/C=C\C/C=C\CCCCCCCC(=O)OCCCCCC(O)C(CCCCOC(=O)CCCCCCC/C=C\C/C=C\CCCCC)CNCCCn1ccnc1,JW_2024,JW_2024,0
-4.9323635,0.283660706,CCCCC/C=C\C/C=C\CCCCCCCC(=O)OCCCCCC(O)C(CCCCOC(=O)CCCCCCC/C=C\C/C=C\CCCCC)CNCCCn1ccnc1,JW_2024,JW_2024,1
-4.9859424,1.018569606,CCCCC/C=C\C/C=C\CCCCCCCC(=O)OCCCCCC(O)C(CCCCOC(=O)CCCCCCC/C=C\C/C=C\CCCCC)CNCCN(C)CCNCC(CCCCOC(=O)CCCCCCC/C=C\C/C=C\CCCCC)C(O)CCCCCOC(=O)CCCCCCC/C=C\C/C=C\CCCCC,JW_2024,JW_2024,1
-5.896267,1.516674527,CCCCC/C=C\C/C=C\CCCCCCCC(=O)OCCCCCC(O)C(CCCCOC(=O)CCCCCCC/C=C\C/C=C\CCCCC)CNCCN(C)CCNCC(CCCCOC(=O)CCCCCCC/C=C\C/C=C\CCCCC)C(O)CCCCCOC(=O)CCCCCCC/C=C\C/C=C\CCCCC,JW_2024,JW_2024,2
-4.320989,-0.385922959,CCCCC/C=C\C/C=C\CCCCCCCC(=O)OCCCCCC(O)C(CCCCOC(=O)CCCCCCC/C=C\C/C=C\CCCCC)CNCCCN(C)C,JW_2024,JW_2024,0
-5.388015,-0.255272488,CCCCC/C=C\C/C=C\CCCCCCCC(=O)OCCCCCC(O)C(CCCCOC(=O)CCCCCCC/C=C\C/C=C\CCCCC)CNCCCN(C)C,JW_2024,JW_2024,0
-4.762922,-0.459413849,CCCCC/C=C\C/C=C\CCCCCCCC(=O)OCCCCCC(O)C(CCCCOC(=O)CCCCCCC/C=C\C/C=C\CCCCC)CNCCN1CCN(C)CC1,JW_2024,JW_2024,0
-5.822306,-0.483910812,CCCCC/C=C\C/C=C\CCCCCCCC(=O)OCCCCCC(O)C(CCCCOC(=O)CCCCCCC/C=C\C/C=C\CCCCC)CNCCN1CCN(C)CC1,JW_2024,JW_2024,0
-5.084348,-0.7370461,CCCCC/C=C\C/C=C\CCCCCCCC(=O)OCCCCCC(O)C(CCCCOC(=O)CCCCCCC/C=C\C/C=C\CCCCC)CN1CCCN(C)CC1,JW_2024,JW_2024,0
-5.2326746,-0.214444216,CCCCC/C=C\C/C=C\CCCCCCCC(=O)OCCCCCC(O)C(CCCCOC(=O)CCCCCCC/C=C\C/C=C\CCCCC)CN1CCCN(C)CC1,JW_2024,JW_2024,0
-5.3729463,-0.385922959,CCCCC/C=C\C/C=C\CCCCCCCC(=O)OCCCCCC(O)C(CCCCOC(=O)CCCCCCC/C=C\C/C=C\CCCCC)CNCCCN1CCCCC1CC,JW_2024,JW_2024,0
-5.9376793,0.046856727,CCCCC/C=C\C/C=C\CCCCCCCC(=O)OCCCCCC(O)C(CCCCOC(=O)CCCCCCC/C=C\C/C=C\CCCCC)CNCCCN1CCCCC1CC,JW_2024,JW_2024,1
-4.6469193,-1.210654058,CCCCC/C=C\C/C=C\CCCCCCCC(=O)OCCCCCC(O)C(CCCCOC(=O)CCCCCCC/C=C\C/C=C\CCCCC)CNCCN1CCCCC1,JW_2024,JW_2024,0
-5.49756,-1.145328822,CCCCC/C=C\C/C=C\CCCCCCCC(=O)OCCCCCC(O)C(CCCCOC(=O)CCCCCCC/C=C\C/C=C\CCCCC)CNCCN1CCCCC1,JW_2024,JW_2024,0
-4.7074423,1.092060496,CCCCC/C=C\C/C=C\CCCCCCCC(=O)OCCCCCC(O)C(CCCCOC(=O)CCCCCCC/C=C\C/C=C\CCCCC)CNCCNCCN1CCN(CCNCC(CCCCOC(=O)CCCCCCC/C=C\C/C=C\CCCCC)C(O)CCCCCOC(=O)CCCCCCC/C=C\C/C=C\CCCCC)CC1,JW_2024,JW_2024,1
-5.580154,1.10022615,CCCCC/C=C\C/C=C\CCCCCCCC(=O)OCCCCCC(O)C(CCCCOC(=O)CCCCCCC/C=C\C/C=C\CCCCC)CNCCNCCN1CCN(CCNCC(CCCCOC(=O)CCCCCCC/C=C\C/C=C\CCCCC)C(O)CCCCCOC(=O)CCCCCCC/C=C\C/C=C\CCCCC)CC1,JW_2024,JW_2024,1
-4.2044644,-0.769708718,CCCCC/C=C\C/C=C\CCCCCCCC(=O)OCCCCCC(O)C(CCCCOC(=O)CCCCCCC/C=C\C/C=C\CCCCC)CN1CCN(CC(CCCCOC(=O)CCCCCCC/C=C\C/C=C\CCCCC)C(O)CCCCCOC(=O)CCCCCCC/C=C\C/C=C\CCCCC)CC1,JW_2024,JW_2024,0
-4.934874,-0.304266414,CCCCC/C=C\C/C=C\CCCCCCCC(=O)OCCCCCC(O)C(CCCCOC(=O)CCCCCCC/C=C\C/C=C\CCCCC)CN1CCN(CC(CCCCOC(=O)CCCCCCC/C=C\C/C=C\CCCCC)C(O)CCCCCOC(=O)CCCCCCC/C=C\C/C=C\CCCCC)CC1,JW_2024,JW_2024,0
-4.7328863,0.561292957,CCCCC/C=C\C/C=C\CCCCCCCC(=O)OCCCCCC(O)C(CCCCOC(=O)CCCCCCC/C=C\C/C=C\CCCCC)CNCCCN(CCCC)CCCC,JW_2024,JW_2024,1
-5.471576,1.598331071,CCCCC/C=C\C/C=C\CCCCCCCC(=O)OCCCCCC(O)C(CCCCOC(=O)CCCCCCC/C=C\C/C=C\CCCCC)CNCCCN(CCCC)CCCC,JW_2024,JW_2024,2
-3.56059,0.202004161,CCCCC/C=C\C/C=C\CCCCCCCC(=O)OCCCCCC(O)C(CCCCOC(=O)CCCCCCC/C=C\C/C=C\CCCCC)CNCCCN(CCO)CCO,JW_2024,JW_2024,1
-5.055033,0.128513271,CCCCC/C=C\C/C=C\CCCCCCCC(=O)OCCCCCC(O)C(CCCCOC(=O)CCCCCCC/C=C\C/C=C\CCCCC)CNCCCN(CCO)CCO,JW_2024,JW_2024,1
-3.733578,0.299992015,CCCCC/C=C\C/C=C\CCCCCCCC(=O)OCCCCCC(O)C(CCCCOC(=O)CCCCCCC/C=C\C/C=C\CCCCC)CNCCCNCC(CCCCOC(=O)CCCCCCC/C=C\C/C=C\CCCCC)C(O)CCCCCOC(=O)CCCCCCC/C=C\C/C=C\CCCCC,JW_2024,JW_2024,1
-4.4934826,0.781765627,CCCCC/C=C\C/C=C\CCCCCCCC(=O)OCCCCCC(O)C(CCCCOC(=O)CCCCCCC/C=C\C/C=C\CCCCC)CNCCCNCC(CCCCOC(=O)CCCCCCC/C=C\C/C=C\CCCCC)C(O)CCCCCOC(=O)CCCCCCC/C=C\C/C=C\CCCCC,JW_2024,JW_2024,1
-4.7070575,-1.284144948,CCCCC/C=C\C/C=C\CCCCCCCC(=O)OCCCCCC(O)C(CCCCOC(=O)CCCCCCC/C=C\C/C=C\CCCCC)CN(C)CCCN(C)CC(CCCCOC(=O)CCCCCCC/C=C\C/C=C\CCCCC)C(O)CCCCCOC(=O)CCCCCCC/C=C\C/C=C\CCCCC,JW_2024,JW_2024,0
-5.190904,-0.908524843,CCCCC/C=C\C/C=C\CCCCCCCC(=O)OCCCCCC(O)C(CCCCOC(=O)CCCCCCC/C=C\C/C=C\CCCCC)CN(C)CCCN(C)CC(CCCCOC(=O)CCCCCCC/C=C\C/C=C\CCCCC)C(O)CCCCCOC(=O)CCCCCCC/C=C\C/C=C\CCCCC,JW_2024,JW_2024,0
-5.3178053,-0.532904739,CCCCCCCC/C=C\CCCCCCCC(=O)OCCCCCC(O)C(CCCCOC(=O)CCCCCCC/C=C\CCCCCCCC)CNCCNCCN1CCN(CCNCC(CCCCOC(=O)CCCCCCC/C=C\CCCCCCCC)C(O)CCCCCOC(=O)CCCCCCC/C=C\CCCCCCCC)CC1,JW_2024,JW_2024,0
-6.147603,-0.091959399,CCCCCCCC/C=C\CCCCCCCC(=O)OCCCCCC(O)C(CCCCOC(=O)CCCCCCC/C=C\CCCCCCCC)CNCCNCCN1CCN(CCNCC(CCCCOC(=O)CCCCCCC/C=C\CCCCCCCC)C(O)CCCCCOC(=O)CCCCCCC/C=C\CCCCCCCC)CC1,JW_2024,JW_2024,0
-4.9499016,1.622828034,CCCCCCCC/C=C\CCCCCCCC(=O)OCCCCCC(O)C(CCCCOC(=O)CCCCCCC/C=C\CCCCCCCC)CNCCN(C)CCNCC(CCCCOC(=O)CCCCCCC/C=C\CCCCCCCC)C(O)CCCCCOC(=O)CCCCCCC/C=C\CCCCCCCC,JW_2024,JW_2024,2
-5.1245646,1.590165417,CCCCCCCC/C=C\CCCCCCCC(=O)OCCCCCC(O)C(CCCCOC(=O)CCCCCCC/C=C\CCCCCCCC)CNCCN(C)CCNCC(CCCCOC(=O)CCCCCCC/C=C\CCCCCCCC)C(O)CCCCCOC(=O)CCCCCCC/C=C\CCCCCCCC,JW_2024,JW_2024,2
-2.7884393,-0.532904739,CCCCCCCC/C=C\CCCCCCCC(=O)OCCCCCC(O)C(CCCCOC(=O)CCCCCCC/C=C\CCCCCCCC)CNCCN1CCN(C)CC1,JW_2024,JW_2024,0
-3.589505,-0.44308254,CCCCCCCC/C=C\CCCCCCCC(=O)OCCCCCC(O)C(CCCCOC(=O)CCCCCCC/C=C\CCCCCCCC)CNCCN1CCN(C)CC1,JW_2024,JW_2024,0
-3.1497626,-0.042965472,CCCCCCCC/C=C\CCCCCCCC(=O)OCCCCCC(O)C(CCCCOC(=O)CCCCCCC/C=C\CCCCCCCC)CNCCCN(CCO)CCO,JW_2024,JW_2024,0
-3.794703,0.51229903,CCCCCCCC/C=C\CCCCCCCC(=O)OCCCCCC(O)C(CCCCOC(=O)CCCCCCC/C=C\CCCCCCCC)CNCCCN(CCO)CCO,JW_2024,JW_2024,1
-4.362387,1.610606694,CCCCCCC(C/C=C\CCCCCCCCOC(=O)CCN(CCC(=O)OCCCCCCCC/C=C\CC(CCCCCC)OC(=O)CCCC1CCCCC1)CCN1CCCC1)OC(=O)CCCC1CCCCC1,JW_2024,JW_2024,2
-4.3881984,1.25980659,CCCCCCCCCCCC(=O)OC(C/C=C\CCCCCCCCOC(=O)CCN(CCC(=O)OCCCCCCCC/C=C\CC(CCCCCC)OC(=O)CCCCCCCCCCC)CCN1CCCC1)CCCCCC,JW_2024,JW_2024,1
-1.7008973,0.774083369,CCCCCCCCC(CCCCCC)C(=O)OC(C/C=C\CCCCCCCCOC(=O)CCN(CCCN(CC)CC)CCC(=O)OCCCCCCCC/C=C\CC(CCCCCC)OC(=O)C(CCCCCC)CCCCCCCC)CCCCCC,JW_2024,JW_2024,1
-3.1016648,1.016944979,CCCCC/C=C\CCC(=O)OC(C/C=C\CCCCCCCCOC(=O)CCN(CCCN(CC)CC)CCC(=O)OCCCCCCCC/C=C\CC(CCCCCC)OC(=O)CC/C=C\CCCCC)CCCCCC,JW_2024,JW_2024,1
-4.7768393,0.49524226,CCCCCCCC/C=C\CCCCCCCC(=O)OC(C/C=C\CCCCCCCCOC(=O)CCN(CCC(=O)OCCCCCCCC/C=C\CC(CCCCCC)OC(=O)CCCCCCC/C=C\CCCCCCCC)CCc1ccncc1)CCCCCC,JW_2024,JW_2024,1
-4.1916947,1.403724582,CCCCCCCC/C=C\CCCCCCCC(=O)OC(C/C=C\CCCCCCCCOC(=O)CCN(CCC(=O)OCCCCCCCC/C=C\CC(CCCCCC)OC(=O)CCCCCCC/C=C\CCCCCCCC)CCN1CCCC1)CCCCCC,JW_2024,JW_2024,2
-4.3142195,0.144442156,CCCCC/C=C\C/C=C\CCCCCCCC(=O)OC(C/C=C\CCCCCCCCOC(=O)CCN(CCC(=O)OCCCCCCCC/C=C\CC(CCCCCC)OC(=O)CCCCCCC/C=C\C/C=C\CCCCC)CCc1ccncc1)CCCCCC,JW_2024,JW_2024,1
-1.8255,1.466688703,CCCCC/C=C\C/C=C\CCCCCCCC(=O)OC(C/C=C\CCCCCCCCOC(=O)CCN(CCCN(CC)CC)CCC(=O)OCCCCCCCC/C=C\CC(CCCCCC)OC(=O)CCCCCCC/C=C\C/C=C\CCCCC)CCCCCC,JW_2024,JW_2024,2
-3.1016648,1.376739958,CCCCC/C=C\CCC(=O)OC(C/C=C\CCCCCCCCOC(=O)CCN(CCCN(CC)CC)CCC(=O)OCCCCCCCC/C=C\CC(CCCCCC)OC(=O)CC/C=C\CCCCC)CCCCCC,JW_2024,JW_2024,2
-4.038137,0.07248316,CCCCC/C=C\CCC(=O)OC(C/C=C\CCCCCCCCOC(=O)CCN(CCC(=O)OCCCCCCCC/C=C\CC(CCCCCC)OC(=O)CC/C=C\CCCCC)CCN(CCCC)CCCC)CCCCCC,JW_2024,JW_2024,1
-3.8291512,-0.35027594,CCCCCCCC/C=C\CCCCCCCC(=O)OC(C/C=C\CCCCCCCCOC(=O)CCN(CCCN(CCCC)CCCC)CCC(=O)OCCCCCCCC/C=C\CC(CCCCCC)OC(=O)CCCCCCC/C=C\CCCCCCCC)CCCCCC,JW_2024,JW_2024,0
-3.823631,0.630165377,CCCCC/C=C\C/C=C\CCCCCCCC(=O)OC(C/C=C\CCCCCCCCOC(=O)CCN(CCCN(CCCC)CCCC)CCC(=O)OCCCCCCCC/C=C\CC(CCCCCC)OC(=O)CCCCCCC/C=C\C/C=C\CCCCC)CCCCCC,JW_2024,JW_2024,1
-4.8126397,1.016944979,CCCCC/C=C\CCC(=O)OC(C/C=C\CCCCCCCCOC(=O)CCN(C)CCO)CCCCCC,JW_2024,JW_2024,1
-2.0238504,1.322770711,CCCCCCCC/C=C\CCCCCCCCCC(=O)OC(C/C=C\CCCCCCCCOC(=O)CCN(CCCN(CC)CC)CCC(=O)OCCCCCCCC/C=C\CC(CCCCCC)OC(=O)CCCCCCCCC/C=C\CCCCCCCC)CCCCCC,JW_2024,JW_2024,2
-2.3555589,0.828052616,CCCCCCCC/C=C\CCCCCCCCCC(=O)OC(C/C=C\CCCCCCCCOC(=O)CCN(CCCN(C)C)CCC(=O)OCCCCCCCC/C=C\CC(CCCCCC)OC(=O)CCCCCCCCC/C=C\CCCCCCCC)CCCCCC,JW_2024,JW_2024,1
-4.4203544,1.872136882,CCCCCCC(C/C=C\CCCCCCCCOC(=O)CCN(CCCN(C)C)CCC(=O)OCCCCCCCC/C=C\CC(CCCCCC)OC(C)=O)OC(C)=O,JW_2024,JW_2024,2
-4.410633,0.918867775,CCCCCCC(C/C=C\CCCCCCCCOC(=O)CCN(CCC(=O)OCCCCCCCC/C=C\CC(CCCCCC)OC(C)=O)CCN(C)C)OC(C)=O,JW_2024,JW_2024,1
-3.4278884,0.952051244,CCCCCCC(C/C=C\CCCCCCCCOC(=O)CCN(CCCN(CC)CC)CCC(=O)OCCCCCCCC/C=C\CC(CCCCCC)OC(C)=O)OC(C)=O,JW_2024,JW_2024,1
-3.4278884,1.071291553,CCCCCCC(C/C=C\CCCCCCCCOC(=O)CCN(CCCN(CC)CC)CCC(=O)OCCCCCCCC/C=C\CC(CCCCCC)OC(C)=O)OC(C)=O,JW_2024,JW_2024,1
-4.633885,1.494250671,CCCCCCC(C/C=C\CCCCCCCCOC(=O)CCN(CCCN(C)C)CCC(=O)OCCCCCCCC/C=C\CC(CCCCCC)OC(=O)CCC)OC(=O)CCC,JW_2024,JW_2024,2
-3.9868994,1.310216386,CCCCCCC(C/C=C\CCCCCCCCOC(=O)CCN(CCC(=O)OCCCCCCCC/C=C\CC(CCCCCC)OC(=O)CCC)CCN(C)C)OC(=O)CCC,JW_2024,JW_2024,1
-4.108304,1.608387259,CCCCCCC(C/C=C\CCCCCCCCOC(=O)CCN(CCCN(CC)CC)CCC(=O)OCCCCCCCC/C=C\CC(CCCCCC)OC(=O)CCC)OC(=O)CCC,JW_2024,JW_2024,2
-4.244606,1.078562255,CCCCCCC(C/C=C\CCCCCCCCOC(=O)CCN(CCC(=O)OCCCCCCCC/C=C\CC(CCCCCC)OC(=O)CCC)CCN(CC)CC)OC(=O)CCC,JW_2024,JW_2024,1
-4.791667,1.569625684,CCCCCCC(C/C=C\CCCCCCCCOC(=O)CCN(CCCN(C)C)CCC(=O)OCCCCCCCC/C=C\CC(CCCCCC)OC(=O)CCCCC)OC(=O)CCCCC,JW_2024,JW_2024,2
-4.243801,1.589574973,CCCCCCC(C/C=C\CCCCCCCCOC(=O)CCN(CCC(=O)OCCCCCCCC/C=C\CC(CCCCCC)OC(=O)CCCCC)CCN(C)C)OC(=O)CCCCC,JW_2024,JW_2024,2
-4.9332094,1.261675322,CCCCCCC(C/C=C\CCCCCCCCOC(=O)CCN(CCCN(CC)CC)CCC(=O)OCCCCCCCC/C=C\CC(CCCCCC)OC(=O)CCCCC)OC(=O)CCCCC,JW_2024,JW_2024,1
-4.454989,1.172949892,CCCCCCC(C/C=C\CCCCCCCCOC(=O)CCN(CCC(=O)OCCCCCCCC/C=C\CC(CCCCCC)OC(=O)CCCCC)CCN(CC)CC)OC(=O)CCCCC,JW_2024,JW_2024,1
-4.4836926,1.667493322,CCCCCCC(=O)OC(C/C=C\CCCCCCCCOC(=O)CCN(CCCN(C)C)CCC(=O)OCCCCCCCC/C=C\CC(CCCCCC)OC(=O)CCCCCC)CCCCCC,JW_2024,JW_2024,2
-4.0879755,1.599086397,CCCCCCC(=O)OC(C/C=C\CCCCCCCCOC(=O)CCN(CCC(=O)OCCCCCCCC/C=C\CC(CCCCCC)OC(=O)CCCCCC)CCN(C)C)CCCCCC,JW_2024,JW_2024,2
-3.8690786,1.19472266,CCCCCCC(=O)OC(C/C=C\CCCCCCCCOC(=O)CCN(CCCN(CC)CC)CCC(=O)OCCCCCCCC/C=C\CC(CCCCCC)OC(=O)CCCCCC)CCCCCC,JW_2024,JW_2024,1
-4.1258893,1.382945853,CCCCCCC(=O)OC(C/C=C\CCCCCCCCOC(=O)CCN(CCC(=O)OCCCCCCCC/C=C\CC(CCCCCC)OC(=O)CCCCCC)CCN(CC)CC)CCCCCC,JW_2024,JW_2024,2
-4.2147174,1.588362456,CCCCCCCC(=O)OC(C/C=C\CCCCCCCCOC(=O)CCN(CCCN(C)C)CCC(=O)OCCCCCCCC/C=C\CC(CCCCCC)OC(=O)CCCCCCC)CCCCCC,JW_2024,JW_2024,2
-3.7502303,1.323703485,CCCCCCCC(=O)OC(C/C=C\CCCCCCCCOC(=O)CCN(CCC(=O)OCCCCCCCC/C=C\CC(CCCCCC)OC(=O)CCCCCCC)CCN(C)C)CCCCCC,JW_2024,JW_2024,2
-3.428632,1.146634303,CCCCCCCC(=O)OC(C/C=C\CCCCCCCCOC(=O)CCN(CCCN(CC)CC)CCC(=O)OCCCCCCCC/C=C\CC(CCCCCC)OC(=O)CCCCCCC)CCCCCC,JW_2024,JW_2024,1
-3.2971354,0.919170858,CCCCCCCC(=O)OC(C/C=C\CCCCCCCCOC(=O)CCN(CCC(=O)OCCCCCCCC/C=C\CC(CCCCCC)OC(=O)CCCCCCC)CCN(CC)CC)CCCCCC,JW_2024,JW_2024,1
-3.9755976,0.885355186,CCCCCCCCCC(=O)OC(C/C=C\CCCCCCCCOC(=O)CCN(CCCN(C)C)CCC(=O)OCCCCCCCC/C=C\CC(CCCCCC)OC(=O)CCCCCCCCC)CCCCCC,JW_2024,JW_2024,1
-3.5077562,1.18910882,CCCCCCCCCC(=O)OC(C/C=C\CCCCCCCCOC(=O)CCN(CCC(=O)OCCCCCCCC/C=C\CC(CCCCCC)OC(=O)CCCCCCCCC)CCN(C)C)CCCCCC,JW_2024,JW_2024,1
-3.2440133,0.984650117,CCCCCCCCCC(=O)OC(C/C=C\CCCCCCCCOC(=O)CCN(CCCN(CC)CC)CCC(=O)OCCCCCCCC/C=C\CC(CCCCCC)OC(=O)CCCCCCCCC)CCCCCC,JW_2024,JW_2024,1
-2.5640228,1.394729707,CCCCCCCCCC(=O)OC(C/C=C\CCCCCCCCOC(=O)CCN(CCC(=O)OCCCCCCCC/C=C\CC(CCCCCC)OC(=O)CCCCCCCCC)CCN(CC)CC)CCCCCC,JW_2024,JW_2024,2
-2.5163352,1.543275787,CCCCC/C=C\C/C=C\CCCCCCCC(=O)OC(C/C=C\CCCCCCCCOC(=O)CCN(CCCN(C)C)CCC(=O)OCCCCCCCC/C=C\CC(CCCCCC)OC(=O)CCCCCCC/C=C\C/C=C\CCCCC)CCCCCC,JW_2024,JW_2024,2
-3.4166818,1.780616601,CCCCC/C=C\C/C=C\CCCCCCCC(=O)OC(C/C=C\CCCCCCCCOC(=O)CCN(CCC(=O)OCCCCCCCC/C=C\CC(CCCCCC)OC(=O)CCCCCCC/C=C\C/C=C\CCCCC)CCN(C)C)CCCCCC,JW_2024,JW_2024,2
-1.8255,1.228063481,CCCCC/C=C\C/C=C\CCCCCCCC(=O)OC(C/C=C\CCCCCCCCOC(=O)CCN(CCCN(CC)CC)CCC(=O)OCCCCCCCC/C=C\CC(CCCCCC)OC(=O)CCCCCCC/C=C\C/C=C\CCCCC)CCCCCC,JW_2024,JW_2024,1
-2.3344266,0.873026988,CCCCC/C=C\C/C=C\CCCCCCCC(=O)OC(C/C=C\CCCCCCCCOC(=O)CCN(CCC(=O)OCCCCCCCC/C=C\CC(CCCCCC)OC(=O)CCCCCCC/C=C\C/C=C\CCCCC)CCN(CC)CC)CCCCCC,JW_2024,JW_2024,1
-4.99812,0.144442156,CCCCC/C=C\CCC(=O)OC(C/C=C\CCCCCCCCOC(=O)CCN(CCCCN(C)C)CCC(=O)OCCCCCCCC/C=C\CC(CCCCCC)OC(=O)CC/C=C\CCCCC)CCCCCC,JW_2024,JW_2024,1
-2.3522522,-0.494193931,CCCCCCCC/C=C\CCCCCCCC(=O)OC(C/C=C\CCCCCCCCOC(=O)CCN(CCCN(CC)CC)CCC(=O)OCCCCCCCC/C=C\CC(CCCCCC)OC(=O)CCCCCCC/C=C\CCCCCCCC)CCCCCC,JW_2024,JW_2024,0
-4.5144076,-0.200149607,CCCCCCCCCC(=O)OCCCCCC(O)C(CCCCOC(=O)CCCCCCCCC)CN(C)CCCn1cccn1,JW_2024,JW_2024,0
-4.18839,0.140562366,CCCCCCCCCCC(=O)OCCCCCC(O)C(CCCCOC(=O)CCCCCCCCCC)CN(C)CCCn1cccn1,JW_2024,JW_2024,1
-4.3031893,1.063890387,CCCCCCCCCCCC(=O)OCCCCCC(O)C(CCCCOC(=O)CCCCCCCCCCC)CN(C)CCCn1cccn1,JW_2024,JW_2024,1
-4.478753,1.054593913,CCCCCCCCCCCCC(=O)OCCCCCC(O)C(CCCCOC(=O)CCCCCCCCCCCC)CN(C)CCCn1cccn1,JW_2024,JW_2024,1
-4.8204427,-0.521079974,CCCCCCCCCCCCCC(=O)OCCCCCC(O)C(CCCCOC(=O)CCCCCCCCCCCCC)CN(C)CCCn1cccn1,JW_2024,JW_2024,0
-4.7033186,-0.371293668,CCCCCCCCCCCCCCC(=O)OCCCCCC(O)C(CCCCOC(=O)CCCCCCCCCCCCCC)CN(C)CCCn1cccn1,JW_2024,JW_2024,0
-5.43859,1.090084865,CCCCCCCCCCCCCCCCC(=O)OCCCCCC(O)C(CCCCOC(=O)CCCCCCCCCCCCCCCC)CN(C)CCCn1cccn1,JW_2024,JW_2024,1
-5.7205253,0.127976423,CCCCCCCCCCCCCCCCCC(=O)OCCCCCC(O)C(CCCCOC(=O)CCCCCCCCCCCCCCCCC)CN(C)CCCn1cccn1,JW_2024,JW_2024,1
-4.7257776,0.047011492,CCCCC/C=C\C/C=C\CCCCCCCC(=O)OCCCCCC(O)C(CCCCOC(=O)CCCCCCC/C=C\C/C=C\CCCCC)CN(C)CCCn1cccn1,JW_2024,JW_2024,1
-4.3125525,0.161211619,CCCCCCCCCC(=O)OCCCCCC(O)C(CCCCOC(=O)CCCCCCCCC)CNCCCN(CCCC)CCCC,JW_2024,JW_2024,1
-4.207978,0.496896334,CCCCCCCCCCC(=O)OCCCCCC(O)C(CCCCOC(=O)CCCCCCCCCC)CNCCCN(CCCC)CCCC,JW_2024,JW_2024,1
-3.492308,0.829933974,CCCCCCCCCCCC(=O)OCCCCCC(O)C(CCCCOC(=O)CCCCCCCCCCC)CNCCCN(CCCC)CCCC,JW_2024,JW_2024,1
-4.003777,1.378556345,CCCCCCCCCCCCC(=O)OCCCCCC(O)C(CCCCOC(=O)CCCCCCCCCCCC)CNCCCN(CCCC)CCCC,JW_2024,JW_2024,2
-4.017035,1.325952472,CCCCCCCCCCCCCC(=O)OCCCCCC(O)C(CCCCOC(=O)CCCCCCCCCCCCC)CNCCCN(CCCC)CCCC,JW_2024,JW_2024,2
-4.0306687,1.345236906,CCCCCCCCCCCCCCC(=O)OCCCCCC(O)C(CCCCOC(=O)CCCCCCCCCCCCCC)CNCCCN(CCCC)CCCC,JW_2024,JW_2024,2
-4.7408323,1.406837941,CCCCCCCCCCCCCCCC(=O)OCCCCCC(O)C(CCCCOC(=O)CCCCCCCCCCCCCCC)CNCCCN(CCCC)CCCC,JW_2024,JW_2024,2
-5.1635094,1.592550269,CCCCCCCCCCCCCCCCC(=O)OCCCCCC(O)C(CCCCOC(=O)CCCCCCCCCCCCCCCC)CNCCCN(CCCC)CCCC,JW_2024,JW_2024,2
-5.106173,1.338693262,CCCCCCCCCCCCCCCCCC(=O)OCCCCCC(O)C(CCCCOC(=O)CCCCCCCCCCCCCCCCC)CNCCCN(CCCC)CCCC,JW_2024,JW_2024,2
-3.6275136,1.499914887,CCCCCCCC/C=C\CCCCCCCC(=O)OCCCCCC(O)C(CCCCOC(=O)CCCCCCC/C=C\CCCCCCCC)CNCCCN(CCCC)CCCC,JW_2024,JW_2024,2
-3.6275136,1.345862273,CCCCCCCC/C=C\CCCCCCCC(=O)OCCCCCC(O)C(CCCCOC(=O)CCCCCCC/C=C\CCCCCCCC)CNCCCN(CCCC)CCCC,JW_2024,JW_2024,2
-4.7022038,0.089843982,CCCCCCCCC(=O)OCCCCCC(O)C(CCCCOC(=O)CCCCCCCC)CNCCCN(CCCC)CCCC,JW_2024,JW_2024,1
-2.4586022,-0.525685949,CC/C=C/CCSCC(C)C(=O)OCCOC(=O)CCN(CCCN1CCN(C)CC1)CCC(=O)OCCOC(=O)C(C)CSCC/C=C/CC,SL_2020,SL_2020,1
-3.5503318,-0.525685949,CC/C=C/CCSCC(C)C(=O)OCCOC(=O)CCN(CCC(=O)OCCOC(=O)C(C)CSCC/C=C/CC)CCN(C)C,SL_2020,SL_2020,1
-3.6920023,-0.525685949,CC/C=C/CCSCC(C)C(=O)OCCOC(=O)CCN(CCCN(C)C)CCC(=O)OCCOC(=O)C(C)CSCC/C=C/CC,SL_2020,SL_2020,1
-2.9328113,0.360192224,CC/C=C/CCSCC(C)C(=O)OCCOC(=O)CCN(CCO)CCCN(CCC(=O)OCCOC(=O)C(C)CSCC/C=C/CC)CCC(=O)OCCOC(=O)C(C)CSCC/C=C/CC,SL_2020,SL_2020,1
-0.054673318,0.360192224,CC/C=C/CCSCC(C)C(=O)OCCOC(=O)CCN(CCCN1CCN(CCCN(CCC(=O)OCCOC(=O)C(C)CSCC/C=C/CC)CCC(=O)OCCOC(=O)C(C)CSCC/C=C/CC)CC1)CCC(=O)OCCOC(=O)C(C)CSCC/C=C/CC,SL_2020,SL_2020,1
-1.2884598,2.131948569,CC/C=C/CCSCC(C)C(=O)OCCOC(=O)CCN(CCCN(C)CCCN(CCC(=O)OCCOC(=O)C(C)CSCC/C=C/CC)CCC(=O)OCCOC(=O)C(C)CSCC/C=C/CC)CCC(=O)OCCOC(=O)C(C)CSCC/C=C/CC,SL_2020,SL_2020,3
-2.2568452,0.360192224,CC/C=C/CCSCC(C)C(=O)OCCOC(=O)CCN(CCC(=O)OCCOC(=O)C(C)CSCC/C=C/CC)CCN(CCN(CCC(=O)OCCOC(=O)C(C)CSCC/C=C/CC)CCC(=O)OCCOC(=O)C(C)CSCC/C=C/CC)CCN(CCC(=O)OCCOC(=O)C(C)CSCC/C=C/CC)CCC(=O)OCCOC(=O)C(C)CSCC/C=C/CC,SL_2020,SL_2020,1
-2.3617096,0.360192224,CC/C=C\CCSCC(C)C(=O)OCCOC(=O)CCN(CCCN1CCN(C)CC1)CCC(=O)OCCOC(=O)C(C)CSCC/C=C\CC,SL_2020,SL_2020,1
-3.494929,-1.411564121,CC/C=C\CCSCC(C)C(=O)OCCOC(=O)CCN(CCC(=O)OCCOC(=O)C(C)CSCC/C=C\CC)CCN(C)C,SL_2020,SL_2020,0
-3.7680879,-1.411564121,CC/C=C\CCSCC(C)C(=O)OCCOC(=O)CCN(CCCN(C)C)CCC(=O)OCCOC(=O)C(C)CSCC/C=C\CC,SL_2020,SL_2020,0
-2.91122,0.360192224,CC/C=C\CCSCC(C)C(=O)OCCOC(=O)CCN(CCO)CCCN(CCC(=O)OCCOC(=O)C(C)CSCC/C=C\CC)CCC(=O)OCCOC(=O)C(C)CSCC/C=C\CC,SL_2020,SL_2020,1
-0.054673318,1.246070396,CC/C=C\CCSCC(C)C(=O)OCCOC(=O)CCN(CCCN1CCN(CCCN(CCC(=O)OCCOC(=O)C(C)CSCC/C=C\CC)CCC(=O)OCCOC(=O)C(C)CSCC/C=C\CC)CC1)CCC(=O)OCCOC(=O)C(C)CSCC/C=C\CC,SL_2020,SL_2020,2
-1.2855504,2.131948569,CC/C=C\CCSCC(C)C(=O)OCCOC(=O)CCN(CCCN(C)CCCN(CCC(=O)OCCOC(=O)C(C)CSCC/C=C\CC)CCC(=O)OCCOC(=O)C(C)CSCC/C=C\CC)CCC(=O)OCCOC(=O)C(C)CSCC/C=C\CC,SL_2020,SL_2020,3
-2.2238166,0.360192224,CC/C=C\CCSCC(C)C(=O)OCCOC(=O)CCN(CCC(=O)OCCOC(=O)C(C)CSCC/C=C\CC)CCN(CCN(CCC(=O)OCCOC(=O)C(C)CSCC/C=C\CC)CCC(=O)OCCOC(=O)C(C)CSCC/C=C\CC)CCN(CCC(=O)OCCOC(=O)C(C)CSCC/C=C\CC)CCC(=O)OCCOC(=O)C(C)CSCC/C=C\CC,SL_2020,SL_2020,1
-2.8706696,0.360192224,CCCCCCCCSCC(C)C(=O)OCCOC(=O)CCN(CCCN1CCN(C)CC1)CCC(=O)OCCOC(=O)C(C)CSCCCCCCCC,SL_2020,SL_2020,1
-3.1291518,-0.525685949,CCCCCCCCSCC(C)C(=O)OCCOC(=O)CCN(CCC(=O)OCCOC(=O)C(C)CSCCCCCCCC)CCN(C)C,SL_2020,SL_2020,1
-3.18035,-1.411564121,CCCCCCCCSCC(C)C(=O)OCCOC(=O)CCN(CCCN(C)C)CCC(=O)OCCOC(=O)C(C)CSCCCCCCCC,SL_2020,SL_2020,0
-1.7313975,0.360192224,CCCCCCCCSCC(C)C(=O)OCCOC(=O)CCN(CCO)CCCN(CCC(=O)OCCOC(=O)C(C)CSCCCCCCCC)CCC(=O)OCCOC(=O)C(C)CSCCCCCCCC,SL_2020,SL_2020,1
2.788973,1.246070396,CCCCCCCCSCC(C)C(=O)OCCOC(=O)CCN(CCCN1CCN(CCCN(CCC(=O)OCCOC(=O)C(C)CSCCCCCCCC)CCC(=O)OCCOC(=O)C(C)CSCCCCCCCC)CC1)CCC(=O)OCCOC(=O)C(C)CSCCCCCCCC,SL_2020,SL_2020,2
2.257027,2.131948569,CCCCCCCCSCC(C)C(=O)OCCOC(=O)CCN(CCCN(C)CCCN(CCC(=O)OCCOC(=O)C(C)CSCCCCCCCC)CCC(=O)OCCOC(=O)C(C)CSCCCCCCCC)CCC(=O)OCCOC(=O)C(C)CSCCCCCCCC,SL_2020,SL_2020,3
-0.3846691,0.360192224,CCCCCCCCSCC(C)C(=O)OCCOC(=O)CCN(CCC(=O)OCCOC(=O)C(C)CSCCCCCCCC)CCN(CCN(CCC(=O)OCCOC(=O)C(C)CSCCCCCCCC)CCC(=O)OCCOC(=O)C(C)CSCCCCCCCC)CCN(CCC(=O)OCCOC(=O)C(C)CSCCCCCCCC)CCC(=O)OCCOC(=O)C(C)CSCCCCCCCC,SL_2020,SL_2020,1
-0.913283,-0.525685949,CC(C)=CCC/C(C)=C\CSCC(C)C(=O)OCCOC(=O)CCN(CCCN1CCN(C)CC1)CCC(=O)OCCOC(=O)C(C)CSC/C=C(/C)CCC=C(C)C,SL_2020,SL_2020,1
-3.1032872,-1.411564121,CC(C)=CCC/C(C)=C\CSCC(C)C(=O)OCCOC(=O)CCN(CCC(=O)OCCOC(=O)C(C)CSC/C=C(/C)CCC=C(C)C)CCN(C)C,SL_2020,SL_2020,0
-2.8551068,-1.411564121,CC(C)=CCC/C(C)=C\CSCC(C)C(=O)OCCOC(=O)CCN(CCCN(C)C)CCC(=O)OCCOC(=O)C(C)CSC/C=C(/C)CCC=C(C)C,SL_2020,SL_2020,0
-2.5615237,-0.525685949,CC(C)=CCC/C(C)=C\CSCC(C)C(=O)OCCOC(=O)CCN(CCO)CCCN(CCC(=O)OCCOC(=O)C(C)CSC/C=C(/C)CCC=C(C)C)CCC(=O)OCCOC(=O)C(C)CSC/C=C(/C)CCC=C(C)C,SL_2020,SL_2020,1
-1.6785047,-0.525685949,CC(C)=CCC/C(C)=C\CSCC(C)C(=O)OCCOC(=O)CCN(CCCN1CCN(CCCN(CCC(=O)OCCOC(=O)C(C)CSC/C=C(/C)CCC=C(C)C)CCC(=O)OCCOC(=O)C(C)CSC/C=C(/C)CCC=C(C)C)CC1)CCC(=O)OCCOC(=O)C(C)CSC/C=C(/C)CCC=C(C)C,SL_2020,SL_2020,1
-1.3889389,-0.525685949,CC(C)=CCC/C(C)=C\CSCC(C)C(=O)OCCOC(=O)CCN(CCCN(C)CCCN(CCC(=O)OCCOC(=O)C(C)CSC/C=C(/C)CCC=C(C)C)CCC(=O)OCCOC(=O)C(C)CSC/C=C(/C)CCC=C(C)C)CCC(=O)OCCOC(=O)C(C)CSC/C=C(/C)CCC=C(C)C,SL_2020,SL_2020,1
-2.591318,0.360192224,CC(C)=CCC/C(C)=C\CSCC(C)C(=O)OCCOC(=O)CCN(CCC(=O)OCCOC(=O)C(C)CSC/C=C(/C)CCC=C(C)C)CCN(CCN(CCC(=O)OCCOC(=O)C(C)CSC/C=C(/C)CCC=C(C)C)CCC(=O)OCCOC(=O)C(C)CSC/C=C(/C)CCC=C(C)C)CCN(CCC(=O)OCCOC(=O)C(C)CSC/C=C(/C)CCC=C(C)C)CCC(=O)OCCOC(=O)C(C)CSC/C=C(/C)CCC=C(C)C,SL_2020,SL_2020,1
-2.666519,-0.525685949,C/C=C/CCCSCC(C)C(=O)OCCOC(=O)CCN(CCCN1CCN(C)CC1)CCC(=O)OCCOC(=O)C(C)CSCCC/C=C/C,SL_2020,SL_2020,1
-3.293055,-1.411564121,C/C=C/CCCSCC(C)C(=O)OCCOC(=O)CCN(CCC(=O)OCCOC(=O)C(C)CSCCC/C=C/C)CCN(C)C,SL_2020,SL_2020,0
-3.1420598,-0.525685949,C/C=C/CCCSCC(C)C(=O)OCCOC(=O)CCN(CCCN(C)C)CCC(=O)OCCOC(=O)C(C)CSCCC/C=C/C,SL_2020,SL_2020,1
-2.9589071,-0.525685949,C/C=C/CCCSCC(C)C(=O)OCCOC(=O)CCN(CCO)CCCN(CCC(=O)OCCOC(=O)C(C)CSCCC/C=C/C)CCC(=O)OCCOC(=O)C(C)CSCCC/C=C/C,SL_2020,SL_2020,1
-0.20899123,0.360192224,C/C=C/CCCSCC(C)C(=O)OCCOC(=O)CCN(CCCN1CCN(CCCN(CCC(=O)OCCOC(=O)C(C)CSCCC/C=C/C)CCC(=O)OCCOC(=O)C(C)CSCCC/C=C/C)CC1)CCC(=O)OCCOC(=O)C(C)CSCCC/C=C/C,SL_2020,SL_2020,1
-1.3155555,2.131948569,C/C=C/CCCSCC(C)C(=O)OCCOC(=O)CCN(CCCN(C)CCCN(CCC(=O)OCCOC(=O)C(C)CSCCC/C=C/C)CCC(=O)OCCOC(=O)C(C)CSCCC/C=C/C)CCC(=O)OCCOC(=O)C(C)CSCCC/C=C/C,SL_2020,SL_2020,3
-2.3425016,0.360192224,C/C=C/CCCSCC(C)C(=O)OCCOC(=O)CCN(CCC(=O)OCCOC(=O)C(C)CSCCC/C=C/C)CCN(CCN(CCC(=O)OCCOC(=O)C(C)CSCCC/C=C/C)CCC(=O)OCCOC(=O)C(C)CSCCC/C=C/C)CCN(CCC(=O)OCCOC(=O)C(C)CSCCC/C=C/C)CCC(=O)OCCOC(=O)C(C)CSCCC/C=C/C,SL_2020,SL_2020,1
-2.6058762,-0.525685949,C/C=C\CCCSCC(C)C(=O)OCCOC(=O)CCN(CCCN1CCN(C)CC1)CCC(=O)OCCOC(=O)C(C)CSCCC/C=C\C,SL_2020,SL_2020,1
-3.2528858,-1.411564121,C/C=C\CCCSCC(C)C(=O)OCCOC(=O)CCN(CCC(=O)OCCOC(=O)C(C)CSCCC/C=C\C)CCN(C)C,SL_2020,SL_2020,0
-3.144928,-1.411564121,C/C=C\CCCSCC(C)C(=O)OCCOC(=O)CCN(CCCN(C)C)CCC(=O)OCCOC(=O)C(C)CSCCC/C=C\C,SL_2020,SL_2020,0
-3.0365171,-0.525685949,C/C=C\CCCSCC(C)C(=O)OCCOC(=O)CCN(CCO)CCCN(CCC(=O)OCCOC(=O)C(C)CSCCC/C=C\C)CCC(=O)OCCOC(=O)C(C)CSCCC/C=C\C,SL_2020,SL_2020,1
-0.0923209,-0.525685949,C/C=C\CCCSCC(C)C(=O)OCCOC(=O)CCN(CCCN1CCN(CCCN(CCC(=O)OCCOC(=O)C(C)CSCCC/C=C\C)CCC(=O)OCCOC(=O)C(C)CSCCC/C=C\C)CC1)CCC(=O)OCCOC(=O)C(C)CSCCC/C=C\C,SL_2020,SL_2020,1
-1.1937522,0.360192224,C/C=C\CCCSCC(C)C(=O)OCCOC(=O)CCN(CCCN(C)CCCN(CCC(=O)OCCOC(=O)C(C)CSCCC/C=C\C)CCC(=O)OCCOC(=O)C(C)CSCCC/C=C\C)CCC(=O)OCCOC(=O)C(C)CSCCC/C=C\C,SL_2020,SL_2020,1
-2.4380977,0.360192224,C/C=C\CCCSCC(C)C(=O)OCCOC(=O)CCN(CCC(=O)OCCOC(=O)C(C)CSCCC/C=C\C)CCN(CCN(CCC(=O)OCCOC(=O)C(C)CSCCC/C=C\C)CCC(=O)OCCOC(=O)C(C)CSCCC/C=C\C)CCN(CCC(=O)OCCOC(=O)C(C)CSCCC/C=C\C)CCC(=O)OCCOC(=O)C(C)CSCCC/C=C\C,SL_2020,SL_2020,1
-0.63187283,-0.525685949,CC/C=C\C/C=C\CSCC(C)C(=O)OCCOC(=O)CCN(CCCN1CCN(C)CC1)CCC(=O)OCCOC(=O)C(C)CSC/C=C\C/C=C\CC,SL_2020,SL_2020,1
-3.4862082,-0.525685949,CC/C=C\C/C=C\CSCC(C)C(=O)OCCOC(=O)CCN(CCC(=O)OCCOC(=O)C(C)CSC/C=C\C/C=C\CC)CCN(C)C,SL_2020,SL_2020,1
-3.236083,-1.411564121,CC/C=C\C/C=C\CSCC(C)C(=O)OCCOC(=O)CCN(CCCN(C)C)CCC(=O)OCCOC(=O)C(C)CSC/C=C\C/C=C\CC,SL_2020,SL_2020,0
-3.618011,0.360192224,CC/C=C\C/C=C\CSCC(C)C(=O)OCCOC(=O)CCN(CCO)CCCN(CCC(=O)OCCOC(=O)C(C)CSC/C=C\C/C=C\CC)CCC(=O)OCCOC(=O)C(C)CSC/C=C\C/C=C\CC,SL_2020,SL_2020,1
-1.5790454,1.246070396,CC/C=C\C/C=C\CSCC(C)C(=O)OCCOC(=O)CCN(CCCN1CCN(CCCN(CCC(=O)OCCOC(=O)C(C)CSC/C=C\C/C=C\CC)CCC(=O)OCCOC(=O)C(C)CSC/C=C\C/C=C\CC)CC1)CCC(=O)OCCOC(=O)C(C)CSC/C=C\C/C=C\CC,SL_2020,SL_2020,2
-2.2834268,2.131948569,CC/C=C\C/C=C\CSCC(C)C(=O)OCCOC(=O)CCN(CCCN(C)CCCN(CCC(=O)OCCOC(=O)C(C)CSC/C=C\C/C=C\CC)CCC(=O)OCCOC(=O)C(C)CSC/C=C\C/C=C\CC)CCC(=O)OCCOC(=O)C(C)CSC/C=C\C/C=C\CC,SL_2020,SL_2020,3
-2.8095298,1.246070396,CC/C=C\C/C=C\CSCC(C)C(=O)OCCOC(=O)CCN(CCC(=O)OCCOC(=O)C(C)CSC/C=C\C/C=C\CC)CCN(CCN(CCC(=O)OCCOC(=O)C(C)CSC/C=C\C/C=C\CC)CCC(=O)OCCOC(=O)C(C)CSC/C=C\C/C=C\CC)CCN(CCC(=O)OCCOC(=O)C(C)CSC/C=C\C/C=C\CC)CCC(=O)OCCOC(=O)C(C)CSC/C=C\C/C=C\CC,SL_2020,SL_2020,2
0.9045698,-1.411564121,CC(C)=CCC/C(C)=C/CC/C(C)=C/CSCC(C)C(=O)OCCOC(=O)CCN(CCCN1CCN(C)CC1)CCC(=O)OCCOC(=O)C(C)CSC/C=C(\C)CC/C=C(\C)CCC=C(C)C,SL_2020,SL_2020,0
-1.0607494,-0.525685949,CC(C)=CCC/C(C)=C/CC/C(C)=C/CSCC(C)C(=O)OCCOC(=O)CCN(CCC(=O)OCCOC(=O)C(C)CSC/C=C(\C)CC/C=C(\C)CCC=C(C)C)CCN(C)C,SL_2020,SL_2020,1
-1.5650117,-0.525685949,CC(C)=CCC/C(C)=C/CC/C(C)=C/CSCC(C)C(=O)OCCOC(=O)CCN(CCCN(C)C)CCC(=O)OCCOC(=O)C(C)CSC/C=C(\C)CC/C=C(\C)CCC=C(C)C,SL_2020,SL_2020,1
-1.5327579,-0.525685949,CC(C)=CCC/C(C)=C/CC/C(C)=C/CSCC(C)C(=O)OCCOC(=O)CCN(CCO)CCCN(CCC(=O)OCCOC(=O)C(C)CSC/C=C(\C)CC/C=C(\C)CCC=C(C)C)CCC(=O)OCCOC(=O)C(C)CSC/C=C(\C)CC/C=C(\C)CCC=C(C)C,SL_2020,SL_2020,1
-1.5763346,-0.525685949,CC(C)=CCC/C(C)=C/CC/C(C)=C/CSCC(C)C(=O)OCCOC(=O)CCN(CCCN1CCN(CCCN(CCC(=O)OCCOC(=O)C(C)CSC/C=C(\C)CC/C=C(\C)CCC=C(C)C)CCC(=O)OCCOC(=O)C(C)CSC/C=C(\C)CC/C=C(\C)CCC=C(C)C)CC1)CCC(=O)OCCOC(=O)C(C)CSC/C=C(\C)CC/C=C(\C)CCC=C(C)C,SL_2020,SL_2020,1
-2.1761572,-1.411564121,CC(C)=CCC/C(C)=C/CC/C(C)=C/CSCC(C)C(=O)OCCOC(=O)CCN(CCCN(C)CCCN(CCC(=O)OCCOC(=O)C(C)CSC/C=C(\C)CC/C=C(\C)CCC=C(C)C)CCC(=O)OCCOC(=O)C(C)CSC/C=C(\C)CC/C=C(\C)CCC=C(C)C)CCC(=O)OCCOC(=O)C(C)CSC/C=C(\C)CC/C=C(\C)CCC=C(C)C,SL_2020,SL_2020,0
-1.9205914,0.360192224,CC(C)=CCC/C(C)=C/CC/C(C)=C/CSCC(C)C(=O)OCCOC(=O)CCN(CCC(=O)OCCOC(=O)C(C)CSC/C=C(\C)CC/C=C(\C)CCC=C(C)C)CCN(CCN(CCC(=O)OCCOC(=O)C(C)CSC/C=C(\C)CC/C=C(\C)CCC=C(C)C)CCC(=O)OCCOC(=O)C(C)CSC/C=C(\C)CC/C=C(\C)CCC=C(C)C)CCN(CCC(=O)OCCOC(=O)C(C)CSC/C=C(\C)CC/C=C(\C)CCC=C(C)C)CCC(=O)OCCOC(=O)C(C)CSC/C=C(\C)CC/C=C(\C)CCC=C(C)C,SL_2020,SL_2020,1
-3.5667193,-0.525685949,CCCCCCSCC(C)C(=O)OCCOC(=O)CCN(CCCN1CCN(C)CC1)CCC(=O)OCCOC(=O)C(C)CSCCCCCC,SL_2020,SL_2020,1
-3.0962107,-0.525685949,CCCCCCSCC(C)C(=O)OCCOC(=O)CCN(CCC(=O)OCCOC(=O)C(C)CSCCCCCC)CCN(C)C,SL_2020,SL_2020,1
-3.3154845,-1.411564121,CCCCCCSCC(C)C(=O)OCCOC(=O)CCN(CCCN(C)C)CCC(=O)OCCOC(=O)C(C)CSCCCCCC,SL_2020,SL_2020,0
-2.4703565,0.360192224,CCCCCCSCC(C)C(=O)OCCOC(=O)CCN(CCO)CCCN(CCC(=O)OCCOC(=O)C(C)CSCCCCCC)CCC(=O)OCCOC(=O)C(C)CSCCCCCC,SL_2020,SL_2020,1
2.1288152,1.246070396,CCCCCCSCC(C)C(=O)OCCOC(=O)CCN(CCCN1CCN(CCCN(CCC(=O)OCCOC(=O)C(C)CSCCCCCC)CCC(=O)OCCOC(=O)C(C)CSCCCCCC)CC1)CCC(=O)OCCOC(=O)C(C)CSCCCCCC,SL_2020,SL_2020,2
2.257027,1.246070396,CCCCCCCCSCC(C)C(=O)OCCOC(=O)CCN(CCCN(C)CCCN(CCC(=O)OCCOC(=O)C(C)CSCCCCCCCC)CCC(=O)OCCOC(=O)C(C)CSCCCCCCCC)CCC(=O)OCCOC(=O)C(C)CSCCCCCCCC,SL_2020,SL_2020,2
-0.4824327,0.360192224,CCCCCCSCC(C)C(=O)OCCOC(=O)CCN(CCC(=O)OCCOC(=O)C(C)CSCCCCCC)CCN(CCN(CCC(=O)OCCOC(=O)C(C)CSCCCCCC)CCC(=O)OCCOC(=O)C(C)CSCCCCCC)CCN(CCC(=O)OCCOC(=O)C(C)CSCCCCCC)CCC(=O)OCCOC(=O)C(C)CSCCCCCC,SL_2020,SL_2020,1
-2.3323197,-1.411564121,CCC/C=C/CSCC(C)C(=O)OCCOC(=O)CCN(CCCN1CCN(C)CC1)CCC(=O)OCCOC(=O)C(C)CSC/C=C/CCC,SL_2020,SL_2020,0
-3.613061,-0.525685949,CCC/C=C/CSCC(C)C(=O)OCCOC(=O)CCN(CCC(=O)OCCOC(=O)C(C)CSC/C=C/CCC)CCN(C)C,SL_2020,SL_2020,1
-3.7388875,-0.525685949,CCC/C=C/CSCC(C)C(=O)OCCOC(=O)CCN(CCCN(C)C)CCC(=O)OCCOC(=O)C(C)CSC/C=C/CCC,SL_2020,SL_2020,1
-2.6317332,-0.525685949,CCC/C=C/CSCC(C)C(=O)OCCOC(=O)CCN(CCO)CCCN(CCC(=O)OCCOC(=O)C(C)CSC/C=C/CCC)CCC(=O)OCCOC(=O)C(C)CSC/C=C/CCC,SL_2020,SL_2020,1
-0.61861336,0.360192224,CCC/C=C/CSCC(C)C(=O)OCCOC(=O)CCN(CCCN1CCN(CCCN(CCC(=O)OCCOC(=O)C(C)CSC/C=C/CCC)CCC(=O)OCCOC(=O)C(C)CSC/C=C/CCC)CC1)CCC(=O)OCCOC(=O)C(C)CSC/C=C/CCC,SL_2020,SL_2020,1
-1.349494,2.131948569,CCC/C=C/CSCC(C)C(=O)OCCOC(=O)CCN(CCCN(C)CCCN(CCC(=O)OCCOC(=O)C(C)CSC/C=C/CCC)CCC(=O)OCCOC(=O)C(C)CSC/C=C/CCC)CCC(=O)OCCOC(=O)C(C)CSC/C=C/CCC,SL_2020,SL_2020,3
-2.0609112,0.360192224,CCC/C=C/CSCC(C)C(=O)OCCOC(=O)CCN(CCC(=O)OCCOC(=O)C(C)CSC/C=C/CCC)CCN(CCN(CCC(=O)OCCOC(=O)C(C)CSC/C=C/CCC)CCC(=O)OCCOC(=O)C(C)CSC/C=C/CCC)CCN(CCC(=O)OCCOC(=O)C(C)CSC/C=C/CCC)CCC(=O)OCCOC(=O)C(C)CSC/C=C/CCC,SL_2020,SL_2020,1
-2.3599162,-0.525685949,CCC/C=C\CSCC(C)C(=O)OCCOC(=O)CCN(CCCN1CCN(C)CC1)CCC(=O)OCCOC(=O)C(C)CSC/C=C\CCC,SL_2020,SL_2020,1
-3.6689086,-1.411564121,CCC/C=C\CSCC(C)C(=O)OCCOC(=O)CCN(CCC(=O)OCCOC(=O)C(C)CSC/C=C\CCC)CCN(C)C,SL_2020,SL_2020,0
-3.7429206,-1.411564121,CCC/C=C\CSCC(C)C(=O)OCCOC(=O)CCN(CCCN(C)C)CCC(=O)OCCOC(=O)C(C)CSC/C=C\CCC,SL_2020,SL_2020,0
-2.5578678,-0.525685949,CCC/C=C\CSCC(C)C(=O)OCCOC(=O)CCN(CCO)CCCN(CCC(=O)OCCOC(=O)C(C)CSC/C=C\CCC)CCC(=O)OCCOC(=O)C(C)CSC/C=C\CCC,SL_2020,SL_2020,1
-0.35330752,-0.525685949,CCC/C=C\CSCC(C)C(=O)OCCOC(=O)CCN(CCCN1CCN(CCCN(CCC(=O)OCCOC(=O)C(C)CSC/C=C\CCC)CCC(=O)OCCOC(=O)C(C)CSC/C=C\CCC)CC1)CCC(=O)OCCOC(=O)C(C)CSC/C=C\CCC,SL_2020,SL_2020,1
-1.3066053,2.131948569,CCC/C=C\CSCC(C)C(=O)OCCOC(=O)CCN(CCCN(C)CCCN(CCC(=O)OCCOC(=O)C(C)CSC/C=C\CCC)CCC(=O)OCCOC(=O)C(C)CSC/C=C\CCC)CCC(=O)OCCOC(=O)C(C)CSC/C=C\CCC,SL_2020,SL_2020,3
-2.081757,0.360192224,CCC/C=C\CSCC(C)C(=O)OCCOC(=O)CCN(CCC(=O)OCCOC(=O)C(C)CSC/C=C\CCC)CCN(CCN(CCC(=O)OCCOC(=O)C(C)CSC/C=C\CCC)CCC(=O)OCCOC(=O)C(C)CSC/C=C\CCC)CCN(CCC(=O)OCCOC(=O)C(C)CSC/C=C\CCC)CCC(=O)OCCOC(=O)C(C)CSC/C=C\CCC,SL_2020,SL_2020,1
-2.5389984,0.360192224,C=CCCCCSCC(C)C(=O)OCCOC(=O)CCN(CCCN1CCN(C)CC1)CCC(=O)OCCOC(=O)C(C)CSCCCCC=C,SL_2020,SL_2020,1
-3.576218,-0.525685949,C=CCCCCSCC(C)C(=O)OCCOC(=O)CCN(CCC(=O)OCCOC(=O)C(C)CSCCCCC=C)CCN(C)C,SL_2020,SL_2020,1
-3.3959086,0.360192224,C=CCCCCSCC(C)C(=O)OCCOC(=O)CCN(CCCN(C)C)CCC(=O)OCCOC(=O)C(C)CSCCCCC=C,SL_2020,SL_2020,1
-3.318413,0.360192224,C=CCCCCSCC(C)C(=O)OCCOC(=O)CCN(CCO)CCCN(CCC(=O)OCCOC(=O)C(C)CSCCCCC=C)CCC(=O)OCCOC(=O)C(C)CSCCCCC=C,SL_2020,SL_2020,1
-0.9181816,0.360192224,C=CCCCCSCC(C)C(=O)OCCOC(=O)CCN(CCCN1CCN(CCCN(CCC(=O)OCCOC(=O)C(C)CSCCCCC=C)CCC(=O)OCCOC(=O)C(C)CSCCCCC=C)CC1)CCC(=O)OCCOC(=O)C(C)CSCCCCC=C,SL_2020,SL_2020,1
-1.5741166,2.131948569,C=CCCCCSCC(C)C(=O)OCCOC(=O)CCN(CCCN(C)CCCN(CCC(=O)OCCOC(=O)C(C)CSCCCCC=C)CCC(=O)OCCOC(=O)C(C)CSCCCCC=C)CCC(=O)OCCOC(=O)C(C)CSCCCCC=C,SL_2020,SL_2020,3
-2.9322321,0.360192224,C=CCCCCSCC(C)C(=O)OCCOC(=O)CCN(CCC(=O)OCCOC(=O)C(C)CSCCCCC=C)CCN(CCN(CCC(=O)OCCOC(=O)C(C)CSCCCCC=C)CCC(=O)OCCOC(=O)C(C)CSCCCCC=C)CCN(CCC(=O)OCCOC(=O)C(C)CSCCCCC=C)CCC(=O)OCCOC(=O)C(C)CSCCCCC=C,SL_2020,SL_2020,1
-0.955402,0.360192224,CC(C)=CCCC(C)CCSCC(C)C(=O)OCCOC(=O)CCN(CCCN1CCN(C)CC1)CCC(=O)OCCOC(=O)C(C)CSCCC(C)CCC=C(C)C,SL_2020,SL_2020,1
-1.125578,-0.525685949,CC(C)=CCCC(C)CCSCC(C)C(=O)OCCOC(=O)CCN(CCC(=O)OCCOC(=O)C(C)CSCCC(C)CCC=C(C)C)CCN(C)C,SL_2020,SL_2020,1
-0.6935813,-0.525685949,CC(C)=CCCC(C)CCSCC(C)C(=O)OCCOC(=O)CCN(CCCN(C)C)CCC(=O)OCCOC(=O)C(C)CSCCC(C)CCC=C(C)C,SL_2020,SL_2020,1
-0.7109158,0.360192224,CC(C)=CCCC(C)CCSCC(C)C(=O)OCCOC(=O)CCN(CCO)CCCN(CCC(=O)OCCOC(=O)C(C)CSCCC(C)CCC=C(C)C)CCC(=O)OCCOC(=O)C(C)CSCCC(C)CCC=C(C)C,SL_2020,SL_2020,1
0.7920308,1.246070396,CC(C)=CCCC(C)CCSCC(C)C(=O)OCCOC(=O)CCN(CCCN1CCN(CCCN(CCC(=O)OCCOC(=O)C(C)CSCCC(C)CCC=C(C)C)CCC(=O)OCCOC(=O)C(C)CSCCC(C)CCC=C(C)C)CC1)CCC(=O)OCCOC(=O)C(C)CSCCC(C)CCC=C(C)C,SL_2020,SL_2020,2
-0.9078676,1.246070396,CC(C)=CCCC(C)CCSCC(C)C(=O)OCCOC(=O)CCN(CCCN(C)CCCN(CCC(=O)OCCOC(=O)C(C)CSCCC(C)CCC=C(C)C)CCC(=O)OCCOC(=O)C(C)CSCCC(C)CCC=C(C)C)CCC(=O)OCCOC(=O)C(C)CSCCC(C)CCC=C(C)C,SL_2020,SL_2020,2
-1.4377513,0.360192224,CC(C)=CCCC(C)CCSCC(C)C(=O)OCCOC(=O)CCN(CCC(=O)OCCOC(=O)C(C)CSCCC(C)CCC=C(C)C)CCN(CCN(CCC(=O)OCCOC(=O)C(C)CSCCC(C)CCC=C(C)C)CCC(=O)OCCOC(=O)C(C)CSCCC(C)CCC=C(C)C)CCN(CCC(=O)OCCOC(=O)C(C)CSCCC(C)CCC=C(C)C)CCC(=O)OCCOC(=O)C(C)CSCCC(C)CCC=C(C)C,SL_2020,SL_2020,1
