smiles,quantified_delivery,quantified_toxicity
C(C(=O)O)N,0.18390898170822306,0.1360655633476658
C=CC(=O)O,0.21085367785629378,0.14487965642616682
C1=CN=CN1,0.2185907952717146,0.12064072620464183
CCC(C)C,0.17956139422633347,0.10578175018243485
CC(=O)OC(C)=O,0.3292329335062806,0.2533153545030999
