smiles,quantified_delivery,quantified_toxicity
C(C(=O)O)N,0.06473970753040342,0.014717491815808517
C=CC(=O)O,0.04651024305838965,0.04036111168839439
C1=CN=CN1,0.16906568603583355,0.30916733743384367
CCC(C)C,-0.0070212888116445715,-0.14457136708864193
CC(=O)OC(C)=O,0.1783120826121658,0.10885139304512034
