smiles,quantified_delivery,quantified_toxicity
C(C(=O)O)N,0.12132430623726742,0.22662018645680515
C=CC(=O)O,0.15799296592871895,0.22991776964837596
C1=CN=CN1,0.06863575316961747,0.2094703789527157
CCC(C)C,0.11691117996624623,0.2024491858716771
CC(=O)OC(C)=O,0.3133045462945189,0.33170505035053205
