smiles,quantified_delivery,quantified_toxicity
C(C(=O)O)N,-0.04916526106644238,0.052788193466789465
C=CC(=O)O,0.0467624115976089,0.12349761280927503
C1=CN=CN1,0.4006038802334233,0.460035901428007
CCC(C)C,-0.18667537324919414,-0.028076725589945263
CC(=O)OC(C)=O,-0.11891717795150261,0.058524581777727444
