smiles,quantified_delivery,quantified_toxicity
C(C(=O)O)N,0.15741314241790588,-0.015169807387318102
C=CC(=O)O,0.16292068211749172,0.0076485154423293344
C1=CN=CN1,0.158087998721899,0.2817939490946208
CCC(C)C,0.2213409359641521,-0.06864208318753842
CC(=O)OC(C)=O,0.1338359133852098,-0.0388889497793056
