Command line
python lion.py train
Args
{'activation': 'ReLU',
 'adding_bond_types': True,
 'adding_h': False,
 'aggregation': 'mean',
 'aggregation_norm': 100,
 'atom_constraints': [],
 'atom_descriptor_scaling': True,
 'atom_descriptors': None,
 'atom_descriptors_path': None,
 'atom_descriptors_size': 0,
 'atom_features_size': 0,
 'atom_messages': False,
 'atom_targets': [],
 'batch_size': 50,
 'bias': False,
 'bias_solvent': False,
 'bond_constraints': [],
 'bond_descriptor_scaling': True,
 'bond_descriptors': None,
 'bond_descriptors_path': None,
 'bond_descriptors_size': 0,
 'bond_features_size': 0,
 'bond_targets': [],
 'cache_cutoff': 10000,
 'checkpoint_dir': None,
 'checkpoint_frzn': None,
 'checkpoint_path': None,
 'checkpoint_paths': None,
 'class_balance': False,
 'config_path': None,
 'constraints_path': None,
 'crossval_index_dir': None,
 'crossval_index_file': None,
 'crossval_index_sets': None,
 'cuda': False,
 'data_path': '/Users/nathanliu/Downloads/LNP_ML/z_other_models/lion/0701_lion_lnpdb/fold_0/train.csv',
 'data_weights_path': '/Users/nathanliu/Downloads/LNP_ML/z_other_models/lion/0701_lion_lnpdb/fold_0/train_weights.csv',
 'dataset_type': 'regression',
 'depth': 3,
 'depth_solvent': 3,
 'device': device(type='cpu'),
 'dropout': 0.0,
 'empty_cache': False,
 'ensemble_size': 1,
 'epochs': 50,
 'evidential_regularization': 0,
 'explicit_h': False,
 'extra_metrics': [],
 'features_generator': None,
 'features_only': False,
 'features_path': ['/Users/nathanliu/Downloads/LNP_ML/z_other_models/lion/0701_lion_lnpdb/fold_0/train_extra_x.csv'],
 'features_scaling': True,
 'features_size': None,
 'ffn_hidden_size': 300,
 'ffn_num_layers': 2,
 'final_lr': 0.0001,
 'folds_file': None,
 'freeze_first_only': False,
 'frzn_ffn_layers': 0,
 'gpu': None,
 'grad_clip': None,
 'hidden_size': 300,
 'hidden_size_solvent': 300,
 'ignore_columns': None,
 'init_lr': 0.0001,
 'is_atom_bond_targets': False,
 'keeping_atom_map': False,
 'log_frequency': 10,
 'loss_function': 'mse',
 'max_data_size': None,
 'max_lr': 0.001,
 'metric': 'rmse',
 'metrics': ['rmse'],
 'minimize_score': True,
 'mpn_shared': False,
 'multiclass_num_classes': 3,
 'no_adding_bond_types': False,
 'no_atom_descriptor_scaling': False,
 'no_bond_descriptor_scaling': False,
 'no_cache_mol': False,
 'no_cuda': False,
 'no_features_scaling': False,
 'no_shared_atom_bond_ffn': False,
 'num_folds': 1,
 'num_lrs': 1,
 'num_tasks': 1,
 'num_workers': 8,
 'number_of_molecules': 1,
 'overwrite_default_atom_features': False,
 'overwrite_default_bond_features': False,
 'phase_features_path': None,
 'pytorch_seed': 0,
 'quiet': False,
 'reaction': False,
 'reaction_mode': 'reac_diff',
 'reaction_solvent': False,
 'resume_experiment': False,
 'save_dir': '/Users/nathanliu/Downloads/LNP_ML/z_other_models/lion/0701_lion_lnpdb/fold_0',
 'save_preds': False,
 'save_smiles_splits': False,
 'seed': 42,
 'separate_test_atom_descriptors_path': None,
 'separate_test_bond_descriptors_path': None,
 'separate_test_constraints_path': None,
 'separate_test_features_path': ['/Users/nathanliu/Downloads/LNP_ML/z_other_models/lion/0701_lion_lnpdb/fold_0/test_extra_x.csv'],
 'separate_test_path': '/Users/nathanliu/Downloads/LNP_ML/z_other_models/lion/0701_lion_lnpdb/fold_0/test.csv',
 'separate_test_phase_features_path': None,
 'separate_val_atom_descriptors_path': None,
 'separate_val_bond_descriptors_path': None,
 'separate_val_constraints_path': None,
 'separate_val_features_path': ['/Users/nathanliu/Downloads/LNP_ML/z_other_models/lion/0701_lion_lnpdb/fold_0/valid_extra_x.csv'],
 'separate_val_path': '/Users/nathanliu/Downloads/LNP_ML/z_other_models/lion/0701_lion_lnpdb/fold_0/valid.csv',
 'separate_val_phase_features_path': None,
 'shared_atom_bond_ffn': True,
 'show_individual_scores': False,
 'smiles_columns': ['IL_SMILES'],
 'spectra_activation': 'exp',
 'spectra_phase_mask_path': None,
 'spectra_target_floor': 1e-08,
 'split_key_molecule': 0,
 'split_sizes': [1.0, 0.0, 0.0],
 'split_type': 'random',
 'target_columns': ['Experiment_value'],
 'target_weights': None,
 'task_names': ['Experiment_value'],
 'test': False,
 'test_fold_index': None,
 'train_data_size': None,
 'undirected': False,
 'use_input_features': True,
 'val_fold_index': None,
 'warmup_epochs': 2.0,
 'weights_ffn_num_layers': 2}
Setting molecule featurization parameters to default.
Loading data
Command line
python lion.py train
Args
{'activation': 'ReLU',
 'adding_bond_types': True,
 'adding_h': False,
 'aggregation': 'mean',
 'aggregation_norm': 100,
 'atom_constraints': [],
 'atom_descriptor_scaling': True,
 'atom_descriptors': None,
 'atom_descriptors_path': None,
 'atom_descriptors_size': 0,
 'atom_features_size': 0,
 'atom_messages': False,
 'atom_targets': [],
 'batch_size': 50,
 'bias': False,
 'bias_solvent': False,
 'bond_constraints': [],
 'bond_descriptor_scaling': True,
 'bond_descriptors': None,
 'bond_descriptors_path': None,
 'bond_descriptors_size': 0,
 'bond_features_size': 0,
 'bond_targets': [],
 'cache_cutoff': 10000,
 'checkpoint_dir': None,
 'checkpoint_frzn': None,
 'checkpoint_path': None,
 'checkpoint_paths': None,
 'class_balance': False,
 'config_path': None,
 'constraints_path': None,
 'crossval_index_dir': None,
 'crossval_index_file': None,
 'crossval_index_sets': None,
 'cuda': False,
 'data_path': '/Users/nathanliu/Downloads/LNP_ML/z_other_models/lion/0701_lion_lnpdb/fold_0/train.csv',
 'data_weights_path': '/Users/nathanliu/Downloads/LNP_ML/z_other_models/lion/0701_lion_lnpdb/fold_0/train_weights.csv',
 'dataset_type': 'regression',
 'depth': 3,
 'depth_solvent': 3,
 'device': device(type='cpu'),
 'dropout': 0.0,
 'empty_cache': False,
 'ensemble_size': 1,
 'epochs': 50,
 'evidential_regularization': 0,
 'explicit_h': False,
 'extra_metrics': [],
 'features_generator': None,
 'features_only': False,
 'features_path': ['/Users/nathanliu/Downloads/LNP_ML/z_other_models/lion/0701_lion_lnpdb/fold_0/train_extra_x.csv'],
 'features_scaling': True,
 'features_size': None,
 'ffn_hidden_size': 300,
 'ffn_num_layers': 2,
 'final_lr': 0.0001,
 'folds_file': None,
 'freeze_first_only': False,
 'frzn_ffn_layers': 0,
 'gpu': None,
 'grad_clip': None,
 'hidden_size': 300,
 'hidden_size_solvent': 300,
 'ignore_columns': None,
 'init_lr': 0.0001,
 'is_atom_bond_targets': False,
 'keeping_atom_map': False,
 'log_frequency': 10,
 'loss_function': 'mse',
 'max_data_size': None,
 'max_lr': 0.001,
 'metric': 'rmse',
 'metrics': ['rmse'],
 'minimize_score': True,
 'mpn_shared': False,
 'multiclass_num_classes': 3,
 'no_adding_bond_types': False,
 'no_atom_descriptor_scaling': False,
 'no_bond_descriptor_scaling': False,
 'no_cache_mol': False,
 'no_cuda': False,
 'no_features_scaling': False,
 'no_shared_atom_bond_ffn': False,
 'num_folds': 1,
 'num_lrs': 1,
 'num_tasks': 1,
 'num_workers': 8,
 'number_of_molecules': 1,
 'overwrite_default_atom_features': False,
 'overwrite_default_bond_features': False,
 'phase_features_path': None,
 'pytorch_seed': 0,
 'quiet': False,
 'reaction': False,
 'reaction_mode': 'reac_diff',
 'reaction_solvent': False,
 'resume_experiment': False,
 'save_dir': '/Users/nathanliu/Downloads/LNP_ML/z_other_models/lion/0701_lion_lnpdb/fold_0',
 'save_preds': False,
 'save_smiles_splits': False,
 'seed': 42,
 'separate_test_atom_descriptors_path': None,
 'separate_test_bond_descriptors_path': None,
 'separate_test_constraints_path': None,
 'separate_test_features_path': ['/Users/nathanliu/Downloads/LNP_ML/z_other_models/lion/0701_lion_lnpdb/fold_0/test_extra_x.csv'],
 'separate_test_path': '/Users/nathanliu/Downloads/LNP_ML/z_other_models/lion/0701_lion_lnpdb/fold_0/test.csv',
 'separate_test_phase_features_path': None,
 'separate_val_atom_descriptors_path': None,
 'separate_val_bond_descriptors_path': None,
 'separate_val_constraints_path': None,
 'separate_val_features_path': ['/Users/nathanliu/Downloads/LNP_ML/z_other_models/lion/0701_lion_lnpdb/fold_0/valid_extra_x.csv'],
 'separate_val_path': '/Users/nathanliu/Downloads/LNP_ML/z_other_models/lion/0701_lion_lnpdb/fold_0/valid.csv',
 'separate_val_phase_features_path': None,
 'shared_atom_bond_ffn': True,
 'show_individual_scores': False,
 'smiles_columns': ['IL_SMILES'],
 'spectra_activation': 'exp',
 'spectra_phase_mask_path': None,
 'spectra_target_floor': 1e-08,
 'split_key_molecule': 0,
 'split_sizes': [1.0, 0.0, 0.0],
 'split_type': 'random',
 'target_columns': ['Experiment_value'],
 'target_weights': None,
 'task_names': ['Experiment_value'],
 'test': False,
 'test_fold_index': None,
 'train_data_size': None,
 'undirected': False,
 'use_input_features': True,
 'val_fold_index': None,
 'warmup_epochs': 2.0,
 'weights_ffn_num_layers': 2}
Setting molecule featurization parameters to default.
Loading data
Command line
python lion.py train
Args
{'activation': 'ReLU',
 'adding_bond_types': True,
 'adding_h': False,
 'aggregation': 'mean',
 'aggregation_norm': 100,
 'atom_constraints': [],
 'atom_descriptor_scaling': True,
 'atom_descriptors': None,
 'atom_descriptors_path': None,
 'atom_descriptors_size': 0,
 'atom_features_size': 0,
 'atom_messages': False,
 'atom_targets': [],
 'batch_size': 50,
 'bias': False,
 'bias_solvent': False,
 'bond_constraints': [],
 'bond_descriptor_scaling': True,
 'bond_descriptors': None,
 'bond_descriptors_path': None,
 'bond_descriptors_size': 0,
 'bond_features_size': 0,
 'bond_targets': [],
 'cache_cutoff': 10000,
 'checkpoint_dir': None,
 'checkpoint_frzn': None,
 'checkpoint_path': None,
 'checkpoint_paths': None,
 'class_balance': False,
 'config_path': None,
 'constraints_path': None,
 'crossval_index_dir': None,
 'crossval_index_file': None,
 'crossval_index_sets': None,
 'cuda': False,
 'data_path': '/Users/nathanliu/Downloads/LNP_ML/z_other_models/lion/0701_lion_lnpdb/fold_0/train.csv',
 'data_weights_path': '/Users/nathanliu/Downloads/LNP_ML/z_other_models/lion/0701_lion_lnpdb/fold_0/train_weights.csv',
 'dataset_type': 'regression',
 'depth': 3,
 'depth_solvent': 3,
 'device': device(type='cpu'),
 'dropout': 0.0,
 'empty_cache': False,
 'ensemble_size': 1,
 'epochs': 50,
 'evidential_regularization': 0,
 'explicit_h': False,
 'extra_metrics': [],
 'features_generator': None,
 'features_only': False,
 'features_path': ['/Users/nathanliu/Downloads/LNP_ML/z_other_models/lion/0701_lion_lnpdb/fold_0/train_extra_x.csv'],
 'features_scaling': True,
 'features_size': None,
 'ffn_hidden_size': 300,
 'ffn_num_layers': 2,
 'final_lr': 0.0001,
 'folds_file': None,
 'freeze_first_only': False,
 'frzn_ffn_layers': 0,
 'gpu': None,
 'grad_clip': None,
 'hidden_size': 300,
 'hidden_size_solvent': 300,
 'ignore_columns': None,
 'init_lr': 0.0001,
 'is_atom_bond_targets': False,
 'keeping_atom_map': False,
 'log_frequency': 10,
 'loss_function': 'mse',
 'max_data_size': None,
 'max_lr': 0.001,
 'metric': 'rmse',
 'metrics': ['rmse'],
 'minimize_score': True,
 'mpn_shared': False,
 'multiclass_num_classes': 3,
 'no_adding_bond_types': False,
 'no_atom_descriptor_scaling': False,
 'no_bond_descriptor_scaling': False,
 'no_cache_mol': False,
 'no_cuda': False,
 'no_features_scaling': False,
 'no_shared_atom_bond_ffn': False,
 'num_folds': 1,
 'num_lrs': 1,
 'num_tasks': 1,
 'num_workers': 8,
 'number_of_molecules': 1,
 'overwrite_default_atom_features': False,
 'overwrite_default_bond_features': False,
 'phase_features_path': None,
 'pytorch_seed': 0,
 'quiet': False,
 'reaction': False,
 'reaction_mode': 'reac_diff',
 'reaction_solvent': False,
 'resume_experiment': False,
 'save_dir': '/Users/nathanliu/Downloads/LNP_ML/z_other_models/lion/0701_lion_lnpdb/fold_0',
 'save_preds': False,
 'save_smiles_splits': False,
 'seed': 42,
 'separate_test_atom_descriptors_path': None,
 'separate_test_bond_descriptors_path': None,
 'separate_test_constraints_path': None,
 'separate_test_features_path': ['/Users/nathanliu/Downloads/LNP_ML/z_other_models/lion/0701_lion_lnpdb/fold_0/test_extra_x.csv'],
 'separate_test_path': '/Users/nathanliu/Downloads/LNP_ML/z_other_models/lion/0701_lion_lnpdb/fold_0/test.csv',
 'separate_test_phase_features_path': None,
 'separate_val_atom_descriptors_path': None,
 'separate_val_bond_descriptors_path': None,
 'separate_val_constraints_path': None,
 'separate_val_features_path': ['/Users/nathanliu/Downloads/LNP_ML/z_other_models/lion/0701_lion_lnpdb/fold_0/valid_extra_x.csv'],
 'separate_val_path': '/Users/nathanliu/Downloads/LNP_ML/z_other_models/lion/0701_lion_lnpdb/fold_0/valid.csv',
 'separate_val_phase_features_path': None,
 'shared_atom_bond_ffn': True,
 'show_individual_scores': False,
 'smiles_columns': ['IL_SMILES'],
 'spectra_activation': 'exp',
 'spectra_phase_mask_path': None,
 'spectra_target_floor': 1e-08,
 'split_key_molecule': 0,
 'split_sizes': [1.0, 0.0, 0.0],
 'split_type': 'random',
 'target_columns': ['Experiment_value'],
 'target_weights': None,
 'task_names': ['Experiment_value'],
 'test': False,
 'test_fold_index': None,
 'train_data_size': None,
 'undirected': False,
 'use_input_features': True,
 'val_fold_index': None,
 'warmup_epochs': 2.0,
 'weights_ffn_num_layers': 2}
Setting molecule featurization parameters to default.
Loading data
Number of tasks = 1
Fold 0
Splitting data with seed 42
Command line
python lion.py train
Args
{'activation': 'ReLU',
 'adding_bond_types': True,
 'adding_h': False,
 'aggregation': 'mean',
 'aggregation_norm': 100,
 'atom_constraints': [],
 'atom_descriptor_scaling': True,
 'atom_descriptors': None,
 'atom_descriptors_path': None,
 'atom_descriptors_size': 0,
 'atom_features_size': 0,
 'atom_messages': False,
 'atom_targets': [],
 'batch_size': 50,
 'bias': False,
 'bias_solvent': False,
 'bond_constraints': [],
 'bond_descriptor_scaling': True,
 'bond_descriptors': None,
 'bond_descriptors_path': None,
 'bond_descriptors_size': 0,
 'bond_features_size': 0,
 'bond_targets': [],
 'cache_cutoff': 10000,
 'checkpoint_dir': None,
 'checkpoint_frzn': None,
 'checkpoint_path': None,
 'checkpoint_paths': None,
 'class_balance': False,
 'config_path': None,
 'constraints_path': None,
 'crossval_index_dir': None,
 'crossval_index_file': None,
 'crossval_index_sets': None,
 'cuda': False,
 'data_path': '/Users/nathanliu/Downloads/LNP_ML/z_other_models/lion/0701_lion_lnpdb/fold_0/train.csv',
 'data_weights_path': '/Users/nathanliu/Downloads/LNP_ML/z_other_models/lion/0701_lion_lnpdb/fold_0/train_weights.csv',
 'dataset_type': 'regression',
 'depth': 3,
 'depth_solvent': 3,
 'device': device(type='cpu'),
 'dropout': 0.0,
 'empty_cache': False,
 'ensemble_size': 1,
 'epochs': 50,
 'evidential_regularization': 0,
 'explicit_h': False,
 'extra_metrics': [],
 'features_generator': None,
 'features_only': False,
 'features_path': ['/Users/nathanliu/Downloads/LNP_ML/z_other_models/lion/0701_lion_lnpdb/fold_0/train_extra_x.csv'],
 'features_scaling': True,
 'features_size': None,
 'ffn_hidden_size': 300,
 'ffn_num_layers': 2,
 'final_lr': 0.0001,
 'folds_file': None,
 'freeze_first_only': False,
 'frzn_ffn_layers': 0,
 'gpu': None,
 'grad_clip': None,
 'hidden_size': 300,
 'hidden_size_solvent': 300,
 'ignore_columns': None,
 'init_lr': 0.0001,
 'is_atom_bond_targets': False,
 'keeping_atom_map': False,
 'log_frequency': 10,
 'loss_function': 'mse',
 'max_data_size': None,
 'max_lr': 0.001,
 'metric': 'rmse',
 'metrics': ['rmse'],
 'minimize_score': True,
 'mpn_shared': False,
 'multiclass_num_classes': 3,
 'no_adding_bond_types': False,
 'no_atom_descriptor_scaling': False,
 'no_bond_descriptor_scaling': False,
 'no_cache_mol': False,
 'no_cuda': False,
 'no_features_scaling': False,
 'no_shared_atom_bond_ffn': False,
 'num_folds': 1,
 'num_lrs': 1,
 'num_tasks': 1,
 'num_workers': 8,
 'number_of_molecules': 1,
 'overwrite_default_atom_features': False,
 'overwrite_default_bond_features': False,
 'phase_features_path': None,
 'pytorch_seed': 0,
 'quiet': False,
 'reaction': False,
 'reaction_mode': 'reac_diff',
 'reaction_solvent': False,
 'resume_experiment': False,
 'save_dir': '/Users/nathanliu/Downloads/LNP_ML/z_other_models/lion/0701_lion_lnpdb/fold_0',
 'save_preds': False,
 'save_smiles_splits': False,
 'seed': 42,
 'separate_test_atom_descriptors_path': None,
 'separate_test_bond_descriptors_path': None,
 'separate_test_constraints_path': None,
 'separate_test_features_path': ['/Users/nathanliu/Downloads/LNP_ML/z_other_models/lion/0701_lion_lnpdb/fold_0/test_extra_x.csv'],
 'separate_test_path': '/Users/nathanliu/Downloads/LNP_ML/z_other_models/lion/0701_lion_lnpdb/fold_0/test.csv',
 'separate_test_phase_features_path': None,
 'separate_val_atom_descriptors_path': None,
 'separate_val_bond_descriptors_path': None,
 'separate_val_constraints_path': None,
 'separate_val_features_path': ['/Users/nathanliu/Downloads/LNP_ML/z_other_models/lion/0701_lion_lnpdb/fold_0/valid_extra_x.csv'],
 'separate_val_path': '/Users/nathanliu/Downloads/LNP_ML/z_other_models/lion/0701_lion_lnpdb/fold_0/valid.csv',
 'separate_val_phase_features_path': None,
 'shared_atom_bond_ffn': True,
 'show_individual_scores': False,
 'smiles_columns': ['IL_SMILES'],
 'spectra_activation': 'exp',
 'spectra_phase_mask_path': None,
 'spectra_target_floor': 1e-08,
 'split_key_molecule': 0,
 'split_sizes': [1.0, 0.0, 0.0],
 'split_type': 'random',
 'target_columns': ['Experiment_value'],
 'target_weights': None,
 'task_names': ['Experiment_value'],
 'test': False,
 'test_fold_index': None,
 'train_data_size': None,
 'undirected': False,
 'use_input_features': True,
 'val_fold_index': None,
 'warmup_epochs': 2.0,
 'weights_ffn_num_layers': 2}
Setting molecule featurization parameters to default.
Loading data
Number of tasks = 1
Fold 0
Splitting data with seed 42
Total size = 11,472 | train size = 11,472 | val size = 3,172 | test size = 2,850
Fitting scaler
Building model 0
MoleculeModel(
  (encoder): MPN(
    (encoder): ModuleList(
      (0): MPNEncoder(
        (dropout): Dropout(p=0.0, inplace=False)
        (act_func): ReLU()
        (W_i): Linear(in_features=147, out_features=300, bias=False)
        (W_h): Linear(in_features=300, out_features=300, bias=False)
        (W_o): Linear(in_features=433, out_features=300, bias=True)
      )
    )
  )
  (readout): Sequential(
    (0): Dropout(p=0.0, inplace=False)
    (1): Linear(in_features=340, out_features=300, bias=True)
    (2): ReLU()
    (3): Dropout(p=0.0, inplace=False)
    (4): Linear(in_features=300, out_features=1, bias=True)
  )
)
Number of parameters = 367,201
Epoch 0
Loss = 5.9286e+00, PNorm = 34.2904, GNorm = 87.8063, lr_0 = 1.2162e-04
Loss = 6.3789e+00, PNorm = 34.2912, GNorm = 38.2036, lr_0 = 1.4127e-04
Loss = 5.7918e+00, PNorm = 34.2933, GNorm = 3.9527, lr_0 = 1.6092e-04
Loss = 1.0571e+01, PNorm = 34.2946, GNorm = 102.7238, lr_0 = 1.8057e-04
Loss = 5.1324e+00, PNorm = 34.2966, GNorm = 7.0501, lr_0 = 2.0022e-04
Loss = 4.5962e+00, PNorm = 34.2985, GNorm = 3.1323, lr_0 = 2.1987e-04
Loss = 5.0686e+00, PNorm = 34.3010, GNorm = 4.0287, lr_0 = 2.3952e-04
Loss = 7.5031e+00, PNorm = 34.3036, GNorm = 10.3404, lr_0 = 2.5917e-04
Loss = 4.8183e+00, PNorm = 34.3074, GNorm = 27.0913, lr_0 = 2.7882e-04
Loss = 4.3505e+00, PNorm = 34.3123, GNorm = 6.9224, lr_0 = 2.9847e-04
Loss = 2.4702e+00, PNorm = 34.3177, GNorm = 31.0143, lr_0 = 3.1812e-04
Loss = 3.3101e+00, PNorm = 34.3221, GNorm = 42.9629, lr_0 = 3.3777e-04
Loss = 2.3270e+00, PNorm = 34.3272, GNorm = 17.6910, lr_0 = 3.5742e-04
Loss = 3.1457e+00, PNorm = 34.3362, GNorm = 3.4324, lr_0 = 3.7707e-04
Loss = 4.3027e+00, PNorm = 34.3380, GNorm = 3.3642, lr_0 = 3.9672e-04
Loss = 2.4768e+00, PNorm = 34.3394, GNorm = 28.8129, lr_0 = 4.1638e-04
Loss = 1.9814e+00, PNorm = 34.3446, GNorm = 25.1503, lr_0 = 4.3603e-04
Loss = 3.8091e+00, PNorm = 34.3543, GNorm = 38.6744, lr_0 = 4.5568e-04
Loss = 3.2355e+00, PNorm = 34.3630, GNorm = 3.3295, lr_0 = 4.7533e-04
Loss = 8.5401e+00, PNorm = 34.3674, GNorm = 3.4793, lr_0 = 4.9498e-04
Loss = 2.8794e+00, PNorm = 34.3754, GNorm = 3.3809, lr_0 = 5.1463e-04
Loss = 4.8028e+00, PNorm = 34.3841, GNorm = 2.6535, lr_0 = 5.3428e-04
Validation rmse = 1.432370
Epoch 1
Loss = 4.6476e+00, PNorm = 34.3969, GNorm = 22.9914, lr_0 = 5.5590e-04
Loss = 2.7872e+00, PNorm = 34.4180, GNorm = 16.4078, lr_0 = 5.7555e-04
Loss = 7.6615e+00, PNorm = 34.4305, GNorm = 74.9643, lr_0 = 5.9520e-04
Loss = 2.5726e+00, PNorm = 34.4442, GNorm = 6.4933, lr_0 = 6.1485e-04
Loss = 2.7985e+00, PNorm = 34.4547, GNorm = 4.0531, lr_0 = 6.3450e-04
Loss = 3.9353e+00, PNorm = 34.4673, GNorm = 8.7768, lr_0 = 6.5415e-04
Loss = 5.1536e+00, PNorm = 34.4932, GNorm = 15.9872, lr_0 = 6.7380e-04
Loss = 5.2124e+00, PNorm = 34.5073, GNorm = 13.5719, lr_0 = 6.9345e-04
Loss = 2.3345e+00, PNorm = 34.5221, GNorm = 4.3216, lr_0 = 7.1310e-04
Loss = 2.0460e+00, PNorm = 34.5322, GNorm = 2.6743, lr_0 = 7.3275e-04
Loss = 4.1193e+00, PNorm = 34.5458, GNorm = 9.1686, lr_0 = 7.5240e-04
Loss = 2.5973e+00, PNorm = 34.5649, GNorm = 9.6192, lr_0 = 7.7205e-04
Loss = 7.7810e+00, PNorm = 34.5825, GNorm = 7.2892, lr_0 = 7.9170e-04
Loss = 2.4730e+00, PNorm = 34.6096, GNorm = 3.7663, lr_0 = 8.1135e-04
Loss = 4.2425e+00, PNorm = 34.6304, GNorm = 5.0006, lr_0 = 8.3100e-04
Loss = 1.8833e+00, PNorm = 34.6431, GNorm = 2.3109, lr_0 = 8.5066e-04
Loss = 4.5820e+00, PNorm = 34.6651, GNorm = 19.3868, lr_0 = 8.7031e-04
Loss = 4.3460e+00, PNorm = 34.6889, GNorm = 15.0613, lr_0 = 8.8996e-04
Loss = 2.5295e+00, PNorm = 34.7139, GNorm = 8.4755, lr_0 = 9.0961e-04
Loss = 3.7931e+00, PNorm = 34.7345, GNorm = 5.7018, lr_0 = 9.2926e-04
Loss = 5.1088e+00, PNorm = 34.7480, GNorm = 2.6627, lr_0 = 9.4891e-04
Loss = 2.5592e+00, PNorm = 34.7593, GNorm = 2.9932, lr_0 = 9.6856e-04
Loss = 2.9555e+00, PNorm = 34.7709, GNorm = 3.9128, lr_0 = 9.8821e-04
Validation rmse = 1.260128
Epoch 2
Loss = 1.1785e+00, PNorm = 34.7893, GNorm = 4.1640, lr_0 = 9.9895e-04
Loss = 4.4950e+00, PNorm = 34.8094, GNorm = 15.9908, lr_0 = 9.9686e-04
Loss = 1.9969e+00, PNorm = 34.8381, GNorm = 1.3257, lr_0 = 9.9478e-04
Loss = 3.4215e+00, PNorm = 34.8569, GNorm = 4.2064, lr_0 = 9.9270e-04
Loss = 2.2675e+00, PNorm = 34.8721, GNorm = 17.0817, lr_0 = 9.9062e-04
Loss = 1.3587e+00, PNorm = 34.8841, GNorm = 7.9351, lr_0 = 9.8854e-04
Loss = 1.7064e+00, PNorm = 34.8992, GNorm = 4.5718, lr_0 = 9.8648e-04
Loss = 4.3344e+00, PNorm = 34.9324, GNorm = 2.4728, lr_0 = 9.8441e-04
Loss = 3.0950e+00, PNorm = 34.9751, GNorm = 2.9923, lr_0 = 9.8235e-04
Loss = 2.9681e+00, PNorm = 35.0275, GNorm = 3.0304, lr_0 = 9.8030e-04
Loss = 2.7274e+00, PNorm = 35.0545, GNorm = 6.3754, lr_0 = 9.7824e-04
Loss = 3.6485e+00, PNorm = 35.0716, GNorm = 3.0732, lr_0 = 9.7620e-04
Loss = 1.7422e+00, PNorm = 35.0864, GNorm = 12.1498, lr_0 = 9.7416e-04
Loss = 3.3267e+00, PNorm = 35.1039, GNorm = 19.7486, lr_0 = 9.7212e-04
Loss = 4.4825e+00, PNorm = 35.1257, GNorm = 14.3883, lr_0 = 9.7008e-04
Loss = 4.5287e+00, PNorm = 35.1661, GNorm = 6.3422, lr_0 = 9.6805e-04
Loss = 2.1523e+00, PNorm = 35.1983, GNorm = 6.0227, lr_0 = 9.6603e-04
Loss = 3.3754e+00, PNorm = 35.2285, GNorm = 53.7646, lr_0 = 9.6401e-04
Loss = 5.6038e+00, PNorm = 35.2748, GNorm = 25.6338, lr_0 = 9.6199e-04
Loss = 5.1252e+00, PNorm = 35.3540, GNorm = 33.8474, lr_0 = 9.5997e-04
Loss = 5.1807e+00, PNorm = 35.4066, GNorm = 4.5733, lr_0 = 9.5797e-04
Loss = 1.5338e+00, PNorm = 35.4608, GNorm = 1.6509, lr_0 = 9.5596e-04
Loss = 4.6947e+00, PNorm = 35.5020, GNorm = 38.7934, lr_0 = 9.5396e-04
Validation rmse = 1.369293
Epoch 3
Loss = 5.8659e+00, PNorm = 35.5444, GNorm = 22.5436, lr_0 = 9.5196e-04
Loss = 4.6984e+00, PNorm = 35.5620, GNorm = 42.9364, lr_0 = 9.4997e-04
Loss = 1.6545e+00, PNorm = 35.5791, GNorm = 12.4913, lr_0 = 9.4798e-04
Loss = 1.9517e+00, PNorm = 35.5918, GNorm = 4.0351, lr_0 = 9.4600e-04
Loss = 1.2442e+00, PNorm = 35.6023, GNorm = 2.8033, lr_0 = 9.4402e-04
Loss = 1.1362e+00, PNorm = 35.6143, GNorm = 3.2122, lr_0 = 9.4205e-04
Loss = 2.6783e+00, PNorm = 35.6228, GNorm = 11.3780, lr_0 = 9.4007e-04
Loss = 3.2850e+00, PNorm = 35.6438, GNorm = 2.8557, lr_0 = 9.3811e-04
Loss = 2.2190e+00, PNorm = 35.6579, GNorm = 2.5434, lr_0 = 9.3614e-04
Loss = 3.3166e+00, PNorm = 35.6812, GNorm = 3.0283, lr_0 = 9.3419e-04
Loss = 2.1931e+00, PNorm = 35.7174, GNorm = 2.5453, lr_0 = 9.3223e-04
Loss = 6.2927e+00, PNorm = 35.7629, GNorm = 5.6434, lr_0 = 9.3028e-04
Loss = 7.2301e+00, PNorm = 35.8321, GNorm = 3.6090, lr_0 = 9.2833e-04
Loss = 4.8876e+00, PNorm = 35.8903, GNorm = 39.5032, lr_0 = 9.2639e-04
Loss = 2.1188e+00, PNorm = 35.9385, GNorm = 3.6933, lr_0 = 9.2445e-04
Loss = 3.7505e+00, PNorm = 35.9705, GNorm = 2.6927, lr_0 = 9.2252e-04
Loss = 2.0104e+00, PNorm = 35.9830, GNorm = 6.7415, lr_0 = 9.2059e-04
Loss = 1.3071e+00, PNorm = 35.9930, GNorm = 3.5001, lr_0 = 9.1866e-04
Loss = 2.9761e+00, PNorm = 36.0042, GNorm = 2.1008, lr_0 = 9.1674e-04
Loss = 2.2305e+00, PNorm = 36.0147, GNorm = 2.5236, lr_0 = 9.1482e-04
Loss = 4.7948e+00, PNorm = 36.0278, GNorm = 14.4182, lr_0 = 9.1291e-04
Loss = 2.4973e+00, PNorm = 36.0509, GNorm = 9.6239, lr_0 = 9.1100e-04
Loss = 2.9654e+00, PNorm = 36.0761, GNorm = 5.3485, lr_0 = 9.0909e-04
Validation rmse = 1.596389
Epoch 4
Loss = 1.2979e+00, PNorm = 36.0935, GNorm = 3.8394, lr_0 = 9.0700e-04
Loss = 2.8775e+00, PNorm = 36.1072, GNorm = 4.2217, lr_0 = 9.0510e-04
Loss = 3.4185e+00, PNorm = 36.1191, GNorm = 7.5474, lr_0 = 9.0320e-04
Loss = 2.1984e+00, PNorm = 36.1403, GNorm = 2.3151, lr_0 = 9.0131e-04
Loss = 1.0072e+00, PNorm = 36.1574, GNorm = 2.7924, lr_0 = 8.9943e-04
Loss = 4.7099e+00, PNorm = 36.1756, GNorm = 3.3227, lr_0 = 8.9755e-04
Loss = 2.1487e+00, PNorm = 36.1913, GNorm = 2.1376, lr_0 = 8.9567e-04
Loss = 2.6332e+00, PNorm = 36.2094, GNorm = 1.4540, lr_0 = 8.9379e-04
Loss = 1.8662e+00, PNorm = 36.2241, GNorm = 17.1376, lr_0 = 8.9192e-04
Loss = 1.9261e+00, PNorm = 36.2388, GNorm = 2.2164, lr_0 = 8.9006e-04
Loss = 5.8154e+00, PNorm = 36.2618, GNorm = 4.1514, lr_0 = 8.8819e-04
Loss = 2.1560e+00, PNorm = 36.2869, GNorm = 16.4072, lr_0 = 8.8634e-04
Loss = 2.6351e+00, PNorm = 36.3048, GNorm = 5.1512, lr_0 = 8.8448e-04
Loss = 2.3893e+00, PNorm = 36.3225, GNorm = 3.2792, lr_0 = 8.8263e-04
Loss = 3.4716e+00, PNorm = 36.3430, GNorm = 3.7185, lr_0 = 8.8078e-04
Loss = 2.3186e+00, PNorm = 36.3633, GNorm = 2.6442, lr_0 = 8.7894e-04
Loss = 3.5626e+00, PNorm = 36.3739, GNorm = 4.5951, lr_0 = 8.7710e-04
Loss = 1.8740e+00, PNorm = 36.3887, GNorm = 18.3948, lr_0 = 8.7527e-04
Loss = 3.6755e+00, PNorm = 36.4166, GNorm = 6.8104, lr_0 = 8.7343e-04
Loss = 1.9692e+00, PNorm = 36.4376, GNorm = 3.4764, lr_0 = 8.7161e-04
Loss = 3.8502e+00, PNorm = 36.4571, GNorm = 5.6110, lr_0 = 8.6978e-04
Loss = 2.6409e+00, PNorm = 36.4789, GNorm = 2.2587, lr_0 = 8.6796e-04
Loss = 1.7701e+00, PNorm = 36.4978, GNorm = 2.6289, lr_0 = 8.6615e-04
Validation rmse = 1.354916
Epoch 5
Loss = 2.7715e+00, PNorm = 36.5087, GNorm = 15.0578, lr_0 = 8.6433e-04
Loss = 2.5544e+00, PNorm = 36.5293, GNorm = 2.5725, lr_0 = 8.6252e-04
Loss = 2.2302e+00, PNorm = 36.5513, GNorm = 1.6080, lr_0 = 8.6072e-04
Loss = 1.9045e+00, PNorm = 36.5744, GNorm = 7.2005, lr_0 = 8.5892e-04
Loss = 1.4688e+00, PNorm = 36.5977, GNorm = 4.9892, lr_0 = 8.5712e-04
Loss = 1.6033e+00, PNorm = 36.6191, GNorm = 2.8346, lr_0 = 8.5533e-04
Loss = 4.6853e+00, PNorm = 36.6393, GNorm = 4.8995, lr_0 = 8.5354e-04
Loss = 1.4892e+00, PNorm = 36.6597, GNorm = 2.7280, lr_0 = 8.5175e-04
Loss = 3.4329e+00, PNorm = 36.6863, GNorm = 11.2307, lr_0 = 8.4997e-04
Loss = 3.7811e+00, PNorm = 36.7274, GNorm = 40.1359, lr_0 = 8.4819e-04
Loss = 4.0529e+00, PNorm = 36.7487, GNorm = 2.6718, lr_0 = 8.4642e-04
Loss = 4.6256e+00, PNorm = 36.7733, GNorm = 11.4496, lr_0 = 8.4464e-04
Loss = 1.4711e+00, PNorm = 36.8003, GNorm = 5.2481, lr_0 = 8.4288e-04
Loss = 2.0733e+00, PNorm = 36.8227, GNorm = 3.1554, lr_0 = 8.4111e-04
Loss = 1.5858e+00, PNorm = 36.8482, GNorm = 2.5759, lr_0 = 8.3935e-04
Loss = 1.5735e+00, PNorm = 36.8688, GNorm = 2.6394, lr_0 = 8.3760e-04
Loss = 2.4881e+00, PNorm = 36.8902, GNorm = 20.8654, lr_0 = 8.3584e-04
Loss = 2.7452e+00, PNorm = 36.9145, GNorm = 5.3483, lr_0 = 8.3409e-04
Loss = 2.0197e+00, PNorm = 36.9320, GNorm = 3.4052, lr_0 = 8.3235e-04
Loss = 1.8903e+00, PNorm = 36.9545, GNorm = 8.0803, lr_0 = 8.3061e-04
Loss = 2.9832e+00, PNorm = 36.9784, GNorm = 3.8447, lr_0 = 8.2887e-04
Loss = 4.2324e+00, PNorm = 36.9832, GNorm = 53.5101, lr_0 = 8.2714e-04
Loss = 2.9918e+00, PNorm = 37.0071, GNorm = 3.7162, lr_0 = 8.2540e-04
Validation rmse = 1.823790
Epoch 6
Loss = 1.5195e+00, PNorm = 37.0461, GNorm = 11.9372, lr_0 = 8.2350e-04
Loss = 1.6553e+00, PNorm = 37.0730, GNorm = 2.1808, lr_0 = 8.2178e-04
Loss = 4.1225e+00, PNorm = 37.1062, GNorm = 3.9567, lr_0 = 8.2006e-04
Loss = 3.9058e+00, PNorm = 37.1254, GNorm = 52.5249, lr_0 = 8.1835e-04
Loss = 1.8595e+00, PNorm = 37.1449, GNorm = 5.5243, lr_0 = 8.1663e-04
Loss = 3.0331e+00, PNorm = 37.1609, GNorm = 3.4896, lr_0 = 8.1492e-04
Loss = 3.6587e+00, PNorm = 37.1829, GNorm = 4.2690, lr_0 = 8.1322e-04
Loss = 1.8892e+00, PNorm = 37.2206, GNorm = 2.2724, lr_0 = 8.1152e-04
Loss = 2.1943e+00, PNorm = 37.2611, GNorm = 2.6405, lr_0 = 8.0982e-04
Loss = 2.2428e+00, PNorm = 37.2868, GNorm = 2.6674, lr_0 = 8.0812e-04
Loss = 1.2230e+00, PNorm = 37.3057, GNorm = 2.9776, lr_0 = 8.0643e-04
Loss = 1.4047e+00, PNorm = 37.3248, GNorm = 3.5151, lr_0 = 8.0475e-04
Loss = 3.3414e+00, PNorm = 37.3347, GNorm = 20.7166, lr_0 = 8.0306e-04
Loss = 1.9802e+00, PNorm = 37.3632, GNorm = 10.7686, lr_0 = 8.0138e-04
Loss = 1.5169e+00, PNorm = 37.3905, GNorm = 2.6106, lr_0 = 7.9970e-04
Loss = 1.7603e+00, PNorm = 37.4175, GNorm = 2.2751, lr_0 = 7.9803e-04
Loss = 3.7520e+00, PNorm = 37.4416, GNorm = 2.8854, lr_0 = 7.9636e-04
Loss = 1.9291e+00, PNorm = 37.4654, GNorm = 6.3017, lr_0 = 7.9469e-04
Loss = 2.4837e+00, PNorm = 37.5012, GNorm = 2.4930, lr_0 = 7.9303e-04
Loss = 1.8658e+00, PNorm = 37.5382, GNorm = 7.9901, lr_0 = 7.9137e-04
Loss = 1.3698e+00, PNorm = 37.5672, GNorm = 2.7723, lr_0 = 7.8972e-04
Loss = 2.4874e+00, PNorm = 37.6014, GNorm = 3.3838, lr_0 = 7.8806e-04
Loss = 2.9946e+00, PNorm = 37.6493, GNorm = 3.4440, lr_0 = 7.8641e-04
Validation rmse = 1.773817
Epoch 7
Loss = 4.7032e+00, PNorm = 37.6565, GNorm = 50.0447, lr_0 = 7.8477e-04
Loss = 1.9487e+00, PNorm = 37.6821, GNorm = 4.7497, lr_0 = 7.8313e-04
Loss = 1.3088e+00, PNorm = 37.7114, GNorm = 7.4227, lr_0 = 7.8149e-04
Loss = 2.0275e+00, PNorm = 37.7221, GNorm = 8.6446, lr_0 = 7.7985e-04
Loss = 3.7052e+00, PNorm = 37.7327, GNorm = 2.5098, lr_0 = 7.7822e-04
Loss = 4.5126e+00, PNorm = 37.7467, GNorm = 57.4016, lr_0 = 7.7659e-04
Loss = 1.1999e+00, PNorm = 37.7618, GNorm = 2.2558, lr_0 = 7.7497e-04
Loss = 2.3348e+00, PNorm = 37.7842, GNorm = 18.7365, lr_0 = 7.7335e-04
Loss = 1.1728e+00, PNorm = 37.8143, GNorm = 6.7294, lr_0 = 7.7173e-04
Loss = 3.1453e+00, PNorm = 37.8543, GNorm = 2.3633, lr_0 = 7.7011e-04
Loss = 2.7110e+00, PNorm = 37.8835, GNorm = 16.9198, lr_0 = 7.6850e-04
Loss = 3.3529e+00, PNorm = 37.9529, GNorm = 53.0592, lr_0 = 7.6689e-04
Loss = 1.5639e+00, PNorm = 37.9889, GNorm = 8.8308, lr_0 = 7.6529e-04
Loss = 1.7853e+00, PNorm = 38.0191, GNorm = 26.0314, lr_0 = 7.6369e-04
Loss = 2.1351e+00, PNorm = 38.0450, GNorm = 3.9518, lr_0 = 7.6209e-04
Loss = 1.3813e+00, PNorm = 38.0782, GNorm = 6.2388, lr_0 = 7.6049e-04
Loss = 2.6735e+00, PNorm = 38.1214, GNorm = 1.7975, lr_0 = 7.5890e-04
Loss = 2.9785e+00, PNorm = 38.1630, GNorm = 3.2640, lr_0 = 7.5731e-04
Loss = 1.5315e+00, PNorm = 38.1831, GNorm = 6.9119, lr_0 = 7.5573e-04
Loss = 1.5797e+00, PNorm = 38.1917, GNorm = 3.6373, lr_0 = 7.5415e-04
Loss = 1.1932e+00, PNorm = 38.2044, GNorm = 4.0536, lr_0 = 7.5257e-04
Loss = 1.3664e+00, PNorm = 38.2209, GNorm = 6.7546, lr_0 = 7.5099e-04
Loss = 1.6804e+00, PNorm = 38.2423, GNorm = 2.3968, lr_0 = 7.4942e-04
Validation rmse = 1.697883
Epoch 8
Loss = 1.6960e+00, PNorm = 38.2658, GNorm = 6.4450, lr_0 = 7.4770e-04
Loss = 1.6606e+00, PNorm = 38.2806, GNorm = 8.6122, lr_0 = 7.4613e-04
Loss = 1.5239e+00, PNorm = 38.2860, GNorm = 5.6922, lr_0 = 7.4457e-04
Loss = 2.7953e+00, PNorm = 38.3043, GNorm = 5.3501, lr_0 = 7.4301e-04
Loss = 2.1675e+00, PNorm = 38.3246, GNorm = 3.2057, lr_0 = 7.4146e-04
Loss = 1.4319e+00, PNorm = 38.3441, GNorm = 2.3609, lr_0 = 7.3991e-04
Loss = 2.2155e+00, PNorm = 38.3901, GNorm = 4.7714, lr_0 = 7.3836e-04
Loss = 1.4052e+00, PNorm = 38.4041, GNorm = 9.3790, lr_0 = 7.3681e-04
Loss = 3.4066e+00, PNorm = 38.4209, GNorm = 18.2437, lr_0 = 7.3527e-04
Loss = 3.3318e+00, PNorm = 38.4333, GNorm = 3.8867, lr_0 = 7.3373e-04
Loss = 2.6056e+00, PNorm = 38.4373, GNorm = 4.3577, lr_0 = 7.3220e-04
Loss = 1.7722e+00, PNorm = 38.4465, GNorm = 3.2336, lr_0 = 7.3067e-04
Loss = 1.6624e+00, PNorm = 38.4624, GNorm = 3.8381, lr_0 = 7.2914e-04
Loss = 1.6757e+00, PNorm = 38.4793, GNorm = 2.2365, lr_0 = 7.2761e-04
Loss = 1.0846e+00, PNorm = 38.4980, GNorm = 2.1447, lr_0 = 7.2609e-04
Loss = 1.9104e+00, PNorm = 38.5179, GNorm = 33.6996, lr_0 = 7.2457e-04
Loss = 3.7696e+00, PNorm = 38.5279, GNorm = 53.8689, lr_0 = 7.2305e-04
Loss = 2.2010e+00, PNorm = 38.5480, GNorm = 6.4397, lr_0 = 7.2154e-04
Loss = 1.9649e+00, PNorm = 38.5775, GNorm = 10.3485, lr_0 = 7.2003e-04
Loss = 2.2612e+00, PNorm = 38.6188, GNorm = 2.4520, lr_0 = 7.1852e-04
Loss = 2.8122e+00, PNorm = 38.6627, GNorm = 4.4012, lr_0 = 7.1702e-04
Loss = 1.5414e+00, PNorm = 38.6951, GNorm = 13.1926, lr_0 = 7.1552e-04
Loss = 2.1430e+00, PNorm = 38.6994, GNorm = 2.1446, lr_0 = 7.1402e-04
Validation rmse = 1.434580
Epoch 9
Loss = 4.4535e+00, PNorm = 38.7105, GNorm = 2.0392, lr_0 = 7.1238e-04
Loss = 9.0584e-01, PNorm = 38.7179, GNorm = 3.1637, lr_0 = 7.1089e-04
Loss = 1.8343e+00, PNorm = 38.7270, GNorm = 3.1963, lr_0 = 7.0940e-04
Loss = 3.3037e+00, PNorm = 38.7344, GNorm = 78.6383, lr_0 = 7.0792e-04
Loss = 2.7535e+00, PNorm = 38.7512, GNorm = 15.2053, lr_0 = 7.0643e-04
Loss = 1.0666e+00, PNorm = 38.7665, GNorm = 6.0965, lr_0 = 7.0496e-04
Loss = 3.6914e+00, PNorm = 38.7875, GNorm = 3.2926, lr_0 = 7.0348e-04
Loss = 1.2263e+00, PNorm = 38.8050, GNorm = 3.4409, lr_0 = 7.0201e-04
Loss = 1.4586e+00, PNorm = 38.8195, GNorm = 2.9457, lr_0 = 7.0054e-04
Loss = 1.9640e+00, PNorm = 38.8401, GNorm = 4.6401, lr_0 = 6.9907e-04
Loss = 1.2805e+00, PNorm = 38.8581, GNorm = 5.9096, lr_0 = 6.9761e-04
Loss = 2.0098e+00, PNorm = 38.8874, GNorm = 2.3743, lr_0 = 6.9615e-04
Loss = 1.8305e+00, PNorm = 38.8999, GNorm = 15.7363, lr_0 = 6.9469e-04
Loss = 1.9975e+00, PNorm = 38.9105, GNorm = 8.5363, lr_0 = 6.9324e-04
Loss = 3.4677e+00, PNorm = 38.9191, GNorm = 38.9737, lr_0 = 6.9179e-04
Loss = 1.8524e+00, PNorm = 38.9323, GNorm = 19.7746, lr_0 = 6.9034e-04
Loss = 1.7660e+00, PNorm = 38.9512, GNorm = 3.6478, lr_0 = 6.8890e-04
Loss = 1.8141e+00, PNorm = 38.9703, GNorm = 4.0659, lr_0 = 6.8746e-04
Loss = 2.1812e+00, PNorm = 38.9785, GNorm = 2.3797, lr_0 = 6.8602e-04
Loss = 2.1567e+00, PNorm = 38.9940, GNorm = 16.7629, lr_0 = 6.8458e-04
Loss = 1.8857e+00, PNorm = 39.0123, GNorm = 3.4897, lr_0 = 6.8315e-04
Loss = 1.3552e+00, PNorm = 39.0208, GNorm = 13.1930, lr_0 = 6.8172e-04
Loss = 2.3647e+00, PNorm = 39.0298, GNorm = 2.4403, lr_0 = 6.8029e-04
Validation rmse = 1.659858
Epoch 10
Loss = 1.7827e+00, PNorm = 39.0418, GNorm = 4.9416, lr_0 = 6.7887e-04
Loss = 2.2511e+00, PNorm = 39.0564, GNorm = 2.8155, lr_0 = 6.7745e-04
Loss = 2.0881e+00, PNorm = 39.0610, GNorm = 2.7517, lr_0 = 6.7603e-04
Loss = 1.4199e+00, PNorm = 39.0647, GNorm = 5.3431, lr_0 = 6.7462e-04
Loss = 1.8148e+00, PNorm = 39.0831, GNorm = 7.1553, lr_0 = 6.7321e-04
Loss = 1.2640e+00, PNorm = 39.0909, GNorm = 15.9329, lr_0 = 6.7180e-04
Loss = 2.3473e+00, PNorm = 39.1005, GNorm = 22.3656, lr_0 = 6.7039e-04
Loss = 1.9625e+00, PNorm = 39.1138, GNorm = 17.7242, lr_0 = 6.6899e-04
Loss = 1.5320e+00, PNorm = 39.1325, GNorm = 3.0008, lr_0 = 6.6759e-04
Loss = 4.9412e+00, PNorm = 39.1597, GNorm = 5.9994, lr_0 = 6.6619e-04
Loss = 1.5128e+00, PNorm = 39.1758, GNorm = 3.0031, lr_0 = 6.6480e-04
Loss = 2.8554e+00, PNorm = 39.1906, GNorm = 4.0964, lr_0 = 6.6341e-04
Loss = 2.6369e+00, PNorm = 39.2153, GNorm = 3.5423, lr_0 = 6.6202e-04
Loss = 1.7242e+00, PNorm = 39.2253, GNorm = 2.4288, lr_0 = 6.6063e-04
Loss = 1.5230e+00, PNorm = 39.2318, GNorm = 10.0824, lr_0 = 6.5925e-04
Loss = 2.4347e+00, PNorm = 39.2587, GNorm = 4.0682, lr_0 = 6.5787e-04
Loss = 1.7181e+00, PNorm = 39.2810, GNorm = 3.2343, lr_0 = 6.5649e-04
Loss = 1.6928e+00, PNorm = 39.2985, GNorm = 4.9257, lr_0 = 6.5512e-04
Loss = 1.4943e+00, PNorm = 39.3104, GNorm = 3.4230, lr_0 = 6.5375e-04
Loss = 1.3222e+00, PNorm = 39.3332, GNorm = 7.4166, lr_0 = 6.5238e-04
Loss = 2.8024e+00, PNorm = 39.3417, GNorm = 2.3476, lr_0 = 6.5102e-04
Loss = 1.7588e+00, PNorm = 39.3558, GNorm = 5.0352, lr_0 = 6.4965e-04
Loss = 1.1591e+00, PNorm = 39.3692, GNorm = 3.3967, lr_0 = 6.4829e-04
Validation rmse = 1.824587
Epoch 11
Loss = 1.3083e+00, PNorm = 39.3779, GNorm = 4.6876, lr_0 = 6.4680e-04
Loss = 9.1978e-01, PNorm = 39.3852, GNorm = 2.5235, lr_0 = 6.4545e-04
Loss = 1.5546e+00, PNorm = 39.3908, GNorm = 7.4166, lr_0 = 6.4410e-04
Loss = 1.9209e+00, PNorm = 39.4027, GNorm = 5.6863, lr_0 = 6.4275e-04
Loss = 2.3835e+00, PNorm = 39.4161, GNorm = 9.1608, lr_0 = 6.4141e-04
Loss = 1.4293e+00, PNorm = 39.4273, GNorm = 5.9166, lr_0 = 6.4006e-04
Loss = 1.9883e+00, PNorm = 39.4511, GNorm = 2.9539, lr_0 = 6.3872e-04
Loss = 1.0990e+00, PNorm = 39.4776, GNorm = 2.8114, lr_0 = 6.3739e-04
Loss = 1.3220e+00, PNorm = 39.4947, GNorm = 9.6071, lr_0 = 6.3605e-04
Loss = 1.3015e+00, PNorm = 39.5100, GNorm = 5.4288, lr_0 = 6.3472e-04
Loss = 2.4747e+00, PNorm = 39.5179, GNorm = 54.0268, lr_0 = 6.3339e-04
Loss = 1.7445e+00, PNorm = 39.5321, GNorm = 3.7701, lr_0 = 6.3207e-04
Loss = 2.6976e+00, PNorm = 39.5500, GNorm = 2.0086, lr_0 = 6.3075e-04
Loss = 1.8137e+00, PNorm = 39.5583, GNorm = 2.9202, lr_0 = 6.2943e-04
Loss = 1.8346e+00, PNorm = 39.5721, GNorm = 2.3426, lr_0 = 6.2811e-04
Loss = 1.4194e+00, PNorm = 39.5855, GNorm = 18.4176, lr_0 = 6.2679e-04
Loss = 3.6077e+00, PNorm = 39.5938, GNorm = 3.8849, lr_0 = 6.2548e-04
Loss = 1.8160e+00, PNorm = 39.6074, GNorm = 3.1830, lr_0 = 6.2417e-04
Loss = 2.0663e+00, PNorm = 39.6247, GNorm = 14.7276, lr_0 = 6.2287e-04
Loss = 1.4435e+00, PNorm = 39.6372, GNorm = 13.2532, lr_0 = 6.2156e-04
Loss = 3.9628e+00, PNorm = 39.6530, GNorm = 39.2566, lr_0 = 6.2026e-04
Loss = 1.6435e+00, PNorm = 39.6912, GNorm = 3.4521, lr_0 = 6.1897e-04
Loss = 1.7839e+00, PNorm = 39.7122, GNorm = 4.8133, lr_0 = 6.1767e-04
Validation rmse = 1.792544
Epoch 12
Loss = 1.2947e+00, PNorm = 39.7405, GNorm = 3.0386, lr_0 = 6.1638e-04
Loss = 1.2245e+00, PNorm = 39.7579, GNorm = 5.0274, lr_0 = 6.1509e-04
Loss = 1.0962e+00, PNorm = 39.7703, GNorm = 3.0694, lr_0 = 6.1380e-04
Loss = 3.4264e+00, PNorm = 39.7813, GNorm = 1.8393, lr_0 = 6.1252e-04
Loss = 3.8762e+00, PNorm = 39.8052, GNorm = 13.0156, lr_0 = 6.1123e-04
Loss = 1.7339e+00, PNorm = 39.8240, GNorm = 2.4867, lr_0 = 6.0996e-04
Loss = 1.4972e+00, PNorm = 39.8430, GNorm = 2.7398, lr_0 = 6.0868e-04
Loss = 1.4051e+00, PNorm = 39.8534, GNorm = 15.0905, lr_0 = 6.0741e-04
Loss = 2.2227e+00, PNorm = 39.8690, GNorm = 18.0607, lr_0 = 6.0613e-04
Loss = 1.5904e+00, PNorm = 39.8818, GNorm = 3.6171, lr_0 = 6.0487e-04
Loss = 1.6204e+00, PNorm = 39.8950, GNorm = 5.8818, lr_0 = 6.0360e-04
Loss = 1.2368e+00, PNorm = 39.9053, GNorm = 5.0383, lr_0 = 6.0234e-04
Loss = 1.3374e+00, PNorm = 39.9067, GNorm = 2.2129, lr_0 = 6.0108e-04
Loss = 1.8852e+00, PNorm = 39.9001, GNorm = 18.4055, lr_0 = 5.9982e-04
Loss = 1.0994e+00, PNorm = 39.8948, GNorm = 4.1347, lr_0 = 5.9856e-04
Loss = 2.4267e+00, PNorm = 39.9148, GNorm = 16.5912, lr_0 = 5.9731e-04
Loss = 2.1256e+00, PNorm = 39.9366, GNorm = 6.0522, lr_0 = 5.9606e-04
Loss = 1.7936e+00, PNorm = 39.9610, GNorm = 6.0665, lr_0 = 5.9481e-04
Loss = 1.5761e+00, PNorm = 39.9732, GNorm = 3.7776, lr_0 = 5.9357e-04
Loss = 1.3770e+00, PNorm = 39.9803, GNorm = 2.0996, lr_0 = 5.9233e-04
Loss = 2.6273e+00, PNorm = 40.0029, GNorm = 10.7676, lr_0 = 5.9109e-04
Loss = 2.6962e+00, PNorm = 40.0221, GNorm = 6.2446, lr_0 = 5.8985e-04
Loss = 1.6086e+00, PNorm = 40.0416, GNorm = 2.4979, lr_0 = 5.8862e-04
Validation rmse = 1.753366
Epoch 13
Loss = 9.5228e-01, PNorm = 40.0590, GNorm = 1.8512, lr_0 = 5.8726e-04
Loss = 1.3652e+00, PNorm = 40.0719, GNorm = 2.7633, lr_0 = 5.8603e-04
Loss = 2.6368e+00, PNorm = 40.0806, GNorm = 2.3942, lr_0 = 5.8481e-04
Loss = 2.3223e+00, PNorm = 40.0993, GNorm = 10.0865, lr_0 = 5.8358e-04
Loss = 2.2557e+00, PNorm = 40.1199, GNorm = 46.5678, lr_0 = 5.8236e-04
Loss = 1.3173e+00, PNorm = 40.1339, GNorm = 3.3802, lr_0 = 5.8114e-04
Loss = 4.4234e+00, PNorm = 40.1397, GNorm = 4.0808, lr_0 = 5.7993e-04
Loss = 1.8461e+00, PNorm = 40.1554, GNorm = 3.1011, lr_0 = 5.7871e-04
Loss = 1.7908e+00, PNorm = 40.1715, GNorm = 3.6378, lr_0 = 5.7750e-04
Loss = 2.6041e+00, PNorm = 40.1906, GNorm = 2.6679, lr_0 = 5.7629e-04
Loss = 1.1484e+00, PNorm = 40.2021, GNorm = 3.5780, lr_0 = 5.7509e-04
Loss = 1.3190e+00, PNorm = 40.2064, GNorm = 2.0916, lr_0 = 5.7388e-04
Loss = 1.2476e+00, PNorm = 40.2193, GNorm = 7.2982, lr_0 = 5.7268e-04
Loss = 1.1313e+00, PNorm = 40.2382, GNorm = 11.6681, lr_0 = 5.7149e-04
Loss = 2.3288e+00, PNorm = 40.2572, GNorm = 2.9175, lr_0 = 5.7029e-04
Loss = 1.4431e+00, PNorm = 40.2685, GNorm = 2.2174, lr_0 = 5.6910e-04
Loss = 1.7980e+00, PNorm = 40.2767, GNorm = 2.1982, lr_0 = 5.6791e-04
Loss = 1.3754e+00, PNorm = 40.2911, GNorm = 4.7826, lr_0 = 5.6672e-04
Loss = 2.7524e+00, PNorm = 40.3072, GNorm = 5.5585, lr_0 = 5.6553e-04
Loss = 1.5574e+00, PNorm = 40.3139, GNorm = 3.8551, lr_0 = 5.6435e-04
Loss = 1.4553e+00, PNorm = 40.3323, GNorm = 3.7053, lr_0 = 5.6317e-04
Loss = 1.3695e+00, PNorm = 40.3488, GNorm = 3.4082, lr_0 = 5.6199e-04
Loss = 1.0508e+00, PNorm = 40.3685, GNorm = 4.1877, lr_0 = 5.6081e-04
Validation rmse = 1.748158
Epoch 14
Loss = 1.8078e+00, PNorm = 40.3760, GNorm = 5.9409, lr_0 = 5.5964e-04
Loss = 3.1516e+00, PNorm = 40.3920, GNorm = 27.2878, lr_0 = 5.5847e-04
Loss = 1.8802e+00, PNorm = 40.4065, GNorm = 8.8819, lr_0 = 5.5730e-04
Loss = 2.0046e+00, PNorm = 40.4106, GNorm = 5.2098, lr_0 = 5.5613e-04
Loss = 1.8467e+00, PNorm = 40.4235, GNorm = 2.2516, lr_0 = 5.5497e-04
Loss = 1.7842e+00, PNorm = 40.4393, GNorm = 7.0661, lr_0 = 5.5381e-04
Loss = 1.4213e+00, PNorm = 40.4530, GNorm = 8.7048, lr_0 = 5.5265e-04
Loss = 1.8823e+00, PNorm = 40.4694, GNorm = 39.3686, lr_0 = 5.5149e-04
Loss = 9.3591e-01, PNorm = 40.4887, GNorm = 5.3447, lr_0 = 5.5034e-04
Loss = 2.5362e+00, PNorm = 40.5143, GNorm = 4.3406, lr_0 = 5.4919e-04
Loss = 2.0612e+00, PNorm = 40.5351, GNorm = 5.1532, lr_0 = 5.4804e-04
Loss = 2.9261e+00, PNorm = 40.5588, GNorm = 3.7205, lr_0 = 5.4689e-04
Loss = 3.0022e+00, PNorm = 40.5692, GNorm = 2.6622, lr_0 = 5.4575e-04
Loss = 1.2614e+00, PNorm = 40.5765, GNorm = 9.7579, lr_0 = 5.4460e-04
Loss = 1.5809e+00, PNorm = 40.5856, GNorm = 3.0811, lr_0 = 5.4346e-04
Loss = 1.0543e+00, PNorm = 40.6009, GNorm = 1.6490, lr_0 = 5.4233e-04
Loss = 1.7894e+00, PNorm = 40.6079, GNorm = 2.6306, lr_0 = 5.4119e-04
Loss = 1.4040e+00, PNorm = 40.6114, GNorm = 3.3311, lr_0 = 5.4006e-04
Loss = 1.1477e+00, PNorm = 40.6227, GNorm = 1.9067, lr_0 = 5.3893e-04
Loss = 2.4204e+00, PNorm = 40.6386, GNorm = 2.3830, lr_0 = 5.3780e-04
Loss = 1.2675e+00, PNorm = 40.6538, GNorm = 4.4621, lr_0 = 5.3668e-04
Loss = 1.2243e+00, PNorm = 40.6649, GNorm = 2.3307, lr_0 = 5.3555e-04
Loss = 1.0084e+00, PNorm = 40.6704, GNorm = 10.4707, lr_0 = 5.3443e-04
Validation rmse = 1.727790
Epoch 15
Loss = 2.9443e+00, PNorm = 40.6779, GNorm = 10.6463, lr_0 = 5.3320e-04
Loss = 1.9885e+00, PNorm = 40.6880, GNorm = 23.0829, lr_0 = 5.3209e-04
Loss = 9.4188e-01, PNorm = 40.6974, GNorm = 3.7153, lr_0 = 5.3097e-04
Loss = 1.0393e+00, PNorm = 40.7041, GNorm = 2.5046, lr_0 = 5.2986e-04
Loss = 1.8760e+00, PNorm = 40.7216, GNorm = 2.4752, lr_0 = 5.2875e-04
Loss = 2.1703e+00, PNorm = 40.7480, GNorm = 2.8955, lr_0 = 5.2765e-04
Loss = 2.4603e+00, PNorm = 40.7751, GNorm = 1.6622, lr_0 = 5.2654e-04
Loss = 1.2887e+00, PNorm = 40.7944, GNorm = 4.4443, lr_0 = 5.2544e-04
Loss = 1.3611e+00, PNorm = 40.8080, GNorm = 2.1267, lr_0 = 5.2434e-04
Loss = 3.0498e+00, PNorm = 40.8218, GNorm = 7.3596, lr_0 = 5.2324e-04
Loss = 1.5321e+00, PNorm = 40.8365, GNorm = 6.3755, lr_0 = 5.2215e-04
Loss = 1.1123e+00, PNorm = 40.8498, GNorm = 2.1510, lr_0 = 5.2106e-04
Loss = 2.1280e+00, PNorm = 40.8613, GNorm = 31.0548, lr_0 = 5.1997e-04
Loss = 1.1214e+00, PNorm = 40.8657, GNorm = 3.6699, lr_0 = 5.1888e-04
Loss = 2.2485e+00, PNorm = 40.8773, GNorm = 10.9413, lr_0 = 5.1779e-04
Loss = 1.1398e+00, PNorm = 40.8912, GNorm = 5.8106, lr_0 = 5.1671e-04
Loss = 2.1742e+00, PNorm = 40.9042, GNorm = 40.9848, lr_0 = 5.1563e-04
Loss = 1.2012e+00, PNorm = 40.9218, GNorm = 2.5578, lr_0 = 5.1455e-04
Loss = 1.0801e+00, PNorm = 40.9254, GNorm = 1.8452, lr_0 = 5.1347e-04
Loss = 2.1617e+00, PNorm = 40.9302, GNorm = 4.8094, lr_0 = 5.1240e-04
Loss = 1.5295e+00, PNorm = 40.9422, GNorm = 37.6754, lr_0 = 5.1133e-04
Loss = 1.4320e+00, PNorm = 40.9596, GNorm = 2.3367, lr_0 = 5.1026e-04
Loss = 1.5041e+00, PNorm = 40.9731, GNorm = 16.9898, lr_0 = 5.0919e-04
Validation rmse = 1.788261
Epoch 16
Loss = 3.2689e+00, PNorm = 40.9919, GNorm = 5.5221, lr_0 = 5.0812e-04
Loss = 1.5515e+00, PNorm = 41.0048, GNorm = 4.2452, lr_0 = 5.0706e-04
Loss = 1.8896e+00, PNorm = 41.0116, GNorm = 5.5332, lr_0 = 5.0600e-04
Loss = 1.1535e+00, PNorm = 41.0213, GNorm = 2.1519, lr_0 = 5.0494e-04
Loss = 1.4132e+00, PNorm = 41.0395, GNorm = 16.3622, lr_0 = 5.0388e-04
Loss = 1.0661e+00, PNorm = 41.0498, GNorm = 2.5839, lr_0 = 5.0283e-04
Loss = 1.3784e+00, PNorm = 41.0651, GNorm = 2.4825, lr_0 = 5.0178e-04
Loss = 1.0168e+00, PNorm = 41.0792, GNorm = 2.9003, lr_0 = 5.0073e-04
Loss = 1.1172e+00, PNorm = 41.0973, GNorm = 2.5251, lr_0 = 4.9968e-04
Loss = 1.4364e+00, PNorm = 41.1140, GNorm = 15.5588, lr_0 = 4.9863e-04
Loss = 4.2005e+00, PNorm = 41.1234, GNorm = 3.7053, lr_0 = 4.9759e-04
Loss = 2.3472e+00, PNorm = 41.1363, GNorm = 3.9765, lr_0 = 4.9655e-04
Loss = 1.3575e+00, PNorm = 41.1451, GNorm = 4.0710, lr_0 = 4.9551e-04
Loss = 1.5856e+00, PNorm = 41.1587, GNorm = 14.1426, lr_0 = 4.9447e-04
Loss = 1.7987e+00, PNorm = 41.1758, GNorm = 19.2367, lr_0 = 4.9344e-04
Loss = 1.0472e+00, PNorm = 41.1917, GNorm = 4.2460, lr_0 = 4.9240e-04
Loss = 8.4351e-01, PNorm = 41.2039, GNorm = 3.5662, lr_0 = 4.9137e-04
Loss = 1.0210e+00, PNorm = 41.2115, GNorm = 5.1684, lr_0 = 4.9035e-04
Loss = 1.1921e+00, PNorm = 41.2259, GNorm = 2.9364, lr_0 = 4.8932e-04
Loss = 1.9439e+00, PNorm = 41.2460, GNorm = 5.2040, lr_0 = 4.8830e-04
Loss = 1.9991e+00, PNorm = 41.2676, GNorm = 5.8273, lr_0 = 4.8727e-04
Loss = 1.6196e+00, PNorm = 41.2811, GNorm = 2.3066, lr_0 = 4.8625e-04
Loss = 1.2725e+00, PNorm = 41.2874, GNorm = 19.7463, lr_0 = 4.8524e-04
Loss = 3.8839e+00, PNorm = 41.2884, GNorm = 35.7583, lr_0 = 4.8513e-04
Validation rmse = 1.879188
Epoch 17
Loss = 8.8882e-01, PNorm = 41.2993, GNorm = 3.1045, lr_0 = 4.8412e-04
Loss = 1.2025e+00, PNorm = 41.3100, GNorm = 3.0474, lr_0 = 4.8311e-04
Loss = 2.7256e+00, PNorm = 41.3207, GNorm = 51.8407, lr_0 = 4.8210e-04
Loss = 1.1374e+00, PNorm = 41.3304, GNorm = 7.9371, lr_0 = 4.8109e-04
Loss = 2.6515e+00, PNorm = 41.3546, GNorm = 49.5467, lr_0 = 4.8008e-04
Loss = 1.9315e+00, PNorm = 41.3662, GNorm = 4.9207, lr_0 = 4.7908e-04
Loss = 1.2970e+00, PNorm = 41.3787, GNorm = 3.9086, lr_0 = 4.7807e-04
Loss = 1.1331e+00, PNorm = 41.3897, GNorm = 2.9674, lr_0 = 4.7707e-04
Loss = 2.8287e+00, PNorm = 41.3981, GNorm = 44.8338, lr_0 = 4.7607e-04
Loss = 1.3948e+00, PNorm = 41.4193, GNorm = 6.8554, lr_0 = 4.7508e-04
Loss = 1.6841e+00, PNorm = 41.4415, GNorm = 8.8743, lr_0 = 4.7408e-04
Loss = 1.6154e+00, PNorm = 41.4592, GNorm = 33.6108, lr_0 = 4.7309e-04
Loss = 1.1724e+00, PNorm = 41.4734, GNorm = 12.8920, lr_0 = 4.7210e-04
Loss = 1.3857e+00, PNorm = 41.4863, GNorm = 14.8478, lr_0 = 4.7111e-04
Loss = 1.0676e+00, PNorm = 41.4994, GNorm = 10.7503, lr_0 = 4.7013e-04
Loss = 1.6921e+00, PNorm = 41.5078, GNorm = 16.1920, lr_0 = 4.6914e-04
Loss = 1.7774e+00, PNorm = 41.5196, GNorm = 20.5865, lr_0 = 4.6816e-04
Loss = 2.3965e+00, PNorm = 41.5314, GNorm = 2.9002, lr_0 = 4.6718e-04
Loss = 1.4239e+00, PNorm = 41.5394, GNorm = 16.1012, lr_0 = 4.6621e-04
Loss = 9.9583e-01, PNorm = 41.5461, GNorm = 4.7208, lr_0 = 4.6523e-04
Loss = 8.2328e-01, PNorm = 41.5541, GNorm = 3.7796, lr_0 = 4.6426e-04
Loss = 1.6470e+00, PNorm = 41.5563, GNorm = 2.7885, lr_0 = 4.6328e-04
Validation rmse = 1.857258
Epoch 18
Loss = 1.2487e+00, PNorm = 41.5788, GNorm = 3.1840, lr_0 = 4.6222e-04
Loss = 1.2025e+00, PNorm = 41.5933, GNorm = 5.0560, lr_0 = 4.6125e-04
Loss = 1.6468e+00, PNorm = 41.6058, GNorm = 18.0888, lr_0 = 4.6029e-04
Loss = 2.2510e+00, PNorm = 41.6189, GNorm = 3.5778, lr_0 = 4.5932e-04
Loss = 9.4533e-01, PNorm = 41.6275, GNorm = 2.4954, lr_0 = 4.5836e-04
Loss = 1.8411e+00, PNorm = 41.6338, GNorm = 15.9038, lr_0 = 4.5740e-04
Loss = 8.8694e-01, PNorm = 41.6449, GNorm = 7.6380, lr_0 = 4.5645e-04
Loss = 8.6667e-01, PNorm = 41.6544, GNorm = 3.3563, lr_0 = 4.5549e-04
Loss = 1.7862e+00, PNorm = 41.6651, GNorm = 2.3905, lr_0 = 4.5454e-04
Loss = 9.2044e-01, PNorm = 41.6770, GNorm = 3.9171, lr_0 = 4.5359e-04
Loss = 2.8051e+00, PNorm = 41.6825, GNorm = 39.3522, lr_0 = 4.5264e-04
Loss = 1.3709e+00, PNorm = 41.6935, GNorm = 3.6431, lr_0 = 4.5169e-04
Loss = 1.1626e+00, PNorm = 41.7080, GNorm = 8.7623, lr_0 = 4.5074e-04
Loss = 1.0732e+00, PNorm = 41.7290, GNorm = 1.9000, lr_0 = 4.4980e-04
Loss = 1.2513e+00, PNorm = 41.7401, GNorm = 22.6067, lr_0 = 4.4886e-04
Loss = 1.6589e+00, PNorm = 41.7572, GNorm = 3.9915, lr_0 = 4.4792e-04
Loss = 1.2886e+00, PNorm = 41.7674, GNorm = 4.4457, lr_0 = 4.4698e-04
Loss = 1.9587e+00, PNorm = 41.7798, GNorm = 3.0249, lr_0 = 4.4605e-04
Loss = 1.5982e+00, PNorm = 41.7954, GNorm = 34.8955, lr_0 = 4.4511e-04
Loss = 1.8382e+00, PNorm = 41.8005, GNorm = 3.4628, lr_0 = 4.4418e-04
Loss = 2.1874e+00, PNorm = 41.8078, GNorm = 12.6139, lr_0 = 4.4325e-04
Loss = 2.2652e+00, PNorm = 41.8251, GNorm = 5.5448, lr_0 = 4.4233e-04
Loss = 3.0194e+00, PNorm = 41.8456, GNorm = 11.0374, lr_0 = 4.4140e-04
Command line
python lion.py train
Args
{'activation': 'ReLU',
 'adding_bond_types': True,
 'adding_h': False,
 'aggregation': 'mean',
 'aggregation_norm': 100,
 'atom_constraints': [],
 'atom_descriptor_scaling': True,
 'atom_descriptors': None,
 'atom_descriptors_path': None,
 'atom_descriptors_size': 0,
 'atom_features_size': 0,
 'atom_messages': False,
 'atom_targets': [],
 'batch_size': 50,
 'bias': False,
 'bias_solvent': False,
 'bond_constraints': [],
 'bond_descriptor_scaling': True,
 'bond_descriptors': None,
 'bond_descriptors_path': None,
 'bond_descriptors_size': 0,
 'bond_features_size': 0,
 'bond_targets': [],
 'cache_cutoff': 10000,
 'checkpoint_dir': None,
 'checkpoint_frzn': None,
 'checkpoint_path': None,
 'checkpoint_paths': None,
 'class_balance': False,
 'config_path': None,
 'constraints_path': None,
 'crossval_index_dir': None,
 'crossval_index_file': None,
 'crossval_index_sets': None,
 'cuda': False,
 'data_path': '/Users/nathanliu/Downloads/LNP_ML/z_other_models/lion/0701_lion_lnpdb/fold_0/train.csv',
 'data_weights_path': '/Users/nathanliu/Downloads/LNP_ML/z_other_models/lion/0701_lion_lnpdb/fold_0/train_weights.csv',
 'dataset_type': 'regression',
 'depth': 3,
 'depth_solvent': 3,
 'device': device(type='cpu'),
 'dropout': 0.0,
 'empty_cache': False,
 'ensemble_size': 1,
 'epochs': 50,
 'evidential_regularization': 0,
 'explicit_h': False,
 'extra_metrics': [],
 'features_generator': None,
 'features_only': False,
 'features_path': ['/Users/nathanliu/Downloads/LNP_ML/z_other_models/lion/0701_lion_lnpdb/fold_0/train_extra_x.csv'],
 'features_scaling': True,
 'features_size': None,
 'ffn_hidden_size': 300,
 'ffn_num_layers': 2,
 'final_lr': 0.0001,
 'folds_file': None,
 'freeze_first_only': False,
 'frzn_ffn_layers': 0,
 'gpu': None,
 'grad_clip': None,
 'hidden_size': 300,
 'hidden_size_solvent': 300,
 'ignore_columns': None,
 'init_lr': 0.0001,
 'is_atom_bond_targets': False,
 'keeping_atom_map': False,
 'log_frequency': 10,
 'loss_function': 'mse',
 'max_data_size': None,
 'max_lr': 0.001,
 'metric': 'rmse',
 'metrics': ['rmse'],
 'minimize_score': True,
 'mpn_shared': False,
 'multiclass_num_classes': 3,
 'no_adding_bond_types': False,
 'no_atom_descriptor_scaling': False,
 'no_bond_descriptor_scaling': False,
 'no_cache_mol': False,
 'no_cuda': False,
 'no_features_scaling': False,
 'no_shared_atom_bond_ffn': False,
 'num_folds': 1,
 'num_lrs': 1,
 'num_tasks': 1,
 'num_workers': 8,
 'number_of_molecules': 1,
 'overwrite_default_atom_features': False,
 'overwrite_default_bond_features': False,
 'phase_features_path': None,
 'pytorch_seed': 0,
 'quiet': False,
 'reaction': False,
 'reaction_mode': 'reac_diff',
 'reaction_solvent': False,
 'resume_experiment': False,
 'save_dir': '/Users/nathanliu/Downloads/LNP_ML/z_other_models/lion/0701_lion_lnpdb/fold_0',
 'save_preds': False,
 'save_smiles_splits': False,
 'seed': 42,
 'separate_test_atom_descriptors_path': None,
 'separate_test_bond_descriptors_path': None,
 'separate_test_constraints_path': None,
 'separate_test_features_path': ['/Users/nathanliu/Downloads/LNP_ML/z_other_models/lion/0701_lion_lnpdb/fold_0/test_extra_x.csv'],
 'separate_test_path': '/Users/nathanliu/Downloads/LNP_ML/z_other_models/lion/0701_lion_lnpdb/fold_0/test.csv',
 'separate_test_phase_features_path': None,
 'separate_val_atom_descriptors_path': None,
 'separate_val_bond_descriptors_path': None,
 'separate_val_constraints_path': None,
 'separate_val_features_path': ['/Users/nathanliu/Downloads/LNP_ML/z_other_models/lion/0701_lion_lnpdb/fold_0/valid_extra_x.csv'],
 'separate_val_path': '/Users/nathanliu/Downloads/LNP_ML/z_other_models/lion/0701_lion_lnpdb/fold_0/valid.csv',
 'separate_val_phase_features_path': None,
 'shared_atom_bond_ffn': True,
 'show_individual_scores': False,
 'smiles_columns': ['IL_SMILES'],
 'spectra_activation': 'exp',
 'spectra_phase_mask_path': None,
 'spectra_target_floor': 1e-08,
 'split_key_molecule': 0,
 'split_sizes': [1.0, 0.0, 0.0],
 'split_type': 'random',
 'target_columns': ['Experiment_value'],
 'target_weights': None,
 'task_names': ['Experiment_value'],
 'test': False,
 'test_fold_index': None,
 'train_data_size': None,
 'undirected': False,
 'use_input_features': True,
 'val_fold_index': None,
 'warmup_epochs': 2.0,
 'weights_ffn_num_layers': 2}
Setting molecule featurization parameters to default.
Loading data
Number of tasks = 1
Fold 0
Splitting data with seed 42
Total size = 11,472 | train size = 11,472 | val size = 3,172 | test size = 2,850
Fitting scaler
Building model 0
MoleculeModel(
  (encoder): MPN(
    (encoder): ModuleList(
      (0): MPNEncoder(
        (dropout): Dropout(p=0.0, inplace=False)
        (act_func): ReLU()
        (W_i): Linear(in_features=147, out_features=300, bias=False)
        (W_h): Linear(in_features=300, out_features=300, bias=False)
        (W_o): Linear(in_features=433, out_features=300, bias=True)
      )
    )
  )
  (readout): Sequential(
    (0): Dropout(p=0.0, inplace=False)
    (1): Linear(in_features=340, out_features=300, bias=True)
    (2): ReLU()
    (3): Dropout(p=0.0, inplace=False)
    (4): Linear(in_features=300, out_features=1, bias=True)
  )
)
Number of parameters = 367,201
Epoch 0
Loss = 5.9286e+00, PNorm = 34.2904, GNorm = 87.8063, lr_0 = 1.2162e-04
Loss = 6.3789e+00, PNorm = 34.2912, GNorm = 38.2036, lr_0 = 1.4127e-04
Loss = 5.7918e+00, PNorm = 34.2933, GNorm = 3.9527, lr_0 = 1.6092e-04
Loss = 1.0571e+01, PNorm = 34.2946, GNorm = 102.7238, lr_0 = 1.8057e-04
Loss = 5.1324e+00, PNorm = 34.2966, GNorm = 7.0501, lr_0 = 2.0022e-04
Loss = 4.5962e+00, PNorm = 34.2985, GNorm = 3.1323, lr_0 = 2.1987e-04
Loss = 5.0686e+00, PNorm = 34.3010, GNorm = 4.0287, lr_0 = 2.3952e-04
Loss = 7.5031e+00, PNorm = 34.3036, GNorm = 10.3404, lr_0 = 2.5917e-04
Loss = 4.8183e+00, PNorm = 34.3074, GNorm = 27.0913, lr_0 = 2.7882e-04
Loss = 4.3505e+00, PNorm = 34.3123, GNorm = 6.9224, lr_0 = 2.9847e-04
Loss = 2.4702e+00, PNorm = 34.3177, GNorm = 31.0143, lr_0 = 3.1812e-04
Loss = 3.3101e+00, PNorm = 34.3221, GNorm = 42.9629, lr_0 = 3.3777e-04
Loss = 2.3270e+00, PNorm = 34.3272, GNorm = 17.6910, lr_0 = 3.5742e-04
Loss = 3.1457e+00, PNorm = 34.3362, GNorm = 3.4324, lr_0 = 3.7707e-04
Loss = 4.3027e+00, PNorm = 34.3380, GNorm = 3.3642, lr_0 = 3.9672e-04
Loss = 2.4768e+00, PNorm = 34.3394, GNorm = 28.8129, lr_0 = 4.1638e-04
Loss = 1.9814e+00, PNorm = 34.3446, GNorm = 25.1503, lr_0 = 4.3603e-04
Loss = 3.8091e+00, PNorm = 34.3543, GNorm = 38.6744, lr_0 = 4.5568e-04
Loss = 3.2355e+00, PNorm = 34.3630, GNorm = 3.3295, lr_0 = 4.7533e-04
Loss = 8.5401e+00, PNorm = 34.3674, GNorm = 3.4793, lr_0 = 4.9498e-04
Loss = 2.8794e+00, PNorm = 34.3754, GNorm = 3.3809, lr_0 = 5.1463e-04
Loss = 4.8028e+00, PNorm = 34.3841, GNorm = 2.6535, lr_0 = 5.3428e-04
Validation rmse = 1.432370
Epoch 1
Loss = 4.6476e+00, PNorm = 34.3969, GNorm = 22.9914, lr_0 = 5.5590e-04
Loss = 2.7872e+00, PNorm = 34.4180, GNorm = 16.4078, lr_0 = 5.7555e-04
Loss = 7.6615e+00, PNorm = 34.4305, GNorm = 74.9643, lr_0 = 5.9520e-04
Loss = 2.5726e+00, PNorm = 34.4442, GNorm = 6.4933, lr_0 = 6.1485e-04
Loss = 2.7985e+00, PNorm = 34.4547, GNorm = 4.0531, lr_0 = 6.3450e-04
Loss = 3.9353e+00, PNorm = 34.4673, GNorm = 8.7768, lr_0 = 6.5415e-04
Loss = 5.1536e+00, PNorm = 34.4932, GNorm = 15.9872, lr_0 = 6.7380e-04
Loss = 5.2124e+00, PNorm = 34.5073, GNorm = 13.5719, lr_0 = 6.9345e-04
Loss = 2.3345e+00, PNorm = 34.5221, GNorm = 4.3216, lr_0 = 7.1310e-04
Loss = 2.0460e+00, PNorm = 34.5322, GNorm = 2.6743, lr_0 = 7.3275e-04
Loss = 4.1193e+00, PNorm = 34.5458, GNorm = 9.1686, lr_0 = 7.5240e-04
Loss = 2.5973e+00, PNorm = 34.5649, GNorm = 9.6192, lr_0 = 7.7205e-04
Loss = 7.7810e+00, PNorm = 34.5825, GNorm = 7.2892, lr_0 = 7.9170e-04
Loss = 2.4730e+00, PNorm = 34.6096, GNorm = 3.7663, lr_0 = 8.1135e-04
Loss = 4.2425e+00, PNorm = 34.6304, GNorm = 5.0006, lr_0 = 8.3100e-04
Loss = 1.8833e+00, PNorm = 34.6431, GNorm = 2.3109, lr_0 = 8.5066e-04
Loss = 4.5820e+00, PNorm = 34.6651, GNorm = 19.3868, lr_0 = 8.7031e-04
Loss = 4.3460e+00, PNorm = 34.6889, GNorm = 15.0613, lr_0 = 8.8996e-04
Loss = 2.5295e+00, PNorm = 34.7139, GNorm = 8.4755, lr_0 = 9.0961e-04
Loss = 3.7931e+00, PNorm = 34.7345, GNorm = 5.7018, lr_0 = 9.2926e-04
Loss = 5.1088e+00, PNorm = 34.7480, GNorm = 2.6627, lr_0 = 9.4891e-04
Loss = 2.5592e+00, PNorm = 34.7593, GNorm = 2.9932, lr_0 = 9.6856e-04
Loss = 2.9555e+00, PNorm = 34.7709, GNorm = 3.9128, lr_0 = 9.8821e-04
Validation rmse = 1.260128
Epoch 2
Loss = 1.1785e+00, PNorm = 34.7893, GNorm = 4.1640, lr_0 = 9.9895e-04
Loss = 4.4950e+00, PNorm = 34.8094, GNorm = 15.9908, lr_0 = 9.9686e-04
Loss = 1.9969e+00, PNorm = 34.8381, GNorm = 1.3257, lr_0 = 9.9478e-04
Loss = 3.4215e+00, PNorm = 34.8569, GNorm = 4.2064, lr_0 = 9.9270e-04
Loss = 2.2675e+00, PNorm = 34.8721, GNorm = 17.0817, lr_0 = 9.9062e-04
Loss = 1.3587e+00, PNorm = 34.8841, GNorm = 7.9351, lr_0 = 9.8854e-04
Loss = 1.7064e+00, PNorm = 34.8992, GNorm = 4.5718, lr_0 = 9.8648e-04
Loss = 4.3344e+00, PNorm = 34.9324, GNorm = 2.4728, lr_0 = 9.8441e-04
Loss = 3.0950e+00, PNorm = 34.9751, GNorm = 2.9923, lr_0 = 9.8235e-04
Loss = 2.9681e+00, PNorm = 35.0275, GNorm = 3.0304, lr_0 = 9.8030e-04
Loss = 2.7274e+00, PNorm = 35.0545, GNorm = 6.3754, lr_0 = 9.7824e-04
Loss = 3.6485e+00, PNorm = 35.0716, GNorm = 3.0732, lr_0 = 9.7620e-04
Loss = 1.7422e+00, PNorm = 35.0864, GNorm = 12.1498, lr_0 = 9.7416e-04
Loss = 3.3267e+00, PNorm = 35.1039, GNorm = 19.7486, lr_0 = 9.7212e-04
Loss = 4.4825e+00, PNorm = 35.1257, GNorm = 14.3883, lr_0 = 9.7008e-04
Loss = 4.5287e+00, PNorm = 35.1661, GNorm = 6.3422, lr_0 = 9.6805e-04
Loss = 2.1523e+00, PNorm = 35.1983, GNorm = 6.0227, lr_0 = 9.6603e-04
Loss = 3.3754e+00, PNorm = 35.2285, GNorm = 53.7646, lr_0 = 9.6401e-04
Loss = 5.6038e+00, PNorm = 35.2748, GNorm = 25.6338, lr_0 = 9.6199e-04
Loss = 5.1252e+00, PNorm = 35.3540, GNorm = 33.8474, lr_0 = 9.5997e-04
Loss = 5.1807e+00, PNorm = 35.4066, GNorm = 4.5733, lr_0 = 9.5797e-04
Loss = 1.5338e+00, PNorm = 35.4608, GNorm = 1.6509, lr_0 = 9.5596e-04
Loss = 4.6947e+00, PNorm = 35.5020, GNorm = 38.7934, lr_0 = 9.5396e-04
Validation rmse = 1.369293
Epoch 3
Loss = 5.8659e+00, PNorm = 35.5444, GNorm = 22.5436, lr_0 = 9.5196e-04
Loss = 4.6984e+00, PNorm = 35.5620, GNorm = 42.9364, lr_0 = 9.4997e-04
Loss = 1.6545e+00, PNorm = 35.5791, GNorm = 12.4913, lr_0 = 9.4798e-04
Loss = 1.9517e+00, PNorm = 35.5918, GNorm = 4.0351, lr_0 = 9.4600e-04
Loss = 1.2442e+00, PNorm = 35.6023, GNorm = 2.8033, lr_0 = 9.4402e-04
Loss = 1.1362e+00, PNorm = 35.6143, GNorm = 3.2122, lr_0 = 9.4205e-04
Loss = 2.6783e+00, PNorm = 35.6228, GNorm = 11.3780, lr_0 = 9.4007e-04
Loss = 3.2850e+00, PNorm = 35.6438, GNorm = 2.8557, lr_0 = 9.3811e-04
Loss = 2.2190e+00, PNorm = 35.6579, GNorm = 2.5434, lr_0 = 9.3614e-04
Loss = 3.3166e+00, PNorm = 35.6812, GNorm = 3.0283, lr_0 = 9.3419e-04
Loss = 2.1931e+00, PNorm = 35.7174, GNorm = 2.5453, lr_0 = 9.3223e-04
Loss = 6.2927e+00, PNorm = 35.7629, GNorm = 5.6434, lr_0 = 9.3028e-04
Loss = 7.2301e+00, PNorm = 35.8321, GNorm = 3.6090, lr_0 = 9.2833e-04
Loss = 4.8876e+00, PNorm = 35.8903, GNorm = 39.5032, lr_0 = 9.2639e-04
Loss = 2.1188e+00, PNorm = 35.9385, GNorm = 3.6933, lr_0 = 9.2445e-04
Loss = 3.7505e+00, PNorm = 35.9705, GNorm = 2.6927, lr_0 = 9.2252e-04
Loss = 2.0104e+00, PNorm = 35.9830, GNorm = 6.7415, lr_0 = 9.2059e-04
Loss = 1.3071e+00, PNorm = 35.9930, GNorm = 3.5001, lr_0 = 9.1866e-04
Loss = 2.9761e+00, PNorm = 36.0042, GNorm = 2.1008, lr_0 = 9.1674e-04
Loss = 2.2305e+00, PNorm = 36.0147, GNorm = 2.5236, lr_0 = 9.1482e-04
Loss = 4.7948e+00, PNorm = 36.0278, GNorm = 14.4182, lr_0 = 9.1291e-04
Loss = 2.4973e+00, PNorm = 36.0509, GNorm = 9.6239, lr_0 = 9.1100e-04
Loss = 2.9654e+00, PNorm = 36.0761, GNorm = 5.3485, lr_0 = 9.0909e-04
Validation rmse = 1.596389
Epoch 4
Loss = 1.2979e+00, PNorm = 36.0935, GNorm = 3.8394, lr_0 = 9.0700e-04
Loss = 2.8775e+00, PNorm = 36.1072, GNorm = 4.2217, lr_0 = 9.0510e-04
Loss = 3.4185e+00, PNorm = 36.1191, GNorm = 7.5474, lr_0 = 9.0320e-04
Loss = 2.1984e+00, PNorm = 36.1403, GNorm = 2.3151, lr_0 = 9.0131e-04
Loss = 1.0072e+00, PNorm = 36.1574, GNorm = 2.7924, lr_0 = 8.9943e-04
Loss = 4.7099e+00, PNorm = 36.1756, GNorm = 3.3227, lr_0 = 8.9755e-04
Loss = 2.1487e+00, PNorm = 36.1913, GNorm = 2.1376, lr_0 = 8.9567e-04
Loss = 2.6332e+00, PNorm = 36.2094, GNorm = 1.4540, lr_0 = 8.9379e-04
Loss = 1.8662e+00, PNorm = 36.2241, GNorm = 17.1376, lr_0 = 8.9192e-04
Loss = 1.9261e+00, PNorm = 36.2388, GNorm = 2.2164, lr_0 = 8.9006e-04
Loss = 5.8154e+00, PNorm = 36.2618, GNorm = 4.1514, lr_0 = 8.8819e-04
Loss = 2.1560e+00, PNorm = 36.2869, GNorm = 16.4072, lr_0 = 8.8634e-04
Loss = 2.6351e+00, PNorm = 36.3048, GNorm = 5.1512, lr_0 = 8.8448e-04
Loss = 2.3893e+00, PNorm = 36.3225, GNorm = 3.2792, lr_0 = 8.8263e-04
Loss = 3.4716e+00, PNorm = 36.3430, GNorm = 3.7185, lr_0 = 8.8078e-04
Loss = 2.3186e+00, PNorm = 36.3633, GNorm = 2.6442, lr_0 = 8.7894e-04
Loss = 3.5626e+00, PNorm = 36.3739, GNorm = 4.5951, lr_0 = 8.7710e-04
Loss = 1.8740e+00, PNorm = 36.3887, GNorm = 18.3948, lr_0 = 8.7527e-04
Loss = 3.6755e+00, PNorm = 36.4166, GNorm = 6.8104, lr_0 = 8.7343e-04
Loss = 1.9692e+00, PNorm = 36.4376, GNorm = 3.4764, lr_0 = 8.7161e-04
Loss = 3.8502e+00, PNorm = 36.4571, GNorm = 5.6110, lr_0 = 8.6978e-04
Loss = 2.6409e+00, PNorm = 36.4789, GNorm = 2.2587, lr_0 = 8.6796e-04
Loss = 1.7701e+00, PNorm = 36.4978, GNorm = 2.6289, lr_0 = 8.6615e-04
Validation rmse = 1.354916
Epoch 5
Loss = 2.7715e+00, PNorm = 36.5087, GNorm = 15.0578, lr_0 = 8.6433e-04
Loss = 2.5544e+00, PNorm = 36.5293, GNorm = 2.5725, lr_0 = 8.6252e-04
Loss = 2.2302e+00, PNorm = 36.5513, GNorm = 1.6080, lr_0 = 8.6072e-04
Loss = 1.9045e+00, PNorm = 36.5744, GNorm = 7.2005, lr_0 = 8.5892e-04
Loss = 1.4688e+00, PNorm = 36.5977, GNorm = 4.9892, lr_0 = 8.5712e-04
Loss = 1.6033e+00, PNorm = 36.6191, GNorm = 2.8346, lr_0 = 8.5533e-04
Loss = 4.6853e+00, PNorm = 36.6393, GNorm = 4.8995, lr_0 = 8.5354e-04
Loss = 1.4892e+00, PNorm = 36.6597, GNorm = 2.7280, lr_0 = 8.5175e-04
Loss = 3.4329e+00, PNorm = 36.6863, GNorm = 11.2307, lr_0 = 8.4997e-04
Loss = 3.7811e+00, PNorm = 36.7274, GNorm = 40.1359, lr_0 = 8.4819e-04
Loss = 4.0529e+00, PNorm = 36.7487, GNorm = 2.6718, lr_0 = 8.4642e-04
Loss = 4.6256e+00, PNorm = 36.7733, GNorm = 11.4496, lr_0 = 8.4464e-04
Loss = 1.4711e+00, PNorm = 36.8003, GNorm = 5.2481, lr_0 = 8.4288e-04
Loss = 2.0733e+00, PNorm = 36.8227, GNorm = 3.1554, lr_0 = 8.4111e-04
Loss = 1.5858e+00, PNorm = 36.8482, GNorm = 2.5759, lr_0 = 8.3935e-04
Loss = 1.5735e+00, PNorm = 36.8688, GNorm = 2.6394, lr_0 = 8.3760e-04
Loss = 2.4881e+00, PNorm = 36.8902, GNorm = 20.8654, lr_0 = 8.3584e-04
Loss = 2.7452e+00, PNorm = 36.9145, GNorm = 5.3483, lr_0 = 8.3409e-04
Loss = 2.0197e+00, PNorm = 36.9320, GNorm = 3.4052, lr_0 = 8.3235e-04
Loss = 1.8903e+00, PNorm = 36.9545, GNorm = 8.0803, lr_0 = 8.3061e-04
Loss = 2.9832e+00, PNorm = 36.9784, GNorm = 3.8447, lr_0 = 8.2887e-04
Loss = 4.2324e+00, PNorm = 36.9832, GNorm = 53.5101, lr_0 = 8.2714e-04
Loss = 2.9918e+00, PNorm = 37.0071, GNorm = 3.7162, lr_0 = 8.2540e-04
Validation rmse = 1.823790
Epoch 6
Loss = 1.5195e+00, PNorm = 37.0461, GNorm = 11.9372, lr_0 = 8.2350e-04
Loss = 1.6553e+00, PNorm = 37.0730, GNorm = 2.1808, lr_0 = 8.2178e-04
Loss = 4.1225e+00, PNorm = 37.1062, GNorm = 3.9567, lr_0 = 8.2006e-04
Loss = 3.9058e+00, PNorm = 37.1254, GNorm = 52.5249, lr_0 = 8.1835e-04
Loss = 1.8595e+00, PNorm = 37.1449, GNorm = 5.5243, lr_0 = 8.1663e-04
Loss = 3.0331e+00, PNorm = 37.1609, GNorm = 3.4896, lr_0 = 8.1492e-04
Loss = 3.6587e+00, PNorm = 37.1829, GNorm = 4.2690, lr_0 = 8.1322e-04
Loss = 1.8892e+00, PNorm = 37.2206, GNorm = 2.2724, lr_0 = 8.1152e-04
Loss = 2.1943e+00, PNorm = 37.2611, GNorm = 2.6405, lr_0 = 8.0982e-04
Loss = 2.2428e+00, PNorm = 37.2868, GNorm = 2.6674, lr_0 = 8.0812e-04
Loss = 1.2230e+00, PNorm = 37.3057, GNorm = 2.9776, lr_0 = 8.0643e-04
Loss = 1.4047e+00, PNorm = 37.3248, GNorm = 3.5151, lr_0 = 8.0475e-04
Loss = 3.3414e+00, PNorm = 37.3347, GNorm = 20.7166, lr_0 = 8.0306e-04
Loss = 1.9802e+00, PNorm = 37.3632, GNorm = 10.7686, lr_0 = 8.0138e-04
Loss = 1.5169e+00, PNorm = 37.3905, GNorm = 2.6106, lr_0 = 7.9970e-04
Loss = 1.7603e+00, PNorm = 37.4175, GNorm = 2.2751, lr_0 = 7.9803e-04
Loss = 3.7520e+00, PNorm = 37.4416, GNorm = 2.8854, lr_0 = 7.9636e-04
Loss = 1.9291e+00, PNorm = 37.4654, GNorm = 6.3017, lr_0 = 7.9469e-04
Loss = 2.4837e+00, PNorm = 37.5012, GNorm = 2.4930, lr_0 = 7.9303e-04
Loss = 1.8658e+00, PNorm = 37.5382, GNorm = 7.9901, lr_0 = 7.9137e-04
Loss = 1.3698e+00, PNorm = 37.5672, GNorm = 2.7723, lr_0 = 7.8972e-04
Loss = 2.4874e+00, PNorm = 37.6014, GNorm = 3.3838, lr_0 = 7.8806e-04
Loss = 2.9946e+00, PNorm = 37.6493, GNorm = 3.4440, lr_0 = 7.8641e-04
Validation rmse = 1.773817
Epoch 7
Loss = 4.7032e+00, PNorm = 37.6565, GNorm = 50.0447, lr_0 = 7.8477e-04
Loss = 1.9487e+00, PNorm = 37.6821, GNorm = 4.7497, lr_0 = 7.8313e-04
Loss = 1.3088e+00, PNorm = 37.7114, GNorm = 7.4227, lr_0 = 7.8149e-04
Loss = 2.0275e+00, PNorm = 37.7221, GNorm = 8.6446, lr_0 = 7.7985e-04
Loss = 3.7052e+00, PNorm = 37.7327, GNorm = 2.5098, lr_0 = 7.7822e-04
Loss = 4.5126e+00, PNorm = 37.7467, GNorm = 57.4016, lr_0 = 7.7659e-04
Loss = 1.1999e+00, PNorm = 37.7618, GNorm = 2.2558, lr_0 = 7.7497e-04
Loss = 2.3348e+00, PNorm = 37.7842, GNorm = 18.7365, lr_0 = 7.7335e-04
Loss = 1.1728e+00, PNorm = 37.8143, GNorm = 6.7294, lr_0 = 7.7173e-04
Loss = 3.1453e+00, PNorm = 37.8543, GNorm = 2.3633, lr_0 = 7.7011e-04
Loss = 2.7110e+00, PNorm = 37.8835, GNorm = 16.9198, lr_0 = 7.6850e-04
Loss = 3.3529e+00, PNorm = 37.9529, GNorm = 53.0592, lr_0 = 7.6689e-04
Loss = 1.5639e+00, PNorm = 37.9889, GNorm = 8.8308, lr_0 = 7.6529e-04
Loss = 1.7853e+00, PNorm = 38.0191, GNorm = 26.0314, lr_0 = 7.6369e-04
Loss = 2.1351e+00, PNorm = 38.0450, GNorm = 3.9518, lr_0 = 7.6209e-04
Loss = 1.3813e+00, PNorm = 38.0782, GNorm = 6.2388, lr_0 = 7.6049e-04
Loss = 2.6735e+00, PNorm = 38.1214, GNorm = 1.7975, lr_0 = 7.5890e-04
Loss = 2.9785e+00, PNorm = 38.1630, GNorm = 3.2640, lr_0 = 7.5731e-04
Loss = 1.5315e+00, PNorm = 38.1831, GNorm = 6.9119, lr_0 = 7.5573e-04
Loss = 1.5797e+00, PNorm = 38.1917, GNorm = 3.6373, lr_0 = 7.5415e-04
Loss = 1.1932e+00, PNorm = 38.2044, GNorm = 4.0536, lr_0 = 7.5257e-04
Loss = 1.3664e+00, PNorm = 38.2209, GNorm = 6.7546, lr_0 = 7.5099e-04
Loss = 1.6804e+00, PNorm = 38.2423, GNorm = 2.3968, lr_0 = 7.4942e-04
Validation rmse = 1.697883
Epoch 8
Loss = 1.6960e+00, PNorm = 38.2658, GNorm = 6.4450, lr_0 = 7.4770e-04
Loss = 1.6606e+00, PNorm = 38.2806, GNorm = 8.6122, lr_0 = 7.4613e-04
Loss = 1.5239e+00, PNorm = 38.2860, GNorm = 5.6922, lr_0 = 7.4457e-04
Loss = 2.7953e+00, PNorm = 38.3043, GNorm = 5.3501, lr_0 = 7.4301e-04
Loss = 2.1675e+00, PNorm = 38.3246, GNorm = 3.2057, lr_0 = 7.4146e-04
Loss = 1.4319e+00, PNorm = 38.3441, GNorm = 2.3609, lr_0 = 7.3991e-04
Loss = 2.2155e+00, PNorm = 38.3901, GNorm = 4.7714, lr_0 = 7.3836e-04
Loss = 1.4052e+00, PNorm = 38.4041, GNorm = 9.3790, lr_0 = 7.3681e-04
Loss = 3.4066e+00, PNorm = 38.4209, GNorm = 18.2437, lr_0 = 7.3527e-04
Loss = 3.3318e+00, PNorm = 38.4333, GNorm = 3.8867, lr_0 = 7.3373e-04
Loss = 2.6056e+00, PNorm = 38.4373, GNorm = 4.3577, lr_0 = 7.3220e-04
Loss = 1.7722e+00, PNorm = 38.4465, GNorm = 3.2336, lr_0 = 7.3067e-04
Loss = 1.6624e+00, PNorm = 38.4624, GNorm = 3.8381, lr_0 = 7.2914e-04
Loss = 1.6757e+00, PNorm = 38.4793, GNorm = 2.2365, lr_0 = 7.2761e-04
Loss = 1.0846e+00, PNorm = 38.4980, GNorm = 2.1447, lr_0 = 7.2609e-04
Loss = 1.9104e+00, PNorm = 38.5179, GNorm = 33.6996, lr_0 = 7.2457e-04
Loss = 3.7696e+00, PNorm = 38.5279, GNorm = 53.8689, lr_0 = 7.2305e-04
Loss = 2.2010e+00, PNorm = 38.5480, GNorm = 6.4397, lr_0 = 7.2154e-04
Loss = 1.9649e+00, PNorm = 38.5775, GNorm = 10.3485, lr_0 = 7.2003e-04
Loss = 2.2612e+00, PNorm = 38.6188, GNorm = 2.4520, lr_0 = 7.1852e-04
Loss = 2.8122e+00, PNorm = 38.6627, GNorm = 4.4012, lr_0 = 7.1702e-04
Loss = 1.5414e+00, PNorm = 38.6951, GNorm = 13.1926, lr_0 = 7.1552e-04
Loss = 2.1430e+00, PNorm = 38.6994, GNorm = 2.1446, lr_0 = 7.1402e-04
Validation rmse = 1.434580
Epoch 9
Loss = 4.4535e+00, PNorm = 38.7105, GNorm = 2.0392, lr_0 = 7.1238e-04
Loss = 9.0584e-01, PNorm = 38.7179, GNorm = 3.1637, lr_0 = 7.1089e-04
Loss = 1.8343e+00, PNorm = 38.7270, GNorm = 3.1963, lr_0 = 7.0940e-04
Loss = 3.3037e+00, PNorm = 38.7344, GNorm = 78.6383, lr_0 = 7.0792e-04
Loss = 2.7535e+00, PNorm = 38.7512, GNorm = 15.2053, lr_0 = 7.0643e-04
Loss = 1.0666e+00, PNorm = 38.7665, GNorm = 6.0965, lr_0 = 7.0496e-04
Loss = 3.6914e+00, PNorm = 38.7875, GNorm = 3.2926, lr_0 = 7.0348e-04
Loss = 1.2263e+00, PNorm = 38.8050, GNorm = 3.4409, lr_0 = 7.0201e-04
Loss = 1.4586e+00, PNorm = 38.8195, GNorm = 2.9457, lr_0 = 7.0054e-04
Loss = 1.9640e+00, PNorm = 38.8401, GNorm = 4.6401, lr_0 = 6.9907e-04
Loss = 1.2805e+00, PNorm = 38.8581, GNorm = 5.9096, lr_0 = 6.9761e-04
Loss = 2.0098e+00, PNorm = 38.8874, GNorm = 2.3743, lr_0 = 6.9615e-04
Loss = 1.8305e+00, PNorm = 38.8999, GNorm = 15.7363, lr_0 = 6.9469e-04
Loss = 1.9975e+00, PNorm = 38.9105, GNorm = 8.5363, lr_0 = 6.9324e-04
Loss = 3.4677e+00, PNorm = 38.9191, GNorm = 38.9737, lr_0 = 6.9179e-04
Loss = 1.8524e+00, PNorm = 38.9323, GNorm = 19.7746, lr_0 = 6.9034e-04
Loss = 1.7660e+00, PNorm = 38.9512, GNorm = 3.6478, lr_0 = 6.8890e-04
Loss = 1.8141e+00, PNorm = 38.9703, GNorm = 4.0659, lr_0 = 6.8746e-04
Loss = 2.1812e+00, PNorm = 38.9785, GNorm = 2.3797, lr_0 = 6.8602e-04
Loss = 2.1567e+00, PNorm = 38.9940, GNorm = 16.7629, lr_0 = 6.8458e-04
Loss = 1.8857e+00, PNorm = 39.0123, GNorm = 3.4897, lr_0 = 6.8315e-04
Loss = 1.3552e+00, PNorm = 39.0208, GNorm = 13.1930, lr_0 = 6.8172e-04
Loss = 2.3647e+00, PNorm = 39.0298, GNorm = 2.4403, lr_0 = 6.8029e-04
Validation rmse = 1.659858
Epoch 10
Loss = 1.7827e+00, PNorm = 39.0418, GNorm = 4.9416, lr_0 = 6.7887e-04
Loss = 2.2511e+00, PNorm = 39.0564, GNorm = 2.8155, lr_0 = 6.7745e-04
Loss = 2.0881e+00, PNorm = 39.0610, GNorm = 2.7517, lr_0 = 6.7603e-04
Loss = 1.4199e+00, PNorm = 39.0647, GNorm = 5.3431, lr_0 = 6.7462e-04
Loss = 1.8148e+00, PNorm = 39.0831, GNorm = 7.1553, lr_0 = 6.7321e-04
Loss = 1.2640e+00, PNorm = 39.0909, GNorm = 15.9329, lr_0 = 6.7180e-04
Loss = 2.3473e+00, PNorm = 39.1005, GNorm = 22.3656, lr_0 = 6.7039e-04
Loss = 1.9625e+00, PNorm = 39.1138, GNorm = 17.7242, lr_0 = 6.6899e-04
Loss = 1.5320e+00, PNorm = 39.1325, GNorm = 3.0008, lr_0 = 6.6759e-04
Loss = 4.9412e+00, PNorm = 39.1597, GNorm = 5.9994, lr_0 = 6.6619e-04
Loss = 1.5128e+00, PNorm = 39.1758, GNorm = 3.0031, lr_0 = 6.6480e-04
Loss = 2.8554e+00, PNorm = 39.1906, GNorm = 4.0964, lr_0 = 6.6341e-04
Loss = 2.6369e+00, PNorm = 39.2153, GNorm = 3.5423, lr_0 = 6.6202e-04
Loss = 1.7242e+00, PNorm = 39.2253, GNorm = 2.4288, lr_0 = 6.6063e-04
Loss = 1.5230e+00, PNorm = 39.2318, GNorm = 10.0824, lr_0 = 6.5925e-04
Loss = 2.4347e+00, PNorm = 39.2587, GNorm = 4.0682, lr_0 = 6.5787e-04
Loss = 1.7181e+00, PNorm = 39.2810, GNorm = 3.2343, lr_0 = 6.5649e-04
Loss = 1.6928e+00, PNorm = 39.2985, GNorm = 4.9257, lr_0 = 6.5512e-04
Loss = 1.4943e+00, PNorm = 39.3104, GNorm = 3.4230, lr_0 = 6.5375e-04
Loss = 1.3222e+00, PNorm = 39.3332, GNorm = 7.4166, lr_0 = 6.5238e-04
Loss = 2.8024e+00, PNorm = 39.3417, GNorm = 2.3476, lr_0 = 6.5102e-04
Loss = 1.7588e+00, PNorm = 39.3558, GNorm = 5.0352, lr_0 = 6.4965e-04
Loss = 1.1591e+00, PNorm = 39.3692, GNorm = 3.3967, lr_0 = 6.4829e-04
Validation rmse = 1.824587
Epoch 11
Loss = 1.3083e+00, PNorm = 39.3779, GNorm = 4.6876, lr_0 = 6.4680e-04
Loss = 9.1978e-01, PNorm = 39.3852, GNorm = 2.5235, lr_0 = 6.4545e-04
Loss = 1.5546e+00, PNorm = 39.3908, GNorm = 7.4166, lr_0 = 6.4410e-04
Loss = 1.9209e+00, PNorm = 39.4027, GNorm = 5.6863, lr_0 = 6.4275e-04
Loss = 2.3835e+00, PNorm = 39.4161, GNorm = 9.1608, lr_0 = 6.4141e-04
Loss = 1.4293e+00, PNorm = 39.4273, GNorm = 5.9166, lr_0 = 6.4006e-04
Loss = 1.9883e+00, PNorm = 39.4511, GNorm = 2.9539, lr_0 = 6.3872e-04
Loss = 1.0990e+00, PNorm = 39.4776, GNorm = 2.8114, lr_0 = 6.3739e-04
Loss = 1.3220e+00, PNorm = 39.4947, GNorm = 9.6071, lr_0 = 6.3605e-04
Loss = 1.3015e+00, PNorm = 39.5100, GNorm = 5.4288, lr_0 = 6.3472e-04
Loss = 2.4747e+00, PNorm = 39.5179, GNorm = 54.0268, lr_0 = 6.3339e-04
Loss = 1.7445e+00, PNorm = 39.5321, GNorm = 3.7701, lr_0 = 6.3207e-04
Loss = 2.6976e+00, PNorm = 39.5500, GNorm = 2.0086, lr_0 = 6.3075e-04
Loss = 1.8137e+00, PNorm = 39.5583, GNorm = 2.9202, lr_0 = 6.2943e-04
Loss = 1.8346e+00, PNorm = 39.5721, GNorm = 2.3426, lr_0 = 6.2811e-04
Loss = 1.4194e+00, PNorm = 39.5855, GNorm = 18.4176, lr_0 = 6.2679e-04
Loss = 3.6077e+00, PNorm = 39.5938, GNorm = 3.8849, lr_0 = 6.2548e-04
Loss = 1.8160e+00, PNorm = 39.6074, GNorm = 3.1830, lr_0 = 6.2417e-04
Loss = 2.0663e+00, PNorm = 39.6247, GNorm = 14.7276, lr_0 = 6.2287e-04
Loss = 1.4435e+00, PNorm = 39.6372, GNorm = 13.2532, lr_0 = 6.2156e-04
Loss = 3.9628e+00, PNorm = 39.6530, GNorm = 39.2566, lr_0 = 6.2026e-04
Loss = 1.6435e+00, PNorm = 39.6912, GNorm = 3.4521, lr_0 = 6.1897e-04
Loss = 1.7839e+00, PNorm = 39.7122, GNorm = 4.8133, lr_0 = 6.1767e-04
Validation rmse = 1.792544
Epoch 12
Loss = 1.2947e+00, PNorm = 39.7405, GNorm = 3.0386, lr_0 = 6.1638e-04
Loss = 1.2245e+00, PNorm = 39.7579, GNorm = 5.0274, lr_0 = 6.1509e-04
Loss = 1.0962e+00, PNorm = 39.7703, GNorm = 3.0694, lr_0 = 6.1380e-04
Loss = 3.4264e+00, PNorm = 39.7813, GNorm = 1.8393, lr_0 = 6.1252e-04
Loss = 3.8762e+00, PNorm = 39.8052, GNorm = 13.0156, lr_0 = 6.1123e-04
Loss = 1.7339e+00, PNorm = 39.8240, GNorm = 2.4867, lr_0 = 6.0996e-04
Loss = 1.4972e+00, PNorm = 39.8430, GNorm = 2.7398, lr_0 = 6.0868e-04
Loss = 1.4051e+00, PNorm = 39.8534, GNorm = 15.0905, lr_0 = 6.0741e-04
Loss = 2.2227e+00, PNorm = 39.8690, GNorm = 18.0607, lr_0 = 6.0613e-04
Loss = 1.5904e+00, PNorm = 39.8818, GNorm = 3.6171, lr_0 = 6.0487e-04
Loss = 1.6204e+00, PNorm = 39.8950, GNorm = 5.8818, lr_0 = 6.0360e-04
Loss = 1.2368e+00, PNorm = 39.9053, GNorm = 5.0383, lr_0 = 6.0234e-04
Loss = 1.3374e+00, PNorm = 39.9067, GNorm = 2.2129, lr_0 = 6.0108e-04
Loss = 1.8852e+00, PNorm = 39.9001, GNorm = 18.4055, lr_0 = 5.9982e-04
Loss = 1.0994e+00, PNorm = 39.8948, GNorm = 4.1347, lr_0 = 5.9856e-04
Loss = 2.4267e+00, PNorm = 39.9148, GNorm = 16.5912, lr_0 = 5.9731e-04
Loss = 2.1256e+00, PNorm = 39.9366, GNorm = 6.0522, lr_0 = 5.9606e-04
Loss = 1.7936e+00, PNorm = 39.9610, GNorm = 6.0665, lr_0 = 5.9481e-04
Loss = 1.5761e+00, PNorm = 39.9732, GNorm = 3.7776, lr_0 = 5.9357e-04
Loss = 1.3770e+00, PNorm = 39.9803, GNorm = 2.0996, lr_0 = 5.9233e-04
Loss = 2.6273e+00, PNorm = 40.0029, GNorm = 10.7676, lr_0 = 5.9109e-04
Loss = 2.6962e+00, PNorm = 40.0221, GNorm = 6.2446, lr_0 = 5.8985e-04
Loss = 1.6086e+00, PNorm = 40.0416, GNorm = 2.4979, lr_0 = 5.8862e-04
Validation rmse = 1.753366
Epoch 13
Loss = 9.5228e-01, PNorm = 40.0590, GNorm = 1.8512, lr_0 = 5.8726e-04
Loss = 1.3652e+00, PNorm = 40.0719, GNorm = 2.7633, lr_0 = 5.8603e-04
Loss = 2.6368e+00, PNorm = 40.0806, GNorm = 2.3942, lr_0 = 5.8481e-04
Loss = 2.3223e+00, PNorm = 40.0993, GNorm = 10.0865, lr_0 = 5.8358e-04
Loss = 2.2557e+00, PNorm = 40.1199, GNorm = 46.5678, lr_0 = 5.8236e-04
Loss = 1.3173e+00, PNorm = 40.1339, GNorm = 3.3802, lr_0 = 5.8114e-04
Loss = 4.4234e+00, PNorm = 40.1397, GNorm = 4.0808, lr_0 = 5.7993e-04
Loss = 1.8461e+00, PNorm = 40.1554, GNorm = 3.1011, lr_0 = 5.7871e-04
Loss = 1.7908e+00, PNorm = 40.1715, GNorm = 3.6378, lr_0 = 5.7750e-04
Loss = 2.6041e+00, PNorm = 40.1906, GNorm = 2.6679, lr_0 = 5.7629e-04
Loss = 1.1484e+00, PNorm = 40.2021, GNorm = 3.5780, lr_0 = 5.7509e-04
Loss = 1.3190e+00, PNorm = 40.2064, GNorm = 2.0916, lr_0 = 5.7388e-04
Loss = 1.2476e+00, PNorm = 40.2193, GNorm = 7.2982, lr_0 = 5.7268e-04
Loss = 1.1313e+00, PNorm = 40.2382, GNorm = 11.6681, lr_0 = 5.7149e-04
Loss = 2.3288e+00, PNorm = 40.2572, GNorm = 2.9175, lr_0 = 5.7029e-04
Loss = 1.4431e+00, PNorm = 40.2685, GNorm = 2.2174, lr_0 = 5.6910e-04
Loss = 1.7980e+00, PNorm = 40.2767, GNorm = 2.1982, lr_0 = 5.6791e-04
Loss = 1.3754e+00, PNorm = 40.2911, GNorm = 4.7826, lr_0 = 5.6672e-04
Loss = 2.7524e+00, PNorm = 40.3072, GNorm = 5.5585, lr_0 = 5.6553e-04
Loss = 1.5574e+00, PNorm = 40.3139, GNorm = 3.8551, lr_0 = 5.6435e-04
Loss = 1.4553e+00, PNorm = 40.3323, GNorm = 3.7053, lr_0 = 5.6317e-04
Loss = 1.3695e+00, PNorm = 40.3488, GNorm = 3.4082, lr_0 = 5.6199e-04
Loss = 1.0508e+00, PNorm = 40.3685, GNorm = 4.1877, lr_0 = 5.6081e-04
Validation rmse = 1.748158
Epoch 14
Loss = 1.8078e+00, PNorm = 40.3760, GNorm = 5.9409, lr_0 = 5.5964e-04
Loss = 3.1516e+00, PNorm = 40.3920, GNorm = 27.2878, lr_0 = 5.5847e-04
Loss = 1.8802e+00, PNorm = 40.4065, GNorm = 8.8819, lr_0 = 5.5730e-04
Loss = 2.0046e+00, PNorm = 40.4106, GNorm = 5.2098, lr_0 = 5.5613e-04
Loss = 1.8467e+00, PNorm = 40.4235, GNorm = 2.2516, lr_0 = 5.5497e-04
Loss = 1.7842e+00, PNorm = 40.4393, GNorm = 7.0661, lr_0 = 5.5381e-04
Loss = 1.4213e+00, PNorm = 40.4530, GNorm = 8.7048, lr_0 = 5.5265e-04
Loss = 1.8823e+00, PNorm = 40.4694, GNorm = 39.3686, lr_0 = 5.5149e-04
Loss = 9.3591e-01, PNorm = 40.4887, GNorm = 5.3447, lr_0 = 5.5034e-04
Loss = 2.5362e+00, PNorm = 40.5143, GNorm = 4.3406, lr_0 = 5.4919e-04
Loss = 2.0612e+00, PNorm = 40.5351, GNorm = 5.1532, lr_0 = 5.4804e-04
Loss = 2.9261e+00, PNorm = 40.5588, GNorm = 3.7205, lr_0 = 5.4689e-04
Loss = 3.0022e+00, PNorm = 40.5692, GNorm = 2.6622, lr_0 = 5.4575e-04
Loss = 1.2614e+00, PNorm = 40.5765, GNorm = 9.7579, lr_0 = 5.4460e-04
Loss = 1.5809e+00, PNorm = 40.5856, GNorm = 3.0811, lr_0 = 5.4346e-04
Loss = 1.0543e+00, PNorm = 40.6009, GNorm = 1.6490, lr_0 = 5.4233e-04
Loss = 1.7894e+00, PNorm = 40.6079, GNorm = 2.6306, lr_0 = 5.4119e-04
Loss = 1.4040e+00, PNorm = 40.6114, GNorm = 3.3311, lr_0 = 5.4006e-04
Loss = 1.1477e+00, PNorm = 40.6227, GNorm = 1.9067, lr_0 = 5.3893e-04
Loss = 2.4204e+00, PNorm = 40.6386, GNorm = 2.3830, lr_0 = 5.3780e-04
Loss = 1.2675e+00, PNorm = 40.6538, GNorm = 4.4621, lr_0 = 5.3668e-04
Loss = 1.2243e+00, PNorm = 40.6649, GNorm = 2.3307, lr_0 = 5.3555e-04
Loss = 1.0084e+00, PNorm = 40.6704, GNorm = 10.4707, lr_0 = 5.3443e-04
Validation rmse = 1.727790
Epoch 15
Loss = 2.9443e+00, PNorm = 40.6779, GNorm = 10.6463, lr_0 = 5.3320e-04
Loss = 1.9885e+00, PNorm = 40.6880, GNorm = 23.0829, lr_0 = 5.3209e-04
Loss = 9.4188e-01, PNorm = 40.6974, GNorm = 3.7153, lr_0 = 5.3097e-04
Loss = 1.0393e+00, PNorm = 40.7041, GNorm = 2.5046, lr_0 = 5.2986e-04
Loss = 1.8760e+00, PNorm = 40.7216, GNorm = 2.4752, lr_0 = 5.2875e-04
Loss = 2.1703e+00, PNorm = 40.7480, GNorm = 2.8955, lr_0 = 5.2765e-04
Loss = 2.4603e+00, PNorm = 40.7751, GNorm = 1.6622, lr_0 = 5.2654e-04
Loss = 1.2887e+00, PNorm = 40.7944, GNorm = 4.4443, lr_0 = 5.2544e-04
Loss = 1.3611e+00, PNorm = 40.8080, GNorm = 2.1267, lr_0 = 5.2434e-04
Loss = 3.0498e+00, PNorm = 40.8218, GNorm = 7.3596, lr_0 = 5.2324e-04
Loss = 1.5321e+00, PNorm = 40.8365, GNorm = 6.3755, lr_0 = 5.2215e-04
Loss = 1.1123e+00, PNorm = 40.8498, GNorm = 2.1510, lr_0 = 5.2106e-04
Loss = 2.1280e+00, PNorm = 40.8613, GNorm = 31.0548, lr_0 = 5.1997e-04
Loss = 1.1214e+00, PNorm = 40.8657, GNorm = 3.6699, lr_0 = 5.1888e-04
Loss = 2.2485e+00, PNorm = 40.8773, GNorm = 10.9413, lr_0 = 5.1779e-04
Loss = 1.1398e+00, PNorm = 40.8912, GNorm = 5.8106, lr_0 = 5.1671e-04
Loss = 2.1742e+00, PNorm = 40.9042, GNorm = 40.9848, lr_0 = 5.1563e-04
Loss = 1.2012e+00, PNorm = 40.9218, GNorm = 2.5578, lr_0 = 5.1455e-04
Loss = 1.0801e+00, PNorm = 40.9254, GNorm = 1.8452, lr_0 = 5.1347e-04
Loss = 2.1617e+00, PNorm = 40.9302, GNorm = 4.8094, lr_0 = 5.1240e-04
Loss = 1.5295e+00, PNorm = 40.9422, GNorm = 37.6754, lr_0 = 5.1133e-04
Loss = 1.4320e+00, PNorm = 40.9596, GNorm = 2.3367, lr_0 = 5.1026e-04
Loss = 1.5041e+00, PNorm = 40.9731, GNorm = 16.9898, lr_0 = 5.0919e-04
Validation rmse = 1.788261
Epoch 16
Loss = 3.2689e+00, PNorm = 40.9919, GNorm = 5.5221, lr_0 = 5.0812e-04
Loss = 1.5515e+00, PNorm = 41.0048, GNorm = 4.2452, lr_0 = 5.0706e-04
Loss = 1.8896e+00, PNorm = 41.0116, GNorm = 5.5332, lr_0 = 5.0600e-04
Loss = 1.1535e+00, PNorm = 41.0213, GNorm = 2.1519, lr_0 = 5.0494e-04
Loss = 1.4132e+00, PNorm = 41.0395, GNorm = 16.3621, lr_0 = 5.0388e-04
Loss = 1.0661e+00, PNorm = 41.0498, GNorm = 2.5839, lr_0 = 5.0283e-04
Loss = 1.3784e+00, PNorm = 41.0651, GNorm = 2.4825, lr_0 = 5.0178e-04
Loss = 1.0168e+00, PNorm = 41.0792, GNorm = 2.9003, lr_0 = 5.0073e-04
Loss = 1.1172e+00, PNorm = 41.0973, GNorm = 2.5251, lr_0 = 4.9968e-04
Loss = 1.4364e+00, PNorm = 41.1140, GNorm = 15.5588, lr_0 = 4.9863e-04
Loss = 4.2005e+00, PNorm = 41.1234, GNorm = 3.7053, lr_0 = 4.9759e-04
Loss = 2.3472e+00, PNorm = 41.1363, GNorm = 3.9765, lr_0 = 4.9655e-04
Loss = 1.3575e+00, PNorm = 41.1451, GNorm = 4.0710, lr_0 = 4.9551e-04
Loss = 1.5856e+00, PNorm = 41.1587, GNorm = 14.1426, lr_0 = 4.9447e-04
Loss = 1.7987e+00, PNorm = 41.1758, GNorm = 19.2367, lr_0 = 4.9344e-04
Loss = 1.0472e+00, PNorm = 41.1917, GNorm = 4.2460, lr_0 = 4.9240e-04
Loss = 8.4351e-01, PNorm = 41.2039, GNorm = 3.5662, lr_0 = 4.9137e-04
Loss = 1.0210e+00, PNorm = 41.2115, GNorm = 5.1684, lr_0 = 4.9035e-04
Loss = 1.1921e+00, PNorm = 41.2259, GNorm = 2.9364, lr_0 = 4.8932e-04
Loss = 1.9439e+00, PNorm = 41.2460, GNorm = 5.2040, lr_0 = 4.8830e-04
Loss = 1.9991e+00, PNorm = 41.2676, GNorm = 5.8273, lr_0 = 4.8727e-04
Loss = 1.6196e+00, PNorm = 41.2811, GNorm = 2.3066, lr_0 = 4.8625e-04
Loss = 1.2725e+00, PNorm = 41.2874, GNorm = 19.7462, lr_0 = 4.8524e-04
Loss = 3.8840e+00, PNorm = 41.2884, GNorm = 35.7589, lr_0 = 4.8513e-04
Validation rmse = 1.879192
Epoch 17
Loss = 8.8881e-01, PNorm = 41.2993, GNorm = 3.1045, lr_0 = 4.8412e-04
Loss = 1.2026e+00, PNorm = 41.3101, GNorm = 3.0534, lr_0 = 4.8311e-04
Loss = 2.7260e+00, PNorm = 41.3209, GNorm = 51.8377, lr_0 = 4.8210e-04
Loss = 1.1380e+00, PNorm = 41.3306, GNorm = 7.9445, lr_0 = 4.8109e-04
Loss = 2.6532e+00, PNorm = 41.3547, GNorm = 49.6269, lr_0 = 4.8008e-04
Loss = 1.9315e+00, PNorm = 41.3659, GNorm = 4.9185, lr_0 = 4.7908e-04
Loss = 1.2975e+00, PNorm = 41.3781, GNorm = 3.9085, lr_0 = 4.7807e-04
Loss = 1.1334e+00, PNorm = 41.3903, GNorm = 2.9634, lr_0 = 4.7707e-04
Loss = 2.8336e+00, PNorm = 41.3994, GNorm = 44.9689, lr_0 = 4.7607e-04
Loss = 1.3948e+00, PNorm = 41.4214, GNorm = 7.0211, lr_0 = 4.7508e-04
Loss = 1.6846e+00, PNorm = 41.4428, GNorm = 8.9291, lr_0 = 4.7408e-04
Loss = 1.6135e+00, PNorm = 41.4590, GNorm = 33.6244, lr_0 = 4.7309e-04
Loss = 1.1723e+00, PNorm = 41.4720, GNorm = 12.9512, lr_0 = 4.7210e-04
Loss = 1.3830e+00, PNorm = 41.4846, GNorm = 14.8528, lr_0 = 4.7111e-04
Loss = 1.0683e+00, PNorm = 41.4975, GNorm = 10.6048, lr_0 = 4.7013e-04
Loss = 1.6964e+00, PNorm = 41.5061, GNorm = 16.3470, lr_0 = 4.6914e-04
Loss = 1.7775e+00, PNorm = 41.5189, GNorm = 20.8189, lr_0 = 4.6816e-04
Loss = 2.3961e+00, PNorm = 41.5306, GNorm = 2.9011, lr_0 = 4.6718e-04
Loss = 1.4252e+00, PNorm = 41.5383, GNorm = 16.1948, lr_0 = 4.6621e-04
Loss = 9.9516e-01, PNorm = 41.5445, GNorm = 4.6848, lr_0 = 4.6523e-04
Loss = 8.2346e-01, PNorm = 41.5526, GNorm = 3.7871, lr_0 = 4.6426e-04
Loss = 1.6466e+00, PNorm = 41.5556, GNorm = 2.6752, lr_0 = 4.6328e-04
Validation rmse = 1.857279
Epoch 18
Loss = 1.2484e+00, PNorm = 41.5776, GNorm = 3.2047, lr_0 = 4.6222e-04
Loss = 1.2005e+00, PNorm = 41.5929, GNorm = 5.0763, lr_0 = 4.6125e-04
Loss = 1.6478e+00, PNorm = 41.6053, GNorm = 17.4380, lr_0 = 4.6029e-04
Loss = 2.2523e+00, PNorm = 41.6185, GNorm = 3.5445, lr_0 = 4.5932e-04
Loss = 9.4645e-01, PNorm = 41.6280, GNorm = 2.5127, lr_0 = 4.5836e-04
Loss = 1.8465e+00, PNorm = 41.6347, GNorm = 16.4638, lr_0 = 4.5740e-04
Loss = 8.8736e-01, PNorm = 41.6459, GNorm = 7.6115, lr_0 = 4.5645e-04
Loss = 8.6443e-01, PNorm = 41.6558, GNorm = 3.3537, lr_0 = 4.5549e-04
Loss = 1.7821e+00, PNorm = 41.6670, GNorm = 2.3947, lr_0 = 4.5454e-04
Loss = 9.1974e-01, PNorm = 41.6794, GNorm = 3.9120, lr_0 = 4.5359e-04
Loss = 2.8068e+00, PNorm = 41.6851, GNorm = 40.0000, lr_0 = 4.5264e-04
Loss = 1.3752e+00, PNorm = 41.6964, GNorm = 3.4810, lr_0 = 4.5169e-04
Loss = 1.1615e+00, PNorm = 41.7111, GNorm = 8.8988, lr_0 = 4.5074e-04
Loss = 1.0704e+00, PNorm = 41.7325, GNorm = 1.8925, lr_0 = 4.4980e-04
Loss = 1.2485e+00, PNorm = 41.7439, GNorm = 22.3485, lr_0 = 4.4886e-04
Loss = 1.6604e+00, PNorm = 41.7600, GNorm = 3.9531, lr_0 = 4.4792e-04
Loss = 1.2853e+00, PNorm = 41.7696, GNorm = 4.4357, lr_0 = 4.4698e-04
Loss = 1.9570e+00, PNorm = 41.7819, GNorm = 3.0322, lr_0 = 4.4605e-04
Loss = 1.5933e+00, PNorm = 41.7976, GNorm = 34.3998, lr_0 = 4.4511e-04
Loss = 1.8408e+00, PNorm = 41.8024, GNorm = 3.4729, lr_0 = 4.4418e-04
Loss = 2.1817e+00, PNorm = 41.8088, GNorm = 12.7552, lr_0 = 4.4325e-04
Loss = 2.2707e+00, PNorm = 41.8255, GNorm = 5.5847, lr_0 = 4.4233e-04
Loss = 3.0212e+00, PNorm = 41.8458, GNorm = 10.9906, lr_0 = 4.4140e-04
Validation rmse = 1.930694
Epoch 19
Loss = 5.0472e-01, PNorm = 41.8612, GNorm = 1.5176, lr_0 = 4.4048e-04
Loss = 1.1056e+00, PNorm = 41.8728, GNorm = 6.2694, lr_0 = 4.3955e-04
Loss = 1.3606e+00, PNorm = 41.8875, GNorm = 3.9935, lr_0 = 4.3864e-04
Loss = 2.1095e+00, PNorm = 41.8976, GNorm = 38.0552, lr_0 = 4.3772e-04
Loss = 3.0848e+00, PNorm = 41.9146, GNorm = 2.6721, lr_0 = 4.3680e-04
Loss = 1.1039e+00, PNorm = 41.9349, GNorm = 3.4613, lr_0 = 4.3589e-04
Loss = 3.2997e+00, PNorm = 41.9520, GNorm = 3.9644, lr_0 = 4.3498e-04
Loss = 1.3219e+00, PNorm = 41.9650, GNorm = 2.4167, lr_0 = 4.3406e-04
Loss = 1.5576e+00, PNorm = 41.9817, GNorm = 4.2106, lr_0 = 4.3316e-04
Loss = 1.1972e+00, PNorm = 42.0002, GNorm = 2.9620, lr_0 = 4.3225e-04
Loss = 1.6535e+00, PNorm = 42.0147, GNorm = 3.4910, lr_0 = 4.3135e-04
Loss = 1.2921e+00, PNorm = 42.0266, GNorm = 4.8464, lr_0 = 4.3044e-04
Loss = 9.0104e-01, PNorm = 42.0359, GNorm = 3.2188, lr_0 = 4.2954e-04
Loss = 1.3735e+00, PNorm = 42.0412, GNorm = 3.0171, lr_0 = 4.2864e-04
Loss = 8.2359e-01, PNorm = 42.0376, GNorm = 2.7283, lr_0 = 4.2775e-04
Loss = 1.3178e+00, PNorm = 42.0368, GNorm = 2.8662, lr_0 = 4.2685e-04
Loss = 1.5654e+00, PNorm = 42.0465, GNorm = 1.9655, lr_0 = 4.2596e-04
Loss = 1.0574e+00, PNorm = 42.0530, GNorm = 1.5960, lr_0 = 4.2507e-04
Loss = 1.4526e+00, PNorm = 42.0622, GNorm = 8.3022, lr_0 = 4.2418e-04
Loss = 1.0902e+00, PNorm = 42.0695, GNorm = 23.5455, lr_0 = 4.2329e-04
Loss = 2.0860e+00, PNorm = 42.0778, GNorm = 4.7003, lr_0 = 4.2240e-04
Loss = 1.5681e+00, PNorm = 42.0900, GNorm = 2.4235, lr_0 = 4.2152e-04
Loss = 9.9942e-01, PNorm = 42.1001, GNorm = 8.6738, lr_0 = 4.2064e-04
Validation rmse = 1.830165
Epoch 20
Loss = 1.8065e+00, PNorm = 42.1093, GNorm = 17.7358, lr_0 = 4.1967e-04
Loss = 1.0992e+00, PNorm = 42.1183, GNorm = 3.0249, lr_0 = 4.1879e-04
Loss = 1.0142e+00, PNorm = 42.1286, GNorm = 2.4122, lr_0 = 4.1792e-04
Loss = 2.6259e+00, PNorm = 42.1356, GNorm = 3.8271, lr_0 = 4.1704e-04
Loss = 1.4558e+00, PNorm = 42.1453, GNorm = 3.0060, lr_0 = 4.1617e-04
Loss = 2.4507e+00, PNorm = 42.1517, GNorm = 35.4471, lr_0 = 4.1530e-04
Loss = 1.1513e+00, PNorm = 42.1636, GNorm = 4.0530, lr_0 = 4.1443e-04
Loss = 1.0962e+00, PNorm = 42.1716, GNorm = 3.5088, lr_0 = 4.1356e-04
Loss = 1.2414e+00, PNorm = 42.1810, GNorm = 29.2419, lr_0 = 4.1270e-04
Loss = 1.0696e+00, PNorm = 42.2018, GNorm = 3.1485, lr_0 = 4.1183e-04
Loss = 8.6721e-01, PNorm = 42.2085, GNorm = 3.1682, lr_0 = 4.1097e-04
Loss = 1.2709e+00, PNorm = 42.2167, GNorm = 11.5155, lr_0 = 4.1011e-04
Loss = 1.0869e+00, PNorm = 42.2242, GNorm = 5.7405, lr_0 = 4.0925e-04
Loss = 9.9197e-01, PNorm = 42.2290, GNorm = 2.0758, lr_0 = 4.0840e-04
Loss = 9.2979e-01, PNorm = 42.2300, GNorm = 3.2412, lr_0 = 4.0754e-04
Loss = 1.1990e+00, PNorm = 42.2401, GNorm = 2.3919, lr_0 = 4.0669e-04
Loss = 1.2903e+00, PNorm = 42.2597, GNorm = 2.4273, lr_0 = 4.0584e-04
Loss = 3.5546e+00, PNorm = 42.2759, GNorm = 3.0752, lr_0 = 4.0499e-04
Loss = 2.5054e+00, PNorm = 42.2928, GNorm = 19.3730, lr_0 = 4.0414e-04
Loss = 9.8018e-01, PNorm = 42.3089, GNorm = 2.2200, lr_0 = 4.0329e-04
Loss = 1.7316e+00, PNorm = 42.3208, GNorm = 55.1638, lr_0 = 4.0245e-04
Loss = 1.3082e+00, PNorm = 42.3334, GNorm = 4.5228, lr_0 = 4.0161e-04
Loss = 1.5655e+00, PNorm = 42.3485, GNorm = 32.8847, lr_0 = 4.0077e-04
Validation rmse = 1.859628
Epoch 21
Loss = 6.7985e+00, PNorm = 42.3637, GNorm = 9.1216, lr_0 = 3.9993e-04
Loss = 1.1685e+00, PNorm = 42.3786, GNorm = 4.1546, lr_0 = 3.9909e-04
Loss = 9.6541e-01, PNorm = 42.3864, GNorm = 3.3809, lr_0 = 3.9826e-04
Loss = 1.0097e+00, PNorm = 42.3877, GNorm = 1.8719, lr_0 = 3.9742e-04
Loss = 9.4360e-01, PNorm = 42.3911, GNorm = 6.9491, lr_0 = 3.9659e-04
Loss = 1.2682e+00, PNorm = 42.3973, GNorm = 12.7976, lr_0 = 3.9576e-04
Loss = 1.7515e+00, PNorm = 42.4097, GNorm = 2.2976, lr_0 = 3.9493e-04
Loss = 1.4010e+00, PNorm = 42.4249, GNorm = 2.5956, lr_0 = 3.9411e-04
Loss = 1.1689e+00, PNorm = 42.4309, GNorm = 3.2929, lr_0 = 3.9328e-04
Loss = 1.2577e+00, PNorm = 42.4387, GNorm = 7.4337, lr_0 = 3.9246e-04
Loss = 1.1563e+00, PNorm = 42.4365, GNorm = 2.8632, lr_0 = 3.9164e-04
Loss = 1.0811e+00, PNorm = 42.4438, GNorm = 3.1946, lr_0 = 3.9082e-04
Loss = 1.1318e+00, PNorm = 42.4579, GNorm = 19.7175, lr_0 = 3.9000e-04
Loss = 1.6323e+00, PNorm = 42.4651, GNorm = 7.1291, lr_0 = 3.8919e-04
Loss = 8.7599e-01, PNorm = 42.4711, GNorm = 4.5783, lr_0 = 3.8837e-04
Loss = 1.2483e+00, PNorm = 42.4750, GNorm = 26.3921, lr_0 = 3.8756e-04
Loss = 1.4590e+00, PNorm = 42.4787, GNorm = 2.3103, lr_0 = 3.8675e-04
Loss = 1.0016e+00, PNorm = 42.4814, GNorm = 3.3257, lr_0 = 3.8594e-04
Loss = 9.4516e-01, PNorm = 42.4865, GNorm = 9.8649, lr_0 = 3.8513e-04
Loss = 2.5016e+00, PNorm = 42.4929, GNorm = 2.6977, lr_0 = 3.8432e-04
Loss = 1.2084e+00, PNorm = 42.5004, GNorm = 9.9831, lr_0 = 3.8352e-04
Loss = 2.1886e+00, PNorm = 42.5146, GNorm = 11.2627, lr_0 = 3.8272e-04
Loss = 2.8676e+00, PNorm = 42.5392, GNorm = 6.4538, lr_0 = 3.8192e-04
Validation rmse = 2.028450
Epoch 22
Loss = 1.5940e+00, PNorm = 42.5597, GNorm = 18.1720, lr_0 = 3.8104e-04
Loss = 1.0291e+00, PNorm = 42.5736, GNorm = 2.2731, lr_0 = 3.8024e-04
Loss = 1.3032e+00, PNorm = 42.5860, GNorm = 2.1503, lr_0 = 3.7944e-04
Loss = 1.0985e+00, PNorm = 42.5994, GNorm = 35.8424, lr_0 = 3.7865e-04
Loss = 1.8484e+00, PNorm = 42.6113, GNorm = 5.4018, lr_0 = 3.7786e-04
Loss = 1.4175e+00, PNorm = 42.6238, GNorm = 3.9410, lr_0 = 3.7707e-04
Loss = 2.3345e+00, PNorm = 42.6295, GNorm = 2.6521, lr_0 = 3.7628e-04
Loss = 2.4518e+00, PNorm = 42.6402, GNorm = 10.6549, lr_0 = 3.7549e-04
Loss = 8.5523e-01, PNorm = 42.6504, GNorm = 1.8969, lr_0 = 3.7471e-04
Loss = 1.6123e+00, PNorm = 42.6574, GNorm = 3.9758, lr_0 = 3.7392e-04
Loss = 1.5077e+00, PNorm = 42.6639, GNorm = 3.5221, lr_0 = 3.7314e-04
Loss = 1.1255e+00, PNorm = 42.6755, GNorm = 5.2635, lr_0 = 3.7236e-04
Loss = 1.1663e+00, PNorm = 42.6835, GNorm = 2.6289, lr_0 = 3.7158e-04
Loss = 8.6067e-01, PNorm = 42.6899, GNorm = 9.4542, lr_0 = 3.7080e-04
Loss = 1.7905e+00, PNorm = 42.6983, GNorm = 3.4129, lr_0 = 3.7003e-04
Loss = 1.1488e+00, PNorm = 42.7150, GNorm = 3.0679, lr_0 = 3.6925e-04
Loss = 9.4922e-01, PNorm = 42.7229, GNorm = 11.8764, lr_0 = 3.6848e-04
Loss = 9.9936e-01, PNorm = 42.7294, GNorm = 8.9585, lr_0 = 3.6771e-04
Loss = 9.2636e-01, PNorm = 42.7341, GNorm = 2.3790, lr_0 = 3.6694e-04
Loss = 1.0027e+00, PNorm = 42.7360, GNorm = 2.5764, lr_0 = 3.6617e-04
Loss = 1.6384e+00, PNorm = 42.7383, GNorm = 18.8450, lr_0 = 3.6540e-04
Loss = 2.8255e+00, PNorm = 42.7504, GNorm = 10.7317, lr_0 = 3.6464e-04
Loss = 1.5410e+00, PNorm = 42.7615, GNorm = 4.3206, lr_0 = 3.6388e-04
Validation rmse = 1.923309
Epoch 23
Loss = 1.8024e+00, PNorm = 42.7732, GNorm = 4.5652, lr_0 = 3.6311e-04
Loss = 1.1677e+00, PNorm = 42.7797, GNorm = 7.4552, lr_0 = 3.6235e-04
Loss = 8.4652e-01, PNorm = 42.7877, GNorm = 2.8652, lr_0 = 3.6160e-04
Loss = 9.6385e-01, PNorm = 42.7962, GNorm = 2.9734, lr_0 = 3.6084e-04
Loss = 1.0174e+00, PNorm = 42.8008, GNorm = 1.4138, lr_0 = 3.6008e-04
Loss = 1.1867e+00, PNorm = 42.8126, GNorm = 3.1120, lr_0 = 3.5933e-04
Loss = 1.5918e+00, PNorm = 42.8153, GNorm = 31.6656, lr_0 = 3.5858e-04
Loss = 1.0614e+00, PNorm = 42.8275, GNorm = 1.5999, lr_0 = 3.5783e-04
Loss = 9.2500e-01, PNorm = 42.8351, GNorm = 2.4681, lr_0 = 3.5708e-04
Loss = 8.9982e-01, PNorm = 42.8424, GNorm = 12.7933, lr_0 = 3.5633e-04
Loss = 1.4054e+00, PNorm = 42.8498, GNorm = 10.3520, lr_0 = 3.5559e-04
Loss = 2.2120e+00, PNorm = 42.8676, GNorm = 20.6228, lr_0 = 3.5484e-04
Loss = 1.3239e+00, PNorm = 42.8788, GNorm = 4.5346, lr_0 = 3.5410e-04
Loss = 2.2034e+00, PNorm = 42.8861, GNorm = 5.9063, lr_0 = 3.5336e-04
Loss = 2.1267e+00, PNorm = 42.8917, GNorm = 22.9775, lr_0 = 3.5262e-04
Loss = 1.5240e+00, PNorm = 42.9019, GNorm = 4.1720, lr_0 = 3.5188e-04
Loss = 1.9029e+00, PNorm = 42.9060, GNorm = 3.3138, lr_0 = 3.5115e-04
Loss = 2.0188e+00, PNorm = 42.9160, GNorm = 3.1619, lr_0 = 3.5041e-04
Loss = 1.1831e+00, PNorm = 42.9257, GNorm = 5.7942, lr_0 = 3.4968e-04
Loss = 1.4859e+00, PNorm = 42.9324, GNorm = 6.6136, lr_0 = 3.4895e-04
Loss = 1.5793e+00, PNorm = 42.9451, GNorm = 5.6783, lr_0 = 3.4822e-04
Loss = 1.8535e+00, PNorm = 42.9554, GNorm = 5.5057, lr_0 = 3.4749e-04
Loss = 9.7729e-01, PNorm = 42.9626, GNorm = 2.5225, lr_0 = 3.4676e-04
Validation rmse = 1.961500
Epoch 24
Loss = 1.4509e+00, PNorm = 42.9686, GNorm = 3.0182, lr_0 = 3.4596e-04
Loss = 9.2043e-01, PNorm = 42.9746, GNorm = 2.4097, lr_0 = 3.4524e-04
Loss = 1.6983e+00, PNorm = 42.9830, GNorm = 2.7974, lr_0 = 3.4452e-04
Loss = 1.3731e+00, PNorm = 42.9908, GNorm = 12.2681, lr_0 = 3.4379e-04
Loss = 9.5922e-01, PNorm = 43.0018, GNorm = 5.1700, lr_0 = 3.4308e-04
Loss = 1.7695e+00, PNorm = 43.0132, GNorm = 13.9448, lr_0 = 3.4236e-04
Loss = 1.1579e+00, PNorm = 43.0253, GNorm = 12.5323, lr_0 = 3.4164e-04
Loss = 1.5882e+00, PNorm = 43.0340, GNorm = 7.8272, lr_0 = 3.4093e-04
Loss = 1.0773e+00, PNorm = 43.0485, GNorm = 3.8644, lr_0 = 3.4021e-04
Loss = 1.8423e+00, PNorm = 43.0534, GNorm = 3.9554, lr_0 = 3.3950e-04
Loss = 1.3348e+00, PNorm = 43.0637, GNorm = 2.6432, lr_0 = 3.3879e-04
Loss = 2.8613e+00, PNorm = 43.0754, GNorm = 16.2849, lr_0 = 3.3808e-04
Loss = 2.5481e+00, PNorm = 43.0861, GNorm = 11.3816, lr_0 = 3.3737e-04
Loss = 1.3185e+00, PNorm = 43.0928, GNorm = 20.5817, lr_0 = 3.3667e-04
Loss = 9.1167e-01, PNorm = 43.1033, GNorm = 3.7447, lr_0 = 3.3596e-04
Loss = 1.1596e+00, PNorm = 43.1142, GNorm = 3.3865, lr_0 = 3.3526e-04
Loss = 2.4592e+00, PNorm = 43.1227, GNorm = 24.9826, lr_0 = 3.3456e-04
Loss = 1.0122e+00, PNorm = 43.1324, GNorm = 5.6013, lr_0 = 3.3386e-04
Loss = 1.1316e+00, PNorm = 43.1400, GNorm = 2.6788, lr_0 = 3.3316e-04
Loss = 1.1246e+00, PNorm = 43.1400, GNorm = 4.0729, lr_0 = 3.3246e-04
Loss = 8.9537e-01, PNorm = 43.1402, GNorm = 3.1896, lr_0 = 3.3177e-04
Loss = 8.4859e-01, PNorm = 43.1454, GNorm = 2.7315, lr_0 = 3.3107e-04
Loss = 8.1495e-01, PNorm = 43.1546, GNorm = 4.6760, lr_0 = 3.3038e-04
Validation rmse = 1.872777
Epoch 25
Loss = 2.3363e+00, PNorm = 43.1623, GNorm = 43.3157, lr_0 = 3.2969e-04
Loss = 1.0546e+00, PNorm = 43.1672, GNorm = 2.3892, lr_0 = 3.2900e-04
Loss = 1.4347e+00, PNorm = 43.1718, GNorm = 2.4925, lr_0 = 3.2831e-04
Loss = 1.4534e+00, PNorm = 43.1878, GNorm = 3.7158, lr_0 = 3.2762e-04
Loss = 8.8168e-01, PNorm = 43.1981, GNorm = 1.7214, lr_0 = 3.2694e-04
Loss = 1.3500e+00, PNorm = 43.2064, GNorm = 3.3093, lr_0 = 3.2625e-04
Loss = 1.1137e+00, PNorm = 43.2079, GNorm = 14.7859, lr_0 = 3.2557e-04
Loss = 1.3411e+00, PNorm = 43.2108, GNorm = 2.7312, lr_0 = 3.2489e-04
Loss = 8.9526e-01, PNorm = 43.2154, GNorm = 2.7725, lr_0 = 3.2421e-04
Loss = 1.3066e+00, PNorm = 43.2198, GNorm = 3.6943, lr_0 = 3.2353e-04
Loss = 1.2073e+00, PNorm = 43.2287, GNorm = 3.2065, lr_0 = 3.2285e-04
Loss = 1.0475e+00, PNorm = 43.2400, GNorm = 3.1022, lr_0 = 3.2218e-04
Loss = 2.1032e+00, PNorm = 43.2483, GNorm = 4.5407, lr_0 = 3.2150e-04
Loss = 3.1651e+00, PNorm = 43.2622, GNorm = 20.1779, lr_0 = 3.2083e-04
Loss = 1.2383e+00, PNorm = 43.2774, GNorm = 4.3603, lr_0 = 3.2016e-04
Loss = 1.8013e+00, PNorm = 43.2787, GNorm = 5.0979, lr_0 = 3.1949e-04
Loss = 8.7847e-01, PNorm = 43.2846, GNorm = 2.5917, lr_0 = 3.1882e-04
Loss = 1.0124e+00, PNorm = 43.2925, GNorm = 3.4315, lr_0 = 3.1815e-04
Loss = 1.3691e+00, PNorm = 43.3015, GNorm = 2.0922, lr_0 = 3.1749e-04
Loss = 1.1124e+00, PNorm = 43.3129, GNorm = 4.9496, lr_0 = 3.1682e-04
Loss = 1.9092e+00, PNorm = 43.3258, GNorm = 3.2285, lr_0 = 3.1616e-04
Loss = 1.4542e+00, PNorm = 43.3393, GNorm = 3.1972, lr_0 = 3.1550e-04
Loss = 1.0426e+00, PNorm = 43.3462, GNorm = 2.9154, lr_0 = 3.1484e-04
Validation rmse = 1.945887
Epoch 26
Loss = 1.0575e+00, PNorm = 43.3478, GNorm = 3.3336, lr_0 = 3.1412e-04
Loss = 1.0355e+00, PNorm = 43.3500, GNorm = 6.7638, lr_0 = 3.1346e-04
Loss = 1.1334e+00, PNorm = 43.3547, GNorm = 20.2499, lr_0 = 3.1280e-04
Loss = 1.1648e+00, PNorm = 43.3602, GNorm = 5.4158, lr_0 = 3.1215e-04
Loss = 1.1350e+00, PNorm = 43.3685, GNorm = 3.2201, lr_0 = 3.1149e-04
Loss = 1.7636e+00, PNorm = 43.3808, GNorm = 36.7677, lr_0 = 3.1084e-04
Loss = 1.1749e+00, PNorm = 43.3885, GNorm = 5.9456, lr_0 = 3.1019e-04
Loss = 1.5965e+00, PNorm = 43.3951, GNorm = 3.4843, lr_0 = 3.0954e-04
Loss = 1.3199e+00, PNorm = 43.3996, GNorm = 1.4642, lr_0 = 3.0889e-04
Loss = 1.0170e+00, PNorm = 43.4075, GNorm = 4.2201, lr_0 = 3.0825e-04
Loss = 2.3023e+00, PNorm = 43.4153, GNorm = 2.1594, lr_0 = 3.0760e-04
Loss = 1.4451e+00, PNorm = 43.4293, GNorm = 11.9625, lr_0 = 3.0696e-04
Loss = 1.0991e+00, PNorm = 43.4422, GNorm = 3.4444, lr_0 = 3.0632e-04
Loss = 1.0920e+00, PNorm = 43.4504, GNorm = 5.5168, lr_0 = 3.0568e-04
Loss = 1.2849e+00, PNorm = 43.4638, GNorm = 27.4103, lr_0 = 3.0504e-04
Loss = 1.6507e+00, PNorm = 43.4804, GNorm = 2.3383, lr_0 = 3.0440e-04
Loss = 1.3210e+00, PNorm = 43.4970, GNorm = 1.7511, lr_0 = 3.0376e-04
Loss = 1.7005e+00, PNorm = 43.5075, GNorm = 3.5260, lr_0 = 3.0313e-04
Loss = 1.0077e+00, PNorm = 43.5083, GNorm = 3.6992, lr_0 = 3.0249e-04
Loss = 8.5306e-01, PNorm = 43.5058, GNorm = 1.9744, lr_0 = 3.0186e-04
Loss = 1.4187e+00, PNorm = 43.5099, GNorm = 15.6158, lr_0 = 3.0123e-04
Loss = 7.9319e-01, PNorm = 43.5153, GNorm = 6.0366, lr_0 = 3.0060e-04
Loss = 2.4366e+00, PNorm = 43.5194, GNorm = 3.0282, lr_0 = 2.9997e-04
Validation rmse = 1.948921
Epoch 27
Loss = 9.9964e-01, PNorm = 43.5254, GNorm = 2.8703, lr_0 = 2.9928e-04
Loss = 1.1622e+00, PNorm = 43.5329, GNorm = 9.3621, lr_0 = 2.9865e-04
Loss = 3.0262e+00, PNorm = 43.5421, GNorm = 3.6411, lr_0 = 2.9803e-04
Loss = 1.3795e+00, PNorm = 43.5525, GNorm = 1.9306, lr_0 = 2.9740e-04
Loss = 1.1595e+00, PNorm = 43.5636, GNorm = 3.4773, lr_0 = 2.9678e-04
Loss = 2.1881e+00, PNorm = 43.5759, GNorm = 2.5435, lr_0 = 2.9616e-04
Loss = 9.9238e-01, PNorm = 43.5859, GNorm = 3.0444, lr_0 = 2.9554e-04
Loss = 1.2011e+00, PNorm = 43.5928, GNorm = 4.9890, lr_0 = 2.9492e-04
Loss = 1.4682e+00, PNorm = 43.6045, GNorm = 5.5930, lr_0 = 2.9430e-04
Loss = 1.1204e+00, PNorm = 43.6151, GNorm = 3.0474, lr_0 = 2.9369e-04
Loss = 1.1987e+00, PNorm = 43.6186, GNorm = 7.4998, lr_0 = 2.9307e-04
Loss = 1.2800e+00, PNorm = 43.6182, GNorm = 3.8646, lr_0 = 2.9246e-04
Loss = 1.0261e+00, PNorm = 43.6205, GNorm = 29.9794, lr_0 = 2.9185e-04
Loss = 1.0453e+00, PNorm = 43.6254, GNorm = 2.2881, lr_0 = 2.9124e-04
Loss = 1.3892e+00, PNorm = 43.6283, GNorm = 3.0014, lr_0 = 2.9063e-04
Loss = 1.2851e+00, PNorm = 43.6282, GNorm = 3.1166, lr_0 = 2.9002e-04
Loss = 1.4872e+00, PNorm = 43.6348, GNorm = 3.1500, lr_0 = 2.8941e-04
Loss = 1.8498e+00, PNorm = 43.6400, GNorm = 17.8517, lr_0 = 2.8881e-04
Loss = 1.1595e+00, PNorm = 43.6552, GNorm = 17.0559, lr_0 = 2.8820e-04
Loss = 1.1865e+00, PNorm = 43.6630, GNorm = 2.7927, lr_0 = 2.8760e-04
Loss = 9.2380e-01, PNorm = 43.6698, GNorm = 1.7595, lr_0 = 2.8700e-04
Loss = 1.4287e+00, PNorm = 43.6766, GNorm = 3.2792, lr_0 = 2.8640e-04
Loss = 9.4743e-01, PNorm = 43.6839, GNorm = 1.7022, lr_0 = 2.8580e-04
Validation rmse = 1.938314
Epoch 28
Loss = 1.3734e+00, PNorm = 43.6914, GNorm = 14.5102, lr_0 = 2.8520e-04
Loss = 9.2622e-01, PNorm = 43.7013, GNorm = 3.9133, lr_0 = 2.8460e-04
Loss = 1.4506e+00, PNorm = 43.7072, GNorm = 3.5331, lr_0 = 2.8401e-04
Loss = 2.0266e+00, PNorm = 43.7111, GNorm = 1.8138, lr_0 = 2.8341e-04
Loss = 8.1318e-01, PNorm = 43.7177, GNorm = 4.2769, lr_0 = 2.8282e-04
Loss = 1.2462e+00, PNorm = 43.7212, GNorm = 3.2476, lr_0 = 2.8223e-04
Loss = 1.0770e+00, PNorm = 43.7250, GNorm = 17.8480, lr_0 = 2.8164e-04
Loss = 9.5868e-01, PNorm = 43.7289, GNorm = 3.9007, lr_0 = 2.8105e-04
Loss = 1.0995e+00, PNorm = 43.7300, GNorm = 3.5540, lr_0 = 2.8046e-04
Loss = 1.0040e+00, PNorm = 43.7330, GNorm = 24.5444, lr_0 = 2.7987e-04
Loss = 1.0139e+00, PNorm = 43.7384, GNorm = 2.8924, lr_0 = 2.7929e-04
Loss = 1.4357e+00, PNorm = 43.7478, GNorm = 2.8220, lr_0 = 2.7870e-04
Loss = 1.6274e+00, PNorm = 43.7560, GNorm = 1.9193, lr_0 = 2.7812e-04
Loss = 1.4384e+00, PNorm = 43.7660, GNorm = 4.2175, lr_0 = 2.7754e-04
Loss = 9.3335e-01, PNorm = 43.7754, GNorm = 3.2513, lr_0 = 2.7696e-04
Loss = 1.2399e+00, PNorm = 43.7827, GNorm = 5.2003, lr_0 = 2.7638e-04
Loss = 9.7388e-01, PNorm = 43.7859, GNorm = 2.6095, lr_0 = 2.7580e-04
Loss = 1.3017e+00, PNorm = 43.7916, GNorm = 9.0225, lr_0 = 2.7522e-04
Loss = 8.5419e-01, PNorm = 43.7982, GNorm = 3.1403, lr_0 = 2.7465e-04
Loss = 2.0054e+00, PNorm = 43.8074, GNorm = 23.2642, lr_0 = 2.7407e-04
Loss = 1.7244e+00, PNorm = 43.8185, GNorm = 6.7939, lr_0 = 2.7350e-04
Loss = 2.0779e+00, PNorm = 43.8301, GNorm = 4.8103, lr_0 = 2.7293e-04
Loss = 1.1433e+00, PNorm = 43.8390, GNorm = 3.0313, lr_0 = 2.7235e-04
Validation rmse = 1.956126
Epoch 29
Loss = 8.1538e-01, PNorm = 43.8507, GNorm = 3.6299, lr_0 = 2.7173e-04
Loss = 7.5992e-01, PNorm = 43.8591, GNorm = 2.7323, lr_0 = 2.7116e-04
Loss = 9.5431e-01, PNorm = 43.8637, GNorm = 2.6431, lr_0 = 2.7059e-04
Loss = 9.3084e-01, PNorm = 43.8663, GNorm = 6.4429, lr_0 = 2.7003e-04
Loss = 8.5697e-01, PNorm = 43.8686, GNorm = 12.9263, lr_0 = 2.6946e-04
Loss = 1.8820e+00, PNorm = 43.8757, GNorm = 4.3154, lr_0 = 2.6890e-04
Loss = 7.6087e-01, PNorm = 43.8837, GNorm = 3.1524, lr_0 = 2.6833e-04
Loss = 2.3798e+00, PNorm = 43.9012, GNorm = 5.0921, lr_0 = 2.6777e-04
Loss = 8.1960e-01, PNorm = 43.9097, GNorm = 4.0083, lr_0 = 2.6721e-04
Loss = 1.2903e+00, PNorm = 43.9143, GNorm = 7.5938, lr_0 = 2.6665e-04
Loss = 1.6689e+00, PNorm = 43.9151, GNorm = 2.8993, lr_0 = 2.6609e-04
Loss = 1.2228e+00, PNorm = 43.9142, GNorm = 2.5483, lr_0 = 2.6554e-04
Loss = 2.9263e+00, PNorm = 43.9264, GNorm = 64.7914, lr_0 = 2.6498e-04
Loss = 9.5462e-01, PNorm = 43.9413, GNorm = 3.4024, lr_0 = 2.6443e-04
Loss = 1.6034e+00, PNorm = 43.9495, GNorm = 3.0646, lr_0 = 2.6387e-04
Loss = 1.2961e+00, PNorm = 43.9552, GNorm = 3.3115, lr_0 = 2.6332e-04
Loss = 9.7647e-01, PNorm = 43.9600, GNorm = 3.3370, lr_0 = 2.6277e-04
Loss = 1.2648e+00, PNorm = 43.9638, GNorm = 15.2659, lr_0 = 2.6222e-04
Loss = 1.1839e+00, PNorm = 43.9680, GNorm = 10.8900, lr_0 = 2.6167e-04
Loss = 1.2024e+00, PNorm = 43.9724, GNorm = 2.2053, lr_0 = 2.6113e-04
Loss = 1.3092e+00, PNorm = 43.9807, GNorm = 5.3929, lr_0 = 2.6058e-04
Loss = 1.0254e+00, PNorm = 43.9892, GNorm = 2.8534, lr_0 = 2.6003e-04
Loss = 1.1903e+00, PNorm = 43.9959, GNorm = 2.9070, lr_0 = 2.5949e-04
Validation rmse = 2.023676
Epoch 30
Loss = 6.6764e-01, PNorm = 43.9987, GNorm = 3.0120, lr_0 = 2.5895e-04
Loss = 2.2825e+00, PNorm = 44.0060, GNorm = 7.8874, lr_0 = 2.5840e-04
Loss = 1.4473e+00, PNorm = 44.0110, GNorm = 2.6890, lr_0 = 2.5786e-04
Loss = 1.1123e+00, PNorm = 44.0154, GNorm = 14.7015, lr_0 = 2.5732e-04
Loss = 1.3780e+00, PNorm = 44.0237, GNorm = 11.7188, lr_0 = 2.5679e-04
Loss = 1.5951e+00, PNorm = 44.0427, GNorm = 2.7993, lr_0 = 2.5625e-04
Loss = 1.1230e+00, PNorm = 44.0580, GNorm = 3.5697, lr_0 = 2.5571e-04
Loss = 1.4388e+00, PNorm = 44.0679, GNorm = 9.4532, lr_0 = 2.5518e-04
Loss = 1.5177e+00, PNorm = 44.0752, GNorm = 2.3479, lr_0 = 2.5464e-04
Loss = 9.4268e-01, PNorm = 44.0839, GNorm = 3.4245, lr_0 = 2.5411e-04
Loss = 8.9355e-01, PNorm = 44.0904, GNorm = 4.2958, lr_0 = 2.5358e-04
Loss = 2.0037e+00, PNorm = 44.0942, GNorm = 8.7866, lr_0 = 2.5305e-04
Loss = 1.0490e+00, PNorm = 44.1021, GNorm = 2.0304, lr_0 = 2.5252e-04
Loss = 1.1353e+00, PNorm = 44.1087, GNorm = 2.4654, lr_0 = 2.5199e-04
Loss = 9.4335e-01, PNorm = 44.1141, GNorm = 3.0487, lr_0 = 2.5146e-04
Loss = 1.5883e+00, PNorm = 44.1148, GNorm = 2.5745, lr_0 = 2.5094e-04
Loss = 7.0581e-01, PNorm = 44.1152, GNorm = 2.6678, lr_0 = 2.5041e-04
Loss = 1.1443e+00, PNorm = 44.1181, GNorm = 3.2921, lr_0 = 2.4989e-04
Loss = 9.1827e-01, PNorm = 44.1221, GNorm = 2.2879, lr_0 = 2.4936e-04
Loss = 9.2444e-01, PNorm = 44.1270, GNorm = 4.8580, lr_0 = 2.4884e-04
Loss = 1.5020e+00, PNorm = 44.1273, GNorm = 3.0027, lr_0 = 2.4832e-04
Loss = 1.4809e+00, PNorm = 44.1364, GNorm = 6.1680, lr_0 = 2.4780e-04
Loss = 1.0352e+00, PNorm = 44.1474, GNorm = 5.9213, lr_0 = 2.4728e-04
Validation rmse = 2.022538
Epoch 31
Loss = 1.6262e+00, PNorm = 44.1571, GNorm = 3.2387, lr_0 = 2.4671e-04
Loss = 1.3107e+00, PNorm = 44.1661, GNorm = 3.0834, lr_0 = 2.4620e-04
Loss = 1.3988e+00, PNorm = 44.1733, GNorm = 16.9104, lr_0 = 2.4568e-04
Loss = 1.0895e+00, PNorm = 44.1770, GNorm = 4.0270, lr_0 = 2.4517e-04
Loss = 9.0653e-01, PNorm = 44.1809, GNorm = 2.2257, lr_0 = 2.4466e-04
Loss = 1.1946e+00, PNorm = 44.1899, GNorm = 2.2814, lr_0 = 2.4414e-04
Loss = 1.9819e+00, PNorm = 44.2017, GNorm = 3.8687, lr_0 = 2.4363e-04
Loss = 7.3341e-01, PNorm = 44.2111, GNorm = 2.7818, lr_0 = 2.4312e-04
Loss = 9.7295e-01, PNorm = 44.2209, GNorm = 2.2063, lr_0 = 2.4261e-04
Loss = 8.5597e-01, PNorm = 44.2240, GNorm = 17.0856, lr_0 = 2.4211e-04
Loss = 8.2913e-01, PNorm = 44.2299, GNorm = 3.4344, lr_0 = 2.4160e-04
Loss = 1.1106e+00, PNorm = 44.2350, GNorm = 3.9805, lr_0 = 2.4109e-04
Loss = 7.8864e-01, PNorm = 44.2360, GNorm = 1.6727, lr_0 = 2.4059e-04
Loss = 1.0509e+00, PNorm = 44.2350, GNorm = 2.4579, lr_0 = 2.4009e-04
Loss = 3.3864e+00, PNorm = 44.2420, GNorm = 4.1946, lr_0 = 2.3958e-04
Loss = 8.5487e-01, PNorm = 44.2532, GNorm = 11.0773, lr_0 = 2.3908e-04
Loss = 9.8256e-01, PNorm = 44.2586, GNorm = 3.5384, lr_0 = 2.3858e-04
Loss = 9.3977e-01, PNorm = 44.2629, GNorm = 22.7117, lr_0 = 2.3808e-04
Loss = 1.8679e+00, PNorm = 44.2709, GNorm = 3.4088, lr_0 = 2.3758e-04
Loss = 1.5110e+00, PNorm = 44.2784, GNorm = 6.5537, lr_0 = 2.3709e-04
Loss = 1.2234e+00, PNorm = 44.2884, GNorm = 19.6700, lr_0 = 2.3659e-04
Loss = 1.0961e+00, PNorm = 44.2899, GNorm = 3.6316, lr_0 = 2.3610e-04
Loss = 8.7844e-01, PNorm = 44.2939, GNorm = 9.3862, lr_0 = 2.3560e-04
Validation rmse = 2.014136
Epoch 32
Loss = 1.1261e+00, PNorm = 44.3018, GNorm = 2.2223, lr_0 = 2.3511e-04
Loss = 9.9604e-01, PNorm = 44.3091, GNorm = 2.1603, lr_0 = 2.3462e-04
Loss = 1.3379e+00, PNorm = 44.3207, GNorm = 3.8985, lr_0 = 2.3413e-04
Loss = 8.7374e-01, PNorm = 44.3270, GNorm = 7.7926, lr_0 = 2.3364e-04
Loss = 1.0580e+00, PNorm = 44.3347, GNorm = 12.0690, lr_0 = 2.3315e-04
Loss = 1.1145e+00, PNorm = 44.3442, GNorm = 3.1097, lr_0 = 2.3266e-04
Loss = 9.8493e-01, PNorm = 44.3475, GNorm = 2.1839, lr_0 = 2.3217e-04
Loss = 2.0874e+00, PNorm = 44.3490, GNorm = 57.7493, lr_0 = 2.3169e-04
Loss = 1.8557e+00, PNorm = 44.3489, GNorm = 3.4278, lr_0 = 2.3120e-04
Loss = 7.9630e-01, PNorm = 44.3531, GNorm = 3.3515, lr_0 = 2.3072e-04
Loss = 1.0817e+00, PNorm = 44.3600, GNorm = 1.9286, lr_0 = 2.3024e-04
Loss = 1.3106e+00, PNorm = 44.3643, GNorm = 3.4271, lr_0 = 2.2975e-04
Loss = 1.1616e+00, PNorm = 44.3696, GNorm = 12.1406, lr_0 = 2.2927e-04
Loss = 1.6918e+00, PNorm = 44.3775, GNorm = 34.4616, lr_0 = 2.2879e-04
Loss = 8.7818e-01, PNorm = 44.3928, GNorm = 6.9798, lr_0 = 2.2831e-04
Loss = 8.4262e-01, PNorm = 44.4013, GNorm = 6.5551, lr_0 = 2.2784e-04
Loss = 1.2914e+00, PNorm = 44.4091, GNorm = 3.1410, lr_0 = 2.2736e-04
Loss = 1.2522e+00, PNorm = 44.4124, GNorm = 1.4949, lr_0 = 2.2688e-04
Loss = 1.1787e+00, PNorm = 44.4154, GNorm = 8.4480, lr_0 = 2.2641e-04
Loss = 1.4944e+00, PNorm = 44.4234, GNorm = 1.6895, lr_0 = 2.2594e-04
Loss = 1.1079e+00, PNorm = 44.4277, GNorm = 2.0120, lr_0 = 2.2546e-04
Loss = 1.3613e+00, PNorm = 44.4313, GNorm = 6.2986, lr_0 = 2.2499e-04
Loss = 1.0381e+00, PNorm = 44.4359, GNorm = 1.9187, lr_0 = 2.2452e-04
Validation rmse = 2.033585
Epoch 33
Loss = 1.3006e+00, PNorm = 44.4417, GNorm = 10.5388, lr_0 = 2.2400e-04
Loss = 1.5155e+00, PNorm = 44.4517, GNorm = 4.2348, lr_0 = 2.2353e-04
Loss = 8.8797e-01, PNorm = 44.4650, GNorm = 4.8921, lr_0 = 2.2307e-04
Loss = 2.2153e+00, PNorm = 44.4776, GNorm = 4.6489, lr_0 = 2.2260e-04
Loss = 1.5700e+00, PNorm = 44.4817, GNorm = 5.2314, lr_0 = 2.2213e-04
Loss = 1.5584e+00, PNorm = 44.4851, GNorm = 10.4430, lr_0 = 2.2167e-04
Loss = 1.8462e+00, PNorm = 44.4898, GNorm = 4.5847, lr_0 = 2.2121e-04
Loss = 1.2518e+00, PNorm = 44.4945, GNorm = 1.7947, lr_0 = 2.2074e-04
Loss = 8.7777e-01, PNorm = 44.5001, GNorm = 2.5505, lr_0 = 2.2028e-04
Loss = 9.4788e-01, PNorm = 44.5023, GNorm = 6.7057, lr_0 = 2.1982e-04
Loss = 9.3066e-01, PNorm = 44.5090, GNorm = 2.7095, lr_0 = 2.1936e-04
Loss = 9.0324e-01, PNorm = 44.5142, GNorm = 2.1378, lr_0 = 2.1890e-04
Loss = 7.4969e-01, PNorm = 44.5165, GNorm = 2.9484, lr_0 = 2.1844e-04
Loss = 1.1884e+00, PNorm = 44.5196, GNorm = 2.9951, lr_0 = 2.1799e-04
Loss = 1.1778e+00, PNorm = 44.5254, GNorm = 6.9468, lr_0 = 2.1753e-04
Loss = 1.6850e+00, PNorm = 44.5341, GNorm = 3.4871, lr_0 = 2.1707e-04
Loss = 1.1815e+00, PNorm = 44.5418, GNorm = 8.7490, lr_0 = 2.1662e-04
Loss = 1.1872e+00, PNorm = 44.5551, GNorm = 4.1382, lr_0 = 2.1617e-04
Loss = 8.7042e-01, PNorm = 44.5609, GNorm = 9.1207, lr_0 = 2.1571e-04
Loss = 8.7715e-01, PNorm = 44.5618, GNorm = 1.8897, lr_0 = 2.1526e-04
Loss = 1.1404e+00, PNorm = 44.5714, GNorm = 3.3266, lr_0 = 2.1481e-04
Loss = 9.1525e-01, PNorm = 44.5776, GNorm = 5.9274, lr_0 = 2.1436e-04
Loss = 8.8816e-01, PNorm = 44.5827, GNorm = 2.6075, lr_0 = 2.1391e-04
Loss = 1.6701e+00, PNorm = 44.5834, GNorm = 17.0151, lr_0 = 2.1387e-04
Validation rmse = 2.005618
Epoch 34
Loss = 1.4174e+00, PNorm = 44.5930, GNorm = 6.1681, lr_0 = 2.1342e-04
Loss = 1.1120e+00, PNorm = 44.6047, GNorm = 3.9074, lr_0 = 2.1298e-04
Loss = 8.5560e-01, PNorm = 44.6122, GNorm = 3.2518, lr_0 = 2.1253e-04
Loss = 7.8577e-01, PNorm = 44.6146, GNorm = 2.7598, lr_0 = 2.1209e-04
Loss = 1.2326e+00, PNorm = 44.6201, GNorm = 2.8735, lr_0 = 2.1164e-04
Loss = 9.5140e-01, PNorm = 44.6256, GNorm = 8.4011, lr_0 = 2.1120e-04
Loss = 1.5380e+00, PNorm = 44.6289, GNorm = 4.1517, lr_0 = 2.1076e-04
Loss = 8.3490e-01, PNorm = 44.6344, GNorm = 3.9192, lr_0 = 2.1032e-04
Loss = 8.5358e-01, PNorm = 44.6362, GNorm = 2.7310, lr_0 = 2.0988e-04
Loss = 1.0106e+00, PNorm = 44.6380, GNorm = 2.8928, lr_0 = 2.0944e-04
Loss = 1.1528e+00, PNorm = 44.6440, GNorm = 3.0226, lr_0 = 2.0900e-04
Loss = 8.2781e-01, PNorm = 44.6482, GNorm = 19.3472, lr_0 = 2.0856e-04
Loss = 9.1403e-01, PNorm = 44.6517, GNorm = 6.2473, lr_0 = 2.0812e-04
Loss = 1.3874e+00, PNorm = 44.6580, GNorm = 2.7764, lr_0 = 2.0769e-04
Loss = 1.3137e+00, PNorm = 44.6661, GNorm = 3.2871, lr_0 = 2.0725e-04
Loss = 1.9495e+00, PNorm = 44.6762, GNorm = 7.9313, lr_0 = 2.0682e-04
Loss = 3.1509e+00, PNorm = 44.6886, GNorm = 23.8202, lr_0 = 2.0639e-04
Loss = 1.1363e+00, PNorm = 44.6995, GNorm = 4.2182, lr_0 = 2.0596e-04
Loss = 1.1156e+00, PNorm = 44.7071, GNorm = 8.1378, lr_0 = 2.0552e-04
Loss = 1.0738e+00, PNorm = 44.7117, GNorm = 2.4921, lr_0 = 2.0509e-04
Loss = 9.6697e-01, PNorm = 44.7164, GNorm = 2.3038, lr_0 = 2.0467e-04
Loss = 9.0403e-01, PNorm = 44.7192, GNorm = 3.0247, lr_0 = 2.0424e-04
Loss = 7.9964e-01, PNorm = 44.7226, GNorm = 2.7815, lr_0 = 2.0381e-04
Validation rmse = 2.085821
Epoch 35
Loss = 1.1191e+00, PNorm = 44.7268, GNorm = 4.0637, lr_0 = 2.0338e-04
Loss = 1.2531e+00, PNorm = 44.7348, GNorm = 5.9359, lr_0 = 2.0296e-04
Loss = 2.0547e+00, PNorm = 44.7452, GNorm = 2.3731, lr_0 = 2.0253e-04
Loss = 9.5855e-01, PNorm = 44.7530, GNorm = 3.4636, lr_0 = 2.0211e-04
Loss = 9.3023e-01, PNorm = 44.7607, GNorm = 12.2442, lr_0 = 2.0169e-04
Loss = 1.0696e+00, PNorm = 44.7632, GNorm = 11.3909, lr_0 = 2.0126e-04
Loss = 9.6310e-01, PNorm = 44.7689, GNorm = 13.6165, lr_0 = 2.0084e-04
Loss = 1.7921e+00, PNorm = 44.7827, GNorm = 3.9724, lr_0 = 2.0042e-04
Loss = 1.0139e+00, PNorm = 44.7932, GNorm = 1.8809, lr_0 = 2.0000e-04
Loss = 8.4045e-01, PNorm = 44.7943, GNorm = 2.9339, lr_0 = 1.9958e-04
Loss = 9.0810e-01, PNorm = 44.7932, GNorm = 16.4506, lr_0 = 1.9917e-04
Loss = 2.1690e+00, PNorm = 44.7952, GNorm = 3.2763, lr_0 = 1.9875e-04
Loss = 1.1321e+00, PNorm = 44.8012, GNorm = 4.7330, lr_0 = 1.9833e-04
Loss = 9.5178e-01, PNorm = 44.8045, GNorm = 1.8236, lr_0 = 1.9792e-04
Loss = 1.0035e+00, PNorm = 44.8081, GNorm = 2.7544, lr_0 = 1.9751e-04
Loss = 8.5797e-01, PNorm = 44.8135, GNorm = 2.9417, lr_0 = 1.9709e-04
Loss = 7.4160e-01, PNorm = 44.8177, GNorm = 2.1089, lr_0 = 1.9668e-04
Loss = 8.4354e-01, PNorm = 44.8231, GNorm = 2.0772, lr_0 = 1.9627e-04
Loss = 1.3844e+00, PNorm = 44.8261, GNorm = 3.2373, lr_0 = 1.9586e-04
Loss = 9.0314e-01, PNorm = 44.8303, GNorm = 3.8959, lr_0 = 1.9545e-04
Loss = 1.0323e+00, PNorm = 44.8361, GNorm = 2.8238, lr_0 = 1.9504e-04
Loss = 8.9877e-01, PNorm = 44.8393, GNorm = 2.2631, lr_0 = 1.9463e-04
Validation rmse = 2.021089
Epoch 36
Loss = 1.2470e+01, PNorm = 44.8440, GNorm = 56.9928, lr_0 = 1.9418e-04
Loss = 1.0553e+00, PNorm = 44.8482, GNorm = 2.2525, lr_0 = 1.9378e-04
Loss = 7.9121e-01, PNorm = 44.8504, GNorm = 8.5797, lr_0 = 1.9337e-04
Loss = 9.0041e-01, PNorm = 44.8551, GNorm = 11.4313, lr_0 = 1.9297e-04
Loss = 1.5162e+00, PNorm = 44.8630, GNorm = 3.1709, lr_0 = 1.9256e-04
Loss = 9.9235e-01, PNorm = 44.8703, GNorm = 16.2361, lr_0 = 1.9216e-04
Loss = 6.7796e-01, PNorm = 44.8768, GNorm = 3.3873, lr_0 = 1.9176e-04
Loss = 1.0382e+00, PNorm = 44.8830, GNorm = 2.5841, lr_0 = 1.9136e-04
Loss = 1.3936e+00, PNorm = 44.8879, GNorm = 9.0427, lr_0 = 1.9096e-04
Loss = 1.2429e+00, PNorm = 44.8935, GNorm = 3.3942, lr_0 = 1.9056e-04
Loss = 9.9344e-01, PNorm = 44.9010, GNorm = 4.5236, lr_0 = 1.9016e-04
Loss = 7.4399e-01, PNorm = 44.9079, GNorm = 4.3059, lr_0 = 1.8976e-04
Loss = 8.7646e-01, PNorm = 44.9142, GNorm = 1.8915, lr_0 = 1.8936e-04
Loss = 1.1825e+00, PNorm = 44.9193, GNorm = 4.3079, lr_0 = 1.8897e-04
Loss = 1.1603e+00, PNorm = 44.9231, GNorm = 1.6886, lr_0 = 1.8857e-04
Loss = 1.6030e+00, PNorm = 44.9290, GNorm = 4.3320, lr_0 = 1.8818e-04
Loss = 1.7118e+00, PNorm = 44.9392, GNorm = 4.9753, lr_0 = 1.8778e-04
Loss = 1.4612e+00, PNorm = 44.9471, GNorm = 36.5486, lr_0 = 1.8739e-04
Loss = 6.8339e-01, PNorm = 44.9545, GNorm = 2.0515, lr_0 = 1.8700e-04
Loss = 1.0392e+00, PNorm = 44.9575, GNorm = 2.3808, lr_0 = 1.8661e-04
Loss = 7.7148e-01, PNorm = 44.9611, GNorm = 4.2033, lr_0 = 1.8621e-04
Loss = 8.0805e-01, PNorm = 44.9652, GNorm = 10.0620, lr_0 = 1.8583e-04
Loss = 1.1019e+00, PNorm = 44.9702, GNorm = 2.8627, lr_0 = 1.8544e-04
Validation rmse = 2.097520
Epoch 37
Loss = 5.8465e-01, PNorm = 44.9764, GNorm = 2.0782, lr_0 = 1.8505e-04
Loss = 1.6054e+00, PNorm = 44.9818, GNorm = 41.3421, lr_0 = 1.8466e-04
Loss = 1.0452e+00, PNorm = 44.9912, GNorm = 4.7692, lr_0 = 1.8427e-04
Loss = 9.9500e-01, PNorm = 44.9983, GNorm = 2.7926, lr_0 = 1.8389e-04
Loss = 1.0886e+00, PNorm = 45.0075, GNorm = 23.1932, lr_0 = 1.8350e-04
Loss = 7.8610e-01, PNorm = 45.0124, GNorm = 11.1844, lr_0 = 1.8312e-04
Loss = 6.9345e-01, PNorm = 45.0138, GNorm = 2.3592, lr_0 = 1.8274e-04
Loss = 8.0002e-01, PNorm = 45.0149, GNorm = 2.3948, lr_0 = 1.8235e-04
Loss = 1.2995e+00, PNorm = 45.0168, GNorm = 41.3026, lr_0 = 1.8197e-04
Loss = 1.5307e+00, PNorm = 45.0225, GNorm = 4.6632, lr_0 = 1.8159e-04
Loss = 8.6261e-01, PNorm = 45.0295, GNorm = 34.4725, lr_0 = 1.8121e-04
Loss = 8.8101e-01, PNorm = 45.0361, GNorm = 4.5958, lr_0 = 1.8083e-04
Loss = 1.0428e+00, PNorm = 45.0399, GNorm = 4.0261, lr_0 = 1.8045e-04
Loss = 1.3157e+00, PNorm = 45.0465, GNorm = 24.4634, lr_0 = 1.8008e-04
Loss = 1.1458e+00, PNorm = 45.0574, GNorm = 2.3805, lr_0 = 1.7970e-04
Loss = 8.8724e-01, PNorm = 45.0661, GNorm = 3.6644, lr_0 = 1.7932e-04
Loss = 1.2830e+00, PNorm = 45.0720, GNorm = 13.4606, lr_0 = 1.7895e-04
Loss = 1.3431e+00, PNorm = 45.0763, GNorm = 3.6672, lr_0 = 1.7857e-04
Loss = 2.3725e+00, PNorm = 45.0805, GNorm = 2.8048, lr_0 = 1.7820e-04
Loss = 9.4935e-01, PNorm = 45.0849, GNorm = 5.6766, lr_0 = 1.7783e-04
Loss = 9.4443e-01, PNorm = 45.0875, GNorm = 3.4261, lr_0 = 1.7746e-04
Loss = 1.2990e+00, PNorm = 45.0934, GNorm = 2.2003, lr_0 = 1.7708e-04
Loss = 8.6428e-01, PNorm = 45.0980, GNorm = 2.3866, lr_0 = 1.7671e-04
Validation rmse = 2.151071
Epoch 38
Loss = 2.2410e+00, PNorm = 45.1015, GNorm = 2.9653, lr_0 = 1.7631e-04
Loss = 7.8198e-01, PNorm = 45.1032, GNorm = 2.4421, lr_0 = 1.7594e-04
Loss = 1.9278e+00, PNorm = 45.1049, GNorm = 3.8897, lr_0 = 1.7557e-04
Loss = 9.5008e-01, PNorm = 45.1072, GNorm = 1.4642, lr_0 = 1.7520e-04
Loss = 1.1611e+00, PNorm = 45.1124, GNorm = 10.8720, lr_0 = 1.7484e-04
Loss = 9.1047e-01, PNorm = 45.1186, GNorm = 3.7910, lr_0 = 1.7447e-04
Loss = 8.0884e-01, PNorm = 45.1231, GNorm = 2.6067, lr_0 = 1.7411e-04
Loss = 6.6942e-01, PNorm = 45.1251, GNorm = 3.9603, lr_0 = 1.7374e-04
Loss = 9.3547e-01, PNorm = 45.1267, GNorm = 2.4958, lr_0 = 1.7338e-04
Loss = 8.7232e-01, PNorm = 45.1296, GNorm = 2.8912, lr_0 = 1.7301e-04
Loss = 9.8462e-01, PNorm = 45.1348, GNorm = 20.2953, lr_0 = 1.7265e-04
Loss = 1.0714e+00, PNorm = 45.1418, GNorm = 2.8383, lr_0 = 1.7229e-04
Loss = 1.2861e+00, PNorm = 45.1477, GNorm = 3.0201, lr_0 = 1.7193e-04
Loss = 1.3286e+00, PNorm = 45.1499, GNorm = 20.4303, lr_0 = 1.7157e-04
Loss = 8.5715e-01, PNorm = 45.1533, GNorm = 3.2779, lr_0 = 1.7121e-04
Loss = 9.7080e-01, PNorm = 45.1565, GNorm = 3.0551, lr_0 = 1.7085e-04
Loss = 1.0043e+00, PNorm = 45.1578, GNorm = 3.6462, lr_0 = 1.7050e-04
Loss = 1.2463e+00, PNorm = 45.1573, GNorm = 33.1482, lr_0 = 1.7014e-04
Loss = 1.2937e+00, PNorm = 45.1643, GNorm = 4.2910, lr_0 = 1.6978e-04
Loss = 1.1999e+00, PNorm = 45.1696, GNorm = 5.2629, lr_0 = 1.6943e-04
Loss = 1.5818e+00, PNorm = 45.1786, GNorm = 4.1160, lr_0 = 1.6907e-04
Loss = 1.6913e+00, PNorm = 45.1875, GNorm = 2.3668, lr_0 = 1.6872e-04
Loss = 1.0679e+00, PNorm = 45.1955, GNorm = 5.6114, lr_0 = 1.6837e-04
Validation rmse = 2.082642
Epoch 39
Loss = 1.4795e+00, PNorm = 45.2018, GNorm = 16.0349, lr_0 = 1.6801e-04
Loss = 1.2173e+00, PNorm = 45.2090, GNorm = 2.2888, lr_0 = 1.6766e-04
Loss = 1.0232e+00, PNorm = 45.2151, GNorm = 3.5090, lr_0 = 1.6731e-04
Loss = 9.6561e-01, PNorm = 45.2198, GNorm = 4.8678, lr_0 = 1.6696e-04
Loss = 9.8301e-01, PNorm = 45.2235, GNorm = 2.1593, lr_0 = 1.6661e-04
Loss = 9.1116e-01, PNorm = 45.2269, GNorm = 26.0833, lr_0 = 1.6626e-04
Loss = 7.5912e-01, PNorm = 45.2304, GNorm = 5.5276, lr_0 = 1.6592e-04
Loss = 8.1612e-01, PNorm = 45.2332, GNorm = 2.4934, lr_0 = 1.6557e-04
Loss = 8.4494e-01, PNorm = 45.2362, GNorm = 3.4353, lr_0 = 1.6522e-04
Loss = 7.5607e-01, PNorm = 45.2395, GNorm = 2.3001, lr_0 = 1.6488e-04
Loss = 1.0560e+00, PNorm = 45.2445, GNorm = 22.7188, lr_0 = 1.6453e-04
Loss = 9.9694e-01, PNorm = 45.2489, GNorm = 3.1852, lr_0 = 1.6419e-04
Loss = 1.0696e+00, PNorm = 45.2526, GNorm = 3.6151, lr_0 = 1.6384e-04
Loss = 1.1208e+00, PNorm = 45.2579, GNorm = 2.1964, lr_0 = 1.6350e-04
Loss = 1.1278e+00, PNorm = 45.2667, GNorm = 2.7538, lr_0 = 1.6316e-04
Loss = 1.5174e+00, PNorm = 45.2745, GNorm = 8.6071, lr_0 = 1.6282e-04
Loss = 1.3337e+00, PNorm = 45.2856, GNorm = 11.1938, lr_0 = 1.6248e-04
Loss = 8.5682e-01, PNorm = 45.2931, GNorm = 2.9787, lr_0 = 1.6214e-04
Loss = 6.9169e-01, PNorm = 45.2961, GNorm = 2.6067, lr_0 = 1.6180e-04
Loss = 1.5446e+00, PNorm = 45.2994, GNorm = 3.7032, lr_0 = 1.6146e-04
Loss = 9.7968e-01, PNorm = 45.3011, GNorm = 2.6779, lr_0 = 1.6112e-04
Loss = 2.5052e+00, PNorm = 45.3054, GNorm = 3.3248, lr_0 = 1.6078e-04
Loss = 9.8565e-01, PNorm = 45.3100, GNorm = 7.2486, lr_0 = 1.6045e-04
