fold,split_name,target,pearson,pearson_p_val,spearman,kendall,rmse,n_vals
0,data_multitask_Li_enzyme_catalyzed_macrophage_in_vitro,delivery,-0.05289126221900933,0.8247336254787254,0.010526315789473682,0.052631578947368425,1.470216288174048,20
0,data_multitask_Li_enzyme_catalyzed_macrophage_in_vitro,toxicity,-0.20285671768989127,0.3910258590797743,0.08571428571428572,0.08421052631578947,1.5712041088587725,20
