cv_3_pred_Experiment_value,Experiment_value,smiles,Experiment_ID,experiment_id,rel
-2.5404708,0.5401619940024391,CCCCC/C=C\C/C=C\CCCCCCCCOC(=O)CCCC1(CCCC(=O)OCCCCCCCC/C=C\C/C=C\CCCCC)C=NC(C(=O)OC)N1CCN1CCCC1,BL_2023_3CR,BL_2023_3CR,1
-1.8373852,3.3867851830114097,CCCCC/C=C\C/C=C\CCCCCCCCOC(=O)CCCC1(CCCC(=O)OCCCCCCCC/C=C\C/C=C\CCCCC)C=NC(C(=O)OCC)N1CCN1CCCC1,BL_2023_3CR,BL_2023_3CR,3
-2.3656805,3.0473466101185056,CCCCC/C=C\C/C=C\CCCCCCCCOC(=O)CCCC1(CCCC(=O)OCCCCCCCC/C=C\C/C=C\CCCCC)C=NC(C(=O)OC(C)(C)C)N1CCN1CCCC1,BL_2023_3CR,BL_2023_3CR,2
-3.368299,-0.674095932295874,CCCCC/C=C\C/C=C\CCCCCCCCOC(=O)CCCC(C=NC(C)(C)C)(CCCC(=O)OCCCCCCCC/C=C\C/C=C\CCCCC)NCCN1CCCC1,BL_2023_3CR,BL_2023_3CR,0
-3.1964653,0.2140315992398948,CCCCC/C=C\C/C=C\CCCCCCCCOC(=O)CCCC(C=NCCCC)(CCCC(=O)OCCCCCCCC/C=C\C/C=C\CCCCC)NCCN1CCCC1,BL_2023_3CR,BL_2023_3CR,1
-3.6166284,-1.345938476123994,CCCCC/C=C\C/C=C\CCCCCCCCOC(=O)CCCC(C=NC1CCCCC1)(CCCC(=O)OCCCCCCCC/C=C\C/C=C\CCCCC)NCCN1CCCC1,BL_2023_3CR,BL_2023_3CR,0
-0.7568149,3.0315858730146004,CCCCCCCC/C=C\CCCCCCCCOC(=O)CCCC1(CCCC(=O)OCCCCCCCC/C=C\CCCCCCCC)C=NC(C(=O)OC)N1CCN1CCCC1,BL_2023_3CR,BL_2023_3CR,2
-0.5226701,1.8838470794268656,CCCCCCCC/C=C\CCCCCCCCOC(=O)CCCC1(CCCC(=O)OCCCCCCCC/C=C\CCCCCCCC)C=NC(C(=O)OCC)N1CCN1CCCC1,BL_2023_3CR,BL_2023_3CR,2
-0.12172591,2.654343916152897,CCCCCCCC/C=C\CCCCCCCCOC(=O)CCCC1(CCCC(=O)OCCCCCCCC/C=C\CCCCCCCC)C=NC(C(=O)OC(C)(C)C)N1CCN1CCCC1,BL_2023_3CR,BL_2023_3CR,2
-3.5291977,-0.1316805498256807,CCCCCCCC/C=C\CCCCCCCCOC(=O)CCCC(C=NC(C)(C)C)(CCCC(=O)OCCCCCCCC/C=C\CCCCCCCC)NCCN1CCCC1,BL_2023_3CR,BL_2023_3CR,1
-1.478009,-0.1316805498256807,CCCCCCCC/C=C\CCCCCCCCOC(=O)CCCC(C=NCCCC)(CCCC(=O)OCCCCCCCC/C=C\CCCCCCCC)NCCN1CCCC1,BL_2023_3CR,BL_2023_3CR,1
-2.317306,-0.1316805498256807,CCCCCCCC/C=C\CCCCCCCCOC(=O)CCCC(C=NC1CCCCC1)(CCCC(=O)OCCCCCCCC/C=C\CCCCCCCC)NCCN1CCCC1,BL_2023_3CR,BL_2023_3CR,1
-5.1766386,-0.4578109423564123,CCCCCCC#CCCOC(=O)CCCC1(CCCC(=O)OCCC#CCCCCCC)C=NC(C(=O)OC)N1CCN1CCCC1,BL_2023_3CR,BL_2023_3CR,0
-4.7929792,-0.1316805498256807,CCCCCCC#CCCOC(=O)CCCC1(CCCC(=O)OCCC#CCCCCCC)C=NC(C(=O)OCC)N1CCN1CCCC1,BL_2023_3CR,BL_2023_3CR,1
-4.413337,-0.1316805498256807,CCCCCCC#CCCOC(=O)CCCC1(CCCC(=O)OCCC#CCCCCCC)C=NC(C(=O)OC(C)(C)C)N1CCN1CCCC1,BL_2023_3CR,BL_2023_3CR,1
-4.733594,3.801570006586688,CCCCCCC#CCCOC(=O)CCCC(C=NC(C)(C)C)(CCCC(=O)OCCC#CCCCCCC)NCCN1CCCC1,BL_2023_3CR,BL_2023_3CR,3
-4.3116713,3.2100674789852626,CCCCCCC#CCCOC(=O)CCCC(C=NCCCC)(CCCC(=O)OCCC#CCCCCCC)NCCN1CCCC1,BL_2023_3CR,BL_2023_3CR,2
-4.4289465,2.167004370801205,CCCCCCC#CCCOC(=O)CCCC(C=NC1CCCCC1)(CCCC(=O)OCCC#CCCCCCC)NCCN1CCCC1,BL_2023_3CR,BL_2023_3CR,2
-1.1070805,-2.0177810199521136,CCCCCCCC/C=C\CCCCCCCCOC(=O)CCCC1(CCCC(=O)OC(CCCCCCCC)CCCCCCCC)C=NC(C(=O)OC)N1CCN1CCCC1,BL_2023_3CR,BL_2023_3CR,0
-0.511079,0.2140315992398948,CCCCCCCC/C=C\CCCCCCCCOC(=O)CCCC1(CCCC(=O)OC(CCCCCCCC)CCCCCCCC)C=NC(C(=O)OCC)N1CCN1CCCC1,BL_2023_3CR,BL_2023_3CR,1
-1.373824,0.7837519994634626,CCCCCCCC/C=C\CCCCCCCCOC(=O)CCCC1(CCCC(=O)OC(CCCCCCCC)CCCCCCCC)C=NC(C(=O)OC(C)(C)C)N1CCN1CCCC1,BL_2023_3CR,BL_2023_3CR,1
-4.180028,-0.1316805498256807,CCCCCCCC/C=C\CCCCCCCCOC(=O)CCCC(C=NC(C)(C)C)(CCCC(=O)OC(CCCCCCCC)CCCCCCCC)NCCN1CCCC1,BL_2023_3CR,BL_2023_3CR,1
-2.9857948,-1.345938476123994,CCCCCCCC/C=C\CCCCCCCCOC(=O)CCCC(C=NCCCC)(CCCC(=O)OC(CCCCCCCC)CCCCCCCC)NCCN1CCCC1,BL_2023_3CR,BL_2023_3CR,0
-2.8671105,-0.2810932383302653,CCCCCCCC/C=C\CCCCCCCCOC(=O)CCCC(C=NC1CCCCC1)(CCCC(=O)OC(CCCCCCCC)CCCCCCCC)NCCN1CCCC1,BL_2023_3CR,BL_2023_3CR,0
-1.1987673,3.404970780062441,CCCCCCC#CCCOC(=O)CCCC1(CCCC(=O)OCCCCCCCC/C=C\CCCCCCCC)C=NC(C(=O)OC)N1CCN1CCCC1,BL_2023_3CR,BL_2023_3CR,3
-0.9938552,3.801570006586688,CCCCCCC#CCCOC(=O)CCCC1(CCCC(=O)OCCCCCCCC/C=C\CCCCCCCC)C=NC(C(=O)OCC)N1CCN1CCCC1,BL_2023_3CR,BL_2023_3CR,3
-1.5561033,3.6628675234877166,CCCCCCC#CCCOC(=O)CCCC1(CCCC(=O)OCCCCCCCC/C=C\CCCCCCCC)C=NC(C(=O)OC(C)(C)C)N1CCN1CCCC1,BL_2023_3CR,BL_2023_3CR,3
-4.54895,-0.1316805498256807,CCCCCCC#CCCOC(=O)CCCC(C=NC(C)(C)C)(CCCC(=O)OCCCCCCCC/C=C\CCCCCCCC)NCCN1CCCC1,BL_2023_3CR,BL_2023_3CR,1
-1.711034,-2.0177810199521136,CCCCCCC#CCCOC(=O)CCCC(C=NCCCC)(CCCC(=O)OCCCCCCCC/C=C\CCCCCCCC)NCCN1CCCC1,BL_2023_3CR,BL_2023_3CR,0
-2.9250977,-2.0177810199521136,CCCCCCC#CCCOC(=O)CCCC(C=NC1CCCCC1)(CCCC(=O)OCCCCCCCC/C=C\CCCCCCCC)NCCN1CCCC1,BL_2023_3CR,BL_2023_3CR,0
-2.5610297,-0.1316805498256807,CCCCCCCCCCCCOC(=O)CCCC1(CCCC(=O)OCCCCCCCCCCCC)C=NC(C(=O)OC)N1CCN1CCCC1,BL_2023_3CR,BL_2023_3CR,1
-2.7151542,0.2140315992398948,CCCCCCCCCCCCOC(=O)CCCC1(CCCC(=O)OCCCCCCCCCCCC)C=NC(C(=O)OCC)N1CCN1CCCC1,BL_2023_3CR,BL_2023_3CR,1
-3.313159,3.801570006586688,CCCCCCCCCCCCOC(=O)CCCC1(CCCC(=O)OCCCCCCCCCCCC)C=NC(C(=O)OC(C)(C)C)N1CCN1CCCC1,BL_2023_3CR,BL_2023_3CR,3
-4.8051987,-0.1316805498256807,CCCCCCCCCCCCOC(=O)CCCC(C=NC(C)(C)C)(CCCC(=O)OCCCCCCCCCCCC)NCCN1CCCC1,BL_2023_3CR,BL_2023_3CR,1
-2.4543521,-0.1316805498256807,CCCCCCCCCCCCOC(=O)CCCC(C=NCCCC)(CCCC(=O)OCCCCCCCCCCCC)NCCN1CCCC1,BL_2023_3CR,BL_2023_3CR,1
-2.6291552,-0.1316805498256807,CCCCCCCCCCCCOC(=O)CCCC(C=NC1CCCCC1)(CCCC(=O)OCCCCCCCCCCCC)NCCN1CCCC1,BL_2023_3CR,BL_2023_3CR,1
-2.9515402,-0.1316805498256807,CCCCCCCCC(CCCCCCCC)OC(=O)CCCC1(CCCC(=O)OC(CCCCCCCC)CCCCCCCC)C=NC(C(=O)OC)N1CCN1CCCC1,BL_2023_3CR,BL_2023_3CR,1
-3.0831459,-0.1316805498256807,CCCCCCCCC(CCCCCCCC)OC(=O)CCCC1(CCCC(=O)OC(CCCCCCCC)CCCCCCCC)C=NC(C(=O)OCC)N1CCN1CCCC1,BL_2023_3CR,BL_2023_3CR,1
-2.7738416,-0.1316805498256807,CCCCCCCCC(CCCCCCCC)OC(=O)CCCC1(CCCC(=O)OC(CCCCCCCC)CCCCCCCC)C=NC(C(=O)OC(C)(C)C)N1CCN1CCCC1,BL_2023_3CR,BL_2023_3CR,1
-4.119022,-0.1316805498256807,CCCCCCCCC(CCCCCCCC)OC(=O)CCCC(C=NC(C)(C)C)(CCCC(=O)OC(CCCCCCCC)CCCCCCCC)NCCN1CCCC1,BL_2023_3CR,BL_2023_3CR,1
-4.0502915,-2.0177810199521136,CCCCCCCCC(CCCCCCCC)OC(=O)CCCC(C=NCCCC)(CCCC(=O)OC(CCCCCCCC)CCCCCCCC)NCCN1CCCC1,BL_2023_3CR,BL_2023_3CR,0
-3.6436877,-2.0177810199521136,CCCCCCCCC(CCCCCCCC)OC(=O)CCCC(C=NC1CCCCC1)(CCCC(=O)OC(CCCCCCCC)CCCCCCCC)NCCN1CCCC1,BL_2023_3CR,BL_2023_3CR,0
1.984224,-0.1316805498256807,CCCCCCCC/C=C\CCCCCCCC1(CCCCCCC/C=C\CCCCCCCC)C=NC(C(=O)OC)N1CCN1CCCC1,BL_2023_3CR,BL_2023_3CR,1
2.892104,-0.1316805498256807,CCCCCCCC/C=C\CCCCCCCC1(CCCCCCC/C=C\CCCCCCCC)C=NC(C(=O)OCC)N1CCN1CCCC1,BL_2023_3CR,BL_2023_3CR,1
0.5592689,-0.1316805498256807,CCCCCCCC/C=C\CCCCCCCC1(CCCCCCC/C=C\CCCCCCCC)C=NC(C(=O)OC(C)(C)C)N1CCN1CCCC1,BL_2023_3CR,BL_2023_3CR,1
-2.5807414,-0.0022533906995668,CCCCCCCC/C=C\CCCCCCCC(C=NC(C)(C)C)(CCCCCCC/C=C\CCCCCCCC)NCCN1CCCC1,BL_2023_3CR,BL_2023_3CR,1
-1.5074834,-0.1316805498256807,CCCCCCCC/C=C\CCCCCCCC(C=NCCCC)(CCCCCCC/C=C\CCCCCCCC)NCCN1CCCC1,BL_2023_3CR,BL_2023_3CR,1
-1.2547249,-0.1316805498256807,CCCCCCCC/C=C\CCCCCCCC(C=NC1CCCCC1)(CCCCCCC/C=C\CCCCCCCC)NCCN1CCCC1,BL_2023_3CR,BL_2023_3CR,1
-2.1812937,2.5643053595581797,CCCCC/C=C\C/C=C\CCCCCCCCOC(=O)CCCC1(CCCC(=O)OCCCCCCCC/C=C\C/C=C\CCCCC)C=NC(C(=O)OC)N1CCN1CCCCC1,BL_2023_3CR,BL_2023_3CR,2
-1.3868861,3.3024481957105025,CCCCC/C=C\C/C=C\CCCCCCCCOC(=O)CCCC1(CCCC(=O)OCCCCCCCC/C=C\C/C=C\CCCCC)C=NC(C(=O)OCC)N1CCN1CCCCC1,BL_2023_3CR,BL_2023_3CR,2
-2.6378577,1.998009925761776,CCCCC/C=C\C/C=C\CCCCCCCCOC(=O)CCCC1(CCCC(=O)OCCCCCCCC/C=C\C/C=C\CCCCC)C=NC(C(=O)OC(C)(C)C)N1CCN1CCCCC1,BL_2023_3CR,BL_2023_3CR,2
-3.6710205,-0.4578109423564123,CCCCC/C=C\C/C=C\CCCCCCCCOC(=O)CCCC(C=NC(C)(C)C)(CCCC(=O)OCCCCCCCC/C=C\C/C=C\CCCCC)NCCN1CCCCC1,BL_2023_3CR,BL_2023_3CR,0
-3.8141139,-1.345938476123994,CCCCC/C=C\C/C=C\CCCCCCCCOC(=O)CCCC(C=NCCCC)(CCCC(=O)OCCCCCCCC/C=C\C/C=C\CCCCC)NCCN1CCCCC1,BL_2023_3CR,BL_2023_3CR,0
-4.106856,-0.1316805498256807,CCCCC/C=C\C/C=C\CCCCCCCCOC(=O)CCCC(C=NC1CCCCC1)(CCCC(=O)OCCCCCCCC/C=C\C/C=C\CCCCC)NCCN1CCCCC1,BL_2023_3CR,BL_2023_3CR,1
-0.6127959,2.2173670704941206,CCCCCCCC/C=C\CCCCCCCCOC(=O)CCCC1(CCCC(=O)OCCCCCCCC/C=C\CCCCCCCC)C=NC(C(=O)OC)N1CCN1CCCCC1,BL_2023_3CR,BL_2023_3CR,2
-0.6499022,1.400192953034997,CCCCCCCC/C=C\CCCCCCCCOC(=O)CCCC1(CCCC(=O)OCCCCCCCC/C=C\CCCCCCCC)C=NC(C(=O)OCC)N1CCN1CCCCC1,BL_2023_3CR,BL_2023_3CR,2
-1.0806016,0.3907493032660417,CCCCCCCC/C=C\CCCCCCCCOC(=O)CCCC1(CCCC(=O)OCCCCCCCC/C=C\CCCCCCCC)C=NC(C(=O)OC(C)(C)C)N1CCN1CCCCC1,BL_2023_3CR,BL_2023_3CR,1
-3.549763,-0.1316805498256807,CCCCCCCC/C=C\CCCCCCCCOC(=O)CCCC(C=NC(C)(C)C)(CCCC(=O)OCCCCCCCC/C=C\CCCCCCCC)NCCN1CCCCC1,BL_2023_3CR,BL_2023_3CR,1
-1.8168719,-0.674095932295874,CCCCCCCC/C=C\CCCCCCCCOC(=O)CCCC(C=NCCCC)(CCCC(=O)OCCCCCCCC/C=C\CCCCCCCC)NCCN1CCCCC1,BL_2023_3CR,BL_2023_3CR,0
-3.2013636,-0.9529357821583856,CCCCCCCC/C=C\CCCCCCCCOC(=O)CCCC(C=NC1CCCCC1)(CCCC(=O)OCCCCCCCC/C=C\CCCCCCCC)NCCN1CCCCC1,BL_2023_3CR,BL_2023_3CR,0
-4.3367605,0.72835041143869,CCCCCCC#CCCOC(=O)CCCC1(CCCC(=O)OCCC#CCCCCCC)C=NC(C(=O)OC)N1CCN1CCCCC1,BL_2023_3CR,BL_2023_3CR,1
-4.910767,-0.4578109423564123,CCCCCCC#CCCOC(=O)CCCC1(CCCC(=O)OCCC#CCCCCCC)C=NC(C(=O)OCC)N1CCN1CCCCC1,BL_2023_3CR,BL_2023_3CR,0
-4.0881577,-0.1316805498256807,CCCCCCC#CCCOC(=O)CCCC1(CCCC(=O)OCCC#CCCCCCC)C=NC(C(=O)OC(C)(C)C)N1CCN1CCCCC1,BL_2023_3CR,BL_2023_3CR,1
-4.310529,1.3106588284966572,CCCCCCC#CCCOC(=O)CCCC(C=NC(C)(C)C)(CCCC(=O)OCCC#CCCCCCC)NCCN1CCCCC1,BL_2023_3CR,BL_2023_3CR,2
-4.6316185,3.2056516904185584,CCCCCCC#CCCOC(=O)CCCC(C=NCCCC)(CCCC(=O)OCCC#CCCCCCC)NCCN1CCCCC1,BL_2023_3CR,BL_2023_3CR,2
-3.9203455,-0.1316805498256807,CCCCCCC#CCCOC(=O)CCCC(C=NC1CCCCC1)(CCCC(=O)OCCC#CCCCCCC)NCCN1CCCCC1,BL_2023_3CR,BL_2023_3CR,1
-1.9863528,0.9331646879680472,CCCCCCCC/C=C\CCCCCCCCOC(=O)CCCC1(CCCC(=O)OC(CCCCCCCC)CCCCCCCC)C=NC(C(=O)OC)N1CCN1CCCCC1,BL_2023_3CR,BL_2023_3CR,1
-2.1049478,-0.1316805498256807,CCCCCCCC/C=C\CCCCCCCCOC(=O)CCCC1(CCCC(=O)OC(CCCCCCCC)CCCCCCCC)C=NC(C(=O)OCC)N1CCN1CCCCC1,BL_2023_3CR,BL_2023_3CR,1
-1.8224627,-0.2810932383302653,CCCCCCCC/C=C\CCCCCCCCOC(=O)CCCC1(CCCC(=O)OC(CCCCCCCC)CCCCCCCC)C=NC(C(=O)OC(C)(C)C)N1CCN1CCCCC1,BL_2023_3CR,BL_2023_3CR,0
-3.910486,-2.0177810199521136,CCCCCCCC/C=C\CCCCCCCCOC(=O)CCCC(C=NC(C)(C)C)(CCCC(=O)OC(CCCCCCCC)CCCCCCCC)NCCN1CCCCC1,BL_2023_3CR,BL_2023_3CR,0
-4.600592,-0.674095932295874,CCCCCCCC/C=C\CCCCCCCCOC(=O)CCCC(C=NCCCC)(CCCC(=O)OC(CCCCCCCC)CCCCCCCC)NCCN1CCCCC1,BL_2023_3CR,BL_2023_3CR,0
-4.279751,-0.2810932383302653,CCCCCCCC/C=C\CCCCCCCCOC(=O)CCCC(C=NC1CCCCC1)(CCCC(=O)OC(CCCCCCCC)CCCCCCCC)NCCN1CCCCC1,BL_2023_3CR,BL_2023_3CR,0
-1.7185326,-0.1316805498256807,CCCCCCC#CCCOC(=O)CCCC1(CCCC(=O)OCCCCCCCC/C=C\CCCCCCCC)C=NC(C(=O)OC)N1CCN1CCCCC1,BL_2023_3CR,BL_2023_3CR,1
-1.9601352,3.117686762260023,CCCCCCC#CCCOC(=O)CCCC1(CCCC(=O)OCCCCCCCC/C=C\CCCCCCCC)C=NC(C(=O)OCC)N1CCN1CCCCC1,BL_2023_3CR,BL_2023_3CR,2
-0.8222129,-0.1316805498256807,CCCCCCC#CCCOC(=O)CCCC1(CCCC(=O)OCCCCCCCC/C=C\CCCCCCCC)C=NC(C(=O)OC(C)(C)C)N1CCN1CCCCC1,BL_2023_3CR,BL_2023_3CR,1
-3.8326435,-0.1316805498256807,CCCCCCC#CCCOC(=O)CCCC(C=NC(C)(C)C)(CCCC(=O)OCCCCCCCC/C=C\CCCCCCCC)NCCN1CCCCC1,BL_2023_3CR,BL_2023_3CR,1
-3.0759685,-0.1316805498256807,CCCCCCC#CCCOC(=O)CCCC(C=NCCCC)(CCCC(=O)OCCCCCCCC/C=C\CCCCCCCC)NCCN1CCCCC1,BL_2023_3CR,BL_2023_3CR,1
-3.1282976,-0.4578109423564123,CCCCCCC#CCCOC(=O)CCCC(C=NC1CCCCC1)(CCCC(=O)OCCCCCCCC/C=C\CCCCCCCC)NCCN1CCCCC1,BL_2023_3CR,BL_2023_3CR,0
-3.2519474,-0.1316805498256807,CCCCCCCCCCCCOC(=O)CCCC1(CCCC(=O)OCCCCCCCCCCCC)C=NC(C(=O)OC)N1CCN1CCCCC1,BL_2023_3CR,BL_2023_3CR,1
-3.9482427,-0.1316805498256807,CCCCCCCCCCCCOC(=O)CCCC1(CCCC(=O)OCCCCCCCCCCCC)C=NC(C(=O)OCC)N1CCN1CCCCC1,BL_2023_3CR,BL_2023_3CR,1
-3.430469,2.416321209674887,CCCCCCCCCCCCOC(=O)CCCC1(CCCC(=O)OCCCCCCCCCCCC)C=NC(C(=O)OC(C)(C)C)N1CCN1CCCCC1,BL_2023_3CR,BL_2023_3CR,2
-3.828476,0.2140315992398948,CCCCCCCCCCCCOC(=O)CCCC(C=NC(C)(C)C)(CCCC(=O)OCCCCCCCCCCCC)NCCN1CCCCC1,BL_2023_3CR,BL_2023_3CR,1
-3.9444358,-0.9529357821583856,CCCCCCCCCCCCOC(=O)CCCC(C=NCCCC)(CCCC(=O)OCCCCCCCCCCCC)NCCN1CCCCC1,BL_2023_3CR,BL_2023_3CR,0
-3.102038,-0.1316805498256807,CCCCCCCCCCCCOC(=O)CCCC(C=NC1CCCCC1)(CCCC(=O)OCCCCCCCCCCCC)NCCN1CCCCC1,BL_2023_3CR,BL_2023_3CR,1
-3.7097723,-2.0177810199521136,CCCCCCCCC(CCCCCCCC)OC(=O)CCCC1(CCCC(=O)OC(CCCCCCCC)CCCCCCCC)C=NC(C(=O)OC)N1CCN1CCCCC1,BL_2023_3CR,BL_2023_3CR,0
-3.8188126,-0.4578109423564123,CCCCCCCCC(CCCCCCCC)OC(=O)CCCC1(CCCC(=O)OC(CCCCCCCC)CCCCCCCC)C=NC(C(=O)OCC)N1CCN1CCCCC1,BL_2023_3CR,BL_2023_3CR,0
-3.6325183,-0.1316805498256807,CCCCCCCCC(CCCCCCCC)OC(=O)CCCC1(CCCC(=O)OC(CCCCCCCC)CCCCCCCC)C=NC(C(=O)OC(C)(C)C)N1CCN1CCCCC1,BL_2023_3CR,BL_2023_3CR,1
-3.7057981,-0.1316805498256807,CCCCCCCCC(CCCCCCCC)OC(=O)CCCC(C=NC(C)(C)C)(CCCC(=O)OC(CCCCCCCC)CCCCCCCC)NCCN1CCCCC1,BL_2023_3CR,BL_2023_3CR,1
-4.6075535,-0.1316805498256807,CCCCCCCCC(CCCCCCCC)OC(=O)CCCC(C=NCCCC)(CCCC(=O)OC(CCCCCCCC)CCCCCCCC)NCCN1CCCCC1,BL_2023_3CR,BL_2023_3CR,1
-4.434457,-2.0177810199521136,CCCCCCCCC(CCCCCCCC)OC(=O)CCCC(C=NC1CCCCC1)(CCCC(=O)OC(CCCCCCCC)CCCCCCCC)NCCN1CCCCC1,BL_2023_3CR,BL_2023_3CR,0
0.62931997,-0.9529357821583856,CCCCCCCC/C=C\CCCCCCCC1(CCCCCCC/C=C\CCCCCCCC)C=NC(C(=O)OC)N1CCN1CCCCC1,BL_2023_3CR,BL_2023_3CR,0
0.77656484,-0.9529357821583856,CCCCCCCC/C=C\CCCCCCCC1(CCCCCCC/C=C\CCCCCCCC)C=NC(C(=O)OCC)N1CCN1CCCCC1,BL_2023_3CR,BL_2023_3CR,0
0.011806073,-0.1316805498256807,CCCCCCCC/C=C\CCCCCCCC1(CCCCCCC/C=C\CCCCCCCC)C=NC(C(=O)OC(C)(C)C)N1CCN1CCCCC1,BL_2023_3CR,BL_2023_3CR,1
-2.9896526,-1.345938476123994,CCCCCCCC/C=C\CCCCCCCC(C=NC(C)(C)C)(CCCCCCC/C=C\CCCCCCCC)NCCN1CCCCC1,BL_2023_3CR,BL_2023_3CR,0
-2.1331422,-0.1316805498256807,CCCCCCCC/C=C\CCCCCCCC(C=NCCCC)(CCCCCCC/C=C\CCCCCCCC)NCCN1CCCCC1,BL_2023_3CR,BL_2023_3CR,1
-1.6956016,-0.9529357821583856,CCCCCCCC/C=C\CCCCCCCC(C=NC1CCCCC1)(CCCCCCC/C=C\CCCCCCCC)NCCN1CCCCC1,BL_2023_3CR,BL_2023_3CR,0
-2.1652675,1.2788768370336232,CCCCC/C=C\C/C=C\CCCCCCCCOC(=O)CCCC1(CCCC(=O)OCCCCCCCC/C=C\C/C=C\CCCCC)C=NC(C(=O)OC)N1CCCN1CCCCC1CC,BL_2023_3CR,BL_2023_3CR,2
-1.5540253,1.400192953034997,CCCCC/C=C\C/C=C\CCCCCCCCOC(=O)CCCC1(CCCC(=O)OCCCCCCCC/C=C\C/C=C\CCCCC)C=NC(C(=O)OCC)N1CCCN1CCCCC1CC,BL_2023_3CR,BL_2023_3CR,2
-1.7350038,-0.1316805498256807,CCCCC/C=C\C/C=C\CCCCCCCCOC(=O)CCCC1(CCCC(=O)OCCCCCCCC/C=C\C/C=C\CCCCC)C=NC(C(=O)OC(C)(C)C)N1CCCN1CCCCC1CC,BL_2023_3CR,BL_2023_3CR,1
-3.1902702,-0.1316805498256807,CCCCC/C=C\C/C=C\CCCCCCCCOC(=O)CCCC(C=NC(C)(C)C)(CCCC(=O)OCCCCCCCC/C=C\C/C=C\CCCCC)NCCCN1CCCCC1CC,BL_2023_3CR,BL_2023_3CR,1
-3.6049078,-0.1316805498256807,CCCCC/C=C\C/C=C\CCCCCCCCOC(=O)CCCC(C=NCCCC)(CCCC(=O)OCCCCCCCC/C=C\C/C=C\CCCCC)NCCCN1CCCCC1CC,BL_2023_3CR,BL_2023_3CR,1
-3.1027195,-0.1316805498256807,CCCCC/C=C\C/C=C\CCCCCCCCOC(=O)CCCC(C=NC1CCCCC1)(CCCC(=O)OCCCCCCCC/C=C\C/C=C\CCCCC)NCCCN1CCCCC1CC,BL_2023_3CR,BL_2023_3CR,1
-1.8554543,2.2996570370288927,CCCCCCCC/C=C\CCCCCCCCOC(=O)CCCC1(CCCC(=O)OCCCCCCCC/C=C\CCCCCCCC)C=NC(C(=O)OC)N1CCCN1CCCCC1CC,BL_2023_3CR,BL_2023_3CR,2
-1.3592502,1.917859830093536,CCCCCCCC/C=C\CCCCCCCCOC(=O)CCCC1(CCCC(=O)OCCCCCCCC/C=C\CCCCCCCC)C=NC(C(=O)OCC)N1CCCN1CCCCC1CC,BL_2023_3CR,BL_2023_3CR,2
-2.0283842,-0.1316805498256807,CCCCCCCC/C=C\CCCCCCCCOC(=O)CCCC1(CCCC(=O)OCCCCCCCC/C=C\CCCCCCCC)C=NC(C(=O)OC(C)(C)C)N1CCCN1CCCCC1CC,BL_2023_3CR,BL_2023_3CR,1
-4.762753,-0.4578109423564123,CCCCCCCC/C=C\CCCCCCCCOC(=O)CCCC(C=NC(C)(C)C)(CCCC(=O)OCCCCCCCC/C=C\CCCCCCCC)NCCCN1CCCCC1CC,BL_2023_3CR,BL_2023_3CR,0
-1.8539732,0.2140315992398948,CCCCCCCC/C=C\CCCCCCCCOC(=O)CCCC(C=NCCCC)(CCCC(=O)OCCCCCCCC/C=C\CCCCCCCC)NCCCN1CCCCC1CC,BL_2023_3CR,BL_2023_3CR,1
-3.6667037,-0.1316805498256807,CCCCCCCC/C=C\CCCCCCCCOC(=O)CCCC(C=NC1CCCCC1)(CCCC(=O)OCCCCCCCC/C=C\CCCCCCCC)NCCCN1CCCCC1CC,BL_2023_3CR,BL_2023_3CR,1
-3.993019,-0.674095932295874,CCCCCCC#CCCOC(=O)CCCC1(CCCC(=O)OCCC#CCCCCCC)C=NC(C(=O)OC)N1CCCN1CCCCC1CC,BL_2023_3CR,BL_2023_3CR,0
-4.377102,-0.1316805498256807,CCCCCCC#CCCOC(=O)CCCC1(CCCC(=O)OCCC#CCCCCCC)C=NC(C(=O)OCC)N1CCCN1CCCCC1CC,BL_2023_3CR,BL_2023_3CR,1
-4.195401,-1.345938476123994,CCCCCCC#CCCOC(=O)CCCC1(CCCC(=O)OCCC#CCCCCCC)C=NC(C(=O)OC(C)(C)C)N1CCCN1CCCCC1CC,BL_2023_3CR,BL_2023_3CR,0
-4.8001423,-0.1316805498256807,CCCCCCC#CCCOC(=O)CCCC(C=NC(C)(C)C)(CCCC(=O)OCCC#CCCCCCC)NCCCN1CCCCC1CC,BL_2023_3CR,BL_2023_3CR,1
-3.6207526,-0.674095932295874,CCCCCCC#CCCOC(=O)CCCC(C=NCCCC)(CCCC(=O)OCCC#CCCCCCC)NCCCN1CCCCC1CC,BL_2023_3CR,BL_2023_3CR,0
-4.526937,-0.1316805498256807,CCCCCCC#CCCOC(=O)CCCC(C=NC1CCCCC1)(CCCC(=O)OCCC#CCCCCCC)NCCCN1CCCCC1CC,BL_2023_3CR,BL_2023_3CR,1
-2.6612444,0.3907493032660417,CCCCCCCC/C=C\CCCCCCCCOC(=O)CCCC1(CCCC(=O)OC(CCCCCCCC)CCCCCCCC)C=NC(C(=O)OC)N1CCCN1CCCCC1CC,BL_2023_3CR,BL_2023_3CR,1
-2.2484827,-0.1316805498256807,CCCCCCCC/C=C\CCCCCCCCOC(=O)CCCC1(CCCC(=O)OC(CCCCCCCC)CCCCCCCC)C=NC(C(=O)OCC)N1CCCN1CCCCC1CC,BL_2023_3CR,BL_2023_3CR,1
-2.37723,-2.0177810199521136,CCCCCCCC/C=C\CCCCCCCCOC(=O)CCCC1(CCCC(=O)OC(CCCCCCCC)CCCCCCCC)C=NC(C(=O)OC(C)(C)C)N1CCCN1CCCCC1CC,BL_2023_3CR,BL_2023_3CR,0
-4.593413,-0.674095932295874,CCCCCCCC/C=C\CCCCCCCCOC(=O)CCCC(C=NC(C)(C)C)(CCCC(=O)OC(CCCCCCCC)CCCCCCCC)NCCCN1CCCCC1CC,BL_2023_3CR,BL_2023_3CR,0
-4.0376444,-0.4578109423564123,CCCCCCCC/C=C\CCCCCCCCOC(=O)CCCC(C=NCCCC)(CCCC(=O)OC(CCCCCCCC)CCCCCCCC)NCCCN1CCCCC1CC,BL_2023_3CR,BL_2023_3CR,0
-3.9246953,-0.1316805498256807,CCCCCCCC/C=C\CCCCCCCCOC(=O)CCCC(C=NC1CCCCC1)(CCCC(=O)OC(CCCCCCCC)CCCCCCCC)NCCCN1CCCCC1CC,BL_2023_3CR,BL_2023_3CR,1
-2.6075122,0.5401619940024391,CCCCCCC#CCCOC(=O)CCCC1(CCCC(=O)OCCCCCCCC/C=C\CCCCCCCC)C=NC(C(=O)OC)N1CCCN1CCCCC1CC,BL_2023_3CR,BL_2023_3CR,1
-2.2339976,-0.0022533906995668,CCCCCCC#CCCOC(=O)CCCC1(CCCC(=O)OCCCCCCCC/C=C\CCCCCCCC)C=NC(C(=O)OCC)N1CCCN1CCCCC1CC,BL_2023_3CR,BL_2023_3CR,1
-2.0256977,-0.674095932295874,CCCCCCC#CCCOC(=O)CCCC1(CCCC(=O)OCCCCCCCC/C=C\CCCCCCCC)C=NC(C(=O)OC(C)(C)C)N1CCCN1CCCCC1CC,BL_2023_3CR,BL_2023_3CR,0
-3.8729188,-0.1316805498256807,CCCCCCC#CCCOC(=O)CCCC(C=NC(C)(C)C)(CCCC(=O)OCCCCCCCC/C=C\CCCCCCCC)NCCCN1CCCCC1CC,BL_2023_3CR,BL_2023_3CR,1
-3.1094253,0.2140315992398948,CCCCCCC#CCCOC(=O)CCCC(C=NCCCC)(CCCC(=O)OCCCCCCCC/C=C\CCCCCCCC)NCCCN1CCCCC1CC,BL_2023_3CR,BL_2023_3CR,1
-4.912752,-0.1316805498256807,CCCCCCC#CCCOC(=O)CCCC(C=NC1CCCCC1)(CCCC(=O)OCCCCCCCC/C=C\CCCCCCCC)NCCCN1CCCCC1CC,BL_2023_3CR,BL_2023_3CR,1
-3.6478832,3.5455930728400658,CCCCCCCCCCCCOC(=O)CCCC1(CCCC(=O)OCCCCCCCCCCCC)C=NC(C(=O)OC)N1CCCN1CCCCC1CC,BL_2023_3CR,BL_2023_3CR,3
-3.3742824,3.6738508000945385,CCCCCCCCCCCCOC(=O)CCCC1(CCCC(=O)OCCCCCCCCCCCC)C=NC(C(=O)OCC)N1CCCN1CCCCC1CC,BL_2023_3CR,BL_2023_3CR,3
-3.1906288,-0.0022533906995668,CCCCCCCCCCCCOC(=O)CCCC1(CCCC(=O)OCCCCCCCCCCCC)C=NC(C(=O)OC(C)(C)C)N1CCCN1CCCCC1CC,BL_2023_3CR,BL_2023_3CR,1
-4.078423,-0.1316805498256807,CCCCCCCCCCCCOC(=O)CCCC(C=NC(C)(C)C)(CCCC(=O)OCCCCCCCCCCCC)NCCCN1CCCCC1CC,BL_2023_3CR,BL_2023_3CR,1
-3.2545354,-0.1316805498256807,CCCCCCCCCCCCOC(=O)CCCC(C=NCCCC)(CCCC(=O)OCCCCCCCCCCCC)NCCCN1CCCCC1CC,BL_2023_3CR,BL_2023_3CR,1
-2.5956795,-2.0177810199521136,CCCCCCCCCCCCOC(=O)CCCC(C=NC1CCCCC1)(CCCC(=O)OCCCCCCCCCCCC)NCCCN1CCCCC1CC,BL_2023_3CR,BL_2023_3CR,0
-2.9354246,-0.1316805498256807,CCCCCCCCC(CCCCCCCC)OC(=O)CCCC1(CCCC(=O)OC(CCCCCCCC)CCCCCCCC)C=NC(C(=O)OC)N1CCCN1CCCCC1CC,BL_2023_3CR,BL_2023_3CR,1
-3.6694503,-0.4578109423564123,CCCCCCCCC(CCCCCCCC)OC(=O)CCCC1(CCCC(=O)OC(CCCCCCCC)CCCCCCCC)C=NC(C(=O)OCC)N1CCCN1CCCCC1CC,BL_2023_3CR,BL_2023_3CR,0
-3.1839352,-0.1316805498256807,CCCCCCCCC(CCCCCCCC)OC(=O)CCCC1(CCCC(=O)OC(CCCCCCCC)CCCCCCCC)C=NC(C(=O)OC(C)(C)C)N1CCCN1CCCCC1CC,BL_2023_3CR,BL_2023_3CR,1
-4.8224845,-0.1316805498256807,CCCCCCCCC(CCCCCCCC)OC(=O)CCCC(C=NC(C)(C)C)(CCCC(=O)OC(CCCCCCCC)CCCCCCCC)NCCCN1CCCCC1CC,BL_2023_3CR,BL_2023_3CR,1
-4.531767,-0.1316805498256807,CCCCCCCCC(CCCCCCCC)OC(=O)CCCC(C=NCCCC)(CCCC(=O)OC(CCCCCCCC)CCCCCCCC)NCCCN1CCCCC1CC,BL_2023_3CR,BL_2023_3CR,1
-4.3888674,-0.4578109423564123,CCCCCCCCC(CCCCCCCC)OC(=O)CCCC(C=NC1CCCCC1)(CCCC(=O)OC(CCCCCCCC)CCCCCCCC)NCCCN1CCCCC1CC,BL_2023_3CR,BL_2023_3CR,0
0.23085546,-0.0022533906995668,CCCCCCCC/C=C\CCCCCCCC1(CCCCCCC/C=C\CCCCCCCC)C=NC(C(=O)OC)N1CCCN1CCCCC1CC,BL_2023_3CR,BL_2023_3CR,1
1.0222857,-0.1316805498256807,CCCCCCCC/C=C\CCCCCCCC1(CCCCCCC/C=C\CCCCCCCC)C=NC(C(=O)OCC)N1CCCN1CCCCC1CC,BL_2023_3CR,BL_2023_3CR,1
-0.038046382,-0.674095932295874,CCCCCCCC/C=C\CCCCCCCC1(CCCCCCC/C=C\CCCCCCCC)C=NC(C(=O)OC(C)(C)C)N1CCCN1CCCCC1CC,BL_2023_3CR,BL_2023_3CR,0
-2.8365126,-0.1316805498256807,CCCCCCCC/C=C\CCCCCCCC(C=NC(C)(C)C)(CCCCCCC/C=C\CCCCCCCC)NCCCN1CCCCC1CC,BL_2023_3CR,BL_2023_3CR,1
-1.3867481,-0.4578109423564123,CCCCCCCC/C=C\CCCCCCCC(C=NCCCC)(CCCCCCC/C=C\CCCCCCCC)NCCCN1CCCCC1CC,BL_2023_3CR,BL_2023_3CR,0
-0.7687122,-0.1316805498256807,CCCCCCCC/C=C\CCCCCCCC(C=NC1CCCCC1)(CCCCCCC/C=C\CCCCCCCC)NCCCN1CCCCC1CC,BL_2023_3CR,BL_2023_3CR,1
-2.0443137,-0.1316805498256807,CCCCC/C=C\C/C=C\CCCCCCCCOC(=O)CCCC1(CCCC(=O)OCCCCCCCC/C=C\C/C=C\CCCCC)C=NC(C(=O)OC)N1CCN1CCS(=O)(=O)CC1,BL_2023_3CR,BL_2023_3CR,1
-2.4974809,-0.1316805498256807,CCCCC/C=C\C/C=C\CCCCCCCCOC(=O)CCCC1(CCCC(=O)OCCCCCCCC/C=C\C/C=C\CCCCC)C=NC(C(=O)OCC)N1CCN1CCS(=O)(=O)CC1,BL_2023_3CR,BL_2023_3CR,1
-2.3863478,-0.2810932383302653,CCCCC/C=C\C/C=C\CCCCCCCCOC(=O)CCCC1(CCCC(=O)OCCCCCCCC/C=C\C/C=C\CCCCC)C=NC(C(=O)OC(C)(C)C)N1CCN1CCS(=O)(=O)CC1,BL_2023_3CR,BL_2023_3CR,0
-2.505277,-0.4578109423564123,CCCCC/C=C\C/C=C\CCCCCCCCOC(=O)CCCC(C=NC(C)(C)C)(CCCC(=O)OCCCCCCCC/C=C\C/C=C\CCCCC)NCCN1CCS(=O)(=O)CC1,BL_2023_3CR,BL_2023_3CR,0
-2.8541827,-1.345938476123994,CCCCC/C=C\C/C=C\CCCCCCCCOC(=O)CCCC(C=NCCCC)(CCCC(=O)OCCCCCCCC/C=C\C/C=C\CCCCC)NCCN1CCS(=O)(=O)CC1,BL_2023_3CR,BL_2023_3CR,0
-2.2670133,-0.674095932295874,CCCCC/C=C\C/C=C\CCCCCCCCOC(=O)CCCC(C=NC1CCCCC1)(CCCC(=O)OCCCCCCCC/C=C\C/C=C\CCCCC)NCCN1CCS(=O)(=O)CC1,BL_2023_3CR,BL_2023_3CR,0
-0.7707384,1.6050072317961672,CCCCCCCC/C=C\CCCCCCCCOC(=O)CCCC1(CCCC(=O)OCCCCCCCC/C=C\CCCCCCCC)C=NC(C(=O)OC)N1CCN1CCS(=O)(=O)CC1,BL_2023_3CR,BL_2023_3CR,2
-2.2301168,1.6050072317961672,CCCCCCCC/C=C\CCCCCCCCOC(=O)CCCC1(CCCC(=O)OCCCCCCCC/C=C\CCCCCCCC)C=NC(C(=O)OCC)N1CCN1CCS(=O)(=O)CC1,BL_2023_3CR,BL_2023_3CR,2
-1.7557391,-0.0022533906995668,CCCCCCCC/C=C\CCCCCCCCOC(=O)CCCC1(CCCC(=O)OCCCCCCCC/C=C\CCCCCCCC)C=NC(C(=O)OC(C)(C)C)N1CCN1CCS(=O)(=O)CC1,BL_2023_3CR,BL_2023_3CR,1
-3.6596935,-0.1316805498256807,CCCCCCCC/C=C\CCCCCCCCOC(=O)CCCC(C=NC(C)(C)C)(CCCC(=O)OCCCCCCCC/C=C\CCCCCCCC)NCCN1CCS(=O)(=O)CC1,BL_2023_3CR,BL_2023_3CR,1
-1.697911,-0.1316805498256807,CCCCCCCC/C=C\CCCCCCCCOC(=O)CCCC(C=NCCCC)(CCCC(=O)OCCCCCCCC/C=C\CCCCCCCC)NCCN1CCS(=O)(=O)CC1,BL_2023_3CR,BL_2023_3CR,1
-2.4044144,-0.2810932383302653,CCCCCCCC/C=C\CCCCCCCCOC(=O)CCCC(C=NC1CCCCC1)(CCCC(=O)OCCCCCCCC/C=C\CCCCCCCC)NCCN1CCS(=O)(=O)CC1,BL_2023_3CR,BL_2023_3CR,0
-4.551579,-0.1316805498256807,CCCCCCC#CCCOC(=O)CCCC1(CCCC(=O)OCCC#CCCCCCC)C=NC(C(=O)OC)N1CCN1CCS(=O)(=O)CC1,BL_2023_3CR,BL_2023_3CR,1
-4.8354607,-0.1316805498256807,CCCCCCC#CCCOC(=O)CCCC1(CCCC(=O)OCCC#CCCCCCC)C=NC(C(=O)OCC)N1CCN1CCS(=O)(=O)CC1,BL_2023_3CR,BL_2023_3CR,1
-5.449911,0.72835041143869,CCCCCCC#CCCOC(=O)CCCC1(CCCC(=O)OCCC#CCCCCCC)C=NC(C(=O)OC(C)(C)C)N1CCN1CCS(=O)(=O)CC1,BL_2023_3CR,BL_2023_3CR,1
-4.239013,-0.1316805498256807,CCCCCCC#CCCOC(=O)CCCC(C=NC(C)(C)C)(CCCC(=O)OCCC#CCCCCCC)NCCN1CCS(=O)(=O)CC1,BL_2023_3CR,BL_2023_3CR,1
-4.775065,-0.1316805498256807,CCCCCCC#CCCOC(=O)CCCC(C=NCCCC)(CCCC(=O)OCCC#CCCCCCC)NCCN1CCS(=O)(=O)CC1,BL_2023_3CR,BL_2023_3CR,1
-4.2638664,-0.674095932295874,CCCCCCC#CCCOC(=O)CCCC(C=NC1CCCCC1)(CCCC(=O)OCCC#CCCCCCC)NCCN1CCS(=O)(=O)CC1,BL_2023_3CR,BL_2023_3CR,0
-1.8007915,-0.1316805498256807,CCCCCCCC/C=C\CCCCCCCCOC(=O)CCCC1(CCCC(=O)OC(CCCCCCCC)CCCCCCCC)C=NC(C(=O)OC)N1CCN1CCS(=O)(=O)CC1,BL_2023_3CR,BL_2023_3CR,1
-3.7147045,0.5401619940024391,CCCCCCCC/C=C\CCCCCCCCOC(=O)CCCC1(CCCC(=O)OC(CCCCCCCC)CCCCCCCC)C=NC(C(=O)OCC)N1CCN1CCS(=O)(=O)CC1,BL_2023_3CR,BL_2023_3CR,1
-3.5039902,-0.1316805498256807,CCCCCCCC/C=C\CCCCCCCCOC(=O)CCCC1(CCCC(=O)OC(CCCCCCCC)CCCCCCCC)C=NC(C(=O)OC(C)(C)C)N1CCN1CCS(=O)(=O)CC1,BL_2023_3CR,BL_2023_3CR,1
-3.9196146,-0.1316805498256807,CCCCCCCC/C=C\CCCCCCCCOC(=O)CCCC(C=NC(C)(C)C)(CCCC(=O)OC(CCCCCCCC)CCCCCCCC)NCCN1CCS(=O)(=O)CC1,BL_2023_3CR,BL_2023_3CR,1
-1.9378331,-2.0177810199521136,CCCCCCCC/C=C\CCCCCCCCOC(=O)CCCC(C=NCCCC)(CCCC(=O)OC(CCCCCCCC)CCCCCCCC)NCCN1CCS(=O)(=O)CC1,BL_2023_3CR,BL_2023_3CR,0
-2.9030938,-0.1316805498256807,CCCCCCCC/C=C\CCCCCCCCOC(=O)CCCC(C=NC1CCCCC1)(CCCC(=O)OC(CCCCCCCC)CCCCCCCC)NCCN1CCS(=O)(=O)CC1,BL_2023_3CR,BL_2023_3CR,1
-2.9044974,1.2460172862654162,CCCCCCC#CCCOC(=O)CCCC1(CCCC(=O)OCCCCCCCC/C=C\CCCCCCCC)C=NC(C(=O)OC)N1CCN1CCS(=O)(=O)CC1,BL_2023_3CR,BL_2023_3CR,2
-3.975974,1.400192953034997,CCCCCCC#CCCOC(=O)CCCC1(CCCC(=O)OCCCCCCCC/C=C\CCCCCCCC)C=NC(C(=O)OCC)N1CCN1CCS(=O)(=O)CC1,BL_2023_3CR,BL_2023_3CR,2
-3.853045,-0.1316805498256807,CCCCCCC#CCCOC(=O)CCCC1(CCCC(=O)OCCCCCCCC/C=C\CCCCCCCC)C=NC(C(=O)OC(C)(C)C)N1CCN1CCS(=O)(=O)CC1,BL_2023_3CR,BL_2023_3CR,1
-3.452223,-0.1316805498256807,CCCCCCC#CCCOC(=O)CCCC(C=NC(C)(C)C)(CCCC(=O)OCCCCCCCC/C=C\CCCCCCCC)NCCN1CCS(=O)(=O)CC1,BL_2023_3CR,BL_2023_3CR,1
-2.9444094,0.2140315992398948,CCCCCCC#CCCOC(=O)CCCC(C=NCCCC)(CCCC(=O)OCCCCCCCC/C=C\CCCCCCCC)NCCN1CCS(=O)(=O)CC1,BL_2023_3CR,BL_2023_3CR,1
-2.3497398,-0.1316805498256807,CCCCCCC#CCCOC(=O)CCCC(C=NC1CCCCC1)(CCCC(=O)OCCCCCCCC/C=C\CCCCCCCC)NCCN1CCS(=O)(=O)CC1,BL_2023_3CR,BL_2023_3CR,1
-3.8245733,-0.2810932383302653,CCCCCCCCCCCCOC(=O)CCCC1(CCCC(=O)OCCCCCCCCCCCC)C=NC(C(=O)OC)N1CCN1CCS(=O)(=O)CC1,BL_2023_3CR,BL_2023_3CR,0
-4.8744445,-0.1316805498256807,CCCCCCCCCCCCOC(=O)CCCC1(CCCC(=O)OCCCCCCCCCCCC)C=NC(C(=O)OCC)N1CCN1CCS(=O)(=O)CC1,BL_2023_3CR,BL_2023_3CR,1
-4.4712353,-0.1316805498256807,CCCCCCCCCCCCOC(=O)CCCC1(CCCC(=O)OCCCCCCCCCCCC)C=NC(C(=O)OC(C)(C)C)N1CCN1CCS(=O)(=O)CC1,BL_2023_3CR,BL_2023_3CR,1
-5.0032945,-0.674095932295874,CCCCCCCCCCCCOC(=O)CCCC(C=NC(C)(C)C)(CCCC(=O)OCCCCCCCCCCCC)NCCN1CCS(=O)(=O)CC1,BL_2023_3CR,BL_2023_3CR,0
-5.109525,-2.0177810199521136,CCCCCCCCCCCCOC(=O)CCCC(C=NCCCC)(CCCC(=O)OCCCCCCCCCCCC)NCCN1CCS(=O)(=O)CC1,BL_2023_3CR,BL_2023_3CR,0
-4.7775545,-0.2810932383302653,CCCCCCCCCCCCOC(=O)CCCC(C=NC1CCCCC1)(CCCC(=O)OCCCCCCCCCCCC)NCCN1CCS(=O)(=O)CC1,BL_2023_3CR,BL_2023_3CR,0
-3.0539508,-0.1316805498256807,CCCCCCCCC(CCCCCCCC)OC(=O)CCCC1(CCCC(=O)OC(CCCCCCCC)CCCCCCCC)C=NC(C(=O)OC)N1CCN1CCS(=O)(=O)CC1,BL_2023_3CR,BL_2023_3CR,1
-3.5395427,-0.1316805498256807,CCCCCCCCC(CCCCCCCC)OC(=O)CCCC1(CCCC(=O)OC(CCCCCCCC)CCCCCCCC)C=NC(C(=O)OCC)N1CCN1CCS(=O)(=O)CC1,BL_2023_3CR,BL_2023_3CR,1
-3.6396518,-0.4578109423564123,CCCCCCCCC(CCCCCCCC)OC(=O)CCCC1(CCCC(=O)OC(CCCCCCCC)CCCCCCCC)C=NC(C(=O)OC(C)(C)C)N1CCN1CCS(=O)(=O)CC1,BL_2023_3CR,BL_2023_3CR,0
-4.9192824,-0.2810932383302653,CCCCCCCCC(CCCCCCCC)OC(=O)CCCC(C=NC(C)(C)C)(CCCC(=O)OC(CCCCCCCC)CCCCCCCC)NCCN1CCS(=O)(=O)CC1,BL_2023_3CR,BL_2023_3CR,0
-4.2142005,-0.4578109423564123,CCCCCCCCC(CCCCCCCC)OC(=O)CCCC(C=NCCCC)(CCCC(=O)OC(CCCCCCCC)CCCCCCCC)NCCN1CCS(=O)(=O)CC1,BL_2023_3CR,BL_2023_3CR,0
-4.420148,-0.1316805498256807,CCCCCCCCC(CCCCCCCC)OC(=O)CCCC(C=NC1CCCCC1)(CCCC(=O)OC(CCCCCCCC)CCCCCCCC)NCCN1CCS(=O)(=O)CC1,BL_2023_3CR,BL_2023_3CR,1
-0.54132956,-0.0022533906995668,CCCCCCCC/C=C\CCCCCCCC1(CCCCCCC/C=C\CCCCCCCC)C=NC(C(=O)OC)N1CCN1CCS(=O)(=O)CC1,BL_2023_3CR,BL_2023_3CR,1
-1.3529618,-0.1316805498256807,CCCCCCCC/C=C\CCCCCCCC1(CCCCCCC/C=C\CCCCCCCC)C=NC(C(=O)OCC)N1CCN1CCS(=O)(=O)CC1,BL_2023_3CR,BL_2023_3CR,1
-0.33628064,-0.1316805498256807,CCCCCCCC/C=C\CCCCCCCC1(CCCCCCC/C=C\CCCCCCCC)C=NC(C(=O)OC(C)(C)C)N1CCN1CCS(=O)(=O)CC1,BL_2023_3CR,BL_2023_3CR,1
-1.8281931,-1.345938476123994,CCCCCCCC/C=C\CCCCCCCC(C=NC(C)(C)C)(CCCCCCC/C=C\CCCCCCCC)NCCN1CCS(=O)(=O)CC1,BL_2023_3CR,BL_2023_3CR,0
-1.2084109,-0.2810932383302653,CCCCCCCC/C=C\CCCCCCCC(C=NCCCC)(CCCCCCC/C=C\CCCCCCCC)NCCN1CCS(=O)(=O)CC1,BL_2023_3CR,BL_2023_3CR,0
-3.0444474,-2.0177810199521136,CCCCCCCC/C=C\CCCCCCCC(C=NC1CCCCC1)(CCCCCCC/C=C\CCCCCCCC)NCCN1CCS(=O)(=O)CC1,BL_2023_3CR,BL_2023_3CR,0
-2.2710354,-0.1316805498256807,CCCCC/C=C\C/C=C\CCCCCCCCOC(=O)CCCC1(CCCC(=O)OCCCCCCCC/C=C\C/C=C\CCCCC)C=NC(C(=O)OC)N1C1CCN(Cc2ccccc2)CC1,BL_2023_3CR,BL_2023_3CR,1
-2.1440713,-0.1316805498256807,CCCCC/C=C\C/C=C\CCCCCCCCOC(=O)CCCC1(CCCC(=O)OCCCCCCCC/C=C\C/C=C\CCCCC)C=NC(C(=O)OCC)N1C1CCN(Cc2ccccc2)CC1,BL_2023_3CR,BL_2023_3CR,1
-2.6875296,-0.1316805498256807,CCCCC/C=C\C/C=C\CCCCCCCCOC(=O)CCCC1(CCCC(=O)OCCCCCCCC/C=C\C/C=C\CCCCC)C=NC(C(=O)OC(C)(C)C)N1C1CCN(Cc2ccccc2)CC1,BL_2023_3CR,BL_2023_3CR,1
-2.3536725,-0.1316805498256807,CCCCC/C=C\C/C=C\CCCCCCCCOC(=O)CCCC(C=NC(C)(C)C)(CCCC(=O)OCCCCCCCC/C=C\C/C=C\CCCCC)NC1CCN(Cc2ccccc2)CC1,BL_2023_3CR,BL_2023_3CR,1
-2.4565952,-0.1316805498256807,CCCCC/C=C\C/C=C\CCCCCCCCOC(=O)CCCC(C=NCCCC)(CCCC(=O)OCCCCCCCC/C=C\C/C=C\CCCCC)NC1CCN(Cc2ccccc2)CC1,BL_2023_3CR,BL_2023_3CR,1
-2.317939,-0.1316805498256807,CCCCC/C=C\C/C=C\CCCCCCCCOC(=O)CCCC(C=NC1CCCCC1)(CCCC(=O)OCCCCCCCC/C=C\C/C=C\CCCCC)NC1CCN(Cc2ccccc2)CC1,BL_2023_3CR,BL_2023_3CR,1
-2.240866,-0.1316805498256807,CCCCCCCC/C=C\CCCCCCCCOC(=O)CCCC1(CCCC(=O)OCCCCCCCC/C=C\CCCCCCCC)C=NC(C(=O)OC)N1C1CCN(Cc2ccccc2)CC1,BL_2023_3CR,BL_2023_3CR,1
-1.9489036,-1.345938476123994,CCCCCCCC/C=C\CCCCCCCCOC(=O)CCCC1(CCCC(=O)OCCCCCCCC/C=C\CCCCCCCC)C=NC(C(=O)OCC)N1C1CCN(Cc2ccccc2)CC1,BL_2023_3CR,BL_2023_3CR,0
-1.62258,-0.1316805498256807,CCCCCCCC/C=C\CCCCCCCCOC(=O)CCCC1(CCCC(=O)OCCCCCCCC/C=C\CCCCCCCC)C=NC(C(=O)OC(C)(C)C)N1C1CCN(Cc2ccccc2)CC1,BL_2023_3CR,BL_2023_3CR,1
-2.5344388,-0.1316805498256807,CCCCCCCC/C=C\CCCCCCCCOC(=O)CCCC(C=NC(C)(C)C)(CCCC(=O)OCCCCCCCC/C=C\CCCCCCCC)NC1CCN(Cc2ccccc2)CC1,BL_2023_3CR,BL_2023_3CR,1
-2.6769595,-0.1316805498256807,CCCCCCCC/C=C\CCCCCCCCOC(=O)CCCC(C=NCCCC)(CCCC(=O)OCCCCCCCC/C=C\CCCCCCCC)NC1CCN(Cc2ccccc2)CC1,BL_2023_3CR,BL_2023_3CR,1
-1.601727,-0.1316805498256807,CCCCCCCC/C=C\CCCCCCCCOC(=O)CCCC(C=NC1CCCCC1)(CCCC(=O)OCCCCCCCC/C=C\CCCCCCCC)NC1CCN(Cc2ccccc2)CC1,BL_2023_3CR,BL_2023_3CR,1
-4.0068264,1.8304796256821656,CCCCCCC#CCCOC(=O)CCCC1(CCCC(=O)OCCC#CCCCCCC)C=NC(C(=O)OC)N1C1CCN(Cc2ccccc2)CC1,BL_2023_3CR,BL_2023_3CR,2
-3.967127,0.3907493032660417,CCCCCCC#CCCOC(=O)CCCC1(CCCC(=O)OCCC#CCCCCCC)C=NC(C(=O)OCC)N1C1CCN(Cc2ccccc2)CC1,BL_2023_3CR,BL_2023_3CR,1
-3.744861,-0.1316805498256807,CCCCCCC#CCCOC(=O)CCCC1(CCCC(=O)OCCC#CCCCCCC)C=NC(C(=O)OC(C)(C)C)N1C1CCN(Cc2ccccc2)CC1,BL_2023_3CR,BL_2023_3CR,1
-3.4174588,-0.1316805498256807,CCCCCCC#CCCOC(=O)CCCC(C=NC(C)(C)C)(CCCC(=O)OCCC#CCCCCCC)NC1CCN(Cc2ccccc2)CC1,BL_2023_3CR,BL_2023_3CR,1
-4.124634,-0.1316805498256807,CCCCCCC#CCCOC(=O)CCCC(C=NCCCC)(CCCC(=O)OCCC#CCCCCCC)NC1CCN(Cc2ccccc2)CC1,BL_2023_3CR,BL_2023_3CR,1
-3.272335,-0.1316805498256807,CCCCCCC#CCCOC(=O)CCCC(C=NC1CCCCC1)(CCCC(=O)OCCC#CCCCCCC)NC1CCN(Cc2ccccc2)CC1,BL_2023_3CR,BL_2023_3CR,1
-2.816243,-0.2810932383302653,CCCCCCCC/C=C\CCCCCCCCOC(=O)CCCC1(CCCC(=O)OC(CCCCCCCC)CCCCCCCC)C=NC(C(=O)OC)N1C1CCN(Cc2ccccc2)CC1,BL_2023_3CR,BL_2023_3CR,0
-2.1320117,-0.1316805498256807,CCCCCCCC/C=C\CCCCCCCCOC(=O)CCCC1(CCCC(=O)OC(CCCCCCCC)CCCCCCCC)C=NC(C(=O)OCC)N1C1CCN(Cc2ccccc2)CC1,BL_2023_3CR,BL_2023_3CR,1
-2.1217551,-0.674095932295874,CCCCCCCC/C=C\CCCCCCCCOC(=O)CCCC1(CCCC(=O)OC(CCCCCCCC)CCCCCCCC)C=NC(C(=O)OC(C)(C)C)N1C1CCN(Cc2ccccc2)CC1,BL_2023_3CR,BL_2023_3CR,0
-4.087583,-0.1316805498256807,CCCCCCCC/C=C\CCCCCCCCOC(=O)CCCC(C=NC(C)(C)C)(CCCC(=O)OC(CCCCCCCC)CCCCCCCC)NC1CCN(Cc2ccccc2)CC1,BL_2023_3CR,BL_2023_3CR,1
-2.7128997,-0.1316805498256807,CCCCCCCC/C=C\CCCCCCCCOC(=O)CCCC(C=NCCCC)(CCCC(=O)OC(CCCCCCCC)CCCCCCCC)NC1CCN(Cc2ccccc2)CC1,BL_2023_3CR,BL_2023_3CR,1
-3.5400164,-0.2810932383302653,CCCCCCCC/C=C\CCCCCCCCOC(=O)CCCC(C=NC1CCCCC1)(CCCC(=O)OC(CCCCCCCC)CCCCCCCC)NC1CCN(Cc2ccccc2)CC1,BL_2023_3CR,BL_2023_3CR,0
-2.5788772,-0.1316805498256807,CCCCCCC#CCCOC(=O)CCCC1(CCCC(=O)OCCCCCCCC/C=C\CCCCCCCC)C=NC(C(=O)OC)N1C1CCN(Cc2ccccc2)CC1,BL_2023_3CR,BL_2023_3CR,1
-2.4784992,-0.0022533906995668,CCCCCCC#CCCOC(=O)CCCC1(CCCC(=O)OCCCCCCCC/C=C\CCCCCCCC)C=NC(C(=O)OCC)N1C1CCN(Cc2ccccc2)CC1,BL_2023_3CR,BL_2023_3CR,1
-2.4049935,-0.674095932295874,CCCCCCC#CCCOC(=O)CCCC1(CCCC(=O)OCCCCCCCC/C=C\CCCCCCCC)C=NC(C(=O)OC(C)(C)C)N1C1CCN(Cc2ccccc2)CC1,BL_2023_3CR,BL_2023_3CR,0
-3.5696957,-0.1316805498256807,CCCCCCC#CCCOC(=O)CCCC(C=NC(C)(C)C)(CCCC(=O)OCCCCCCCC/C=C\CCCCCCCC)NC1CCN(Cc2ccccc2)CC1,BL_2023_3CR,BL_2023_3CR,1
-2.540446,-0.1316805498256807,CCCCCCC#CCCOC(=O)CCCC(C=NCCCC)(CCCC(=O)OCCCCCCCC/C=C\CCCCCCCC)NC1CCN(Cc2ccccc2)CC1,BL_2023_3CR,BL_2023_3CR,1
-2.3062682,-0.1316805498256807,CCCCCCC#CCCOC(=O)CCCC(C=NC1CCCCC1)(CCCC(=O)OCCCCCCCC/C=C\CCCCCCCC)NC1CCN(Cc2ccccc2)CC1,BL_2023_3CR,BL_2023_3CR,1
-2.9604018,-0.1316805498256807,CCCCCCCCCCCCOC(=O)CCCC1(CCCC(=O)OCCCCCCCCCCCC)C=NC(C(=O)OC)N1C1CCN(Cc2ccccc2)CC1,BL_2023_3CR,BL_2023_3CR,1
-4.1165123,-0.1316805498256807,CCCCCCCCCCCCOC(=O)CCCC1(CCCC(=O)OCCCCCCCCCCCC)C=NC(C(=O)OCC)N1C1CCN(Cc2ccccc2)CC1,BL_2023_3CR,BL_2023_3CR,1
-3.860533,-0.1316805498256807,CCCCCCCCCCCCOC(=O)CCCC1(CCCC(=O)OCCCCCCCCCCCC)C=NC(C(=O)OC(C)(C)C)N1C1CCN(Cc2ccccc2)CC1,BL_2023_3CR,BL_2023_3CR,1
-3.904461,-0.1316805498256807,CCCCCCCCCCCCOC(=O)CCCC(C=NC(C)(C)C)(CCCC(=O)OCCCCCCCCCCCC)NC1CCN(Cc2ccccc2)CC1,BL_2023_3CR,BL_2023_3CR,1
-4.137392,-0.1316805498256807,CCCCCCCCCCCCOC(=O)CCCC(C=NCCCC)(CCCC(=O)OCCCCCCCCCCCC)NC1CCN(Cc2ccccc2)CC1,BL_2023_3CR,BL_2023_3CR,1
-3.3571806,-0.1316805498256807,CCCCCCCCCCCCOC(=O)CCCC(C=NC1CCCCC1)(CCCC(=O)OCCCCCCCCCCCC)NC1CCN(Cc2ccccc2)CC1,BL_2023_3CR,BL_2023_3CR,1
-3.605525,-0.1316805498256807,CCCCCCCCC(CCCCCCCC)OC(=O)CCCC1(CCCC(=O)OC(CCCCCCCC)CCCCCCCC)C=NC(C(=O)OC)N1C1CCN(Cc2ccccc2)CC1,BL_2023_3CR,BL_2023_3CR,1
-3.9104433,-0.1316805498256807,CCCCCCCCC(CCCCCCCC)OC(=O)CCCC1(CCCC(=O)OC(CCCCCCCC)CCCCCCCC)C=NC(C(=O)OCC)N1C1CCN(Cc2ccccc2)CC1,BL_2023_3CR,BL_2023_3CR,1
-2.920368,0.2140315992398948,CCCCCCCCC(CCCCCCCC)OC(=O)CCCC1(CCCC(=O)OC(CCCCCCCC)CCCCCCCC)C=NC(C(=O)OC(C)(C)C)N1C1CCN(Cc2ccccc2)CC1,BL_2023_3CR,BL_2023_3CR,1
-4.091548,-0.1316805498256807,CCCCCCCCC(CCCCCCCC)OC(=O)CCCC(C=NC(C)(C)C)(CCCC(=O)OC(CCCCCCCC)CCCCCCCC)NC1CCN(Cc2ccccc2)CC1,BL_2023_3CR,BL_2023_3CR,1
-3.9863348,-0.1316805498256807,CCCCCCCCC(CCCCCCCC)OC(=O)CCCC(C=NCCCC)(CCCC(=O)OC(CCCCCCCC)CCCCCCCC)NC1CCN(Cc2ccccc2)CC1,BL_2023_3CR,BL_2023_3CR,1
-4.037431,-0.0022533906995668,CCCCCCCCC(CCCCCCCC)OC(=O)CCCC(C=NC1CCCCC1)(CCCC(=O)OC(CCCCCCCC)CCCCCCCC)NC1CCN(Cc2ccccc2)CC1,BL_2023_3CR,BL_2023_3CR,1
-0.7500609,-0.1316805498256807,CCCCCCCC/C=C\CCCCCCCC1(CCCCCCC/C=C\CCCCCCCC)C=NC(C(=O)OC)N1C1CCN(Cc2ccccc2)CC1,BL_2023_3CR,BL_2023_3CR,1
0.61258006,-0.1316805498256807,CCCCCCCC/C=C\CCCCCCCC1(CCCCCCC/C=C\CCCCCCCC)C=NC(C(=O)OCC)N1C1CCN(Cc2ccccc2)CC1,BL_2023_3CR,BL_2023_3CR,1
-0.11111887,-0.1316805498256807,CCCCCCCC/C=C\CCCCCCCC1(CCCCCCC/C=C\CCCCCCCC)C=NC(C(=O)OC(C)(C)C)N1C1CCN(Cc2ccccc2)CC1,BL_2023_3CR,BL_2023_3CR,1
-2.6407716,-0.1316805498256807,CCCCCCCC/C=C\CCCCCCCC(C=NC(C)(C)C)(CCCCCCC/C=C\CCCCCCCC)NC1CCN(Cc2ccccc2)CC1,BL_2023_3CR,BL_2023_3CR,1
-2.7590451,-0.2810932383302653,CCCCCCCC/C=C\CCCCCCCC(C=NCCCC)(CCCCCCC/C=C\CCCCCCCC)NC1CCN(Cc2ccccc2)CC1,BL_2023_3CR,BL_2023_3CR,0
-2.0009308,-0.1316805498256807,CCCCCCCC/C=C\CCCCCCCC(C=NC1CCCCC1)(CCCCCCC/C=C\CCCCCCCC)NC1CCN(Cc2ccccc2)CC1,BL_2023_3CR,BL_2023_3CR,1
-2.688855,0.3907493032660417,CCCCC/C=C\C/C=C\CCCCCCCCOC(=O)CCCC1(CCCC(=O)OCCCCCCCC/C=C\C/C=C\CCCCC)C=NC(C(=O)OC)N1CCCn1ccnc1,BL_2023_3CR,BL_2023_3CR,1
-2.9111595,-0.1316805498256807,CCCCC/C=C\C/C=C\CCCCCCCCOC(=O)CCCC1(CCCC(=O)OCCCCCCCC/C=C\C/C=C\CCCCC)C=NC(C(=O)OCC)N1CCCn1ccnc1,BL_2023_3CR,BL_2023_3CR,1
-2.5467315,-0.1316805498256807,CCCCC/C=C\C/C=C\CCCCCCCCOC(=O)CCCC1(CCCC(=O)OCCCCCCCC/C=C\C/C=C\CCCCC)C=NC(C(=O)OC(C)(C)C)N1CCCn1ccnc1,BL_2023_3CR,BL_2023_3CR,1
-4.394196,-0.1316805498256807,CCCCC/C=C\C/C=C\CCCCCCCCOC(=O)CCCC(C=NC(C)(C)C)(CCCC(=O)OCCCCCCCC/C=C\C/C=C\CCCCC)NCCCn1ccnc1,BL_2023_3CR,BL_2023_3CR,1
-4.457314,0.2140315992398948,CCCCC/C=C\C/C=C\CCCCCCCCOC(=O)CCCC(C=NCCCC)(CCCC(=O)OCCCCCCCC/C=C\C/C=C\CCCCC)NCCCn1ccnc1,BL_2023_3CR,BL_2023_3CR,1
-3.908398,-0.1316805498256807,CCCCC/C=C\C/C=C\CCCCCCCCOC(=O)CCCC(C=NC1CCCCC1)(CCCC(=O)OCCCCCCCC/C=C\C/C=C\CCCCC)NCCCn1ccnc1,BL_2023_3CR,BL_2023_3CR,1
-3.1638548,1.371257553758863,CCCCCCCC/C=C\CCCCCCCCOC(=O)CCCC1(CCCC(=O)OCCCCCCCC/C=C\CCCCCCCC)C=NC(C(=O)OC)N1CCCn1ccnc1,BL_2023_3CR,BL_2023_3CR,2
-3.3976564,1.0625918470941615,CCCCCCCC/C=C\CCCCCCCCOC(=O)CCCC1(CCCC(=O)OCCCCCCCC/C=C\CCCCCCCC)C=NC(C(=O)OCC)N1CCCn1ccnc1,BL_2023_3CR,BL_2023_3CR,2
-3.4726424,0.2140315992398948,CCCCCCCC/C=C\CCCCCCCCOC(=O)CCCC1(CCCC(=O)OCCCCCCCC/C=C\CCCCCCCC)C=NC(C(=O)OC(C)(C)C)N1CCCn1ccnc1,BL_2023_3CR,BL_2023_3CR,1
-4.5301785,-0.1316805498256807,CCCCCCCC/C=C\CCCCCCCCOC(=O)CCCC(C=NC(C)(C)C)(CCCC(=O)OCCCCCCCC/C=C\CCCCCCCC)NCCCn1ccnc1,BL_2023_3CR,BL_2023_3CR,1
-3.665762,-0.1316805498256807,CCCCCCCC/C=C\CCCCCCCCOC(=O)CCCC(C=NCCCC)(CCCC(=O)OCCCCCCCC/C=C\CCCCCCCC)NCCCn1ccnc1,BL_2023_3CR,BL_2023_3CR,1
-3.1758988,-0.0022533906995668,CCCCCCCC/C=C\CCCCCCCCOC(=O)CCCC(C=NC1CCCCC1)(CCCC(=O)OCCCCCCCC/C=C\CCCCCCCC)NCCCn1ccnc1,BL_2023_3CR,BL_2023_3CR,1
-4.8178306,0.3907493032660417,CCCCCCC#CCCOC(=O)CCCC1(CCCC(=O)OCCC#CCCCCCC)C=NC(C(=O)OC)N1CCCn1ccnc1,BL_2023_3CR,BL_2023_3CR,1
-4.751013,-0.1316805498256807,CCCCCCC#CCCOC(=O)CCCC1(CCCC(=O)OCCC#CCCCCCC)C=NC(C(=O)OCC)N1CCCn1ccnc1,BL_2023_3CR,BL_2023_3CR,1
-4.2641625,-0.0022533906995668,CCCCCCC#CCCOC(=O)CCCC1(CCCC(=O)OCCC#CCCCCCC)C=NC(C(=O)OC(C)(C)C)N1CCCn1ccnc1,BL_2023_3CR,BL_2023_3CR,1
-4.6992893,-0.1316805498256807,CCCCCCC#CCCOC(=O)CCCC(C=NC(C)(C)C)(CCCC(=O)OCCC#CCCCCCC)NCCCn1ccnc1,BL_2023_3CR,BL_2023_3CR,1
-5.1299696,-0.1316805498256807,CCCCCCC#CCCOC(=O)CCCC(C=NCCCC)(CCCC(=O)OCCC#CCCCCCC)NCCCn1ccnc1,BL_2023_3CR,BL_2023_3CR,1
-5.202787,-0.1316805498256807,CCCCCCC#CCCOC(=O)CCCC(C=NC1CCCCC1)(CCCC(=O)OCCC#CCCCCCC)NCCCn1ccnc1,BL_2023_3CR,BL_2023_3CR,1
-4.660261,-0.4578109423564123,CCCCCCCC/C=C\CCCCCCCCOC(=O)CCCC1(CCCC(=O)OC(CCCCCCCC)CCCCCCCC)C=NC(C(=O)OC)N1CCCn1ccnc1,BL_2023_3CR,BL_2023_3CR,0
-4.227399,-0.1316805498256807,CCCCCCCC/C=C\CCCCCCCCOC(=O)CCCC1(CCCC(=O)OC(CCCCCCCC)CCCCCCCC)C=NC(C(=O)OCC)N1CCCn1ccnc1,BL_2023_3CR,BL_2023_3CR,1
-4.0999055,-0.1316805498256807,CCCCCCCC/C=C\CCCCCCCCOC(=O)CCCC1(CCCC(=O)OC(CCCCCCCC)CCCCCCCC)C=NC(C(=O)OC(C)(C)C)N1CCCn1ccnc1,BL_2023_3CR,BL_2023_3CR,1
-4.2597313,-0.2810932383302653,CCCCCCCC/C=C\CCCCCCCCOC(=O)CCCC(C=NC(C)(C)C)(CCCC(=O)OC(CCCCCCCC)CCCCCCCC)NCCCn1ccnc1,BL_2023_3CR,BL_2023_3CR,0
-5.360983,-0.1316805498256807,CCCCCCCC/C=C\CCCCCCCCOC(=O)CCCC(C=NCCCC)(CCCC(=O)OC(CCCCCCCC)CCCCCCCC)NCCCn1ccnc1,BL_2023_3CR,BL_2023_3CR,1
-4.5427356,-0.674095932295874,CCCCCCCC/C=C\CCCCCCCCOC(=O)CCCC(C=NC1CCCCC1)(CCCC(=O)OC(CCCCCCCC)CCCCCCCC)NCCCn1ccnc1,BL_2023_3CR,BL_2023_3CR,0
-4.1783357,0.72835041143869,CCCCCCC#CCCOC(=O)CCCC1(CCCC(=O)OCCCCCCCC/C=C\CCCCCCCC)C=NC(C(=O)OC)N1CCCn1ccnc1,BL_2023_3CR,BL_2023_3CR,1
-3.8147764,0.8361574035969089,CCCCCCC#CCCOC(=O)CCCC1(CCCC(=O)OCCCCCCCC/C=C\CCCCCCCC)C=NC(C(=O)OCC)N1CCCn1ccnc1,BL_2023_3CR,BL_2023_3CR,1
-3.9789948,-0.1316805498256807,CCCCCCC#CCCOC(=O)CCCC1(CCCC(=O)OCCCCCCCC/C=C\CCCCCCCC)C=NC(C(=O)OC(C)(C)C)N1CCCn1ccnc1,BL_2023_3CR,BL_2023_3CR,1
-4.2893896,-0.1316805498256807,CCCCCCC#CCCOC(=O)CCCC(C=NC(C)(C)C)(CCCC(=O)OCCCCCCCC/C=C\CCCCCCCC)NCCCn1ccnc1,BL_2023_3CR,BL_2023_3CR,1
-4.483722,-0.1316805498256807,CCCCCCC#CCCOC(=O)CCCC(C=NCCCC)(CCCC(=O)OCCCCCCCC/C=C\CCCCCCCC)NCCCn1ccnc1,BL_2023_3CR,BL_2023_3CR,1
-4.024463,0.2140315992398948,CCCCCCC#CCCOC(=O)CCCC(C=NC1CCCCC1)(CCCC(=O)OCCCCCCCC/C=C\CCCCCCCC)NCCCn1ccnc1,BL_2023_3CR,BL_2023_3CR,1
-5.371283,0.3907493032660417,CCCCCCCCCCCCOC(=O)CCCC1(CCCC(=O)OCCCCCCCCCCCC)C=NC(C(=O)OC)N1CCCn1ccnc1,BL_2023_3CR,BL_2023_3CR,1
-5.23585,-0.1316805498256807,CCCCCCCCCCCCOC(=O)CCCC1(CCCC(=O)OCCCCCCCCCCCC)C=NC(C(=O)OCC)N1CCCn1ccnc1,BL_2023_3CR,BL_2023_3CR,1
-4.8567414,-0.1316805498256807,CCCCCCCCCCCCOC(=O)CCCC1(CCCC(=O)OCCCCCCCCCCCC)C=NC(C(=O)OC(C)(C)C)N1CCCn1ccnc1,BL_2023_3CR,BL_2023_3CR,1
-4.8008747,-0.1316805498256807,CCCCCCCCCCCCOC(=O)CCCC(C=NC(C)(C)C)(CCCC(=O)OCCCCCCCCCCCC)NCCCn1ccnc1,BL_2023_3CR,BL_2023_3CR,1
-4.999478,-0.1316805498256807,CCCCCCCCCCCCOC(=O)CCCC(C=NCCCC)(CCCC(=O)OCCCCCCCCCCCC)NCCCn1ccnc1,BL_2023_3CR,BL_2023_3CR,1
-4.9379764,-0.1316805498256807,CCCCCCCCCCCCOC(=O)CCCC(C=NC1CCCCC1)(CCCC(=O)OCCCCCCCCCCCC)NCCCn1ccnc1,BL_2023_3CR,BL_2023_3CR,1
-5.370545,-0.9529357821583856,CCCCCCCCC(CCCCCCCC)OC(=O)CCCC1(CCCC(=O)OC(CCCCCCCC)CCCCCCCC)C=NC(C(=O)OC)N1CCCn1ccnc1,BL_2023_3CR,BL_2023_3CR,0
-5.301397,-0.1316805498256807,CCCCCCCCC(CCCCCCCC)OC(=O)CCCC1(CCCC(=O)OC(CCCCCCCC)CCCCCCCC)C=NC(C(=O)OCC)N1CCCn1ccnc1,BL_2023_3CR,BL_2023_3CR,1
-4.994175,-1.345938476123994,CCCCCCCCC(CCCCCCCC)OC(=O)CCCC1(CCCC(=O)OC(CCCCCCCC)CCCCCCCC)C=NC(C(=O)OC(C)(C)C)N1CCCn1ccnc1,BL_2023_3CR,BL_2023_3CR,0
-5.3701453,-0.1316805498256807,CCCCCCCCC(CCCCCCCC)OC(=O)CCCC(C=NC(C)(C)C)(CCCC(=O)OC(CCCCCCCC)CCCCCCCC)NCCCn1ccnc1,BL_2023_3CR,BL_2023_3CR,1
-6.0542126,-0.2810932383302653,CCCCCCCCC(CCCCCCCC)OC(=O)CCCC(C=NCCCC)(CCCC(=O)OC(CCCCCCCC)CCCCCCCC)NCCCn1ccnc1,BL_2023_3CR,BL_2023_3CR,0
-5.5360746,-0.1316805498256807,CCCCCCCCC(CCCCCCCC)OC(=O)CCCC(C=NC1CCCCC1)(CCCC(=O)OC(CCCCCCCC)CCCCCCCC)NCCCn1ccnc1,BL_2023_3CR,BL_2023_3CR,1
-1.6419778,-0.1316805498256807,CCCCCCCC/C=C\CCCCCCCC1(CCCCCCC/C=C\CCCCCCCC)C=NC(C(=O)OC)N1CCCn1ccnc1,BL_2023_3CR,BL_2023_3CR,1
-2.0108123,-0.1316805498256807,CCCCCCCC/C=C\CCCCCCCC1(CCCCCCC/C=C\CCCCCCCC)C=NC(C(=O)OCC)N1CCCn1ccnc1,BL_2023_3CR,BL_2023_3CR,1
-2.2481809,0.2140315992398948,CCCCCCCC/C=C\CCCCCCCC1(CCCCCCC/C=C\CCCCCCCC)C=NC(C(=O)OC(C)(C)C)N1CCCn1ccnc1,BL_2023_3CR,BL_2023_3CR,1
-3.6971514,-0.1316805498256807,CCCCCCCC/C=C\CCCCCCCC(C=NC(C)(C)C)(CCCCCCC/C=C\CCCCCCCC)NCCCn1ccnc1,BL_2023_3CR,BL_2023_3CR,1
-3.571614,-0.1316805498256807,CCCCCCCC/C=C\CCCCCCCC(C=NCCCC)(CCCCCCC/C=C\CCCCCCCC)NCCCn1ccnc1,BL_2023_3CR,BL_2023_3CR,1
-3.5352328,-0.1316805498256807,CCCCCCCC/C=C\CCCCCCCC(C=NC1CCCCC1)(CCCCCCC/C=C\CCCCCCCC)NCCCn1ccnc1,BL_2023_3CR,BL_2023_3CR,1
-2.8846507,-0.1316805498256807,CCCCC/C=C\C/C=C\CCCCCCCCOC(=O)CCCC1(CCCC(=O)OCCCCCCCC/C=C\C/C=C\CCCCC)C=NC(C(=O)OC)N1Cc1cccnc1,BL_2023_3CR,BL_2023_3CR,1
-3.4959135,-0.4578109423564123,CCCCC/C=C\C/C=C\CCCCCCCCOC(=O)CCCC1(CCCC(=O)OCCCCCCCC/C=C\C/C=C\CCCCC)C=NC(C(=O)OCC)N1Cc1cccnc1,BL_2023_3CR,BL_2023_3CR,0
-2.6726232,-0.9529357821583856,CCCCC/C=C\C/C=C\CCCCCCCCOC(=O)CCCC1(CCCC(=O)OCCCCCCCC/C=C\C/C=C\CCCCC)C=NC(C(=O)OC(C)(C)C)N1Cc1cccnc1,BL_2023_3CR,BL_2023_3CR,0
-4.366497,-0.1316805498256807,CCCCC/C=C\C/C=C\CCCCCCCCOC(=O)CCCC(C=NC(C)(C)C)(CCCC(=O)OCCCCCCCC/C=C\C/C=C\CCCCC)NCc1cccnc1,BL_2023_3CR,BL_2023_3CR,1
-4.2024837,-0.1316805498256807,CCCCC/C=C\C/C=C\CCCCCCCCOC(=O)CCCC(C=NCCCC)(CCCC(=O)OCCCCCCCC/C=C\C/C=C\CCCCC)NCc1cccnc1,BL_2023_3CR,BL_2023_3CR,1
-3.5273557,-0.1316805498256807,CCCCC/C=C\C/C=C\CCCCCCCCOC(=O)CCCC(C=NC1CCCCC1)(CCCC(=O)OCCCCCCCC/C=C\C/C=C\CCCCC)NCc1cccnc1,BL_2023_3CR,BL_2023_3CR,1
-1.6191536,-0.1316805498256807,CCCCCCCC/C=C\CCCCCCCCOC(=O)CCCC1(CCCC(=O)OCCCCCCCC/C=C\CCCCCCCC)C=NC(C(=O)OC)N1Cc1cccnc1,BL_2023_3CR,BL_2023_3CR,1
-2.0373263,-0.0022533906995668,CCCCCCCC/C=C\CCCCCCCCOC(=O)CCCC1(CCCC(=O)OCCCCCCCC/C=C\CCCCCCCC)C=NC(C(=O)OCC)N1Cc1cccnc1,BL_2023_3CR,BL_2023_3CR,1
-2.9709582,-0.1316805498256807,CCCCCCCC/C=C\CCCCCCCCOC(=O)CCCC1(CCCC(=O)OCCCCCCCC/C=C\CCCCCCCC)C=NC(C(=O)OC(C)(C)C)N1Cc1cccnc1,BL_2023_3CR,BL_2023_3CR,1
-4.5560174,-0.1316805498256807,CCCCCCCC/C=C\CCCCCCCCOC(=O)CCCC(C=NC(C)(C)C)(CCCC(=O)OCCCCCCCC/C=C\CCCCCCCC)NCc1cccnc1,BL_2023_3CR,BL_2023_3CR,1
-2.9425678,-0.1316805498256807,CCCCCCCC/C=C\CCCCCCCCOC(=O)CCCC(C=NCCCC)(CCCC(=O)OCCCCCCCC/C=C\CCCCCCCC)NCc1cccnc1,BL_2023_3CR,BL_2023_3CR,1
-2.756386,-0.1316805498256807,CCCCCCCC/C=C\CCCCCCCCOC(=O)CCCC(C=NC1CCCCC1)(CCCC(=O)OCCCCCCCC/C=C\CCCCCCCC)NCc1cccnc1,BL_2023_3CR,BL_2023_3CR,1
-4.248618,-0.1316805498256807,CCCCCCC#CCCOC(=O)CCCC1(CCCC(=O)OCCC#CCCCCCC)C=NC(C(=O)OC)N1Cc1cccnc1,BL_2023_3CR,BL_2023_3CR,1
-4.3876715,-0.1316805498256807,CCCCCCC#CCCOC(=O)CCCC1(CCCC(=O)OCCC#CCCCCCC)C=NC(C(=O)OCC)N1Cc1cccnc1,BL_2023_3CR,BL_2023_3CR,1
-3.798637,-0.1316805498256807,CCCCCCC#CCCOC(=O)CCCC1(CCCC(=O)OCCC#CCCCCCC)C=NC(C(=O)OC(C)(C)C)N1Cc1cccnc1,BL_2023_3CR,BL_2023_3CR,1
-4.880654,-0.4578109423564123,CCCCCCC#CCCOC(=O)CCCC(C=NC(C)(C)C)(CCCC(=O)OCCC#CCCCCCC)NCc1cccnc1,BL_2023_3CR,BL_2023_3CR,0
-3.8980424,-0.1316805498256807,CCCCCCC#CCCOC(=O)CCCC(C=NCCCC)(CCCC(=O)OCCC#CCCCCCC)NCc1cccnc1,BL_2023_3CR,BL_2023_3CR,1
-4.41593,-0.1316805498256807,CCCCCCC#CCCOC(=O)CCCC(C=NC1CCCCC1)(CCCC(=O)OCCC#CCCCCCC)NCc1cccnc1,BL_2023_3CR,BL_2023_3CR,1
-3.616693,-0.674095932295874,CCCCCCCC/C=C\CCCCCCCCOC(=O)CCCC1(CCCC(=O)OC(CCCCCCCC)CCCCCCCC)C=NC(C(=O)OC)N1Cc1cccnc1,BL_2023_3CR,BL_2023_3CR,0
-3.2009013,-0.2810932383302653,CCCCCCCC/C=C\CCCCCCCCOC(=O)CCCC1(CCCC(=O)OC(CCCCCCCC)CCCCCCCC)C=NC(C(=O)OCC)N1Cc1cccnc1,BL_2023_3CR,BL_2023_3CR,0
-4.0935245,-0.1316805498256807,CCCCCCCC/C=C\CCCCCCCCOC(=O)CCCC1(CCCC(=O)OC(CCCCCCCC)CCCCCCCC)C=NC(C(=O)OC(C)(C)C)N1Cc1cccnc1,BL_2023_3CR,BL_2023_3CR,1
-4.9966717,-0.1316805498256807,CCCCCCCC/C=C\CCCCCCCCOC(=O)CCCC(C=NC(C)(C)C)(CCCC(=O)OC(CCCCCCCC)CCCCCCCC)NCc1cccnc1,BL_2023_3CR,BL_2023_3CR,1
-4.9057236,-0.1316805498256807,CCCCCCCC/C=C\CCCCCCCCOC(=O)CCCC(C=NCCCC)(CCCC(=O)OC(CCCCCCCC)CCCCCCCC)NCc1cccnc1,BL_2023_3CR,BL_2023_3CR,1
-3.7746522,-0.1316805498256807,CCCCCCCC/C=C\CCCCCCCCOC(=O)CCCC(C=NC1CCCCC1)(CCCC(=O)OC(CCCCCCCC)CCCCCCCC)NCc1cccnc1,BL_2023_3CR,BL_2023_3CR,1
-2.6921937,-0.1316805498256807,CCCCCCC#CCCOC(=O)CCCC1(CCCC(=O)OCCCCCCCC/C=C\CCCCCCCC)C=NC(C(=O)OC)N1Cc1cccnc1,BL_2023_3CR,BL_2023_3CR,1
-2.9292073,-0.1316805498256807,CCCCCCC#CCCOC(=O)CCCC1(CCCC(=O)OCCCCCCCC/C=C\CCCCCCCC)C=NC(C(=O)OCC)N1Cc1cccnc1,BL_2023_3CR,BL_2023_3CR,1
-3.7714863,-0.4578109423564123,CCCCCCC#CCCOC(=O)CCCC1(CCCC(=O)OCCCCCCCC/C=C\CCCCCCCC)C=NC(C(=O)OC(C)(C)C)N1Cc1cccnc1,BL_2023_3CR,BL_2023_3CR,0
-3.9945652,-0.1316805498256807,CCCCCCC#CCCOC(=O)CCCC(C=NC(C)(C)C)(CCCC(=O)OCCCCCCCC/C=C\CCCCCCCC)NCc1cccnc1,BL_2023_3CR,BL_2023_3CR,1
-4.2388587,-0.2810932383302653,CCCCCCC#CCCOC(=O)CCCC(C=NCCCC)(CCCC(=O)OCCCCCCCC/C=C\CCCCCCCC)NCc1cccnc1,BL_2023_3CR,BL_2023_3CR,0
-3.4365602,-0.1316805498256807,CCCCCCC#CCCOC(=O)CCCC(C=NC1CCCCC1)(CCCC(=O)OCCCCCCCC/C=C\CCCCCCCC)NCc1cccnc1,BL_2023_3CR,BL_2023_3CR,1
-3.4154103,-0.1316805498256807,CCCCCCCCCCCCOC(=O)CCCC1(CCCC(=O)OCCCCCCCCCCCC)C=NC(C(=O)OC)N1Cc1cccnc1,BL_2023_3CR,BL_2023_3CR,1
-4.339858,-0.0022533906995668,CCCCCCCCCCCCOC(=O)CCCC1(CCCC(=O)OCCCCCCCCCCCC)C=NC(C(=O)OCC)N1Cc1cccnc1,BL_2023_3CR,BL_2023_3CR,1
-3.675502,-0.1316805498256807,CCCCCCCCCCCCOC(=O)CCCC1(CCCC(=O)OCCCCCCCCCCCC)C=NC(C(=O)OC(C)(C)C)N1Cc1cccnc1,BL_2023_3CR,BL_2023_3CR,1
-4.2755575,-0.1316805498256807,CCCCCCCCCCCCOC(=O)CCCC(C=NC(C)(C)C)(CCCC(=O)OCCCCCCCCCCCC)NCc1cccnc1,BL_2023_3CR,BL_2023_3CR,1
-4.473744,-0.1316805498256807,CCCCCCCCCCCCOC(=O)CCCC(C=NCCCC)(CCCC(=O)OCCCCCCCCCCCC)NCc1cccnc1,BL_2023_3CR,BL_2023_3CR,1
-3.6028686,-0.1316805498256807,CCCCCCCCCCCCOC(=O)CCCC(C=NC1CCCCC1)(CCCC(=O)OCCCCCCCCCCCC)NCc1cccnc1,BL_2023_3CR,BL_2023_3CR,1
-4.493063,-0.1316805498256807,CCCCCCCCC(CCCCCCCC)OC(=O)CCCC1(CCCC(=O)OC(CCCCCCCC)CCCCCCCC)C=NC(C(=O)OC)N1Cc1cccnc1,BL_2023_3CR,BL_2023_3CR,1
-4.6451993,-0.9529357821583856,CCCCCCCCC(CCCCCCCC)OC(=O)CCCC1(CCCC(=O)OC(CCCCCCCC)CCCCCCCC)C=NC(C(=O)OCC)N1Cc1cccnc1,BL_2023_3CR,BL_2023_3CR,0
-4.529316,-0.1316805498256807,CCCCCCCCC(CCCCCCCC)OC(=O)CCCC1(CCCC(=O)OC(CCCCCCCC)CCCCCCCC)C=NC(C(=O)OC(C)(C)C)N1Cc1cccnc1,BL_2023_3CR,BL_2023_3CR,1
-4.8664956,-0.1316805498256807,CCCCCCCCC(CCCCCCCC)OC(=O)CCCC(C=NC(C)(C)C)(CCCC(=O)OC(CCCCCCCC)CCCCCCCC)NCc1cccnc1,BL_2023_3CR,BL_2023_3CR,1
-5.8001494,-0.1316805498256807,CCCCCCCCC(CCCCCCCC)OC(=O)CCCC(C=NCCCC)(CCCC(=O)OC(CCCCCCCC)CCCCCCCC)NCc1cccnc1,BL_2023_3CR,BL_2023_3CR,1
-5.281003,-0.1316805498256807,CCCCCCCCC(CCCCCCCC)OC(=O)CCCC(C=NC1CCCCC1)(CCCC(=O)OC(CCCCCCCC)CCCCCCCC)NCc1cccnc1,BL_2023_3CR,BL_2023_3CR,1
-1.8187655,-0.1316805498256807,CCCCCCCC/C=C\CCCCCCCC1(CCCCCCC/C=C\CCCCCCCC)C=NC(C(=O)OC)N1Cc1cccnc1,BL_2023_3CR,BL_2023_3CR,1
-1.0967416,-0.1316805498256807,CCCCCCCC/C=C\CCCCCCCC1(CCCCCCC/C=C\CCCCCCCC)C=NC(C(=O)OCC)N1Cc1cccnc1,BL_2023_3CR,BL_2023_3CR,1
-1.1679404,-0.1316805498256807,CCCCCCCC/C=C\CCCCCCCC1(CCCCCCC/C=C\CCCCCCCC)C=NC(C(=O)OC(C)(C)C)N1Cc1cccnc1,BL_2023_3CR,BL_2023_3CR,1
-3.6550968,-0.1316805498256807,CCCCCCCC/C=C\CCCCCCCC(C=NC(C)(C)C)(CCCCCCC/C=C\CCCCCCCC)NCc1cccnc1,BL_2023_3CR,BL_2023_3CR,1
-2.9615612,-0.1316805498256807,CCCCCCCC/C=C\CCCCCCCC(C=NCCCC)(CCCCCCC/C=C\CCCCCCCC)NCc1cccnc1,BL_2023_3CR,BL_2023_3CR,1
-2.2692988,-0.1316805498256807,CCCCCCCC/C=C\CCCCCCCC(C=NC1CCCCC1)(CCCCCCC/C=C\CCCCCCCC)NCc1cccnc1,BL_2023_3CR,BL_2023_3CR,1
-1.9480536,-0.1316805498256807,CCCCC/C=C\C/C=C\CCCCCCCCOC(=O)CCCC1(CCCC(=O)OCCCCCCCC/C=C\C/C=C\CCCCC)C=NC(C(=O)OC)N1CCN1CCOCC1,BL_2023_3CR,BL_2023_3CR,1
-1.638164,0.3907493032660417,CCCCC/C=C\C/C=C\CCCCCCCCOC(=O)CCCC1(CCCC(=O)OCCCCCCCC/C=C\C/C=C\CCCCC)C=NC(C(=O)OCC)N1CCN1CCOCC1,BL_2023_3CR,BL_2023_3CR,1
-1.838581,-0.0022533906995668,CCCCC/C=C\C/C=C\CCCCCCCCOC(=O)CCCC1(CCCC(=O)OCCCCCCCC/C=C\C/C=C\CCCCC)C=NC(C(=O)OC(C)(C)C)N1CCN1CCOCC1,BL_2023_3CR,BL_2023_3CR,1
-3.2276888,0.2140315992398948,CCCCC/C=C\C/C=C\CCCCCCCCOC(=O)CCCC(C=NC(C)(C)C)(CCCC(=O)OCCCCCCCC/C=C\C/C=C\CCCCC)NCCN1CCOCC1,BL_2023_3CR,BL_2023_3CR,1
-3.5090857,-0.1316805498256807,CCCCC/C=C\C/C=C\CCCCCCCCOC(=O)CCCC(C=NCCCC)(CCCC(=O)OCCCCCCCC/C=C\C/C=C\CCCCC)NCCN1CCOCC1,BL_2023_3CR,BL_2023_3CR,1
-3.0777311,-0.2810932383302653,CCCCC/C=C\C/C=C\CCCCCCCCOC(=O)CCCC(C=NC1CCCCC1)(CCCC(=O)OCCCCCCCC/C=C\C/C=C\CCCCC)NCCN1CCOCC1,BL_2023_3CR,BL_2023_3CR,0
-1.0388722,1.9010026413906371,CCCCCCCC/C=C\CCCCCCCCOC(=O)CCCC1(CCCC(=O)OCCCCCCCC/C=C\CCCCCCCC)C=NC(C(=O)OC)N1CCN1CCOCC1,BL_2023_3CR,BL_2023_3CR,2
-0.88567394,2.5643053595581797,CCCCCCCC/C=C\CCCCCCCCOC(=O)CCCC1(CCCC(=O)OCCCCCCCC/C=C\CCCCCCCC)C=NC(C(=O)OCC)N1CCN1CCOCC1,BL_2023_3CR,BL_2023_3CR,2
-1.5565199,-0.674095932295874,CCCCCCCC/C=C\CCCCCCCCOC(=O)CCCC1(CCCC(=O)OCCCCCCCC/C=C\CCCCCCCC)C=NC(C(=O)OC(C)(C)C)N1CCN1CCOCC1,BL_2023_3CR,BL_2023_3CR,0
-2.9483945,-0.1316805498256807,CCCCCCCC/C=C\CCCCCCCCOC(=O)CCCC(C=NC(C)(C)C)(CCCC(=O)OCCCCCCCC/C=C\CCCCCCCC)NCCN1CCOCC1,BL_2023_3CR,BL_2023_3CR,1
-2.6224985,-0.1316805498256807,CCCCCCCC/C=C\CCCCCCCCOC(=O)CCCC(C=NCCCC)(CCCC(=O)OCCCCCCCC/C=C\CCCCCCCC)NCCN1CCOCC1,BL_2023_3CR,BL_2023_3CR,1
-2.2260292,-0.1316805498256807,CCCCCCCC/C=C\CCCCCCCCOC(=O)CCCC(C=NC1CCCCC1)(CCCC(=O)OCCCCCCCC/C=C\CCCCCCCC)NCCN1CCOCC1,BL_2023_3CR,BL_2023_3CR,1
-4.4932365,-0.1316805498256807,CCCCCCC#CCCOC(=O)CCCC1(CCCC(=O)OCCC#CCCCCCC)C=NC(C(=O)OC)N1CCN1CCOCC1,BL_2023_3CR,BL_2023_3CR,1
-5.2196765,-0.1316805498256807,CCCCCCC#CCCOC(=O)CCCC1(CCCC(=O)OCCC#CCCCCCC)C=NC(C(=O)OCC)N1CCN1CCOCC1,BL_2023_3CR,BL_2023_3CR,1
-4.7350173,-0.9529357821583856,CCCCCCC#CCCOC(=O)CCCC1(CCCC(=O)OCCC#CCCCCCC)C=NC(C(=O)OC(C)(C)C)N1CCN1CCOCC1,BL_2023_3CR,BL_2023_3CR,0
-3.9734385,-0.1316805498256807,CCCCCCC#CCCOC(=O)CCCC(C=NC(C)(C)C)(CCCC(=O)OCCC#CCCCCCC)NCCN1CCOCC1,BL_2023_3CR,BL_2023_3CR,1
-4.0171127,-0.1316805498256807,CCCCCCC#CCCOC(=O)CCCC(C=NCCCC)(CCCC(=O)OCCC#CCCCCCC)NCCN1CCOCC1,BL_2023_3CR,BL_2023_3CR,1
-4.627257,-1.345938476123994,CCCCCCC#CCCOC(=O)CCCC(C=NC1CCCCC1)(CCCC(=O)OCCC#CCCCCCC)NCCN1CCOCC1,BL_2023_3CR,BL_2023_3CR,0
-3.241193,-0.0022533906995668,CCCCCCCC/C=C\CCCCCCCCOC(=O)CCCC1(CCCC(=O)OC(CCCCCCCC)CCCCCCCC)C=NC(C(=O)OC)N1CCN1CCOCC1,BL_2023_3CR,BL_2023_3CR,1
-2.6016185,1.1021591330074765,CCCCCCCC/C=C\CCCCCCCCOC(=O)CCCC1(CCCC(=O)OC(CCCCCCCC)CCCCCCCC)C=NC(C(=O)OCC)N1CCN1CCOCC1,BL_2023_3CR,BL_2023_3CR,2
-2.535341,-0.1316805498256807,CCCCCCCC/C=C\CCCCCCCCOC(=O)CCCC1(CCCC(=O)OC(CCCCCCCC)CCCCCCCC)C=NC(C(=O)OC(C)(C)C)N1CCN1CCOCC1,BL_2023_3CR,BL_2023_3CR,1
-3.7237463,-0.1316805498256807,CCCCCCCC/C=C\CCCCCCCCOC(=O)CCCC(C=NC(C)(C)C)(CCCC(=O)OC(CCCCCCCC)CCCCCCCC)NCCN1CCOCC1,BL_2023_3CR,BL_2023_3CR,1
-3.4257948,-0.1316805498256807,CCCCCCCC/C=C\CCCCCCCCOC(=O)CCCC(C=NCCCC)(CCCC(=O)OC(CCCCCCCC)CCCCCCCC)NCCN1CCOCC1,BL_2023_3CR,BL_2023_3CR,1
-3.4640355,-0.1316805498256807,CCCCCCCC/C=C\CCCCCCCCOC(=O)CCCC(C=NC1CCCCC1)(CCCC(=O)OC(CCCCCCCC)CCCCCCCC)NCCN1CCOCC1,BL_2023_3CR,BL_2023_3CR,1
-3.1757615,-0.1316805498256807,CCCCCCC#CCCOC(=O)CCCC1(CCCC(=O)OCCCCCCCC/C=C\CCCCCCCC)C=NC(C(=O)OC)N1CCN1CCOCC1,BL_2023_3CR,BL_2023_3CR,1
-3.6434863,-0.0022533906995668,CCCCCCC#CCCOC(=O)CCCC1(CCCC(=O)OCCCCCCCC/C=C\CCCCCCCC)C=NC(C(=O)OCC)N1CCN1CCOCC1,BL_2023_3CR,BL_2023_3CR,1
-3.3538795,0.2140315992398948,CCCCCCC#CCCOC(=O)CCCC1(CCCC(=O)OCCCCCCCC/C=C\CCCCCCCC)C=NC(C(=O)OC(C)(C)C)N1CCN1CCOCC1,BL_2023_3CR,BL_2023_3CR,1
-3.7275748,-0.1316805498256807,CCCCCCC#CCCOC(=O)CCCC(C=NC(C)(C)C)(CCCC(=O)OCCCCCCCC/C=C\CCCCCCCC)NCCN1CCOCC1,BL_2023_3CR,BL_2023_3CR,1
-3.4031258,-0.1316805498256807,CCCCCCC#CCCOC(=O)CCCC(C=NCCCC)(CCCC(=O)OCCCCCCCC/C=C\CCCCCCCC)NCCN1CCOCC1,BL_2023_3CR,BL_2023_3CR,1
-2.8822029,-2.0177810199521136,CCCCCCC#CCCOC(=O)CCCC(C=NC1CCCCC1)(CCCC(=O)OCCCCCCCC/C=C\CCCCCCCC)NCCN1CCOCC1,BL_2023_3CR,BL_2023_3CR,0
-4.2748327,0.72835041143869,CCCCCCCCCCCCOC(=O)CCCC1(CCCC(=O)OCCCCCCCCCCCC)C=NC(C(=O)OC)N1CCN1CCOCC1,BL_2023_3CR,BL_2023_3CR,1
-4.615543,0.9331646879680472,CCCCCCCCCCCCOC(=O)CCCC1(CCCC(=O)OCCCCCCCCCCCC)C=NC(C(=O)OCC)N1CCN1CCOCC1,BL_2023_3CR,BL_2023_3CR,1
-4.3719945,-0.1316805498256807,CCCCCCCCCCCCOC(=O)CCCC1(CCCC(=O)OCCCCCCCCCCCC)C=NC(C(=O)OC(C)(C)C)N1CCN1CCOCC1,BL_2023_3CR,BL_2023_3CR,1
-3.6540716,-0.1316805498256807,CCCCCCCCCCCCOC(=O)CCCC(C=NC(C)(C)C)(CCCC(=O)OCCCCCCCCCCCC)NCCN1CCOCC1,BL_2023_3CR,BL_2023_3CR,1
-4.2968864,-0.1316805498256807,CCCCCCCCCCCCOC(=O)CCCC(C=NCCCC)(CCCC(=O)OCCCCCCCCCCCC)NCCN1CCOCC1,BL_2023_3CR,BL_2023_3CR,1
-3.8474753,-0.1316805498256807,CCCCCCCCCCCCOC(=O)CCCC(C=NC1CCCCC1)(CCCC(=O)OCCCCCCCCCCCC)NCCN1CCOCC1,BL_2023_3CR,BL_2023_3CR,1
-4.2218127,-0.674095932295874,CCCCCCCCC(CCCCCCCC)OC(=O)CCCC1(CCCC(=O)OC(CCCCCCCC)CCCCCCCC)C=NC(C(=O)OC)N1CCN1CCOCC1,BL_2023_3CR,BL_2023_3CR,0
-4.3728337,-0.1316805498256807,CCCCCCCCC(CCCCCCCC)OC(=O)CCCC1(CCCC(=O)OC(CCCCCCCC)CCCCCCCC)C=NC(C(=O)OCC)N1CCN1CCOCC1,BL_2023_3CR,BL_2023_3CR,1
-4.257463,-0.1316805498256807,CCCCCCCCC(CCCCCCCC)OC(=O)CCCC1(CCCC(=O)OC(CCCCCCCC)CCCCCCCC)C=NC(C(=O)OC(C)(C)C)N1CCN1CCOCC1,BL_2023_3CR,BL_2023_3CR,1
-3.6980348,-0.1316805498256807,CCCCCCCCC(CCCCCCCC)OC(=O)CCCC(C=NC(C)(C)C)(CCCC(=O)OC(CCCCCCCC)CCCCCCCC)NCCN1CCOCC1,BL_2023_3CR,BL_2023_3CR,1
-4.3200264,-0.1316805498256807,CCCCCCCCC(CCCCCCCC)OC(=O)CCCC(C=NCCCC)(CCCC(=O)OC(CCCCCCCC)CCCCCCCC)NCCN1CCOCC1,BL_2023_3CR,BL_2023_3CR,1
-4.557509,-0.1316805498256807,CCCCCCCCC(CCCCCCCC)OC(=O)CCCC(C=NC1CCCCC1)(CCCC(=O)OC(CCCCCCCC)CCCCCCCC)NCCN1CCOCC1,BL_2023_3CR,BL_2023_3CR,1
-0.5049056,-0.674095932295874,CCCCCCCC/C=C\CCCCCCCC1(CCCCCCC/C=C\CCCCCCCC)C=NC(C(=O)OC)N1CCN1CCOCC1,BL_2023_3CR,BL_2023_3CR,0
-0.2360332,-0.0022533906995668,CCCCCCCC/C=C\CCCCCCCC1(CCCCCCC/C=C\CCCCCCCC)C=NC(C(=O)OCC)N1CCN1CCOCC1,BL_2023_3CR,BL_2023_3CR,1
-0.581572,-0.1316805498256807,CCCCCCCC/C=C\CCCCCCCC1(CCCCCCC/C=C\CCCCCCCC)C=NC(C(=O)OC(C)(C)C)N1CCN1CCOCC1,BL_2023_3CR,BL_2023_3CR,1
-2.501801,-0.1316805498256807,CCCCCCCC/C=C\CCCCCCCC(C=NC(C)(C)C)(CCCCCCC/C=C\CCCCCCCC)NCCN1CCOCC1,BL_2023_3CR,BL_2023_3CR,1
-2.1181169,-0.1316805498256807,CCCCCCCC/C=C\CCCCCCCC(C=NCCCC)(CCCCCCC/C=C\CCCCCCCC)NCCN1CCOCC1,BL_2023_3CR,BL_2023_3CR,1
-2.7561042,-0.1316805498256807,CCCCCCCC/C=C\CCCCCCCC(C=NC1CCCCC1)(CCCCCCC/C=C\CCCCCCCC)NCCN1CCOCC1,BL_2023_3CR,BL_2023_3CR,1
-1.8098593,1.0625918470941615,CCCCC/C=C\C/C=C\CCCCCCCCOC(=O)CCCC1(CCCC(=O)OCCCCCCCC/C=C\C/C=C\CCCCC)C=NC(C(=O)OC)N1CCN1CCN(C)CC1,BL_2023_3CR,BL_2023_3CR,2
-1.3096083,0.72835041143869,CCCCC/C=C\C/C=C\CCCCCCCCOC(=O)CCCC1(CCCC(=O)OCCCCCCCC/C=C\C/C=C\CCCCC)C=NC(C(=O)OCC)N1CCN1CCN(C)CC1,BL_2023_3CR,BL_2023_3CR,1
-2.2333808,-0.1316805498256807,CCCCC/C=C\C/C=C\CCCCCCCCOC(=O)CCCC1(CCCC(=O)OCCCCCCCC/C=C\C/C=C\CCCCC)C=NC(C(=O)OC(C)(C)C)N1CCN1CCN(C)CC1,BL_2023_3CR,BL_2023_3CR,1
-3.8889453,-0.4578109423564123,CCCCC/C=C\C/C=C\CCCCCCCCOC(=O)CCCC(C=NC(C)(C)C)(CCCC(=O)OCCCCCCCC/C=C\C/C=C\CCCCC)NCCN1CCN(C)CC1,BL_2023_3CR,BL_2023_3CR,0
-4.252702,-0.1316805498256807,CCCCC/C=C\C/C=C\CCCCCCCCOC(=O)CCCC(C=NCCCC)(CCCC(=O)OCCCCCCCC/C=C\C/C=C\CCCCC)NCCN1CCN(C)CC1,BL_2023_3CR,BL_2023_3CR,1
-3.2027006,-0.1316805498256807,CCCCC/C=C\C/C=C\CCCCCCCCOC(=O)CCCC(C=NC1CCCCC1)(CCCC(=O)OCCCCCCCC/C=C\C/C=C\CCCCC)NCCN1CCN(C)CC1,BL_2023_3CR,BL_2023_3CR,1
-1.6380316,3.333971752199485,CCCCCCCC/C=C\CCCCCCCCOC(=O)CCCC1(CCCC(=O)OCCCCCCCC/C=C\CCCCCCCC)C=NC(C(=O)OC)N1CCN1CCN(C)CC1,BL_2023_3CR,BL_2023_3CR,2
-1.5557438,3.368251849467995,CCCCCCCC/C=C\CCCCCCCCOC(=O)CCCC1(CCCC(=O)OCCCCCCCC/C=C\CCCCCCCC)C=NC(C(=O)OCC)N1CCN1CCN(C)CC1,BL_2023_3CR,BL_2023_3CR,2
-0.92665404,0.5401619940024391,CCCCCCCC/C=C\CCCCCCCCOC(=O)CCCC1(CCCC(=O)OCCCCCCCC/C=C\CCCCCCCC)C=NC(C(=O)OC(C)(C)C)N1CCN1CCN(C)CC1,BL_2023_3CR,BL_2023_3CR,1
-3.9558237,0.7837519994634626,CCCCCCCC/C=C\CCCCCCCCOC(=O)CCCC(C=NC(C)(C)C)(CCCC(=O)OCCCCCCCC/C=C\CCCCCCCC)NCCN1CCN(C)CC1,BL_2023_3CR,BL_2023_3CR,1
-1.6062027,0.72835041143869,CCCCCCCC/C=C\CCCCCCCCOC(=O)CCCC(C=NCCCC)(CCCC(=O)OCCCCCCCC/C=C\CCCCCCCC)NCCN1CCN(C)CC1,BL_2023_3CR,BL_2023_3CR,1
-1.8138832,0.7837519994634626,CCCCCCCC/C=C\CCCCCCCCOC(=O)CCCC(C=NC1CCCCC1)(CCCC(=O)OCCCCCCCC/C=C\CCCCCCCC)NCCN1CCN(C)CC1,BL_2023_3CR,BL_2023_3CR,1
-3.373137,-2.0177810199521136,CCCCCCC#CCCOC(=O)CCCC1(CCCC(=O)OCCC#CCCCCCC)C=NC(C(=O)OC)N1CCN1CCN(C)CC1,BL_2023_3CR,BL_2023_3CR,0
-3.8806825,-0.4578109423564123,CCCCCCC#CCCOC(=O)CCCC1(CCCC(=O)OCCC#CCCCCCC)C=NC(C(=O)OCC)N1CCN1CCN(C)CC1,BL_2023_3CR,BL_2023_3CR,0
-3.6053486,-0.1316805498256807,CCCCCCC#CCCOC(=O)CCCC1(CCCC(=O)OCCC#CCCCCCC)C=NC(C(=O)OC(C)(C)C)N1CCN1CCN(C)CC1,BL_2023_3CR,BL_2023_3CR,1
-4.300378,-0.1316805498256807,CCCCCCC#CCCOC(=O)CCCC(C=NC(C)(C)C)(CCCC(=O)OCCC#CCCCCCC)NCCN1CCN(C)CC1,BL_2023_3CR,BL_2023_3CR,1
-4.399385,-0.4578109423564123,CCCCCCC#CCCOC(=O)CCCC(C=NCCCC)(CCCC(=O)OCCC#CCCCCCC)NCCN1CCN(C)CC1,BL_2023_3CR,BL_2023_3CR,0
-4.44598,-1.345938476123994,CCCCCCC#CCCOC(=O)CCCC(C=NC1CCCCC1)(CCCC(=O)OCCC#CCCCCCC)NCCN1CCN(C)CC1,BL_2023_3CR,BL_2023_3CR,0
-2.104538,3.5139149633272053,CCCCCCCC/C=C\CCCCCCCCOC(=O)CCCC1(CCCC(=O)OC(CCCCCCCC)CCCCCCCC)C=NC(C(=O)OC)N1CCN1CCN(C)CC1,BL_2023_3CR,BL_2023_3CR,3
-0.6287029,1.8304796256821656,CCCCCCCC/C=C\CCCCCCCCOC(=O)CCCC1(CCCC(=O)OC(CCCCCCCC)CCCCCCCC)C=NC(C(=O)OCC)N1CCN1CCN(C)CC1,BL_2023_3CR,BL_2023_3CR,2
-2.3744292,-0.4578109423564123,CCCCCCCC/C=C\CCCCCCCCOC(=O)CCCC1(CCCC(=O)OC(CCCCCCCC)CCCCCCCC)C=NC(C(=O)OC(C)(C)C)N1CCN1CCN(C)CC1,BL_2023_3CR,BL_2023_3CR,0
-4.2764764,-0.1316805498256807,CCCCCCCC/C=C\CCCCCCCCOC(=O)CCCC(C=NC(C)(C)C)(CCCC(=O)OC(CCCCCCCC)CCCCCCCC)NCCN1CCN(C)CC1,BL_2023_3CR,BL_2023_3CR,1
-2.1870356,-2.0177810199521136,CCCCCCCC/C=C\CCCCCCCCOC(=O)CCCC(C=NCCCC)(CCCC(=O)OC(CCCCCCCC)CCCCCCCC)NCCN1CCN(C)CC1,BL_2023_3CR,BL_2023_3CR,0
-2.5425766,-2.0177810199521136,CCCCCCCC/C=C\CCCCCCCCOC(=O)CCCC(C=NC1CCCCC1)(CCCC(=O)OC(CCCCCCCC)CCCCCCCC)NCCN1CCN(C)CC1,BL_2023_3CR,BL_2023_3CR,0
-1.4744598,3.0628551635555032,CCCCCCC#CCCOC(=O)CCCC1(CCCC(=O)OCCCCCCCC/C=C\CCCCCCCC)C=NC(C(=O)OC)N1CCN1CCN(C)CC1,BL_2023_3CR,BL_2023_3CR,2
-1.9326425,3.3222702358873675,CCCCCCC#CCCOC(=O)CCCC1(CCCC(=O)OCCCCCCCC/C=C\CCCCCCCC)C=NC(C(=O)OCC)N1CCN1CCN(C)CC1,BL_2023_3CR,BL_2023_3CR,2
-1.814153,-0.1316805498256807,CCCCCCC#CCCOC(=O)CCCC1(CCCC(=O)OCCCCCCCC/C=C\CCCCCCCC)C=NC(C(=O)OC(C)(C)C)N1CCN1CCN(C)CC1,BL_2023_3CR,BL_2023_3CR,1
-3.7434802,-0.1316805498256807,CCCCCCC#CCCOC(=O)CCCC(C=NC(C)(C)C)(CCCC(=O)OCCCCCCCC/C=C\CCCCCCCC)NCCN1CCN(C)CC1,BL_2023_3CR,BL_2023_3CR,1
-3.3620515,-0.1316805498256807,CCCCCCC#CCCOC(=O)CCCC(C=NCCCC)(CCCC(=O)OCCCCCCCC/C=C\CCCCCCCC)NCCN1CCN(C)CC1,BL_2023_3CR,BL_2023_3CR,1
-2.247357,-0.1316805498256807,CCCCCCC#CCCOC(=O)CCCC(C=NC1CCCCC1)(CCCC(=O)OCCCCCCCC/C=C\CCCCCCCC)NCCN1CCN(C)CC1,BL_2023_3CR,BL_2023_3CR,1
-2.6405199,-0.1316805498256807,CCCCCCCCCCCCOC(=O)CCCC1(CCCC(=O)OCCCCCCCCCCCC)C=NC(C(=O)OC)N1CCN1CCN(C)CC1,BL_2023_3CR,BL_2023_3CR,1
-3.0843315,-0.1316805498256807,CCCCCCCCCCCCOC(=O)CCCC1(CCCC(=O)OCCCCCCCCCCCC)C=NC(C(=O)OCC)N1CCN1CCN(C)CC1,BL_2023_3CR,BL_2023_3CR,1
-2.894891,-0.4578109423564123,CCCCCCCCCCCCOC(=O)CCCC1(CCCC(=O)OCCCCCCCCCCCC)C=NC(C(=O)OC(C)(C)C)N1CCN1CCN(C)CC1,BL_2023_3CR,BL_2023_3CR,0
-3.9881253,-1.345938476123994,CCCCCCCCCCCCOC(=O)CCCC(C=NC(C)(C)C)(CCCC(=O)OCCCCCCCCCCCC)NCCN1CCN(C)CC1,BL_2023_3CR,BL_2023_3CR,0
-3.4854343,-0.674095932295874,CCCCCCCCCCCCOC(=O)CCCC(C=NCCCC)(CCCC(=O)OCCCCCCCCCCCC)NCCN1CCN(C)CC1,BL_2023_3CR,BL_2023_3CR,0
-3.1699498,-0.4578109423564123,CCCCCCCCCCCCOC(=O)CCCC(C=NC1CCCCC1)(CCCC(=O)OCCCCCCCCCCCC)NCCN1CCN(C)CC1,BL_2023_3CR,BL_2023_3CR,0
-3.234627,0.5401619940024391,CCCCCCCCC(CCCCCCCC)OC(=O)CCCC1(CCCC(=O)OC(CCCCCCCC)CCCCCCCC)C=NC(C(=O)OC)N1CCN1CCN(C)CC1,BL_2023_3CR,BL_2023_3CR,1
-3.0176733,0.7837519994634626,CCCCCCCCC(CCCCCCCC)OC(=O)CCCC1(CCCC(=O)OC(CCCCCCCC)CCCCCCCC)C=NC(C(=O)OCC)N1CCN1CCN(C)CC1,BL_2023_3CR,BL_2023_3CR,1
-2.62184,-0.674095932295874,CCCCCCCCC(CCCCCCCC)OC(=O)CCCC1(CCCC(=O)OC(CCCCCCCC)CCCCCCCC)C=NC(C(=O)OC(C)(C)C)N1CCN1CCN(C)CC1,BL_2023_3CR,BL_2023_3CR,0
-4.2500362,-0.4578109423564123,CCCCCCCCC(CCCCCCCC)OC(=O)CCCC(C=NC(C)(C)C)(CCCC(=O)OC(CCCCCCCC)CCCCCCCC)NCCN1CCN(C)CC1,BL_2023_3CR,BL_2023_3CR,0
-3.8010416,-0.9529357821583856,CCCCCCCCC(CCCCCCCC)OC(=O)CCCC(C=NCCCC)(CCCC(=O)OC(CCCCCCCC)CCCCCCCC)NCCN1CCN(C)CC1,BL_2023_3CR,BL_2023_3CR,0
-4.229498,-0.1316805498256807,CCCCCCCCC(CCCCCCCC)OC(=O)CCCC(C=NC1CCCCC1)(CCCC(=O)OC(CCCCCCCC)CCCCCCCC)NCCN1CCN(C)CC1,BL_2023_3CR,BL_2023_3CR,1
1.1440204,-0.1316805498256807,CCCCCCCC/C=C\CCCCCCCC1(CCCCCCC/C=C\CCCCCCCC)C=NC(C(=O)OC)N1CCN1CCN(C)CC1,BL_2023_3CR,BL_2023_3CR,1
0.32783437,-1.345938476123994,CCCCCCCC/C=C\CCCCCCCC1(CCCCCCC/C=C\CCCCCCCC)C=NC(C(=O)OCC)N1CCN1CCN(C)CC1,BL_2023_3CR,BL_2023_3CR,0
0.11646857,-0.1316805498256807,CCCCCCCC/C=C\CCCCCCCC1(CCCCCCC/C=C\CCCCCCCC)C=NC(C(=O)OC(C)(C)C)N1CCN1CCN(C)CC1,BL_2023_3CR,BL_2023_3CR,1
-2.7798831,-0.1316805498256807,CCCCCCCC/C=C\CCCCCCCC(C=NC(C)(C)C)(CCCCCCC/C=C\CCCCCCCC)NCCN1CCN(C)CC1,BL_2023_3CR,BL_2023_3CR,1
-1.6642934,-0.4578109423564123,CCCCCCCC/C=C\CCCCCCCC(C=NCCCC)(CCCCCCC/C=C\CCCCCCCC)NCCN1CCN(C)CC1,BL_2023_3CR,BL_2023_3CR,0
-1.5087829,-0.1316805498256807,CCCCCCCC/C=C\CCCCCCCC(C=NC1CCCCC1)(CCCCCCC/C=C\CCCCCCCC)NCCN1CCN(C)CC1,BL_2023_3CR,BL_2023_3CR,1
-2.385564,-2.0177810199521136,CCCCC/C=C\C/C=C\CCCCCCCCOC(=O)CCCC1(CCCC(=O)OCCCCCCCC/C=C\C/C=C\CCCCC)C=NC(C(=O)OC)N1CCCN1CCN(CCCN)CC1,BL_2023_3CR,BL_2023_3CR,0
-1.714505,-0.4578109423564123,CCCCC/C=C\C/C=C\CCCCCCCCOC(=O)CCCC1(CCCC(=O)OCCCCCCCC/C=C\C/C=C\CCCCC)C=NC(C(=O)OCC)N1CCCN1CCN(CCCN)CC1,BL_2023_3CR,BL_2023_3CR,0
-2.7742171,-0.1316805498256807,CCCCC/C=C\C/C=C\CCCCCCCCOC(=O)CCCC1(CCCC(=O)OCCCCCCCC/C=C\C/C=C\CCCCC)C=NC(C(=O)OC(C)(C)C)N1CCCN1CCN(CCCN)CC1,BL_2023_3CR,BL_2023_3CR,1
-3.7948315,-0.9529357821583856,CCCCC/C=C\C/C=C\CCCCCCCCOC(=O)CCCC(C=NC(C)(C)C)(CCCC(=O)OCCCCCCCC/C=C\C/C=C\CCCCC)NCCCN1CCN(CCCN)CC1,BL_2023_3CR,BL_2023_3CR,0
-4.04668,-0.2810932383302653,CCCCC/C=C\C/C=C\CCCCCCCCOC(=O)CCCC(C=NCCCC)(CCCC(=O)OCCCCCCCC/C=C\C/C=C\CCCCC)NCCCN1CCN(CCCN)CC1,BL_2023_3CR,BL_2023_3CR,0
-4.7026944,-0.1316805498256807,CCCCC/C=C\C/C=C\CCCCCCCCOC(=O)CCCC(C=NC1CCCCC1)(CCCC(=O)OCCCCCCCC/C=C\C/C=C\CCCCC)NCCCN1CCN(CCCN)CC1,BL_2023_3CR,BL_2023_3CR,1
-1.988813,0.3907493032660417,CCCCCCCC/C=C\CCCCCCCCOC(=O)CCCC1(CCCC(=O)OCCCCCCCC/C=C\CCCCCCCC)C=NC(C(=O)OC)N1CCCN1CCN(CCCN)CC1,BL_2023_3CR,BL_2023_3CR,1
-1.4092383,-0.1316805498256807,CCCCCCCC/C=C\CCCCCCCCOC(=O)CCCC1(CCCC(=O)OCCCCCCCC/C=C\CCCCCCCC)C=NC(C(=O)OCC)N1CCCN1CCN(CCCN)CC1,BL_2023_3CR,BL_2023_3CR,1
-0.6796335,-0.2810932383302653,CCCCCCCC/C=C\CCCCCCCCOC(=O)CCCC1(CCCC(=O)OCCCCCCCC/C=C\CCCCCCCC)C=NC(C(=O)OC(C)(C)C)N1CCCN1CCN(CCCN)CC1,BL_2023_3CR,BL_2023_3CR,0
-3.8098233,-0.1316805498256807,CCCCCCCC/C=C\CCCCCCCCOC(=O)CCCC(C=NC(C)(C)C)(CCCC(=O)OCCCCCCCC/C=C\CCCCCCCC)NCCCN1CCN(CCCN)CC1,BL_2023_3CR,BL_2023_3CR,1
-2.8218365,-2.0177810199521136,CCCCCCCC/C=C\CCCCCCCCOC(=O)CCCC(C=NCCCC)(CCCC(=O)OCCCCCCCC/C=C\CCCCCCCC)NCCCN1CCN(CCCN)CC1,BL_2023_3CR,BL_2023_3CR,0
-2.8931231,-0.1316805498256807,CCCCCCCC/C=C\CCCCCCCCOC(=O)CCCC(C=NC1CCCCC1)(CCCC(=O)OCCCCCCCC/C=C\CCCCCCCC)NCCCN1CCN(CCCN)CC1,BL_2023_3CR,BL_2023_3CR,1
-4.072244,-0.2810932383302653,CCCCCCC#CCCOC(=O)CCCC1(CCCC(=O)OCCC#CCCCCCC)C=NC(C(=O)OC)N1CCCN1CCN(CCCN)CC1,BL_2023_3CR,BL_2023_3CR,0
-3.953997,-0.1316805498256807,CCCCCCC#CCCOC(=O)CCCC1(CCCC(=O)OCCC#CCCCCCC)C=NC(C(=O)OCC)N1CCCN1CCN(CCCN)CC1,BL_2023_3CR,BL_2023_3CR,1
-3.4449468,-0.1316805498256807,CCCCCCC#CCCOC(=O)CCCC1(CCCC(=O)OCCC#CCCCCCC)C=NC(C(=O)OC(C)(C)C)N1CCCN1CCN(CCCN)CC1,BL_2023_3CR,BL_2023_3CR,1
-4.7865415,-0.1316805498256807,CCCCCCC#CCCOC(=O)CCCC(C=NC(C)(C)C)(CCCC(=O)OCCC#CCCCCCC)NCCCN1CCN(CCCN)CC1,BL_2023_3CR,BL_2023_3CR,1
-5.5508037,-0.1316805498256807,CCCCCCC#CCCOC(=O)CCCC(C=NCCCC)(CCCC(=O)OCCC#CCCCCCC)NCCCN1CCN(CCCN)CC1,BL_2023_3CR,BL_2023_3CR,1
-4.830888,-0.1316805498256807,CCCCCCC#CCCOC(=O)CCCC(C=NC1CCCCC1)(CCCC(=O)OCCC#CCCCCCC)NCCCN1CCN(CCCN)CC1,BL_2023_3CR,BL_2023_3CR,1
-3.220868,1.371257553758863,CCCCCCCC/C=C\CCCCCCCCOC(=O)CCCC1(CCCC(=O)OC(CCCCCCCC)CCCCCCCC)C=NC(C(=O)OC)N1CCCN1CCN(CCCN)CC1,BL_2023_3CR,BL_2023_3CR,2
-1.8773706,0.3064123181969472,CCCCCCCC/C=C\CCCCCCCCOC(=O)CCCC1(CCCC(=O)OC(CCCCCCCC)CCCCCCCC)C=NC(C(=O)OCC)N1CCCN1CCN(CCCN)CC1,BL_2023_3CR,BL_2023_3CR,1
-2.5686905,0.3064123181969472,CCCCCCCC/C=C\CCCCCCCCOC(=O)CCCC1(CCCC(=O)OC(CCCCCCCC)CCCCCCCC)C=NC(C(=O)OC(C)(C)C)N1CCCN1CCN(CCCN)CC1,BL_2023_3CR,BL_2023_3CR,1
-4.3407264,0.3064123181969472,CCCCCCCC/C=C\CCCCCCCCOC(=O)CCCC(C=NC(C)(C)C)(CCCC(=O)OC(CCCCCCCC)CCCCCCCC)NCCCN1CCN(CCCN)CC1,BL_2023_3CR,BL_2023_3CR,1
-4.3762918,-0.1316805498256807,CCCCCCCC/C=C\CCCCCCCCOC(=O)CCCC(C=NCCCC)(CCCC(=O)OC(CCCCCCCC)CCCCCCCC)NCCCN1CCN(CCCN)CC1,BL_2023_3CR,BL_2023_3CR,1
-4.7404213,-0.1316805498256807,CCCCCCCC/C=C\CCCCCCCCOC(=O)CCCC(C=NC1CCCCC1)(CCCC(=O)OC(CCCCCCCC)CCCCCCCC)NCCCN1CCN(CCCN)CC1,BL_2023_3CR,BL_2023_3CR,1
-2.5268323,1.4555945410597697,CCCCCCC#CCCOC(=O)CCCC1(CCCC(=O)OCCCCCCCC/C=C\CCCCCCCC)C=NC(C(=O)OC)N1CCCN1CCN(CCCN)CC1,BL_2023_3CR,BL_2023_3CR,2
-2.6023204,1.2788768370336232,CCCCCCC#CCCOC(=O)CCCC1(CCCC(=O)OCCCCCCCC/C=C\CCCCCCCC)C=NC(C(=O)OCC)N1CCCN1CCN(CCCN)CC1,BL_2023_3CR,BL_2023_3CR,2
-1.973887,-0.0022533906995668,CCCCCCC#CCCOC(=O)CCCC1(CCCC(=O)OCCCCCCCC/C=C\CCCCCCCC)C=NC(C(=O)OC(C)(C)C)N1CCCN1CCN(CCCN)CC1,BL_2023_3CR,BL_2023_3CR,1
-4.3456492,-0.1316805498256807,CCCCCCC#CCCOC(=O)CCCC(C=NC(C)(C)C)(CCCC(=O)OCCCCCCCC/C=C\CCCCCCCC)NCCCN1CCN(CCCN)CC1,BL_2023_3CR,BL_2023_3CR,1
-5.2249665,-0.674095932295874,CCCCCCC#CCCOC(=O)CCCC(C=NCCCC)(CCCC(=O)OCCCCCCCC/C=C\CCCCCCCC)NCCCN1CCN(CCCN)CC1,BL_2023_3CR,BL_2023_3CR,0
-5.29645,-0.9529357821583856,CCCCCCC#CCCOC(=O)CCCC(C=NC1CCCCC1)(CCCC(=O)OCCCCCCCC/C=C\CCCCCCCC)NCCCN1CCN(CCCN)CC1,BL_2023_3CR,BL_2023_3CR,0
-2.6484284,-0.1316805498256807,CCCCCCCCCCCCOC(=O)CCCC1(CCCC(=O)OCCCCCCCCCCCC)C=NC(C(=O)OC)N1CCCN1CCN(CCCN)CC1,BL_2023_3CR,BL_2023_3CR,1
-1.5539149,-2.0177810199521136,CCCCCCCCCCCCOC(=O)CCCC1(CCCC(=O)OCCCCCCCCCCCC)C=NC(C(=O)OCC)N1CCCN1CCN(CCCN)CC1,BL_2023_3CR,BL_2023_3CR,0
-2.2871172,3.801570006586688,CCCCCCCCCCCCOC(=O)CCCC1(CCCC(=O)OCCCCCCCCCCCC)C=NC(C(=O)OC(C)(C)C)N1CCCN1CCN(CCCN)CC1,BL_2023_3CR,BL_2023_3CR,3
-3.9546266,-0.1316805498256807,CCCCCCCCCCCCOC(=O)CCCC(C=NC(C)(C)C)(CCCC(=O)OCCCCCCCCCCCC)NCCCN1CCN(CCCN)CC1,BL_2023_3CR,BL_2023_3CR,1
-3.3318737,-0.2810932383302653,CCCCCCCCCCCCOC(=O)CCCC(C=NCCCC)(CCCC(=O)OCCCCCCCCCCCC)NCCCN1CCN(CCCN)CC1,BL_2023_3CR,BL_2023_3CR,0
-3.8904634,-0.674095932295874,CCCCCCCCCCCCOC(=O)CCCC(C=NC1CCCCC1)(CCCC(=O)OCCCCCCCCCCCC)NCCCN1CCN(CCCN)CC1,BL_2023_3CR,BL_2023_3CR,0
-3.5560517,0.72835041143869,CCCCCCCCC(CCCCCCCC)OC(=O)CCCC1(CCCC(=O)OC(CCCCCCCC)CCCCCCCC)C=NC(C(=O)OC)N1CCCN1CCN(CCCN)CC1,BL_2023_3CR,BL_2023_3CR,1
-3.0790865,0.3064123181969472,CCCCCCCCC(CCCCCCCC)OC(=O)CCCC1(CCCC(=O)OC(CCCCCCCC)CCCCCCCC)C=NC(C(=O)OCC)N1CCCN1CCN(CCCN)CC1,BL_2023_3CR,BL_2023_3CR,1
-2.7289453,0.3064123181969472,CCCCCCCCC(CCCCCCCC)OC(=O)CCCC1(CCCC(=O)OC(CCCCCCCC)CCCCCCCC)C=NC(C(=O)OC(C)(C)C)N1CCCN1CCN(CCCN)CC1,BL_2023_3CR,BL_2023_3CR,1
-3.6557214,-0.1316805498256807,CCCCCCCCC(CCCCCCCC)OC(=O)CCCC(C=NC(C)(C)C)(CCCC(=O)OC(CCCCCCCC)CCCCCCCC)NCCCN1CCN(CCCN)CC1,BL_2023_3CR,BL_2023_3CR,1
-4.3040767,-2.0177810199521136,CCCCCCCCC(CCCCCCCC)OC(=O)CCCC(C=NCCCC)(CCCC(=O)OC(CCCCCCCC)CCCCCCCC)NCCCN1CCN(CCCN)CC1,BL_2023_3CR,BL_2023_3CR,0
-5.5533643,-0.4578109423564123,CCCCCCCCC(CCCCCCCC)OC(=O)CCCC(C=NC1CCCCC1)(CCCC(=O)OC(CCCCCCCC)CCCCCCCC)NCCCN1CCN(CCCN)CC1,BL_2023_3CR,BL_2023_3CR,0
-2.1433122,-0.1316805498256807,CCCCCCCC/C=C\CCCCCCCC1(CCCCCCC/C=C\CCCCCCCC)C=NC(C(=O)OC)N1CCCN1CCN(CCCN)CC1,BL_2023_3CR,BL_2023_3CR,1
-0.78003997,-0.1316805498256807,CCCCCCCC/C=C\CCCCCCCC1(CCCCCCC/C=C\CCCCCCCC)C=NC(C(=O)OCC)N1CCCN1CCN(CCCN)CC1,BL_2023_3CR,BL_2023_3CR,1
-1.0869529,-0.2810932383302653,CCCCCCCC/C=C\CCCCCCCC1(CCCCCCC/C=C\CCCCCCCC)C=NC(C(=O)OC(C)(C)C)N1CCCN1CCN(CCCN)CC1,BL_2023_3CR,BL_2023_3CR,0
-3.7372777,-0.1316805498256807,CCCCCCCC/C=C\CCCCCCCC(C=NC(C)(C)C)(CCCCCCC/C=C\CCCCCCCC)NCCCN1CCN(CCCN)CC1,BL_2023_3CR,BL_2023_3CR,1
-2.7575243,-0.4578109423564123,CCCCCCCC/C=C\CCCCCCCC(C=NCCCC)(CCCCCCC/C=C\CCCCCCCC)NCCCN1CCN(CCCN)CC1,BL_2023_3CR,BL_2023_3CR,0
-2.9741485,0.2140315992398948,CCCCCCCC/C=C\CCCCCCCC(C=NC1CCCCC1)(CCCCCCC/C=C\CCCCCCCC)NCCCN1CCN(CCCN)CC1,BL_2023_3CR,BL_2023_3CR,1
-6.8833265,0.591397232,C=CCCN(CCC(=O)OCCCCCCCCCC)CCC(=O)OCCCCCCCCCC,KW_2014,KW_2014,1
-6.4997416,0.446443697,C=CCCN(CCC(=O)OCCCCCCCCCCC)CCC(=O)OCCCCCCCCCCC,KW_2014,KW_2014,1
-5.9049063,0.376102158,C=CCCN(CCC(=O)OCCCCCCCCCCCC)CCC(=O)OCCCCCCCCCCCC,KW_2014,KW_2014,1
-5.8963594,0.27087172,C=CCCN(CCC(=O)OCCCCCCCCCCCCC)CCC(=O)OCCCCCCCCCCCCC,KW_2014,KW_2014,1
-6.1235065,0.005130584,C=CCCN(CCC(=O)OCCCCCCCCCCCCCC)CCC(=O)OCCCCCCCCCCCCCC,KW_2014,KW_2014,1
-4.534044,-0.90163303,CCCCCCCCCCCCCCOC(=O)CCN(C)c1ccc(Cc2ccc(N(CCC(=O)OCCCCCCCCCCCCCC)CCC(=O)OCCCCCCCCCCCCCC)cc2)cc1,KW_2014,KW_2014,0
-5.655767,-0.618139991,CCCCCCCCCCCCCCOC(=O)CCN(C)c1ccccc1N(CCC(=O)OCCCCCCCCCCCCCC)CCC(=O)OCCCCCCCCCCCCCC,KW_2014,KW_2014,0
-4.6577644,0.156406218,CCCCCCCCCCCCCCOC(=O)CCN(C)CCCCCCN(C)CCC(=O)OCCCCCCCCCCCCCC,KW_2014,KW_2014,1
-3.3452785,1.287129138,CCCCCCCCCCCCCCOC(=O)CCN(C)CCCN(CC)CCCN(C)CCC(=O)OCCCCCCCCCCCCCC,KW_2014,KW_2014,2
-4.575845,1.188358405,CCCCCCCCCCCCCCOC(=O)CCN(C)CCCN(CCC(=O)OCCCCCCCCCCCCCC)CCC(=O)OCCCCCCCCCCCCCC,KW_2014,KW_2014,2
-5.4798536,0.016347511,CCCCCCCCCCCCCCOC(=O)CCN(C)CCN(C)CCC(=O)OCCCCCCCCCCCCCC,KW_2014,KW_2014,1
-4.2104,0.284563878,CCCCCCCCCCCCCCOC(=O)CCN(C)CCN(CCC(=O)OCCCCCCCCCCCCCC)CCC(=O)OCCCCCCCCCCCCCC,KW_2014,KW_2014,1
-3.9794064,1.542183615,CCCCCCCCCCCCCCOC(=O)CCN(C)CCN(CCN(C)CCC(=O)OCCCCCCCCCCCCCC)CCN(C)CCC(=O)OCCCCCCCCCCCCCC,KW_2014,KW_2014,2
-4.179361,0.369067536,CCCCCCCCCCCCCCOC(=O)CCN(C)CCOCCN(C)CCC(=O)OCCCCCCCCCCCCCC,KW_2014,KW_2014,1
-4.091985,-0.267808716,CCCCCCCCCCCCCCOC(=O)CCN(C)CCOCCOCCN(C)CCC(=O)OCCCCCCCCCCCCCC,KW_2014,KW_2014,0
-4.091985,-0.000693688,CCCCCCCCCCCCCCOC(=O)CCN(C)CCOCCOCCN(C)CCC(=O)OCCCCCCCCCCCCCC,KW_2014,KW_2014,1
-3.753696,-0.018177875,CCCCCCCCCCCCCCOC(=O)CCN(c1ccccc1)c1ccc(-c2ccc(N(CCC(=O)OCCCCCCCCCCCCCC)c3ccccc3)cc2)cc1,KW_2014,KW_2014,1
-4.166957,1.006942447,CCCCCCCCCCCCCCOC(=O)CCN(CC)CCCN(CC)CCC(=O)OCCCCCCCCCCCCCC,KW_2014,KW_2014,2
-6.0475545,0.126303201,CCCCCCCCCCCCCCOC(=O)CCN(CC)CCN(CC)CCC(=O)OCCCCCCCCCCCCCC,KW_2014,KW_2014,1
-4.1491246,0.558413746,CCCCCCCCCCCCCCOC(=O)CCN(CC)CCN(CCC(=O)OCCCCCCCCCCCCCC)CCC(=O)OCCCCCCCCCCCCCC,KW_2014,KW_2014,1
-7.261173,0.090284279,CCCCCCCCCCCCCCOC(=O)CCN(CCC(=O)OCCCCCCCCCCCCCC)[C@H](c1ccccc1)[C@H](c1ccccc1)N(CCC(=O)OCCCCCCCCCCCCCC)CCC(=O)OCCCCCCCCCCCCCC,KW_2014,KW_2014,1
-5.0977116,1.114244624,CCCCCCCCCCCCCCOC(=O)CCN(CCC(=O)OCCCCCCCCCCCCCC)[C@@H](CO)CC(C)C,KW_2014,KW_2014,2
-5.0977116,2.652444137,CCCCCCCCCCCCCCOC(=O)CCN(CCC(=O)OCCCCCCCCCCCCCC)[C@@H](CO)CC(C)C,KW_2014,KW_2014,2
-5.7488074,0.70502409,CCCCCCCCCCCCCCOC(=O)CCN(CCC(=O)OCCCCCCCCCCCCCC)[C@@H]1CCCC[C@H]1N(CCC(=O)OCCCCCCCCCCCCCC)CCC(=O)OCCCCCCCCCCCCCC,KW_2014,KW_2014,1
-5.7468166,0.046852111,CCCCCCCCCCCCCCOC(=O)CCN(CCC(=O)OCCCCCCCCCCCCCC)[C@H]1CC[C@H](N(CCC(=O)OCCCCCCCCCCCCCC)CCC(=O)OCCCCCCCCCCCCCC)CC1,KW_2014,KW_2014,1
-5.7488074,1.545845426,CCCCCCCCCCCCCCOC(=O)CCN(CCC(=O)OCCCCCCCCCCCCCC)[C@@H]1CCCC[C@@H]1N(CCC(=O)OCCCCCCCCCCCCCC)CCC(=O)OCCCCCCCCCCCCCC,KW_2014,KW_2014,2
-4.1527753,-0.487038893,CCCCCCCCCCCCCCOC(=O)CCN(CCC(=O)OCCCCCCCCCCCCCC)C(=O)C1CCCN1C,KW_2014,KW_2014,0
-5.1214714,-0.36090019,CCCCCCCCCCCCCCOC(=O)CCN(CCC(=O)OCCCCCCCCCCCCCC)C(C)(C)C,KW_2014,KW_2014,0
-5.0925574,-0.739247226,CCCCCCCCCCCCCCOC(=O)CCN(CCC(=O)OCCCCCCCCCCCCCC)C(C)(C)CC,KW_2014,KW_2014,0
-4.620044,-0.454068115,CCCCCCCCCCCCCCOC(=O)CCN(CCC(=O)OCCCCCCCCCCCCCC)C(C)(C)CC(C)(C)C,KW_2014,KW_2014,0
-1.7022867,-0.186220187,CCCCCCCCCCCCCCOC(=O)CCN(CCC(=O)OCCCCCCCCCCCCCC)C(C)(CO)CO,KW_2014,KW_2014,1
-6.0407166,-0.221497938,CCCCCCCCCCCCCCOC(=O)CCN(CCC(=O)OCCCCCCCCCCCCCC)C(C)C,KW_2014,KW_2014,0
-5.560798,-0.304309722,CCCCCCCCCCCCCCOC(=O)CCN(CCC(=O)OCCCCCCCCCCCCCC)C(C)C(C)C,KW_2014,KW_2014,0
-6.9808373,-0.78918011,CCCCCCCCCCCCCCOC(=O)CCN(CCC(=O)OCCCCCCCCCCCCCC)C(C)c1ccc(C)cc1,KW_2014,KW_2014,0
-5.819426,-0.655217637,CCCCCCCCCCCCCCOC(=O)CCN(CCC(=O)OCCCCCCCCCCCCCC)C(C)CC,KW_2014,KW_2014,0
-5.9357495,-0.487731463,CCCCCCCCCCCCCCOC(=O)CCN(CCC(=O)OCCCCCCCCCCCCCC)C(C)CCC,KW_2014,KW_2014,0
-5.7038045,-0.155007835,CCCCCCCCCCCCCCOC(=O)CCN(CCC(=O)OCCCCCCCCCCCCCC)C(C)CO,KW_2014,KW_2014,1
-4.512289,-0.528237606,CCCCCCCCCCCCCCOC(=O)CCN(CCC(=O)OCCCCCCCCCCCCCC)C(c1ccccc1)(c1ccccc1)c1ccccc1,KW_2014,KW_2014,0
-5.5510674,0.115357729,CCCCCCCCCCCCCCOC(=O)CCN(CCC(=O)OCCCCCCCCCCCCCC)C(c1ccccc1)c1ccccc1,KW_2014,KW_2014,1
-6.3126206,0.012113926,CCCCCCCCCCCCCCOC(=O)CCN(CCC(=O)OCCCCCCCCCCCCCC)C(CC)CC,KW_2014,KW_2014,1
-3.9179933,-0.349214715,CCCCCCCCCCCCCCOC(=O)CCN(CCC(=O)OCCCCCCCCCCCCCC)C(CO)(CO)CO,KW_2014,KW_2014,0
-6.6153445,-0.275348065,CCCCCCCCCCCCCCOC(=O)CCN(CCC(=O)OCCCCCCCCCCCCCC)C(CO)C(C)(C)C,KW_2014,KW_2014,0
-4.5791807,-1.277147572,CCCCCCCCCCCCCCOC(=O)CCN(CCC(=O)OCCCCCCCCCCCCCC)C[C@@H](C)O,KW_2014,KW_2014,0
-3.8335788,0.675300121,CCCCCCCCCCCCCCOC(=O)CCN(CCC(=O)OCCCCCCCCCCCCCC)C[C@@H]1CCCN1CC,KW_2014,KW_2014,1
-3.8335788,0.378946877,CCCCCCCCCCCCCCOC(=O)CCN(CCC(=O)OCCCCCCCCCCCCCC)C[C@H]1CCCN1CC,KW_2014,KW_2014,1
-4.358305,-0.285687998,CCCCCCCCCCCCCCOC(=O)CCN(CCC(=O)OCCCCCCCCCCCCCC)C12C[C@H]3C[C@@H](C1)C[C@@H](C2)C3,KW_2014,KW_2014,0
-3.6295955,-0.330279959,CCCCCCCCCCCCCCOC(=O)CCN(CCC(=O)OCCCCCCCCCCCCCC)c1c(-c2ccccc2)cc(-c2ccccc2)cc1-c1ccccc1,KW_2014,KW_2014,0
-5.3657527,-0.765396581,CCCCCCCCCCCCCCOC(=O)CCN(CCC(=O)OCCCCCCCCCCCCCC)c1c(C)c(C)c(N(CCC(=O)OCCCCCCCCCCCCCC)CCC(=O)OCCCCCCCCCCCCCC)c(C)c1C,KW_2014,KW_2014,0
-6.4087143,0.408566264,CCCCCCCCCCCCCCOC(=O)CCN(CCC(=O)OCCCCCCCCCCCCCC)c1c(C)cc(-c2cc(C)c(N(CCC(=O)OCCCCCCCCCCCCCC)CCC(=O)OCCCCCCCCCCCCCC)c(C)c2)cc1C,KW_2014,KW_2014,1
-4.9917336,-0.207761799,CCCCCCCCCCCCCCOC(=O)CCN(CCC(=O)OCCCCCCCCCCCCCC)c1c(CC)cccc1CC,KW_2014,KW_2014,1
-4.7715273,-0.607636547,CCCCCCCCCCCCCCOC(=O)CCN(CCC(=O)OCCCCCCCCCCCCCC)c1c(F)cc(F)cc1F,KW_2014,KW_2014,0
-4.9561553,0.211808996,CCCCCCCCCCCCCCOC(=O)CCN(CCC(=O)OCCCCCCCCCCCCCC)c1c(N(CCC(=O)OCCCCCCCCCCCCCC)CCC(=O)OCCCCCCCCCCCCCC)c2ccccc2c2ccccc12,KW_2014,KW_2014,1
-6.117839,-0.684204406,CCCCCCCCCCCCCCOC(=O)CCN(CCC(=O)OCCCCCCCCCCCCCC)c1cc(C(C)(C)C)ccc1C(C)(C)C,KW_2014,KW_2014,0
-5.46271,-0.504564287,CCCCCCCCCCCCCCOC(=O)CCN(CCC(=O)OCCCCCCCCCCCCCC)c1cc(C(C)(C)C)ccc1OC,KW_2014,KW_2014,0
-6.764217,-1.277147572,CCCCCCCCCCCCCCOC(=O)CCN(CCC(=O)OCCCCCCCCCCCCCC)c1cc(C)c(C)cc1N(CCC(=O)OCCCCCCCCCCCCCC)CCC(=O)OCCCCCCCCCCCCCC,KW_2014,KW_2014,0
-4.578908,-0.404286285,CCCCCCCCCCCCCCOC(=O)CCN(CCC(=O)OCCCCCCCCCCCCCC)c1cc(F)c(F)c(F)c1,KW_2014,KW_2014,0
-3.8508573,0.54877782,CCCCCCCCCCCCCCOC(=O)CCN(CCC(=O)OCCCCCCCCCCCCCC)c1cc(F)cc(F)c1,KW_2014,KW_2014,1
-4.9186893,-0.020086967,CCCCCCCCCCCCCCOC(=O)CCN(CCC(=O)OCCCCCCCCCCCCCC)c1cc(F)ccc1F,KW_2014,KW_2014,1
-5.365866,-1.204487396,CCCCCCCCCCCCCCOC(=O)CCN(CCC(=O)OCCCCCCCCCCCCCC)c1cc(OC)ccc1OC,KW_2014,KW_2014,0
-5.673447,-0.145214886,CCCCCCCCCCCCCCOC(=O)CCN(CCC(=O)OCCCCCCCCCCCCCC)C1CC1,KW_2014,KW_2014,1
-4.411989,-0.38725356,CCCCCCCCCCCCCCOC(=O)CCN(CCC(=O)OCCCCCCCCCCCCCC)C1CC2CCC1C2,KW_2014,KW_2014,0
-5.516804,-1.10774729,CCCCCCCCCCCCCCOC(=O)CCN(CCC(=O)OCCCCCCCCCCCCCC)C1Cc2ccccc2C1,KW_2014,KW_2014,0
-6.329734,-0.298817894,CCCCCCCCCCCCCCOC(=O)CCN(CCC(=O)OCCCCCCCCCCCCCC)c1ccc(-c2ccc(N(CCC(=O)OCCCCCCCCCCCCCC)CCC(=O)OCCCCCCCCCCCCCC)c(C)c2)cc1C,KW_2014,KW_2014,0
-6.745991,-0.438385076,CCCCCCCCCCCCCCOC(=O)CCN(CCC(=O)OCCCCCCCCCCCCCC)c1ccc(-c2ccc(N(CCC(=O)OCCCCCCCCCCCCCC)CCC(=O)OCCCCCCCCCCCCCC)c(N(CCC(=O)OCCCCCCCCCCCCCC)CCC(=O)OCCCCCCCCCCCCCC)c2)cc1N(CCC(=O)OCCCCCCCCCCCCCC)CCC(=O)OCCCCCCCCCCCCCC,KW_2014,KW_2014,0
-4.2959514,-0.938193003,CCCCCCCCCCCCCCOC(=O)CCN(CCC(=O)OCCCCCCCCCCCCCC)c1ccc(-c2ccccc2)cc1,KW_2014,KW_2014,0
-5.950886,-0.183629976,CCCCCCCCCCCCCCOC(=O)CCN(CCC(=O)OCCCCCCCCCCCCCC)c1ccc(C(C)(C)C)cc1,KW_2014,KW_2014,1
-5.3910174,0.011010023,CCCCCCCCCCCCCCOC(=O)CCN(CCC(=O)OCCCCCCCCCCCCCC)c1ccc(C(C)C)cc1,KW_2014,KW_2014,1
-5.4899473,-0.264970109,CCCCCCCCCCCCCCOC(=O)CCN(CCC(=O)OCCCCCCCCCCCCCC)c1ccc(C)c(F)c1,KW_2014,KW_2014,0
-7.1120076,-0.217982887,CCCCCCCCCCCCCCOC(=O)CCN(CCC(=O)OCCCCCCCCCCCCCC)c1ccc(C)c(N(CCC(=O)OCCCCCCCCCCCCCC)CCC(=O)OCCCCCCCCCCCCCC)c1,KW_2014,KW_2014,0
-6.7064204,0.197131989,CCCCCCCCCCCCCCOC(=O)CCN(CCC(=O)OCCCCCCCCCCCCCC)c1ccc(C)cc1N(CCC(=O)OCCCCCCCCCCCCCC)CCC(=O)OCCCCCCCCCCCCCC,KW_2014,KW_2014,1
-4.924599,0.167705626,CCCCCCCCCCCCCCOC(=O)CCN(CCC(=O)OCCCCCCCCCCCCCC)c1ccc(C2(c3ccc(N(CCC(=O)OCCCCCCCCCCCCCC)CCC(=O)OCCCCCCCCCCCCCC)cc3)c3ccccc3-c3ccccc32)cc1,KW_2014,KW_2014,1
-4.9367394,0.051876036,CCCCCCCCCCCCCCOC(=O)CCN(CCC(=O)OCCCCCCCCCCCCCC)C1CCC(CC2CCC(N(CCC(=O)OCCCCCCCCCCCCCC)CCC(=O)OCCCCCCCCCCCCCC)C(C)C2)CC1C,KW_2014,KW_2014,1
-6.9026146,-0.37612334,CCCCCCCCCCCCCCOC(=O)CCN(CCC(=O)OCCCCCCCCCCCCCC)c1ccc(Cc2ccc(N(CCC(=O)OCCCCCCCCCCCCCC)CCC(=O)OCCCCCCCCCCCCCC)cc2)cc1,KW_2014,KW_2014,0
-4.2451634,-1.277147572,CCCCCCCCCCCCCCOC(=O)CCN(CCC(=O)OCCCCCCCCCCCCCC)c1ccc(F)c(F)c1,KW_2014,KW_2014,0
-5.591603,-0.425367698,CCCCCCCCCCCCCCOC(=O)CCN(CCC(=O)OCCCCCCCCCCCCCC)c1ccc(F)cc1,KW_2014,KW_2014,0
-4.670064,0.337564472,CCCCCCCCCCCCCCOC(=O)CCN(CCC(=O)OCCCCCCCCCCCCCC)c1ccc(F)cc1C(F)(F)F,KW_2014,KW_2014,1
-5.9526386,-0.426489373,CCCCCCCCCCCCCCOC(=O)CCN(CCC(=O)OCCCCCCCCCCCCCC)c1ccc(N(CCC(=O)OCCCCCCCCCCCCCC)c2ccccc2)cc1,KW_2014,KW_2014,0
-6.6988626,-0.390211644,CCCCCCCCCCCCCCOC(=O)CCN(CCC(=O)OCCCCCCCCCCCCCC)c1ccc(N(CCC(=O)OCCCCCCCCCCCCCC)CCC(=O)OCCCCCCCCCCCCCC)cc1,KW_2014,KW_2014,0
-5.684765,-0.091430542,CCCCCCCCCCCCCCOC(=O)CCN(CCC(=O)OCCCCCCCCCCCCCC)c1ccc(OC(F)(F)F)cc1,KW_2014,KW_2014,1
-5.5249705,-0.591290225,CCCCCCCCCCCCCCOC(=O)CCN(CCC(=O)OCCCCCCCCCCCCCC)c1ccc(OC(F)F)cc1,KW_2014,KW_2014,0
-5.174768,-0.047160642,CCCCCCCCCCCCCCOC(=O)CCN(CCC(=O)OCCCCCCCCCCCCCC)c1ccc(OC)c(F)c1,KW_2014,KW_2014,1
-4.6821547,-0.196664844,CCCCCCCCCCCCCCOC(=O)CCN(CCC(=O)OCCCCCCCCCCCCCC)c1ccc(Oc2ccc(F)cc2)cc1,KW_2014,KW_2014,1
-5.7606096,0.145177858,CCCCCCCCCCCCCCOC(=O)CCN(CCC(=O)OCCCCCCCCCCCCCC)c1ccc(Oc2ccc(N(CCC(=O)OCCCCCCCCCCCCCC)CCC(=O)OCCCCCCCCCCCCCC)cc2)cc1,KW_2014,KW_2014,1
-5.3337593,-0.205617641,CCCCCCCCCCCCCCOC(=O)CCN(CCC(=O)OCCCCCCCCCCCCCC)c1ccc(Oc2ccccc2)cc1,KW_2014,KW_2014,1
-5.3111243,-0.46195385,CCCCCCCCCCCCCCOC(=O)CCN(CCC(=O)OCCCCCCCCCCCCCC)c1ccc(OCCCCCCCC)cc1,KW_2014,KW_2014,0
-6.059766,-0.677990531,CCCCCCCCCCCCCCOC(=O)CCN(CCC(=O)OCCCCCCCCCCCCCC)C1CCC1,KW_2014,KW_2014,0
-6.5208974,-0.077265066,CCCCCCCCCCCCCCOC(=O)CCN(CCC(=O)OCCCCCCCCCCCCCC)c1ccc2c(c1)Cc1cc(N(CCC(=O)OCCCCCCCCCCCCCC)CCC(=O)OCCCCCCCCCCCCCC)ccc1-2,KW_2014,KW_2014,1
-5.2742453,-0.530447184,CCCCCCCCCCCCCCOC(=O)CCN(CCC(=O)OCCCCCCCCCCCCCC)c1ccc2c(c1)CCCC2,KW_2014,KW_2014,0
-5.206373,2.369891543,CCCCCCCCCCCCCCOC(=O)CCN(CCC(=O)OCCCCCCCCCCCCCC)c1ccc2c(c1)OCCO2,KW_2014,KW_2014,2
-4.75523,-1.277147572,CCCCCCCCCCCCCCOC(=O)CCN(CCC(=O)OCCCCCCCCCCCCCC)c1ccc2c(c1)OCO2,KW_2014,KW_2014,0
-4.0426016,-1.277147572,CCCCCCCCCCCCCCOC(=O)CCN(CCC(=O)OCCCCCCCCCCCCCC)c1ccc2cc3ccccc3cc2c1,KW_2014,KW_2014,0
-5.463551,0.97949762,CCCCCCCCCCCCCCOC(=O)CCN(CCC(=O)OCCCCCCCCCCCCCC)C1CCc2ccccc21,KW_2014,KW_2014,2
-5.8580136,-0.747541331,CCCCCCCCCCCCCCOC(=O)CCN(CCC(=O)OCCCCCCCCCCCCCC)c1ccc2ccccc2c1-c1c(N(CCC(=O)OCCCCCCCCCCCCCC)CCC(=O)OCCCCCCCCCCCCCC)ccc2ccccc12,KW_2014,KW_2014,0
-4.37704,0.067714876,CCCCCCCCCCCCCCOC(=O)CCN(CCC(=O)OCCCCCCCCCCCCCC)c1cccc(-c2ccccc2)c1,KW_2014,KW_2014,1
-5.042707,0.105695004,CCCCCCCCCCCCCCOC(=O)CCN(CCC(=O)OCCCCCCCCCCCCCC)c1cccc(C(F)(F)F)c1,KW_2014,KW_2014,1
-6.8028836,-0.904072277,CCCCCCCCCCCCCCOC(=O)CCN(CCC(=O)OCCCCCCCCCCCCCC)c1cccc(C)c1N(CCC(=O)OCCCCCCCCCCCCCC)CCC(=O)OCCCCCCCCCCCCCC,KW_2014,KW_2014,0
-5.040702,-1.229021459,CCCCCCCCCCCCCCOC(=O)CCN(CCC(=O)OCCCCCCCCCCCCCC)c1cccc(F)c1,KW_2014,KW_2014,0
-5.586509,0.689252154,CCCCCCCCCCCCCCOC(=O)CCN(CCC(=O)OCCCCCCCCCCCCCC)C1CCCC(N(CCC(=O)OCCCCCCCCCCCCCC)CCC(=O)OCCCCCCCCCCCCCC)C1,KW_2014,KW_2014,1
-6.5336347,-1.15673203,CCCCCCCCCCCCCCOC(=O)CCN(CCC(=O)OCCCCCCCCCCCCCC)c1cccc(N(CCC(=O)OCCCCCCCCCCCCCC)CCC(=O)OCCCCCCCCCCCCCC)c1,KW_2014,KW_2014,0
-6.3821354,-0.704354176,CCCCCCCCCCCCCCOC(=O)CCN(CCC(=O)OCCCCCCCCCCCCCC)c1cccc(N(CCC(=O)OCCCCCCCCCCCCCC)CCC(=O)OCCCCCCCCCCCCCC)c1C,KW_2014,KW_2014,0
-5.421586,-1.277147572,CCCCCCCCCCCCCCOC(=O)CCN(CCC(=O)OCCCCCCCCCCCCCC)c1cccc(OC(C)C)c1,KW_2014,KW_2014,0
-4.6974936,-0.85227916,CCCCCCCCCCCCCCOC(=O)CCN(CCC(=O)OCCCCCCCCCCCCCC)c1cccc(OCc2ccccc2)c1,KW_2014,KW_2014,0
-4.9564714,-0.239810845,CCCCCCCCCCCCCCOC(=O)CCN(CCC(=O)OCCCCCCCCCCCCCC)c1cccc2c1CCC2,KW_2014,KW_2014,0
-5.968414,-0.303727285,CCCCCCCCCCCCCCOC(=O)CCN(CCC(=O)OCCCCCCCCCCCCCC)c1cccc2cccc(N(CCC(=O)OCCCCCCCCCCCCCC)CCC(=O)OCCCCCCCCCCCCCC)c12,KW_2014,KW_2014,0
-5.506703,-0.760997653,CCCCCCCCCCCCCCOC(=O)CCN(CCC(=O)OCCCCCCCCCCCCCC)C1CCCCC1,KW_2014,KW_2014,0
-5.504488,-1.085197261,CCCCCCCCCCCCCCOC(=O)CCN(CCC(=O)OCCCCCCCCCCCCCC)c1ccccc1C(C)(C)C,KW_2014,KW_2014,0
-5.4293733,-0.502786152,CCCCCCCCCCCCCCOC(=O)CCN(CCC(=O)OCCCCCCCCCCCCCC)c1ccccc1C(C)C,KW_2014,KW_2014,0
-4.98731,-0.575650182,CCCCCCCCCCCCCCOC(=O)CCN(CCC(=O)OCCCCCCCCCCCCCC)c1ccccc1Cc1ccccc1,KW_2014,KW_2014,0
-5.584848,-1.110277235,CCCCCCCCCCCCCCOC(=O)CCN(CCC(=O)OCCCCCCCCCCCCCC)c1ccccc1N(CCC(=O)OCCCCCCCCCCCCCC)c1ccccc1,KW_2014,KW_2014,0
-5.72232,-0.073563604,CCCCCCCCCCCCCCOC(=O)CCN(CCC(=O)OCCCCCCCCCCCCCC)c1ccccc1OC,KW_2014,KW_2014,1
-5.467609,-0.742272899,CCCCCCCCCCCCCCOC(=O)CCN(CCC(=O)OCCCCCCCCCCCCCC)c1ccccc1Oc1ccccc1,KW_2014,KW_2014,0
-5.7579017,-1.277147572,CCCCCCCCCCCCCCOC(=O)CCN(CCC(=O)OCCCCCCCCCCCCCC)c1ccccc1OCC,KW_2014,KW_2014,0
-5.3310223,-0.199999698,CCCCCCCCCCCCCCOC(=O)CCN(CCC(=O)OCCCCCCCCCCCCCC)C1CCCCCCC1,KW_2014,KW_2014,1
-6.3051753,-0.91934152,CCCCCCCCCCCCCCOC(=O)CCN(CCC(=O)OCCCCCCCCCCCCCC)C1CCN(C)CC1,KW_2014,KW_2014,0
-5.560256,0.411723217,CCCCCCCCCCCCCCOC(=O)CCN(CCC(=O)OCCCCCCCCCCCCCC)c1nc(N(CCC(=O)OCCCCCCCCCCCCCC)CCC(=O)OCCCCCCCCCCCCCC)nc(N(CCC(=O)OCCCCCCCCCCCCCC)CCC(=O)OCCCCCCCCCCCCCC)n1,KW_2014,KW_2014,1
-5.3504276,-0.610072025,CCCCCCCCCCCCCCOC(=O)CCN(CCC(=O)OCCCCCCCCCCCCCC)CC(=O)N(C)c1ccccc1,KW_2014,KW_2014,0
-6.4096384,-0.308736391,CCCCCCCCCCCCCCOC(=O)CCN(CCC(=O)OCCCCCCCCCCCCCC)CC(C)(C)CN(C)C,KW_2014,KW_2014,0
-7.2572355,0.347943924,CCCCCCCCCCCCCCOC(=O)CCN(CCC(=O)OCCCCCCCCCCCCCC)CC(C)(C)CO,KW_2014,KW_2014,1
-6.411121,-0.327149126,CCCCCCCCCCCCCCOC(=O)CCN(CCC(=O)OCCCCCCCCCCCCCC)CC(C)C,KW_2014,KW_2014,0
-6.8444223,-0.2176814,CCCCCCCCCCCCCCOC(=O)CCN(CCC(=O)OCCCCCCCCCCCCCC)CC(C)CC,KW_2014,KW_2014,0
-5.1092944,-0.510237207,CCCCCCCCCCCCCCOC(=O)CCN(CCC(=O)OCCCCCCCCCCCCCC)CC(C)N(CCC(=O)OCCCCCCCCCCCCCC)CCC(=O)OCCCCCCCCCCCCCC,KW_2014,KW_2014,0
-6.385247,-1.077235272,CCCCCCCCCCCCCCOC(=O)CCN(CCC(=O)OCCCCCCCCCCCCCC)CC(CC)CCCC,KW_2014,KW_2014,0
-3.7492597,-0.15891686,CCCCCCCCCCCCCCOC(=O)CCN(CCC(=O)OCCCCCCCCCCCCCC)CC(OC)OC,KW_2014,KW_2014,1
-4.8750925,-0.321005101,CCCCCCCCCCCCCCOC(=O)CCN(CCC(=O)OCCCCCCCCCCCCCC)CC[C@H](C)O,KW_2014,KW_2014,0
-4.9263697,-0.056201453,CCCCCCCCCCCCCCOC(=O)CCN(CCC(=O)OCCCCCCCCCCCCCC)CC1(C)CC(N(CCC(=O)OCCCCCCCCCCCCCC)CCC(=O)OCCCCCCCCCCCCCC)CC(C)(C)C1,KW_2014,KW_2014,1
-5.210765,-0.390601801,CCCCCCCCCCCCCCOC(=O)CCN(CCC(=O)OCCCCCCCCCCCCCC)CC12C[C@H]3C[C@@H](C1)C[C@@H](C2)C3,KW_2014,KW_2014,0
-5.767965,-1.271661851,CCCCCCCCCCCCCCOC(=O)CCN(CCC(=O)OCCCCCCCCCCCCCC)Cc1cc(C)c(OC)c(OC)c1,KW_2014,KW_2014,0
-6.688112,0.465810856,CCCCCCCCCCCCCCOC(=O)CCN(CCC(=O)OCCCCCCCCCCCCCC)Cc1cc(F)ccc1F,KW_2014,KW_2014,1
-6.2500763,-0.087216451,CCCCCCCCCCCCCCOC(=O)CCN(CCC(=O)OCCCCCCCCCCCCCC)CC1CCC(CN(CCC(=O)OCCCCCCCCCCCCCC)CCC(=O)OCCCCCCCCCCCCCC)CC1,KW_2014,KW_2014,1
-5.9538918,-0.176297969,CCCCCCCCCCCCCCOC(=O)CCN(CCC(=O)OCCCCCCCCCCCCCC)CC1CCCC(CN(CCC(=O)OCCCCCCCCCCCCCC)CCC(=O)OCCCCCCCCCCCCCC)C1,KW_2014,KW_2014,1
-5.441727,3.667275901,CCCCCCCCCCCCCCOC(=O)CCN(CCC(=O)OCCCCCCCCCCCCCC)Cc1cccc(CN(CCC(=O)OCCCCCCCCCCCCCC)CCC(=O)OCCCCCCCCCCCCCC)c1,KW_2014,KW_2014,2
-6.2587886,0.037508757,CCCCCCCCCCCCCCOC(=O)CCN(CCC(=O)OCCCCCCCCCCCCCC)Cc1cccc(F)c1,KW_2014,KW_2014,1
-5.5554914,-1.196686151,CCCCCCCCCCCCCCOC(=O)CCN(CCC(=O)OCCCCCCCCCCCCCC)Cc1cccc(N(CCC(=O)OCCCCCCCCCCCCCC)CCC(=O)OCCCCCCCCCCCCCC)c1,KW_2014,KW_2014,0
-5.932814,-0.851248177,CCCCCCCCCCCCCCOC(=O)CCN(CCC(=O)OCCCCCCCCCCCCCC)CC1CCCCC1,KW_2014,KW_2014,0
-6.0202456,-0.49715314,CCCCCCCCCCCCCCOC(=O)CCN(CCC(=O)OCCCCCCCCCCCCCC)Cc1ccccc1F,KW_2014,KW_2014,0
-6.8499317,-1.277147572,CCCCCCCCCCCCCCOC(=O)CCN(CCC(=O)OCCCCCCCCCCCCCC)Cc1ccccc1N(CCC(=O)OCCCCCCCCCCCCCC)CCC(=O)OCCCCCCCCCCCCCC,KW_2014,KW_2014,0
-5.8939843,-0.590206323,CCCCCCCCCCCCCCOC(=O)CCN(CCC(=O)OCCCCCCCCCCCCCC)Cc1ccccc1OC,KW_2014,KW_2014,0
-6.3458786,-0.627775958,CCCCCCCCCCCCCCOC(=O)CCN(CCC(=O)OCCCCCCCCCCCCCC)Cc1ccccc1OCC,KW_2014,KW_2014,0
-5.5790343,0.633589447,CCCCCCCCCCCCCCOC(=O)CCN(CCC(=O)OCCCCCCCCCCCCCC)CC1CCCN1C,KW_2014,KW_2014,1
-5.016312,-0.58590166,CCCCCCCCCCCCCCOC(=O)CCN(CCC(=O)OCCCCCCCCCCCCCC)CC1CCCN1CCC(=O)OCCCCCCCCCCCCCC,KW_2014,KW_2014,0
-5.1613026,-0.174250424,CCCCCCCCCCCCCCOC(=O)CCN(CCC(=O)OCCCCCCCCCCCCCC)CC1CCCO1,KW_2014,KW_2014,1
-6.0397615,0.141973353,CCCCCCCCCCCCCCOC(=O)CCN(CCC(=O)OCCCCCCCCCCCCCC)CC1CCN(C)CC1,KW_2014,KW_2014,1
-5.143977,-0.082480441,CCCCCCCCCCCCCCOC(=O)CCN(CCC(=O)OCCCCCCCCCCCCCC)CC1COC(C)(C)O1,KW_2014,KW_2014,1
-6.211675,0.332979664,CCCCCCCCCCCCCCOC(=O)CCN(CCC(=O)OCCCCCCCCCCCCCC)Cc1nccn1C,KW_2014,KW_2014,1
-5.6554317,-0.219671821,CCCCCCCCCCCCCCOC(=O)CCN(CCC(=O)OCCCCCCCCCCCCCC)CCC(=O)N1CCN(CCC(=O)OCCCCCCCCCCCCCC)CC1,KW_2014,KW_2014,0
-6.167509,-0.223818465,CCCCCCCCCCCCCCOC(=O)CCN(CCC(=O)OCCCCCCCCCCCCCC)CCC(C)(C)C,KW_2014,KW_2014,0
-5.99824,-0.576141635,CCCCCCCCCCCCCCOC(=O)CCN(CCC(=O)OCCCCCCCCCCCCCC)CCC(C)C,KW_2014,KW_2014,0
-5.6140747,0.003546701,CCCCCCCCCCCCCCOC(=O)CCN(CCC(=O)OCCCCCCCCCCCCCC)CCC(c1ccccc1)c1ccccc1,KW_2014,KW_2014,1
-5.2879014,0.157650232,CCCCCCCCCCCCCCOC(=O)CCN(CCC(=O)OCCCCCCCCCCCCCC)CCC1CCC(C)CC1,KW_2014,KW_2014,1
-5.301546,-0.463432675,CCCCCCCCCCCCCCOC(=O)CCN(CCC(=O)OCCCCCCCCCCCCCC)CCC1CCC(CC)CC1,KW_2014,KW_2014,0
-4.80887,-0.161281642,CCCCCCCCCCCCCCOC(=O)CCN(CCC(=O)OCCCCCCCCCCCCCC)CCc1ccc(OC)c(OC)c1,KW_2014,KW_2014,1
-5.063946,-0.60167678,CCCCCCCCCCCCCCOC(=O)CCN(CCC(=O)OCCCCCCCCCCCCCC)CCc1ccc(OC)cc1,KW_2014,KW_2014,0
-5.9990144,-1.166544229,CCCCCCCCCCCCCCOC(=O)CCN(CCC(=O)OCCCCCCCCCCCCCC)CCc1ccccc1F,KW_2014,KW_2014,0
-6.3465495,-0.391445478,CCCCCCCCCCCCCCOC(=O)CCN(CCC(=O)OCCCCCCCCCCCCCC)CCC1OCCO1,KW_2014,KW_2014,0
-4.8923154,-0.144095072,CCCCCCCCCCCCCCOC(=O)CCN(CCC(=O)OCCCCCCCCCCCCCC)CCN(C(C)C)C(C)C,KW_2014,KW_2014,1
-5.284458,0.332979664,CCCCCCCCCCCCCCOC(=O)CCN(CCC(=O)OCCCCCCCCCCCCCC)CCN(C)C,KW_2014,KW_2014,1
-3.9415123,3.9498073,CCCCCCCCCCCCCCOC(=O)CCN(CCC(=O)OCCCCCCCCCCCCCC)CCN(C)CCCN(C)CCN(CCC(=O)OCCCCCCCCCCCCCC)CCC(=O)OCCCCCCCCCCCCCC,KW_2014,KW_2014,2
-3.7837794,4.544497192,CCCCCCCCCCCCCCOC(=O)CCN(CCC(=O)OCCCCCCCCCCCCCC)CCN(C)CCN(C)CCN(CCC(=O)OCCCCCCCCCCCCCC)CCC(=O)OCCCCCCCCCCCCCC,KW_2014,KW_2014,3
-4.840137,3.544862966,CCCCCCCCCCCCCCOC(=O)CCN(CCC(=O)OCCCCCCCCCCCCCC)CCN(C)CCN(CCC(=O)OCCCCCCCCCCCCCC)CCC(=O)OCCCCCCCCCCCCCC,KW_2014,KW_2014,2
-3.725226,3.499412855,CCCCCCCCCCCCCCOC(=O)CCN(CCC(=O)OCCCCCCCCCCCCCC)CCN(CC)CCN(CC)CCN(CCC(=O)OCCCCCCCCCCCCCC)CCC(=O)OCCCCCCCCCCCCCC,KW_2014,KW_2014,2
-4.5766125,-1.277147572,CCCCCCCCCCCCCCOC(=O)CCN(CCC(=O)OCCCCCCCCCCCCCC)CCN(CCC(=O)OCCCCCCCCCCCCCC)C(C)C,KW_2014,KW_2014,0
-6.5781455,-0.625662708,CCCCCCCCCCCCCCOC(=O)CCN(CCC(=O)OCCCCCCCCCCCCCC)CCN(CCC(=O)OCCCCCCCCCCCCCC)c1ccccc1,KW_2014,KW_2014,0
-5.5258107,-0.821102469,CCCCCCCCCCCCCCOC(=O)CCN(CCC(=O)OCCCCCCCCCCCCCC)CCN(CCC(=O)OCCCCCCCCCCCCCC)Cc1ccccc1,KW_2014,KW_2014,0
-3.490444,1.23249433,CCCCCCCCCCCCCCOC(=O)CCN(CCC(=O)OCCCCCCCCCCCCCC)CCN(CCC(=O)OCCCCCCCCCCCCCC)CCC(=O)OCCCCCCCCCCCCCC,KW_2014,KW_2014,2
-4.423209,0.637522117,CCCCCCCCCCCCCCOC(=O)CCN(CCC(=O)OCCCCCCCCCCCCCC)CCN(CCC(=O)OCCCCCCCCCCCCCC)CCN(CC)CC,KW_2014,KW_2014,1
-6.2293725,0.577993191,CCCCCCCCCCCCCCOC(=O)CCN(CCC(=O)OCCCCCCCCCCCCCC)CCN(CCC(=O)OCCCCCCCCCCCCCC)CCN(CCC(=O)OCCCCCCCCCCCCCC)CCC(=O)OCCCCCCCCCCCCCC,KW_2014,KW_2014,1
-7.0586367,1.047297859,CCCCCCCCCCCCCCOC(=O)CCN(CCC(=O)OCCCCCCCCCCCCCC)CCN(CCC(=O)OCCCCCCCCCCCCCC)CCN(CCC(=O)OCCCCCCCCCCCCCC)CCN(CCC(=O)OCCCCCCCCCCCCCC)CCC(=O)OCCCCCCCCCCCCCC,KW_2014,KW_2014,2
-7.256256,0.971590362,CCCCCCCCCCCCCCOC(=O)CCN(CCC(=O)OCCCCCCCCCCCCCC)CCN(CCC(=O)OCCCCCCCCCCCCCC)CCN(CCC(=O)OCCCCCCCCCCCCCC)CCN(CCC(=O)OCCCCCCCCCCCCCC)CCN(CCC(=O)OCCCCCCCCCCCCCC)CCC(=O)OCCCCCCCCCCCCCC,KW_2014,KW_2014,1
-7.212693,-0.24324496,CCCCCCCCCCCCCCOC(=O)CCN(CCC(=O)OCCCCCCCCCCCCCC)CCN(CCC(=O)OCCCCCCCCCCCCCC)CCN(CCC(=O)OCCCCCCCCCCCCCC)CCN(CCC(=O)OCCCCCCCCCCCCCC)CCN(CCC(=O)OCCCCCCCCCCCCCC)CCN(CCC(=O)OCCCCCCCCCCCCCC)CCC(=O)OCCCCCCCCCCCCCC,KW_2014,KW_2014,0
-3.5616305,2.530006353,CCCCCCCCCCCCCCOC(=O)CCN(CCC(=O)OCCCCCCCCCCCCCC)CCN(CCC(=O)OCCCCCCCCCCCCCC)CCN1CCN(CCN(CCC(=O)OCCCCCCCCCCCCCC)CCC(=O)OCCCCCCCCCCCCCC)CC1,KW_2014,KW_2014,2
-5.3247867,0.215103573,CCCCCCCCCCCCCCOC(=O)CCN(CCC(=O)OCCCCCCCCCCCCCC)CCN(CCCCCCCCCCCC)CCN(CCC(=O)OCCCCCCCCCCCCCC)CCC(=O)OCCCCCCCCCCCCCC,KW_2014,KW_2014,1
-7.1208677,0.96781453,CCCCCCCCCCCCCCOC(=O)CCN(CCC(=O)OCCCCCCCCCCCCCC)CCN(CCN(CCC(=O)OCCCCCCCCCCCCCC)CCC(=O)OCCCCCCCCCCCCCC)CCN(CCC(=O)OCCCCCCCCCCCCCC)CCC(=O)OCCCCCCCCCCCCCC,KW_2014,KW_2014,1
-2.160803,1.051037576,CCCCCCCCCCCCCCOC(=O)CCN(CCC(=O)OCCCCCCCCCCCCCC)CCN(CCO)CCO,KW_2014,KW_2014,2
-5.675123,-0.430371765,CCCCCCCCCCCCCCOC(=O)CCN(CCC(=O)OCCCCCCCCCCCCCC)CCN1CCCC1,KW_2014,KW_2014,0
-5.5396304,0.381225272,CCCCCCCCCCCCCCOC(=O)CCN(CCC(=O)OCCCCCCCCCCCCCC)CCN1CCCCC1,KW_2014,KW_2014,1
-4.224152,2.108306373,CCCCCCCCCCCCCCOC(=O)CCN(CCC(=O)OCCCCCCCCCCCCCC)CCN1CCN(CCC(=O)OCCCCCCCCCCCCCC)CC1,KW_2014,KW_2014,2
-3.5672746,4.232203163,CCCCCCCCCCCCCCOC(=O)CCN(CCC(=O)OCCCCCCCCCCCCCC)CCN1CCN(CCN(CCC(=O)OCCCCCCCCCCCCCC)CCC(=O)OCCCCCCCCCCCCCC)CC1,KW_2014,KW_2014,3
-6.437807,-0.228968636,CCCCCCCCCCCCCCOC(=O)CCN(CCC(=O)OCCCCCCCCCCCCCC)CCN1CCOCC1,KW_2014,KW_2014,0
-5.108231,0.094442296,CCCCCCCCCCCCCCOC(=O)CCN(CCC(=O)OCCCCCCCCCCCCCC)CN(CC)CCC,KW_2014,KW_2014,1
-5.7978115,0.253797513,CCCCCCCCCCCCCCOC(=O)CCN(CCC)CCC(=O)OCCCCCCCCCCCCCC,KW_2014,KW_2014,1
-4.6405954,-0.239143442,CCCCCCCCCCCCCCOC(=O)CCN(CCC)CCCN(CCC(=O)OCCCCCCCCCCCCCC)CCC(=O)OCCCCCCCCCCCCCC,KW_2014,KW_2014,0
-6.0130153,-0.508712053,CCCCCCCCCCCCCCOC(=O)CCN(CCCC)CCC(=O)OCCCCCCCCCCCCCC,KW_2014,KW_2014,0
-5.942801,-0.264997398,CCCCCCCCCCCCCCOC(=O)CCN(CCCc1ccccc1)CCC(=O)OCCCCCCCCCCCCCC,KW_2014,KW_2014,0
-6.3847117,0.278405409,CCCCCCCCCCCCCCOC(=O)CCN(CCCCC)CCC(=O)OCCCCCCCCCCCCCC,KW_2014,KW_2014,1
-6.2139177,-1.277147572,CCCCCCCCCCCCCCOC(=O)CCN(CCCCc1ccccc1)CCC(=O)OCCCCCCCCCCCCCC,KW_2014,KW_2014,0
-6.3572907,-0.014827248,CCCCCCCCCCCCCCOC(=O)CCN(CCCCCC)CCC(=O)OCCCCCCCCCCCCCC,KW_2014,KW_2014,1
-6.7535257,0.17251956,CCCCCCCCCCCCCCOC(=O)CCN(CCCCCCCCN(CCC(=O)OCCCCCCCCCCCCCC)CCC(=O)OCCCCCCCCCCCCCC)CCC(=O)OCCCCCCCCCCCCCC,KW_2014,KW_2014,1
-6.242729,0.025668436,CCCCCCCCCCCCCCOC(=O)CCN(CCCCCCN(CCC(=O)OCCCCCCCCCCCCCC)CCC(=O)OCCCCCCCCCCCCCC)CCCCCCN(CCC(=O)OCCCCCCCCCCCCCC)CCC(=O)OCCCCCCCCCCCCCC,KW_2014,KW_2014,1
-5.7860374,3.127629079,CCCCCCCCCCCCCCOC(=O)CCN(CCCCCCO)CCC(=O)OCCCCCCCCCCCCCC,KW_2014,KW_2014,2
-5.7770586,-0.475928013,CCCCCCCCCCCCCCOC(=O)CCN(CCCCCO)CCC(=O)OCCCCCCCCCCCCCC,KW_2014,KW_2014,0
-5.232736,0.094442296,CCCCCCCCCCCCCCOC(=O)CCN(CCCCN(C)Cc1ccccc1)CCC(=O)OCCCCCCCCCCCCCC,KW_2014,KW_2014,1
-6.1390023,-1.274536357,CCCCCCCCCCCCCCOC(=O)CCN(CCCCN1CCN(C)CC1)CCC(=O)OCCCCCCCCCCCCCC,KW_2014,KW_2014,0
-5.4532213,0.683293383,CCCCCCCCCCCCCCOC(=O)CCN(CCCCO)CCC(=O)OCCCCCCCCCCCCCC,KW_2014,KW_2014,1
-4.2296824,-0.644078055,CCCCCCCCCCCCCCOC(=O)CCN(CCCN(C)C)CCC(=O)OCCCCCCCCCCCCCC,KW_2014,KW_2014,0
-4.2296824,-0.019086309,CCCCCCCCCCCCCCOC(=O)CCN(CCCN(C)C)CCC(=O)OCCCCCCCCCCCCCC,KW_2014,KW_2014,1
-0.8175508,-0.623961895,CCCCCCCCCCCCCCOC(=O)CCN(CCCN(C)C)CCCN(CCC(=O)OCCCCCCCCCCCCCC)CCC(=O)OCCCCCCCCCCCCCC,KW_2014,KW_2014,0
-2.821911,4.181623819,CCCCCCCCCCCCCCOC(=O)CCN(CCCN(C)CCCN(CCC(=O)OCCCCCCCCCCCCCC)CCC(=O)OCCCCCCCCCCCCCC)CCC(=O)OCCCCCCCCCCCCCC,KW_2014,KW_2014,3
-3.6230175,0.269245569,CCCCCCCCCCCCCCOC(=O)CCN(CCCN(CC)CC)CCC(=O)OCCCCCCCCCCCCCC,KW_2014,KW_2014,1
-6.407286,1.33779135,CCCCCCCCCCCCCCOC(=O)CCN(CCCN(CCC(=O)OCCCCCCCCCCCCCC)CCC(=O)OCCCCCCCCCCCCCC)CCC(=O)OCCCCCCCCCCCCCC,KW_2014,KW_2014,2
-5.716169,3.251894519,CCCCCCCCCCCCCCOC(=O)CCN(CCCN(CCC(=O)OCCCCCCCCCCCCCC)CCC(=O)OCCCCCCCCCCCCCC)CCCN(CCC(=O)OCCCCCCCCCCCCCC)CCC(=O)OCCCCCCCCCCCCCC,KW_2014,KW_2014,2
-6.3909745,0.163830825,CCCCCCCCCCCCCCOC(=O)CCN(CCCN(CCC(=O)OCCCCCCCCCCCCCC)CCN(CCC(=O)OCCCCCCCCCCCCCC)CCC(=O)OCCCCCCCCCCCCCC)CCC(=O)OCCCCCCCCCCCCCC,KW_2014,KW_2014,1
-6.9353337,-0.064464423,CCCCCCCCCCCCCCOC(=O)CCN(CCCN(CCC(=O)OCCCCCCCCCCCCCC)CCN(CCC(=O)OCCCCCCCCCCCCCC)CCC(=O)OCCCCCCCCCCCCCC)CCN(CCC(=O)OCCCCCCCCCCCCCC)CCC(=O)OCCCCCCCCCCCCCC,KW_2014,KW_2014,1
-6.2717257,0.941203039,CCCCCCCCCCCCCCOC(=O)CCN(CCCN(CCCN(CCC(=O)OCCCCCCCCCCCCCC)CCC(=O)OCCCCCCCCCCCCCC)CCC(=O)OCCCCCCCCCCCCCC)CCCN(CCC(=O)OCCCCCCCCCCCCCC)CCC(=O)OCCCCCCCCCCCCCC,KW_2014,KW_2014,1
-5.3716097,-0.907542644,CCCCCCCCCCCCCCOC(=O)CCN(CCCN1CCN(C(C)C)CC1)CCC(=O)OCCCCCCCCCCCCCC,KW_2014,KW_2014,0
-3.0278075,0.948515253,CCCCCCCCCCCCCCOC(=O)CCN(CCCN1CCN(CCCN(CCC(=O)OCCCCCCCCCCCCCC)CCC(=O)OCCCCCCCCCCCCCC)CC1)CCC(=O)OCCCCCCCCCCCCCC,KW_2014,KW_2014,1
-6.0721426,-0.417551294,CCCCCCCCCCCCCCOC(=O)CCN(CCCn1ccnc1)CCC(=O)OCCCCCCCCCCCCCC,KW_2014,KW_2014,0
-6.883518,0.001559327,CCCCCCCCCCCCCCOC(=O)CCN(CCCN1CCOCC1)CCC(=O)OCCCCCCCCCCCCCC,KW_2014,KW_2014,1
-5.5160785,0.264574285,CCCCCCCCCCCCCCOC(=O)CCN(CCCO)CCC(=O)OCCCCCCCCCCCCCC,KW_2014,KW_2014,1
-4.6182084,-0.536699207,CCCCCCCCCCCCCCOC(=O)CCN(CCCOC(C)C)CCC(=O)OCCCCCCCCCCCCCC,KW_2014,KW_2014,0
-4.89246,-0.030409242,CCCCCCCCCCCCCCOC(=O)CCN(CCCOC)CCC(=O)OCCCCCCCCCCCCCC,KW_2014,KW_2014,1
-4.89246,0.728358835,CCCCCCCCCCCCCCOC(=O)CCN(CCCOC)CCC(=O)OCCCCCCCCCCCCCC,KW_2014,KW_2014,1
-5.933502,-0.036391527,CCCCCCCCCCCCCCOC(=O)CCN(CCCOCCCCOCCCN(CCC(=O)OCCCCCCCCCCCCCC)CCC(=O)OCCCCCCCCCCCCCC)CCC(=O)OCCCCCCCCCCCCCC,KW_2014,KW_2014,1
-5.231218,-0.211252794,CCCCCCCCCCCCCCOC(=O)CCN(CCCOCCOCCOCCCN(CCC(=O)OCCCCCCCCCCCCCC)CCC(=O)OCCCCCCCCCCCCCC)CCC(=O)OCCCCCCCCCCCCCC,KW_2014,KW_2014,0
-4.229822,-0.322176188,CCCCCCCCCCCCCCOC(=O)CCN(CCN(CCC(=O)OCCCCCCCCCCCCCC)C(C)(C)C)C(C)(C)C,KW_2014,KW_2014,0
-5.709233,0.161324292,CCCCCCCCCCCCCCOC(=O)CCN(CCN(CCC(=O)OCCCCCCCCCCCCCC)C(C)C)C(C)C,KW_2014,KW_2014,1
-4.169198,0.588315186,CCCCCCCCCCCCCCOC(=O)CCN(CCO)CCC(=O)OCCCCCCCCCCCCCC,KW_2014,KW_2014,1
-4.697091,1.952133334,CCCCCCCCCCCCCCOC(=O)CCN(CCO)CCN(CCC(=O)OCCCCCCCCCCCCCC)CCC(=O)OCCCCCCCCCCCCCC,KW_2014,KW_2014,2
-2.132636,0.302695801,CCCCCCCCCCCCCCOC(=O)CCN(CCO)CCN(CCO)CCC(=O)OCCCCCCCCCCCCCC,KW_2014,KW_2014,1
-2.132636,-0.209864423,CCCCCCCCCCCCCCOC(=O)CCN(CCO)CCN(CCO)CCC(=O)OCCCCCCCCCCCCCC,KW_2014,KW_2014,0
-5.094794,-0.309027931,CCCCCCCCCCCCCCOC(=O)CCN(CCOC)CCC(=O)OCCCCCCCCCCCCCC,KW_2014,KW_2014,0
-3.6869493,-0.383287769,CCCCCCCCCCCCCCOC(=O)CCN(CCOCC)CCC(=O)OCCCCCCCCCCCCCC,KW_2014,KW_2014,0
-4.741365,-0.103089831,CCCCCCCCCCCCCCOC(=O)CCN(CCOCCN1CCCC1)CCC(=O)OCCCCCCCCCCCCCC,KW_2014,KW_2014,1
-5.0126595,0.56762071,CCCCCCCCCCCCCCOC(=O)CCN(CCOCCO)CCC(=O)OCCCCCCCCCCCCCC,KW_2014,KW_2014,1
-5.0126595,0.99766394,CCCCCCCCCCCCCCOC(=O)CCN(CCOCCO)CCC(=O)OCCCCCCCCCCCCCC,KW_2014,KW_2014,2
-4.4331365,-0.163444604,CCCCCCCCCCCCCCOC(=O)CCN(CCOCCOCCN(CCC(=O)OCCCCCCCCCCCCCC)CCC(=O)OCCCCCCCCCCCCCC)CCC(=O)OCCCCCCCCCCCCCC,KW_2014,KW_2014,1
-4.141902,-0.20950472,CCCCCCCCCCCCCCOC(=O)CCN(CCOCCOCCOCCN(CCC(=O)OCCCCCCCCCCCCCC)CCC(=O)OCCCCCCCCCCCCCC)CCC(=O)OCCCCCCCCCCCCCC,KW_2014,KW_2014,1
-4.242224,0.530174434,CCCCCCCCCCCCCCOC(=O)CCN1C(C)N(CCC(=O)OCCCCCCCCCCCCCC)C(C)N(CCC(=O)OCCCCCCCCCCCCCC)C1C,KW_2014,KW_2014,1
-5.207539,0.573889203,CCCCCCCCCCCCCCOC(=O)CCN1CC[C@@H](N(CCC(=O)OCCCCCCCCCCCCCC)CCC(=O)OCCCCCCCCCCCCCC)C1,KW_2014,KW_2014,1
-6.4506187,0.379157774,CCCCCCCCCCCCCCOC(=O)CCN1CCC(N(CCC(=O)OCCCCCCCCCCCCCC)CCC(=O)OCCCCCCCCCCCCCC)CC1,KW_2014,KW_2014,1
-3.1812186,0.07668945,CCCCCCCCCCCCCCOC(=O)CCN1CCCCN(C)CCN(CCC(=O)OCCCCCCCCCCCCCC)CCCN(C)CC1,KW_2014,KW_2014,1
-4.066876,0.110987832,CCCCCCCCCCCCCCOC(=O)CCN1CCCN(CCC(=O)OCCCCCCCCCCCCCC)CCCN(CCC(=O)OCCCCCCCCCCCCCC)CCC1,KW_2014,KW_2014,1
-4.950666,0.026122039,CCCCCCCCCCCCCCOC(=O)CCN1CCCN(CCC(=O)OCCCCCCCCCCCCCC)CCCN(CCC(=O)OCCCCCCCCCCCCCC)CCN(CCC(=O)OCCCCCCCCCCCCCC)CCC1,KW_2014,KW_2014,1
-4.206595,-0.321997124,CCCCCCCCCCCCCCOC(=O)CCN1CCCN(CCC(=O)OCCCCCCCCCCCCCC)CCN(CCC(=O)OCCCCCCCCCCCCCC)CCCN(CCC(=O)OCCCCCCCCCCCCCC)CC1,KW_2014,KW_2014,0
-3.7189415,0.044200887,CCCCCCCCCCCCCCOC(=O)CCN1CCCN(CCC(=O)OCCCCCCCCCCCCCC)CCN(CCC(=O)OCCCCCCCCCCCCCC)CCN(CCC(=O)OCCCCCCCCCCCCCC)CC1,KW_2014,KW_2014,1
-5.773461,-0.153561899,CCCCCCCCCCCCCCOC(=O)CCN1CCN(CCC(=O)OCCCCCCCCCCCCCC)[C@H](C)C1,KW_2014,KW_2014,1
-5.3725038,-0.161640301,CCCCCCCCCCCCCCOC(=O)CCN1CCN(CCC(=O)OCCCCCCCCCCCCCC)C(c2ccccc2)C1,KW_2014,KW_2014,1
-3.7832124,1.428267232,CCCCCCCCCCCCCCOC(=O)CCN1CCN(CCC(=O)OCCCCCCCCCCCCCC)C2C1N(CCC(=O)OCCCCCCCCCCCCCC)CCN2CCC(=O)OCCCCCCCCCCCCCC,KW_2014,KW_2014,2
-5.948723,-0.108629032,CCCCCCCCCCCCCCOC(=O)CCN1CCN(CCC(=O)OCCCCCCCCCCCCCC)CC1,KW_2014,KW_2014,1
-3.3718362,-0.355674629,CCCCCCCCCCCCCCOC(=O)CCN1CCN(CCC(=O)OCCCCCCCCCCCCCC)CCN(CCC(=O)OCCCCCCCCCCCCCC)CCN(CCC(=O)OCCCCCCCCCCCCCC)CC1,KW_2014,KW_2014,0
-4.2119346,-0.306936889,CCCCCCCCCCCCCCOC(=O)CCN1CCOCCN(CCC(=O)OCCCCCCCCCCCCCC)CCN(CCC(=O)OCCCCCCCCCCCCCC)CC1,KW_2014,KW_2014,0
-4.7283945,-0.902994601,CCCCCCCCCCCCCOC(=O)CCN(C)c1ccc(Cc2ccc(N(CCC(=O)OCCCCCCCCCCCCC)CCC(=O)OCCCCCCCCCCCCC)cc2)cc1,KW_2014,KW_2014,0
-5.6627192,-0.778464033,CCCCCCCCCCCCCOC(=O)CCN(C)c1ccccc1N(CCC(=O)OCCCCCCCCCCCCC)CCC(=O)OCCCCCCCCCCCCC,KW_2014,KW_2014,0
-4.5641036,-0.515221916,CCCCCCCCCCCCCOC(=O)CCN(C)CCCCCCN(C)CCC(=O)OCCCCCCCCCCCCC,KW_2014,KW_2014,0
-3.6911418,2.269460919,CCCCCCCCCCCCCOC(=O)CCN(C)CCCN(CC)CCCN(C)CCC(=O)OCCCCCCCCCCCCC,KW_2014,KW_2014,2
-4.1267624,1.600501004,CCCCCCCCCCCCCOC(=O)CCN(C)CCCN(CCC(=O)OCCCCCCCCCCCCC)CCC(=O)OCCCCCCCCCCCCC,KW_2014,KW_2014,2
-5.567485,-0.101306532,CCCCCCCCCCCCCOC(=O)CCN(C)CCN(C)CCC(=O)OCCCCCCCCCCCCC,KW_2014,KW_2014,1
-4.204023,0.475829079,CCCCCCCCCCCCCOC(=O)CCN(C)CCN(CCC(=O)OCCCCCCCCCCCCC)CCC(=O)OCCCCCCCCCCCCC,KW_2014,KW_2014,1
-4.0181937,4.207604886,CCCCCCCCCCCCCOC(=O)CCN(C)CCN(CCN(C)CCC(=O)OCCCCCCCCCCCCC)CCN(C)CCC(=O)OCCCCCCCCCCCCC,KW_2014,KW_2014,3
-4.722669,-0.011999566,CCCCCCCCCCCCCOC(=O)CCN(C)CCOCCN(C)CCC(=O)OCCCCCCCCCCCCC,KW_2014,KW_2014,1
-4.946684,-0.457811661,CCCCCCCCCCCCCOC(=O)CCN(C)CCOCCOCCN(C)CCC(=O)OCCCCCCCCCCCCC,KW_2014,KW_2014,0
-4.946684,-0.582243433,CCCCCCCCCCCCCOC(=O)CCN(C)CCOCCOCCN(C)CCC(=O)OCCCCCCCCCCCCC,KW_2014,KW_2014,0
-3.7069602,-0.222358772,CCCCCCCCCCCCCOC(=O)CCN(c1ccccc1)c1ccc(-c2ccc(N(CCC(=O)OCCCCCCCCCCCCC)c3ccccc3)cc2)cc1,KW_2014,KW_2014,0
-4.828513,2.708800522,CCCCCCCCCCCCCOC(=O)CCN(CC(C)N(CCC(=O)OCCCCCCCCCCCCC)CCC(=O)OCCCCCCCCCCCCC)CC(C)N(CCC(=O)OCCCCCCCCCCCCC)CCC(=O)OCCCCCCCCCCCCC,KW_2014,KW_2014,2
-4.5204597,0.888044856,CCCCCCCCCCCCCOC(=O)CCN(CC)CCCN(CC)CCC(=O)OCCCCCCCCCCCCC,KW_2014,KW_2014,1
-6.310525,0.235026805,CCCCCCCCCCCCCOC(=O)CCN(CC)CCN(CC)CCC(=O)OCCCCCCCCCCCCC,KW_2014,KW_2014,1
-4.0702424,0.479320366,CCCCCCCCCCCCCOC(=O)CCN(CC)CCN(CCC(=O)OCCCCCCCCCCCCC)CCC(=O)OCCCCCCCCCCCCC,KW_2014,KW_2014,1
-6.83986,-0.121789896,CCCCCCCCCCCCCOC(=O)CCN(CCC(=O)OCCCCCCCCCCCCC)[C@H](c1ccccc1)[C@H](c1ccccc1)N(CCC(=O)OCCCCCCCCCCCCC)CCC(=O)OCCCCCCCCCCCCC,KW_2014,KW_2014,1
-4.8302994,-0.108692245,CCCCCCCCCCCCCOC(=O)CCN(CCC(=O)OCCCCCCCCCCCCC)[C@@H](CO)CC(C)C,KW_2014,KW_2014,1
-4.8302994,0.151539555,CCCCCCCCCCCCCOC(=O)CCN(CCC(=O)OCCCCCCCCCCCCC)[C@@H](CO)CC(C)C,KW_2014,KW_2014,1
-5.2900395,0.697394955,CCCCCCCCCCCCCOC(=O)CCN(CCC(=O)OCCCCCCCCCCCCC)[C@@H]1CCCC[C@H]1N(CCC(=O)OCCCCCCCCCCCCC)CCC(=O)OCCCCCCCCCCCCC,KW_2014,KW_2014,1
-5.547768,0.34809963,CCCCCCCCCCCCCOC(=O)CCN(CCC(=O)OCCCCCCCCCCCCC)[C@H]1CC[C@H](N(CCC(=O)OCCCCCCCCCCCCC)CCC(=O)OCCCCCCCCCCCCC)CC1,KW_2014,KW_2014,1
-5.2900395,1.126211799,CCCCCCCCCCCCCOC(=O)CCN(CCC(=O)OCCCCCCCCCCCCC)[C@@H]1CCCC[C@@H]1N(CCC(=O)OCCCCCCCCCCCCC)CCC(=O)OCCCCCCCCCCCCC,KW_2014,KW_2014,2
-5.1073337,-0.040025417,CCCCCCCCCCCCCOC(=O)CCN(CCC(=O)OCCCCCCCCCCCCC)C(=O)C1CCCN1C,KW_2014,KW_2014,1
-5.3732433,-1.124315988,CCCCCCCCCCCCCOC(=O)CCN(CCC(=O)OCCCCCCCCCCCCC)C(C)(C)C,KW_2014,KW_2014,0
-5.214638,-0.483010456,CCCCCCCCCCCCCOC(=O)CCN(CCC(=O)OCCCCCCCCCCCCC)C(C)(C)CC,KW_2014,KW_2014,0
-5.2234316,-0.731561868,CCCCCCCCCCCCCOC(=O)CCN(CCC(=O)OCCCCCCCCCCCCC)C(C)(C)CC(C)(C)C,KW_2014,KW_2014,0
-5.0143924,-0.32314694,CCCCCCCCCCCCCOC(=O)CCN(CCC(=O)OCCCCCCCCCCCCC)C(C)(CO)CO,KW_2014,KW_2014,0
-5.758035,-0.104525426,CCCCCCCCCCCCCOC(=O)CCN(CCC(=O)OCCCCCCCCCCCCC)C(C)C,KW_2014,KW_2014,1
-5.5855503,-0.554219878,CCCCCCCCCCCCCOC(=O)CCN(CCC(=O)OCCCCCCCCCCCCC)C(C)C(C)C,KW_2014,KW_2014,0
-6.7679367,-0.477819305,CCCCCCCCCCCCCOC(=O)CCN(CCC(=O)OCCCCCCCCCCCCC)C(C)c1ccc(C)cc1,KW_2014,KW_2014,0
-5.927406,-0.517664772,CCCCCCCCCCCCCOC(=O)CCN(CCC(=O)OCCCCCCCCCCCCC)C(C)CC,KW_2014,KW_2014,0
-5.8370442,-0.476467961,CCCCCCCCCCCCCOC(=O)CCN(CCC(=O)OCCCCCCCCCCCCC)C(C)CCC,KW_2014,KW_2014,0
-5.8261986,-0.22887532,CCCCCCCCCCCCCOC(=O)CCN(CCC(=O)OCCCCCCCCCCCCC)C(C)CO,KW_2014,KW_2014,0
-4.923161,-0.493404239,CCCCCCCCCCCCCOC(=O)CCN(CCC(=O)OCCCCCCCCCCCCC)C(c1ccccc1)(c1ccccc1)c1ccccc1,KW_2014,KW_2014,0
-5.658438,-0.342227681,CCCCCCCCCCCCCOC(=O)CCN(CCC(=O)OCCCCCCCCCCCCC)C(c1ccccc1)c1ccccc1,KW_2014,KW_2014,0
-6.2112026,-0.284933659,CCCCCCCCCCCCCOC(=O)CCN(CCC(=O)OCCCCCCCCCCCCC)C(CC)CC,KW_2014,KW_2014,0
-3.848868,-0.093256814,CCCCCCCCCCCCCOC(=O)CCN(CCC(=O)OCCCCCCCCCCCCC)C(CO)(CO)CO,KW_2014,KW_2014,1
-6.2089,-0.487664094,CCCCCCCCCCCCCOC(=O)CCN(CCC(=O)OCCCCCCCCCCCCC)C(CO)C(C)(C)C,KW_2014,KW_2014,0
-3.0516906,-0.549691926,CCCCCCCCCCCCCOC(=O)CCN(CCC(=O)OCCCCCCCCCCCCC)C[C@@H](C)O,KW_2014,KW_2014,0
-4.8616395,0.008903547,CCCCCCCCCCCCCOC(=O)CCN(CCC(=O)OCCCCCCCCCCCCC)C[C@@H]1CCCN1CC,KW_2014,KW_2014,1
-4.8616395,0.557472179,CCCCCCCCCCCCCOC(=O)CCN(CCC(=O)OCCCCCCCCCCCCC)C[C@H]1CCCN1CC,KW_2014,KW_2014,1
-3.9930234,-0.196283751,CCCCCCCCCCCCCOC(=O)CCN(CCC(=O)OCCCCCCCCCCCCC)C12C[C@H]3C[C@@H](C1)C[C@@H](C2)C3,KW_2014,KW_2014,1
-3.5219429,-0.446255152,CCCCCCCCCCCCCOC(=O)CCN(CCC(=O)OCCCCCCCCCCCCC)c1c(-c2ccccc2)cc(-c2ccccc2)cc1-c1ccccc1,KW_2014,KW_2014,0
-4.746962,-0.767050658,CCCCCCCCCCCCCOC(=O)CCN(CCC(=O)OCCCCCCCCCCCCC)c1c(C)c(C)c(N(CCC(=O)OCCCCCCCCCCCCC)CCC(=O)OCCCCCCCCCCCCC)c(C)c1C,KW_2014,KW_2014,0
-5.60519,0.250567532,CCCCCCCCCCCCCOC(=O)CCN(CCC(=O)OCCCCCCCCCCCCC)c1c(C)cc(-c2cc(C)c(N(CCC(=O)OCCCCCCCCCCCCC)CCC(=O)OCCCCCCCCCCCCC)c(C)c2)cc1C,KW_2014,KW_2014,1
-4.4746556,-0.178327242,CCCCCCCCCCCCCOC(=O)CCN(CCC(=O)OCCCCCCCCCCCCC)c1c(CC)cccc1CC,KW_2014,KW_2014,1
-4.7155914,-0.431661245,CCCCCCCCCCCCCOC(=O)CCN(CCC(=O)OCCCCCCCCCCCCC)c1c(F)cc(F)cc1F,KW_2014,KW_2014,0
-5.258465,0.247230132,CCCCCCCCCCCCCOC(=O)CCN(CCC(=O)OCCCCCCCCCCCCC)c1c(N(CCC(=O)OCCCCCCCCCCCCC)CCC(=O)OCCCCCCCCCCCCC)c2ccccc2c2ccccc12,KW_2014,KW_2014,1
-5.4213996,-1.086068161,CCCCCCCCCCCCCOC(=O)CCN(CCC(=O)OCCCCCCCCCCCCC)c1cc(C(C)(C)C)ccc1C(C)(C)C,KW_2014,KW_2014,0
-4.982819,-0.726722416,CCCCCCCCCCCCCOC(=O)CCN(CCC(=O)OCCCCCCCCCCCCC)c1cc(C(C)(C)C)ccc1OC,KW_2014,KW_2014,0
-6.5329223,-1.277147572,CCCCCCCCCCCCCOC(=O)CCN(CCC(=O)OCCCCCCCCCCCCC)c1cc(C)c(C)cc1N(CCC(=O)OCCCCCCCCCCCCC)CCC(=O)OCCCCCCCCCCCCC,KW_2014,KW_2014,0
-4.4129643,-0.646462248,CCCCCCCCCCCCCOC(=O)CCN(CCC(=O)OCCCCCCCCCCCCC)c1cc(F)c(F)c(F)c1,KW_2014,KW_2014,0
-4.70364,0.18700761,CCCCCCCCCCCCCOC(=O)CCN(CCC(=O)OCCCCCCCCCCCCC)c1cc(F)cc(F)c1,KW_2014,KW_2014,1
-5.079006,-0.284791217,CCCCCCCCCCCCCOC(=O)CCN(CCC(=O)OCCCCCCCCCCCCC)c1cc(F)ccc1F,KW_2014,KW_2014,0
-5.4098682,-1.100412523,CCCCCCCCCCCCCOC(=O)CCN(CCC(=O)OCCCCCCCCCCCCC)c1cc(OC)ccc1OC,KW_2014,KW_2014,0
-6.2996516,-0.156086334,CCCCCCCCCCCCCOC(=O)CCN(CCC(=O)OCCCCCCCCCCCCC)C1CC1,KW_2014,KW_2014,1
-5.312464,-0.327149508,CCCCCCCCCCCCCOC(=O)CCN(CCC(=O)OCCCCCCCCCCCCC)C1CC2CCC1C2,KW_2014,KW_2014,0
-5.3466883,0.890915802,CCCCCCCCCCCCCOC(=O)CCN(CCC(=O)OCCCCCCCCCCCCC)C1Cc2ccccc2C1,KW_2014,KW_2014,1
-6.0763597,-0.398386516,CCCCCCCCCCCCCOC(=O)CCN(CCC(=O)OCCCCCCCCCCCCC)c1ccc(-c2ccc(N(CCC(=O)OCCCCCCCCCCCCC)CCC(=O)OCCCCCCCCCCCCC)c(C)c2)cc1C,KW_2014,KW_2014,0
-6.541133,-1.277147572,CCCCCCCCCCCCCOC(=O)CCN(CCC(=O)OCCCCCCCCCCCCC)c1ccc(-c2ccc(N(CCC(=O)OCCCCCCCCCCCCC)CCC(=O)OCCCCCCCCCCCCC)c(N(CCC(=O)OCCCCCCCCCCCCC)CCC(=O)OCCCCCCCCCCCCC)c2)cc1N(CCC(=O)OCCCCCCCCCCCCC)CCC(=O)OCCCCCCCCCCCCC,KW_2014,KW_2014,0
-4.5760255,-1.277147572,CCCCCCCCCCCCCOC(=O)CCN(CCC(=O)OCCCCCCCCCCCCC)c1ccc(-c2ccccc2)cc1,KW_2014,KW_2014,0
-5.1242247,-0.391319346,CCCCCCCCCCCCCOC(=O)CCN(CCC(=O)OCCCCCCCCCCCCC)c1ccc(C(C)(C)C)cc1,KW_2014,KW_2014,0
-5.397773,0.105438058,CCCCCCCCCCCCCOC(=O)CCN(CCC(=O)OCCCCCCCCCCCCC)c1ccc(C(C)C)cc1,KW_2014,KW_2014,1
-5.4985204,-0.570096209,CCCCCCCCCCCCCOC(=O)CCN(CCC(=O)OCCCCCCCCCCCCC)c1ccc(C)c(F)c1,KW_2014,KW_2014,0
-6.6536427,-0.343864745,CCCCCCCCCCCCCOC(=O)CCN(CCC(=O)OCCCCCCCCCCCCC)c1ccc(C)c(N(CCC(=O)OCCCCCCCCCCCCC)CCC(=O)OCCCCCCCCCCCCC)c1,KW_2014,KW_2014,0
-7.0753407,-0.121592608,CCCCCCCCCCCCCOC(=O)CCN(CCC(=O)OCCCCCCCCCCCCC)c1ccc(C)cc1N(CCC(=O)OCCCCCCCCCCCCC)CCC(=O)OCCCCCCCCCCCCC,KW_2014,KW_2014,1
-4.9980717,0.264843999,CCCCCCCCCCCCCOC(=O)CCN(CCC(=O)OCCCCCCCCCCCCC)c1ccc(C2(c3ccc(N(CCC(=O)OCCCCCCCCCCCCC)CCC(=O)OCCCCCCCCCCCCC)cc3)c3ccccc3-c3ccccc32)cc1,KW_2014,KW_2014,1
-4.7342243,-0.084846553,CCCCCCCCCCCCCOC(=O)CCN(CCC(=O)OCCCCCCCCCCCCC)C1CCC(CC2CCC(N(CCC(=O)OCCCCCCCCCCCCC)CCC(=O)OCCCCCCCCCCCCC)C(C)C2)CC1C,KW_2014,KW_2014,1
-6.7957582,-0.543078078,CCCCCCCCCCCCCOC(=O)CCN(CCC(=O)OCCCCCCCCCCCCC)c1ccc(Cc2ccc(N(CCC(=O)OCCCCCCCCCCCCC)CCC(=O)OCCCCCCCCCCCCC)cc2)cc1,KW_2014,KW_2014,0
-4.9494934,-0.628210073,CCCCCCCCCCCCCOC(=O)CCN(CCC(=O)OCCCCCCCCCCCCC)c1ccc(F)c(F)c1,KW_2014,KW_2014,0
-5.925214,-0.165058011,CCCCCCCCCCCCCOC(=O)CCN(CCC(=O)OCCCCCCCCCCCCC)c1ccc(F)cc1,KW_2014,KW_2014,1
-5.0808935,0.066935425,CCCCCCCCCCCCCOC(=O)CCN(CCC(=O)OCCCCCCCCCCCCC)c1ccc(F)cc1C(F)(F)F,KW_2014,KW_2014,1
-4.9645863,-0.141581032,CCCCCCCCCCCCCOC(=O)CCN(CCC(=O)OCCCCCCCCCCCCC)c1ccc(N(CCC(=O)OCCCCCCCCCCCCC)c2ccccc2)cc1,KW_2014,KW_2014,1
-6.569802,-0.365336549,CCCCCCCCCCCCCOC(=O)CCN(CCC(=O)OCCCCCCCCCCCCC)c1ccc(N(CCC(=O)OCCCCCCCCCCCCC)CCC(=O)OCCCCCCCCCCCCC)cc1,KW_2014,KW_2014,0
-5.606736,-0.247296589,CCCCCCCCCCCCCOC(=O)CCN(CCC(=O)OCCCCCCCCCCCCC)c1ccc(OC(F)(F)F)cc1,KW_2014,KW_2014,0
-5.0585394,-1.210705916,CCCCCCCCCCCCCOC(=O)CCN(CCC(=O)OCCCCCCCCCCCCC)c1ccc(OC(F)F)cc1,KW_2014,KW_2014,0
-4.8941226,-0.140592998,CCCCCCCCCCCCCOC(=O)CCN(CCC(=O)OCCCCCCCCCCCCC)c1ccc(OC)c(F)c1,KW_2014,KW_2014,1
-4.8973055,-0.755327894,CCCCCCCCCCCCCOC(=O)CCN(CCC(=O)OCCCCCCCCCCCCC)c1ccc(Oc2ccc(F)cc2)cc1,KW_2014,KW_2014,0
-5.861481,0.025193532,CCCCCCCCCCCCCOC(=O)CCN(CCC(=O)OCCCCCCCCCCCCC)c1ccc(Oc2ccc(N(CCC(=O)OCCCCCCCCCCCCC)CCC(=O)OCCCCCCCCCCCCC)cc2)cc1,KW_2014,KW_2014,1
-5.234585,-0.406475288,CCCCCCCCCCCCCOC(=O)CCN(CCC(=O)OCCCCCCCCCCCCC)c1ccc(Oc2ccccc2)cc1,KW_2014,KW_2014,0
-4.968274,-0.727015375,CCCCCCCCCCCCCOC(=O)CCN(CCC(=O)OCCCCCCCCCCCCC)c1ccc(OCCCCCCCC)cc1,KW_2014,KW_2014,0
-6.061837,-0.654064273,CCCCCCCCCCCCCOC(=O)CCN(CCC(=O)OCCCCCCCCCCCCC)C1CCC1,KW_2014,KW_2014,0
-6.0301137,-1.277147572,CCCCCCCCCCCCCOC(=O)CCN(CCC(=O)OCCCCCCCCCCCCC)c1ccc2c(c1)Cc1cc(N(CCC(=O)OCCCCCCCCCCCCC)CCC(=O)OCCCCCCCCCCCCC)ccc1-2,KW_2014,KW_2014,0
-5.556238,-0.511221889,CCCCCCCCCCCCCOC(=O)CCN(CCC(=O)OCCCCCCCCCCCCC)c1ccc2c(c1)CCCC2,KW_2014,KW_2014,0
-5.091792,0.14955756,CCCCCCCCCCCCCOC(=O)CCN(CCC(=O)OCCCCCCCCCCCCC)c1ccc2c(c1)OCCO2,KW_2014,KW_2014,1
-5.236485,-1.24795971,CCCCCCCCCCCCCOC(=O)CCN(CCC(=O)OCCCCCCCCCCCCC)c1ccc2c(c1)OCO2,KW_2014,KW_2014,0
-4.1512227,-1.277147572,CCCCCCCCCCCCCOC(=O)CCN(CCC(=O)OCCCCCCCCCCCCC)c1ccc2cc3ccccc3cc2c1,KW_2014,KW_2014,0
-5.2994804,0.838598588,CCCCCCCCCCCCCOC(=O)CCN(CCC(=O)OCCCCCCCCCCCCC)C1CCc2ccccc21,KW_2014,KW_2014,1
-6.174569,-0.451112619,CCCCCCCCCCCCCOC(=O)CCN(CCC(=O)OCCCCCCCCCCCCC)c1ccc2ccccc2c1-c1c(N(CCC(=O)OCCCCCCCCCCCCC)CCC(=O)OCCCCCCCCCCCCC)ccc2ccccc12,KW_2014,KW_2014,0
-4.3517156,-0.263705825,CCCCCCCCCCCCCOC(=O)CCN(CCC(=O)OCCCCCCCCCCCCC)c1cccc(-c2ccccc2)c1,KW_2014,KW_2014,0
-4.4802055,-0.179994893,CCCCCCCCCCCCCOC(=O)CCN(CCC(=O)OCCCCCCCCCCCCC)c1cccc(C(F)(F)F)c1,KW_2014,KW_2014,1
-6.0231695,-0.735675129,CCCCCCCCCCCCCOC(=O)CCN(CCC(=O)OCCCCCCCCCCCCC)c1cccc(C)c1N(CCC(=O)OCCCCCCCCCCCCC)CCC(=O)OCCCCCCCCCCCCC,KW_2014,KW_2014,0
-5.022083,-1.277147572,CCCCCCCCCCCCCOC(=O)CCN(CCC(=O)OCCCCCCCCCCCCC)c1cccc(F)c1,KW_2014,KW_2014,0
-4.833519,0.796963828,CCCCCCCCCCCCCOC(=O)CCN(CCC(=O)OCCCCCCCCCCCCC)C1CCCC(N(CCC(=O)OCCCCCCCCCCCCC)CCC(=O)OCCCCCCCCCCCCC)C1,KW_2014,KW_2014,1
-6.558709,0.071910772,CCCCCCCCCCCCCOC(=O)CCN(CCC(=O)OCCCCCCCCCCCCC)c1cccc(N(CCC(=O)OCCCCCCCCCCCCC)CCC(=O)OCCCCCCCCCCCCC)c1,KW_2014,KW_2014,1
-6.325196,-0.569072461,CCCCCCCCCCCCCOC(=O)CCN(CCC(=O)OCCCCCCCCCCCCC)c1cccc(N(CCC(=O)OCCCCCCCCCCCCC)CCC(=O)OCCCCCCCCCCCCC)c1C,KW_2014,KW_2014,0
-5.67515,0.015122174,CCCCCCCCCCCCCOC(=O)CCN(CCC(=O)OCCCCCCCCCCCCC)c1cccc(OC(C)C)c1,KW_2014,KW_2014,1
-4.8193083,-0.650636706,CCCCCCCCCCCCCOC(=O)CCN(CCC(=O)OCCCCCCCCCCCCC)c1cccc(OCc2ccccc2)c1,KW_2014,KW_2014,0
-5.061553,-0.401228379,CCCCCCCCCCCCCOC(=O)CCN(CCC(=O)OCCCCCCCCCCCCC)c1cccc2c1CCC2,KW_2014,KW_2014,0
-5.8715057,-0.195264314,CCCCCCCCCCCCCOC(=O)CCN(CCC(=O)OCCCCCCCCCCCCC)c1cccc2cccc(N(CCC(=O)OCCCCCCCCCCCCC)CCC(=O)OCCCCCCCCCCCCC)c12,KW_2014,KW_2014,1
-5.3844295,-0.313012346,CCCCCCCCCCCCCOC(=O)CCN(CCC(=O)OCCCCCCCCCCCCC)C1CCCCC1,KW_2014,KW_2014,0
-5.6375904,-0.757114182,CCCCCCCCCCCCCOC(=O)CCN(CCC(=O)OCCCCCCCCCCCCC)c1ccccc1C(C)(C)C,KW_2014,KW_2014,0
-5.40361,-0.705888866,CCCCCCCCCCCCCOC(=O)CCN(CCC(=O)OCCCCCCCCCCCCC)c1ccccc1C(C)C,KW_2014,KW_2014,0
-4.7395678,-0.140298309,CCCCCCCCCCCCCOC(=O)CCN(CCC(=O)OCCCCCCCCCCCCC)c1ccccc1Cc1ccccc1,KW_2014,KW_2014,1
-5.6552367,-0.710173111,CCCCCCCCCCCCCOC(=O)CCN(CCC(=O)OCCCCCCCCCCCCC)c1ccccc1N(CCC(=O)OCCCCCCCCCCCCC)c1ccccc1,KW_2014,KW_2014,0
-5.509591,-0.346069928,CCCCCCCCCCCCCOC(=O)CCN(CCC(=O)OCCCCCCCCCCCCC)c1ccccc1OC,KW_2014,KW_2014,0
-4.7221117,-1.086365027,CCCCCCCCCCCCCOC(=O)CCN(CCC(=O)OCCCCCCCCCCCCC)c1ccccc1Oc1ccccc1,KW_2014,KW_2014,0
-5.56324,-1.277147572,CCCCCCCCCCCCCOC(=O)CCN(CCC(=O)OCCCCCCCCCCCCC)c1ccccc1OCC,KW_2014,KW_2014,0
-5.282055,-0.277349745,CCCCCCCCCCCCCOC(=O)CCN(CCC(=O)OCCCCCCCCCCCCC)C1CCCCCCC1,KW_2014,KW_2014,0
-6.099969,-1.277147572,CCCCCCCCCCCCCOC(=O)CCN(CCC(=O)OCCCCCCCCCCCCC)C1CCN(C)CC1,KW_2014,KW_2014,0
-5.9848223,0.320816715,CCCCCCCCCCCCCOC(=O)CCN(CCC(=O)OCCCCCCCCCCCCC)c1nc(N(CCC(=O)OCCCCCCCCCCCCC)CCC(=O)OCCCCCCCCCCCCC)nc(N(CCC(=O)OCCCCCCCCCCCCC)CCC(=O)OCCCCCCCCCCCCC)n1,KW_2014,KW_2014,1
-5.7169003,-0.499246216,CCCCCCCCCCCCCOC(=O)CCN(CCC(=O)OCCCCCCCCCCCCC)CC(=O)N(C)c1ccccc1,KW_2014,KW_2014,0
-6.103275,-0.023638633,CCCCCCCCCCCCCOC(=O)CCN(CCC(=O)OCCCCCCCCCCCCC)CC(C)(C)CN(C)C,KW_2014,KW_2014,1
-6.880424,0.232741766,CCCCCCCCCCCCCOC(=O)CCN(CCC(=O)OCCCCCCCCCCCCC)CC(C)(C)CO,KW_2014,KW_2014,1
-6.307382,-0.256715452,CCCCCCCCCCCCCOC(=O)CCN(CCC(=O)OCCCCCCCCCCCCC)CC(C)C,KW_2014,KW_2014,0
-6.5128236,-0.120846952,CCCCCCCCCCCCCOC(=O)CCN(CCC(=O)OCCCCCCCCCCCCC)CC(C)CC,KW_2014,KW_2014,1
-3.132536,1.79964853,CCCCCCCCCCCCCOC(=O)CCN(CCC(=O)OCCCCCCCCCCCCC)CC(C)N(CCC(=O)OCCCCCCCCCCCCC)CCC(=O)OCCCCCCCCCCCCC,KW_2014,KW_2014,2
-6.316258,-0.913530368,CCCCCCCCCCCCCOC(=O)CCN(CCC(=O)OCCCCCCCCCCCCC)CC(CC)CCCC,KW_2014,KW_2014,0
-4.9335756,-0.294785151,CCCCCCCCCCCCCOC(=O)CCN(CCC(=O)OCCCCCCCCCCCCC)CC(OC)OC,KW_2014,KW_2014,0
-5.169979,-0.765382895,CCCCCCCCCCCCCOC(=O)CCN(CCC(=O)OCCCCCCCCCCCCC)CC[C@H](C)O,KW_2014,KW_2014,0
-5.0690618,0.806173982,CCCCCCCCCCCCCOC(=O)CCN(CCC(=O)OCCCCCCCCCCCCC)CC1(C)CC(N(CCC(=O)OCCCCCCCCCCCCC)CCC(=O)OCCCCCCCCCCCCC)CC(C)(C)C1,KW_2014,KW_2014,1
-5.8145947,-0.523634944,CCCCCCCCCCCCCOC(=O)CCN(CCC(=O)OCCCCCCCCCCCCC)CC12C[C@H]3C[C@@H](C1)C[C@@H](C2)C3,KW_2014,KW_2014,0
-6.129224,-1.277147572,CCCCCCCCCCCCCOC(=O)CCN(CCC(=O)OCCCCCCCCCCCCC)Cc1cc(C)c(OC)c(OC)c1,KW_2014,KW_2014,0
-6.8021426,0.607836088,CCCCCCCCCCCCCOC(=O)CCN(CCC(=O)OCCCCCCCCCCCCC)Cc1cc(F)ccc1F,KW_2014,KW_2014,1
-5.9147716,-0.17337823,CCCCCCCCCCCCCOC(=O)CCN(CCC(=O)OCCCCCCCCCCCCC)CC1CCC(CN(CCC(=O)OCCCCCCCCCCCCC)CCC(=O)OCCCCCCCCCCCCC)CC1,KW_2014,KW_2014,1
-5.99145,-0.447740715,CCCCCCCCCCCCCOC(=O)CCN(CCC(=O)OCCCCCCCCCCCCC)CC1CCCC(CN(CCC(=O)OCCCCCCCCCCCCC)CCC(=O)OCCCCCCCCCCCCC)C1,KW_2014,KW_2014,0
-5.5656247,1.416640849,CCCCCCCCCCCCCOC(=O)CCN(CCC(=O)OCCCCCCCCCCCCC)Cc1cccc(CN(CCC(=O)OCCCCCCCCCCCCC)CCC(=O)OCCCCCCCCCCCCC)c1,KW_2014,KW_2014,2
-6.1832886,-0.267228002,CCCCCCCCCCCCCOC(=O)CCN(CCC(=O)OCCCCCCCCCCCCC)Cc1cccc(F)c1,KW_2014,KW_2014,0
-4.815409,-0.992985615,CCCCCCCCCCCCCOC(=O)CCN(CCC(=O)OCCCCCCCCCCCCC)Cc1cccc(N(CCC(=O)OCCCCCCCCCCCCC)CCC(=O)OCCCCCCCCCCCCC)c1,KW_2014,KW_2014,0
-6.0693965,-0.499832332,CCCCCCCCCCCCCOC(=O)CCN(CCC(=O)OCCCCCCCCCCCCC)CC1CCCCC1,KW_2014,KW_2014,0
-6.296151,-1.107176029,CCCCCCCCCCCCCOC(=O)CCN(CCC(=O)OCCCCCCCCCCCCC)Cc1ccccc1F,KW_2014,KW_2014,0
-5.62759,-1.097195566,CCCCCCCCCCCCCOC(=O)CCN(CCC(=O)OCCCCCCCCCCCCC)Cc1ccccc1N(CCC(=O)OCCCCCCCCCCCCC)CCC(=O)OCCCCCCCCCCCCC,KW_2014,KW_2014,0
-6.493085,-0.652075617,CCCCCCCCCCCCCOC(=O)CCN(CCC(=O)OCCCCCCCCCCCCC)Cc1ccccc1OC,KW_2014,KW_2014,0
-6.616463,-0.59062916,CCCCCCCCCCCCCOC(=O)CCN(CCC(=O)OCCCCCCCCCCCCC)Cc1ccccc1OCC,KW_2014,KW_2014,0
-5.5371904,2.370957328,CCCCCCCCCCCCCOC(=O)CCN(CCC(=O)OCCCCCCCCCCCCC)CC1CCCN1C,KW_2014,KW_2014,2
-5.4403768,-0.526692379,CCCCCCCCCCCCCOC(=O)CCN(CCC(=O)OCCCCCCCCCCCCC)CC1CCCN1CCC(=O)OCCCCCCCCCCCCC,KW_2014,KW_2014,0
-5.0379515,-0.145025082,CCCCCCCCCCCCCOC(=O)CCN(CCC(=O)OCCCCCCCCCCCCC)CC1CCCO1,KW_2014,KW_2014,1
-5.937011,0.317256325,CCCCCCCCCCCCCOC(=O)CCN(CCC(=O)OCCCCCCCCCCCCC)CC1CCN(C)CC1,KW_2014,KW_2014,1
-5.110565,-0.200933417,CCCCCCCCCCCCCOC(=O)CCN(CCC(=O)OCCCCCCCCCCCCC)CC1COC(C)(C)O1,KW_2014,KW_2014,1
-5.6441092,-0.024826388,CCCCCCCCCCCCCOC(=O)CCN(CCC(=O)OCCCCCCCCCCCCC)Cc1nccn1C,KW_2014,KW_2014,1
-5.083009,0.829722457,CCCCCCCCCCCCCOC(=O)CCN(CCC(=O)OCCCCCCCCCCCCC)CCC(=O)N1CCN(CCC(=O)OCCCCCCCCCCCCC)CC1,KW_2014,KW_2014,1
-6.0113997,-0.268810209,CCCCCCCCCCCCCOC(=O)CCN(CCC(=O)OCCCCCCCCCCCCC)CCC(C)(C)C,KW_2014,KW_2014,0
-5.8091784,-0.670251025,CCCCCCCCCCCCCOC(=O)CCN(CCC(=O)OCCCCCCCCCCCCC)CCC(C)C,KW_2014,KW_2014,0
-6.0017023,0.294158143,CCCCCCCCCCCCCOC(=O)CCN(CCC(=O)OCCCCCCCCCCCCC)CCC(c1ccccc1)c1ccccc1,KW_2014,KW_2014,1
-5.1725554,0.2451831,CCCCCCCCCCCCCOC(=O)CCN(CCC(=O)OCCCCCCCCCCCCC)CCC1CCC(C)CC1,KW_2014,KW_2014,1
-4.9482923,-0.714129587,CCCCCCCCCCCCCOC(=O)CCN(CCC(=O)OCCCCCCCCCCCCC)CCC1CCC(CC)CC1,KW_2014,KW_2014,0
-4.282562,-0.044123119,CCCCCCCCCCCCCOC(=O)CCN(CCC(=O)OCCCCCCCCCCCCC)CCc1ccc(OC)c(OC)c1,KW_2014,KW_2014,1
-5.4399304,-0.812808507,CCCCCCCCCCCCCOC(=O)CCN(CCC(=O)OCCCCCCCCCCCCC)CCc1ccc(OC)cc1,KW_2014,KW_2014,0
-5.824084,-0.800152507,CCCCCCCCCCCCCOC(=O)CCN(CCC(=O)OCCCCCCCCCCCCC)CCc1ccccc1F,KW_2014,KW_2014,0
-6.4743605,-0.186907485,CCCCCCCCCCCCCOC(=O)CCN(CCC(=O)OCCCCCCCCCCCCC)CCC1OCCO1,KW_2014,KW_2014,1
-5.109141,-0.553910775,CCCCCCCCCCCCCOC(=O)CCN(CCC(=O)OCCCCCCCCCCCCC)CCN(C(C)C)C(C)C,KW_2014,KW_2014,0
-5.200922,0.622580554,CCCCCCCCCCCCCOC(=O)CCN(CCC(=O)OCCCCCCCCCCCCC)CCN(C)C,KW_2014,KW_2014,1
-3.8214922,4.289919611,CCCCCCCCCCCCCOC(=O)CCN(CCC(=O)OCCCCCCCCCCCCC)CCN(C)CCCN(C)CCN(CCC(=O)OCCCCCCCCCCCCC)CCC(=O)OCCCCCCCCCCCCC,KW_2014,KW_2014,3
2.7667875,4.273788993,CCCCCCCCCCCCCOC(=O)CCN(CCC(=O)OCCCCCCCCCCCCC)CCN(C)CCN(C)CCN(CCC(=O)OCCCCCCCCCCCCC)CCC(=O)OCCCCCCCCCCCCC,KW_2014,KW_2014,3
-3.4042494,2.477401975,CCCCCCCCCCCCCOC(=O)CCN(CCC(=O)OCCCCCCCCCCCCC)CCN(C)CCN(CCC(=O)OCCCCCCCCCCCCC)CCC(=O)OCCCCCCCCCCCCC,KW_2014,KW_2014,2
-3.6886513,3.262449649,CCCCCCCCCCCCCOC(=O)CCN(CCC(=O)OCCCCCCCCCCCCC)CCN(CC)CCN(CC)CCN(CCC(=O)OCCCCCCCCCCCCC)CCC(=O)OCCCCCCCCCCCCC,KW_2014,KW_2014,2
-4.8208866,-1.201295349,CCCCCCCCCCCCCOC(=O)CCN(CCC(=O)OCCCCCCCCCCCCC)CCN(CCC(=O)OCCCCCCCCCCCCC)C(C)C,KW_2014,KW_2014,0
-6.4885936,-0.592212404,CCCCCCCCCCCCCOC(=O)CCN(CCC(=O)OCCCCCCCCCCCCC)CCN(CCC(=O)OCCCCCCCCCCCCC)c1ccccc1,KW_2014,KW_2014,0
-5.5439506,-1.277147572,CCCCCCCCCCCCCOC(=O)CCN(CCC(=O)OCCCCCCCCCCCCC)CCN(CCC(=O)OCCCCCCCCCCCCC)Cc1ccccc1,KW_2014,KW_2014,0
-4.2231092,0.832649197,CCCCCCCCCCCCCOC(=O)CCN(CCC(=O)OCCCCCCCCCCCCC)CCN(CCC(=O)OCCCCCCCCCCCCC)CCC(=O)OCCCCCCCCCCCCC,KW_2014,KW_2014,1
-4.2857957,3.348577114,CCCCCCCCCCCCCOC(=O)CCN(CCC(=O)OCCCCCCCCCCCCC)CCN(CCC(=O)OCCCCCCCCCCCCC)CCN(CC)CC,KW_2014,KW_2014,2
-5.544939,0.789630062,CCCCCCCCCCCCCOC(=O)CCN(CCC(=O)OCCCCCCCCCCCCC)CCN(CCC(=O)OCCCCCCCCCCCCC)CCN(CCC(=O)OCCCCCCCCCCCCC)CCC(=O)OCCCCCCCCCCCCC,KW_2014,KW_2014,1
-6.978081,1.306978828,CCCCCCCCCCCCCOC(=O)CCN(CCC(=O)OCCCCCCCCCCCCC)CCN(CCC(=O)OCCCCCCCCCCCCC)CCN(CCC(=O)OCCCCCCCCCCCCC)CCN(CCC(=O)OCCCCCCCCCCCCC)CCC(=O)OCCCCCCCCCCCCC,KW_2014,KW_2014,2
-6.8700294,1.798042273,CCCCCCCCCCCCCOC(=O)CCN(CCC(=O)OCCCCCCCCCCCCC)CCN(CCC(=O)OCCCCCCCCCCCCC)CCN(CCC(=O)OCCCCCCCCCCCCC)CCN(CCC(=O)OCCCCCCCCCCCCC)CCN(CCC(=O)OCCCCCCCCCCCCC)CCC(=O)OCCCCCCCCCCCCC,KW_2014,KW_2014,2
-6.907916,-0.951397358,CCCCCCCCCCCCCOC(=O)CCN(CCC(=O)OCCCCCCCCCCCCC)CCN(CCC(=O)OCCCCCCCCCCCCC)CCN(CCC(=O)OCCCCCCCCCCCCC)CCN(CCC(=O)OCCCCCCCCCCCCC)CCN(CCC(=O)OCCCCCCCCCCCCC)CCN(CCC(=O)OCCCCCCCCCCCCC)CCC(=O)OCCCCCCCCCCCCC,KW_2014,KW_2014,0
-3.3043847,1.524343548,CCCCCCCCCCCCCOC(=O)CCN(CCC(=O)OCCCCCCCCCCCCC)CCN(CCC(=O)OCCCCCCCCCCCCC)CCN1CCN(CCN(CCC(=O)OCCCCCCCCCCCCC)CCC(=O)OCCCCCCCCCCCCC)CC1,KW_2014,KW_2014,2
-4.712915,0.284421298,CCCCCCCCCCCCCOC(=O)CCN(CCC(=O)OCCCCCCCCCCCCC)CCN(CCCCCCCCCCCC)CCN(CCC(=O)OCCCCCCCCCCCCC)CCC(=O)OCCCCCCCCCCCCC,KW_2014,KW_2014,1
-6.9413013,0.285732973,CCCCCCCCCCCCCOC(=O)CCN(CCC(=O)OCCCCCCCCCCCCC)CCN(CCN(CCC(=O)OCCCCCCCCCCCCC)CCC(=O)OCCCCCCCCCCCCC)CCN(CCC(=O)OCCCCCCCCCCCCC)CCC(=O)OCCCCCCCCCCCCC,KW_2014,KW_2014,1
-3.6711972,0.932923026,CCCCCCCCCCCCCOC(=O)CCN(CCC(=O)OCCCCCCCCCCCCC)CCN(CCO)CCO,KW_2014,KW_2014,1
-5.253644,0.305237047,CCCCCCCCCCCCCOC(=O)CCN(CCC(=O)OCCCCCCCCCCCCC)CCN1CCCC1,KW_2014,KW_2014,1
-5.475491,0.342332387,CCCCCCCCCCCCCOC(=O)CCN(CCC(=O)OCCCCCCCCCCCCC)CCN1CCCCC1,KW_2014,KW_2014,1
-4.3674116,0.397436355,CCCCCCCCCCCCCOC(=O)CCN(CCC(=O)OCCCCCCCCCCCCC)CCN1CCN(CCC(=O)OCCCCCCCCCCCCC)CC1,KW_2014,KW_2014,1
-3.6379385,4.135997405,CCCCCCCCCCCCCOC(=O)CCN(CCC(=O)OCCCCCCCCCCCCC)CCN1CCN(CCN(CCC(=O)OCCCCCCCCCCCCC)CCC(=O)OCCCCCCCCCCCCC)CC1,KW_2014,KW_2014,2
-6.5061426,-0.160142173,CCCCCCCCCCCCCOC(=O)CCN(CCC(=O)OCCCCCCCCCCCCC)CCN1CCOCC1,KW_2014,KW_2014,1
-4.694784,0.146326756,CCCCCCCCCCCCCOC(=O)CCN(CCC(=O)OCCCCCCCCCCCCC)CN(CC)CCC,KW_2014,KW_2014,1
-5.5653176,0.13660566,CCCCCCCCCCCCCOC(=O)CCN(CCC)CCC(=O)OCCCCCCCCCCCCC,KW_2014,KW_2014,1
-4.3372626,-0.341011135,CCCCCCCCCCCCCOC(=O)CCN(CCC)CCCN(CCC(=O)OCCCCCCCCCCCCC)CCC(=O)OCCCCCCCCCCCCC,KW_2014,KW_2014,0
-5.9965305,-0.305398019,CCCCCCCCCCCCCOC(=O)CCN(CCCC)CCC(=O)OCCCCCCCCCCCCC,KW_2014,KW_2014,0
-5.863251,-0.212261682,CCCCCCCCCCCCCOC(=O)CCN(CCCc1ccccc1)CCC(=O)OCCCCCCCCCCCCC,KW_2014,KW_2014,0
-6.216774,0.150399358,CCCCCCCCCCCCCOC(=O)CCN(CCCCC)CCC(=O)OCCCCCCCCCCCCC,KW_2014,KW_2014,1
-5.707295,-0.889204225,CCCCCCCCCCCCCOC(=O)CCN(CCCCc1ccccc1)CCC(=O)OCCCCCCCCCCCCC,KW_2014,KW_2014,0
-6.191497,0.26383055,CCCCCCCCCCCCCOC(=O)CCN(CCCCCC)CCC(=O)OCCCCCCCCCCCCC,KW_2014,KW_2014,1
-6.970295,0.132572136,CCCCCCCCCCCCCOC(=O)CCN(CCCCCCCCN(CCC(=O)OCCCCCCCCCCCCC)CCC(=O)OCCCCCCCCCCCCC)CCC(=O)OCCCCCCCCCCCCC,KW_2014,KW_2014,1
-5.783733,-0.041005,CCCCCCCCCCCCCOC(=O)CCN(CCCCCCN(CCC(=O)OCCCCCCCCCCCCC)CCC(=O)OCCCCCCCCCCCCC)CCCCCCN(CCC(=O)OCCCCCCCCCCCCC)CCC(=O)OCCCCCCCCCCCCC,KW_2014,KW_2014,1
-5.8451824,1.76050571,CCCCCCCCCCCCCOC(=O)CCN(CCCCCCO)CCC(=O)OCCCCCCCCCCCCC,KW_2014,KW_2014,2
-5.761075,0.601254467,CCCCCCCCCCCCCOC(=O)CCN(CCCCCO)CCC(=O)OCCCCCCCCCCCCC,KW_2014,KW_2014,1
-5.9259515,0.452248348,CCCCCCCCCCCCCOC(=O)CCN(CCCCN(C)Cc1ccccc1)CCC(=O)OCCCCCCCCCCCCC,KW_2014,KW_2014,1
-5.9872212,-0.056652789,CCCCCCCCCCCCCOC(=O)CCN(CCCCN1CCN(C)CC1)CCC(=O)OCCCCCCCCCCCCC,KW_2014,KW_2014,1
-5.9992833,0.818680562,CCCCCCCCCCCCCOC(=O)CCN(CCCCO)CCC(=O)OCCCCCCCCCCCCC,KW_2014,KW_2014,1
-4.7072115,-0.611434723,CCCCCCCCCCCCCOC(=O)CCN(CCCN(C)C)CCC(=O)OCCCCCCCCCCCCC,KW_2014,KW_2014,0
-4.7072115,0.749059233,CCCCCCCCCCCCCOC(=O)CCN(CCCN(C)C)CCC(=O)OCCCCCCCCCCCCC,KW_2014,KW_2014,1
-0.81322235,-0.613063146,CCCCCCCCCCCCCOC(=O)CCN(CCCN(C)C)CCCN(CCC(=O)OCCCCCCCCCCCCC)CCC(=O)OCCCCCCCCCCCCC,KW_2014,KW_2014,0
-2.209067,4.064084644,CCCCCCCCCCCCCOC(=O)CCN(CCCN(C)CCCN(CCC(=O)OCCCCCCCCCCCCC)CCC(=O)OCCCCCCCCCCCCC)CCC(=O)OCCCCCCCCCCCCC,KW_2014,KW_2014,2
-3.629672,0.822586027,CCCCCCCCCCCCCOC(=O)CCN(CCCN(CC)CC)CCC(=O)OCCCCCCCCCCCCC,KW_2014,KW_2014,1
-6.240424,1.344391196,CCCCCCCCCCCCCOC(=O)CCN(CCCN(CCC(=O)OCCCCCCCCCCCCC)CCC(=O)OCCCCCCCCCCCCC)CCC(=O)OCCCCCCCCCCCCC,KW_2014,KW_2014,2
-5.823812,1.419745192,CCCCCCCCCCCCCOC(=O)CCN(CCCN(CCC(=O)OCCCCCCCCCCCCC)CCC(=O)OCCCCCCCCCCCCC)CCCN(CCC(=O)OCCCCCCCCCCCCC)CCC(=O)OCCCCCCCCCCCCC,KW_2014,KW_2014,2
-6.1977916,1.010909127,CCCCCCCCCCCCCOC(=O)CCN(CCCN(CCC(=O)OCCCCCCCCCCCCC)CCN(CCC(=O)OCCCCCCCCCCCCC)CCC(=O)OCCCCCCCCCCCCC)CCC(=O)OCCCCCCCCCCCCC,KW_2014,KW_2014,2
-6.6699305,-0.322703082,CCCCCCCCCCCCCOC(=O)CCN(CCCN(CCC(=O)OCCCCCCCCCCCCC)CCN(CCC(=O)OCCCCCCCCCCCCC)CCC(=O)OCCCCCCCCCCCCC)CCN(CCC(=O)OCCCCCCCCCCCCC)CCC(=O)OCCCCCCCCCCCCC,KW_2014,KW_2014,0
-5.868758,-0.021647842,CCCCCCCCCCCCCOC(=O)CCN(CCCN(CCCN(CCC(=O)OCCCCCCCCCCCCC)CCC(=O)OCCCCCCCCCCCCC)CCC(=O)OCCCCCCCCCCCCC)CCCN(CCC(=O)OCCCCCCCCCCCCC)CCC(=O)OCCCCCCCCCCCCC,KW_2014,KW_2014,1
-5.3746476,-0.487996156,CCCCCCCCCCCCCOC(=O)CCN(CCCN1CCN(C(C)C)CC1)CCC(=O)OCCCCCCCCCCCCC,KW_2014,KW_2014,0
-2.7626805,2.109176503,CCCCCCCCCCCCCOC(=O)CCN(CCCN1CCN(CCCN(CCC(=O)OCCCCCCCCCCCCC)CCC(=O)OCCCCCCCCCCCCC)CC1)CCC(=O)OCCCCCCCCCCCCC,KW_2014,KW_2014,2
-5.595504,-0.102893753,CCCCCCCCCCCCCOC(=O)CCN(CCCn1ccnc1)CCC(=O)OCCCCCCCCCCCCC,KW_2014,KW_2014,1
-6.120929,0.10504264,CCCCCCCCCCCCCOC(=O)CCN(CCCN1CCOCC1)CCC(=O)OCCCCCCCCCCCCC,KW_2014,KW_2014,1
-5.7389364,0.728788375,CCCCCCCCCCCCCOC(=O)CCN(CCCO)CCC(=O)OCCCCCCCCCCCCC,KW_2014,KW_2014,1
-4.23411,-0.780548015,CCCCCCCCCCCCCOC(=O)CCN(CCCOC(C)C)CCC(=O)OCCCCCCCCCCCCC,KW_2014,KW_2014,0
-5.207861,-0.234386869,CCCCCCCCCCCCCOC(=O)CCN(CCCOC)CCC(=O)OCCCCCCCCCCCCC,KW_2014,KW_2014,0
-5.207861,0.323161747,CCCCCCCCCCCCCOC(=O)CCN(CCCOC)CCC(=O)OCCCCCCCCCCCCC,KW_2014,KW_2014,1
-5.490464,-0.088904592,CCCCCCCCCCCCCOC(=O)CCN(CCCOCCCCOCCCN(CCC(=O)OCCCCCCCCCCCCC)CCC(=O)OCCCCCCCCCCCCC)CCC(=O)OCCCCCCCCCCCCC,KW_2014,KW_2014,1
-4.362902,-0.095178536,CCCCCCCCCCCCCOC(=O)CCN(CCCOCCOCCOCCCN(CCC(=O)OCCCCCCCCCCCCC)CCC(=O)OCCCCCCCCCCCCC)CCC(=O)OCCCCCCCCCCCCC,KW_2014,KW_2014,1
-4.0925236,-0.128441833,CCCCCCCCCCCCCOC(=O)CCN(CCN(CCC(=O)OCCCCCCCCCCCCC)C(C)(C)C)C(C)(C)C,KW_2014,KW_2014,1
-5.988775,-0.613571392,CCCCCCCCCCCCCOC(=O)CCN(CCN(CCC(=O)OCCCCCCCCCCCCC)C(C)C)C(C)C,KW_2014,KW_2014,0
-4.225427,0.485979315,CCCCCCCCCCCCCOC(=O)CCN(CCO)CCC(=O)OCCCCCCCCCCCCC,KW_2014,KW_2014,1
-4.271498,2.208645799,CCCCCCCCCCCCCOC(=O)CCN(CCO)CCN(CCC(=O)OCCCCCCCCCCCCC)CCC(=O)OCCCCCCCCCCCCC,KW_2014,KW_2014,2
-2.1218796,0.435134539,CCCCCCCCCCCCCOC(=O)CCN(CCO)CCN(CCO)CCC(=O)OCCCCCCCCCCCCC,KW_2014,KW_2014,1
-2.1218796,-0.728528525,CCCCCCCCCCCCCOC(=O)CCN(CCO)CCN(CCO)CCC(=O)OCCCCCCCCCCCCC,KW_2014,KW_2014,0
-5.1725607,-0.118008733,CCCCCCCCCCCCCOC(=O)CCN(CCOC)CCC(=O)OCCCCCCCCCCCCC,KW_2014,KW_2014,1
-5.364717,-0.446675717,CCCCCCCCCCCCCOC(=O)CCN(CCOCC)CCC(=O)OCCCCCCCCCCCCC,KW_2014,KW_2014,0
-4.782137,1.234598701,CCCCCCCCCCCCCOC(=O)CCN(CCOCCN1CCCC1)CCC(=O)OCCCCCCCCCCCCC,KW_2014,KW_2014,2
-5.3627462,0.715598076,CCCCCCCCCCCCCOC(=O)CCN(CCOCCO)CCC(=O)OCCCCCCCCCCCCC,KW_2014,KW_2014,1
-5.3627462,0.480249493,CCCCCCCCCCCCCOC(=O)CCN(CCOCCO)CCC(=O)OCCCCCCCCCCCCC,KW_2014,KW_2014,1
-4.2876215,-0.205147203,CCCCCCCCCCCCCOC(=O)CCN(CCOCCOCCN(CCC(=O)OCCCCCCCCCCCCC)CCC(=O)OCCCCCCCCCCCCC)CCC(=O)OCCCCCCCCCCCCC,KW_2014,KW_2014,1
-3.9423063,0.197354031,CCCCCCCCCCCCCOC(=O)CCN(CCOCCOCCOCCN(CCC(=O)OCCCCCCCCCCCCC)CCC(=O)OCCCCCCCCCCCCC)CCC(=O)OCCCCCCCCCCCCC,KW_2014,KW_2014,1
-4.813125,0.609141919,CCCCCCCCCCCCCOC(=O)CCN1C(C)N(CCC(=O)OCCCCCCCCCCCCC)C(C)N(CCC(=O)OCCCCCCCCCCCCC)C1C,KW_2014,KW_2014,1
-5.385264,0.864518553,CCCCCCCCCCCCCOC(=O)CCN1CC[C@@H](N(CCC(=O)OCCCCCCCCCCCCC)CCC(=O)OCCCCCCCCCCCCC)C1,KW_2014,KW_2014,1
-5.9958463,-0.292712673,CCCCCCCCCCCCCOC(=O)CCN1CCC(N(CCC(=O)OCCCCCCCCCCCCC)CCC(=O)OCCCCCCCCCCCCC)CC1,KW_2014,KW_2014,0
-4.0427556,0.216335356,CCCCCCCCCCCCCOC(=O)CCN1CCCCN(C)CCN(CCC(=O)OCCCCCCCCCCCCC)CCCN(C)CC1,KW_2014,KW_2014,1
-3.921595,0.135435563,CCCCCCCCCCCCCOC(=O)CCN1CCCN(CCC(=O)OCCCCCCCCCCCCC)CCCN(CCC(=O)OCCCCCCCCCCCCC)CCC1,KW_2014,KW_2014,1
-3.9405496,0.211419322,CCCCCCCCCCCCCOC(=O)CCN1CCCN(CCC(=O)OCCCCCCCCCCCCC)CCCN(CCC(=O)OCCCCCCCCCCCCC)CCN(CCC(=O)OCCCCCCCCCCCCC)CCC1,KW_2014,KW_2014,1
-3.9989192,-0.132831648,CCCCCCCCCCCCCOC(=O)CCN1CCCN(CCC(=O)OCCCCCCCCCCCCC)CCN(CCC(=O)OCCCCCCCCCCCCC)CCCN(CCC(=O)OCCCCCCCCCCCCC)CC1,KW_2014,KW_2014,1
-3.2464156,0.075881023,CCCCCCCCCCCCCOC(=O)CCN1CCCN(CCC(=O)OCCCCCCCCCCCCC)CCN(CCC(=O)OCCCCCCCCCCCCC)CCN(CCC(=O)OCCCCCCCCCCCCC)CC1,KW_2014,KW_2014,1
-6.1113296,-0.301789694,CCCCCCCCCCCCCOC(=O)CCN1CCN(CCC(=O)OCCCCCCCCCCCCC)[C@H](C)C1,KW_2014,KW_2014,0
-5.175624,-0.440303811,CCCCCCCCCCCCCOC(=O)CCN1CCN(CCC(=O)OCCCCCCCCCCCCC)C(c2ccccc2)C1,KW_2014,KW_2014,0
-4.008434,1.161499193,CCCCCCCCCCCCCOC(=O)CCN1CCN(CCC(=O)OCCCCCCCCCCCCC)C2C1N(CCC(=O)OCCCCCCCCCCCCC)CCN2CCC(=O)OCCCCCCCCCCCCC,KW_2014,KW_2014,2
-6.1053247,-0.019532344,CCCCCCCCCCCCCOC(=O)CCN1CCN(CCC(=O)OCCCCCCCCCCCCC)CC1,KW_2014,KW_2014,1
-3.17598,-0.014128303,CCCCCCCCCCCCCOC(=O)CCN1CCN(CCC(=O)OCCCCCCCCCCCCC)CCN(CCC(=O)OCCCCCCCCCCCCC)CCN(CCC(=O)OCCCCCCCCCCCCC)CC1,KW_2014,KW_2014,1
-4.0073395,0.402256313,CCCCCCCCCCCCCOC(=O)CCN1CCOCCN(CCC(=O)OCCCCCCCCCCCCC)CCN(CCC(=O)OCCCCCCCCCCCCC)CC1,KW_2014,KW_2014,1
-4.2936,-0.555273497,CCCCCCCCCCCCN(CCN(CCC(=O)OCCCCCCCCCC)CCC(=O)OCCCCCCCCCC)CCN(CCC(=O)OCCCCCCCCCC)CCC(=O)OCCCCCCCCCC,KW_2014,KW_2014,0
-5.301466,0.176394713,CCCCCCCCCCCCN(CCN(CCC(=O)OCCCCCCCCCCC)CCC(=O)OCCCCCCCCCCC)CCN(CCC(=O)OCCCCCCCCCCC)CCC(=O)OCCCCCCCCCCC,KW_2014,KW_2014,1
-4.299577,-0.374031666,CCCCCCCCCCCCOC(=O)CCN(C)c1ccc(Cc2ccc(N(CCC(=O)OCCCCCCCCCCCC)CCC(=O)OCCCCCCCCCCCC)cc2)cc1,KW_2014,KW_2014,0
-5.7290535,-1.008406566,CCCCCCCCCCCCOC(=O)CCN(C)c1ccccc1N(CCC(=O)OCCCCCCCCCCCC)CCC(=O)OCCCCCCCCCCCC,KW_2014,KW_2014,0
-5.2722154,0.028677913,CCCCCCCCCCCCOC(=O)CCN(C)CCCCCCN(C)CCC(=O)OCCCCCCCCCCCC,KW_2014,KW_2014,1
-4.136438,-0.085710255,CCCCCCCCCCCCOC(=O)CCN(C)CCCN(CC)CCCN(C)CCC(=O)OCCCCCCCCCCCC,KW_2014,KW_2014,1
-3.8729439,0.836587885,CCCCCCCCCCCCOC(=O)CCN(C)CCCN(CCC(=O)OCCCCCCCCCCCC)CCC(=O)OCCCCCCCCCCCC,KW_2014,KW_2014,1
-6.3100953,-0.803439617,CCCCCCCCCCCCOC(=O)CCN(C)CCN(C)CCC(=O)OCCCCCCCCCCCC,KW_2014,KW_2014,0
-3.0496922,0.51215259,CCCCCCCCCCCCOC(=O)CCN(C)CCN(CCC(=O)OCCCCCCCCCCCC)CCC(=O)OCCCCCCCCCCCC,KW_2014,KW_2014,1
-4.288381,3.006878559,CCCCCCCCCCCCOC(=O)CCN(C)CCN(CCN(C)CCC(=O)OCCCCCCCCCCCC)CCN(C)CCC(=O)OCCCCCCCCCCCC,KW_2014,KW_2014,2
-5.3882113,0.314424779,CCCCCCCCCCCCOC(=O)CCN(C)CCOCCN(C)CCC(=O)OCCCCCCCCCCCC,KW_2014,KW_2014,1
-5.969194,-0.559776194,CCCCCCCCCCCCOC(=O)CCN(C)CCOCCOCCN(C)CCC(=O)OCCCCCCCCCCCC,KW_2014,KW_2014,0
-5.969194,0.944900106,CCCCCCCCCCCCOC(=O)CCN(C)CCOCCOCCN(C)CCC(=O)OCCCCCCCCCCCC,KW_2014,KW_2014,1
-3.5135252,-0.373272151,CCCCCCCCCCCCOC(=O)CCN(c1ccccc1)c1ccc(-c2ccc(N(CCC(=O)OCCCCCCCCCCCC)c3ccccc3)cc2)cc1,KW_2014,KW_2014,0
-4.6232553,3.365712434,CCCCCCCCCCCCOC(=O)CCN(CC(C)N(CCC(=O)OCCCCCCCCCCCC)CCC(=O)OCCCCCCCCCCCC)CC(C)N(CCC(=O)OCCCCCCCCCCCC)CCC(=O)OCCCCCCCCCCCC,KW_2014,KW_2014,2
-4.322681,0.9703095,CCCCCCCCCCCCOC(=O)CCN(CC)CCCN(CC)CCC(=O)OCCCCCCCCCCCC,KW_2014,KW_2014,1
-6.3379917,0.197656079,CCCCCCCCCCCCOC(=O)CCN(CC)CCN(CC)CCC(=O)OCCCCCCCCCCCC,KW_2014,KW_2014,1
-4.6237454,0.445039028,CCCCCCCCCCCCOC(=O)CCN(CC)CCN(CCC(=O)OCCCCCCCCCCCC)CCC(=O)OCCCCCCCCCCCC,KW_2014,KW_2014,1
-6.620467,-0.235745805,CCCCCCCCCCCCOC(=O)CCN(CCC(=O)OCCCCCCCCCCCC)[C@H](c1ccccc1)[C@H](c1ccccc1)N(CCC(=O)OCCCCCCCCCCCC)CCC(=O)OCCCCCCCCCCCC,KW_2014,KW_2014,0
-5.2081094,2.469535305,CCCCCCCCCCCCOC(=O)CCN(CCC(=O)OCCCCCCCCCCCC)[C@@H](CO)CC(C)C,KW_2014,KW_2014,2
-5.2081094,2.778658505,CCCCCCCCCCCCOC(=O)CCN(CCC(=O)OCCCCCCCCCCCC)[C@@H](CO)CC(C)C,KW_2014,KW_2014,2
-5.306308,1.031332464,CCCCCCCCCCCCOC(=O)CCN(CCC(=O)OCCCCCCCCCCCC)[C@@H]1CCCC[C@H]1N(CCC(=O)OCCCCCCCCCCCC)CCC(=O)OCCCCCCCCCCCC,KW_2014,KW_2014,2
-6.026946,0.145471134,CCCCCCCCCCCCOC(=O)CCN(CCC(=O)OCCCCCCCCCCCC)[C@H]1CC[C@H](N(CCC(=O)OCCCCCCCCCCCC)CCC(=O)OCCCCCCCCCCCC)CC1,KW_2014,KW_2014,1
-5.306308,0.281304056,CCCCCCCCCCCCOC(=O)CCN(CCC(=O)OCCCCCCCCCCCC)[C@@H]1CCCC[C@@H]1N(CCC(=O)OCCCCCCCCCCCC)CCC(=O)OCCCCCCCCCCCC,KW_2014,KW_2014,1
-5.1482162,-0.200324502,CCCCCCCCCCCCOC(=O)CCN(CCC(=O)OCCCCCCCCCCCC)C(=O)C1CCCN1C,KW_2014,KW_2014,1
-5.135413,-0.6636094,CCCCCCCCCCCCOC(=O)CCN(CCC(=O)OCCCCCCCCCCCC)C(C)(C)C,KW_2014,KW_2014,0
-5.440283,-0.412536141,CCCCCCCCCCCCOC(=O)CCN(CCC(=O)OCCCCCCCCCCCC)C(C)(C)CC,KW_2014,KW_2014,0
-5.0713887,-1.031636445,CCCCCCCCCCCCOC(=O)CCN(CCC(=O)OCCCCCCCCCCCC)C(C)(C)CC(C)(C)C,KW_2014,KW_2014,0
-5.395414,-0.601799484,CCCCCCCCCCCCOC(=O)CCN(CCC(=O)OCCCCCCCCCCCC)C(C)(CO)CO,KW_2014,KW_2014,0
-5.562876,-0.209971926,CCCCCCCCCCCCOC(=O)CCN(CCC(=O)OCCCCCCCCCCCC)C(C)C,KW_2014,KW_2014,0
-5.6109242,-0.655106813,CCCCCCCCCCCCOC(=O)CCN(CCC(=O)OCCCCCCCCCCCC)C(C)C(C)C,KW_2014,KW_2014,0
-6.9997845,-0.326548286,CCCCCCCCCCCCOC(=O)CCN(CCC(=O)OCCCCCCCCCCCC)C(C)c1ccc(C)cc1,KW_2014,KW_2014,0
-6.0401607,-0.313637743,CCCCCCCCCCCCOC(=O)CCN(CCC(=O)OCCCCCCCCCCCC)C(C)CC,KW_2014,KW_2014,0
-5.975374,-0.385417925,CCCCCCCCCCCCOC(=O)CCN(CCC(=O)OCCCCCCCCCCCC)C(C)CCC,KW_2014,KW_2014,0
-5.6460013,-0.545883593,CCCCCCCCCCCCOC(=O)CCN(CCC(=O)OCCCCCCCCCCCC)C(C)CO,KW_2014,KW_2014,0
-5.015481,0.031333126,CCCCCCCCCCCCOC(=O)CCN(CCC(=O)OCCCCCCCCCCCC)C(c1ccccc1)(c1ccccc1)c1ccccc1,KW_2014,KW_2014,1
-5.6384954,-0.534813891,CCCCCCCCCCCCOC(=O)CCN(CCC(=O)OCCCCCCCCCCCC)C(c1ccccc1)c1ccccc1,KW_2014,KW_2014,0
-6.622272,-0.274148079,CCCCCCCCCCCCOC(=O)CCN(CCC(=O)OCCCCCCCCCCCC)C(CC)CC,KW_2014,KW_2014,0
-3.83282,-0.442342244,CCCCCCCCCCCCOC(=O)CCN(CCC(=O)OCCCCCCCCCCCC)C(CO)(CO)CO,KW_2014,KW_2014,0
-6.5124087,-0.780778162,CCCCCCCCCCCCOC(=O)CCN(CCC(=O)OCCCCCCCCCCCC)C(CO)C(C)(C)C,KW_2014,KW_2014,0
-4.9074287,-0.300057715,CCCCCCCCCCCCOC(=O)CCN(CCC(=O)OCCCCCCCCCCCC)C[C@@H](C)O,KW_2014,KW_2014,0
-4.858548,-0.278260397,CCCCCCCCCCCCOC(=O)CCN(CCC(=O)OCCCCCCCCCCCC)C[C@@H]1CCCN1CC,KW_2014,KW_2014,0
-4.858548,0.065694076,CCCCCCCCCCCCOC(=O)CCN(CCC(=O)OCCCCCCCCCCCC)C[C@H]1CCCN1CC,KW_2014,KW_2014,1
-4.6134725,-0.158840164,CCCCCCCCCCCCOC(=O)CCN(CCC(=O)OCCCCCCCCCCCC)C12C[C@H]3C[C@@H](C1)C[C@@H](C2)C3,KW_2014,KW_2014,1
-4.383453,-0.777217658,CCCCCCCCCCCCOC(=O)CCN(CCC(=O)OCCCCCCCCCCCC)c1c(-c2ccccc2)cc(-c2ccccc2)cc1-c1ccccc1,KW_2014,KW_2014,0
-5.306946,-0.865693678,CCCCCCCCCCCCOC(=O)CCN(CCC(=O)OCCCCCCCCCCCC)c1c(C)c(C)c(N(CCC(=O)OCCCCCCCCCCCC)CCC(=O)OCCCCCCCCCCCC)c(C)c1C,KW_2014,KW_2014,0
-5.8894033,0.041807708,CCCCCCCCCCCCOC(=O)CCN(CCC(=O)OCCCCCCCCCCCC)c1c(C)cc(-c2cc(C)c(N(CCC(=O)OCCCCCCCCCCCC)CCC(=O)OCCCCCCCCCCCC)c(C)c2)cc1C,KW_2014,KW_2014,1
-4.4246674,-0.297964902,CCCCCCCCCCCCOC(=O)CCN(CCC(=O)OCCCCCCCCCCCC)c1c(CC)cccc1CC,KW_2014,KW_2014,0
-4.449437,-0.452698618,CCCCCCCCCCCCOC(=O)CCN(CCC(=O)OCCCCCCCCCCCC)c1c(F)cc(F)cc1F,KW_2014,KW_2014,0
-5.3213964,-0.466382237,CCCCCCCCCCCCOC(=O)CCN(CCC(=O)OCCCCCCCCCCCC)c1c(N(CCC(=O)OCCCCCCCCCCCC)CCC(=O)OCCCCCCCCCCCC)c2ccccc2c2ccccc12,KW_2014,KW_2014,0
-5.377014,-0.947375141,CCCCCCCCCCCCOC(=O)CCN(CCC(=O)OCCCCCCCCCCCC)c1cc(C(C)(C)C)ccc1C(C)(C)C,KW_2014,KW_2014,0
-4.6349382,-1.151005678,CCCCCCCCCCCCOC(=O)CCN(CCC(=O)OCCCCCCCCCCCC)c1cc(C(C)(C)C)ccc1OC,KW_2014,KW_2014,0
-6.5753465,-1.277147572,CCCCCCCCCCCCOC(=O)CCN(CCC(=O)OCCCCCCCCCCCC)c1cc(C)c(C)cc1N(CCC(=O)OCCCCCCCCCCCC)CCC(=O)OCCCCCCCCCCCC,KW_2014,KW_2014,0
-5.164892,-1.214327581,CCCCCCCCCCCCOC(=O)CCN(CCC(=O)OCCCCCCCCCCCC)c1cc(F)c(F)c(F)c1,KW_2014,KW_2014,0
-5.387246,-0.272597669,CCCCCCCCCCCCOC(=O)CCN(CCC(=O)OCCCCCCCCCCCC)c1cc(F)cc(F)c1,KW_2014,KW_2014,0
-5.257772,-0.65402303,CCCCCCCCCCCCOC(=O)CCN(CCC(=O)OCCCCCCCCCCCC)c1cc(F)ccc1F,KW_2014,KW_2014,0
-5.768871,-0.880091448,CCCCCCCCCCCCOC(=O)CCN(CCC(=O)OCCCCCCCCCCCC)c1cc(OC)ccc1OC,KW_2014,KW_2014,0
-6.632703,-0.269886245,CCCCCCCCCCCCOC(=O)CCN(CCC(=O)OCCCCCCCCCCCC)C1CC1,KW_2014,KW_2014,0
-5.6195693,-0.055612433,CCCCCCCCCCCCOC(=O)CCN(CCC(=O)OCCCCCCCCCCCC)C1CC2CCC1C2,KW_2014,KW_2014,1
-6.0992775,0.78950938,CCCCCCCCCCCCOC(=O)CCN(CCC(=O)OCCCCCCCCCCCC)C1Cc2ccccc2C1,KW_2014,KW_2014,1
-5.9695497,-0.420748094,CCCCCCCCCCCCOC(=O)CCN(CCC(=O)OCCCCCCCCCCCC)c1ccc(-c2ccc(N(CCC(=O)OCCCCCCCCCCCC)CCC(=O)OCCCCCCCCCCCC)c(C)c2)cc1C,KW_2014,KW_2014,0
-6.3187733,-0.958029281,CCCCCCCCCCCCOC(=O)CCN(CCC(=O)OCCCCCCCCCCCC)c1ccc(-c2ccc(N(CCC(=O)OCCCCCCCCCCCC)CCC(=O)OCCCCCCCCCCCC)c(N(CCC(=O)OCCCCCCCCCCCC)CCC(=O)OCCCCCCCCCCCC)c2)cc1N(CCC(=O)OCCCCCCCCCCCC)CCC(=O)OCCCCCCCCCCCC,KW_2014,KW_2014,0
-4.8512173,-1.277147572,CCCCCCCCCCCCOC(=O)CCN(CCC(=O)OCCCCCCCCCCCC)c1ccc(-c2ccccc2)cc1,KW_2014,KW_2014,0
-5.393676,-0.331617909,CCCCCCCCCCCCOC(=O)CCN(CCC(=O)OCCCCCCCCCCCC)c1ccc(C(C)(C)C)cc1,KW_2014,KW_2014,0
-5.6452174,-0.228039455,CCCCCCCCCCCCOC(=O)CCN(CCC(=O)OCCCCCCCCCCCC)c1ccc(C(C)C)cc1,KW_2014,KW_2014,0
-5.7749157,-0.800586037,CCCCCCCCCCCCOC(=O)CCN(CCC(=O)OCCCCCCCCCCCC)c1ccc(C)c(F)c1,KW_2014,KW_2014,0
-6.4577136,-0.598588753,CCCCCCCCCCCCOC(=O)CCN(CCC(=O)OCCCCCCCCCCCC)c1ccc(C)c(N(CCC(=O)OCCCCCCCCCCCC)CCC(=O)OCCCCCCCCCCCC)c1,KW_2014,KW_2014,0
-6.698461,-0.274407196,CCCCCCCCCCCCOC(=O)CCN(CCC(=O)OCCCCCCCCCCCC)c1ccc(C)cc1N(CCC(=O)OCCCCCCCCCCCC)CCC(=O)OCCCCCCCCCCCC,KW_2014,KW_2014,0
-5.205324,0.109577092,CCCCCCCCCCCCOC(=O)CCN(CCC(=O)OCCCCCCCCCCCC)c1ccc(C2(c3ccc(N(CCC(=O)OCCCCCCCCCCCC)CCC(=O)OCCCCCCCCCCCC)cc3)c3ccccc3-c3ccccc32)cc1,KW_2014,KW_2014,1
-4.7817373,0.378923375,CCCCCCCCCCCCOC(=O)CCN(CCC(=O)OCCCCCCCCCCCC)C1CCC(CC2CCC(N(CCC(=O)OCCCCCCCCCCCC)CCC(=O)OCCCCCCCCCCCC)C(C)C2)CC1C,KW_2014,KW_2014,1
-6.6167226,-0.608810192,CCCCCCCCCCCCOC(=O)CCN(CCC(=O)OCCCCCCCCCCCC)c1ccc(Cc2ccc(N(CCC(=O)OCCCCCCCCCCCC)CCC(=O)OCCCCCCCCCCCC)cc2)cc1,KW_2014,KW_2014,0
-5.053837,-0.348545481,CCCCCCCCCCCCOC(=O)CCN(CCC(=O)OCCCCCCCCCCCC)c1ccc(F)c(F)c1,KW_2014,KW_2014,0
-5.9769807,-0.245495274,CCCCCCCCCCCCOC(=O)CCN(CCC(=O)OCCCCCCCCCCCC)c1ccc(F)cc1,KW_2014,KW_2014,0
-5.570782,-0.168968085,CCCCCCCCCCCCOC(=O)CCN(CCC(=O)OCCCCCCCCCCCC)c1ccc(F)cc1C(F)(F)F,KW_2014,KW_2014,1
-4.394151,-0.073884103,CCCCCCCCCCCCOC(=O)CCN(CCC(=O)OCCCCCCCCCCCC)c1ccc(N(CCC(=O)OCCCCCCCCCCCC)c2ccccc2)cc1,KW_2014,KW_2014,1
-6.790494,-0.555416733,CCCCCCCCCCCCOC(=O)CCN(CCC(=O)OCCCCCCCCCCCC)c1ccc(N(CCC(=O)OCCCCCCCCCCCC)CCC(=O)OCCCCCCCCCCCC)cc1,KW_2014,KW_2014,0
-5.275922,-0.251917165,CCCCCCCCCCCCOC(=O)CCN(CCC(=O)OCCCCCCCCCCCC)c1ccc(OC(F)(F)F)cc1,KW_2014,KW_2014,0
-5.438655,-0.473907328,CCCCCCCCCCCCOC(=O)CCN(CCC(=O)OCCCCCCCCCCCC)c1ccc(OC(F)F)cc1,KW_2014,KW_2014,0
-5.4301143,-0.136830107,CCCCCCCCCCCCOC(=O)CCN(CCC(=O)OCCCCCCCCCCCC)c1ccc(OC)c(F)c1,KW_2014,KW_2014,1
-5.0455246,-1.250430892,CCCCCCCCCCCCOC(=O)CCN(CCC(=O)OCCCCCCCCCCCC)c1ccc(Oc2ccc(F)cc2)cc1,KW_2014,KW_2014,0
-6.311336,0.040404046,CCCCCCCCCCCCOC(=O)CCN(CCC(=O)OCCCCCCCCCCCC)c1ccc(Oc2ccc(N(CCC(=O)OCCCCCCCCCCCC)CCC(=O)OCCCCCCCCCCCC)cc2)cc1,KW_2014,KW_2014,1
-5.562831,-0.436855241,CCCCCCCCCCCCOC(=O)CCN(CCC(=O)OCCCCCCCCCCCC)c1ccc(Oc2ccccc2)cc1,KW_2014,KW_2014,0
-5.218291,-0.83210581,CCCCCCCCCCCCOC(=O)CCN(CCC(=O)OCCCCCCCCCCCC)c1ccc(OCCCCCCCC)cc1,KW_2014,KW_2014,0
-6.289602,-0.785374926,CCCCCCCCCCCCOC(=O)CCN(CCC(=O)OCCCCCCCCCCCC)C1CCC1,KW_2014,KW_2014,0
-5.121892,-1.277147572,CCCCCCCCCCCCOC(=O)CCN(CCC(=O)OCCCCCCCCCCCC)c1ccc2c(c1)Cc1cc(N(CCC(=O)OCCCCCCCCCCCC)CCC(=O)OCCCCCCCCCCCC)ccc1-2,KW_2014,KW_2014,0
-5.6561794,0.01784778,CCCCCCCCCCCCOC(=O)CCN(CCC(=O)OCCCCCCCCCCCC)c1ccc2c(c1)CCCC2,KW_2014,KW_2014,1
-5.5743837,1.818903993,CCCCCCCCCCCCOC(=O)CCN(CCC(=O)OCCCCCCCCCCCC)c1ccc2c(c1)OCCO2,KW_2014,KW_2014,2
-5.323533,-1.277147572,CCCCCCCCCCCCOC(=O)CCN(CCC(=O)OCCCCCCCCCCCC)c1ccc2c(c1)OCO2,KW_2014,KW_2014,0
-4.340536,-1.277147572,CCCCCCCCCCCCOC(=O)CCN(CCC(=O)OCCCCCCCCCCCC)c1ccc2cc3ccccc3cc2c1,KW_2014,KW_2014,0
-5.654516,0.179954645,CCCCCCCCCCCCOC(=O)CCN(CCC(=O)OCCCCCCCCCCCC)C1CCc2ccccc21,KW_2014,KW_2014,1
-5.874758,-0.379448563,CCCCCCCCCCCCOC(=O)CCN(CCC(=O)OCCCCCCCCCCCC)c1ccc2ccccc2c1-c1c(N(CCC(=O)OCCCCCCCCCCCC)CCC(=O)OCCCCCCCCCCCC)ccc2ccccc12,KW_2014,KW_2014,0
-5.061216,-0.348573318,CCCCCCCCCCCCOC(=O)CCN(CCC(=O)OCCCCCCCCCCCC)c1cccc(-c2ccccc2)c1,KW_2014,KW_2014,0
-5.0470333,-0.245562548,CCCCCCCCCCCCOC(=O)CCN(CCC(=O)OCCCCCCCCCCCC)c1cccc(C(F)(F)F)c1,KW_2014,KW_2014,0
-5.9824047,-0.403263723,CCCCCCCCCCCCOC(=O)CCN(CCC(=O)OCCCCCCCCCCCC)c1cccc(C)c1N(CCC(=O)OCCCCCCCCCCCC)CCC(=O)OCCCCCCCCCCCC,KW_2014,KW_2014,0
-5.706815,-1.277147572,CCCCCCCCCCCCOC(=O)CCN(CCC(=O)OCCCCCCCCCCCC)c1cccc(F)c1,KW_2014,KW_2014,0
-4.587087,0.888885354,CCCCCCCCCCCCOC(=O)CCN(CCC(=O)OCCCCCCCCCCCC)C1CCCC(N(CCC(=O)OCCCCCCCCCCCC)CCC(=O)OCCCCCCCCCCCC)C1,KW_2014,KW_2014,1
-6.569323,0.372861484,CCCCCCCCCCCCOC(=O)CCN(CCC(=O)OCCCCCCCCCCCC)c1cccc(N(CCC(=O)OCCCCCCCCCCCC)CCC(=O)OCCCCCCCCCCCC)c1,KW_2014,KW_2014,1
-6.5379343,-0.27777399,CCCCCCCCCCCCOC(=O)CCN(CCC(=O)OCCCCCCCCCCCC)c1cccc(N(CCC(=O)OCCCCCCCCCCCC)CCC(=O)OCCCCCCCCCCCC)c1C,KW_2014,KW_2014,0
-5.7371497,-0.850704718,CCCCCCCCCCCCOC(=O)CCN(CCC(=O)OCCCCCCCCCCCC)c1cccc(OC(C)C)c1,KW_2014,KW_2014,0
-4.8569274,-1.083837909,CCCCCCCCCCCCOC(=O)CCN(CCC(=O)OCCCCCCCCCCCC)c1cccc(OCc2ccccc2)c1,KW_2014,KW_2014,0
-5.4037066,-0.347683824,CCCCCCCCCCCCOC(=O)CCN(CCC(=O)OCCCCCCCCCCCC)c1cccc2c1CCC2,KW_2014,KW_2014,0
-6.1738696,0.163086033,CCCCCCCCCCCCOC(=O)CCN(CCC(=O)OCCCCCCCCCCCC)c1cccc2cccc(N(CCC(=O)OCCCCCCCCCCCC)CCC(=O)OCCCCCCCCCCCC)c12,KW_2014,KW_2014,1
-6.0231895,-0.335809464,CCCCCCCCCCCCOC(=O)CCN(CCC(=O)OCCCCCCCCCCCC)C1CCCCC1,KW_2014,KW_2014,0
-5.7135863,-0.773324424,CCCCCCCCCCCCOC(=O)CCN(CCC(=O)OCCCCCCCCCCCC)c1ccccc1C(C)(C)C,KW_2014,KW_2014,0
-5.701329,-1.16618356,CCCCCCCCCCCCOC(=O)CCN(CCC(=O)OCCCCCCCCCCCC)c1ccccc1C(C)C,KW_2014,KW_2014,0
-4.390057,-0.03817126,CCCCCCCCCCCCOC(=O)CCN(CCC(=O)OCCCCCCCCCCCC)c1ccccc1Cc1ccccc1,KW_2014,KW_2014,1
-4.7180395,-0.286881394,CCCCCCCCCCCCOC(=O)CCN(CCC(=O)OCCCCCCCCCCCC)c1ccccc1N(CCC(=O)OCCCCCCCCCCCC)c1ccccc1,KW_2014,KW_2014,0
-5.6808558,0.034545044,CCCCCCCCCCCCOC(=O)CCN(CCC(=O)OCCCCCCCCCCCC)c1ccccc1OC,KW_2014,KW_2014,1
-5.058822,-1.277147572,CCCCCCCCCCCCOC(=O)CCN(CCC(=O)OCCCCCCCCCCCC)c1ccccc1Oc1ccccc1,KW_2014,KW_2014,0
-5.7774725,-1.124692991,CCCCCCCCCCCCOC(=O)CCN(CCC(=O)OCCCCCCCCCCCC)c1ccccc1OCC,KW_2014,KW_2014,0
-5.234101,-0.335157326,CCCCCCCCCCCCOC(=O)CCN(CCC(=O)OCCCCCCCCCCCC)C1CCCCCCC1,KW_2014,KW_2014,0
-6.4041333,-1.277147572,CCCCCCCCCCCCOC(=O)CCN(CCC(=O)OCCCCCCCCCCCC)C1CCN(C)CC1,KW_2014,KW_2014,0
-5.819981,0.450849685,CCCCCCCCCCCCOC(=O)CCN(CCC(=O)OCCCCCCCCCCCC)c1nc(N(CCC(=O)OCCCCCCCCCCCC)CCC(=O)OCCCCCCCCCCCC)nc(N(CCC(=O)OCCCCCCCCCCCC)CCC(=O)OCCCCCCCCCCCC)n1,KW_2014,KW_2014,1
-6.185492,-0.664411124,CCCCCCCCCCCCOC(=O)CCN(CCC(=O)OCCCCCCCCCCCC)CC(=O)N(C)c1ccccc1,KW_2014,KW_2014,0
-6.513594,0.110139605,CCCCCCCCCCCCOC(=O)CCN(CCC(=O)OCCCCCCCCCCCC)CC(C)(C)CN(C)C,KW_2014,KW_2014,1
-6.7817597,0.006197859,CCCCCCCCCCCCOC(=O)CCN(CCC(=O)OCCCCCCCCCCCC)CC(C)(C)CO,KW_2014,KW_2014,1
-6.6158533,-0.309116411,CCCCCCCCCCCCOC(=O)CCN(CCC(=O)OCCCCCCCCCCCC)CC(C)C,KW_2014,KW_2014,0
-6.4358187,-0.345233628,CCCCCCCCCCCCOC(=O)CCN(CCC(=O)OCCCCCCCCCCCC)CC(C)CC,KW_2014,KW_2014,0
-4.2215123,2.535212968,CCCCCCCCCCCCOC(=O)CCN(CCC(=O)OCCCCCCCCCCCC)CC(C)N(CCC(=O)OCCCCCCCCCCCC)CCC(=O)OCCCCCCCCCCCC,KW_2014,KW_2014,2
-6.091825,-0.43798354,CCCCCCCCCCCCOC(=O)CCN(CCC(=O)OCCCCCCCCCCCC)CC(CC)CCCC,KW_2014,KW_2014,0
-5.6442847,-0.25312253,CCCCCCCCCCCCOC(=O)CCN(CCC(=O)OCCCCCCCCCCCC)CC(OC)OC,KW_2014,KW_2014,0
-5.8065457,-0.644354317,CCCCCCCCCCCCOC(=O)CCN(CCC(=O)OCCCCCCCCCCCC)CC[C@H](C)O,KW_2014,KW_2014,0
-6.102304,2.910175892,CCCCCCCCCCCCOC(=O)CCN(CCC(=O)OCCCCCCCCCCCC)CC1(C)CC(N(CCC(=O)OCCCCCCCCCCCC)CCC(=O)OCCCCCCCCCCCC)CC(C)(C)C1,KW_2014,KW_2014,2
-5.320049,-0.945275445,CCCCCCCCCCCCOC(=O)CCN(CCC(=O)OCCCCCCCCCCCC)CC12C[C@H]3C[C@@H](C1)C[C@@H](C2)C3,KW_2014,KW_2014,0
-5.8229256,-0.634476193,CCCCCCCCCCCCOC(=O)CCN(CCC(=O)OCCCCCCCCCCCC)Cc1cc(C)c(OC)c(OC)c1,KW_2014,KW_2014,0
-6.4210167,0.790755923,CCCCCCCCCCCCOC(=O)CCN(CCC(=O)OCCCCCCCCCCCC)Cc1cc(F)ccc1F,KW_2014,KW_2014,1
-5.600088,0.064671252,CCCCCCCCCCCCOC(=O)CCN(CCC(=O)OCCCCCCCCCCCC)CC1CCC(CN(CCC(=O)OCCCCCCCCCCCC)CCC(=O)OCCCCCCCCCCCC)CC1,KW_2014,KW_2014,1
-5.648825,-1.154675939,CCCCCCCCCCCCOC(=O)CCN(CCC(=O)OCCCCCCCCCCCC)CC1CCCC(CN(CCC(=O)OCCCCCCCCCCCC)CCC(=O)OCCCCCCCCCCCC)C1,KW_2014,KW_2014,0
-5.132168,3.691088335,CCCCCCCCCCCCOC(=O)CCN(CCC(=O)OCCCCCCCCCCCC)Cc1cccc(CN(CCC(=O)OCCCCCCCCCCCC)CCC(=O)OCCCCCCCCCCCC)c1,KW_2014,KW_2014,2
-6.8677487,-0.339667007,CCCCCCCCCCCCOC(=O)CCN(CCC(=O)OCCCCCCCCCCCC)Cc1cccc(F)c1,KW_2014,KW_2014,0
-4.3694797,-0.978194592,CCCCCCCCCCCCOC(=O)CCN(CCC(=O)OCCCCCCCCCCCC)Cc1cccc(N(CCC(=O)OCCCCCCCCCCCC)CCC(=O)OCCCCCCCCCCCC)c1,KW_2014,KW_2014,0
-6.7034044,-0.164673709,CCCCCCCCCCCCOC(=O)CCN(CCC(=O)OCCCCCCCCCCCC)CC1CCCCC1,KW_2014,KW_2014,1
-6.5837564,-1.277147572,CCCCCCCCCCCCOC(=O)CCN(CCC(=O)OCCCCCCCCCCCC)Cc1ccccc1F,KW_2014,KW_2014,0
-5.677942,-0.840175362,CCCCCCCCCCCCOC(=O)CCN(CCC(=O)OCCCCCCCCCCCC)Cc1ccccc1N(CCC(=O)OCCCCCCCCCCCC)CCC(=O)OCCCCCCCCCCCC,KW_2014,KW_2014,0
-5.9430313,-0.701070632,CCCCCCCCCCCCOC(=O)CCN(CCC(=O)OCCCCCCCCCCCC)Cc1ccccc1OC,KW_2014,KW_2014,0
-7.2939243,-0.385068408,CCCCCCCCCCCCOC(=O)CCN(CCC(=O)OCCCCCCCCCCCC)Cc1ccccc1OCC,KW_2014,KW_2014,0
-5.920745,-0.242734407,CCCCCCCCCCCCOC(=O)CCN(CCC(=O)OCCCCCCCCCCCC)CC1CCCN1C,KW_2014,KW_2014,0
-5.595325,2.736871266,CCCCCCCCCCCCOC(=O)CCN(CCC(=O)OCCCCCCCCCCCC)CC1CCCN1CCC(=O)OCCCCCCCCCCCC,KW_2014,KW_2014,2
-5.801191,-0.683855927,CCCCCCCCCCCCOC(=O)CCN(CCC(=O)OCCCCCCCCCCCC)CC1CCCO1,KW_2014,KW_2014,0
-6.189045,-1.202509367,CCCCCCCCCCCCOC(=O)CCN(CCC(=O)OCCCCCCCCCCCC)CC1CCN(C)CC1,KW_2014,KW_2014,0
-5.496167,-0.538604816,CCCCCCCCCCCCOC(=O)CCN(CCC(=O)OCCCCCCCCCCCC)CC1COC(C)(C)O1,KW_2014,KW_2014,0
-5.9935517,-0.203729415,CCCCCCCCCCCCOC(=O)CCN(CCC(=O)OCCCCCCCCCCCC)Cc1nccn1C,KW_2014,KW_2014,1
-4.9274654,0.114270655,CCCCCCCCCCCCOC(=O)CCN(CCC(=O)OCCCCCCCCCCCC)CCC(=O)N1CCN(CCC(=O)OCCCCCCCCCCCC)CC1,KW_2014,KW_2014,1
-6.1416297,-0.19951276,CCCCCCCCCCCCOC(=O)CCN(CCC(=O)OCCCCCCCCCCCC)CCC(C)(C)C,KW_2014,KW_2014,1
-5.657064,-0.968418544,CCCCCCCCCCCCOC(=O)CCN(CCC(=O)OCCCCCCCCCCCC)CCC(C)C,KW_2014,KW_2014,0
-5.994944,0.320322084,CCCCCCCCCCCCOC(=O)CCN(CCC(=O)OCCCCCCCCCCCC)CCC(c1ccccc1)c1ccccc1,KW_2014,KW_2014,1
-5.294617,0.014037801,CCCCCCCCCCCCOC(=O)CCN(CCC(=O)OCCCCCCCCCCCC)CCC1CCC(C)CC1,KW_2014,KW_2014,1
-5.534976,-0.509091184,CCCCCCCCCCCCOC(=O)CCN(CCC(=O)OCCCCCCCCCCCC)CCC1CCC(CC)CC1,KW_2014,KW_2014,0
-4.6671867,-0.215476259,CCCCCCCCCCCCOC(=O)CCN(CCC(=O)OCCCCCCCCCCCC)CCc1ccc(OC)c(OC)c1,KW_2014,KW_2014,0
-6.086026,-0.98456614,CCCCCCCCCCCCOC(=O)CCN(CCC(=O)OCCCCCCCCCCCC)CCc1ccc(OC)cc1,KW_2014,KW_2014,0
-6.0104,-0.472915591,CCCCCCCCCCCCOC(=O)CCN(CCC(=O)OCCCCCCCCCCCC)CCc1ccccc1F,KW_2014,KW_2014,0
-6.5850296,-0.148784765,CCCCCCCCCCCCOC(=O)CCN(CCC(=O)OCCCCCCCCCCCC)CCC1OCCO1,KW_2014,KW_2014,1
-5.2607927,-0.326760644,CCCCCCCCCCCCOC(=O)CCN(CCC(=O)OCCCCCCCCCCCC)CCN(C(C)C)C(C)C,KW_2014,KW_2014,0
-5.460175,-0.489539254,CCCCCCCCCCCCOC(=O)CCN(CCC(=O)OCCCCCCCCCCCC)CCN(C)C,KW_2014,KW_2014,0
-1.6432565,2.716064439,CCCCCCCCCCCCOC(=O)CCN(CCC(=O)OCCCCCCCCCCCC)CCN(C)CCCN(C)CCN(CCC(=O)OCCCCCCCCCCCC)CCC(=O)OCCCCCCCCCCCC,KW_2014,KW_2014,2
3.9050734,4.313500646,CCCCCCCCCCCCOC(=O)CCN(CCC(=O)OCCCCCCCCCCCC)CCN(C)CCN(C)CCN(CCC(=O)OCCCCCCCCCCCC)CCC(=O)OCCCCCCCCCCCC,KW_2014,KW_2014,3
-2.3694656,2.175437157,CCCCCCCCCCCCOC(=O)CCN(CCC(=O)OCCCCCCCCCCCC)CCN(C)CCN(CCC(=O)OCCCCCCCCCCCC)CCC(=O)OCCCCCCCCCCCC,KW_2014,KW_2014,2
-3.3040247,3.345767656,CCCCCCCCCCCCOC(=O)CCN(CCC(=O)OCCCCCCCCCCCC)CCN(CC)CCN(CC)CCN(CCC(=O)OCCCCCCCCCCCC)CCC(=O)OCCCCCCCCCCCC,KW_2014,KW_2014,2
-5.018364,-1.141577,CCCCCCCCCCCCOC(=O)CCN(CCC(=O)OCCCCCCCCCCCC)CCN(CCC(=O)OCCCCCCCCCCCC)C(C)C,KW_2014,KW_2014,0
-5.6541953,-0.647568281,CCCCCCCCCCCCOC(=O)CCN(CCC(=O)OCCCCCCCCCCCC)CCN(CCC(=O)OCCCCCCCCCCCC)c1ccccc1,KW_2014,KW_2014,0
-5.1241326,-1.277147572,CCCCCCCCCCCCOC(=O)CCN(CCC(=O)OCCCCCCCCCCCC)CCN(CCC(=O)OCCCCCCCCCCCC)Cc1ccccc1,KW_2014,KW_2014,0
-4.138048,0.88008017,CCCCCCCCCCCCOC(=O)CCN(CCC(=O)OCCCCCCCCCCCC)CCN(CCC(=O)OCCCCCCCCCCCC)CCC(=O)OCCCCCCCCCCCC,KW_2014,KW_2014,1
-4.4492283,0.491284154,CCCCCCCCCCCCOC(=O)CCN(CCC(=O)OCCCCCCCCCCCC)CCN(CCC(=O)OCCCCCCCCCCCC)CCN(CC)CC,KW_2014,KW_2014,1
-5.5956635,0.596185297,CCCCCCCCCCCCOC(=O)CCN(CCC(=O)OCCCCCCCCCCCC)CCN(CCC(=O)OCCCCCCCCCCCC)CCN(CCC(=O)OCCCCCCCCCCCC)CCC(=O)OCCCCCCCCCCCC,KW_2014,KW_2014,1
-6.58186,0.909417655,CCCCCCCCCCCCOC(=O)CCN(CCC(=O)OCCCCCCCCCCCC)CCN(CCC(=O)OCCCCCCCCCCCC)CCN(CCC(=O)OCCCCCCCCCCCC)CCN(CCC(=O)OCCCCCCCCCCCC)CCC(=O)OCCCCCCCCCCCC,KW_2014,KW_2014,1
-6.378765,1.225119488,CCCCCCCCCCCCOC(=O)CCN(CCC(=O)OCCCCCCCCCCCC)CCN(CCC(=O)OCCCCCCCCCCCC)CCN(CCC(=O)OCCCCCCCCCCCC)CCN(CCC(=O)OCCCCCCCCCCCC)CCN(CCC(=O)OCCCCCCCCCCCC)CCC(=O)OCCCCCCCCCCCC,KW_2014,KW_2014,2
-6.455848,-0.336827815,CCCCCCCCCCCCOC(=O)CCN(CCC(=O)OCCCCCCCCCCCC)CCN(CCC(=O)OCCCCCCCCCCCC)CCN(CCC(=O)OCCCCCCCCCCCC)CCN(CCC(=O)OCCCCCCCCCCCC)CCN(CCC(=O)OCCCCCCCCCCCC)CCN(CCC(=O)OCCCCCCCCCCCC)CCC(=O)OCCCCCCCCCCCC,KW_2014,KW_2014,0
-3.3849616,2.233612688,CCCCCCCCCCCCOC(=O)CCN(CCC(=O)OCCCCCCCCCCCC)CCN(CCC(=O)OCCCCCCCCCCCC)CCN1CCN(CCN(CCC(=O)OCCCCCCCCCCCC)CCC(=O)OCCCCCCCCCCCC)CC1,KW_2014,KW_2014,2
-3.9918714,0.357369925,CCCCCCCCCCCCOC(=O)CCN(CCC(=O)OCCCCCCCCCCCC)CCN(CCCCCCCCCCCC)CCN(CCC(=O)OCCCCCCCCCCCC)CCC(=O)OCCCCCCCCCCCC,KW_2014,KW_2014,1
-6.862525,0.935819436,CCCCCCCCCCCCOC(=O)CCN(CCC(=O)OCCCCCCCCCCCC)CCN(CCN(CCC(=O)OCCCCCCCCCCCC)CCC(=O)OCCCCCCCCCCCC)CCN(CCC(=O)OCCCCCCCCCCCC)CCC(=O)OCCCCCCCCCCCC,KW_2014,KW_2014,1
-3.5463622,-0.818333229,CCCCCCCCCCCCOC(=O)CCN(CCC(=O)OCCCCCCCCCCCC)CCN(CCO)CCO,KW_2014,KW_2014,0
-6.012354,-0.290358559,CCCCCCCCCCCCOC(=O)CCN(CCC(=O)OCCCCCCCCCCCC)CCN1CCCC1,KW_2014,KW_2014,0
-5.6024613,0.47354537,CCCCCCCCCCCCOC(=O)CCN(CCC(=O)OCCCCCCCCCCCC)CCN1CCCCC1,KW_2014,KW_2014,1
-4.1500797,1.5387846,CCCCCCCCCCCCOC(=O)CCN(CCC(=O)OCCCCCCCCCCCC)CCN1CCN(CCC(=O)OCCCCCCCCCCCC)CC1,KW_2014,KW_2014,2
-3.5731773,4.221889374,CCCCCCCCCCCCOC(=O)CCN(CCC(=O)OCCCCCCCCCCCC)CCN1CCN(CCN(CCC(=O)OCCCCCCCCCCCC)CCC(=O)OCCCCCCCCCCCC)CC1,KW_2014,KW_2014,3
-4.9191,0.221315277,CCCCCCCCCCCCOC(=O)CCN(CCC(=O)OCCCCCCCCCCCC)CCN1CCOCC1,KW_2014,KW_2014,1
-4.8484197,-0.358238148,CCCCCCCCCCCCOC(=O)CCN(CCC(=O)OCCCCCCCCCCCC)CN(CC)CCC,KW_2014,KW_2014,0
-6.411659,0.019397056,CCCCCCCCCCCCOC(=O)CCN(CCC)CCC(=O)OCCCCCCCCCCCC,KW_2014,KW_2014,1
-4.1458054,-0.188632223,CCCCCCCCCCCCOC(=O)CCN(CCC)CCCN(CCC(=O)OCCCCCCCCCCCC)CCC(=O)OCCCCCCCCCCCC,KW_2014,KW_2014,1
-6.0978613,-0.100862679,CCCCCCCCCCCCOC(=O)CCN(CCCC)CCC(=O)OCCCCCCCCCCCC,KW_2014,KW_2014,1
-6.1971803,-0.232457257,CCCCCCCCCCCCOC(=O)CCN(CCCc1ccccc1)CCC(=O)OCCCCCCCCCCCC,KW_2014,KW_2014,0
-6.053085,0.062593293,CCCCCCCCCCCCOC(=O)CCN(CCCCC)CCC(=O)OCCCCCCCCCCCC,KW_2014,KW_2014,1
-6.4794507,-0.526926456,CCCCCCCCCCCCOC(=O)CCN(CCCCc1ccccc1)CCC(=O)OCCCCCCCCCCCC,KW_2014,KW_2014,0
-6.2478027,0.303979853,CCCCCCCCCCCCOC(=O)CCN(CCCCCC)CCC(=O)OCCCCCCCCCCCC,KW_2014,KW_2014,1
-6.774156,-0.046599209,CCCCCCCCCCCCOC(=O)CCN(CCCCCCCCN(CCC(=O)OCCCCCCCCCCCC)CCC(=O)OCCCCCCCCCCCC)CCC(=O)OCCCCCCCCCCCC,KW_2014,KW_2014,1
-5.383542,-0.088687976,CCCCCCCCCCCCOC(=O)CCN(CCCCCCN(CCC(=O)OCCCCCCCCCCCC)CCC(=O)OCCCCCCCCCCCC)CCCCCCN(CCC(=O)OCCCCCCCCCCCC)CCC(=O)OCCCCCCCCCCCC,KW_2014,KW_2014,1
-6.189762,0.64961134,CCCCCCCCCCCCOC(=O)CCN(CCCCCCO)CCC(=O)OCCCCCCCCCCCC,KW_2014,KW_2014,1
-6.415919,1.06678511,CCCCCCCCCCCCOC(=O)CCN(CCCCCO)CCC(=O)OCCCCCCCCCCCC,KW_2014,KW_2014,2
-5.862977,0.094442296,CCCCCCCCCCCCOC(=O)CCN(CCCCN(C)Cc1ccccc1)CCC(=O)OCCCCCCCCCCCC,KW_2014,KW_2014,1
-6.210973,-0.32461113,CCCCCCCCCCCCOC(=O)CCN(CCCCN1CCN(C)CC1)CCC(=O)OCCCCCCCCCCCC,KW_2014,KW_2014,0
-6.5195045,0.459089278,CCCCCCCCCCCCOC(=O)CCN(CCCCO)CCC(=O)OCCCCCCCCCCCC,KW_2014,KW_2014,1
-5.3662925,-1.16274601,CCCCCCCCCCCCOC(=O)CCN(CCCN(C)C)CCC(=O)OCCCCCCCCCCCC,KW_2014,KW_2014,0
-5.3662925,0.044053233,CCCCCCCCCCCCOC(=O)CCN(CCCN(C)C)CCC(=O)OCCCCCCCCCCCC,KW_2014,KW_2014,1
-1.0125418,2.327221967,CCCCCCCCCCCCOC(=O)CCN(CCCN(C)C)CCCN(CCC(=O)OCCCCCCCCCCCC)CCC(=O)OCCCCCCCCCCCC,KW_2014,KW_2014,2
-0.68395054,4.148872257,CCCCCCCCCCCCOC(=O)CCN(CCCN(C)CCCN(CCC(=O)OCCCCCCCCCCCC)CCC(=O)OCCCCCCCCCCCC)CCC(=O)OCCCCCCCCCCCC,KW_2014,KW_2014,3
-3.396295,-0.189569663,CCCCCCCCCCCCOC(=O)CCN(CCCN(CC)CC)CCC(=O)OCCCCCCCCCCCC,KW_2014,KW_2014,1
-5.3137207,1.380419397,CCCCCCCCCCCCOC(=O)CCN(CCCN(CCC(=O)OCCCCCCCCCCCC)CCC(=O)OCCCCCCCCCCCC)CCC(=O)OCCCCCCCCCCCC,KW_2014,KW_2014,2
-5.112375,0.548749303,CCCCCCCCCCCCOC(=O)CCN(CCCN(CCC(=O)OCCCCCCCCCCCC)CCC(=O)OCCCCCCCCCCCC)CCCN(CCC(=O)OCCCCCCCCCCCC)CCC(=O)OCCCCCCCCCCCC,KW_2014,KW_2014,1
-5.564512,1.123904248,CCCCCCCCCCCCOC(=O)CCN(CCCN(CCC(=O)OCCCCCCCCCCCC)CCN(CCC(=O)OCCCCCCCCCCCC)CCC(=O)OCCCCCCCCCCCC)CCC(=O)OCCCCCCCCCCCC,KW_2014,KW_2014,2
-6.2455206,-0.962945226,CCCCCCCCCCCCOC(=O)CCN(CCCN(CCC(=O)OCCCCCCCCCCCC)CCN(CCC(=O)OCCCCCCCCCCCC)CCC(=O)OCCCCCCCCCCCC)CCN(CCC(=O)OCCCCCCCCCCCC)CCC(=O)OCCCCCCCCCCCC,KW_2014,KW_2014,0
-5.545267,-0.652269399,CCCCCCCCCCCCOC(=O)CCN(CCCN(CCCN(CCC(=O)OCCCCCCCCCCCC)CCC(=O)OCCCCCCCCCCCC)CCC(=O)OCCCCCCCCCCCC)CCCN(CCC(=O)OCCCCCCCCCCCC)CCC(=O)OCCCCCCCCCCCC,KW_2014,KW_2014,0
-5.9317274,-0.081851233,CCCCCCCCCCCCOC(=O)CCN(CCCN1CCN(C(C)C)CC1)CCC(=O)OCCCCCCCCCCCC,KW_2014,KW_2014,1
-2.4040735,3.462880392,CCCCCCCCCCCCOC(=O)CCN(CCCN1CCN(CCCN(CCC(=O)OCCCCCCCCCCCC)CCC(=O)OCCCCCCCCCCCC)CC1)CCC(=O)OCCCCCCCCCCCC,KW_2014,KW_2014,2
-5.813136,0.105870597,CCCCCCCCCCCCOC(=O)CCN(CCCn1ccnc1)CCC(=O)OCCCCCCCCCCCC,KW_2014,KW_2014,1
-5.152694,-0.177829158,CCCCCCCCCCCCOC(=O)CCN(CCCN1CCOCC1)CCC(=O)OCCCCCCCCCCCC,KW_2014,KW_2014,1
-5.982541,0.675591143,CCCCCCCCCCCCOC(=O)CCN(CCCO)CCC(=O)OCCCCCCCCCCCC,KW_2014,KW_2014,1
-4.4874706,-0.940707043,CCCCCCCCCCCCOC(=O)CCN(CCCOC(C)C)CCC(=O)OCCCCCCCCCCCC,KW_2014,KW_2014,0
-5.499031,-0.310515212,CCCCCCCCCCCCOC(=O)CCN(CCCOC)CCC(=O)OCCCCCCCCCCCC,KW_2014,KW_2014,0
-5.499031,0.085268942,CCCCCCCCCCCCOC(=O)CCN(CCCOC)CCC(=O)OCCCCCCCCCCCC,KW_2014,KW_2014,1
-4.3134403,-0.132775639,CCCCCCCCCCCCOC(=O)CCN(CCCOCCCCOCCCN(CCC(=O)OCCCCCCCCCCCC)CCC(=O)OCCCCCCCCCCCC)CCC(=O)OCCCCCCCCCCCC,KW_2014,KW_2014,1
-4.012553,-0.324479827,CCCCCCCCCCCCOC(=O)CCN(CCCOCCOCCOCCCN(CCC(=O)OCCCCCCCCCCCC)CCC(=O)OCCCCCCCCCCCC)CCC(=O)OCCCCCCCCCCCC,KW_2014,KW_2014,0
-3.9821792,-0.37630906,CCCCCCCCCCCCOC(=O)CCN(CCN(CCC(=O)OCCCCCCCCCCCC)C(C)(C)C)C(C)(C)C,KW_2014,KW_2014,0
-6.1044817,-0.634890079,CCCCCCCCCCCCOC(=O)CCN(CCN(CCC(=O)OCCCCCCCCCCCC)C(C)C)C(C)C,KW_2014,KW_2014,0
-5.4438925,0.473958535,CCCCCCCCCCCCOC(=O)CCN(CCO)CCC(=O)OCCCCCCCCCCCC,KW_2014,KW_2014,1
-3.9310246,1.634007769,CCCCCCCCCCCCOC(=O)CCN(CCO)CCN(CCC(=O)OCCCCCCCCCCCC)CCC(=O)OCCCCCCCCCCCC,KW_2014,KW_2014,2
-3.74106,0.494563011,CCCCCCCCCCCCOC(=O)CCN(CCO)CCN(CCO)CCC(=O)OCCCCCCCCCCCC,KW_2014,KW_2014,1
-3.74106,-0.126737036,CCCCCCCCCCCCOC(=O)CCN(CCO)CCN(CCO)CCC(=O)OCCCCCCCCCCCC,KW_2014,KW_2014,1
-5.4896603,0.051964611,CCCCCCCCCCCCOC(=O)CCN(CCOC)CCC(=O)OCCCCCCCCCCCC,KW_2014,KW_2014,1
-6.0974216,-0.650573177,CCCCCCCCCCCCOC(=O)CCN(CCOCC)CCC(=O)OCCCCCCCCCCCC,KW_2014,KW_2014,0
-4.726876,-0.882896451,CCCCCCCCCCCCOC(=O)CCN(CCOCCN1CCCC1)CCC(=O)OCCCCCCCCCCCC,KW_2014,KW_2014,0
-5.902112,0.854199236,CCCCCCCCCCCCOC(=O)CCN(CCOCCO)CCC(=O)OCCCCCCCCCCCC,KW_2014,KW_2014,1
-5.902112,1.0045595,CCCCCCCCCCCCOC(=O)CCN(CCOCCO)CCC(=O)OCCCCCCCCCCCC,KW_2014,KW_2014,2
-4.029889,-0.391748248,CCCCCCCCCCCCOC(=O)CCN(CCOCCOCCN(CCC(=O)OCCCCCCCCCCCC)CCC(=O)OCCCCCCCCCCCC)CCC(=O)OCCCCCCCCCCCC,KW_2014,KW_2014,0
-4.0252285,0.245205039,CCCCCCCCCCCCOC(=O)CCN(CCOCCOCCOCCN(CCC(=O)OCCCCCCCCCCCC)CCC(=O)OCCCCCCCCCCCC)CCC(=O)OCCCCCCCCCCCC,KW_2014,KW_2014,1
-5.368084,0.893689019,CCCCCCCCCCCCOC(=O)CCN1C(C)N(CCC(=O)OCCCCCCCCCCCC)C(C)N(CCC(=O)OCCCCCCCCCCCC)C1C,KW_2014,KW_2014,1
-5.576866,0.547633192,CCCCCCCCCCCCOC(=O)CCN1CC[C@@H](N(CCC(=O)OCCCCCCCCCCCC)CCC(=O)OCCCCCCCCCCCC)C1,KW_2014,KW_2014,1
-6.3831887,-0.651630148,CCCCCCCCCCCCOC(=O)CCN1CCC(N(CCC(=O)OCCCCCCCCCCCC)CCC(=O)OCCCCCCCCCCCC)CC1,KW_2014,KW_2014,0
-3.987063,-0.196083445,CCCCCCCCCCCCOC(=O)CCN1CCCCN(C)CCN(CCC(=O)OCCCCCCCCCCCC)CCCN(C)CC1,KW_2014,KW_2014,1
-4.1786532,0.458438548,CCCCCCCCCCCCOC(=O)CCN1CCCN(CCC(=O)OCCCCCCCCCCCC)CCCN(CCC(=O)OCCCCCCCCCCCC)CCC1,KW_2014,KW_2014,1
-3.3030977,0.064174122,CCCCCCCCCCCCOC(=O)CCN1CCCN(CCC(=O)OCCCCCCCCCCCC)CCCN(CCC(=O)OCCCCCCCCCCCC)CCN(CCC(=O)OCCCCCCCCCCCC)CCC1,KW_2014,KW_2014,1
-3.5435016,-0.465464023,CCCCCCCCCCCCOC(=O)CCN1CCCN(CCC(=O)OCCCCCCCCCCCC)CCN(CCC(=O)OCCCCCCCCCCCC)CCCN(CCC(=O)OCCCCCCCCCCCC)CC1,KW_2014,KW_2014,0
-3.2901993,-0.342571384,CCCCCCCCCCCCOC(=O)CCN1CCCN(CCC(=O)OCCCCCCCCCCCC)CCN(CCC(=O)OCCCCCCCCCCCC)CCN(CCC(=O)OCCCCCCCCCCCC)CC1,KW_2014,KW_2014,0
-6.5035863,-0.509157849,CCCCCCCCCCCCOC(=O)CCN1CCN(CCC(=O)OCCCCCCCCCCCC)[C@H](C)C1,KW_2014,KW_2014,0
-5.42052,-0.252151009,CCCCCCCCCCCCOC(=O)CCN1CCN(CCC(=O)OCCCCCCCCCCCC)C(c2ccccc2)C1,KW_2014,KW_2014,0
-3.958586,2.440488007,CCCCCCCCCCCCOC(=O)CCN1CCN(CCC(=O)OCCCCCCCCCCCC)C2C1N(CCC(=O)OCCCCCCCCCCCC)CCN2CCC(=O)OCCCCCCCCCCCC,KW_2014,KW_2014,2
-6.4572773,0.011790994,CCCCCCCCCCCCOC(=O)CCN1CCN(CCC(=O)OCCCCCCCCCCCC)CC1,KW_2014,KW_2014,1
-3.847661,0.199003655,CCCCCCCCCCCCOC(=O)CCN1CCN(CCC(=O)OCCCCCCCCCCCC)CCN(CCC(=O)OCCCCCCCCCCCC)CCN(CCC(=O)OCCCCCCCCCCCC)CC1,KW_2014,KW_2014,1
-4.3338733,-0.707243293,CCCCCCCCCCCCOC(=O)CCN1CCOCCN(CCC(=O)OCCCCCCCCCCCC)CCN(CCC(=O)OCCCCCCCCCCCC)CC1,KW_2014,KW_2014,0
-3.9692934,-0.177759112,CCCCCCCCCCCOC(=O)CCN(C)c1ccc(Cc2ccc(N(CCC(=O)OCCCCCCCCCCC)CCC(=O)OCCCCCCCCCCC)cc2)cc1,KW_2014,KW_2014,1
-5.119411,-0.922386044,CCCCCCCCCCCOC(=O)CCN(C)c1ccccc1N(CCC(=O)OCCCCCCCCCCC)CCC(=O)OCCCCCCCCCCC,KW_2014,KW_2014,0
-6.030406,-0.727225163,CCCCCCCCCCCOC(=O)CCN(C)CCCCCCN(C)CCC(=O)OCCCCCCCCCCC,KW_2014,KW_2014,0
-4.4817724,-0.680804151,CCCCCCCCCCCOC(=O)CCN(C)CCCN(CC)CCCN(C)CCC(=O)OCCCCCCCCCCC,KW_2014,KW_2014,0
-3.705064,0.523733281,CCCCCCCCCCCOC(=O)CCN(C)CCCN(CCC(=O)OCCCCCCCCCCC)CCC(=O)OCCCCCCCCCCC,KW_2014,KW_2014,1
-6.332816,-0.711134834,CCCCCCCCCCCOC(=O)CCN(C)CCN(C)CCC(=O)OCCCCCCCCCCC,KW_2014,KW_2014,0
-4.2634068,0.506803741,CCCCCCCCCCCOC(=O)CCN(C)CCN(CCC(=O)OCCCCCCCCCCC)CCC(=O)OCCCCCCCCCCC,KW_2014,KW_2014,1
-4.0372624,2.008126856,CCCCCCCCCCCOC(=O)CCN(C)CCN(CCN(C)CCC(=O)OCCCCCCCCCCC)CCN(C)CCC(=O)OCCCCCCCCCCC,KW_2014,KW_2014,2
-5.6135907,0.866327626,CCCCCCCCCCCOC(=O)CCN(C)CCOCCN(C)CCC(=O)OCCCCCCCCCCC,KW_2014,KW_2014,1
-5.71702,-0.673967795,CCCCCCCCCCCOC(=O)CCN(C)CCOCCOCCN(C)CCC(=O)OCCCCCCCCCCC,KW_2014,KW_2014,0
-5.71702,-0.558411063,CCCCCCCCCCCOC(=O)CCN(C)CCOCCOCCN(C)CCC(=O)OCCCCCCCCCCC,KW_2014,KW_2014,0
-3.5425634,-1.277147572,CCCCCCCCCCCOC(=O)CCN(c1ccccc1)c1ccc(-c2ccc(N(CCC(=O)OCCCCCCCCCCC)c3ccccc3)cc2)cc1,KW_2014,KW_2014,0
-4.612829,0.694956829,CCCCCCCCCCCOC(=O)CCN(CC)CCCN(CC)CCC(=O)OCCCCCCCCCCC,KW_2014,KW_2014,1
-6.723147,0.237957409,CCCCCCCCCCCOC(=O)CCN(CC)CCN(CC)CCC(=O)OCCCCCCCCCCC,KW_2014,KW_2014,1
-4.539958,0.503810568,CCCCCCCCCCCOC(=O)CCN(CC)CCN(CCC(=O)OCCCCCCCCCCC)CCC(=O)OCCCCCCCCCCC,KW_2014,KW_2014,1
-6.607939,-0.749488422,CCCCCCCCCCCOC(=O)CCN(CCC(=O)OCCCCCCCCCCC)[C@H](c1ccccc1)[C@H](c1ccccc1)N(CCC(=O)OCCCCCCCCCCC)CCC(=O)OCCCCCCCCCCC,KW_2014,KW_2014,0
-5.3703036,1.745438259,CCCCCCCCCCCOC(=O)CCN(CCC(=O)OCCCCCCCCCCC)[C@@H](CO)CC(C)C,KW_2014,KW_2014,2
-5.3703036,2.829670627,CCCCCCCCCCCOC(=O)CCN(CCC(=O)OCCCCCCCCCCC)[C@@H](CO)CC(C)C,KW_2014,KW_2014,2
-4.7027793,0.785534244,CCCCCCCCCCCOC(=O)CCN(CCC(=O)OCCCCCCCCCCC)[C@@H]1CCCC[C@H]1N(CCC(=O)OCCCCCCCCCCC)CCC(=O)OCCCCCCCCCCC,KW_2014,KW_2014,1
-6.0325694,-0.191229538,CCCCCCCCCCCOC(=O)CCN(CCC(=O)OCCCCCCCCCCC)[C@H]1CC[C@H](N(CCC(=O)OCCCCCCCCCCC)CCC(=O)OCCCCCCCCCCC)CC1,KW_2014,KW_2014,1
-4.7027793,-0.231738293,CCCCCCCCCCCOC(=O)CCN(CCC(=O)OCCCCCCCCCCC)[C@@H]1CCCC[C@@H]1N(CCC(=O)OCCCCCCCCCCC)CCC(=O)OCCCCCCCCCCC,KW_2014,KW_2014,0
-5.5527234,-0.20386293,CCCCCCCCCCCOC(=O)CCN(CCC(=O)OCCCCCCCCCCC)C(=O)C1CCCN1C,KW_2014,KW_2014,1
-6.1460457,-0.582803363,CCCCCCCCCCCOC(=O)CCN(CCC(=O)OCCCCCCCCCCC)C(C)(C)C,KW_2014,KW_2014,0
-6.0795994,-0.293767604,CCCCCCCCCCCOC(=O)CCN(CCC(=O)OCCCCCCCCCCC)C(C)(C)CC,KW_2014,KW_2014,0
-5.454804,-0.604461137,CCCCCCCCCCCOC(=O)CCN(CCC(=O)OCCCCCCCCCCC)C(C)(C)CC(C)(C)C,KW_2014,KW_2014,0
-6.0909586,-0.852241035,CCCCCCCCCCCOC(=O)CCN(CCC(=O)OCCCCCCCCCCC)C(C)(CO)CO,KW_2014,KW_2014,0
-6.188329,-0.259280426,CCCCCCCCCCCOC(=O)CCN(CCC(=O)OCCCCCCCCCCC)C(C)C,KW_2014,KW_2014,0
-5.930367,-0.802708131,CCCCCCCCCCCOC(=O)CCN(CCC(=O)OCCCCCCCCCCC)C(C)C(C)C,KW_2014,KW_2014,0
-7.1521163,-0.50286735,CCCCCCCCCCCOC(=O)CCN(CCC(=O)OCCCCCCCCCCC)C(C)c1ccc(C)cc1,KW_2014,KW_2014,0
-6.9225383,-0.208747048,CCCCCCCCCCCOC(=O)CCN(CCC(=O)OCCCCCCCCCCC)C(C)CC,KW_2014,KW_2014,1
-6.730038,-0.506826504,CCCCCCCCCCCOC(=O)CCN(CCC(=O)OCCCCCCCCCCC)C(C)CCC,KW_2014,KW_2014,0
-5.9549828,-0.606703382,CCCCCCCCCCCOC(=O)CCN(CCC(=O)OCCCCCCCCCCC)C(C)CO,KW_2014,KW_2014,0
-4.8709445,-0.187521039,CCCCCCCCCCCOC(=O)CCN(CCC(=O)OCCCCCCCCCCC)C(c1ccccc1)(c1ccccc1)c1ccccc1,KW_2014,KW_2014,1
-6.308991,-1.046331157,CCCCCCCCCCCOC(=O)CCN(CCC(=O)OCCCCCCCCCCC)C(c1ccccc1)c1ccccc1,KW_2014,KW_2014,0
-7.3176346,-0.268440893,CCCCCCCCCCCOC(=O)CCN(CCC(=O)OCCCCCCCCCCC)C(CC)CC,KW_2014,KW_2014,0
-4.6656394,-0.593351056,CCCCCCCCCCCOC(=O)CCN(CCC(=O)OCCCCCCCCCCC)C(CO)(CO)CO,KW_2014,KW_2014,0
-6.9834123,-1.15125266,CCCCCCCCCCCOC(=O)CCN(CCC(=O)OCCCCCCCCCCC)C(CO)C(C)(C)C,KW_2014,KW_2014,0
-5.856959,-0.209609528,CCCCCCCCCCCOC(=O)CCN(CCC(=O)OCCCCCCCCCCC)C[C@@H](C)O,KW_2014,KW_2014,0
-5.609497,-0.472029293,CCCCCCCCCCCOC(=O)CCN(CCC(=O)OCCCCCCCCCCC)C[C@@H]1CCCN1CC,KW_2014,KW_2014,0
-5.609497,0.195061115,CCCCCCCCCCCOC(=O)CCN(CCC(=O)OCCCCCCCCCCC)C[C@H]1CCCN1CC,KW_2014,KW_2014,1
-5.161881,-0.231202777,CCCCCCCCCCCOC(=O)CCN(CCC(=O)OCCCCCCCCCCC)C12C[C@H]3C[C@@H](C1)C[C@@H](C2)C3,KW_2014,KW_2014,0
-4.821694,-0.99508726,CCCCCCCCCCCOC(=O)CCN(CCC(=O)OCCCCCCCCCCC)c1c(-c2ccccc2)cc(-c2ccccc2)cc1-c1ccccc1,KW_2014,KW_2014,0
-5.1344724,-1.017106662,CCCCCCCCCCCOC(=O)CCN(CCC(=O)OCCCCCCCCCCC)c1c(C)c(C)c(N(CCC(=O)OCCCCCCCCCCC)CCC(=O)OCCCCCCCCCCC)c(C)c1C,KW_2014,KW_2014,0
-5.0954933,-0.045367688,CCCCCCCCCCCOC(=O)CCN(CCC(=O)OCCCCCCCCCCC)c1c(C)cc(-c2cc(C)c(N(CCC(=O)OCCCCCCCCCCC)CCC(=O)OCCCCCCCCCCC)c(C)c2)cc1C,KW_2014,KW_2014,1
-4.5930696,-0.674505715,CCCCCCCCCCCOC(=O)CCN(CCC(=O)OCCCCCCCCCCC)c1c(CC)cccc1CC,KW_2014,KW_2014,0
-4.537945,-0.389188634,CCCCCCCCCCCOC(=O)CCN(CCC(=O)OCCCCCCCCCCC)c1c(F)cc(F)cc1F,KW_2014,KW_2014,0
-5.522204,-1.131189043,CCCCCCCCCCCOC(=O)CCN(CCC(=O)OCCCCCCCCCCC)c1c(N(CCC(=O)OCCCCCCCCCCC)CCC(=O)OCCCCCCCCCCC)c2ccccc2c2ccccc12,KW_2014,KW_2014,0
-4.99,-0.870221076,CCCCCCCCCCCOC(=O)CCN(CCC(=O)OCCCCCCCCCCC)c1cc(C(C)(C)C)ccc1C(C)(C)C,KW_2014,KW_2014,0
-5.1826124,-1.277147572,CCCCCCCCCCCOC(=O)CCN(CCC(=O)OCCCCCCCCCCC)c1cc(C(C)(C)C)ccc1OC,KW_2014,KW_2014,0
-6.3105345,-1.277147572,CCCCCCCCCCCOC(=O)CCN(CCC(=O)OCCCCCCCCCCC)c1cc(C)c(C)cc1N(CCC(=O)OCCCCCCCCCCC)CCC(=O)OCCCCCCCCCCC,KW_2014,KW_2014,0
-5.153853,-1.080548132,CCCCCCCCCCCOC(=O)CCN(CCC(=O)OCCCCCCCCCCC)c1cc(F)c(F)c(F)c1,KW_2014,KW_2014,0
-5.3717933,-0.452284428,CCCCCCCCCCCOC(=O)CCN(CCC(=O)OCCCCCCCCCCC)c1cc(F)cc(F)c1,KW_2014,KW_2014,0
-5.229062,-0.93656882,CCCCCCCCCCCOC(=O)CCN(CCC(=O)OCCCCCCCCCCC)c1cc(F)ccc1F,KW_2014,KW_2014,0
-6.166446,-0.675070011,CCCCCCCCCCCOC(=O)CCN(CCC(=O)OCCCCCCCCCCC)c1cc(OC)ccc1OC,KW_2014,KW_2014,0
-7.1572456,-0.298489893,CCCCCCCCCCCOC(=O)CCN(CCC(=O)OCCCCCCCCCCC)C1CC1,KW_2014,KW_2014,0
-5.9478087,-0.190267015,CCCCCCCCCCCOC(=O)CCN(CCC(=O)OCCCCCCCCCCC)C1CC2CCC1C2,KW_2014,KW_2014,1
-6.6414056,0.836548812,CCCCCCCCCCCOC(=O)CCN(CCC(=O)OCCCCCCCCCCC)C1Cc2ccccc2C1,KW_2014,KW_2014,1
-5.775584,-0.706745871,CCCCCCCCCCCOC(=O)CCN(CCC(=O)OCCCCCCCCCCC)c1ccc(-c2ccc(N(CCC(=O)OCCCCCCCCCCC)CCC(=O)OCCCCCCCCCCC)c(C)c2)cc1C,KW_2014,KW_2014,0
-6.102366,-0.534962613,CCCCCCCCCCCOC(=O)CCN(CCC(=O)OCCCCCCCCCCC)c1ccc(-c2ccc(N(CCC(=O)OCCCCCCCCCCC)CCC(=O)OCCCCCCCCCCC)c(N(CCC(=O)OCCCCCCCCCCC)CCC(=O)OCCCCCCCCCCC)c2)cc1N(CCC(=O)OCCCCCCCCCCC)CCC(=O)OCCCCCCCCCCC,KW_2014,KW_2014,0
-5.5222373,-1.277147572,CCCCCCCCCCCOC(=O)CCN(CCC(=O)OCCCCCCCCCCC)c1ccc(-c2ccccc2)cc1,KW_2014,KW_2014,0
-5.484125,-0.597560275,CCCCCCCCCCCOC(=O)CCN(CCC(=O)OCCCCCCCCCCC)c1ccc(C(C)(C)C)cc1,KW_2014,KW_2014,0
-5.5472064,-0.504047454,CCCCCCCCCCCOC(=O)CCN(CCC(=O)OCCCCCCCCCCC)c1ccc(C(C)C)cc1,KW_2014,KW_2014,0
-6.0231214,-0.120399009,CCCCCCCCCCCOC(=O)CCN(CCC(=O)OCCCCCCCCCCC)c1ccc(C)c(F)c1,KW_2014,KW_2014,1
-6.298746,-0.918626748,CCCCCCCCCCCOC(=O)CCN(CCC(=O)OCCCCCCCCCCC)c1ccc(C)c(N(CCC(=O)OCCCCCCCCCCC)CCC(=O)OCCCCCCCCCCC)c1,KW_2014,KW_2014,0
-6.381117,-0.324755606,CCCCCCCCCCCOC(=O)CCN(CCC(=O)OCCCCCCCCCCC)c1ccc(C)cc1N(CCC(=O)OCCCCCCCCCCC)CCC(=O)OCCCCCCCCCCC,KW_2014,KW_2014,0
-4.46244,-0.031728246,CCCCCCCCCCCOC(=O)CCN(CCC(=O)OCCCCCCCCCCC)c1ccc(C2(c3ccc(N(CCC(=O)OCCCCCCCCCCC)CCC(=O)OCCCCCCCCCCC)cc3)c3ccccc3-c3ccccc32)cc1,KW_2014,KW_2014,1
-4.73899,-0.005247396,CCCCCCCCCCCOC(=O)CCN(CCC(=O)OCCCCCCCCCCC)C1CCC(CC2CCC(N(CCC(=O)OCCCCCCCCCCC)CCC(=O)OCCCCCCCCCCC)C(C)C2)CC1C,KW_2014,KW_2014,1
-6.2604213,-0.794336,CCCCCCCCCCCOC(=O)CCN(CCC(=O)OCCCCCCCCCCC)c1ccc(Cc2ccc(N(CCC(=O)OCCCCCCCCCCC)CCC(=O)OCCCCCCCCCCC)cc2)cc1,KW_2014,KW_2014,0
-5.4324245,-0.031947915,CCCCCCCCCCCOC(=O)CCN(CCC(=O)OCCCCCCCCCCC)c1ccc(F)c(F)c1,KW_2014,KW_2014,1
-6.729464,-0.403673762,CCCCCCCCCCCOC(=O)CCN(CCC(=O)OCCCCCCCCCCC)c1ccc(F)cc1,KW_2014,KW_2014,0
-5.813406,0.070575589,CCCCCCCCCCCOC(=O)CCN(CCC(=O)OCCCCCCCCCCC)c1ccc(F)cc1C(F)(F)F,KW_2014,KW_2014,1
-4.5805573,-0.278384067,CCCCCCCCCCCOC(=O)CCN(CCC(=O)OCCCCCCCCCCC)c1ccc(N(CCC(=O)OCCCCCCCCCCC)c2ccccc2)cc1,KW_2014,KW_2014,0
-6.242765,-0.646706171,CCCCCCCCCCCOC(=O)CCN(CCC(=O)OCCCCCCCCCCC)c1ccc(N(CCC(=O)OCCCCCCCCCCC)CCC(=O)OCCCCCCCCCCC)cc1,KW_2014,KW_2014,0
-5.05333,-0.358623351,CCCCCCCCCCCOC(=O)CCN(CCC(=O)OCCCCCCCCCCC)c1ccc(OC(F)(F)F)cc1,KW_2014,KW_2014,0
-5.469491,-0.406301919,CCCCCCCCCCCOC(=O)CCN(CCC(=O)OCCCCCCCCCCC)c1ccc(OC(F)F)cc1,KW_2014,KW_2014,0
-5.9180975,-0.356699231,CCCCCCCCCCCOC(=O)CCN(CCC(=O)OCCCCCCCCCCC)c1ccc(OC)c(F)c1,KW_2014,KW_2014,0
-4.9682274,-1.017048829,CCCCCCCCCCCOC(=O)CCN(CCC(=O)OCCCCCCCCCCC)c1ccc(Oc2ccc(F)cc2)cc1,KW_2014,KW_2014,0
-6.2000694,-0.01807485,CCCCCCCCCCCOC(=O)CCN(CCC(=O)OCCCCCCCCCCC)c1ccc(Oc2ccc(N(CCC(=O)OCCCCCCCCCCC)CCC(=O)OCCCCCCCCCCC)cc2)cc1,KW_2014,KW_2014,1
-5.4056683,-0.237867958,CCCCCCCCCCCOC(=O)CCN(CCC(=O)OCCCCCCCCCCC)c1ccc(Oc2ccccc2)cc1,KW_2014,KW_2014,0
-5.5387278,-1.169077639,CCCCCCCCCCCOC(=O)CCN(CCC(=O)OCCCCCCCCCCC)c1ccc(OCCCCCCCC)cc1,KW_2014,KW_2014,0
-6.593527,-0.380671848,CCCCCCCCCCCOC(=O)CCN(CCC(=O)OCCCCCCCCCCC)C1CCC1,KW_2014,KW_2014,0
-5.419131,-1.277147572,CCCCCCCCCCCOC(=O)CCN(CCC(=O)OCCCCCCCCCCC)c1ccc2c(c1)Cc1cc(N(CCC(=O)OCCCCCCCCCCC)CCC(=O)OCCCCCCCCCCC)ccc1-2,KW_2014,KW_2014,0
-5.307026,-0.358371914,CCCCCCCCCCCOC(=O)CCN(CCC(=O)OCCCCCCCCCCC)c1ccc2c(c1)CCCC2,KW_2014,KW_2014,0
-5.748835,2.271613068,CCCCCCCCCCCOC(=O)CCN(CCC(=O)OCCCCCCCCCCC)c1ccc2c(c1)OCCO2,KW_2014,KW_2014,2
-5.992865,-0.891674942,CCCCCCCCCCCOC(=O)CCN(CCC(=O)OCCCCCCCCCCC)c1ccc2c(c1)OCO2,KW_2014,KW_2014,0
-4.757885,-1.277147572,CCCCCCCCCCCOC(=O)CCN(CCC(=O)OCCCCCCCCCCC)c1ccc2cc3ccccc3cc2c1,KW_2014,KW_2014,0
-6.301125,0.362037959,CCCCCCCCCCCOC(=O)CCN(CCC(=O)OCCCCCCCCCCC)C1CCc2ccccc21,KW_2014,KW_2014,1
-5.6283345,-0.618048446,CCCCCCCCCCCOC(=O)CCN(CCC(=O)OCCCCCCCCCCC)c1ccc2ccccc2c1-c1c(N(CCC(=O)OCCCCCCCCCCC)CCC(=O)OCCCCCCCCCCC)ccc2ccccc12,KW_2014,KW_2014,0
-5.5670805,-0.41669015,CCCCCCCCCCCOC(=O)CCN(CCC(=O)OCCCCCCCCCCC)c1cccc(-c2ccccc2)c1,KW_2014,KW_2014,0
-5.549273,-1.277147572,CCCCCCCCCCCOC(=O)CCN(CCC(=O)OCCCCCCCCCCC)c1cccc(C(F)(F)F)c1,KW_2014,KW_2014,0
-6.1528487,-0.199496283,CCCCCCCCCCCOC(=O)CCN(CCC(=O)OCCCCCCCCCCC)c1cccc(C)c1N(CCC(=O)OCCCCCCCCCCC)CCC(=O)OCCCCCCCCCCC,KW_2014,KW_2014,1
-5.911013,-1.277147572,CCCCCCCCCCCOC(=O)CCN(CCC(=O)OCCCCCCCCCCC)c1cccc(F)c1,KW_2014,KW_2014,0
-5.411173,0.933471143,CCCCCCCCCCCOC(=O)CCN(CCC(=O)OCCCCCCCCCCC)C1CCCC(N(CCC(=O)OCCCCCCCCCCC)CCC(=O)OCCCCCCCCCCC)C1,KW_2014,KW_2014,1
-5.8946915,0.292407797,CCCCCCCCCCCOC(=O)CCN(CCC(=O)OCCCCCCCCCCC)c1cccc(N(CCC(=O)OCCCCCCCCCCC)CCC(=O)OCCCCCCCCCCC)c1,KW_2014,KW_2014,1
-5.9404693,-0.17151223,CCCCCCCCCCCOC(=O)CCN(CCC(=O)OCCCCCCCCCCC)c1cccc(N(CCC(=O)OCCCCCCCCCCC)CCC(=O)OCCCCCCCCCCC)c1C,KW_2014,KW_2014,1
-5.937853,-0.615611316,CCCCCCCCCCCOC(=O)CCN(CCC(=O)OCCCCCCCCCCC)c1cccc(OC(C)C)c1,KW_2014,KW_2014,0
-5.2377667,-1.11869222,CCCCCCCCCCCOC(=O)CCN(CCC(=O)OCCCCCCCCCCC)c1cccc(OCc2ccccc2)c1,KW_2014,KW_2014,0
-4.8177423,-0.525340785,CCCCCCCCCCCOC(=O)CCN(CCC(=O)OCCCCCCCCCCC)c1cccc2c1CCC2,KW_2014,KW_2014,0
-5.979531,0.134354947,CCCCCCCCCCCOC(=O)CCN(CCC(=O)OCCCCCCCCCCC)c1cccc2cccc(N(CCC(=O)OCCCCCCCCCCC)CCC(=O)OCCCCCCCCCCC)c12,KW_2014,KW_2014,1
-7.253866,-0.099744744,CCCCCCCCCCCOC(=O)CCN(CCC(=O)OCCCCCCCCCCC)C1CCCCC1,KW_2014,KW_2014,1
-5.6779847,-0.476758344,CCCCCCCCCCCOC(=O)CCN(CCC(=O)OCCCCCCCCCCC)c1ccccc1C(C)(C)C,KW_2014,KW_2014,0
-5.3413258,-1.218115746,CCCCCCCCCCCOC(=O)CCN(CCC(=O)OCCCCCCCCCCC)c1ccccc1C(C)C,KW_2014,KW_2014,0
-4.697501,0.603586921,CCCCCCCCCCCOC(=O)CCN(CCC(=O)OCCCCCCCCCCC)c1ccccc1Cc1ccccc1,KW_2014,KW_2014,1
-3.9225485,-0.070939556,CCCCCCCCCCCOC(=O)CCN(CCC(=O)OCCCCCCCCCCC)c1ccccc1N(CCC(=O)OCCCCCCCCCCC)c1ccccc1,KW_2014,KW_2014,1
-6.230216,-0.118142934,CCCCCCCCCCCOC(=O)CCN(CCC(=O)OCCCCCCCCCCC)c1ccccc1OC,KW_2014,KW_2014,1
-5.2901654,-0.869810464,CCCCCCCCCCCOC(=O)CCN(CCC(=O)OCCCCCCCCCCC)c1ccccc1Oc1ccccc1,KW_2014,KW_2014,0
-6.467584,-0.907484036,CCCCCCCCCCCOC(=O)CCN(CCC(=O)OCCCCCCCCCCC)c1ccccc1OCC,KW_2014,KW_2014,0
-5.8654966,-0.822655359,CCCCCCCCCCCOC(=O)CCN(CCC(=O)OCCCCCCCCCCC)C1CCCCCCC1,KW_2014,KW_2014,0
-6.523717,-1.241239427,CCCCCCCCCCCOC(=O)CCN(CCC(=O)OCCCCCCCCCCC)C1CCN(C)CC1,KW_2014,KW_2014,0
-5.4826717,0.519407089,CCCCCCCCCCCOC(=O)CCN(CCC(=O)OCCCCCCCCCCC)c1nc(N(CCC(=O)OCCCCCCCCCCC)CCC(=O)OCCCCCCCCCCC)nc(N(CCC(=O)OCCCCCCCCCCC)CCC(=O)OCCCCCCCCCCC)n1,KW_2014,KW_2014,1
-6.4144707,-0.516895471,CCCCCCCCCCCOC(=O)CCN(CCC(=O)OCCCCCCCCCCC)CC(=O)N(C)c1ccccc1,KW_2014,KW_2014,0
-6.835993,0.416736962,CCCCCCCCCCCOC(=O)CCN(CCC(=O)OCCCCCCCCCCC)CC(C)(C)CN(C)C,KW_2014,KW_2014,1
-7.381419,-0.867277614,CCCCCCCCCCCOC(=O)CCN(CCC(=O)OCCCCCCCCCCC)CC(C)(C)CO,KW_2014,KW_2014,0
-7.1907053,-0.412027717,CCCCCCCCCCCOC(=O)CCN(CCC(=O)OCCCCCCCCCCC)CC(C)C,KW_2014,KW_2014,0
-7.035041,-0.231141032,CCCCCCCCCCCOC(=O)CCN(CCC(=O)OCCCCCCCCCCC)CC(C)CC,KW_2014,KW_2014,0
-5.048762,-0.164469581,CCCCCCCCCCCOC(=O)CCN(CCC(=O)OCCCCCCCCCCC)CC(C)N(CCC(=O)OCCCCCCCCCCC)CCC(=O)OCCCCCCCCCCC,KW_2014,KW_2014,1
-6.124351,-0.492340911,CCCCCCCCCCCOC(=O)CCN(CCC(=O)OCCCCCCCCCCC)CC(CC)CCCC,KW_2014,KW_2014,0
-5.832959,-0.180346401,CCCCCCCCCCCOC(=O)CCN(CCC(=O)OCCCCCCCCCCC)CC(OC)OC,KW_2014,KW_2014,1
-6.4546638,-1.083360345,CCCCCCCCCCCOC(=O)CCN(CCC(=O)OCCCCCCCCCCC)CC[C@H](C)O,KW_2014,KW_2014,0
-5.849276,-0.614708321,CCCCCCCCCCCOC(=O)CCN(CCC(=O)OCCCCCCCCCCC)CC1(C)CC(N(CCC(=O)OCCCCCCCCCCC)CCC(=O)OCCCCCCCCCCC)CC(C)(C)C1,KW_2014,KW_2014,0
-5.3552833,-0.674660264,CCCCCCCCCCCOC(=O)CCN(CCC(=O)OCCCCCCCCCCC)CC12C[C@H]3C[C@@H](C1)C[C@@H](C2)C3,KW_2014,KW_2014,0
-6.299486,-0.760550748,CCCCCCCCCCCOC(=O)CCN(CCC(=O)OCCCCCCCCCCC)Cc1cc(C)c(OC)c(OC)c1,KW_2014,KW_2014,0
-6.550209,0.751991173,CCCCCCCCCCCOC(=O)CCN(CCC(=O)OCCCCCCCCCCC)Cc1cc(F)ccc1F,KW_2014,KW_2014,1
-5.5676894,-0.129512991,CCCCCCCCCCCOC(=O)CCN(CCC(=O)OCCCCCCCCCCC)CC1CCC(CN(CCC(=O)OCCCCCCCCCCC)CCC(=O)OCCCCCCCCCCC)CC1,KW_2014,KW_2014,1
-5.5769486,-0.444603692,CCCCCCCCCCCOC(=O)CCN(CCC(=O)OCCCCCCCCCCC)CC1CCCC(CN(CCC(=O)OCCCCCCCCCCC)CCC(=O)OCCCCCCCCCCC)C1,KW_2014,KW_2014,0
-5.20326,1.292616899,CCCCCCCCCCCOC(=O)CCN(CCC(=O)OCCCCCCCCCCC)Cc1cccc(CN(CCC(=O)OCCCCCCCCCCC)CCC(=O)OCCCCCCCCCCC)c1,KW_2014,KW_2014,2
-7.2982883,-0.153089565,CCCCCCCCCCCOC(=O)CCN(CCC(=O)OCCCCCCCCCCC)Cc1cccc(F)c1,KW_2014,KW_2014,1
-4.366482,-0.660652359,CCCCCCCCCCCOC(=O)CCN(CCC(=O)OCCCCCCCCCCC)Cc1cccc(N(CCC(=O)OCCCCCCCCCCC)CCC(=O)OCCCCCCCCCCC)c1,KW_2014,KW_2014,0
-6.799149,-0.256319349,CCCCCCCCCCCOC(=O)CCN(CCC(=O)OCCCCCCCCCCC)CC1CCCCC1,KW_2014,KW_2014,0
-7.4490037,-1.277147572,CCCCCCCCCCCOC(=O)CCN(CCC(=O)OCCCCCCCCCCC)Cc1ccccc1F,KW_2014,KW_2014,0
-5.6300945,-0.976913593,CCCCCCCCCCCOC(=O)CCN(CCC(=O)OCCCCCCCCCCC)Cc1ccccc1N(CCC(=O)OCCCCCCCCCCC)CCC(=O)OCCCCCCCCCCC,KW_2014,KW_2014,0
-7.052254,-0.772494051,CCCCCCCCCCCOC(=O)CCN(CCC(=O)OCCCCCCCCCCC)Cc1ccccc1OC,KW_2014,KW_2014,0
-7.9595294,-0.542365227,CCCCCCCCCCCOC(=O)CCN(CCC(=O)OCCCCCCCCCCC)Cc1ccccc1OCC,KW_2014,KW_2014,0
-5.9732924,-0.673827661,CCCCCCCCCCCOC(=O)CCN(CCC(=O)OCCCCCCCCCCC)CC1CCCN1C,KW_2014,KW_2014,0
-5.675966,0.399494808,CCCCCCCCCCCOC(=O)CCN(CCC(=O)OCCCCCCCCCCC)CC1CCCN1CCC(=O)OCCCCCCCCCCC,KW_2014,KW_2014,1
-6.5486164,-0.429788315,CCCCCCCCCCCOC(=O)CCN(CCC(=O)OCCCCCCCCCCC)CC1CCCO1,KW_2014,KW_2014,0
-6.6933,-0.501901125,CCCCCCCCCCCOC(=O)CCN(CCC(=O)OCCCCCCCCCCC)CC1CCN(C)CC1,KW_2014,KW_2014,0
-5.7848773,-0.560050101,CCCCCCCCCCCOC(=O)CCN(CCC(=O)OCCCCCCCCCCC)CC1COC(C)(C)O1,KW_2014,KW_2014,0
-6.549067,-0.203729415,CCCCCCCCCCCOC(=O)CCN(CCC(=O)OCCCCCCCCCCC)Cc1nccn1C,KW_2014,KW_2014,1
-5.868506,0.102275559,CCCCCCCCCCCOC(=O)CCN(CCC(=O)OCCCCCCCCCCC)CCC(=O)N1CCN(CCC(=O)OCCCCCCCCCCC)CC1,KW_2014,KW_2014,1
-6.098796,-0.267542812,CCCCCCCCCCCOC(=O)CCN(CCC(=O)OCCCCCCCCCCC)CCC(C)(C)C,KW_2014,KW_2014,0
-6.10038,-0.796094247,CCCCCCCCCCCOC(=O)CCN(CCC(=O)OCCCCCCCCCCC)CCC(C)C,KW_2014,KW_2014,0
-5.7397137,0.330435359,CCCCCCCCCCCOC(=O)CCN(CCC(=O)OCCCCCCCCCCC)CCC(c1ccccc1)c1ccccc1,KW_2014,KW_2014,1
-5.4599137,-0.082062678,CCCCCCCCCCCOC(=O)CCN(CCC(=O)OCCCCCCCCCCC)CCC1CCC(C)CC1,KW_2014,KW_2014,1
-5.356834,-0.124932978,CCCCCCCCCCCOC(=O)CCN(CCC(=O)OCCCCCCCCCCC)CCC1CCC(CC)CC1,KW_2014,KW_2014,1
-4.929804,-0.196716094,CCCCCCCCCCCOC(=O)CCN(CCC(=O)OCCCCCCCCCCC)CCc1ccc(OC)c(OC)c1,KW_2014,KW_2014,1
-6.2280264,-1.277147572,CCCCCCCCCCCOC(=O)CCN(CCC(=O)OCCCCCCCCCCC)CCc1ccc(OC)cc1,KW_2014,KW_2014,0
-6.414705,0.074150357,CCCCCCCCCCCOC(=O)CCN(CCC(=O)OCCCCCCCCCCC)CCc1ccccc1F,KW_2014,KW_2014,1
-6.5214086,-0.067983851,CCCCCCCCCCCOC(=O)CCN(CCC(=O)OCCCCCCCCCCC)CCC1OCCO1,KW_2014,KW_2014,1
-6.062745,-0.144095072,CCCCCCCCCCCOC(=O)CCN(CCC(=O)OCCCCCCCCCCC)CCN(C(C)C)C(C)C,KW_2014,KW_2014,1
-5.827684,-0.430371765,CCCCCCCCCCCOC(=O)CCN(CCC(=O)OCCCCCCCCCCC)CCN(C)C,KW_2014,KW_2014,0
-1.0619469,2.382182873,CCCCCCCCCCCOC(=O)CCN(CCC(=O)OCCCCCCCCCCC)CCN(C)CCCN(C)CCN(CCC(=O)OCCCCCCCCCCC)CCC(=O)OCCCCCCCCCCC,KW_2014,KW_2014,2
3.687947,4.135759959,CCCCCCCCCCCOC(=O)CCN(CCC(=O)OCCCCCCCCCCC)CCN(C)CCN(C)CCN(CCC(=O)OCCCCCCCCCCC)CCC(=O)OCCCCCCCCCCC,KW_2014,KW_2014,2
-1.8172156,3.662479672,CCCCCCCCCCCOC(=O)CCN(CCC(=O)OCCCCCCCCCCC)CCN(C)CCN(CCC(=O)OCCCCCCCCCCC)CCC(=O)OCCCCCCCCCCC,KW_2014,KW_2014,2
-2.7151546,2.470238006,CCCCCCCCCCCOC(=O)CCN(CCC(=O)OCCCCCCCCCCC)CCN(CC)CCN(CC)CCN(CCC(=O)OCCCCCCCCCCC)CCC(=O)OCCCCCCCCCCC,KW_2014,KW_2014,2
-5.0172276,-0.989499033,CCCCCCCCCCCOC(=O)CCN(CCC(=O)OCCCCCCCCCCC)CCN(CCC(=O)OCCCCCCCCCCC)C(C)C,KW_2014,KW_2014,0
-5.0795302,-0.959392659,CCCCCCCCCCCOC(=O)CCN(CCC(=O)OCCCCCCCCCCC)CCN(CCC(=O)OCCCCCCCCCCC)c1ccccc1,KW_2014,KW_2014,0
-4.9918876,-1.003543803,CCCCCCCCCCCOC(=O)CCN(CCC(=O)OCCCCCCCCCCC)CCN(CCC(=O)OCCCCCCCCCCC)Cc1ccccc1,KW_2014,KW_2014,0
-3.9714563,2.437550205,CCCCCCCCCCCOC(=O)CCN(CCC(=O)OCCCCCCCCCCC)CCN(CCC(=O)OCCCCCCCCCCC)CCC(=O)OCCCCCCCCCCC,KW_2014,KW_2014,2
-4.6724133,0.972609728,CCCCCCCCCCCOC(=O)CCN(CCC(=O)OCCCCCCCCCCC)CCN(CCC(=O)OCCCCCCCCCCC)CCN(CC)CC,KW_2014,KW_2014,2
-4.495598,0.307572578,CCCCCCCCCCCOC(=O)CCN(CCC(=O)OCCCCCCCCCCC)CCN(CCC(=O)OCCCCCCCCCCC)CCN(CCC(=O)OCCCCCCCCCCC)CCC(=O)OCCCCCCCCCCC,KW_2014,KW_2014,1
-6.06623,1.246287402,CCCCCCCCCCCOC(=O)CCN(CCC(=O)OCCCCCCCCCCC)CCN(CCC(=O)OCCCCCCCCCCC)CCN(CCC(=O)OCCCCCCCCCCC)CCN(CCC(=O)OCCCCCCCCCCC)CCC(=O)OCCCCCCCCCCC,KW_2014,KW_2014,2
-5.838702,0.980472748,CCCCCCCCCCCOC(=O)CCN(CCC(=O)OCCCCCCCCCCC)CCN(CCC(=O)OCCCCCCCCCCC)CCN(CCC(=O)OCCCCCCCCCCC)CCN(CCC(=O)OCCCCCCCCCCC)CCN(CCC(=O)OCCCCCCCCCCC)CCC(=O)OCCCCCCCCCCC,KW_2014,KW_2014,2
-5.7027774,-0.341968677,CCCCCCCCCCCOC(=O)CCN(CCC(=O)OCCCCCCCCCCC)CCN(CCC(=O)OCCCCCCCCCCC)CCN(CCC(=O)OCCCCCCCCCCC)CCN(CCC(=O)OCCCCCCCCCCC)CCN(CCC(=O)OCCCCCCCCCCC)CCN(CCC(=O)OCCCCCCCCCCC)CCC(=O)OCCCCCCCCCCC,KW_2014,KW_2014,0
-2.735247,0.87284312,CCCCCCCCCCCOC(=O)CCN(CCC(=O)OCCCCCCCCCCC)CCN(CCC(=O)OCCCCCCCCCCC)CCN1CCN(CCN(CCC(=O)OCCCCCCCCCCC)CCC(=O)OCCCCCCCCCCC)CC1,KW_2014,KW_2014,1
-6.181577,0.95357376,CCCCCCCCCCCOC(=O)CCN(CCC(=O)OCCCCCCCCCCC)CCN(CCN(CCC(=O)OCCCCCCCCCCC)CCC(=O)OCCCCCCCCCCC)CCN(CCC(=O)OCCCCCCCCCCC)CCC(=O)OCCCCCCCCCCC,KW_2014,KW_2014,1
-3.7924376,-0.40867155,CCCCCCCCCCCOC(=O)CCN(CCC(=O)OCCCCCCCCCCC)CCN(CCO)CCO,KW_2014,KW_2014,0
-6.0397387,-0.224522884,CCCCCCCCCCCOC(=O)CCN(CCC(=O)OCCCCCCCCCCC)CCN1CCCC1,KW_2014,KW_2014,0
-5.60004,0.479062018,CCCCCCCCCCCOC(=O)CCN(CCC(=O)OCCCCCCCCCCC)CCN1CCCCC1,KW_2014,KW_2014,1
-3.5491114,0.61895286,CCCCCCCCCCCOC(=O)CCN(CCC(=O)OCCCCCCCCCCC)CCN1CCN(CCC(=O)OCCCCCCCCCCC)CC1,KW_2014,KW_2014,1
-3.3051136,3.990380199,CCCCCCCCCCCOC(=O)CCN(CCC(=O)OCCCCCCCCCCC)CCN1CCN(CCN(CCC(=O)OCCCCCCCCCCC)CCC(=O)OCCCCCCCCCCC)CC1,KW_2014,KW_2014,2
-6.5888577,0.5181943,CCCCCCCCCCCOC(=O)CCN(CCC(=O)OCCCCCCCCCCC)CCN1CCOCC1,KW_2014,KW_2014,1
-5.762482,-0.457811661,CCCCCCCCCCCOC(=O)CCN(CCC(=O)OCCCCCCCCCCC)CN(CC)CCC,KW_2014,KW_2014,0
-6.5590816,0.051118227,CCCCCCCCCCCOC(=O)CCN(CCC)CCC(=O)OCCCCCCCCCCC,KW_2014,KW_2014,1
-4.235479,-0.043754925,CCCCCCCCCCCOC(=O)CCN(CCC)CCCN(CCC(=O)OCCCCCCCCCCC)CCC(=O)OCCCCCCCCCCC,KW_2014,KW_2014,1
-6.835011,0.247351231,CCCCCCCCCCCOC(=O)CCN(CCCC)CCC(=O)OCCCCCCCCCCC,KW_2014,KW_2014,1
-6.8737726,-0.253055937,CCCCCCCCCCCOC(=O)CCN(CCCc1ccccc1)CCC(=O)OCCCCCCCCCCC,KW_2014,KW_2014,0
-6.5950174,-0.014398053,CCCCCCCCCCCOC(=O)CCN(CCCCC)CCC(=O)OCCCCCCCCCCC,KW_2014,KW_2014,1
-6.7079616,-0.376493664,CCCCCCCCCCCOC(=O)CCN(CCCCc1ccccc1)CCC(=O)OCCCCCCCCCCC,KW_2014,KW_2014,0
-6.0281324,0.231119574,CCCCCCCCCCCOC(=O)CCN(CCCCCC)CCC(=O)OCCCCCCCCCCC,KW_2014,KW_2014,1
-5.952415,-0.020906271,CCCCCCCCCCCOC(=O)CCN(CCCCCCCCN(CCC(=O)OCCCCCCCCCCC)CCC(=O)OCCCCCCCCCCC)CCC(=O)OCCCCCCCCCCC,KW_2014,KW_2014,1
-5.058069,0.210955331,CCCCCCCCCCCOC(=O)CCN(CCCCCCN(CCC(=O)OCCCCCCCCCCC)CCC(=O)OCCCCCCCCCCC)CCCCCCN(CCC(=O)OCCCCCCCCCCC)CCC(=O)OCCCCCCCCCCC,KW_2014,KW_2014,1
-6.5346355,0.492976958,CCCCCCCCCCCOC(=O)CCN(CCCCCCO)CCC(=O)OCCCCCCCCCCC,KW_2014,KW_2014,1
-6.449287,1.418708133,CCCCCCCCCCCOC(=O)CCN(CCCCCO)CCC(=O)OCCCCCCCCCCC,KW_2014,KW_2014,2
-5.881155,-0.144095072,CCCCCCCCCCCOC(=O)CCN(CCCCN(C)Cc1ccccc1)CCC(=O)OCCCCCCCCCCC,KW_2014,KW_2014,1
-6.6788807,0.009758459,CCCCCCCCCCCOC(=O)CCN(CCCCN1CCN(C)CC1)CCC(=O)OCCCCCCCCCCC,KW_2014,KW_2014,1
-6.611534,0.32082145,CCCCCCCCCCCOC(=O)CCN(CCCCO)CCC(=O)OCCCCCCCCCCC,KW_2014,KW_2014,1
-5.6691303,-0.527989915,CCCCCCCCCCCOC(=O)CCN(CCCN(C)C)CCC(=O)OCCCCCCCCCCC,KW_2014,KW_2014,0
-5.6691303,0.239283522,CCCCCCCCCCCOC(=O)CCN(CCCN(C)C)CCC(=O)OCCCCCCCCCCC,KW_2014,KW_2014,1
-2.2118726,0.039907746,CCCCCCCCCCCOC(=O)CCN(CCCN(C)C)CCCN(CCC(=O)OCCCCCCCCCCC)CCC(=O)OCCCCCCCCCCC,KW_2014,KW_2014,1
2.412046,3.877054095,CCCCCCCCCCCOC(=O)CCN(CCCN(C)CCCN(CCC(=O)OCCCCCCCCCCC)CCC(=O)OCCCCCCCCCCC)CCC(=O)OCCCCCCCCCCC,KW_2014,KW_2014,2
-4.3186555,-0.803578965,CCCCCCCCCCCOC(=O)CCN(CCCN(CC)CC)CCC(=O)OCCCCCCCCCCC,KW_2014,KW_2014,0
-5.102169,1.247639002,CCCCCCCCCCCOC(=O)CCN(CCCN(CCC(=O)OCCCCCCCCCCC)CCC(=O)OCCCCCCCCCCC)CCC(=O)OCCCCCCCCCCC,KW_2014,KW_2014,2
-4.911675,1.856347967,CCCCCCCCCCCOC(=O)CCN(CCCN(CCC(=O)OCCCCCCCCCCC)CCC(=O)OCCCCCCCCCCC)CCCN(CCC(=O)OCCCCCCCCCCC)CCC(=O)OCCCCCCCCCCC,KW_2014,KW_2014,2
-4.990038,1.737175056,CCCCCCCCCCCOC(=O)CCN(CCCN(CCC(=O)OCCCCCCCCCCC)CCN(CCC(=O)OCCCCCCCCCCC)CCC(=O)OCCCCCCCCCCC)CCC(=O)OCCCCCCCCCCC,KW_2014,KW_2014,2
-5.863142,-0.078963392,CCCCCCCCCCCOC(=O)CCN(CCCN(CCC(=O)OCCCCCCCCCCC)CCN(CCC(=O)OCCCCCCCCCCC)CCC(=O)OCCCCCCCCCCC)CCN(CCC(=O)OCCCCCCCCCCC)CCC(=O)OCCCCCCCCCCC,KW_2014,KW_2014,1
-4.5276194,3.683879145,CCCCCCCCCCCOC(=O)CCN(CCCN(CCCN(CCC(=O)OCCCCCCCCCCC)CCC(=O)OCCCCCCCCCCC)CCC(=O)OCCCCCCCCCCC)CCCN(CCC(=O)OCCCCCCCCCCC)CCC(=O)OCCCCCCCCCCC,KW_2014,KW_2014,2
-6.2381725,-0.038364475,CCCCCCCCCCCOC(=O)CCN(CCCN1CCN(C(C)C)CC1)CCC(=O)OCCCCCCCCCCC,KW_2014,KW_2014,1
-2.4446738,2.76072715,CCCCCCCCCCCOC(=O)CCN(CCCN1CCN(CCCN(CCC(=O)OCCCCCCCCCCC)CCC(=O)OCCCCCCCCCCC)CC1)CCC(=O)OCCCCCCCCCCC,KW_2014,KW_2014,2
-6.2596426,-0.196398833,CCCCCCCCCCCOC(=O)CCN(CCCn1ccnc1)CCC(=O)OCCCCCCCCCCC,KW_2014,KW_2014,1
-6.6395507,-0.079198668,CCCCCCCCCCCOC(=O)CCN(CCCN1CCOCC1)CCC(=O)OCCCCCCCCCCC,KW_2014,KW_2014,1
-6.467543,0.484024215,CCCCCCCCCCCOC(=O)CCN(CCCO)CCC(=O)OCCCCCCCCCCC,KW_2014,KW_2014,1
-5.5283117,-0.632215783,CCCCCCCCCCCOC(=O)CCN(CCCOC(C)C)CCC(=O)OCCCCCCCCCCC,KW_2014,KW_2014,0
-5.7807755,-0.452661096,CCCCCCCCCCCOC(=O)CCN(CCCOC)CCC(=O)OCCCCCCCCCCC,KW_2014,KW_2014,0
-5.7807755,-0.3612328,CCCCCCCCCCCOC(=O)CCN(CCCOC)CCC(=O)OCCCCCCCCCCC,KW_2014,KW_2014,0
-4.366419,-0.083002867,CCCCCCCCCCCOC(=O)CCN(CCCOCCCCOCCCN(CCC(=O)OCCCCCCCCCCC)CCC(=O)OCCCCCCCCCCC)CCC(=O)OCCCCCCCCCCC,KW_2014,KW_2014,1
-2.9430358,-0.602888234,CCCCCCCCCCCOC(=O)CCN(CCCOCCOCCOCCCN(CCC(=O)OCCCCCCCCCCC)CCC(=O)OCCCCCCCCCCC)CCC(=O)OCCCCCCCCCCC,KW_2014,KW_2014,0
-4.319121,-0.240245049,CCCCCCCCCCCOC(=O)CCN(CCN(CCC(=O)OCCCCCCCCCCC)C(C)(C)C)C(C)(C)C,KW_2014,KW_2014,0
-6.23288,-0.218936541,CCCCCCCCCCCOC(=O)CCN(CCN(CCC(=O)OCCCCCCCCCCC)C(C)C)C(C)C,KW_2014,KW_2014,0
-5.3206053,0.301558687,CCCCCCCCCCCOC(=O)CCN(CCO)CCC(=O)OCCCCCCCCCCC,KW_2014,KW_2014,1
-3.7278743,0.868663474,CCCCCCCCCCCOC(=O)CCN(CCO)CCN(CCC(=O)OCCCCCCCCCCC)CCC(=O)OCCCCCCCCCCC,KW_2014,KW_2014,1
-4.218368,0.785659143,CCCCCCCCCCCOC(=O)CCN(CCO)CCN(CCO)CCC(=O)OCCCCCCCCCCC,KW_2014,KW_2014,1
-4.218368,0.328981677,CCCCCCCCCCCOC(=O)CCN(CCO)CCN(CCO)CCC(=O)OCCCCCCCCCCC,KW_2014,KW_2014,1
-6.1881795,0.025168301,CCCCCCCCCCCOC(=O)CCN(CCOC)CCC(=O)OCCCCCCCCCCC,KW_2014,KW_2014,1
-6.431506,-0.488052248,CCCCCCCCCCCOC(=O)CCN(CCOCC)CCC(=O)OCCCCCCCCCCC,KW_2014,KW_2014,0
-4.983986,-1.077164545,CCCCCCCCCCCOC(=O)CCN(CCOCCN1CCCC1)CCC(=O)OCCCCCCCCCCC,KW_2014,KW_2014,0
-6.052404,0.861130696,CCCCCCCCCCCOC(=O)CCN(CCOCCO)CCC(=O)OCCCCCCCCCCC,KW_2014,KW_2014,1
-6.052404,0.85308919,CCCCCCCCCCCOC(=O)CCN(CCOCCO)CCC(=O)OCCCCCCCCCCC,KW_2014,KW_2014,1
-3.5869327,-0.275984822,CCCCCCCCCCCOC(=O)CCN(CCOCCOCCN(CCC(=O)OCCCCCCCCCCC)CCC(=O)OCCCCCCCCCCC)CCC(=O)OCCCCCCCCCCC,KW_2014,KW_2014,0
-2.2073805,0.063912572,CCCCCCCCCCCOC(=O)CCN(CCOCCOCCOCCN(CCC(=O)OCCCCCCCCCCC)CCC(=O)OCCCCCCCCCCC)CCC(=O)OCCCCCCCCCCC,KW_2014,KW_2014,1
-5.365312,0.748824614,CCCCCCCCCCCOC(=O)CCN1C(C)N(CCC(=O)OCCCCCCCCCCC)C(C)N(CCC(=O)OCCCCCCCCCCC)C1C,KW_2014,KW_2014,1
-5.3826785,0.46650401,CCCCCCCCCCCOC(=O)CCN1CC[C@@H](N(CCC(=O)OCCCCCCCCCCC)CCC(=O)OCCCCCCCCCCC)C1,KW_2014,KW_2014,1
-6.5356956,-0.800870248,CCCCCCCCCCCOC(=O)CCN1CCC(N(CCC(=O)OCCCCCCCCCCC)CCC(=O)OCCCCCCCCCCC)CC1,KW_2014,KW_2014,0
-4.2706475,-0.222288528,CCCCCCCCCCCOC(=O)CCN1CCCCN(C)CCN(CCC(=O)OCCCCCCCCCCC)CCCN(C)CC1,KW_2014,KW_2014,0
-4.046,0.833089024,CCCCCCCCCCCOC(=O)CCN1CCCN(CCC(=O)OCCCCCCCCCCC)CCCN(CCC(=O)OCCCCCCCCCCC)CCC1,KW_2014,KW_2014,1
-3.5118613,0.028569528,CCCCCCCCCCCOC(=O)CCN1CCCN(CCC(=O)OCCCCCCCCCCC)CCCN(CCC(=O)OCCCCCCCCCCC)CCN(CCC(=O)OCCCCCCCCCCC)CCC1,KW_2014,KW_2014,1
-3.6421783,-0.086853636,CCCCCCCCCCCOC(=O)CCN1CCCN(CCC(=O)OCCCCCCCCCCC)CCN(CCC(=O)OCCCCCCCCCCC)CCCN(CCC(=O)OCCCCCCCCCCC)CC1,KW_2014,KW_2014,1
-3.630485,0.633158058,CCCCCCCCCCCOC(=O)CCN1CCCN(CCC(=O)OCCCCCCCCCCC)CCN(CCC(=O)OCCCCCCCCCCC)CCN(CCC(=O)OCCCCCCCCCCC)CC1,KW_2014,KW_2014,1
-6.437961,-0.858283843,CCCCCCCCCCCOC(=O)CCN1CCN(CCC(=O)OCCCCCCCCCCC)[C@H](C)C1,KW_2014,KW_2014,0
-5.6525865,-0.291622533,CCCCCCCCCCCOC(=O)CCN1CCN(CCC(=O)OCCCCCCCCCCC)C(c2ccccc2)C1,KW_2014,KW_2014,0
-3.882917,2.402072584,CCCCCCCCCCCOC(=O)CCN1CCN(CCC(=O)OCCCCCCCCCCC)C2C1N(CCC(=O)OCCCCCCCCCCC)CCN2CCC(=O)OCCCCCCCCCCC,KW_2014,KW_2014,2
-6.347528,-0.203473351,CCCCCCCCCCCOC(=O)CCN1CCN(CCC(=O)OCCCCCCCCCCC)CC1,KW_2014,KW_2014,1
-3.8769243,0.149162589,CCCCCCCCCCCOC(=O)CCN1CCN(CCC(=O)OCCCCCCCCCCC)CCN(CCC(=O)OCCCCCCCCCCC)CCN(CCC(=O)OCCCCCCCCCCC)CC1,KW_2014,KW_2014,1
-4.6824565,-0.322532092,CCCCCCCCCCCOC(=O)CCN1CCOCCN(CCC(=O)OCCCCCCCCCCC)CCN(CCC(=O)OCCCCCCCCCCC)CC1,KW_2014,KW_2014,0
-4.672743,-0.541639691,CCCCCCCCCCOC(=O)CCN(C)c1ccc(Cc2ccc(N(CCC(=O)OCCCCCCCCCC)CCC(=O)OCCCCCCCCCC)cc2)cc1,KW_2014,KW_2014,0
-5.22705,-0.962327367,CCCCCCCCCCOC(=O)CCN(C)c1ccccc1N(CCC(=O)OCCCCCCCCCC)CCC(=O)OCCCCCCCCCC,KW_2014,KW_2014,0
-5.675811,-0.290575772,CCCCCCCCCCOC(=O)CCN(C)CCCCCCN(C)CCC(=O)OCCCCCCCCCC,KW_2014,KW_2014,0
-5.3316703,-0.740438493,CCCCCCCCCCOC(=O)CCN(C)CCCN(CC)CCCN(C)CCC(=O)OCCCCCCCCCC,KW_2014,KW_2014,0
-3.6839645,-0.192126033,CCCCCCCCCCOC(=O)CCN(C)CCCN(CCC(=O)OCCCCCCCCCC)CCC(=O)OCCCCCCCCCC,KW_2014,KW_2014,1
-6.924908,-0.506538423,CCCCCCCCCCOC(=O)CCN(C)CCN(C)CCC(=O)OCCCCCCCCCC,KW_2014,KW_2014,0
-4.5733414,0.283499101,CCCCCCCCCCOC(=O)CCN(C)CCN(CCC(=O)OCCCCCCCCCC)CCC(=O)OCCCCCCCCCC,KW_2014,KW_2014,1
-4.927901,-0.422672417,CCCCCCCCCCOC(=O)CCN(C)CCN(CCN(C)CCC(=O)OCCCCCCCCCC)CCN(C)CCC(=O)OCCCCCCCCCC,KW_2014,KW_2014,0
-5.888071,0.682073485,CCCCCCCCCCOC(=O)CCN(C)CCOCCN(C)CCC(=O)OCCCCCCCCCC,KW_2014,KW_2014,1
-5.8944006,-1.277147572,CCCCCCCCCCOC(=O)CCN(C)CCOCCOCCN(C)CCC(=O)OCCCCCCCCCC,KW_2014,KW_2014,0
-5.8944006,0.032330672,CCCCCCCCCCOC(=O)CCN(C)CCOCCOCCN(C)CCC(=O)OCCCCCCCCCC,KW_2014,KW_2014,1
-3.8222716,-0.973216276,CCCCCCCCCCOC(=O)CCN(c1ccccc1)c1ccc(-c2ccc(N(CCC(=O)OCCCCCCCCCC)c3ccccc3)cc2)cc1,KW_2014,KW_2014,0
-6.0352616,0.796521001,CCCCCCCCCCOC(=O)CCN(CC)CCCN(CC)CCC(=O)OCCCCCCCCCC,KW_2014,KW_2014,1
-7.103092,-0.025118573,CCCCCCCCCCOC(=O)CCN(CC)CCN(CC)CCC(=O)OCCCCCCCCCC,KW_2014,KW_2014,1
-4.7944717,0.166884819,CCCCCCCCCCOC(=O)CCN(CC)CCN(CCC(=O)OCCCCCCCCCC)CCC(=O)OCCCCCCCCCC,KW_2014,KW_2014,1
-6.361997,-0.601383295,CCCCCCCCCCOC(=O)CCN(CCC(=O)OCCCCCCCCCC)[C@H](c1ccccc1)[C@H](c1ccccc1)N(CCC(=O)OCCCCCCCCCC)CCC(=O)OCCCCCCCCCC,KW_2014,KW_2014,0
-5.972265,-0.558050037,CCCCCCCCCCOC(=O)CCN(CCC(=O)OCCCCCCCCCC)[C@@H](CO)CC(C)C,KW_2014,KW_2014,0
-5.972265,0.449757684,CCCCCCCCCCOC(=O)CCN(CCC(=O)OCCCCCCCCCC)[C@@H](CO)CC(C)C,KW_2014,KW_2014,1
-4.9317813,0.619020235,CCCCCCCCCCOC(=O)CCN(CCC(=O)OCCCCCCCCCC)[C@@H]1CCCC[C@H]1N(CCC(=O)OCCCCCCCCCC)CCC(=O)OCCCCCCCCCC,KW_2014,KW_2014,1
-5.6673656,-0.113821633,CCCCCCCCCCOC(=O)CCN(CCC(=O)OCCCCCCCCCC)[C@H]1CC[C@H](N(CCC(=O)OCCCCCCCCCC)CCC(=O)OCCCCCCCCCC)CC1,KW_2014,KW_2014,1
-4.9317813,0.418156707,CCCCCCCCCCOC(=O)CCN(CCC(=O)OCCCCCCCCCC)[C@@H]1CCCC[C@@H]1N(CCC(=O)OCCCCCCCCCC)CCC(=O)OCCCCCCCCCC,KW_2014,KW_2014,1
-6.0929375,-0.234928892,CCCCCCCCCCOC(=O)CCN(CCC(=O)OCCCCCCCCCC)C(=O)C1CCCN1C,KW_2014,KW_2014,0
-6.7994285,-0.334727148,CCCCCCCCCCOC(=O)CCN(CCC(=O)OCCCCCCCCCC)C(C)(C)C,KW_2014,KW_2014,0
-6.5356846,-0.241067251,CCCCCCCCCCOC(=O)CCN(CCC(=O)OCCCCCCCCCC)C(C)(C)CC,KW_2014,KW_2014,0
-6.5356846,-0.64775521,CCCCCCCCCCOC(=O)CCN(CCC(=O)OCCCCCCCCCC)C(C)(C)CC,KW_2014,KW_2014,0
-5.2630897,-0.479860385,CCCCCCCCCCOC(=O)CCN(CCC(=O)OCCCCCCCCCC)C(C)(C)CC(C)(C)C,KW_2014,KW_2014,0
-5.9873624,-1.277147572,CCCCCCCCCCOC(=O)CCN(CCC(=O)OCCCCCCCCCC)C(C)(CO)CO,KW_2014,KW_2014,0
-6.8343806,-0.464103674,CCCCCCCCCCOC(=O)CCN(CCC(=O)OCCCCCCCCCC)C(C)C,KW_2014,KW_2014,0
-6.069526,-0.982590377,CCCCCCCCCCOC(=O)CCN(CCC(=O)OCCCCCCCCCC)C(C)C(C)C,KW_2014,KW_2014,0
-7.666462,-0.468225529,CCCCCCCCCCOC(=O)CCN(CCC(=O)OCCCCCCCCCC)C(C)c1ccc(C)cc1,KW_2014,KW_2014,0
-7.0608516,-0.423391059,CCCCCCCCCCOC(=O)CCN(CCC(=O)OCCCCCCCCCC)C(C)CC,KW_2014,KW_2014,0
-7.0604844,-0.470759386,CCCCCCCCCCOC(=O)CCN(CCC(=O)OCCCCCCCCCC)C(C)CCC,KW_2014,KW_2014,0
-6.3884993,-1.048093877,CCCCCCCCCCOC(=O)CCN(CCC(=O)OCCCCCCCCCC)C(C)CO,KW_2014,KW_2014,0
-5.541394,0.029283488,CCCCCCCCCCOC(=O)CCN(CCC(=O)OCCCCCCCCCC)C(c1ccccc1)(c1ccccc1)c1ccccc1,KW_2014,KW_2014,1
-6.685239,-1.277147572,CCCCCCCCCCOC(=O)CCN(CCC(=O)OCCCCCCCCCC)C(c1ccccc1)c1ccccc1,KW_2014,KW_2014,0
-7.6786046,-0.474884418,CCCCCCCCCCOC(=O)CCN(CCC(=O)OCCCCCCCCCC)C(CC)CC,KW_2014,KW_2014,0
-5.1620865,-0.418436888,CCCCCCCCCCOC(=O)CCN(CCC(=O)OCCCCCCCCCC)C(CO)(CO)CO,KW_2014,KW_2014,0
-7.114635,-1.241767555,CCCCCCCCCCOC(=O)CCN(CCC(=O)OCCCCCCCCCC)C(CO)C(C)(C)C,KW_2014,KW_2014,0
-5.9871826,0.244495611,CCCCCCCCCCOC(=O)CCN(CCC(=O)OCCCCCCCCCC)C[C@@H](C)O,KW_2014,KW_2014,1
-6.07163,-0.549823974,CCCCCCCCCCOC(=O)CCN(CCC(=O)OCCCCCCCCCC)C[C@@H]1CCCN1CC,KW_2014,KW_2014,0
-6.07163,-0.281410629,CCCCCCCCCCOC(=O)CCN(CCC(=O)OCCCCCCCCCC)C[C@H]1CCCN1CC,KW_2014,KW_2014,0
-5.5731096,-0.467338014,CCCCCCCCCCOC(=O)CCN(CCC(=O)OCCCCCCCCCC)C12C[C@H]3C[C@@H](C1)C[C@@H](C2)C3,KW_2014,KW_2014,0
-5.13244,-0.73809645,CCCCCCCCCCOC(=O)CCN(CCC(=O)OCCCCCCCCCC)c1c(-c2ccccc2)cc(-c2ccccc2)cc1-c1ccccc1,KW_2014,KW_2014,0
-5.3023252,-1.010413769,CCCCCCCCCCOC(=O)CCN(CCC(=O)OCCCCCCCCCC)c1c(C)c(C)c(N(CCC(=O)OCCCCCCCCCC)CCC(=O)OCCCCCCCCCC)c(C)c1C,KW_2014,KW_2014,0
-4.967129,-0.252200458,CCCCCCCCCCOC(=O)CCN(CCC(=O)OCCCCCCCCCC)c1c(C)cc(-c2cc(C)c(N(CCC(=O)OCCCCCCCCCC)CCC(=O)OCCCCCCCCCC)c(C)c2)cc1C,KW_2014,KW_2014,0
-5.1093893,-0.66023762,CCCCCCCCCCOC(=O)CCN(CCC(=O)OCCCCCCCCCC)c1c(CC)cccc1CC,KW_2014,KW_2014,0
-4.849866,-0.648452348,CCCCCCCCCCOC(=O)CCN(CCC(=O)OCCCCCCCCCC)c1c(F)cc(F)cc1F,KW_2014,KW_2014,0
-4.936598,-0.826490891,CCCCCCCCCCOC(=O)CCN(CCC(=O)OCCCCCCCCCC)c1c(N(CCC(=O)OCCCCCCCCCC)CCC(=O)OCCCCCCCCCC)c2ccccc2c2ccccc12,KW_2014,KW_2014,0
-4.936598,-0.290472759,CCCCCCCCCCOC(=O)CCN(CCC(=O)OCCCCCCCCCC)c1c(N(CCC(=O)OCCCCCCCCCC)CCC(=O)OCCCCCCCCCC)c2ccccc2c2ccccc12,KW_2014,KW_2014,0
-5.299291,-0.930018327,CCCCCCCCCCOC(=O)CCN(CCC(=O)OCCCCCCCCCC)c1cc(C(C)(C)C)ccc1C(C)(C)C,KW_2014,KW_2014,0
-5.7792706,-1.277147572,CCCCCCCCCCOC(=O)CCN(CCC(=O)OCCCCCCCCCC)c1cc(C(C)(C)C)ccc1OC,KW_2014,KW_2014,0
-5.7059298,-1.277147572,CCCCCCCCCCOC(=O)CCN(CCC(=O)OCCCCCCCCCC)c1cc(C)c(C)cc1N(CCC(=O)OCCCCCCCCCC)CCC(=O)OCCCCCCCCCC,KW_2014,KW_2014,0
-5.6421895,0.112180805,CCCCCCCCCCOC(=O)CCN(CCC(=O)OCCCCCCCCCC)c1cc(F)c(F)c(F)c1,KW_2014,KW_2014,1
-5.1608887,-0.700502221,CCCCCCCCCCOC(=O)CCN(CCC(=O)OCCCCCCCCCC)c1cc(F)cc(F)c1,KW_2014,KW_2014,0
-5.1029186,-0.922290247,CCCCCCCCCCOC(=O)CCN(CCC(=O)OCCCCCCCCCC)c1cc(F)ccc1F,KW_2014,KW_2014,0
-6.3920727,-0.735281739,CCCCCCCCCCOC(=O)CCN(CCC(=O)OCCCCCCCCCC)c1cc(OC)ccc1OC,KW_2014,KW_2014,0
-7.002433,-0.183588804,CCCCCCCCCCOC(=O)CCN(CCC(=O)OCCCCCCCCCC)C1CC1,KW_2014,KW_2014,1
-6.352067,-0.133396284,CCCCCCCCCCOC(=O)CCN(CCC(=O)OCCCCCCCCCC)C1CC2CCC1C2,KW_2014,KW_2014,1
-6.6209865,0.839601106,CCCCCCCCCCOC(=O)CCN(CCC(=O)OCCCCCCCCCC)C1Cc2ccccc2C1,KW_2014,KW_2014,1
-5.220351,-0.634314673,CCCCCCCCCCOC(=O)CCN(CCC(=O)OCCCCCCCCCC)c1ccc(-c2ccc(N(CCC(=O)OCCCCCCCCCC)CCC(=O)OCCCCCCCCCC)c(C)c2)cc1C,KW_2014,KW_2014,0
-5.7077866,-0.410565059,CCCCCCCCCCOC(=O)CCN(CCC(=O)OCCCCCCCCCC)c1ccc(-c2ccc(N(CCC(=O)OCCCCCCCCCC)CCC(=O)OCCCCCCCCCC)c(N(CCC(=O)OCCCCCCCCCC)CCC(=O)OCCCCCCCCCC)c2)cc1N(CCC(=O)OCCCCCCCCCC)CCC(=O)OCCCCCCCCCC,KW_2014,KW_2014,0
-5.7769156,-1.277147572,CCCCCCCCCCOC(=O)CCN(CCC(=O)OCCCCCCCCCC)c1ccc(-c2ccccc2)cc1,KW_2014,KW_2014,0
-5.6793365,-0.818520588,CCCCCCCCCCOC(=O)CCN(CCC(=O)OCCCCCCCCCC)c1ccc(C(C)(C)C)cc1,KW_2014,KW_2014,0
-5.750695,-0.715947725,CCCCCCCCCCOC(=O)CCN(CCC(=O)OCCCCCCCCCC)c1ccc(C(C)C)cc1,KW_2014,KW_2014,0
-6.5016227,0.02176637,CCCCCCCCCCOC(=O)CCN(CCC(=O)OCCCCCCCCCC)c1ccc(C)c(F)c1,KW_2014,KW_2014,1
-5.979538,-0.682515532,CCCCCCCCCCOC(=O)CCN(CCC(=O)OCCCCCCCCCC)c1ccc(C)c(N(CCC(=O)OCCCCCCCCCC)CCC(=O)OCCCCCCCCCC)c1,KW_2014,KW_2014,0
-5.9634585,-1.277147572,CCCCCCCCCCOC(=O)CCN(CCC(=O)OCCCCCCCCCC)c1ccc(C)cc1N(CCC(=O)OCCCCCCCCCC)CCC(=O)OCCCCCCCCCC,KW_2014,KW_2014,0
-4.404222,-0.016792056,CCCCCCCCCCOC(=O)CCN(CCC(=O)OCCCCCCCCCC)c1ccc(C2(c3ccc(N(CCC(=O)OCCCCCCCCCC)CCC(=O)OCCCCCCCCCC)cc3)c3ccccc3-c3ccccc32)cc1,KW_2014,KW_2014,1
-4.5790615,-0.250439432,CCCCCCCCCCOC(=O)CCN(CCC(=O)OCCCCCCCCCC)C1CCC(CC2CCC(N(CCC(=O)OCCCCCCCCCC)CCC(=O)OCCCCCCCCCC)C(C)C2)CC1C,KW_2014,KW_2014,0
-6.1688476,-1.277147572,CCCCCCCCCCOC(=O)CCN(CCC(=O)OCCCCCCCCCC)c1ccc(Cc2ccc(N(CCC(=O)OCCCCCCCCCC)CCC(=O)OCCCCCCCCCC)cc2)cc1,KW_2014,KW_2014,0
-4.994203,-0.26912512,CCCCCCCCCCOC(=O)CCN(CCC(=O)OCCCCCCCCCC)c1ccc(F)c(F)c1,KW_2014,KW_2014,0
-6.4710646,-0.371072192,CCCCCCCCCCOC(=O)CCN(CCC(=O)OCCCCCCCCCC)c1ccc(F)cc1,KW_2014,KW_2014,0
-5.6013403,-0.062463637,CCCCCCCCCCOC(=O)CCN(CCC(=O)OCCCCCCCCCC)c1ccc(F)cc1C(F)(F)F,KW_2014,KW_2014,1
-4.6065416,-0.452096323,CCCCCCCCCCOC(=O)CCN(CCC(=O)OCCCCCCCCCC)c1ccc(N(CCC(=O)OCCCCCCCCCC)c2ccccc2)cc1,KW_2014,KW_2014,0
-5.9878235,-1.093301867,CCCCCCCCCCOC(=O)CCN(CCC(=O)OCCCCCCCCCC)c1ccc(N(CCC(=O)OCCCCCCCCCC)CCC(=O)OCCCCCCCCCC)cc1,KW_2014,KW_2014,0
-4.8262186,-0.469811575,CCCCCCCCCCOC(=O)CCN(CCC(=O)OCCCCCCCCCC)c1ccc(OC(F)(F)F)cc1,KW_2014,KW_2014,0
-6.109972,0.107300498,CCCCCCCCCCOC(=O)CCN(CCC(=O)OCCCCCCCCCC)c1ccc(OC(F)F)cc1,KW_2014,KW_2014,1
-6.0615983,-0.414130728,CCCCCCCCCCOC(=O)CCN(CCC(=O)OCCCCCCCCCC)c1ccc(OC)c(F)c1,KW_2014,KW_2014,0
-5.342231,-0.572659663,CCCCCCCCCCOC(=O)CCN(CCC(=O)OCCCCCCCCCC)c1ccc(Oc2ccc(F)cc2)cc1,KW_2014,KW_2014,0
-5.543998,-0.214530971,CCCCCCCCCCOC(=O)CCN(CCC(=O)OCCCCCCCCCC)c1ccc(Oc2ccc(N(CCC(=O)OCCCCCCCCCC)CCC(=O)OCCCCCCCCCC)cc2)cc1,KW_2014,KW_2014,0
-5.4942303,-0.538912744,CCCCCCCCCCOC(=O)CCN(CCC(=O)OCCCCCCCCCC)c1ccc(Oc2ccccc2)cc1,KW_2014,KW_2014,0
-6.2231655,-1.277147572,CCCCCCCCCCOC(=O)CCN(CCC(=O)OCCCCCCCCCC)c1ccc(OCCCCCCCC)cc1,KW_2014,KW_2014,0
-6.865143,-0.484557133,CCCCCCCCCCOC(=O)CCN(CCC(=O)OCCCCCCCCCC)C1CCC1,KW_2014,KW_2014,0
-5.1689796,-1.277147572,CCCCCCCCCCOC(=O)CCN(CCC(=O)OCCCCCCCCCC)c1ccc2c(c1)Cc1cc(N(CCC(=O)OCCCCCCCCCC)CCC(=O)OCCCCCCCCCC)ccc1-2,KW_2014,KW_2014,0
-5.471471,-0.095318093,CCCCCCCCCCOC(=O)CCN(CCC(=O)OCCCCCCCCCC)c1ccc2c(c1)CCCC2,KW_2014,KW_2014,1
-5.580368,-0.392989924,CCCCCCCCCCOC(=O)CCN(CCC(=O)OCCCCCCCCCC)c1ccc2c(c1)OCCO2,KW_2014,KW_2014,0
-6.375676,-1.277147572,CCCCCCCCCCOC(=O)CCN(CCC(=O)OCCCCCCCCCC)c1ccc2c(c1)OCO2,KW_2014,KW_2014,0
-5.189711,-1.277147572,CCCCCCCCCCOC(=O)CCN(CCC(=O)OCCCCCCCCCC)c1ccc2cc3ccccc3cc2c1,KW_2014,KW_2014,0
-6.72633,0.608053491,CCCCCCCCCCOC(=O)CCN(CCC(=O)OCCCCCCCCCC)C1CCc2ccccc21,KW_2014,KW_2014,1
-5.576832,-0.478137973,CCCCCCCCCCOC(=O)CCN(CCC(=O)OCCCCCCCCCC)c1ccc2ccccc2c1-c1c(N(CCC(=O)OCCCCCCCCCC)CCC(=O)OCCCCCCCCCC)ccc2ccccc12,KW_2014,KW_2014,0
-5.697682,-0.794173544,CCCCCCCCCCOC(=O)CCN(CCC(=O)OCCCCCCCCCC)c1cccc(C(F)(F)F)c1,KW_2014,KW_2014,0
-5.8962994,-0.241454964,CCCCCCCCCCOC(=O)CCN(CCC(=O)OCCCCCCCCCC)c1cccc(C)c1N(CCC(=O)OCCCCCCCCCC)CCC(=O)OCCCCCCCCCC,KW_2014,KW_2014,0
-5.9401627,-1.178465182,CCCCCCCCCCOC(=O)CCN(CCC(=O)OCCCCCCCCCC)c1cccc(F)c1,KW_2014,KW_2014,0
-4.9412136,1.315261871,CCCCCCCCCCOC(=O)CCN(CCC(=O)OCCCCCCCCCC)C1CCCC(N(CCC(=O)OCCCCCCCCCC)CCC(=O)OCCCCCCCCCC)C1,KW_2014,KW_2014,2
-5.8299413,0.678593321,CCCCCCCCCCOC(=O)CCN(CCC(=O)OCCCCCCCCCC)c1cccc(N(CCC(=O)OCCCCCCCCCC)CCC(=O)OCCCCCCCCCC)c1,KW_2014,KW_2014,1
-5.9108562,-0.246918203,CCCCCCCCCCOC(=O)CCN(CCC(=O)OCCCCCCCCCC)c1cccc(N(CCC(=O)OCCCCCCCCCC)CCC(=O)OCCCCCCCCCC)c1C,KW_2014,KW_2014,0
-6.311696,-0.163688323,CCCCCCCCCCOC(=O)CCN(CCC(=O)OCCCCCCCCCC)c1cccc(OC(C)C)c1,KW_2014,KW_2014,1
-5.4638267,-0.816057093,CCCCCCCCCCOC(=O)CCN(CCC(=O)OCCCCCCCCCC)c1cccc(OCc2ccccc2)c1,KW_2014,KW_2014,0
-5.365807,-0.780260619,CCCCCCCCCCOC(=O)CCN(CCC(=O)OCCCCCCCCCC)c1cccc2c1CCC2,KW_2014,KW_2014,0
-5.9483886,0.107949957,CCCCCCCCCCOC(=O)CCN(CCC(=O)OCCCCCCCCCC)c1cccc2cccc(N(CCC(=O)OCCCCCCCCCC)CCC(=O)OCCCCCCCCCC)c12,KW_2014,KW_2014,1
-7.304569,-0.139012115,CCCCCCCCCCOC(=O)CCN(CCC(=O)OCCCCCCCCCC)C1CCCCC1,KW_2014,KW_2014,1
-5.503386,-0.142631407,CCCCCCCCCCOC(=O)CCN(CCC(=O)OCCCCCCCCCC)c1ccccc1C(C)(C)C,KW_2014,KW_2014,1
-5.8737454,-0.857207038,CCCCCCCCCCOC(=O)CCN(CCC(=O)OCCCCCCCCCC)c1ccccc1C(C)C,KW_2014,KW_2014,0
-4.836483,0.322695841,CCCCCCCCCCOC(=O)CCN(CCC(=O)OCCCCCCCCCC)c1ccccc1Cc1ccccc1,KW_2014,KW_2014,1
-3.7690368,0.034575183,CCCCCCCCCCOC(=O)CCN(CCC(=O)OCCCCCCCCCC)c1ccccc1N(CCC(=O)OCCCCCCCCCC)c1ccccc1,KW_2014,KW_2014,1
-6.8588324,-0.124910973,CCCCCCCCCCOC(=O)CCN(CCC(=O)OCCCCCCCCCC)c1ccccc1OC,KW_2014,KW_2014,1
-5.6744514,-0.332189427,CCCCCCCCCCOC(=O)CCN(CCC(=O)OCCCCCCCCCC)c1ccccc1Oc1ccccc1,KW_2014,KW_2014,0
-6.5144415,-0.915802716,CCCCCCCCCCOC(=O)CCN(CCC(=O)OCCCCCCCCCC)c1ccccc1OCC,KW_2014,KW_2014,0
-6.2991323,-0.357252071,CCCCCCCCCCOC(=O)CCN(CCC(=O)OCCCCCCCCCC)C1CCCCCCC1,KW_2014,KW_2014,0
-7.0930023,-0.683574924,CCCCCCCCCCOC(=O)CCN(CCC(=O)OCCCCCCCCCC)C1CCN(C)CC1,KW_2014,KW_2014,0
-5.480149,0.519536633,CCCCCCCCCCOC(=O)CCN(CCC(=O)OCCCCCCCCCC)c1nc(N(CCC(=O)OCCCCCCCCCC)CCC(=O)OCCCCCCCCCC)nc(N(CCC(=O)OCCCCCCCCCC)CCC(=O)OCCCCCCCCCC)n1,KW_2014,KW_2014,1
-6.363543,-0.538242883,CCCCCCCCCCOC(=O)CCN(CCC(=O)OCCCCCCCCCC)CC(=O)N(C)c1ccccc1,KW_2014,KW_2014,0
-6.9499116,0.537034256,CCCCCCCCCCOC(=O)CCN(CCC(=O)OCCCCCCCCCC)CC(C)(C)CN(C)C,KW_2014,KW_2014,1
-7.5525103,-0.653434797,CCCCCCCCCCOC(=O)CCN(CCC(=O)OCCCCCCCCCC)CC(C)(C)CO,KW_2014,KW_2014,0
-7.0571895,-0.598256643,CCCCCCCCCCOC(=O)CCN(CCC(=O)OCCCCCCCCCC)CC(C)C,KW_2014,KW_2014,0
-7.4573965,-0.518764632,CCCCCCCCCCOC(=O)CCN(CCC(=O)OCCCCCCCCCC)CC(C)CC,KW_2014,KW_2014,0
-4.934611,0.210201249,CCCCCCCCCCOC(=O)CCN(CCC(=O)OCCCCCCCCCC)CC(C)N(CCC(=O)OCCCCCCCCCC)CCC(=O)OCCCCCCCCCC,KW_2014,KW_2014,1
-6.759013,-0.164447367,CCCCCCCCCCOC(=O)CCN(CCC(=O)OCCCCCCCCCC)CC(CC)CCCC,KW_2014,KW_2014,1
-5.8153386,-0.329776484,CCCCCCCCCCOC(=O)CCN(CCC(=O)OCCCCCCCCCC)CC(OC)OC,KW_2014,KW_2014,0
-6.696819,-1.277147572,CCCCCCCCCCOC(=O)CCN(CCC(=O)OCCCCCCCCCC)CC[C@H](C)O,KW_2014,KW_2014,0
-5.6758876,-1.149887665,CCCCCCCCCCOC(=O)CCN(CCC(=O)OCCCCCCCCCC)CC1(C)CC(N(CCC(=O)OCCCCCCCCCC)CCC(=O)OCCCCCCCCCC)CC(C)(C)C1,KW_2014,KW_2014,0
-4.763373,-0.581286319,CCCCCCCCCCOC(=O)CCN(CCC(=O)OCCCCCCCCCC)CC12C[C@H]3C[C@@H](C1)C[C@@H](C2)C3,KW_2014,KW_2014,0
-6.590564,-0.283522675,CCCCCCCCCCOC(=O)CCN(CCC(=O)OCCCCCCCCCC)Cc1cc(C)c(OC)c(OC)c1,KW_2014,KW_2014,0
-6.508953,0.613839102,CCCCCCCCCCOC(=O)CCN(CCC(=O)OCCCCCCCCCC)Cc1cc(F)ccc1F,KW_2014,KW_2014,1
-5.066883,-0.350973296,CCCCCCCCCCOC(=O)CCN(CCC(=O)OCCCCCCCCCC)CC1CCC(CN(CCC(=O)OCCCCCCCCCC)CCC(=O)OCCCCCCCCCC)CC1,KW_2014,KW_2014,0
-5.3986964,-0.357942362,CCCCCCCCCCOC(=O)CCN(CCC(=O)OCCCCCCCCCC)CC1CCCC(CN(CCC(=O)OCCCCCCCCCC)CCC(=O)OCCCCCCCCCC)C1,KW_2014,KW_2014,0
-4.796314,0.60227806,CCCCCCCCCCOC(=O)CCN(CCC(=O)OCCCCCCCCCC)Cc1cccc(CN(CCC(=O)OCCCCCCCCCC)CCC(=O)OCCCCCCCCCC)c1,KW_2014,KW_2014,1
-7.4173903,-0.440324415,CCCCCCCCCCOC(=O)CCN(CCC(=O)OCCCCCCCCCC)Cc1cccc(F)c1,KW_2014,KW_2014,0
-5.0875354,-0.705071727,CCCCCCCCCCOC(=O)CCN(CCC(=O)OCCCCCCCCCC)Cc1cccc(N(CCC(=O)OCCCCCCCCCC)CCC(=O)OCCCCCCCCCC)c1,KW_2014,KW_2014,0
-7.124787,-0.329484097,CCCCCCCCCCOC(=O)CCN(CCC(=O)OCCCCCCCCCC)CC1CCCCC1,KW_2014,KW_2014,0
-7.515853,-0.585267437,CCCCCCCCCCOC(=O)CCN(CCC(=O)OCCCCCCCCCC)Cc1ccccc1F,KW_2014,KW_2014,0
-5.325777,-0.422760849,CCCCCCCCCCOC(=O)CCN(CCC(=O)OCCCCCCCCCC)Cc1ccccc1N(CCC(=O)OCCCCCCCCCC)CCC(=O)OCCCCCCCCCC,KW_2014,KW_2014,0
-7.539268,-0.396916446,CCCCCCCCCCOC(=O)CCN(CCC(=O)OCCCCCCCCCC)Cc1ccccc1OC,KW_2014,KW_2014,0
-8.237735,-0.379553162,CCCCCCCCCCOC(=O)CCN(CCC(=O)OCCCCCCCCCC)Cc1ccccc1OCC,KW_2014,KW_2014,0
-5.9117208,-0.800072835,CCCCCCCCCCOC(=O)CCN(CCC(=O)OCCCCCCCCCC)CC1CCCN1C,KW_2014,KW_2014,0
-5.710322,0.291216739,CCCCCCCCCCOC(=O)CCN(CCC(=O)OCCCCCCCCCC)CC1CCCN1CCC(=O)OCCCCCCCCCC,KW_2014,KW_2014,1
-6.269379,-0.277348392,CCCCCCCCCCOC(=O)CCN(CCC(=O)OCCCCCCCCCC)CC1CCCO1,KW_2014,KW_2014,0
-6.5587916,-0.501901125,CCCCCCCCCCOC(=O)CCN(CCC(=O)OCCCCCCCCCC)CC1CCN(C)CC1,KW_2014,KW_2014,0
-5.576806,-0.578487256,CCCCCCCCCCOC(=O)CCN(CCC(=O)OCCCCCCCCCC)CC1COC(C)(C)O1,KW_2014,KW_2014,0
-6.3338623,-0.978975862,CCCCCCCCCCOC(=O)CCN(CCC(=O)OCCCCCCCCCC)Cc1nccn1C,KW_2014,KW_2014,0
-6.1276536,0.075400126,CCCCCCCCCCOC(=O)CCN(CCC(=O)OCCCCCCCCCC)CCC(=O)N1CCN(CCC(=O)OCCCCCCCCCC)CC1,KW_2014,KW_2014,1
-6.6965165,-0.522791256,CCCCCCCCCCOC(=O)CCN(CCC(=O)OCCCCCCCCCC)CCC(C)(C)C,KW_2014,KW_2014,0
-5.8761425,0.255821163,CCCCCCCCCCOC(=O)CCN(CCC(=O)OCCCCCCCCCC)CCC(c1ccccc1)c1ccccc1,KW_2014,KW_2014,1
-5.3496675,-0.030520573,CCCCCCCCCCOC(=O)CCN(CCC(=O)OCCCCCCCCCC)CCC1CCC(C)CC1,KW_2014,KW_2014,1
-5.3341074,0.061314942,CCCCCCCCCCOC(=O)CCN(CCC(=O)OCCCCCCCCCC)CCC1CCC(CC)CC1,KW_2014,KW_2014,1
-5.894507,-0.330357776,CCCCCCCCCCOC(=O)CCN(CCC(=O)OCCCCCCCCCC)CCc1ccc(OC)c(OC)c1,KW_2014,KW_2014,0
-7.1327014,-1.277147572,CCCCCCCCCCOC(=O)CCN(CCC(=O)OCCCCCCCCCC)CCc1ccc(OC)cc1,KW_2014,KW_2014,0
-6.8730226,0.146276162,CCCCCCCCCCOC(=O)CCN(CCC(=O)OCCCCCCCCCC)CCc1ccccc1F,KW_2014,KW_2014,1
-6.9068556,-0.229231415,CCCCCCCCCCOC(=O)CCN(CCC(=O)OCCCCCCCCCC)CCC1OCCO1,KW_2014,KW_2014,0
-6.6203003,-0.08446073,CCCCCCCCCCOC(=O)CCN(CCC(=O)OCCCCCCCCCC)CCN(C(C)C)C(C)C,KW_2014,KW_2014,1
-5.7627974,0.305237047,CCCCCCCCCCOC(=O)CCN(CCC(=O)OCCCCCCCCCC)CCN(C)C,KW_2014,KW_2014,1
-1.2301034,2.386703514,CCCCCCCCCCOC(=O)CCN(CCC(=O)OCCCCCCCCCC)CCN(C)CCCN(C)CCN(CCC(=O)OCCCCCCCCCC)CCC(=O)OCCCCCCCCCC,KW_2014,KW_2014,2
0.7342934,3.863978025,CCCCCCCCCCOC(=O)CCN(CCC(=O)OCCCCCCCCCC)CCN(C)CCN(C)CCN(CCC(=O)OCCCCCCCCCC)CCC(=O)OCCCCCCCCCC,KW_2014,KW_2014,2
-2.3174114,2.845691578,CCCCCCCCCCOC(=O)CCN(CCC(=O)OCCCCCCCCCC)CCN(C)CCN(CCC(=O)OCCCCCCCCCC)CCC(=O)OCCCCCCCCCC,KW_2014,KW_2014,2
-2.4950728,2.489067961,CCCCCCCCCCOC(=O)CCN(CCC(=O)OCCCCCCCCCC)CCN(CC)CCN(CC)CCN(CCC(=O)OCCCCCCCCCC)CCC(=O)OCCCCCCCCCC,KW_2014,KW_2014,2
-4.876743,-0.52469566,CCCCCCCCCCOC(=O)CCN(CCC(=O)OCCCCCCCCCC)CCN(CCC(=O)OCCCCCCCCCC)C(C)C,KW_2014,KW_2014,0
-4.86323,-1.065210162,CCCCCCCCCCOC(=O)CCN(CCC(=O)OCCCCCCCCCC)CCN(CCC(=O)OCCCCCCCCCC)c1ccccc1,KW_2014,KW_2014,0
-5.558031,-0.734456095,CCCCCCCCCCOC(=O)CCN(CCC(=O)OCCCCCCCCCC)CCN(CCC(=O)OCCCCCCCCCC)Cc1ccccc1,KW_2014,KW_2014,0
-4.3827205,0.694620426,CCCCCCCCCCOC(=O)CCN(CCC(=O)OCCCCCCCCCC)CCN(CCC(=O)OCCCCCCCCCC)CCC(=O)OCCCCCCCCCC,KW_2014,KW_2014,1
-4.8052325,0.305866088,CCCCCCCCCCOC(=O)CCN(CCC(=O)OCCCCCCCCCC)CCN(CCC(=O)OCCCCCCCCCC)CCN(CC)CC,KW_2014,KW_2014,1
-4.3476276,0.487123227,CCCCCCCCCCOC(=O)CCN(CCC(=O)OCCCCCCCCCC)CCN(CCC(=O)OCCCCCCCCCC)CCN(CCC(=O)OCCCCCCCCCC)CCC(=O)OCCCCCCCCCC,KW_2014,KW_2014,1
-5.2084174,1.557630191,CCCCCCCCCCOC(=O)CCN(CCC(=O)OCCCCCCCCCC)CCN(CCC(=O)OCCCCCCCCCC)CCN(CCC(=O)OCCCCCCCCCC)CCN(CCC(=O)OCCCCCCCCCC)CCC(=O)OCCCCCCCCCC,KW_2014,KW_2014,2
-5.1111712,0.937053085,CCCCCCCCCCOC(=O)CCN(CCC(=O)OCCCCCCCCCC)CCN(CCC(=O)OCCCCCCCCCC)CCN(CCC(=O)OCCCCCCCCCC)CCN(CCC(=O)OCCCCCCCCCC)CCN(CCC(=O)OCCCCCCCCCC)CCC(=O)OCCCCCCCCCC,KW_2014,KW_2014,1
-4.752159,0.025268111,CCCCCCCCCCOC(=O)CCN(CCC(=O)OCCCCCCCCCC)CCN(CCC(=O)OCCCCCCCCCC)CCN(CCC(=O)OCCCCCCCCCC)CCN(CCC(=O)OCCCCCCCCCC)CCN(CCC(=O)OCCCCCCCCCC)CCN(CCC(=O)OCCCCCCCCCC)CCC(=O)OCCCCCCCCCC,KW_2014,KW_2014,1
-2.8220313,1.270435559,CCCCCCCCCCOC(=O)CCN(CCC(=O)OCCCCCCCCCC)CCN(CCC(=O)OCCCCCCCCCC)CCN1CCN(CCN(CCC(=O)OCCCCCCCCCC)CCC(=O)OCCCCCCCCCC)CC1,KW_2014,KW_2014,2
-5.4796705,2.103855021,CCCCCCCCCCOC(=O)CCN(CCC(=O)OCCCCCCCCCC)CCN(CCN(CCC(=O)OCCCCCCCCCC)CCC(=O)OCCCCCCCCCC)CCN(CCC(=O)OCCCCCCCCCC)CCC(=O)OCCCCCCCCCC,KW_2014,KW_2014,2
-4.420692,-0.015465949,CCCCCCCCCCOC(=O)CCN(CCC(=O)OCCCCCCCCCC)CCN(CCO)CCO,KW_2014,KW_2014,1
-6.2345986,-0.183664063,CCCCCCCCCCOC(=O)CCN(CCC(=O)OCCCCCCCCCC)CCN1CCCC1,KW_2014,KW_2014,1
-5.520224,0.237186892,CCCCCCCCCCOC(=O)CCN(CCC(=O)OCCCCCCCCCC)CCN1CCCCC1,KW_2014,KW_2014,1
-3.932794,0.70355334,CCCCCCCCCCOC(=O)CCN(CCC(=O)OCCCCCCCCCC)CCN1CCN(CCC(=O)OCCCCCCCCCC)CC1,KW_2014,KW_2014,1
-3.4827976,3.61098376,CCCCCCCCCCOC(=O)CCN(CCC(=O)OCCCCCCCCCC)CCN1CCN(CCN(CCC(=O)OCCCCCCCCCC)CCC(=O)OCCCCCCCCCC)CC1,KW_2014,KW_2014,2
-7.3671365,0.652137159,CCCCCCCCCCOC(=O)CCN(CCC(=O)OCCCCCCCCCC)CCN1CCOCC1,KW_2014,KW_2014,1
-6.082875,-0.559776194,CCCCCCCCCCOC(=O)CCN(CCC(=O)OCCCCCCCCCC)CN(CC)CCC,KW_2014,KW_2014,0
-7.192466,0.003415065,CCCCCCCCCCOC(=O)CCN(CCC)CCC(=O)OCCCCCCCCCC,KW_2014,KW_2014,1
-4.2582407,-0.254455579,CCCCCCCCCCOC(=O)CCN(CCC)CCCN(CCC(=O)OCCCCCCCCCC)CCC(=O)OCCCCCCCCCC,KW_2014,KW_2014,0
-7.327227,0.120340984,CCCCCCCCCCOC(=O)CCN(CCCC)CCC(=O)OCCCCCCCCCC,KW_2014,KW_2014,1
-7.048959,-0.320811272,CCCCCCCCCCOC(=O)CCN(CCCc1ccccc1)CCC(=O)OCCCCCCCCCC,KW_2014,KW_2014,0
-7.2853823,-0.167529252,CCCCCCCCCCOC(=O)CCN(CCCCC)CCC(=O)OCCCCCCCCCC,KW_2014,KW_2014,1
-7.382796,-0.358778501,CCCCCCCCCCOC(=O)CCN(CCCCc1ccccc1)CCC(=O)OCCCCCCCCCC,KW_2014,KW_2014,0
-6.6964793,0.409711506,CCCCCCCCCCOC(=O)CCN(CCCCCC)CCC(=O)OCCCCCCCCCC,KW_2014,KW_2014,1
-5.4404693,-0.222061852,CCCCCCCCCCOC(=O)CCN(CCCCCCCCN(CCC(=O)OCCCCCCCCCC)CCC(=O)OCCCCCCCCCC)CCC(=O)OCCCCCCCCCC,KW_2014,KW_2014,0
-4.421888,-0.024454664,CCCCCCCCCCOC(=O)CCN(CCCCCCN(CCC(=O)OCCCCCCCCCC)CCC(=O)OCCCCCCCCCC)CCCCCCN(CCC(=O)OCCCCCCCCCC)CCC(=O)OCCCCCCCCCC,KW_2014,KW_2014,1
-7.113788,0.866668079,CCCCCCCCCCOC(=O)CCN(CCCCCCO)CCC(=O)OCCCCCCCCCC,KW_2014,KW_2014,1
-7.3673334,0.888588882,CCCCCCCCCCOC(=O)CCN(CCCCCO)CCC(=O)OCCCCCCCCCC,KW_2014,KW_2014,1
-6.4049172,-0.382632441,CCCCCCCCCCOC(=O)CCN(CCCCN(C)Cc1ccccc1)CCC(=O)OCCCCCCCCCC,KW_2014,KW_2014,0
-7.0257936,0.03124544,CCCCCCCCCCOC(=O)CCN(CCCCN1CCN(C)CC1)CCC(=O)OCCCCCCCCCC,KW_2014,KW_2014,1
-6.9282207,0.257412743,CCCCCCCCCCOC(=O)CCN(CCCCO)CCC(=O)OCCCCCCCCCC,KW_2014,KW_2014,1
-5.922049,-0.164907643,CCCCCCCCCCOC(=O)CCN(CCCN(C)C)CCC(=O)OCCCCCCCCCC,KW_2014,KW_2014,1
-5.922049,0.106881918,CCCCCCCCCCOC(=O)CCN(CCCN(C)C)CCC(=O)OCCCCCCCCCC,KW_2014,KW_2014,1
-2.4580183,4.28649945,CCCCCCCCCCOC(=O)CCN(CCCN(C)C)CCCN(CCC(=O)OCCCCCCCCCC)CCC(=O)OCCCCCCCCCC,KW_2014,KW_2014,3
2.6344013,3.891100547,CCCCCCCCCCOC(=O)CCN(CCCN(C)CCCN(CCC(=O)OCCCCCCCCCC)CCC(=O)OCCCCCCCCCC)CCC(=O)OCCCCCCCCCC,KW_2014,KW_2014,2
-5.8590245,-0.332125588,CCCCCCCCCCOC(=O)CCN(CCCN(CC)CC)CCC(=O)OCCCCCCCCCC,KW_2014,KW_2014,0
-5.1958957,1.295020956,CCCCCCCCCCOC(=O)CCN(CCCN(CCC(=O)OCCCCCCCCCC)CCC(=O)OCCCCCCCCCC)CCC(=O)OCCCCCCCCCC,KW_2014,KW_2014,2
-3.6142552,2.312301377,CCCCCCCCCCOC(=O)CCN(CCCN(CCC(=O)OCCCCCCCCCC)CCC(=O)OCCCCCCCCCC)CCCN(CCC(=O)OCCCCCCCCCC)CCC(=O)OCCCCCCCCCC,KW_2014,KW_2014,2
-3.9424398,0.965792318,CCCCCCCCCCOC(=O)CCN(CCCN(CCC(=O)OCCCCCCCCCC)CCN(CCC(=O)OCCCCCCCCCC)CCC(=O)OCCCCCCCCCC)CCC(=O)OCCCCCCCCCC,KW_2014,KW_2014,1
-5.1538396,0.455436502,CCCCCCCCCCOC(=O)CCN(CCCN(CCC(=O)OCCCCCCCCCC)CCN(CCC(=O)OCCCCCCCCCC)CCC(=O)OCCCCCCCCCC)CCN(CCC(=O)OCCCCCCCCCC)CCC(=O)OCCCCCCCCCC,KW_2014,KW_2014,1
-3.5770266,3.522572096,CCCCCCCCCCOC(=O)CCN(CCCN(CCCN(CCC(=O)OCCCCCCCCCC)CCC(=O)OCCCCCCCCCC)CCC(=O)OCCCCCCCCCC)CCCN(CCC(=O)OCCCCCCCCCC)CCC(=O)OCCCCCCCCCC,KW_2014,KW_2014,2
-6.1445866,0.029655934,CCCCCCCCCCOC(=O)CCN(CCCN1CCN(C(C)C)CC1)CCC(=O)OCCCCCCCCCC,KW_2014,KW_2014,1
-2.3413105,2.467127211,CCCCCCCCCCOC(=O)CCN(CCCN1CCN(CCCN(CCC(=O)OCCCCCCCCCC)CCC(=O)OCCCCCCCCCC)CC1)CCC(=O)OCCCCCCCCCC,KW_2014,KW_2014,2
-6.833775,-0.163894664,CCCCCCCCCCOC(=O)CCN(CCCn1ccnc1)CCC(=O)OCCCCCCCCCC,KW_2014,KW_2014,1
-7.639788,0.029075388,CCCCCCCCCCOC(=O)CCN(CCCN1CCOCC1)CCC(=O)OCCCCCCCCCC,KW_2014,KW_2014,1
-7.051541,0.015531898,CCCCCCCCCCOC(=O)CCN(CCCO)CCC(=O)OCCCCCCCCCC,KW_2014,KW_2014,1
-6.036472,-0.481600021,CCCCCCCCCCOC(=O)CCN(CCCOC(C)C)CCC(=O)OCCCCCCCCCC,KW_2014,KW_2014,0
-6.541341,-0.643014071,CCCCCCCCCCOC(=O)CCN(CCCOC)CCC(=O)OCCCCCCCCCC,KW_2014,KW_2014,0
-6.541341,-0.239140877,CCCCCCCCCCOC(=O)CCN(CCCOC)CCC(=O)OCCCCCCCCCC,KW_2014,KW_2014,0
-4.2163496,-0.175591302,CCCCCCCCCCOC(=O)CCN(CCCOCCCCOCCCN(CCC(=O)OCCCCCCCCCC)CCC(=O)OCCCCCCCCCC)CCC(=O)OCCCCCCCCCC,KW_2014,KW_2014,1
-2.8941567,-0.68043706,CCCCCCCCCCOC(=O)CCN(CCCOCCOCCOCCCN(CCC(=O)OCCCCCCCCCC)CCC(=O)OCCCCCCCCCC)CCC(=O)OCCCCCCCCCC,KW_2014,KW_2014,0
-4.6798773,-0.389726101,CCCCCCCCCCOC(=O)CCN(CCN(CCC(=O)OCCCCCCCCCC)C(C)(C)C)C(C)(C)C,KW_2014,KW_2014,0
-6.9470015,-0.026348066,CCCCCCCCCCOC(=O)CCN(CCN(CCC(=O)OCCCCCCCCCC)C(C)C)C(C)C,KW_2014,KW_2014,1
-5.9252863,0.215749049,CCCCCCCCCCOC(=O)CCN(CCO)CCC(=O)OCCCCCCCCCC,KW_2014,KW_2014,1
-4.11676,0.970742797,CCCCCCCCCCOC(=O)CCN(CCO)CCN(CCC(=O)OCCCCCCCCCC)CCC(=O)OCCCCCCCCCC,KW_2014,KW_2014,1
-5.1176987,1.126454064,CCCCCCCCCCOC(=O)CCN(CCO)CCN(CCO)CCC(=O)OCCCCCCCCCC,KW_2014,KW_2014,2
-5.1176987,0.510239436,CCCCCCCCCCOC(=O)CCN(CCO)CCN(CCO)CCC(=O)OCCCCCCCCCC,KW_2014,KW_2014,1
-6.4369144,-0.022005899,CCCCCCCCCCOC(=O)CCN(CCOC)CCC(=O)OCCCCCCCCCC,KW_2014,KW_2014,1
-6.753937,-0.358395523,CCCCCCCCCCOC(=O)CCN(CCOCC)CCC(=O)OCCCCCCCCCC,KW_2014,KW_2014,0
-5.6989875,-0.867895235,CCCCCCCCCCOC(=O)CCN(CCOCCN1CCCC1)CCC(=O)OCCCCCCCCCC,KW_2014,KW_2014,0
-7.0036516,0.681889931,CCCCCCCCCCOC(=O)CCN(CCOCCO)CCC(=O)OCCCCCCCCCC,KW_2014,KW_2014,1
-7.0036516,0.002462275,CCCCCCCCCCOC(=O)CCN(CCOCCO)CCC(=O)OCCCCCCCCCC,KW_2014,KW_2014,1
-3.3810692,-0.606800682,CCCCCCCCCCOC(=O)CCN(CCOCCOCCN(CCC(=O)OCCCCCCCCCC)CCC(=O)OCCCCCCCCCC)CCC(=O)OCCCCCCCCCC,KW_2014,KW_2014,0
-2.2573807,0.052083731,CCCCCCCCCCOC(=O)CCN(CCOCCOCCOCCN(CCC(=O)OCCCCCCCCCC)CCC(=O)OCCCCCCCCCC)CCC(=O)OCCCCCCCCCC,KW_2014,KW_2014,1
-5.306781,-0.021804835,CCCCCCCCCCOC(=O)CCN1C(C)N(CCC(=O)OCCCCCCCCCC)C(C)N(CCC(=O)OCCCCCCCCCC)C1C,KW_2014,KW_2014,1
-5.638829,0.393392085,CCCCCCCCCCOC(=O)CCN1CC[C@@H](N(CCC(=O)OCCCCCCCCCC)CCC(=O)OCCCCCCCCCC)C1,KW_2014,KW_2014,1
-6.720652,-0.333386514,CCCCCCCCCCOC(=O)CCN1CCC(N(CCC(=O)OCCCCCCCCCC)CCC(=O)OCCCCCCCCCC)CC1,KW_2014,KW_2014,0
-4.8606267,-0.848072702,CCCCCCCCCCOC(=O)CCN1CCCCN(C)CCN(CCC(=O)OCCCCCCCCCC)CCCN(C)CC1,KW_2014,KW_2014,0
-4.9203444,-0.101626195,CCCCCCCCCCOC(=O)CCN1CCCN(CCC(=O)OCCCCCCCCCC)CCCN(CCC(=O)OCCCCCCCCCC)CCC1,KW_2014,KW_2014,1
-3.8244162,0.159046009,CCCCCCCCCCOC(=O)CCN1CCCN(CCC(=O)OCCCCCCCCCC)CCCN(CCC(=O)OCCCCCCCCCC)CCN(CCC(=O)OCCCCCCCCCC)CCC1,KW_2014,KW_2014,1
-3.7800994,-0.002021643,CCCCCCCCCCOC(=O)CCN1CCCN(CCC(=O)OCCCCCCCCCC)CCN(CCC(=O)OCCCCCCCCCC)CCCN(CCC(=O)OCCCCCCCCCC)CC1,KW_2014,KW_2014,1
-3.7964656,0.015606566,CCCCCCCCCCOC(=O)CCN1CCCN(CCC(=O)OCCCCCCCCCC)CCN(CCC(=O)OCCCCCCCCCC)CCN(CCC(=O)OCCCCCCCCCC)CC1,KW_2014,KW_2014,1
-6.534135,-0.267572516,CCCCCCCCCCOC(=O)CCN1CCN(CCC(=O)OCCCCCCCCCC)[C@H](C)C1,KW_2014,KW_2014,0
-5.9687786,-0.567880006,CCCCCCCCCCOC(=O)CCN1CCN(CCC(=O)OCCCCCCCCCC)C(c2ccccc2)C1,KW_2014,KW_2014,0
-3.7324522,1.731095967,CCCCCCCCCCOC(=O)CCN1CCN(CCC(=O)OCCCCCCCCCC)C2C1N(CCC(=O)OCCCCCCCCCC)CCN2CCC(=O)OCCCCCCCCCC,KW_2014,KW_2014,2
-6.504786,0.000668229,CCCCCCCCCCOC(=O)CCN1CCN(CCC(=O)OCCCCCCCCCC)CC1,KW_2014,KW_2014,1
-4.0373993,0.180144729,CCCCCCCCCCOC(=O)CCN1CCN(CCC(=O)OCCCCCCCCCC)CCN(CCC(=O)OCCCCCCCCCC)CCN(CCC(=O)OCCCCCCCCCC)CC1,KW_2014,KW_2014,1
-4.6798205,-0.143999145,CCCCCCCCCCOC(=O)CCN1CCOCCN(CCC(=O)OCCCCCCCCCC)CCN(CCC(=O)OCCCCCCCCCC)CC1,KW_2014,KW_2014,1
