cv_3_pred_Experiment_value,Experiment_value,smiles,Experiment_ID,experiment_id,rel
-1.1047003,0.5401619940024391,CCCCC/C=C\C/C=C\CCCCCCCCOC(=O)CCCC1(CCCC(=O)OCCCCCCCC/C=C\C/C=C\CCCCC)C=NC(C(=O)OC)N1CCN1CCCC1,BL_2023_3CR,BL_2023_3CR,1
-1.0249141,3.3867851830114097,CCCCC/C=C\C/C=C\CCCCCCCCOC(=O)CCCC1(CCCC(=O)OCCCCCCCC/C=C\C/C=C\CCCCC)C=NC(C(=O)OCC)N1CCN1CCCC1,BL_2023_3CR,BL_2023_3CR,3
-2.2432013,3.0473466101185056,CCCCC/C=C\C/C=C\CCCCCCCCOC(=O)CCCC1(CCCC(=O)OCCCCCCCC/C=C\C/C=C\CCCCC)C=NC(C(=O)OC(C)(C)C)N1CCN1CCCC1,BL_2023_3CR,BL_2023_3CR,2
-2.3996456,-0.674095932295874,CCCCC/C=C\C/C=C\CCCCCCCCOC(=O)CCCC(C=NC(C)(C)C)(CCCC(=O)OCCCCCCCC/C=C\C/C=C\CCCCC)NCCN1CCCC1,BL_2023_3CR,BL_2023_3CR,0
-3.1987958,0.2140315992398948,CCCCC/C=C\C/C=C\CCCCCCCCOC(=O)CCCC(C=NCCCC)(CCCC(=O)OCCCCCCCC/C=C\C/C=C\CCCCC)NCCN1CCCC1,BL_2023_3CR,BL_2023_3CR,1
-2.4335737,-1.345938476123994,CCCCC/C=C\C/C=C\CCCCCCCCOC(=O)CCCC(C=NC1CCCCC1)(CCCC(=O)OCCCCCCCC/C=C\C/C=C\CCCCC)NCCN1CCCC1,BL_2023_3CR,BL_2023_3CR,0
-1.4461579,3.0315858730146004,CCCCCCCC/C=C\CCCCCCCCOC(=O)CCCC1(CCCC(=O)OCCCCCCCC/C=C\CCCCCCCC)C=NC(C(=O)OC)N1CCN1CCCC1,BL_2023_3CR,BL_2023_3CR,2
-0.6990455,1.8838470794268656,CCCCCCCC/C=C\CCCCCCCCOC(=O)CCCC1(CCCC(=O)OCCCCCCCC/C=C\CCCCCCCC)C=NC(C(=O)OCC)N1CCN1CCCC1,BL_2023_3CR,BL_2023_3CR,2
-1.0044957,2.654343916152897,CCCCCCCC/C=C\CCCCCCCCOC(=O)CCCC1(CCCC(=O)OCCCCCCCC/C=C\CCCCCCCC)C=NC(C(=O)OC(C)(C)C)N1CCN1CCCC1,BL_2023_3CR,BL_2023_3CR,2
-2.3338094,-0.1316805498256807,CCCCCCCC/C=C\CCCCCCCCOC(=O)CCCC(C=NC(C)(C)C)(CCCC(=O)OCCCCCCCC/C=C\CCCCCCCC)NCCN1CCCC1,BL_2023_3CR,BL_2023_3CR,1
-2.1709452,-0.1316805498256807,CCCCCCCC/C=C\CCCCCCCCOC(=O)CCCC(C=NCCCC)(CCCC(=O)OCCCCCCCC/C=C\CCCCCCCC)NCCN1CCCC1,BL_2023_3CR,BL_2023_3CR,1
-2.2689016,-0.1316805498256807,CCCCCCCC/C=C\CCCCCCCCOC(=O)CCCC(C=NC1CCCCC1)(CCCC(=O)OCCCCCCCC/C=C\CCCCCCCC)NCCN1CCCC1,BL_2023_3CR,BL_2023_3CR,1
-4.5837226,-0.4578109423564123,CCCCCCC#CCCOC(=O)CCCC1(CCCC(=O)OCCC#CCCCCCC)C=NC(C(=O)OC)N1CCN1CCCC1,BL_2023_3CR,BL_2023_3CR,0
-3.596383,-0.1316805498256807,CCCCCCC#CCCOC(=O)CCCC1(CCCC(=O)OCCC#CCCCCCC)C=NC(C(=O)OCC)N1CCN1CCCC1,BL_2023_3CR,BL_2023_3CR,1
-3.643537,-0.1316805498256807,CCCCCCC#CCCOC(=O)CCCC1(CCCC(=O)OCCC#CCCCCCC)C=NC(C(=O)OC(C)(C)C)N1CCN1CCCC1,BL_2023_3CR,BL_2023_3CR,1
-3.734025,3.801570006586688,CCCCCCC#CCCOC(=O)CCCC(C=NC(C)(C)C)(CCCC(=O)OCCC#CCCCCCC)NCCN1CCCC1,BL_2023_3CR,BL_2023_3CR,3
-3.1602693,3.2100674789852626,CCCCCCC#CCCOC(=O)CCCC(C=NCCCC)(CCCC(=O)OCCC#CCCCCCC)NCCN1CCCC1,BL_2023_3CR,BL_2023_3CR,2
-3.0414805,2.167004370801205,CCCCCCC#CCCOC(=O)CCCC(C=NC1CCCCC1)(CCCC(=O)OCCC#CCCCCCC)NCCN1CCCC1,BL_2023_3CR,BL_2023_3CR,2
-2.1496208,-2.0177810199521136,CCCCCCCC/C=C\CCCCCCCCOC(=O)CCCC1(CCCC(=O)OC(CCCCCCCC)CCCCCCCC)C=NC(C(=O)OC)N1CCN1CCCC1,BL_2023_3CR,BL_2023_3CR,0
-0.51857466,0.2140315992398948,CCCCCCCC/C=C\CCCCCCCCOC(=O)CCCC1(CCCC(=O)OC(CCCCCCCC)CCCCCCCC)C=NC(C(=O)OCC)N1CCN1CCCC1,BL_2023_3CR,BL_2023_3CR,1
-1.2508293,0.7837519994634626,CCCCCCCC/C=C\CCCCCCCCOC(=O)CCCC1(CCCC(=O)OC(CCCCCCCC)CCCCCCCC)C=NC(C(=O)OC(C)(C)C)N1CCN1CCCC1,BL_2023_3CR,BL_2023_3CR,1
-2.9149935,-0.1316805498256807,CCCCCCCC/C=C\CCCCCCCCOC(=O)CCCC(C=NC(C)(C)C)(CCCC(=O)OC(CCCCCCCC)CCCCCCCC)NCCN1CCCC1,BL_2023_3CR,BL_2023_3CR,1
-2.277156,-1.345938476123994,CCCCCCCC/C=C\CCCCCCCCOC(=O)CCCC(C=NCCCC)(CCCC(=O)OC(CCCCCCCC)CCCCCCCC)NCCN1CCCC1,BL_2023_3CR,BL_2023_3CR,0
-2.7225065,-0.2810932383302653,CCCCCCCC/C=C\CCCCCCCCOC(=O)CCCC(C=NC1CCCCC1)(CCCC(=O)OC(CCCCCCCC)CCCCCCCC)NCCN1CCCC1,BL_2023_3CR,BL_2023_3CR,0
-2.5549557,3.404970780062441,CCCCCCC#CCCOC(=O)CCCC1(CCCC(=O)OCCCCCCCC/C=C\CCCCCCCC)C=NC(C(=O)OC)N1CCN1CCCC1,BL_2023_3CR,BL_2023_3CR,3
-1.9201012,3.801570006586688,CCCCCCC#CCCOC(=O)CCCC1(CCCC(=O)OCCCCCCCC/C=C\CCCCCCCC)C=NC(C(=O)OCC)N1CCN1CCCC1,BL_2023_3CR,BL_2023_3CR,3
-2.6180737,3.6628675234877166,CCCCCCC#CCCOC(=O)CCCC1(CCCC(=O)OCCCCCCCC/C=C\CCCCCCCC)C=NC(C(=O)OC(C)(C)C)N1CCN1CCCC1,BL_2023_3CR,BL_2023_3CR,3
-2.5191023,-0.1316805498256807,CCCCCCC#CCCOC(=O)CCCC(C=NC(C)(C)C)(CCCC(=O)OCCCCCCCC/C=C\CCCCCCCC)NCCN1CCCC1,BL_2023_3CR,BL_2023_3CR,1
-2.3301506,-2.0177810199521136,CCCCCCC#CCCOC(=O)CCCC(C=NCCCC)(CCCC(=O)OCCCCCCCC/C=C\CCCCCCCC)NCCN1CCCC1,BL_2023_3CR,BL_2023_3CR,0
-2.2162077,-2.0177810199521136,CCCCCCC#CCCOC(=O)CCCC(C=NC1CCCCC1)(CCCC(=O)OCCCCCCCC/C=C\CCCCCCCC)NCCN1CCCC1,BL_2023_3CR,BL_2023_3CR,0
-2.2514346,-0.1316805498256807,CCCCCCCCCCCCOC(=O)CCCC1(CCCC(=O)OCCCCCCCCCCCC)C=NC(C(=O)OC)N1CCN1CCCC1,BL_2023_3CR,BL_2023_3CR,1
-1.8930713,0.2140315992398948,CCCCCCCCCCCCOC(=O)CCCC1(CCCC(=O)OCCCCCCCCCCCC)C=NC(C(=O)OCC)N1CCN1CCCC1,BL_2023_3CR,BL_2023_3CR,1
-2.1490812,3.801570006586688,CCCCCCCCCCCCOC(=O)CCCC1(CCCC(=O)OCCCCCCCCCCCC)C=NC(C(=O)OC(C)(C)C)N1CCN1CCCC1,BL_2023_3CR,BL_2023_3CR,3
-3.5974975,-0.1316805498256807,CCCCCCCCCCCCOC(=O)CCCC(C=NC(C)(C)C)(CCCC(=O)OCCCCCCCCCCCC)NCCN1CCCC1,BL_2023_3CR,BL_2023_3CR,1
-3.2168639,-0.1316805498256807,CCCCCCCCCCCCOC(=O)CCCC(C=NCCCC)(CCCC(=O)OCCCCCCCCCCCC)NCCN1CCCC1,BL_2023_3CR,BL_2023_3CR,1
-2.6229963,-0.1316805498256807,CCCCCCCCCCCCOC(=O)CCCC(C=NC1CCCCC1)(CCCC(=O)OCCCCCCCCCCCC)NCCN1CCCC1,BL_2023_3CR,BL_2023_3CR,1
-1.7186267,-0.1316805498256807,CCCCCCCCC(CCCCCCCC)OC(=O)CCCC1(CCCC(=O)OC(CCCCCCCC)CCCCCCCC)C=NC(C(=O)OC)N1CCN1CCCC1,BL_2023_3CR,BL_2023_3CR,1
-1.7500539,-0.1316805498256807,CCCCCCCCC(CCCCCCCC)OC(=O)CCCC1(CCCC(=O)OC(CCCCCCCC)CCCCCCCC)C=NC(C(=O)OCC)N1CCN1CCCC1,BL_2023_3CR,BL_2023_3CR,1
-2.0610445,-0.1316805498256807,CCCCCCCCC(CCCCCCCC)OC(=O)CCCC1(CCCC(=O)OC(CCCCCCCC)CCCCCCCC)C=NC(C(=O)OC(C)(C)C)N1CCN1CCCC1,BL_2023_3CR,BL_2023_3CR,1
-3.534382,-0.1316805498256807,CCCCCCCCC(CCCCCCCC)OC(=O)CCCC(C=NC(C)(C)C)(CCCC(=O)OC(CCCCCCCC)CCCCCCCC)NCCN1CCCC1,BL_2023_3CR,BL_2023_3CR,1
-2.551877,-2.0177810199521136,CCCCCCCCC(CCCCCCCC)OC(=O)CCCC(C=NCCCC)(CCCC(=O)OC(CCCCCCCC)CCCCCCCC)NCCN1CCCC1,BL_2023_3CR,BL_2023_3CR,0
-3.2642975,-2.0177810199521136,CCCCCCCCC(CCCCCCCC)OC(=O)CCCC(C=NC1CCCCC1)(CCCC(=O)OC(CCCCCCCC)CCCCCCCC)NCCN1CCCC1,BL_2023_3CR,BL_2023_3CR,0
0.0009720591,-0.1316805498256807,CCCCCCCC/C=C\CCCCCCCC1(CCCCCCC/C=C\CCCCCCCC)C=NC(C(=O)OC)N1CCN1CCCC1,BL_2023_3CR,BL_2023_3CR,1
0.56382805,-0.1316805498256807,CCCCCCCC/C=C\CCCCCCCC1(CCCCCCC/C=C\CCCCCCCC)C=NC(C(=O)OCC)N1CCN1CCCC1,BL_2023_3CR,BL_2023_3CR,1
-0.41157585,-0.1316805498256807,CCCCCCCC/C=C\CCCCCCCC1(CCCCCCC/C=C\CCCCCCCC)C=NC(C(=O)OC(C)(C)C)N1CCN1CCCC1,BL_2023_3CR,BL_2023_3CR,1
-2.6431813,-0.0022533906995668,CCCCCCCC/C=C\CCCCCCCC(C=NC(C)(C)C)(CCCCCCC/C=C\CCCCCCCC)NCCN1CCCC1,BL_2023_3CR,BL_2023_3CR,1
-2.544934,-0.1316805498256807,CCCCCCCC/C=C\CCCCCCCC(C=NCCCC)(CCCCCCC/C=C\CCCCCCCC)NCCN1CCCC1,BL_2023_3CR,BL_2023_3CR,1
-2.7132976,-0.1316805498256807,CCCCCCCC/C=C\CCCCCCCC(C=NC1CCCCC1)(CCCCCCC/C=C\CCCCCCCC)NCCN1CCCC1,BL_2023_3CR,BL_2023_3CR,1
-1.4028193,2.5643053595581797,CCCCC/C=C\C/C=C\CCCCCCCCOC(=O)CCCC1(CCCC(=O)OCCCCCCCC/C=C\C/C=C\CCCCC)C=NC(C(=O)OC)N1CCN1CCCCC1,BL_2023_3CR,BL_2023_3CR,2
-1.6646739,3.3024481957105025,CCCCC/C=C\C/C=C\CCCCCCCCOC(=O)CCCC1(CCCC(=O)OCCCCCCCC/C=C\C/C=C\CCCCC)C=NC(C(=O)OCC)N1CCN1CCCCC1,BL_2023_3CR,BL_2023_3CR,2
-1.6069676,1.998009925761776,CCCCC/C=C\C/C=C\CCCCCCCCOC(=O)CCCC1(CCCC(=O)OCCCCCCCC/C=C\C/C=C\CCCCC)C=NC(C(=O)OC(C)(C)C)N1CCN1CCCCC1,BL_2023_3CR,BL_2023_3CR,2
-3.0606732,-0.4578109423564123,CCCCC/C=C\C/C=C\CCCCCCCCOC(=O)CCCC(C=NC(C)(C)C)(CCCC(=O)OCCCCCCCC/C=C\C/C=C\CCCCC)NCCN1CCCCC1,BL_2023_3CR,BL_2023_3CR,0
-3.3999968,-1.345938476123994,CCCCC/C=C\C/C=C\CCCCCCCCOC(=O)CCCC(C=NCCCC)(CCCC(=O)OCCCCCCCC/C=C\C/C=C\CCCCC)NCCN1CCCCC1,BL_2023_3CR,BL_2023_3CR,0
-2.433705,-0.1316805498256807,CCCCC/C=C\C/C=C\CCCCCCCCOC(=O)CCCC(C=NC1CCCCC1)(CCCC(=O)OCCCCCCCC/C=C\C/C=C\CCCCC)NCCN1CCCCC1,BL_2023_3CR,BL_2023_3CR,1
-0.4973331,2.2173670704941206,CCCCCCCC/C=C\CCCCCCCCOC(=O)CCCC1(CCCC(=O)OCCCCCCCC/C=C\CCCCCCCC)C=NC(C(=O)OC)N1CCN1CCCCC1,BL_2023_3CR,BL_2023_3CR,2
-0.7839984,1.400192953034997,CCCCCCCC/C=C\CCCCCCCCOC(=O)CCCC1(CCCC(=O)OCCCCCCCC/C=C\CCCCCCCC)C=NC(C(=O)OCC)N1CCN1CCCCC1,BL_2023_3CR,BL_2023_3CR,2
-0.65907973,0.3907493032660417,CCCCCCCC/C=C\CCCCCCCCOC(=O)CCCC1(CCCC(=O)OCCCCCCCC/C=C\CCCCCCCC)C=NC(C(=O)OC(C)(C)C)N1CCN1CCCCC1,BL_2023_3CR,BL_2023_3CR,1
-2.564732,-0.1316805498256807,CCCCCCCC/C=C\CCCCCCCCOC(=O)CCCC(C=NC(C)(C)C)(CCCC(=O)OCCCCCCCC/C=C\CCCCCCCC)NCCN1CCCCC1,BL_2023_3CR,BL_2023_3CR,1
-3.3023474,-0.674095932295874,CCCCCCCC/C=C\CCCCCCCCOC(=O)CCCC(C=NCCCC)(CCCC(=O)OCCCCCCCC/C=C\CCCCCCCC)NCCN1CCCCC1,BL_2023_3CR,BL_2023_3CR,0
-2.849955,-0.9529357821583856,CCCCCCCC/C=C\CCCCCCCCOC(=O)CCCC(C=NC1CCCCC1)(CCCC(=O)OCCCCCCCC/C=C\CCCCCCCC)NCCN1CCCCC1,BL_2023_3CR,BL_2023_3CR,0
-3.5495632,0.72835041143869,CCCCCCC#CCCOC(=O)CCCC1(CCCC(=O)OCCC#CCCCCCC)C=NC(C(=O)OC)N1CCN1CCCCC1,BL_2023_3CR,BL_2023_3CR,1
-3.843024,-0.4578109423564123,CCCCCCC#CCCOC(=O)CCCC1(CCCC(=O)OCCC#CCCCCCC)C=NC(C(=O)OCC)N1CCN1CCCCC1,BL_2023_3CR,BL_2023_3CR,0
-3.0098028,-0.1316805498256807,CCCCCCC#CCCOC(=O)CCCC1(CCCC(=O)OCCC#CCCCCCC)C=NC(C(=O)OC(C)(C)C)N1CCN1CCCCC1,BL_2023_3CR,BL_2023_3CR,1
-3.2729604,1.3106588284966572,CCCCCCC#CCCOC(=O)CCCC(C=NC(C)(C)C)(CCCC(=O)OCCC#CCCCCCC)NCCN1CCCCC1,BL_2023_3CR,BL_2023_3CR,2
-3.054278,3.2056516904185584,CCCCCCC#CCCOC(=O)CCCC(C=NCCCC)(CCCC(=O)OCCC#CCCCCCC)NCCN1CCCCC1,BL_2023_3CR,BL_2023_3CR,2
-3.1289172,-0.1316805498256807,CCCCCCC#CCCOC(=O)CCCC(C=NC1CCCCC1)(CCCC(=O)OCCC#CCCCCCC)NCCN1CCCCC1,BL_2023_3CR,BL_2023_3CR,1
-1.5109636,0.9331646879680472,CCCCCCCC/C=C\CCCCCCCCOC(=O)CCCC1(CCCC(=O)OC(CCCCCCCC)CCCCCCCC)C=NC(C(=O)OC)N1CCN1CCCCC1,BL_2023_3CR,BL_2023_3CR,1
-0.7852526,-0.1316805498256807,CCCCCCCC/C=C\CCCCCCCCOC(=O)CCCC1(CCCC(=O)OC(CCCCCCCC)CCCCCCCC)C=NC(C(=O)OCC)N1CCN1CCCCC1,BL_2023_3CR,BL_2023_3CR,1
-1.0082306,-0.2810932383302653,CCCCCCCC/C=C\CCCCCCCCOC(=O)CCCC1(CCCC(=O)OC(CCCCCCCC)CCCCCCCC)C=NC(C(=O)OC(C)(C)C)N1CCN1CCCCC1,BL_2023_3CR,BL_2023_3CR,0
-3.7098198,-2.0177810199521136,CCCCCCCC/C=C\CCCCCCCCOC(=O)CCCC(C=NC(C)(C)C)(CCCC(=O)OC(CCCCCCCC)CCCCCCCC)NCCN1CCCCC1,BL_2023_3CR,BL_2023_3CR,0
-3.6083689,-0.674095932295874,CCCCCCCC/C=C\CCCCCCCCOC(=O)CCCC(C=NCCCC)(CCCC(=O)OC(CCCCCCCC)CCCCCCCC)NCCN1CCCCC1,BL_2023_3CR,BL_2023_3CR,0
-3.9441972,-0.2810932383302653,CCCCCCCC/C=C\CCCCCCCCOC(=O)CCCC(C=NC1CCCCC1)(CCCC(=O)OC(CCCCCCCC)CCCCCCCC)NCCN1CCCCC1,BL_2023_3CR,BL_2023_3CR,0
-2.429921,-0.1316805498256807,CCCCCCC#CCCOC(=O)CCCC1(CCCC(=O)OCCCCCCCC/C=C\CCCCCCCC)C=NC(C(=O)OC)N1CCN1CCCCC1,BL_2023_3CR,BL_2023_3CR,1
-2.1117704,3.117686762260023,CCCCCCC#CCCOC(=O)CCCC1(CCCC(=O)OCCCCCCCC/C=C\CCCCCCCC)C=NC(C(=O)OCC)N1CCN1CCCCC1,BL_2023_3CR,BL_2023_3CR,2
-1.7208365,-0.1316805498256807,CCCCCCC#CCCOC(=O)CCCC1(CCCC(=O)OCCCCCCCC/C=C\CCCCCCCC)C=NC(C(=O)OC(C)(C)C)N1CCN1CCCCC1,BL_2023_3CR,BL_2023_3CR,1
-3.039385,-0.1316805498256807,CCCCCCC#CCCOC(=O)CCCC(C=NC(C)(C)C)(CCCC(=O)OCCCCCCCC/C=C\CCCCCCCC)NCCN1CCCCC1,BL_2023_3CR,BL_2023_3CR,1
-3.194958,-0.1316805498256807,CCCCCCC#CCCOC(=O)CCCC(C=NCCCC)(CCCC(=O)OCCCCCCCC/C=C\CCCCCCCC)NCCN1CCCCC1,BL_2023_3CR,BL_2023_3CR,1
-2.441011,-0.4578109423564123,CCCCCCC#CCCOC(=O)CCCC(C=NC1CCCCC1)(CCCC(=O)OCCCCCCCC/C=C\CCCCCCCC)NCCN1CCCCC1,BL_2023_3CR,BL_2023_3CR,0
-2.8263805,-0.1316805498256807,CCCCCCCCCCCCOC(=O)CCCC1(CCCC(=O)OCCCCCCCCCCCC)C=NC(C(=O)OC)N1CCN1CCCCC1,BL_2023_3CR,BL_2023_3CR,1
-0.92556703,-0.1316805498256807,CCCCCCCCCCCCOC(=O)CCCC1(CCCC(=O)OCCCCCCCCCCCC)C=NC(C(=O)OCC)N1CCN1CCCCC1,BL_2023_3CR,BL_2023_3CR,1
-1.2527384,2.416321209674887,CCCCCCCCCCCCOC(=O)CCCC1(CCCC(=O)OCCCCCCCCCCCC)C=NC(C(=O)OC(C)(C)C)N1CCN1CCCCC1,BL_2023_3CR,BL_2023_3CR,2
-3.607674,0.2140315992398948,CCCCCCCCCCCCOC(=O)CCCC(C=NC(C)(C)C)(CCCC(=O)OCCCCCCCCCCCC)NCCN1CCCCC1,BL_2023_3CR,BL_2023_3CR,1
-3.1109374,-0.9529357821583856,CCCCCCCCCCCCOC(=O)CCCC(C=NCCCC)(CCCC(=O)OCCCCCCCCCCCC)NCCN1CCCCC1,BL_2023_3CR,BL_2023_3CR,0
-3.4114974,-0.1316805498256807,CCCCCCCCCCCCOC(=O)CCCC(C=NC1CCCCC1)(CCCC(=O)OCCCCCCCCCCCC)NCCN1CCCCC1,BL_2023_3CR,BL_2023_3CR,1
-1.8024971,-2.0177810199521136,CCCCCCCCC(CCCCCCCC)OC(=O)CCCC1(CCCC(=O)OC(CCCCCCCC)CCCCCCCC)C=NC(C(=O)OC)N1CCN1CCCCC1,BL_2023_3CR,BL_2023_3CR,0
-1.9191337,-0.4578109423564123,CCCCCCCCC(CCCCCCCC)OC(=O)CCCC1(CCCC(=O)OC(CCCCCCCC)CCCCCCCC)C=NC(C(=O)OCC)N1CCN1CCCCC1,BL_2023_3CR,BL_2023_3CR,0
-1.5085831,-0.1316805498256807,CCCCCCCCC(CCCCCCCC)OC(=O)CCCC1(CCCC(=O)OC(CCCCCCCC)CCCCCCCC)C=NC(C(=O)OC(C)(C)C)N1CCN1CCCCC1,BL_2023_3CR,BL_2023_3CR,1
-3.820533,-0.1316805498256807,CCCCCCCCC(CCCCCCCC)OC(=O)CCCC(C=NC(C)(C)C)(CCCC(=O)OC(CCCCCCCC)CCCCCCCC)NCCN1CCCCC1,BL_2023_3CR,BL_2023_3CR,1
-2.9263215,-0.1316805498256807,CCCCCCCCC(CCCCCCCC)OC(=O)CCCC(C=NCCCC)(CCCC(=O)OC(CCCCCCCC)CCCCCCCC)NCCN1CCCCC1,BL_2023_3CR,BL_2023_3CR,1
-4.080109,-2.0177810199521136,CCCCCCCCC(CCCCCCCC)OC(=O)CCCC(C=NC1CCCCC1)(CCCC(=O)OC(CCCCCCCC)CCCCCCCC)NCCN1CCCCC1,BL_2023_3CR,BL_2023_3CR,0
-0.7817517,-0.9529357821583856,CCCCCCCC/C=C\CCCCCCCC1(CCCCCCC/C=C\CCCCCCCC)C=NC(C(=O)OC)N1CCN1CCCCC1,BL_2023_3CR,BL_2023_3CR,0
0.18868443,-0.9529357821583856,CCCCCCCC/C=C\CCCCCCCC1(CCCCCCC/C=C\CCCCCCCC)C=NC(C(=O)OCC)N1CCN1CCCCC1,BL_2023_3CR,BL_2023_3CR,0
-0.4396294,-0.1316805498256807,CCCCCCCC/C=C\CCCCCCCC1(CCCCCCC/C=C\CCCCCCCC)C=NC(C(=O)OC(C)(C)C)N1CCN1CCCCC1,BL_2023_3CR,BL_2023_3CR,1
-2.6288803,-1.345938476123994,CCCCCCCC/C=C\CCCCCCCC(C=NC(C)(C)C)(CCCCCCC/C=C\CCCCCCCC)NCCN1CCCCC1,BL_2023_3CR,BL_2023_3CR,0
-3.195414,-0.1316805498256807,CCCCCCCC/C=C\CCCCCCCC(C=NCCCC)(CCCCCCC/C=C\CCCCCCCC)NCCN1CCCCC1,BL_2023_3CR,BL_2023_3CR,1
-3.4085464,-0.9529357821583856,CCCCCCCC/C=C\CCCCCCCC(C=NC1CCCCC1)(CCCCCCC/C=C\CCCCCCCC)NCCN1CCCCC1,BL_2023_3CR,BL_2023_3CR,0
-1.9684792,1.2788768370336232,CCCCC/C=C\C/C=C\CCCCCCCCOC(=O)CCCC1(CCCC(=O)OCCCCCCCC/C=C\C/C=C\CCCCC)C=NC(C(=O)OC)N1CCCN1CCCCC1CC,BL_2023_3CR,BL_2023_3CR,2
-1.4127152,1.400192953034997,CCCCC/C=C\C/C=C\CCCCCCCCOC(=O)CCCC1(CCCC(=O)OCCCCCCCC/C=C\C/C=C\CCCCC)C=NC(C(=O)OCC)N1CCCN1CCCCC1CC,BL_2023_3CR,BL_2023_3CR,2
-1.7627143,-0.1316805498256807,CCCCC/C=C\C/C=C\CCCCCCCCOC(=O)CCCC1(CCCC(=O)OCCCCCCCC/C=C\C/C=C\CCCCC)C=NC(C(=O)OC(C)(C)C)N1CCCN1CCCCC1CC,BL_2023_3CR,BL_2023_3CR,1
-3.7424374,-0.1316805498256807,CCCCC/C=C\C/C=C\CCCCCCCCOC(=O)CCCC(C=NC(C)(C)C)(CCCC(=O)OCCCCCCCC/C=C\C/C=C\CCCCC)NCCCN1CCCCC1CC,BL_2023_3CR,BL_2023_3CR,1
-3.0401037,-0.1316805498256807,CCCCC/C=C\C/C=C\CCCCCCCCOC(=O)CCCC(C=NCCCC)(CCCC(=O)OCCCCCCCC/C=C\C/C=C\CCCCC)NCCCN1CCCCC1CC,BL_2023_3CR,BL_2023_3CR,1
-2.7582798,-0.1316805498256807,CCCCC/C=C\C/C=C\CCCCCCCCOC(=O)CCCC(C=NC1CCCCC1)(CCCC(=O)OCCCCCCCC/C=C\C/C=C\CCCCC)NCCCN1CCCCC1CC,BL_2023_3CR,BL_2023_3CR,1
-1.871173,2.2996570370288927,CCCCCCCC/C=C\CCCCCCCCOC(=O)CCCC1(CCCC(=O)OCCCCCCCC/C=C\CCCCCCCC)C=NC(C(=O)OC)N1CCCN1CCCCC1CC,BL_2023_3CR,BL_2023_3CR,2
-1.0361404,1.917859830093536,CCCCCCCC/C=C\CCCCCCCCOC(=O)CCCC1(CCCC(=O)OCCCCCCCC/C=C\CCCCCCCC)C=NC(C(=O)OCC)N1CCCN1CCCCC1CC,BL_2023_3CR,BL_2023_3CR,2
-1.2406625,-0.1316805498256807,CCCCCCCC/C=C\CCCCCCCCOC(=O)CCCC1(CCCC(=O)OCCCCCCCC/C=C\CCCCCCCC)C=NC(C(=O)OC(C)(C)C)N1CCCN1CCCCC1CC,BL_2023_3CR,BL_2023_3CR,1
-2.8467567,-0.4578109423564123,CCCCCCCC/C=C\CCCCCCCCOC(=O)CCCC(C=NC(C)(C)C)(CCCC(=O)OCCCCCCCC/C=C\CCCCCCCC)NCCCN1CCCCC1CC,BL_2023_3CR,BL_2023_3CR,0
-2.8404205,0.2140315992398948,CCCCCCCC/C=C\CCCCCCCCOC(=O)CCCC(C=NCCCC)(CCCC(=O)OCCCCCCCC/C=C\CCCCCCCC)NCCCN1CCCCC1CC,BL_2023_3CR,BL_2023_3CR,1
-2.5526314,-0.1316805498256807,CCCCCCCC/C=C\CCCCCCCCOC(=O)CCCC(C=NC1CCCCC1)(CCCC(=O)OCCCCCCCC/C=C\CCCCCCCC)NCCCN1CCCCC1CC,BL_2023_3CR,BL_2023_3CR,1
-3.1487222,-0.674095932295874,CCCCCCC#CCCOC(=O)CCCC1(CCCC(=O)OCCC#CCCCCCC)C=NC(C(=O)OC)N1CCCN1CCCCC1CC,BL_2023_3CR,BL_2023_3CR,0
-2.788203,-0.1316805498256807,CCCCCCC#CCCOC(=O)CCCC1(CCCC(=O)OCCC#CCCCCCC)C=NC(C(=O)OCC)N1CCCN1CCCCC1CC,BL_2023_3CR,BL_2023_3CR,1
-2.4820702,-1.345938476123994,CCCCCCC#CCCOC(=O)CCCC1(CCCC(=O)OCCC#CCCCCCC)C=NC(C(=O)OC(C)(C)C)N1CCCN1CCCCC1CC,BL_2023_3CR,BL_2023_3CR,0
-3.4434521,-0.1316805498256807,CCCCCCC#CCCOC(=O)CCCC(C=NC(C)(C)C)(CCCC(=O)OCCC#CCCCCCC)NCCCN1CCCCC1CC,BL_2023_3CR,BL_2023_3CR,1
-3.0585294,-0.674095932295874,CCCCCCC#CCCOC(=O)CCCC(C=NCCCC)(CCCC(=O)OCCC#CCCCCCC)NCCCN1CCCCC1CC,BL_2023_3CR,BL_2023_3CR,0
-3.0546992,-0.1316805498256807,CCCCCCC#CCCOC(=O)CCCC(C=NC1CCCCC1)(CCCC(=O)OCCC#CCCCCCC)NCCCN1CCCCC1CC,BL_2023_3CR,BL_2023_3CR,1
-1.4876574,0.3907493032660417,CCCCCCCC/C=C\CCCCCCCCOC(=O)CCCC1(CCCC(=O)OC(CCCCCCCC)CCCCCCCC)C=NC(C(=O)OC)N1CCCN1CCCCC1CC,BL_2023_3CR,BL_2023_3CR,1
-1.5809523,-0.1316805498256807,CCCCCCCC/C=C\CCCCCCCCOC(=O)CCCC1(CCCC(=O)OC(CCCCCCCC)CCCCCCCC)C=NC(C(=O)OCC)N1CCCN1CCCCC1CC,BL_2023_3CR,BL_2023_3CR,1
-1.7276804,-2.0177810199521136,CCCCCCCC/C=C\CCCCCCCCOC(=O)CCCC1(CCCC(=O)OC(CCCCCCCC)CCCCCCCC)C=NC(C(=O)OC(C)(C)C)N1CCCN1CCCCC1CC,BL_2023_3CR,BL_2023_3CR,0
-2.8227522,-0.674095932295874,CCCCCCCC/C=C\CCCCCCCCOC(=O)CCCC(C=NC(C)(C)C)(CCCC(=O)OC(CCCCCCCC)CCCCCCCC)NCCCN1CCCCC1CC,BL_2023_3CR,BL_2023_3CR,0
-2.0506094,-0.4578109423564123,CCCCCCCC/C=C\CCCCCCCCOC(=O)CCCC(C=NCCCC)(CCCC(=O)OC(CCCCCCCC)CCCCCCCC)NCCCN1CCCCC1CC,BL_2023_3CR,BL_2023_3CR,0
-2.8287778,-0.1316805498256807,CCCCCCCC/C=C\CCCCCCCCOC(=O)CCCC(C=NC1CCCCC1)(CCCC(=O)OC(CCCCCCCC)CCCCCCCC)NCCCN1CCCCC1CC,BL_2023_3CR,BL_2023_3CR,1
-2.8875844,0.5401619940024391,CCCCCCC#CCCOC(=O)CCCC1(CCCC(=O)OCCCCCCCC/C=C\CCCCCCCC)C=NC(C(=O)OC)N1CCCN1CCCCC1CC,BL_2023_3CR,BL_2023_3CR,1
-2.0467558,-0.0022533906995668,CCCCCCC#CCCOC(=O)CCCC1(CCCC(=O)OCCCCCCCC/C=C\CCCCCCCC)C=NC(C(=O)OCC)N1CCCN1CCCCC1CC,BL_2023_3CR,BL_2023_3CR,1
-1.6915271,-0.674095932295874,CCCCCCC#CCCOC(=O)CCCC1(CCCC(=O)OCCCCCCCC/C=C\CCCCCCCC)C=NC(C(=O)OC(C)(C)C)N1CCCN1CCCCC1CC,BL_2023_3CR,BL_2023_3CR,0
-2.6245687,-0.1316805498256807,CCCCCCC#CCCOC(=O)CCCC(C=NC(C)(C)C)(CCCC(=O)OCCCCCCCC/C=C\CCCCCCCC)NCCCN1CCCCC1CC,BL_2023_3CR,BL_2023_3CR,1
-2.588342,0.2140315992398948,CCCCCCC#CCCOC(=O)CCCC(C=NCCCC)(CCCC(=O)OCCCCCCCC/C=C\CCCCCCCC)NCCCN1CCCCC1CC,BL_2023_3CR,BL_2023_3CR,1
-3.4404824,-0.1316805498256807,CCCCCCC#CCCOC(=O)CCCC(C=NC1CCCCC1)(CCCC(=O)OCCCCCCCC/C=C\CCCCCCCC)NCCCN1CCCCC1CC,BL_2023_3CR,BL_2023_3CR,1
-2.7132506,3.5455930728400658,CCCCCCCCCCCCOC(=O)CCCC1(CCCC(=O)OCCCCCCCCCCCC)C=NC(C(=O)OC)N1CCCN1CCCCC1CC,BL_2023_3CR,BL_2023_3CR,3
-2.453501,3.6738508000945385,CCCCCCCCCCCCOC(=O)CCCC1(CCCC(=O)OCCCCCCCCCCCC)C=NC(C(=O)OCC)N1CCCN1CCCCC1CC,BL_2023_3CR,BL_2023_3CR,3
-1.8316869,-0.0022533906995668,CCCCCCCCCCCCOC(=O)CCCC1(CCCC(=O)OCCCCCCCCCCCC)C=NC(C(=O)OC(C)(C)C)N1CCCN1CCCCC1CC,BL_2023_3CR,BL_2023_3CR,1
-3.327971,-0.1316805498256807,CCCCCCCCCCCCOC(=O)CCCC(C=NC(C)(C)C)(CCCC(=O)OCCCCCCCCCCCC)NCCCN1CCCCC1CC,BL_2023_3CR,BL_2023_3CR,1
-2.648194,-0.1316805498256807,CCCCCCCCCCCCOC(=O)CCCC(C=NCCCC)(CCCC(=O)OCCCCCCCCCCCC)NCCCN1CCCCC1CC,BL_2023_3CR,BL_2023_3CR,1
-2.5257354,-2.0177810199521136,CCCCCCCCCCCCOC(=O)CCCC(C=NC1CCCCC1)(CCCC(=O)OCCCCCCCCCCCC)NCCCN1CCCCC1CC,BL_2023_3CR,BL_2023_3CR,0
-2.3199482,-0.1316805498256807,CCCCCCCCC(CCCCCCCC)OC(=O)CCCC1(CCCC(=O)OC(CCCCCCCC)CCCCCCCC)C=NC(C(=O)OC)N1CCCN1CCCCC1CC,BL_2023_3CR,BL_2023_3CR,1
-1.8899794,-0.4578109423564123,CCCCCCCCC(CCCCCCCC)OC(=O)CCCC1(CCCC(=O)OC(CCCCCCCC)CCCCCCCC)C=NC(C(=O)OCC)N1CCCN1CCCCC1CC,BL_2023_3CR,BL_2023_3CR,0
-2.5948162,-0.1316805498256807,CCCCCCCCC(CCCCCCCC)OC(=O)CCCC1(CCCC(=O)OC(CCCCCCCC)CCCCCCCC)C=NC(C(=O)OC(C)(C)C)N1CCCN1CCCCC1CC,BL_2023_3CR,BL_2023_3CR,1
-2.3398077,-0.1316805498256807,CCCCCCCCC(CCCCCCCC)OC(=O)CCCC(C=NC(C)(C)C)(CCCC(=O)OC(CCCCCCCC)CCCCCCCC)NCCCN1CCCCC1CC,BL_2023_3CR,BL_2023_3CR,1
-2.8052392,-0.1316805498256807,CCCCCCCCC(CCCCCCCC)OC(=O)CCCC(C=NCCCC)(CCCC(=O)OC(CCCCCCCC)CCCCCCCC)NCCCN1CCCCC1CC,BL_2023_3CR,BL_2023_3CR,1
-2.950922,-0.4578109423564123,CCCCCCCCC(CCCCCCCC)OC(=O)CCCC(C=NC1CCCCC1)(CCCC(=O)OC(CCCCCCCC)CCCCCCCC)NCCCN1CCCCC1CC,BL_2023_3CR,BL_2023_3CR,0
-0.9358768,-0.0022533906995668,CCCCCCCC/C=C\CCCCCCCC1(CCCCCCC/C=C\CCCCCCCC)C=NC(C(=O)OC)N1CCCN1CCCCC1CC,BL_2023_3CR,BL_2023_3CR,1
-0.10980173,-0.1316805498256807,CCCCCCCC/C=C\CCCCCCCC1(CCCCCCC/C=C\CCCCCCCC)C=NC(C(=O)OCC)N1CCCN1CCCCC1CC,BL_2023_3CR,BL_2023_3CR,1
-0.3429787,-0.674095932295874,CCCCCCCC/C=C\CCCCCCCC1(CCCCCCC/C=C\CCCCCCCC)C=NC(C(=O)OC(C)(C)C)N1CCCN1CCCCC1CC,BL_2023_3CR,BL_2023_3CR,0
-2.2741604,-0.1316805498256807,CCCCCCCC/C=C\CCCCCCCC(C=NC(C)(C)C)(CCCCCCC/C=C\CCCCCCCC)NCCCN1CCCCC1CC,BL_2023_3CR,BL_2023_3CR,1
-2.1687028,-0.4578109423564123,CCCCCCCC/C=C\CCCCCCCC(C=NCCCC)(CCCCCCC/C=C\CCCCCCCC)NCCCN1CCCCC1CC,BL_2023_3CR,BL_2023_3CR,0
-2.472922,-0.1316805498256807,CCCCCCCC/C=C\CCCCCCCC(C=NC1CCCCC1)(CCCCCCC/C=C\CCCCCCCC)NCCCN1CCCCC1CC,BL_2023_3CR,BL_2023_3CR,1
-2.887006,-0.1316805498256807,CCCCC/C=C\C/C=C\CCCCCCCCOC(=O)CCCC1(CCCC(=O)OCCCCCCCC/C=C\C/C=C\CCCCC)C=NC(C(=O)OC)N1CCN1CCS(=O)(=O)CC1,BL_2023_3CR,BL_2023_3CR,1
-2.6340709,-0.1316805498256807,CCCCC/C=C\C/C=C\CCCCCCCCOC(=O)CCCC1(CCCC(=O)OCCCCCCCC/C=C\C/C=C\CCCCC)C=NC(C(=O)OCC)N1CCN1CCS(=O)(=O)CC1,BL_2023_3CR,BL_2023_3CR,1
-2.3855922,-0.2810932383302653,CCCCC/C=C\C/C=C\CCCCCCCCOC(=O)CCCC1(CCCC(=O)OCCCCCCCC/C=C\C/C=C\CCCCC)C=NC(C(=O)OC(C)(C)C)N1CCN1CCS(=O)(=O)CC1,BL_2023_3CR,BL_2023_3CR,0
-2.9892354,-0.4578109423564123,CCCCC/C=C\C/C=C\CCCCCCCCOC(=O)CCCC(C=NC(C)(C)C)(CCCC(=O)OCCCCCCCC/C=C\C/C=C\CCCCC)NCCN1CCS(=O)(=O)CC1,BL_2023_3CR,BL_2023_3CR,0
-2.8547065,-1.345938476123994,CCCCC/C=C\C/C=C\CCCCCCCCOC(=O)CCCC(C=NCCCC)(CCCC(=O)OCCCCCCCC/C=C\C/C=C\CCCCC)NCCN1CCS(=O)(=O)CC1,BL_2023_3CR,BL_2023_3CR,0
-2.8150432,-0.674095932295874,CCCCC/C=C\C/C=C\CCCCCCCCOC(=O)CCCC(C=NC1CCCCC1)(CCCC(=O)OCCCCCCCC/C=C\C/C=C\CCCCC)NCCN1CCS(=O)(=O)CC1,BL_2023_3CR,BL_2023_3CR,0
-3.3159978,1.6050072317961672,CCCCCCCC/C=C\CCCCCCCCOC(=O)CCCC1(CCCC(=O)OCCCCCCCC/C=C\CCCCCCCC)C=NC(C(=O)OC)N1CCN1CCS(=O)(=O)CC1,BL_2023_3CR,BL_2023_3CR,2
-3.2744527,1.6050072317961672,CCCCCCCC/C=C\CCCCCCCCOC(=O)CCCC1(CCCC(=O)OCCCCCCCC/C=C\CCCCCCCC)C=NC(C(=O)OCC)N1CCN1CCS(=O)(=O)CC1,BL_2023_3CR,BL_2023_3CR,2
-3.2311099,-0.0022533906995668,CCCCCCCC/C=C\CCCCCCCCOC(=O)CCCC1(CCCC(=O)OCCCCCCCC/C=C\CCCCCCCC)C=NC(C(=O)OC(C)(C)C)N1CCN1CCS(=O)(=O)CC1,BL_2023_3CR,BL_2023_3CR,1
-2.7547066,-0.1316805498256807,CCCCCCCC/C=C\CCCCCCCCOC(=O)CCCC(C=NC(C)(C)C)(CCCC(=O)OCCCCCCCC/C=C\CCCCCCCC)NCCN1CCS(=O)(=O)CC1,BL_2023_3CR,BL_2023_3CR,1
-3.0943584,-0.1316805498256807,CCCCCCCC/C=C\CCCCCCCCOC(=O)CCCC(C=NCCCC)(CCCC(=O)OCCCCCCCC/C=C\CCCCCCCC)NCCN1CCS(=O)(=O)CC1,BL_2023_3CR,BL_2023_3CR,1
-2.889731,-0.2810932383302653,CCCCCCCC/C=C\CCCCCCCCOC(=O)CCCC(C=NC1CCCCC1)(CCCC(=O)OCCCCCCCC/C=C\CCCCCCCC)NCCN1CCS(=O)(=O)CC1,BL_2023_3CR,BL_2023_3CR,0
-5.2068696,-0.1316805498256807,CCCCCCC#CCCOC(=O)CCCC1(CCCC(=O)OCCC#CCCCCCC)C=NC(C(=O)OC)N1CCN1CCS(=O)(=O)CC1,BL_2023_3CR,BL_2023_3CR,1
-4.574931,-0.1316805498256807,CCCCCCC#CCCOC(=O)CCCC1(CCCC(=O)OCCC#CCCCCCC)C=NC(C(=O)OCC)N1CCN1CCS(=O)(=O)CC1,BL_2023_3CR,BL_2023_3CR,1
-3.8493605,0.72835041143869,CCCCCCC#CCCOC(=O)CCCC1(CCCC(=O)OCCC#CCCCCCC)C=NC(C(=O)OC(C)(C)C)N1CCN1CCS(=O)(=O)CC1,BL_2023_3CR,BL_2023_3CR,1
-3.7739325,-0.1316805498256807,CCCCCCC#CCCOC(=O)CCCC(C=NC(C)(C)C)(CCCC(=O)OCCC#CCCCCCC)NCCN1CCS(=O)(=O)CC1,BL_2023_3CR,BL_2023_3CR,1
-3.9279277,-0.1316805498256807,CCCCCCC#CCCOC(=O)CCCC(C=NCCCC)(CCCC(=O)OCCC#CCCCCCC)NCCN1CCS(=O)(=O)CC1,BL_2023_3CR,BL_2023_3CR,1
-3.5224307,-0.674095932295874,CCCCCCC#CCCOC(=O)CCCC(C=NC1CCCCC1)(CCCC(=O)OCCC#CCCCCCC)NCCN1CCS(=O)(=O)CC1,BL_2023_3CR,BL_2023_3CR,0
-3.3529172,-0.1316805498256807,CCCCCCCC/C=C\CCCCCCCCOC(=O)CCCC1(CCCC(=O)OC(CCCCCCCC)CCCCCCCC)C=NC(C(=O)OC)N1CCN1CCS(=O)(=O)CC1,BL_2023_3CR,BL_2023_3CR,1
-3.4798696,0.5401619940024391,CCCCCCCC/C=C\CCCCCCCCOC(=O)CCCC1(CCCC(=O)OC(CCCCCCCC)CCCCCCCC)C=NC(C(=O)OCC)N1CCN1CCS(=O)(=O)CC1,BL_2023_3CR,BL_2023_3CR,1
-3.4253168,-0.1316805498256807,CCCCCCCC/C=C\CCCCCCCCOC(=O)CCCC1(CCCC(=O)OC(CCCCCCCC)CCCCCCCC)C=NC(C(=O)OC(C)(C)C)N1CCN1CCS(=O)(=O)CC1,BL_2023_3CR,BL_2023_3CR,1
-2.3165276,-0.1316805498256807,CCCCCCCC/C=C\CCCCCCCCOC(=O)CCCC(C=NC(C)(C)C)(CCCC(=O)OC(CCCCCCCC)CCCCCCCC)NCCN1CCS(=O)(=O)CC1,BL_2023_3CR,BL_2023_3CR,1
-3.4835813,-2.0177810199521136,CCCCCCCC/C=C\CCCCCCCCOC(=O)CCCC(C=NCCCC)(CCCC(=O)OC(CCCCCCCC)CCCCCCCC)NCCN1CCS(=O)(=O)CC1,BL_2023_3CR,BL_2023_3CR,0
-2.756848,-0.1316805498256807,CCCCCCCC/C=C\CCCCCCCCOC(=O)CCCC(C=NC1CCCCC1)(CCCC(=O)OC(CCCCCCCC)CCCCCCCC)NCCN1CCS(=O)(=O)CC1,BL_2023_3CR,BL_2023_3CR,1
-3.923546,1.2460172862654162,CCCCCCC#CCCOC(=O)CCCC1(CCCC(=O)OCCCCCCCC/C=C\CCCCCCCC)C=NC(C(=O)OC)N1CCN1CCS(=O)(=O)CC1,BL_2023_3CR,BL_2023_3CR,2
-4.282608,1.400192953034997,CCCCCCC#CCCOC(=O)CCCC1(CCCC(=O)OCCCCCCCC/C=C\CCCCCCCC)C=NC(C(=O)OCC)N1CCN1CCS(=O)(=O)CC1,BL_2023_3CR,BL_2023_3CR,2
-3.9509497,-0.1316805498256807,CCCCCCC#CCCOC(=O)CCCC1(CCCC(=O)OCCCCCCCC/C=C\CCCCCCCC)C=NC(C(=O)OC(C)(C)C)N1CCN1CCS(=O)(=O)CC1,BL_2023_3CR,BL_2023_3CR,1
-2.9831512,-0.1316805498256807,CCCCCCC#CCCOC(=O)CCCC(C=NC(C)(C)C)(CCCC(=O)OCCCCCCCC/C=C\CCCCCCCC)NCCN1CCS(=O)(=O)CC1,BL_2023_3CR,BL_2023_3CR,1
-3.4559515,0.2140315992398948,CCCCCCC#CCCOC(=O)CCCC(C=NCCCC)(CCCC(=O)OCCCCCCCC/C=C\CCCCCCCC)NCCN1CCS(=O)(=O)CC1,BL_2023_3CR,BL_2023_3CR,1
-3.1406105,-0.1316805498256807,CCCCCCC#CCCOC(=O)CCCC(C=NC1CCCCC1)(CCCC(=O)OCCCCCCCC/C=C\CCCCCCCC)NCCN1CCS(=O)(=O)CC1,BL_2023_3CR,BL_2023_3CR,1
-4.18023,-0.2810932383302653,CCCCCCCCCCCCOC(=O)CCCC1(CCCC(=O)OCCCCCCCCCCCC)C=NC(C(=O)OC)N1CCN1CCS(=O)(=O)CC1,BL_2023_3CR,BL_2023_3CR,0
-3.8848875,-0.1316805498256807,CCCCCCCCCCCCOC(=O)CCCC1(CCCC(=O)OCCCCCCCCCCCC)C=NC(C(=O)OCC)N1CCN1CCS(=O)(=O)CC1,BL_2023_3CR,BL_2023_3CR,1
-3.3155909,-0.1316805498256807,CCCCCCCCCCCCOC(=O)CCCC1(CCCC(=O)OCCCCCCCCCCCC)C=NC(C(=O)OC(C)(C)C)N1CCN1CCS(=O)(=O)CC1,BL_2023_3CR,BL_2023_3CR,1
-3.0581791,-0.674095932295874,CCCCCCCCCCCCOC(=O)CCCC(C=NC(C)(C)C)(CCCC(=O)OCCCCCCCCCCCC)NCCN1CCS(=O)(=O)CC1,BL_2023_3CR,BL_2023_3CR,0
-4.126899,-2.0177810199521136,CCCCCCCCCCCCOC(=O)CCCC(C=NCCCC)(CCCC(=O)OCCCCCCCCCCCC)NCCN1CCS(=O)(=O)CC1,BL_2023_3CR,BL_2023_3CR,0
-3.4890218,-0.2810932383302653,CCCCCCCCCCCCOC(=O)CCCC(C=NC1CCCCC1)(CCCC(=O)OCCCCCCCCCCCC)NCCN1CCS(=O)(=O)CC1,BL_2023_3CR,BL_2023_3CR,0
-3.2829876,-0.1316805498256807,CCCCCCCCC(CCCCCCCC)OC(=O)CCCC1(CCCC(=O)OC(CCCCCCCC)CCCCCCCC)C=NC(C(=O)OC)N1CCN1CCS(=O)(=O)CC1,BL_2023_3CR,BL_2023_3CR,1
-3.4228418,-0.1316805498256807,CCCCCCCCC(CCCCCCCC)OC(=O)CCCC1(CCCC(=O)OC(CCCCCCCC)CCCCCCCC)C=NC(C(=O)OCC)N1CCN1CCS(=O)(=O)CC1,BL_2023_3CR,BL_2023_3CR,1
-2.8267107,-0.4578109423564123,CCCCCCCCC(CCCCCCCC)OC(=O)CCCC1(CCCC(=O)OC(CCCCCCCC)CCCCCCCC)C=NC(C(=O)OC(C)(C)C)N1CCN1CCS(=O)(=O)CC1,BL_2023_3CR,BL_2023_3CR,0
-2.1917565,-0.2810932383302653,CCCCCCCCC(CCCCCCCC)OC(=O)CCCC(C=NC(C)(C)C)(CCCC(=O)OC(CCCCCCCC)CCCCCCCC)NCCN1CCS(=O)(=O)CC1,BL_2023_3CR,BL_2023_3CR,0
-2.401037,-0.4578109423564123,CCCCCCCCC(CCCCCCCC)OC(=O)CCCC(C=NCCCC)(CCCC(=O)OC(CCCCCCCC)CCCCCCCC)NCCN1CCS(=O)(=O)CC1,BL_2023_3CR,BL_2023_3CR,0
-3.181555,-0.1316805498256807,CCCCCCCCC(CCCCCCCC)OC(=O)CCCC(C=NC1CCCCC1)(CCCC(=O)OC(CCCCCCCC)CCCCCCCC)NCCN1CCS(=O)(=O)CC1,BL_2023_3CR,BL_2023_3CR,1
-3.6457274,-0.0022533906995668,CCCCCCCC/C=C\CCCCCCCC1(CCCCCCC/C=C\CCCCCCCC)C=NC(C(=O)OC)N1CCN1CCS(=O)(=O)CC1,BL_2023_3CR,BL_2023_3CR,1
-3.7932227,-0.1316805498256807,CCCCCCCC/C=C\CCCCCCCC1(CCCCCCC/C=C\CCCCCCCC)C=NC(C(=O)OCC)N1CCN1CCS(=O)(=O)CC1,BL_2023_3CR,BL_2023_3CR,1
-2.9426925,-0.1316805498256807,CCCCCCCC/C=C\CCCCCCCC1(CCCCCCC/C=C\CCCCCCCC)C=NC(C(=O)OC(C)(C)C)N1CCN1CCS(=O)(=O)CC1,BL_2023_3CR,BL_2023_3CR,1
-2.4489522,-1.345938476123994,CCCCCCCC/C=C\CCCCCCCC(C=NC(C)(C)C)(CCCCCCC/C=C\CCCCCCCC)NCCN1CCS(=O)(=O)CC1,BL_2023_3CR,BL_2023_3CR,0
-3.0965214,-0.2810932383302653,CCCCCCCC/C=C\CCCCCCCC(C=NCCCC)(CCCCCCC/C=C\CCCCCCCC)NCCN1CCS(=O)(=O)CC1,BL_2023_3CR,BL_2023_3CR,0
-3.3638532,-2.0177810199521136,CCCCCCCC/C=C\CCCCCCCC(C=NC1CCCCC1)(CCCCCCC/C=C\CCCCCCCC)NCCN1CCS(=O)(=O)CC1,BL_2023_3CR,BL_2023_3CR,0
-2.001412,-0.1316805498256807,CCCCC/C=C\C/C=C\CCCCCCCCOC(=O)CCCC1(CCCC(=O)OCCCCCCCC/C=C\C/C=C\CCCCC)C=NC(C(=O)OC)N1C1CCN(Cc2ccccc2)CC1,BL_2023_3CR,BL_2023_3CR,1
-1.9516609,-0.1316805498256807,CCCCC/C=C\C/C=C\CCCCCCCCOC(=O)CCCC1(CCCC(=O)OCCCCCCCC/C=C\C/C=C\CCCCC)C=NC(C(=O)OCC)N1C1CCN(Cc2ccccc2)CC1,BL_2023_3CR,BL_2023_3CR,1
-1.9775856,-0.1316805498256807,CCCCC/C=C\C/C=C\CCCCCCCCOC(=O)CCCC1(CCCC(=O)OCCCCCCCC/C=C\C/C=C\CCCCC)C=NC(C(=O)OC(C)(C)C)N1C1CCN(Cc2ccccc2)CC1,BL_2023_3CR,BL_2023_3CR,1
-3.560909,-0.1316805498256807,CCCCC/C=C\C/C=C\CCCCCCCCOC(=O)CCCC(C=NC(C)(C)C)(CCCC(=O)OCCCCCCCC/C=C\C/C=C\CCCCC)NC1CCN(Cc2ccccc2)CC1,BL_2023_3CR,BL_2023_3CR,1
-2.9466581,-0.1316805498256807,CCCCC/C=C\C/C=C\CCCCCCCCOC(=O)CCCC(C=NCCCC)(CCCC(=O)OCCCCCCCC/C=C\C/C=C\CCCCC)NC1CCN(Cc2ccccc2)CC1,BL_2023_3CR,BL_2023_3CR,1
-3.0774705,-0.1316805498256807,CCCCC/C=C\C/C=C\CCCCCCCCOC(=O)CCCC(C=NC1CCCCC1)(CCCC(=O)OCCCCCCCC/C=C\C/C=C\CCCCC)NC1CCN(Cc2ccccc2)CC1,BL_2023_3CR,BL_2023_3CR,1
-2.19489,-0.1316805498256807,CCCCCCCC/C=C\CCCCCCCCOC(=O)CCCC1(CCCC(=O)OCCCCCCCC/C=C\CCCCCCCC)C=NC(C(=O)OC)N1C1CCN(Cc2ccccc2)CC1,BL_2023_3CR,BL_2023_3CR,1
-1.5695293,-1.345938476123994,CCCCCCCC/C=C\CCCCCCCCOC(=O)CCCC1(CCCC(=O)OCCCCCCCC/C=C\CCCCCCCC)C=NC(C(=O)OCC)N1C1CCN(Cc2ccccc2)CC1,BL_2023_3CR,BL_2023_3CR,0
-1.551217,-0.1316805498256807,CCCCCCCC/C=C\CCCCCCCCOC(=O)CCCC1(CCCC(=O)OCCCCCCCC/C=C\CCCCCCCC)C=NC(C(=O)OC(C)(C)C)N1C1CCN(Cc2ccccc2)CC1,BL_2023_3CR,BL_2023_3CR,1
-2.460156,-0.1316805498256807,CCCCCCCC/C=C\CCCCCCCCOC(=O)CCCC(C=NC(C)(C)C)(CCCC(=O)OCCCCCCCC/C=C\CCCCCCCC)NC1CCN(Cc2ccccc2)CC1,BL_2023_3CR,BL_2023_3CR,1
-3.7866633,-0.1316805498256807,CCCCCCCC/C=C\CCCCCCCCOC(=O)CCCC(C=NCCCC)(CCCC(=O)OCCCCCCCC/C=C\CCCCCCCC)NC1CCN(Cc2ccccc2)CC1,BL_2023_3CR,BL_2023_3CR,1
-3.5111644,-0.1316805498256807,CCCCCCCC/C=C\CCCCCCCCOC(=O)CCCC(C=NC1CCCCC1)(CCCC(=O)OCCCCCCCC/C=C\CCCCCCCC)NC1CCN(Cc2ccccc2)CC1,BL_2023_3CR,BL_2023_3CR,1
-3.0844617,1.8304796256821656,CCCCCCC#CCCOC(=O)CCCC1(CCCC(=O)OCCC#CCCCCCC)C=NC(C(=O)OC)N1C1CCN(Cc2ccccc2)CC1,BL_2023_3CR,BL_2023_3CR,2
-3.0174763,0.3907493032660417,CCCCCCC#CCCOC(=O)CCCC1(CCCC(=O)OCCC#CCCCCCC)C=NC(C(=O)OCC)N1C1CCN(Cc2ccccc2)CC1,BL_2023_3CR,BL_2023_3CR,1
-2.8485014,-0.1316805498256807,CCCCCCC#CCCOC(=O)CCCC1(CCCC(=O)OCCC#CCCCCCC)C=NC(C(=O)OC(C)(C)C)N1C1CCN(Cc2ccccc2)CC1,BL_2023_3CR,BL_2023_3CR,1
-3.4607215,-0.1316805498256807,CCCCCCC#CCCOC(=O)CCCC(C=NC(C)(C)C)(CCCC(=O)OCCC#CCCCCCC)NC1CCN(Cc2ccccc2)CC1,BL_2023_3CR,BL_2023_3CR,1
-3.6748211,-0.1316805498256807,CCCCCCC#CCCOC(=O)CCCC(C=NCCCC)(CCCC(=O)OCCC#CCCCCCC)NC1CCN(Cc2ccccc2)CC1,BL_2023_3CR,BL_2023_3CR,1
-3.7354884,-0.1316805498256807,CCCCCCC#CCCOC(=O)CCCC(C=NC1CCCCC1)(CCCC(=O)OCCC#CCCCCCC)NC1CCN(Cc2ccccc2)CC1,BL_2023_3CR,BL_2023_3CR,1
-2.8747077,-0.2810932383302653,CCCCCCCC/C=C\CCCCCCCCOC(=O)CCCC1(CCCC(=O)OC(CCCCCCCC)CCCCCCCC)C=NC(C(=O)OC)N1C1CCN(Cc2ccccc2)CC1,BL_2023_3CR,BL_2023_3CR,0
-1.938667,-0.1316805498256807,CCCCCCCC/C=C\CCCCCCCCOC(=O)CCCC1(CCCC(=O)OC(CCCCCCCC)CCCCCCCC)C=NC(C(=O)OCC)N1C1CCN(Cc2ccccc2)CC1,BL_2023_3CR,BL_2023_3CR,1
-2.1051242,-0.674095932295874,CCCCCCCC/C=C\CCCCCCCCOC(=O)CCCC1(CCCC(=O)OC(CCCCCCCC)CCCCCCCC)C=NC(C(=O)OC(C)(C)C)N1C1CCN(Cc2ccccc2)CC1,BL_2023_3CR,BL_2023_3CR,0
-2.88526,-0.1316805498256807,CCCCCCCC/C=C\CCCCCCCCOC(=O)CCCC(C=NC(C)(C)C)(CCCC(=O)OC(CCCCCCCC)CCCCCCCC)NC1CCN(Cc2ccccc2)CC1,BL_2023_3CR,BL_2023_3CR,1
-3.7971277,-0.1316805498256807,CCCCCCCC/C=C\CCCCCCCCOC(=O)CCCC(C=NCCCC)(CCCC(=O)OC(CCCCCCCC)CCCCCCCC)NC1CCN(Cc2ccccc2)CC1,BL_2023_3CR,BL_2023_3CR,1
-3.2946253,-0.2810932383302653,CCCCCCCC/C=C\CCCCCCCCOC(=O)CCCC(C=NC1CCCCC1)(CCCC(=O)OC(CCCCCCCC)CCCCCCCC)NC1CCN(Cc2ccccc2)CC1,BL_2023_3CR,BL_2023_3CR,0
-2.8872435,-0.1316805498256807,CCCCCCC#CCCOC(=O)CCCC1(CCCC(=O)OCCCCCCCC/C=C\CCCCCCCC)C=NC(C(=O)OC)N1C1CCN(Cc2ccccc2)CC1,BL_2023_3CR,BL_2023_3CR,1
-2.364878,-0.0022533906995668,CCCCCCC#CCCOC(=O)CCCC1(CCCC(=O)OCCCCCCCC/C=C\CCCCCCCC)C=NC(C(=O)OCC)N1C1CCN(Cc2ccccc2)CC1,BL_2023_3CR,BL_2023_3CR,1
-1.8192226,-0.674095932295874,CCCCCCC#CCCOC(=O)CCCC1(CCCC(=O)OCCCCCCCC/C=C\CCCCCCCC)C=NC(C(=O)OC(C)(C)C)N1C1CCN(Cc2ccccc2)CC1,BL_2023_3CR,BL_2023_3CR,0
-3.832064,-0.1316805498256807,CCCCCCC#CCCOC(=O)CCCC(C=NC(C)(C)C)(CCCC(=O)OCCCCCCCC/C=C\CCCCCCCC)NC1CCN(Cc2ccccc2)CC1,BL_2023_3CR,BL_2023_3CR,1
-4.2376986,-0.1316805498256807,CCCCCCC#CCCOC(=O)CCCC(C=NCCCC)(CCCC(=O)OCCCCCCCC/C=C\CCCCCCCC)NC1CCN(Cc2ccccc2)CC1,BL_2023_3CR,BL_2023_3CR,1
-3.3541477,-0.1316805498256807,CCCCCCC#CCCOC(=O)CCCC(C=NC1CCCCC1)(CCCC(=O)OCCCCCCCC/C=C\CCCCCCCC)NC1CCN(Cc2ccccc2)CC1,BL_2023_3CR,BL_2023_3CR,1
-2.7432852,-0.1316805498256807,CCCCCCCCCCCCOC(=O)CCCC1(CCCC(=O)OCCCCCCCCCCCC)C=NC(C(=O)OC)N1C1CCN(Cc2ccccc2)CC1,BL_2023_3CR,BL_2023_3CR,1
-3.098286,-0.1316805498256807,CCCCCCCCCCCCOC(=O)CCCC1(CCCC(=O)OCCCCCCCCCCCC)C=NC(C(=O)OCC)N1C1CCN(Cc2ccccc2)CC1,BL_2023_3CR,BL_2023_3CR,1
-2.313071,-0.1316805498256807,CCCCCCCCCCCCOC(=O)CCCC1(CCCC(=O)OCCCCCCCCCCCC)C=NC(C(=O)OC(C)(C)C)N1C1CCN(Cc2ccccc2)CC1,BL_2023_3CR,BL_2023_3CR,1
-3.548032,-0.1316805498256807,CCCCCCCCCCCCOC(=O)CCCC(C=NC(C)(C)C)(CCCC(=O)OCCCCCCCCCCCC)NC1CCN(Cc2ccccc2)CC1,BL_2023_3CR,BL_2023_3CR,1
-4.3905888,-0.1316805498256807,CCCCCCCCCCCCOC(=O)CCCC(C=NCCCC)(CCCC(=O)OCCCCCCCCCCCC)NC1CCN(Cc2ccccc2)CC1,BL_2023_3CR,BL_2023_3CR,1
-3.2327094,-0.1316805498256807,CCCCCCCCCCCCOC(=O)CCCC(C=NC1CCCCC1)(CCCC(=O)OCCCCCCCCCCCC)NC1CCN(Cc2ccccc2)CC1,BL_2023_3CR,BL_2023_3CR,1
-2.2313354,-0.1316805498256807,CCCCCCCCC(CCCCCCCC)OC(=O)CCCC1(CCCC(=O)OC(CCCCCCCC)CCCCCCCC)C=NC(C(=O)OC)N1C1CCN(Cc2ccccc2)CC1,BL_2023_3CR,BL_2023_3CR,1
-1.186257,-0.1316805498256807,CCCCCCCCC(CCCCCCCC)OC(=O)CCCC1(CCCC(=O)OC(CCCCCCCC)CCCCCCCC)C=NC(C(=O)OCC)N1C1CCN(Cc2ccccc2)CC1,BL_2023_3CR,BL_2023_3CR,1
-1.5754461,0.2140315992398948,CCCCCCCCC(CCCCCCCC)OC(=O)CCCC1(CCCC(=O)OC(CCCCCCCC)CCCCCCCC)C=NC(C(=O)OC(C)(C)C)N1C1CCN(Cc2ccccc2)CC1,BL_2023_3CR,BL_2023_3CR,1
-3.3968124,-0.1316805498256807,CCCCCCCCC(CCCCCCCC)OC(=O)CCCC(C=NC(C)(C)C)(CCCC(=O)OC(CCCCCCCC)CCCCCCCC)NC1CCN(Cc2ccccc2)CC1,BL_2023_3CR,BL_2023_3CR,1
-2.9374332,-0.1316805498256807,CCCCCCCCC(CCCCCCCC)OC(=O)CCCC(C=NCCCC)(CCCC(=O)OC(CCCCCCCC)CCCCCCCC)NC1CCN(Cc2ccccc2)CC1,BL_2023_3CR,BL_2023_3CR,1
-3.5621865,-0.0022533906995668,CCCCCCCCC(CCCCCCCC)OC(=O)CCCC(C=NC1CCCCC1)(CCCC(=O)OC(CCCCCCCC)CCCCCCCC)NC1CCN(Cc2ccccc2)CC1,BL_2023_3CR,BL_2023_3CR,1
-1.622193,-0.1316805498256807,CCCCCCCC/C=C\CCCCCCCC1(CCCCCCC/C=C\CCCCCCCC)C=NC(C(=O)OC)N1C1CCN(Cc2ccccc2)CC1,BL_2023_3CR,BL_2023_3CR,1
-1.4639131,-0.1316805498256807,CCCCCCCC/C=C\CCCCCCCC1(CCCCCCC/C=C\CCCCCCCC)C=NC(C(=O)OCC)N1C1CCN(Cc2ccccc2)CC1,BL_2023_3CR,BL_2023_3CR,1
-0.72326016,-0.1316805498256807,CCCCCCCC/C=C\CCCCCCCC1(CCCCCCC/C=C\CCCCCCCC)C=NC(C(=O)OC(C)(C)C)N1C1CCN(Cc2ccccc2)CC1,BL_2023_3CR,BL_2023_3CR,1
-3.1056242,-0.1316805498256807,CCCCCCCC/C=C\CCCCCCCC(C=NC(C)(C)C)(CCCCCCC/C=C\CCCCCCCC)NC1CCN(Cc2ccccc2)CC1,BL_2023_3CR,BL_2023_3CR,1
-2.859947,-0.2810932383302653,CCCCCCCC/C=C\CCCCCCCC(C=NCCCC)(CCCCCCC/C=C\CCCCCCCC)NC1CCN(Cc2ccccc2)CC1,BL_2023_3CR,BL_2023_3CR,0
-4.3586373,-0.1316805498256807,CCCCCCCC/C=C\CCCCCCCC(C=NC1CCCCC1)(CCCCCCC/C=C\CCCCCCCC)NC1CCN(Cc2ccccc2)CC1,BL_2023_3CR,BL_2023_3CR,1
-2.399275,0.3907493032660417,CCCCC/C=C\C/C=C\CCCCCCCCOC(=O)CCCC1(CCCC(=O)OCCCCCCCC/C=C\C/C=C\CCCCC)C=NC(C(=O)OC)N1CCCn1ccnc1,BL_2023_3CR,BL_2023_3CR,1
-1.8411171,-0.1316805498256807,CCCCC/C=C\C/C=C\CCCCCCCCOC(=O)CCCC1(CCCC(=O)OCCCCCCCC/C=C\C/C=C\CCCCC)C=NC(C(=O)OCC)N1CCCn1ccnc1,BL_2023_3CR,BL_2023_3CR,1
-2.1541216,-0.1316805498256807,CCCCC/C=C\C/C=C\CCCCCCCCOC(=O)CCCC1(CCCC(=O)OCCCCCCCC/C=C\C/C=C\CCCCC)C=NC(C(=O)OC(C)(C)C)N1CCCn1ccnc1,BL_2023_3CR,BL_2023_3CR,1
-2.2617826,-0.1316805498256807,CCCCC/C=C\C/C=C\CCCCCCCCOC(=O)CCCC(C=NC(C)(C)C)(CCCC(=O)OCCCCCCCC/C=C\C/C=C\CCCCC)NCCCn1ccnc1,BL_2023_3CR,BL_2023_3CR,1
-3.8999994,0.2140315992398948,CCCCC/C=C\C/C=C\CCCCCCCCOC(=O)CCCC(C=NCCCC)(CCCC(=O)OCCCCCCCC/C=C\C/C=C\CCCCC)NCCCn1ccnc1,BL_2023_3CR,BL_2023_3CR,1
-3.0034409,-0.1316805498256807,CCCCC/C=C\C/C=C\CCCCCCCCOC(=O)CCCC(C=NC1CCCCC1)(CCCC(=O)OCCCCCCCC/C=C\C/C=C\CCCCC)NCCCn1ccnc1,BL_2023_3CR,BL_2023_3CR,1
-2.2749405,1.371257553758863,CCCCCCCC/C=C\CCCCCCCCOC(=O)CCCC1(CCCC(=O)OCCCCCCCC/C=C\CCCCCCCC)C=NC(C(=O)OC)N1CCCn1ccnc1,BL_2023_3CR,BL_2023_3CR,2
-1.8319781,1.0625918470941615,CCCCCCCC/C=C\CCCCCCCCOC(=O)CCCC1(CCCC(=O)OCCCCCCCC/C=C\CCCCCCCC)C=NC(C(=O)OCC)N1CCCn1ccnc1,BL_2023_3CR,BL_2023_3CR,2
-1.5251426,0.2140315992398948,CCCCCCCC/C=C\CCCCCCCCOC(=O)CCCC1(CCCC(=O)OCCCCCCCC/C=C\CCCCCCCC)C=NC(C(=O)OC(C)(C)C)N1CCCn1ccnc1,BL_2023_3CR,BL_2023_3CR,1
-2.9731975,-0.1316805498256807,CCCCCCCC/C=C\CCCCCCCCOC(=O)CCCC(C=NC(C)(C)C)(CCCC(=O)OCCCCCCCC/C=C\CCCCCCCC)NCCCn1ccnc1,BL_2023_3CR,BL_2023_3CR,1
-3.6475933,-0.1316805498256807,CCCCCCCC/C=C\CCCCCCCCOC(=O)CCCC(C=NCCCC)(CCCC(=O)OCCCCCCCC/C=C\CCCCCCCC)NCCCn1ccnc1,BL_2023_3CR,BL_2023_3CR,1
-2.5834243,-0.0022533906995668,CCCCCCCC/C=C\CCCCCCCCOC(=O)CCCC(C=NC1CCCCC1)(CCCC(=O)OCCCCCCCC/C=C\CCCCCCCC)NCCCn1ccnc1,BL_2023_3CR,BL_2023_3CR,1
-3.9813309,0.3907493032660417,CCCCCCC#CCCOC(=O)CCCC1(CCCC(=O)OCCC#CCCCCCC)C=NC(C(=O)OC)N1CCCn1ccnc1,BL_2023_3CR,BL_2023_3CR,1
-4.09748,-0.1316805498256807,CCCCCCC#CCCOC(=O)CCCC1(CCCC(=O)OCCC#CCCCCCC)C=NC(C(=O)OCC)N1CCCn1ccnc1,BL_2023_3CR,BL_2023_3CR,1
-4.064988,-0.0022533906995668,CCCCCCC#CCCOC(=O)CCCC1(CCCC(=O)OCCC#CCCCCCC)C=NC(C(=O)OC(C)(C)C)N1CCCn1ccnc1,BL_2023_3CR,BL_2023_3CR,1
-2.9127586,-0.1316805498256807,CCCCCCC#CCCOC(=O)CCCC(C=NC(C)(C)C)(CCCC(=O)OCCC#CCCCCCC)NCCCn1ccnc1,BL_2023_3CR,BL_2023_3CR,1
-3.136526,-0.1316805498256807,CCCCCCC#CCCOC(=O)CCCC(C=NCCCC)(CCCC(=O)OCCC#CCCCCCC)NCCCn1ccnc1,BL_2023_3CR,BL_2023_3CR,1
-3.9413056,-0.1316805498256807,CCCCCCC#CCCOC(=O)CCCC(C=NC1CCCCC1)(CCCC(=O)OCCC#CCCCCCC)NCCCn1ccnc1,BL_2023_3CR,BL_2023_3CR,1
-3.0524774,-0.4578109423564123,CCCCCCCC/C=C\CCCCCCCCOC(=O)CCCC1(CCCC(=O)OC(CCCCCCCC)CCCCCCCC)C=NC(C(=O)OC)N1CCCn1ccnc1,BL_2023_3CR,BL_2023_3CR,0
-2.45206,-0.1316805498256807,CCCCCCCC/C=C\CCCCCCCCOC(=O)CCCC1(CCCC(=O)OC(CCCCCCCC)CCCCCCCC)C=NC(C(=O)OCC)N1CCCn1ccnc1,BL_2023_3CR,BL_2023_3CR,1
-3.3326008,-0.1316805498256807,CCCCCCCC/C=C\CCCCCCCCOC(=O)CCCC1(CCCC(=O)OC(CCCCCCCC)CCCCCCCC)C=NC(C(=O)OC(C)(C)C)N1CCCn1ccnc1,BL_2023_3CR,BL_2023_3CR,1
-3.2324939,-0.2810932383302653,CCCCCCCC/C=C\CCCCCCCCOC(=O)CCCC(C=NC(C)(C)C)(CCCC(=O)OC(CCCCCCCC)CCCCCCCC)NCCCn1ccnc1,BL_2023_3CR,BL_2023_3CR,0
-3.174935,-0.1316805498256807,CCCCCCCC/C=C\CCCCCCCCOC(=O)CCCC(C=NCCCC)(CCCC(=O)OC(CCCCCCCC)CCCCCCCC)NCCCn1ccnc1,BL_2023_3CR,BL_2023_3CR,1
-3.605079,-0.674095932295874,CCCCCCCC/C=C\CCCCCCCCOC(=O)CCCC(C=NC1CCCCC1)(CCCC(=O)OC(CCCCCCCC)CCCCCCCC)NCCCn1ccnc1,BL_2023_3CR,BL_2023_3CR,0
-3.101241,0.72835041143869,CCCCCCC#CCCOC(=O)CCCC1(CCCC(=O)OCCCCCCCC/C=C\CCCCCCCC)C=NC(C(=O)OC)N1CCCn1ccnc1,BL_2023_3CR,BL_2023_3CR,1
-2.398728,0.8361574035969089,CCCCCCC#CCCOC(=O)CCCC1(CCCC(=O)OCCCCCCCC/C=C\CCCCCCCC)C=NC(C(=O)OCC)N1CCCn1ccnc1,BL_2023_3CR,BL_2023_3CR,1
-2.8941605,-0.1316805498256807,CCCCCCC#CCCOC(=O)CCCC1(CCCC(=O)OCCCCCCCC/C=C\CCCCCCCC)C=NC(C(=O)OC(C)(C)C)N1CCCn1ccnc1,BL_2023_3CR,BL_2023_3CR,1
-2.332957,-0.1316805498256807,CCCCCCC#CCCOC(=O)CCCC(C=NC(C)(C)C)(CCCC(=O)OCCCCCCCC/C=C\CCCCCCCC)NCCCn1ccnc1,BL_2023_3CR,BL_2023_3CR,1
-3.1349804,-0.1316805498256807,CCCCCCC#CCCOC(=O)CCCC(C=NCCCC)(CCCC(=O)OCCCCCCCC/C=C\CCCCCCCC)NCCCn1ccnc1,BL_2023_3CR,BL_2023_3CR,1
-2.9173336,0.2140315992398948,CCCCCCC#CCCOC(=O)CCCC(C=NC1CCCCC1)(CCCC(=O)OCCCCCCCC/C=C\CCCCCCCC)NCCCn1ccnc1,BL_2023_3CR,BL_2023_3CR,1
-3.5597656,0.3907493032660417,CCCCCCCCCCCCOC(=O)CCCC1(CCCC(=O)OCCCCCCCCCCCC)C=NC(C(=O)OC)N1CCCn1ccnc1,BL_2023_3CR,BL_2023_3CR,1
-4.0732427,-0.1316805498256807,CCCCCCCCCCCCOC(=O)CCCC1(CCCC(=O)OCCCCCCCCCCCC)C=NC(C(=O)OCC)N1CCCn1ccnc1,BL_2023_3CR,BL_2023_3CR,1
-3.0994163,-0.1316805498256807,CCCCCCCCCCCCOC(=O)CCCC1(CCCC(=O)OCCCCCCCCCCCC)C=NC(C(=O)OC(C)(C)C)N1CCCn1ccnc1,BL_2023_3CR,BL_2023_3CR,1
-3.398336,-0.1316805498256807,CCCCCCCCCCCCOC(=O)CCCC(C=NC(C)(C)C)(CCCC(=O)OCCCCCCCCCCCC)NCCCn1ccnc1,BL_2023_3CR,BL_2023_3CR,1
-2.2092233,-0.1316805498256807,CCCCCCCCCCCCOC(=O)CCCC(C=NCCCC)(CCCC(=O)OCCCCCCCCCCCC)NCCCn1ccnc1,BL_2023_3CR,BL_2023_3CR,1
-3.3033056,-0.1316805498256807,CCCCCCCCCCCCOC(=O)CCCC(C=NC1CCCCC1)(CCCC(=O)OCCCCCCCCCCCC)NCCCn1ccnc1,BL_2023_3CR,BL_2023_3CR,1
-3.0496986,-0.9529357821583856,CCCCCCCCC(CCCCCCCC)OC(=O)CCCC1(CCCC(=O)OC(CCCCCCCC)CCCCCCCC)C=NC(C(=O)OC)N1CCCn1ccnc1,BL_2023_3CR,BL_2023_3CR,0
-3.152219,-0.1316805498256807,CCCCCCCCC(CCCCCCCC)OC(=O)CCCC1(CCCC(=O)OC(CCCCCCCC)CCCCCCCC)C=NC(C(=O)OCC)N1CCCn1ccnc1,BL_2023_3CR,BL_2023_3CR,1
-3.3272548,-1.345938476123994,CCCCCCCCC(CCCCCCCC)OC(=O)CCCC1(CCCC(=O)OC(CCCCCCCC)CCCCCCCC)C=NC(C(=O)OC(C)(C)C)N1CCCn1ccnc1,BL_2023_3CR,BL_2023_3CR,0
-4.0255637,-0.1316805498256807,CCCCCCCCC(CCCCCCCC)OC(=O)CCCC(C=NC(C)(C)C)(CCCC(=O)OC(CCCCCCCC)CCCCCCCC)NCCCn1ccnc1,BL_2023_3CR,BL_2023_3CR,1
-3.3494601,-0.2810932383302653,CCCCCCCCC(CCCCCCCC)OC(=O)CCCC(C=NCCCC)(CCCC(=O)OC(CCCCCCCC)CCCCCCCC)NCCCn1ccnc1,BL_2023_3CR,BL_2023_3CR,0
-3.3246868,-0.1316805498256807,CCCCCCCCC(CCCCCCCC)OC(=O)CCCC(C=NC1CCCCC1)(CCCC(=O)OC(CCCCCCCC)CCCCCCCC)NCCCn1ccnc1,BL_2023_3CR,BL_2023_3CR,1
-2.799159,-0.1316805498256807,CCCCCCCC/C=C\CCCCCCCC1(CCCCCCC/C=C\CCCCCCCC)C=NC(C(=O)OC)N1CCCn1ccnc1,BL_2023_3CR,BL_2023_3CR,1
-1.7056407,-0.1316805498256807,CCCCCCCC/C=C\CCCCCCCC1(CCCCCCC/C=C\CCCCCCCC)C=NC(C(=O)OCC)N1CCCn1ccnc1,BL_2023_3CR,BL_2023_3CR,1
-1.9914992,0.2140315992398948,CCCCCCCC/C=C\CCCCCCCC1(CCCCCCC/C=C\CCCCCCCC)C=NC(C(=O)OC(C)(C)C)N1CCCn1ccnc1,BL_2023_3CR,BL_2023_3CR,1
-3.536235,-0.1316805498256807,CCCCCCCC/C=C\CCCCCCCC(C=NC(C)(C)C)(CCCCCCC/C=C\CCCCCCCC)NCCCn1ccnc1,BL_2023_3CR,BL_2023_3CR,1
-2.3700528,-0.1316805498256807,CCCCCCCC/C=C\CCCCCCCC(C=NCCCC)(CCCCCCC/C=C\CCCCCCCC)NCCCn1ccnc1,BL_2023_3CR,BL_2023_3CR,1
-3.2624102,-0.1316805498256807,CCCCCCCC/C=C\CCCCCCCC(C=NC1CCCCC1)(CCCCCCC/C=C\CCCCCCCC)NCCCn1ccnc1,BL_2023_3CR,BL_2023_3CR,1
-3.0237615,-0.1316805498256807,CCCCC/C=C\C/C=C\CCCCCCCCOC(=O)CCCC1(CCCC(=O)OCCCCCCCC/C=C\C/C=C\CCCCC)C=NC(C(=O)OC)N1Cc1cccnc1,BL_2023_3CR,BL_2023_3CR,1
-2.1947474,-0.4578109423564123,CCCCC/C=C\C/C=C\CCCCCCCCOC(=O)CCCC1(CCCC(=O)OCCCCCCCC/C=C\C/C=C\CCCCC)C=NC(C(=O)OCC)N1Cc1cccnc1,BL_2023_3CR,BL_2023_3CR,0
-2.2129464,-0.9529357821583856,CCCCC/C=C\C/C=C\CCCCCCCCOC(=O)CCCC1(CCCC(=O)OCCCCCCCC/C=C\C/C=C\CCCCC)C=NC(C(=O)OC(C)(C)C)N1Cc1cccnc1,BL_2023_3CR,BL_2023_3CR,0
-3.4658556,-0.1316805498256807,CCCCC/C=C\C/C=C\CCCCCCCCOC(=O)CCCC(C=NC(C)(C)C)(CCCC(=O)OCCCCCCCC/C=C\C/C=C\CCCCC)NCc1cccnc1,BL_2023_3CR,BL_2023_3CR,1
-4.137569,-0.1316805498256807,CCCCC/C=C\C/C=C\CCCCCCCCOC(=O)CCCC(C=NCCCC)(CCCC(=O)OCCCCCCCC/C=C\C/C=C\CCCCC)NCc1cccnc1,BL_2023_3CR,BL_2023_3CR,1
-3.9964244,-0.1316805498256807,CCCCC/C=C\C/C=C\CCCCCCCCOC(=O)CCCC(C=NC1CCCCC1)(CCCC(=O)OCCCCCCCC/C=C\C/C=C\CCCCC)NCc1cccnc1,BL_2023_3CR,BL_2023_3CR,1
-2.7172854,-0.1316805498256807,CCCCCCCC/C=C\CCCCCCCCOC(=O)CCCC1(CCCC(=O)OCCCCCCCC/C=C\CCCCCCCC)C=NC(C(=O)OC)N1Cc1cccnc1,BL_2023_3CR,BL_2023_3CR,1
-2.3160245,-0.0022533906995668,CCCCCCCC/C=C\CCCCCCCCOC(=O)CCCC1(CCCC(=O)OCCCCCCCC/C=C\CCCCCCCC)C=NC(C(=O)OCC)N1Cc1cccnc1,BL_2023_3CR,BL_2023_3CR,1
-2.3129172,-0.1316805498256807,CCCCCCCC/C=C\CCCCCCCCOC(=O)CCCC1(CCCC(=O)OCCCCCCCC/C=C\CCCCCCCC)C=NC(C(=O)OC(C)(C)C)N1Cc1cccnc1,BL_2023_3CR,BL_2023_3CR,1
-3.9997652,-0.1316805498256807,CCCCCCCC/C=C\CCCCCCCCOC(=O)CCCC(C=NC(C)(C)C)(CCCC(=O)OCCCCCCCC/C=C\CCCCCCCC)NCc1cccnc1,BL_2023_3CR,BL_2023_3CR,1
-4.113979,-0.1316805498256807,CCCCCCCC/C=C\CCCCCCCCOC(=O)CCCC(C=NCCCC)(CCCC(=O)OCCCCCCCC/C=C\CCCCCCCC)NCc1cccnc1,BL_2023_3CR,BL_2023_3CR,1
-3.460039,-0.1316805498256807,CCCCCCCC/C=C\CCCCCCCCOC(=O)CCCC(C=NC1CCCCC1)(CCCC(=O)OCCCCCCCC/C=C\CCCCCCCC)NCc1cccnc1,BL_2023_3CR,BL_2023_3CR,1
-3.6007125,-0.1316805498256807,CCCCCCC#CCCOC(=O)CCCC1(CCCC(=O)OCCC#CCCCCCC)C=NC(C(=O)OC)N1Cc1cccnc1,BL_2023_3CR,BL_2023_3CR,1
-2.992256,-0.1316805498256807,CCCCCCC#CCCOC(=O)CCCC1(CCCC(=O)OCCC#CCCCCCC)C=NC(C(=O)OCC)N1Cc1cccnc1,BL_2023_3CR,BL_2023_3CR,1
-2.6647518,-0.1316805498256807,CCCCCCC#CCCOC(=O)CCCC1(CCCC(=O)OCCC#CCCCCCC)C=NC(C(=O)OC(C)(C)C)N1Cc1cccnc1,BL_2023_3CR,BL_2023_3CR,1
-3.8372343,-0.4578109423564123,CCCCCCC#CCCOC(=O)CCCC(C=NC(C)(C)C)(CCCC(=O)OCCC#CCCCCCC)NCc1cccnc1,BL_2023_3CR,BL_2023_3CR,0
-3.4011216,-0.1316805498256807,CCCCCCC#CCCOC(=O)CCCC(C=NCCCC)(CCCC(=O)OCCC#CCCCCCC)NCc1cccnc1,BL_2023_3CR,BL_2023_3CR,1
-3.7942796,-0.1316805498256807,CCCCCCC#CCCOC(=O)CCCC(C=NC1CCCCC1)(CCCC(=O)OCCC#CCCCCCC)NCc1cccnc1,BL_2023_3CR,BL_2023_3CR,1
-2.8921878,-0.674095932295874,CCCCCCCC/C=C\CCCCCCCCOC(=O)CCCC1(CCCC(=O)OC(CCCCCCCC)CCCCCCCC)C=NC(C(=O)OC)N1Cc1cccnc1,BL_2023_3CR,BL_2023_3CR,0
-2.3659596,-0.2810932383302653,CCCCCCCC/C=C\CCCCCCCCOC(=O)CCCC1(CCCC(=O)OC(CCCCCCCC)CCCCCCCC)C=NC(C(=O)OCC)N1Cc1cccnc1,BL_2023_3CR,BL_2023_3CR,0
-2.3859918,-0.1316805498256807,CCCCCCCC/C=C\CCCCCCCCOC(=O)CCCC1(CCCC(=O)OC(CCCCCCCC)CCCCCCCC)C=NC(C(=O)OC(C)(C)C)N1Cc1cccnc1,BL_2023_3CR,BL_2023_3CR,1
-3.745177,-0.1316805498256807,CCCCCCCC/C=C\CCCCCCCCOC(=O)CCCC(C=NC(C)(C)C)(CCCC(=O)OC(CCCCCCCC)CCCCCCCC)NCc1cccnc1,BL_2023_3CR,BL_2023_3CR,1
-3.0047855,-0.1316805498256807,CCCCCCCC/C=C\CCCCCCCCOC(=O)CCCC(C=NCCCC)(CCCC(=O)OC(CCCCCCCC)CCCCCCCC)NCc1cccnc1,BL_2023_3CR,BL_2023_3CR,1
-3.2333493,-0.1316805498256807,CCCCCCCC/C=C\CCCCCCCCOC(=O)CCCC(C=NC1CCCCC1)(CCCC(=O)OC(CCCCCCCC)CCCCCCCC)NCc1cccnc1,BL_2023_3CR,BL_2023_3CR,1
-2.6825626,-0.1316805498256807,CCCCCCC#CCCOC(=O)CCCC1(CCCC(=O)OCCCCCCCC/C=C\CCCCCCCC)C=NC(C(=O)OC)N1Cc1cccnc1,BL_2023_3CR,BL_2023_3CR,1
-2.8389537,-0.1316805498256807,CCCCCCC#CCCOC(=O)CCCC1(CCCC(=O)OCCCCCCCC/C=C\CCCCCCCC)C=NC(C(=O)OCC)N1Cc1cccnc1,BL_2023_3CR,BL_2023_3CR,1
-2.1438062,-0.4578109423564123,CCCCCCC#CCCOC(=O)CCCC1(CCCC(=O)OCCCCCCCC/C=C\CCCCCCCC)C=NC(C(=O)OC(C)(C)C)N1Cc1cccnc1,BL_2023_3CR,BL_2023_3CR,0
-3.8090062,-0.1316805498256807,CCCCCCC#CCCOC(=O)CCCC(C=NC(C)(C)C)(CCCC(=O)OCCCCCCCC/C=C\CCCCCCCC)NCc1cccnc1,BL_2023_3CR,BL_2023_3CR,1
-3.6235824,-0.2810932383302653,CCCCCCC#CCCOC(=O)CCCC(C=NCCCC)(CCCC(=O)OCCCCCCCC/C=C\CCCCCCCC)NCc1cccnc1,BL_2023_3CR,BL_2023_3CR,0
-3.240979,-0.1316805498256807,CCCCCCC#CCCOC(=O)CCCC(C=NC1CCCCC1)(CCCC(=O)OCCCCCCCC/C=C\CCCCCCCC)NCc1cccnc1,BL_2023_3CR,BL_2023_3CR,1
-3.7522757,-0.1316805498256807,CCCCCCCCCCCCOC(=O)CCCC1(CCCC(=O)OCCCCCCCCCCCC)C=NC(C(=O)OC)N1Cc1cccnc1,BL_2023_3CR,BL_2023_3CR,1
-3.450725,-0.0022533906995668,CCCCCCCCCCCCOC(=O)CCCC1(CCCC(=O)OCCCCCCCCCCCC)C=NC(C(=O)OCC)N1Cc1cccnc1,BL_2023_3CR,BL_2023_3CR,1
-2.4996302,-0.1316805498256807,CCCCCCCCCCCCOC(=O)CCCC1(CCCC(=O)OCCCCCCCCCCCC)C=NC(C(=O)OC(C)(C)C)N1Cc1cccnc1,BL_2023_3CR,BL_2023_3CR,1
-3.0544999,-0.1316805498256807,CCCCCCCCCCCCOC(=O)CCCC(C=NC(C)(C)C)(CCCC(=O)OCCCCCCCCCCCC)NCc1cccnc1,BL_2023_3CR,BL_2023_3CR,1
-3.8751848,-0.1316805498256807,CCCCCCCCCCCCOC(=O)CCCC(C=NCCCC)(CCCC(=O)OCCCCCCCCCCCC)NCc1cccnc1,BL_2023_3CR,BL_2023_3CR,1
-3.7170622,-0.1316805498256807,CCCCCCCCCCCCOC(=O)CCCC(C=NC1CCCCC1)(CCCC(=O)OCCCCCCCCCCCC)NCc1cccnc1,BL_2023_3CR,BL_2023_3CR,1
-2.5162306,-0.1316805498256807,CCCCCCCCC(CCCCCCCC)OC(=O)CCCC1(CCCC(=O)OC(CCCCCCCC)CCCCCCCC)C=NC(C(=O)OC)N1Cc1cccnc1,BL_2023_3CR,BL_2023_3CR,1
-2.2636936,-0.9529357821583856,CCCCCCCCC(CCCCCCCC)OC(=O)CCCC1(CCCC(=O)OC(CCCCCCCC)CCCCCCCC)C=NC(C(=O)OCC)N1Cc1cccnc1,BL_2023_3CR,BL_2023_3CR,0
-1.2898637,-0.1316805498256807,CCCCCCCCC(CCCCCCCC)OC(=O)CCCC1(CCCC(=O)OC(CCCCCCCC)CCCCCCCC)C=NC(C(=O)OC(C)(C)C)N1Cc1cccnc1,BL_2023_3CR,BL_2023_3CR,1
-3.3860853,-0.1316805498256807,CCCCCCCCC(CCCCCCCC)OC(=O)CCCC(C=NC(C)(C)C)(CCCC(=O)OC(CCCCCCCC)CCCCCCCC)NCc1cccnc1,BL_2023_3CR,BL_2023_3CR,1
-3.1459727,-0.1316805498256807,CCCCCCCCC(CCCCCCCC)OC(=O)CCCC(C=NCCCC)(CCCC(=O)OC(CCCCCCCC)CCCCCCCC)NCc1cccnc1,BL_2023_3CR,BL_2023_3CR,1
-3.6756415,-0.1316805498256807,CCCCCCCCC(CCCCCCCC)OC(=O)CCCC(C=NC1CCCCC1)(CCCC(=O)OC(CCCCCCCC)CCCCCCCC)NCc1cccnc1,BL_2023_3CR,BL_2023_3CR,1
-1.5195208,-0.1316805498256807,CCCCCCCC/C=C\CCCCCCCC1(CCCCCCC/C=C\CCCCCCCC)C=NC(C(=O)OC)N1Cc1cccnc1,BL_2023_3CR,BL_2023_3CR,1
-1.9109182,-0.1316805498256807,CCCCCCCC/C=C\CCCCCCCC1(CCCCCCC/C=C\CCCCCCCC)C=NC(C(=O)OCC)N1Cc1cccnc1,BL_2023_3CR,BL_2023_3CR,1
-2.0025642,-0.1316805498256807,CCCCCCCC/C=C\CCCCCCCC1(CCCCCCC/C=C\CCCCCCCC)C=NC(C(=O)OC(C)(C)C)N1Cc1cccnc1,BL_2023_3CR,BL_2023_3CR,1
-3.66676,-0.1316805498256807,CCCCCCCC/C=C\CCCCCCCC(C=NC(C)(C)C)(CCCCCCC/C=C\CCCCCCCC)NCc1cccnc1,BL_2023_3CR,BL_2023_3CR,1
-2.8700576,-0.1316805498256807,CCCCCCCC/C=C\CCCCCCCC(C=NCCCC)(CCCCCCC/C=C\CCCCCCCC)NCc1cccnc1,BL_2023_3CR,BL_2023_3CR,1
-3.091658,-0.1316805498256807,CCCCCCCC/C=C\CCCCCCCC(C=NC1CCCCC1)(CCCCCCC/C=C\CCCCCCCC)NCc1cccnc1,BL_2023_3CR,BL_2023_3CR,1
-1.7888969,-0.1316805498256807,CCCCC/C=C\C/C=C\CCCCCCCCOC(=O)CCCC1(CCCC(=O)OCCCCCCCC/C=C\C/C=C\CCCCC)C=NC(C(=O)OC)N1CCN1CCOCC1,BL_2023_3CR,BL_2023_3CR,1
-1.6695747,0.3907493032660417,CCCCC/C=C\C/C=C\CCCCCCCCOC(=O)CCCC1(CCCC(=O)OCCCCCCCC/C=C\C/C=C\CCCCC)C=NC(C(=O)OCC)N1CCN1CCOCC1,BL_2023_3CR,BL_2023_3CR,1
-2.1051345,-0.0022533906995668,CCCCC/C=C\C/C=C\CCCCCCCCOC(=O)CCCC1(CCCC(=O)OCCCCCCCC/C=C\C/C=C\CCCCC)C=NC(C(=O)OC(C)(C)C)N1CCN1CCOCC1,BL_2023_3CR,BL_2023_3CR,1
-2.4978597,0.2140315992398948,CCCCC/C=C\C/C=C\CCCCCCCCOC(=O)CCCC(C=NC(C)(C)C)(CCCC(=O)OCCCCCCCC/C=C\C/C=C\CCCCC)NCCN1CCOCC1,BL_2023_3CR,BL_2023_3CR,1
-3.5933075,-0.1316805498256807,CCCCC/C=C\C/C=C\CCCCCCCCOC(=O)CCCC(C=NCCCC)(CCCC(=O)OCCCCCCCC/C=C\C/C=C\CCCCC)NCCN1CCOCC1,BL_2023_3CR,BL_2023_3CR,1
-2.8121443,-0.2810932383302653,CCCCC/C=C\C/C=C\CCCCCCCCOC(=O)CCCC(C=NC1CCCCC1)(CCCC(=O)OCCCCCCCC/C=C\C/C=C\CCCCC)NCCN1CCOCC1,BL_2023_3CR,BL_2023_3CR,0
-1.5209974,1.9010026413906371,CCCCCCCC/C=C\CCCCCCCCOC(=O)CCCC1(CCCC(=O)OCCCCCCCC/C=C\CCCCCCCC)C=NC(C(=O)OC)N1CCN1CCOCC1,BL_2023_3CR,BL_2023_3CR,2
-1.1522483,2.5643053595581797,CCCCCCCC/C=C\CCCCCCCCOC(=O)CCCC1(CCCC(=O)OCCCCCCCC/C=C\CCCCCCCC)C=NC(C(=O)OCC)N1CCN1CCOCC1,BL_2023_3CR,BL_2023_3CR,2
-1.1350573,-0.674095932295874,CCCCCCCC/C=C\CCCCCCCCOC(=O)CCCC1(CCCC(=O)OCCCCCCCC/C=C\CCCCCCCC)C=NC(C(=O)OC(C)(C)C)N1CCN1CCOCC1,BL_2023_3CR,BL_2023_3CR,0
-2.818665,-0.1316805498256807,CCCCCCCC/C=C\CCCCCCCCOC(=O)CCCC(C=NC(C)(C)C)(CCCC(=O)OCCCCCCCC/C=C\CCCCCCCC)NCCN1CCOCC1,BL_2023_3CR,BL_2023_3CR,1
-3.3139048,-0.1316805498256807,CCCCCCCC/C=C\CCCCCCCCOC(=O)CCCC(C=NCCCC)(CCCC(=O)OCCCCCCCC/C=C\CCCCCCCC)NCCN1CCOCC1,BL_2023_3CR,BL_2023_3CR,1
-2.156516,-0.1316805498256807,CCCCCCCC/C=C\CCCCCCCCOC(=O)CCCC(C=NC1CCCCC1)(CCCC(=O)OCCCCCCCC/C=C\CCCCCCCC)NCCN1CCOCC1,BL_2023_3CR,BL_2023_3CR,1
-2.9311132,-0.1316805498256807,CCCCCCC#CCCOC(=O)CCCC1(CCCC(=O)OCCC#CCCCCCC)C=NC(C(=O)OC)N1CCN1CCOCC1,BL_2023_3CR,BL_2023_3CR,1
-3.6098893,-0.1316805498256807,CCCCCCC#CCCOC(=O)CCCC1(CCCC(=O)OCCC#CCCCCCC)C=NC(C(=O)OCC)N1CCN1CCOCC1,BL_2023_3CR,BL_2023_3CR,1
-3.2365282,-0.9529357821583856,CCCCCCC#CCCOC(=O)CCCC1(CCCC(=O)OCCC#CCCCCCC)C=NC(C(=O)OC(C)(C)C)N1CCN1CCOCC1,BL_2023_3CR,BL_2023_3CR,0
-3.2014413,-0.1316805498256807,CCCCCCC#CCCOC(=O)CCCC(C=NC(C)(C)C)(CCCC(=O)OCCC#CCCCCCC)NCCN1CCOCC1,BL_2023_3CR,BL_2023_3CR,1
-3.3809848,-0.1316805498256807,CCCCCCC#CCCOC(=O)CCCC(C=NCCCC)(CCCC(=O)OCCC#CCCCCCC)NCCN1CCOCC1,BL_2023_3CR,BL_2023_3CR,1
-3.246144,-1.345938476123994,CCCCCCC#CCCOC(=O)CCCC(C=NC1CCCCC1)(CCCC(=O)OCCC#CCCCCCC)NCCN1CCOCC1,BL_2023_3CR,BL_2023_3CR,0
-1.187767,-0.0022533906995668,CCCCCCCC/C=C\CCCCCCCCOC(=O)CCCC1(CCCC(=O)OC(CCCCCCCC)CCCCCCCC)C=NC(C(=O)OC)N1CCN1CCOCC1,BL_2023_3CR,BL_2023_3CR,1
-0.86475855,1.1021591330074765,CCCCCCCC/C=C\CCCCCCCCOC(=O)CCCC1(CCCC(=O)OC(CCCCCCCC)CCCCCCCC)C=NC(C(=O)OCC)N1CCN1CCOCC1,BL_2023_3CR,BL_2023_3CR,2
-1.2473907,-0.1316805498256807,CCCCCCCC/C=C\CCCCCCCCOC(=O)CCCC1(CCCC(=O)OC(CCCCCCCC)CCCCCCCC)C=NC(C(=O)OC(C)(C)C)N1CCN1CCOCC1,BL_2023_3CR,BL_2023_3CR,1
-3.4668472,-0.1316805498256807,CCCCCCCC/C=C\CCCCCCCCOC(=O)CCCC(C=NC(C)(C)C)(CCCC(=O)OC(CCCCCCCC)CCCCCCCC)NCCN1CCOCC1,BL_2023_3CR,BL_2023_3CR,1
-3.7962916,-0.1316805498256807,CCCCCCCC/C=C\CCCCCCCCOC(=O)CCCC(C=NCCCC)(CCCC(=O)OC(CCCCCCCC)CCCCCCCC)NCCN1CCOCC1,BL_2023_3CR,BL_2023_3CR,1
-2.2541275,-0.1316805498256807,CCCCCCCC/C=C\CCCCCCCCOC(=O)CCCC(C=NC1CCCCC1)(CCCC(=O)OC(CCCCCCCC)CCCCCCCC)NCCN1CCOCC1,BL_2023_3CR,BL_2023_3CR,1
-2.3578436,-0.1316805498256807,CCCCCCC#CCCOC(=O)CCCC1(CCCC(=O)OCCCCCCCC/C=C\CCCCCCCC)C=NC(C(=O)OC)N1CCN1CCOCC1,BL_2023_3CR,BL_2023_3CR,1
-1.8629336,-0.0022533906995668,CCCCCCC#CCCOC(=O)CCCC1(CCCC(=O)OCCCCCCCC/C=C\CCCCCCCC)C=NC(C(=O)OCC)N1CCN1CCOCC1,BL_2023_3CR,BL_2023_3CR,1
-1.6955485,0.2140315992398948,CCCCCCC#CCCOC(=O)CCCC1(CCCC(=O)OCCCCCCCC/C=C\CCCCCCCC)C=NC(C(=O)OC(C)(C)C)N1CCN1CCOCC1,BL_2023_3CR,BL_2023_3CR,1
-3.1201286,-0.1316805498256807,CCCCCCC#CCCOC(=O)CCCC(C=NC(C)(C)C)(CCCC(=O)OCCCCCCCC/C=C\CCCCCCCC)NCCN1CCOCC1,BL_2023_3CR,BL_2023_3CR,1
-3.6970708,-0.1316805498256807,CCCCCCC#CCCOC(=O)CCCC(C=NCCCC)(CCCC(=O)OCCCCCCCC/C=C\CCCCCCCC)NCCN1CCOCC1,BL_2023_3CR,BL_2023_3CR,1
-2.6411753,-2.0177810199521136,CCCCCCC#CCCOC(=O)CCCC(C=NC1CCCCC1)(CCCC(=O)OCCCCCCCC/C=C\CCCCCCCC)NCCN1CCOCC1,BL_2023_3CR,BL_2023_3CR,0
-3.1735194,0.72835041143869,CCCCCCCCCCCCOC(=O)CCCC1(CCCC(=O)OCCCCCCCCCCCC)C=NC(C(=O)OC)N1CCN1CCOCC1,BL_2023_3CR,BL_2023_3CR,1
-3.1186109,0.9331646879680472,CCCCCCCCCCCCOC(=O)CCCC1(CCCC(=O)OCCCCCCCCCCCC)C=NC(C(=O)OCC)N1CCN1CCOCC1,BL_2023_3CR,BL_2023_3CR,1
-2.439446,-0.1316805498256807,CCCCCCCCCCCCOC(=O)CCCC1(CCCC(=O)OCCCCCCCCCCCC)C=NC(C(=O)OC(C)(C)C)N1CCN1CCOCC1,BL_2023_3CR,BL_2023_3CR,1
-3.8333564,-0.1316805498256807,CCCCCCCCCCCCOC(=O)CCCC(C=NC(C)(C)C)(CCCC(=O)OCCCCCCCCCCCC)NCCN1CCOCC1,BL_2023_3CR,BL_2023_3CR,1
-3.3751073,-0.1316805498256807,CCCCCCCCCCCCOC(=O)CCCC(C=NCCCC)(CCCC(=O)OCCCCCCCCCCCC)NCCN1CCOCC1,BL_2023_3CR,BL_2023_3CR,1
-3.2337327,-0.1316805498256807,CCCCCCCCCCCCOC(=O)CCCC(C=NC1CCCCC1)(CCCC(=O)OCCCCCCCCCCCC)NCCN1CCOCC1,BL_2023_3CR,BL_2023_3CR,1
-1.9657686,-0.674095932295874,CCCCCCCCC(CCCCCCCC)OC(=O)CCCC1(CCCC(=O)OC(CCCCCCCC)CCCCCCCC)C=NC(C(=O)OC)N1CCN1CCOCC1,BL_2023_3CR,BL_2023_3CR,0
-1.7554871,-0.1316805498256807,CCCCCCCCC(CCCCCCCC)OC(=O)CCCC1(CCCC(=O)OC(CCCCCCCC)CCCCCCCC)C=NC(C(=O)OCC)N1CCN1CCOCC1,BL_2023_3CR,BL_2023_3CR,1
-2.311302,-0.1316805498256807,CCCCCCCCC(CCCCCCCC)OC(=O)CCCC1(CCCC(=O)OC(CCCCCCCC)CCCCCCCC)C=NC(C(=O)OC(C)(C)C)N1CCN1CCOCC1,BL_2023_3CR,BL_2023_3CR,1
-3.7535355,-0.1316805498256807,CCCCCCCCC(CCCCCCCC)OC(=O)CCCC(C=NC(C)(C)C)(CCCC(=O)OC(CCCCCCCC)CCCCCCCC)NCCN1CCOCC1,BL_2023_3CR,BL_2023_3CR,1
-3.753207,-0.1316805498256807,CCCCCCCCC(CCCCCCCC)OC(=O)CCCC(C=NCCCC)(CCCC(=O)OC(CCCCCCCC)CCCCCCCC)NCCN1CCOCC1,BL_2023_3CR,BL_2023_3CR,1
-3.1733148,-0.1316805498256807,CCCCCCCCC(CCCCCCCC)OC(=O)CCCC(C=NC1CCCCC1)(CCCC(=O)OC(CCCCCCCC)CCCCCCCC)NCCN1CCOCC1,BL_2023_3CR,BL_2023_3CR,1
-1.1750591,-0.674095932295874,CCCCCCCC/C=C\CCCCCCCC1(CCCCCCC/C=C\CCCCCCCC)C=NC(C(=O)OC)N1CCN1CCOCC1,BL_2023_3CR,BL_2023_3CR,0
-1.1337181,-0.0022533906995668,CCCCCCCC/C=C\CCCCCCCC1(CCCCCCC/C=C\CCCCCCCC)C=NC(C(=O)OCC)N1CCN1CCOCC1,BL_2023_3CR,BL_2023_3CR,1
-1.6948224,-0.1316805498256807,CCCCCCCC/C=C\CCCCCCCC1(CCCCCCC/C=C\CCCCCCCC)C=NC(C(=O)OC(C)(C)C)N1CCN1CCOCC1,BL_2023_3CR,BL_2023_3CR,1
-3.4120617,-0.1316805498256807,CCCCCCCC/C=C\CCCCCCCC(C=NC(C)(C)C)(CCCCCCC/C=C\CCCCCCCC)NCCN1CCOCC1,BL_2023_3CR,BL_2023_3CR,1
-2.4143302,-0.1316805498256807,CCCCCCCC/C=C\CCCCCCCC(C=NCCCC)(CCCCCCC/C=C\CCCCCCCC)NCCN1CCOCC1,BL_2023_3CR,BL_2023_3CR,1
-3.121901,-0.1316805498256807,CCCCCCCC/C=C\CCCCCCCC(C=NC1CCCCC1)(CCCCCCC/C=C\CCCCCCCC)NCCN1CCOCC1,BL_2023_3CR,BL_2023_3CR,1
-1.4804505,1.0625918470941615,CCCCC/C=C\C/C=C\CCCCCCCCOC(=O)CCCC1(CCCC(=O)OCCCCCCCC/C=C\C/C=C\CCCCC)C=NC(C(=O)OC)N1CCN1CCN(C)CC1,BL_2023_3CR,BL_2023_3CR,2
-1.3306682,0.72835041143869,CCCCC/C=C\C/C=C\CCCCCCCCOC(=O)CCCC1(CCCC(=O)OCCCCCCCC/C=C\C/C=C\CCCCC)C=NC(C(=O)OCC)N1CCN1CCN(C)CC1,BL_2023_3CR,BL_2023_3CR,1
-1.187072,-0.1316805498256807,CCCCC/C=C\C/C=C\CCCCCCCCOC(=O)CCCC1(CCCC(=O)OCCCCCCCC/C=C\C/C=C\CCCCC)C=NC(C(=O)OC(C)(C)C)N1CCN1CCN(C)CC1,BL_2023_3CR,BL_2023_3CR,1
-2.550228,-0.4578109423564123,CCCCC/C=C\C/C=C\CCCCCCCCOC(=O)CCCC(C=NC(C)(C)C)(CCCC(=O)OCCCCCCCC/C=C\C/C=C\CCCCC)NCCN1CCN(C)CC1,BL_2023_3CR,BL_2023_3CR,0
-2.9785047,-0.1316805498256807,CCCCC/C=C\C/C=C\CCCCCCCCOC(=O)CCCC(C=NCCCC)(CCCC(=O)OCCCCCCCC/C=C\C/C=C\CCCCC)NCCN1CCN(C)CC1,BL_2023_3CR,BL_2023_3CR,1
-2.7114568,-0.1316805498256807,CCCCC/C=C\C/C=C\CCCCCCCCOC(=O)CCCC(C=NC1CCCCC1)(CCCC(=O)OCCCCCCCC/C=C\C/C=C\CCCCC)NCCN1CCN(C)CC1,BL_2023_3CR,BL_2023_3CR,1
-1.1202217,3.333971752199485,CCCCCCCC/C=C\CCCCCCCCOC(=O)CCCC1(CCCC(=O)OCCCCCCCC/C=C\CCCCCCCC)C=NC(C(=O)OC)N1CCN1CCN(C)CC1,BL_2023_3CR,BL_2023_3CR,2
-0.80470043,3.368251849467995,CCCCCCCC/C=C\CCCCCCCCOC(=O)CCCC1(CCCC(=O)OCCCCCCCC/C=C\CCCCCCCC)C=NC(C(=O)OCC)N1CCN1CCN(C)CC1,BL_2023_3CR,BL_2023_3CR,2
-0.43343052,0.5401619940024391,CCCCCCCC/C=C\CCCCCCCCOC(=O)CCCC1(CCCC(=O)OCCCCCCCC/C=C\CCCCCCCC)C=NC(C(=O)OC(C)(C)C)N1CCN1CCN(C)CC1,BL_2023_3CR,BL_2023_3CR,1
-2.2945416,0.7837519994634626,CCCCCCCC/C=C\CCCCCCCCOC(=O)CCCC(C=NC(C)(C)C)(CCCC(=O)OCCCCCCCC/C=C\CCCCCCCC)NCCN1CCN(C)CC1,BL_2023_3CR,BL_2023_3CR,1
-2.4017487,0.72835041143869,CCCCCCCC/C=C\CCCCCCCCOC(=O)CCCC(C=NCCCC)(CCCC(=O)OCCCCCCCC/C=C\CCCCCCCC)NCCN1CCN(C)CC1,BL_2023_3CR,BL_2023_3CR,1
-1.8926098,0.7837519994634626,CCCCCCCC/C=C\CCCCCCCCOC(=O)CCCC(C=NC1CCCCC1)(CCCC(=O)OCCCCCCCC/C=C\CCCCCCCC)NCCN1CCN(C)CC1,BL_2023_3CR,BL_2023_3CR,1
-3.0204186,-2.0177810199521136,CCCCCCC#CCCOC(=O)CCCC1(CCCC(=O)OCCC#CCCCCCC)C=NC(C(=O)OC)N1CCN1CCN(C)CC1,BL_2023_3CR,BL_2023_3CR,0
-2.9759347,-0.4578109423564123,CCCCCCC#CCCOC(=O)CCCC1(CCCC(=O)OCCC#CCCCCCC)C=NC(C(=O)OCC)N1CCN1CCN(C)CC1,BL_2023_3CR,BL_2023_3CR,0
-2.2415898,-0.1316805498256807,CCCCCCC#CCCOC(=O)CCCC1(CCCC(=O)OCCC#CCCCCCC)C=NC(C(=O)OC(C)(C)C)N1CCN1CCN(C)CC1,BL_2023_3CR,BL_2023_3CR,1
-4.555731,-0.1316805498256807,CCCCCCC#CCCOC(=O)CCCC(C=NC(C)(C)C)(CCCC(=O)OCCC#CCCCCCC)NCCN1CCN(C)CC1,BL_2023_3CR,BL_2023_3CR,1
-3.590338,-0.4578109423564123,CCCCCCC#CCCOC(=O)CCCC(C=NCCCC)(CCCC(=O)OCCC#CCCCCCC)NCCN1CCN(C)CC1,BL_2023_3CR,BL_2023_3CR,0
-3.4604588,-1.345938476123994,CCCCCCC#CCCOC(=O)CCCC(C=NC1CCCCC1)(CCCC(=O)OCCC#CCCCCCC)NCCN1CCN(C)CC1,BL_2023_3CR,BL_2023_3CR,0
-1.8311955,3.5139149633272053,CCCCCCCC/C=C\CCCCCCCCOC(=O)CCCC1(CCCC(=O)OC(CCCCCCCC)CCCCCCCC)C=NC(C(=O)OC)N1CCN1CCN(C)CC1,BL_2023_3CR,BL_2023_3CR,3
-1.4046944,1.8304796256821656,CCCCCCCC/C=C\CCCCCCCCOC(=O)CCCC1(CCCC(=O)OC(CCCCCCCC)CCCCCCCC)C=NC(C(=O)OCC)N1CCN1CCN(C)CC1,BL_2023_3CR,BL_2023_3CR,2
-0.5141693,-0.4578109423564123,CCCCCCCC/C=C\CCCCCCCCOC(=O)CCCC1(CCCC(=O)OC(CCCCCCCC)CCCCCCCC)C=NC(C(=O)OC(C)(C)C)N1CCN1CCN(C)CC1,BL_2023_3CR,BL_2023_3CR,0
-3.0550506,-0.1316805498256807,CCCCCCCC/C=C\CCCCCCCCOC(=O)CCCC(C=NC(C)(C)C)(CCCC(=O)OC(CCCCCCCC)CCCCCCCC)NCCN1CCN(C)CC1,BL_2023_3CR,BL_2023_3CR,1
-2.5616667,-2.0177810199521136,CCCCCCCC/C=C\CCCCCCCCOC(=O)CCCC(C=NCCCC)(CCCC(=O)OC(CCCCCCCC)CCCCCCCC)NCCN1CCN(C)CC1,BL_2023_3CR,BL_2023_3CR,0
-2.9057515,-2.0177810199521136,CCCCCCCC/C=C\CCCCCCCCOC(=O)CCCC(C=NC1CCCCC1)(CCCC(=O)OC(CCCCCCCC)CCCCCCCC)NCCN1CCN(C)CC1,BL_2023_3CR,BL_2023_3CR,0
-1.4570975,3.0628551635555032,CCCCCCC#CCCOC(=O)CCCC1(CCCC(=O)OCCCCCCCC/C=C\CCCCCCCC)C=NC(C(=O)OC)N1CCN1CCN(C)CC1,BL_2023_3CR,BL_2023_3CR,2
-1.090549,3.3222702358873675,CCCCCCC#CCCOC(=O)CCCC1(CCCC(=O)OCCCCCCCC/C=C\CCCCCCCC)C=NC(C(=O)OCC)N1CCN1CCN(C)CC1,BL_2023_3CR,BL_2023_3CR,2
-0.7300728,-0.1316805498256807,CCCCCCC#CCCOC(=O)CCCC1(CCCC(=O)OCCCCCCCC/C=C\CCCCCCCC)C=NC(C(=O)OC(C)(C)C)N1CCN1CCN(C)CC1,BL_2023_3CR,BL_2023_3CR,1
-2.446227,-0.1316805498256807,CCCCCCC#CCCOC(=O)CCCC(C=NC(C)(C)C)(CCCC(=O)OCCCCCCCC/C=C\CCCCCCCC)NCCN1CCN(C)CC1,BL_2023_3CR,BL_2023_3CR,1
-2.652474,-0.1316805498256807,CCCCCCC#CCCOC(=O)CCCC(C=NCCCC)(CCCC(=O)OCCCCCCCC/C=C\CCCCCCCC)NCCN1CCN(C)CC1,BL_2023_3CR,BL_2023_3CR,1
-2.4004536,-0.1316805498256807,CCCCCCC#CCCOC(=O)CCCC(C=NC1CCCCC1)(CCCC(=O)OCCCCCCCC/C=C\CCCCCCCC)NCCN1CCN(C)CC1,BL_2023_3CR,BL_2023_3CR,1
-2.6816907,-0.1316805498256807,CCCCCCCCCCCCOC(=O)CCCC1(CCCC(=O)OCCCCCCCCCCCC)C=NC(C(=O)OC)N1CCN1CCN(C)CC1,BL_2023_3CR,BL_2023_3CR,1
-1.8878696,-0.1316805498256807,CCCCCCCCCCCCOC(=O)CCCC1(CCCC(=O)OCCCCCCCCCCCC)C=NC(C(=O)OCC)N1CCN1CCN(C)CC1,BL_2023_3CR,BL_2023_3CR,1
-1.4693459,-0.4578109423564123,CCCCCCCCCCCCOC(=O)CCCC1(CCCC(=O)OCCCCCCCCCCCC)C=NC(C(=O)OC(C)(C)C)N1CCN1CCN(C)CC1,BL_2023_3CR,BL_2023_3CR,0
-2.5803647,-1.345938476123994,CCCCCCCCCCCCOC(=O)CCCC(C=NC(C)(C)C)(CCCC(=O)OCCCCCCCCCCCC)NCCN1CCN(C)CC1,BL_2023_3CR,BL_2023_3CR,0
-2.4830105,-0.674095932295874,CCCCCCCCCCCCOC(=O)CCCC(C=NCCCC)(CCCC(=O)OCCCCCCCCCCCC)NCCN1CCN(C)CC1,BL_2023_3CR,BL_2023_3CR,0
-2.7811728,-0.4578109423564123,CCCCCCCCCCCCOC(=O)CCCC(C=NC1CCCCC1)(CCCC(=O)OCCCCCCCCCCCC)NCCN1CCN(C)CC1,BL_2023_3CR,BL_2023_3CR,0
-1.6275872,0.5401619940024391,CCCCCCCCC(CCCCCCCC)OC(=O)CCCC1(CCCC(=O)OC(CCCCCCCC)CCCCCCCC)C=NC(C(=O)OC)N1CCN1CCN(C)CC1,BL_2023_3CR,BL_2023_3CR,1
-1.080539,0.7837519994634626,CCCCCCCCC(CCCCCCCC)OC(=O)CCCC1(CCCC(=O)OC(CCCCCCCC)CCCCCCCC)C=NC(C(=O)OCC)N1CCN1CCN(C)CC1,BL_2023_3CR,BL_2023_3CR,1
-1.2032849,-0.674095932295874,CCCCCCCCC(CCCCCCCC)OC(=O)CCCC1(CCCC(=O)OC(CCCCCCCC)CCCCCCCC)C=NC(C(=O)OC(C)(C)C)N1CCN1CCN(C)CC1,BL_2023_3CR,BL_2023_3CR,0
-3.6489654,-0.4578109423564123,CCCCCCCCC(CCCCCCCC)OC(=O)CCCC(C=NC(C)(C)C)(CCCC(=O)OC(CCCCCCCC)CCCCCCCC)NCCN1CCN(C)CC1,BL_2023_3CR,BL_2023_3CR,0
-2.869464,-0.9529357821583856,CCCCCCCCC(CCCCCCCC)OC(=O)CCCC(C=NCCCC)(CCCC(=O)OC(CCCCCCCC)CCCCCCCC)NCCN1CCN(C)CC1,BL_2023_3CR,BL_2023_3CR,0
-2.7768054,-0.1316805498256807,CCCCCCCCC(CCCCCCCC)OC(=O)CCCC(C=NC1CCCCC1)(CCCC(=O)OC(CCCCCCCC)CCCCCCCC)NCCN1CCN(C)CC1,BL_2023_3CR,BL_2023_3CR,1
-0.82841706,-0.1316805498256807,CCCCCCCC/C=C\CCCCCCCC1(CCCCCCC/C=C\CCCCCCCC)C=NC(C(=O)OC)N1CCN1CCN(C)CC1,BL_2023_3CR,BL_2023_3CR,1
-0.6859931,-1.345938476123994,CCCCCCCC/C=C\CCCCCCCC1(CCCCCCC/C=C\CCCCCCCC)C=NC(C(=O)OCC)N1CCN1CCN(C)CC1,BL_2023_3CR,BL_2023_3CR,0
-0.029737374,-0.1316805498256807,CCCCCCCC/C=C\CCCCCCCC1(CCCCCCC/C=C\CCCCCCCC)C=NC(C(=O)OC(C)(C)C)N1CCN1CCN(C)CC1,BL_2023_3CR,BL_2023_3CR,1
-3.0759041,-0.1316805498256807,CCCCCCCC/C=C\CCCCCCCC(C=NC(C)(C)C)(CCCCCCC/C=C\CCCCCCCC)NCCN1CCN(C)CC1,BL_2023_3CR,BL_2023_3CR,1
-1.9951205,-0.4578109423564123,CCCCCCCC/C=C\CCCCCCCC(C=NCCCC)(CCCCCCC/C=C\CCCCCCCC)NCCN1CCN(C)CC1,BL_2023_3CR,BL_2023_3CR,0
-1.7032462,-0.1316805498256807,CCCCCCCC/C=C\CCCCCCCC(C=NC1CCCCC1)(CCCCCCC/C=C\CCCCCCCC)NCCN1CCN(C)CC1,BL_2023_3CR,BL_2023_3CR,1
-1.6211677,-2.0177810199521136,CCCCC/C=C\C/C=C\CCCCCCCCOC(=O)CCCC1(CCCC(=O)OCCCCCCCC/C=C\C/C=C\CCCCC)C=NC(C(=O)OC)N1CCCN1CCN(CCCN)CC1,BL_2023_3CR,BL_2023_3CR,0
-1.5855154,-0.4578109423564123,CCCCC/C=C\C/C=C\CCCCCCCCOC(=O)CCCC1(CCCC(=O)OCCCCCCCC/C=C\C/C=C\CCCCC)C=NC(C(=O)OCC)N1CCCN1CCN(CCCN)CC1,BL_2023_3CR,BL_2023_3CR,0
-1.2921985,-0.1316805498256807,CCCCC/C=C\C/C=C\CCCCCCCCOC(=O)CCCC1(CCCC(=O)OCCCCCCCC/C=C\C/C=C\CCCCC)C=NC(C(=O)OC(C)(C)C)N1CCCN1CCN(CCCN)CC1,BL_2023_3CR,BL_2023_3CR,1
-3.2082975,-0.9529357821583856,CCCCC/C=C\C/C=C\CCCCCCCCOC(=O)CCCC(C=NC(C)(C)C)(CCCC(=O)OCCCCCCCC/C=C\C/C=C\CCCCC)NCCCN1CCN(CCCN)CC1,BL_2023_3CR,BL_2023_3CR,0
-3.5011418,-0.2810932383302653,CCCCC/C=C\C/C=C\CCCCCCCCOC(=O)CCCC(C=NCCCC)(CCCC(=O)OCCCCCCCC/C=C\C/C=C\CCCCC)NCCCN1CCN(CCCN)CC1,BL_2023_3CR,BL_2023_3CR,0
-3.2462432,-0.1316805498256807,CCCCC/C=C\C/C=C\CCCCCCCCOC(=O)CCCC(C=NC1CCCCC1)(CCCC(=O)OCCCCCCCC/C=C\C/C=C\CCCCC)NCCCN1CCN(CCCN)CC1,BL_2023_3CR,BL_2023_3CR,1
-2.1045954,0.3907493032660417,CCCCCCCC/C=C\CCCCCCCCOC(=O)CCCC1(CCCC(=O)OCCCCCCCC/C=C\CCCCCCCC)C=NC(C(=O)OC)N1CCCN1CCN(CCCN)CC1,BL_2023_3CR,BL_2023_3CR,1
-1.7694058,-0.1316805498256807,CCCCCCCC/C=C\CCCCCCCCOC(=O)CCCC1(CCCC(=O)OCCCCCCCC/C=C\CCCCCCCC)C=NC(C(=O)OCC)N1CCCN1CCN(CCCN)CC1,BL_2023_3CR,BL_2023_3CR,1
-0.7384051,-0.2810932383302653,CCCCCCCC/C=C\CCCCCCCCOC(=O)CCCC1(CCCC(=O)OCCCCCCCC/C=C\CCCCCCCC)C=NC(C(=O)OC(C)(C)C)N1CCCN1CCN(CCCN)CC1,BL_2023_3CR,BL_2023_3CR,0
-2.5015948,-0.1316805498256807,CCCCCCCC/C=C\CCCCCCCCOC(=O)CCCC(C=NC(C)(C)C)(CCCC(=O)OCCCCCCCC/C=C\CCCCCCCC)NCCCN1CCN(CCCN)CC1,BL_2023_3CR,BL_2023_3CR,1
-3.634835,-2.0177810199521136,CCCCCCCC/C=C\CCCCCCCCOC(=O)CCCC(C=NCCCC)(CCCC(=O)OCCCCCCCC/C=C\CCCCCCCC)NCCCN1CCN(CCCN)CC1,BL_2023_3CR,BL_2023_3CR,0
-2.8686,-0.1316805498256807,CCCCCCCC/C=C\CCCCCCCCOC(=O)CCCC(C=NC1CCCCC1)(CCCC(=O)OCCCCCCCC/C=C\CCCCCCCC)NCCCN1CCN(CCCN)CC1,BL_2023_3CR,BL_2023_3CR,1
-3.4378734,-0.2810932383302653,CCCCCCC#CCCOC(=O)CCCC1(CCCC(=O)OCCC#CCCCCCC)C=NC(C(=O)OC)N1CCCN1CCN(CCCN)CC1,BL_2023_3CR,BL_2023_3CR,0
-2.4365916,-0.1316805498256807,CCCCCCC#CCCOC(=O)CCCC1(CCCC(=O)OCCC#CCCCCCC)C=NC(C(=O)OCC)N1CCCN1CCN(CCCN)CC1,BL_2023_3CR,BL_2023_3CR,1
-2.5638084,-0.1316805498256807,CCCCCCC#CCCOC(=O)CCCC1(CCCC(=O)OCCC#CCCCCCC)C=NC(C(=O)OC(C)(C)C)N1CCCN1CCN(CCCN)CC1,BL_2023_3CR,BL_2023_3CR,1
-3.7575068,-0.1316805498256807,CCCCCCC#CCCOC(=O)CCCC(C=NC(C)(C)C)(CCCC(=O)OCCC#CCCCCCC)NCCCN1CCN(CCCN)CC1,BL_2023_3CR,BL_2023_3CR,1
-3.0019536,-0.1316805498256807,CCCCCCC#CCCOC(=O)CCCC(C=NCCCC)(CCCC(=O)OCCC#CCCCCCC)NCCCN1CCN(CCCN)CC1,BL_2023_3CR,BL_2023_3CR,1
-3.255296,-0.1316805498256807,CCCCCCC#CCCOC(=O)CCCC(C=NC1CCCCC1)(CCCC(=O)OCCC#CCCCCCC)NCCCN1CCN(CCCN)CC1,BL_2023_3CR,BL_2023_3CR,1
-1.7443609,1.371257553758863,CCCCCCCC/C=C\CCCCCCCCOC(=O)CCCC1(CCCC(=O)OC(CCCCCCCC)CCCCCCCC)C=NC(C(=O)OC)N1CCCN1CCN(CCCN)CC1,BL_2023_3CR,BL_2023_3CR,2
-1.8991674,0.3064123181969472,CCCCCCCC/C=C\CCCCCCCCOC(=O)CCCC1(CCCC(=O)OC(CCCCCCCC)CCCCCCCC)C=NC(C(=O)OCC)N1CCCN1CCN(CCCN)CC1,BL_2023_3CR,BL_2023_3CR,1
-0.95432454,0.3064123181969472,CCCCCCCC/C=C\CCCCCCCCOC(=O)CCCC1(CCCC(=O)OC(CCCCCCCC)CCCCCCCC)C=NC(C(=O)OC(C)(C)C)N1CCCN1CCN(CCCN)CC1,BL_2023_3CR,BL_2023_3CR,1
-3.5635636,0.3064123181969472,CCCCCCCC/C=C\CCCCCCCCOC(=O)CCCC(C=NC(C)(C)C)(CCCC(=O)OC(CCCCCCCC)CCCCCCCC)NCCCN1CCN(CCCN)CC1,BL_2023_3CR,BL_2023_3CR,1
-4.3709297,-0.1316805498256807,CCCCCCCC/C=C\CCCCCCCCOC(=O)CCCC(C=NCCCC)(CCCC(=O)OC(CCCCCCCC)CCCCCCCC)NCCCN1CCN(CCCN)CC1,BL_2023_3CR,BL_2023_3CR,1
-1.9122456,-0.1316805498256807,CCCCCCCC/C=C\CCCCCCCCOC(=O)CCCC(C=NC1CCCCC1)(CCCC(=O)OC(CCCCCCCC)CCCCCCCC)NCCCN1CCN(CCCN)CC1,BL_2023_3CR,BL_2023_3CR,1
-1.970058,1.4555945410597697,CCCCCCC#CCCOC(=O)CCCC1(CCCC(=O)OCCCCCCCC/C=C\CCCCCCCC)C=NC(C(=O)OC)N1CCCN1CCN(CCCN)CC1,BL_2023_3CR,BL_2023_3CR,2
-1.6664386,1.2788768370336232,CCCCCCC#CCCOC(=O)CCCC1(CCCC(=O)OCCCCCCCC/C=C\CCCCCCCC)C=NC(C(=O)OCC)N1CCCN1CCN(CCCN)CC1,BL_2023_3CR,BL_2023_3CR,2
-1.0554906,-0.0022533906995668,CCCCCCC#CCCOC(=O)CCCC1(CCCC(=O)OCCCCCCCC/C=C\CCCCCCCC)C=NC(C(=O)OC(C)(C)C)N1CCCN1CCN(CCCN)CC1,BL_2023_3CR,BL_2023_3CR,1
-3.1193058,-0.1316805498256807,CCCCCCC#CCCOC(=O)CCCC(C=NC(C)(C)C)(CCCC(=O)OCCCCCCCC/C=C\CCCCCCCC)NCCCN1CCN(CCCN)CC1,BL_2023_3CR,BL_2023_3CR,1
-2.970108,-0.674095932295874,CCCCCCC#CCCOC(=O)CCCC(C=NCCCC)(CCCC(=O)OCCCCCCCC/C=C\CCCCCCCC)NCCCN1CCN(CCCN)CC1,BL_2023_3CR,BL_2023_3CR,0
-3.1398172,-0.9529357821583856,CCCCCCC#CCCOC(=O)CCCC(C=NC1CCCCC1)(CCCC(=O)OCCCCCCCC/C=C\CCCCCCCC)NCCCN1CCN(CCCN)CC1,BL_2023_3CR,BL_2023_3CR,0
-2.7619848,-0.1316805498256807,CCCCCCCCCCCCOC(=O)CCCC1(CCCC(=O)OCCCCCCCCCCCC)C=NC(C(=O)OC)N1CCCN1CCN(CCCN)CC1,BL_2023_3CR,BL_2023_3CR,1
-0.6161709,-2.0177810199521136,CCCCCCCCCCCCOC(=O)CCCC1(CCCC(=O)OCCCCCCCCCCCC)C=NC(C(=O)OCC)N1CCCN1CCN(CCCN)CC1,BL_2023_3CR,BL_2023_3CR,0
-1.6028956,3.801570006586688,CCCCCCCCCCCCOC(=O)CCCC1(CCCC(=O)OCCCCCCCCCCCC)C=NC(C(=O)OC(C)(C)C)N1CCCN1CCN(CCCN)CC1,BL_2023_3CR,BL_2023_3CR,3
-2.6877093,-0.1316805498256807,CCCCCCCCCCCCOC(=O)CCCC(C=NC(C)(C)C)(CCCC(=O)OCCCCCCCCCCCC)NCCCN1CCN(CCCN)CC1,BL_2023_3CR,BL_2023_3CR,1
-3.0086792,-0.2810932383302653,CCCCCCCCCCCCOC(=O)CCCC(C=NCCCC)(CCCC(=O)OCCCCCCCCCCCC)NCCCN1CCN(CCCN)CC1,BL_2023_3CR,BL_2023_3CR,0
-4.1203313,-0.674095932295874,CCCCCCCCCCCCOC(=O)CCCC(C=NC1CCCCC1)(CCCC(=O)OCCCCCCCCCCCC)NCCCN1CCN(CCCN)CC1,BL_2023_3CR,BL_2023_3CR,0
-2.4034638,0.72835041143869,CCCCCCCCC(CCCCCCCC)OC(=O)CCCC1(CCCC(=O)OC(CCCCCCCC)CCCCCCCC)C=NC(C(=O)OC)N1CCCN1CCN(CCCN)CC1,BL_2023_3CR,BL_2023_3CR,1
-1.2944618,0.3064123181969472,CCCCCCCCC(CCCCCCCC)OC(=O)CCCC1(CCCC(=O)OC(CCCCCCCC)CCCCCCCC)C=NC(C(=O)OCC)N1CCCN1CCN(CCCN)CC1,BL_2023_3CR,BL_2023_3CR,1
-1.5615557,0.3064123181969472,CCCCCCCCC(CCCCCCCC)OC(=O)CCCC1(CCCC(=O)OC(CCCCCCCC)CCCCCCCC)C=NC(C(=O)OC(C)(C)C)N1CCCN1CCN(CCCN)CC1,BL_2023_3CR,BL_2023_3CR,1
-3.3771765,-0.1316805498256807,CCCCCCCCC(CCCCCCCC)OC(=O)CCCC(C=NC(C)(C)C)(CCCC(=O)OC(CCCCCCCC)CCCCCCCC)NCCCN1CCN(CCCN)CC1,BL_2023_3CR,BL_2023_3CR,1
-2.5179925,-2.0177810199521136,CCCCCCCCC(CCCCCCCC)OC(=O)CCCC(C=NCCCC)(CCCC(=O)OC(CCCCCCCC)CCCCCCCC)NCCCN1CCN(CCCN)CC1,BL_2023_3CR,BL_2023_3CR,0
-2.3510482,-0.4578109423564123,CCCCCCCCC(CCCCCCCC)OC(=O)CCCC(C=NC1CCCCC1)(CCCC(=O)OC(CCCCCCCC)CCCCCCCC)NCCCN1CCN(CCCN)CC1,BL_2023_3CR,BL_2023_3CR,0
-1.3817911,-0.1316805498256807,CCCCCCCC/C=C\CCCCCCCC1(CCCCCCC/C=C\CCCCCCCC)C=NC(C(=O)OC)N1CCCN1CCN(CCCN)CC1,BL_2023_3CR,BL_2023_3CR,1
-1.0395178,-0.1316805498256807,CCCCCCCC/C=C\CCCCCCCC1(CCCCCCC/C=C\CCCCCCCC)C=NC(C(=O)OCC)N1CCCN1CCN(CCCN)CC1,BL_2023_3CR,BL_2023_3CR,1
-0.75926983,-0.2810932383302653,CCCCCCCC/C=C\CCCCCCCC1(CCCCCCC/C=C\CCCCCCCC)C=NC(C(=O)OC(C)(C)C)N1CCCN1CCN(CCCN)CC1,BL_2023_3CR,BL_2023_3CR,0
-3.2699966,-0.1316805498256807,CCCCCCCC/C=C\CCCCCCCC(C=NC(C)(C)C)(CCCCCCC/C=C\CCCCCCCC)NCCCN1CCN(CCCN)CC1,BL_2023_3CR,BL_2023_3CR,1
-2.4989276,-0.4578109423564123,CCCCCCCC/C=C\CCCCCCCC(C=NCCCC)(CCCCCCC/C=C\CCCCCCCC)NCCCN1CCN(CCCN)CC1,BL_2023_3CR,BL_2023_3CR,0
-2.8774784,0.2140315992398948,CCCCCCCC/C=C\CCCCCCCC(C=NC1CCCCC1)(CCCCCCC/C=C\CCCCCCCC)NCCCN1CCN(CCCN)CC1,BL_2023_3CR,BL_2023_3CR,1
-5.481449,0.591397232,C=CCCN(CCC(=O)OCCCCCCCCCC)CCC(=O)OCCCCCCCCCC,KW_2014,KW_2014,1
-5.2915716,0.446443697,C=CCCN(CCC(=O)OCCCCCCCCCCC)CCC(=O)OCCCCCCCCCCC,KW_2014,KW_2014,1
-4.8202257,0.376102158,C=CCCN(CCC(=O)OCCCCCCCCCCCC)CCC(=O)OCCCCCCCCCCCC,KW_2014,KW_2014,1
-4.137383,0.27087172,C=CCCN(CCC(=O)OCCCCCCCCCCCCC)CCC(=O)OCCCCCCCCCCCCC,KW_2014,KW_2014,1
-3.8548172,0.005130584,C=CCCN(CCC(=O)OCCCCCCCCCCCCCC)CCC(=O)OCCCCCCCCCCCCCC,KW_2014,KW_2014,1
-4.1337776,-0.90163303,CCCCCCCCCCCCCCOC(=O)CCN(C)c1ccc(Cc2ccc(N(CCC(=O)OCCCCCCCCCCCCCC)CCC(=O)OCCCCCCCCCCCCCC)cc2)cc1,KW_2014,KW_2014,0
-4.660931,-0.618139991,CCCCCCCCCCCCCCOC(=O)CCN(C)c1ccccc1N(CCC(=O)OCCCCCCCCCCCCCC)CCC(=O)OCCCCCCCCCCCCCC,KW_2014,KW_2014,0
-2.512984,0.156406218,CCCCCCCCCCCCCCOC(=O)CCN(C)CCCCCCN(C)CCC(=O)OCCCCCCCCCCCCCC,KW_2014,KW_2014,1
-3.488377,1.287129138,CCCCCCCCCCCCCCOC(=O)CCN(C)CCCN(CC)CCCN(C)CCC(=O)OCCCCCCCCCCCCCC,KW_2014,KW_2014,2
-2.9740973,1.188358405,CCCCCCCCCCCCCCOC(=O)CCN(C)CCCN(CCC(=O)OCCCCCCCCCCCCCC)CCC(=O)OCCCCCCCCCCCCCC,KW_2014,KW_2014,2
-4.81365,0.016347511,CCCCCCCCCCCCCCOC(=O)CCN(C)CCN(C)CCC(=O)OCCCCCCCCCCCCCC,KW_2014,KW_2014,1
-3.719223,0.284563878,CCCCCCCCCCCCCCOC(=O)CCN(C)CCN(CCC(=O)OCCCCCCCCCCCCCC)CCC(=O)OCCCCCCCCCCCCCC,KW_2014,KW_2014,1
-4.2331486,1.542183615,CCCCCCCCCCCCCCOC(=O)CCN(C)CCN(CCN(C)CCC(=O)OCCCCCCCCCCCCCC)CCN(C)CCC(=O)OCCCCCCCCCCCCCC,KW_2014,KW_2014,2
-3.5787694,0.369067536,CCCCCCCCCCCCCCOC(=O)CCN(C)CCOCCN(C)CCC(=O)OCCCCCCCCCCCCCC,KW_2014,KW_2014,1
-3.1316488,-0.267808716,CCCCCCCCCCCCCCOC(=O)CCN(C)CCOCCOCCN(C)CCC(=O)OCCCCCCCCCCCCCC,KW_2014,KW_2014,0
-3.1316488,-0.000693688,CCCCCCCCCCCCCCOC(=O)CCN(C)CCOCCOCCN(C)CCC(=O)OCCCCCCCCCCCCCC,KW_2014,KW_2014,1
-3.4216502,-0.018177875,CCCCCCCCCCCCCCOC(=O)CCN(c1ccccc1)c1ccc(-c2ccc(N(CCC(=O)OCCCCCCCCCCCCCC)c3ccccc3)cc2)cc1,KW_2014,KW_2014,1
-3.8265252,1.006942447,CCCCCCCCCCCCCCOC(=O)CCN(CC)CCCN(CC)CCC(=O)OCCCCCCCCCCCCCC,KW_2014,KW_2014,2
-5.0070252,0.126303201,CCCCCCCCCCCCCCOC(=O)CCN(CC)CCN(CC)CCC(=O)OCCCCCCCCCCCCCC,KW_2014,KW_2014,1
-3.8570673,0.558413746,CCCCCCCCCCCCCCOC(=O)CCN(CC)CCN(CCC(=O)OCCCCCCCCCCCCCC)CCC(=O)OCCCCCCCCCCCCCC,KW_2014,KW_2014,1
-4.635922,0.090284279,CCCCCCCCCCCCCCOC(=O)CCN(CCC(=O)OCCCCCCCCCCCCCC)[C@H](c1ccccc1)[C@H](c1ccccc1)N(CCC(=O)OCCCCCCCCCCCCCC)CCC(=O)OCCCCCCCCCCCCCC,KW_2014,KW_2014,1
-5.297266,1.114244624,CCCCCCCCCCCCCCOC(=O)CCN(CCC(=O)OCCCCCCCCCCCCCC)[C@@H](CO)CC(C)C,KW_2014,KW_2014,2
-5.297266,2.652444137,CCCCCCCCCCCCCCOC(=O)CCN(CCC(=O)OCCCCCCCCCCCCCC)[C@@H](CO)CC(C)C,KW_2014,KW_2014,2
-3.9865348,0.70502409,CCCCCCCCCCCCCCOC(=O)CCN(CCC(=O)OCCCCCCCCCCCCCC)[C@@H]1CCCC[C@H]1N(CCC(=O)OCCCCCCCCCCCCCC)CCC(=O)OCCCCCCCCCCCCCC,KW_2014,KW_2014,1
-3.3115003,0.046852111,CCCCCCCCCCCCCCOC(=O)CCN(CCC(=O)OCCCCCCCCCCCCCC)[C@H]1CC[C@H](N(CCC(=O)OCCCCCCCCCCCCCC)CCC(=O)OCCCCCCCCCCCCCC)CC1,KW_2014,KW_2014,1
-3.9865348,1.545845426,CCCCCCCCCCCCCCOC(=O)CCN(CCC(=O)OCCCCCCCCCCCCCC)[C@@H]1CCCC[C@@H]1N(CCC(=O)OCCCCCCCCCCCCCC)CCC(=O)OCCCCCCCCCCCCCC,KW_2014,KW_2014,2
-4.0737977,-0.487038893,CCCCCCCCCCCCCCOC(=O)CCN(CCC(=O)OCCCCCCCCCCCCCC)C(=O)C1CCCN1C,KW_2014,KW_2014,0
-4.687828,-0.36090019,CCCCCCCCCCCCCCOC(=O)CCN(CCC(=O)OCCCCCCCCCCCCCC)C(C)(C)C,KW_2014,KW_2014,0
-4.2713523,-0.739247226,CCCCCCCCCCCCCCOC(=O)CCN(CCC(=O)OCCCCCCCCCCCCCC)C(C)(C)CC,KW_2014,KW_2014,0
-4.6891813,-0.454068115,CCCCCCCCCCCCCCOC(=O)CCN(CCC(=O)OCCCCCCCCCCCCCC)C(C)(C)CC(C)(C)C,KW_2014,KW_2014,0
0.13746698,-0.186220187,CCCCCCCCCCCCCCOC(=O)CCN(CCC(=O)OCCCCCCCCCCCCCC)C(C)(CO)CO,KW_2014,KW_2014,1
-4.7979503,-0.221497938,CCCCCCCCCCCCCCOC(=O)CCN(CCC(=O)OCCCCCCCCCCCCCC)C(C)C,KW_2014,KW_2014,0
-5.4592533,-0.304309722,CCCCCCCCCCCCCCOC(=O)CCN(CCC(=O)OCCCCCCCCCCCCCC)C(C)C(C)C,KW_2014,KW_2014,0
-4.413787,-0.78918011,CCCCCCCCCCCCCCOC(=O)CCN(CCC(=O)OCCCCCCCCCCCCCC)C(C)c1ccc(C)cc1,KW_2014,KW_2014,0
-4.4850373,-0.655217637,CCCCCCCCCCCCCCOC(=O)CCN(CCC(=O)OCCCCCCCCCCCCCC)C(C)CC,KW_2014,KW_2014,0
-4.643271,-0.487731463,CCCCCCCCCCCCCCOC(=O)CCN(CCC(=O)OCCCCCCCCCCCCCC)C(C)CCC,KW_2014,KW_2014,0
-4.439403,-0.155007835,CCCCCCCCCCCCCCOC(=O)CCN(CCC(=O)OCCCCCCCCCCCCCC)C(C)CO,KW_2014,KW_2014,1
-4.0166264,-0.528237606,CCCCCCCCCCCCCCOC(=O)CCN(CCC(=O)OCCCCCCCCCCCCCC)C(c1ccccc1)(c1ccccc1)c1ccccc1,KW_2014,KW_2014,0
-4.120536,0.115357729,CCCCCCCCCCCCCCOC(=O)CCN(CCC(=O)OCCCCCCCCCCCCCC)C(c1ccccc1)c1ccccc1,KW_2014,KW_2014,1
-4.8261256,0.012113926,CCCCCCCCCCCCCCOC(=O)CCN(CCC(=O)OCCCCCCCCCCCCCC)C(CC)CC,KW_2014,KW_2014,1
-2.748921,-0.349214715,CCCCCCCCCCCCCCOC(=O)CCN(CCC(=O)OCCCCCCCCCCCCCC)C(CO)(CO)CO,KW_2014,KW_2014,0
-5.9032593,-0.275348065,CCCCCCCCCCCCCCOC(=O)CCN(CCC(=O)OCCCCCCCCCCCCCC)C(CO)C(C)(C)C,KW_2014,KW_2014,0
-4.1989937,-1.277147572,CCCCCCCCCCCCCCOC(=O)CCN(CCC(=O)OCCCCCCCCCCCCCC)C[C@@H](C)O,KW_2014,KW_2014,0
-3.4666545,0.675300121,CCCCCCCCCCCCCCOC(=O)CCN(CCC(=O)OCCCCCCCCCCCCCC)C[C@@H]1CCCN1CC,KW_2014,KW_2014,1
-3.4666545,0.378946877,CCCCCCCCCCCCCCOC(=O)CCN(CCC(=O)OCCCCCCCCCCCCCC)C[C@H]1CCCN1CC,KW_2014,KW_2014,1
-2.1893992,-0.285687998,CCCCCCCCCCCCCCOC(=O)CCN(CCC(=O)OCCCCCCCCCCCCCC)C12C[C@H]3C[C@@H](C1)C[C@@H](C2)C3,KW_2014,KW_2014,0
-3.1659856,-0.330279959,CCCCCCCCCCCCCCOC(=O)CCN(CCC(=O)OCCCCCCCCCCCCCC)c1c(-c2ccccc2)cc(-c2ccccc2)cc1-c1ccccc1,KW_2014,KW_2014,0
-4.8159556,-0.765396581,CCCCCCCCCCCCCCOC(=O)CCN(CCC(=O)OCCCCCCCCCCCCCC)c1c(C)c(C)c(N(CCC(=O)OCCCCCCCCCCCCCC)CCC(=O)OCCCCCCCCCCCCCC)c(C)c1C,KW_2014,KW_2014,0
-2.6629,0.408566264,CCCCCCCCCCCCCCOC(=O)CCN(CCC(=O)OCCCCCCCCCCCCCC)c1c(C)cc(-c2cc(C)c(N(CCC(=O)OCCCCCCCCCCCCCC)CCC(=O)OCCCCCCCCCCCCCC)c(C)c2)cc1C,KW_2014,KW_2014,1
-4.993376,-0.207761799,CCCCCCCCCCCCCCOC(=O)CCN(CCC(=O)OCCCCCCCCCCCCCC)c1c(CC)cccc1CC,KW_2014,KW_2014,1
-3.913651,-0.607636547,CCCCCCCCCCCCCCOC(=O)CCN(CCC(=O)OCCCCCCCCCCCCCC)c1c(F)cc(F)cc1F,KW_2014,KW_2014,0
-3.6777704,0.211808996,CCCCCCCCCCCCCCOC(=O)CCN(CCC(=O)OCCCCCCCCCCCCCC)c1c(N(CCC(=O)OCCCCCCCCCCCCCC)CCC(=O)OCCCCCCCCCCCCCC)c2ccccc2c2ccccc12,KW_2014,KW_2014,1
-4.772043,-0.684204406,CCCCCCCCCCCCCCOC(=O)CCN(CCC(=O)OCCCCCCCCCCCCCC)c1cc(C(C)(C)C)ccc1C(C)(C)C,KW_2014,KW_2014,0
-4.419751,-0.504564287,CCCCCCCCCCCCCCOC(=O)CCN(CCC(=O)OCCCCCCCCCCCCCC)c1cc(C(C)(C)C)ccc1OC,KW_2014,KW_2014,0
-4.428919,-1.277147572,CCCCCCCCCCCCCCOC(=O)CCN(CCC(=O)OCCCCCCCCCCCCCC)c1cc(C)c(C)cc1N(CCC(=O)OCCCCCCCCCCCCCC)CCC(=O)OCCCCCCCCCCCCCC,KW_2014,KW_2014,0
-4.0917845,-0.404286285,CCCCCCCCCCCCCCOC(=O)CCN(CCC(=O)OCCCCCCCCCCCCCC)c1cc(F)c(F)c(F)c1,KW_2014,KW_2014,0
-4.4840007,0.54877782,CCCCCCCCCCCCCCOC(=O)CCN(CCC(=O)OCCCCCCCCCCCCCC)c1cc(F)cc(F)c1,KW_2014,KW_2014,1
-4.7333083,-0.020086967,CCCCCCCCCCCCCCOC(=O)CCN(CCC(=O)OCCCCCCCCCCCCCC)c1cc(F)ccc1F,KW_2014,KW_2014,1
-4.3424916,-1.204487396,CCCCCCCCCCCCCCOC(=O)CCN(CCC(=O)OCCCCCCCCCCCCCC)c1cc(OC)ccc1OC,KW_2014,KW_2014,0
-5.644363,-0.145214886,CCCCCCCCCCCCCCOC(=O)CCN(CCC(=O)OCCCCCCCCCCCCCC)C1CC1,KW_2014,KW_2014,1
-1.4907947,-0.38725356,CCCCCCCCCCCCCCOC(=O)CCN(CCC(=O)OCCCCCCCCCCCCCC)C1CC2CCC1C2,KW_2014,KW_2014,0
-3.94929,-1.10774729,CCCCCCCCCCCCCCOC(=O)CCN(CCC(=O)OCCCCCCCCCCCCCC)C1Cc2ccccc2C1,KW_2014,KW_2014,0
-3.5406196,-0.298817894,CCCCCCCCCCCCCCOC(=O)CCN(CCC(=O)OCCCCCCCCCCCCCC)c1ccc(-c2ccc(N(CCC(=O)OCCCCCCCCCCCCCC)CCC(=O)OCCCCCCCCCCCCCC)c(C)c2)cc1C,KW_2014,KW_2014,0
-3.447027,-0.438385076,CCCCCCCCCCCCCCOC(=O)CCN(CCC(=O)OCCCCCCCCCCCCCC)c1ccc(-c2ccc(N(CCC(=O)OCCCCCCCCCCCCCC)CCC(=O)OCCCCCCCCCCCCCC)c(N(CCC(=O)OCCCCCCCCCCCCCC)CCC(=O)OCCCCCCCCCCCCCC)c2)cc1N(CCC(=O)OCCCCCCCCCCCCCC)CCC(=O)OCCCCCCCCCCCCCC,KW_2014,KW_2014,0
-4.7742324,-0.938193003,CCCCCCCCCCCCCCOC(=O)CCN(CCC(=O)OCCCCCCCCCCCCCC)c1ccc(-c2ccccc2)cc1,KW_2014,KW_2014,0
-4.143316,-0.183629976,CCCCCCCCCCCCCCOC(=O)CCN(CCC(=O)OCCCCCCCCCCCCCC)c1ccc(C(C)(C)C)cc1,KW_2014,KW_2014,1
-4.8045087,0.011010023,CCCCCCCCCCCCCCOC(=O)CCN(CCC(=O)OCCCCCCCCCCCCCC)c1ccc(C(C)C)cc1,KW_2014,KW_2014,1
-3.257183,-0.264970109,CCCCCCCCCCCCCCOC(=O)CCN(CCC(=O)OCCCCCCCCCCCCCC)c1ccc(C)c(F)c1,KW_2014,KW_2014,0
-3.9565609,-0.217982887,CCCCCCCCCCCCCCOC(=O)CCN(CCC(=O)OCCCCCCCCCCCCCC)c1ccc(C)c(N(CCC(=O)OCCCCCCCCCCCCCC)CCC(=O)OCCCCCCCCCCCCCC)c1,KW_2014,KW_2014,0
-4.1480775,0.197131989,CCCCCCCCCCCCCCOC(=O)CCN(CCC(=O)OCCCCCCCCCCCCCC)c1ccc(C)cc1N(CCC(=O)OCCCCCCCCCCCCCC)CCC(=O)OCCCCCCCCCCCCCC,KW_2014,KW_2014,1
-3.6119688,0.167705626,CCCCCCCCCCCCCCOC(=O)CCN(CCC(=O)OCCCCCCCCCCCCCC)c1ccc(C2(c3ccc(N(CCC(=O)OCCCCCCCCCCCCCC)CCC(=O)OCCCCCCCCCCCCCC)cc3)c3ccccc3-c3ccccc32)cc1,KW_2014,KW_2014,1
-2.2611058,0.051876036,CCCCCCCCCCCCCCOC(=O)CCN(CCC(=O)OCCCCCCCCCCCCCC)C1CCC(CC2CCC(N(CCC(=O)OCCCCCCCCCCCCCC)CCC(=O)OCCCCCCCCCCCCCC)C(C)C2)CC1C,KW_2014,KW_2014,1
-3.932791,-0.37612334,CCCCCCCCCCCCCCOC(=O)CCN(CCC(=O)OCCCCCCCCCCCCCC)c1ccc(Cc2ccc(N(CCC(=O)OCCCCCCCCCCCCCC)CCC(=O)OCCCCCCCCCCCCCC)cc2)cc1,KW_2014,KW_2014,0
-4.080959,-1.277147572,CCCCCCCCCCCCCCOC(=O)CCN(CCC(=O)OCCCCCCCCCCCCCC)c1ccc(F)c(F)c1,KW_2014,KW_2014,0
-4.4391966,-0.425367698,CCCCCCCCCCCCCCOC(=O)CCN(CCC(=O)OCCCCCCCCCCCCCC)c1ccc(F)cc1,KW_2014,KW_2014,0
-3.684926,0.337564472,CCCCCCCCCCCCCCOC(=O)CCN(CCC(=O)OCCCCCCCCCCCCCC)c1ccc(F)cc1C(F)(F)F,KW_2014,KW_2014,1
-4.2786145,-0.426489373,CCCCCCCCCCCCCCOC(=O)CCN(CCC(=O)OCCCCCCCCCCCCCC)c1ccc(N(CCC(=O)OCCCCCCCCCCCCCC)c2ccccc2)cc1,KW_2014,KW_2014,0
-3.963167,-0.390211644,CCCCCCCCCCCCCCOC(=O)CCN(CCC(=O)OCCCCCCCCCCCCCC)c1ccc(N(CCC(=O)OCCCCCCCCCCCCCC)CCC(=O)OCCCCCCCCCCCCCC)cc1,KW_2014,KW_2014,0
-4.1855774,-0.091430542,CCCCCCCCCCCCCCOC(=O)CCN(CCC(=O)OCCCCCCCCCCCCCC)c1ccc(OC(F)(F)F)cc1,KW_2014,KW_2014,1
-4.466513,-0.591290225,CCCCCCCCCCCCCCOC(=O)CCN(CCC(=O)OCCCCCCCCCCCCCC)c1ccc(OC(F)F)cc1,KW_2014,KW_2014,0
-4.3053226,-0.047160642,CCCCCCCCCCCCCCOC(=O)CCN(CCC(=O)OCCCCCCCCCCCCCC)c1ccc(OC)c(F)c1,KW_2014,KW_2014,1
-4.376101,-0.196664844,CCCCCCCCCCCCCCOC(=O)CCN(CCC(=O)OCCCCCCCCCCCCCC)c1ccc(Oc2ccc(F)cc2)cc1,KW_2014,KW_2014,1
-3.880638,0.145177858,CCCCCCCCCCCCCCOC(=O)CCN(CCC(=O)OCCCCCCCCCCCCCC)c1ccc(Oc2ccc(N(CCC(=O)OCCCCCCCCCCCCCC)CCC(=O)OCCCCCCCCCCCCCC)cc2)cc1,KW_2014,KW_2014,1
-5.6552625,-0.205617641,CCCCCCCCCCCCCCOC(=O)CCN(CCC(=O)OCCCCCCCCCCCCCC)c1ccc(Oc2ccccc2)cc1,KW_2014,KW_2014,1
-4.907442,-0.46195385,CCCCCCCCCCCCCCOC(=O)CCN(CCC(=O)OCCCCCCCCCCCCCC)c1ccc(OCCCCCCCC)cc1,KW_2014,KW_2014,0
-4.571251,-0.677990531,CCCCCCCCCCCCCCOC(=O)CCN(CCC(=O)OCCCCCCCCCCCCCC)C1CCC1,KW_2014,KW_2014,0
-3.7529974,-0.077265066,CCCCCCCCCCCCCCOC(=O)CCN(CCC(=O)OCCCCCCCCCCCCCC)c1ccc2c(c1)Cc1cc(N(CCC(=O)OCCCCCCCCCCCCCC)CCC(=O)OCCCCCCCCCCCCCC)ccc1-2,KW_2014,KW_2014,1
-4.13831,-0.530447184,CCCCCCCCCCCCCCOC(=O)CCN(CCC(=O)OCCCCCCCCCCCCCC)c1ccc2c(c1)CCCC2,KW_2014,KW_2014,0
-4.632222,2.369891543,CCCCCCCCCCCCCCOC(=O)CCN(CCC(=O)OCCCCCCCCCCCCCC)c1ccc2c(c1)OCCO2,KW_2014,KW_2014,2
-4.336253,-1.277147572,CCCCCCCCCCCCCCOC(=O)CCN(CCC(=O)OCCCCCCCCCCCCCC)c1ccc2c(c1)OCO2,KW_2014,KW_2014,0
-3.3054864,-1.277147572,CCCCCCCCCCCCCCOC(=O)CCN(CCC(=O)OCCCCCCCCCCCCCC)c1ccc2cc3ccccc3cc2c1,KW_2014,KW_2014,0
-4.700268,0.97949762,CCCCCCCCCCCCCCOC(=O)CCN(CCC(=O)OCCCCCCCCCCCCCC)C1CCc2ccccc21,KW_2014,KW_2014,2
-2.4229572,-0.747541331,CCCCCCCCCCCCCCOC(=O)CCN(CCC(=O)OCCCCCCCCCCCCCC)c1ccc2ccccc2c1-c1c(N(CCC(=O)OCCCCCCCCCCCCCC)CCC(=O)OCCCCCCCCCCCCCC)ccc2ccccc12,KW_2014,KW_2014,0
-4.8629,0.067714876,CCCCCCCCCCCCCCOC(=O)CCN(CCC(=O)OCCCCCCCCCCCCCC)c1cccc(-c2ccccc2)c1,KW_2014,KW_2014,1
-3.4762099,0.105695004,CCCCCCCCCCCCCCOC(=O)CCN(CCC(=O)OCCCCCCCCCCCCCC)c1cccc(C(F)(F)F)c1,KW_2014,KW_2014,1
-4.3948855,-0.904072277,CCCCCCCCCCCCCCOC(=O)CCN(CCC(=O)OCCCCCCCCCCCCCC)c1cccc(C)c1N(CCC(=O)OCCCCCCCCCCCCCC)CCC(=O)OCCCCCCCCCCCCCC,KW_2014,KW_2014,0
-4.094295,-1.229021459,CCCCCCCCCCCCCCOC(=O)CCN(CCC(=O)OCCCCCCCCCCCCCC)c1cccc(F)c1,KW_2014,KW_2014,0
-3.9374595,0.689252154,CCCCCCCCCCCCCCOC(=O)CCN(CCC(=O)OCCCCCCCCCCCCCC)C1CCCC(N(CCC(=O)OCCCCCCCCCCCCCC)CCC(=O)OCCCCCCCCCCCCCC)C1,KW_2014,KW_2014,1
-4.386935,-1.15673203,CCCCCCCCCCCCCCOC(=O)CCN(CCC(=O)OCCCCCCCCCCCCCC)c1cccc(N(CCC(=O)OCCCCCCCCCCCCCC)CCC(=O)OCCCCCCCCCCCCCC)c1,KW_2014,KW_2014,0
-3.9555447,-0.704354176,CCCCCCCCCCCCCCOC(=O)CCN(CCC(=O)OCCCCCCCCCCCCCC)c1cccc(N(CCC(=O)OCCCCCCCCCCCCCC)CCC(=O)OCCCCCCCCCCCCCC)c1C,KW_2014,KW_2014,0
-4.0082965,-1.277147572,CCCCCCCCCCCCCCOC(=O)CCN(CCC(=O)OCCCCCCCCCCCCCC)c1cccc(OC(C)C)c1,KW_2014,KW_2014,0
-5.090619,-0.85227916,CCCCCCCCCCCCCCOC(=O)CCN(CCC(=O)OCCCCCCCCCCCCCC)c1cccc(OCc2ccccc2)c1,KW_2014,KW_2014,0
-4.9570475,-0.239810845,CCCCCCCCCCCCCCOC(=O)CCN(CCC(=O)OCCCCCCCCCCCCCC)c1cccc2c1CCC2,KW_2014,KW_2014,0
-3.183916,-0.303727285,CCCCCCCCCCCCCCOC(=O)CCN(CCC(=O)OCCCCCCCCCCCCCC)c1cccc2cccc(N(CCC(=O)OCCCCCCCCCCCCCC)CCC(=O)OCCCCCCCCCCCCCC)c12,KW_2014,KW_2014,0
-3.3499396,-0.760997653,CCCCCCCCCCCCCCOC(=O)CCN(CCC(=O)OCCCCCCCCCCCCCC)C1CCCCC1,KW_2014,KW_2014,0
-5.0124974,-1.085197261,CCCCCCCCCCCCCCOC(=O)CCN(CCC(=O)OCCCCCCCCCCCCCC)c1ccccc1C(C)(C)C,KW_2014,KW_2014,0
-5.0461726,-0.502786152,CCCCCCCCCCCCCCOC(=O)CCN(CCC(=O)OCCCCCCCCCCCCCC)c1ccccc1C(C)C,KW_2014,KW_2014,0
-5.1691484,-0.575650182,CCCCCCCCCCCCCCOC(=O)CCN(CCC(=O)OCCCCCCCCCCCCCC)c1ccccc1Cc1ccccc1,KW_2014,KW_2014,0
-4.106906,-1.110277235,CCCCCCCCCCCCCCOC(=O)CCN(CCC(=O)OCCCCCCCCCCCCCC)c1ccccc1N(CCC(=O)OCCCCCCCCCCCCCC)c1ccccc1,KW_2014,KW_2014,0
-4.6920333,-0.073563604,CCCCCCCCCCCCCCOC(=O)CCN(CCC(=O)OCCCCCCCCCCCCCC)c1ccccc1OC,KW_2014,KW_2014,1
-5.0726786,-0.742272899,CCCCCCCCCCCCCCOC(=O)CCN(CCC(=O)OCCCCCCCCCCCCCC)c1ccccc1Oc1ccccc1,KW_2014,KW_2014,0
-4.994182,-1.277147572,CCCCCCCCCCCCCCOC(=O)CCN(CCC(=O)OCCCCCCCCCCCCCC)c1ccccc1OCC,KW_2014,KW_2014,0
-3.8508627,-0.199999698,CCCCCCCCCCCCCCOC(=O)CCN(CCC(=O)OCCCCCCCCCCCCCC)C1CCCCCCC1,KW_2014,KW_2014,1
-4.580403,-0.91934152,CCCCCCCCCCCCCCOC(=O)CCN(CCC(=O)OCCCCCCCCCCCCCC)C1CCN(C)CC1,KW_2014,KW_2014,0
-4.373296,0.411723217,CCCCCCCCCCCCCCOC(=O)CCN(CCC(=O)OCCCCCCCCCCCCCC)c1nc(N(CCC(=O)OCCCCCCCCCCCCCC)CCC(=O)OCCCCCCCCCCCCCC)nc(N(CCC(=O)OCCCCCCCCCCCCCC)CCC(=O)OCCCCCCCCCCCCCC)n1,KW_2014,KW_2014,1
-4.9703307,-0.610072025,CCCCCCCCCCCCCCOC(=O)CCN(CCC(=O)OCCCCCCCCCCCCCC)CC(=O)N(C)c1ccccc1,KW_2014,KW_2014,0
-5.4869475,-0.308736391,CCCCCCCCCCCCCCOC(=O)CCN(CCC(=O)OCCCCCCCCCCCCCC)CC(C)(C)CN(C)C,KW_2014,KW_2014,0
-5.750528,0.347943924,CCCCCCCCCCCCCCOC(=O)CCN(CCC(=O)OCCCCCCCCCCCCCC)CC(C)(C)CO,KW_2014,KW_2014,1
-5.9920454,-0.327149126,CCCCCCCCCCCCCCOC(=O)CCN(CCC(=O)OCCCCCCCCCCCCCC)CC(C)C,KW_2014,KW_2014,0
-5.884973,-0.2176814,CCCCCCCCCCCCCCOC(=O)CCN(CCC(=O)OCCCCCCCCCCCCCC)CC(C)CC,KW_2014,KW_2014,0
-4.313481,-0.510237207,CCCCCCCCCCCCCCOC(=O)CCN(CCC(=O)OCCCCCCCCCCCCCC)CC(C)N(CCC(=O)OCCCCCCCCCCCCCC)CCC(=O)OCCCCCCCCCCCCCC,KW_2014,KW_2014,0
-4.9822598,-1.077235272,CCCCCCCCCCCCCCOC(=O)CCN(CCC(=O)OCCCCCCCCCCCCCC)CC(CC)CCCC,KW_2014,KW_2014,0
-2.3999977,-0.15891686,CCCCCCCCCCCCCCOC(=O)CCN(CCC(=O)OCCCCCCCCCCCCCC)CC(OC)OC,KW_2014,KW_2014,1
-4.8880477,-0.321005101,CCCCCCCCCCCCCCOC(=O)CCN(CCC(=O)OCCCCCCCCCCCCCC)CC[C@H](C)O,KW_2014,KW_2014,0
-3.8685174,-0.056201453,CCCCCCCCCCCCCCOC(=O)CCN(CCC(=O)OCCCCCCCCCCCCCC)CC1(C)CC(N(CCC(=O)OCCCCCCCCCCCCCC)CCC(=O)OCCCCCCCCCCCCCC)CC(C)(C)C1,KW_2014,KW_2014,1
-3.026155,-0.390601801,CCCCCCCCCCCCCCOC(=O)CCN(CCC(=O)OCCCCCCCCCCCCCC)CC12C[C@H]3C[C@@H](C1)C[C@@H](C2)C3,KW_2014,KW_2014,0
-4.0537353,-1.271661851,CCCCCCCCCCCCCCOC(=O)CCN(CCC(=O)OCCCCCCCCCCCCCC)Cc1cc(C)c(OC)c(OC)c1,KW_2014,KW_2014,0
-4.8364735,0.465810856,CCCCCCCCCCCCCCOC(=O)CCN(CCC(=O)OCCCCCCCCCCCCCC)Cc1cc(F)ccc1F,KW_2014,KW_2014,1
-5.2831573,-0.087216451,CCCCCCCCCCCCCCOC(=O)CCN(CCC(=O)OCCCCCCCCCCCCCC)CC1CCC(CN(CCC(=O)OCCCCCCCCCCCCCC)CCC(=O)OCCCCCCCCCCCCCC)CC1,KW_2014,KW_2014,1
-4.522953,-0.176297969,CCCCCCCCCCCCCCOC(=O)CCN(CCC(=O)OCCCCCCCCCCCCCC)CC1CCCC(CN(CCC(=O)OCCCCCCCCCCCCCC)CCC(=O)OCCCCCCCCCCCCCC)C1,KW_2014,KW_2014,1
-5.2798176,3.667275901,CCCCCCCCCCCCCCOC(=O)CCN(CCC(=O)OCCCCCCCCCCCCCC)Cc1cccc(CN(CCC(=O)OCCCCCCCCCCCCCC)CCC(=O)OCCCCCCCCCCCCCC)c1,KW_2014,KW_2014,2
-5.2279177,0.037508757,CCCCCCCCCCCCCCOC(=O)CCN(CCC(=O)OCCCCCCCCCCCCCC)Cc1cccc(F)c1,KW_2014,KW_2014,1
-4.158756,-1.196686151,CCCCCCCCCCCCCCOC(=O)CCN(CCC(=O)OCCCCCCCCCCCCCC)Cc1cccc(N(CCC(=O)OCCCCCCCCCCCCCC)CCC(=O)OCCCCCCCCCCCCCC)c1,KW_2014,KW_2014,0
-5.3307843,-0.851248177,CCCCCCCCCCCCCCOC(=O)CCN(CCC(=O)OCCCCCCCCCCCCCC)CC1CCCCC1,KW_2014,KW_2014,0
-5.153608,-0.49715314,CCCCCCCCCCCCCCOC(=O)CCN(CCC(=O)OCCCCCCCCCCCCCC)Cc1ccccc1F,KW_2014,KW_2014,0
-4.764931,-1.277147572,CCCCCCCCCCCCCCOC(=O)CCN(CCC(=O)OCCCCCCCCCCCCCC)Cc1ccccc1N(CCC(=O)OCCCCCCCCCCCCCC)CCC(=O)OCCCCCCCCCCCCCC,KW_2014,KW_2014,0
-4.837168,-0.590206323,CCCCCCCCCCCCCCOC(=O)CCN(CCC(=O)OCCCCCCCCCCCCCC)Cc1ccccc1OC,KW_2014,KW_2014,0
-5.3008966,-0.627775958,CCCCCCCCCCCCCCOC(=O)CCN(CCC(=O)OCCCCCCCCCCCCCC)Cc1ccccc1OCC,KW_2014,KW_2014,0
-3.6491952,0.633589447,CCCCCCCCCCCCCCOC(=O)CCN(CCC(=O)OCCCCCCCCCCCCCC)CC1CCCN1C,KW_2014,KW_2014,1
-4.5284557,-0.58590166,CCCCCCCCCCCCCCOC(=O)CCN(CCC(=O)OCCCCCCCCCCCCCC)CC1CCCN1CCC(=O)OCCCCCCCCCCCCCC,KW_2014,KW_2014,0
-5.1044245,-0.174250424,CCCCCCCCCCCCCCOC(=O)CCN(CCC(=O)OCCCCCCCCCCCCCC)CC1CCCO1,KW_2014,KW_2014,1
-4.737589,0.141973353,CCCCCCCCCCCCCCOC(=O)CCN(CCC(=O)OCCCCCCCCCCCCCC)CC1CCN(C)CC1,KW_2014,KW_2014,1
-4.4290175,-0.082480441,CCCCCCCCCCCCCCOC(=O)CCN(CCC(=O)OCCCCCCCCCCCCCC)CC1COC(C)(C)O1,KW_2014,KW_2014,1
-4.839781,0.332979664,CCCCCCCCCCCCCCOC(=O)CCN(CCC(=O)OCCCCCCCCCCCCCC)Cc1nccn1C,KW_2014,KW_2014,1
-3.5024598,-0.219671821,CCCCCCCCCCCCCCOC(=O)CCN(CCC(=O)OCCCCCCCCCCCCCC)CCC(=O)N1CCN(CCC(=O)OCCCCCCCCCCCCCC)CC1,KW_2014,KW_2014,0
-5.9829497,-0.223818465,CCCCCCCCCCCCCCOC(=O)CCN(CCC(=O)OCCCCCCCCCCCCCC)CCC(C)(C)C,KW_2014,KW_2014,0
-4.790931,-0.576141635,CCCCCCCCCCCCCCOC(=O)CCN(CCC(=O)OCCCCCCCCCCCCCC)CCC(C)C,KW_2014,KW_2014,0
-4.7829714,0.003546701,CCCCCCCCCCCCCCOC(=O)CCN(CCC(=O)OCCCCCCCCCCCCCC)CCC(c1ccccc1)c1ccccc1,KW_2014,KW_2014,1
-4.208297,0.157650232,CCCCCCCCCCCCCCOC(=O)CCN(CCC(=O)OCCCCCCCCCCCCCC)CCC1CCC(C)CC1,KW_2014,KW_2014,1
-4.107926,-0.463432675,CCCCCCCCCCCCCCOC(=O)CCN(CCC(=O)OCCCCCCCCCCCCCC)CCC1CCC(CC)CC1,KW_2014,KW_2014,0
-2.9885724,-0.161281642,CCCCCCCCCCCCCCOC(=O)CCN(CCC(=O)OCCCCCCCCCCCCCC)CCc1ccc(OC)c(OC)c1,KW_2014,KW_2014,1
-3.0756366,-0.60167678,CCCCCCCCCCCCCCOC(=O)CCN(CCC(=O)OCCCCCCCCCCCCCC)CCc1ccc(OC)cc1,KW_2014,KW_2014,0
-4.0496492,-1.166544229,CCCCCCCCCCCCCCOC(=O)CCN(CCC(=O)OCCCCCCCCCCCCCC)CCc1ccccc1F,KW_2014,KW_2014,0
-5.8179526,-0.391445478,CCCCCCCCCCCCCCOC(=O)CCN(CCC(=O)OCCCCCCCCCCCCCC)CCC1OCCO1,KW_2014,KW_2014,0
-4.2189693,-0.144095072,CCCCCCCCCCCCCCOC(=O)CCN(CCC(=O)OCCCCCCCCCCCCCC)CCN(C(C)C)C(C)C,KW_2014,KW_2014,1
-3.8342357,0.332979664,CCCCCCCCCCCCCCOC(=O)CCN(CCC(=O)OCCCCCCCCCCCCCC)CCN(C)C,KW_2014,KW_2014,1
-2.6161246,3.9498073,CCCCCCCCCCCCCCOC(=O)CCN(CCC(=O)OCCCCCCCCCCCCCC)CCN(C)CCCN(C)CCN(CCC(=O)OCCCCCCCCCCCCCC)CCC(=O)OCCCCCCCCCCCCCC,KW_2014,KW_2014,2
-3.2112308,4.544497192,CCCCCCCCCCCCCCOC(=O)CCN(CCC(=O)OCCCCCCCCCCCCCC)CCN(C)CCN(C)CCN(CCC(=O)OCCCCCCCCCCCCCC)CCC(=O)OCCCCCCCCCCCCCC,KW_2014,KW_2014,3
-2.3832018,3.544862966,CCCCCCCCCCCCCCOC(=O)CCN(CCC(=O)OCCCCCCCCCCCCCC)CCN(C)CCN(CCC(=O)OCCCCCCCCCCCCCC)CCC(=O)OCCCCCCCCCCCCCC,KW_2014,KW_2014,2
-3.3278944,3.499412855,CCCCCCCCCCCCCCOC(=O)CCN(CCC(=O)OCCCCCCCCCCCCCC)CCN(CC)CCN(CC)CCN(CCC(=O)OCCCCCCCCCCCCCC)CCC(=O)OCCCCCCCCCCCCCC,KW_2014,KW_2014,2
-4.1539598,-1.277147572,CCCCCCCCCCCCCCOC(=O)CCN(CCC(=O)OCCCCCCCCCCCCCC)CCN(CCC(=O)OCCCCCCCCCCCCCC)C(C)C,KW_2014,KW_2014,0
-4.7129703,-0.625662708,CCCCCCCCCCCCCCOC(=O)CCN(CCC(=O)OCCCCCCCCCCCCCC)CCN(CCC(=O)OCCCCCCCCCCCCCC)c1ccccc1,KW_2014,KW_2014,0
-4.0960283,-0.821102469,CCCCCCCCCCCCCCOC(=O)CCN(CCC(=O)OCCCCCCCCCCCCCC)CCN(CCC(=O)OCCCCCCCCCCCCCC)Cc1ccccc1,KW_2014,KW_2014,0
-2.3600695,1.23249433,CCCCCCCCCCCCCCOC(=O)CCN(CCC(=O)OCCCCCCCCCCCCCC)CCN(CCC(=O)OCCCCCCCCCCCCCC)CCC(=O)OCCCCCCCCCCCCCC,KW_2014,KW_2014,2
-3.9823637,0.637522117,CCCCCCCCCCCCCCOC(=O)CCN(CCC(=O)OCCCCCCCCCCCCCC)CCN(CCC(=O)OCCCCCCCCCCCCCC)CCN(CC)CC,KW_2014,KW_2014,1
-4.424902,0.577993191,CCCCCCCCCCCCCCOC(=O)CCN(CCC(=O)OCCCCCCCCCCCCCC)CCN(CCC(=O)OCCCCCCCCCCCCCC)CCN(CCC(=O)OCCCCCCCCCCCCCC)CCC(=O)OCCCCCCCCCCCCCC,KW_2014,KW_2014,1
-5.0259995,1.047297859,CCCCCCCCCCCCCCOC(=O)CCN(CCC(=O)OCCCCCCCCCCCCCC)CCN(CCC(=O)OCCCCCCCCCCCCCC)CCN(CCC(=O)OCCCCCCCCCCCCCC)CCN(CCC(=O)OCCCCCCCCCCCCCC)CCC(=O)OCCCCCCCCCCCCCC,KW_2014,KW_2014,2
-4.473531,0.971590362,CCCCCCCCCCCCCCOC(=O)CCN(CCC(=O)OCCCCCCCCCCCCCC)CCN(CCC(=O)OCCCCCCCCCCCCCC)CCN(CCC(=O)OCCCCCCCCCCCCCC)CCN(CCC(=O)OCCCCCCCCCCCCCC)CCN(CCC(=O)OCCCCCCCCCCCCCC)CCC(=O)OCCCCCCCCCCCCCC,KW_2014,KW_2014,1
-4.7984266,-0.24324496,CCCCCCCCCCCCCCOC(=O)CCN(CCC(=O)OCCCCCCCCCCCCCC)CCN(CCC(=O)OCCCCCCCCCCCCCC)CCN(CCC(=O)OCCCCCCCCCCCCCC)CCN(CCC(=O)OCCCCCCCCCCCCCC)CCN(CCC(=O)OCCCCCCCCCCCCCC)CCN(CCC(=O)OCCCCCCCCCCCCCC)CCC(=O)OCCCCCCCCCCCCCC,KW_2014,KW_2014,0
-3.1052117,2.530006353,CCCCCCCCCCCCCCOC(=O)CCN(CCC(=O)OCCCCCCCCCCCCCC)CCN(CCC(=O)OCCCCCCCCCCCCCC)CCN1CCN(CCN(CCC(=O)OCCCCCCCCCCCCCC)CCC(=O)OCCCCCCCCCCCCCC)CC1,KW_2014,KW_2014,2
-3.8088236,0.215103573,CCCCCCCCCCCCCCOC(=O)CCN(CCC(=O)OCCCCCCCCCCCCCC)CCN(CCCCCCCCCCCC)CCN(CCC(=O)OCCCCCCCCCCCCCC)CCC(=O)OCCCCCCCCCCCCCC,KW_2014,KW_2014,1
-3.5825105,0.96781453,CCCCCCCCCCCCCCOC(=O)CCN(CCC(=O)OCCCCCCCCCCCCCC)CCN(CCN(CCC(=O)OCCCCCCCCCCCCCC)CCC(=O)OCCCCCCCCCCCCCC)CCN(CCC(=O)OCCCCCCCCCCCCCC)CCC(=O)OCCCCCCCCCCCCCC,KW_2014,KW_2014,1
-2.168242,1.051037576,CCCCCCCCCCCCCCOC(=O)CCN(CCC(=O)OCCCCCCCCCCCCCC)CCN(CCO)CCO,KW_2014,KW_2014,2
-5.4231133,-0.430371765,CCCCCCCCCCCCCCOC(=O)CCN(CCC(=O)OCCCCCCCCCCCCCC)CCN1CCCC1,KW_2014,KW_2014,0
-5.6759357,0.381225272,CCCCCCCCCCCCCCOC(=O)CCN(CCC(=O)OCCCCCCCCCCCCCC)CCN1CCCCC1,KW_2014,KW_2014,1
-3.0515373,2.108306373,CCCCCCCCCCCCCCOC(=O)CCN(CCC(=O)OCCCCCCCCCCCCCC)CCN1CCN(CCC(=O)OCCCCCCCCCCCCCC)CC1,KW_2014,KW_2014,2
-2.8331788,4.232203163,CCCCCCCCCCCCCCOC(=O)CCN(CCC(=O)OCCCCCCCCCCCCCC)CCN1CCN(CCN(CCC(=O)OCCCCCCCCCCCCCC)CCC(=O)OCCCCCCCCCCCCCC)CC1,KW_2014,KW_2014,3
-5.337782,-0.228968636,CCCCCCCCCCCCCCOC(=O)CCN(CCC(=O)OCCCCCCCCCCCCCC)CCN1CCOCC1,KW_2014,KW_2014,0
-4.402033,0.094442296,CCCCCCCCCCCCCCOC(=O)CCN(CCC(=O)OCCCCCCCCCCCCCC)CN(CC)CCC,KW_2014,KW_2014,1
-4.3934946,0.253797513,CCCCCCCCCCCCCCOC(=O)CCN(CCC)CCC(=O)OCCCCCCCCCCCCCC,KW_2014,KW_2014,1
-3.6214797,-0.239143442,CCCCCCCCCCCCCCOC(=O)CCN(CCC)CCCN(CCC(=O)OCCCCCCCCCCCCCC)CCC(=O)OCCCCCCCCCCCCCC,KW_2014,KW_2014,0
-5.0504622,-0.508712053,CCCCCCCCCCCCCCOC(=O)CCN(CCCC)CCC(=O)OCCCCCCCCCCCCCC,KW_2014,KW_2014,0
-4.780167,-0.264997398,CCCCCCCCCCCCCCOC(=O)CCN(CCCc1ccccc1)CCC(=O)OCCCCCCCCCCCCCC,KW_2014,KW_2014,0
-5.503026,0.278405409,CCCCCCCCCCCCCCOC(=O)CCN(CCCCC)CCC(=O)OCCCCCCCCCCCCCC,KW_2014,KW_2014,1
-5.3247805,-1.277147572,CCCCCCCCCCCCCCOC(=O)CCN(CCCCc1ccccc1)CCC(=O)OCCCCCCCCCCCCCC,KW_2014,KW_2014,0
-5.562368,-0.014827248,CCCCCCCCCCCCCCOC(=O)CCN(CCCCCC)CCC(=O)OCCCCCCCCCCCCCC,KW_2014,KW_2014,1
-4.117264,0.17251956,CCCCCCCCCCCCCCOC(=O)CCN(CCCCCCCCN(CCC(=O)OCCCCCCCCCCCCCC)CCC(=O)OCCCCCCCCCCCCCC)CCC(=O)OCCCCCCCCCCCCCC,KW_2014,KW_2014,1
-3.8429275,0.025668436,CCCCCCCCCCCCCCOC(=O)CCN(CCCCCCN(CCC(=O)OCCCCCCCCCCCCCC)CCC(=O)OCCCCCCCCCCCCCC)CCCCCCN(CCC(=O)OCCCCCCCCCCCCCC)CCC(=O)OCCCCCCCCCCCCCC,KW_2014,KW_2014,1
-5.4075327,3.127629079,CCCCCCCCCCCCCCOC(=O)CCN(CCCCCCO)CCC(=O)OCCCCCCCCCCCCCC,KW_2014,KW_2014,2
-5.4206467,-0.475928013,CCCCCCCCCCCCCCOC(=O)CCN(CCCCCO)CCC(=O)OCCCCCCCCCCCCCC,KW_2014,KW_2014,0
-3.2474425,0.094442296,CCCCCCCCCCCCCCOC(=O)CCN(CCCCN(C)Cc1ccccc1)CCC(=O)OCCCCCCCCCCCCCC,KW_2014,KW_2014,1
-3.6675117,-1.274536357,CCCCCCCCCCCCCCOC(=O)CCN(CCCCN1CCN(C)CC1)CCC(=O)OCCCCCCCCCCCCCC,KW_2014,KW_2014,0
-5.2429996,0.683293383,CCCCCCCCCCCCCCOC(=O)CCN(CCCCO)CCC(=O)OCCCCCCCCCCCCCC,KW_2014,KW_2014,1
-3.1545951,-0.644078055,CCCCCCCCCCCCCCOC(=O)CCN(CCCN(C)C)CCC(=O)OCCCCCCCCCCCCCC,KW_2014,KW_2014,0
-3.1545951,-0.019086309,CCCCCCCCCCCCCCOC(=O)CCN(CCCN(C)C)CCC(=O)OCCCCCCCCCCCCCC,KW_2014,KW_2014,1
-2.8938344,-0.623961895,CCCCCCCCCCCCCCOC(=O)CCN(CCCN(C)C)CCCN(CCC(=O)OCCCCCCCCCCCCCC)CCC(=O)OCCCCCCCCCCCCCC,KW_2014,KW_2014,0
-1.7199935,4.181623819,CCCCCCCCCCCCCCOC(=O)CCN(CCCN(C)CCCN(CCC(=O)OCCCCCCCCCCCCCC)CCC(=O)OCCCCCCCCCCCCCC)CCC(=O)OCCCCCCCCCCCCCC,KW_2014,KW_2014,3
-2.07868,0.269245569,CCCCCCCCCCCCCCOC(=O)CCN(CCCN(CC)CC)CCC(=O)OCCCCCCCCCCCCCC,KW_2014,KW_2014,1
-3.4120219,1.33779135,CCCCCCCCCCCCCCOC(=O)CCN(CCCN(CCC(=O)OCCCCCCCCCCCCCC)CCC(=O)OCCCCCCCCCCCCCC)CCC(=O)OCCCCCCCCCCCCCC,KW_2014,KW_2014,2
-3.1496885,3.251894519,CCCCCCCCCCCCCCOC(=O)CCN(CCCN(CCC(=O)OCCCCCCCCCCCCCC)CCC(=O)OCCCCCCCCCCCCCC)CCCN(CCC(=O)OCCCCCCCCCCCCCC)CCC(=O)OCCCCCCCCCCCCCC,KW_2014,KW_2014,2
-2.2424843,0.163830825,CCCCCCCCCCCCCCOC(=O)CCN(CCCN(CCC(=O)OCCCCCCCCCCCCCC)CCN(CCC(=O)OCCCCCCCCCCCCCC)CCC(=O)OCCCCCCCCCCCCCC)CCC(=O)OCCCCCCCCCCCCCC,KW_2014,KW_2014,1
-3.6283047,-0.064464423,CCCCCCCCCCCCCCOC(=O)CCN(CCCN(CCC(=O)OCCCCCCCCCCCCCC)CCN(CCC(=O)OCCCCCCCCCCCCCC)CCC(=O)OCCCCCCCCCCCCCC)CCN(CCC(=O)OCCCCCCCCCCCCCC)CCC(=O)OCCCCCCCCCCCCCC,KW_2014,KW_2014,1
-2.5237765,0.941203039,CCCCCCCCCCCCCCOC(=O)CCN(CCCN(CCCN(CCC(=O)OCCCCCCCCCCCCCC)CCC(=O)OCCCCCCCCCCCCCC)CCC(=O)OCCCCCCCCCCCCCC)CCCN(CCC(=O)OCCCCCCCCCCCCCC)CCC(=O)OCCCCCCCCCCCCCC,KW_2014,KW_2014,1
-1.9808941,-0.907542644,CCCCCCCCCCCCCCOC(=O)CCN(CCCN1CCN(C(C)C)CC1)CCC(=O)OCCCCCCCCCCCCCC,KW_2014,KW_2014,0
-2.0292752,0.948515253,CCCCCCCCCCCCCCOC(=O)CCN(CCCN1CCN(CCCN(CCC(=O)OCCCCCCCCCCCCCC)CCC(=O)OCCCCCCCCCCCCCC)CC1)CCC(=O)OCCCCCCCCCCCCCC,KW_2014,KW_2014,1
-4.6532063,-0.417551294,CCCCCCCCCCCCCCOC(=O)CCN(CCCn1ccnc1)CCC(=O)OCCCCCCCCCCCCCC,KW_2014,KW_2014,0
-5.0858865,0.001559327,CCCCCCCCCCCCCCOC(=O)CCN(CCCN1CCOCC1)CCC(=O)OCCCCCCCCCCCCCC,KW_2014,KW_2014,1
-4.5484257,0.264574285,CCCCCCCCCCCCCCOC(=O)CCN(CCCO)CCC(=O)OCCCCCCCCCCCCCC,KW_2014,KW_2014,1
-3.902473,-0.536699207,CCCCCCCCCCCCCCOC(=O)CCN(CCCOC(C)C)CCC(=O)OCCCCCCCCCCCCCC,KW_2014,KW_2014,0
-3.6337912,-0.030409242,CCCCCCCCCCCCCCOC(=O)CCN(CCCOC)CCC(=O)OCCCCCCCCCCCCCC,KW_2014,KW_2014,1
-3.6337912,0.728358835,CCCCCCCCCCCCCCOC(=O)CCN(CCCOC)CCC(=O)OCCCCCCCCCCCCCC,KW_2014,KW_2014,1
-4.917604,-0.036391527,CCCCCCCCCCCCCCOC(=O)CCN(CCCOCCCCOCCCN(CCC(=O)OCCCCCCCCCCCCCC)CCC(=O)OCCCCCCCCCCCCCC)CCC(=O)OCCCCCCCCCCCCCC,KW_2014,KW_2014,1
-3.413836,-0.211252794,CCCCCCCCCCCCCCOC(=O)CCN(CCCOCCOCCOCCCN(CCC(=O)OCCCCCCCCCCCCCC)CCC(=O)OCCCCCCCCCCCCCC)CCC(=O)OCCCCCCCCCCCCCC,KW_2014,KW_2014,0
-4.5776267,-0.322176188,CCCCCCCCCCCCCCOC(=O)CCN(CCN(CCC(=O)OCCCCCCCCCCCCCC)C(C)(C)C)C(C)(C)C,KW_2014,KW_2014,0
-5.2964945,0.161324292,CCCCCCCCCCCCCCOC(=O)CCN(CCN(CCC(=O)OCCCCCCCCCCCCCC)C(C)C)C(C)C,KW_2014,KW_2014,1
-3.914839,0.588315186,CCCCCCCCCCCCCCOC(=O)CCN(CCO)CCC(=O)OCCCCCCCCCCCCCC,KW_2014,KW_2014,1
-3.0025563,1.952133334,CCCCCCCCCCCCCCOC(=O)CCN(CCO)CCN(CCC(=O)OCCCCCCCCCCCCCC)CCC(=O)OCCCCCCCCCCCCCC,KW_2014,KW_2014,2
-1.5029434,0.302695801,CCCCCCCCCCCCCCOC(=O)CCN(CCO)CCN(CCO)CCC(=O)OCCCCCCCCCCCCCC,KW_2014,KW_2014,1
-1.5029434,-0.209864423,CCCCCCCCCCCCCCOC(=O)CCN(CCO)CCN(CCO)CCC(=O)OCCCCCCCCCCCCCC,KW_2014,KW_2014,0
-3.4557583,-0.309027931,CCCCCCCCCCCCCCOC(=O)CCN(CCOC)CCC(=O)OCCCCCCCCCCCCCC,KW_2014,KW_2014,0
-1.8047045,-0.383287769,CCCCCCCCCCCCCCOC(=O)CCN(CCOCC)CCC(=O)OCCCCCCCCCCCCCC,KW_2014,KW_2014,0
-3.6421628,-0.103089831,CCCCCCCCCCCCCCOC(=O)CCN(CCOCCN1CCCC1)CCC(=O)OCCCCCCCCCCCCCC,KW_2014,KW_2014,1
-3.5379548,0.56762071,CCCCCCCCCCCCCCOC(=O)CCN(CCOCCO)CCC(=O)OCCCCCCCCCCCCCC,KW_2014,KW_2014,1
-3.5379548,0.99766394,CCCCCCCCCCCCCCOC(=O)CCN(CCOCCO)CCC(=O)OCCCCCCCCCCCCCC,KW_2014,KW_2014,2
-2.7200842,-0.163444604,CCCCCCCCCCCCCCOC(=O)CCN(CCOCCOCCN(CCC(=O)OCCCCCCCCCCCCCC)CCC(=O)OCCCCCCCCCCCCCC)CCC(=O)OCCCCCCCCCCCCCC,KW_2014,KW_2014,1
-2.924749,-0.20950472,CCCCCCCCCCCCCCOC(=O)CCN(CCOCCOCCOCCN(CCC(=O)OCCCCCCCCCCCCCC)CCC(=O)OCCCCCCCCCCCCCC)CCC(=O)OCCCCCCCCCCCCCC,KW_2014,KW_2014,1
-2.786855,0.530174434,CCCCCCCCCCCCCCOC(=O)CCN1C(C)N(CCC(=O)OCCCCCCCCCCCCCC)C(C)N(CCC(=O)OCCCCCCCCCCCCCC)C1C,KW_2014,KW_2014,1
-5.313477,0.573889203,CCCCCCCCCCCCCCOC(=O)CCN1CC[C@@H](N(CCC(=O)OCCCCCCCCCCCCCC)CCC(=O)OCCCCCCCCCCCCCC)C1,KW_2014,KW_2014,1
-5.6948986,0.379157774,CCCCCCCCCCCCCCOC(=O)CCN1CCC(N(CCC(=O)OCCCCCCCCCCCCCC)CCC(=O)OCCCCCCCCCCCCCC)CC1,KW_2014,KW_2014,1
-2.9479222,0.07668945,CCCCCCCCCCCCCCOC(=O)CCN1CCCCN(C)CCN(CCC(=O)OCCCCCCCCCCCCCC)CCCN(C)CC1,KW_2014,KW_2014,1
-4.4509554,0.110987832,CCCCCCCCCCCCCCOC(=O)CCN1CCCN(CCC(=O)OCCCCCCCCCCCCCC)CCCN(CCC(=O)OCCCCCCCCCCCCCC)CCC1,KW_2014,KW_2014,1
-4.263129,0.026122039,CCCCCCCCCCCCCCOC(=O)CCN1CCCN(CCC(=O)OCCCCCCCCCCCCCC)CCCN(CCC(=O)OCCCCCCCCCCCCCC)CCN(CCC(=O)OCCCCCCCCCCCCCC)CCC1,KW_2014,KW_2014,1
-4.48684,-0.321997124,CCCCCCCCCCCCCCOC(=O)CCN1CCCN(CCC(=O)OCCCCCCCCCCCCCC)CCN(CCC(=O)OCCCCCCCCCCCCCC)CCCN(CCC(=O)OCCCCCCCCCCCCCC)CC1,KW_2014,KW_2014,0
-5.594045,0.044200887,CCCCCCCCCCCCCCOC(=O)CCN1CCCN(CCC(=O)OCCCCCCCCCCCCCC)CCN(CCC(=O)OCCCCCCCCCCCCCC)CCN(CCC(=O)OCCCCCCCCCCCCCC)CC1,KW_2014,KW_2014,1
-2.395597,-0.153561899,CCCCCCCCCCCCCCOC(=O)CCN1CCN(CCC(=O)OCCCCCCCCCCCCCC)[C@H](C)C1,KW_2014,KW_2014,1
-3.3525875,-0.161640301,CCCCCCCCCCCCCCOC(=O)CCN1CCN(CCC(=O)OCCCCCCCCCCCCCC)C(c2ccccc2)C1,KW_2014,KW_2014,1
-3.4095848,1.428267232,CCCCCCCCCCCCCCOC(=O)CCN1CCN(CCC(=O)OCCCCCCCCCCCCCC)C2C1N(CCC(=O)OCCCCCCCCCCCCCC)CCN2CCC(=O)OCCCCCCCCCCCCCC,KW_2014,KW_2014,2
-4.054391,-0.108629032,CCCCCCCCCCCCCCOC(=O)CCN1CCN(CCC(=O)OCCCCCCCCCCCCCC)CC1,KW_2014,KW_2014,1
-3.961533,-0.355674629,CCCCCCCCCCCCCCOC(=O)CCN1CCN(CCC(=O)OCCCCCCCCCCCCCC)CCN(CCC(=O)OCCCCCCCCCCCCCC)CCN(CCC(=O)OCCCCCCCCCCCCCC)CC1,KW_2014,KW_2014,0
-4.1112514,-0.306936889,CCCCCCCCCCCCCCOC(=O)CCN1CCOCCN(CCC(=O)OCCCCCCCCCCCCCC)CCN(CCC(=O)OCCCCCCCCCCCCCC)CC1,KW_2014,KW_2014,0
-3.7146666,-0.902994601,CCCCCCCCCCCCCOC(=O)CCN(C)c1ccc(Cc2ccc(N(CCC(=O)OCCCCCCCCCCCCC)CCC(=O)OCCCCCCCCCCCCC)cc2)cc1,KW_2014,KW_2014,0
-4.668139,-0.778464033,CCCCCCCCCCCCCOC(=O)CCN(C)c1ccccc1N(CCC(=O)OCCCCCCCCCCCCC)CCC(=O)OCCCCCCCCCCCCC,KW_2014,KW_2014,0
-2.9595664,-0.515221916,CCCCCCCCCCCCCOC(=O)CCN(C)CCCCCCN(C)CCC(=O)OCCCCCCCCCCCCC,KW_2014,KW_2014,0
-3.1592321,2.269460919,CCCCCCCCCCCCCOC(=O)CCN(C)CCCN(CC)CCCN(C)CCC(=O)OCCCCCCCCCCCCC,KW_2014,KW_2014,2
-3.1341836,1.600501004,CCCCCCCCCCCCCOC(=O)CCN(C)CCCN(CCC(=O)OCCCCCCCCCCCCC)CCC(=O)OCCCCCCCCCCCCC,KW_2014,KW_2014,2
-5.046752,-0.101306532,CCCCCCCCCCCCCOC(=O)CCN(C)CCN(C)CCC(=O)OCCCCCCCCCCCCC,KW_2014,KW_2014,1
-3.1471784,0.475829079,CCCCCCCCCCCCCOC(=O)CCN(C)CCN(CCC(=O)OCCCCCCCCCCCCC)CCC(=O)OCCCCCCCCCCCCC,KW_2014,KW_2014,1
-3.9109433,4.207604886,CCCCCCCCCCCCCOC(=O)CCN(C)CCN(CCN(C)CCC(=O)OCCCCCCCCCCCCC)CCN(C)CCC(=O)OCCCCCCCCCCCCC,KW_2014,KW_2014,3
-3.7512672,-0.011999566,CCCCCCCCCCCCCOC(=O)CCN(C)CCOCCN(C)CCC(=O)OCCCCCCCCCCCCC,KW_2014,KW_2014,1
-3.6808796,-0.457811661,CCCCCCCCCCCCCOC(=O)CCN(C)CCOCCOCCN(C)CCC(=O)OCCCCCCCCCCCCC,KW_2014,KW_2014,0
-3.6808796,-0.582243433,CCCCCCCCCCCCCOC(=O)CCN(C)CCOCCOCCN(C)CCC(=O)OCCCCCCCCCCCCC,KW_2014,KW_2014,0
-3.6021066,-0.222358772,CCCCCCCCCCCCCOC(=O)CCN(c1ccccc1)c1ccc(-c2ccc(N(CCC(=O)OCCCCCCCCCCCCC)c3ccccc3)cc2)cc1,KW_2014,KW_2014,0
-3.2698138,2.708800522,CCCCCCCCCCCCCOC(=O)CCN(CC(C)N(CCC(=O)OCCCCCCCCCCCCC)CCC(=O)OCCCCCCCCCCCCC)CC(C)N(CCC(=O)OCCCCCCCCCCCCC)CCC(=O)OCCCCCCCCCCCCC,KW_2014,KW_2014,2
-3.576016,0.888044856,CCCCCCCCCCCCCOC(=O)CCN(CC)CCCN(CC)CCC(=O)OCCCCCCCCCCCCC,KW_2014,KW_2014,1
-5.507083,0.235026805,CCCCCCCCCCCCCOC(=O)CCN(CC)CCN(CC)CCC(=O)OCCCCCCCCCCCCC,KW_2014,KW_2014,1
-3.385195,0.479320366,CCCCCCCCCCCCCOC(=O)CCN(CC)CCN(CCC(=O)OCCCCCCCCCCCCC)CCC(=O)OCCCCCCCCCCCCC,KW_2014,KW_2014,1
-4.344356,-0.121789896,CCCCCCCCCCCCCOC(=O)CCN(CCC(=O)OCCCCCCCCCCCCC)[C@H](c1ccccc1)[C@H](c1ccccc1)N(CCC(=O)OCCCCCCCCCCCCC)CCC(=O)OCCCCCCCCCCCCC,KW_2014,KW_2014,1
-5.1467757,-0.108692245,CCCCCCCCCCCCCOC(=O)CCN(CCC(=O)OCCCCCCCCCCCCC)[C@@H](CO)CC(C)C,KW_2014,KW_2014,1
-5.1467757,0.151539555,CCCCCCCCCCCCCOC(=O)CCN(CCC(=O)OCCCCCCCCCCCCC)[C@@H](CO)CC(C)C,KW_2014,KW_2014,1
-3.5313175,0.697394955,CCCCCCCCCCCCCOC(=O)CCN(CCC(=O)OCCCCCCCCCCCCC)[C@@H]1CCCC[C@H]1N(CCC(=O)OCCCCCCCCCCCCC)CCC(=O)OCCCCCCCCCCCCC,KW_2014,KW_2014,1
-2.6712599,0.34809963,CCCCCCCCCCCCCOC(=O)CCN(CCC(=O)OCCCCCCCCCCCCC)[C@H]1CC[C@H](N(CCC(=O)OCCCCCCCCCCCCC)CCC(=O)OCCCCCCCCCCCCC)CC1,KW_2014,KW_2014,1
-3.5313175,1.126211799,CCCCCCCCCCCCCOC(=O)CCN(CCC(=O)OCCCCCCCCCCCCC)[C@@H]1CCCC[C@@H]1N(CCC(=O)OCCCCCCCCCCCCC)CCC(=O)OCCCCCCCCCCCCC,KW_2014,KW_2014,2
-4.351481,-0.040025417,CCCCCCCCCCCCCOC(=O)CCN(CCC(=O)OCCCCCCCCCCCCC)C(=O)C1CCCN1C,KW_2014,KW_2014,1
-4.798306,-1.124315988,CCCCCCCCCCCCCOC(=O)CCN(CCC(=O)OCCCCCCCCCCCCC)C(C)(C)C,KW_2014,KW_2014,0
-4.0940413,-0.483010456,CCCCCCCCCCCCCOC(=O)CCN(CCC(=O)OCCCCCCCCCCCCC)C(C)(C)CC,KW_2014,KW_2014,0
-4.669099,-0.731561868,CCCCCCCCCCCCCOC(=O)CCN(CCC(=O)OCCCCCCCCCCCCC)C(C)(C)CC(C)(C)C,KW_2014,KW_2014,0
-3.4612455,-0.32314694,CCCCCCCCCCCCCOC(=O)CCN(CCC(=O)OCCCCCCCCCCCCC)C(C)(CO)CO,KW_2014,KW_2014,0
-4.760602,-0.104525426,CCCCCCCCCCCCCOC(=O)CCN(CCC(=O)OCCCCCCCCCCCCC)C(C)C,KW_2014,KW_2014,1
-5.575208,-0.554219878,CCCCCCCCCCCCCOC(=O)CCN(CCC(=O)OCCCCCCCCCCCCC)C(C)C(C)C,KW_2014,KW_2014,0
-4.234168,-0.477819305,CCCCCCCCCCCCCOC(=O)CCN(CCC(=O)OCCCCCCCCCCCCC)C(C)c1ccc(C)cc1,KW_2014,KW_2014,0
-4.313632,-0.517664772,CCCCCCCCCCCCCOC(=O)CCN(CCC(=O)OCCCCCCCCCCCCC)C(C)CC,KW_2014,KW_2014,0
-4.3987694,-0.476467961,CCCCCCCCCCCCCOC(=O)CCN(CCC(=O)OCCCCCCCCCCCCC)C(C)CCC,KW_2014,KW_2014,0
-4.6501627,-0.22887532,CCCCCCCCCCCCCOC(=O)CCN(CCC(=O)OCCCCCCCCCCCCC)C(C)CO,KW_2014,KW_2014,0
-4.6113133,-0.493404239,CCCCCCCCCCCCCOC(=O)CCN(CCC(=O)OCCCCCCCCCCCCC)C(c1ccccc1)(c1ccccc1)c1ccccc1,KW_2014,KW_2014,0
-4.195538,-0.342227681,CCCCCCCCCCCCCOC(=O)CCN(CCC(=O)OCCCCCCCCCCCCC)C(c1ccccc1)c1ccccc1,KW_2014,KW_2014,0
-4.8082542,-0.284933659,CCCCCCCCCCCCCOC(=O)CCN(CCC(=O)OCCCCCCCCCCCCC)C(CC)CC,KW_2014,KW_2014,0
-3.0458,-0.093256814,CCCCCCCCCCCCCOC(=O)CCN(CCC(=O)OCCCCCCCCCCCCC)C(CO)(CO)CO,KW_2014,KW_2014,1
-6.050381,-0.487664094,CCCCCCCCCCCCCOC(=O)CCN(CCC(=O)OCCCCCCCCCCCCC)C(CO)C(C)(C)C,KW_2014,KW_2014,0
-2.4941914,-0.549691926,CCCCCCCCCCCCCOC(=O)CCN(CCC(=O)OCCCCCCCCCCCCC)C[C@@H](C)O,KW_2014,KW_2014,0
-3.7012794,0.008903547,CCCCCCCCCCCCCOC(=O)CCN(CCC(=O)OCCCCCCCCCCCCC)C[C@@H]1CCCN1CC,KW_2014,KW_2014,1
-3.7012794,0.557472179,CCCCCCCCCCCCCOC(=O)CCN(CCC(=O)OCCCCCCCCCCCCC)C[C@H]1CCCN1CC,KW_2014,KW_2014,1
-1.8844146,-0.196283751,CCCCCCCCCCCCCOC(=O)CCN(CCC(=O)OCCCCCCCCCCCCC)C12C[C@H]3C[C@@H](C1)C[C@@H](C2)C3,KW_2014,KW_2014,1
-2.974126,-0.446255152,CCCCCCCCCCCCCOC(=O)CCN(CCC(=O)OCCCCCCCCCCCCC)c1c(-c2ccccc2)cc(-c2ccccc2)cc1-c1ccccc1,KW_2014,KW_2014,0
-4.5578794,-0.767050658,CCCCCCCCCCCCCOC(=O)CCN(CCC(=O)OCCCCCCCCCCCCC)c1c(C)c(C)c(N(CCC(=O)OCCCCCCCCCCCCC)CCC(=O)OCCCCCCCCCCCCC)c(C)c1C,KW_2014,KW_2014,0
-2.6552982,0.250567532,CCCCCCCCCCCCCOC(=O)CCN(CCC(=O)OCCCCCCCCCCCCC)c1c(C)cc(-c2cc(C)c(N(CCC(=O)OCCCCCCCCCCCCC)CCC(=O)OCCCCCCCCCCCCC)c(C)c2)cc1C,KW_2014,KW_2014,1
-4.4915013,-0.178327242,CCCCCCCCCCCCCOC(=O)CCN(CCC(=O)OCCCCCCCCCCCCC)c1c(CC)cccc1CC,KW_2014,KW_2014,1
-3.9206688,-0.431661245,CCCCCCCCCCCCCOC(=O)CCN(CCC(=O)OCCCCCCCCCCCCC)c1c(F)cc(F)cc1F,KW_2014,KW_2014,0
-3.1578522,0.247230132,CCCCCCCCCCCCCOC(=O)CCN(CCC(=O)OCCCCCCCCCCCCC)c1c(N(CCC(=O)OCCCCCCCCCCCCC)CCC(=O)OCCCCCCCCCCCCC)c2ccccc2c2ccccc12,KW_2014,KW_2014,1
-4.7819614,-1.086068161,CCCCCCCCCCCCCOC(=O)CCN(CCC(=O)OCCCCCCCCCCCCC)c1cc(C(C)(C)C)ccc1C(C)(C)C,KW_2014,KW_2014,0
-4.227606,-0.726722416,CCCCCCCCCCCCCOC(=O)CCN(CCC(=O)OCCCCCCCCCCCCC)c1cc(C(C)(C)C)ccc1OC,KW_2014,KW_2014,0
-4.0602927,-1.277147572,CCCCCCCCCCCCCOC(=O)CCN(CCC(=O)OCCCCCCCCCCCCC)c1cc(C)c(C)cc1N(CCC(=O)OCCCCCCCCCCCCC)CCC(=O)OCCCCCCCCCCCCC,KW_2014,KW_2014,0
-4.0849495,-0.646462248,CCCCCCCCCCCCCOC(=O)CCN(CCC(=O)OCCCCCCCCCCCCC)c1cc(F)c(F)c(F)c1,KW_2014,KW_2014,0
-4.5693393,0.18700761,CCCCCCCCCCCCCOC(=O)CCN(CCC(=O)OCCCCCCCCCCCCC)c1cc(F)cc(F)c1,KW_2014,KW_2014,1
-4.1241345,-0.284791217,CCCCCCCCCCCCCOC(=O)CCN(CCC(=O)OCCCCCCCCCCCCC)c1cc(F)ccc1F,KW_2014,KW_2014,0
-3.988171,-1.100412523,CCCCCCCCCCCCCOC(=O)CCN(CCC(=O)OCCCCCCCCCCCCC)c1cc(OC)ccc1OC,KW_2014,KW_2014,0
-5.57741,-0.156086334,CCCCCCCCCCCCCOC(=O)CCN(CCC(=O)OCCCCCCCCCCCCC)C1CC1,KW_2014,KW_2014,1
-1.412013,-0.327149508,CCCCCCCCCCCCCOC(=O)CCN(CCC(=O)OCCCCCCCCCCCCC)C1CC2CCC1C2,KW_2014,KW_2014,0
-4.467742,0.890915802,CCCCCCCCCCCCCOC(=O)CCN(CCC(=O)OCCCCCCCCCCCCC)C1Cc2ccccc2C1,KW_2014,KW_2014,1
-3.7301292,-0.398386516,CCCCCCCCCCCCCOC(=O)CCN(CCC(=O)OCCCCCCCCCCCCC)c1ccc(-c2ccc(N(CCC(=O)OCCCCCCCCCCCCC)CCC(=O)OCCCCCCCCCCCCC)c(C)c2)cc1C,KW_2014,KW_2014,0
-3.5693338,-1.277147572,CCCCCCCCCCCCCOC(=O)CCN(CCC(=O)OCCCCCCCCCCCCC)c1ccc(-c2ccc(N(CCC(=O)OCCCCCCCCCCCCC)CCC(=O)OCCCCCCCCCCCCC)c(N(CCC(=O)OCCCCCCCCCCCCC)CCC(=O)OCCCCCCCCCCCCC)c2)cc1N(CCC(=O)OCCCCCCCCCCCCC)CCC(=O)OCCCCCCCCCCCCC,KW_2014,KW_2014,0
-4.8670993,-1.277147572,CCCCCCCCCCCCCOC(=O)CCN(CCC(=O)OCCCCCCCCCCCCC)c1ccc(-c2ccccc2)cc1,KW_2014,KW_2014,0
-4.374496,-0.391319346,CCCCCCCCCCCCCOC(=O)CCN(CCC(=O)OCCCCCCCCCCCCC)c1ccc(C(C)(C)C)cc1,KW_2014,KW_2014,0
-4.686224,0.105438058,CCCCCCCCCCCCCOC(=O)CCN(CCC(=O)OCCCCCCCCCCCCC)c1ccc(C(C)C)cc1,KW_2014,KW_2014,1
-3.5678277,-0.570096209,CCCCCCCCCCCCCOC(=O)CCN(CCC(=O)OCCCCCCCCCCCCC)c1ccc(C)c(F)c1,KW_2014,KW_2014,0
-3.4965727,-0.343864745,CCCCCCCCCCCCCOC(=O)CCN(CCC(=O)OCCCCCCCCCCCCC)c1ccc(C)c(N(CCC(=O)OCCCCCCCCCCCCC)CCC(=O)OCCCCCCCCCCCCC)c1,KW_2014,KW_2014,0
-4.0113754,-0.121592608,CCCCCCCCCCCCCOC(=O)CCN(CCC(=O)OCCCCCCCCCCCCC)c1ccc(C)cc1N(CCC(=O)OCCCCCCCCCCCCC)CCC(=O)OCCCCCCCCCCCCC,KW_2014,KW_2014,1
-3.1504235,0.264843999,CCCCCCCCCCCCCOC(=O)CCN(CCC(=O)OCCCCCCCCCCCCC)c1ccc(C2(c3ccc(N(CCC(=O)OCCCCCCCCCCCCC)CCC(=O)OCCCCCCCCCCCCC)cc3)c3ccccc3-c3ccccc32)cc1,KW_2014,KW_2014,1
-2.362007,-0.084846553,CCCCCCCCCCCCCOC(=O)CCN(CCC(=O)OCCCCCCCCCCCCC)C1CCC(CC2CCC(N(CCC(=O)OCCCCCCCCCCCCC)CCC(=O)OCCCCCCCCCCCCC)C(C)C2)CC1C,KW_2014,KW_2014,1
-3.922338,-0.543078078,CCCCCCCCCCCCCOC(=O)CCN(CCC(=O)OCCCCCCCCCCCCC)c1ccc(Cc2ccc(N(CCC(=O)OCCCCCCCCCCCCC)CCC(=O)OCCCCCCCCCCCCC)cc2)cc1,KW_2014,KW_2014,0
-4.1179843,-0.628210073,CCCCCCCCCCCCCOC(=O)CCN(CCC(=O)OCCCCCCCCCCCCC)c1ccc(F)c(F)c1,KW_2014,KW_2014,0
-4.362476,-0.165058011,CCCCCCCCCCCCCOC(=O)CCN(CCC(=O)OCCCCCCCCCCCCC)c1ccc(F)cc1,KW_2014,KW_2014,1
-3.7266755,0.066935425,CCCCCCCCCCCCCOC(=O)CCN(CCC(=O)OCCCCCCCCCCCCC)c1ccc(F)cc1C(F)(F)F,KW_2014,KW_2014,1
-4.2767797,-0.141581032,CCCCCCCCCCCCCOC(=O)CCN(CCC(=O)OCCCCCCCCCCCCC)c1ccc(N(CCC(=O)OCCCCCCCCCCCCC)c2ccccc2)cc1,KW_2014,KW_2014,1
-3.567585,-0.365336549,CCCCCCCCCCCCCOC(=O)CCN(CCC(=O)OCCCCCCCCCCCCC)c1ccc(N(CCC(=O)OCCCCCCCCCCCCC)CCC(=O)OCCCCCCCCCCCCC)cc1,KW_2014,KW_2014,0
-4.273285,-0.247296589,CCCCCCCCCCCCCOC(=O)CCN(CCC(=O)OCCCCCCCCCCCCC)c1ccc(OC(F)(F)F)cc1,KW_2014,KW_2014,0
-4.5528197,-1.210705916,CCCCCCCCCCCCCOC(=O)CCN(CCC(=O)OCCCCCCCCCCCCC)c1ccc(OC(F)F)cc1,KW_2014,KW_2014,0
-3.906816,-0.140592998,CCCCCCCCCCCCCOC(=O)CCN(CCC(=O)OCCCCCCCCCCCCC)c1ccc(OC)c(F)c1,KW_2014,KW_2014,1
-3.8819525,-0.755327894,CCCCCCCCCCCCCOC(=O)CCN(CCC(=O)OCCCCCCCCCCCCC)c1ccc(Oc2ccc(F)cc2)cc1,KW_2014,KW_2014,0
-3.2057762,0.025193532,CCCCCCCCCCCCCOC(=O)CCN(CCC(=O)OCCCCCCCCCCCCC)c1ccc(Oc2ccc(N(CCC(=O)OCCCCCCCCCCCCC)CCC(=O)OCCCCCCCCCCCCC)cc2)cc1,KW_2014,KW_2014,1
-5.344397,-0.406475288,CCCCCCCCCCCCCOC(=O)CCN(CCC(=O)OCCCCCCCCCCCCC)c1ccc(Oc2ccccc2)cc1,KW_2014,KW_2014,0
-4.34017,-0.727015375,CCCCCCCCCCCCCOC(=O)CCN(CCC(=O)OCCCCCCCCCCCCC)c1ccc(OCCCCCCCC)cc1,KW_2014,KW_2014,0
-4.455345,-0.654064273,CCCCCCCCCCCCCOC(=O)CCN(CCC(=O)OCCCCCCCCCCCCC)C1CCC1,KW_2014,KW_2014,0
-3.5884585,-1.277147572,CCCCCCCCCCCCCOC(=O)CCN(CCC(=O)OCCCCCCCCCCCCC)c1ccc2c(c1)Cc1cc(N(CCC(=O)OCCCCCCCCCCCCC)CCC(=O)OCCCCCCCCCCCCC)ccc1-2,KW_2014,KW_2014,0
-4.4784074,-0.511221889,CCCCCCCCCCCCCOC(=O)CCN(CCC(=O)OCCCCCCCCCCCCC)c1ccc2c(c1)CCCC2,KW_2014,KW_2014,0
-4.6462884,0.14955756,CCCCCCCCCCCCCOC(=O)CCN(CCC(=O)OCCCCCCCCCCCCC)c1ccc2c(c1)OCCO2,KW_2014,KW_2014,1
-4.204307,-1.24795971,CCCCCCCCCCCCCOC(=O)CCN(CCC(=O)OCCCCCCCCCCCCC)c1ccc2c(c1)OCO2,KW_2014,KW_2014,0
-3.327918,-1.277147572,CCCCCCCCCCCCCOC(=O)CCN(CCC(=O)OCCCCCCCCCCCCC)c1ccc2cc3ccccc3cc2c1,KW_2014,KW_2014,0
-4.5753145,0.838598588,CCCCCCCCCCCCCOC(=O)CCN(CCC(=O)OCCCCCCCCCCCCC)C1CCc2ccccc21,KW_2014,KW_2014,1
-2.0905638,-0.451112619,CCCCCCCCCCCCCOC(=O)CCN(CCC(=O)OCCCCCCCCCCCCC)c1ccc2ccccc2c1-c1c(N(CCC(=O)OCCCCCCCCCCCCC)CCC(=O)OCCCCCCCCCCCCC)ccc2ccccc12,KW_2014,KW_2014,0
-4.8222747,-0.263705825,CCCCCCCCCCCCCOC(=O)CCN(CCC(=O)OCCCCCCCCCCCCC)c1cccc(-c2ccccc2)c1,KW_2014,KW_2014,0
-3.5808756,-0.179994893,CCCCCCCCCCCCCOC(=O)CCN(CCC(=O)OCCCCCCCCCCCCC)c1cccc(C(F)(F)F)c1,KW_2014,KW_2014,1
-4.18231,-0.735675129,CCCCCCCCCCCCCOC(=O)CCN(CCC(=O)OCCCCCCCCCCCCC)c1cccc(C)c1N(CCC(=O)OCCCCCCCCCCCCC)CCC(=O)OCCCCCCCCCCCCC,KW_2014,KW_2014,0
-4.0665,-1.277147572,CCCCCCCCCCCCCOC(=O)CCN(CCC(=O)OCCCCCCCCCCCCC)c1cccc(F)c1,KW_2014,KW_2014,0
-2.9358456,0.796963828,CCCCCCCCCCCCCOC(=O)CCN(CCC(=O)OCCCCCCCCCCCCC)C1CCCC(N(CCC(=O)OCCCCCCCCCCCCC)CCC(=O)OCCCCCCCCCCCCC)C1,KW_2014,KW_2014,1
-3.7346325,0.071910772,CCCCCCCCCCCCCOC(=O)CCN(CCC(=O)OCCCCCCCCCCCCC)c1cccc(N(CCC(=O)OCCCCCCCCCCCCC)CCC(=O)OCCCCCCCCCCCCC)c1,KW_2014,KW_2014,1
-3.583794,-0.569072461,CCCCCCCCCCCCCOC(=O)CCN(CCC(=O)OCCCCCCCCCCCCC)c1cccc(N(CCC(=O)OCCCCCCCCCCCCC)CCC(=O)OCCCCCCCCCCCCC)c1C,KW_2014,KW_2014,0
-4.326082,0.015122174,CCCCCCCCCCCCCOC(=O)CCN(CCC(=O)OCCCCCCCCCCCCC)c1cccc(OC(C)C)c1,KW_2014,KW_2014,1
-5.236807,-0.650636706,CCCCCCCCCCCCCOC(=O)CCN(CCC(=O)OCCCCCCCCCCCCC)c1cccc(OCc2ccccc2)c1,KW_2014,KW_2014,0
-4.5920367,-0.401228379,CCCCCCCCCCCCCOC(=O)CCN(CCC(=O)OCCCCCCCCCCCCC)c1cccc2c1CCC2,KW_2014,KW_2014,0
-2.4930646,-0.195264314,CCCCCCCCCCCCCOC(=O)CCN(CCC(=O)OCCCCCCCCCCCCC)c1cccc2cccc(N(CCC(=O)OCCCCCCCCCCCCC)CCC(=O)OCCCCCCCCCCCCC)c12,KW_2014,KW_2014,1
-3.7891312,-0.313012346,CCCCCCCCCCCCCOC(=O)CCN(CCC(=O)OCCCCCCCCCCCCC)C1CCCCC1,KW_2014,KW_2014,0
-4.7654634,-0.757114182,CCCCCCCCCCCCCOC(=O)CCN(CCC(=O)OCCCCCCCCCCCCC)c1ccccc1C(C)(C)C,KW_2014,KW_2014,0
-5.0859575,-0.705888866,CCCCCCCCCCCCCOC(=O)CCN(CCC(=O)OCCCCCCCCCCCCC)c1ccccc1C(C)C,KW_2014,KW_2014,0
-4.960043,-0.140298309,CCCCCCCCCCCCCOC(=O)CCN(CCC(=O)OCCCCCCCCCCCCC)c1ccccc1Cc1ccccc1,KW_2014,KW_2014,1
-4.154657,-0.710173111,CCCCCCCCCCCCCOC(=O)CCN(CCC(=O)OCCCCCCCCCCCCC)c1ccccc1N(CCC(=O)OCCCCCCCCCCCCC)c1ccccc1,KW_2014,KW_2014,0
-4.722356,-0.346069928,CCCCCCCCCCCCCOC(=O)CCN(CCC(=O)OCCCCCCCCCCCCC)c1ccccc1OC,KW_2014,KW_2014,0
-5.004743,-1.086365027,CCCCCCCCCCCCCOC(=O)CCN(CCC(=O)OCCCCCCCCCCCCC)c1ccccc1Oc1ccccc1,KW_2014,KW_2014,0
-4.9338675,-1.277147572,CCCCCCCCCCCCCOC(=O)CCN(CCC(=O)OCCCCCCCCCCCCC)c1ccccc1OCC,KW_2014,KW_2014,0
-3.9157352,-0.277349745,CCCCCCCCCCCCCOC(=O)CCN(CCC(=O)OCCCCCCCCCCCCC)C1CCCCCCC1,KW_2014,KW_2014,0
-4.5382786,-1.277147572,CCCCCCCCCCCCCOC(=O)CCN(CCC(=O)OCCCCCCCCCCCCC)C1CCN(C)CC1,KW_2014,KW_2014,0
-3.755155,0.320816715,CCCCCCCCCCCCCOC(=O)CCN(CCC(=O)OCCCCCCCCCCCCC)c1nc(N(CCC(=O)OCCCCCCCCCCCCC)CCC(=O)OCCCCCCCCCCCCC)nc(N(CCC(=O)OCCCCCCCCCCCCC)CCC(=O)OCCCCCCCCCCCCC)n1,KW_2014,KW_2014,1
-4.9199553,-0.499246216,CCCCCCCCCCCCCOC(=O)CCN(CCC(=O)OCCCCCCCCCCCCC)CC(=O)N(C)c1ccccc1,KW_2014,KW_2014,0
-5.381811,-0.023638633,CCCCCCCCCCCCCOC(=O)CCN(CCC(=O)OCCCCCCCCCCCCC)CC(C)(C)CN(C)C,KW_2014,KW_2014,1
-6.483268,0.232741766,CCCCCCCCCCCCCOC(=O)CCN(CCC(=O)OCCCCCCCCCCCCC)CC(C)(C)CO,KW_2014,KW_2014,1
-6.0085726,-0.256715452,CCCCCCCCCCCCCOC(=O)CCN(CCC(=O)OCCCCCCCCCCCCC)CC(C)C,KW_2014,KW_2014,0
-5.9102054,-0.120846952,CCCCCCCCCCCCCOC(=O)CCN(CCC(=O)OCCCCCCCCCCCCC)CC(C)CC,KW_2014,KW_2014,1
-2.7318723,1.79964853,CCCCCCCCCCCCCOC(=O)CCN(CCC(=O)OCCCCCCCCCCCCC)CC(C)N(CCC(=O)OCCCCCCCCCCCCC)CCC(=O)OCCCCCCCCCCCCC,KW_2014,KW_2014,2
-4.9360747,-0.913530368,CCCCCCCCCCCCCOC(=O)CCN(CCC(=O)OCCCCCCCCCCCCC)CC(CC)CCCC,KW_2014,KW_2014,0
-4.4685173,-0.294785151,CCCCCCCCCCCCCOC(=O)CCN(CCC(=O)OCCCCCCCCCCCCC)CC(OC)OC,KW_2014,KW_2014,0
-4.698109,-0.765382895,CCCCCCCCCCCCCOC(=O)CCN(CCC(=O)OCCCCCCCCCCCCC)CC[C@H](C)O,KW_2014,KW_2014,0
-3.580851,0.806173982,CCCCCCCCCCCCCOC(=O)CCN(CCC(=O)OCCCCCCCCCCCCC)CC1(C)CC(N(CCC(=O)OCCCCCCCCCCCCC)CCC(=O)OCCCCCCCCCCCCC)CC(C)(C)C1,KW_2014,KW_2014,1
-2.9374027,-0.523634944,CCCCCCCCCCCCCOC(=O)CCN(CCC(=O)OCCCCCCCCCCCCC)CC12C[C@H]3C[C@@H](C1)C[C@@H](C2)C3,KW_2014,KW_2014,0
-4.0835433,-1.277147572,CCCCCCCCCCCCCOC(=O)CCN(CCC(=O)OCCCCCCCCCCCCC)Cc1cc(C)c(OC)c(OC)c1,KW_2014,KW_2014,0
-4.7573752,0.607836088,CCCCCCCCCCCCCOC(=O)CCN(CCC(=O)OCCCCCCCCCCCCC)Cc1cc(F)ccc1F,KW_2014,KW_2014,1
-5.3289633,-0.17337823,CCCCCCCCCCCCCOC(=O)CCN(CCC(=O)OCCCCCCCCCCCCC)CC1CCC(CN(CCC(=O)OCCCCCCCCCCCCC)CCC(=O)OCCCCCCCCCCCCC)CC1,KW_2014,KW_2014,1
-4.4302745,-0.447740715,CCCCCCCCCCCCCOC(=O)CCN(CCC(=O)OCCCCCCCCCCCCC)CC1CCCC(CN(CCC(=O)OCCCCCCCCCCCCC)CCC(=O)OCCCCCCCCCCCCC)C1,KW_2014,KW_2014,0
-5.350136,1.416640849,CCCCCCCCCCCCCOC(=O)CCN(CCC(=O)OCCCCCCCCCCCCC)Cc1cccc(CN(CCC(=O)OCCCCCCCCCCCCC)CCC(=O)OCCCCCCCCCCCCC)c1,KW_2014,KW_2014,2
-5.270166,-0.267228002,CCCCCCCCCCCCCOC(=O)CCN(CCC(=O)OCCCCCCCCCCCCC)Cc1cccc(F)c1,KW_2014,KW_2014,0
-3.1456206,-0.992985615,CCCCCCCCCCCCCOC(=O)CCN(CCC(=O)OCCCCCCCCCCCCC)Cc1cccc(N(CCC(=O)OCCCCCCCCCCCCC)CCC(=O)OCCCCCCCCCCCCC)c1,KW_2014,KW_2014,0
-5.1756635,-0.499832332,CCCCCCCCCCCCCOC(=O)CCN(CCC(=O)OCCCCCCCCCCCCC)CC1CCCCC1,KW_2014,KW_2014,0
-5.1360874,-1.107176029,CCCCCCCCCCCCCOC(=O)CCN(CCC(=O)OCCCCCCCCCCCCC)Cc1ccccc1F,KW_2014,KW_2014,0
-4.3373513,-1.097195566,CCCCCCCCCCCCCOC(=O)CCN(CCC(=O)OCCCCCCCCCCCCC)Cc1ccccc1N(CCC(=O)OCCCCCCCCCCCCC)CCC(=O)OCCCCCCCCCCCCC,KW_2014,KW_2014,0
-4.7997537,-0.652075617,CCCCCCCCCCCCCOC(=O)CCN(CCC(=O)OCCCCCCCCCCCCC)Cc1ccccc1OC,KW_2014,KW_2014,0
-5.2587876,-0.59062916,CCCCCCCCCCCCCOC(=O)CCN(CCC(=O)OCCCCCCCCCCCCC)Cc1ccccc1OCC,KW_2014,KW_2014,0
-3.9672635,2.370957328,CCCCCCCCCCCCCOC(=O)CCN(CCC(=O)OCCCCCCCCCCCCC)CC1CCCN1C,KW_2014,KW_2014,2
-4.8594956,-0.526692379,CCCCCCCCCCCCCOC(=O)CCN(CCC(=O)OCCCCCCCCCCCCC)CC1CCCN1CCC(=O)OCCCCCCCCCCCCC,KW_2014,KW_2014,0
-5.5937095,-0.145025082,CCCCCCCCCCCCCOC(=O)CCN(CCC(=O)OCCCCCCCCCCCCC)CC1CCCO1,KW_2014,KW_2014,1
-4.851722,0.317256325,CCCCCCCCCCCCCOC(=O)CCN(CCC(=O)OCCCCCCCCCCCCC)CC1CCN(C)CC1,KW_2014,KW_2014,1
-4.554264,-0.200933417,CCCCCCCCCCCCCOC(=O)CCN(CCC(=O)OCCCCCCCCCCCCC)CC1COC(C)(C)O1,KW_2014,KW_2014,1
-5.4786277,-0.024826388,CCCCCCCCCCCCCOC(=O)CCN(CCC(=O)OCCCCCCCCCCCCC)Cc1nccn1C,KW_2014,KW_2014,1
-3.145825,0.829722457,CCCCCCCCCCCCCOC(=O)CCN(CCC(=O)OCCCCCCCCCCCCC)CCC(=O)N1CCN(CCC(=O)OCCCCCCCCCCCCC)CC1,KW_2014,KW_2014,1
-5.9724846,-0.268810209,CCCCCCCCCCCCCOC(=O)CCN(CCC(=O)OCCCCCCCCCCCCC)CCC(C)(C)C,KW_2014,KW_2014,0
-4.6311812,-0.670251025,CCCCCCCCCCCCCOC(=O)CCN(CCC(=O)OCCCCCCCCCCCCC)CCC(C)C,KW_2014,KW_2014,0
-4.8847895,0.294158143,CCCCCCCCCCCCCOC(=O)CCN(CCC(=O)OCCCCCCCCCCCCC)CCC(c1ccccc1)c1ccccc1,KW_2014,KW_2014,1
-4.5794272,0.2451831,CCCCCCCCCCCCCOC(=O)CCN(CCC(=O)OCCCCCCCCCCCCC)CCC1CCC(C)CC1,KW_2014,KW_2014,1
-3.6579175,-0.714129587,CCCCCCCCCCCCCOC(=O)CCN(CCC(=O)OCCCCCCCCCCCCC)CCC1CCC(CC)CC1,KW_2014,KW_2014,0
-2.9205372,-0.044123119,CCCCCCCCCCCCCOC(=O)CCN(CCC(=O)OCCCCCCCCCCCCC)CCc1ccc(OC)c(OC)c1,KW_2014,KW_2014,1
-2.9231563,-0.812808507,CCCCCCCCCCCCCOC(=O)CCN(CCC(=O)OCCCCCCCCCCCCC)CCc1ccc(OC)cc1,KW_2014,KW_2014,0
-3.7804925,-0.800152507,CCCCCCCCCCCCCOC(=O)CCN(CCC(=O)OCCCCCCCCCCCCC)CCc1ccccc1F,KW_2014,KW_2014,0
-6.4678583,-0.186907485,CCCCCCCCCCCCCOC(=O)CCN(CCC(=O)OCCCCCCCCCCCCC)CCC1OCCO1,KW_2014,KW_2014,1
-4.2985926,-0.553910775,CCCCCCCCCCCCCOC(=O)CCN(CCC(=O)OCCCCCCCCCCCCC)CCN(C(C)C)C(C)C,KW_2014,KW_2014,0
-4.825709,0.622580554,CCCCCCCCCCCCCOC(=O)CCN(CCC(=O)OCCCCCCCCCCCCC)CCN(C)C,KW_2014,KW_2014,1
-3.430661,4.289919611,CCCCCCCCCCCCCOC(=O)CCN(CCC(=O)OCCCCCCCCCCCCC)CCN(C)CCCN(C)CCN(CCC(=O)OCCCCCCCCCCCCC)CCC(=O)OCCCCCCCCCCCCC,KW_2014,KW_2014,3
2.4702928,4.273788993,CCCCCCCCCCCCCOC(=O)CCN(CCC(=O)OCCCCCCCCCCCCC)CCN(C)CCN(C)CCN(CCC(=O)OCCCCCCCCCCCCC)CCC(=O)OCCCCCCCCCCCCC,KW_2014,KW_2014,3
-1.9654968,2.477401975,CCCCCCCCCCCCCOC(=O)CCN(CCC(=O)OCCCCCCCCCCCCC)CCN(C)CCN(CCC(=O)OCCCCCCCCCCCCC)CCC(=O)OCCCCCCCCCCCCC,KW_2014,KW_2014,2
-3.4043999,3.262449649,CCCCCCCCCCCCCOC(=O)CCN(CCC(=O)OCCCCCCCCCCCCC)CCN(CC)CCN(CC)CCN(CCC(=O)OCCCCCCCCCCCCC)CCC(=O)OCCCCCCCCCCCCC,KW_2014,KW_2014,2
-4.269166,-1.201295349,CCCCCCCCCCCCCOC(=O)CCN(CCC(=O)OCCCCCCCCCCCCC)CCN(CCC(=O)OCCCCCCCCCCCCC)C(C)C,KW_2014,KW_2014,0
-4.9624386,-0.592212404,CCCCCCCCCCCCCOC(=O)CCN(CCC(=O)OCCCCCCCCCCCCC)CCN(CCC(=O)OCCCCCCCCCCCCC)c1ccccc1,KW_2014,KW_2014,0
-4.1089096,-1.277147572,CCCCCCCCCCCCCOC(=O)CCN(CCC(=O)OCCCCCCCCCCCCC)CCN(CCC(=O)OCCCCCCCCCCCCC)Cc1ccccc1,KW_2014,KW_2014,0
-3.8452501,0.832649197,CCCCCCCCCCCCCOC(=O)CCN(CCC(=O)OCCCCCCCCCCCCC)CCN(CCC(=O)OCCCCCCCCCCCCC)CCC(=O)OCCCCCCCCCCCCC,KW_2014,KW_2014,1
-4.1400814,3.348577114,CCCCCCCCCCCCCOC(=O)CCN(CCC(=O)OCCCCCCCCCCCCC)CCN(CCC(=O)OCCCCCCCCCCCCC)CCN(CC)CC,KW_2014,KW_2014,2
-4.494988,0.789630062,CCCCCCCCCCCCCOC(=O)CCN(CCC(=O)OCCCCCCCCCCCCC)CCN(CCC(=O)OCCCCCCCCCCCCC)CCN(CCC(=O)OCCCCCCCCCCCCC)CCC(=O)OCCCCCCCCCCCCC,KW_2014,KW_2014,1
-4.9631953,1.306978828,CCCCCCCCCCCCCOC(=O)CCN(CCC(=O)OCCCCCCCCCCCCC)CCN(CCC(=O)OCCCCCCCCCCCCC)CCN(CCC(=O)OCCCCCCCCCCCCC)CCN(CCC(=O)OCCCCCCCCCCCCC)CCC(=O)OCCCCCCCCCCCCC,KW_2014,KW_2014,2
-4.688633,1.798042273,CCCCCCCCCCCCCOC(=O)CCN(CCC(=O)OCCCCCCCCCCCCC)CCN(CCC(=O)OCCCCCCCCCCCCC)CCN(CCC(=O)OCCCCCCCCCCCCC)CCN(CCC(=O)OCCCCCCCCCCCCC)CCN(CCC(=O)OCCCCCCCCCCCCC)CCC(=O)OCCCCCCCCCCCCC,KW_2014,KW_2014,2
-4.6435294,-0.951397358,CCCCCCCCCCCCCOC(=O)CCN(CCC(=O)OCCCCCCCCCCCCC)CCN(CCC(=O)OCCCCCCCCCCCCC)CCN(CCC(=O)OCCCCCCCCCCCCC)CCN(CCC(=O)OCCCCCCCCCCCCC)CCN(CCC(=O)OCCCCCCCCCCCCC)CCN(CCC(=O)OCCCCCCCCCCCCC)CCC(=O)OCCCCCCCCCCCCC,KW_2014,KW_2014,0
-2.272669,1.524343548,CCCCCCCCCCCCCOC(=O)CCN(CCC(=O)OCCCCCCCCCCCCC)CCN(CCC(=O)OCCCCCCCCCCCCC)CCN1CCN(CCN(CCC(=O)OCCCCCCCCCCCCC)CCC(=O)OCCCCCCCCCCCCC)CC1,KW_2014,KW_2014,2
-3.0834148,0.284421298,CCCCCCCCCCCCCOC(=O)CCN(CCC(=O)OCCCCCCCCCCCCC)CCN(CCCCCCCCCCCC)CCN(CCC(=O)OCCCCCCCCCCCCC)CCC(=O)OCCCCCCCCCCCCC,KW_2014,KW_2014,1
-4.6422915,0.285732973,CCCCCCCCCCCCCOC(=O)CCN(CCC(=O)OCCCCCCCCCCCCC)CCN(CCN(CCC(=O)OCCCCCCCCCCCCC)CCC(=O)OCCCCCCCCCCCCC)CCN(CCC(=O)OCCCCCCCCCCCCC)CCC(=O)OCCCCCCCCCCCCC,KW_2014,KW_2014,1
-3.4764647,0.932923026,CCCCCCCCCCCCCOC(=O)CCN(CCC(=O)OCCCCCCCCCCCCC)CCN(CCO)CCO,KW_2014,KW_2014,1
-5.503731,0.305237047,CCCCCCCCCCCCCOC(=O)CCN(CCC(=O)OCCCCCCCCCCCCC)CCN1CCCC1,KW_2014,KW_2014,1
-5.87794,0.342332387,CCCCCCCCCCCCCOC(=O)CCN(CCC(=O)OCCCCCCCCCCCCC)CCN1CCCCC1,KW_2014,KW_2014,1
-3.4392047,0.397436355,CCCCCCCCCCCCCOC(=O)CCN(CCC(=O)OCCCCCCCCCCCCC)CCN1CCN(CCC(=O)OCCCCCCCCCCCCC)CC1,KW_2014,KW_2014,1
-2.5079236,4.135997405,CCCCCCCCCCCCCOC(=O)CCN(CCC(=O)OCCCCCCCCCCCCC)CCN1CCN(CCN(CCC(=O)OCCCCCCCCCCCCC)CCC(=O)OCCCCCCCCCCCCC)CC1,KW_2014,KW_2014,2
-5.328714,-0.160142173,CCCCCCCCCCCCCOC(=O)CCN(CCC(=O)OCCCCCCCCCCCCC)CCN1CCOCC1,KW_2014,KW_2014,1
-4.760952,0.146326756,CCCCCCCCCCCCCOC(=O)CCN(CCC(=O)OCCCCCCCCCCCCC)CN(CC)CCC,KW_2014,KW_2014,1
-4.719012,0.13660566,CCCCCCCCCCCCCOC(=O)CCN(CCC)CCC(=O)OCCCCCCCCCCCCC,KW_2014,KW_2014,1
-2.8673353,-0.341011135,CCCCCCCCCCCCCOC(=O)CCN(CCC)CCCN(CCC(=O)OCCCCCCCCCCCCC)CCC(=O)OCCCCCCCCCCCCC,KW_2014,KW_2014,0
-5.035475,-0.305398019,CCCCCCCCCCCCCOC(=O)CCN(CCCC)CCC(=O)OCCCCCCCCCCCCC,KW_2014,KW_2014,0
-5.2135305,-0.212261682,CCCCCCCCCCCCCOC(=O)CCN(CCCc1ccccc1)CCC(=O)OCCCCCCCCCCCCC,KW_2014,KW_2014,0
-5.3491096,0.150399358,CCCCCCCCCCCCCOC(=O)CCN(CCCCC)CCC(=O)OCCCCCCCCCCCCC,KW_2014,KW_2014,1
-5.2384367,-0.889204225,CCCCCCCCCCCCCOC(=O)CCN(CCCCc1ccccc1)CCC(=O)OCCCCCCCCCCCCC,KW_2014,KW_2014,0
-5.2406397,0.26383055,CCCCCCCCCCCCCOC(=O)CCN(CCCCCC)CCC(=O)OCCCCCCCCCCCCC,KW_2014,KW_2014,1
-5.3594813,0.132572136,CCCCCCCCCCCCCOC(=O)CCN(CCCCCCCCN(CCC(=O)OCCCCCCCCCCCCC)CCC(=O)OCCCCCCCCCCCCC)CCC(=O)OCCCCCCCCCCCCC,KW_2014,KW_2014,1
-4.301409,-0.041005,CCCCCCCCCCCCCOC(=O)CCN(CCCCCCN(CCC(=O)OCCCCCCCCCCCCC)CCC(=O)OCCCCCCCCCCCCC)CCCCCCN(CCC(=O)OCCCCCCCCCCCCC)CCC(=O)OCCCCCCCCCCCCC,KW_2014,KW_2014,1
-5.097668,1.76050571,CCCCCCCCCCCCCOC(=O)CCN(CCCCCCO)CCC(=O)OCCCCCCCCCCCCC,KW_2014,KW_2014,2
-5.7766047,0.601254467,CCCCCCCCCCCCCOC(=O)CCN(CCCCCO)CCC(=O)OCCCCCCCCCCCCC,KW_2014,KW_2014,1
-3.302483,0.452248348,CCCCCCCCCCCCCOC(=O)CCN(CCCCN(C)Cc1ccccc1)CCC(=O)OCCCCCCCCCCCCC,KW_2014,KW_2014,1
-4.0466776,-0.056652789,CCCCCCCCCCCCCOC(=O)CCN(CCCCN1CCN(C)CC1)CCC(=O)OCCCCCCCCCCCCC,KW_2014,KW_2014,1
-5.666256,0.818680562,CCCCCCCCCCCCCOC(=O)CCN(CCCCO)CCC(=O)OCCCCCCCCCCCCC,KW_2014,KW_2014,1
-3.7839658,-0.611434723,CCCCCCCCCCCCCOC(=O)CCN(CCCN(C)C)CCC(=O)OCCCCCCCCCCCCC,KW_2014,KW_2014,0
-3.7839658,0.749059233,CCCCCCCCCCCCCOC(=O)CCN(CCCN(C)C)CCC(=O)OCCCCCCCCCCCCC,KW_2014,KW_2014,1
-2.6760783,-0.613063146,CCCCCCCCCCCCCOC(=O)CCN(CCCN(C)C)CCCN(CCC(=O)OCCCCCCCCCCCCC)CCC(=O)OCCCCCCCCCCCCC,KW_2014,KW_2014,0
-1.1102935,4.064084644,CCCCCCCCCCCCCOC(=O)CCN(CCCN(C)CCCN(CCC(=O)OCCCCCCCCCCCCC)CCC(=O)OCCCCCCCCCCCCC)CCC(=O)OCCCCCCCCCCCCC,KW_2014,KW_2014,2
-2.460364,0.822586027,CCCCCCCCCCCCCOC(=O)CCN(CCCN(CC)CC)CCC(=O)OCCCCCCCCCCCCC,KW_2014,KW_2014,1
-3.6618583,1.344391196,CCCCCCCCCCCCCOC(=O)CCN(CCCN(CCC(=O)OCCCCCCCCCCCCC)CCC(=O)OCCCCCCCCCCCCC)CCC(=O)OCCCCCCCCCCCCC,KW_2014,KW_2014,2
-2.5919375,1.419745192,CCCCCCCCCCCCCOC(=O)CCN(CCCN(CCC(=O)OCCCCCCCCCCCCC)CCC(=O)OCCCCCCCCCCCCC)CCCN(CCC(=O)OCCCCCCCCCCCCC)CCC(=O)OCCCCCCCCCCCCC,KW_2014,KW_2014,2
-3.126202,1.010909127,CCCCCCCCCCCCCOC(=O)CCN(CCCN(CCC(=O)OCCCCCCCCCCCCC)CCN(CCC(=O)OCCCCCCCCCCCCC)CCC(=O)OCCCCCCCCCCCCC)CCC(=O)OCCCCCCCCCCCCC,KW_2014,KW_2014,2
-4.207068,-0.322703082,CCCCCCCCCCCCCOC(=O)CCN(CCCN(CCC(=O)OCCCCCCCCCCCCC)CCN(CCC(=O)OCCCCCCCCCCCCC)CCC(=O)OCCCCCCCCCCCCC)CCN(CCC(=O)OCCCCCCCCCCCCC)CCC(=O)OCCCCCCCCCCCCC,KW_2014,KW_2014,0
-3.4955976,-0.021647842,CCCCCCCCCCCCCOC(=O)CCN(CCCN(CCCN(CCC(=O)OCCCCCCCCCCCCC)CCC(=O)OCCCCCCCCCCCCC)CCC(=O)OCCCCCCCCCCCCC)CCCN(CCC(=O)OCCCCCCCCCCCCC)CCC(=O)OCCCCCCCCCCCCC,KW_2014,KW_2014,1
-1.9835267,-0.487996156,CCCCCCCCCCCCCOC(=O)CCN(CCCN1CCN(C(C)C)CC1)CCC(=O)OCCCCCCCCCCCCC,KW_2014,KW_2014,0
-2.0513365,2.109176503,CCCCCCCCCCCCCOC(=O)CCN(CCCN1CCN(CCCN(CCC(=O)OCCCCCCCCCCCCC)CCC(=O)OCCCCCCCCCCCCC)CC1)CCC(=O)OCCCCCCCCCCCCC,KW_2014,KW_2014,2
-4.869124,-0.102893753,CCCCCCCCCCCCCOC(=O)CCN(CCCn1ccnc1)CCC(=O)OCCCCCCCCCCCCC,KW_2014,KW_2014,1
-4.411721,0.10504264,CCCCCCCCCCCCCOC(=O)CCN(CCCN1CCOCC1)CCC(=O)OCCCCCCCCCCCCC,KW_2014,KW_2014,1
-5.3334627,0.728788375,CCCCCCCCCCCCCOC(=O)CCN(CCCO)CCC(=O)OCCCCCCCCCCCCC,KW_2014,KW_2014,1
-3.6134775,-0.780548015,CCCCCCCCCCCCCOC(=O)CCN(CCCOC(C)C)CCC(=O)OCCCCCCCCCCCCC,KW_2014,KW_2014,0
-4.363387,-0.234386869,CCCCCCCCCCCCCOC(=O)CCN(CCCOC)CCC(=O)OCCCCCCCCCCCCC,KW_2014,KW_2014,0
-4.363387,0.323161747,CCCCCCCCCCCCCOC(=O)CCN(CCCOC)CCC(=O)OCCCCCCCCCCCCC,KW_2014,KW_2014,1
-4.8372927,-0.088904592,CCCCCCCCCCCCCOC(=O)CCN(CCCOCCCCOCCCN(CCC(=O)OCCCCCCCCCCCCC)CCC(=O)OCCCCCCCCCCCCC)CCC(=O)OCCCCCCCCCCCCC,KW_2014,KW_2014,1
-3.0875747,-0.095178536,CCCCCCCCCCCCCOC(=O)CCN(CCCOCCOCCOCCCN(CCC(=O)OCCCCCCCCCCCCC)CCC(=O)OCCCCCCCCCCCCC)CCC(=O)OCCCCCCCCCCCCC,KW_2014,KW_2014,1
-4.3043766,-0.128441833,CCCCCCCCCCCCCOC(=O)CCN(CCN(CCC(=O)OCCCCCCCCCCCCC)C(C)(C)C)C(C)(C)C,KW_2014,KW_2014,1
-5.3420796,-0.613571392,CCCCCCCCCCCCCOC(=O)CCN(CCN(CCC(=O)OCCCCCCCCCCCCC)C(C)C)C(C)C,KW_2014,KW_2014,0
-4.6793985,0.485979315,CCCCCCCCCCCCCOC(=O)CCN(CCO)CCC(=O)OCCCCCCCCCCCCC,KW_2014,KW_2014,1
-3.1086574,2.208645799,CCCCCCCCCCCCCOC(=O)CCN(CCO)CCN(CCC(=O)OCCCCCCCCCCCCC)CCC(=O)OCCCCCCCCCCCCC,KW_2014,KW_2014,2
-1.6225892,0.435134539,CCCCCCCCCCCCCOC(=O)CCN(CCO)CCN(CCO)CCC(=O)OCCCCCCCCCCCCC,KW_2014,KW_2014,1
-1.6225892,-0.728528525,CCCCCCCCCCCCCOC(=O)CCN(CCO)CCN(CCO)CCC(=O)OCCCCCCCCCCCCC,KW_2014,KW_2014,0
-4.3109565,-0.118008733,CCCCCCCCCCCCCOC(=O)CCN(CCOC)CCC(=O)OCCCCCCCCCCCCC,KW_2014,KW_2014,1
-2.922027,-0.446675717,CCCCCCCCCCCCCOC(=O)CCN(CCOCC)CCC(=O)OCCCCCCCCCCCCC,KW_2014,KW_2014,0
-3.414166,1.234598701,CCCCCCCCCCCCCOC(=O)CCN(CCOCCN1CCCC1)CCC(=O)OCCCCCCCCCCCCC,KW_2014,KW_2014,2
-4.82241,0.715598076,CCCCCCCCCCCCCOC(=O)CCN(CCOCCO)CCC(=O)OCCCCCCCCCCCCC,KW_2014,KW_2014,1
-4.82241,0.480249493,CCCCCCCCCCCCCOC(=O)CCN(CCOCCO)CCC(=O)OCCCCCCCCCCCCC,KW_2014,KW_2014,1
-2.056494,-0.205147203,CCCCCCCCCCCCCOC(=O)CCN(CCOCCOCCN(CCC(=O)OCCCCCCCCCCCCC)CCC(=O)OCCCCCCCCCCCCC)CCC(=O)OCCCCCCCCCCCCC,KW_2014,KW_2014,1
-3.0468986,0.197354031,CCCCCCCCCCCCCOC(=O)CCN(CCOCCOCCOCCN(CCC(=O)OCCCCCCCCCCCCC)CCC(=O)OCCCCCCCCCCCCC)CCC(=O)OCCCCCCCCCCCCC,KW_2014,KW_2014,1
-3.1599135,0.609141919,CCCCCCCCCCCCCOC(=O)CCN1C(C)N(CCC(=O)OCCCCCCCCCCCCC)C(C)N(CCC(=O)OCCCCCCCCCCCCC)C1C,KW_2014,KW_2014,1
-5.57182,0.864518553,CCCCCCCCCCCCCOC(=O)CCN1CC[C@@H](N(CCC(=O)OCCCCCCCCCCCCC)CCC(=O)OCCCCCCCCCCCCC)C1,KW_2014,KW_2014,1
-6.340085,-0.292712673,CCCCCCCCCCCCCOC(=O)CCN1CCC(N(CCC(=O)OCCCCCCCCCCCCC)CCC(=O)OCCCCCCCCCCCCC)CC1,KW_2014,KW_2014,0
-3.3534513,0.216335356,CCCCCCCCCCCCCOC(=O)CCN1CCCCN(C)CCN(CCC(=O)OCCCCCCCCCCCCC)CCCN(C)CC1,KW_2014,KW_2014,1
-3.6486564,0.135435563,CCCCCCCCCCCCCOC(=O)CCN1CCCN(CCC(=O)OCCCCCCCCCCCCC)CCCN(CCC(=O)OCCCCCCCCCCCCC)CCC1,KW_2014,KW_2014,1
-4.2381516,0.211419322,CCCCCCCCCCCCCOC(=O)CCN1CCCN(CCC(=O)OCCCCCCCCCCCCC)CCCN(CCC(=O)OCCCCCCCCCCCCC)CCN(CCC(=O)OCCCCCCCCCCCCC)CCC1,KW_2014,KW_2014,1
-4.616338,-0.132831648,CCCCCCCCCCCCCOC(=O)CCN1CCCN(CCC(=O)OCCCCCCCCCCCCC)CCN(CCC(=O)OCCCCCCCCCCCCC)CCCN(CCC(=O)OCCCCCCCCCCCCC)CC1,KW_2014,KW_2014,1
-4.787259,0.075881023,CCCCCCCCCCCCCOC(=O)CCN1CCCN(CCC(=O)OCCCCCCCCCCCCC)CCN(CCC(=O)OCCCCCCCCCCCCC)CCN(CCC(=O)OCCCCCCCCCCCCC)CC1,KW_2014,KW_2014,1
-2.5830302,-0.301789694,CCCCCCCCCCCCCOC(=O)CCN1CCN(CCC(=O)OCCCCCCCCCCCCC)[C@H](C)C1,KW_2014,KW_2014,0
-3.8340728,-0.440303811,CCCCCCCCCCCCCOC(=O)CCN1CCN(CCC(=O)OCCCCCCCCCCCCC)C(c2ccccc2)C1,KW_2014,KW_2014,0
-3.2510152,1.161499193,CCCCCCCCCCCCCOC(=O)CCN1CCN(CCC(=O)OCCCCCCCCCCCCC)C2C1N(CCC(=O)OCCCCCCCCCCCCC)CCN2CCC(=O)OCCCCCCCCCCCCC,KW_2014,KW_2014,2
-4.20393,-0.019532344,CCCCCCCCCCCCCOC(=O)CCN1CCN(CCC(=O)OCCCCCCCCCCCCC)CC1,KW_2014,KW_2014,1
-4.5885115,-0.014128303,CCCCCCCCCCCCCOC(=O)CCN1CCN(CCC(=O)OCCCCCCCCCCCCC)CCN(CCC(=O)OCCCCCCCCCCCCC)CCN(CCC(=O)OCCCCCCCCCCCCC)CC1,KW_2014,KW_2014,1
-4.2951813,0.402256313,CCCCCCCCCCCCCOC(=O)CCN1CCOCCN(CCC(=O)OCCCCCCCCCCCCC)CCN(CCC(=O)OCCCCCCCCCCCCC)CC1,KW_2014,KW_2014,1
-3.7102308,-0.555273497,CCCCCCCCCCCCN(CCN(CCC(=O)OCCCCCCCCCC)CCC(=O)OCCCCCCCCCC)CCN(CCC(=O)OCCCCCCCCCC)CCC(=O)OCCCCCCCCCC,KW_2014,KW_2014,0
-3.7397244,0.176394713,CCCCCCCCCCCCN(CCN(CCC(=O)OCCCCCCCCCCC)CCC(=O)OCCCCCCCCCCC)CCN(CCC(=O)OCCCCCCCCCCC)CCC(=O)OCCCCCCCCCCC,KW_2014,KW_2014,1
-3.6991084,-0.374031666,CCCCCCCCCCCCOC(=O)CCN(C)c1ccc(Cc2ccc(N(CCC(=O)OCCCCCCCCCCCC)CCC(=O)OCCCCCCCCCCCC)cc2)cc1,KW_2014,KW_2014,0
-4.676408,-1.008406566,CCCCCCCCCCCCOC(=O)CCN(C)c1ccccc1N(CCC(=O)OCCCCCCCCCCCC)CCC(=O)OCCCCCCCCCCCC,KW_2014,KW_2014,0
-3.0890377,0.028677913,CCCCCCCCCCCCOC(=O)CCN(C)CCCCCCN(C)CCC(=O)OCCCCCCCCCCCC,KW_2014,KW_2014,1
-3.7999957,-0.085710255,CCCCCCCCCCCCOC(=O)CCN(C)CCCN(CC)CCCN(C)CCC(=O)OCCCCCCCCCCCC,KW_2014,KW_2014,1
-2.9404674,0.836587885,CCCCCCCCCCCCOC(=O)CCN(C)CCCN(CCC(=O)OCCCCCCCCCCCC)CCC(=O)OCCCCCCCCCCCC,KW_2014,KW_2014,1
-5.622473,-0.803439617,CCCCCCCCCCCCOC(=O)CCN(C)CCN(C)CCC(=O)OCCCCCCCCCCCC,KW_2014,KW_2014,0
-2.5447288,0.51215259,CCCCCCCCCCCCOC(=O)CCN(C)CCN(CCC(=O)OCCCCCCCCCCCC)CCC(=O)OCCCCCCCCCCCC,KW_2014,KW_2014,1
-4.057053,3.006878559,CCCCCCCCCCCCOC(=O)CCN(C)CCN(CCN(C)CCC(=O)OCCCCCCCCCCCC)CCN(C)CCC(=O)OCCCCCCCCCCCC,KW_2014,KW_2014,2
-4.7267485,0.314424779,CCCCCCCCCCCCOC(=O)CCN(C)CCOCCN(C)CCC(=O)OCCCCCCCCCCCC,KW_2014,KW_2014,1
-4.3324122,-0.559776194,CCCCCCCCCCCCOC(=O)CCN(C)CCOCCOCCN(C)CCC(=O)OCCCCCCCCCCCC,KW_2014,KW_2014,0
-4.3324122,0.944900106,CCCCCCCCCCCCOC(=O)CCN(C)CCOCCOCCN(C)CCC(=O)OCCCCCCCCCCCC,KW_2014,KW_2014,1
-3.8848004,-0.373272151,CCCCCCCCCCCCOC(=O)CCN(c1ccccc1)c1ccc(-c2ccc(N(CCC(=O)OCCCCCCCCCCCC)c3ccccc3)cc2)cc1,KW_2014,KW_2014,0
-3.4156826,3.365712434,CCCCCCCCCCCCOC(=O)CCN(CC(C)N(CCC(=O)OCCCCCCCCCCCC)CCC(=O)OCCCCCCCCCCCC)CC(C)N(CCC(=O)OCCCCCCCCCCCC)CCC(=O)OCCCCCCCCCCCC,KW_2014,KW_2014,2
-4.0156684,0.9703095,CCCCCCCCCCCCOC(=O)CCN(CC)CCCN(CC)CCC(=O)OCCCCCCCCCCCC,KW_2014,KW_2014,1
-5.8138747,0.197656079,CCCCCCCCCCCCOC(=O)CCN(CC)CCN(CC)CCC(=O)OCCCCCCCCCCCC,KW_2014,KW_2014,1
-3.309739,0.445039028,CCCCCCCCCCCCOC(=O)CCN(CC)CCN(CCC(=O)OCCCCCCCCCCCC)CCC(=O)OCCCCCCCCCCCC,KW_2014,KW_2014,1
-4.4248815,-0.235745805,CCCCCCCCCCCCOC(=O)CCN(CCC(=O)OCCCCCCCCCCCC)[C@H](c1ccccc1)[C@H](c1ccccc1)N(CCC(=O)OCCCCCCCCCCCC)CCC(=O)OCCCCCCCCCCCC,KW_2014,KW_2014,0
-5.427391,2.469535305,CCCCCCCCCCCCOC(=O)CCN(CCC(=O)OCCCCCCCCCCCC)[C@@H](CO)CC(C)C,KW_2014,KW_2014,2
-5.427391,2.778658505,CCCCCCCCCCCCOC(=O)CCN(CCC(=O)OCCCCCCCCCCCC)[C@@H](CO)CC(C)C,KW_2014,KW_2014,2
-2.558279,1.031332464,CCCCCCCCCCCCOC(=O)CCN(CCC(=O)OCCCCCCCCCCCC)[C@@H]1CCCC[C@H]1N(CCC(=O)OCCCCCCCCCCCC)CCC(=O)OCCCCCCCCCCCC,KW_2014,KW_2014,2
-2.4435906,0.145471134,CCCCCCCCCCCCOC(=O)CCN(CCC(=O)OCCCCCCCCCCCC)[C@H]1CC[C@H](N(CCC(=O)OCCCCCCCCCCCC)CCC(=O)OCCCCCCCCCCCC)CC1,KW_2014,KW_2014,1
-2.558279,0.281304056,CCCCCCCCCCCCOC(=O)CCN(CCC(=O)OCCCCCCCCCCCC)[C@@H]1CCCC[C@@H]1N(CCC(=O)OCCCCCCCCCCCC)CCC(=O)OCCCCCCCCCCCC,KW_2014,KW_2014,1
-4.4894104,-0.200324502,CCCCCCCCCCCCOC(=O)CCN(CCC(=O)OCCCCCCCCCCCC)C(=O)C1CCCN1C,KW_2014,KW_2014,1
-5.5023036,-0.6636094,CCCCCCCCCCCCOC(=O)CCN(CCC(=O)OCCCCCCCCCCCC)C(C)(C)C,KW_2014,KW_2014,0
-4.4763074,-0.412536141,CCCCCCCCCCCCOC(=O)CCN(CCC(=O)OCCCCCCCCCCCC)C(C)(C)CC,KW_2014,KW_2014,0
-4.8921385,-1.031636445,CCCCCCCCCCCCOC(=O)CCN(CCC(=O)OCCCCCCCCCCCC)C(C)(C)CC(C)(C)C,KW_2014,KW_2014,0
-3.8569677,-0.601799484,CCCCCCCCCCCCOC(=O)CCN(CCC(=O)OCCCCCCCCCCCC)C(C)(CO)CO,KW_2014,KW_2014,0
-5.6967506,-0.209971926,CCCCCCCCCCCCOC(=O)CCN(CCC(=O)OCCCCCCCCCCCC)C(C)C,KW_2014,KW_2014,0
-6.1808844,-0.655106813,CCCCCCCCCCCCOC(=O)CCN(CCC(=O)OCCCCCCCCCCCC)C(C)C(C)C,KW_2014,KW_2014,0
-4.635892,-0.326548286,CCCCCCCCCCCCOC(=O)CCN(CCC(=O)OCCCCCCCCCCCC)C(C)c1ccc(C)cc1,KW_2014,KW_2014,0
-5.0017624,-0.313637743,CCCCCCCCCCCCOC(=O)CCN(CCC(=O)OCCCCCCCCCCCC)C(C)CC,KW_2014,KW_2014,0
-4.8989005,-0.385417925,CCCCCCCCCCCCOC(=O)CCN(CCC(=O)OCCCCCCCCCCCC)C(C)CCC,KW_2014,KW_2014,0
-5.1459203,-0.545883593,CCCCCCCCCCCCOC(=O)CCN(CCC(=O)OCCCCCCCCCCCC)C(C)CO,KW_2014,KW_2014,0
-4.712145,0.031333126,CCCCCCCCCCCCOC(=O)CCN(CCC(=O)OCCCCCCCCCCCC)C(c1ccccc1)(c1ccccc1)c1ccccc1,KW_2014,KW_2014,1
-4.4291205,-0.534813891,CCCCCCCCCCCCOC(=O)CCN(CCC(=O)OCCCCCCCCCCCC)C(c1ccccc1)c1ccccc1,KW_2014,KW_2014,0
-5.104855,-0.274148079,CCCCCCCCCCCCOC(=O)CCN(CCC(=O)OCCCCCCCCCCCC)C(CC)CC,KW_2014,KW_2014,0
-3.9702933,-0.442342244,CCCCCCCCCCCCOC(=O)CCN(CCC(=O)OCCCCCCCCCCCC)C(CO)(CO)CO,KW_2014,KW_2014,0
-6.321709,-0.780778162,CCCCCCCCCCCCOC(=O)CCN(CCC(=O)OCCCCCCCCCCCC)C(CO)C(C)(C)C,KW_2014,KW_2014,0
-4.5097847,-0.300057715,CCCCCCCCCCCCOC(=O)CCN(CCC(=O)OCCCCCCCCCCCC)C[C@@H](C)O,KW_2014,KW_2014,0
-4.1443844,-0.278260397,CCCCCCCCCCCCOC(=O)CCN(CCC(=O)OCCCCCCCCCCCC)C[C@@H]1CCCN1CC,KW_2014,KW_2014,0
-4.1443844,0.065694076,CCCCCCCCCCCCOC(=O)CCN(CCC(=O)OCCCCCCCCCCCC)C[C@H]1CCCN1CC,KW_2014,KW_2014,1
-2.074941,-0.158840164,CCCCCCCCCCCCOC(=O)CCN(CCC(=O)OCCCCCCCCCCCC)C12C[C@H]3C[C@@H](C1)C[C@@H](C2)C3,KW_2014,KW_2014,1
-3.225821,-0.777217658,CCCCCCCCCCCCOC(=O)CCN(CCC(=O)OCCCCCCCCCCCC)c1c(-c2ccccc2)cc(-c2ccccc2)cc1-c1ccccc1,KW_2014,KW_2014,0
-4.411473,-0.865693678,CCCCCCCCCCCCOC(=O)CCN(CCC(=O)OCCCCCCCCCCCC)c1c(C)c(C)c(N(CCC(=O)OCCCCCCCCCCCC)CCC(=O)OCCCCCCCCCCCC)c(C)c1C,KW_2014,KW_2014,0
-2.5453897,0.041807708,CCCCCCCCCCCCOC(=O)CCN(CCC(=O)OCCCCCCCCCCCC)c1c(C)cc(-c2cc(C)c(N(CCC(=O)OCCCCCCCCCCCC)CCC(=O)OCCCCCCCCCCCC)c(C)c2)cc1C,KW_2014,KW_2014,1
-4.54874,-0.297964902,CCCCCCCCCCCCOC(=O)CCN(CCC(=O)OCCCCCCCCCCCC)c1c(CC)cccc1CC,KW_2014,KW_2014,0
-4.1884713,-0.452698618,CCCCCCCCCCCCOC(=O)CCN(CCC(=O)OCCCCCCCCCCCC)c1c(F)cc(F)cc1F,KW_2014,KW_2014,0
-3.5530493,-0.466382237,CCCCCCCCCCCCOC(=O)CCN(CCC(=O)OCCCCCCCCCCCC)c1c(N(CCC(=O)OCCCCCCCCCCCC)CCC(=O)OCCCCCCCCCCCC)c2ccccc2c2ccccc12,KW_2014,KW_2014,0
-5.1073856,-0.947375141,CCCCCCCCCCCCOC(=O)CCN(CCC(=O)OCCCCCCCCCCCC)c1cc(C(C)(C)C)ccc1C(C)(C)C,KW_2014,KW_2014,0
-4.3223453,-1.151005678,CCCCCCCCCCCCOC(=O)CCN(CCC(=O)OCCCCCCCCCCCC)c1cc(C(C)(C)C)ccc1OC,KW_2014,KW_2014,0
-3.9627748,-1.277147572,CCCCCCCCCCCCOC(=O)CCN(CCC(=O)OCCCCCCCCCCCC)c1cc(C)c(C)cc1N(CCC(=O)OCCCCCCCCCCCC)CCC(=O)OCCCCCCCCCCCC,KW_2014,KW_2014,0
-3.80041,-1.214327581,CCCCCCCCCCCCOC(=O)CCN(CCC(=O)OCCCCCCCCCCCC)c1cc(F)c(F)c(F)c1,KW_2014,KW_2014,0
-4.544217,-0.272597669,CCCCCCCCCCCCOC(=O)CCN(CCC(=O)OCCCCCCCCCCCC)c1cc(F)cc(F)c1,KW_2014,KW_2014,0
-3.9414744,-0.65402303,CCCCCCCCCCCCOC(=O)CCN(CCC(=O)OCCCCCCCCCCCC)c1cc(F)ccc1F,KW_2014,KW_2014,0
-4.0164275,-0.880091448,CCCCCCCCCCCCOC(=O)CCN(CCC(=O)OCCCCCCCCCCCC)c1cc(OC)ccc1OC,KW_2014,KW_2014,0
-5.304365,-0.269886245,CCCCCCCCCCCCOC(=O)CCN(CCC(=O)OCCCCCCCCCCCC)C1CC1,KW_2014,KW_2014,0
-1.4807843,-0.055612433,CCCCCCCCCCCCOC(=O)CCN(CCC(=O)OCCCCCCCCCCCC)C1CC2CCC1C2,KW_2014,KW_2014,1
-4.67554,0.78950938,CCCCCCCCCCCCOC(=O)CCN(CCC(=O)OCCCCCCCCCCCC)C1Cc2ccccc2C1,KW_2014,KW_2014,1
-3.562921,-0.420748094,CCCCCCCCCCCCOC(=O)CCN(CCC(=O)OCCCCCCCCCCCC)c1ccc(-c2ccc(N(CCC(=O)OCCCCCCCCCCCC)CCC(=O)OCCCCCCCCCCCC)c(C)c2)cc1C,KW_2014,KW_2014,0
-3.2957265,-0.958029281,CCCCCCCCCCCCOC(=O)CCN(CCC(=O)OCCCCCCCCCCCC)c1ccc(-c2ccc(N(CCC(=O)OCCCCCCCCCCCC)CCC(=O)OCCCCCCCCCCCC)c(N(CCC(=O)OCCCCCCCCCCCC)CCC(=O)OCCCCCCCCCCCC)c2)cc1N(CCC(=O)OCCCCCCCCCCCC)CCC(=O)OCCCCCCCCCCCC,KW_2014,KW_2014,0
-4.7213144,-1.277147572,CCCCCCCCCCCCOC(=O)CCN(CCC(=O)OCCCCCCCCCCCC)c1ccc(-c2ccccc2)cc1,KW_2014,KW_2014,0
-4.216038,-0.331617909,CCCCCCCCCCCCOC(=O)CCN(CCC(=O)OCCCCCCCCCCCC)c1ccc(C(C)(C)C)cc1,KW_2014,KW_2014,0
-4.6301703,-0.228039455,CCCCCCCCCCCCOC(=O)CCN(CCC(=O)OCCCCCCCCCCCC)c1ccc(C(C)C)cc1,KW_2014,KW_2014,0
-3.573485,-0.800586037,CCCCCCCCCCCCOC(=O)CCN(CCC(=O)OCCCCCCCCCCCC)c1ccc(C)c(F)c1,KW_2014,KW_2014,0
-3.1368587,-0.598588753,CCCCCCCCCCCCOC(=O)CCN(CCC(=O)OCCCCCCCCCCCC)c1ccc(C)c(N(CCC(=O)OCCCCCCCCCCCC)CCC(=O)OCCCCCCCCCCCC)c1,KW_2014,KW_2014,0
-3.6435752,-0.274407196,CCCCCCCCCCCCOC(=O)CCN(CCC(=O)OCCCCCCCCCCCC)c1ccc(C)cc1N(CCC(=O)OCCCCCCCCCCCC)CCC(=O)OCCCCCCCCCCCC,KW_2014,KW_2014,0
-3.0789027,0.109577092,CCCCCCCCCCCCOC(=O)CCN(CCC(=O)OCCCCCCCCCCCC)c1ccc(C2(c3ccc(N(CCC(=O)OCCCCCCCCCCCC)CCC(=O)OCCCCCCCCCCCC)cc3)c3ccccc3-c3ccccc32)cc1,KW_2014,KW_2014,1
-2.8060305,0.378923375,CCCCCCCCCCCCOC(=O)CCN(CCC(=O)OCCCCCCCCCCCC)C1CCC(CC2CCC(N(CCC(=O)OCCCCCCCCCCCC)CCC(=O)OCCCCCCCCCCCC)C(C)C2)CC1C,KW_2014,KW_2014,1
-3.4832587,-0.608810192,CCCCCCCCCCCCOC(=O)CCN(CCC(=O)OCCCCCCCCCCCC)c1ccc(Cc2ccc(N(CCC(=O)OCCCCCCCCCCCC)CCC(=O)OCCCCCCCCCCCC)cc2)cc1,KW_2014,KW_2014,0
-3.790033,-0.348545481,CCCCCCCCCCCCOC(=O)CCN(CCC(=O)OCCCCCCCCCCCC)c1ccc(F)c(F)c1,KW_2014,KW_2014,0
-4.00912,-0.245495274,CCCCCCCCCCCCOC(=O)CCN(CCC(=O)OCCCCCCCCCCCC)c1ccc(F)cc1,KW_2014,KW_2014,0
-3.6307538,-0.168968085,CCCCCCCCCCCCOC(=O)CCN(CCC(=O)OCCCCCCCCCCCC)c1ccc(F)cc1C(F)(F)F,KW_2014,KW_2014,1
-4.0707755,-0.073884103,CCCCCCCCCCCCOC(=O)CCN(CCC(=O)OCCCCCCCCCCCC)c1ccc(N(CCC(=O)OCCCCCCCCCCCC)c2ccccc2)cc1,KW_2014,KW_2014,1
-3.9465618,-0.555416733,CCCCCCCCCCCCOC(=O)CCN(CCC(=O)OCCCCCCCCCCCC)c1ccc(N(CCC(=O)OCCCCCCCCCCCC)CCC(=O)OCCCCCCCCCCCC)cc1,KW_2014,KW_2014,0
-3.9850686,-0.251917165,CCCCCCCCCCCCOC(=O)CCN(CCC(=O)OCCCCCCCCCCCC)c1ccc(OC(F)(F)F)cc1,KW_2014,KW_2014,0
-4.8287034,-0.473907328,CCCCCCCCCCCCOC(=O)CCN(CCC(=O)OCCCCCCCCCCCC)c1ccc(OC(F)F)cc1,KW_2014,KW_2014,0
-4.1710043,-0.136830107,CCCCCCCCCCCCOC(=O)CCN(CCC(=O)OCCCCCCCCCCCC)c1ccc(OC)c(F)c1,KW_2014,KW_2014,1
-4.060402,-1.250430892,CCCCCCCCCCCCOC(=O)CCN(CCC(=O)OCCCCCCCCCCCC)c1ccc(Oc2ccc(F)cc2)cc1,KW_2014,KW_2014,0
-3.205217,0.040404046,CCCCCCCCCCCCOC(=O)CCN(CCC(=O)OCCCCCCCCCCCC)c1ccc(Oc2ccc(N(CCC(=O)OCCCCCCCCCCCC)CCC(=O)OCCCCCCCCCCCC)cc2)cc1,KW_2014,KW_2014,1
-5.1738434,-0.436855241,CCCCCCCCCCCCOC(=O)CCN(CCC(=O)OCCCCCCCCCCCC)c1ccc(Oc2ccccc2)cc1,KW_2014,KW_2014,0
-4.4546895,-0.83210581,CCCCCCCCCCCCOC(=O)CCN(CCC(=O)OCCCCCCCCCCCC)c1ccc(OCCCCCCCC)cc1,KW_2014,KW_2014,0
-4.9221697,-0.785374926,CCCCCCCCCCCCOC(=O)CCN(CCC(=O)OCCCCCCCCCCCC)C1CCC1,KW_2014,KW_2014,0
-3.652468,-1.277147572,CCCCCCCCCCCCOC(=O)CCN(CCC(=O)OCCCCCCCCCCCC)c1ccc2c(c1)Cc1cc(N(CCC(=O)OCCCCCCCCCCCC)CCC(=O)OCCCCCCCCCCCC)ccc1-2,KW_2014,KW_2014,0
-4.3873215,0.01784778,CCCCCCCCCCCCOC(=O)CCN(CCC(=O)OCCCCCCCCCCCC)c1ccc2c(c1)CCCC2,KW_2014,KW_2014,1
-4.305618,1.818903993,CCCCCCCCCCCCOC(=O)CCN(CCC(=O)OCCCCCCCCCCCC)c1ccc2c(c1)OCCO2,KW_2014,KW_2014,2
-4.8194423,-1.277147572,CCCCCCCCCCCCOC(=O)CCN(CCC(=O)OCCCCCCCCCCCC)c1ccc2c(c1)OCO2,KW_2014,KW_2014,0
-3.2968495,-1.277147572,CCCCCCCCCCCCOC(=O)CCN(CCC(=O)OCCCCCCCCCCCC)c1ccc2cc3ccccc3cc2c1,KW_2014,KW_2014,0
-4.444278,0.179954645,CCCCCCCCCCCCOC(=O)CCN(CCC(=O)OCCCCCCCCCCCC)C1CCc2ccccc21,KW_2014,KW_2014,1
-2.4306955,-0.379448563,CCCCCCCCCCCCOC(=O)CCN(CCC(=O)OCCCCCCCCCCCC)c1ccc2ccccc2c1-c1c(N(CCC(=O)OCCCCCCCCCCCC)CCC(=O)OCCCCCCCCCCCC)ccc2ccccc12,KW_2014,KW_2014,0
-4.6591415,-0.348573318,CCCCCCCCCCCCOC(=O)CCN(CCC(=O)OCCCCCCCCCCCC)c1cccc(-c2ccccc2)c1,KW_2014,KW_2014,0
-3.6436489,-0.245562548,CCCCCCCCCCCCOC(=O)CCN(CCC(=O)OCCCCCCCCCCCC)c1cccc(C(F)(F)F)c1,KW_2014,KW_2014,0
-3.9050949,-0.403263723,CCCCCCCCCCCCOC(=O)CCN(CCC(=O)OCCCCCCCCCCCC)c1cccc(C)c1N(CCC(=O)OCCCCCCCCCCCC)CCC(=O)OCCCCCCCCCCCC,KW_2014,KW_2014,0
-3.8423996,-1.277147572,CCCCCCCCCCCCOC(=O)CCN(CCC(=O)OCCCCCCCCCCCC)c1cccc(F)c1,KW_2014,KW_2014,0
-3.1382468,0.888885354,CCCCCCCCCCCCOC(=O)CCN(CCC(=O)OCCCCCCCCCCCC)C1CCCC(N(CCC(=O)OCCCCCCCCCCCC)CCC(=O)OCCCCCCCCCCCC)C1,KW_2014,KW_2014,1
-3.592581,0.372861484,CCCCCCCCCCCCOC(=O)CCN(CCC(=O)OCCCCCCCCCCCC)c1cccc(N(CCC(=O)OCCCCCCCCCCCC)CCC(=O)OCCCCCCCCCCCC)c1,KW_2014,KW_2014,1
-3.1499732,-0.27777399,CCCCCCCCCCCCOC(=O)CCN(CCC(=O)OCCCCCCCCCCCC)c1cccc(N(CCC(=O)OCCCCCCCCCCCC)CCC(=O)OCCCCCCCCCCCC)c1C,KW_2014,KW_2014,0
-4.215593,-0.850704718,CCCCCCCCCCCCOC(=O)CCN(CCC(=O)OCCCCCCCCCCCC)c1cccc(OC(C)C)c1,KW_2014,KW_2014,0
-5.253638,-1.083837909,CCCCCCCCCCCCOC(=O)CCN(CCC(=O)OCCCCCCCCCCCC)c1cccc(OCc2ccccc2)c1,KW_2014,KW_2014,0
-4.5485673,-0.347683824,CCCCCCCCCCCCOC(=O)CCN(CCC(=O)OCCCCCCCCCCCC)c1cccc2c1CCC2,KW_2014,KW_2014,0
-3.271691,0.163086033,CCCCCCCCCCCCOC(=O)CCN(CCC(=O)OCCCCCCCCCCCC)c1cccc2cccc(N(CCC(=O)OCCCCCCCCCCCC)CCC(=O)OCCCCCCCCCCCC)c12,KW_2014,KW_2014,1
-3.8989544,-0.335809464,CCCCCCCCCCCCOC(=O)CCN(CCC(=O)OCCCCCCCCCCCC)C1CCCCC1,KW_2014,KW_2014,0
-5.124357,-0.773324424,CCCCCCCCCCCCOC(=O)CCN(CCC(=O)OCCCCCCCCCCCC)c1ccccc1C(C)(C)C,KW_2014,KW_2014,0
-4.912868,-1.16618356,CCCCCCCCCCCCOC(=O)CCN(CCC(=O)OCCCCCCCCCCCC)c1ccccc1C(C)C,KW_2014,KW_2014,0
-4.853926,-0.03817126,CCCCCCCCCCCCOC(=O)CCN(CCC(=O)OCCCCCCCCCCCC)c1ccccc1Cc1ccccc1,KW_2014,KW_2014,1
-3.873989,-0.286881394,CCCCCCCCCCCCOC(=O)CCN(CCC(=O)OCCCCCCCCCCCC)c1ccccc1N(CCC(=O)OCCCCCCCCCCCC)c1ccccc1,KW_2014,KW_2014,0
-4.4374323,0.034545044,CCCCCCCCCCCCOC(=O)CCN(CCC(=O)OCCCCCCCCCCCC)c1ccccc1OC,KW_2014,KW_2014,1
-4.832666,-1.277147572,CCCCCCCCCCCCOC(=O)CCN(CCC(=O)OCCCCCCCCCCCC)c1ccccc1Oc1ccccc1,KW_2014,KW_2014,0
-4.596956,-1.124692991,CCCCCCCCCCCCOC(=O)CCN(CCC(=O)OCCCCCCCCCCCC)c1ccccc1OCC,KW_2014,KW_2014,0
-3.8180828,-0.335157326,CCCCCCCCCCCCOC(=O)CCN(CCC(=O)OCCCCCCCCCCCC)C1CCCCCCC1,KW_2014,KW_2014,0
-5.299779,-1.277147572,CCCCCCCCCCCCOC(=O)CCN(CCC(=O)OCCCCCCCCCCCC)C1CCN(C)CC1,KW_2014,KW_2014,0
-3.5901232,0.450849685,CCCCCCCCCCCCOC(=O)CCN(CCC(=O)OCCCCCCCCCCCC)c1nc(N(CCC(=O)OCCCCCCCCCCCC)CCC(=O)OCCCCCCCCCCCC)nc(N(CCC(=O)OCCCCCCCCCCCC)CCC(=O)OCCCCCCCCCCCC)n1,KW_2014,KW_2014,1
-4.6410728,-0.664411124,CCCCCCCCCCCCOC(=O)CCN(CCC(=O)OCCCCCCCCCCCC)CC(=O)N(C)c1ccccc1,KW_2014,KW_2014,0
-5.6260753,0.110139605,CCCCCCCCCCCCOC(=O)CCN(CCC(=O)OCCCCCCCCCCCC)CC(C)(C)CN(C)C,KW_2014,KW_2014,1
-6.2691655,0.006197859,CCCCCCCCCCCCOC(=O)CCN(CCC(=O)OCCCCCCCCCCCC)CC(C)(C)CO,KW_2014,KW_2014,1
-6.674543,-0.309116411,CCCCCCCCCCCCOC(=O)CCN(CCC(=O)OCCCCCCCCCCCC)CC(C)C,KW_2014,KW_2014,0
-6.4834733,-0.345233628,CCCCCCCCCCCCOC(=O)CCN(CCC(=O)OCCCCCCCCCCCC)CC(C)CC,KW_2014,KW_2014,0
-3.5178127,2.535212968,CCCCCCCCCCCCOC(=O)CCN(CCC(=O)OCCCCCCCCCCCC)CC(C)N(CCC(=O)OCCCCCCCCCCCC)CCC(=O)OCCCCCCCCCCCC,KW_2014,KW_2014,2
-4.8371882,-0.43798354,CCCCCCCCCCCCOC(=O)CCN(CCC(=O)OCCCCCCCCCCCC)CC(CC)CCCC,KW_2014,KW_2014,0
-5.029039,-0.25312253,CCCCCCCCCCCCOC(=O)CCN(CCC(=O)OCCCCCCCCCCCC)CC(OC)OC,KW_2014,KW_2014,0
-5.0064073,-0.644354317,CCCCCCCCCCCCOC(=O)CCN(CCC(=O)OCCCCCCCCCCCC)CC[C@H](C)O,KW_2014,KW_2014,0
-3.6041927,2.910175892,CCCCCCCCCCCCOC(=O)CCN(CCC(=O)OCCCCCCCCCCCC)CC1(C)CC(N(CCC(=O)OCCCCCCCCCCCC)CCC(=O)OCCCCCCCCCCCC)CC(C)(C)C1,KW_2014,KW_2014,2
-3.059089,-0.945275445,CCCCCCCCCCCCOC(=O)CCN(CCC(=O)OCCCCCCCCCCCC)CC12C[C@H]3C[C@@H](C1)C[C@@H](C2)C3,KW_2014,KW_2014,0
-4.1878333,-0.634476193,CCCCCCCCCCCCOC(=O)CCN(CCC(=O)OCCCCCCCCCCCC)Cc1cc(C)c(OC)c(OC)c1,KW_2014,KW_2014,0
-4.224945,0.790755923,CCCCCCCCCCCCOC(=O)CCN(CCC(=O)OCCCCCCCCCCCC)Cc1cc(F)ccc1F,KW_2014,KW_2014,1
-4.713955,0.064671252,CCCCCCCCCCCCOC(=O)CCN(CCC(=O)OCCCCCCCCCCCC)CC1CCC(CN(CCC(=O)OCCCCCCCCCCCC)CCC(=O)OCCCCCCCCCCCC)CC1,KW_2014,KW_2014,1
-4.5907574,-1.154675939,CCCCCCCCCCCCOC(=O)CCN(CCC(=O)OCCCCCCCCCCCC)CC1CCCC(CN(CCC(=O)OCCCCCCCCCCCC)CCC(=O)OCCCCCCCCCCCC)C1,KW_2014,KW_2014,0
-4.537131,3.691088335,CCCCCCCCCCCCOC(=O)CCN(CCC(=O)OCCCCCCCCCCCC)Cc1cccc(CN(CCC(=O)OCCCCCCCCCCCC)CCC(=O)OCCCCCCCCCCCC)c1,KW_2014,KW_2014,2
-4.829527,-0.339667007,CCCCCCCCCCCCOC(=O)CCN(CCC(=O)OCCCCCCCCCCCC)Cc1cccc(F)c1,KW_2014,KW_2014,0
-3.0065987,-0.978194592,CCCCCCCCCCCCOC(=O)CCN(CCC(=O)OCCCCCCCCCCCC)Cc1cccc(N(CCC(=O)OCCCCCCCCCCCC)CCC(=O)OCCCCCCCCCCCC)c1,KW_2014,KW_2014,0
-4.735798,-0.164673709,CCCCCCCCCCCCOC(=O)CCN(CCC(=O)OCCCCCCCCCCCC)CC1CCCCC1,KW_2014,KW_2014,1
-5.1774006,-1.277147572,CCCCCCCCCCCCOC(=O)CCN(CCC(=O)OCCCCCCCCCCCC)Cc1ccccc1F,KW_2014,KW_2014,0
-4.210084,-0.840175362,CCCCCCCCCCCCOC(=O)CCN(CCC(=O)OCCCCCCCCCCCC)Cc1ccccc1N(CCC(=O)OCCCCCCCCCCCC)CCC(=O)OCCCCCCCCCCCC,KW_2014,KW_2014,0
-4.8696575,-0.701070632,CCCCCCCCCCCCOC(=O)CCN(CCC(=O)OCCCCCCCCCCCC)Cc1ccccc1OC,KW_2014,KW_2014,0
-5.1464834,-0.385068408,CCCCCCCCCCCCOC(=O)CCN(CCC(=O)OCCCCCCCCCCCC)Cc1ccccc1OCC,KW_2014,KW_2014,0
-4.675755,-0.242734407,CCCCCCCCCCCCOC(=O)CCN(CCC(=O)OCCCCCCCCCCCC)CC1CCCN1C,KW_2014,KW_2014,0
-4.5912933,2.736871266,CCCCCCCCCCCCOC(=O)CCN(CCC(=O)OCCCCCCCCCCCC)CC1CCCN1CCC(=O)OCCCCCCCCCCCC,KW_2014,KW_2014,2
-6.307195,-0.683855927,CCCCCCCCCCCCOC(=O)CCN(CCC(=O)OCCCCCCCCCCCC)CC1CCCO1,KW_2014,KW_2014,0
-4.9097075,-1.202509367,CCCCCCCCCCCCOC(=O)CCN(CCC(=O)OCCCCCCCCCCCC)CC1CCN(C)CC1,KW_2014,KW_2014,0
-5.0980034,-0.538604816,CCCCCCCCCCCCOC(=O)CCN(CCC(=O)OCCCCCCCCCCCC)CC1COC(C)(C)O1,KW_2014,KW_2014,0
-6.1579576,-0.203729415,CCCCCCCCCCCCOC(=O)CCN(CCC(=O)OCCCCCCCCCCCC)Cc1nccn1C,KW_2014,KW_2014,1
-3.6569633,0.114270655,CCCCCCCCCCCCOC(=O)CCN(CCC(=O)OCCCCCCCCCCCC)CCC(=O)N1CCN(CCC(=O)OCCCCCCCCCCCC)CC1,KW_2014,KW_2014,1
-5.697567,-0.19951276,CCCCCCCCCCCCOC(=O)CCN(CCC(=O)OCCCCCCCCCCCC)CCC(C)(C)C,KW_2014,KW_2014,1
-5.3691077,-0.968418544,CCCCCCCCCCCCOC(=O)CCN(CCC(=O)OCCCCCCCCCCCC)CCC(C)C,KW_2014,KW_2014,0
-4.55731,0.320322084,CCCCCCCCCCCCOC(=O)CCN(CCC(=O)OCCCCCCCCCCCC)CCC(c1ccccc1)c1ccccc1,KW_2014,KW_2014,1
-4.46997,0.014037801,CCCCCCCCCCCCOC(=O)CCN(CCC(=O)OCCCCCCCCCCCC)CCC1CCC(C)CC1,KW_2014,KW_2014,1
-3.8033547,-0.509091184,CCCCCCCCCCCCOC(=O)CCN(CCC(=O)OCCCCCCCCCCCC)CCC1CCC(CC)CC1,KW_2014,KW_2014,0
-3.8717332,-0.215476259,CCCCCCCCCCCCOC(=O)CCN(CCC(=O)OCCCCCCCCCCCC)CCc1ccc(OC)c(OC)c1,KW_2014,KW_2014,0
-3.079688,-0.98456614,CCCCCCCCCCCCOC(=O)CCN(CCC(=O)OCCCCCCCCCCCC)CCc1ccc(OC)cc1,KW_2014,KW_2014,0
-4.1158605,-0.472915591,CCCCCCCCCCCCOC(=O)CCN(CCC(=O)OCCCCCCCCCCCC)CCc1ccccc1F,KW_2014,KW_2014,0
-7.512022,-0.148784765,CCCCCCCCCCCCOC(=O)CCN(CCC(=O)OCCCCCCCCCCCC)CCC1OCCO1,KW_2014,KW_2014,1
-4.3875084,-0.326760644,CCCCCCCCCCCCOC(=O)CCN(CCC(=O)OCCCCCCCCCCCC)CCN(C(C)C)C(C)C,KW_2014,KW_2014,0
-5.4598207,-0.489539254,CCCCCCCCCCCCOC(=O)CCN(CCC(=O)OCCCCCCCCCCCC)CCN(C)C,KW_2014,KW_2014,0
-1.9926357,2.716064439,CCCCCCCCCCCCOC(=O)CCN(CCC(=O)OCCCCCCCCCCCC)CCN(C)CCCN(C)CCN(CCC(=O)OCCCCCCCCCCCC)CCC(=O)OCCCCCCCCCCCC,KW_2014,KW_2014,2
2.9004023,4.313500646,CCCCCCCCCCCCOC(=O)CCN(CCC(=O)OCCCCCCCCCCCC)CCN(C)CCN(C)CCN(CCC(=O)OCCCCCCCCCCCC)CCC(=O)OCCCCCCCCCCCC,KW_2014,KW_2014,3
-1.6066165,2.175437157,CCCCCCCCCCCCOC(=O)CCN(CCC(=O)OCCCCCCCCCCCC)CCN(C)CCN(CCC(=O)OCCCCCCCCCCCC)CCC(=O)OCCCCCCCCCCCC,KW_2014,KW_2014,2
-2.6560614,3.345767656,CCCCCCCCCCCCOC(=O)CCN(CCC(=O)OCCCCCCCCCCCC)CCN(CC)CCN(CC)CCN(CCC(=O)OCCCCCCCCCCCC)CCC(=O)OCCCCCCCCCCCC,KW_2014,KW_2014,2
-3.9768143,-1.141577,CCCCCCCCCCCCOC(=O)CCN(CCC(=O)OCCCCCCCCCCCC)CCN(CCC(=O)OCCCCCCCCCCCC)C(C)C,KW_2014,KW_2014,0
-4.768833,-0.647568281,CCCCCCCCCCCCOC(=O)CCN(CCC(=O)OCCCCCCCCCCCC)CCN(CCC(=O)OCCCCCCCCCCCC)c1ccccc1,KW_2014,KW_2014,0
-3.9138882,-1.277147572,CCCCCCCCCCCCOC(=O)CCN(CCC(=O)OCCCCCCCCCCCC)CCN(CCC(=O)OCCCCCCCCCCCC)Cc1ccccc1,KW_2014,KW_2014,0
-4.3369794,0.88008017,CCCCCCCCCCCCOC(=O)CCN(CCC(=O)OCCCCCCCCCCCC)CCN(CCC(=O)OCCCCCCCCCCCC)CCC(=O)OCCCCCCCCCCCC,KW_2014,KW_2014,1
-3.9998746,0.491284154,CCCCCCCCCCCCOC(=O)CCN(CCC(=O)OCCCCCCCCCCCC)CCN(CCC(=O)OCCCCCCCCCCCC)CCN(CC)CC,KW_2014,KW_2014,1
-3.7462103,0.596185297,CCCCCCCCCCCCOC(=O)CCN(CCC(=O)OCCCCCCCCCCCC)CCN(CCC(=O)OCCCCCCCCCCCC)CCN(CCC(=O)OCCCCCCCCCCCC)CCC(=O)OCCCCCCCCCCCC,KW_2014,KW_2014,1
-4.9662724,0.909417655,CCCCCCCCCCCCOC(=O)CCN(CCC(=O)OCCCCCCCCCCCC)CCN(CCC(=O)OCCCCCCCCCCCC)CCN(CCC(=O)OCCCCCCCCCCCC)CCN(CCC(=O)OCCCCCCCCCCCC)CCC(=O)OCCCCCCCCCCCC,KW_2014,KW_2014,1
-4.416935,1.225119488,CCCCCCCCCCCCOC(=O)CCN(CCC(=O)OCCCCCCCCCCCC)CCN(CCC(=O)OCCCCCCCCCCCC)CCN(CCC(=O)OCCCCCCCCCCCC)CCN(CCC(=O)OCCCCCCCCCCCC)CCN(CCC(=O)OCCCCCCCCCCCC)CCC(=O)OCCCCCCCCCCCC,KW_2014,KW_2014,2
-4.2799735,-0.336827815,CCCCCCCCCCCCOC(=O)CCN(CCC(=O)OCCCCCCCCCCCC)CCN(CCC(=O)OCCCCCCCCCCCC)CCN(CCC(=O)OCCCCCCCCCCCC)CCN(CCC(=O)OCCCCCCCCCCCC)CCN(CCC(=O)OCCCCCCCCCCCC)CCN(CCC(=O)OCCCCCCCCCCCC)CCC(=O)OCCCCCCCCCCCC,KW_2014,KW_2014,0
-2.4645462,2.233612688,CCCCCCCCCCCCOC(=O)CCN(CCC(=O)OCCCCCCCCCCCC)CCN(CCC(=O)OCCCCCCCCCCCC)CCN1CCN(CCN(CCC(=O)OCCCCCCCCCCCC)CCC(=O)OCCCCCCCCCCCC)CC1,KW_2014,KW_2014,2
-3.0026612,0.357369925,CCCCCCCCCCCCOC(=O)CCN(CCC(=O)OCCCCCCCCCCCC)CCN(CCCCCCCCCCCC)CCN(CCC(=O)OCCCCCCCCCCCC)CCC(=O)OCCCCCCCCCCCC,KW_2014,KW_2014,1
-5.00213,0.935819436,CCCCCCCCCCCCOC(=O)CCN(CCC(=O)OCCCCCCCCCCCC)CCN(CCN(CCC(=O)OCCCCCCCCCCCC)CCC(=O)OCCCCCCCCCCCC)CCN(CCC(=O)OCCCCCCCCCCCC)CCC(=O)OCCCCCCCCCCCC,KW_2014,KW_2014,1
-4.8059783,-0.818333229,CCCCCCCCCCCCOC(=O)CCN(CCC(=O)OCCCCCCCCCCCC)CCN(CCO)CCO,KW_2014,KW_2014,0
-5.987352,-0.290358559,CCCCCCCCCCCCOC(=O)CCN(CCC(=O)OCCCCCCCCCCCC)CCN1CCCC1,KW_2014,KW_2014,0
-6.037011,0.47354537,CCCCCCCCCCCCOC(=O)CCN(CCC(=O)OCCCCCCCCCCCC)CCN1CCCCC1,KW_2014,KW_2014,1
-2.8464742,1.5387846,CCCCCCCCCCCCOC(=O)CCN(CCC(=O)OCCCCCCCCCCCC)CCN1CCN(CCC(=O)OCCCCCCCCCCCC)CC1,KW_2014,KW_2014,2
-2.7531598,4.221889374,CCCCCCCCCCCCOC(=O)CCN(CCC(=O)OCCCCCCCCCCCC)CCN1CCN(CCN(CCC(=O)OCCCCCCCCCCCC)CCC(=O)OCCCCCCCCCCCC)CC1,KW_2014,KW_2014,3
-4.0699024,0.221315277,CCCCCCCCCCCCOC(=O)CCN(CCC(=O)OCCCCCCCCCCCC)CCN1CCOCC1,KW_2014,KW_2014,1
-4.924665,-0.358238148,CCCCCCCCCCCCOC(=O)CCN(CCC(=O)OCCCCCCCCCCCC)CN(CC)CCC,KW_2014,KW_2014,0
-5.4483113,0.019397056,CCCCCCCCCCCCOC(=O)CCN(CCC)CCC(=O)OCCCCCCCCCCCC,KW_2014,KW_2014,1
-2.6764688,-0.188632223,CCCCCCCCCCCCOC(=O)CCN(CCC)CCCN(CCC(=O)OCCCCCCCCCCCC)CCC(=O)OCCCCCCCCCCCC,KW_2014,KW_2014,1
-5.679745,-0.100862679,CCCCCCCCCCCCOC(=O)CCN(CCCC)CCC(=O)OCCCCCCCCCCCC,KW_2014,KW_2014,1
-4.587323,-0.232457257,CCCCCCCCCCCCOC(=O)CCN(CCCc1ccccc1)CCC(=O)OCCCCCCCCCCCC,KW_2014,KW_2014,0
-5.671484,0.062593293,CCCCCCCCCCCCOC(=O)CCN(CCCCC)CCC(=O)OCCCCCCCCCCCC,KW_2014,KW_2014,1
-5.432008,-0.526926456,CCCCCCCCCCCCOC(=O)CCN(CCCCc1ccccc1)CCC(=O)OCCCCCCCCCCCC,KW_2014,KW_2014,0
-5.333449,0.303979853,CCCCCCCCCCCCOC(=O)CCN(CCCCCC)CCC(=O)OCCCCCCCCCCCC,KW_2014,KW_2014,1
-5.343939,-0.046599209,CCCCCCCCCCCCOC(=O)CCN(CCCCCCCCN(CCC(=O)OCCCCCCCCCCCC)CCC(=O)OCCCCCCCCCCCC)CCC(=O)OCCCCCCCCCCCC,KW_2014,KW_2014,1
-3.815148,-0.088687976,CCCCCCCCCCCCOC(=O)CCN(CCCCCCN(CCC(=O)OCCCCCCCCCCCC)CCC(=O)OCCCCCCCCCCCC)CCCCCCN(CCC(=O)OCCCCCCCCCCCC)CCC(=O)OCCCCCCCCCCCC,KW_2014,KW_2014,1
-5.609778,0.64961134,CCCCCCCCCCCCOC(=O)CCN(CCCCCCO)CCC(=O)OCCCCCCCCCCCC,KW_2014,KW_2014,1
-6.256807,1.06678511,CCCCCCCCCCCCOC(=O)CCN(CCCCCO)CCC(=O)OCCCCCCCCCCCC,KW_2014,KW_2014,2
-3.4379811,0.094442296,CCCCCCCCCCCCOC(=O)CCN(CCCCN(C)Cc1ccccc1)CCC(=O)OCCCCCCCCCCCC,KW_2014,KW_2014,1
-5.0854845,-0.32461113,CCCCCCCCCCCCOC(=O)CCN(CCCCN1CCN(C)CC1)CCC(=O)OCCCCCCCCCCCC,KW_2014,KW_2014,0
-5.922598,0.459089278,CCCCCCCCCCCCOC(=O)CCN(CCCCO)CCC(=O)OCCCCCCCCCCCC,KW_2014,KW_2014,1
-4.7941804,-1.16274601,CCCCCCCCCCCCOC(=O)CCN(CCCN(C)C)CCC(=O)OCCCCCCCCCCCC,KW_2014,KW_2014,0
-4.7941804,0.044053233,CCCCCCCCCCCCOC(=O)CCN(CCCN(C)C)CCC(=O)OCCCCCCCCCCCC,KW_2014,KW_2014,1
-2.0766473,2.327221967,CCCCCCCCCCCCOC(=O)CCN(CCCN(C)C)CCCN(CCC(=O)OCCCCCCCCCCCC)CCC(=O)OCCCCCCCCCCCC,KW_2014,KW_2014,2
0.08097793,4.148872257,CCCCCCCCCCCCOC(=O)CCN(CCCN(C)CCCN(CCC(=O)OCCCCCCCCCCCC)CCC(=O)OCCCCCCCCCCCC)CCC(=O)OCCCCCCCCCCCC,KW_2014,KW_2014,3
-3.0532677,-0.189569663,CCCCCCCCCCCCOC(=O)CCN(CCCN(CC)CC)CCC(=O)OCCCCCCCCCCCC,KW_2014,KW_2014,1
-4.526048,1.380419397,CCCCCCCCCCCCOC(=O)CCN(CCCN(CCC(=O)OCCCCCCCCCCCC)CCC(=O)OCCCCCCCCCCCC)CCC(=O)OCCCCCCCCCCCC,KW_2014,KW_2014,2
-3.267413,0.548749303,CCCCCCCCCCCCOC(=O)CCN(CCCN(CCC(=O)OCCCCCCCCCCCC)CCC(=O)OCCCCCCCCCCCC)CCCN(CCC(=O)OCCCCCCCCCCCC)CCC(=O)OCCCCCCCCCCCC,KW_2014,KW_2014,1
-3.541217,1.123904248,CCCCCCCCCCCCOC(=O)CCN(CCCN(CCC(=O)OCCCCCCCCCCCC)CCN(CCC(=O)OCCCCCCCCCCCC)CCC(=O)OCCCCCCCCCCCC)CCC(=O)OCCCCCCCCCCCC,KW_2014,KW_2014,2
-4.184734,-0.962945226,CCCCCCCCCCCCOC(=O)CCN(CCCN(CCC(=O)OCCCCCCCCCCCC)CCN(CCC(=O)OCCCCCCCCCCCC)CCC(=O)OCCCCCCCCCCCC)CCN(CCC(=O)OCCCCCCCCCCCC)CCC(=O)OCCCCCCCCCCCC,KW_2014,KW_2014,0
-3.614327,-0.652269399,CCCCCCCCCCCCOC(=O)CCN(CCCN(CCCN(CCC(=O)OCCCCCCCCCCCC)CCC(=O)OCCCCCCCCCCCC)CCC(=O)OCCCCCCCCCCCC)CCCN(CCC(=O)OCCCCCCCCCCCC)CCC(=O)OCCCCCCCCCCCC,KW_2014,KW_2014,0
-3.0502326,-0.081851233,CCCCCCCCCCCCOC(=O)CCN(CCCN1CCN(C(C)C)CC1)CCC(=O)OCCCCCCCCCCCC,KW_2014,KW_2014,1
-0.9552298,3.462880392,CCCCCCCCCCCCOC(=O)CCN(CCCN1CCN(CCCN(CCC(=O)OCCCCCCCCCCCC)CCC(=O)OCCCCCCCCCCCC)CC1)CCC(=O)OCCCCCCCCCCCC,KW_2014,KW_2014,2
-5.7475576,0.105870597,CCCCCCCCCCCCOC(=O)CCN(CCCn1ccnc1)CCC(=O)OCCCCCCCCCCCC,KW_2014,KW_2014,1
-3.8381324,-0.177829158,CCCCCCCCCCCCOC(=O)CCN(CCCN1CCOCC1)CCC(=O)OCCCCCCCCCCCC,KW_2014,KW_2014,1
-5.291583,0.675591143,CCCCCCCCCCCCOC(=O)CCN(CCCO)CCC(=O)OCCCCCCCCCCCC,KW_2014,KW_2014,1
-4.3074827,-0.940707043,CCCCCCCCCCCCOC(=O)CCN(CCCOC(C)C)CCC(=O)OCCCCCCCCCCCC,KW_2014,KW_2014,0
-4.6280313,-0.310515212,CCCCCCCCCCCCOC(=O)CCN(CCCOC)CCC(=O)OCCCCCCCCCCCC,KW_2014,KW_2014,0
-4.6280313,0.085268942,CCCCCCCCCCCCOC(=O)CCN(CCCOC)CCC(=O)OCCCCCCCCCCCC,KW_2014,KW_2014,1
-4.5303617,-0.132775639,CCCCCCCCCCCCOC(=O)CCN(CCCOCCCCOCCCN(CCC(=O)OCCCCCCCCCCCC)CCC(=O)OCCCCCCCCCCCC)CCC(=O)OCCCCCCCCCCCC,KW_2014,KW_2014,1
-2.8002641,-0.324479827,CCCCCCCCCCCCOC(=O)CCN(CCCOCCOCCOCCCN(CCC(=O)OCCCCCCCCCCCC)CCC(=O)OCCCCCCCCCCCC)CCC(=O)OCCCCCCCCCCCC,KW_2014,KW_2014,0
-4.078552,-0.37630906,CCCCCCCCCCCCOC(=O)CCN(CCN(CCC(=O)OCCCCCCCCCCCC)C(C)(C)C)C(C)(C)C,KW_2014,KW_2014,0
-5.7695937,-0.634890079,CCCCCCCCCCCCOC(=O)CCN(CCN(CCC(=O)OCCCCCCCCCCCC)C(C)C)C(C)C,KW_2014,KW_2014,0
-4.9344287,0.473958535,CCCCCCCCCCCCOC(=O)CCN(CCO)CCC(=O)OCCCCCCCCCCCC,KW_2014,KW_2014,1
-3.0429814,1.634007769,CCCCCCCCCCCCOC(=O)CCN(CCO)CCN(CCC(=O)OCCCCCCCCCCCC)CCC(=O)OCCCCCCCCCCCC,KW_2014,KW_2014,2
-3.9894183,0.494563011,CCCCCCCCCCCCOC(=O)CCN(CCO)CCN(CCO)CCC(=O)OCCCCCCCCCCCC,KW_2014,KW_2014,1
-3.9894183,-0.126737036,CCCCCCCCCCCCOC(=O)CCN(CCO)CCN(CCO)CCC(=O)OCCCCCCCCCCCC,KW_2014,KW_2014,1
-4.923193,0.051964611,CCCCCCCCCCCCOC(=O)CCN(CCOC)CCC(=O)OCCCCCCCCCCCC,KW_2014,KW_2014,1
-4.167815,-0.650573177,CCCCCCCCCCCCOC(=O)CCN(CCOCC)CCC(=O)OCCCCCCCCCCCC,KW_2014,KW_2014,0
-3.6364288,-0.882896451,CCCCCCCCCCCCOC(=O)CCN(CCOCCN1CCCC1)CCC(=O)OCCCCCCCCCCCC,KW_2014,KW_2014,0
-4.5186596,0.854199236,CCCCCCCCCCCCOC(=O)CCN(CCOCCO)CCC(=O)OCCCCCCCCCCCC,KW_2014,KW_2014,1
-4.5186596,1.0045595,CCCCCCCCCCCCOC(=O)CCN(CCOCCO)CCC(=O)OCCCCCCCCCCCC,KW_2014,KW_2014,2
-1.8250865,-0.391748248,CCCCCCCCCCCCOC(=O)CCN(CCOCCOCCN(CCC(=O)OCCCCCCCCCCCC)CCC(=O)OCCCCCCCCCCCC)CCC(=O)OCCCCCCCCCCCC,KW_2014,KW_2014,0
-2.0399885,0.245205039,CCCCCCCCCCCCOC(=O)CCN(CCOCCOCCOCCN(CCC(=O)OCCCCCCCCCCCC)CCC(=O)OCCCCCCCCCCCC)CCC(=O)OCCCCCCCCCCCC,KW_2014,KW_2014,1
-3.1689906,0.893689019,CCCCCCCCCCCCOC(=O)CCN1C(C)N(CCC(=O)OCCCCCCCCCCCC)C(C)N(CCC(=O)OCCCCCCCCCCCC)C1C,KW_2014,KW_2014,1
-5.2976723,0.547633192,CCCCCCCCCCCCOC(=O)CCN1CC[C@@H](N(CCC(=O)OCCCCCCCCCCCC)CCC(=O)OCCCCCCCCCCCC)C1,KW_2014,KW_2014,1
-5.931556,-0.651630148,CCCCCCCCCCCCOC(=O)CCN1CCC(N(CCC(=O)OCCCCCCCCCCCC)CCC(=O)OCCCCCCCCCCCC)CC1,KW_2014,KW_2014,0
-3.744808,-0.196083445,CCCCCCCCCCCCOC(=O)CCN1CCCCN(C)CCN(CCC(=O)OCCCCCCCCCCCC)CCCN(C)CC1,KW_2014,KW_2014,1
-3.8012054,0.458438548,CCCCCCCCCCCCOC(=O)CCN1CCCN(CCC(=O)OCCCCCCCCCCCC)CCCN(CCC(=O)OCCCCCCCCCCCC)CCC1,KW_2014,KW_2014,1
-3.801327,0.064174122,CCCCCCCCCCCCOC(=O)CCN1CCCN(CCC(=O)OCCCCCCCCCCCC)CCCN(CCC(=O)OCCCCCCCCCCCC)CCN(CCC(=O)OCCCCCCCCCCCC)CCC1,KW_2014,KW_2014,1
-4.448897,-0.465464023,CCCCCCCCCCCCOC(=O)CCN1CCCN(CCC(=O)OCCCCCCCCCCCC)CCN(CCC(=O)OCCCCCCCCCCCC)CCCN(CCC(=O)OCCCCCCCCCCCC)CC1,KW_2014,KW_2014,0
-4.720511,-0.342571384,CCCCCCCCCCCCOC(=O)CCN1CCCN(CCC(=O)OCCCCCCCCCCCC)CCN(CCC(=O)OCCCCCCCCCCCC)CCN(CCC(=O)OCCCCCCCCCCCC)CC1,KW_2014,KW_2014,0
-3.779334,-0.509157849,CCCCCCCCCCCCOC(=O)CCN1CCN(CCC(=O)OCCCCCCCCCCCC)[C@H](C)C1,KW_2014,KW_2014,0
-4.3179364,-0.252151009,CCCCCCCCCCCCOC(=O)CCN1CCN(CCC(=O)OCCCCCCCCCCCC)C(c2ccccc2)C1,KW_2014,KW_2014,0
-3.2639008,2.440488007,CCCCCCCCCCCCOC(=O)CCN1CCN(CCC(=O)OCCCCCCCCCCCC)C2C1N(CCC(=O)OCCCCCCCCCCCC)CCN2CCC(=O)OCCCCCCCCCCCC,KW_2014,KW_2014,2
-5.164686,0.011790994,CCCCCCCCCCCCOC(=O)CCN1CCN(CCC(=O)OCCCCCCCCCCCC)CC1,KW_2014,KW_2014,1
-4.5396147,0.199003655,CCCCCCCCCCCCOC(=O)CCN1CCN(CCC(=O)OCCCCCCCCCCCC)CCN(CCC(=O)OCCCCCCCCCCCC)CCN(CCC(=O)OCCCCCCCCCCCC)CC1,KW_2014,KW_2014,1
-4.5059824,-0.707243293,CCCCCCCCCCCCOC(=O)CCN1CCOCCN(CCC(=O)OCCCCCCCCCCCC)CCN(CCC(=O)OCCCCCCCCCCCC)CC1,KW_2014,KW_2014,0
-3.289416,-0.177759112,CCCCCCCCCCCOC(=O)CCN(C)c1ccc(Cc2ccc(N(CCC(=O)OCCCCCCCCCCC)CCC(=O)OCCCCCCCCCCC)cc2)cc1,KW_2014,KW_2014,1
-4.3557143,-0.922386044,CCCCCCCCCCCOC(=O)CCN(C)c1ccccc1N(CCC(=O)OCCCCCCCCCCC)CCC(=O)OCCCCCCCCCCC,KW_2014,KW_2014,0
-4.0827804,-0.727225163,CCCCCCCCCCCOC(=O)CCN(C)CCCCCCN(C)CCC(=O)OCCCCCCCCCCC,KW_2014,KW_2014,0
-4.2659774,-0.680804151,CCCCCCCCCCCOC(=O)CCN(C)CCCN(CC)CCCN(C)CCC(=O)OCCCCCCCCCCC,KW_2014,KW_2014,0
-2.842208,0.523733281,CCCCCCCCCCCOC(=O)CCN(C)CCCN(CCC(=O)OCCCCCCCCCCC)CCC(=O)OCCCCCCCCCCC,KW_2014,KW_2014,1
-6.062081,-0.711134834,CCCCCCCCCCCOC(=O)CCN(C)CCN(C)CCC(=O)OCCCCCCCCCCC,KW_2014,KW_2014,0
-3.0052152,0.506803741,CCCCCCCCCCCOC(=O)CCN(C)CCN(CCC(=O)OCCCCCCCCCCC)CCC(=O)OCCCCCCCCCCC,KW_2014,KW_2014,1
-3.912195,2.008126856,CCCCCCCCCCCOC(=O)CCN(C)CCN(CCN(C)CCC(=O)OCCCCCCCCCCC)CCN(C)CCC(=O)OCCCCCCCCCCC,KW_2014,KW_2014,2
-5.273944,0.866327626,CCCCCCCCCCCOC(=O)CCN(C)CCOCCN(C)CCC(=O)OCCCCCCCCCCC,KW_2014,KW_2014,1
-4.497746,-0.673967795,CCCCCCCCCCCOC(=O)CCN(C)CCOCCOCCN(C)CCC(=O)OCCCCCCCCCCC,KW_2014,KW_2014,0
-4.497746,-0.558411063,CCCCCCCCCCCOC(=O)CCN(C)CCOCCOCCN(C)CCC(=O)OCCCCCCCCCCC,KW_2014,KW_2014,0
-3.6685798,-1.277147572,CCCCCCCCCCCOC(=O)CCN(c1ccccc1)c1ccc(-c2ccc(N(CCC(=O)OCCCCCCCCCCC)c3ccccc3)cc2)cc1,KW_2014,KW_2014,0
-5.0647426,0.694956829,CCCCCCCCCCCOC(=O)CCN(CC)CCCN(CC)CCC(=O)OCCCCCCCCCCC,KW_2014,KW_2014,1
-5.9470997,0.237957409,CCCCCCCCCCCOC(=O)CCN(CC)CCN(CC)CCC(=O)OCCCCCCCCCCC,KW_2014,KW_2014,1
-3.6239724,0.503810568,CCCCCCCCCCCOC(=O)CCN(CC)CCN(CCC(=O)OCCCCCCCCCCC)CCC(=O)OCCCCCCCCCCC,KW_2014,KW_2014,1
-4.376415,-0.749488422,CCCCCCCCCCCOC(=O)CCN(CCC(=O)OCCCCCCCCCCC)[C@H](c1ccccc1)[C@H](c1ccccc1)N(CCC(=O)OCCCCCCCCCCC)CCC(=O)OCCCCCCCCCCC,KW_2014,KW_2014,0
-5.8383617,1.745438259,CCCCCCCCCCCOC(=O)CCN(CCC(=O)OCCCCCCCCCCC)[C@@H](CO)CC(C)C,KW_2014,KW_2014,2
-5.8383617,2.829670627,CCCCCCCCCCCOC(=O)CCN(CCC(=O)OCCCCCCCCCCC)[C@@H](CO)CC(C)C,KW_2014,KW_2014,2
-3.1391335,0.785534244,CCCCCCCCCCCOC(=O)CCN(CCC(=O)OCCCCCCCCCCC)[C@@H]1CCCC[C@H]1N(CCC(=O)OCCCCCCCCCCC)CCC(=O)OCCCCCCCCCCC,KW_2014,KW_2014,1
-2.4760756,-0.191229538,CCCCCCCCCCCOC(=O)CCN(CCC(=O)OCCCCCCCCCCC)[C@H]1CC[C@H](N(CCC(=O)OCCCCCCCCCCC)CCC(=O)OCCCCCCCCCCC)CC1,KW_2014,KW_2014,1
-3.1391335,-0.231738293,CCCCCCCCCCCOC(=O)CCN(CCC(=O)OCCCCCCCCCCC)[C@@H]1CCCC[C@@H]1N(CCC(=O)OCCCCCCCCCCC)CCC(=O)OCCCCCCCCCCC,KW_2014,KW_2014,0
-4.562864,-0.20386293,CCCCCCCCCCCOC(=O)CCN(CCC(=O)OCCCCCCCCCCC)C(=O)C1CCCN1C,KW_2014,KW_2014,1
-6.1993785,-0.582803363,CCCCCCCCCCCOC(=O)CCN(CCC(=O)OCCCCCCCCCCC)C(C)(C)C,KW_2014,KW_2014,0
-5.410964,-0.293767604,CCCCCCCCCCCOC(=O)CCN(CCC(=O)OCCCCCCCCCCC)C(C)(C)CC,KW_2014,KW_2014,0
-4.8449306,-0.604461137,CCCCCCCCCCCOC(=O)CCN(CCC(=O)OCCCCCCCCCCC)C(C)(C)CC(C)(C)C,KW_2014,KW_2014,0
-4.9949694,-0.852241035,CCCCCCCCCCCOC(=O)CCN(CCC(=O)OCCCCCCCCCCC)C(C)(CO)CO,KW_2014,KW_2014,0
-6.169869,-0.259280426,CCCCCCCCCCCOC(=O)CCN(CCC(=O)OCCCCCCCCCCC)C(C)C,KW_2014,KW_2014,0
-6.3884106,-0.802708131,CCCCCCCCCCCOC(=O)CCN(CCC(=O)OCCCCCCCCCCC)C(C)C(C)C,KW_2014,KW_2014,0
-4.802792,-0.50286735,CCCCCCCCCCCOC(=O)CCN(CCC(=O)OCCCCCCCCCCC)C(C)c1ccc(C)cc1,KW_2014,KW_2014,0
-5.9522667,-0.208747048,CCCCCCCCCCCOC(=O)CCN(CCC(=O)OCCCCCCCCCCC)C(C)CC,KW_2014,KW_2014,1
-5.253086,-0.506826504,CCCCCCCCCCCOC(=O)CCN(CCC(=O)OCCCCCCCCCCC)C(C)CCC,KW_2014,KW_2014,0
-5.2889733,-0.606703382,CCCCCCCCCCCOC(=O)CCN(CCC(=O)OCCCCCCCCCCC)C(C)CO,KW_2014,KW_2014,0
-4.602004,-0.187521039,CCCCCCCCCCCOC(=O)CCN(CCC(=O)OCCCCCCCCCCC)C(c1ccccc1)(c1ccccc1)c1ccccc1,KW_2014,KW_2014,1
-4.349155,-1.046331157,CCCCCCCCCCCOC(=O)CCN(CCC(=O)OCCCCCCCCCCC)C(c1ccccc1)c1ccccc1,KW_2014,KW_2014,0
-5.3351026,-0.268440893,CCCCCCCCCCCOC(=O)CCN(CCC(=O)OCCCCCCCCCCC)C(CC)CC,KW_2014,KW_2014,0
-4.0318437,-0.593351056,CCCCCCCCCCCOC(=O)CCN(CCC(=O)OCCCCCCCCCCC)C(CO)(CO)CO,KW_2014,KW_2014,0
-6.8339496,-1.15125266,CCCCCCCCCCCOC(=O)CCN(CCC(=O)OCCCCCCCCCCC)C(CO)C(C)(C)C,KW_2014,KW_2014,0
-4.479675,-0.209609528,CCCCCCCCCCCOC(=O)CCN(CCC(=O)OCCCCCCCCCCC)C[C@@H](C)O,KW_2014,KW_2014,0
-5.3297386,-0.472029293,CCCCCCCCCCCOC(=O)CCN(CCC(=O)OCCCCCCCCCCC)C[C@@H]1CCCN1CC,KW_2014,KW_2014,0
-5.3297386,0.195061115,CCCCCCCCCCCOC(=O)CCN(CCC(=O)OCCCCCCCCCCC)C[C@H]1CCCN1CC,KW_2014,KW_2014,1
-2.1687744,-0.231202777,CCCCCCCCCCCOC(=O)CCN(CCC(=O)OCCCCCCCCCCC)C12C[C@H]3C[C@@H](C1)C[C@@H](C2)C3,KW_2014,KW_2014,0
-3.3334389,-0.99508726,CCCCCCCCCCCOC(=O)CCN(CCC(=O)OCCCCCCCCCCC)c1c(-c2ccccc2)cc(-c2ccccc2)cc1-c1ccccc1,KW_2014,KW_2014,0
-4.269089,-1.017106662,CCCCCCCCCCCOC(=O)CCN(CCC(=O)OCCCCCCCCCCC)c1c(C)c(C)c(N(CCC(=O)OCCCCCCCCCCC)CCC(=O)OCCCCCCCCCCC)c(C)c1C,KW_2014,KW_2014,0
-2.6240785,-0.045367688,CCCCCCCCCCCOC(=O)CCN(CCC(=O)OCCCCCCCCCCC)c1c(C)cc(-c2cc(C)c(N(CCC(=O)OCCCCCCCCCCC)CCC(=O)OCCCCCCCCCCC)c(C)c2)cc1C,KW_2014,KW_2014,1
-4.192076,-0.674505715,CCCCCCCCCCCOC(=O)CCN(CCC(=O)OCCCCCCCCCCC)c1c(CC)cccc1CC,KW_2014,KW_2014,0
-4.299621,-0.389188634,CCCCCCCCCCCOC(=O)CCN(CCC(=O)OCCCCCCCCCCC)c1c(F)cc(F)cc1F,KW_2014,KW_2014,0
-3.1816518,-1.131189043,CCCCCCCCCCCOC(=O)CCN(CCC(=O)OCCCCCCCCCCC)c1c(N(CCC(=O)OCCCCCCCCCCC)CCC(=O)OCCCCCCCCCCC)c2ccccc2c2ccccc12,KW_2014,KW_2014,0
-4.725935,-0.870221076,CCCCCCCCCCCOC(=O)CCN(CCC(=O)OCCCCCCCCCCC)c1cc(C(C)(C)C)ccc1C(C)(C)C,KW_2014,KW_2014,0
-4.32166,-1.277147572,CCCCCCCCCCCOC(=O)CCN(CCC(=O)OCCCCCCCCCCC)c1cc(C(C)(C)C)ccc1OC,KW_2014,KW_2014,0
-3.8370929,-1.277147572,CCCCCCCCCCCOC(=O)CCN(CCC(=O)OCCCCCCCCCCC)c1cc(C)c(C)cc1N(CCC(=O)OCCCCCCCCCCC)CCC(=O)OCCCCCCCCCCC,KW_2014,KW_2014,0
-3.90572,-1.080548132,CCCCCCCCCCCOC(=O)CCN(CCC(=O)OCCCCCCCCCCC)c1cc(F)c(F)c(F)c1,KW_2014,KW_2014,0
-4.5432377,-0.452284428,CCCCCCCCCCCOC(=O)CCN(CCC(=O)OCCCCCCCCCCC)c1cc(F)cc(F)c1,KW_2014,KW_2014,0
-3.9525523,-0.93656882,CCCCCCCCCCCOC(=O)CCN(CCC(=O)OCCCCCCCCCCC)c1cc(F)ccc1F,KW_2014,KW_2014,0
-3.87328,-0.675070011,CCCCCCCCCCCOC(=O)CCN(CCC(=O)OCCCCCCCCCCC)c1cc(OC)ccc1OC,KW_2014,KW_2014,0
-5.259801,-0.298489893,CCCCCCCCCCCOC(=O)CCN(CCC(=O)OCCCCCCCCCCC)C1CC1,KW_2014,KW_2014,0
-2.4564266,-0.190267015,CCCCCCCCCCCOC(=O)CCN(CCC(=O)OCCCCCCCCCCC)C1CC2CCC1C2,KW_2014,KW_2014,1
-5.0641303,0.836548812,CCCCCCCCCCCOC(=O)CCN(CCC(=O)OCCCCCCCCCCC)C1Cc2ccccc2C1,KW_2014,KW_2014,1
-3.407572,-0.706745871,CCCCCCCCCCCOC(=O)CCN(CCC(=O)OCCCCCCCCCCC)c1ccc(-c2ccc(N(CCC(=O)OCCCCCCCCCCC)CCC(=O)OCCCCCCCCCCC)c(C)c2)cc1C,KW_2014,KW_2014,0
-3.3592598,-0.534962613,CCCCCCCCCCCOC(=O)CCN(CCC(=O)OCCCCCCCCCCC)c1ccc(-c2ccc(N(CCC(=O)OCCCCCCCCCCC)CCC(=O)OCCCCCCCCCCC)c(N(CCC(=O)OCCCCCCCCCCC)CCC(=O)OCCCCCCCCCCC)c2)cc1N(CCC(=O)OCCCCCCCCCCC)CCC(=O)OCCCCCCCCCCC,KW_2014,KW_2014,0
-4.305936,-1.277147572,CCCCCCCCCCCOC(=O)CCN(CCC(=O)OCCCCCCCCCCC)c1ccc(-c2ccccc2)cc1,KW_2014,KW_2014,0
-4.206446,-0.597560275,CCCCCCCCCCCOC(=O)CCN(CCC(=O)OCCCCCCCCCCC)c1ccc(C(C)(C)C)cc1,KW_2014,KW_2014,0
-4.5010915,-0.504047454,CCCCCCCCCCCOC(=O)CCN(CCC(=O)OCCCCCCCCCCC)c1ccc(C(C)C)cc1,KW_2014,KW_2014,0
-3.3892574,-0.120399009,CCCCCCCCCCCOC(=O)CCN(CCC(=O)OCCCCCCCCCCC)c1ccc(C)c(F)c1,KW_2014,KW_2014,1
-3.0729477,-0.918626748,CCCCCCCCCCCOC(=O)CCN(CCC(=O)OCCCCCCCCCCC)c1ccc(C)c(N(CCC(=O)OCCCCCCCCCCC)CCC(=O)OCCCCCCCCCCC)c1,KW_2014,KW_2014,0
-3.3423557,-0.324755606,CCCCCCCCCCCOC(=O)CCN(CCC(=O)OCCCCCCCCCCC)c1ccc(C)cc1N(CCC(=O)OCCCCCCCCCCC)CCC(=O)OCCCCCCCCCCC,KW_2014,KW_2014,0
-3.0790474,-0.031728246,CCCCCCCCCCCOC(=O)CCN(CCC(=O)OCCCCCCCCCCC)c1ccc(C2(c3ccc(N(CCC(=O)OCCCCCCCCCCC)CCC(=O)OCCCCCCCCCCC)cc3)c3ccccc3-c3ccccc32)cc1,KW_2014,KW_2014,1
-2.3231895,-0.005247396,CCCCCCCCCCCOC(=O)CCN(CCC(=O)OCCCCCCCCCCC)C1CCC(CC2CCC(N(CCC(=O)OCCCCCCCCCCC)CCC(=O)OCCCCCCCCCCC)C(C)C2)CC1C,KW_2014,KW_2014,1
-3.171463,-0.794336,CCCCCCCCCCCOC(=O)CCN(CCC(=O)OCCCCCCCCCCC)c1ccc(Cc2ccc(N(CCC(=O)OCCCCCCCCCCC)CCC(=O)OCCCCCCCCCCC)cc2)cc1,KW_2014,KW_2014,0
-3.7227528,-0.031947915,CCCCCCCCCCCOC(=O)CCN(CCC(=O)OCCCCCCCCCCC)c1ccc(F)c(F)c1,KW_2014,KW_2014,1
-4.4275956,-0.403673762,CCCCCCCCCCCOC(=O)CCN(CCC(=O)OCCCCCCCCCCC)c1ccc(F)cc1,KW_2014,KW_2014,0
-3.5718572,0.070575589,CCCCCCCCCCCOC(=O)CCN(CCC(=O)OCCCCCCCCCCC)c1ccc(F)cc1C(F)(F)F,KW_2014,KW_2014,1
-3.909164,-0.278384067,CCCCCCCCCCCOC(=O)CCN(CCC(=O)OCCCCCCCCCCC)c1ccc(N(CCC(=O)OCCCCCCCCCCC)c2ccccc2)cc1,KW_2014,KW_2014,0
-3.9047112,-0.646706171,CCCCCCCCCCCOC(=O)CCN(CCC(=O)OCCCCCCCCCCC)c1ccc(N(CCC(=O)OCCCCCCCCCCC)CCC(=O)OCCCCCCCCCCC)cc1,KW_2014,KW_2014,0
-4.2735853,-0.358623351,CCCCCCCCCCCOC(=O)CCN(CCC(=O)OCCCCCCCCCCC)c1ccc(OC(F)(F)F)cc1,KW_2014,KW_2014,0
-4.5212746,-0.406301919,CCCCCCCCCCCOC(=O)CCN(CCC(=O)OCCCCCCCCCCC)c1ccc(OC(F)F)cc1,KW_2014,KW_2014,0
-3.995569,-0.356699231,CCCCCCCCCCCOC(=O)CCN(CCC(=O)OCCCCCCCCCCC)c1ccc(OC)c(F)c1,KW_2014,KW_2014,0
-4.3327208,-1.017048829,CCCCCCCCCCCOC(=O)CCN(CCC(=O)OCCCCCCCCCCC)c1ccc(Oc2ccc(F)cc2)cc1,KW_2014,KW_2014,0
-2.8768632,-0.01807485,CCCCCCCCCCCOC(=O)CCN(CCC(=O)OCCCCCCCCCCC)c1ccc(Oc2ccc(N(CCC(=O)OCCCCCCCCCCC)CCC(=O)OCCCCCCCCCCC)cc2)cc1,KW_2014,KW_2014,1
-5.0509367,-0.237867958,CCCCCCCCCCCOC(=O)CCN(CCC(=O)OCCCCCCCCCCC)c1ccc(Oc2ccccc2)cc1,KW_2014,KW_2014,0
-4.344425,-1.169077639,CCCCCCCCCCCOC(=O)CCN(CCC(=O)OCCCCCCCCCCC)c1ccc(OCCCCCCCC)cc1,KW_2014,KW_2014,0
-5.0649242,-0.380671848,CCCCCCCCCCCOC(=O)CCN(CCC(=O)OCCCCCCCCCCC)C1CCC1,KW_2014,KW_2014,0
-3.57157,-1.277147572,CCCCCCCCCCCOC(=O)CCN(CCC(=O)OCCCCCCCCCCC)c1ccc2c(c1)Cc1cc(N(CCC(=O)OCCCCCCCCCCC)CCC(=O)OCCCCCCCCCCC)ccc1-2,KW_2014,KW_2014,0
-4.4806128,-0.358371914,CCCCCCCCCCCOC(=O)CCN(CCC(=O)OCCCCCCCCCCC)c1ccc2c(c1)CCCC2,KW_2014,KW_2014,0
-4.4630213,2.271613068,CCCCCCCCCCCOC(=O)CCN(CCC(=O)OCCCCCCCCCCC)c1ccc2c(c1)OCCO2,KW_2014,KW_2014,2
-4.9847608,-0.891674942,CCCCCCCCCCCOC(=O)CCN(CCC(=O)OCCCCCCCCCCC)c1ccc2c(c1)OCO2,KW_2014,KW_2014,0
-2.9718564,-1.277147572,CCCCCCCCCCCOC(=O)CCN(CCC(=O)OCCCCCCCCCCC)c1ccc2cc3ccccc3cc2c1,KW_2014,KW_2014,0
-4.985524,0.362037959,CCCCCCCCCCCOC(=O)CCN(CCC(=O)OCCCCCCCCCCC)C1CCc2ccccc21,KW_2014,KW_2014,1
-2.5637312,-0.618048446,CCCCCCCCCCCOC(=O)CCN(CCC(=O)OCCCCCCCCCCC)c1ccc2ccccc2c1-c1c(N(CCC(=O)OCCCCCCCCCCC)CCC(=O)OCCCCCCCCCCC)ccc2ccccc12,KW_2014,KW_2014,0
-4.335336,-0.41669015,CCCCCCCCCCCOC(=O)CCN(CCC(=O)OCCCCCCCCCCC)c1cccc(-c2ccccc2)c1,KW_2014,KW_2014,0
-3.5725658,-1.277147572,CCCCCCCCCCCOC(=O)CCN(CCC(=O)OCCCCCCCCCCC)c1cccc(C(F)(F)F)c1,KW_2014,KW_2014,0
-3.3738658,-0.199496283,CCCCCCCCCCCOC(=O)CCN(CCC(=O)OCCCCCCCCCCC)c1cccc(C)c1N(CCC(=O)OCCCCCCCCCCC)CCC(=O)OCCCCCCCCCCC,KW_2014,KW_2014,1
-4.1586924,-1.277147572,CCCCCCCCCCCOC(=O)CCN(CCC(=O)OCCCCCCCCCCC)c1cccc(F)c1,KW_2014,KW_2014,0
-2.8633544,0.933471143,CCCCCCCCCCCOC(=O)CCN(CCC(=O)OCCCCCCCCCCC)C1CCCC(N(CCC(=O)OCCCCCCCCCCC)CCC(=O)OCCCCCCCCCCC)C1,KW_2014,KW_2014,1
-3.778287,0.292407797,CCCCCCCCCCCOC(=O)CCN(CCC(=O)OCCCCCCCCCCC)c1cccc(N(CCC(=O)OCCCCCCCCCCC)CCC(=O)OCCCCCCCCCCC)c1,KW_2014,KW_2014,1
-3.7401547,-0.17151223,CCCCCCCCCCCOC(=O)CCN(CCC(=O)OCCCCCCCCCCC)c1cccc(N(CCC(=O)OCCCCCCCCCCC)CCC(=O)OCCCCCCCCCCC)c1C,KW_2014,KW_2014,1
-4.533235,-0.615611316,CCCCCCCCCCCOC(=O)CCN(CCC(=O)OCCCCCCCCCCC)c1cccc(OC(C)C)c1,KW_2014,KW_2014,0
-4.841115,-1.11869222,CCCCCCCCCCCOC(=O)CCN(CCC(=O)OCCCCCCCCCCC)c1cccc(OCc2ccccc2)c1,KW_2014,KW_2014,0
-4.603982,-0.525340785,CCCCCCCCCCCOC(=O)CCN(CCC(=O)OCCCCCCCCCCC)c1cccc2c1CCC2,KW_2014,KW_2014,0
-3.1516,0.134354947,CCCCCCCCCCCOC(=O)CCN(CCC(=O)OCCCCCCCCCCC)c1cccc2cccc(N(CCC(=O)OCCCCCCCCCCC)CCC(=O)OCCCCCCCCCCC)c12,KW_2014,KW_2014,1
-4.3018613,-0.099744744,CCCCCCCCCCCOC(=O)CCN(CCC(=O)OCCCCCCCCCCC)C1CCCCC1,KW_2014,KW_2014,1
-4.978246,-0.476758344,CCCCCCCCCCCOC(=O)CCN(CCC(=O)OCCCCCCCCCCC)c1ccccc1C(C)(C)C,KW_2014,KW_2014,0
-5.3105087,-1.218115746,CCCCCCCCCCCOC(=O)CCN(CCC(=O)OCCCCCCCCCCC)c1ccccc1C(C)C,KW_2014,KW_2014,0
-4.968931,0.603586921,CCCCCCCCCCCOC(=O)CCN(CCC(=O)OCCCCCCCCCCC)c1ccccc1Cc1ccccc1,KW_2014,KW_2014,1
-3.7508287,-0.070939556,CCCCCCCCCCCOC(=O)CCN(CCC(=O)OCCCCCCCCCCC)c1ccccc1N(CCC(=O)OCCCCCCCCCCC)c1ccccc1,KW_2014,KW_2014,1
-5.055597,-0.118142934,CCCCCCCCCCCOC(=O)CCN(CCC(=O)OCCCCCCCCCCC)c1ccccc1OC,KW_2014,KW_2014,1
-4.5525775,-0.869810464,CCCCCCCCCCCOC(=O)CCN(CCC(=O)OCCCCCCCCCCC)c1ccccc1Oc1ccccc1,KW_2014,KW_2014,0
-5.3264904,-0.907484036,CCCCCCCCCCCOC(=O)CCN(CCC(=O)OCCCCCCCCCCC)c1ccccc1OCC,KW_2014,KW_2014,0
-3.489379,-0.822655359,CCCCCCCCCCCOC(=O)CCN(CCC(=O)OCCCCCCCCCCC)C1CCCCCCC1,KW_2014,KW_2014,0
-5.6351495,-1.241239427,CCCCCCCCCCCOC(=O)CCN(CCC(=O)OCCCCCCCCCCC)C1CCN(C)CC1,KW_2014,KW_2014,0
-3.576003,0.519407089,CCCCCCCCCCCOC(=O)CCN(CCC(=O)OCCCCCCCCCCC)c1nc(N(CCC(=O)OCCCCCCCCCCC)CCC(=O)OCCCCCCCCCCC)nc(N(CCC(=O)OCCCCCCCCCCC)CCC(=O)OCCCCCCCCCCC)n1,KW_2014,KW_2014,1
-5.5105658,-0.516895471,CCCCCCCCCCCOC(=O)CCN(CCC(=O)OCCCCCCCCCCC)CC(=O)N(C)c1ccccc1,KW_2014,KW_2014,0
-6.0396976,0.416736962,CCCCCCCCCCCOC(=O)CCN(CCC(=O)OCCCCCCCCCCC)CC(C)(C)CN(C)C,KW_2014,KW_2014,1
-5.792019,-0.867277614,CCCCCCCCCCCOC(=O)CCN(CCC(=O)OCCCCCCCCCCC)CC(C)(C)CO,KW_2014,KW_2014,0
-6.8792696,-0.412027717,CCCCCCCCCCCOC(=O)CCN(CCC(=O)OCCCCCCCCCCC)CC(C)C,KW_2014,KW_2014,0
-6.5006814,-0.231141032,CCCCCCCCCCCOC(=O)CCN(CCC(=O)OCCCCCCCCCCC)CC(C)CC,KW_2014,KW_2014,0
-4.024272,-0.164469581,CCCCCCCCCCCOC(=O)CCN(CCC(=O)OCCCCCCCCCCC)CC(C)N(CCC(=O)OCCCCCCCCCCC)CCC(=O)OCCCCCCCCCCC,KW_2014,KW_2014,1
-4.9949594,-0.492340911,CCCCCCCCCCCOC(=O)CCN(CCC(=O)OCCCCCCCCCCC)CC(CC)CCCC,KW_2014,KW_2014,0
-5.267478,-0.180346401,CCCCCCCCCCCOC(=O)CCN(CCC(=O)OCCCCCCCCCCC)CC(OC)OC,KW_2014,KW_2014,1
-4.660167,-1.083360345,CCCCCCCCCCCOC(=O)CCN(CCC(=O)OCCCCCCCCCCC)CC[C@H](C)O,KW_2014,KW_2014,0
-2.8212478,-0.614708321,CCCCCCCCCCCOC(=O)CCN(CCC(=O)OCCCCCCCCCCC)CC1(C)CC(N(CCC(=O)OCCCCCCCCCCC)CCC(=O)OCCCCCCCCCCC)CC(C)(C)C1,KW_2014,KW_2014,0
-3.1462808,-0.674660264,CCCCCCCCCCCOC(=O)CCN(CCC(=O)OCCCCCCCCCCC)CC12C[C@H]3C[C@@H](C1)C[C@@H](C2)C3,KW_2014,KW_2014,0
-3.9511948,-0.760550748,CCCCCCCCCCCOC(=O)CCN(CCC(=O)OCCCCCCCCCCC)Cc1cc(C)c(OC)c(OC)c1,KW_2014,KW_2014,0
-4.8276525,0.751991173,CCCCCCCCCCCOC(=O)CCN(CCC(=O)OCCCCCCCCCCC)Cc1cc(F)ccc1F,KW_2014,KW_2014,1
-4.5190353,-0.129512991,CCCCCCCCCCCOC(=O)CCN(CCC(=O)OCCCCCCCCCCC)CC1CCC(CN(CCC(=O)OCCCCCCCCCCC)CCC(=O)OCCCCCCCCCCC)CC1,KW_2014,KW_2014,1
-4.781785,-0.444603692,CCCCCCCCCCCOC(=O)CCN(CCC(=O)OCCCCCCCCCCC)CC1CCCC(CN(CCC(=O)OCCCCCCCCCCC)CCC(=O)OCCCCCCCCCCC)C1,KW_2014,KW_2014,0
-4.271021,1.292616899,CCCCCCCCCCCOC(=O)CCN(CCC(=O)OCCCCCCCCCCC)Cc1cccc(CN(CCC(=O)OCCCCCCCCCCC)CCC(=O)OCCCCCCCCCCC)c1,KW_2014,KW_2014,2
-4.463742,-0.153089565,CCCCCCCCCCCOC(=O)CCN(CCC(=O)OCCCCCCCCCCC)Cc1cccc(F)c1,KW_2014,KW_2014,1
-3.110372,-0.660652359,CCCCCCCCCCCOC(=O)CCN(CCC(=O)OCCCCCCCCCCC)Cc1cccc(N(CCC(=O)OCCCCCCCCCCC)CCC(=O)OCCCCCCCCCCC)c1,KW_2014,KW_2014,0
-5.1259804,-0.256319349,CCCCCCCCCCCOC(=O)CCN(CCC(=O)OCCCCCCCCCCC)CC1CCCCC1,KW_2014,KW_2014,0
-5.324463,-1.277147572,CCCCCCCCCCCOC(=O)CCN(CCC(=O)OCCCCCCCCCCC)Cc1ccccc1F,KW_2014,KW_2014,0
-4.472927,-0.976913593,CCCCCCCCCCCOC(=O)CCN(CCC(=O)OCCCCCCCCCCC)Cc1ccccc1N(CCC(=O)OCCCCCCCCCCC)CCC(=O)OCCCCCCCCCCC,KW_2014,KW_2014,0
-5.023822,-0.772494051,CCCCCCCCCCCOC(=O)CCN(CCC(=O)OCCCCCCCCCCC)Cc1ccccc1OC,KW_2014,KW_2014,0
-5.4485326,-0.542365227,CCCCCCCCCCCOC(=O)CCN(CCC(=O)OCCCCCCCCCCC)Cc1ccccc1OCC,KW_2014,KW_2014,0
-4.772663,-0.673827661,CCCCCCCCCCCOC(=O)CCN(CCC(=O)OCCCCCCCCCCC)CC1CCCN1C,KW_2014,KW_2014,0
-4.1758337,0.399494808,CCCCCCCCCCCOC(=O)CCN(CCC(=O)OCCCCCCCCCCC)CC1CCCN1CCC(=O)OCCCCCCCCCCC,KW_2014,KW_2014,1
-6.588864,-0.429788315,CCCCCCCCCCCOC(=O)CCN(CCC(=O)OCCCCCCCCCCC)CC1CCCO1,KW_2014,KW_2014,0
-5.153977,-0.501901125,CCCCCCCCCCCOC(=O)CCN(CCC(=O)OCCCCCCCCCCC)CC1CCN(C)CC1,KW_2014,KW_2014,0
-5.2026978,-0.560050101,CCCCCCCCCCCOC(=O)CCN(CCC(=O)OCCCCCCCCCCC)CC1COC(C)(C)O1,KW_2014,KW_2014,0
-6.010379,-0.203729415,CCCCCCCCCCCOC(=O)CCN(CCC(=O)OCCCCCCCCCCC)Cc1nccn1C,KW_2014,KW_2014,1
-3.7428107,0.102275559,CCCCCCCCCCCOC(=O)CCN(CCC(=O)OCCCCCCCCCCC)CCC(=O)N1CCN(CCC(=O)OCCCCCCCCCCC)CC1,KW_2014,KW_2014,1
-6.0013413,-0.267542812,CCCCCCCCCCCOC(=O)CCN(CCC(=O)OCCCCCCCCCCC)CCC(C)(C)C,KW_2014,KW_2014,0
-5.7875648,-0.796094247,CCCCCCCCCCCOC(=O)CCN(CCC(=O)OCCCCCCCCCCC)CCC(C)C,KW_2014,KW_2014,0
-4.5953026,0.330435359,CCCCCCCCCCCOC(=O)CCN(CCC(=O)OCCCCCCCCCCC)CCC(c1ccccc1)c1ccccc1,KW_2014,KW_2014,1
-4.196992,-0.082062678,CCCCCCCCCCCOC(=O)CCN(CCC(=O)OCCCCCCCCCCC)CCC1CCC(C)CC1,KW_2014,KW_2014,1
-3.8145967,-0.124932978,CCCCCCCCCCCOC(=O)CCN(CCC(=O)OCCCCCCCCCCC)CCC1CCC(CC)CC1,KW_2014,KW_2014,1
-3.6037536,-0.196716094,CCCCCCCCCCCOC(=O)CCN(CCC(=O)OCCCCCCCCCCC)CCc1ccc(OC)c(OC)c1,KW_2014,KW_2014,1
-4.0480413,-1.277147572,CCCCCCCCCCCOC(=O)CCN(CCC(=O)OCCCCCCCCCCC)CCc1ccc(OC)cc1,KW_2014,KW_2014,0
-4.939336,0.074150357,CCCCCCCCCCCOC(=O)CCN(CCC(=O)OCCCCCCCCCCC)CCc1ccccc1F,KW_2014,KW_2014,1
-7.631131,-0.067983851,CCCCCCCCCCCOC(=O)CCN(CCC(=O)OCCCCCCCCCCC)CCC1OCCO1,KW_2014,KW_2014,1
-4.528063,-0.144095072,CCCCCCCCCCCOC(=O)CCN(CCC(=O)OCCCCCCCCCCC)CCN(C(C)C)C(C)C,KW_2014,KW_2014,1
-5.7348104,-0.430371765,CCCCCCCCCCCOC(=O)CCN(CCC(=O)OCCCCCCCCCCC)CCN(C)C,KW_2014,KW_2014,0
-2.00586,2.382182873,CCCCCCCCCCCOC(=O)CCN(CCC(=O)OCCCCCCCCCCC)CCN(C)CCCN(C)CCN(CCC(=O)OCCCCCCCCCCC)CCC(=O)OCCCCCCCCCCC,KW_2014,KW_2014,2
2.8441863,4.135759959,CCCCCCCCCCCOC(=O)CCN(CCC(=O)OCCCCCCCCCCC)CCN(C)CCN(C)CCN(CCC(=O)OCCCCCCCCCCC)CCC(=O)OCCCCCCCCCCC,KW_2014,KW_2014,2
-1.8292391,3.662479672,CCCCCCCCCCCOC(=O)CCN(CCC(=O)OCCCCCCCCCCC)CCN(C)CCN(CCC(=O)OCCCCCCCCCCC)CCC(=O)OCCCCCCCCCCC,KW_2014,KW_2014,2
-2.5380101,2.470238006,CCCCCCCCCCCOC(=O)CCN(CCC(=O)OCCCCCCCCCCC)CCN(CC)CCN(CC)CCN(CCC(=O)OCCCCCCCCCCC)CCC(=O)OCCCCCCCCCCC,KW_2014,KW_2014,2
-4.2037706,-0.989499033,CCCCCCCCCCCOC(=O)CCN(CCC(=O)OCCCCCCCCCCC)CCN(CCC(=O)OCCCCCCCCCCC)C(C)C,KW_2014,KW_2014,0
-4.9292083,-0.959392659,CCCCCCCCCCCOC(=O)CCN(CCC(=O)OCCCCCCCCCCC)CCN(CCC(=O)OCCCCCCCCCCC)c1ccccc1,KW_2014,KW_2014,0
-3.028396,-1.003543803,CCCCCCCCCCCOC(=O)CCN(CCC(=O)OCCCCCCCCCCC)CCN(CCC(=O)OCCCCCCCCCCC)Cc1ccccc1,KW_2014,KW_2014,0
-4.047722,2.437550205,CCCCCCCCCCCOC(=O)CCN(CCC(=O)OCCCCCCCCCCC)CCN(CCC(=O)OCCCCCCCCCCC)CCC(=O)OCCCCCCCCCCC,KW_2014,KW_2014,2
-3.9951375,0.972609728,CCCCCCCCCCCOC(=O)CCN(CCC(=O)OCCCCCCCCCCC)CCN(CCC(=O)OCCCCCCCCCCC)CCN(CC)CC,KW_2014,KW_2014,2
-3.5083008,0.307572578,CCCCCCCCCCCOC(=O)CCN(CCC(=O)OCCCCCCCCCCC)CCN(CCC(=O)OCCCCCCCCCCC)CCN(CCC(=O)OCCCCCCCCCCC)CCC(=O)OCCCCCCCCCCC,KW_2014,KW_2014,1
-4.9357657,1.246287402,CCCCCCCCCCCOC(=O)CCN(CCC(=O)OCCCCCCCCCCC)CCN(CCC(=O)OCCCCCCCCCCC)CCN(CCC(=O)OCCCCCCCCCCC)CCN(CCC(=O)OCCCCCCCCCCC)CCC(=O)OCCCCCCCCCCC,KW_2014,KW_2014,2
-4.7954183,0.980472748,CCCCCCCCCCCOC(=O)CCN(CCC(=O)OCCCCCCCCCCC)CCN(CCC(=O)OCCCCCCCCCCC)CCN(CCC(=O)OCCCCCCCCCCC)CCN(CCC(=O)OCCCCCCCCCCC)CCN(CCC(=O)OCCCCCCCCCCC)CCC(=O)OCCCCCCCCCCC,KW_2014,KW_2014,2
-3.757376,-0.341968677,CCCCCCCCCCCOC(=O)CCN(CCC(=O)OCCCCCCCCCCC)CCN(CCC(=O)OCCCCCCCCCCC)CCN(CCC(=O)OCCCCCCCCCCC)CCN(CCC(=O)OCCCCCCCCCCC)CCN(CCC(=O)OCCCCCCCCCCC)CCN(CCC(=O)OCCCCCCCCCCC)CCC(=O)OCCCCCCCCCCC,KW_2014,KW_2014,0
-1.8822229,0.87284312,CCCCCCCCCCCOC(=O)CCN(CCC(=O)OCCCCCCCCCCC)CCN(CCC(=O)OCCCCCCCCCCC)CCN1CCN(CCN(CCC(=O)OCCCCCCCCCCC)CCC(=O)OCCCCCCCCCCC)CC1,KW_2014,KW_2014,1
-4.0639973,0.95357376,CCCCCCCCCCCOC(=O)CCN(CCC(=O)OCCCCCCCCCCC)CCN(CCN(CCC(=O)OCCCCCCCCCCC)CCC(=O)OCCCCCCCCCCC)CCN(CCC(=O)OCCCCCCCCCCC)CCC(=O)OCCCCCCCCCCC,KW_2014,KW_2014,1
-4.4588947,-0.40867155,CCCCCCCCCCCOC(=O)CCN(CCC(=O)OCCCCCCCCCCC)CCN(CCO)CCO,KW_2014,KW_2014,0
-5.5168962,-0.224522884,CCCCCCCCCCCOC(=O)CCN(CCC(=O)OCCCCCCCCCCC)CCN1CCCC1,KW_2014,KW_2014,0
-6.207771,0.479062018,CCCCCCCCCCCOC(=O)CCN(CCC(=O)OCCCCCCCCCCC)CCN1CCCCC1,KW_2014,KW_2014,1
-2.6376169,0.61895286,CCCCCCCCCCCOC(=O)CCN(CCC(=O)OCCCCCCCCCCC)CCN1CCN(CCC(=O)OCCCCCCCCCCC)CC1,KW_2014,KW_2014,1
-2.701131,3.990380199,CCCCCCCCCCCOC(=O)CCN(CCC(=O)OCCCCCCCCCCC)CCN1CCN(CCN(CCC(=O)OCCCCCCCCCCC)CCC(=O)OCCCCCCCCCCC)CC1,KW_2014,KW_2014,2
-5.1518974,0.5181943,CCCCCCCCCCCOC(=O)CCN(CCC(=O)OCCCCCCCCCCC)CCN1CCOCC1,KW_2014,KW_2014,1
-5.6447124,-0.457811661,CCCCCCCCCCCOC(=O)CCN(CCC(=O)OCCCCCCCCCCC)CN(CC)CCC,KW_2014,KW_2014,0
-5.8638005,0.051118227,CCCCCCCCCCCOC(=O)CCN(CCC)CCC(=O)OCCCCCCCCCCC,KW_2014,KW_2014,1
-2.5378578,-0.043754925,CCCCCCCCCCCOC(=O)CCN(CCC)CCCN(CCC(=O)OCCCCCCCCCCC)CCC(=O)OCCCCCCCCCCC,KW_2014,KW_2014,1
-6.340212,0.247351231,CCCCCCCCCCCOC(=O)CCN(CCCC)CCC(=O)OCCCCCCCCCCC,KW_2014,KW_2014,1
-5.3415613,-0.253055937,CCCCCCCCCCCOC(=O)CCN(CCCc1ccccc1)CCC(=O)OCCCCCCCCCCC,KW_2014,KW_2014,0
-6.3824425,-0.014398053,CCCCCCCCCCCOC(=O)CCN(CCCCC)CCC(=O)OCCCCCCCCCCC,KW_2014,KW_2014,1
-5.213853,-0.376493664,CCCCCCCCCCCOC(=O)CCN(CCCCc1ccccc1)CCC(=O)OCCCCCCCCCCC,KW_2014,KW_2014,0
-5.986505,0.231119574,CCCCCCCCCCCOC(=O)CCN(CCCCCC)CCC(=O)OCCCCCCCCCCC,KW_2014,KW_2014,1
-4.981568,-0.020906271,CCCCCCCCCCCOC(=O)CCN(CCCCCCCCN(CCC(=O)OCCCCCCCCCCC)CCC(=O)OCCCCCCCCCCC)CCC(=O)OCCCCCCCCCCC,KW_2014,KW_2014,1
-3.8600805,0.210955331,CCCCCCCCCCCOC(=O)CCN(CCCCCCN(CCC(=O)OCCCCCCCCCCC)CCC(=O)OCCCCCCCCCCC)CCCCCCN(CCC(=O)OCCCCCCCCCCC)CCC(=O)OCCCCCCCCCCC,KW_2014,KW_2014,1
-6.306897,0.492976958,CCCCCCCCCCCOC(=O)CCN(CCCCCCO)CCC(=O)OCCCCCCCCCCC,KW_2014,KW_2014,1
-6.2838926,1.418708133,CCCCCCCCCCCOC(=O)CCN(CCCCCO)CCC(=O)OCCCCCCCCCCC,KW_2014,KW_2014,2
-3.485248,-0.144095072,CCCCCCCCCCCOC(=O)CCN(CCCCN(C)Cc1ccccc1)CCC(=O)OCCCCCCCCCCC,KW_2014,KW_2014,1
-5.047488,0.009758459,CCCCCCCCCCCOC(=O)CCN(CCCCN1CCN(C)CC1)CCC(=O)OCCCCCCCCCCC,KW_2014,KW_2014,1
-5.823081,0.32082145,CCCCCCCCCCCOC(=O)CCN(CCCCO)CCC(=O)OCCCCCCCCCCC,KW_2014,KW_2014,1
-5.0935416,-0.527989915,CCCCCCCCCCCOC(=O)CCN(CCCN(C)C)CCC(=O)OCCCCCCCCCCC,KW_2014,KW_2014,0
-5.0935416,0.239283522,CCCCCCCCCCCOC(=O)CCN(CCCN(C)C)CCC(=O)OCCCCCCCCCCC,KW_2014,KW_2014,1
-0.9237239,0.039907746,CCCCCCCCCCCOC(=O)CCN(CCCN(C)C)CCCN(CCC(=O)OCCCCCCCCCCC)CCC(=O)OCCCCCCCCCCC,KW_2014,KW_2014,1
2.3203857,3.877054095,CCCCCCCCCCCOC(=O)CCN(CCCN(C)CCCN(CCC(=O)OCCCCCCCCCCC)CCC(=O)OCCCCCCCCCCC)CCC(=O)OCCCCCCCCCCC,KW_2014,KW_2014,2
-4.287768,-0.803578965,CCCCCCCCCCCOC(=O)CCN(CCCN(CC)CC)CCC(=O)OCCCCCCCCCCC,KW_2014,KW_2014,0
-3.8698976,1.247639002,CCCCCCCCCCCOC(=O)CCN(CCCN(CCC(=O)OCCCCCCCCCCC)CCC(=O)OCCCCCCCCCCC)CCC(=O)OCCCCCCCCCCC,KW_2014,KW_2014,2
-2.7025232,1.856347967,CCCCCCCCCCCOC(=O)CCN(CCCN(CCC(=O)OCCCCCCCCCCC)CCC(=O)OCCCCCCCCCCC)CCCN(CCC(=O)OCCCCCCCCCCC)CCC(=O)OCCCCCCCCCCC,KW_2014,KW_2014,2
-2.7359056,1.737175056,CCCCCCCCCCCOC(=O)CCN(CCCN(CCC(=O)OCCCCCCCCCCC)CCN(CCC(=O)OCCCCCCCCCCC)CCC(=O)OCCCCCCCCCCC)CCC(=O)OCCCCCCCCCCC,KW_2014,KW_2014,2
-4.037257,-0.078963392,CCCCCCCCCCCOC(=O)CCN(CCCN(CCC(=O)OCCCCCCCCCCC)CCN(CCC(=O)OCCCCCCCCCCC)CCC(=O)OCCCCCCCCCCC)CCN(CCC(=O)OCCCCCCCCCCC)CCC(=O)OCCCCCCCCCCC,KW_2014,KW_2014,1
-3.7439113,3.683879145,CCCCCCCCCCCOC(=O)CCN(CCCN(CCCN(CCC(=O)OCCCCCCCCCCC)CCC(=O)OCCCCCCCCCCC)CCC(=O)OCCCCCCCCCCC)CCCN(CCC(=O)OCCCCCCCCCCC)CCC(=O)OCCCCCCCCCCC,KW_2014,KW_2014,2
-4.1865873,-0.038364475,CCCCCCCCCCCOC(=O)CCN(CCCN1CCN(C(C)C)CC1)CCC(=O)OCCCCCCCCCCC,KW_2014,KW_2014,1
-0.7780172,2.76072715,CCCCCCCCCCCOC(=O)CCN(CCCN1CCN(CCCN(CCC(=O)OCCCCCCCCCCC)CCC(=O)OCCCCCCCCCCC)CC1)CCC(=O)OCCCCCCCCCCC,KW_2014,KW_2014,2
-6.1040335,-0.196398833,CCCCCCCCCCCOC(=O)CCN(CCCn1ccnc1)CCC(=O)OCCCCCCCCCCC,KW_2014,KW_2014,1
-4.3624873,-0.079198668,CCCCCCCCCCCOC(=O)CCN(CCCN1CCOCC1)CCC(=O)OCCCCCCCCCCC,KW_2014,KW_2014,1
-5.7011456,0.484024215,CCCCCCCCCCCOC(=O)CCN(CCCO)CCC(=O)OCCCCCCCCCCC,KW_2014,KW_2014,1
-5.1150236,-0.632215783,CCCCCCCCCCCOC(=O)CCN(CCCOC(C)C)CCC(=O)OCCCCCCCCCCC,KW_2014,KW_2014,0
-4.650475,-0.452661096,CCCCCCCCCCCOC(=O)CCN(CCCOC)CCC(=O)OCCCCCCCCCCC,KW_2014,KW_2014,0
-4.650475,-0.3612328,CCCCCCCCCCCOC(=O)CCN(CCCOC)CCC(=O)OCCCCCCCCCCC,KW_2014,KW_2014,0
-4.046421,-0.083002867,CCCCCCCCCCCOC(=O)CCN(CCCOCCCCOCCCN(CCC(=O)OCCCCCCCCCCC)CCC(=O)OCCCCCCCCCCC)CCC(=O)OCCCCCCCCCCC,KW_2014,KW_2014,1
-3.102094,-0.602888234,CCCCCCCCCCCOC(=O)CCN(CCCOCCOCCOCCCN(CCC(=O)OCCCCCCCCCCC)CCC(=O)OCCCCCCCCCCC)CCC(=O)OCCCCCCCCCCC,KW_2014,KW_2014,0
-4.689443,-0.240245049,CCCCCCCCCCCOC(=O)CCN(CCN(CCC(=O)OCCCCCCCCCCC)C(C)(C)C)C(C)(C)C,KW_2014,KW_2014,0
-6.337446,-0.218936541,CCCCCCCCCCCOC(=O)CCN(CCN(CCC(=O)OCCCCCCCCCCC)C(C)C)C(C)C,KW_2014,KW_2014,0
-4.9150486,0.301558687,CCCCCCCCCCCOC(=O)CCN(CCO)CCC(=O)OCCCCCCCCCCC,KW_2014,KW_2014,1
-2.946322,0.868663474,CCCCCCCCCCCOC(=O)CCN(CCO)CCN(CCC(=O)OCCCCCCCCCCC)CCC(=O)OCCCCCCCCCCC,KW_2014,KW_2014,1
-4.41279,0.785659143,CCCCCCCCCCCOC(=O)CCN(CCO)CCN(CCO)CCC(=O)OCCCCCCCCCCC,KW_2014,KW_2014,1
-4.41279,0.328981677,CCCCCCCCCCCOC(=O)CCN(CCO)CCN(CCO)CCC(=O)OCCCCCCCCCCC,KW_2014,KW_2014,1
-5.0446167,0.025168301,CCCCCCCCCCCOC(=O)CCN(CCOC)CCC(=O)OCCCCCCCCCCC,KW_2014,KW_2014,1
-4.66369,-0.488052248,CCCCCCCCCCCOC(=O)CCN(CCOCC)CCC(=O)OCCCCCCCCCCC,KW_2014,KW_2014,0
-4.14851,-1.077164545,CCCCCCCCCCCOC(=O)CCN(CCOCCN1CCCC1)CCC(=O)OCCCCCCCCCCC,KW_2014,KW_2014,0
-4.859415,0.861130696,CCCCCCCCCCCOC(=O)CCN(CCOCCO)CCC(=O)OCCCCCCCCCCC,KW_2014,KW_2014,1
-4.859415,0.85308919,CCCCCCCCCCCOC(=O)CCN(CCOCCO)CCC(=O)OCCCCCCCCCCC,KW_2014,KW_2014,1
-1.5211337,-0.275984822,CCCCCCCCCCCOC(=O)CCN(CCOCCOCCN(CCC(=O)OCCCCCCCCCCC)CCC(=O)OCCCCCCCCCCC)CCC(=O)OCCCCCCCCCCC,KW_2014,KW_2014,0
-1.6718118,0.063912572,CCCCCCCCCCCOC(=O)CCN(CCOCCOCCOCCN(CCC(=O)OCCCCCCCCCCC)CCC(=O)OCCCCCCCCCCC)CCC(=O)OCCCCCCCCCCC,KW_2014,KW_2014,1
-2.9776769,0.748824614,CCCCCCCCCCCOC(=O)CCN1C(C)N(CCC(=O)OCCCCCCCCCCC)C(C)N(CCC(=O)OCCCCCCCCCCC)C1C,KW_2014,KW_2014,1
-5.5080256,0.46650401,CCCCCCCCCCCOC(=O)CCN1CC[C@@H](N(CCC(=O)OCCCCCCCCCCC)CCC(=O)OCCCCCCCCCCC)C1,KW_2014,KW_2014,1
-6.0298524,-0.800870248,CCCCCCCCCCCOC(=O)CCN1CCC(N(CCC(=O)OCCCCCCCCCCC)CCC(=O)OCCCCCCCCCCC)CC1,KW_2014,KW_2014,0
-4.138456,-0.222288528,CCCCCCCCCCCOC(=O)CCN1CCCCN(C)CCN(CCC(=O)OCCCCCCCCCCC)CCCN(C)CC1,KW_2014,KW_2014,0
-3.765381,0.833089024,CCCCCCCCCCCOC(=O)CCN1CCCN(CCC(=O)OCCCCCCCCCCC)CCCN(CCC(=O)OCCCCCCCCCCC)CCC1,KW_2014,KW_2014,1
-3.3988996,0.028569528,CCCCCCCCCCCOC(=O)CCN1CCCN(CCC(=O)OCCCCCCCCCCC)CCCN(CCC(=O)OCCCCCCCCCCC)CCN(CCC(=O)OCCCCCCCCCCC)CCC1,KW_2014,KW_2014,1
-4.6616387,-0.086853636,CCCCCCCCCCCOC(=O)CCN1CCCN(CCC(=O)OCCCCCCCCCCC)CCN(CCC(=O)OCCCCCCCCCCC)CCCN(CCC(=O)OCCCCCCCCCCC)CC1,KW_2014,KW_2014,1
-4.505709,0.633158058,CCCCCCCCCCCOC(=O)CCN1CCCN(CCC(=O)OCCCCCCCCCCC)CCN(CCC(=O)OCCCCCCCCCCC)CCN(CCC(=O)OCCCCCCCCCCC)CC1,KW_2014,KW_2014,1
-4.3647947,-0.858283843,CCCCCCCCCCCOC(=O)CCN1CCN(CCC(=O)OCCCCCCCCCCC)[C@H](C)C1,KW_2014,KW_2014,0
-4.177795,-0.291622533,CCCCCCCCCCCOC(=O)CCN1CCN(CCC(=O)OCCCCCCCCCCC)C(c2ccccc2)C1,KW_2014,KW_2014,0
-2.6788063,2.402072584,CCCCCCCCCCCOC(=O)CCN1CCN(CCC(=O)OCCCCCCCCCCC)C2C1N(CCC(=O)OCCCCCCCCCCC)CCN2CCC(=O)OCCCCCCCCCCC,KW_2014,KW_2014,2
-4.9634523,-0.203473351,CCCCCCCCCCCOC(=O)CCN1CCN(CCC(=O)OCCCCCCCCCCC)CC1,KW_2014,KW_2014,1
-4.0997844,0.149162589,CCCCCCCCCCCOC(=O)CCN1CCN(CCC(=O)OCCCCCCCCCCC)CCN(CCC(=O)OCCCCCCCCCCC)CCN(CCC(=O)OCCCCCCCCCCC)CC1,KW_2014,KW_2014,1
-4.702262,-0.322532092,CCCCCCCCCCCOC(=O)CCN1CCOCCN(CCC(=O)OCCCCCCCCCCC)CCN(CCC(=O)OCCCCCCCCCCC)CC1,KW_2014,KW_2014,0
-3.2774765,-0.541639691,CCCCCCCCCCOC(=O)CCN(C)c1ccc(Cc2ccc(N(CCC(=O)OCCCCCCCCCC)CCC(=O)OCCCCCCCCCC)cc2)cc1,KW_2014,KW_2014,0
-4.5637074,-0.962327367,CCCCCCCCCCOC(=O)CCN(C)c1ccccc1N(CCC(=O)OCCCCCCCCCC)CCC(=O)OCCCCCCCCCC,KW_2014,KW_2014,0
-4.813985,-0.290575772,CCCCCCCCCCOC(=O)CCN(C)CCCCCCN(C)CCC(=O)OCCCCCCCCCC,KW_2014,KW_2014,0
-4.8753304,-0.740438493,CCCCCCCCCCOC(=O)CCN(C)CCCN(CC)CCCN(C)CCC(=O)OCCCCCCCCCC,KW_2014,KW_2014,0
-2.6976361,-0.192126033,CCCCCCCCCCOC(=O)CCN(C)CCCN(CCC(=O)OCCCCCCCCCC)CCC(=O)OCCCCCCCCCC,KW_2014,KW_2014,1
-6.201485,-0.506538423,CCCCCCCCCCOC(=O)CCN(C)CCN(C)CCC(=O)OCCCCCCCCCC,KW_2014,KW_2014,0
-3.2277536,0.283499101,CCCCCCCCCCOC(=O)CCN(C)CCN(CCC(=O)OCCCCCCCCCC)CCC(=O)OCCCCCCCCCC,KW_2014,KW_2014,1
-4.423519,-0.422672417,CCCCCCCCCCOC(=O)CCN(C)CCN(CCN(C)CCC(=O)OCCCCCCCCCC)CCN(C)CCC(=O)OCCCCCCCCCC,KW_2014,KW_2014,0
-5.375954,0.682073485,CCCCCCCCCCOC(=O)CCN(C)CCOCCN(C)CCC(=O)OCCCCCCCCCC,KW_2014,KW_2014,1
-4.7813077,-1.277147572,CCCCCCCCCCOC(=O)CCN(C)CCOCCOCCN(C)CCC(=O)OCCCCCCCCCC,KW_2014,KW_2014,0
-4.7813077,0.032330672,CCCCCCCCCCOC(=O)CCN(C)CCOCCOCCN(C)CCC(=O)OCCCCCCCCCC,KW_2014,KW_2014,1
-3.588483,-0.973216276,CCCCCCCCCCOC(=O)CCN(c1ccccc1)c1ccc(-c2ccc(N(CCC(=O)OCCCCCCCCCC)c3ccccc3)cc2)cc1,KW_2014,KW_2014,0
-5.048918,0.796521001,CCCCCCCCCCOC(=O)CCN(CC)CCCN(CC)CCC(=O)OCCCCCCCCCC,KW_2014,KW_2014,1
-6.2782135,-0.025118573,CCCCCCCCCCOC(=O)CCN(CC)CCN(CC)CCC(=O)OCCCCCCCCCC,KW_2014,KW_2014,1
-4.0202127,0.166884819,CCCCCCCCCCOC(=O)CCN(CC)CCN(CCC(=O)OCCCCCCCCCC)CCC(=O)OCCCCCCCCCC,KW_2014,KW_2014,1
-4.6692634,-0.601383295,CCCCCCCCCCOC(=O)CCN(CCC(=O)OCCCCCCCCCC)[C@H](c1ccccc1)[C@H](c1ccccc1)N(CCC(=O)OCCCCCCCCCC)CCC(=O)OCCCCCCCCCC,KW_2014,KW_2014,0
-5.58995,-0.558050037,CCCCCCCCCCOC(=O)CCN(CCC(=O)OCCCCCCCCCC)[C@@H](CO)CC(C)C,KW_2014,KW_2014,0
-5.58995,0.449757684,CCCCCCCCCCOC(=O)CCN(CCC(=O)OCCCCCCCCCC)[C@@H](CO)CC(C)C,KW_2014,KW_2014,1
-3.1194324,0.619020235,CCCCCCCCCCOC(=O)CCN(CCC(=O)OCCCCCCCCCC)[C@@H]1CCCC[C@H]1N(CCC(=O)OCCCCCCCCCC)CCC(=O)OCCCCCCCCCC,KW_2014,KW_2014,1
-2.56122,-0.113821633,CCCCCCCCCCOC(=O)CCN(CCC(=O)OCCCCCCCCCC)[C@H]1CC[C@H](N(CCC(=O)OCCCCCCCCCC)CCC(=O)OCCCCCCCCCC)CC1,KW_2014,KW_2014,1
-3.1194324,0.418156707,CCCCCCCCCCOC(=O)CCN(CCC(=O)OCCCCCCCCCC)[C@@H]1CCCC[C@@H]1N(CCC(=O)OCCCCCCCCCC)CCC(=O)OCCCCCCCCCC,KW_2014,KW_2014,1
-4.6230645,-0.234928892,CCCCCCCCCCOC(=O)CCN(CCC(=O)OCCCCCCCCCC)C(=O)C1CCCN1C,KW_2014,KW_2014,0
-6.295394,-0.334727148,CCCCCCCCCCOC(=O)CCN(CCC(=O)OCCCCCCCCCC)C(C)(C)C,KW_2014,KW_2014,0
-6.057209,-0.241067251,CCCCCCCCCCOC(=O)CCN(CCC(=O)OCCCCCCCCCC)C(C)(C)CC,KW_2014,KW_2014,0
-6.057209,-0.64775521,CCCCCCCCCCOC(=O)CCN(CCC(=O)OCCCCCCCCCC)C(C)(C)CC,KW_2014,KW_2014,0
-5.6137443,-0.479860385,CCCCCCCCCCOC(=O)CCN(CCC(=O)OCCCCCCCCCC)C(C)(C)CC(C)(C)C,KW_2014,KW_2014,0
-5.5175614,-1.277147572,CCCCCCCCCCOC(=O)CCN(CCC(=O)OCCCCCCCCCC)C(C)(CO)CO,KW_2014,KW_2014,0
-6.2379756,-0.464103674,CCCCCCCCCCOC(=O)CCN(CCC(=O)OCCCCCCCCCC)C(C)C,KW_2014,KW_2014,0
-6.7069755,-0.982590377,CCCCCCCCCCOC(=O)CCN(CCC(=O)OCCCCCCCCCC)C(C)C(C)C,KW_2014,KW_2014,0
-5.60927,-0.468225529,CCCCCCCCCCOC(=O)CCN(CCC(=O)OCCCCCCCCCC)C(C)c1ccc(C)cc1,KW_2014,KW_2014,0
-6.7980447,-0.423391059,CCCCCCCCCCOC(=O)CCN(CCC(=O)OCCCCCCCCCC)C(C)CC,KW_2014,KW_2014,0
-6.177552,-0.470759386,CCCCCCCCCCOC(=O)CCN(CCC(=O)OCCCCCCCCCC)C(C)CCC,KW_2014,KW_2014,0
-5.2760696,-1.048093877,CCCCCCCCCCOC(=O)CCN(CCC(=O)OCCCCCCCCCC)C(C)CO,KW_2014,KW_2014,0
-4.419375,0.029283488,CCCCCCCCCCOC(=O)CCN(CCC(=O)OCCCCCCCCCC)C(c1ccccc1)(c1ccccc1)c1ccccc1,KW_2014,KW_2014,1
-5.0694013,-1.277147572,CCCCCCCCCCOC(=O)CCN(CCC(=O)OCCCCCCCCCC)C(c1ccccc1)c1ccccc1,KW_2014,KW_2014,0
-6.417812,-0.474884418,CCCCCCCCCCOC(=O)CCN(CCC(=O)OCCCCCCCCCC)C(CC)CC,KW_2014,KW_2014,0
-4.559105,-0.418436888,CCCCCCCCCCOC(=O)CCN(CCC(=O)OCCCCCCCCCC)C(CO)(CO)CO,KW_2014,KW_2014,0
-6.930273,-1.241767555,CCCCCCCCCCOC(=O)CCN(CCC(=O)OCCCCCCCCCC)C(CO)C(C)(C)C,KW_2014,KW_2014,0
-4.9100995,0.244495611,CCCCCCCCCCOC(=O)CCN(CCC(=O)OCCCCCCCCCC)C[C@@H](C)O,KW_2014,KW_2014,1
-5.2648735,-0.549823974,CCCCCCCCCCOC(=O)CCN(CCC(=O)OCCCCCCCCCC)C[C@@H]1CCCN1CC,KW_2014,KW_2014,0
-5.2648735,-0.281410629,CCCCCCCCCCOC(=O)CCN(CCC(=O)OCCCCCCCCCC)C[C@H]1CCCN1CC,KW_2014,KW_2014,0
-2.874825,-0.467338014,CCCCCCCCCCOC(=O)CCN(CCC(=O)OCCCCCCCCCC)C12C[C@H]3C[C@@H](C1)C[C@@H](C2)C3,KW_2014,KW_2014,0
-3.6069446,-0.73809645,CCCCCCCCCCOC(=O)CCN(CCC(=O)OCCCCCCCCCC)c1c(-c2ccccc2)cc(-c2ccccc2)cc1-c1ccccc1,KW_2014,KW_2014,0
-4.13534,-1.010413769,CCCCCCCCCCOC(=O)CCN(CCC(=O)OCCCCCCCCCC)c1c(C)c(C)c(N(CCC(=O)OCCCCCCCCCC)CCC(=O)OCCCCCCCCCC)c(C)c1C,KW_2014,KW_2014,0
-2.3851633,-0.252200458,CCCCCCCCCCOC(=O)CCN(CCC(=O)OCCCCCCCCCC)c1c(C)cc(-c2cc(C)c(N(CCC(=O)OCCCCCCCCCC)CCC(=O)OCCCCCCCCCC)c(C)c2)cc1C,KW_2014,KW_2014,0
-4.695186,-0.66023762,CCCCCCCCCCOC(=O)CCN(CCC(=O)OCCCCCCCCCC)c1c(CC)cccc1CC,KW_2014,KW_2014,0
-4.701241,-0.648452348,CCCCCCCCCCOC(=O)CCN(CCC(=O)OCCCCCCCCCC)c1c(F)cc(F)cc1F,KW_2014,KW_2014,0
-3.9001815,-0.826490891,CCCCCCCCCCOC(=O)CCN(CCC(=O)OCCCCCCCCCC)c1c(N(CCC(=O)OCCCCCCCCCC)CCC(=O)OCCCCCCCCCC)c2ccccc2c2ccccc12,KW_2014,KW_2014,0
-3.9001815,-0.290472759,CCCCCCCCCCOC(=O)CCN(CCC(=O)OCCCCCCCCCC)c1c(N(CCC(=O)OCCCCCCCCCC)CCC(=O)OCCCCCCCCCC)c2ccccc2c2ccccc12,KW_2014,KW_2014,0
-4.963315,-0.930018327,CCCCCCCCCCOC(=O)CCN(CCC(=O)OCCCCCCCCCC)c1cc(C(C)(C)C)ccc1C(C)(C)C,KW_2014,KW_2014,0
-4.1393023,-1.277147572,CCCCCCCCCCOC(=O)CCN(CCC(=O)OCCCCCCCCCC)c1cc(C(C)(C)C)ccc1OC,KW_2014,KW_2014,0
-3.4719052,-1.277147572,CCCCCCCCCCOC(=O)CCN(CCC(=O)OCCCCCCCCCC)c1cc(C)c(C)cc1N(CCC(=O)OCCCCCCCCCC)CCC(=O)OCCCCCCCCCC,KW_2014,KW_2014,0
-4.8531384,0.112180805,CCCCCCCCCCOC(=O)CCN(CCC(=O)OCCCCCCCCCC)c1cc(F)c(F)c(F)c1,KW_2014,KW_2014,1
-4.777348,-0.700502221,CCCCCCCCCCOC(=O)CCN(CCC(=O)OCCCCCCCCCC)c1cc(F)cc(F)c1,KW_2014,KW_2014,0
-4.0509067,-0.922290247,CCCCCCCCCCOC(=O)CCN(CCC(=O)OCCCCCCCCCC)c1cc(F)ccc1F,KW_2014,KW_2014,0
-4.3267226,-0.735281739,CCCCCCCCCCOC(=O)CCN(CCC(=O)OCCCCCCCCCC)c1cc(OC)ccc1OC,KW_2014,KW_2014,0
-5.3804555,-0.183588804,CCCCCCCCCCOC(=O)CCN(CCC(=O)OCCCCCCCCCC)C1CC1,KW_2014,KW_2014,1
-2.622392,-0.133396284,CCCCCCCCCCOC(=O)CCN(CCC(=O)OCCCCCCCCCC)C1CC2CCC1C2,KW_2014,KW_2014,1
-5.5914845,0.839601106,CCCCCCCCCCOC(=O)CCN(CCC(=O)OCCCCCCCCCC)C1Cc2ccccc2C1,KW_2014,KW_2014,1
-3.5316026,-0.634314673,CCCCCCCCCCOC(=O)CCN(CCC(=O)OCCCCCCCCCC)c1ccc(-c2ccc(N(CCC(=O)OCCCCCCCCCC)CCC(=O)OCCCCCCCCCC)c(C)c2)cc1C,KW_2014,KW_2014,0
-2.497219,-0.410565059,CCCCCCCCCCOC(=O)CCN(CCC(=O)OCCCCCCCCCC)c1ccc(-c2ccc(N(CCC(=O)OCCCCCCCCCC)CCC(=O)OCCCCCCCCCC)c(N(CCC(=O)OCCCCCCCCCC)CCC(=O)OCCCCCCCCCC)c2)cc1N(CCC(=O)OCCCCCCCCCC)CCC(=O)OCCCCCCCCCC,KW_2014,KW_2014,0
-4.2138267,-1.277147572,CCCCCCCCCCOC(=O)CCN(CCC(=O)OCCCCCCCCCC)c1ccc(-c2ccccc2)cc1,KW_2014,KW_2014,0
-3.995922,-0.818520588,CCCCCCCCCCOC(=O)CCN(CCC(=O)OCCCCCCCCCC)c1ccc(C(C)(C)C)cc1,KW_2014,KW_2014,0
-4.1937327,-0.715947725,CCCCCCCCCCOC(=O)CCN(CCC(=O)OCCCCCCCCCC)c1ccc(C(C)C)cc1,KW_2014,KW_2014,0
-3.675227,0.02176637,CCCCCCCCCCOC(=O)CCN(CCC(=O)OCCCCCCCCCC)c1ccc(C)c(F)c1,KW_2014,KW_2014,1
-3.0800185,-0.682515532,CCCCCCCCCCOC(=O)CCN(CCC(=O)OCCCCCCCCCC)c1ccc(C)c(N(CCC(=O)OCCCCCCCCCC)CCC(=O)OCCCCCCCCCC)c1,KW_2014,KW_2014,0
-3.0223389,-1.277147572,CCCCCCCCCCOC(=O)CCN(CCC(=O)OCCCCCCCCCC)c1ccc(C)cc1N(CCC(=O)OCCCCCCCCCC)CCC(=O)OCCCCCCCCCC,KW_2014,KW_2014,0
-3.1010685,-0.016792056,CCCCCCCCCCOC(=O)CCN(CCC(=O)OCCCCCCCCCC)c1ccc(C2(c3ccc(N(CCC(=O)OCCCCCCCCCC)CCC(=O)OCCCCCCCCCC)cc3)c3ccccc3-c3ccccc32)cc1,KW_2014,KW_2014,1
-2.1971798,-0.250439432,CCCCCCCCCCOC(=O)CCN(CCC(=O)OCCCCCCCCCC)C1CCC(CC2CCC(N(CCC(=O)OCCCCCCCCCC)CCC(=O)OCCCCCCCCCC)C(C)C2)CC1C,KW_2014,KW_2014,0
-3.7276611,-1.277147572,CCCCCCCCCCOC(=O)CCN(CCC(=O)OCCCCCCCCCC)c1ccc(Cc2ccc(N(CCC(=O)OCCCCCCCCCC)CCC(=O)OCCCCCCCCCC)cc2)cc1,KW_2014,KW_2014,0
-4.4141383,-0.26912512,CCCCCCCCCCOC(=O)CCN(CCC(=O)OCCCCCCCCCC)c1ccc(F)c(F)c1,KW_2014,KW_2014,0
-5.0124035,-0.371072192,CCCCCCCCCCOC(=O)CCN(CCC(=O)OCCCCCCCCCC)c1ccc(F)cc1,KW_2014,KW_2014,0
-3.5889184,-0.062463637,CCCCCCCCCCOC(=O)CCN(CCC(=O)OCCCCCCCCCC)c1ccc(F)cc1C(F)(F)F,KW_2014,KW_2014,1
-3.7091722,-0.452096323,CCCCCCCCCCOC(=O)CCN(CCC(=O)OCCCCCCCCCC)c1ccc(N(CCC(=O)OCCCCCCCCCC)c2ccccc2)cc1,KW_2014,KW_2014,0
-3.6246042,-1.093301867,CCCCCCCCCCOC(=O)CCN(CCC(=O)OCCCCCCCCCC)c1ccc(N(CCC(=O)OCCCCCCCCCC)CCC(=O)OCCCCCCCCCC)cc1,KW_2014,KW_2014,0
-4.474282,-0.469811575,CCCCCCCCCCOC(=O)CCN(CCC(=O)OCCCCCCCCCC)c1ccc(OC(F)(F)F)cc1,KW_2014,KW_2014,0
-4.7036223,0.107300498,CCCCCCCCCCOC(=O)CCN(CCC(=O)OCCCCCCCCCC)c1ccc(OC(F)F)cc1,KW_2014,KW_2014,1
-4.414633,-0.414130728,CCCCCCCCCCOC(=O)CCN(CCC(=O)OCCCCCCCCCC)c1ccc(OC)c(F)c1,KW_2014,KW_2014,0
-4.382727,-0.572659663,CCCCCCCCCCOC(=O)CCN(CCC(=O)OCCCCCCCCCC)c1ccc(Oc2ccc(F)cc2)cc1,KW_2014,KW_2014,0
-3.318953,-0.214530971,CCCCCCCCCCOC(=O)CCN(CCC(=O)OCCCCCCCCCC)c1ccc(Oc2ccc(N(CCC(=O)OCCCCCCCCCC)CCC(=O)OCCCCCCCCCC)cc2)cc1,KW_2014,KW_2014,0
-4.951196,-0.538912744,CCCCCCCCCCOC(=O)CCN(CCC(=O)OCCCCCCCCCC)c1ccc(Oc2ccccc2)cc1,KW_2014,KW_2014,0
-4.5721684,-1.277147572,CCCCCCCCCCOC(=O)CCN(CCC(=O)OCCCCCCCCCC)c1ccc(OCCCCCCCC)cc1,KW_2014,KW_2014,0
-5.2735486,-0.484557133,CCCCCCCCCCOC(=O)CCN(CCC(=O)OCCCCCCCCCC)C1CCC1,KW_2014,KW_2014,0
-3.435811,-1.277147572,CCCCCCCCCCOC(=O)CCN(CCC(=O)OCCCCCCCCCC)c1ccc2c(c1)Cc1cc(N(CCC(=O)OCCCCCCCCCC)CCC(=O)OCCCCCCCCCC)ccc1-2,KW_2014,KW_2014,0
-5.034745,-0.095318093,CCCCCCCCCCOC(=O)CCN(CCC(=O)OCCCCCCCCCC)c1ccc2c(c1)CCCC2,KW_2014,KW_2014,1
-4.8053117,-0.392989924,CCCCCCCCCCOC(=O)CCN(CCC(=O)OCCCCCCCCCC)c1ccc2c(c1)OCCO2,KW_2014,KW_2014,0
-5.02694,-1.277147572,CCCCCCCCCCOC(=O)CCN(CCC(=O)OCCCCCCCCCC)c1ccc2c(c1)OCO2,KW_2014,KW_2014,0
-3.4865139,-1.277147572,CCCCCCCCCCOC(=O)CCN(CCC(=O)OCCCCCCCCCC)c1ccc2cc3ccccc3cc2c1,KW_2014,KW_2014,0
-5.595391,0.608053491,CCCCCCCCCCOC(=O)CCN(CCC(=O)OCCCCCCCCCC)C1CCc2ccccc21,KW_2014,KW_2014,1
-2.4562218,-0.478137973,CCCCCCCCCCOC(=O)CCN(CCC(=O)OCCCCCCCCCC)c1ccc2ccccc2c1-c1c(N(CCC(=O)OCCCCCCCCCC)CCC(=O)OCCCCCCCCCC)ccc2ccccc12,KW_2014,KW_2014,0
-3.993479,-0.794173544,CCCCCCCCCCOC(=O)CCN(CCC(=O)OCCCCCCCCCC)c1cccc(C(F)(F)F)c1,KW_2014,KW_2014,0
-3.5075567,-0.241454964,CCCCCCCCCCOC(=O)CCN(CCC(=O)OCCCCCCCCCC)c1cccc(C)c1N(CCC(=O)OCCCCCCCCCC)CCC(=O)OCCCCCCCCCC,KW_2014,KW_2014,0
-5.064943,-1.178465182,CCCCCCCCCCOC(=O)CCN(CCC(=O)OCCCCCCCCCC)c1cccc(F)c1,KW_2014,KW_2014,0
-2.6496077,1.315261871,CCCCCCCCCCOC(=O)CCN(CCC(=O)OCCCCCCCCCC)C1CCCC(N(CCC(=O)OCCCCCCCCCC)CCC(=O)OCCCCCCCCCC)C1,KW_2014,KW_2014,2
-3.7670512,0.678593321,CCCCCCCCCCOC(=O)CCN(CCC(=O)OCCCCCCCCCC)c1cccc(N(CCC(=O)OCCCCCCCCCC)CCC(=O)OCCCCCCCCCC)c1,KW_2014,KW_2014,1
-3.5878909,-0.246918203,CCCCCCCCCCOC(=O)CCN(CCC(=O)OCCCCCCCCCC)c1cccc(N(CCC(=O)OCCCCCCCCCC)CCC(=O)OCCCCCCCCCC)c1C,KW_2014,KW_2014,0
-4.6380744,-0.163688323,CCCCCCCCCCOC(=O)CCN(CCC(=O)OCCCCCCCCCC)c1cccc(OC(C)C)c1,KW_2014,KW_2014,1
-5.0044146,-0.816057093,CCCCCCCCCCOC(=O)CCN(CCC(=O)OCCCCCCCCCC)c1cccc(OCc2ccccc2)c1,KW_2014,KW_2014,0
-5.181922,-0.780260619,CCCCCCCCCCOC(=O)CCN(CCC(=O)OCCCCCCCCCC)c1cccc2c1CCC2,KW_2014,KW_2014,0
-3.3470001,0.107949957,CCCCCCCCCCOC(=O)CCN(CCC(=O)OCCCCCCCCCC)c1cccc2cccc(N(CCC(=O)OCCCCCCCCCC)CCC(=O)OCCCCCCCCCC)c12,KW_2014,KW_2014,1
-5.2972097,-0.139012115,CCCCCCCCCCOC(=O)CCN(CCC(=O)OCCCCCCCCCC)C1CCCCC1,KW_2014,KW_2014,1
-5.3866577,-0.142631407,CCCCCCCCCCOC(=O)CCN(CCC(=O)OCCCCCCCCCC)c1ccccc1C(C)(C)C,KW_2014,KW_2014,1
-5.662546,-0.857207038,CCCCCCCCCCOC(=O)CCN(CCC(=O)OCCCCCCCCCC)c1ccccc1C(C)C,KW_2014,KW_2014,0
-4.9910192,0.322695841,CCCCCCCCCCOC(=O)CCN(CCC(=O)OCCCCCCCCCC)c1ccccc1Cc1ccccc1,KW_2014,KW_2014,1
-3.5569952,0.034575183,CCCCCCCCCCOC(=O)CCN(CCC(=O)OCCCCCCCCCC)c1ccccc1N(CCC(=O)OCCCCCCCCCC)c1ccccc1,KW_2014,KW_2014,1
-5.5295053,-0.124910973,CCCCCCCCCCOC(=O)CCN(CCC(=O)OCCCCCCCCCC)c1ccccc1OC,KW_2014,KW_2014,1
-4.5684824,-0.332189427,CCCCCCCCCCOC(=O)CCN(CCC(=O)OCCCCCCCCCC)c1ccccc1Oc1ccccc1,KW_2014,KW_2014,0
-6.00495,-0.915802716,CCCCCCCCCCOC(=O)CCN(CCC(=O)OCCCCCCCCCC)c1ccccc1OCC,KW_2014,KW_2014,0
-4.5409365,-0.357252071,CCCCCCCCCCOC(=O)CCN(CCC(=O)OCCCCCCCCCC)C1CCCCCCC1,KW_2014,KW_2014,0
-5.547465,-0.683574924,CCCCCCCCCCOC(=O)CCN(CCC(=O)OCCCCCCCCCC)C1CCN(C)CC1,KW_2014,KW_2014,0
-3.5054436,0.519536633,CCCCCCCCCCOC(=O)CCN(CCC(=O)OCCCCCCCCCC)c1nc(N(CCC(=O)OCCCCCCCCCC)CCC(=O)OCCCCCCCCCC)nc(N(CCC(=O)OCCCCCCCCCC)CCC(=O)OCCCCCCCCCC)n1,KW_2014,KW_2014,1
-5.2576127,-0.538242883,CCCCCCCCCCOC(=O)CCN(CCC(=O)OCCCCCCCCCC)CC(=O)N(C)c1ccccc1,KW_2014,KW_2014,0
-6.133675,0.537034256,CCCCCCCCCCOC(=O)CCN(CCC(=O)OCCCCCCCCCC)CC(C)(C)CN(C)C,KW_2014,KW_2014,1
-6.1249943,-0.653434797,CCCCCCCCCCOC(=O)CCN(CCC(=O)OCCCCCCCCCC)CC(C)(C)CO,KW_2014,KW_2014,0
-6.543589,-0.598256643,CCCCCCCCCCOC(=O)CCN(CCC(=O)OCCCCCCCCCC)CC(C)C,KW_2014,KW_2014,0
-6.3187385,-0.518764632,CCCCCCCCCCOC(=O)CCN(CCC(=O)OCCCCCCCCCC)CC(C)CC,KW_2014,KW_2014,0
-3.872152,0.210201249,CCCCCCCCCCOC(=O)CCN(CCC(=O)OCCCCCCCCCC)CC(C)N(CCC(=O)OCCCCCCCCCC)CCC(=O)OCCCCCCCCCC,KW_2014,KW_2014,1
-5.984888,-0.164447367,CCCCCCCCCCOC(=O)CCN(CCC(=O)OCCCCCCCCCC)CC(CC)CCCC,KW_2014,KW_2014,1
-5.365761,-0.329776484,CCCCCCCCCCOC(=O)CCN(CCC(=O)OCCCCCCCCCC)CC(OC)OC,KW_2014,KW_2014,0
-5.1998005,-1.277147572,CCCCCCCCCCOC(=O)CCN(CCC(=O)OCCCCCCCCCC)CC[C@H](C)O,KW_2014,KW_2014,0
-3.4715402,-1.149887665,CCCCCCCCCCOC(=O)CCN(CCC(=O)OCCCCCCCCCC)CC1(C)CC(N(CCC(=O)OCCCCCCCCCC)CCC(=O)OCCCCCCCCCC)CC(C)(C)C1,KW_2014,KW_2014,0
-3.8092263,-0.581286319,CCCCCCCCCCOC(=O)CCN(CCC(=O)OCCCCCCCCCC)CC12C[C@H]3C[C@@H](C1)C[C@@H](C2)C3,KW_2014,KW_2014,0
-4.2076063,-0.283522675,CCCCCCCCCCOC(=O)CCN(CCC(=O)OCCCCCCCCCC)Cc1cc(C)c(OC)c(OC)c1,KW_2014,KW_2014,0
-4.850623,0.613839102,CCCCCCCCCCOC(=O)CCN(CCC(=O)OCCCCCCCCCC)Cc1cc(F)ccc1F,KW_2014,KW_2014,1
-4.522891,-0.350973296,CCCCCCCCCCOC(=O)CCN(CCC(=O)OCCCCCCCCCC)CC1CCC(CN(CCC(=O)OCCCCCCCCCC)CCC(=O)OCCCCCCCCCC)CC1,KW_2014,KW_2014,0
-4.9507318,-0.357942362,CCCCCCCCCCOC(=O)CCN(CCC(=O)OCCCCCCCCCC)CC1CCCC(CN(CCC(=O)OCCCCCCCCCC)CCC(=O)OCCCCCCCCCC)C1,KW_2014,KW_2014,0
-4.6959105,0.60227806,CCCCCCCCCCOC(=O)CCN(CCC(=O)OCCCCCCCCCC)Cc1cccc(CN(CCC(=O)OCCCCCCCCCC)CCC(=O)OCCCCCCCCCC)c1,KW_2014,KW_2014,1
-4.9662094,-0.440324415,CCCCCCCCCCOC(=O)CCN(CCC(=O)OCCCCCCCCCC)Cc1cccc(F)c1,KW_2014,KW_2014,0
-3.674239,-0.705071727,CCCCCCCCCCOC(=O)CCN(CCC(=O)OCCCCCCCCCC)Cc1cccc(N(CCC(=O)OCCCCCCCCCC)CCC(=O)OCCCCCCCCCC)c1,KW_2014,KW_2014,0
-5.9603004,-0.329484097,CCCCCCCCCCOC(=O)CCN(CCC(=O)OCCCCCCCCCC)CC1CCCCC1,KW_2014,KW_2014,0
-5.7415533,-0.585267437,CCCCCCCCCCOC(=O)CCN(CCC(=O)OCCCCCCCCCC)Cc1ccccc1F,KW_2014,KW_2014,0
-4.2544127,-0.422760849,CCCCCCCCCCOC(=O)CCN(CCC(=O)OCCCCCCCCCC)Cc1ccccc1N(CCC(=O)OCCCCCCCCCC)CCC(=O)OCCCCCCCCCC,KW_2014,KW_2014,0
-5.330151,-0.396916446,CCCCCCCCCCOC(=O)CCN(CCC(=O)OCCCCCCCCCC)Cc1ccccc1OC,KW_2014,KW_2014,0
-6.0390167,-0.379553162,CCCCCCCCCCOC(=O)CCN(CCC(=O)OCCCCCCCCCC)Cc1ccccc1OCC,KW_2014,KW_2014,0
-5.2852235,-0.800072835,CCCCCCCCCCOC(=O)CCN(CCC(=O)OCCCCCCCCCC)CC1CCCN1C,KW_2014,KW_2014,0
-4.5637584,0.291216739,CCCCCCCCCCOC(=O)CCN(CCC(=O)OCCCCCCCCCC)CC1CCCN1CCC(=O)OCCCCCCCCCC,KW_2014,KW_2014,1
-6.95036,-0.277348392,CCCCCCCCCCOC(=O)CCN(CCC(=O)OCCCCCCCCCC)CC1CCCO1,KW_2014,KW_2014,0
-5.4191575,-0.501901125,CCCCCCCCCCOC(=O)CCN(CCC(=O)OCCCCCCCCCC)CC1CCN(C)CC1,KW_2014,KW_2014,0
-4.752898,-0.578487256,CCCCCCCCCCOC(=O)CCN(CCC(=O)OCCCCCCCCCC)CC1COC(C)(C)O1,KW_2014,KW_2014,0
-6.317793,-0.978975862,CCCCCCCCCCOC(=O)CCN(CCC(=O)OCCCCCCCCCC)Cc1nccn1C,KW_2014,KW_2014,0
-3.6299276,0.075400126,CCCCCCCCCCOC(=O)CCN(CCC(=O)OCCCCCCCCCC)CCC(=O)N1CCN(CCC(=O)OCCCCCCCCCC)CC1,KW_2014,KW_2014,1
-6.497457,-0.522791256,CCCCCCCCCCOC(=O)CCN(CCC(=O)OCCCCCCCCCC)CCC(C)(C)C,KW_2014,KW_2014,0
-4.53272,0.255821163,CCCCCCCCCCOC(=O)CCN(CCC(=O)OCCCCCCCCCC)CCC(c1ccccc1)c1ccccc1,KW_2014,KW_2014,1
-4.6278152,-0.030520573,CCCCCCCCCCOC(=O)CCN(CCC(=O)OCCCCCCCCCC)CCC1CCC(C)CC1,KW_2014,KW_2014,1
-4.7099915,0.061314942,CCCCCCCCCCOC(=O)CCN(CCC(=O)OCCCCCCCCCC)CCC1CCC(CC)CC1,KW_2014,KW_2014,1
-4.2757754,-0.330357776,CCCCCCCCCCOC(=O)CCN(CCC(=O)OCCCCCCCCCC)CCc1ccc(OC)c(OC)c1,KW_2014,KW_2014,0
-5.579985,-1.277147572,CCCCCCCCCCOC(=O)CCN(CCC(=O)OCCCCCCCCCC)CCc1ccc(OC)cc1,KW_2014,KW_2014,0
-5.224812,0.146276162,CCCCCCCCCCOC(=O)CCN(CCC(=O)OCCCCCCCCCC)CCc1ccccc1F,KW_2014,KW_2014,1
-7.305675,-0.229231415,CCCCCCCCCCOC(=O)CCN(CCC(=O)OCCCCCCCCCC)CCC1OCCO1,KW_2014,KW_2014,0
-4.5352845,-0.08446073,CCCCCCCCCCOC(=O)CCN(CCC(=O)OCCCCCCCCCC)CCN(C(C)C)C(C)C,KW_2014,KW_2014,1
-5.6525903,0.305237047,CCCCCCCCCCOC(=O)CCN(CCC(=O)OCCCCCCCCCC)CCN(C)C,KW_2014,KW_2014,1
-1.8789529,2.386703514,CCCCCCCCCCOC(=O)CCN(CCC(=O)OCCCCCCCCCC)CCN(C)CCCN(C)CCN(CCC(=O)OCCCCCCCCCC)CCC(=O)OCCCCCCCCCC,KW_2014,KW_2014,2
-0.22186074,3.863978025,CCCCCCCCCCOC(=O)CCN(CCC(=O)OCCCCCCCCCC)CCN(C)CCN(C)CCN(CCC(=O)OCCCCCCCCCC)CCC(=O)OCCCCCCCCCC,KW_2014,KW_2014,2
-2.2632546,2.845691578,CCCCCCCCCCOC(=O)CCN(CCC(=O)OCCCCCCCCCC)CCN(C)CCN(CCC(=O)OCCCCCCCCCC)CCC(=O)OCCCCCCCCCC,KW_2014,KW_2014,2
-3.059385,2.489067961,CCCCCCCCCCOC(=O)CCN(CCC(=O)OCCCCCCCCCC)CCN(CC)CCN(CC)CCN(CCC(=O)OCCCCCCCCCC)CCC(=O)OCCCCCCCCCC,KW_2014,KW_2014,2
-4.5837073,-0.52469566,CCCCCCCCCCOC(=O)CCN(CCC(=O)OCCCCCCCCCC)CCN(CCC(=O)OCCCCCCCCCC)C(C)C,KW_2014,KW_2014,0
-4.967967,-1.065210162,CCCCCCCCCCOC(=O)CCN(CCC(=O)OCCCCCCCCCC)CCN(CCC(=O)OCCCCCCCCCC)c1ccccc1,KW_2014,KW_2014,0
-3.1706495,-0.734456095,CCCCCCCCCCOC(=O)CCN(CCC(=O)OCCCCCCCCCC)CCN(CCC(=O)OCCCCCCCCCC)Cc1ccccc1,KW_2014,KW_2014,0
-3.8254602,0.694620426,CCCCCCCCCCOC(=O)CCN(CCC(=O)OCCCCCCCCCC)CCN(CCC(=O)OCCCCCCCCCC)CCC(=O)OCCCCCCCCCC,KW_2014,KW_2014,1
-4.7638564,0.305866088,CCCCCCCCCCOC(=O)CCN(CCC(=O)OCCCCCCCCCC)CCN(CCC(=O)OCCCCCCCCCC)CCN(CC)CC,KW_2014,KW_2014,1
-3.4800227,0.487123227,CCCCCCCCCCOC(=O)CCN(CCC(=O)OCCCCCCCCCC)CCN(CCC(=O)OCCCCCCCCCC)CCN(CCC(=O)OCCCCCCCCCC)CCC(=O)OCCCCCCCCCC,KW_2014,KW_2014,1
-4.225889,1.557630191,CCCCCCCCCCOC(=O)CCN(CCC(=O)OCCCCCCCCCC)CCN(CCC(=O)OCCCCCCCCCC)CCN(CCC(=O)OCCCCCCCCCC)CCN(CCC(=O)OCCCCCCCCCC)CCC(=O)OCCCCCCCCCC,KW_2014,KW_2014,2
-4.5527554,0.937053085,CCCCCCCCCCOC(=O)CCN(CCC(=O)OCCCCCCCCCC)CCN(CCC(=O)OCCCCCCCCCC)CCN(CCC(=O)OCCCCCCCCCC)CCN(CCC(=O)OCCCCCCCCCC)CCN(CCC(=O)OCCCCCCCCCC)CCC(=O)OCCCCCCCCCC,KW_2014,KW_2014,1
-4.5440645,0.025268111,CCCCCCCCCCOC(=O)CCN(CCC(=O)OCCCCCCCCCC)CCN(CCC(=O)OCCCCCCCCCC)CCN(CCC(=O)OCCCCCCCCCC)CCN(CCC(=O)OCCCCCCCCCC)CCN(CCC(=O)OCCCCCCCCCC)CCN(CCC(=O)OCCCCCCCCCC)CCC(=O)OCCCCCCCCCC,KW_2014,KW_2014,1
-1.6704803,1.270435559,CCCCCCCCCCOC(=O)CCN(CCC(=O)OCCCCCCCCCC)CCN(CCC(=O)OCCCCCCCCCC)CCN1CCN(CCN(CCC(=O)OCCCCCCCCCC)CCC(=O)OCCCCCCCCCC)CC1,KW_2014,KW_2014,2
-3.8357947,2.103855021,CCCCCCCCCCOC(=O)CCN(CCC(=O)OCCCCCCCCCC)CCN(CCN(CCC(=O)OCCCCCCCCCC)CCC(=O)OCCCCCCCCCC)CCN(CCC(=O)OCCCCCCCCCC)CCC(=O)OCCCCCCCCCC,KW_2014,KW_2014,2
-5.161595,-0.015465949,CCCCCCCCCCOC(=O)CCN(CCC(=O)OCCCCCCCCCC)CCN(CCO)CCO,KW_2014,KW_2014,1
-5.8074946,-0.183664063,CCCCCCCCCCOC(=O)CCN(CCC(=O)OCCCCCCCCCC)CCN1CCCC1,KW_2014,KW_2014,1
-6.3216553,0.237186892,CCCCCCCCCCOC(=O)CCN(CCC(=O)OCCCCCCCCCC)CCN1CCCCC1,KW_2014,KW_2014,1
-3.496345,0.70355334,CCCCCCCCCCOC(=O)CCN(CCC(=O)OCCCCCCCCCC)CCN1CCN(CCC(=O)OCCCCCCCCCC)CC1,KW_2014,KW_2014,1
-2.2678778,3.61098376,CCCCCCCCCCOC(=O)CCN(CCC(=O)OCCCCCCCCCC)CCN1CCN(CCN(CCC(=O)OCCCCCCCCCC)CCC(=O)OCCCCCCCCCC)CC1,KW_2014,KW_2014,2
-5.3963256,0.652137159,CCCCCCCCCCOC(=O)CCN(CCC(=O)OCCCCCCCCCC)CCN1CCOCC1,KW_2014,KW_2014,1
-5.5840144,-0.559776194,CCCCCCCCCCOC(=O)CCN(CCC(=O)OCCCCCCCCCC)CN(CC)CCC,KW_2014,KW_2014,0
-6.1713734,0.003415065,CCCCCCCCCCOC(=O)CCN(CCC)CCC(=O)OCCCCCCCCCC,KW_2014,KW_2014,1
-2.7593334,-0.254455579,CCCCCCCCCCOC(=O)CCN(CCC)CCCN(CCC(=O)OCCCCCCCCCC)CCC(=O)OCCCCCCCCCC,KW_2014,KW_2014,0
-6.591214,0.120340984,CCCCCCCCCCOC(=O)CCN(CCCC)CCC(=O)OCCCCCCCCCC,KW_2014,KW_2014,1
-6.0649576,-0.320811272,CCCCCCCCCCOC(=O)CCN(CCCc1ccccc1)CCC(=O)OCCCCCCCCCC,KW_2014,KW_2014,0
-6.6914644,-0.167529252,CCCCCCCCCCOC(=O)CCN(CCCCC)CCC(=O)OCCCCCCCCCC,KW_2014,KW_2014,1
-6.1248684,-0.358778501,CCCCCCCCCCOC(=O)CCN(CCCCc1ccccc1)CCC(=O)OCCCCCCCCCC,KW_2014,KW_2014,0
-6.5993795,0.409711506,CCCCCCCCCCOC(=O)CCN(CCCCCC)CCC(=O)OCCCCCCCCCC,KW_2014,KW_2014,1
-5.001349,-0.222061852,CCCCCCCCCCOC(=O)CCN(CCCCCCCCN(CCC(=O)OCCCCCCCCCC)CCC(=O)OCCCCCCCCCC)CCC(=O)OCCCCCCCCCC,KW_2014,KW_2014,0
-4.479396,-0.024454664,CCCCCCCCCCOC(=O)CCN(CCCCCCN(CCC(=O)OCCCCCCCCCC)CCC(=O)OCCCCCCCCCC)CCCCCCN(CCC(=O)OCCCCCCCCCC)CCC(=O)OCCCCCCCCCC,KW_2014,KW_2014,1
-6.4189925,0.866668079,CCCCCCCCCCOC(=O)CCN(CCCCCCO)CCC(=O)OCCCCCCCCCC,KW_2014,KW_2014,1
-6.524409,0.888588882,CCCCCCCCCCOC(=O)CCN(CCCCCO)CCC(=O)OCCCCCCCCCC,KW_2014,KW_2014,1
-3.585621,-0.382632441,CCCCCCCCCCOC(=O)CCN(CCCCN(C)Cc1ccccc1)CCC(=O)OCCCCCCCCCC,KW_2014,KW_2014,0
-5.283699,0.03124544,CCCCCCCCCCOC(=O)CCN(CCCCN1CCN(C)CC1)CCC(=O)OCCCCCCCCCC,KW_2014,KW_2014,1
-6.4504523,0.257412743,CCCCCCCCCCOC(=O)CCN(CCCCO)CCC(=O)OCCCCCCCCCC,KW_2014,KW_2014,1
-5.6850863,-0.164907643,CCCCCCCCCCOC(=O)CCN(CCCN(C)C)CCC(=O)OCCCCCCCCCC,KW_2014,KW_2014,1
-5.6850863,0.106881918,CCCCCCCCCCOC(=O)CCN(CCCN(C)C)CCC(=O)OCCCCCCCCCC,KW_2014,KW_2014,1
-1.4494928,4.28649945,CCCCCCCCCCOC(=O)CCN(CCCN(C)C)CCCN(CCC(=O)OCCCCCCCCCC)CCC(=O)OCCCCCCCCCC,KW_2014,KW_2014,3
2.766384,3.891100547,CCCCCCCCCCOC(=O)CCN(CCCN(C)CCCN(CCC(=O)OCCCCCCCCCC)CCC(=O)OCCCCCCCCCC)CCC(=O)OCCCCCCCCCC,KW_2014,KW_2014,2
-4.9018564,-0.332125588,CCCCCCCCCCOC(=O)CCN(CCCN(CC)CC)CCC(=O)OCCCCCCCCCC,KW_2014,KW_2014,0
-3.718136,1.295020956,CCCCCCCCCCOC(=O)CCN(CCCN(CCC(=O)OCCCCCCCCCC)CCC(=O)OCCCCCCCCCC)CCC(=O)OCCCCCCCCCC,KW_2014,KW_2014,2
-2.2004414,2.312301377,CCCCCCCCCCOC(=O)CCN(CCCN(CCC(=O)OCCCCCCCCCC)CCC(=O)OCCCCCCCCCC)CCCN(CCC(=O)OCCCCCCCCCC)CCC(=O)OCCCCCCCCCC,KW_2014,KW_2014,2
-3.2332563,0.965792318,CCCCCCCCCCOC(=O)CCN(CCCN(CCC(=O)OCCCCCCCCCC)CCN(CCC(=O)OCCCCCCCCCC)CCC(=O)OCCCCCCCCCC)CCC(=O)OCCCCCCCCCC,KW_2014,KW_2014,1
-3.322216,0.455436502,CCCCCCCCCCOC(=O)CCN(CCCN(CCC(=O)OCCCCCCCCCC)CCN(CCC(=O)OCCCCCCCCCC)CCC(=O)OCCCCCCCCCC)CCN(CCC(=O)OCCCCCCCCCC)CCC(=O)OCCCCCCCCCC,KW_2014,KW_2014,1
-3.351534,3.522572096,CCCCCCCCCCOC(=O)CCN(CCCN(CCCN(CCC(=O)OCCCCCCCCCC)CCC(=O)OCCCCCCCCCC)CCC(=O)OCCCCCCCCCC)CCCN(CCC(=O)OCCCCCCCCCC)CCC(=O)OCCCCCCCCCC,KW_2014,KW_2014,2
-4.8015523,0.029655934,CCCCCCCCCCOC(=O)CCN(CCCN1CCN(C(C)C)CC1)CCC(=O)OCCCCCCCCCC,KW_2014,KW_2014,1
-0.9819232,2.467127211,CCCCCCCCCCOC(=O)CCN(CCCN1CCN(CCCN(CCC(=O)OCCCCCCCCCC)CCC(=O)OCCCCCCCCCC)CC1)CCC(=O)OCCCCCCCCCC,KW_2014,KW_2014,2
-5.9834833,-0.163894664,CCCCCCCCCCOC(=O)CCN(CCCn1ccnc1)CCC(=O)OCCCCCCCCCC,KW_2014,KW_2014,1
-5.3458886,0.029075388,CCCCCCCCCCOC(=O)CCN(CCCN1CCOCC1)CCC(=O)OCCCCCCCCCC,KW_2014,KW_2014,1
-6.087648,0.015531898,CCCCCCCCCCOC(=O)CCN(CCCO)CCC(=O)OCCCCCCCCCC,KW_2014,KW_2014,1
-5.674472,-0.481600021,CCCCCCCCCCOC(=O)CCN(CCCOC(C)C)CCC(=O)OCCCCCCCCCC,KW_2014,KW_2014,0
-5.1271715,-0.643014071,CCCCCCCCCCOC(=O)CCN(CCCOC)CCC(=O)OCCCCCCCCCC,KW_2014,KW_2014,0
-5.1271715,-0.239140877,CCCCCCCCCCOC(=O)CCN(CCCOC)CCC(=O)OCCCCCCCCCC,KW_2014,KW_2014,0
-4.060466,-0.175591302,CCCCCCCCCCOC(=O)CCN(CCCOCCCCOCCCN(CCC(=O)OCCCCCCCCCC)CCC(=O)OCCCCCCCCCC)CCC(=O)OCCCCCCCCCC,KW_2014,KW_2014,1
-3.256524,-0.68043706,CCCCCCCCCCOC(=O)CCN(CCCOCCOCCOCCCN(CCC(=O)OCCCCCCCCCC)CCC(=O)OCCCCCCCCCC)CCC(=O)OCCCCCCCCCC,KW_2014,KW_2014,0
-4.6799965,-0.389726101,CCCCCCCCCCOC(=O)CCN(CCN(CCC(=O)OCCCCCCCCCC)C(C)(C)C)C(C)(C)C,KW_2014,KW_2014,0
-6.006082,-0.026348066,CCCCCCCCCCOC(=O)CCN(CCN(CCC(=O)OCCCCCCCCCC)C(C)C)C(C)C,KW_2014,KW_2014,1
-4.87525,0.215749049,CCCCCCCCCCOC(=O)CCN(CCO)CCC(=O)OCCCCCCCCCC,KW_2014,KW_2014,1
-3.735498,0.970742797,CCCCCCCCCCOC(=O)CCN(CCO)CCN(CCC(=O)OCCCCCCCCCC)CCC(=O)OCCCCCCCCCC,KW_2014,KW_2014,1
-5.147861,1.126454064,CCCCCCCCCCOC(=O)CCN(CCO)CCN(CCO)CCC(=O)OCCCCCCCCCC,KW_2014,KW_2014,2
-5.147861,0.510239436,CCCCCCCCCCOC(=O)CCN(CCO)CCN(CCO)CCC(=O)OCCCCCCCCCC,KW_2014,KW_2014,1
-5.1853147,-0.022005899,CCCCCCCCCCOC(=O)CCN(CCOC)CCC(=O)OCCCCCCCCCC,KW_2014,KW_2014,1
-5.7450356,-0.358395523,CCCCCCCCCCOC(=O)CCN(CCOCC)CCC(=O)OCCCCCCCCCC,KW_2014,KW_2014,0
-4.7749944,-0.867895235,CCCCCCCCCCOC(=O)CCN(CCOCCN1CCCC1)CCC(=O)OCCCCCCCCCC,KW_2014,KW_2014,0
-5.4644246,0.681889931,CCCCCCCCCCOC(=O)CCN(CCOCCO)CCC(=O)OCCCCCCCCCC,KW_2014,KW_2014,1
-5.4644246,0.002462275,CCCCCCCCCCOC(=O)CCN(CCOCCO)CCC(=O)OCCCCCCCCCC,KW_2014,KW_2014,1
-1.892102,-0.606800682,CCCCCCCCCCOC(=O)CCN(CCOCCOCCN(CCC(=O)OCCCCCCCCCC)CCC(=O)OCCCCCCCCCC)CCC(=O)OCCCCCCCCCC,KW_2014,KW_2014,0
-1.9915849,0.052083731,CCCCCCCCCCOC(=O)CCN(CCOCCOCCOCCN(CCC(=O)OCCCCCCCCCC)CCC(=O)OCCCCCCCCCC)CCC(=O)OCCCCCCCCCC,KW_2014,KW_2014,1
-2.8733895,-0.021804835,CCCCCCCCCCOC(=O)CCN1C(C)N(CCC(=O)OCCCCCCCCCC)C(C)N(CCC(=O)OCCCCCCCCCC)C1C,KW_2014,KW_2014,1
-4.6857886,0.393392085,CCCCCCCCCCOC(=O)CCN1CC[C@@H](N(CCC(=O)OCCCCCCCCCC)CCC(=O)OCCCCCCCCCC)C1,KW_2014,KW_2014,1
-5.7567763,-0.333386514,CCCCCCCCCCOC(=O)CCN1CCC(N(CCC(=O)OCCCCCCCCCC)CCC(=O)OCCCCCCCCCC)CC1,KW_2014,KW_2014,0
-4.4047976,-0.848072702,CCCCCCCCCCOC(=O)CCN1CCCCN(C)CCN(CCC(=O)OCCCCCCCCCC)CCCN(C)CC1,KW_2014,KW_2014,0
-3.838484,-0.101626195,CCCCCCCCCCOC(=O)CCN1CCCN(CCC(=O)OCCCCCCCCCC)CCCN(CCC(=O)OCCCCCCCCCC)CCC1,KW_2014,KW_2014,1
-3.3147643,0.159046009,CCCCCCCCCCOC(=O)CCN1CCCN(CCC(=O)OCCCCCCCCCC)CCCN(CCC(=O)OCCCCCCCCCC)CCN(CCC(=O)OCCCCCCCCCC)CCC1,KW_2014,KW_2014,1
-4.480603,-0.002021643,CCCCCCCCCCOC(=O)CCN1CCCN(CCC(=O)OCCCCCCCCCC)CCN(CCC(=O)OCCCCCCCCCC)CCCN(CCC(=O)OCCCCCCCCCC)CC1,KW_2014,KW_2014,1
-4.3006415,0.015606566,CCCCCCCCCCOC(=O)CCN1CCCN(CCC(=O)OCCCCCCCCCC)CCN(CCC(=O)OCCCCCCCCCC)CCN(CCC(=O)OCCCCCCCCCC)CC1,KW_2014,KW_2014,1
-3.991093,-0.267572516,CCCCCCCCCCOC(=O)CCN1CCN(CCC(=O)OCCCCCCCCCC)[C@H](C)C1,KW_2014,KW_2014,0
-4.5937076,-0.567880006,CCCCCCCCCCOC(=O)CCN1CCN(CCC(=O)OCCCCCCCCCC)C(c2ccccc2)C1,KW_2014,KW_2014,0
-3.1987767,1.731095967,CCCCCCCCCCOC(=O)CCN1CCN(CCC(=O)OCCCCCCCCCC)C2C1N(CCC(=O)OCCCCCCCCCC)CCN2CCC(=O)OCCCCCCCCCC,KW_2014,KW_2014,2
-5.1202545,0.000668229,CCCCCCCCCCOC(=O)CCN1CCN(CCC(=O)OCCCCCCCCCC)CC1,KW_2014,KW_2014,1
-4.08342,0.180144729,CCCCCCCCCCOC(=O)CCN1CCN(CCC(=O)OCCCCCCCCCC)CCN(CCC(=O)OCCCCCCCCCC)CCN(CCC(=O)OCCCCCCCCCC)CC1,KW_2014,KW_2014,1
-4.605729,-0.143999145,CCCCCCCCCCOC(=O)CCN1CCOCCN(CCC(=O)OCCCCCCCCCC)CCN(CCC(=O)OCCCCCCCCCC)CC1,KW_2014,KW_2014,1
