cv_2_pred_Experiment_value,Experiment_value,smiles,Experiment_ID,experiment_id,rel
-6.623745,5.468071128,CCCCCCCCCCCCCCCOC(=O)CCN(CCCN(CCO)CCO)CCC(=O)OCCCCCCCCCCCCCCC,AA_2008,AA_2008,3
-4.1916285,5.468071128,CCCCCCCCCCCCNC(=O)CCN(C)CCCN(CCC(=O)NCCCCCCCCCCCC)CCC(=O)NCCCCCCCCCCCC,AA_2008,AA_2008,3
-3.2928677,5.468071128,CCCCCCCCCCCCNC(=O)CCN(CCC(=O)NCCCCCCCCCCCC)CCN(CCC(=O)NCCCCCCCCCCCC)CCN(CCC(=O)NCCCCCCCCCCCC)CCN(CCC(=O)NCCCCCCCCCCCC)CCC(=O)NCCCCCCCCCCCC,AA_2008,AA_2008,3
-3.5595965,5.468071128,CCCCCCCCCCCCCCCNC(=O)CCN(CC)CCCN(CC)CCC(=O)NCCCCCCCCCCCCCCC,AA_2008,AA_2008,3
-3.6274836,5.468071128,CCCCCCCCCCCCCCCCNC(=O)CCN(CC)CCCN(CC)CCC(=O)NCCCCCCCCCCCCCCCC,AA_2008,AA_2008,3
-8.254711,4.009331809,CCCCCCCCCCCCCCOC(=O)CCN(CCC(=O)OCCCCCCCCCCCCCC)C(C)(CO)CO,AA_2008,AA_2008,2
-5.669283,4.009331809,CCCCCCCCCCCCNC(=O)CCN(CCCCCO)CCC(=O)NCCCCCCCCCCCC,AA_2008,AA_2008,2
-5.4452653,4.009331809,CCCCCCCCCCCCNC(=O)CCN(C)CCN(CCC(=O)NCCCCCCCCCCCC)CCC(=O)NCCCCCCCCCCCC,AA_2008,AA_2008,2
-4.9524927,4.009331809,CCCCCCCCCCCCNC(=O)CCN(CCC(=O)NCCCCCCCCCCCC)CCN(CCC(=O)NCCCCCCCCCCCC)CCC(=O)NCCCCCCCCCCCC,AA_2008,AA_2008,2
-3.2410235,4.009331809,CCCCCCCCCCCCNC(=O)CCN(CCCN(CCC(=O)NCCCCCCCCCCCC)CCC(=O)NCCCCCCCCCCCC)CCC(=O)NCCCCCCCCCCCC,AA_2008,AA_2008,2
-5.4000325,4.009331809,CCCCCCCCCCCCCCNC(=O)CCN(CCOCC)CCC(=O)NCCCCCCCCCCCCCC,AA_2008,AA_2008,2
-4.20264,4.009331809,CCCCCCCCCCCCCCNC(=O)CCN(CCCN(CCO)CCO)CCC(=O)NCCCCCCCCCCCCCC,AA_2008,AA_2008,2
-4.2742248,4.009331809,CCCCCCCCCCCCCCNC(=O)CCN(CCO)CCN(CCC(=O)NCCCCCCCCCCCCCC)CCC(=O)NCCCCCCCCCCCCCC,AA_2008,AA_2008,2
-5.1580253,4.009331809,CCCCCCCCCCCCCCCCNC(=O)CCN(CCN(CCC(=O)NCCCCCCCCCCCCCCCC)C(C)C)C(C)C,AA_2008,AA_2008,2
-5.4274073,4.009331809,CCCCCCCCCCCCCCCCNC(=O)CCN(C)CCCN(C)CCC(=O)NCCCCCCCCCCCCCCCC,AA_2008,AA_2008,2
-6.6549234,2.550592491,CCCCCCCCCCCCOC(=O)CCN(CCCN(CC)CC)CCC(=O)OCCCCCCCCCCCC,AA_2008,AA_2008,1
-7.816132,2.550592491,CCCCCCCCCCCCOC(=O)CCN(CCC(=O)OCCCCCCCCCCCC)CCN1CCOCC1,AA_2008,AA_2008,1
-5.8215218,2.550592491,CCCCCCCCCCCCOC(=O)CCN(C)CCN(CCC(=O)OCCCCCCCCCCCC)CCC(=O)OCCCCCCCCCCCC,AA_2008,AA_2008,1
-8.412546,2.550592491,CCCCCCCCCCCCOC(=O)CCN(CCC(=O)OCCCCCCCCCCCC)CC(O)CO,AA_2008,AA_2008,1
-8.027598,2.550592491,CCCCCCCCCCCCCOC(=O)CCN(CCO)CCN(CCO)CCC(=O)OCCCCCCCCCCCCC,AA_2008,AA_2008,1
-7.945545,2.550592491,CCCCCCCCCCCCCCCOC(=O)CCN(CCC(=O)OCCCCCCCCCCCCCCC)C(C)(CO)CO,AA_2008,AA_2008,1
-5.95465,2.550592491,CCCCCCCCCCCCCCNC(=O)CCN(CCCO)CCC(=O)NCCCCCCCCCCCCCC,AA_2008,AA_2008,1
-5.6984997,2.550592491,CCCCCCCCCCCCCCNC(=O)CCN(CCO)CCN(CCO)CCC(=O)NCCCCCCCCCCCCCC,AA_2008,AA_2008,1
-6.789617,2.550592491,CCCCCCCCCCCCCCCNC(=O)CCN(CCC(=O)NCCCCCCCCCCCCCCC)CCc1c[nH]cn1,AA_2008,AA_2008,1
-5.0549536,2.550592491,CCCCCCCCCCCCCCCNC(=O)CCN(C)CCCN(CCC(=O)NCCCCCCCCCCCCCCC)CCC(=O)NCCCCCCCCCCCCCCC,AA_2008,AA_2008,1
-8.604545,1.091853172,CCCCCCCCCCCCOC(=O)CCN(CCCN1CCOCC1)CCC(=O)OCCCCCCCCCCCC,AA_2008,AA_2008,1
-7.4604974,1.091853172,CCCCCCCCCCCCOC(=O)CCN(CCCn1ccnc1)CCC(=O)OCCCCCCCCCCCC,AA_2008,AA_2008,1
-8.637324,1.091853172,CCCCCCCCCCCCOC(=O)CCN(CCC(=O)OCCCCCCCCCCCC)CCc1c[nH]cn1,AA_2008,AA_2008,1
-7.9481564,1.091853172,CCCCCCCCCCCCCOC(=O)CCN(CCC(=O)OCCCCCCCCCCCCC)CC(C)O,AA_2008,AA_2008,1
-7.9481564,1.091853172,CCCCCCCCCCCCCOC(=O)CCN(CCC(=O)OCCCCCCCCCCCCC)CC(C)O,AA_2008,AA_2008,1
-7.4328923,1.091853172,CCCCCCCCCCCCCCOC(=O)CCN(CCOCC)CCC(=O)OCCCCCCCCCCCCCC,AA_2008,AA_2008,1
-6.7573433,1.091853172,CCCCCCCCCCCCCCOC(=O)CCN(CCC(=O)OCCCCCCCCCCCCCC)CC(OC)OC,AA_2008,AA_2008,1
-8.077373,1.091853172,CCCCCCCCCCCCCCOC(=O)CCN(CCC(=O)OCCCCCCCCCCCCCC)C(CO)CO,AA_2008,AA_2008,1
-6.971587,1.091853172,CCCCCCCCCCCCCCOC(=O)CCN(CCC(=O)OCCCCCCCCCCCCCC)CCN(CCO)CCO,AA_2008,AA_2008,1
-6.597575,1.091853172,CCCCCCCCCCCCCCOC(=O)CCN(CCC(=O)OCCCCCCCCCCCCCC)CCN(CCC(=O)OCCCCCCCCCCCCCC)CCC(=O)OCCCCCCCCCCCCCC,AA_2008,AA_2008,1
-7.547822,1.091853172,CCCCCCCCCCCCCCOC(=O)CCN(CCO)CCN(CCO)CCC(=O)OCCCCCCCCCCCCCC,AA_2008,AA_2008,1
-8.24232,1.091853172,CCCCCCCCCCCCCCOC(=O)CCN(CCC(=O)OCCCCCCCCCCCCCC)CC(O)CO,AA_2008,AA_2008,1
-6.7783766,1.091853172,CCCCCCCCCCCCCCCOC(=O)CCN(CCCOC)CCC(=O)OCCCCCCCCCCCCCCC,AA_2008,AA_2008,1
-7.757832,1.091853172,CCCCCCCCCCCCCCCOC(=O)CCN(CCOCCO)CCC(=O)OCCCCCCCCCCCCCCC,AA_2008,AA_2008,1
-5.9024186,1.091853172,CCCCCCCCCCCCCCCOC(=O)CCN(CCC(=O)OCCCCCCCCCCCCCCC)CCC1CCCN1C,AA_2008,AA_2008,1
-5.5023475,1.091853172,CCCCCCCCCCCCCCCOC(=O)CCN(CCCN(CC)CC)CCC(=O)OCCCCCCCCCCCCCCC,AA_2008,AA_2008,1
-6.6000586,1.091853172,CCCCCCCCCCCCCCCOC(=O)CCN(C)CCCN(CCC(=O)OCCCCCCCCCCCCCCC)CCC(=O)OCCCCCCCCCCCCCCC,AA_2008,AA_2008,1
-7.273058,1.091853172,CCCCCCCCCCCCCCCOC(=O)CCN(CCCN(CCC(=O)OCCCCCCCCCCCCCCC)CCC(=O)OCCCCCCCCCCCCCCC)CCC(=O)OCCCCCCCCCCCCCCC,AA_2008,AA_2008,1
-7.3880014,1.091853172,CCCCCCCCCCCCCCCOC(=O)CCN(CCO)CCN(CCC(=O)OCCCCCCCCCCCCCCC)CCC(=O)OCCCCCCCCCCCCCCC,AA_2008,AA_2008,1
-5.3680005,1.091853172,CCCCCCCCCCCCNC(=O)CCN(CCCOC)CCC(=O)NCCCCCCCCCCCC,AA_2008,AA_2008,1
-5.93349,1.091853172,CCCCCCCCCCCCNC(=O)CCN(CCC(=O)NCCCCCCCCCCCC)CCC1OCCO1,AA_2008,AA_2008,1
-6.1481338,1.091853172,CCCCCCCCCCCCNC(=O)CCN(CCCO)CCC(=O)NCCCCCCCCCCCC,AA_2008,AA_2008,1
-6.076231,1.091853172,CCCCCCCCCCCCNC(=O)CCN(CCCCO)CCC(=O)NCCCCCCCCCCCC,AA_2008,AA_2008,1
-6.1094527,1.091853172,CCCCCCCCCCCCNC(=O)CCN(C)CCN(C)CCC(=O)NCCCCCCCCCCCC,AA_2008,AA_2008,1
-5.7282076,1.091853172,CCCCCCCCCCCCNC(=O)CCN(CC)CCN(CC)CCC(=O)NCCCCCCCCCCCC,AA_2008,AA_2008,1
-5.7942953,1.091853172,CCCCCCCCCCCCNC(=O)CCN(CCC(=O)NCCCCCCCCCCCC)CCN(CCO)CCO,AA_2008,AA_2008,1
-4.329376,1.091853172,CCCCCCCCCCCCNC(=O)CCN(CCCN(CCO)CCO)CCC(=O)NCCCCCCCCCCCC,AA_2008,AA_2008,1
-6.5683575,1.091853172,CCCCCCCCCCCCNC(=O)CCN(CCCN1CCOCC1)CCC(=O)NCCCCCCCCCCCC,AA_2008,AA_2008,1
-6.314812,1.091853172,CCCCCCCCCCCCNC(=O)CCN(CCCn1ccnc1)CCC(=O)NCCCCCCCCCCCC,AA_2008,AA_2008,1
-6.569605,1.091853172,CCCCCCCCCCCCNC(=O)CCN(CCC(=O)NCCCCCCCCCCCC)CCc1c[nH]cn1,AA_2008,AA_2008,1
-5.780848,1.091853172,CCCCCCCCCCCCNC(=O)CCN(CCO)CCN(CCO)CCC(=O)NCCCCCCCCCCCC,AA_2008,AA_2008,1
-5.260853,1.091853172,CCCCCCCCCCCCCCNC(=O)CCN(CCOC)CCC(=O)NCCCCCCCCCCCCCC,AA_2008,AA_2008,1
-5.380346,1.091853172,CCCCCCCCCCCCCCNC(=O)CCN(CCC(=O)NCCCCCCCCCCCCCC)CC1CCCO1,AA_2008,AA_2008,1
-5.563817,1.091853172,CCCCCCCCCCCCCCNC(=O)CCN(CCC(=O)NCCCCCCCCCCCCCC)CC(C)O,AA_2008,AA_2008,1
-5.4672523,1.091853172,CCCCCCCCCCCCCCNC(=O)CCN(CCCCO)CCC(=O)NCCCCCCCCCCCCCC,AA_2008,AA_2008,1
-5.180327,1.091853172,CCCCCCCCCCCCCCNC(=O)CCN(CCCCCO)CCC(=O)NCCCCCCCCCCCCCC,AA_2008,AA_2008,1
-7.0152345,1.091853172,CCCCCCCCCCCCCCNC(=O)CCN(CCC(=O)NCCCCCCCCCCCCCC)CC(C)(C)CO,AA_2008,AA_2008,1
-5.6978807,1.091853172,CCCCCCCCCCCCCCNC(=O)CCN(C)CCCN(C)CCC(=O)NCCCCCCCCCCCCCC,AA_2008,AA_2008,1
-5.971039,1.091853172,CCCCCCCCCCCCCCNC(=O)CCN(CCC(=O)NCCCCCCCCCCCCCC)CCN(CCO)CCO,AA_2008,AA_2008,1
-4.8963947,1.091853172,CCCCCCCCCCCCCCNC(=O)CCN(CCC(=O)NCCCCCCCCCCCCCC)CCN1CCOCC1,AA_2008,AA_2008,1
-6.064329,1.091853172,CCCCCCCCCCCCCCNC(=O)CCN(CCCN1CCOCC1)CCC(=O)NCCCCCCCCCCCCCC,AA_2008,AA_2008,1
-5.275077,1.091853172,CCCCCCCCCCCCCCCNC(=O)CCN(CCC(=O)NCCCCCCCCCCCCCCC)CCN1CCOCC1,AA_2008,AA_2008,1
-4.0498743,1.091853172,CCCCCCCCCCCCCCCNC(=O)CCN(CCCN(CCC(=O)NCCCCCCCCCCCCCCC)CCC(=O)NCCCCCCCCCCCCCCC)CCC(=O)NCCCCCCCCCCCCCCC,AA_2008,AA_2008,1
-5.527879,1.091853172,CCCCCCCCCCCCCCCNC(=O)CCN(CCO)CCN(CCO)CCC(=O)NCCCCCCCCCCCCCCC,AA_2008,AA_2008,1
-5.0639753,1.091853172,CCCCCCCCCCCCCCCCNC(=O)CCN(CCCOC)CCC(=O)NCCCCCCCCCCCCCCCC,AA_2008,AA_2008,1
-6.552364,1.091853172,CCCCCCCCCCCCCCCCNC(=O)CCN(C)CCN(C)CCC(=O)NCCCCCCCCCCCCCCCC,AA_2008,AA_2008,1
-5.2192116,1.091853172,CCCCCCCCCCCCCCCCNC(=O)CCN(CC)CCN(CC)CCC(=O)NCCCCCCCCCCCCCCCC,AA_2008,AA_2008,1
-5.4122415,1.091853172,CCCCCCCCCCCCCCCCNC(=O)CCN1CCCN(CCC(=O)NCCCCCCCCCCCCCCCC)CC1,AA_2008,AA_2008,1
-4.913016,1.091853172,CCCCCCCCCCCCCCCCNC(=O)CCN(CCC(=O)NCCCCCCCCCCCCCCCC)CCN(CC)CC,AA_2008,AA_2008,1
-4.3235593,1.091853172,CCCCCCCCCCCCCCCCNC(=O)CCN(CCC(=O)NCCCCCCCCCCCCCCCC)CCN1CCCC1,AA_2008,AA_2008,1
-5.393736,1.091853172,CCCCCCCCCCCCCCCCNC(=O)CCN(CCC(=O)NCCCCCCCCCCCCCCCC)CCC1CCCN1C,AA_2008,AA_2008,1
-6.019126,1.091853172,CCCCCCCCCCCCCCCCNC(=O)CCN(CCC(=O)NCCCCCCCCCCCCCCCC)C(C)CN(C)C,AA_2008,AA_2008,1
-4.270478,1.091853172,CCCCCCCCCCCCCCCCNC(=O)CCN(CCCN(CCC(=O)NCCCCCCCCCCCCCCCC)CCC(=O)NCCCCCCCCCCCCCCCC)CCC(=O)NCCCCCCCCCCCCCCCC,AA_2008,AA_2008,1
-5.474096,1.091853172,CCCCCCCCCCCCCCCCNC(=O)CCN(CCO)CCN(CCO)CCC(=O)NCCCCCCCCCCCCCCCC,AA_2008,AA_2008,1
-7.0397415,1.091853172,CCCCCCCCCCCCCCCCCCNC(=O)CCN(CCC(=O)NCCCCCCCCCCCCCCCCCC)CC(O)CO,AA_2008,AA_2008,1
-7.97594,-0.366886147,CCCCCCCCCCOC(=O)CCN(CCCOC)CCC(=O)OCCCCCCCCCC,AA_2008,AA_2008,0
-8.297203,-0.366886147,CCCCCCCCCCOC(=O)CCN(CCC(=O)OCCCCCCCCCC)CCC1OCCO1,AA_2008,AA_2008,0
-7.010284,-0.366886147,CCCCCCCCCCOC(=O)CCN(CCC(=O)OCCCCCCCCCC)CC1COC(C)(C)O1,AA_2008,AA_2008,0
-8.124645,-0.366886147,CCCCCCCCCCOC(=O)CCN(CCOC)CCC(=O)OCCCCCCCCCC,AA_2008,AA_2008,0
-8.734594,-0.366886147,CCCCCCCCCCOC(=O)CCN(CCOCC)CCC(=O)OCCCCCCCCCC,AA_2008,AA_2008,0
-6.6650343,-0.366886147,CCCCCCCCCCOC(=O)CCN(CCC(=O)OCCCCCCCCCC)CC(OC)OC,AA_2008,AA_2008,0
-7.6497755,-0.366886147,CCCCCCCCCCOC(=O)CCN(CCC(=O)OCCCCCCCCCC)CC1CCCO1,AA_2008,AA_2008,0
-7.656411,-0.366886147,CCCCCCCCCCOC(=O)CCN(CCC(=O)OCCCCCCCCCC)CCc1ccc(OC)c(OC)c1,AA_2008,AA_2008,0
-8.294578,-0.366886147,CCCCCCCCCCOC(=O)CCN(CCCO)CCC(=O)OCCCCCCCCCC,AA_2008,AA_2008,0
-8.416901,-0.366886147,CCCCCCCCCCOC(=O)CCN(CCC(=O)OCCCCCCCCCC)CC(C)O,AA_2008,AA_2008,0
-8.416901,-0.366886147,CCCCCCCCCCOC(=O)CCN(CCC(=O)OCCCCCCCCCC)CC(C)O,AA_2008,AA_2008,0
-7.802075,-0.366886147,CCCCCCCCCCOC(=O)CCN(CCC(=O)OCCCCCCCCCC)C(CO)CO,AA_2008,AA_2008,0
-8.624239,-0.366886147,CCCCCCCCCCOC(=O)CCN(CCC(=O)OCCCCCCCCCC)C(C)(CO)CO,AA_2008,AA_2008,0
-8.359939,-0.366886147,CCCCCCCCCCOC(=O)CCN(CCCCO)CCC(=O)OCCCCCCCCCC,AA_2008,AA_2008,0
-8.487025,-0.366886147,CCCCCCCCCCOC(=O)CCN(CCOCCO)CCC(=O)OCCCCCCCCCC,AA_2008,AA_2008,0
-8.4404125,-0.366886147,CCCCCCCCCCOC(=O)CCN(CCCCCO)CCC(=O)OCCCCCCCCCC,AA_2008,AA_2008,0
-8.479885,-0.366886147,CCCCCCCCCCOC(=O)CCN(CCC(=O)OCCCCCCCCCC)CC(C)(C)CO,AA_2008,AA_2008,0
-8.668647,-0.366886147,CCCCCCCCCCOC(=O)CCN(CCC(=O)OCCCCCCCCCC)C(CC)(CO)CO,AA_2008,AA_2008,0
-8.228363,-0.366886147,CCCCCCCCCCOC(=O)CCN(CCCCCCO)CCC(=O)OCCCCCCCCCC,AA_2008,AA_2008,0
-8.409904,-0.366886147,CCCCCCCCCCOC(=O)CCN(CCC(=O)OCCCCCCCCCC)C1CCC(O)CC1,AA_2008,AA_2008,0
-7.733588,-0.366886147,CCCCCCCCCCOC(=O)CCN(C)CCN(C)CCC(=O)OCCCCCCCCCC,AA_2008,AA_2008,0
-7.4394207,-0.366886147,CCCCCCCCCCOC(=O)CCN(CC)CCN(CC)CCC(=O)OCCCCCCCCCC,AA_2008,AA_2008,0
-7.598989,-0.366886147,CCCCCCCCCCOC(=O)CCN(CCN(CCC(=O)OCCCCCCCCCC)C(C)C)C(C)C,AA_2008,AA_2008,0
-7.579737,-0.366886147,CCCCCCCCCCOC(=O)CCN(C)CCCN(C)CCC(=O)OCCCCCCCCCC,AA_2008,AA_2008,0
-7.509631,-0.366886147,CCCCCCCCCCOC(=O)CCN(CC)CCCN(CC)CCC(=O)OCCCCCCCCCC,AA_2008,AA_2008,0
-7.7406745,-0.366886147,CCCCCCCCCCOC(=O)CCN1CCCN(CCC(=O)OCCCCCCCCCC)CC1,AA_2008,AA_2008,0
-7.567657,-0.366886147,CCCCCCCCCCOC(=O)CCN(CCC(=O)OCCCCCCCCCC)CCN(CC)CC,AA_2008,AA_2008,0
-6.991529,-0.366886147,CCCCCCCCCCOC(=O)CCN(CCC(=O)OCCCCCCCCCC)CCN1CCCC1,AA_2008,AA_2008,0
-6.5592346,-0.366886147,CCCCCCCCCCOC(=O)CCN(CCC(=O)OCCCCCCCCCC)CCC1CCCN1C,AA_2008,AA_2008,0
-8.005805,-0.366886147,CCCCCCCCCCOC(=O)CCN(CCC(=O)OCCCCCCCCCC)C(C)CN(C)C,AA_2008,AA_2008,0
-7.848268,-0.366886147,CCCCCCCCCCOC(=O)CCN(CCCN(C)C)CCC(=O)OCCCCCCCCCC,AA_2008,AA_2008,0
-7.362855,-0.366886147,CCCCCCCCCCOC(=O)CCN(CCCN(CC)CC)CCC(=O)OCCCCCCCCCC,AA_2008,AA_2008,0
-6.990089,-0.366886147,CCCCCCCCCCOC(=O)CCN(CCC(=O)OCCCCCCCCCC)CCN1CCCCC1,AA_2008,AA_2008,0
-8.047959,-0.366886147,CCCCCCCCCCOC(=O)CCN(CCC(=O)OCCCCCCCCCC)CCN(CCO)CCO,AA_2008,AA_2008,0
-8.393092,-0.366886147,CCCCCCCCCCOC(=O)CCN(CCCN(CCO)CCO)CCC(=O)OCCCCCCCCCC,AA_2008,AA_2008,0
-8.03515,-0.366886147,CCCCCCCCCCOC(=O)CCN(CCC(=O)OCCCCCCCCCC)CCN1CCOCC1,AA_2008,AA_2008,0
-8.406144,-0.366886147,CCCCCCCCCCOC(=O)CCN(CCCN1CCOCC1)CCC(=O)OCCCCCCCCCC,AA_2008,AA_2008,0
-8.363479,-0.366886147,CCCCCCCCCCOC(=O)CCN(CCCn1ccnc1)CCC(=O)OCCCCCCCCCC,AA_2008,AA_2008,0
-8.684844,-0.366886147,CCCCCCCCCCOC(=O)CCN(CCC(=O)OCCCCCCCCCC)CCc1c[nH]cn1,AA_2008,AA_2008,0
-6.9833965,-0.366886147,CCCCCCCCCCOC(=O)CCN(C)CCN(CCC(=O)OCCCCCCCCCC)CCC(=O)OCCCCCCCCCC,AA_2008,AA_2008,0
-6.020042,-0.366886147,CCCCCCCCCCOC(=O)CCN(C)CCCN(CCC(=O)OCCCCCCCCCC)CCC(=O)OCCCCCCCCCC,AA_2008,AA_2008,0
-5.7855964,-0.366886147,CCCCCCCCCCOC(=O)CCN(CCC(=O)OCCCCCCCCCC)CCN(CCC(=O)OCCCCCCCCCC)CCN(CCC(=O)OCCCCCCCCCC)CCN(CCC(=O)OCCCCCCCCCC)CCC(=O)OCCCCCCCCCC,AA_2008,AA_2008,0
-6.357987,-0.366886147,CCCCCCCCCCOC(=O)CCN(CCC(=O)OCCCCCCCCCC)CCN(CCC(=O)OCCCCCCCCCC)CCC(=O)OCCCCCCCCCC,AA_2008,AA_2008,0
-5.7239003,-0.366886147,CCCCCCCCCCOC(=O)CCN(CCCN(CCC(=O)OCCCCCCCCCC)CCC(=O)OCCCCCCCCCC)CCC(=O)OCCCCCCCCCC,AA_2008,AA_2008,0
-8.134466,-0.366886147,CCCCCCCCCCOC(=O)CCN(CCO)CCN(CCO)CCC(=O)OCCCCCCCCCC,AA_2008,AA_2008,0
-6.8735094,-0.366886147,CCCCCCCCCCOC(=O)CCN(CCO)CCN(CCC(=O)OCCCCCCCCCC)CCC(=O)OCCCCCCCCCC,AA_2008,AA_2008,0
-8.5163555,-0.366886147,CCCCCCCCCCOC(=O)CCN(CCC(=O)OCCCCCCCCCC)CC(O)CO,AA_2008,AA_2008,0
-7.5226617,-0.366886147,CCCCCCCCCCCCOC(=O)CCN(CCCOC)CCC(=O)OCCCCCCCCCCCC,AA_2008,AA_2008,0
-7.893274,-0.366886147,CCCCCCCCCCCCOC(=O)CCN(CCC(=O)OCCCCCCCCCCCC)CCC1OCCO1,AA_2008,AA_2008,0
-7.244718,-0.366886147,CCCCCCCCCCCCOC(=O)CCN(CCC(=O)OCCCCCCCCCCCC)CC1COC(C)(C)O1,AA_2008,AA_2008,0
-8.025227,-0.366886147,CCCCCCCCCCCCOC(=O)CCN(CCOC)CCC(=O)OCCCCCCCCCCCC,AA_2008,AA_2008,0
-7.510617,-0.366886147,CCCCCCCCCCCCOC(=O)CCN(CCOCC)CCC(=O)OCCCCCCCCCCCC,AA_2008,AA_2008,0
-7.138289,-0.366886147,CCCCCCCCCCCCOC(=O)CCN(CCC(=O)OCCCCCCCCCCCC)CC(OC)OC,AA_2008,AA_2008,0
-7.1471863,-0.366886147,CCCCCCCCCCCCOC(=O)CCN(CCC(=O)OCCCCCCCCCCCC)CC1CCCO1,AA_2008,AA_2008,0
-6.9830117,-0.366886147,CCCCCCCCCCCCOC(=O)CCN(CCC(=O)OCCCCCCCCCCCC)CCc1ccc(OC)c(OC)c1,AA_2008,AA_2008,0
-8.079801,-0.366886147,CCCCCCCCCCCCOC(=O)CCN(CCCO)CCC(=O)OCCCCCCCCCCCC,AA_2008,AA_2008,0
-8.263987,-0.366886147,CCCCCCCCCCCCOC(=O)CCN(CCC(=O)OCCCCCCCCCCCC)CC(C)O,AA_2008,AA_2008,0
-8.263987,-0.366886147,CCCCCCCCCCCCOC(=O)CCN(CCC(=O)OCCCCCCCCCCCC)CC(C)O,AA_2008,AA_2008,0
-7.7166557,-0.366886147,CCCCCCCCCCCCOC(=O)CCN(CCC(=O)OCCCCCCCCCCCC)C(CO)CO,AA_2008,AA_2008,0
-8.82978,-0.366886147,CCCCCCCCCCCCOC(=O)CCN(CCC(=O)OCCCCCCCCCCCC)C(C)(CO)CO,AA_2008,AA_2008,0
-7.464076,-0.366886147,CCCCCCCCCCCCOC(=O)CCN(CCCCO)CCC(=O)OCCCCCCCCCCCC,AA_2008,AA_2008,0
-7.945578,-0.366886147,CCCCCCCCCCCCOC(=O)CCN(CCOCCO)CCC(=O)OCCCCCCCCCCCC,AA_2008,AA_2008,0
-7.582292,-0.366886147,CCCCCCCCCCCCOC(=O)CCN(CCCCCO)CCC(=O)OCCCCCCCCCCCC,AA_2008,AA_2008,0
-8.059407,-0.366886147,CCCCCCCCCCCCOC(=O)CCN(CCC(=O)OCCCCCCCCCCCC)CC(C)(C)CO,AA_2008,AA_2008,0
-7.960901,-0.366886147,CCCCCCCCCCCCOC(=O)CCN(CCC(=O)OCCCCCCCCCCCC)C(CC)(CO)CO,AA_2008,AA_2008,0
-7.457098,-0.366886147,CCCCCCCCCCCCOC(=O)CCN(CCCCCCO)CCC(=O)OCCCCCCCCCCCC,AA_2008,AA_2008,0
-7.02053,-0.366886147,CCCCCCCCCCCCOC(=O)CCN(CCC(=O)OCCCCCCCCCCCC)C1CCC(O)CC1,AA_2008,AA_2008,0
-7.2891145,-0.366886147,CCCCCCCCCCCCOC(=O)CCN(C)CCN(C)CCC(=O)OCCCCCCCCCCCC,AA_2008,AA_2008,0
-6.709332,-0.366886147,CCCCCCCCCCCCOC(=O)CCN(CC)CCN(CC)CCC(=O)OCCCCCCCCCCCC,AA_2008,AA_2008,0
-7.3116293,-0.366886147,CCCCCCCCCCCCOC(=O)CCN(CCN(CCC(=O)OCCCCCCCCCCCC)C(C)C)C(C)C,AA_2008,AA_2008,0
-7.4167743,-0.366886147,CCCCCCCCCCCCOC(=O)CCN(C)CCCN(C)CCC(=O)OCCCCCCCCCCCC,AA_2008,AA_2008,0
-5.977904,-0.366886147,CCCCCCCCCCCCOC(=O)CCN(CC)CCCN(CC)CCC(=O)OCCCCCCCCCCCC,AA_2008,AA_2008,0
-7.538936,-0.366886147,CCCCCCCCCCCCOC(=O)CCN1CCCN(CCC(=O)OCCCCCCCCCCCC)CC1,AA_2008,AA_2008,0
-6.7578135,-0.366886147,CCCCCCCCCCCCOC(=O)CCN(CCC(=O)OCCCCCCCCCCCC)CCN(CC)CC,AA_2008,AA_2008,0
-6.3301487,-0.366886147,CCCCCCCCCCCCOC(=O)CCN(CCC(=O)OCCCCCCCCCCCC)CCN1CCCC1,AA_2008,AA_2008,0
-6.260308,-0.366886147,CCCCCCCCCCCCOC(=O)CCN(CCC(=O)OCCCCCCCCCCCC)CCC1CCCN1C,AA_2008,AA_2008,0
-7.136918,-0.366886147,CCCCCCCCCCCCOC(=O)CCN(CCC(=O)OCCCCCCCCCCCC)C(C)CN(C)C,AA_2008,AA_2008,0
-6.8545613,-0.366886147,CCCCCCCCCCCCOC(=O)CCN(CCCN(C)C)CCC(=O)OCCCCCCCCCCCC,AA_2008,AA_2008,0
-6.423231,-0.366886147,CCCCCCCCCCCCOC(=O)CCN(CCC(=O)OCCCCCCCCCCCC)CCN1CCCCC1,AA_2008,AA_2008,0
-7.411234,-0.366886147,CCCCCCCCCCCCOC(=O)CCN(CCC(=O)OCCCCCCCCCCCC)CCN(CCO)CCO,AA_2008,AA_2008,0
-7.8870325,-0.366886147,CCCCCCCCCCCCOC(=O)CCN(CCCN(CCO)CCO)CCC(=O)OCCCCCCCCCCCC,AA_2008,AA_2008,0
-5.6602116,-0.366886147,CCCCCCCCCCCCOC(=O)CCN(C)CCCN(CCC(=O)OCCCCCCCCCCCC)CCC(=O)OCCCCCCCCCCCC,AA_2008,AA_2008,0
-7.017787,-0.366886147,CCCCCCCCCCCCOC(=O)CCN(CCC(=O)OCCCCCCCCCCCC)CCN(CCC(=O)OCCCCCCCCCCCC)CCN(CCC(=O)OCCCCCCCCCCCC)CCN(CCC(=O)OCCCCCCCCCCCC)CCC(=O)OCCCCCCCCCCCC,AA_2008,AA_2008,0
-6.048464,-0.366886147,CCCCCCCCCCCCOC(=O)CCN(CCC(=O)OCCCCCCCCCCCC)CCN(CCC(=O)OCCCCCCCCCCCC)CCC(=O)OCCCCCCCCCCCC,AA_2008,AA_2008,0
-6.081378,-0.366886147,CCCCCCCCCCCCOC(=O)CCN(CCCN(CCC(=O)OCCCCCCCCCCCC)CCC(=O)OCCCCCCCCCCCC)CCC(=O)OCCCCCCCCCCCC,AA_2008,AA_2008,0
-7.7901297,-0.366886147,CCCCCCCCCCCCOC(=O)CCN(CCO)CCN(CCO)CCC(=O)OCCCCCCCCCCCC,AA_2008,AA_2008,0
-6.6926613,-0.366886147,CCCCCCCCCCCCOC(=O)CCN(CCO)CCN(CCC(=O)OCCCCCCCCCCCC)CCC(=O)OCCCCCCCCCCCC,AA_2008,AA_2008,0
-7.5324078,-0.366886147,CCCCCCCCCCCCCOC(=O)CCN(CCCOC)CCC(=O)OCCCCCCCCCCCCC,AA_2008,AA_2008,0
-7.627627,-0.366886147,CCCCCCCCCCCCCOC(=O)CCN(CCC(=O)OCCCCCCCCCCCCC)CCC1OCCO1,AA_2008,AA_2008,0
-6.6188817,-0.366886147,CCCCCCCCCCCCCOC(=O)CCN(CCC(=O)OCCCCCCCCCCCCC)CC1COC(C)(C)O1,AA_2008,AA_2008,0
-7.917545,-0.366886147,CCCCCCCCCCCCCOC(=O)CCN(CCOC)CCC(=O)OCCCCCCCCCCCCC,AA_2008,AA_2008,0
-7.5435963,-0.366886147,CCCCCCCCCCCCCOC(=O)CCN(CCOCC)CCC(=O)OCCCCCCCCCCCCC,AA_2008,AA_2008,0
-6.931802,-0.366886147,CCCCCCCCCCCCCOC(=O)CCN(CCC(=O)OCCCCCCCCCCCCC)CC(OC)OC,AA_2008,AA_2008,0
-6.2700243,-0.366886147,CCCCCCCCCCCCCOC(=O)CCN(CCC(=O)OCCCCCCCCCCCCC)CC1CCCO1,AA_2008,AA_2008,0
-6.4778905,-0.366886147,CCCCCCCCCCCCCOC(=O)CCN(CCC(=O)OCCCCCCCCCCCCC)CCc1ccc(OC)c(OC)c1,AA_2008,AA_2008,0
-7.612654,-0.366886147,CCCCCCCCCCCCCOC(=O)CCN(CCCO)CCC(=O)OCCCCCCCCCCCCC,AA_2008,AA_2008,0
-7.9214673,-0.366886147,CCCCCCCCCCCCCOC(=O)CCN(CCC(=O)OCCCCCCCCCCCCC)C(CO)CO,AA_2008,AA_2008,0
-8.940106,-0.366886147,CCCCCCCCCCCCCOC(=O)CCN(CCC(=O)OCCCCCCCCCCCCC)C(C)(CO)CO,AA_2008,AA_2008,0
-7.2921014,-0.366886147,CCCCCCCCCCCCCOC(=O)CCN(CCCCO)CCC(=O)OCCCCCCCCCCCCC,AA_2008,AA_2008,0
-7.8261046,-0.366886147,CCCCCCCCCCCCCOC(=O)CCN(CCOCCO)CCC(=O)OCCCCCCCCCCCCC,AA_2008,AA_2008,0
-6.842835,-0.366886147,CCCCCCCCCCCCCOC(=O)CCN(CCCCCO)CCC(=O)OCCCCCCCCCCCCC,AA_2008,AA_2008,0
-7.9161825,-0.366886147,CCCCCCCCCCCCCOC(=O)CCN(CCC(=O)OCCCCCCCCCCCCC)CC(C)(C)CO,AA_2008,AA_2008,0
-7.93863,-0.366886147,CCCCCCCCCCCCCOC(=O)CCN(CCC(=O)OCCCCCCCCCCCCC)C(CC)(CO)CO,AA_2008,AA_2008,0
-6.801405,-0.366886147,CCCCCCCCCCCCCOC(=O)CCN(CCCCCCO)CCC(=O)OCCCCCCCCCCCCC,AA_2008,AA_2008,0
-6.588698,-0.366886147,CCCCCCCCCCCCCOC(=O)CCN(CCC(=O)OCCCCCCCCCCCCC)C1CCC(O)CC1,AA_2008,AA_2008,0
-7.0492597,-0.366886147,CCCCCCCCCCCCCOC(=O)CCN(C)CCN(C)CCC(=O)OCCCCCCCCCCCCC,AA_2008,AA_2008,0
-6.639796,-0.366886147,CCCCCCCCCCCCCOC(=O)CCN(CC)CCN(CC)CCC(=O)OCCCCCCCCCCCCC,AA_2008,AA_2008,0
-6.87999,-0.366886147,CCCCCCCCCCCCCOC(=O)CCN(CCN(CCC(=O)OCCCCCCCCCCCCC)C(C)C)C(C)C,AA_2008,AA_2008,0
-7.8974447,-0.366886147,CCCCCCCCCCCCCOC(=O)CCN(C)CCCN(C)CCC(=O)OCCCCCCCCCCCCC,AA_2008,AA_2008,0
-5.8291473,-0.366886147,CCCCCCCCCCCCCOC(=O)CCN(CC)CCCN(CC)CCC(=O)OCCCCCCCCCCCCC,AA_2008,AA_2008,0
-6.6775136,-0.366886147,CCCCCCCCCCCCCOC(=O)CCN1CCCN(CCC(=O)OCCCCCCCCCCCCC)CC1,AA_2008,AA_2008,0
-6.425456,-0.366886147,CCCCCCCCCCCCCOC(=O)CCN(CCC(=O)OCCCCCCCCCCCCC)CCN(CC)CC,AA_2008,AA_2008,0
-5.7727532,-0.366886147,CCCCCCCCCCCCCOC(=O)CCN(CCC(=O)OCCCCCCCCCCCCC)CCN1CCCC1,AA_2008,AA_2008,0
-6.0474133,-0.366886147,CCCCCCCCCCCCCOC(=O)CCN(CCC(=O)OCCCCCCCCCCCCC)CCC1CCCN1C,AA_2008,AA_2008,0
-6.939351,-0.366886147,CCCCCCCCCCCCCOC(=O)CCN(CCC(=O)OCCCCCCCCCCCCC)C(C)CN(C)C,AA_2008,AA_2008,0
-6.5469365,-0.366886147,CCCCCCCCCCCCCOC(=O)CCN(CCCN(C)C)CCC(=O)OCCCCCCCCCCCCC,AA_2008,AA_2008,0
-6.161845,-0.366886147,CCCCCCCCCCCCCOC(=O)CCN(CCCN(CC)CC)CCC(=O)OCCCCCCCCCCCCC,AA_2008,AA_2008,0
-6.3891406,-0.366886147,CCCCCCCCCCCCCOC(=O)CCN(CCC(=O)OCCCCCCCCCCCCC)CCN1CCCCC1,AA_2008,AA_2008,0
-7.5047464,-0.366886147,CCCCCCCCCCCCCOC(=O)CCN(CCC(=O)OCCCCCCCCCCCCC)CCN(CCO)CCO,AA_2008,AA_2008,0
-7.331044,-0.366886147,CCCCCCCCCCCCCOC(=O)CCN(CCCN(CCO)CCO)CCC(=O)OCCCCCCCCCCCCC,AA_2008,AA_2008,0
-7.7690554,-0.366886147,CCCCCCCCCCCCCOC(=O)CCN(CCC(=O)OCCCCCCCCCCCCC)CCN1CCOCC1,AA_2008,AA_2008,0
-7.874742,-0.366886147,CCCCCCCCCCCCCOC(=O)CCN(CCCN1CCOCC1)CCC(=O)OCCCCCCCCCCCCC,AA_2008,AA_2008,0
-7.115209,-0.366886147,CCCCCCCCCCCCCOC(=O)CCN(CCCn1ccnc1)CCC(=O)OCCCCCCCCCCCCC,AA_2008,AA_2008,0
-8.332548,-0.366886147,CCCCCCCCCCCCCOC(=O)CCN(CCC(=O)OCCCCCCCCCCCCC)CCc1c[nH]cn1,AA_2008,AA_2008,0
-5.586886,-0.366886147,CCCCCCCCCCCCCOC(=O)CCN(C)CCN(CCC(=O)OCCCCCCCCCCCCC)CCC(=O)OCCCCCCCCCCCCC,AA_2008,AA_2008,0
-6.321008,-0.366886147,CCCCCCCCCCCCCOC(=O)CCN(C)CCCN(CCC(=O)OCCCCCCCCCCCCC)CCC(=O)OCCCCCCCCCCCCC,AA_2008,AA_2008,0
-7.3628387,-0.366886147,CCCCCCCCCCCCCOC(=O)CCN(CCC(=O)OCCCCCCCCCCCCC)CCN(CCC(=O)OCCCCCCCCCCCCC)CCN(CCC(=O)OCCCCCCCCCCCCC)CCN(CCC(=O)OCCCCCCCCCCCCC)CCC(=O)OCCCCCCCCCCCCC,AA_2008,AA_2008,0
-6.3237786,-0.366886147,CCCCCCCCCCCCCOC(=O)CCN(CCC(=O)OCCCCCCCCCCCCC)CCN(CCC(=O)OCCCCCCCCCCCCC)CCC(=O)OCCCCCCCCCCCCC,AA_2008,AA_2008,0
-6.472907,-0.366886147,CCCCCCCCCCCCCOC(=O)CCN(CCCN(CCC(=O)OCCCCCCCCCCCCC)CCC(=O)OCCCCCCCCCCCCC)CCC(=O)OCCCCCCCCCCCCC,AA_2008,AA_2008,0
-6.533682,-0.366886147,CCCCCCCCCCCCCOC(=O)CCN(CCO)CCN(CCC(=O)OCCCCCCCCCCCCC)CCC(=O)OCCCCCCCCCCCCC,AA_2008,AA_2008,0
-8.50114,-0.366886147,CCCCCCCCCCCCCOC(=O)CCN(CCC(=O)OCCCCCCCCCCCCC)CC(O)CO,AA_2008,AA_2008,0
-6.95207,-0.366886147,CCCCCCCCCCCCCCOC(=O)CCN(CCCOC)CCC(=O)OCCCCCCCCCCCCCC,AA_2008,AA_2008,0
-7.11729,-0.366886147,CCCCCCCCCCCCCCOC(=O)CCN(CCC(=O)OCCCCCCCCCCCCCC)CCC1OCCO1,AA_2008,AA_2008,0
-6.305502,-0.366886147,CCCCCCCCCCCCCCOC(=O)CCN(CCC(=O)OCCCCCCCCCCCCCC)CC1COC(C)(C)O1,AA_2008,AA_2008,0
-7.513364,-0.366886147,CCCCCCCCCCCCCCOC(=O)CCN(CCOC)CCC(=O)OCCCCCCCCCCCCCC,AA_2008,AA_2008,0
-6.1795235,-0.366886147,CCCCCCCCCCCCCCOC(=O)CCN(CCC(=O)OCCCCCCCCCCCCCC)CC1CCCO1,AA_2008,AA_2008,0
-6.8265486,-0.366886147,CCCCCCCCCCCCCCOC(=O)CCN(CCC(=O)OCCCCCCCCCCCCCC)CCc1ccc(OC)c(OC)c1,AA_2008,AA_2008,0
-7.252524,-0.366886147,CCCCCCCCCCCCCCOC(=O)CCN(CCCO)CCC(=O)OCCCCCCCCCCCCCC,AA_2008,AA_2008,0
-7.8569055,-0.366886147,CCCCCCCCCCCCCCOC(=O)CCN(CCC(=O)OCCCCCCCCCCCCCC)CC(C)O,AA_2008,AA_2008,0
-7.8569055,-0.366886147,CCCCCCCCCCCCCCOC(=O)CCN(CCC(=O)OCCCCCCCCCCCCCC)CC(C)O,AA_2008,AA_2008,0
-7.015696,-0.366886147,CCCCCCCCCCCCCCOC(=O)CCN(CCCCO)CCC(=O)OCCCCCCCCCCCCCC,AA_2008,AA_2008,0
-7.62517,-0.366886147,CCCCCCCCCCCCCCOC(=O)CCN(CCOCCO)CCC(=O)OCCCCCCCCCCCCCC,AA_2008,AA_2008,0
-7.097032,-0.366886147,CCCCCCCCCCCCCCOC(=O)CCN(CCCCCO)CCC(=O)OCCCCCCCCCCCCCC,AA_2008,AA_2008,0
-7.4598966,-0.366886147,CCCCCCCCCCCCCCOC(=O)CCN(CCC(=O)OCCCCCCCCCCCCCC)CC(C)(C)CO,AA_2008,AA_2008,0
-7.1461177,-0.366886147,CCCCCCCCCCCCCCOC(=O)CCN(CCC(=O)OCCCCCCCCCCCCCC)C(CC)(CO)CO,AA_2008,AA_2008,0
-6.7385006,-0.366886147,CCCCCCCCCCCCCCOC(=O)CCN(CCCCCCO)CCC(=O)OCCCCCCCCCCCCCC,AA_2008,AA_2008,0
-6.362905,-0.366886147,CCCCCCCCCCCCCCOC(=O)CCN(CCC(=O)OCCCCCCCCCCCCCC)C1CCC(O)CC1,AA_2008,AA_2008,0
-6.4642363,-0.366886147,CCCCCCCCCCCCCCOC(=O)CCN(C)CCN(C)CCC(=O)OCCCCCCCCCCCCCC,AA_2008,AA_2008,0
-6.325755,-0.366886147,CCCCCCCCCCCCCCOC(=O)CCN(CC)CCN(CC)CCC(=O)OCCCCCCCCCCCCCC,AA_2008,AA_2008,0
-6.513516,-0.366886147,CCCCCCCCCCCCCCOC(=O)CCN(CCN(CCC(=O)OCCCCCCCCCCCCCC)C(C)C)C(C)C,AA_2008,AA_2008,0
-7.6185346,-0.366886147,CCCCCCCCCCCCCCOC(=O)CCN(C)CCCN(C)CCC(=O)OCCCCCCCCCCCCCC,AA_2008,AA_2008,0
-5.2452655,-0.366886147,CCCCCCCCCCCCCCOC(=O)CCN(CC)CCCN(CC)CCC(=O)OCCCCCCCCCCCCCC,AA_2008,AA_2008,0
-6.034175,-0.366886147,CCCCCCCCCCCCCCOC(=O)CCN1CCCN(CCC(=O)OCCCCCCCCCCCCCC)CC1,AA_2008,AA_2008,0
-6.820148,-0.366886147,CCCCCCCCCCCCCCOC(=O)CCN(CCC(=O)OCCCCCCCCCCCCCC)CCN(CC)CC,AA_2008,AA_2008,0
-5.813385,-0.366886147,CCCCCCCCCCCCCCOC(=O)CCN(CCC(=O)OCCCCCCCCCCCCCC)CCN1CCCC1,AA_2008,AA_2008,0
-6.555661,-0.366886147,CCCCCCCCCCCCCCOC(=O)CCN(CCC(=O)OCCCCCCCCCCCCCC)C(C)CN(C)C,AA_2008,AA_2008,0
-5.618916,-0.366886147,CCCCCCCCCCCCCCOC(=O)CCN(CCCN(CC)CC)CCC(=O)OCCCCCCCCCCCCCC,AA_2008,AA_2008,0
-6.111743,-0.366886147,CCCCCCCCCCCCCCOC(=O)CCN(CCC(=O)OCCCCCCCCCCCCCC)CCN1CCCCC1,AA_2008,AA_2008,0
-6.8342333,-0.366886147,CCCCCCCCCCCCCCOC(=O)CCN(CCCN(CCO)CCO)CCC(=O)OCCCCCCCCCCCCCC,AA_2008,AA_2008,0
-7.8978357,-0.366886147,CCCCCCCCCCCCCCOC(=O)CCN(CCC(=O)OCCCCCCCCCCCCCC)CCN1CCOCC1,AA_2008,AA_2008,0
-8.183905,-0.366886147,CCCCCCCCCCCCCCOC(=O)CCN(CCCN1CCOCC1)CCC(=O)OCCCCCCCCCCCCCC,AA_2008,AA_2008,0
-7.1997943,-0.366886147,CCCCCCCCCCCCCCOC(=O)CCN(CCCn1ccnc1)CCC(=O)OCCCCCCCCCCCCCC,AA_2008,AA_2008,0
-8.994153,-0.366886147,CCCCCCCCCCCCCCOC(=O)CCN(CCC(=O)OCCCCCCCCCCCCCC)CCc1c[nH]cn1,AA_2008,AA_2008,0
-5.553496,-0.366886147,CCCCCCCCCCCCCCOC(=O)CCN(C)CCN(CCC(=O)OCCCCCCCCCCCCCC)CCC(=O)OCCCCCCCCCCCCCC,AA_2008,AA_2008,0
-6.492572,-0.366886147,CCCCCCCCCCCCCCOC(=O)CCN(C)CCCN(CCC(=O)OCCCCCCCCCCCCCC)CCC(=O)OCCCCCCCCCCCCCC,AA_2008,AA_2008,0
-7.4868174,-0.366886147,CCCCCCCCCCCCCCOC(=O)CCN(CCC(=O)OCCCCCCCCCCCCCC)CCN(CCC(=O)OCCCCCCCCCCCCCC)CCN(CCC(=O)OCCCCCCCCCCCCCC)CCN(CCC(=O)OCCCCCCCCCCCCCC)CCC(=O)OCCCCCCCCCCCCCC,AA_2008,AA_2008,0
-6.884393,-0.366886147,CCCCCCCCCCCCCCOC(=O)CCN(CCCN(CCC(=O)OCCCCCCCCCCCCCC)CCC(=O)OCCCCCCCCCCCCCC)CCC(=O)OCCCCCCCCCCCCCC,AA_2008,AA_2008,0
-7.0286584,-0.366886147,CCCCCCCCCCCCCCOC(=O)CCN(CCO)CCN(CCC(=O)OCCCCCCCCCCCCCC)CCC(=O)OCCCCCCCCCCCCCC,AA_2008,AA_2008,0
-6.8075314,-0.366886147,CCCCCCCCCCCCCCCOC(=O)CCN(CCC(=O)OCCCCCCCCCCCCCCC)CCC1OCCO1,AA_2008,AA_2008,0
-5.364804,-0.366886147,CCCCCCCCCCCCCCCOC(=O)CCN(CCC(=O)OCCCCCCCCCCCCCCC)CC1COC(C)(C)O1,AA_2008,AA_2008,0
-7.2517447,-0.366886147,CCCCCCCCCCCCCCCOC(=O)CCN(CCOC)CCC(=O)OCCCCCCCCCCCCCCC,AA_2008,AA_2008,0
-7.0719643,-0.366886147,CCCCCCCCCCCCCCCOC(=O)CCN(CCOCC)CCC(=O)OCCCCCCCCCCCCCCC,AA_2008,AA_2008,0
-6.763495,-0.366886147,CCCCCCCCCCCCCCCOC(=O)CCN(CCC(=O)OCCCCCCCCCCCCCCC)CC(OC)OC,AA_2008,AA_2008,0
-5.6920013,-0.366886147,CCCCCCCCCCCCCCCOC(=O)CCN(CCC(=O)OCCCCCCCCCCCCCCC)CC1CCCO1,AA_2008,AA_2008,0
-6.552662,-0.366886147,CCCCCCCCCCCCCCCOC(=O)CCN(CCC(=O)OCCCCCCCCCCCCCCC)CCc1ccc(OC)c(OC)c1,AA_2008,AA_2008,0
-7.4158444,-0.366886147,CCCCCCCCCCCCCCCOC(=O)CCN(CCC(=O)OCCCCCCCCCCCCCCC)CC(C)O,AA_2008,AA_2008,0
-7.4864397,-0.366886147,CCCCCCCCCCCCCCCOC(=O)CCN(CCCCO)CCC(=O)OCCCCCCCCCCCCCCC,AA_2008,AA_2008,0
-7.3458476,-0.366886147,CCCCCCCCCCCCCCCOC(=O)CCN(CCCCCO)CCC(=O)OCCCCCCCCCCCCCCC,AA_2008,AA_2008,0
-7.4424763,-0.366886147,CCCCCCCCCCCCCCCOC(=O)CCN(CCC(=O)OCCCCCCCCCCCCCCC)CC(C)(C)CO,AA_2008,AA_2008,0
-7.2424603,-0.366886147,CCCCCCCCCCCCCCCOC(=O)CCN(CCC(=O)OCCCCCCCCCCCCCCC)C(CC)(CO)CO,AA_2008,AA_2008,0
-6.528395,-0.366886147,CCCCCCCCCCCCCCCOC(=O)CCN(C)CCN(C)CCC(=O)OCCCCCCCCCCCCCCC,AA_2008,AA_2008,0
-6.411941,-0.366886147,CCCCCCCCCCCCCCCOC(=O)CCN(CC)CCN(CC)CCC(=O)OCCCCCCCCCCCCCCC,AA_2008,AA_2008,0
-6.165727,-0.366886147,CCCCCCCCCCCCCCCOC(=O)CCN(CCN(CCC(=O)OCCCCCCCCCCCCCCC)C(C)C)C(C)C,AA_2008,AA_2008,0
-7.9533906,-0.366886147,CCCCCCCCCCCCCCCOC(=O)CCN(C)CCCN(C)CCC(=O)OCCCCCCCCCCCCCCC,AA_2008,AA_2008,0
-5.217736,-0.366886147,CCCCCCCCCCCCCCCOC(=O)CCN(CC)CCCN(CC)CCC(=O)OCCCCCCCCCCCCCCC,AA_2008,AA_2008,0
-6.756821,-0.366886147,CCCCCCCCCCCCCCCOC(=O)CCN(CCC(=O)OCCCCCCCCCCCCCCC)CCN(CC)CC,AA_2008,AA_2008,0
-5.9145994,-0.366886147,CCCCCCCCCCCCCCCOC(=O)CCN(CCC(=O)OCCCCCCCCCCCCCCC)CCN1CCCC1,AA_2008,AA_2008,0
-6.870937,-0.366886147,CCCCCCCCCCCCCCCOC(=O)CCN(CCC(=O)OCCCCCCCCCCCCCCC)C(C)CN(C)C,AA_2008,AA_2008,0
-5.8567924,-0.366886147,CCCCCCCCCCCCCCCOC(=O)CCN(CCCN(C)C)CCC(=O)OCCCCCCCCCCCCCCC,AA_2008,AA_2008,0
-5.895705,-0.366886147,CCCCCCCCCCCCCCCOC(=O)CCN(CCC(=O)OCCCCCCCCCCCCCCC)CCN1CCCCC1,AA_2008,AA_2008,0
-7.1777573,-0.366886147,CCCCCCCCCCCCCCCOC(=O)CCN(CCC(=O)OCCCCCCCCCCCCCCC)CCN(CCO)CCO,AA_2008,AA_2008,0
-7.5007052,-0.366886147,CCCCCCCCCCCCCCCOC(=O)CCN(CCC(=O)OCCCCCCCCCCCCCCC)CCN1CCOCC1,AA_2008,AA_2008,0
-8.143281,-0.366886147,CCCCCCCCCCCCCCCOC(=O)CCN(CCCN1CCOCC1)CCC(=O)OCCCCCCCCCCCCCCC,AA_2008,AA_2008,0
-7.352394,-0.366886147,CCCCCCCCCCCCCCCOC(=O)CCN(CCCn1ccnc1)CCC(=O)OCCCCCCCCCCCCCCC,AA_2008,AA_2008,0
-8.050709,-0.366886147,CCCCCCCCCCCCCCCOC(=O)CCN(CCC(=O)OCCCCCCCCCCCCCCC)CCN(CCC(=O)OCCCCCCCCCCCCCCC)CCN(CCC(=O)OCCCCCCCCCCCCCCC)CCN(CCC(=O)OCCCCCCCCCCCCCCC)CCC(=O)OCCCCCCCCCCCCCCC,AA_2008,AA_2008,0
-6.9332566,-0.366886147,CCCCCCCCCCCCCCCCCCOC(=O)CCN(CCCOC)CCC(=O)OCCCCCCCCCCCCCCCCCC,AA_2008,AA_2008,0
-5.8378716,-0.366886147,CCCCCCCCCCCCCCCCCCOC(=O)CCN(CCC(=O)OCCCCCCCCCCCCCCCCCC)CCC1OCCO1,AA_2008,AA_2008,0
-6.174034,-0.366886147,CCCCCCCCCCCCCCCCCCOC(=O)CCN(CCC(=O)OCCCCCCCCCCCCCCCCCC)CC1COC(C)(C)O1,AA_2008,AA_2008,0
-7.1251335,-0.366886147,CCCCCCCCCCCCCCCCCCOC(=O)CCN(CCOC)CCC(=O)OCCCCCCCCCCCCCCCCCC,AA_2008,AA_2008,0
-7.059609,-0.366886147,CCCCCCCCCCCCCCCCCCOC(=O)CCN(CCOCC)CCC(=O)OCCCCCCCCCCCCCCCCCC,AA_2008,AA_2008,0
-7.271171,-0.366886147,CCCCCCCCCCCCCCCCCCOC(=O)CCN(CCC(=O)OCCCCCCCCCCCCCCCCCC)CC(OC)OC,AA_2008,AA_2008,0
-5.3462486,-0.366886147,CCCCCCCCCCCCCCCCCCOC(=O)CCN(CCC(=O)OCCCCCCCCCCCCCCCCCC)CC1CCCO1,AA_2008,AA_2008,0
-6.8735943,-0.366886147,CCCCCCCCCCCCCCCCCCOC(=O)CCN(CCC(=O)OCCCCCCCCCCCCCCCCCC)CCc1ccc(OC)c(OC)c1,AA_2008,AA_2008,0
-7.4837246,-0.366886147,CCCCCCCCCCCCCCCCCCOC(=O)CCN(CCCO)CCC(=O)OCCCCCCCCCCCCCCCCCC,AA_2008,AA_2008,0
-8.387259,-0.366886147,CCCCCCCCCCCCCCCCCCOC(=O)CCN(CCC(=O)OCCCCCCCCCCCCCCCCCC)CC(C)O,AA_2008,AA_2008,0
-8.387259,-0.366886147,CCCCCCCCCCCCCCCCCCOC(=O)CCN(CCC(=O)OCCCCCCCCCCCCCCCCCC)CC(C)O,AA_2008,AA_2008,0
-7.393635,-0.366886147,CCCCCCCCCCCCCCCCCCOC(=O)CCN(CCC(=O)OCCCCCCCCCCCCCCCCCC)C(CO)CO,AA_2008,AA_2008,0
-8.008478,-0.366886147,CCCCCCCCCCCCCCCCCCOC(=O)CCN(CCC(=O)OCCCCCCCCCCCCCCCCCC)C(C)(CO)CO,AA_2008,AA_2008,0
-7.4816504,-0.366886147,CCCCCCCCCCCCCCCCCCOC(=O)CCN(CCCCO)CCC(=O)OCCCCCCCCCCCCCCCCCC,AA_2008,AA_2008,0
-7.8704767,-0.366886147,CCCCCCCCCCCCCCCCCCOC(=O)CCN(CCOCCO)CCC(=O)OCCCCCCCCCCCCCCCCCC,AA_2008,AA_2008,0
-7.52223,-0.366886147,CCCCCCCCCCCCCCCCCCOC(=O)CCN(CCCCCO)CCC(=O)OCCCCCCCCCCCCCCCCCC,AA_2008,AA_2008,0
-6.564188,-0.366886147,CCCCCCCCCCCCCCCCCCOC(=O)CCN(CCC(=O)OCCCCCCCCCCCCCCCCCC)C(CC)(CO)CO,AA_2008,AA_2008,0
-7.6567864,-0.366886147,CCCCCCCCCCCCCCCCCCOC(=O)CCN(CCCCCCO)CCC(=O)OCCCCCCCCCCCCCCCCCC,AA_2008,AA_2008,0
-6.254158,-0.366886147,CCCCCCCCCCCCCCCCCCOC(=O)CCN(CCC(=O)OCCCCCCCCCCCCCCCCCC)C1CCC(O)CC1,AA_2008,AA_2008,0
-6.849252,-0.366886147,CCCCCCCCCCCCCCCCCCOC(=O)CCN(C)CCN(C)CCC(=O)OCCCCCCCCCCCCCCCCCC,AA_2008,AA_2008,0
-6.378536,-0.366886147,CCCCCCCCCCCCCCCCCCOC(=O)CCN(CC)CCN(CC)CCC(=O)OCCCCCCCCCCCCCCCCCC,AA_2008,AA_2008,0
-6.2338405,-0.366886147,CCCCCCCCCCCCCCCCCCOC(=O)CCN(CCN(CCC(=O)OCCCCCCCCCCCCCCCCCC)C(C)C)C(C)C,AA_2008,AA_2008,0
-7.9000807,-0.366886147,CCCCCCCCCCCCCCCCCCOC(=O)CCN(C)CCCN(C)CCC(=O)OCCCCCCCCCCCCCCCCCC,AA_2008,AA_2008,0
-5.2683716,-0.366886147,CCCCCCCCCCCCCCCCCCOC(=O)CCN(CC)CCCN(CC)CCC(=O)OCCCCCCCCCCCCCCCCCC,AA_2008,AA_2008,0
-6.0068107,-0.366886147,CCCCCCCCCCCCCCCCCCOC(=O)CCN1CCCN(CCC(=O)OCCCCCCCCCCCCCCCCCC)CC1,AA_2008,AA_2008,0
-6.423032,-0.366886147,CCCCCCCCCCCCCCCCCCOC(=O)CCN(CCC(=O)OCCCCCCCCCCCCCCCCCC)CCN(CC)CC,AA_2008,AA_2008,0
-5.90742,-0.366886147,CCCCCCCCCCCCCCCCCCOC(=O)CCN(CCC(=O)OCCCCCCCCCCCCCCCCCC)CCN1CCCC1,AA_2008,AA_2008,0
-6.4664073,-0.366886147,CCCCCCCCCCCCCCCCCCOC(=O)CCN(CCC(=O)OCCCCCCCCCCCCCCCCCC)CCC1CCCN1C,AA_2008,AA_2008,0
-7.7523203,-0.366886147,CCCCCCCCCCCCCCCCCCOC(=O)CCN(CCCN(C)C)CCC(=O)OCCCCCCCCCCCCCCCCCC,AA_2008,AA_2008,0
-5.14555,-0.366886147,CCCCCCCCCCCCCCCCCCOC(=O)CCN(CCCN(CC)CC)CCC(=O)OCCCCCCCCCCCCCCCCCC,AA_2008,AA_2008,0
-5.433557,-0.366886147,CCCCCCCCCCCCCCCCCCOC(=O)CCN(CCC(=O)OCCCCCCCCCCCCCCCCCC)CCN1CCCCC1,AA_2008,AA_2008,0
-7.474691,-0.366886147,CCCCCCCCCCCCCCCCCCOC(=O)CCN(CCC(=O)OCCCCCCCCCCCCCCCCCC)CCN(CCO)CCO,AA_2008,AA_2008,0
-6.519556,-0.366886147,CCCCCCCCCCCCCCCCCCOC(=O)CCN(CCCN(CCO)CCO)CCC(=O)OCCCCCCCCCCCCCCCCCC,AA_2008,AA_2008,0
-6.863839,-0.366886147,CCCCCCCCCCCCCCCCCCOC(=O)CCN(CCC(=O)OCCCCCCCCCCCCCCCCCC)CCN1CCOCC1,AA_2008,AA_2008,0
-7.1932178,-0.366886147,CCCCCCCCCCCCCCCCCCOC(=O)CCN(CCCN1CCOCC1)CCC(=O)OCCCCCCCCCCCCCCCCCC,AA_2008,AA_2008,0
-7.5012255,-0.366886147,CCCCCCCCCCCCCCCCCCOC(=O)CCN(CCCn1ccnc1)CCC(=O)OCCCCCCCCCCCCCCCCCC,AA_2008,AA_2008,0
-8.030101,-0.366886147,CCCCCCCCCCCCCCCCCCOC(=O)CCN(CCC(=O)OCCCCCCCCCCCCCCCCCC)CCc1c[nH]cn1,AA_2008,AA_2008,0
-5.9769936,-0.366886147,CCCCCCCCCCCCCCCCCCOC(=O)CCN(C)CCN(CCC(=O)OCCCCCCCCCCCCCCCCCC)CCC(=O)OCCCCCCCCCCCCCCCCCC,AA_2008,AA_2008,0
-6.9640875,-0.366886147,CCCCCCCCCCCCCCCCCCOC(=O)CCN(C)CCCN(CCC(=O)OCCCCCCCCCCCCCCCCCC)CCC(=O)OCCCCCCCCCCCCCCCCCC,AA_2008,AA_2008,0
-8.360823,-0.366886147,CCCCCCCCCCCCCCCCCCOC(=O)CCN(CCC(=O)OCCCCCCCCCCCCCCCCCC)CCN(CCC(=O)OCCCCCCCCCCCCCCCCCC)CCN(CCC(=O)OCCCCCCCCCCCCCCCCCC)CCN(CCC(=O)OCCCCCCCCCCCCCCCCCC)CCC(=O)OCCCCCCCCCCCCCCCCCC,AA_2008,AA_2008,0
-6.9759874,-0.366886147,CCCCCCCCCCCCCCCCCCOC(=O)CCN(CCC(=O)OCCCCCCCCCCCCCCCCCC)CCN(CCC(=O)OCCCCCCCCCCCCCCCCCC)CCC(=O)OCCCCCCCCCCCCCCCCCC,AA_2008,AA_2008,0
-7.282289,-0.366886147,CCCCCCCCCCCCCCCCCCOC(=O)CCN(CCCN(CCC(=O)OCCCCCCCCCCCCCCCCCC)CCC(=O)OCCCCCCCCCCCCCCCCCC)CCC(=O)OCCCCCCCCCCCCCCCCCC,AA_2008,AA_2008,0
-7.3702664,-0.366886147,CCCCCCCCCCCCCCCCCCOC(=O)CCN(CCO)CCN(CCO)CCC(=O)OCCCCCCCCCCCCCCCCCC,AA_2008,AA_2008,0
-7.143182,-0.366886147,CCCCCCCCCCCCCCCCCCOC(=O)CCN(CCO)CCN(CCC(=O)OCCCCCCCCCCCCCCCCCC)CCC(=O)OCCCCCCCCCCCCCCCCCC,AA_2008,AA_2008,0
-8.368862,-0.366886147,CCCCCCCCCCCCCCCCCCOC(=O)CCN(CCC(=O)OCCCCCCCCCCCCCCCCCC)CC(O)CO,AA_2008,AA_2008,0
-6.522549,-0.366886147,CCCCCCCCCCCCNC(=O)CCN(CCC(=O)NCCCCCCCCCCCC)CC1COC(C)(C)O1,AA_2008,AA_2008,0
-5.434889,-0.366886147,CCCCCCCCCCCCNC(=O)CCN(CCOC)CCC(=O)NCCCCCCCCCCCC,AA_2008,AA_2008,0
-6.1701126,-0.366886147,CCCCCCCCCCCCNC(=O)CCN(CCOCC)CCC(=O)NCCCCCCCCCCCC,AA_2008,AA_2008,0
-5.94631,-0.366886147,CCCCCCCCCCCCNC(=O)CCN(CCC(=O)NCCCCCCCCCCCC)CC(OC)OC,AA_2008,AA_2008,0
-6.255713,-0.366886147,CCCCCCCCCCCCNC(=O)CCN(CCC(=O)NCCCCCCCCCCCC)CC1CCCO1,AA_2008,AA_2008,0
-5.167068,-0.366886147,CCCCCCCCCCCCNC(=O)CCN(CCC(=O)NCCCCCCCCCCCC)CCc1ccc(OC)c(OC)c1,AA_2008,AA_2008,0
-5.842932,-0.366886147,CCCCCCCCCCCCNC(=O)CCN(CCC(=O)NCCCCCCCCCCCC)CC(C)O,AA_2008,AA_2008,0
-5.842932,-0.366886147,CCCCCCCCCCCCNC(=O)CCN(CCC(=O)NCCCCCCCCCCCC)CC(C)O,AA_2008,AA_2008,0
-6.380225,-0.366886147,CCCCCCCCCCCCNC(=O)CCN(CCC(=O)NCCCCCCCCCCCC)C(C)(CO)CO,AA_2008,AA_2008,0
-6.2763686,-0.366886147,CCCCCCCCCCCCNC(=O)CCN(CCOCCO)CCC(=O)NCCCCCCCCCCCC,AA_2008,AA_2008,0
-6.6886926,-0.366886147,CCCCCCCCCCCCNC(=O)CCN(CCC(=O)NCCCCCCCCCCCC)CC(C)(C)CO,AA_2008,AA_2008,0
-6.267213,-0.366886147,CCCCCCCCCCCCNC(=O)CCN(CCC(=O)NCCCCCCCCCCCC)C(CC)(CO)CO,AA_2008,AA_2008,0
-5.6352143,-0.366886147,CCCCCCCCCCCCNC(=O)CCN(CCCCCCO)CCC(=O)NCCCCCCCCCCCC,AA_2008,AA_2008,0
-6.172833,-0.366886147,CCCCCCCCCCCCNC(=O)CCN(CCC(=O)NCCCCCCCCCCCC)C1CCC(O)CC1,AA_2008,AA_2008,0
-5.341948,-0.366886147,CCCCCCCCCCCCNC(=O)CCN(CCN(CCC(=O)NCCCCCCCCCCCC)C(C)C)C(C)C,AA_2008,AA_2008,0
-5.902147,-0.366886147,CCCCCCCCCCCCNC(=O)CCN(C)CCCN(C)CCC(=O)NCCCCCCCCCCCC,AA_2008,AA_2008,0
-4.840819,-0.366886147,CCCCCCCCCCCCNC(=O)CCN(CC)CCCN(CC)CCC(=O)NCCCCCCCCCCCC,AA_2008,AA_2008,0
-5.154644,-0.366886147,CCCCCCCCCCCCNC(=O)CCN1CCCN(CCC(=O)NCCCCCCCCCCCC)CC1,AA_2008,AA_2008,0
-5.302939,-0.366886147,CCCCCCCCCCCCNC(=O)CCN(CCC(=O)NCCCCCCCCCCCC)CCN(CC)CC,AA_2008,AA_2008,0
-4.2263827,-0.366886147,CCCCCCCCCCCCNC(=O)CCN(CCC(=O)NCCCCCCCCCCCC)CCN1CCCC1,AA_2008,AA_2008,0
-4.562137,-0.366886147,CCCCCCCCCCCCNC(=O)CCN(CCC(=O)NCCCCCCCCCCCC)CCC1CCCN1C,AA_2008,AA_2008,0
-6.179589,-0.366886147,CCCCCCCCCCCCNC(=O)CCN(CCC(=O)NCCCCCCCCCCCC)C(C)CN(C)C,AA_2008,AA_2008,0
-4.8102446,-0.366886147,CCCCCCCCCCCCNC(=O)CCN(CCCN(C)C)CCC(=O)NCCCCCCCCCCCC,AA_2008,AA_2008,0
-4.4114356,-0.366886147,CCCCCCCCCCCCNC(=O)CCN(CCCN(CC)CC)CCC(=O)NCCCCCCCCCCCC,AA_2008,AA_2008,0
-5.7611866,-0.366886147,CCCCCCCCCCCCNC(=O)CCN(CCC(=O)NCCCCCCCCCCCC)CCN1CCOCC1,AA_2008,AA_2008,0
-4.197417,-0.366886147,CCCCCCCCCCCCNC(=O)CCN(CCO)CCN(CCC(=O)NCCCCCCCCCCCC)CCC(=O)NCCCCCCCCCCCC,AA_2008,AA_2008,0
-5.629686,-0.366886147,CCCCCCCCCCCCNC(=O)CCN(CCC(=O)NCCCCCCCCCCCC)CC(O)CO,AA_2008,AA_2008,0
-5.0831313,-0.366886147,CCCCCCCCCCCCCCNC(=O)CCN(CCCOC)CCC(=O)NCCCCCCCCCCCCCC,AA_2008,AA_2008,0
-5.08981,-0.366886147,CCCCCCCCCCCCCCNC(=O)CCN(CCC(=O)NCCCCCCCCCCCCCC)CCC1OCCO1,AA_2008,AA_2008,0
-5.9941387,-0.366886147,CCCCCCCCCCCCCCNC(=O)CCN(CCC(=O)NCCCCCCCCCCCCCC)CC1COC(C)(C)O1,AA_2008,AA_2008,0
-6.909508,-0.366886147,CCCCCCCCCCCCCCNC(=O)CCN(CCC(=O)NCCCCCCCCCCCCCC)CC(OC)OC,AA_2008,AA_2008,0
-5.844289,-0.366886147,CCCCCCCCCCCCCCNC(=O)CCN(CCC(=O)NCCCCCCCCCCCCCC)CCc1ccc(OC)c(OC)c1,AA_2008,AA_2008,0
-5.563817,-0.366886147,CCCCCCCCCCCCCCNC(=O)CCN(CCC(=O)NCCCCCCCCCCCCCC)CC(C)O,AA_2008,AA_2008,0
-5.8360925,-0.366886147,CCCCCCCCCCCCCCNC(=O)CCN(CCC(=O)NCCCCCCCCCCCCCC)C(CO)CO,AA_2008,AA_2008,0
-5.6746373,-0.366886147,CCCCCCCCCCCCCCNC(=O)CCN(CCC(=O)NCCCCCCCCCCCCCC)C(C)(CO)CO,AA_2008,AA_2008,0
-5.810103,-0.366886147,CCCCCCCCCCCCCCNC(=O)CCN(CCOCCO)CCC(=O)NCCCCCCCCCCCCCC,AA_2008,AA_2008,0
-6.483638,-0.366886147,CCCCCCCCCCCCCCNC(=O)CCN(CCC(=O)NCCCCCCCCCCCCCC)C(CC)(CO)CO,AA_2008,AA_2008,0
-5.0286717,-0.366886147,CCCCCCCCCCCCCCNC(=O)CCN(CCCCCCO)CCC(=O)NCCCCCCCCCCCCCC,AA_2008,AA_2008,0
-4.997094,-0.366886147,CCCCCCCCCCCCCCNC(=O)CCN(CCC(=O)NCCCCCCCCCCCCCC)C1CCC(O)CC1,AA_2008,AA_2008,0
-6.6263356,-0.366886147,CCCCCCCCCCCCCCNC(=O)CCN(C)CCN(C)CCC(=O)NCCCCCCCCCCCCCC,AA_2008,AA_2008,0
-5.14726,-0.366886147,CCCCCCCCCCCCCCNC(=O)CCN(CC)CCN(CC)CCC(=O)NCCCCCCCCCCCCCC,AA_2008,AA_2008,0
-4.911342,-0.366886147,CCCCCCCCCCCCCCNC(=O)CCN(CCN(CCC(=O)NCCCCCCCCCCCCCC)C(C)C)C(C)C,AA_2008,AA_2008,0
-4.172948,-0.366886147,CCCCCCCCCCCCCCNC(=O)CCN(CC)CCCN(CC)CCC(=O)NCCCCCCCCCCCCCC,AA_2008,AA_2008,0
-5.555392,-0.366886147,CCCCCCCCCCCCCCNC(=O)CCN1CCCN(CCC(=O)NCCCCCCCCCCCCCC)CC1,AA_2008,AA_2008,0
-4.402247,-0.366886147,CCCCCCCCCCCCCCNC(=O)CCN(CCC(=O)NCCCCCCCCCCCCCC)CCN(CC)CC,AA_2008,AA_2008,0
-4.1484346,-0.366886147,CCCCCCCCCCCCCCNC(=O)CCN(CCC(=O)NCCCCCCCCCCCCCC)CCN1CCCC1,AA_2008,AA_2008,0
-4.6439,-0.366886147,CCCCCCCCCCCCCCNC(=O)CCN(CCC(=O)NCCCCCCCCCCCCCC)CCC1CCCN1C,AA_2008,AA_2008,0
-5.561408,-0.366886147,CCCCCCCCCCCCCCNC(=O)CCN(CCC(=O)NCCCCCCCCCCCCCC)C(C)CN(C)C,AA_2008,AA_2008,0
-4.2696385,-0.366886147,CCCCCCCCCCCCCCNC(=O)CCN(CCCN(C)C)CCC(=O)NCCCCCCCCCCCCCC,AA_2008,AA_2008,0
-3.756692,-0.366886147,CCCCCCCCCCCCCCNC(=O)CCN(CCCN(CC)CC)CCC(=O)NCCCCCCCCCCCCCC,AA_2008,AA_2008,0
-5.122406,-0.366886147,CCCCCCCCCCCCCCNC(=O)CCN(CCC(=O)NCCCCCCCCCCCCCC)CCN1CCCCC1,AA_2008,AA_2008,0
-5.879453,-0.366886147,CCCCCCCCCCCCCCNC(=O)CCN(CCCn1ccnc1)CCC(=O)NCCCCCCCCCCCCCC,AA_2008,AA_2008,0
-6.9928675,-0.366886147,CCCCCCCCCCCCCCNC(=O)CCN(CCC(=O)NCCCCCCCCCCCCCC)CCc1c[nH]cn1,AA_2008,AA_2008,0
-5.1099343,-0.366886147,CCCCCCCCCCCCCCNC(=O)CCN(C)CCN(CCC(=O)NCCCCCCCCCCCCCC)CCC(=O)NCCCCCCCCCCCCCC,AA_2008,AA_2008,0
-4.388317,-0.366886147,CCCCCCCCCCCCCCNC(=O)CCN(C)CCCN(CCC(=O)NCCCCCCCCCCCCCC)CCC(=O)NCCCCCCCCCCCCCC,AA_2008,AA_2008,0
-4.0969653,-0.366886147,CCCCCCCCCCCCCCNC(=O)CCN(CCC(=O)NCCCCCCCCCCCCCC)CCN(CCC(=O)NCCCCCCCCCCCCCC)CCN(CCC(=O)NCCCCCCCCCCCCCC)CCN(CCC(=O)NCCCCCCCCCCCCCC)CCC(=O)NCCCCCCCCCCCCCC,AA_2008,AA_2008,0
-4.8931217,-0.366886147,CCCCCCCCCCCCCCNC(=O)CCN(CCC(=O)NCCCCCCCCCCCCCC)CCN(CCC(=O)NCCCCCCCCCCCCCC)CCC(=O)NCCCCCCCCCCCCCC,AA_2008,AA_2008,0
-4.234023,-0.366886147,CCCCCCCCCCCCCCNC(=O)CCN(CCCN(CCC(=O)NCCCCCCCCCCCCCC)CCC(=O)NCCCCCCCCCCCCCC)CCC(=O)NCCCCCCCCCCCCCC,AA_2008,AA_2008,0
-5.853115,-0.366886147,CCCCCCCCCCCCCCNC(=O)CCN(CCC(=O)NCCCCCCCCCCCCCC)CC(O)CO,AA_2008,AA_2008,0
-4.8670397,-0.366886147,CCCCCCCCCCCCCCCNC(=O)CCN(CCCOC)CCC(=O)NCCCCCCCCCCCCCCC,AA_2008,AA_2008,0
-5.0195,-0.366886147,CCCCCCCCCCCCCCCNC(=O)CCN(CCC(=O)NCCCCCCCCCCCCCCC)CCC1OCCO1,AA_2008,AA_2008,0
-6.41153,-0.366886147,CCCCCCCCCCCCCCCNC(=O)CCN(CCC(=O)NCCCCCCCCCCCCCCC)CC1COC(C)(C)O1,AA_2008,AA_2008,0
-5.2469983,-0.366886147,CCCCCCCCCCCCCCCNC(=O)CCN(CCOC)CCC(=O)NCCCCCCCCCCCCCCC,AA_2008,AA_2008,0
-5.267767,-0.366886147,CCCCCCCCCCCCCCCNC(=O)CCN(CCOCC)CCC(=O)NCCCCCCCCCCCCCCC,AA_2008,AA_2008,0
-6.8426137,-0.366886147,CCCCCCCCCCCCCCCNC(=O)CCN(CCC(=O)NCCCCCCCCCCCCCCC)CC(OC)OC,AA_2008,AA_2008,0
-6.0872626,-0.366886147,CCCCCCCCCCCCCCCNC(=O)CCN(CCC(=O)NCCCCCCCCCCCCCCC)CC1CCCO1,AA_2008,AA_2008,0
-5.618512,-0.366886147,CCCCCCCCCCCCCCCNC(=O)CCN(CCC(=O)NCCCCCCCCCCCCCCC)CCc1ccc(OC)c(OC)c1,AA_2008,AA_2008,0
-5.1979556,-0.366886147,CCCCCCCCCCCCCCCNC(=O)CCN(CCCO)CCC(=O)NCCCCCCCCCCCCCCC,AA_2008,AA_2008,0
-5.2981997,-0.366886147,CCCCCCCCCCCCCCCNC(=O)CCN(CCC(=O)NCCCCCCCCCCCCCCC)CC(C)O,AA_2008,AA_2008,0
-5.2981997,-0.366886147,CCCCCCCCCCCCCCCNC(=O)CCN(CCC(=O)NCCCCCCCCCCCCCCC)CC(C)O,AA_2008,AA_2008,0
-6.137813,-0.366886147,CCCCCCCCCCCCCCCNC(=O)CCN(CCC(=O)NCCCCCCCCCCCCCCC)C(CO)CO,AA_2008,AA_2008,0
-6.46335,-0.366886147,CCCCCCCCCCCCCCCNC(=O)CCN(CCC(=O)NCCCCCCCCCCCCCCC)C(C)(CO)CO,AA_2008,AA_2008,0
-5.408152,-0.366886147,CCCCCCCCCCCCCCCNC(=O)CCN(CCCCO)CCC(=O)NCCCCCCCCCCCCCCC,AA_2008,AA_2008,0
-5.7073035,-0.366886147,CCCCCCCCCCCCCCCNC(=O)CCN(CCOCCO)CCC(=O)NCCCCCCCCCCCCCCC,AA_2008,AA_2008,0
-5.265764,-0.366886147,CCCCCCCCCCCCCCCNC(=O)CCN(CCCCCO)CCC(=O)NCCCCCCCCCCCCCCC,AA_2008,AA_2008,0
-6.994271,-0.366886147,CCCCCCCCCCCCCCCNC(=O)CCN(CCC(=O)NCCCCCCCCCCCCCCC)CC(C)(C)CO,AA_2008,AA_2008,0
-6.441188,-0.366886147,CCCCCCCCCCCCCCCNC(=O)CCN(CCC(=O)NCCCCCCCCCCCCCCC)C(CC)(CO)CO,AA_2008,AA_2008,0
-5.6225605,-0.366886147,CCCCCCCCCCCCCCCNC(=O)CCN(CCCCCCO)CCC(=O)NCCCCCCCCCCCCCCC,AA_2008,AA_2008,0
-4.6814666,-0.366886147,CCCCCCCCCCCCCCCNC(=O)CCN(CCC(=O)NCCCCCCCCCCCCCCC)C1CCC(O)CC1,AA_2008,AA_2008,0
-6.069985,-0.366886147,CCCCCCCCCCCCCCCNC(=O)CCN(C)CCN(C)CCC(=O)NCCCCCCCCCCCCCCC,AA_2008,AA_2008,0
-5.6147075,-0.366886147,CCCCCCCCCCCCCCCNC(=O)CCN(CC)CCN(CC)CCC(=O)NCCCCCCCCCCCCCCC,AA_2008,AA_2008,0
-4.956212,-0.366886147,CCCCCCCCCCCCCCCNC(=O)CCN(CCN(CCC(=O)NCCCCCCCCCCCCCCC)C(C)C)C(C)C,AA_2008,AA_2008,0
-5.8420477,-0.366886147,CCCCCCCCCCCCCCCNC(=O)CCN(C)CCCN(C)CCC(=O)NCCCCCCCCCCCCCCC,AA_2008,AA_2008,0
-5.2370024,-0.366886147,CCCCCCCCCCCCCCCNC(=O)CCN1CCCN(CCC(=O)NCCCCCCCCCCCCCCC)CC1,AA_2008,AA_2008,0
-4.718816,-0.366886147,CCCCCCCCCCCCCCCNC(=O)CCN(CCC(=O)NCCCCCCCCCCCCCCC)CCN(CC)CC,AA_2008,AA_2008,0
-3.982948,-0.366886147,CCCCCCCCCCCCCCCNC(=O)CCN(CCC(=O)NCCCCCCCCCCCCCCC)CCN1CCCC1,AA_2008,AA_2008,0
-4.96422,-0.366886147,CCCCCCCCCCCCCCCNC(=O)CCN(CCC(=O)NCCCCCCCCCCCCCCC)CCC1CCCN1C,AA_2008,AA_2008,0
-5.5449085,-0.366886147,CCCCCCCCCCCCCCCNC(=O)CCN(CCC(=O)NCCCCCCCCCCCCCCC)C(C)CN(C)C,AA_2008,AA_2008,0
-4.168323,-0.366886147,CCCCCCCCCCCCCCCNC(=O)CCN(CCCN(C)C)CCC(=O)NCCCCCCCCCCCCCCC,AA_2008,AA_2008,0
-3.7883222,-0.366886147,CCCCCCCCCCCCCCCNC(=O)CCN(CCCN(CC)CC)CCC(=O)NCCCCCCCCCCCCCCC,AA_2008,AA_2008,0
-5.350687,-0.366886147,CCCCCCCCCCCCCCCNC(=O)CCN(CCC(=O)NCCCCCCCCCCCCCCC)CCN1CCCCC1,AA_2008,AA_2008,0
-5.5997987,-0.366886147,CCCCCCCCCCCCCCCNC(=O)CCN(CCC(=O)NCCCCCCCCCCCCCCC)CCN(CCO)CCO,AA_2008,AA_2008,0
-4.095098,-0.366886147,CCCCCCCCCCCCCCCNC(=O)CCN(CCCN(CCO)CCO)CCC(=O)NCCCCCCCCCCCCCCC,AA_2008,AA_2008,0
-5.8652415,-0.366886147,CCCCCCCCCCCCCCCNC(=O)CCN(CCCN1CCOCC1)CCC(=O)NCCCCCCCCCCCCCCC,AA_2008,AA_2008,0
-5.560502,-0.366886147,CCCCCCCCCCCCCCCNC(=O)CCN(CCCn1ccnc1)CCC(=O)NCCCCCCCCCCCCCCC,AA_2008,AA_2008,0
-5.121838,-0.366886147,CCCCCCCCCCCCCCCNC(=O)CCN(C)CCN(CCC(=O)NCCCCCCCCCCCCCCC)CCC(=O)NCCCCCCCCCCCCCCC,AA_2008,AA_2008,0
-4.609391,-0.366886147,CCCCCCCCCCCCCCCNC(=O)CCN(CCC(=O)NCCCCCCCCCCCCCCC)CCN(CCC(=O)NCCCCCCCCCCCCCCC)CCN(CCC(=O)NCCCCCCCCCCCCCCC)CCN(CCC(=O)NCCCCCCCCCCCCCCC)CCC(=O)NCCCCCCCCCCCCCCC,AA_2008,AA_2008,0
-5.148992,-0.366886147,CCCCCCCCCCCCCCCNC(=O)CCN(CCC(=O)NCCCCCCCCCCCCCCC)CCN(CCC(=O)NCCCCCCCCCCCCCCC)CCC(=O)NCCCCCCCCCCCCCCC,AA_2008,AA_2008,0
-5.120552,-0.366886147,CCCCCCCCCCCCCCCNC(=O)CCN(CCO)CCN(CCC(=O)NCCCCCCCCCCCCCCC)CCC(=O)NCCCCCCCCCCCCCCC,AA_2008,AA_2008,0
-5.6762404,-0.366886147,CCCCCCCCCCCCCCCNC(=O)CCN(CCC(=O)NCCCCCCCCCCCCCCC)CC(O)CO,AA_2008,AA_2008,0
-5.4380555,-0.366886147,CCCCCCCCCCCCCCCCNC(=O)CCN(CCC(=O)NCCCCCCCCCCCCCCCC)CCC1OCCO1,AA_2008,AA_2008,0
-6.6893554,-0.366886147,CCCCCCCCCCCCCCCCNC(=O)CCN(CCC(=O)NCCCCCCCCCCCCCCCC)CC1COC(C)(C)O1,AA_2008,AA_2008,0
-5.082775,-0.366886147,CCCCCCCCCCCCCCCCNC(=O)CCN(CCOC)CCC(=O)NCCCCCCCCCCCCCCCC,AA_2008,AA_2008,0
-5.411799,-0.366886147,CCCCCCCCCCCCCCCCNC(=O)CCN(CCOCC)CCC(=O)NCCCCCCCCCCCCCCCC,AA_2008,AA_2008,0
-7.281545,-0.366886147,CCCCCCCCCCCCCCCCNC(=O)CCN(CCC(=O)NCCCCCCCCCCCCCCCC)CC(OC)OC,AA_2008,AA_2008,0
-5.8933744,-0.366886147,CCCCCCCCCCCCCCCCNC(=O)CCN(CCC(=O)NCCCCCCCCCCCCCCCC)CC1CCCO1,AA_2008,AA_2008,0
-5.5810685,-0.366886147,CCCCCCCCCCCCCCCCNC(=O)CCN(CCC(=O)NCCCCCCCCCCCCCCCC)CCc1ccc(OC)c(OC)c1,AA_2008,AA_2008,0
-5.157623,-0.366886147,CCCCCCCCCCCCCCCCNC(=O)CCN(CCCO)CCC(=O)NCCCCCCCCCCCCCCCC,AA_2008,AA_2008,0
-5.412591,-0.366886147,CCCCCCCCCCCCCCCCNC(=O)CCN(CCC(=O)NCCCCCCCCCCCCCCCC)CC(C)O,AA_2008,AA_2008,0
-5.412591,-0.366886147,CCCCCCCCCCCCCCCCNC(=O)CCN(CCC(=O)NCCCCCCCCCCCCCCCC)CC(C)O,AA_2008,AA_2008,0
-6.653574,-0.366886147,CCCCCCCCCCCCCCCCNC(=O)CCN(CCC(=O)NCCCCCCCCCCCCCCCC)C(CO)CO,AA_2008,AA_2008,0
-6.2716618,-0.366886147,CCCCCCCCCCCCCCCCNC(=O)CCN(CCC(=O)NCCCCCCCCCCCCCCCC)C(C)(CO)CO,AA_2008,AA_2008,0
-5.4500904,-0.366886147,CCCCCCCCCCCCCCCCNC(=O)CCN(CCCCO)CCC(=O)NCCCCCCCCCCCCCCCC,AA_2008,AA_2008,0
-5.395603,-0.366886147,CCCCCCCCCCCCCCCCNC(=O)CCN(CCOCCO)CCC(=O)NCCCCCCCCCCCCCCCC,AA_2008,AA_2008,0
-5.941108,-0.366886147,CCCCCCCCCCCCCCCCNC(=O)CCN(CCCCCO)CCC(=O)NCCCCCCCCCCCCCCCC,AA_2008,AA_2008,0
-7.0096836,-0.366886147,CCCCCCCCCCCCCCCCNC(=O)CCN(CCC(=O)NCCCCCCCCCCCCCCCC)CC(C)(C)CO,AA_2008,AA_2008,0
-6.4009104,-0.366886147,CCCCCCCCCCCCCCCCNC(=O)CCN(CCC(=O)NCCCCCCCCCCCCCCCC)C(CC)(CO)CO,AA_2008,AA_2008,0
-5.8875937,-0.366886147,CCCCCCCCCCCCCCCCNC(=O)CCN(CCCCCCO)CCC(=O)NCCCCCCCCCCCCCCCC,AA_2008,AA_2008,0
-5.0775046,-0.366886147,CCCCCCCCCCCCCCCCNC(=O)CCN(CCC(=O)NCCCCCCCCCCCCCCCC)C1CCC(O)CC1,AA_2008,AA_2008,0
-4.1701827,-0.366886147,CCCCCCCCCCCCCCCCNC(=O)CCN(CCCN(C)C)CCC(=O)NCCCCCCCCCCCCCCCC,AA_2008,AA_2008,0
-3.643424,-0.366886147,CCCCCCCCCCCCCCCCNC(=O)CCN(CCCN(CC)CC)CCC(=O)NCCCCCCCCCCCCCCCC,AA_2008,AA_2008,0
-5.1782694,-0.366886147,CCCCCCCCCCCCCCCCNC(=O)CCN(CCC(=O)NCCCCCCCCCCCCCCCC)CCN1CCCCC1,AA_2008,AA_2008,0
-5.854351,-0.366886147,CCCCCCCCCCCCCCCCNC(=O)CCN(CCC(=O)NCCCCCCCCCCCCCCCC)CCN(CCO)CCO,AA_2008,AA_2008,0
-4.418157,-0.366886147,CCCCCCCCCCCCCCCCNC(=O)CCN(CCCN(CCO)CCO)CCC(=O)NCCCCCCCCCCCCCCCC,AA_2008,AA_2008,0
-5.1949573,-0.366886147,CCCCCCCCCCCCCCCCNC(=O)CCN(CCC(=O)NCCCCCCCCCCCCCCCC)CCN1CCOCC1,AA_2008,AA_2008,0
-5.7272596,-0.366886147,CCCCCCCCCCCCCCCCNC(=O)CCN(CCCN1CCOCC1)CCC(=O)NCCCCCCCCCCCCCCCC,AA_2008,AA_2008,0
-5.488811,-0.366886147,CCCCCCCCCCCCCCCCNC(=O)CCN(CCCn1ccnc1)CCC(=O)NCCCCCCCCCCCCCCCC,AA_2008,AA_2008,0
-6.3693876,-0.366886147,CCCCCCCCCCCCCCCCNC(=O)CCN(CCC(=O)NCCCCCCCCCCCCCCCC)CCc1c[nH]cn1,AA_2008,AA_2008,0
-5.402755,-0.366886147,CCCCCCCCCCCCCCCCNC(=O)CCN(C)CCN(CCC(=O)NCCCCCCCCCCCCCCCC)CCC(=O)NCCCCCCCCCCCCCCCC,AA_2008,AA_2008,0
-5.1403713,-0.366886147,CCCCCCCCCCCCCCCCNC(=O)CCN(C)CCCN(CCC(=O)NCCCCCCCCCCCCCCCC)CCC(=O)NCCCCCCCCCCCCCCCC,AA_2008,AA_2008,0
-5.118125,-0.366886147,CCCCCCCCCCCCCCCCNC(=O)CCN(CCC(=O)NCCCCCCCCCCCCCCCC)CCN(CCC(=O)NCCCCCCCCCCCCCCCC)CCN(CCC(=O)NCCCCCCCCCCCCCCCC)CCN(CCC(=O)NCCCCCCCCCCCCCCCC)CCC(=O)NCCCCCCCCCCCCCCCC,AA_2008,AA_2008,0
-5.406725,-0.366886147,CCCCCCCCCCCCCCCCNC(=O)CCN(CCC(=O)NCCCCCCCCCCCCCCCC)CCN(CCC(=O)NCCCCCCCCCCCCCCCC)CCC(=O)NCCCCCCCCCCCCCCCC,AA_2008,AA_2008,0
-5.2170568,-0.366886147,CCCCCCCCCCCCCCCCNC(=O)CCN(CCO)CCN(CCC(=O)NCCCCCCCCCCCCCCCC)CCC(=O)NCCCCCCCCCCCCCCCC,AA_2008,AA_2008,0
-5.8148365,-0.366886147,CCCCCCCCCCCCCCCCNC(=O)CCN(CCC(=O)NCCCCCCCCCCCCCCCC)CC(O)CO,AA_2008,AA_2008,0
-6.231927,-0.366886147,CCCCCCCCCCCCCCCCCCNC(=O)CCN(CCCOC)CCC(=O)NCCCCCCCCCCCCCCCCCC,AA_2008,AA_2008,0
-5.046745,-0.366886147,CCCCCCCCCCCCCCCCCCNC(=O)CCN(CCC(=O)NCCCCCCCCCCCCCCCCCC)CCC1OCCO1,AA_2008,AA_2008,0
-6.2977095,-0.366886147,CCCCCCCCCCCCCCCCCCNC(=O)CCN(CCC(=O)NCCCCCCCCCCCCCCCCCC)CC1COC(C)(C)O1,AA_2008,AA_2008,0
-5.3587966,-0.366886147,CCCCCCCCCCCCCCCCCCNC(=O)CCN(CCOC)CCC(=O)NCCCCCCCCCCCCCCCCCC,AA_2008,AA_2008,0
-5.654393,-0.366886147,CCCCCCCCCCCCCCCCCCNC(=O)CCN(CCOCC)CCC(=O)NCCCCCCCCCCCCCCCCCC,AA_2008,AA_2008,0
-6.630474,-0.366886147,CCCCCCCCCCCCCCCCCCNC(=O)CCN(CCC(=O)NCCCCCCCCCCCCCCCCCC)CC(OC)OC,AA_2008,AA_2008,0
-5.805735,-0.366886147,CCCCCCCCCCCCCCCCCCNC(=O)CCN(CCC(=O)NCCCCCCCCCCCCCCCCCC)CC1CCCO1,AA_2008,AA_2008,0
-6.690417,-0.366886147,CCCCCCCCCCCCCCCCCCNC(=O)CCN(CCC(=O)NCCCCCCCCCCCCCCCCCC)CCc1ccc(OC)c(OC)c1,AA_2008,AA_2008,0
-6.0596266,-0.366886147,CCCCCCCCCCCCCCCCCCNC(=O)CCN(CCCO)CCC(=O)NCCCCCCCCCCCCCCCCCC,AA_2008,AA_2008,0
-6.483123,-0.366886147,CCCCCCCCCCCCCCCCCCNC(=O)CCN(CCC(=O)NCCCCCCCCCCCCCCCCCC)CC(C)O,AA_2008,AA_2008,0
-6.483123,-0.366886147,CCCCCCCCCCCCCCCCCCNC(=O)CCN(CCC(=O)NCCCCCCCCCCCCCCCCCC)CC(C)O,AA_2008,AA_2008,0
-6.5282183,-0.366886147,CCCCCCCCCCCCCCCCCCNC(=O)CCN(CCC(=O)NCCCCCCCCCCCCCCCCCC)C(CO)CO,AA_2008,AA_2008,0
-7.363458,-0.366886147,CCCCCCCCCCCCCCCCCCNC(=O)CCN(CCC(=O)NCCCCCCCCCCCCCCCCCC)C(C)(CO)CO,AA_2008,AA_2008,0
-5.7390485,-0.366886147,CCCCCCCCCCCCCCCCCCNC(=O)CCN(CCCCO)CCC(=O)NCCCCCCCCCCCCCCCCCC,AA_2008,AA_2008,0
-6.5237164,-0.366886147,CCCCCCCCCCCCCCCCCCNC(=O)CCN(CCOCCO)CCC(=O)NCCCCCCCCCCCCCCCCCC,AA_2008,AA_2008,0
-5.773309,-0.366886147,CCCCCCCCCCCCCCCCCCNC(=O)CCN(CCCCCO)CCC(=O)NCCCCCCCCCCCCCCCCCC,AA_2008,AA_2008,0
-6.8454547,-0.366886147,CCCCCCCCCCCCCCCCCCNC(=O)CCN(CCC(=O)NCCCCCCCCCCCCCCCCCC)CC(C)(C)CO,AA_2008,AA_2008,0
-6.0816736,-0.366886147,CCCCCCCCCCCCCCCCCCNC(=O)CCN(CCC(=O)NCCCCCCCCCCCCCCCCCC)C(CC)(CO)CO,AA_2008,AA_2008,0
-5.5886254,-0.366886147,CCCCCCCCCCCCCCCCCCNC(=O)CCN(CCCCCCO)CCC(=O)NCCCCCCCCCCCCCCCCCC,AA_2008,AA_2008,0
-5.8418746,-0.366886147,CCCCCCCCCCCCCCCCCCNC(=O)CCN(CCC(=O)NCCCCCCCCCCCCCCCCCC)C1CCC(O)CC1,AA_2008,AA_2008,0
-5.96466,-0.366886147,CCCCCCCCCCCCCCCCCCNC(=O)CCN(C)CCN(C)CCC(=O)NCCCCCCCCCCCCCCCCCC,AA_2008,AA_2008,0
-4.9639807,-0.366886147,CCCCCCCCCCCCCCCCCCNC(=O)CCN(CC)CCN(CC)CCC(=O)NCCCCCCCCCCCCCCCCCC,AA_2008,AA_2008,0
-5.530729,-0.366886147,CCCCCCCCCCCCCCCCCCNC(=O)CCN(CCN(CCC(=O)NCCCCCCCCCCCCCCCCCC)C(C)C)C(C)C,AA_2008,AA_2008,0
-5.712035,-0.366886147,CCCCCCCCCCCCCCCCCCNC(=O)CCN(C)CCCN(C)CCC(=O)NCCCCCCCCCCCCCCCCCC,AA_2008,AA_2008,0
-4.229079,-0.366886147,CCCCCCCCCCCCCCCCCCNC(=O)CCN(CCC(=O)NCCCCCCCCCCCCCCCCCC)CCN1CCCC1,AA_2008,AA_2008,0
-5.340342,-0.366886147,CCCCCCCCCCCCCCCCCCNC(=O)CCN(CCC(=O)NCCCCCCCCCCCCCCCCCC)CCC1CCCN1C,AA_2008,AA_2008,0
-5.488106,-0.366886147,CCCCCCCCCCCCCCCCCCNC(=O)CCN(CCC(=O)NCCCCCCCCCCCCCCCCCC)C(C)CN(C)C,AA_2008,AA_2008,0
-4.099057,-0.366886147,CCCCCCCCCCCCCCCCCCNC(=O)CCN(CCCN(C)C)CCC(=O)NCCCCCCCCCCCCCCCCCC,AA_2008,AA_2008,0
-4.3220305,-0.366886147,CCCCCCCCCCCCCCCCCCNC(=O)CCN(CCCN(CC)CC)CCC(=O)NCCCCCCCCCCCCCCCCCC,AA_2008,AA_2008,0
-5.5629435,-0.366886147,CCCCCCCCCCCCCCCCCCNC(=O)CCN(CCC(=O)NCCCCCCCCCCCCCCCCCC)CCN1CCCCC1,AA_2008,AA_2008,0
-5.8452597,-0.366886147,CCCCCCCCCCCCCCCCCCNC(=O)CCN(CCC(=O)NCCCCCCCCCCCCCCCCCC)CCN(CCO)CCO,AA_2008,AA_2008,0
-4.6640825,-0.366886147,CCCCCCCCCCCCCCCCCCNC(=O)CCN(CCCN(CCO)CCO)CCC(=O)NCCCCCCCCCCCCCCCCCC,AA_2008,AA_2008,0
-5.7484417,-0.366886147,CCCCCCCCCCCCCCCCCCNC(=O)CCN(CCC(=O)NCCCCCCCCCCCCCCCCCC)CCN1CCOCC1,AA_2008,AA_2008,0
-5.5409455,-0.366886147,CCCCCCCCCCCCCCCCCCNC(=O)CCN(CCCN1CCOCC1)CCC(=O)NCCCCCCCCCCCCCCCCCC,AA_2008,AA_2008,0
-6.2048373,-0.366886147,CCCCCCCCCCCCCCCCCCNC(=O)CCN(CCCn1ccnc1)CCC(=O)NCCCCCCCCCCCCCCCCCC,AA_2008,AA_2008,0
-6.851958,-0.366886147,CCCCCCCCCCCCCCCCCCNC(=O)CCN(CCC(=O)NCCCCCCCCCCCCCCCCCC)CCc1c[nH]cn1,AA_2008,AA_2008,0
-5.681942,-0.366886147,CCCCCCCCCCCCCCCCCCNC(=O)CCN(C)CCN(CCC(=O)NCCCCCCCCCCCCCCCCCC)CCC(=O)NCCCCCCCCCCCCCCCCCC,AA_2008,AA_2008,0
-5.4780273,-0.366886147,CCCCCCCCCCCCCCCCCCNC(=O)CCN(C)CCCN(CCC(=O)NCCCCCCCCCCCCCCCCCC)CCC(=O)NCCCCCCCCCCCCCCCCCC,AA_2008,AA_2008,0
-6.165559,-0.366886147,CCCCCCCCCCCCCCCCCCNC(=O)CCN(CCC(=O)NCCCCCCCCCCCCCCCCCC)CCN(CCC(=O)NCCCCCCCCCCCCCCCCCC)CCN(CCC(=O)NCCCCCCCCCCCCCCCCCC)CCN(CCC(=O)NCCCCCCCCCCCCCCCCCC)CCC(=O)NCCCCCCCCCCCCCCCCCC,AA_2008,AA_2008,0
-5.357711,-0.366886147,CCCCCCCCCCCCCCCCCCNC(=O)CCN(CCC(=O)NCCCCCCCCCCCCCCCCCC)CCN(CCC(=O)NCCCCCCCCCCCCCCCCCC)CCC(=O)NCCCCCCCCCCCCCCCCCC,AA_2008,AA_2008,0
-4.132591,-0.366886147,CCCCCCCCCCCCCCCCCCNC(=O)CCN(CCCN(CCC(=O)NCCCCCCCCCCCCCCCCCC)CCC(=O)NCCCCCCCCCCCCCCCCCC)CCC(=O)NCCCCCCCCCCCCCCCCCC,AA_2008,AA_2008,0
-5.852253,-0.366886147,CCCCCCCCCCCCCCCCCCNC(=O)CCN(CCO)CCN(CCO)CCC(=O)NCCCCCCCCCCCCCCCCCC,AA_2008,AA_2008,0
-6.0985017,-0.366886147,CCCCCCCCCCCCCCCCCCNC(=O)CCN(CCO)CCN(CCC(=O)NCCCCCCCCCCCCCCCCCC)CCC(=O)NCCCCCCCCCCCCCCCCCC,AA_2008,AA_2008,0
-6.056194,-1.462011572,CCCCCCOC(=O)CCN(C)CCCCCC,KS_2024,KS_2024,0
-6.215555,-1.376509933,CCCCCCCCN(C)CCC(=O)OCCCCCC,KS_2024,KS_2024,0
-6.4381366,-1.167174957,CCCCCCCCCCCCN(C)CCC(=O)OCCCCCC,KS_2024,KS_2024,0
-6.613748,-0.867166065,CCCCCCCCCCCCCCCCCCN(C)CCC(=O)OCCCCCC,KS_2024,KS_2024,0
-6.1342015,-2.626362155,CCCCCCOC(=O)CCN(CCCC)CCCC,KS_2024,KS_2024,0
-6.1057816,-1.123163626,CCCCCCOC(=O)CCN(CCCCCC)CCCCCC,KS_2024,KS_2024,0
-6.0486956,-0.608213322,CCCCCCCCN(CCCCCCCC)CCC(=O)OCCCCCC,KS_2024,KS_2024,0
-5.7781787,-1.29174978,CCCCCCCCCCN(CCCCCCCCCC)CCC(=O)OCCCCCC,KS_2024,KS_2024,0
-5.1795325,-1.389106785,CCCCCCCCCCCN(CCCCCCCCCCC)CCC(=O)OCCCCCC,KS_2024,KS_2024,0
-5.155544,-1.389106785,CCCCCCCCCCCCN(CCCCCCCCCCCC)CCC(=O)OCCCCCC,KS_2024,KS_2024,0
-6.238223,-1.219174313,CCCCCCCCOC(=O)CCN(C)CCCCCC,KS_2024,KS_2024,0
-6.2448125,-1.007239889,CCCCCCCCOC(=O)CCN(C)CCCCCCCC,KS_2024,KS_2024,0
-6.935673,-1.080578191,CCCCCCCCCCCCN(C)CCC(=O)OCCCCCCCC,KS_2024,KS_2024,0
-5.69852,-0.820904905,CCCCCCCCCCCCCCCCCCN(C)CCC(=O)OCCCCCCCC,KS_2024,KS_2024,0
-5.971107,-0.438312446,CCCCCCCCOC(=O)CCN(CCCC)CCCC,KS_2024,KS_2024,0
-6.3435397,-1.249192447,CCCCCCCCOC(=O)CCN(CCCCCC)CCCCCC,KS_2024,KS_2024,0
-6.339458,-1.108255666,CCCCCCCCOC(=O)CCN(CCCCCCCC)CCCCCCCC,KS_2024,KS_2024,0
-5.3024044,-1.249192447,CCCCCCCCCCN(CCCCCCCCCC)CCC(=O)OCCCCCCCC,KS_2024,KS_2024,0
-5.192084,-1.320683178,CCCCCCCCCCCN(CCCCCCCCCCC)CCC(=O)OCCCCCCCC,KS_2024,KS_2024,0
-4.974348,-1.173182753,CCCCCCCCCCCCN(CCCCCCCCCCCC)CCC(=O)OCCCCCCCC,KS_2024,KS_2024,0
-6.2910995,-1.179318931,CCCCCCCCCCOC(=O)CCN(C)CCCCCC,KS_2024,KS_2024,0
-6.7438607,-0.685692948,CCCCCCCCCCOC(=O)CCN(C)CCCCCCCC,KS_2024,KS_2024,0
-6.4162726,-0.115321571,CCCCCCCCCCCCN(C)CCC(=O)OCCCCCCCCCC,KS_2024,KS_2024,0
-6.134114,-0.248576324,CCCCCCCCCCCCCCCCCCN(C)CCC(=O)OCCCCCCCCCC,KS_2024,KS_2024,0
-6.3343697,-0.574607495,CCCCCCCCCCOC(=O)CCN(CCCC)CCCC,KS_2024,KS_2024,0
-6.4303107,-0.55071178,CCCCCCCCCCOC(=O)CCN(CCCCCC)CCCCCC,KS_2024,KS_2024,0
-5.6825476,-1.007239889,CCCCCCCCCCOC(=O)CCN(CCCCCCCC)CCCCCCCC,KS_2024,KS_2024,0
-5.34524,-0.960213144,CCCCCCCCCCOC(=O)CCN(CCCCCCCCCC)CCCCCCCCCC,KS_2024,KS_2024,0
-5.331697,-1.257214258,CCCCCCCCCCCN(CCCCCCCCCCC)CCC(=O)OCCCCCCCCCC,KS_2024,KS_2024,0
-5.294755,-1.257214258,CCCCCCCCCCCCN(CCCCCCCCCCCC)CCC(=O)OCCCCCCCCCC,KS_2024,KS_2024,0
-6.5195637,-1.198555732,CCCCCCCCCCCCOC(=O)CCN(C)CCCCCC,KS_2024,KS_2024,0
-6.6648407,-1.191999233,CCCCCCCCCCCCOC(=O)CCN(C)CCCCCCCC,KS_2024,KS_2024,0
-6.020682,-1.16129028,CCCCCCCCCCCCOC(=O)CCN(C)CCCCCCCCCCCC,KS_2024,KS_2024,0
-5.571657,-0.461795275,CCCCCCCCCCCCCCCCCCN(C)CCC(=O)OCCCCCCCCCCCC,KS_2024,KS_2024,0
-6.629022,-1.352861829,CCCCCCCCCCCCOC(=O)CCN(CCCC)CCCC,KS_2024,KS_2024,0
-6.4601283,-0.485150347,CCCCCCCCCCCCOC(=O)CCN(CCCCCC)CCCCCC,KS_2024,KS_2024,0
-5.307559,-1.16129028,CCCCCCCCCCCCOC(=O)CCN(CCCCCCCC)CCCCCCCC,KS_2024,KS_2024,0
-5.557482,-1.241388646,CCCCCCCCCCCCOC(=O)CCN(CCCCCCCCCC)CCCCCCCCCC,KS_2024,KS_2024,0
-5.7879314,-1.301074047,CCCCCCCCCCCCOC(=O)CCN(CCCCCCCCCCC)CCCCCCCCCCC,KS_2024,KS_2024,0
-5.8266196,-1.364442519,CCCCCCCCCCCCOC(=O)CCN(CCCCCCCCCCCC)CCCCCCCCCCCC,KS_2024,KS_2024,0
-6.3585196,-1.198555732,CCCCCCCCCCCCCCCCCCOC(=O)CN(C)CCCCCC,KS_2024,KS_2024,0
-5.8105946,-0.542492888,CCCCCCCCCCCCCCCCCCOC(=O)CN(C)CCCCCCCC,KS_2024,KS_2024,0
-5.3390207,-0.174897293,CCCCCCCCCCCCCCCCCCOC(=O)CN(C)CCCCCCCCCCCC,KS_2024,KS_2024,0
-6.662223,-0.081554674,CCCCCCCCCCCCCCCCCCOC(=O)CN(C)CCCCCCCCCCCCCCCCCC,KS_2024,KS_2024,0
-5.7744904,-1.23379132,CCCCCCCCCCCCCCCCCCOC(=O)CN(CCCC)CCCC,KS_2024,KS_2024,0
-5.3120995,-1.23379132,CCCCCCCCCCCCCCCCCCOC(=O)CN(CCCCCC)CCCCCC,KS_2024,KS_2024,0
-6.038507,-0.891146486,CCCCCCCCCCCCCCCCCCOC(=O)CN(CCCCCCCC)CCCCCCCC,KS_2024,KS_2024,0
-6.3594136,-0.865082151,CCCCCCCCCCCCCCCCCCOC(=O)CN(CCCCCCCCCC)CCCCCCCCCC,KS_2024,KS_2024,0
-6.1054916,-1.191999233,CCCCCCCCCCCCCCCCCCOC(=O)CN(CCCCCCCCCCC)CCCCCCCCCCC,KS_2024,KS_2024,0
-6.333521,-1.063505575,CCCCCCCCCCCCCCCCCCOC(=O)CN(CCCCCCCCCCCC)CCCCCCCCCCCC,KS_2024,KS_2024,0
-6.704461,-1.364442519,CCCCCCN(C)CCC(=O)OCCCCOC(=O)CCN(C)CCCCCC,KS_2024,KS_2024,0
-6.5210037,-0.60150166,CCCCCCCCN(C)CCC(=O)OCCCCOC(=O)CCN(C)CCCCCCCC,KS_2024,KS_2024,0
-5.208414,0.584633976,CCCCCCCCCCCCN(C)CCC(=O)OCCCCOC(=O)CCN(C)CCCCCCCCCCCC,KS_2024,KS_2024,1
-5.328824,-0.007072398,CCCCCCCCCCCCCCCCCCN(C)CCC(=O)OCCCCOC(=O)CCN(C)CCCCCCCCCCCCCCCCCC,KS_2024,KS_2024,0
-6.90086,-1.462011572,CCCCN(CCCC)CCC(=O)OCCCCOC(=O)CCN(CCCC)CCCC,KS_2024,KS_2024,0
-5.5026593,-0.35523166,CCCCCCN(CCCCCC)CCC(=O)OCCCCOC(=O)CCN(CCCCCC)CCCCCC,KS_2024,KS_2024,0
-2.6006715,-0.307389947,CCCCCCCCN(CCCCCCCC)CCC(=O)OCCCCOC(=O)CCN(CCCCCCCC)CCCCCCCC,KS_2024,KS_2024,0
-3.9680743,-1.055335402,CCCCCCCCCCN(CCCCCCCCCC)CCC(=O)OCCCCOC(=O)CCN(CCCCCCCCCC)CCCCCCCCCC,KS_2024,KS_2024,0
-4.472082,-0.57085663,CCCCCCCCCCCN(CCCCCCCCCCC)CCC(=O)OCCCCOC(=O)CCN(CCCCCCCCCCC)CCCCCCCCCCC,KS_2024,KS_2024,0
-4.8930154,-1.098730343,CCCCCCCCCCCCN(CCCCCCCCCCCC)CCC(=O)OCCCCOC(=O)CCN(CCCCCCCCCCCC)CCCCCCCCCCCC,KS_2024,KS_2024,0
-6.2220345,-0.615956331,CCCCCCN(C)CCC(=O)OCCOCCOc1ccc(C(C)(C)c2ccc(OCCOCCOC(=O)CCN(C)CCCCCC)cc2)cc1,KS_2024,KS_2024,0
-5.9739475,0.159088654,CCCCCCCCN(C)CCC(=O)OCCOCCOc1ccc(C(C)(C)c2ccc(OCCOCCOC(=O)CCN(C)CCCCCCCC)cc2)cc1,KS_2024,KS_2024,1
-3.6925294,0.458283519,CCCCCCCCCCCCN(C)CCC(=O)OCCOCCOc1ccc(C(C)(C)c2ccc(OCCOCCOC(=O)CCN(C)CCCCCCCCCCCC)cc2)cc1,KS_2024,KS_2024,1
-5.0381193,0.703058464,CCCCCCCCCCCCCCCCCCN(C)CCC(=O)OCCOCCOc1ccc(C(C)(C)c2ccc(OCCOCCOC(=O)CCN(C)CCCCCCCCCCCCCCCCCC)cc2)cc1,KS_2024,KS_2024,1
-4.868671,-1.103453512,CCCCN(CCCC)CCC(=O)OCCOCCOc1ccc(C(C)(C)c2ccc(OCCOCCOC(=O)CCN(CCCC)CCCC)cc2)cc1,KS_2024,KS_2024,0
-4.4893336,0.983441514,CCCCCCN(CCCCCC)CCC(=O)OCCOCCOc1ccc(C(C)(C)c2ccc(OCCOCCOC(=O)CCN(CCCCCC)CCCCCC)cc2)cc1,KS_2024,KS_2024,1
-4.2724004,0.425429442,CCCCCCCCN(CCCCCCCC)CCC(=O)OCCOCCOc1ccc(C(C)(C)c2ccc(OCCOCCOC(=O)CCN(CCCCCCCC)CCCCCCCC)cc2)cc1,KS_2024,KS_2024,1
-4.534305,0.562182851,CCCCCCCCCCN(CCCCCCCCCC)CCC(=O)OCCOCCOc1ccc(C(C)(C)c2ccc(OCCOCCOC(=O)CCN(CCCCCCCCCC)CCCCCCCCCC)cc2)cc1,KS_2024,KS_2024,1
-5.0385995,-0.341495795,CCCCCCCCCCCN(CCCCCCCCCCC)CCC(=O)OCCOCCOc1ccc(C(C)(C)c2ccc(OCCOCCOC(=O)CCN(CCCCCCCCCCC)CCCCCCCCCCC)cc2)cc1,KS_2024,KS_2024,0
-5.631212,-0.62934419,CCCCCCCCCCCCN(CCCCCCCCCCCC)CCC(=O)OCCOCCOc1ccc(C(C)(C)c2ccc(OCCOCCOC(=O)CCN(CCCCCCCCCCCC)CCCCCCCCCCCC)cc2)cc1,KS_2024,KS_2024,0
-6.7963004,0.294541705,CCCCCCN(C)CCC(=O)OCC(O)COc1ccc(C(C)(C)c2ccc(OCC(O)COC(=O)CCN(C)CCCCCC)cc2)cc1,KS_2024,KS_2024,1
-6.4839993,0.79238556,CCCCCCCCN(C)CCC(=O)OCC(O)COc1ccc(C(C)(C)c2ccc(OCC(O)COC(=O)CCN(C)CCCCCCCC)cc2)cc1,KS_2024,KS_2024,1
-4.9839616,1.160819916,CCCCCCCCCCCCN(C)CCC(=O)OCC(O)COc1ccc(C(C)(C)c2ccc(OCC(O)COC(=O)CCN(C)CCCCCCCCCCCC)cc2)cc1,KS_2024,KS_2024,1
-5.914849,1.147807948,CCCCCCCCCCCCCCCCCCN(C)CCC(=O)OCC(O)COc1ccc(C(C)(C)c2ccc(OCC(O)COC(=O)CCN(C)CCCCCCCCCCCCCCCCCC)cc2)cc1,KS_2024,KS_2024,1
-4.34815,0.903365055,CCCCN(CCCC)CCC(=O)OCC(O)COc1ccc(C(C)(C)c2ccc(OCC(O)COC(=O)CCN(CCCC)CCCC)cc2)cc1,KS_2024,KS_2024,1
-3.8030465,1.460641362,CCCCCCN(CCCCCC)CCC(=O)OCC(O)COc1ccc(C(C)(C)c2ccc(OCC(O)COC(=O)CCN(CCCCCC)CCCCCC)cc2)cc1,KS_2024,KS_2024,2
-4.4684377,1.452089388,CCCCCCCCN(CCCCCCCC)CCC(=O)OCC(O)COc1ccc(C(C)(C)c2ccc(OCC(O)COC(=O)CCN(CCCCCCCC)CCCCCCCC)cc2)cc1,KS_2024,KS_2024,1
-4.295892,1.181810944,CCCCCCCCCCN(CCCCCCCCCC)CCC(=O)OCC(O)COc1ccc(C(C)(C)c2ccc(OCC(O)COC(=O)CCN(CCCCCCCCCC)CCCCCCCCCC)cc2)cc1,KS_2024,KS_2024,1
-4.9750576,1.087547689,CCCCCCCCCCCN(CCCCCCCCCCC)CCC(=O)OCC(O)COc1ccc(C(C)(C)c2ccc(OCC(O)COC(=O)CCN(CCCCCCCCCCC)CCCCCCCCCCC)cc2)cc1,KS_2024,KS_2024,1
-5.016333,0.75275002,CCCCCCCCCCCCN(CCCCCCCCCCCC)CCC(=O)OCC(O)COc1ccc(C(C)(C)c2ccc(OCC(O)COC(=O)CCN(CCCCCCCCCCCC)CCCCCCCCCCCC)cc2)cc1,KS_2024,KS_2024,1
-6.31786,0.213535156,CCCCCCN(C)CCC(=O)OCC(CC)(COC(=O)CCN(C)CCCCCC)COC(=O)CCN(C)CCCCCC,KS_2024,KS_2024,1
-4.97868,1.301236203,CCCCCCCCN(C)CCC(=O)OCC(CC)(COC(=O)CCN(C)CCCCCCCC)COC(=O)CCN(C)CCCCCCCC,KS_2024,KS_2024,1
-5.198112,1.182965929,CCCCCCCCCCCCN(C)CCC(=O)OCC(CC)(COC(=O)CCN(C)CCCCCCCCCCCC)COC(=O)CCN(C)CCCCCCCCCCCC,KS_2024,KS_2024,1
-5.312493,1.45777507,CCCCCCCCCCCCCCCCCCN(C)CCC(=O)OCC(CC)(COC(=O)CCN(C)CCCCCCCCCCCCCCCCCC)COC(=O)CCN(C)CCCCCCCCCCCCCCCCCC,KS_2024,KS_2024,2
-5.839991,-0.310654039,CCCCN(CCCC)CCC(=O)OCC(CC)(COC(=O)CCN(CCCC)CCCC)COC(=O)CCN(CCCC)CCCC,KS_2024,KS_2024,0
-4.3762045,0.423195431,CCCCCCN(CCCCCC)CCC(=O)OCC(CC)(COC(=O)CCN(CCCCCC)CCCCCC)COC(=O)CCN(CCCCCC)CCCCCC,KS_2024,KS_2024,1
-3.8343801,0.422575031,CCCCCCCCN(CCCCCCCC)CCC(=O)OCC(CC)(COC(=O)CCN(CCCCCCCC)CCCCCCCC)COC(=O)CCN(CCCCCCCC)CCCCCCCC,KS_2024,KS_2024,1
-4.5803976,0.598403434,CCCCCCCCCCN(CCCCCCCCCC)CCC(=O)OCC(CC)(COC(=O)CCN(CCCCCCCCCC)CCCCCCCCCC)COC(=O)CCN(CCCCCCCCCC)CCCCCCCCCC,KS_2024,KS_2024,1
-4.790465,0.173219723,CCCCCCCCCCCN(CCCCCCCCCCC)CCC(=O)OCC(CC)(COC(=O)CCN(CCCCCCCCCCC)CCCCCCCCCCC)COC(=O)CCN(CCCCCCCCCCC)CCCCCCCCCCC,KS_2024,KS_2024,1
-4.5002704,-0.109194165,CCCCCCCCCCCCN(CCCCCCCCCCCC)CCC(=O)OCC(CC)(COC(=O)CCN(CCCCCCCCCCCC)CCCCCCCCCCCC)COC(=O)CCN(CCCCCCCCCCCC)CCCCCCCCCCCC,KS_2024,KS_2024,0
-6.377404,0.481697168,CCCCCCN(C)CCC(=O)OCC(CO)(COC(=O)CCN(C)CCCCCC)COC(=O)CCN(C)CCCCCC,KS_2024,KS_2024,1
-5.3559456,1.486072756,CCCCCCCCN(C)CCC(=O)OCC(CO)(COC(=O)CCN(C)CCCCCCCC)COC(=O)CCN(C)CCCCCCCC,KS_2024,KS_2024,2
-4.5621495,1.433403855,CCCCCCCCCCCCN(C)CCC(=O)OCC(CO)(COC(=O)CCN(C)CCCCCCCCCCCC)COC(=O)CCN(C)CCCCCCCCCCCC,KS_2024,KS_2024,1
-4.5348864,1.653633934,CCCCCCCCCCCCCCCCCCN(C)CCC(=O)OCC(CO)(COC(=O)CCN(C)CCCCCCCCCCCCCCCCCC)COC(=O)CCN(C)CCCCCCCCCCCCCCCCCC,KS_2024,KS_2024,3
-5.3397474,0.226859087,CCCCN(CCCC)CCC(=O)OCC(CO)(COC(=O)CCN(CCCC)CCCC)COC(=O)CCN(CCCC)CCCC,KS_2024,KS_2024,1
-4.4846106,1.165148743,CCCCCCN(CCCCCC)CCC(=O)OCC(CO)(COC(=O)CCN(CCCCCC)CCCCCC)COC(=O)CCN(CCCCCC)CCCCCC,KS_2024,KS_2024,1
-3.6008596,0.861183989,CCCCCCCCN(CCCCCCCC)CCC(=O)OCC(CO)(COC(=O)CCN(CCCCCCCC)CCCCCCCC)COC(=O)CCN(CCCCCCCC)CCCCCCCC,KS_2024,KS_2024,1
-4.268215,1.071192988,CCCCCCCCCCN(CCCCCCCCCC)CCC(=O)OCC(CO)(COC(=O)CCN(CCCCCCCCCC)CCCCCCCCCC)COC(=O)CCN(CCCCCCCCCC)CCCCCCCCCC,KS_2024,KS_2024,1
-4.700217,0.589151498,CCCCCCCCCCCN(CCCCCCCCCCC)CCC(=O)OCC(CO)(COC(=O)CCN(CCCCCCCCCCC)CCCCCCCCCCC)COC(=O)CCN(CCCCCCCCCCC)CCCCCCCCCCC,KS_2024,KS_2024,1
-5.1296988,0.259169551,CCCCCCCCCCCCN(CCCCCCCCCCCC)CCC(=O)OCC(CO)(COC(=O)CCN(CCCCCCCCCCCC)CCCCCCCCCCCC)COC(=O)CCN(CCCCCCCCCCCC)CCCCCCCCCCCC,KS_2024,KS_2024,1
-5.2841134,1.253488286,CCCCCCN(C)CCC(=O)OCC(COC(=O)CCN(C)CCCCCC)(COC(=O)CCN(C)CCCCCC)COC(=O)CCN(C)CCCCCC,KS_2024,KS_2024,1
-4.027201,1.030679459,CCCCCCCCN(C)CCC(=O)OCC(COC(=O)CCN(C)CCCCCCCC)(COC(=O)CCN(C)CCCCCCCC)COC(=O)CCN(C)CCCCCCCC,KS_2024,KS_2024,1
-3.7701669,1.474995635,CCCCCCCCCCCCN(C)CCC(=O)OCC(COC(=O)CCN(C)CCCCCCCCCCCC)(COC(=O)CCN(C)CCCCCCCCCCCC)COC(=O)CCN(C)CCCCCCCCCCCC,KS_2024,KS_2024,2
-4.8690996,1.536157983,CCCCCCCCCCCCCCCCCCN(C)CCC(=O)OCC(COC(=O)CCN(C)CCCCCCCCCCCCCCCCCC)(COC(=O)CCN(C)CCCCCCCCCCCCCCCCCC)COC(=O)CCN(C)CCCCCCCCCCCCCCCCCC,KS_2024,KS_2024,3
-5.018822,-0.169486171,CCCCN(CCCC)CCC(=O)OCC(COC(=O)CCN(CCCC)CCCC)(COC(=O)CCN(CCCC)CCCC)COC(=O)CCN(CCCC)CCCC,KS_2024,KS_2024,0
-3.3276339,0.513248662,CCCCCCN(CCCCCC)CCC(=O)OCC(COC(=O)CCN(CCCCCC)CCCCCC)(COC(=O)CCN(CCCCCC)CCCCCC)COC(=O)CCN(CCCCCC)CCCCCC,KS_2024,KS_2024,1
-3.3017316,0.72881443,CCCCCCCCN(CCCCCCCC)CCC(=O)OCC(COC(=O)CCN(CCCCCCCC)CCCCCCCC)(COC(=O)CCN(CCCCCCCC)CCCCCCCC)COC(=O)CCN(CCCCCCCC)CCCCCCCC,KS_2024,KS_2024,1
-4.7681394,0.793184883,CCCCCCCCCCN(CCCCCCCCCC)CCC(=O)OCC(COC(=O)CCN(CCCCCCCCCC)CCCCCCCCCC)(COC(=O)CCN(CCCCCCCCCC)CCCCCCCCCC)COC(=O)CCN(CCCCCCCCCC)CCCCCCCCCC,KS_2024,KS_2024,1
-4.450023,0.629433845,CCCCCCCCCCCN(CCCCCCCCCCC)CCC(=O)OCC(COC(=O)CCN(CCCCCCCCCCC)CCCCCCCCCCC)(COC(=O)CCN(CCCCCCCCCCC)CCCCCCCCCCC)COC(=O)CCN(CCCCCCCCCCC)CCCCCCCCCCC,KS_2024,KS_2024,1
-4.4228272,-0.207481555,CCCCCCCCCCCCN(CCCCCCCCCCCC)CCC(=O)OCC(COC(=O)CCN(CCCCCCCCCCCC)CCCCCCCCCCCC)(COC(=O)CCN(CCCCCCCCCCCC)CCCCCCCCCCCC)COC(=O)CCN(CCCCCCCCCCCC)CCCCCCCCCCCC,KS_2024,KS_2024,0
-5.62209,0.982279759,CCCCCCN(C)CCC(=O)OCC(CC)(COCC(CC)(COC(=O)CCN(C)CCCCCC)COC(=O)CCN(C)CCCCCC)COC(=O)CCN(C)CCCCCC,KS_2024,KS_2024,1
-4.083175,1.730091989,CCCCCCCCN(C)CCC(=O)OCC(CC)(COCC(CC)(COC(=O)CCN(C)CCCCCCCC)COC(=O)CCN(C)CCCCCCCC)COC(=O)CCN(C)CCCCCCCC,KS_2024,KS_2024,3
-4.1612387,1.475697775,CCCCCCCCCCCCN(C)CCC(=O)OCC(CC)(COCC(CC)(COC(=O)CCN(C)CCCCCCCCCCCC)COC(=O)CCN(C)CCCCCCCCCCCC)COC(=O)CCN(C)CCCCCCCCCCCC,KS_2024,KS_2024,2
-4.9527707,1.533265322,CCCCCCCCCCCCCCCCCCN(C)CCC(=O)OCC(CC)(COCC(CC)(COC(=O)CCN(C)CCCCCCCCCCCCCCCCCC)COC(=O)CCN(C)CCCCCCCCCCCCCCCCCC)COC(=O)CCN(C)CCCCCCCCCCCCCCCCCC,KS_2024,KS_2024,2
-4.013913,0.537389937,CCCCN(CCCC)CCC(=O)OCC(CC)(COCC(CC)(COC(=O)CCN(CCCC)CCCC)COC(=O)CCN(CCCC)CCCC)COC(=O)CCN(CCCC)CCCC,KS_2024,KS_2024,1
-3.5235634,0.482282197,CCCCCCN(CCCCCC)CCC(=O)OCC(CC)(COCC(CC)(COC(=O)CCN(CCCCCC)CCCCCC)COC(=O)CCN(CCCCCC)CCCCCC)COC(=O)CCN(CCCCCC)CCCCCC,KS_2024,KS_2024,1
-3.3545845,0.293676548,CCCCCCCCN(CCCCCCCC)CCC(=O)OCC(CC)(COCC(CC)(COC(=O)CCN(CCCCCCCC)CCCCCCCC)COC(=O)CCN(CCCCCCCC)CCCCCCCC)COC(=O)CCN(CCCCCCCC)CCCCCCCC,KS_2024,KS_2024,1
-3.3446507,0.345309445,CCCCCCCCCCN(CCCCCCCCCC)CCC(=O)OCC(CC)(COCC(CC)(COC(=O)CCN(CCCCCCCCCC)CCCCCCCCCC)COC(=O)CCN(CCCCCCCCCC)CCCCCCCCCC)COC(=O)CCN(CCCCCCCCCC)CCCCCCCCCC,KS_2024,KS_2024,1
-3.020261,0.546293189,CCCCCCCCCCCN(CCCCCCCCCCC)CCC(=O)OCC(CC)(COCC(CC)(COC(=O)CCN(CCCCCCCCCCC)CCCCCCCCCCC)COC(=O)CCN(CCCCCCCCCCC)CCCCCCCCCCC)COC(=O)CCN(CCCCCCCCCCC)CCCCCCCCCCC,KS_2024,KS_2024,1
-3.7915149,-0.038394893,CCCCCCCCCCCCN(CCCCCCCCCCCC)CCC(=O)OCC(CC)(COCC(CC)(COC(=O)CCN(CCCCCCCCCCCC)CCCCCCCCCCCC)COC(=O)CCN(CCCCCCCCCCCC)CCCCCCCCCCCC)COC(=O)CCN(CCCCCCCCCCCC)CCCCCCCCCCCC,KS_2024,KS_2024,0
-3.8130906,1.146958857,CCCCCCN(C)CCC(=O)OCC(CO)(COCC(COC(=O)CCN(C)CCCCCC)(COC(=O)CCN(C)CCCCCC)COC(=O)CCN(C)CCCCCC)COC(=O)CCN(C)CCCCCC,KS_2024,KS_2024,1
-3.0203187,1.535932075,CCCCCCCCN(C)CCC(=O)OCC(CO)(COCC(COC(=O)CCN(C)CCCCCCCC)(COC(=O)CCN(C)CCCCCCCC)COC(=O)CCN(C)CCCCCCCC)COC(=O)CCN(C)CCCCCCCC,KS_2024,KS_2024,2
-2.9700148,1.561571792,CCCCCCCCCCCCN(C)CCC(=O)OCC(CO)(COCC(COC(=O)CCN(C)CCCCCCCCCCCC)(COC(=O)CCN(C)CCCCCCCCCCCC)COC(=O)CCN(C)CCCCCCCCCCCC)COC(=O)CCN(C)CCCCCCCCCCCC,KS_2024,KS_2024,3
-4.605918,1.289823426,CCCCCCCCCCCCCCCCCCN(C)CCC(=O)OCC(CO)(COCC(COC(=O)CCN(C)CCCCCCCCCCCCCCCCCC)(COC(=O)CCN(C)CCCCCCCCCCCCCCCCCC)COC(=O)CCN(C)CCCCCCCCCCCCCCCCCC)COC(=O)CCN(C)CCCCCCCCCCCCCCCCCC,KS_2024,KS_2024,1
-4.0660405,0.895321832,CCCCN(CCCC)CCC(=O)OCC(CO)(COCC(COC(=O)CCN(CCCC)CCCC)(COC(=O)CCN(CCCC)CCCC)COC(=O)CCN(CCCC)CCCC)COC(=O)CCN(CCCC)CCCC,KS_2024,KS_2024,1
-3.621758,0.522607262,CCCCCCN(CCCCCC)CCC(=O)OCC(CO)(COCC(COC(=O)CCN(CCCCCC)CCCCCC)(COC(=O)CCN(CCCCCC)CCCCCC)COC(=O)CCN(CCCCCC)CCCCCC)COC(=O)CCN(CCCCCC)CCCCCC,KS_2024,KS_2024,1
-2.993252,0.61400565,CCCCCCCCN(CCCCCCCC)CCC(=O)OCC(CO)(COCC(COC(=O)CCN(CCCCCCCC)CCCCCCCC)(COC(=O)CCN(CCCCCCCC)CCCCCCCC)COC(=O)CCN(CCCCCCCC)CCCCCCCC)COC(=O)CCN(CCCCCCCC)CCCCCCCC,KS_2024,KS_2024,1
-3.505543,0.47956423,CCCCCCCCCCN(CCCCCCCCCC)CCC(=O)OCC(CO)(COCC(COC(=O)CCN(CCCCCCCCCC)CCCCCCCCCC)(COC(=O)CCN(CCCCCCCCCC)CCCCCCCCCC)COC(=O)CCN(CCCCCCCCCC)CCCCCCCCCC)COC(=O)CCN(CCCCCCCCCC)CCCCCCCCCC,KS_2024,KS_2024,1
-4.3619103,0.293702247,CCCCCCCCCCCN(CCCCCCCCCCC)CCC(=O)OCC(CO)(COCC(COC(=O)CCN(CCCCCCCCCCC)CCCCCCCCCCC)(COC(=O)CCN(CCCCCCCCCCC)CCCCCCCCCCC)COC(=O)CCN(CCCCCCCCCCC)CCCCCCCCCCC)COC(=O)CCN(CCCCCCCCCCC)CCCCCCCCCCC,KS_2024,KS_2024,1
-5.4609165,0.030956072,CCCCCCCCCCCCN(CCCCCCCCCCCC)CCC(=O)OCC(CO)(COCC(COC(=O)CCN(CCCCCCCCCCCC)CCCCCCCCCCCC)(COC(=O)CCN(CCCCCCCCCCCC)CCCCCCCCCCCC)COC(=O)CCN(CCCCCCCCCCCC)CCCCCCCCCCCC)COC(=O)CCN(CCCCCCCCCCCC)CCCCCCCCCCCC,KS_2024,KS_2024,0
-2.7103918,0.701799064,CCCCCCN(C)CCC(=O)OCC(COCC(COC(=O)CCN(C)CCCCCC)(COC(=O)CCN(C)CCCCCC)COC(=O)CCN(C)CCCCCC)(COC(=O)CCN(C)CCCCCC)COC(=O)CCN(C)CCCCCC,KS_2024,KS_2024,1
-2.2445624,1.707074955,CCCCCCCCN(C)CCC(=O)OCC(COCC(COC(=O)CCN(C)CCCCCCCC)(COC(=O)CCN(C)CCCCCCCC)COC(=O)CCN(C)CCCCCCCC)(COC(=O)CCN(C)CCCCCCCC)COC(=O)CCN(C)CCCCCCCC,KS_2024,KS_2024,3
-3.285135,1.532208977,CCCCCCCCCCCCN(C)CCC(=O)OCC(COCC(COC(=O)CCN(C)CCCCCCCCCCCC)(COC(=O)CCN(C)CCCCCCCCCCCC)COC(=O)CCN(C)CCCCCCCCCCCC)(COC(=O)CCN(C)CCCCCCCCCCCC)COC(=O)CCN(C)CCCCCCCCCCCC,KS_2024,KS_2024,2
-5.185192,1.464277137,CCCCCCCCCCCCCCCCCCN(C)CCC(=O)OCC(COCC(COC(=O)CCN(C)CCCCCCCCCCCCCCCCCC)(COC(=O)CCN(C)CCCCCCCCCCCCCCCCCC)COC(=O)CCN(C)CCCCCCCCCCCCCCCCCC)(COC(=O)CCN(C)CCCCCCCCCCCCCCCCCC)COC(=O)CCN(C)CCCCCCCCCCCCCCCCCC,KS_2024,KS_2024,2
-4.7638493,0.659848212,CCCCN(CCCC)CCC(=O)OCC(COCC(COC(=O)CCN(CCCC)CCCC)(COC(=O)CCN(CCCC)CCCC)COC(=O)CCN(CCCC)CCCC)(COC(=O)CCN(CCCC)CCCC)COC(=O)CCN(CCCC)CCCC,KS_2024,KS_2024,1
-2.8215356,0.563862818,CCCCCCN(CCCCCC)CCC(=O)OCC(COCC(COC(=O)CCN(CCCCCC)CCCCCC)(COC(=O)CCN(CCCCCC)CCCCCC)COC(=O)CCN(CCCCCC)CCCCCC)(COC(=O)CCN(CCCCCC)CCCCCC)COC(=O)CCN(CCCCCC)CCCCCC,KS_2024,KS_2024,1
-3.0469701,0.827510833,CCCCCCCCN(CCCCCCCC)CCC(=O)OCC(COCC(COC(=O)CCN(CCCCCCCC)CCCCCCCC)(COC(=O)CCN(CCCCCCCC)CCCCCCCC)COC(=O)CCN(CCCCCCCC)CCCCCCCC)(COC(=O)CCN(CCCCCCCC)CCCCCCCC)COC(=O)CCN(CCCCCCCC)CCCCCCCC,KS_2024,KS_2024,1
-4.461221,0.439659832,CCCCCCCCCCN(CCCCCCCCCC)CCC(=O)OCC(COCC(COC(=O)CCN(CCCCCCCCCC)CCCCCCCCCC)(COC(=O)CCN(CCCCCCCCCC)CCCCCCCCCC)COC(=O)CCN(CCCCCCCCCC)CCCCCCCCCC)(COC(=O)CCN(CCCCCCCCCC)CCCCCCCCCC)COC(=O)CCN(CCCCCCCCCC)CCCCCCCCCC,KS_2024,KS_2024,1
-4.4355054,0.344433945,CCCCCCCCCCCN(CCCCCCCCCCC)CCC(=O)OCC(COCC(COC(=O)CCN(CCCCCCCCCCC)CCCCCCCCCCC)(COC(=O)CCN(CCCCCCCCCCC)CCCCCCCCCCC)COC(=O)CCN(CCCCCCCCCCC)CCCCCCCCCCC)(COC(=O)CCN(CCCCCCCCCCC)CCCCCCCCCCC)COC(=O)CCN(CCCCCCCCCCC)CCCCCCCCCCC,KS_2024,KS_2024,1
-5.7558303,-0.059616661,CCCCCCCCCCCCN(CCCCCCCCCCCC)CCC(=O)OCC(COCC(COC(=O)CCN(CCCCCCCCCCCC)CCCCCCCCCCCC)(COC(=O)CCN(CCCCCCCCCCCC)CCCCCCCCCCCC)COC(=O)CCN(CCCCCCCCCCCC)CCCCCCCCCCCC)(COC(=O)CCN(CCCCCCCCCCCC)CCCCCCCCCCCC)COC(=O)CCN(CCCCCCCCCCCC)CCCCCCCCCCCC,KS_2024,KS_2024,0
-5.7363567,-1.624121259,CCCCCC(=O)OCC(CC)(COC(=O)CCCCC)COC(=O)CCN(CCCCO)CCC(=O)OCC(CC)(COC(=O)CCCCC)COC(=O)CCCCC,LX_2024_2,LX_2024_2,0
-5.4025064,-0.740906092,CCCCCCC(=O)OCC(CC)(COC(=O)CCCCCC)COC(=O)CCN(CCCCO)CCC(=O)OCC(CC)(COC(=O)CCCCCC)COC(=O)CCCCCC,LX_2024_2,LX_2024_2,0
-6.0276403,-0.008483759,CCCCC(C)C(=O)OCC(CC)(COC(=O)CCN(CCCCO)CCC(=O)OCC(CC)(COC(=O)C(C)CCCC)COC(=O)C(C)CCCC)COC(=O)C(C)CCCC,LX_2024_2,LX_2024_2,0
-4.31057,-1.911345703,CCCCCCCC(=O)OCC(CC)(COC(=O)CCCCCCC)COC(=O)CCN(CCCCO)CCC(=O)OCC(CC)(COC(=O)CCCCCCC)COC(=O)CCCCCCC,LX_2024_2,LX_2024_2,0
-5.071219,-0.252624537,CCCCCC(C)C(=O)OCC(CC)(COC(=O)CCN(CCCCO)CCC(=O)OCC(CC)(COC(=O)C(C)CCCCC)COC(=O)C(C)CCCCC)COC(=O)C(C)CCCCC,LX_2024_2,LX_2024_2,0
-5.5199695,-0.008483759,CCCCC(CC)C(=O)OCC(CC)(COC(=O)CCN(CCCCO)CCC(=O)OCC(CC)(COC(=O)C(CC)CCCC)COC(=O)C(CC)CCCC)COC(=O)C(CC)CCCC,LX_2024_2,LX_2024_2,0
-4.233256,-1.667204925,CCCCCCCCC(=O)OCC(CC)(COC(=O)CCCCCCCC)COC(=O)CCN(CCCCO)CCC(=O)OCC(CC)(COC(=O)CCCCCCCC)COC(=O)CCCCCCCC,LX_2024_2,LX_2024_2,0
-4.688922,0.027419297,CCCCC(C)CCC(=O)OCC(CC)(COC(=O)CCC(C)CCCC)COC(=O)CCN(CCCCO)CCC(=O)OCC(CC)(COC(=O)CCC(C)CCCC)COC(=O)CCC(C)CCCC,LX_2024_2,LX_2024_2,0
-4.010305,-1.408702926,CCCCCCCCCC(=O)OCC(CC)(COC(=O)CCCCCCCCC)COC(=O)CCN(CCCCO)CCC(=O)OCC(CC)(COC(=O)CCCCCCCCC)COC(=O)CCCCCCCCC,LX_2024_2,LX_2024_2,0
-4.641081,-1.257910092,CCCCCC(C)CCC(=O)OCC(CC)(COC(=O)CCC(C)CCCCC)COC(=O)CCN(CCCCO)CCC(=O)OCC(CC)(COC(=O)CCC(C)CCCCC)COC(=O)CCC(C)CCCCC,LX_2024_2,LX_2024_2,0
-4.9207253,-1.300993759,CCCCC(CC)CCC(=O)OCC(CC)(COC(=O)CCC(CC)CCCC)COC(=O)CCN(CCCCO)CCC(=O)OCC(CC)(COC(=O)CCC(CC)CCCC)COC(=O)CCC(CC)CCCC,LX_2024_2,LX_2024_2,0
-5.489534,-0.776809147,CCCCCC(CCC)C(=O)OCC(CC)(COC(=O)CCN(CCCCO)CCC(=O)OCC(CC)(COC(=O)C(CCC)CCCCC)COC(=O)C(CCC)CCCCC)COC(=O)C(CCC)CCCCC,LX_2024_2,LX_2024_2,0
-5.546893,-0.475223482,CCCCC/C=C/CCC(=O)OCC(CC)(COC(=O)CC/C=C/CCCCC)COC(=O)CCN(CCCCO)CCC(=O)OCC(CC)(COC(=O)CC/C=C/CCCCC)COC(=O)CC/C=C/CCCCC,LX_2024_2,LX_2024_2,0
-3.8757217,-1.825178369,CCCCCCCCCCC(=O)OCC(CC)(COC(=O)CCCCCCCCCC)COC(=O)CCN(CCCCO)CCC(=O)OCC(CC)(COC(=O)CCCCCCCCCC)COC(=O)CCCCCCCCCC,LX_2024_2,LX_2024_2,0
-3.4808028,-1.56667637,CCCCCCCCCCCC(=O)OCC(CC)(COC(=O)CCCCCCCCCCC)COC(=O)CCN(CCCCO)CCC(=O)OCC(CC)(COC(=O)CCCCCCCCCCC)COC(=O)CCCCCCCCCCC,LX_2024_2,LX_2024_2,0
-4.465859,-0.202360259,CCCCCC(=O)OCC(CC)(COC(=O)CCCCC)COC(=O)CCN(CCCN1CCN(C)CC1)CCC(=O)OCC(CC)(COC(=O)CCCCC)COC(=O)CCCCC,LX_2024_2,LX_2024_2,0
-3.216186,-0.518307148,CCCCCCC(=O)OCC(CC)(COC(=O)CCCCCC)COC(=O)CCN(CCCN1CCN(C)CC1)CCC(=O)OCC(CC)(COC(=O)CCCCCC)COC(=O)CCCCCC,LX_2024_2,LX_2024_2,0
-4.7057676,-0.740906092,CCCCC(C)C(=O)OCC(CC)(COC(=O)CCN(CCCN1CCN(C)CC1)CCC(=O)OCC(CC)(COC(=O)C(C)CCCC)COC(=O)C(C)CCCC)COC(=O)C(C)CCCC,LX_2024_2,LX_2024_2,0
-2.6643317,1.075788518,CCCCCCCC(=O)OCC(CC)(COC(=O)CCCCCCC)COC(=O)CCN(CCCN1CCN(C)CC1)CCC(=O)OCC(CC)(COC(=O)CCCCCCC)COC(=O)CCCCCCC,LX_2024_2,LX_2024_2,1
-4.0206294,0.05614174,CCCCCC(C)C(=O)OCC(CC)(COC(=O)CCN(CCCN1CCN(C)CC1)CCC(=O)OCC(CC)(COC(=O)C(C)CCCCC)COC(=O)C(C)CCCCC)COC(=O)C(C)CCCCC,LX_2024_2,LX_2024_2,1
-4.5945964,-0.202360259,CCCCC(CC)C(=O)OCC(CC)(COC(=O)CCN(CCCN1CCN(C)CC1)CCC(=O)OCC(CC)(COC(=O)C(CC)CCCC)COC(=O)C(CC)CCCC)COC(=O)C(CC)CCCC,LX_2024_2,LX_2024_2,0
-2.1148634,-0.202360259,CCCCCCCCC(=O)OCC(CC)(COC(=O)CCCCCCCC)COC(=O)CCN(CCCN1CCN(C)CC1)CCC(=O)OCC(CC)(COC(=O)CCCCCCCC)COC(=O)CCCCCCCC,LX_2024_2,LX_2024_2,0
-3.538006,0.364908019,CCCCC(C)CCC(=O)OCC(CC)(COC(=O)CCC(C)CCCC)COC(=O)CCN(CCCN1CCN(C)CC1)CCC(=O)OCC(CC)(COC(=O)CCC(C)CCCC)COC(=O)CCC(C)CCCC,LX_2024_2,LX_2024_2,1
-2.0656512,-0.654738759,CCCCCCCCCC(=O)OCC(CC)(COC(=O)CCCCCCCCC)COC(=O)CCN(CCCN1CCN(C)CC1)CCC(=O)OCC(CC)(COC(=O)CCCCCCCCC)COC(=O)CCCCCCCCC,LX_2024_2,LX_2024_2,0
-3.5833356,-1.064033592,CCCCCC(C)CCC(=O)OCC(CC)(COC(=O)CCC(C)CCCCC)COC(=O)CCN(CCCN1CCN(C)CC1)CCC(=O)OCC(CC)(COC(=O)CCC(C)CCCCC)COC(=O)CCC(C)CCCCC,LX_2024_2,LX_2024_2,0
-4.095617,-1.035311148,CCCCC(CC)CCC(=O)OCC(CC)(COC(=O)CCC(CC)CCCC)COC(=O)CCN(CCCN1CCN(C)CC1)CCC(=O)OCC(CC)(COC(=O)CCC(CC)CCCC)COC(=O)CCC(CC)CCCC,LX_2024_2,LX_2024_2,0
-4.7748775,-0.353153092,CCCCCC(CCC)C(=O)OCC(CC)(COC(=O)CCN(CCCN1CCN(C)CC1)CCC(=O)OCC(CC)(COC(=O)C(CCC)CCCCC)COC(=O)C(CCC)CCCCC)COC(=O)C(CCC)CCCCC,LX_2024_2,LX_2024_2,0
-1.2489296,-0.073109259,CCCCC/C=C/CCC(=O)OCC(CC)(COC(=O)CC/C=C/CCCCC)COC(=O)CCN(CCCN1CCN(C)CC1)CCC(=O)OCC(CC)(COC(=O)CC/C=C/CCCCC)COC(=O)CC/C=C/CCCCC,LX_2024_2,LX_2024_2,0
-2.140757,-1.667204925,CCCCCCCCCCC(=O)OCC(CC)(COC(=O)CCCCCCCCCC)COC(=O)CCN(CCCN1CCN(C)CC1)CCC(=O)OCC(CC)(COC(=O)CCCCCCCCCC)COC(=O)CCCCCCCCCC,LX_2024_2,LX_2024_2,0
-1.4151527,-1.257910092,CCCCCCCCCCCC(=O)OCC(CC)(COC(=O)CCCCCCCCCCC)COC(=O)CCN(CCCN1CCN(C)CC1)CCC(=O)OCC(CC)(COC(=O)CCCCCCCCCCC)COC(=O)CCCCCCCCCCC,LX_2024_2,LX_2024_2,0
-6.0132394,-0.539848981,CCCCCC(=O)OCC(CC)(COC(=O)CCCCC)COC(=O)CCN(CCC(=O)OCC(CC)(COC(=O)CCCCC)COC(=O)CCCCC)CCN1CCOCC1,LX_2024_2,LX_2024_2,0
-5.2295775,-0.030025592,CCCCCCC(=O)OCC(CC)(COC(=O)CCCCCC)COC(=O)CCN(CCC(=O)OCC(CC)(COC(=O)CCCCCC)COC(=O)CCCCCC)CCN1CCOCC1,LX_2024_2,LX_2024_2,0
-5.5170193,0.142309074,CCCCC(C)C(=O)OCC(CC)(COC(=O)CCN(CCC(=O)OCC(CC)(COC(=O)C(C)CCCC)COC(=O)C(C)CCCC)CCN1CCOCC1)COC(=O)C(C)CCCC,LX_2024_2,LX_2024_2,1
-4.740694,-1.667204925,CCCCCCCC(=O)OCC(CC)(COC(=O)CCCCCCC)COC(=O)CCN(CCC(=O)OCC(CC)(COC(=O)CCCCCCC)COC(=O)CCCCCCC)CCN1CCOCC1,LX_2024_2,LX_2024_2,0
-5.2071157,0.522881463,CCCCCC(C)C(=O)OCC(CC)(COC(=O)CCN(CCC(=O)OCC(CC)(COC(=O)C(C)CCCCC)COC(=O)C(C)CCCCC)CCN1CCOCC1)COC(=O)C(C)CCCCC,LX_2024_2,LX_2024_2,1
-5.504892,0.099225408,CCCCC(CC)C(=O)OCC(CC)(COC(=O)CCN(CCC(=O)OCC(CC)(COC(=O)C(CC)CCCC)COC(=O)C(CC)CCCC)CCN1CCOCC1)COC(=O)C(CC)CCCC,LX_2024_2,LX_2024_2,1
-4.0242844,-1.502050869,CCCCCCCCC(=O)OCC(CC)(COC(=O)CCCCCCCC)COC(=O)CCN(CCC(=O)OCC(CC)(COC(=O)CCCCCCCC)COC(=O)CCCCCCCC)CCN1CCOCC1,LX_2024_2,LX_2024_2,0
-4.2430897,0.580326352,CCCCC(C)CCC(=O)OCC(CC)(COC(=O)CCC(C)CCCC)COC(=O)CCN(CCC(=O)OCC(CC)(COC(=O)CCC(C)CCCC)COC(=O)CCC(C)CCCC)CCN1CCOCC1,LX_2024_2,LX_2024_2,1
-2.791433,-1.222007037,CCCCCCCCCC(=O)OCC(CC)(COC(=O)CCCCCCCCC)COC(=O)CCN(CCC(=O)OCC(CC)(COC(=O)CCCCCCCCC)COC(=O)CCCCCCCCC)CCN1CCOCC1,LX_2024_2,LX_2024_2,0
-4.651809,-1.315354981,CCCCCC(C)CCC(=O)OCC(CC)(COC(=O)CCC(C)CCCCC)COC(=O)CCN(CCC(=O)OCC(CC)(COC(=O)CCC(C)CCCCC)COC(=O)CCC(C)CCCCC)CCN1CCOCC1,LX_2024_2,LX_2024_2,0
-4.7766376,-1.171742759,CCCCC(CC)CCC(=O)OCC(CC)(COC(=O)CCC(CC)CCCC)COC(=O)CCN(CCC(=O)OCC(CC)(COC(=O)CCC(CC)CCCC)COC(=O)CCC(CC)CCCC)CCN1CCOCC1,LX_2024_2,LX_2024_2,0
-5.1512523,-0.030025592,CCCCCC(CCC)C(=O)OCC(CC)(COC(=O)CCN(CCC(=O)OCC(CC)(COC(=O)C(CCC)CCCCC)COC(=O)C(CCC)CCCCC)CCN1CCOCC1)COC(=O)C(CCC)CCCCC,LX_2024_2,LX_2024_2,0
-3.8421903,0.192573352,CCCCC/C=C/CCC(=O)OCC(CC)(COC(=O)CC/C=C/CCCCC)COC(=O)CCN(CCC(=O)OCC(CC)(COC(=O)CC/C=C/CCCCC)COC(=O)CC/C=C/CCCCC)CCN1CCOCC1,LX_2024_2,LX_2024_2,1
-2.758917,-0.776809147,CCCCCCCCCCC(=O)OCC(CC)(COC(=O)CCCCCCCCCC)COC(=O)CCN(CCC(=O)OCC(CC)(COC(=O)CCCCCCCCCC)COC(=O)CCCCCCCCCC)CCN1CCOCC1,LX_2024_2,LX_2024_2,0
-2.8636289,-1.825178369,CCCCCCCCCCCC(=O)OCC(CC)(COC(=O)CCCCCCCCCCC)COC(=O)CCN(CCC(=O)OCC(CC)(COC(=O)CCCCCCCCCCC)COC(=O)CCCCCCCCCCC)CCN1CCOCC1,LX_2024_2,LX_2024_2,0
-5.613691,0.522881463,CCCCCC(=O)OCC(CC)(COC(=O)CCCCC)COC(=O)CCN1CCN(CCC(=O)OCC(CC)(COC(=O)CCCCC)COC(=O)CCCCC)CC1,LX_2024_2,LX_2024_2,1
-4.590696,0.264379463,CCCCCCC(=O)OCC(CC)(COC(=O)CCCCCC)COC(=O)CCN1CCN(CCC(=O)OCC(CC)(COC(=O)CCCCCC)COC(=O)CCCCCC)CC1,LX_2024_2,LX_2024_2,1
-5.5476694,0.522881463,CCCCC(C)C(=O)OCC(CC)(COC(=O)CCN1CCN(CCC(=O)OCC(CC)(COC(=O)C(C)CCCC)COC(=O)C(C)CCCC)CC1)COC(=O)C(C)CCCC,LX_2024_2,LX_2024_2,1
-2.70532,-1.746191647,CCCCCCCC(=O)OCC(CC)(COC(=O)CCCCCCC)COC(=O)CCN1CCN(CCC(=O)OCC(CC)(COC(=O)CCCCCCC)COC(=O)CCCCCCC)CC1,LX_2024_2,LX_2024_2,0
-5.114338,0.192573352,CCCCCC(C)C(=O)OCC(CC)(COC(=O)CCN1CCN(CCC(=O)OCC(CC)(COC(=O)C(C)CCCCC)COC(=O)C(C)CCCCC)CC1)COC(=O)C(C)CCCCC,LX_2024_2,LX_2024_2,1
-5.057877,0.300282518,CCCCC(CC)C(=O)OCC(CC)(COC(=O)CCN1CCN(CCC(=O)OCC(CC)(COC(=O)C(CC)CCCC)COC(=O)C(CC)CCCC)CC1)COC(=O)C(CC)CCCC,LX_2024_2,LX_2024_2,1
-2.6285472,-1.56667637,CCCCCCCCC(=O)OCC(CC)(COC(=O)CCCCCCCC)COC(=O)CCN1CCN(CCC(=O)OCC(CC)(COC(=O)CCCCCCCC)COC(=O)CCCCCCCC)CC1,LX_2024_2,LX_2024_2,0
-5.108864,0.522881463,CCCCC(C)CCC(=O)OCC(CC)(COC(=O)CCC(C)CCCC)COC(=O)CCN1CCN(CCC(=O)OCC(CC)(COC(=O)CCC(C)CCCC)COC(=O)CCC(C)CCCC)CC1,LX_2024_2,LX_2024_2,1
-2.5734146,-1.300993759,CCCCCCCCCC(=O)OCC(CC)(COC(=O)CCCCCCCCC)COC(=O)CCN1CCN(CCC(=O)OCC(CC)(COC(=O)CCCCCCCCC)COC(=O)CCCCCCCCC)CC1,LX_2024_2,LX_2024_2,0
-4.726984,-1.099936647,CCCCCC(C)CCC(=O)OCC(CC)(COC(=O)CCC(C)CCCCC)COC(=O)CCN1CCN(CCC(=O)OCC(CC)(COC(=O)CCC(C)CCCCC)COC(=O)CCC(C)CCCCC)CC1,LX_2024_2,LX_2024_2,0
-5.4775567,-1.171742759,CCCCC(CC)CCC(=O)OCC(CC)(COC(=O)CCC(CC)CCCC)COC(=O)CCN1CCN(CCC(=O)OCC(CC)(COC(=O)CCC(CC)CCCC)COC(=O)CCC(CC)CCCC)CC1,LX_2024_2,LX_2024_2,0
-5.997271,0.407991685,CCCCCC(CCC)C(=O)OCC(CC)(COC(=O)CCN1CCN(CCC(=O)OCC(CC)(COC(=O)C(CCC)CCCCC)COC(=O)C(CCC)CCCCC)CC1)COC(=O)C(CCC)CCCCC,LX_2024_2,LX_2024_2,1
-2.7175817,0.285921297,CCCCC/C=C/CCC(=O)OCC(CC)(COC(=O)CC/C=C/CCCCC)COC(=O)CCN1CCN(CCC(=O)OCC(CC)(COC(=O)CC/C=C/CCCCC)COC(=O)CC/C=C/CCCCC)CC1,LX_2024_2,LX_2024_2,1
-2.5483193,-1.56667637,CCCCCCCCCCC(=O)OCC(CC)(COC(=O)CCCCCCCCCC)COC(=O)CCN1CCN(CCC(=O)OCC(CC)(COC(=O)CCCCCCCCCC)COC(=O)CCCCCCCCCC)CC1,LX_2024_2,LX_2024_2,0
-2.6385415,-1.56667637,CCCCCCCCCCCC(=O)OCC(CC)(COC(=O)CCCCCCCCCCC)COC(=O)CCN1CCN(CCC(=O)OCC(CC)(COC(=O)CCCCCCCCCCC)COC(=O)CCCCCCCCCCC)CC1,LX_2024_2,LX_2024_2,0
-4.716496,0.142309074,CCCCCC(=O)OCC(CC)(COC(=O)CCCCC)COC(=O)CCN(CCC(=O)OCC(CC)(COC(=O)CCCCC)COC(=O)CCCCC)N1CCN(C)CC1,LX_2024_2,LX_2024_2,1
-3.3936384,-0.073109259,CCCCCCC(=O)OCC(CC)(COC(=O)CCCCCC)COC(=O)CCN(CCC(=O)OCC(CC)(COC(=O)CCCCCC)COC(=O)CCCCCC)N1CCN(C)CC1,LX_2024_2,LX_2024_2,0
-4.701816,0.099225408,CCCCC(C)C(=O)OCC(CC)(COC(=O)CCN(CCC(=O)OCC(CC)(COC(=O)C(C)CCCC)COC(=O)C(C)CCCC)N1CCN(C)CC1)COC(=O)C(C)CCCC,LX_2024_2,LX_2024_2,1
-2.2426903,-1.329716203,CCCCCCCC(=O)OCC(CC)(COC(=O)CCCCCCC)COC(=O)CCN(CCC(=O)OCC(CC)(COC(=O)CCCCCCC)COC(=O)CCCCCCC)N1CCN(C)CC1,LX_2024_2,LX_2024_2,0
-4.3728743,0.82446713,CCCCCC(C)C(=O)OCC(CC)(COC(=O)CCN(CCC(=O)OCC(CC)(COC(=O)C(C)CCCCC)COC(=O)C(C)CCCCC)N1CCN(C)CC1)COC(=O)C(C)CCCCC,LX_2024_2,LX_2024_2,1
-4.325067,0.522881463,CCCCC(CC)C(=O)OCC(CC)(COC(=O)CCN(CCC(=O)OCC(CC)(COC(=O)C(CC)CCCC)COC(=O)C(CC)CCCC)N1CCN(C)CC1)COC(=O)C(CC)CCCC,LX_2024_2,LX_2024_2,1
-1.6649935,-1.099936647,CCCCCCCCC(=O)OCC(CC)(COC(=O)CCCCCCCC)COC(=O)CCN(CCC(=O)OCC(CC)(COC(=O)CCCCCCCC)COC(=O)CCCCCCCC)N1CCN(C)CC1,LX_2024_2,LX_2024_2,0
-4.0992565,0.788564074,CCCCC(C)CCC(=O)OCC(CC)(COC(=O)CCC(C)CCCC)COC(=O)CCN(CCC(=O)OCC(CC)(COC(=O)CCC(C)CCCC)COC(=O)CCC(C)CCCC)N1CCN(C)CC1,LX_2024_2,LX_2024_2,1
-1.5326786,-1.013769314,CCCCCCCCCC(=O)OCC(CC)(COC(=O)CCCCCCCCC)COC(=O)CCN(CCC(=O)OCC(CC)(COC(=O)CCCCCCCCC)COC(=O)CCCCCCCCC)N1CCN(C)CC1,LX_2024_2,LX_2024_2,0
-3.2954338,-0.783989759,CCCCCC(C)CCC(=O)OCC(CC)(COC(=O)CCC(C)CCCCC)COC(=O)CCN(CCC(=O)OCC(CC)(COC(=O)CCC(C)CCCCC)COC(=O)CCC(C)CCCCC)N1CCN(C)CC1,LX_2024_2,LX_2024_2,0
-4.42327,-1.071214203,CCCCC(CC)CCC(=O)OCC(CC)(COC(=O)CCC(CC)CCCC)COC(=O)CCN(CCC(=O)OCC(CC)(COC(=O)CCC(CC)CCCC)COC(=O)CCC(CC)CCCC)N1CCN(C)CC1,LX_2024_2,LX_2024_2,0
-4.7708664,0.731119185,CCCCCC(CCC)C(=O)OCC(CC)(COC(=O)CCN(CCC(=O)OCC(CC)(COC(=O)C(CCC)CCCCC)COC(=O)C(CCC)CCCCC)N1CCN(C)CC1)COC(=O)C(CCC)CCCCC,LX_2024_2,LX_2024_2,1
-2.0562222,0.027419297,CCCCC/C=C/CCC(=O)OCC(CC)(COC(=O)CC/C=C/CCCCC)COC(=O)CCN(CCC(=O)OCC(CC)(COC(=O)CC/C=C/CCCCC)COC(=O)CC/C=C/CCCCC)N1CCN(C)CC1,LX_2024_2,LX_2024_2,0
-1.8031372,-1.552315147,CCCCCCCCCCC(=O)OCC(CC)(COC(=O)CCCCCCCCCC)COC(=O)CCN(CCC(=O)OCC(CC)(COC(=O)CCCCCCCCCC)COC(=O)CCCCCCCCCC)N1CCN(C)CC1,LX_2024_2,LX_2024_2,0
-2.066792,-1.624121259,CCCCCCCCCCCC(=O)OCC(CC)(COC(=O)CCCCCCCCCCC)COC(=O)CCN(CCC(=O)OCC(CC)(COC(=O)CCCCCCCCCCC)COC(=O)CCCCCCCCCCC)N1CCN(C)CC1,LX_2024_2,LX_2024_2,0
-4.8706803,-0.424959204,CCCCCC(=O)OCC(CC)(COC(=O)CCCCC)COC(=O)CCN(CCC(=O)OCC(CC)(COC(=O)CCCCC)COC(=O)CCCCC)CCN(C)C,LX_2024_2,LX_2024_2,0
-3.8773465,-0.030025592,CCCCCCC(=O)OCC(CC)(COC(=O)CCCCCC)COC(=O)CCN(CCC(=O)OCC(CC)(COC(=O)CCCCCC)COC(=O)CCCCCC)CCN(C)C,LX_2024_2,LX_2024_2,0
-3.828173,-0.331611259,CCCCC(C)C(=O)OCC(CC)(COC(=O)CCN(CCC(=O)OCC(CC)(COC(=O)C(C)CCCC)COC(=O)C(C)CCCC)CCN(C)C)COC(=O)C(C)CCCC,LX_2024_2,LX_2024_2,0
-2.4349854,0.731119185,CCCCCCCC(=O)OCC(CC)(COC(=O)CCCCCCC)COC(=O)CCN(CCC(=O)OCC(CC)(COC(=O)CCCCCCC)COC(=O)CCCCCCC)CCN(C)C,LX_2024_2,LX_2024_2,1
-3.9470944,0.192573352,CCCCCC(C)C(=O)OCC(CC)(COC(=O)CCN(CCC(=O)OCC(CC)(COC(=O)C(C)CCCCC)COC(=O)C(C)CCCCC)CCN(C)C)COC(=O)C(C)CCCCC,LX_2024_2,LX_2024_2,1
-4.170625,-0.202360259,CCCCC(CC)C(=O)OCC(CC)(COC(=O)CCN(CCC(=O)OCC(CC)(COC(=O)C(CC)CCCC)COC(=O)C(CC)CCCC)CCN(C)C)COC(=O)C(CC)CCCC,LX_2024_2,LX_2024_2,0
-2.3661547,0.580326352,CCCCCCCCC(=O)OCC(CC)(COC(=O)CCCCCCCC)COC(=O)CCN(CCC(=O)OCC(CC)(COC(=O)CCCCCCCC)COC(=O)CCCCCCCC)CCN(C)C,LX_2024_2,LX_2024_2,1
-4.2570224,-0.173637815,CCCCC(C)CCC(=O)OCC(CC)(COC(=O)CCC(C)CCCC)COC(=O)CCN(CCC(=O)OCC(CC)(COC(=O)CCC(C)CCCC)COC(=O)CCC(C)CCCC)CCN(C)C,LX_2024_2,LX_2024_2,0
-1.5846615,-1.013769314,CCCCCCCCCC(=O)OCC(CC)(COC(=O)CCCCCCCCC)COC(=O)CCN(CCC(=O)OCC(CC)(COC(=O)CCCCCCCCC)COC(=O)CCCCCCCCC)CCN(C)C,LX_2024_2,LX_2024_2,0
-3.22287,-0.008483759,CCCCCC(C)CCC(=O)OCC(CC)(COC(=O)CCC(C)CCCCC)COC(=O)CCN(CCC(=O)OCC(CC)(COC(=O)CCC(C)CCCCC)COC(=O)CCC(C)CCCCC)CCN(C)C,LX_2024_2,LX_2024_2,0
-3.5412757,-0.331611259,CCCCC(CC)CCC(=O)OCC(CC)(COC(=O)CCC(CC)CCCC)COC(=O)CCN(CCC(=O)OCC(CC)(COC(=O)CCC(CC)CCCC)COC(=O)CCC(CC)CCCC)CCN(C)C,LX_2024_2,LX_2024_2,0
-3.9271357,0.364908019,CCCCCC(CCC)C(=O)OCC(CC)(COC(=O)CCN(CCC(=O)OCC(CC)(COC(=O)C(CCC)CCCCC)COC(=O)C(CCC)CCCCC)CCN(C)C)COC(=O)C(CCC)CCCCC,LX_2024_2,LX_2024_2,1
-3.397248,0.731119185,CCCCC/C=C/CCC(=O)OCC(CC)(COC(=O)CC/C=C/CCCCC)COC(=O)CCN(CCC(=O)OCC(CC)(COC(=O)CC/C=C/CCCCC)COC(=O)CC/C=C/CCCCC)CCN(C)C,LX_2024_2,LX_2024_2,1
-1.4741833,-0.331611259,CCCCCCCCCCC(=O)OCC(CC)(COC(=O)CCCCCCCCCC)COC(=O)CCN(CCC(=O)OCC(CC)(COC(=O)CCCCCCCCCC)COC(=O)CCCCCCCCCC)CCN(C)C,LX_2024_2,LX_2024_2,0
-0.69050837,-0.539848981,CCCCCCCCCCCC(=O)OCC(CC)(COC(=O)CCCCCCCCCCC)COC(=O)CCN(CCC(=O)OCC(CC)(COC(=O)CCCCCCCCCCC)COC(=O)CCCCCCCCCCC)CCN(C)C,LX_2024_2,LX_2024_2,0
-4.4610324,0.522881463,CCCCCC(=O)OCC(CC)(COC(=O)CCCCC)COC(=O)CCN(CCCN(CC)CC)CCC(=O)OCC(CC)(COC(=O)CCCCC)COC(=O)CCCCC,LX_2024_2,LX_2024_2,1
-4.155062,0.407991685,CCCCCCC(=O)OCC(CC)(COC(=O)CCCCCC)COC(=O)CCN(CCCN(CC)CC)CCC(=O)OCC(CC)(COC(=O)CCCCCC)COC(=O)CCCCCC,LX_2024_2,LX_2024_2,1
-4.024128,0.522881463,CCCCC(C)C(=O)OCC(CC)(COC(=O)CCN(CCCN(CC)CC)CCC(=O)OCC(CC)(COC(=O)C(C)CCCC)COC(=O)C(C)CCCC)COC(=O)C(C)CCCC,LX_2024_2,LX_2024_2,1
-4.0929823,1.291206851,CCCCCCCC(=O)OCC(CC)(COC(=O)CCCCCCC)COC(=O)CCN(CCCN(CC)CC)CCC(=O)OCC(CC)(COC(=O)CCCCCCC)COC(=O)CCCCCCC,LX_2024_2,LX_2024_2,1
-3.939186,0.924995685,CCCCCC(C)C(=O)OCC(CC)(COC(=O)CCN(CCCN(CC)CC)CCC(=O)OCC(CC)(COC(=O)C(C)CCCCC)COC(=O)C(C)CCCCC)COC(=O)C(C)CCCCC,LX_2024_2,LX_2024_2,1
-3.656269,0.544423296,CCCCC(CC)C(=O)OCC(CC)(COC(=O)CCN(CCCN(CC)CC)CCC(=O)OCC(CC)(COC(=O)C(CC)CCCC)COC(=O)C(CC)CCCC)COC(=O)C(CC)CCCC,LX_2024_2,LX_2024_2,1
-4.0896883,0.192573352,CCCCCCCCC(=O)OCC(CC)(COC(=O)CCCCCCCC)COC(=O)CCN(CCCN(CC)CC)CCC(=O)OCC(CC)(COC(=O)CCCCCCCC)COC(=O)CCCCCCCC,LX_2024_2,LX_2024_2,1
-4.566659,0.264379463,CCCCC(C)CCC(=O)OCC(CC)(COC(=O)CCC(C)CCCC)COC(=O)CCN(CCCN(CC)CC)CCC(=O)OCC(CC)(COC(=O)CCC(C)CCCC)COC(=O)CCC(C)CCCC,LX_2024_2,LX_2024_2,1
-3.3050337,-1.257910092,CCCCCCCCCC(=O)OCC(CC)(COC(=O)CCCCCCCCC)COC(=O)CCN(CCCN(CC)CC)CCC(=O)OCC(CC)(COC(=O)CCCCCCCCC)COC(=O)CCCCCCCCC,LX_2024_2,LX_2024_2,0
-4.3415174,0.264379463,CCCCCC(C)CCC(=O)OCC(CC)(COC(=O)CCC(C)CCCCC)COC(=O)CCN(CCCN(CC)CC)CCC(=O)OCC(CC)(COC(=O)CCC(C)CCCCC)COC(=O)CCC(C)CCCCC,LX_2024_2,LX_2024_2,1
-3.7576673,0.264379463,CCCCC(CC)CCC(=O)OCC(CC)(COC(=O)CCC(CC)CCCC)COC(=O)CCN(CCCN(CC)CC)CCC(=O)OCC(CC)(COC(=O)CCC(CC)CCCC)COC(=O)CCC(CC)CCCC,LX_2024_2,LX_2024_2,1
-3.3263648,-0.424959204,CCCCCC(CCC)C(=O)OCC(CC)(COC(=O)CCN(CCCN(CC)CC)CCC(=O)OCC(CC)(COC(=O)C(CCC)CCCCC)COC(=O)C(CCC)CCCCC)COC(=O)C(CCC)CCCCC,LX_2024_2,LX_2024_2,0
-2.1029997,0.429533519,CCCCC/C=C/CCC(=O)OCC(CC)(COC(=O)CC/C=C/CCCCC)COC(=O)CCN(CCCN(CC)CC)CCC(=O)OCC(CC)(COC(=O)CC/C=C/CCCCC)COC(=O)CC/C=C/CCCCC,LX_2024_2,LX_2024_2,1
-2.6719651,-0.898879537,CCCCCCCCCCC(=O)OCC(CC)(COC(=O)CCCCCCCCCC)COC(=O)CCN(CCCN(CC)CC)CCC(=O)OCC(CC)(COC(=O)CCCCCCCCCC)COC(=O)CCCCCCCCCC,LX_2024_2,LX_2024_2,0
-2.2602985,-0.101831704,CCCCCCCCCCCC(=O)OCC(CC)(COC(=O)CCCCCCCCCCC)COC(=O)CCN(CCCN(CC)CC)CCC(=O)OCC(CC)(COC(=O)CCCCCCCCCCC)COC(=O)CCCCCCCCCCC,LX_2024_2,LX_2024_2,0
-6.125092,0.82446713,CCCCCC(=O)OCC(CC)(COC(=O)CCCCC)COC(=O)CCN(C)CCN(CC)CC,LX_2024_2,LX_2024_2,1
-6.040342,0.939356907,CCCCCCC(=O)OCC(CC)(COC(=O)CCCCCC)COC(=O)CCN(C)CCN(CC)CC,LX_2024_2,LX_2024_2,1
-5.185976,-0.008483759,CCCCC(C)C(=O)OCC(CC)(COC(=O)CCN(C)CCN(CC)CC)COC(=O)C(C)CCCC,LX_2024_2,LX_2024_2,0
-5.5430303,-0.733725481,CCCCCCCC(=O)OCC(CC)(COC(=O)CCCCCCC)COC(=O)CCN(C)CCN(CC)CC,LX_2024_2,LX_2024_2,0
-5.145425,-0.101831704,CCCCCC(C)C(=O)OCC(CC)(COC(=O)CCN(C)CCN(CC)CC)COC(=O)C(C)CCCCC,LX_2024_2,LX_2024_2,0
-5.415191,0.192573352,CCCCC(CC)C(=O)OCC(CC)(COC(=O)CCN(C)CCN(CC)CC)COC(=O)C(CC)CCCC,LX_2024_2,LX_2024_2,1
-5.051791,-0.539848981,CCCCCCCCC(=O)OCC(CC)(COC(=O)CCCCCCCC)COC(=O)CCN(C)CCN(CC)CC,LX_2024_2,LX_2024_2,0
-4.671713,0.731119185,CCCCC(C)CCC(=O)OCC(CC)(COC(=O)CCC(C)CCCC)COC(=O)CCN(C)CCN(CC)CC,LX_2024_2,LX_2024_2,1
-4.7357345,-1.013769314,CCCCCCCCCC(=O)OCC(CC)(COC(=O)CCCCCCCCC)COC(=O)CCN(C)CCN(CC)CC,LX_2024_2,LX_2024_2,0
-4.205175,0.192573352,CCCCCC(C)CCC(=O)OCC(CC)(COC(=O)CCC(C)CCCCC)COC(=O)CCN(C)CCN(CC)CC,LX_2024_2,LX_2024_2,1
-4.8115587,-0.475223482,CCCCC(CC)CCC(=O)OCC(CC)(COC(=O)CCC(CC)CCCC)COC(=O)CCN(C)CCN(CC)CC,LX_2024_2,LX_2024_2,0
-5.5770125,0.099225408,CCCCCC(CCC)C(=O)OCC(CC)(COC(=O)CCN(C)CCN(CC)CC)COC(=O)C(CCC)CCCCC,LX_2024_2,LX_2024_2,1
-4.385905,0.05614174,CCCCC/C=C/CCC(=O)OCC(CC)(COC(=O)CC/C=C/CCCCC)COC(=O)CCN(C)CCN(CC)CC,LX_2024_2,LX_2024_2,1
-4.3567557,-0.783989759,CCCCCCCCCCC(=O)OCC(CC)(COC(=O)CCCCCCCCCC)COC(=O)CCN(C)CCN(CC)CC,LX_2024_2,LX_2024_2,0
-3.6457794,-0.654738759,CCCCCCCCCCCC(=O)OCC(CC)(COC(=O)CCCCCCCCCCC)COC(=O)CCN(C)CCN(CC)CC,LX_2024_2,LX_2024_2,0
-4.4438066,0.264379463,CCCCCC(=O)OCC(CC)(COC(=O)CCCCC)COC(=O)CCN(C)CCN(C)CCC(=O)OCC(CC)(COC(=O)CCCCC)COC(=O)CCCCC,LX_2024_2,LX_2024_2,1
-3.8723407,0.82446713,CCCCCCC(=O)OCC(CC)(COC(=O)CCCCCC)COC(=O)CCN(C)CCN(C)CCC(=O)OCC(CC)(COC(=O)CCCCCC)COC(=O)CCCCCC,LX_2024_2,LX_2024_2,1
-4.274442,0.142309074,CCCCC(C)C(=O)OCC(CC)(COC(=O)CCN(C)CCN(C)CCC(=O)OCC(CC)(COC(=O)C(C)CCCC)COC(=O)C(C)CCCC)COC(=O)C(C)CCCC,LX_2024_2,LX_2024_2,1
-2.8329048,-0.288527593,CCCCCCCC(=O)OCC(CC)(COC(=O)CCCCCCC)COC(=O)CCN(C)CCN(C)CCC(=O)OCC(CC)(COC(=O)CCCCCCC)COC(=O)CCCCCCC,LX_2024_2,LX_2024_2,0
-3.5754077,0.924995685,CCCCCC(C)C(=O)OCC(CC)(COC(=O)CCN(C)CCN(C)CCC(=O)OCC(CC)(COC(=O)C(C)CCCCC)COC(=O)C(C)CCCCC)COC(=O)C(C)CCCCC,LX_2024_2,LX_2024_2,1
-3.6312218,0.731119185,CCCCC(CC)C(=O)OCC(CC)(COC(=O)CCN(C)CCN(C)CCC(=O)OCC(CC)(COC(=O)C(CC)CCCC)COC(=O)C(CC)CCCC)COC(=O)C(CC)CCCC,LX_2024_2,LX_2024_2,1
-2.4715993,0.285921297,CCCCCCCCC(=O)OCC(CC)(COC(=O)CCCCCCCC)COC(=O)CCN(C)CCN(C)CCC(=O)OCC(CC)(COC(=O)CCCCCCCC)COC(=O)CCCCCCCC,LX_2024_2,LX_2024_2,1
-4.045401,0.264379463,CCCCC(C)CCC(=O)OCC(CC)(COC(=O)CCC(C)CCCC)COC(=O)CCN(C)CCN(C)CCC(=O)OCC(CC)(COC(=O)CCC(C)CCCC)COC(=O)CCC(C)CCCC,LX_2024_2,LX_2024_2,1
-1.4372905,-0.539848981,CCCCCCCCCC(=O)OCC(CC)(COC(=O)CCCCCCCCC)COC(=O)CCN(C)CCN(C)CCC(=O)OCC(CC)(COC(=O)CCCCCCCCC)COC(=O)CCCCCCCCC,LX_2024_2,LX_2024_2,0
-3.7029862,1.061427296,CCCCCC(C)CCC(=O)OCC(CC)(COC(=O)CCC(C)CCCCC)COC(=O)CCN(C)CCN(C)CCC(=O)OCC(CC)(COC(=O)CCC(C)CCCCC)COC(=O)CCC(C)CCCCC,LX_2024_2,LX_2024_2,1
-3.9911313,-0.008483759,CCCCC(CC)CCC(=O)OCC(CC)(COC(=O)CCC(CC)CCCC)COC(=O)CCN(C)CCN(C)CCC(=O)OCC(CC)(COC(=O)CCC(CC)CCCC)COC(=O)CCC(CC)CCCC,LX_2024_2,LX_2024_2,0
-3.5346973,0.429533519,CCCCCC(CCC)C(=O)OCC(CC)(COC(=O)CCN(C)CCN(C)CCC(=O)OCC(CC)(COC(=O)C(CCC)CCCCC)COC(=O)C(CCC)CCCCC)COC(=O)C(CCC)CCCCC,LX_2024_2,LX_2024_2,1
-2.5342646,-0.424959204,CCCCC/C=C/CCC(=O)OCC(CC)(COC(=O)CC/C=C/CCCCC)COC(=O)CCN(C)CCN(C)CCC(=O)OCC(CC)(COC(=O)CC/C=C/CCCCC)COC(=O)CC/C=C/CCCCC,LX_2024_2,LX_2024_2,0
-1.4209728,-0.202360259,CCCCCCCCCCC(=O)OCC(CC)(COC(=O)CCCCCCCCCC)COC(=O)CCN(C)CCN(C)CCC(=O)OCC(CC)(COC(=O)CCCCCCCCCC)COC(=O)CCCCCCCCCC,LX_2024_2,LX_2024_2,0
-1.4520156,-0.331611259,CCCCCCCCCCCC(=O)OCC(CC)(COC(=O)CCCCCCCCCCC)COC(=O)CCN(C)CCN(C)CCC(=O)OCC(CC)(COC(=O)CCCCCCCCCCC)COC(=O)CCCCCCCCCCC,LX_2024_2,LX_2024_2,0
-5.2061663,0.522881463,CCCCCC(=O)OCC(CC)(COC(=O)CCCCC)COC(=O)CCN(C)CCCN(C)CCC(=O)OCC(CC)(COC(=O)CCCCC)COC(=O)CCCCC,LX_2024_2,LX_2024_2,1
-4.6328897,0.142309074,CCCCCCC(=O)OCC(CC)(COC(=O)CCCCCC)COC(=O)CCN(C)CCCN(C)CCC(=O)OCC(CC)(COC(=O)CCCCCC)COC(=O)CCCCCC,LX_2024_2,LX_2024_2,1
-4.488073,0.881912019,CCCCC(C)C(=O)OCC(CC)(COC(=O)CCN(C)CCCN(C)CCC(=O)OCC(CC)(COC(=O)C(C)CCCC)COC(=O)C(C)CCCC)COC(=O)C(C)CCCC,LX_2024_2,LX_2024_2,1
-4.3077755,-1.56667637,CCCCCCCC(=O)OCC(CC)(COC(=O)CCCCCCC)COC(=O)CCN(C)CCCN(C)CCC(=O)OCC(CC)(COC(=O)CCCCCCC)COC(=O)CCCCCCC,LX_2024_2,LX_2024_2,0
-4.310359,0.364908019,CCCCCC(C)C(=O)OCC(CC)(COC(=O)CCN(C)CCCN(C)CCC(=O)OCC(CC)(COC(=O)C(C)CCCCC)COC(=O)C(C)CCCCC)COC(=O)C(C)CCCCC,LX_2024_2,LX_2024_2,1
-4.1332154,0.027419297,CCCCC(CC)C(=O)OCC(CC)(COC(=O)CCN(C)CCCN(C)CCC(=O)OCC(CC)(COC(=O)C(CC)CCCC)COC(=O)C(CC)CCCC)COC(=O)C(CC)CCCC,LX_2024_2,LX_2024_2,0
-3.686126,-1.624121259,CCCCCCCCC(=O)OCC(CC)(COC(=O)CCCCCCCC)COC(=O)CCN(C)CCCN(C)CCC(=O)OCC(CC)(COC(=O)CCCCCCCC)COC(=O)CCCCCCCC,LX_2024_2,LX_2024_2,0
-5.260214,-0.331611259,CCCCC(C)CCC(=O)OCC(CC)(COC(=O)CCC(C)CCCC)COC(=O)CCN(C)CCCN(C)CCC(=O)OCC(CC)(COC(=O)CCC(C)CCCC)COC(=O)CCC(C)CCCC,LX_2024_2,LX_2024_2,0
-2.6611128,-1.480509036,CCCCCCCCCC(=O)OCC(CC)(COC(=O)CCCCCCCCC)COC(=O)CCN(C)CCCN(C)CCC(=O)OCC(CC)(COC(=O)CCCCCCCCC)COC(=O)CCCCCCCCC,LX_2024_2,LX_2024_2,0
-4.050518,-1.171742759,CCCCCC(C)CCC(=O)OCC(CC)(COC(=O)CCC(C)CCCCC)COC(=O)CCN(C)CCCN(C)CCC(=O)OCC(CC)(COC(=O)CCC(C)CCCCC)COC(=O)CCC(C)CCCCC,LX_2024_2,LX_2024_2,0
-4.6370277,-1.552315147,CCCCC(CC)CCC(=O)OCC(CC)(COC(=O)CCC(CC)CCCC)COC(=O)CCN(C)CCCN(C)CCC(=O)OCC(CC)(COC(=O)CCC(CC)CCCC)COC(=O)CCC(CC)CCCC,LX_2024_2,LX_2024_2,0
-4.2960825,0.580326352,CCCCCC(CCC)C(=O)OCC(CC)(COC(=O)CCN(C)CCCN(C)CCC(=O)OCC(CC)(COC(=O)C(CCC)CCCCC)COC(=O)C(CCC)CCCCC)COC(=O)C(CCC)CCCCC,LX_2024_2,LX_2024_2,1
-3.0330606,0.264379463,CCCCC/C=C/CCC(=O)OCC(CC)(COC(=O)CC/C=C/CCCCC)COC(=O)CCN(C)CCCN(C)CCC(=O)OCC(CC)(COC(=O)CC/C=C/CCCCC)COC(=O)CC/C=C/CCCCC,LX_2024_2,LX_2024_2,1
-2.442745,-1.789275313,CCCCCCCCCCC(=O)OCC(CC)(COC(=O)CCCCCCCCCC)COC(=O)CCN(C)CCCN(C)CCC(=O)OCC(CC)(COC(=O)CCCCCCCCCC)COC(=O)CCCCCCCCCC,LX_2024_2,LX_2024_2,0
-2.0714142,-1.43742537,CCCCCCCCCCCC(=O)OCC(CC)(COC(=O)CCCCCCCCCCC)COC(=O)CCN(C)CCCN(C)CCC(=O)OCC(CC)(COC(=O)CCCCCCCCCCC)COC(=O)CCCCCCCCCCC,LX_2024_2,LX_2024_2,0
-4.2992353,0.142309074,CCCCCC(=O)OCC(CC)(COC(=O)CCCCC)COC(=O)CCN(CC)CCN(CC)CCC(=O)OCC(CC)(COC(=O)CCCCC)COC(=O)CCCCC,LX_2024_2,LX_2024_2,1
-4.31073,0.364908019,CCCCCCC(=O)OCC(CC)(COC(=O)CCCCCC)COC(=O)CCN(CC)CCN(CC)CCC(=O)OCC(CC)(COC(=O)CCCCCC)COC(=O)CCCCCC,LX_2024_2,LX_2024_2,1
-4.3037667,0.522881463,CCCCC(C)C(=O)OCC(CC)(COC(=O)CCN(CC)CCN(CC)CCC(=O)OCC(CC)(COC(=O)C(C)CCCC)COC(=O)C(C)CCCC)COC(=O)C(C)CCCC,LX_2024_2,LX_2024_2,1
-3.7146816,-1.667204925,CCCCCCCC(=O)OCC(CC)(COC(=O)CCCCCCC)COC(=O)CCN(CC)CCN(CC)CCC(=O)OCC(CC)(COC(=O)CCCCCCC)COC(=O)CCCCCCC,LX_2024_2,LX_2024_2,0
-4.510543,-0.030025592,CCCCCC(C)C(=O)OCC(CC)(COC(=O)CCN(CC)CCN(CC)CCC(=O)OCC(CC)(COC(=O)C(C)CCCCC)COC(=O)C(C)CCCCC)COC(=O)C(C)CCCCC,LX_2024_2,LX_2024_2,0
-4.2513804,0.924995685,CCCCC(CC)C(=O)OCC(CC)(COC(=O)CCN(CC)CCN(CC)CCC(=O)OCC(CC)(COC(=O)C(CC)CCCC)COC(=O)C(CC)CCCC)COC(=O)C(CC)CCCC,LX_2024_2,LX_2024_2,1
-3.0963595,-1.89698448,CCCCCCCCC(=O)OCC(CC)(COC(=O)CCCCCCCC)COC(=O)CCN(CC)CCN(CC)CCC(=O)OCC(CC)(COC(=O)CCCCCCCC)COC(=O)CCCCCCCC,LX_2024_2,LX_2024_2,0
-4.631434,0.05614174,CCCCC(C)CCC(=O)OCC(CC)(COC(=O)CCC(C)CCCC)COC(=O)CCN(CC)CCN(CC)CCC(=O)OCC(CC)(COC(=O)CCC(C)CCCC)COC(=O)CCC(C)CCCC,LX_2024_2,LX_2024_2,1
-2.7050116,-1.222007037,CCCCCCCCCC(=O)OCC(CC)(COC(=O)CCCCCCCCC)COC(=O)CCN(CC)CCN(CC)CCC(=O)OCC(CC)(COC(=O)CCCCCCCCC)COC(=O)CCCCCCCCC,LX_2024_2,LX_2024_2,0
-3.9518664,-0.898879537,CCCCCC(C)CCC(=O)OCC(CC)(COC(=O)CCC(C)CCCCC)COC(=O)CCN(CC)CCN(CC)CCC(=O)OCC(CC)(COC(=O)CCC(C)CCCCC)COC(=O)CCC(C)CCCCC,LX_2024_2,LX_2024_2,0
-3.6128528,-1.480509036,CCCCC(CC)CCC(=O)OCC(CC)(COC(=O)CCC(CC)CCCC)COC(=O)CCN(CC)CCN(CC)CCC(=O)OCC(CC)(COC(=O)CCC(CC)CCCC)COC(=O)CCC(CC)CCCC,LX_2024_2,LX_2024_2,0
-3.8023956,0.142309074,CCCCCC(CCC)C(=O)OCC(CC)(COC(=O)CCN(CC)CCN(CC)CCC(=O)OCC(CC)(COC(=O)C(CCC)CCCCC)COC(=O)C(CCC)CCCCC)COC(=O)C(CCC)CCCCC,LX_2024_2,LX_2024_2,1
-1.7331407,0.82446713,CCCCC/C=C/CCC(=O)OCC(CC)(COC(=O)CC/C=C/CCCCC)COC(=O)CCN(CC)CCN(CC)CCC(=O)OCC(CC)(COC(=O)CC/C=C/CCCCC)COC(=O)CC/C=C/CCCCC,LX_2024_2,LX_2024_2,1
-2.4764175,-1.624121259,CCCCCCCCCCC(=O)OCC(CC)(COC(=O)CCCCCCCCCC)COC(=O)CCN(CC)CCN(CC)CCC(=O)OCC(CC)(COC(=O)CCCCCCCCCC)COC(=O)CCCCCCCCCC,LX_2024_2,LX_2024_2,0
-2.3702466,-1.408702926,CCCCCCCCCCCC(=O)OCC(CC)(COC(=O)CCCCCCCCCCC)COC(=O)CCN(CC)CCN(CC)CCC(=O)OCC(CC)(COC(=O)CCCCCCCCCCC)COC(=O)CCCCCCCCCCC,LX_2024_2,LX_2024_2,0
-4.525792,0.522881463,CCCCCC(=O)OCC(CC)(COC(=O)CCCCC)COC(=O)CCN(CCC(=O)OCC(CC)(COC(=O)CCCCC)COC(=O)CCCCC)CCN1CCCC1,LX_2024_2,LX_2024_2,1
-3.322732,0.939356907,CCCCCCC(=O)OCC(CC)(COC(=O)CCCCCC)COC(=O)CCN(CCC(=O)OCC(CC)(COC(=O)CCCCCC)COC(=O)CCCCCC)CCN1CCCC1,LX_2024_2,LX_2024_2,1
-3.8386002,-0.202360259,CCCCC(C)C(=O)OCC(CC)(COC(=O)CCN(CCC(=O)OCC(CC)(COC(=O)C(C)CCCC)COC(=O)C(C)CCCC)CCN1CCCC1)COC(=O)C(C)CCCC,LX_2024_2,LX_2024_2,0
-2.241515,1.075788518,CCCCCCCC(=O)OCC(CC)(COC(=O)CCCCCCC)COC(=O)CCN(CCC(=O)OCC(CC)(COC(=O)CCCCCCC)COC(=O)CCCCCCC)CCN1CCCC1,LX_2024_2,LX_2024_2,1
-4.077851,0.544423296,CCCCCC(C)C(=O)OCC(CC)(COC(=O)CCN(CCC(=O)OCC(CC)(COC(=O)C(C)CCCCC)COC(=O)C(C)CCCCC)CCN1CCCC1)COC(=O)C(C)CCCCC,LX_2024_2,LX_2024_2,1
-4.5935707,0.788564074,CCCCC(CC)C(=O)OCC(CC)(COC(=O)CCN(CCC(=O)OCC(CC)(COC(=O)C(CC)CCCC)COC(=O)C(CC)CCCC)CCN1CCCC1)COC(=O)C(CC)CCCC,LX_2024_2,LX_2024_2,1
-2.0403962,-0.353153092,CCCCCCCCC(=O)OCC(CC)(COC(=O)CCCCCCCC)COC(=O)CCN(CCC(=O)OCC(CC)(COC(=O)CCCCCCCC)COC(=O)CCCCCCCC)CCN1CCCC1,LX_2024_2,LX_2024_2,0
-3.3494668,0.099225408,CCCCC(C)CCC(=O)OCC(CC)(COC(=O)CCC(C)CCCC)COC(=O)CCN(CCC(=O)OCC(CC)(COC(=O)CCC(C)CCCC)COC(=O)CCC(C)CCCC)CCN1CCCC1,LX_2024_2,LX_2024_2,1
-1.6093991,-0.424959204,CCCCCCCCCC(=O)OCC(CC)(COC(=O)CCCCCCCCC)COC(=O)CCN(CCC(=O)OCC(CC)(COC(=O)CCCCCCCCC)COC(=O)CCCCCCCCC)CCN1CCCC1,LX_2024_2,LX_2024_2,0
-3.708202,-0.173637815,CCCCCC(C)CCC(=O)OCC(CC)(COC(=O)CCC(C)CCCCC)COC(=O)CCN(CCC(=O)OCC(CC)(COC(=O)CCC(C)CCCCC)COC(=O)CCC(C)CCCCC)CCN1CCCC1,LX_2024_2,LX_2024_2,0
-3.681229,-0.202360259,CCCCC(CC)CCC(=O)OCC(CC)(COC(=O)CCC(CC)CCCC)COC(=O)CCN(CCC(=O)OCC(CC)(COC(=O)CCC(CC)CCCC)COC(=O)CCC(CC)CCCC)CCN1CCCC1,LX_2024_2,LX_2024_2,0
-3.8523295,0.05614174,CCCCCC(CCC)C(=O)OCC(CC)(COC(=O)CCN(CCC(=O)OCC(CC)(COC(=O)C(CCC)CCCCC)COC(=O)C(CCC)CCCCC)CCN1CCCC1)COC(=O)C(CCC)CCCCC,LX_2024_2,LX_2024_2,1
-1.6449455,0.192573352,CCCCC/C=C/CCC(=O)OCC(CC)(COC(=O)CC/C=C/CCCCC)COC(=O)CCN(CCC(=O)OCC(CC)(COC(=O)CC/C=C/CCCCC)COC(=O)CC/C=C/CCCCC)CCN1CCCC1,LX_2024_2,LX_2024_2,1
-1.7300049,-0.898879537,CCCCCCCCCCC(=O)OCC(CC)(COC(=O)CCCCCCCCCC)COC(=O)CCN(CCC(=O)OCC(CC)(COC(=O)CCCCCCCCCC)COC(=O)CCCCCCCCCC)CCN1CCCC1,LX_2024_2,LX_2024_2,0
-1.8493603,-0.008483759,CCCCCCCCCCCC(=O)OCC(CC)(COC(=O)CCCCCCCCCCC)COC(=O)CCN(CCC(=O)OCC(CC)(COC(=O)CCCCCCCCCCC)COC(=O)CCCCCCCCCCC)CCN1CCCC1,LX_2024_2,LX_2024_2,0
-4.050118,-1.89698448,CCCCCC(=O)OCC(CC)(COC(=O)CCCCC)COC(=O)CCN(CCC(=O)OCC(CC)(COC(=O)CCCCC)COC(=O)CCCCC)CCC1CCCN1C,LX_2024_2,LX_2024_2,0
-1.9378704,-1.071214203,CCCCCCC(=O)OCC(CC)(COC(=O)CCCCCC)COC(=O)CCN(CCC(=O)OCC(CC)(COC(=O)CCCCCC)COC(=O)CCCCCC)CCC1CCCN1C,LX_2024_2,LX_2024_2,0
-3.9180148,-2.054957926,CCCCC(C)C(=O)OCC(CC)(COC(=O)CCN(CCC(=O)OCC(CC)(COC(=O)C(C)CCCC)COC(=O)C(C)CCCC)CCC1CCCN1C)COC(=O)C(C)CCCC,LX_2024_2,LX_2024_2,0
-1.9368728,1.190678296,CCCCCCCC(=O)OCC(CC)(COC(=O)CCCCCCC)COC(=O)CCN(CCC(=O)OCC(CC)(COC(=O)CCCCCCC)COC(=O)CCCCCCC)CCC1CCCN1C,LX_2024_2,LX_2024_2,1
-3.5287995,0.666493686,CCCCCC(C)C(=O)OCC(CC)(COC(=O)CCN(CCC(=O)OCC(CC)(COC(=O)C(C)CCCCC)COC(=O)C(C)CCCCC)CCC1CCCN1C)COC(=O)C(C)CCCCC,LX_2024_2,LX_2024_2,1
-4.402564,-0.202360259,CCCCC(CC)C(=O)OCC(CC)(COC(=O)CCN(CCC(=O)OCC(CC)(COC(=O)C(CC)CCCC)COC(=O)C(CC)CCCC)CCC1CCCN1C)COC(=O)C(CC)CCCC,LX_2024_2,LX_2024_2,0
-1.3683187,-0.353153092,CCCCCCCCC(=O)OCC(CC)(COC(=O)CCCCCCCC)COC(=O)CCN(CCC(=O)OCC(CC)(COC(=O)CCCCCCCC)COC(=O)CCCCCCCC)CCC1CCCN1C,LX_2024_2,LX_2024_2,0
-3.1326017,-0.783989759,CCCCC(C)CCC(=O)OCC(CC)(COC(=O)CCC(C)CCCC)COC(=O)CCN(CCC(=O)OCC(CC)(COC(=O)CCC(C)CCCC)COC(=O)CCC(C)CCCC)CCC1CCCN1C,LX_2024_2,LX_2024_2,0
-1.3637497,0.479797797,CCCCCCCCCC(=O)OCC(CC)(COC(=O)CCCCCCCCC)COC(=O)CCN(CCC(=O)OCC(CC)(COC(=O)CCCCCCCCC)COC(=O)CCCCCCCCC)CCC1CCCN1C,LX_2024_2,LX_2024_2,1
-2.7677991,-0.173637815,CCCCCC(C)CCC(=O)OCC(CC)(COC(=O)CCC(C)CCCCC)COC(=O)CCN(CCC(=O)OCC(CC)(COC(=O)CCC(C)CCCCC)COC(=O)CCC(C)CCCCC)CCC1CCCN1C,LX_2024_2,LX_2024_2,0
-3.86879,-0.202360259,CCCCC(CC)CCC(=O)OCC(CC)(COC(=O)CCC(CC)CCCC)COC(=O)CCN(CCC(=O)OCC(CC)(COC(=O)CCC(CC)CCCC)COC(=O)CCC(CC)CCCC)CCC1CCCN1C,LX_2024_2,LX_2024_2,0
-4.3147173,-0.654738759,CCCCCC(CCC)C(=O)OCC(CC)(COC(=O)CCN(CCC(=O)OCC(CC)(COC(=O)C(CCC)CCCCC)COC(=O)C(CCC)CCCCC)CCC1CCCN1C)COC(=O)C(CCC)CCCCC,LX_2024_2,LX_2024_2,0
-1.8048394,0.099225408,CCCCC/C=C/CCC(=O)OCC(CC)(COC(=O)CC/C=C/CCCCC)COC(=O)CCN(CCC(=O)OCC(CC)(COC(=O)CC/C=C/CCCCC)COC(=O)CC/C=C/CCCCC)CCC1CCCN1C,LX_2024_2,LX_2024_2,1
-1.3246101,-0.841434648,CCCCCCCCCCC(=O)OCC(CC)(COC(=O)CCCCCCCCCC)COC(=O)CCN(CCC(=O)OCC(CC)(COC(=O)CCCCCCCCCC)COC(=O)CCCCCCCCCC)CCC1CCCN1C,LX_2024_2,LX_2024_2,0
-1.2257507,0.522881463,CCCCCCCCCCCC(=O)OCC(CC)(COC(=O)CCCCCCCCCCC)COC(=O)CCN(CCC(=O)OCC(CC)(COC(=O)CCCCCCCCCCC)COC(=O)CCCCCCCCCCC)CCC1CCCN1C,LX_2024_2,LX_2024_2,1
-2.2414398,-1.56667637,CCCCCC(=O)OCC(CC)(COC(=O)CCCCC)COC(=O)CCN(CCC(=O)OCC(CC)(COC(=O)CCCCC)COC(=O)CCCCC)CCN(C)CCN(CCC(=O)OCC(CC)(COC(=O)CCCCC)COC(=O)CCCCC)CCC(=O)OCC(CC)(COC(=O)CCCCC)COC(=O)CCCCC,LX_2024_2,LX_2024_2,0
-2.0715053,-0.783989759,CCCCCCC(=O)OCC(CC)(COC(=O)CCCCCC)COC(=O)CCN(CCC(=O)OCC(CC)(COC(=O)CCCCCC)COC(=O)CCCCCC)CCN(C)CCN(CCC(=O)OCC(CC)(COC(=O)CCCCCC)COC(=O)CCCCCC)CCC(=O)OCC(CC)(COC(=O)CCCCCC)COC(=O)CCCCCC,LX_2024_2,LX_2024_2,0
-2.197483,-1.408702926,CCCCC(C)C(=O)OCC(CC)(COC(=O)CCN(CCC(=O)OCC(CC)(COC(=O)C(C)CCCC)COC(=O)C(C)CCCC)CCN(C)CCN(CCC(=O)OCC(CC)(COC(=O)C(C)CCCC)COC(=O)C(C)CCCC)CCC(=O)OCC(CC)(COC(=O)C(C)CCCC)COC(=O)C(C)CCCC)COC(=O)C(C)CCCC,LX_2024_2,LX_2024_2,0
-1.6732088,0.099225408,CCCCCCCC(=O)OCC(CC)(COC(=O)CCCCCCC)COC(=O)CCN(CCC(=O)OCC(CC)(COC(=O)CCCCCCC)COC(=O)CCCCCCC)CCN(C)CCN(CCC(=O)OCC(CC)(COC(=O)CCCCCCC)COC(=O)CCCCCCC)CCC(=O)OCC(CC)(COC(=O)CCCCCCC)COC(=O)CCCCCCC,LX_2024_2,LX_2024_2,1
-2.3616173,-0.353153092,CCCCCC(C)C(=O)OCC(CC)(COC(=O)CCN(CCC(=O)OCC(CC)(COC(=O)C(C)CCCCC)COC(=O)C(C)CCCCC)CCN(C)CCN(CCC(=O)OCC(CC)(COC(=O)C(C)CCCCC)COC(=O)C(C)CCCCC)CCC(=O)OCC(CC)(COC(=O)C(C)CCCCC)COC(=O)C(C)CCCCC)COC(=O)C(C)CCCCC,LX_2024_2,LX_2024_2,0
-2.8174143,-0.202360259,CCCCC(CC)C(=O)OCC(CC)(COC(=O)CCN(CCC(=O)OCC(CC)(COC(=O)C(CC)CCCC)COC(=O)C(CC)CCCC)CCN(C)CCN(CCC(=O)OCC(CC)(COC(=O)C(CC)CCCC)COC(=O)C(CC)CCCC)CCC(=O)OCC(CC)(COC(=O)C(CC)CCCC)COC(=O)C(CC)CCCC)COC(=O)C(CC)CCCC,LX_2024_2,LX_2024_2,0
-1.402892,-1.222007037,CCCCCCCCC(=O)OCC(CC)(COC(=O)CCCCCCCC)COC(=O)CCN(CCC(=O)OCC(CC)(COC(=O)CCCCCCCC)COC(=O)CCCCCCCC)CCN(C)CCN(CCC(=O)OCC(CC)(COC(=O)CCCCCCCC)COC(=O)CCCCCCCC)CCC(=O)OCC(CC)(COC(=O)CCCCCCCC)COC(=O)CCCCCCCC,LX_2024_2,LX_2024_2,0
-3.0741794,-0.424959204,CCCCC(C)CCC(=O)OCC(CC)(COC(=O)CCC(C)CCCC)COC(=O)CCN(CCC(=O)OCC(CC)(COC(=O)CCC(C)CCCC)COC(=O)CCC(C)CCCC)CCN(C)CCN(CCC(=O)OCC(CC)(COC(=O)CCC(C)CCCC)COC(=O)CCC(C)CCCC)CCC(=O)OCC(CC)(COC(=O)CCC(C)CCCC)COC(=O)CCC(C)CCCC,LX_2024_2,LX_2024_2,0
-1.7746642,-0.101831704,CCCCCCCCCC(=O)OCC(CC)(COC(=O)CCCCCCCCC)COC(=O)CCN(CCC(=O)OCC(CC)(COC(=O)CCCCCCCCC)COC(=O)CCCCCCCCC)CCN(C)CCN(CCC(=O)OCC(CC)(COC(=O)CCCCCCCCC)COC(=O)CCCCCCCCC)CCC(=O)OCC(CC)(COC(=O)CCCCCCCCC)COC(=O)CCCCCCCCC,LX_2024_2,LX_2024_2,0
-3.6149535,0.285921297,CCCCCC(C)CCC(=O)OCC(CC)(COC(=O)CCC(C)CCCCC)COC(=O)CCN(CCC(=O)OCC(CC)(COC(=O)CCC(C)CCCCC)COC(=O)CCC(C)CCCCC)CCN(C)CCN(CCC(=O)OCC(CC)(COC(=O)CCC(C)CCCCC)COC(=O)CCC(C)CCCCC)CCC(=O)OCC(CC)(COC(=O)CCC(C)CCCCC)COC(=O)CCC(C)CCCCC,LX_2024_2,LX_2024_2,1
-3.6509526,-0.618835703,CCCCC(CC)CCC(=O)OCC(CC)(COC(=O)CCC(CC)CCCC)COC(=O)CCN(CCC(=O)OCC(CC)(COC(=O)CCC(CC)CCCC)COC(=O)CCC(CC)CCCC)CCN(C)CCN(CCC(=O)OCC(CC)(COC(=O)CCC(CC)CCCC)COC(=O)CCC(CC)CCCC)CCC(=O)OCC(CC)(COC(=O)CCC(CC)CCCC)COC(=O)CCC(CC)CCCC,LX_2024_2,LX_2024_2,0
-2.5233312,-0.783989759,CCCCCC(CCC)C(=O)OCC(CC)(COC(=O)CCN(CCC(=O)OCC(CC)(COC(=O)C(CCC)CCCCC)COC(=O)C(CCC)CCCCC)CCN(C)CCN(CCC(=O)OCC(CC)(COC(=O)C(CCC)CCCCC)COC(=O)C(CCC)CCCCC)CCC(=O)OCC(CC)(COC(=O)C(CCC)CCCCC)COC(=O)C(CCC)CCCCC)COC(=O)C(CCC)CCCCC,LX_2024_2,LX_2024_2,0
-2.228007,-0.008483759,CCCCC/C=C/CCC(=O)OCC(CC)(COC(=O)CC/C=C/CCCCC)COC(=O)CCN(CCC(=O)OCC(CC)(COC(=O)CC/C=C/CCCCC)COC(=O)CC/C=C/CCCCC)CCN(C)CCN(CCC(=O)OCC(CC)(COC(=O)CC/C=C/CCCCC)COC(=O)CC/C=C/CCCCC)CCC(=O)OCC(CC)(COC(=O)CC/C=C/CCCCC)COC(=O)CC/C=C/CCCCC,LX_2024_2,LX_2024_2,0
-1.8163674,-1.013769314,CCCCCCCCCCC(=O)OCC(CC)(COC(=O)CCCCCCCCCC)COC(=O)CCN(CCC(=O)OCC(CC)(COC(=O)CCCCCCCCCC)COC(=O)CCCCCCCCCC)CCN(C)CCN(CCC(=O)OCC(CC)(COC(=O)CCCCCCCCCC)COC(=O)CCCCCCCCCC)CCC(=O)OCC(CC)(COC(=O)CCCCCCCCCC)COC(=O)CCCCCCCCCC,LX_2024_2,LX_2024_2,0
-1.9012859,0.731119185,CCCCCCCCCCCC(=O)OCC(CC)(COC(=O)CCCCCCCCCCC)COC(=O)CCN(CCC(=O)OCC(CC)(COC(=O)CCCCCCCCCCC)COC(=O)CCCCCCCCCCC)CCN(C)CCN(CCC(=O)OCC(CC)(COC(=O)CCCCCCCCCCC)COC(=O)CCCCCCCCCCC)CCC(=O)OCC(CC)(COC(=O)CCCCCCCCCCC)COC(=O)CCCCCCCCCCC,LX_2024_2,LX_2024_2,1
-1.7518989,-0.913240758,CCCCCC(=O)OCC(CC)(COC(=O)CCCCC)COC(=O)CCN(CCCN(C)CCCN(CCC(=O)OCC(CC)(COC(=O)CCCCC)COC(=O)CCCCC)CCC(=O)OCC(CC)(COC(=O)CCCCC)COC(=O)CCCCC)CCC(=O)OCC(CC)(COC(=O)CCCCC)COC(=O)CCCCC,LX_2024_2,LX_2024_2,0
-1.2730534,0.300282518,CCCCCCC(=O)OCC(CC)(COC(=O)CCCCCC)COC(=O)CCN(CCCN(C)CCCN(CCC(=O)OCC(CC)(COC(=O)CCCCCC)COC(=O)CCCCCC)CCC(=O)OCC(CC)(COC(=O)CCCCCC)COC(=O)CCCCCC)CCC(=O)OCC(CC)(COC(=O)CCCCCC)COC(=O)CCCCCC,LX_2024_2,LX_2024_2,1
-1.7237356,-0.539848981,CCCCC(C)C(=O)OCC(CC)(COC(=O)CCN(CCCN(C)CCCN(CCC(=O)OCC(CC)(COC(=O)C(C)CCCC)COC(=O)C(C)CCCC)CCC(=O)OCC(CC)(COC(=O)C(C)CCCC)COC(=O)C(C)CCCC)CCC(=O)OCC(CC)(COC(=O)C(C)CCCC)COC(=O)C(C)CCCC)COC(=O)C(C)CCCC,LX_2024_2,LX_2024_2,0
-0.8408458,1.075788518,CCCCCCCC(=O)OCC(CC)(COC(=O)CCCCCCC)COC(=O)CCN(CCCN(C)CCCN(CCC(=O)OCC(CC)(COC(=O)CCCCCCC)COC(=O)CCCCCCC)CCC(=O)OCC(CC)(COC(=O)CCCCCCC)COC(=O)CCCCCCC)CCC(=O)OCC(CC)(COC(=O)CCCCCCC)COC(=O)CCCCCCC,LX_2024_2,LX_2024_2,1
-2.5143664,2.145699573,CCCCCC(C)C(=O)OCC(CC)(COC(=O)CCN(CCCN(C)CCCN(CCC(=O)OCC(CC)(COC(=O)C(C)CCCCC)COC(=O)C(C)CCCCC)CCC(=O)OCC(CC)(COC(=O)C(C)CCCCC)COC(=O)C(C)CCCCC)CCC(=O)OCC(CC)(COC(=O)C(C)CCCCC)COC(=O)C(C)CCCCC)COC(=O)C(C)CCCCC,LX_2024_2,LX_2024_2,3
-2.4676857,0.285921297,CCCCC(CC)C(=O)OCC(CC)(COC(=O)CCN(CCCN(C)CCCN(CCC(=O)OCC(CC)(COC(=O)C(CC)CCCC)COC(=O)C(CC)CCCC)CCC(=O)OCC(CC)(COC(=O)C(CC)CCCC)COC(=O)C(CC)CCCC)CCC(=O)OCC(CC)(COC(=O)C(CC)CCCC)COC(=O)C(CC)CCCC)COC(=O)C(CC)CCCC,LX_2024_2,LX_2024_2,1
-0.8089776,0.099225408,CCCCCCCCC(=O)OCC(CC)(COC(=O)CCCCCCCC)COC(=O)CCN(CCCN(C)CCCN(CCC(=O)OCC(CC)(COC(=O)CCCCCCCC)COC(=O)CCCCCCCC)CCC(=O)OCC(CC)(COC(=O)CCCCCCCC)COC(=O)CCCCCCCC)CCC(=O)OCC(CC)(COC(=O)CCCCCCCC)COC(=O)CCCCCCCC,LX_2024_2,LX_2024_2,1
-2.3596027,0.939356907,CCCCC(C)CCC(=O)OCC(CC)(COC(=O)CCC(C)CCCC)COC(=O)CCN(CCCN(C)CCCN(CCC(=O)OCC(CC)(COC(=O)CCC(C)CCCC)COC(=O)CCC(C)CCCC)CCC(=O)OCC(CC)(COC(=O)CCC(C)CCCC)COC(=O)CCC(C)CCCC)CCC(=O)OCC(CC)(COC(=O)CCC(C)CCCC)COC(=O)CCC(C)CCCC,LX_2024_2,LX_2024_2,1
-0.48899823,0.82446713,CCCCCCCCCC(=O)OCC(CC)(COC(=O)CCCCCCCCC)COC(=O)CCN(CCCN(C)CCCN(CCC(=O)OCC(CC)(COC(=O)CCCCCCCCC)COC(=O)CCCCCCCCC)CCC(=O)OCC(CC)(COC(=O)CCCCCCCCC)COC(=O)CCCCCCCCC)CCC(=O)OCC(CC)(COC(=O)CCCCCCCCC)COC(=O)CCCCCCCCC,LX_2024_2,LX_2024_2,1
-2.4742026,2.476007685,CCCCCC(C)CCC(=O)OCC(CC)(COC(=O)CCC(C)CCCCC)COC(=O)CCN(CCCN(C)CCCN(CCC(=O)OCC(CC)(COC(=O)CCC(C)CCCCC)COC(=O)CCC(C)CCCCC)CCC(=O)OCC(CC)(COC(=O)CCC(C)CCCCC)COC(=O)CCC(C)CCCCC)CCC(=O)OCC(CC)(COC(=O)CCC(C)CCCCC)COC(=O)CCC(C)CCCCC,LX_2024_2,LX_2024_2,3
-2.1709092,0.924995685,CCCCC(CC)CCC(=O)OCC(CC)(COC(=O)CCC(CC)CCCC)COC(=O)CCN(CCCN(C)CCCN(CCC(=O)OCC(CC)(COC(=O)CCC(CC)CCCC)COC(=O)CCC(CC)CCCC)CCC(=O)OCC(CC)(COC(=O)CCC(CC)CCCC)COC(=O)CCC(CC)CCCC)CCC(=O)OCC(CC)(COC(=O)CCC(CC)CCCC)COC(=O)CCC(CC)CCCC,LX_2024_2,LX_2024_2,1
-1.877296,-0.202360259,CCCCCC(CCC)C(=O)OCC(CC)(COC(=O)CCN(CCCN(C)CCCN(CCC(=O)OCC(CC)(COC(=O)C(CCC)CCCCC)COC(=O)C(CCC)CCCCC)CCC(=O)OCC(CC)(COC(=O)C(CCC)CCCCC)COC(=O)C(CCC)CCCCC)CCC(=O)OCC(CC)(COC(=O)C(CCC)CCCCC)COC(=O)C(CCC)CCCCC)COC(=O)C(CCC)CCCCC,LX_2024_2,LX_2024_2,0
-2.2008102,2.547813795,CCCCC/C=C/CCC(=O)OCC(CC)(COC(=O)CC/C=C/CCCCC)COC(=O)CCN(CCCN(C)CCCN(CCC(=O)OCC(CC)(COC(=O)CC/C=C/CCCCC)COC(=O)CC/C=C/CCCCC)CCC(=O)OCC(CC)(COC(=O)CC/C=C/CCCCC)COC(=O)CC/C=C/CCCCC)CCC(=O)OCC(CC)(COC(=O)CC/C=C/CCCCC)COC(=O)CC/C=C/CCCCC,LX_2024_2,LX_2024_2,3
-0.3934981,-0.302888814,CCCCCCCCCCC(=O)OCC(CC)(COC(=O)CCCCCCCCCC)COC(=O)CCN(CCCN(C)CCCN(CCC(=O)OCC(CC)(COC(=O)CCCCCCCCCC)COC(=O)CCCCCCCCCC)CCC(=O)OCC(CC)(COC(=O)CCCCCCCCCC)COC(=O)CCCCCCCCCC)CCC(=O)OCC(CC)(COC(=O)CCCCCCCCCC)COC(=O)CCCCCCCCCC,LX_2024_2,LX_2024_2,0
-0.7693803,0.142309074,CCCCCCCCCCCC(=O)OCC(CC)(COC(=O)CCCCCCCCCCC)COC(=O)CCN(CCCN(C)CCCN(CCC(=O)OCC(CC)(COC(=O)CCCCCCCCCCC)COC(=O)CCCCCCCCCCC)CCC(=O)OCC(CC)(COC(=O)CCCCCCCCCCC)COC(=O)CCCCCCCCCCC)CCC(=O)OCC(CC)(COC(=O)CCCCCCCCCCC)COC(=O)CCCCCCCCCCC,LX_2024_2,LX_2024_2,1
-2.7330294,1.564070074,CCCCCC(=O)OCC(CC)(COC(=O)CCCCC)COC(=O)CCN(CCC(=O)OCC(CC)(COC(=O)CCCCC)COC(=O)CCCCC)CCN(CCC(=O)OCC(CC)(COC(=O)CCCCC)COC(=O)CCCCC)CCN1CCN(CCN(CCC(=O)OCC(CC)(COC(=O)CCCCC)COC(=O)CCCCC)CCC(=O)OCC(CC)(COC(=O)CCCCC)COC(=O)CCCCC)CC1,LX_2024_2,LX_2024_2,2
-3.2356126,1.226581352,CCCCCCC(=O)OCC(CC)(COC(=O)CCCCCC)COC(=O)CCN(CCC(=O)OCC(CC)(COC(=O)CCCCCC)COC(=O)CCCCCC)CCN(CCC(=O)OCC(CC)(COC(=O)CCCCCC)COC(=O)CCCCCC)CCN1CCN(CCN(CCC(=O)OCC(CC)(COC(=O)CCCCCC)COC(=O)CCCCCC)CCC(=O)OCC(CC)(COC(=O)CCCCCC)COC(=O)CCCCCC)CC1,LX_2024_2,LX_2024_2,1
-2.4977777,1.456360907,CCCCC(C)C(=O)OCC(CC)(COC(=O)CCN(CCC(=O)OCC(CC)(COC(=O)C(C)CCCC)COC(=O)C(C)CCCC)CCN(CCC(=O)OCC(CC)(COC(=O)C(C)CCCC)COC(=O)C(C)CCCC)CCN1CCN(CCN(CCC(=O)OCC(CC)(COC(=O)C(C)CCCC)COC(=O)C(C)CCCC)CCC(=O)OCC(CC)(COC(=O)C(C)CCCC)COC(=O)C(C)CCCC)CC1)COC(=O)C(C)CCCC,LX_2024_2,LX_2024_2,2
-3.317698,1.47790274,CCCCCCCC(=O)OCC(CC)(COC(=O)CCCCCCC)COC(=O)CCN(CCC(=O)OCC(CC)(COC(=O)CCCCCCC)COC(=O)CCCCCCC)CCN(CCC(=O)OCC(CC)(COC(=O)CCCCCCC)COC(=O)CCCCCCC)CCN1CCN(CCN(CCC(=O)OCC(CC)(COC(=O)CCCCCCC)COC(=O)CCCCCCC)CCC(=O)OCC(CC)(COC(=O)CCCCCCC)COC(=O)CCCCCCC)CC1,LX_2024_2,LX_2024_2,2
-3.0133047,1.47790274,CCCCCC(C)C(=O)OCC(CC)(COC(=O)CCN(CCC(=O)OCC(CC)(COC(=O)C(C)CCCCC)COC(=O)C(C)CCCCC)CCN(CCC(=O)OCC(CC)(COC(=O)C(C)CCCCC)COC(=O)C(C)CCCCC)CCN1CCN(CCN(CCC(=O)OCC(CC)(COC(=O)C(C)CCCCC)COC(=O)C(C)CCCCC)CCC(=O)OCC(CC)(COC(=O)C(C)CCCCC)COC(=O)C(C)CCCCC)CC1)COC(=O)C(C)CCCCC,LX_2024_2,LX_2024_2,2
-2.8669703,1.506625185,CCCCC(CC)C(=O)OCC(CC)(COC(=O)CCN(CCC(=O)OCC(CC)(COC(=O)C(CC)CCCC)COC(=O)C(CC)CCCC)CCN(CCC(=O)OCC(CC)(COC(=O)C(CC)CCCC)COC(=O)C(CC)CCCC)CCN1CCN(CCN(CCC(=O)OCC(CC)(COC(=O)C(CC)CCCC)COC(=O)C(CC)CCCC)CCC(=O)OCC(CC)(COC(=O)C(CC)CCCC)COC(=O)C(CC)CCCC)CC1)COC(=O)C(CC)CCCC,LX_2024_2,LX_2024_2,2
-2.724709,0.300282518,CCCCCCCCC(=O)OCC(CC)(COC(=O)CCCCCCCC)COC(=O)CCN(CCC(=O)OCC(CC)(COC(=O)CCCCCCCC)COC(=O)CCCCCCCC)CCN(CCC(=O)OCC(CC)(COC(=O)CCCCCCCC)COC(=O)CCCCCCCC)CCN1CCN(CCN(CCC(=O)OCC(CC)(COC(=O)CCCCCCCC)COC(=O)CCCCCCCC)CCC(=O)OCC(CC)(COC(=O)CCCCCCCC)COC(=O)CCCCCCCC)CC1,LX_2024_2,LX_2024_2,1
-3.6691475,1.506625185,CCCCC(C)CCC(=O)OCC(CC)(COC(=O)CCC(C)CCCC)COC(=O)CCN(CCC(=O)OCC(CC)(COC(=O)CCC(C)CCCC)COC(=O)CCC(C)CCCC)CCN(CCC(=O)OCC(CC)(COC(=O)CCC(C)CCCC)COC(=O)CCC(C)CCCC)CCN1CCN(CCN(CCC(=O)OCC(CC)(COC(=O)CCC(C)CCCC)COC(=O)CCC(C)CCCC)CCC(=O)OCC(CC)(COC(=O)CCC(C)CCCC)COC(=O)CCC(C)CCCC)CC1,LX_2024_2,LX_2024_2,2
-2.1702034,0.924995685,CCCCCCCCCC(=O)OCC(CC)(COC(=O)CCCCCCCCC)COC(=O)CCN(CCC(=O)OCC(CC)(COC(=O)CCCCCCCCC)COC(=O)CCCCCCCCC)CCN(CCC(=O)OCC(CC)(COC(=O)CCCCCCCCC)COC(=O)CCCCCCCCC)CCN1CCN(CCN(CCC(=O)OCC(CC)(COC(=O)CCCCCCCCC)COC(=O)CCCCCCCCC)CCC(=O)OCC(CC)(COC(=O)CCCCCCCCC)COC(=O)CCCCCCCCC)CC1,LX_2024_2,LX_2024_2,1
-4.2748733,1.190678296,CCCCCC(C)CCC(=O)OCC(CC)(COC(=O)CCC(C)CCCCC)COC(=O)CCN(CCC(=O)OCC(CC)(COC(=O)CCC(C)CCCCC)COC(=O)CCC(C)CCCCC)CCN(CCC(=O)OCC(CC)(COC(=O)CCC(C)CCCCC)COC(=O)CCC(C)CCCCC)CCN1CCN(CCN(CCC(=O)OCC(CC)(COC(=O)CCC(C)CCCCC)COC(=O)CCC(C)CCCCC)CCC(=O)OCC(CC)(COC(=O)CCC(C)CCCCC)COC(=O)CCC(C)CCCCC)CC1,LX_2024_2,LX_2024_2,1
-4.423917,-0.173637815,CCCCC(CC)CCC(=O)OCC(CC)(COC(=O)CCC(CC)CCCC)COC(=O)CCN(CCC(=O)OCC(CC)(COC(=O)CCC(CC)CCCC)COC(=O)CCC(CC)CCCC)CCN(CCC(=O)OCC(CC)(COC(=O)CCC(CC)CCCC)COC(=O)CCC(CC)CCCC)CCN1CCN(CCN(CCC(=O)OCC(CC)(COC(=O)CCC(CC)CCCC)COC(=O)CCC(CC)CCCC)CCC(=O)OCC(CC)(COC(=O)CCC(CC)CCCC)COC(=O)CCC(CC)CCCC)CC1,LX_2024_2,LX_2024_2,0
-2.889323,0.996801796,CCCCCC(CCC)C(=O)OCC(CC)(COC(=O)CCN(CCC(=O)OCC(CC)(COC(=O)C(CCC)CCCCC)COC(=O)C(CCC)CCCCC)CCN(CCC(=O)OCC(CC)(COC(=O)C(CCC)CCCCC)COC(=O)C(CCC)CCCCC)CCN1CCN(CCN(CCC(=O)OCC(CC)(COC(=O)C(CCC)CCCCC)COC(=O)C(CCC)CCCCC)CCC(=O)OCC(CC)(COC(=O)C(CCC)CCCCC)COC(=O)C(CCC)CCCCC)CC1)COC(=O)C(CCC)CCCCC,LX_2024_2,LX_2024_2,1
-2.7822723,1.334290519,CCCCC/C=C/CCC(=O)OCC(CC)(COC(=O)CC/C=C/CCCCC)COC(=O)CCN(CCC(=O)OCC(CC)(COC(=O)CC/C=C/CCCCC)COC(=O)CC/C=C/CCCCC)CCN(CCC(=O)OCC(CC)(COC(=O)CC/C=C/CCCCC)COC(=O)CC/C=C/CCCCC)CCN1CCN(CCN(CCC(=O)OCC(CC)(COC(=O)CC/C=C/CCCCC)COC(=O)CC/C=C/CCCCC)CCC(=O)OCC(CC)(COC(=O)CC/C=C/CCCCC)COC(=O)CC/C=C/CCCCC)CC1,LX_2024_2,LX_2024_2,1
-2.3602679,-0.101831704,CCCCCCCCCCC(=O)OCC(CC)(COC(=O)CCCCCCCCCC)COC(=O)CCN(CCC(=O)OCC(CC)(COC(=O)CCCCCCCCCC)COC(=O)CCCCCCCCCC)CCN(CCC(=O)OCC(CC)(COC(=O)CCCCCCCCCC)COC(=O)CCCCCCCCCC)CCN1CCN(CCN(CCC(=O)OCC(CC)(COC(=O)CCCCCCCCCC)COC(=O)CCCCCCCCCC)CCC(=O)OCC(CC)(COC(=O)CCCCCCCCCC)COC(=O)CCCCCCCCCC)CC1,LX_2024_2,LX_2024_2,0
-2.1290169,-0.475223482,CCCCCCCCCCCC(=O)OCC(CC)(COC(=O)CCCCCCCCCCC)COC(=O)CCN(CCC(=O)OCC(CC)(COC(=O)CCCCCCCCCCC)COC(=O)CCCCCCCCCCC)CCN(CCC(=O)OCC(CC)(COC(=O)CCCCCCCCCCC)COC(=O)CCCCCCCCCCC)CCN1CCN(CCN(CCC(=O)OCC(CC)(COC(=O)CCCCCCCCCCC)COC(=O)CCCCCCCCCCC)CCC(=O)OCC(CC)(COC(=O)CCCCCCCCCCC)COC(=O)CCCCCCCCCCC)CC1,LX_2024_2,LX_2024_2,0
-3.648464,1.384554796,CCCCCC(=O)OCC(CC)(COC(=O)CCCCC)COC(=O)CCN(CCC(=O)OCC(CC)(COC(=O)CCCCC)COC(=O)CCCCC)CC(CN(CCC(=O)OCC(CC)(COC(=O)CCCCC)COC(=O)CCCCC)CCN1CCN(CC(CN(CCC(=O)OCC(CC)(COC(=O)CCCCC)COC(=O)CCCCC)CCC(=O)OCC(CC)(COC(=O)CCCCC)COC(=O)CCCCC)OCC)CC1)OCC,LX_2024_2,LX_2024_2,2
-4.119145,1.836933296,CCCCCCC(=O)OCC(CC)(COC(=O)CCCCCC)COC(=O)CCN(CCC(=O)OCC(CC)(COC(=O)CCCCCC)COC(=O)CCCCCC)CC(CN(CCC(=O)OCC(CC)(COC(=O)CCCCCC)COC(=O)CCCCCC)CCN1CCN(CC(CN(CCC(=O)OCC(CC)(COC(=O)CCCCCC)COC(=O)CCCCCC)CCC(=O)OCC(CC)(COC(=O)CCCCCC)COC(=O)CCCCCC)OCC)CC1)OCC,LX_2024_2,LX_2024_2,2
-3.7182646,1.549708852,CCCCC(C)C(=O)OCC(CC)(COC(=O)CCN(CCC(=O)OCC(CC)(COC(=O)C(C)CCCC)COC(=O)C(C)CCCC)CC(CN(CCC(=O)OCC(CC)(COC(=O)C(C)CCCC)COC(=O)C(C)CCCC)CCN1CCN(CC(CN(CCC(=O)OCC(CC)(COC(=O)C(C)CCCC)COC(=O)C(C)CCCC)CCC(=O)OCC(CC)(COC(=O)C(C)CCCC)COC(=O)C(C)CCCC)OCC)CC1)OCC)COC(=O)C(C)CCCC,LX_2024_2,LX_2024_2,2
-4.3349767,0.364908019,CCCCCCCC(=O)OCC(CC)(COC(=O)CCCCCCC)COC(=O)CCN(CCC(=O)OCC(CC)(COC(=O)CCCCCCC)COC(=O)CCCCCCC)CC(CN(CCC(=O)OCC(CC)(COC(=O)CCCCCCC)COC(=O)CCCCCCC)CCN1CCN(CC(CN(CCC(=O)OCC(CC)(COC(=O)CCCCCCC)COC(=O)CCCCCCC)CCC(=O)OCC(CC)(COC(=O)CCCCCCC)COC(=O)CCCCCCC)OCC)CC1)OCC,LX_2024_2,LX_2024_2,1
-3.184138,1.506625185,CCCCCC(C)C(=O)OCC(CC)(COC(=O)CCN(CCC(=O)OCC(CC)(COC(=O)C(C)CCCCC)COC(=O)C(C)CCCCC)CC(CN(CCC(=O)OCC(CC)(COC(=O)C(C)CCCCC)COC(=O)C(C)CCCCC)CCN1CCN(CC(CN(CCC(=O)OCC(CC)(COC(=O)C(C)CCCCC)COC(=O)C(C)CCCCC)CCC(=O)OCC(CC)(COC(=O)C(C)CCCCC)COC(=O)C(C)CCCCC)OCC)CC1)OCC)COC(=O)C(C)CCCCC,LX_2024_2,LX_2024_2,2
-3.0869818,1.750765963,CCCCC(CC)C(=O)OCC(CC)(COC(=O)CCN(CCC(=O)OCC(CC)(COC(=O)C(CC)CCCC)COC(=O)C(CC)CCCC)CC(CN(CCC(=O)OCC(CC)(COC(=O)C(CC)CCCC)COC(=O)C(CC)CCCC)CCN1CCN(CC(CN(CCC(=O)OCC(CC)(COC(=O)C(CC)CCCC)COC(=O)C(CC)CCCC)CCC(=O)OCC(CC)(COC(=O)C(CC)CCCC)COC(=O)C(CC)CCCC)OCC)CC1)OCC)COC(=O)C(CC)CCCC,LX_2024_2,LX_2024_2,2
-3.9140086,-0.101831704,CCCCCCCCC(=O)OCC(CC)(COC(=O)CCCCCCCC)COC(=O)CCN(CCC(=O)OCC(CC)(COC(=O)CCCCCCCC)COC(=O)CCCCCCCC)CC(CN(CCC(=O)OCC(CC)(COC(=O)CCCCCCCC)COC(=O)CCCCCCCC)CCN1CCN(CC(CN(CCC(=O)OCC(CC)(COC(=O)CCCCCCCC)COC(=O)CCCCCCCC)CCC(=O)OCC(CC)(COC(=O)CCCCCCCC)COC(=O)CCCCCCCC)OCC)CC1)OCC,LX_2024_2,LX_2024_2,0
-4.1611147,1.750765963,CCCCC(C)CCC(=O)OCC(CC)(COC(=O)CCC(C)CCCC)COC(=O)CCN(CCC(=O)OCC(CC)(COC(=O)CCC(C)CCCC)COC(=O)CCC(C)CCCC)CC(CN(CCC(=O)OCC(CC)(COC(=O)CCC(C)CCCC)COC(=O)CCC(C)CCCC)CCN1CCN(CC(CN(CCC(=O)OCC(CC)(COC(=O)CCC(C)CCCC)COC(=O)CCC(C)CCCC)CCC(=O)OCC(CC)(COC(=O)CCC(C)CCCC)COC(=O)CCC(C)CCCC)OCC)CC1)OCC,LX_2024_2,LX_2024_2,2
-3.2944405,0.285921297,CCCCCCCCCC(=O)OCC(CC)(COC(=O)CCCCCCCCC)COC(=O)CCN(CCC(=O)OCC(CC)(COC(=O)CCCCCCCCC)COC(=O)CCCCCCCCC)CC(CN(CCC(=O)OCC(CC)(COC(=O)CCCCCCCCC)COC(=O)CCCCCCCCC)CCN1CCN(CC(CN(CCC(=O)OCC(CC)(COC(=O)CCCCCCCCC)COC(=O)CCCCCCCCC)CCC(=O)OCC(CC)(COC(=O)CCCCCCCCC)COC(=O)CCCCCCCCC)OCC)CC1)OCC,LX_2024_2,LX_2024_2,1
-3.982637,1.111691574,CCCCCC(C)CCC(=O)OCC(CC)(COC(=O)CCC(C)CCCCC)COC(=O)CCN(CCC(=O)OCC(CC)(COC(=O)CCC(C)CCCCC)COC(=O)CCC(C)CCCCC)CC(CN(CCC(=O)OCC(CC)(COC(=O)CCC(C)CCCCC)COC(=O)CCC(C)CCCCC)CCN1CCN(CC(CN(CCC(=O)OCC(CC)(COC(=O)CCC(C)CCCCC)COC(=O)CCC(C)CCCCC)CCC(=O)OCC(CC)(COC(=O)CCC(C)CCCCC)COC(=O)CCC(C)CCCCC)OCC)CC1)OCC,LX_2024_2,LX_2024_2,1
-3.638154,0.924995685,CCCCC(CC)CCC(=O)OCC(CC)(COC(=O)CCC(CC)CCCC)COC(=O)CCN(CCC(=O)OCC(CC)(COC(=O)CCC(CC)CCCC)COC(=O)CCC(CC)CCCC)CC(CN(CCC(=O)OCC(CC)(COC(=O)CCC(CC)CCCC)COC(=O)CCC(CC)CCCC)CCN1CCN(CC(CN(CCC(=O)OCC(CC)(COC(=O)CCC(CC)CCCC)COC(=O)CCC(CC)CCCC)CCC(=O)OCC(CC)(COC(=O)CCC(CC)CCCC)COC(=O)CCC(CC)CCCC)OCC)CC1)OCC,LX_2024_2,LX_2024_2,1
-3.4272816,0.580326352,CCCCCC(CCC)C(=O)OCC(CC)(COC(=O)CCN(CCC(=O)OCC(CC)(COC(=O)C(CCC)CCCCC)COC(=O)C(CCC)CCCCC)CC(CN(CCC(=O)OCC(CC)(COC(=O)C(CCC)CCCCC)COC(=O)C(CCC)CCCCC)CCN1CCN(CC(CN(CCC(=O)OCC(CC)(COC(=O)C(CCC)CCCCC)COC(=O)C(CCC)CCCCC)CCC(=O)OCC(CC)(COC(=O)C(CCC)CCCCC)COC(=O)C(CCC)CCCCC)OCC)CC1)OCC)COC(=O)C(CCC)CCCCC,LX_2024_2,LX_2024_2,1
-3.4870696,2.145699573,CCCCC/C=C/CCC(=O)OCC(CC)(COC(=O)CC/C=C/CCCCC)COC(=O)CCN(CCC(=O)OCC(CC)(COC(=O)CC/C=C/CCCCC)COC(=O)CC/C=C/CCCCC)CC(CN(CCC(=O)OCC(CC)(COC(=O)CC/C=C/CCCCC)COC(=O)CC/C=C/CCCCC)CCN1CCN(CC(CN(CCC(=O)OCC(CC)(COC(=O)CC/C=C/CCCCC)COC(=O)CC/C=C/CCCCC)CCC(=O)OCC(CC)(COC(=O)CC/C=C/CCCCC)COC(=O)CC/C=C/CCCCC)OCC)CC1)OCC,LX_2024_2,LX_2024_2,3
-2.3730164,1.061427296,CCCCCCCCCCC(=O)OCC(CC)(COC(=O)CCCCCCCCCC)COC(=O)CCN(CCC(=O)OCC(CC)(COC(=O)CCCCCCCCCC)COC(=O)CCCCCCCCCC)CC(CN(CCC(=O)OCC(CC)(COC(=O)CCCCCCCCCC)COC(=O)CCCCCCCCCC)CCN1CCN(CC(CN(CCC(=O)OCC(CC)(COC(=O)CCCCCCCCCC)COC(=O)CCCCCCCCCC)CCC(=O)OCC(CC)(COC(=O)CCCCCCCCCC)COC(=O)CCCCCCCCCC)OCC)CC1)OCC,LX_2024_2,LX_2024_2,1
-2.7456515,0.82446713,CCCCCCCCCCCC(=O)OCC(CC)(COC(=O)CCCCCCCCCCC)COC(=O)CCN(CCC(=O)OCC(CC)(COC(=O)CCCCCCCCCCC)COC(=O)CCCCCCCCCCC)CC(CN(CCC(=O)OCC(CC)(COC(=O)CCCCCCCCCCC)COC(=O)CCCCCCCCCCC)CCN1CCN(CC(CN(CCC(=O)OCC(CC)(COC(=O)CCCCCCCCCCC)COC(=O)CCCCCCCCCCC)CCC(=O)OCC(CC)(COC(=O)CCCCCCCCCCC)COC(=O)CCCCCCCCCCC)OCC)CC1)OCC,LX_2024_2,LX_2024_2,1
-3.7651637,1.99490674,CCCCCC(=O)OCC(CC)(COC(=O)CCCCC)COC(=O)CCN(CCOCCN(CCC(=O)OCC(CC)(COC(=O)CCCCC)COC(=O)CCCCC)CCN1CCN(CCOCCN(CCC(=O)OCC(CC)(COC(=O)CCCCC)COC(=O)CCCCC)CCC(=O)OCC(CC)(COC(=O)CCCCC)COC(=O)CCCCC)CC1)CCC(=O)OCC(CC)(COC(=O)CCCCC)COC(=O)CCCCC,LX_2024_2,LX_2024_2,2
-3.3443534,1.793849629,CCCCCCC(=O)OCC(CC)(COC(=O)CCCCCC)COC(=O)CCN(CCOCCN(CCC(=O)OCC(CC)(COC(=O)CCCCCC)COC(=O)CCCCCC)CCN1CCN(CCOCCN(CCC(=O)OCC(CC)(COC(=O)CCCCCC)COC(=O)CCCCCC)CCC(=O)OCC(CC)(COC(=O)CCCCCC)COC(=O)CCCCCC)CC1)CCC(=O)OCC(CC)(COC(=O)CCCCCC)COC(=O)CCCCCC,LX_2024_2,LX_2024_2,2
-3.3166773,1.549708852,CCCCC(C)C(=O)OCC(CC)(COC(=O)CCN(CCOCCN(CCC(=O)OCC(CC)(COC(=O)C(C)CCCC)COC(=O)C(C)CCCC)CCN1CCN(CCOCCN(CCC(=O)OCC(CC)(COC(=O)C(C)CCCC)COC(=O)C(C)CCCC)CCC(=O)OCC(CC)(COC(=O)C(C)CCCC)COC(=O)C(C)CCCC)CC1)CCC(=O)OCC(CC)(COC(=O)C(C)CCCC)COC(=O)C(C)CCCC)COC(=O)C(C)CCCC,LX_2024_2,LX_2024_2,2
-3.6287613,0.666493686,CCCCCCCC(=O)OCC(CC)(COC(=O)CCCCCCC)COC(=O)CCN(CCOCCN(CCC(=O)OCC(CC)(COC(=O)CCCCCCC)COC(=O)CCCCCCC)CCN1CCN(CCOCCN(CCC(=O)OCC(CC)(COC(=O)CCCCCCC)COC(=O)CCCCCCC)CCC(=O)OCC(CC)(COC(=O)CCCCCCC)COC(=O)CCCCCCC)CC1)CCC(=O)OCC(CC)(COC(=O)CCCCCCC)COC(=O)CCCCCCC,LX_2024_2,LX_2024_2,1
-3.1342847,2.203144462,CCCCCC(C)C(=O)OCC(CC)(COC(=O)CCN(CCOCCN(CCC(=O)OCC(CC)(COC(=O)C(C)CCCCC)COC(=O)C(C)CCCCC)CCN1CCN(CCOCCN(CCC(=O)OCC(CC)(COC(=O)C(C)CCCCC)COC(=O)C(C)CCCCC)CCC(=O)OCC(CC)(COC(=O)C(C)CCCCC)COC(=O)C(C)CCCCC)CC1)CCC(=O)OCC(CC)(COC(=O)C(C)CCCCC)COC(=O)C(C)CCCCC)COC(=O)C(C)CCCCC,LX_2024_2,LX_2024_2,3
-2.9932752,0.027419297,CCCCC(CC)C(=O)OCC(CC)(COC(=O)CCN(CCOCCN(CCC(=O)OCC(CC)(COC(=O)C(CC)CCCC)COC(=O)C(CC)CCCC)CCN1CCN(CCOCCN(CCC(=O)OCC(CC)(COC(=O)C(CC)CCCC)COC(=O)C(CC)CCCC)CCC(=O)OCC(CC)(COC(=O)C(CC)CCCC)COC(=O)C(CC)CCCC)CC1)CCC(=O)OCC(CC)(COC(=O)C(CC)CCCC)COC(=O)C(CC)CCCC)COC(=O)C(CC)CCCC,LX_2024_2,LX_2024_2,0
-3.173503,0.099225408,CCCCCCCCC(=O)OCC(CC)(COC(=O)CCCCCCCC)COC(=O)CCN(CCOCCN(CCC(=O)OCC(CC)(COC(=O)CCCCCCCC)COC(=O)CCCCCCCC)CCN1CCN(CCOCCN(CCC(=O)OCC(CC)(COC(=O)CCCCCCCC)COC(=O)CCCCCCCC)CCC(=O)OCC(CC)(COC(=O)CCCCCCCC)COC(=O)CCCCCCCC)CC1)CCC(=O)OCC(CC)(COC(=O)CCCCCCCC)COC(=O)CCCCCCCC,LX_2024_2,LX_2024_2,1
-3.9418519,2.64116174,CCCCC(C)CCC(=O)OCC(CC)(COC(=O)CCC(C)CCCC)COC(=O)CCN(CCOCCN(CCC(=O)OCC(CC)(COC(=O)CCC(C)CCCC)COC(=O)CCC(C)CCCC)CCN1CCN(CCOCCN(CCC(=O)OCC(CC)(COC(=O)CCC(C)CCCC)COC(=O)CCC(C)CCCC)CCC(=O)OCC(CC)(COC(=O)CCC(C)CCCC)COC(=O)CCC(C)CCCC)CC1)CCC(=O)OCC(CC)(COC(=O)CCC(C)CCCC)COC(=O)CCC(C)CCCC,LX_2024_2,LX_2024_2,3
-2.9895055,1.391735408,CCCCCCCCCC(=O)OCC(CC)(COC(=O)CCCCCCCCC)COC(=O)CCN(CCOCCN(CCC(=O)OCC(CC)(COC(=O)CCCCCCCCC)COC(=O)CCCCCCCCC)CCN1CCN(CCOCCN(CCC(=O)OCC(CC)(COC(=O)CCCCCCCCC)COC(=O)CCCCCCCCC)CCC(=O)OCC(CC)(COC(=O)CCCCCCCCC)COC(=O)CCCCCCCCC)CC1)CCC(=O)OCC(CC)(COC(=O)CCCCCCCCC)COC(=O)CCCCCCCCC,LX_2024_2,LX_2024_2,2
-4.3250685,2.37547913,CCCCCC(C)CCC(=O)OCC(CC)(COC(=O)CCC(C)CCCCC)COC(=O)CCN(CCOCCN(CCC(=O)OCC(CC)(COC(=O)CCC(C)CCCCC)COC(=O)CCC(C)CCCCC)CCN1CCN(CCOCCN(CCC(=O)OCC(CC)(COC(=O)CCC(C)CCCCC)COC(=O)CCC(C)CCCCC)CCC(=O)OCC(CC)(COC(=O)CCC(C)CCCCC)COC(=O)CCC(C)CCCCC)CC1)CCC(=O)OCC(CC)(COC(=O)CCC(C)CCCCC)COC(=O)CCC(C)CCCCC,LX_2024_2,LX_2024_2,3
-4.1142254,2.203144462,CCCCC(CC)CCC(=O)OCC(CC)(COC(=O)CCC(CC)CCCC)COC(=O)CCN(CCOCCN(CCC(=O)OCC(CC)(COC(=O)CCC(CC)CCCC)COC(=O)CCC(CC)CCCC)CCN1CCN(CCOCCN(CCC(=O)OCC(CC)(COC(=O)CCC(CC)CCCC)COC(=O)CCC(CC)CCCC)CCC(=O)OCC(CC)(COC(=O)CCC(CC)CCCC)COC(=O)CCC(CC)CCCC)CC1)CCC(=O)OCC(CC)(COC(=O)CCC(CC)CCCC)COC(=O)CCC(CC)CCCC,LX_2024_2,LX_2024_2,3
-3.3934968,1.564070074,CCCCCC(CCC)C(=O)OCC(CC)(COC(=O)CCN(CCOCCN(CCC(=O)OCC(CC)(COC(=O)C(CCC)CCCCC)COC(=O)C(CCC)CCCCC)CCN1CCN(CCOCCN(CCC(=O)OCC(CC)(COC(=O)C(CCC)CCCCC)COC(=O)C(CCC)CCCCC)CCC(=O)OCC(CC)(COC(=O)C(CCC)CCCCC)COC(=O)C(CCC)CCCCC)CC1)CCC(=O)OCC(CC)(COC(=O)C(CCC)CCCCC)COC(=O)C(CCC)CCCCC)COC(=O)C(CCC)CCCCC,LX_2024_2,LX_2024_2,2
-3.943343,2.088254684,CCCCC/C=C/CCC(=O)OCC(CC)(COC(=O)CC/C=C/CCCCC)COC(=O)CCN(CCOCCN(CCC(=O)OCC(CC)(COC(=O)CC/C=C/CCCCC)COC(=O)CC/C=C/CCCCC)CCN1CCN(CCOCCN(CCC(=O)OCC(CC)(COC(=O)CC/C=C/CCCCC)COC(=O)CC/C=C/CCCCC)CCC(=O)OCC(CC)(COC(=O)CC/C=C/CCCCC)COC(=O)CC/C=C/CCCCC)CC1)CCC(=O)OCC(CC)(COC(=O)CC/C=C/CCCCC)COC(=O)CC/C=C/CCCCC,LX_2024_2,LX_2024_2,3
-2.8021681,0.939356907,CCCCCCCCCCC(=O)OCC(CC)(COC(=O)CCCCCCCCCC)COC(=O)CCN(CCOCCN(CCC(=O)OCC(CC)(COC(=O)CCCCCCCCCC)COC(=O)CCCCCCCCCC)CCN1CCN(CCOCCN(CCC(=O)OCC(CC)(COC(=O)CCCCCCCCCC)COC(=O)CCCCCCCCCC)CCC(=O)OCC(CC)(COC(=O)CCCCCCCCCC)COC(=O)CCCCCCCCCC)CC1)CCC(=O)OCC(CC)(COC(=O)CCCCCCCCCC)COC(=O)CCCCCCCCCC,LX_2024_2,LX_2024_2,1
-2.8746955,1.793849629,CCCCCCCCCCCC(=O)OCC(CC)(COC(=O)CCCCCCCCCCC)COC(=O)CCN(CCOCCN(CCC(=O)OCC(CC)(COC(=O)CCCCCCCCCCC)COC(=O)CCCCCCCCCCC)CCN1CCN(CCOCCN(CCC(=O)OCC(CC)(COC(=O)CCCCCCCCCCC)COC(=O)CCCCCCCCCCC)CCC(=O)OCC(CC)(COC(=O)CCCCCCCCCCC)COC(=O)CCCCCCCCCCC)CC1)CCC(=O)OCC(CC)(COC(=O)CCCCCCCCCCC)COC(=O)CCCCCCCCCCC,LX_2024_2,LX_2024_2,2
-6.9331965,-0.894834808,CCCCOC(=O)CC(NCCNC(CC(=O)OCCCC)C(=O)OCCCC)C(=O)OCCCC,XH_2025,XH_2025,0
-6.3668447,-0.894834808,CCCCOC(=O)CC(NCCCNC(CC(=O)OCCCC)C(=O)OCCCC)C(=O)OCCCC,XH_2025,XH_2025,0
-6.434267,-0.894834808,CCCCOC(=O)CC(NCCCCCCNC(CC(=O)OCCCC)C(=O)OCCCC)C(=O)OCCCC,XH_2025,XH_2025,0
-6.0033603,-0.894834808,CCCCOC(=O)CC(C(=O)OCCCC)N(C)CCN(C)C(CC(=O)OCCCC)C(=O)OCCCC,XH_2025,XH_2025,0
-6.9840603,0.477611216,CCCCOC(=O)CC(NCCCN(CCCN(C)C)C(CC(=O)OCCCC)C(=O)OCCCC)C(=O)OCCCC,XH_2025,XH_2025,1
-6.1751432,-0.894834808,CCCCOC(=O)CC(NCCN(C)CCNC(CC(=O)OCCCC)C(=O)OCCCC)C(=O)OCCCC,XH_2025,XH_2025,0
-5.6571693,-0.894834808,CCCCOC(=O)CC(C(=O)OCCCC)N(C)CCN(C)CCN(C)C(CC(=O)OCCCC)C(=O)OCCCC,XH_2025,XH_2025,0
-6.5705986,-0.894834808,CCCCOC(=O)CC(NCCCN(C)CCCNC(CC(=O)OCCCC)C(=O)OCCCC)C(=O)OCCCC,XH_2025,XH_2025,0
-6.031389,0.477611216,CCCCOC(=O)CC(C(=O)OCCCC)N(C)CCCN(C)CCCN(C)C(CC(=O)OCCCC)C(=O)OCCCC,XH_2025,XH_2025,1
-6.847446,0.477611216,CCCCOC(=O)CC(NCCN(CCO)C(CC(=O)OCCCC)C(=O)OCCCC)C(=O)OCCCC,XH_2025,XH_2025,1
-6.9285545,-0.894834808,CCCCOC(=O)CC(C(=O)OCCCC)N(CCO)CCN(CCO)C(CC(=O)OCCCC)C(=O)OCCCC,XH_2025,XH_2025,0
-6.823166,0.477611216,CCCCOC(=O)CC(NCCCN1CCN(CCCNC(CC(=O)OCCCC)C(=O)OCCCC)CC1)C(=O)OCCCC,XH_2025,XH_2025,1
-5.7498674,0.477611216,CCCCOC(=O)CC(NCCOCCOCCNC(CC(=O)OCCCC)C(=O)OCCCC)C(=O)OCCCC,XH_2025,XH_2025,1
-4.0757337,0.477611216,CCCCOC(=O)CC(NCCCCC1NC(=O)C(CCCCNC(CC(=O)OCCCC)C(=O)OCCCC)NC1=O)C(=O)OCCCC,XH_2025,XH_2025,1
-6.665256,0.477611216,CCCCOC(=O)CC(NCCN(CCNC(CC(=O)OCCCC)C(=O)OCCCC)C(CC(=O)OCCCC)C(=O)OCCCC)C(=O)OCCCC,XH_2025,XH_2025,1
-5.4220495,0.477611216,CCCCOC(=O)CC(NCCCN(CCCNC(CC(=O)OCCCC)C(=O)OCCCC)CCCNC(CC(=O)OCCCC)C(=O)OCCCC)C(=O)OCCCC,XH_2025,XH_2025,1
-6.6244864,0.477611216,CCCCOC(=O)CC(NCCN(CCNC(CC(=O)OCCCC)C(=O)OCCCC)CCNC(CC(=O)OCCCC)C(=O)OCCCC)C(=O)OCCCC,XH_2025,XH_2025,1
-6.2204103,0.477611216,CCCCOC(=O)CC(NCCN1CCN(CCN(CCNC(CC(=O)OCCCC)C(=O)OCCCC)C(CC(=O)OCCCC)C(=O)OCCCC)CC1)C(=O)OCCCC,XH_2025,XH_2025,1
-5.2569165,-0.894834808,CCCCOC(=O)CC(NCCCN(CCCCN(CCCNC(CC(=O)OCCCC)C(=O)OCCCC)CCCNC(CC(=O)OCCCC)C(=O)OCCCC)CCCNC(CC(=O)OCCCC)C(=O)OCCCC)C(=O)OCCCC,XH_2025,XH_2025,0
-4.037044,0.477611216,CCCCOC(=O)CC(NCCNC(=O)CCN(CCC(=O)NCCNC(CC(=O)OCCCC)C(=O)OCCCC)CCN(CCC(=O)NCCNC(CC(=O)OCCCC)C(=O)OCCCC)CCC(=O)NCCNC(CC(=O)OCCCC)C(=O)OCCCC)C(=O)OCCCC,XH_2025,XH_2025,1
-6.34157,-0.894834808,CCCCOC(=O)CC(C(=O)OCCCC)N(C)C,XH_2025,XH_2025,0
-6.617105,-0.894834808,CCCCOC(=O)CC(C(=O)OCCCC)N(CC)CC,XH_2025,XH_2025,0
-6.9396553,-0.894834808,CCCCOC(=O)CC(NCCO)C(=O)OCCCC,XH_2025,XH_2025,0
-6.4563317,-0.894834808,CCCCOC(=O)CC(C(=O)OCCCC)N(C)CCO,XH_2025,XH_2025,0
-6.6262107,0.477611216,CCCCOC(=O)CC(NCCCCO)C(=O)OCCCC,XH_2025,XH_2025,1
-7.054449,0.477611216,CCCCOC(=O)CC(C(=O)OCCCC)N(C)CCCCO,XH_2025,XH_2025,1
-6.372198,0.477611216,CCCCOC(=O)CC(NCCCN(C)C)C(=O)OCCCC,XH_2025,XH_2025,1
-5.5772247,-0.894834808,CCCCOC(=O)CC(C(=O)OCCCC)N(C)CCCN(C)C,XH_2025,XH_2025,0
-6.0805674,-0.894834808,CCCCOC(=O)CC(NCCN(CC)CC)C(=O)OCCCC,XH_2025,XH_2025,0
-6.042671,-0.894834808,CCCCOC(=O)CC(C(=O)OCCCC)N(C)CCN(CC)CC,XH_2025,XH_2025,0
-6.901041,-0.894834808,CCCCOC(=O)CC(C(=O)OCCCC)N1CCC(N(C)C)C1,XH_2025,XH_2025,0
-6.8862495,-0.894834808,CCCCOC(=O)CC(C(=O)OCCCC)N1CCN(CCO)CC1,XH_2025,XH_2025,0
-6.622236,-0.894834808,CCCCOC(=O)CC(NCCCN(CC)CC)C(=O)OCCCC,XH_2025,XH_2025,0
-6.3725514,-0.894834808,CCCCOC(=O)CC(C(=O)OCCCC)N(C)CCCN(CC)CC,XH_2025,XH_2025,0
-5.9897027,-0.894834808,CCCCOC(=O)CC(NCCN1CCCC1)C(=O)OCCCC,XH_2025,XH_2025,0
-5.4602537,-0.894834808,CCCCOC(=O)CC(C(=O)OCCCC)N(C)CCN1CCCC1,XH_2025,XH_2025,0
-5.8116846,-0.894834808,CCCCOC(=O)CC(NCCCN1CCCC1)C(=O)OCCCC,XH_2025,XH_2025,0
-5.9063582,-0.894834808,CCCCOC(=O)CC(C(=O)OCCCC)N(C)CCCN1CCCC1,XH_2025,XH_2025,0
-6.334373,-0.894834808,CCCCOC(=O)CC(NCCN(C)C)C(=O)OCCCC,XH_2025,XH_2025,0
-5.871444,-0.894834808,CCCCOC(=O)CC(C(=O)OCCCC)N(C)CCN(C)C,XH_2025,XH_2025,0
-5.7705445,-0.894834808,CCCCOC(=O)CC(NCCCN1CCN(C)CC1)C(=O)OCCCC,XH_2025,XH_2025,0
-6.2098436,-0.894834808,CCCCOC(=O)CC(C(=O)OCCCC)N1CCCN(C)CC1,XH_2025,XH_2025,0
-6.5680175,-0.894834808,CCCCOC(=O)CC(C(=O)OCCCC)N1CCN(C)CC1,XH_2025,XH_2025,0
-6.771187,-0.894834808,CCCCOC(=O)CC(C(=O)OCCCC)N1CCC(N(C)C)CC1,XH_2025,XH_2025,0
-6.655177,-0.894834808,CCCCOC(=O)CC(C(=O)OCCCC)N1CCC(N(CC)CC)CC1,XH_2025,XH_2025,0
-6.7978444,0.477611216,CCCCOC(=O)CC(C(=O)OCCCC)N1CCC(N(CC)CC)C1,XH_2025,XH_2025,1
-5.722199,-0.894834808,CCCCOC(=O)CC(C(=O)OCCCC)N1CCN(CCN(CC)CC)CC1,XH_2025,XH_2025,0
-7.238925,-0.894834808,CCCCOC(=O)CC(SCCN1CCOCC1)C(=O)OCCCC,XH_2025,XH_2025,0
-5.973898,0.477611216,CCCCOC(=O)CC(SCCN(C)C)C(=O)OCCCC,XH_2025,XH_2025,1
-6.9034395,0.477611216,CCCCOC(=O)CC(SCCN(CC)CC)C(=O)OCCCC,XH_2025,XH_2025,1
-5.809587,-0.894834808,CCCCC(CC)COC(=O)CC(NCCNC(CC(=O)OCC(CC)CCCC)C(=O)OCC(CC)CCCC)C(=O)OCC(CC)CCCC,XH_2025,XH_2025,0
-6.0039682,0.477611216,CCCCC(CC)COC(=O)CC(NCCCNC(CC(=O)OCC(CC)CCCC)C(=O)OCC(CC)CCCC)C(=O)OCC(CC)CCCC,XH_2025,XH_2025,1
-5.4604,0.477611216,CCCCC(CC)COC(=O)CC(NCCCCCCNC(CC(=O)OCC(CC)CCCC)C(=O)OCC(CC)CCCC)C(=O)OCC(CC)CCCC,XH_2025,XH_2025,1
-4.747836,1.85005724,CCCCC(CC)COC(=O)CC(C(=O)OCC(CC)CCCC)N(C)CCN(C)C(CC(=O)OCC(CC)CCCC)C(=O)OCC(CC)CCCC,XH_2025,XH_2025,3
-6.14295,-0.894834808,CCCCC(CC)COC(=O)CC(NCCCN(CCCN(C)C)C(CC(=O)OCC(CC)CCCC)C(=O)OCC(CC)CCCC)C(=O)OCC(CC)CCCC,XH_2025,XH_2025,0
-6.3863378,0.477611216,CCCCC(CC)COC(=O)CC(NCCN(C)CCNC(CC(=O)OCC(CC)CCCC)C(=O)OCC(CC)CCCC)C(=O)OCC(CC)CCCC,XH_2025,XH_2025,1
-6.2704544,-0.894834808,CCCCC(CC)COC(=O)CC(C(=O)OCC(CC)CCCC)N(C)CCN(C)CCN(C)C(CC(=O)OCC(CC)CCCC)C(=O)OCC(CC)CCCC,XH_2025,XH_2025,0
-5.833976,-0.894834808,CCCCC(CC)COC(=O)CC(NCCCN(C)CCCNC(CC(=O)OCC(CC)CCCC)C(=O)OCC(CC)CCCC)C(=O)OCC(CC)CCCC,XH_2025,XH_2025,0
-4.417282,-0.894834808,CCCCC(CC)COC(=O)CC(C(=O)OCC(CC)CCCC)N(C)CCCN(C)CCCN(C)C(CC(=O)OCC(CC)CCCC)C(=O)OCC(CC)CCCC,XH_2025,XH_2025,0
-6.253674,0.477611216,CCCCC(CC)COC(=O)CC(NCCN(CCO)C(CC(=O)OCC(CC)CCCC)C(=O)OCC(CC)CCCC)C(=O)OCC(CC)CCCC,XH_2025,XH_2025,1
-5.9754057,0.477611216,CCCCC(CC)COC(=O)CC(C(=O)OCC(CC)CCCC)N(CCO)CCN(CCO)C(CC(=O)OCC(CC)CCCC)C(=O)OCC(CC)CCCC,XH_2025,XH_2025,1
-4.8011394,0.477611216,CCCCC(CC)COC(=O)CC(NCCCN1CCN(CCCNC(CC(=O)OCC(CC)CCCC)C(=O)OCC(CC)CCCC)CC1)C(=O)OCC(CC)CCCC,XH_2025,XH_2025,1
-6.2569585,0.477611216,CCCCC(CC)COC(=O)CC(NCCOCCOCCNC(CC(=O)OCC(CC)CCCC)C(=O)OCC(CC)CCCC)C(=O)OCC(CC)CCCC,XH_2025,XH_2025,1
-4.180659,1.85005724,CCCCC(CC)COC(=O)CC(NCCCCC1NC(=O)C(CCCCNC(CC(=O)OCC(CC)CCCC)C(=O)OCC(CC)CCCC)NC1=O)C(=O)OCC(CC)CCCC,XH_2025,XH_2025,3
-5.243104,0.477611216,CCCCC(CC)COC(=O)CC(NCCN(CCNC(CC(=O)OCC(CC)CCCC)C(=O)OCC(CC)CCCC)C(CC(=O)OCC(CC)CCCC)C(=O)OCC(CC)CCCC)C(=O)OCC(CC)CCCC,XH_2025,XH_2025,1
-5.152822,1.85005724,CCCCC(CC)COC(=O)CC(NCCCN(CCCNC(CC(=O)OCC(CC)CCCC)C(=O)OCC(CC)CCCC)CCCNC(CC(=O)OCC(CC)CCCC)C(=O)OCC(CC)CCCC)C(=O)OCC(CC)CCCC,XH_2025,XH_2025,3
-5.392283,0.477611216,CCCCC(CC)COC(=O)CC(NCCN(CCNC(CC(=O)OCC(CC)CCCC)C(=O)OCC(CC)CCCC)CCNC(CC(=O)OCC(CC)CCCC)C(=O)OCC(CC)CCCC)C(=O)OCC(CC)CCCC,XH_2025,XH_2025,1
-5.2431264,-0.894834808,CCCCC(CC)COC(=O)CC(NCCN1CCN(CCN(CCNC(CC(=O)OCC(CC)CCCC)C(=O)OCC(CC)CCCC)C(CC(=O)OCC(CC)CCCC)C(=O)OCC(CC)CCCC)CC1)C(=O)OCC(CC)CCCC,XH_2025,XH_2025,0
-4.348509,-0.894834808,CCCCC(CC)COC(=O)CC(NCCCN(CCCCN(CCCNC(CC(=O)OCC(CC)CCCC)C(=O)OCC(CC)CCCC)CCCNC(CC(=O)OCC(CC)CCCC)C(=O)OCC(CC)CCCC)CCCNC(CC(=O)OCC(CC)CCCC)C(=O)OCC(CC)CCCC)C(=O)OCC(CC)CCCC,XH_2025,XH_2025,0
-5.100616,0.477611216,CCCCC(CC)COC(=O)CC(NCCNC(=O)CCN(CCC(=O)NCCNC(CC(=O)OCC(CC)CCCC)C(=O)OCC(CC)CCCC)CCN(CCC(=O)NCCNC(CC(=O)OCC(CC)CCCC)C(=O)OCC(CC)CCCC)CCC(=O)NCCNC(CC(=O)OCC(CC)CCCC)C(=O)OCC(CC)CCCC)C(=O)OCC(CC)CCCC,XH_2025,XH_2025,1
-6.130968,0.477611216,CCCCC(CC)COC(=O)CC(C(=O)OCC(CC)CCCC)N(C)C,XH_2025,XH_2025,1
-6.474724,0.477611216,CCCCC(CC)COC(=O)CC(C(=O)OCC(CC)CCCC)N(CC)CC,XH_2025,XH_2025,1
-6.87521,-0.894834808,CCCCC(CC)COC(=O)CC(NCCO)C(=O)OCC(CC)CCCC,XH_2025,XH_2025,0
-6.7180505,0.477611216,CCCCC(CC)COC(=O)CC(C(=O)OCC(CC)CCCC)N(C)CCO,XH_2025,XH_2025,1
-6.54094,-0.894834808,CCCCC(CC)COC(=O)CC(NCCCCO)C(=O)OCC(CC)CCCC,XH_2025,XH_2025,0
-6.8746324,0.477611216,CCCCC(CC)COC(=O)CC(C(=O)OCC(CC)CCCC)N(C)CCCCO,XH_2025,XH_2025,1
-6.1859794,-0.894834808,CCCCC(CC)COC(=O)CC(NCCCN(C)C)C(=O)OCC(CC)CCCC,XH_2025,XH_2025,0
-5.665437,-0.894834808,CCCCC(CC)COC(=O)CC(C(=O)OCC(CC)CCCC)N(C)CCCN(C)C,XH_2025,XH_2025,0
-5.9121222,-0.894834808,CCCCC(CC)COC(=O)CC(NCCN(CC)CC)C(=O)OCC(CC)CCCC,XH_2025,XH_2025,0
-6.1867127,-0.894834808,CCCCC(CC)COC(=O)CC(C(=O)OCC(CC)CCCC)N(C)CCN(CC)CC,XH_2025,XH_2025,0
-6.6775455,-0.894834808,CCCCC(CC)COC(=O)CC(C(=O)OCC(CC)CCCC)N1CCC(N(C)C)C1,XH_2025,XH_2025,0
-7.0688324,-0.894834808,CCCCC(CC)COC(=O)CC(C(=O)OCC(CC)CCCC)N1CCN(CCO)CC1,XH_2025,XH_2025,0
-6.6006875,-0.894834808,CCCCC(CC)COC(=O)CC(NCCCN(CC)CC)C(=O)OCC(CC)CCCC,XH_2025,XH_2025,0
-5.7046795,-0.894834808,CCCCC(CC)COC(=O)CC(C(=O)OCC(CC)CCCC)N(C)CCCN(CC)CC,XH_2025,XH_2025,0
-6.3743663,-0.894834808,CCCCC(CC)COC(=O)CC(NCCN1CCCC1)C(=O)OCC(CC)CCCC,XH_2025,XH_2025,0
-5.930209,-0.894834808,CCCCC(CC)COC(=O)CC(C(=O)OCC(CC)CCCC)N(C)CCN1CCCC1,XH_2025,XH_2025,0
-5.5844846,-0.894834808,CCCCC(CC)COC(=O)CC(NCCCN1CCCC1)C(=O)OCC(CC)CCCC,XH_2025,XH_2025,0
-5.5840845,-0.894834808,CCCCC(CC)COC(=O)CC(C(=O)OCC(CC)CCCC)N(C)CCCN1CCCC1,XH_2025,XH_2025,0
-5.615495,-0.894834808,CCCCC(CC)COC(=O)CC(NCCN(C)C)C(=O)OCC(CC)CCCC,XH_2025,XH_2025,0
-5.6659546,-0.894834808,CCCCC(CC)COC(=O)CC(C(=O)OCC(CC)CCCC)N(C)CCN(C)C,XH_2025,XH_2025,0
-6.6365676,-0.894834808,CCCCC(CC)COC(=O)CC(NCCCN1CCN(C)CC1)C(=O)OCC(CC)CCCC,XH_2025,XH_2025,0
-6.5975747,-0.894834808,CCCCC(CC)COC(=O)CC(C(=O)OCC(CC)CCCC)N1CCCN(C)CC1,XH_2025,XH_2025,0
-6.9515424,-0.894834808,CCCCC(CC)COC(=O)CC(C(=O)OCC(CC)CCCC)N1CCN(C)CC1,XH_2025,XH_2025,0
-6.830496,-0.894834808,CCCCC(CC)COC(=O)CC(C(=O)OCC(CC)CCCC)N1CCC(N(C)C)CC1,XH_2025,XH_2025,0
-7.130042,-0.894834808,CCCCC(CC)COC(=O)CC(C(=O)OCC(CC)CCCC)N1CCC(N(CC)CC)CC1,XH_2025,XH_2025,0
-6.9553475,-0.894834808,CCCCC(CC)COC(=O)CC(C(=O)OCC(CC)CCCC)N1CCC(N(CC)CC)C1,XH_2025,XH_2025,0
-6.0006685,-0.894834808,CCCCC(CC)COC(=O)CC(C(=O)OCC(CC)CCCC)N1CCN(CCN(CC)CC)CC1,XH_2025,XH_2025,0
-8.129886,-0.894834808,CCCCC(CC)COC(=O)CC(SCCN1CCOCC1)C(=O)OCC(CC)CCCC,XH_2025,XH_2025,0
-6.5585303,-0.894834808,CCCCC(CC)COC(=O)CC(SCCN(C)C)C(=O)OCC(CC)CCCC,XH_2025,XH_2025,0
-6.6470847,0.477611216,CCCCC(CC)COC(=O)CC(SCCN(CC)CC)C(=O)OCC(CC)CCCC,XH_2025,XH_2025,1
-5.6739197,0.477611216,CCCCCCCCOC(=O)CC(NCCNC(CC(=O)OCCCCCCCC)C(=O)OCCCCCCCC)C(=O)OCCCCCCCC,XH_2025,XH_2025,1
-5.2916512,0.477611216,CCCCCCCCOC(=O)CC(NCCCNC(CC(=O)OCCCCCCCC)C(=O)OCCCCCCCC)C(=O)OCCCCCCCC,XH_2025,XH_2025,1
-5.946358,0.477611216,CCCCCCCCOC(=O)CC(NCCCCCCNC(CC(=O)OCCCCCCCC)C(=O)OCCCCCCCC)C(=O)OCCCCCCCC,XH_2025,XH_2025,1
-3.9272914,1.85005724,CCCCCCCCOC(=O)CC(C(=O)OCCCCCCCC)N(C)CCN(C)C(CC(=O)OCCCCCCCC)C(=O)OCCCCCCCC,XH_2025,XH_2025,3
-6.336016,-0.894834808,CCCCCCCCOC(=O)CC(NCCCN(CCCN(C)C)C(CC(=O)OCCCCCCCC)C(=O)OCCCCCCCC)C(=O)OCCCCCCCC,XH_2025,XH_2025,0
-5.43449,0.477611216,CCCCCCCCOC(=O)CC(NCCN(C)CCNC(CC(=O)OCCCCCCCC)C(=O)OCCCCCCCC)C(=O)OCCCCCCCC,XH_2025,XH_2025,1
-5.020852,-0.894834808,CCCCCCCCOC(=O)CC(C(=O)OCCCCCCCC)N(C)CCN(C)CCN(C)C(CC(=O)OCCCCCCCC)C(=O)OCCCCCCCC,XH_2025,XH_2025,0
-5.7288685,-0.894834808,CCCCCCCCOC(=O)CC(NCCCN(C)CCCNC(CC(=O)OCCCCCCCC)C(=O)OCCCCCCCC)C(=O)OCCCCCCCC,XH_2025,XH_2025,0
-4.120638,0.477611216,CCCCCCCCOC(=O)CC(C(=O)OCCCCCCCC)N(C)CCCN(C)CCCN(C)C(CC(=O)OCCCCCCCC)C(=O)OCCCCCCCC,XH_2025,XH_2025,1
-5.4874163,0.477611216,CCCCCCCCOC(=O)CC(NCCN(CCO)C(CC(=O)OCCCCCCCC)C(=O)OCCCCCCCC)C(=O)OCCCCCCCC,XH_2025,XH_2025,1
-4.6758046,0.477611216,CCCCCCCCOC(=O)CC(C(=O)OCCCCCCCC)N(CCO)CCN(CCO)C(CC(=O)OCCCCCCCC)C(=O)OCCCCCCCC,XH_2025,XH_2025,1
-4.918362,0.477611216,CCCCCCCCOC(=O)CC(NCCCN1CCN(CCCNC(CC(=O)OCCCCCCCC)C(=O)OCCCCCCCC)CC1)C(=O)OCCCCCCCC,XH_2025,XH_2025,1
-5.7113113,0.477611216,CCCCCCCCOC(=O)CC(NCCOCCOCCNC(CC(=O)OCCCCCCCC)C(=O)OCCCCCCCC)C(=O)OCCCCCCCC,XH_2025,XH_2025,1
-4.739975,1.85005724,CCCCCCCCOC(=O)CC(NCCCCC1NC(=O)C(CCCCNC(CC(=O)OCCCCCCCC)C(=O)OCCCCCCCC)NC1=O)C(=O)OCCCCCCCC,XH_2025,XH_2025,3
-4.685603,0.477611216,CCCCCCCCOC(=O)CC(NCCN(CCNC(CC(=O)OCCCCCCCC)C(=O)OCCCCCCCC)C(CC(=O)OCCCCCCCC)C(=O)OCCCCCCCC)C(=O)OCCCCCCCC,XH_2025,XH_2025,1
-3.9150746,1.85005724,CCCCCCCCOC(=O)CC(NCCCN(CCCNC(CC(=O)OCCCCCCCC)C(=O)OCCCCCCCC)CCCNC(CC(=O)OCCCCCCCC)C(=O)OCCCCCCCC)C(=O)OCCCCCCCC,XH_2025,XH_2025,3
-5.09429,0.477611216,CCCCCCCCOC(=O)CC(NCCN(CCNC(CC(=O)OCCCCCCCC)C(=O)OCCCCCCCC)CCNC(CC(=O)OCCCCCCCC)C(=O)OCCCCCCCC)C(=O)OCCCCCCCC,XH_2025,XH_2025,1
-3.906829,-0.894834808,CCCCCCCCOC(=O)CC(NCCN1CCN(CCN(CCNC(CC(=O)OCCCCCCCC)C(=O)OCCCCCCCC)C(CC(=O)OCCCCCCCC)C(=O)OCCCCCCCC)CC1)C(=O)OCCCCCCCC,XH_2025,XH_2025,0
-4.021581,-0.894834808,CCCCCCCCOC(=O)CC(NCCCN(CCCCN(CCCNC(CC(=O)OCCCCCCCC)C(=O)OCCCCCCCC)CCCNC(CC(=O)OCCCCCCCC)C(=O)OCCCCCCCC)CCCNC(CC(=O)OCCCCCCCC)C(=O)OCCCCCCCC)C(=O)OCCCCCCCC,XH_2025,XH_2025,0
-4.3205023,1.85005724,CCCCCCCCOC(=O)CC(NCCNC(=O)CCN(CCC(=O)NCCNC(CC(=O)OCCCCCCCC)C(=O)OCCCCCCCC)CCN(CCC(=O)NCCNC(CC(=O)OCCCCCCCC)C(=O)OCCCCCCCC)CCC(=O)NCCNC(CC(=O)OCCCCCCCC)C(=O)OCCCCCCCC)C(=O)OCCCCCCCC,XH_2025,XH_2025,3
-6.60734,0.477611216,CCCCCCCCOC(=O)CC(C(=O)OCCCCCCCC)N(C)C,XH_2025,XH_2025,1
-6.134728,-0.894834808,CCCCCCCCOC(=O)CC(C(=O)OCCCCCCCC)N(CC)CC,XH_2025,XH_2025,0
-7.3850994,-0.894834808,CCCCCCCCOC(=O)CC(NCCO)C(=O)OCCCCCCCC,XH_2025,XH_2025,0
-6.5665274,-0.894834808,CCCCCCCCOC(=O)CC(C(=O)OCCCCCCCC)N(C)CCO,XH_2025,XH_2025,0
-7.5729656,-0.894834808,CCCCCCCCOC(=O)CC(NCCCCO)C(=O)OCCCCCCCC,XH_2025,XH_2025,0
-7.666256,0.477611216,CCCCCCCCOC(=O)CC(C(=O)OCCCCCCCC)N(C)CCCCO,XH_2025,XH_2025,1
-6.868416,-0.894834808,CCCCCCCCOC(=O)CC(NCCCN(C)C)C(=O)OCCCCCCCC,XH_2025,XH_2025,0
-6.389933,-0.894834808,CCCCCCCCOC(=O)CC(C(=O)OCCCCCCCC)N(C)CCCN(C)C,XH_2025,XH_2025,0
-6.8141932,-0.894834808,CCCCCCCCOC(=O)CC(NCCN(CC)CC)C(=O)OCCCCCCCC,XH_2025,XH_2025,0
-6.406582,-0.894834808,CCCCCCCCOC(=O)CC(C(=O)OCCCCCCCC)N(C)CCN(CC)CC,XH_2025,XH_2025,0
-7.6727576,-0.894834808,CCCCCCCCOC(=O)CC(C(=O)OCCCCCCCC)N1CCC(N(C)C)C1,XH_2025,XH_2025,0
-7.1580167,-0.894834808,CCCCCCCCOC(=O)CC(C(=O)OCCCCCCCC)N1CCN(CCO)CC1,XH_2025,XH_2025,0
-7.446694,-0.894834808,CCCCCCCCOC(=O)CC(NCCCN(CC)CC)C(=O)OCCCCCCCC,XH_2025,XH_2025,0
-6.5121517,-0.894834808,CCCCCCCCOC(=O)CC(C(=O)OCCCCCCCC)N(C)CCCN(CC)CC,XH_2025,XH_2025,0
-5.881095,-0.894834808,CCCCCCCCOC(=O)CC(NCCN1CCCC1)C(=O)OCCCCCCCC,XH_2025,XH_2025,0
-6.779432,-0.894834808,CCCCCCCCOC(=O)CC(C(=O)OCCCCCCCC)N(C)CCN1CCCC1,XH_2025,XH_2025,0
-5.5264587,-0.894834808,CCCCCCCCOC(=O)CC(NCCCN1CCCC1)C(=O)OCCCCCCCC,XH_2025,XH_2025,0
-6.7813077,-0.894834808,CCCCCCCCOC(=O)CC(C(=O)OCCCCCCCC)N(C)CCCN1CCCC1,XH_2025,XH_2025,0
-6.324246,-0.894834808,CCCCCCCCOC(=O)CC(NCCN(C)C)C(=O)OCCCCCCCC,XH_2025,XH_2025,0
-6.5289187,-0.894834808,CCCCCCCCOC(=O)CC(C(=O)OCCCCCCCC)N(C)CCN(C)C,XH_2025,XH_2025,0
-7.0467362,-0.894834808,CCCCCCCCOC(=O)CC(NCCCN1CCN(C)CC1)C(=O)OCCCCCCCC,XH_2025,XH_2025,0
-6.1094646,-0.894834808,CCCCCCCCOC(=O)CC(C(=O)OCCCCCCCC)N1CCCN(C)CC1,XH_2025,XH_2025,0
-7.141068,-0.894834808,CCCCCCCCOC(=O)CC(C(=O)OCCCCCCCC)N1CCN(C)CC1,XH_2025,XH_2025,0
-7.16429,-0.894834808,CCCCCCCCOC(=O)CC(C(=O)OCCCCCCCC)N1CCC(N(C)C)CC1,XH_2025,XH_2025,0
-8.243047,-0.894834808,CCCCCCCCOC(=O)CC(C(=O)OCCCCCCCC)N1CCC(N(CC)CC)CC1,XH_2025,XH_2025,0
-7.6822524,-0.894834808,CCCCCCCCOC(=O)CC(C(=O)OCCCCCCCC)N1CCC(N(CC)CC)C1,XH_2025,XH_2025,0
-6.5493164,-0.894834808,CCCCCCCCOC(=O)CC(C(=O)OCCCCCCCC)N1CCN(CCN(CC)CC)CC1,XH_2025,XH_2025,0
-7.7832546,0.477611216,CCCCCCCCOC(=O)CC(SCCN1CCOCC1)C(=O)OCCCCCCCC,XH_2025,XH_2025,1
-6.5212793,-0.894834808,CCCCCCCCOC(=O)CC(SCCN(C)C)C(=O)OCCCCCCCC,XH_2025,XH_2025,0
-6.7361565,0.477611216,CCCCCCCCOC(=O)CC(SCCN(CC)CC)C(=O)OCCCCCCCC,XH_2025,XH_2025,1
-4.8100224,-0.894834808,CC(C)CCCCCOC(=O)CC(NCCNC(CC(=O)OCCCCCC(C)C)C(=O)OCCCCCC(C)C)C(=O)OCCCCCC(C)C,XH_2025,XH_2025,0
-4.899313,0.477611216,CC(C)CCCCCOC(=O)CC(NCCCNC(CC(=O)OCCCCCC(C)C)C(=O)OCCCCCC(C)C)C(=O)OCCCCCC(C)C,XH_2025,XH_2025,1
-4.447403,0.477611216,CC(C)CCCCCOC(=O)CC(NCCCCCCNC(CC(=O)OCCCCCC(C)C)C(=O)OCCCCCC(C)C)C(=O)OCCCCCC(C)C,XH_2025,XH_2025,1
-4.976144,-0.894834808,CC(C)CCCCCOC(=O)CC(C(=O)OCCCCCC(C)C)N(C)CCN(C)C(CC(=O)OCCCCCC(C)C)C(=O)OCCCCCC(C)C,XH_2025,XH_2025,0
-6.0720024,-0.894834808,CC(C)CCCCCOC(=O)CC(NCCCN(CCCN(C)C)C(CC(=O)OCCCCCC(C)C)C(=O)OCCCCCC(C)C)C(=O)OCCCCCC(C)C,XH_2025,XH_2025,0
-5.0365686,0.477611216,CC(C)CCCCCOC(=O)CC(NCCN(C)CCNC(CC(=O)OCCCCCC(C)C)C(=O)OCCCCCC(C)C)C(=O)OCCCCCC(C)C,XH_2025,XH_2025,1
-5.0297136,-0.894834808,CC(C)CCCCCOC(=O)CC(C(=O)OCCCCCC(C)C)N(C)CCN(C)CCN(C)C(CC(=O)OCCCCCC(C)C)C(=O)OCCCCCC(C)C,XH_2025,XH_2025,0
-5.1182528,-0.894834808,CC(C)CCCCCOC(=O)CC(NCCCN(C)CCCNC(CC(=O)OCCCCCC(C)C)C(=O)OCCCCCC(C)C)C(=O)OCCCCCC(C)C,XH_2025,XH_2025,0
-4.292726,0.477611216,CC(C)CCCCCOC(=O)CC(C(=O)OCCCCCC(C)C)N(C)CCCN(C)CCCN(C)C(CC(=O)OCCCCCC(C)C)C(=O)OCCCCCC(C)C,XH_2025,XH_2025,1
-5.845382,-0.894834808,CC(C)CCCCCOC(=O)CC(NCCN(CCO)C(CC(=O)OCCCCCC(C)C)C(=O)OCCCCCC(C)C)C(=O)OCCCCCC(C)C,XH_2025,XH_2025,0
-5.781609,0.477611216,CC(C)CCCCCOC(=O)CC(C(=O)OCCCCCC(C)C)N(CCO)CCN(CCO)C(CC(=O)OCCCCCC(C)C)C(=O)OCCCCCC(C)C,XH_2025,XH_2025,1
-4.238799,0.477611216,CC(C)CCCCCOC(=O)CC(NCCCN1CCN(CCCNC(CC(=O)OCCCCCC(C)C)C(=O)OCCCCCC(C)C)CC1)C(=O)OCCCCCC(C)C,XH_2025,XH_2025,1
-5.022772,0.477611216,CC(C)CCCCCOC(=O)CC(NCCOCCOCCNC(CC(=O)OCCCCCC(C)C)C(=O)OCCCCCC(C)C)C(=O)OCCCCCC(C)C,XH_2025,XH_2025,1
-3.3840356,1.85005724,CC(C)CCCCCOC(=O)CC(NCCCCC1NC(=O)C(CCCCNC(CC(=O)OCCCCCC(C)C)C(=O)OCCCCCC(C)C)NC1=O)C(=O)OCCCCCC(C)C,XH_2025,XH_2025,3
-4.9220204,0.477611216,CC(C)CCCCCOC(=O)CC(NCCN(CCNC(CC(=O)OCCCCCC(C)C)C(=O)OCCCCCC(C)C)C(CC(=O)OCCCCCC(C)C)C(=O)OCCCCCC(C)C)C(=O)OCCCCCC(C)C,XH_2025,XH_2025,1
-3.9814863,1.85005724,CC(C)CCCCCOC(=O)CC(NCCCN(CCCNC(CC(=O)OCCCCCC(C)C)C(=O)OCCCCCC(C)C)CCCNC(CC(=O)OCCCCCC(C)C)C(=O)OCCCCCC(C)C)C(=O)OCCCCCC(C)C,XH_2025,XH_2025,3
-4.7150626,0.477611216,CC(C)CCCCCOC(=O)CC(NCCN(CCNC(CC(=O)OCCCCCC(C)C)C(=O)OCCCCCC(C)C)CCNC(CC(=O)OCCCCCC(C)C)C(=O)OCCCCCC(C)C)C(=O)OCCCCCC(C)C,XH_2025,XH_2025,1
-4.328296,-0.894834808,CC(C)CCCCCOC(=O)CC(NCCN1CCN(CCN(CCNC(CC(=O)OCCCCCC(C)C)C(=O)OCCCCCC(C)C)C(CC(=O)OCCCCCC(C)C)C(=O)OCCCCCC(C)C)CC1)C(=O)OCCCCCC(C)C,XH_2025,XH_2025,0
-3.848614,0.477611216,CC(C)CCCCCOC(=O)CC(NCCCN(CCCCN(CCCNC(CC(=O)OCCCCCC(C)C)C(=O)OCCCCCC(C)C)CCCNC(CC(=O)OCCCCCC(C)C)C(=O)OCCCCCC(C)C)CCCNC(CC(=O)OCCCCCC(C)C)C(=O)OCCCCCC(C)C)C(=O)OCCCCCC(C)C,XH_2025,XH_2025,1
-5.2477975,0.477611216,CC(C)CCCCCOC(=O)CC(NCCNC(=O)CCN(CCC(=O)NCCNC(CC(=O)OCCCCCC(C)C)C(=O)OCCCCCC(C)C)CCN(CCC(=O)NCCNC(CC(=O)OCCCCCC(C)C)C(=O)OCCCCCC(C)C)CCC(=O)NCCNC(CC(=O)OCCCCCC(C)C)C(=O)OCCCCCC(C)C)C(=O)OCCCCCC(C)C,XH_2025,XH_2025,1
-6.144839,0.477611216,CC(C)CCCCCOC(=O)CC(C(=O)OCCCCCC(C)C)N(C)C,XH_2025,XH_2025,1
-5.9446354,-0.894834808,CCN(CC)C(CC(=O)OCCCCCC(C)C)C(=O)OCCCCCC(C)C,XH_2025,XH_2025,0
-6.5147657,-0.894834808,CC(C)CCCCCOC(=O)CC(NCCO)C(=O)OCCCCCC(C)C,XH_2025,XH_2025,0
-6.2942257,-0.894834808,CC(C)CCCCCOC(=O)CC(C(=O)OCCCCCC(C)C)N(C)CCO,XH_2025,XH_2025,0
-6.3273497,-0.894834808,CC(C)CCCCCOC(=O)CC(NCCCCO)C(=O)OCCCCCC(C)C,XH_2025,XH_2025,0
-5.887179,0.477611216,CC(C)CCCCCOC(=O)CC(C(=O)OCCCCCC(C)C)N(C)CCCCO,XH_2025,XH_2025,1
-6.3434496,-0.894834808,CC(C)CCCCCOC(=O)CC(NCCCN(C)C)C(=O)OCCCCCC(C)C,XH_2025,XH_2025,0
-6.732469,-0.894834808,CC(C)CCCCCOC(=O)CC(C(=O)OCCCCCC(C)C)N(C)CCCN(C)C,XH_2025,XH_2025,0
-6.4225736,-0.894834808,CCN(CC)CCNC(CC(=O)OCCCCCC(C)C)C(=O)OCCCCCC(C)C,XH_2025,XH_2025,0
-6.13845,-0.894834808,CCN(CC)CCN(C)C(CC(=O)OCCCCCC(C)C)C(=O)OCCCCCC(C)C,XH_2025,XH_2025,0
-6.436086,-0.894834808,CC(C)CCCCCOC(=O)CC(C(=O)OCCCCCC(C)C)N1CCC(N(C)C)C1,XH_2025,XH_2025,0
-6.4881854,-0.894834808,CC(C)CCCCCOC(=O)CC(C(=O)OCCCCCC(C)C)N1CCN(CCO)CC1,XH_2025,XH_2025,0
-6.090384,-0.894834808,CCN(CC)CCCNC(CC(=O)OCCCCCC(C)C)C(=O)OCCCCCC(C)C,XH_2025,XH_2025,0
-6.3278785,-0.894834808,CCN(CC)CCCN(C)C(CC(=O)OCCCCCC(C)C)C(=O)OCCCCCC(C)C,XH_2025,XH_2025,0
-5.5021787,-0.894834808,CC(C)CCCCCOC(=O)CC(NCCN1CCCC1)C(=O)OCCCCCC(C)C,XH_2025,XH_2025,0
-5.998019,-0.894834808,CC(C)CCCCCOC(=O)CC(C(=O)OCCCCCC(C)C)N(C)CCN1CCCC1,XH_2025,XH_2025,0
-5.491246,-0.894834808,CC(C)CCCCCOC(=O)CC(NCCCN1CCCC1)C(=O)OCCCCCC(C)C,XH_2025,XH_2025,0
-5.88742,-0.894834808,CC(C)CCCCCOC(=O)CC(C(=O)OCCCCCC(C)C)N(C)CCCN1CCCC1,XH_2025,XH_2025,0
-6.393176,-0.894834808,CC(C)CCCCCOC(=O)CC(NCCN(C)C)C(=O)OCCCCCC(C)C,XH_2025,XH_2025,0
-6.10866,-0.894834808,CC(C)CCCCCOC(=O)CC(C(=O)OCCCCCC(C)C)N(C)CCN(C)C,XH_2025,XH_2025,0
-5.353779,-0.894834808,CC(C)CCCCCOC(=O)CC(NCCCN1CCN(C)CC1)C(=O)OCCCCCC(C)C,XH_2025,XH_2025,0
-6.118867,-0.894834808,CC(C)CCCCCOC(=O)CC(C(=O)OCCCCCC(C)C)N1CCCN(C)CC1,XH_2025,XH_2025,0
-6.4690127,-0.894834808,CC(C)CCCCCOC(=O)CC(C(=O)OCCCCCC(C)C)N1CCN(C)CC1,XH_2025,XH_2025,0
-6.4509306,-0.894834808,CC(C)CCCCCOC(=O)CC(C(=O)OCCCCCC(C)C)N1CCC(N(C)C)CC1,XH_2025,XH_2025,0
-6.6980357,-0.894834808,CCN(CC)C1CCN(C(CC(=O)OCCCCCC(C)C)C(=O)OCCCCCC(C)C)CC1,XH_2025,XH_2025,0
-6.3890276,-0.894834808,CCN(CC)C1CCN(C(CC(=O)OCCCCCC(C)C)C(=O)OCCCCCC(C)C)C1,XH_2025,XH_2025,0
-5.4338627,-0.894834808,CCN(CC)CCN1CCN(C(CC(=O)OCCCCCC(C)C)C(=O)OCCCCCC(C)C)CC1,XH_2025,XH_2025,0
-7.715822,-0.894834808,CC(C)CCCCCOC(=O)CC(SCCN1CCOCC1)C(=O)OCCCCCC(C)C,XH_2025,XH_2025,0
-5.5812416,-0.894834808,CC(C)CCCCCOC(=O)CC(SCCN(C)C)C(=O)OCCCCCC(C)C,XH_2025,XH_2025,0
-6.200518,0.477611216,CCN(CC)CCSC(CC(=O)OCCCCCC(C)C)C(=O)OCCCCCC(C)C,XH_2025,XH_2025,1
-5.3677006,0.477611216,CCCCC/C=C\C/C=C\CCCCCCCCOC(=O)C(CC(=O)OCC(CC)CCCC)NCCNC(CC(=O)OCC(CC)CCCC)C(=O)OCCCCCCCC/C=C\C/C=C\CCCCC,XH_2025,XH_2025,1
-4.212397,0.477611216,CCCCC/C=C\C/C=C\CCCCCCCCOC(=O)C(CC(=O)OCC(CC)CCCC)NCCCNC(CC(=O)OCC(CC)CCCC)C(=O)OCCCCCCCC/C=C\C/C=C\CCCCC,XH_2025,XH_2025,1
-5.0197697,0.477611216,CCCCC/C=C\C/C=C\CCCCCCCCOC(=O)C(CC(=O)OCC(CC)CCCC)NCCCCCCNC(CC(=O)OCC(CC)CCCC)C(=O)OCCCCCCCC/C=C\C/C=C\CCCCC,XH_2025,XH_2025,1
-3.8773162,0.477611216,CCCCC/C=C\C/C=C\CCCCCCCCOC(=O)C(CC(=O)OCC(CC)CCCC)N(C)CCN(C)C(CC(=O)OCC(CC)CCCC)C(=O)OCCCCCCCC/C=C\C/C=C\CCCCC,XH_2025,XH_2025,1
-4.0696363,-0.894834808,CCCCC/C=C\C/C=C\CCCCCCCCOC(=O)C(CC(=O)OCC(CC)CCCC)NCCCN(CCCN(C)C)C(CC(=O)OCC(CC)CCCC)C(=O)OCCCCCCCC/C=C\C/C=C\CCCCC,XH_2025,XH_2025,0
-5.05002,1.85005724,CCCCC/C=C\C/C=C\CCCCCCCCOC(=O)C(CC(=O)OCC(CC)CCCC)NCCN(C)CCNC(CC(=O)OCC(CC)CCCC)C(=O)OCCCCCCCC/C=C\C/C=C\CCCCC,XH_2025,XH_2025,3
-3.5695157,1.85005724,CCCCC/C=C\C/C=C\CCCCCCCCOC(=O)C(CC(=O)OCC(CC)CCCC)N(C)CCN(C)CCN(C)C(CC(=O)OCC(CC)CCCC)C(=O)OCCCCCCCC/C=C\C/C=C\CCCCC,XH_2025,XH_2025,3
-3.7326374,0.477611216,CCCCC/C=C\C/C=C\CCCCCCCCOC(=O)C(CC(=O)OCC(CC)CCCC)NCCCN(C)CCCNC(CC(=O)OCC(CC)CCCC)C(=O)OCCCCCCCC/C=C\C/C=C\CCCCC,XH_2025,XH_2025,1
-4.610301,1.85005724,CCCCC/C=C\C/C=C\CCCCCCCCOC(=O)C(CC(=O)OCC(CC)CCCC)N(C)CCCN(C)CCCN(C)C(CC(=O)OCC(CC)CCCC)C(=O)OCCCCCCCC/C=C\C/C=C\CCCCC,XH_2025,XH_2025,3
-3.786178,0.477611216,CCCCC/C=C\C/C=C\CCCCCCCCOC(=O)C(CC(=O)OCC(CC)CCCC)NCCN(CCO)C(CC(=O)OCC(CC)CCCC)C(=O)OCCCCCCCC/C=C\C/C=C\CCCCC,XH_2025,XH_2025,1
-4.0287285,0.477611216,CCCCC/C=C\C/C=C\CCCCCCCCOC(=O)C(CC(=O)OCC(CC)CCCC)N(CCO)CCN(CCO)C(CC(=O)OCC(CC)CCCC)C(=O)OCCCCCCCC/C=C\C/C=C\CCCCC,XH_2025,XH_2025,1
-3.2479815,1.85005724,CCCCC/C=C\C/C=C\CCCCCCCCOC(=O)C(CC(=O)OCC(CC)CCCC)NCCCN1CCN(CCCNC(CC(=O)OCC(CC)CCCC)C(=O)OCCCCCCCC/C=C\C/C=C\CCCCC)CC1,XH_2025,XH_2025,3
-5.095827,0.477611216,CCCCC/C=C\C/C=C\CCCCCCCCOC(=O)C(CC(=O)OCC(CC)CCCC)NCCOCCOCCNC(CC(=O)OCC(CC)CCCC)C(=O)OCCCCCCCC/C=C\C/C=C\CCCCC,XH_2025,XH_2025,1
-4.1419706,1.85005724,CCCCC/C=C\C/C=C\CCCCCCCCOC(=O)C(CC(=O)OCC(CC)CCCC)NCCCCC1NC(=O)C(CCCCNC(CC(=O)OCC(CC)CCCC)C(=O)OCCCCCCCC/C=C\C/C=C\CCCCC)NC1=O,XH_2025,XH_2025,3
-4.971289,0.477611216,CCCCC/C=C\C/C=C\CCCCCCCCOC(=O)C(CC(=O)OCC(CC)CCCC)NCCN(CCNC(CC(=O)OCC(CC)CCCC)C(=O)OCCCCCCCC/C=C\C/C=C\CCCCC)C(CC(=O)OCC(CC)CCCC)C(=O)OCCCCCCCC/C=C\C/C=C\CCCCC,XH_2025,XH_2025,1
-4.2704835,1.85005724,CCCCC/C=C\C/C=C\CCCCCCCCOC(=O)C(CC(=O)OCC(CC)CCCC)NCCCN(CCCNC(CC(=O)OCC(CC)CCCC)C(=O)OCCCCCCCC/C=C\C/C=C\CCCCC)CCCNC(CC(=O)OCC(CC)CCCC)C(=O)OCCCCCCCC/C=C\C/C=C\CCCCC,XH_2025,XH_2025,3
-4.784318,1.85005724,CCCCC/C=C\C/C=C\CCCCCCCCOC(=O)C(CC(=O)OCC(CC)CCCC)NCCN(CCNC(CC(=O)OCC(CC)CCCC)C(=O)OCCCCCCCC/C=C\C/C=C\CCCCC)CCNC(CC(=O)OCC(CC)CCCC)C(=O)OCCCCCCCC/C=C\C/C=C\CCCCC,XH_2025,XH_2025,3
-3.4257302,0.477611216,CCCCC/C=C\C/C=C\CCCCCCCCOC(=O)C(CC(=O)OCC(CC)CCCC)NCCN1CCN(CCN(CCNC(CC(=O)OCC(CC)CCCC)C(=O)OCCCCCCCC/C=C\C/C=C\CCCCC)C(CC(=O)OCC(CC)CCCC)C(=O)OCCCCCCCC/C=C\C/C=C\CCCCC)CC1,XH_2025,XH_2025,1
-4.743145,1.85005724,CCCCC/C=C\C/C=C\CCCCCCCCOC(=O)C(CC(=O)OCC(CC)CCCC)NCCCN(CCCCN(CCCNC(CC(=O)OCC(CC)CCCC)C(=O)OCCCCCCCC/C=C\C/C=C\CCCCC)CCCNC(CC(=O)OCC(CC)CCCC)C(=O)OCCCCCCCC/C=C\C/C=C\CCCCC)CCCNC(CC(=O)OCC(CC)CCCC)C(=O)OCCCCCCCC/C=C\C/C=C\CCCCC,XH_2025,XH_2025,3
-4.4451413,1.85005724,CCCCC/C=C\C/C=C\CCCCCCCCOC(=O)C(CC(=O)OCC(CC)CCCC)NCCNC(=O)CCN(CCC(=O)NCCNC(CC(=O)OCC(CC)CCCC)C(=O)OCCCCCCCC/C=C\C/C=C\CCCCC)CCN(CCC(=O)NCCNC(CC(=O)OCC(CC)CCCC)C(=O)OCCCCCCCC/C=C\C/C=C\CCCCC)CCC(=O)NCCNC(CC(=O)OCC(CC)CCCC)C(=O)OCCCCCCCC/C=C\C/C=C\CCCCC,XH_2025,XH_2025,3
-5.4126296,-0.894834808,CCCCC/C=C\C/C=C\CCCCCCCCOC(=O)C(CC(=O)OCC(CC)CCCC)N(C)C,XH_2025,XH_2025,0
-5.693971,-0.894834808,CCCCC/C=C\C/C=C\CCCCCCCCOC(=O)C(CC(=O)OCC(CC)CCCC)N(CC)CC,XH_2025,XH_2025,0
-6.157969,-0.894834808,CCCCC/C=C\C/C=C\CCCCCCCCOC(=O)C(CC(=O)OCC(CC)CCCC)NCCO,XH_2025,XH_2025,0
-6.4217043,-0.894834808,CCCCC/C=C\C/C=C\CCCCCCCCOC(=O)C(CC(=O)OCC(CC)CCCC)N(C)CCO,XH_2025,XH_2025,0
-6.317142,0.477611216,CCCCC/C=C\C/C=C\CCCCCCCCOC(=O)C(CC(=O)OCC(CC)CCCC)NCCCCO,XH_2025,XH_2025,1
-6.052736,-0.894834808,CCCCC/C=C\C/C=C\CCCCCCCCOC(=O)C(CC(=O)OCC(CC)CCCC)N(C)CCCCO,XH_2025,XH_2025,0
-5.812129,-0.894834808,CCCCC/C=C\C/C=C\CCCCCCCCOC(=O)C(CC(=O)OCC(CC)CCCC)NCCCN(C)C,XH_2025,XH_2025,0
-5.2234406,-0.894834808,CCCCC/C=C\C/C=C\CCCCCCCCOC(=O)C(CC(=O)OCC(CC)CCCC)N(C)CCCN(C)C,XH_2025,XH_2025,0
-5.1365495,-0.894834808,CCCCC/C=C\C/C=C\CCCCCCCCOC(=O)C(CC(=O)OCC(CC)CCCC)NCCN(CC)CC,XH_2025,XH_2025,0
-5.038294,-0.894834808,CCCCC/C=C\C/C=C\CCCCCCCCOC(=O)C(CC(=O)OCC(CC)CCCC)N(C)CCN(CC)CC,XH_2025,XH_2025,0
-7.3240347,0.477611216,CCCCC/C=C\C/C=C\CCCCCCCCOC(=O)C(CC(=O)OCC(CC)CCCC)N1CCC(N(C)C)C1,XH_2025,XH_2025,1
-7.159893,0.477611216,CCCCC/C=C\C/C=C\CCCCCCCCOC(=O)C(CC(=O)OCC(CC)CCCC)N1CCN(CCO)CC1,XH_2025,XH_2025,1
-4.357117,-0.894834808,CCCCC/C=C\C/C=C\CCCCCCCCOC(=O)C(CC(=O)OCC(CC)CCCC)NCCCN(CC)CC,XH_2025,XH_2025,0
-3.9891515,0.477611216,CCCCC/C=C\C/C=C\CCCCCCCCOC(=O)C(CC(=O)OCC(CC)CCCC)N(C)CCCN(CC)CC,XH_2025,XH_2025,1
-5.7438636,-0.894834808,CCCCC/C=C\C/C=C\CCCCCCCCOC(=O)C(CC(=O)OCC(CC)CCCC)NCCN1CCCC1,XH_2025,XH_2025,0
-6.029645,-0.894834808,CCCCC/C=C\C/C=C\CCCCCCCCOC(=O)C(CC(=O)OCC(CC)CCCC)N(C)CCN1CCCC1,XH_2025,XH_2025,0
-5.1614604,-0.894834808,CCCCC/C=C\C/C=C\CCCCCCCCOC(=O)C(CC(=O)OCC(CC)CCCC)NCCCN1CCCC1,XH_2025,XH_2025,0
-5.724364,-0.894834808,CCCCC/C=C\C/C=C\CCCCCCCCOC(=O)C(CC(=O)OCC(CC)CCCC)N(C)CCCN1CCCC1,XH_2025,XH_2025,0
-6.512417,-0.894834808,CCCCC/C=C\C/C=C\CCCCCCCCOC(=O)C(CC(=O)OCC(CC)CCCC)NCCN(C)C,XH_2025,XH_2025,0
-5.854738,-0.894834808,CCCCC/C=C\C/C=C\CCCCCCCCOC(=O)C(CC(=O)OCC(CC)CCCC)N(C)CCN(C)C,XH_2025,XH_2025,0
-5.9181166,-0.894834808,CCCCC/C=C\C/C=C\CCCCCCCCOC(=O)C(CC(=O)OCC(CC)CCCC)NCCCN1CCN(C)CC1,XH_2025,XH_2025,0
-5.9604883,-0.894834808,CCCCC/C=C\C/C=C\CCCCCCCCOC(=O)C(CC(=O)OCC(CC)CCCC)N1CCCN(C)CC1,XH_2025,XH_2025,0
-6.6230736,0.477611216,CCCCC/C=C\C/C=C\CCCCCCCCOC(=O)C(CC(=O)OCC(CC)CCCC)N1CCN(C)CC1,XH_2025,XH_2025,1
-6.759826,-0.894834808,CCCCC/C=C\C/C=C\CCCCCCCCOC(=O)C(CC(=O)OCC(CC)CCCC)N1CCC(N(C)C)CC1,XH_2025,XH_2025,0
-6.343641,-0.894834808,CCCCC/C=C\C/C=C\CCCCCCCCOC(=O)C(CC(=O)OCC(CC)CCCC)N1CCC(N(CC)CC)CC1,XH_2025,XH_2025,0
-7.149179,0.477611216,CCCCC/C=C\C/C=C\CCCCCCCCOC(=O)C(CC(=O)OCC(CC)CCCC)N1CCC(N(CC)CC)C1,XH_2025,XH_2025,1
-5.7984185,-0.894834808,CCCCC/C=C\C/C=C\CCCCCCCCOC(=O)C(CC(=O)OCC(CC)CCCC)N1CCN(CCN(CC)CC)CC1,XH_2025,XH_2025,0
-8.029267,-0.894834808,CCCCC/C=C\C/C=C\CCCCCCCCOC(=O)C(CC(=O)OCC(CC)CCCC)SCCN1CCOCC1,XH_2025,XH_2025,0
-5.5501533,0.477611216,CCCCC/C=C\C/C=C\CCCCCCCCOC(=O)C(CC(=O)OCC(CC)CCCC)SCCN(C)C,XH_2025,XH_2025,1
-3.990246,0.477611216,CCCCC/C=C\C/C=C\CCCCCCCCOC(=O)C(CC(=O)OCC(CC)CCCC)SCCN(CC)CC,XH_2025,XH_2025,1
-6.3379154,0.477611216,CCCCCCCCC(CC)OC(=O)C(CC(=O)OCC(CC)CCCC)NCCNC(CC(=O)OCC(CC)CCCC)C(=O)OC(CC)CCCCCCCC,XH_2025,XH_2025,1
-5.8012953,-0.894834808,CCCCCCCCC(CC)OC(=O)C(CC(=O)OCC(CC)CCCC)NCCCNC(CC(=O)OCC(CC)CCCC)C(=O)OC(CC)CCCCCCCC,XH_2025,XH_2025,0
-4.744595,-0.894834808,CCCCCCCCC(CC)OC(=O)C(CC(=O)OCC(CC)CCCC)NCCCCCCNC(CC(=O)OCC(CC)CCCC)C(=O)OC(CC)CCCCCCCC,XH_2025,XH_2025,0
-5.014767,-0.894834808,CCCCCCCCC(CC)OC(=O)C(CC(=O)OCC(CC)CCCC)N(C)CCN(C)C(CC(=O)OCC(CC)CCCC)C(=O)OC(CC)CCCCCCCC,XH_2025,XH_2025,0
-4.1886363,-0.894834808,CCCCCCCCC(CC)OC(=O)C(CC(=O)OCC(CC)CCCC)NCCCN(CCCN(C)C)C(CC(=O)OCC(CC)CCCC)C(=O)OC(CC)CCCCCCCC,XH_2025,XH_2025,0
-5.3780437,-0.894834808,CCCCCCCCC(CC)OC(=O)C(CC(=O)OCC(CC)CCCC)NCCN(C)CCNC(CC(=O)OCC(CC)CCCC)C(=O)OC(CC)CCCCCCCC,XH_2025,XH_2025,0
-5.108359,-0.894834808,CCCCCCCCC(CC)OC(=O)C(CC(=O)OCC(CC)CCCC)N(C)CCN(C)CCN(C)C(CC(=O)OCC(CC)CCCC)C(=O)OC(CC)CCCCCCCC,XH_2025,XH_2025,0
-4.4954157,0.477611216,CCCCCCCCC(CC)OC(=O)C(CC(=O)OCC(CC)CCCC)NCCCN(C)CCCNC(CC(=O)OCC(CC)CCCC)C(=O)OC(CC)CCCCCCCC,XH_2025,XH_2025,1
-4.698125,0.477611216,CCCCCCCCC(CC)OC(=O)C(CC(=O)OCC(CC)CCCC)N(C)CCCN(C)CCCN(C)C(CC(=O)OCC(CC)CCCC)C(=O)OC(CC)CCCCCCCC,XH_2025,XH_2025,1
-5.6616306,-0.894834808,CCCCCCCCC(CC)OC(=O)C(CC(=O)OCC(CC)CCCC)NCCN(CCO)C(CC(=O)OCC(CC)CCCC)C(=O)OC(CC)CCCCCCCC,XH_2025,XH_2025,0
-4.2350187,-0.894834808,CCCCCCCCC(CC)OC(=O)C(CC(=O)OCC(CC)CCCC)N(CCO)CCN(CCO)C(CC(=O)OCC(CC)CCCC)C(=O)OC(CC)CCCCCCCC,XH_2025,XH_2025,0
-4.2121544,0.477611216,CCCCCCCCC(CC)OC(=O)C(CC(=O)OCC(CC)CCCC)NCCCN1CCN(CCCNC(CC(=O)OCC(CC)CCCC)C(=O)OC(CC)CCCCCCCC)CC1,XH_2025,XH_2025,1
-5.1700916,-0.894834808,CCCCCCCCC(CC)OC(=O)C(CC(=O)OCC(CC)CCCC)NCCOCCOCCNC(CC(=O)OCC(CC)CCCC)C(=O)OC(CC)CCCCCCCC,XH_2025,XH_2025,0
-3.668063,1.85005724,CCCCCCCCC(CC)OC(=O)C(CC(=O)OCC(CC)CCCC)NCCCCC1NC(=O)C(CCCCNC(CC(=O)OCC(CC)CCCC)C(=O)OC(CC)CCCCCCCC)NC1=O,XH_2025,XH_2025,3
-5.0997844,0.477611216,CCCCCCCCC(CC)OC(=O)C(CC(=O)OCC(CC)CCCC)NCCN(CCNC(CC(=O)OCC(CC)CCCC)C(=O)OC(CC)CCCCCCCC)C(CC(=O)OCC(CC)CCCC)C(=O)OC(CC)CCCCCCCC,XH_2025,XH_2025,1
-4.276311,1.85005724,CCCCCCCCC(CC)OC(=O)C(CC(=O)OCC(CC)CCCC)NCCCN(CCCNC(CC(=O)OCC(CC)CCCC)C(=O)OC(CC)CCCCCCCC)CCCNC(CC(=O)OCC(CC)CCCC)C(=O)OC(CC)CCCCCCCC,XH_2025,XH_2025,3
-4.6805873,0.477611216,CCCCCCCCC(CC)OC(=O)C(CC(=O)OCC(CC)CCCC)NCCN(CCNC(CC(=O)OCC(CC)CCCC)C(=O)OC(CC)CCCCCCCC)CCNC(CC(=O)OCC(CC)CCCC)C(=O)OC(CC)CCCCCCCC,XH_2025,XH_2025,1
-3.9096556,0.477611216,CCCCCCCCC(CC)OC(=O)C(CC(=O)OCC(CC)CCCC)NCCN1CCN(CCN(CCNC(CC(=O)OCC(CC)CCCC)C(=O)OC(CC)CCCCCCCC)C(CC(=O)OCC(CC)CCCC)C(=O)OC(CC)CCCCCCCC)CC1,XH_2025,XH_2025,1
-4.435657,1.85005724,CCCCCCCCC(CC)OC(=O)C(CC(=O)OCC(CC)CCCC)NCCCN(CCCCN(CCCNC(CC(=O)OCC(CC)CCCC)C(=O)OC(CC)CCCCCCCC)CCCNC(CC(=O)OCC(CC)CCCC)C(=O)OC(CC)CCCCCCCC)CCCNC(CC(=O)OCC(CC)CCCC)C(=O)OC(CC)CCCCCCCC,XH_2025,XH_2025,3
-3.6428988,1.85005724,CCCCCCCCC(CC)OC(=O)C(CC(=O)OCC(CC)CCCC)NCCNC(=O)CCN(CCC(=O)NCCNC(CC(=O)OCC(CC)CCCC)C(=O)OC(CC)CCCCCCCC)CCN(CCC(=O)NCCNC(CC(=O)OCC(CC)CCCC)C(=O)OC(CC)CCCCCCCC)CCC(=O)NCCNC(CC(=O)OCC(CC)CCCC)C(=O)OC(CC)CCCCCCCC,XH_2025,XH_2025,3
-6.3436203,0.477611216,CCCCCCCCC(CC)OC(=O)C(CC(=O)OCC(CC)CCCC)N(C)C,XH_2025,XH_2025,1
-6.804154,-0.894834808,CCCCCCCCC(CC)OC(=O)C(CC(=O)OCC(CC)CCCC)N(CC)CC,XH_2025,XH_2025,0
-6.9342666,-0.894834808,CCCCCCCCC(CC)OC(=O)C(CC(=O)OCC(CC)CCCC)NCCO,XH_2025,XH_2025,0
-6.401549,0.477611216,CCCCCCCCC(CC)OC(=O)C(CC(=O)OCC(CC)CCCC)N(C)CCO,XH_2025,XH_2025,1
-6.4692683,-0.894834808,CCCCCCCCC(CC)OC(=O)C(CC(=O)OCC(CC)CCCC)NCCCCO,XH_2025,XH_2025,0
-6.25283,0.477611216,CCCCCCCCC(CC)OC(=O)C(CC(=O)OCC(CC)CCCC)N(C)CCCCO,XH_2025,XH_2025,1
-6.5533023,-0.894834808,CCCCCCCCC(CC)OC(=O)C(CC(=O)OCC(CC)CCCC)NCCCN(C)C,XH_2025,XH_2025,0
-5.7000966,-0.894834808,CCCCCCCCC(CC)OC(=O)C(CC(=O)OCC(CC)CCCC)N(C)CCCN(C)C,XH_2025,XH_2025,0
-6.558455,-0.894834808,CCCCCCCCC(CC)OC(=O)C(CC(=O)OCC(CC)CCCC)NCCN(CC)CC,XH_2025,XH_2025,0
-5.18035,-0.894834808,CCCCCCCCC(CC)OC(=O)C(CC(=O)OCC(CC)CCCC)N(C)CCN(CC)CC,XH_2025,XH_2025,0
-7.255262,-0.894834808,CCCCCCCCC(CC)OC(=O)C(CC(=O)OCC(CC)CCCC)N1CCC(N(C)C)C1,XH_2025,XH_2025,0
-6.926285,-0.894834808,CCCCCCCCC(CC)OC(=O)C(CC(=O)OCC(CC)CCCC)N1CCN(CCO)CC1,XH_2025,XH_2025,0
-5.8234515,-0.894834808,CCCCCCCCC(CC)OC(=O)C(CC(=O)OCC(CC)CCCC)NCCCN(CC)CC,XH_2025,XH_2025,0
-5.9680886,-0.894834808,CCCCCCCCC(CC)OC(=O)C(CC(=O)OCC(CC)CCCC)N(C)CCCN(CC)CC,XH_2025,XH_2025,0
-6.067534,-0.894834808,CCCCCCCCC(CC)OC(=O)C(CC(=O)OCC(CC)CCCC)NCCN1CCCC1,XH_2025,XH_2025,0
-5.993201,-0.894834808,CCCCCCCCC(CC)OC(=O)C(CC(=O)OCC(CC)CCCC)N(C)CCN1CCCC1,XH_2025,XH_2025,0
-5.465234,-0.894834808,CCCCCCCCC(CC)OC(=O)C(CC(=O)OCC(CC)CCCC)NCCCN1CCCC1,XH_2025,XH_2025,0
-5.8905287,-0.894834808,CCCCCCCCC(CC)OC(=O)C(CC(=O)OCC(CC)CCCC)N(C)CCCN1CCCC1,XH_2025,XH_2025,0
-6.798156,-0.894834808,CCCCCCCCC(CC)OC(=O)C(CC(=O)OCC(CC)CCCC)NCCN(C)C,XH_2025,XH_2025,0
-6.1221,-0.894834808,CCCCCCCCC(CC)OC(=O)C(CC(=O)OCC(CC)CCCC)N(C)CCN(C)C,XH_2025,XH_2025,0
-6.6395884,-0.894834808,CCCCCCCCC(CC)OC(=O)C(CC(=O)OCC(CC)CCCC)NCCCN1CCN(C)CC1,XH_2025,XH_2025,0
-7.0220313,-0.894834808,CCCCCCCCC(CC)OC(=O)C(CC(=O)OCC(CC)CCCC)N1CCCN(C)CC1,XH_2025,XH_2025,0
-6.7398925,0.477611216,CCCCCCCCC(CC)OC(=O)C(CC(=O)OCC(CC)CCCC)N1CCN(C)CC1,XH_2025,XH_2025,1
-6.5410814,-0.894834808,CCCCCCCCC(CC)OC(=O)C(CC(=O)OCC(CC)CCCC)N1CCC(N(C)C)CC1,XH_2025,XH_2025,0
-6.5770683,-0.894834808,CCCCCCCCC(CC)OC(=O)C(CC(=O)OCC(CC)CCCC)N1CCC(N(CC)CC)CC1,XH_2025,XH_2025,0
-6.0309906,-0.894834808,CCCCCCCCC(CC)OC(=O)C(CC(=O)OCC(CC)CCCC)N1CCC(N(CC)CC)C1,XH_2025,XH_2025,0
-6.5812764,-0.894834808,CCCCCCCCC(CC)OC(=O)C(CC(=O)OCC(CC)CCCC)N1CCN(CCN(CC)CC)CC1,XH_2025,XH_2025,0
-7.7821865,-0.894834808,CCCCCCCCC(CC)OC(=O)C(CC(=O)OCC(CC)CCCC)SCCN1CCOCC1,XH_2025,XH_2025,0
-6.7648087,-0.894834808,CCCCCCCCC(CC)OC(=O)C(CC(=O)OCC(CC)CCCC)SCCN(C)C,XH_2025,XH_2025,0
-6.334105,-0.894834808,CCCCCCCCC(CC)OC(=O)C(CC(=O)OCC(CC)CCCC)SCCN(CC)CC,XH_2025,XH_2025,0
-5.9332595,0.477611216,CCCCCCCCC(CCCCCCCC)OC(=O)C(CC(=O)OCC(CC)CCCC)NCCNC(CC(=O)OCC(CC)CCCC)C(=O)OC(CCCCCCCC)CCCCCCCC,XH_2025,XH_2025,1
-5.095733,-0.894834808,CCCCCCCCC(CCCCCCCC)OC(=O)C(CC(=O)OCC(CC)CCCC)NCCCNC(CC(=O)OCC(CC)CCCC)C(=O)OC(CCCCCCCC)CCCCCCCC,XH_2025,XH_2025,0
-4.1785464,0.477611216,CCCCCCCCC(CCCCCCCC)OC(=O)C(CC(=O)OCC(CC)CCCC)NCCCCCCNC(CC(=O)OCC(CC)CCCC)C(=O)OC(CCCCCCCC)CCCCCCCC,XH_2025,XH_2025,1
-5.3213544,-0.894834808,CCCCCCCCC(CCCCCCCC)OC(=O)C(CC(=O)OCC(CC)CCCC)N(C)CCN(C)C(CC(=O)OCC(CC)CCCC)C(=O)OC(CCCCCCCC)CCCCCCCC,XH_2025,XH_2025,0
-4.6362195,-0.894834808,CCCCCCCCC(CCCCCCCC)OC(=O)C(CC(=O)OCC(CC)CCCC)NCCCN(CCCN(C)C)C(CC(=O)OCC(CC)CCCC)C(=O)OC(CCCCCCCC)CCCCCCCC,XH_2025,XH_2025,0
-5.788984,0.477611216,CCCCCCCCC(CCCCCCCC)OC(=O)C(CC(=O)OCC(CC)CCCC)NCCN(C)CCNC(CC(=O)OCC(CC)CCCC)C(=O)OC(CCCCCCCC)CCCCCCCC,XH_2025,XH_2025,1
-4.673872,-0.894834808,CCCCCCCCC(CCCCCCCC)OC(=O)C(CC(=O)OCC(CC)CCCC)N(C)CCN(C)CCN(C)C(CC(=O)OCC(CC)CCCC)C(=O)OC(CCCCCCCC)CCCCCCCC,XH_2025,XH_2025,0
-4.038898,0.477611216,CCCCCCCCC(CCCCCCCC)OC(=O)C(CC(=O)OCC(CC)CCCC)NCCCN(C)CCCNC(CC(=O)OCC(CC)CCCC)C(=O)OC(CCCCCCCC)CCCCCCCC,XH_2025,XH_2025,1
-4.2319565,0.477611216,CCCCCCCCC(CCCCCCCC)OC(=O)C(CC(=O)OCC(CC)CCCC)N(C)CCCN(C)CCCN(C)C(CC(=O)OCC(CC)CCCC)C(=O)OC(CCCCCCCC)CCCCCCCC,XH_2025,XH_2025,1
-4.5319324,-0.894834808,CCCCCCCCC(CCCCCCCC)OC(=O)C(CC(=O)OCC(CC)CCCC)NCCN(CCO)C(CC(=O)OCC(CC)CCCC)C(=O)OC(CCCCCCCC)CCCCCCCC,XH_2025,XH_2025,0
-4.825485,0.477611216,CCCCCCCCC(CCCCCCCC)OC(=O)C(CC(=O)OCC(CC)CCCC)N(CCO)CCN(CCO)C(CC(=O)OCC(CC)CCCC)C(=O)OC(CCCCCCCC)CCCCCCCC,XH_2025,XH_2025,1
-4.0655727,0.477611216,CCCCCCCCC(CCCCCCCC)OC(=O)C(CC(=O)OCC(CC)CCCC)NCCCN1CCN(CCCNC(CC(=O)OCC(CC)CCCC)C(=O)OC(CCCCCCCC)CCCCCCCC)CC1,XH_2025,XH_2025,1
-4.880923,0.477611216,CCCCCCCCC(CCCCCCCC)OC(=O)C(CC(=O)OCC(CC)CCCC)NCCOCCOCCNC(CC(=O)OCC(CC)CCCC)C(=O)OC(CCCCCCCC)CCCCCCCC,XH_2025,XH_2025,1
-4.805758,0.477611216,CCCCCCCCC(CCCCCCCC)OC(=O)C(CC(=O)OCC(CC)CCCC)NCCCCC1NC(=O)C(CCCCNC(CC(=O)OCC(CC)CCCC)C(=O)OC(CCCCCCCC)CCCCCCCC)NC1=O,XH_2025,XH_2025,1
-5.121318,0.477611216,CCCCCCCCC(CCCCCCCC)OC(=O)C(CC(=O)OCC(CC)CCCC)NCCN(CCNC(CC(=O)OCC(CC)CCCC)C(=O)OC(CCCCCCCC)CCCCCCCC)C(CC(=O)OCC(CC)CCCC)C(=O)OC(CCCCCCCC)CCCCCCCC,XH_2025,XH_2025,1
-4.1077514,1.85005724,CCCCCCCCC(CCCCCCCC)OC(=O)C(CC(=O)OCC(CC)CCCC)NCCCN(CCCNC(CC(=O)OCC(CC)CCCC)C(=O)OC(CCCCCCCC)CCCCCCCC)CCCNC(CC(=O)OCC(CC)CCCC)C(=O)OC(CCCCCCCC)CCCCCCCC,XH_2025,XH_2025,3
-4.6547737,1.85005724,CCCCCCCCC(CCCCCCCC)OC(=O)C(CC(=O)OCC(CC)CCCC)NCCN(CCNC(CC(=O)OCC(CC)CCCC)C(=O)OC(CCCCCCCC)CCCCCCCC)CCNC(CC(=O)OCC(CC)CCCC)C(=O)OC(CCCCCCCC)CCCCCCCC,XH_2025,XH_2025,3
-3.7969944,0.477611216,CCCCCCCCC(CCCCCCCC)OC(=O)C(CC(=O)OCC(CC)CCCC)NCCN1CCN(CCN(CCNC(CC(=O)OCC(CC)CCCC)C(=O)OC(CCCCCCCC)CCCCCCCC)C(CC(=O)OCC(CC)CCCC)C(=O)OC(CCCCCCCC)CCCCCCCC)CC1,XH_2025,XH_2025,1
-4.589246,1.85005724,CCCCCCCCC(CCCCCCCC)OC(=O)C(CC(=O)OCC(CC)CCCC)NCCCN(CCCCN(CCCNC(CC(=O)OCC(CC)CCCC)C(=O)OC(CCCCCCCC)CCCCCCCC)CCCNC(CC(=O)OCC(CC)CCCC)C(=O)OC(CCCCCCCC)CCCCCCCC)CCCNC(CC(=O)OCC(CC)CCCC)C(=O)OC(CCCCCCCC)CCCCCCCC,XH_2025,XH_2025,3
-4.154373,1.85005724,CCCCCCCCC(CCCCCCCC)OC(=O)C(CC(=O)OCC(CC)CCCC)NCCNC(=O)CCN(CCC(=O)NCCNC(CC(=O)OCC(CC)CCCC)C(=O)OC(CCCCCCCC)CCCCCCCC)CCN(CCC(=O)NCCNC(CC(=O)OCC(CC)CCCC)C(=O)OC(CCCCCCCC)CCCCCCCC)CCC(=O)NCCNC(CC(=O)OCC(CC)CCCC)C(=O)OC(CCCCCCCC)CCCCCCCC,XH_2025,XH_2025,3
-6.481169,-0.894834808,CCCCCCCCC(CCCCCCCC)OC(=O)C(CC(=O)OCC(CC)CCCC)N(C)C,XH_2025,XH_2025,0
-5.5258284,-0.894834808,CCCCCCCCC(CCCCCCCC)OC(=O)C(CC(=O)OCC(CC)CCCC)N(CC)CC,XH_2025,XH_2025,0
-6.0639377,0.477611216,CCCCCCCCC(CCCCCCCC)OC(=O)C(CC(=O)OCC(CC)CCCC)NCCO,XH_2025,XH_2025,1
-5.9842014,1.85005724,CCCCCCCCC(CCCCCCCC)OC(=O)C(CC(=O)OCC(CC)CCCC)N(C)CCO,XH_2025,XH_2025,3
-5.991854,0.477611216,CCCCCCCCC(CCCCCCCC)OC(=O)C(CC(=O)OCC(CC)CCCC)NCCCCO,XH_2025,XH_2025,1
-6.0454645,0.477611216,CCCCCCCCC(CCCCCCCC)OC(=O)C(CC(=O)OCC(CC)CCCC)N(C)CCCCO,XH_2025,XH_2025,1
-5.5853024,-0.894834808,CCCCCCCCC(CCCCCCCC)OC(=O)C(CC(=O)OCC(CC)CCCC)NCCCN(C)C,XH_2025,XH_2025,0
-5.0819144,-0.894834808,CCCCCCCCC(CCCCCCCC)OC(=O)C(CC(=O)OCC(CC)CCCC)N(C)CCCN(C)C,XH_2025,XH_2025,0
-5.0040054,-0.894834808,CCCCCCCCC(CCCCCCCC)OC(=O)C(CC(=O)OCC(CC)CCCC)NCCN(CC)CC,XH_2025,XH_2025,0
-5.129946,-0.894834808,CCCCCCCCC(CCCCCCCC)OC(=O)C(CC(=O)OCC(CC)CCCC)N(C)CCN(CC)CC,XH_2025,XH_2025,0
-6.590739,-0.894834808,CCCCCCCCC(CCCCCCCC)OC(=O)C(CC(=O)OCC(CC)CCCC)N1CCC(N(C)C)C1,XH_2025,XH_2025,0
-6.755184,1.85005724,CCCCCCCCC(CCCCCCCC)OC(=O)C(CC(=O)OCC(CC)CCCC)N1CCN(CCO)CC1,XH_2025,XH_2025,3
-4.4303617,-0.894834808,CCCCCCCCC(CCCCCCCC)OC(=O)C(CC(=O)OCC(CC)CCCC)NCCCN(CC)CC,XH_2025,XH_2025,0
-4.9578485,1.85005724,CCCCCCCCC(CCCCCCCC)OC(=O)C(CC(=O)OCC(CC)CCCC)N(C)CCCN(CC)CC,XH_2025,XH_2025,3
-5.0326405,-0.894834808,CCCCCCCCC(CCCCCCCC)OC(=O)C(CC(=O)OCC(CC)CCCC)NCCN1CCCC1,XH_2025,XH_2025,0
-5.7060637,-0.894834808,CCCCCCCCC(CCCCCCCC)OC(=O)C(CC(=O)OCC(CC)CCCC)N(C)CCN1CCCC1,XH_2025,XH_2025,0
-4.49342,-0.894834808,CCCCCCCCC(CCCCCCCC)OC(=O)C(CC(=O)OCC(CC)CCCC)NCCCN1CCCC1,XH_2025,XH_2025,0
-5.3614135,-0.894834808,CCCCCCCCC(CCCCCCCC)OC(=O)C(CC(=O)OCC(CC)CCCC)N(C)CCCN1CCCC1,XH_2025,XH_2025,0
-6.154435,-0.894834808,CCCCCCCCC(CCCCCCCC)OC(=O)C(CC(=O)OCC(CC)CCCC)NCCN(C)C,XH_2025,XH_2025,0
-5.5142365,-0.894834808,CCCCCCCCC(CCCCCCCC)OC(=O)C(CC(=O)OCC(CC)CCCC)N(C)CCN(C)C,XH_2025,XH_2025,0
-6.3450875,-0.894834808,CCCCCCCCC(CCCCCCCC)OC(=O)C(CC(=O)OCC(CC)CCCC)NCCCN1CCN(C)CC1,XH_2025,XH_2025,0
-6.333664,-0.894834808,CCCCCCCCC(CCCCCCCC)OC(=O)C(CC(=O)OCC(CC)CCCC)N1CCCN(C)CC1,XH_2025,XH_2025,0
-6.5572934,0.477611216,CCCCCCCCC(CCCCCCCC)OC(=O)C(CC(=O)OCC(CC)CCCC)N1CCN(C)CC1,XH_2025,XH_2025,1
-6.6951118,0.477611216,CCCCCCCCC(CCCCCCCC)OC(=O)C(CC(=O)OCC(CC)CCCC)N1CCC(N(C)C)CC1,XH_2025,XH_2025,1
-5.8986473,0.477611216,CCCCCCCCC(CCCCCCCC)OC(=O)C(CC(=O)OCC(CC)CCCC)N1CCC(N(CC)CC)CC1,XH_2025,XH_2025,1
-6.1922617,0.477611216,CCCCCCCCC(CCCCCCCC)OC(=O)C(CC(=O)OCC(CC)CCCC)N1CCC(N(CC)CC)C1,XH_2025,XH_2025,1
-6.136513,0.477611216,CCCCCCCCC(CCCCCCCC)OC(=O)C(CC(=O)OCC(CC)CCCC)N1CCN(CCN(CC)CC)CC1,XH_2025,XH_2025,1
-7.4333034,-0.894834808,CCCCCCCCC(CCCCCCCC)OC(=O)C(CC(=O)OCC(CC)CCCC)SCCN1CCOCC1,XH_2025,XH_2025,0
-6.5444055,-0.894834808,CCCCCCCCC(CCCCCCCC)OC(=O)C(CC(=O)OCC(CC)CCCC)SCCN(C)C,XH_2025,XH_2025,0
-4.4874163,-0.894834808,CCCCCCCCC(CCCCCCCC)OC(=O)C(CC(=O)OCC(CC)CCCC)SCCN(CC)CC,XH_2025,XH_2025,0
-6.0271745,0.477611216,CCCCCCCCCCC(C)OC(=O)C(CC(=O)OCC(CC)CCCC)NCCNC(CC(=O)OCC(CC)CCCC)C(=O)OC(C)CCCCCCCCCC,XH_2025,XH_2025,1
-5.1226864,-0.894834808,CCCCCCCCCCC(C)OC(=O)C(CC(=O)OCC(CC)CCCC)NCCCNC(CC(=O)OCC(CC)CCCC)C(=O)OC(C)CCCCCCCCCC,XH_2025,XH_2025,0
-5.213463,-0.894834808,CCCCCCCCCCC(C)OC(=O)C(CC(=O)OCC(CC)CCCC)NCCCCCCNC(CC(=O)OCC(CC)CCCC)C(=O)OC(C)CCCCCCCCCC,XH_2025,XH_2025,0
-4.7724366,-0.894834808,CCCCCCCCCCC(C)OC(=O)C(CC(=O)OCC(CC)CCCC)N(C)CCN(C)C(CC(=O)OCC(CC)CCCC)C(=O)OC(C)CCCCCCCCCC,XH_2025,XH_2025,0
-3.9899583,0.477611216,CCCCCCCCCCC(C)OC(=O)C(CC(=O)OCC(CC)CCCC)NCCCN(CCCN(C)C)C(CC(=O)OCC(CC)CCCC)C(=O)OC(C)CCCCCCCCCC,XH_2025,XH_2025,1
-4.879583,-0.894834808,CCCCCCCCCCC(C)OC(=O)C(CC(=O)OCC(CC)CCCC)NCCN(C)CCNC(CC(=O)OCC(CC)CCCC)C(=O)OC(C)CCCCCCCCCC,XH_2025,XH_2025,0
-4.0085444,0.477611216,CCCCCCCCCCC(C)OC(=O)C(CC(=O)OCC(CC)CCCC)N(C)CCN(C)CCN(C)C(CC(=O)OCC(CC)CCCC)C(=O)OC(C)CCCCCCCCCC,XH_2025,XH_2025,1
-4.8044186,0.477611216,CCCCCCCCCCC(C)OC(=O)C(CC(=O)OCC(CC)CCCC)NCCCN(C)CCCNC(CC(=O)OCC(CC)CCCC)C(=O)OC(C)CCCCCCCCCC,XH_2025,XH_2025,1
-4.189343,1.85005724,CCCCCCCCCCC(C)OC(=O)C(CC(=O)OCC(CC)CCCC)N(C)CCCN(C)CCCN(C)C(CC(=O)OCC(CC)CCCC)C(=O)OC(C)CCCCCCCCCC,XH_2025,XH_2025,3
-4.4705296,0.477611216,CCCCCCCCCCC(C)OC(=O)C(CC(=O)OCC(CC)CCCC)NCCN(CCO)C(CC(=O)OCC(CC)CCCC)C(=O)OC(C)CCCCCCCCCC,XH_2025,XH_2025,1
-4.1475887,0.477611216,CCCCCCCCCCC(C)OC(=O)C(CC(=O)OCC(CC)CCCC)N(CCO)CCN(CCO)C(CC(=O)OCC(CC)CCCC)C(=O)OC(C)CCCCCCCCCC,XH_2025,XH_2025,1
-2.8048525,0.477611216,CCCCCCCCCCC(C)OC(=O)C(CC(=O)OCC(CC)CCCC)NCCCN1CCN(CCCNC(CC(=O)OCC(CC)CCCC)C(=O)OC(C)CCCCCCCCCC)CC1,XH_2025,XH_2025,1
-5.4913893,0.477611216,CCCCCCCCCCC(C)OC(=O)C(CC(=O)OCC(CC)CCCC)NCCOCCOCCNC(CC(=O)OCC(CC)CCCC)C(=O)OC(C)CCCCCCCCCC,XH_2025,XH_2025,1
-4.0124354,0.477611216,CCCCCCCCCCC(C)OC(=O)C(CC(=O)OCC(CC)CCCC)NCCCCC1NC(=O)C(CCCCNC(CC(=O)OCC(CC)CCCC)C(=O)OC(C)CCCCCCCCCC)NC1=O,XH_2025,XH_2025,1
-5.1376305,0.477611216,CCCCCCCCCCC(C)OC(=O)C(CC(=O)OCC(CC)CCCC)NCCN(CCNC(CC(=O)OCC(CC)CCCC)C(=O)OC(C)CCCCCCCCCC)C(CC(=O)OCC(CC)CCCC)C(=O)OC(C)CCCCCCCCCC,XH_2025,XH_2025,1
-4.395895,1.85005724,CCCCCCCCCCC(C)OC(=O)C(CC(=O)OCC(CC)CCCC)NCCCN(CCCNC(CC(=O)OCC(CC)CCCC)C(=O)OC(C)CCCCCCCCCC)CCCNC(CC(=O)OCC(CC)CCCC)C(=O)OC(C)CCCCCCCCCC,XH_2025,XH_2025,3
-5.1335664,1.85005724,CCCCCCCCCCC(C)OC(=O)C(CC(=O)OCC(CC)CCCC)NCCN(CCNC(CC(=O)OCC(CC)CCCC)C(=O)OC(C)CCCCCCCCCC)CCNC(CC(=O)OCC(CC)CCCC)C(=O)OC(C)CCCCCCCCCC,XH_2025,XH_2025,3
-3.3089688,0.477611216,CCCCCCCCCCC(C)OC(=O)C(CC(=O)OCC(CC)CCCC)NCCN1CCN(CCN(CCNC(CC(=O)OCC(CC)CCCC)C(=O)OC(C)CCCCCCCCCC)C(CC(=O)OCC(CC)CCCC)C(=O)OC(C)CCCCCCCCCC)CC1,XH_2025,XH_2025,1
-4.1717544,1.85005724,CCCCCCCCCCC(C)OC(=O)C(CC(=O)OCC(CC)CCCC)NCCCN(CCCCN(CCCNC(CC(=O)OCC(CC)CCCC)C(=O)OC(C)CCCCCCCCCC)CCCNC(CC(=O)OCC(CC)CCCC)C(=O)OC(C)CCCCCCCCCC)CCCNC(CC(=O)OCC(CC)CCCC)C(=O)OC(C)CCCCCCCCCC,XH_2025,XH_2025,3
-3.6923625,1.85005724,CCCCCCCCCCC(C)OC(=O)C(CC(=O)OCC(CC)CCCC)NCCNC(=O)CCN(CCC(=O)NCCNC(CC(=O)OCC(CC)CCCC)C(=O)OC(C)CCCCCCCCCC)CCN(CCC(=O)NCCNC(CC(=O)OCC(CC)CCCC)C(=O)OC(C)CCCCCCCCCC)CCC(=O)NCCNC(CC(=O)OCC(CC)CCCC)C(=O)OC(C)CCCCCCCCCC,XH_2025,XH_2025,3
-6.1703134,0.477611216,CCCCCCCCCCC(C)OC(=O)C(CC(=O)OCC(CC)CCCC)N(C)C,XH_2025,XH_2025,1
-6.8342705,-0.894834808,CCCCCCCCCCC(C)OC(=O)C(CC(=O)OCC(CC)CCCC)N(CC)CC,XH_2025,XH_2025,0
-6.6717653,-0.894834808,CCCCCCCCCCC(C)OC(=O)C(CC(=O)OCC(CC)CCCC)NCCO,XH_2025,XH_2025,0
-6.471825,0.477611216,CCCCCCCCCCC(C)OC(=O)C(CC(=O)OCC(CC)CCCC)N(C)CCO,XH_2025,XH_2025,1
-6.2874107,-0.894834808,CCCCCCCCCCC(C)OC(=O)C(CC(=O)OCC(CC)CCCC)NCCCCO,XH_2025,XH_2025,0
-6.125131,0.477611216,CCCCCCCCCCC(C)OC(=O)C(CC(=O)OCC(CC)CCCC)N(C)CCCCO,XH_2025,XH_2025,1
-6.547414,-0.894834808,CCCCCCCCCCC(C)OC(=O)C(CC(=O)OCC(CC)CCCC)NCCCN(C)C,XH_2025,XH_2025,0
-5.312995,-0.894834808,CCCCCCCCCCC(C)OC(=O)C(CC(=O)OCC(CC)CCCC)N(C)CCCN(C)C,XH_2025,XH_2025,0
-6.5646296,-0.894834808,CCCCCCCCCCC(C)OC(=O)C(CC(=O)OCC(CC)CCCC)NCCN(CC)CC,XH_2025,XH_2025,0
-5.7391586,-0.894834808,CCCCCCCCCCC(C)OC(=O)C(CC(=O)OCC(CC)CCCC)N(C)CCN(CC)CC,XH_2025,XH_2025,0
-7.0037885,-0.894834808,CCCCCCCCCCC(C)OC(=O)C(CC(=O)OCC(CC)CCCC)N1CCC(N(C)C)C1,XH_2025,XH_2025,0
-7.1338644,-0.894834808,CCCCCCCCCCC(C)OC(=O)C(CC(=O)OCC(CC)CCCC)N1CCN(CCO)CC1,XH_2025,XH_2025,0
-5.780813,-0.894834808,CCCCCCCCCCC(C)OC(=O)C(CC(=O)OCC(CC)CCCC)NCCCN(CC)CC,XH_2025,XH_2025,0
-5.9396486,-0.894834808,CCCCCCCCCCC(C)OC(=O)C(CC(=O)OCC(CC)CCCC)N(C)CCCN(CC)CC,XH_2025,XH_2025,0
-5.9989357,-0.894834808,CCCCCCCCCCC(C)OC(=O)C(CC(=O)OCC(CC)CCCC)NCCN1CCCC1,XH_2025,XH_2025,0
-5.7525983,-0.894834808,CCCCCCCCCCC(C)OC(=O)C(CC(=O)OCC(CC)CCCC)N(C)CCN1CCCC1,XH_2025,XH_2025,0
-5.320917,-0.894834808,CCCCCCCCCCC(C)OC(=O)C(CC(=O)OCC(CC)CCCC)NCCCN1CCCC1,XH_2025,XH_2025,0
-5.7732167,-0.894834808,CCCCCCCCCCC(C)OC(=O)C(CC(=O)OCC(CC)CCCC)N(C)CCCN1CCCC1,XH_2025,XH_2025,0
-6.6379166,-0.894834808,CCCCCCCCCCC(C)OC(=O)C(CC(=O)OCC(CC)CCCC)NCCN(C)C,XH_2025,XH_2025,0
-5.8883653,-0.894834808,CCCCCCCCCCC(C)OC(=O)C(CC(=O)OCC(CC)CCCC)N(C)CCN(C)C,XH_2025,XH_2025,0
-6.195113,-0.894834808,CCCCCCCCCCC(C)OC(=O)C(CC(=O)OCC(CC)CCCC)NCCCN1CCN(C)CC1,XH_2025,XH_2025,0
-6.164572,-0.894834808,CCCCCCCCCCC(C)OC(=O)C(CC(=O)OCC(CC)CCCC)N1CCCN(C)CC1,XH_2025,XH_2025,0
-6.900677,0.477611216,CCCCCCCCCCC(C)OC(=O)C(CC(=O)OCC(CC)CCCC)N1CCN(C)CC1,XH_2025,XH_2025,1
-6.6029706,0.477611216,CCCCCCCCCCC(C)OC(=O)C(CC(=O)OCC(CC)CCCC)N1CCC(N(C)C)CC1,XH_2025,XH_2025,1
-7.051903,-0.894834808,CCCCCCCCCCC(C)OC(=O)C(CC(=O)OCC(CC)CCCC)N1CCC(N(CC)CC)CC1,XH_2025,XH_2025,0
-6.6264443,-0.894834808,CCCCCCCCCCC(C)OC(=O)C(CC(=O)OCC(CC)CCCC)N1CCC(N(CC)CC)C1,XH_2025,XH_2025,0
-5.9368515,-0.894834808,CCCCCCCCCCC(C)OC(=O)C(CC(=O)OCC(CC)CCCC)N1CCN(CCN(CC)CC)CC1,XH_2025,XH_2025,0
-7.9038234,0.477611216,CCCCCCCCCCC(C)OC(=O)C(CC(=O)OCC(CC)CCCC)SCCN1CCOCC1,XH_2025,XH_2025,1
-6.506249,-0.894834808,CCCCCCCCCCC(C)OC(=O)C(CC(=O)OCC(CC)CCCC)SCCN(C)C,XH_2025,XH_2025,0
-6.4808893,0.477611216,CCCCCCCCCCC(C)OC(=O)C(CC(=O)OCC(CC)CCCC)SCCN(CC)CC,XH_2025,XH_2025,1
-5.473077,0.477611216,CCCCCCCCCCC(CCCCCCCCCC)OC(=O)C(CC(=O)OCC(CC)CCCC)NCCNC(CC(=O)OCC(CC)CCCC)C(=O)OC(CCCCCCCCCC)CCCCCCCCCC,XH_2025,XH_2025,1
-5.011548,0.477611216,CCCCCCCCCCC(CCCCCCCCCC)OC(=O)C(CC(=O)OCC(CC)CCCC)NCCCNC(CC(=O)OCC(CC)CCCC)C(=O)OC(CCCCCCCCCC)CCCCCCCCCC,XH_2025,XH_2025,1
-5.236383,1.85005724,CCCCCCCCCCC(CCCCCCCCCC)OC(=O)C(CC(=O)OCC(CC)CCCC)NCCCCCCNC(CC(=O)OCC(CC)CCCC)C(=O)OC(CCCCCCCCCC)CCCCCCCCCC,XH_2025,XH_2025,3
-4.8733544,1.85005724,CCCCCCCCCCC(CCCCCCCCCC)OC(=O)C(CC(=O)OCC(CC)CCCC)N(C)CCN(C)C(CC(=O)OCC(CC)CCCC)C(=O)OC(CCCCCCCCCC)CCCCCCCCCC,XH_2025,XH_2025,3
-4.4555635,1.85005724,CCCCCCCCCCC(CCCCCCCCCC)OC(=O)C(CC(=O)OCC(CC)CCCC)NCCCN(CCCN(C)C)C(CC(=O)OCC(CC)CCCC)C(=O)OC(CCCCCCCCCC)CCCCCCCCCC,XH_2025,XH_2025,3
-5.538988,0.477611216,CCCCCCCCCCC(CCCCCCCCCC)OC(=O)C(CC(=O)OCC(CC)CCCC)NCCN(C)CCNC(CC(=O)OCC(CC)CCCC)C(=O)OC(CCCCCCCCCC)CCCCCCCCCC,XH_2025,XH_2025,1
-4.5256333,1.85005724,CCCCCCCCCCC(CCCCCCCCCC)OC(=O)C(CC(=O)OCC(CC)CCCC)N(C)CCN(C)CCN(C)C(CC(=O)OCC(CC)CCCC)C(=O)OC(CCCCCCCCCC)CCCCCCCCCC,XH_2025,XH_2025,3
-4.9253716,1.85005724,CCCCCCCCCCC(CCCCCCCCCC)OC(=O)C(CC(=O)OCC(CC)CCCC)NCCCN(C)CCCNC(CC(=O)OCC(CC)CCCC)C(=O)OC(CCCCCCCCCC)CCCCCCCCCC,XH_2025,XH_2025,3
-3.7925456,1.85005724,CCCCCCCCCCC(CCCCCCCCCC)OC(=O)C(CC(=O)OCC(CC)CCCC)N(C)CCCN(C)CCCN(C)C(CC(=O)OCC(CC)CCCC)C(=O)OC(CCCCCCCCCC)CCCCCCCCCC,XH_2025,XH_2025,3
-4.9856443,1.85005724,CCCCCCCCCCC(CCCCCCCCCC)OC(=O)C(CC(=O)OCC(CC)CCCC)NCCN(CCO)C(CC(=O)OCC(CC)CCCC)C(=O)OC(CCCCCCCCCC)CCCCCCCCCC,XH_2025,XH_2025,3
-4.254713,1.85005724,CCCCCCCCCCC(CCCCCCCCCC)OC(=O)C(CC(=O)OCC(CC)CCCC)N(CCO)CCN(CCO)C(CC(=O)OCC(CC)CCCC)C(=O)OC(CCCCCCCCCC)CCCCCCCCCC,XH_2025,XH_2025,3
-4.9367967,1.85005724,CCCCCCCCCCC(CCCCCCCCCC)OC(=O)C(CC(=O)OCC(CC)CCCC)NCCCN1CCN(CCCNC(CC(=O)OCC(CC)CCCC)C(=O)OC(CCCCCCCCCC)CCCCCCCCCC)CC1,XH_2025,XH_2025,3
-5.572906,1.85005724,CCCCCCCCCCC(CCCCCCCCCC)OC(=O)C(CC(=O)OCC(CC)CCCC)NCCOCCOCCNC(CC(=O)OCC(CC)CCCC)C(=O)OC(CCCCCCCCCC)CCCCCCCCCC,XH_2025,XH_2025,3
-5.157331,1.85005724,CCCCCCCCCCC(CCCCCCCCCC)OC(=O)C(CC(=O)OCC(CC)CCCC)NCCCCC1NC(=O)C(CCCCNC(CC(=O)OCC(CC)CCCC)C(=O)OC(CCCCCCCCCC)CCCCCCCCCC)NC1=O,XH_2025,XH_2025,3
-5.0113506,0.477611216,CCCCCCCCCCC(CCCCCCCCCC)OC(=O)C(CC(=O)OCC(CC)CCCC)NCCN(CCNC(CC(=O)OCC(CC)CCCC)C(=O)OC(CCCCCCCCCC)CCCCCCCCCC)C(CC(=O)OCC(CC)CCCC)C(=O)OC(CCCCCCCCCC)CCCCCCCCCC,XH_2025,XH_2025,1
-4.072983,0.477611216,CCCCCCCCCCC(CCCCCCCCCC)OC(=O)C(CC(=O)OCC(CC)CCCC)NCCCN(CCCNC(CC(=O)OCC(CC)CCCC)C(=O)OC(CCCCCCCCCC)CCCCCCCCCC)CCCNC(CC(=O)OCC(CC)CCCC)C(=O)OC(CCCCCCCCCC)CCCCCCCCCC,XH_2025,XH_2025,1
-4.342406,0.477611216,CCCCCCCCCCC(CCCCCCCCCC)OC(=O)C(CC(=O)OCC(CC)CCCC)NCCN(CCNC(CC(=O)OCC(CC)CCCC)C(=O)OC(CCCCCCCCCC)CCCCCCCCCC)CCNC(CC(=O)OCC(CC)CCCC)C(=O)OC(CCCCCCCCCC)CCCCCCCCCC,XH_2025,XH_2025,1
-3.7783837,0.477611216,CCCCCCCCCCC(CCCCCCCCCC)OC(=O)C(CC(=O)OCC(CC)CCCC)NCCN1CCN(CCN(CCNC(CC(=O)OCC(CC)CCCC)C(=O)OC(CCCCCCCCCC)CCCCCCCCCC)C(CC(=O)OCC(CC)CCCC)C(=O)OC(CCCCCCCCCC)CCCCCCCCCC)CC1,XH_2025,XH_2025,1
-4.422518,1.85005724,CCCCCCCCCCC(CCCCCCCCCC)OC(=O)C(CC(=O)OCC(CC)CCCC)NCCCN(CCCCN(CCCNC(CC(=O)OCC(CC)CCCC)C(=O)OC(CCCCCCCCCC)CCCCCCCCCC)CCCNC(CC(=O)OCC(CC)CCCC)C(=O)OC(CCCCCCCCCC)CCCCCCCCCC)CCCNC(CC(=O)OCC(CC)CCCC)C(=O)OC(CCCCCCCCCC)CCCCCCCCCC,XH_2025,XH_2025,3
-3.6029172,1.85005724,CCCCCCCCCCC(CCCCCCCCCC)OC(=O)C(CC(=O)OCC(CC)CCCC)NCCNC(=O)CCN(CCC(=O)NCCNC(CC(=O)OCC(CC)CCCC)C(=O)OC(CCCCCCCCCC)CCCCCCCCCC)CCN(CCC(=O)NCCNC(CC(=O)OCC(CC)CCCC)C(=O)OC(CCCCCCCCCC)CCCCCCCCCC)CCC(=O)NCCNC(CC(=O)OCC(CC)CCCC)C(=O)OC(CCCCCCCCCC)CCCCCCCCCC,XH_2025,XH_2025,3
-5.9402084,0.477611216,CCCCCCCCCCC(CCCCCCCCCC)OC(=O)C(CC(=O)OCC(CC)CCCC)N(C)C,XH_2025,XH_2025,1
-5.2811975,-0.894834808,CCCCCCCCCCC(CCCCCCCCCC)OC(=O)C(CC(=O)OCC(CC)CCCC)N(CC)CC,XH_2025,XH_2025,0
-5.7805586,0.477611216,CCCCCCCCCCC(CCCCCCCCCC)OC(=O)C(CC(=O)OCC(CC)CCCC)NCCO,XH_2025,XH_2025,1
-5.6744437,0.477611216,CCCCCCCCCCC(CCCCCCCCCC)OC(=O)C(CC(=O)OCC(CC)CCCC)N(C)CCO,XH_2025,XH_2025,1
-5.101219,0.477611216,CCCCCCCCCCC(CCCCCCCCCC)OC(=O)C(CC(=O)OCC(CC)CCCC)NCCCCO,XH_2025,XH_2025,1
-5.5699544,0.477611216,CCCCCCCCCCC(CCCCCCCCCC)OC(=O)C(CC(=O)OCC(CC)CCCC)N(C)CCCCO,XH_2025,XH_2025,1
-4.456009,0.477611216,CCCCCCCCCCC(CCCCCCCCCC)OC(=O)C(CC(=O)OCC(CC)CCCC)NCCCN(C)C,XH_2025,XH_2025,1
-4.7470865,1.85005724,CCCCCCCCCCC(CCCCCCCCCC)OC(=O)C(CC(=O)OCC(CC)CCCC)N(C)CCCN(C)C,XH_2025,XH_2025,3
-4.1258807,0.477611216,CCCCCCCCCCC(CCCCCCCCCC)OC(=O)C(CC(=O)OCC(CC)CCCC)NCCN(CC)CC,XH_2025,XH_2025,1
-4.321636,0.477611216,CCCCCCCCCCC(CCCCCCCCCC)OC(=O)C(CC(=O)OCC(CC)CCCC)N(C)CCN(CC)CC,XH_2025,XH_2025,1
-5.8500395,0.477611216,CCCCCCCCCCC(CCCCCCCCCC)OC(=O)C(CC(=O)OCC(CC)CCCC)N1CCC(N(C)C)C1,XH_2025,XH_2025,1
-5.786348,0.477611216,CCCCCCCCCCC(CCCCCCCCCC)OC(=O)C(CC(=O)OCC(CC)CCCC)N1CCN(CCO)CC1,XH_2025,XH_2025,1
-3.6019838,0.477611216,CCCCCCCCCCC(CCCCCCCCCC)OC(=O)C(CC(=O)OCC(CC)CCCC)NCCCN(CC)CC,XH_2025,XH_2025,1
-3.8970377,1.85005724,CCCCCCCCCCC(CCCCCCCCCC)OC(=O)C(CC(=O)OCC(CC)CCCC)N(C)CCCN(CC)CC,XH_2025,XH_2025,3
-3.1034303,1.85005724,CCCCCCCCCCC(CCCCCCCCCC)OC(=O)C(CC(=O)OCC(CC)CCCC)NCCN1CCCC1,XH_2025,XH_2025,3
-4.163659,1.85005724,CCCCCCCCCCC(CCCCCCCCCC)OC(=O)C(CC(=O)OCC(CC)CCCC)N(C)CCN1CCCC1,XH_2025,XH_2025,3
-3.218432,1.85005724,CCCCCCCCCCC(CCCCCCCCCC)OC(=O)C(CC(=O)OCC(CC)CCCC)NCCCN1CCCC1,XH_2025,XH_2025,3
-3.5281475,1.85005724,CCCCCCCCCCC(CCCCCCCCCC)OC(=O)C(CC(=O)OCC(CC)CCCC)N(C)CCCN1CCCC1,XH_2025,XH_2025,3
-5.097308,1.85005724,CCCCCCCCCCC(CCCCCCCCCC)OC(=O)C(CC(=O)OCC(CC)CCCC)NCCN(C)C,XH_2025,XH_2025,3
-4.992537,0.477611216,CCCCCCCCCCC(CCCCCCCCCC)OC(=O)C(CC(=O)OCC(CC)CCCC)N(C)CCN(C)C,XH_2025,XH_2025,1
-4.7979865,0.477611216,CCCCCCCCCCC(CCCCCCCCCC)OC(=O)C(CC(=O)OCC(CC)CCCC)NCCCN1CCN(C)CC1,XH_2025,XH_2025,1
-5.785118,1.85005724,CCCCCCCCCCC(CCCCCCCCCC)OC(=O)C(CC(=O)OCC(CC)CCCC)N1CCCN(C)CC1,XH_2025,XH_2025,3
-5.568488,0.477611216,CCCCCCCCCCC(CCCCCCCCCC)OC(=O)C(CC(=O)OCC(CC)CCCC)N1CCN(C)CC1,XH_2025,XH_2025,1
-6.327328,1.85005724,CCCCCCCCCCC(CCCCCCCCCC)OC(=O)C(CC(=O)OCC(CC)CCCC)N1CCC(N(C)C)CC1,XH_2025,XH_2025,3
-5.1952558,0.477611216,CCCCCCCCCCC(CCCCCCCCCC)OC(=O)C(CC(=O)OCC(CC)CCCC)N1CCC(N(CC)CC)CC1,XH_2025,XH_2025,1
-5.0195737,-0.894834808,CCCCCCCCCCC(CCCCCCCCCC)OC(=O)C(CC(=O)OCC(CC)CCCC)N1CCC(N(CC)CC)C1,XH_2025,XH_2025,0
-5.1471605,0.477611216,CCCCCCCCCCC(CCCCCCCCCC)OC(=O)C(CC(=O)OCC(CC)CCCC)N1CCN(CCN(CC)CC)CC1,XH_2025,XH_2025,1
-7.1510897,-0.894834808,CCCCCCCCCCC(CCCCCCCCCC)OC(=O)C(CC(=O)OCC(CC)CCCC)SCCN1CCOCC1,XH_2025,XH_2025,0
-5.688488,-0.894834808,CCCCCCCCCCC(CCCCCCCCCC)OC(=O)C(CC(=O)OCC(CC)CCCC)SCCN(C)C,XH_2025,XH_2025,0
-3.7189777,-0.894834808,CCCCCCCCCCC(CCCCCCCCCC)OC(=O)C(CC(=O)OCC(CC)CCCC)SCCN(CC)CC,XH_2025,XH_2025,0
-5.6407504,0.477611216,CCCCCCCCCCC(CCCCCCCC)COC(=O)C(CC(=O)OCC(CC)CCCC)NCCNC(CC(=O)OCC(CC)CCCC)C(=O)OCC(CCCCCCCC)CCCCCCCCCC,XH_2025,XH_2025,1
-5.0083904,0.477611216,CCCCCCCCCCC(CCCCCCCC)COC(=O)C(CC(=O)OCC(CC)CCCC)NCCCNC(CC(=O)OCC(CC)CCCC)C(=O)OCC(CCCCCCCC)CCCCCCCCCC,XH_2025,XH_2025,1
-4.8116403,1.85005724,CCCCCCCCCCC(CCCCCCCC)COC(=O)C(CC(=O)OCC(CC)CCCC)NCCCCCCNC(CC(=O)OCC(CC)CCCC)C(=O)OCC(CCCCCCCC)CCCCCCCCCC,XH_2025,XH_2025,3
-4.0142436,0.477611216,CCCCCCCCCCC(CCCCCCCC)COC(=O)C(CC(=O)OCC(CC)CCCC)N(C)CCN(C)C(CC(=O)OCC(CC)CCCC)C(=O)OCC(CCCCCCCC)CCCCCCCCCC,XH_2025,XH_2025,1
-3.4790168,0.477611216,CCCCCCCCCCC(CCCCCCCC)COC(=O)C(CC(=O)OCC(CC)CCCC)NCCCN(CCCN(C)C)C(CC(=O)OCC(CC)CCCC)C(=O)OCC(CCCCCCCC)CCCCCCCCCC,XH_2025,XH_2025,1
-4.9468327,1.85005724,CCCCCCCCCCC(CCCCCCCC)COC(=O)C(CC(=O)OCC(CC)CCCC)NCCN(C)CCNC(CC(=O)OCC(CC)CCCC)C(=O)OCC(CCCCCCCC)CCCCCCCCCC,XH_2025,XH_2025,3
-3.3647318,1.85005724,CCCCCCCCCCC(CCCCCCCC)COC(=O)C(CC(=O)OCC(CC)CCCC)N(C)CCN(C)CCN(C)C(CC(=O)OCC(CC)CCCC)C(=O)OCC(CCCCCCCC)CCCCCCCCCC,XH_2025,XH_2025,3
-4.818152,0.477611216,CCCCCCCCCCC(CCCCCCCC)COC(=O)C(CC(=O)OCC(CC)CCCC)NCCCN(C)CCCNC(CC(=O)OCC(CC)CCCC)C(=O)OCC(CCCCCCCC)CCCCCCCCCC,XH_2025,XH_2025,1
-2.274276,1.85005724,CCCCCCCCCCC(CCCCCCCC)COC(=O)C(CC(=O)OCC(CC)CCCC)N(C)CCCN(C)CCCN(C)C(CC(=O)OCC(CC)CCCC)C(=O)OCC(CCCCCCCC)CCCCCCCCCC,XH_2025,XH_2025,3
-4.369462,0.477611216,CCCCCCCCCCC(CCCCCCCC)COC(=O)C(CC(=O)OCC(CC)CCCC)NCCN(CCO)C(CC(=O)OCC(CC)CCCC)C(=O)OCC(CCCCCCCC)CCCCCCCCCC,XH_2025,XH_2025,1
-3.1205246,0.477611216,CCCCCCCCCCC(CCCCCCCC)COC(=O)C(CC(=O)OCC(CC)CCCC)N(CCO)CCN(CCO)C(CC(=O)OCC(CC)CCCC)C(=O)OCC(CCCCCCCC)CCCCCCCCCC,XH_2025,XH_2025,1
-3.3938916,1.85005724,CCCCCCCCCCC(CCCCCCCC)COC(=O)C(CC(=O)OCC(CC)CCCC)NCCCN1CCN(CCCNC(CC(=O)OCC(CC)CCCC)C(=O)OCC(CCCCCCCC)CCCCCCCCCC)CC1,XH_2025,XH_2025,3
-5.0595374,1.85005724,CCCCCCCCCCC(CCCCCCCC)COC(=O)C(CC(=O)OCC(CC)CCCC)NCCOCCOCCNC(CC(=O)OCC(CC)CCCC)C(=O)OCC(CCCCCCCC)CCCCCCCCCC,XH_2025,XH_2025,3
-4.3239408,1.85005724,CCCCCCCCCCC(CCCCCCCC)COC(=O)C(CC(=O)OCC(CC)CCCC)NCCCCC1NC(=O)C(CCCCNC(CC(=O)OCC(CC)CCCC)C(=O)OCC(CCCCCCCC)CCCCCCCCCC)NC1=O,XH_2025,XH_2025,3
-4.5519705,0.477611216,CCCCCCCCCCC(CCCCCCCC)COC(=O)C(CC(=O)OCC(CC)CCCC)NCCN(CCNC(CC(=O)OCC(CC)CCCC)C(=O)OCC(CCCCCCCC)CCCCCCCCCC)C(CC(=O)OCC(CC)CCCC)C(=O)OCC(CCCCCCCC)CCCCCCCCCC,XH_2025,XH_2025,1
-4.651436,0.477611216,CCCCCCCCCCC(CCCCCCCC)COC(=O)C(CC(=O)OCC(CC)CCCC)NCCCN(CCCNC(CC(=O)OCC(CC)CCCC)C(=O)OCC(CCCCCCCC)CCCCCCCCCC)CCCNC(CC(=O)OCC(CC)CCCC)C(=O)OCC(CCCCCCCC)CCCCCCCCCC,XH_2025,XH_2025,1
-4.7027817,1.85005724,CCCCCCCCCCC(CCCCCCCC)COC(=O)C(CC(=O)OCC(CC)CCCC)NCCN(CCNC(CC(=O)OCC(CC)CCCC)C(=O)OCC(CCCCCCCC)CCCCCCCCCC)CCNC(CC(=O)OCC(CC)CCCC)C(=O)OCC(CCCCCCCC)CCCCCCCCCC,XH_2025,XH_2025,3
-3.4862401,1.85005724,CCCCCCCCCCC(CCCCCCCC)COC(=O)C(CC(=O)OCC(CC)CCCC)NCCN1CCN(CCN(CCNC(CC(=O)OCC(CC)CCCC)C(=O)OCC(CCCCCCCC)CCCCCCCCCC)C(CC(=O)OCC(CC)CCCC)C(=O)OCC(CCCCCCCC)CCCCCCCCCC)CC1,XH_2025,XH_2025,3
-4.683805,1.85005724,CCCCCCCCCCC(CCCCCCCC)COC(=O)C(CC(=O)OCC(CC)CCCC)NCCCN(CCCCN(CCCNC(CC(=O)OCC(CC)CCCC)C(=O)OCC(CCCCCCCC)CCCCCCCCCC)CCCNC(CC(=O)OCC(CC)CCCC)C(=O)OCC(CCCCCCCC)CCCCCCCCCC)CCCNC(CC(=O)OCC(CC)CCCC)C(=O)OCC(CCCCCCCC)CCCCCCCCCC,XH_2025,XH_2025,3
-3.8902535,1.85005724,CCCCCCCCCCC(CCCCCCCC)COC(=O)C(CC(=O)OCC(CC)CCCC)NCCNC(=O)CCN(CCC(=O)NCCNC(CC(=O)OCC(CC)CCCC)C(=O)OCC(CCCCCCCC)CCCCCCCCCC)CCN(CCC(=O)NCCNC(CC(=O)OCC(CC)CCCC)C(=O)OCC(CCCCCCCC)CCCCCCCCCC)CCC(=O)NCCNC(CC(=O)OCC(CC)CCCC)C(=O)OCC(CCCCCCCC)CCCCCCCCCC,XH_2025,XH_2025,3
-6.129755,-0.894834808,CCCCCCCCCCC(CCCCCCCC)COC(=O)C(CC(=O)OCC(CC)CCCC)N(C)C,XH_2025,XH_2025,0
-5.4918222,-0.894834808,CCCCCCCCCCC(CCCCCCCC)COC(=O)C(CC(=O)OCC(CC)CCCC)N(CC)CC,XH_2025,XH_2025,0
-5.6327076,0.477611216,CCCCCCCCCCC(CCCCCCCC)COC(=O)C(CC(=O)OCC(CC)CCCC)NCCO,XH_2025,XH_2025,1
-5.6318235,0.477611216,CCCCCCCCCCC(CCCCCCCC)COC(=O)C(CC(=O)OCC(CC)CCCC)N(C)CCO,XH_2025,XH_2025,1
-5.293212,0.477611216,CCCCCCCCCCC(CCCCCCCC)COC(=O)C(CC(=O)OCC(CC)CCCC)NCCCCO,XH_2025,XH_2025,1
-5.74085,1.85005724,CCCCCCCCCCC(CCCCCCCC)COC(=O)C(CC(=O)OCC(CC)CCCC)N(C)CCCCO,XH_2025,XH_2025,3
-5.425989,0.477611216,CCCCCCCCCCC(CCCCCCCC)COC(=O)C(CC(=O)OCC(CC)CCCC)NCCCN(C)C,XH_2025,XH_2025,1
-5.2992883,1.85005724,CCCCCCCCCCC(CCCCCCCC)COC(=O)C(CC(=O)OCC(CC)CCCC)N(C)CCCN(C)C,XH_2025,XH_2025,3
-4.678786,1.85005724,CCCCCCCCCCC(CCCCCCCC)COC(=O)C(CC(=O)OCC(CC)CCCC)NCCN(CC)CC,XH_2025,XH_2025,3
-4.5264206,0.477611216,CCCCCCCCCCC(CCCCCCCC)COC(=O)C(CC(=O)OCC(CC)CCCC)N(C)CCN(CC)CC,XH_2025,XH_2025,1
-7.219517,0.477611216,CCCCCCCCCCC(CCCCCCCC)COC(=O)C(CC(=O)OCC(CC)CCCC)N1CCC(N(C)C)C1,XH_2025,XH_2025,1
-6.494114,1.85005724,CCCCCCCCCCC(CCCCCCCC)COC(=O)C(CC(=O)OCC(CC)CCCC)N1CCN(CCO)CC1,XH_2025,XH_2025,3
-3.903243,-0.894834808,CCCCCCCCCCC(CCCCCCCC)COC(=O)C(CC(=O)OCC(CC)CCCC)NCCCN(CC)CC,XH_2025,XH_2025,0
-4.064388,1.85005724,CCCCCCCCCCC(CCCCCCCC)COC(=O)C(CC(=O)OCC(CC)CCCC)N(C)CCCN(CC)CC,XH_2025,XH_2025,3
-3.9931328,0.477611216,CCCCCCCCCCC(CCCCCCCC)COC(=O)C(CC(=O)OCC(CC)CCCC)NCCN1CCCC1,XH_2025,XH_2025,1
-4.7661777,1.85005724,CCCCCCCCCCC(CCCCCCCC)COC(=O)C(CC(=O)OCC(CC)CCCC)N(C)CCN1CCCC1,XH_2025,XH_2025,3
-3.7181787,0.477611216,CCCCCCCCCCC(CCCCCCCC)COC(=O)C(CC(=O)OCC(CC)CCCC)NCCCN1CCCC1,XH_2025,XH_2025,1
-4.460903,1.85005724,CCCCCCCCCCC(CCCCCCCC)COC(=O)C(CC(=O)OCC(CC)CCCC)N(C)CCCN1CCCC1,XH_2025,XH_2025,3
-5.776262,0.477611216,CCCCCCCCCCC(CCCCCCCC)COC(=O)C(CC(=O)OCC(CC)CCCC)NCCN(C)C,XH_2025,XH_2025,1
-5.3148227,0.477611216,CCCCCCCCCCC(CCCCCCCC)COC(=O)C(CC(=O)OCC(CC)CCCC)N(C)CCN(C)C,XH_2025,XH_2025,1
-4.9686117,0.477611216,CCCCCCCCCCC(CCCCCCCC)COC(=O)C(CC(=O)OCC(CC)CCCC)NCCCN1CCN(C)CC1,XH_2025,XH_2025,1
-6.682085,1.85005724,CCCCCCCCCCC(CCCCCCCC)COC(=O)C(CC(=O)OCC(CC)CCCC)N1CCCN(C)CC1,XH_2025,XH_2025,3
-6.2084556,0.477611216,CCCCCCCCCCC(CCCCCCCC)COC(=O)C(CC(=O)OCC(CC)CCCC)N1CCN(C)CC1,XH_2025,XH_2025,1
-5.623668,1.85005724,CCCCCCCCCCC(CCCCCCCC)COC(=O)C(CC(=O)OCC(CC)CCCC)N1CCC(N(C)C)CC1,XH_2025,XH_2025,3
-5.2904024,0.477611216,CCCCCCCCCCC(CCCCCCCC)COC(=O)C(CC(=O)OCC(CC)CCCC)N1CCC(N(CC)CC)CC1,XH_2025,XH_2025,1
-6.0884967,0.477611216,CCCCCCCCCCC(CCCCCCCC)COC(=O)C(CC(=O)OCC(CC)CCCC)N1CCC(N(CC)CC)C1,XH_2025,XH_2025,1
-4.7843723,0.477611216,CCCCCCCCCCC(CCCCCCCC)COC(=O)C(CC(=O)OCC(CC)CCCC)N1CCN(CCN(CC)CC)CC1,XH_2025,XH_2025,1
-6.980773,-0.894834808,CCCCCCCCCCC(CCCCCCCC)COC(=O)C(CC(=O)OCC(CC)CCCC)SCCN1CCOCC1,XH_2025,XH_2025,0
-5.7306895,-0.894834808,CCCCCCCCCCC(CCCCCCCC)COC(=O)C(CC(=O)OCC(CC)CCCC)SCCN(C)C,XH_2025,XH_2025,0
-4.686284,-0.894834808,CCCCCCCCCCC(CCCCCCCC)COC(=O)C(CC(=O)OCC(CC)CCCC)SCCN(CC)CC,XH_2025,XH_2025,0
