cv_0_pred_Experiment_value,Experiment_value,smiles,Experiment_ID,experiment_id,rel
-6.3840847,0.581214361,CCCCCCCCCCC(O)CN(CCN1CCN(CCN(CC(O)CCCCCCCCCC)CC(O)CCCCCCCCCC)CC1)CCN(CC(O)CCCCCCCCCC)CC(O)CCCCCCCCCC,JW_2024,JW_2024,1
-2.3449702,-1.3706713,CCCCCCCCCCC(O)CN(CCN1CCN(CCN(CC(O)CCCCCCCCCC)CC(O)CCCCCCCCCC)CC1)CCN(CC(O)CCCCCCCCCC)CC(O)CCCCCCCCCC,JW_2024,JW_2024,0
-4.2720256,1.663900938,CCCCCCCCCCC(O)CN(CCN1CCN(CCN(CC(O)CCCCCCCCCC)CC(O)CCCCCCCCCC)CC1)CCN(CC(O)CCCCCCCCCC)CC(O)CCCCCCCCCC,JW_2024,JW_2024,2
-5.0915527,-1.431667727,CCCCCCCCCCC(O)CN(CCN1CCN(CCN(CC(O)CCCCCCCCCC)CC(O)CCCCCCCCCC)CC1)CCN(CC(O)CCCCCCCCCC)CC(O)CCCCCCCCCC,JW_2024,JW_2024,0
-4.0071235,0.3296041,CCCCCCCCCCC(O)CN(CCN1CCN(CCN(CC(O)CCCCCCCCCC)CC(O)CCCCCCCCCC)CC1)CCN(CC(O)CCCCCCCCCC)CC(O)CCCCCCCCCC,JW_2024,JW_2024,1
-4.736072,0.764203641,CCCCCCCCCCC(O)CN(CCN1CCN(CCN(CC(O)CCCCCCCCCC)CC(O)CCCCCCCCCC)CC1)CCN(CC(O)CCCCCCCCCC)CC(O)CCCCCCCCCC,JW_2024,JW_2024,1
-2.4058716,0.46684606,CCCCCCCCCCC(O)CN(CCN1CCN(CCN(CC(O)CCCCCCCCCC)CC(O)CCCCCCCCCC)CC1)CCN(CC(O)CCCCCCCCCC)CC(O)CCCCCCCCCC,JW_2024,JW_2024,1
-4.158793,0.611712574,CCCCCCCCCCC(O)CN(CCN1CCN(CCN(CC(O)CCCCCCCCCC)CC(O)CCCCCCCCCC)CC1)CCN(CC(O)CCCCCCCCCC)CC(O)CCCCCCCCCC,JW_2024,JW_2024,1
-4.576377,-0.059248122,CCCCCCCCCCC(O)CN(CCN1CCN(CCN(CC(O)CCCCCCCCCC)CC(O)CCCCCCCCCC)CC1)CCN(CC(O)CCCCCCCCCC)CC(O)CCCCCCCCCC,JW_2024,JW_2024,0
-2.7372048,1.015813902,CCCCCCCCCCC(O)CN(CCN1CCN(CCN(CC(O)CCCCCCCCCC)CC(O)CCCCCCCCCC)CC1)CCN(CC(O)CCCCCCCCCC)CC(O)CCCCCCCCCC,JW_2024,JW_2024,1
-6.0926957,1.877388432,CCCCCCCCCCC(O)CN(CCN1CCN(CCN(CC(O)CCCCCCCCCC)CC(O)CCCCCCCCCC)CC1)CCN(CC(O)CCCCCCCCCC)CC(O)CCCCCCCCCC,JW_2024,JW_2024,2
-5.8634753,0.947192922,CCCCCCCCCCC(O)CN(CCN1CCN(CCN(CC(O)CCCCCCCCCC)CC(O)CCCCCCCCCC)CC1)CCN(CC(O)CCCCCCCCCC)CC(O)CCCCCCCCCC,JW_2024,JW_2024,1
-4.923285,0.390600527,CCCCCCCCCCC(O)CN(CCN1CCN(CCN(CC(O)CCCCCCCCCC)CC(O)CCCCCCCCCC)CC1)CCN(CC(O)CCCCCCCCCC)CC(O)CCCCCCCCCC,JW_2024,JW_2024,1
-6.224515,0.527842487,CCCCCCCCCCC(O)CN(CCN1CCN(CCN(CC(O)CCCCCCCCCC)CC(O)CCCCCCCCCC)CC1)CCN(CC(O)CCCCCCCCCC)CC(O)CCCCCCCCCC,JW_2024,JW_2024,1
-3.3588552,1.19117863,CCCCCCCCCCC(O)CN(CCN1CCN(CCN(CC(O)CCCCCCCCCC)CC(O)CCCCCCCCCC)CC1)CCN(CC(O)CCCCCCCCCC)CC(O)CCCCCCCCCC,JW_2024,JW_2024,1
-3.4059725,1.793518345,CCCCCCCCCCC(O)CN(CCN1CCN(CCN(CC(O)CCCCCCCCCC)CC(O)CCCCCCCCCC)CC1)CCN(CC(O)CCCCCCCCCC)CC(O)CCCCCCCCCC,JW_2024,JW_2024,2
-4.251731,0.070369285,CCCCCCCCCCC(O)CN(CCN1CCN(CCN(CC(O)CCCCCCCCCC)CC(O)CCCCCCCCCC)CC1)CCN(CC(O)CCCCCCCCCC)CC(O)CCCCCCCCCC,JW_2024,JW_2024,1
-5.9653416,1.763020132,CCCCCCCCCCC(O)CN(CCN1CCN(CCN(CC(O)CCCCCCCCCC)CC(O)CCCCCCCCCC)CC1)CCN(CC(O)CCCCCCCCCC)CC(O)CCCCCCCCCC,JW_2024,JW_2024,2
-6.557041,0.039871072,CCCCCCCCCCC(O)CN(CCN1CCN(CCN(CC(O)CCCCCCCCCC)CC(O)CCCCCCCCCC)CC1)CCN(CC(O)CCCCCCCCCC)CC(O)CCCCCCCCCC,JW_2024,JW_2024,1
-5.080922,0.26098312,CCCCCCCCCCC(O)CN(CCN1CCN(CCN(CC(O)CCCCCCCCCC)CC(O)CCCCCCCCCC)CC1)CCN(CC(O)CCCCCCCCCC)CC(O)CCCCCCCCCC,JW_2024,JW_2024,1
-5.177139,0.901445602,CCCCCCCCCCC(O)CN(CCCCC1NC(=O)C(CCCCN(CC(O)CCCCCCCCCC)CC(O)CCCCCCCCCC)NC1=O)CC(O)CCCCCCCCCC,JW_2024,JW_2024,1
-5.4866295,2.205244227,CCCCCCCCCCC(O)CN(CCCCC1NC(=O)C(CCCCN(CC(O)CCCCCCCCCC)CC(O)CCCCCCCCCC)NC1=O)CC(O)CCCCCCCCCC,JW_2024,JW_2024,3
-5.9330673,-1.401169513,CCCCCCCCCCC(O)CN(CCCCC1NC(=O)C(CCCCN(CC(O)CCCCCCCCCC)CC(O)CCCCCCCCCC)NC1=O)CC(O)CCCCCCCCCC,JW_2024,JW_2024,0
-6.296946,0.863322835,CCCCCCCCCCC(O)CN(CCCCC1NC(=O)C(CCCCN(CC(O)CCCCCCCCCC)CC(O)CCCCCCCCCC)NC1=O)CC(O)CCCCCCCCCC,JW_2024,JW_2024,1
-6.3596396,0.726080875,CCCCCCCCCCC(O)CN(CCCCC1NC(=O)C(CCCCN(CC(O)CCCCCCCCCC)CC(O)CCCCCCCCCC)NC1=O)CC(O)CCCCCCCCCC,JW_2024,JW_2024,1
-7.140183,1.32842059,CCCCCCCCCCC(O)CN(CCCCC1NC(=O)C(CCCCN(CC(O)CCCCCCCCCC)CC(O)CCCCCCCCCC)NC1=O)CC(O)CCCCCCCCCC,JW_2024,JW_2024,2
-4.919958,0.649835341,CCCCCCCCCCC(O)CN(CCCCC1NC(=O)C(CCCCN(CC(O)CCCCCCCCCC)CC(O)CCCCCCCCCC)NC1=O)CC(O)CCCCCCCCCC,JW_2024,JW_2024,1
-5.9983306,1.015813902,CCCCCCCCCCC(O)CN(CCCCC1NC(=O)C(CCCCN(CC(O)CCCCCCCCCC)CC(O)CCCCCCCCCC)NC1=O)CC(O)CCCCCCCCCC,JW_2024,JW_2024,1
-7.0122538,0.924319262,CCCCCCCCCCC(O)CN(CCCCC1NC(=O)C(CCCCN(CC(O)CCCCCCCCCC)CC(O)CCCCCCCCCC)NC1=O)CC(O)CCCCCCCCCC,JW_2024,JW_2024,1
-5.20945,2.068002266,CCCCCCCCCCC(O)CN(CCCCC1NC(=O)C(CCCCN(CC(O)CCCCCCCCCC)CC(O)CCCCCCCCCC)NC1=O)CC(O)CCCCCCCCCC,JW_2024,JW_2024,3
-4.942725,0.832824622,CCCCCCCCCCC(O)CN(CCCCC1NC(=O)C(CCCCN(CC(O)CCCCCCCCCC)CC(O)CCCCCCCCCC)NC1=O)CC(O)CCCCCCCCCC,JW_2024,JW_2024,1
-6.5240517,0.939568369,CCCCCCCCCCC(O)CN(CCCCC1NC(=O)C(CCCCN(CC(O)CCCCCCCCCC)CC(O)CCCCCCCCCC)NC1=O)CC(O)CCCCCCCCCC,JW_2024,JW_2024,1
-5.2640905,1.313171483,CCCCCCCCCCC(O)CN(CCCCC1NC(=O)C(CCCCN(CC(O)CCCCCCCCCC)CC(O)CCCCCCCCCC)NC1=O)CC(O)CCCCCCCCCC,JW_2024,JW_2024,1
-7.9279833,1.39704157,CCCCCCCCCCC(O)CN(CCCCC1NC(=O)C(CCCCN(CC(O)CCCCCCCCCC)CC(O)CCCCCCCCCC)NC1=O)CC(O)CCCCCCCCCC,JW_2024,JW_2024,2
-4.4233923,2.23574244,CCCCCCCCCCC(O)CN(CCCCC1NC(=O)C(CCCCN(CC(O)CCCCCCCCCC)CC(O)CCCCCCCCCC)NC1=O)CC(O)CCCCCCCCCC,JW_2024,JW_2024,3
-6.094909,1.046312116,CCCCCCCCCCC(O)CN(CCCCC1NC(=O)C(CCCCN(CC(O)CCCCCCCCCC)CC(O)CCCCCCCCCC)NC1=O)CC(O)CCCCCCCCCC,JW_2024,JW_2024,1
-4.847456,2.037504053,CCCCCCCCCCC(O)CN(CCCCC1NC(=O)C(CCCCN(CC(O)CCCCCCCCCC)CC(O)CCCCCCCCCC)NC1=O)CC(O)CCCCCCCCCC,JW_2024,JW_2024,3
-7.5165935,0.055120179,CCCCCCCCCCC(O)CN(CCCCC1NC(=O)C(CCCCN(CC(O)CCCCCCCCCC)CC(O)CCCCCCCCCC)NC1=O)CC(O)CCCCCCCCCC,JW_2024,JW_2024,1
-7.7219567,0.230484906,CCCCCCCCCCC(O)CN(CCCCC1NC(=O)C(CCCCN(CC(O)CCCCCCCCCC)CC(O)CCCCCCCCCC)NC1=O)CC(O)CCCCCCCCCC,JW_2024,JW_2024,1
-8.385673,-1.204789014,CCCCCCCCC(CCCCCC)C(=O)OC(C/C=C\CCCCCCCCOC(=O)CCN(CCC(=O)OCCCCCCCC/C=C\CC(CCCCCC)OC(=O)C(CCCCCC)CCCCCCCC)CCc1ccncc1)CCCCCC,JW_2024,JW_2024,0
-8.003778,-1.078860772,CCCCCCCCC(CCCCCC)C(=O)OC(C/C=C\CCCCCCCCOC(=O)CCN(CCC(=O)OCCCCCCCC/C=C\CC(CCCCCC)OC(=O)C(CCCCCC)CCCCCCCC)CCc1ccncc1)CCCCCC,JW_2024,JW_2024,0
-12.2772045,-1.132830019,CCCCCCCCC(CCCCCC)C(=O)OC(C/C=C\CCCCCCCCOC(=O)CCN(CCC(=O)OCCCCCCCC/C=C\CC(CCCCCC)OC(=O)C(CCCCCC)CCCCCCCC)CCc1ccncc1)CCCCCC,JW_2024,JW_2024,0
-8.8632555,-1.069865897,CCCCCCCCC(CCCCCC)C(=O)OC(C/C=C\CCCCCCCCOC(=O)CCN(CCC(=O)OCCCCCCCC/C=C\CC(CCCCCC)OC(=O)C(CCCCCC)CCCCCCCC)CCc1ccncc1)CCCCCC,JW_2024,JW_2024,0
-8.542987,-1.213783889,CCCCCCCCC(CCCCCC)C(=O)OC(C/C=C\CCCCCCCCOC(=O)CCN(CCC(=O)OCCCCCCCC/C=C\CC(CCCCCC)OC(=O)C(CCCCCC)CCCCCCCC)CCc1ccncc1)CCCCCC,JW_2024,JW_2024,0
-10.850463,-2.293168825,CCCCCCCCC(CCCCCC)C(=O)OC(C/C=C\CCCCCCCCOC(=O)CCN(CCC(=O)OCCCCCCCC/C=C\CC(CCCCCC)OC(=O)C(CCCCCC)CCCCCCCC)CCc1ccncc1)CCCCCC,JW_2024,JW_2024,0
-11.536292,-0.359270814,CCCCCCCCC(CCCCCC)C(=O)OC(C/C=C\CCCCCCCCOC(=O)CCN(CCC(=O)OCCCCCCCC/C=C\CC(CCCCCC)OC(=O)C(CCCCCC)CCCCCCCC)CCc1ccncc1)CCCCCC,JW_2024,JW_2024,0
-9.356399,-2.715927925,CCCCCCCCC(CCCCCC)C(=O)OC(C/C=C\CCCCCCCCOC(=O)CCN(CCC(=O)OCCCCCCCC/C=C\CC(CCCCCC)OC(=O)C(CCCCCC)CCCCCCCC)CCc1ccncc1)CCCCCC,JW_2024,JW_2024,0
-8.292187,-0.889968408,CCCCCCCCC(CCCCCC)C(=O)OC(C/C=C\CCCCCCCCOC(=O)CCN(CCC(=O)OCCCCCCCC/C=C\CC(CCCCCC)OC(=O)C(CCCCCC)CCCCCCCC)CCc1ccncc1)CCCCCC,JW_2024,JW_2024,0
-9.274347,-1.204789014,CCCCCCCCC(CCCCCC)C(=O)OC(C/C=C\CCCCCCCCOC(=O)CCN(CCC(=O)OCCCCCCCC/C=C\CC(CCCCCC)OC(=O)C(CCCCCC)CCCCCCCC)CCc1ccncc1)CCCCCC,JW_2024,JW_2024,0
-10.544605,-0.593137551,CCCCCCCCC(CCCCCC)C(=O)OC(C/C=C\CCCCCCCCOC(=O)CCN(CCC(=O)OCCCCCCCC/C=C\CC(CCCCCC)OC(=O)C(CCCCCC)CCCCCCCC)CCc1ccncc1)CCCCCC,JW_2024,JW_2024,0
-8.1003475,-1.420666002,CCCCCCCCC(CCCCCC)C(=O)OC(C/C=C\CCCCCCCCOC(=O)CCN(CCC(=O)OCCCCCCCC/C=C\CC(CCCCCC)OC(=O)C(CCCCCC)CCCCCCCC)CCc1ccncc1)CCCCCC,JW_2024,JW_2024,0
-9.111261,-1.024891525,CCCCCCCCC(CCCCCC)C(=O)OC(C/C=C\CCCCCCCCOC(=O)CCN(CCC(=O)OCCCCCCCC/C=C\CC(CCCCCC)OC(=O)C(CCCCCC)CCCCCCCC)CCc1ccncc1)CCCCCC,JW_2024,JW_2024,0
-11.725333,-0.916953031,CCCCCCCCC(CCCCCC)C(=O)OC(C/C=C\CCCCCCCCOC(=O)CCN(CCC(=O)OCCCCCCCC/C=C\CC(CCCCCC)OC(=O)C(CCCCCC)CCCCCCCC)CCc1ccncc1)CCCCCC,JW_2024,JW_2024,0
-9.6993885,-1.474635249,CCCCCCC(C/C=C\CCCCCCCCOC(=O)CCN(CCC(=O)OCCCCCCCC/C=C\CC(CCCCCC)OC(=O)C(CCCC)CCCCCC)CCc1ccncc1)OC(=O)C(CCCC)CCCCCC,JW_2024,JW_2024,0
-8.7368765,-1.11484027,CCCCCCC(C/C=C\CCCCCCCCOC(=O)CCN(CCC(=O)OCCCCCCCC/C=C\CC(CCCCCC)OC(=O)C(CCCC)CCCCCC)CCc1ccncc1)OC(=O)C(CCCC)CCCCCC,JW_2024,JW_2024,0
-12.120432,-0.809014538,CCCCCCC(C/C=C\CCCCCCCCOC(=O)CCN(CCC(=O)OCCCCCCCC/C=C\CC(CCCCCC)OC(=O)C(CCCC)CCCCCC)CCc1ccncc1)OC(=O)C(CCCC)CCCCCC,JW_2024,JW_2024,0
-9.799074,-0.674091421,CCCCCCC(C/C=C\CCCCCCCCOC(=O)CCN(CCC(=O)OCCCCCCCC/C=C\CC(CCCCCC)OC(=O)C(CCCC)CCCCCC)CCc1ccncc1)OC(=O)C(CCCC)CCCCCC,JW_2024,JW_2024,0
-9.768974,-1.024891525,CCCCCCC(C/C=C\CCCCCCCCOC(=O)CCN(CCC(=O)OCCCCCCCC/C=C\CC(CCCCCC)OC(=O)C(CCCC)CCCCCC)CCc1ccncc1)OC(=O)C(CCCC)CCCCCC,JW_2024,JW_2024,0
-10.6114235,-1.123835144,CCCCCCC(C/C=C\CCCCCCCCOC(=O)CCN(CCC(=O)OCCCCCCCC/C=C\CC(CCCCCC)OC(=O)C(CCCC)CCCCCC)CCc1ccncc1)OC(=O)C(CCCC)CCCCCC,JW_2024,JW_2024,0
-12.368754,-0.43122981,CCCCCCC(C/C=C\CCCCCCCCOC(=O)CCN(CCC(=O)OCCCCCCCC/C=C\CC(CCCCCC)OC(=O)C(CCCC)CCCCCC)CCc1ccncc1)OC(=O)C(CCCC)CCCCCC,JW_2024,JW_2024,0
-10.037795,-2.203220081,CCCCCCC(C/C=C\CCCCCCCCOC(=O)CCN(CCC(=O)OCCCCCCCC/C=C\CC(CCCCCC)OC(=O)C(CCCC)CCCCCC)CCc1ccncc1)OC(=O)C(CCCC)CCCCCC,JW_2024,JW_2024,0
-9.124174,-0.827004287,CCCCCCC(C/C=C\CCCCCCCCOC(=O)CCN(CCC(=O)OCCCCCCCC/C=C\CC(CCCCCC)OC(=O)C(CCCC)CCCCCC)CCc1ccncc1)OC(=O)C(CCCC)CCCCCC,JW_2024,JW_2024,0
-9.963086,-1.249763387,CCCCCCC(C/C=C\CCCCCCCCOC(=O)CCN(CCC(=O)OCCCCCCCC/C=C\CC(CCCCCC)OC(=O)C(CCCC)CCCCCC)CCc1ccncc1)OC(=O)C(CCCC)CCCCCC,JW_2024,JW_2024,0
-10.712297,-0.43122981,CCCCCCC(C/C=C\CCCCCCCCOC(=O)CCN(CCC(=O)OCCCCCCCC/C=C\CC(CCCCCC)OC(=O)C(CCCC)CCCCCC)CCc1ccncc1)OC(=O)C(CCCC)CCCCCC,JW_2024,JW_2024,0
-8.699547,-1.627548115,CCCCCCC(C/C=C\CCCCCCCCOC(=O)CCN(CCC(=O)OCCCCCCCC/C=C\CC(CCCCCC)OC(=O)C(CCCC)CCCCCC)CCc1ccncc1)OC(=O)C(CCCC)CCCCCC,JW_2024,JW_2024,0
-9.638061,-1.069865897,CCCCCCC(C/C=C\CCCCCCCCOC(=O)CCN(CCC(=O)OCCCCCCCC/C=C\CC(CCCCCC)OC(=O)C(CCCC)CCCCCC)CCc1ccncc1)OC(=O)C(CCCC)CCCCCC,JW_2024,JW_2024,0
-11.823933,-1.294737759,CCCCCCC(C/C=C\CCCCCCCCOC(=O)CCN(CCC(=O)OCCCCCCCC/C=C\CC(CCCCCC)OC(=O)C(CCCC)CCCCCC)CCc1ccncc1)OC(=O)C(CCCC)CCCCCC,JW_2024,JW_2024,0
-10.81864,-1.222778763,CCCCCCC(C/C=C\CCCCCCCCOC(=O)CCN(CCC(=O)OCCCCCCCC/C=C\CC(CCCCCC)OC(=O)CCCC1CCCCC1)CCc1ccncc1)OC(=O)CCCC1CCCCC1,JW_2024,JW_2024,0
-9.898033,-1.708501985,CCCCCCC(C/C=C\CCCCCCCCOC(=O)CCN(CCC(=O)OCCCCCCCC/C=C\CC(CCCCCC)OC(=O)CCCC1CCCCC1)CCc1ccncc1)OC(=O)CCCC1CCCCC1,JW_2024,JW_2024,0
-12.87817,-0.701076044,CCCCCCC(C/C=C\CCCCCCCCOC(=O)CCN(CCC(=O)OCCCCCCCC/C=C\CC(CCCCCC)OC(=O)CCCC1CCCCC1)CCc1ccncc1)OC(=O)CCCC1CCCCC1,JW_2024,JW_2024,0
-10.701797,-2.104276461,CCCCCCC(C/C=C\CCCCCCCCOC(=O)CCN(CCC(=O)OCCCCCCCC/C=C\CC(CCCCCC)OC(=O)CCCC1CCCCC1)CCc1ccncc1)OC(=O)CCCC1CCCCC1,JW_2024,JW_2024,0
-11.339043,-1.483630123,CCCCCCC(C/C=C\CCCCCCCCOC(=O)CCN(CCC(=O)OCCCCCCCC/C=C\CC(CCCCCC)OC(=O)CCCC1CCCCC1)CCc1ccncc1)OC(=O)CCCC1CCCCC1,JW_2024,JW_2024,0
-12.517749,-1.933373846,CCCCCCC(C/C=C\CCCCCCCCOC(=O)CCN(CCC(=O)OCCCCCCCC/C=C\CC(CCCCCC)OC(=O)CCCC1CCCCC1)CCc1ccncc1)OC(=O)CCCC1CCCCC1,JW_2024,JW_2024,0
-13.727602,-0.862983785,CCCCCCC(C/C=C\CCCCCCCCOC(=O)CCN(CCC(=O)OCCCCCCCC/C=C\CC(CCCCCC)OC(=O)CCCC1CCCCC1)CCc1ccncc1)OC(=O)CCCC1CCCCC1,JW_2024,JW_2024,0
-10.749221,-1.105845395,CCCCCCC(C/C=C\CCCCCCCCOC(=O)CCN(CCC(=O)OCCCCCCCC/C=C\CC(CCCCCC)OC(=O)CCCC1CCCCC1)CCc1ccncc1)OC(=O)CCCC1CCCCC1,JW_2024,JW_2024,0
-9.46075,-0.871978659,CCCCCCC(C/C=C\CCCCCCCCOC(=O)CCN(CCC(=O)OCCCCCCCC/C=C\CC(CCCCCC)OC(=O)CCCC1CCCCC1)CCc1ccncc1)OC(=O)CCCC1CCCCC1,JW_2024,JW_2024,0
-10.73093,-1.123835144,CCCCCCC(C/C=C\CCCCCCCCOC(=O)CCN(CCC(=O)OCCCCCCCC/C=C\CC(CCCCCC)OC(=O)CCCC1CCCCC1)CCc1ccncc1)OC(=O)CCCC1CCCCC1,JW_2024,JW_2024,0
-12.399812,-0.835999161,CCCCCCC(C/C=C\CCCCCCCCOC(=O)CCN(CCC(=O)OCCCCCCCC/C=C\CC(CCCCCC)OC(=O)CCCC1CCCCC1)CCc1ccncc1)OC(=O)CCCC1CCCCC1,JW_2024,JW_2024,0
-9.478975,-0.970922278,CCCCCCC(C/C=C\CCCCCCCCOC(=O)CCN(CCC(=O)OCCCCCCCC/C=C\CC(CCCCCC)OC(=O)CCCC1CCCCC1)CCc1ccncc1)OC(=O)CCCC1CCCCC1,JW_2024,JW_2024,0
-10.93443,-0.449219559,CCCCCCC(C/C=C\CCCCCCCCOC(=O)CCN(CCC(=O)OCCCCCCCC/C=C\CC(CCCCCC)OC(=O)CCCC1CCCCC1)CCc1ccncc1)OC(=O)CCCC1CCCCC1,JW_2024,JW_2024,0
-13.450381,-0.440224685,CCCCCCC(C/C=C\CCCCCCCCOC(=O)CCN(CCC(=O)OCCCCCCCC/C=C\CC(CCCCCC)OC(=O)CCCC1CCCCC1)CCc1ccncc1)OC(=O)CCCC1CCCCC1,JW_2024,JW_2024,0
-8.020986,-1.0338864,CCCCCCCCC(CCCCCC)C(=O)OC(C/C=C\CCCCCCCCOC(=O)CCN(CCC(=O)OCCCCCCCC/C=C\CC(CCCCCC)OC(=O)C(CCCCCC)CCCCCCCC)CCN1CCCC1)CCCCCC,JW_2024,JW_2024,0
-6.075873,-1.384686504,CCCCCCCCC(CCCCCC)C(=O)OC(C/C=C\CCCCCCCCOC(=O)CCN(CCC(=O)OCCCCCCCC/C=C\CC(CCCCCC)OC(=O)C(CCCCCC)CCCCCCCC)CCN1CCCC1)CCCCCC,JW_2024,JW_2024,0
-8.914999,0.009519039,CCCCCCCCC(CCCCCC)C(=O)OC(C/C=C\CCCCCCCCOC(=O)CCN(CCC(=O)OCCCCCCCC/C=C\CC(CCCCCC)OC(=O)C(CCCCCC)CCCCCCCC)CCN1CCCC1)CCCCCC,JW_2024,JW_2024,0
-8.740498,-1.861414851,CCCCCCCCC(CCCCCC)C(=O)OC(C/C=C\CCCCCCCCOC(=O)CCN(CCC(=O)OCCCCCCCC/C=C\CC(CCCCCC)OC(=O)C(CCCCCC)CCCCCCCC)CCN1CCCC1)CCCCCC,JW_2024,JW_2024,0
-9.011165,-1.11484027,CCCCCCCCC(CCCCCC)C(=O)OC(C/C=C\CCCCCCCCOC(=O)CCN(CCC(=O)OCCCCCCCC/C=C\CC(CCCCCC)OC(=O)C(CCCCCC)CCCCCCCC)CCN1CCCC1)CCCCCC,JW_2024,JW_2024,0
-6.9806547,-1.735486608,CCCCCCCCC(CCCCCC)C(=O)OC(C/C=C\CCCCCCCCOC(=O)CCN(CCC(=O)OCCCCCCCC/C=C\CC(CCCCCC)OC(=O)C(CCCCCC)CCCCCCCC)CCN1CCCC1)CCCCCC,JW_2024,JW_2024,0
-9.297832,-1.024891525,CCCCCCCCC(CCCCCC)C(=O)OC(C/C=C\CCCCCCCCOC(=O)CCN(CCC(=O)OCCCCCCCC/C=C\CC(CCCCCC)OC(=O)C(CCCCCC)CCCCCCCC)CCN1CCCC1)CCCCCC,JW_2024,JW_2024,0
-8.2711315,-1.96035847,CCCCCCCCC(CCCCCC)C(=O)OC(C/C=C\CCCCCCCCOC(=O)CCN(CCC(=O)OCCCCCCCC/C=C\CC(CCCCCC)OC(=O)C(CCCCCC)CCCCCCCC)CCN1CCCC1)CCCCCC,JW_2024,JW_2024,0
-6.5268846,-1.204789014,CCCCCCCCC(CCCCCC)C(=O)OC(C/C=C\CCCCCCCCOC(=O)CCN(CCC(=O)OCCCCCCCC/C=C\CC(CCCCCC)OC(=O)C(CCCCCC)CCCCCCCC)CCN1CCCC1)CCCCCC,JW_2024,JW_2024,0
-7.741259,-1.393681378,CCCCCCCCC(CCCCCC)C(=O)OC(C/C=C\CCCCCCCCOC(=O)CCN(CCC(=O)OCCCCCCCC/C=C\CC(CCCCCC)OC(=O)C(CCCCCC)CCCCCCCC)CCN1CCCC1)CCCCCC,JW_2024,JW_2024,0
-6.7396393,-0.907958157,CCCCCCCCC(CCCCCC)C(=O)OC(C/C=C\CCCCCCCCOC(=O)CCN(CCC(=O)OCCCCCCCC/C=C\CC(CCCCCC)OC(=O)C(CCCCCC)CCCCCCCC)CCN1CCCC1)CCCCCC,JW_2024,JW_2024,0
-7.0647836,-0.844994036,CCCCCCCCC(CCCCCC)C(=O)OC(C/C=C\CCCCCCCCOC(=O)CCN(CCC(=O)OCCCCCCCC/C=C\CC(CCCCCC)OC(=O)C(CCCCCC)CCCCCCCC)CCN1CCCC1)CCCCCC,JW_2024,JW_2024,0
-7.7991233,-0.377260563,CCCCCCCCC(CCCCCC)C(=O)OC(C/C=C\CCCCCCCCOC(=O)CCN(CCC(=O)OCCCCCCCC/C=C\CC(CCCCCC)OC(=O)C(CCCCCC)CCCCCCCC)CCN1CCCC1)CCCCCC,JW_2024,JW_2024,0
-7.683631,-0.557158053,CCCCCCCCC(CCCCCC)C(=O)OC(C/C=C\CCCCCCCCOC(=O)CCN(CCC(=O)OCCCCCCCC/C=C\CC(CCCCCC)OC(=O)C(CCCCCC)CCCCCCCC)CCN1CCCC1)CCCCCC,JW_2024,JW_2024,0
-6.538018,0.117457533,CCCCCCC(C/C=C\CCCCCCCCOC(=O)CCN(CCC(=O)OCCCCCCCC/C=C\CC(CCCCCC)OC(=O)C(CCCC)CCCCCC)CCN1CCCC1)OC(=O)C(CCCC)CCCCCC,JW_2024,JW_2024,1
-4.817019,0.83704749,CCCCCCC(C/C=C\CCCCCCCCOC(=O)CCN(CCC(=O)OCCCCCCCC/C=C\CC(CCCCCC)OC(=O)C(CCCC)CCCCCC)CCN1CCCC1)OC(=O)C(CCCC)CCCCCC,JW_2024,JW_2024,1
-7.35418,0.900011611,CCCCCCC(C/C=C\CCCCCCCCOC(=O)CCN(CCC(=O)OCCCCCCCC/C=C\CC(CCCCCC)OC(=O)C(CCCC)CCCCCC)CCN1CCCC1)OC(=O)C(CCCC)CCCCCC,JW_2024,JW_2024,1
-6.447491,0.792073118,CCCCCCC(C/C=C\CCCCCCCCOC(=O)CCN(CCC(=O)OCCCCCCCC/C=C\CC(CCCCCC)OC(=O)C(CCCC)CCCCCC)CCN1CCCC1)OC(=O)C(CCCC)CCCCCC,JW_2024,JW_2024,1
-8.251032,-1.888399474,CCCCCCC(C/C=C\CCCCCCCCOC(=O)CCN(CCC(=O)OCCCCCCCC/C=C\CC(CCCCCC)OC(=O)C(CCCC)CCCCCC)CCN1CCCC1)OC(=O)C(CCCC)CCCCCC,JW_2024,JW_2024,0
-5.62734,-0.287311819,CCCCCCC(C/C=C\CCCCCCCCOC(=O)CCN(CCC(=O)OCCCCCCCC/C=C\CC(CCCCCC)OC(=O)C(CCCC)CCCCCC)CCN1CCCC1)OC(=O)C(CCCC)CCCCCC,JW_2024,JW_2024,0
-8.564475,0.783078243,CCCCCCC(C/C=C\CCCCCCCCOC(=O)CCN(CCC(=O)OCCCCCCCC/C=C\CC(CCCCCC)OC(=O)C(CCCC)CCCCCC)CCN1CCCC1)OC(=O)C(CCCC)CCCCCC,JW_2024,JW_2024,1
-7.885468,-0.620122174,CCCCCCC(C/C=C\CCCCCCCCOC(=O)CCN(CCC(=O)OCCCCCCCC/C=C\CC(CCCCCC)OC(=O)C(CCCC)CCCCCC)CCN1CCCC1)OC(=O)C(CCCC)CCCCCC,JW_2024,JW_2024,0
-5.6838074,1.430709205,CCCCCCC(C/C=C\CCCCCCCCOC(=O)CCN(CCC(=O)OCCCCCCCC/C=C\CC(CCCCCC)OC(=O)C(CCCC)CCCCCC)CCN1CCCC1)OC(=O)C(CCCC)CCCCCC,JW_2024,JW_2024,2
-7.410614,0.270370399,CCCCCCC(C/C=C\CCCCCCCCOC(=O)CCN(CCC(=O)OCCCCCCCC/C=C\CC(CCCCCC)OC(=O)C(CCCC)CCCCCC)CCN1CCCC1)OC(=O)C(CCCC)CCCCCC,JW_2024,JW_2024,1
-5.8227043,1.835478556,CCCCCCC(C/C=C\CCCCCCCCOC(=O)CCN(CCC(=O)OCCCCCCCC/C=C\CC(CCCCCC)OC(=O)C(CCCC)CCCCCC)CCN1CCCC1)OC(=O)C(CCCC)CCCCCC,JW_2024,JW_2024,2
-6.6200614,0.83704749,CCCCCCC(C/C=C\CCCCCCCCOC(=O)CCN(CCC(=O)OCCCCCCCC/C=C\CC(CCCCCC)OC(=O)C(CCCC)CCCCCC)CCN1CCCC1)OC(=O)C(CCCC)CCCCCC,JW_2024,JW_2024,1
-7.418728,-0.017465585,CCCCCCC(C/C=C\CCCCCCCCOC(=O)CCN(CCC(=O)OCCCCCCCC/C=C\CC(CCCCCC)OC(=O)C(CCCC)CCCCCC)CCN1CCCC1)OC(=O)C(CCCC)CCCCCC,JW_2024,JW_2024,0
-6.959377,1.313775837,CCCCCCC(C/C=C\CCCCCCCCOC(=O)CCN(CCC(=O)OCCCCCCCC/C=C\CC(CCCCCC)OC(=O)C(CCCC)CCCCCC)CCN1CCCC1)OC(=O)C(CCCC)CCCCCC,JW_2024,JW_2024,1
-7.248514,0.720114122,CCCCCCC(C/C=C\CCCCCCCCOC(=O)CCN(CCC(=O)OCCCCCCCC/C=C\CC(CCCCCC)OC(=O)C(CCCC)CCCCCC)CCN1CCCC1)OC(=O)C(CCCC)CCCCCC,JW_2024,JW_2024,1
-7.9668317,0.25238065,CCCCCCC(C/C=C\CCCCCCCCOC(=O)CCN(CCC(=O)OCCCCCCCC/C=C\CC(CCCCCC)OC(=O)C(CCCC)CCCCCC)CCN1CCCC1)OC(=O)C(CCCC)CCCCCC,JW_2024,JW_2024,1
-7.824199,0.081478035,CCCCCCC(C/C=C\CCCCCCCCOC(=O)CCN(CCC(=O)OCCCCCCCC/C=C\CC(CCCCCC)OC(=O)C(CCCC)CCCCCC)CCN1CCCC1)OC(=O)C(CCCC)CCCCCC,JW_2024,JW_2024,1
-7.8516116,0.953980858,CCCCCCC(C/C=C\CCCCCCCCOC(=O)CCN(CCC(=O)OCCCCCCCC/C=C\CC(CCCCCC)OC(=O)C(CCCC)CCCCCC)CCN1CCCC1)OC(=O)C(CCCC)CCCCCC,JW_2024,JW_2024,1
-7.86289,1.34076046,CCCCCCC(C/C=C\CCCCCCCCOC(=O)CCN(CCC(=O)OCCCCCCCC/C=C\CC(CCCCCC)OC(=O)C(CCCC)CCCCCC)CCN1CCCC1)OC(=O)C(CCCC)CCCCCC,JW_2024,JW_2024,2
-7.060083,1.808493933,CCCCCCC(C/C=C\CCCCCCCCOC(=O)CCN(CCC(=O)OCCCCCCCC/C=C\CC(CCCCCC)OC(=O)C(CCCC)CCCCCC)CCN1CCCC1)OC(=O)C(CCCC)CCCCCC,JW_2024,JW_2024,2
-7.2443213,1.034934728,CCCCCCC(C/C=C\CCCCCCCCOC(=O)CCN(CCC(=O)OCCCCCCCC/C=C\CC(CCCCCC)OC(=O)C(CCCC)CCCCCC)CCN1CCCC1)OC(=O)C(CCCC)CCCCCC,JW_2024,JW_2024,1
-7.569382,1.17885272,CCCCCCC(C/C=C\CCCCCCCCOC(=O)CCN(CCC(=O)OCCCCCCCC/C=C\CC(CCCCCC)OC(=O)C(CCCC)CCCCCC)CCN1CCCC1)OC(=O)C(CCCC)CCCCCC,JW_2024,JW_2024,1
-6.6497536,1.034934728,CCCCCCC(C/C=C\CCCCCCCCOC(=O)CCN(CCC(=O)OCCCCCCCC/C=C\CC(CCCCCC)OC(=O)C(CCCC)CCCCCC)CCN1CCCC1)OC(=O)C(CCCC)CCCCCC,JW_2024,JW_2024,1
-8.406542,1.673570816,CCCCCCC(C/C=C\CCCCCCCCOC(=O)CCN(CCC(=O)OCCCCCCCC/C=C\CC(CCCCCC)OC(=O)C(CCCC)CCCCCC)CCN1CCCC1)OC(=O)C(CCCC)CCCCCC,JW_2024,JW_2024,2
-7.943986,0.171426779,CCCCCCC(C/C=C\CCCCCCCCOC(=O)CCN(CCC(=O)OCCCCCCCC/C=C\CC(CCCCCC)OC(=O)CCCC1CCCCC1)CCN1CCCC1)OC(=O)CCCC1CCCCC1,JW_2024,JW_2024,1
-7.57134,0.891016737,CCCCCCC(C/C=C\CCCCCCCCOC(=O)CCN(CCC(=O)OCCCCCCCC/C=C\CC(CCCCCC)OC(=O)CCCC1CCCCC1)CCN1CCCC1)OC(=O)CCCC1CCCCC1,JW_2024,JW_2024,1
-9.883425,0.783078243,CCCCCCC(C/C=C\CCCCCCCCOC(=O)CCN(CCC(=O)OCCCCCCCC/C=C\CC(CCCCCC)OC(=O)CCCC1CCCCC1)CCN1CCCC1)OC(=O)CCCC1CCCCC1,JW_2024,JW_2024,1
-7.701263,0.855037239,CCCCCCC(C/C=C\CCCCCCCCOC(=O)CCN(CCC(=O)OCCCCCCCC/C=C\CC(CCCCCC)OC(=O)CCCC1CCCCC1)CCN1CCCC1)OC(=O)CCCC1CCCCC1,JW_2024,JW_2024,1
-9.331232,0.468257637,CCCCCCC(C/C=C\CCCCCCCCOC(=O)CCN(CCC(=O)OCCCCCCCC/C=C\CC(CCCCCC)OC(=O)CCCC1CCCCC1)CCN1CCCC1)OC(=O)CCCC1CCCCC1,JW_2024,JW_2024,1
-9.114259,-0.197363074,CCCCCCC(C/C=C\CCCCCCCCOC(=O)CCN(CCC(=O)OCCCCCCCC/C=C\CC(CCCCCC)OC(=O)CCCC1CCCCC1)CCN1CCCC1)OC(=O)CCCC1CCCCC1,JW_2024,JW_2024,0
-9.956315,1.727540062,CCCCCCC(C/C=C\CCCCCCCCOC(=O)CCN(CCC(=O)OCCCCCCCC/C=C\CC(CCCCCC)OC(=O)CCCC1CCCCC1)CCN1CCCC1)OC(=O)CCCC1CCCCC1,JW_2024,JW_2024,2
-9.270872,-0.053445082,CCCCCCC(C/C=C\CCCCCCCCOC(=O)CCN(CCC(=O)OCCCCCCCC/C=C\CC(CCCCCC)OC(=O)CCCC1CCCCC1)CCN1CCCC1)OC(=O)CCCC1CCCCC1,JW_2024,JW_2024,0
-8.020365,1.538647699,CCCCCCC(C/C=C\CCCCCCCCOC(=O)CCN(CCC(=O)OCCCCCCCC/C=C\CC(CCCCCC)OC(=O)CCCC1CCCCC1)CCN1CCCC1)OC(=O)CCCC1CCCCC1,JW_2024,JW_2024,2
-9.698742,0.504237135,CCCCCCC(C/C=C\CCCCCCCCOC(=O)CCN(CCC(=O)OCCCCCCCC/C=C\CC(CCCCCC)OC(=O)CCCC1CCCCC1)CCN1CCCC1)OC(=O)CCCC1CCCCC1,JW_2024,JW_2024,1
-9.496906,1.961406799,CCCCCCC(C/C=C\CCCCCCCCOC(=O)CCN(CCC(=O)OCCCCCCCC/C=C\CC(CCCCCC)OC(=O)CCCC1CCCCC1)CCN1CCCC1)OC(=O)CCCC1CCCCC1,JW_2024,JW_2024,3
-8.29785,0.180421654,CCCCCCC(C/C=C\CCCCCCCCOC(=O)CCN(CCC(=O)OCCCCCCCC/C=C\CC(CCCCCC)OC(=O)CCCC1CCCCC1)CCN1CCCC1)OC(=O)CCCC1CCCCC1,JW_2024,JW_2024,1
-9.116375,-0.134398953,CCCCCCC(C/C=C\CCCCCCCCOC(=O)CCN(CCC(=O)OCCCCCCCC/C=C\CC(CCCCCC)OC(=O)CCCC1CCCCC1)CCN1CCCC1)OC(=O)CCCC1CCCCC1,JW_2024,JW_2024,0
-9.839772,0.099467784,CCCCCCC(C/C=C\CCCCCCCCOC(=O)CCN(CCC(=O)OCCCCCCCC/C=C\CC(CCCCCC)OC(=O)CCCC1CCCCC1)CCN1CCCC1)OC(=O)CCCC1CCCCC1,JW_2024,JW_2024,1
-8.295651,0.450267888,CCCCCCC(C/C=C\CCCCCCCCOC(=O)CCN(CCC(=O)OCCCCCCCC/C=C\CC(CCCCCC)OC(=O)CCCC1CCCCC1)CCN1CCCC1)OC(=O)CCCC1CCCCC1,JW_2024,JW_2024,1
-8.893742,-0.35027594,CCCCCCC(C/C=C\CCCCCCCCOC(=O)CCN(CCC(=O)OCCCCCCCC/C=C\CC(CCCCCC)OC(=O)CCCC1CCCCC1)CCN1CCCC1)OC(=O)CCCC1CCCCC1,JW_2024,JW_2024,0
-9.183222,0.036503662,CCCCCCC(C/C=C\CCCCCCCCOC(=O)CCN(CCC(=O)OCCCCCCCC/C=C\CC(CCCCCC)OC(=O)CCCC1CCCCC1)CCN1CCCC1)OC(=O)CCCC1CCCCC1,JW_2024,JW_2024,1
-9.130921,0.75609362,CCCCCCC(C/C=C\CCCCCCCCOC(=O)CCN(CCC(=O)OCCCCCCCC/C=C\CC(CCCCCC)OC(=O)CCCC1CCCCC1)CCN1CCCC1)OC(=O)CCCC1CCCCC1,JW_2024,JW_2024,1
-10.35518,1.070914226,CCCCCCC(C/C=C\CCCCCCCCOC(=O)CCN(CCC(=O)OCCCCCCCC/C=C\CC(CCCCCC)OC(=O)CCCC1CCCCC1)CCN1CCCC1)OC(=O)CCCC1CCCCC1,JW_2024,JW_2024,1
-9.013421,1.799499058,CCCCCCC(C/C=C\CCCCCCCCOC(=O)CCN(CCC(=O)OCCCCCCCC/C=C\CC(CCCCCC)OC(=O)CCCC1CCCCC1)CCN1CCCC1)OC(=O)CCCC1CCCCC1,JW_2024,JW_2024,2
-10.195387,0.639160252,CCCCCCC(C/C=C\CCCCCCCCOC(=O)CCN(CCC(=O)OCCCCCCCC/C=C\CC(CCCCCC)OC(=O)CCCC1CCCCC1)CCN1CCCC1)OC(=O)CCCC1CCCCC1,JW_2024,JW_2024,1
-8.825531,0.91800136,CCCCCCC(C/C=C\CCCCCCCCOC(=O)CCN(CCC(=O)OCCCCCCCC/C=C\CC(CCCCCC)OC(=O)CCCC1CCCCC1)CCN1CCCC1)OC(=O)CCCC1CCCCC1,JW_2024,JW_2024,1
-8.156849,0.513232009,CCCCCCC(C/C=C\CCCCCCCCOC(=O)CCN(CCC(=O)OCCCCCCCC/C=C\CC(CCCCCC)OC(=O)CCCC1CCCCC1)CCN1CCCC1)OC(=O)CCCC1CCCCC1,JW_2024,JW_2024,1
-10.522704,1.250811716,CCCCCCC(C/C=C\CCCCCCCCOC(=O)CCN(CCC(=O)OCCCCCCCC/C=C\CC(CCCCCC)OC(=O)CCCC1CCCCC1)CCN1CCCC1)OC(=O)CCCC1CCCCC1,JW_2024,JW_2024,1
-6.920478,-1.060871023,CCCCCCCCC(CCCCCC)C(=O)OC(C/C=C\CCCCCCCCOC(=O)CCN(CCC(=O)OCCCCCCCC/C=C\CC(CCCCCC)OC(=O)C(CCCCCC)CCCCCCCC)CCN1CCOCC1)CCCCCC,JW_2024,JW_2024,0
-6.1432757,-1.555589119,CCCCCCCCC(CCCCCC)C(=O)OC(C/C=C\CCCCCCCCOC(=O)CCN(CCC(=O)OCCCCCCCC/C=C\CC(CCCCCC)OC(=O)C(CCCCCC)CCCCCCCC)CCN1CCOCC1)CCCCCC,JW_2024,JW_2024,0
-7.2902255,-1.123835144,CCCCCCCCC(CCCCCC)C(=O)OC(C/C=C\CCCCCCCCOC(=O)CCN(CCC(=O)OCCCCCCCC/C=C\CC(CCCCCC)OC(=O)C(CCCCCC)CCCCCCCC)CCN1CCOCC1)CCCCCC,JW_2024,JW_2024,0
-7.37871,-0.026460459,CCCCCCCCC(CCCCCC)C(=O)OC(C/C=C\CCCCCCCCOC(=O)CCN(CCC(=O)OCCCCCCCC/C=C\CC(CCCCCC)OC(=O)C(CCCCCC)CCCCCCCC)CCN1CCOCC1)CCCCCC,JW_2024,JW_2024,0
-7.563676,-0.719065793,CCCCCCCCC(CCCCCC)C(=O)OC(C/C=C\CCCCCCCCOC(=O)CCN(CCC(=O)OCCCCCCCC/C=C\CC(CCCCCC)OC(=O)C(CCCCCC)CCCCCCCC)CCN1CCOCC1)CCCCCC,JW_2024,JW_2024,0
-8.075088,-1.35770188,CCCCCCCCC(CCCCCC)C(=O)OC(C/C=C\CCCCCCCCOC(=O)CCN(CCC(=O)OCCCCCCCC/C=C\CC(CCCCCC)OC(=O)C(CCCCCC)CCCCCCCC)CCN1CCOCC1)CCCCCC,JW_2024,JW_2024,0
-9.853091,-0.062439957,CCCCCCCCC(CCCCCC)C(=O)OC(C/C=C\CCCCCCCCOC(=O)CCN(CCC(=O)OCCCCCCCC/C=C\CC(CCCCCC)OC(=O)C(CCCCCC)CCCCCCCC)CCN1CCOCC1)CCCCCC,JW_2024,JW_2024,0
-8.189558,-2.778892047,CCCCCCCCC(CCCCCC)C(=O)OC(C/C=C\CCCCCCCCOC(=O)CCN(CCC(=O)OCCCCCCCC/C=C\CC(CCCCCC)OC(=O)C(CCCCCC)CCCCCCCC)CCN1CCOCC1)CCCCCC,JW_2024,JW_2024,0
-6.470769,-1.168809517,CCCCCCCCC(CCCCCC)C(=O)OC(C/C=C\CCCCCCCCOC(=O)CCN(CCC(=O)OCCCCCCCC/C=C\CC(CCCCCC)OC(=O)C(CCCCCC)CCCCCCCC)CCN1CCOCC1)CCCCCC,JW_2024,JW_2024,0
-7.6807995,-0.458214434,CCCCCCCCC(CCCCCC)C(=O)OC(C/C=C\CCCCCCCCOC(=O)CCN(CCC(=O)OCCCCCCCC/C=C\CC(CCCCCC)OC(=O)C(CCCCCC)CCCCCCCC)CCN1CCOCC1)CCCCCC,JW_2024,JW_2024,0
-6.4709163,-0.85398891,CCCCCCCCC(CCCCCC)C(=O)OC(C/C=C\CCCCCCCCOC(=O)CCN(CCC(=O)OCCCCCCCC/C=C\CC(CCCCCC)OC(=O)C(CCCCCC)CCCCCCCC)CCN1CCOCC1)CCCCCC,JW_2024,JW_2024,0
-6.874047,-1.996337968,CCCCCCCCC(CCCCCC)C(=O)OC(C/C=C\CCCCCCCCOC(=O)CCN(CCC(=O)OCCCCCCCC/C=C\CC(CCCCCC)OC(=O)C(CCCCCC)CCCCCCCC)CCN1CCOCC1)CCCCCC,JW_2024,JW_2024,0
-7.640907,-1.27674801,CCCCCCCCC(CCCCCC)C(=O)OC(C/C=C\CCCCCCCCOC(=O)CCN(CCC(=O)OCCCCCCCC/C=C\CC(CCCCCC)OC(=O)C(CCCCCC)CCCCCCCC)CCN1CCOCC1)CCCCCC,JW_2024,JW_2024,0
-8.909133,-0.197363074,CCCCCCCCC(CCCCCC)C(=O)OC(C/C=C\CCCCCCCCOC(=O)CCN(CCC(=O)OCCCCCCCC/C=C\CC(CCCCCC)OC(=O)C(CCCCCC)CCCCCCCC)CCN1CCOCC1)CCCCCC,JW_2024,JW_2024,0
-6.0932264,-1.204789014,CCCCCCC(C/C=C\CCCCCCCCOC(=O)CCN(CCC(=O)OCCCCCCCC/C=C\CC(CCCCCC)OC(=O)C(CCCC)CCCCCC)CCN1CCOCC1)OC(=O)C(CCCC)CCCCCC,JW_2024,JW_2024,0
-5.6897507,-1.807445604,CCCCCCC(C/C=C\CCCCCCCCOC(=O)CCN(CCC(=O)OCCCCCCCC/C=C\CC(CCCCCC)OC(=O)C(CCCC)CCCCCC)CCN1CCOCC1)OC(=O)C(CCCC)CCCCCC,JW_2024,JW_2024,0
-8.620771,-0.116409204,CCCCCCC(C/C=C\CCCCCCCCOC(=O)CCN(CCC(=O)OCCCCCCCC/C=C\CC(CCCCCC)OC(=O)C(CCCC)CCCCCC)CCN1CCOCC1)OC(=O)C(CCCC)CCCCCC,JW_2024,JW_2024,0
-6.5256824,-0.647106797,CCCCCCC(C/C=C\CCCCCCCCOC(=O)CCN(CCC(=O)OCCCCCCCC/C=C\CC(CCCCCC)OC(=O)C(CCCC)CCCCCC)CCN1CCOCC1)OC(=O)C(CCCC)CCCCCC,JW_2024,JW_2024,0
-6.433662,-0.997906902,CCCCCCC(C/C=C\CCCCCCCCOC(=O)CCN(CCC(=O)OCCCCCCCC/C=C\CC(CCCCCC)OC(=O)C(CCCC)CCCCCC)CCN1CCOCC1)OC(=O)C(CCCC)CCCCCC,JW_2024,JW_2024,0
-6.996086,-0.952932529,CCCCCCC(C/C=C\CCCCCCCCOC(=O)CCN(CCC(=O)OCCCCCCCC/C=C\CC(CCCCCC)OC(=O)C(CCCC)CCCCCC)CCN1CCOCC1)OC(=O)C(CCCC)CCCCCC,JW_2024,JW_2024,0
-8.679324,0.792073118,CCCCCCC(C/C=C\CCCCCCCCOC(=O)CCN(CCC(=O)OCCCCCCCC/C=C\CC(CCCCCC)OC(=O)C(CCCC)CCCCCC)CCN1CCOCC1)OC(=O)C(CCCC)CCCCCC,JW_2024,JW_2024,1
-7.310708,-2.841856168,CCCCCCC(C/C=C\CCCCCCCCOC(=O)CCN(CCC(=O)OCCCCCCCC/C=C\CC(CCCCCC)OC(=O)C(CCCC)CCCCCC)CCN1CCOCC1)OC(=O)C(CCCC)CCCCCC,JW_2024,JW_2024,0
-6.0514007,-1.078860772,CCCCCCC(C/C=C\CCCCCCCCOC(=O)CCN(CCC(=O)OCCCCCCCC/C=C\CC(CCCCCC)OC(=O)C(CCCC)CCCCCC)CCN1CCOCC1)OC(=O)C(CCCC)CCCCCC,JW_2024,JW_2024,0
-6.9687443,-0.871978659,CCCCCCC(C/C=C\CCCCCCCCOC(=O)CCN(CCC(=O)OCCCCCCCC/C=C\CC(CCCCCC)OC(=O)C(CCCC)CCCCCC)CCN1CCOCC1)OC(=O)C(CCCC)CCCCCC,JW_2024,JW_2024,0
-7.194667,-0.701076044,CCCCCCC(C/C=C\CCCCCCCCOC(=O)CCN(CCC(=O)OCCCCCCCC/C=C\CC(CCCCCC)OC(=O)C(CCCC)CCCCCC)CCN1CCOCC1)OC(=O)C(CCCC)CCCCCC,JW_2024,JW_2024,0
-6.048779,-1.492624997,CCCCCCC(C/C=C\CCCCCCCCOC(=O)CCN(CCC(=O)OCCCCCCCC/C=C\CC(CCCCCC)OC(=O)C(CCCC)CCCCCC)CCN1CCOCC1)OC(=O)C(CCCC)CCCCCC,JW_2024,JW_2024,0
-6.843346,-1.069865897,CCCCCCC(C/C=C\CCCCCCCCOC(=O)CCN(CCC(=O)OCCCCCCCC/C=C\CC(CCCCCC)OC(=O)C(CCCC)CCCCCC)CCN1CCOCC1)OC(=O)C(CCCC)CCCCCC,JW_2024,JW_2024,0
-8.5162735,0.090472909,CCCCCCC(C/C=C\CCCCCCCCOC(=O)CCN(CCC(=O)OCCCCCCCC/C=C\CC(CCCCCC)OC(=O)C(CCCC)CCCCCC)CCN1CCOCC1)OC(=O)C(CCCC)CCCCCC,JW_2024,JW_2024,1
-7.1665087,-1.258758261,CCCCCCC(C/C=C\CCCCCCCCOC(=O)CCN(CCC(=O)OCCCCCCCC/C=C\CC(CCCCCC)OC(=O)CCCC1CCCCC1)CCN1CCOCC1)OC(=O)CCCC1CCCCC1,JW_2024,JW_2024,0
-8.212976,-0.77303504,CCCCCCC(C/C=C\CCCCCCCCOC(=O)CCN(CCC(=O)OCCCCCCCC/C=C\CC(CCCCCC)OC(=O)CCCC1CCCCC1)CCN1CCOCC1)OC(=O)CCCC1CCCCC1,JW_2024,JW_2024,0
-11.1242695,-0.440224685,CCCCCCC(C/C=C\CCCCCCCCOC(=O)CCN(CCC(=O)OCCCCCCCC/C=C\CC(CCCCCC)OC(=O)CCCC1CCCCC1)CCN1CCOCC1)OC(=O)CCCC1CCCCC1,JW_2024,JW_2024,0
-7.2629566,-0.305301568,CCCCCCC(C/C=C\CCCCCCCCOC(=O)CCN(CCC(=O)OCCCCCCCC/C=C\CC(CCCCCC)OC(=O)CCCC1CCCCC1)CCN1CCOCC1)OC(=O)CCCC1CCCCC1,JW_2024,JW_2024,0
-8.34915,-1.519609621,CCCCCCC(C/C=C\CCCCCCCCOC(=O)CCN(CCC(=O)OCCCCCCCC/C=C\CC(CCCCCC)OC(=O)CCCC1CCCCC1)CCN1CCOCC1)OC(=O)CCCC1CCCCC1,JW_2024,JW_2024,0
-9.950907,-1.501619872,CCCCCCC(C/C=C\CCCCCCCCOC(=O)CCN(CCC(=O)OCCCCCCCC/C=C\CC(CCCCCC)OC(=O)CCCC1CCCCC1)CCN1CCOCC1)OC(=O)CCCC1CCCCC1,JW_2024,JW_2024,0
-10.480911,-0.098419455,CCCCCCC(C/C=C\CCCCCCCCOC(=O)CCN(CCC(=O)OCCCCCCCC/C=C\CC(CCCCCC)OC(=O)CCCC1CCCCC1)CCN1CCOCC1)OC(=O)CCCC1CCCCC1,JW_2024,JW_2024,0
-9.444474,-1.735486608,CCCCCCC(C/C=C\CCCCCCCCOC(=O)CCN(CCC(=O)OCCCCCCCC/C=C\CC(CCCCCC)OC(=O)CCCC1CCCCC1)CCN1CCOCC1)OC(=O)CCCC1CCCCC1,JW_2024,JW_2024,0
-8.123648,-0.584142676,CCCCCCC(C/C=C\CCCCCCCCOC(=O)CCN(CCC(=O)OCCCCCCCC/C=C\CC(CCCCCC)OC(=O)CCCC1CCCCC1)CCN1CCOCC1)OC(=O)CCCC1CCCCC1,JW_2024,JW_2024,0
-9.166843,-0.809014538,CCCCCCC(C/C=C\CCCCCCCCOC(=O)CCN(CCC(=O)OCCCCCCCC/C=C\CC(CCCCCC)OC(=O)CCCC1CCCCC1)CCN1CCOCC1)OC(=O)CCCC1CCCCC1,JW_2024,JW_2024,0
-10.199288,-0.260327195,CCCCCCC(C/C=C\CCCCCCCCOC(=O)CCN(CCC(=O)OCCCCCCCC/C=C\CC(CCCCCC)OC(=O)CCCC1CCCCC1)CCN1CCOCC1)OC(=O)CCCC1CCCCC1,JW_2024,JW_2024,0
-8.468192,-1.186799266,CCCCCCC(C/C=C\CCCCCCCCOC(=O)CCN(CCC(=O)OCCCCCCCC/C=C\CC(CCCCCC)OC(=O)CCCC1CCCCC1)CCN1CCOCC1)OC(=O)CCCC1CCCCC1,JW_2024,JW_2024,0
-9.447478,-1.213783889,CCCCCCC(C/C=C\CCCCCCCCOC(=O)CCN(CCC(=O)OCCCCCCCC/C=C\CC(CCCCCC)OC(=O)CCCC1CCCCC1)CCN1CCOCC1)OC(=O)CCCC1CCCCC1,JW_2024,JW_2024,0
-10.8018055,0.162431905,CCCCCCC(C/C=C\CCCCCCCCOC(=O)CCN(CCC(=O)OCCCCCCCC/C=C\CC(CCCCCC)OC(=O)CCCC1CCCCC1)CCN1CCOCC1)OC(=O)CCCC1CCCCC1,JW_2024,JW_2024,1
-5.5325484,-0.952932529,CCCCCC/C=C\CCC(=O)OC(C/C=C\CCCCCCCCOC(=O)CCN(CCC(=O)OCCCCCCCC/C=C\CC(CCCCCC)OC(=O)CC/C=C\CCCCCC)CCN1CCOCC1)CCCCCC,JW_2024,JW_2024,0
-5.552051,-0.925947906,CCCCCC/C=C\CCC(=O)OC(C/C=C\CCCCCCCCOC(=O)CCN(CCC(=O)OCCCCCCCC/C=C\CC(CCCCCC)OC(=O)CC/C=C\CCCCCC)CCN1CCOCC1)CCCCCC,JW_2024,JW_2024,0
-8.845143,-0.413240061,CCCCCC/C=C\CCC(=O)OC(C/C=C\CCCCCCCCOC(=O)CCN(CCC(=O)OCCCCCCCC/C=C\CC(CCCCCC)OC(=O)CC/C=C\CCCCCC)CCN1CCOCC1)CCCCCC,JW_2024,JW_2024,0
-5.4945064,-0.952932529,CCCCCC/C=C\CCC(=O)OC(C/C=C\CCCCCCCCOC(=O)CCN(CCC(=O)OCCCCCCCC/C=C\CC(CCCCCC)OC(=O)CC/C=C\CCCCCC)CCN1CCOCC1)CCCCCC,JW_2024,JW_2024,0
-5.989034,-1.402676253,CCCCCC/C=C\CCC(=O)OC(C/C=C\CCCCCCCCOC(=O)CCN(CCC(=O)OCCCCCCCC/C=C\CC(CCCCCC)OC(=O)CC/C=C\CCCCCC)CCN1CCOCC1)CCCCCC,JW_2024,JW_2024,0
-7.7146616,-0.889968408,CCCCCC/C=C\CCC(=O)OC(C/C=C\CCCCCCCCOC(=O)CCN(CCC(=O)OCCCCCCCC/C=C\CC(CCCCCC)OC(=O)CC/C=C\CCCCCC)CCN1CCOCC1)CCCCCC,JW_2024,JW_2024,0
-8.081956,0.279365273,CCCCCC/C=C\CCC(=O)OC(C/C=C\CCCCCCCCOC(=O)CCN(CCC(=O)OCCCCCCCC/C=C\CC(CCCCCC)OC(=O)CC/C=C\CCCCCC)CCN1CCOCC1)CCCCCC,JW_2024,JW_2024,1
-7.274112,-2.284173951,CCCCCC/C=C\CCC(=O)OC(C/C=C\CCCCCCCCOC(=O)CCN(CCC(=O)OCCCCCCCC/C=C\CC(CCCCCC)OC(=O)CC/C=C\CCCCCC)CCN1CCOCC1)CCCCCC,JW_2024,JW_2024,0
-5.4843745,-0.566152927,CCCCCC/C=C\CCC(=O)OC(C/C=C\CCCCCCCCOC(=O)CCN(CCC(=O)OCCCCCCCC/C=C\CC(CCCCCC)OC(=O)CC/C=C\CCCCCC)CCN1CCOCC1)CCCCCC,JW_2024,JW_2024,0
-6.9988165,-0.997906902,CCCCCC/C=C\CCC(=O)OC(C/C=C\CCCCCCCCOC(=O)CCN(CCC(=O)OCCCCCCCC/C=C\CC(CCCCCC)OC(=O)CC/C=C\CCCCCC)CCN1CCOCC1)CCCCCC,JW_2024,JW_2024,0
-7.6026845,0.018513913,CCCCCC/C=C\CCC(=O)OC(C/C=C\CCCCCCCCOC(=O)CCN(CCC(=O)OCCCCCCCC/C=C\CC(CCCCCC)OC(=O)CC/C=C\CCCCCC)CCN1CCOCC1)CCCCCC,JW_2024,JW_2024,0
-6.212183,-1.447650625,CCCCCC/C=C\CCC(=O)OC(C/C=C\CCCCCCCCOC(=O)CCN(CCC(=O)OCCCCCCCC/C=C\CC(CCCCCC)OC(=O)CC/C=C\CCCCCC)CCN1CCOCC1)CCCCCC,JW_2024,JW_2024,0
-7.200562,-1.420666002,CCCCCC/C=C\CCC(=O)OC(C/C=C\CCCCCCCCOC(=O)CCN(CCC(=O)OCCCCCCCC/C=C\CC(CCCCCC)OC(=O)CC/C=C\CCCCCC)CCN1CCOCC1)CCCCCC,JW_2024,JW_2024,0
-8.689986,-0.539168304,CCCCCC/C=C\CCC(=O)OC(C/C=C\CCCCCCCCOC(=O)CCN(CCC(=O)OCCCCCCCC/C=C\CC(CCCCCC)OC(=O)CC/C=C\CCCCCC)CCN1CCOCC1)CCCCCC,JW_2024,JW_2024,0
-6.8120003,-1.213783889,CCCCCCCCCCCC(=O)OC(C/C=C\CCCCCCCCOC(=O)CCN(CCC(=O)OCCCCCCCC/C=C\CC(CCCCCC)OC(=O)CCCCCCCCCCC)CCN1CCOCC1)CCCCCC,JW_2024,JW_2024,0
-6.0744677,-1.474635249,CCCCCCCCCCCC(=O)OC(C/C=C\CCCCCCCCOC(=O)CCN(CCC(=O)OCCCCCCCC/C=C\CC(CCCCCC)OC(=O)CCCCCCCCCCC)CCN1CCOCC1)CCCCCC,JW_2024,JW_2024,0
-9.855817,-0.656101672,CCCCCCCCCCCC(=O)OC(C/C=C\CCCCCCCCOC(=O)CCN(CCC(=O)OCCCCCCCC/C=C\CC(CCCCCC)OC(=O)CCCCCCCCCCC)CCN1CCOCC1)CCCCCC,JW_2024,JW_2024,0
-6.5691853,-0.521178555,CCCCCCCCCCCC(=O)OC(C/C=C\CCCCCCCCOC(=O)CCN(CCC(=O)OCCCCCCCC/C=C\CC(CCCCCC)OC(=O)CCCCCCCCCCC)CCN1CCOCC1)CCCCCC,JW_2024,JW_2024,0
-7.0989366,-1.528604495,CCCCCCCCCCCC(=O)OC(C/C=C\CCCCCCCCOC(=O)CCN(CCC(=O)OCCCCCCCC/C=C\CC(CCCCCC)OC(=O)CCCCCCCCCCC)CCN1CCOCC1)CCCCCC,JW_2024,JW_2024,0
-8.290439,-1.150819768,CCCCCCCCCCCC(=O)OC(C/C=C\CCCCCCCCOC(=O)CCN(CCC(=O)OCCCCCCCC/C=C\CC(CCCCCC)OC(=O)CCCCCCCCCCC)CCN1CCOCC1)CCCCCC,JW_2024,JW_2024,0
-9.626805,0.423283264,CCCCCCCCCCCC(=O)OC(C/C=C\CCCCCCCCOC(=O)CCN(CCC(=O)OCCCCCCCC/C=C\CC(CCCCCC)OC(=O)CCCCCCCCCCC)CCN1CCOCC1)CCCCCC,JW_2024,JW_2024,1
-7.3665843,-3.156676774,CCCCCCCCCCCC(=O)OC(C/C=C\CCCCCCCCOC(=O)CCN(CCC(=O)OCCCCCCCC/C=C\CC(CCCCCC)OC(=O)CCCCCCCCCCC)CCN1CCOCC1)CCCCCC,JW_2024,JW_2024,0
-6.1529665,-0.764040165,CCCCCCCCCCCC(=O)OC(C/C=C\CCCCCCCCOC(=O)CCN(CCC(=O)OCCCCCCCC/C=C\CC(CCCCCC)OC(=O)CCCCCCCCCCC)CCN1CCOCC1)CCCCCC,JW_2024,JW_2024,0
-6.9560213,-0.665096546,CCCCCCCCCCCC(=O)OC(C/C=C\CCCCCCCCOC(=O)CCN(CCC(=O)OCCCCCCCC/C=C\CC(CCCCCC)OC(=O)CCCCCCCCCCC)CCN1CCOCC1)CCCCCC,JW_2024,JW_2024,0
-7.8799496,-0.521178555,CCCCCCCCCCCC(=O)OC(C/C=C\CCCCCCCCOC(=O)CCN(CCC(=O)OCCCCCCCC/C=C\CC(CCCCCC)OC(=O)CCCCCCCCCCC)CCN1CCOCC1)CCCCCC,JW_2024,JW_2024,0
-6.413038,-1.447650625,CCCCCCCCCCCC(=O)OC(C/C=C\CCCCCCCCOC(=O)CCN(CCC(=O)OCCCCCCCC/C=C\CC(CCCCCC)OC(=O)CCCCCCCCCCC)CCN1CCOCC1)CCCCCC,JW_2024,JW_2024,0
-7.1717606,-1.447650625,CCCCCCCCCCCC(=O)OC(C/C=C\CCCCCCCCOC(=O)CCN(CCC(=O)OCCCCCCCC/C=C\CC(CCCCCC)OC(=O)CCCCCCCCCCC)CCN1CCOCC1)CCCCCC,JW_2024,JW_2024,0
-9.112309,-0.35027594,CCCCCCCCCCCC(=O)OC(C/C=C\CCCCCCCCOC(=O)CCN(CCC(=O)OCCCCCCCC/C=C\CC(CCCCCC)OC(=O)CCCCCCCCCCC)CCN1CCOCC1)CCCCCC,JW_2024,JW_2024,0
-6.904715,-1.006901776,CCCCCCCCCCCCCCCCCC(=O)OC(C/C=C\CCCCCCCCOC(=O)CCN(CCC(=O)OCCCCCCCC/C=C\CC(CCCCCC)OC(=O)CCCCCCCCCCCCCCCCC)CCN1CCOCC1)CCCCCC,JW_2024,JW_2024,0
-6.4040275,-1.006901776,CCCCCCCCCCCCCCCCCC(=O)OC(C/C=C\CCCCCCCCOC(=O)CCN(CCC(=O)OCCCCCCCC/C=C\CC(CCCCCC)OC(=O)CCCCCCCCCCCCCCCCC)CCN1CCOCC1)CCCCCC,JW_2024,JW_2024,0
-7.2456136,-0.098419455,CCCCCCCCCCCCCCCCCC(=O)OC(C/C=C\CCCCCCCCOC(=O)CCN(CCC(=O)OCCCCCCCC/C=C\CC(CCCCCC)OC(=O)CCCCCCCCCCCCCCCCC)CCN1CCOCC1)CCCCCC,JW_2024,JW_2024,0
-6.904715,0.07248316,CCCCCCCCCCCCCCCCCC(=O)OC(C/C=C\CCCCCCCCOC(=O)CCN(CCC(=O)OCCCCCCCC/C=C\CC(CCCCCC)OC(=O)CCCCCCCCCCCCCCCCC)CCN1CCOCC1)CCCCCC,JW_2024,JW_2024,1
-7.2646484,-1.11484027,CCCCCCCCCCCCCCCCCC(=O)OC(C/C=C\CCCCCCCCOC(=O)CCN(CCC(=O)OCCCCCCCC/C=C\CC(CCCCCC)OC(=O)CCCCCCCCCCCCCCCCC)CCN1CCOCC1)CCCCCC,JW_2024,JW_2024,0
-6.9144263,-0.970922278,CCCCCCCCCCCCCCCCCC(=O)OC(C/C=C\CCCCCCCCOC(=O)CCN(CCC(=O)OCCCCCCCC/C=C\CC(CCCCCC)OC(=O)CCCCCCCCCCCCCCCCC)CCN1CCOCC1)CCCCCC,JW_2024,JW_2024,0
-8.747977,-0.665096546,CCCCCCCCCCCCCCCCCC(=O)OC(C/C=C\CCCCCCCCOC(=O)CCN(CCC(=O)OCCCCCCCC/C=C\CC(CCCCCC)OC(=O)CCCCCCCCCCCCCCCCC)CCN1CCOCC1)CCCCCC,JW_2024,JW_2024,0
-8.115553,-2.311158574,CCCCCCCCCCCCCCCCCC(=O)OC(C/C=C\CCCCCCCCOC(=O)CCN(CCC(=O)OCCCCCCCC/C=C\CC(CCCCCC)OC(=O)CCCCCCCCCCCCCCCCC)CCN1CCOCC1)CCCCCC,JW_2024,JW_2024,0
-6.6692357,-0.764040165,CCCCCCCCCCCCCCCCCC(=O)OC(C/C=C\CCCCCCCCOC(=O)CCN(CCC(=O)OCCCCCCCC/C=C\CC(CCCCCC)OC(=O)CCCCCCCCCCCCCCCCC)CCN1CCOCC1)CCCCCC,JW_2024,JW_2024,0
-7.163049,-0.638111923,CCCCCCCCCCCCCCCCCC(=O)OC(C/C=C\CCCCCCCCOC(=O)CCN(CCC(=O)OCCCCCCCC/C=C\CC(CCCCCC)OC(=O)CCCCCCCCCCCCCCCCC)CCN1CCOCC1)CCCCCC,JW_2024,JW_2024,0
-6.9559646,-0.395250312,CCCCCCCCCCCCCCCCCC(=O)OC(C/C=C\CCCCCCCCOC(=O)CCN(CCC(=O)OCCCCCCCC/C=C\CC(CCCCCC)OC(=O)CCCCCCCCCCCCCCCCC)CCN1CCOCC1)CCCCCC,JW_2024,JW_2024,0
-6.7302737,-1.447650625,CCCCCCCCCCCCCCCCCC(=O)OC(C/C=C\CCCCCCCCOC(=O)CCN(CCC(=O)OCCCCCCCC/C=C\CC(CCCCCC)OC(=O)CCCCCCCCCCCCCCCCC)CCN1CCOCC1)CCCCCC,JW_2024,JW_2024,0
-7.1476912,-1.141824893,CCCCCCCCCCCCCCCCCC(=O)OC(C/C=C\CCCCCCCCOC(=O)CCN(CCC(=O)OCCCCCCCC/C=C\CC(CCCCCC)OC(=O)CCCCCCCCCCCCCCCCC)CCN1CCOCC1)CCCCCC,JW_2024,JW_2024,0
-9.06038,0.189416528,CCCCCCCCCCCCCCCCCC(=O)OC(C/C=C\CCCCCCCCOC(=O)CCN(CCC(=O)OCCCCCCCC/C=C\CC(CCCCCC)OC(=O)CCCCCCCCCCCCCCCCC)CCN1CCOCC1)CCCCCC,JW_2024,JW_2024,1
-9.35682,-0.062439957,CCCCCC/C=C\CCC(=O)OC(C/C=C\CCCCCCCCOC(=O)CCN(CCC(=O)OCCCCCCCC/C=C\CC(CCCCCC)OC(=O)CC/C=C\CCCCCC)CCN1CCCC1)CCCCCC,JW_2024,JW_2024,0
-8.4975395,1.025939854,CCCCCC/C=C\CCC(=O)OC(C/C=C\CCCCCCCCOC(=O)CCN(CCC(=O)OCCCCCCCC/C=C\CC(CCCCCC)OC(=O)CC/C=C\CCCCCC)CCN1CCCC1)CCCCCC,JW_2024,JW_2024,1
-10.335859,0.774083369,CCCCCC/C=C\CCC(=O)OC(C/C=C\CCCCCCCCOC(=O)CCN(CCC(=O)OCCCCCCCC/C=C\CC(CCCCCC)OC(=O)CC/C=C\CCCCCC)CCN1CCCC1)CCCCCC,JW_2024,JW_2024,1
-8.931901,0.25238065,CCCCCC/C=C\CCC(=O)OC(C/C=C\CCCCCCCCOC(=O)CCN(CCC(=O)OCCCCCCCC/C=C\CC(CCCCCC)OC(=O)CC/C=C\CCCCCC)CCN1CCCC1)CCCCCC,JW_2024,JW_2024,1
-10.449127,-0.233342572,CCCCCC/C=C\CCC(=O)OC(C/C=C\CCCCCCCCOC(=O)CCN(CCC(=O)OCCCCCCCC/C=C\CC(CCCCCC)OC(=O)CC/C=C\CCCCCC)CCN1CCCC1)CCCCCC,JW_2024,JW_2024,0
-9.134189,-0.916953031,CCCCCC/C=C\CCC(=O)OC(C/C=C\CCCCCCCCOC(=O)CCN(CCC(=O)OCCCCCCCC/C=C\CC(CCCCCC)OC(=O)CC/C=C\CCCCCC)CCN1CCCC1)CCCCCC,JW_2024,JW_2024,0
-10.5246105,0.360319143,CCCCCC/C=C\CCC(=O)OC(C/C=C\CCCCCCCCOC(=O)CCN(CCC(=O)OCCCCCCCC/C=C\CC(CCCCCC)OC(=O)CC/C=C\CCCCCC)CCN1CCCC1)CCCCCC,JW_2024,JW_2024,1
-10.141465,-0.26932207,CCCCCC/C=C\CCC(=O)OC(C/C=C\CCCCCCCCOC(=O)CCN(CCC(=O)OCCCCCCCC/C=C\CC(CCCCCC)OC(=O)CC/C=C\CCCCCC)CCN1CCCC1)CCCCCC,JW_2024,JW_2024,0
-8.480729,1.421714331,CCCCCC/C=C\CCC(=O)OC(C/C=C\CCCCCCCCOC(=O)CCN(CCC(=O)OCCCCCCCC/C=C\CC(CCCCCC)OC(=O)CC/C=C\CCCCCC)CCN1CCCC1)CCCCCC,JW_2024,JW_2024,2
-10.685837,0.090472909,CCCCCC/C=C\CCC(=O)OC(C/C=C\CCCCCCCCOC(=O)CCN(CCC(=O)OCCCCCCCC/C=C\CC(CCCCCC)OC(=O)CC/C=C\CCCCCC)CCN1CCCC1)CCCCCC,JW_2024,JW_2024,1
-8.906262,1.34076046,CCCCCC/C=C\CCC(=O)OC(C/C=C\CCCCCCCCOC(=O)CCN(CCC(=O)OCCCCCCCC/C=C\CC(CCCCCC)OC(=O)CC/C=C\CCCCCC)CCN1CCCC1)CCCCCC,JW_2024,JW_2024,2
-9.0316925,0.234390901,CCCCCC/C=C\CCC(=O)OC(C/C=C\CCCCCCCCOC(=O)CCN(CCC(=O)OCCCCCCCC/C=C\CC(CCCCCC)OC(=O)CC/C=C\CCCCCC)CCN1CCCC1)CCCCCC,JW_2024,JW_2024,1
-10.0247345,-0.476204182,CCCCCC/C=C\CCC(=O)OC(C/C=C\CCCCCCCCOC(=O)CCN(CCC(=O)OCCCCCCCC/C=C\CC(CCCCCC)OC(=O)CC/C=C\CCCCCC)CCN1CCCC1)CCCCCC,JW_2024,JW_2024,0
-9.838524,1.106893724,CCCCCC/C=C\CCC(=O)OC(C/C=C\CCCCCCCCOC(=O)CCN(CCC(=O)OCCCCCCCC/C=C\CC(CCCCCC)OC(=O)CC/C=C\CCCCCC)CCN1CCCC1)CCCCCC,JW_2024,JW_2024,1
-9.489057,0.171426779,CCCCCC/C=C\CCC(=O)OC(C/C=C\CCCCCCCCOC(=O)CCN(CCC(=O)OCCCCCCCC/C=C\CC(CCCCCC)OC(=O)CC/C=C\CCCCCC)CCN1CCCC1)CCCCCC,JW_2024,JW_2024,1
-10.6964245,-0.647106797,CCCCCC/C=C\CCC(=O)OC(C/C=C\CCCCCCCCOC(=O)CCN(CCC(=O)OCCCCCCCC/C=C\CC(CCCCCC)OC(=O)CC/C=C\CCCCCC)CCN1CCCC1)CCCCCC,JW_2024,JW_2024,0
-10.086947,-0.377260563,CCCCCC/C=C\CCC(=O)OC(C/C=C\CCCCCCCCOC(=O)CCN(CCC(=O)OCCCCCCCC/C=C\CC(CCCCCC)OC(=O)CC/C=C\CCCCCC)CCN1CCCC1)CCCCCC,JW_2024,JW_2024,0
-10.1088505,0.171426779,CCCCCC/C=C\CCC(=O)OC(C/C=C\CCCCCCCCOC(=O)CCN(CCC(=O)OCCCCCCCC/C=C\CC(CCCCCC)OC(=O)CC/C=C\CCCCCC)CCN1CCCC1)CCCCCC,JW_2024,JW_2024,1
-10.670041,0.792073118,CCCCCC/C=C\CCC(=O)OC(C/C=C\CCCCCCCCOC(=O)CCN(CCC(=O)OCCCCCCCC/C=C\CC(CCCCCC)OC(=O)CC/C=C\CCCCCC)CCN1CCCC1)CCCCCC,JW_2024,JW_2024,1
-9.189984,1.583622071,CCCCCC/C=C\CCC(=O)OC(C/C=C\CCCCCCCCOC(=O)CCN(CCC(=O)OCCCCCCCC/C=C\CC(CCCCCC)OC(=O)CC/C=C\CCCCCC)CCN1CCCC1)CCCCCC,JW_2024,JW_2024,2
-10.312532,0.306349896,CCCCCC/C=C\CCC(=O)OC(C/C=C\CCCCCCCCOC(=O)CCN(CCC(=O)OCCCCCCCC/C=C\CC(CCCCCC)OC(=O)CC/C=C\CCCCCC)CCN1CCCC1)CCCCCC,JW_2024,JW_2024,1
-9.5368395,0.810062867,CCCCCC/C=C\CCC(=O)OC(C/C=C\CCCCCCCCOC(=O)CCN(CCC(=O)OCCCCCCCC/C=C\CC(CCCCCC)OC(=O)CC/C=C\CCCCCC)CCN1CCCC1)CCCCCC,JW_2024,JW_2024,1
-9.681931,0.612175628,CCCCCC/C=C\CCC(=O)OC(C/C=C\CCCCCCCCOC(=O)CCN(CCC(=O)OCCCCCCCC/C=C\CC(CCCCCC)OC(=O)CC/C=C\CCCCCC)CCN1CCCC1)CCCCCC,JW_2024,JW_2024,1
-10.74551,1.160862971,CCCCCC/C=C\CCC(=O)OC(C/C=C\CCCCCCCCOC(=O)CCN(CCC(=O)OCCCCCCCC/C=C\CC(CCCCCC)OC(=O)CC/C=C\CCCCCC)CCN1CCCC1)CCCCCC,JW_2024,JW_2024,1
-9.242175,0.57619613,CCCCCCCCCCCC(=O)OC(C/C=C\CCCCCCCCOC(=O)CCN(CCC(=O)OCCCCCCCC/C=C\CC(CCCCCC)OC(=O)CCCCCCCCCCC)CCN1CCCC1)CCCCCC,JW_2024,JW_2024,1
-7.5233545,0.91800136,CCCCCCCCCCCC(=O)OC(C/C=C\CCCCCCCCOC(=O)CCN(CCC(=O)OCCCCCCCC/C=C\CC(CCCCCC)OC(=O)CCCCCCCCCCC)CCN1CCCC1)CCCCCC,JW_2024,JW_2024,1
-10.452706,1.583622071,CCCCCCCCCCCC(=O)OC(C/C=C\CCCCCCCCOC(=O)CCN(CCC(=O)OCCCCCCCC/C=C\CC(CCCCCC)OC(=O)CCCCCCCCCCC)CCN1CCCC1)CCCCCC,JW_2024,JW_2024,2
-9.031207,-0.044450208,CCCCCCCCCCCC(=O)OC(C/C=C\CCCCCCCCOC(=O)CCN(CCC(=O)OCCCCCCCC/C=C\CC(CCCCCC)OC(=O)CCCCCCCCCCC)CCN1CCCC1)CCCCCC,JW_2024,JW_2024,0
-9.771335,0.288360147,CCCCCCCCCCCC(=O)OC(C/C=C\CCCCCCCCOC(=O)CCN(CCC(=O)OCCCCCCCC/C=C\CC(CCCCCC)OC(=O)CCCCCCCCCCC)CCN1CCCC1)CCCCCC,JW_2024,JW_2024,1
-8.562636,-0.080429706,CCCCCCCCCCCC(=O)OC(C/C=C\CCCCCCCCOC(=O)CCN(CCC(=O)OCCCCCCCC/C=C\CC(CCCCCC)OC(=O)CCCCCCCCCCC)CCN1CCCC1)CCCCCC,JW_2024,JW_2024,0
-10.823534,1.088903975,CCCCCCCCCCCC(=O)OC(C/C=C\CCCCCCCCOC(=O)CCN(CCC(=O)OCCCCCCCC/C=C\CC(CCCCCC)OC(=O)CCCCCCCCCCC)CCN1CCCC1)CCCCCC,JW_2024,JW_2024,1
-8.812297,-0.782029914,CCCCCCCCCCCC(=O)OC(C/C=C\CCCCCCCCOC(=O)CCN(CCC(=O)OCCCCCCCC/C=C\CC(CCCCCC)OC(=O)CCCCCCCCCCC)CCN1CCCC1)CCCCCC,JW_2024,JW_2024,0
-7.9396143,1.430709205,CCCCCCCCCCCC(=O)OC(C/C=C\CCCCCCCCOC(=O)CCN(CCC(=O)OCCCCCCCC/C=C\CC(CCCCCC)OC(=O)CCCCCCCCCCC)CCN1CCCC1)CCCCCC,JW_2024,JW_2024,2
-8.583934,1.016944979,CCCCCCCCCCCC(=O)OC(C/C=C\CCCCCCCCOC(=O)CCN(CCC(=O)OCCCCCCCC/C=C\CC(CCCCCC)OC(=O)CCCCCCCCCCC)CCN1CCCC1)CCCCCC,JW_2024,JW_2024,1
-8.569618,1.727540062,CCCCCCCCCCCC(=O)OC(C/C=C\CCCCCCCCOC(=O)CCN(CCC(=O)OCCCCCCCC/C=C\CC(CCCCCC)OC(=O)CCCCCCCCCCC)CCN1CCCC1)CCCCCC,JW_2024,JW_2024,2
-8.038929,0.135447281,CCCCCCCCCCCC(=O)OC(C/C=C\CCCCCCCCOC(=O)CCN(CCC(=O)OCCCCCCCC/C=C\CC(CCCCCC)OC(=O)CCCCCCCCCCC)CCN1CCCC1)CCCCCC,JW_2024,JW_2024,1
-8.753986,0.423283264,CCCCCCCCCCCC(=O)OC(C/C=C\CCCCCCCCOC(=O)CCN(CCC(=O)OCCCCCCCC/C=C\CC(CCCCCC)OC(=O)CCCCCCCCCCC)CCN1CCCC1)CCCCCC,JW_2024,JW_2024,1
-9.567215,0.828052616,CCCCCCCCCCCC(=O)OC(C/C=C\CCCCCCCCOC(=O)CCN(CCC(=O)OCCCCCCCC/C=C\CC(CCCCCC)OC(=O)CCCCCCCCCCC)CCN1CCCC1)CCCCCC,JW_2024,JW_2024,1
-9.553019,1.079909101,CCCCCCCCCCCC(=O)OC(C/C=C\CCCCCCCCOC(=O)CCN(CCC(=O)OCCCCCCCC/C=C\CC(CCCCCC)OC(=O)CCCCCCCCCCC)CCN1CCCC1)CCCCCC,JW_2024,JW_2024,1
-9.453359,0.018513913,CCCCCCCCCCCC(=O)OC(C/C=C\CCCCCCCCOC(=O)CCN(CCC(=O)OCCCCCCCC/C=C\CC(CCCCCC)OC(=O)CCCCCCCCCCC)CCN1CCCC1)CCCCCC,JW_2024,JW_2024,0
-8.843724,0.234390901,CCCCCCCCCCCC(=O)OC(C/C=C\CCCCCCCCOC(=O)CCN(CCC(=O)OCCCCCCCC/C=C\CC(CCCCCC)OC(=O)CCCCCCCCCCC)CCN1CCCC1)CCCCCC,JW_2024,JW_2024,1
-9.538657,1.115888599,CCCCCCCCCCCC(=O)OC(C/C=C\CCCCCCCCOC(=O)CCN(CCC(=O)OCCCCCCCC/C=C\CC(CCCCCC)OC(=O)CCCCCCCCCCC)CCN1CCCC1)CCCCCC,JW_2024,JW_2024,1
-10.35633,1.52065795,CCCCCCCCCCCC(=O)OC(C/C=C\CCCCCCCCOC(=O)CCN(CCC(=O)OCCCCCCCC/C=C\CC(CCCCCC)OC(=O)CCCCCCCCCCC)CCN1CCCC1)CCCCCC,JW_2024,JW_2024,2
-9.350803,1.889447803,CCCCCCCCCCCC(=O)OC(C/C=C\CCCCCCCCOC(=O)CCN(CCC(=O)OCCCCCCCC/C=C\CC(CCCCCC)OC(=O)CCCCCCCCCCC)CCN1CCCC1)CCCCCC,JW_2024,JW_2024,2
-10.354263,0.477252511,CCCCCCCCCCCC(=O)OC(C/C=C\CCCCCCCCOC(=O)CCN(CCC(=O)OCCCCCCCC/C=C\CC(CCCCCC)OC(=O)CCCCCCCCCCC)CCN1CCCC1)CCCCCC,JW_2024,JW_2024,1
-9.462441,1.556637448,CCCCCCCCCCCC(=O)OC(C/C=C\CCCCCCCCOC(=O)CCN(CCC(=O)OCCCCCCCC/C=C\CC(CCCCCC)OC(=O)CCCCCCCCCCC)CCN1CCCC1)CCCCCC,JW_2024,JW_2024,2
-9.633451,-0.907958157,CCCCCCCCCCCC(=O)OC(C/C=C\CCCCCCCCOC(=O)CCN(CCC(=O)OCCCCCCCC/C=C\CC(CCCCCC)OC(=O)CCCCCCCCCCC)CCN1CCCC1)CCCCCC,JW_2024,JW_2024,0
-10.916929,1.457693828,CCCCCCCCCCCC(=O)OC(C/C=C\CCCCCCCCOC(=O)CCN(CCC(=O)OCCCCCCCC/C=C\CC(CCCCCC)OC(=O)CCCCCCCCCCC)CCN1CCCC1)CCCCCC,JW_2024,JW_2024,2
-10.140382,0.369314018,CCCCCCCCCCCCCCCCCC(=O)OC(C/C=C\CCCCCCCCOC(=O)CCN(CCC(=O)OCCCCCCCC/C=C\CC(CCCCCC)OC(=O)CCCCCCCCCCCCCCCCC)CCN1CCCC1)CCCCCC,JW_2024,JW_2024,1
-9.3534,0.351324269,CCCCCCCCCCCCCCCCCC(=O)OC(C/C=C\CCCCCCCCOC(=O)CCN(CCC(=O)OCCCCCCCC/C=C\CC(CCCCCC)OC(=O)CCCCCCCCCCCCCCCCC)CCN1CCCC1)CCCCCC,JW_2024,JW_2024,1
-9.76904,0.144442156,CCCCCCCCCCCCCCCCCC(=O)OC(C/C=C\CCCCCCCCOC(=O)CCN(CCC(=O)OCCCCCCCC/C=C\CC(CCCCCC)OC(=O)CCCCCCCCCCCCCCCCC)CCN1CCCC1)CCCCCC,JW_2024,JW_2024,1
-10.449168,-0.215352823,CCCCCCCCCCCCCCCCCC(=O)OC(C/C=C\CCCCCCCCOC(=O)CCN(CCC(=O)OCCCCCCCC/C=C\CC(CCCCCC)OC(=O)CCCCCCCCCCCCCCCCC)CCN1CCCC1)CCCCCC,JW_2024,JW_2024,0
-10.868787,-0.116409204,CCCCCCCCCCCCCCCCCC(=O)OC(C/C=C\CCCCCCCCOC(=O)CCN(CCC(=O)OCCCCCCCC/C=C\CC(CCCCCC)OC(=O)CCCCCCCCCCCCCCCCC)CCN1CCCC1)CCCCCC,JW_2024,JW_2024,0
-9.593285,-0.00847071,CCCCCCCCCCCCCCCCCC(=O)OC(C/C=C\CCCCCCCCOC(=O)CCN(CCC(=O)OCCCCCCCC/C=C\CC(CCCCCC)OC(=O)CCCCCCCCCCCCCCCCC)CCN1CCCC1)CCCCCC,JW_2024,JW_2024,0
-10.880454,0.018513913,CCCCCCCCCCCCCCCCCC(=O)OC(C/C=C\CCCCCCCCOC(=O)CCN(CCC(=O)OCCCCCCCC/C=C\CC(CCCCCC)OC(=O)CCCCCCCCCCCCCCCCC)CCN1CCCC1)CCCCCC,JW_2024,JW_2024,0
-10.569911,-0.566152927,CCCCCCCCCCCCCCCCCC(=O)OC(C/C=C\CCCCCCCCOC(=O)CCN(CCC(=O)OCCCCCCCC/C=C\CC(CCCCCC)OC(=O)CCCCCCCCCCCCCCCCC)CCN1CCCC1)CCCCCC,JW_2024,JW_2024,0
-9.446462,1.502668201,CCCCCCCCCCCCCCCCCC(=O)OC(C/C=C\CCCCCCCCOC(=O)CCN(CCC(=O)OCCCCCCCC/C=C\CC(CCCCCC)OC(=O)CCCCCCCCCCCCCCCCC)CCN1CCCC1)CCCCCC,JW_2024,JW_2024,2
-10.546014,0.603180754,CCCCCCCCCCCCCCCCCC(=O)OC(C/C=C\CCCCCCCCOC(=O)CCN(CCC(=O)OCCCCCCCC/C=C\CC(CCCCCC)OC(=O)CCCCCCCCCCCCCCCCC)CCN1CCCC1)CCCCCC,JW_2024,JW_2024,1
-9.061533,1.09789885,CCCCCCCCCCCCCCCCCC(=O)OC(C/C=C\CCCCCCCCOC(=O)CCN(CCC(=O)OCCCCCCCC/C=C\CC(CCCCCC)OC(=O)CCCCCCCCCCCCCCCCC)CCN1CCCC1)CCCCCC,JW_2024,JW_2024,1
-9.661659,-0.125404078,CCCCCCCCCCCCCCCCCC(=O)OC(C/C=C\CCCCCCCCOC(=O)CCN(CCC(=O)OCCCCCCCC/C=C\CC(CCCCCC)OC(=O)CCCCCCCCCCCCCCCCC)CCN1CCCC1)CCCCCC,JW_2024,JW_2024,0
-10.515013,-0.386255438,CCCCCCCCCCCCCCCCCC(=O)OC(C/C=C\CCCCCCCCOC(=O)CCN(CCC(=O)OCCCCCCCC/C=C\CC(CCCCCC)OC(=O)CCCCCCCCCCCCCCCCC)CCN1CCCC1)CCCCCC,JW_2024,JW_2024,0
-11.082065,0.855037239,CCCCCCCCCCCCCCCCCC(=O)OC(C/C=C\CCCCCCCCOC(=O)CCN(CCC(=O)OCCCCCCCC/C=C\CC(CCCCCC)OC(=O)CCCCCCCCCCCCCCCCC)CCN1CCCC1)CCCCCC,JW_2024,JW_2024,1
-10.604245,1.60161182,CCCCCCCCCCCCCCCCCC(=O)OC(C/C=C\CCCCCCCCOC(=O)CCN(CCC(=O)OCCCCCCCC/C=C\CC(CCCCCC)OC(=O)CCCCCCCCCCCCCCCCC)CCN1CCCC1)CCCCCC,JW_2024,JW_2024,2
-10.33509,0.108462658,CCCCCCCCCCCCCCCCCC(=O)OC(C/C=C\CCCCCCCCOC(=O)CCN(CCC(=O)OCCCCCCCC/C=C\CC(CCCCCC)OC(=O)CCCCCCCCCCCCCCCCC)CCN1CCCC1)CCCCCC,JW_2024,JW_2024,1
-10.856825,0.189416528,CCCCCCCCCCCCCCCCCC(=O)OC(C/C=C\CCCCCCCCOC(=O)CCN(CCC(=O)OCCCCCCCC/C=C\CC(CCCCCC)OC(=O)CCCCCCCCCCCCCCCCC)CCN1CCCC1)CCCCCC,JW_2024,JW_2024,1
-10.681239,1.169857845,CCCCCCCCCCCCCCCCCC(=O)OC(C/C=C\CCCCCCCCOC(=O)CCN(CCC(=O)OCCCCCCCC/C=C\CC(CCCCCC)OC(=O)CCCCCCCCCCCCCCCCC)CCN1CCCC1)CCCCCC,JW_2024,JW_2024,1
-11.556612,0.864032113,CCCCCCCCCCCCCCCCCC(=O)OC(C/C=C\CCCCCCCCOC(=O)CCN(CCC(=O)OCCCCCCCC/C=C\CC(CCCCCC)OC(=O)CCCCCCCCCCCCCCCCC)CCN1CCCC1)CCCCCC,JW_2024,JW_2024,1
-9.850111,1.853468305,CCCCCCCCCCCCCCCCCC(=O)OC(C/C=C\CCCCCCCCOC(=O)CCN(CCC(=O)OCCCCCCCC/C=C\CC(CCCCCC)OC(=O)CCCCCCCCCCCCCCCCC)CCN1CCCC1)CCCCCC,JW_2024,JW_2024,2
-10.624298,0.75609362,CCCCCCCCCCCCCCCCCC(=O)OC(C/C=C\CCCCCCCCOC(=O)CCN(CCC(=O)OCCCCCCCC/C=C\CC(CCCCCC)OC(=O)CCCCCCCCCCCCCCCCC)CCN1CCCC1)CCCCCC,JW_2024,JW_2024,1
-9.755828,1.655581067,CCCCCCCCCCCCCCCCCC(=O)OC(C/C=C\CCCCCCCCOC(=O)CCN(CCC(=O)OCCCCCCCC/C=C\CC(CCCCCC)OC(=O)CCCCCCCCCCCCCCCCC)CCN1CCCC1)CCCCCC,JW_2024,JW_2024,2
-10.835748,1.232821967,CCCCCCCCCCCCCCCCCC(=O)OC(C/C=C\CCCCCCCCOC(=O)CCN(CCC(=O)OCCCCCCCC/C=C\CC(CCCCCC)OC(=O)CCCCCCCCCCCCCCCCC)CCN1CCCC1)CCCCCC,JW_2024,JW_2024,1
-11.62581,0.864032113,CCCCCCCCCCCCCCCCCC(=O)OC(C/C=C\CCCCCCCCOC(=O)CCN(CCC(=O)OCCCCCCCC/C=C\CC(CCCCCC)OC(=O)CCCCCCCCCCCCCCCCC)CCN1CCCC1)CCCCCC,JW_2024,JW_2024,1
-4.362137,-0.080429706,CCCCCCCCC(CCCCCC)C(=O)OC(C/C=C\CCCCCCCCOC(=O)CCN(CCCN(CC)CC)CCC(=O)OCCCCCCCC/C=C\CC(CCCCCC)OC(=O)C(CCCCCC)CCCCCCCC)CCCCCC,JW_2024,JW_2024,0
-3.6707802,0.423283264,CCCCCCCCC(CCCCCC)C(=O)OC(C/C=C\CCCCCCCCOC(=O)CCN(CCCN(CC)CC)CCC(=O)OCCCCCCCC/C=C\CC(CCCCCC)OC(=O)C(CCCCCC)CCCCCCCC)CCCCCC,JW_2024,JW_2024,1
-3.8209918,0.846042365,CCCCCCCCC(CCCCCC)C(=O)OC(C/C=C\CCCCCCCCOC(=O)CCN(CCCN(CC)CC)CCC(=O)OCCCCCCCC/C=C\CC(CCCCCC)OC(=O)C(CCCCCC)CCCCCCCC)CCCCCC,JW_2024,JW_2024,1
-4.9208927,0.018513913,CCCCCCCCC(CCCCCC)C(=O)OC(C/C=C\CCCCCCCCOC(=O)CCN(CCCN(CC)CC)CCC(=O)OCCCCCCCC/C=C\CC(CCCCCC)OC(=O)C(CCCCCC)CCCCCCCC)CCCCCC,JW_2024,JW_2024,0
-5.407383,-0.026460459,CCCCCCCCC(CCCCCC)C(=O)OC(C/C=C\CCCCCCCCOC(=O)CCN(CCCN(CC)CC)CCC(=O)OCCCCCCCC/C=C\CC(CCCCCC)OC(=O)C(CCCCCC)CCCCCCCC)CCCCCC,JW_2024,JW_2024,0
-4.8660455,-0.152388702,CCCCCCCCC(CCCCCC)C(=O)OC(C/C=C\CCCCCCCCOC(=O)CCN(CCCN(CC)CC)CCC(=O)OCCCCCCCC/C=C\CC(CCCCCC)OC(=O)C(CCCCCC)CCCCCCCC)CCCCCC,JW_2024,JW_2024,0
-6.154658,0.081478035,CCCCCCCCC(CCCCCC)C(=O)OC(C/C=C\CCCCCCCCOC(=O)CCN(CCCN(CC)CC)CCC(=O)OCCCCCCCC/C=C\CC(CCCCCC)OC(=O)C(CCCCCC)CCCCCCCC)CCCCCC,JW_2024,JW_2024,1
-5.960406,-0.647106797,CCCCCCCCC(CCCCCC)C(=O)OC(C/C=C\CCCCCCCCOC(=O)CCN(CCCN(CC)CC)CCC(=O)OCCCCCCCC/C=C\CC(CCCCCC)OC(=O)C(CCCCCC)CCCCCCCC)CCCCCC,JW_2024,JW_2024,0
-4.1803913,1.574627196,CCCCCCCCC(CCCCCC)C(=O)OC(C/C=C\CCCCCCCCOC(=O)CCN(CCCN(CC)CC)CCC(=O)OCCCCCCCC/C=C\CC(CCCCCC)OC(=O)C(CCCCCC)CCCCCCCC)CCCCCC,JW_2024,JW_2024,2
-5.8453937,0.684134624,CCCCCCCCC(CCCCCC)C(=O)OC(C/C=C\CCCCCCCCOC(=O)CCN(CCCN(CC)CC)CCC(=O)OCCCCCCCC/C=C\CC(CCCCCC)OC(=O)C(CCCCCC)CCCCCCCC)CCCCCC,JW_2024,JW_2024,1
-3.7276096,1.187847594,CCCCCCCCC(CCCCCC)C(=O)OC(C/C=C\CCCCCCCCOC(=O)CCN(CCCN(CC)CC)CCC(=O)OCCCCCCCC/C=C\CC(CCCCCC)OC(=O)C(CCCCCC)CCCCCCCC)CCCCCC,JW_2024,JW_2024,1
-4.726601,-0.035455333,CCCCCCCCC(CCCCCC)C(=O)OC(C/C=C\CCCCCCCCOC(=O)CCN(CCCN(CC)CC)CCC(=O)OCCCCCCCC/C=C\CC(CCCCCC)OC(=O)C(CCCCCC)CCCCCCCC)CCCCCC,JW_2024,JW_2024,0
-5.5672784,-0.530173429,CCCCCCCCC(CCCCCC)C(=O)OC(C/C=C\CCCCCCCCOC(=O)CCN(CCCN(CC)CC)CCC(=O)OCCCCCCCC/C=C\CC(CCCCCC)OC(=O)C(CCCCCC)CCCCCCCC)CCCCCC,JW_2024,JW_2024,0
-5.8745785,0.540216633,CCCCCCCCC(CCCCCC)C(=O)OC(C/C=C\CCCCCCCCOC(=O)CCN(CCCN(CC)CC)CCC(=O)OCCCCCCCC/C=C\CC(CCCCCC)OC(=O)C(CCCCCC)CCCCCCCC)CCCCCC,JW_2024,JW_2024,1
-5.1056266,0.432278139,CCCCCCCCC(CCCCCC)C(=O)OC(C/C=C\CCCCCCCCOC(=O)CCN(CCCN(CC)CC)CCC(=O)OCCCCCCCC/C=C\CC(CCCCCC)OC(=O)C(CCCCCC)CCCCCCCC)CCCCCC,JW_2024,JW_2024,1
-5.4960947,-0.602132425,CCCCCCCCC(CCCCCC)C(=O)OC(C/C=C\CCCCCCCCOC(=O)CCN(CCCN(CC)CC)CCC(=O)OCCCCCCCC/C=C\CC(CCCCCC)OC(=O)C(CCCCCC)CCCCCCCC)CCCCCC,JW_2024,JW_2024,0
-6.1861067,0.369314018,CCCCCCCCC(CCCCCC)C(=O)OC(C/C=C\CCCCCCCCOC(=O)CCN(CCCN(CC)CC)CCC(=O)OCCCCCCCC/C=C\CC(CCCCCC)OC(=O)C(CCCCCC)CCCCCCCC)CCCCCC,JW_2024,JW_2024,1
-5.342016,0.819057741,CCCCCCCCC(CCCCCC)C(=O)OC(C/C=C\CCCCCCCCOC(=O)CCN(CCCN(CC)CC)CCC(=O)OCCCCCCCC/C=C\CC(CCCCCC)OC(=O)C(CCCCCC)CCCCCCCC)CCCCCC,JW_2024,JW_2024,1
-6.6324525,0.783078243,CCCCCCCCC(CCCCCC)C(=O)OC(C/C=C\CCCCCCCCOC(=O)CCN(CCCN(CC)CC)CCC(=O)OCCCCCCCC/C=C\CC(CCCCCC)OC(=O)C(CCCCCC)CCCCCCCC)CCCCCC,JW_2024,JW_2024,1
-4.4645224,1.538647699,CCCCCCCCC(CCCCCC)C(=O)OC(C/C=C\CCCCCCCCOC(=O)CCN(CCCN(CC)CC)CCC(=O)OCCCCCCCC/C=C\CC(CCCCCC)OC(=O)C(CCCCCC)CCCCCCCC)CCCCCC,JW_2024,JW_2024,2
-5.2396336,0.648155126,CCCCCCCCC(CCCCCC)C(=O)OC(C/C=C\CCCCCCCCOC(=O)CCN(CCCN(CC)CC)CCC(=O)OCCCCCCCC/C=C\CC(CCCCCC)OC(=O)C(CCCCCC)CCCCCCCC)CCCCCC,JW_2024,JW_2024,1
-4.7702103,0.819057741,CCCCCCCCC(CCCCCC)C(=O)OC(C/C=C\CCCCCCCCOC(=O)CCN(CCCN(CC)CC)CCC(=O)OCCCCCCCC/C=C\CC(CCCCCC)OC(=O)C(CCCCCC)CCCCCCCC)CCCCCC,JW_2024,JW_2024,1
-4.519915,0.180421654,CCCCCCCCC(CCCCCC)C(=O)OC(C/C=C\CCCCCCCCOC(=O)CCN(CCCN(CC)CC)CCC(=O)OCCCCCCCC/C=C\CC(CCCCCC)OC(=O)C(CCCCCC)CCCCCCCC)CCCCCC,JW_2024,JW_2024,1
-5.5822487,0.558206382,CCCCCCCCC(CCCCCC)C(=O)OC(C/C=C\CCCCCCCCOC(=O)CCN(CCCN(CC)CC)CCC(=O)OCCCCCCCC/C=C\CC(CCCCCC)OC(=O)C(CCCCCC)CCCCCCCC)CCCCCC,JW_2024,JW_2024,1
-5.933307,0.108462658,CCCCCCC(C/C=C\CCCCCCCCOC(=O)CCN(CCCN(CC)CC)CCC(=O)OCCCCCCCC/C=C\CC(CCCCCC)OC(=O)C(CCCC)CCCCCC)OC(=O)C(CCCC)CCCCCC,JW_2024,JW_2024,1
-5.611808,-0.161383576,CCCCCCC(C/C=C\CCCCCCCCOC(=O)CCN(CCCN(CC)CC)CCC(=O)OCCCCCCCC/C=C\CC(CCCCCC)OC(=O)C(CCCC)CCCCCC)OC(=O)C(CCCC)CCCCCC,JW_2024,JW_2024,0
-8.54614,1.061919352,CCCCCCC(C/C=C\CCCCCCCCOC(=O)CCN(CCCN(CC)CC)CCC(=O)OCCCCCCCC/C=C\CC(CCCCCC)OC(=O)C(CCCC)CCCCCC)OC(=O)C(CCCC)CCCCCC,JW_2024,JW_2024,1
-6.383243,-0.404245187,CCCCCCC(C/C=C\CCCCCCCCOC(=O)CCN(CCCN(CC)CC)CCC(=O)OCCCCCCCC/C=C\CC(CCCCCC)OC(=O)C(CCCC)CCCCCC)OC(=O)C(CCCC)CCCCCC,JW_2024,JW_2024,0
-6.6354637,0.279365273,CCCCCCC(C/C=C\CCCCCCCCOC(=O)CCN(CCCN(CC)CC)CCC(=O)OCCCCCCCC/C=C\CC(CCCCCC)OC(=O)C(CCCC)CCCCCC)OC(=O)C(CCCC)CCCCCC,JW_2024,JW_2024,1
-7.5463815,-0.647106797,CCCCCCC(C/C=C\CCCCCCCCOC(=O)CCN(CCCN(CC)CC)CCC(=O)OCCCCCCCC/C=C\CC(CCCCCC)OC(=O)C(CCCC)CCCCCC)OC(=O)C(CCCC)CCCCCC,JW_2024,JW_2024,0
-8.402601,1.169857845,CCCCCCC(C/C=C\CCCCCCCCOC(=O)CCN(CCCN(CC)CC)CCC(=O)OCCCCCCCC/C=C\CC(CCCCCC)OC(=O)C(CCCC)CCCCCC)OC(=O)C(CCCC)CCCCCC,JW_2024,JW_2024,1
-7.5918407,0.234390901,CCCCCCC(C/C=C\CCCCCCCCOC(=O)CCN(CCCN(CC)CC)CCC(=O)OCCCCCCCC/C=C\CC(CCCCCC)OC(=O)C(CCCC)CCCCCC)OC(=O)C(CCCC)CCCCCC,JW_2024,JW_2024,1
-6.1184597,1.439704079,CCCCCCC(C/C=C\CCCCCCCCOC(=O)CCN(CCCN(CC)CC)CCC(=O)OCCCCCCCC/C=C\CC(CCCCCC)OC(=O)C(CCCC)CCCCCC)OC(=O)C(CCCC)CCCCCC,JW_2024,JW_2024,2
-7.308709,0.018513913,CCCCCCC(C/C=C\CCCCCCCCOC(=O)CCN(CCCN(CC)CC)CCC(=O)OCCCCCCCC/C=C\CC(CCCCCC)OC(=O)C(CCCC)CCCCCC)OC(=O)C(CCCC)CCCCCC,JW_2024,JW_2024,0
-7.3842645,1.511663075,CCCCCCC(C/C=C\CCCCCCCCOC(=O)CCN(CCCN(CC)CC)CCC(=O)OCCCCCCCC/C=C\CC(CCCCCC)OC(=O)C(CCCC)CCCCCC)OC(=O)C(CCCC)CCCCCC,JW_2024,JW_2024,2
-6.095045,0.693129499,CCCCCCC(C/C=C\CCCCCCCCOC(=O)CCN(CCCN(CC)CC)CCC(=O)OCCCCCCCC/C=C\CC(CCCCCC)OC(=O)C(CCCC)CCCCCC)OC(=O)C(CCCC)CCCCCC,JW_2024,JW_2024,1
-7.2060986,0.027508788,CCCCCCC(C/C=C\CCCCCCCCOC(=O)CCN(CCCN(CC)CC)CCC(=O)OCCCCCCCC/C=C\CC(CCCCCC)OC(=O)C(CCCC)CCCCCC)OC(=O)C(CCCC)CCCCCC,JW_2024,JW_2024,0
-8.712669,0.162431905,CCCCCCC(C/C=C\CCCCCCCCOC(=O)CCN(CCCN(CC)CC)CCC(=O)OCCCCCCCC/C=C\CC(CCCCCC)OC(=O)C(CCCC)CCCCCC)OC(=O)C(CCCC)CCCCCC,JW_2024,JW_2024,1
-6.5182033,0.944985984,CCCCCCC(C/C=C\CCCCCCCCOC(=O)CCN(CCCN(CC)CC)CCC(=O)OCCCCCCCC/C=C\CC(CCCCCC)OC(=O)C(CCCC)CCCCCC)OC(=O)C(CCCC)CCCCCC,JW_2024,JW_2024,1
-6.526163,0.243385775,CCCCCCC(C/C=C\CCCCCCCCOC(=O)CCN(CCCN(CC)CC)CCC(=O)OCCCCCCCC/C=C\CC(CCCCCC)OC(=O)C(CCCC)CCCCCC)OC(=O)C(CCCC)CCCCCC,JW_2024,JW_2024,1
-7.6726117,0.135447281,CCCCCCC(C/C=C\CCCCCCCCOC(=O)CCN(CCCN(CC)CC)CCC(=O)OCCCCCCCC/C=C\CC(CCCCCC)OC(=O)C(CCCC)CCCCCC)OC(=O)C(CCCC)CCCCCC,JW_2024,JW_2024,1
-6.2925034,1.079909101,CCCCCCC(C/C=C\CCCCCCCCOC(=O)CCN(CCCN(CC)CC)CCC(=O)OCCCCCCCC/C=C\CC(CCCCCC)OC(=O)C(CCCC)CCCCCC)OC(=O)C(CCCC)CCCCCC,JW_2024,JW_2024,1
-9.085076,1.403724582,CCCCCCC(C/C=C\CCCCCCCCOC(=O)CCN(CCCN(CC)CC)CCC(=O)OCCCCCCCC/C=C\CC(CCCCCC)OC(=O)C(CCCC)CCCCCC)OC(=O)C(CCCC)CCCCCC,JW_2024,JW_2024,2
-7.547655,1.880452928,CCCCCCC(C/C=C\CCCCCCCCOC(=O)CCN(CCCN(CC)CC)CCC(=O)OCCCCCCCC/C=C\CC(CCCCCC)OC(=O)C(CCCC)CCCCCC)OC(=O)C(CCCC)CCCCCC,JW_2024,JW_2024,2
-7.4662538,0.486247386,CCCCCCC(C/C=C\CCCCCCCCOC(=O)CCN(CCCN(CC)CC)CCC(=O)OCCCCCCCC/C=C\CC(CCCCCC)OC(=O)C(CCCC)CCCCCC)OC(=O)C(CCCC)CCCCCC,JW_2024,JW_2024,1
-6.8251214,1.385734833,CCCCCCC(C/C=C\CCCCCCCCOC(=O)CCN(CCCN(CC)CC)CCC(=O)OCCCCCCCC/C=C\CC(CCCCCC)OC(=O)C(CCCC)CCCCCC)OC(=O)C(CCCC)CCCCCC,JW_2024,JW_2024,2
-5.80258,0.33333452,CCCCCCC(C/C=C\CCCCCCCCOC(=O)CCN(CCCN(CC)CC)CCC(=O)OCCCCCCCC/C=C\CC(CCCCCC)OC(=O)C(CCCC)CCCCCC)OC(=O)C(CCCC)CCCCCC,JW_2024,JW_2024,1
-7.910363,1.124883473,CCCCCCC(C/C=C\CCCCCCCCOC(=O)CCN(CCCN(CC)CC)CCC(=O)OCCCCCCCC/C=C\CC(CCCCCC)OC(=O)C(CCCC)CCCCCC)OC(=O)C(CCCC)CCCCCC,JW_2024,JW_2024,1
-5.1577682,0.099467784,CCCCCCC(C/C=C\CCCCCCCCOC(=O)CCN(CCCN(CC)CC)CCC(=O)OCCCCCCCC/C=C\CC(CCCCCC)OC(=O)CCCC1CCCCC1)OC(=O)CCCC1CCCCC1,JW_2024,JW_2024,1
-5.1178174,0.33333452,CCCCCCC(C/C=C\CCCCCCCCOC(=O)CCN(CCCN(CC)CC)CCC(=O)OCCCCCCCC/C=C\CC(CCCCCC)OC(=O)CCCC1CCCCC1)OC(=O)CCCC1CCCCC1,JW_2024,JW_2024,1
-7.70562,0.054493411,CCCCCCC(C/C=C\CCCCCCCCOC(=O)CCN(CCCN(CC)CC)CCC(=O)OCCCCCCCC/C=C\CC(CCCCCC)OC(=O)CCCC1CCCCC1)OC(=O)CCCC1CCCCC1,JW_2024,JW_2024,1
-5.0716395,-0.800019663,CCCCCCC(C/C=C\CCCCCCCCOC(=O)CCN(CCCN(CC)CC)CCC(=O)OCCCCCCCC/C=C\CC(CCCCCC)OC(=O)CCCC1CCCCC1)OC(=O)CCCC1CCCCC1,JW_2024,JW_2024,0
-5.9723797,0.063488286,CCCCCCC(C/C=C\CCCCCCCCOC(=O)CCN(CCCN(CC)CC)CCC(=O)OCCCCCCCC/C=C\CC(CCCCCC)OC(=O)CCCC1CCCCC1)OC(=O)CCCC1CCCCC1,JW_2024,JW_2024,1
-7.447053,0.126452407,CCCCCCC(C/C=C\CCCCCCCCOC(=O)CCN(CCCN(CC)CC)CCC(=O)OCCCCCCCC/C=C\CC(CCCCCC)OC(=O)CCCC1CCCCC1)OC(=O)CCCC1CCCCC1,JW_2024,JW_2024,1
-7.8028097,1.286791213,CCCCCCC(C/C=C\CCCCCCCCOC(=O)CCN(CCCN(CC)CC)CCC(=O)OCCCCCCCC/C=C\CC(CCCCCC)OC(=O)CCCC1CCCCC1)OC(=O)CCCC1CCCCC1,JW_2024,JW_2024,1
-6.06246,-0.764040165,CCCCCCC(C/C=C\CCCCCCCCOC(=O)CCN(CCCN(CC)CC)CCC(=O)OCCCCCCCC/C=C\CC(CCCCCC)OC(=O)CCCC1CCCCC1)OC(=O)CCCC1CCCCC1,JW_2024,JW_2024,0
-5.0071282,1.385734833,CCCCCCC(C/C=C\CCCCCCCCOC(=O)CCN(CCCN(CC)CC)CCC(=O)OCCCCCCCC/C=C\CC(CCCCCC)OC(=O)CCCC1CCCCC1)OC(=O)CCCC1CCCCC1,JW_2024,JW_2024,2
-6.143643,0.594185879,CCCCCCC(C/C=C\CCCCCCCCOC(=O)CCN(CCCN(CC)CC)CCC(=O)OCCCCCCCC/C=C\CC(CCCCCC)OC(=O)CCCC1CCCCC1)OC(=O)CCCC1CCCCC1,JW_2024,JW_2024,1
-7.2587147,1.592616945,CCCCCCC(C/C=C\CCCCCCCCOC(=O)CCN(CCCN(CC)CC)CCC(=O)OCCCCCCCC/C=C\CC(CCCCCC)OC(=O)CCCC1CCCCC1)OC(=O)CCCC1CCCCC1,JW_2024,JW_2024,2
-5.079228,0.603180754,CCCCCCC(C/C=C\CCCCCCCCOC(=O)CCN(CCCN(CC)CC)CCC(=O)OCCCCCCCC/C=C\CC(CCCCCC)OC(=O)CCCC1CCCCC1)OC(=O)CCCC1CCCCC1,JW_2024,JW_2024,1
-6.1147223,0.117457533,CCCCCCC(C/C=C\CCCCCCCCOC(=O)CCN(CCCN(CC)CC)CCC(=O)OCCCCCCCC/C=C\CC(CCCCCC)OC(=O)CCCC1CCCCC1)OC(=O)CCCC1CCCCC1,JW_2024,JW_2024,1
-7.9818497,0.306349896,CCCCCCC(C/C=C\CCCCCCCCOC(=O)CCN(CCCN(CC)CC)CCC(=O)OCCCCCCCC/C=C\CC(CCCCCC)OC(=O)CCCC1CCCCC1)OC(=O)CCCC1CCCCC1,JW_2024,JW_2024,1
-5.4882545,0.729108996,CCCCCCC(C/C=C\CCCCCCCCOC(=O)CCN(CCCN(CC)CC)CCC(=O)OCCCCCCCC/C=C\CC(CCCCCC)OC(=O)CCCC1CCCCC1)OC(=O)CCCC1CCCCC1,JW_2024,JW_2024,1
-5.075908,0.378308892,CCCCCCC(C/C=C\CCCCCCCCOC(=O)CCN(CCCN(CC)CC)CCC(=O)OCCCCCCCC/C=C\CC(CCCCCC)OC(=O)CCCC1CCCCC1)OC(=O)CCCC1CCCCC1,JW_2024,JW_2024,1
-6.389964,0.25238065,CCCCCCC(C/C=C\CCCCCCCCOC(=O)CCN(CCCN(CC)CC)CCC(=O)OCCCCCCCC/C=C\CC(CCCCCC)OC(=O)CCCC1CCCCC1)OC(=O)CCCC1CCCCC1,JW_2024,JW_2024,1
-5.6348963,0.810062867,CCCCCCC(C/C=C\CCCCCCCCOC(=O)CCN(CCCN(CC)CC)CCC(=O)OCCCCCCCC/C=C\CC(CCCCCC)OC(=O)CCCC1CCCCC1)OC(=O)CCCC1CCCCC1,JW_2024,JW_2024,1
-8.012357,1.25980659,CCCCCCC(C/C=C\CCCCCCCCOC(=O)CCN(CCCN(CC)CC)CCC(=O)OCCCCCCCC/C=C\CC(CCCCCC)OC(=O)CCCC1CCCCC1)OC(=O)CCCC1CCCCC1,JW_2024,JW_2024,1
-7.3896117,1.592616945,CCCCCCC(C/C=C\CCCCCCCCOC(=O)CCN(CCCN(CC)CC)CCC(=O)OCCCCCCCC/C=C\CC(CCCCCC)OC(=O)CCCC1CCCCC1)OC(=O)CCCC1CCCCC1,JW_2024,JW_2024,2
-7.7265167,0.720114122,CCCCCCC(C/C=C\CCCCCCCCOC(=O)CCN(CCCN(CC)CC)CCC(=O)OCCCCCCCC/C=C\CC(CCCCCC)OC(=O)CCCC1CCCCC1)OC(=O)CCCC1CCCCC1,JW_2024,JW_2024,1
-5.546248,1.331765586,CCCCCCC(C/C=C\CCCCCCCCOC(=O)CCN(CCCN(CC)CC)CCC(=O)OCCCCCCCC/C=C\CC(CCCCCC)OC(=O)CCCC1CCCCC1)OC(=O)CCCC1CCCCC1,JW_2024,JW_2024,2
-5.4139943,0.531221758,CCCCCCC(C/C=C\CCCCCCCCOC(=O)CCN(CCCN(CC)CC)CCC(=O)OCCCCCCCC/C=C\CC(CCCCCC)OC(=O)CCCC1CCCCC1)OC(=O)CCCC1CCCCC1,JW_2024,JW_2024,1
-8.459911,1.052924477,CCCCCCC(C/C=C\CCCCCCCCOC(=O)CCN(CCCN(CC)CC)CCC(=O)OCCCCCCCC/C=C\CC(CCCCCC)OC(=O)CCCC1CCCCC1)OC(=O)CCCC1CCCCC1,JW_2024,JW_2024,1
-4.817123,-0.035455333,CCCCCC/C=C\CCC(=O)OC(C/C=C\CCCCCCCCOC(=O)CCN(CCCN(CC)CC)CCC(=O)OCCCCCCCC/C=C\CC(CCCCCC)OC(=O)CC/C=C\CCCCCC)CCCCCC,JW_2024,JW_2024,0
-3.762771,0.036503662,CCCCCC/C=C\CCC(=O)OC(C/C=C\CCCCCCCCOC(=O)CCN(CCCN(CC)CC)CCC(=O)OCCCCCCCC/C=C\CC(CCCCCC)OC(=O)CC/C=C\CCCCCC)CCCCCC,JW_2024,JW_2024,1
-6.566574,0.07248316,CCCCCC/C=C\CCC(=O)OC(C/C=C\CCCCCCCCOC(=O)CCN(CCCN(CC)CC)CCC(=O)OCCCCCCCC/C=C\CC(CCCCCC)OC(=O)CC/C=C\CCCCCC)CCCCCC,JW_2024,JW_2024,1
-4.9226937,0.810062867,CCCCCC/C=C\CCC(=O)OC(C/C=C\CCCCCCCCOC(=O)CCN(CCCN(CC)CC)CCC(=O)OCCCCCCCC/C=C\CC(CCCCCC)OC(=O)CC/C=C\CCCCCC)CCCCCC,JW_2024,JW_2024,1
-5.5179343,0.090472909,CCCCCC/C=C\CCC(=O)OC(C/C=C\CCCCCCCCOC(=O)CCN(CCCN(CC)CC)CCC(=O)OCCCCCCCC/C=C\CC(CCCCCC)OC(=O)CC/C=C\CCCCCC)CCCCCC,JW_2024,JW_2024,1
-6.3415422,0.027508788,CCCCCC/C=C\CCC(=O)OC(C/C=C\CCCCCCCCOC(=O)CCN(CCCN(CC)CC)CCC(=O)OCCCCCCCC/C=C\CC(CCCCCC)OC(=O)CC/C=C\CCCCCC)CCCCCC,JW_2024,JW_2024,0
-7.6255836,0.567201256,CCCCCC/C=C\CCC(=O)OC(C/C=C\CCCCCCCCOC(=O)CCN(CCCN(CC)CC)CCC(=O)OCCCCCCCC/C=C\CC(CCCCCC)OC(=O)CC/C=C\CCCCCC)CCCCCC,JW_2024,JW_2024,1
-6.1116953,-0.35027594,CCCCCC/C=C\CCC(=O)OC(C/C=C\CCCCCCCCOC(=O)CCN(CCCN(CC)CC)CCC(=O)OCCCCCCCC/C=C\CC(CCCCCC)OC(=O)CC/C=C\CCCCCC)CCCCCC,JW_2024,JW_2024,0
-4.1141148,1.160862971,CCCCCC/C=C\CCC(=O)OC(C/C=C\CCCCCCCCOC(=O)CCN(CCCN(CC)CC)CCC(=O)OCCCCCCCC/C=C\CC(CCCCCC)OC(=O)CC/C=C\CCCCCC)CCCCCC,JW_2024,JW_2024,1
-5.9667177,0.054493411,CCCCCC/C=C\CCC(=O)OC(C/C=C\CCCCCCCCOC(=O)CCN(CCCN(CC)CC)CCC(=O)OCCCCCCCC/C=C\CC(CCCCCC)OC(=O)CC/C=C\CCCCCC)CCCCCC,JW_2024,JW_2024,1
-5.324158,1.25980659,CCCCCC/C=C\CCC(=O)OC(C/C=C\CCCCCCCCOC(=O)CCN(CCCN(CC)CC)CCC(=O)OCCCCCCCC/C=C\CC(CCCCCC)OC(=O)CC/C=C\CCCCCC)CCCCCC,JW_2024,JW_2024,1
-4.896768,0.369314018,CCCCCC/C=C\CCC(=O)OC(C/C=C\CCCCCCCCOC(=O)CCN(CCCN(CC)CC)CCC(=O)OCCCCCCCC/C=C\CC(CCCCCC)OC(=O)CC/C=C\CCCCCC)CCCCCC,JW_2024,JW_2024,1
-5.889657,-0.359270814,CCCCCC/C=C\CCC(=O)OC(C/C=C\CCCCCCCCOC(=O)CCN(CCCN(CC)CC)CCC(=O)OCCCCCCCC/C=C\CC(CCCCCC)OC(=O)CC/C=C\CCCCCC)CCCCCC,JW_2024,JW_2024,0
-6.543936,0.846042365,CCCCCC/C=C\CCC(=O)OC(C/C=C\CCCCCCCCOC(=O)CCN(CCCN(CC)CC)CCC(=O)OCCCCCCCC/C=C\CC(CCCCCC)OC(=O)CC/C=C\CCCCCC)CCCCCC,JW_2024,JW_2024,1
-5.462483,0.648155126,CCCCCC/C=C\CCC(=O)OC(C/C=C\CCCCCCCCOC(=O)CCN(CCCN(CC)CC)CCC(=O)OCCCCCCCC/C=C\CC(CCCCCC)OC(=O)CC/C=C\CCCCCC)CCCCCC,JW_2024,JW_2024,1
-5.566621,-1.27674801,CCCCCC/C=C\CCC(=O)OC(C/C=C\CCCCCCCCOC(=O)CCN(CCCN(CC)CC)CCC(=O)OCCCCCCCC/C=C\CC(CCCCCC)OC(=O)CC/C=C\CCCCCC)CCCCCC,JW_2024,JW_2024,0
-5.8855224,-0.161383576,CCCCCC/C=C\CCC(=O)OC(C/C=C\CCCCCCCCOC(=O)CCN(CCCN(CC)CC)CCC(=O)OCCCCCCCC/C=C\CC(CCCCCC)OC(=O)CC/C=C\CCCCCC)CCCCCC,JW_2024,JW_2024,0
-4.970927,0.900011611,CCCCCC/C=C\CCC(=O)OC(C/C=C\CCCCCCCCOC(=O)CCN(CCCN(CC)CC)CCC(=O)OCCCCCCCC/C=C\CC(CCCCCC)OC(=O)CC/C=C\CCCCCC)CCCCCC,JW_2024,JW_2024,1
-6.9262533,0.549211507,CCCCCC/C=C\CCC(=O)OC(C/C=C\CCCCCCCCOC(=O)CCN(CCCN(CC)CC)CCC(=O)OCCCCCCCC/C=C\CC(CCCCCC)OC(=O)CC/C=C\CCCCCC)CCCCCC,JW_2024,JW_2024,1
-6.489732,1.889447803,CCCCCC/C=C\CCC(=O)OC(C/C=C\CCCCCCCCOC(=O)CCN(CCCN(CC)CC)CCC(=O)OCCCCCCCC/C=C\CC(CCCCCC)OC(=O)CC/C=C\CCCCCC)CCCCCC,JW_2024,JW_2024,2
-6.5819645,0.971970607,CCCCCC/C=C\CCC(=O)OC(C/C=C\CCCCCCCCOC(=O)CCN(CCCN(CC)CC)CCC(=O)OCCCCCCCC/C=C\CC(CCCCCC)OC(=O)CC/C=C\CCCCCC)CCCCCC,JW_2024,JW_2024,1
-5.332133,0.594185879,CCCCCC/C=C\CCC(=O)OC(C/C=C\CCCCCCCCOC(=O)CCN(CCCN(CC)CC)CCC(=O)OCCCCCCCC/C=C\CC(CCCCCC)OC(=O)CC/C=C\CCCCCC)CCCCCC,JW_2024,JW_2024,1
-4.935326,0.594185879,CCCCCC/C=C\CCC(=O)OC(C/C=C\CCCCCCCCOC(=O)CCN(CCCN(CC)CC)CCC(=O)OCCCCCCCC/C=C\CC(CCCCCC)OC(=O)CC/C=C\CCCCCC)CCCCCC,JW_2024,JW_2024,1
-7.437316,0.998955231,CCCCCC/C=C\CCC(=O)OC(C/C=C\CCCCCCCCOC(=O)CCN(CCCN(CC)CC)CCC(=O)OCCCCCCCC/C=C\CC(CCCCCC)OC(=O)CC/C=C\CCCCCC)CCCCCC,JW_2024,JW_2024,1
-5.4390225,0.306349896,CCCCCCCCCCCC(=O)OC(C/C=C\CCCCCCCCOC(=O)CCN(CCCN(CC)CC)CCC(=O)OCCCCCCCC/C=C\CC(CCCCCC)OC(=O)CCCCCCCCCCC)CCCCCC,JW_2024,JW_2024,1
-5.0950212,0.324339645,CCCCCCCCCCCC(=O)OC(C/C=C\CCCCCCCCOC(=O)CCN(CCCN(CC)CC)CCC(=O)OCCCCCCCC/C=C\CC(CCCCCC)OC(=O)CCCCCCCCCCC)CCCCCC,JW_2024,JW_2024,1
-7.4047346,0.441273013,CCCCCCCCCCCC(=O)OC(C/C=C\CCCCCCCCOC(=O)CCN(CCCN(CC)CC)CCC(=O)OCCCCCCCC/C=C\CC(CCCCCC)OC(=O)CCCCCCCCCCC)CCCCCC,JW_2024,JW_2024,1
-5.8776155,0.49524226,CCCCCCCCCCCC(=O)OC(C/C=C\CCCCCCCCOC(=O)CCN(CCCN(CC)CC)CCC(=O)OCCCCCCCC/C=C\CC(CCCCCC)OC(=O)CCCCCCCCCCC)CCCCCC,JW_2024,JW_2024,1
-6.8315387,0.432278139,CCCCCCCCCCCC(=O)OC(C/C=C\CCCCCCCCOC(=O)CCN(CCCN(CC)CC)CCC(=O)OCCCCCCCC/C=C\CC(CCCCCC)OC(=O)CCCCCCCCCCC)CCCCCC,JW_2024,JW_2024,1
-6.2753024,-0.665096546,CCCCCCCCCCCC(=O)OC(C/C=C\CCCCCCCCOC(=O)CCN(CCCN(CC)CC)CCC(=O)OCCCCCCCC/C=C\CC(CCCCCC)OC(=O)CCCCCCCCCCC)CCCCCC,JW_2024,JW_2024,0
-7.2272644,0.477252511,CCCCCCCCCCCC(=O)OC(C/C=C\CCCCCCCCOC(=O)CCN(CCCN(CC)CC)CCC(=O)OCCCCCCCC/C=C\CC(CCCCCC)OC(=O)CCCCCCCCCCC)CCCCCC,JW_2024,JW_2024,1
-7.4206266,-0.242337446,CCCCCCCCCCCC(=O)OC(C/C=C\CCCCCCCCOC(=O)CCN(CCCN(CC)CC)CCC(=O)OCCCCCCCC/C=C\CC(CCCCCC)OC(=O)CCCCCCCCCCC)CCCCCC,JW_2024,JW_2024,0
-6.10197,1.25980659,CCCCCCCCCCCC(=O)OC(C/C=C\CCCCCCCCOC(=O)CCN(CCCN(CC)CC)CCC(=O)OCCCCCCCC/C=C\CC(CCCCCC)OC(=O)CCCCCCCCCCC)CCCCCC,JW_2024,JW_2024,1
-7.2711473,0.594185879,CCCCCCCCCCCC(=O)OC(C/C=C\CCCCCCCCOC(=O)CCN(CCCN(CC)CC)CCC(=O)OCCCCCCCC/C=C\CC(CCCCCC)OC(=O)CCCCCCCCCCC)CCCCCC,JW_2024,JW_2024,1
-5.9709525,1.511663075,CCCCCCCCCCCC(=O)OC(C/C=C\CCCCCCCCOC(=O)CCN(CCCN(CC)CC)CCC(=O)OCCCCCCCC/C=C\CC(CCCCCC)OC(=O)CCCCCCCCCCC)CCCCCC,JW_2024,JW_2024,2
-6.3217196,0.666144875,CCCCCCCCCCCC(=O)OC(C/C=C\CCCCCCCCOC(=O)CCN(CCCN(CC)CC)CCC(=O)OCCCCCCCC/C=C\CC(CCCCCC)OC(=O)CCCCCCCCCCC)CCCCCC,JW_2024,JW_2024,1
-7.212359,0.099467784,CCCCCCCCCCCC(=O)OC(C/C=C\CCCCCCCCOC(=O)CCN(CCCN(CC)CC)CCC(=O)OCCCCCCCC/C=C\CC(CCCCCC)OC(=O)CCCCCCCCCCC)CCCCCC,JW_2024,JW_2024,1
-6.845551,1.17885272,CCCCCCCCCCCC(=O)OC(C/C=C\CCCCCCCCOC(=O)CCN(CCCN(CC)CC)CCC(=O)OCCCCCCCC/C=C\CC(CCCCCC)OC(=O)CCCCCCCCCCC)CCCCCC,JW_2024,JW_2024,1
-6.4993315,1.079909101,CCCCCCCCCCCC(=O)OC(C/C=C\CCCCCCCCOC(=O)CCN(CCCN(CC)CC)CCC(=O)OCCCCCCCC/C=C\CC(CCCCCC)OC(=O)CCCCCCCCCCC)CCCCCC,JW_2024,JW_2024,1
-6.5241075,-0.062439957,CCCCCCCCCCCC(=O)OC(C/C=C\CCCCCCCCOC(=O)CCN(CCCN(CC)CC)CCC(=O)OCCCCCCCC/C=C\CC(CCCCCC)OC(=O)CCCCCCCCCCC)CCCCCC,JW_2024,JW_2024,0
-7.570174,-0.620122174,CCCCCCCCCCCC(=O)OC(C/C=C\CCCCCCCCOC(=O)CCN(CCCN(CC)CC)CCC(=O)OCCCCCCCC/C=C\CC(CCCCCC)OC(=O)CCCCCCCCCCC)CCCCCC,JW_2024,JW_2024,0
-6.6329236,0.980965482,CCCCCCCCCCCC(=O)OC(C/C=C\CCCCCCCCOC(=O)CCN(CCCN(CC)CC)CCC(=O)OCCCCCCCC/C=C\CC(CCCCCC)OC(=O)CCCCCCCCCCC)CCCCCC,JW_2024,JW_2024,1
-7.597392,1.007950105,CCCCCCCCCCCC(=O)OC(C/C=C\CCCCCCCCOC(=O)CCN(CCCN(CC)CC)CCC(=O)OCCCCCCCC/C=C\CC(CCCCCC)OC(=O)CCCCCCCCCCC)CCCCCC,JW_2024,JW_2024,1
-6.321152,1.934422175,CCCCCCCCCCCC(=O)OC(C/C=C\CCCCCCCCOC(=O)CCN(CCCN(CC)CC)CCC(=O)OCCCCCCCC/C=C\CC(CCCCCC)OC(=O)CCCCCCCCCCC)CCCCCC,JW_2024,JW_2024,2
-6.4415455,2.006381171,CCCCCCCCCCCC(=O)OC(C/C=C\CCCCCCCCOC(=O)CCN(CCCN(CC)CC)CCC(=O)OCCCCCCCC/C=C\CC(CCCCCC)OC(=O)CCCCCCCCCCC)CCCCCC,JW_2024,JW_2024,3
-5.446319,0.324339645,CCCCCCCCCCCC(=O)OC(C/C=C\CCCCCCCCOC(=O)CCN(CCCN(CC)CC)CCC(=O)OCCCCCCCC/C=C\CC(CCCCCC)OC(=O)CCCCCCCCCCC)CCCCCC,JW_2024,JW_2024,1
-7.1088967,1.016944979,CCCCCCCCCCCC(=O)OC(C/C=C\CCCCCCCCOC(=O)CCN(CCCN(CC)CC)CCC(=O)OCCCCCCCC/C=C\CC(CCCCCC)OC(=O)CCCCCCCCCCC)CCCCCC,JW_2024,JW_2024,1
-3.12456,-0.701076044,CCCCCCCCCCCCCCCCCC(=O)OC(C/C=C\CCCCCCCCOC(=O)CCN(CCCN(CC)CC)CCC(=O)OCCCCCCCC/C=C\CC(CCCCCC)OC(=O)CCCCCCCCCCCCCCCCC)CCCCCC,JW_2024,JW_2024,0
-2.0592976,-0.782029914,CCCCCCCCCCCCCCCCCC(=O)OC(C/C=C\CCCCCCCCOC(=O)CCN(CCCN(CC)CC)CCC(=O)OCCCCCCCC/C=C\CC(CCCCCC)OC(=O)CCCCCCCCCCCCCCCCC)CCCCCC,JW_2024,JW_2024,0
-2.8301973,-0.107414329,CCCCCCCCCCCCCCCCCC(=O)OC(C/C=C\CCCCCCCCOC(=O)CCN(CCCN(CC)CC)CCC(=O)OCCCCCCCC/C=C\CC(CCCCCC)OC(=O)CCCCCCCCCCCCCCCCC)CCCCCC,JW_2024,JW_2024,0
-3.12456,-1.186799266,CCCCCCCCCCCCCCCCCC(=O)OC(C/C=C\CCCCCCCCOC(=O)CCN(CCCN(CC)CC)CCC(=O)OCCCCCCCC/C=C\CC(CCCCCC)OC(=O)CCCCCCCCCCCCCCCCC)CCCCCC,JW_2024,JW_2024,0
-4.618286,-0.548163178,CCCCCCCCCCCCCCCCCC(=O)OC(C/C=C\CCCCCCCCOC(=O)CCN(CCCN(CC)CC)CCC(=O)OCCCCCCCC/C=C\CC(CCCCCC)OC(=O)CCCCCCCCCCCCCCCCC)CCCCCC,JW_2024,JW_2024,0
-2.9455643,-0.161383576,CCCCCCCCCCCCCCCCCC(=O)OC(C/C=C\CCCCCCCCOC(=O)CCN(CCCN(CC)CC)CCC(=O)OCCCCCCCC/C=C\CC(CCCCCC)OC(=O)CCCCCCCCCCCCCCCCC)CCCCCC,JW_2024,JW_2024,0
-5.319708,-0.341281065,CCCCCCCCCCCCCCCCCC(=O)OC(C/C=C\CCCCCCCCOC(=O)CCN(CCCN(CC)CC)CCC(=O)OCCCCCCCC/C=C\CC(CCCCCC)OC(=O)CCCCCCCCCCCCCCCCC)CCCCCC,JW_2024,JW_2024,0
-5.004237,-1.078860772,CCCCCCCCCCCCCCCCCC(=O)OC(C/C=C\CCCCCCCCOC(=O)CCN(CCCN(CC)CC)CCC(=O)OCCCCCCCC/C=C\CC(CCCCCC)OC(=O)CCCCCCCCCCCCCCCCC)CCCCCC,JW_2024,JW_2024,0
-2.8930557,1.34076046,CCCCCCCCCCCCCCCCCC(=O)OC(C/C=C\CCCCCCCCOC(=O)CCN(CCCN(CC)CC)CCC(=O)OCCCCCCCC/C=C\CC(CCCCCC)OC(=O)CCCCCCCCCCCCCCCCC)CCCCCC,JW_2024,JW_2024,2
-4.555105,0.720114122,CCCCCCCCCCCCCCCCCC(=O)OC(C/C=C\CCCCCCCCOC(=O)CCN(CCCN(CC)CC)CCC(=O)OCCCCCCCC/C=C\CC(CCCCCC)OC(=O)CCCCCCCCCCCCCCCCC)CCCCCC,JW_2024,JW_2024,1
-2.5064464,1.52065795,CCCCCCCCCCCCCCCCCC(=O)OC(C/C=C\CCCCCCCCOC(=O)CCN(CCCN(CC)CC)CCC(=O)OCCCCCCCC/C=C\CC(CCCCCC)OC(=O)CCCCCCCCCCCCCCCCC)CCCCCC,JW_2024,JW_2024,2
-3.5511868,0.288360147,CCCCCCCCCCCCCCCCCC(=O)OC(C/C=C\CCCCCCCCOC(=O)CCN(CCCN(CC)CC)CCC(=O)OCCCCCCCC/C=C\CC(CCCCCC)OC(=O)CCCCCCCCCCCCCCCCC)CCCCCC,JW_2024,JW_2024,1
-4.3514466,-0.251332321,CCCCCCCCCCCCCCCCCC(=O)OC(C/C=C\CCCCCCCCOC(=O)CCN(CCCN(CC)CC)CCC(=O)OCCCCCCCC/C=C\CC(CCCCCC)OC(=O)CCCCCCCCCCCCCCCCC)CCCCCC,JW_2024,JW_2024,0
-4.9275384,1.124883473,CCCCCCCCCCCCCCCCCC(=O)OC(C/C=C\CCCCCCCCOC(=O)CCN(CCCN(CC)CC)CCC(=O)OCCCCCCCC/C=C\CC(CCCCCC)OC(=O)CCCCCCCCCCCCCCCCC)CCCCCC,JW_2024,JW_2024,1
-3.796831,1.547642573,CCCCCCCCCCCCCCCCCC(=O)OC(C/C=C\CCCCCCCCOC(=O)CCN(CCCN(CC)CC)CCC(=O)OCCCCCCCC/C=C\CC(CCCCCC)OC(=O)CCCCCCCCCCCCCCCCC)CCCCCC,JW_2024,JW_2024,2
-4.319817,-0.359270814,CCCCCCCCCCCCCCCCCC(=O)OC(C/C=C\CCCCCCCCOC(=O)CCN(CCCN(CC)CC)CCC(=O)OCCCCCCCC/C=C\CC(CCCCCC)OC(=O)CCCCCCCCCCCCCCCCC)CCCCCC,JW_2024,JW_2024,0
-5.0534215,0.081478035,CCCCCCCCCCCCCCCCCC(=O)OC(C/C=C\CCCCCCCCOC(=O)CCN(CCCN(CC)CC)CCC(=O)OCCCCCCCC/C=C\CC(CCCCCC)OC(=O)CCCCCCCCCCCCCCCCC)CCCCCC,JW_2024,JW_2024,1
-4.6941195,0.765088494,CCCCCCCCCCCCCCCCCC(=O)OC(C/C=C\CCCCCCCCOC(=O)CCN(CCCN(CC)CC)CCC(=O)OCCCCCCCC/C=C\CC(CCCCCC)OC(=O)CCCCCCCCCCCCCCCCC)CCCCCC,JW_2024,JW_2024,1
-5.5450916,1.088903975,CCCCCCCCCCCCCCCCCC(=O)OC(C/C=C\CCCCCCCCOC(=O)CCN(CCCN(CC)CC)CCC(=O)OCCCCCCCC/C=C\CC(CCCCCC)OC(=O)CCCCCCCCCCCCCCCCC)CCCCCC,JW_2024,JW_2024,1
-4.1642723,1.907437552,CCCCCCCCCCCCCCCCCC(=O)OC(C/C=C\CCCCCCCCOC(=O)CCN(CCCN(CC)CC)CCC(=O)OCCCCCCCC/C=C\CC(CCCCCC)OC(=O)CCCCCCCCCCCCCCCCC)CCCCCC,JW_2024,JW_2024,2
-5.057319,0.41428839,CCCCCCCCCCCCCCCCCC(=O)OC(C/C=C\CCCCCCCCOC(=O)CCN(CCCN(CC)CC)CCC(=O)OCCCCCCCC/C=C\CC(CCCCCC)OC(=O)CCCCCCCCCCCCCCCCC)CCCCCC,JW_2024,JW_2024,1
-3.204112,1.709550314,CCCCCCCCCCCCCCCCCC(=O)OC(C/C=C\CCCCCCCCOC(=O)CCN(CCCN(CC)CC)CCC(=O)OCCCCCCCC/C=C\CC(CCCCCC)OC(=O)CCCCCCCCCCCCCCCCC)CCCCCC,JW_2024,JW_2024,2
-3.4478724,0.261375524,CCCCCCCCCCCCCCCCCC(=O)OC(C/C=C\CCCCCCCCOC(=O)CCN(CCCN(CC)CC)CCC(=O)OCCCCCCCC/C=C\CC(CCCCCC)OC(=O)CCCCCCCCCCCCCCCCC)CCCCCC,JW_2024,JW_2024,1
-5.4659033,0.702124373,CCCCCCCCCCCCCCCCCC(=O)OC(C/C=C\CCCCCCCCOC(=O)CCN(CCCN(CC)CC)CCC(=O)OCCCCCCCC/C=C\CC(CCCCCC)OC(=O)CCCCCCCCCCCCCCCCC)CCCCCC,JW_2024,JW_2024,1
-9.728148,-1.735486608,CCCCCC/C=C\CCC(=O)OC(C/C=C\CCCCCCCCOC(=O)CCN(CCCn1ccnc1)CCC(=O)OCCCCCCCC/C=C\CC(CCCCCC)OC(=O)CC/C=C\CCCCCC)CCCCCC,JW_2024,JW_2024,0
-10.262295,-1.429660876,CCCCCC/C=C\CCC(=O)OC(C/C=C\CCCCCCCCOC(=O)CCN(CCCn1ccnc1)CCC(=O)OCCCCCCCC/C=C\CC(CCCCCC)OC(=O)CC/C=C\CCCCCC)CCCCCC,JW_2024,JW_2024,0
-12.710457,-1.483630123,CCCCCC/C=C\CCC(=O)OC(C/C=C\CCCCCCCCOC(=O)CCN(CCCn1ccnc1)CCC(=O)OCCCCCCCC/C=C\CC(CCCCCC)OC(=O)CC/C=C\CCCCCC)CCCCCC,JW_2024,JW_2024,0
-9.348189,-1.681517361,CCCCCC/C=C\CCC(=O)OC(C/C=C\CCCCCCCCOC(=O)CCN(CCCn1ccnc1)CCC(=O)OCCCCCCCC/C=C\CC(CCCCCC)OC(=O)CC/C=C\CCCCCC)CCCCCC,JW_2024,JW_2024,0
-9.698641,-1.501619872,CCCCCC/C=C\CCC(=O)OC(C/C=C\CCCCCCCCOC(=O)CCN(CCCn1ccnc1)CCC(=O)OCCCCCCCC/C=C\CC(CCCCCC)OC(=O)CC/C=C\CCCCCC)CCCCCC,JW_2024,JW_2024,0
-11.92713,-2.589999683,CCCCCC/C=C\CCC(=O)OC(C/C=C\CCCCCCCCOC(=O)CCN(CCCn1ccnc1)CCC(=O)OCCCCCCCC/C=C\CC(CCCCCC)OC(=O)CC/C=C\CCCCCC)CCCCCC,JW_2024,JW_2024,0
-11.683581,-0.997906902,CCCCCC/C=C\CCC(=O)OC(C/C=C\CCCCCCCCOC(=O)CCN(CCCn1ccnc1)CCC(=O)OCCCCCCCC/C=C\CC(CCCCCC)OC(=O)CC/C=C\CCCCCC)CCCCCC,JW_2024,JW_2024,0
-10.777512,-1.933373846,CCCCCC/C=C\CCC(=O)OC(C/C=C\CCCCCCCCOC(=O)CCN(CCCn1ccnc1)CCC(=O)OCCCCCCCC/C=C\CC(CCCCCC)OC(=O)CC/C=C\CCCCCC)CCCCCC,JW_2024,JW_2024,0
-10.158614,-0.656101672,CCCCCC/C=C\CCC(=O)OC(C/C=C\CCCCCCCCOC(=O)CCN(CCCn1ccnc1)CCC(=O)OCCCCCCCC/C=C\CC(CCCCCC)OC(=O)CC/C=C\CCCCCC)CCCCCC,JW_2024,JW_2024,0
-11.12556,-1.35770188,CCCCCC/C=C\CCC(=O)OC(C/C=C\CCCCCCCCOC(=O)CCN(CCCn1ccnc1)CCC(=O)OCCCCCCCC/C=C\CC(CCCCCC)OC(=O)CC/C=C\CCCCCC)CCCCCC,JW_2024,JW_2024,0
-11.526464,-0.26932207,CCCCCC/C=C\CCC(=O)OC(C/C=C\CCCCCCCCOC(=O)CCN(CCCn1ccnc1)CCC(=O)OCCCCCCCC/C=C\CC(CCCCCC)OC(=O)CC/C=C\CCCCCC)CCCCCC,JW_2024,JW_2024,0
-9.825716,-1.573578868,CCCCCC/C=C\CCC(=O)OC(C/C=C\CCCCCCCCOC(=O)CCN(CCCn1ccnc1)CCC(=O)OCCCCCCCC/C=C\CC(CCCCCC)OC(=O)CC/C=C\CCCCCC)CCCCCC,JW_2024,JW_2024,0
-11.010823,-1.294737759,CCCCCC/C=C\CCC(=O)OC(C/C=C\CCCCCCCCOC(=O)CCN(CCCn1ccnc1)CCC(=O)OCCCCCCCC/C=C\CC(CCCCCC)OC(=O)CC/C=C\CCCCCC)CCCCCC,JW_2024,JW_2024,0
-12.539328,-1.303732634,CCCCCC/C=C\CCC(=O)OC(C/C=C\CCCCCCCCOC(=O)CCN(CCCn1ccnc1)CCC(=O)OCCCCCCCC/C=C\CC(CCCCCC)OC(=O)CC/C=C\CCCCCC)CCCCCC,JW_2024,JW_2024,0
-10.30921,-1.465640374,CCCCCCCCCCCC(=O)OC(C/C=C\CCCCCCCCOC(=O)CCN(CCCn1ccnc1)CCC(=O)OCCCCCCCC/C=C\CC(CCCCCC)OC(=O)CCCCCCCCCCC)CCCCCC,JW_2024,JW_2024,0
-9.757387,-0.916953031,CCCCCCCCCCCC(=O)OC(C/C=C\CCCCCCCCOC(=O)CCN(CCCn1ccnc1)CCC(=O)OCCCCCCCC/C=C\CC(CCCCCC)OC(=O)CCCCCCCCCCC)CCCCCC,JW_2024,JW_2024,0
-13.908779,-1.168809517,CCCCCCCCCCCC(=O)OC(C/C=C\CCCCCCCCOC(=O)CCN(CCCn1ccnc1)CCC(=O)OCCCCCCCC/C=C\CC(CCCCCC)OC(=O)CCCCCCCCCCC)CCCCCC,JW_2024,JW_2024,0
-10.312566,-0.979917153,CCCCCCCCCCCC(=O)OC(C/C=C\CCCCCCCCOC(=O)CCN(CCCn1ccnc1)CCC(=O)OCCCCCCCC/C=C\CC(CCCCCC)OC(=O)CCCCCCCCCCC)CCCCCC,JW_2024,JW_2024,0
-10.5984955,-1.582573742,CCCCCCCCCCCC(=O)OC(C/C=C\CCCCCCCCOC(=O)CCN(CCCn1ccnc1)CCC(=O)OCCCCCCCC/C=C\CC(CCCCCC)OC(=O)CCCCCCCCCCC)CCCCCC,JW_2024,JW_2024,0
-12.791634,-1.762471232,CCCCCCCCCCCC(=O)OC(C/C=C\CCCCCCCCOC(=O)CCN(CCCn1ccnc1)CCC(=O)OCCCCCCCC/C=C\CC(CCCCCC)OC(=O)CCCCCCCCCCC)CCCCCC,JW_2024,JW_2024,0
-13.424592,-0.485199057,CCCCCCCCCCCC(=O)OC(C/C=C\CCCCCCCCOC(=O)CCN(CCCn1ccnc1)CCC(=O)OCCCCCCCC/C=C\CC(CCCCCC)OC(=O)CCCCCCCCCCC)CCCCCC,JW_2024,JW_2024,0
-10.897709,-0.395250312,CCCCCCCCCCCC(=O)OC(C/C=C\CCCCCCCCOC(=O)CCN(CCCn1ccnc1)CCC(=O)OCCCCCCCC/C=C\CC(CCCCCC)OC(=O)CCCCCCCCCCC)CCCCCC,JW_2024,JW_2024,0
-9.542635,0.522226884,CCCCCCCCCCCC(=O)OC(C/C=C\CCCCCCCCOC(=O)CCN(CCCn1ccnc1)CCC(=O)OCCCCCCCC/C=C\CC(CCCCCC)OC(=O)CCCCCCCCCCC)CCCCCC,JW_2024,JW_2024,1
-10.452639,-1.069865897,CCCCCCCCCCCC(=O)OC(C/C=C\CCCCCCCCOC(=O)CCN(CCCn1ccnc1)CCC(=O)OCCCCCCCC/C=C\CC(CCCCCC)OC(=O)CCCCCCCCCCC)CCCCCC,JW_2024,JW_2024,0
-12.581167,0.711119248,CCCCCCCCCCCC(=O)OC(C/C=C\CCCCCCCCOC(=O)CCN(CCCn1ccnc1)CCC(=O)OCCCCCCCC/C=C\CC(CCCCCC)OC(=O)CCCCCCCCCCC)CCCCCC,JW_2024,JW_2024,1
-9.866811,-0.871978659,CCCCCCCCCCCC(=O)OC(C/C=C\CCCCCCCCOC(=O)CCN(CCCn1ccnc1)CCC(=O)OCCCCCCCC/C=C\CC(CCCCCC)OC(=O)CCCCCCCCCCC)CCCCCC,JW_2024,JW_2024,0
-10.633393,-1.465640374,CCCCCCCCCCCC(=O)OC(C/C=C\CCCCCCCCOC(=O)CCN(CCCn1ccnc1)CCC(=O)OCCCCCCCC/C=C\CC(CCCCCC)OC(=O)CCCCCCCCCCC)CCCCCC,JW_2024,JW_2024,0
-13.492305,0.207406277,CCCCCCCCCCCC(=O)OC(C/C=C\CCCCCCCCOC(=O)CCN(CCCn1ccnc1)CCC(=O)OCCCCCCCC/C=C\CC(CCCCCC)OC(=O)CCCCCCCCCCC)CCCCCC,JW_2024,JW_2024,1
-9.769626,-1.564583993,CCCCCCCCCCCCCCCCCC(=O)OC(C/C=C\CCCCCCCCOC(=O)CCN(CCCn1ccnc1)CCC(=O)OCCCCCCCC/C=C\CC(CCCCCC)OC(=O)CCCCCCCCCCCCCCCCC)CCCCCC,JW_2024,JW_2024,0
-9.481771,0.090472909,CCCCCCCCCCCCCCCCCC(=O)OC(C/C=C\CCCCCCCCOC(=O)CCN(CCCn1ccnc1)CCC(=O)OCCCCCCCC/C=C\CC(CCCCCC)OC(=O)CCCCCCCCCCCCCCCCC)CCCCCC,JW_2024,JW_2024,1
-11.665374,-0.215352823,CCCCCCCCCCCCCCCCCC(=O)OC(C/C=C\CCCCCCCCOC(=O)CCN(CCCn1ccnc1)CCC(=O)OCCCCCCCC/C=C\CC(CCCCCC)OC(=O)CCCCCCCCCCCCCCCCC)CCCCCC,JW_2024,JW_2024,0
-9.769626,-0.943937655,CCCCCCCCCCCCCCCCCC(=O)OC(C/C=C\CCCCCCCCOC(=O)CCN(CCCn1ccnc1)CCC(=O)OCCCCCCCC/C=C\CC(CCCCCC)OC(=O)CCCCCCCCCCCCCCCCC)CCCCCC,JW_2024,JW_2024,0
-9.956201,-1.726491734,CCCCCCCCCCCCCCCCCC(=O)OC(C/C=C\CCCCCCCCOC(=O)CCN(CCCn1ccnc1)CCC(=O)OCCCCCCCC/C=C\CC(CCCCCC)OC(=O)CCCCCCCCCCCCCCCCC)CCCCCC,JW_2024,JW_2024,0
-12.1974945,-1.528604495,CCCCCCCCCCCCCCCCCC(=O)OC(C/C=C\CCCCCCCCOC(=O)CCN(CCCn1ccnc1)CCC(=O)OCCCCCCCC/C=C\CC(CCCCCC)OC(=O)CCCCCCCCCCCCCCCCC)CCCCCC,JW_2024,JW_2024,0
-13.937059,-0.341281065,CCCCCCCCCCCCCCCCCC(=O)OC(C/C=C\CCCCCCCCOC(=O)CCN(CCCn1ccnc1)CCC(=O)OCCCCCCCC/C=C\CC(CCCCCC)OC(=O)CCCCCCCCCCCCCCCCC)CCCCCC,JW_2024,JW_2024,0
-10.732046,-0.053445082,CCCCCCCCCCCCCCCCCC(=O)OC(C/C=C\CCCCCCCCOC(=O)CCN(CCCn1ccnc1)CCC(=O)OCCCCCCCC/C=C\CC(CCCCCC)OC(=O)CCCCCCCCCCCCCCCCC)CCCCCC,JW_2024,JW_2024,0
-9.29387,0.531221758,CCCCCCCCCCCCCCCCCC(=O)OC(C/C=C\CCCCCCCCOC(=O)CCN(CCCn1ccnc1)CCC(=O)OCCCCCCCC/C=C\CC(CCCCCC)OC(=O)CCCCCCCCCCCCCCCCC)CCCCCC,JW_2024,JW_2024,1
-10.831014,-0.701076044,CCCCCCCCCCCCCCCCCC(=O)OC(C/C=C\CCCCCCCCOC(=O)CCN(CCCn1ccnc1)CCC(=O)OCCCCCCCC/C=C\CC(CCCCCC)OC(=O)CCCCCCCCCCCCCCCCC)CCCCCC,JW_2024,JW_2024,0
-10.967968,0.621170503,CCCCCCCCCCCCCCCCCC(=O)OC(C/C=C\CCCCCCCCOC(=O)CCN(CCCn1ccnc1)CCC(=O)OCCCCCCCC/C=C\CC(CCCCCC)OC(=O)CCCCCCCCCCCCCCCCC)CCCCCC,JW_2024,JW_2024,1
-9.993157,-0.943937655,CCCCCCCCCCCCCCCCCC(=O)OC(C/C=C\CCCCCCCCOC(=O)CCN(CCCn1ccnc1)CCC(=O)OCCCCCCCC/C=C\CC(CCCCCC)OC(=O)CCCCCCCCCCCCCCCCC)CCCCCC,JW_2024,JW_2024,0
-10.6832285,-1.060871023,CCCCCCCCCCCCCCCCCC(=O)OC(C/C=C\CCCCCCCCOC(=O)CCN(CCCn1ccnc1)CCC(=O)OCCCCCCCC/C=C\CC(CCCCCC)OC(=O)CCCCCCCCCCCCCCCCC)CCCCCC,JW_2024,JW_2024,0
-14.5461645,-0.395250312,CCCCCCCCCCCCCCCCCC(=O)OC(C/C=C\CCCCCCCCOC(=O)CCN(CCCn1ccnc1)CCC(=O)OCCCCCCCC/C=C\CC(CCCCCC)OC(=O)CCCCCCCCCCCCCCCCC)CCCCCC,JW_2024,JW_2024,0
-9.092585,-1.411671127,CCCCCCCC/C=C\CCCCCCCC(=O)OC(C/C=C\CCCCCCCCOC(=O)CCN(CCCn1ccnc1)CCC(=O)OCCCCCCCC/C=C\CC(CCCCCC)OC(=O)CCCCCCC/C=C\CCCCCCCC)CCCCCC,JW_2024,JW_2024,0
-8.594923,-0.683086295,CCCCCCCC/C=C\CCCCCCCC(=O)OC(C/C=C\CCCCCCCCOC(=O)CCN(CCCn1ccnc1)CCC(=O)OCCCCCCCC/C=C\CC(CCCCCC)OC(=O)CCCCCCC/C=C\CCCCCCCC)CCCCCC,JW_2024,JW_2024,0
-11.050709,-0.395250312,CCCCCCCC/C=C\CCCCCCCC(=O)OC(C/C=C\CCCCCCCCOC(=O)CCN(CCCn1ccnc1)CCC(=O)OCCCCCCCC/C=C\CC(CCCCCC)OC(=O)CCCCCCC/C=C\CCCCCCCC)CCCCCC,JW_2024,JW_2024,0
-9.092585,-1.35770188,CCCCCCCC/C=C\CCCCCCCC(=O)OC(C/C=C\CCCCCCCCOC(=O)CCN(CCCn1ccnc1)CCC(=O)OCCCCCCCC/C=C\CC(CCCCCC)OC(=O)CCCCCCC/C=C\CCCCCCCC)CCCCCC,JW_2024,JW_2024,0
-9.800147,-1.384686504,CCCCCCCC/C=C\CCCCCCCC(=O)OC(C/C=C\CCCCCCCCOC(=O)CCN(CCCn1ccnc1)CCC(=O)OCCCCCCCC/C=C\CC(CCCCCC)OC(=O)CCCCCCC/C=C\CCCCCCCC)CCCCCC,JW_2024,JW_2024,0
-11.315496,-2.059302089,CCCCCCCC/C=C\CCCCCCCC(=O)OC(C/C=C\CCCCCCCCOC(=O)CCN(CCCn1ccnc1)CCC(=O)OCCCCCCCC/C=C\CC(CCCCCC)OC(=O)CCCCCCC/C=C\CCCCCCCC)CCCCCC,JW_2024,JW_2024,0
-12.862207,-0.871978659,CCCCCCCC/C=C\CCCCCCCC(=O)OC(C/C=C\CCCCCCCCOC(=O)CCN(CCCn1ccnc1)CCC(=O)OCCCCCCCC/C=C\CC(CCCCCC)OC(=O)CCCCCCC/C=C\CCCCCCCC)CCCCCC,JW_2024,JW_2024,0
-10.671705,-1.015896651,CCCCCCCC/C=C\CCCCCCCC(=O)OC(C/C=C\CCCCCCCCOC(=O)CCN(CCCn1ccnc1)CCC(=O)OCCCCCCCC/C=C\CC(CCCCCC)OC(=O)CCCCCCC/C=C\CCCCCCCC)CCCCCC,JW_2024,JW_2024,0
-8.457925,0.369314018,CCCCCCCC/C=C\CCCCCCCC(=O)OC(C/C=C\CCCCCCCCOC(=O)CCN(CCCn1ccnc1)CCC(=O)OCCCCCCCC/C=C\CC(CCCCCC)OC(=O)CCCCCCC/C=C\CCCCCCCC)CCCCCC,JW_2024,JW_2024,1
-10.303028,-1.303732634,CCCCCCCC/C=C\CCCCCCCC(=O)OC(C/C=C\CCCCCCCCOC(=O)CCN(CCCn1ccnc1)CCC(=O)OCCCCCCCC/C=C\CC(CCCCCC)OC(=O)CCCCCCC/C=C\CCCCCCCC)CCCCCC,JW_2024,JW_2024,0
-10.335396,0.83704749,CCCCCCCC/C=C\CCCCCCCC(=O)OC(C/C=C\CCCCCCCCOC(=O)CCN(CCCn1ccnc1)CCC(=O)OCCCCCCCC/C=C\CC(CCCCCC)OC(=O)CCCCCCC/C=C\CCCCCCCC)CCCCCC,JW_2024,JW_2024,1
-9.69887,-1.015896651,CCCCCCCC/C=C\CCCCCCCC(=O)OC(C/C=C\CCCCCCCCOC(=O)CCN(CCCn1ccnc1)CCC(=O)OCCCCCCCC/C=C\CC(CCCCCC)OC(=O)CCCCCCC/C=C\CCCCCCCC)CCCCCC,JW_2024,JW_2024,0
-10.560498,-1.348707006,CCCCCCCC/C=C\CCCCCCCC(=O)OC(C/C=C\CCCCCCCCOC(=O)CCN(CCCn1ccnc1)CCC(=O)OCCCCCCCC/C=C\CC(CCCCCC)OC(=O)CCCCCCC/C=C\CCCCCCCC)CCCCCC,JW_2024,JW_2024,0
-13.154982,-0.467209308,CCCCCCCC/C=C\CCCCCCCC(=O)OC(C/C=C\CCCCCCCCOC(=O)CCN(CCCn1ccnc1)CCC(=O)OCCCCCCCC/C=C\CC(CCCCCC)OC(=O)CCCCCCC/C=C\CCCCCCCC)CCCCCC,JW_2024,JW_2024,0
-10.000113,-1.726491734,CCCCCCCC/C=C\CCCCCCCC(=O)OC(C/C=C\CCCCCCCCOC(=O)CCN(CCC(=O)OCCCCCCCC/C=C\CC(CCCCCC)OC(=O)CCCCCCC/C=C\CCCCCCCC)CCc1ccncc1)CCCCCC,JW_2024,JW_2024,0
-7.8795657,-0.476204182,CCCCCCCC/C=C\CCCCCCCC(=O)OC(C/C=C\CCCCCCCCOC(=O)CCN(CCC(=O)OCCCCCCCC/C=C\CC(CCCCCC)OC(=O)CCCCCCC/C=C\CCCCCCCC)CCc1ccncc1)CCCCCC,JW_2024,JW_2024,0
-10.431085,0.162431905,CCCCCCCC/C=C\CCCCCCCC(=O)OC(C/C=C\CCCCCCCCOC(=O)CCN(CCC(=O)OCCCCCCCC/C=C\CC(CCCCCC)OC(=O)CCCCCCC/C=C\CCCCCCCC)CCc1ccncc1)CCCCCC,JW_2024,JW_2024,1
-10.000113,-0.467209308,CCCCCCCC/C=C\CCCCCCCC(=O)OC(C/C=C\CCCCCCCCOC(=O)CCN(CCC(=O)OCCCCCCCC/C=C\CC(CCCCCC)OC(=O)CCCCCCC/C=C\CCCCCCCC)CCc1ccncc1)CCCCCC,JW_2024,JW_2024,0
-10.034214,-1.321722383,CCCCCCCC/C=C\CCCCCCCC(=O)OC(C/C=C\CCCCCCCCOC(=O)CCN(CCC(=O)OCCCCCCCC/C=C\CC(CCCCCC)OC(=O)CCCCCCC/C=C\CCCCCCCC)CCc1ccncc1)CCCCCC,JW_2024,JW_2024,0
-10.3811455,-1.519609621,CCCCCCCC/C=C\CCCCCCCC(=O)OC(C/C=C\CCCCCCCCOC(=O)CCN(CCC(=O)OCCCCCCCC/C=C\CC(CCCCCC)OC(=O)CCCCCCC/C=C\CCCCCCCC)CCc1ccncc1)CCCCCC,JW_2024,JW_2024,0
-13.145071,0.117457533,CCCCCCCC/C=C\CCCCCCCC(=O)OC(C/C=C\CCCCCCCCOC(=O)CCN(CCC(=O)OCCCCCCCC/C=C\CC(CCCCCC)OC(=O)CCCCCCC/C=C\CCCCCCCC)CCc1ccncc1)CCCCCC,JW_2024,JW_2024,1
-9.405856,-0.43122981,CCCCCCCC/C=C\CCCCCCCC(=O)OC(C/C=C\CCCCCCCCOC(=O)CCN(CCC(=O)OCCCCCCCC/C=C\CC(CCCCCC)OC(=O)CCCCCCC/C=C\CCCCCCCC)CCc1ccncc1)CCCCCC,JW_2024,JW_2024,0
-8.102426,0.594185879,CCCCCCCC/C=C\CCCCCCCC(=O)OC(C/C=C\CCCCCCCCOC(=O)CCN(CCC(=O)OCCCCCCCC/C=C\CC(CCCCCC)OC(=O)CCCCCCC/C=C\CCCCCCCC)CCc1ccncc1)CCCCCC,JW_2024,JW_2024,1
-9.223578,-1.258758261,CCCCCCCC/C=C\CCCCCCCC(=O)OC(C/C=C\CCCCCCCCOC(=O)CCN(CCC(=O)OCCCCCCCC/C=C\CC(CCCCCC)OC(=O)CCCCCCC/C=C\CCCCCCCC)CCc1ccncc1)CCCCCC,JW_2024,JW_2024,0
-10.088447,0.801067992,CCCCCCCC/C=C\CCCCCCCC(=O)OC(C/C=C\CCCCCCCCOC(=O)CCN(CCC(=O)OCCCCCCCC/C=C\CC(CCCCCC)OC(=O)CCCCCCC/C=C\CCCCCCCC)CCc1ccncc1)CCCCCC,JW_2024,JW_2024,1
-8.014116,-1.015896651,CCCCCCCC/C=C\CCCCCCCC(=O)OC(C/C=C\CCCCCCCCOC(=O)CCN(CCC(=O)OCCCCCCCC/C=C\CC(CCCCCC)OC(=O)CCCCCCC/C=C\CCCCCCCC)CCc1ccncc1)CCCCCC,JW_2024,JW_2024,0
-9.40272,-1.438655751,CCCCCCCC/C=C\CCCCCCCC(=O)OC(C/C=C\CCCCCCCCOC(=O)CCN(CCC(=O)OCCCCCCCC/C=C\CC(CCCCCC)OC(=O)CCCCCCC/C=C\CCCCCCCC)CCc1ccncc1)CCCCCC,JW_2024,JW_2024,0
-12.301061,-1.0338864,CCCCCCCC/C=C\CCCCCCCC(=O)OC(C/C=C\CCCCCCCCOC(=O)CCN(CCC(=O)OCCCCCCCC/C=C\CC(CCCCCC)OC(=O)CCCCCCC/C=C\CCCCCCCC)CCc1ccncc1)CCCCCC,JW_2024,JW_2024,0
-9.527454,-0.00847071,CCCCCCCC/C=C\CCCCCCCC(=O)OC(C/C=C\CCCCCCCCOC(=O)CCN(CCC(=O)OCCCCCCCC/C=C\CC(CCCCCC)OC(=O)CCCCCCC/C=C\CCCCCCCC)CCN1CCCC1)CCCCCC,JW_2024,JW_2024,0
-7.582497,-0.152388702,CCCCCCCC/C=C\CCCCCCCC(=O)OC(C/C=C\CCCCCCCCOC(=O)CCN(CCC(=O)OCCCCCCCC/C=C\CC(CCCCCC)OC(=O)CCCCCCC/C=C\CCCCCCCC)CCN1CCCC1)CCCCCC,JW_2024,JW_2024,0
-8.828203,0.558206382,CCCCCCCC/C=C\CCCCCCCC(=O)OC(C/C=C\CCCCCCCCOC(=O)CCN(CCC(=O)OCCCCCCCC/C=C\CC(CCCCCC)OC(=O)CCCCCCC/C=C\CCCCCCCC)CCN1CCCC1)CCCCCC,JW_2024,JW_2024,1
-9.701177,0.729108996,CCCCCCCC/C=C\CCCCCCCC(=O)OC(C/C=C\CCCCCCCCOC(=O)CCN(CCC(=O)OCCCCCCCC/C=C\CC(CCCCCC)OC(=O)CCCCCCC/C=C\CCCCCCCC)CCN1CCCC1)CCCCCC,JW_2024,JW_2024,1
-10.735309,-0.017465585,CCCCCCCC/C=C\CCCCCCCC(=O)OC(C/C=C\CCCCCCCCOC(=O)CCN(CCC(=O)OCCCCCCCC/C=C\CC(CCCCCC)OC(=O)CCCCCCC/C=C\CCCCCCCC)CCN1CCCC1)CCCCCC,JW_2024,JW_2024,0
-9.035517,-0.026460459,CCCCCCCC/C=C\CCCCCCCC(=O)OC(C/C=C\CCCCCCCCOC(=O)CCN(CCC(=O)OCCCCCCCC/C=C\CC(CCCCCC)OC(=O)CCCCCCC/C=C\CCCCCCCC)CCN1CCCC1)CCCCCC,JW_2024,JW_2024,0
-11.726124,1.547642573,CCCCCCCC/C=C\CCCCCCCC(=O)OC(C/C=C\CCCCCCCCOC(=O)CCN(CCC(=O)OCCCCCCCC/C=C\CC(CCCCCC)OC(=O)CCCCCCC/C=C\CCCCCCCC)CCN1CCCC1)CCCCCC,JW_2024,JW_2024,2
-9.986789,-0.952932529,CCCCCCCC/C=C\CCCCCCCC(=O)OC(C/C=C\CCCCCCCCOC(=O)CCN(CCC(=O)OCCCCCCCC/C=C\CC(CCCCCC)OC(=O)CCCCCCC/C=C\CCCCCCCC)CCN1CCCC1)CCCCCC,JW_2024,JW_2024,0
-7.6135683,1.376739958,CCCCCCCC/C=C\CCCCCCCC(=O)OC(C/C=C\CCCCCCCCOC(=O)CCN(CCC(=O)OCCCCCCCC/C=C\CC(CCCCCC)OC(=O)CCCCCCC/C=C\CCCCCCCC)CCN1CCCC1)CCCCCC,JW_2024,JW_2024,2
-9.647801,1.034934728,CCCCCCCC/C=C\CCCCCCCC(=O)OC(C/C=C\CCCCCCCCOC(=O)CCN(CCC(=O)OCCCCCCCC/C=C\CC(CCCCCC)OC(=O)CCCCCCC/C=C\CCCCCCCC)CCN1CCCC1)CCCCCC,JW_2024,JW_2024,1
-8.37647,1.142873222,CCCCCCCC/C=C\CCCCCCCC(=O)OC(C/C=C\CCCCCCCCOC(=O)CCN(CCC(=O)OCCCCCCCC/C=C\CC(CCCCCC)OC(=O)CCCCCCC/C=C\CCCCCCCC)CCN1CCCC1)CCCCCC,JW_2024,JW_2024,1
-8.7134285,-0.143393827,CCCCCCCC/C=C\CCCCCCCC(=O)OC(C/C=C\CCCCCCCCOC(=O)CCN(CCC(=O)OCCCCCCCC/C=C\CC(CCCCCC)OC(=O)CCCCCCC/C=C\CCCCCCCC)CCN1CCCC1)CCCCCC,JW_2024,JW_2024,0
-10.186097,-0.251332321,CCCCCCCC/C=C\CCCCCCCC(=O)OC(C/C=C\CCCCCCCCOC(=O)CCN(CCC(=O)OCCCCCCCC/C=C\CC(CCCCCC)OC(=O)CCCCCCC/C=C\CCCCCCCC)CCN1CCCC1)CCCCCC,JW_2024,JW_2024,0
-10.964116,0.657150001,CCCCCCCC/C=C\CCCCCCCC(=O)OC(C/C=C\CCCCCCCCOC(=O)CCN(CCC(=O)OCCCCCCCC/C=C\CC(CCCCCC)OC(=O)CCCCCCC/C=C\CCCCCCCC)CCN1CCCC1)CCCCCC,JW_2024,JW_2024,1
-9.715543,-0.341281065,CCCCCCCC/C=C\CCCCCCCC(=O)OC(C/C=C\CCCCCCCCOC(=O)CCN(CCC(=O)OCCCCCCCC/C=C\CC(CCCCCC)OC(=O)CCCCCCC/C=C\CCCCCCCC)CCN1CCCC1)CCCCCC,JW_2024,JW_2024,0
-10.3317585,-0.206357948,CCCCCCCC/C=C\CCCCCCCC(=O)OC(C/C=C\CCCCCCCCOC(=O)CCN(CCC(=O)OCCCCCCCC/C=C\CC(CCCCCC)OC(=O)CCCCCCC/C=C\CCCCCCCC)CCN1CCCC1)CCCCCC,JW_2024,JW_2024,0
-9.976743,0.909006486,CCCCCCCC/C=C\CCCCCCCC(=O)OC(C/C=C\CCCCCCCCOC(=O)CCN(CCC(=O)OCCCCCCCC/C=C\CC(CCCCCC)OC(=O)CCCCCCC/C=C\CCCCCCCC)CCN1CCCC1)CCCCCC,JW_2024,JW_2024,1
-10.063439,1.151868096,CCCCCCCC/C=C\CCCCCCCC(=O)OC(C/C=C\CCCCCCCCOC(=O)CCN(CCC(=O)OCCCCCCCC/C=C\CC(CCCCCC)OC(=O)CCCCCCC/C=C\CCCCCCCC)CCN1CCCC1)CCCCCC,JW_2024,JW_2024,1
-11.238328,1.439704079,CCCCCCCC/C=C\CCCCCCCC(=O)OC(C/C=C\CCCCCCCCOC(=O)CCN(CCC(=O)OCCCCCCCC/C=C\CC(CCCCCC)OC(=O)CCCCCCC/C=C\CCCCCCCC)CCN1CCCC1)CCCCCC,JW_2024,JW_2024,2
-9.9989,1.826483682,CCCCCCCC/C=C\CCCCCCCC(=O)OC(C/C=C\CCCCCCCCOC(=O)CCN(CCC(=O)OCCCCCCCC/C=C\CC(CCCCCC)OC(=O)CCCCCCC/C=C\CCCCCCCC)CCN1CCCC1)CCCCCC,JW_2024,JW_2024,2
-11.096132,0.324339645,CCCCCCCC/C=C\CCCCCCCC(=O)OC(C/C=C\CCCCCCCCOC(=O)CCN(CCC(=O)OCCCCCCCC/C=C\CC(CCCCCC)OC(=O)CCCCCCC/C=C\CCCCCCCC)CCN1CCCC1)CCCCCC,JW_2024,JW_2024,1
-9.6999445,0.962975733,CCCCCCCC/C=C\CCCCCCCC(=O)OC(C/C=C\CCCCCCCCOC(=O)CCN(CCC(=O)OCCCCCCCC/C=C\CC(CCCCCC)OC(=O)CCCCCCC/C=C\CCCCCCCC)CCN1CCCC1)CCCCCC,JW_2024,JW_2024,1
-9.938276,0.67513975,CCCCCCCC/C=C\CCCCCCCC(=O)OC(C/C=C\CCCCCCCCOC(=O)CCN(CCC(=O)OCCCCCCCC/C=C\CC(CCCCCC)OC(=O)CCCCCCC/C=C\CCCCCCCC)CCN1CCCC1)CCCCCC,JW_2024,JW_2024,1
-11.231906,0.900011611,CCCCCCCC/C=C\CCCCCCCC(=O)OC(C/C=C\CCCCCCCCOC(=O)CCN(CCC(=O)OCCCCCCCC/C=C\CC(CCCCCC)OC(=O)CCCCCCC/C=C\CCCCCCCC)CCN1CCCC1)CCCCCC,JW_2024,JW_2024,1
-6.545113,-1.087855646,CCCCCCCC/C=C\CCCCCCCC(=O)OC(C/C=C\CCCCCCCCOC(=O)CCN(CCC(=O)OCCCCCCCC/C=C\CC(CCCCCC)OC(=O)CCCCCCC/C=C\CCCCCCCC)CCN1CCOCC1)CCCCCC,JW_2024,JW_2024,0
-5.2474217,-1.294737759,CCCCCCCC/C=C\CCCCCCCC(=O)OC(C/C=C\CCCCCCCCOC(=O)CCN(CCC(=O)OCCCCCCCC/C=C\CC(CCCCCC)OC(=O)CCCCCCC/C=C\CCCCCCCC)CCN1CCOCC1)CCCCCC,JW_2024,JW_2024,0
-6.7121873,-0.449219559,CCCCCCCC/C=C\CCCCCCCC(=O)OC(C/C=C\CCCCCCCCOC(=O)CCN(CCC(=O)OCCCCCCCC/C=C\CC(CCCCCC)OC(=O)CCCCCCC/C=C\CCCCCCCC)CCN1CCOCC1)CCCCCC,JW_2024,JW_2024,0
-6.545113,-0.359270814,CCCCCCCC/C=C\CCCCCCCC(=O)OC(C/C=C\CCCCCCCCOC(=O)CCN(CCC(=O)OCCCCCCCC/C=C\CC(CCCCCC)OC(=O)CCCCCCC/C=C\CCCCCCCC)CCN1CCOCC1)CCCCCC,JW_2024,JW_2024,0
-6.5741205,-1.024891525,CCCCCCCC/C=C\CCCCCCCC(=O)OC(C/C=C\CCCCCCCCOC(=O)CCN(CCC(=O)OCCCCCCCC/C=C\CC(CCCCCC)OC(=O)CCCCCCC/C=C\CCCCCCCC)CCN1CCOCC1)CCCCCC,JW_2024,JW_2024,0
-6.779485,-0.530173429,CCCCCCCC/C=C\CCCCCCCC(=O)OC(C/C=C\CCCCCCCCOC(=O)CCN(CCC(=O)OCCCCCCCC/C=C\CC(CCCCCC)OC(=O)CCCCCCC/C=C\CCCCCCCC)CCN1CCOCC1)CCCCCC,JW_2024,JW_2024,0
-10.025171,-0.017465585,CCCCCCCC/C=C\CCCCCCCC(=O)OC(C/C=C\CCCCCCCCOC(=O)CCN(CCC(=O)OCCCCCCCC/C=C\CC(CCCCCC)OC(=O)CCCCCCC/C=C\CCCCCCCC)CCN1CCOCC1)CCCCCC,JW_2024,JW_2024,0
-6.536211,-2.014327717,CCCCCCCC/C=C\CCCCCCCC(=O)OC(C/C=C\CCCCCCCCOC(=O)CCN(CCC(=O)OCCCCCCCC/C=C\CC(CCCCCC)OC(=O)CCCCCCC/C=C\CCCCCCCC)CCN1CCOCC1)CCCCCC,JW_2024,JW_2024,0
-4.9801545,-0.557158053,CCCCCCCC/C=C\CCCCCCCC(=O)OC(C/C=C\CCCCCCCCOC(=O)CCN(CCC(=O)OCCCCCCCC/C=C\CC(CCCCCC)OC(=O)CCCCCCC/C=C\CCCCCCCC)CCN1CCOCC1)CCCCCC,JW_2024,JW_2024,0
-6.23603,-0.485199057,CCCCCCCC/C=C\CCCCCCCC(=O)OC(C/C=C\CCCCCCCCOC(=O)CCN(CCC(=O)OCCCCCCCC/C=C\CC(CCCCCC)OC(=O)CCCCCCC/C=C\CCCCCCCC)CCN1CCOCC1)CCCCCC,JW_2024,JW_2024,0
-6.1373286,0.261375524,CCCCCCCC/C=C\CCCCCCCC(=O)OC(C/C=C\CCCCCCCCOC(=O)CCN(CCC(=O)OCCCCCCCC/C=C\CC(CCCCCC)OC(=O)CCCCCCC/C=C\CCCCCCCC)CCN1CCOCC1)CCCCCC,JW_2024,JW_2024,1
-5.2461615,-1.555589119,CCCCCCCC/C=C\CCCCCCCC(=O)OC(C/C=C\CCCCCCCCOC(=O)CCN(CCC(=O)OCCCCCCCC/C=C\CC(CCCCCC)OC(=O)CCCCCCC/C=C\CCCCCCCC)CCN1CCOCC1)CCCCCC,JW_2024,JW_2024,0
-6.371977,-1.231773638,CCCCCCCC/C=C\CCCCCCCC(=O)OC(C/C=C\CCCCCCCCOC(=O)CCN(CCC(=O)OCCCCCCCC/C=C\CC(CCCCCC)OC(=O)CCCCCCC/C=C\CCCCCCCC)CCN1CCOCC1)CCCCCC,JW_2024,JW_2024,0
-9.039289,-0.143393827,CCCCCCCC/C=C\CCCCCCCC(=O)OC(C/C=C\CCCCCCCCOC(=O)CCN(CCC(=O)OCCCCCCCC/C=C\CC(CCCCCC)OC(=O)CCCCCCC/C=C\CCCCCCCC)CCN1CCOCC1)CCCCCC,JW_2024,JW_2024,0
-3.9586792,-0.521178555,CCCCCCCC/C=C\CCCCCCCC(=O)OC(C/C=C\CCCCCCCCOC(=O)CCN(CCCN(CC)CC)CCC(=O)OCCCCCCCC/C=C\CC(CCCCCC)OC(=O)CCCCCCC/C=C\CCCCCCCC)CCCCCC,JW_2024,JW_2024,0
-3.2408254,-0.017465585,CCCCCCCC/C=C\CCCCCCCC(=O)OC(C/C=C\CCCCCCCCOC(=O)CCN(CCCN(CC)CC)CCC(=O)OCCCCCCCC/C=C\CC(CCCCCC)OC(=O)CCCCCCC/C=C\CCCCCCCC)CCCCCC,JW_2024,JW_2024,0
-3.14201,-0.287311819,CCCCCCCC/C=C\CCCCCCCC(=O)OC(C/C=C\CCCCCCCCOC(=O)CCN(CCCN(CC)CC)CCC(=O)OCCCCCCCC/C=C\CC(CCCCCC)OC(=O)CCCCCCC/C=C\CCCCCCCC)CCCCCC,JW_2024,JW_2024,0
-3.9586792,-0.440224685,CCCCCCCC/C=C\CCCCCCCC(=O)OC(C/C=C\CCCCCCCCOC(=O)CCN(CCCN(CC)CC)CCC(=O)OCCCCCCCC/C=C\CC(CCCCCC)OC(=O)CCCCCCC/C=C\CCCCCCCC)CCCCCC,JW_2024,JW_2024,0
-4.832207,0.558206382,CCCCCCCC/C=C\CCCCCCCC(=O)OC(C/C=C\CCCCCCCCOC(=O)CCN(CCCN(CC)CC)CCC(=O)OCCCCCCCC/C=C\CC(CCCCCC)OC(=O)CCCCCCC/C=C\CCCCCCCC)CCCCCC,JW_2024,JW_2024,1
-3.4115126,-0.413240061,CCCCCCCC/C=C\CCCCCCCC(=O)OC(C/C=C\CCCCCCCCOC(=O)CCN(CCCN(CC)CC)CCC(=O)OCCCCCCCC/C=C\CC(CCCCCC)OC(=O)CCCCCCC/C=C\CCCCCCCC)CCCCCC,JW_2024,JW_2024,0
-5.618958,0.873026988,CCCCCCCC/C=C\CCCCCCCC(=O)OC(C/C=C\CCCCCCCCOC(=O)CCN(CCCN(CC)CC)CCC(=O)OCCCCCCCC/C=C\CC(CCCCCC)OC(=O)CCCCCCC/C=C\CCCCCCCC)CCCCCC,JW_2024,JW_2024,1
-5.3991666,-0.889968408,CCCCCCCC/C=C\CCCCCCCC(=O)OC(C/C=C\CCCCCCCCOC(=O)CCN(CCCN(CC)CC)CCC(=O)OCCCCCCCC/C=C\CC(CCCCCC)OC(=O)CCCCCCC/C=C\CCCCCCCC)CCCCCC,JW_2024,JW_2024,0
-3.1118748,1.547642573,CCCCCCCC/C=C\CCCCCCCC(=O)OC(C/C=C\CCCCCCCCOC(=O)CCN(CCCN(CC)CC)CCC(=O)OCCCCCCCC/C=C\CC(CCCCCC)OC(=O)CCCCCCC/C=C\CCCCCCCC)CCCCCC,JW_2024,JW_2024,2
-5.3339224,-0.062439957,CCCCCCCC/C=C\CCCCCCCC(=O)OC(C/C=C\CCCCCCCCOC(=O)CCN(CCCN(CC)CC)CCC(=O)OCCCCCCCC/C=C\CC(CCCCCC)OC(=O)CCCCCCC/C=C\CCCCCCCC)CCCCCC,JW_2024,JW_2024,0
-3.0288641,1.439704079,CCCCCCCC/C=C\CCCCCCCC(=O)OC(C/C=C\CCCCCCCCOC(=O)CCN(CCCN(CC)CC)CCC(=O)OCCCCCCCC/C=C\CC(CCCCCC)OC(=O)CCCCCCC/C=C\CCCCCCCC)CCCCCC,JW_2024,JW_2024,2
-4.1774797,0.243385775,CCCCCCCC/C=C\CCCCCCCC(=O)OC(C/C=C\CCCCCCCCOC(=O)CCN(CCCN(CC)CC)CCC(=O)OCCCCCCCC/C=C\CC(CCCCCC)OC(=O)CCCCCCC/C=C\CCCCCCCC)CCCCCC,JW_2024,JW_2024,1
-5.218132,-0.08942458,CCCCCCCC/C=C\CCCCCCCC(=O)OC(C/C=C\CCCCCCCCOC(=O)CCN(CCCN(CC)CC)CCC(=O)OCCCCCCCC/C=C\CC(CCCCCC)OC(=O)CCCCCCC/C=C\CCCCCCCC)CCCCCC,JW_2024,JW_2024,0
-5.5427327,0.738103871,CCCCCCCC/C=C\CCCCCCCC(=O)OC(C/C=C\CCCCCCCCOC(=O)CCN(CCCN(CC)CC)CCC(=O)OCCCCCCCC/C=C\CC(CCCCCC)OC(=O)CCCCCCC/C=C\CCCCCCCC)CCCCCC,JW_2024,JW_2024,1
-3.9623418,1.286791213,CCCCCCCC/C=C\CCCCCCCC(=O)OC(C/C=C\CCCCCCCCOC(=O)CCN(CCCN(CC)CC)CCC(=O)OCCCCCCCC/C=C\CC(CCCCCC)OC(=O)CCCCCCC/C=C\CCCCCCCC)CCCCCC,JW_2024,JW_2024,1
-4.559766,0.387303767,CCCCCCCC/C=C\CCCCCCCC(=O)OC(C/C=C\CCCCCCCCOC(=O)CCN(CCCN(CC)CC)CCC(=O)OCCCCCCCC/C=C\CC(CCCCCC)OC(=O)CCCCCCC/C=C\CCCCCCCC)CCCCCC,JW_2024,JW_2024,1
-5.662864,0.432278139,CCCCCCCC/C=C\CCCCCCCC(=O)OC(C/C=C\CCCCCCCCOC(=O)CCN(CCCN(CC)CC)CCC(=O)OCCCCCCCC/C=C\CC(CCCCCC)OC(=O)CCCCCCC/C=C\CCCCCCCC)CCCCCC,JW_2024,JW_2024,1
-4.5887675,1.115888599,CCCCCCCC/C=C\CCCCCCCC(=O)OC(C/C=C\CCCCCCCCOC(=O)CCN(CCCN(CC)CC)CCC(=O)OCCCCCCCC/C=C\CC(CCCCCC)OC(=O)CCCCCCC/C=C\CCCCCCCC)CCCCCC,JW_2024,JW_2024,1
-5.970582,1.205837343,CCCCCCCC/C=C\CCCCCCCC(=O)OC(C/C=C\CCCCCCCCOC(=O)CCN(CCCN(CC)CC)CCC(=O)OCCCCCCCC/C=C\CC(CCCCCC)OC(=O)CCCCCCC/C=C\CCCCCCCC)CCCCCC,JW_2024,JW_2024,1
-3.8476138,1.817488807,CCCCCCCC/C=C\CCCCCCCC(=O)OC(C/C=C\CCCCCCCCOC(=O)CCN(CCCN(CC)CC)CCC(=O)OCCCCCCCC/C=C\CC(CCCCCC)OC(=O)CCCCCCC/C=C\CCCCCCCC)CCCCCC,JW_2024,JW_2024,2
-4.8450794,0.567201256,CCCCCCCC/C=C\CCCCCCCC(=O)OC(C/C=C\CCCCCCCCOC(=O)CCN(CCCN(CC)CC)CCC(=O)OCCCCCCCC/C=C\CC(CCCCCC)OC(=O)CCCCCCC/C=C\CCCCCCCC)CCCCCC,JW_2024,JW_2024,1
-3.5729904,1.484678452,CCCCCCCC/C=C\CCCCCCCC(=O)OC(C/C=C\CCCCCCCCOC(=O)CCN(CCCN(CC)CC)CCC(=O)OCCCCCCCC/C=C\CC(CCCCCC)OC(=O)CCCCCCC/C=C\CCCCCCCC)CCCCCC,JW_2024,JW_2024,2
-4.2084255,0.33333452,CCCCCCCC/C=C\CCCCCCCC(=O)OC(C/C=C\CCCCCCCCOC(=O)CCN(CCCN(CC)CC)CCC(=O)OCCCCCCCC/C=C\CC(CCCCCC)OC(=O)CCCCCCC/C=C\CCCCCCCC)CCCCCC,JW_2024,JW_2024,1
-5.279092,0.612175628,CCCCCCCC/C=C\CCCCCCCC(=O)OC(C/C=C\CCCCCCCCOC(=O)CCN(CCCN(CC)CC)CCC(=O)OCCCCCCCC/C=C\CC(CCCCCC)OC(=O)CCCCCCC/C=C\CCCCCCCC)CCCCCC,JW_2024,JW_2024,1
-8.6247635,-1.708501985,CCCCC/C=C\C/C=C\CCCCCCCC(=O)OC(C/C=C\CCCCCCCCOC(=O)CCN(CCCn1ccnc1)CCC(=O)OCCCCCCCC/C=C\CC(CCCCCC)OC(=O)CCCCCCC/C=C\C/C=C\CCCCC)CCCCCC,JW_2024,JW_2024,0
-7.7300763,-1.771466106,CCCCC/C=C\C/C=C\CCCCCCCC(=O)OC(C/C=C\CCCCCCCCOC(=O)CCN(CCCn1ccnc1)CCC(=O)OCCCCCCCC/C=C\CC(CCCCCC)OC(=O)CCCCCCC/C=C\C/C=C\CCCCC)CCCCCC,JW_2024,JW_2024,0
-9.725248,-0.970922278,CCCCC/C=C\C/C=C\CCCCCCCC(=O)OC(C/C=C\CCCCCCCCOC(=O)CCN(CCCn1ccnc1)CCC(=O)OCCCCCCCC/C=C\CC(CCCCCC)OC(=O)CCCCCCC/C=C\C/C=C\CCCCC)CCCCCC,JW_2024,JW_2024,0
-8.89142,-1.096850521,CCCCC/C=C\C/C=C\CCCCCCCC(=O)OC(C/C=C\CCCCCCCCOC(=O)CCN(CCCn1ccnc1)CCC(=O)OCCCCCCCC/C=C\CC(CCCCCC)OC(=O)CCCCCCC/C=C\C/C=C\CCCCC)CCCCCC,JW_2024,JW_2024,0
-8.695821,-1.762471232,CCCCC/C=C\C/C=C\CCCCCCCC(=O)OC(C/C=C\CCCCCCCCOC(=O)CCN(CCCn1ccnc1)CCC(=O)OCCCCCCCC/C=C\CC(CCCCCC)OC(=O)CCCCCCC/C=C\C/C=C\CCCCC)CCCCCC,JW_2024,JW_2024,0
-10.233116,-1.888399474,CCCCC/C=C\C/C=C\CCCCCCCC(=O)OC(C/C=C\CCCCCCCCOC(=O)CCN(CCCn1ccnc1)CCC(=O)OCCCCCCCC/C=C\CC(CCCCCC)OC(=O)CCCCCCC/C=C\C/C=C\CCCCC)CCCCCC,JW_2024,JW_2024,0
-11.560113,-0.053445082,CCCCC/C=C\C/C=C\CCCCCCCC(=O)OC(C/C=C\CCCCCCCCOC(=O)CCN(CCCn1ccnc1)CCC(=O)OCCCCCCCC/C=C\CC(CCCCCC)OC(=O)CCCCCCC/C=C\C/C=C\CCCCC)CCCCCC,JW_2024,JW_2024,0
-9.435395,-2.356132947,CCCCC/C=C\C/C=C\CCCCCCCC(=O)OC(C/C=C\CCCCCCCCOC(=O)CCN(CCCn1ccnc1)CCC(=O)OCCCCCCCC/C=C\CC(CCCCCC)OC(=O)CCCCCCC/C=C\C/C=C\CCCCC)CCCCCC,JW_2024,JW_2024,0
-7.4963264,-0.737055542,CCCCC/C=C\C/C=C\CCCCCCCC(=O)OC(C/C=C\CCCCCCCCOC(=O)CCN(CCCn1ccnc1)CCC(=O)OCCCCCCCC/C=C\CC(CCCCCC)OC(=O)CCCCCCC/C=C\C/C=C\CCCCC)CCCCCC,JW_2024,JW_2024,0
-8.829346,-1.213783889,CCCCC/C=C\C/C=C\CCCCCCCC(=O)OC(C/C=C\CCCCCCCCOC(=O)CCN(CCCn1ccnc1)CCC(=O)OCCCCCCCC/C=C\CC(CCCCCC)OC(=O)CCCCCCC/C=C\C/C=C\CCCCC)CCCCCC,JW_2024,JW_2024,0
-9.8461075,-0.485199057,CCCCC/C=C\C/C=C\CCCCCCCC(=O)OC(C/C=C\CCCCCCCCOC(=O)CCN(CCCn1ccnc1)CCC(=O)OCCCCCCCC/C=C\CC(CCCCCC)OC(=O)CCCCCCC/C=C\C/C=C\CCCCC)CCCCCC,JW_2024,JW_2024,0
-7.643705,-1.645537863,CCCCC/C=C\C/C=C\CCCCCCCC(=O)OC(C/C=C\CCCCCCCCOC(=O)CCN(CCCn1ccnc1)CCC(=O)OCCCCCCCC/C=C\CC(CCCCCC)OC(=O)CCCCCCC/C=C\C/C=C\CCCCC)CCCCCC,JW_2024,JW_2024,0
-9.299664,-1.564583993,CCCCC/C=C\C/C=C\CCCCCCCC(=O)OC(C/C=C\CCCCCCCCOC(=O)CCN(CCCn1ccnc1)CCC(=O)OCCCCCCCC/C=C\CC(CCCCCC)OC(=O)CCCCCCC/C=C\C/C=C\CCCCC)CCCCCC,JW_2024,JW_2024,0
-12.235398,-0.952932529,CCCCC/C=C\C/C=C\CCCCCCCC(=O)OC(C/C=C\CCCCCCCCOC(=O)CCN(CCCn1ccnc1)CCC(=O)OCCCCCCCC/C=C\CC(CCCCCC)OC(=O)CCCCCCC/C=C\C/C=C\CCCCC)CCCCCC,JW_2024,JW_2024,0
-6.237794,-1.132830019,CCCCC/C=C\C/C=C\CCCCCCCC(=O)OC(C/C=C\CCCCCCCCOC(=O)CCN(CCC(=O)OCCCCCCCC/C=C\CC(CCCCCC)OC(=O)CCCCCCC/C=C\C/C=C\CCCCC)CCc1ccncc1)CCCCCC,JW_2024,JW_2024,0
-4.5537815,-0.404245187,CCCCC/C=C\C/C=C\CCCCCCCC(=O)OC(C/C=C\CCCCCCCCOC(=O)CCN(CCC(=O)OCCCCCCCC/C=C\CC(CCCCCC)OC(=O)CCCCCCC/C=C\C/C=C\CCCCC)CCc1ccncc1)CCCCCC,JW_2024,JW_2024,0
-7.793242,-0.242337446,CCCCC/C=C\C/C=C\CCCCCCCC(=O)OC(C/C=C\CCCCCCCCOC(=O)CCN(CCC(=O)OCCCCCCCC/C=C\CC(CCCCCC)OC(=O)CCCCCCC/C=C\C/C=C\CCCCC)CCc1ccncc1)CCCCCC,JW_2024,JW_2024,0
-6.3971734,-0.584142676,CCCCC/C=C\C/C=C\CCCCCCCC(=O)OC(C/C=C\CCCCCCCCOC(=O)CCN(CCC(=O)OCCCCCCCC/C=C\CC(CCCCCC)OC(=O)CCCCCCC/C=C\C/C=C\CCCCC)CCc1ccncc1)CCCCCC,JW_2024,JW_2024,0
-5.7016907,-0.93494278,CCCCC/C=C\C/C=C\CCCCCCCC(=O)OC(C/C=C\CCCCCCCCOC(=O)CCN(CCC(=O)OCCCCCCCC/C=C\CC(CCCCCC)OC(=O)CCCCCCC/C=C\C/C=C\CCCCC)CCc1ccncc1)CCCCCC,JW_2024,JW_2024,0
-8.040396,-0.800019663,CCCCC/C=C\C/C=C\CCCCCCCC(=O)OC(C/C=C\CCCCCCCCOC(=O)CCN(CCC(=O)OCCCCCCCC/C=C\CC(CCCCCC)OC(=O)CCCCCCC/C=C\C/C=C\CCCCC)CCc1ccncc1)CCCCCC,JW_2024,JW_2024,0
-10.250318,-0.35027594,CCCCC/C=C\C/C=C\CCCCCCCC(=O)OC(C/C=C\CCCCCCCCOC(=O)CCN(CCC(=O)OCCCCCCCC/C=C\CC(CCCCCC)OC(=O)CCCCCCC/C=C\C/C=C\CCCCC)CCc1ccncc1)CCCCCC,JW_2024,JW_2024,0
-5.6961164,-1.222778763,CCCCC/C=C\C/C=C\CCCCCCCC(=O)OC(C/C=C\CCCCCCCCOC(=O)CCN(CCC(=O)OCCCCCCCC/C=C\CC(CCCCCC)OC(=O)CCCCCCC/C=C\C/C=C\CCCCC)CCc1ccncc1)CCCCCC,JW_2024,JW_2024,0
-4.804807,0.666144875,CCCCC/C=C\C/C=C\CCCCCCCC(=O)OC(C/C=C\CCCCCCCCOC(=O)CCN(CCC(=O)OCCCCCCCC/C=C\CC(CCCCCC)OC(=O)CCCCCCC/C=C\C/C=C\CCCCC)CCc1ccncc1)CCCCCC,JW_2024,JW_2024,1
-5.6517425,-0.871978659,CCCCC/C=C\C/C=C\CCCCCCCC(=O)OC(C/C=C\CCCCCCCCOC(=O)CCN(CCC(=O)OCCCCCCCC/C=C\CC(CCCCCC)OC(=O)CCCCCCC/C=C\C/C=C\CCCCC)CCc1ccncc1)CCCCCC,JW_2024,JW_2024,0
-7.8769073,0.711119248,CCCCC/C=C\C/C=C\CCCCCCCC(=O)OC(C/C=C\CCCCCCCCOC(=O)CCN(CCC(=O)OCCCCCCCC/C=C\CC(CCCCCC)OC(=O)CCCCCCC/C=C\C/C=C\CCCCC)CCc1ccncc1)CCCCCC,JW_2024,JW_2024,1
-4.1064587,-0.988912027,CCCCC/C=C\C/C=C\CCCCCCCC(=O)OC(C/C=C\CCCCCCCCOC(=O)CCN(CCC(=O)OCCCCCCCC/C=C\CC(CCCCCC)OC(=O)CCCCCCC/C=C\C/C=C\CCCCC)CCc1ccncc1)CCCCCC,JW_2024,JW_2024,0
-5.846036,-1.330717257,CCCCC/C=C\C/C=C\CCCCCCCC(=O)OC(C/C=C\CCCCCCCCOC(=O)CCN(CCC(=O)OCCCCCCCC/C=C\CC(CCCCCC)OC(=O)CCCCCCC/C=C\C/C=C\CCCCC)CCc1ccncc1)CCCCCC,JW_2024,JW_2024,0
-10.291397,-1.051876148,CCCCC/C=C\C/C=C\CCCCCCCC(=O)OC(C/C=C\CCCCCCCCOC(=O)CCN(CCC(=O)OCCCCCCCC/C=C\CC(CCCCCC)OC(=O)CCCCCCC/C=C\C/C=C\CCCCC)CCc1ccncc1)CCCCCC,JW_2024,JW_2024,0
-8.237905,0.360319143,CCCCC/C=C\C/C=C\CCCCCCCC(=O)OC(C/C=C\CCCCCCCCOC(=O)CCN(CCC(=O)OCCCCCCCC/C=C\CC(CCCCCC)OC(=O)CCCCCCC/C=C\C/C=C\CCCCC)CCN1CCCC1)CCCCCC,JW_2024,JW_2024,1
-7.8051724,0.477252511,CCCCC/C=C\C/C=C\CCCCCCCC(=O)OC(C/C=C\CCCCCCCCOC(=O)CCN(CCC(=O)OCCCCCCCC/C=C\CC(CCCCCC)OC(=O)CCCCCCC/C=C\C/C=C\CCCCC)CCN1CCCC1)CCCCCC,JW_2024,JW_2024,1
-9.675361,0.549211507,CCCCC/C=C\C/C=C\CCCCCCCC(=O)OC(C/C=C\CCCCCCCCOC(=O)CCN(CCC(=O)OCCCCCCCC/C=C\CC(CCCCCC)OC(=O)CCCCCCC/C=C\C/C=C\CCCCC)CCN1CCCC1)CCCCCC,JW_2024,JW_2024,1
-8.532809,0.387303767,CCCCC/C=C\C/C=C\CCCCCCCC(=O)OC(C/C=C\CCCCCCCCOC(=O)CCN(CCC(=O)OCCCCCCCC/C=C\CC(CCCCCC)OC(=O)CCCCCCC/C=C\C/C=C\CCCCC)CCN1CCCC1)CCCCCC,JW_2024,JW_2024,1
-8.539029,0.693129499,CCCCC/C=C\C/C=C\CCCCCCCC(=O)OC(C/C=C\CCCCCCCCOC(=O)CCN(CCC(=O)OCCCCCCCC/C=C\CC(CCCCCC)OC(=O)CCCCCCC/C=C\C/C=C\CCCCC)CCN1CCCC1)CCCCCC,JW_2024,JW_2024,1
-10.04528,-0.188368199,CCCCC/C=C\C/C=C\CCCCCCCC(=O)OC(C/C=C\CCCCCCCCOC(=O)CCN(CCC(=O)OCCCCCCCC/C=C\CC(CCCCCC)OC(=O)CCCCCCC/C=C\C/C=C\CCCCC)CCN1CCCC1)CCCCCC,JW_2024,JW_2024,0
-11.166126,1.646586192,CCCCC/C=C\C/C=C\CCCCCCCC(=O)OC(C/C=C\CCCCCCCCOC(=O)CCN(CCC(=O)OCCCCCCCC/C=C\CC(CCCCCC)OC(=O)CCCCCCC/C=C\C/C=C\CCCCC)CCN1CCCC1)CCCCCC,JW_2024,JW_2024,2
-9.521957,-0.69208117,CCCCC/C=C\C/C=C\CCCCCCCC(=O)OC(C/C=C\CCCCCCCCOC(=O)CCN(CCC(=O)OCCCCCCCC/C=C\CC(CCCCCC)OC(=O)CCCCCCC/C=C\C/C=C\CCCCC)CCN1CCCC1)CCCCCC,JW_2024,JW_2024,0
-8.160911,1.304780962,CCCCC/C=C\C/C=C\CCCCCCCC(=O)OC(C/C=C\CCCCCCCCOC(=O)CCN(CCC(=O)OCCCCCCCC/C=C\CC(CCCCCC)OC(=O)CCCCCCC/C=C\C/C=C\CCCCC)CCN1CCCC1)CCCCCC,JW_2024,JW_2024,1
-8.825718,1.169857845,CCCCC/C=C\C/C=C\CCCCCCCC(=O)OC(C/C=C\CCCCCCCCOC(=O)CCN(CCC(=O)OCCCCCCCC/C=C\CC(CCCCCC)OC(=O)CCCCCCC/C=C\C/C=C\CCCCC)CCN1CCCC1)CCCCCC,JW_2024,JW_2024,1
-9.975628,1.403724582,CCCCC/C=C\C/C=C\CCCCCCCC(=O)OC(C/C=C\CCCCCCCCOC(=O)CCN(CCC(=O)OCCCCCCCC/C=C\CC(CCCCCC)OC(=O)CCCCCCC/C=C\C/C=C\CCCCC)CCN1CCCC1)CCCCCC,JW_2024,JW_2024,2
-7.7664647,0.243385775,CCCCC/C=C\C/C=C\CCCCCCCC(=O)OC(C/C=C\CCCCCCCCOC(=O)CCN(CCC(=O)OCCCCCCCC/C=C\CC(CCCCCC)OC(=O)CCCCCCC/C=C\C/C=C\CCCCC)CCN1CCCC1)CCCCCC,JW_2024,JW_2024,1
-8.773326,-0.017465585,CCCCC/C=C\C/C=C\CCCCCCCC(=O)OC(C/C=C\CCCCCCCCOC(=O)CCN(CCC(=O)OCCCCCCCC/C=C\CC(CCCCCC)OC(=O)CCCCCCC/C=C\C/C=C\CCCCC)CCN1CCCC1)CCCCCC,JW_2024,JW_2024,0
-11.9388685,0.873026988,CCCCC/C=C\C/C=C\CCCCCCCC(=O)OC(C/C=C\CCCCCCCCOC(=O)CCN(CCC(=O)OCCCCCCCC/C=C\CC(CCCCCC)OC(=O)CCCCCCC/C=C\C/C=C\CCCCC)CCN1CCCC1)CCCCCC,JW_2024,JW_2024,1
-8.317253,0.513232009,CCCCC/C=C\C/C=C\CCCCCCCC(=O)OC(C/C=C\CCCCCCCCOC(=O)CCN(CCC(=O)OCCCCCCCC/C=C\CC(CCCCCC)OC(=O)CCCCCCC/C=C\C/C=C\CCCCC)CCN1CCCC1)CCCCCC,JW_2024,JW_2024,1
-8.195891,-0.314296442,CCCCC/C=C\C/C=C\CCCCCCCC(=O)OC(C/C=C\CCCCCCCCOC(=O)CCN(CCC(=O)OCCCCCCCC/C=C\CC(CCCCCC)OC(=O)CCCCCCC/C=C\C/C=C\CCCCC)CCN1CCCC1)CCCCCC,JW_2024,JW_2024,0
-9.478562,0.57619613,CCCCC/C=C\C/C=C\CCCCCCCC(=O)OC(C/C=C\CCCCCCCCOC(=O)CCN(CCC(=O)OCCCCCCCC/C=C\CC(CCCCCC)OC(=O)CCCCCCC/C=C\C/C=C\CCCCC)CCN1CCCC1)CCCCCC,JW_2024,JW_2024,1
-8.198374,1.034934728,CCCCC/C=C\C/C=C\CCCCCCCC(=O)OC(C/C=C\CCCCCCCCOC(=O)CCN(CCC(=O)OCCCCCCCC/C=C\CC(CCCCCC)OC(=O)CCCCCCC/C=C\C/C=C\CCCCC)CCN1CCCC1)CCCCCC,JW_2024,JW_2024,1
-12.248361,1.070914226,CCCCC/C=C\C/C=C\CCCCCCCC(=O)OC(C/C=C\CCCCCCCCOC(=O)CCN(CCC(=O)OCCCCCCCC/C=C\CC(CCCCCC)OC(=O)CCCCCCC/C=C\C/C=C\CCCCC)CCN1CCCC1)CCCCCC,JW_2024,JW_2024,1
-10.449672,1.772514435,CCCCC/C=C\C/C=C\CCCCCCCC(=O)OC(C/C=C\CCCCCCCCOC(=O)CCN(CCC(=O)OCCCCCCCC/C=C\CC(CCCCCC)OC(=O)CCCCCCC/C=C\C/C=C\CCCCC)CCN1CCCC1)CCCCCC,JW_2024,JW_2024,2
-11.36999,0.962975733,CCCCC/C=C\C/C=C\CCCCCCCC(=O)OC(C/C=C\CCCCCCCCOC(=O)CCN(CCC(=O)OCCCCCCCC/C=C\CC(CCCCCC)OC(=O)CCCCCCC/C=C\C/C=C\CCCCC)CCN1CCCC1)CCCCCC,JW_2024,JW_2024,1
-8.0782795,1.430709205,CCCCC/C=C\C/C=C\CCCCCCCC(=O)OC(C/C=C\CCCCCCCCOC(=O)CCN(CCC(=O)OCCCCCCCC/C=C\CC(CCCCCC)OC(=O)CCCCCCC/C=C\C/C=C\CCCCC)CCN1CCCC1)CCCCCC,JW_2024,JW_2024,2
-8.631885,0.49524226,CCCCC/C=C\C/C=C\CCCCCCCC(=O)OC(C/C=C\CCCCCCCCOC(=O)CCN(CCC(=O)OCCCCCCCC/C=C\CC(CCCCCC)OC(=O)CCCCCCC/C=C\C/C=C\CCCCC)CCN1CCCC1)CCCCCC,JW_2024,JW_2024,1
-11.311534,1.214832218,CCCCC/C=C\C/C=C\CCCCCCCC(=O)OC(C/C=C\CCCCCCCCOC(=O)CCN(CCC(=O)OCCCCCCCC/C=C\CC(CCCCCC)OC(=O)CCCCCCC/C=C\C/C=C\CCCCC)CCN1CCCC1)CCCCCC,JW_2024,JW_2024,1
-6.7242384,-1.231773638,CCCCC/C=C\C/C=C\CCCCCCCC(=O)OC(C/C=C\CCCCCCCCOC(=O)CCN(CCC(=O)OCCCCCCCC/C=C\CC(CCCCCC)OC(=O)CCCCCCC/C=C\C/C=C\CCCCC)CCN1CCOCC1)CCCCCC,JW_2024,JW_2024,0
-6.6843143,-1.627548115,CCCCC/C=C\C/C=C\CCCCCCCC(=O)OC(C/C=C\CCCCCCCCOC(=O)CCN(CCC(=O)OCCCCCCCC/C=C\CC(CCCCCC)OC(=O)CCCCCCC/C=C\C/C=C\CCCCC)CCN1CCOCC1)CCCCCC,JW_2024,JW_2024,0
-8.707223,-0.871978659,CCCCC/C=C\C/C=C\CCCCCCCC(=O)OC(C/C=C\CCCCCCCCOC(=O)CCN(CCC(=O)OCCCCCCCC/C=C\CC(CCCCCC)OC(=O)CCCCCCC/C=C\C/C=C\CCCCC)CCN1CCOCC1)CCCCCC,JW_2024,JW_2024,0
-6.7242384,-1.600563491,CCCCC/C=C\C/C=C\CCCCCCCC(=O)OC(C/C=C\CCCCCCCCOC(=O)CCN(CCC(=O)OCCCCCCCC/C=C\CC(CCCCCC)OC(=O)CCCCCCC/C=C\C/C=C\CCCCC)CCN1CCOCC1)CCCCCC,JW_2024,JW_2024,0
-7.0153427,-1.411671127,CCCCC/C=C\C/C=C\CCCCCCCC(=O)OC(C/C=C\CCCCCCCCOC(=O)CCN(CCC(=O)OCCCCCCCC/C=C\CC(CCCCCC)OC(=O)CCCCCCC/C=C\C/C=C\CCCCC)CCN1CCOCC1)CCCCCC,JW_2024,JW_2024,0
-9.184114,-1.303732634,CCCCC/C=C\C/C=C\CCCCCCCC(=O)OC(C/C=C\CCCCCCCCOC(=O)CCN(CCC(=O)OCCCCCCCC/C=C\CC(CCCCCC)OC(=O)CCCCCCC/C=C\C/C=C\CCCCC)CCN1CCOCC1)CCCCCC,JW_2024,JW_2024,0
-10.664846,-0.359270814,CCCCC/C=C\C/C=C\CCCCCCCC(=O)OC(C/C=C\CCCCCCCCOC(=O)CCN(CCC(=O)OCCCCCCCC/C=C\CC(CCCCCC)OC(=O)CCCCCCC/C=C\C/C=C\CCCCC)CCN1CCOCC1)CCCCCC,JW_2024,JW_2024,0
-8.974422,-1.969353344,CCCCC/C=C\C/C=C\CCCCCCCC(=O)OC(C/C=C\CCCCCCCCOC(=O)CCN(CCC(=O)OCCCCCCCC/C=C\CC(CCCCCC)OC(=O)CCCCCCC/C=C\C/C=C\CCCCC)CCN1CCOCC1)CCCCCC,JW_2024,JW_2024,0
-6.6540394,-0.575147802,CCCCC/C=C\C/C=C\CCCCCCCC(=O)OC(C/C=C\CCCCCCCCOC(=O)CCN(CCC(=O)OCCCCCCCC/C=C\CC(CCCCCC)OC(=O)CCCCCCC/C=C\C/C=C\CCCCC)CCN1CCOCC1)CCCCCC,JW_2024,JW_2024,0
-8.115296,-0.800019663,CCCCC/C=C\C/C=C\CCCCCCCC(=O)OC(C/C=C\CCCCCCCCOC(=O)CCN(CCC(=O)OCCCCCCCC/C=C\CC(CCCCCC)OC(=O)CCCCCCC/C=C\C/C=C\CCCCC)CCN1CCOCC1)CCCCCC,JW_2024,JW_2024,0
-8.837649,0.099467784,CCCCC/C=C\C/C=C\CCCCCCCC(=O)OC(C/C=C\CCCCCCCCOC(=O)CCN(CCC(=O)OCCCCCCCC/C=C\CC(CCCCCC)OC(=O)CCCCCCC/C=C\C/C=C\CCCCC)CCN1CCOCC1)CCCCCC,JW_2024,JW_2024,1
-6.9421277,-1.402676253,CCCCC/C=C\C/C=C\CCCCCCCC(=O)OC(C/C=C\CCCCCCCCOC(=O)CCN(CCC(=O)OCCCCCCCC/C=C\CC(CCCCCC)OC(=O)CCCCCCC/C=C\C/C=C\CCCCC)CCN1CCOCC1)CCCCCC,JW_2024,JW_2024,0
-8.134447,-1.4566455,CCCCC/C=C\C/C=C\CCCCCCCC(=O)OC(C/C=C\CCCCCCCCOC(=O)CCN(CCC(=O)OCCCCCCCC/C=C\CC(CCCCCC)OC(=O)CCCCCCC/C=C\C/C=C\CCCCC)CCN1CCOCC1)CCCCCC,JW_2024,JW_2024,0
-11.523626,0.423283264,CCCCC/C=C\C/C=C\CCCCCCCC(=O)OC(C/C=C\CCCCCCCCOC(=O)CCN(CCC(=O)OCCCCCCCC/C=C\CC(CCCCCC)OC(=O)CCCCCCC/C=C\C/C=C\CCCCC)CCN1CCOCC1)CCCCCC,JW_2024,JW_2024,1
-3.499672,-0.844994036,CCCCC/C=C\C/C=C\CCCCCCCC(=O)OC(C/C=C\CCCCCCCCOC(=O)CCN(CCCN(CC)CC)CCC(=O)OCCCCCCCC/C=C\CC(CCCCCC)OC(=O)CCCCCCC/C=C\C/C=C\CCCCC)CCCCCC,JW_2024,JW_2024,0
-3.5428588,-0.287311819,CCCCC/C=C\C/C=C\CCCCCCCC(=O)OC(C/C=C\CCCCCCCCOC(=O)CCN(CCCN(CC)CC)CCC(=O)OCCCCCCCC/C=C\CC(CCCCCC)OC(=O)CCCCCCC/C=C\C/C=C\CCCCC)CCCCCC,JW_2024,JW_2024,0
-5.0193677,-0.323291316,CCCCC/C=C\C/C=C\CCCCCCCC(=O)OC(C/C=C\CCCCCCCCOC(=O)CCN(CCCN(CC)CC)CCC(=O)OCCCCCCCC/C=C\CC(CCCCCC)OC(=O)CCCCCCC/C=C\C/C=C\CCCCC)CCCCCC,JW_2024,JW_2024,0
-3.499672,0.036503662,CCCCC/C=C\C/C=C\CCCCCCCC(=O)OC(C/C=C\CCCCCCCCOC(=O)CCN(CCCN(CC)CC)CCC(=O)OCCCCCCCC/C=C\CC(CCCCCC)OC(=O)CCCCCCC/C=C\C/C=C\CCCCC)CCCCCC,JW_2024,JW_2024,1
-3.6849737,-0.152388702,CCCCC/C=C\C/C=C\CCCCCCCC(=O)OC(C/C=C\CCCCCCCCOC(=O)CCN(CCCN(CC)CC)CCC(=O)OCCCCCCCC/C=C\CC(CCCCCC)OC(=O)CCCCCCC/C=C\C/C=C\CCCCC)CCCCCC,JW_2024,JW_2024,0
-5.5592694,0.045498537,CCCCC/C=C\C/C=C\CCCCCCCC(=O)OC(C/C=C\CCCCCCCCOC(=O)CCN(CCCN(CC)CC)CCC(=O)OCCCCCCCC/C=C\CC(CCCCCC)OC(=O)CCCCCCC/C=C\C/C=C\CCCCC)CCCCCC,JW_2024,JW_2024,1
-6.344626,1.070914226,CCCCC/C=C\C/C=C\CCCCCCCC(=O)OC(C/C=C\CCCCCCCCOC(=O)CCN(CCCN(CC)CC)CCC(=O)OCCCCCCCC/C=C\CC(CCCCCC)OC(=O)CCCCCCC/C=C\C/C=C\CCCCC)CCCCCC,JW_2024,JW_2024,1
-5.5513697,-0.907958157,CCCCC/C=C\C/C=C\CCCCCCCC(=O)OC(C/C=C\CCCCCCCCOC(=O)CCN(CCCN(CC)CC)CCC(=O)OCCCCCCCC/C=C\CC(CCCCCC)OC(=O)CCCCCCC/C=C\C/C=C\CCCCC)CCCCCC,JW_2024,JW_2024,0
-3.616959,1.106893724,CCCCC/C=C\C/C=C\CCCCCCCC(=O)OC(C/C=C\CCCCCCCCOC(=O)CCN(CCCN(CC)CC)CCC(=O)OCCCCCCCC/C=C\CC(CCCCCC)OC(=O)CCCCCCC/C=C\C/C=C\CCCCC)CCCCCC,JW_2024,JW_2024,1
-5.1464744,0.891016737,CCCCC/C=C\C/C=C\CCCCCCCC(=O)OC(C/C=C\CCCCCCCCOC(=O)CCN(CCCN(CC)CC)CCC(=O)OCCCCCCCC/C=C\CC(CCCCCC)OC(=O)CCCCCCC/C=C\C/C=C\CCCCC)CCCCCC,JW_2024,JW_2024,1
-5.3075643,1.448698954,CCCCC/C=C\C/C=C\CCCCCCCC(=O)OC(C/C=C\CCCCCCCCOC(=O)CCN(CCCN(CC)CC)CCC(=O)OCCCCCCCC/C=C\CC(CCCCCC)OC(=O)CCCCCCC/C=C\C/C=C\CCCCC)CCCCCC,JW_2024,JW_2024,2
-3.9119923,-0.071434831,CCCCC/C=C\C/C=C\CCCCCCCC(=O)OC(C/C=C\CCCCCCCCOC(=O)CCN(CCCN(CC)CC)CCC(=O)OCCCCCCCC/C=C\CC(CCCCCC)OC(=O)CCCCCCC/C=C\C/C=C\CCCCC)CCCCCC,JW_2024,JW_2024,0
-5.0766463,0.07248316,CCCCC/C=C\C/C=C\CCCCCCCC(=O)OC(C/C=C\CCCCCCCCOC(=O)CCN(CCCN(CC)CC)CCC(=O)OCCCCCCCC/C=C\CC(CCCCCC)OC(=O)CCCCCCC/C=C\C/C=C\CCCCC)CCCCCC,JW_2024,JW_2024,1
-8.093214,0.747098745,CCCCC/C=C\C/C=C\CCCCCCCC(=O)OC(C/C=C\CCCCCCCCOC(=O)CCN(CCCN(CC)CC)CCC(=O)OCCCCCCCC/C=C\CC(CCCCCC)OC(=O)CCCCCCC/C=C\C/C=C\CCCCC)CCCCCC,JW_2024,JW_2024,1
-3.3488197,0.962975733,CCCCC/C=C\C/C=C\CCCCCCCC(=O)OC(C/C=C\CCCCCCCCOC(=O)CCN(CCCN(CC)CC)CCC(=O)OCCCCCCCC/C=C\CC(CCCCCC)OC(=O)CCCCCCC/C=C\C/C=C\CCCCC)CCCCCC,JW_2024,JW_2024,1
-3.229971,-0.530173429,CCCCC/C=C\C/C=C\CCCCCCCC(=O)OC(C/C=C\CCCCCCCCOC(=O)CCN(CCCN(CC)CC)CCC(=O)OCCCCCCCC/C=C\CC(CCCCCC)OC(=O)CCCCCCC/C=C\C/C=C\CCCCC)CCCCCC,JW_2024,JW_2024,0
-5.6669044,0.720114122,CCCCC/C=C\C/C=C\CCCCCCCC(=O)OC(C/C=C\CCCCCCCCOC(=O)CCN(CCCN(CC)CC)CCC(=O)OCCCCCCCC/C=C\CC(CCCCCC)OC(=O)CCCCCCC/C=C\C/C=C\CCCCC)CCCCCC,JW_2024,JW_2024,1
-3.5197988,1.241816841,CCCCC/C=C\C/C=C\CCCCCCCC(=O)OC(C/C=C\CCCCCCCCOC(=O)CCN(CCCN(CC)CC)CCC(=O)OCCCCCCCC/C=C\CC(CCCCCC)OC(=O)CCCCCCC/C=C\C/C=C\CCCCC)CCCCCC,JW_2024,JW_2024,1
-8.112194,1.412719456,CCCCC/C=C\C/C=C\CCCCCCCC(=O)OC(C/C=C\CCCCCCCCOC(=O)CCN(CCCN(CC)CC)CCC(=O)OCCCCCCCC/C=C\CC(CCCCCC)OC(=O)CCCCCCC/C=C\C/C=C\CCCCC)CCCCCC,JW_2024,JW_2024,2
-5.447326,1.664575941,CCCCC/C=C\C/C=C\CCCCCCCC(=O)OC(C/C=C\CCCCCCCCOC(=O)CCN(CCCN(CC)CC)CCC(=O)OCCCCCCCC/C=C\CC(CCCCCC)OC(=O)CCCCCCC/C=C\C/C=C\CCCCC)CCCCCC,JW_2024,JW_2024,2
-6.1655564,0.423283264,CCCCC/C=C\C/C=C\CCCCCCCC(=O)OC(C/C=C\CCCCCCCCOC(=O)CCN(CCCN(CC)CC)CCC(=O)OCCCCCCCC/C=C\CC(CCCCCC)OC(=O)CCCCCCC/C=C\C/C=C\CCCCC)CCCCCC,JW_2024,JW_2024,1
-2.7499142,1.106893724,CCCCC/C=C\C/C=C\CCCCCCCC(=O)OC(C/C=C\CCCCCCCCOC(=O)CCN(CCCN(CC)CC)CCC(=O)OCCCCCCCC/C=C\CC(CCCCCC)OC(=O)CCCCCCC/C=C\C/C=C\CCCCC)CCCCCC,JW_2024,JW_2024,1
-3.7367713,0.540216633,CCCCC/C=C\C/C=C\CCCCCCCC(=O)OC(C/C=C\CCCCCCCCOC(=O)CCN(CCCN(CC)CC)CCC(=O)OCCCCCCCC/C=C\CC(CCCCCC)OC(=O)CCCCCCC/C=C\C/C=C\CCCCC)CCCCCC,JW_2024,JW_2024,1
-6.8250294,0.405293516,CCCCC/C=C\C/C=C\CCCCCCCC(=O)OC(C/C=C\CCCCCCCCOC(=O)CCN(CCCN(CC)CC)CCC(=O)OCCCCCCCC/C=C\CC(CCCCCC)OC(=O)CCCCCCC/C=C\C/C=C\CCCCC)CCCCCC,JW_2024,JW_2024,1
-8.606806,-2.032317466,CCCCC/C=C\C/C=C\C/C=C\C/C=C\CCCC(=O)OC(C/C=C\CCCCCCCCOC(=O)CCN(CCCn1ccnc1)CCC(=O)OCCCCCCCC/C=C\CC(CCCCCC)OC(=O)CCC/C=C\C/C=C\C/C=C\C/C=C\CCCCC)CCCCCC,JW_2024,JW_2024,0
-7.176278,-1.627548115,CCCCC/C=C\C/C=C\C/C=C\C/C=C\CCCC(=O)OC(C/C=C\CCCCCCCCOC(=O)CCN(CCCn1ccnc1)CCC(=O)OCCCCCCCC/C=C\CC(CCCCCC)OC(=O)CCC/C=C\C/C=C\C/C=C\C/C=C\CCCCC)CCCCCC,JW_2024,JW_2024,0
-9.409812,-0.952932529,CCCCC/C=C\C/C=C\C/C=C\C/C=C\CCCC(=O)OC(C/C=C\CCCCCCCCOC(=O)CCN(CCCn1ccnc1)CCC(=O)OCCCCCCCC/C=C\CC(CCCCCC)OC(=O)CCC/C=C\C/C=C\C/C=C\C/C=C\CCCCC)CCCCCC,JW_2024,JW_2024,0
-8.606806,-1.051876148,CCCCC/C=C\C/C=C\C/C=C\C/C=C\CCCC(=O)OC(C/C=C\CCCCCCCCOC(=O)CCN(CCCn1ccnc1)CCC(=O)OCCCCCCCC/C=C\CC(CCCCCC)OC(=O)CCC/C=C\C/C=C\C/C=C\C/C=C\CCCCC)CCCCCC,JW_2024,JW_2024,0
-7.991994,-1.816440478,CCCCC/C=C\C/C=C\C/C=C\C/C=C\CCCC(=O)OC(C/C=C\CCCCCCCCOC(=O)CCN(CCCn1ccnc1)CCC(=O)OCCCCCCCC/C=C\CC(CCCCCC)OC(=O)CCC/C=C\C/C=C\C/C=C\C/C=C\CCCCC)CCCCCC,JW_2024,JW_2024,0
-10.210068,-1.663527612,CCCCC/C=C\C/C=C\C/C=C\C/C=C\CCCC(=O)OC(C/C=C\CCCCCCCCOC(=O)CCN(CCCn1ccnc1)CCC(=O)OCCCCCCCC/C=C\CC(CCCCCC)OC(=O)CCC/C=C\C/C=C\C/C=C\C/C=C\CCCCC)CCCCCC,JW_2024,JW_2024,0
-11.764892,-0.647106797,CCCCC/C=C\C/C=C\C/C=C\C/C=C\CCCC(=O)OC(C/C=C\CCCCCCCCOC(=O)CCN(CCCn1ccnc1)CCC(=O)OCCCCCCCC/C=C\CC(CCCCCC)OC(=O)CCC/C=C\C/C=C\C/C=C\C/C=C\CCCCC)CCCCCC,JW_2024,JW_2024,0
-8.424248,-1.834430227,CCCCC/C=C\C/C=C\C/C=C\C/C=C\CCCC(=O)OC(C/C=C\CCCCCCCCOC(=O)CCN(CCCn1ccnc1)CCC(=O)OCCCCCCCC/C=C\CC(CCCCCC)OC(=O)CCC/C=C\C/C=C\C/C=C\C/C=C\CCCCC)CCCCCC,JW_2024,JW_2024,0
-7.6210256,-0.476204182,CCCCC/C=C\C/C=C\C/C=C\C/C=C\CCCC(=O)OC(C/C=C\CCCCCCCCOC(=O)CCN(CCCn1ccnc1)CCC(=O)OCCCCCCCC/C=C\CC(CCCCCC)OC(=O)CCC/C=C\C/C=C\C/C=C\C/C=C\CCCCC)CCCCCC,JW_2024,JW_2024,0
-7.7746,-1.393681378,CCCCC/C=C\C/C=C\C/C=C\C/C=C\CCCC(=O)OC(C/C=C\CCCCCCCCOC(=O)CCN(CCCn1ccnc1)CCC(=O)OCCCCCCCC/C=C\CC(CCCCCC)OC(=O)CCC/C=C\C/C=C\C/C=C\C/C=C\CCCCC)CCCCCC,JW_2024,JW_2024,0
-9.611389,0.018513913,CCCCC/C=C\C/C=C\C/C=C\C/C=C\CCCC(=O)OC(C/C=C\CCCCCCCCOC(=O)CCN(CCCn1ccnc1)CCC(=O)OCCCCCCCC/C=C\CC(CCCCCC)OC(=O)CCC/C=C\C/C=C\C/C=C\C/C=C\CCCCC)CCCCCC,JW_2024,JW_2024,0
-6.402609,-1.186799266,CCCCC/C=C\C/C=C\C/C=C\C/C=C\CCCC(=O)OC(C/C=C\CCCCCCCCOC(=O)CCN(CCCn1ccnc1)CCC(=O)OCCCCCCCC/C=C\CC(CCCCCC)OC(=O)CCC/C=C\C/C=C\C/C=C\C/C=C\CCCCC)CCCCCC,JW_2024,JW_2024,0
-7.971505,-1.582573742,CCCCC/C=C\C/C=C\C/C=C\C/C=C\CCCC(=O)OC(C/C=C\CCCCCCCCOC(=O)CCN(CCCn1ccnc1)CCC(=O)OCCCCCCCC/C=C\CC(CCCCCC)OC(=O)CCC/C=C\C/C=C\C/C=C\C/C=C\CCCCC)CCCCCC,JW_2024,JW_2024,0
-9.968085,-1.465640374,CCCCC/C=C\C/C=C\C/C=C\C/C=C\CCCC(=O)OC(C/C=C\CCCCCCCCOC(=O)CCN(CCCn1ccnc1)CCC(=O)OCCCCCCCC/C=C\CC(CCCCCC)OC(=O)CCC/C=C\C/C=C\C/C=C\C/C=C\CCCCC)CCCCCC,JW_2024,JW_2024,0
-9.353798,-1.096850521,CCCCC/C=C\C/C=C\C/C=C\C/C=C\CCCC(=O)OC(C/C=C\CCCCCCCCOC(=O)CCN(CCC(=O)OCCCCCCCC/C=C\CC(CCCCCC)OC(=O)CCC/C=C\C/C=C\C/C=C\C/C=C\CCCCC)CCc1ccncc1)CCCCCC,JW_2024,JW_2024,0
-6.376127,-0.287311819,CCCCC/C=C\C/C=C\C/C=C\C/C=C\CCCC(=O)OC(C/C=C\CCCCCCCCOC(=O)CCN(CCC(=O)OCCCCCCCC/C=C\CC(CCCCCC)OC(=O)CCC/C=C\C/C=C\C/C=C\C/C=C\CCCCC)CCc1ccncc1)CCCCCC,JW_2024,JW_2024,0
-9.408675,-0.521178555,CCCCC/C=C\C/C=C\C/C=C\C/C=C\CCCC(=O)OC(C/C=C\CCCCCCCCOC(=O)CCN(CCC(=O)OCCCCCCCC/C=C\CC(CCCCCC)OC(=O)CCC/C=C\C/C=C\C/C=C\C/C=C\CCCCC)CCc1ccncc1)CCCCCC,JW_2024,JW_2024,0
-9.353798,0.594185879,CCCCC/C=C\C/C=C\C/C=C\C/C=C\CCCC(=O)OC(C/C=C\CCCCCCCCOC(=O)CCN(CCC(=O)OCCCCCCCC/C=C\CC(CCCCCC)OC(=O)CCC/C=C\C/C=C\C/C=C\C/C=C\CCCCC)CCc1ccncc1)CCCCCC,JW_2024,JW_2024,1
-8.425286,-0.683086295,CCCCC/C=C\C/C=C\C/C=C\C/C=C\CCCC(=O)OC(C/C=C\CCCCCCCCOC(=O)CCN(CCC(=O)OCCCCCCCC/C=C\CC(CCCCCC)OC(=O)CCC/C=C\C/C=C\C/C=C\C/C=C\CCCCC)CCc1ccncc1)CCCCCC,JW_2024,JW_2024,0
-10.368688,-0.413240061,CCCCC/C=C\C/C=C\C/C=C\C/C=C\CCCC(=O)OC(C/C=C\CCCCCCCCOC(=O)CCN(CCC(=O)OCCCCCCCC/C=C\CC(CCCCCC)OC(=O)CCC/C=C\C/C=C\C/C=C\C/C=C\CCCCC)CCc1ccncc1)CCCCCC,JW_2024,JW_2024,0
-13.055691,-0.08942458,CCCCC/C=C\C/C=C\C/C=C\C/C=C\CCCC(=O)OC(C/C=C\CCCCCCCCOC(=O)CCN(CCC(=O)OCCCCCCCC/C=C\CC(CCCCCC)OC(=O)CCC/C=C\C/C=C\C/C=C\C/C=C\CCCCC)CCc1ccncc1)CCCCCC,JW_2024,JW_2024,0
-7.9538846,-1.564583993,CCCCC/C=C\C/C=C\C/C=C\C/C=C\CCCC(=O)OC(C/C=C\CCCCCCCCOC(=O)CCN(CCC(=O)OCCCCCCCC/C=C\CC(CCCCCC)OC(=O)CCC/C=C\C/C=C\C/C=C\C/C=C\CCCCC)CCc1ccncc1)CCCCCC,JW_2024,JW_2024,0
-6.9136667,0.198411403,CCCCC/C=C\C/C=C\C/C=C\C/C=C\CCCC(=O)OC(C/C=C\CCCCCCCCOC(=O)CCN(CCC(=O)OCCCCCCCC/C=C\CC(CCCCCC)OC(=O)CCC/C=C\C/C=C\C/C=C\C/C=C\CCCCC)CCc1ccncc1)CCCCCC,JW_2024,JW_2024,1
-7.3165374,-0.997906902,CCCCC/C=C\C/C=C\C/C=C\C/C=C\CCCC(=O)OC(C/C=C\CCCCCCCCOC(=O)CCN(CCC(=O)OCCCCCCCC/C=C\CC(CCCCCC)OC(=O)CCC/C=C\C/C=C\C/C=C\C/C=C\CCCCC)CCc1ccncc1)CCCCCC,JW_2024,JW_2024,0
-9.417853,1.079909101,CCCCC/C=C\C/C=C\C/C=C\C/C=C\CCCC(=O)OC(C/C=C\CCCCCCCCOC(=O)CCN(CCC(=O)OCCCCCCCC/C=C\CC(CCCCCC)OC(=O)CCC/C=C\C/C=C\C/C=C\C/C=C\CCCCC)CCc1ccncc1)CCCCCC,JW_2024,JW_2024,1
-5.313806,-1.231773638,CCCCC/C=C\C/C=C\C/C=C\C/C=C\CCCC(=O)OC(C/C=C\CCCCCCCCOC(=O)CCN(CCC(=O)OCCCCCCCC/C=C\CC(CCCCCC)OC(=O)CCC/C=C\C/C=C\C/C=C\C/C=C\CCCCC)CCc1ccncc1)CCCCCC,JW_2024,JW_2024,0
-7.4559255,-1.339712132,CCCCC/C=C\C/C=C\C/C=C\C/C=C\CCCC(=O)OC(C/C=C\CCCCCCCCOC(=O)CCN(CCC(=O)OCCCCCCCC/C=C\CC(CCCCCC)OC(=O)CCC/C=C\C/C=C\C/C=C\C/C=C\CCCCC)CCc1ccncc1)CCCCCC,JW_2024,JW_2024,0
-10.191178,-0.755045291,CCCCC/C=C\C/C=C\C/C=C\C/C=C\CCCC(=O)OC(C/C=C\CCCCCCCCOC(=O)CCN(CCC(=O)OCCCCCCCC/C=C\CC(CCCCCC)OC(=O)CCC/C=C\C/C=C\C/C=C\C/C=C\CCCCC)CCc1ccncc1)CCCCCC,JW_2024,JW_2024,0
-8.372712,-0.683086295,CCCCC/C=C\C/C=C\C/C=C\C/C=C\CCCC(=O)OC(C/C=C\CCCCCCCCOC(=O)CCN(CCC(=O)OCCCCCCCC/C=C\CC(CCCCCC)OC(=O)CCC/C=C\C/C=C\C/C=C\C/C=C\CCCCC)CCc1ccncc1)CCCCCC,JW_2024,JW_2024,0
-7.6060514,-0.530173429,CCCCC/C=C\C/C=C\C/C=C\C/C=C\CCCC(=O)OC(C/C=C\CCCCCCCCOC(=O)CCN(CCC(=O)OCCCCCCCC/C=C\CC(CCCCCC)OC(=O)CCC/C=C\C/C=C\C/C=C\C/C=C\CCCCC)CCc1ccncc1)CCCCCC,JW_2024,JW_2024,0
-11.9738245,1.142873222,CCCCC/C=C\C/C=C\C/C=C\C/C=C\CCCC(=O)OC(C/C=C\CCCCCCCCOC(=O)CCN(CCC(=O)OCCCCCCCC/C=C\CC(CCCCCC)OC(=O)CCC/C=C\C/C=C\C/C=C\C/C=C\CCCCC)CCc1ccncc1)CCCCCC,JW_2024,JW_2024,1
-12.045196,0.594185879,CCCCC/C=C\C/C=C\C/C=C\C/C=C\CCCC(=O)OC(C/C=C\CCCCCCCCOC(=O)CCN(CCC(=O)OCCCCCCCC/C=C\CC(CCCCCC)OC(=O)CCC/C=C\C/C=C\C/C=C\C/C=C\CCCCC)CCc1ccncc1)CCCCCC,JW_2024,JW_2024,1
-11.09621,0.612175628,CCCCC/C=C\C/C=C\C/C=C\C/C=C\CCCC(=O)OC(C/C=C\CCCCCCCCOC(=O)CCN(CCC(=O)OCCCCCCCC/C=C\CC(CCCCCC)OC(=O)CCC/C=C\C/C=C\C/C=C\C/C=C\CCCCC)CCc1ccncc1)CCCCCC,JW_2024,JW_2024,1
-8.408187,-0.00847071,CCCCC/C=C\C/C=C\C/C=C\C/C=C\CCCC(=O)OC(C/C=C\CCCCCCCCOC(=O)CCN(CCC(=O)OCCCCCCCC/C=C\CC(CCCCCC)OC(=O)CCC/C=C\C/C=C\C/C=C\C/C=C\CCCCC)CCc1ccncc1)CCCCCC,JW_2024,JW_2024,0
-9.650597,-0.134398953,CCCCC/C=C\C/C=C\C/C=C\C/C=C\CCCC(=O)OC(C/C=C\CCCCCCCCOC(=O)CCN(CCC(=O)OCCCCCCCC/C=C\CC(CCCCCC)OC(=O)CCC/C=C\C/C=C\C/C=C\C/C=C\CCCCC)CCc1ccncc1)CCCCCC,JW_2024,JW_2024,0
-12.954467,-0.035455333,CCCCC/C=C\C/C=C\C/C=C\C/C=C\CCCC(=O)OC(C/C=C\CCCCCCCCOC(=O)CCN(CCC(=O)OCCCCCCCC/C=C\CC(CCCCCC)OC(=O)CCC/C=C\C/C=C\C/C=C\C/C=C\CCCCC)CCc1ccncc1)CCCCCC,JW_2024,JW_2024,0
-8.868983,-0.143393827,CCCCC/C=C\C/C=C\C/C=C\C/C=C\CCCC(=O)OC(C/C=C\CCCCCCCCOC(=O)CCN(CCC(=O)OCCCCCCCC/C=C\CC(CCCCCC)OC(=O)CCC/C=C\C/C=C\C/C=C\C/C=C\CCCCC)CCN1CCCC1)CCCCCC,JW_2024,JW_2024,0
-7.7133265,-0.458214434,CCCCC/C=C\C/C=C\C/C=C\C/C=C\CCCC(=O)OC(C/C=C\CCCCCCCCOC(=O)CCN(CCC(=O)OCCCCCCCC/C=C\CC(CCCCCC)OC(=O)CCC/C=C\C/C=C\C/C=C\C/C=C\CCCCC)CCN1CCCC1)CCCCCC,JW_2024,JW_2024,0
-10.427941,0.657150001,CCCCC/C=C\C/C=C\C/C=C\C/C=C\CCCC(=O)OC(C/C=C\CCCCCCCCOC(=O)CCN(CCC(=O)OCCCCCCCC/C=C\CC(CCCCCC)OC(=O)CCC/C=C\C/C=C\C/C=C\C/C=C\CCCCC)CCN1CCCC1)CCCCCC,JW_2024,JW_2024,1
-8.868983,0.081478035,CCCCC/C=C\C/C=C\C/C=C\C/C=C\CCCC(=O)OC(C/C=C\CCCCCCCCOC(=O)CCN(CCC(=O)OCCCCCCCC/C=C\CC(CCCCCC)OC(=O)CCC/C=C\C/C=C\C/C=C\C/C=C\CCCCC)CCN1CCCC1)CCCCCC,JW_2024,JW_2024,1
-8.252352,-0.116409204,CCCCC/C=C\C/C=C\C/C=C\C/C=C\CCCC(=O)OC(C/C=C\CCCCCCCCOC(=O)CCN(CCC(=O)OCCCCCCCC/C=C\CC(CCCCCC)OC(=O)CCC/C=C\C/C=C\C/C=C\C/C=C\CCCCC)CCN1CCCC1)CCCCCC,JW_2024,JW_2024,0
-11.4842205,-0.413240061,CCCCC/C=C\C/C=C\C/C=C\C/C=C\CCCC(=O)OC(C/C=C\CCCCCCCCOC(=O)CCN(CCC(=O)OCCCCCCCC/C=C\CC(CCCCCC)OC(=O)CCC/C=C\C/C=C\C/C=C\C/C=C\CCCCC)CCN1CCCC1)CCCCCC,JW_2024,JW_2024,0
-11.892062,0.027508788,CCCCC/C=C\C/C=C\C/C=C\C/C=C\CCCC(=O)OC(C/C=C\CCCCCCCCOC(=O)CCN(CCC(=O)OCCCCCCCC/C=C\CC(CCCCCC)OC(=O)CCC/C=C\C/C=C\C/C=C\C/C=C\CCCCC)CCN1CCCC1)CCCCCC,JW_2024,JW_2024,0
-9.166907,-0.332286191,CCCCC/C=C\C/C=C\C/C=C\C/C=C\CCCC(=O)OC(C/C=C\CCCCCCCCOC(=O)CCN(CCC(=O)OCCCCCCCC/C=C\CC(CCCCCC)OC(=O)CCC/C=C\C/C=C\C/C=C\C/C=C\CCCCC)CCN1CCCC1)CCCCCC,JW_2024,JW_2024,0
-8.540729,1.394729707,CCCCC/C=C\C/C=C\C/C=C\C/C=C\CCCC(=O)OC(C/C=C\CCCCCCCCOC(=O)CCN(CCC(=O)OCCCCCCCC/C=C\CC(CCCCCC)OC(=O)CCC/C=C\C/C=C\C/C=C\C/C=C\CCCCC)CCN1CCCC1)CCCCCC,JW_2024,JW_2024,2
-8.76427,0.090472909,CCCCC/C=C\C/C=C\C/C=C\C/C=C\CCCC(=O)OC(C/C=C\CCCCCCCCOC(=O)CCN(CCC(=O)OCCCCCCCC/C=C\CC(CCCCCC)OC(=O)CCC/C=C\C/C=C\C/C=C\C/C=C\CCCCC)CCN1CCCC1)CCCCCC,JW_2024,JW_2024,1
-10.76561,1.232821967,CCCCC/C=C\C/C=C\C/C=C\C/C=C\CCCC(=O)OC(C/C=C\CCCCCCCCOC(=O)CCN(CCC(=O)OCCCCCCCC/C=C\CC(CCCCCC)OC(=O)CCC/C=C\C/C=C\C/C=C\C/C=C\CCCCC)CCN1CCCC1)CCCCCC,JW_2024,JW_2024,1
-6.9542675,0.07248316,CCCCC/C=C\C/C=C\C/C=C\C/C=C\CCCC(=O)OC(C/C=C\CCCCCCCCOC(=O)CCN(CCC(=O)OCCCCCCCC/C=C\CC(CCCCCC)OC(=O)CCC/C=C\C/C=C\C/C=C\C/C=C\CCCCC)CCN1CCCC1)CCCCCC,JW_2024,JW_2024,1
-8.858827,-0.026460459,CCCCC/C=C\C/C=C\C/C=C\C/C=C\CCCC(=O)OC(C/C=C\CCCCCCCCOC(=O)CCN(CCC(=O)OCCCCCCCC/C=C\CC(CCCCCC)OC(=O)CCC/C=C\C/C=C\C/C=C\C/C=C\CCCCC)CCN1CCCC1)CCCCCC,JW_2024,JW_2024,0
-11.3582735,0.729108996,CCCCC/C=C\C/C=C\C/C=C\C/C=C\CCCC(=O)OC(C/C=C\CCCCCCCCOC(=O)CCN(CCC(=O)OCCCCCCCC/C=C\CC(CCCCCC)OC(=O)CCC/C=C\C/C=C\C/C=C\C/C=C\CCCCC)CCN1CCCC1)CCCCCC,JW_2024,JW_2024,1
-8.616833,0.33333452,CCCCC/C=C\C/C=C\C/C=C\C/C=C\CCCC(=O)OC(C/C=C\CCCCCCCCOC(=O)CCN(CCC(=O)OCCCCCCCC/C=C\CC(CCCCCC)OC(=O)CCC/C=C\C/C=C\C/C=C\C/C=C\CCCCC)CCN1CCCC1)CCCCCC,JW_2024,JW_2024,1
-7.6433597,0.027508788,CCCCC/C=C\C/C=C\C/C=C\C/C=C\CCCC(=O)OC(C/C=C\CCCCCCCCOC(=O)CCN(CCC(=O)OCCCCCCCC/C=C\CC(CCCCCC)OC(=O)CCC/C=C\C/C=C\C/C=C\C/C=C\CCCCC)CCN1CCCC1)CCCCCC,JW_2024,JW_2024,0
-9.507215,0.567201256,CCCCC/C=C\C/C=C\C/C=C\C/C=C\CCCC(=O)OC(C/C=C\CCCCCCCCOC(=O)CCN(CCC(=O)OCCCCCCCC/C=C\CC(CCCCCC)OC(=O)CCC/C=C\C/C=C\C/C=C\C/C=C\CCCCC)CCN1CCCC1)CCCCCC,JW_2024,JW_2024,1
-7.601289,0.621170503,CCCCC/C=C\C/C=C\C/C=C\C/C=C\CCCC(=O)OC(C/C=C\CCCCCCCCOC(=O)CCN(CCC(=O)OCCCCCCCC/C=C\CC(CCCCCC)OC(=O)CCC/C=C\C/C=C\C/C=C\C/C=C\CCCCC)CCN1CCCC1)CCCCCC,JW_2024,JW_2024,1
-13.079581,0.684134624,CCCCC/C=C\C/C=C\C/C=C\C/C=C\CCCC(=O)OC(C/C=C\CCCCCCCCOC(=O)CCN(CCC(=O)OCCCCCCCC/C=C\CC(CCCCCC)OC(=O)CCC/C=C\C/C=C\C/C=C\C/C=C\CCCCC)CCN1CCCC1)CCCCCC,JW_2024,JW_2024,1
-11.14971,1.952411924,CCCCC/C=C\C/C=C\C/C=C\C/C=C\CCCC(=O)OC(C/C=C\CCCCCCCCOC(=O)CCN(CCC(=O)OCCCCCCCC/C=C\CC(CCCCCC)OC(=O)CCC/C=C\C/C=C\C/C=C\C/C=C\CCCCC)CCN1CCCC1)CCCCCC,JW_2024,JW_2024,3
-11.714378,1.169857845,CCCCC/C=C\C/C=C\C/C=C\C/C=C\CCCC(=O)OC(C/C=C\CCCCCCCCOC(=O)CCN(CCC(=O)OCCCCCCCC/C=C\CC(CCCCCC)OC(=O)CCC/C=C\C/C=C\C/C=C\C/C=C\CCCCC)CCN1CCCC1)CCCCCC,JW_2024,JW_2024,1
-8.175933,0.83704749,CCCCC/C=C\C/C=C\C/C=C\C/C=C\CCCC(=O)OC(C/C=C\CCCCCCCCOC(=O)CCN(CCC(=O)OCCCCCCCC/C=C\CC(CCCCCC)OC(=O)CCC/C=C\C/C=C\C/C=C\C/C=C\CCCCC)CCN1CCCC1)CCCCCC,JW_2024,JW_2024,1
-9.1876135,0.91800136,CCCCC/C=C\C/C=C\C/C=C\C/C=C\CCCC(=O)OC(C/C=C\CCCCCCCCOC(=O)CCN(CCC(=O)OCCCCCCCC/C=C\CC(CCCCCC)OC(=O)CCC/C=C\C/C=C\C/C=C\C/C=C\CCCCC)CCN1CCCC1)CCCCCC,JW_2024,JW_2024,1
-12.149695,1.223827092,CCCCC/C=C\C/C=C\C/C=C\C/C=C\CCCC(=O)OC(C/C=C\CCCCCCCCOC(=O)CCN(CCC(=O)OCCCCCCCC/C=C\CC(CCCCCC)OC(=O)CCC/C=C\C/C=C\C/C=C\C/C=C\CCCCC)CCN1CCCC1)CCCCCC,JW_2024,JW_2024,1
-6.7644377,-1.375691629,CCCCC/C=C\C/C=C\C/C=C\C/C=C\CCCC(=O)OC(C/C=C\CCCCCCCCOC(=O)CCN(CCC(=O)OCCCCCCCC/C=C\CC(CCCCCC)OC(=O)CCC/C=C\C/C=C\C/C=C\C/C=C\CCCCC)CCN1CCOCC1)CCCCCC,JW_2024,JW_2024,0
-5.634218,-1.681517361,CCCCC/C=C\C/C=C\C/C=C\C/C=C\CCCC(=O)OC(C/C=C\CCCCCCCCOC(=O)CCN(CCC(=O)OCCCCCCCC/C=C\CC(CCCCCC)OC(=O)CCC/C=C\C/C=C\C/C=C\C/C=C\CCCCC)CCN1CCOCC1)CCCCCC,JW_2024,JW_2024,0
-8.492414,-1.060871023,CCCCC/C=C\C/C=C\C/C=C\C/C=C\CCCC(=O)OC(C/C=C\CCCCCCCCOC(=O)CCN(CCC(=O)OCCCCCCCC/C=C\CC(CCCCCC)OC(=O)CCC/C=C\C/C=C\C/C=C\C/C=C\CCCCC)CCN1CCOCC1)CCCCCC,JW_2024,JW_2024,0
-6.7644377,-0.755045291,CCCCC/C=C\C/C=C\C/C=C\C/C=C\CCCC(=O)OC(C/C=C\CCCCCCCCOC(=O)CCN(CCC(=O)OCCCCCCCC/C=C\CC(CCCCCC)OC(=O)CCC/C=C\C/C=C\C/C=C\C/C=C\CCCCC)CCN1CCOCC1)CCCCCC,JW_2024,JW_2024,0
-6.5748305,-1.645537863,CCCCC/C=C\C/C=C\C/C=C\C/C=C\CCCC(=O)OC(C/C=C\CCCCCCCCOC(=O)CCN(CCC(=O)OCCCCCCCC/C=C\CC(CCCCCC)OC(=O)CCC/C=C\C/C=C\C/C=C\C/C=C\CCCCC)CCN1CCOCC1)CCCCCC,JW_2024,JW_2024,0
-9.752273,-1.330717257,CCCCC/C=C\C/C=C\C/C=C\C/C=C\CCCC(=O)OC(C/C=C\CCCCCCCCOC(=O)CCN(CCC(=O)OCCCCCCCC/C=C\CC(CCCCCC)OC(=O)CCC/C=C\C/C=C\C/C=C\C/C=C\CCCCC)CCN1CCOCC1)CCCCCC,JW_2024,JW_2024,0
-11.663518,-0.35027594,CCCCC/C=C\C/C=C\C/C=C\C/C=C\CCCC(=O)OC(C/C=C\CCCCCCCCOC(=O)CCN(CCC(=O)OCCCCCCCC/C=C\CC(CCCCCC)OC(=O)CCC/C=C\C/C=C\C/C=C\C/C=C\CCCCC)CCN1CCOCC1)CCCCCC,JW_2024,JW_2024,0
-7.5188537,-1.969353344,CCCCC/C=C\C/C=C\C/C=C\C/C=C\CCCC(=O)OC(C/C=C\CCCCCCCCOC(=O)CCN(CCC(=O)OCCCCCCCC/C=C\CC(CCCCCC)OC(=O)CCC/C=C\C/C=C\C/C=C\C/C=C\CCCCC)CCN1CCOCC1)CCCCCC,JW_2024,JW_2024,0
-6.4104195,-0.809014538,CCCCC/C=C\C/C=C\C/C=C\C/C=C\CCCC(=O)OC(C/C=C\CCCCCCCCOC(=O)CCN(CCC(=O)OCCCCCCCC/C=C\CC(CCCCCC)OC(=O)CCC/C=C\C/C=C\C/C=C\C/C=C\CCCCC)CCN1CCOCC1)CCCCCC,JW_2024,JW_2024,0
-6.7601485,-0.880973534,CCCCC/C=C\C/C=C\C/C=C\C/C=C\CCCC(=O)OC(C/C=C\CCCCCCCCOC(=O)CCN(CCC(=O)OCCCCCCCC/C=C\CC(CCCCCC)OC(=O)CCC/C=C\C/C=C\C/C=C\C/C=C\CCCCC)CCN1CCOCC1)CCCCCC,JW_2024,JW_2024,0
-8.79338,0.666144875,CCCCC/C=C\C/C=C\C/C=C\C/C=C\CCCC(=O)OC(C/C=C\CCCCCCCCOC(=O)CCN(CCC(=O)OCCCCCCCC/C=C\CC(CCCCCC)OC(=O)CCC/C=C\C/C=C\C/C=C\C/C=C\CCCCC)CCN1CCOCC1)CCCCCC,JW_2024,JW_2024,1
-5.5879626,-1.519609621,CCCCC/C=C\C/C=C\C/C=C\C/C=C\CCCC(=O)OC(C/C=C\CCCCCCCCOC(=O)CCN(CCC(=O)OCCCCCCCC/C=C\CC(CCCCCC)OC(=O)CCC/C=C\C/C=C\C/C=C\C/C=C\CCCCC)CCN1CCOCC1)CCCCCC,JW_2024,JW_2024,0
-6.9408984,-1.438655751,CCCCC/C=C\C/C=C\C/C=C\C/C=C\CCCC(=O)OC(C/C=C\CCCCCCCCOC(=O)CCN(CCC(=O)OCCCCCCCC/C=C\CC(CCCCCC)OC(=O)CCC/C=C\C/C=C\C/C=C\C/C=C\CCCCC)CCN1CCOCC1)CCCCCC,JW_2024,JW_2024,0
-9.320246,-0.422234936,CCCCC/C=C\C/C=C\C/C=C\C/C=C\CCCC(=O)OC(C/C=C\CCCCCCCCOC(=O)CCN(CCC(=O)OCCCCCCCC/C=C\CC(CCCCCC)OC(=O)CCC/C=C\C/C=C\C/C=C\C/C=C\CCCCC)CCN1CCOCC1)CCCCCC,JW_2024,JW_2024,0
-3.9947476,-0.683086295,CCCCC/C=C\C/C=C\C/C=C\C/C=C\CCCC(=O)OC(C/C=C\CCCCCCCCOC(=O)CCN(CCCN(CC)CC)CCC(=O)OCCCCCCCC/C=C\CC(CCCCCC)OC(=O)CCC/C=C\C/C=C\C/C=C\C/C=C\CCCCC)CCCCCC,JW_2024,JW_2024,0
-3.6005673,-0.359270814,CCCCC/C=C\C/C=C\C/C=C\C/C=C\CCCC(=O)OC(C/C=C\CCCCCCCCOC(=O)CCN(CCCN(CC)CC)CCC(=O)OCCCCCCCC/C=C\CC(CCCCCC)OC(=O)CCC/C=C\C/C=C\C/C=C\C/C=C\CCCCC)CCCCCC,JW_2024,JW_2024,0
-5.810388,-0.728060668,CCCCC/C=C\C/C=C\C/C=C\C/C=C\CCCC(=O)OC(C/C=C\CCCCCCCCOC(=O)CCN(CCCN(CC)CC)CCC(=O)OCCCCCCCC/C=C\CC(CCCCCC)OC(=O)CCC/C=C\C/C=C\C/C=C\C/C=C\CCCCC)CCCCCC,JW_2024,JW_2024,0
-3.9947476,0.000524164,CCCCC/C=C\C/C=C\C/C=C\C/C=C\CCCC(=O)OC(C/C=C\CCCCCCCCOC(=O)CCN(CCCN(CC)CC)CCC(=O)OCCCCCCCC/C=C\CC(CCCCCC)OC(=O)CCC/C=C\C/C=C\C/C=C\C/C=C\CCCCC)CCCCCC,JW_2024,JW_2024,0
-3.5899372,-0.629117048,CCCCC/C=C\C/C=C\C/C=C\C/C=C\CCCC(=O)OC(C/C=C\CCCCCCCCOC(=O)CCN(CCCN(CC)CC)CCC(=O)OCCCCCCCC/C=C\CC(CCCCCC)OC(=O)CCC/C=C\C/C=C\C/C=C\C/C=C\CCCCC)CCCCCC,JW_2024,JW_2024,0
-6.677007,0.117457533,CCCCC/C=C\C/C=C\C/C=C\C/C=C\CCCC(=O)OC(C/C=C\CCCCCCCCOC(=O)CCN(CCCN(CC)CC)CCC(=O)OCCCCCCCC/C=C\CC(CCCCCC)OC(=O)CCC/C=C\C/C=C\C/C=C\C/C=C\CCCCC)CCCCCC,JW_2024,JW_2024,1
-7.757762,0.783078243,CCCCC/C=C\C/C=C\C/C=C\C/C=C\CCCC(=O)OC(C/C=C\CCCCCCCCOC(=O)CCN(CCCN(CC)CC)CCC(=O)OCCCCCCCC/C=C\CC(CCCCCC)OC(=O)CCC/C=C\C/C=C\C/C=C\C/C=C\CCCCC)CCCCCC,JW_2024,JW_2024,1
-5.00166,-0.764040165,CCCCC/C=C\C/C=C\C/C=C\C/C=C\CCCC(=O)OC(C/C=C\CCCCCCCCOC(=O)CCN(CCCN(CC)CC)CCC(=O)OCCCCCCCC/C=C\CC(CCCCCC)OC(=O)CCC/C=C\C/C=C\C/C=C\C/C=C\CCCCC)CCCCCC,JW_2024,JW_2024,0
-4.478543,1.016944979,CCCCC/C=C\C/C=C\C/C=C\C/C=C\CCCC(=O)OC(C/C=C\CCCCCCCCOC(=O)CCN(CCCN(CC)CC)CCC(=O)OCCCCCCCC/C=C\CC(CCCCCC)OC(=O)CCC/C=C\C/C=C\C/C=C\C/C=C\CCCCC)CCCCCC,JW_2024,JW_2024,1
-4.673759,-0.116409204,CCCCC/C=C\C/C=C\C/C=C\C/C=C\CCCC(=O)OC(C/C=C\CCCCCCCCOC(=O)CCN(CCCN(CC)CC)CCC(=O)OCCCCCCCC/C=C\CC(CCCCCC)OC(=O)CCC/C=C\C/C=C\C/C=C\C/C=C\CCCCC)CCCCCC,JW_2024,JW_2024,0
-6.321598,0.684134624,CCCCC/C=C\C/C=C\C/C=C\C/C=C\CCCC(=O)OC(C/C=C\CCCCCCCCOC(=O)CCN(CCCN(CC)CC)CCC(=O)OCCCCCCCC/C=C\CC(CCCCCC)OC(=O)CCC/C=C\C/C=C\C/C=C\C/C=C\CCCCC)CCCCCC,JW_2024,JW_2024,1
-3.4156551,-0.503188806,CCCCC/C=C\C/C=C\C/C=C\C/C=C\CCCC(=O)OC(C/C=C\CCCCCCCCOC(=O)CCN(CCCN(CC)CC)CCC(=O)OCCCCCCCC/C=C\CC(CCCCCC)OC(=O)CCC/C=C\C/C=C\C/C=C\C/C=C\CCCCC)CCCCCC,JW_2024,JW_2024,0
-4.5896435,-0.152388702,CCCCC/C=C\C/C=C\C/C=C\C/C=C\CCCC(=O)OC(C/C=C\CCCCCCCCOC(=O)CCN(CCCN(CC)CC)CCC(=O)OCCCCCCCC/C=C\CC(CCCCCC)OC(=O)CCC/C=C\C/C=C\C/C=C\C/C=C\CCCCC)CCCCCC,JW_2024,JW_2024,0
-6.6329503,0.594185879,CCCCC/C=C\C/C=C\C/C=C\C/C=C\CCCC(=O)OC(C/C=C\CCCCCCCCOC(=O)CCN(CCCN(CC)CC)CCC(=O)OCCCCCCCC/C=C\CC(CCCCCC)OC(=O)CCC/C=C\C/C=C\C/C=C\C/C=C\CCCCC)CCCCCC,JW_2024,JW_2024,1
-3.8252242,0.288360147,CCCCC/C=C\C/C=C\C/C=C\C/C=C\CCCC(=O)OC(C/C=C\CCCCCCCCOC(=O)CCN(CCCN(CC)CC)CCC(=O)OCCCCCCCC/C=C\CC(CCCCCC)OC(=O)CCC/C=C\C/C=C\C/C=C\C/C=C\CCCCC)CCCCCC,JW_2024,JW_2024,1
-3.061251,-1.060871023,CCCCC/C=C\C/C=C\C/C=C\C/C=C\CCCC(=O)OC(C/C=C\CCCCCCCCOC(=O)CCN(CCCN(CC)CC)CCC(=O)OCCCCCCCC/C=C\CC(CCCCCC)OC(=O)CCC/C=C\C/C=C\C/C=C\C/C=C\CCCCC)CCCCCC,JW_2024,JW_2024,0
-5.3377504,0.57619613,CCCCC/C=C\C/C=C\C/C=C\C/C=C\CCCC(=O)OC(C/C=C\CCCCCCCCOC(=O)CCN(CCCN(CC)CC)CCC(=O)OCCCCCCCC/C=C\CC(CCCCCC)OC(=O)CCC/C=C\C/C=C\C/C=C\C/C=C\CCCCC)CCCCCC,JW_2024,JW_2024,1
-3.3379648,0.953980858,CCCCC/C=C\C/C=C\C/C=C\C/C=C\CCCC(=O)OC(C/C=C\CCCCCCCCOC(=O)CCN(CCCN(CC)CC)CCC(=O)OCCCCCCCC/C=C\CC(CCCCCC)OC(=O)CCC/C=C\C/C=C\C/C=C\C/C=C\CCCCC)CCCCCC,JW_2024,JW_2024,1
-8.963403,0.998955231,CCCCC/C=C\C/C=C\C/C=C\C/C=C\CCCC(=O)OC(C/C=C\CCCCCCCCOC(=O)CCN(CCCN(CC)CC)CCC(=O)OCCCCCCCC/C=C\CC(CCCCCC)OC(=O)CCC/C=C\C/C=C\C/C=C\C/C=C\CCCCC)CCCCCC,JW_2024,JW_2024,1
-7.1715493,1.853468305,CCCCC/C=C\C/C=C\C/C=C\C/C=C\CCCC(=O)OC(C/C=C\CCCCCCCCOC(=O)CCN(CCCN(CC)CC)CCC(=O)OCCCCCCCC/C=C\CC(CCCCCC)OC(=O)CCC/C=C\C/C=C\C/C=C\C/C=C\CCCCC)CCCCCC,JW_2024,JW_2024,2
-5.841241,0.513232009,CCCCC/C=C\C/C=C\C/C=C\C/C=C\CCCC(=O)OC(C/C=C\CCCCCCCCOC(=O)CCN(CCCN(CC)CC)CCC(=O)OCCCCCCCC/C=C\CC(CCCCCC)OC(=O)CCC/C=C\C/C=C\C/C=C\C/C=C\CCCCC)CCCCCC,JW_2024,JW_2024,1
-3.4813106,1.538647699,CCCCC/C=C\C/C=C\C/C=C\C/C=C\CCCC(=O)OC(C/C=C\CCCCCCCCOC(=O)CCN(CCCN(CC)CC)CCC(=O)OCCCCCCCC/C=C\CC(CCCCCC)OC(=O)CCC/C=C\C/C=C\C/C=C\C/C=C\CCCCC)CCCCCC,JW_2024,JW_2024,2
-4.313377,0.15343703,CCCCC/C=C\C/C=C\C/C=C\C/C=C\CCCC(=O)OC(C/C=C\CCCCCCCCOC(=O)CCN(CCCN(CC)CC)CCC(=O)OCCCCCCCC/C=C\CC(CCCCCC)OC(=O)CCC/C=C\C/C=C\C/C=C\C/C=C\CCCCC)CCCCCC,JW_2024,JW_2024,1
-8.35892,0.882021862,CCCCC/C=C\C/C=C\C/C=C\C/C=C\CCCC(=O)OC(C/C=C\CCCCCCCCOC(=O)CCN(CCCN(CC)CC)CCC(=O)OCCCCCCCC/C=C\CC(CCCCCC)OC(=O)CCC/C=C\C/C=C\C/C=C\C/C=C\CCCCC)CCCCCC,JW_2024,JW_2024,1
-6.7516522,-0.907958157,CCCCC/C=C\CCC(=O)OC(C/C=C\CCCCCCCCOC(=O)CCN(CCC(=O)OCCCCCCCC/C=C\CC(CCCCCC)OC(=O)CC/C=C\CCCCC)CCN1CCCN(C)CC1)CCCCCC,JW_2024,JW_2024,0
-5.4042034,-0.188368199,CCCCC/C=C\CCC(=O)OC(C/C=C\CCCCCCCCOC(=O)CCN(CCC(=O)OCCCCCCCC/C=C\CC(CCCCCC)OC(=O)CC/C=C\CCCCC)CCN1CCCN(C)CC1)CCCCCC,JW_2024,JW_2024,0
-7.927793,0.018513913,CCCCC/C=C\CCC(=O)OC(C/C=C\CCCCCCCCOC(=O)CCN(CCC(=O)OCCCCCCCC/C=C\CC(CCCCCC)OC(=O)CC/C=C\CCCCC)CCN1CCCN(C)CC1)CCCCCC,JW_2024,JW_2024,0
-6.7604413,0.315344771,CCCCC/C=C\CCC(=O)OC(C/C=C\CCCCCCCCOC(=O)CCN(CCC(=O)OCCCCCCCC/C=C\CC(CCCCCC)OC(=O)CC/C=C\CCCCC)CCN1CCCN(C)CC1)CCCCCC,JW_2024,JW_2024,1
-7.415806,-0.6111273,CCCCC/C=C\CCC(=O)OC(C/C=C\CCCCCCCCOC(=O)CCN(CCC(=O)OCCCCCCCC/C=C\CC(CCCCCC)OC(=O)CC/C=C\CCCCC)CCN1CCCN(C)CC1)CCCCCC,JW_2024,JW_2024,0
-6.944483,0.081478035,CCCCC/C=C\CCC(=O)OC(C/C=C\CCCCCCCCOC(=O)CCN(CCC(=O)OCCCCCCCC/C=C\CC(CCCCCC)OC(=O)CC/C=C\CCCCC)CCN1CCCN(C)CC1)CCCCCC,JW_2024,JW_2024,1
-8.363731,1.088903975,CCCCC/C=C\CCC(=O)OC(C/C=C\CCCCCCCCOC(=O)CCN(CCC(=O)OCCCCCCCC/C=C\CC(CCCCCC)OC(=O)CC/C=C\CCCCC)CCN1CCCN(C)CC1)CCCCCC,JW_2024,JW_2024,1
-7.6296506,-0.035455333,CCCCC/C=C\CCC(=O)OC(C/C=C\CCCCCCCCOC(=O)CCN(CCC(=O)OCCCCCCCC/C=C\CC(CCCCCC)OC(=O)CC/C=C\CCCCC)CCN1CCCN(C)CC1)CCCCCC,JW_2024,JW_2024,0
-5.619251,1.736534937,CCCCC/C=C\CCC(=O)OC(C/C=C\CCCCCCCCOC(=O)CCN(CCC(=O)OCCCCCCCC/C=C\CC(CCCCCC)OC(=O)CC/C=C\CCCCC)CCN1CCCN(C)CC1)CCCCCC,JW_2024,JW_2024,2
-7.532288,-0.305301568,CCCCC/C=C\CCC(=O)OC(C/C=C\CCCCCCCCOC(=O)CCN(CCC(=O)OCCCCCCCC/C=C\CC(CCCCCC)OC(=O)CC/C=C\CCCCC)CCN1CCCN(C)CC1)CCCCCC,JW_2024,JW_2024,0
-6.33874,1.349755335,CCCCC/C=C\CCC(=O)OC(C/C=C\CCCCCCCCOC(=O)CCN(CCC(=O)OCCCCCCCC/C=C\CC(CCCCCC)OC(=O)CC/C=C\CCCCC)CCN1CCCN(C)CC1)CCCCCC,JW_2024,JW_2024,2
-6.6930833,-0.260327195,CCCCC/C=C\CCC(=O)OC(C/C=C\CCCCCCCCOC(=O)CCN(CCC(=O)OCCCCCCCC/C=C\CC(CCCCCC)OC(=O)CC/C=C\CCCCC)CCN1CCCN(C)CC1)CCCCCC,JW_2024,JW_2024,0
-7.642872,-0.305301568,CCCCC/C=C\CCC(=O)OC(C/C=C\CCCCCCCCOC(=O)CCN(CCC(=O)OCCCCCCCC/C=C\CC(CCCCCC)OC(=O)CC/C=C\CCCCC)CCN1CCCN(C)CC1)CCCCCC,JW_2024,JW_2024,0
-7.758028,0.036503662,CCCCC/C=C\CCC(=O)OC(C/C=C\CCCCCCCCOC(=O)CCN(CCC(=O)OCCCCCCCC/C=C\CC(CCCCCC)OC(=O)CC/C=C\CCCCC)CCN1CCCN(C)CC1)CCCCCC,JW_2024,JW_2024,1
-7.1742907,0.432278139,CCCCC/C=C\CCC(=O)OC(C/C=C\CCCCCCCCOC(=O)CCN(CCC(=O)OCCCCCCCC/C=C\CC(CCCCCC)OC(=O)CC/C=C\CCCCC)CCN1CCCN(C)CC1)CCCCCC,JW_2024,JW_2024,1
-7.485636,-0.305301568,CCCCC/C=C\CCC(=O)OC(C/C=C\CCCCCCCCOC(=O)CCN(CCC(=O)OCCCCCCCC/C=C\CC(CCCCCC)OC(=O)CC/C=C\CCCCC)CCN1CCCN(C)CC1)CCCCCC,JW_2024,JW_2024,0
-7.2003174,0.846042365,CCCCC/C=C\CCC(=O)OC(C/C=C\CCCCCCCCOC(=O)CCN(CCC(=O)OCCCCCCCC/C=C\CC(CCCCCC)OC(=O)CC/C=C\CCCCC)CCN1CCCN(C)CC1)CCCCCC,JW_2024,JW_2024,1
-6.837713,0.962975733,CCCCC/C=C\CCC(=O)OC(C/C=C\CCCCCCCCOC(=O)CCN(CCC(=O)OCCCCCCCC/C=C\CC(CCCCCC)OC(=O)CC/C=C\CCCCC)CCN1CCCN(C)CC1)CCCCCC,JW_2024,JW_2024,1
-8.440307,0.989960356,CCCCC/C=C\CCC(=O)OC(C/C=C\CCCCCCCCOC(=O)CCN(CCC(=O)OCCCCCCCC/C=C\CC(CCCCCC)OC(=O)CC/C=C\CCCCC)CCN1CCCN(C)CC1)CCCCCC,JW_2024,JW_2024,1
-6.841532,1.295786088,CCCCC/C=C\CCC(=O)OC(C/C=C\CCCCCCCCOC(=O)CCN(CCC(=O)OCCCCCCCC/C=C\CC(CCCCCC)OC(=O)CC/C=C\CCCCC)CCN1CCCN(C)CC1)CCCCCC,JW_2024,JW_2024,1
-7.736472,0.846042365,CCCCC/C=C\CCC(=O)OC(C/C=C\CCCCCCCCOC(=O)CCN(CCC(=O)OCCCCCCCC/C=C\CC(CCCCCC)OC(=O)CC/C=C\CCCCC)CCN1CCCN(C)CC1)CCCCCC,JW_2024,JW_2024,1
-6.809234,0.846042365,CCCCC/C=C\CCC(=O)OC(C/C=C\CCCCCCCCOC(=O)CCN(CCC(=O)OCCCCCCCC/C=C\CC(CCCCCC)OC(=O)CC/C=C\CCCCC)CCN1CCCN(C)CC1)CCCCCC,JW_2024,JW_2024,1
-6.9151564,0.306349896,CCCCC/C=C\CCC(=O)OC(C/C=C\CCCCCCCCOC(=O)CCN(CCC(=O)OCCCCCCCC/C=C\CC(CCCCCC)OC(=O)CC/C=C\CCCCC)CCN1CCCN(C)CC1)CCCCCC,JW_2024,JW_2024,1
-8.479609,0.621170503,CCCCC/C=C\CCC(=O)OC(C/C=C\CCCCCCCCOC(=O)CCN(CCC(=O)OCCCCCCCC/C=C\CC(CCCCCC)OC(=O)CC/C=C\CCCCC)CCN1CCCN(C)CC1)CCCCCC,JW_2024,JW_2024,1
-10.050287,-1.834430227,CCCCC/C=C\CCC(=O)OC(C/C=C\CCCCCCCCOC(=O)CCN(C)CCCn1ccnc1)CCCCCC,JW_2024,JW_2024,0
-10.241699,-1.807445604,CCCCC/C=C\CCC(=O)OC(C/C=C\CCCCCCCCOC(=O)CCN(C)CCCn1ccnc1)CCCCCC,JW_2024,JW_2024,0
-16.015467,-1.249763387,CCCCC/C=C\CCC(=O)OC(C/C=C\CCCCCCCCOC(=O)CCN(C)CCCn1ccnc1)CCCCCC,JW_2024,JW_2024,0
-10.069408,-1.798450729,CCCCC/C=C\CCC(=O)OC(C/C=C\CCCCCCCCOC(=O)CCN(C)CCCn1ccnc1)CCCCCC,JW_2024,JW_2024,0
-9.851837,-1.771466106,CCCCC/C=C\CCC(=O)OC(C/C=C\CCCCCCCCOC(=O)CCN(C)CCCn1ccnc1)CCCCCC,JW_2024,JW_2024,0
-15.557013,-2.616984306,CCCCC/C=C\CCC(=O)OC(C/C=C\CCCCCCCCOC(=O)CCN(C)CCCn1ccnc1)CCCCCC,JW_2024,JW_2024,0
-15.76466,-1.240768512,CCCCC/C=C\CCC(=O)OC(C/C=C\CCCCCCCCOC(=O)CCN(C)CCCn1ccnc1)CCCCCC,JW_2024,JW_2024,0
-10.459617,-1.690512236,CCCCC/C=C\CCC(=O)OC(C/C=C\CCCCCCCCOC(=O)CCN(C)CCCn1ccnc1)CCCCCC,JW_2024,JW_2024,0
-11.424131,0.243385775,CCCCC/C=C\CCC(=O)OC(C/C=C\CCCCCCCCOC(=O)CCN(C)CCCn1ccnc1)CCCCCC,JW_2024,JW_2024,1
-10.600289,-1.402676253,CCCCC/C=C\CCC(=O)OC(C/C=C\CCCCCCCCOC(=O)CCN(C)CCCn1ccnc1)CCCCCC,JW_2024,JW_2024,0
-14.865911,0.108462658,CCCCC/C=C\CCC(=O)OC(C/C=C\CCCCCCCCOC(=O)CCN(C)CCCn1ccnc1)CCCCCC,JW_2024,JW_2024,1
-10.173946,-1.717496859,CCCCC/C=C\CCC(=O)OC(C/C=C\CCCCCCCCOC(=O)CCN(C)CCCn1ccnc1)CCCCCC,JW_2024,JW_2024,0
-10.388947,-1.546594244,CCCCC/C=C\CCC(=O)OC(C/C=C\CCCCCCCCOC(=O)CCN(C)CCCn1ccnc1)CCCCCC,JW_2024,JW_2024,0
-16.256903,-1.186799266,CCCCC/C=C\CCC(=O)OC(C/C=C\CCCCCCCCOC(=O)CCN(C)CCCn1ccnc1)CCCCCC,JW_2024,JW_2024,0
-8.358315,-0.997906902,CCCCC/C=C\CCC(=O)OC(C/C=C\CCCCCCCCOC(=O)CCN1CCC(c2ccncc2)CC1)CCCCCC,JW_2024,JW_2024,0
-8.215821,-0.898963283,CCCCC/C=C\CCC(=O)OC(C/C=C\CCCCCCCCOC(=O)CCN1CCC(c2ccncc2)CC1)CCCCCC,JW_2024,JW_2024,0
-13.782998,-1.105845395,CCCCC/C=C\CCC(=O)OC(C/C=C\CCCCCCCCOC(=O)CCN1CCC(c2ccncc2)CC1)CCCCCC,JW_2024,JW_2024,0
-8.153675,-0.638111923,CCCCC/C=C\CCC(=O)OC(C/C=C\CCCCCCCCOC(=O)CCN1CCC(c2ccncc2)CC1)CCCCCC,JW_2024,JW_2024,0
-8.663294,-0.215352823,CCCCC/C=C\CCC(=O)OC(C/C=C\CCCCCCCCOC(=O)CCN1CCC(c2ccncc2)CC1)CCCCCC,JW_2024,JW_2024,0
-13.866125,-0.835999161,CCCCC/C=C\CCC(=O)OC(C/C=C\CCCCCCCCOC(=O)CCN1CCC(c2ccncc2)CC1)CCCCCC,JW_2024,JW_2024,0
-13.261009,-0.170378451,CCCCC/C=C\CCC(=O)OC(C/C=C\CCCCCCCCOC(=O)CCN1CCC(c2ccncc2)CC1)CCCCCC,JW_2024,JW_2024,0
-8.992543,-1.53759937,CCCCC/C=C\CCC(=O)OC(C/C=C\CCCCCCCCOC(=O)CCN1CCC(c2ccncc2)CC1)CCCCCC,JW_2024,JW_2024,0
-9.446582,-1.429660876,CCCCC/C=C\CCC(=O)OC(C/C=C\CCCCCCCCOC(=O)CCN1CCC(c2ccncc2)CC1)CCCCCC,JW_2024,JW_2024,0
-8.751624,-1.105845395,CCCCC/C=C\CCC(=O)OC(C/C=C\CCCCCCCCOC(=O)CCN1CCC(c2ccncc2)CC1)CCCCCC,JW_2024,JW_2024,0
-13.398575,0.962975733,CCCCC/C=C\CCC(=O)OC(C/C=C\CCCCCCCCOC(=O)CCN1CCC(c2ccncc2)CC1)CCCCCC,JW_2024,JW_2024,1
-8.586222,-1.060871023,CCCCC/C=C\CCC(=O)OC(C/C=C\CCCCCCCCOC(=O)CCN1CCC(c2ccncc2)CC1)CCCCCC,JW_2024,JW_2024,0
-8.756781,-0.943937655,CCCCC/C=C\CCC(=O)OC(C/C=C\CCCCCCCCOC(=O)CCN1CCC(c2ccncc2)CC1)CCCCCC,JW_2024,JW_2024,0
-14.861645,-0.035455333,CCCCC/C=C\CCC(=O)OC(C/C=C\CCCCCCCCOC(=O)CCN1CCC(c2ccncc2)CC1)CCCCCC,JW_2024,JW_2024,0
-9.038046,-1.798450729,CCCCC/C=C\CCC(=O)OC(C/C=C\CCCCCCCCOC(=O)CCN1CCC(c2cccnc2)CC1)CCCCCC,JW_2024,JW_2024,0
-9.18965,-0.943937655,CCCCC/C=C\CCC(=O)OC(C/C=C\CCCCCCCCOC(=O)CCN1CCC(c2cccnc2)CC1)CCCCCC,JW_2024,JW_2024,0
-14.837423,-1.168809517,CCCCC/C=C\CCC(=O)OC(C/C=C\CCCCCCCCOC(=O)CCN1CCC(c2cccnc2)CC1)CCCCCC,JW_2024,JW_2024,0
-8.833407,-1.348707006,CCCCC/C=C\CCC(=O)OC(C/C=C\CCCCCCCCOC(=O)CCN1CCC(c2cccnc2)CC1)CCCCCC,JW_2024,JW_2024,0
-9.252974,-1.249763387,CCCCC/C=C\CCC(=O)OC(C/C=C\CCCCCCCCOC(=O)CCN1CCC(c2cccnc2)CC1)CCCCCC,JW_2024,JW_2024,0
-14.717003,-1.339712132,CCCCC/C=C\CCC(=O)OC(C/C=C\CCCCCCCCOC(=O)CCN1CCC(c2cccnc2)CC1)CCCCCC,JW_2024,JW_2024,0
-14.482375,-0.332286191,CCCCC/C=C\CCC(=O)OC(C/C=C\CCCCCCCCOC(=O)CCN1CCC(c2cccnc2)CC1)CCCCCC,JW_2024,JW_2024,0
-9.561348,-1.690512236,CCCCC/C=C\CCC(=O)OC(C/C=C\CCCCCCCCOC(=O)CCN1CCC(c2cccnc2)CC1)CCCCCC,JW_2024,JW_2024,0
-10.100858,-0.494193931,CCCCC/C=C\CCC(=O)OC(C/C=C\CCCCCCCCOC(=O)CCN1CCC(c2cccnc2)CC1)CCCCCC,JW_2024,JW_2024,0
-9.5153675,-1.267753136,CCCCC/C=C\CCC(=O)OC(C/C=C\CCCCCCCCOC(=O)CCN1CCC(c2cccnc2)CC1)CCCCCC,JW_2024,JW_2024,0
-14.405565,0.207406277,CCCCC/C=C\CCC(=O)OC(C/C=C\CCCCCCCCOC(=O)CCN1CCC(c2cccnc2)CC1)CCCCCC,JW_2024,JW_2024,1
-9.232288,-1.312727508,CCCCC/C=C\CCC(=O)OC(C/C=C\CCCCCCCCOC(=O)CCN1CCC(c2cccnc2)CC1)CCCCCC,JW_2024,JW_2024,0
-9.52053,-1.330717257,CCCCC/C=C\CCC(=O)OC(C/C=C\CCCCCCCCOC(=O)CCN1CCC(c2cccnc2)CC1)CCCCCC,JW_2024,JW_2024,0
-15.948787,-1.051876148,CCCCC/C=C\CCC(=O)OC(C/C=C\CCCCCCCCOC(=O)CCN1CCC(c2cccnc2)CC1)CCCCCC,JW_2024,JW_2024,0
-5.8169656,-0.314296442,CCCCCCCCC(CCCCCC)C(=O)OC(C/C=C\CCCCCCCCOC(=O)CCN(C)CCCN(C)CCCN(C)CCC(=O)OCCCCCCCC/C=C\CC(CCCCCC)OC(=O)C(CCCCCC)CCCCCCCC)CCCCC,JW_2024,JW_2024,0
-4.5502887,0.045498537,CCCCCCCCC(CCCCCC)C(=O)OC(C/C=C\CCCCCCCCOC(=O)CCN(C)CCCN(C)CCCN(C)CCC(=O)OCCCCCCCC/C=C\CC(CCCCCC)OC(=O)C(CCCCCC)CCCCCCCC)CCCCC,JW_2024,JW_2024,1
-5.0136685,-0.116409204,CCCCCCCCC(CCCCCC)C(=O)OC(C/C=C\CCCCCCCCOC(=O)CCN(C)CCCN(C)CCCN(C)CCC(=O)OCCCCCCCC/C=C\CC(CCCCCC)OC(=O)C(CCCCCC)CCCCCCCC)CCCCC,JW_2024,JW_2024,0
-6.0841746,-0.746050417,CCCCCCCCC(CCCCCC)C(=O)OC(C/C=C\CCCCCCCCOC(=O)CCN(C)CCCN(C)CCCN(C)CCC(=O)OCCCCCCCC/C=C\CC(CCCCCC)OC(=O)C(CCCCCC)CCCCCCCC)CCCCC,JW_2024,JW_2024,0
-6.8837433,0.387303767,CCCCCCCCC(CCCCCC)C(=O)OC(C/C=C\CCCCCCCCOC(=O)CCN(C)CCCN(C)CCCN(C)CCC(=O)OCCCCCCCC/C=C\CC(CCCCCC)OC(=O)C(CCCCCC)CCCCCCCC)CCCCC,JW_2024,JW_2024,1
-4.781224,-0.314296442,CCCCCCCCC(CCCCCC)C(=O)OC(C/C=C\CCCCCCCCOC(=O)CCN(C)CCCN(C)CCCN(C)CCC(=O)OCCCCCCCC/C=C\CC(CCCCCC)OC(=O)C(CCCCCC)CCCCCCCC)CCCCC,JW_2024,JW_2024,0
-6.9067154,0.846042365,CCCCCCCCC(CCCCCC)C(=O)OC(C/C=C\CCCCCCCCOC(=O)CCN(C)CCCN(C)CCCN(C)CCC(=O)OCCCCCCCC/C=C\CC(CCCCCC)OC(=O)C(CCCCCC)CCCCCCCC)CCCCC,JW_2024,JW_2024,1
-6.2508464,-0.26932207,CCCCCCCCC(CCCCCC)C(=O)OC(C/C=C\CCCCCCCCOC(=O)CCN(C)CCCN(C)CCCN(C)CCC(=O)OCCCCCCCC/C=C\CC(CCCCCC)OC(=O)C(CCCCCC)CCCCCCCC)CCCCC,JW_2024,JW_2024,0
-4.41909,1.115888599,CCCCCCCCC(CCCCCC)C(=O)OC(C/C=C\CCCCCCCCOC(=O)CCN(C)CCCN(C)CCCN(C)CCC(=O)OCCCCCCCC/C=C\CC(CCCCCC)OC(=O)C(CCCCCC)CCCCCCCC)CCCCC,JW_2024,JW_2024,1
-6.521331,-0.584142676,CCCCCCCCC(CCCCCC)C(=O)OC(C/C=C\CCCCCCCCOC(=O)CCN(C)CCCN(C)CCCN(C)CCC(=O)OCCCCCCCC/C=C\CC(CCCCCC)OC(=O)C(CCCCCC)CCCCCCCC)CCCCC,JW_2024,JW_2024,0
-4.522663,1.088903975,CCCCCCCCC(CCCCCC)C(=O)OC(C/C=C\CCCCCCCCOC(=O)CCN(C)CCCN(C)CCCN(C)CCC(=O)OCCCCCCCC/C=C\CC(CCCCCC)OC(=O)C(CCCCCC)CCCCCCCC)CCCCC,JW_2024,JW_2024,1
-5.125774,0.018513913,CCCCCCCCC(CCCCCC)C(=O)OC(C/C=C\CCCCCCCCOC(=O)CCN(C)CCCN(C)CCCN(C)CCC(=O)OCCCCCCCC/C=C\CC(CCCCCC)OC(=O)C(CCCCCC)CCCCCCCC)CCCCC,JW_2024,JW_2024,0
-6.3316717,-0.539168304,CCCCCCCCC(CCCCCC)C(=O)OC(C/C=C\CCCCCCCCOC(=O)CCN(C)CCCN(C)CCCN(C)CCC(=O)OCCCCCCCC/C=C\CC(CCCCCC)OC(=O)C(CCCCCC)CCCCCCCC)CCCCC,JW_2024,JW_2024,0
-6.2151027,0.567201256,CCCCCCCCC(CCCCCC)C(=O)OC(C/C=C\CCCCCCCCOC(=O)CCN(C)CCCN(C)CCCN(C)CCC(=O)OCCCCCCCC/C=C\CC(CCCCCC)OC(=O)C(CCCCCC)CCCCCCCC)CCCCC,JW_2024,JW_2024,1
-6.0157294,-0.017465585,CCCCCCCCC(CCCCCC)C(=O)OC(C/C=C\CCCCCCCCOC(=O)CCN(C)CCCN(C)CCCN(C)CCC(=O)OCCCCCCCC/C=C\CC(CCCCCC)OC(=O)C(CCCCCC)CCCCCCCC)CCCCC,JW_2024,JW_2024,0
-6.235871,-0.377260563,CCCCCCCCC(CCCCCC)C(=O)OC(C/C=C\CCCCCCCCOC(=O)CCN(C)CCCN(C)CCCN(C)CCC(=O)OCCCCCCCC/C=C\CC(CCCCCC)OC(=O)C(CCCCCC)CCCCCCCC)CCCCC,JW_2024,JW_2024,0
-6.768812,0.711119248,CCCCCCCCC(CCCCCC)C(=O)OC(C/C=C\CCCCCCCCOC(=O)CCN(C)CCCN(C)CCCN(C)CCC(=O)OCCCCCCCC/C=C\CC(CCCCCC)OC(=O)C(CCCCCC)CCCCCCCC)CCCCC,JW_2024,JW_2024,1
-6.706997,-0.143393827,CCCCCCCCC(CCCCCC)C(=O)OC(C/C=C\CCCCCCCCOC(=O)CCN(C)CCCN(C)CCCN(C)CCC(=O)OCCCCCCCC/C=C\CC(CCCCCC)OC(=O)C(CCCCCC)CCCCCCCC)CCCCC,JW_2024,JW_2024,0
-6.596537,0.117457533,CCCCCCCCC(CCCCCC)C(=O)OC(C/C=C\CCCCCCCCOC(=O)CCN(C)CCCN(C)CCCN(C)CCC(=O)OCCCCCCCC/C=C\CC(CCCCCC)OC(=O)C(CCCCCC)CCCCCCCC)CCCCC,JW_2024,JW_2024,1
-5.600299,1.52065795,CCCCCCCCC(CCCCCC)C(=O)OC(C/C=C\CCCCCCCCOC(=O)CCN(C)CCCN(C)CCCN(C)CCC(=O)OCCCCCCCC/C=C\CC(CCCCCC)OC(=O)C(CCCCCC)CCCCCCCC)CCCCC,JW_2024,JW_2024,2
-6.4693236,0.891016737,CCCCCCCCC(CCCCCC)C(=O)OC(C/C=C\CCCCCCCCOC(=O)CCN(C)CCCN(C)CCCN(C)CCC(=O)OCCCCCCCC/C=C\CC(CCCCCC)OC(=O)C(CCCCCC)CCCCCCCC)CCCCC,JW_2024,JW_2024,1
-5.4293065,0.953980858,CCCCCCCCC(CCCCCC)C(=O)OC(C/C=C\CCCCCCCCOC(=O)CCN(C)CCCN(C)CCCN(C)CCC(=O)OCCCCCCCC/C=C\CC(CCCCCC)OC(=O)C(CCCCCC)CCCCCCCC)CCCCC,JW_2024,JW_2024,1
-6.321273,-0.314296442,CCCCCCCCC(CCCCCC)C(=O)OC(C/C=C\CCCCCCCCOC(=O)CCN(C)CCCN(C)CCCN(C)CCC(=O)OCCCCCCCC/C=C\CC(CCCCCC)OC(=O)C(CCCCCC)CCCCCCCC)CCCCC,JW_2024,JW_2024,0
-7.202195,-0.026460459,CCCCCCCCC(CCCCCC)C(=O)OC(C/C=C\CCCCCCCCOC(=O)CCN(C)CCCN(C)CCCN(C)CCC(=O)OCCCCCCCC/C=C\CC(CCCCCC)OC(=O)C(CCCCCC)CCCCCCCC)CCCCC,JW_2024,JW_2024,0
-3.70125,-1.69950711,CCCCCCCCC(CCCCCC)C(=O)OC(C/C=C\CCCCCCCCOC(=O)CCN(CCCN1CCN(C)CC1)CCC(=O)OCCCCCCCC/C=C\CC(CCCCCC)OC(=O)C(CCCCCC)CCCCCCCC)CCCCCC,JW_2024,JW_2024,0
-2.9530146,-0.791024789,CCCCCCCCC(CCCCCC)C(=O)OC(C/C=C\CCCCCCCCOC(=O)CCN(CCCN1CCN(C)CC1)CCC(=O)OCCCCCCCC/C=C\CC(CCCCCC)OC(=O)C(CCCCCC)CCCCCCCC)CCCCCC,JW_2024,JW_2024,0
-4.564203,-0.188368199,CCCCCCCCC(CCCCCC)C(=O)OC(C/C=C\CCCCCCCCOC(=O)CCN(CCCN1CCN(C)CC1)CCC(=O)OCCCCCCCC/C=C\CC(CCCCCC)OC(=O)C(CCCCCC)CCCCCCCC)CCCCCC,JW_2024,JW_2024,0
-4.1485834,-1.096850521,CCCCCCCCC(CCCCCC)C(=O)OC(C/C=C\CCCCCCCCOC(=O)CCN(CCCN1CCN(C)CC1)CCC(=O)OCCCCCCCC/C=C\CC(CCCCCC)OC(=O)C(CCCCCC)CCCCCCCC)CCCCCC,JW_2024,JW_2024,0
-5.0424933,-0.548163178,CCCCCCCCC(CCCCCC)C(=O)OC(C/C=C\CCCCCCCCOC(=O)CCN(CCCN1CCN(C)CC1)CCC(=O)OCCCCCCCC/C=C\CC(CCCCCC)OC(=O)C(CCCCCC)CCCCCCCC)CCCCCC,JW_2024,JW_2024,0
-4.411668,-0.404245187,CCCCCCCCC(CCCCCC)C(=O)OC(C/C=C\CCCCCCCCOC(=O)CCN(CCCN1CCN(C)CC1)CCC(=O)OCCCCCCCC/C=C\CC(CCCCCC)OC(=O)C(CCCCCC)CCCCCCCC)CCCCCC,JW_2024,JW_2024,0
-5.477952,0.027508788,CCCCCCCCC(CCCCCC)C(=O)OC(C/C=C\CCCCCCCCOC(=O)CCN(CCCN1CCN(C)CC1)CCC(=O)OCCCCCCCC/C=C\CC(CCCCCC)OC(=O)C(CCCCCC)CCCCCCCC)CCCCCC,JW_2024,JW_2024,0
-4.967752,-0.368265689,CCCCCCCCC(CCCCCC)C(=O)OC(C/C=C\CCCCCCCCOC(=O)CCN(CCCN1CCN(C)CC1)CCC(=O)OCCCCCCCC/C=C\CC(CCCCCC)OC(=O)C(CCCCCC)CCCCCCCC)CCCCCC,JW_2024,JW_2024,0
-3.0880184,1.043929603,CCCCCCCCC(CCCCCC)C(=O)OC(C/C=C\CCCCCCCCOC(=O)CCN(CCCN1CCN(C)CC1)CCC(=O)OCCCCCCCC/C=C\CC(CCCCCC)OC(=O)C(CCCCCC)CCCCCCCC)CCCCCC,JW_2024,JW_2024,1
-4.680818,-0.665096546,CCCCCCCCC(CCCCCC)C(=O)OC(C/C=C\CCCCCCCCOC(=O)CCN(CCCN1CCN(C)CC1)CCC(=O)OCCCCCCCC/C=C\CC(CCCCCC)OC(=O)C(CCCCCC)CCCCCCCC)CCCCCC,JW_2024,JW_2024,0
-4.10922,1.367745084,CCCCCCCCC(CCCCCC)C(=O)OC(C/C=C\CCCCCCCCOC(=O)CCN(CCCN1CCN(C)CC1)CCC(=O)OCCCCCCCC/C=C\CC(CCCCCC)OC(=O)C(CCCCCC)CCCCCCCC)CCCCCC,JW_2024,JW_2024,2
-3.988221,-1.11484027,CCCCCCCCC(CCCCCC)C(=O)OC(C/C=C\CCCCCCCCOC(=O)CCN(CCCN1CCN(C)CC1)CCC(=O)OCCCCCCCC/C=C\CC(CCCCCC)OC(=O)C(CCCCCC)CCCCCCCC)CCCCCC,JW_2024,JW_2024,0
-4.78244,-1.4566455,CCCCCCCCC(CCCCCC)C(=O)OC(C/C=C\CCCCCCCCOC(=O)CCN(CCCN1CCN(C)CC1)CCC(=O)OCCCCCCCC/C=C\CC(CCCCCC)OC(=O)C(CCCCCC)CCCCCCCC)CCCCCC,JW_2024,JW_2024,0
-5.8325377,-0.503188806,CCCCCCCCC(CCCCCC)C(=O)OC(C/C=C\CCCCCCCCOC(=O)CCN(CCCN1CCN(C)CC1)CCC(=O)OCCCCCCCC/C=C\CC(CCCCCC)OC(=O)C(CCCCCC)CCCCCCCC)CCCCCC,JW_2024,JW_2024,0
-5.0019817,-0.395250312,CCCCCCCCC(CCCCCC)C(=O)OC(C/C=C\CCCCCCCCOC(=O)CCN(CCCN1CCN(C)CC1)CCC(=O)OCCCCCCCC/C=C\CC(CCCCCC)OC(=O)C(CCCCCC)CCCCCCCC)CCCCCC,JW_2024,JW_2024,0
-4.766921,-0.566152927,CCCCCCCCC(CCCCCC)C(=O)OC(C/C=C\CCCCCCCCOC(=O)CCN(CCCN1CCN(C)CC1)CCC(=O)OCCCCCCCC/C=C\CC(CCCCCC)OC(=O)C(CCCCCC)CCCCCCCC)CCCCCC,JW_2024,JW_2024,0
-6.5927963,0.063488286,CCCCCCCCC(CCCCCC)C(=O)OC(C/C=C\CCCCCCCCOC(=O)CCN(CCCN1CCN(C)CC1)CCC(=O)OCCCCCCCC/C=C\CC(CCCCCC)OC(=O)C(CCCCCC)CCCCCCCC)CCCCCC,JW_2024,JW_2024,1
-3.8252509,1.079909101,CCCCCCCCC(CCCCCC)C(=O)OC(C/C=C\CCCCCCCCOC(=O)CCN(CCCN1CCN(C)CC1)CCC(=O)OCCCCCCCC/C=C\CC(CCCCCC)OC(=O)C(CCCCCC)CCCCCCCC)CCCCCC,JW_2024,JW_2024,1
-4.9802136,1.016944979,CCCCCCCCC(CCCCCC)C(=O)OC(C/C=C\CCCCCCCCOC(=O)CCN(CCCN1CCN(C)CC1)CCC(=O)OCCCCCCCC/C=C\CC(CCCCCC)OC(=O)C(CCCCCC)CCCCCCCC)CCCCCC,JW_2024,JW_2024,1
-3.8007953,0.477252511,CCCCCCCCC(CCCCCC)C(=O)OC(C/C=C\CCCCCCCCOC(=O)CCN(CCCN1CCN(C)CC1)CCC(=O)OCCCCCCCC/C=C\CC(CCCCCC)OC(=O)C(CCCCCC)CCCCCCCC)CCCCCC,JW_2024,JW_2024,1
-4.315818,-0.539168304,CCCCCCCCC(CCCCCC)C(=O)OC(C/C=C\CCCCCCCCOC(=O)CCN(CCCN1CCN(C)CC1)CCC(=O)OCCCCCCCC/C=C\CC(CCCCCC)OC(=O)C(CCCCCC)CCCCCCCC)CCCCCC,JW_2024,JW_2024,0
-5.4510107,0.000524164,CCCCCCCCC(CCCCCC)C(=O)OC(C/C=C\CCCCCCCCOC(=O)CCN(CCCN1CCN(C)CC1)CCC(=O)OCCCCCCCC/C=C\CC(CCCCCC)OC(=O)C(CCCCCC)CCCCCCCC)CCCCCC,JW_2024,JW_2024,0
-4.4226747,-1.141824893,CCCCCCCCC(CCCCCC)C(=O)OC(C/C=C\CCCCCCCCOC(=O)CCN(C)CCCCCCN(C)CCC(=O)OCCCCCCCC/C=C\CC(CCCCCC)OC(=O)C(CCCCCC)CCCCCCCC)CCCCC,JW_2024,JW_2024,0
-3.4386802,-1.078860772,CCCCCCCCC(CCCCCC)C(=O)OC(C/C=C\CCCCCCCCOC(=O)CCN(C)CCCCCCN(C)CCC(=O)OCCCCCCCC/C=C\CC(CCCCCC)OC(=O)C(CCCCCC)CCCCCCCC)CCCCC,JW_2024,JW_2024,0
-4.8024507,-0.51218368,CCCCCCCCC(CCCCCC)C(=O)OC(C/C=C\CCCCCCCCOC(=O)CCN(C)CCCCCCN(C)CCC(=O)OCCCCCCCC/C=C\CC(CCCCCC)OC(=O)C(CCCCCC)CCCCCCCC)CCCCC,JW_2024,JW_2024,0
-5.0104594,-1.069865897,CCCCCCCCC(CCCCCC)C(=O)OC(C/C=C\CCCCCCCCOC(=O)CCN(C)CCCCCCN(C)CCC(=O)OCCCCCCCC/C=C\CC(CCCCCC)OC(=O)C(CCCCCC)CCCCCCCC)CCCCC,JW_2024,JW_2024,0
-5.706585,-0.629117048,CCCCCCCCC(CCCCCC)C(=O)OC(C/C=C\CCCCCCCCOC(=O)CCN(C)CCCCCCN(C)CCC(=O)OCCCCCCCC/C=C\CC(CCCCCC)OC(=O)C(CCCCCC)CCCCCCCC)CCCCC,JW_2024,JW_2024,0
-5.1974125,-2.005332842,CCCCCCCCC(CCCCCC)C(=O)OC(C/C=C\CCCCCCCCOC(=O)CCN(C)CCCCCCN(C)CCC(=O)OCCCCCCCC/C=C\CC(CCCCCC)OC(=O)C(CCCCCC)CCCCCCCC)CCCCC,JW_2024,JW_2024,0
-6.085266,0.468257637,CCCCCCCCC(CCCCCC)C(=O)OC(C/C=C\CCCCCCCCOC(=O)CCN(C)CCCCCCN(C)CCC(=O)OCCCCCCCC/C=C\CC(CCCCCC)OC(=O)C(CCCCCC)CCCCCCCC)CCCCC,JW_2024,JW_2024,1
-6.064833,-1.735486608,CCCCCCCCC(CCCCCC)C(=O)OC(C/C=C\CCCCCCCCOC(=O)CCN(C)CCCCCCN(C)CCC(=O)OCCCCCCCC/C=C\CC(CCCCCC)OC(=O)C(CCCCCC)CCCCCCCC)CCCCC,JW_2024,JW_2024,0
-3.9849343,-0.593137551,CCCCCCCCC(CCCCCC)C(=O)OC(C/C=C\CCCCCCCCOC(=O)CCN(C)CCCCCCN(C)CCC(=O)OCCCCCCCC/C=C\CC(CCCCCC)OC(=O)C(CCCCCC)CCCCCCCC)CCCCC,JW_2024,JW_2024,0
-5.994831,-0.584142676,CCCCCCCCC(CCCCCC)C(=O)OC(C/C=C\CCCCCCCCOC(=O)CCN(C)CCCCCCN(C)CCC(=O)OCCCCCCCC/C=C\CC(CCCCCC)OC(=O)C(CCCCCC)CCCCCCCC)CCCCC,JW_2024,JW_2024,0
-4.5268397,-0.080429706,CCCCCCCCC(CCCCCC)C(=O)OC(C/C=C\CCCCCCCCOC(=O)CCN(C)CCCCCCN(C)CCC(=O)OCCCCCCCC/C=C\CC(CCCCCC)OC(=O)C(CCCCCC)CCCCCCCC)CCCCC,JW_2024,JW_2024,0
-4.669955,-1.429660876,CCCCCCCCC(CCCCCC)C(=O)OC(C/C=C\CCCCCCCCOC(=O)CCN(C)CCCCCCN(C)CCC(=O)OCCCCCCCC/C=C\CC(CCCCCC)OC(=O)C(CCCCCC)CCCCCCCC)CCCCC,JW_2024,JW_2024,0
-5.645099,-0.584142676,CCCCCCCCC(CCCCCC)C(=O)OC(C/C=C\CCCCCCCCOC(=O)CCN(C)CCCCCCN(C)CCC(=O)OCCCCCCCC/C=C\CC(CCCCCC)OC(=O)C(CCCCCC)CCCCCCCC)CCCCC,JW_2024,JW_2024,0
-6.126785,-0.08942458,CCCCCCCCC(CCCCCC)C(=O)OC(C/C=C\CCCCCCCCOC(=O)CCN(C)CCCCCCN(C)CCC(=O)OCCCCCCCC/C=C\CC(CCCCCC)OC(=O)C(CCCCCC)CCCCCCCC)CCCCC,JW_2024,JW_2024,0
-5.0212283,-0.305301568,CCCCC/C=C\CCC(=O)OC(C/C=C\CCCCCCCCOC(=O)CCN(C)CCCN(C)CCCN(C)CCC(=O)OCCCCCCCC/C=C\CC(CCCCCC)OC(=O)CC/C=C\CCCCC)CCCCC,JW_2024,JW_2024,0
-4.6916,0.135447281,CCCCC/C=C\CCC(=O)OC(C/C=C\CCCCCCCCOC(=O)CCN(C)CCCN(C)CCCN(C)CCC(=O)OCCCCCCCC/C=C\CC(CCCCCC)OC(=O)CC/C=C\CCCCC)CCCCC,JW_2024,JW_2024,1
-8.329145,0.873026988,CCCCC/C=C\CCC(=O)OC(C/C=C\CCCCCCCCOC(=O)CCN(C)CCCN(C)CCCN(C)CCC(=O)OCCCCCCCC/C=C\CC(CCCCCC)OC(=O)CC/C=C\CCCCC)CCCCC,JW_2024,JW_2024,1
-5.0300174,-0.764040165,CCCCC/C=C\CCC(=O)OC(C/C=C\CCCCCCCCOC(=O)CCN(C)CCCN(C)CCCN(C)CCC(=O)OCCCCCCCC/C=C\CC(CCCCCC)OC(=O)CC/C=C\CCCCC)CCCCC,JW_2024,JW_2024,0
-5.2588544,-0.161383576,CCCCC/C=C\CCC(=O)OC(C/C=C\CCCCCCCCOC(=O)CCN(C)CCCN(C)CCCN(C)CCC(=O)OCCCCCCCC/C=C\CC(CCCCCC)OC(=O)CC/C=C\CCCCC)CCCCC,JW_2024,JW_2024,0
-7.481013,0.018513913,CCCCC/C=C\CCC(=O)OC(C/C=C\CCCCCCCCOC(=O)CCN(C)CCCN(C)CCCN(C)CCC(=O)OCCCCCCCC/C=C\CC(CCCCCC)OC(=O)CC/C=C\CCCCC)CCCCC,JW_2024,JW_2024,0
-8.431632,1.439704079,CCCCC/C=C\CCC(=O)OC(C/C=C\CCCCCCCCOC(=O)CCN(C)CCCN(C)CCCN(C)CCC(=O)OCCCCCCCC/C=C\CC(CCCCCC)OC(=O)CC/C=C\CCCCC)CCCCC,JW_2024,JW_2024,2
-6.737881,-0.188368199,CCCCC/C=C\CCC(=O)OC(C/C=C\CCCCCCCCOC(=O)CCN(C)CCCN(C)CCCN(C)CCC(=O)OCCCCCCCC/C=C\CC(CCCCCC)OC(=O)CC/C=C\CCCCC)CCCCC,JW_2024,JW_2024,0
-4.714402,1.745529811,CCCCC/C=C\CCC(=O)OC(C/C=C\CCCCCCCCOC(=O)CCN(C)CCCN(C)CCCN(C)CCC(=O)OCCCCCCCC/C=C\CC(CCCCCC)OC(=O)CC/C=C\CCCCC)CCCCC,JW_2024,JW_2024,2
-6.844313,-0.215352823,CCCCC/C=C\CCC(=O)OC(C/C=C\CCCCCCCCOC(=O)CCN(C)CCCN(C)CCCN(C)CCC(=O)OCCCCCCCC/C=C\CC(CCCCCC)OC(=O)CC/C=C\CCCCC)CCCCC,JW_2024,JW_2024,0
-7.1759076,1.376739958,CCCCC/C=C\CCC(=O)OC(C/C=C\CCCCCCCCOC(=O)CCN(C)CCCN(C)CCCN(C)CCC(=O)OCCCCCCCC/C=C\CC(CCCCCC)OC(=O)CC/C=C\CCCCC)CCCCC,JW_2024,JW_2024,2
-5.5458922,0.216401152,CCCCC/C=C\CCC(=O)OC(C/C=C\CCCCCCCCOC(=O)CCN(C)CCCN(C)CCCN(C)CCC(=O)OCCCCCCCC/C=C\CC(CCCCCC)OC(=O)CC/C=C\CCCCC)CCCCC,JW_2024,JW_2024,1
-6.781812,0.810062867,CCCCC/C=C\CCC(=O)OC(C/C=C\CCCCCCCCOC(=O)CCN(C)CCCN(C)CCCN(C)CCC(=O)OCCCCCCCC/C=C\CC(CCCCCC)OC(=O)CC/C=C\CCCCC)CCCCC,JW_2024,JW_2024,1
-8.493274,0.783078243,CCCCC/C=C\CCC(=O)OC(C/C=C\CCCCCCCCOC(=O)CCN(C)CCCN(C)CCCN(C)CCC(=O)OCCCCCCCC/C=C\CC(CCCCCC)OC(=O)CC/C=C\CCCCC)CCCCC,JW_2024,JW_2024,1
-5.2300076,0.603180754,CCCCC/C=C\CCC(=O)OC(C/C=C\CCCCCCCCOC(=O)CCN(C)CCCN(C)CCCN(C)CCC(=O)OCCCCCCCC/C=C\CC(CCCCCC)OC(=O)CC/C=C\CCCCC)CCCCC,JW_2024,JW_2024,1
-5.585782,0.630165377,CCCCC/C=C\CCC(=O)OC(C/C=C\CCCCCCCCOC(=O)CCN(C)CCCN(C)CCCN(C)CCC(=O)OCCCCCCCC/C=C\CC(CCCCCC)OC(=O)CC/C=C\CCCCC)CCCCC,JW_2024,JW_2024,1
-6.371082,1.511663075,CCCCC/C=C\CCC(=O)OC(C/C=C\CCCCCCCCOC(=O)CCN(C)CCCN(C)CCCN(C)CCC(=O)OCCCCCCCC/C=C\CC(CCCCCC)OC(=O)CC/C=C\CCCCC)CCCCC,JW_2024,JW_2024,2
-4.885205,1.268801465,CCCCC/C=C\CCC(=O)OC(C/C=C\CCCCCCCCOC(=O)CCN(C)CCCN(C)CCCN(C)CCC(=O)OCCCCCCCC/C=C\CC(CCCCCC)OC(=O)CC/C=C\CCCCC)CCCCC,JW_2024,JW_2024,1
-8.326324,1.214832218,CCCCC/C=C\CCC(=O)OC(C/C=C\CCCCCCCCOC(=O)CCN(C)CCCN(C)CCCN(C)CCC(=O)OCCCCCCCC/C=C\CC(CCCCCC)OC(=O)CC/C=C\CCCCC)CCCCC,JW_2024,JW_2024,1
-7.513119,1.898442677,CCCCC/C=C\CCC(=O)OC(C/C=C\CCCCCCCCOC(=O)CCN(C)CCCN(C)CCCN(C)CCC(=O)OCCCCCCCC/C=C\CC(CCCCCC)OC(=O)CC/C=C\CCCCC)CCCCC,JW_2024,JW_2024,2
-7.768357,0.828052616,CCCCC/C=C\CCC(=O)OC(C/C=C\CCCCCCCCOC(=O)CCN(C)CCCN(C)CCCN(C)CCC(=O)OCCCCCCCC/C=C\CC(CCCCCC)OC(=O)CC/C=C\CCCCC)CCCCC,JW_2024,JW_2024,1
-4.6836433,1.60161182,CCCCC/C=C\CCC(=O)OC(C/C=C\CCCCCCCCOC(=O)CCN(C)CCCN(C)CCCN(C)CCC(=O)OCCCCCCCC/C=C\CC(CCCCCC)OC(=O)CC/C=C\CCCCC)CCCCC,JW_2024,JW_2024,2
-5.315624,0.657150001,CCCCC/C=C\CCC(=O)OC(C/C=C\CCCCCCCCOC(=O)CCN(C)CCCN(C)CCCN(C)CCC(=O)OCCCCCCCC/C=C\CC(CCCCCC)OC(=O)CC/C=C\CCCCC)CCCCC,JW_2024,JW_2024,1
-8.554366,0.693129499,CCCCC/C=C\CCC(=O)OC(C/C=C\CCCCCCCCOC(=O)CCN(C)CCCN(C)CCCN(C)CCC(=O)OCCCCCCCC/C=C\CC(CCCCCC)OC(=O)CC/C=C\CCCCC)CCCCC,JW_2024,JW_2024,1
-4.1573277,-0.332286191,CCCCC/C=C\CCC(=O)OC(C/C=C\CCCCCCCCOC(=O)CCN(CCCN1CCN(C)CC1)CCC(=O)OCCCCCCCC/C=C\CC(CCCCCC)OC(=O)CC/C=C\CCCCC)CCCCCC,JW_2024,JW_2024,0
-3.9324038,0.099467784,CCCCC/C=C\CCC(=O)OC(C/C=C\CCCCCCCCOC(=O)CCN(CCCN1CCN(C)CC1)CCC(=O)OCCCCCCCC/C=C\CC(CCCCCC)OC(=O)CC/C=C\CCCCC)CCCCCC,JW_2024,JW_2024,1
-7.165852,0.216401152,CCCCC/C=C\CCC(=O)OC(C/C=C\CCCCCCCCOC(=O)CCN(CCCN1CCN(C)CC1)CCC(=O)OCCCCCCCC/C=C\CC(CCCCCC)OC(=O)CC/C=C\CCCCC)CCCCCC,JW_2024,JW_2024,1
-4.1758385,0.558206382,CCCCC/C=C\CCC(=O)OC(C/C=C\CCCCCCCCOC(=O)CCN(CCCN1CCN(C)CC1)CCC(=O)OCCCCCCCC/C=C\CC(CCCCCC)OC(=O)CC/C=C\CCCCC)CCCCCC,JW_2024,JW_2024,1
-4.931844,-0.08942458,CCCCC/C=C\CCC(=O)OC(C/C=C\CCCCCCCCOC(=O)CCN(CCCN1CCN(C)CC1)CCC(=O)OCCCCCCCC/C=C\CC(CCCCCC)OC(=O)CC/C=C\CCCCC)CCCCCC,JW_2024,JW_2024,0
-6.403253,-0.656101672,CCCCC/C=C\CCC(=O)OC(C/C=C\CCCCCCCCOC(=O)CCN(CCCN1CCN(C)CC1)CCC(=O)OCCCCCCCC/C=C\CC(CCCCCC)OC(=O)CC/C=C\CCCCC)CCCCCC,JW_2024,JW_2024,0
-7.414117,0.279365273,CCCCC/C=C\CCC(=O)OC(C/C=C\CCCCCCCCOC(=O)CCN(CCCN1CCN(C)CC1)CCC(=O)OCCCCCCCC/C=C\CC(CCCCCC)OC(=O)CC/C=C\CCCCC)CCCCCC,JW_2024,JW_2024,1
-6.2842236,-0.988912027,CCCCC/C=C\CCC(=O)OC(C/C=C\CCCCCCCCOC(=O)CCN(CCCN1CCN(C)CC1)CCC(=O)OCCCCCCCC/C=C\CC(CCCCCC)OC(=O)CC/C=C\CCCCC)CCCCCC,JW_2024,JW_2024,0
-4.3195534,1.565632322,CCCCC/C=C\CCC(=O)OC(C/C=C\CCCCCCCCOC(=O)CCN(CCCN1CCN(C)CC1)CCC(=O)OCCCCCCCC/C=C\CC(CCCCCC)OC(=O)CC/C=C\CCCCC)CCCCCC,JW_2024,JW_2024,2
-5.7719116,-0.907958157,CCCCC/C=C\CCC(=O)OC(C/C=C\CCCCCCCCOC(=O)CCN(CCCN1CCN(C)CC1)CCC(=O)OCCCCCCCC/C=C\CC(CCCCCC)OC(=O)CC/C=C\CCCCC)CCCCCC,JW_2024,JW_2024,0
-6.4472413,1.322770711,CCCCC/C=C\CCC(=O)OC(C/C=C\CCCCCCCCOC(=O)CCN(CCCN1CCN(C)CC1)CCC(=O)OCCCCCCCC/C=C\CC(CCCCCC)OC(=O)CC/C=C\CCCCC)CCCCCC,JW_2024,JW_2024,2
-5.008352,0.189416528,CCCCC/C=C\CCC(=O)OC(C/C=C\CCCCCCCCOC(=O)CCN(CCCN1CCN(C)CC1)CCC(=O)OCCCCCCCC/C=C\CC(CCCCCC)OC(=O)CC/C=C\CCCCC)CCCCCC,JW_2024,JW_2024,1
-5.9487333,-0.584142676,CCCCC/C=C\CCC(=O)OC(C/C=C\CCCCCCCCOC(=O)CCN(CCCN1CCN(C)CC1)CCC(=O)OCCCCCCCC/C=C\CC(CCCCCC)OC(=O)CC/C=C\CCCCC)CCCCCC,JW_2024,JW_2024,0
-7.370765,-0.377260563,CCCCC/C=C\CCC(=O)OC(C/C=C\CCCCCCCCOC(=O)CCN(CCCN1CCN(C)CC1)CCC(=O)OCCCCCCCC/C=C\CC(CCCCCC)OC(=O)CC/C=C\CCCCC)CCCCCC,JW_2024,JW_2024,0
-4.6966853,0.000524164,CCCCC/C=C\CCC(=O)OC(C/C=C\CCCCCCCCOC(=O)CCN(CCCN1CCN(C)CC1)CCC(=O)OCCCCCCCC/C=C\CC(CCCCCC)OC(=O)CC/C=C\CCCCC)CCCCCC,JW_2024,JW_2024,0
-4.990573,0.054493411,CCCCC/C=C\CCC(=O)OC(C/C=C\CCCCCCCCOC(=O)CCN(CCCN1CCN(C)CC1)CCC(=O)OCCCCCCCC/C=C\CC(CCCCCC)OC(=O)CC/C=C\CCCCC)CCCCCC,JW_2024,JW_2024,1
-5.641036,-0.134398953,CCCCC/C=C\CCC(=O)OC(C/C=C\CCCCCCCCOC(=O)CCN(CCCN1CCN(C)CC1)CCC(=O)OCCCCCCCC/C=C\CC(CCCCCC)OC(=O)CC/C=C\CCCCC)CCCCCC,JW_2024,JW_2024,0
-4.516215,0.234390901,CCCCC/C=C\CCC(=O)OC(C/C=C\CCCCCCCCOC(=O)CCN(CCCN1CCN(C)CC1)CCC(=O)OCCCCCCCC/C=C\CC(CCCCCC)OC(=O)CC/C=C\CCCCC)CCCCCC,JW_2024,JW_2024,1
-7.495175,1.17885272,CCCCC/C=C\CCC(=O)OC(C/C=C\CCCCCCCCOC(=O)CCN(CCCN1CCN(C)CC1)CCC(=O)OCCCCCCCC/C=C\CC(CCCCCC)OC(=O)CC/C=C\CCCCC)CCCCCC,JW_2024,JW_2024,1
-6.2211413,1.547642573,CCCCC/C=C\CCC(=O)OC(C/C=C\CCCCCCCCOC(=O)CCN(CCCN1CCN(C)CC1)CCC(=O)OCCCCCCCC/C=C\CC(CCCCCC)OC(=O)CC/C=C\CCCCC)CCCCCC,JW_2024,JW_2024,2
-6.8143597,1.007950105,CCCCC/C=C\CCC(=O)OC(C/C=C\CCCCCCCCOC(=O)CCN(CCCN1CCN(C)CC1)CCC(=O)OCCCCCCCC/C=C\CC(CCCCCC)OC(=O)CC/C=C\CCCCC)CCCCCC,JW_2024,JW_2024,1
-4.4892054,0.828052616,CCCCC/C=C\CCC(=O)OC(C/C=C\CCCCCCCCOC(=O)CCN(CCCN1CCN(C)CC1)CCC(=O)OCCCCCCCC/C=C\CC(CCCCCC)OC(=O)CC/C=C\CCCCC)CCCCCC,JW_2024,JW_2024,1
-4.4905596,0.063488286,CCCCC/C=C\CCC(=O)OC(C/C=C\CCCCCCCCOC(=O)CCN(CCCN1CCN(C)CC1)CCC(=O)OCCCCCCCC/C=C\CC(CCCCCC)OC(=O)CC/C=C\CCCCC)CCCCCC,JW_2024,JW_2024,1
-7.377501,0.774083369,CCCCC/C=C\CCC(=O)OC(C/C=C\CCCCCCCCOC(=O)CCN(CCCN1CCN(C)CC1)CCC(=O)OCCCCCCCC/C=C\CC(CCCCCC)OC(=O)CC/C=C\CCCCC)CCCCCC,JW_2024,JW_2024,1
-5.445759,-0.782029914,CCCCC/C=C\CCC(=O)OC(C/C=C\CCCCCCCCOC(=O)CCN(C)CCCCCCN(C)CCC(=O)OCCCCCCCC/C=C\CC(CCCCCC)OC(=O)CC/C=C\CCCCC)CCCCCC,JW_2024,JW_2024,0
-4.8699775,-0.566152927,CCCCC/C=C\CCC(=O)OC(C/C=C\CCCCCCCCOC(=O)CCN(C)CCCCCCN(C)CCC(=O)OCCCCCCCC/C=C\CC(CCCCCC)OC(=O)CC/C=C\CCCCC)CCCCCC,JW_2024,JW_2024,0
-7.411283,-0.530173429,CCCCC/C=C\CCC(=O)OC(C/C=C\CCCCCCCCOC(=O)CCN(C)CCCCCCN(C)CCC(=O)OCCCCCCCC/C=C\CC(CCCCCC)OC(=O)CC/C=C\CCCCC)CCCCCC,JW_2024,JW_2024,0
-5.462,-1.402676253,CCCCC/C=C\CCC(=O)OC(C/C=C\CCCCCCCCOC(=O)CCN(C)CCCCCCN(C)CCC(=O)OCCCCCCCC/C=C\CC(CCCCCC)OC(=O)CC/C=C\CCCCC)CCCCCC,JW_2024,JW_2024,0
-6.16107,-0.35027594,CCCCC/C=C\CCC(=O)OC(C/C=C\CCCCCCCCOC(=O)CCN(C)CCCCCCN(C)CCC(=O)OCCCCCCCC/C=C\CC(CCCCCC)OC(=O)CC/C=C\CCCCC)CCCCCC,JW_2024,JW_2024,0
-7.4454417,-1.006901776,CCCCC/C=C\CCC(=O)OC(C/C=C\CCCCCCCCOC(=O)CCN(C)CCCCCCN(C)CCC(=O)OCCCCCCCC/C=C\CC(CCCCCC)OC(=O)CC/C=C\CCCCC)CCCCCC,JW_2024,JW_2024,0
-8.3750515,0.360319143,CCCCC/C=C\CCC(=O)OC(C/C=C\CCCCCCCCOC(=O)CCN(C)CCCCCCN(C)CCC(=O)OCCCCCCCC/C=C\CC(CCCCCC)OC(=O)CC/C=C\CCCCC)CCCCCC,JW_2024,JW_2024,1
-5.804542,-1.060871023,CCCCC/C=C\CCC(=O)OC(C/C=C\CCCCCCCCOC(=O)CCN(C)CCCCCCN(C)CCC(=O)OCCCCCCCC/C=C\CC(CCCCCC)OC(=O)CC/C=C\CCCCC)CCCCCC,JW_2024,JW_2024,0
-4.384221,0.585191005,CCCCC/C=C\CCC(=O)OC(C/C=C\CCCCCCCCOC(=O)CCN(C)CCCCCCN(C)CCC(=O)OCCCCCCCC/C=C\CC(CCCCCC)OC(=O)CC/C=C\CCCCC)CCCCCC,JW_2024,JW_2024,1
-6.3938894,0.000524164,CCCCC/C=C\CCC(=O)OC(C/C=C\CCCCCCCCOC(=O)CCN(C)CCCCCCN(C)CCC(=O)OCCCCCCCC/C=C\CC(CCCCCC)OC(=O)CC/C=C\CCCCC)CCCCCC,JW_2024,JW_2024,0
-6.3812985,0.702124373,CCCCC/C=C\CCC(=O)OC(C/C=C\CCCCCCCCOC(=O)CCN(C)CCCCCCN(C)CCC(=O)OCCCCCCCC/C=C\CC(CCCCCC)OC(=O)CC/C=C\CCCCC)CCCCCC,JW_2024,JW_2024,1
-5.086211,-0.575147802,CCCCC/C=C\CCC(=O)OC(C/C=C\CCCCCCCCOC(=O)CCN(C)CCCCCCN(C)CCC(=O)OCCCCCCCC/C=C\CC(CCCCCC)OC(=O)CC/C=C\CCCCC)CCCCCC,JW_2024,JW_2024,0
-6.0125546,-0.251332321,CCCCC/C=C\CCC(=O)OC(C/C=C\CCCCCCCCOC(=O)CCN(C)CCCCCCN(C)CCC(=O)OCCCCCCCC/C=C\CC(CCCCCC)OC(=O)CC/C=C\CCCCC)CCCCCC,JW_2024,JW_2024,0
-7.717169,-0.098419455,CCCCC/C=C\CCC(=O)OC(C/C=C\CCCCCCCCOC(=O)CCN(C)CCCCCCN(C)CCC(=O)OCCCCCCCC/C=C\CC(CCCCCC)OC(=O)CC/C=C\CCCCC)CCCCCC,JW_2024,JW_2024,0
-6.3504863,-0.332286191,CCCCC/C=C\CCC(=O)OC(C/C=C\CCCCCCCCOC(=O)CCN(C)CCCCCCN(C)CCC(=O)OCCCCCCCC/C=C\CC(CCCCCC)OC(=O)CC/C=C\CCCCC)CCCCCC,JW_2024,JW_2024,0
-5.6628766,-0.43122981,CCCCC/C=C\CCC(=O)OC(C/C=C\CCCCCCCCOC(=O)CCN(C)CCCCCCN(C)CCC(=O)OCCCCCCCC/C=C\CC(CCCCCC)OC(=O)CC/C=C\CCCCC)CCCCCC,JW_2024,JW_2024,0
-7.6814866,0.594185879,CCCCC/C=C\CCC(=O)OC(C/C=C\CCCCCCCCOC(=O)CCN(C)CCCCCCN(C)CCC(=O)OCCCCCCCC/C=C\CC(CCCCCC)OC(=O)CC/C=C\CCCCC)CCCCCC,JW_2024,JW_2024,1
-7.5812883,1.142873222,CCCCC/C=C\CCC(=O)OC(C/C=C\CCCCCCCCOC(=O)CCN(C)CCCCCCN(C)CCC(=O)OCCCCCCCC/C=C\CC(CCCCCC)OC(=O)CC/C=C\CCCCC)CCCCCC,JW_2024,JW_2024,1
-7.6252074,-0.43122981,CCCCC/C=C\CCC(=O)OC(C/C=C\CCCCCCCCOC(=O)CCN(C)CCCCCCN(C)CCC(=O)OCCCCCCCC/C=C\CC(CCCCCC)OC(=O)CC/C=C\CCCCC)CCCCCC,JW_2024,JW_2024,0
-5.3560953,0.612175628,CCCCC/C=C\CCC(=O)OC(C/C=C\CCCCCCCCOC(=O)CCN(C)CCCCCCN(C)CCC(=O)OCCCCCCCC/C=C\CC(CCCCCC)OC(=O)CC/C=C\CCCCC)CCCCCC,JW_2024,JW_2024,1
-5.6990986,-0.368265689,CCCCC/C=C\CCC(=O)OC(C/C=C\CCCCCCCCOC(=O)CCN(C)CCCCCCN(C)CCC(=O)OCCCCCCCC/C=C\CC(CCCCCC)OC(=O)CC/C=C\CCCCC)CCCCCC,JW_2024,JW_2024,0
-8.447803,0.07248316,CCCCC/C=C\CCC(=O)OC(C/C=C\CCCCCCCCOC(=O)CCN(C)CCCCCCN(C)CCC(=O)OCCCCCCCC/C=C\CC(CCCCCC)OC(=O)CC/C=C\CCCCC)CCCCCC,JW_2024,JW_2024,1
-8.9395275,0.801067992,CCCCC/C=C\CCC(=O)OC(C/C=C\CCCCCCCCOC(=O)CCN(CCCN(CC)CC)CCC(=O)OCCCCCCCC/C=C\CC(CCCCCC)OC(=O)CC/C=C\CCCCC)CCCCCC,JW_2024,JW_2024,1
-7.346764,-0.988912027,CCCCC/C=C\CCC(=O)OC(C/C=C\CCCCCCCCOC(=O)CCN(CCCN(CC)CC)CCC(=O)OCCCCCCCC/C=C\CC(CCCCCC)OC(=O)CC/C=C\CCCCC)CCCCCC,JW_2024,JW_2024,0
-6.01426,0.612175628,CCCCC/C=C\CCC(=O)OC(C/C=C\CCCCCCCCOC(=O)CCN(CCCN(CC)CC)CCC(=O)OCCCCCCCC/C=C\CC(CCCCCC)OC(=O)CC/C=C\CCCCC)CCCCCC,JW_2024,JW_2024,1
-7.315627,0.018513913,CCCCC/C=C\CCC(=O)OC(C/C=C\CCCCCCCCOC(=O)CCN(CCCN(CC)CC)CCC(=O)OCCCCCCCC/C=C\CC(CCCCCC)OC(=O)CC/C=C\CCCCC)CCCCCC,JW_2024,JW_2024,0
-7.77747,1.529652824,CCCCC/C=C\CCC(=O)OC(C/C=C\CCCCCCCCOC(=O)CCN(CCCN(CC)CC)CCC(=O)OCCCCCCCC/C=C\CC(CCCCCC)OC(=O)CC/C=C\CCCCC)CCCCCC,JW_2024,JW_2024,2
-5.9922957,-0.224347697,CCCCC/C=C\CCC(=O)OC(C/C=C\CCCCCCCCOC(=O)CCN(CCCN(CC)CC)CCC(=O)OCCCCCCCC/C=C\CC(CCCCCC)OC(=O)CC/C=C\CCCCC)CCCCCC,JW_2024,JW_2024,0
-7.2185874,0.225396026,CCCCC/C=C\CCC(=O)OC(C/C=C\CCCCCCCCOC(=O)CCN(CCCN(CC)CC)CCC(=O)OCCCCCCCC/C=C\CC(CCCCCC)OC(=O)CC/C=C\CCCCC)CCCCCC,JW_2024,JW_2024,1
-8.43718,0.279365273,CCCCC/C=C\CCC(=O)OC(C/C=C\CCCCCCCCOC(=O)CCN(CCCN(CC)CC)CCC(=O)OCCCCCCCC/C=C\CC(CCCCCC)OC(=O)CC/C=C\CCCCC)CCCCCC,JW_2024,JW_2024,1
-6.6968064,1.09789885,CCCCC/C=C\CCC(=O)OC(C/C=C\CCCCCCCCOC(=O)CCN(CCCN(CC)CC)CCC(=O)OCCCCCCCC/C=C\CC(CCCCCC)OC(=O)CC/C=C\CCCCC)CCCCCC,JW_2024,JW_2024,1
-6.379212,-0.467209308,CCCCC/C=C\CCC(=O)OC(C/C=C\CCCCCCCCOC(=O)CCN(CCCN(CC)CC)CCC(=O)OCCCCCCCC/C=C\CC(CCCCCC)OC(=O)CC/C=C\CCCCC)CCCCCC,JW_2024,JW_2024,0
-7.6104984,0.15343703,CCCCC/C=C\CCC(=O)OC(C/C=C\CCCCCCCCOC(=O)CCN(CCCN(CC)CC)CCC(=O)OCCCCCCCC/C=C\CC(CCCCCC)OC(=O)CC/C=C\CCCCC)CCCCCC,JW_2024,JW_2024,1
-6.6619883,0.666144875,CCCCC/C=C\CCC(=O)OC(C/C=C\CCCCCCCCOC(=O)CCN(CCCN(CC)CC)CCC(=O)OCCCCCCCC/C=C\CC(CCCCCC)OC(=O)CC/C=C\CCCCC)CCCCCC,JW_2024,JW_2024,1
-8.817516,0.729108996,CCCCC/C=C\CCC(=O)OC(C/C=C\CCCCCCCCOC(=O)CCN(CCCN(CC)CC)CCC(=O)OCCCCCCCC/C=C\CC(CCCCCC)OC(=O)CC/C=C\CCCCC)CCCCCC,JW_2024,JW_2024,1
-8.352311,1.934422175,CCCCC/C=C\CCC(=O)OC(C/C=C\CCCCCCCCOC(=O)CCN(CCCN(CC)CC)CCC(=O)OCCCCCCCC/C=C\CC(CCCCCC)OC(=O)CC/C=C\CCCCC)CCCCCC,JW_2024,JW_2024,2
-8.912666,-0.080429706,CCCCC/C=C\CCC(=O)OC(C/C=C\CCCCCCCCOC(=O)CCN(CCCN(CC)CC)CCC(=O)OCCCCCCCC/C=C\CC(CCCCCC)OC(=O)CC/C=C\CCCCC)CCCCCC,JW_2024,JW_2024,0
-6.7376328,1.214832218,CCCCC/C=C\CCC(=O)OC(C/C=C\CCCCCCCCOC(=O)CCN(CCCN(CC)CC)CCC(=O)OCCCCCCCC/C=C\CC(CCCCCC)OC(=O)CC/C=C\CCCCC)CCCCCC,JW_2024,JW_2024,1
-6.3555403,0.585191005,CCCCC/C=C\CCC(=O)OC(C/C=C\CCCCCCCCOC(=O)CCN(CCCN(CC)CC)CCC(=O)OCCCCCCCC/C=C\CC(CCCCCC)OC(=O)CC/C=C\CCCCC)CCCCCC,JW_2024,JW_2024,1
-9.281434,1.151868096,CCCCC/C=C\CCC(=O)OC(C/C=C\CCCCCCCCOC(=O)CCN(CCCN(CC)CC)CCC(=O)OCCCCCCCC/C=C\CC(CCCCCC)OC(=O)CC/C=C\CCCCC)CCCCCC,JW_2024,JW_2024,1
-9.431331,0.594185879,CCCCC/C=C\CCC(=O)OC(C/C=C\CCCCCCCCOC(=O)CCN(CCCN(C)C)CCC(=O)OCCCCCCCC/C=C\CC(CCCCCC)OC(=O)CC/C=C\CCCCC)CCCCCC,JW_2024,JW_2024,1
-7.568176,-2.248194453,CCCCC/C=C\CCC(=O)OC(C/C=C\CCCCCCCCOC(=O)CCN(CCCN(C)C)CCC(=O)OCCCCCCCC/C=C\CC(CCCCCC)OC(=O)CC/C=C\CCCCC)CCCCCC,JW_2024,JW_2024,0
-6.2580028,1.403724582,CCCCC/C=C\CCC(=O)OC(C/C=C\CCCCCCCCOC(=O)CCN(CCCN(C)C)CCC(=O)OCCCCCCCC/C=C\CC(CCCCCC)OC(=O)CC/C=C\CCCCC)CCCCCC,JW_2024,JW_2024,2
-7.3467402,-0.044450208,CCCCC/C=C\CCC(=O)OC(C/C=C\CCCCCCCCOC(=O)CCN(CCCN(C)C)CCC(=O)OCCCCCCCC/C=C\CC(CCCCCC)OC(=O)CC/C=C\CCCCC)CCCCCC,JW_2024,JW_2024,0
-7.6759353,1.511663075,CCCCC/C=C\CCC(=O)OC(C/C=C\CCCCCCCCOC(=O)CCN(CCCN(C)C)CCC(=O)OCCCCCCCC/C=C\CC(CCCCCC)OC(=O)CC/C=C\CCCCC)CCCCCC,JW_2024,JW_2024,2
-6.2188873,0.180421654,CCCCC/C=C\CCC(=O)OC(C/C=C\CCCCCCCCOC(=O)CCN(CCCN(C)C)CCC(=O)OCCCCCCCC/C=C\CC(CCCCCC)OC(=O)CC/C=C\CCCCC)CCCCCC,JW_2024,JW_2024,1
-7.519035,-0.755045291,CCCCC/C=C\CCC(=O)OC(C/C=C\CCCCCCCCOC(=O)CCN(CCCN(C)C)CCC(=O)OCCCCCCCC/C=C\CC(CCCCCC)OC(=O)CC/C=C\CCCCC)CCCCCC,JW_2024,JW_2024,0
-8.468304,0.57619613,CCCCC/C=C\CCC(=O)OC(C/C=C\CCCCCCCCOC(=O)CCN(CCCN(C)C)CCC(=O)OCCCCCCCC/C=C\CC(CCCCCC)OC(=O)CC/C=C\CCCCC)CCCCCC,JW_2024,JW_2024,1
-7.112809,0.729108996,CCCCC/C=C\CCC(=O)OC(C/C=C\CCCCCCCCOC(=O)CCN(CCCN(C)C)CCC(=O)OCCCCCCCC/C=C\CC(CCCCCC)OC(=O)CC/C=C\CCCCC)CCCCCC,JW_2024,JW_2024,1
-6.669204,-0.125404078,CCCCC/C=C\CCC(=O)OC(C/C=C\CCCCCCCCOC(=O)CCN(CCCN(C)C)CCC(=O)OCCCCCCCC/C=C\CC(CCCCCC)OC(=O)CC/C=C\CCCCC)CCCCCC,JW_2024,JW_2024,0
-7.690944,0.684134624,CCCCC/C=C\CCC(=O)OC(C/C=C\CCCCCCCCOC(=O)CCN(CCCN(C)C)CCC(=O)OCCCCCCCC/C=C\CC(CCCCCC)OC(=O)CC/C=C\CCCCC)CCCCCC,JW_2024,JW_2024,1
-6.807438,0.83704749,CCCCC/C=C\CCC(=O)OC(C/C=C\CCCCCCCCOC(=O)CCN(CCCN(C)C)CCC(=O)OCCCCCCCC/C=C\CC(CCCCCC)OC(=O)CC/C=C\CCCCC)CCCCCC,JW_2024,JW_2024,1
-9.405152,1.457693828,CCCCC/C=C\CCC(=O)OC(C/C=C\CCCCCCCCOC(=O)CCN(CCCN(C)C)CCC(=O)OCCCCCCCC/C=C\CC(CCCCCC)OC(=O)CC/C=C\CCCCC)CCCCCC,JW_2024,JW_2024,2
-8.8955345,1.952411924,CCCCC/C=C\CCC(=O)OC(C/C=C\CCCCCCCCOC(=O)CCN(CCCN(C)C)CCC(=O)OCCCCCCCC/C=C\CC(CCCCCC)OC(=O)CC/C=C\CCCCC)CCCCCC,JW_2024,JW_2024,3
-9.271596,-0.179373325,CCCCC/C=C\CCC(=O)OC(C/C=C\CCCCCCCCOC(=O)CCN(CCCN(C)C)CCC(=O)OCCCCCCCC/C=C\CC(CCCCCC)OC(=O)CC/C=C\CCCCC)CCCCCC,JW_2024,JW_2024,0
-7.1568513,1.565632322,CCCCC/C=C\CCC(=O)OC(C/C=C\CCCCCCCCOC(=O)CCN(CCCN(C)C)CCC(=O)OCCCCCCCC/C=C\CC(CCCCCC)OC(=O)CC/C=C\CCCCC)CCCCCC,JW_2024,JW_2024,2
-7.006105,1.376739958,CCCCC/C=C\CCC(=O)OC(C/C=C\CCCCCCCCOC(=O)CCN(CCCN(C)C)CCC(=O)OCCCCCCCC/C=C\CC(CCCCCC)OC(=O)CC/C=C\CCCCC)CCCCCC,JW_2024,JW_2024,2
-9.159969,1.556637448,CCCCC/C=C\CCC(=O)OC(C/C=C\CCCCCCCCOC(=O)CCN(CCCN(C)C)CCC(=O)OCCCCCCCC/C=C\CC(CCCCCC)OC(=O)CC/C=C\CCCCC)CCCCCC,JW_2024,JW_2024,2
-8.1487055,0.558206382,CCCCC/C=C\CCC(=O)OC(C/C=C\CCCCCCCCOC(=O)CCN(CCC(=O)OCCCCCCCC/C=C\CC(CCCCCC)OC(=O)CC/C=C\CCCCC)CCN(C)C)CCCCCC,JW_2024,JW_2024,1
-7.003322,-1.096850521,CCCCC/C=C\CCC(=O)OC(C/C=C\CCCCCCCCOC(=O)CCN(CCC(=O)OCCCCCCCC/C=C\CC(CCCCCC)OC(=O)CC/C=C\CCCCC)CCN(C)C)CCCCCC,JW_2024,JW_2024,0
-5.9356656,1.286791213,CCCCC/C=C\CCC(=O)OC(C/C=C\CCCCCCCCOC(=O)CCN(CCC(=O)OCCCCCCCC/C=C\CC(CCCCCC)OC(=O)CC/C=C\CCCCC)CCN(C)C)CCCCCC,JW_2024,JW_2024,1
-6.938244,-0.485199057,CCCCC/C=C\CCC(=O)OC(C/C=C\CCCCCCCCOC(=O)CCN(CCC(=O)OCCCCCCCC/C=C\CC(CCCCCC)OC(=O)CC/C=C\CCCCC)CCN(C)C)CCCCCC,JW_2024,JW_2024,0
-8.698138,1.376739958,CCCCC/C=C\CCC(=O)OC(C/C=C\CCCCCCCCOC(=O)CCN(CCC(=O)OCCCCCCCC/C=C\CC(CCCCCC)OC(=O)CC/C=C\CCCCC)CCN(C)C)CCCCCC,JW_2024,JW_2024,2
-6.0626855,-0.017465585,CCCCC/C=C\CCC(=O)OC(C/C=C\CCCCCCCCOC(=O)CCN(CCC(=O)OCCCCCCCC/C=C\CC(CCCCCC)OC(=O)CC/C=C\CCCCC)CCN(C)C)CCCCCC,JW_2024,JW_2024,0
-7.070059,-0.6111273,CCCCC/C=C\CCC(=O)OC(C/C=C\CCCCCCCCOC(=O)CCN(CCC(=O)OCCCCCCCC/C=C\CC(CCCCCC)OC(=O)CC/C=C\CCCCC)CCN(C)C)CCCCCC,JW_2024,JW_2024,0
-8.642859,0.198411403,CCCCC/C=C\CCC(=O)OC(C/C=C\CCCCCCCCOC(=O)CCN(CCC(=O)OCCCCCCCC/C=C\CC(CCCCCC)OC(=O)CC/C=C\CCCCC)CCN(C)C)CCCCCC,JW_2024,JW_2024,1
-7.104701,-0.332286191,CCCCC/C=C\CCC(=O)OC(C/C=C\CCCCCCCCOC(=O)CCN(CCC(=O)OCCCCCCCC/C=C\CC(CCCCCC)OC(=O)CC/C=C\CCCCC)CCN(C)C)CCCCCC,JW_2024,JW_2024,0
-5.9872794,0.891016737,CCCCC/C=C\CCC(=O)OC(C/C=C\CCCCCCCCOC(=O)CCN(CCC(=O)OCCCCCCCC/C=C\CC(CCCCCC)OC(=O)CC/C=C\CCCCC)CCN(C)C)CCCCCC,JW_2024,JW_2024,1
-9.623936,0.702124373,CCCCC/C=C\CCC(=O)OC(C/C=C\CCCCCCCCOC(=O)CCN(CCC(=O)OCCCCCCCC/C=C\CC(CCCCCC)OC(=O)CC/C=C\CCCCC)CCN(C)C)CCCCCC,JW_2024,JW_2024,1
-8.268169,1.547642573,CCCCC/C=C\CCC(=O)OC(C/C=C\CCCCCCCCOC(=O)CCN(CCC(=O)OCCCCCCCC/C=C\CC(CCCCCC)OC(=O)CC/C=C\CCCCC)CCN(C)C)CCCCCC,JW_2024,JW_2024,2
-8.647668,-0.413240061,CCCCC/C=C\CCC(=O)OC(C/C=C\CCCCCCCCOC(=O)CCN(CCC(=O)OCCCCCCCC/C=C\CC(CCCCCC)OC(=O)CC/C=C\CCCCC)CCN(C)C)CCCCCC,JW_2024,JW_2024,0
-5.9940243,0.909006486,CCCCC/C=C\CCC(=O)OC(C/C=C\CCCCCCCCOC(=O)CCN(CCC(=O)OCCCCCCCC/C=C\CC(CCCCCC)OC(=O)CC/C=C\CCCCC)CCN(C)C)CCCCCC,JW_2024,JW_2024,1
-5.8103747,-0.053445082,CCCCC/C=C\CCC(=O)OC(C/C=C\CCCCCCCCOC(=O)CCN(CCC(=O)OCCCCCCCC/C=C\CC(CCCCCC)OC(=O)CC/C=C\CCCCC)CCN(C)C)CCCCCC,JW_2024,JW_2024,0
-9.229954,0.603180754,CCCCC/C=C\CCC(=O)OC(C/C=C\CCCCCCCCOC(=O)CCN(CCC(=O)OCCCCCCCC/C=C\CC(CCCCCC)OC(=O)CC/C=C\CCCCC)CCN(C)C)CCCCCC,JW_2024,JW_2024,1
-9.6084175,0.67513975,CCCCC/C=C\CCC(=O)OC(C/C=C\CCCCCCCCOC(=O)CCN(CCCCN(C)C)CCC(=O)OCCCCCCCC/C=C\CC(CCCCCC)OC(=O)CC/C=C\CCCCC)CCCCCC,JW_2024,JW_2024,1
-7.9464154,-0.260327195,CCCCC/C=C\CCC(=O)OC(C/C=C\CCCCCCCCOC(=O)CCN(CCCCN(C)C)CCC(=O)OCCCCCCCC/C=C\CC(CCCCCC)OC(=O)CC/C=C\CCCCC)CCCCCC,JW_2024,JW_2024,0
-6.681073,0.953980858,CCCCC/C=C\CCC(=O)OC(C/C=C\CCCCCCCCOC(=O)CCN(CCCCN(C)C)CCC(=O)OCCCCCCCC/C=C\CC(CCCCCC)OC(=O)CC/C=C\CCCCC)CCCCCC,JW_2024,JW_2024,1
-8.281204,0.027508788,CCCCC/C=C\CCC(=O)OC(C/C=C\CCCCCCCCOC(=O)CCN(CCCCN(C)C)CCC(=O)OCCCCCCCC/C=C\CC(CCCCCC)OC(=O)CC/C=C\CCCCC)CCCCCC,JW_2024,JW_2024,0
-8.001145,1.448698954,CCCCC/C=C\CCC(=O)OC(C/C=C\CCCCCCCCOC(=O)CCN(CCCCN(C)C)CCC(=O)OCCCCCCCC/C=C\CC(CCCCCC)OC(=O)CC/C=C\CCCCC)CCCCCC,JW_2024,JW_2024,2
-6.5899625,0.369314018,CCCCC/C=C\CCC(=O)OC(C/C=C\CCCCCCCCOC(=O)CCN(CCCCN(C)C)CCC(=O)OCCCCCCCC/C=C\CC(CCCCCC)OC(=O)CC/C=C\CCCCC)CCCCCC,JW_2024,JW_2024,1
-7.867336,-0.827004287,CCCCC/C=C\CCC(=O)OC(C/C=C\CCCCCCCCOC(=O)CCN(CCCCN(C)C)CCC(=O)OCCCCCCCC/C=C\CC(CCCCCC)OC(=O)CC/C=C\CCCCC)CCCCCC,JW_2024,JW_2024,0
-9.012578,0.306349896,CCCCC/C=C\CCC(=O)OC(C/C=C\CCCCCCCCOC(=O)CCN(CCCCN(C)C)CCC(=O)OCCCCCCCC/C=C\CC(CCCCCC)OC(=O)CC/C=C\CCCCC)CCCCCC,JW_2024,JW_2024,1
-7.5219707,0.081478035,CCCCC/C=C\CCC(=O)OC(C/C=C\CCCCCCCCOC(=O)CCN(CCCCN(C)C)CCC(=O)OCCCCCCCC/C=C\CC(CCCCCC)OC(=O)CC/C=C\CCCCC)CCCCCC,JW_2024,JW_2024,1
-6.9298463,-0.413240061,CCCCC/C=C\CCC(=O)OC(C/C=C\CCCCCCCCOC(=O)CCN(CCCCN(C)C)CCC(=O)OCCCCCCCC/C=C\CC(CCCCCC)OC(=O)CC/C=C\CCCCC)CCCCCC,JW_2024,JW_2024,0
-8.305225,0.396298641,CCCCC/C=C\CCC(=O)OC(C/C=C\CCCCCCCCOC(=O)CCN(CCCCN(C)C)CCC(=O)OCCCCCCCC/C=C\CC(CCCCCC)OC(=O)CC/C=C\CCCCC)CCCCCC,JW_2024,JW_2024,1
-7.3340616,0.998955231,CCCCC/C=C\CCC(=O)OC(C/C=C\CCCCCCCCOC(=O)CCN(CCCCN(C)C)CCC(=O)OCCCCCCCC/C=C\CC(CCCCCC)OC(=O)CC/C=C\CCCCC)CCCCCC,JW_2024,JW_2024,1
-9.213457,0.989960356,CCCCC/C=C\CCC(=O)OC(C/C=C\CCCCCCCCOC(=O)CCN(CCCCN(C)C)CCC(=O)OCCCCCCCC/C=C\CC(CCCCCC)OC(=O)CC/C=C\CCCCC)CCCCCC,JW_2024,JW_2024,1
-8.7596245,1.925427301,CCCCC/C=C\CCC(=O)OC(C/C=C\CCCCCCCCOC(=O)CCN(CCCCN(C)C)CCC(=O)OCCCCCCCC/C=C\CC(CCCCCC)OC(=O)CC/C=C\CCCCC)CCCCCC,JW_2024,JW_2024,2
-9.316847,-0.26932207,CCCCC/C=C\CCC(=O)OC(C/C=C\CCCCCCCCOC(=O)CCN(CCCCN(C)C)CCC(=O)OCCCCCCCC/C=C\CC(CCCCCC)OC(=O)CC/C=C\CCCCC)CCCCCC,JW_2024,JW_2024,0
-7.3151555,1.17885272,CCCCC/C=C\CCC(=O)OC(C/C=C\CCCCCCCCOC(=O)CCN(CCCCN(C)C)CCC(=O)OCCCCCCCC/C=C\CC(CCCCCC)OC(=O)CC/C=C\CCCCC)CCCCCC,JW_2024,JW_2024,1
-7.259523,1.466688703,CCCCC/C=C\CCC(=O)OC(C/C=C\CCCCCCCCOC(=O)CCN(CCCCN(C)C)CCC(=O)OCCCCCCCC/C=C\CC(CCCCCC)OC(=O)CC/C=C\CCCCC)CCCCCC,JW_2024,JW_2024,2
-9.676827,1.889447803,CCCCC/C=C\CCC(=O)OC(C/C=C\CCCCCCCCOC(=O)CCN(CCCCN(C)C)CCC(=O)OCCCCCCCC/C=C\CC(CCCCCC)OC(=O)CC/C=C\CCCCC)CCCCCC,JW_2024,JW_2024,2
-9.775782,-0.053445082,CCCCC/C=C\CCC(=O)OC(C/C=C\CCCCCCCCOC(=O)CCN(CCC(=O)OCCCCCCCC/C=C\CC(CCCCCC)OC(=O)CC/C=C\CCCCC)CCN(CCCC)CCCC)CCCCCC,JW_2024,JW_2024,0
-8.911372,-2.679948427,CCCCC/C=C\CCC(=O)OC(C/C=C\CCCCCCCCOC(=O)CCN(CCC(=O)OCCCCCCCC/C=C\CC(CCCCCC)OC(=O)CC/C=C\CCCCC)CCN(CCCC)CCCC)CCCCCC,JW_2024,JW_2024,0
-7.5310655,-0.656101672,CCCCC/C=C\CCC(=O)OC(C/C=C\CCCCCCCCOC(=O)CCN(CCC(=O)OCCCCCCCC/C=C\CC(CCCCCC)OC(=O)CC/C=C\CCCCC)CCN(CCCC)CCCC)CCCCCC,JW_2024,JW_2024,0
-8.541228,-1.474635249,CCCCC/C=C\CCC(=O)OC(C/C=C\CCCCCCCCOC(=O)CCN(CCC(=O)OCCCCCCCC/C=C\CC(CCCCCC)OC(=O)CC/C=C\CCCCC)CCN(CCCC)CCCC)CCCCCC,JW_2024,JW_2024,0
-9.0138,-0.080429706,CCCCC/C=C\CCC(=O)OC(C/C=C\CCCCCCCCOC(=O)CCN(CCC(=O)OCCCCCCCC/C=C\CC(CCCCCC)OC(=O)CC/C=C\CCCCC)CCN(CCCC)CCCC)CCCCCC,JW_2024,JW_2024,0
-7.8271313,-1.141824893,CCCCC/C=C\CCC(=O)OC(C/C=C\CCCCCCCCOC(=O)CCN(CCC(=O)OCCCCCCCC/C=C\CC(CCCCCC)OC(=O)CC/C=C\CCCCC)CCN(CCCC)CCCC)CCCCCC,JW_2024,JW_2024,0
-8.73496,-1.78046098,CCCCC/C=C\CCC(=O)OC(C/C=C\CCCCCCCCOC(=O)CCN(CCC(=O)OCCCCCCCC/C=C\CC(CCCCCC)OC(=O)CC/C=C\CCCCC)CCN(CCCC)CCCC)CCCCCC,JW_2024,JW_2024,0
-9.980672,-0.827004287,CCCCC/C=C\CCC(=O)OC(C/C=C\CCCCCCCCOC(=O)CCN(CCC(=O)OCCCCCCCC/C=C\CC(CCCCCC)OC(=O)CC/C=C\CCCCC)CCN(CCCC)CCCC)CCCCCC,JW_2024,JW_2024,0
-10.023871,0.621170503,CCCCC/C=C\CCC(=O)OC(C/C=C\CCCCCCCCOC(=O)CCN(CCC(=O)OCCCCCCCC/C=C\CC(CCCCCC)OC(=O)CC/C=C\CCCCC)CCN1CCCCC1)CCCCCC,JW_2024,JW_2024,1
-8.674519,-0.557158053,CCCCC/C=C\CCC(=O)OC(C/C=C\CCCCCCCCOC(=O)CCN(CCC(=O)OCCCCCCCC/C=C\CC(CCCCCC)OC(=O)CC/C=C\CCCCC)CCN1CCCCC1)CCCCCC,JW_2024,JW_2024,0
-7.510092,1.358750209,CCCCC/C=C\CCC(=O)OC(C/C=C\CCCCCCCCOC(=O)CCN(CCC(=O)OCCCCCCCC/C=C\CC(CCCCCC)OC(=O)CC/C=C\CCCCC)CCN1CCCCC1)CCCCCC,JW_2024,JW_2024,2
-8.747852,-0.494193931,CCCCC/C=C\CCC(=O)OC(C/C=C\CCCCCCCCOC(=O)CCN(CCC(=O)OCCCCCCCC/C=C\CC(CCCCCC)OC(=O)CC/C=C\CCCCC)CCN1CCCCC1)CCCCCC,JW_2024,JW_2024,0
-8.96208,1.358750209,CCCCC/C=C\CCC(=O)OC(C/C=C\CCCCCCCCOC(=O)CCN(CCC(=O)OCCCCCCCC/C=C\CC(CCCCCC)OC(=O)CC/C=C\CCCCC)CCN1CCCCC1)CCCCCC,JW_2024,JW_2024,2
-7.561755,0.342329394,CCCCC/C=C\CCC(=O)OC(C/C=C\CCCCCCCCOC(=O)CCN(CCC(=O)OCCCCCCCC/C=C\CC(CCCCCC)OC(=O)CC/C=C\CCCCC)CCN1CCCCC1)CCCCCC,JW_2024,JW_2024,1
-8.725525,-0.620122174,CCCCC/C=C\CCC(=O)OC(C/C=C\CCCCCCCCOC(=O)CCN(CCC(=O)OCCCCCCCC/C=C\CC(CCCCCC)OC(=O)CC/C=C\CCCCC)CCN1CCCCC1)CCCCCC,JW_2024,JW_2024,0
-9.649409,0.279365273,CCCCC/C=C\CCC(=O)OC(C/C=C\CCCCCCCCOC(=O)CCN(CCC(=O)OCCCCCCCC/C=C\CC(CCCCCC)OC(=O)CC/C=C\CCCCC)CCN1CCCCC1)CCCCCC,JW_2024,JW_2024,1
-7.5307927,0.270370399,CCCCC/C=C\CCC(=O)OC(C/C=C\CCCCCCCCOC(=O)CCN(CCC(=O)OCCCCCCCC/C=C\CC(CCCCCC)OC(=O)CC/C=C\CCCCC)CCN1CCCCC1)CCCCCC,JW_2024,JW_2024,1
-7.372991,-0.440224685,CCCCC/C=C\CCC(=O)OC(C/C=C\CCCCCCCCOC(=O)CCN(CCC(=O)OCCCCCCCC/C=C\CC(CCCCCC)OC(=O)CC/C=C\CCCCC)CCN1CCCCC1)CCCCCC,JW_2024,JW_2024,0
-8.646941,-0.062439957,CCCCC/C=C\CCC(=O)OC(C/C=C\CCCCCCCCOC(=O)CCN(CCC(=O)OCCCCCCCC/C=C\CC(CCCCCC)OC(=O)CC/C=C\CCCCC)CCN1CCCCC1)CCCCCC,JW_2024,JW_2024,0
-7.5040193,0.891016737,CCCCC/C=C\CCC(=O)OC(C/C=C\CCCCCCCCOC(=O)CCN(CCC(=O)OCCCCCCCC/C=C\CC(CCCCCC)OC(=O)CC/C=C\CCCCC)CCN1CCCCC1)CCCCCC,JW_2024,JW_2024,1
-10.765574,0.909006486,CCCCC/C=C\CCC(=O)OC(C/C=C\CCCCCCCCOC(=O)CCN(CCC(=O)OCCCCCCCC/C=C\CC(CCCCCC)OC(=O)CC/C=C\CCCCC)CCN1CCCCC1)CCCCCC,JW_2024,JW_2024,1
-8.348832,2.033365794,CCCCC/C=C\CCC(=O)OC(C/C=C\CCCCCCCCOC(=O)CCN(CCC(=O)OCCCCCCCC/C=C\CC(CCCCCC)OC(=O)CC/C=C\CCCCC)CCN1CCCCC1)CCCCCC,JW_2024,JW_2024,3
-9.940675,0.000524164,CCCCC/C=C\CCC(=O)OC(C/C=C\CCCCCCCCOC(=O)CCN(CCC(=O)OCCCCCCCC/C=C\CC(CCCCCC)OC(=O)CC/C=C\CCCCC)CCN1CCCCC1)CCCCCC,JW_2024,JW_2024,0
-7.782015,1.295786088,CCCCC/C=C\CCC(=O)OC(C/C=C\CCCCCCCCOC(=O)CCN(CCC(=O)OCCCCCCCC/C=C\CC(CCCCCC)OC(=O)CC/C=C\CCCCC)CCN1CCCCC1)CCCCCC,JW_2024,JW_2024,1
-7.4960785,0.648155126,CCCCC/C=C\CCC(=O)OC(C/C=C\CCCCCCCCOC(=O)CCN(CCC(=O)OCCCCCCCC/C=C\CC(CCCCCC)OC(=O)CC/C=C\CCCCC)CCN1CCCCC1)CCCCCC,JW_2024,JW_2024,1
-9.904359,0.926996235,CCCCC/C=C\CCC(=O)OC(C/C=C\CCCCCCCCOC(=O)CCN(CCC(=O)OCCCCCCCC/C=C\CC(CCCCCC)OC(=O)CC/C=C\CCCCC)CCN1CCCCC1)CCCCCC,JW_2024,JW_2024,1
-5.630956,0.432278139,CCCCCCC/C=C\CCCCCCCCC(=O)OC(C/C=C\CCCCCCCCOC(=O)CCN(CCCN(CC)CC)CCC(=O)OCCCCCCCC/C=C\CC(CCCCCC)OC(=O)CCCCCCCC/C=C\CCCCCCC)CCCCCC,JW_2024,JW_2024,1
-5.7585626,-1.393681378,CCCCCCC/C=C\CCCCCCCCC(=O)OC(C/C=C\CCCCCCCCOC(=O)CCN(CCCN(CC)CC)CCC(=O)OCCCCCCCC/C=C\CC(CCCCCC)OC(=O)CCCCCCCC/C=C\CCCCCCC)CCCCCC,JW_2024,JW_2024,0
-3.5281758,1.349755335,CCCCCCC/C=C\CCCCCCCCC(=O)OC(C/C=C\CCCCCCCCOC(=O)CCN(CCCN(CC)CC)CCC(=O)OCCCCCCCC/C=C\CC(CCCCCC)OC(=O)CCCCCCCC/C=C\CCCCCCC)CCCCCC,JW_2024,JW_2024,2
-5.3407507,0.369314018,CCCCCCC/C=C\CCCCCCCCC(=O)OC(C/C=C\CCCCCCCCOC(=O)CCN(CCCN(CC)CC)CCC(=O)OCCCCCCCC/C=C\CC(CCCCCC)OC(=O)CCCCCCCC/C=C\CCCCCCC)CCCCCC,JW_2024,JW_2024,1
-3.6166553,1.151868096,CCCCCCC/C=C\CCCCCCCCC(=O)OC(C/C=C\CCCCCCCCOC(=O)CCN(CCCN(CC)CC)CCC(=O)OCCCCCCCC/C=C\CC(CCCCCC)OC(=O)CCCCCCCC/C=C\CCCCCCC)CCCCCC,JW_2024,JW_2024,1
-4.311673,-0.125404078,CCCCCCC/C=C\CCCCCCCCC(=O)OC(C/C=C\CCCCCCCCOC(=O)CCN(CCCN(CC)CC)CCC(=O)OCCCCCCCC/C=C\CC(CCCCCC)OC(=O)CCCCCCCC/C=C\CCCCCCC)CCCCCC,JW_2024,JW_2024,0
-5.151103,0.531221758,CCCCCCC/C=C\CCCCCCCCC(=O)OC(C/C=C\CCCCCCCCOC(=O)CCN(CCCN(CC)CC)CCC(=O)OCCCCCCCC/C=C\CC(CCCCCC)OC(=O)CCCCCCCC/C=C\CCCCCCC)CCCCCC,JW_2024,JW_2024,1
-5.564424,0.063488286,CCCCCCC/C=C\CCCCCCCCC(=O)OC(C/C=C\CCCCCCCCOC(=O)CCN(CCCN(CC)CC)CCC(=O)OCCCCCCCC/C=C\CC(CCCCCC)OC(=O)CCCCCCCC/C=C\CCCCCCC)CCCCCC,JW_2024,JW_2024,1
-4.190368,0.036503662,CCCCCCC/C=C\CCCCCCCCC(=O)OC(C/C=C\CCCCCCCCOC(=O)CCN(CCCN(CC)CC)CCC(=O)OCCCCCCCC/C=C\CC(CCCCCC)OC(=O)CCCCCCCC/C=C\CCCCCCC)CCCCCC,JW_2024,JW_2024,1
-4.865774,-0.997906902,CCCCCCC/C=C\CCCCCCCCC(=O)OC(C/C=C\CCCCCCCCOC(=O)CCN(CCCN(CC)CC)CCC(=O)OCCCCCCCC/C=C\CC(CCCCCC)OC(=O)CCCCCCCC/C=C\CCCCCCC)CCCCCC,JW_2024,JW_2024,0
-6.0297856,0.783078243,CCCCCCC/C=C\CCCCCCCCC(=O)OC(C/C=C\CCCCCCCCOC(=O)CCN(CCCN(CC)CC)CCC(=O)OCCCCCCCC/C=C\CC(CCCCCC)OC(=O)CCCCCCCC/C=C\CCCCCCC)CCCCCC,JW_2024,JW_2024,1
-5.1371512,0.783078243,CCCCCCC/C=C\CCCCCCCCC(=O)OC(C/C=C\CCCCCCCCOC(=O)CCN(CCCN(CC)CC)CCC(=O)OCCCCCCCC/C=C\CC(CCCCCC)OC(=O)CCCCCCCC/C=C\CCCCCCC)CCCCCC,JW_2024,JW_2024,1
-5.918416,0.549211507,CCCCCCC/C=C\CCCCCCCCC(=O)OC(C/C=C\CCCCCCCCOC(=O)CCN(CCCN(CC)CC)CCC(=O)OCCCCCCCC/C=C\CC(CCCCCC)OC(=O)CCCCCCCC/C=C\CCCCCCC)CCCCCC,JW_2024,JW_2024,1
-4.1019874,1.709550314,CCCCCCC/C=C\CCCCCCCCC(=O)OC(C/C=C\CCCCCCCCOC(=O)CCN(CCCN(CC)CC)CCC(=O)OCCCCCCCC/C=C\CC(CCCCCC)OC(=O)CCCCCCCC/C=C\CCCCCCC)CCCCCC,JW_2024,JW_2024,2
-5.025594,-1.27674801,CCCCCCC/C=C\CCCCCCCCC(=O)OC(C/C=C\CCCCCCCCOC(=O)CCN(CCCN(CC)CC)CCC(=O)OCCCCCCCC/C=C\CC(CCCCCC)OC(=O)CCCCCCCC/C=C\CCCCCCC)CCCCCC,JW_2024,JW_2024,0
-3.7271543,1.277796339,CCCCCCC/C=C\CCCCCCCCC(=O)OC(C/C=C\CCCCCCCCOC(=O)CCN(CCCN(CC)CC)CCC(=O)OCCCCCCCC/C=C\CC(CCCCCC)OC(=O)CCCCCCCC/C=C\CCCCCCC)CCCCCC,JW_2024,JW_2024,1
-4.5311103,0.15343703,CCCCCCC/C=C\CCCCCCCCC(=O)OC(C/C=C\CCCCCCCCOC(=O)CCN(CCCN(CC)CC)CCC(=O)OCCCCCCCC/C=C\CC(CCCCCC)OC(=O)CCCCCCCC/C=C\CCCCCCC)CCCCCC,JW_2024,JW_2024,1
-5.533467,0.774083369,CCCCCCC/C=C\CCCCCCCCC(=O)OC(C/C=C\CCCCCCCCOC(=O)CCN(CCCN(CC)CC)CCC(=O)OCCCCCCCC/C=C\CC(CCCCCC)OC(=O)CCCCCCCC/C=C\CCCCCCC)CCCCCC,JW_2024,JW_2024,1
-6.344626,0.387303767,CCCCC/C=C\C/C=C\CCCCCCCC(=O)OC(C/C=C\CCCCCCCCOC(=O)CCN(CCCN(CC)CC)CCC(=O)OCCCCCCCC/C=C\CC(CCCCCC)OC(=O)CCCCCCC/C=C\C/C=C\CCCCC)CCCCCC,JW_2024,JW_2024,1
-5.5513697,-0.979917153,CCCCC/C=C\C/C=C\CCCCCCCC(=O)OC(C/C=C\CCCCCCCCOC(=O)CCN(CCCN(CC)CC)CCC(=O)OCCCCCCCC/C=C\CC(CCCCCC)OC(=O)CCCCCCC/C=C\C/C=C\CCCCC)CCCCCC,JW_2024,JW_2024,0
-3.616959,1.061919352,CCCCC/C=C\C/C=C\CCCCCCCC(=O)OC(C/C=C\CCCCCCCCOC(=O)CCN(CCCN(CC)CC)CCC(=O)OCCCCCCCC/C=C\CC(CCCCCC)OC(=O)CCCCCCC/C=C\C/C=C\CCCCC)CCCCCC,JW_2024,JW_2024,1
-5.1464744,-0.179373325,CCCCC/C=C\C/C=C\CCCCCCCC(=O)OC(C/C=C\CCCCCCCCOC(=O)CCN(CCCN(CC)CC)CCC(=O)OCCCCCCCC/C=C\CC(CCCCCC)OC(=O)CCCCCCC/C=C\C/C=C\CCCCC)CCCCCC,JW_2024,JW_2024,0
-5.3075643,0.450267888,CCCCC/C=C\C/C=C\CCCCCCCC(=O)OC(C/C=C\CCCCCCCCOC(=O)CCN(CCCN(CC)CC)CCC(=O)OCCCCCCCC/C=C\CC(CCCCCC)OC(=O)CCCCCCC/C=C\C/C=C\CCCCC)CCCCCC,JW_2024,JW_2024,1
-3.9119923,0.432278139,CCCCC/C=C\C/C=C\CCCCCCCC(=O)OC(C/C=C\CCCCCCCCOC(=O)CCN(CCCN(CC)CC)CCC(=O)OCCCCCCCC/C=C\CC(CCCCCC)OC(=O)CCCCCCC/C=C\C/C=C\CCCCC)CCCCCC,JW_2024,JW_2024,1
-5.0766463,-0.674091421,CCCCC/C=C\C/C=C\CCCCCCCC(=O)OC(C/C=C\CCCCCCCCOC(=O)CCN(CCCN(CC)CC)CCC(=O)OCCCCCCCC/C=C\CC(CCCCCC)OC(=O)CCCCCCC/C=C\C/C=C\CCCCC)CCCCCC,JW_2024,JW_2024,0
-8.093214,0.67513975,CCCCC/C=C\C/C=C\CCCCCCCC(=O)OC(C/C=C\CCCCCCCCOC(=O)CCN(CCCN(CC)CC)CCC(=O)OCCCCCCCC/C=C\CC(CCCCCC)OC(=O)CCCCCCC/C=C\C/C=C\CCCCC)CCCCCC,JW_2024,JW_2024,1
-3.3488197,0.360319143,CCCCC/C=C\C/C=C\CCCCCCCC(=O)OC(C/C=C\CCCCCCCCOC(=O)CCN(CCCN(CC)CC)CCC(=O)OCCCCCCCC/C=C\CC(CCCCCC)OC(=O)CCCCCCC/C=C\C/C=C\CCCCC)CCCCCC,JW_2024,JW_2024,1
-3.229971,-0.233342572,CCCCC/C=C\C/C=C\CCCCCCCC(=O)OC(C/C=C\CCCCCCCCOC(=O)CCN(CCCN(CC)CC)CCC(=O)OCCCCCCCC/C=C\CC(CCCCCC)OC(=O)CCCCCCC/C=C\C/C=C\CCCCC)CCCCCC,JW_2024,JW_2024,0
-5.6669044,0.765088494,CCCCC/C=C\C/C=C\CCCCCCCC(=O)OC(C/C=C\CCCCCCCCOC(=O)CCN(CCCN(CC)CC)CCC(=O)OCCCCCCCC/C=C\CC(CCCCCC)OC(=O)CCCCCCC/C=C\C/C=C\CCCCC)CCCCCC,JW_2024,JW_2024,1
-3.5197988,0.971970607,CCCCC/C=C\C/C=C\CCCCCCCC(=O)OC(C/C=C\CCCCCCCCOC(=O)CCN(CCCN(CC)CC)CCC(=O)OCCCCCCCC/C=C\CC(CCCCCC)OC(=O)CCCCCCC/C=C\C/C=C\CCCCC)CCCCCC,JW_2024,JW_2024,1
-8.112194,1.250811716,CCCCC/C=C\C/C=C\CCCCCCCC(=O)OC(C/C=C\CCCCCCCCOC(=O)CCN(CCCN(CC)CC)CCC(=O)OCCCCCCCC/C=C\CC(CCCCCC)OC(=O)CCCCCCC/C=C\C/C=C\CCCCC)CCCCCC,JW_2024,JW_2024,1
-5.447326,1.367745084,CCCCC/C=C\C/C=C\CCCCCCCC(=O)OC(C/C=C\CCCCCCCCOC(=O)CCN(CCCN(CC)CC)CCC(=O)OCCCCCCCC/C=C\CC(CCCCCC)OC(=O)CCCCCCC/C=C\C/C=C\CCCCC)CCCCCC,JW_2024,JW_2024,2
-6.1655564,1.565632322,CCCCC/C=C\C/C=C\CCCCCCCC(=O)OC(C/C=C\CCCCCCCCOC(=O)CCN(CCCN(CC)CC)CCC(=O)OCCCCCCCC/C=C\CC(CCCCCC)OC(=O)CCCCCCC/C=C\C/C=C\CCCCC)CCCCCC,JW_2024,JW_2024,2
-2.7499142,0.819057741,CCCCC/C=C\C/C=C\CCCCCCCC(=O)OC(C/C=C\CCCCCCCCOC(=O)CCN(CCCN(CC)CC)CCC(=O)OCCCCCCCC/C=C\CC(CCCCCC)OC(=O)CCCCCCC/C=C\C/C=C\CCCCC)CCCCCC,JW_2024,JW_2024,1
-3.7367713,0.099467784,CCCCC/C=C\C/C=C\CCCCCCCC(=O)OC(C/C=C\CCCCCCCCOC(=O)CCN(CCCN(CC)CC)CCC(=O)OCCCCCCCC/C=C\CC(CCCCCC)OC(=O)CCCCCCC/C=C\C/C=C\CCCCC)CCCCCC,JW_2024,JW_2024,1
-6.8250294,0.450267888,CCCCC/C=C\C/C=C\CCCCCCCC(=O)OC(C/C=C\CCCCCCCCOC(=O)CCN(CCCN(CC)CC)CCC(=O)OCCCCCCCC/C=C\CC(CCCCCC)OC(=O)CCCCCCC/C=C\C/C=C\CCCCC)CCCCCC,JW_2024,JW_2024,1
-7.286337,0.144442156,CCCCCCCCC/C=C\CCCCCCCC(=O)OC(C/C=C\CCCCCCCCOC(=O)CCN(CCCN(C)C)CCC(=O)OCCCCCCCC/C=C\CC(CCCCCC)OC(=O)CCCCCCC/C=C\CCCCCCCCC)CCCCCC,JW_2024,JW_2024,1
-7.422086,-0.368265689,CCCCCCCCC/C=C\CCCCCCCC(=O)OC(C/C=C\CCCCCCCCOC(=O)CCN(CCCN(C)C)CCC(=O)OCCCCCCCC/C=C\CC(CCCCCC)OC(=O)CCCCCCC/C=C\CCCCCCCCC)CCCCCC,JW_2024,JW_2024,0
-4.1423426,1.043929603,CCCCCCCCC/C=C\CCCCCCCC(=O)OC(C/C=C\CCCCCCCCOC(=O)CCN(CCCN(C)C)CCC(=O)OCCCCCCCC/C=C\CC(CCCCCC)OC(=O)CCCCCCC/C=C\CCCCCCCCC)CCCCCC,JW_2024,JW_2024,1
-6.9568253,0.387303767,CCCCCCCCC/C=C\CCCCCCCC(=O)OC(C/C=C\CCCCCCCCOC(=O)CCN(CCCN(C)C)CCC(=O)OCCCCCCCC/C=C\CC(CCCCCC)OC(=O)CCCCCCC/C=C\CCCCCCCCC)CCCCCC,JW_2024,JW_2024,1
-4.764583,1.106893724,CCCCCCCCC/C=C\CCCCCCCC(=O)OC(C/C=C\CCCCCCCCOC(=O)CCN(CCCN(C)C)CCC(=O)OCCCCCCCC/C=C\CC(CCCCCC)OC(=O)CCCCCCC/C=C\CCCCCCCCC)CCCCCC,JW_2024,JW_2024,1
-5.7483974,0.15343703,CCCCCCCCC/C=C\CCCCCCCC(=O)OC(C/C=C\CCCCCCCCOC(=O)CCN(CCCN(C)C)CCC(=O)OCCCCCCCC/C=C\CC(CCCCCC)OC(=O)CCCCCCC/C=C\CCCCCCCCC)CCCCCC,JW_2024,JW_2024,1
-7.016534,-0.404245187,CCCCCCCCC/C=C\CCCCCCCC(=O)OC(C/C=C\CCCCCCCCOC(=O)CCN(CCCN(C)C)CCC(=O)OCCCCCCCC/C=C\CC(CCCCCC)OC(=O)CCCCCCC/C=C\CCCCCCCCC)CCCCCC,JW_2024,JW_2024,0
-7.611914,-0.080429706,CCCCCCCCC/C=C\CCCCCCCC(=O)OC(C/C=C\CCCCCCCCOC(=O)CCN(CCCN(C)C)CCC(=O)OCCCCCCCC/C=C\CC(CCCCCC)OC(=O)CCCCCCC/C=C\CCCCCCCCC)CCCCCC,JW_2024,JW_2024,0
-5.0489273,-0.071434831,CCCCCCCCC/C=C\CCCCCCCC(=O)OC(C/C=C\CCCCCCCCOC(=O)CCN(CCCN(C)C)CCC(=O)OCCCCCCCC/C=C\CC(CCCCCC)OC(=O)CCCCCCC/C=C\CCCCCCCCC)CCCCCC,JW_2024,JW_2024,0
-6.2417,-0.755045291,CCCCCCCCC/C=C\CCCCCCCC(=O)OC(C/C=C\CCCCCCCCOC(=O)CCN(CCCN(C)C)CCC(=O)OCCCCCCCC/C=C\CC(CCCCCC)OC(=O)CCCCCCC/C=C\CCCCCCCCC)CCCCCC,JW_2024,JW_2024,0
-7.443952,1.142873222,CCCCCCCCC/C=C\CCCCCCCC(=O)OC(C/C=C\CCCCCCCCOC(=O)CCN(CCCN(C)C)CCC(=O)OCCCCCCCC/C=C\CC(CCCCCC)OC(=O)CCCCCCC/C=C\CCCCCCCCC)CCCCCC,JW_2024,JW_2024,1
-6.062795,1.070914226,CCCCCCCCC/C=C\CCCCCCCC(=O)OC(C/C=C\CCCCCCCCOC(=O)CCN(CCCN(C)C)CCC(=O)OCCCCCCCC/C=C\CC(CCCCCC)OC(=O)CCCCCCC/C=C\CCCCCCCCC)CCCCCC,JW_2024,JW_2024,1
-8.098501,0.783078243,CCCCCCCCC/C=C\CCCCCCCC(=O)OC(C/C=C\CCCCCCCCOC(=O)CCN(CCCN(C)C)CCC(=O)OCCCCCCCC/C=C\CC(CCCCCC)OC(=O)CCCCCCC/C=C\CCCCCCCCC)CCCCCC,JW_2024,JW_2024,1
-5.581435,1.403724582,CCCCCCCCC/C=C\CCCCCCCC(=O)OC(C/C=C\CCCCCCCCOC(=O)CCN(CCCN(C)C)CCC(=O)OCCCCCCCC/C=C\CC(CCCCCC)OC(=O)CCCCCCC/C=C\CCCCCCCCC)CCCCCC,JW_2024,JW_2024,2
-6.752564,1.421714331,CCCCCCCCC/C=C\CCCCCCCC(=O)OC(C/C=C\CCCCCCCCOC(=O)CCN(CCCN(C)C)CCC(=O)OCCCCCCCC/C=C\CC(CCCCCC)OC(=O)CCCCCCC/C=C\CCCCCCCCC)CCCCCC,JW_2024,JW_2024,2
-4.729633,1.313775837,CCCCCCCCC/C=C\CCCCCCCC(=O)OC(C/C=C\CCCCCCCCOC(=O)CCN(CCCN(C)C)CCC(=O)OCCCCCCCC/C=C\CC(CCCCCC)OC(=O)CCCCCCC/C=C\CCCCCCCCC)CCCCCC,JW_2024,JW_2024,1
-4.996226,1.493673326,CCCCCCCCC/C=C\CCCCCCCC(=O)OC(C/C=C\CCCCCCCCOC(=O)CCN(CCCN(C)C)CCC(=O)OCCCCCCCC/C=C\CC(CCCCCC)OC(=O)CCCCCCC/C=C\CCCCCCCCC)CCCCCC,JW_2024,JW_2024,2
-7.125,1.232821967,CCCCCCCCC/C=C\CCCCCCCC(=O)OC(C/C=C\CCCCCCCCOC(=O)CCN(CCCN(C)C)CCC(=O)OCCCCCCCC/C=C\CC(CCCCCC)OC(=O)CCCCCCC/C=C\CCCCCCCCC)CCCCCC,JW_2024,JW_2024,1
-8.862231,-0.485199057,CCCCC/C=C\C/C=C\CCCCCCCC(=O)OC(C/C=C\CCCCCCCCOC(=O)CCN(CCCN(C)C)CCC(=O)OCCCCCCCC/C=C\CC(CCCCCC)OC(=O)CCCCCCC/C=C\C/C=C\CCCCC)CCCCCC,JW_2024,JW_2024,0
-7.0878134,-0.93494278,CCCCC/C=C\C/C=C\CCCCCCCC(=O)OC(C/C=C\CCCCCCCCOC(=O)CCN(CCCN(C)C)CCC(=O)OCCCCCCCC/C=C\CC(CCCCCC)OC(=O)CCCCCCC/C=C\C/C=C\CCCCC)CCCCCC,JW_2024,JW_2024,0
-4.6702447,0.612175628,CCCCC/C=C\C/C=C\CCCCCCCC(=O)OC(C/C=C\CCCCCCCCOC(=O)CCN(CCCN(C)C)CCC(=O)OCCCCCCCC/C=C\CC(CCCCCC)OC(=O)CCCCCCC/C=C\C/C=C\CCCCC)CCCCCC,JW_2024,JW_2024,1
-6.5148335,-0.062439957,CCCCC/C=C\C/C=C\CCCCCCCC(=O)OC(C/C=C\CCCCCCCCOC(=O)CCN(CCCN(C)C)CCC(=O)OCCCCCCCC/C=C\CC(CCCCCC)OC(=O)CCCCCCC/C=C\C/C=C\CCCCC)CCCCCC,JW_2024,JW_2024,0
-6.8010793,0.801067992,CCCCC/C=C\C/C=C\CCCCCCCC(=O)OC(C/C=C\CCCCCCCCOC(=O)CCN(CCCN(C)C)CCC(=O)OCCCCCCCC/C=C\CC(CCCCCC)OC(=O)CCCCCCC/C=C\C/C=C\CCCCC)CCCCCC,JW_2024,JW_2024,1
-5.162916,-0.206357948,CCCCC/C=C\C/C=C\CCCCCCCC(=O)OC(C/C=C\CCCCCCCCOC(=O)CCN(CCCN(C)C)CCC(=O)OCCCCCCCC/C=C\CC(CCCCCC)OC(=O)CCCCCCC/C=C\C/C=C\CCCCC)CCCCCC,JW_2024,JW_2024,0
-6.5779886,-0.062439957,CCCCC/C=C\C/C=C\CCCCCCCC(=O)OC(C/C=C\CCCCCCCCOC(=O)CCN(CCCN(C)C)CCC(=O)OCCCCCCCC/C=C\CC(CCCCCC)OC(=O)CCCCCCC/C=C\C/C=C\CCCCC)CCCCCC,JW_2024,JW_2024,0
-9.214229,-0.386255438,CCCCC/C=C\C/C=C\CCCCCCCC(=O)OC(C/C=C\CCCCCCCCOC(=O)CCN(CCCN(C)C)CCC(=O)OCCCCCCCC/C=C\CC(CCCCCC)OC(=O)CCCCCCC/C=C\C/C=C\CCCCC)CCCCCC,JW_2024,JW_2024,0
-5.8661,-0.116409204,CCCCC/C=C\C/C=C\CCCCCCCC(=O)OC(C/C=C\CCCCCCCCOC(=O)CCN(CCCN(C)C)CCC(=O)OCCCCCCCC/C=C\CC(CCCCCC)OC(=O)CCCCCCC/C=C\C/C=C\CCCCC)CCCCCC,JW_2024,JW_2024,0
-7.1103673,1.124883473,CCCCC/C=C\C/C=C\CCCCCCCC(=O)OC(C/C=C\CCCCCCCCOC(=O)CCN(CCCN(C)C)CCC(=O)OCCCCCCCC/C=C\CC(CCCCCC)OC(=O)CCCCCCC/C=C\C/C=C\CCCCC)CCCCCC,JW_2024,JW_2024,1
-5.7419376,0.900011611,CCCCC/C=C\C/C=C\CCCCCCCC(=O)OC(C/C=C\CCCCCCCCOC(=O)CCN(CCCN(C)C)CCC(=O)OCCCCCCCC/C=C\CC(CCCCCC)OC(=O)CCCCCCC/C=C\C/C=C\CCCCC)CCCCCC,JW_2024,JW_2024,1
-9.5244255,0.828052616,CCCCC/C=C\C/C=C\CCCCCCCC(=O)OC(C/C=C\CCCCCCCCOC(=O)CCN(CCCN(C)C)CCC(=O)OCCCCCCCC/C=C\CC(CCCCCC)OC(=O)CCCCCCC/C=C\C/C=C\CCCCC)CCCCCC,JW_2024,JW_2024,1
-7.773815,1.781509309,CCCCC/C=C\C/C=C\CCCCCCCC(=O)OC(C/C=C\CCCCCCCCOC(=O)CCN(CCCN(C)C)CCC(=O)OCCCCCCCC/C=C\CC(CCCCCC)OC(=O)CCCCCCC/C=C\C/C=C\CCCCC)CCCCCC,JW_2024,JW_2024,2
-8.694002,1.295786088,CCCCC/C=C\C/C=C\CCCCCCCC(=O)OC(C/C=C\CCCCCCCCOC(=O)CCN(CCCN(C)C)CCC(=O)OCCCCCCCC/C=C\CC(CCCCCC)OC(=O)CCCCCCC/C=C\C/C=C\CCCCC)CCCCCC,JW_2024,JW_2024,1
-5.542148,1.547642573,CCCCC/C=C\C/C=C\CCCCCCCC(=O)OC(C/C=C\CCCCCCCCOC(=O)CCN(CCCN(C)C)CCC(=O)OCCCCCCCC/C=C\CC(CCCCCC)OC(=O)CCCCCCC/C=C\C/C=C\CCCCC)CCCCCC,JW_2024,JW_2024,2
-5.7856097,1.52065795,CCCCC/C=C\C/C=C\CCCCCCCC(=O)OC(C/C=C\CCCCCCCCOC(=O)CCN(CCCN(C)C)CCC(=O)OCCCCCCCC/C=C\CC(CCCCCC)OC(=O)CCCCCCC/C=C\C/C=C\CCCCC)CCCCCC,JW_2024,JW_2024,2
-8.865636,0.720114122,CCCCC/C=C\C/C=C\CCCCCCCC(=O)OC(C/C=C\CCCCCCCCOC(=O)CCN(CCCN(C)C)CCC(=O)OCCCCCCCC/C=C\CC(CCCCCC)OC(=O)CCCCCCC/C=C\C/C=C\CCCCC)CCCCCC,JW_2024,JW_2024,1
-11.70325,-0.988912027,CCCCCCCC/C=C\CCCCCCCC(=O)OC(C/C=C\CCCCCCCCOC(=O)CCN(CCCN(CCCC)CCCC)CCC(=O)OCCCCCCCC/C=C\CC(CCCCCC)OC(=O)CCCCCCC/C=C\CCCCCCCC)CCCCCC,JW_2024,JW_2024,0
-10.726338,-2.185230332,CCCCCCCC/C=C\CCCCCCCC(=O)OC(C/C=C\CCCCCCCCOC(=O)CCN(CCCN(CCCC)CCCC)CCC(=O)OCCCCCCCC/C=C\CC(CCCCCC)OC(=O)CCCCCCC/C=C\CCCCCCCC)CCCCCC,JW_2024,JW_2024,0
-9.290244,-0.494193931,CCCCCCCC/C=C\CCCCCCCC(=O)OC(C/C=C\CCCCCCCCOC(=O)CCN(CCCN(CCCC)CCCC)CCC(=O)OCCCCCCCC/C=C\CC(CCCCCC)OC(=O)CCCCCCC/C=C\CCCCCCCC)CCCCCC,JW_2024,JW_2024,0
-9.94467,-1.429660876,CCCCCCCC/C=C\CCCCCCCC(=O)OC(C/C=C\CCCCCCCCOC(=O)CCN(CCCN(CCCC)CCCC)CCC(=O)OCCCCCCCC/C=C\CC(CCCCCC)OC(=O)CCCCCCC/C=C\CCCCCCCC)CCCCCC,JW_2024,JW_2024,0
-8.940529,-0.602132425,CCCCCCCC/C=C\CCCCCCCC(=O)OC(C/C=C\CCCCCCCCOC(=O)CCN(CCCN(CCCC)CCCC)CCC(=O)OCCCCCCCC/C=C\CC(CCCCCC)OC(=O)CCCCCCC/C=C\CCCCCCCC)CCCCCC,JW_2024,JW_2024,0
-9.243853,-1.384686504,CCCCCCCC/C=C\CCCCCCCC(=O)OC(C/C=C\CCCCCCCCOC(=O)CCN(CCCN(CCCC)CCCC)CCC(=O)OCCCCCCCC/C=C\CC(CCCCCC)OC(=O)CCCCCCC/C=C\CCCCCCCC)CCCCCC,JW_2024,JW_2024,0
-9.985829,-0.943937655,CCCCCCCC/C=C\CCCCCCCC(=O)OC(C/C=C\CCCCCCCCOC(=O)CCN(CCCN(CCCC)CCCC)CCC(=O)OCCCCCCCC/C=C\CC(CCCCCC)OC(=O)CCCCCCC/C=C\CCCCCCCC)CCCCCC,JW_2024,JW_2024,0
-9.435284,-0.737055542,CCCCCCCC/C=C\CCCCCCCC(=O)OC(C/C=C\CCCCCCCCOC(=O)CCN(CCCN(CCCC)CCCC)CCC(=O)OCCCCCCCC/C=C\CC(CCCCCC)OC(=O)CCCCCCC/C=C\CCCCCCCC)CCCCCC,JW_2024,JW_2024,0
-10.729931,-0.800019663,CCCCCCCC/C=C\CCCCCCCC(=O)OC(C/C=C\CCCCCCCCOC(=O)CCN(CCCN(CCCC)CCCC)CCC(=O)OCCCCCCCC/C=C\CC(CCCCCC)OC(=O)CCCCCCC/C=C\CCCCCCCC)CCCCCC,JW_2024,JW_2024,0
-9.391347,-0.835999161,CCCCCCCC/C=C\CCCCCCCC(=O)OC(C/C=C\CCCCCCCCOC(=O)CCN(CCCN(CCCC)CCCC)CCC(=O)OCCCCCCCC/C=C\CC(CCCCCC)OC(=O)CCCCCCC/C=C\CCCCCCCC)CCCCCC,JW_2024,JW_2024,0
-11.800438,-0.107414329,CCCCCCCC/C=C\CCCCCCCC(=O)OC(C/C=C\CCCCCCCCOC(=O)CCN(CCCN(CCCC)CCCC)CCC(=O)OCCCCCCCC/C=C\CC(CCCCCC)OC(=O)CCCCCCC/C=C\CCCCCCCC)CCCCCC,JW_2024,JW_2024,0
-9.3548355,0.25238065,CCCCCCCC/C=C\CCCCCCCC(=O)OC(C/C=C\CCCCCCCCOC(=O)CCN(CCCN(CCCC)CCCC)CCC(=O)OCCCCCCCC/C=C\CC(CCCCCC)OC(=O)CCCCCCC/C=C\CCCCCCCC)CCCCCC,JW_2024,JW_2024,1
-8.42875,-0.206357948,CCCCCCCC/C=C\CCCCCCCC(=O)OC(C/C=C\CCCCCCCCOC(=O)CCN(CCCN(CCCC)CCCC)CCC(=O)OCCCCCCCC/C=C\CC(CCCCCC)OC(=O)CCCCCCC/C=C\CCCCCCCC)CCCCCC,JW_2024,JW_2024,0
-9.264675,-0.206357948,CCCCCCCC/C=C\CCCCCCCC(=O)OC(C/C=C\CCCCCCCCOC(=O)CCN(CCCN(CCCC)CCCC)CCC(=O)OCCCCCCCC/C=C\CC(CCCCCC)OC(=O)CCCCCCC/C=C\CCCCCCCC)CCCCCC,JW_2024,JW_2024,0
-9.394129,-0.638111923,CCCCCCCC/C=C\CCCCCCCC(=O)OC(C/C=C\CCCCCCCCOC(=O)CCN(CCCN(CCCC)CCCC)CCC(=O)OCCCCCCCC/C=C\CC(CCCCCC)OC(=O)CCCCCCC/C=C\CCCCCCCC)CCCCCC,JW_2024,JW_2024,0
-10.754154,-0.557158053,CCCCCCCC/C=C\CCCCCCCC(=O)OC(C/C=C\CCCCCCCCOC(=O)CCN(CCCN(CCCC)CCCC)CCC(=O)OCCCCCCCC/C=C\CC(CCCCCC)OC(=O)CCCCCCC/C=C\CCCCCCCC)CCCCCC,JW_2024,JW_2024,0
-9.917366,-0.593137551,CCCCC/C=C\C/C=C\CCCCCCCC(=O)OC(C/C=C\CCCCCCCCOC(=O)CCN(CCCN(CCCC)CCCC)CCC(=O)OCCCCCCCC/C=C\CC(CCCCCC)OC(=O)CCCCCCC/C=C\C/C=C\CCCCC)CCCCCC,JW_2024,JW_2024,0
-9.209984,-2.311158574,CCCCC/C=C\C/C=C\CCCCCCCC(=O)OC(C/C=C\CCCCCCCCOC(=O)CCN(CCCN(CCCC)CCCC)CCC(=O)OCCCCCCCC/C=C\CC(CCCCCC)OC(=O)CCCCCCC/C=C\C/C=C\CCCCC)CCCCCC,JW_2024,JW_2024,0
-8.093511,-0.233342572,CCCCC/C=C\C/C=C\CCCCCCCC(=O)OC(C/C=C\CCCCCCCCOC(=O)CCN(CCCN(CCCC)CCCC)CCC(=O)OCCCCCCCC/C=C\CC(CCCCCC)OC(=O)CCCCCCC/C=C\C/C=C\CCCCC)CCCCCC,JW_2024,JW_2024,0
-8.482872,-0.647106797,CCCCC/C=C\C/C=C\CCCCCCCC(=O)OC(C/C=C\CCCCCCCCOC(=O)CCN(CCCN(CCCC)CCCC)CCC(=O)OCCCCCCCC/C=C\CC(CCCCCC)OC(=O)CCCCCCC/C=C\C/C=C\CCCCC)CCCCCC,JW_2024,JW_2024,0
-8.584578,-0.044450208,CCCCC/C=C\C/C=C\CCCCCCCC(=O)OC(C/C=C\CCCCCCCCOC(=O)CCN(CCCN(CCCC)CCCC)CCC(=O)OCCCCCCCC/C=C\CC(CCCCCC)OC(=O)CCCCCCC/C=C\C/C=C\CCCCC)CCCCCC,JW_2024,JW_2024,0
-7.6606116,-1.591568617,CCCCC/C=C\C/C=C\CCCCCCCC(=O)OC(C/C=C\CCCCCCCCOC(=O)CCN(CCCN(CCCC)CCCC)CCC(=O)OCCCCCCCC/C=C\CC(CCCCCC)OC(=O)CCCCCCC/C=C\C/C=C\CCCCC)CCCCCC,JW_2024,JW_2024,0
-8.575844,-2.536030436,CCCCC/C=C\C/C=C\CCCCCCCC(=O)OC(C/C=C\CCCCCCCCOC(=O)CCN(CCCN(CCCC)CCCC)CCC(=O)OCCCCCCCC/C=C\CC(CCCCCC)OC(=O)CCCCCCC/C=C\C/C=C\CCCCC)CCCCCC,JW_2024,JW_2024,0
-8.976357,-0.215352823,CCCCC/C=C\C/C=C\CCCCCCCC(=O)OC(C/C=C\CCCCCCCCOC(=O)CCN(CCCN(CCCC)CCCC)CCC(=O)OCCCCCCCC/C=C\CC(CCCCCC)OC(=O)CCCCCCC/C=C\C/C=C\CCCCC)CCCCCC,JW_2024,JW_2024,0
-9.162715,-0.85398891,CCCCC/C=C\C/C=C\CCCCCCCC(=O)OC(C/C=C\CCCCCCCCOC(=O)CCN(CCCN(CCCC)CCCC)CCC(=O)OCCCCCCCC/C=C\CC(CCCCCC)OC(=O)CCCCCCC/C=C\C/C=C\CCCCC)CCCCCC,JW_2024,JW_2024,0
-7.07686,0.477252511,CCCCC/C=C\C/C=C\CCCCCCCC(=O)OC(C/C=C\CCCCCCCCOC(=O)CCN(CCCN(CCCC)CCCC)CCC(=O)OCCCCCCCC/C=C\CC(CCCCCC)OC(=O)CCCCCCC/C=C\C/C=C\CCCCC)CCCCCC,JW_2024,JW_2024,1
-11.41553,-0.701076044,CCCCC/C=C\C/C=C\CCCCCCCC(=O)OC(C/C=C\CCCCCCCCOC(=O)CCN(CCCN(CCCC)CCCC)CCC(=O)OCCCCCCCC/C=C\CC(CCCCCC)OC(=O)CCCCCCC/C=C\C/C=C\CCCCC)CCCCCC,JW_2024,JW_2024,0
-8.507193,0.441273013,CCCCC/C=C\C/C=C\CCCCCCCC(=O)OC(C/C=C\CCCCCCCCOC(=O)CCN(CCCN(CCCC)CCCC)CCC(=O)OCCCCCCCC/C=C\CC(CCCCCC)OC(=O)CCCCCCC/C=C\C/C=C\CCCCC)CCCCCC,JW_2024,JW_2024,1
-7.614628,-0.206357948,CCCCC/C=C\C/C=C\CCCCCCCC(=O)OC(C/C=C\CCCCCCCCOC(=O)CCN(CCCN(CCCC)CCCC)CCC(=O)OCCCCCCCC/C=C\CC(CCCCCC)OC(=O)CCCCCCC/C=C\C/C=C\CCCCC)CCCCCC,JW_2024,JW_2024,0
-7.335453,-0.503188806,CCCCC/C=C\C/C=C\CCCCCCCC(=O)OC(C/C=C\CCCCCCCCOC(=O)CCN(CCCN(CCCC)CCCC)CCC(=O)OCCCCCCCC/C=C\CC(CCCCCC)OC(=O)CCCCCCC/C=C\C/C=C\CCCCC)CCCCCC,JW_2024,JW_2024,0
-7.941337,-0.701076044,CCCCC/C=C\C/C=C\CCCCCCCC(=O)OC(C/C=C\CCCCCCCCOC(=O)CCN(CCCN(CCCC)CCCC)CCC(=O)OCCCCCCCC/C=C\CC(CCCCCC)OC(=O)CCCCCCC/C=C\C/C=C\CCCCC)CCCCCC,JW_2024,JW_2024,0
-9.59903,-0.458214434,CCCCC/C=C\C/C=C\CCCCCCCC(=O)OC(C/C=C\CCCCCCCCOC(=O)CCN(CCCN(CCCC)CCCC)CCC(=O)OCCCCCCCC/C=C\CC(CCCCCC)OC(=O)CCCCCCC/C=C\C/C=C\CCCCC)CCCCCC,JW_2024,JW_2024,0
-4.3342566,0.225396026,CCCCCCCC/C=C\CCCCCCCCCCCC(=O)OC(C/C=C\CCCCCCCCOC(=O)CCN(CCCN(CC)CC)CCC(=O)OCCCCCCCC/C=C\CC(CCCCCC)OC(=O)CCCCCCCCCCC/C=C\CCCCCCCC)CCCCCC,JW_2024,JW_2024,1
-3.6160831,0.846042365,CCCCCCCC/C=C\CCCCCCCCCCCC(=O)OC(C/C=C\CCCCCCCCOC(=O)CCN(CCCN(CC)CC)CCC(=O)OCCCCCCCC/C=C\CC(CCCCCC)OC(=O)CCCCCCCCCCC/C=C\CCCCCCCC)CCCCCC,JW_2024,JW_2024,1
-11.030042,1.214832218,CCCCC/C=C\CCC(=O)OC(C/C=C\CCCCCCCCOC(=O)CCN(C)CCO)CCCCCC,JW_2024,JW_2024,1
-15.059752,0.459262762,CCCCC/C=C\CCC(=O)OC(C/C=C\CCCCCCCCOC(=O)CCN(C)CCO)CCCCCC,JW_2024,JW_2024,1
-3.302241,0.25238065,CCCCCC/C=C\CCCCCCCC(=O)OC(C/C=C\CCCCCCCCOC(=O)CCN(CCCN(CC)CC)CCC(=O)OCCCCCCCC/C=C\CC(CCCCCC)OC(=O)CCCCCCC/C=C\CCCCCCC)CCCCCC,JW_2024,JW_2024,1
-5.227404,0.585191005,CCCCCC/C=C\CCCCCCCC(=O)OC(C/C=C\CCCCCCCCOC(=O)CCN(CCCN(CC)CC)CCC(=O)OCCCCCCCC/C=C\CC(CCCCCC)OC(=O)CCCCCCC/C=C\CCCCCCC)CCCCCC,JW_2024,JW_2024,1
-6.742959,0.944985984,CCCCCC/C=C\CCCCCCCC(=O)OC(C/C=C\CCCCCCCCOC(=O)CCN(CCCN(C)C)CCC(=O)OCCCCCCCC/C=C\CC(CCCCCC)OC(=O)CCCCCCC/C=C\CCCCCCC)CCCCCC,JW_2024,JW_2024,1
-9.014612,0.540216633,CCCCCC/C=C\CCCCCCCC(=O)OC(C/C=C\CCCCCCCCOC(=O)CCN(CCCN(C)C)CCC(=O)OCCCCCCCC/C=C\CC(CCCCCC)OC(=O)CCCCCCC/C=C\CCCCCCC)CCCCCC,JW_2024,JW_2024,1
-4.3883257,0.234390901,CCCCCCCC/C=C\CCCCCCCCCC(=O)OC(C/C=C\CCCCCCCCOC(=O)CCN(CCCN(CC)CC)CCC(=O)OCCCCCCCC/C=C\CC(CCCCCC)OC(=O)CCCCCCCCC/C=C\CCCCCCCC)CCCCCC,JW_2024,JW_2024,1
-6.7295327,0.423283264,CCCCCCCC/C=C\CCCCCCCCCC(=O)OC(C/C=C\CCCCCCCCOC(=O)CCN(CCCN(CC)CC)CCC(=O)OCCCCCCCC/C=C\CC(CCCCCC)OC(=O)CCCCCCCCC/C=C\CCCCCCCC)CCCCCC,JW_2024,JW_2024,1
-5.88168,1.376739958,CCCCCCCC/C=C\CCCCCCCCCC(=O)OC(C/C=C\CCCCCCCCOC(=O)CCN(CCCN(C)C)CCC(=O)OCCCCCCCC/C=C\CC(CCCCCC)OC(=O)CCCCCCCCC/C=C\CCCCCCCC)CCCCCC,JW_2024,JW_2024,2
-7.591878,0.711119248,CCCCCCCC/C=C\CCCCCCCCCC(=O)OC(C/C=C\CCCCCCCCOC(=O)CCN(CCCN(C)C)CCC(=O)OCCCCCCCC/C=C\CC(CCCCCC)OC(=O)CCCCCCCCC/C=C\CCCCCCCC)CCCCCC,JW_2024,JW_2024,1
-3.1797354,0.49524226,CCCC/C=C\CCCCCCCCC(=O)OC(C/C=C\CCCCCCCCOC(=O)CCN(CCCN(CC)CC)CCC(=O)OCCCCCCCC/C=C\CC(CCCCCC)OC(=O)CCCCCCCC/C=C\CCCC)CCCCCC,JW_2024,JW_2024,1
-6.747728,0.621170503,CCCC/C=C\CCCCCCCCC(=O)OC(C/C=C\CCCCCCCCOC(=O)CCN(CCCN(CC)CC)CCC(=O)OCCCCCCCC/C=C\CC(CCCCCC)OC(=O)CCCCCCCC/C=C\CCCC)CCCCCC,JW_2024,JW_2024,1
-3.363771,-0.483910812,CCCCCCCC/C=C\CCCCCCCC(=O)OCCCCCC(O)C(CCCCOC(=O)CCCCCCC/C=C\CCCCCCCC)CN1CCN(C)CC1,JW_2024,JW_2024,0
-3.1074748,0.969575679,CCCCCCCC/C=C\CCCCCCCC(=O)OCCCCCC(O)C(CCCCOC(=O)CCCCCCC/C=C\CCCCCCCC)CN1CCN(C)CC1,JW_2024,JW_2024,1
-7.4694166,0.283660706,CCCCCCCC/C=C\CCCCCCCC(=O)OCCCCCC(O)C(CCCCOC(=O)CCCCCCC/C=C\CCCCCCCC)CN1CCN(C)CC1,JW_2024,JW_2024,1
-2.9411974,-0.394088613,CCCCCCCC/C=C\CCCCCCCC(=O)OCCCCCC(O)C(CCCCOC(=O)CCCCCCC/C=C\CCCCCCCC)CN1CCN(C)CC1,JW_2024,JW_2024,0
-4.2340355,-0.581898665,CCCCCCCC/C=C\CCCCCCCC(=O)OCCCCCC(O)C(CCCCOC(=O)CCCCCCC/C=C\CCCCCCCC)CN1CCN(C)CC1,JW_2024,JW_2024,0
-7.245472,-0.704383482,CCCCCCCC/C=C\CCCCCCCC(=O)OCCCCCC(O)C(CCCCOC(=O)CCCCCCC/C=C\CCCCCCCC)CN1CCN(C)CC1,JW_2024,JW_2024,0
-8.0262165,0.406145522,CCCCCCCC/C=C\CCCCCCCC(=O)OCCCCCC(O)C(CCCCOC(=O)CCCCCCC/C=C\CCCCCCCC)CN1CCN(C)CC1,JW_2024,JW_2024,1
-4.707271,0.161175889,CCCCCCCC/C=C\CCCCCCCC(=O)OCCCCCC(O)C(CCCCOC(=O)CCCCCCC/C=C\CCCCCCCC)CN1CCN(C)CC1,JW_2024,JW_2024,1
-3.8747625,1.39418971,CCCCCCCC/C=C\CCCCCCCC(=O)OCCCCCC(O)C(CCCCOC(=O)CCCCCCC/C=C\CCCCCCCC)CN1CCN(C)CC1,JW_2024,JW_2024,2
-3.5155113,-0.59006432,CCCCCCCC/C=C\CCCCCCCC(=O)OCCCCCC(O)C(CCCCOC(=O)CCCCCCC/C=C\CCCCCCCC)CN1CCN(C)CC1,JW_2024,JW_2024,0
-6.6373005,1.157385731,CCCCCCCC/C=C\CCCCCCCC(=O)OCCCCCC(O)C(CCCCOC(=O)CCCCCCC/C=C\CCCCCCCC)CN1CCN(C)CC1,JW_2024,JW_2024,1
-3.145936,0.185672852,CCCCCCCC/C=C\CCCCCCCC(=O)OCCCCCC(O)C(CCCCOC(=O)CCCCCCC/C=C\CCCCCCCC)CN1CCN(C)CC1,JW_2024,JW_2024,1
-3.7672389,0.07135369,CCCCCCCC/C=C\CCCCCCCC(=O)OCCCCCC(O)C(CCCCOC(=O)CCCCCCC/C=C\CCCCCCCC)CN1CCN(C)CC1,JW_2024,JW_2024,1
-4.211852,0.242832433,CCCCCCCC/C=C\CCCCCCCC(=O)OCCCCCC(O)C(CCCCOC(=O)CCCCCCC/C=C\CCCCCCCC)CN1CCN(C)CC1,JW_2024,JW_2024,1
-3.809519,0.716440391,CCCCCCCC/C=C\CCCCCCCC(=O)OCCCCCC(O)C(CCCCOC(=O)CCCCCCC/C=C\CCCCCCCC)CN1CCN(C)CC1,JW_2024,JW_2024,1
-7.709103,1.02673526,CCCCCCCC/C=C\CCCCCCCC(=O)OCCCCCC(O)C(CCCCOC(=O)CCCCCCC/C=C\CCCCCCCC)CN1CCN(C)CC1,JW_2024,JW_2024,1
-6.9786177,0.58578992,CCCCCCCC/C=C\CCCCCCCC(=O)OCCCCCC(O)C(CCCCOC(=O)CCCCCCC/C=C\CCCCCCCC)CN1CCN(C)CC1,JW_2024,JW_2024,1
-8.392942,0.855256517,CCCCCCCC/C=C\CCCCCCCC(=O)OCCCCCC(O)C(CCCCOC(=O)CCCCCCC/C=C\CCCCCCCC)CN1CCN(C)CC1,JW_2024,JW_2024,1
-3.4825044,0.863422171,CCCCCCCC/C=C\CCCCCCCC(=O)OCCCCCC(O)C(CCCCOC(=O)CCCCCCC/C=C\CCCCCCCC)CN1CCN(C)CC1,JW_2024,JW_2024,1
-3.526051,-0.034799818,CCCCCCCC/C=C\CCCCCCCC(=O)OCCCCCC(O)C(CCCCOC(=O)CCCCCCC/C=C\CCCCCCCC)CN1CCN(C)CC1,JW_2024,JW_2024,0
-7.9865565,1.647324998,CCCCCCCC/C=C\CCCCCCCC(=O)OCCCCCC(O)C(CCCCOC(=O)CCCCCCC/C=C\CCCCCCCC)CN1CCN(C)CC1,JW_2024,JW_2024,2
-7.3506126,-0.892193534,CCCCCCCC/C=C\CCCCCCCC(=O)OCCCCCC(O)C(CCCCOC(=O)CCCCCCC/C=C\CCCCCCCC)CN(C)CCCn1cccn1,JW_2024,JW_2024,0
-7.252483,0.324488978,CCCCCCCC/C=C\CCCCCCCC(=O)OCCCCCC(O)C(CCCCOC(=O)CCCCCCC/C=C\CCCCCCCC)CN(C)CCCn1cccn1,JW_2024,JW_2024,1
-11.990869,0.046856727,CCCCCCCC/C=C\CCCCCCCC(=O)OCCCCCC(O)C(CCCCOC(=O)CCCCCCC/C=C\CCCCCCCC)CN(C)CCCn1cccn1,JW_2024,JW_2024,1
-6.3164535,-0.728880445,CCCCCCCC/C=C\CCCCCCCC(=O)OCCCCCC(O)C(CCCCOC(=O)CCCCCCC/C=C\CCCCCCCC)CN(C)CCCn1cccn1,JW_2024,JW_2024,0
-6.9775977,-0.900359189,CCCCCCCC/C=C\CCCCCCCC(=O)OCCCCCC(O)C(CCCCOC(=O)CCCCCCC/C=C\CCCCCCCC)CN(C)CCCn1cccn1,JW_2024,JW_2024,0
-11.857607,-1.014678351,CCCCCCCC/C=C\CCCCCCCC(=O)OCCCCCC(O)C(CCCCOC(=O)CCCCCCC/C=C\CCCCCCCC)CN(C)CCCn1cccn1,JW_2024,JW_2024,0
-11.357014,0.340820287,CCCCCCCC/C=C\CCCCCCCC(=O)OCCCCCC(O)C(CCCCOC(=O)CCCCCCC/C=C\CCCCCCCC)CN(C)CCCn1cccn1,JW_2024,JW_2024,1
-8.390306,-1.365801492,CCCCCCCC/C=C\CCCCCCCC(=O)OCCCCCC(O)C(CCCCOC(=O)CCCCCCC/C=C\CCCCCCCC)CN(C)CCCn1cccn1,JW_2024,JW_2024,0
-7.509065,1.32069882,CCCCCCCC/C=C\CCCCCCCC(=O)OCCCCCC(O)C(CCCCOC(=O)CCCCCCC/C=C\CCCCCCCC)CN(C)CCCn1cccn1,JW_2024,JW_2024,2
-8.561552,0.185672852,CCCCCCCC/C=C\CCCCCCCC(=O)OCCCCCC(O)C(CCCCOC(=O)CCCCCCC/C=C\CCCCCCCC)CN(C)CCCn1cccn1,JW_2024,JW_2024,1
-10.777708,0.994072642,CCCCCCCC/C=C\CCCCCCCC(=O)OCCCCCC(O)C(CCCCOC(=O)CCCCCCC/C=C\CCCCCCCC)CN(C)CCCn1cccn1,JW_2024,JW_2024,1
-8.134517,0.120347617,CCCCCCCC/C=C\CCCCCCCC(=O)OCCCCCC(O)C(CCCCOC(=O)CCCCCCC/C=C\CCCCCCCC)CN(C)CCCn1cccn1,JW_2024,JW_2024,1
-8.593359,-1.308641911,CCCCCCCC/C=C\CCCCCCCC(=O)OCCCCCC(O)C(CCCCOC(=O)CCCCCCC/C=C\CCCCCCCC)CN(C)CCCn1cccn1,JW_2024,JW_2024,0
-12.323369,-0.263438142,CCCCCCCC/C=C\CCCCCCCC(=O)OCCCCCC(O)C(CCCCOC(=O)CCCCCCC/C=C\CCCCCCCC)CN(C)CCCn1cccn1,JW_2024,JW_2024,0
-6.708625,0.724606046,CCCCCCCC/C=C\CCCCCCCC(=O)OCCCCCC(O)C(CCCCOC(=O)CCCCCCC/C=C\CCCCCCCC)CN(C)CCCn1cccn1,JW_2024,JW_2024,1
-6.9807076,-0.549236048,CCCCCCCC/C=C\CCCCCCCC(=O)OCCCCCC(O)C(CCCCOC(=O)CCCCCCC/C=C\CCCCCCCC)CN(C)CCCn1cccn1,JW_2024,JW_2024,0
-8.837348,0.504133376,CCCCCCCC/C=C\CCCCCCCC(=O)OCCCCCC(O)C(CCCCOC(=O)CCCCCCC/C=C\CCCCCCCC)CN(C)CCCn1cccn1,JW_2024,JW_2024,1
-6.339188,-0.181781598,CCCCCCCC/C=C\CCCCCCCC(=O)OCCCCCC(O)C(CCCCOC(=O)CCCCCCC/C=C\CCCCCCCC)CN(C)CCCn1cccn1,JW_2024,JW_2024,0
-12.356819,1.239042276,CCCCCCCC/C=C\CCCCCCCC(=O)OCCCCCC(O)C(CCCCOC(=O)CCCCCCC/C=C\CCCCCCCC)CN(C)CCCn1cccn1,JW_2024,JW_2024,1
-10.040549,1.043066569,CCCCCCCC/C=C\CCCCCCCC(=O)OCCCCCC(O)C(CCCCOC(=O)CCCCCCC/C=C\CCCCCCCC)CN(C)CCCn1cccn1,JW_2024,JW_2024,1
-10.58482,0.700109082,CCCCCCCC/C=C\CCCCCCCC(=O)OCCCCCC(O)C(CCCCOC(=O)CCCCCCC/C=C\CCCCCCCC)CN(C)CCCn1cccn1,JW_2024,JW_2024,1
-6.3858333,0.863422171,CCCCCCCC/C=C\CCCCCCCC(=O)OCCCCCC(O)C(CCCCOC(=O)CCCCCCC/C=C\CCCCCCCC)CN(C)CCCn1cccn1,JW_2024,JW_2024,1
-7.0785236,-0.353260341,CCCCCCCC/C=C\CCCCCCCC(=O)OCCCCCC(O)C(CCCCOC(=O)CCCCCCC/C=C\CCCCCCCC)CN(C)CCCn1cccn1,JW_2024,JW_2024,0
-10.826424,1.165551386,CCCCCCCC/C=C\CCCCCCCC(=O)OCCCCCC(O)C(CCCCOC(=O)CCCCCCC/C=C\CCCCCCCC)CN(C)CCCn1cccn1,JW_2024,JW_2024,1
-9.150072,-1.349470183,CCCCCCCC/C=C\CCCCCCCC(=O)OCCCCCC(O)C(CCCCOC(=O)CCCCCCC/C=C\CCCCCCCC)CN(C)Cc1cccnc1,JW_2024,JW_2024,0
-9.115668,-1.226985367,CCCCCCCC/C=C\CCCCCCCC(=O)OCCCCCC(O)C(CCCCOC(=O)CCCCCCC/C=C\CCCCCCCC)CN(C)Cc1cccnc1,JW_2024,JW_2024,0
-13.900117,-1.349470183,CCCCCCCC/C=C\CCCCCCCC(=O)OCCCCCC(O)C(CCCCOC(=O)CCCCCCC/C=C\CCCCCCCC)CN(C)Cc1cccnc1,JW_2024,JW_2024,0
-8.558353,-1.357635838,CCCCCCCC/C=C\CCCCCCCC(=O)OCCCCCC(O)C(CCCCOC(=O)CCCCCCC/C=C\CCCCCCCC)CN(C)Cc1cccnc1,JW_2024,JW_2024,0
-8.763151,-1.814912487,CCCCCCCC/C=C\CCCCCCCC(=O)OCCCCCC(O)C(CCCCOC(=O)CCCCCCC/C=C\CCCCCCCC)CN(C)Cc1cccnc1,JW_2024,JW_2024,0
-13.973126,-2.72130013,CCCCCCCC/C=C\CCCCCCCC(=O)OCCCCCC(O)C(CCCCOC(=O)CCCCCCC/C=C\CCCCCCCC)CN(C)Cc1cccnc1,JW_2024,JW_2024,0
-12.953692,-0.214444216,CCCCCCCC/C=C\CCCCCCCC(=O)OCCCCCC(O)C(CCCCOC(=O)CCCCCCC/C=C\CCCCCCCC)CN(C)Cc1cccnc1,JW_2024,JW_2024,0
-9.9519,-2.623312276,CCCCCCCC/C=C\CCCCCCCC(=O)OCCCCCC(O)C(CCCCOC(=O)CCCCCCC/C=C\CCCCCCCC)CN(C)Cc1cccnc1,JW_2024,JW_2024,0
-9.615226,-1.202488403,CCCCCCCC/C=C\CCCCCCCC(=O)OCCCCCC(O)C(CCCCOC(=O)CCCCCCC/C=C\CCCCCCCC)CN(C)Cc1cccnc1,JW_2024,JW_2024,0
-9.898515,-1.226985367,CCCCCCCC/C=C\CCCCCCCC(=O)OCCCCCC(O)C(CCCCOC(=O)CCCCCCC/C=C\CCCCCCCC)CN(C)Cc1cccnc1,JW_2024,JW_2024,0
-13.518399,-0.410419922,CCCCCCCC/C=C\CCCCCCCC(=O)OCCCCCC(O)C(CCCCOC(=O)CCCCCCC/C=C\CCCCCCCC)CN(C)Cc1cccnc1,JW_2024,JW_2024,0
-9.616406,-1.235151021,CCCCCCCC/C=C\CCCCCCCC(=O)OCCCCCC(O)C(CCCCOC(=O)CCCCCCC/C=C\CCCCCCCC)CN(C)Cc1cccnc1,JW_2024,JW_2024,0
-9.931268,-0.933021807,CCCCCCCC/C=C\CCCCCCCC(=O)OCCCCCC(O)C(CCCCOC(=O)CCCCCCC/C=C\CCCCCCCC)CN(C)Cc1cccnc1,JW_2024,JW_2024,0
-14.528118,-1.006512697,CCCCCCCC/C=C\CCCCCCCC(=O)OCCCCCC(O)C(CCCCOC(=O)CCCCCCC/C=C\CCCCCCCC)CN(C)Cc1cccnc1,JW_2024,JW_2024,0
-9.7498045,-0.647223901,CCCCCCCCCCCCCCCC(=O)OCCCCCC(O)C(CCCCOC(=O)CCCCCCCCCCCCCCC)CN(C)CCCn1cccn1,JW_2024,JW_2024,0
-9.659697,-0.394088613,CCCCCCCCCCCCCCCC(=O)OCCCCCC(O)C(CCCCOC(=O)CCCCCCCCCCCCCCC)CN(C)CCCn1cccn1,JW_2024,JW_2024,0
-13.74065,-0.271603797,CCCCCCCCCCCCCCCC(=O)OCCCCCC(O)C(CCCCOC(=O)CCCCCCCCCCCCCCC)CN(C)CCCn1cccn1,JW_2024,JW_2024,0
-10.079323,-0.573733011,CCCCCCCCCCCCCCCC(=O)OCCCCCC(O)C(CCCCOC(=O)CCCCCCCCCCCCCCC)CN(C)CCCn1cccn1,JW_2024,JW_2024,0
-10.819968,-0.835033953,CCCCCCCCCCCCCCCC(=O)OCCCCCC(O)C(CCCCOC(=O)CCCCCCCCCCCCCCC)CN(C)CCCn1cccn1,JW_2024,JW_2024,0
-13.584727,-0.010302854,CCCCCCCCCCCCCCCC(=O)OCCCCCC(O)C(CCCCOC(=O)CCCCCCCCCCCCCCC)CN(C)CCCn1cccn1,JW_2024,JW_2024,0
-14.357351,0.651115156,CCCCCCCCCCCCCCCC(=O)OCCCCCC(O)C(CCCCOC(=O)CCCCCCCCCCCCCCC)CN(C)CCCn1cccn1,JW_2024,JW_2024,1
-10.612284,-0.679886519,CCCCCCCCCCCCCCCC(=O)OCCCCCC(O)C(CCCCOC(=O)CCCCCCCCCCCCCCC)CN(C)CCCn1cccn1,JW_2024,JW_2024,0
-9.770482,0.887919134,CCCCCCCCCCCCCCCC(=O)OCCCCCC(O)C(CCCCOC(=O)CCCCCCCCCCCCCCC)CN(C)CCCn1cccn1,JW_2024,JW_2024,1
-10.786229,-0.598229974,CCCCCCCCCCCCCCCC(=O)OCCCCCC(O)C(CCCCOC(=O)CCCCCCCCCCCCCCC)CN(C)CCCn1cccn1,JW_2024,JW_2024,0
-13.367007,1.132888768,CCCCCCCCCCCCCCCC(=O)OCCCCCC(O)C(CCCCOC(=O)CCCCCCCCCCCCCCC)CN(C)CCCn1cccn1,JW_2024,JW_2024,1
-10.502289,-0.22260987,CCCCCCCCCCCCCCCC(=O)OCCCCCC(O)C(CCCCOC(=O)CCCCCCCCCCCCCCC)CN(C)CCCn1cccn1,JW_2024,JW_2024,0
-10.8318205,-0.622726938,CCCCCCCCCCCCCCCC(=O)OCCCCCC(O)C(CCCCOC(=O)CCCCCCCCCCCCCCC)CN(C)CCCn1cccn1,JW_2024,JW_2024,0
-14.191242,-0.214444216,CCCCCCCCCCCCCCCC(=O)OCCCCCC(O)C(CCCCOC(=O)CCCCCCCCCCCCCCC)CN(C)CCCn1cccn1,JW_2024,JW_2024,0
-10.5606365,0.765434318,CCCCCCCCCCCCCCCC(=O)OCCCCCC(O)C(CCCCOC(=O)CCCCCCCCCCCCCCC)CN(C)CCCn1cccn1,JW_2024,JW_2024,1
-9.871534,-1.014678351,CCCCCCCCCCCCCCCC(=O)OCCCCCC(O)C(CCCCOC(=O)CCCCCCCCCCCCCCC)CN(C)CCCn1cccn1,JW_2024,JW_2024,0
-10.916229,0.030525418,CCCCCCCCCCCCCCCC(=O)OCCCCCC(O)C(CCCCOC(=O)CCCCCCCCCCCCCCC)CN(C)CCCn1cccn1,JW_2024,JW_2024,1
-10.517815,0.046856727,CCCCCCCCCCCCCCCC(=O)OCCCCCC(O)C(CCCCOC(=O)CCCCCCCCCCCCCCC)CN(C)CCCn1cccn1,JW_2024,JW_2024,1
-14.376669,1.165551386,CCCCCCCCCCCCCCCC(=O)OCCCCCC(O)C(CCCCOC(=O)CCCCCCCCCCCCCCC)CN(C)CCCn1cccn1,JW_2024,JW_2024,1
-13.334019,0.969575679,CCCCCCCCCCCCCCCC(=O)OCCCCCC(O)C(CCCCOC(=O)CCCCCCCCCCCCCCC)CN(C)CCCn1cccn1,JW_2024,JW_2024,1
-13.651722,1.386024055,CCCCCCCCCCCCCCCC(=O)OCCCCCC(O)C(CCCCOC(=O)CCCCCCCCCCCCCCC)CN(C)CCCn1cccn1,JW_2024,JW_2024,2
-10.413208,1.02673526,CCCCCCCCCCCCCCCC(=O)OCCCCCC(O)C(CCCCOC(=O)CCCCCCCCCCCCCCC)CN(C)CCCn1cccn1,JW_2024,JW_2024,1
-10.001514,-0.198112907,CCCCCCCCCCCCCCCC(=O)OCCCCCC(O)C(CCCCOC(=O)CCCCCCCCCCCCCCC)CN(C)CCCn1cccn1,JW_2024,JW_2024,0
-14.190574,1.39418971,CCCCCCCCCCCCCCCC(=O)OCCCCCC(O)C(CCCCOC(=O)CCCCCCCCCCCCCCC)CN(C)CCCn1cccn1,JW_2024,JW_2024,2
-7.3506126,-0.361425995,CCCCCCCC/C=C\CCCCCCCC(=O)OCCCCCC(O)C(CCCCOC(=O)CCCCCCC/C=C\CCCCCCCC)CN(C)CCCn1cccn1,JW_2024,JW_2024,0
-7.252483,0.07135369,CCCCCCCC/C=C\CCCCCCCC(=O)OCCCCCC(O)C(CCCCOC(=O)CCCCCCC/C=C\CCCCCCCC)CN(C)CCCn1cccn1,JW_2024,JW_2024,1
-11.990869,0.740937354,CCCCCCCC/C=C\CCCCCCCC(=O)OCCCCCC(O)C(CCCCOC(=O)CCCCCCC/C=C\CCCCCCCC)CN(C)CCCn1cccn1,JW_2024,JW_2024,1
-6.3164535,-0.361425995,CCCCCCCC/C=C\CCCCCCCC(=O)OCCCCCC(O)C(CCCCOC(=O)CCCCCCC/C=C\CCCCCCCC)CN(C)CCCn1cccn1,JW_2024,JW_2024,0
-6.9775977,0.030525418,CCCCCCCC/C=C\CCCCCCCC(=O)OCCCCCC(O)C(CCCCOC(=O)CCCCCCC/C=C\CCCCCCCC)CN(C)CCCn1cccn1,JW_2024,JW_2024,1
-11.857607,-0.36959165,CCCCCCCC/C=C\CCCCCCCC(=O)OCCCCCC(O)C(CCCCOC(=O)CCCCCCC/C=C\CCCCCCCC)CN(C)CCCn1cccn1,JW_2024,JW_2024,0
-11.357014,0.422476831,CCCCCCCC/C=C\CCCCCCCC(=O)OCCCCCC(O)C(CCCCOC(=O)CCCCCCC/C=C\CCCCCCCC)CN(C)CCCn1cccn1,JW_2024,JW_2024,1
-8.390306,-0.459413849,CCCCCCCC/C=C\CCCCCCCC(=O)OCCCCCC(O)C(CCCCOC(=O)CCCCCCC/C=C\CCCCCCCC)CN(C)CCCn1cccn1,JW_2024,JW_2024,0
-7.509065,0.544961648,CCCCCCCC/C=C\CCCCCCCC(=O)OCCCCCC(O)C(CCCCOC(=O)CCCCCCC/C=C\CCCCCCCC)CN(C)CCCn1cccn1,JW_2024,JW_2024,1
-8.561552,-0.263438142,CCCCCCCC/C=C\CCCCCCCC(=O)OCCCCCC(O)C(CCCCOC(=O)CCCCCCC/C=C\CCCCCCCC)CN(C)CCCn1cccn1,JW_2024,JW_2024,0
-10.777708,0.904250443,CCCCCCCC/C=C\CCCCCCCC(=O)OCCCCCC(O)C(CCCCOC(=O)CCCCCCC/C=C\CCCCCCCC)CN(C)CCCn1cccn1,JW_2024,JW_2024,1
-8.134517,0.389814213,CCCCCCCC/C=C\CCCCCCCC(=O)OCCCCCC(O)C(CCCCOC(=O)CCCCCCC/C=C\CCCCCCCC)CN(C)CCCn1cccn1,JW_2024,JW_2024,1
-8.593359,-1.145328822,CCCCCCCC/C=C\CCCCCCCC(=O)OCCCCCC(O)C(CCCCOC(=O)CCCCCCC/C=C\CCCCCCCC)CN(C)CCCn1cccn1,JW_2024,JW_2024,0
-12.323369,0.822593899,CCCCCCCC/C=C\CCCCCCCC(=O)OCCCCCC(O)C(CCCCOC(=O)CCCCCCC/C=C\CCCCCCCC)CN(C)CCCn1cccn1,JW_2024,JW_2024,1
-6.708625,0.022359763,CCCCCCCC/C=C\CCCCCCCC(=O)OCCCCCC(O)C(CCCCOC(=O)CCCCCCC/C=C\CCCCCCCC)CN(C)CCCn1cccn1,JW_2024,JW_2024,0
-8.837348,0.7327717,CCCCCCCC/C=C\CCCCCCCC(=O)OCCCCCC(O)C(CCCCOC(=O)CCCCCCC/C=C\CCCCCCCC)CN(C)CCCn1cccn1,JW_2024,JW_2024,1
-6.339188,0.936913061,CCCCCCCC/C=C\CCCCCCCC(=O)OCCCCCC(O)C(CCCCOC(=O)CCCCCCC/C=C\CCCCCCCC)CN(C)CCCn1cccn1,JW_2024,JW_2024,1
-12.356819,0.487802067,CCCCCCCC/C=C\CCCCCCCC(=O)OCCCCCC(O)C(CCCCOC(=O)CCCCCCC/C=C\CCCCCCCC)CN(C)CCCn1cccn1,JW_2024,JW_2024,1
-10.441771,-1.978225575,CCCCC/C=C\C/C=C\CCCCCCCC(=O)OCCCCCC(O)C(CCCCOC(=O)CCCCCCC/C=C\C/C=C\CCCCC)CN(C)Cc1cccnc1,JW_2024,JW_2024,0
-9.953202,-1.414795419,CCCCC/C=C\C/C=C\CCCCCCCC(=O)OCCCCCC(O)C(CCCCOC(=O)CCCCCCC/C=C\C/C=C\CCCCC)CN(C)Cc1cccnc1,JW_2024,JW_2024,0
-13.980394,-1.349470183,CCCCC/C=C\C/C=C\CCCCCCCC(=O)OCCCCCC(O)C(CCCCOC(=O)CCCCCCC/C=C\C/C=C\CCCCC)CN(C)Cc1cccnc1,JW_2024,JW_2024,0
-9.625979,-1.471955,CCCCC/C=C\C/C=C\CCCCCCCC(=O)OCCCCCC(O)C(CCCCOC(=O)CCCCCCC/C=C\C/C=C\CCCCC)CN(C)Cc1cccnc1,JW_2024,JW_2024,0
-9.465003,-1.667930707,CCCCC/C=C\C/C=C\CCCCCCCC(=O)OCCCCCC(O)C(CCCCOC(=O)CCCCCCC/C=C\C/C=C\CCCCC)CN(C)Cc1cccnc1,JW_2024,JW_2024,0
-13.911335,-1.439292382,CCCCC/C=C\C/C=C\CCCCCCCC(=O)OCCCCCC(O)C(CCCCOC(=O)CCCCCCC/C=C\C/C=C\CCCCC)CN(C)Cc1cccnc1,JW_2024,JW_2024,0
-12.917795,-1.610771125,CCCCC/C=C\C/C=C\CCCCCCCC(=O)OCCCCCC(O)C(CCCCOC(=O)CCCCCCC/C=C\C/C=C\CCCCC)CN(C)Cc1cccnc1,JW_2024,JW_2024,0
-10.799288,-2.125207355,CCCCC/C=C\C/C=C\CCCCCCCC(=O)OCCCCCC(O)C(CCCCOC(=O)CCCCCCC/C=C\C/C=C\CCCCC)CN(C)Cc1cccnc1,JW_2024,JW_2024,0
-10.967446,-0.859530917,CCCCC/C=C\C/C=C\CCCCCCCC(=O)OCCCCCC(O)C(CCCCOC(=O)CCCCCCC/C=C\C/C=C\CCCCC)CN(C)Cc1cccnc1,JW_2024,JW_2024,0
-10.543817,-1.153494477,CCCCC/C=C\C/C=C\CCCCCCCC(=O)OCCCCCC(O)C(CCCCOC(=O)CCCCCCC/C=C\C/C=C\CCCCC)CN(C)Cc1cccnc1,JW_2024,JW_2024,0
-13.465431,-0.777874372,CCCCC/C=C\C/C=C\CCCCCCCC(=O)OCCCCCC(O)C(CCCCOC(=O)CCCCCCC/C=C\C/C=C\CCCCC)CN(C)Cc1cccnc1,JW_2024,JW_2024,0
-10.408403,-1.406629764,CCCCC/C=C\C/C=C\CCCCCCCC(=O)OCCCCCC(O)C(CCCCOC(=O)CCCCCCC/C=C\C/C=C\CCCCC)CN(C)Cc1cccnc1,JW_2024,JW_2024,0
-10.421087,-1.904734685,CCCCC/C=C\C/C=C\CCCCCCCC(=O)OCCCCCC(O)C(CCCCOC(=O)CCCCCCC/C=C\C/C=C\CCCCC)CN(C)Cc1cccnc1,JW_2024,JW_2024,0
-14.169902,-1.316807565,CCCCC/C=C\C/C=C\CCCCCCCC(=O)OCCCCCC(O)C(CCCCOC(=O)CCCCCCC/C=C\C/C=C\CCCCC)CN(C)Cc1cccnc1,JW_2024,JW_2024,0
-10.535606,-0.492076467,CCCCC/C=C\C/C=C\CCCCCCCC(=O)OCCCCCC(O)C(CCCCOC(=O)CCCCCCC/C=C\C/C=C\CCCCC)CN(C)Cc1cccnc1,JW_2024,JW_2024,0
-12.979807,0.095850653,CCCCC/C=C\C/C=C\CCCCCCCC(=O)OCCCCCC(O)C(CCCCOC(=O)CCCCCCC/C=C\C/C=C\CCCCC)CN(C)Cc1cccnc1,JW_2024,JW_2024,1
-6.862094,-1.439292382,CCCCCCCC/C=C\CCCCCCCC(=O)OCCCCCC(O)C(CCCCOC(=O)CCCCCCC/C=C\CCCCCCCC)CN1CCN(c2cccnc2)CC1,JW_2024,JW_2024,0
-7.901431,-1.921065994,CCCCCCCC/C=C\CCCCCCCC(=O)OCCCCCC(O)C(CCCCOC(=O)CCCCCCC/C=C\CCCCCCCC)CN1CCN(c2cccnc2)CC1,JW_2024,JW_2024,0
-11.879805,-0.924856152,CCCCCCCC/C=C\CCCCCCCC(=O)OCCCCCC(O)C(CCCCOC(=O)CCCCCCC/C=C\CCCCCCCC)CN1CCN(c2cccnc2)CC1,JW_2024,JW_2024,0
-6.603791,-1.357635838,CCCCCCCC/C=C\CCCCCCCC(=O)OCCCCCC(O)C(CCCCOC(=O)CCCCCCC/C=C\CCCCCCCC)CN1CCN(c2cccnc2)CC1,JW_2024,JW_2024,0
-6.630387,-1.700593324,CCCCCCCC/C=C\CCCCCCCC(=O)OCCCCCC(O)C(CCCCOC(=O)CCCCCCC/C=C\CCCCCCCC)CN1CCN(c2cccnc2)CC1,JW_2024,JW_2024,0
-11.665977,-2.100710392,CCCCCCCC/C=C\CCCCCCCC(=O)OCCCCCC(O)C(CCCCOC(=O)CCCCCCC/C=C\CCCCCCCC)CN1CCN(c2cccnc2)CC1,JW_2024,JW_2024,0
-10.599143,-1.431126728,CCCCCCCC/C=C\CCCCCCCC(=O)OCCCCCC(O)C(CCCCOC(=O)CCCCCCC/C=C\CCCCCCCC)CN1CCN(c2cccnc2)CC1,JW_2024,JW_2024,0
-8.56011,-2.811122329,CCCCCCCC/C=C\CCCCCCCC(=O)OCCCCCC(O)C(CCCCOC(=O)CCCCCCC/C=C\CCCCCCCC)CN1CCN(c2cccnc2)CC1,JW_2024,JW_2024,0
-8.277918,-0.900359189,CCCCCCCC/C=C\CCCCCCCC(=O)OCCCCCC(O)C(CCCCOC(=O)CCCCCCC/C=C\CCCCCCCC)CN1CCN(c2cccnc2)CC1,JW_2024,JW_2024,0
-8.461405,-1.414795419,CCCCCCCC/C=C\CCCCCCCC(=O)OCCCCCC(O)C(CCCCOC(=O)CCCCCCC/C=C\CCCCCCCC)CN1CCN(c2cccnc2)CC1,JW_2024,JW_2024,0
-11.273723,-0.44308254,CCCCCCCC/C=C\CCCCCCCC(=O)OCCCCCC(O)C(CCCCOC(=O)CCCCCCC/C=C\CCCCCCCC)CN1CCN(c2cccnc2)CC1,JW_2024,JW_2024,0
-8.404907,-1.431126728,CCCCCCCC/C=C\CCCCCCCC(=O)OCCCCCC(O)C(CCCCOC(=O)CCCCCCC/C=C\CCCCCCCC)CN1CCN(c2cccnc2)CC1,JW_2024,JW_2024,0
-8.506996,-1.757752905,CCCCCCCC/C=C\CCCCCCCC(=O)OCCCCCC(O)C(CCCCOC(=O)CCCCCCC/C=C\CCCCCCCC)CN1CCN(c2cccnc2)CC1,JW_2024,JW_2024,0
-12.274255,-1.439292382,CCCCCCCC/C=C\CCCCCCCC(=O)OCCCCCC(O)C(CCCCOC(=O)CCCCCCC/C=C\CCCCCCCC)CN1CCN(c2cccnc2)CC1,JW_2024,JW_2024,0
-7.9070125,-0.467579503,CCCCCCCCCCCCCCCC(=O)OCCCCCC(O)C(CCCCOC(=O)CCCCCCCCCCCCCCC)CN1CCN(C)CC1,JW_2024,JW_2024,0
-7.626548,-0.181781598,CCCCCCCCCCCCCCCC(=O)OCCCCCC(O)C(CCCCOC(=O)CCCCCCCCCCCCCCC)CN1CCN(C)CC1,JW_2024,JW_2024,0
-11.799886,-0.312432069,CCCCCCCCCCCCCCCC(=O)OCCCCCC(O)C(CCCCOC(=O)CCCCCCCCCCCCCCC)CN1CCN(C)CC1,JW_2024,JW_2024,0
-7.3863773,-0.059296781,CCCCCCCCCCCCCCCC(=O)OCCCCCC(O)C(CCCCOC(=O)CCCCCCCCCCCCCCC)CN1CCN(C)CC1,JW_2024,JW_2024,0
-9.2347,-0.851365262,CCCCCCCCCCCCCCCC(=O)OCCCCCC(O)C(CCCCOC(=O)CCCCCCCCCCCCCCC)CN1CCN(C)CC1,JW_2024,JW_2024,0
-11.235501,-0.328763378,CCCCCCCCCCCCCCCC(=O)OCCCCCC(O)C(CCCCOC(=O)CCCCCCCCCCCCCCC)CN1CCN(C)CC1,JW_2024,JW_2024,0
-11.949042,0.022359763,CCCCCCCCCCCCCCCC(=O)OCCCCCC(O)C(CCCCOC(=O)CCCCCCCCCCCCCCC)CN1CCN(C)CC1,JW_2024,JW_2024,0
-8.898048,0.046856727,CCCCCCCCCCCCCCCC(=O)OCCCCCC(O)C(CCCCOC(=O)CCCCCCCCCCCCCCC)CN1CCN(C)CC1,JW_2024,JW_2024,1
-7.8869915,0.871587826,CCCCCCCCCCCCCCCC(=O)OCCCCCC(O)C(CCCCOC(=O)CCCCCCCCCCCCCCC)CN1CCN(C)CC1,JW_2024,JW_2024,1
-8.213196,-0.679886519,CCCCCCCCCCCCCCCC(=O)OCCCCCC(O)C(CCCCOC(=O)CCCCCCCCCCCCCCC)CN1CCN(C)CC1,JW_2024,JW_2024,0
-10.749269,-0.100125053,CCCCCCCCCCCCCCCC(=O)OCCCCCC(O)C(CCCCOC(=O)CCCCCCCCCCCCCCC)CN1CCN(C)CC1,JW_2024,JW_2024,0
-8.35479,-0.018468509,CCCCCCCCCCCCCCCC(=O)OCCCCCC(O)C(CCCCOC(=O)CCCCCCCCCCCCCCC)CN1CCN(C)CC1,JW_2024,JW_2024,0
-8.592232,-0.581898665,CCCCCCCCCCCCCCCC(=O)OCCCCCC(O)C(CCCCOC(=O)CCCCCCCCCCCCCCC)CN1CCN(C)CC1,JW_2024,JW_2024,0
-11.528548,-0.198112907,CCCCCCCCCCCCCCCC(=O)OCCCCCC(O)C(CCCCOC(=O)CCCCCCCCCCCCCCC)CN1CCN(C)CC1,JW_2024,JW_2024,0
-8.075439,0.038691072,CCCCCCCCCCCCCCCC(=O)OCCCCCC(O)C(CCCCOC(=O)CCCCCCCCCCCCCCC)CN1CCN(C)CC1,JW_2024,JW_2024,1
-8.397718,0.569458611,CCCCCCCCCCCCCCCC(=O)OCCCCCC(O)C(CCCCOC(=O)CCCCCCCCCCCCCCC)CN1CCN(C)CC1,JW_2024,JW_2024,1
-8.765094,0.495967721,CCCCCCCCCCCCCCCC(=O)OCCCCCC(O)C(CCCCOC(=O)CCCCCCCCCCCCCCC)CN1CCN(C)CC1,JW_2024,JW_2024,1
-12.180051,0.716440391,CCCCCCCCCCCCCCCC(=O)OCCCCCC(O)C(CCCCOC(=O)CCCCCCCCCCCCCCC)CN1CCN(C)CC1,JW_2024,JW_2024,1
-10.098204,0.683777773,CCCCCCCCCCCCCCCC(=O)OCCCCCC(O)C(CCCCOC(=O)CCCCCCCCCCCCCCC)CN1CCN(C)CC1,JW_2024,JW_2024,1
-11.34599,0.95324437,CCCCCCCCCCCCCCCC(=O)OCCCCCC(O)C(CCCCOC(=O)CCCCCCCCCCCCCCC)CN1CCN(C)CC1,JW_2024,JW_2024,1
-8.379688,1.116557459,CCCCCCCCCCCCCCCC(=O)OCCCCCC(O)C(CCCCOC(=O)CCCCCCCCCCCCCCC)CN1CCN(C)CC1,JW_2024,JW_2024,1
-8.249254,0.838925208,CCCCCCCCCCCCCCCC(=O)OCCCCCC(O)C(CCCCOC(=O)CCCCCCCCCCCCCCC)CN1CCN(C)CC1,JW_2024,JW_2024,1
-12.227905,1.549337144,CCCCCCCCCCCCCCCC(=O)OCCCCCC(O)C(CCCCOC(=O)CCCCCCCCCCCCCCC)CN1CCN(C)CC1,JW_2024,JW_2024,2
-4.137722,-0.116456362,CCCCCCCC/C=C\CCCCCCCC(=O)OCCCCCC(O)C(CCCCOC(=O)CCCCCCC/C=C\CCCCCCCC)CNCCCN(CCO)CCO,JW_2024,JW_2024,0
-4.4208536,-0.524739084,CCCCCCCC/C=C\CCCCCCCC(=O)OCCCCCC(O)C(CCCCOC(=O)CCCCCCC/C=C\CCCCCCCC)CNCCCN(CCO)CCO,JW_2024,JW_2024,0
-8.586808,-0.51657343,CCCCCCCC/C=C\CCCCCCCC(=O)OCCCCCC(O)C(CCCCOC(=O)CCCCCCC/C=C\CCCCCCCC)CNCCCN(CCO)CCO,JW_2024,JW_2024,0
-4.4475565,0.618452538,CCCCCCCC/C=C\CCCCCCCC(=O)OCCCCCC(O)C(CCCCOC(=O)CCCCCCC/C=C\CCCCCCCC)CNCCCN(CCO)CCO,JW_2024,JW_2024,1
-8.815866,0.446973794,CCCCCCCC/C=C\CCCCCCCC(=O)OCCCCCC(O)C(CCCCOC(=O)CCCCCCC/C=C\CCCCCCCC)CNCCCN(CCO)CCO,JW_2024,JW_2024,1
-4.3251047,-0.753377409,CCCCCCCC/C=C\CCCCCCCC(=O)OCCCCCC(O)C(CCCCOC(=O)CCCCCCC/C=C\CCCCCCCC)CNCCCN(CCO)CCO,JW_2024,JW_2024,0
-4.4752107,1.043066569,CCCCCCCC/C=C\CCCCCCCC(=O)OCCCCCC(O)C(CCCCOC(=O)CCCCCCC/C=C\CCCCCCCC)CNCCCN(CCO)CCO,JW_2024,JW_2024,1
-4.0122623,0.961410024,CCCCCCCC/C=C\CCCCCCCC(=O)OCCCCCC(O)C(CCCCOC(=O)CCCCCCC/C=C\CCCCCCCC)CNCCCN(CCO)CCO,JW_2024,JW_2024,1
-8.367613,0.87975348,CCCCCCCC/C=C\CCCCCCCC(=O)OCCCCCC(O)C(CCCCOC(=O)CCCCCCC/C=C\CCCCCCCC)CNCCCN(CCO)CCO,JW_2024,JW_2024,1
-3.8829372,0.177507198,CCCCCCCC/C=C\CCCCCCCC(=O)OCCCCCC(O)C(CCCCOC(=O)CCCCCCC/C=C\CCCCCCCC)CNCCCN(CCO)CCO,JW_2024,JW_2024,1
-4.208085,0.414311177,CCCCCCCC/C=C\CCCCCCCC(=O)OCCCCCC(O)C(CCCCOC(=O)CCCCCCC/C=C\CCCCCCCC)CNCCCN(CCO)CCO,JW_2024,JW_2024,1
-8.581565,1.17371704,CCCCCCCC/C=C\CCCCCCCC(=O)OCCCCCC(O)C(CCCCOC(=O)CCCCCCC/C=C\CCCCCCCC)CNCCCN(CCO)CCO,JW_2024,JW_2024,1
-4.018825,1.018569606,CCCCCCCC/C=C\CCCCCCCC(=O)OCCCCCC(O)C(CCCCOC(=O)CCCCCCC/C=C\CCCCCCCC)CNCCCN(CCO)CCO,JW_2024,JW_2024,1
-5.394708,-0.614561283,CCCCCCCC/C=C\CCCCCCCC(=O)OCCCCCC(O)C(CCCCOC(=O)CCCCCCC/C=C\CCCCCCCC)CNCCCN(CCO)CCO,JW_2024,JW_2024,0
-9.132674,0.936913061,CCCCCCCC/C=C\CCCCCCCC(=O)OCCCCCC(O)C(CCCCOC(=O)CCCCCCC/C=C\CCCCCCCC)CNCCCN(CCO)CCO,JW_2024,JW_2024,1
-10.854421,-1.561777199,CCCCCCCCCCCCCCCC(=O)OCCCCCC(O)C(CCCCOC(=O)CCCCCCCCCCCCCCC)CN(C)Cc1cccnc1,JW_2024,JW_2024,0
-10.755998,-1.186157094,CCCCCCCCCCCCCCCC(=O)OCCCCCC(O)C(CCCCOC(=O)CCCCCCCCCCCCCCC)CN(C)Cc1cccnc1,JW_2024,JW_2024,0
-14.743849,-0.124622017,CCCCCCCCCCCCCCCC(=O)OCCCCCC(O)C(CCCCOC(=O)CCCCCCCCCCCCCCC)CN(C)Cc1cccnc1,JW_2024,JW_2024,0
-11.371883,-1.831243795,CCCCCCCCCCCCCCCC(=O)OCCCCCC(O)C(CCCCOC(=O)CCCCCCCCCCCCCCC)CN(C)Cc1cccnc1,JW_2024,JW_2024,0
-10.744668,-2.100710392,CCCCCCCCCCCCCCCC(=O)OCCCCCC(O)C(CCCCOC(=O)CCCCCCCCCCCCCCC)CN(C)Cc1cccnc1,JW_2024,JW_2024,0
-14.189785,-2.737631439,CCCCCCCCCCCCCCCC(=O)OCCCCCC(O)C(CCCCOC(=O)CCCCCCCCCCCCCCC)CN(C)Cc1cccnc1,JW_2024,JW_2024,0
-14.789636,-1.512783272,CCCCCCCCCCCCCCCC(=O)OCCCCCC(O)C(CCCCOC(=O)CCCCCCCCCCCCCCC)CN(C)Cc1cccnc1,JW_2024,JW_2024,0
-10.959636,-2.42733657,CCCCCCCCCCCCCCCC(=O)OCCCCCC(O)C(CCCCOC(=O)CCCCCCCCCCCCCCC)CN(C)Cc1cccnc1,JW_2024,JW_2024,0
-10.969498,-1.194322749,CCCCCCCCCCCCCCCC(=O)OCCCCCC(O)C(CCCCOC(=O)CCCCCCCCCCCCCCC)CN(C)Cc1cccnc1,JW_2024,JW_2024,0
-11.052255,-1.275979293,CCCCCCCCCCCCCCCC(=O)OCCCCCC(O)C(CCCCOC(=O)CCCCCCCCCCCCCCC)CN(C)Cc1cccnc1,JW_2024,JW_2024,0
-14.056621,-0.189947252,CCCCCCCCCCCCCCCC(=O)OCCCCCC(O)C(CCCCOC(=O)CCCCCCCCCCCCCCC)CN(C)Cc1cccnc1,JW_2024,JW_2024,0
-10.762902,-1.602605471,CCCCCCCCCCCCCCCC(=O)OCCCCCC(O)C(CCCCOC(=O)CCCCCCCCCCCCCCC)CN(C)Cc1cccnc1,JW_2024,JW_2024,0
-11.065824,-1.896569031,CCCCCCCCCCCCCCCC(=O)OCCCCCC(O)C(CCCCOC(=O)CCCCCCCCCCCCCCC)CN(C)Cc1cccnc1,JW_2024,JW_2024,0
-15.307308,-1.700593324,CCCCCCCCCCCCCCCC(=O)OCCCCCC(O)C(CCCCOC(=O)CCCCCCCCCCCCCCC)CN(C)Cc1cccnc1,JW_2024,JW_2024,0
-6.401775,-0.206278561,CCCCC/C=C\C/C=C\CCCCCCCC(=O)OCCCCCC(O)C(CCCCOC(=O)CCCCCCC/C=C\C/C=C\CCCCC)CN1CCN(C)CC1,JW_2024,JW_2024,0
-5.375152,-0.353260341,CCCCC/C=C\C/C=C\CCCCCCCC(=O)OCCCCCC(O)C(CCCCOC(=O)CCCCCCC/C=C\C/C=C\CCCCC)CN1CCN(C)CC1,JW_2024,JW_2024,0
-10.170146,0.397979868,CCCCC/C=C\C/C=C\CCCCCCCC(=O)OCCCCCC(O)C(CCCCOC(=O)CCCCCCC/C=C\C/C=C\CCCCC)CN1CCN(C)CC1,JW_2024,JW_2024,1
-5.3095956,0.250998088,CCCCC/C=C\C/C=C\CCCCCCCC(=O)OCCCCCC(O)C(CCCCOC(=O)CCCCCCC/C=C\C/C=C\CCCCC)CN1CCN(C)CC1,JW_2024,JW_2024,1
-6.686244,-0.336929032,CCCCC/C=C\C/C=C\CCCCCCCC(=O)OCCCCCC(O)C(CCCCOC(=O)CCCCCCC/C=C\C/C=C\CCCCC)CN1CCN(C)CC1,JW_2024,JW_2024,0
-10.866372,-0.173615943,CCCCC/C=C\C/C=C\CCCCCCCC(=O)OCCCCCC(O)C(CCCCOC(=O)CCCCCCC/C=C\C/C=C\CCCCC)CN1CCN(C)CC1,JW_2024,JW_2024,0
-9.498323,0.079519344,CCCCC/C=C\C/C=C\CCCCCCCC(=O)OCCCCCC(O)C(CCCCOC(=O)CCCCCCC/C=C\C/C=C\CCCCC)CN1CCN(C)CC1,JW_2024,JW_2024,1
-7.520776,-0.892193534,CCCCC/C=C\C/C=C\CCCCCCCC(=O)OCCCCCC(O)C(CCCCOC(=O)CCCCCCC/C=C\C/C=C\CCCCC)CN1CCN(C)CC1,JW_2024,JW_2024,0
-6.7762218,1.02673526,CCCCC/C=C\C/C=C\CCCCCCCC(=O)OCCCCCC(O)C(CCCCOC(=O)CCCCCCC/C=C\C/C=C\CCCCC)CN1CCN(C)CC1,JW_2024,JW_2024,1
-6.9717965,-0.320597723,CCCCC/C=C\C/C=C\CCCCCCCC(=O)OCCCCCC(O)C(CCCCOC(=O)CCCCCCC/C=C\C/C=C\CCCCC)CN1CCN(C)CC1,JW_2024,JW_2024,0
-9.871955,1.304367511,CCCCC/C=C\C/C=C\CCCCCCCC(=O)OCCCCCC(O)C(CCCCOC(=O)CCCCCCC/C=C\C/C=C\CCCCC)CN1CCN(C)CC1,JW_2024,JW_2024,1
-6.7672114,0.169341543,CCCCC/C=C\C/C=C\CCCCCCCC(=O)OCCCCCC(O)C(CCCCOC(=O)CCCCCCC/C=C\C/C=C\CCCCC)CN1CCN(C)CC1,JW_2024,JW_2024,1
-6.8137693,-1.700593324,CCCCC/C=C\C/C=C\CCCCCCCC(=O)OCCCCCC(O)C(CCCCOC(=O)CCCCCCC/C=C\C/C=C\CCCCC)CN1CCN(C)CC1,JW_2024,JW_2024,0
-10.159355,-0.753377409,CCCCC/C=C\C/C=C\CCCCCCCC(=O)OCCCCCC(O)C(CCCCOC(=O)CCCCCCC/C=C\C/C=C\CCCCC)CN1CCN(C)CC1,JW_2024,JW_2024,0
-8.042243,0.536795993,CCCCC/C=C\C/C=C\CCCCCCCC(=O)OCCCCCC(O)C(CCCCOC(=O)CCCCCCC/C=C\C/C=C\CCCCC)CN1CCN(C)CC1,JW_2024,JW_2024,1
-6.350097,0.389814213,CCCCC/C=C\C/C=C\CCCCCCCC(=O)OCCCCCC(O)C(CCCCOC(=O)CCCCCCC/C=C\C/C=C\CCCCC)CN1CCN(C)CC1,JW_2024,JW_2024,1
-10.66204,0.977741333,CCCCC/C=C\C/C=C\CCCCCCCC(=O)OCCCCCC(O)C(CCCCOC(=O)CCCCCCC/C=C\C/C=C\CCCCC)CN1CCN(C)CC1,JW_2024,JW_2024,1
-9.768146,1.010403951,CCCCC/C=C\C/C=C\CCCCCCCC(=O)OCCCCCC(O)C(CCCCOC(=O)CCCCCCC/C=C\C/C=C\CCCCC)CN1CCN(C)CC1,JW_2024,JW_2024,1
-10.390134,1.590165417,CCCCC/C=C\C/C=C\CCCCCCCC(=O)OCCCCCC(O)C(CCCCOC(=O)CCCCCCC/C=C\C/C=C\CCCCC)CN1CCN(C)CC1,JW_2024,JW_2024,2
-4.7638993,1.198214003,CCCCC/C=C\C/C=C\CCCCCCCC(=O)OCCCCCC(O)C(CCCCOC(=O)CCCCCCC/C=C\C/C=C\CCCCC)CN1CCN(C)CC1,JW_2024,JW_2024,1
-6.49561,-0.467579503,CCCCC/C=C\C/C=C\CCCCCCCC(=O)OCCCCCC(O)C(CCCCOC(=O)CCCCCCC/C=C\C/C=C\CCCCC)CN1CCN(C)CC1,JW_2024,JW_2024,0
-10.607988,1.500343218,CCCCC/C=C\C/C=C\CCCCCCCC(=O)OCCCCCC(O)C(CCCCOC(=O)CCCCCCC/C=C\C/C=C\CCCCC)CN1CCN(C)CC1,JW_2024,JW_2024,2
-9.017076,-1.471955,CCCCCCCCCCCCCCCC(=O)OCCCCCC(O)C(CCCCOC(=O)CCCCCCCCCCCCCCC)CN1CCN(c2cccnc2)CC1,JW_2024,JW_2024,0
-9.732072,-1.080003587,CCCCCCCCCCCCCCCC(=O)OCCCCCC(O)C(CCCCOC(=O)CCCCCCCCCCCCCCC)CN1CCN(c2cccnc2)CC1,JW_2024,JW_2024,0
-13.484662,-0.336929032,CCCCCCCCCCCCCCCC(=O)OCCCCCC(O)C(CCCCOC(=O)CCCCCCCCCCCCCCC)CN1CCN(c2cccnc2)CC1,JW_2024,JW_2024,0
-8.329256,-0.614561283,CCCCCCCCCCCCCCCC(=O)OCCCCCC(O)C(CCCCOC(=O)CCCCCCCCCCCCCCC)CN1CCN(c2cccnc2)CC1,JW_2024,JW_2024,0
-7.967945,-2.166035628,CCCCCCCCCCCCCCCC(=O)OCCCCCC(O)C(CCCCOC(=O)CCCCCCCCCCCCCCC)CN1CCN(c2cccnc2)CC1,JW_2024,JW_2024,0
-12.668897,-2.182366936,CCCCCCCCCCCCCCCC(=O)OCCCCCC(O)C(CCCCOC(=O)CCCCCCCCCCCCCCC)CN1CCN(c2cccnc2)CC1,JW_2024,JW_2024,0
-12.034997,-1.235151021,CCCCCCCCCCCCCCCC(=O)OCCCCCC(O)C(CCCCOC(=O)CCCCCCCCCCCCCCC)CN1CCN(c2cccnc2)CC1,JW_2024,JW_2024,0
-9.682385,-2.027219502,CCCCCCCCCCCCCCCC(=O)OCCCCCC(O)C(CCCCOC(=O)CCCCCCCCCCCCCCC)CN1CCN(c2cccnc2)CC1,JW_2024,JW_2024,0
-9.984323,-1.088169241,CCCCCCCCCCCCCCCC(=O)OCCCCCC(O)C(CCCCOC(=O)CCCCCCCCCCCCCCC)CN1CCN(c2cccnc2)CC1,JW_2024,JW_2024,0
-9.480314,-1.496451963,CCCCCCCCCCCCCCCC(=O)OCCCCCC(O)C(CCCCOC(=O)CCCCCCCCCCCCCCC)CN1CCN(c2cccnc2)CC1,JW_2024,JW_2024,0
-12.853532,-0.59006432,CCCCCCCCCCCCCCCC(=O)OCCCCCC(O)C(CCCCOC(=O)CCCCCCCCCCCCCCC)CN1CCN(c2cccnc2)CC1,JW_2024,JW_2024,0
-9.478057,-1.61893678,CCCCCCCCCCCCCCCC(=O)OCCCCCC(O)C(CCCCOC(=O)CCCCCCCCCCCCCCC)CN1CCN(c2cccnc2)CC1,JW_2024,JW_2024,0
-9.525905,-2.255857826,CCCCCCCCCCCCCCCC(=O)OCCCCCC(O)C(CCCCOC(=O)CCCCCCCCCCCCCCC)CN1CCN(c2cccnc2)CC1,JW_2024,JW_2024,0
-13.410513,-1.422961073,CCCCCCCCCCCCCCCC(=O)OCCCCCC(O)C(CCCCOC(=O)CCCCCCCCCCCCCCC)CN1CCN(c2cccnc2)CC1,JW_2024,JW_2024,0
-9.797035,0.39822508,CCCCCCCCCOC(=O)CCCCCCCN(CCO)CCCCCCCC(=O)OC(CCCCCCCC)CCCCCCCC,JW_2024,JW_2024,1
-4.324451,-0.768331584,CCCCCCCCCOC(=O)CCCCCCCN(CCO)CCCCCCCC(=O)OC(CCCCCCCC)CCCCCCCC,JW_2024,JW_2024,0
-5.294199,1.28267327,CCCCCCCCCOC(=O)CCCCCCCN(CCO)CCCCCCCC(=O)OC(CCCCCCCC)CCCCCCCC,JW_2024,JW_2024,1
-3.9812293,0.733705428,CCCCCCCCCOC(=O)CCCCCCCN(CCO)CCCCCCCC(=O)OC(CCCCCCCC)CCCCCCCC,JW_2024,JW_2024,1
-8.352366,1.679150045,CCCCCCCCCOC(=O)CCCCCCCN(CCO)CCCCCCCC(=O)OC(CCCCCCCC)CCCCCCCC,JW_2024,JW_2024,2
-4.0793576,0.42109874,CCCCCCCCCOC(=O)CCCCCCCN(CCO)CCCCCCCC(=O)OC(CCCCCCCC)CCCCCCCC,JW_2024,JW_2024,1
-4.1831055,0.215235799,CCCCCCCCCOC(=O)CCCCCCCN(CCO)CCCCCCCC(=O)OC(CCCCCCCC)CCCCCCCC,JW_2024,JW_2024,1
-9.403317,0.665084448,CCCCCCCCCOC(=O)CCCCCCCN(CCO)CCCCCCCC(=O)OC(CCCCCCCC)CCCCCCCC,JW_2024,JW_2024,1
-5.073855,1.031063009,CCCCCCCCCOC(=O)CCCCCCCN(CCO)CCCCCCCC(=O)OC(CCCCCCCC)CCCCCCCC,JW_2024,JW_2024,1
-4.599143,1.32842059,CCCCCCCCCOC(=O)CCCCCCCN(CCO)CCCCCCCC(=O)OC(CCCCCCCC)CCCCCCCC,JW_2024,JW_2024,2
-3.9020698,1.107308543,CCCCCCCCCOC(=O)CCCCCCCN(CCO)CCCCCCCC(=O)OC(CCCCCCCC)CCCCCCCC,JW_2024,JW_2024,1
-9.6271715,1.831641112,CCCCCCCCCOC(=O)CCCCCCCN(CCO)CCCCCCCC(=O)OC(CCCCCCCC)CCCCCCCC,JW_2024,JW_2024,2
-9.21535,1.885012985,CCCCCCCCCOC(=O)CCCCCCCN(CCO)CCCCCCCC(=O)OC(CCCCCCCC)CCCCCCCC,JW_2024,JW_2024,2
-9.451547,1.785893792,CCCCCCCCCOC(=O)CCCCCCCN(CCO)CCCCCCCC(=O)OC(CCCCCCCC)CCCCCCCC,JW_2024,JW_2024,2
-4.3948545,1.663900938,CCCCCCCCCOC(=O)CCCCCCCN(CCO)CCCCCCCC(=O)OC(CCCCCCCC)CCCCCCCC,JW_2024,JW_2024,2
-4.5918717,0.51259338,CCCCCCCCCOC(=O)CCCCCCCN(CCO)CCCCCCCC(=O)OC(CCCCCCCC)CCCCCCCC,JW_2024,JW_2024,1
-9.8455,1.602904511,CCCCCCCCCOC(=O)CCCCCCCN(CCO)CCCCCCCC(=O)OC(CCCCCCCC)CCCCCCCC,JW_2024,JW_2024,2
-13.526466,-1.492664154,CCCCCCCCC(=O)OCCCCCCN1CCC[C@H]1COC(=O)OC[C@@H]1CCCN1CCCCCCOC(=O)CCCCCCCC,JW_2024,JW_2024,0
-9.57836,-2.43810877,CCCCCCCCC(=O)OCCCCCCN1CCC[C@H]1COC(=O)OC[C@@H]1CCCN1CCCCCCOC(=O)CCCCCCCC,JW_2024,JW_2024,0
-9.806036,-0.882699885,CCCCCCCCC(=O)OCCCCCCN1CCC[C@H]1COC(=O)OC[C@@H]1CCCN1CCCCCCOC(=O)CCCCCCCC,JW_2024,JW_2024,0
-9.41732,-1.172432912,CCCCCCCCC(=O)OCCCCCCN1CCC[C@H]1COC(=O)OC[C@@H]1CCCN1CCCCCCOC(=O)CCCCCCCC,JW_2024,JW_2024,0
-12.415308,-0.692086051,CCCCCCCCC(=O)OCCCCCCN1CCC[C@H]1COC(=O)OC[C@@H]1CCCN1CCCCCCOC(=O)CCCCCCCC,JW_2024,JW_2024,0
-9.261756,-1.767148075,CCCCCCCCC(=O)OCCCCCCN1CCC[C@H]1COC(=O)OC[C@@H]1CCCN1CCCCCCOC(=O)CCCCCCCC,JW_2024,JW_2024,0
-9.516781,-1.431667727,CCCCCCCCC(=O)OCCCCCCN1CCC[C@H]1COC(=O)OC[C@@H]1CCCN1CCCCCCOC(=O)CCCCCCCC,JW_2024,JW_2024,0
-14.917189,-0.913198098,CCCCCCCCC(=O)OCCCCCCN1CCC[C@H]1COC(=O)OC[C@@H]1CCCN1CCCCCCOC(=O)CCCCCCCC,JW_2024,JW_2024,0
-13.089434,-1.050440059,CCCCCCCCC(CCCCCCCC)OC(=O)CCCCCN1CCC[C@H]1COC(=O)OC[C@@H]1CCCN1CCCCCC(=O)OC(CCCCCCCC)CCCCCCCC,JW_2024,JW_2024,0
-10.732263,-2.163624849,CCCCCCCCC(CCCCCCCC)OC(=O)CCCCCN1CCC[C@H]1COC(=O)OC[C@@H]1CCCN1CCCCCC(=O)OC(CCCCCCCC)CCCCCCCC,JW_2024,JW_2024,0
-11.013594,-0.60059141,CCCCCCCCC(CCCCCCCC)OC(=O)CCCCCN1CCC[C@H]1COC(=O)OC[C@@H]1CCCN1CCCCCC(=O)OC(CCCCCCCC)CCCCCCCC,JW_2024,JW_2024,0
-10.447665,-1.080938272,CCCCCCCCC(CCCCCCCC)OC(=O)CCCCCN1CCC[C@H]1COC(=O)OC[C@@H]1CCCN1CCCCCC(=O)OC(CCCCCCCC)CCCCCCCC,JW_2024,JW_2024,0
-12.428306,-0.448100343,CCCCCCCCC(CCCCCCCC)OC(=O)CCCCCN1CCC[C@H]1COC(=O)OC[C@@H]1CCCN1CCCCCC(=O)OC(CCCCCCCC)CCCCCCCC,JW_2024,JW_2024,0
-10.210342,-1.401169513,CCCCCCCCC(CCCCCCCC)OC(=O)CCCCCN1CCC[C@H]1COC(=O)OC[C@@H]1CCCN1CCCCCC(=O)OC(CCCCCCCC)CCCCCCCC,JW_2024,JW_2024,0
-10.655028,-1.469790494,CCCCCCCCC(CCCCCCCC)OC(=O)CCCCCN1CCC[C@H]1COC(=O)OC[C@@H]1CCCN1CCCCCC(=O)OC(CCCCCCCC)CCCCCCCC,JW_2024,JW_2024,0
-13.417039,-0.775956138,CCCCCCCCC(CCCCCCCC)OC(=O)CCCCCN1CCC[C@H]1COC(=O)OC[C@@H]1CCCN1CCCCCC(=O)OC(CCCCCCCC)CCCCCCCC,JW_2024,JW_2024,0
-12.631982,-1.446916833,CCCCCCCCC(=O)OCCCCCCN(C)CCOC(=O)OCCN(C)CCCCCCOC(=O)CCCCCCCC,JW_2024,JW_2024,0
-10.180989,-1.843393608,CCCCCCCCC(=O)OCCCCCCN(C)CCOC(=O)OCCN(C)CCCCCCOC(=O)CCCCCCCC,JW_2024,JW_2024,0
-10.051442,-0.798829798,CCCCCCCCC(=O)OCCCCCCN(C)CCOC(=O)OCCN(C)CCCCCCOC(=O)CCCCCCCC,JW_2024,JW_2024,0
-9.886182,-1.515537814,CCCCCCCCC(=O)OCCCCCCN(C)CCOC(=O)OCCN(C)CCCCCCOC(=O)CCCCCCCC,JW_2024,JW_2024,0
-12.43424,-0.265111062,CCCCCCCCC(=O)OCCCCCCN(C)CCOC(=O)OCCN(C)CCCCCCOC(=O)CCCCCCCC,JW_2024,JW_2024,0
-9.436858,-1.927263695,CCCCCCCCC(=O)OCCCCCCN(C)CCOC(=O)OCCN(C)CCCCCCOC(=O)CCCCCCCC,JW_2024,JW_2024,0
-10.030148,-1.645155221,CCCCCCCCC(=O)OCCCCCCN(C)CCOC(=O)OCCN(C)CCCCCCOC(=O)CCCCCCCC,JW_2024,JW_2024,0
-13.541403,-1.4850396,CCCCCCCCC(=O)OCCCCCCN(C)CCOC(=O)OCCN(C)CCCCCCOC(=O)CCCCCCCC,JW_2024,JW_2024,0
-10.68837,0.337228653,CCCCCCCCC(CCCCCCCC)OC(=O)CCCCCN(C)CCOC(=O)OCCN(C)CCCCCC(=O)OC(CCCCCCCC)CCCCCCCC,JW_2024,JW_2024,1
-8.195235,-1.622281561,CCCCCCCCC(CCCCCCCC)OC(=O)CCCCCN(C)CCOC(=O)OCCN(C)CCCCCC(=O)OC(CCCCCCCC)CCCCCCCC,JW_2024,JW_2024,0
-8.010202,0.321979546,CCCCCCCCC(CCCCCCCC)OC(=O)CCCCCN(C)CCOC(=O)OCCN(C)CCCCCC(=O)OC(CCCCCCCC)CCCCCCCC,JW_2024,JW_2024,1
-7.7804503,-0.226988296,CCCCCCCCC(CCCCCCCC)OC(=O)CCCCCN(C)CCOC(=O)OCCN(C)CCCCCC(=O)OC(CCCCCCCC)CCCCCCCC,JW_2024,JW_2024,0
-10.172052,0.146614819,CCCCCCCCC(CCCCCCCC)OC(=O)CCCCCN(C)CCOC(=O)OCCN(C)CCCCCC(=O)OC(CCCCCCCC)CCCCCCCC,JW_2024,JW_2024,1
-7.8017616,-0.516721323,CCCCCCCCC(CCCCCCCC)OC(=O)CCCCCN(C)CCOC(=O)OCCN(C)CCCCCC(=O)OC(CCCCCCCC)CCCCCCCC,JW_2024,JW_2024,0
-7.7814465,-0.722584264,CCCCCCCCC(CCCCCCCC)OC(=O)CCCCCN(C)CCOC(=O)OCCN(C)CCCCCC(=O)OC(CCCCCCCC)CCCCCCCC,JW_2024,JW_2024,0
-11.435259,0.924319262,CCCCCCCCC(CCCCCCCC)OC(=O)CCCCCN(C)CCOC(=O)OCCN(C)CCCCCC(=O)OC(CCCCCCCC)CCCCCCCC,JW_2024,JW_2024,1
-7.982494,-0.059248122,CCCCCCCCC(CCCCCCCC)OC(=O)CCCCCN(C)CCOC(=O)OCCN(C)CCCCCC(=O)OC(CCCCCCCC)CCCCCCCC,JW_2024,JW_2024,0
-7.067109,0.123741159,CCCCCCCCC(CCCCCCCC)OC(=O)CCCCCN(C)CCOC(=O)OCCN(C)CCCCCC(=O)OC(CCCCCCCC)CCCCCCCC,JW_2024,JW_2024,1
-8.158062,0.825200068,CCCCCCCCC(CCCCCCCC)OC(=O)CCCCCN(C)CCOC(=O)OCCN(C)CCCCCC(=O)OC(CCCCCCCC)CCCCCCCC,JW_2024,JW_2024,1
-7.9822736,0.085618392,CCCCCCCCC(CCCCCCCC)OC(=O)CCCCCN(C)CCOC(=O)OCCN(C)CCCCCC(=O)OC(CCCCCCCC)CCCCCCCC,JW_2024,JW_2024,1
-11.480874,1.023438456,CCCCCCCCC(CCCCCCCC)OC(=O)CCCCCN(C)CCOC(=O)OCCN(C)CCCCCC(=O)OC(CCCCCCCC)CCCCCCCC,JW_2024,JW_2024,1
-10.188256,0.543091594,CCCCCCCCC(CCCCCCCC)OC(=O)CCCCCN(C)CCOC(=O)OCCN(C)CCCCCC(=O)OC(CCCCCCCC)CCCCCCCC,JW_2024,JW_2024,1
-10.70703,0.123741159,CCCCCCCCC(CCCCCCCC)OC(=O)CCCCCN(C)CCOC(=O)OCCN(C)CCCCCC(=O)OC(CCCCCCCC)CCCCCCCC,JW_2024,JW_2024,1
-7.931355,0.047495625,CCCCCCCCC(CCCCCCCC)OC(=O)CCCCCN(C)CCOC(=O)OCCN(C)CCCCCC(=O)OC(CCCCCCCC)CCCCCCCC,JW_2024,JW_2024,1
-7.5119753,-0.204114636,CCCCCCCCC(CCCCCCCC)OC(=O)CCCCCN(C)CCOC(=O)OCCN(C)CCCCCC(=O)OC(CCCCCCCC)CCCCCCCC,JW_2024,JW_2024,0
-11.029641,0.436347847,CCCCCCCCC(CCCCCCCC)OC(=O)CCCCCN(C)CCOC(=O)OCCN(C)CCCCCC(=O)OC(CCCCCCCC)CCCCCCCC,JW_2024,JW_2024,1
-11.624321,-0.135493655,CCCCCCCCC(=O)OCCCCCCN(C)CCOC(=O)OCCN(C)CCCCCC(=O)OC(CCCCCCCC)CCCCCCCC,JW_2024,JW_2024,0
-8.5400305,-1.32492398,CCCCCCCCC(=O)OCCCCCCN(C)CCOC(=O)OCCN(C)CCCCCC(=O)OC(CCCCCCCC)CCCCCCCC,JW_2024,JW_2024,0
-7.8957586,0.878571942,CCCCCCCCC(=O)OCCCCCCN(C)CCOC(=O)OCCN(C)CCCCCC(=O)OC(CCCCCCCC)CCCCCCCC,JW_2024,JW_2024,1
-8.143019,-0.074497228,CCCCCCCCC(=O)OCCCCCCN(C)CCOC(=O)OCCN(C)CCCCCC(=O)OC(CCCCCCCC)CCCCCCCC,JW_2024,JW_2024,0
-9.927596,0.085618392,CCCCCCCCC(=O)OCCCCCCN(C)CCOC(=O)OCCN(C)CCCCCC(=O)OC(CCCCCCCC)CCCCCCCC,JW_2024,JW_2024,1
-8.15764,-1.065689165,CCCCCCCCC(=O)OCCCCCCN(C)CCOC(=O)OCCN(C)CCCCCC(=O)OC(CCCCCCCC)CCCCCCCC,JW_2024,JW_2024,0
-8.547153,-0.364230256,CCCCCCCCC(=O)OCCCCCCN(C)CCOC(=O)OCCN(C)CCCCCC(=O)OC(CCCCCCCC)CCCCCCCC,JW_2024,JW_2024,0
-11.198348,0.459221507,CCCCCCCCC(=O)OCCCCCCN(C)CCOC(=O)OCCN(C)CCCCCC(=O)OC(CCCCCCCC)CCCCCCCC,JW_2024,JW_2024,1
-8.5485525,0.504968827,CCCCCCCCC(=O)OCCCCCCN(C)CCOC(=O)OCCN(C)CCCCCC(=O)OC(CCCCCCCC)CCCCCCCC,JW_2024,JW_2024,1
-6.953286,0.451596954,CCCCCCCCC(=O)OCCCCCCN(C)CCOC(=O)OCCN(C)CCCCCC(=O)OC(CCCCCCCC)CCCCCCCC,JW_2024,JW_2024,1
-11.377983,0.382975973,CCCCCCCCC(=O)OCCCCCCN(C)CCOC(=O)OCCN(C)CCCCCC(=O)OC(CCCCCCCC)CCCCCCCC,JW_2024,JW_2024,1
-10.911379,0.504968827,CCCCCCCCC(=O)OCCCCCCN(C)CCOC(=O)OCCN(C)CCCCCC(=O)OC(CCCCCCCC)CCCCCCCC,JW_2024,JW_2024,1
-7.8445816,0.451596954,CCCCCCCCC(=O)OCCCCCCN(C)CCOC(=O)OCCN(C)CCCCCC(=O)OC(CCCCCCCC)CCCCCCCC,JW_2024,JW_2024,1
-8.277074,0.192362139,CCCCCCCCC(=O)OCCCCCCN(C)CCOC(=O)OCCN(C)CCCCCC(=O)OC(CCCCCCCC)CCCCCCCC,JW_2024,JW_2024,1
-11.429936,0.032246519,CCCCCCCCC(=O)OCCCCCCN(C)CCOC(=O)OCCN(C)CCCCCC(=O)OC(CCCCCCCC)CCCCCCCC,JW_2024,JW_2024,1
-12.550729,-1.161660131,CCCCCCCC/C=C\CCCCCCCC(=O)OCCCCCC(O)C(CCCCOC(=O)CCCCCCC/C=C\CCCCCCCC)CN1CCN(CC(CCCCOC(=O)CCCCCCC/C=C\CCCCCCCC)C(O)CCCCCOC(=O)CCCCCCC/C=C\CCCCCCCC)CC1,JW_2024,JW_2024,0
-9.302422,-2.386508298,CCCCCCCC/C=C\CCCCCCCC(=O)OCCCCCC(O)C(CCCCOC(=O)CCCCCCC/C=C\CCCCCCCC)CN1CCN(CC(CCCCOC(=O)CCCCCCC/C=C\CCCCCCCC)C(O)CCCCCOC(=O)CCCCCCC/C=C\CCCCCCCC)CC1,JW_2024,JW_2024,0
-8.086402,-0.933021807,CCCCCCCC/C=C\CCCCCCCC(=O)OCCCCCC(O)C(CCCCOC(=O)CCCCCCC/C=C\CCCCCCCC)CN1CCN(CC(CCCCOC(=O)CCCCCCC/C=C\CCCCCCCC)C(O)CCCCCOC(=O)CCCCCCC/C=C\CCCCCCCC)CC1,JW_2024,JW_2024,0
-9.309556,-1.006512697,CCCCCCCC/C=C\CCCCCCCC(=O)OCCCCCC(O)C(CCCCOC(=O)CCCCCCC/C=C\CCCCCCCC)CN1CCN(CC(CCCCOC(=O)CCCCCCC/C=C\CCCCCCCC)C(O)CCCCCOC(=O)CCCCCCC/C=C\CCCCCCCC)CC1,JW_2024,JW_2024,0
-9.221412,-0.924856152,CCCCCCCC/C=C\CCCCCCCC(=O)OCCCCCC(O)C(CCCCOC(=O)CCCCCCC/C=C\CCCCCCCC)CN1CCN(CC(CCCCOC(=O)CCCCCCC/C=C\CCCCCCCC)C(O)CCCCCOC(=O)CCCCCCC/C=C\CCCCCCCC)CC1,JW_2024,JW_2024,0
-8.6836195,-1.741421597,CCCCCCCC/C=C\CCCCCCCC(=O)OCCCCCC(O)C(CCCCOC(=O)CCCCCCC/C=C\CCCCCCCC)CN1CCN(CC(CCCCOC(=O)CCCCCCC/C=C\CCCCCCCC)C(O)CCCCCOC(=O)CCCCCCC/C=C\CCCCCCCC)CC1,JW_2024,JW_2024,0
-9.30913,-1.422961073,CCCCCCCC/C=C\CCCCCCCC(=O)OCCCCCC(O)C(CCCCOC(=O)CCCCCCC/C=C\CCCCCCCC)CN1CCN(CC(CCCCOC(=O)CCCCCCC/C=C\CCCCCCCC)C(O)CCCCCOC(=O)CCCCCCC/C=C\CCCCCCCC)CC1,JW_2024,JW_2024,0
-9.665372,-0.745211754,CCCCCCCC/C=C\CCCCCCCC(=O)OCCCCCC(O)C(CCCCOC(=O)CCCCCCC/C=C\CCCCCCCC)CN1CCN(CC(CCCCOC(=O)CCCCCCC/C=C\CCCCCCCC)C(O)CCCCCOC(=O)CCCCCCC/C=C\CCCCCCCC)CC1,JW_2024,JW_2024,0
-8.593482,-1.357635838,CCCCCCCC/C=C\CCCCCCCC(=O)OCCCCCC(O)C(CCCCOC(=O)CCCCCCC/C=C\CCCCCCCC)CN(CCCN(C)C)CCCN(C)C,JW_2024,JW_2024,0
-6.3788743,-1.757752905,CCCCCCCC/C=C\CCCCCCCC(=O)OCCCCCC(O)C(CCCCOC(=O)CCCCCCC/C=C\CCCCCCCC)CN(CCCN(C)C)CCCN(C)C,JW_2024,JW_2024,0
-6.6798997,-0.704383482,CCCCCCCC/C=C\CCCCCCCC(=O)OCCCCCC(O)C(CCCCOC(=O)CCCCCCC/C=C\CCCCCCCC)CN(CCCN(C)C)CCCN(C)C,JW_2024,JW_2024,0
-6.2325597,-1.643433743,CCCCCCCC/C=C\CCCCCCCC(=O)OCCCCCC(O)C(CCCCOC(=O)CCCCCCC/C=C\CCCCCCCC)CN(CCCN(C)C)CCCN(C)C,JW_2024,JW_2024,0
-9.776702,-0.230775524,CCCCCCCC/C=C\CCCCCCCC(=O)OCCCCCC(O)C(CCCCOC(=O)CCCCCCC/C=C\CCCCCCCC)CNCCCN(C)C,JW_2024,JW_2024,0
-7.395019,-1.69242767,CCCCCCCC/C=C\CCCCCCCC(=O)OCCCCCC(O)C(CCCCOC(=O)CCCCCCC/C=C\CCCCCCCC)CNCCCN(C)C,JW_2024,JW_2024,0
-6.9309554,-0.410419922,CCCCCCCC/C=C\CCCCCCCC(=O)OCCCCCC(O)C(CCCCOC(=O)CCCCCCC/C=C\CCCCCCCC)CNCCCN(C)C,JW_2024,JW_2024,0
-7.270309,-0.655389555,CCCCCCCC/C=C\CCCCCCCC(=O)OCCCCCC(O)C(CCCCOC(=O)CCCCCCC/C=C\CCCCCCCC)CNCCCN(C)C,JW_2024,JW_2024,0
-9.730857,-0.189947252,CCCCCCCC/C=C\CCCCCCCC(=O)OCCCCCC(O)C(CCCCOC(=O)CCCCCCC/C=C\CCCCCCCC)CNCCCN(C)C,JW_2024,JW_2024,0
-6.911097,-1.602605471,CCCCCCCC/C=C\CCCCCCCC(=O)OCCCCCC(O)C(CCCCOC(=O)CCCCCCC/C=C\CCCCCCCC)CNCCCN(C)C,JW_2024,JW_2024,0
-7.308357,-0.794205681,CCCCCCCC/C=C\CCCCCCCC(=O)OCCCCCC(O)C(CCCCOC(=O)CCCCCCC/C=C\CCCCCCCC)CNCCCN(C)C,JW_2024,JW_2024,0
-10.553393,0.838925208,CCCCCCCC/C=C\CCCCCCCC(=O)OCCCCCC(O)C(CCCCOC(=O)CCCCCCC/C=C\CCCCCCCC)CNCCCN(C)C,JW_2024,JW_2024,1
-7.722668,-0.402254268,CCCCCCCC/C=C\CCCCCCCC(=O)OCCCCCC(O)C(CCCCOC(=O)CCCCCCC/C=C\CCCCCCCC)CNCCCN(C)C,JW_2024,JW_2024,0
-6.447803,-0.622726938,CCCCCCCC/C=C\CCCCCCCC(=O)OCCCCCC(O)C(CCCCOC(=O)CCCCCCC/C=C\CCCCCCCC)CNCCCN(C)C,JW_2024,JW_2024,0
-10.912218,-0.426751231,CCCCCCCC/C=C\CCCCCCCC(=O)OCCCCCC(O)C(CCCCOC(=O)CCCCCCC/C=C\CCCCCCCC)CNCCCN(C)C,JW_2024,JW_2024,0
-9.263094,0.430642486,CCCCCCCC/C=C\CCCCCCCC(=O)OCCCCCC(O)C(CCCCOC(=O)CCCCCCC/C=C\CCCCCCCC)CNCCCN(C)C,JW_2024,JW_2024,1
-10.055162,0.14484458,CCCCCCCC/C=C\CCCCCCCC(=O)OCCCCCC(O)C(CCCCOC(=O)CCCCCCC/C=C\CCCCCCCC)CNCCCN(C)C,JW_2024,JW_2024,1
-6.1461353,-0.328763378,CCCCCCCC/C=C\CCCCCCCC(=O)OCCCCCC(O)C(CCCCOC(=O)CCCCCCC/C=C\CCCCCCCC)CNCCCN(C)C,JW_2024,JW_2024,0
-6.6858287,0.495967721,CCCCCCCC/C=C\CCCCCCCC(=O)OCCCCCC(O)C(CCCCOC(=O)CCCCCCC/C=C\CCCCCCCC)CNCCCN(C)C,JW_2024,JW_2024,1
-10.080007,0.471470758,CCCCCCCC/C=C\CCCCCCCC(=O)OCCCCCC(O)C(CCCCOC(=O)CCCCCCC/C=C\CCCCCCCC)CNCCCN(C)C,JW_2024,JW_2024,1
-10.138213,-0.647223901,CCCCCCCC/C=C\CCCCCCCC(=O)OCCCCCC(O)C(CCCCOC(=O)CCCCCCC/C=C\CCCCCCCC)CNCCCN1CCCCC1CC,JW_2024,JW_2024,0
-8.694859,-1.071837932,CCCCCCCC/C=C\CCCCCCCC(=O)OCCCCCC(O)C(CCCCOC(=O)CCCCCCC/C=C\CCCCCCCC)CNCCCN1CCCCC1CC,JW_2024,JW_2024,0
-8.419783,0.544961648,CCCCCCCC/C=C\CCCCCCCC(=O)OCCCCCC(O)C(CCCCOC(=O)CCCCCCC/C=C\CCCCCCCC)CNCCCN1CCCCC1CC,JW_2024,JW_2024,1
-8.156588,-0.0021372,CCCCCCCC/C=C\CCCCCCCC(=O)OCCCCCC(O)C(CCCCOC(=O)CCCCCCC/C=C\CCCCCCCC)CNCCCN1CCCCC1CC,JW_2024,JW_2024,0
-10.138011,0.994072642,CCCCCCCC/C=C\CCCCCCCC(=O)OCCCCCC(O)C(CCCCOC(=O)CCCCCCC/C=C\CCCCCCCC)CNCCCN1CCCCC1CC,JW_2024,JW_2024,1
-8.309783,0.193838507,CCCCCCCC/C=C\CCCCCCCC(=O)OCCCCCC(O)C(CCCCOC(=O)CCCCCCC/C=C\CCCCCCCC)CNCCCN1CCCCC1CC,JW_2024,JW_2024,1
-8.188302,0.283660706,CCCCCCCC/C=C\CCCCCCCC(=O)OCCCCCC(O)C(CCCCOC(=O)CCCCCCC/C=C\CCCCCCCC)CNCCCN1CCCCC1CC,JW_2024,JW_2024,1
-10.469148,0.80626259,CCCCCCCC/C=C\CCCCCCCC(=O)OCCCCCC(O)C(CCCCOC(=O)CCCCCCC/C=C\CCCCCCCC)CNCCCN1CCCCC1CC,JW_2024,JW_2024,1
-7.2463017,0.593955574,CCCCCCCC/C=C\CCCCCCCC(=O)OCCCCCC(O)C(CCCCOC(=O)CCCCCCC/C=C\CCCCCCCC)CNCCCN1CCCCC1CC,JW_2024,JW_2024,1
-7.205985,-0.655389555,CCCCCCCC/C=C\CCCCCCCC(=O)OCCCCCC(O)C(CCCCOC(=O)CCCCCCC/C=C\CCCCCCCC)CNCCCN1CCCCC1CC,JW_2024,JW_2024,0
-9.071364,1.17371704,CCCCCCCC/C=C\CCCCCCCC(=O)OCCCCCC(O)C(CCCCOC(=O)CCCCCCC/C=C\CCCCCCCC)CNCCCN1CCCCC1CC,JW_2024,JW_2024,1
-10.058589,0.177507198,CCCCCCCC/C=C\CCCCCCCC(=O)OCCCCCC(O)C(CCCCOC(=O)CCCCCCC/C=C\CCCCCCCC)CNCCCN1CCCCC1CC,JW_2024,JW_2024,1
-7.271732,-0.018468509,CCCCCCCC/C=C\CCCCCCCC(=O)OCCCCCC(O)C(CCCCOC(=O)CCCCCCC/C=C\CCCCCCCC)CNCCCN1CCCCC1CC,JW_2024,JW_2024,0
-11.9716425,0.455139449,CCCCCCCC/C=C\CCCCCCCC(=O)OCCCCCC(O)C(CCCCOC(=O)CCCCCCC/C=C\CCCCCCCC)CN1CCC[C@H]1CO,JW_2024,JW_2024,1
-9.540242,-1.667930707,CCCCCCCC/C=C\CCCCCCCC(=O)OCCCCCC(O)C(CCCCOC(=O)CCCCCCC/C=C\CCCCCCCC)CN1CCC[C@H]1CO,JW_2024,JW_2024,0
-9.163631,1.034900914,CCCCCCCC/C=C\CCCCCCCC(=O)OCCCCCC(O)C(CCCCOC(=O)CCCCCCC/C=C\CCCCCCCC)CN1CCC[C@H]1CO,JW_2024,JW_2024,1
-9.122833,0.487802067,CCCCCCCC/C=C\CCCCCCCC(=O)OCCCCCC(O)C(CCCCOC(=O)CCCCCCC/C=C\CCCCCCCC)CN1CCC[C@H]1CO,JW_2024,JW_2024,1
-12.578362,0.708274737,CCCCCCCC/C=C\CCCCCCCC(=O)OCCCCCC(O)C(CCCCOC(=O)CCCCCCC/C=C\CCCCCCCC)CN1CCC[C@H]1CO,JW_2024,JW_2024,1
-9.206534,0.373482905,CCCCCCCC/C=C\CCCCCCCC(=O)OCCCCCC(O)C(CCCCOC(=O)CCCCCCC/C=C\CCCCCCCC)CN1CCC[C@H]1CO,JW_2024,JW_2024,1
-9.262049,-0.696217828,CCCCCCCC/C=C\CCCCCCCC(=O)OCCCCCC(O)C(CCCCOC(=O)CCCCCCC/C=C\CCCCCCCC)CN1CCC[C@H]1CO,JW_2024,JW_2024,0
-13.409743,1.484011909,CCCCCCCC/C=C\CCCCCCCC(=O)OCCCCCC(O)C(CCCCOC(=O)CCCCCCC/C=C\CCCCCCCC)CN1CCC[C@H]1CO,JW_2024,JW_2024,2
-9.850962,-0.451248194,CCCCCCCC/C=C\CCCCCCCC(=O)OCCCCCC(O)C(CCCCOC(=O)CCCCCCC/C=C\CCCCCCCC)CN(C)CCO,JW_2024,JW_2024,0
-5.6967115,-0.900359189,CCCCCCCC/C=C\CCCCCCCC(=O)OCCCCCC(O)C(CCCCOC(=O)CCCCCCC/C=C\CCCCCCCC)CN(C)CCO,JW_2024,JW_2024,0
-6.327015,0.324488978,CCCCCCCC/C=C\CCCCCCCC(=O)OCCCCCC(O)C(CCCCOC(=O)CCCCCCC/C=C\CCCCCCCC)CN(C)CCO,JW_2024,JW_2024,1
-5.3793006,-1.561777199,CCCCCCCC/C=C\CCCCCCCC(=O)OCCCCCC(O)C(CCCCOC(=O)CCCCCCC/C=C\CCCCCCCC)CN(C)CCO,JW_2024,JW_2024,0
-5.9088697,-0.304266414,CCCCCCCC/C=C\CCCCCCCC(=O)OCCCCCC(O)C(CCCCOC(=O)CCCCCCC/C=C\CCCCCCCC)CN(C)CCO,JW_2024,JW_2024,0
-5.5997896,-0.500242121,CCCCCCCC/C=C\CCCCCCCC(=O)OCCCCCC(O)C(CCCCOC(=O)CCCCCCC/C=C\CCCCCCCC)CN(C)CCO,JW_2024,JW_2024,0
-9.690945,0.079519344,CCCCCCCC/C=C\CCCCCCCC(=O)OCCCCCC(O)C(CCCCOC(=O)CCCCCCC/C=C\CCCCCCCC)CN(C)CCO,JW_2024,JW_2024,1
-9.432948,0.332654632,CCCCCCCC/C=C\CCCCCCCC(=O)OCCCCCC(O)C(CCCCOC(=O)CCCCCCC/C=C\CCCCCCCC)CN(C)CCO,JW_2024,JW_2024,1
-9.428566,0.038691072,CCCCCCCC/C=C\CCCCCCCC(=O)OCCCCCC(O)C(CCCCOC(=O)CCCCCCC/C=C\CCCCCCCC)CN(C)CCO,JW_2024,JW_2024,1
-6.2778473,-0.0021372,CCCCCCCC/C=C\CCCCCCCC(=O)OCCCCCC(O)C(CCCCOC(=O)CCCCCCC/C=C\CCCCCCCC)CN(C)CCO,JW_2024,JW_2024,0
-6.0766873,-0.761543063,CCCCCCCC/C=C\CCCCCCCC(=O)OCCCCCC(O)C(CCCCOC(=O)CCCCCCC/C=C\CCCCCCCC)CN(C)CCO,JW_2024,JW_2024,0
-9.835679,0.046856727,CCCCCCCC/C=C\CCCCCCCC(=O)OCCCCCC(O)C(CCCCOC(=O)CCCCCCC/C=C\CCCCCCCC)CN(C)CCO,JW_2024,JW_2024,1
-9.850962,0.553127302,CCCCCCCC/C=C\CCCCCCCC(=O)OCCCCCC(O)C(CCCCOC(=O)CCCCCCC/C=C\CCCCCCCC)CN(C)CCO,JW_2024,JW_2024,1
-5.6967115,-1.406629764,CCCCCCCC/C=C\CCCCCCCC(=O)OCCCCCC(O)C(CCCCOC(=O)CCCCCCC/C=C\CCCCCCCC)CN(C)CCO,JW_2024,JW_2024,0
-5.861202,0.463305103,CCCCCCCC/C=C\CCCCCCCC(=O)OCCCCCC(O)C(CCCCOC(=O)CCCCCCC/C=C\CCCCCCCC)CN(C)CCO,JW_2024,JW_2024,1
-5.9088697,1.451349291,CCCCCCCC/C=C\CCCCCCCC(=O)OCCCCCC(O)C(CCCCOC(=O)CCCCCCC/C=C\CCCCCCCC)CN(C)CCO,JW_2024,JW_2024,2
-5.5997896,0.87975348,CCCCCCCC/C=C\CCCCCCCC(=O)OCCCCCC(O)C(CCCCOC(=O)CCCCCCC/C=C\CCCCCCCC)CN(C)CCO,JW_2024,JW_2024,1
-9.690945,1.214545312,CCCCCCCC/C=C\CCCCCCCC(=O)OCCCCCC(O)C(CCCCOC(=O)CCCCCCC/C=C\CCCCCCCC)CN(C)CCO,JW_2024,JW_2024,1
-9.432948,1.043066569,CCCCCCCC/C=C\CCCCCCCC(=O)OCCCCCC(O)C(CCCCOC(=O)CCCCCCC/C=C\CCCCCCCC)CN(C)CCO,JW_2024,JW_2024,1
-9.428566,1.639159343,CCCCCCCC/C=C\CCCCCCCC(=O)OCCCCCC(O)C(CCCCOC(=O)CCCCCCC/C=C\CCCCCCCC)CN(C)CCO,JW_2024,JW_2024,2
-6.2778473,0.936913061,CCCCCCCC/C=C\CCCCCCCC(=O)OCCCCCC(O)C(CCCCOC(=O)CCCCCCC/C=C\CCCCCCCC)CN(C)CCO,JW_2024,JW_2024,1
-6.0766873,0.757268663,CCCCCCCC/C=C\CCCCCCCC(=O)OCCCCCC(O)C(CCCCOC(=O)CCCCCCC/C=C\CCCCCCCC)CN(C)CCO,JW_2024,JW_2024,1
-9.835679,1.826969395,CCCCCCCC/C=C\CCCCCCCC(=O)OCCCCCC(O)C(CCCCOC(=O)CCCCCCC/C=C\CCCCCCCC)CN(C)CCO,JW_2024,JW_2024,2
-12.203959,-0.475745158,CCCCCCCC/C=C\CCCCCCCC(=O)OCCCCCC(O)C(CCCCOC(=O)CCCCCCC/C=C\CCCCCCCC)CNC[C@H](C)O,JW_2024,JW_2024,0
-9.75767,-2.247692172,CCCCCCCC/C=C\CCCCCCCC(=O)OCCCCCC(O)C(CCCCOC(=O)CCCCCCC/C=C\CCCCCCCC)CNC[C@H](C)O,JW_2024,JW_2024,0
-11.848202,-0.173615943,CCCCCCCC/C=C\CCCCCCCC(=O)OCCCCCC(O)C(CCCCOC(=O)CCCCCCC/C=C\CCCCCCCC)CN[C@H]1CCCC[C@H]1O,JW_2024,JW_2024,0
-10.012618,-1.243316675,CCCCCCCC/C=C\CCCCCCCC(=O)OCCCCCC(O)C(CCCCOC(=O)CCCCCCC/C=C\CCCCCCCC)CN[C@H]1CCCC[C@H]1O,JW_2024,JW_2024,0
-9.265146,1.116557459,CCCCCCCC/C=C\CCCCCCCC(=O)OCCCCCC(O)C(CCCCOC(=O)CCCCCCC/C=C\CCCCCCCC)CN[C@H]1CCCC[C@H]1O,JW_2024,JW_2024,1
-9.781459,-0.385922959,CCCCCCCC/C=C\CCCCCCCC(=O)OCCCCCC(O)C(CCCCOC(=O)CCCCCCC/C=C\CCCCCCCC)CN[C@H]1CCCC[C@H]1O,JW_2024,JW_2024,0
-10.441348,0.536795993,CCCCCCCC/C=C\CCCCCCCC(=O)OCCCCCC(O)C(CCCCOC(=O)CCCCCCC/C=C\CCCCCCCC)CN[C@H]1CCCC[C@H]1O,JW_2024,JW_2024,1
-8.039477,0.65928081,CCCCCCCC/C=C\CCCCCCCC(=O)OCCCCCC(O)C(CCCCOC(=O)CCCCCCC/C=C\CCCCCCCC)CN[C@H]1CCCC[C@H]1O,JW_2024,JW_2024,1
-12.538716,1.255373584,CCCCCCCC/C=C\CCCCCCCC(=O)OCCCCCC(O)C(CCCCOC(=O)CCCCCCC/C=C\CCCCCCCC)CN[C@H]1CCCC[C@H]1O,JW_2024,JW_2024,1
-11.182718,0.757268663,CCCCCCCC/C=C\CCCCCCCC(=O)OCCCCCC(O)C(CCCCOC(=O)CCCCCCC/C=C\CCCCCCCC)CN[C@H]1CCCC[C@H]1O,JW_2024,JW_2024,1
-11.684042,1.500343218,CCCCCCCC/C=C\CCCCCCCC(=O)OCCCCCC(O)C(CCCCOC(=O)CCCCCCC/C=C\CCCCCCCC)CN[C@H]1CCCC[C@H]1O,JW_2024,JW_2024,2
-8.002568,1.704484579,CCCCCCCC/C=C\CCCCCCCC(=O)OCCCCCC(O)C(CCCCOC(=O)CCCCCCC/C=C\CCCCCCCC)CN[C@H]1CCCC[C@H]1O,JW_2024,JW_2024,2
-8.973181,1.647324998,CCCCCCCC/C=C\CCCCCCCC(=O)OCCCCCC(O)C(CCCCOC(=O)CCCCCCC/C=C\CCCCCCCC)CN[C@H]1CCCC[C@H]1O,JW_2024,JW_2024,2
-11.877237,1.377858401,CCCCCCCC/C=C\CCCCCCCC(=O)OCCCCCC(O)C(CCCCOC(=O)CCCCCCC/C=C\CCCCCCCC)CN[C@H]1CCCC[C@H]1O,JW_2024,JW_2024,2
-12.708213,0.185672852,CCCCCCCCCCCCCCCC(=O)OCCCCCC(O)C(CCCCOC(=O)CCCCCCCCCCCCCCC)CN(C)CCCN(C)CC(CCCCOC(=O)CCCCCCCCCCCCCCC)C(O)CCCCCOC(=O)CCCCCCCCCCCCCCC,JW_2024,JW_2024,1
-10.108361,-0.982015733,CCCCCCCCCCCCCCCC(=O)OCCCCCC(O)C(CCCCOC(=O)CCCCCCCCCCCCCCC)CN(C)CCCN(C)CC(CCCCOC(=O)CCCCCCCCCCCCCCC)C(O)CCCCCOC(=O)CCCCCCCCCCCCCCC,JW_2024,JW_2024,0
-9.495234,0.120347617,CCCCCCCCCCCCCCCC(=O)OCCCCCC(O)C(CCCCOC(=O)CCCCCCCCCCCCCCC)CN(C)CCCN(C)CC(CCCCOC(=O)CCCCCCCCCCCCCCC)C(O)CCCCCOC(=O)CCCCCCCCCCCCCCC,JW_2024,JW_2024,1
-10.060367,0.275495051,CCCCCCCCCCCCCCCC(=O)OCCCCCC(O)C(CCCCOC(=O)CCCCCCCCCCCCCCC)CN(C)CCCN(C)CC(CCCCOC(=O)CCCCCCCCCCCCCCC)C(O)CCCCCOC(=O)CCCCCCCCCCCCCCC,JW_2024,JW_2024,1
-9.010708,0.038691072,CCCCCCCCCCCCCCCC(=O)OCCCCCC(O)C(CCCCOC(=O)CCCCCCCCCCCCCCC)CN(C)CCCN(C)CC(CCCCOC(=O)CCCCCCCCCCCCCCC)C(O)CCCCCOC(=O)CCCCCCCCCCCCCCC,JW_2024,JW_2024,1
-9.85618,-1.186157094,CCCCCCCCCCCCCCCC(=O)OCCCCCC(O)C(CCCCOC(=O)CCCCCCCCCCCCCCC)CN(C)CCCN(C)CC(CCCCOC(=O)CCCCCCCCCCCCCCC)C(O)CCCCCOC(=O)CCCCCCCCCCCCCCC,JW_2024,JW_2024,0
-9.999734,-0.900359189,CCCCCCCCCCCCCCCC(=O)OCCCCCC(O)C(CCCCOC(=O)CCCCCCCCCCCCCCC)CN(C)CCCN(C)CC(CCCCOC(=O)CCCCCCCCCCCCCCC)C(O)CCCCCOC(=O)CCCCCCCCCCCCCCC,JW_2024,JW_2024,0
-11.179364,0.308157669,CCCCCCCCCCCCCCCC(=O)OCCCCCC(O)C(CCCCOC(=O)CCCCCCCCCCCCCCC)CN(C)CCCN(C)CC(CCCCOC(=O)CCCCCCCCCCCCCCC)C(O)CCCCCOC(=O)CCCCCCCCCCCCCCC,JW_2024,JW_2024,1
-9.2767515,-0.761543063,CCCCCCCCCCCCCCCC(=O)OCCCCCC(O)C(CCCCOC(=O)CCCCCCCCCCCCCCC)CN(C)CCCN(C)CC(CCCCOC(=O)CCCCCCCCCCCCCCC)C(O)CCCCCOC(=O)CCCCCCCCCCCCCCC,JW_2024,JW_2024,0
-9.27221,-0.798829798,CCCCCCCC/C=C\CCCCCCCC(=O)OCCCCCCN(C)CCOC(=O)OCCN(C)CCCCCCOC(=O)CCCCCCC/C=C\CCCCCCCC,JW_2024,JW_2024,0
-7.994547,-1.759523521,CCCCCCCC/C=C\CCCCCCCC(=O)OCCCCCCN(C)CCOC(=O)OCCN(C)CCCCCCOC(=O)CCCCCCC/C=C\CCCCCCCC,JW_2024,JW_2024,0
-7.2398686,-0.547219537,CCCCCCCC/C=C\CCCCCCCC(=O)OCCCCCCN(C)CCOC(=O)OCCN(C)CCCCCCOC(=O)CCCCCCC/C=C\CCCCCCCC,JW_2024,JW_2024,0
-7.539191,-0.867450778,CCCCCCCC/C=C\CCCCCCCC(=O)OCCCCCCN(C)CCOC(=O)OCCN(C)CCCCCCOC(=O)CCCCCCC/C=C\CCCCCCCC,JW_2024,JW_2024,0
-9.687073,-0.890324438,CCCCCCCC/C=C\CCCCCCCC(=O)OCCCCCCN(C)CCOC(=O)OCCN(C)CCCCCCOC(=O)CCCCCCC/C=C\CCCCCCCC,JW_2024,JW_2024,0
-7.7592926,-0.692086051,CCCCCCCC/C=C\CCCCCCCC(=O)OCCCCCCN(C)CCOC(=O)OCCN(C)CCCCCCOC(=O)CCCCCCC/C=C\CCCCCCCC,JW_2024,JW_2024,0
-7.999365,-0.867450778,CCCCCCCC/C=C\CCCCCCCC(=O)OCCCCCCN(C)CCOC(=O)OCCN(C)CCCCCCOC(=O)CCCCCCC/C=C\CCCCCCCC,JW_2024,JW_2024,0
-10.547659,-0.524345877,CCCCCCCC/C=C\CCCCCCCC(=O)OCCCCCCN(C)CCOC(=O)OCCN(C)CCCCCCOC(=O)CCCCCCC/C=C\CCCCCCCC,JW_2024,JW_2024,0
-6.293654,-0.0021372,CCCCCCCC/C=C\CCCCCCCC(=O)OCCCCCC(O)C(CCCCOC(=O)CCCCCCC/C=C\CCCCCCCC)CN1CCCC[C@H]1CO,JW_2024,JW_2024,0
-7.139049,0.651115156,CCCCCCCC/C=C\CCCCCCCC(=O)OCCCCCC(O)C(CCCCOC(=O)CCCCCCC/C=C\CCCCCCCC)CN1CCCC[C@H]1CO,JW_2024,JW_2024,1
-6.0619545,0.7327717,CCCCCCCC/C=C\CCCCCCCC(=O)OCCCCCC(O)C(CCCCOC(=O)CCCCCCC/C=C\CCCCCCCC)CN1CCCC[C@H]1CO,JW_2024,JW_2024,1
-9.721383,1.157385731,CCCCCCCC/C=C\CCCCCCCC(=O)OCCCCCC(O)C(CCCCOC(=O)CCCCCCC/C=C\CCCCCCCC)CN1CCCC[C@H]1CO,JW_2024,JW_2024,1
-8.284945,0.985906988,CCCCCCCC/C=C\CCCCCCCC(=O)OCCCCCC(O)C(CCCCOC(=O)CCCCCCC/C=C\CCCCCCCC)CN1CCCC[C@H]1CO,JW_2024,JW_2024,1
-9.169487,1.353361438,CCCCCCCC/C=C\CCCCCCCC(=O)OCCCCCC(O)C(CCCCOC(=O)CCCCCCC/C=C\CCCCCCCC)CN1CCCC[C@H]1CO,JW_2024,JW_2024,2
-5.582554,0.250998088,CCCCCCCC/C=C\CCCCCCCC(=O)OCCCCCC(O)C(CCCCOC(=O)CCCCCCC/C=C\CCCCCCCC)CN1CCCC[C@H]1CO,JW_2024,JW_2024,1
-6.3979096,-0.279769451,CCCCCCCC/C=C\CCCCCCCC(=O)OCCCCCC(O)C(CCCCOC(=O)CCCCCCC/C=C\CCCCCCCC)CN1CCCC[C@H]1CO,JW_2024,JW_2024,0
-9.259833,1.043066569,CCCCCCCC/C=C\CCCCCCCC(=O)OCCCCCC(O)C(CCCCOC(=O)CCCCCCC/C=C\CCCCCCCC)CN1CCCC[C@H]1CO,JW_2024,JW_2024,1
-3.5839016,-0.451248194,CCCCCCCC/C=C\CCCCCCCC(=O)OCCCCCC(O)C(CCCCOC(=O)CCCCCCC/C=C\CCCCCCCC)CN1CCCN(C)CC1,JW_2024,JW_2024,0
-4.142264,1.818803741,CCCCCCCC/C=C\CCCCCCCC(=O)OCCCCCC(O)C(CCCCOC(=O)CCCCCCC/C=C\CCCCCCCC)CN1CCCN(C)CC1,JW_2024,JW_2024,2
-4.9693866,1.149220077,CCCCCCCC/C=C\CCCCCCCC(=O)OCCCCCC(O)C(CCCCOC(=O)CCCCCCC/C=C\CCCCCCCC)CN1CCCN(C)CC1,JW_2024,JW_2024,1
-5.5350018,0.193838507,CCCCCCCC/C=C\CCCCCCCC(=O)OCCCCCC(O)C(CCCCOC(=O)CCCCCCC/C=C\CCCCCCCC)CN1CCCN(C)CC1,JW_2024,JW_2024,1
-6.0943923,1.941288558,CCCCCCCC/C=C\CCCCCCCC(=O)OCCCCCC(O)C(CCCCOC(=O)CCCCCCC/C=C\CCCCCCCC)CN1CCCN(C)CC1,JW_2024,JW_2024,3
-7.024742,1.181882694,CCCCCCCC/C=C\CCCCCCCC(=O)OCCCCCC(O)C(CCCCOC(=O)CCCCCCC/C=C\CCCCCCCC)CN1CCCN(C)CC1,JW_2024,JW_2024,1
-4.8897743,-0.091959399,CCCCCCCC/C=C\CCCCCCCC(=O)OCCCCCC(O)C(CCCCOC(=O)CCCCCCC/C=C\CCCCCCCC)CN1CCCN(C)CC1,JW_2024,JW_2024,0
-3.2987738,0.569458611,CCCCCCCC/C=C\CCCCCCCC(=O)OCCCCCC(O)C(CCCCOC(=O)CCCCCCC/C=C\CCCCCCCC)CN1CCCN(C)CC1,JW_2024,JW_2024,1
-7.0761046,1.149220077,CCCCCCCC/C=C\CCCCCCCC(=O)OCCCCCC(O)C(CCCCOC(=O)CCCCCCC/C=C\CCCCCCCC)CN1CCCN(C)CC1,JW_2024,JW_2024,1
-6.786969,1.034900914,CCCCCCCC/C=C\CCCCCCCC(=O)OCCCCCC(O)C(CCCCOC(=O)CCCCCCC/C=C\CCCCCCCC)CNCCN1CCCCC1,JW_2024,JW_2024,1
-8.396054,1.279870548,CCCCCCCC/C=C\CCCCCCCC(=O)OCCCCCC(O)C(CCCCOC(=O)CCCCCCC/C=C\CCCCCCCC)CNCCN1CCCCC1,JW_2024,JW_2024,1
-6.8109627,1.059397878,CCCCCCCC/C=C\CCCCCCCC(=O)OCCCCCC(O)C(CCCCOC(=O)CCCCCCC/C=C\CCCCCCCC)CNCCN1CCCCC1,JW_2024,JW_2024,1
-10.6822605,1.092060496,CCCCCCCC/C=C\CCCCCCCC(=O)OCCCCCC(O)C(CCCCOC(=O)CCCCCCC/C=C\CCCCCCCC)CNCCN1CCCCC1,JW_2024,JW_2024,1
-8.00541,1.353361438,CCCCCCCC/C=C\CCCCCCCC(=O)OCCCCCC(O)C(CCCCOC(=O)CCCCCCC/C=C\CCCCCCCC)CNCCN1CCCCC1,JW_2024,JW_2024,2
-9.276469,1.663656307,CCCCCCCC/C=C\CCCCCCCC(=O)OCCCCCC(O)C(CCCCOC(=O)CCCCCCC/C=C\CCCCCCCC)CNCCN1CCCCC1,JW_2024,JW_2024,2
-6.4177656,0.822593899,CCCCCCCC/C=C\CCCCCCCC(=O)OCCCCCC(O)C(CCCCOC(=O)CCCCCCC/C=C\CCCCCCCC)CNCCN1CCCCC1,JW_2024,JW_2024,1
-7.7532296,1.328864474,CCCCCCCC/C=C\CCCCCCCC(=O)OCCCCCC(O)C(CCCCOC(=O)CCCCCCC/C=C\CCCCCCCC)CNCCN1CCCCC1,JW_2024,JW_2024,2
-9.292729,1.720815888,CCCCCCCC/C=C\CCCCCCCC(=O)OCCCCCC(O)C(CCCCOC(=O)CCCCCCC/C=C\CCCCCCCC)CNCCN1CCCCC1,JW_2024,JW_2024,2
-8.304072,-0.606395629,CCCCCCCC/C=C\CCCCCCCC(=O)OCCCCCC(O)C(CCCCOC(=O)CCCCCCC/C=C\CCCCCCCC)CNCCCn1ccnc1,JW_2024,JW_2024,0
-9.259278,0.422476831,CCCCCCCC/C=C\CCCCCCCC(=O)OCCCCCC(O)C(CCCCOC(=O)CCCCCCC/C=C\CCCCCCCC)CNCCCn1ccnc1,JW_2024,JW_2024,1
-8.783544,0.038691072,CCCCCCCC/C=C\CCCCCCCC(=O)OCCCCCC(O)C(CCCCOC(=O)CCCCCCC/C=C\CCCCCCCC)CNCCCn1ccnc1,JW_2024,JW_2024,1
-12.9725065,-0.042965472,CCCCCCCC/C=C\CCCCCCCC(=O)OCCCCCC(O)C(CCCCOC(=O)CCCCCCC/C=C\CCCCCCCC)CNCCCn1ccnc1,JW_2024,JW_2024,0
-12.009343,0.104016308,CCCCCCCC/C=C\CCCCCCCC(=O)OCCCCCC(O)C(CCCCOC(=O)CCCCCCC/C=C\CCCCCCCC)CNCCCn1ccnc1,JW_2024,JW_2024,1
-12.974823,0.120347617,CCCCCCCC/C=C\CCCCCCCC(=O)OCCCCCC(O)C(CCCCOC(=O)CCCCCCC/C=C\CCCCCCCC)CNCCCn1ccnc1,JW_2024,JW_2024,1
-9.036644,0.283660706,CCCCCCCC/C=C\CCCCCCCC(=O)OCCCCCC(O)C(CCCCOC(=O)CCCCCCC/C=C\CCCCCCCC)CNCCCn1ccnc1,JW_2024,JW_2024,1
-8.743722,0.455139449,CCCCCCCC/C=C\CCCCCCCC(=O)OCCCCCC(O)C(CCCCOC(=O)CCCCCCC/C=C\CCCCCCCC)CNCCCn1ccnc1,JW_2024,JW_2024,1
-12.855737,0.830759553,CCCCCCCC/C=C\CCCCCCCC(=O)OCCCCCC(O)C(CCCCOC(=O)CCCCCCC/C=C\CCCCCCCC)CNCCCn1ccnc1,JW_2024,JW_2024,1
-8.493784,0.234666779,CCCCCCCC/C=C\CCCCCCCC(=O)OCCCCCC(O)C(CCCCOC(=O)CCCCCCC/C=C\CCCCCCCC)CNCCO,JW_2024,JW_2024,1
-9.064773,1.149220077,CCCCCCCC/C=C\CCCCCCCC(=O)OCCCCCC(O)C(CCCCOC(=O)CCCCCCC/C=C\CCCCCCCC)CNCCO,JW_2024,JW_2024,1
-7.867461,0.757268663,CCCCCCCC/C=C\CCCCCCCC(=O)OCCCCCC(O)C(CCCCOC(=O)CCCCCCC/C=C\CCCCCCCC)CNCCO,JW_2024,JW_2024,1
-12.480876,0.389814213,CCCCCCCC/C=C\CCCCCCCC(=O)OCCCCCC(O)C(CCCCOC(=O)CCCCCCC/C=C\CCCCCCCC)CNCCO,JW_2024,JW_2024,1
-11.836135,1.369692747,CCCCCCCC/C=C\CCCCCCCC(=O)OCCCCCC(O)C(CCCCOC(=O)CCCCCCC/C=C\CCCCCCCC)CNCCO,JW_2024,JW_2024,2
-11.746349,0.716440391,CCCCCCCC/C=C\CCCCCCCC(=O)OCCCCCC(O)C(CCCCOC(=O)CCCCCCC/C=C\CCCCCCCC)CNCCO,JW_2024,JW_2024,1
-8.419539,0.348985941,CCCCCCCC/C=C\CCCCCCCC(=O)OCCCCCC(O)C(CCCCOC(=O)CCCCCCC/C=C\CCCCCCCC)CNCCO,JW_2024,JW_2024,1
-9.671884,0.463305103,CCCCCCCC/C=C\CCCCCCCC(=O)OCCCCCC(O)C(CCCCOC(=O)CCCCCCC/C=C\CCCCCCCC)CNCCO,JW_2024,JW_2024,1
-12.531081,1.337030129,CCCCCCCC/C=C\CCCCCCCC(=O)OCCCCCC(O)C(CCCCOC(=O)CCCCCCC/C=C\CCCCCCCC)CNCCO,JW_2024,JW_2024,2
-9.500532,-0.941187461,CCCCCCCC/C=C\CCCCCCCC(=O)OCCCCCC(O)C(CCCCOC(=O)CCCCCCC/C=C\CCCCCCCC)CNCCCO,JW_2024,JW_2024,0
-10.028019,1.010403951,CCCCCCCC/C=C\CCCCCCCC(=O)OCCCCCC(O)C(CCCCOC(=O)CCCCCCC/C=C\CCCCCCCC)CNCCCO,JW_2024,JW_2024,1
-8.765622,0.128513271,CCCCCCCC/C=C\CCCCCCCC(=O)OCCCCCC(O)C(CCCCOC(=O)CCCCCCC/C=C\CCCCCCCC)CNCCCO,JW_2024,JW_2024,1
-12.626252,0.757268663,CCCCCCCC/C=C\CCCCCCCC(=O)OCCCCCC(O)C(CCCCOC(=O)CCCCCCC/C=C\CCCCCCCC)CNCCCO,JW_2024,JW_2024,1
-12.077793,1.516674527,CCCCCCCC/C=C\CCCCCCCC(=O)OCCCCCC(O)C(CCCCOC(=O)CCCCCCC/C=C\CCCCCCCC)CNCCCO,JW_2024,JW_2024,2
-11.635781,0.226501125,CCCCCCCC/C=C\CCCCCCCC(=O)OCCCCCC(O)C(CCCCOC(=O)CCCCCCC/C=C\CCCCCCCC)CNCCCO,JW_2024,JW_2024,1
-8.871802,-0.328763378,CCCCCCCC/C=C\CCCCCCCC(=O)OCCCCCC(O)C(CCCCOC(=O)CCCCCCC/C=C\CCCCCCCC)CNCCCO,JW_2024,JW_2024,0
-10.233168,0.079519344,CCCCCCCC/C=C\CCCCCCCC(=O)OCCCCCC(O)C(CCCCOC(=O)CCCCCCC/C=C\CCCCCCCC)CNCCCO,JW_2024,JW_2024,1
-12.156475,0.838925208,CCCCCCCC/C=C\CCCCCCCC(=O)OCCCCCC(O)C(CCCCOC(=O)CCCCCCC/C=C\CCCCCCCC)CNCCCO,JW_2024,JW_2024,1
-4.7426443,-0.165450289,CCCCCCCC/C=C\CCCCCCCC(=O)OCCCCCC(O)C(CCCCOC(=O)CCCCCCC/C=C\CCCCCCCC)CN(C)CCN(C)C,JW_2024,JW_2024,0
-6.389112,1.165551386,CCCCCCCC/C=C\CCCCCCCC(=O)OCCCCCC(O)C(CCCCOC(=O)CCCCCCC/C=C\CCCCCCCC)CN(C)CCN(C)C,JW_2024,JW_2024,1
-4.795234,0.055022381,CCCCCCCC/C=C\CCCCCCCC(=O)OCCCCCC(O)C(CCCCOC(=O)CCCCCCC/C=C\CCCCCCCC)CN(C)CCN(C)C,JW_2024,JW_2024,1
-10.533951,0.030525418,CCCCCCCC/C=C\CCCCCCCC(=O)OCCCCCC(O)C(CCCCOC(=O)CCCCCCC/C=C\CCCCCCCC)CN(C)CCN(C)C,JW_2024,JW_2024,1
-8.399335,0.348985941,CCCCCCCC/C=C\CCCCCCCC(=O)OCCCCCC(O)C(CCCCOC(=O)CCCCCCC/C=C\CCCCCCCC)CN(C)CCN(C)C,JW_2024,JW_2024,1
-9.112706,0.373482905,CCCCCCCC/C=C\CCCCCCCC(=O)OCCCCCC(O)C(CCCCOC(=O)CCCCCCC/C=C\CCCCCCCC)CN(C)CCN(C)C,JW_2024,JW_2024,1
-4.517396,-0.312432069,CCCCCCCC/C=C\CCCCCCCC(=O)OCCCCCC(O)C(CCCCOC(=O)CCCCCCC/C=C\CCCCCCCC)CN(C)CCN(C)C,JW_2024,JW_2024,0
-5.4600544,0.749103009,CCCCCCCC/C=C\CCCCCCCC(=O)OCCCCCC(O)C(CCCCOC(=O)CCCCCCC/C=C\CCCCCCCC)CN(C)CCN(C)C,JW_2024,JW_2024,1
-9.029771,0.561292957,CCCCCCCC/C=C\CCCCCCCC(=O)OCCCCCC(O)C(CCCCOC(=O)CCCCCCC/C=C\CCCCCCCC)CN(C)CCN(C)C,JW_2024,JW_2024,1
-6.6218343,0.414311177,CCCCCCCC/C=C\CCCCCCCC(=O)OCCCCCC(O)C(CCCCOC(=O)CCCCCCC/C=C\CCCCCCCC)CNCCCN(CCCC)CCCC,JW_2024,JW_2024,1
-7.770745,0.716440391,CCCCCCCC/C=C\CCCCCCCC(=O)OCCCCCC(O)C(CCCCOC(=O)CCCCCCC/C=C\CCCCCCCC)CNCCCN(CCCC)CCCC,JW_2024,JW_2024,1
-6.8514524,0.724606046,CCCCCCCC/C=C\CCCCCCCC(=O)OCCCCCC(O)C(CCCCOC(=O)CCCCCCC/C=C\CCCCCCCC)CNCCCN(CCCC)CCCC,JW_2024,JW_2024,1
-10.079863,0.120347617,CCCCCCCC/C=C\CCCCCCCC(=O)OCCCCCC(O)C(CCCCOC(=O)CCCCCCC/C=C\CCCCCCCC)CNCCCN(CCCC)CCCC,JW_2024,JW_2024,1
-8.471624,1.092060496,CCCCCCCC/C=C\CCCCCCCC(=O)OCCCCCC(O)C(CCCCOC(=O)CCCCCCC/C=C\CCCCCCCC)CNCCCN(CCCC)CCCC,JW_2024,JW_2024,1
-8.995308,0.95324437,CCCCCCCC/C=C\CCCCCCCC(=O)OCCCCCC(O)C(CCCCOC(=O)CCCCCCC/C=C\CCCCCCCC)CNCCCN(CCCC)CCCC,JW_2024,JW_2024,1
-6.4465737,0.798096936,CCCCCCCC/C=C\CCCCCCCC(=O)OCCCCCC(O)C(CCCCOC(=O)CCCCCCC/C=C\CCCCCCCC)CNCCCN(CCCC)CCCC,JW_2024,JW_2024,1
-6.8032103,0.430642486,CCCCCCCC/C=C\CCCCCCCC(=O)OCCCCCC(O)C(CCCCOC(=O)CCCCCCC/C=C\CCCCCCCC)CNCCCN(CCCC)CCCC,JW_2024,JW_2024,1
-9.351882,1.484011909,CCCCCCCC/C=C\CCCCCCCC(=O)OCCCCCC(O)C(CCCCOC(=O)CCCCCCC/C=C\CCCCCCCC)CNCCCN(CCCC)CCCC,JW_2024,JW_2024,2
-8.064147,1.149220077,CCCCCCCC/C=C\CCCCCCCC(=O)OCCCCCC(O)C(CCCCOC(=O)CCCCCCC/C=C\CCCCCCCC)CNCCN1CCOCC1,JW_2024,JW_2024,1
-9.602965,1.304367511,CCCCCCCC/C=C\CCCCCCCC(=O)OCCCCCC(O)C(CCCCOC(=O)CCCCCCC/C=C\CCCCCCCC)CNCCN1CCOCC1,JW_2024,JW_2024,1
-7.506239,0.634783847,CCCCCCCC/C=C\CCCCCCCC(=O)OCCCCCC(O)C(CCCCOC(=O)CCCCCCC/C=C\CCCCCCCC)CNCCN1CCOCC1,JW_2024,JW_2024,1
-12.73884,0.610286883,CCCCCCCC/C=C\CCCCCCCC(=O)OCCCCCC(O)C(CCCCOC(=O)CCCCCCC/C=C\CCCCCCCC)CNCCN1CCOCC1,JW_2024,JW_2024,1
-10.3896055,1.288036202,CCCCCCCC/C=C\CCCCCCCC(=O)OCCCCCC(O)C(CCCCOC(=O)CCCCCCC/C=C\CCCCCCCC)CNCCN1CCOCC1,JW_2024,JW_2024,1
-10.985489,0.781765627,CCCCCCCC/C=C\CCCCCCCC(=O)OCCCCCC(O)C(CCCCOC(=O)CCCCCCC/C=C\CCCCCCCC)CNCCN1CCOCC1,JW_2024,JW_2024,1
-7.8592105,-0.402254268,CCCCCCCC/C=C\CCCCCCCC(=O)OCCCCCC(O)C(CCCCOC(=O)CCCCCCC/C=C\CCCCCCCC)CNCCN1CCOCC1,JW_2024,JW_2024,0
-9.063793,1.124723113,CCCCCCCC/C=C\CCCCCCCC(=O)OCCCCCC(O)C(CCCCOC(=O)CCCCCCC/C=C\CCCCCCCC)CNCCN1CCOCC1,JW_2024,JW_2024,1
-11.412476,1.459514945,CCCCCCCC/C=C\CCCCCCCC(=O)OCCCCCC(O)C(CCCCOC(=O)CCCCCCC/C=C\CCCCCCCC)CNCCN1CCOCC1,JW_2024,JW_2024,2
-7.3047595,-0.66355521,CCCCCCCC/C=C\CCCCCCCC(=O)OCCCCCC(O)C(CCCCOC(=O)CCCCCCC/C=C\CCCCCCCC)CNCCN1CCCC1,JW_2024,JW_2024,0
-8.022684,1.337030129,CCCCCCCC/C=C\CCCCCCCC(=O)OCCCCCC(O)C(CCCCOC(=O)CCCCCCC/C=C\CCCCCCCC)CNCCN1CCCC1,JW_2024,JW_2024,2
-6.7813425,0.569458611,CCCCCCCC/C=C\CCCCCCCC(=O)OCCCCCC(O)C(CCCCOC(=O)CCCCCCC/C=C\CCCCCCCC)CNCCN1CCCC1,JW_2024,JW_2024,1
-10.46879,0.495967721,CCCCCCCC/C=C\CCCCCCCC(=O)OCCCCCC(O)C(CCCCOC(=O)CCCCCCC/C=C\CCCCCCCC)CNCCN1CCCC1,JW_2024,JW_2024,1
-8.51847,1.328864474,CCCCCCCC/C=C\CCCCCCCC(=O)OCCCCCC(O)C(CCCCOC(=O)CCCCCCC/C=C\CCCCCCCC)CNCCN1CCCC1,JW_2024,JW_2024,2
-9.373641,0.602121229,CCCCCCCC/C=C\CCCCCCCC(=O)OCCCCCC(O)C(CCCCOC(=O)CCCCCCC/C=C\CCCCCCCC)CNCCN1CCCC1,JW_2024,JW_2024,1
-6.7352204,-0.263438142,CCCCCCCC/C=C\CCCCCCCC(=O)OCCCCCC(O)C(CCCCOC(=O)CCCCCCC/C=C\CCCCCCCC)CNCCN1CCCC1,JW_2024,JW_2024,0
-7.1669335,1.059397878,CCCCCCCC/C=C\CCCCCCCC(=O)OCCCCCC(O)C(CCCCOC(=O)CCCCCCC/C=C\CCCCCCCC)CNCCN1CCCC1,JW_2024,JW_2024,1
-9.634813,1.083894841,CCCCCCCC/C=C\CCCCCCCC(=O)OCCCCCC(O)C(CCCCOC(=O)CCCCCCC/C=C\CCCCCCCC)CNCCN1CCCC1,JW_2024,JW_2024,1
-3.6240401,-0.379479363,CCCCCCCC/C=C\CCCCCCCC(=O)OCCCCCCN(C)CCOC(=O)OCCN(C)CCCCCC(=O)OC(CCCCCCCC)CCCCCCCC,JW_2024,JW_2024,0
-5.161994,-0.188865529,CCCCCCCC/C=C\CCCCCCCC(=O)OCCCCCCN(C)CCOC(=O)OCCN(C)CCCCCC(=O)OC(CCCCCCCC)CCCCCCCC,JW_2024,JW_2024,0
-3.4275877,0.977691136,CCCCCCCC/C=C\CCCCCCCC(=O)OCCCCCCN(C)CCOC(=O)OCCN(C)CCCCCC(=O)OC(CCCCCCCC)CCCCCCCC,JW_2024,JW_2024,1
-8.299756,-0.265111062,CCCCCCCC/C=C\CCCCCCCC(=O)OCCCCCCN(C)CCOC(=O)OCCN(C)CCCCCC(=O)OC(CCCCCCCC)CCCCCCCC,JW_2024,JW_2024,0
-6.3056107,-0.249861956,CCCCCCCC/C=C\CCCCCCCC(=O)OCCCCCCN(C)CCOC(=O)OCCN(C)CCCCCC(=O)OC(CCCCCCCC)CCCCCCCC,JW_2024,JW_2024,0
-6.755805,-0.470974003,CCCCCCCC/C=C\CCCCCCCC(=O)OCCCCCCN(C)CCOC(=O)OCCN(C)CCCCCC(=O)OC(CCCCCCCC)CCCCCCCC,JW_2024,JW_2024,0
-3.3911128,-0.173616422,CCCCCCCC/C=C\CCCCCCCC(=O)OCCCCCCN(C)CCOC(=O)OCCN(C)CCCCCC(=O)OC(CCCCCCCC)CCCCCCCC,JW_2024,JW_2024,0
-3.441781,-0.44047579,CCCCCCCC/C=C\CCCCCCCC(=O)OCCCCCCN(C)CCOC(=O)OCCN(C)CCCCCC(=O)OC(CCCCCCCC)CCCCCCCC,JW_2024,JW_2024,0
-7.4980655,-0.211739189,CCCCCCCC/C=C\CCCCCCCC(=O)OCCCCCCN(C)CCOC(=O)OCCN(C)CCCCCC(=O)OC(CCCCCCCC)CCCCCCCC,JW_2024,JW_2024,0
-3.861928,-1.286801213,CCCCCCCCCCCCCCCCCC(=O)OCCCCCCN(C)CCOC(=O)OCCN(C)CCCCCCOC(=O)CCCCCCCCCCCCCCCCC,JW_2024,JW_2024,0
-5.057845,-0.470974003,CCCCCCCCCCCCCCCCCC(=O)OCCCCCCN(C)CCOC(=O)OCCN(C)CCCCCCOC(=O)CCCCCCCCCCCCCCCCC,JW_2024,JW_2024,0
-4.758859,-0.478598557,CCCCCCCCCCCCCCCCCC(=O)OCCCCCCN(C)CCOC(=O)OCCN(C)CCCCCCOC(=O)CCCCCCCCCCCCCCCCC,JW_2024,JW_2024,0
-8.251615,-0.44047579,CCCCCCCCCCCCCCCCCC(=O)OCCCCCCN(C)CCOC(=O)OCCN(C)CCCCCCOC(=O)CCCCCCCCCCCCCCCCC,JW_2024,JW_2024,0
-7.035853,-0.188865529,CCCCCCCCCCCCCCCCCC(=O)OCCCCCCN(C)CCOC(=O)OCCN(C)CCCCCCOC(=O)CCCCCCCCCCCCCCCCC,JW_2024,JW_2024,0
-8.024327,-0.425226683,CCCCCCCCCCCCCCCCCC(=O)OCCCCCCN(C)CCOC(=O)OCCN(C)CCCCCCOC(=O)CCCCCCCCCCCCCCCCC,JW_2024,JW_2024,0
-5.132731,-0.165991869,CCCCCCCCCCCCCCCCCC(=O)OCCCCCCN(C)CCOC(=O)OCCN(C)CCCCCCOC(=O)CCCCCCCCCCCCCCCCC,JW_2024,JW_2024,0
-5.21043,-0.867450778,CCCCCCCCCCCCCCCCCC(=O)OCCCCCCN(C)CCOC(=O)OCCN(C)CCCCCCOC(=O)CCCCCCCCCCCCCCCCC,JW_2024,JW_2024,0
-8.001374,0.116116606,CCCCCCCCCCCCCCCCCC(=O)OCCCCCCN(C)CCOC(=O)OCCN(C)CCCCCCOC(=O)CCCCCCCCCCCCCCCCC,JW_2024,JW_2024,1
-6.3375707,-0.943696312,CCCCC/C=C\C/C=C\CCCCCCCC(=O)OCCCCCCN(C)CCOC(=O)OCCN(C)CCCCCCOC(=O)CCCCCCC/C=C\C/C=C\CCCCC,JW_2024,JW_2024,0
-9.211589,-0.234612849,CCCCC/C=C\C/C=C\CCCCCCCC(=O)OCCCCCCN(C)CCOC(=O)OCCN(C)CCCCCCOC(=O)CCCCCCC/C=C\C/C=C\CCCCC,JW_2024,JW_2024,0
-6.4984293,-0.547219537,CCCCC/C=C\C/C=C\CCCCCCCC(=O)OCCCCCCN(C)CCOC(=O)OCCN(C)CCCCCCOC(=O)CCCCCCC/C=C\C/C=C\CCCCC,JW_2024,JW_2024,0
-11.270259,-0.448100343,CCCCC/C=C\C/C=C\CCCCCCCC(=O)OCCCCCCN(C)CCOC(=O)OCCN(C)CCCCCCOC(=O)CCCCCCC/C=C\C/C=C\CCCCC,JW_2024,JW_2024,0
-9.712515,-0.143118209,CCCCC/C=C\C/C=C\CCCCCCCC(=O)OCCCCCCN(C)CCOC(=O)OCCN(C)CCCCCCOC(=O)CCCCCCC/C=C\C/C=C\CCCCC,JW_2024,JW_2024,0
-10.088632,-1.180057466,CCCCC/C=C\C/C=C\CCCCCCCC(=O)OCCCCCCN(C)CCOC(=O)OCCN(C)CCCCCCOC(=O)CCCCCCC/C=C\C/C=C\CCCCC,JW_2024,JW_2024,0
-5.883837,-0.356605703,CCCCC/C=C\C/C=C\CCCCCCCC(=O)OCCCCCCN(C)CCOC(=O)OCCN(C)CCCCCCOC(=O)CCCCCCC/C=C\C/C=C\CCCCC,JW_2024,JW_2024,0
-7.4591007,-0.181240975,CCCCC/C=C\C/C=C\CCCCCCCC(=O)OCCCCCCN(C)CCOC(=O)OCCN(C)CCCCCCOC(=O)CCCCCCC/C=C\C/C=C\CCCCC,JW_2024,JW_2024,0
-10.791514,0.001748305,CCCCC/C=C\C/C=C\CCCCCCCC(=O)OCCCCCCN(C)CCOC(=O)OCCN(C)CCCCCCOC(=O)CCCCCCC/C=C\C/C=C\CCCCC,JW_2024,JW_2024,0
-3.4170449,-1.096187379,CCCCCCCCCCCCCCCCCC(=O)OCCCCCCN(C)CCOC(=O)OCCN(C)CCCCCC(=O)OC(CCCCCCCC)CCCCCCCC,JW_2024,JW_2024,0
-4.968458,-0.097370888,CCCCCCCCCCCCCCCCCC(=O)OCCCCCCN(C)CCOC(=O)OCCN(C)CCCCCC(=O)OC(CCCCCCCC)CCCCCCCC,JW_2024,JW_2024,0
-4.615884,0.138990266,CCCCCCCCCCCCCCCCCC(=O)OCCCCCCN(C)CCOC(=O)OCCN(C)CCCCCC(=O)OC(CCCCCCCC)CCCCCCCC,JW_2024,JW_2024,1
-8.658093,-0.188865529,CCCCCCCCCCCCCCCCCC(=O)OCCCCCCN(C)CCOC(=O)OCCN(C)CCCCCC(=O)OC(CCCCCCCC)CCCCCCCC,JW_2024,JW_2024,0
-7.8165264,-0.196490082,CCCCCCCCCCCCCCCCCC(=O)OCCCCCCN(C)CCOC(=O)OCCN(C)CCCCCC(=O)OC(CCCCCCCC)CCCCCCCC,JW_2024,JW_2024,0
-8.662553,-0.699710604,CCCCCCCCCCCCCCCCCC(=O)OCCCCCCN(C)CCOC(=O)OCCN(C)CCCCCC(=O)OC(CCCCCCCC)CCCCCCCC,JW_2024,JW_2024,0
-4.684295,-0.859826225,CCCCCCCCCCCCCCCCCC(=O)OCCCCCCN(C)CCOC(=O)OCCN(C)CCCCCC(=O)OC(CCCCCCCC)CCCCCCCC,JW_2024,JW_2024,0
-3.7982993,-0.196490082,CCCCCCCCCCCCCCCCCC(=O)OCCCCCCN(C)CCOC(=O)OCCN(C)CCCCCC(=O)OC(CCCCCCCC)CCCCCCCC,JW_2024,JW_2024,0
-8.671637,-0.249861956,CCCCCCCCCCCCCCCCCC(=O)OCCCCCCN(C)CCOC(=O)OCCN(C)CCCCCC(=O)OC(CCCCCCCC)CCCCCCCC,JW_2024,JW_2024,0
-8.414126,-0.941187461,CCCCC/C=C\C/C=C\CCCCCCCC(=O)OCCCCCC(O)C(CCCCOC(=O)CCCCCCC/C=C\C/C=C\CCCCC)CN(C)CCCNC,JW_2024,JW_2024,0
-12.647098,-0.475745158,CCCCC/C=C\C/C=C\CCCCCCCC(=O)OCCCCCC(O)C(CCCCOC(=O)CCCCCCC/C=C\C/C=C\CCCCC)CN(C)CCCNC,JW_2024,JW_2024,0
-9.97072,-0.483910812,CCCCC/C=C\C/C=C\CCCCCCCC(=O)OCCCCCC(O)C(CCCCOC(=O)CCCCCCC/C=C\C/C=C\CCCCC)CNCCN1CCOCC1,JW_2024,JW_2024,0
-13.727553,1.255373584,CCCCC/C=C\C/C=C\CCCCCCCC(=O)OCCCCCC(O)C(CCCCOC(=O)CCCCCCC/C=C\C/C=C\CCCCC)CNCCN1CCOCC1,JW_2024,JW_2024,1
-11.263973,0.683777773,CCCCC/C=C\C/C=C\CCCCCCCC(=O)OCCCCCC(O)C(CCCCOC(=O)CCCCCCC/C=C\C/C=C\CCCCC)CNCCN1CCCC1,JW_2024,JW_2024,1
-14.410195,0.838925208,CCCCC/C=C\C/C=C\CCCCCCCC(=O)OCCCCCC(O)C(CCCCOC(=O)CCCCCCC/C=C\C/C=C\CCCCC)CNCCN1CCCC1,JW_2024,JW_2024,1
-8.029707,-0.173615943,CCCCC/C=C\C/C=C\CCCCCCCC(=O)OCCCCCC(O)C(CCCCOC(=O)CCCCCCC/C=C\C/C=C\CCCCC)CN(C)CCN(C)C,JW_2024,JW_2024,0
-9.969429,0.863422171,CCCCC/C=C\C/C=C\CCCCCCCC(=O)OCCCCCC(O)C(CCCCOC(=O)CCCCCCC/C=C\C/C=C\CCCCC)CN(C)CCN(C)C,JW_2024,JW_2024,1
-7.74852,-0.067462436,CCCCC/C=C\C/C=C\CCCCCCCC(=O)OCCCCCC(O)C(CCCCOC(=O)CCCCCCC/C=C\C/C=C\CCCCC)CNCCCn1ccnc1,JW_2024,JW_2024,0
-11.117109,0.283660706,CCCCC/C=C\C/C=C\CCCCCCCC(=O)OCCCCCC(O)C(CCCCOC(=O)CCCCCCC/C=C\C/C=C\CCCCC)CNCCCn1ccnc1,JW_2024,JW_2024,1
-7.40404,1.018569606,CCCCC/C=C\C/C=C\CCCCCCCC(=O)OCCCCCC(O)C(CCCCOC(=O)CCCCCCC/C=C\C/C=C\CCCCC)CNCCN(C)CCNCC(CCCCOC(=O)CCCCCCC/C=C\C/C=C\CCCCC)C(O)CCCCCOC(=O)CCCCCCC/C=C\C/C=C\CCCCC,JW_2024,JW_2024,1
-8.238383,1.516674527,CCCCC/C=C\C/C=C\CCCCCCCC(=O)OCCCCCC(O)C(CCCCOC(=O)CCCCCCC/C=C\C/C=C\CCCCC)CNCCN(C)CCNCC(CCCCOC(=O)CCCCCCC/C=C\C/C=C\CCCCC)C(O)CCCCCOC(=O)CCCCCCC/C=C\C/C=C\CCCCC,JW_2024,JW_2024,2
-8.993987,-0.385922959,CCCCC/C=C\C/C=C\CCCCCCCC(=O)OCCCCCC(O)C(CCCCOC(=O)CCCCCCC/C=C\C/C=C\CCCCC)CNCCCN(C)C,JW_2024,JW_2024,0
-11.785619,-0.255272488,CCCCC/C=C\C/C=C\CCCCCCCC(=O)OCCCCCC(O)C(CCCCOC(=O)CCCCCCC/C=C\C/C=C\CCCCC)CNCCCN(C)C,JW_2024,JW_2024,0
-6.6151733,-0.459413849,CCCCC/C=C\C/C=C\CCCCCCCC(=O)OCCCCCC(O)C(CCCCOC(=O)CCCCCCC/C=C\C/C=C\CCCCC)CNCCN1CCN(C)CC1,JW_2024,JW_2024,0
-10.85234,-0.483910812,CCCCC/C=C\C/C=C\CCCCCCCC(=O)OCCCCCC(O)C(CCCCOC(=O)CCCCCCC/C=C\C/C=C\CCCCC)CNCCN1CCN(C)CC1,JW_2024,JW_2024,0
-7.3475714,-0.7370461,CCCCC/C=C\C/C=C\CCCCCCCC(=O)OCCCCCC(O)C(CCCCOC(=O)CCCCCCC/C=C\C/C=C\CCCCC)CN1CCCN(C)CC1,JW_2024,JW_2024,0
-11.609377,-0.214444216,CCCCC/C=C\C/C=C\CCCCCCCC(=O)OCCCCCC(O)C(CCCCOC(=O)CCCCCCC/C=C\C/C=C\CCCCC)CN1CCCN(C)CC1,JW_2024,JW_2024,0
-8.914082,-0.385922959,CCCCC/C=C\C/C=C\CCCCCCCC(=O)OCCCCCC(O)C(CCCCOC(=O)CCCCCCC/C=C\C/C=C\CCCCC)CNCCCN1CCCCC1CC,JW_2024,JW_2024,0
-12.126987,0.046856727,CCCCC/C=C\C/C=C\CCCCCCCC(=O)OCCCCCC(O)C(CCCCOC(=O)CCCCCCC/C=C\C/C=C\CCCCC)CNCCCN1CCCCC1CC,JW_2024,JW_2024,1
-8.853754,-1.210654058,CCCCC/C=C\C/C=C\CCCCCCCC(=O)OCCCCCC(O)C(CCCCOC(=O)CCCCCCC/C=C\C/C=C\CCCCC)CNCCN1CCCCC1,JW_2024,JW_2024,0
-12.612179,-1.145328822,CCCCC/C=C\C/C=C\CCCCCCCC(=O)OCCCCCC(O)C(CCCCOC(=O)CCCCCCC/C=C\C/C=C\CCCCC)CNCCN1CCCCC1,JW_2024,JW_2024,0
-8.4219,1.092060496,CCCCC/C=C\C/C=C\CCCCCCCC(=O)OCCCCCC(O)C(CCCCOC(=O)CCCCCCC/C=C\C/C=C\CCCCC)CNCCNCCN1CCN(CCNCC(CCCCOC(=O)CCCCCCC/C=C\C/C=C\CCCCC)C(O)CCCCCOC(=O)CCCCCCC/C=C\C/C=C\CCCCC)CC1,JW_2024,JW_2024,1
-9.141856,1.10022615,CCCCC/C=C\C/C=C\CCCCCCCC(=O)OCCCCCC(O)C(CCCCOC(=O)CCCCCCC/C=C\C/C=C\CCCCC)CNCCNCCN1CCN(CCNCC(CCCCOC(=O)CCCCCCC/C=C\C/C=C\CCCCC)C(O)CCCCCOC(=O)CCCCCCC/C=C\C/C=C\CCCCC)CC1,JW_2024,JW_2024,1
-7.229217,-0.769708718,CCCCC/C=C\C/C=C\CCCCCCCC(=O)OCCCCCC(O)C(CCCCOC(=O)CCCCCCC/C=C\C/C=C\CCCCC)CN1CCN(CC(CCCCOC(=O)CCCCCCC/C=C\C/C=C\CCCCC)C(O)CCCCCOC(=O)CCCCCCC/C=C\C/C=C\CCCCC)CC1,JW_2024,JW_2024,0
-8.689899,-0.304266414,CCCCC/C=C\C/C=C\CCCCCCCC(=O)OCCCCCC(O)C(CCCCOC(=O)CCCCCCC/C=C\C/C=C\CCCCC)CN1CCN(CC(CCCCOC(=O)CCCCCCC/C=C\C/C=C\CCCCC)C(O)CCCCCOC(=O)CCCCCCC/C=C\C/C=C\CCCCC)CC1,JW_2024,JW_2024,0
-8.965497,0.561292957,CCCCC/C=C\C/C=C\CCCCCCCC(=O)OCCCCCC(O)C(CCCCOC(=O)CCCCCCC/C=C\C/C=C\CCCCC)CNCCCN(CCCC)CCCC,JW_2024,JW_2024,1
-12.180953,1.598331071,CCCCC/C=C\C/C=C\CCCCCCCC(=O)OCCCCCC(O)C(CCCCOC(=O)CCCCCCC/C=C\C/C=C\CCCCC)CNCCCN(CCCC)CCCC,JW_2024,JW_2024,2
-9.143169,0.202004161,CCCCC/C=C\C/C=C\CCCCCCCC(=O)OCCCCCC(O)C(CCCCOC(=O)CCCCCCC/C=C\C/C=C\CCCCC)CNCCCN(CCO)CCO,JW_2024,JW_2024,1
-12.69398,0.128513271,CCCCC/C=C\C/C=C\CCCCCCCC(=O)OCCCCCC(O)C(CCCCOC(=O)CCCCCCC/C=C\C/C=C\CCCCC)CNCCCN(CCO)CCO,JW_2024,JW_2024,1
-7.185816,0.299992015,CCCCC/C=C\C/C=C\CCCCCCCC(=O)OCCCCCC(O)C(CCCCOC(=O)CCCCCCC/C=C\C/C=C\CCCCC)CNCCCNCC(CCCCOC(=O)CCCCCCC/C=C\C/C=C\CCCCC)C(O)CCCCCOC(=O)CCCCCCC/C=C\C/C=C\CCCCC,JW_2024,JW_2024,1
-7.949521,0.781765627,CCCCC/C=C\C/C=C\CCCCCCCC(=O)OCCCCCC(O)C(CCCCOC(=O)CCCCCCC/C=C\C/C=C\CCCCC)CNCCCNCC(CCCCOC(=O)CCCCCCC/C=C\C/C=C\CCCCC)C(O)CCCCCOC(=O)CCCCCCC/C=C\C/C=C\CCCCC,JW_2024,JW_2024,1
-8.929907,-1.284144948,CCCCC/C=C\C/C=C\CCCCCCCC(=O)OCCCCCC(O)C(CCCCOC(=O)CCCCCCC/C=C\C/C=C\CCCCC)CN(C)CCCN(C)CC(CCCCOC(=O)CCCCCCC/C=C\C/C=C\CCCCC)C(O)CCCCCOC(=O)CCCCCCC/C=C\C/C=C\CCCCC,JW_2024,JW_2024,0
-9.495567,-0.908524843,CCCCC/C=C\C/C=C\CCCCCCCC(=O)OCCCCCC(O)C(CCCCOC(=O)CCCCCCC/C=C\C/C=C\CCCCC)CN(C)CCCN(C)CC(CCCCOC(=O)CCCCCCC/C=C\C/C=C\CCCCC)C(O)CCCCCOC(=O)CCCCCCC/C=C\C/C=C\CCCCC,JW_2024,JW_2024,0
-10.090658,-0.532904739,CCCCCCCC/C=C\CCCCCCCC(=O)OCCCCCC(O)C(CCCCOC(=O)CCCCCCC/C=C\CCCCCCCC)CNCCNCCN1CCN(CCNCC(CCCCOC(=O)CCCCCCC/C=C\CCCCCCCC)C(O)CCCCCOC(=O)CCCCCCC/C=C\CCCCCCCC)CC1,JW_2024,JW_2024,0
-9.160663,-0.091959399,CCCCCCCC/C=C\CCCCCCCC(=O)OCCCCCC(O)C(CCCCOC(=O)CCCCCCC/C=C\CCCCCCCC)CNCCNCCN1CCN(CCNCC(CCCCOC(=O)CCCCCCC/C=C\CCCCCCCC)C(O)CCCCCOC(=O)CCCCCCC/C=C\CCCCCCCC)CC1,JW_2024,JW_2024,0
-10.895619,1.622828034,CCCCCCCC/C=C\CCCCCCCC(=O)OCCCCCC(O)C(CCCCOC(=O)CCCCCCC/C=C\CCCCCCCC)CNCCN(C)CCNCC(CCCCOC(=O)CCCCCCC/C=C\CCCCCCCC)C(O)CCCCCOC(=O)CCCCCCC/C=C\CCCCCCCC,JW_2024,JW_2024,2
-10.321703,1.590165417,CCCCCCCC/C=C\CCCCCCCC(=O)OCCCCCC(O)C(CCCCOC(=O)CCCCCCC/C=C\CCCCCCCC)CNCCN(C)CCNCC(CCCCOC(=O)CCCCCCC/C=C\CCCCCCCC)C(O)CCCCCOC(=O)CCCCCCC/C=C\CCCCCCCC,JW_2024,JW_2024,2
-5.1833954,-0.532904739,CCCCCCCC/C=C\CCCCCCCC(=O)OCCCCCC(O)C(CCCCOC(=O)CCCCCCC/C=C\CCCCCCCC)CNCCN1CCN(C)CC1,JW_2024,JW_2024,0
-8.292706,-0.44308254,CCCCCCCC/C=C\CCCCCCCC(=O)OCCCCCC(O)C(CCCCOC(=O)CCCCCCC/C=C\CCCCCCCC)CNCCN1CCN(C)CC1,JW_2024,JW_2024,0
-5.394708,-0.042965472,CCCCCCCC/C=C\CCCCCCCC(=O)OCCCCCC(O)C(CCCCOC(=O)CCCCCCC/C=C\CCCCCCCC)CNCCCN(CCO)CCO,JW_2024,JW_2024,0
-9.132674,0.51229903,CCCCCCCC/C=C\CCCCCCCC(=O)OCCCCCC(O)C(CCCCOC(=O)CCCCCCC/C=C\CCCCCCCC)CNCCCN(CCO)CCO,JW_2024,JW_2024,1
-7.57134,1.610606694,CCCCCCC(C/C=C\CCCCCCCCOC(=O)CCN(CCC(=O)OCCCCCCCC/C=C\CC(CCCCCC)OC(=O)CCCC1CCCCC1)CCN1CCCC1)OC(=O)CCCC1CCCCC1,JW_2024,JW_2024,2
-7.5233545,1.25980659,CCCCCCCCCCCC(=O)OC(C/C=C\CCCCCCCCOC(=O)CCN(CCC(=O)OCCCCCCCC/C=C\CC(CCCCCC)OC(=O)CCCCCCCCCCC)CCN1CCCC1)CCCCCC,JW_2024,JW_2024,1
-3.6707802,0.774083369,CCCCCCCCC(CCCCCC)C(=O)OC(C/C=C\CCCCCCCCOC(=O)CCN(CCCN(CC)CC)CCC(=O)OCCCCCCCC/C=C\CC(CCCCCC)OC(=O)C(CCCCCC)CCCCCCCC)CCCCCC,JW_2024,JW_2024,1
-6.0328894,1.016944979,CCCCC/C=C\CCC(=O)OC(C/C=C\CCCCCCCCOC(=O)CCN(CCCN(CC)CC)CCC(=O)OCCCCCCCC/C=C\CC(CCCCCC)OC(=O)CC/C=C\CCCCC)CCCCCC,JW_2024,JW_2024,1
-7.8795657,0.49524226,CCCCCCCC/C=C\CCCCCCCC(=O)OC(C/C=C\CCCCCCCCOC(=O)CCN(CCC(=O)OCCCCCCCC/C=C\CC(CCCCCC)OC(=O)CCCCCCC/C=C\CCCCCCCC)CCc1ccncc1)CCCCCC,JW_2024,JW_2024,1
-7.582497,1.403724582,CCCCCCCC/C=C\CCCCCCCC(=O)OC(C/C=C\CCCCCCCCOC(=O)CCN(CCC(=O)OCCCCCCCC/C=C\CC(CCCCCC)OC(=O)CCCCCCC/C=C\CCCCCCCC)CCN1CCCC1)CCCCCC,JW_2024,JW_2024,2
-4.5537815,0.144442156,CCCCC/C=C\C/C=C\CCCCCCCC(=O)OC(C/C=C\CCCCCCCCOC(=O)CCN(CCC(=O)OCCCCCCCC/C=C\CC(CCCCCC)OC(=O)CCCCCCC/C=C\C/C=C\CCCCC)CCc1ccncc1)CCCCCC,JW_2024,JW_2024,1
-3.5428588,1.466688703,CCCCC/C=C\C/C=C\CCCCCCCC(=O)OC(C/C=C\CCCCCCCCOC(=O)CCN(CCCN(CC)CC)CCC(=O)OCCCCCCCC/C=C\CC(CCCCCC)OC(=O)CCCCCCC/C=C\C/C=C\CCCCC)CCCCCC,JW_2024,JW_2024,2
-6.0328894,1.376739958,CCCCC/C=C\CCC(=O)OC(C/C=C\CCCCCCCCOC(=O)CCN(CCCN(CC)CC)CCC(=O)OCCCCCCCC/C=C\CC(CCCCCC)OC(=O)CC/C=C\CCCCC)CCCCCC,JW_2024,JW_2024,2
-7.4993134,0.07248316,CCCCC/C=C\CCC(=O)OC(C/C=C\CCCCCCCCOC(=O)CCN(CCC(=O)OCCCCCCCC/C=C\CC(CCCCCC)OC(=O)CC/C=C\CCCCC)CCN(CCCC)CCCC)CCCCCC,JW_2024,JW_2024,1
-8.399505,-0.35027594,CCCCCCCC/C=C\CCCCCCCC(=O)OC(C/C=C\CCCCCCCCOC(=O)CCN(CCCN(CCCC)CCCC)CCC(=O)OCCCCCCCC/C=C\CC(CCCCCC)OC(=O)CCCCCCC/C=C\CCCCCCCC)CCCCCC,JW_2024,JW_2024,0
-7.4880795,0.630165377,CCCCC/C=C\C/C=C\CCCCCCCC(=O)OC(C/C=C\CCCCCCCCOC(=O)CCN(CCCN(CCCC)CCCC)CCC(=O)OCCCCCCCC/C=C\CC(CCCCCC)OC(=O)CCCCCCC/C=C\C/C=C\CCCCC)CCCCCC,JW_2024,JW_2024,1
-10.823636,1.016944979,CCCCC/C=C\CCC(=O)OC(C/C=C\CCCCCCCCOC(=O)CCN(C)CCO)CCCCCC,JW_2024,JW_2024,1
-3.2088761,1.322770711,CCCCCCCC/C=C\CCCCCCCCCC(=O)OC(C/C=C\CCCCCCCCOC(=O)CCN(CCCN(CC)CC)CCC(=O)OCCCCCCCC/C=C\CC(CCCCCC)OC(=O)CCCCCCCCC/C=C\CCCCCCCC)CCCCCC,JW_2024,JW_2024,2
-4.403531,0.828052616,CCCCCCCC/C=C\CCCCCCCCCC(=O)OC(C/C=C\CCCCCCCCOC(=O)CCN(CCCN(C)C)CCC(=O)OCCCCCCCC/C=C\CC(CCCCCC)OC(=O)CCCCCCCCC/C=C\CCCCCCCC)CCCCCC,JW_2024,JW_2024,1
-5.7246675,1.872136882,CCCCCCC(C/C=C\CCCCCCCCOC(=O)CCN(CCCN(C)C)CCC(=O)OCCCCCCCC/C=C\CC(CCCCCC)OC(C)=O)OC(C)=O,JW_2024,JW_2024,2
-6.786724,0.918867775,CCCCCCC(C/C=C\CCCCCCCCOC(=O)CCN(CCC(=O)OCCCCCCCC/C=C\CC(CCCCCC)OC(C)=O)CCN(C)C)OC(C)=O,JW_2024,JW_2024,1
-5.908093,0.952051244,CCCCCCC(C/C=C\CCCCCCCCOC(=O)CCN(CCCN(CC)CC)CCC(=O)OCCCCCCCC/C=C\CC(CCCCCC)OC(C)=O)OC(C)=O,JW_2024,JW_2024,1
-5.908093,1.071291553,CCCCCCC(C/C=C\CCCCCCCCOC(=O)CCN(CCCN(CC)CC)CCC(=O)OCCCCCCCC/C=C\CC(CCCCCC)OC(C)=O)OC(C)=O,JW_2024,JW_2024,1
-7.918747,1.494250671,CCCCCCC(C/C=C\CCCCCCCCOC(=O)CCN(CCCN(C)C)CCC(=O)OCCCCCCCC/C=C\CC(CCCCCC)OC(=O)CCC)OC(=O)CCC,JW_2024,JW_2024,2
-5.7356668,1.310216386,CCCCCCC(C/C=C\CCCCCCCCOC(=O)CCN(CCC(=O)OCCCCCCCC/C=C\CC(CCCCCC)OC(=O)CCC)CCN(C)C)OC(=O)CCC,JW_2024,JW_2024,1
-7.394992,1.608387259,CCCCCCC(C/C=C\CCCCCCCCOC(=O)CCN(CCCN(CC)CC)CCC(=O)OCCCCCCCC/C=C\CC(CCCCCC)OC(=O)CCC)OC(=O)CCC,JW_2024,JW_2024,2
-5.632472,1.078562255,CCCCCCC(C/C=C\CCCCCCCCOC(=O)CCN(CCC(=O)OCCCCCCCC/C=C\CC(CCCCCC)OC(=O)CCC)CCN(CC)CC)OC(=O)CCC,JW_2024,JW_2024,1
-8.105606,1.569625684,CCCCCCC(C/C=C\CCCCCCCCOC(=O)CCN(CCCN(C)C)CCC(=O)OCCCCCCCC/C=C\CC(CCCCCC)OC(=O)CCCCC)OC(=O)CCCCC,JW_2024,JW_2024,2
-6.257823,1.589574973,CCCCCCC(C/C=C\CCCCCCCCOC(=O)CCN(CCC(=O)OCCCCCCCC/C=C\CC(CCCCCC)OC(=O)CCCCC)CCN(C)C)OC(=O)CCCCC,JW_2024,JW_2024,2
-7.4171653,1.261675322,CCCCCCC(C/C=C\CCCCCCCCOC(=O)CCN(CCCN(CC)CC)CCC(=O)OCCCCCCCC/C=C\CC(CCCCCC)OC(=O)CCCCC)OC(=O)CCCCC,JW_2024,JW_2024,1
-6.355403,1.172949892,CCCCCCC(C/C=C\CCCCCCCCOC(=O)CCN(CCC(=O)OCCCCCCCC/C=C\CC(CCCCCC)OC(=O)CCCCC)CCN(CC)CC)OC(=O)CCCCC,JW_2024,JW_2024,1
-7.563404,1.667493322,CCCCCCC(=O)OC(C/C=C\CCCCCCCCOC(=O)CCN(CCCN(C)C)CCC(=O)OCCCCCCCC/C=C\CC(CCCCCC)OC(=O)CCCCCC)CCCCCC,JW_2024,JW_2024,2
-6.0899425,1.599086397,CCCCCCC(=O)OC(C/C=C\CCCCCCCCOC(=O)CCN(CCC(=O)OCCCCCCCC/C=C\CC(CCCCCC)OC(=O)CCCCCC)CCN(C)C)CCCCCC,JW_2024,JW_2024,2
-6.3854103,1.19472266,CCCCCCC(=O)OC(C/C=C\CCCCCCCCOC(=O)CCN(CCCN(CC)CC)CCC(=O)OCCCCCCCC/C=C\CC(CCCCCC)OC(=O)CCCCCC)CCCCCC,JW_2024,JW_2024,1
-5.11274,1.382945853,CCCCCCC(=O)OC(C/C=C\CCCCCCCCOC(=O)CCN(CCC(=O)OCCCCCCCC/C=C\CC(CCCCCC)OC(=O)CCCCCC)CCN(CC)CC)CCCCCC,JW_2024,JW_2024,2
-7.3601456,1.588362456,CCCCCCCC(=O)OC(C/C=C\CCCCCCCCOC(=O)CCN(CCCN(C)C)CCC(=O)OCCCCCCCC/C=C\CC(CCCCCC)OC(=O)CCCCCCC)CCCCCC,JW_2024,JW_2024,2
-6.311273,1.323703485,CCCCCCCC(=O)OC(C/C=C\CCCCCCCCOC(=O)CCN(CCC(=O)OCCCCCCCC/C=C\CC(CCCCCC)OC(=O)CCCCCCC)CCN(C)C)CCCCCC,JW_2024,JW_2024,2
-7.101063,1.146634303,CCCCCCCC(=O)OC(C/C=C\CCCCCCCCOC(=O)CCN(CCCN(CC)CC)CCC(=O)OCCCCCCCC/C=C\CC(CCCCCC)OC(=O)CCCCCCC)CCCCCC,JW_2024,JW_2024,1
-5.9733005,0.919170858,CCCCCCCC(=O)OC(C/C=C\CCCCCCCCOC(=O)CCN(CCC(=O)OCCCCCCCC/C=C\CC(CCCCCC)OC(=O)CCCCCCC)CCN(CC)CC)CCCCCC,JW_2024,JW_2024,1
-8.236089,0.885355186,CCCCCCCCCC(=O)OC(C/C=C\CCCCCCCCOC(=O)CCN(CCCN(C)C)CCC(=O)OCCCCCCCC/C=C\CC(CCCCCC)OC(=O)CCCCCCCCC)CCCCCC,JW_2024,JW_2024,1
-5.901675,1.18910882,CCCCCCCCCC(=O)OC(C/C=C\CCCCCCCCOC(=O)CCN(CCC(=O)OCCCCCCCC/C=C\CC(CCCCCC)OC(=O)CCCCCCCCC)CCN(C)C)CCCCCC,JW_2024,JW_2024,1
-5.4902472,0.984650117,CCCCCCCCCC(=O)OC(C/C=C\CCCCCCCCOC(=O)CCN(CCCN(CC)CC)CCC(=O)OCCCCCCCC/C=C\CC(CCCCCC)OC(=O)CCCCCCCCC)CCCCCC,JW_2024,JW_2024,1
-4.832529,1.394729707,CCCCCCCCCC(=O)OC(C/C=C\CCCCCCCCOC(=O)CCN(CCC(=O)OCCCCCCCC/C=C\CC(CCCCCC)OC(=O)CCCCCCCCC)CCN(CC)CC)CCCCCC,JW_2024,JW_2024,2
-4.3819346,1.543275787,CCCCC/C=C\C/C=C\CCCCCCCC(=O)OC(C/C=C\CCCCCCCCOC(=O)CCN(CCCN(C)C)CCC(=O)OCCCCCCCC/C=C\CC(CCCCCC)OC(=O)CCCCCCC/C=C\C/C=C\CCCCC)CCCCCC,JW_2024,JW_2024,2
-3.3324063,1.780616601,CCCCC/C=C\C/C=C\CCCCCCCC(=O)OC(C/C=C\CCCCCCCCOC(=O)CCN(CCC(=O)OCCCCCCCC/C=C\CC(CCCCCC)OC(=O)CCCCCCC/C=C\C/C=C\CCCCC)CCN(C)C)CCCCCC,JW_2024,JW_2024,2
-3.5428588,1.228063481,CCCCC/C=C\C/C=C\CCCCCCCC(=O)OC(C/C=C\CCCCCCCCOC(=O)CCN(CCCN(CC)CC)CCC(=O)OCCCCCCCC/C=C\CC(CCCCCC)OC(=O)CCCCCCC/C=C\C/C=C\CCCCC)CCCCCC,JW_2024,JW_2024,1
-3.700129,0.873026988,CCCCC/C=C\C/C=C\CCCCCCCC(=O)OC(C/C=C\CCCCCCCCOC(=O)CCN(CCC(=O)OCCCCCCCC/C=C\CC(CCCCCC)OC(=O)CCCCCCC/C=C\C/C=C\CCCCC)CCN(CC)CC)CCCCCC,JW_2024,JW_2024,1
-6.74587,0.144442156,CCCCC/C=C\CCC(=O)OC(C/C=C\CCCCCCCCOC(=O)CCN(CCCCN(C)C)CCC(=O)OCCCCCCCC/C=C\CC(CCCCCC)OC(=O)CC/C=C\CCCCC)CCCCCC,JW_2024,JW_2024,1
-3.2408254,-0.494193931,CCCCCCCC/C=C\CCCCCCCC(=O)OC(C/C=C\CCCCCCCCOC(=O)CCN(CCCN(CC)CC)CCC(=O)OCCCCCCCC/C=C\CC(CCCCCC)OC(=O)CCCCCCC/C=C\CCCCCCCC)CCCCCC,JW_2024,JW_2024,0
-11.657574,-0.200149607,CCCCCCCCCC(=O)OCCCCCC(O)C(CCCCOC(=O)CCCCCCCCC)CN(C)CCCn1cccn1,JW_2024,JW_2024,0
-10.97384,0.140562366,CCCCCCCCCCC(=O)OCCCCCC(O)C(CCCCOC(=O)CCCCCCCCCC)CN(C)CCCn1cccn1,JW_2024,JW_2024,1
-10.274307,1.063890387,CCCCCCCCCCCC(=O)OCCCCCC(O)C(CCCCOC(=O)CCCCCCCCCCC)CN(C)CCCn1cccn1,JW_2024,JW_2024,1
-10.422146,1.054593913,CCCCCCCCCCCCC(=O)OCCCCCC(O)C(CCCCOC(=O)CCCCCCCCCCCC)CN(C)CCCn1cccn1,JW_2024,JW_2024,1
-9.404753,-0.521079974,CCCCCCCCCCCCCC(=O)OCCCCCC(O)C(CCCCOC(=O)CCCCCCCCCCCCC)CN(C)CCCn1cccn1,JW_2024,JW_2024,0
-8.994929,-0.371293668,CCCCCCCCCCCCCCC(=O)OCCCCCC(O)C(CCCCOC(=O)CCCCCCCCCCCCCC)CN(C)CCCn1cccn1,JW_2024,JW_2024,0
-10.600288,1.090084865,CCCCCCCCCCCCCCCCC(=O)OCCCCCC(O)C(CCCCOC(=O)CCCCCCCCCCCCCCCC)CN(C)CCCn1cccn1,JW_2024,JW_2024,1
-10.642892,0.127976423,CCCCCCCCCCCCCCCCCC(=O)OCCCCCC(O)C(CCCCOC(=O)CCCCCCCCCCCCCCCCC)CN(C)CCCn1cccn1,JW_2024,JW_2024,1
-6.952173,0.047011492,CCCCC/C=C\C/C=C\CCCCCCCC(=O)OCCCCCC(O)C(CCCCOC(=O)CCCCCCC/C=C\C/C=C\CCCCC)CN(C)CCCn1cccn1,JW_2024,JW_2024,1
-8.926656,0.161211619,CCCCCCCCCC(=O)OCCCCCC(O)C(CCCCOC(=O)CCCCCCCCC)CNCCCN(CCCC)CCCC,JW_2024,JW_2024,1
-8.965922,0.496896334,CCCCCCCCCCC(=O)OCCCCCC(O)C(CCCCOC(=O)CCCCCCCCCC)CNCCCN(CCCC)CCCC,JW_2024,JW_2024,1
-8.018818,0.829933974,CCCCCCCCCCCC(=O)OCCCCCC(O)C(CCCCOC(=O)CCCCCCCCCCC)CNCCCN(CCCC)CCCC,JW_2024,JW_2024,1
-7.564393,1.378556345,CCCCCCCCCCCCC(=O)OCCCCCC(O)C(CCCCOC(=O)CCCCCCCCCCCC)CNCCCN(CCCC)CCCC,JW_2024,JW_2024,2
-7.764861,1.325952472,CCCCCCCCCCCCCC(=O)OCCCCCC(O)C(CCCCOC(=O)CCCCCCCCCCCCC)CNCCCN(CCCC)CCCC,JW_2024,JW_2024,2
-8.156836,1.345236906,CCCCCCCCCCCCCCC(=O)OCCCCCC(O)C(CCCCOC(=O)CCCCCCCCCCCCCC)CNCCCN(CCCC)CCCC,JW_2024,JW_2024,2
-9.670236,1.406837941,CCCCCCCCCCCCCCCC(=O)OCCCCCC(O)C(CCCCOC(=O)CCCCCCCCCCCCCCC)CNCCCN(CCCC)CCCC,JW_2024,JW_2024,2
-9.947388,1.592550269,CCCCCCCCCCCCCCCCC(=O)OCCCCCC(O)C(CCCCOC(=O)CCCCCCCCCCCCCCCC)CNCCCN(CCCC)CCCC,JW_2024,JW_2024,2
-10.389931,1.338693262,CCCCCCCCCCCCCCCCCC(=O)OCCCCCC(O)C(CCCCOC(=O)CCCCCCCCCCCCCCCCC)CNCCCN(CCCC)CCCC,JW_2024,JW_2024,2
-6.696393,1.499914887,CCCCCCCC/C=C\CCCCCCCC(=O)OCCCCCC(O)C(CCCCOC(=O)CCCCCCC/C=C\CCCCCCCC)CNCCCN(CCCC)CCCC,JW_2024,JW_2024,2
-6.696393,1.345862273,CCCCCCCC/C=C\CCCCCCCC(=O)OCCCCCC(O)C(CCCCOC(=O)CCCCCCC/C=C\CCCCCCCC)CNCCCN(CCCC)CCCC,JW_2024,JW_2024,2
-9.249758,0.089843982,CCCCCCCCC(=O)OCCCCCC(O)C(CCCCOC(=O)CCCCCCCC)CNCCCN(CCCC)CCCC,JW_2024,JW_2024,1
