cv_4_pred_Experiment_value,Experiment_value,smiles,Experiment_ID,experiment_id,rel
-2.8864543,0.581214361,CCCCCCCCCCC(O)CN(CCN1CCN(CCN(CC(O)CCCCCCCCCC)CC(O)CCCCCCCCCC)CC1)CCN(CC(O)CCCCCCCCCC)CC(O)CCCCCCCCCC,JW_2024,JW_2024,1
-0.17709102,-1.3706713,CCCCCCCCCCC(O)CN(CCN1CCN(CCN(CC(O)CCCCCCCCCC)CC(O)CCCCCCCCCC)CC1)CCN(CC(O)CCCCCCCCCC)CC(O)CCCCCCCCCC,JW_2024,JW_2024,0
-0.83819515,1.663900938,CCCCCCCCCCC(O)CN(CCN1CCN(CCN(CC(O)CCCCCCCCCC)CC(O)CCCCCCCCCC)CC1)CCN(CC(O)CCCCCCCCCC)CC(O)CCCCCCCCCC,JW_2024,JW_2024,2
-2.2689428,-1.431667727,CCCCCCCCCCC(O)CN(CCN1CCN(CCN(CC(O)CCCCCCCCCC)CC(O)CCCCCCCCCC)CC1)CCN(CC(O)CCCCCCCCCC)CC(O)CCCCCCCCCC,JW_2024,JW_2024,0
-1.7584968,0.3296041,CCCCCCCCCCC(O)CN(CCN1CCN(CCN(CC(O)CCCCCCCCCC)CC(O)CCCCCCCCCC)CC1)CCN(CC(O)CCCCCCCCCC)CC(O)CCCCCCCCCC,JW_2024,JW_2024,1
-1.7691453,0.764203641,CCCCCCCCCCC(O)CN(CCN1CCN(CCN(CC(O)CCCCCCCCCC)CC(O)CCCCCCCCCC)CC1)CCN(CC(O)CCCCCCCCCC)CC(O)CCCCCCCCCC,JW_2024,JW_2024,1
-0.41344035,0.46684606,CCCCCCCCCCC(O)CN(CCN1CCN(CCN(CC(O)CCCCCCCCCC)CC(O)CCCCCCCCCC)CC1)CCN(CC(O)CCCCCCCCCC)CC(O)CCCCCCCCCC,JW_2024,JW_2024,1
-2.002904,0.611712574,CCCCCCCCCCC(O)CN(CCN1CCN(CCN(CC(O)CCCCCCCCCC)CC(O)CCCCCCCCCC)CC1)CCN(CC(O)CCCCCCCCCC)CC(O)CCCCCCCCCC,JW_2024,JW_2024,1
-1.7858353,-0.059248122,CCCCCCCCCCC(O)CN(CCN1CCN(CCN(CC(O)CCCCCCCCCC)CC(O)CCCCCCCCCC)CC1)CCN(CC(O)CCCCCCCCCC)CC(O)CCCCCCCCCC,JW_2024,JW_2024,0
-0.5466692,1.015813902,CCCCCCCCCCC(O)CN(CCN1CCN(CCN(CC(O)CCCCCCCCCC)CC(O)CCCCCCCCCC)CC1)CCN(CC(O)CCCCCCCCCC)CC(O)CCCCCCCCCC,JW_2024,JW_2024,1
-2.4615686,1.877388432,CCCCCCCCCCC(O)CN(CCN1CCN(CCN(CC(O)CCCCCCCCCC)CC(O)CCCCCCCCCC)CC1)CCN(CC(O)CCCCCCCCCC)CC(O)CCCCCCCCCC,JW_2024,JW_2024,2
-2.121756,0.947192922,CCCCCCCCCCC(O)CN(CCN1CCN(CCN(CC(O)CCCCCCCCCC)CC(O)CCCCCCCCCC)CC1)CCN(CC(O)CCCCCCCCCC)CC(O)CCCCCCCCCC,JW_2024,JW_2024,1
-2.210909,0.390600527,CCCCCCCCCCC(O)CN(CCN1CCN(CCN(CC(O)CCCCCCCCCC)CC(O)CCCCCCCCCC)CC1)CCN(CC(O)CCCCCCCCCC)CC(O)CCCCCCCCCC,JW_2024,JW_2024,1
-2.8224084,0.527842487,CCCCCCCCCCC(O)CN(CCN1CCN(CCN(CC(O)CCCCCCCCCC)CC(O)CCCCCCCCCC)CC1)CCN(CC(O)CCCCCCCCCC)CC(O)CCCCCCCCCC,JW_2024,JW_2024,1
-0.88323885,1.19117863,CCCCCCCCCCC(O)CN(CCN1CCN(CCN(CC(O)CCCCCCCCCC)CC(O)CCCCCCCCCC)CC1)CCN(CC(O)CCCCCCCCCC)CC(O)CCCCCCCCCC,JW_2024,JW_2024,1
-0.66709507,1.793518345,CCCCCCCCCCC(O)CN(CCN1CCN(CCN(CC(O)CCCCCCCCCC)CC(O)CCCCCCCCCC)CC1)CCN(CC(O)CCCCCCCCCC)CC(O)CCCCCCCCCC,JW_2024,JW_2024,2
-1.3331745,0.070369285,CCCCCCCCCCC(O)CN(CCN1CCN(CCN(CC(O)CCCCCCCCCC)CC(O)CCCCCCCCCC)CC1)CCN(CC(O)CCCCCCCCCC)CC(O)CCCCCCCCCC,JW_2024,JW_2024,1
-2.1453204,1.763020132,CCCCCCCCCCC(O)CN(CCN1CCN(CCN(CC(O)CCCCCCCCCC)CC(O)CCCCCCCCCC)CC1)CCN(CC(O)CCCCCCCCCC)CC(O)CCCCCCCCCC,JW_2024,JW_2024,2
-2.4578888,0.039871072,CCCCCCCCCCC(O)CN(CCN1CCN(CCN(CC(O)CCCCCCCCCC)CC(O)CCCCCCCCCC)CC1)CCN(CC(O)CCCCCCCCCC)CC(O)CCCCCCCCCC,JW_2024,JW_2024,1
-1.511338,0.26098312,CCCCCCCCCCC(O)CN(CCN1CCN(CCN(CC(O)CCCCCCCCCC)CC(O)CCCCCCCCCC)CC1)CCN(CC(O)CCCCCCCCCC)CC(O)CCCCCCCCCC,JW_2024,JW_2024,1
-3.2001133,0.901445602,CCCCCCCCCCC(O)CN(CCCCC1NC(=O)C(CCCCN(CC(O)CCCCCCCCCC)CC(O)CCCCCCCCCC)NC1=O)CC(O)CCCCCCCCCC,JW_2024,JW_2024,1
-1.7698592,2.205244227,CCCCCCCCCCC(O)CN(CCCCC1NC(=O)C(CCCCN(CC(O)CCCCCCCCCC)CC(O)CCCCCCCCCC)NC1=O)CC(O)CCCCCCCCCC,JW_2024,JW_2024,3
-3.65329,-1.401169513,CCCCCCCCCCC(O)CN(CCCCC1NC(=O)C(CCCCN(CC(O)CCCCCCCCCC)CC(O)CCCCCCCCCC)NC1=O)CC(O)CCCCCCCCCC,JW_2024,JW_2024,0
-2.8674445,0.863322835,CCCCCCCCCCC(O)CN(CCCCC1NC(=O)C(CCCCN(CC(O)CCCCCCCCCC)CC(O)CCCCCCCCCC)NC1=O)CC(O)CCCCCCCCCC,JW_2024,JW_2024,1
-3.5414946,0.726080875,CCCCCCCCCCC(O)CN(CCCCC1NC(=O)C(CCCCN(CC(O)CCCCCCCCCC)CC(O)CCCCCCCCCC)NC1=O)CC(O)CCCCCCCCCC,JW_2024,JW_2024,1
-2.0060802,1.32842059,CCCCCCCCCCC(O)CN(CCCCC1NC(=O)C(CCCCN(CC(O)CCCCCCCCCC)CC(O)CCCCCCCCCC)NC1=O)CC(O)CCCCCCCCCC,JW_2024,JW_2024,2
-3.5611696,0.649835341,CCCCCCCCCCC(O)CN(CCCCC1NC(=O)C(CCCCN(CC(O)CCCCCCCCCC)CC(O)CCCCCCCCCC)NC1=O)CC(O)CCCCCCCCCC,JW_2024,JW_2024,1
-3.5647187,1.015813902,CCCCCCCCCCC(O)CN(CCCCC1NC(=O)C(CCCCN(CC(O)CCCCCCCCCC)CC(O)CCCCCCCCCC)NC1=O)CC(O)CCCCCCCCCC,JW_2024,JW_2024,1
-2.3918269,0.924319262,CCCCCCCCCCC(O)CN(CCCCC1NC(=O)C(CCCCN(CC(O)CCCCCCCCCC)CC(O)CCCCCCCCCC)NC1=O)CC(O)CCCCCCCCCC,JW_2024,JW_2024,1
-2.562511,2.068002266,CCCCCCCCCCC(O)CN(CCCCC1NC(=O)C(CCCCN(CC(O)CCCCCCCCCC)CC(O)CCCCCCCCCC)NC1=O)CC(O)CCCCCCCCCC,JW_2024,JW_2024,3
-3.0038006,0.832824622,CCCCCCCCCCC(O)CN(CCCCC1NC(=O)C(CCCCN(CC(O)CCCCCCCCCC)CC(O)CCCCCCCCCC)NC1=O)CC(O)CCCCCCCCCC,JW_2024,JW_2024,1
-3.6853478,0.939568369,CCCCCCCCCCC(O)CN(CCCCC1NC(=O)C(CCCCN(CC(O)CCCCCCCCCC)CC(O)CCCCCCCCCC)NC1=O)CC(O)CCCCCCCCCC,JW_2024,JW_2024,1
-3.075337,1.313171483,CCCCCCCCCCC(O)CN(CCCCC1NC(=O)C(CCCCN(CC(O)CCCCCCCCCC)CC(O)CCCCCCCCCC)NC1=O)CC(O)CCCCCCCCCC,JW_2024,JW_2024,1
-2.6010232,1.39704157,CCCCCCCCCCC(O)CN(CCCCC1NC(=O)C(CCCCN(CC(O)CCCCCCCCCC)CC(O)CCCCCCCCCC)NC1=O)CC(O)CCCCCCCCCC,JW_2024,JW_2024,2
-1.165393,2.23574244,CCCCCCCCCCC(O)CN(CCCCC1NC(=O)C(CCCCN(CC(O)CCCCCCCCCC)CC(O)CCCCCCCCCC)NC1=O)CC(O)CCCCCCCCCC,JW_2024,JW_2024,3
-1.6728925,1.046312116,CCCCCCCCCCC(O)CN(CCCCC1NC(=O)C(CCCCN(CC(O)CCCCCCCCCC)CC(O)CCCCCCCCCC)NC1=O)CC(O)CCCCCCCCCC,JW_2024,JW_2024,1
-2.6905148,2.037504053,CCCCCCCCCCC(O)CN(CCCCC1NC(=O)C(CCCCN(CC(O)CCCCCCCCCC)CC(O)CCCCCCCCCC)NC1=O)CC(O)CCCCCCCCCC,JW_2024,JW_2024,3
-2.6185772,0.055120179,CCCCCCCCCCC(O)CN(CCCCC1NC(=O)C(CCCCN(CC(O)CCCCCCCCCC)CC(O)CCCCCCCCCC)NC1=O)CC(O)CCCCCCCCCC,JW_2024,JW_2024,1
-1.9731964,0.230484906,CCCCCCCCCCC(O)CN(CCCCC1NC(=O)C(CCCCN(CC(O)CCCCCCCCCC)CC(O)CCCCCCCCCC)NC1=O)CC(O)CCCCCCCCCC,JW_2024,JW_2024,1
-4.75507,-1.204789014,CCCCCCCCC(CCCCCC)C(=O)OC(C/C=C\CCCCCCCCOC(=O)CCN(CCC(=O)OCCCCCCCC/C=C\CC(CCCCCC)OC(=O)C(CCCCCC)CCCCCCCC)CCc1ccncc1)CCCCCC,JW_2024,JW_2024,0
-4.6023355,-1.078860772,CCCCCCCCC(CCCCCC)C(=O)OC(C/C=C\CCCCCCCCOC(=O)CCN(CCC(=O)OCCCCCCCC/C=C\CC(CCCCCC)OC(=O)C(CCCCCC)CCCCCCCC)CCc1ccncc1)CCCCCC,JW_2024,JW_2024,0
-4.327748,-1.132830019,CCCCCCCCC(CCCCCC)C(=O)OC(C/C=C\CCCCCCCCOC(=O)CCN(CCC(=O)OCCCCCCCC/C=C\CC(CCCCCC)OC(=O)C(CCCCCC)CCCCCCCC)CCc1ccncc1)CCCCCC,JW_2024,JW_2024,0
-4.8612533,-1.069865897,CCCCCCCCC(CCCCCC)C(=O)OC(C/C=C\CCCCCCCCOC(=O)CCN(CCC(=O)OCCCCCCCC/C=C\CC(CCCCCC)OC(=O)C(CCCCCC)CCCCCCCC)CCc1ccncc1)CCCCCC,JW_2024,JW_2024,0
-5.2116714,-1.213783889,CCCCCCCCC(CCCCCC)C(=O)OC(C/C=C\CCCCCCCCOC(=O)CCN(CCC(=O)OCCCCCCCC/C=C\CC(CCCCCC)OC(=O)C(CCCCCC)CCCCCCCC)CCc1ccncc1)CCCCCC,JW_2024,JW_2024,0
-4.245132,-2.293168825,CCCCCCCCC(CCCCCC)C(=O)OC(C/C=C\CCCCCCCCOC(=O)CCN(CCC(=O)OCCCCCCCC/C=C\CC(CCCCCC)OC(=O)C(CCCCCC)CCCCCCCC)CCc1ccncc1)CCCCCC,JW_2024,JW_2024,0
-4.9935303,-0.359270814,CCCCCCCCC(CCCCCC)C(=O)OC(C/C=C\CCCCCCCCOC(=O)CCN(CCC(=O)OCCCCCCCC/C=C\CC(CCCCCC)OC(=O)C(CCCCCC)CCCCCCCC)CCc1ccncc1)CCCCCC,JW_2024,JW_2024,0
-5.1277847,-2.715927925,CCCCCCCCC(CCCCCC)C(=O)OC(C/C=C\CCCCCCCCOC(=O)CCN(CCC(=O)OCCCCCCCC/C=C\CC(CCCCCC)OC(=O)C(CCCCCC)CCCCCCCC)CCc1ccncc1)CCCCCC,JW_2024,JW_2024,0
-4.7720428,-0.889968408,CCCCCCCCC(CCCCCC)C(=O)OC(C/C=C\CCCCCCCCOC(=O)CCN(CCC(=O)OCCCCCCCC/C=C\CC(CCCCCC)OC(=O)C(CCCCCC)CCCCCCCC)CCc1ccncc1)CCCCCC,JW_2024,JW_2024,0
-5.0342183,-1.204789014,CCCCCCCCC(CCCCCC)C(=O)OC(C/C=C\CCCCCCCCOC(=O)CCN(CCC(=O)OCCCCCCCC/C=C\CC(CCCCCC)OC(=O)C(CCCCCC)CCCCCCCC)CCc1ccncc1)CCCCCC,JW_2024,JW_2024,0
-4.22496,-0.593137551,CCCCCCCCC(CCCCCC)C(=O)OC(C/C=C\CCCCCCCCOC(=O)CCN(CCC(=O)OCCCCCCCC/C=C\CC(CCCCCC)OC(=O)C(CCCCCC)CCCCCCCC)CCc1ccncc1)CCCCCC,JW_2024,JW_2024,0
-4.5567493,-1.420666002,CCCCCCCCC(CCCCCC)C(=O)OC(C/C=C\CCCCCCCCOC(=O)CCN(CCC(=O)OCCCCCCCC/C=C\CC(CCCCCC)OC(=O)C(CCCCCC)CCCCCCCC)CCc1ccncc1)CCCCCC,JW_2024,JW_2024,0
-5.093148,-1.024891525,CCCCCCCCC(CCCCCC)C(=O)OC(C/C=C\CCCCCCCCOC(=O)CCN(CCC(=O)OCCCCCCCC/C=C\CC(CCCCCC)OC(=O)C(CCCCCC)CCCCCCCC)CCc1ccncc1)CCCCCC,JW_2024,JW_2024,0
-4.3731136,-0.916953031,CCCCCCCCC(CCCCCC)C(=O)OC(C/C=C\CCCCCCCCOC(=O)CCN(CCC(=O)OCCCCCCCC/C=C\CC(CCCCCC)OC(=O)C(CCCCCC)CCCCCCCC)CCc1ccncc1)CCCCCC,JW_2024,JW_2024,0
-4.375722,-1.474635249,CCCCCCC(C/C=C\CCCCCCCCOC(=O)CCN(CCC(=O)OCCCCCCCC/C=C\CC(CCCCCC)OC(=O)C(CCCC)CCCCCC)CCc1ccncc1)OC(=O)C(CCCC)CCCCCC,JW_2024,JW_2024,0
-3.9329946,-1.11484027,CCCCCCC(C/C=C\CCCCCCCCOC(=O)CCN(CCC(=O)OCCCCCCCC/C=C\CC(CCCCCC)OC(=O)C(CCCC)CCCCCC)CCc1ccncc1)OC(=O)C(CCCC)CCCCCC,JW_2024,JW_2024,0
-4.3725605,-0.809014538,CCCCCCC(C/C=C\CCCCCCCCOC(=O)CCN(CCC(=O)OCCCCCCCC/C=C\CC(CCCCCC)OC(=O)C(CCCC)CCCCCC)CCc1ccncc1)OC(=O)C(CCCC)CCCCCC,JW_2024,JW_2024,0
-4.194237,-0.674091421,CCCCCCC(C/C=C\CCCCCCCCOC(=O)CCN(CCC(=O)OCCCCCCCC/C=C\CC(CCCCCC)OC(=O)C(CCCC)CCCCCC)CCc1ccncc1)OC(=O)C(CCCC)CCCCCC,JW_2024,JW_2024,0
-4.855305,-1.024891525,CCCCCCC(C/C=C\CCCCCCCCOC(=O)CCN(CCC(=O)OCCCCCCCC/C=C\CC(CCCCCC)OC(=O)C(CCCC)CCCCCC)CCc1ccncc1)OC(=O)C(CCCC)CCCCCC,JW_2024,JW_2024,0
-4.0522113,-1.123835144,CCCCCCC(C/C=C\CCCCCCCCOC(=O)CCN(CCC(=O)OCCCCCCCC/C=C\CC(CCCCCC)OC(=O)C(CCCC)CCCCCC)CCc1ccncc1)OC(=O)C(CCCC)CCCCCC,JW_2024,JW_2024,0
-4.712466,-0.43122981,CCCCCCC(C/C=C\CCCCCCCCOC(=O)CCN(CCC(=O)OCCCCCCCC/C=C\CC(CCCCCC)OC(=O)C(CCCC)CCCCCC)CCc1ccncc1)OC(=O)C(CCCC)CCCCCC,JW_2024,JW_2024,0
-4.5668592,-2.203220081,CCCCCCC(C/C=C\CCCCCCCCOC(=O)CCN(CCC(=O)OCCCCCCCC/C=C\CC(CCCCCC)OC(=O)C(CCCC)CCCCCC)CCc1ccncc1)OC(=O)C(CCCC)CCCCCC,JW_2024,JW_2024,0
-4.025765,-0.827004287,CCCCCCC(C/C=C\CCCCCCCCOC(=O)CCN(CCC(=O)OCCCCCCCC/C=C\CC(CCCCCC)OC(=O)C(CCCC)CCCCCC)CCc1ccncc1)OC(=O)C(CCCC)CCCCCC,JW_2024,JW_2024,0
-4.683925,-1.249763387,CCCCCCC(C/C=C\CCCCCCCCOC(=O)CCN(CCC(=O)OCCCCCCCC/C=C\CC(CCCCCC)OC(=O)C(CCCC)CCCCCC)CCc1ccncc1)OC(=O)C(CCCC)CCCCCC,JW_2024,JW_2024,0
-4.1514716,-0.43122981,CCCCCCC(C/C=C\CCCCCCCCOC(=O)CCN(CCC(=O)OCCCCCCCC/C=C\CC(CCCCCC)OC(=O)C(CCCC)CCCCCC)CCc1ccncc1)OC(=O)C(CCCC)CCCCCC,JW_2024,JW_2024,0
-3.9816976,-1.627548115,CCCCCCC(C/C=C\CCCCCCCCOC(=O)CCN(CCC(=O)OCCCCCCCC/C=C\CC(CCCCCC)OC(=O)C(CCCC)CCCCCC)CCc1ccncc1)OC(=O)C(CCCC)CCCCCC,JW_2024,JW_2024,0
-4.7242365,-1.069865897,CCCCCCC(C/C=C\CCCCCCCCOC(=O)CCN(CCC(=O)OCCCCCCCC/C=C\CC(CCCCCC)OC(=O)C(CCCC)CCCCCC)CCc1ccncc1)OC(=O)C(CCCC)CCCCCC,JW_2024,JW_2024,0
-4.5997386,-1.294737759,CCCCCCC(C/C=C\CCCCCCCCOC(=O)CCN(CCC(=O)OCCCCCCCC/C=C\CC(CCCCCC)OC(=O)C(CCCC)CCCCCC)CCc1ccncc1)OC(=O)C(CCCC)CCCCCC,JW_2024,JW_2024,0
-4.1374755,-1.222778763,CCCCCCC(C/C=C\CCCCCCCCOC(=O)CCN(CCC(=O)OCCCCCCCC/C=C\CC(CCCCCC)OC(=O)CCCC1CCCCC1)CCc1ccncc1)OC(=O)CCCC1CCCCC1,JW_2024,JW_2024,0
-4.2448783,-1.708501985,CCCCCCC(C/C=C\CCCCCCCCOC(=O)CCN(CCC(=O)OCCCCCCCC/C=C\CC(CCCCCC)OC(=O)CCCC1CCCCC1)CCc1ccncc1)OC(=O)CCCC1CCCCC1,JW_2024,JW_2024,0
-5.108537,-0.701076044,CCCCCCC(C/C=C\CCCCCCCCOC(=O)CCN(CCC(=O)OCCCCCCCC/C=C\CC(CCCCCC)OC(=O)CCCC1CCCCC1)CCc1ccncc1)OC(=O)CCCC1CCCCC1,JW_2024,JW_2024,0
-4.077237,-2.104276461,CCCCCCC(C/C=C\CCCCCCCCOC(=O)CCN(CCC(=O)OCCCCCCCC/C=C\CC(CCCCCC)OC(=O)CCCC1CCCCC1)CCc1ccncc1)OC(=O)CCCC1CCCCC1,JW_2024,JW_2024,0
-4.531079,-1.483630123,CCCCCCC(C/C=C\CCCCCCCCOC(=O)CCN(CCC(=O)OCCCCCCCC/C=C\CC(CCCCCC)OC(=O)CCCC1CCCCC1)CCc1ccncc1)OC(=O)CCCC1CCCCC1,JW_2024,JW_2024,0
-4.853236,-1.933373846,CCCCCCC(C/C=C\CCCCCCCCOC(=O)CCN(CCC(=O)OCCCCCCCC/C=C\CC(CCCCCC)OC(=O)CCCC1CCCCC1)CCc1ccncc1)OC(=O)CCCC1CCCCC1,JW_2024,JW_2024,0
-4.838189,-0.862983785,CCCCCCC(C/C=C\CCCCCCCCOC(=O)CCN(CCC(=O)OCCCCCCCC/C=C\CC(CCCCCC)OC(=O)CCCC1CCCCC1)CCc1ccncc1)OC(=O)CCCC1CCCCC1,JW_2024,JW_2024,0
-4.6001534,-1.105845395,CCCCCCC(C/C=C\CCCCCCCCOC(=O)CCN(CCC(=O)OCCCCCCCC/C=C\CC(CCCCCC)OC(=O)CCCC1CCCCC1)CCc1ccncc1)OC(=O)CCCC1CCCCC1,JW_2024,JW_2024,0
-4.301368,-0.871978659,CCCCCCC(C/C=C\CCCCCCCCOC(=O)CCN(CCC(=O)OCCCCCCCC/C=C\CC(CCCCCC)OC(=O)CCCC1CCCCC1)CCc1ccncc1)OC(=O)CCCC1CCCCC1,JW_2024,JW_2024,0
-4.5865197,-1.123835144,CCCCCCC(C/C=C\CCCCCCCCOC(=O)CCN(CCC(=O)OCCCCCCCC/C=C\CC(CCCCCC)OC(=O)CCCC1CCCCC1)CCc1ccncc1)OC(=O)CCCC1CCCCC1,JW_2024,JW_2024,0
-5.0515523,-0.835999161,CCCCCCC(C/C=C\CCCCCCCCOC(=O)CCN(CCC(=O)OCCCCCCCC/C=C\CC(CCCCCC)OC(=O)CCCC1CCCCC1)CCc1ccncc1)OC(=O)CCCC1CCCCC1,JW_2024,JW_2024,0
-4.252618,-0.970922278,CCCCCCC(C/C=C\CCCCCCCCOC(=O)CCN(CCC(=O)OCCCCCCCC/C=C\CC(CCCCCC)OC(=O)CCCC1CCCCC1)CCc1ccncc1)OC(=O)CCCC1CCCCC1,JW_2024,JW_2024,0
-4.607236,-0.449219559,CCCCCCC(C/C=C\CCCCCCCCOC(=O)CCN(CCC(=O)OCCCCCCCC/C=C\CC(CCCCCC)OC(=O)CCCC1CCCCC1)CCc1ccncc1)OC(=O)CCCC1CCCCC1,JW_2024,JW_2024,0
-5.20463,-0.440224685,CCCCCCC(C/C=C\CCCCCCCCOC(=O)CCN(CCC(=O)OCCCCCCCC/C=C\CC(CCCCCC)OC(=O)CCCC1CCCCC1)CCc1ccncc1)OC(=O)CCCC1CCCCC1,JW_2024,JW_2024,0
-3.268924,-1.0338864,CCCCCCCCC(CCCCCC)C(=O)OC(C/C=C\CCCCCCCCOC(=O)CCN(CCC(=O)OCCCCCCCC/C=C\CC(CCCCCC)OC(=O)C(CCCCCC)CCCCCCCC)CCN1CCCC1)CCCCCC,JW_2024,JW_2024,0
-2.9197342,-1.384686504,CCCCCCCCC(CCCCCC)C(=O)OC(C/C=C\CCCCCCCCOC(=O)CCN(CCC(=O)OCCCCCCCC/C=C\CC(CCCCCC)OC(=O)C(CCCCCC)CCCCCCCC)CCN1CCCC1)CCCCCC,JW_2024,JW_2024,0
-2.8366504,0.009519039,CCCCCCCCC(CCCCCC)C(=O)OC(C/C=C\CCCCCCCCOC(=O)CCN(CCC(=O)OCCCCCCCC/C=C\CC(CCCCCC)OC(=O)C(CCCCCC)CCCCCCCC)CCN1CCCC1)CCCCCC,JW_2024,JW_2024,0
-3.4842353,-1.861414851,CCCCCCCCC(CCCCCC)C(=O)OC(C/C=C\CCCCCCCCOC(=O)CCN(CCC(=O)OCCCCCCCC/C=C\CC(CCCCCC)OC(=O)C(CCCCCC)CCCCCCCC)CCN1CCCC1)CCCCCC,JW_2024,JW_2024,0
-4.0156236,-1.11484027,CCCCCCCCC(CCCCCC)C(=O)OC(C/C=C\CCCCCCCCOC(=O)CCN(CCC(=O)OCCCCCCCC/C=C\CC(CCCCCC)OC(=O)C(CCCCCC)CCCCCCCC)CCN1CCCC1)CCCCCC,JW_2024,JW_2024,0
-3.0779393,-1.735486608,CCCCCCCCC(CCCCCC)C(=O)OC(C/C=C\CCCCCCCCOC(=O)CCN(CCC(=O)OCCCCCCCC/C=C\CC(CCCCCC)OC(=O)C(CCCCCC)CCCCCCCC)CCN1CCCC1)CCCCCC,JW_2024,JW_2024,0
-3.1343124,-1.024891525,CCCCCCCCC(CCCCCC)C(=O)OC(C/C=C\CCCCCCCCOC(=O)CCN(CCC(=O)OCCCCCCCC/C=C\CC(CCCCCC)OC(=O)C(CCCCCC)CCCCCCCC)CCN1CCCC1)CCCCCC,JW_2024,JW_2024,0
-3.874746,-1.96035847,CCCCCCCCC(CCCCCC)C(=O)OC(C/C=C\CCCCCCCCOC(=O)CCN(CCC(=O)OCCCCCCCC/C=C\CC(CCCCCC)OC(=O)C(CCCCCC)CCCCCCCC)CCN1CCCC1)CCCCCC,JW_2024,JW_2024,0
-3.3951337,-1.204789014,CCCCCCCCC(CCCCCC)C(=O)OC(C/C=C\CCCCCCCCOC(=O)CCN(CCC(=O)OCCCCCCCC/C=C\CC(CCCCCC)OC(=O)C(CCCCCC)CCCCCCCC)CCN1CCCC1)CCCCCC,JW_2024,JW_2024,0
-3.8788855,-1.393681378,CCCCCCCCC(CCCCCC)C(=O)OC(C/C=C\CCCCCCCCOC(=O)CCN(CCC(=O)OCCCCCCCC/C=C\CC(CCCCCC)OC(=O)C(CCCCCC)CCCCCCCC)CCN1CCCC1)CCCCCC,JW_2024,JW_2024,0
-2.7856338,-0.907958157,CCCCCCCCC(CCCCCC)C(=O)OC(C/C=C\CCCCCCCCOC(=O)CCN(CCC(=O)OCCCCCCCC/C=C\CC(CCCCCC)OC(=O)C(CCCCCC)CCCCCCCC)CCN1CCCC1)CCCCCC,JW_2024,JW_2024,0
-3.4070582,-0.844994036,CCCCCCCCC(CCCCCC)C(=O)OC(C/C=C\CCCCCCCCOC(=O)CCN(CCC(=O)OCCCCCCCC/C=C\CC(CCCCCC)OC(=O)C(CCCCCC)CCCCCCCC)CCN1CCCC1)CCCCCC,JW_2024,JW_2024,0
-3.9051807,-0.377260563,CCCCCCCCC(CCCCCC)C(=O)OC(C/C=C\CCCCCCCCOC(=O)CCN(CCC(=O)OCCCCCCCC/C=C\CC(CCCCCC)OC(=O)C(CCCCCC)CCCCCCCC)CCN1CCCC1)CCCCCC,JW_2024,JW_2024,0
-3.1114838,-0.557158053,CCCCCCCCC(CCCCCC)C(=O)OC(C/C=C\CCCCCCCCOC(=O)CCN(CCC(=O)OCCCCCCCC/C=C\CC(CCCCCC)OC(=O)C(CCCCCC)CCCCCCCC)CCN1CCCC1)CCCCCC,JW_2024,JW_2024,0
-3.1402674,0.117457533,CCCCCCC(C/C=C\CCCCCCCCOC(=O)CCN(CCC(=O)OCCCCCCCC/C=C\CC(CCCCCC)OC(=O)C(CCCC)CCCCCC)CCN1CCCC1)OC(=O)C(CCCC)CCCCCC,JW_2024,JW_2024,1
-2.3561056,0.83704749,CCCCCCC(C/C=C\CCCCCCCCOC(=O)CCN(CCC(=O)OCCCCCCCC/C=C\CC(CCCCCC)OC(=O)C(CCCC)CCCCCC)CCN1CCCC1)OC(=O)C(CCCC)CCCCCC,JW_2024,JW_2024,1
-2.5161939,0.900011611,CCCCCCC(C/C=C\CCCCCCCCOC(=O)CCN(CCC(=O)OCCCCCCCC/C=C\CC(CCCCCC)OC(=O)C(CCCC)CCCCCC)CCN1CCCC1)OC(=O)C(CCCC)CCCCCC,JW_2024,JW_2024,1
-3.153609,0.792073118,CCCCCCC(C/C=C\CCCCCCCCOC(=O)CCN(CCC(=O)OCCCCCCCC/C=C\CC(CCCCCC)OC(=O)C(CCCC)CCCCCC)CCN1CCCC1)OC(=O)C(CCCC)CCCCCC,JW_2024,JW_2024,1
-3.889177,-1.888399474,CCCCCCC(C/C=C\CCCCCCCCOC(=O)CCN(CCC(=O)OCCCCCCCC/C=C\CC(CCCCCC)OC(=O)C(CCCC)CCCCCC)CCN1CCCC1)OC(=O)C(CCCC)CCCCCC,JW_2024,JW_2024,0
-2.3796754,-0.287311819,CCCCCCC(C/C=C\CCCCCCCCOC(=O)CCN(CCC(=O)OCCCCCCCC/C=C\CC(CCCCCC)OC(=O)C(CCCC)CCCCCC)CCN1CCCC1)OC(=O)C(CCCC)CCCCCC,JW_2024,JW_2024,0
-3.2328956,0.783078243,CCCCCCC(C/C=C\CCCCCCCCOC(=O)CCN(CCC(=O)OCCCCCCCC/C=C\CC(CCCCCC)OC(=O)C(CCCC)CCCCCC)CCN1CCCC1)OC(=O)C(CCCC)CCCCCC,JW_2024,JW_2024,1
-3.2472675,-0.620122174,CCCCCCC(C/C=C\CCCCCCCCOC(=O)CCN(CCC(=O)OCCCCCCCC/C=C\CC(CCCCCC)OC(=O)C(CCCC)CCCCCC)CCN1CCCC1)OC(=O)C(CCCC)CCCCCC,JW_2024,JW_2024,0
-2.8010035,1.430709205,CCCCCCC(C/C=C\CCCCCCCCOC(=O)CCN(CCC(=O)OCCCCCCCC/C=C\CC(CCCCCC)OC(=O)C(CCCC)CCCCCC)CCN1CCCC1)OC(=O)C(CCCC)CCCCCC,JW_2024,JW_2024,2
-3.2155168,0.270370399,CCCCCCC(C/C=C\CCCCCCCCOC(=O)CCN(CCC(=O)OCCCCCCCC/C=C\CC(CCCCCC)OC(=O)C(CCCC)CCCCCC)CCN1CCCC1)OC(=O)C(CCCC)CCCCCC,JW_2024,JW_2024,1
-2.2245665,1.835478556,CCCCCCC(C/C=C\CCCCCCCCOC(=O)CCN(CCC(=O)OCCCCCCCC/C=C\CC(CCCCCC)OC(=O)C(CCCC)CCCCCC)CCN1CCCC1)OC(=O)C(CCCC)CCCCCC,JW_2024,JW_2024,2
-2.8135629,0.83704749,CCCCCCC(C/C=C\CCCCCCCCOC(=O)CCN(CCC(=O)OCCCCCCCC/C=C\CC(CCCCCC)OC(=O)C(CCCC)CCCCCC)CCN1CCCC1)OC(=O)C(CCCC)CCCCCC,JW_2024,JW_2024,1
-3.2963908,-0.017465585,CCCCCCC(C/C=C\CCCCCCCCOC(=O)CCN(CCC(=O)OCCCCCCCC/C=C\CC(CCCCCC)OC(=O)C(CCCC)CCCCCC)CCN1CCCC1)OC(=O)C(CCCC)CCCCCC,JW_2024,JW_2024,0
-2.6268272,1.313775837,CCCCCCC(C/C=C\CCCCCCCCOC(=O)CCN(CCC(=O)OCCCCCCCC/C=C\CC(CCCCCC)OC(=O)C(CCCC)CCCCCC)CCN1CCCC1)OC(=O)C(CCCC)CCCCCC,JW_2024,JW_2024,1
-3.4789999,0.720114122,CCCCCCC(C/C=C\CCCCCCCCOC(=O)CCN(CCC(=O)OCCCCCCCC/C=C\CC(CCCCCC)OC(=O)C(CCCC)CCCCCC)CCN1CCCC1)OC(=O)C(CCCC)CCCCCC,JW_2024,JW_2024,1
-3.4017048,0.25238065,CCCCCCC(C/C=C\CCCCCCCCOC(=O)CCN(CCC(=O)OCCCCCCCC/C=C\CC(CCCCCC)OC(=O)C(CCCC)CCCCCC)CCN1CCCC1)OC(=O)C(CCCC)CCCCCC,JW_2024,JW_2024,1
-3.4233687,0.081478035,CCCCCCC(C/C=C\CCCCCCCCOC(=O)CCN(CCC(=O)OCCCCCCCC/C=C\CC(CCCCCC)OC(=O)C(CCCC)CCCCCC)CCN1CCCC1)OC(=O)C(CCCC)CCCCCC,JW_2024,JW_2024,1
-3.547022,0.953980858,CCCCCCC(C/C=C\CCCCCCCCOC(=O)CCN(CCC(=O)OCCCCCCCC/C=C\CC(CCCCCC)OC(=O)C(CCCC)CCCCCC)CCN1CCCC1)OC(=O)C(CCCC)CCCCCC,JW_2024,JW_2024,1
-2.8262017,1.34076046,CCCCCCC(C/C=C\CCCCCCCCOC(=O)CCN(CCC(=O)OCCCCCCCC/C=C\CC(CCCCCC)OC(=O)C(CCCC)CCCCCC)CCN1CCCC1)OC(=O)C(CCCC)CCCCCC,JW_2024,JW_2024,2
-2.9579616,1.808493933,CCCCCCC(C/C=C\CCCCCCCCOC(=O)CCN(CCC(=O)OCCCCCCCC/C=C\CC(CCCCCC)OC(=O)C(CCCC)CCCCCC)CCN1CCCC1)OC(=O)C(CCCC)CCCCCC,JW_2024,JW_2024,2
-2.846659,1.034934728,CCCCCCC(C/C=C\CCCCCCCCOC(=O)CCN(CCC(=O)OCCCCCCCC/C=C\CC(CCCCCC)OC(=O)C(CCCC)CCCCCC)CCN1CCCC1)OC(=O)C(CCCC)CCCCCC,JW_2024,JW_2024,1
-3.186168,1.17885272,CCCCCCC(C/C=C\CCCCCCCCOC(=O)CCN(CCC(=O)OCCCCCCCC/C=C\CC(CCCCCC)OC(=O)C(CCCC)CCCCCC)CCN1CCCC1)OC(=O)C(CCCC)CCCCCC,JW_2024,JW_2024,1
-3.311983,1.034934728,CCCCCCC(C/C=C\CCCCCCCCOC(=O)CCN(CCC(=O)OCCCCCCCC/C=C\CC(CCCCCC)OC(=O)C(CCCC)CCCCCC)CCN1CCCC1)OC(=O)C(CCCC)CCCCCC,JW_2024,JW_2024,1
-3.3262727,1.673570816,CCCCCCC(C/C=C\CCCCCCCCOC(=O)CCN(CCC(=O)OCCCCCCCC/C=C\CC(CCCCCC)OC(=O)C(CCCC)CCCCCC)CCN1CCCC1)OC(=O)C(CCCC)CCCCCC,JW_2024,JW_2024,2
-3.4180589,0.171426779,CCCCCCC(C/C=C\CCCCCCCCOC(=O)CCN(CCC(=O)OCCCCCCCC/C=C\CC(CCCCCC)OC(=O)CCCC1CCCCC1)CCN1CCCC1)OC(=O)CCCC1CCCCC1,JW_2024,JW_2024,1
-3.5939524,0.891016737,CCCCCCC(C/C=C\CCCCCCCCOC(=O)CCN(CCC(=O)OCCCCCCCC/C=C\CC(CCCCCC)OC(=O)CCCC1CCCCC1)CCN1CCCC1)OC(=O)CCCC1CCCCC1,JW_2024,JW_2024,1
-3.704099,0.783078243,CCCCCCC(C/C=C\CCCCCCCCOC(=O)CCN(CCC(=O)OCCCCCCCC/C=C\CC(CCCCCC)OC(=O)CCCC1CCCCC1)CCN1CCCC1)OC(=O)CCCC1CCCCC1,JW_2024,JW_2024,1
-3.1185699,0.855037239,CCCCCCC(C/C=C\CCCCCCCCOC(=O)CCN(CCC(=O)OCCCCCCCC/C=C\CC(CCCCCC)OC(=O)CCCC1CCCCC1)CCN1CCCC1)OC(=O)CCCC1CCCCC1,JW_2024,JW_2024,1
-3.8181243,0.468257637,CCCCCCC(C/C=C\CCCCCCCCOC(=O)CCN(CCC(=O)OCCCCCCCC/C=C\CC(CCCCCC)OC(=O)CCCC1CCCCC1)CCN1CCCC1)OC(=O)CCCC1CCCCC1,JW_2024,JW_2024,1
-3.6438298,-0.197363074,CCCCCCC(C/C=C\CCCCCCCCOC(=O)CCN(CCC(=O)OCCCCCCCC/C=C\CC(CCCCCC)OC(=O)CCCC1CCCCC1)CCN1CCCC1)OC(=O)CCCC1CCCCC1,JW_2024,JW_2024,0
-3.4894407,1.727540062,CCCCCCC(C/C=C\CCCCCCCCOC(=O)CCN(CCC(=O)OCCCCCCCC/C=C\CC(CCCCCC)OC(=O)CCCC1CCCCC1)CCN1CCCC1)OC(=O)CCCC1CCCCC1,JW_2024,JW_2024,2
-3.986105,-0.053445082,CCCCCCC(C/C=C\CCCCCCCCOC(=O)CCN(CCC(=O)OCCCCCCCC/C=C\CC(CCCCCC)OC(=O)CCCC1CCCCC1)CCN1CCCC1)OC(=O)CCCC1CCCCC1,JW_2024,JW_2024,0
-3.6272502,1.538647699,CCCCCCC(C/C=C\CCCCCCCCOC(=O)CCN(CCC(=O)OCCCCCCCC/C=C\CC(CCCCCC)OC(=O)CCCC1CCCCC1)CCN1CCCC1)OC(=O)CCCC1CCCCC1,JW_2024,JW_2024,2
-4.0808196,0.504237135,CCCCCCC(C/C=C\CCCCCCCCOC(=O)CCN(CCC(=O)OCCCCCCCC/C=C\CC(CCCCCC)OC(=O)CCCC1CCCCC1)CCN1CCCC1)OC(=O)CCCC1CCCCC1,JW_2024,JW_2024,1
-3.8170319,1.961406799,CCCCCCC(C/C=C\CCCCCCCCOC(=O)CCN(CCC(=O)OCCCCCCCC/C=C\CC(CCCCCC)OC(=O)CCCC1CCCCC1)CCN1CCCC1)OC(=O)CCCC1CCCCC1,JW_2024,JW_2024,3
-3.762236,0.180421654,CCCCCCC(C/C=C\CCCCCCCCOC(=O)CCN(CCC(=O)OCCCCCCCC/C=C\CC(CCCCCC)OC(=O)CCCC1CCCCC1)CCN1CCCC1)OC(=O)CCCC1CCCCC1,JW_2024,JW_2024,1
-3.9948921,-0.134398953,CCCCCCC(C/C=C\CCCCCCCCOC(=O)CCN(CCC(=O)OCCCCCCCC/C=C\CC(CCCCCC)OC(=O)CCCC1CCCCC1)CCN1CCCC1)OC(=O)CCCC1CCCCC1,JW_2024,JW_2024,0
-4.1164,0.099467784,CCCCCCC(C/C=C\CCCCCCCCOC(=O)CCN(CCC(=O)OCCCCCCCC/C=C\CC(CCCCCC)OC(=O)CCCC1CCCCC1)CCN1CCCC1)OC(=O)CCCC1CCCCC1,JW_2024,JW_2024,1
-3.2920644,0.450267888,CCCCCCC(C/C=C\CCCCCCCCOC(=O)CCN(CCC(=O)OCCCCCCCC/C=C\CC(CCCCCC)OC(=O)CCCC1CCCCC1)CCN1CCCC1)OC(=O)CCCC1CCCCC1,JW_2024,JW_2024,1
-3.392938,-0.35027594,CCCCCCC(C/C=C\CCCCCCCCOC(=O)CCN(CCC(=O)OCCCCCCCC/C=C\CC(CCCCCC)OC(=O)CCCC1CCCCC1)CCN1CCCC1)OC(=O)CCCC1CCCCC1,JW_2024,JW_2024,0
-4.12782,0.036503662,CCCCCCC(C/C=C\CCCCCCCCOC(=O)CCN(CCC(=O)OCCCCCCCC/C=C\CC(CCCCCC)OC(=O)CCCC1CCCCC1)CCN1CCCC1)OC(=O)CCCC1CCCCC1,JW_2024,JW_2024,1
-3.6744745,0.75609362,CCCCCCC(C/C=C\CCCCCCCCOC(=O)CCN(CCC(=O)OCCCCCCCC/C=C\CC(CCCCCC)OC(=O)CCCC1CCCCC1)CCN1CCCC1)OC(=O)CCCC1CCCCC1,JW_2024,JW_2024,1
-4.0489755,1.070914226,CCCCCCC(C/C=C\CCCCCCCCOC(=O)CCN(CCC(=O)OCCCCCCCC/C=C\CC(CCCCCC)OC(=O)CCCC1CCCCC1)CCN1CCCC1)OC(=O)CCCC1CCCCC1,JW_2024,JW_2024,1
-3.4987824,1.799499058,CCCCCCC(C/C=C\CCCCCCCCOC(=O)CCN(CCC(=O)OCCCCCCCC/C=C\CC(CCCCCC)OC(=O)CCCC1CCCCC1)CCN1CCCC1)OC(=O)CCCC1CCCCC1,JW_2024,JW_2024,2
-3.4866009,0.639160252,CCCCCCC(C/C=C\CCCCCCCCOC(=O)CCN(CCC(=O)OCCCCCCCC/C=C\CC(CCCCCC)OC(=O)CCCC1CCCCC1)CCN1CCCC1)OC(=O)CCCC1CCCCC1,JW_2024,JW_2024,1
-3.320744,0.91800136,CCCCCCC(C/C=C\CCCCCCCCOC(=O)CCN(CCC(=O)OCCCCCCCC/C=C\CC(CCCCCC)OC(=O)CCCC1CCCCC1)CCN1CCCC1)OC(=O)CCCC1CCCCC1,JW_2024,JW_2024,1
-3.4978652,0.513232009,CCCCCCC(C/C=C\CCCCCCCCOC(=O)CCN(CCC(=O)OCCCCCCCC/C=C\CC(CCCCCC)OC(=O)CCCC1CCCCC1)CCN1CCCC1)OC(=O)CCCC1CCCCC1,JW_2024,JW_2024,1
-3.93995,1.250811716,CCCCCCC(C/C=C\CCCCCCCCOC(=O)CCN(CCC(=O)OCCCCCCCC/C=C\CC(CCCCCC)OC(=O)CCCC1CCCCC1)CCN1CCCC1)OC(=O)CCCC1CCCCC1,JW_2024,JW_2024,1
-1.7479395,-1.060871023,CCCCCCCCC(CCCCCC)C(=O)OC(C/C=C\CCCCCCCCOC(=O)CCN(CCC(=O)OCCCCCCCC/C=C\CC(CCCCCC)OC(=O)C(CCCCCC)CCCCCCCC)CCN1CCOCC1)CCCCCC,JW_2024,JW_2024,0
-1.691119,-1.555589119,CCCCCCCCC(CCCCCC)C(=O)OC(C/C=C\CCCCCCCCOC(=O)CCN(CCC(=O)OCCCCCCCC/C=C\CC(CCCCCC)OC(=O)C(CCCCCC)CCCCCCCC)CCN1CCOCC1)CCCCCC,JW_2024,JW_2024,0
-1.844579,-1.123835144,CCCCCCCCC(CCCCCC)C(=O)OC(C/C=C\CCCCCCCCOC(=O)CCN(CCC(=O)OCCCCCCCC/C=C\CC(CCCCCC)OC(=O)C(CCCCCC)CCCCCCCC)CCN1CCOCC1)CCCCCC,JW_2024,JW_2024,0
-1.8370813,-0.026460459,CCCCCCCCC(CCCCCC)C(=O)OC(C/C=C\CCCCCCCCOC(=O)CCN(CCC(=O)OCCCCCCCC/C=C\CC(CCCCCC)OC(=O)C(CCCCCC)CCCCCCCC)CCN1CCOCC1)CCCCCC,JW_2024,JW_2024,0
-2.4995906,-0.719065793,CCCCCCCCC(CCCCCC)C(=O)OC(C/C=C\CCCCCCCCOC(=O)CCN(CCC(=O)OCCCCCCCC/C=C\CC(CCCCCC)OC(=O)C(CCCCCC)CCCCCCCC)CCN1CCOCC1)CCCCCC,JW_2024,JW_2024,0
-2.08705,-1.35770188,CCCCCCCCC(CCCCCC)C(=O)OC(C/C=C\CCCCCCCCOC(=O)CCN(CCC(=O)OCCCCCCCC/C=C\CC(CCCCCC)OC(=O)C(CCCCCC)CCCCCCCC)CCN1CCOCC1)CCCCCC,JW_2024,JW_2024,0
-2.4061792,-0.062439957,CCCCCCCCC(CCCCCC)C(=O)OC(C/C=C\CCCCCCCCOC(=O)CCN(CCC(=O)OCCCCCCCC/C=C\CC(CCCCCC)OC(=O)C(CCCCCC)CCCCCCCC)CCN1CCOCC1)CCCCCC,JW_2024,JW_2024,0
-2.5701249,-2.778892047,CCCCCCCCC(CCCCCC)C(=O)OC(C/C=C\CCCCCCCCOC(=O)CCN(CCC(=O)OCCCCCCCC/C=C\CC(CCCCCC)OC(=O)C(CCCCCC)CCCCCCCC)CCN1CCOCC1)CCCCCC,JW_2024,JW_2024,0
-2.035582,-1.168809517,CCCCCCCCC(CCCCCC)C(=O)OC(C/C=C\CCCCCCCCOC(=O)CCN(CCC(=O)OCCCCCCCC/C=C\CC(CCCCCC)OC(=O)C(CCCCCC)CCCCCCCC)CCN1CCOCC1)CCCCCC,JW_2024,JW_2024,0
-2.5180023,-0.458214434,CCCCCCCCC(CCCCCC)C(=O)OC(C/C=C\CCCCCCCCOC(=O)CCN(CCC(=O)OCCCCCCCC/C=C\CC(CCCCCC)OC(=O)C(CCCCCC)CCCCCCCC)CCN1CCOCC1)CCCCCC,JW_2024,JW_2024,0
-1.7033613,-0.85398891,CCCCCCCCC(CCCCCC)C(=O)OC(C/C=C\CCCCCCCCOC(=O)CCN(CCC(=O)OCCCCCCCC/C=C\CC(CCCCCC)OC(=O)C(CCCCCC)CCCCCCCC)CCN1CCOCC1)CCCCCC,JW_2024,JW_2024,0
-2.2360969,-1.996337968,CCCCCCCCC(CCCCCC)C(=O)OC(C/C=C\CCCCCCCCOC(=O)CCN(CCC(=O)OCCCCCCCC/C=C\CC(CCCCCC)OC(=O)C(CCCCCC)CCCCCCCC)CCN1CCOCC1)CCCCCC,JW_2024,JW_2024,0
-2.6125505,-1.27674801,CCCCCCCCC(CCCCCC)C(=O)OC(C/C=C\CCCCCCCCOC(=O)CCN(CCC(=O)OCCCCCCCC/C=C\CC(CCCCCC)OC(=O)C(CCCCCC)CCCCCCCC)CCN1CCOCC1)CCCCCC,JW_2024,JW_2024,0
-2.062379,-0.197363074,CCCCCCCCC(CCCCCC)C(=O)OC(C/C=C\CCCCCCCCOC(=O)CCN(CCC(=O)OCCCCCCCC/C=C\CC(CCCCCC)OC(=O)C(CCCCCC)CCCCCCCC)CCN1CCOCC1)CCCCCC,JW_2024,JW_2024,0
-2.9563642,-1.204789014,CCCCCCC(C/C=C\CCCCCCCCOC(=O)CCN(CCC(=O)OCCCCCCCC/C=C\CC(CCCCCC)OC(=O)C(CCCC)CCCCCC)CCN1CCOCC1)OC(=O)C(CCCC)CCCCCC,JW_2024,JW_2024,0
-2.5020587,-1.807445604,CCCCCCC(C/C=C\CCCCCCCCOC(=O)CCN(CCC(=O)OCCCCCCCC/C=C\CC(CCCCCC)OC(=O)C(CCCC)CCCCCC)CCN1CCOCC1)OC(=O)C(CCCC)CCCCCC,JW_2024,JW_2024,0
-2.4179907,-0.116409204,CCCCCCC(C/C=C\CCCCCCCCOC(=O)CCN(CCC(=O)OCCCCCCCC/C=C\CC(CCCCCC)OC(=O)C(CCCC)CCCCCC)CCN1CCOCC1)OC(=O)C(CCCC)CCCCCC,JW_2024,JW_2024,0
-2.8795235,-0.647106797,CCCCCCC(C/C=C\CCCCCCCCOC(=O)CCN(CCC(=O)OCCCCCCCC/C=C\CC(CCCCCC)OC(=O)C(CCCC)CCCCCC)CCN1CCOCC1)OC(=O)C(CCCC)CCCCCC,JW_2024,JW_2024,0
-3.6039495,-0.997906902,CCCCCCC(C/C=C\CCCCCCCCOC(=O)CCN(CCC(=O)OCCCCCCCC/C=C\CC(CCCCCC)OC(=O)C(CCCC)CCCCCC)CCN1CCOCC1)OC(=O)C(CCCC)CCCCCC,JW_2024,JW_2024,0
-2.7163315,-0.952932529,CCCCCCC(C/C=C\CCCCCCCCOC(=O)CCN(CCC(=O)OCCCCCCCC/C=C\CC(CCCCCC)OC(=O)C(CCCC)CCCCCC)CCN1CCOCC1)OC(=O)C(CCCC)CCCCCC,JW_2024,JW_2024,0
-3.4031358,0.792073118,CCCCCCC(C/C=C\CCCCCCCCOC(=O)CCN(CCC(=O)OCCCCCCCC/C=C\CC(CCCCCC)OC(=O)C(CCCC)CCCCCC)CCN1CCOCC1)OC(=O)C(CCCC)CCCCCC,JW_2024,JW_2024,1
-3.4465816,-2.841856168,CCCCCCC(C/C=C\CCCCCCCCOC(=O)CCN(CCC(=O)OCCCCCCCC/C=C\CC(CCCCCC)OC(=O)C(CCCC)CCCCCC)CCN1CCOCC1)OC(=O)C(CCCC)CCCCCC,JW_2024,JW_2024,0
-2.9437647,-1.078860772,CCCCCCC(C/C=C\CCCCCCCCOC(=O)CCN(CCC(=O)OCCCCCCCC/C=C\CC(CCCCCC)OC(=O)C(CCCC)CCCCCC)CCN1CCOCC1)OC(=O)C(CCCC)CCCCCC,JW_2024,JW_2024,0
-3.4437716,-0.871978659,CCCCCCC(C/C=C\CCCCCCCCOC(=O)CCN(CCC(=O)OCCCCCCCC/C=C\CC(CCCCCC)OC(=O)C(CCCC)CCCCCC)CCN1CCOCC1)OC(=O)C(CCCC)CCCCCC,JW_2024,JW_2024,0
-2.678523,-0.701076044,CCCCCCC(C/C=C\CCCCCCCCOC(=O)CCN(CCC(=O)OCCCCCCCC/C=C\CC(CCCCCC)OC(=O)C(CCCC)CCCCCC)CCN1CCOCC1)OC(=O)C(CCCC)CCCCCC,JW_2024,JW_2024,0
-2.9956546,-1.492624997,CCCCCCC(C/C=C\CCCCCCCCOC(=O)CCN(CCC(=O)OCCCCCCCC/C=C\CC(CCCCCC)OC(=O)C(CCCC)CCCCCC)CCN1CCOCC1)OC(=O)C(CCCC)CCCCCC,JW_2024,JW_2024,0
-3.4825513,-1.069865897,CCCCCCC(C/C=C\CCCCCCCCOC(=O)CCN(CCC(=O)OCCCCCCCC/C=C\CC(CCCCCC)OC(=O)C(CCCC)CCCCCC)CCN1CCOCC1)OC(=O)C(CCCC)CCCCCC,JW_2024,JW_2024,0
-3.114901,0.090472909,CCCCCCC(C/C=C\CCCCCCCCOC(=O)CCN(CCC(=O)OCCCCCCCC/C=C\CC(CCCCCC)OC(=O)C(CCCC)CCCCCC)CCN1CCOCC1)OC(=O)C(CCCC)CCCCCC,JW_2024,JW_2024,1
-3.0815322,-1.258758261,CCCCCCC(C/C=C\CCCCCCCCOC(=O)CCN(CCC(=O)OCCCCCCCC/C=C\CC(CCCCCC)OC(=O)CCCC1CCCCC1)CCN1CCOCC1)OC(=O)CCCC1CCCCC1,JW_2024,JW_2024,0
-3.001754,-0.77303504,CCCCCCC(C/C=C\CCCCCCCCOC(=O)CCN(CCC(=O)OCCCCCCCC/C=C\CC(CCCCCC)OC(=O)CCCC1CCCCC1)CCN1CCOCC1)OC(=O)CCCC1CCCCC1,JW_2024,JW_2024,0
-3.4798357,-0.440224685,CCCCCCC(C/C=C\CCCCCCCCOC(=O)CCN(CCC(=O)OCCCCCCCC/C=C\CC(CCCCCC)OC(=O)CCCC1CCCCC1)CCN1CCOCC1)OC(=O)CCCC1CCCCC1,JW_2024,JW_2024,0
-2.6267412,-0.305301568,CCCCCCC(C/C=C\CCCCCCCCOC(=O)CCN(CCC(=O)OCCCCCCCC/C=C\CC(CCCCCC)OC(=O)CCCC1CCCCC1)CCN1CCOCC1)OC(=O)CCCC1CCCCC1,JW_2024,JW_2024,0
-3.1619918,-1.519609621,CCCCCCC(C/C=C\CCCCCCCCOC(=O)CCN(CCC(=O)OCCCCCCCC/C=C\CC(CCCCCC)OC(=O)CCCC1CCCCC1)CCN1CCOCC1)OC(=O)CCCC1CCCCC1,JW_2024,JW_2024,0
-3.3746662,-1.501619872,CCCCCCC(C/C=C\CCCCCCCCOC(=O)CCN(CCC(=O)OCCCCCCCC/C=C\CC(CCCCCC)OC(=O)CCCC1CCCCC1)CCN1CCOCC1)OC(=O)CCCC1CCCCC1,JW_2024,JW_2024,0
-3.1914773,-0.098419455,CCCCCCC(C/C=C\CCCCCCCCOC(=O)CCN(CCC(=O)OCCCCCCCC/C=C\CC(CCCCCC)OC(=O)CCCC1CCCCC1)CCN1CCOCC1)OC(=O)CCCC1CCCCC1,JW_2024,JW_2024,0
-3.5054877,-1.735486608,CCCCCCC(C/C=C\CCCCCCCCOC(=O)CCN(CCC(=O)OCCCCCCCC/C=C\CC(CCCCCC)OC(=O)CCCC1CCCCC1)CCN1CCOCC1)OC(=O)CCCC1CCCCC1,JW_2024,JW_2024,0
-3.0008936,-0.584142676,CCCCCCC(C/C=C\CCCCCCCCOC(=O)CCN(CCC(=O)OCCCCCCCC/C=C\CC(CCCCCC)OC(=O)CCCC1CCCCC1)CCN1CCOCC1)OC(=O)CCCC1CCCCC1,JW_2024,JW_2024,0
-3.3819113,-0.809014538,CCCCCCC(C/C=C\CCCCCCCCOC(=O)CCN(CCC(=O)OCCCCCCCC/C=C\CC(CCCCCC)OC(=O)CCCC1CCCCC1)CCN1CCOCC1)OC(=O)CCCC1CCCCC1,JW_2024,JW_2024,0
-3.600829,-0.260327195,CCCCCCC(C/C=C\CCCCCCCCOC(=O)CCN(CCC(=O)OCCCCCCCC/C=C\CC(CCCCCC)OC(=O)CCCC1CCCCC1)CCN1CCOCC1)OC(=O)CCCC1CCCCC1,JW_2024,JW_2024,0
-3.1297944,-1.186799266,CCCCCCC(C/C=C\CCCCCCCCOC(=O)CCN(CCC(=O)OCCCCCCCC/C=C\CC(CCCCCC)OC(=O)CCCC1CCCCC1)CCN1CCOCC1)OC(=O)CCCC1CCCCC1,JW_2024,JW_2024,0
-3.4262712,-1.213783889,CCCCCCC(C/C=C\CCCCCCCCOC(=O)CCN(CCC(=O)OCCCCCCCC/C=C\CC(CCCCCC)OC(=O)CCCC1CCCCC1)CCN1CCOCC1)OC(=O)CCCC1CCCCC1,JW_2024,JW_2024,0
-3.8067112,0.162431905,CCCCCCC(C/C=C\CCCCCCCCOC(=O)CCN(CCC(=O)OCCCCCCCC/C=C\CC(CCCCCC)OC(=O)CCCC1CCCCC1)CCN1CCOCC1)OC(=O)CCCC1CCCCC1,JW_2024,JW_2024,1
-2.7287476,-0.952932529,CCCCCC/C=C\CCC(=O)OC(C/C=C\CCCCCCCCOC(=O)CCN(CCC(=O)OCCCCCCCC/C=C\CC(CCCCCC)OC(=O)CC/C=C\CCCCCC)CCN1CCOCC1)CCCCCC,JW_2024,JW_2024,0
-2.4721186,-0.925947906,CCCCCC/C=C\CCC(=O)OC(C/C=C\CCCCCCCCOC(=O)CCN(CCC(=O)OCCCCCCCC/C=C\CC(CCCCCC)OC(=O)CC/C=C\CCCCCC)CCN1CCOCC1)CCCCCC,JW_2024,JW_2024,0
-2.750059,-0.413240061,CCCCCC/C=C\CCC(=O)OC(C/C=C\CCCCCCCCOC(=O)CCN(CCC(=O)OCCCCCCCC/C=C\CC(CCCCCC)OC(=O)CC/C=C\CCCCCC)CCN1CCOCC1)CCCCCC,JW_2024,JW_2024,0
-2.5617876,-0.952932529,CCCCCC/C=C\CCC(=O)OC(C/C=C\CCCCCCCCOC(=O)CCN(CCC(=O)OCCCCCCCC/C=C\CC(CCCCCC)OC(=O)CC/C=C\CCCCCC)CCN1CCOCC1)CCCCCC,JW_2024,JW_2024,0
-3.1478927,-1.402676253,CCCCCC/C=C\CCC(=O)OC(C/C=C\CCCCCCCCOC(=O)CCN(CCC(=O)OCCCCCCCC/C=C\CC(CCCCCC)OC(=O)CC/C=C\CCCCCC)CCN1CCOCC1)CCCCCC,JW_2024,JW_2024,0
-3.2150578,-0.889968408,CCCCCC/C=C\CCC(=O)OC(C/C=C\CCCCCCCCOC(=O)CCN(CCC(=O)OCCCCCCCC/C=C\CC(CCCCCC)OC(=O)CC/C=C\CCCCCC)CCN1CCOCC1)CCCCCC,JW_2024,JW_2024,0
-3.0271072,0.279365273,CCCCCC/C=C\CCC(=O)OC(C/C=C\CCCCCCCCOC(=O)CCN(CCC(=O)OCCCCCCCC/C=C\CC(CCCCCC)OC(=O)CC/C=C\CCCCCC)CCN1CCOCC1)CCCCCC,JW_2024,JW_2024,1
-3.4367888,-2.284173951,CCCCCC/C=C\CCC(=O)OC(C/C=C\CCCCCCCCOC(=O)CCN(CCC(=O)OCCCCCCCC/C=C\CC(CCCCCC)OC(=O)CC/C=C\CCCCCC)CCN1CCOCC1)CCCCCC,JW_2024,JW_2024,0
-2.791321,-0.566152927,CCCCCC/C=C\CCC(=O)OC(C/C=C\CCCCCCCCOC(=O)CCN(CCC(=O)OCCCCCCCC/C=C\CC(CCCCCC)OC(=O)CC/C=C\CCCCCC)CCN1CCOCC1)CCCCCC,JW_2024,JW_2024,0
-3.2721517,-0.997906902,CCCCCC/C=C\CCC(=O)OC(C/C=C\CCCCCCCCOC(=O)CCN(CCC(=O)OCCCCCCCC/C=C\CC(CCCCCC)OC(=O)CC/C=C\CCCCCC)CCN1CCOCC1)CCCCCC,JW_2024,JW_2024,0
-2.9125628,0.018513913,CCCCCC/C=C\CCC(=O)OC(C/C=C\CCCCCCCCOC(=O)CCN(CCC(=O)OCCCCCCCC/C=C\CC(CCCCCC)OC(=O)CC/C=C\CCCCCC)CCN1CCOCC1)CCCCCC,JW_2024,JW_2024,0
-3.1421351,-1.447650625,CCCCCC/C=C\CCC(=O)OC(C/C=C\CCCCCCCCOC(=O)CCN(CCC(=O)OCCCCCCCC/C=C\CC(CCCCCC)OC(=O)CC/C=C\CCCCCC)CCN1CCOCC1)CCCCCC,JW_2024,JW_2024,0
-3.3848207,-1.420666002,CCCCCC/C=C\CCC(=O)OC(C/C=C\CCCCCCCCOC(=O)CCN(CCC(=O)OCCCCCCCC/C=C\CC(CCCCCC)OC(=O)CC/C=C\CCCCCC)CCN1CCOCC1)CCCCCC,JW_2024,JW_2024,0
-3.0845845,-0.539168304,CCCCCC/C=C\CCC(=O)OC(C/C=C\CCCCCCCCOC(=O)CCN(CCC(=O)OCCCCCCCC/C=C\CC(CCCCCC)OC(=O)CC/C=C\CCCCCC)CCN1CCOCC1)CCCCCC,JW_2024,JW_2024,0
-2.983105,-1.213783889,CCCCCCCCCCCC(=O)OC(C/C=C\CCCCCCCCOC(=O)CCN(CCC(=O)OCCCCCCCC/C=C\CC(CCCCCC)OC(=O)CCCCCCCCCCC)CCN1CCOCC1)CCCCCC,JW_2024,JW_2024,0
-3.2142909,-1.474635249,CCCCCCCCCCCC(=O)OC(C/C=C\CCCCCCCCOC(=O)CCN(CCC(=O)OCCCCCCCC/C=C\CC(CCCCCC)OC(=O)CCCCCCCCCCC)CCN1CCOCC1)CCCCCC,JW_2024,JW_2024,0
-3.2045465,-0.656101672,CCCCCCCCCCCC(=O)OC(C/C=C\CCCCCCCCOC(=O)CCN(CCC(=O)OCCCCCCCC/C=C\CC(CCCCCC)OC(=O)CCCCCCCCCCC)CCN1CCOCC1)CCCCCC,JW_2024,JW_2024,0
-3.0010006,-0.521178555,CCCCCCCCCCCC(=O)OC(C/C=C\CCCCCCCCOC(=O)CCN(CCC(=O)OCCCCCCCC/C=C\CC(CCCCCC)OC(=O)CCCCCCCCCCC)CCN1CCOCC1)CCCCCC,JW_2024,JW_2024,0
-3.736525,-1.528604495,CCCCCCCCCCCC(=O)OC(C/C=C\CCCCCCCCOC(=O)CCN(CCC(=O)OCCCCCCCC/C=C\CC(CCCCCC)OC(=O)CCCCCCCCCCC)CCN1CCOCC1)CCCCCC,JW_2024,JW_2024,0
-3.353909,-1.150819768,CCCCCCCCCCCC(=O)OC(C/C=C\CCCCCCCCOC(=O)CCN(CCC(=O)OCCCCCCCC/C=C\CC(CCCCCC)OC(=O)CCCCCCCCCCC)CCN1CCOCC1)CCCCCC,JW_2024,JW_2024,0
-3.8767524,0.423283264,CCCCCCCCCCCC(=O)OC(C/C=C\CCCCCCCCOC(=O)CCN(CCC(=O)OCCCCCCCC/C=C\CC(CCCCCC)OC(=O)CCCCCCCCCCC)CCN1CCOCC1)CCCCCC,JW_2024,JW_2024,1
-4.0206904,-3.156676774,CCCCCCCCCCCC(=O)OC(C/C=C\CCCCCCCCOC(=O)CCN(CCC(=O)OCCCCCCCC/C=C\CC(CCCCCC)OC(=O)CCCCCCCCCCC)CCN1CCOCC1)CCCCCC,JW_2024,JW_2024,0
-3.6103897,-0.764040165,CCCCCCCCCCCC(=O)OC(C/C=C\CCCCCCCCOC(=O)CCN(CCC(=O)OCCCCCCCC/C=C\CC(CCCCCC)OC(=O)CCCCCCCCCCC)CCN1CCOCC1)CCCCCC,JW_2024,JW_2024,0
-3.9333382,-0.665096546,CCCCCCCCCCCC(=O)OC(C/C=C\CCCCCCCCOC(=O)CCN(CCC(=O)OCCCCCCCC/C=C\CC(CCCCCC)OC(=O)CCCCCCCCCCC)CCN1CCOCC1)CCCCCC,JW_2024,JW_2024,0
-3.2519183,-0.521178555,CCCCCCCCCCCC(=O)OC(C/C=C\CCCCCCCCOC(=O)CCN(CCC(=O)OCCCCCCCC/C=C\CC(CCCCCC)OC(=O)CCCCCCCCCCC)CCN1CCOCC1)CCCCCC,JW_2024,JW_2024,0
-3.868302,-1.447650625,CCCCCCCCCCCC(=O)OC(C/C=C\CCCCCCCCOC(=O)CCN(CCC(=O)OCCCCCCCC/C=C\CC(CCCCCC)OC(=O)CCCCCCCCCCC)CCN1CCOCC1)CCCCCC,JW_2024,JW_2024,0
-4.0026126,-1.447650625,CCCCCCCCCCCC(=O)OC(C/C=C\CCCCCCCCOC(=O)CCN(CCC(=O)OCCCCCCCC/C=C\CC(CCCCCC)OC(=O)CCCCCCCCCCC)CCN1CCOCC1)CCCCCC,JW_2024,JW_2024,0
-3.6724157,-0.35027594,CCCCCCCCCCCC(=O)OC(C/C=C\CCCCCCCCOC(=O)CCN(CCC(=O)OCCCCCCCC/C=C\CC(CCCCCC)OC(=O)CCCCCCCCCCC)CCN1CCOCC1)CCCCCC,JW_2024,JW_2024,0
-2.8243263,-1.006901776,CCCCCCCCCCCCCCCCCC(=O)OC(C/C=C\CCCCCCCCOC(=O)CCN(CCC(=O)OCCCCCCCC/C=C\CC(CCCCCC)OC(=O)CCCCCCCCCCCCCCCCC)CCN1CCOCC1)CCCCCC,JW_2024,JW_2024,0
-2.760373,-1.006901776,CCCCCCCCCCCCCCCCCC(=O)OC(C/C=C\CCCCCCCCOC(=O)CCN(CCC(=O)OCCCCCCCC/C=C\CC(CCCCCC)OC(=O)CCCCCCCCCCCCCCCCC)CCN1CCOCC1)CCCCCC,JW_2024,JW_2024,0
-2.2937272,-0.098419455,CCCCCCCCCCCCCCCCCC(=O)OC(C/C=C\CCCCCCCCOC(=O)CCN(CCC(=O)OCCCCCCCC/C=C\CC(CCCCCC)OC(=O)CCCCCCCCCCCCCCCCC)CCN1CCOCC1)CCCCCC,JW_2024,JW_2024,0
-2.9820507,0.07248316,CCCCCCCCCCCCCCCCCC(=O)OC(C/C=C\CCCCCCCCOC(=O)CCN(CCC(=O)OCCCCCCCC/C=C\CC(CCCCCC)OC(=O)CCCCCCCCCCCCCCCCC)CCN1CCOCC1)CCCCCC,JW_2024,JW_2024,1
-3.5151627,-1.11484027,CCCCCCCCCCCCCCCCCC(=O)OC(C/C=C\CCCCCCCCOC(=O)CCN(CCC(=O)OCCCCCCCC/C=C\CC(CCCCCC)OC(=O)CCCCCCCCCCCCCCCCC)CCN1CCOCC1)CCCCCC,JW_2024,JW_2024,0
-2.4322686,-0.970922278,CCCCCCCCCCCCCCCCCC(=O)OC(C/C=C\CCCCCCCCOC(=O)CCN(CCC(=O)OCCCCCCCC/C=C\CC(CCCCCC)OC(=O)CCCCCCCCCCCCCCCCC)CCN1CCOCC1)CCCCCC,JW_2024,JW_2024,0
-2.9632885,-0.665096546,CCCCCCCCCCCCCCCCCC(=O)OC(C/C=C\CCCCCCCCOC(=O)CCN(CCC(=O)OCCCCCCCC/C=C\CC(CCCCCC)OC(=O)CCCCCCCCCCCCCCCCC)CCN1CCOCC1)CCCCCC,JW_2024,JW_2024,0
-3.6274834,-2.311158574,CCCCCCCCCCCCCCCCCC(=O)OC(C/C=C\CCCCCCCCOC(=O)CCN(CCC(=O)OCCCCCCCC/C=C\CC(CCCCCC)OC(=O)CCCCCCCCCCCCCCCCC)CCN1CCOCC1)CCCCCC,JW_2024,JW_2024,0
-3.3162842,-0.764040165,CCCCCCCCCCCCCCCCCC(=O)OC(C/C=C\CCCCCCCCOC(=O)CCN(CCC(=O)OCCCCCCCC/C=C\CC(CCCCCC)OC(=O)CCCCCCCCCCCCCCCCC)CCN1CCOCC1)CCCCCC,JW_2024,JW_2024,0
-3.3507442,-0.638111923,CCCCCCCCCCCCCCCCCC(=O)OC(C/C=C\CCCCCCCCOC(=O)CCN(CCC(=O)OCCCCCCCC/C=C\CC(CCCCCC)OC(=O)CCCCCCCCCCCCCCCCC)CCN1CCOCC1)CCCCCC,JW_2024,JW_2024,0
-2.2957692,-0.395250312,CCCCCCCCCCCCCCCCCC(=O)OC(C/C=C\CCCCCCCCOC(=O)CCN(CCC(=O)OCCCCCCCC/C=C\CC(CCCCCC)OC(=O)CCCCCCCCCCCCCCCCC)CCN1CCOCC1)CCCCCC,JW_2024,JW_2024,0
-3.241811,-1.447650625,CCCCCCCCCCCCCCCCCC(=O)OC(C/C=C\CCCCCCCCOC(=O)CCN(CCC(=O)OCCCCCCCC/C=C\CC(CCCCCC)OC(=O)CCCCCCCCCCCCCCCCC)CCN1CCOCC1)CCCCCC,JW_2024,JW_2024,0
-3.438468,-1.141824893,CCCCCCCCCCCCCCCCCC(=O)OC(C/C=C\CCCCCCCCOC(=O)CCN(CCC(=O)OCCCCCCCC/C=C\CC(CCCCCC)OC(=O)CCCCCCCCCCCCCCCCC)CCN1CCOCC1)CCCCCC,JW_2024,JW_2024,0
-2.4623237,0.189416528,CCCCCCCCCCCCCCCCCC(=O)OC(C/C=C\CCCCCCCCOC(=O)CCN(CCC(=O)OCCCCCCCC/C=C\CC(CCCCCC)OC(=O)CCCCCCCCCCCCCCCCC)CCN1CCOCC1)CCCCCC,JW_2024,JW_2024,1
-3.8410225,-0.062439957,CCCCCC/C=C\CCC(=O)OC(C/C=C\CCCCCCCCOC(=O)CCN(CCC(=O)OCCCCCCCC/C=C\CC(CCCCCC)OC(=O)CC/C=C\CCCCCC)CCN1CCCC1)CCCCCC,JW_2024,JW_2024,0
-3.4630644,1.025939854,CCCCCC/C=C\CCC(=O)OC(C/C=C\CCCCCCCCOC(=O)CCN(CCC(=O)OCCCCCCCC/C=C\CC(CCCCCC)OC(=O)CC/C=C\CCCCCC)CCN1CCCC1)CCCCCC,JW_2024,JW_2024,1
-3.7249603,0.774083369,CCCCCC/C=C\CCC(=O)OC(C/C=C\CCCCCCCCOC(=O)CCN(CCC(=O)OCCCCCCCC/C=C\CC(CCCCCC)OC(=O)CC/C=C\CCCCCC)CCN1CCCC1)CCCCCC,JW_2024,JW_2024,1
-3.7665534,0.25238065,CCCCCC/C=C\CCC(=O)OC(C/C=C\CCCCCCCCOC(=O)CCN(CCC(=O)OCCCCCCCC/C=C\CC(CCCCCC)OC(=O)CC/C=C\CCCCCC)CCN1CCCC1)CCCCCC,JW_2024,JW_2024,1
-4.331663,-0.233342572,CCCCCC/C=C\CCC(=O)OC(C/C=C\CCCCCCCCOC(=O)CCN(CCC(=O)OCCCCCCCC/C=C\CC(CCCCCC)OC(=O)CC/C=C\CCCCCC)CCN1CCCC1)CCCCCC,JW_2024,JW_2024,0
-3.786213,-0.916953031,CCCCCC/C=C\CCC(=O)OC(C/C=C\CCCCCCCCOC(=O)CCN(CCC(=O)OCCCCCCCC/C=C\CC(CCCCCC)OC(=O)CC/C=C\CCCCCC)CCN1CCCC1)CCCCCC,JW_2024,JW_2024,0
-4.037345,0.360319143,CCCCCC/C=C\CCC(=O)OC(C/C=C\CCCCCCCCOC(=O)CCN(CCC(=O)OCCCCCCCC/C=C\CC(CCCCCC)OC(=O)CC/C=C\CCCCCC)CCN1CCCC1)CCCCCC,JW_2024,JW_2024,1
-4.3377123,-0.26932207,CCCCCC/C=C\CCC(=O)OC(C/C=C\CCCCCCCCOC(=O)CCN(CCC(=O)OCCCCCCCC/C=C\CC(CCCCCC)OC(=O)CC/C=C\CCCCCC)CCN1CCCC1)CCCCCC,JW_2024,JW_2024,0
-3.833049,1.421714331,CCCCCC/C=C\CCC(=O)OC(C/C=C\CCCCCCCCOC(=O)CCN(CCC(=O)OCCCCCCCC/C=C\CC(CCCCCC)OC(=O)CC/C=C\CCCCCC)CCN1CCCC1)CCCCCC,JW_2024,JW_2024,2
-4.388899,0.090472909,CCCCCC/C=C\CCC(=O)OC(C/C=C\CCCCCCCCOC(=O)CCN(CCC(=O)OCCCCCCCC/C=C\CC(CCCCCC)OC(=O)CC/C=C\CCCCCC)CCN1CCCC1)CCCCCC,JW_2024,JW_2024,1
-4.102983,1.34076046,CCCCCC/C=C\CCC(=O)OC(C/C=C\CCCCCCCCOC(=O)CCN(CCC(=O)OCCCCCCCC/C=C\CC(CCCCCC)OC(=O)CC/C=C\CCCCCC)CCN1CCCC1)CCCCCC,JW_2024,JW_2024,2
-4.3716474,0.234390901,CCCCCC/C=C\CCC(=O)OC(C/C=C\CCCCCCCCOC(=O)CCN(CCC(=O)OCCCCCCCC/C=C\CC(CCCCCC)OC(=O)CC/C=C\CCCCCC)CCN1CCCC1)CCCCCC,JW_2024,JW_2024,1
-4.4534483,-0.476204182,CCCCCC/C=C\CCC(=O)OC(C/C=C\CCCCCCCCOC(=O)CCN(CCC(=O)OCCCCCCCC/C=C\CC(CCCCCC)OC(=O)CC/C=C\CCCCCC)CCN1CCCC1)CCCCCC,JW_2024,JW_2024,0
-4.174784,1.106893724,CCCCCC/C=C\CCC(=O)OC(C/C=C\CCCCCCCCOC(=O)CCN(CCC(=O)OCCCCCCCC/C=C\CC(CCCCCC)OC(=O)CC/C=C\CCCCCC)CCN1CCCC1)CCCCCC,JW_2024,JW_2024,1
-4.015308,0.171426779,CCCCCC/C=C\CCC(=O)OC(C/C=C\CCCCCCCCOC(=O)CCN(CCC(=O)OCCCCCCCC/C=C\CC(CCCCCC)OC(=O)CC/C=C\CCCCCC)CCN1CCCC1)CCCCCC,JW_2024,JW_2024,1
-4.233798,-0.647106797,CCCCCC/C=C\CCC(=O)OC(C/C=C\CCCCCCCCOC(=O)CCN(CCC(=O)OCCCCCCCC/C=C\CC(CCCCCC)OC(=O)CC/C=C\CCCCCC)CCN1CCCC1)CCCCCC,JW_2024,JW_2024,0
-4.4144225,-0.377260563,CCCCCC/C=C\CCC(=O)OC(C/C=C\CCCCCCCCOC(=O)CCN(CCC(=O)OCCCCCCCC/C=C\CC(CCCCCC)OC(=O)CC/C=C\CCCCCC)CCN1CCCC1)CCCCCC,JW_2024,JW_2024,0
-4.096912,0.171426779,CCCCCC/C=C\CCC(=O)OC(C/C=C\CCCCCCCCOC(=O)CCN(CCC(=O)OCCCCCCCC/C=C\CC(CCCCCC)OC(=O)CC/C=C\CCCCCC)CCN1CCCC1)CCCCCC,JW_2024,JW_2024,1
-4.3467793,0.792073118,CCCCCC/C=C\CCC(=O)OC(C/C=C\CCCCCCCCOC(=O)CCN(CCC(=O)OCCCCCCCC/C=C\CC(CCCCCC)OC(=O)CC/C=C\CCCCCC)CCN1CCCC1)CCCCCC,JW_2024,JW_2024,1
-3.9993668,1.583622071,CCCCCC/C=C\CCC(=O)OC(C/C=C\CCCCCCCCOC(=O)CCN(CCC(=O)OCCCCCCCC/C=C\CC(CCCCCC)OC(=O)CC/C=C\CCCCCC)CCN1CCCC1)CCCCCC,JW_2024,JW_2024,2
-4.157598,0.306349896,CCCCCC/C=C\CCC(=O)OC(C/C=C\CCCCCCCCOC(=O)CCN(CCC(=O)OCCCCCCCC/C=C\CC(CCCCCC)OC(=O)CC/C=C\CCCCCC)CCN1CCCC1)CCCCCC,JW_2024,JW_2024,1
-4.0087047,0.810062867,CCCCCC/C=C\CCC(=O)OC(C/C=C\CCCCCCCCOC(=O)CCN(CCC(=O)OCCCCCCCC/C=C\CC(CCCCCC)OC(=O)CC/C=C\CCCCCC)CCN1CCCC1)CCCCCC,JW_2024,JW_2024,1
-4.2907357,0.612175628,CCCCCC/C=C\CCC(=O)OC(C/C=C\CCCCCCCCOC(=O)CCN(CCC(=O)OCCCCCCCC/C=C\CC(CCCCCC)OC(=O)CC/C=C\CCCCCC)CCN1CCCC1)CCCCCC,JW_2024,JW_2024,1
-4.518681,1.160862971,CCCCCC/C=C\CCC(=O)OC(C/C=C\CCCCCCCCOC(=O)CCN(CCC(=O)OCCCCCCCC/C=C\CC(CCCCCC)OC(=O)CC/C=C\CCCCCC)CCN1CCCC1)CCCCCC,JW_2024,JW_2024,1
-3.4935088,0.57619613,CCCCCCCCCCCC(=O)OC(C/C=C\CCCCCCCCOC(=O)CCN(CCC(=O)OCCCCCCCC/C=C\CC(CCCCCC)OC(=O)CCCCCCCCCCC)CCN1CCCC1)CCCCCC,JW_2024,JW_2024,1
-3.16551,0.91800136,CCCCCCCCCCCC(=O)OC(C/C=C\CCCCCCCCOC(=O)CCN(CCC(=O)OCCCCCCCC/C=C\CC(CCCCCC)OC(=O)CCCCCCCCCCC)CCN1CCCC1)CCCCCC,JW_2024,JW_2024,1
-3.0429947,1.583622071,CCCCCCCCCCCC(=O)OC(C/C=C\CCCCCCCCOC(=O)CCN(CCC(=O)OCCCCCCCC/C=C\CC(CCCCCC)OC(=O)CCCCCCCCCCC)CCN1CCCC1)CCCCCC,JW_2024,JW_2024,2
-3.5412989,-0.044450208,CCCCCCCCCCCC(=O)OC(C/C=C\CCCCCCCCOC(=O)CCN(CCC(=O)OCCCCCCCC/C=C\CC(CCCCCC)OC(=O)CCCCCCCCCCC)CCN1CCCC1)CCCCCC,JW_2024,JW_2024,0
-3.9436672,0.288360147,CCCCCCCCCCCC(=O)OC(C/C=C\CCCCCCCCOC(=O)CCN(CCC(=O)OCCCCCCCC/C=C\CC(CCCCCC)OC(=O)CCCCCCCCCCC)CCN1CCCC1)CCCCCC,JW_2024,JW_2024,1
-2.7158766,-0.080429706,CCCCCCCCCCCC(=O)OC(C/C=C\CCCCCCCCOC(=O)CCN(CCC(=O)OCCCCCCCC/C=C\CC(CCCCCC)OC(=O)CCCCCCCCCCC)CCN1CCCC1)CCCCCC,JW_2024,JW_2024,0
-3.5814135,1.088903975,CCCCCCCCCCCC(=O)OC(C/C=C\CCCCCCCCOC(=O)CCN(CCC(=O)OCCCCCCCC/C=C\CC(CCCCCC)OC(=O)CCCCCCCCCCC)CCN1CCCC1)CCCCCC,JW_2024,JW_2024,1
-3.6367536,-0.782029914,CCCCCCCCCCCC(=O)OC(C/C=C\CCCCCCCCOC(=O)CCN(CCC(=O)OCCCCCCCC/C=C\CC(CCCCCC)OC(=O)CCCCCCCCCCC)CCN1CCCC1)CCCCCC,JW_2024,JW_2024,0
-3.7047968,1.430709205,CCCCCCCCCCCC(=O)OC(C/C=C\CCCCCCCCOC(=O)CCN(CCC(=O)OCCCCCCCC/C=C\CC(CCCCCC)OC(=O)CCCCCCCCCCC)CCN1CCCC1)CCCCCC,JW_2024,JW_2024,2
-3.421669,1.016944979,CCCCCCCCCCCC(=O)OC(C/C=C\CCCCCCCCOC(=O)CCN(CCC(=O)OCCCCCCCC/C=C\CC(CCCCCC)OC(=O)CCCCCCCCCCC)CCN1CCCC1)CCCCCC,JW_2024,JW_2024,1
-2.7668185,1.727540062,CCCCCCCCCCCC(=O)OC(C/C=C\CCCCCCCCOC(=O)CCN(CCC(=O)OCCCCCCCC/C=C\CC(CCCCCC)OC(=O)CCCCCCCCCCC)CCN1CCCC1)CCCCCC,JW_2024,JW_2024,2
-3.3377144,0.135447281,CCCCCCCCCCCC(=O)OC(C/C=C\CCCCCCCCOC(=O)CCN(CCC(=O)OCCCCCCCC/C=C\CC(CCCCCC)OC(=O)CCCCCCCCCCC)CCN1CCCC1)CCCCCC,JW_2024,JW_2024,1
-3.4346604,0.423283264,CCCCCCCCCCCC(=O)OC(C/C=C\CCCCCCCCOC(=O)CCN(CCC(=O)OCCCCCCCC/C=C\CC(CCCCCC)OC(=O)CCCCCCCCCCC)CCN1CCCC1)CCCCCC,JW_2024,JW_2024,1
-3.0053163,0.828052616,CCCCCCCCCCCC(=O)OC(C/C=C\CCCCCCCCOC(=O)CCN(CCC(=O)OCCCCCCCC/C=C\CC(CCCCCC)OC(=O)CCCCCCCCCCC)CCN1CCCC1)CCCCCC,JW_2024,JW_2024,1
-4.0105586,1.079909101,CCCCCCCCCCCC(=O)OC(C/C=C\CCCCCCCCOC(=O)CCN(CCC(=O)OCCCCCCCC/C=C\CC(CCCCCC)OC(=O)CCCCCCCCCCC)CCN1CCCC1)CCCCCC,JW_2024,JW_2024,1
-3.654296,0.018513913,CCCCCCCCCCCC(=O)OC(C/C=C\CCCCCCCCOC(=O)CCN(CCC(=O)OCCCCCCCC/C=C\CC(CCCCCC)OC(=O)CCCCCCCCCCC)CCN1CCCC1)CCCCCC,JW_2024,JW_2024,0
-3.6442156,0.234390901,CCCCCCCCCCCC(=O)OC(C/C=C\CCCCCCCCOC(=O)CCN(CCC(=O)OCCCCCCCC/C=C\CC(CCCCCC)OC(=O)CCCCCCCCCCC)CCN1CCCC1)CCCCCC,JW_2024,JW_2024,1
-3.8740327,1.115888599,CCCCCCCCCCCC(=O)OC(C/C=C\CCCCCCCCOC(=O)CCN(CCC(=O)OCCCCCCCC/C=C\CC(CCCCCC)OC(=O)CCCCCCCCCCC)CCN1CCCC1)CCCCCC,JW_2024,JW_2024,1
-3.3239303,1.52065795,CCCCCCCCCCCC(=O)OC(C/C=C\CCCCCCCCOC(=O)CCN(CCC(=O)OCCCCCCCC/C=C\CC(CCCCCC)OC(=O)CCCCCCCCCCC)CCN1CCCC1)CCCCCC,JW_2024,JW_2024,2
-3.3758352,1.889447803,CCCCCCCCCCCC(=O)OC(C/C=C\CCCCCCCCOC(=O)CCN(CCC(=O)OCCCCCCCC/C=C\CC(CCCCCC)OC(=O)CCCCCCCCCCC)CCN1CCCC1)CCCCCC,JW_2024,JW_2024,2
-3.3695338,0.477252511,CCCCCCCCCCCC(=O)OC(C/C=C\CCCCCCCCOC(=O)CCN(CCC(=O)OCCCCCCCC/C=C\CC(CCCCCC)OC(=O)CCCCCCCCCCC)CCN1CCCC1)CCCCCC,JW_2024,JW_2024,1
-3.9123192,1.556637448,CCCCCCCCCCCC(=O)OC(C/C=C\CCCCCCCCOC(=O)CCN(CCC(=O)OCCCCCCCC/C=C\CC(CCCCCC)OC(=O)CCCCCCCCCCC)CCN1CCCC1)CCCCCC,JW_2024,JW_2024,2
-3.639299,-0.907958157,CCCCCCCCCCCC(=O)OC(C/C=C\CCCCCCCCOC(=O)CCN(CCC(=O)OCCCCCCCC/C=C\CC(CCCCCC)OC(=O)CCCCCCCCCCC)CCN1CCCC1)CCCCCC,JW_2024,JW_2024,0
-3.8119109,1.457693828,CCCCCCCCCCCC(=O)OC(C/C=C\CCCCCCCCOC(=O)CCN(CCC(=O)OCCCCCCCC/C=C\CC(CCCCCC)OC(=O)CCCCCCCCCCC)CCN1CCCC1)CCCCCC,JW_2024,JW_2024,2
-4.52971,0.369314018,CCCCCCCCCCCCCCCCCC(=O)OC(C/C=C\CCCCCCCCOC(=O)CCN(CCC(=O)OCCCCCCCC/C=C\CC(CCCCCC)OC(=O)CCCCCCCCCCCCCCCCC)CCN1CCCC1)CCCCCC,JW_2024,JW_2024,1
-4.1141133,0.351324269,CCCCCCCCCCCCCCCCCC(=O)OC(C/C=C\CCCCCCCCOC(=O)CCN(CCC(=O)OCCCCCCCC/C=C\CC(CCCCCC)OC(=O)CCCCCCCCCCCCCCCCC)CCN1CCCC1)CCCCCC,JW_2024,JW_2024,1
-3.8018842,0.144442156,CCCCCCCCCCCCCCCCCC(=O)OC(C/C=C\CCCCCCCCOC(=O)CCN(CCC(=O)OCCCCCCCC/C=C\CC(CCCCCC)OC(=O)CCCCCCCCCCCCCCCCC)CCN1CCCC1)CCCCCC,JW_2024,JW_2024,1
-4.6367707,-0.215352823,CCCCCCCCCCCCCCCCCC(=O)OC(C/C=C\CCCCCCCCOC(=O)CCN(CCC(=O)OCCCCCCCC/C=C\CC(CCCCCC)OC(=O)CCCCCCCCCCCCCCCCC)CCN1CCCC1)CCCCCC,JW_2024,JW_2024,0
-5.2307367,-0.116409204,CCCCCCCCCCCCCCCCCC(=O)OC(C/C=C\CCCCCCCCOC(=O)CCN(CCC(=O)OCCCCCCCC/C=C\CC(CCCCCC)OC(=O)CCCCCCCCCCCCCCCCC)CCN1CCCC1)CCCCCC,JW_2024,JW_2024,0
-3.968728,-0.00847071,CCCCCCCCCCCCCCCCCC(=O)OC(C/C=C\CCCCCCCCOC(=O)CCN(CCC(=O)OCCCCCCCC/C=C\CC(CCCCCC)OC(=O)CCCCCCCCCCCCCCCCC)CCN1CCCC1)CCCCCC,JW_2024,JW_2024,0
-4.5027223,0.018513913,CCCCCCCCCCCCCCCCCC(=O)OC(C/C=C\CCCCCCCCOC(=O)CCN(CCC(=O)OCCCCCCCC/C=C\CC(CCCCCC)OC(=O)CCCCCCCCCCCCCCCCC)CCN1CCCC1)CCCCCC,JW_2024,JW_2024,0
-4.842935,-0.566152927,CCCCCCCCCCCCCCCCCC(=O)OC(C/C=C\CCCCCCCCOC(=O)CCN(CCC(=O)OCCCCCCCC/C=C\CC(CCCCCC)OC(=O)CCCCCCCCCCCCCCCCC)CCN1CCCC1)CCCCCC,JW_2024,JW_2024,0
-4.473338,1.502668201,CCCCCCCCCCCCCCCCCC(=O)OC(C/C=C\CCCCCCCCOC(=O)CCN(CCC(=O)OCCCCCCCC/C=C\CC(CCCCCC)OC(=O)CCCCCCCCCCCCCCCCC)CCN1CCCC1)CCCCCC,JW_2024,JW_2024,2
-4.7745976,0.603180754,CCCCCCCCCCCCCCCCCC(=O)OC(C/C=C\CCCCCCCCOC(=O)CCN(CCC(=O)OCCCCCCCC/C=C\CC(CCCCCC)OC(=O)CCCCCCCCCCCCCCCCC)CCN1CCCC1)CCCCCC,JW_2024,JW_2024,1
-3.81254,1.09789885,CCCCCCCCCCCCCCCCCC(=O)OC(C/C=C\CCCCCCCCOC(=O)CCN(CCC(=O)OCCCCCCCC/C=C\CC(CCCCCC)OC(=O)CCCCCCCCCCCCCCCCC)CCN1CCCC1)CCCCCC,JW_2024,JW_2024,1
-4.5968537,-0.125404078,CCCCCCCCCCCCCCCCCC(=O)OC(C/C=C\CCCCCCCCOC(=O)CCN(CCC(=O)OCCCCCCCC/C=C\CC(CCCCCC)OC(=O)CCCCCCCCCCCCCCCCC)CCN1CCCC1)CCCCCC,JW_2024,JW_2024,0
-4.7944016,-0.386255438,CCCCCCCCCCCCCCCCCC(=O)OC(C/C=C\CCCCCCCCOC(=O)CCN(CCC(=O)OCCCCCCCC/C=C\CC(CCCCCC)OC(=O)CCCCCCCCCCCCCCCCC)CCN1CCCC1)CCCCCC,JW_2024,JW_2024,0
-3.9994583,0.855037239,CCCCCCCCCCCCCCCCCC(=O)OC(C/C=C\CCCCCCCCOC(=O)CCN(CCC(=O)OCCCCCCCC/C=C\CC(CCCCCC)OC(=O)CCCCCCCCCCCCCCCCC)CCN1CCCC1)CCCCCC,JW_2024,JW_2024,1
-4.990475,1.60161182,CCCCCCCCCCCCCCCCCC(=O)OC(C/C=C\CCCCCCCCOC(=O)CCN(CCC(=O)OCCCCCCCC/C=C\CC(CCCCCC)OC(=O)CCCCCCCCCCCCCCCCC)CCN1CCCC1)CCCCCC,JW_2024,JW_2024,2
-5.023997,0.108462658,CCCCCCCCCCCCCCCCCC(=O)OC(C/C=C\CCCCCCCCOC(=O)CCN(CCC(=O)OCCCCCCCC/C=C\CC(CCCCCC)OC(=O)CCCCCCCCCCCCCCCCC)CCN1CCCC1)CCCCCC,JW_2024,JW_2024,1
-4.935481,0.189416528,CCCCCCCCCCCCCCCCCC(=O)OC(C/C=C\CCCCCCCCOC(=O)CCN(CCC(=O)OCCCCCCCC/C=C\CC(CCCCCC)OC(=O)CCCCCCCCCCCCCCCCC)CCN1CCCC1)CCCCCC,JW_2024,JW_2024,1
-5.0240116,1.169857845,CCCCCCCCCCCCCCCCCC(=O)OC(C/C=C\CCCCCCCCOC(=O)CCN(CCC(=O)OCCCCCCCC/C=C\CC(CCCCCC)OC(=O)CCCCCCCCCCCCCCCCC)CCN1CCCC1)CCCCCC,JW_2024,JW_2024,1
-3.9380941,0.864032113,CCCCCCCCCCCCCCCCCC(=O)OC(C/C=C\CCCCCCCCOC(=O)CCN(CCC(=O)OCCCCCCCC/C=C\CC(CCCCCC)OC(=O)CCCCCCCCCCCCCCCCC)CCN1CCCC1)CCCCCC,JW_2024,JW_2024,1
-4.017893,1.853468305,CCCCCCCCCCCCCCCCCC(=O)OC(C/C=C\CCCCCCCCOC(=O)CCN(CCC(=O)OCCCCCCCC/C=C\CC(CCCCCC)OC(=O)CCCCCCCCCCCCCCCCC)CCN1CCCC1)CCCCCC,JW_2024,JW_2024,2
-4.2986445,0.75609362,CCCCCCCCCCCCCCCCCC(=O)OC(C/C=C\CCCCCCCCOC(=O)CCN(CCC(=O)OCCCCCCCC/C=C\CC(CCCCCC)OC(=O)CCCCCCCCCCCCCCCCC)CCN1CCCC1)CCCCCC,JW_2024,JW_2024,1
-4.9250693,1.655581067,CCCCCCCCCCCCCCCCCC(=O)OC(C/C=C\CCCCCCCCOC(=O)CCN(CCC(=O)OCCCCCCCC/C=C\CC(CCCCCC)OC(=O)CCCCCCCCCCCCCCCCC)CCN1CCCC1)CCCCCC,JW_2024,JW_2024,2
-4.907491,1.232821967,CCCCCCCCCCCCCCCCCC(=O)OC(C/C=C\CCCCCCCCOC(=O)CCN(CCC(=O)OCCCCCCCC/C=C\CC(CCCCCC)OC(=O)CCCCCCCCCCCCCCCCC)CCN1CCCC1)CCCCCC,JW_2024,JW_2024,1
-4.746952,0.864032113,CCCCCCCCCCCCCCCCCC(=O)OC(C/C=C\CCCCCCCCOC(=O)CCN(CCC(=O)OCCCCCCCC/C=C\CC(CCCCCC)OC(=O)CCCCCCCCCCCCCCCCC)CCN1CCCC1)CCCCCC,JW_2024,JW_2024,1
-1.7900347,-0.080429706,CCCCCCCCC(CCCCCC)C(=O)OC(C/C=C\CCCCCCCCOC(=O)CCN(CCCN(CC)CC)CCC(=O)OCCCCCCCC/C=C\CC(CCCCCC)OC(=O)C(CCCCCC)CCCCCCCC)CCCCCC,JW_2024,JW_2024,0
-1.7102108,0.423283264,CCCCCCCCC(CCCCCC)C(=O)OC(C/C=C\CCCCCCCCOC(=O)CCN(CCCN(CC)CC)CCC(=O)OCCCCCCCC/C=C\CC(CCCCCC)OC(=O)C(CCCCCC)CCCCCCCC)CCCCCC,JW_2024,JW_2024,1
-1.4883758,0.846042365,CCCCCCCCC(CCCCCC)C(=O)OC(C/C=C\CCCCCCCCOC(=O)CCN(CCCN(CC)CC)CCC(=O)OCCCCCCCC/C=C\CC(CCCCCC)OC(=O)C(CCCCCC)CCCCCCCC)CCCCCC,JW_2024,JW_2024,1
-1.8723458,0.018513913,CCCCCCCCC(CCCCCC)C(=O)OC(C/C=C\CCCCCCCCOC(=O)CCN(CCCN(CC)CC)CCC(=O)OCCCCCCCC/C=C\CC(CCCCCC)OC(=O)C(CCCCCC)CCCCCCCC)CCCCCC,JW_2024,JW_2024,0
-2.3888283,-0.026460459,CCCCCCCCC(CCCCCC)C(=O)OC(C/C=C\CCCCCCCCOC(=O)CCN(CCCN(CC)CC)CCC(=O)OCCCCCCCC/C=C\CC(CCCCCC)OC(=O)C(CCCCCC)CCCCCCCC)CCCCCC,JW_2024,JW_2024,0
-1.6250223,-0.152388702,CCCCCCCCC(CCCCCC)C(=O)OC(C/C=C\CCCCCCCCOC(=O)CCN(CCCN(CC)CC)CCC(=O)OCCCCCCCC/C=C\CC(CCCCCC)OC(=O)C(CCCCCC)CCCCCCCC)CCCCCC,JW_2024,JW_2024,0
-1.8948233,0.081478035,CCCCCCCCC(CCCCCC)C(=O)OC(C/C=C\CCCCCCCCOC(=O)CCN(CCCN(CC)CC)CCC(=O)OCCCCCCCC/C=C\CC(CCCCCC)OC(=O)C(CCCCCC)CCCCCCCC)CCCCCC,JW_2024,JW_2024,1
-2.4524796,-0.647106797,CCCCCCCCC(CCCCCC)C(=O)OC(C/C=C\CCCCCCCCOC(=O)CCN(CCCN(CC)CC)CCC(=O)OCCCCCCCC/C=C\CC(CCCCCC)OC(=O)C(CCCCCC)CCCCCCCC)CCCCCC,JW_2024,JW_2024,0
-1.9655071,1.574627196,CCCCCCCCC(CCCCCC)C(=O)OC(C/C=C\CCCCCCCCOC(=O)CCN(CCCN(CC)CC)CCC(=O)OCCCCCCCC/C=C\CC(CCCCCC)OC(=O)C(CCCCCC)CCCCCCCC)CCCCCC,JW_2024,JW_2024,2
-2.3777354,0.684134624,CCCCCCCCC(CCCCCC)C(=O)OC(C/C=C\CCCCCCCCOC(=O)CCN(CCCN(CC)CC)CCC(=O)OCCCCCCCC/C=C\CC(CCCCCC)OC(=O)C(CCCCCC)CCCCCCCC)CCCCCC,JW_2024,JW_2024,1
-1.299009,1.187847594,CCCCCCCCC(CCCCCC)C(=O)OC(C/C=C\CCCCCCCCOC(=O)CCN(CCCN(CC)CC)CCC(=O)OCCCCCCCC/C=C\CC(CCCCCC)OC(=O)C(CCCCCC)CCCCCCCC)CCCCCC,JW_2024,JW_2024,1
-2.1615305,-0.035455333,CCCCCCCCC(CCCCCC)C(=O)OC(C/C=C\CCCCCCCCOC(=O)CCN(CCCN(CC)CC)CCC(=O)OCCCCCCCC/C=C\CC(CCCCCC)OC(=O)C(CCCCCC)CCCCCCCC)CCCCCC,JW_2024,JW_2024,0
-2.482249,-0.530173429,CCCCCCCCC(CCCCCC)C(=O)OC(C/C=C\CCCCCCCCOC(=O)CCN(CCCN(CC)CC)CCC(=O)OCCCCCCCC/C=C\CC(CCCCCC)OC(=O)C(CCCCCC)CCCCCCCC)CCCCCC,JW_2024,JW_2024,0
-1.6415477,0.540216633,CCCCCCCCC(CCCCCC)C(=O)OC(C/C=C\CCCCCCCCOC(=O)CCN(CCCN(CC)CC)CCC(=O)OCCCCCCCC/C=C\CC(CCCCCC)OC(=O)C(CCCCCC)CCCCCCCC)CCCCCC,JW_2024,JW_2024,1
-2.097317,0.432278139,CCCCCCCCC(CCCCCC)C(=O)OC(C/C=C\CCCCCCCCOC(=O)CCN(CCCN(CC)CC)CCC(=O)OCCCCCCCC/C=C\CC(CCCCCC)OC(=O)C(CCCCCC)CCCCCCCC)CCCCCC,JW_2024,JW_2024,1
-1.927342,-0.602132425,CCCCCCCCC(CCCCCC)C(=O)OC(C/C=C\CCCCCCCCOC(=O)CCN(CCCN(CC)CC)CCC(=O)OCCCCCCCC/C=C\CC(CCCCCC)OC(=O)C(CCCCCC)CCCCCCCC)CCCCCC,JW_2024,JW_2024,0
-2.4542263,0.369314018,CCCCCCCCC(CCCCCC)C(=O)OC(C/C=C\CCCCCCCCOC(=O)CCN(CCCN(CC)CC)CCC(=O)OCCCCCCCC/C=C\CC(CCCCCC)OC(=O)C(CCCCCC)CCCCCCCC)CCCCCC,JW_2024,JW_2024,1
-2.0760303,0.819057741,CCCCCCCCC(CCCCCC)C(=O)OC(C/C=C\CCCCCCCCOC(=O)CCN(CCCN(CC)CC)CCC(=O)OCCCCCCCC/C=C\CC(CCCCCC)OC(=O)C(CCCCCC)CCCCCCCC)CCCCCC,JW_2024,JW_2024,1
-1.861336,0.783078243,CCCCCCCCC(CCCCCC)C(=O)OC(C/C=C\CCCCCCCCOC(=O)CCN(CCCN(CC)CC)CCC(=O)OCCCCCCCC/C=C\CC(CCCCCC)OC(=O)C(CCCCCC)CCCCCCCC)CCCCCC,JW_2024,JW_2024,1
-1.5620778,1.538647699,CCCCCCCCC(CCCCCC)C(=O)OC(C/C=C\CCCCCCCCOC(=O)CCN(CCCN(CC)CC)CCC(=O)OCCCCCCCC/C=C\CC(CCCCCC)OC(=O)C(CCCCCC)CCCCCCCC)CCCCCC,JW_2024,JW_2024,2
-1.690174,0.648155126,CCCCCCCCC(CCCCCC)C(=O)OC(C/C=C\CCCCCCCCOC(=O)CCN(CCCN(CC)CC)CCC(=O)OCCCCCCCC/C=C\CC(CCCCCC)OC(=O)C(CCCCCC)CCCCCCCC)CCCCCC,JW_2024,JW_2024,1
-1.8032581,0.819057741,CCCCCCCCC(CCCCCC)C(=O)OC(C/C=C\CCCCCCCCOC(=O)CCN(CCCN(CC)CC)CCC(=O)OCCCCCCCC/C=C\CC(CCCCCC)OC(=O)C(CCCCCC)CCCCCCCC)CCCCCC,JW_2024,JW_2024,1
-1.9427216,0.180421654,CCCCCCCCC(CCCCCC)C(=O)OC(C/C=C\CCCCCCCCOC(=O)CCN(CCCN(CC)CC)CCC(=O)OCCCCCCCC/C=C\CC(CCCCCC)OC(=O)C(CCCCCC)CCCCCCCC)CCCCCC,JW_2024,JW_2024,1
-2.0286794,0.558206382,CCCCCCCCC(CCCCCC)C(=O)OC(C/C=C\CCCCCCCCOC(=O)CCN(CCCN(CC)CC)CCC(=O)OCCCCCCCC/C=C\CC(CCCCCC)OC(=O)C(CCCCCC)CCCCCCCC)CCCCCC,JW_2024,JW_2024,1
-2.625089,0.108462658,CCCCCCC(C/C=C\CCCCCCCCOC(=O)CCN(CCCN(CC)CC)CCC(=O)OCCCCCCCC/C=C\CC(CCCCCC)OC(=O)C(CCCC)CCCCCC)OC(=O)C(CCCC)CCCCCC,JW_2024,JW_2024,1
-2.0113204,-0.161383576,CCCCCCC(C/C=C\CCCCCCCCOC(=O)CCN(CCCN(CC)CC)CCC(=O)OCCCCCCCC/C=C\CC(CCCCCC)OC(=O)C(CCCC)CCCCCC)OC(=O)C(CCCC)CCCCCC,JW_2024,JW_2024,0
-2.3352773,1.061919352,CCCCCCC(C/C=C\CCCCCCCCOC(=O)CCN(CCCN(CC)CC)CCC(=O)OCCCCCCCC/C=C\CC(CCCCCC)OC(=O)C(CCCC)CCCCCC)OC(=O)C(CCCC)CCCCCC,JW_2024,JW_2024,1
-2.726202,-0.404245187,CCCCCCC(C/C=C\CCCCCCCCOC(=O)CCN(CCCN(CC)CC)CCC(=O)OCCCCCCCC/C=C\CC(CCCCCC)OC(=O)C(CCCC)CCCCCC)OC(=O)C(CCCC)CCCCCC,JW_2024,JW_2024,0
-3.3099759,0.279365273,CCCCCCC(C/C=C\CCCCCCCCOC(=O)CCN(CCCN(CC)CC)CCC(=O)OCCCCCCCC/C=C\CC(CCCCCC)OC(=O)C(CCCC)CCCCCC)OC(=O)C(CCCC)CCCCCC,JW_2024,JW_2024,1
-2.5856144,-0.647106797,CCCCCCC(C/C=C\CCCCCCCCOC(=O)CCN(CCCN(CC)CC)CCC(=O)OCCCCCCCC/C=C\CC(CCCCCC)OC(=O)C(CCCC)CCCCCC)OC(=O)C(CCCC)CCCCCC,JW_2024,JW_2024,0
-3.4780154,1.169857845,CCCCCCC(C/C=C\CCCCCCCCOC(=O)CCN(CCCN(CC)CC)CCC(=O)OCCCCCCCC/C=C\CC(CCCCCC)OC(=O)C(CCCC)CCCCCC)OC(=O)C(CCCC)CCCCCC,JW_2024,JW_2024,1
-2.8634818,0.234390901,CCCCCCC(C/C=C\CCCCCCCCOC(=O)CCN(CCCN(CC)CC)CCC(=O)OCCCCCCCC/C=C\CC(CCCCCC)OC(=O)C(CCCC)CCCCCC)OC(=O)C(CCCC)CCCCCC,JW_2024,JW_2024,1
-2.3406262,1.439704079,CCCCCCC(C/C=C\CCCCCCCCOC(=O)CCN(CCCN(CC)CC)CCC(=O)OCCCCCCCC/C=C\CC(CCCCCC)OC(=O)C(CCCC)CCCCCC)OC(=O)C(CCCC)CCCCCC,JW_2024,JW_2024,2
-2.8686755,0.018513913,CCCCCCC(C/C=C\CCCCCCCCOC(=O)CCN(CCCN(CC)CC)CCC(=O)OCCCCCCCC/C=C\CC(CCCCCC)OC(=O)C(CCCC)CCCCCC)OC(=O)C(CCCC)CCCCCC,JW_2024,JW_2024,0
-2.4809985,1.511663075,CCCCCCC(C/C=C\CCCCCCCCOC(=O)CCN(CCCN(CC)CC)CCC(=O)OCCCCCCCC/C=C\CC(CCCCCC)OC(=O)C(CCCC)CCCCCC)OC(=O)C(CCCC)CCCCCC,JW_2024,JW_2024,2
-2.4625807,0.693129499,CCCCCCC(C/C=C\CCCCCCCCOC(=O)CCN(CCCN(CC)CC)CCC(=O)OCCCCCCCC/C=C\CC(CCCCCC)OC(=O)C(CCCC)CCCCCC)OC(=O)C(CCCC)CCCCCC,JW_2024,JW_2024,1
-2.9478142,0.027508788,CCCCCCC(C/C=C\CCCCCCCCOC(=O)CCN(CCCN(CC)CC)CCC(=O)OCCCCCCCC/C=C\CC(CCCCCC)OC(=O)C(CCCC)CCCCCC)OC(=O)C(CCCC)CCCCCC,JW_2024,JW_2024,0
-2.935541,0.162431905,CCCCCCC(C/C=C\CCCCCCCCOC(=O)CCN(CCCN(CC)CC)CCC(=O)OCCCCCCCC/C=C\CC(CCCCCC)OC(=O)C(CCCC)CCCCCC)OC(=O)C(CCCC)CCCCCC,JW_2024,JW_2024,1
-2.8261967,0.944985984,CCCCCCC(C/C=C\CCCCCCCCOC(=O)CCN(CCCN(CC)CC)CCC(=O)OCCCCCCCC/C=C\CC(CCCCCC)OC(=O)C(CCCC)CCCCCC)OC(=O)C(CCCC)CCCCCC,JW_2024,JW_2024,1
-2.823976,0.243385775,CCCCCCC(C/C=C\CCCCCCCCOC(=O)CCN(CCCN(CC)CC)CCC(=O)OCCCCCCCC/C=C\CC(CCCCCC)OC(=O)C(CCCC)CCCCCC)OC(=O)C(CCCC)CCCCCC,JW_2024,JW_2024,1
-2.9499462,0.135447281,CCCCCCC(C/C=C\CCCCCCCCOC(=O)CCN(CCCN(CC)CC)CCC(=O)OCCCCCCCC/C=C\CC(CCCCCC)OC(=O)C(CCCC)CCCCCC)OC(=O)C(CCCC)CCCCCC,JW_2024,JW_2024,1
-2.8671935,1.079909101,CCCCCCC(C/C=C\CCCCCCCCOC(=O)CCN(CCCN(CC)CC)CCC(=O)OCCCCCCCC/C=C\CC(CCCCCC)OC(=O)C(CCCC)CCCCCC)OC(=O)C(CCCC)CCCCCC,JW_2024,JW_2024,1
-2.9513993,1.403724582,CCCCCCC(C/C=C\CCCCCCCCOC(=O)CCN(CCCN(CC)CC)CCC(=O)OCCCCCCCC/C=C\CC(CCCCCC)OC(=O)C(CCCC)CCCCCC)OC(=O)C(CCCC)CCCCCC,JW_2024,JW_2024,2
-3.075295,1.880452928,CCCCCCC(C/C=C\CCCCCCCCOC(=O)CCN(CCCN(CC)CC)CCC(=O)OCCCCCCCC/C=C\CC(CCCCCC)OC(=O)C(CCCC)CCCCCC)OC(=O)C(CCCC)CCCCCC,JW_2024,JW_2024,2
-2.8756545,0.486247386,CCCCCCC(C/C=C\CCCCCCCCOC(=O)CCN(CCCN(CC)CC)CCC(=O)OCCCCCCCC/C=C\CC(CCCCCC)OC(=O)C(CCCC)CCCCCC)OC(=O)C(CCCC)CCCCCC,JW_2024,JW_2024,1
-2.674668,1.385734833,CCCCCCC(C/C=C\CCCCCCCCOC(=O)CCN(CCCN(CC)CC)CCC(=O)OCCCCCCCC/C=C\CC(CCCCCC)OC(=O)C(CCCC)CCCCCC)OC(=O)C(CCCC)CCCCCC,JW_2024,JW_2024,2
-2.7410984,0.33333452,CCCCCCC(C/C=C\CCCCCCCCOC(=O)CCN(CCCN(CC)CC)CCC(=O)OCCCCCCCC/C=C\CC(CCCCCC)OC(=O)C(CCCC)CCCCCC)OC(=O)C(CCCC)CCCCCC,JW_2024,JW_2024,1
-3.322485,1.124883473,CCCCCCC(C/C=C\CCCCCCCCOC(=O)CCN(CCCN(CC)CC)CCC(=O)OCCCCCCCC/C=C\CC(CCCCCC)OC(=O)C(CCCC)CCCCCC)OC(=O)C(CCCC)CCCCCC,JW_2024,JW_2024,1
-1.8027357,0.099467784,CCCCCCC(C/C=C\CCCCCCCCOC(=O)CCN(CCCN(CC)CC)CCC(=O)OCCCCCCCC/C=C\CC(CCCCCC)OC(=O)CCCC1CCCCC1)OC(=O)CCCC1CCCCC1,JW_2024,JW_2024,1
-1.9994954,0.33333452,CCCCCCC(C/C=C\CCCCCCCCOC(=O)CCN(CCCN(CC)CC)CCC(=O)OCCCCCCCC/C=C\CC(CCCCCC)OC(=O)CCCC1CCCCC1)OC(=O)CCCC1CCCCC1,JW_2024,JW_2024,1
-2.5567484,0.054493411,CCCCCCC(C/C=C\CCCCCCCCOC(=O)CCN(CCCN(CC)CC)CCC(=O)OCCCCCCCC/C=C\CC(CCCCCC)OC(=O)CCCC1CCCCC1)OC(=O)CCCC1CCCCC1,JW_2024,JW_2024,1
-1.491258,-0.800019663,CCCCCCC(C/C=C\CCCCCCCCOC(=O)CCN(CCCN(CC)CC)CCC(=O)OCCCCCCCC/C=C\CC(CCCCCC)OC(=O)CCCC1CCCCC1)OC(=O)CCCC1CCCCC1,JW_2024,JW_2024,0
-2.2365224,0.063488286,CCCCCCC(C/C=C\CCCCCCCCOC(=O)CCN(CCCN(CC)CC)CCC(=O)OCCCCCCCC/C=C\CC(CCCCCC)OC(=O)CCCC1CCCCC1)OC(=O)CCCC1CCCCC1,JW_2024,JW_2024,1
-2.3722193,0.126452407,CCCCCCC(C/C=C\CCCCCCCCOC(=O)CCN(CCCN(CC)CC)CCC(=O)OCCCCCCCC/C=C\CC(CCCCCC)OC(=O)CCCC1CCCCC1)OC(=O)CCCC1CCCCC1,JW_2024,JW_2024,1
-2.1809063,1.286791213,CCCCCCC(C/C=C\CCCCCCCCOC(=O)CCN(CCCN(CC)CC)CCC(=O)OCCCCCCCC/C=C\CC(CCCCCC)OC(=O)CCCC1CCCCC1)OC(=O)CCCC1CCCCC1,JW_2024,JW_2024,1
-2.6678224,-0.764040165,CCCCCCC(C/C=C\CCCCCCCCOC(=O)CCN(CCCN(CC)CC)CCC(=O)OCCCCCCCC/C=C\CC(CCCCCC)OC(=O)CCCC1CCCCC1)OC(=O)CCCC1CCCCC1,JW_2024,JW_2024,0
-1.9862112,1.385734833,CCCCCCC(C/C=C\CCCCCCCCOC(=O)CCN(CCCN(CC)CC)CCC(=O)OCCCCCCCC/C=C\CC(CCCCCC)OC(=O)CCCC1CCCCC1)OC(=O)CCCC1CCCCC1,JW_2024,JW_2024,2
-2.597072,0.594185879,CCCCCCC(C/C=C\CCCCCCCCOC(=O)CCN(CCCN(CC)CC)CCC(=O)OCCCCCCCC/C=C\CC(CCCCCC)OC(=O)CCCC1CCCCC1)OC(=O)CCCC1CCCCC1,JW_2024,JW_2024,1
-2.43577,1.592616945,CCCCCCC(C/C=C\CCCCCCCCOC(=O)CCN(CCCN(CC)CC)CCC(=O)OCCCCCCCC/C=C\CC(CCCCCC)OC(=O)CCCC1CCCCC1)OC(=O)CCCC1CCCCC1,JW_2024,JW_2024,2
-2.4137006,0.603180754,CCCCCCC(C/C=C\CCCCCCCCOC(=O)CCN(CCCN(CC)CC)CCC(=O)OCCCCCCCC/C=C\CC(CCCCCC)OC(=O)CCCC1CCCCC1)OC(=O)CCCC1CCCCC1,JW_2024,JW_2024,1
-2.6049943,0.117457533,CCCCCCC(C/C=C\CCCCCCCCOC(=O)CCN(CCCN(CC)CC)CCC(=O)OCCCCCCCC/C=C\CC(CCCCCC)OC(=O)CCCC1CCCCC1)OC(=O)CCCC1CCCCC1,JW_2024,JW_2024,1
-2.75642,0.306349896,CCCCCCC(C/C=C\CCCCCCCCOC(=O)CCN(CCCN(CC)CC)CCC(=O)OCCCCCCCC/C=C\CC(CCCCCC)OC(=O)CCCC1CCCCC1)OC(=O)CCCC1CCCCC1,JW_2024,JW_2024,1
-1.580755,0.729108996,CCCCCCC(C/C=C\CCCCCCCCOC(=O)CCN(CCCN(CC)CC)CCC(=O)OCCCCCCCC/C=C\CC(CCCCCC)OC(=O)CCCC1CCCCC1)OC(=O)CCCC1CCCCC1,JW_2024,JW_2024,1
-1.8050506,0.378308892,CCCCCCC(C/C=C\CCCCCCCCOC(=O)CCN(CCCN(CC)CC)CCC(=O)OCCCCCCCC/C=C\CC(CCCCCC)OC(=O)CCCC1CCCCC1)OC(=O)CCCC1CCCCC1,JW_2024,JW_2024,1
-2.6694403,0.25238065,CCCCCCC(C/C=C\CCCCCCCCOC(=O)CCN(CCCN(CC)CC)CCC(=O)OCCCCCCCC/C=C\CC(CCCCCC)OC(=O)CCCC1CCCCC1)OC(=O)CCCC1CCCCC1,JW_2024,JW_2024,1
-1.9302417,0.810062867,CCCCCCC(C/C=C\CCCCCCCCOC(=O)CCN(CCCN(CC)CC)CCC(=O)OCCCCCCCC/C=C\CC(CCCCCC)OC(=O)CCCC1CCCCC1)OC(=O)CCCC1CCCCC1,JW_2024,JW_2024,1
-2.8507292,1.25980659,CCCCCCC(C/C=C\CCCCCCCCOC(=O)CCN(CCCN(CC)CC)CCC(=O)OCCCCCCCC/C=C\CC(CCCCCC)OC(=O)CCCC1CCCCC1)OC(=O)CCCC1CCCCC1,JW_2024,JW_2024,1
-2.15547,1.592616945,CCCCCCC(C/C=C\CCCCCCCCOC(=O)CCN(CCCN(CC)CC)CCC(=O)OCCCCCCCC/C=C\CC(CCCCCC)OC(=O)CCCC1CCCCC1)OC(=O)CCCC1CCCCC1,JW_2024,JW_2024,2
-2.2062275,0.720114122,CCCCCCC(C/C=C\CCCCCCCCOC(=O)CCN(CCCN(CC)CC)CCC(=O)OCCCCCCCC/C=C\CC(CCCCCC)OC(=O)CCCC1CCCCC1)OC(=O)CCCC1CCCCC1,JW_2024,JW_2024,1
-1.5789527,1.331765586,CCCCCCC(C/C=C\CCCCCCCCOC(=O)CCN(CCCN(CC)CC)CCC(=O)OCCCCCCCC/C=C\CC(CCCCCC)OC(=O)CCCC1CCCCC1)OC(=O)CCCC1CCCCC1,JW_2024,JW_2024,2
-1.8880175,0.531221758,CCCCCCC(C/C=C\CCCCCCCCOC(=O)CCN(CCCN(CC)CC)CCC(=O)OCCCCCCCC/C=C\CC(CCCCCC)OC(=O)CCCC1CCCCC1)OC(=O)CCCC1CCCCC1,JW_2024,JW_2024,1
-2.6532764,1.052924477,CCCCCCC(C/C=C\CCCCCCCCOC(=O)CCN(CCCN(CC)CC)CCC(=O)OCCCCCCCC/C=C\CC(CCCCCC)OC(=O)CCCC1CCCCC1)OC(=O)CCCC1CCCCC1,JW_2024,JW_2024,1
-1.5870637,-0.035455333,CCCCCC/C=C\CCC(=O)OC(C/C=C\CCCCCCCCOC(=O)CCN(CCCN(CC)CC)CCC(=O)OCCCCCCCC/C=C\CC(CCCCCC)OC(=O)CC/C=C\CCCCCC)CCCCCC,JW_2024,JW_2024,0
-1.43865,0.036503662,CCCCCC/C=C\CCC(=O)OC(C/C=C\CCCCCCCCOC(=O)CCN(CCCN(CC)CC)CCC(=O)OCCCCCCCC/C=C\CC(CCCCCC)OC(=O)CC/C=C\CCCCCC)CCCCCC,JW_2024,JW_2024,1
-1.5282472,0.07248316,CCCCCC/C=C\CCC(=O)OC(C/C=C\CCCCCCCCOC(=O)CCN(CCCN(CC)CC)CCC(=O)OCCCCCCCC/C=C\CC(CCCCCC)OC(=O)CC/C=C\CCCCCC)CCCCCC,JW_2024,JW_2024,1
-1.5350248,0.810062867,CCCCCC/C=C\CCC(=O)OC(C/C=C\CCCCCCCCOC(=O)CCN(CCCN(CC)CC)CCC(=O)OCCCCCCCC/C=C\CC(CCCCCC)OC(=O)CC/C=C\CCCCCC)CCCCCC,JW_2024,JW_2024,1
-2.1012154,0.090472909,CCCCCC/C=C\CCC(=O)OC(C/C=C\CCCCCCCCOC(=O)CCN(CCCN(CC)CC)CCC(=O)OCCCCCCCC/C=C\CC(CCCCCC)OC(=O)CC/C=C\CCCCCC)CCCCCC,JW_2024,JW_2024,1
-1.8957392,0.027508788,CCCCCC/C=C\CCC(=O)OC(C/C=C\CCCCCCCCOC(=O)CCN(CCCN(CC)CC)CCC(=O)OCCCCCCCC/C=C\CC(CCCCCC)OC(=O)CC/C=C\CCCCCC)CCCCCC,JW_2024,JW_2024,0
-1.7206676,0.567201256,CCCCCC/C=C\CCC(=O)OC(C/C=C\CCCCCCCCOC(=O)CCN(CCCN(CC)CC)CCC(=O)OCCCCCCCC/C=C\CC(CCCCCC)OC(=O)CC/C=C\CCCCCC)CCCCCC,JW_2024,JW_2024,1
-2.5435185,-0.35027594,CCCCCC/C=C\CCC(=O)OC(C/C=C\CCCCCCCCOC(=O)CCN(CCCN(CC)CC)CCC(=O)OCCCCCCCC/C=C\CC(CCCCCC)OC(=O)CC/C=C\CCCCCC)CCCCCC,JW_2024,JW_2024,0
-1.705366,1.160862971,CCCCCC/C=C\CCC(=O)OC(C/C=C\CCCCCCCCOC(=O)CCN(CCCN(CC)CC)CCC(=O)OCCCCCCCC/C=C\CC(CCCCCC)OC(=O)CC/C=C\CCCCCC)CCCCCC,JW_2024,JW_2024,1
-2.5353823,0.054493411,CCCCCC/C=C\CCC(=O)OC(C/C=C\CCCCCCCCOC(=O)CCN(CCCN(CC)CC)CCC(=O)OCCCCCCCC/C=C\CC(CCCCCC)OC(=O)CC/C=C\CCCCCC)CCCCCC,JW_2024,JW_2024,1
-1.6285611,1.25980659,CCCCCC/C=C\CCC(=O)OC(C/C=C\CCCCCCCCOC(=O)CCN(CCCN(CC)CC)CCC(=O)OCCCCCCCC/C=C\CC(CCCCCC)OC(=O)CC/C=C\CCCCCC)CCCCCC,JW_2024,JW_2024,1
-2.1674473,0.369314018,CCCCCC/C=C\CCC(=O)OC(C/C=C\CCCCCCCCOC(=O)CCN(CCCN(CC)CC)CCC(=O)OCCCCCCCC/C=C\CC(CCCCCC)OC(=O)CC/C=C\CCCCCC)CCCCCC,JW_2024,JW_2024,1
-2.6447992,-0.359270814,CCCCCC/C=C\CCC(=O)OC(C/C=C\CCCCCCCCOC(=O)CCN(CCCN(CC)CC)CCC(=O)OCCCCCCCC/C=C\CC(CCCCCC)OC(=O)CC/C=C\CCCCCC)CCCCCC,JW_2024,JW_2024,0
-1.9753181,0.846042365,CCCCCC/C=C\CCC(=O)OC(C/C=C\CCCCCCCCOC(=O)CCN(CCCN(CC)CC)CCC(=O)OCCCCCCCC/C=C\CC(CCCCCC)OC(=O)CC/C=C\CCCCCC)CCCCCC,JW_2024,JW_2024,1
-1.8098239,0.648155126,CCCCCC/C=C\CCC(=O)OC(C/C=C\CCCCCCCCOC(=O)CCN(CCCN(CC)CC)CCC(=O)OCCCCCCCC/C=C\CC(CCCCCC)OC(=O)CC/C=C\CCCCCC)CCCCCC,JW_2024,JW_2024,1
-1.6671286,-1.27674801,CCCCCC/C=C\CCC(=O)OC(C/C=C\CCCCCCCCOC(=O)CCN(CCCN(CC)CC)CCC(=O)OCCCCCCCC/C=C\CC(CCCCCC)OC(=O)CC/C=C\CCCCCC)CCCCCC,JW_2024,JW_2024,0
-2.4407902,-0.161383576,CCCCCC/C=C\CCC(=O)OC(C/C=C\CCCCCCCCOC(=O)CCN(CCCN(CC)CC)CCC(=O)OCCCCCCCC/C=C\CC(CCCCCC)OC(=O)CC/C=C\CCCCCC)CCCCCC,JW_2024,JW_2024,0
-1.6171796,0.900011611,CCCCCC/C=C\CCC(=O)OC(C/C=C\CCCCCCCCOC(=O)CCN(CCCN(CC)CC)CCC(=O)OCCCCCCCC/C=C\CC(CCCCCC)OC(=O)CC/C=C\CCCCCC)CCCCCC,JW_2024,JW_2024,1
-2.0082855,0.549211507,CCCCCC/C=C\CCC(=O)OC(C/C=C\CCCCCCCCOC(=O)CCN(CCCN(CC)CC)CCC(=O)OCCCCCCCC/C=C\CC(CCCCCC)OC(=O)CC/C=C\CCCCCC)CCCCCC,JW_2024,JW_2024,1
-1.7760834,1.889447803,CCCCCC/C=C\CCC(=O)OC(C/C=C\CCCCCCCCOC(=O)CCN(CCCN(CC)CC)CCC(=O)OCCCCCCCC/C=C\CC(CCCCCC)OC(=O)CC/C=C\CCCCCC)CCCCCC,JW_2024,JW_2024,2
-1.6039156,0.971970607,CCCCCC/C=C\CCC(=O)OC(C/C=C\CCCCCCCCOC(=O)CCN(CCCN(CC)CC)CCC(=O)OCCCCCCCC/C=C\CC(CCCCCC)OC(=O)CC/C=C\CCCCCC)CCCCCC,JW_2024,JW_2024,1
-1.3833457,0.594185879,CCCCCC/C=C\CCC(=O)OC(C/C=C\CCCCCCCCOC(=O)CCN(CCCN(CC)CC)CCC(=O)OCCCCCCCC/C=C\CC(CCCCCC)OC(=O)CC/C=C\CCCCCC)CCCCCC,JW_2024,JW_2024,1
-1.7085493,0.594185879,CCCCCC/C=C\CCC(=O)OC(C/C=C\CCCCCCCCOC(=O)CCN(CCCN(CC)CC)CCC(=O)OCCCCCCCC/C=C\CC(CCCCCC)OC(=O)CC/C=C\CCCCCC)CCCCCC,JW_2024,JW_2024,1
-2.2339602,0.998955231,CCCCCC/C=C\CCC(=O)OC(C/C=C\CCCCCCCCOC(=O)CCN(CCCN(CC)CC)CCC(=O)OCCCCCCCC/C=C\CC(CCCCCC)OC(=O)CC/C=C\CCCCCC)CCCCCC,JW_2024,JW_2024,1
-2.0022388,0.306349896,CCCCCCCCCCCC(=O)OC(C/C=C\CCCCCCCCOC(=O)CCN(CCCN(CC)CC)CCC(=O)OCCCCCCCC/C=C\CC(CCCCCC)OC(=O)CCCCCCCCCCC)CCCCCC,JW_2024,JW_2024,1
-1.9343326,0.324339645,CCCCCCCCCCCC(=O)OC(C/C=C\CCCCCCCCOC(=O)CCN(CCCN(CC)CC)CCC(=O)OCCCCCCCC/C=C\CC(CCCCCC)OC(=O)CCCCCCCCCCC)CCCCCC,JW_2024,JW_2024,1
-1.933538,0.441273013,CCCCCCCCCCCC(=O)OC(C/C=C\CCCCCCCCOC(=O)CCN(CCCN(CC)CC)CCC(=O)OCCCCCCCC/C=C\CC(CCCCCC)OC(=O)CCCCCCCCCCC)CCCCCC,JW_2024,JW_2024,1
-2.0977662,0.49524226,CCCCCCCCCCCC(=O)OC(C/C=C\CCCCCCCCOC(=O)CCN(CCCN(CC)CC)CCC(=O)OCCCCCCCC/C=C\CC(CCCCCC)OC(=O)CCCCCCCCCCC)CCCCCC,JW_2024,JW_2024,1
-2.5604305,0.432278139,CCCCCCCCCCCC(=O)OC(C/C=C\CCCCCCCCOC(=O)CCN(CCCN(CC)CC)CCC(=O)OCCCCCCCC/C=C\CC(CCCCCC)OC(=O)CCCCCCCCCCC)CCCCCC,JW_2024,JW_2024,1
-2.2137802,-0.665096546,CCCCCCCCCCCC(=O)OC(C/C=C\CCCCCCCCOC(=O)CCN(CCCN(CC)CC)CCC(=O)OCCCCCCCC/C=C\CC(CCCCCC)OC(=O)CCCCCCCCCCC)CCCCCC,JW_2024,JW_2024,0
-2.632085,0.477252511,CCCCCCCCCCCC(=O)OC(C/C=C\CCCCCCCCOC(=O)CCN(CCCN(CC)CC)CCC(=O)OCCCCCCCC/C=C\CC(CCCCCC)OC(=O)CCCCCCCCCCC)CCCCCC,JW_2024,JW_2024,1
-2.715914,-0.242337446,CCCCCCCCCCCC(=O)OC(C/C=C\CCCCCCCCOC(=O)CCN(CCCN(CC)CC)CCC(=O)OCCCCCCCC/C=C\CC(CCCCCC)OC(=O)CCCCCCCCCCC)CCCCCC,JW_2024,JW_2024,0
-2.253899,1.25980659,CCCCCCCCCCCC(=O)OC(C/C=C\CCCCCCCCOC(=O)CCN(CCCN(CC)CC)CCC(=O)OCCCCCCCC/C=C\CC(CCCCCC)OC(=O)CCCCCCCCCCC)CCCCCC,JW_2024,JW_2024,1
-2.623718,0.594185879,CCCCCCCCCCCC(=O)OC(C/C=C\CCCCCCCCOC(=O)CCN(CCCN(CC)CC)CCC(=O)OCCCCCCCC/C=C\CC(CCCCCC)OC(=O)CCCCCCCCCCC)CCCCCC,JW_2024,JW_2024,1
-2.0807836,1.511663075,CCCCCCCCCCCC(=O)OC(C/C=C\CCCCCCCCOC(=O)CCN(CCCN(CC)CC)CCC(=O)OCCCCCCCC/C=C\CC(CCCCCC)OC(=O)CCCCCCCCCCC)CCCCCC,JW_2024,JW_2024,2
-2.3773718,0.666144875,CCCCCCCCCCCC(=O)OC(C/C=C\CCCCCCCCOC(=O)CCN(CCCN(CC)CC)CCC(=O)OCCCCCCCC/C=C\CC(CCCCCC)OC(=O)CCCCCCCCCCC)CCCCCC,JW_2024,JW_2024,1
-2.7395957,0.099467784,CCCCCCCCCCCC(=O)OC(C/C=C\CCCCCCCCOC(=O)CCN(CCCN(CC)CC)CCC(=O)OCCCCCCCC/C=C\CC(CCCCCC)OC(=O)CCCCCCCCCCC)CCCCCC,JW_2024,JW_2024,1
-2.5255082,1.17885272,CCCCCCCCCCCC(=O)OC(C/C=C\CCCCCCCCOC(=O)CCN(CCCN(CC)CC)CCC(=O)OCCCCCCCC/C=C\CC(CCCCCC)OC(=O)CCCCCCCCCCC)CCCCCC,JW_2024,JW_2024,1
-2.1488008,1.079909101,CCCCCCCCCCCC(=O)OC(C/C=C\CCCCCCCCOC(=O)CCN(CCCN(CC)CC)CCC(=O)OCCCCCCCC/C=C\CC(CCCCCC)OC(=O)CCCCCCCCCCC)CCCCCC,JW_2024,JW_2024,1
-2.2651746,-0.062439957,CCCCCCCCCCCC(=O)OC(C/C=C\CCCCCCCCOC(=O)CCN(CCCN(CC)CC)CCC(=O)OCCCCCCCC/C=C\CC(CCCCCC)OC(=O)CCCCCCCCCCC)CCCCCC,JW_2024,JW_2024,0
-2.7062962,-0.620122174,CCCCCCCCCCCC(=O)OC(C/C=C\CCCCCCCCOC(=O)CCN(CCCN(CC)CC)CCC(=O)OCCCCCCCC/C=C\CC(CCCCCC)OC(=O)CCCCCCCCCCC)CCCCCC,JW_2024,JW_2024,0
-2.1798205,0.980965482,CCCCCCCCCCCC(=O)OC(C/C=C\CCCCCCCCOC(=O)CCN(CCCN(CC)CC)CCC(=O)OCCCCCCCC/C=C\CC(CCCCCC)OC(=O)CCCCCCCCCCC)CCCCCC,JW_2024,JW_2024,1
-2.5324593,1.007950105,CCCCCCCCCCCC(=O)OC(C/C=C\CCCCCCCCOC(=O)CCN(CCCN(CC)CC)CCC(=O)OCCCCCCCC/C=C\CC(CCCCCC)OC(=O)CCCCCCCCCCC)CCCCCC,JW_2024,JW_2024,1
-2.1271334,1.934422175,CCCCCCCCCCCC(=O)OC(C/C=C\CCCCCCCCOC(=O)CCN(CCCN(CC)CC)CCC(=O)OCCCCCCCC/C=C\CC(CCCCCC)OC(=O)CCCCCCCCCCC)CCCCCC,JW_2024,JW_2024,2
-2.1671772,2.006381171,CCCCCCCCCCCC(=O)OC(C/C=C\CCCCCCCCOC(=O)CCN(CCCN(CC)CC)CCC(=O)OCCCCCCCC/C=C\CC(CCCCCC)OC(=O)CCCCCCCCCCC)CCCCCC,JW_2024,JW_2024,3
-2.1182485,0.324339645,CCCCCCCCCCCC(=O)OC(C/C=C\CCCCCCCCOC(=O)CCN(CCCN(CC)CC)CCC(=O)OCCCCCCCC/C=C\CC(CCCCCC)OC(=O)CCCCCCCCCCC)CCCCCC,JW_2024,JW_2024,1
-2.5987172,1.016944979,CCCCCCCCCCCC(=O)OC(C/C=C\CCCCCCCCOC(=O)CCN(CCCN(CC)CC)CCC(=O)OCCCCCCCC/C=C\CC(CCCCCC)OC(=O)CCCCCCCCCCC)CCCCCC,JW_2024,JW_2024,1
-1.9342333,-0.701076044,CCCCCCCCCCCCCCCCCC(=O)OC(C/C=C\CCCCCCCCOC(=O)CCN(CCCN(CC)CC)CCC(=O)OCCCCCCCC/C=C\CC(CCCCCC)OC(=O)CCCCCCCCCCCCCCCCC)CCCCCC,JW_2024,JW_2024,0
-1.7052529,-0.782029914,CCCCCCCCCCCCCCCCCC(=O)OC(C/C=C\CCCCCCCCOC(=O)CCN(CCCN(CC)CC)CCC(=O)OCCCCCCCC/C=C\CC(CCCCCC)OC(=O)CCCCCCCCCCCCCCCCC)CCCCCC,JW_2024,JW_2024,0
-1.5739653,-0.107414329,CCCCCCCCCCCCCCCCCC(=O)OC(C/C=C\CCCCCCCCOC(=O)CCN(CCCN(CC)CC)CCC(=O)OCCCCCCCC/C=C\CC(CCCCCC)OC(=O)CCCCCCCCCCCCCCCCC)CCCCCC,JW_2024,JW_2024,0
-2.091957,-1.186799266,CCCCCCCCCCCCCCCCCC(=O)OC(C/C=C\CCCCCCCCOC(=O)CCN(CCCN(CC)CC)CCC(=O)OCCCCCCCC/C=C\CC(CCCCCC)OC(=O)CCCCCCCCCCCCCCCCC)CCCCCC,JW_2024,JW_2024,0
-2.5918908,-0.548163178,CCCCCCCCCCCCCCCCCC(=O)OC(C/C=C\CCCCCCCCOC(=O)CCN(CCCN(CC)CC)CCC(=O)OCCCCCCCC/C=C\CC(CCCCCC)OC(=O)CCCCCCCCCCCCCCCCC)CCCCCC,JW_2024,JW_2024,0
-1.6751018,-0.161383576,CCCCCCCCCCCCCCCCCC(=O)OC(C/C=C\CCCCCCCCOC(=O)CCN(CCCN(CC)CC)CCC(=O)OCCCCCCCC/C=C\CC(CCCCCC)OC(=O)CCCCCCCCCCCCCCCCC)CCCCCC,JW_2024,JW_2024,0
-2.6154115,-0.341281065,CCCCCCCCCCCCCCCCCC(=O)OC(C/C=C\CCCCCCCCOC(=O)CCN(CCCN(CC)CC)CCC(=O)OCCCCCCCC/C=C\CC(CCCCCC)OC(=O)CCCCCCCCCCCCCCCCC)CCCCCC,JW_2024,JW_2024,0
-2.4753623,-1.078860772,CCCCCCCCCCCCCCCCCC(=O)OC(C/C=C\CCCCCCCCOC(=O)CCN(CCCN(CC)CC)CCC(=O)OCCCCCCCC/C=C\CC(CCCCCC)OC(=O)CCCCCCCCCCCCCCCCC)CCCCCC,JW_2024,JW_2024,0
-2.0530765,1.34076046,CCCCCCCCCCCCCCCCCC(=O)OC(C/C=C\CCCCCCCCOC(=O)CCN(CCCN(CC)CC)CCC(=O)OCCCCCCCC/C=C\CC(CCCCCC)OC(=O)CCCCCCCCCCCCCCCCC)CCCCCC,JW_2024,JW_2024,2
-2.3323731,0.720114122,CCCCCCCCCCCCCCCCCC(=O)OC(C/C=C\CCCCCCCCOC(=O)CCN(CCCN(CC)CC)CCC(=O)OCCCCCCCC/C=C\CC(CCCCCC)OC(=O)CCCCCCCCCCCCCCCCC)CCCCCC,JW_2024,JW_2024,1
-1.5003222,1.52065795,CCCCCCCCCCCCCCCCCC(=O)OC(C/C=C\CCCCCCCCOC(=O)CCN(CCCN(CC)CC)CCC(=O)OCCCCCCCC/C=C\CC(CCCCCC)OC(=O)CCCCCCCCCCCCCCCCC)CCCCCC,JW_2024,JW_2024,2
-2.0052323,0.288360147,CCCCCCCCCCCCCCCCCC(=O)OC(C/C=C\CCCCCCCCOC(=O)CCN(CCCN(CC)CC)CCC(=O)OCCCCCCCC/C=C\CC(CCCCCC)OC(=O)CCCCCCCCCCCCCCCCC)CCCCCC,JW_2024,JW_2024,1
-2.352178,-0.251332321,CCCCCCCCCCCCCCCCCC(=O)OC(C/C=C\CCCCCCCCOC(=O)CCN(CCCN(CC)CC)CCC(=O)OCCCCCCCC/C=C\CC(CCCCCC)OC(=O)CCCCCCCCCCCCCCCCC)CCCCCC,JW_2024,JW_2024,0
-1.7898027,1.124883473,CCCCCCCCCCCCCCCCCC(=O)OC(C/C=C\CCCCCCCCOC(=O)CCN(CCCN(CC)CC)CCC(=O)OCCCCCCCC/C=C\CC(CCCCCC)OC(=O)CCCCCCCCCCCCCCCCC)CCCCCC,JW_2024,JW_2024,1
-2.2890146,1.547642573,CCCCCCCCCCCCCCCCCC(=O)OC(C/C=C\CCCCCCCCOC(=O)CCN(CCCN(CC)CC)CCC(=O)OCCCCCCCC/C=C\CC(CCCCCC)OC(=O)CCCCCCCCCCCCCCCCC)CCCCCC,JW_2024,JW_2024,2
-2.1469388,-0.359270814,CCCCCCCCCCCCCCCCCC(=O)OC(C/C=C\CCCCCCCCOC(=O)CCN(CCCN(CC)CC)CCC(=O)OCCCCCCCC/C=C\CC(CCCCCC)OC(=O)CCCCCCCCCCCCCCCCC)CCCCCC,JW_2024,JW_2024,0
-2.4648366,0.081478035,CCCCCCCCCCCCCCCCCC(=O)OC(C/C=C\CCCCCCCCOC(=O)CCN(CCCN(CC)CC)CCC(=O)OCCCCCCCC/C=C\CC(CCCCCC)OC(=O)CCCCCCCCCCCCCCCCC)CCCCCC,JW_2024,JW_2024,1
-2.1810293,0.765088494,CCCCCCCCCCCCCCCCCC(=O)OC(C/C=C\CCCCCCCCOC(=O)CCN(CCCN(CC)CC)CCC(=O)OCCCCCCCC/C=C\CC(CCCCCC)OC(=O)CCCCCCCCCCCCCCCCC)CCCCCC,JW_2024,JW_2024,1
-1.6983004,1.088903975,CCCCCCCCCCCCCCCCCC(=O)OC(C/C=C\CCCCCCCCOC(=O)CCN(CCCN(CC)CC)CCC(=O)OCCCCCCCC/C=C\CC(CCCCCC)OC(=O)CCCCCCCCCCCCCCCCC)CCCCCC,JW_2024,JW_2024,1
-2.0301948,1.907437552,CCCCCCCCCCCCCCCCCC(=O)OC(C/C=C\CCCCCCCCOC(=O)CCN(CCCN(CC)CC)CCC(=O)OCCCCCCCC/C=C\CC(CCCCCC)OC(=O)CCCCCCCCCCCCCCCCC)CCCCCC,JW_2024,JW_2024,2
-1.845997,0.41428839,CCCCCCCCCCCCCCCCCC(=O)OC(C/C=C\CCCCCCCCOC(=O)CCN(CCCN(CC)CC)CCC(=O)OCCCCCCCC/C=C\CC(CCCCCC)OC(=O)CCCCCCCCCCCCCCCCC)CCCCCC,JW_2024,JW_2024,1
-2.1064956,1.709550314,CCCCCCCCCCCCCCCCCC(=O)OC(C/C=C\CCCCCCCCOC(=O)CCN(CCCN(CC)CC)CCC(=O)OCCCCCCCC/C=C\CC(CCCCCC)OC(=O)CCCCCCCCCCCCCCCCC)CCCCCC,JW_2024,JW_2024,2
-2.3484452,0.261375524,CCCCCCCCCCCCCCCCCC(=O)OC(C/C=C\CCCCCCCCOC(=O)CCN(CCCN(CC)CC)CCC(=O)OCCCCCCCC/C=C\CC(CCCCCC)OC(=O)CCCCCCCCCCCCCCCCC)CCCCCC,JW_2024,JW_2024,1
-2.4798164,0.702124373,CCCCCCCCCCCCCCCCCC(=O)OC(C/C=C\CCCCCCCCOC(=O)CCN(CCCN(CC)CC)CCC(=O)OCCCCCCCC/C=C\CC(CCCCCC)OC(=O)CCCCCCCCCCCCCCCCC)CCCCCC,JW_2024,JW_2024,1
-4.244766,-1.735486608,CCCCCC/C=C\CCC(=O)OC(C/C=C\CCCCCCCCOC(=O)CCN(CCCn1ccnc1)CCC(=O)OCCCCCCCC/C=C\CC(CCCCCC)OC(=O)CC/C=C\CCCCCC)CCCCCC,JW_2024,JW_2024,0
-4.3143682,-1.429660876,CCCCCC/C=C\CCC(=O)OC(C/C=C\CCCCCCCCOC(=O)CCN(CCCn1ccnc1)CCC(=O)OCCCCCCCC/C=C\CC(CCCCCC)OC(=O)CC/C=C\CCCCCC)CCCCCC,JW_2024,JW_2024,0
-4.471473,-1.483630123,CCCCCC/C=C\CCC(=O)OC(C/C=C\CCCCCCCCOC(=O)CCN(CCCn1ccnc1)CCC(=O)OCCCCCCCC/C=C\CC(CCCCCC)OC(=O)CC/C=C\CCCCCC)CCCCCC,JW_2024,JW_2024,0
-4.0894413,-1.681517361,CCCCCC/C=C\CCC(=O)OC(C/C=C\CCCCCCCCOC(=O)CCN(CCCn1ccnc1)CCC(=O)OCCCCCCCC/C=C\CC(CCCCCC)OC(=O)CC/C=C\CCCCCC)CCCCCC,JW_2024,JW_2024,0
-4.7488103,-1.501619872,CCCCCC/C=C\CCC(=O)OC(C/C=C\CCCCCCCCOC(=O)CCN(CCCn1ccnc1)CCC(=O)OCCCCCCCC/C=C\CC(CCCCCC)OC(=O)CC/C=C\CCCCCC)CCCCCC,JW_2024,JW_2024,0
-4.6060886,-2.589999683,CCCCCC/C=C\CCC(=O)OC(C/C=C\CCCCCCCCOC(=O)CCN(CCCn1ccnc1)CCC(=O)OCCCCCCCC/C=C\CC(CCCCCC)OC(=O)CC/C=C\CCCCCC)CCCCCC,JW_2024,JW_2024,0
-4.2474666,-0.997906902,CCCCCC/C=C\CCC(=O)OC(C/C=C\CCCCCCCCOC(=O)CCN(CCCn1ccnc1)CCC(=O)OCCCCCCCC/C=C\CC(CCCCCC)OC(=O)CC/C=C\CCCCCC)CCCCCC,JW_2024,JW_2024,0
-5.157257,-1.933373846,CCCCCC/C=C\CCC(=O)OC(C/C=C\CCCCCCCCOC(=O)CCN(CCCn1ccnc1)CCC(=O)OCCCCCCCC/C=C\CC(CCCCCC)OC(=O)CC/C=C\CCCCCC)CCCCCC,JW_2024,JW_2024,0
-4.643828,-0.656101672,CCCCCC/C=C\CCC(=O)OC(C/C=C\CCCCCCCCOC(=O)CCN(CCCn1ccnc1)CCC(=O)OCCCCCCCC/C=C\CC(CCCCCC)OC(=O)CC/C=C\CCCCCC)CCCCCC,JW_2024,JW_2024,0
-5.5284743,-1.35770188,CCCCCC/C=C\CCC(=O)OC(C/C=C\CCCCCCCCOC(=O)CCN(CCCn1ccnc1)CCC(=O)OCCCCCCCC/C=C\CC(CCCCCC)OC(=O)CC/C=C\CCCCCC)CCCCCC,JW_2024,JW_2024,0
-4.588411,-0.26932207,CCCCCC/C=C\CCC(=O)OC(C/C=C\CCCCCCCCOC(=O)CCN(CCCn1ccnc1)CCC(=O)OCCCCCCCC/C=C\CC(CCCCCC)OC(=O)CC/C=C\CCCCCC)CCCCCC,JW_2024,JW_2024,0
-5.0933156,-1.573578868,CCCCCC/C=C\CCC(=O)OC(C/C=C\CCCCCCCCOC(=O)CCN(CCCn1ccnc1)CCC(=O)OCCCCCCCC/C=C\CC(CCCCCC)OC(=O)CC/C=C\CCCCCC)CCCCCC,JW_2024,JW_2024,0
-5.5631146,-1.294737759,CCCCCC/C=C\CCC(=O)OC(C/C=C\CCCCCCCCOC(=O)CCN(CCCn1ccnc1)CCC(=O)OCCCCCCCC/C=C\CC(CCCCCC)OC(=O)CC/C=C\CCCCCC)CCCCCC,JW_2024,JW_2024,0
-5.0814776,-1.303732634,CCCCCC/C=C\CCC(=O)OC(C/C=C\CCCCCCCCOC(=O)CCN(CCCn1ccnc1)CCC(=O)OCCCCCCCC/C=C\CC(CCCCCC)OC(=O)CC/C=C\CCCCCC)CCCCCC,JW_2024,JW_2024,0
-4.5458555,-1.465640374,CCCCCCCCCCCC(=O)OC(C/C=C\CCCCCCCCOC(=O)CCN(CCCn1ccnc1)CCC(=O)OCCCCCCCC/C=C\CC(CCCCCC)OC(=O)CCCCCCCCCCC)CCCCCC,JW_2024,JW_2024,0
-4.620269,-0.916953031,CCCCCCCCCCCC(=O)OC(C/C=C\CCCCCCCCOC(=O)CCN(CCCn1ccnc1)CCC(=O)OCCCCCCCC/C=C\CC(CCCCCC)OC(=O)CCCCCCCCCCC)CCCCCC,JW_2024,JW_2024,0
-4.98646,-1.168809517,CCCCCCCCCCCC(=O)OC(C/C=C\CCCCCCCCOC(=O)CCN(CCCn1ccnc1)CCC(=O)OCCCCCCCC/C=C\CC(CCCCCC)OC(=O)CCCCCCCCCCC)CCCCCC,JW_2024,JW_2024,0
-4.487162,-0.979917153,CCCCCCCCCCCC(=O)OC(C/C=C\CCCCCCCCOC(=O)CCN(CCCn1ccnc1)CCC(=O)OCCCCCCCC/C=C\CC(CCCCCC)OC(=O)CCCCCCCCCCC)CCCCCC,JW_2024,JW_2024,0
-5.1147857,-1.582573742,CCCCCCCCCCCC(=O)OC(C/C=C\CCCCCCCCOC(=O)CCN(CCCn1ccnc1)CCC(=O)OCCCCCCCC/C=C\CC(CCCCCC)OC(=O)CCCCCCCCCCC)CCCCCC,JW_2024,JW_2024,0
-5.10532,-1.762471232,CCCCCCCCCCCC(=O)OC(C/C=C\CCCCCCCCOC(=O)CCN(CCCn1ccnc1)CCC(=O)OCCCCCCCC/C=C\CC(CCCCCC)OC(=O)CCCCCCCCCCC)CCCCCC,JW_2024,JW_2024,0
-5.1618323,-0.485199057,CCCCCCCCCCCC(=O)OC(C/C=C\CCCCCCCCOC(=O)CCN(CCCn1ccnc1)CCC(=O)OCCCCCCCC/C=C\CC(CCCCCC)OC(=O)CCCCCCCCCCC)CCCCCC,JW_2024,JW_2024,0
-5.3333483,-0.395250312,CCCCCCCCCCCC(=O)OC(C/C=C\CCCCCCCCOC(=O)CCN(CCCn1ccnc1)CCC(=O)OCCCCCCCC/C=C\CC(CCCCCC)OC(=O)CCCCCCCCCCC)CCCCCC,JW_2024,JW_2024,0
-5.3603263,0.522226884,CCCCCCCCCCCC(=O)OC(C/C=C\CCCCCCCCOC(=O)CCN(CCCn1ccnc1)CCC(=O)OCCCCCCCC/C=C\CC(CCCCCC)OC(=O)CCCCCCCCCCC)CCCCCC,JW_2024,JW_2024,1
-5.4377623,-1.069865897,CCCCCCCCCCCC(=O)OC(C/C=C\CCCCCCCCOC(=O)CCN(CCCn1ccnc1)CCC(=O)OCCCCCCCC/C=C\CC(CCCCCC)OC(=O)CCCCCCCCCCC)CCCCCC,JW_2024,JW_2024,0
-4.9074693,0.711119248,CCCCCCCCCCCC(=O)OC(C/C=C\CCCCCCCCOC(=O)CCN(CCCn1ccnc1)CCC(=O)OCCCCCCCC/C=C\CC(CCCCCC)OC(=O)CCCCCCCCCCC)CCCCCC,JW_2024,JW_2024,1
-5.180477,-0.871978659,CCCCCCCCCCCC(=O)OC(C/C=C\CCCCCCCCOC(=O)CCN(CCCn1ccnc1)CCC(=O)OCCCCCCCC/C=C\CC(CCCCCC)OC(=O)CCCCCCCCCCC)CCCCCC,JW_2024,JW_2024,0
-5.472403,-1.465640374,CCCCCCCCCCCC(=O)OC(C/C=C\CCCCCCCCOC(=O)CCN(CCCn1ccnc1)CCC(=O)OCCCCCCCC/C=C\CC(CCCCCC)OC(=O)CCCCCCCCCCC)CCCCCC,JW_2024,JW_2024,0
-5.4469724,0.207406277,CCCCCCCCCCCC(=O)OC(C/C=C\CCCCCCCCOC(=O)CCN(CCCn1ccnc1)CCC(=O)OCCCCCCCC/C=C\CC(CCCCCC)OC(=O)CCCCCCCCCCC)CCCCCC,JW_2024,JW_2024,1
-4.78254,-1.564583993,CCCCCCCCCCCCCCCCCC(=O)OC(C/C=C\CCCCCCCCOC(=O)CCN(CCCn1ccnc1)CCC(=O)OCCCCCCCC/C=C\CC(CCCCCC)OC(=O)CCCCCCCCCCCCCCCCC)CCCCCC,JW_2024,JW_2024,0
-4.8172445,0.090472909,CCCCCCCCCCCCCCCCCC(=O)OC(C/C=C\CCCCCCCCOC(=O)CCN(CCCn1ccnc1)CCC(=O)OCCCCCCCC/C=C\CC(CCCCCC)OC(=O)CCCCCCCCCCCCCCCCC)CCCCCC,JW_2024,JW_2024,1
-4.727509,-0.215352823,CCCCCCCCCCCCCCCCCC(=O)OC(C/C=C\CCCCCCCCOC(=O)CCN(CCCn1ccnc1)CCC(=O)OCCCCCCCC/C=C\CC(CCCCCC)OC(=O)CCCCCCCCCCCCCCCCC)CCCCCC,JW_2024,JW_2024,0
-4.9325104,-0.943937655,CCCCCCCCCCCCCCCCCC(=O)OC(C/C=C\CCCCCCCCOC(=O)CCN(CCCn1ccnc1)CCC(=O)OCCCCCCCC/C=C\CC(CCCCCC)OC(=O)CCCCCCCCCCCCCCCCC)CCCCCC,JW_2024,JW_2024,0
-5.20591,-1.726491734,CCCCCCCCCCCCCCCCCC(=O)OC(C/C=C\CCCCCCCCOC(=O)CCN(CCCn1ccnc1)CCC(=O)OCCCCCCCC/C=C\CC(CCCCCC)OC(=O)CCCCCCCCCCCCCCCCC)CCCCCC,JW_2024,JW_2024,0
-4.8553205,-1.528604495,CCCCCCCCCCCCCCCCCC(=O)OC(C/C=C\CCCCCCCCOC(=O)CCN(CCCn1ccnc1)CCC(=O)OCCCCCCCC/C=C\CC(CCCCCC)OC(=O)CCCCCCCCCCCCCCCCC)CCCCCC,JW_2024,JW_2024,0
-5.3823724,-0.341281065,CCCCCCCCCCCCCCCCCC(=O)OC(C/C=C\CCCCCCCCOC(=O)CCN(CCCn1ccnc1)CCC(=O)OCCCCCCCC/C=C\CC(CCCCCC)OC(=O)CCCCCCCCCCCCCCCCC)CCCCCC,JW_2024,JW_2024,0
-5.2144756,-0.053445082,CCCCCCCCCCCCCCCCCC(=O)OC(C/C=C\CCCCCCCCOC(=O)CCN(CCCn1ccnc1)CCC(=O)OCCCCCCCC/C=C\CC(CCCCCC)OC(=O)CCCCCCCCCCCCCCCCC)CCCCCC,JW_2024,JW_2024,0
-5.1452694,0.531221758,CCCCCCCCCCCCCCCCCC(=O)OC(C/C=C\CCCCCCCCOC(=O)CCN(CCCn1ccnc1)CCC(=O)OCCCCCCCC/C=C\CC(CCCCCC)OC(=O)CCCCCCCCCCCCCCCCC)CCCCCC,JW_2024,JW_2024,1
-5.1892724,-0.701076044,CCCCCCCCCCCCCCCCCC(=O)OC(C/C=C\CCCCCCCCOC(=O)CCN(CCCn1ccnc1)CCC(=O)OCCCCCCCC/C=C\CC(CCCCCC)OC(=O)CCCCCCCCCCCCCCCCC)CCCCCC,JW_2024,JW_2024,0
-4.6940384,0.621170503,CCCCCCCCCCCCCCCCCC(=O)OC(C/C=C\CCCCCCCCOC(=O)CCN(CCCn1ccnc1)CCC(=O)OCCCCCCCC/C=C\CC(CCCCCC)OC(=O)CCCCCCCCCCCCCCCCC)CCCCCC,JW_2024,JW_2024,1
-5.0032487,-0.943937655,CCCCCCCCCCCCCCCCCC(=O)OC(C/C=C\CCCCCCCCOC(=O)CCN(CCCn1ccnc1)CCC(=O)OCCCCCCCC/C=C\CC(CCCCCC)OC(=O)CCCCCCCCCCCCCCCCC)CCCCCC,JW_2024,JW_2024,0
-5.217367,-1.060871023,CCCCCCCCCCCCCCCCCC(=O)OC(C/C=C\CCCCCCCCOC(=O)CCN(CCCn1ccnc1)CCC(=O)OCCCCCCCC/C=C\CC(CCCCCC)OC(=O)CCCCCCCCCCCCCCCCC)CCCCCC,JW_2024,JW_2024,0
-4.9484034,-0.395250312,CCCCCCCCCCCCCCCCCC(=O)OC(C/C=C\CCCCCCCCOC(=O)CCN(CCCn1ccnc1)CCC(=O)OCCCCCCCC/C=C\CC(CCCCCC)OC(=O)CCCCCCCCCCCCCCCCC)CCCCCC,JW_2024,JW_2024,0
-3.7334423,-1.411671127,CCCCCCCC/C=C\CCCCCCCC(=O)OC(C/C=C\CCCCCCCCOC(=O)CCN(CCCn1ccnc1)CCC(=O)OCCCCCCCC/C=C\CC(CCCCCC)OC(=O)CCCCCCC/C=C\CCCCCCCC)CCCCCC,JW_2024,JW_2024,0
-3.8324318,-0.683086295,CCCCCCCC/C=C\CCCCCCCC(=O)OC(C/C=C\CCCCCCCCOC(=O)CCN(CCCn1ccnc1)CCC(=O)OCCCCCCCC/C=C\CC(CCCCCC)OC(=O)CCCCCCC/C=C\CCCCCCCC)CCCCCC,JW_2024,JW_2024,0
-3.5224578,-0.395250312,CCCCCCCC/C=C\CCCCCCCC(=O)OC(C/C=C\CCCCCCCCOC(=O)CCN(CCCn1ccnc1)CCC(=O)OCCCCCCCC/C=C\CC(CCCCCC)OC(=O)CCCCCCC/C=C\CCCCCCCC)CCCCCC,JW_2024,JW_2024,0
-3.8263135,-1.35770188,CCCCCCCC/C=C\CCCCCCCC(=O)OC(C/C=C\CCCCCCCCOC(=O)CCN(CCCn1ccnc1)CCC(=O)OCCCCCCCC/C=C\CC(CCCCCC)OC(=O)CCCCCCC/C=C\CCCCCCCC)CCCCCC,JW_2024,JW_2024,0
-4.3329263,-1.384686504,CCCCCCCC/C=C\CCCCCCCC(=O)OC(C/C=C\CCCCCCCCOC(=O)CCN(CCCn1ccnc1)CCC(=O)OCCCCCCCC/C=C\CC(CCCCCC)OC(=O)CCCCCCC/C=C\CCCCCCCC)CCCCCC,JW_2024,JW_2024,0
-3.980692,-2.059302089,CCCCCCCC/C=C\CCCCCCCC(=O)OC(C/C=C\CCCCCCCCOC(=O)CCN(CCCn1ccnc1)CCC(=O)OCCCCCCCC/C=C\CC(CCCCCC)OC(=O)CCCCCCC/C=C\CCCCCCCC)CCCCCC,JW_2024,JW_2024,0
-4.1316237,-0.871978659,CCCCCCCC/C=C\CCCCCCCC(=O)OC(C/C=C\CCCCCCCCOC(=O)CCN(CCCn1ccnc1)CCC(=O)OCCCCCCCC/C=C\CC(CCCCCC)OC(=O)CCCCCCC/C=C\CCCCCCCC)CCCCCC,JW_2024,JW_2024,0
-4.604148,-1.015896651,CCCCCCCC/C=C\CCCCCCCC(=O)OC(C/C=C\CCCCCCCCOC(=O)CCN(CCCn1ccnc1)CCC(=O)OCCCCCCCC/C=C\CC(CCCCCC)OC(=O)CCCCCCC/C=C\CCCCCCCC)CCCCCC,JW_2024,JW_2024,0
-4.5197115,0.369314018,CCCCCCCC/C=C\CCCCCCCC(=O)OC(C/C=C\CCCCCCCCOC(=O)CCN(CCCn1ccnc1)CCC(=O)OCCCCCCCC/C=C\CC(CCCCCC)OC(=O)CCCCCCC/C=C\CCCCCCCC)CCCCCC,JW_2024,JW_2024,1
-4.522652,-1.303732634,CCCCCCCC/C=C\CCCCCCCC(=O)OC(C/C=C\CCCCCCCCOC(=O)CCN(CCCn1ccnc1)CCC(=O)OCCCCCCCC/C=C\CC(CCCCCC)OC(=O)CCCCCCC/C=C\CCCCCCCC)CCCCCC,JW_2024,JW_2024,0
-3.9101536,0.83704749,CCCCCCCC/C=C\CCCCCCCC(=O)OC(C/C=C\CCCCCCCCOC(=O)CCN(CCCn1ccnc1)CCC(=O)OCCCCCCCC/C=C\CC(CCCCCC)OC(=O)CCCCCCC/C=C\CCCCCCCC)CCCCCC,JW_2024,JW_2024,1
-4.0527453,-1.015896651,CCCCCCCC/C=C\CCCCCCCC(=O)OC(C/C=C\CCCCCCCCOC(=O)CCN(CCCn1ccnc1)CCC(=O)OCCCCCCCC/C=C\CC(CCCCCC)OC(=O)CCCCCCC/C=C\CCCCCCCC)CCCCCC,JW_2024,JW_2024,0
-4.522195,-1.348707006,CCCCCCCC/C=C\CCCCCCCC(=O)OC(C/C=C\CCCCCCCCOC(=O)CCN(CCCn1ccnc1)CCC(=O)OCCCCCCCC/C=C\CC(CCCCCC)OC(=O)CCCCCCC/C=C\CCCCCCCC)CCCCCC,JW_2024,JW_2024,0
-4.0737753,-0.467209308,CCCCCCCC/C=C\CCCCCCCC(=O)OC(C/C=C\CCCCCCCCOC(=O)CCN(CCCn1ccnc1)CCC(=O)OCCCCCCCC/C=C\CC(CCCCCC)OC(=O)CCCCCCC/C=C\CCCCCCCC)CCCCCC,JW_2024,JW_2024,0
-4.294806,-1.726491734,CCCCCCCC/C=C\CCCCCCCC(=O)OC(C/C=C\CCCCCCCCOC(=O)CCN(CCC(=O)OCCCCCCCC/C=C\CC(CCCCCC)OC(=O)CCCCCCC/C=C\CCCCCCCC)CCc1ccncc1)CCCCCC,JW_2024,JW_2024,0
-4.627031,-0.476204182,CCCCCCCC/C=C\CCCCCCCC(=O)OC(C/C=C\CCCCCCCCOC(=O)CCN(CCC(=O)OCCCCCCCC/C=C\CC(CCCCCC)OC(=O)CCCCCCC/C=C\CCCCCCCC)CCc1ccncc1)CCCCCC,JW_2024,JW_2024,0
-4.698597,0.162431905,CCCCCCCC/C=C\CCCCCCCC(=O)OC(C/C=C\CCCCCCCCOC(=O)CCN(CCC(=O)OCCCCCCCC/C=C\CC(CCCCCC)OC(=O)CCCCCCC/C=C\CCCCCCCC)CCc1ccncc1)CCCCCC,JW_2024,JW_2024,1
-4.332322,-0.467209308,CCCCCCCC/C=C\CCCCCCCC(=O)OC(C/C=C\CCCCCCCCOC(=O)CCN(CCC(=O)OCCCCCCCC/C=C\CC(CCCCCC)OC(=O)CCCCCCC/C=C\CCCCCCCC)CCc1ccncc1)CCCCCC,JW_2024,JW_2024,0
-4.910803,-1.321722383,CCCCCCCC/C=C\CCCCCCCC(=O)OC(C/C=C\CCCCCCCCOC(=O)CCN(CCC(=O)OCCCCCCCC/C=C\CC(CCCCCC)OC(=O)CCCCCCC/C=C\CCCCCCCC)CCc1ccncc1)CCCCCC,JW_2024,JW_2024,0
-4.5855904,-1.519609621,CCCCCCCC/C=C\CCCCCCCC(=O)OC(C/C=C\CCCCCCCCOC(=O)CCN(CCC(=O)OCCCCCCCC/C=C\CC(CCCCCC)OC(=O)CCCCCCC/C=C\CCCCCCCC)CCc1ccncc1)CCCCCC,JW_2024,JW_2024,0
-4.975371,0.117457533,CCCCCCCC/C=C\CCCCCCCC(=O)OC(C/C=C\CCCCCCCCOC(=O)CCN(CCC(=O)OCCCCCCCC/C=C\CC(CCCCCC)OC(=O)CCCCCCC/C=C\CCCCCCCC)CCc1ccncc1)CCCCCC,JW_2024,JW_2024,1
-5.203838,-0.43122981,CCCCCCCC/C=C\CCCCCCCC(=O)OC(C/C=C\CCCCCCCCOC(=O)CCN(CCC(=O)OCCCCCCCC/C=C\CC(CCCCCC)OC(=O)CCCCCCC/C=C\CCCCCCCC)CCc1ccncc1)CCCCCC,JW_2024,JW_2024,0
-4.916125,0.594185879,CCCCCCCC/C=C\CCCCCCCC(=O)OC(C/C=C\CCCCCCCCOC(=O)CCN(CCC(=O)OCCCCCCCC/C=C\CC(CCCCCC)OC(=O)CCCCCCC/C=C\CCCCCCCC)CCc1ccncc1)CCCCCC,JW_2024,JW_2024,1
-5.050699,-1.258758261,CCCCCCCC/C=C\CCCCCCCC(=O)OC(C/C=C\CCCCCCCCOC(=O)CCN(CCC(=O)OCCCCCCCC/C=C\CC(CCCCCC)OC(=O)CCCCCCC/C=C\CCCCCCCC)CCc1ccncc1)CCCCCC,JW_2024,JW_2024,0
-4.783291,0.801067992,CCCCCCCC/C=C\CCCCCCCC(=O)OC(C/C=C\CCCCCCCCOC(=O)CCN(CCC(=O)OCCCCCCCC/C=C\CC(CCCCCC)OC(=O)CCCCCCC/C=C\CCCCCCCC)CCc1ccncc1)CCCCCC,JW_2024,JW_2024,1
-4.7693057,-1.015896651,CCCCCCCC/C=C\CCCCCCCC(=O)OC(C/C=C\CCCCCCCCOC(=O)CCN(CCC(=O)OCCCCCCCC/C=C\CC(CCCCCC)OC(=O)CCCCCCC/C=C\CCCCCCCC)CCc1ccncc1)CCCCCC,JW_2024,JW_2024,0
-5.025225,-1.438655751,CCCCCCCC/C=C\CCCCCCCC(=O)OC(C/C=C\CCCCCCCCOC(=O)CCN(CCC(=O)OCCCCCCCC/C=C\CC(CCCCCC)OC(=O)CCCCCCC/C=C\CCCCCCCC)CCc1ccncc1)CCCCCC,JW_2024,JW_2024,0
-4.7341185,-1.0338864,CCCCCCCC/C=C\CCCCCCCC(=O)OC(C/C=C\CCCCCCCCOC(=O)CCN(CCC(=O)OCCCCCCCC/C=C\CC(CCCCCC)OC(=O)CCCCCCC/C=C\CCCCCCCC)CCc1ccncc1)CCCCCC,JW_2024,JW_2024,0
-3.9987366,-0.00847071,CCCCCCCC/C=C\CCCCCCCC(=O)OC(C/C=C\CCCCCCCCOC(=O)CCN(CCC(=O)OCCCCCCCC/C=C\CC(CCCCCC)OC(=O)CCCCCCC/C=C\CCCCCCCC)CCN1CCCC1)CCCCCC,JW_2024,JW_2024,0
-3.5375788,-0.152388702,CCCCCCCC/C=C\CCCCCCCC(=O)OC(C/C=C\CCCCCCCCOC(=O)CCN(CCC(=O)OCCCCCCCC/C=C\CC(CCCCCC)OC(=O)CCCCCCC/C=C\CCCCCCCC)CCN1CCCC1)CCCCCC,JW_2024,JW_2024,0
-2.7990873,0.558206382,CCCCCCCC/C=C\CCCCCCCC(=O)OC(C/C=C\CCCCCCCCOC(=O)CCN(CCC(=O)OCCCCCCCC/C=C\CC(CCCCCC)OC(=O)CCCCCCC/C=C\CCCCCCCC)CCN1CCCC1)CCCCCC,JW_2024,JW_2024,1
-4.0486975,0.729108996,CCCCCCCC/C=C\CCCCCCCC(=O)OC(C/C=C\CCCCCCCCOC(=O)CCN(CCC(=O)OCCCCCCCC/C=C\CC(CCCCCC)OC(=O)CCCCCCC/C=C\CCCCCCCC)CCN1CCCC1)CCCCCC,JW_2024,JW_2024,1
-4.6629076,-0.017465585,CCCCCCCC/C=C\CCCCCCCC(=O)OC(C/C=C\CCCCCCCCOC(=O)CCN(CCC(=O)OCCCCCCCC/C=C\CC(CCCCCC)OC(=O)CCCCCCC/C=C\CCCCCCCC)CCN1CCCC1)CCCCCC,JW_2024,JW_2024,0
-3.1551938,-0.026460459,CCCCCCCC/C=C\CCCCCCCC(=O)OC(C/C=C\CCCCCCCCOC(=O)CCN(CCC(=O)OCCCCCCCC/C=C\CC(CCCCCC)OC(=O)CCCCCCC/C=C\CCCCCCCC)CCN1CCCC1)CCCCCC,JW_2024,JW_2024,0
-3.5926192,1.547642573,CCCCCCCC/C=C\CCCCCCCC(=O)OC(C/C=C\CCCCCCCCOC(=O)CCN(CCC(=O)OCCCCCCCC/C=C\CC(CCCCCC)OC(=O)CCCCCCC/C=C\CCCCCCCC)CCN1CCCC1)CCCCCC,JW_2024,JW_2024,2
-4.2193775,-0.952932529,CCCCCCCC/C=C\CCCCCCCC(=O)OC(C/C=C\CCCCCCCCOC(=O)CCN(CCC(=O)OCCCCCCCC/C=C\CC(CCCCCC)OC(=O)CCCCCCC/C=C\CCCCCCCC)CCN1CCCC1)CCCCCC,JW_2024,JW_2024,0
-3.9500875,1.376739958,CCCCCCCC/C=C\CCCCCCCC(=O)OC(C/C=C\CCCCCCCCOC(=O)CCN(CCC(=O)OCCCCCCCC/C=C\CC(CCCCCC)OC(=O)CCCCCCC/C=C\CCCCCCCC)CCN1CCCC1)CCCCCC,JW_2024,JW_2024,2
-4.298183,1.034934728,CCCCCCCC/C=C\CCCCCCCC(=O)OC(C/C=C\CCCCCCCCOC(=O)CCN(CCC(=O)OCCCCCCCC/C=C\CC(CCCCCC)OC(=O)CCCCCCC/C=C\CCCCCCCC)CCN1CCCC1)CCCCCC,JW_2024,JW_2024,1
-3.0683358,1.142873222,CCCCCCCC/C=C\CCCCCCCC(=O)OC(C/C=C\CCCCCCCCOC(=O)CCN(CCC(=O)OCCCCCCCC/C=C\CC(CCCCCC)OC(=O)CCCCCCC/C=C\CCCCCCCC)CCN1CCCC1)CCCCCC,JW_2024,JW_2024,1
-3.8864973,-0.143393827,CCCCCCCC/C=C\CCCCCCCC(=O)OC(C/C=C\CCCCCCCCOC(=O)CCN(CCC(=O)OCCCCCCCC/C=C\CC(CCCCCC)OC(=O)CCCCCCC/C=C\CCCCCCCC)CCN1CCCC1)CCCCCC,JW_2024,JW_2024,0
-4.3434253,-0.251332321,CCCCCCCC/C=C\CCCCCCCC(=O)OC(C/C=C\CCCCCCCCOC(=O)CCN(CCC(=O)OCCCCCCCC/C=C\CC(CCCCCC)OC(=O)CCCCCCC/C=C\CCCCCCCC)CCN1CCCC1)CCCCCC,JW_2024,JW_2024,0
-3.1921368,0.657150001,CCCCCCCC/C=C\CCCCCCCC(=O)OC(C/C=C\CCCCCCCCOC(=O)CCN(CCC(=O)OCCCCCCCC/C=C\CC(CCCCCC)OC(=O)CCCCCCC/C=C\CCCCCCCC)CCN1CCCC1)CCCCCC,JW_2024,JW_2024,1
-4.271319,-0.341281065,CCCCCCCC/C=C\CCCCCCCC(=O)OC(C/C=C\CCCCCCCCOC(=O)CCN(CCC(=O)OCCCCCCCC/C=C\CC(CCCCCC)OC(=O)CCCCCCC/C=C\CCCCCCCC)CCN1CCCC1)CCCCCC,JW_2024,JW_2024,0
-4.150558,-0.206357948,CCCCCCCC/C=C\CCCCCCCC(=O)OC(C/C=C\CCCCCCCCOC(=O)CCN(CCC(=O)OCCCCCCCC/C=C\CC(CCCCCC)OC(=O)CCCCCCC/C=C\CCCCCCCC)CCN1CCCC1)CCCCCC,JW_2024,JW_2024,0
-4.459066,0.909006486,CCCCCCCC/C=C\CCCCCCCC(=O)OC(C/C=C\CCCCCCCCOC(=O)CCN(CCC(=O)OCCCCCCCC/C=C\CC(CCCCCC)OC(=O)CCCCCCC/C=C\CCCCCCCC)CCN1CCCC1)CCCCCC,JW_2024,JW_2024,1
-4.37442,1.151868096,CCCCCCCC/C=C\CCCCCCCC(=O)OC(C/C=C\CCCCCCCCOC(=O)CCN(CCC(=O)OCCCCCCCC/C=C\CC(CCCCCC)OC(=O)CCCCCCC/C=C\CCCCCCCC)CCN1CCCC1)CCCCCC,JW_2024,JW_2024,1
-2.9498017,1.439704079,CCCCCCCC/C=C\CCCCCCCC(=O)OC(C/C=C\CCCCCCCCOC(=O)CCN(CCC(=O)OCCCCCCCC/C=C\CC(CCCCCC)OC(=O)CCCCCCC/C=C\CCCCCCCC)CCN1CCCC1)CCCCCC,JW_2024,JW_2024,2
-3.3746727,1.826483682,CCCCCCCC/C=C\CCCCCCCC(=O)OC(C/C=C\CCCCCCCCOC(=O)CCN(CCC(=O)OCCCCCCCC/C=C\CC(CCCCCC)OC(=O)CCCCCCC/C=C\CCCCCCCC)CCN1CCCC1)CCCCCC,JW_2024,JW_2024,2
-3.2405882,0.324339645,CCCCCCCC/C=C\CCCCCCCC(=O)OC(C/C=C\CCCCCCCCOC(=O)CCN(CCC(=O)OCCCCCCCC/C=C\CC(CCCCCC)OC(=O)CCCCCCC/C=C\CCCCCCCC)CCN1CCCC1)CCCCCC,JW_2024,JW_2024,1
-3.9273467,0.962975733,CCCCCCCC/C=C\CCCCCCCC(=O)OC(C/C=C\CCCCCCCCOC(=O)CCN(CCC(=O)OCCCCCCCC/C=C\CC(CCCCCC)OC(=O)CCCCCCC/C=C\CCCCCCCC)CCN1CCCC1)CCCCCC,JW_2024,JW_2024,1
-4.319417,0.67513975,CCCCCCCC/C=C\CCCCCCCC(=O)OC(C/C=C\CCCCCCCCOC(=O)CCN(CCC(=O)OCCCCCCCC/C=C\CC(CCCCCC)OC(=O)CCCCCCC/C=C\CCCCCCCC)CCN1CCCC1)CCCCCC,JW_2024,JW_2024,1
-4.1412506,0.900011611,CCCCCCCC/C=C\CCCCCCCC(=O)OC(C/C=C\CCCCCCCCOC(=O)CCN(CCC(=O)OCCCCCCCC/C=C\CC(CCCCCC)OC(=O)CCCCCCC/C=C\CCCCCCCC)CCN1CCCC1)CCCCCC,JW_2024,JW_2024,1
-2.5399761,-1.087855646,CCCCCCCC/C=C\CCCCCCCC(=O)OC(C/C=C\CCCCCCCCOC(=O)CCN(CCC(=O)OCCCCCCCC/C=C\CC(CCCCCC)OC(=O)CCCCCCC/C=C\CCCCCCCC)CCN1CCOCC1)CCCCCC,JW_2024,JW_2024,0
-2.5546238,-1.294737759,CCCCCCCC/C=C\CCCCCCCC(=O)OC(C/C=C\CCCCCCCCOC(=O)CCN(CCC(=O)OCCCCCCCC/C=C\CC(CCCCCC)OC(=O)CCCCCCC/C=C\CCCCCCCC)CCN1CCOCC1)CCCCCC,JW_2024,JW_2024,0
-2.054528,-0.449219559,CCCCCCCC/C=C\CCCCCCCC(=O)OC(C/C=C\CCCCCCCCOC(=O)CCN(CCC(=O)OCCCCCCCC/C=C\CC(CCCCCC)OC(=O)CCCCCCC/C=C\CCCCCCCC)CCN1CCOCC1)CCCCCC,JW_2024,JW_2024,0
-2.6406012,-0.359270814,CCCCCCCC/C=C\CCCCCCCC(=O)OC(C/C=C\CCCCCCCCOC(=O)CCN(CCC(=O)OCCCCCCCC/C=C\CC(CCCCCC)OC(=O)CCCCCCC/C=C\CCCCCCCC)CCN1CCOCC1)CCCCCC,JW_2024,JW_2024,0
-3.2344334,-1.024891525,CCCCCCCC/C=C\CCCCCCCC(=O)OC(C/C=C\CCCCCCCCOC(=O)CCN(CCC(=O)OCCCCCCCC/C=C\CC(CCCCCC)OC(=O)CCCCCCC/C=C\CCCCCCCC)CCN1CCOCC1)CCCCCC,JW_2024,JW_2024,0
-2.2900105,-0.530173429,CCCCCCCC/C=C\CCCCCCCC(=O)OC(C/C=C\CCCCCCCCOC(=O)CCN(CCC(=O)OCCCCCCCC/C=C\CC(CCCCCC)OC(=O)CCCCCCC/C=C\CCCCCCCC)CCN1CCOCC1)CCCCCC,JW_2024,JW_2024,0
-2.8799717,-0.017465585,CCCCCCCC/C=C\CCCCCCCC(=O)OC(C/C=C\CCCCCCCCOC(=O)CCN(CCC(=O)OCCCCCCCC/C=C\CC(CCCCCC)OC(=O)CCCCCCC/C=C\CCCCCCCC)CCN1CCOCC1)CCCCCC,JW_2024,JW_2024,0
-3.30296,-2.014327717,CCCCCCCC/C=C\CCCCCCCC(=O)OC(C/C=C\CCCCCCCCOC(=O)CCN(CCC(=O)OCCCCCCCC/C=C\CC(CCCCCC)OC(=O)CCCCCCC/C=C\CCCCCCCC)CCN1CCOCC1)CCCCCC,JW_2024,JW_2024,0
-3.0094368,-0.557158053,CCCCCCCC/C=C\CCCCCCCC(=O)OC(C/C=C\CCCCCCCCOC(=O)CCN(CCC(=O)OCCCCCCCC/C=C\CC(CCCCCC)OC(=O)CCCCCCC/C=C\CCCCCCCC)CCN1CCOCC1)CCCCCC,JW_2024,JW_2024,0
-3.1745486,-0.485199057,CCCCCCCC/C=C\CCCCCCCC(=O)OC(C/C=C\CCCCCCCCOC(=O)CCN(CCC(=O)OCCCCCCCC/C=C\CC(CCCCCC)OC(=O)CCCCCCC/C=C\CCCCCCCC)CCN1CCOCC1)CCCCCC,JW_2024,JW_2024,0
-2.1303854,0.261375524,CCCCCCCC/C=C\CCCCCCCC(=O)OC(C/C=C\CCCCCCCCOC(=O)CCN(CCC(=O)OCCCCCCCC/C=C\CC(CCCCCC)OC(=O)CCCCCCC/C=C\CCCCCCCC)CCN1CCOCC1)CCCCCC,JW_2024,JW_2024,1
-3.0641901,-1.555589119,CCCCCCCC/C=C\CCCCCCCC(=O)OC(C/C=C\CCCCCCCCOC(=O)CCN(CCC(=O)OCCCCCCCC/C=C\CC(CCCCCC)OC(=O)CCCCCCC/C=C\CCCCCCCC)CCN1CCOCC1)CCCCCC,JW_2024,JW_2024,0
-3.2233882,-1.231773638,CCCCCCCC/C=C\CCCCCCCC(=O)OC(C/C=C\CCCCCCCCOC(=O)CCN(CCC(=O)OCCCCCCCC/C=C\CC(CCCCCC)OC(=O)CCCCCCC/C=C\CCCCCCCC)CCN1CCOCC1)CCCCCC,JW_2024,JW_2024,0
-2.2983332,-0.143393827,CCCCCCCC/C=C\CCCCCCCC(=O)OC(C/C=C\CCCCCCCCOC(=O)CCN(CCC(=O)OCCCCCCCC/C=C\CC(CCCCCC)OC(=O)CCCCCCC/C=C\CCCCCCCC)CCN1CCOCC1)CCCCCC,JW_2024,JW_2024,0
-0.8510814,-0.521178555,CCCCCCCC/C=C\CCCCCCCC(=O)OC(C/C=C\CCCCCCCCOC(=O)CCN(CCCN(CC)CC)CCC(=O)OCCCCCCCC/C=C\CC(CCCCCC)OC(=O)CCCCCCC/C=C\CCCCCCCC)CCCCCC,JW_2024,JW_2024,0
-0.8723068,-0.017465585,CCCCCCCC/C=C\CCCCCCCC(=O)OC(C/C=C\CCCCCCCCOC(=O)CCN(CCCN(CC)CC)CCC(=O)OCCCCCCCC/C=C\CC(CCCCCC)OC(=O)CCCCCCC/C=C\CCCCCCCC)CCCCCC,JW_2024,JW_2024,0
-0.4202013,-0.287311819,CCCCCCCC/C=C\CCCCCCCC(=O)OC(C/C=C\CCCCCCCCOC(=O)CCN(CCCN(CC)CC)CCC(=O)OCCCCCCCC/C=C\CC(CCCCCC)OC(=O)CCCCCCC/C=C\CCCCCCCC)CCCCCC,JW_2024,JW_2024,0
-0.9517071,-0.440224685,CCCCCCCC/C=C\CCCCCCCC(=O)OC(C/C=C\CCCCCCCCOC(=O)CCN(CCCN(CC)CC)CCC(=O)OCCCCCCCC/C=C\CC(CCCCCC)OC(=O)CCCCCCC/C=C\CCCCCCCC)CCCCCC,JW_2024,JW_2024,0
-1.9238175,0.558206382,CCCCCCCC/C=C\CCCCCCCC(=O)OC(C/C=C\CCCCCCCCOC(=O)CCN(CCCN(CC)CC)CCC(=O)OCCCCCCCC/C=C\CC(CCCCCC)OC(=O)CCCCCCC/C=C\CCCCCCCC)CCCCCC,JW_2024,JW_2024,1
-0.8286691,-0.413240061,CCCCCCCC/C=C\CCCCCCCC(=O)OC(C/C=C\CCCCCCCCOC(=O)CCN(CCCN(CC)CC)CCC(=O)OCCCCCCCC/C=C\CC(CCCCCC)OC(=O)CCCCCCC/C=C\CCCCCCCC)CCCCCC,JW_2024,JW_2024,0
-1.2493361,0.873026988,CCCCCCCC/C=C\CCCCCCCC(=O)OC(C/C=C\CCCCCCCCOC(=O)CCN(CCCN(CC)CC)CCC(=O)OCCCCCCCC/C=C\CC(CCCCCC)OC(=O)CCCCCCC/C=C\CCCCCCCC)CCCCCC,JW_2024,JW_2024,1
-1.9252124,-0.889968408,CCCCCCCC/C=C\CCCCCCCC(=O)OC(C/C=C\CCCCCCCCOC(=O)CCN(CCCN(CC)CC)CCC(=O)OCCCCCCCC/C=C\CC(CCCCCC)OC(=O)CCCCCCC/C=C\CCCCCCCC)CCCCCC,JW_2024,JW_2024,0
-1.319639,1.547642573,CCCCCCCC/C=C\CCCCCCCC(=O)OC(C/C=C\CCCCCCCCOC(=O)CCN(CCCN(CC)CC)CCC(=O)OCCCCCCCC/C=C\CC(CCCCCC)OC(=O)CCCCCCC/C=C\CCCCCCCC)CCCCCC,JW_2024,JW_2024,2
-1.9381098,-0.062439957,CCCCCCCC/C=C\CCCCCCCC(=O)OC(C/C=C\CCCCCCCCOC(=O)CCN(CCCN(CC)CC)CCC(=O)OCCCCCCCC/C=C\CC(CCCCCC)OC(=O)CCCCCCC/C=C\CCCCCCCC)CCCCCC,JW_2024,JW_2024,0
-0.76245105,1.439704079,CCCCCCCC/C=C\CCCCCCCC(=O)OC(C/C=C\CCCCCCCCOC(=O)CCN(CCCN(CC)CC)CCC(=O)OCCCCCCCC/C=C\CC(CCCCCC)OC(=O)CCCCCCC/C=C\CCCCCCCC)CCCCCC,JW_2024,JW_2024,2
-1.5464259,0.243385775,CCCCCCCC/C=C\CCCCCCCC(=O)OC(C/C=C\CCCCCCCCOC(=O)CCN(CCCN(CC)CC)CCC(=O)OCCCCCCCC/C=C\CC(CCCCCC)OC(=O)CCCCCCC/C=C\CCCCCCCC)CCCCCC,JW_2024,JW_2024,1
-2.000235,-0.08942458,CCCCCCCC/C=C\CCCCCCCC(=O)OC(C/C=C\CCCCCCCCOC(=O)CCN(CCCN(CC)CC)CCC(=O)OCCCCCCCC/C=C\CC(CCCCCC)OC(=O)CCCCCCC/C=C\CCCCCCCC)CCCCCC,JW_2024,JW_2024,0
-0.84854645,0.738103871,CCCCCCCC/C=C\CCCCCCCC(=O)OC(C/C=C\CCCCCCCCOC(=O)CCN(CCCN(CC)CC)CCC(=O)OCCCCCCCC/C=C\CC(CCCCCC)OC(=O)CCCCCCC/C=C\CCCCCCCC)CCCCCC,JW_2024,JW_2024,1
-1.0905129,1.286791213,CCCCCCCC/C=C\CCCCCCCC(=O)OC(C/C=C\CCCCCCCCOC(=O)CCN(CCCN(CC)CC)CCC(=O)OCCCCCCCC/C=C\CC(CCCCCC)OC(=O)CCCCCCC/C=C\CCCCCCCC)CCCCCC,JW_2024,JW_2024,1
-1.3808122,0.387303767,CCCCCCCC/C=C\CCCCCCCC(=O)OC(C/C=C\CCCCCCCCOC(=O)CCN(CCCN(CC)CC)CCC(=O)OCCCCCCCC/C=C\CC(CCCCCC)OC(=O)CCCCCCC/C=C\CCCCCCCC)CCCCCC,JW_2024,JW_2024,1
-2.0956504,0.432278139,CCCCCCCC/C=C\CCCCCCCC(=O)OC(C/C=C\CCCCCCCCOC(=O)CCN(CCCN(CC)CC)CCC(=O)OCCCCCCCC/C=C\CC(CCCCCC)OC(=O)CCCCCCC/C=C\CCCCCCCC)CCCCCC,JW_2024,JW_2024,1
-1.5193089,1.115888599,CCCCCCCC/C=C\CCCCCCCC(=O)OC(C/C=C\CCCCCCCCOC(=O)CCN(CCCN(CC)CC)CCC(=O)OCCCCCCCC/C=C\CC(CCCCCC)OC(=O)CCCCCCC/C=C\CCCCCCCC)CCCCCC,JW_2024,JW_2024,1
-0.6336611,1.205837343,CCCCCCCC/C=C\CCCCCCCC(=O)OC(C/C=C\CCCCCCCCOC(=O)CCN(CCCN(CC)CC)CCC(=O)OCCCCCCCC/C=C\CC(CCCCCC)OC(=O)CCCCCCC/C=C\CCCCCCCC)CCCCCC,JW_2024,JW_2024,1
-0.89511263,1.817488807,CCCCCCCC/C=C\CCCCCCCC(=O)OC(C/C=C\CCCCCCCCOC(=O)CCN(CCCN(CC)CC)CCC(=O)OCCCCCCCC/C=C\CC(CCCCCC)OC(=O)CCCCCCC/C=C\CCCCCCCC)CCCCCC,JW_2024,JW_2024,2
-0.71644944,0.567201256,CCCCCCCC/C=C\CCCCCCCC(=O)OC(C/C=C\CCCCCCCCOC(=O)CCN(CCCN(CC)CC)CCC(=O)OCCCCCCCC/C=C\CC(CCCCCC)OC(=O)CCCCCCC/C=C\CCCCCCCC)CCCCCC,JW_2024,JW_2024,1
-0.9633328,1.484678452,CCCCCCCC/C=C\CCCCCCCC(=O)OC(C/C=C\CCCCCCCCOC(=O)CCN(CCCN(CC)CC)CCC(=O)OCCCCCCCC/C=C\CC(CCCCCC)OC(=O)CCCCCCC/C=C\CCCCCCCC)CCCCCC,JW_2024,JW_2024,2
-1.16672,0.33333452,CCCCCCCC/C=C\CCCCCCCC(=O)OC(C/C=C\CCCCCCCCOC(=O)CCN(CCCN(CC)CC)CCC(=O)OCCCCCCCC/C=C\CC(CCCCCC)OC(=O)CCCCCCC/C=C\CCCCCCCC)CCCCCC,JW_2024,JW_2024,1
-1.399703,0.612175628,CCCCCCCC/C=C\CCCCCCCC(=O)OC(C/C=C\CCCCCCCCOC(=O)CCN(CCCN(CC)CC)CCC(=O)OCCCCCCCC/C=C\CC(CCCCCC)OC(=O)CCCCCCC/C=C\CCCCCCCC)CCCCCC,JW_2024,JW_2024,1
-4.0433493,-1.708501985,CCCCC/C=C\C/C=C\CCCCCCCC(=O)OC(C/C=C\CCCCCCCCOC(=O)CCN(CCCn1ccnc1)CCC(=O)OCCCCCCCC/C=C\CC(CCCCCC)OC(=O)CCCCCCC/C=C\C/C=C\CCCCC)CCCCCC,JW_2024,JW_2024,0
-4.071307,-1.771466106,CCCCC/C=C\C/C=C\CCCCCCCC(=O)OC(C/C=C\CCCCCCCCOC(=O)CCN(CCCn1ccnc1)CCC(=O)OCCCCCCCC/C=C\CC(CCCCCC)OC(=O)CCCCCCC/C=C\C/C=C\CCCCC)CCCCCC,JW_2024,JW_2024,0
-3.3372436,-0.970922278,CCCCC/C=C\C/C=C\CCCCCCCC(=O)OC(C/C=C\CCCCCCCCOC(=O)CCN(CCCn1ccnc1)CCC(=O)OCCCCCCCC/C=C\CC(CCCCCC)OC(=O)CCCCCCC/C=C\C/C=C\CCCCC)CCCCCC,JW_2024,JW_2024,0
-4.13622,-1.096850521,CCCCC/C=C\C/C=C\CCCCCCCC(=O)OC(C/C=C\CCCCCCCCOC(=O)CCN(CCCn1ccnc1)CCC(=O)OCCCCCCCC/C=C\CC(CCCCCC)OC(=O)CCCCCCC/C=C\C/C=C\CCCCC)CCCCCC,JW_2024,JW_2024,0
-4.6304526,-1.762471232,CCCCC/C=C\C/C=C\CCCCCCCC(=O)OC(C/C=C\CCCCCCCCOC(=O)CCN(CCCn1ccnc1)CCC(=O)OCCCCCCCC/C=C\CC(CCCCCC)OC(=O)CCCCCCC/C=C\C/C=C\CCCCC)CCCCCC,JW_2024,JW_2024,0
-4.1828966,-1.888399474,CCCCC/C=C\C/C=C\CCCCCCCC(=O)OC(C/C=C\CCCCCCCCOC(=O)CCN(CCCn1ccnc1)CCC(=O)OCCCCCCCC/C=C\CC(CCCCCC)OC(=O)CCCCCCC/C=C\C/C=C\CCCCC)CCCCCC,JW_2024,JW_2024,0
-4.469577,-0.053445082,CCCCC/C=C\C/C=C\CCCCCCCC(=O)OC(C/C=C\CCCCCCCCOC(=O)CCN(CCCn1ccnc1)CCC(=O)OCCCCCCCC/C=C\CC(CCCCCC)OC(=O)CCCCCCC/C=C\C/C=C\CCCCC)CCCCCC,JW_2024,JW_2024,0
-4.6196456,-2.356132947,CCCCC/C=C\C/C=C\CCCCCCCC(=O)OC(C/C=C\CCCCCCCCOC(=O)CCN(CCCn1ccnc1)CCC(=O)OCCCCCCCC/C=C\CC(CCCCCC)OC(=O)CCCCCCC/C=C\C/C=C\CCCCC)CCCCCC,JW_2024,JW_2024,0
-4.524157,-0.737055542,CCCCC/C=C\C/C=C\CCCCCCCC(=O)OC(C/C=C\CCCCCCCCOC(=O)CCN(CCCn1ccnc1)CCC(=O)OCCCCCCCC/C=C\CC(CCCCCC)OC(=O)CCCCCCC/C=C\C/C=C\CCCCC)CCCCCC,JW_2024,JW_2024,0
-4.667332,-1.213783889,CCCCC/C=C\C/C=C\CCCCCCCC(=O)OC(C/C=C\CCCCCCCCOC(=O)CCN(CCCn1ccnc1)CCC(=O)OCCCCCCCC/C=C\CC(CCCCCC)OC(=O)CCCCCCC/C=C\C/C=C\CCCCC)CCCCCC,JW_2024,JW_2024,0
-4.050146,-0.485199057,CCCCC/C=C\C/C=C\CCCCCCCC(=O)OC(C/C=C\CCCCCCCCOC(=O)CCN(CCCn1ccnc1)CCC(=O)OCCCCCCCC/C=C\CC(CCCCCC)OC(=O)CCCCCCC/C=C\C/C=C\CCCCC)CCCCCC,JW_2024,JW_2024,0
-4.0028715,-1.645537863,CCCCC/C=C\C/C=C\CCCCCCCC(=O)OC(C/C=C\CCCCCCCCOC(=O)CCN(CCCn1ccnc1)CCC(=O)OCCCCCCCC/C=C\CC(CCCCCC)OC(=O)CCCCCCC/C=C\C/C=C\CCCCC)CCCCCC,JW_2024,JW_2024,0
-4.6823134,-1.564583993,CCCCC/C=C\C/C=C\CCCCCCCC(=O)OC(C/C=C\CCCCCCCCOC(=O)CCN(CCCn1ccnc1)CCC(=O)OCCCCCCCC/C=C\CC(CCCCCC)OC(=O)CCCCCCC/C=C\C/C=C\CCCCC)CCCCCC,JW_2024,JW_2024,0
-4.2508802,-0.952932529,CCCCC/C=C\C/C=C\CCCCCCCC(=O)OC(C/C=C\CCCCCCCCOC(=O)CCN(CCCn1ccnc1)CCC(=O)OCCCCCCCC/C=C\CC(CCCCCC)OC(=O)CCCCCCC/C=C\C/C=C\CCCCC)CCCCCC,JW_2024,JW_2024,0
-3.7321503,-1.132830019,CCCCC/C=C\C/C=C\CCCCCCCC(=O)OC(C/C=C\CCCCCCCCOC(=O)CCN(CCC(=O)OCCCCCCCC/C=C\CC(CCCCCC)OC(=O)CCCCCCC/C=C\C/C=C\CCCCC)CCc1ccncc1)CCCCCC,JW_2024,JW_2024,0
-4.04544,-0.404245187,CCCCC/C=C\C/C=C\CCCCCCCC(=O)OC(C/C=C\CCCCCCCCOC(=O)CCN(CCC(=O)OCCCCCCCC/C=C\CC(CCCCCC)OC(=O)CCCCCCC/C=C\C/C=C\CCCCC)CCc1ccncc1)CCCCCC,JW_2024,JW_2024,0
-3.5684106,-0.242337446,CCCCC/C=C\C/C=C\CCCCCCCC(=O)OC(C/C=C\CCCCCCCCOC(=O)CCN(CCC(=O)OCCCCCCCC/C=C\CC(CCCCCC)OC(=O)CCCCCCC/C=C\C/C=C\CCCCC)CCc1ccncc1)CCCCCC,JW_2024,JW_2024,0
-3.737145,-0.584142676,CCCCC/C=C\C/C=C\CCCCCCCC(=O)OC(C/C=C\CCCCCCCCOC(=O)CCN(CCC(=O)OCCCCCCCC/C=C\CC(CCCCCC)OC(=O)CCCCCCC/C=C\C/C=C\CCCCC)CCc1ccncc1)CCCCCC,JW_2024,JW_2024,0
-4.3069987,-0.93494278,CCCCC/C=C\C/C=C\CCCCCCCC(=O)OC(C/C=C\CCCCCCCCOC(=O)CCN(CCC(=O)OCCCCCCCC/C=C\CC(CCCCCC)OC(=O)CCCCCCC/C=C\C/C=C\CCCCC)CCc1ccncc1)CCCCCC,JW_2024,JW_2024,0
-3.8602712,-0.800019663,CCCCC/C=C\C/C=C\CCCCCCCC(=O)OC(C/C=C\CCCCCCCCOC(=O)CCN(CCC(=O)OCCCCCCCC/C=C\CC(CCCCCC)OC(=O)CCCCCCC/C=C\C/C=C\CCCCC)CCc1ccncc1)CCCCCC,JW_2024,JW_2024,0
-4.226789,-0.35027594,CCCCC/C=C\C/C=C\CCCCCCCC(=O)OC(C/C=C\CCCCCCCCOC(=O)CCN(CCC(=O)OCCCCCCCC/C=C\CC(CCCCCC)OC(=O)CCCCCCC/C=C\C/C=C\CCCCC)CCc1ccncc1)CCCCCC,JW_2024,JW_2024,0
-4.4980435,-1.222778763,CCCCC/C=C\C/C=C\CCCCCCCC(=O)OC(C/C=C\CCCCCCCCOC(=O)CCN(CCC(=O)OCCCCCCCC/C=C\CC(CCCCCC)OC(=O)CCCCCCC/C=C\C/C=C\CCCCC)CCc1ccncc1)CCCCCC,JW_2024,JW_2024,0
-4.206958,0.666144875,CCCCC/C=C\C/C=C\CCCCCCCC(=O)OC(C/C=C\CCCCCCCCOC(=O)CCN(CCC(=O)OCCCCCCCC/C=C\CC(CCCCCC)OC(=O)CCCCCCC/C=C\C/C=C\CCCCC)CCc1ccncc1)CCCCCC,JW_2024,JW_2024,1
-4.513757,-0.871978659,CCCCC/C=C\C/C=C\CCCCCCCC(=O)OC(C/C=C\CCCCCCCCOC(=O)CCN(CCC(=O)OCCCCCCCC/C=C\CC(CCCCCC)OC(=O)CCCCCCC/C=C\C/C=C\CCCCC)CCc1ccncc1)CCCCCC,JW_2024,JW_2024,0
-3.9345455,0.711119248,CCCCC/C=C\C/C=C\CCCCCCCC(=O)OC(C/C=C\CCCCCCCCOC(=O)CCN(CCC(=O)OCCCCCCCC/C=C\CC(CCCCCC)OC(=O)CCCCCCC/C=C\C/C=C\CCCCC)CCc1ccncc1)CCCCCC,JW_2024,JW_2024,1
-4.01852,-0.988912027,CCCCC/C=C\C/C=C\CCCCCCCC(=O)OC(C/C=C\CCCCCCCCOC(=O)CCN(CCC(=O)OCCCCCCCC/C=C\CC(CCCCCC)OC(=O)CCCCCCC/C=C\C/C=C\CCCCC)CCc1ccncc1)CCCCCC,JW_2024,JW_2024,0
-4.568814,-1.330717257,CCCCC/C=C\C/C=C\CCCCCCCC(=O)OC(C/C=C\CCCCCCCCOC(=O)CCN(CCC(=O)OCCCCCCCC/C=C\CC(CCCCCC)OC(=O)CCCCCCC/C=C\C/C=C\CCCCC)CCc1ccncc1)CCCCCC,JW_2024,JW_2024,0
-3.9814777,-1.051876148,CCCCC/C=C\C/C=C\CCCCCCCC(=O)OC(C/C=C\CCCCCCCCOC(=O)CCN(CCC(=O)OCCCCCCCC/C=C\CC(CCCCCC)OC(=O)CCCCCCC/C=C\C/C=C\CCCCC)CCc1ccncc1)CCCCCC,JW_2024,JW_2024,0
-4.19334,0.360319143,CCCCC/C=C\C/C=C\CCCCCCCC(=O)OC(C/C=C\CCCCCCCCOC(=O)CCN(CCC(=O)OCCCCCCCC/C=C\CC(CCCCCC)OC(=O)CCCCCCC/C=C\C/C=C\CCCCC)CCN1CCCC1)CCCCCC,JW_2024,JW_2024,1
-3.8790007,0.477252511,CCCCC/C=C\C/C=C\CCCCCCCC(=O)OC(C/C=C\CCCCCCCCOC(=O)CCN(CCC(=O)OCCCCCCCC/C=C\CC(CCCCCC)OC(=O)CCCCCCC/C=C\C/C=C\CCCCC)CCN1CCCC1)CCCCCC,JW_2024,JW_2024,1
-2.560321,0.549211507,CCCCC/C=C\C/C=C\CCCCCCCC(=O)OC(C/C=C\CCCCCCCCOC(=O)CCN(CCC(=O)OCCCCCCCC/C=C\CC(CCCCCC)OC(=O)CCCCCCC/C=C\C/C=C\CCCCC)CCN1CCCC1)CCCCCC,JW_2024,JW_2024,1
-4.2433014,0.387303767,CCCCC/C=C\C/C=C\CCCCCCCC(=O)OC(C/C=C\CCCCCCCCOC(=O)CCN(CCC(=O)OCCCCCCCC/C=C\CC(CCCCCC)OC(=O)CCCCCCC/C=C\C/C=C\CCCCC)CCN1CCCC1)CCCCCC,JW_2024,JW_2024,1
-4.622888,0.693129499,CCCCC/C=C\C/C=C\CCCCCCCC(=O)OC(C/C=C\CCCCCCCCOC(=O)CCN(CCC(=O)OCCCCCCCC/C=C\CC(CCCCCC)OC(=O)CCCCCCC/C=C\C/C=C\CCCCC)CCN1CCCC1)CCCCCC,JW_2024,JW_2024,1
-3.1770496,-0.188368199,CCCCC/C=C\C/C=C\CCCCCCCC(=O)OC(C/C=C\CCCCCCCCOC(=O)CCN(CCC(=O)OCCCCCCCC/C=C\CC(CCCCCC)OC(=O)CCCCCCC/C=C\C/C=C\CCCCC)CCN1CCCC1)CCCCCC,JW_2024,JW_2024,0
-3.5578573,1.646586192,CCCCC/C=C\C/C=C\CCCCCCCC(=O)OC(C/C=C\CCCCCCCCOC(=O)CCN(CCC(=O)OCCCCCCCC/C=C\CC(CCCCCC)OC(=O)CCCCCCC/C=C\C/C=C\CCCCC)CCN1CCCC1)CCCCCC,JW_2024,JW_2024,2
-4.2775564,-0.69208117,CCCCC/C=C\C/C=C\CCCCCCCC(=O)OC(C/C=C\CCCCCCCCOC(=O)CCN(CCC(=O)OCCCCCCCC/C=C\CC(CCCCCC)OC(=O)CCCCCCC/C=C\C/C=C\CCCCC)CCN1CCCC1)CCCCCC,JW_2024,JW_2024,0
-4.393146,1.304780962,CCCCC/C=C\C/C=C\CCCCCCCC(=O)OC(C/C=C\CCCCCCCCOC(=O)CCN(CCC(=O)OCCCCCCCC/C=C\CC(CCCCCC)OC(=O)CCCCCCC/C=C\C/C=C\CCCCC)CCN1CCCC1)CCCCCC,JW_2024,JW_2024,1
-4.4955955,1.169857845,CCCCC/C=C\C/C=C\CCCCCCCC(=O)OC(C/C=C\CCCCCCCCOC(=O)CCN(CCC(=O)OCCCCCCCC/C=C\CC(CCCCCC)OC(=O)CCCCCCC/C=C\C/C=C\CCCCC)CCN1CCCC1)CCCCCC,JW_2024,JW_2024,1
-3.0132163,1.403724582,CCCCC/C=C\C/C=C\CCCCCCCC(=O)OC(C/C=C\CCCCCCCCOC(=O)CCN(CCC(=O)OCCCCCCCC/C=C\CC(CCCCCC)OC(=O)CCCCCCC/C=C\C/C=C\CCCCC)CCN1CCCC1)CCCCCC,JW_2024,JW_2024,2
-3.7241406,0.243385775,CCCCC/C=C\C/C=C\CCCCCCCC(=O)OC(C/C=C\CCCCCCCCOC(=O)CCN(CCC(=O)OCCCCCCCC/C=C\CC(CCCCCC)OC(=O)CCCCCCC/C=C\C/C=C\CCCCC)CCN1CCCC1)CCCCCC,JW_2024,JW_2024,1
-4.5370507,-0.017465585,CCCCC/C=C\C/C=C\CCCCCCCC(=O)OC(C/C=C\CCCCCCCCOC(=O)CCN(CCC(=O)OCCCCCCCC/C=C\CC(CCCCCC)OC(=O)CCCCCCC/C=C\C/C=C\CCCCC)CCN1CCCC1)CCCCCC,JW_2024,JW_2024,0
-3.2939053,0.873026988,CCCCC/C=C\C/C=C\CCCCCCCC(=O)OC(C/C=C\CCCCCCCCOC(=O)CCN(CCC(=O)OCCCCCCCC/C=C\CC(CCCCCC)OC(=O)CCCCCCC/C=C\C/C=C\CCCCC)CCN1CCCC1)CCCCCC,JW_2024,JW_2024,1
-4.2914553,0.513232009,CCCCC/C=C\C/C=C\CCCCCCCC(=O)OC(C/C=C\CCCCCCCCOC(=O)CCN(CCC(=O)OCCCCCCCC/C=C\CC(CCCCCC)OC(=O)CCCCCCC/C=C\C/C=C\CCCCC)CCN1CCCC1)CCCCCC,JW_2024,JW_2024,1
-4.1175637,-0.314296442,CCCCC/C=C\C/C=C\CCCCCCCC(=O)OC(C/C=C\CCCCCCCCOC(=O)CCN(CCC(=O)OCCCCCCCC/C=C\CC(CCCCCC)OC(=O)CCCCCCC/C=C\C/C=C\CCCCC)CCN1CCCC1)CCCCCC,JW_2024,JW_2024,0
-4.550584,0.57619613,CCCCC/C=C\C/C=C\CCCCCCCC(=O)OC(C/C=C\CCCCCCCCOC(=O)CCN(CCC(=O)OCCCCCCCC/C=C\CC(CCCCCC)OC(=O)CCCCCCC/C=C\C/C=C\CCCCC)CCN1CCCC1)CCCCCC,JW_2024,JW_2024,1
-4.2526684,1.034934728,CCCCC/C=C\C/C=C\CCCCCCCC(=O)OC(C/C=C\CCCCCCCCOC(=O)CCN(CCC(=O)OCCCCCCCC/C=C\CC(CCCCCC)OC(=O)CCCCCCC/C=C\C/C=C\CCCCC)CCN1CCCC1)CCCCCC,JW_2024,JW_2024,1
-2.956607,1.070914226,CCCCC/C=C\C/C=C\CCCCCCCC(=O)OC(C/C=C\CCCCCCCCOC(=O)CCN(CCC(=O)OCCCCCCCC/C=C\CC(CCCCCC)OC(=O)CCCCCCC/C=C\C/C=C\CCCCC)CCN1CCCC1)CCCCCC,JW_2024,JW_2024,1
-3.6189048,1.772514435,CCCCC/C=C\C/C=C\CCCCCCCC(=O)OC(C/C=C\CCCCCCCCOC(=O)CCN(CCC(=O)OCCCCCCCC/C=C\CC(CCCCCC)OC(=O)CCCCCCC/C=C\C/C=C\CCCCC)CCN1CCCC1)CCCCCC,JW_2024,JW_2024,2
-3.3133838,0.962975733,CCCCC/C=C\C/C=C\CCCCCCCC(=O)OC(C/C=C\CCCCCCCCOC(=O)CCN(CCC(=O)OCCCCCCCC/C=C\CC(CCCCCC)OC(=O)CCCCCCC/C=C\C/C=C\CCCCC)CCN1CCCC1)CCCCCC,JW_2024,JW_2024,1
-4.106532,1.430709205,CCCCC/C=C\C/C=C\CCCCCCCC(=O)OC(C/C=C\CCCCCCCCOC(=O)CCN(CCC(=O)OCCCCCCCC/C=C\CC(CCCCCC)OC(=O)CCCCCCC/C=C\C/C=C\CCCCC)CCN1CCCC1)CCCCCC,JW_2024,JW_2024,2
-4.5527964,0.49524226,CCCCC/C=C\C/C=C\CCCCCCCC(=O)OC(C/C=C\CCCCCCCCOC(=O)CCN(CCC(=O)OCCCCCCCC/C=C\CC(CCCCCC)OC(=O)CCCCCCC/C=C\C/C=C\CCCCC)CCN1CCCC1)CCCCCC,JW_2024,JW_2024,1
-4.3297787,1.214832218,CCCCC/C=C\C/C=C\CCCCCCCC(=O)OC(C/C=C\CCCCCCCCOC(=O)CCN(CCC(=O)OCCCCCCCC/C=C\CC(CCCCCC)OC(=O)CCCCCCC/C=C\C/C=C\CCCCC)CCN1CCCC1)CCCCCC,JW_2024,JW_2024,1
-2.3555126,-1.231773638,CCCCC/C=C\C/C=C\CCCCCCCC(=O)OC(C/C=C\CCCCCCCCOC(=O)CCN(CCC(=O)OCCCCCCCC/C=C\CC(CCCCCC)OC(=O)CCCCCCC/C=C\C/C=C\CCCCC)CCN1CCOCC1)CCCCCC,JW_2024,JW_2024,0
-2.27039,-1.627548115,CCCCC/C=C\C/C=C\CCCCCCCC(=O)OC(C/C=C\CCCCCCCCOC(=O)CCN(CCC(=O)OCCCCCCCC/C=C\CC(CCCCCC)OC(=O)CCCCCCC/C=C\C/C=C\CCCCC)CCN1CCOCC1)CCCCCC,JW_2024,JW_2024,0
-1.5201184,-0.871978659,CCCCC/C=C\C/C=C\CCCCCCCC(=O)OC(C/C=C\CCCCCCCCOC(=O)CCN(CCC(=O)OCCCCCCCC/C=C\CC(CCCCCC)OC(=O)CCCCCCC/C=C\C/C=C\CCCCC)CCN1CCOCC1)CCCCCC,JW_2024,JW_2024,0
-2.456138,-1.600563491,CCCCC/C=C\C/C=C\CCCCCCCC(=O)OC(C/C=C\CCCCCCCCOC(=O)CCN(CCC(=O)OCCCCCCCC/C=C\CC(CCCCCC)OC(=O)CCCCCCC/C=C\C/C=C\CCCCC)CCN1CCOCC1)CCCCCC,JW_2024,JW_2024,0
-2.8660004,-1.411671127,CCCCC/C=C\C/C=C\CCCCCCCC(=O)OC(C/C=C\CCCCCCCCOC(=O)CCN(CCC(=O)OCCCCCCCC/C=C\CC(CCCCCC)OC(=O)CCCCCCC/C=C\C/C=C\CCCCC)CCN1CCOCC1)CCCCCC,JW_2024,JW_2024,0
-2.1099544,-1.303732634,CCCCC/C=C\C/C=C\CCCCCCCC(=O)OC(C/C=C\CCCCCCCCOC(=O)CCN(CCC(=O)OCCCCCCCC/C=C\CC(CCCCCC)OC(=O)CCCCCCC/C=C\C/C=C\CCCCC)CCN1CCOCC1)CCCCCC,JW_2024,JW_2024,0
-2.2854502,-0.359270814,CCCCC/C=C\C/C=C\CCCCCCCC(=O)OC(C/C=C\CCCCCCCCOC(=O)CCN(CCC(=O)OCCCCCCCC/C=C\CC(CCCCCC)OC(=O)CCCCCCC/C=C\C/C=C\CCCCC)CCN1CCOCC1)CCCCCC,JW_2024,JW_2024,0
-2.8682706,-1.969353344,CCCCC/C=C\C/C=C\CCCCCCCC(=O)OC(C/C=C\CCCCCCCCOC(=O)CCN(CCC(=O)OCCCCCCCC/C=C\CC(CCCCCC)OC(=O)CCCCCCC/C=C\C/C=C\CCCCC)CCN1CCOCC1)CCCCCC,JW_2024,JW_2024,0
-2.7505803,-0.575147802,CCCCC/C=C\C/C=C\CCCCCCCC(=O)OC(C/C=C\CCCCCCCCOC(=O)CCN(CCC(=O)OCCCCCCCC/C=C\CC(CCCCCC)OC(=O)CCCCCCC/C=C\C/C=C\CCCCC)CCN1CCOCC1)CCCCCC,JW_2024,JW_2024,0
-3.0702307,-0.800019663,CCCCC/C=C\C/C=C\CCCCCCCC(=O)OC(C/C=C\CCCCCCCCOC(=O)CCN(CCC(=O)OCCCCCCCC/C=C\CC(CCCCCC)OC(=O)CCCCCCC/C=C\C/C=C\CCCCC)CCN1CCOCC1)CCCCCC,JW_2024,JW_2024,0
-1.9052869,0.099467784,CCCCC/C=C\C/C=C\CCCCCCCC(=O)OC(C/C=C\CCCCCCCCOC(=O)CCN(CCC(=O)OCCCCCCCC/C=C\CC(CCCCCC)OC(=O)CCCCCCC/C=C\C/C=C\CCCCC)CCN1CCOCC1)CCCCCC,JW_2024,JW_2024,1
-2.2260718,-1.402676253,CCCCC/C=C\C/C=C\CCCCCCCC(=O)OC(C/C=C\CCCCCCCCOC(=O)CCN(CCC(=O)OCCCCCCCC/C=C\CC(CCCCCC)OC(=O)CCCCCCC/C=C\C/C=C\CCCCC)CCN1CCOCC1)CCCCCC,JW_2024,JW_2024,0
-3.1122024,-1.4566455,CCCCC/C=C\C/C=C\CCCCCCCC(=O)OC(C/C=C\CCCCCCCCOC(=O)CCN(CCC(=O)OCCCCCCCC/C=C\CC(CCCCCC)OC(=O)CCCCCCC/C=C\C/C=C\CCCCC)CCN1CCOCC1)CCCCCC,JW_2024,JW_2024,0
-2.2574263,0.423283264,CCCCC/C=C\C/C=C\CCCCCCCC(=O)OC(C/C=C\CCCCCCCCOC(=O)CCN(CCC(=O)OCCCCCCCC/C=C\CC(CCCCCC)OC(=O)CCCCCCC/C=C\C/C=C\CCCCC)CCN1CCOCC1)CCCCCC,JW_2024,JW_2024,1
-0.6576086,-0.844994036,CCCCC/C=C\C/C=C\CCCCCCCC(=O)OC(C/C=C\CCCCCCCCOC(=O)CCN(CCCN(CC)CC)CCC(=O)OCCCCCCCC/C=C\CC(CCCCCC)OC(=O)CCCCCCC/C=C\C/C=C\CCCCC)CCCCCC,JW_2024,JW_2024,0
-1.0186723,-0.287311819,CCCCC/C=C\C/C=C\CCCCCCCC(=O)OC(C/C=C\CCCCCCCCOC(=O)CCN(CCCN(CC)CC)CCC(=O)OCCCCCCCC/C=C\CC(CCCCCC)OC(=O)CCCCCCC/C=C\C/C=C\CCCCC)CCCCCC,JW_2024,JW_2024,0
-0.2737525,-0.323291316,CCCCC/C=C\C/C=C\CCCCCCCC(=O)OC(C/C=C\CCCCCCCCOC(=O)CCN(CCCN(CC)CC)CCC(=O)OCCCCCCCC/C=C\CC(CCCCCC)OC(=O)CCCCCCC/C=C\C/C=C\CCCCC)CCCCCC,JW_2024,JW_2024,0
-0.75823414,0.036503662,CCCCC/C=C\C/C=C\CCCCCCCC(=O)OC(C/C=C\CCCCCCCCOC(=O)CCN(CCCN(CC)CC)CCC(=O)OCCCCCCCC/C=C\CC(CCCCCC)OC(=O)CCCCCCC/C=C\C/C=C\CCCCC)CCCCCC,JW_2024,JW_2024,1
-1.5891454,-0.152388702,CCCCC/C=C\C/C=C\CCCCCCCC(=O)OC(C/C=C\CCCCCCCCOC(=O)CCN(CCCN(CC)CC)CCC(=O)OCCCCCCCC/C=C\CC(CCCCCC)OC(=O)CCCCCCC/C=C\C/C=C\CCCCC)CCCCCC,JW_2024,JW_2024,0
-0.4698282,0.045498537,CCCCC/C=C\C/C=C\CCCCCCCC(=O)OC(C/C=C\CCCCCCCCOC(=O)CCN(CCCN(CC)CC)CCC(=O)OCCCCCCCC/C=C\CC(CCCCCC)OC(=O)CCCCCCC/C=C\C/C=C\CCCCC)CCCCCC,JW_2024,JW_2024,1
-0.99532866,1.070914226,CCCCC/C=C\C/C=C\CCCCCCCC(=O)OC(C/C=C\CCCCCCCCOC(=O)CCN(CCCN(CC)CC)CCC(=O)OCCCCCCCC/C=C\CC(CCCCCC)OC(=O)CCCCCCC/C=C\C/C=C\CCCCC)CCCCCC,JW_2024,JW_2024,1
-1.6047947,-0.907958157,CCCCC/C=C\C/C=C\CCCCCCCC(=O)OC(C/C=C\CCCCCCCCOC(=O)CCN(CCCN(CC)CC)CCC(=O)OCCCCCCCC/C=C\CC(CCCCCC)OC(=O)CCCCCCC/C=C\C/C=C\CCCCC)CCCCCC,JW_2024,JW_2024,0
-1.2898033,1.106893724,CCCCC/C=C\C/C=C\CCCCCCCC(=O)OC(C/C=C\CCCCCCCCOC(=O)CCN(CCCN(CC)CC)CCC(=O)OCCCCCCCC/C=C\CC(CCCCCC)OC(=O)CCCCCCC/C=C\C/C=C\CCCCC)CCCCCC,JW_2024,JW_2024,1
-1.6899004,0.891016737,CCCCC/C=C\C/C=C\CCCCCCCC(=O)OC(C/C=C\CCCCCCCCOC(=O)CCN(CCCN(CC)CC)CCC(=O)OCCCCCCCC/C=C\CC(CCCCCC)OC(=O)CCCCCCC/C=C\C/C=C\CCCCC)CCCCCC,JW_2024,JW_2024,1
-0.450693,1.448698954,CCCCC/C=C\C/C=C\CCCCCCCC(=O)OC(C/C=C\CCCCCCCCOC(=O)CCN(CCCN(CC)CC)CCC(=O)OCCCCCCCC/C=C\CC(CCCCCC)OC(=O)CCCCCCC/C=C\C/C=C\CCCCC)CCCCCC,JW_2024,JW_2024,2
-1.2573879,-0.071434831,CCCCC/C=C\C/C=C\CCCCCCCC(=O)OC(C/C=C\CCCCCCCCOC(=O)CCN(CCCN(CC)CC)CCC(=O)OCCCCCCCC/C=C\CC(CCCCCC)OC(=O)CCCCCCC/C=C\C/C=C\CCCCC)CCCCCC,JW_2024,JW_2024,0
-1.7609994,0.07248316,CCCCC/C=C\C/C=C\CCCCCCCC(=O)OC(C/C=C\CCCCCCCCOC(=O)CCN(CCCN(CC)CC)CCC(=O)OCCCCCCCC/C=C\CC(CCCCCC)OC(=O)CCCCCCC/C=C\C/C=C\CCCCC)CCCCCC,JW_2024,JW_2024,1
-0.55127865,0.747098745,CCCCC/C=C\C/C=C\CCCCCCCC(=O)OC(C/C=C\CCCCCCCCOC(=O)CCN(CCCN(CC)CC)CCC(=O)OCCCCCCCC/C=C\CC(CCCCCC)OC(=O)CCCCCCC/C=C\C/C=C\CCCCC)CCCCCC,JW_2024,JW_2024,1
-0.9097836,0.962975733,CCCCC/C=C\C/C=C\CCCCCCCC(=O)OC(C/C=C\CCCCCCCCOC(=O)CCN(CCCN(CC)CC)CCC(=O)OCCCCCCCC/C=C\CC(CCCCCC)OC(=O)CCCCCCC/C=C\C/C=C\CCCCC)CCCCCC,JW_2024,JW_2024,1
-0.99340063,-0.530173429,CCCCC/C=C\C/C=C\CCCCCCCC(=O)OC(C/C=C\CCCCCCCCOC(=O)CCN(CCCN(CC)CC)CCC(=O)OCCCCCCCC/C=C\CC(CCCCCC)OC(=O)CCCCCCC/C=C\C/C=C\CCCCC)CCCCCC,JW_2024,JW_2024,0
-1.7750913,0.720114122,CCCCC/C=C\C/C=C\CCCCCCCC(=O)OC(C/C=C\CCCCCCCCOC(=O)CCN(CCCN(CC)CC)CCC(=O)OCCCCCCCC/C=C\CC(CCCCCC)OC(=O)CCCCCCC/C=C\C/C=C\CCCCC)CCCCCC,JW_2024,JW_2024,1
-1.1423056,1.241816841,CCCCC/C=C\C/C=C\CCCCCCCC(=O)OC(C/C=C\CCCCCCCCOC(=O)CCN(CCCN(CC)CC)CCC(=O)OCCCCCCCC/C=C\CC(CCCCCC)OC(=O)CCCCCCC/C=C\C/C=C\CCCCC)CCCCCC,JW_2024,JW_2024,1
-0.3817945,1.412719456,CCCCC/C=C\C/C=C\CCCCCCCC(=O)OC(C/C=C\CCCCCCCCOC(=O)CCN(CCCN(CC)CC)CCC(=O)OCCCCCCCC/C=C\CC(CCCCCC)OC(=O)CCCCCCC/C=C\C/C=C\CCCCC)CCCCCC,JW_2024,JW_2024,2
-0.772237,1.664575941,CCCCC/C=C\C/C=C\CCCCCCCC(=O)OC(C/C=C\CCCCCCCCOC(=O)CCN(CCCN(CC)CC)CCC(=O)OCCCCCCCC/C=C\CC(CCCCCC)OC(=O)CCCCCCC/C=C\C/C=C\CCCCC)CCCCCC,JW_2024,JW_2024,2
-0.33985436,0.423283264,CCCCC/C=C\C/C=C\CCCCCCCC(=O)OC(C/C=C\CCCCCCCCOC(=O)CCN(CCCN(CC)CC)CCC(=O)OCCCCCCCC/C=C\CC(CCCCCC)OC(=O)CCCCCCC/C=C\C/C=C\CCCCC)CCCCCC,JW_2024,JW_2024,1
-0.74566543,1.106893724,CCCCC/C=C\C/C=C\CCCCCCCC(=O)OC(C/C=C\CCCCCCCCOC(=O)CCN(CCCN(CC)CC)CCC(=O)OCCCCCCCC/C=C\CC(CCCCCC)OC(=O)CCCCCCC/C=C\C/C=C\CCCCC)CCCCCC,JW_2024,JW_2024,1
-1.093949,0.540216633,CCCCC/C=C\C/C=C\CCCCCCCC(=O)OC(C/C=C\CCCCCCCCOC(=O)CCN(CCCN(CC)CC)CCC(=O)OCCCCCCCC/C=C\CC(CCCCCC)OC(=O)CCCCCCC/C=C\C/C=C\CCCCC)CCCCCC,JW_2024,JW_2024,1
-1.5890381,0.405293516,CCCCC/C=C\C/C=C\CCCCCCCC(=O)OC(C/C=C\CCCCCCCCOC(=O)CCN(CCCN(CC)CC)CCC(=O)OCCCCCCCC/C=C\CC(CCCCCC)OC(=O)CCCCCCC/C=C\C/C=C\CCCCC)CCCCCC,JW_2024,JW_2024,1
-4.2862005,-2.032317466,CCCCC/C=C\C/C=C\C/C=C\C/C=C\CCCC(=O)OC(C/C=C\CCCCCCCCOC(=O)CCN(CCCn1ccnc1)CCC(=O)OCCCCCCCC/C=C\CC(CCCCCC)OC(=O)CCC/C=C\C/C=C\C/C=C\C/C=C\CCCCC)CCCCCC,JW_2024,JW_2024,0
-4.209366,-1.627548115,CCCCC/C=C\C/C=C\C/C=C\C/C=C\CCCC(=O)OC(C/C=C\CCCCCCCCOC(=O)CCN(CCCn1ccnc1)CCC(=O)OCCCCCCCC/C=C\CC(CCCCCC)OC(=O)CCC/C=C\C/C=C\C/C=C\C/C=C\CCCCC)CCCCCC,JW_2024,JW_2024,0
-3.3676095,-0.952932529,CCCCC/C=C\C/C=C\C/C=C\C/C=C\CCCC(=O)OC(C/C=C\CCCCCCCCOC(=O)CCN(CCCn1ccnc1)CCC(=O)OCCCCCCCC/C=C\CC(CCCCCC)OC(=O)CCC/C=C\C/C=C\C/C=C\C/C=C\CCCCC)CCCCCC,JW_2024,JW_2024,0
-4.2862005,-1.051876148,CCCCC/C=C\C/C=C\C/C=C\C/C=C\CCCC(=O)OC(C/C=C\CCCCCCCCOC(=O)CCN(CCCn1ccnc1)CCC(=O)OCCCCCCCC/C=C\CC(CCCCCC)OC(=O)CCC/C=C\C/C=C\C/C=C\C/C=C\CCCCC)CCCCCC,JW_2024,JW_2024,0
-4.6853166,-1.816440478,CCCCC/C=C\C/C=C\C/C=C\C/C=C\CCCC(=O)OC(C/C=C\CCCCCCCCOC(=O)CCN(CCCn1ccnc1)CCC(=O)OCCCCCCCC/C=C\CC(CCCCCC)OC(=O)CCC/C=C\C/C=C\C/C=C\C/C=C\CCCCC)CCCCCC,JW_2024,JW_2024,0
-4.324802,-1.663527612,CCCCC/C=C\C/C=C\C/C=C\C/C=C\CCCC(=O)OC(C/C=C\CCCCCCCCOC(=O)CCN(CCCn1ccnc1)CCC(=O)OCCCCCCCC/C=C\CC(CCCCCC)OC(=O)CCC/C=C\C/C=C\C/C=C\C/C=C\CCCCC)CCCCCC,JW_2024,JW_2024,0
-4.2109075,-0.647106797,CCCCC/C=C\C/C=C\C/C=C\C/C=C\CCCC(=O)OC(C/C=C\CCCCCCCCOC(=O)CCN(CCCn1ccnc1)CCC(=O)OCCCCCCCC/C=C\CC(CCCCCC)OC(=O)CCC/C=C\C/C=C\C/C=C\C/C=C\CCCCC)CCCCCC,JW_2024,JW_2024,0
-4.8398666,-1.834430227,CCCCC/C=C\C/C=C\C/C=C\C/C=C\CCCC(=O)OC(C/C=C\CCCCCCCCOC(=O)CCN(CCCn1ccnc1)CCC(=O)OCCCCCCCC/C=C\CC(CCCCCC)OC(=O)CCC/C=C\C/C=C\C/C=C\C/C=C\CCCCC)CCCCCC,JW_2024,JW_2024,0
-4.688562,-0.476204182,CCCCC/C=C\C/C=C\C/C=C\C/C=C\CCCC(=O)OC(C/C=C\CCCCCCCCOC(=O)CCN(CCCn1ccnc1)CCC(=O)OCCCCCCCC/C=C\CC(CCCCCC)OC(=O)CCC/C=C\C/C=C\C/C=C\C/C=C\CCCCC)CCCCCC,JW_2024,JW_2024,0
-4.5981197,-1.393681378,CCCCC/C=C\C/C=C\C/C=C\C/C=C\CCCC(=O)OC(C/C=C\CCCCCCCCOC(=O)CCN(CCCn1ccnc1)CCC(=O)OCCCCCCCC/C=C\CC(CCCCCC)OC(=O)CCC/C=C\C/C=C\C/C=C\C/C=C\CCCCC)CCCCCC,JW_2024,JW_2024,0
-4.1648135,0.018513913,CCCCC/C=C\C/C=C\C/C=C\C/C=C\CCCC(=O)OC(C/C=C\CCCCCCCCOC(=O)CCN(CCCn1ccnc1)CCC(=O)OCCCCCCCC/C=C\CC(CCCCCC)OC(=O)CCC/C=C\C/C=C\C/C=C\C/C=C\CCCCC)CCCCCC,JW_2024,JW_2024,0
-4.0758777,-1.186799266,CCCCC/C=C\C/C=C\C/C=C\C/C=C\CCCC(=O)OC(C/C=C\CCCCCCCCOC(=O)CCN(CCCn1ccnc1)CCC(=O)OCCCCCCCC/C=C\CC(CCCCCC)OC(=O)CCC/C=C\C/C=C\C/C=C\C/C=C\CCCCC)CCCCCC,JW_2024,JW_2024,0
-4.688275,-1.582573742,CCCCC/C=C\C/C=C\C/C=C\C/C=C\CCCC(=O)OC(C/C=C\CCCCCCCCOC(=O)CCN(CCCn1ccnc1)CCC(=O)OCCCCCCCC/C=C\CC(CCCCCC)OC(=O)CCC/C=C\C/C=C\C/C=C\C/C=C\CCCCC)CCCCCC,JW_2024,JW_2024,0
-4.2729073,-1.465640374,CCCCC/C=C\C/C=C\C/C=C\C/C=C\CCCC(=O)OC(C/C=C\CCCCCCCCOC(=O)CCN(CCCn1ccnc1)CCC(=O)OCCCCCCCC/C=C\CC(CCCCCC)OC(=O)CCC/C=C\C/C=C\C/C=C\C/C=C\CCCCC)CCCCCC,JW_2024,JW_2024,0
-4.156345,-1.096850521,CCCCC/C=C\C/C=C\C/C=C\C/C=C\CCCC(=O)OC(C/C=C\CCCCCCCCOC(=O)CCN(CCC(=O)OCCCCCCCC/C=C\CC(CCCCCC)OC(=O)CCC/C=C\C/C=C\C/C=C\C/C=C\CCCCC)CCc1ccncc1)CCCCCC,JW_2024,JW_2024,0
-4.247246,-0.287311819,CCCCC/C=C\C/C=C\C/C=C\C/C=C\CCCC(=O)OC(C/C=C\CCCCCCCCOC(=O)CCN(CCC(=O)OCCCCCCCC/C=C\CC(CCCCCC)OC(=O)CCC/C=C\C/C=C\C/C=C\C/C=C\CCCCC)CCc1ccncc1)CCCCCC,JW_2024,JW_2024,0
-3.774268,-0.521178555,CCCCC/C=C\C/C=C\C/C=C\C/C=C\CCCC(=O)OC(C/C=C\CCCCCCCCOC(=O)CCN(CCC(=O)OCCCCCCCC/C=C\CC(CCCCCC)OC(=O)CCC/C=C\C/C=C\C/C=C\C/C=C\CCCCC)CCc1ccncc1)CCCCCC,JW_2024,JW_2024,0
-4.156345,0.594185879,CCCCC/C=C\C/C=C\C/C=C\C/C=C\CCCC(=O)OC(C/C=C\CCCCCCCCOC(=O)CCN(CCC(=O)OCCCCCCCC/C=C\CC(CCCCCC)OC(=O)CCC/C=C\C/C=C\C/C=C\C/C=C\CCCCC)CCc1ccncc1)CCCCCC,JW_2024,JW_2024,1
-4.90397,-0.683086295,CCCCC/C=C\C/C=C\C/C=C\C/C=C\CCCC(=O)OC(C/C=C\CCCCCCCCOC(=O)CCN(CCC(=O)OCCCCCCCC/C=C\CC(CCCCCC)OC(=O)CCC/C=C\C/C=C\C/C=C\C/C=C\CCCCC)CCc1ccncc1)CCCCCC,JW_2024,JW_2024,0
-4.0899944,-0.413240061,CCCCC/C=C\C/C=C\C/C=C\C/C=C\CCCC(=O)OC(C/C=C\CCCCCCCCOC(=O)CCN(CCC(=O)OCCCCCCCC/C=C\CC(CCCCCC)OC(=O)CCC/C=C\C/C=C\C/C=C\C/C=C\CCCCC)CCc1ccncc1)CCCCCC,JW_2024,JW_2024,0
-4.416768,-0.08942458,CCCCC/C=C\C/C=C\C/C=C\C/C=C\CCCC(=O)OC(C/C=C\CCCCCCCCOC(=O)CCN(CCC(=O)OCCCCCCCC/C=C\CC(CCCCCC)OC(=O)CCC/C=C\C/C=C\C/C=C\C/C=C\CCCCC)CCc1ccncc1)CCCCCC,JW_2024,JW_2024,0
-5.003154,-1.564583993,CCCCC/C=C\C/C=C\C/C=C\C/C=C\CCCC(=O)OC(C/C=C\CCCCCCCCOC(=O)CCN(CCC(=O)OCCCCCCCC/C=C\CC(CCCCCC)OC(=O)CCC/C=C\C/C=C\C/C=C\C/C=C\CCCCC)CCc1ccncc1)CCCCCC,JW_2024,JW_2024,0
-4.8022537,0.198411403,CCCCC/C=C\C/C=C\C/C=C\C/C=C\CCCC(=O)OC(C/C=C\CCCCCCCCOC(=O)CCN(CCC(=O)OCCCCCCCC/C=C\CC(CCCCCC)OC(=O)CCC/C=C\C/C=C\C/C=C\C/C=C\CCCCC)CCc1ccncc1)CCCCCC,JW_2024,JW_2024,1
-4.8559613,-0.997906902,CCCCC/C=C\C/C=C\C/C=C\C/C=C\CCCC(=O)OC(C/C=C\CCCCCCCCOC(=O)CCN(CCC(=O)OCCCCCCCC/C=C\CC(CCCCCC)OC(=O)CCC/C=C\C/C=C\C/C=C\C/C=C\CCCCC)CCc1ccncc1)CCCCCC,JW_2024,JW_2024,0
-4.281159,1.079909101,CCCCC/C=C\C/C=C\C/C=C\C/C=C\CCCC(=O)OC(C/C=C\CCCCCCCCOC(=O)CCN(CCC(=O)OCCCCCCCC/C=C\CC(CCCCCC)OC(=O)CCC/C=C\C/C=C\C/C=C\C/C=C\CCCCC)CCc1ccncc1)CCCCCC,JW_2024,JW_2024,1
-4.479985,-1.231773638,CCCCC/C=C\C/C=C\C/C=C\C/C=C\CCCC(=O)OC(C/C=C\CCCCCCCCOC(=O)CCN(CCC(=O)OCCCCCCCC/C=C\CC(CCCCCC)OC(=O)CCC/C=C\C/C=C\C/C=C\C/C=C\CCCCC)CCc1ccncc1)CCCCCC,JW_2024,JW_2024,0
-4.89274,-1.339712132,CCCCC/C=C\C/C=C\C/C=C\C/C=C\CCCC(=O)OC(C/C=C\CCCCCCCCOC(=O)CCN(CCC(=O)OCCCCCCCC/C=C\CC(CCCCCC)OC(=O)CCC/C=C\C/C=C\C/C=C\C/C=C\CCCCC)CCc1ccncc1)CCCCCC,JW_2024,JW_2024,0
-4.2186327,-0.755045291,CCCCC/C=C\C/C=C\C/C=C\C/C=C\CCCC(=O)OC(C/C=C\CCCCCCCCOC(=O)CCN(CCC(=O)OCCCCCCCC/C=C\CC(CCCCCC)OC(=O)CCC/C=C\C/C=C\C/C=C\C/C=C\CCCCC)CCc1ccncc1)CCCCCC,JW_2024,JW_2024,0
-5.1412215,-0.683086295,CCCCC/C=C\C/C=C\C/C=C\C/C=C\CCCC(=O)OC(C/C=C\CCCCCCCCOC(=O)CCN(CCC(=O)OCCCCCCCC/C=C\CC(CCCCCC)OC(=O)CCC/C=C\C/C=C\C/C=C\C/C=C\CCCCC)CCc1ccncc1)CCCCCC,JW_2024,JW_2024,0
-4.5035224,-0.530173429,CCCCC/C=C\C/C=C\C/C=C\C/C=C\CCCC(=O)OC(C/C=C\CCCCCCCCOC(=O)CCN(CCC(=O)OCCCCCCCC/C=C\CC(CCCCCC)OC(=O)CCC/C=C\C/C=C\C/C=C\C/C=C\CCCCC)CCc1ccncc1)CCCCCC,JW_2024,JW_2024,0
-4.1310325,1.142873222,CCCCC/C=C\C/C=C\C/C=C\C/C=C\CCCC(=O)OC(C/C=C\CCCCCCCCOC(=O)CCN(CCC(=O)OCCCCCCCC/C=C\CC(CCCCCC)OC(=O)CCC/C=C\C/C=C\C/C=C\C/C=C\CCCCC)CCc1ccncc1)CCCCCC,JW_2024,JW_2024,1
-3.7907336,0.594185879,CCCCC/C=C\C/C=C\C/C=C\C/C=C\CCCC(=O)OC(C/C=C\CCCCCCCCOC(=O)CCN(CCC(=O)OCCCCCCCC/C=C\CC(CCCCCC)OC(=O)CCC/C=C\C/C=C\C/C=C\C/C=C\CCCCC)CCc1ccncc1)CCCCCC,JW_2024,JW_2024,1
-3.8344808,0.612175628,CCCCC/C=C\C/C=C\C/C=C\C/C=C\CCCC(=O)OC(C/C=C\CCCCCCCCOC(=O)CCN(CCC(=O)OCCCCCCCC/C=C\CC(CCCCCC)OC(=O)CCC/C=C\C/C=C\C/C=C\C/C=C\CCCCC)CCc1ccncc1)CCCCCC,JW_2024,JW_2024,1
-4.2156663,-0.00847071,CCCCC/C=C\C/C=C\C/C=C\C/C=C\CCCC(=O)OC(C/C=C\CCCCCCCCOC(=O)CCN(CCC(=O)OCCCCCCCC/C=C\CC(CCCCCC)OC(=O)CCC/C=C\C/C=C\C/C=C\C/C=C\CCCCC)CCc1ccncc1)CCCCCC,JW_2024,JW_2024,0
-4.507572,-0.134398953,CCCCC/C=C\C/C=C\C/C=C\C/C=C\CCCC(=O)OC(C/C=C\CCCCCCCCOC(=O)CCN(CCC(=O)OCCCCCCCC/C=C\CC(CCCCCC)OC(=O)CCC/C=C\C/C=C\C/C=C\C/C=C\CCCCC)CCc1ccncc1)CCCCCC,JW_2024,JW_2024,0
-4.461848,-0.035455333,CCCCC/C=C\C/C=C\C/C=C\C/C=C\CCCC(=O)OC(C/C=C\CCCCCCCCOC(=O)CCN(CCC(=O)OCCCCCCCC/C=C\CC(CCCCCC)OC(=O)CCC/C=C\C/C=C\C/C=C\C/C=C\CCCCC)CCc1ccncc1)CCCCCC,JW_2024,JW_2024,0
-4.7942195,-0.143393827,CCCCC/C=C\C/C=C\C/C=C\C/C=C\CCCC(=O)OC(C/C=C\CCCCCCCCOC(=O)CCN(CCC(=O)OCCCCCCCC/C=C\CC(CCCCCC)OC(=O)CCC/C=C\C/C=C\C/C=C\C/C=C\CCCCC)CCN1CCCC1)CCCCCC,JW_2024,JW_2024,0
-4.659294,-0.458214434,CCCCC/C=C\C/C=C\C/C=C\C/C=C\CCCC(=O)OC(C/C=C\CCCCCCCCOC(=O)CCN(CCC(=O)OCCCCCCCC/C=C\CC(CCCCCC)OC(=O)CCC/C=C\C/C=C\C/C=C\C/C=C\CCCCC)CCN1CCCC1)CCCCCC,JW_2024,JW_2024,0
-3.8950176,0.657150001,CCCCC/C=C\C/C=C\C/C=C\C/C=C\CCCC(=O)OC(C/C=C\CCCCCCCCOC(=O)CCN(CCC(=O)OCCCCCCCC/C=C\CC(CCCCCC)OC(=O)CCC/C=C\C/C=C\C/C=C\C/C=C\CCCCC)CCN1CCCC1)CCCCCC,JW_2024,JW_2024,1
-4.7942195,0.081478035,CCCCC/C=C\C/C=C\C/C=C\C/C=C\CCCC(=O)OC(C/C=C\CCCCCCCCOC(=O)CCN(CCC(=O)OCCCCCCCC/C=C\CC(CCCCCC)OC(=O)CCC/C=C\C/C=C\C/C=C\C/C=C\CCCCC)CCN1CCCC1)CCCCCC,JW_2024,JW_2024,1
-5.2263966,-0.116409204,CCCCC/C=C\C/C=C\C/C=C\C/C=C\CCCC(=O)OC(C/C=C\CCCCCCCCOC(=O)CCN(CCC(=O)OCCCCCCCC/C=C\CC(CCCCCC)OC(=O)CCC/C=C\C/C=C\C/C=C\C/C=C\CCCCC)CCN1CCCC1)CCCCCC,JW_2024,JW_2024,0
-4.639357,-0.413240061,CCCCC/C=C\C/C=C\C/C=C\C/C=C\CCCC(=O)OC(C/C=C\CCCCCCCCOC(=O)CCN(CCC(=O)OCCCCCCCC/C=C\CC(CCCCCC)OC(=O)CCC/C=C\C/C=C\C/C=C\C/C=C\CCCCC)CCN1CCCC1)CCCCCC,JW_2024,JW_2024,0
-4.697766,0.027508788,CCCCC/C=C\C/C=C\C/C=C\C/C=C\CCCC(=O)OC(C/C=C\CCCCCCCCOC(=O)CCN(CCC(=O)OCCCCCCCC/C=C\CC(CCCCCC)OC(=O)CCC/C=C\C/C=C\C/C=C\C/C=C\CCCCC)CCN1CCCC1)CCCCCC,JW_2024,JW_2024,0
-5.337369,-0.332286191,CCCCC/C=C\C/C=C\C/C=C\C/C=C\CCCC(=O)OC(C/C=C\CCCCCCCCOC(=O)CCN(CCC(=O)OCCCCCCCC/C=C\CC(CCCCCC)OC(=O)CCC/C=C\C/C=C\C/C=C\C/C=C\CCCCC)CCN1CCCC1)CCCCCC,JW_2024,JW_2024,0
-5.2907,1.394729707,CCCCC/C=C\C/C=C\C/C=C\C/C=C\CCCC(=O)OC(C/C=C\CCCCCCCCOC(=O)CCN(CCC(=O)OCCCCCCCC/C=C\CC(CCCCCC)OC(=O)CCC/C=C\C/C=C\C/C=C\C/C=C\CCCCC)CCN1CCCC1)CCCCCC,JW_2024,JW_2024,2
-5.161253,0.090472909,CCCCC/C=C\C/C=C\C/C=C\C/C=C\CCCC(=O)OC(C/C=C\CCCCCCCCOC(=O)CCN(CCC(=O)OCCCCCCCC/C=C\CC(CCCCCC)OC(=O)CCC/C=C\C/C=C\C/C=C\C/C=C\CCCCC)CCN1CCCC1)CCCCCC,JW_2024,JW_2024,1
-4.5158277,1.232821967,CCCCC/C=C\C/C=C\C/C=C\C/C=C\CCCC(=O)OC(C/C=C\CCCCCCCCOC(=O)CCN(CCC(=O)OCCCCCCCC/C=C\CC(CCCCCC)OC(=O)CCC/C=C\C/C=C\C/C=C\C/C=C\CCCCC)CCN1CCCC1)CCCCCC,JW_2024,JW_2024,1
-4.5313945,0.07248316,CCCCC/C=C\C/C=C\C/C=C\C/C=C\CCCC(=O)OC(C/C=C\CCCCCCCCOC(=O)CCN(CCC(=O)OCCCCCCCC/C=C\CC(CCCCCC)OC(=O)CCC/C=C\C/C=C\C/C=C\C/C=C\CCCCC)CCN1CCCC1)CCCCCC,JW_2024,JW_2024,1
-5.262755,-0.026460459,CCCCC/C=C\C/C=C\C/C=C\C/C=C\CCCC(=O)OC(C/C=C\CCCCCCCCOC(=O)CCN(CCC(=O)OCCCCCCCC/C=C\CC(CCCCCC)OC(=O)CCC/C=C\C/C=C\C/C=C\C/C=C\CCCCC)CCN1CCCC1)CCCCCC,JW_2024,JW_2024,0
-4.632153,0.729108996,CCCCC/C=C\C/C=C\C/C=C\C/C=C\CCCC(=O)OC(C/C=C\CCCCCCCCOC(=O)CCN(CCC(=O)OCCCCCCCC/C=C\CC(CCCCCC)OC(=O)CCC/C=C\C/C=C\C/C=C\C/C=C\CCCCC)CCN1CCCC1)CCCCCC,JW_2024,JW_2024,1
-4.831659,0.33333452,CCCCC/C=C\C/C=C\C/C=C\C/C=C\CCCC(=O)OC(C/C=C\CCCCCCCCOC(=O)CCN(CCC(=O)OCCCCCCCC/C=C\CC(CCCCCC)OC(=O)CCC/C=C\C/C=C\C/C=C\C/C=C\CCCCC)CCN1CCCC1)CCCCCC,JW_2024,JW_2024,1
-4.684041,0.027508788,CCCCC/C=C\C/C=C\C/C=C\C/C=C\CCCC(=O)OC(C/C=C\CCCCCCCCOC(=O)CCN(CCC(=O)OCCCCCCCC/C=C\CC(CCCCCC)OC(=O)CCC/C=C\C/C=C\C/C=C\C/C=C\CCCCC)CCN1CCCC1)CCCCCC,JW_2024,JW_2024,0
-5.54456,0.567201256,CCCCC/C=C\C/C=C\C/C=C\C/C=C\CCCC(=O)OC(C/C=C\CCCCCCCCOC(=O)CCN(CCC(=O)OCCCCCCCC/C=C\CC(CCCCCC)OC(=O)CCC/C=C\C/C=C\C/C=C\C/C=C\CCCCC)CCN1CCCC1)CCCCCC,JW_2024,JW_2024,1
-4.74794,0.621170503,CCCCC/C=C\C/C=C\C/C=C\C/C=C\CCCC(=O)OC(C/C=C\CCCCCCCCOC(=O)CCN(CCC(=O)OCCCCCCCC/C=C\CC(CCCCCC)OC(=O)CCC/C=C\C/C=C\C/C=C\C/C=C\CCCCC)CCN1CCCC1)CCCCCC,JW_2024,JW_2024,1
-4.376423,0.684134624,CCCCC/C=C\C/C=C\C/C=C\C/C=C\CCCC(=O)OC(C/C=C\CCCCCCCCOC(=O)CCN(CCC(=O)OCCCCCCCC/C=C\CC(CCCCCC)OC(=O)CCC/C=C\C/C=C\C/C=C\C/C=C\CCCCC)CCN1CCCC1)CCCCCC,JW_2024,JW_2024,1
-4.172208,1.952411924,CCCCC/C=C\C/C=C\C/C=C\C/C=C\CCCC(=O)OC(C/C=C\CCCCCCCCOC(=O)CCN(CCC(=O)OCCCCCCCC/C=C\CC(CCCCCC)OC(=O)CCC/C=C\C/C=C\C/C=C\C/C=C\CCCCC)CCN1CCCC1)CCCCCC,JW_2024,JW_2024,3
-4.051702,1.169857845,CCCCC/C=C\C/C=C\C/C=C\C/C=C\CCCC(=O)OC(C/C=C\CCCCCCCCOC(=O)CCN(CCC(=O)OCCCCCCCC/C=C\CC(CCCCCC)OC(=O)CCC/C=C\C/C=C\C/C=C\C/C=C\CCCCC)CCN1CCCC1)CCCCCC,JW_2024,JW_2024,1
-4.558866,0.83704749,CCCCC/C=C\C/C=C\C/C=C\C/C=C\CCCC(=O)OC(C/C=C\CCCCCCCCOC(=O)CCN(CCC(=O)OCCCCCCCC/C=C\CC(CCCCCC)OC(=O)CCC/C=C\C/C=C\C/C=C\C/C=C\CCCCC)CCN1CCCC1)CCCCCC,JW_2024,JW_2024,1
-5.138523,0.91800136,CCCCC/C=C\C/C=C\C/C=C\C/C=C\CCCC(=O)OC(C/C=C\CCCCCCCCOC(=O)CCN(CCC(=O)OCCCCCCCC/C=C\CC(CCCCCC)OC(=O)CCC/C=C\C/C=C\C/C=C\C/C=C\CCCCC)CCN1CCCC1)CCCCCC,JW_2024,JW_2024,1
-4.7913656,1.223827092,CCCCC/C=C\C/C=C\C/C=C\C/C=C\CCCC(=O)OC(C/C=C\CCCCCCCCOC(=O)CCN(CCC(=O)OCCCCCCCC/C=C\CC(CCCCCC)OC(=O)CCC/C=C\C/C=C\C/C=C\C/C=C\CCCCC)CCN1CCCC1)CCCCCC,JW_2024,JW_2024,1
-3.6085105,-1.375691629,CCCCC/C=C\C/C=C\C/C=C\C/C=C\CCCC(=O)OC(C/C=C\CCCCCCCCOC(=O)CCN(CCC(=O)OCCCCCCCC/C=C\CC(CCCCCC)OC(=O)CCC/C=C\C/C=C\C/C=C\C/C=C\CCCCC)CCN1CCOCC1)CCCCCC,JW_2024,JW_2024,0
-3.9386482,-1.681517361,CCCCC/C=C\C/C=C\C/C=C\C/C=C\CCCC(=O)OC(C/C=C\CCCCCCCCOC(=O)CCN(CCC(=O)OCCCCCCCC/C=C\CC(CCCCCC)OC(=O)CCC/C=C\C/C=C\C/C=C\C/C=C\CCCCC)CCN1CCOCC1)CCCCCC,JW_2024,JW_2024,0
-3.0408812,-1.060871023,CCCCC/C=C\C/C=C\C/C=C\C/C=C\CCCC(=O)OC(C/C=C\CCCCCCCCOC(=O)CCN(CCC(=O)OCCCCCCCC/C=C\CC(CCCCCC)OC(=O)CCC/C=C\C/C=C\C/C=C\C/C=C\CCCCC)CCN1CCOCC1)CCCCCC,JW_2024,JW_2024,0
-3.6085105,-0.755045291,CCCCC/C=C\C/C=C\C/C=C\C/C=C\CCCC(=O)OC(C/C=C\CCCCCCCCOC(=O)CCN(CCC(=O)OCCCCCCCC/C=C\CC(CCCCCC)OC(=O)CCC/C=C\C/C=C\C/C=C\C/C=C\CCCCC)CCN1CCOCC1)CCCCCC,JW_2024,JW_2024,0
-4.265874,-1.645537863,CCCCC/C=C\C/C=C\C/C=C\C/C=C\CCCC(=O)OC(C/C=C\CCCCCCCCOC(=O)CCN(CCC(=O)OCCCCCCCC/C=C\CC(CCCCCC)OC(=O)CCC/C=C\C/C=C\C/C=C\C/C=C\CCCCC)CCN1CCOCC1)CCCCCC,JW_2024,JW_2024,0
-3.7996929,-1.330717257,CCCCC/C=C\C/C=C\C/C=C\C/C=C\CCCC(=O)OC(C/C=C\CCCCCCCCOC(=O)CCN(CCC(=O)OCCCCCCCC/C=C\CC(CCCCCC)OC(=O)CCC/C=C\C/C=C\C/C=C\C/C=C\CCCCC)CCN1CCOCC1)CCCCCC,JW_2024,JW_2024,0
-3.4779146,-0.35027594,CCCCC/C=C\C/C=C\C/C=C\C/C=C\CCCC(=O)OC(C/C=C\CCCCCCCCOC(=O)CCN(CCC(=O)OCCCCCCCC/C=C\CC(CCCCCC)OC(=O)CCC/C=C\C/C=C\C/C=C\C/C=C\CCCCC)CCN1CCOCC1)CCCCCC,JW_2024,JW_2024,0
-4.6101336,-1.969353344,CCCCC/C=C\C/C=C\C/C=C\C/C=C\CCCC(=O)OC(C/C=C\CCCCCCCCOC(=O)CCN(CCC(=O)OCCCCCCCC/C=C\CC(CCCCCC)OC(=O)CCC/C=C\C/C=C\C/C=C\C/C=C\CCCCC)CCN1CCOCC1)CCCCCC,JW_2024,JW_2024,0
-4.366159,-0.809014538,CCCCC/C=C\C/C=C\C/C=C\C/C=C\CCCC(=O)OC(C/C=C\CCCCCCCCOC(=O)CCN(CCC(=O)OCCCCCCCC/C=C\CC(CCCCCC)OC(=O)CCC/C=C\C/C=C\C/C=C\C/C=C\CCCCC)CCN1CCOCC1)CCCCCC,JW_2024,JW_2024,0
-4.560879,-0.880973534,CCCCC/C=C\C/C=C\C/C=C\C/C=C\CCCC(=O)OC(C/C=C\CCCCCCCCOC(=O)CCN(CCC(=O)OCCCCCCCC/C=C\CC(CCCCCC)OC(=O)CCC/C=C\C/C=C\C/C=C\C/C=C\CCCCC)CCN1CCOCC1)CCCCCC,JW_2024,JW_2024,0
-3.611044,0.666144875,CCCCC/C=C\C/C=C\C/C=C\C/C=C\CCCC(=O)OC(C/C=C\CCCCCCCCOC(=O)CCN(CCC(=O)OCCCCCCCC/C=C\CC(CCCCCC)OC(=O)CCC/C=C\C/C=C\C/C=C\C/C=C\CCCCC)CCN1CCOCC1)CCCCCC,JW_2024,JW_2024,1
-4.081955,-1.519609621,CCCCC/C=C\C/C=C\C/C=C\C/C=C\CCCC(=O)OC(C/C=C\CCCCCCCCOC(=O)CCN(CCC(=O)OCCCCCCCC/C=C\CC(CCCCCC)OC(=O)CCC/C=C\C/C=C\C/C=C\C/C=C\CCCCC)CCN1CCOCC1)CCCCCC,JW_2024,JW_2024,0
-4.497744,-1.438655751,CCCCC/C=C\C/C=C\C/C=C\C/C=C\CCCC(=O)OC(C/C=C\CCCCCCCCOC(=O)CCN(CCC(=O)OCCCCCCCC/C=C\CC(CCCCCC)OC(=O)CCC/C=C\C/C=C\C/C=C\C/C=C\CCCCC)CCN1CCOCC1)CCCCCC,JW_2024,JW_2024,0
-3.80853,-0.422234936,CCCCC/C=C\C/C=C\C/C=C\C/C=C\CCCC(=O)OC(C/C=C\CCCCCCCCOC(=O)CCN(CCC(=O)OCCCCCCCC/C=C\CC(CCCCCC)OC(=O)CCC/C=C\C/C=C\C/C=C\C/C=C\CCCCC)CCN1CCOCC1)CCCCCC,JW_2024,JW_2024,0
-1.7611772,-0.683086295,CCCCC/C=C\C/C=C\C/C=C\C/C=C\CCCC(=O)OC(C/C=C\CCCCCCCCOC(=O)CCN(CCCN(CC)CC)CCC(=O)OCCCCCCCC/C=C\CC(CCCCCC)OC(=O)CCC/C=C\C/C=C\C/C=C\C/C=C\CCCCC)CCCCCC,JW_2024,JW_2024,0
-2.149495,-0.359270814,CCCCC/C=C\C/C=C\C/C=C\C/C=C\CCCC(=O)OC(C/C=C\CCCCCCCCOC(=O)CCN(CCCN(CC)CC)CCC(=O)OCCCCCCCC/C=C\CC(CCCCCC)OC(=O)CCC/C=C\C/C=C\C/C=C\C/C=C\CCCCC)CCCCCC,JW_2024,JW_2024,0
-1.4954379,-0.728060668,CCCCC/C=C\C/C=C\C/C=C\C/C=C\CCCC(=O)OC(C/C=C\CCCCCCCCOC(=O)CCN(CCCN(CC)CC)CCC(=O)OCCCCCCCC/C=C\CC(CCCCCC)OC(=O)CCC/C=C\C/C=C\C/C=C\C/C=C\CCCCC)CCCCCC,JW_2024,JW_2024,0
-1.7611772,0.000524164,CCCCC/C=C\C/C=C\C/C=C\C/C=C\CCCC(=O)OC(C/C=C\CCCCCCCCOC(=O)CCN(CCCN(CC)CC)CCC(=O)OCCCCCCCC/C=C\CC(CCCCCC)OC(=O)CCC/C=C\C/C=C\C/C=C\C/C=C\CCCCC)CCCCCC,JW_2024,JW_2024,0
-2.6826186,-0.629117048,CCCCC/C=C\C/C=C\C/C=C\C/C=C\CCCC(=O)OC(C/C=C\CCCCCCCCOC(=O)CCN(CCCN(CC)CC)CCC(=O)OCCCCCCCC/C=C\CC(CCCCCC)OC(=O)CCC/C=C\C/C=C\C/C=C\C/C=C\CCCCC)CCCCCC,JW_2024,JW_2024,0
-2.1278954,0.117457533,CCCCC/C=C\C/C=C\C/C=C\C/C=C\CCCC(=O)OC(C/C=C\CCCCCCCCOC(=O)CCN(CCCN(CC)CC)CCC(=O)OCCCCCCCC/C=C\CC(CCCCCC)OC(=O)CCC/C=C\C/C=C\C/C=C\C/C=C\CCCCC)CCCCCC,JW_2024,JW_2024,1
-1.9336457,0.783078243,CCCCC/C=C\C/C=C\C/C=C\C/C=C\CCCC(=O)OC(C/C=C\CCCCCCCCOC(=O)CCN(CCCN(CC)CC)CCC(=O)OCCCCCCCC/C=C\CC(CCCCCC)OC(=O)CCC/C=C\C/C=C\C/C=C\C/C=C\CCCCC)CCCCCC,JW_2024,JW_2024,1
-3.137088,-0.764040165,CCCCC/C=C\C/C=C\C/C=C\C/C=C\CCCC(=O)OC(C/C=C\CCCCCCCCOC(=O)CCN(CCCN(CC)CC)CCC(=O)OCCCCCCCC/C=C\CC(CCCCCC)OC(=O)CCC/C=C\C/C=C\C/C=C\C/C=C\CCCCC)CCCCCC,JW_2024,JW_2024,0
-2.5625734,1.016944979,CCCCC/C=C\C/C=C\C/C=C\C/C=C\CCCC(=O)OC(C/C=C\CCCCCCCCOC(=O)CCN(CCCN(CC)CC)CCC(=O)OCCCCCCCC/C=C\CC(CCCCCC)OC(=O)CCC/C=C\C/C=C\C/C=C\C/C=C\CCCCC)CCCCCC,JW_2024,JW_2024,1
-3.1176333,-0.116409204,CCCCC/C=C\C/C=C\C/C=C\C/C=C\CCCC(=O)OC(C/C=C\CCCCCCCCOC(=O)CCN(CCCN(CC)CC)CCC(=O)OCCCCCCCC/C=C\CC(CCCCCC)OC(=O)CCC/C=C\C/C=C\C/C=C\C/C=C\CCCCC)CCCCCC,JW_2024,JW_2024,0
-1.9954027,0.684134624,CCCCC/C=C\C/C=C\C/C=C\C/C=C\CCCC(=O)OC(C/C=C\CCCCCCCCOC(=O)CCN(CCCN(CC)CC)CCC(=O)OCCCCCCCC/C=C\CC(CCCCCC)OC(=O)CCC/C=C\C/C=C\C/C=C\C/C=C\CCCCC)CCCCCC,JW_2024,JW_2024,1
-2.5213847,-0.503188806,CCCCC/C=C\C/C=C\C/C=C\C/C=C\CCCC(=O)OC(C/C=C\CCCCCCCCOC(=O)CCN(CCCN(CC)CC)CCC(=O)OCCCCCCCC/C=C\CC(CCCCCC)OC(=O)CCC/C=C\C/C=C\C/C=C\C/C=C\CCCCC)CCCCCC,JW_2024,JW_2024,0
-3.0658467,-0.152388702,CCCCC/C=C\C/C=C\C/C=C\C/C=C\CCCC(=O)OC(C/C=C\CCCCCCCCOC(=O)CCN(CCCN(CC)CC)CCC(=O)OCCCCCCCC/C=C\CC(CCCCCC)OC(=O)CCC/C=C\C/C=C\C/C=C\C/C=C\CCCCC)CCCCCC,JW_2024,JW_2024,0
-2.1497083,0.594185879,CCCCC/C=C\C/C=C\C/C=C\C/C=C\CCCC(=O)OC(C/C=C\CCCCCCCCOC(=O)CCN(CCCN(CC)CC)CCC(=O)OCCCCCCCC/C=C\CC(CCCCCC)OC(=O)CCC/C=C\C/C=C\C/C=C\C/C=C\CCCCC)CCCCCC,JW_2024,JW_2024,1
-1.7292998,0.288360147,CCCCC/C=C\C/C=C\C/C=C\C/C=C\CCCC(=O)OC(C/C=C\CCCCCCCCOC(=O)CCN(CCCN(CC)CC)CCC(=O)OCCCCCCCC/C=C\CC(CCCCCC)OC(=O)CCC/C=C\C/C=C\C/C=C\C/C=C\CCCCC)CCCCCC,JW_2024,JW_2024,1
-2.0615091,-1.060871023,CCCCC/C=C\C/C=C\C/C=C\C/C=C\CCCC(=O)OC(C/C=C\CCCCCCCCOC(=O)CCN(CCCN(CC)CC)CCC(=O)OCCCCCCCC/C=C\CC(CCCCCC)OC(=O)CCC/C=C\C/C=C\C/C=C\C/C=C\CCCCC)CCCCCC,JW_2024,JW_2024,0
-3.4102569,0.57619613,CCCCC/C=C\C/C=C\C/C=C\C/C=C\CCCC(=O)OC(C/C=C\CCCCCCCCOC(=O)CCN(CCCN(CC)CC)CCC(=O)OCCCCCCCC/C=C\CC(CCCCCC)OC(=O)CCC/C=C\C/C=C\C/C=C\C/C=C\CCCCC)CCCCCC,JW_2024,JW_2024,1
-2.0986164,0.953980858,CCCCC/C=C\C/C=C\C/C=C\C/C=C\CCCC(=O)OC(C/C=C\CCCCCCCCOC(=O)CCN(CCCN(CC)CC)CCC(=O)OCCCCCCCC/C=C\CC(CCCCCC)OC(=O)CCC/C=C\C/C=C\C/C=C\C/C=C\CCCCC)CCCCCC,JW_2024,JW_2024,1
-1.8850179,0.998955231,CCCCC/C=C\C/C=C\C/C=C\C/C=C\CCCC(=O)OC(C/C=C\CCCCCCCCOC(=O)CCN(CCCN(CC)CC)CCC(=O)OCCCCCCCC/C=C\CC(CCCCCC)OC(=O)CCC/C=C\C/C=C\C/C=C\C/C=C\CCCCC)CCCCCC,JW_2024,JW_2024,1
-1.3276632,1.853468305,CCCCC/C=C\C/C=C\C/C=C\C/C=C\CCCC(=O)OC(C/C=C\CCCCCCCCOC(=O)CCN(CCCN(CC)CC)CCC(=O)OCCCCCCCC/C=C\CC(CCCCCC)OC(=O)CCC/C=C\C/C=C\C/C=C\C/C=C\CCCCC)CCCCCC,JW_2024,JW_2024,2
-1.1586282,0.513232009,CCCCC/C=C\C/C=C\C/C=C\C/C=C\CCCC(=O)OC(C/C=C\CCCCCCCCOC(=O)CCN(CCCN(CC)CC)CCC(=O)OCCCCCCCC/C=C\CC(CCCCCC)OC(=O)CCC/C=C\C/C=C\C/C=C\C/C=C\CCCCC)CCCCCC,JW_2024,JW_2024,1
-1.5265391,1.538647699,CCCCC/C=C\C/C=C\C/C=C\C/C=C\CCCC(=O)OC(C/C=C\CCCCCCCCOC(=O)CCN(CCCN(CC)CC)CCC(=O)OCCCCCCCC/C=C\CC(CCCCCC)OC(=O)CCC/C=C\C/C=C\C/C=C\C/C=C\CCCCC)CCCCCC,JW_2024,JW_2024,2
-2.0058167,0.15343703,CCCCC/C=C\C/C=C\C/C=C\C/C=C\CCCC(=O)OC(C/C=C\CCCCCCCCOC(=O)CCN(CCCN(CC)CC)CCC(=O)OCCCCCCCC/C=C\CC(CCCCCC)OC(=O)CCC/C=C\C/C=C\C/C=C\C/C=C\CCCCC)CCCCCC,JW_2024,JW_2024,1
-1.9041779,0.882021862,CCCCC/C=C\C/C=C\C/C=C\C/C=C\CCCC(=O)OC(C/C=C\CCCCCCCCOC(=O)CCN(CCCN(CC)CC)CCC(=O)OCCCCCCCC/C=C\CC(CCCCCC)OC(=O)CCC/C=C\C/C=C\C/C=C\C/C=C\CCCCC)CCCCCC,JW_2024,JW_2024,1
-3.1525068,-0.907958157,CCCCC/C=C\CCC(=O)OC(C/C=C\CCCCCCCCOC(=O)CCN(CCC(=O)OCCCCCCCC/C=C\CC(CCCCCC)OC(=O)CC/C=C\CCCCC)CCN1CCCN(C)CC1)CCCCCC,JW_2024,JW_2024,0
-3.1191015,-0.188368199,CCCCC/C=C\CCC(=O)OC(C/C=C\CCCCCCCCOC(=O)CCN(CCC(=O)OCCCCCCCC/C=C\CC(CCCCCC)OC(=O)CC/C=C\CCCCC)CCN1CCCN(C)CC1)CCCCCC,JW_2024,JW_2024,0
-3.3253934,0.018513913,CCCCC/C=C\CCC(=O)OC(C/C=C\CCCCCCCCOC(=O)CCN(CCC(=O)OCCCCCCCC/C=C\CC(CCCCCC)OC(=O)CC/C=C\CCCCC)CCN1CCCN(C)CC1)CCCCCC,JW_2024,JW_2024,0
-3.0876997,0.315344771,CCCCC/C=C\CCC(=O)OC(C/C=C\CCCCCCCCOC(=O)CCN(CCC(=O)OCCCCCCCC/C=C\CC(CCCCCC)OC(=O)CC/C=C\CCCCC)CCN1CCCN(C)CC1)CCCCCC,JW_2024,JW_2024,1
-3.832448,-0.6111273,CCCCC/C=C\CCC(=O)OC(C/C=C\CCCCCCCCOC(=O)CCN(CCC(=O)OCCCCCCCC/C=C\CC(CCCCCC)OC(=O)CC/C=C\CCCCC)CCN1CCCN(C)CC1)CCCCCC,JW_2024,JW_2024,0
-3.316953,0.081478035,CCCCC/C=C\CCC(=O)OC(C/C=C\CCCCCCCCOC(=O)CCN(CCC(=O)OCCCCCCCC/C=C\CC(CCCCCC)OC(=O)CC/C=C\CCCCC)CCN1CCCN(C)CC1)CCCCCC,JW_2024,JW_2024,1
-3.2870502,1.088903975,CCCCC/C=C\CCC(=O)OC(C/C=C\CCCCCCCCOC(=O)CCN(CCC(=O)OCCCCCCCC/C=C\CC(CCCCCC)OC(=O)CC/C=C\CCCCC)CCN1CCCN(C)CC1)CCCCCC,JW_2024,JW_2024,1
-4.099741,-0.035455333,CCCCC/C=C\CCC(=O)OC(C/C=C\CCCCCCCCOC(=O)CCN(CCC(=O)OCCCCCCCC/C=C\CC(CCCCCC)OC(=O)CC/C=C\CCCCC)CCN1CCCN(C)CC1)CCCCCC,JW_2024,JW_2024,0
-3.31117,1.736534937,CCCCC/C=C\CCC(=O)OC(C/C=C\CCCCCCCCOC(=O)CCN(CCC(=O)OCCCCCCCC/C=C\CC(CCCCCC)OC(=O)CC/C=C\CCCCC)CCN1CCCN(C)CC1)CCCCCC,JW_2024,JW_2024,2
-3.850224,-0.305301568,CCCCC/C=C\CCC(=O)OC(C/C=C\CCCCCCCCOC(=O)CCN(CCC(=O)OCCCCCCCC/C=C\CC(CCCCCC)OC(=O)CC/C=C\CCCCC)CCN1CCCN(C)CC1)CCCCCC,JW_2024,JW_2024,0
-3.3840218,1.349755335,CCCCC/C=C\CCC(=O)OC(C/C=C\CCCCCCCCOC(=O)CCN(CCC(=O)OCCCCCCCC/C=C\CC(CCCCCC)OC(=O)CC/C=C\CCCCC)CCN1CCCN(C)CC1)CCCCCC,JW_2024,JW_2024,2
-3.7112591,-0.260327195,CCCCC/C=C\CCC(=O)OC(C/C=C\CCCCCCCCOC(=O)CCN(CCC(=O)OCCCCCCCC/C=C\CC(CCCCCC)OC(=O)CC/C=C\CCCCC)CCN1CCCN(C)CC1)CCCCCC,JW_2024,JW_2024,0
-3.919499,-0.305301568,CCCCC/C=C\CCC(=O)OC(C/C=C\CCCCCCCCOC(=O)CCN(CCC(=O)OCCCCCCCC/C=C\CC(CCCCCC)OC(=O)CC/C=C\CCCCC)CCN1CCCN(C)CC1)CCCCCC,JW_2024,JW_2024,0
-3.2795377,0.036503662,CCCCC/C=C\CCC(=O)OC(C/C=C\CCCCCCCCOC(=O)CCN(CCC(=O)OCCCCCCCC/C=C\CC(CCCCCC)OC(=O)CC/C=C\CCCCC)CCN1CCCN(C)CC1)CCCCCC,JW_2024,JW_2024,1
-3.5845006,0.432278139,CCCCC/C=C\CCC(=O)OC(C/C=C\CCCCCCCCOC(=O)CCN(CCC(=O)OCCCCCCCC/C=C\CC(CCCCCC)OC(=O)CC/C=C\CCCCC)CCN1CCCN(C)CC1)CCCCCC,JW_2024,JW_2024,1
-3.5322769,-0.305301568,CCCCC/C=C\CCC(=O)OC(C/C=C\CCCCCCCCOC(=O)CCN(CCC(=O)OCCCCCCCC/C=C\CC(CCCCCC)OC(=O)CC/C=C\CCCCC)CCN1CCCN(C)CC1)CCCCCC,JW_2024,JW_2024,0
-3.8833013,0.846042365,CCCCC/C=C\CCC(=O)OC(C/C=C\CCCCCCCCOC(=O)CCN(CCC(=O)OCCCCCCCC/C=C\CC(CCCCCC)OC(=O)CC/C=C\CCCCC)CCN1CCCN(C)CC1)CCCCCC,JW_2024,JW_2024,1
-3.6837478,0.962975733,CCCCC/C=C\CCC(=O)OC(C/C=C\CCCCCCCCOC(=O)CCN(CCC(=O)OCCCCCCCC/C=C\CC(CCCCCC)OC(=O)CC/C=C\CCCCC)CCN1CCCN(C)CC1)CCCCCC,JW_2024,JW_2024,1
-3.7004035,0.989960356,CCCCC/C=C\CCC(=O)OC(C/C=C\CCCCCCCCOC(=O)CCN(CCC(=O)OCCCCCCCC/C=C\CC(CCCCCC)OC(=O)CC/C=C\CCCCC)CCN1CCCN(C)CC1)CCCCCC,JW_2024,JW_2024,1
-3.5246265,1.295786088,CCCCC/C=C\CCC(=O)OC(C/C=C\CCCCCCCCOC(=O)CCN(CCC(=O)OCCCCCCCC/C=C\CC(CCCCCC)OC(=O)CC/C=C\CCCCC)CCN1CCCN(C)CC1)CCCCCC,JW_2024,JW_2024,1
-3.8144715,0.846042365,CCCCC/C=C\CCC(=O)OC(C/C=C\CCCCCCCCOC(=O)CCN(CCC(=O)OCCCCCCCC/C=C\CC(CCCCCC)OC(=O)CC/C=C\CCCCC)CCN1CCCN(C)CC1)CCCCCC,JW_2024,JW_2024,1
-3.3249755,0.846042365,CCCCC/C=C\CCC(=O)OC(C/C=C\CCCCCCCCOC(=O)CCN(CCC(=O)OCCCCCCCC/C=C\CC(CCCCCC)OC(=O)CC/C=C\CCCCC)CCN1CCCN(C)CC1)CCCCCC,JW_2024,JW_2024,1
-3.2739925,0.306349896,CCCCC/C=C\CCC(=O)OC(C/C=C\CCCCCCCCOC(=O)CCN(CCC(=O)OCCCCCCCC/C=C\CC(CCCCCC)OC(=O)CC/C=C\CCCCC)CCN1CCCN(C)CC1)CCCCCC,JW_2024,JW_2024,1
-3.9402602,0.621170503,CCCCC/C=C\CCC(=O)OC(C/C=C\CCCCCCCCOC(=O)CCN(CCC(=O)OCCCCCCCC/C=C\CC(CCCCCC)OC(=O)CC/C=C\CCCCC)CCN1CCCN(C)CC1)CCCCCC,JW_2024,JW_2024,1
-5.274552,-1.834430227,CCCCC/C=C\CCC(=O)OC(C/C=C\CCCCCCCCOC(=O)CCN(C)CCCn1ccnc1)CCCCCC,JW_2024,JW_2024,0
-5.1151714,-1.807445604,CCCCC/C=C\CCC(=O)OC(C/C=C\CCCCCCCCOC(=O)CCN(C)CCCn1ccnc1)CCCCCC,JW_2024,JW_2024,0
-6.161906,-1.249763387,CCCCC/C=C\CCC(=O)OC(C/C=C\CCCCCCCCOC(=O)CCN(C)CCCn1ccnc1)CCCCCC,JW_2024,JW_2024,0
-5.1906223,-1.798450729,CCCCC/C=C\CCC(=O)OC(C/C=C\CCCCCCCCOC(=O)CCN(C)CCCn1ccnc1)CCCCCC,JW_2024,JW_2024,0
-5.332393,-1.771466106,CCCCC/C=C\CCC(=O)OC(C/C=C\CCCCCCCCOC(=O)CCN(C)CCCn1ccnc1)CCCCCC,JW_2024,JW_2024,0
-6.3269343,-2.616984306,CCCCC/C=C\CCC(=O)OC(C/C=C\CCCCCCCCOC(=O)CCN(C)CCCn1ccnc1)CCCCCC,JW_2024,JW_2024,0
-6.173429,-1.240768512,CCCCC/C=C\CCC(=O)OC(C/C=C\CCCCCCCCOC(=O)CCN(C)CCCn1ccnc1)CCCCCC,JW_2024,JW_2024,0
-5.6459923,-1.690512236,CCCCC/C=C\CCC(=O)OC(C/C=C\CCCCCCCCOC(=O)CCN(C)CCCn1ccnc1)CCCCCC,JW_2024,JW_2024,0
-5.516289,0.243385775,CCCCC/C=C\CCC(=O)OC(C/C=C\CCCCCCCCOC(=O)CCN(C)CCCn1ccnc1)CCCCCC,JW_2024,JW_2024,1
-5.5414553,-1.402676253,CCCCC/C=C\CCC(=O)OC(C/C=C\CCCCCCCCOC(=O)CCN(C)CCCn1ccnc1)CCCCCC,JW_2024,JW_2024,0
-6.4128795,0.108462658,CCCCC/C=C\CCC(=O)OC(C/C=C\CCCCCCCCOC(=O)CCN(C)CCCn1ccnc1)CCCCCC,JW_2024,JW_2024,1
-5.3410807,-1.717496859,CCCCC/C=C\CCC(=O)OC(C/C=C\CCCCCCCCOC(=O)CCN(C)CCCn1ccnc1)CCCCCC,JW_2024,JW_2024,0
-5.486172,-1.546594244,CCCCC/C=C\CCC(=O)OC(C/C=C\CCCCCCCCOC(=O)CCN(C)CCCn1ccnc1)CCCCCC,JW_2024,JW_2024,0
-6.3999615,-1.186799266,CCCCC/C=C\CCC(=O)OC(C/C=C\CCCCCCCCOC(=O)CCN(C)CCCn1ccnc1)CCCCCC,JW_2024,JW_2024,0
-4.764866,-0.997906902,CCCCC/C=C\CCC(=O)OC(C/C=C\CCCCCCCCOC(=O)CCN1CCC(c2ccncc2)CC1)CCCCCC,JW_2024,JW_2024,0
-4.551365,-0.898963283,CCCCC/C=C\CCC(=O)OC(C/C=C\CCCCCCCCOC(=O)CCN1CCC(c2ccncc2)CC1)CCCCCC,JW_2024,JW_2024,0
-5.76629,-1.105845395,CCCCC/C=C\CCC(=O)OC(C/C=C\CCCCCCCCOC(=O)CCN1CCC(c2ccncc2)CC1)CCCCCC,JW_2024,JW_2024,0
-4.766921,-0.638111923,CCCCC/C=C\CCC(=O)OC(C/C=C\CCCCCCCCOC(=O)CCN1CCC(c2ccncc2)CC1)CCCCCC,JW_2024,JW_2024,0
-5.3048415,-0.215352823,CCCCC/C=C\CCC(=O)OC(C/C=C\CCCCCCCCOC(=O)CCN1CCC(c2ccncc2)CC1)CCCCCC,JW_2024,JW_2024,0
-6.3657985,-0.835999161,CCCCC/C=C\CCC(=O)OC(C/C=C\CCCCCCCCOC(=O)CCN1CCC(c2ccncc2)CC1)CCCCCC,JW_2024,JW_2024,0
-6.0314555,-0.170378451,CCCCC/C=C\CCC(=O)OC(C/C=C\CCCCCCCCOC(=O)CCN1CCC(c2ccncc2)CC1)CCCCCC,JW_2024,JW_2024,0
-5.263066,-1.53759937,CCCCC/C=C\CCC(=O)OC(C/C=C\CCCCCCCCOC(=O)CCN1CCC(c2ccncc2)CC1)CCCCCC,JW_2024,JW_2024,0
-5.066635,-1.429660876,CCCCC/C=C\CCC(=O)OC(C/C=C\CCCCCCCCOC(=O)CCN1CCC(c2ccncc2)CC1)CCCCCC,JW_2024,JW_2024,0
-5.155592,-1.105845395,CCCCC/C=C\CCC(=O)OC(C/C=C\CCCCCCCCOC(=O)CCN1CCC(c2ccncc2)CC1)CCCCCC,JW_2024,JW_2024,0
-6.3601866,0.962975733,CCCCC/C=C\CCC(=O)OC(C/C=C\CCCCCCCCOC(=O)CCN1CCC(c2ccncc2)CC1)CCCCCC,JW_2024,JW_2024,1
-4.6089773,-1.060871023,CCCCC/C=C\CCC(=O)OC(C/C=C\CCCCCCCCOC(=O)CCN1CCC(c2ccncc2)CC1)CCCCCC,JW_2024,JW_2024,0
-5.1657963,-0.943937655,CCCCC/C=C\CCC(=O)OC(C/C=C\CCCCCCCCOC(=O)CCN1CCC(c2ccncc2)CC1)CCCCCC,JW_2024,JW_2024,0
-6.1142755,-0.035455333,CCCCC/C=C\CCC(=O)OC(C/C=C\CCCCCCCCOC(=O)CCN1CCC(c2ccncc2)CC1)CCCCCC,JW_2024,JW_2024,0
-4.7448072,-1.798450729,CCCCC/C=C\CCC(=O)OC(C/C=C\CCCCCCCCOC(=O)CCN1CCC(c2cccnc2)CC1)CCCCCC,JW_2024,JW_2024,0
-4.561856,-0.943937655,CCCCC/C=C\CCC(=O)OC(C/C=C\CCCCCCCCOC(=O)CCN1CCC(c2cccnc2)CC1)CCCCCC,JW_2024,JW_2024,0
-5.7757344,-1.168809517,CCCCC/C=C\CCC(=O)OC(C/C=C\CCCCCCCCOC(=O)CCN1CCC(c2cccnc2)CC1)CCCCCC,JW_2024,JW_2024,0
-4.7468624,-1.348707006,CCCCC/C=C\CCC(=O)OC(C/C=C\CCCCCCCCOC(=O)CCN1CCC(c2cccnc2)CC1)CCCCCC,JW_2024,JW_2024,0
-5.1950107,-1.249763387,CCCCC/C=C\CCC(=O)OC(C/C=C\CCCCCCCCOC(=O)CCN1CCC(c2cccnc2)CC1)CCCCCC,JW_2024,JW_2024,0
-6.3292217,-1.339712132,CCCCC/C=C\CCC(=O)OC(C/C=C\CCCCCCCCOC(=O)CCN1CCC(c2cccnc2)CC1)CCCCCC,JW_2024,JW_2024,0
-5.862469,-0.332286191,CCCCC/C=C\CCC(=O)OC(C/C=C\CCCCCCCCOC(=O)CCN1CCC(c2cccnc2)CC1)CCCCCC,JW_2024,JW_2024,0
-5.4574847,-1.690512236,CCCCC/C=C\CCC(=O)OC(C/C=C\CCCCCCCCOC(=O)CCN1CCC(c2cccnc2)CC1)CCCCCC,JW_2024,JW_2024,0
-5.100492,-0.494193931,CCCCC/C=C\CCC(=O)OC(C/C=C\CCCCCCCCOC(=O)CCN1CCC(c2cccnc2)CC1)CCCCCC,JW_2024,JW_2024,0
-5.0741177,-1.267753136,CCCCC/C=C\CCC(=O)OC(C/C=C\CCCCCCCCOC(=O)CCN1CCC(c2cccnc2)CC1)CCCCCC,JW_2024,JW_2024,0
-6.367365,0.207406277,CCCCC/C=C\CCC(=O)OC(C/C=C\CCCCCCCCOC(=O)CCN1CCC(c2cccnc2)CC1)CCCCCC,JW_2024,JW_2024,1
-4.74298,-1.312727508,CCCCC/C=C\CCC(=O)OC(C/C=C\CCCCCCCCOC(=O)CCN1CCC(c2cccnc2)CC1)CCCCCC,JW_2024,JW_2024,0
-5.084322,-1.330717257,CCCCC/C=C\CCC(=O)OC(C/C=C\CCCCCCCCOC(=O)CCN1CCC(c2cccnc2)CC1)CCCCCC,JW_2024,JW_2024,0
-6.083692,-1.051876148,CCCCC/C=C\CCC(=O)OC(C/C=C\CCCCCCCCOC(=O)CCN1CCC(c2cccnc2)CC1)CCCCCC,JW_2024,JW_2024,0
-2.3172302,-0.314296442,CCCCCCCCC(CCCCCC)C(=O)OC(C/C=C\CCCCCCCCOC(=O)CCN(C)CCCN(C)CCCN(C)CCC(=O)OCCCCCCCC/C=C\CC(CCCCCC)OC(=O)C(CCCCCC)CCCCCCCC)CCCCC,JW_2024,JW_2024,0
-2.2454095,0.045498537,CCCCCCCCC(CCCCCC)C(=O)OC(C/C=C\CCCCCCCCOC(=O)CCN(C)CCCN(C)CCCN(C)CCC(=O)OCCCCCCCC/C=C\CC(CCCCCC)OC(=O)C(CCCCCC)CCCCCCCC)CCCCC,JW_2024,JW_2024,1
-2.1861546,-0.116409204,CCCCCCCCC(CCCCCC)C(=O)OC(C/C=C\CCCCCCCCOC(=O)CCN(C)CCCN(C)CCCN(C)CCC(=O)OCCCCCCCC/C=C\CC(CCCCCC)OC(=O)C(CCCCCC)CCCCCCCC)CCCCC,JW_2024,JW_2024,0
-2.4178545,-0.746050417,CCCCCCCCC(CCCCCC)C(=O)OC(C/C=C\CCCCCCCCOC(=O)CCN(C)CCCN(C)CCCN(C)CCC(=O)OCCCCCCCC/C=C\CC(CCCCCC)OC(=O)C(CCCCCC)CCCCCCCC)CCCCC,JW_2024,JW_2024,0
-2.834757,0.387303767,CCCCCCCCC(CCCCCC)C(=O)OC(C/C=C\CCCCCCCCOC(=O)CCN(C)CCCN(C)CCCN(C)CCC(=O)OCCCCCCCC/C=C\CC(CCCCCC)OC(=O)C(CCCCCC)CCCCCCCC)CCCCC,JW_2024,JW_2024,1
-2.4314628,-0.314296442,CCCCCCCCC(CCCCCC)C(=O)OC(C/C=C\CCCCCCCCOC(=O)CCN(C)CCCN(C)CCCN(C)CCC(=O)OCCCCCCCC/C=C\CC(CCCCCC)OC(=O)C(CCCCCC)CCCCCCCC)CCCCC,JW_2024,JW_2024,0
-2.8451672,0.846042365,CCCCCCCCC(CCCCCC)C(=O)OC(C/C=C\CCCCCCCCOC(=O)CCN(C)CCCN(C)CCCN(C)CCC(=O)OCCCCCCCC/C=C\CC(CCCCCC)OC(=O)C(CCCCCC)CCCCCCCC)CCCCC,JW_2024,JW_2024,1
-2.8304875,-0.26932207,CCCCCCCCC(CCCCCC)C(=O)OC(C/C=C\CCCCCCCCOC(=O)CCN(C)CCCN(C)CCCN(C)CCC(=O)OCCCCCCCC/C=C\CC(CCCCCC)OC(=O)C(CCCCCC)CCCCCCCC)CCCCC,JW_2024,JW_2024,0
-2.333931,1.115888599,CCCCCCCCC(CCCCCC)C(=O)OC(C/C=C\CCCCCCCCOC(=O)CCN(C)CCCN(C)CCCN(C)CCC(=O)OCCCCCCCC/C=C\CC(CCCCCC)OC(=O)C(CCCCCC)CCCCCCCC)CCCCC,JW_2024,JW_2024,1
-2.657306,-0.584142676,CCCCCCCCC(CCCCCC)C(=O)OC(C/C=C\CCCCCCCCOC(=O)CCN(C)CCCN(C)CCCN(C)CCC(=O)OCCCCCCCC/C=C\CC(CCCCCC)OC(=O)C(CCCCCC)CCCCCCCC)CCCCC,JW_2024,JW_2024,0
-2.177968,1.088903975,CCCCCCCCC(CCCCCC)C(=O)OC(C/C=C\CCCCCCCCOC(=O)CCN(C)CCCN(C)CCCN(C)CCC(=O)OCCCCCCCC/C=C\CC(CCCCCC)OC(=O)C(CCCCCC)CCCCCCCC)CCCCC,JW_2024,JW_2024,1
-2.395876,0.018513913,CCCCCCCCC(CCCCCC)C(=O)OC(C/C=C\CCCCCCCCOC(=O)CCN(C)CCCN(C)CCCN(C)CCC(=O)OCCCCCCCC/C=C\CC(CCCCCC)OC(=O)C(CCCCCC)CCCCCCCC)CCCCC,JW_2024,JW_2024,0
-2.7218363,-0.539168304,CCCCCCCCC(CCCCCC)C(=O)OC(C/C=C\CCCCCCCCOC(=O)CCN(C)CCCN(C)CCCN(C)CCC(=O)OCCCCCCCC/C=C\CC(CCCCCC)OC(=O)C(CCCCCC)CCCCCCCC)CCCCC,JW_2024,JW_2024,0
-2.3764784,0.567201256,CCCCCCCCC(CCCCCC)C(=O)OC(C/C=C\CCCCCCCCOC(=O)CCN(C)CCCN(C)CCCN(C)CCC(=O)OCCCCCCCC/C=C\CC(CCCCCC)OC(=O)C(CCCCCC)CCCCCCCC)CCCCC,JW_2024,JW_2024,1
-2.5541942,-0.017465585,CCCCCCCCC(CCCCCC)C(=O)OC(C/C=C\CCCCCCCCOC(=O)CCN(C)CCCN(C)CCCN(C)CCC(=O)OCCCCCCCC/C=C\CC(CCCCCC)OC(=O)C(CCCCCC)CCCCCCCC)CCCCC,JW_2024,JW_2024,0
-2.4585187,-0.377260563,CCCCCCCCC(CCCCCC)C(=O)OC(C/C=C\CCCCCCCCOC(=O)CCN(C)CCCN(C)CCCN(C)CCC(=O)OCCCCCCCC/C=C\CC(CCCCCC)OC(=O)C(CCCCCC)CCCCCCCC)CCCCC,JW_2024,JW_2024,0
-2.8045914,0.711119248,CCCCCCCCC(CCCCCC)C(=O)OC(C/C=C\CCCCCCCCOC(=O)CCN(C)CCCN(C)CCCN(C)CCC(=O)OCCCCCCCC/C=C\CC(CCCCCC)OC(=O)C(CCCCCC)CCCCCCCC)CCCCC,JW_2024,JW_2024,1
-2.5188887,-0.143393827,CCCCCCCCC(CCCCCC)C(=O)OC(C/C=C\CCCCCCCCOC(=O)CCN(C)CCCN(C)CCCN(C)CCC(=O)OCCCCCCCC/C=C\CC(CCCCCC)OC(=O)C(CCCCCC)CCCCCCCC)CCCCC,JW_2024,JW_2024,0
-2.600239,0.117457533,CCCCCCCCC(CCCCCC)C(=O)OC(C/C=C\CCCCCCCCOC(=O)CCN(C)CCCN(C)CCCN(C)CCC(=O)OCCCCCCCC/C=C\CC(CCCCCC)OC(=O)C(CCCCCC)CCCCCCCC)CCCCC,JW_2024,JW_2024,1
-2.4585304,1.52065795,CCCCCCCCC(CCCCCC)C(=O)OC(C/C=C\CCCCCCCCOC(=O)CCN(C)CCCN(C)CCCN(C)CCC(=O)OCCCCCCCC/C=C\CC(CCCCCC)OC(=O)C(CCCCCC)CCCCCCCC)CCCCC,JW_2024,JW_2024,2
-2.5110679,0.891016737,CCCCCCCCC(CCCCCC)C(=O)OC(C/C=C\CCCCCCCCOC(=O)CCN(C)CCCN(C)CCCN(C)CCC(=O)OCCCCCCCC/C=C\CC(CCCCCC)OC(=O)C(CCCCCC)CCCCCCCC)CCCCC,JW_2024,JW_2024,1
-2.3741188,0.953980858,CCCCCCCCC(CCCCCC)C(=O)OC(C/C=C\CCCCCCCCOC(=O)CCN(C)CCCN(C)CCCN(C)CCC(=O)OCCCCCCCC/C=C\CC(CCCCCC)OC(=O)C(CCCCCC)CCCCCCCC)CCCCC,JW_2024,JW_2024,1
-2.6443007,-0.314296442,CCCCCCCCC(CCCCCC)C(=O)OC(C/C=C\CCCCCCCCOC(=O)CCN(C)CCCN(C)CCCN(C)CCC(=O)OCCCCCCCC/C=C\CC(CCCCCC)OC(=O)C(CCCCCC)CCCCCCCC)CCCCC,JW_2024,JW_2024,0
-3.0543945,-0.026460459,CCCCCCCCC(CCCCCC)C(=O)OC(C/C=C\CCCCCCCCOC(=O)CCN(C)CCCN(C)CCCN(C)CCC(=O)OCCCCCCCC/C=C\CC(CCCCCC)OC(=O)C(CCCCCC)CCCCCCCC)CCCCC,JW_2024,JW_2024,0
-1.7957859,-1.69950711,CCCCCCCCC(CCCCCC)C(=O)OC(C/C=C\CCCCCCCCOC(=O)CCN(CCCN1CCN(C)CC1)CCC(=O)OCCCCCCCC/C=C\CC(CCCCCC)OC(=O)C(CCCCCC)CCCCCCCC)CCCCCC,JW_2024,JW_2024,0
-1.9506586,-0.791024789,CCCCCCCCC(CCCCCC)C(=O)OC(C/C=C\CCCCCCCCOC(=O)CCN(CCCN1CCN(C)CC1)CCC(=O)OCCCCCCCC/C=C\CC(CCCCCC)OC(=O)C(CCCCCC)CCCCCCCC)CCCCCC,JW_2024,JW_2024,0
-2.3038552,-0.188368199,CCCCCCCCC(CCCCCC)C(=O)OC(C/C=C\CCCCCCCCOC(=O)CCN(CCCN1CCN(C)CC1)CCC(=O)OCCCCCCCC/C=C\CC(CCCCCC)OC(=O)C(CCCCCC)CCCCCCCC)CCCCCC,JW_2024,JW_2024,0
-1.9457567,-1.096850521,CCCCCCCCC(CCCCCC)C(=O)OC(C/C=C\CCCCCCCCOC(=O)CCN(CCCN1CCN(C)CC1)CCC(=O)OCCCCCCCC/C=C\CC(CCCCCC)OC(=O)C(CCCCCC)CCCCCCCC)CCCCCC,JW_2024,JW_2024,0
-2.5110567,-0.548163178,CCCCCCCCC(CCCCCC)C(=O)OC(C/C=C\CCCCCCCCOC(=O)CCN(CCCN1CCN(C)CC1)CCC(=O)OCCCCCCCC/C=C\CC(CCCCCC)OC(=O)C(CCCCCC)CCCCCCCC)CCCCCC,JW_2024,JW_2024,0
-2.7014766,-0.404245187,CCCCCCCCC(CCCCCC)C(=O)OC(C/C=C\CCCCCCCCOC(=O)CCN(CCCN1CCN(C)CC1)CCC(=O)OCCCCCCCC/C=C\CC(CCCCCC)OC(=O)C(CCCCCC)CCCCCCCC)CCCCCC,JW_2024,JW_2024,0
-2.3064282,0.027508788,CCCCCCCCC(CCCCCC)C(=O)OC(C/C=C\CCCCCCCCOC(=O)CCN(CCCN1CCN(C)CC1)CCC(=O)OCCCCCCCC/C=C\CC(CCCCCC)OC(=O)C(CCCCCC)CCCCCCCC)CCCCCC,JW_2024,JW_2024,0
-2.9662101,-0.368265689,CCCCCCCCC(CCCCCC)C(=O)OC(C/C=C\CCCCCCCCOC(=O)CCN(CCCN1CCN(C)CC1)CCC(=O)OCCCCCCCC/C=C\CC(CCCCCC)OC(=O)C(CCCCCC)CCCCCCCC)CCCCCC,JW_2024,JW_2024,0
-2.426191,1.043929603,CCCCCCCCC(CCCCCC)C(=O)OC(C/C=C\CCCCCCCCOC(=O)CCN(CCCN1CCN(C)CC1)CCC(=O)OCCCCCCCC/C=C\CC(CCCCCC)OC(=O)C(CCCCCC)CCCCCCCC)CCCCCC,JW_2024,JW_2024,1
-2.8485887,-0.665096546,CCCCCCCCC(CCCCCC)C(=O)OC(C/C=C\CCCCCCCCOC(=O)CCN(CCCN1CCN(C)CC1)CCC(=O)OCCCCCCCC/C=C\CC(CCCCCC)OC(=O)C(CCCCCC)CCCCCCCC)CCCCCC,JW_2024,JW_2024,0
-2.485836,1.367745084,CCCCCCCCC(CCCCCC)C(=O)OC(C/C=C\CCCCCCCCOC(=O)CCN(CCCN1CCN(C)CC1)CCC(=O)OCCCCCCCC/C=C\CC(CCCCCC)OC(=O)C(CCCCCC)CCCCCCCC)CCCCCC,JW_2024,JW_2024,2
-2.3108149,-1.11484027,CCCCCCCCC(CCCCCC)C(=O)OC(C/C=C\CCCCCCCCOC(=O)CCN(CCCN1CCN(C)CC1)CCC(=O)OCCCCCCCC/C=C\CC(CCCCCC)OC(=O)C(CCCCCC)CCCCCCCC)CCCCCC,JW_2024,JW_2024,0
-2.9612572,-1.4566455,CCCCCCCCC(CCCCCC)C(=O)OC(C/C=C\CCCCCCCCOC(=O)CCN(CCCN1CCN(C)CC1)CCC(=O)OCCCCCCCC/C=C\CC(CCCCCC)OC(=O)C(CCCCCC)CCCCCCCC)CCCCCC,JW_2024,JW_2024,0
-2.6551356,-0.503188806,CCCCCCCCC(CCCCCC)C(=O)OC(C/C=C\CCCCCCCCOC(=O)CCN(CCCN1CCN(C)CC1)CCC(=O)OCCCCCCCC/C=C\CC(CCCCCC)OC(=O)C(CCCCCC)CCCCCCCC)CCCCCC,JW_2024,JW_2024,0
-2.9984105,-0.395250312,CCCCCCCCC(CCCCCC)C(=O)OC(C/C=C\CCCCCCCCOC(=O)CCN(CCCN1CCN(C)CC1)CCC(=O)OCCCCCCCC/C=C\CC(CCCCCC)OC(=O)C(CCCCCC)CCCCCCCC)CCCCCC,JW_2024,JW_2024,0
-2.1095665,-0.566152927,CCCCCCCCC(CCCCCC)C(=O)OC(C/C=C\CCCCCCCCOC(=O)CCN(CCCN1CCN(C)CC1)CCC(=O)OCCCCCCCC/C=C\CC(CCCCCC)OC(=O)C(CCCCCC)CCCCCCCC)CCCCCC,JW_2024,JW_2024,0
-2.7776375,0.063488286,CCCCCCCCC(CCCCCC)C(=O)OC(C/C=C\CCCCCCCCOC(=O)CCN(CCCN1CCN(C)CC1)CCC(=O)OCCCCCCCC/C=C\CC(CCCCCC)OC(=O)C(CCCCCC)CCCCCCCC)CCCCCC,JW_2024,JW_2024,1
-2.0600607,1.079909101,CCCCCCCCC(CCCCCC)C(=O)OC(C/C=C\CCCCCCCCOC(=O)CCN(CCCN1CCN(C)CC1)CCC(=O)OCCCCCCCC/C=C\CC(CCCCCC)OC(=O)C(CCCCCC)CCCCCCCC)CCCCCC,JW_2024,JW_2024,1
-2.632401,1.016944979,CCCCCCCCC(CCCCCC)C(=O)OC(C/C=C\CCCCCCCCOC(=O)CCN(CCCN1CCN(C)CC1)CCC(=O)OCCCCCCCC/C=C\CC(CCCCCC)OC(=O)C(CCCCCC)CCCCCCCC)CCCCCC,JW_2024,JW_2024,1
-1.9411113,0.477252511,CCCCCCCCC(CCCCCC)C(=O)OC(C/C=C\CCCCCCCCOC(=O)CCN(CCCN1CCN(C)CC1)CCC(=O)OCCCCCCCC/C=C\CC(CCCCCC)OC(=O)C(CCCCCC)CCCCCCCC)CCCCCC,JW_2024,JW_2024,1
-2.1357899,-0.539168304,CCCCCCCCC(CCCCCC)C(=O)OC(C/C=C\CCCCCCCCOC(=O)CCN(CCCN1CCN(C)CC1)CCC(=O)OCCCCCCCC/C=C\CC(CCCCCC)OC(=O)C(CCCCCC)CCCCCCCC)CCCCCC,JW_2024,JW_2024,0
-2.7641563,0.000524164,CCCCCCCCC(CCCCCC)C(=O)OC(C/C=C\CCCCCCCCOC(=O)CCN(CCCN1CCN(C)CC1)CCC(=O)OCCCCCCCC/C=C\CC(CCCCCC)OC(=O)C(CCCCCC)CCCCCCCC)CCCCCC,JW_2024,JW_2024,0
-2.1145475,-1.141824893,CCCCCCCCC(CCCCCC)C(=O)OC(C/C=C\CCCCCCCCOC(=O)CCN(C)CCCCCCN(C)CCC(=O)OCCCCCCCC/C=C\CC(CCCCCC)OC(=O)C(CCCCCC)CCCCCCCC)CCCCC,JW_2024,JW_2024,0
-1.6076494,-1.078860772,CCCCCCCCC(CCCCCC)C(=O)OC(C/C=C\CCCCCCCCOC(=O)CCN(C)CCCCCCN(C)CCC(=O)OCCCCCCCC/C=C\CC(CCCCCC)OC(=O)C(CCCCCC)CCCCCCCC)CCCCC,JW_2024,JW_2024,0
-1.1582989,-0.51218368,CCCCCCCCC(CCCCCC)C(=O)OC(C/C=C\CCCCCCCCOC(=O)CCN(C)CCCCCCN(C)CCC(=O)OCCCCCCCC/C=C\CC(CCCCCC)OC(=O)C(CCCCCC)CCCCCCCC)CCCCC,JW_2024,JW_2024,0
-2.2906468,-1.069865897,CCCCCCCCC(CCCCCC)C(=O)OC(C/C=C\CCCCCCCCOC(=O)CCN(C)CCCCCCN(C)CCC(=O)OCCCCCCCC/C=C\CC(CCCCCC)OC(=O)C(CCCCCC)CCCCCCCC)CCCCC,JW_2024,JW_2024,0
-2.6863244,-0.629117048,CCCCCCCCC(CCCCCC)C(=O)OC(C/C=C\CCCCCCCCOC(=O)CCN(C)CCCCCCN(C)CCC(=O)OCCCCCCCC/C=C\CC(CCCCCC)OC(=O)C(CCCCCC)CCCCCCCC)CCCCC,JW_2024,JW_2024,0
-1.5228341,-2.005332842,CCCCCCCCC(CCCCCC)C(=O)OC(C/C=C\CCCCCCCCOC(=O)CCN(C)CCCCCCN(C)CCC(=O)OCCCCCCCC/C=C\CC(CCCCCC)OC(=O)C(CCCCCC)CCCCCCCC)CCCCC,JW_2024,JW_2024,0
-2.4436488,0.468257637,CCCCCCCCC(CCCCCC)C(=O)OC(C/C=C\CCCCCCCCOC(=O)CCN(C)CCCCCCN(C)CCC(=O)OCCCCCCCC/C=C\CC(CCCCCC)OC(=O)C(CCCCCC)CCCCCCCC)CCCCC,JW_2024,JW_2024,1
-2.1264224,-1.735486608,CCCCCCCCC(CCCCCC)C(=O)OC(C/C=C\CCCCCCCCOC(=O)CCN(C)CCCCCCN(C)CCC(=O)OCCCCCCCC/C=C\CC(CCCCCC)OC(=O)C(CCCCCC)CCCCCCCC)CCCCC,JW_2024,JW_2024,0
-1.7206568,-0.593137551,CCCCCCCCC(CCCCCC)C(=O)OC(C/C=C\CCCCCCCCOC(=O)CCN(C)CCCCCCN(C)CCC(=O)OCCCCCCCC/C=C\CC(CCCCCC)OC(=O)C(CCCCCC)CCCCCCCC)CCCCC,JW_2024,JW_2024,0
-2.143926,-0.584142676,CCCCCCCCC(CCCCCC)C(=O)OC(C/C=C\CCCCCCCCOC(=O)CCN(C)CCCCCCN(C)CCC(=O)OCCCCCCCC/C=C\CC(CCCCCC)OC(=O)C(CCCCCC)CCCCCCCC)CCCCC,JW_2024,JW_2024,0
-1.1485798,-0.080429706,CCCCCCCCC(CCCCCC)C(=O)OC(C/C=C\CCCCCCCCOC(=O)CCN(C)CCCCCCN(C)CCC(=O)OCCCCCCCC/C=C\CC(CCCCCC)OC(=O)C(CCCCCC)CCCCCCCC)CCCCC,JW_2024,JW_2024,0
-1.7251487,-1.429660876,CCCCCCCCC(CCCCCC)C(=O)OC(C/C=C\CCCCCCCCOC(=O)CCN(C)CCCCCCN(C)CCC(=O)OCCCCCCCC/C=C\CC(CCCCCC)OC(=O)C(CCCCCC)CCCCCCCC)CCCCC,JW_2024,JW_2024,0
-2.2112463,-0.584142676,CCCCCCCCC(CCCCCC)C(=O)OC(C/C=C\CCCCCCCCOC(=O)CCN(C)CCCCCCN(C)CCC(=O)OCCCCCCCC/C=C\CC(CCCCCC)OC(=O)C(CCCCCC)CCCCCCCC)CCCCC,JW_2024,JW_2024,0
-1.5216225,-0.08942458,CCCCCCCCC(CCCCCC)C(=O)OC(C/C=C\CCCCCCCCOC(=O)CCN(C)CCCCCCN(C)CCC(=O)OCCCCCCCC/C=C\CC(CCCCCC)OC(=O)C(CCCCCC)CCCCCCCC)CCCCC,JW_2024,JW_2024,0
-2.5507948,-0.305301568,CCCCC/C=C\CCC(=O)OC(C/C=C\CCCCCCCCOC(=O)CCN(C)CCCN(C)CCCN(C)CCC(=O)OCCCCCCCC/C=C\CC(CCCCCC)OC(=O)CC/C=C\CCCCC)CCCCC,JW_2024,JW_2024,0
-2.0131516,0.135447281,CCCCC/C=C\CCC(=O)OC(C/C=C\CCCCCCCCOC(=O)CCN(C)CCCN(C)CCCN(C)CCC(=O)OCCCCCCCC/C=C\CC(CCCCCC)OC(=O)CC/C=C\CCCCC)CCCCC,JW_2024,JW_2024,1
-2.651895,0.873026988,CCCCC/C=C\CCC(=O)OC(C/C=C\CCCCCCCCOC(=O)CCN(C)CCCN(C)CCCN(C)CCC(=O)OCCCCCCCC/C=C\CC(CCCCCC)OC(=O)CC/C=C\CCCCC)CCCCC,JW_2024,JW_2024,1
-2.518648,-0.764040165,CCCCC/C=C\CCC(=O)OC(C/C=C\CCCCCCCCOC(=O)CCN(C)CCCN(C)CCCN(C)CCC(=O)OCCCCCCCC/C=C\CC(CCCCCC)OC(=O)CC/C=C\CCCCC)CCCCC,JW_2024,JW_2024,0
-3.1102962,-0.161383576,CCCCC/C=C\CCC(=O)OC(C/C=C\CCCCCCCCOC(=O)CCN(C)CCCN(C)CCCN(C)CCC(=O)OCCCCCCCC/C=C\CC(CCCCCC)OC(=O)CC/C=C\CCCCC)CCCCC,JW_2024,JW_2024,0
-2.998977,0.018513913,CCCCC/C=C\CCC(=O)OC(C/C=C\CCCCCCCCOC(=O)CCN(C)CCCN(C)CCCN(C)CCC(=O)OCCCCCCCC/C=C\CC(CCCCCC)OC(=O)CC/C=C\CCCCC)CCCCC,JW_2024,JW_2024,0
-3.3117683,1.439704079,CCCCC/C=C\CCC(=O)OC(C/C=C\CCCCCCCCOC(=O)CCN(C)CCCN(C)CCCN(C)CCC(=O)OCCCCCCCC/C=C\CC(CCCCCC)OC(=O)CC/C=C\CCCCC)CCCCC,JW_2024,JW_2024,2
-3.0708551,-0.188368199,CCCCC/C=C\CCC(=O)OC(C/C=C\CCCCCCCCOC(=O)CCN(C)CCCN(C)CCCN(C)CCC(=O)OCCCCCCCC/C=C\CC(CCCCCC)OC(=O)CC/C=C\CCCCC)CCCCC,JW_2024,JW_2024,0
-2.234518,1.745529811,CCCCC/C=C\CCC(=O)OC(C/C=C\CCCCCCCCOC(=O)CCN(C)CCCN(C)CCCN(C)CCC(=O)OCCCCCCCC/C=C\CC(CCCCCC)OC(=O)CC/C=C\CCCCC)CCCCC,JW_2024,JW_2024,2
-2.9445682,-0.215352823,CCCCC/C=C\CCC(=O)OC(C/C=C\CCCCCCCCOC(=O)CCN(C)CCCN(C)CCCN(C)CCC(=O)OCCCCCCCC/C=C\CC(CCCCCC)OC(=O)CC/C=C\CCCCC)CCCCC,JW_2024,JW_2024,0
-2.5882716,1.376739958,CCCCC/C=C\CCC(=O)OC(C/C=C\CCCCCCCCOC(=O)CCN(C)CCCN(C)CCCN(C)CCC(=O)OCCCCCCCC/C=C\CC(CCCCCC)OC(=O)CC/C=C\CCCCC)CCCCC,JW_2024,JW_2024,2
-2.602033,0.216401152,CCCCC/C=C\CCC(=O)OC(C/C=C\CCCCCCCCOC(=O)CCN(C)CCCN(C)CCCN(C)CCC(=O)OCCCCCCCC/C=C\CC(CCCCCC)OC(=O)CC/C=C\CCCCC)CCCCC,JW_2024,JW_2024,1
-3.0834846,0.810062867,CCCCC/C=C\CCC(=O)OC(C/C=C\CCCCCCCCOC(=O)CCN(C)CCCN(C)CCCN(C)CCC(=O)OCCCCCCCC/C=C\CC(CCCCCC)OC(=O)CC/C=C\CCCCC)CCCCC,JW_2024,JW_2024,1
-2.8436973,0.783078243,CCCCC/C=C\CCC(=O)OC(C/C=C\CCCCCCCCOC(=O)CCN(C)CCCN(C)CCCN(C)CCC(=O)OCCCCCCCC/C=C\CC(CCCCCC)OC(=O)CC/C=C\CCCCC)CCCCC,JW_2024,JW_2024,1
-2.7579648,0.603180754,CCCCC/C=C\CCC(=O)OC(C/C=C\CCCCCCCCOC(=O)CCN(C)CCCN(C)CCCN(C)CCC(=O)OCCCCCCCC/C=C\CC(CCCCCC)OC(=O)CC/C=C\CCCCC)CCCCC,JW_2024,JW_2024,1
-2.8643703,0.630165377,CCCCC/C=C\CCC(=O)OC(C/C=C\CCCCCCCCOC(=O)CCN(C)CCCN(C)CCCN(C)CCC(=O)OCCCCCCCC/C=C\CC(CCCCCC)OC(=O)CC/C=C\CCCCC)CCCCC,JW_2024,JW_2024,1
-2.8796842,1.511663075,CCCCC/C=C\CCC(=O)OC(C/C=C\CCCCCCCCOC(=O)CCN(C)CCCN(C)CCCN(C)CCC(=O)OCCCCCCCC/C=C\CC(CCCCCC)OC(=O)CC/C=C\CCCCC)CCCCC,JW_2024,JW_2024,2
-2.7139978,1.268801465,CCCCC/C=C\CCC(=O)OC(C/C=C\CCCCCCCCOC(=O)CCN(C)CCCN(C)CCCN(C)CCC(=O)OCCCCCCCC/C=C\CC(CCCCCC)OC(=O)CC/C=C\CCCCC)CCCCC,JW_2024,JW_2024,1
-3.1189618,1.214832218,CCCCC/C=C\CCC(=O)OC(C/C=C\CCCCCCCCOC(=O)CCN(C)CCCN(C)CCCN(C)CCC(=O)OCCCCCCCC/C=C\CC(CCCCCC)OC(=O)CC/C=C\CCCCC)CCCCC,JW_2024,JW_2024,1
-3.351975,1.898442677,CCCCC/C=C\CCC(=O)OC(C/C=C\CCCCCCCCOC(=O)CCN(C)CCCN(C)CCCN(C)CCC(=O)OCCCCCCCC/C=C\CC(CCCCCC)OC(=O)CC/C=C\CCCCC)CCCCC,JW_2024,JW_2024,2
-3.3209608,0.828052616,CCCCC/C=C\CCC(=O)OC(C/C=C\CCCCCCCCOC(=O)CCN(C)CCCN(C)CCCN(C)CCC(=O)OCCCCCCCC/C=C\CC(CCCCCC)OC(=O)CC/C=C\CCCCC)CCCCC,JW_2024,JW_2024,1
-2.5839412,1.60161182,CCCCC/C=C\CCC(=O)OC(C/C=C\CCCCCCCCOC(=O)CCN(C)CCCN(C)CCCN(C)CCC(=O)OCCCCCCCC/C=C\CC(CCCCCC)OC(=O)CC/C=C\CCCCC)CCCCC,JW_2024,JW_2024,2
-2.6577876,0.657150001,CCCCC/C=C\CCC(=O)OC(C/C=C\CCCCCCCCOC(=O)CCN(C)CCCN(C)CCCN(C)CCC(=O)OCCCCCCCC/C=C\CC(CCCCCC)OC(=O)CC/C=C\CCCCC)CCCCC,JW_2024,JW_2024,1
-3.7197165,0.693129499,CCCCC/C=C\CCC(=O)OC(C/C=C\CCCCCCCCOC(=O)CCN(C)CCCN(C)CCCN(C)CCC(=O)OCCCCCCCC/C=C\CC(CCCCCC)OC(=O)CC/C=C\CCCCC)CCCCC,JW_2024,JW_2024,1
-2.8508768,-0.332286191,CCCCC/C=C\CCC(=O)OC(C/C=C\CCCCCCCCOC(=O)CCN(CCCN1CCN(C)CC1)CCC(=O)OCCCCCCCC/C=C\CC(CCCCCC)OC(=O)CC/C=C\CCCCC)CCCCCC,JW_2024,JW_2024,0
-2.6442344,0.099467784,CCCCC/C=C\CCC(=O)OC(C/C=C\CCCCCCCCOC(=O)CCN(CCCN1CCN(C)CC1)CCC(=O)OCCCCCCCC/C=C\CC(CCCCCC)OC(=O)CC/C=C\CCCCC)CCCCCC,JW_2024,JW_2024,1
-3.5182242,0.216401152,CCCCC/C=C\CCC(=O)OC(C/C=C\CCCCCCCCOC(=O)CCN(CCCN1CCN(C)CC1)CCC(=O)OCCCCCCCC/C=C\CC(CCCCCC)OC(=O)CC/C=C\CCCCC)CCCCCC,JW_2024,JW_2024,1
-2.8144705,0.558206382,CCCCC/C=C\CCC(=O)OC(C/C=C\CCCCCCCCOC(=O)CCN(CCCN1CCN(C)CC1)CCC(=O)OCCCCCCCC/C=C\CC(CCCCCC)OC(=O)CC/C=C\CCCCC)CCCCCC,JW_2024,JW_2024,1
-3.1153383,-0.08942458,CCCCC/C=C\CCC(=O)OC(C/C=C\CCCCCCCCOC(=O)CCN(CCCN1CCN(C)CC1)CCC(=O)OCCCCCCCC/C=C\CC(CCCCCC)OC(=O)CC/C=C\CCCCC)CCCCCC,JW_2024,JW_2024,0
-3.6365137,-0.656101672,CCCCC/C=C\CCC(=O)OC(C/C=C\CCCCCCCCOC(=O)CCN(CCCN1CCN(C)CC1)CCC(=O)OCCCCCCCC/C=C\CC(CCCCCC)OC(=O)CC/C=C\CCCCC)CCCCCC,JW_2024,JW_2024,0
-3.7297597,0.279365273,CCCCC/C=C\CCC(=O)OC(C/C=C\CCCCCCCCOC(=O)CCN(CCCN1CCN(C)CC1)CCC(=O)OCCCCCCCC/C=C\CC(CCCCCC)OC(=O)CC/C=C\CCCCC)CCCCCC,JW_2024,JW_2024,1
-3.3046281,-0.988912027,CCCCC/C=C\CCC(=O)OC(C/C=C\CCCCCCCCOC(=O)CCN(CCCN1CCN(C)CC1)CCC(=O)OCCCCCCCC/C=C\CC(CCCCCC)OC(=O)CC/C=C\CCCCC)CCCCCC,JW_2024,JW_2024,0
-2.8059304,1.565632322,CCCCC/C=C\CCC(=O)OC(C/C=C\CCCCCCCCOC(=O)CCN(CCCN1CCN(C)CC1)CCC(=O)OCCCCCCCC/C=C\CC(CCCCCC)OC(=O)CC/C=C\CCCCC)CCCCCC,JW_2024,JW_2024,2
-3.1459844,-0.907958157,CCCCC/C=C\CCC(=O)OC(C/C=C\CCCCCCCCOC(=O)CCN(CCCN1CCN(C)CC1)CCC(=O)OCCCCCCCC/C=C\CC(CCCCCC)OC(=O)CC/C=C\CCCCC)CCCCCC,JW_2024,JW_2024,0
-3.457464,1.322770711,CCCCC/C=C\CCC(=O)OC(C/C=C\CCCCCCCCOC(=O)CCN(CCCN1CCN(C)CC1)CCC(=O)OCCCCCCCC/C=C\CC(CCCCCC)OC(=O)CC/C=C\CCCCC)CCCCCC,JW_2024,JW_2024,2
-3.0784473,0.189416528,CCCCC/C=C\CCC(=O)OC(C/C=C\CCCCCCCCOC(=O)CCN(CCCN1CCN(C)CC1)CCC(=O)OCCCCCCCC/C=C\CC(CCCCCC)OC(=O)CC/C=C\CCCCC)CCCCCC,JW_2024,JW_2024,1
-3.2586534,-0.584142676,CCCCC/C=C\CCC(=O)OC(C/C=C\CCCCCCCCOC(=O)CCN(CCCN1CCN(C)CC1)CCC(=O)OCCCCCCCC/C=C\CC(CCCCCC)OC(=O)CC/C=C\CCCCC)CCCCCC,JW_2024,JW_2024,0
-3.540333,-0.377260563,CCCCC/C=C\CCC(=O)OC(C/C=C\CCCCCCCCOC(=O)CCN(CCCN1CCN(C)CC1)CCC(=O)OCCCCCCCC/C=C\CC(CCCCCC)OC(=O)CC/C=C\CCCCC)CCCCCC,JW_2024,JW_2024,0
-2.938471,0.000524164,CCCCC/C=C\CCC(=O)OC(C/C=C\CCCCCCCCOC(=O)CCN(CCCN1CCN(C)CC1)CCC(=O)OCCCCCCCC/C=C\CC(CCCCCC)OC(=O)CC/C=C\CCCCC)CCCCCC,JW_2024,JW_2024,0
-2.9117258,0.054493411,CCCCC/C=C\CCC(=O)OC(C/C=C\CCCCCCCCOC(=O)CCN(CCCN1CCN(C)CC1)CCC(=O)OCCCCCCCC/C=C\CC(CCCCCC)OC(=O)CC/C=C\CCCCC)CCCCCC,JW_2024,JW_2024,1
-3.137251,-0.134398953,CCCCC/C=C\CCC(=O)OC(C/C=C\CCCCCCCCOC(=O)CCN(CCCN1CCN(C)CC1)CCC(=O)OCCCCCCCC/C=C\CC(CCCCCC)OC(=O)CC/C=C\CCCCC)CCCCCC,JW_2024,JW_2024,0
-2.8659573,0.234390901,CCCCC/C=C\CCC(=O)OC(C/C=C\CCCCCCCCOC(=O)CCN(CCCN1CCN(C)CC1)CCC(=O)OCCCCCCCC/C=C\CC(CCCCCC)OC(=O)CC/C=C\CCCCC)CCCCCC,JW_2024,JW_2024,1
-3.9381027,1.17885272,CCCCC/C=C\CCC(=O)OC(C/C=C\CCCCCCCCOC(=O)CCN(CCCN1CCN(C)CC1)CCC(=O)OCCCCCCCC/C=C\CC(CCCCCC)OC(=O)CC/C=C\CCCCC)CCCCCC,JW_2024,JW_2024,1
-3.6556842,1.547642573,CCCCC/C=C\CCC(=O)OC(C/C=C\CCCCCCCCOC(=O)CCN(CCCN1CCN(C)CC1)CCC(=O)OCCCCCCCC/C=C\CC(CCCCCC)OC(=O)CC/C=C\CCCCC)CCCCCC,JW_2024,JW_2024,2
-3.8803654,1.007950105,CCCCC/C=C\CCC(=O)OC(C/C=C\CCCCCCCCOC(=O)CCN(CCCN1CCN(C)CC1)CCC(=O)OCCCCCCCC/C=C\CC(CCCCCC)OC(=O)CC/C=C\CCCCC)CCCCCC,JW_2024,JW_2024,1
-2.7678385,0.828052616,CCCCC/C=C\CCC(=O)OC(C/C=C\CCCCCCCCOC(=O)CCN(CCCN1CCN(C)CC1)CCC(=O)OCCCCCCCC/C=C\CC(CCCCCC)OC(=O)CC/C=C\CCCCC)CCCCCC,JW_2024,JW_2024,1
-2.991395,0.063488286,CCCCC/C=C\CCC(=O)OC(C/C=C\CCCCCCCCOC(=O)CCN(CCCN1CCN(C)CC1)CCC(=O)OCCCCCCCC/C=C\CC(CCCCCC)OC(=O)CC/C=C\CCCCC)CCCCCC,JW_2024,JW_2024,1
-4.1340632,0.774083369,CCCCC/C=C\CCC(=O)OC(C/C=C\CCCCCCCCOC(=O)CCN(CCCN1CCN(C)CC1)CCC(=O)OCCCCCCCC/C=C\CC(CCCCCC)OC(=O)CC/C=C\CCCCC)CCCCCC,JW_2024,JW_2024,1
-2.4053302,-0.782029914,CCCCC/C=C\CCC(=O)OC(C/C=C\CCCCCCCCOC(=O)CCN(C)CCCCCCN(C)CCC(=O)OCCCCCCCC/C=C\CC(CCCCCC)OC(=O)CC/C=C\CCCCC)CCCCCC,JW_2024,JW_2024,0
-1.5688297,-0.566152927,CCCCC/C=C\CCC(=O)OC(C/C=C\CCCCCCCCOC(=O)CCN(C)CCCCCCN(C)CCC(=O)OCCCCCCCC/C=C\CC(CCCCCC)OC(=O)CC/C=C\CCCCC)CCCCCC,JW_2024,JW_2024,0
-2.337065,-0.530173429,CCCCC/C=C\CCC(=O)OC(C/C=C\CCCCCCCCOC(=O)CCN(C)CCCCCCN(C)CCC(=O)OCCCCCCCC/C=C\CC(CCCCCC)OC(=O)CC/C=C\CCCCC)CCCCCC,JW_2024,JW_2024,0
-2.2237866,-1.402676253,CCCCC/C=C\CCC(=O)OC(C/C=C\CCCCCCCCOC(=O)CCN(C)CCCCCCN(C)CCC(=O)OCCCCCCCC/C=C\CC(CCCCCC)OC(=O)CC/C=C\CCCCC)CCCCCC,JW_2024,JW_2024,0
-3.005005,-0.35027594,CCCCC/C=C\CCC(=O)OC(C/C=C\CCCCCCCCOC(=O)CCN(C)CCCCCCN(C)CCC(=O)OCCCCCCCC/C=C\CC(CCCCCC)OC(=O)CC/C=C\CCCCC)CCCCCC,JW_2024,JW_2024,0
-2.6435177,-1.006901776,CCCCC/C=C\CCC(=O)OC(C/C=C\CCCCCCCCOC(=O)CCN(C)CCCCCCN(C)CCC(=O)OCCCCCCCC/C=C\CC(CCCCCC)OC(=O)CC/C=C\CCCCC)CCCCCC,JW_2024,JW_2024,0
-3.0963597,0.360319143,CCCCC/C=C\CCC(=O)OC(C/C=C\CCCCCCCCOC(=O)CCN(C)CCCCCCN(C)CCC(=O)OCCCCCCCC/C=C\CC(CCCCCC)OC(=O)CC/C=C\CCCCC)CCCCCC,JW_2024,JW_2024,1
-2.5212622,-1.060871023,CCCCC/C=C\CCC(=O)OC(C/C=C\CCCCCCCCOC(=O)CCN(C)CCCCCCN(C)CCC(=O)OCCCCCCCC/C=C\CC(CCCCCC)OC(=O)CC/C=C\CCCCC)CCCCCC,JW_2024,JW_2024,0
-2.0618293,0.585191005,CCCCC/C=C\CCC(=O)OC(C/C=C\CCCCCCCCOC(=O)CCN(C)CCCCCCN(C)CCC(=O)OCCCCCCCC/C=C\CC(CCCCCC)OC(=O)CC/C=C\CCCCC)CCCCCC,JW_2024,JW_2024,1
-2.668062,0.000524164,CCCCC/C=C\CCC(=O)OC(C/C=C\CCCCCCCCOC(=O)CCN(C)CCCCCCN(C)CCC(=O)OCCCCCCCC/C=C\CC(CCCCCC)OC(=O)CC/C=C\CCCCC)CCCCCC,JW_2024,JW_2024,0
-2.7191155,0.702124373,CCCCC/C=C\CCC(=O)OC(C/C=C\CCCCCCCCOC(=O)CCN(C)CCCCCCN(C)CCC(=O)OCCCCCCCC/C=C\CC(CCCCCC)OC(=O)CC/C=C\CCCCC)CCCCCC,JW_2024,JW_2024,1
-2.2514043,-0.575147802,CCCCC/C=C\CCC(=O)OC(C/C=C\CCCCCCCCOC(=O)CCN(C)CCCCCCN(C)CCC(=O)OCCCCCCCC/C=C\CC(CCCCCC)OC(=O)CC/C=C\CCCCC)CCCCCC,JW_2024,JW_2024,0
-2.8273866,-0.251332321,CCCCC/C=C\CCC(=O)OC(C/C=C\CCCCCCCCOC(=O)CCN(C)CCCCCCN(C)CCC(=O)OCCCCCCCC/C=C\CC(CCCCCC)OC(=O)CC/C=C\CCCCC)CCCCCC,JW_2024,JW_2024,0
-3.2086966,-0.098419455,CCCCC/C=C\CCC(=O)OC(C/C=C\CCCCCCCCOC(=O)CCN(C)CCCCCCN(C)CCC(=O)OCCCCCCCC/C=C\CC(CCCCCC)OC(=O)CC/C=C\CCCCC)CCCCCC,JW_2024,JW_2024,0
-2.7961724,-0.332286191,CCCCC/C=C\CCC(=O)OC(C/C=C\CCCCCCCCOC(=O)CCN(C)CCCCCCN(C)CCC(=O)OCCCCCCCC/C=C\CC(CCCCCC)OC(=O)CC/C=C\CCCCC)CCCCCC,JW_2024,JW_2024,0
-2.3413134,-0.43122981,CCCCC/C=C\CCC(=O)OC(C/C=C\CCCCCCCCOC(=O)CCN(C)CCCCCCN(C)CCC(=O)OCCCCCCCC/C=C\CC(CCCCCC)OC(=O)CC/C=C\CCCCC)CCCCCC,JW_2024,JW_2024,0
-2.867582,0.594185879,CCCCC/C=C\CCC(=O)OC(C/C=C\CCCCCCCCOC(=O)CCN(C)CCCCCCN(C)CCC(=O)OCCCCCCCC/C=C\CC(CCCCCC)OC(=O)CC/C=C\CCCCC)CCCCCC,JW_2024,JW_2024,1
-3.0857737,1.142873222,CCCCC/C=C\CCC(=O)OC(C/C=C\CCCCCCCCOC(=O)CCN(C)CCCCCCN(C)CCC(=O)OCCCCCCCC/C=C\CC(CCCCCC)OC(=O)CC/C=C\CCCCC)CCCCCC,JW_2024,JW_2024,1
-3.0579548,-0.43122981,CCCCC/C=C\CCC(=O)OC(C/C=C\CCCCCCCCOC(=O)CCN(C)CCCCCCN(C)CCC(=O)OCCCCCCCC/C=C\CC(CCCCCC)OC(=O)CC/C=C\CCCCC)CCCCCC,JW_2024,JW_2024,0
-2.062425,0.612175628,CCCCC/C=C\CCC(=O)OC(C/C=C\CCCCCCCCOC(=O)CCN(C)CCCCCCN(C)CCC(=O)OCCCCCCCC/C=C\CC(CCCCCC)OC(=O)CC/C=C\CCCCC)CCCCCC,JW_2024,JW_2024,1
-2.7744606,-0.368265689,CCCCC/C=C\CCC(=O)OC(C/C=C\CCCCCCCCOC(=O)CCN(C)CCCCCCN(C)CCC(=O)OCCCCCCCC/C=C\CC(CCCCCC)OC(=O)CC/C=C\CCCCC)CCCCCC,JW_2024,JW_2024,0
-3.4858148,0.07248316,CCCCC/C=C\CCC(=O)OC(C/C=C\CCCCCCCCOC(=O)CCN(C)CCCCCCN(C)CCC(=O)OCCCCCCCC/C=C\CC(CCCCCC)OC(=O)CC/C=C\CCCCC)CCCCCC,JW_2024,JW_2024,1
-2.0369487,0.801067992,CCCCC/C=C\CCC(=O)OC(C/C=C\CCCCCCCCOC(=O)CCN(CCCN(CC)CC)CCC(=O)OCCCCCCCC/C=C\CC(CCCCCC)OC(=O)CC/C=C\CCCCC)CCCCCC,JW_2024,JW_2024,1
-2.4951556,-0.988912027,CCCCC/C=C\CCC(=O)OC(C/C=C\CCCCCCCCOC(=O)CCN(CCCN(CC)CC)CCC(=O)OCCCCCCCC/C=C\CC(CCCCCC)OC(=O)CC/C=C\CCCCC)CCCCCC,JW_2024,JW_2024,0
-1.8717798,0.612175628,CCCCC/C=C\CCC(=O)OC(C/C=C\CCCCCCCCOC(=O)CCN(CCCN(CC)CC)CCC(=O)OCCCCCCCC/C=C\CC(CCCCCC)OC(=O)CC/C=C\CCCCC)CCCCCC,JW_2024,JW_2024,1
-2.5813618,0.018513913,CCCCC/C=C\CCC(=O)OC(C/C=C\CCCCCCCCOC(=O)CCN(CCCN(CC)CC)CCC(=O)OCCCCCCCC/C=C\CC(CCCCCC)OC(=O)CC/C=C\CCCCC)CCCCCC,JW_2024,JW_2024,0
-2.3580062,1.529652824,CCCCC/C=C\CCC(=O)OC(C/C=C\CCCCCCCCOC(=O)CCN(CCCN(CC)CC)CCC(=O)OCCCCCCCC/C=C\CC(CCCCCC)OC(=O)CC/C=C\CCCCC)CCCCCC,JW_2024,JW_2024,2
-2.2467191,-0.224347697,CCCCC/C=C\CCC(=O)OC(C/C=C\CCCCCCCCOC(=O)CCN(CCCN(CC)CC)CCC(=O)OCCCCCCCC/C=C\CC(CCCCCC)OC(=O)CC/C=C\CCCCC)CCCCCC,JW_2024,JW_2024,0
-2.6438198,0.225396026,CCCCC/C=C\CCC(=O)OC(C/C=C\CCCCCCCCOC(=O)CCN(CCCN(CC)CC)CCC(=O)OCCCCCCCC/C=C\CC(CCCCCC)OC(=O)CC/C=C\CCCCC)CCCCCC,JW_2024,JW_2024,1
-2.5853186,0.279365273,CCCCC/C=C\CCC(=O)OC(C/C=C\CCCCCCCCOC(=O)CCN(CCCN(CC)CC)CCC(=O)OCCCCCCCC/C=C\CC(CCCCCC)OC(=O)CC/C=C\CCCCC)CCCCCC,JW_2024,JW_2024,1
-1.7611331,1.09789885,CCCCC/C=C\CCC(=O)OC(C/C=C\CCCCCCCCOC(=O)CCN(CCCN(CC)CC)CCC(=O)OCCCCCCCC/C=C\CC(CCCCCC)OC(=O)CC/C=C\CCCCC)CCCCCC,JW_2024,JW_2024,1
-1.8427376,-0.467209308,CCCCC/C=C\CCC(=O)OC(C/C=C\CCCCCCCCOC(=O)CCN(CCCN(CC)CC)CCC(=O)OCCCCCCCC/C=C\CC(CCCCCC)OC(=O)CC/C=C\CCCCC)CCCCCC,JW_2024,JW_2024,0
-2.6371663,0.15343703,CCCCC/C=C\CCC(=O)OC(C/C=C\CCCCCCCCOC(=O)CCN(CCCN(CC)CC)CCC(=O)OCCCCCCCC/C=C\CC(CCCCCC)OC(=O)CC/C=C\CCCCC)CCCCCC,JW_2024,JW_2024,1
-1.8890346,0.666144875,CCCCC/C=C\CCC(=O)OC(C/C=C\CCCCCCCCOC(=O)CCN(CCCN(CC)CC)CCC(=O)OCCCCCCCC/C=C\CC(CCCCCC)OC(=O)CC/C=C\CCCCC)CCCCCC,JW_2024,JW_2024,1
-2.589769,0.729108996,CCCCC/C=C\CCC(=O)OC(C/C=C\CCCCCCCCOC(=O)CCN(CCCN(CC)CC)CCC(=O)OCCCCCCCC/C=C\CC(CCCCCC)OC(=O)CC/C=C\CCCCC)CCCCCC,JW_2024,JW_2024,1
-2.1406567,1.934422175,CCCCC/C=C\CCC(=O)OC(C/C=C\CCCCCCCCOC(=O)CCN(CCCN(CC)CC)CCC(=O)OCCCCCCCC/C=C\CC(CCCCCC)OC(=O)CC/C=C\CCCCC)CCCCCC,JW_2024,JW_2024,2
-2.0833485,-0.080429706,CCCCC/C=C\CCC(=O)OC(C/C=C\CCCCCCCCOC(=O)CCN(CCCN(CC)CC)CCC(=O)OCCCCCCCC/C=C\CC(CCCCCC)OC(=O)CC/C=C\CCCCC)CCCCCC,JW_2024,JW_2024,0
-1.7764798,1.214832218,CCCCC/C=C\CCC(=O)OC(C/C=C\CCCCCCCCOC(=O)CCN(CCCN(CC)CC)CCC(=O)OCCCCCCCC/C=C\CC(CCCCCC)OC(=O)CC/C=C\CCCCC)CCCCCC,JW_2024,JW_2024,1
-2.1660652,0.585191005,CCCCC/C=C\CCC(=O)OC(C/C=C\CCCCCCCCOC(=O)CCN(CCCN(CC)CC)CCC(=O)OCCCCCCCC/C=C\CC(CCCCCC)OC(=O)CC/C=C\CCCCC)CCCCCC,JW_2024,JW_2024,1
-2.644787,1.151868096,CCCCC/C=C\CCC(=O)OC(C/C=C\CCCCCCCCOC(=O)CCN(CCCN(CC)CC)CCC(=O)OCCCCCCCC/C=C\CC(CCCCCC)OC(=O)CC/C=C\CCCCC)CCCCCC,JW_2024,JW_2024,1
-3.1960278,0.594185879,CCCCC/C=C\CCC(=O)OC(C/C=C\CCCCCCCCOC(=O)CCN(CCCN(C)C)CCC(=O)OCCCCCCCC/C=C\CC(CCCCCC)OC(=O)CC/C=C\CCCCC)CCCCCC,JW_2024,JW_2024,1
-3.8406901,-2.248194453,CCCCC/C=C\CCC(=O)OC(C/C=C\CCCCCCCCOC(=O)CCN(CCCN(C)C)CCC(=O)OCCCCCCCC/C=C\CC(CCCCCC)OC(=O)CC/C=C\CCCCC)CCCCCC,JW_2024,JW_2024,0
-2.8762865,1.403724582,CCCCC/C=C\CCC(=O)OC(C/C=C\CCCCCCCCOC(=O)CCN(CCCN(C)C)CCC(=O)OCCCCCCCC/C=C\CC(CCCCCC)OC(=O)CC/C=C\CCCCC)CCCCCC,JW_2024,JW_2024,2
-4.095511,-0.044450208,CCCCC/C=C\CCC(=O)OC(C/C=C\CCCCCCCCOC(=O)CCN(CCCN(C)C)CCC(=O)OCCCCCCCC/C=C\CC(CCCCCC)OC(=O)CC/C=C\CCCCC)CCCCCC,JW_2024,JW_2024,0
-3.256729,1.511663075,CCCCC/C=C\CCC(=O)OC(C/C=C\CCCCCCCCOC(=O)CCN(CCCN(C)C)CCC(=O)OCCCCCCCC/C=C\CC(CCCCCC)OC(=O)CC/C=C\CCCCC)CCCCCC,JW_2024,JW_2024,2
-3.453016,0.180421654,CCCCC/C=C\CCC(=O)OC(C/C=C\CCCCCCCCOC(=O)CCN(CCCN(C)C)CCC(=O)OCCCCCCCC/C=C\CC(CCCCCC)OC(=O)CC/C=C\CCCCC)CCCCCC,JW_2024,JW_2024,1
-4.1651845,-0.755045291,CCCCC/C=C\CCC(=O)OC(C/C=C\CCCCCCCCOC(=O)CCN(CCCN(C)C)CCC(=O)OCCCCCCCC/C=C\CC(CCCCCC)OC(=O)CC/C=C\CCCCC)CCCCCC,JW_2024,JW_2024,0
-3.5785484,0.57619613,CCCCC/C=C\CCC(=O)OC(C/C=C\CCCCCCCCOC(=O)CCN(CCCN(C)C)CCC(=O)OCCCCCCCC/C=C\CC(CCCCCC)OC(=O)CC/C=C\CCCCC)CCCCCC,JW_2024,JW_2024,1
-3.0525606,0.729108996,CCCCC/C=C\CCC(=O)OC(C/C=C\CCCCCCCCOC(=O)CCN(CCCN(C)C)CCC(=O)OCCCCCCCC/C=C\CC(CCCCCC)OC(=O)CC/C=C\CCCCC)CCCCCC,JW_2024,JW_2024,1
-3.2236578,-0.125404078,CCCCC/C=C\CCC(=O)OC(C/C=C\CCCCCCCCOC(=O)CCN(CCCN(C)C)CCC(=O)OCCCCCCCC/C=C\CC(CCCCCC)OC(=O)CC/C=C\CCCCC)CCCCCC,JW_2024,JW_2024,0
-4.115112,0.684134624,CCCCC/C=C\CCC(=O)OC(C/C=C\CCCCCCCCOC(=O)CCN(CCCN(C)C)CCC(=O)OCCCCCCCC/C=C\CC(CCCCCC)OC(=O)CC/C=C\CCCCC)CCCCCC,JW_2024,JW_2024,1
-3.513383,0.83704749,CCCCC/C=C\CCC(=O)OC(C/C=C\CCCCCCCCOC(=O)CCN(CCCN(C)C)CCC(=O)OCCCCCCCC/C=C\CC(CCCCCC)OC(=O)CC/C=C\CCCCC)CCCCCC,JW_2024,JW_2024,1
-3.512896,1.457693828,CCCCC/C=C\CCC(=O)OC(C/C=C\CCCCCCCCOC(=O)CCN(CCCN(C)C)CCC(=O)OCCCCCCCC/C=C\CC(CCCCCC)OC(=O)CC/C=C\CCCCC)CCCCCC,JW_2024,JW_2024,2
-3.1248887,1.952411924,CCCCC/C=C\CCC(=O)OC(C/C=C\CCCCCCCCOC(=O)CCN(CCCN(C)C)CCC(=O)OCCCCCCCC/C=C\CC(CCCCCC)OC(=O)CC/C=C\CCCCC)CCCCCC,JW_2024,JW_2024,3
-3.1207135,-0.179373325,CCCCC/C=C\CCC(=O)OC(C/C=C\CCCCCCCCOC(=O)CCN(CCCN(C)C)CCC(=O)OCCCCCCCC/C=C\CC(CCCCCC)OC(=O)CC/C=C\CCCCC)CCCCCC,JW_2024,JW_2024,0
-2.8715181,1.565632322,CCCCC/C=C\CCC(=O)OC(C/C=C\CCCCCCCCOC(=O)CCN(CCCN(C)C)CCC(=O)OCCCCCCCC/C=C\CC(CCCCCC)OC(=O)CC/C=C\CCCCC)CCCCCC,JW_2024,JW_2024,2
-3.4202554,1.376739958,CCCCC/C=C\CCC(=O)OC(C/C=C\CCCCCCCCOC(=O)CCN(CCCN(C)C)CCC(=O)OCCCCCCCC/C=C\CC(CCCCCC)OC(=O)CC/C=C\CCCCC)CCCCCC,JW_2024,JW_2024,2
-3.6696544,1.556637448,CCCCC/C=C\CCC(=O)OC(C/C=C\CCCCCCCCOC(=O)CCN(CCCN(C)C)CCC(=O)OCCCCCCCC/C=C\CC(CCCCCC)OC(=O)CC/C=C\CCCCC)CCCCCC,JW_2024,JW_2024,2
-2.96462,0.558206382,CCCCC/C=C\CCC(=O)OC(C/C=C\CCCCCCCCOC(=O)CCN(CCC(=O)OCCCCCCCC/C=C\CC(CCCCCC)OC(=O)CC/C=C\CCCCC)CCN(C)C)CCCCCC,JW_2024,JW_2024,1
-3.054121,-1.096850521,CCCCC/C=C\CCC(=O)OC(C/C=C\CCCCCCCCOC(=O)CCN(CCC(=O)OCCCCCCCC/C=C\CC(CCCCCC)OC(=O)CC/C=C\CCCCC)CCN(C)C)CCCCCC,JW_2024,JW_2024,0
-2.499845,1.286791213,CCCCC/C=C\CCC(=O)OC(C/C=C\CCCCCCCCOC(=O)CCN(CCC(=O)OCCCCCCCC/C=C\CC(CCCCCC)OC(=O)CC/C=C\CCCCC)CCN(C)C)CCCCCC,JW_2024,JW_2024,1
-3.0758626,-0.485199057,CCCCC/C=C\CCC(=O)OC(C/C=C\CCCCCCCCOC(=O)CCN(CCC(=O)OCCCCCCCC/C=C\CC(CCCCCC)OC(=O)CC/C=C\CCCCC)CCN(C)C)CCCCCC,JW_2024,JW_2024,0
-3.149507,1.376739958,CCCCC/C=C\CCC(=O)OC(C/C=C\CCCCCCCCOC(=O)CCN(CCC(=O)OCCCCCCCC/C=C\CC(CCCCCC)OC(=O)CC/C=C\CCCCC)CCN(C)C)CCCCCC,JW_2024,JW_2024,2
-3.0444238,-0.017465585,CCCCC/C=C\CCC(=O)OC(C/C=C\CCCCCCCCOC(=O)CCN(CCC(=O)OCCCCCCCC/C=C\CC(CCCCCC)OC(=O)CC/C=C\CCCCC)CCN(C)C)CCCCCC,JW_2024,JW_2024,0
-3.0940468,-0.6111273,CCCCC/C=C\CCC(=O)OC(C/C=C\CCCCCCCCOC(=O)CCN(CCC(=O)OCCCCCCCC/C=C\CC(CCCCCC)OC(=O)CC/C=C\CCCCC)CCN(C)C)CCCCCC,JW_2024,JW_2024,0
-3.201798,0.198411403,CCCCC/C=C\CCC(=O)OC(C/C=C\CCCCCCCCOC(=O)CCN(CCC(=O)OCCCCCCCC/C=C\CC(CCCCCC)OC(=O)CC/C=C\CCCCC)CCN(C)C)CCCCCC,JW_2024,JW_2024,1
-3.0795944,-0.332286191,CCCCC/C=C\CCC(=O)OC(C/C=C\CCCCCCCCOC(=O)CCN(CCC(=O)OCCCCCCCC/C=C\CC(CCCCCC)OC(=O)CC/C=C\CCCCC)CCN(C)C)CCCCCC,JW_2024,JW_2024,0
-2.7070153,0.891016737,CCCCC/C=C\CCC(=O)OC(C/C=C\CCCCCCCCOC(=O)CCN(CCC(=O)OCCCCCCCC/C=C\CC(CCCCCC)OC(=O)CC/C=C\CCCCC)CCN(C)C)CCCCCC,JW_2024,JW_2024,1
-3.4327304,0.702124373,CCCCC/C=C\CCC(=O)OC(C/C=C\CCCCCCCCOC(=O)CCN(CCC(=O)OCCCCCCCC/C=C\CC(CCCCCC)OC(=O)CC/C=C\CCCCC)CCN(C)C)CCCCCC,JW_2024,JW_2024,1
-2.6642182,1.547642573,CCCCC/C=C\CCC(=O)OC(C/C=C\CCCCCCCCOC(=O)CCN(CCC(=O)OCCCCCCCC/C=C\CC(CCCCCC)OC(=O)CC/C=C\CCCCC)CCN(C)C)CCCCCC,JW_2024,JW_2024,2
-2.8824592,-0.413240061,CCCCC/C=C\CCC(=O)OC(C/C=C\CCCCCCCCOC(=O)CCN(CCC(=O)OCCCCCCCC/C=C\CC(CCCCCC)OC(=O)CC/C=C\CCCCC)CCN(C)C)CCCCCC,JW_2024,JW_2024,0
-2.2144048,0.909006486,CCCCC/C=C\CCC(=O)OC(C/C=C\CCCCCCCCOC(=O)CCN(CCC(=O)OCCCCCCCC/C=C\CC(CCCCCC)OC(=O)CC/C=C\CCCCC)CCN(C)C)CCCCCC,JW_2024,JW_2024,1
-2.4355004,-0.053445082,CCCCC/C=C\CCC(=O)OC(C/C=C\CCCCCCCCOC(=O)CCN(CCC(=O)OCCCCCCCC/C=C\CC(CCCCCC)OC(=O)CC/C=C\CCCCC)CCN(C)C)CCCCCC,JW_2024,JW_2024,0
-3.088507,0.603180754,CCCCC/C=C\CCC(=O)OC(C/C=C\CCCCCCCCOC(=O)CCN(CCC(=O)OCCCCCCCC/C=C\CC(CCCCCC)OC(=O)CC/C=C\CCCCC)CCN(C)C)CCCCCC,JW_2024,JW_2024,1
-3.7917893,0.67513975,CCCCC/C=C\CCC(=O)OC(C/C=C\CCCCCCCCOC(=O)CCN(CCCCN(C)C)CCC(=O)OCCCCCCCC/C=C\CC(CCCCCC)OC(=O)CC/C=C\CCCCC)CCCCCC,JW_2024,JW_2024,1
-4.1949697,-0.260327195,CCCCC/C=C\CCC(=O)OC(C/C=C\CCCCCCCCOC(=O)CCN(CCCCN(C)C)CCC(=O)OCCCCCCCC/C=C\CC(CCCCCC)OC(=O)CC/C=C\CCCCC)CCCCCC,JW_2024,JW_2024,0
-3.2823482,0.953980858,CCCCC/C=C\CCC(=O)OC(C/C=C\CCCCCCCCOC(=O)CCN(CCCCN(C)C)CCC(=O)OCCCCCCCC/C=C\CC(CCCCCC)OC(=O)CC/C=C\CCCCC)CCCCCC,JW_2024,JW_2024,1
-4.3428617,0.027508788,CCCCC/C=C\CCC(=O)OC(C/C=C\CCCCCCCCOC(=O)CCN(CCCCN(C)C)CCC(=O)OCCCCCCCC/C=C\CC(CCCCCC)OC(=O)CC/C=C\CCCCC)CCCCCC,JW_2024,JW_2024,0
-3.6910658,1.448698954,CCCCC/C=C\CCC(=O)OC(C/C=C\CCCCCCCCOC(=O)CCN(CCCCN(C)C)CCC(=O)OCCCCCCCC/C=C\CC(CCCCCC)OC(=O)CC/C=C\CCCCC)CCCCCC,JW_2024,JW_2024,2
-3.7424114,0.369314018,CCCCC/C=C\CCC(=O)OC(C/C=C\CCCCCCCCOC(=O)CCN(CCCCN(C)C)CCC(=O)OCCCCCCCC/C=C\CC(CCCCCC)OC(=O)CC/C=C\CCCCC)CCCCCC,JW_2024,JW_2024,1
-4.4716716,-0.827004287,CCCCC/C=C\CCC(=O)OC(C/C=C\CCCCCCCCOC(=O)CCN(CCCCN(C)C)CCC(=O)OCCCCCCCC/C=C\CC(CCCCCC)OC(=O)CC/C=C\CCCCC)CCCCCC,JW_2024,JW_2024,0
-4.020166,0.306349896,CCCCC/C=C\CCC(=O)OC(C/C=C\CCCCCCCCOC(=O)CCN(CCCCN(C)C)CCC(=O)OCCCCCCCC/C=C\CC(CCCCCC)OC(=O)CC/C=C\CCCCC)CCCCCC,JW_2024,JW_2024,1
-3.6349375,0.081478035,CCCCC/C=C\CCC(=O)OC(C/C=C\CCCCCCCCOC(=O)CCN(CCCCN(C)C)CCC(=O)OCCCCCCCC/C=C\CC(CCCCCC)OC(=O)CC/C=C\CCCCC)CCCCCC,JW_2024,JW_2024,1
-3.7371597,-0.413240061,CCCCC/C=C\CCC(=O)OC(C/C=C\CCCCCCCCOC(=O)CCN(CCCCN(C)C)CCC(=O)OCCCCCCCC/C=C\CC(CCCCCC)OC(=O)CC/C=C\CCCCC)CCCCCC,JW_2024,JW_2024,0
-4.4215984,0.396298641,CCCCC/C=C\CCC(=O)OC(C/C=C\CCCCCCCCOC(=O)CCN(CCCCN(C)C)CCC(=O)OCCCCCCCC/C=C\CC(CCCCCC)OC(=O)CC/C=C\CCCCC)CCCCCC,JW_2024,JW_2024,1
-4.058369,0.998955231,CCCCC/C=C\CCC(=O)OC(C/C=C\CCCCCCCCOC(=O)CCN(CCCCN(C)C)CCC(=O)OCCCCCCCC/C=C\CC(CCCCCC)OC(=O)CC/C=C\CCCCC)CCCCCC,JW_2024,JW_2024,1
-3.9472327,0.989960356,CCCCC/C=C\CCC(=O)OC(C/C=C\CCCCCCCCOC(=O)CCN(CCCCN(C)C)CCC(=O)OCCCCCCCC/C=C\CC(CCCCCC)OC(=O)CC/C=C\CCCCC)CCCCCC,JW_2024,JW_2024,1
-3.8055134,1.925427301,CCCCC/C=C\CCC(=O)OC(C/C=C\CCCCCCCCOC(=O)CCN(CCCCN(C)C)CCC(=O)OCCCCCCCC/C=C\CC(CCCCCC)OC(=O)CC/C=C\CCCCC)CCCCCC,JW_2024,JW_2024,2
-3.648015,-0.26932207,CCCCC/C=C\CCC(=O)OC(C/C=C\CCCCCCCCOC(=O)CCN(CCCCN(C)C)CCC(=O)OCCCCCCCC/C=C\CC(CCCCCC)OC(=O)CC/C=C\CCCCC)CCCCCC,JW_2024,JW_2024,0
-3.460725,1.17885272,CCCCC/C=C\CCC(=O)OC(C/C=C\CCCCCCCCOC(=O)CCN(CCCCN(C)C)CCC(=O)OCCCCCCCC/C=C\CC(CCCCCC)OC(=O)CC/C=C\CCCCC)CCCCCC,JW_2024,JW_2024,1
-4.07116,1.466688703,CCCCC/C=C\CCC(=O)OC(C/C=C\CCCCCCCCOC(=O)CCN(CCCCN(C)C)CCC(=O)OCCCCCCCC/C=C\CC(CCCCCC)OC(=O)CC/C=C\CCCCC)CCCCCC,JW_2024,JW_2024,2
-4.300559,1.889447803,CCCCC/C=C\CCC(=O)OC(C/C=C\CCCCCCCCOC(=O)CCN(CCCCN(C)C)CCC(=O)OCCCCCCCC/C=C\CC(CCCCCC)OC(=O)CC/C=C\CCCCC)CCCCCC,JW_2024,JW_2024,2
-3.4512858,-0.053445082,CCCCC/C=C\CCC(=O)OC(C/C=C\CCCCCCCCOC(=O)CCN(CCC(=O)OCCCCCCCC/C=C\CC(CCCCCC)OC(=O)CC/C=C\CCCCC)CCN(CCCC)CCCC)CCCCCC,JW_2024,JW_2024,0
-4.842589,-2.679948427,CCCCC/C=C\CCC(=O)OC(C/C=C\CCCCCCCCOC(=O)CCN(CCC(=O)OCCCCCCCC/C=C\CC(CCCCCC)OC(=O)CC/C=C\CCCCC)CCN(CCCC)CCCC)CCCCCC,JW_2024,JW_2024,0
-4.4070544,-0.656101672,CCCCC/C=C\CCC(=O)OC(C/C=C\CCCCCCCCOC(=O)CCN(CCC(=O)OCCCCCCCC/C=C\CC(CCCCCC)OC(=O)CC/C=C\CCCCC)CCN(CCCC)CCCC)CCCCCC,JW_2024,JW_2024,0
-4.6627865,-1.474635249,CCCCC/C=C\CCC(=O)OC(C/C=C\CCCCCCCCOC(=O)CCN(CCC(=O)OCCCCCCCC/C=C\CC(CCCCCC)OC(=O)CC/C=C\CCCCC)CCN(CCCC)CCCC)CCCCCC,JW_2024,JW_2024,0
-3.2915752,-0.080429706,CCCCC/C=C\CCC(=O)OC(C/C=C\CCCCCCCCOC(=O)CCN(CCC(=O)OCCCCCCCC/C=C\CC(CCCCCC)OC(=O)CC/C=C\CCCCC)CCN(CCCC)CCCC)CCCCCC,JW_2024,JW_2024,0
-4.4196033,-1.141824893,CCCCC/C=C\CCC(=O)OC(C/C=C\CCCCCCCCOC(=O)CCN(CCC(=O)OCCCCCCCC/C=C\CC(CCCCCC)OC(=O)CC/C=C\CCCCC)CCN(CCCC)CCCC)CCCCCC,JW_2024,JW_2024,0
-4.7347226,-1.78046098,CCCCC/C=C\CCC(=O)OC(C/C=C\CCCCCCCCOC(=O)CCN(CCC(=O)OCCCCCCCC/C=C\CC(CCCCCC)OC(=O)CC/C=C\CCCCC)CCN(CCCC)CCCC)CCCCCC,JW_2024,JW_2024,0
-3.4949565,-0.827004287,CCCCC/C=C\CCC(=O)OC(C/C=C\CCCCCCCCOC(=O)CCN(CCC(=O)OCCCCCCCC/C=C\CC(CCCCCC)OC(=O)CC/C=C\CCCCC)CCN(CCCC)CCCC)CCCCCC,JW_2024,JW_2024,0
-3.9096208,0.621170503,CCCCC/C=C\CCC(=O)OC(C/C=C\CCCCCCCCOC(=O)CCN(CCC(=O)OCCCCCCCC/C=C\CC(CCCCCC)OC(=O)CC/C=C\CCCCC)CCN1CCCCC1)CCCCCC,JW_2024,JW_2024,1
-4.13148,-0.557158053,CCCCC/C=C\CCC(=O)OC(C/C=C\CCCCCCCCOC(=O)CCN(CCC(=O)OCCCCCCCC/C=C\CC(CCCCCC)OC(=O)CC/C=C\CCCCC)CCN1CCCCC1)CCCCCC,JW_2024,JW_2024,0
-3.6156695,1.358750209,CCCCC/C=C\CCC(=O)OC(C/C=C\CCCCCCCCOC(=O)CCN(CCC(=O)OCCCCCCCC/C=C\CC(CCCCCC)OC(=O)CC/C=C\CCCCC)CCN1CCCCC1)CCCCCC,JW_2024,JW_2024,2
-4.109897,-0.494193931,CCCCC/C=C\CCC(=O)OC(C/C=C\CCCCCCCCOC(=O)CCN(CCC(=O)OCCCCCCCC/C=C\CC(CCCCCC)OC(=O)CC/C=C\CCCCC)CCN1CCCCC1)CCCCCC,JW_2024,JW_2024,0
-3.9000082,1.358750209,CCCCC/C=C\CCC(=O)OC(C/C=C\CCCCCCCCOC(=O)CCN(CCC(=O)OCCCCCCCC/C=C\CC(CCCCCC)OC(=O)CC/C=C\CCCCC)CCN1CCCCC1)CCCCCC,JW_2024,JW_2024,2
-4.0919523,0.342329394,CCCCC/C=C\CCC(=O)OC(C/C=C\CCCCCCCCOC(=O)CCN(CCC(=O)OCCCCCCCC/C=C\CC(CCCCCC)OC(=O)CC/C=C\CCCCC)CCN1CCCCC1)CCCCCC,JW_2024,JW_2024,1
-4.1995506,-0.620122174,CCCCC/C=C\CCC(=O)OC(C/C=C\CCCCCCCCOC(=O)CCN(CCC(=O)OCCCCCCCC/C=C\CC(CCCCCC)OC(=O)CC/C=C\CCCCC)CCN1CCCCC1)CCCCCC,JW_2024,JW_2024,0
-3.954577,0.279365273,CCCCC/C=C\CCC(=O)OC(C/C=C\CCCCCCCCOC(=O)CCN(CCC(=O)OCCCCCCCC/C=C\CC(CCCCCC)OC(=O)CC/C=C\CCCCC)CCN1CCCCC1)CCCCCC,JW_2024,JW_2024,1
-3.6382656,0.270370399,CCCCC/C=C\CCC(=O)OC(C/C=C\CCCCCCCCOC(=O)CCN(CCC(=O)OCCCCCCCC/C=C\CC(CCCCCC)OC(=O)CC/C=C\CCCCC)CCN1CCCCC1)CCCCCC,JW_2024,JW_2024,1
-3.7588735,-0.440224685,CCCCC/C=C\CCC(=O)OC(C/C=C\CCCCCCCCOC(=O)CCN(CCC(=O)OCCCCCCCC/C=C\CC(CCCCCC)OC(=O)CC/C=C\CCCCC)CCN1CCCCC1)CCCCCC,JW_2024,JW_2024,0
-4.1680603,-0.062439957,CCCCC/C=C\CCC(=O)OC(C/C=C\CCCCCCCCOC(=O)CCN(CCC(=O)OCCCCCCCC/C=C\CC(CCCCCC)OC(=O)CC/C=C\CCCCC)CCN1CCCCC1)CCCCCC,JW_2024,JW_2024,0
-4.0986867,0.891016737,CCCCC/C=C\CCC(=O)OC(C/C=C\CCCCCCCCOC(=O)CCN(CCC(=O)OCCCCCCCC/C=C\CC(CCCCCC)OC(=O)CC/C=C\CCCCC)CCN1CCCCC1)CCCCCC,JW_2024,JW_2024,1
-4.16821,0.909006486,CCCCC/C=C\CCC(=O)OC(C/C=C\CCCCCCCCOC(=O)CCN(CCC(=O)OCCCCCCCC/C=C\CC(CCCCCC)OC(=O)CC/C=C\CCCCC)CCN1CCCCC1)CCCCCC,JW_2024,JW_2024,1
-3.9271939,2.033365794,CCCCC/C=C\CCC(=O)OC(C/C=C\CCCCCCCCOC(=O)CCN(CCC(=O)OCCCCCCCC/C=C\CC(CCCCCC)OC(=O)CC/C=C\CCCCC)CCN1CCCCC1)CCCCCC,JW_2024,JW_2024,3
-4.136984,0.000524164,CCCCC/C=C\CCC(=O)OC(C/C=C\CCCCCCCCOC(=O)CCN(CCC(=O)OCCCCCCCC/C=C\CC(CCCCCC)OC(=O)CC/C=C\CCCCC)CCN1CCCCC1)CCCCCC,JW_2024,JW_2024,0
-3.5670729,1.295786088,CCCCC/C=C\CCC(=O)OC(C/C=C\CCCCCCCCOC(=O)CCN(CCC(=O)OCCCCCCCC/C=C\CC(CCCCCC)OC(=O)CC/C=C\CCCCC)CCN1CCCCC1)CCCCCC,JW_2024,JW_2024,1
-3.8207674,0.648155126,CCCCC/C=C\CCC(=O)OC(C/C=C\CCCCCCCCOC(=O)CCN(CCC(=O)OCCCCCCCC/C=C\CC(CCCCCC)OC(=O)CC/C=C\CCCCC)CCN1CCCCC1)CCCCCC,JW_2024,JW_2024,1
-4.3849,0.926996235,CCCCC/C=C\CCC(=O)OC(C/C=C\CCCCCCCCOC(=O)CCN(CCC(=O)OCCCCCCCC/C=C\CC(CCCCCC)OC(=O)CC/C=C\CCCCC)CCN1CCCCC1)CCCCCC,JW_2024,JW_2024,1
-1.1546091,0.432278139,CCCCCCC/C=C\CCCCCCCCC(=O)OC(C/C=C\CCCCCCCCOC(=O)CCN(CCCN(CC)CC)CCC(=O)OCCCCCCCC/C=C\CC(CCCCCC)OC(=O)CCCCCCCC/C=C\CCCCCCC)CCCCCC,JW_2024,JW_2024,1
-2.057706,-1.393681378,CCCCCCC/C=C\CCCCCCCCC(=O)OC(C/C=C\CCCCCCCCOC(=O)CCN(CCCN(CC)CC)CCC(=O)OCCCCCCCC/C=C\CC(CCCCCC)OC(=O)CCCCCCCC/C=C\CCCCCCC)CCCCCC,JW_2024,JW_2024,0
-1.310957,1.349755335,CCCCCCC/C=C\CCCCCCCCC(=O)OC(C/C=C\CCCCCCCCOC(=O)CCN(CCCN(CC)CC)CCC(=O)OCCCCCCCC/C=C\CC(CCCCCC)OC(=O)CCCCCCCC/C=C\CCCCCCC)CCCCCC,JW_2024,JW_2024,2
-1.9149553,0.369314018,CCCCCCC/C=C\CCCCCCCCC(=O)OC(C/C=C\CCCCCCCCOC(=O)CCN(CCCN(CC)CC)CCC(=O)OCCCCCCCC/C=C\CC(CCCCCC)OC(=O)CCCCCCCC/C=C\CCCCCCC)CCCCCC,JW_2024,JW_2024,1
-0.7270188,1.151868096,CCCCCCC/C=C\CCCCCCCCC(=O)OC(C/C=C\CCCCCCCCOC(=O)CCN(CCCN(CC)CC)CCC(=O)OCCCCCCCC/C=C\CC(CCCCCC)OC(=O)CCCCCCCC/C=C\CCCCCCC)CCCCCC,JW_2024,JW_2024,1
-1.6634555,-0.125404078,CCCCCCC/C=C\CCCCCCCCC(=O)OC(C/C=C\CCCCCCCCOC(=O)CCN(CCCN(CC)CC)CCC(=O)OCCCCCCCC/C=C\CC(CCCCCC)OC(=O)CCCCCCCC/C=C\CCCCCCC)CCCCCC,JW_2024,JW_2024,0
-1.9770807,0.531221758,CCCCCCC/C=C\CCCCCCCCC(=O)OC(C/C=C\CCCCCCCCOC(=O)CCN(CCCN(CC)CC)CCC(=O)OCCCCCCCC/C=C\CC(CCCCCC)OC(=O)CCCCCCCC/C=C\CCCCCCC)CCCCCC,JW_2024,JW_2024,1
-0.81802875,0.063488286,CCCCCCC/C=C\CCCCCCCCC(=O)OC(C/C=C\CCCCCCCCOC(=O)CCN(CCCN(CC)CC)CCC(=O)OCCCCCCCC/C=C\CC(CCCCCC)OC(=O)CCCCCCCC/C=C\CCCCCCC)CCCCCC,JW_2024,JW_2024,1
-0.9427052,0.036503662,CCCCCCC/C=C\CCCCCCCCC(=O)OC(C/C=C\CCCCCCCCOC(=O)CCN(CCCN(CC)CC)CCC(=O)OCCCCCCCC/C=C\CC(CCCCCC)OC(=O)CCCCCCCC/C=C\CCCCCCC)CCCCCC,JW_2024,JW_2024,1
-1.3976568,-0.997906902,CCCCCCC/C=C\CCCCCCCCC(=O)OC(C/C=C\CCCCCCCCOC(=O)CCN(CCCN(CC)CC)CCC(=O)OCCCCCCCC/C=C\CC(CCCCCC)OC(=O)CCCCCCCC/C=C\CCCCCCC)CCCCCC,JW_2024,JW_2024,0
-2.072496,0.783078243,CCCCCCC/C=C\CCCCCCCCC(=O)OC(C/C=C\CCCCCCCCOC(=O)CCN(CCCN(CC)CC)CCC(=O)OCCCCCCCC/C=C\CC(CCCCCC)OC(=O)CCCCCCCC/C=C\CCCCCCC)CCCCCC,JW_2024,JW_2024,1
-1.3755903,0.783078243,CCCCCCC/C=C\CCCCCCCCC(=O)OC(C/C=C\CCCCCCCCOC(=O)CCN(CCCN(CC)CC)CCC(=O)OCCCCCCCC/C=C\CC(CCCCCC)OC(=O)CCCCCCCC/C=C\CCCCCCC)CCCCCC,JW_2024,JW_2024,1
-0.7587923,0.549211507,CCCCCCC/C=C\CCCCCCCCC(=O)OC(C/C=C\CCCCCCCCOC(=O)CCN(CCCN(CC)CC)CCC(=O)OCCCCCCCC/C=C\CC(CCCCCC)OC(=O)CCCCCCCC/C=C\CCCCCCC)CCCCCC,JW_2024,JW_2024,1
-0.7600117,1.709550314,CCCCCCC/C=C\CCCCCCCCC(=O)OC(C/C=C\CCCCCCCCOC(=O)CCN(CCCN(CC)CC)CCC(=O)OCCCCCCCC/C=C\CC(CCCCCC)OC(=O)CCCCCCCC/C=C\CCCCCCC)CCCCCC,JW_2024,JW_2024,2
-0.72593135,-1.27674801,CCCCCCC/C=C\CCCCCCCCC(=O)OC(C/C=C\CCCCCCCCOC(=O)CCN(CCCN(CC)CC)CCC(=O)OCCCCCCCC/C=C\CC(CCCCCC)OC(=O)CCCCCCCC/C=C\CCCCCCC)CCCCCC,JW_2024,JW_2024,0
-0.9801774,1.277796339,CCCCCCC/C=C\CCCCCCCCC(=O)OC(C/C=C\CCCCCCCCOC(=O)CCN(CCCN(CC)CC)CCC(=O)OCCCCCCCC/C=C\CC(CCCCCC)OC(=O)CCCCCCCC/C=C\CCCCCCC)CCCCCC,JW_2024,JW_2024,1
-0.9785384,0.15343703,CCCCCCC/C=C\CCCCCCCCC(=O)OC(C/C=C\CCCCCCCCOC(=O)CCN(CCCN(CC)CC)CCC(=O)OCCCCCCCC/C=C\CC(CCCCCC)OC(=O)CCCCCCCC/C=C\CCCCCCC)CCCCCC,JW_2024,JW_2024,1
-1.2488198,0.774083369,CCCCCCC/C=C\CCCCCCCCC(=O)OC(C/C=C\CCCCCCCCOC(=O)CCN(CCCN(CC)CC)CCC(=O)OCCCCCCCC/C=C\CC(CCCCCC)OC(=O)CCCCCCCC/C=C\CCCCCCC)CCCCCC,JW_2024,JW_2024,1
-0.99532866,0.387303767,CCCCC/C=C\C/C=C\CCCCCCCC(=O)OC(C/C=C\CCCCCCCCOC(=O)CCN(CCCN(CC)CC)CCC(=O)OCCCCCCCC/C=C\CC(CCCCCC)OC(=O)CCCCCCC/C=C\C/C=C\CCCCC)CCCCCC,JW_2024,JW_2024,1
-1.6047947,-0.979917153,CCCCC/C=C\C/C=C\CCCCCCCC(=O)OC(C/C=C\CCCCCCCCOC(=O)CCN(CCCN(CC)CC)CCC(=O)OCCCCCCCC/C=C\CC(CCCCCC)OC(=O)CCCCCCC/C=C\C/C=C\CCCCC)CCCCCC,JW_2024,JW_2024,0
-1.2898033,1.061919352,CCCCC/C=C\C/C=C\CCCCCCCC(=O)OC(C/C=C\CCCCCCCCOC(=O)CCN(CCCN(CC)CC)CCC(=O)OCCCCCCCC/C=C\CC(CCCCCC)OC(=O)CCCCCCC/C=C\C/C=C\CCCCC)CCCCCC,JW_2024,JW_2024,1
-1.6899004,-0.179373325,CCCCC/C=C\C/C=C\CCCCCCCC(=O)OC(C/C=C\CCCCCCCCOC(=O)CCN(CCCN(CC)CC)CCC(=O)OCCCCCCCC/C=C\CC(CCCCCC)OC(=O)CCCCCCC/C=C\C/C=C\CCCCC)CCCCCC,JW_2024,JW_2024,0
-0.450693,0.450267888,CCCCC/C=C\C/C=C\CCCCCCCC(=O)OC(C/C=C\CCCCCCCCOC(=O)CCN(CCCN(CC)CC)CCC(=O)OCCCCCCCC/C=C\CC(CCCCCC)OC(=O)CCCCCCC/C=C\C/C=C\CCCCC)CCCCCC,JW_2024,JW_2024,1
-1.2573879,0.432278139,CCCCC/C=C\C/C=C\CCCCCCCC(=O)OC(C/C=C\CCCCCCCCOC(=O)CCN(CCCN(CC)CC)CCC(=O)OCCCCCCCC/C=C\CC(CCCCCC)OC(=O)CCCCCCC/C=C\C/C=C\CCCCC)CCCCCC,JW_2024,JW_2024,1
-1.7609994,-0.674091421,CCCCC/C=C\C/C=C\CCCCCCCC(=O)OC(C/C=C\CCCCCCCCOC(=O)CCN(CCCN(CC)CC)CCC(=O)OCCCCCCCC/C=C\CC(CCCCCC)OC(=O)CCCCCCC/C=C\C/C=C\CCCCC)CCCCCC,JW_2024,JW_2024,0
-0.55127865,0.67513975,CCCCC/C=C\C/C=C\CCCCCCCC(=O)OC(C/C=C\CCCCCCCCOC(=O)CCN(CCCN(CC)CC)CCC(=O)OCCCCCCCC/C=C\CC(CCCCCC)OC(=O)CCCCCCC/C=C\C/C=C\CCCCC)CCCCCC,JW_2024,JW_2024,1
-0.9097836,0.360319143,CCCCC/C=C\C/C=C\CCCCCCCC(=O)OC(C/C=C\CCCCCCCCOC(=O)CCN(CCCN(CC)CC)CCC(=O)OCCCCCCCC/C=C\CC(CCCCCC)OC(=O)CCCCCCC/C=C\C/C=C\CCCCC)CCCCCC,JW_2024,JW_2024,1
-0.99340063,-0.233342572,CCCCC/C=C\C/C=C\CCCCCCCC(=O)OC(C/C=C\CCCCCCCCOC(=O)CCN(CCCN(CC)CC)CCC(=O)OCCCCCCCC/C=C\CC(CCCCCC)OC(=O)CCCCCCC/C=C\C/C=C\CCCCC)CCCCCC,JW_2024,JW_2024,0
-1.7750913,0.765088494,CCCCC/C=C\C/C=C\CCCCCCCC(=O)OC(C/C=C\CCCCCCCCOC(=O)CCN(CCCN(CC)CC)CCC(=O)OCCCCCCCC/C=C\CC(CCCCCC)OC(=O)CCCCCCC/C=C\C/C=C\CCCCC)CCCCCC,JW_2024,JW_2024,1
-1.1423056,0.971970607,CCCCC/C=C\C/C=C\CCCCCCCC(=O)OC(C/C=C\CCCCCCCCOC(=O)CCN(CCCN(CC)CC)CCC(=O)OCCCCCCCC/C=C\CC(CCCCCC)OC(=O)CCCCCCC/C=C\C/C=C\CCCCC)CCCCCC,JW_2024,JW_2024,1
-0.3817945,1.250811716,CCCCC/C=C\C/C=C\CCCCCCCC(=O)OC(C/C=C\CCCCCCCCOC(=O)CCN(CCCN(CC)CC)CCC(=O)OCCCCCCCC/C=C\CC(CCCCCC)OC(=O)CCCCCCC/C=C\C/C=C\CCCCC)CCCCCC,JW_2024,JW_2024,1
-0.772237,1.367745084,CCCCC/C=C\C/C=C\CCCCCCCC(=O)OC(C/C=C\CCCCCCCCOC(=O)CCN(CCCN(CC)CC)CCC(=O)OCCCCCCCC/C=C\CC(CCCCCC)OC(=O)CCCCCCC/C=C\C/C=C\CCCCC)CCCCCC,JW_2024,JW_2024,2
-0.33985436,1.565632322,CCCCC/C=C\C/C=C\CCCCCCCC(=O)OC(C/C=C\CCCCCCCCOC(=O)CCN(CCCN(CC)CC)CCC(=O)OCCCCCCCC/C=C\CC(CCCCCC)OC(=O)CCCCCCC/C=C\C/C=C\CCCCC)CCCCCC,JW_2024,JW_2024,2
-0.74566543,0.819057741,CCCCC/C=C\C/C=C\CCCCCCCC(=O)OC(C/C=C\CCCCCCCCOC(=O)CCN(CCCN(CC)CC)CCC(=O)OCCCCCCCC/C=C\CC(CCCCCC)OC(=O)CCCCCCC/C=C\C/C=C\CCCCC)CCCCCC,JW_2024,JW_2024,1
-1.093949,0.099467784,CCCCC/C=C\C/C=C\CCCCCCCC(=O)OC(C/C=C\CCCCCCCCOC(=O)CCN(CCCN(CC)CC)CCC(=O)OCCCCCCCC/C=C\CC(CCCCCC)OC(=O)CCCCCCC/C=C\C/C=C\CCCCC)CCCCCC,JW_2024,JW_2024,1
-1.5890381,0.450267888,CCCCC/C=C\C/C=C\CCCCCCCC(=O)OC(C/C=C\CCCCCCCCOC(=O)CCN(CCCN(CC)CC)CCC(=O)OCCCCCCCC/C=C\CC(CCCCCC)OC(=O)CCCCCCC/C=C\C/C=C\CCCCC)CCCCCC,JW_2024,JW_2024,1
-1.6814824,0.144442156,CCCCCCCCC/C=C\CCCCCCCC(=O)OC(C/C=C\CCCCCCCCOC(=O)CCN(CCCN(C)C)CCC(=O)OCCCCCCCC/C=C\CC(CCCCCC)OC(=O)CCCCCCC/C=C\CCCCCCCCC)CCCCCC,JW_2024,JW_2024,1
-3.0229983,-0.368265689,CCCCCCCCC/C=C\CCCCCCCC(=O)OC(C/C=C\CCCCCCCCOC(=O)CCN(CCCN(C)C)CCC(=O)OCCCCCCCC/C=C\CC(CCCCCC)OC(=O)CCCCCCC/C=C\CCCCCCCCC)CCCCCC,JW_2024,JW_2024,0
-2.5585363,1.043929603,CCCCCCCCC/C=C\CCCCCCCC(=O)OC(C/C=C\CCCCCCCCOC(=O)CCN(CCCN(C)C)CCC(=O)OCCCCCCCC/C=C\CC(CCCCCC)OC(=O)CCCCCCC/C=C\CCCCCCCCC)CCCCCC,JW_2024,JW_2024,1
-2.8564196,0.387303767,CCCCCCCCC/C=C\CCCCCCCC(=O)OC(C/C=C\CCCCCCCCOC(=O)CCN(CCCN(C)C)CCC(=O)OCCCCCCCC/C=C\CC(CCCCCC)OC(=O)CCCCCCC/C=C\CCCCCCCCC)CCCCCC,JW_2024,JW_2024,1
-1.5633392,1.106893724,CCCCCCCCC/C=C\CCCCCCCC(=O)OC(C/C=C\CCCCCCCCOC(=O)CCN(CCCN(C)C)CCC(=O)OCCCCCCCC/C=C\CC(CCCCCC)OC(=O)CCCCCCC/C=C\CCCCCCCCC)CCCCCC,JW_2024,JW_2024,1
-2.7658865,0.15343703,CCCCCCCCC/C=C\CCCCCCCC(=O)OC(C/C=C\CCCCCCCCOC(=O)CCN(CCCN(C)C)CCC(=O)OCCCCCCCC/C=C\CC(CCCCCC)OC(=O)CCCCCCC/C=C\CCCCCCCCC)CCCCCC,JW_2024,JW_2024,1
-2.9450555,-0.404245187,CCCCCCCCC/C=C\CCCCCCCC(=O)OC(C/C=C\CCCCCCCCOC(=O)CCN(CCCN(C)C)CCC(=O)OCCCCCCCC/C=C\CC(CCCCCC)OC(=O)CCCCCCC/C=C\CCCCCCCCC)CCCCCC,JW_2024,JW_2024,0
-1.601959,-0.080429706,CCCCCCCCC/C=C\CCCCCCCC(=O)OC(C/C=C\CCCCCCCCOC(=O)CCN(CCCN(C)C)CCC(=O)OCCCCCCCC/C=C\CC(CCCCCC)OC(=O)CCCCCCC/C=C\CCCCCCCCC)CCCCCC,JW_2024,JW_2024,0
-2.167175,-0.071434831,CCCCCCCCC/C=C\CCCCCCCC(=O)OC(C/C=C\CCCCCCCCOC(=O)CCN(CCCN(C)C)CCC(=O)OCCCCCCCC/C=C\CC(CCCCCC)OC(=O)CCCCCCC/C=C\CCCCCCCCC)CCCCCC,JW_2024,JW_2024,0
-2.3324451,-0.755045291,CCCCCCCCC/C=C\CCCCCCCC(=O)OC(C/C=C\CCCCCCCCOC(=O)CCN(CCCN(C)C)CCC(=O)OCCCCCCCC/C=C\CC(CCCCCC)OC(=O)CCCCCCC/C=C\CCCCCCCCC)CCCCCC,JW_2024,JW_2024,0
-3.0139608,1.142873222,CCCCCCCCC/C=C\CCCCCCCC(=O)OC(C/C=C\CCCCCCCCOC(=O)CCN(CCCN(C)C)CCC(=O)OCCCCCCCC/C=C\CC(CCCCCC)OC(=O)CCCCCCC/C=C\CCCCCCCCC)CCCCCC,JW_2024,JW_2024,1
-2.4303064,1.070914226,CCCCCCCCC/C=C\CCCCCCCC(=O)OC(C/C=C\CCCCCCCCOC(=O)CCN(CCCN(C)C)CCC(=O)OCCCCCCCC/C=C\CC(CCCCCC)OC(=O)CCCCCCC/C=C\CCCCCCCCC)CCCCCC,JW_2024,JW_2024,1
-1.5951129,0.783078243,CCCCCCCCC/C=C\CCCCCCCC(=O)OC(C/C=C\CCCCCCCCOC(=O)CCN(CCCN(C)C)CCC(=O)OCCCCCCCC/C=C\CC(CCCCCC)OC(=O)CCCCCCC/C=C\CCCCCCCCC)CCCCCC,JW_2024,JW_2024,1
-1.4019935,1.403724582,CCCCCCCCC/C=C\CCCCCCCC(=O)OC(C/C=C\CCCCCCCCOC(=O)CCN(CCCN(C)C)CCC(=O)OCCCCCCCC/C=C\CC(CCCCCC)OC(=O)CCCCCCC/C=C\CCCCCCCCC)CCCCCC,JW_2024,JW_2024,2
-1.3894802,1.421714331,CCCCCCCCC/C=C\CCCCCCCC(=O)OC(C/C=C\CCCCCCCCOC(=O)CCN(CCCN(C)C)CCC(=O)OCCCCCCCC/C=C\CC(CCCCCC)OC(=O)CCCCCCC/C=C\CCCCCCCCC)CCCCCC,JW_2024,JW_2024,2
-1.996446,1.313775837,CCCCCCCCC/C=C\CCCCCCCC(=O)OC(C/C=C\CCCCCCCCOC(=O)CCN(CCCN(C)C)CCC(=O)OCCCCCCCC/C=C\CC(CCCCCC)OC(=O)CCCCCCC/C=C\CCCCCCCCC)CCCCCC,JW_2024,JW_2024,1
-2.186099,1.493673326,CCCCCCCCC/C=C\CCCCCCCC(=O)OC(C/C=C\CCCCCCCCOC(=O)CCN(CCCN(C)C)CCC(=O)OCCCCCCCC/C=C\CC(CCCCCC)OC(=O)CCCCCCC/C=C\CCCCCCCCC)CCCCCC,JW_2024,JW_2024,2
-1.9784328,1.232821967,CCCCCCCCC/C=C\CCCCCCCC(=O)OC(C/C=C\CCCCCCCCOC(=O)CCN(CCCN(C)C)CCC(=O)OCCCCCCCC/C=C\CC(CCCCCC)OC(=O)CCCCCCC/C=C\CCCCCCCCC)CCCCCC,JW_2024,JW_2024,1
-2.0112314,-0.485199057,CCCCC/C=C\C/C=C\CCCCCCCC(=O)OC(C/C=C\CCCCCCCCOC(=O)CCN(CCCN(C)C)CCC(=O)OCCCCCCCC/C=C\CC(CCCCCC)OC(=O)CCCCCCC/C=C\C/C=C\CCCCC)CCCCCC,JW_2024,JW_2024,0
-2.3193672,-0.93494278,CCCCC/C=C\C/C=C\CCCCCCCC(=O)OC(C/C=C\CCCCCCCCOC(=O)CCN(CCCN(C)C)CCC(=O)OCCCCCCCC/C=C\CC(CCCCCC)OC(=O)CCCCCCC/C=C\C/C=C\CCCCC)CCCCCC,JW_2024,JW_2024,0
-2.0309236,0.612175628,CCCCC/C=C\C/C=C\CCCCCCCC(=O)OC(C/C=C\CCCCCCCCOC(=O)CCN(CCCN(C)C)CCC(=O)OCCCCCCCC/C=C\CC(CCCCCC)OC(=O)CCCCCCC/C=C\C/C=C\CCCCC)CCCCCC,JW_2024,JW_2024,1
-2.521291,-0.062439957,CCCCC/C=C\C/C=C\CCCCCCCC(=O)OC(C/C=C\CCCCCCCCOC(=O)CCN(CCCN(C)C)CCC(=O)OCCCCCCCC/C=C\CC(CCCCCC)OC(=O)CCCCCCC/C=C\C/C=C\CCCCC)CCCCCC,JW_2024,JW_2024,0
-1.0889289,0.801067992,CCCCC/C=C\C/C=C\CCCCCCCC(=O)OC(C/C=C\CCCCCCCCOC(=O)CCN(CCCN(C)C)CCC(=O)OCCCCCCCC/C=C\CC(CCCCCC)OC(=O)CCCCCCC/C=C\C/C=C\CCCCC)CCCCCC,JW_2024,JW_2024,1
-1.9511877,-0.206357948,CCCCC/C=C\C/C=C\CCCCCCCC(=O)OC(C/C=C\CCCCCCCCOC(=O)CCN(CCCN(C)C)CCC(=O)OCCCCCCCC/C=C\CC(CCCCCC)OC(=O)CCCCCCC/C=C\C/C=C\CCCCC)CCCCCC,JW_2024,JW_2024,0
-2.5793064,-0.062439957,CCCCC/C=C\C/C=C\CCCCCCCC(=O)OC(C/C=C\CCCCCCCCOC(=O)CCN(CCCN(C)C)CCC(=O)OCCCCCCCC/C=C\CC(CCCCCC)OC(=O)CCCCCCC/C=C\C/C=C\CCCCC)CCCCCC,JW_2024,JW_2024,0
-1.3092663,-0.386255438,CCCCC/C=C\C/C=C\CCCCCCCC(=O)OC(C/C=C\CCCCCCCCOC(=O)CCN(CCCN(C)C)CCC(=O)OCCCCCCCC/C=C\CC(CCCCCC)OC(=O)CCCCCCC/C=C\C/C=C\CCCCC)CCCCCC,JW_2024,JW_2024,0
-2.0956051,-0.116409204,CCCCC/C=C\C/C=C\CCCCCCCC(=O)OC(C/C=C\CCCCCCCCOC(=O)CCN(CCCN(C)C)CCC(=O)OCCCCCCCC/C=C\CC(CCCCCC)OC(=O)CCCCCCC/C=C\C/C=C\CCCCC)CCCCCC,JW_2024,JW_2024,0
-2.6464646,1.124883473,CCCCC/C=C\C/C=C\CCCCCCCC(=O)OC(C/C=C\CCCCCCCCOC(=O)CCN(CCCN(C)C)CCC(=O)OCCCCCCCC/C=C\CC(CCCCCC)OC(=O)CCCCCCC/C=C\C/C=C\CCCCC)CCCCCC,JW_2024,JW_2024,1
-2.2183897,0.900011611,CCCCC/C=C\C/C=C\CCCCCCCC(=O)OC(C/C=C\CCCCCCCCOC(=O)CCN(CCCN(C)C)CCC(=O)OCCCCCCCC/C=C\CC(CCCCCC)OC(=O)CCCCCCC/C=C\C/C=C\CCCCC)CCCCCC,JW_2024,JW_2024,1
-1.7486143,0.828052616,CCCCC/C=C\C/C=C\CCCCCCCC(=O)OC(C/C=C\CCCCCCCCOC(=O)CCN(CCCN(C)C)CCC(=O)OCCCCCCCC/C=C\CC(CCCCCC)OC(=O)CCCCCCC/C=C\C/C=C\CCCCC)CCCCCC,JW_2024,JW_2024,1
-1.7260287,1.781509309,CCCCC/C=C\C/C=C\CCCCCCCC(=O)OC(C/C=C\CCCCCCCCOC(=O)CCN(CCCN(C)C)CCC(=O)OCCCCCCCC/C=C\CC(CCCCCC)OC(=O)CCCCCCC/C=C\C/C=C\CCCCC)CCCCCC,JW_2024,JW_2024,2
-1.1603006,1.295786088,CCCCC/C=C\C/C=C\CCCCCCCC(=O)OC(C/C=C\CCCCCCCCOC(=O)CCN(CCCN(C)C)CCC(=O)OCCCCCCCC/C=C\CC(CCCCCC)OC(=O)CCCCCCC/C=C\C/C=C\CCCCC)CCCCCC,JW_2024,JW_2024,1
-2.0020714,1.547642573,CCCCC/C=C\C/C=C\CCCCCCCC(=O)OC(C/C=C\CCCCCCCCOC(=O)CCN(CCCN(C)C)CCC(=O)OCCCCCCCC/C=C\CC(CCCCCC)OC(=O)CCCCCCC/C=C\C/C=C\CCCCC)CCCCCC,JW_2024,JW_2024,2
-2.455575,1.52065795,CCCCC/C=C\C/C=C\CCCCCCCC(=O)OC(C/C=C\CCCCCCCCOC(=O)CCN(CCCN(C)C)CCC(=O)OCCCCCCCC/C=C\CC(CCCCCC)OC(=O)CCCCCCC/C=C\C/C=C\CCCCC)CCCCCC,JW_2024,JW_2024,2
-2.4987519,0.720114122,CCCCC/C=C\C/C=C\CCCCCCCC(=O)OC(C/C=C\CCCCCCCCOC(=O)CCN(CCCN(C)C)CCC(=O)OCCCCCCCC/C=C\CC(CCCCCC)OC(=O)CCCCCCC/C=C\C/C=C\CCCCC)CCCCCC,JW_2024,JW_2024,1
-3.3304205,-0.988912027,CCCCCCCC/C=C\CCCCCCCC(=O)OC(C/C=C\CCCCCCCCOC(=O)CCN(CCCN(CCCC)CCCC)CCC(=O)OCCCCCCCC/C=C\CC(CCCCCC)OC(=O)CCCCCCC/C=C\CCCCCCCC)CCCCCC,JW_2024,JW_2024,0
-4.768534,-2.185230332,CCCCCCCC/C=C\CCCCCCCC(=O)OC(C/C=C\CCCCCCCCOC(=O)CCN(CCCN(CCCC)CCCC)CCC(=O)OCCCCCCCC/C=C\CC(CCCCCC)OC(=O)CCCCCCC/C=C\CCCCCCCC)CCCCCC,JW_2024,JW_2024,0
-4.141433,-0.494193931,CCCCCCCC/C=C\CCCCCCCC(=O)OC(C/C=C\CCCCCCCCOC(=O)CCN(CCCN(CCCC)CCCC)CCC(=O)OCCCCCCCC/C=C\CC(CCCCCC)OC(=O)CCCCCCC/C=C\CCCCCCCC)CCCCCC,JW_2024,JW_2024,0
-4.489162,-1.429660876,CCCCCCCC/C=C\CCCCCCCC(=O)OC(C/C=C\CCCCCCCCOC(=O)CCN(CCCN(CCCC)CCCC)CCC(=O)OCCCCCCCC/C=C\CC(CCCCCC)OC(=O)CCCCCCC/C=C\CCCCCCCC)CCCCCC,JW_2024,JW_2024,0
-2.8557832,-0.602132425,CCCCCCCC/C=C\CCCCCCCC(=O)OC(C/C=C\CCCCCCCCOC(=O)CCN(CCCN(CCCC)CCCC)CCC(=O)OCCCCCCCC/C=C\CC(CCCCCC)OC(=O)CCCCCCC/C=C\CCCCCCCC)CCCCCC,JW_2024,JW_2024,0
-4.102247,-1.384686504,CCCCCCCC/C=C\CCCCCCCC(=O)OC(C/C=C\CCCCCCCCOC(=O)CCN(CCCN(CCCC)CCCC)CCC(=O)OCCCCCCCC/C=C\CC(CCCCCC)OC(=O)CCCCCCC/C=C\CCCCCCCC)CCCCCC,JW_2024,JW_2024,0
-4.4736023,-0.943937655,CCCCCCCC/C=C\CCCCCCCC(=O)OC(C/C=C\CCCCCCCCOC(=O)CCN(CCCN(CCCC)CCCC)CCC(=O)OCCCCCCCC/C=C\CC(CCCCCC)OC(=O)CCCCCCC/C=C\CCCCCCCC)CCCCCC,JW_2024,JW_2024,0
-2.8363347,-0.737055542,CCCCCCCC/C=C\CCCCCCCC(=O)OC(C/C=C\CCCCCCCCOC(=O)CCN(CCCN(CCCC)CCCC)CCC(=O)OCCCCCCCC/C=C\CC(CCCCCC)OC(=O)CCCCCCC/C=C\CCCCCCCC)CCCCCC,JW_2024,JW_2024,0
-4.822122,-0.800019663,CCCCCCCC/C=C\CCCCCCCC(=O)OC(C/C=C\CCCCCCCCOC(=O)CCN(CCCN(CCCC)CCCC)CCC(=O)OCCCCCCCC/C=C\CC(CCCCCC)OC(=O)CCCCCCC/C=C\CCCCCCCC)CCCCCC,JW_2024,JW_2024,0
-3.9751635,-0.835999161,CCCCCCCC/C=C\CCCCCCCC(=O)OC(C/C=C\CCCCCCCCOC(=O)CCN(CCCN(CCCC)CCCC)CCC(=O)OCCCCCCCC/C=C\CC(CCCCCC)OC(=O)CCCCCCC/C=C\CCCCCCCC)CCCCCC,JW_2024,JW_2024,0
-2.773527,-0.107414329,CCCCCCCC/C=C\CCCCCCCC(=O)OC(C/C=C\CCCCCCCCOC(=O)CCN(CCCN(CCCC)CCCC)CCC(=O)OCCCCCCCC/C=C\CC(CCCCCC)OC(=O)CCCCCCC/C=C\CCCCCCCC)CCCCCC,JW_2024,JW_2024,0
-2.8210883,0.25238065,CCCCCCCC/C=C\CCCCCCCC(=O)OC(C/C=C\CCCCCCCCOC(=O)CCN(CCCN(CCCC)CCCC)CCC(=O)OCCCCCCCC/C=C\CC(CCCCCC)OC(=O)CCCCCCC/C=C\CCCCCCCC)CCCCCC,JW_2024,JW_2024,1
-3.0307071,-0.206357948,CCCCCCCC/C=C\CCCCCCCC(=O)OC(C/C=C\CCCCCCCCOC(=O)CCN(CCCN(CCCC)CCCC)CCC(=O)OCCCCCCCC/C=C\CC(CCCCCC)OC(=O)CCCCCCC/C=C\CCCCCCCC)CCCCCC,JW_2024,JW_2024,0
-3.8115237,-0.206357948,CCCCCCCC/C=C\CCCCCCCC(=O)OC(C/C=C\CCCCCCCCOC(=O)CCN(CCCN(CCCC)CCCC)CCC(=O)OCCCCCCCC/C=C\CC(CCCCCC)OC(=O)CCCCCCC/C=C\CCCCCCCC)CCCCCC,JW_2024,JW_2024,0
-3.868782,-0.638111923,CCCCCCCC/C=C\CCCCCCCC(=O)OC(C/C=C\CCCCCCCCOC(=O)CCN(CCCN(CCCC)CCCC)CCC(=O)OCCCCCCCC/C=C\CC(CCCCCC)OC(=O)CCCCCCC/C=C\CCCCCCCC)CCCCCC,JW_2024,JW_2024,0
-3.5929132,-0.557158053,CCCCCCCC/C=C\CCCCCCCC(=O)OC(C/C=C\CCCCCCCCOC(=O)CCN(CCCN(CCCC)CCCC)CCC(=O)OCCCCCCCC/C=C\CC(CCCCCC)OC(=O)CCCCCCC/C=C\CCCCCCCC)CCCCCC,JW_2024,JW_2024,0
-3.8092625,-0.593137551,CCCCC/C=C\C/C=C\CCCCCCCC(=O)OC(C/C=C\CCCCCCCCOC(=O)CCN(CCCN(CCCC)CCCC)CCC(=O)OCCCCCCCC/C=C\CC(CCCCCC)OC(=O)CCCCCCC/C=C\C/C=C\CCCCC)CCCCCC,JW_2024,JW_2024,0
-4.362865,-2.311158574,CCCCC/C=C\C/C=C\CCCCCCCC(=O)OC(C/C=C\CCCCCCCCOC(=O)CCN(CCCN(CCCC)CCCC)CCC(=O)OCCCCCCCC/C=C\CC(CCCCCC)OC(=O)CCCCCCC/C=C\C/C=C\CCCCC)CCCCCC,JW_2024,JW_2024,0
-4.2513695,-0.233342572,CCCCC/C=C\C/C=C\CCCCCCCC(=O)OC(C/C=C\CCCCCCCCOC(=O)CCN(CCCN(CCCC)CCCC)CCC(=O)OCCCCCCCC/C=C\CC(CCCCCC)OC(=O)CCCCCCC/C=C\C/C=C\CCCCC)CCCCCC,JW_2024,JW_2024,0
-4.298658,-0.647106797,CCCCC/C=C\C/C=C\CCCCCCCC(=O)OC(C/C=C\CCCCCCCCOC(=O)CCN(CCCN(CCCC)CCCC)CCC(=O)OCCCCCCCC/C=C\CC(CCCCCC)OC(=O)CCCCCCC/C=C\C/C=C\CCCCC)CCCCCC,JW_2024,JW_2024,0
-2.8080273,-0.044450208,CCCCC/C=C\C/C=C\CCCCCCCC(=O)OC(C/C=C\CCCCCCCCOC(=O)CCN(CCCN(CCCC)CCCC)CCC(=O)OCCCCCCCC/C=C\CC(CCCCCC)OC(=O)CCCCCCC/C=C\C/C=C\CCCCC)CCCCCC,JW_2024,JW_2024,0
-3.8775167,-1.591568617,CCCCC/C=C\C/C=C\CCCCCCCC(=O)OC(C/C=C\CCCCCCCCOC(=O)CCN(CCCN(CCCC)CCCC)CCC(=O)OCCCCCCCC/C=C\CC(CCCCCC)OC(=O)CCCCCCC/C=C\C/C=C\CCCCC)CCCCCC,JW_2024,JW_2024,0
-4.275512,-2.536030436,CCCCC/C=C\C/C=C\CCCCCCCC(=O)OC(C/C=C\CCCCCCCCOC(=O)CCN(CCCN(CCCC)CCCC)CCC(=O)OCCCCCCCC/C=C\CC(CCCCCC)OC(=O)CCCCCCC/C=C\C/C=C\CCCCC)CCCCCC,JW_2024,JW_2024,0
-2.8203504,-0.215352823,CCCCC/C=C\C/C=C\CCCCCCCC(=O)OC(C/C=C\CCCCCCCCOC(=O)CCN(CCCN(CCCC)CCCC)CCC(=O)OCCCCCCCC/C=C\CC(CCCCCC)OC(=O)CCCCCCC/C=C\C/C=C\CCCCC)CCCCCC,JW_2024,JW_2024,0
-4.7260823,-0.85398891,CCCCC/C=C\C/C=C\CCCCCCCC(=O)OC(C/C=C\CCCCCCCCOC(=O)CCN(CCCN(CCCC)CCCC)CCC(=O)OCCCCCCCC/C=C\CC(CCCCCC)OC(=O)CCCCCCC/C=C\C/C=C\CCCCC)CCCCCC,JW_2024,JW_2024,0
-4.031098,0.477252511,CCCCC/C=C\C/C=C\CCCCCCCC(=O)OC(C/C=C\CCCCCCCCOC(=O)CCN(CCCN(CCCC)CCCC)CCC(=O)OCCCCCCCC/C=C\CC(CCCCCC)OC(=O)CCCCCCC/C=C\C/C=C\CCCCC)CCCCCC,JW_2024,JW_2024,1
-2.509944,-0.701076044,CCCCC/C=C\C/C=C\CCCCCCCC(=O)OC(C/C=C\CCCCCCCCOC(=O)CCN(CCCN(CCCC)CCCC)CCC(=O)OCCCCCCCC/C=C\CC(CCCCCC)OC(=O)CCCCCCC/C=C\C/C=C\CCCCC)CCCCCC,JW_2024,JW_2024,0
-2.9815032,0.441273013,CCCCC/C=C\C/C=C\CCCCCCCC(=O)OC(C/C=C\CCCCCCCCOC(=O)CCN(CCCN(CCCC)CCCC)CCC(=O)OCCCCCCCC/C=C\CC(CCCCCC)OC(=O)CCCCCCC/C=C\C/C=C\CCCCC)CCCCCC,JW_2024,JW_2024,1
-2.8988562,-0.206357948,CCCCC/C=C\C/C=C\CCCCCCCC(=O)OC(C/C=C\CCCCCCCCOC(=O)CCN(CCCN(CCCC)CCCC)CCC(=O)OCCCCCCCC/C=C\CC(CCCCCC)OC(=O)CCCCCCC/C=C\C/C=C\CCCCC)CCCCCC,JW_2024,JW_2024,0
-3.903957,-0.503188806,CCCCC/C=C\C/C=C\CCCCCCCC(=O)OC(C/C=C\CCCCCCCCOC(=O)CCN(CCCN(CCCC)CCCC)CCC(=O)OCCCCCCCC/C=C\CC(CCCCCC)OC(=O)CCCCCCC/C=C\C/C=C\CCCCC)CCCCCC,JW_2024,JW_2024,0
-4.264934,-0.701076044,CCCCC/C=C\C/C=C\CCCCCCCC(=O)OC(C/C=C\CCCCCCCCOC(=O)CCN(CCCN(CCCC)CCCC)CCC(=O)OCCCCCCCC/C=C\CC(CCCCCC)OC(=O)CCCCCCC/C=C\C/C=C\CCCCC)CCCCCC,JW_2024,JW_2024,0
-3.697622,-0.458214434,CCCCC/C=C\C/C=C\CCCCCCCC(=O)OC(C/C=C\CCCCCCCCOC(=O)CCN(CCCN(CCCC)CCCC)CCC(=O)OCCCCCCCC/C=C\CC(CCCCCC)OC(=O)CCCCCCC/C=C\C/C=C\CCCCC)CCCCCC,JW_2024,JW_2024,0
-1.4687467,0.225396026,CCCCCCCC/C=C\CCCCCCCCCCCC(=O)OC(C/C=C\CCCCCCCCOC(=O)CCN(CCCN(CC)CC)CCC(=O)OCCCCCCCC/C=C\CC(CCCCCC)OC(=O)CCCCCCCCCCC/C=C\CCCCCCCC)CCCCCC,JW_2024,JW_2024,1
-1.5828506,0.846042365,CCCCCCCC/C=C\CCCCCCCCCCCC(=O)OC(C/C=C\CCCCCCCCOC(=O)CCN(CCCN(CC)CC)CCC(=O)OCCCCCCCC/C=C\CC(CCCCCC)OC(=O)CCCCCCCCCCC/C=C\CCCCCCCC)CCCCCC,JW_2024,JW_2024,1
-5.2658443,1.214832218,CCCCC/C=C\CCC(=O)OC(C/C=C\CCCCCCCCOC(=O)CCN(C)CCO)CCCCCC,JW_2024,JW_2024,1
-6.5641184,0.459262762,CCCCC/C=C\CCC(=O)OC(C/C=C\CCCCCCCCOC(=O)CCN(C)CCO)CCCCCC,JW_2024,JW_2024,1
-1.3391616,0.25238065,CCCCCC/C=C\CCCCCCCC(=O)OC(C/C=C\CCCCCCCCOC(=O)CCN(CCCN(CC)CC)CCC(=O)OCCCCCCCC/C=C\CC(CCCCCC)OC(=O)CCCCCCC/C=C\CCCCCCC)CCCCCC,JW_2024,JW_2024,1
-1.9116198,0.585191005,CCCCCC/C=C\CCCCCCCC(=O)OC(C/C=C\CCCCCCCCOC(=O)CCN(CCCN(CC)CC)CCC(=O)OCCCCCCCC/C=C\CC(CCCCCC)OC(=O)CCCCCCC/C=C\CCCCCCC)CCCCCC,JW_2024,JW_2024,1
-2.497463,0.944985984,CCCCCC/C=C\CCCCCCCC(=O)OC(C/C=C\CCCCCCCCOC(=O)CCN(CCCN(C)C)CCC(=O)OCCCCCCCC/C=C\CC(CCCCCC)OC(=O)CCCCCCC/C=C\CCCCCCC)CCCCCC,JW_2024,JW_2024,1
-3.0366833,0.540216633,CCCCCC/C=C\CCCCCCCC(=O)OC(C/C=C\CCCCCCCCOC(=O)CCN(CCCN(C)C)CCC(=O)OCCCCCCCC/C=C\CC(CCCCCC)OC(=O)CCCCCCC/C=C\CCCCCCC)CCCCCC,JW_2024,JW_2024,1
-1.3197881,0.234390901,CCCCCCCC/C=C\CCCCCCCCCC(=O)OC(C/C=C\CCCCCCCCOC(=O)CCN(CCCN(CC)CC)CCC(=O)OCCCCCCCC/C=C\CC(CCCCCC)OC(=O)CCCCCCCCC/C=C\CCCCCCCC)CCCCCC,JW_2024,JW_2024,1
-1.4482228,0.423283264,CCCCCCCC/C=C\CCCCCCCCCC(=O)OC(C/C=C\CCCCCCCCOC(=O)CCN(CCCN(CC)CC)CCC(=O)OCCCCCCCC/C=C\CC(CCCCCC)OC(=O)CCCCCCCCC/C=C\CCCCCCCC)CCCCCC,JW_2024,JW_2024,1
-2.2189472,1.376739958,CCCCCCCC/C=C\CCCCCCCCCC(=O)OC(C/C=C\CCCCCCCCOC(=O)CCN(CCCN(C)C)CCC(=O)OCCCCCCCC/C=C\CC(CCCCCC)OC(=O)CCCCCCCCC/C=C\CCCCCCCC)CCCCCC,JW_2024,JW_2024,2
-2.1362557,0.711119248,CCCCCCCC/C=C\CCCCCCCCCC(=O)OC(C/C=C\CCCCCCCCOC(=O)CCN(CCCN(C)C)CCC(=O)OCCCCCCCC/C=C\CC(CCCCCC)OC(=O)CCCCCCCCC/C=C\CCCCCCCC)CCCCCC,JW_2024,JW_2024,1
-1.6938092,0.49524226,CCCC/C=C\CCCCCCCCC(=O)OC(C/C=C\CCCCCCCCOC(=O)CCN(CCCN(CC)CC)CCC(=O)OCCCCCCCC/C=C\CC(CCCCCC)OC(=O)CCCCCCCC/C=C\CCCC)CCCCCC,JW_2024,JW_2024,1
-2.3513174,0.621170503,CCCC/C=C\CCCCCCCCC(=O)OC(C/C=C\CCCCCCCCOC(=O)CCN(CCCN(CC)CC)CCC(=O)OCCCCCCCC/C=C\CC(CCCCCC)OC(=O)CCCCCCCC/C=C\CCCC)CCCCCC,JW_2024,JW_2024,1
-2.3215857,-0.483910812,CCCCCCCC/C=C\CCCCCCCC(=O)OCCCCCC(O)C(CCCCOC(=O)CCCCCCC/C=C\CCCCCCCC)CN1CCN(C)CC1,JW_2024,JW_2024,0
-2.1554534,0.969575679,CCCCCCCC/C=C\CCCCCCCC(=O)OCCCCCC(O)C(CCCCOC(=O)CCCCCCC/C=C\CCCCCCCC)CN1CCN(C)CC1,JW_2024,JW_2024,1
-2.9770448,0.283660706,CCCCCCCC/C=C\CCCCCCCC(=O)OCCCCCC(O)C(CCCCOC(=O)CCCCCCC/C=C\CCCCCCCC)CN1CCN(C)CC1,JW_2024,JW_2024,1
-2.0713081,-0.394088613,CCCCCCCC/C=C\CCCCCCCC(=O)OCCCCCC(O)C(CCCCOC(=O)CCCCCCC/C=C\CCCCCCCC)CN1CCN(C)CC1,JW_2024,JW_2024,0
-2.7743354,-0.581898665,CCCCCCCC/C=C\CCCCCCCC(=O)OCCCCCC(O)C(CCCCOC(=O)CCCCCCC/C=C\CCCCCCCC)CN1CCN(C)CC1,JW_2024,JW_2024,0
-3.7583272,-0.704383482,CCCCCCCC/C=C\CCCCCCCC(=O)OCCCCCC(O)C(CCCCOC(=O)CCCCCCC/C=C\CCCCCCCC)CN1CCN(C)CC1,JW_2024,JW_2024,0
-3.004323,0.406145522,CCCCCCCC/C=C\CCCCCCCC(=O)OCCCCCC(O)C(CCCCOC(=O)CCCCCCC/C=C\CCCCCCCC)CN1CCN(C)CC1,JW_2024,JW_2024,1
-2.8750367,0.161175889,CCCCCCCC/C=C\CCCCCCCC(=O)OCCCCCC(O)C(CCCCOC(=O)CCCCCCC/C=C\CCCCCCCC)CN1CCN(C)CC1,JW_2024,JW_2024,1
-2.4179206,1.39418971,CCCCCCCC/C=C\CCCCCCCC(=O)OCCCCCC(O)C(CCCCOC(=O)CCCCCCC/C=C\CCCCCCCC)CN1CCN(C)CC1,JW_2024,JW_2024,2
-3.0026774,-0.59006432,CCCCCCCC/C=C\CCCCCCCC(=O)OCCCCCC(O)C(CCCCOC(=O)CCCCCCC/C=C\CCCCCCCC)CN1CCN(C)CC1,JW_2024,JW_2024,0
-3.382455,1.157385731,CCCCCCCC/C=C\CCCCCCCC(=O)OCCCCCC(O)C(CCCCOC(=O)CCCCCCC/C=C\CCCCCCCC)CN1CCN(C)CC1,JW_2024,JW_2024,1
-2.0942326,0.185672852,CCCCCCCC/C=C\CCCCCCCC(=O)OCCCCCC(O)C(CCCCOC(=O)CCCCCCC/C=C\CCCCCCCC)CN1CCN(C)CC1,JW_2024,JW_2024,1
-2.3653557,0.07135369,CCCCCCCC/C=C\CCCCCCCC(=O)OCCCCCC(O)C(CCCCOC(=O)CCCCCCC/C=C\CCCCCCCC)CN1CCN(C)CC1,JW_2024,JW_2024,1
-3.2319622,0.242832433,CCCCCCCC/C=C\CCCCCCCC(=O)OCCCCCC(O)C(CCCCOC(=O)CCCCCCC/C=C\CCCCCCCC)CN1CCN(C)CC1,JW_2024,JW_2024,1
-2.53886,0.716440391,CCCCCCCC/C=C\CCCCCCCC(=O)OCCCCCC(O)C(CCCCOC(=O)CCCCCCC/C=C\CCCCCCCC)CN1CCN(C)CC1,JW_2024,JW_2024,1
-3.3480973,1.02673526,CCCCCCCC/C=C\CCCCCCCC(=O)OCCCCCC(O)C(CCCCOC(=O)CCCCCCC/C=C\CCCCCCCC)CN1CCN(C)CC1,JW_2024,JW_2024,1
-3.1617491,0.58578992,CCCCCCCC/C=C\CCCCCCCC(=O)OCCCCCC(O)C(CCCCOC(=O)CCCCCCC/C=C\CCCCCCCC)CN1CCN(C)CC1,JW_2024,JW_2024,1
-2.8981926,0.855256517,CCCCCCCC/C=C\CCCCCCCC(=O)OCCCCCC(O)C(CCCCOC(=O)CCCCCCC/C=C\CCCCCCCC)CN1CCN(C)CC1,JW_2024,JW_2024,1
-1.6852366,0.863422171,CCCCCCCC/C=C\CCCCCCCC(=O)OCCCCCC(O)C(CCCCOC(=O)CCCCCCC/C=C\CCCCCCCC)CN1CCN(C)CC1,JW_2024,JW_2024,1
-2.351745,-0.034799818,CCCCCCCC/C=C\CCCCCCCC(=O)OCCCCCC(O)C(CCCCOC(=O)CCCCCCC/C=C\CCCCCCCC)CN1CCN(C)CC1,JW_2024,JW_2024,0
-3.587369,1.647324998,CCCCCCCC/C=C\CCCCCCCC(=O)OCCCCCC(O)C(CCCCOC(=O)CCCCCCC/C=C\CCCCCCCC)CN1CCN(C)CC1,JW_2024,JW_2024,2
-4.0021605,-0.892193534,CCCCCCCC/C=C\CCCCCCCC(=O)OCCCCCC(O)C(CCCCOC(=O)CCCCCCC/C=C\CCCCCCCC)CN(C)CCCn1cccn1,JW_2024,JW_2024,0
-4.0033827,0.324488978,CCCCCCCC/C=C\CCCCCCCC(=O)OCCCCCC(O)C(CCCCOC(=O)CCCCCCC/C=C\CCCCCCCC)CN(C)CCCn1cccn1,JW_2024,JW_2024,1
-4.487216,0.046856727,CCCCCCCC/C=C\CCCCCCCC(=O)OCCCCCC(O)C(CCCCOC(=O)CCCCCCC/C=C\CCCCCCCC)CN(C)CCCn1cccn1,JW_2024,JW_2024,1
-3.5528297,-0.728880445,CCCCCCCC/C=C\CCCCCCCC(=O)OCCCCCC(O)C(CCCCOC(=O)CCCCCCC/C=C\CCCCCCCC)CN(C)CCCn1cccn1,JW_2024,JW_2024,0
-4.3342333,-0.900359189,CCCCCCCC/C=C\CCCCCCCC(=O)OCCCCCC(O)C(CCCCOC(=O)CCCCCCC/C=C\CCCCCCCC)CN(C)CCCn1cccn1,JW_2024,JW_2024,0
-5.1882024,-1.014678351,CCCCCCCC/C=C\CCCCCCCC(=O)OCCCCCC(O)C(CCCCOC(=O)CCCCCCC/C=C\CCCCCCCC)CN(C)CCCn1cccn1,JW_2024,JW_2024,0
-4.025984,0.340820287,CCCCCCCC/C=C\CCCCCCCC(=O)OCCCCCC(O)C(CCCCOC(=O)CCCCCCC/C=C\CCCCCCCC)CN(C)CCCn1cccn1,JW_2024,JW_2024,1
-5.033635,-1.365801492,CCCCCCCC/C=C\CCCCCCCC(=O)OCCCCCC(O)C(CCCCOC(=O)CCCCCCC/C=C\CCCCCCCC)CN(C)CCCn1cccn1,JW_2024,JW_2024,0
-4.457517,1.32069882,CCCCCCCC/C=C\CCCCCCCC(=O)OCCCCCC(O)C(CCCCOC(=O)CCCCCCC/C=C\CCCCCCCC)CN(C)CCCn1cccn1,JW_2024,JW_2024,2
-4.882256,0.185672852,CCCCCCCC/C=C\CCCCCCCC(=O)OCCCCCC(O)C(CCCCOC(=O)CCCCCCC/C=C\CCCCCCCC)CN(C)CCCn1cccn1,JW_2024,JW_2024,1
-4.9894204,0.994072642,CCCCCCCC/C=C\CCCCCCCC(=O)OCCCCCC(O)C(CCCCOC(=O)CCCCCCC/C=C\CCCCCCCC)CN(C)CCCn1cccn1,JW_2024,JW_2024,1
-4.7410007,0.120347617,CCCCCCCC/C=C\CCCCCCCC(=O)OCCCCCC(O)C(CCCCOC(=O)CCCCCCC/C=C\CCCCCCCC)CN(C)CCCn1cccn1,JW_2024,JW_2024,1
-4.837723,-1.308641911,CCCCCCCC/C=C\CCCCCCCC(=O)OCCCCCC(O)C(CCCCOC(=O)CCCCCCC/C=C\CCCCCCCC)CN(C)CCCn1cccn1,JW_2024,JW_2024,0
-5.0504165,-0.263438142,CCCCCCCC/C=C\CCCCCCCC(=O)OCCCCCC(O)C(CCCCOC(=O)CCCCCCC/C=C\CCCCCCCC)CN(C)CCCn1cccn1,JW_2024,JW_2024,0
-3.7101161,0.724606046,CCCCCCCC/C=C\CCCCCCCC(=O)OCCCCCC(O)C(CCCCOC(=O)CCCCCCC/C=C\CCCCCCCC)CN(C)CCCn1cccn1,JW_2024,JW_2024,1
-4.6181855,-0.549236048,CCCCCCCC/C=C\CCCCCCCC(=O)OCCCCCC(O)C(CCCCOC(=O)CCCCCCC/C=C\CCCCCCCC)CN(C)CCCn1cccn1,JW_2024,JW_2024,0
-5.0270314,0.504133376,CCCCCCCC/C=C\CCCCCCCC(=O)OCCCCCC(O)C(CCCCOC(=O)CCCCCCC/C=C\CCCCCCCC)CN(C)CCCn1cccn1,JW_2024,JW_2024,1
-4.504751,-0.181781598,CCCCCCCC/C=C\CCCCCCCC(=O)OCCCCCC(O)C(CCCCOC(=O)CCCCCCC/C=C\CCCCCCCC)CN(C)CCCn1cccn1,JW_2024,JW_2024,0
-5.0322285,1.239042276,CCCCCCCC/C=C\CCCCCCCC(=O)OCCCCCC(O)C(CCCCOC(=O)CCCCCCC/C=C\CCCCCCCC)CN(C)CCCn1cccn1,JW_2024,JW_2024,1
-4.411337,1.043066569,CCCCCCCC/C=C\CCCCCCCC(=O)OCCCCCC(O)C(CCCCOC(=O)CCCCCCC/C=C\CCCCCCCC)CN(C)CCCn1cccn1,JW_2024,JW_2024,1
-4.3675485,0.700109082,CCCCCCCC/C=C\CCCCCCCC(=O)OCCCCCC(O)C(CCCCOC(=O)CCCCCCC/C=C\CCCCCCCC)CN(C)CCCn1cccn1,JW_2024,JW_2024,1
-3.8362975,0.863422171,CCCCCCCC/C=C\CCCCCCCC(=O)OCCCCCC(O)C(CCCCOC(=O)CCCCCCC/C=C\CCCCCCCC)CN(C)CCCn1cccn1,JW_2024,JW_2024,1
-4.0668917,-0.353260341,CCCCCCCC/C=C\CCCCCCCC(=O)OCCCCCC(O)C(CCCCOC(=O)CCCCCCC/C=C\CCCCCCCC)CN(C)CCCn1cccn1,JW_2024,JW_2024,0
-4.7018414,1.165551386,CCCCCCCC/C=C\CCCCCCCC(=O)OCCCCCC(O)C(CCCCOC(=O)CCCCCCC/C=C\CCCCCCCC)CN(C)CCCn1cccn1,JW_2024,JW_2024,1
-4.0799713,-1.349470183,CCCCCCCC/C=C\CCCCCCCC(=O)OCCCCCC(O)C(CCCCOC(=O)CCCCCCC/C=C\CCCCCCCC)CN(C)Cc1cccnc1,JW_2024,JW_2024,0
-4.0258355,-1.226985367,CCCCCCCC/C=C\CCCCCCCC(=O)OCCCCCC(O)C(CCCCOC(=O)CCCCCCC/C=C\CCCCCCCC)CN(C)Cc1cccnc1,JW_2024,JW_2024,0
-4.3753586,-1.349470183,CCCCCCCC/C=C\CCCCCCCC(=O)OCCCCCC(O)C(CCCCOC(=O)CCCCCCC/C=C\CCCCCCCC)CN(C)Cc1cccnc1,JW_2024,JW_2024,0
-3.8129408,-1.357635838,CCCCCCCC/C=C\CCCCCCCC(=O)OCCCCCC(O)C(CCCCOC(=O)CCCCCCC/C=C\CCCCCCCC)CN(C)Cc1cccnc1,JW_2024,JW_2024,0
-4.4632335,-1.814912487,CCCCCCCC/C=C\CCCCCCCC(=O)OCCCCCC(O)C(CCCCOC(=O)CCCCCCC/C=C\CCCCCCCC)CN(C)Cc1cccnc1,JW_2024,JW_2024,0
-5.104389,-2.72130013,CCCCCCCC/C=C\CCCCCCCC(=O)OCCCCCC(O)C(CCCCOC(=O)CCCCCCC/C=C\CCCCCCCC)CN(C)Cc1cccnc1,JW_2024,JW_2024,0
-4.1914597,-0.214444216,CCCCCCCC/C=C\CCCCCCCC(=O)OCCCCCC(O)C(CCCCOC(=O)CCCCCCC/C=C\CCCCCCCC)CN(C)Cc1cccnc1,JW_2024,JW_2024,0
-4.9176164,-2.623312276,CCCCCCCC/C=C\CCCCCCCC(=O)OCCCCCC(O)C(CCCCOC(=O)CCCCCCC/C=C\CCCCCCCC)CN(C)Cc1cccnc1,JW_2024,JW_2024,0
-4.290988,-1.202488403,CCCCCCCC/C=C\CCCCCCCC(=O)OCCCCCC(O)C(CCCCOC(=O)CCCCCCC/C=C\CCCCCCCC)CN(C)Cc1cccnc1,JW_2024,JW_2024,0
-4.7924204,-1.226985367,CCCCCCCC/C=C\CCCCCCCC(=O)OCCCCCC(O)C(CCCCOC(=O)CCCCCCC/C=C\CCCCCCCC)CN(C)Cc1cccnc1,JW_2024,JW_2024,0
-4.769835,-0.410419922,CCCCCCCC/C=C\CCCCCCCC(=O)OCCCCCC(O)C(CCCCOC(=O)CCCCCCC/C=C\CCCCCCCC)CN(C)Cc1cccnc1,JW_2024,JW_2024,0
-4.5618944,-1.235151021,CCCCCCCC/C=C\CCCCCCCC(=O)OCCCCCC(O)C(CCCCOC(=O)CCCCCCC/C=C\CCCCCCCC)CN(C)Cc1cccnc1,JW_2024,JW_2024,0
-4.7853484,-0.933021807,CCCCCCCC/C=C\CCCCCCCC(=O)OCCCCCC(O)C(CCCCOC(=O)CCCCCCC/C=C\CCCCCCCC)CN(C)Cc1cccnc1,JW_2024,JW_2024,0
-5.057049,-1.006512697,CCCCCCCC/C=C\CCCCCCCC(=O)OCCCCCC(O)C(CCCCOC(=O)CCCCCCC/C=C\CCCCCCCC)CN(C)Cc1cccnc1,JW_2024,JW_2024,0
-4.8217998,-0.647223901,CCCCCCCCCCCCCCCC(=O)OCCCCCC(O)C(CCCCOC(=O)CCCCCCCCCCCCCCC)CN(C)CCCn1cccn1,JW_2024,JW_2024,0
-4.7510324,-0.394088613,CCCCCCCCCCCCCCCC(=O)OCCCCCC(O)C(CCCCOC(=O)CCCCCCCCCCCCCCC)CN(C)CCCn1cccn1,JW_2024,JW_2024,0
-5.1492233,-0.271603797,CCCCCCCCCCCCCCCC(=O)OCCCCCC(O)C(CCCCOC(=O)CCCCCCCCCCCCCCC)CN(C)CCCn1cccn1,JW_2024,JW_2024,0
-4.5526323,-0.573733011,CCCCCCCCCCCCCCCC(=O)OCCCCCC(O)C(CCCCOC(=O)CCCCCCCCCCCCCCC)CN(C)CCCn1cccn1,JW_2024,JW_2024,0
-5.4176326,-0.835033953,CCCCCCCCCCCCCCCC(=O)OCCCCCC(O)C(CCCCOC(=O)CCCCCCCCCCCCCCC)CN(C)CCCn1cccn1,JW_2024,JW_2024,0
-5.4138627,-0.010302854,CCCCCCCCCCCCCCCC(=O)OCCCCCC(O)C(CCCCOC(=O)CCCCCCCCCCCCCCC)CN(C)CCCn1cccn1,JW_2024,JW_2024,0
-4.872714,0.651115156,CCCCCCCCCCCCCCCC(=O)OCCCCCC(O)C(CCCCOC(=O)CCCCCCCCCCCCCCC)CN(C)CCCn1cccn1,JW_2024,JW_2024,1
-5.4937234,-0.679886519,CCCCCCCCCCCCCCCC(=O)OCCCCCC(O)C(CCCCOC(=O)CCCCCCCCCCCCCCC)CN(C)CCCn1cccn1,JW_2024,JW_2024,0
-5.034502,0.887919134,CCCCCCCCCCCCCCCC(=O)OCCCCCC(O)C(CCCCOC(=O)CCCCCCCCCCCCCCC)CN(C)CCCn1cccn1,JW_2024,JW_2024,1
-5.4962587,-0.598229974,CCCCCCCCCCCCCCCC(=O)OCCCCCC(O)C(CCCCOC(=O)CCCCCCCCCCCCCCC)CN(C)CCCn1cccn1,JW_2024,JW_2024,0
-5.5334864,1.132888768,CCCCCCCCCCCCCCCC(=O)OCCCCCC(O)C(CCCCOC(=O)CCCCCCCCCCCCCCC)CN(C)CCCn1cccn1,JW_2024,JW_2024,1
-5.4293118,-0.22260987,CCCCCCCCCCCCCCCC(=O)OCCCCCC(O)C(CCCCOC(=O)CCCCCCCCCCCCCCC)CN(C)CCCn1cccn1,JW_2024,JW_2024,0
-5.2984853,-0.622726938,CCCCCCCCCCCCCCCC(=O)OCCCCCC(O)C(CCCCOC(=O)CCCCCCCCCCCCCCC)CN(C)CCCn1cccn1,JW_2024,JW_2024,0
-5.3588634,-0.214444216,CCCCCCCCCCCCCCCC(=O)OCCCCCC(O)C(CCCCOC(=O)CCCCCCCCCCCCCCC)CN(C)CCCn1cccn1,JW_2024,JW_2024,0
-4.662971,0.765434318,CCCCCCCCCCCCCCCC(=O)OCCCCCC(O)C(CCCCOC(=O)CCCCCCCCCCCCCCC)CN(C)CCCn1cccn1,JW_2024,JW_2024,1
-5.177522,-1.014678351,CCCCCCCCCCCCCCCC(=O)OCCCCCC(O)C(CCCCOC(=O)CCCCCCCCCCCCCCC)CN(C)CCCn1cccn1,JW_2024,JW_2024,0
-5.605107,0.030525418,CCCCCCCCCCCCCCCC(=O)OCCCCCC(O)C(CCCCOC(=O)CCCCCCCCCCCCCCC)CN(C)CCCn1cccn1,JW_2024,JW_2024,1
-5.655382,0.046856727,CCCCCCCCCCCCCCCC(=O)OCCCCCC(O)C(CCCCOC(=O)CCCCCCCCCCCCCCC)CN(C)CCCn1cccn1,JW_2024,JW_2024,1
-5.1817636,1.165551386,CCCCCCCCCCCCCCCC(=O)OCCCCCC(O)C(CCCCOC(=O)CCCCCCCCCCCCCCC)CN(C)CCCn1cccn1,JW_2024,JW_2024,1
-5.147236,0.969575679,CCCCCCCCCCCCCCCC(=O)OCCCCCC(O)C(CCCCOC(=O)CCCCCCCCCCCCCCC)CN(C)CCCn1cccn1,JW_2024,JW_2024,1
-5.477514,1.386024055,CCCCCCCCCCCCCCCC(=O)OCCCCCC(O)C(CCCCOC(=O)CCCCCCCCCCCCCCC)CN(C)CCCn1cccn1,JW_2024,JW_2024,2
-4.6995006,1.02673526,CCCCCCCCCCCCCCCC(=O)OCCCCCC(O)C(CCCCOC(=O)CCCCCCCCCCCCCCC)CN(C)CCCn1cccn1,JW_2024,JW_2024,1
-4.7642465,-0.198112907,CCCCCCCCCCCCCCCC(=O)OCCCCCC(O)C(CCCCOC(=O)CCCCCCCCCCCCCCC)CN(C)CCCn1cccn1,JW_2024,JW_2024,0
-5.5527096,1.39418971,CCCCCCCCCCCCCCCC(=O)OCCCCCC(O)C(CCCCOC(=O)CCCCCCCCCCCCCCC)CN(C)CCCn1cccn1,JW_2024,JW_2024,2
-4.0021605,-0.361425995,CCCCCCCC/C=C\CCCCCCCC(=O)OCCCCCC(O)C(CCCCOC(=O)CCCCCCC/C=C\CCCCCCCC)CN(C)CCCn1cccn1,JW_2024,JW_2024,0
-4.0033827,0.07135369,CCCCCCCC/C=C\CCCCCCCC(=O)OCCCCCC(O)C(CCCCOC(=O)CCCCCCC/C=C\CCCCCCCC)CN(C)CCCn1cccn1,JW_2024,JW_2024,1
-4.487216,0.740937354,CCCCCCCC/C=C\CCCCCCCC(=O)OCCCCCC(O)C(CCCCOC(=O)CCCCCCC/C=C\CCCCCCCC)CN(C)CCCn1cccn1,JW_2024,JW_2024,1
-3.5528297,-0.361425995,CCCCCCCC/C=C\CCCCCCCC(=O)OCCCCCC(O)C(CCCCOC(=O)CCCCCCC/C=C\CCCCCCCC)CN(C)CCCn1cccn1,JW_2024,JW_2024,0
-4.3342333,0.030525418,CCCCCCCC/C=C\CCCCCCCC(=O)OCCCCCC(O)C(CCCCOC(=O)CCCCCCC/C=C\CCCCCCCC)CN(C)CCCn1cccn1,JW_2024,JW_2024,1
-5.1882024,-0.36959165,CCCCCCCC/C=C\CCCCCCCC(=O)OCCCCCC(O)C(CCCCOC(=O)CCCCCCC/C=C\CCCCCCCC)CN(C)CCCn1cccn1,JW_2024,JW_2024,0
-4.025984,0.422476831,CCCCCCCC/C=C\CCCCCCCC(=O)OCCCCCC(O)C(CCCCOC(=O)CCCCCCC/C=C\CCCCCCCC)CN(C)CCCn1cccn1,JW_2024,JW_2024,1
-5.033635,-0.459413849,CCCCCCCC/C=C\CCCCCCCC(=O)OCCCCCC(O)C(CCCCOC(=O)CCCCCCC/C=C\CCCCCCCC)CN(C)CCCn1cccn1,JW_2024,JW_2024,0
-4.457517,0.544961648,CCCCCCCC/C=C\CCCCCCCC(=O)OCCCCCC(O)C(CCCCOC(=O)CCCCCCC/C=C\CCCCCCCC)CN(C)CCCn1cccn1,JW_2024,JW_2024,1
-4.882256,-0.263438142,CCCCCCCC/C=C\CCCCCCCC(=O)OCCCCCC(O)C(CCCCOC(=O)CCCCCCC/C=C\CCCCCCCC)CN(C)CCCn1cccn1,JW_2024,JW_2024,0
-4.9894204,0.904250443,CCCCCCCC/C=C\CCCCCCCC(=O)OCCCCCC(O)C(CCCCOC(=O)CCCCCCC/C=C\CCCCCCCC)CN(C)CCCn1cccn1,JW_2024,JW_2024,1
-4.7410007,0.389814213,CCCCCCCC/C=C\CCCCCCCC(=O)OCCCCCC(O)C(CCCCOC(=O)CCCCCCC/C=C\CCCCCCCC)CN(C)CCCn1cccn1,JW_2024,JW_2024,1
-4.837723,-1.145328822,CCCCCCCC/C=C\CCCCCCCC(=O)OCCCCCC(O)C(CCCCOC(=O)CCCCCCC/C=C\CCCCCCCC)CN(C)CCCn1cccn1,JW_2024,JW_2024,0
-5.0504165,0.822593899,CCCCCCCC/C=C\CCCCCCCC(=O)OCCCCCC(O)C(CCCCOC(=O)CCCCCCC/C=C\CCCCCCCC)CN(C)CCCn1cccn1,JW_2024,JW_2024,1
-3.7101161,0.022359763,CCCCCCCC/C=C\CCCCCCCC(=O)OCCCCCC(O)C(CCCCOC(=O)CCCCCCC/C=C\CCCCCCCC)CN(C)CCCn1cccn1,JW_2024,JW_2024,0
-5.0270314,0.7327717,CCCCCCCC/C=C\CCCCCCCC(=O)OCCCCCC(O)C(CCCCOC(=O)CCCCCCC/C=C\CCCCCCCC)CN(C)CCCn1cccn1,JW_2024,JW_2024,1
-4.504751,0.936913061,CCCCCCCC/C=C\CCCCCCCC(=O)OCCCCCC(O)C(CCCCOC(=O)CCCCCCC/C=C\CCCCCCCC)CN(C)CCCn1cccn1,JW_2024,JW_2024,1
-5.0322285,0.487802067,CCCCCCCC/C=C\CCCCCCCC(=O)OCCCCCC(O)C(CCCCOC(=O)CCCCCCC/C=C\CCCCCCCC)CN(C)CCCn1cccn1,JW_2024,JW_2024,1
-5.069288,-1.978225575,CCCCC/C=C\C/C=C\CCCCCCCC(=O)OCCCCCC(O)C(CCCCOC(=O)CCCCCCC/C=C\C/C=C\CCCCC)CN(C)Cc1cccnc1,JW_2024,JW_2024,0
-4.798311,-1.414795419,CCCCC/C=C\C/C=C\CCCCCCCC(=O)OCCCCCC(O)C(CCCCOC(=O)CCCCCCC/C=C\C/C=C\CCCCC)CN(C)Cc1cccnc1,JW_2024,JW_2024,0
-5.171125,-1.349470183,CCCCC/C=C\C/C=C\CCCCCCCC(=O)OCCCCCC(O)C(CCCCOC(=O)CCCCCCC/C=C\C/C=C\CCCCC)CN(C)Cc1cccnc1,JW_2024,JW_2024,0
-4.918641,-1.471955,CCCCC/C=C\C/C=C\CCCCCCCC(=O)OCCCCCC(O)C(CCCCOC(=O)CCCCCCC/C=C\C/C=C\CCCCC)CN(C)Cc1cccnc1,JW_2024,JW_2024,0
-5.422865,-1.667930707,CCCCC/C=C\C/C=C\CCCCCCCC(=O)OCCCCCC(O)C(CCCCOC(=O)CCCCCCC/C=C\C/C=C\CCCCC)CN(C)Cc1cccnc1,JW_2024,JW_2024,0
-5.686871,-1.439292382,CCCCC/C=C\C/C=C\CCCCCCCC(=O)OCCCCCC(O)C(CCCCOC(=O)CCCCCCC/C=C\C/C=C\CCCCC)CN(C)Cc1cccnc1,JW_2024,JW_2024,0
-5.2053647,-1.610771125,CCCCC/C=C\C/C=C\CCCCCCCC(=O)OCCCCCC(O)C(CCCCOC(=O)CCCCCCC/C=C\C/C=C\CCCCC)CN(C)Cc1cccnc1,JW_2024,JW_2024,0
-5.352545,-2.125207355,CCCCC/C=C\C/C=C\CCCCCCCC(=O)OCCCCCC(O)C(CCCCOC(=O)CCCCCCC/C=C\C/C=C\CCCCC)CN(C)Cc1cccnc1,JW_2024,JW_2024,0
-4.827085,-0.859530917,CCCCC/C=C\C/C=C\CCCCCCCC(=O)OCCCCCC(O)C(CCCCOC(=O)CCCCCCC/C=C\C/C=C\CCCCC)CN(C)Cc1cccnc1,JW_2024,JW_2024,0
-5.499651,-1.153494477,CCCCC/C=C\C/C=C\CCCCCCCC(=O)OCCCCCC(O)C(CCCCOC(=O)CCCCCCC/C=C\C/C=C\CCCCC)CN(C)Cc1cccnc1,JW_2024,JW_2024,0
-5.4396405,-0.777874372,CCCCC/C=C\C/C=C\CCCCCCCC(=O)OCCCCCC(O)C(CCCCOC(=O)CCCCCCC/C=C\C/C=C\CCCCC)CN(C)Cc1cccnc1,JW_2024,JW_2024,0
-5.0664654,-1.406629764,CCCCC/C=C\C/C=C\CCCCCCCC(=O)OCCCCCC(O)C(CCCCOC(=O)CCCCCCC/C=C\C/C=C\CCCCC)CN(C)Cc1cccnc1,JW_2024,JW_2024,0
-5.5302167,-1.904734685,CCCCC/C=C\C/C=C\CCCCCCCC(=O)OCCCCCC(O)C(CCCCOC(=O)CCCCCCC/C=C\C/C=C\CCCCC)CN(C)Cc1cccnc1,JW_2024,JW_2024,0
-5.6672053,-1.316807565,CCCCC/C=C\C/C=C\CCCCCCCC(=O)OCCCCCC(O)C(CCCCOC(=O)CCCCCCC/C=C\C/C=C\CCCCC)CN(C)Cc1cccnc1,JW_2024,JW_2024,0
-5.202433,-0.492076467,CCCCC/C=C\C/C=C\CCCCCCCC(=O)OCCCCCC(O)C(CCCCOC(=O)CCCCCCC/C=C\C/C=C\CCCCC)CN(C)Cc1cccnc1,JW_2024,JW_2024,0
-5.7699714,0.095850653,CCCCC/C=C\C/C=C\CCCCCCCC(=O)OCCCCCC(O)C(CCCCOC(=O)CCCCCCC/C=C\C/C=C\CCCCC)CN(C)Cc1cccnc1,JW_2024,JW_2024,1
-3.4752064,-1.439292382,CCCCCCCC/C=C\CCCCCCCC(=O)OCCCCCC(O)C(CCCCOC(=O)CCCCCCC/C=C\CCCCCCCC)CN1CCN(c2cccnc2)CC1,JW_2024,JW_2024,0
-3.5894704,-1.921065994,CCCCCCCC/C=C\CCCCCCCC(=O)OCCCCCC(O)C(CCCCOC(=O)CCCCCCC/C=C\CCCCCCCC)CN1CCN(c2cccnc2)CC1,JW_2024,JW_2024,0
-4.357122,-0.924856152,CCCCCCCC/C=C\CCCCCCCC(=O)OCCCCCC(O)C(CCCCOC(=O)CCCCCCC/C=C\CCCCCCCC)CN1CCN(c2cccnc2)CC1,JW_2024,JW_2024,0
-3.2274652,-1.357635838,CCCCCCCC/C=C\CCCCCCCC(=O)OCCCCCC(O)C(CCCCOC(=O)CCCCCCC/C=C\CCCCCCCC)CN1CCN(c2cccnc2)CC1,JW_2024,JW_2024,0
-4.011525,-1.700593324,CCCCCCCC/C=C\CCCCCCCC(=O)OCCCCCC(O)C(CCCCOC(=O)CCCCCCC/C=C\CCCCCCCC)CN1CCN(c2cccnc2)CC1,JW_2024,JW_2024,0
-4.392473,-2.100710392,CCCCCCCC/C=C\CCCCCCCC(=O)OCCCCCC(O)C(CCCCOC(=O)CCCCCCC/C=C\CCCCCCCC)CN1CCN(c2cccnc2)CC1,JW_2024,JW_2024,0
-3.9283764,-1.431126728,CCCCCCCC/C=C\CCCCCCCC(=O)OCCCCCC(O)C(CCCCOC(=O)CCCCCCC/C=C\CCCCCCCC)CN1CCN(c2cccnc2)CC1,JW_2024,JW_2024,0
-4.1413445,-2.811122329,CCCCCCCC/C=C\CCCCCCCC(=O)OCCCCCC(O)C(CCCCOC(=O)CCCCCCC/C=C\CCCCCCCC)CN1CCN(c2cccnc2)CC1,JW_2024,JW_2024,0
-3.9065845,-0.900359189,CCCCCCCC/C=C\CCCCCCCC(=O)OCCCCCC(O)C(CCCCOC(=O)CCCCCCC/C=C\CCCCCCCC)CN1CCN(c2cccnc2)CC1,JW_2024,JW_2024,0
-4.310865,-1.414795419,CCCCCCCC/C=C\CCCCCCCC(=O)OCCCCCC(O)C(CCCCOC(=O)CCCCCCC/C=C\CCCCCCCC)CN1CCN(c2cccnc2)CC1,JW_2024,JW_2024,0
-4.73228,-0.44308254,CCCCCCCC/C=C\CCCCCCCC(=O)OCCCCCC(O)C(CCCCOC(=O)CCCCCCC/C=C\CCCCCCCC)CN1CCN(c2cccnc2)CC1,JW_2024,JW_2024,0
-3.8651674,-1.431126728,CCCCCCCC/C=C\CCCCCCCC(=O)OCCCCCC(O)C(CCCCOC(=O)CCCCCCC/C=C\CCCCCCCC)CN1CCN(c2cccnc2)CC1,JW_2024,JW_2024,0
-4.2610154,-1.757752905,CCCCCCCC/C=C\CCCCCCCC(=O)OCCCCCC(O)C(CCCCOC(=O)CCCCCCC/C=C\CCCCCCCC)CN1CCN(c2cccnc2)CC1,JW_2024,JW_2024,0
-4.6882176,-1.439292382,CCCCCCCC/C=C\CCCCCCCC(=O)OCCCCCC(O)C(CCCCOC(=O)CCCCCCC/C=C\CCCCCCCC)CN1CCN(c2cccnc2)CC1,JW_2024,JW_2024,0
-3.8035583,-0.467579503,CCCCCCCCCCCCCCCC(=O)OCCCCCC(O)C(CCCCOC(=O)CCCCCCCCCCCCCCC)CN1CCN(C)CC1,JW_2024,JW_2024,0
-3.5136523,-0.181781598,CCCCCCCCCCCCCCCC(=O)OCCCCCC(O)C(CCCCOC(=O)CCCCCCCCCCCCCCC)CN1CCN(C)CC1,JW_2024,JW_2024,0
-4.288144,-0.312432069,CCCCCCCCCCCCCCCC(=O)OCCCCCC(O)C(CCCCOC(=O)CCCCCCCCCCCCCCC)CN1CCN(C)CC1,JW_2024,JW_2024,0
-3.7119968,-0.059296781,CCCCCCCCCCCCCCCC(=O)OCCCCCC(O)C(CCCCOC(=O)CCCCCCCCCCCCCCC)CN1CCN(C)CC1,JW_2024,JW_2024,0
-4.372768,-0.851365262,CCCCCCCCCCCCCCCC(=O)OCCCCCC(O)C(CCCCOC(=O)CCCCCCCCCCCCCCC)CN1CCN(C)CC1,JW_2024,JW_2024,0
-4.6626024,-0.328763378,CCCCCCCCCCCCCCCC(=O)OCCCCCC(O)C(CCCCOC(=O)CCCCCCCCCCCCCCC)CN1CCN(C)CC1,JW_2024,JW_2024,0
-4.1071277,0.022359763,CCCCCCCCCCCCCCCC(=O)OCCCCCC(O)C(CCCCOC(=O)CCCCCCCCCCCCCCC)CN1CCN(C)CC1,JW_2024,JW_2024,0
-4.020597,0.046856727,CCCCCCCCCCCCCCCC(=O)OCCCCCC(O)C(CCCCOC(=O)CCCCCCCCCCCCCCC)CN1CCN(C)CC1,JW_2024,JW_2024,1
-3.8037312,0.871587826,CCCCCCCCCCCCCCCC(=O)OCCCCCC(O)C(CCCCOC(=O)CCCCCCCCCCCCCCC)CN1CCN(C)CC1,JW_2024,JW_2024,1
-4.1264453,-0.679886519,CCCCCCCCCCCCCCCC(=O)OCCCCCC(O)C(CCCCOC(=O)CCCCCCCCCCCCCCC)CN1CCN(C)CC1,JW_2024,JW_2024,0
-4.440282,-0.100125053,CCCCCCCCCCCCCCCC(=O)OCCCCCC(O)C(CCCCOC(=O)CCCCCCCCCCCCCCC)CN1CCN(C)CC1,JW_2024,JW_2024,0
-3.9133525,-0.018468509,CCCCCCCCCCCCCCCC(=O)OCCCCCC(O)C(CCCCOC(=O)CCCCCCCCCCCCCCC)CN1CCN(C)CC1,JW_2024,JW_2024,0
-4.0869913,-0.581898665,CCCCCCCCCCCCCCCC(=O)OCCCCCC(O)C(CCCCOC(=O)CCCCCCCCCCCCCCC)CN1CCN(C)CC1,JW_2024,JW_2024,0
-4.621918,-0.198112907,CCCCCCCCCCCCCCCC(=O)OCCCCCC(O)C(CCCCOC(=O)CCCCCCCCCCCCCCC)CN1CCN(C)CC1,JW_2024,JW_2024,0
-3.4705245,0.038691072,CCCCCCCCCCCCCCCC(=O)OCCCCCC(O)C(CCCCOC(=O)CCCCCCCCCCCCCCC)CN1CCN(C)CC1,JW_2024,JW_2024,1
-4.209846,0.569458611,CCCCCCCCCCCCCCCC(=O)OCCCCCC(O)C(CCCCOC(=O)CCCCCCCCCCCCCCC)CN1CCN(C)CC1,JW_2024,JW_2024,1
-4.2765503,0.495967721,CCCCCCCCCCCCCCCC(=O)OCCCCCC(O)C(CCCCOC(=O)CCCCCCCCCCCCCCC)CN1CCN(C)CC1,JW_2024,JW_2024,1
-4.4877777,0.716440391,CCCCCCCCCCCCCCCC(=O)OCCCCCC(O)C(CCCCOC(=O)CCCCCCCCCCCCCCC)CN1CCN(C)CC1,JW_2024,JW_2024,1
-4.723632,0.683777773,CCCCCCCCCCCCCCCC(=O)OCCCCCC(O)C(CCCCOC(=O)CCCCCCCCCCCCCCC)CN1CCN(C)CC1,JW_2024,JW_2024,1
-4.763295,0.95324437,CCCCCCCCCCCCCCCC(=O)OCCCCCC(O)C(CCCCOC(=O)CCCCCCCCCCCCCCC)CN1CCN(C)CC1,JW_2024,JW_2024,1
-3.2302823,1.116557459,CCCCCCCCCCCCCCCC(=O)OCCCCCC(O)C(CCCCOC(=O)CCCCCCCCCCCCCCC)CN1CCN(C)CC1,JW_2024,JW_2024,1
-3.867719,0.838925208,CCCCCCCCCCCCCCCC(=O)OCCCCCC(O)C(CCCCOC(=O)CCCCCCCCCCCCCCC)CN1CCN(C)CC1,JW_2024,JW_2024,1
-5.102772,1.549337144,CCCCCCCCCCCCCCCC(=O)OCCCCCC(O)C(CCCCOC(=O)CCCCCCCCCCCCCCC)CN1CCN(C)CC1,JW_2024,JW_2024,2
-2.6391435,-0.116456362,CCCCCCCC/C=C\CCCCCCCC(=O)OCCCCCC(O)C(CCCCOC(=O)CCCCCCC/C=C\CCCCCCCC)CNCCCN(CCO)CCO,JW_2024,JW_2024,0
-2.623682,-0.524739084,CCCCCCCC/C=C\CCCCCCCC(=O)OCCCCCC(O)C(CCCCOC(=O)CCCCCCC/C=C\CCCCCCCC)CNCCCN(CCO)CCO,JW_2024,JW_2024,0
-3.1549969,-0.51657343,CCCCCCCC/C=C\CCCCCCCC(=O)OCCCCCC(O)C(CCCCOC(=O)CCCCCCC/C=C\CCCCCCCC)CNCCCN(CCO)CCO,JW_2024,JW_2024,0
-2.5478702,0.618452538,CCCCCCCC/C=C\CCCCCCCC(=O)OCCCCCC(O)C(CCCCOC(=O)CCCCCCC/C=C\CCCCCCCC)CNCCCN(CCO)CCO,JW_2024,JW_2024,1
-3.0594044,0.446973794,CCCCCCCC/C=C\CCCCCCCC(=O)OCCCCCC(O)C(CCCCOC(=O)CCCCCCC/C=C\CCCCCCCC)CNCCCN(CCO)CCO,JW_2024,JW_2024,1
-3.2712576,-0.753377409,CCCCCCCC/C=C\CCCCCCCC(=O)OCCCCCC(O)C(CCCCOC(=O)CCCCCCC/C=C\CCCCCCCC)CNCCCN(CCO)CCO,JW_2024,JW_2024,0
-2.8335457,1.043066569,CCCCCCCC/C=C\CCCCCCCC(=O)OCCCCCC(O)C(CCCCOC(=O)CCCCCCC/C=C\CCCCCCCC)CNCCCN(CCO)CCO,JW_2024,JW_2024,1
-3.157262,0.961410024,CCCCCCCC/C=C\CCCCCCCC(=O)OCCCCCC(O)C(CCCCOC(=O)CCCCCCC/C=C\CCCCCCCC)CNCCCN(CCO)CCO,JW_2024,JW_2024,1
-3.2402701,0.87975348,CCCCCCCC/C=C\CCCCCCCC(=O)OCCCCCC(O)C(CCCCOC(=O)CCCCCCC/C=C\CCCCCCCC)CNCCCN(CCO)CCO,JW_2024,JW_2024,1
-3.068825,0.177507198,CCCCCCCC/C=C\CCCCCCCC(=O)OCCCCCC(O)C(CCCCOC(=O)CCCCCCC/C=C\CCCCCCCC)CNCCCN(CCO)CCO,JW_2024,JW_2024,1
-3.1958463,0.414311177,CCCCCCCC/C=C\CCCCCCCC(=O)OCCCCCC(O)C(CCCCOC(=O)CCCCCCC/C=C\CCCCCCCC)CNCCCN(CCO)CCO,JW_2024,JW_2024,1
-3.279017,1.17371704,CCCCCCCC/C=C\CCCCCCCC(=O)OCCCCCC(O)C(CCCCOC(=O)CCCCCCC/C=C\CCCCCCCC)CNCCCN(CCO)CCO,JW_2024,JW_2024,1
-2.560945,1.018569606,CCCCCCCC/C=C\CCCCCCCC(=O)OCCCCCC(O)C(CCCCOC(=O)CCCCCCC/C=C\CCCCCCCC)CNCCCN(CCO)CCO,JW_2024,JW_2024,1
-2.8564394,-0.614561283,CCCCCCCC/C=C\CCCCCCCC(=O)OCCCCCC(O)C(CCCCOC(=O)CCCCCCC/C=C\CCCCCCCC)CNCCCN(CCO)CCO,JW_2024,JW_2024,0
-3.2893302,0.936913061,CCCCCCCC/C=C\CCCCCCCC(=O)OCCCCCC(O)C(CCCCOC(=O)CCCCCCC/C=C\CCCCCCCC)CNCCCN(CCO)CCO,JW_2024,JW_2024,1
-5.3061147,-1.561777199,CCCCCCCCCCCCCCCC(=O)OCCCCCC(O)C(CCCCOC(=O)CCCCCCCCCCCCCCC)CN(C)Cc1cccnc1,JW_2024,JW_2024,0
-5.1473083,-1.186157094,CCCCCCCCCCCCCCCC(=O)OCCCCCC(O)C(CCCCOC(=O)CCCCCCCCCCCCCCC)CN(C)Cc1cccnc1,JW_2024,JW_2024,0
-5.673517,-0.124622017,CCCCCCCCCCCCCCCC(=O)OCCCCCC(O)C(CCCCOC(=O)CCCCCCCCCCCCCCC)CN(C)Cc1cccnc1,JW_2024,JW_2024,0
-5.349538,-1.831243795,CCCCCCCCCCCCCCCC(=O)OCCCCCC(O)C(CCCCOC(=O)CCCCCCCCCCCCCCC)CN(C)Cc1cccnc1,JW_2024,JW_2024,0
-5.950818,-2.100710392,CCCCCCCCCCCCCCCC(=O)OCCCCCC(O)C(CCCCOC(=O)CCCCCCCCCCCCCCC)CN(C)Cc1cccnc1,JW_2024,JW_2024,0
-6.0612097,-2.737631439,CCCCCCCCCCCCCCCC(=O)OCCCCCC(O)C(CCCCOC(=O)CCCCCCCCCCCCCCC)CN(C)Cc1cccnc1,JW_2024,JW_2024,0
-5.733547,-1.512783272,CCCCCCCCCCCCCCCC(=O)OCCCCCC(O)C(CCCCOC(=O)CCCCCCCCCCCCCCC)CN(C)Cc1cccnc1,JW_2024,JW_2024,0
-5.9025073,-2.42733657,CCCCCCCCCCCCCCCC(=O)OCCCCCC(O)C(CCCCOC(=O)CCCCCCCCCCCCCCC)CN(C)Cc1cccnc1,JW_2024,JW_2024,0
-5.4455943,-1.194322749,CCCCCCCCCCCCCCCC(=O)OCCCCCC(O)C(CCCCOC(=O)CCCCCCCCCCCCCCC)CN(C)Cc1cccnc1,JW_2024,JW_2024,0
-5.885713,-1.275979293,CCCCCCCCCCCCCCCC(=O)OCCCCCC(O)C(CCCCOC(=O)CCCCCCCCCCCCCCC)CN(C)Cc1cccnc1,JW_2024,JW_2024,0
-5.9156537,-0.189947252,CCCCCCCCCCCCCCCC(=O)OCCCCCC(O)C(CCCCOC(=O)CCCCCCCCCCCCCCC)CN(C)Cc1cccnc1,JW_2024,JW_2024,0
-5.725737,-1.602605471,CCCCCCCCCCCCCCCC(=O)OCCCCCC(O)C(CCCCOC(=O)CCCCCCCCCCCCCCC)CN(C)Cc1cccnc1,JW_2024,JW_2024,0
-5.9296837,-1.896569031,CCCCCCCCCCCCCCCC(=O)OCCCCCC(O)C(CCCCOC(=O)CCCCCCCCCCCCCCC)CN(C)Cc1cccnc1,JW_2024,JW_2024,0
-6.147312,-1.700593324,CCCCCCCCCCCCCCCC(=O)OCCCCCC(O)C(CCCCOC(=O)CCCCCCCCCCCCCCC)CN(C)Cc1cccnc1,JW_2024,JW_2024,0
-4.4299326,-0.206278561,CCCCC/C=C\C/C=C\CCCCCCCC(=O)OCCCCCC(O)C(CCCCOC(=O)CCCCCCC/C=C\C/C=C\CCCCC)CN1CCN(C)CC1,JW_2024,JW_2024,0
-3.99788,-0.353260341,CCCCC/C=C\C/C=C\CCCCCCCC(=O)OCCCCCC(O)C(CCCCOC(=O)CCCCCCC/C=C\C/C=C\CCCCC)CN1CCN(C)CC1,JW_2024,JW_2024,0
-4.4159694,0.397979868,CCCCC/C=C\C/C=C\CCCCCCCC(=O)OCCCCCC(O)C(CCCCOC(=O)CCCCCCC/C=C\C/C=C\CCCCC)CN1CCN(C)CC1,JW_2024,JW_2024,1
-3.9677649,0.250998088,CCCCC/C=C\C/C=C\CCCCCCCC(=O)OCCCCCC(O)C(CCCCOC(=O)CCCCCCC/C=C\C/C=C\CCCCC)CN1CCN(C)CC1,JW_2024,JW_2024,1
-4.449374,-0.336929032,CCCCC/C=C\C/C=C\CCCCCCCC(=O)OCCCCCC(O)C(CCCCOC(=O)CCCCCCC/C=C\C/C=C\CCCCC)CN1CCN(C)CC1,JW_2024,JW_2024,0
-5.535404,-0.173615943,CCCCC/C=C\C/C=C\CCCCCCCC(=O)OCCCCCC(O)C(CCCCOC(=O)CCCCCCC/C=C\C/C=C\CCCCC)CN1CCN(C)CC1,JW_2024,JW_2024,0
-4.3903637,0.079519344,CCCCC/C=C\C/C=C\CCCCCCCC(=O)OCCCCCC(O)C(CCCCOC(=O)CCCCCCC/C=C\C/C=C\CCCCC)CN1CCN(C)CC1,JW_2024,JW_2024,1
-4.673833,-0.892193534,CCCCC/C=C\C/C=C\CCCCCCCC(=O)OCCCCCC(O)C(CCCCOC(=O)CCCCCCC/C=C\C/C=C\CCCCC)CN1CCN(C)CC1,JW_2024,JW_2024,0
-4.4370255,1.02673526,CCCCC/C=C\C/C=C\CCCCCCCC(=O)OCCCCCC(O)C(CCCCOC(=O)CCCCCCC/C=C\C/C=C\CCCCC)CN1CCN(C)CC1,JW_2024,JW_2024,1
-4.7103333,-0.320597723,CCCCC/C=C\C/C=C\CCCCCCCC(=O)OCCCCCC(O)C(CCCCOC(=O)CCCCCCC/C=C\C/C=C\CCCCC)CN1CCN(C)CC1,JW_2024,JW_2024,0
-4.908854,1.304367511,CCCCC/C=C\C/C=C\CCCCCCCC(=O)OCCCCCC(O)C(CCCCOC(=O)CCCCCCC/C=C\C/C=C\CCCCC)CN1CCN(C)CC1,JW_2024,JW_2024,1
-4.323763,0.169341543,CCCCC/C=C\C/C=C\CCCCCCCC(=O)OCCCCCC(O)C(CCCCOC(=O)CCCCCCC/C=C\C/C=C\CCCCC)CN1CCN(C)CC1,JW_2024,JW_2024,1
-4.731065,-1.700593324,CCCCC/C=C\C/C=C\CCCCCCCC(=O)OCCCCCC(O)C(CCCCOC(=O)CCCCCCC/C=C\C/C=C\CCCCC)CN1CCN(C)CC1,JW_2024,JW_2024,0
-5.229925,-0.753377409,CCCCC/C=C\C/C=C\CCCCCCCC(=O)OCCCCCC(O)C(CCCCOC(=O)CCCCCCC/C=C\C/C=C\CCCCC)CN1CCN(C)CC1,JW_2024,JW_2024,0
-5.08668,0.536795993,CCCCC/C=C\C/C=C\CCCCCCCC(=O)OCCCCCC(O)C(CCCCOC(=O)CCCCCCC/C=C\C/C=C\CCCCC)CN1CCN(C)CC1,JW_2024,JW_2024,1
-4.1045465,0.389814213,CCCCC/C=C\C/C=C\CCCCCCCC(=O)OCCCCCC(O)C(CCCCOC(=O)CCCCCCC/C=C\C/C=C\CCCCC)CN1CCN(C)CC1,JW_2024,JW_2024,1
-4.8282743,0.977741333,CCCCC/C=C\C/C=C\CCCCCCCC(=O)OCCCCCC(O)C(CCCCOC(=O)CCCCCCC/C=C\C/C=C\CCCCC)CN1CCN(C)CC1,JW_2024,JW_2024,1
-5.0058165,1.010403951,CCCCC/C=C\C/C=C\CCCCCCCC(=O)OCCCCCC(O)C(CCCCOC(=O)CCCCCCC/C=C\C/C=C\CCCCC)CN1CCN(C)CC1,JW_2024,JW_2024,1
-4.5481477,1.590165417,CCCCC/C=C\C/C=C\CCCCCCCC(=O)OCCCCCC(O)C(CCCCOC(=O)CCCCCCC/C=C\C/C=C\CCCCC)CN1CCN(C)CC1,JW_2024,JW_2024,2
-3.226741,1.198214003,CCCCC/C=C\C/C=C\CCCCCCCC(=O)OCCCCCC(O)C(CCCCOC(=O)CCCCCCC/C=C\C/C=C\CCCCC)CN1CCN(C)CC1,JW_2024,JW_2024,1
-4.429382,-0.467579503,CCCCC/C=C\C/C=C\CCCCCCCC(=O)OCCCCCC(O)C(CCCCOC(=O)CCCCCCC/C=C\C/C=C\CCCCC)CN1CCN(C)CC1,JW_2024,JW_2024,0
-5.5176506,1.500343218,CCCCC/C=C\C/C=C\CCCCCCCC(=O)OCCCCCC(O)C(CCCCOC(=O)CCCCCCC/C=C\C/C=C\CCCCC)CN1CCN(C)CC1,JW_2024,JW_2024,2
-4.2652154,-1.471955,CCCCCCCCCCCCCCCC(=O)OCCCCCC(O)C(CCCCOC(=O)CCCCCCCCCCCCCCC)CN1CCN(c2cccnc2)CC1,JW_2024,JW_2024,0
-4.424327,-1.080003587,CCCCCCCCCCCCCCCC(=O)OCCCCCC(O)C(CCCCOC(=O)CCCCCCCCCCCCCCC)CN1CCN(c2cccnc2)CC1,JW_2024,JW_2024,0
-4.9785123,-0.336929032,CCCCCCCCCCCCCCCC(=O)OCCCCCC(O)C(CCCCOC(=O)CCCCCCCCCCCCCCC)CN1CCN(c2cccnc2)CC1,JW_2024,JW_2024,0
-4.0929437,-0.614561283,CCCCCCCCCCCCCCCC(=O)OCCCCCC(O)C(CCCCOC(=O)CCCCCCCCCCCCCCC)CN1CCN(c2cccnc2)CC1,JW_2024,JW_2024,0
-4.612757,-2.166035628,CCCCCCCCCCCCCCCC(=O)OCCCCCC(O)C(CCCCOC(=O)CCCCCCCCCCCCCCC)CN1CCN(c2cccnc2)CC1,JW_2024,JW_2024,0
-5.3664274,-2.182366936,CCCCCCCCCCCCCCCC(=O)OCCCCCC(O)C(CCCCOC(=O)CCCCCCCCCCCCCCC)CN1CCN(c2cccnc2)CC1,JW_2024,JW_2024,0
-4.499657,-1.235151021,CCCCCCCCCCCCCCCC(=O)OCCCCCC(O)C(CCCCOC(=O)CCCCCCCCCCCCCCC)CN1CCN(c2cccnc2)CC1,JW_2024,JW_2024,0
-4.922355,-2.027219502,CCCCCCCCCCCCCCCC(=O)OCCCCCC(O)C(CCCCOC(=O)CCCCCCCCCCCCCCC)CN1CCN(c2cccnc2)CC1,JW_2024,JW_2024,0
-4.543252,-1.088169241,CCCCCCCCCCCCCCCC(=O)OCCCCCC(O)C(CCCCOC(=O)CCCCCCCCCCCCCCC)CN1CCN(c2cccnc2)CC1,JW_2024,JW_2024,0
-4.8561134,-1.496451963,CCCCCCCCCCCCCCCC(=O)OCCCCCC(O)C(CCCCOC(=O)CCCCCCCCCCCCCCC)CN1CCN(c2cccnc2)CC1,JW_2024,JW_2024,0
-5.206308,-0.59006432,CCCCCCCCCCCCCCCC(=O)OCCCCCC(O)C(CCCCOC(=O)CCCCCCCCCCCCCCC)CN1CCN(c2cccnc2)CC1,JW_2024,JW_2024,0
-4.6802273,-1.61893678,CCCCCCCCCCCCCCCC(=O)OCCCCCC(O)C(CCCCOC(=O)CCCCCCCCCCCCCCC)CN1CCN(c2cccnc2)CC1,JW_2024,JW_2024,0
-4.8509827,-2.255857826,CCCCCCCCCCCCCCCC(=O)OCCCCCC(O)C(CCCCOC(=O)CCCCCCCCCCCCCCC)CN1CCN(c2cccnc2)CC1,JW_2024,JW_2024,0
-5.142422,-1.422961073,CCCCCCCCCCCCCCCC(=O)OCCCCCC(O)C(CCCCOC(=O)CCCCCCCCCCCCCCC)CN1CCN(c2cccnc2)CC1,JW_2024,JW_2024,0
-2.4709952,0.39822508,CCCCCCCCCOC(=O)CCCCCCCN(CCO)CCCCCCCC(=O)OC(CCCCCCCC)CCCCCCCC,JW_2024,JW_2024,1
-1.634018,-0.768331584,CCCCCCCCCOC(=O)CCCCCCCN(CCO)CCCCCCCC(=O)OC(CCCCCCCC)CCCCCCCC,JW_2024,JW_2024,0
-1.7007968,1.28267327,CCCCCCCCCOC(=O)CCCCCCCN(CCO)CCCCCCCC(=O)OC(CCCCCCCC)CCCCCCCC,JW_2024,JW_2024,1
-1.3604875,0.733705428,CCCCCCCCCOC(=O)CCCCCCCN(CCO)CCCCCCCC(=O)OC(CCCCCCCC)CCCCCCCC,JW_2024,JW_2024,1
-2.5435905,1.679150045,CCCCCCCCCOC(=O)CCCCCCCN(CCO)CCCCCCCC(=O)OC(CCCCCCCC)CCCCCCCC,JW_2024,JW_2024,2
-1.4706483,0.42109874,CCCCCCCCCOC(=O)CCCCCCCN(CCO)CCCCCCCC(=O)OC(CCCCCCCC)CCCCCCCC,JW_2024,JW_2024,1
-1.4379067,0.215235799,CCCCCCCCCOC(=O)CCCCCCCN(CCO)CCCCCCCC(=O)OC(CCCCCCCC)CCCCCCCC,JW_2024,JW_2024,1
-2.2247207,0.665084448,CCCCCCCCCOC(=O)CCCCCCCN(CCO)CCCCCCCC(=O)OC(CCCCCCCC)CCCCCCCC,JW_2024,JW_2024,1
-1.9668627,1.031063009,CCCCCCCCCOC(=O)CCCCCCCN(CCO)CCCCCCCC(=O)OC(CCCCCCCC)CCCCCCCC,JW_2024,JW_2024,1
-1.465951,1.32842059,CCCCCCCCCOC(=O)CCCCCCCN(CCO)CCCCCCCC(=O)OC(CCCCCCCC)CCCCCCCC,JW_2024,JW_2024,2
-1.6179903,1.107308543,CCCCCCCCCOC(=O)CCCCCCCN(CCO)CCCCCCCC(=O)OC(CCCCCCCC)CCCCCCCC,JW_2024,JW_2024,1
-2.4327872,1.831641112,CCCCCCCCCOC(=O)CCCCCCCN(CCO)CCCCCCCC(=O)OC(CCCCCCCC)CCCCCCCC,JW_2024,JW_2024,2
-2.0914598,1.885012985,CCCCCCCCCOC(=O)CCCCCCCN(CCO)CCCCCCCC(=O)OC(CCCCCCCC)CCCCCCCC,JW_2024,JW_2024,2
-2.2684371,1.785893792,CCCCCCCCCOC(=O)CCCCCCCN(CCO)CCCCCCCC(=O)OC(CCCCCCCC)CCCCCCCC,JW_2024,JW_2024,2
-1.5820916,1.663900938,CCCCCCCCCOC(=O)CCCCCCCN(CCO)CCCCCCCC(=O)OC(CCCCCCCC)CCCCCCCC,JW_2024,JW_2024,2
-1.5827626,0.51259338,CCCCCCCCCOC(=O)CCCCCCCN(CCO)CCCCCCCC(=O)OC(CCCCCCCC)CCCCCCCC,JW_2024,JW_2024,1
-2.5191557,1.602904511,CCCCCCCCCOC(=O)CCCCCCCN(CCO)CCCCCCCC(=O)OC(CCCCCCCC)CCCCCCCC,JW_2024,JW_2024,2
-4.692449,-1.492664154,CCCCCCCCC(=O)OCCCCCCN1CCC[C@H]1COC(=O)OC[C@@H]1CCCN1CCCCCCOC(=O)CCCCCCCC,JW_2024,JW_2024,0
-4.8313713,-2.43810877,CCCCCCCCC(=O)OCCCCCCN1CCC[C@H]1COC(=O)OC[C@@H]1CCCN1CCCCCCOC(=O)CCCCCCCC,JW_2024,JW_2024,0
-4.5764723,-0.882699885,CCCCCCCCC(=O)OCCCCCCN1CCC[C@H]1COC(=O)OC[C@@H]1CCCN1CCCCCCOC(=O)CCCCCCCC,JW_2024,JW_2024,0
-4.785065,-1.172432912,CCCCCCCCC(=O)OCCCCCCN1CCC[C@H]1COC(=O)OC[C@@H]1CCCN1CCCCCCOC(=O)CCCCCCCC,JW_2024,JW_2024,0
-5.4707794,-0.692086051,CCCCCCCCC(=O)OCCCCCCN1CCC[C@H]1COC(=O)OC[C@@H]1CCCN1CCCCCCOC(=O)CCCCCCCC,JW_2024,JW_2024,0
-4.8070936,-1.767148075,CCCCCCCCC(=O)OCCCCCCN1CCC[C@H]1COC(=O)OC[C@@H]1CCCN1CCCCCCOC(=O)CCCCCCCC,JW_2024,JW_2024,0
-4.7672267,-1.431667727,CCCCCCCCC(=O)OCCCCCCN1CCC[C@H]1COC(=O)OC[C@@H]1CCCN1CCCCCCOC(=O)CCCCCCCC,JW_2024,JW_2024,0
-5.2461405,-0.913198098,CCCCCCCCC(=O)OCCCCCCN1CCC[C@H]1COC(=O)OC[C@@H]1CCCN1CCCCCCOC(=O)CCCCCCCC,JW_2024,JW_2024,0
-4.115642,-1.050440059,CCCCCCCCC(CCCCCCCC)OC(=O)CCCCCN1CCC[C@H]1COC(=O)OC[C@@H]1CCCN1CCCCCC(=O)OC(CCCCCCCC)CCCCCCCC,JW_2024,JW_2024,0
-4.1153297,-2.163624849,CCCCCCCCC(CCCCCCCC)OC(=O)CCCCCN1CCC[C@H]1COC(=O)OC[C@@H]1CCCN1CCCCCC(=O)OC(CCCCCCCC)CCCCCCCC,JW_2024,JW_2024,0
-3.8478255,-0.60059141,CCCCCCCCC(CCCCCCCC)OC(=O)CCCCCN1CCC[C@H]1COC(=O)OC[C@@H]1CCCN1CCCCCC(=O)OC(CCCCCCCC)CCCCCCCC,JW_2024,JW_2024,0
-4.0123096,-1.080938272,CCCCCCCCC(CCCCCCCC)OC(=O)CCCCCN1CCC[C@H]1COC(=O)OC[C@@H]1CCCN1CCCCCC(=O)OC(CCCCCCCC)CCCCCCCC,JW_2024,JW_2024,0
-4.3581743,-0.448100343,CCCCCCCCC(CCCCCCCC)OC(=O)CCCCCN1CCC[C@H]1COC(=O)OC[C@@H]1CCCN1CCCCCC(=O)OC(CCCCCCCC)CCCCCCCC,JW_2024,JW_2024,0
-3.8720603,-1.401169513,CCCCCCCCC(CCCCCCCC)OC(=O)CCCCCN1CCC[C@H]1COC(=O)OC[C@@H]1CCCN1CCCCCC(=O)OC(CCCCCCCC)CCCCCCCC,JW_2024,JW_2024,0
-3.9457607,-1.469790494,CCCCCCCCC(CCCCCCCC)OC(=O)CCCCCN1CCC[C@H]1COC(=O)OC[C@@H]1CCCN1CCCCCC(=O)OC(CCCCCCCC)CCCCCCCC,JW_2024,JW_2024,0
-4.379509,-0.775956138,CCCCCCCCC(CCCCCCCC)OC(=O)CCCCCN1CCC[C@H]1COC(=O)OC[C@@H]1CCCN1CCCCCC(=O)OC(CCCCCCCC)CCCCCCCC,JW_2024,JW_2024,0
-5.7022524,-1.446916833,CCCCCCCCC(=O)OCCCCCCN(C)CCOC(=O)OCCN(C)CCCCCCOC(=O)CCCCCCCC,JW_2024,JW_2024,0
-5.473993,-1.843393608,CCCCCCCCC(=O)OCCCCCCN(C)CCOC(=O)OCCN(C)CCCCCCOC(=O)CCCCCCCC,JW_2024,JW_2024,0
-5.303437,-0.798829798,CCCCCCCCC(=O)OCCCCCCN(C)CCOC(=O)OCCN(C)CCCCCCOC(=O)CCCCCCCC,JW_2024,JW_2024,0
-5.3090067,-1.515537814,CCCCCCCCC(=O)OCCCCCCN(C)CCOC(=O)OCCN(C)CCCCCCOC(=O)CCCCCCCC,JW_2024,JW_2024,0
-6.404514,-0.265111062,CCCCCCCCC(=O)OCCCCCCN(C)CCOC(=O)OCCN(C)CCCCCCOC(=O)CCCCCCCC,JW_2024,JW_2024,0
-5.2825866,-1.927263695,CCCCCCCCC(=O)OCCCCCCN(C)CCOC(=O)OCCN(C)CCCCCCOC(=O)CCCCCCCC,JW_2024,JW_2024,0
-5.274122,-1.645155221,CCCCCCCCC(=O)OCCCCCCN(C)CCOC(=O)OCCN(C)CCCCCCOC(=O)CCCCCCCC,JW_2024,JW_2024,0
-6.0467463,-1.4850396,CCCCCCCCC(=O)OCCCCCCN(C)CCOC(=O)OCCN(C)CCCCCCOC(=O)CCCCCCCC,JW_2024,JW_2024,0
-4.0901093,0.337228653,CCCCCCCCC(CCCCCCCC)OC(=O)CCCCCN(C)CCOC(=O)OCCN(C)CCCCCC(=O)OC(CCCCCCCC)CCCCCCCC,JW_2024,JW_2024,1
-3.3770454,-1.622281561,CCCCCCCCC(CCCCCCCC)OC(=O)CCCCCN(C)CCOC(=O)OCCN(C)CCCCCC(=O)OC(CCCCCCCC)CCCCCCCC,JW_2024,JW_2024,0
-3.263579,0.321979546,CCCCCCCCC(CCCCCCCC)OC(=O)CCCCCN(C)CCOC(=O)OCCN(C)CCCCCC(=O)OC(CCCCCCCC)CCCCCCCC,JW_2024,JW_2024,1
-3.3569217,-0.226988296,CCCCCCCCC(CCCCCCCC)OC(=O)CCCCCN(C)CCOC(=O)OCCN(C)CCCCCC(=O)OC(CCCCCCCC)CCCCCCCC,JW_2024,JW_2024,0
-3.9633474,0.146614819,CCCCCCCCC(CCCCCCCC)OC(=O)CCCCCN(C)CCOC(=O)OCCN(C)CCCCCC(=O)OC(CCCCCCCC)CCCCCCCC,JW_2024,JW_2024,1
-3.1696198,-0.516721323,CCCCCCCCC(CCCCCCCC)OC(=O)CCCCCN(C)CCOC(=O)OCCN(C)CCCCCC(=O)OC(CCCCCCCC)CCCCCCCC,JW_2024,JW_2024,0
-3.3298886,-0.722584264,CCCCCCCCC(CCCCCCCC)OC(=O)CCCCCN(C)CCOC(=O)OCCN(C)CCCCCC(=O)OC(CCCCCCCC)CCCCCCCC,JW_2024,JW_2024,0
-3.9800324,0.924319262,CCCCCCCCC(CCCCCCCC)OC(=O)CCCCCN(C)CCOC(=O)OCCN(C)CCCCCC(=O)OC(CCCCCCCC)CCCCCCCC,JW_2024,JW_2024,1
-3.4178927,-0.059248122,CCCCCCCCC(CCCCCCCC)OC(=O)CCCCCN(C)CCOC(=O)OCCN(C)CCCCCC(=O)OC(CCCCCCCC)CCCCCCCC,JW_2024,JW_2024,0
-2.9700089,0.123741159,CCCCCCCCC(CCCCCCCC)OC(=O)CCCCCN(C)CCOC(=O)OCCN(C)CCCCCC(=O)OC(CCCCCCCC)CCCCCCCC,JW_2024,JW_2024,1
-3.501997,0.825200068,CCCCCCCCC(CCCCCCCC)OC(=O)CCCCCN(C)CCOC(=O)OCCN(C)CCCCCC(=O)OC(CCCCCCCC)CCCCCCCC,JW_2024,JW_2024,1
-3.7674153,0.085618392,CCCCCCCCC(CCCCCCCC)OC(=O)CCCCCN(C)CCOC(=O)OCCN(C)CCCCCC(=O)OC(CCCCCCCC)CCCCCCCC,JW_2024,JW_2024,1
-4.0331717,1.023438456,CCCCCCCCC(CCCCCCCC)OC(=O)CCCCCN(C)CCOC(=O)OCCN(C)CCCCCC(=O)OC(CCCCCCCC)CCCCCCCC,JW_2024,JW_2024,1
-4.4277573,0.543091594,CCCCCCCCC(CCCCCCCC)OC(=O)CCCCCN(C)CCOC(=O)OCCN(C)CCCCCC(=O)OC(CCCCCCCC)CCCCCCCC,JW_2024,JW_2024,1
-4.426445,0.123741159,CCCCCCCCC(CCCCCCCC)OC(=O)CCCCCN(C)CCOC(=O)OCCN(C)CCCCCC(=O)OC(CCCCCCCC)CCCCCCCC,JW_2024,JW_2024,1
-3.1183736,0.047495625,CCCCCCCCC(CCCCCCCC)OC(=O)CCCCCN(C)CCOC(=O)OCCN(C)CCCCCC(=O)OC(CCCCCCCC)CCCCCCCC,JW_2024,JW_2024,1
-3.3771431,-0.204114636,CCCCCCCCC(CCCCCCCC)OC(=O)CCCCCN(C)CCOC(=O)OCCN(C)CCCCCC(=O)OC(CCCCCCCC)CCCCCCCC,JW_2024,JW_2024,0
-4.5858107,0.436347847,CCCCCCCCC(CCCCCCCC)OC(=O)CCCCCN(C)CCOC(=O)OCCN(C)CCCCCC(=O)OC(CCCCCCCC)CCCCCCCC,JW_2024,JW_2024,1
-4.9300303,-0.135493655,CCCCCCCCC(=O)OCCCCCCN(C)CCOC(=O)OCCN(C)CCCCCC(=O)OC(CCCCCCCC)CCCCCCCC,JW_2024,JW_2024,0
-4.0992556,-1.32492398,CCCCCCCCC(=O)OCCCCCCN(C)CCOC(=O)OCCN(C)CCCCCC(=O)OC(CCCCCCCC)CCCCCCCC,JW_2024,JW_2024,0
-3.8305547,0.878571942,CCCCCCCCC(=O)OCCCCCCN(C)CCOC(=O)OCCN(C)CCCCCC(=O)OC(CCCCCCCC)CCCCCCCC,JW_2024,JW_2024,1
-3.900352,-0.074497228,CCCCCCCCC(=O)OCCCCCCN(C)CCOC(=O)OCCN(C)CCCCCC(=O)OC(CCCCCCCC)CCCCCCCC,JW_2024,JW_2024,0
-4.9234533,0.085618392,CCCCCCCCC(=O)OCCCCCCN(C)CCOC(=O)OCCN(C)CCCCCC(=O)OC(CCCCCCCC)CCCCCCCC,JW_2024,JW_2024,1
-3.9311814,-1.065689165,CCCCCCCCC(=O)OCCCCCCN(C)CCOC(=O)OCCN(C)CCCCCC(=O)OC(CCCCCCCC)CCCCCCCC,JW_2024,JW_2024,0
-3.8550045,-0.364230256,CCCCCCCCC(=O)OCCCCCCN(C)CCOC(=O)OCCN(C)CCCCCC(=O)OC(CCCCCCCC)CCCCCCCC,JW_2024,JW_2024,0
-4.8012657,0.459221507,CCCCCCCCC(=O)OCCCCCCN(C)CCOC(=O)OCCN(C)CCCCCC(=O)OC(CCCCCCCC)CCCCCCCC,JW_2024,JW_2024,1
-4.1139255,0.504968827,CCCCCCCCC(=O)OCCCCCCN(C)CCOC(=O)OCCN(C)CCCCCC(=O)OC(CCCCCCCC)CCCCCCCC,JW_2024,JW_2024,1
-4.3369684,0.451596954,CCCCCCCCC(=O)OCCCCCCN(C)CCOC(=O)OCCN(C)CCCCCC(=O)OC(CCCCCCCC)CCCCCCCC,JW_2024,JW_2024,1
-4.7802825,0.382975973,CCCCCCCCC(=O)OCCCCCCN(C)CCOC(=O)OCCN(C)CCCCCC(=O)OC(CCCCCCCC)CCCCCCCC,JW_2024,JW_2024,1
-4.8168464,0.504968827,CCCCCCCCC(=O)OCCCCCCN(C)CCOC(=O)OCCN(C)CCCCCC(=O)OC(CCCCCCCC)CCCCCCCC,JW_2024,JW_2024,1
-3.8251987,0.451596954,CCCCCCCCC(=O)OCCCCCCN(C)CCOC(=O)OCCN(C)CCCCCC(=O)OC(CCCCCCCC)CCCCCCCC,JW_2024,JW_2024,1
-3.9203649,0.192362139,CCCCCCCCC(=O)OCCCCCCN(C)CCOC(=O)OCCN(C)CCCCCC(=O)OC(CCCCCCCC)CCCCCCCC,JW_2024,JW_2024,1
-5.11275,0.032246519,CCCCCCCCC(=O)OCCCCCCN(C)CCOC(=O)OCCN(C)CCCCCC(=O)OC(CCCCCCCC)CCCCCCCC,JW_2024,JW_2024,1
-4.092245,-1.161660131,CCCCCCCC/C=C\CCCCCCCC(=O)OCCCCCC(O)C(CCCCOC(=O)CCCCCCC/C=C\CCCCCCCC)CN1CCN(CC(CCCCOC(=O)CCCCCCC/C=C\CCCCCCCC)C(O)CCCCCOC(=O)CCCCCCC/C=C\CCCCCCCC)CC1,JW_2024,JW_2024,0
-4.2960324,-2.386508298,CCCCCCCC/C=C\CCCCCCCC(=O)OCCCCCC(O)C(CCCCOC(=O)CCCCCCC/C=C\CCCCCCCC)CN1CCN(CC(CCCCOC(=O)CCCCCCC/C=C\CCCCCCCC)C(O)CCCCCOC(=O)CCCCCCC/C=C\CCCCCCCC)CC1,JW_2024,JW_2024,0
-4.2261987,-0.933021807,CCCCCCCC/C=C\CCCCCCCC(=O)OCCCCCC(O)C(CCCCOC(=O)CCCCCCC/C=C\CCCCCCCC)CN1CCN(CC(CCCCOC(=O)CCCCCCC/C=C\CCCCCCCC)C(O)CCCCCOC(=O)CCCCCCC/C=C\CCCCCCCC)CC1,JW_2024,JW_2024,0
-4.1869,-1.006512697,CCCCCCCC/C=C\CCCCCCCC(=O)OCCCCCC(O)C(CCCCOC(=O)CCCCCCC/C=C\CCCCCCCC)CN1CCN(CC(CCCCOC(=O)CCCCCCC/C=C\CCCCCCCC)C(O)CCCCCOC(=O)CCCCCCC/C=C\CCCCCCCC)CC1,JW_2024,JW_2024,0
-3.7945502,-0.924856152,CCCCCCCC/C=C\CCCCCCCC(=O)OCCCCCC(O)C(CCCCOC(=O)CCCCCCC/C=C\CCCCCCCC)CN1CCN(CC(CCCCOC(=O)CCCCCCC/C=C\CCCCCCCC)C(O)CCCCCOC(=O)CCCCCCC/C=C\CCCCCCCC)CC1,JW_2024,JW_2024,0
-3.9060738,-1.741421597,CCCCCCCC/C=C\CCCCCCCC(=O)OCCCCCC(O)C(CCCCOC(=O)CCCCCCC/C=C\CCCCCCCC)CN1CCN(CC(CCCCOC(=O)CCCCCCC/C=C\CCCCCCCC)C(O)CCCCCOC(=O)CCCCCCC/C=C\CCCCCCCC)CC1,JW_2024,JW_2024,0
-4.1740766,-1.422961073,CCCCCCCC/C=C\CCCCCCCC(=O)OCCCCCC(O)C(CCCCOC(=O)CCCCCCC/C=C\CCCCCCCC)CN1CCN(CC(CCCCOC(=O)CCCCCCC/C=C\CCCCCCCC)C(O)CCCCCOC(=O)CCCCCCC/C=C\CCCCCCCC)CC1,JW_2024,JW_2024,0
-3.7079427,-0.745211754,CCCCCCCC/C=C\CCCCCCCC(=O)OCCCCCC(O)C(CCCCOC(=O)CCCCCCC/C=C\CCCCCCCC)CN1CCN(CC(CCCCOC(=O)CCCCCCC/C=C\CCCCCCCC)C(O)CCCCCOC(=O)CCCCCCC/C=C\CCCCCCCC)CC1,JW_2024,JW_2024,0
-2.3614383,-1.357635838,CCCCCCCC/C=C\CCCCCCCC(=O)OCCCCCC(O)C(CCCCOC(=O)CCCCCCC/C=C\CCCCCCCC)CN(CCCN(C)C)CCCN(C)C,JW_2024,JW_2024,0
-3.0416067,-1.757752905,CCCCCCCC/C=C\CCCCCCCC(=O)OCCCCCC(O)C(CCCCOC(=O)CCCCCCC/C=C\CCCCCCCC)CN(CCCN(C)C)CCCN(C)C,JW_2024,JW_2024,0
-2.493168,-0.704383482,CCCCCCCC/C=C\CCCCCCCC(=O)OCCCCCC(O)C(CCCCOC(=O)CCCCCCC/C=C\CCCCCCCC)CN(CCCN(C)C)CCCN(C)C,JW_2024,JW_2024,0
-3.1866794,-1.643433743,CCCCCCCC/C=C\CCCCCCCC(=O)OCCCCCC(O)C(CCCCOC(=O)CCCCCCC/C=C\CCCCCCCC)CN(CCCN(C)C)CCCN(C)C,JW_2024,JW_2024,0
-2.8921778,-0.230775524,CCCCCCCC/C=C\CCCCCCCC(=O)OCCCCCC(O)C(CCCCOC(=O)CCCCCCC/C=C\CCCCCCCC)CNCCCN(C)C,JW_2024,JW_2024,0
-3.6019404,-1.69242767,CCCCCCCC/C=C\CCCCCCCC(=O)OCCCCCC(O)C(CCCCOC(=O)CCCCCCC/C=C\CCCCCCCC)CNCCCN(C)C,JW_2024,JW_2024,0
-2.525607,-0.410419922,CCCCCCCC/C=C\CCCCCCCC(=O)OCCCCCC(O)C(CCCCOC(=O)CCCCCCC/C=C\CCCCCCCC)CNCCCN(C)C,JW_2024,JW_2024,0
-3.4798996,-0.655389555,CCCCCCCC/C=C\CCCCCCCC(=O)OCCCCCC(O)C(CCCCOC(=O)CCCCCCC/C=C\CCCCCCCC)CNCCCN(C)C,JW_2024,JW_2024,0
-2.7896106,-0.189947252,CCCCCCCC/C=C\CCCCCCCC(=O)OCCCCCC(O)C(CCCCOC(=O)CCCCCCC/C=C\CCCCCCCC)CNCCCN(C)C,JW_2024,JW_2024,0
-3.3657243,-1.602605471,CCCCCCCC/C=C\CCCCCCCC(=O)OCCCCCC(O)C(CCCCOC(=O)CCCCCCC/C=C\CCCCCCCC)CNCCCN(C)C,JW_2024,JW_2024,0
-3.4289196,-0.794205681,CCCCCCCC/C=C\CCCCCCCC(=O)OCCCCCC(O)C(CCCCOC(=O)CCCCCCC/C=C\CCCCCCCC)CNCCCN(C)C,JW_2024,JW_2024,0
-2.8956175,0.838925208,CCCCCCCC/C=C\CCCCCCCC(=O)OCCCCCC(O)C(CCCCOC(=O)CCCCCCC/C=C\CCCCCCCC)CNCCCN(C)C,JW_2024,JW_2024,1
-3.6698463,-0.402254268,CCCCCCCC/C=C\CCCCCCCC(=O)OCCCCCC(O)C(CCCCOC(=O)CCCCCCC/C=C\CCCCCCCC)CNCCCN(C)C,JW_2024,JW_2024,0
-3.3492799,-0.622726938,CCCCCCCC/C=C\CCCCCCCC(=O)OCCCCCC(O)C(CCCCOC(=O)CCCCCCC/C=C\CCCCCCCC)CNCCCN(C)C,JW_2024,JW_2024,0
-2.8997707,-0.426751231,CCCCCCCC/C=C\CCCCCCCC(=O)OCCCCCC(O)C(CCCCOC(=O)CCCCCCC/C=C\CCCCCCCC)CNCCCN(C)C,JW_2024,JW_2024,0
-2.9670353,0.430642486,CCCCCCCC/C=C\CCCCCCCC(=O)OCCCCCC(O)C(CCCCOC(=O)CCCCCCC/C=C\CCCCCCCC)CNCCCN(C)C,JW_2024,JW_2024,1
-2.9793653,0.14484458,CCCCCCCC/C=C\CCCCCCCC(=O)OCCCCCC(O)C(CCCCOC(=O)CCCCCCC/C=C\CCCCCCCC)CNCCCN(C)C,JW_2024,JW_2024,1
-2.1864784,-0.328763378,CCCCCCCC/C=C\CCCCCCCC(=O)OCCCCCC(O)C(CCCCOC(=O)CCCCCCC/C=C\CCCCCCCC)CNCCCN(C)C,JW_2024,JW_2024,0
-2.5322769,0.495967721,CCCCCCCC/C=C\CCCCCCCC(=O)OCCCCCC(O)C(CCCCOC(=O)CCCCCCC/C=C\CCCCCCCC)CNCCCN(C)C,JW_2024,JW_2024,1
-3.476262,0.471470758,CCCCCCCC/C=C\CCCCCCCC(=O)OCCCCCC(O)C(CCCCOC(=O)CCCCCCC/C=C\CCCCCCCC)CNCCCN(C)C,JW_2024,JW_2024,1
-4.148369,-0.647223901,CCCCCCCC/C=C\CCCCCCCC(=O)OCCCCCC(O)C(CCCCOC(=O)CCCCCCC/C=C\CCCCCCCC)CNCCCN1CCCCC1CC,JW_2024,JW_2024,0
-4.757945,-1.071837932,CCCCCCCC/C=C\CCCCCCCC(=O)OCCCCCC(O)C(CCCCOC(=O)CCCCCCC/C=C\CCCCCCCC)CNCCCN1CCCCC1CC,JW_2024,JW_2024,0
-4.484569,0.544961648,CCCCCCCC/C=C\CCCCCCCC(=O)OCCCCCC(O)C(CCCCOC(=O)CCCCCCC/C=C\CCCCCCCC)CNCCCN1CCCCC1CC,JW_2024,JW_2024,1
-4.7782097,-0.0021372,CCCCCCCC/C=C\CCCCCCCC(=O)OCCCCCC(O)C(CCCCOC(=O)CCCCCCC/C=C\CCCCCCCC)CNCCCN1CCCCC1CC,JW_2024,JW_2024,0
-4.9274755,0.994072642,CCCCCCCC/C=C\CCCCCCCC(=O)OCCCCCC(O)C(CCCCOC(=O)CCCCCCC/C=C\CCCCCCCC)CNCCCN1CCCCC1CC,JW_2024,JW_2024,1
-4.511985,0.193838507,CCCCCCCC/C=C\CCCCCCCC(=O)OCCCCCC(O)C(CCCCOC(=O)CCCCCCC/C=C\CCCCCCCC)CNCCCN1CCCCC1CC,JW_2024,JW_2024,1
-4.773833,0.283660706,CCCCCCCC/C=C\CCCCCCCC(=O)OCCCCCC(O)C(CCCCOC(=O)CCCCCCC/C=C\CCCCCCCC)CNCCCN1CCCCC1CC,JW_2024,JW_2024,1
-4.7116127,0.80626259,CCCCCCCC/C=C\CCCCCCCC(=O)OCCCCCC(O)C(CCCCOC(=O)CCCCCCC/C=C\CCCCCCCC)CNCCCN1CCCCC1CC,JW_2024,JW_2024,1
-4.078529,0.593955574,CCCCCCCC/C=C\CCCCCCCC(=O)OCCCCCC(O)C(CCCCOC(=O)CCCCCCC/C=C\CCCCCCCC)CNCCCN1CCCCC1CC,JW_2024,JW_2024,1
-4.575702,-0.655389555,CCCCCCCC/C=C\CCCCCCCC(=O)OCCCCCC(O)C(CCCCOC(=O)CCCCCCC/C=C\CCCCCCCC)CNCCCN1CCCCC1CC,JW_2024,JW_2024,0
-4.1591434,1.17371704,CCCCCCCC/C=C\CCCCCCCC(=O)OCCCCCC(O)C(CCCCOC(=O)CCCCCCC/C=C\CCCCCCCC)CNCCCN1CCCCC1CC,JW_2024,JW_2024,1
-4.465009,0.177507198,CCCCCCCC/C=C\CCCCCCCC(=O)OCCCCCC(O)C(CCCCOC(=O)CCCCCCC/C=C\CCCCCCCC)CNCCCN1CCCCC1CC,JW_2024,JW_2024,1
-4.1049285,-0.018468509,CCCCCCCC/C=C\CCCCCCCC(=O)OCCCCCC(O)C(CCCCOC(=O)CCCCCCC/C=C\CCCCCCCC)CNCCCN1CCCCC1CC,JW_2024,JW_2024,0
-4.0763597,0.455139449,CCCCCCCC/C=C\CCCCCCCC(=O)OCCCCCC(O)C(CCCCOC(=O)CCCCCCC/C=C\CCCCCCCC)CN1CCC[C@H]1CO,JW_2024,JW_2024,1
-4.555927,-1.667930707,CCCCCCCC/C=C\CCCCCCCC(=O)OCCCCCC(O)C(CCCCOC(=O)CCCCCCC/C=C\CCCCCCCC)CN1CCC[C@H]1CO,JW_2024,JW_2024,0
-4.219809,1.034900914,CCCCCCCC/C=C\CCCCCCCC(=O)OCCCCCC(O)C(CCCCOC(=O)CCCCCCC/C=C\CCCCCCCC)CN1CCC[C@H]1CO,JW_2024,JW_2024,1
-4.7759933,0.487802067,CCCCCCCC/C=C\CCCCCCCC(=O)OCCCCCC(O)C(CCCCOC(=O)CCCCCCC/C=C\CCCCCCCC)CN1CCC[C@H]1CO,JW_2024,JW_2024,1
-4.5796905,0.708274737,CCCCCCCC/C=C\CCCCCCCC(=O)OCCCCCC(O)C(CCCCOC(=O)CCCCCCC/C=C\CCCCCCCC)CN1CCC[C@H]1CO,JW_2024,JW_2024,1
-4.528512,0.373482905,CCCCCCCC/C=C\CCCCCCCC(=O)OCCCCCC(O)C(CCCCOC(=O)CCCCCCC/C=C\CCCCCCCC)CN1CCC[C@H]1CO,JW_2024,JW_2024,1
-4.603895,-0.696217828,CCCCCCCC/C=C\CCCCCCCC(=O)OCCCCCC(O)C(CCCCOC(=O)CCCCCCC/C=C\CCCCCCCC)CN1CCC[C@H]1CO,JW_2024,JW_2024,0
-4.519384,1.484011909,CCCCCCCC/C=C\CCCCCCCC(=O)OCCCCCC(O)C(CCCCOC(=O)CCCCCCC/C=C\CCCCCCCC)CN1CCC[C@H]1CO,JW_2024,JW_2024,2
-3.6244035,-0.451248194,CCCCCCCC/C=C\CCCCCCCC(=O)OCCCCCC(O)C(CCCCOC(=O)CCCCCCC/C=C\CCCCCCCC)CN(C)CCO,JW_2024,JW_2024,0
-3.822573,-0.900359189,CCCCCCCC/C=C\CCCCCCCC(=O)OCCCCCC(O)C(CCCCOC(=O)CCCCCCC/C=C\CCCCCCCC)CN(C)CCO,JW_2024,JW_2024,0
-2.9105384,0.324488978,CCCCCCCC/C=C\CCCCCCCC(=O)OCCCCCC(O)C(CCCCOC(=O)CCCCCCC/C=C\CCCCCCCC)CN(C)CCO,JW_2024,JW_2024,1
-3.6381867,-1.561777199,CCCCCCCC/C=C\CCCCCCCC(=O)OCCCCCC(O)C(CCCCOC(=O)CCCCCCC/C=C\CCCCCCCC)CN(C)CCO,JW_2024,JW_2024,0
-3.9098368,-0.304266414,CCCCCCCC/C=C\CCCCCCCC(=O)OCCCCCC(O)C(CCCCOC(=O)CCCCCCC/C=C\CCCCCCCC)CN(C)CCO,JW_2024,JW_2024,0
-3.6277766,-0.500242121,CCCCCCCC/C=C\CCCCCCCC(=O)OCCCCCC(O)C(CCCCOC(=O)CCCCCCC/C=C\CCCCCCCC)CN(C)CCO,JW_2024,JW_2024,0
-3.8745031,0.079519344,CCCCCCCC/C=C\CCCCCCCC(=O)OCCCCCC(O)C(CCCCOC(=O)CCCCCCC/C=C\CCCCCCCC)CN(C)CCO,JW_2024,JW_2024,1
-4.0753093,0.332654632,CCCCCCCC/C=C\CCCCCCCC(=O)OCCCCCC(O)C(CCCCOC(=O)CCCCCCC/C=C\CCCCCCCC)CN(C)CCO,JW_2024,JW_2024,1
-3.9835277,0.038691072,CCCCCCCC/C=C\CCCCCCCC(=O)OCCCCCC(O)C(CCCCOC(=O)CCCCCCC/C=C\CCCCCCCC)CN(C)CCO,JW_2024,JW_2024,1
-2.8240626,-0.0021372,CCCCCCCC/C=C\CCCCCCCC(=O)OCCCCCC(O)C(CCCCOC(=O)CCCCCCC/C=C\CCCCCCCC)CN(C)CCO,JW_2024,JW_2024,0
-3.0657945,-0.761543063,CCCCCCCC/C=C\CCCCCCCC(=O)OCCCCCC(O)C(CCCCOC(=O)CCCCCCC/C=C\CCCCCCCC)CN(C)CCO,JW_2024,JW_2024,0
-4.308594,0.046856727,CCCCCCCC/C=C\CCCCCCCC(=O)OCCCCCC(O)C(CCCCOC(=O)CCCCCCC/C=C\CCCCCCCC)CN(C)CCO,JW_2024,JW_2024,1
-3.6244035,0.553127302,CCCCCCCC/C=C\CCCCCCCC(=O)OCCCCCC(O)C(CCCCOC(=O)CCCCCCC/C=C\CCCCCCCC)CN(C)CCO,JW_2024,JW_2024,1
-3.822573,-1.406629764,CCCCCCCC/C=C\CCCCCCCC(=O)OCCCCCC(O)C(CCCCOC(=O)CCCCCCC/C=C\CCCCCCCC)CN(C)CCO,JW_2024,JW_2024,0
-3.2736318,0.463305103,CCCCCCCC/C=C\CCCCCCCC(=O)OCCCCCC(O)C(CCCCOC(=O)CCCCCCC/C=C\CCCCCCCC)CN(C)CCO,JW_2024,JW_2024,1
-3.9098368,1.451349291,CCCCCCCC/C=C\CCCCCCCC(=O)OCCCCCC(O)C(CCCCOC(=O)CCCCCCC/C=C\CCCCCCCC)CN(C)CCO,JW_2024,JW_2024,2
-3.6277766,0.87975348,CCCCCCCC/C=C\CCCCCCCC(=O)OCCCCCC(O)C(CCCCOC(=O)CCCCCCC/C=C\CCCCCCCC)CN(C)CCO,JW_2024,JW_2024,1
-3.8745031,1.214545312,CCCCCCCC/C=C\CCCCCCCC(=O)OCCCCCC(O)C(CCCCOC(=O)CCCCCCC/C=C\CCCCCCCC)CN(C)CCO,JW_2024,JW_2024,1
-4.0753093,1.043066569,CCCCCCCC/C=C\CCCCCCCC(=O)OCCCCCC(O)C(CCCCOC(=O)CCCCCCC/C=C\CCCCCCCC)CN(C)CCO,JW_2024,JW_2024,1
-3.9835277,1.639159343,CCCCCCCC/C=C\CCCCCCCC(=O)OCCCCCC(O)C(CCCCOC(=O)CCCCCCC/C=C\CCCCCCCC)CN(C)CCO,JW_2024,JW_2024,2
-2.8240626,0.936913061,CCCCCCCC/C=C\CCCCCCCC(=O)OCCCCCC(O)C(CCCCOC(=O)CCCCCCC/C=C\CCCCCCCC)CN(C)CCO,JW_2024,JW_2024,1
-3.0657945,0.757268663,CCCCCCCC/C=C\CCCCCCCC(=O)OCCCCCC(O)C(CCCCOC(=O)CCCCCCC/C=C\CCCCCCCC)CN(C)CCO,JW_2024,JW_2024,1
-4.308594,1.826969395,CCCCCCCC/C=C\CCCCCCCC(=O)OCCCCCC(O)C(CCCCOC(=O)CCCCCCC/C=C\CCCCCCCC)CN(C)CCO,JW_2024,JW_2024,2
-4.5988965,-0.475745158,CCCCCCCC/C=C\CCCCCCCC(=O)OCCCCCC(O)C(CCCCOC(=O)CCCCCCC/C=C\CCCCCCCC)CNC[C@H](C)O,JW_2024,JW_2024,0
-5.251246,-2.247692172,CCCCCCCC/C=C\CCCCCCCC(=O)OCCCCCC(O)C(CCCCOC(=O)CCCCCCC/C=C\CCCCCCCC)CNC[C@H](C)O,JW_2024,JW_2024,0
-4.1013045,-0.173615943,CCCCCCCC/C=C\CCCCCCCC(=O)OCCCCCC(O)C(CCCCOC(=O)CCCCCCC/C=C\CCCCCCCC)CN[C@H]1CCCC[C@H]1O,JW_2024,JW_2024,0
-4.7275467,-1.243316675,CCCCCCCC/C=C\CCCCCCCC(=O)OCCCCCC(O)C(CCCCOC(=O)CCCCCCC/C=C\CCCCCCCC)CN[C@H]1CCCC[C@H]1O,JW_2024,JW_2024,0
-4.2525535,1.116557459,CCCCCCCC/C=C\CCCCCCCC(=O)OCCCCCC(O)C(CCCCOC(=O)CCCCCCC/C=C\CCCCCCCC)CN[C@H]1CCCC[C@H]1O,JW_2024,JW_2024,1
-4.613598,-0.385922959,CCCCCCCC/C=C\CCCCCCCC(=O)OCCCCCC(O)C(CCCCOC(=O)CCCCCCC/C=C\CCCCCCCC)CN[C@H]1CCCC[C@H]1O,JW_2024,JW_2024,0
-4.721949,0.536795993,CCCCCCCC/C=C\CCCCCCCC(=O)OCCCCCC(O)C(CCCCOC(=O)CCCCCCC/C=C\CCCCCCCC)CN[C@H]1CCCC[C@H]1O,JW_2024,JW_2024,1
-4.7390227,0.65928081,CCCCCCCC/C=C\CCCCCCCC(=O)OCCCCCC(O)C(CCCCOC(=O)CCCCCCC/C=C\CCCCCCCC)CN[C@H]1CCCC[C@H]1O,JW_2024,JW_2024,1
-4.295187,1.255373584,CCCCCCCC/C=C\CCCCCCCC(=O)OCCCCCC(O)C(CCCCOC(=O)CCCCCCC/C=C\CCCCCCCC)CN[C@H]1CCCC[C@H]1O,JW_2024,JW_2024,1
-4.2323685,0.757268663,CCCCCCCC/C=C\CCCCCCCC(=O)OCCCCCC(O)C(CCCCOC(=O)CCCCCCC/C=C\CCCCCCCC)CN[C@H]1CCCC[C@H]1O,JW_2024,JW_2024,1
-4.4569807,1.500343218,CCCCCCCC/C=C\CCCCCCCC(=O)OCCCCCC(O)C(CCCCOC(=O)CCCCCCC/C=C\CCCCCCCC)CN[C@H]1CCCC[C@H]1O,JW_2024,JW_2024,2
-3.9051135,1.704484579,CCCCCCCC/C=C\CCCCCCCC(=O)OCCCCCC(O)C(CCCCOC(=O)CCCCCCC/C=C\CCCCCCCC)CN[C@H]1CCCC[C@H]1O,JW_2024,JW_2024,2
-3.9847767,1.647324998,CCCCCCCC/C=C\CCCCCCCC(=O)OCCCCCC(O)C(CCCCOC(=O)CCCCCCC/C=C\CCCCCCCC)CN[C@H]1CCCC[C@H]1O,JW_2024,JW_2024,2
-4.440248,1.377858401,CCCCCCCC/C=C\CCCCCCCC(=O)OCCCCCC(O)C(CCCCOC(=O)CCCCCCC/C=C\CCCCCCCC)CN[C@H]1CCCC[C@H]1O,JW_2024,JW_2024,2
-4.8898215,0.185672852,CCCCCCCCCCCCCCCC(=O)OCCCCCC(O)C(CCCCOC(=O)CCCCCCCCCCCCCCC)CN(C)CCCN(C)CC(CCCCOC(=O)CCCCCCCCCCCCCCC)C(O)CCCCCOC(=O)CCCCCCCCCCCCCCC,JW_2024,JW_2024,1
-4.989619,-0.982015733,CCCCCCCCCCCCCCCC(=O)OCCCCCC(O)C(CCCCOC(=O)CCCCCCCCCCCCCCC)CN(C)CCCN(C)CC(CCCCOC(=O)CCCCCCCCCCCCCCC)C(O)CCCCCOC(=O)CCCCCCCCCCCCCCC,JW_2024,JW_2024,0
-4.815536,0.120347617,CCCCCCCCCCCCCCCC(=O)OCCCCCC(O)C(CCCCOC(=O)CCCCCCCCCCCCCCC)CN(C)CCCN(C)CC(CCCCOC(=O)CCCCCCCCCCCCCCC)C(O)CCCCCOC(=O)CCCCCCCCCCCCCCC,JW_2024,JW_2024,1
-4.9445295,0.275495051,CCCCCCCCCCCCCCCC(=O)OCCCCCC(O)C(CCCCOC(=O)CCCCCCCCCCCCCCC)CN(C)CCCN(C)CC(CCCCOC(=O)CCCCCCCCCCCCCCC)C(O)CCCCCOC(=O)CCCCCCCCCCCCCCC,JW_2024,JW_2024,1
-3.9841838,0.038691072,CCCCCCCCCCCCCCCC(=O)OCCCCCC(O)C(CCCCOC(=O)CCCCCCCCCCCCCCC)CN(C)CCCN(C)CC(CCCCOC(=O)CCCCCCCCCCCCCCC)C(O)CCCCCOC(=O)CCCCCCCCCCCCCCC,JW_2024,JW_2024,1
-4.867037,-1.186157094,CCCCCCCCCCCCCCCC(=O)OCCCCCC(O)C(CCCCOC(=O)CCCCCCCCCCCCCCC)CN(C)CCCN(C)CC(CCCCOC(=O)CCCCCCCCCCCCCCC)C(O)CCCCCOC(=O)CCCCCCCCCCCCCCC,JW_2024,JW_2024,0
-5.0278363,-0.900359189,CCCCCCCCCCCCCCCC(=O)OCCCCCC(O)C(CCCCOC(=O)CCCCCCCCCCCCCCC)CN(C)CCCN(C)CC(CCCCOC(=O)CCCCCCCCCCCCCCC)C(O)CCCCCOC(=O)CCCCCCCCCCCCCCC,JW_2024,JW_2024,0
-4.8854947,0.308157669,CCCCCCCCCCCCCCCC(=O)OCCCCCC(O)C(CCCCOC(=O)CCCCCCCCCCCCCCC)CN(C)CCCN(C)CC(CCCCOC(=O)CCCCCCCCCCCCCCC)C(O)CCCCCOC(=O)CCCCCCCCCCCCCCC,JW_2024,JW_2024,1
-3.932863,-0.761543063,CCCCCCCCCCCCCCCC(=O)OCCCCCC(O)C(CCCCOC(=O)CCCCCCCCCCCCCCC)CN(C)CCCN(C)CC(CCCCOC(=O)CCCCCCCCCCCCCCC)C(O)CCCCCOC(=O)CCCCCCCCCCCCCCC,JW_2024,JW_2024,0
-3.3632782,-0.798829798,CCCCCCCC/C=C\CCCCCCCC(=O)OCCCCCCN(C)CCOC(=O)OCCN(C)CCCCCCOC(=O)CCCCCCC/C=C\CCCCCCCC,JW_2024,JW_2024,0
-3.0878477,-1.759523521,CCCCCCCC/C=C\CCCCCCCC(=O)OCCCCCCN(C)CCOC(=O)OCCN(C)CCCCCCOC(=O)CCCCCCC/C=C\CCCCCCCC,JW_2024,JW_2024,0
-3.1097074,-0.547219537,CCCCCCCC/C=C\CCCCCCCC(=O)OCCCCCCN(C)CCOC(=O)OCCN(C)CCCCCCOC(=O)CCCCCCC/C=C\CCCCCCCC,JW_2024,JW_2024,0
-2.9920335,-0.867450778,CCCCCCCC/C=C\CCCCCCCC(=O)OCCCCCCN(C)CCOC(=O)OCCN(C)CCCCCCOC(=O)CCCCCCC/C=C\CCCCCCCC,JW_2024,JW_2024,0
-3.9428544,-0.890324438,CCCCCCCC/C=C\CCCCCCCC(=O)OCCCCCCN(C)CCOC(=O)OCCN(C)CCCCCCOC(=O)CCCCCCC/C=C\CCCCCCCC,JW_2024,JW_2024,0
-2.786677,-0.692086051,CCCCCCCC/C=C\CCCCCCCC(=O)OCCCCCCN(C)CCOC(=O)OCCN(C)CCCCCCOC(=O)CCCCCCC/C=C\CCCCCCCC,JW_2024,JW_2024,0
-2.9532423,-0.867450778,CCCCCCCC/C=C\CCCCCCCC(=O)OCCCCCCN(C)CCOC(=O)OCCN(C)CCCCCCOC(=O)CCCCCCC/C=C\CCCCCCCC,JW_2024,JW_2024,0
-3.8172834,-0.524345877,CCCCCCCC/C=C\CCCCCCCC(=O)OCCCCCCN(C)CCOC(=O)OCCN(C)CCCCCCOC(=O)CCCCCCC/C=C\CCCCCCCC,JW_2024,JW_2024,0
-3.362404,-0.0021372,CCCCCCCC/C=C\CCCCCCCC(=O)OCCCCCC(O)C(CCCCOC(=O)CCCCCCC/C=C\CCCCCCCC)CN1CCCC[C@H]1CO,JW_2024,JW_2024,0
-4.639742,0.651115156,CCCCCCCC/C=C\CCCCCCCC(=O)OCCCCCC(O)C(CCCCOC(=O)CCCCCCC/C=C\CCCCCCCC)CN1CCCC[C@H]1CO,JW_2024,JW_2024,1
-4.0274982,0.7327717,CCCCCCCC/C=C\CCCCCCCC(=O)OCCCCCC(O)C(CCCCOC(=O)CCCCCCC/C=C\CCCCCCCC)CN1CCCC[C@H]1CO,JW_2024,JW_2024,1
-4.0794663,1.157385731,CCCCCCCC/C=C\CCCCCCCC(=O)OCCCCCC(O)C(CCCCOC(=O)CCCCCCC/C=C\CCCCCCCC)CN1CCCC[C@H]1CO,JW_2024,JW_2024,1
-3.6098397,0.985906988,CCCCCCCC/C=C\CCCCCCCC(=O)OCCCCCC(O)C(CCCCOC(=O)CCCCCCC/C=C\CCCCCCCC)CN1CCCC[C@H]1CO,JW_2024,JW_2024,1
-3.733264,1.353361438,CCCCCCCC/C=C\CCCCCCCC(=O)OCCCCCC(O)C(CCCCOC(=O)CCCCCCC/C=C\CCCCCCCC)CN1CCCC[C@H]1CO,JW_2024,JW_2024,2
-3.132129,0.250998088,CCCCCCCC/C=C\CCCCCCCC(=O)OCCCCCC(O)C(CCCCOC(=O)CCCCCCC/C=C\CCCCCCCC)CN1CCCC[C@H]1CO,JW_2024,JW_2024,1
-3.6196344,-0.279769451,CCCCCCCC/C=C\CCCCCCCC(=O)OCCCCCC(O)C(CCCCOC(=O)CCCCCCC/C=C\CCCCCCCC)CN1CCCC[C@H]1CO,JW_2024,JW_2024,0
-4.0523863,1.043066569,CCCCCCCC/C=C\CCCCCCCC(=O)OCCCCCC(O)C(CCCCOC(=O)CCCCCCC/C=C\CCCCCCCC)CN1CCCC[C@H]1CO,JW_2024,JW_2024,1
-2.3331413,-0.451248194,CCCCCCCC/C=C\CCCCCCCC(=O)OCCCCCC(O)C(CCCCOC(=O)CCCCCCC/C=C\CCCCCCCC)CN1CCCN(C)CC1,JW_2024,JW_2024,0
-2.92346,1.818803741,CCCCCCCC/C=C\CCCCCCCC(=O)OCCCCCC(O)C(CCCCOC(=O)CCCCCCC/C=C\CCCCCCCC)CN1CCCN(C)CC1,JW_2024,JW_2024,2
-2.5587034,1.149220077,CCCCCCCC/C=C\CCCCCCCC(=O)OCCCCCC(O)C(CCCCOC(=O)CCCCCCC/C=C\CCCCCCCC)CN1CCCN(C)CC1,JW_2024,JW_2024,1
-2.4599035,0.193838507,CCCCCCCC/C=C\CCCCCCCC(=O)OCCCCCC(O)C(CCCCOC(=O)CCCCCCC/C=C\CCCCCCCC)CN1CCCN(C)CC1,JW_2024,JW_2024,1
-2.0561068,1.941288558,CCCCCCCC/C=C\CCCCCCCC(=O)OCCCCCC(O)C(CCCCOC(=O)CCCCCCC/C=C\CCCCCCCC)CN1CCCN(C)CC1,JW_2024,JW_2024,3
-2.127207,1.181882694,CCCCCCCC/C=C\CCCCCCCC(=O)OCCCCCC(O)C(CCCCOC(=O)CCCCCCC/C=C\CCCCCCCC)CN1CCCN(C)CC1,JW_2024,JW_2024,1
-1.6446542,-0.091959399,CCCCCCCC/C=C\CCCCCCCC(=O)OCCCCCC(O)C(CCCCOC(=O)CCCCCCC/C=C\CCCCCCCC)CN1CCCN(C)CC1,JW_2024,JW_2024,0
-2.0840418,0.569458611,CCCCCCCC/C=C\CCCCCCCC(=O)OCCCCCC(O)C(CCCCOC(=O)CCCCCCC/C=C\CCCCCCCC)CN1CCCN(C)CC1,JW_2024,JW_2024,1
-2.4098175,1.149220077,CCCCCCCC/C=C\CCCCCCCC(=O)OCCCCCC(O)C(CCCCOC(=O)CCCCCCC/C=C\CCCCCCCC)CN1CCCN(C)CC1,JW_2024,JW_2024,1
-3.9881063,1.034900914,CCCCCCCC/C=C\CCCCCCCC(=O)OCCCCCC(O)C(CCCCOC(=O)CCCCCCC/C=C\CCCCCCCC)CNCCN1CCCCC1,JW_2024,JW_2024,1
-5.1863747,1.279870548,CCCCCCCC/C=C\CCCCCCCC(=O)OCCCCCC(O)C(CCCCOC(=O)CCCCCCC/C=C\CCCCCCCC)CNCCN1CCCCC1,JW_2024,JW_2024,1
-4.7239566,1.059397878,CCCCCCCC/C=C\CCCCCCCC(=O)OCCCCCC(O)C(CCCCOC(=O)CCCCCCC/C=C\CCCCCCCC)CNCCN1CCCCC1,JW_2024,JW_2024,1
-4.265606,1.092060496,CCCCCCCC/C=C\CCCCCCCC(=O)OCCCCCC(O)C(CCCCOC(=O)CCCCCCC/C=C\CCCCCCCC)CNCCN1CCCCC1,JW_2024,JW_2024,1
-3.8946865,1.353361438,CCCCCCCC/C=C\CCCCCCCC(=O)OCCCCCC(O)C(CCCCOC(=O)CCCCCCC/C=C\CCCCCCCC)CNCCN1CCCCC1,JW_2024,JW_2024,2
-3.8542109,1.663656307,CCCCCCCC/C=C\CCCCCCCC(=O)OCCCCCC(O)C(CCCCOC(=O)CCCCCCC/C=C\CCCCCCCC)CNCCN1CCCCC1,JW_2024,JW_2024,2
-3.8856852,0.822593899,CCCCCCCC/C=C\CCCCCCCC(=O)OCCCCCC(O)C(CCCCOC(=O)CCCCCCC/C=C\CCCCCCCC)CNCCN1CCCCC1,JW_2024,JW_2024,1
-4.1513805,1.328864474,CCCCCCCC/C=C\CCCCCCCC(=O)OCCCCCC(O)C(CCCCOC(=O)CCCCCCC/C=C\CCCCCCCC)CNCCN1CCCCC1,JW_2024,JW_2024,2
-4.415749,1.720815888,CCCCCCCC/C=C\CCCCCCCC(=O)OCCCCCC(O)C(CCCCOC(=O)CCCCCCC/C=C\CCCCCCCC)CNCCN1CCCCC1,JW_2024,JW_2024,2
-4.124365,-0.606395629,CCCCCCCC/C=C\CCCCCCCC(=O)OCCCCCC(O)C(CCCCOC(=O)CCCCCCC/C=C\CCCCCCCC)CNCCCn1ccnc1,JW_2024,JW_2024,0
-4.6455913,0.422476831,CCCCCCCC/C=C\CCCCCCCC(=O)OCCCCCC(O)C(CCCCOC(=O)CCCCCCC/C=C\CCCCCCCC)CNCCCn1ccnc1,JW_2024,JW_2024,1
-4.208667,0.038691072,CCCCCCCC/C=C\CCCCCCCC(=O)OCCCCCC(O)C(CCCCOC(=O)CCCCCCC/C=C\CCCCCCCC)CNCCCn1ccnc1,JW_2024,JW_2024,1
-4.9198556,-0.042965472,CCCCCCCC/C=C\CCCCCCCC(=O)OCCCCCC(O)C(CCCCOC(=O)CCCCCCC/C=C\CCCCCCCC)CNCCCn1ccnc1,JW_2024,JW_2024,0
-4.2947564,0.104016308,CCCCCCCC/C=C\CCCCCCCC(=O)OCCCCCC(O)C(CCCCOC(=O)CCCCCCC/C=C\CCCCCCCC)CNCCCn1ccnc1,JW_2024,JW_2024,1
-4.398721,0.120347617,CCCCCCCC/C=C\CCCCCCCC(=O)OCCCCCC(O)C(CCCCOC(=O)CCCCCCC/C=C\CCCCCCCC)CNCCCn1ccnc1,JW_2024,JW_2024,1
-3.6807454,0.283660706,CCCCCCCC/C=C\CCCCCCCC(=O)OCCCCCC(O)C(CCCCOC(=O)CCCCCCC/C=C\CCCCCCCC)CNCCCn1ccnc1,JW_2024,JW_2024,1
-3.9345975,0.455139449,CCCCCCCC/C=C\CCCCCCCC(=O)OCCCCCC(O)C(CCCCOC(=O)CCCCCCC/C=C\CCCCCCCC)CNCCCn1ccnc1,JW_2024,JW_2024,1
-4.878647,0.830759553,CCCCCCCC/C=C\CCCCCCCC(=O)OCCCCCC(O)C(CCCCOC(=O)CCCCCCC/C=C\CCCCCCCC)CNCCCn1ccnc1,JW_2024,JW_2024,1
-4.4901185,0.234666779,CCCCCCCC/C=C\CCCCCCCC(=O)OCCCCCC(O)C(CCCCOC(=O)CCCCCCC/C=C\CCCCCCCC)CNCCO,JW_2024,JW_2024,1
-5.342951,1.149220077,CCCCCCCC/C=C\CCCCCCCC(=O)OCCCCCC(O)C(CCCCOC(=O)CCCCCCC/C=C\CCCCCCCC)CNCCO,JW_2024,JW_2024,1
-5.1923265,0.757268663,CCCCCCCC/C=C\CCCCCCCC(=O)OCCCCCC(O)C(CCCCOC(=O)CCCCCCC/C=C\CCCCCCCC)CNCCO,JW_2024,JW_2024,1
-4.500355,0.389814213,CCCCCCCC/C=C\CCCCCCCC(=O)OCCCCCC(O)C(CCCCOC(=O)CCCCCCC/C=C\CCCCCCCC)CNCCO,JW_2024,JW_2024,1
-4.7666717,1.369692747,CCCCCCCC/C=C\CCCCCCCC(=O)OCCCCCC(O)C(CCCCOC(=O)CCCCCCC/C=C\CCCCCCCC)CNCCO,JW_2024,JW_2024,2
-4.7301426,0.716440391,CCCCCCCC/C=C\CCCCCCCC(=O)OCCCCCC(O)C(CCCCOC(=O)CCCCCCC/C=C\CCCCCCCC)CNCCO,JW_2024,JW_2024,1
-4.317048,0.348985941,CCCCCCCC/C=C\CCCCCCCC(=O)OCCCCCC(O)C(CCCCOC(=O)CCCCCCC/C=C\CCCCCCCC)CNCCO,JW_2024,JW_2024,1
-4.283084,0.463305103,CCCCCCCC/C=C\CCCCCCCC(=O)OCCCCCC(O)C(CCCCOC(=O)CCCCCCC/C=C\CCCCCCCC)CNCCO,JW_2024,JW_2024,1
-5.2331824,1.337030129,CCCCCCCC/C=C\CCCCCCCC(=O)OCCCCCC(O)C(CCCCOC(=O)CCCCCCC/C=C\CCCCCCCC)CNCCO,JW_2024,JW_2024,2
-5.113513,-0.941187461,CCCCCCCC/C=C\CCCCCCCC(=O)OCCCCCC(O)C(CCCCOC(=O)CCCCCCC/C=C\CCCCCCCC)CNCCCO,JW_2024,JW_2024,0
-5.5419493,1.010403951,CCCCCCCC/C=C\CCCCCCCC(=O)OCCCCCC(O)C(CCCCOC(=O)CCCCCCC/C=C\CCCCCCCC)CNCCCO,JW_2024,JW_2024,1
-5.4937234,0.128513271,CCCCCCCC/C=C\CCCCCCCC(=O)OCCCCCC(O)C(CCCCOC(=O)CCCCCCC/C=C\CCCCCCCC)CNCCCO,JW_2024,JW_2024,1
-4.2949944,0.757268663,CCCCCCCC/C=C\CCCCCCCC(=O)OCCCCCC(O)C(CCCCOC(=O)CCCCCCC/C=C\CCCCCCCC)CNCCCO,JW_2024,JW_2024,1
-4.720946,1.516674527,CCCCCCCC/C=C\CCCCCCCC(=O)OCCCCCC(O)C(CCCCOC(=O)CCCCCCC/C=C\CCCCCCCC)CNCCCO,JW_2024,JW_2024,2
-4.8322983,0.226501125,CCCCCCCC/C=C\CCCCCCCC(=O)OCCCCCC(O)C(CCCCOC(=O)CCCCCCC/C=C\CCCCCCCC)CNCCCO,JW_2024,JW_2024,1
-4.6001706,-0.328763378,CCCCCCCC/C=C\CCCCCCCC(=O)OCCCCCC(O)C(CCCCOC(=O)CCCCCCC/C=C\CCCCCCCC)CNCCCO,JW_2024,JW_2024,0
-4.6468472,0.079519344,CCCCCCCC/C=C\CCCCCCCC(=O)OCCCCCC(O)C(CCCCOC(=O)CCCCCCC/C=C\CCCCCCCC)CNCCCO,JW_2024,JW_2024,1
-5.007058,0.838925208,CCCCCCCC/C=C\CCCCCCCC(=O)OCCCCCC(O)C(CCCCOC(=O)CCCCCCC/C=C\CCCCCCCC)CNCCCO,JW_2024,JW_2024,1
-2.5200381,-0.165450289,CCCCCCCC/C=C\CCCCCCCC(=O)OCCCCCC(O)C(CCCCOC(=O)CCCCCCC/C=C\CCCCCCCC)CN(C)CCN(C)C,JW_2024,JW_2024,0
-3.4524477,1.165551386,CCCCCCCC/C=C\CCCCCCCC(=O)OCCCCCC(O)C(CCCCOC(=O)CCCCCCC/C=C\CCCCCCCC)CN(C)CCN(C)C,JW_2024,JW_2024,1
-3.2148995,0.055022381,CCCCCCCC/C=C\CCCCCCCC(=O)OCCCCCC(O)C(CCCCOC(=O)CCCCCCC/C=C\CCCCCCCC)CN(C)CCN(C)C,JW_2024,JW_2024,1
-3.353762,0.030525418,CCCCCCCC/C=C\CCCCCCCC(=O)OCCCCCC(O)C(CCCCOC(=O)CCCCCCC/C=C\CCCCCCCC)CN(C)CCN(C)C,JW_2024,JW_2024,1
-3.6012955,0.348985941,CCCCCCCC/C=C\CCCCCCCC(=O)OCCCCCC(O)C(CCCCOC(=O)CCCCCCC/C=C\CCCCCCCC)CN(C)CCN(C)C,JW_2024,JW_2024,1
-3.5754905,0.373482905,CCCCCCCC/C=C\CCCCCCCC(=O)OCCCCCC(O)C(CCCCOC(=O)CCCCCCC/C=C\CCCCCCCC)CN(C)CCN(C)C,JW_2024,JW_2024,1
-2.226239,-0.312432069,CCCCCCCC/C=C\CCCCCCCC(=O)OCCCCCC(O)C(CCCCOC(=O)CCCCCCC/C=C\CCCCCCCC)CN(C)CCN(C)C,JW_2024,JW_2024,0
-2.4019272,0.749103009,CCCCCCCC/C=C\CCCCCCCC(=O)OCCCCCC(O)C(CCCCOC(=O)CCCCCCC/C=C\CCCCCCCC)CN(C)CCN(C)C,JW_2024,JW_2024,1
-4.166669,0.561292957,CCCCCCCC/C=C\CCCCCCCC(=O)OCCCCCC(O)C(CCCCOC(=O)CCCCCCC/C=C\CCCCCCCC)CN(C)CCN(C)C,JW_2024,JW_2024,1
-3.52735,0.414311177,CCCCCCCC/C=C\CCCCCCCC(=O)OCCCCCC(O)C(CCCCOC(=O)CCCCCCC/C=C\CCCCCCCC)CNCCCN(CCCC)CCCC,JW_2024,JW_2024,1
-3.8154078,0.716440391,CCCCCCCC/C=C\CCCCCCCC(=O)OCCCCCC(O)C(CCCCOC(=O)CCCCCCC/C=C\CCCCCCCC)CNCCCN(CCCC)CCCC,JW_2024,JW_2024,1
-3.437753,0.724606046,CCCCCCCC/C=C\CCCCCCCC(=O)OCCCCCC(O)C(CCCCOC(=O)CCCCCCC/C=C\CCCCCCCC)CNCCCN(CCCC)CCCC,JW_2024,JW_2024,1
-3.2992022,0.120347617,CCCCCCCC/C=C\CCCCCCCC(=O)OCCCCCC(O)C(CCCCOC(=O)CCCCCCC/C=C\CCCCCCCC)CNCCCN(CCCC)CCCC,JW_2024,JW_2024,1
-2.877262,1.092060496,CCCCCCCC/C=C\CCCCCCCC(=O)OCCCCCC(O)C(CCCCOC(=O)CCCCCCC/C=C\CCCCCCCC)CNCCCN(CCCC)CCCC,JW_2024,JW_2024,1
-2.9560483,0.95324437,CCCCCCCC/C=C\CCCCCCCC(=O)OCCCCCC(O)C(CCCCOC(=O)CCCCCCC/C=C\CCCCCCCC)CNCCCN(CCCC)CCCC,JW_2024,JW_2024,1
-3.0218785,0.798096936,CCCCCCCC/C=C\CCCCCCCC(=O)OCCCCCC(O)C(CCCCOC(=O)CCCCCCC/C=C\CCCCCCCC)CNCCCN(CCCC)CCCC,JW_2024,JW_2024,1
-3.3518934,0.430642486,CCCCCCCC/C=C\CCCCCCCC(=O)OCCCCCC(O)C(CCCCOC(=O)CCCCCCC/C=C\CCCCCCCC)CNCCCN(CCCC)CCCC,JW_2024,JW_2024,1
-3.2799404,1.484011909,CCCCCCCC/C=C\CCCCCCCC(=O)OCCCCCC(O)C(CCCCOC(=O)CCCCCCC/C=C\CCCCCCCC)CNCCCN(CCCC)CCCC,JW_2024,JW_2024,2
-4.819403,1.149220077,CCCCCCCC/C=C\CCCCCCCC(=O)OCCCCCC(O)C(CCCCOC(=O)CCCCCCC/C=C\CCCCCCCC)CNCCN1CCOCC1,JW_2024,JW_2024,1
-5.152958,1.304367511,CCCCCCCC/C=C\CCCCCCCC(=O)OCCCCCC(O)C(CCCCOC(=O)CCCCCCC/C=C\CCCCCCCC)CNCCN1CCOCC1,JW_2024,JW_2024,1
-5.2257824,0.634783847,CCCCCCCC/C=C\CCCCCCCC(=O)OCCCCCC(O)C(CCCCOC(=O)CCCCCCC/C=C\CCCCCCCC)CNCCN1CCOCC1,JW_2024,JW_2024,1
-4.8305516,0.610286883,CCCCCCCC/C=C\CCCCCCCC(=O)OCCCCCC(O)C(CCCCOC(=O)CCCCCCC/C=C\CCCCCCCC)CNCCN1CCOCC1,JW_2024,JW_2024,1
-5.128157,1.288036202,CCCCCCCC/C=C\CCCCCCCC(=O)OCCCCCC(O)C(CCCCOC(=O)CCCCCCC/C=C\CCCCCCCC)CNCCN1CCOCC1,JW_2024,JW_2024,1
-4.9227476,0.781765627,CCCCCCCC/C=C\CCCCCCCC(=O)OCCCCCC(O)C(CCCCOC(=O)CCCCCCC/C=C\CCCCCCCC)CNCCN1CCOCC1,JW_2024,JW_2024,1
-4.464282,-0.402254268,CCCCCCCC/C=C\CCCCCCCC(=O)OCCCCCC(O)C(CCCCOC(=O)CCCCCCC/C=C\CCCCCCCC)CNCCN1CCOCC1,JW_2024,JW_2024,0
-4.6276937,1.124723113,CCCCCCCC/C=C\CCCCCCCC(=O)OCCCCCC(O)C(CCCCOC(=O)CCCCCCC/C=C\CCCCCCCC)CNCCN1CCOCC1,JW_2024,JW_2024,1
-5.404049,1.459514945,CCCCCCCC/C=C\CCCCCCCC(=O)OCCCCCC(O)C(CCCCOC(=O)CCCCCCC/C=C\CCCCCCCC)CNCCN1CCOCC1,JW_2024,JW_2024,2
-3.4888635,-0.66355521,CCCCCCCC/C=C\CCCCCCCC(=O)OCCCCCC(O)C(CCCCOC(=O)CCCCCCC/C=C\CCCCCCCC)CNCCN1CCCC1,JW_2024,JW_2024,0
-4.2843175,1.337030129,CCCCCCCC/C=C\CCCCCCCC(=O)OCCCCCC(O)C(CCCCOC(=O)CCCCCCC/C=C\CCCCCCCC)CNCCN1CCCC1,JW_2024,JW_2024,2
-4.025942,0.569458611,CCCCCCCC/C=C\CCCCCCCC(=O)OCCCCCC(O)C(CCCCOC(=O)CCCCCCC/C=C\CCCCCCCC)CNCCN1CCCC1,JW_2024,JW_2024,1
-3.8751764,0.495967721,CCCCCCCC/C=C\CCCCCCCC(=O)OCCCCCC(O)C(CCCCOC(=O)CCCCCCC/C=C\CCCCCCCC)CNCCN1CCCC1,JW_2024,JW_2024,1
-3.7218955,1.328864474,CCCCCCCC/C=C\CCCCCCCC(=O)OCCCCCC(O)C(CCCCOC(=O)CCCCCCC/C=C\CCCCCCCC)CNCCN1CCCC1,JW_2024,JW_2024,2
-3.861088,0.602121229,CCCCCCCC/C=C\CCCCCCCC(=O)OCCCCCC(O)C(CCCCOC(=O)CCCCCCC/C=C\CCCCCCCC)CNCCN1CCCC1,JW_2024,JW_2024,1
-3.3245816,-0.263438142,CCCCCCCC/C=C\CCCCCCCC(=O)OCCCCCC(O)C(CCCCOC(=O)CCCCCCC/C=C\CCCCCCCC)CNCCN1CCCC1,JW_2024,JW_2024,0
-3.6293027,1.059397878,CCCCCCCC/C=C\CCCCCCCC(=O)OCCCCCC(O)C(CCCCOC(=O)CCCCCCC/C=C\CCCCCCCC)CNCCN1CCCC1,JW_2024,JW_2024,1
-4.213145,1.083894841,CCCCCCCC/C=C\CCCCCCCC(=O)OCCCCCC(O)C(CCCCOC(=O)CCCCCCC/C=C\CCCCCCCC)CNCCN1CCCC1,JW_2024,JW_2024,1
-2.6174343,-0.379479363,CCCCCCCC/C=C\CCCCCCCC(=O)OCCCCCCN(C)CCOC(=O)OCCN(C)CCCCCC(=O)OC(CCCCCCCC)CCCCCCCC,JW_2024,JW_2024,0
-2.8437152,-0.188865529,CCCCCCCC/C=C\CCCCCCCC(=O)OCCCCCCN(C)CCOC(=O)OCCN(C)CCCCCC(=O)OC(CCCCCCCC)CCCCCCCC,JW_2024,JW_2024,0
-3.2415965,0.977691136,CCCCCCCC/C=C\CCCCCCCC(=O)OCCCCCCN(C)CCOC(=O)OCCN(C)CCCCCC(=O)OC(CCCCCCCC)CCCCCCCC,JW_2024,JW_2024,1
-3.4773178,-0.265111062,CCCCCCCC/C=C\CCCCCCCC(=O)OCCCCCCN(C)CCOC(=O)OCCN(C)CCCCCC(=O)OC(CCCCCCCC)CCCCCCCC,JW_2024,JW_2024,0
-3.644031,-0.249861956,CCCCCCCC/C=C\CCCCCCCC(=O)OCCCCCCN(C)CCOC(=O)OCCN(C)CCCCCC(=O)OC(CCCCCCCC)CCCCCCCC,JW_2024,JW_2024,0
-3.932965,-0.470974003,CCCCCCCC/C=C\CCCCCCCC(=O)OCCCCCCN(C)CCOC(=O)OCCN(C)CCCCCC(=O)OC(CCCCCCCC)CCCCCCCC,JW_2024,JW_2024,0
-2.8483896,-0.173616422,CCCCCCCC/C=C\CCCCCCCC(=O)OCCCCCCN(C)CCOC(=O)OCCN(C)CCCCCC(=O)OC(CCCCCCCC)CCCCCCCC,JW_2024,JW_2024,0
-2.3883498,-0.44047579,CCCCCCCC/C=C\CCCCCCCC(=O)OCCCCCCN(C)CCOC(=O)OCCN(C)CCCCCC(=O)OC(CCCCCCCC)CCCCCCCC,JW_2024,JW_2024,0
-3.822479,-0.211739189,CCCCCCCC/C=C\CCCCCCCC(=O)OCCCCCCN(C)CCOC(=O)OCCN(C)CCCCCC(=O)OC(CCCCCCCC)CCCCCCCC,JW_2024,JW_2024,0
-3.5702336,-1.286801213,CCCCCCCCCCCCCCCCCC(=O)OCCCCCCN(C)CCOC(=O)OCCN(C)CCCCCCOC(=O)CCCCCCCCCCCCCCCCC,JW_2024,JW_2024,0
-3.561052,-0.470974003,CCCCCCCCCCCCCCCCCC(=O)OCCCCCCN(C)CCOC(=O)OCCN(C)CCCCCCOC(=O)CCCCCCCCCCCCCCCCC,JW_2024,JW_2024,0
-3.8965201,-0.478598557,CCCCCCCCCCCCCCCCCC(=O)OCCCCCCN(C)CCOC(=O)OCCN(C)CCCCCCOC(=O)CCCCCCCCCCCCCCCCC,JW_2024,JW_2024,0
-3.875215,-0.44047579,CCCCCCCCCCCCCCCCCC(=O)OCCCCCCN(C)CCOC(=O)OCCN(C)CCCCCCOC(=O)CCCCCCCCCCCCCCCCC,JW_2024,JW_2024,0
-4.226477,-0.188865529,CCCCCCCCCCCCCCCCCC(=O)OCCCCCCN(C)CCOC(=O)OCCN(C)CCCCCCOC(=O)CCCCCCCCCCCCCCCCC,JW_2024,JW_2024,0
-4.290489,-0.425226683,CCCCCCCCCCCCCCCCCC(=O)OCCCCCCN(C)CCOC(=O)OCCN(C)CCCCCCOC(=O)CCCCCCCCCCCCCCCCC,JW_2024,JW_2024,0
-3.4158869,-0.165991869,CCCCCCCCCCCCCCCCCC(=O)OCCCCCCN(C)CCOC(=O)OCCN(C)CCCCCCOC(=O)CCCCCCCCCCCCCCCCC,JW_2024,JW_2024,0
-3.1018991,-0.867450778,CCCCCCCCCCCCCCCCCC(=O)OCCCCCCN(C)CCOC(=O)OCCN(C)CCCCCCOC(=O)CCCCCCCCCCCCCCCCC,JW_2024,JW_2024,0
-4.202837,0.116116606,CCCCCCCCCCCCCCCCCC(=O)OCCCCCCN(C)CCOC(=O)OCCN(C)CCCCCCOC(=O)CCCCCCCCCCCCCCCCC,JW_2024,JW_2024,1
-3.603656,-0.943696312,CCCCC/C=C\C/C=C\CCCCCCCC(=O)OCCCCCCN(C)CCOC(=O)OCCN(C)CCCCCCOC(=O)CCCCCCC/C=C\C/C=C\CCCCC,JW_2024,JW_2024,0
-4.2770348,-0.234612849,CCCCC/C=C\C/C=C\CCCCCCCC(=O)OCCCCCCN(C)CCOC(=O)OCCN(C)CCCCCCOC(=O)CCCCCCC/C=C\C/C=C\CCCCC,JW_2024,JW_2024,0
-4.107342,-0.547219537,CCCCC/C=C\C/C=C\CCCCCCCC(=O)OCCCCCCN(C)CCOC(=O)OCCN(C)CCCCCCOC(=O)CCCCCCC/C=C\C/C=C\CCCCC,JW_2024,JW_2024,0
-4.6951714,-0.448100343,CCCCC/C=C\C/C=C\CCCCCCCC(=O)OCCCCCCN(C)CCOC(=O)OCCN(C)CCCCCCOC(=O)CCCCCCC/C=C\C/C=C\CCCCC,JW_2024,JW_2024,0
-4.791747,-0.143118209,CCCCC/C=C\C/C=C\CCCCCCCC(=O)OCCCCCCN(C)CCOC(=O)OCCN(C)CCCCCCOC(=O)CCCCCCC/C=C\C/C=C\CCCCC,JW_2024,JW_2024,0
-4.777194,-1.180057466,CCCCC/C=C\C/C=C\CCCCCCCC(=O)OCCCCCCN(C)CCOC(=O)OCCN(C)CCCCCCOC(=O)CCCCCCC/C=C\C/C=C\CCCCC,JW_2024,JW_2024,0
-3.413088,-0.356605703,CCCCC/C=C\C/C=C\CCCCCCCC(=O)OCCCCCCN(C)CCOC(=O)OCCN(C)CCCCCCOC(=O)CCCCCCC/C=C\C/C=C\CCCCC,JW_2024,JW_2024,0
-3.9659739,-0.181240975,CCCCC/C=C\C/C=C\CCCCCCCC(=O)OCCCCCCN(C)CCOC(=O)OCCN(C)CCCCCCOC(=O)CCCCCCC/C=C\C/C=C\CCCCC,JW_2024,JW_2024,0
-5.021797,0.001748305,CCCCC/C=C\C/C=C\CCCCCCCC(=O)OCCCCCCN(C)CCOC(=O)OCCN(C)CCCCCCOC(=O)CCCCCCC/C=C\C/C=C\CCCCC,JW_2024,JW_2024,0
-2.3868456,-1.096187379,CCCCCCCCCCCCCCCCCC(=O)OCCCCCCN(C)CCOC(=O)OCCN(C)CCCCCC(=O)OC(CCCCCCCC)CCCCCCCC,JW_2024,JW_2024,0
-2.5445259,-0.097370888,CCCCCCCCCCCCCCCCCC(=O)OCCCCCCN(C)CCOC(=O)OCCN(C)CCCCCC(=O)OC(CCCCCCCC)CCCCCCCC,JW_2024,JW_2024,0
-2.954199,0.138990266,CCCCCCCCCCCCCCCCCC(=O)OCCCCCCN(C)CCOC(=O)OCCN(C)CCCCCC(=O)OC(CCCCCCCC)CCCCCCCC,JW_2024,JW_2024,1
-3.152743,-0.188865529,CCCCCCCCCCCCCCCCCC(=O)OCCCCCCN(C)CCOC(=O)OCCN(C)CCCCCC(=O)OC(CCCCCCCC)CCCCCCCC,JW_2024,JW_2024,0
-3.810401,-0.196490082,CCCCCCCCCCCCCCCCCC(=O)OCCCCCCN(C)CCOC(=O)OCCN(C)CCCCCC(=O)OC(CCCCCCCC)CCCCCCCC,JW_2024,JW_2024,0
-3.7283769,-0.699710604,CCCCCCCCCCCCCCCCCC(=O)OCCCCCCN(C)CCOC(=O)OCCN(C)CCCCCC(=O)OC(CCCCCCCC)CCCCCCCC,JW_2024,JW_2024,0
-2.5614202,-0.859826225,CCCCCCCCCCCCCCCCCC(=O)OCCCCCCN(C)CCOC(=O)OCCN(C)CCCCCC(=O)OC(CCCCCCCC)CCCCCCCC,JW_2024,JW_2024,0
-2.2452686,-0.196490082,CCCCCCCCCCCCCCCCCC(=O)OCCCCCCN(C)CCOC(=O)OCCN(C)CCCCCC(=O)OC(CCCCCCCC)CCCCCCCC,JW_2024,JW_2024,0
-3.9768806,-0.249861956,CCCCCCCCCCCCCCCCCC(=O)OCCCCCCN(C)CCOC(=O)OCCN(C)CCCCCC(=O)OC(CCCCCCCC)CCCCCCCC,JW_2024,JW_2024,0
-4.6956286,-0.941187461,CCCCC/C=C\C/C=C\CCCCCCCC(=O)OCCCCCC(O)C(CCCCOC(=O)CCCCCCC/C=C\C/C=C\CCCCC)CN(C)CCCNC,JW_2024,JW_2024,0
-5.2158523,-0.475745158,CCCCC/C=C\C/C=C\CCCCCCCC(=O)OCCCCCC(O)C(CCCCOC(=O)CCCCCCC/C=C\C/C=C\CCCCC)CN(C)CCCNC,JW_2024,JW_2024,0
-5.088644,-0.483910812,CCCCC/C=C\C/C=C\CCCCCCCC(=O)OCCCCCC(O)C(CCCCOC(=O)CCCCCCC/C=C\C/C=C\CCCCC)CNCCN1CCOCC1,JW_2024,JW_2024,0
-5.7629094,1.255373584,CCCCC/C=C\C/C=C\CCCCCCCC(=O)OCCCCCC(O)C(CCCCOC(=O)CCCCCCC/C=C\C/C=C\CCCCC)CNCCN1CCOCC1,JW_2024,JW_2024,1
-5.3238134,0.683777773,CCCCC/C=C\C/C=C\CCCCCCCC(=O)OCCCCCC(O)C(CCCCOC(=O)CCCCCCC/C=C\C/C=C\CCCCC)CNCCN1CCCC1,JW_2024,JW_2024,1
-5.5841336,0.838925208,CCCCC/C=C\C/C=C\CCCCCCCC(=O)OCCCCCC(O)C(CCCCOC(=O)CCCCCCC/C=C\C/C=C\CCCCC)CNCCN1CCCC1,JW_2024,JW_2024,1
-4.5807033,-0.173615943,CCCCC/C=C\C/C=C\CCCCCCCC(=O)OCCCCCC(O)C(CCCCOC(=O)CCCCCCC/C=C\C/C=C\CCCCC)CN(C)CCN(C)C,JW_2024,JW_2024,0
-5.388616,0.863422171,CCCCC/C=C\C/C=C\CCCCCCCC(=O)OCCCCCC(O)C(CCCCOC(=O)CCCCCCC/C=C\C/C=C\CCCCC)CN(C)CCN(C)C,JW_2024,JW_2024,1
-4.321037,-0.067462436,CCCCC/C=C\C/C=C\CCCCCCCC(=O)OCCCCCC(O)C(CCCCOC(=O)CCCCCCC/C=C\C/C=C\CCCCC)CNCCCn1ccnc1,JW_2024,JW_2024,0
-5.1262155,0.283660706,CCCCC/C=C\C/C=C\CCCCCCCC(=O)OCCCCCC(O)C(CCCCOC(=O)CCCCCCC/C=C\C/C=C\CCCCC)CNCCCn1ccnc1,JW_2024,JW_2024,1
-3.6172802,1.018569606,CCCCC/C=C\C/C=C\CCCCCCCC(=O)OCCCCCC(O)C(CCCCOC(=O)CCCCCCC/C=C\C/C=C\CCCCC)CNCCN(C)CCNCC(CCCCOC(=O)CCCCCCC/C=C\C/C=C\CCCCC)C(O)CCCCCOC(=O)CCCCCCC/C=C\C/C=C\CCCCC,JW_2024,JW_2024,1
-3.8039992,1.516674527,CCCCC/C=C\C/C=C\CCCCCCCC(=O)OCCCCCC(O)C(CCCCOC(=O)CCCCCCC/C=C\C/C=C\CCCCC)CNCCN(C)CCNCC(CCCCOC(=O)CCCCCCC/C=C\C/C=C\CCCCC)C(O)CCCCCOC(=O)CCCCCCC/C=C\C/C=C\CCCCC,JW_2024,JW_2024,2
-4.2837825,-0.385922959,CCCCC/C=C\C/C=C\CCCCCCCC(=O)OCCCCCC(O)C(CCCCOC(=O)CCCCCCC/C=C\C/C=C\CCCCC)CNCCCN(C)C,JW_2024,JW_2024,0
-5.002137,-0.255272488,CCCCC/C=C\C/C=C\CCCCCCCC(=O)OCCCCCC(O)C(CCCCOC(=O)CCCCCCC/C=C\C/C=C\CCCCC)CNCCCN(C)C,JW_2024,JW_2024,0
-4.492023,-0.459413849,CCCCC/C=C\C/C=C\CCCCCCCC(=O)OCCCCCC(O)C(CCCCOC(=O)CCCCCCC/C=C\C/C=C\CCCCC)CNCCN1CCN(C)CC1,JW_2024,JW_2024,0
-5.1715612,-0.483910812,CCCCC/C=C\C/C=C\CCCCCCCC(=O)OCCCCCC(O)C(CCCCOC(=O)CCCCCCC/C=C\C/C=C\CCCCC)CNCCN1CCN(C)CC1,JW_2024,JW_2024,0
-4.086417,-0.7370461,CCCCC/C=C\C/C=C\CCCCCCCC(=O)OCCCCCC(O)C(CCCCOC(=O)CCCCCCC/C=C\C/C=C\CCCCC)CN1CCCN(C)CC1,JW_2024,JW_2024,0
-4.3463006,-0.214444216,CCCCC/C=C\C/C=C\CCCCCCCC(=O)OCCCCCC(O)C(CCCCOC(=O)CCCCCCC/C=C\C/C=C\CCCCC)CN1CCCN(C)CC1,JW_2024,JW_2024,0
-5.0715127,-0.385922959,CCCCC/C=C\C/C=C\CCCCCCCC(=O)OCCCCCC(O)C(CCCCOC(=O)CCCCCCC/C=C\C/C=C\CCCCC)CNCCCN1CCCCC1CC,JW_2024,JW_2024,0
-5.4294567,0.046856727,CCCCC/C=C\C/C=C\CCCCCCCC(=O)OCCCCCC(O)C(CCCCOC(=O)CCCCCCC/C=C\C/C=C\CCCCC)CNCCCN1CCCCC1CC,JW_2024,JW_2024,1
-5.6944942,-1.210654058,CCCCC/C=C\C/C=C\CCCCCCCC(=O)OCCCCCC(O)C(CCCCOC(=O)CCCCCCC/C=C\C/C=C\CCCCC)CNCCN1CCCCC1,JW_2024,JW_2024,0
-6.2500606,-1.145328822,CCCCC/C=C\C/C=C\CCCCCCCC(=O)OCCCCCC(O)C(CCCCOC(=O)CCCCCCC/C=C\C/C=C\CCCCC)CNCCN1CCCCC1,JW_2024,JW_2024,0
-4.657483,1.092060496,CCCCC/C=C\C/C=C\CCCCCCCC(=O)OCCCCCC(O)C(CCCCOC(=O)CCCCCCC/C=C\C/C=C\CCCCC)CNCCNCCN1CCN(CCNCC(CCCCOC(=O)CCCCCCC/C=C\C/C=C\CCCCC)C(O)CCCCCOC(=O)CCCCCCC/C=C\C/C=C\CCCCC)CC1,JW_2024,JW_2024,1
-5.0493937,1.10022615,CCCCC/C=C\C/C=C\CCCCCCCC(=O)OCCCCCC(O)C(CCCCOC(=O)CCCCCCC/C=C\C/C=C\CCCCC)CNCCNCCN1CCN(CCNCC(CCCCOC(=O)CCCCCCC/C=C\C/C=C\CCCCC)C(O)CCCCCOC(=O)CCCCCCC/C=C\C/C=C\CCCCC)CC1,JW_2024,JW_2024,1
-3.5025053,-0.769708718,CCCCC/C=C\C/C=C\CCCCCCCC(=O)OCCCCCC(O)C(CCCCOC(=O)CCCCCCC/C=C\C/C=C\CCCCC)CN1CCN(CC(CCCCOC(=O)CCCCCCC/C=C\C/C=C\CCCCC)C(O)CCCCCOC(=O)CCCCCCC/C=C\C/C=C\CCCCC)CC1,JW_2024,JW_2024,0
-4.0132995,-0.304266414,CCCCC/C=C\C/C=C\CCCCCCCC(=O)OCCCCCC(O)C(CCCCOC(=O)CCCCCCC/C=C\C/C=C\CCCCC)CN1CCN(CC(CCCCOC(=O)CCCCCCC/C=C\C/C=C\CCCCC)C(O)CCCCCOC(=O)CCCCCCC/C=C\C/C=C\CCCCC)CC1,JW_2024,JW_2024,0
-3.737873,0.561292957,CCCCC/C=C\C/C=C\CCCCCCCC(=O)OCCCCCC(O)C(CCCCOC(=O)CCCCCCC/C=C\C/C=C\CCCCC)CNCCCN(CCCC)CCCC,JW_2024,JW_2024,1
-3.565113,1.598331071,CCCCC/C=C\C/C=C\CCCCCCCC(=O)OCCCCCC(O)C(CCCCOC(=O)CCCCCCC/C=C\C/C=C\CCCCC)CNCCCN(CCCC)CCCC,JW_2024,JW_2024,2
-4.6649704,0.202004161,CCCCC/C=C\C/C=C\CCCCCCCC(=O)OCCCCCC(O)C(CCCCOC(=O)CCCCCCC/C=C\C/C=C\CCCCC)CNCCCN(CCO)CCO,JW_2024,JW_2024,1
-5.1778,0.128513271,CCCCC/C=C\C/C=C\CCCCCCCC(=O)OCCCCCC(O)C(CCCCOC(=O)CCCCCCC/C=C\C/C=C\CCCCC)CNCCCN(CCO)CCO,JW_2024,JW_2024,1
-3.662063,0.299992015,CCCCC/C=C\C/C=C\CCCCCCCC(=O)OCCCCCC(O)C(CCCCOC(=O)CCCCCCC/C=C\C/C=C\CCCCC)CNCCCNCC(CCCCOC(=O)CCCCCCC/C=C\C/C=C\CCCCC)C(O)CCCCCOC(=O)CCCCCCC/C=C\C/C=C\CCCCC,JW_2024,JW_2024,1
-3.845167,0.781765627,CCCCC/C=C\C/C=C\CCCCCCCC(=O)OCCCCCC(O)C(CCCCOC(=O)CCCCCCC/C=C\C/C=C\CCCCC)CNCCCNCC(CCCCOC(=O)CCCCCCC/C=C\C/C=C\CCCCC)C(O)CCCCCOC(=O)CCCCCCC/C=C\C/C=C\CCCCC,JW_2024,JW_2024,1
-3.8088005,-1.284144948,CCCCC/C=C\C/C=C\CCCCCCCC(=O)OCCCCCC(O)C(CCCCOC(=O)CCCCCCC/C=C\C/C=C\CCCCC)CN(C)CCCN(C)CC(CCCCOC(=O)CCCCCCC/C=C\C/C=C\CCCCC)C(O)CCCCCOC(=O)CCCCCCC/C=C\C/C=C\CCCCC,JW_2024,JW_2024,0
-4.0787697,-0.908524843,CCCCC/C=C\C/C=C\CCCCCCCC(=O)OCCCCCC(O)C(CCCCOC(=O)CCCCCCC/C=C\C/C=C\CCCCC)CN(C)CCCN(C)CC(CCCCOC(=O)CCCCCCC/C=C\C/C=C\CCCCC)C(O)CCCCCOC(=O)CCCCCCC/C=C\C/C=C\CCCCC,JW_2024,JW_2024,0
-4.701184,-0.532904739,CCCCCCCC/C=C\CCCCCCCC(=O)OCCCCCC(O)C(CCCCOC(=O)CCCCCCC/C=C\CCCCCCCC)CNCCNCCN1CCN(CCNCC(CCCCOC(=O)CCCCCCC/C=C\CCCCCCCC)C(O)CCCCCOC(=O)CCCCCCC/C=C\CCCCCCCC)CC1,JW_2024,JW_2024,0
-4.9233456,-0.091959399,CCCCCCCC/C=C\CCCCCCCC(=O)OCCCCCC(O)C(CCCCOC(=O)CCCCCCC/C=C\CCCCCCCC)CNCCNCCN1CCN(CCNCC(CCCCOC(=O)CCCCCCC/C=C\CCCCCCCC)C(O)CCCCCOC(=O)CCCCCCC/C=C\CCCCCCCC)CC1,JW_2024,JW_2024,0
-3.85863,1.622828034,CCCCCCCC/C=C\CCCCCCCC(=O)OCCCCCC(O)C(CCCCOC(=O)CCCCCCC/C=C\CCCCCCCC)CNCCN(C)CCNCC(CCCCOC(=O)CCCCCCC/C=C\CCCCCCCC)C(O)CCCCCOC(=O)CCCCCCC/C=C\CCCCCCCC,JW_2024,JW_2024,2
-3.6531663,1.590165417,CCCCCCCC/C=C\CCCCCCCC(=O)OCCCCCC(O)C(CCCCOC(=O)CCCCCCC/C=C\CCCCCCCC)CNCCN(C)CCNCC(CCCCOC(=O)CCCCCCC/C=C\CCCCCCCC)C(O)CCCCCOC(=O)CCCCCCC/C=C\CCCCCCCC,JW_2024,JW_2024,2
-3.9585152,-0.532904739,CCCCCCCC/C=C\CCCCCCCC(=O)OCCCCCC(O)C(CCCCOC(=O)CCCCCCC/C=C\CCCCCCCC)CNCCN1CCN(C)CC1,JW_2024,JW_2024,0
-4.4680467,-0.44308254,CCCCCCCC/C=C\CCCCCCCC(=O)OCCCCCC(O)C(CCCCOC(=O)CCCCCCC/C=C\CCCCCCCC)CNCCN1CCN(C)CC1,JW_2024,JW_2024,0
-2.8564394,-0.042965472,CCCCCCCC/C=C\CCCCCCCC(=O)OCCCCCC(O)C(CCCCOC(=O)CCCCCCC/C=C\CCCCCCCC)CNCCCN(CCO)CCO,JW_2024,JW_2024,0
-3.2893302,0.51229903,CCCCCCCC/C=C\CCCCCCCC(=O)OCCCCCC(O)C(CCCCOC(=O)CCCCCCC/C=C\CCCCCCCC)CNCCCN(CCO)CCO,JW_2024,JW_2024,1
-3.5939524,1.610606694,CCCCCCC(C/C=C\CCCCCCCCOC(=O)CCN(CCC(=O)OCCCCCCCC/C=C\CC(CCCCCC)OC(=O)CCCC1CCCCC1)CCN1CCCC1)OC(=O)CCCC1CCCCC1,JW_2024,JW_2024,2
-3.16551,1.25980659,CCCCCCCCCCCC(=O)OC(C/C=C\CCCCCCCCOC(=O)CCN(CCC(=O)OCCCCCCCC/C=C\CC(CCCCCC)OC(=O)CCCCCCCCCCC)CCN1CCCC1)CCCCCC,JW_2024,JW_2024,1
-1.7102108,0.774083369,CCCCCCCCC(CCCCCC)C(=O)OC(C/C=C\CCCCCCCCOC(=O)CCN(CCCN(CC)CC)CCC(=O)OCCCCCCCC/C=C\CC(CCCCCC)OC(=O)C(CCCCCC)CCCCCCCC)CCCCCC,JW_2024,JW_2024,1
-1.8936414,1.016944979,CCCCC/C=C\CCC(=O)OC(C/C=C\CCCCCCCCOC(=O)CCN(CCCN(CC)CC)CCC(=O)OCCCCCCCC/C=C\CC(CCCCCC)OC(=O)CC/C=C\CCCCC)CCCCCC,JW_2024,JW_2024,1
-4.627031,0.49524226,CCCCCCCC/C=C\CCCCCCCC(=O)OC(C/C=C\CCCCCCCCOC(=O)CCN(CCC(=O)OCCCCCCCC/C=C\CC(CCCCCC)OC(=O)CCCCCCC/C=C\CCCCCCCC)CCc1ccncc1)CCCCCC,JW_2024,JW_2024,1
-3.5375788,1.403724582,CCCCCCCC/C=C\CCCCCCCC(=O)OC(C/C=C\CCCCCCCCOC(=O)CCN(CCC(=O)OCCCCCCCC/C=C\CC(CCCCCC)OC(=O)CCCCCCC/C=C\CCCCCCCC)CCN1CCCC1)CCCCCC,JW_2024,JW_2024,2
-4.04544,0.144442156,CCCCC/C=C\C/C=C\CCCCCCCC(=O)OC(C/C=C\CCCCCCCCOC(=O)CCN(CCC(=O)OCCCCCCCC/C=C\CC(CCCCCC)OC(=O)CCCCCCC/C=C\C/C=C\CCCCC)CCc1ccncc1)CCCCCC,JW_2024,JW_2024,1
-1.0186723,1.466688703,CCCCC/C=C\C/C=C\CCCCCCCC(=O)OC(C/C=C\CCCCCCCCOC(=O)CCN(CCCN(CC)CC)CCC(=O)OCCCCCCCC/C=C\CC(CCCCCC)OC(=O)CCCCCCC/C=C\C/C=C\CCCCC)CCCCCC,JW_2024,JW_2024,2
-1.8936414,1.376739958,CCCCC/C=C\CCC(=O)OC(C/C=C\CCCCCCCCOC(=O)CCN(CCCN(CC)CC)CCC(=O)OCCCCCCCC/C=C\CC(CCCCCC)OC(=O)CC/C=C\CCCCC)CCCCCC,JW_2024,JW_2024,2
-3.6478567,0.07248316,CCCCC/C=C\CCC(=O)OC(C/C=C\CCCCCCCCOC(=O)CCN(CCC(=O)OCCCCCCCC/C=C\CC(CCCCCC)OC(=O)CC/C=C\CCCCC)CCN(CCCC)CCCC)CCCCCC,JW_2024,JW_2024,1
-3.5304868,-0.35027594,CCCCCCCC/C=C\CCCCCCCC(=O)OC(C/C=C\CCCCCCCCOC(=O)CCN(CCCN(CCCC)CCCC)CCC(=O)OCCCCCCCC/C=C\CC(CCCCCC)OC(=O)CCCCCCC/C=C\CCCCCCCC)CCCCCC,JW_2024,JW_2024,0
-3.7086153,0.630165377,CCCCC/C=C\C/C=C\CCCCCCCC(=O)OC(C/C=C\CCCCCCCCOC(=O)CCN(CCCN(CCCC)CCCC)CCC(=O)OCCCCCCCC/C=C\CC(CCCCCC)OC(=O)CCCCCCC/C=C\C/C=C\CCCCC)CCCCCC,JW_2024,JW_2024,1
-4.8960357,1.016944979,CCCCC/C=C\CCC(=O)OC(C/C=C\CCCCCCCCOC(=O)CCN(C)CCO)CCCCCC,JW_2024,JW_2024,1
-1.1879399,1.322770711,CCCCCCCC/C=C\CCCCCCCCCC(=O)OC(C/C=C\CCCCCCCCOC(=O)CCN(CCCN(CC)CC)CCC(=O)OCCCCCCCC/C=C\CC(CCCCCC)OC(=O)CCCCCCCCC/C=C\CCCCCCCC)CCCCCC,JW_2024,JW_2024,2
-1.8051096,0.828052616,CCCCCCCC/C=C\CCCCCCCCCC(=O)OC(C/C=C\CCCCCCCCOC(=O)CCN(CCCN(C)C)CCC(=O)OCCCCCCCC/C=C\CC(CCCCCC)OC(=O)CCCCCCCCC/C=C\CCCCCCCC)CCCCCC,JW_2024,JW_2024,1
-2.833699,1.872136882,CCCCCCC(C/C=C\CCCCCCCCOC(=O)CCN(CCCN(C)C)CCC(=O)OCCCCCCCC/C=C\CC(CCCCCC)OC(C)=O)OC(C)=O,JW_2024,JW_2024,2
-4.1424065,0.918867775,CCCCCCC(C/C=C\CCCCCCCCOC(=O)CCN(CCC(=O)OCCCCCCCC/C=C\CC(CCCCCC)OC(C)=O)CCN(C)C)OC(C)=O,JW_2024,JW_2024,1
-1.8871493,0.952051244,CCCCCCC(C/C=C\CCCCCCCCOC(=O)CCN(CCCN(CC)CC)CCC(=O)OCCCCCCCC/C=C\CC(CCCCCC)OC(C)=O)OC(C)=O,JW_2024,JW_2024,1
-1.8871493,1.071291553,CCCCCCC(C/C=C\CCCCCCCCOC(=O)CCN(CCCN(CC)CC)CCC(=O)OCCCCCCCC/C=C\CC(CCCCCC)OC(C)=O)OC(C)=O,JW_2024,JW_2024,1
-3.764984,1.494250671,CCCCCCC(C/C=C\CCCCCCCCOC(=O)CCN(CCCN(C)C)CCC(=O)OCCCCCCCC/C=C\CC(CCCCCC)OC(=O)CCC)OC(=O)CCC,JW_2024,JW_2024,2
-4.033468,1.310216386,CCCCCCC(C/C=C\CCCCCCCCOC(=O)CCN(CCC(=O)OCCCCCCCC/C=C\CC(CCCCCC)OC(=O)CCC)CCN(C)C)OC(=O)CCC,JW_2024,JW_2024,1
-3.1588933,1.608387259,CCCCCCC(C/C=C\CCCCCCCCOC(=O)CCN(CCCN(CC)CC)CCC(=O)OCCCCCCCC/C=C\CC(CCCCCC)OC(=O)CCC)OC(=O)CCC,JW_2024,JW_2024,2
-3.4971294,1.078562255,CCCCCCC(C/C=C\CCCCCCCCOC(=O)CCN(CCC(=O)OCCCCCCCC/C=C\CC(CCCCCC)OC(=O)CCC)CCN(CC)CC)OC(=O)CCC,JW_2024,JW_2024,1
-3.569091,1.569625684,CCCCCCC(C/C=C\CCCCCCCCOC(=O)CCN(CCCN(C)C)CCC(=O)OCCCCCCCC/C=C\CC(CCCCCC)OC(=O)CCCCC)OC(=O)CCCCC,JW_2024,JW_2024,2
-4.0259643,1.589574973,CCCCCCC(C/C=C\CCCCCCCCOC(=O)CCN(CCC(=O)OCCCCCCCC/C=C\CC(CCCCCC)OC(=O)CCCCC)CCN(C)C)OC(=O)CCCCC,JW_2024,JW_2024,2
-3.3741033,1.261675322,CCCCCCC(C/C=C\CCCCCCCCOC(=O)CCN(CCCN(CC)CC)CCC(=O)OCCCCCCCC/C=C\CC(CCCCCC)OC(=O)CCCCC)OC(=O)CCCCC,JW_2024,JW_2024,1
-3.740289,1.172949892,CCCCCCC(C/C=C\CCCCCCCCOC(=O)CCN(CCC(=O)OCCCCCCCC/C=C\CC(CCCCCC)OC(=O)CCCCC)CCN(CC)CC)OC(=O)CCCCC,JW_2024,JW_2024,1
-3.3603919,1.667493322,CCCCCCC(=O)OC(C/C=C\CCCCCCCCOC(=O)CCN(CCCN(C)C)CCC(=O)OCCCCCCCC/C=C\CC(CCCCCC)OC(=O)CCCCCC)CCCCCC,JW_2024,JW_2024,2
-3.2497299,1.599086397,CCCCCCC(=O)OC(C/C=C\CCCCCCCCOC(=O)CCN(CCC(=O)OCCCCCCCC/C=C\CC(CCCCCC)OC(=O)CCCCCC)CCN(C)C)CCCCCC,JW_2024,JW_2024,2
-3.1025062,1.19472266,CCCCCCC(=O)OC(C/C=C\CCCCCCCCOC(=O)CCN(CCCN(CC)CC)CCC(=O)OCCCCCCCC/C=C\CC(CCCCCC)OC(=O)CCCCCC)CCCCCC,JW_2024,JW_2024,1
-3.8895345,1.382945853,CCCCCCC(=O)OC(C/C=C\CCCCCCCCOC(=O)CCN(CCC(=O)OCCCCCCCC/C=C\CC(CCCCCC)OC(=O)CCCCCC)CCN(CC)CC)CCCCCC,JW_2024,JW_2024,2
-3.5282109,1.588362456,CCCCCCCC(=O)OC(C/C=C\CCCCCCCCOC(=O)CCN(CCCN(C)C)CCC(=O)OCCCCCCCC/C=C\CC(CCCCCC)OC(=O)CCCCCCC)CCCCCC,JW_2024,JW_2024,2
-3.1428735,1.323703485,CCCCCCCC(=O)OC(C/C=C\CCCCCCCCOC(=O)CCN(CCC(=O)OCCCCCCCC/C=C\CC(CCCCCC)OC(=O)CCCCCCC)CCN(C)C)CCCCCC,JW_2024,JW_2024,2
-2.903085,1.146634303,CCCCCCCC(=O)OC(C/C=C\CCCCCCCCOC(=O)CCN(CCCN(CC)CC)CCC(=O)OCCCCCCCC/C=C\CC(CCCCCC)OC(=O)CCCCCCC)CCCCCC,JW_2024,JW_2024,1
-3.5397356,0.919170858,CCCCCCCC(=O)OC(C/C=C\CCCCCCCCOC(=O)CCN(CCC(=O)OCCCCCCCC/C=C\CC(CCCCCC)OC(=O)CCCCCCC)CCN(CC)CC)CCCCCC,JW_2024,JW_2024,1
-3.0241897,0.885355186,CCCCCCCCCC(=O)OC(C/C=C\CCCCCCCCOC(=O)CCN(CCCN(C)C)CCC(=O)OCCCCCCCC/C=C\CC(CCCCCC)OC(=O)CCCCCCCCC)CCCCCC,JW_2024,JW_2024,1
-2.88403,1.18910882,CCCCCCCCCC(=O)OC(C/C=C\CCCCCCCCOC(=O)CCN(CCC(=O)OCCCCCCCC/C=C\CC(CCCCCC)OC(=O)CCCCCCCCC)CCN(C)C)CCCCCC,JW_2024,JW_2024,1
-2.1931365,0.984650117,CCCCCCCCCC(=O)OC(C/C=C\CCCCCCCCOC(=O)CCN(CCCN(CC)CC)CCC(=O)OCCCCCCCC/C=C\CC(CCCCCC)OC(=O)CCCCCCCCC)CCCCCC,JW_2024,JW_2024,1
-2.924718,1.394729707,CCCCCCCCCC(=O)OC(C/C=C\CCCCCCCCOC(=O)CCN(CCC(=O)OCCCCCCCC/C=C\CC(CCCCCC)OC(=O)CCCCCCCCC)CCN(CC)CC)CCCCCC,JW_2024,JW_2024,2
-1.8848212,1.543275787,CCCCC/C=C\C/C=C\CCCCCCCC(=O)OC(C/C=C\CCCCCCCCOC(=O)CCN(CCCN(C)C)CCC(=O)OCCCCCCCC/C=C\CC(CCCCCC)OC(=O)CCCCCCC/C=C\C/C=C\CCCCC)CCCCCC,JW_2024,JW_2024,2
-1.7888618,1.780616601,CCCCC/C=C\C/C=C\CCCCCCCC(=O)OC(C/C=C\CCCCCCCCOC(=O)CCN(CCC(=O)OCCCCCCCC/C=C\CC(CCCCCC)OC(=O)CCCCCCC/C=C\C/C=C\CCCCC)CCN(C)C)CCCCCC,JW_2024,JW_2024,2
-1.0186723,1.228063481,CCCCC/C=C\C/C=C\CCCCCCCC(=O)OC(C/C=C\CCCCCCCCOC(=O)CCN(CCCN(CC)CC)CCC(=O)OCCCCCCCC/C=C\CC(CCCCCC)OC(=O)CCCCCCC/C=C\C/C=C\CCCCC)CCCCCC,JW_2024,JW_2024,1
-1.2337648,0.873026988,CCCCC/C=C\C/C=C\CCCCCCCC(=O)OC(C/C=C\CCCCCCCCOC(=O)CCN(CCC(=O)OCCCCCCCC/C=C\CC(CCCCCC)OC(=O)CCCCCCC/C=C\C/C=C\CCCCC)CCN(CC)CC)CCCCCC,JW_2024,JW_2024,1
-3.0742438,0.144442156,CCCCC/C=C\CCC(=O)OC(C/C=C\CCCCCCCCOC(=O)CCN(CCCCN(C)C)CCC(=O)OCCCCCCCC/C=C\CC(CCCCCC)OC(=O)CC/C=C\CCCCC)CCCCCC,JW_2024,JW_2024,1
-0.8723068,-0.494193931,CCCCCCCC/C=C\CCCCCCCC(=O)OC(C/C=C\CCCCCCCCOC(=O)CCN(CCCN(CC)CC)CCC(=O)OCCCCCCCC/C=C\CC(CCCCCC)OC(=O)CCCCCCC/C=C\CCCCCCCC)CCCCCC,JW_2024,JW_2024,0
-4.748991,-0.200149607,CCCCCCCCCC(=O)OCCCCCC(O)C(CCCCOC(=O)CCCCCCCCC)CN(C)CCCn1cccn1,JW_2024,JW_2024,0
-4.8091297,0.140562366,CCCCCCCCCCC(=O)OCCCCCC(O)C(CCCCOC(=O)CCCCCCCCCC)CN(C)CCCn1cccn1,JW_2024,JW_2024,1
-4.900548,1.063890387,CCCCCCCCCCCC(=O)OCCCCCC(O)C(CCCCOC(=O)CCCCCCCCCCC)CN(C)CCCn1cccn1,JW_2024,JW_2024,1
-4.6759496,1.054593913,CCCCCCCCCCCCC(=O)OCCCCCC(O)C(CCCCOC(=O)CCCCCCCCCCCC)CN(C)CCCn1cccn1,JW_2024,JW_2024,1
-5.080878,-0.521079974,CCCCCCCCCCCCCC(=O)OCCCCCC(O)C(CCCCOC(=O)CCCCCCCCCCCCC)CN(C)CCCn1cccn1,JW_2024,JW_2024,0
-4.7657137,-0.371293668,CCCCCCCCCCCCCCC(=O)OCCCCCC(O)C(CCCCOC(=O)CCCCCCCCCCCCCC)CN(C)CCCn1cccn1,JW_2024,JW_2024,0
-5.122738,1.090084865,CCCCCCCCCCCCCCCCC(=O)OCCCCCC(O)C(CCCCOC(=O)CCCCCCCCCCCCCCCC)CN(C)CCCn1cccn1,JW_2024,JW_2024,1
-5.303409,0.127976423,CCCCCCCCCCCCCCCCCC(=O)OCCCCCC(O)C(CCCCOC(=O)CCCCCCCCCCCCCCCCC)CN(C)CCCn1cccn1,JW_2024,JW_2024,1
-3.4572215,0.047011492,CCCCC/C=C\C/C=C\CCCCCCCC(=O)OCCCCCC(O)C(CCCCOC(=O)CCCCCCC/C=C\C/C=C\CCCCC)CN(C)CCCn1cccn1,JW_2024,JW_2024,1
-3.8732316,0.161211619,CCCCCCCCCC(=O)OCCCCCC(O)C(CCCCOC(=O)CCCCCCCCC)CNCCCN(CCCC)CCCC,JW_2024,JW_2024,1
-3.0977535,0.496896334,CCCCCCCCCCC(=O)OCCCCCC(O)C(CCCCOC(=O)CCCCCCCCCC)CNCCCN(CCCC)CCCC,JW_2024,JW_2024,1
-2.9799094,0.829933974,CCCCCCCCCCCC(=O)OCCCCCC(O)C(CCCCOC(=O)CCCCCCCCCCC)CNCCCN(CCCC)CCCC,JW_2024,JW_2024,1
-2.6786594,1.378556345,CCCCCCCCCCCCC(=O)OCCCCCC(O)C(CCCCOC(=O)CCCCCCCCCCCC)CNCCCN(CCCC)CCCC,JW_2024,JW_2024,2
-2.5739934,1.325952472,CCCCCCCCCCCCCC(=O)OCCCCCC(O)C(CCCCOC(=O)CCCCCCCCCCCCC)CNCCCN(CCCC)CCCC,JW_2024,JW_2024,2
-3.170773,1.345236906,CCCCCCCCCCCCCCC(=O)OCCCCCC(O)C(CCCCOC(=O)CCCCCCCCCCCCCC)CNCCCN(CCCC)CCCC,JW_2024,JW_2024,2
-4.007076,1.406837941,CCCCCCCCCCCCCCCC(=O)OCCCCCC(O)C(CCCCOC(=O)CCCCCCCCCCCCCCC)CNCCCN(CCCC)CCCC,JW_2024,JW_2024,2
-4.1681705,1.592550269,CCCCCCCCCCCCCCCCC(=O)OCCCCCC(O)C(CCCCOC(=O)CCCCCCCCCCCCCCCC)CNCCCN(CCCC)CCCC,JW_2024,JW_2024,2
-4.212778,1.338693262,CCCCCCCCCCCCCCCCCC(=O)OCCCCCC(O)C(CCCCOC(=O)CCCCCCCCCCCCCCCCC)CNCCCN(CCCC)CCCC,JW_2024,JW_2024,2
-2.9357,1.499914887,CCCCCCCC/C=C\CCCCCCCC(=O)OCCCCCC(O)C(CCCCOC(=O)CCCCCCC/C=C\CCCCCCCC)CNCCCN(CCCC)CCCC,JW_2024,JW_2024,2
-2.9357,1.345862273,CCCCCCCC/C=C\CCCCCCCC(=O)OCCCCCC(O)C(CCCCOC(=O)CCCCCCC/C=C\CCCCCCCC)CNCCCN(CCCC)CCCC,JW_2024,JW_2024,2
-4.153745,0.089843982,CCCCCCCCC(=O)OCCCCCC(O)C(CCCCOC(=O)CCCCCCCC)CNCCCN(CCCC)CCCC,JW_2024,JW_2024,1
-3.1510043,-0.525685949,CC/C=C/CCSCC(C)C(=O)OCCOC(=O)CCN(CCCN1CCN(C)CC1)CCC(=O)OCCOC(=O)C(C)CSCC/C=C/CC,SL_2020,SL_2020,1
-4.3085,-0.525685949,CC/C=C/CCSCC(C)C(=O)OCCOC(=O)CCN(CCC(=O)OCCOC(=O)C(C)CSCC/C=C/CC)CCN(C)C,SL_2020,SL_2020,1
-4.276686,-0.525685949,CC/C=C/CCSCC(C)C(=O)OCCOC(=O)CCN(CCCN(C)C)CCC(=O)OCCOC(=O)C(C)CSCC/C=C/CC,SL_2020,SL_2020,1
-3.561748,0.360192224,CC/C=C/CCSCC(C)C(=O)OCCOC(=O)CCN(CCO)CCCN(CCC(=O)OCCOC(=O)C(C)CSCC/C=C/CC)CCC(=O)OCCOC(=O)C(C)CSCC/C=C/CC,SL_2020,SL_2020,1
-1.0625818,0.360192224,CC/C=C/CCSCC(C)C(=O)OCCOC(=O)CCN(CCCN1CCN(CCCN(CCC(=O)OCCOC(=O)C(C)CSCC/C=C/CC)CCC(=O)OCCOC(=O)C(C)CSCC/C=C/CC)CC1)CCC(=O)OCCOC(=O)C(C)CSCC/C=C/CC,SL_2020,SL_2020,1
-2.161038,2.131948569,CC/C=C/CCSCC(C)C(=O)OCCOC(=O)CCN(CCCN(C)CCCN(CCC(=O)OCCOC(=O)C(C)CSCC/C=C/CC)CCC(=O)OCCOC(=O)C(C)CSCC/C=C/CC)CCC(=O)OCCOC(=O)C(C)CSCC/C=C/CC,SL_2020,SL_2020,3
-3.0160825,0.360192224,CC/C=C/CCSCC(C)C(=O)OCCOC(=O)CCN(CCC(=O)OCCOC(=O)C(C)CSCC/C=C/CC)CCN(CCN(CCC(=O)OCCOC(=O)C(C)CSCC/C=C/CC)CCC(=O)OCCOC(=O)C(C)CSCC/C=C/CC)CCN(CCC(=O)OCCOC(=O)C(C)CSCC/C=C/CC)CCC(=O)OCCOC(=O)C(C)CSCC/C=C/CC,SL_2020,SL_2020,1
-3.1361709,0.360192224,CC/C=C\CCSCC(C)C(=O)OCCOC(=O)CCN(CCCN1CCN(C)CC1)CCC(=O)OCCOC(=O)C(C)CSCC/C=C\CC,SL_2020,SL_2020,1
-4.3219595,-1.411564121,CC/C=C\CCSCC(C)C(=O)OCCOC(=O)CCN(CCC(=O)OCCOC(=O)C(C)CSCC/C=C\CC)CCN(C)C,SL_2020,SL_2020,0
-4.314526,-1.411564121,CC/C=C\CCSCC(C)C(=O)OCCOC(=O)CCN(CCCN(C)C)CCC(=O)OCCOC(=O)C(C)CSCC/C=C\CC,SL_2020,SL_2020,0
-3.6027255,0.360192224,CC/C=C\CCSCC(C)C(=O)OCCOC(=O)CCN(CCO)CCCN(CCC(=O)OCCOC(=O)C(C)CSCC/C=C\CC)CCC(=O)OCCOC(=O)C(C)CSCC/C=C\CC,SL_2020,SL_2020,1
-1.0625818,1.246070396,CC/C=C\CCSCC(C)C(=O)OCCOC(=O)CCN(CCCN1CCN(CCCN(CCC(=O)OCCOC(=O)C(C)CSCC/C=C\CC)CCC(=O)OCCOC(=O)C(C)CSCC/C=C\CC)CC1)CCC(=O)OCCOC(=O)C(C)CSCC/C=C\CC,SL_2020,SL_2020,2
-2.2084084,2.131948569,CC/C=C\CCSCC(C)C(=O)OCCOC(=O)CCN(CCCN(C)CCCN(CCC(=O)OCCOC(=O)C(C)CSCC/C=C\CC)CCC(=O)OCCOC(=O)C(C)CSCC/C=C\CC)CCC(=O)OCCOC(=O)C(C)CSCC/C=C\CC,SL_2020,SL_2020,3
-2.9800365,0.360192224,CC/C=C\CCSCC(C)C(=O)OCCOC(=O)CCN(CCC(=O)OCCOC(=O)C(C)CSCC/C=C\CC)CCN(CCN(CCC(=O)OCCOC(=O)C(C)CSCC/C=C\CC)CCC(=O)OCCOC(=O)C(C)CSCC/C=C\CC)CCN(CCC(=O)OCCOC(=O)C(C)CSCC/C=C\CC)CCC(=O)OCCOC(=O)C(C)CSCC/C=C\CC,SL_2020,SL_2020,1
-3.9948976,0.360192224,CCCCCCCCSCC(C)C(=O)OCCOC(=O)CCN(CCCN1CCN(C)CC1)CCC(=O)OCCOC(=O)C(C)CSCCCCCCCC,SL_2020,SL_2020,1
-4.091069,-0.525685949,CCCCCCCCSCC(C)C(=O)OCCOC(=O)CCN(CCC(=O)OCCOC(=O)C(C)CSCCCCCCCC)CCN(C)C,SL_2020,SL_2020,1
-4.1003146,-1.411564121,CCCCCCCCSCC(C)C(=O)OCCOC(=O)CCN(CCCN(C)C)CCC(=O)OCCOC(=O)C(C)CSCCCCCCCC,SL_2020,SL_2020,0
-2.02163,0.360192224,CCCCCCCCSCC(C)C(=O)OCCOC(=O)CCN(CCO)CCCN(CCC(=O)OCCOC(=O)C(C)CSCCCCCCCC)CCC(=O)OCCOC(=O)C(C)CSCCCCCCCC,SL_2020,SL_2020,1
2.0849876,1.246070396,CCCCCCCCSCC(C)C(=O)OCCOC(=O)CCN(CCCN1CCN(CCCN(CCC(=O)OCCOC(=O)C(C)CSCCCCCCCC)CCC(=O)OCCOC(=O)C(C)CSCCCCCCCC)CC1)CCC(=O)OCCOC(=O)C(C)CSCCCCCCCC,SL_2020,SL_2020,2
2.2244828,2.131948569,CCCCCCCCSCC(C)C(=O)OCCOC(=O)CCN(CCCN(C)CCCN(CCC(=O)OCCOC(=O)C(C)CSCCCCCCCC)CCC(=O)OCCOC(=O)C(C)CSCCCCCCCC)CCC(=O)OCCOC(=O)C(C)CSCCCCCCCC,SL_2020,SL_2020,3
-0.9312275,0.360192224,CCCCCCCCSCC(C)C(=O)OCCOC(=O)CCN(CCC(=O)OCCOC(=O)C(C)CSCCCCCCCC)CCN(CCN(CCC(=O)OCCOC(=O)C(C)CSCCCCCCCC)CCC(=O)OCCOC(=O)C(C)CSCCCCCCCC)CCN(CCC(=O)OCCOC(=O)C(C)CSCCCCCCCC)CCC(=O)OCCOC(=O)C(C)CSCCCCCCCC,SL_2020,SL_2020,1
-2.2120266,-0.525685949,CC(C)=CCC/C(C)=C\CSCC(C)C(=O)OCCOC(=O)CCN(CCCN1CCN(C)CC1)CCC(=O)OCCOC(=O)C(C)CSC/C=C(/C)CCC=C(C)C,SL_2020,SL_2020,1
-3.5479,-1.411564121,CC(C)=CCC/C(C)=C\CSCC(C)C(=O)OCCOC(=O)CCN(CCC(=O)OCCOC(=O)C(C)CSC/C=C(/C)CCC=C(C)C)CCN(C)C,SL_2020,SL_2020,0
-2.7467816,-1.411564121,CC(C)=CCC/C(C)=C\CSCC(C)C(=O)OCCOC(=O)CCN(CCCN(C)C)CCC(=O)OCCOC(=O)C(C)CSC/C=C(/C)CCC=C(C)C,SL_2020,SL_2020,0
-3.3422914,-0.525685949,CC(C)=CCC/C(C)=C\CSCC(C)C(=O)OCCOC(=O)CCN(CCO)CCCN(CCC(=O)OCCOC(=O)C(C)CSC/C=C(/C)CCC=C(C)C)CCC(=O)OCCOC(=O)C(C)CSC/C=C(/C)CCC=C(C)C,SL_2020,SL_2020,1
-1.7911844,-0.525685949,CC(C)=CCC/C(C)=C\CSCC(C)C(=O)OCCOC(=O)CCN(CCCN1CCN(CCCN(CCC(=O)OCCOC(=O)C(C)CSC/C=C(/C)CCC=C(C)C)CCC(=O)OCCOC(=O)C(C)CSC/C=C(/C)CCC=C(C)C)CC1)CCC(=O)OCCOC(=O)C(C)CSC/C=C(/C)CCC=C(C)C,SL_2020,SL_2020,1
-2.4034934,-0.525685949,CC(C)=CCC/C(C)=C\CSCC(C)C(=O)OCCOC(=O)CCN(CCCN(C)CCCN(CCC(=O)OCCOC(=O)C(C)CSC/C=C(/C)CCC=C(C)C)CCC(=O)OCCOC(=O)C(C)CSC/C=C(/C)CCC=C(C)C)CCC(=O)OCCOC(=O)C(C)CSC/C=C(/C)CCC=C(C)C,SL_2020,SL_2020,1
-3.1125858,0.360192224,CC(C)=CCC/C(C)=C\CSCC(C)C(=O)OCCOC(=O)CCN(CCC(=O)OCCOC(=O)C(C)CSC/C=C(/C)CCC=C(C)C)CCN(CCN(CCC(=O)OCCOC(=O)C(C)CSC/C=C(/C)CCC=C(C)C)CCC(=O)OCCOC(=O)C(C)CSC/C=C(/C)CCC=C(C)C)CCN(CCC(=O)OCCOC(=O)C(C)CSC/C=C(/C)CCC=C(C)C)CCC(=O)OCCOC(=O)C(C)CSC/C=C(/C)CCC=C(C)C,SL_2020,SL_2020,1
-3.1318245,-0.525685949,C/C=C/CCCSCC(C)C(=O)OCCOC(=O)CCN(CCCN1CCN(C)CC1)CCC(=O)OCCOC(=O)C(C)CSCCC/C=C/C,SL_2020,SL_2020,1
-4.282015,-1.411564121,C/C=C/CCCSCC(C)C(=O)OCCOC(=O)CCN(CCC(=O)OCCOC(=O)C(C)CSCCC/C=C/C)CCN(C)C,SL_2020,SL_2020,0
-4.138434,-0.525685949,C/C=C/CCCSCC(C)C(=O)OCCOC(=O)CCN(CCCN(C)C)CCC(=O)OCCOC(=O)C(C)CSCCC/C=C/C,SL_2020,SL_2020,1
-2.880402,-0.525685949,C/C=C/CCCSCC(C)C(=O)OCCOC(=O)CCN(CCO)CCCN(CCC(=O)OCCOC(=O)C(C)CSCCC/C=C/C)CCC(=O)OCCOC(=O)C(C)CSCCC/C=C/C,SL_2020,SL_2020,1
-0.9087198,0.360192224,C/C=C/CCCSCC(C)C(=O)OCCOC(=O)CCN(CCCN1CCN(CCCN(CCC(=O)OCCOC(=O)C(C)CSCCC/C=C/C)CCC(=O)OCCOC(=O)C(C)CSCCC/C=C/C)CC1)CCC(=O)OCCOC(=O)C(C)CSCCC/C=C/C,SL_2020,SL_2020,1
-1.8279717,2.131948569,C/C=C/CCCSCC(C)C(=O)OCCOC(=O)CCN(CCCN(C)CCCN(CCC(=O)OCCOC(=O)C(C)CSCCC/C=C/C)CCC(=O)OCCOC(=O)C(C)CSCCC/C=C/C)CCC(=O)OCCOC(=O)C(C)CSCCC/C=C/C,SL_2020,SL_2020,3
-2.9027748,0.360192224,C/C=C/CCCSCC(C)C(=O)OCCOC(=O)CCN(CCC(=O)OCCOC(=O)C(C)CSCCC/C=C/C)CCN(CCN(CCC(=O)OCCOC(=O)C(C)CSCCC/C=C/C)CCC(=O)OCCOC(=O)C(C)CSCCC/C=C/C)CCN(CCC(=O)OCCOC(=O)C(C)CSCCC/C=C/C)CCC(=O)OCCOC(=O)C(C)CSCCC/C=C/C,SL_2020,SL_2020,1
-3.0968738,-0.525685949,C/C=C\CCCSCC(C)C(=O)OCCOC(=O)CCN(CCCN1CCN(C)CC1)CCC(=O)OCCOC(=O)C(C)CSCCC/C=C\C,SL_2020,SL_2020,1
-4.295581,-1.411564121,C/C=C\CCCSCC(C)C(=O)OCCOC(=O)CCN(CCC(=O)OCCOC(=O)C(C)CSCCC/C=C\C)CCN(C)C,SL_2020,SL_2020,0
-4.093829,-1.411564121,C/C=C\CCCSCC(C)C(=O)OCCOC(=O)CCN(CCCN(C)C)CCC(=O)OCCOC(=O)C(C)CSCCC/C=C\C,SL_2020,SL_2020,0
-2.8121047,-0.525685949,C/C=C\CCCSCC(C)C(=O)OCCOC(=O)CCN(CCO)CCCN(CCC(=O)OCCOC(=O)C(C)CSCCC/C=C\C)CCC(=O)OCCOC(=O)C(C)CSCCC/C=C\C,SL_2020,SL_2020,1
-1.1069221,-0.525685949,C/C=C\CCCSCC(C)C(=O)OCCOC(=O)CCN(CCCN1CCN(CCCN(CCC(=O)OCCOC(=O)C(C)CSCCC/C=C\C)CCC(=O)OCCOC(=O)C(C)CSCCC/C=C\C)CC1)CCC(=O)OCCOC(=O)C(C)CSCCC/C=C\C,SL_2020,SL_2020,1
-1.9998093,0.360192224,C/C=C\CCCSCC(C)C(=O)OCCOC(=O)CCN(CCCN(C)CCCN(CCC(=O)OCCOC(=O)C(C)CSCCC/C=C\C)CCC(=O)OCCOC(=O)C(C)CSCCC/C=C\C)CCC(=O)OCCOC(=O)C(C)CSCCC/C=C\C,SL_2020,SL_2020,1
-2.9501452,0.360192224,C/C=C\CCCSCC(C)C(=O)OCCOC(=O)CCN(CCC(=O)OCCOC(=O)C(C)CSCCC/C=C\C)CCN(CCN(CCC(=O)OCCOC(=O)C(C)CSCCC/C=C\C)CCC(=O)OCCOC(=O)C(C)CSCCC/C=C\C)CCN(CCC(=O)OCCOC(=O)C(C)CSCCC/C=C\C)CCC(=O)OCCOC(=O)C(C)CSCCC/C=C\C,SL_2020,SL_2020,1
-1.9894551,-0.525685949,CC/C=C\C/C=C\CSCC(C)C(=O)OCCOC(=O)CCN(CCCN1CCN(C)CC1)CCC(=O)OCCOC(=O)C(C)CSC/C=C\C/C=C\CC,SL_2020,SL_2020,1
-3.8394346,-0.525685949,CC/C=C\C/C=C\CSCC(C)C(=O)OCCOC(=O)CCN(CCC(=O)OCCOC(=O)C(C)CSC/C=C\C/C=C\CC)CCN(C)C,SL_2020,SL_2020,1
-3.932348,-1.411564121,CC/C=C\C/C=C\CSCC(C)C(=O)OCCOC(=O)CCN(CCCN(C)C)CCC(=O)OCCOC(=O)C(C)CSC/C=C\C/C=C\CC,SL_2020,SL_2020,0
-3.8483763,0.360192224,CC/C=C\C/C=C\CSCC(C)C(=O)OCCOC(=O)CCN(CCO)CCCN(CCC(=O)OCCOC(=O)C(C)CSC/C=C\C/C=C\CC)CCC(=O)OCCOC(=O)C(C)CSC/C=C\C/C=C\CC,SL_2020,SL_2020,1
-2.119198,1.246070396,CC/C=C\C/C=C\CSCC(C)C(=O)OCCOC(=O)CCN(CCCN1CCN(CCCN(CCC(=O)OCCOC(=O)C(C)CSC/C=C\C/C=C\CC)CCC(=O)OCCOC(=O)C(C)CSC/C=C\C/C=C\CC)CC1)CCC(=O)OCCOC(=O)C(C)CSC/C=C\C/C=C\CC,SL_2020,SL_2020,2
-3.4536154,2.131948569,CC/C=C\C/C=C\CSCC(C)C(=O)OCCOC(=O)CCN(CCCN(C)CCCN(CCC(=O)OCCOC(=O)C(C)CSC/C=C\C/C=C\CC)CCC(=O)OCCOC(=O)C(C)CSC/C=C\C/C=C\CC)CCC(=O)OCCOC(=O)C(C)CSC/C=C\C/C=C\CC,SL_2020,SL_2020,3
-4.1671333,1.246070396,CC/C=C\C/C=C\CSCC(C)C(=O)OCCOC(=O)CCN(CCC(=O)OCCOC(=O)C(C)CSC/C=C\C/C=C\CC)CCN(CCN(CCC(=O)OCCOC(=O)C(C)CSC/C=C\C/C=C\CC)CCC(=O)OCCOC(=O)C(C)CSC/C=C\C/C=C\CC)CCN(CCC(=O)OCCOC(=O)C(C)CSC/C=C\C/C=C\CC)CCC(=O)OCCOC(=O)C(C)CSC/C=C\C/C=C\CC,SL_2020,SL_2020,2
-0.56662136,-1.411564121,CC(C)=CCC/C(C)=C/CC/C(C)=C/CSCC(C)C(=O)OCCOC(=O)CCN(CCCN1CCN(C)CC1)CCC(=O)OCCOC(=O)C(C)CSC/C=C(\C)CC/C=C(\C)CCC=C(C)C,SL_2020,SL_2020,0
-1.7984849,-0.525685949,CC(C)=CCC/C(C)=C/CC/C(C)=C/CSCC(C)C(=O)OCCOC(=O)CCN(CCC(=O)OCCOC(=O)C(C)CSC/C=C(\C)CC/C=C(\C)CCC=C(C)C)CCN(C)C,SL_2020,SL_2020,1
-1.4311409,-0.525685949,CC(C)=CCC/C(C)=C/CC/C(C)=C/CSCC(C)C(=O)OCCOC(=O)CCN(CCCN(C)C)CCC(=O)OCCOC(=O)C(C)CSC/C=C(\C)CC/C=C(\C)CCC=C(C)C,SL_2020,SL_2020,1
-2.8418896,-0.525685949,CC(C)=CCC/C(C)=C/CC/C(C)=C/CSCC(C)C(=O)OCCOC(=O)CCN(CCO)CCCN(CCC(=O)OCCOC(=O)C(C)CSC/C=C(\C)CC/C=C(\C)CCC=C(C)C)CCC(=O)OCCOC(=O)C(C)CSC/C=C(\C)CC/C=C(\C)CCC=C(C)C,SL_2020,SL_2020,1
-2.5694566,-0.525685949,CC(C)=CCC/C(C)=C/CC/C(C)=C/CSCC(C)C(=O)OCCOC(=O)CCN(CCCN1CCN(CCCN(CCC(=O)OCCOC(=O)C(C)CSC/C=C(\C)CC/C=C(\C)CCC=C(C)C)CCC(=O)OCCOC(=O)C(C)CSC/C=C(\C)CC/C=C(\C)CCC=C(C)C)CC1)CCC(=O)OCCOC(=O)C(C)CSC/C=C(\C)CC/C=C(\C)CCC=C(C)C,SL_2020,SL_2020,1
-2.4184997,-1.411564121,CC(C)=CCC/C(C)=C/CC/C(C)=C/CSCC(C)C(=O)OCCOC(=O)CCN(CCCN(C)CCCN(CCC(=O)OCCOC(=O)C(C)CSC/C=C(\C)CC/C=C(\C)CCC=C(C)C)CCC(=O)OCCOC(=O)C(C)CSC/C=C(\C)CC/C=C(\C)CCC=C(C)C)CCC(=O)OCCOC(=O)C(C)CSC/C=C(\C)CC/C=C(\C)CCC=C(C)C,SL_2020,SL_2020,0
-3.7224584,0.360192224,CC(C)=CCC/C(C)=C/CC/C(C)=C/CSCC(C)C(=O)OCCOC(=O)CCN(CCC(=O)OCCOC(=O)C(C)CSC/C=C(\C)CC/C=C(\C)CCC=C(C)C)CCN(CCN(CCC(=O)OCCOC(=O)C(C)CSC/C=C(\C)CC/C=C(\C)CCC=C(C)C)CCC(=O)OCCOC(=O)C(C)CSC/C=C(\C)CC/C=C(\C)CCC=C(C)C)CCN(CCC(=O)OCCOC(=O)C(C)CSC/C=C(\C)CC/C=C(\C)CCC=C(C)C)CCC(=O)OCCOC(=O)C(C)CSC/C=C(\C)CC/C=C(\C)CCC=C(C)C,SL_2020,SL_2020,1
-4.2466073,-0.525685949,CCCCCCSCC(C)C(=O)OCCOC(=O)CCN(CCCN1CCN(C)CC1)CCC(=O)OCCOC(=O)C(C)CSCCCCCC,SL_2020,SL_2020,1
-4.3584275,-0.525685949,CCCCCCSCC(C)C(=O)OCCOC(=O)CCN(CCC(=O)OCCOC(=O)C(C)CSCCCCCC)CCN(C)C,SL_2020,SL_2020,1
-4.65544,-1.411564121,CCCCCCSCC(C)C(=O)OCCOC(=O)CCN(CCCN(C)C)CCC(=O)OCCOC(=O)C(C)CSCCCCCC,SL_2020,SL_2020,0
-2.1097827,0.360192224,CCCCCCSCC(C)C(=O)OCCOC(=O)CCN(CCO)CCCN(CCC(=O)OCCOC(=O)C(C)CSCCCCCC)CCC(=O)OCCOC(=O)C(C)CSCCCCCC,SL_2020,SL_2020,1
0.9752516,1.246070396,CCCCCCSCC(C)C(=O)OCCOC(=O)CCN(CCCN1CCN(CCCN(CCC(=O)OCCOC(=O)C(C)CSCCCCCC)CCC(=O)OCCOC(=O)C(C)CSCCCCCC)CC1)CCC(=O)OCCOC(=O)C(C)CSCCCCCC,SL_2020,SL_2020,2
2.2244828,1.246070396,CCCCCCCCSCC(C)C(=O)OCCOC(=O)CCN(CCCN(C)CCCN(CCC(=O)OCCOC(=O)C(C)CSCCCCCCCC)CCC(=O)OCCOC(=O)C(C)CSCCCCCCCC)CCC(=O)OCCOC(=O)C(C)CSCCCCCCCC,SL_2020,SL_2020,2
-1.1755605,0.360192224,CCCCCCSCC(C)C(=O)OCCOC(=O)CCN(CCC(=O)OCCOC(=O)C(C)CSCCCCCC)CCN(CCN(CCC(=O)OCCOC(=O)C(C)CSCCCCCC)CCC(=O)OCCOC(=O)C(C)CSCCCCCC)CCN(CCC(=O)OCCOC(=O)C(C)CSCCCCCC)CCC(=O)OCCOC(=O)C(C)CSCCCCCC,SL_2020,SL_2020,1
-3.9660692,-1.411564121,CCC/C=C/CSCC(C)C(=O)OCCOC(=O)CCN(CCCN1CCN(C)CC1)CCC(=O)OCCOC(=O)C(C)CSC/C=C/CCC,SL_2020,SL_2020,0
-4.6603537,-0.525685949,CCC/C=C/CSCC(C)C(=O)OCCOC(=O)CCN(CCC(=O)OCCOC(=O)C(C)CSC/C=C/CCC)CCN(C)C,SL_2020,SL_2020,1
-4.1216235,-0.525685949,CCC/C=C/CSCC(C)C(=O)OCCOC(=O)CCN(CCCN(C)C)CCC(=O)OCCOC(=O)C(C)CSC/C=C/CCC,SL_2020,SL_2020,1
-3.4956732,-0.525685949,CCC/C=C/CSCC(C)C(=O)OCCOC(=O)CCN(CCO)CCCN(CCC(=O)OCCOC(=O)C(C)CSC/C=C/CCC)CCC(=O)OCCOC(=O)C(C)CSC/C=C/CCC,SL_2020,SL_2020,1
-1.1225456,0.360192224,CCC/C=C/CSCC(C)C(=O)OCCOC(=O)CCN(CCCN1CCN(CCCN(CCC(=O)OCCOC(=O)C(C)CSC/C=C/CCC)CCC(=O)OCCOC(=O)C(C)CSC/C=C/CCC)CC1)CCC(=O)OCCOC(=O)C(C)CSC/C=C/CCC,SL_2020,SL_2020,1
-2.2285242,2.131948569,CCC/C=C/CSCC(C)C(=O)OCCOC(=O)CCN(CCCN(C)CCCN(CCC(=O)OCCOC(=O)C(C)CSC/C=C/CCC)CCC(=O)OCCOC(=O)C(C)CSC/C=C/CCC)CCC(=O)OCCOC(=O)C(C)CSC/C=C/CCC,SL_2020,SL_2020,3
-2.7439837,0.360192224,CCC/C=C/CSCC(C)C(=O)OCCOC(=O)CCN(CCC(=O)OCCOC(=O)C(C)CSC/C=C/CCC)CCN(CCN(CCC(=O)OCCOC(=O)C(C)CSC/C=C/CCC)CCC(=O)OCCOC(=O)C(C)CSC/C=C/CCC)CCN(CCC(=O)OCCOC(=O)C(C)CSC/C=C/CCC)CCC(=O)OCCOC(=O)C(C)CSC/C=C/CCC,SL_2020,SL_2020,1
-4.0116925,-0.525685949,CCC/C=C\CSCC(C)C(=O)OCCOC(=O)CCN(CCCN1CCN(C)CC1)CCC(=O)OCCOC(=O)C(C)CSC/C=C\CCC,SL_2020,SL_2020,1
-4.7095346,-1.411564121,CCC/C=C\CSCC(C)C(=O)OCCOC(=O)CCN(CCC(=O)OCCOC(=O)C(C)CSC/C=C\CCC)CCN(C)C,SL_2020,SL_2020,0
-4.03695,-1.411564121,CCC/C=C\CSCC(C)C(=O)OCCOC(=O)CCN(CCCN(C)C)CCC(=O)OCCOC(=O)C(C)CSC/C=C\CCC,SL_2020,SL_2020,0
-3.4515443,-0.525685949,CCC/C=C\CSCC(C)C(=O)OCCOC(=O)CCN(CCO)CCCN(CCC(=O)OCCOC(=O)C(C)CSC/C=C\CCC)CCC(=O)OCCOC(=O)C(C)CSC/C=C\CCC,SL_2020,SL_2020,1
-1.0669167,-0.525685949,CCC/C=C\CSCC(C)C(=O)OCCOC(=O)CCN(CCCN1CCN(CCCN(CCC(=O)OCCOC(=O)C(C)CSC/C=C\CCC)CCC(=O)OCCOC(=O)C(C)CSC/C=C\CCC)CC1)CCC(=O)OCCOC(=O)C(C)CSC/C=C\CCC,SL_2020,SL_2020,1
-2.2285242,2.131948569,CCC/C=C\CSCC(C)C(=O)OCCOC(=O)CCN(CCCN(C)CCCN(CCC(=O)OCCOC(=O)C(C)CSC/C=C\CCC)CCC(=O)OCCOC(=O)C(C)CSC/C=C\CCC)CCC(=O)OCCOC(=O)C(C)CSC/C=C\CCC,SL_2020,SL_2020,3
-2.745058,0.360192224,CCC/C=C\CSCC(C)C(=O)OCCOC(=O)CCN(CCC(=O)OCCOC(=O)C(C)CSC/C=C\CCC)CCN(CCN(CCC(=O)OCCOC(=O)C(C)CSC/C=C\CCC)CCC(=O)OCCOC(=O)C(C)CSC/C=C\CCC)CCN(CCC(=O)OCCOC(=O)C(C)CSC/C=C\CCC)CCC(=O)OCCOC(=O)C(C)CSC/C=C\CCC,SL_2020,SL_2020,1
-4.370515,0.360192224,C=CCCCCSCC(C)C(=O)OCCOC(=O)CCN(CCCN1CCN(C)CC1)CCC(=O)OCCOC(=O)C(C)CSCCCCC=C,SL_2020,SL_2020,1
-4.1695333,-0.525685949,C=CCCCCSCC(C)C(=O)OCCOC(=O)CCN(CCC(=O)OCCOC(=O)C(C)CSCCCCC=C)CCN(C)C,SL_2020,SL_2020,1
-4.253399,0.360192224,C=CCCCCSCC(C)C(=O)OCCOC(=O)CCN(CCCN(C)C)CCC(=O)OCCOC(=O)C(C)CSCCCCC=C,SL_2020,SL_2020,1
-3.3220515,0.360192224,C=CCCCCSCC(C)C(=O)OCCOC(=O)CCN(CCO)CCCN(CCC(=O)OCCOC(=O)C(C)CSCCCCC=C)CCC(=O)OCCOC(=O)C(C)CSCCCCC=C,SL_2020,SL_2020,1
-1.0439285,0.360192224,C=CCCCCSCC(C)C(=O)OCCOC(=O)CCN(CCCN1CCN(CCCN(CCC(=O)OCCOC(=O)C(C)CSCCCCC=C)CCC(=O)OCCOC(=O)C(C)CSCCCCC=C)CC1)CCC(=O)OCCOC(=O)C(C)CSCCCCC=C,SL_2020,SL_2020,1
-1.8858461,2.131948569,C=CCCCCSCC(C)C(=O)OCCOC(=O)CCN(CCCN(C)CCCN(CCC(=O)OCCOC(=O)C(C)CSCCCCC=C)CCC(=O)OCCOC(=O)C(C)CSCCCCC=C)CCC(=O)OCCOC(=O)C(C)CSCCCCC=C,SL_2020,SL_2020,3
-2.714704,0.360192224,C=CCCCCSCC(C)C(=O)OCCOC(=O)CCN(CCC(=O)OCCOC(=O)C(C)CSCCCCC=C)CCN(CCN(CCC(=O)OCCOC(=O)C(C)CSCCCCC=C)CCC(=O)OCCOC(=O)C(C)CSCCCCC=C)CCN(CCC(=O)OCCOC(=O)C(C)CSCCCCC=C)CCC(=O)OCCOC(=O)C(C)CSCCCCC=C,SL_2020,SL_2020,1
-2.3505385,0.360192224,CC(C)=CCCC(C)CCSCC(C)C(=O)OCCOC(=O)CCN(CCCN1CCN(C)CC1)CCC(=O)OCCOC(=O)C(C)CSCCC(C)CCC=C(C)C,SL_2020,SL_2020,1
-2.3687954,-0.525685949,CC(C)=CCCC(C)CCSCC(C)C(=O)OCCOC(=O)CCN(CCC(=O)OCCOC(=O)C(C)CSCCC(C)CCC=C(C)C)CCN(C)C,SL_2020,SL_2020,1
-2.7379432,-0.525685949,CC(C)=CCCC(C)CCSCC(C)C(=O)OCCOC(=O)CCN(CCCN(C)C)CCC(=O)OCCOC(=O)C(C)CSCCC(C)CCC=C(C)C,SL_2020,SL_2020,1
-1.8231931,0.360192224,CC(C)=CCCC(C)CCSCC(C)C(=O)OCCOC(=O)CCN(CCO)CCCN(CCC(=O)OCCOC(=O)C(C)CSCCC(C)CCC=C(C)C)CCC(=O)OCCOC(=O)C(C)CSCCC(C)CCC=C(C)C,SL_2020,SL_2020,1
-0.6542663,1.246070396,CC(C)=CCCC(C)CCSCC(C)C(=O)OCCOC(=O)CCN(CCCN1CCN(CCCN(CCC(=O)OCCOC(=O)C(C)CSCCC(C)CCC=C(C)C)CCC(=O)OCCOC(=O)C(C)CSCCC(C)CCC=C(C)C)CC1)CCC(=O)OCCOC(=O)C(C)CSCCC(C)CCC=C(C)C,SL_2020,SL_2020,2
-1.6941088,1.246070396,CC(C)=CCCC(C)CCSCC(C)C(=O)OCCOC(=O)CCN(CCCN(C)CCCN(CCC(=O)OCCOC(=O)C(C)CSCCC(C)CCC=C(C)C)CCC(=O)OCCOC(=O)C(C)CSCCC(C)CCC=C(C)C)CCC(=O)OCCOC(=O)C(C)CSCCC(C)CCC=C(C)C,SL_2020,SL_2020,2
-2.8513808,0.360192224,CC(C)=CCCC(C)CCSCC(C)C(=O)OCCOC(=O)CCN(CCC(=O)OCCOC(=O)C(C)CSCCC(C)CCC=C(C)C)CCN(CCN(CCC(=O)OCCOC(=O)C(C)CSCCC(C)CCC=C(C)C)CCC(=O)OCCOC(=O)C(C)CSCCC(C)CCC=C(C)C)CCN(CCC(=O)OCCOC(=O)C(C)CSCCC(C)CCC=C(C)C)CCC(=O)OCCOC(=O)C(C)CSCCC(C)CCC=C(C)C,SL_2020,SL_2020,1
