cv_0_pred_Experiment_value,Experiment_value,smiles,Experiment_ID,experiment_id,rel
-3.3162715,0.581214361,CCCCCCCCCCC(O)CN(CCN1CCN(CCN(CC(O)CCCCCCCCCC)CC(O)CCCCCCCCCC)CC1)CCN(CC(O)CCCCCCCCCC)CC(O)CCCCCCCCCC,JW_2024,JW_2024,1
-1.9726248,-1.3706713,CCCCCCCCCCC(O)CN(CCN1CCN(CCN(CC(O)CCCCCCCCCC)CC(O)CCCCCCCCCC)CC1)CCN(CC(O)CCCCCCCCCC)CC(O)CCCCCCCCCC,JW_2024,JW_2024,0
-2.2905219,1.663900938,CCCCCCCCCCC(O)CN(CCN1CCN(CCN(CC(O)CCCCCCCCCC)CC(O)CCCCCCCCCC)CC1)CCN(CC(O)CCCCCCCCCC)CC(O)CCCCCCCCCC,JW_2024,JW_2024,2
-3.7072124,-1.431667727,CCCCCCCCCCC(O)CN(CCN1CCN(CCN(CC(O)CCCCCCCCCC)CC(O)CCCCCCCCCC)CC1)CCN(CC(O)CCCCCCCCCC)CC(O)CCCCCCCCCC,JW_2024,JW_2024,0
-2.8272834,0.3296041,CCCCCCCCCCC(O)CN(CCN1CCN(CCN(CC(O)CCCCCCCCCC)CC(O)CCCCCCCCCC)CC1)CCN(CC(O)CCCCCCCCCC)CC(O)CCCCCCCCCC,JW_2024,JW_2024,1
-3.3113778,0.764203641,CCCCCCCCCCC(O)CN(CCN1CCN(CCN(CC(O)CCCCCCCCCC)CC(O)CCCCCCCCCC)CC1)CCN(CC(O)CCCCCCCCCC)CC(O)CCCCCCCCCC,JW_2024,JW_2024,1
-3.3923824,0.46684606,CCCCCCCCCCC(O)CN(CCN1CCN(CCN(CC(O)CCCCCCCCCC)CC(O)CCCCCCCCCC)CC1)CCN(CC(O)CCCCCCCCCC)CC(O)CCCCCCCCCC,JW_2024,JW_2024,1
-2.8449025,0.611712574,CCCCCCCCCCC(O)CN(CCN1CCN(CCN(CC(O)CCCCCCCCCC)CC(O)CCCCCCCCCC)CC1)CCN(CC(O)CCCCCCCCCC)CC(O)CCCCCCCCCC,JW_2024,JW_2024,1
-3.3658955,-0.059248122,CCCCCCCCCCC(O)CN(CCN1CCN(CCN(CC(O)CCCCCCCCCC)CC(O)CCCCCCCCCC)CC1)CCN(CC(O)CCCCCCCCCC)CC(O)CCCCCCCCCC,JW_2024,JW_2024,0
-3.3580194,1.015813902,CCCCCCCCCCC(O)CN(CCN1CCN(CCN(CC(O)CCCCCCCCCC)CC(O)CCCCCCCCCC)CC1)CCN(CC(O)CCCCCCCCCC)CC(O)CCCCCCCCCC,JW_2024,JW_2024,1
-3.26905,1.877388432,CCCCCCCCCCC(O)CN(CCN1CCN(CCN(CC(O)CCCCCCCCCC)CC(O)CCCCCCCCCC)CC1)CCN(CC(O)CCCCCCCCCC)CC(O)CCCCCCCCCC,JW_2024,JW_2024,2
-2.983145,0.947192922,CCCCCCCCCCC(O)CN(CCN1CCN(CCN(CC(O)CCCCCCCCCC)CC(O)CCCCCCCCCC)CC1)CCN(CC(O)CCCCCCCCCC)CC(O)CCCCCCCCCC,JW_2024,JW_2024,1
-3.4558558,0.390600527,CCCCCCCCCCC(O)CN(CCN1CCN(CCN(CC(O)CCCCCCCCCC)CC(O)CCCCCCCCCC)CC1)CCN(CC(O)CCCCCCCCCC)CC(O)CCCCCCCCCC,JW_2024,JW_2024,1
-2.837083,0.527842487,CCCCCCCCCCC(O)CN(CCN1CCN(CCN(CC(O)CCCCCCCCCC)CC(O)CCCCCCCCCC)CC1)CCN(CC(O)CCCCCCCCCC)CC(O)CCCCCCCCCC,JW_2024,JW_2024,1
-3.634542,1.19117863,CCCCCCCCCCC(O)CN(CCN1CCN(CCN(CC(O)CCCCCCCCCC)CC(O)CCCCCCCCCC)CC1)CCN(CC(O)CCCCCCCCCC)CC(O)CCCCCCCCCC,JW_2024,JW_2024,1
-1.7188278,1.793518345,CCCCCCCCCCC(O)CN(CCN1CCN(CCN(CC(O)CCCCCCCCCC)CC(O)CCCCCCCCCC)CC1)CCN(CC(O)CCCCCCCCCC)CC(O)CCCCCCCCCC,JW_2024,JW_2024,2
-2.715563,0.070369285,CCCCCCCCCCC(O)CN(CCN1CCN(CCN(CC(O)CCCCCCCCCC)CC(O)CCCCCCCCCC)CC1)CCN(CC(O)CCCCCCCCCC)CC(O)CCCCCCCCCC,JW_2024,JW_2024,1
-2.8541844,1.763020132,CCCCCCCCCCC(O)CN(CCN1CCN(CCN(CC(O)CCCCCCCCCC)CC(O)CCCCCCCCCC)CC1)CCN(CC(O)CCCCCCCCCC)CC(O)CCCCCCCCCC,JW_2024,JW_2024,2
-3.657194,0.039871072,CCCCCCCCCCC(O)CN(CCN1CCN(CCN(CC(O)CCCCCCCCCC)CC(O)CCCCCCCCCC)CC1)CCN(CC(O)CCCCCCCCCC)CC(O)CCCCCCCCCC,JW_2024,JW_2024,1
-3.1362972,0.26098312,CCCCCCCCCCC(O)CN(CCN1CCN(CCN(CC(O)CCCCCCCCCC)CC(O)CCCCCCCCCC)CC1)CCN(CC(O)CCCCCCCCCC)CC(O)CCCCCCCCCC,JW_2024,JW_2024,1
-2.9299219,0.901445602,CCCCCCCCCCC(O)CN(CCCCC1NC(=O)C(CCCCN(CC(O)CCCCCCCCCC)CC(O)CCCCCCCCCC)NC1=O)CC(O)CCCCCCCCCC,JW_2024,JW_2024,1
-2.6454718,2.205244227,CCCCCCCCCCC(O)CN(CCCCC1NC(=O)C(CCCCN(CC(O)CCCCCCCCCC)CC(O)CCCCCCCCCC)NC1=O)CC(O)CCCCCCCCCC,JW_2024,JW_2024,3
-3.9989474,-1.401169513,CCCCCCCCCCC(O)CN(CCCCC1NC(=O)C(CCCCN(CC(O)CCCCCCCCCC)CC(O)CCCCCCCCCC)NC1=O)CC(O)CCCCCCCCCC,JW_2024,JW_2024,0
-4.0575714,0.863322835,CCCCCCCCCCC(O)CN(CCCCC1NC(=O)C(CCCCN(CC(O)CCCCCCCCCC)CC(O)CCCCCCCCCC)NC1=O)CC(O)CCCCCCCCCC,JW_2024,JW_2024,1
-4.1126227,0.726080875,CCCCCCCCCCC(O)CN(CCCCC1NC(=O)C(CCCCN(CC(O)CCCCCCCCCC)CC(O)CCCCCCCCCC)NC1=O)CC(O)CCCCCCCCCC,JW_2024,JW_2024,1
-4.5357265,1.32842059,CCCCCCCCCCC(O)CN(CCCCC1NC(=O)C(CCCCN(CC(O)CCCCCCCCCC)CC(O)CCCCCCCCCC)NC1=O)CC(O)CCCCCCCCCC,JW_2024,JW_2024,2
-3.669335,0.649835341,CCCCCCCCCCC(O)CN(CCCCC1NC(=O)C(CCCCN(CC(O)CCCCCCCCCC)CC(O)CCCCCCCCCC)NC1=O)CC(O)CCCCCCCCCC,JW_2024,JW_2024,1
-3.9956615,1.015813902,CCCCCCCCCCC(O)CN(CCCCC1NC(=O)C(CCCCN(CC(O)CCCCCCCCCC)CC(O)CCCCCCCCCC)NC1=O)CC(O)CCCCCCCCCC,JW_2024,JW_2024,1
-4.4933047,0.924319262,CCCCCCCCCCC(O)CN(CCCCC1NC(=O)C(CCCCN(CC(O)CCCCCCCCCC)CC(O)CCCCCCCCCC)NC1=O)CC(O)CCCCCCCCCC,JW_2024,JW_2024,1
-3.258771,2.068002266,CCCCCCCCCCC(O)CN(CCCCC1NC(=O)C(CCCCN(CC(O)CCCCCCCCCC)CC(O)CCCCCCCCCC)NC1=O)CC(O)CCCCCCCCCC,JW_2024,JW_2024,3
-3.3592284,0.832824622,CCCCCCCCCCC(O)CN(CCCCC1NC(=O)C(CCCCN(CC(O)CCCCCCCCCC)CC(O)CCCCCCCCCC)NC1=O)CC(O)CCCCCCCCCC,JW_2024,JW_2024,1
-4.037792,0.939568369,CCCCCCCCCCC(O)CN(CCCCC1NC(=O)C(CCCCN(CC(O)CCCCCCCCCC)CC(O)CCCCCCCCCC)NC1=O)CC(O)CCCCCCCCCC,JW_2024,JW_2024,1
-2.9900033,1.313171483,CCCCCCCCCCC(O)CN(CCCCC1NC(=O)C(CCCCN(CC(O)CCCCCCCCCC)CC(O)CCCCCCCCCC)NC1=O)CC(O)CCCCCCCCCC,JW_2024,JW_2024,1
-5.222573,1.39704157,CCCCCCCCCCC(O)CN(CCCCC1NC(=O)C(CCCCN(CC(O)CCCCCCCCCC)CC(O)CCCCCCCCCC)NC1=O)CC(O)CCCCCCCCCC,JW_2024,JW_2024,2
-1.8409568,2.23574244,CCCCCCCCCCC(O)CN(CCCCC1NC(=O)C(CCCCN(CC(O)CCCCCCCCCC)CC(O)CCCCCCCCCC)NC1=O)CC(O)CCCCCCCCCC,JW_2024,JW_2024,3
-2.6083996,1.046312116,CCCCCCCCCCC(O)CN(CCCCC1NC(=O)C(CCCCN(CC(O)CCCCCCCCCC)CC(O)CCCCCCCCCC)NC1=O)CC(O)CCCCCCCCCC,JW_2024,JW_2024,1
-3.196045,2.037504053,CCCCCCCCCCC(O)CN(CCCCC1NC(=O)C(CCCCN(CC(O)CCCCCCCCCC)CC(O)CCCCCCCCCC)NC1=O)CC(O)CCCCCCCCCC,JW_2024,JW_2024,3
-3.9984138,0.055120179,CCCCCCCCCCC(O)CN(CCCCC1NC(=O)C(CCCCN(CC(O)CCCCCCCCCC)CC(O)CCCCCCCCCC)NC1=O)CC(O)CCCCCCCCCC,JW_2024,JW_2024,1
-3.598836,0.230484906,CCCCCCCCCCC(O)CN(CCCCC1NC(=O)C(CCCCN(CC(O)CCCCCCCCCC)CC(O)CCCCCCCCCC)NC1=O)CC(O)CCCCCCCCCC,JW_2024,JW_2024,1
-5.1225824,-1.204789014,CCCCCCCCC(CCCCCC)C(=O)OC(C/C=C\CCCCCCCCOC(=O)CCN(CCC(=O)OCCCCCCCC/C=C\CC(CCCCCC)OC(=O)C(CCCCCC)CCCCCCCC)CCc1ccncc1)CCCCCC,JW_2024,JW_2024,0
-4.537028,-1.078860772,CCCCCCCCC(CCCCCC)C(=O)OC(C/C=C\CCCCCCCCOC(=O)CCN(CCC(=O)OCCCCCCCC/C=C\CC(CCCCCC)OC(=O)C(CCCCCC)CCCCCCCC)CCc1ccncc1)CCCCCC,JW_2024,JW_2024,0
-7.000521,-1.132830019,CCCCCCCCC(CCCCCC)C(=O)OC(C/C=C\CCCCCCCCOC(=O)CCN(CCC(=O)OCCCCCCCC/C=C\CC(CCCCCC)OC(=O)C(CCCCCC)CCCCCCCC)CCc1ccncc1)CCCCCC,JW_2024,JW_2024,0
-5.26229,-1.069865897,CCCCCCCCC(CCCCCC)C(=O)OC(C/C=C\CCCCCCCCOC(=O)CCN(CCC(=O)OCCCCCCCC/C=C\CC(CCCCCC)OC(=O)C(CCCCCC)CCCCCCCC)CCc1ccncc1)CCCCCC,JW_2024,JW_2024,0
-5.0734577,-1.213783889,CCCCCCCCC(CCCCCC)C(=O)OC(C/C=C\CCCCCCCCOC(=O)CCN(CCC(=O)OCCCCCCCC/C=C\CC(CCCCCC)OC(=O)C(CCCCCC)CCCCCCCC)CCc1ccncc1)CCCCCC,JW_2024,JW_2024,0
-5.9922023,-2.293168825,CCCCCCCCC(CCCCCC)C(=O)OC(C/C=C\CCCCCCCCOC(=O)CCN(CCC(=O)OCCCCCCCC/C=C\CC(CCCCCC)OC(=O)C(CCCCCC)CCCCCCCC)CCc1ccncc1)CCCCCC,JW_2024,JW_2024,0
-6.6127124,-0.359270814,CCCCCCCCC(CCCCCC)C(=O)OC(C/C=C\CCCCCCCCOC(=O)CCN(CCC(=O)OCCCCCCCC/C=C\CC(CCCCCC)OC(=O)C(CCCCCC)CCCCCCCC)CCc1ccncc1)CCCCCC,JW_2024,JW_2024,0
-5.2394495,-2.715927925,CCCCCCCCC(CCCCCC)C(=O)OC(C/C=C\CCCCCCCCOC(=O)CCN(CCC(=O)OCCCCCCCC/C=C\CC(CCCCCC)OC(=O)C(CCCCCC)CCCCCCCC)CCc1ccncc1)CCCCCC,JW_2024,JW_2024,0
-4.9442263,-0.889968408,CCCCCCCCC(CCCCCC)C(=O)OC(C/C=C\CCCCCCCCOC(=O)CCN(CCC(=O)OCCCCCCCC/C=C\CC(CCCCCC)OC(=O)C(CCCCCC)CCCCCCCC)CCc1ccncc1)CCCCCC,JW_2024,JW_2024,0
-4.999662,-1.204789014,CCCCCCCCC(CCCCCC)C(=O)OC(C/C=C\CCCCCCCCOC(=O)CCN(CCC(=O)OCCCCCCCC/C=C\CC(CCCCCC)OC(=O)C(CCCCCC)CCCCCCCC)CCc1ccncc1)CCCCCC,JW_2024,JW_2024,0
-6.633977,-0.593137551,CCCCCCCCC(CCCCCC)C(=O)OC(C/C=C\CCCCCCCCOC(=O)CCN(CCC(=O)OCCCCCCCC/C=C\CC(CCCCCC)OC(=O)C(CCCCCC)CCCCCCCC)CCc1ccncc1)CCCCCC,JW_2024,JW_2024,0
-4.3201833,-1.420666002,CCCCCCCCC(CCCCCC)C(=O)OC(C/C=C\CCCCCCCCOC(=O)CCN(CCC(=O)OCCCCCCCC/C=C\CC(CCCCCC)OC(=O)C(CCCCCC)CCCCCCCC)CCc1ccncc1)CCCCCC,JW_2024,JW_2024,0
-4.911926,-1.024891525,CCCCCCCCC(CCCCCC)C(=O)OC(C/C=C\CCCCCCCCOC(=O)CCN(CCC(=O)OCCCCCCCC/C=C\CC(CCCCCC)OC(=O)C(CCCCCC)CCCCCCCC)CCc1ccncc1)CCCCCC,JW_2024,JW_2024,0
-6.954954,-0.916953031,CCCCCCCCC(CCCCCC)C(=O)OC(C/C=C\CCCCCCCCOC(=O)CCN(CCC(=O)OCCCCCCCC/C=C\CC(CCCCCC)OC(=O)C(CCCCCC)CCCCCCCC)CCc1ccncc1)CCCCCC,JW_2024,JW_2024,0
-5.1030216,-1.474635249,CCCCCCC(C/C=C\CCCCCCCCOC(=O)CCN(CCC(=O)OCCCCCCCC/C=C\CC(CCCCCC)OC(=O)C(CCCC)CCCCCC)CCc1ccncc1)OC(=O)C(CCCC)CCCCCC,JW_2024,JW_2024,0
-4.5557,-1.11484027,CCCCCCC(C/C=C\CCCCCCCCOC(=O)CCN(CCC(=O)OCCCCCCCC/C=C\CC(CCCCCC)OC(=O)C(CCCC)CCCCCC)CCc1ccncc1)OC(=O)C(CCCC)CCCCCC,JW_2024,JW_2024,0
-6.750222,-0.809014538,CCCCCCC(C/C=C\CCCCCCCCOC(=O)CCN(CCC(=O)OCCCCCCCC/C=C\CC(CCCCCC)OC(=O)C(CCCC)CCCCCC)CCc1ccncc1)OC(=O)C(CCCC)CCCCCC,JW_2024,JW_2024,0
-5.00023,-0.674091421,CCCCCCC(C/C=C\CCCCCCCCOC(=O)CCN(CCC(=O)OCCCCCCCC/C=C\CC(CCCCCC)OC(=O)C(CCCC)CCCCCC)CCc1ccncc1)OC(=O)C(CCCC)CCCCCC,JW_2024,JW_2024,0
-4.678834,-1.024891525,CCCCCCC(C/C=C\CCCCCCCCOC(=O)CCN(CCC(=O)OCCCCCCCC/C=C\CC(CCCCCC)OC(=O)C(CCCC)CCCCCC)CCc1ccncc1)OC(=O)C(CCCC)CCCCCC,JW_2024,JW_2024,0
-5.7083254,-1.123835144,CCCCCCC(C/C=C\CCCCCCCCOC(=O)CCN(CCC(=O)OCCCCCCCC/C=C\CC(CCCCCC)OC(=O)C(CCCC)CCCCCC)CCc1ccncc1)OC(=O)C(CCCC)CCCCCC,JW_2024,JW_2024,0
-6.1479063,-0.43122981,CCCCCCC(C/C=C\CCCCCCCCOC(=O)CCN(CCC(=O)OCCCCCCCC/C=C\CC(CCCCCC)OC(=O)C(CCCC)CCCCCC)CCc1ccncc1)OC(=O)C(CCCC)CCCCCC,JW_2024,JW_2024,0
-4.895725,-2.203220081,CCCCCCC(C/C=C\CCCCCCCCOC(=O)CCN(CCC(=O)OCCCCCCCC/C=C\CC(CCCCCC)OC(=O)C(CCCC)CCCCCC)CCc1ccncc1)OC(=O)C(CCCC)CCCCCC,JW_2024,JW_2024,0
-4.7214828,-0.827004287,CCCCCCC(C/C=C\CCCCCCCCOC(=O)CCN(CCC(=O)OCCCCCCCC/C=C\CC(CCCCCC)OC(=O)C(CCCC)CCCCCC)CCc1ccncc1)OC(=O)C(CCCC)CCCCCC,JW_2024,JW_2024,0
-4.4772606,-1.249763387,CCCCCCC(C/C=C\CCCCCCCCOC(=O)CCN(CCC(=O)OCCCCCCCC/C=C\CC(CCCCCC)OC(=O)C(CCCC)CCCCCC)CCc1ccncc1)OC(=O)C(CCCC)CCCCCC,JW_2024,JW_2024,0
-6.4198036,-0.43122981,CCCCCCC(C/C=C\CCCCCCCCOC(=O)CCN(CCC(=O)OCCCCCCCC/C=C\CC(CCCCCC)OC(=O)C(CCCC)CCCCCC)CCc1ccncc1)OC(=O)C(CCCC)CCCCCC,JW_2024,JW_2024,0
-3.9772527,-1.627548115,CCCCCCC(C/C=C\CCCCCCCCOC(=O)CCN(CCC(=O)OCCCCCCCC/C=C\CC(CCCCCC)OC(=O)C(CCCC)CCCCCC)CCc1ccncc1)OC(=O)C(CCCC)CCCCCC,JW_2024,JW_2024,0
-4.471099,-1.069865897,CCCCCCC(C/C=C\CCCCCCCCOC(=O)CCN(CCC(=O)OCCCCCCCC/C=C\CC(CCCCCC)OC(=O)C(CCCC)CCCCCC)CCc1ccncc1)OC(=O)C(CCCC)CCCCCC,JW_2024,JW_2024,0
-6.5901494,-1.294737759,CCCCCCC(C/C=C\CCCCCCCCOC(=O)CCN(CCC(=O)OCCCCCCCC/C=C\CC(CCCCCC)OC(=O)C(CCCC)CCCCCC)CCc1ccncc1)OC(=O)C(CCCC)CCCCCC,JW_2024,JW_2024,0
-4.8819175,-1.222778763,CCCCCCC(C/C=C\CCCCCCCCOC(=O)CCN(CCC(=O)OCCCCCCCC/C=C\CC(CCCCCC)OC(=O)CCCC1CCCCC1)CCc1ccncc1)OC(=O)CCCC1CCCCC1,JW_2024,JW_2024,0
-4.5891023,-1.708501985,CCCCCCC(C/C=C\CCCCCCCCOC(=O)CCN(CCC(=O)OCCCCCCCC/C=C\CC(CCCCCC)OC(=O)CCCC1CCCCC1)CCc1ccncc1)OC(=O)CCCC1CCCCC1,JW_2024,JW_2024,0
-6.483759,-0.701076044,CCCCCCC(C/C=C\CCCCCCCCOC(=O)CCN(CCC(=O)OCCCCCCCC/C=C\CC(CCCCCC)OC(=O)CCCC1CCCCC1)CCc1ccncc1)OC(=O)CCCC1CCCCC1,JW_2024,JW_2024,0
-4.7756176,-2.104276461,CCCCCCC(C/C=C\CCCCCCCCOC(=O)CCN(CCC(=O)OCCCCCCCC/C=C\CC(CCCCCC)OC(=O)CCCC1CCCCC1)CCc1ccncc1)OC(=O)CCCC1CCCCC1,JW_2024,JW_2024,0
-4.799555,-1.483630123,CCCCCCC(C/C=C\CCCCCCCCOC(=O)CCN(CCC(=O)OCCCCCCCC/C=C\CC(CCCCCC)OC(=O)CCCC1CCCCC1)CCc1ccncc1)OC(=O)CCCC1CCCCC1,JW_2024,JW_2024,0
-5.0450244,-1.933373846,CCCCCCC(C/C=C\CCCCCCCCOC(=O)CCN(CCC(=O)OCCCCCCCC/C=C\CC(CCCCCC)OC(=O)CCCC1CCCCC1)CCc1ccncc1)OC(=O)CCCC1CCCCC1,JW_2024,JW_2024,0
-5.5123005,-0.862983785,CCCCCCC(C/C=C\CCCCCCCCOC(=O)CCN(CCC(=O)OCCCCCCCC/C=C\CC(CCCCCC)OC(=O)CCCC1CCCCC1)CCc1ccncc1)OC(=O)CCCC1CCCCC1,JW_2024,JW_2024,0
-4.9040604,-1.105845395,CCCCCCC(C/C=C\CCCCCCCCOC(=O)CCN(CCC(=O)OCCCCCCCC/C=C\CC(CCCCCC)OC(=O)CCCC1CCCCC1)CCc1ccncc1)OC(=O)CCCC1CCCCC1,JW_2024,JW_2024,0
-4.867517,-0.871978659,CCCCCCC(C/C=C\CCCCCCCCOC(=O)CCN(CCC(=O)OCCCCCCCC/C=C\CC(CCCCCC)OC(=O)CCCC1CCCCC1)CCc1ccncc1)OC(=O)CCCC1CCCCC1,JW_2024,JW_2024,0
-4.882794,-1.123835144,CCCCCCC(C/C=C\CCCCCCCCOC(=O)CCN(CCC(=O)OCCCCCCCC/C=C\CC(CCCCCC)OC(=O)CCCC1CCCCC1)CCc1ccncc1)OC(=O)CCCC1CCCCC1,JW_2024,JW_2024,0
-6.051374,-0.835999161,CCCCCCC(C/C=C\CCCCCCCCOC(=O)CCN(CCC(=O)OCCCCCCCC/C=C\CC(CCCCCC)OC(=O)CCCC1CCCCC1)CCc1ccncc1)OC(=O)CCCC1CCCCC1,JW_2024,JW_2024,0
-4.3247013,-0.970922278,CCCCCCC(C/C=C\CCCCCCCCOC(=O)CCN(CCC(=O)OCCCCCCCC/C=C\CC(CCCCCC)OC(=O)CCCC1CCCCC1)CCc1ccncc1)OC(=O)CCCC1CCCCC1,JW_2024,JW_2024,0
-4.669282,-0.449219559,CCCCCCC(C/C=C\CCCCCCCCOC(=O)CCN(CCC(=O)OCCCCCCCC/C=C\CC(CCCCCC)OC(=O)CCCC1CCCCC1)CCc1ccncc1)OC(=O)CCCC1CCCCC1,JW_2024,JW_2024,0
-6.0105247,-0.440224685,CCCCCCC(C/C=C\CCCCCCCCOC(=O)CCN(CCC(=O)OCCCCCCCC/C=C\CC(CCCCCC)OC(=O)CCCC1CCCCC1)CCc1ccncc1)OC(=O)CCCC1CCCCC1,JW_2024,JW_2024,0
-5.2099223,-1.0338864,CCCCCCCCC(CCCCCC)C(=O)OC(C/C=C\CCCCCCCCOC(=O)CCN(CCC(=O)OCCCCCCCC/C=C\CC(CCCCCC)OC(=O)C(CCCCCC)CCCCCCCC)CCN1CCCC1)CCCCCC,JW_2024,JW_2024,0
-4.000118,-1.384686504,CCCCCCCCC(CCCCCC)C(=O)OC(C/C=C\CCCCCCCCOC(=O)CCN(CCC(=O)OCCCCCCCC/C=C\CC(CCCCCC)OC(=O)C(CCCCCC)CCCCCCCC)CCN1CCCC1)CCCCCC,JW_2024,JW_2024,0
-5.673222,0.009519039,CCCCCCCCC(CCCCCC)C(=O)OC(C/C=C\CCCCCCCCOC(=O)CCN(CCC(=O)OCCCCCCCC/C=C\CC(CCCCCC)OC(=O)C(CCCCCC)CCCCCCCC)CCN1CCCC1)CCCCCC,JW_2024,JW_2024,0
-5.259936,-1.861414851,CCCCCCCCC(CCCCCC)C(=O)OC(C/C=C\CCCCCCCCOC(=O)CCN(CCC(=O)OCCCCCCCC/C=C\CC(CCCCCC)OC(=O)C(CCCCCC)CCCCCCCC)CCN1CCCC1)CCCCCC,JW_2024,JW_2024,0
-5.9779353,-1.11484027,CCCCCCCCC(CCCCCC)C(=O)OC(C/C=C\CCCCCCCCOC(=O)CCN(CCC(=O)OCCCCCCCC/C=C\CC(CCCCCC)OC(=O)C(CCCCCC)CCCCCCCC)CCN1CCCC1)CCCCCC,JW_2024,JW_2024,0
-4.614748,-1.735486608,CCCCCCCCC(CCCCCC)C(=O)OC(C/C=C\CCCCCCCCOC(=O)CCN(CCC(=O)OCCCCCCCC/C=C\CC(CCCCCC)OC(=O)C(CCCCCC)CCCCCCCC)CCN1CCCC1)CCCCCC,JW_2024,JW_2024,0
-5.9506984,-1.024891525,CCCCCCCCC(CCCCCC)C(=O)OC(C/C=C\CCCCCCCCOC(=O)CCN(CCC(=O)OCCCCCCCC/C=C\CC(CCCCCC)OC(=O)C(CCCCCC)CCCCCCCC)CCN1CCCC1)CCCCCC,JW_2024,JW_2024,0
-5.305989,-1.96035847,CCCCCCCCC(CCCCCC)C(=O)OC(C/C=C\CCCCCCCCOC(=O)CCN(CCC(=O)OCCCCCCCC/C=C\CC(CCCCCC)OC(=O)C(CCCCCC)CCCCCCCC)CCN1CCCC1)CCCCCC,JW_2024,JW_2024,0
-4.4764066,-1.204789014,CCCCCCCCC(CCCCCC)C(=O)OC(C/C=C\CCCCCCCCOC(=O)CCN(CCC(=O)OCCCCCCCC/C=C\CC(CCCCCC)OC(=O)C(CCCCCC)CCCCCCCC)CCN1CCCC1)CCCCCC,JW_2024,JW_2024,0
-5.0066566,-1.393681378,CCCCCCCCC(CCCCCC)C(=O)OC(C/C=C\CCCCCCCCOC(=O)CCN(CCC(=O)OCCCCCCCC/C=C\CC(CCCCCC)OC(=O)C(CCCCCC)CCCCCCCC)CCN1CCCC1)CCCCCC,JW_2024,JW_2024,0
-5.1320157,-0.907958157,CCCCCCCCC(CCCCCC)C(=O)OC(C/C=C\CCCCCCCCOC(=O)CCN(CCC(=O)OCCCCCCCC/C=C\CC(CCCCCC)OC(=O)C(CCCCCC)CCCCCCCC)CCN1CCCC1)CCCCCC,JW_2024,JW_2024,0
-4.8305254,-0.844994036,CCCCCCCCC(CCCCCC)C(=O)OC(C/C=C\CCCCCCCCOC(=O)CCN(CCC(=O)OCCCCCCCC/C=C\CC(CCCCCC)OC(=O)C(CCCCCC)CCCCCCCC)CCN1CCCC1)CCCCCC,JW_2024,JW_2024,0
-5.0500617,-0.377260563,CCCCCCCCC(CCCCCC)C(=O)OC(C/C=C\CCCCCCCCOC(=O)CCN(CCC(=O)OCCCCCCCC/C=C\CC(CCCCCC)OC(=O)C(CCCCCC)CCCCCCCC)CCN1CCCC1)CCCCCC,JW_2024,JW_2024,0
-5.5211515,-0.557158053,CCCCCCCCC(CCCCCC)C(=O)OC(C/C=C\CCCCCCCCOC(=O)CCN(CCC(=O)OCCCCCCCC/C=C\CC(CCCCCC)OC(=O)C(CCCCCC)CCCCCCCC)CCN1CCCC1)CCCCCC,JW_2024,JW_2024,0
-4.688464,0.117457533,CCCCCCC(C/C=C\CCCCCCCCOC(=O)CCN(CCC(=O)OCCCCCCCC/C=C\CC(CCCCCC)OC(=O)C(CCCC)CCCCCC)CCN1CCCC1)OC(=O)C(CCCC)CCCCCC,JW_2024,JW_2024,1
-3.32539,0.83704749,CCCCCCC(C/C=C\CCCCCCCCOC(=O)CCN(CCC(=O)OCCCCCCCC/C=C\CC(CCCCCC)OC(=O)C(CCCC)CCCCCC)CCN1CCCC1)OC(=O)C(CCCC)CCCCCC,JW_2024,JW_2024,1
-5.2839923,0.900011611,CCCCCCC(C/C=C\CCCCCCCCOC(=O)CCN(CCC(=O)OCCCCCCCC/C=C\CC(CCCCCC)OC(=O)C(CCCC)CCCCCC)CCN1CCCC1)OC(=O)C(CCCC)CCCCCC,JW_2024,JW_2024,1
-4.658565,0.792073118,CCCCCCC(C/C=C\CCCCCCCCOC(=O)CCN(CCC(=O)OCCCCCCCC/C=C\CC(CCCCCC)OC(=O)C(CCCC)CCCCCC)CCN1CCCC1)OC(=O)C(CCCC)CCCCCC,JW_2024,JW_2024,1
-5.374648,-1.888399474,CCCCCCC(C/C=C\CCCCCCCCOC(=O)CCN(CCC(=O)OCCCCCCCC/C=C\CC(CCCCCC)OC(=O)C(CCCC)CCCCCC)CCN1CCCC1)OC(=O)C(CCCC)CCCCCC,JW_2024,JW_2024,0
-4.250695,-0.287311819,CCCCCCC(C/C=C\CCCCCCCCOC(=O)CCN(CCC(=O)OCCCCCCCC/C=C\CC(CCCCCC)OC(=O)C(CCCC)CCCCCC)CCN1CCCC1)OC(=O)C(CCCC)CCCCCC,JW_2024,JW_2024,0
-5.5651946,0.783078243,CCCCCCC(C/C=C\CCCCCCCCOC(=O)CCN(CCC(=O)OCCCCCCCC/C=C\CC(CCCCCC)OC(=O)C(CCCC)CCCCCC)CCN1CCCC1)OC(=O)C(CCCC)CCCCCC,JW_2024,JW_2024,1
-4.538992,-0.620122174,CCCCCCC(C/C=C\CCCCCCCCOC(=O)CCN(CCC(=O)OCCCCCCCC/C=C\CC(CCCCCC)OC(=O)C(CCCC)CCCCCC)CCN1CCCC1)OC(=O)C(CCCC)CCCCCC,JW_2024,JW_2024,0
-3.720042,1.430709205,CCCCCCC(C/C=C\CCCCCCCCOC(=O)CCN(CCC(=O)OCCCCCCCC/C=C\CC(CCCCCC)OC(=O)C(CCCC)CCCCCC)CCN1CCCC1)OC(=O)C(CCCC)CCCCCC,JW_2024,JW_2024,2
-4.3676214,0.270370399,CCCCCCC(C/C=C\CCCCCCCCOC(=O)CCN(CCC(=O)OCCCCCCCC/C=C\CC(CCCCCC)OC(=O)C(CCCC)CCCCCC)CCN1CCCC1)OC(=O)C(CCCC)CCCCCC,JW_2024,JW_2024,1
-5.1062436,1.835478556,CCCCCCC(C/C=C\CCCCCCCCOC(=O)CCN(CCC(=O)OCCCCCCCC/C=C\CC(CCCCCC)OC(=O)C(CCCC)CCCCCC)CCN1CCCC1)OC(=O)C(CCCC)CCCCCC,JW_2024,JW_2024,2
-4.116507,0.83704749,CCCCCCC(C/C=C\CCCCCCCCOC(=O)CCN(CCC(=O)OCCCCCCCC/C=C\CC(CCCCCC)OC(=O)C(CCCC)CCCCCC)CCN1CCCC1)OC(=O)C(CCCC)CCCCCC,JW_2024,JW_2024,1
-4.406355,-0.017465585,CCCCCCC(C/C=C\CCCCCCCCOC(=O)CCN(CCC(=O)OCCCCCCCC/C=C\CC(CCCCCC)OC(=O)C(CCCC)CCCCCC)CCN1CCCC1)OC(=O)C(CCCC)CCCCCC,JW_2024,JW_2024,0
-5.3206377,1.313775837,CCCCCCC(C/C=C\CCCCCCCCOC(=O)CCN(CCC(=O)OCCCCCCCC/C=C\CC(CCCCCC)OC(=O)C(CCCC)CCCCCC)CCN1CCCC1)OC(=O)C(CCCC)CCCCCC,JW_2024,JW_2024,1
-4.943953,0.720114122,CCCCCCC(C/C=C\CCCCCCCCOC(=O)CCN(CCC(=O)OCCCCCCCC/C=C\CC(CCCCCC)OC(=O)C(CCCC)CCCCCC)CCN1CCCC1)OC(=O)C(CCCC)CCCCCC,JW_2024,JW_2024,1
-5.2336535,0.25238065,CCCCCCC(C/C=C\CCCCCCCCOC(=O)CCN(CCC(=O)OCCCCCCCC/C=C\CC(CCCCCC)OC(=O)C(CCCC)CCCCCC)CCN1CCCC1)OC(=O)C(CCCC)CCCCCC,JW_2024,JW_2024,1
-4.655775,0.081478035,CCCCCCC(C/C=C\CCCCCCCCOC(=O)CCN(CCC(=O)OCCCCCCCC/C=C\CC(CCCCCC)OC(=O)C(CCCC)CCCCCC)CCN1CCCC1)OC(=O)C(CCCC)CCCCCC,JW_2024,JW_2024,1
-5.11116,0.953980858,CCCCCCC(C/C=C\CCCCCCCCOC(=O)CCN(CCC(=O)OCCCCCCCC/C=C\CC(CCCCCC)OC(=O)C(CCCC)CCCCCC)CCN1CCCC1)OC(=O)C(CCCC)CCCCCC,JW_2024,JW_2024,1
-5.370881,1.34076046,CCCCCCC(C/C=C\CCCCCCCCOC(=O)CCN(CCC(=O)OCCCCCCCC/C=C\CC(CCCCCC)OC(=O)C(CCCC)CCCCCC)CCN1CCCC1)OC(=O)C(CCCC)CCCCCC,JW_2024,JW_2024,2
-4.884414,1.808493933,CCCCCCC(C/C=C\CCCCCCCCOC(=O)CCN(CCC(=O)OCCCCCCCC/C=C\CC(CCCCCC)OC(=O)C(CCCC)CCCCCC)CCN1CCCC1)OC(=O)C(CCCC)CCCCCC,JW_2024,JW_2024,2
-5.4472384,1.034934728,CCCCCCC(C/C=C\CCCCCCCCOC(=O)CCN(CCC(=O)OCCCCCCCC/C=C\CC(CCCCCC)OC(=O)C(CCCC)CCCCCC)CCN1CCCC1)OC(=O)C(CCCC)CCCCCC,JW_2024,JW_2024,1
-4.7818494,1.17885272,CCCCCCC(C/C=C\CCCCCCCCOC(=O)CCN(CCC(=O)OCCCCCCCC/C=C\CC(CCCCCC)OC(=O)C(CCCC)CCCCCC)CCN1CCCC1)OC(=O)C(CCCC)CCCCCC,JW_2024,JW_2024,1
-4.9033914,1.034934728,CCCCCCC(C/C=C\CCCCCCCCOC(=O)CCN(CCC(=O)OCCCCCCCC/C=C\CC(CCCCCC)OC(=O)C(CCCC)CCCCCC)CCN1CCCC1)OC(=O)C(CCCC)CCCCCC,JW_2024,JW_2024,1
-5.6733503,1.673570816,CCCCCCC(C/C=C\CCCCCCCCOC(=O)CCN(CCC(=O)OCCCCCCCC/C=C\CC(CCCCCC)OC(=O)C(CCCC)CCCCCC)CCN1CCCC1)OC(=O)C(CCCC)CCCCCC,JW_2024,JW_2024,2
-4.4793844,0.171426779,CCCCCCC(C/C=C\CCCCCCCCOC(=O)CCN(CCC(=O)OCCCCCCCC/C=C\CC(CCCCCC)OC(=O)CCCC1CCCCC1)CCN1CCCC1)OC(=O)CCCC1CCCCC1,JW_2024,JW_2024,1
-3.8110552,0.891016737,CCCCCCC(C/C=C\CCCCCCCCOC(=O)CCN(CCC(=O)OCCCCCCCC/C=C\CC(CCCCCC)OC(=O)CCCC1CCCCC1)CCN1CCCC1)OC(=O)CCCC1CCCCC1,JW_2024,JW_2024,1
-5.48763,0.783078243,CCCCCCC(C/C=C\CCCCCCCCOC(=O)CCN(CCC(=O)OCCCCCCCC/C=C\CC(CCCCCC)OC(=O)CCCC1CCCCC1)CCN1CCCC1)OC(=O)CCCC1CCCCC1,JW_2024,JW_2024,1
-4.5462303,0.855037239,CCCCCCC(C/C=C\CCCCCCCCOC(=O)CCN(CCC(=O)OCCCCCCCC/C=C\CC(CCCCCC)OC(=O)CCCC1CCCCC1)CCN1CCCC1)OC(=O)CCCC1CCCCC1,JW_2024,JW_2024,1
-4.800782,0.468257637,CCCCCCC(C/C=C\CCCCCCCCOC(=O)CCN(CCC(=O)OCCCCCCCC/C=C\CC(CCCCCC)OC(=O)CCCC1CCCCC1)CCN1CCCC1)OC(=O)CCCC1CCCCC1,JW_2024,JW_2024,1
-4.7645106,-0.197363074,CCCCCCC(C/C=C\CCCCCCCCOC(=O)CCN(CCC(=O)OCCCCCCCC/C=C\CC(CCCCCC)OC(=O)CCCC1CCCCC1)CCN1CCCC1)OC(=O)CCCC1CCCCC1,JW_2024,JW_2024,0
-5.5212092,1.727540062,CCCCCCC(C/C=C\CCCCCCCCOC(=O)CCN(CCC(=O)OCCCCCCCC/C=C\CC(CCCCCC)OC(=O)CCCC1CCCCC1)CCN1CCCC1)OC(=O)CCCC1CCCCC1,JW_2024,JW_2024,2
-4.2753153,-0.053445082,CCCCCCC(C/C=C\CCCCCCCCOC(=O)CCN(CCC(=O)OCCCCCCCC/C=C\CC(CCCCCC)OC(=O)CCCC1CCCCC1)CCN1CCCC1)OC(=O)CCCC1CCCCC1,JW_2024,JW_2024,0
-4.419952,1.538647699,CCCCCCC(C/C=C\CCCCCCCCOC(=O)CCN(CCC(=O)OCCCCCCCC/C=C\CC(CCCCCC)OC(=O)CCCC1CCCCC1)CCN1CCCC1)OC(=O)CCCC1CCCCC1,JW_2024,JW_2024,2
-4.7076683,0.504237135,CCCCCCC(C/C=C\CCCCCCCCOC(=O)CCN(CCC(=O)OCCCCCCCC/C=C\CC(CCCCCC)OC(=O)CCCC1CCCCC1)CCN1CCCC1)OC(=O)CCCC1CCCCC1,JW_2024,JW_2024,1
-5.702276,1.961406799,CCCCCCC(C/C=C\CCCCCCCCOC(=O)CCN(CCC(=O)OCCCCCCCC/C=C\CC(CCCCCC)OC(=O)CCCC1CCCCC1)CCN1CCCC1)OC(=O)CCCC1CCCCC1,JW_2024,JW_2024,3
-3.9704423,0.180421654,CCCCCCC(C/C=C\CCCCCCCCOC(=O)CCN(CCC(=O)OCCCCCCCC/C=C\CC(CCCCCC)OC(=O)CCCC1CCCCC1)CCN1CCCC1)OC(=O)CCCC1CCCCC1,JW_2024,JW_2024,1
-4.137799,-0.134398953,CCCCCCC(C/C=C\CCCCCCCCOC(=O)CCN(CCC(=O)OCCCCCCCC/C=C\CC(CCCCCC)OC(=O)CCCC1CCCCC1)CCN1CCCC1)OC(=O)CCCC1CCCCC1,JW_2024,JW_2024,0
-5.778657,0.099467784,CCCCCCC(C/C=C\CCCCCCCCOC(=O)CCN(CCC(=O)OCCCCCCCC/C=C\CC(CCCCCC)OC(=O)CCCC1CCCCC1)CCN1CCCC1)OC(=O)CCCC1CCCCC1,JW_2024,JW_2024,1
-4.8418207,0.450267888,CCCCCCC(C/C=C\CCCCCCCCOC(=O)CCN(CCC(=O)OCCCCCCCC/C=C\CC(CCCCCC)OC(=O)CCCC1CCCCC1)CCN1CCCC1)OC(=O)CCCC1CCCCC1,JW_2024,JW_2024,1
-4.376738,-0.35027594,CCCCCCC(C/C=C\CCCCCCCCOC(=O)CCN(CCC(=O)OCCCCCCCC/C=C\CC(CCCCCC)OC(=O)CCCC1CCCCC1)CCN1CCCC1)OC(=O)CCCC1CCCCC1,JW_2024,JW_2024,0
-4.442148,0.036503662,CCCCCCC(C/C=C\CCCCCCCCOC(=O)CCN(CCC(=O)OCCCCCCCC/C=C\CC(CCCCCC)OC(=O)CCCC1CCCCC1)CCN1CCCC1)OC(=O)CCCC1CCCCC1,JW_2024,JW_2024,1
-4.7173977,0.75609362,CCCCCCC(C/C=C\CCCCCCCCOC(=O)CCN(CCC(=O)OCCCCCCCC/C=C\CC(CCCCCC)OC(=O)CCCC1CCCCC1)CCN1CCCC1)OC(=O)CCCC1CCCCC1,JW_2024,JW_2024,1
-5.7163124,1.070914226,CCCCCCC(C/C=C\CCCCCCCCOC(=O)CCN(CCC(=O)OCCCCCCCC/C=C\CC(CCCCCC)OC(=O)CCCC1CCCCC1)CCN1CCCC1)OC(=O)CCCC1CCCCC1,JW_2024,JW_2024,1
-5.4113193,1.799499058,CCCCCCC(C/C=C\CCCCCCCCOC(=O)CCN(CCC(=O)OCCCCCCCC/C=C\CC(CCCCCC)OC(=O)CCCC1CCCCC1)CCN1CCCC1)OC(=O)CCCC1CCCCC1,JW_2024,JW_2024,2
-5.3903713,0.639160252,CCCCCCC(C/C=C\CCCCCCCCOC(=O)CCN(CCC(=O)OCCCCCCCC/C=C\CC(CCCCCC)OC(=O)CCCC1CCCCC1)CCN1CCCC1)OC(=O)CCCC1CCCCC1,JW_2024,JW_2024,1
-4.617574,0.91800136,CCCCCCC(C/C=C\CCCCCCCCOC(=O)CCN(CCC(=O)OCCCCCCCC/C=C\CC(CCCCCC)OC(=O)CCCC1CCCCC1)CCN1CCCC1)OC(=O)CCCC1CCCCC1,JW_2024,JW_2024,1
-4.607649,0.513232009,CCCCCCC(C/C=C\CCCCCCCCOC(=O)CCN(CCC(=O)OCCCCCCCC/C=C\CC(CCCCCC)OC(=O)CCCC1CCCCC1)CCN1CCCC1)OC(=O)CCCC1CCCCC1,JW_2024,JW_2024,1
-5.5579886,1.250811716,CCCCCCC(C/C=C\CCCCCCCCOC(=O)CCN(CCC(=O)OCCCCCCCC/C=C\CC(CCCCCC)OC(=O)CCCC1CCCCC1)CCN1CCCC1)OC(=O)CCCC1CCCCC1,JW_2024,JW_2024,1
-4.646388,-1.060871023,CCCCCCCCC(CCCCCC)C(=O)OC(C/C=C\CCCCCCCCOC(=O)CCN(CCC(=O)OCCCCCCCC/C=C\CC(CCCCCC)OC(=O)C(CCCCCC)CCCCCCCC)CCN1CCOCC1)CCCCCC,JW_2024,JW_2024,0
-4.535748,-1.555589119,CCCCCCCCC(CCCCCC)C(=O)OC(C/C=C\CCCCCCCCOC(=O)CCN(CCC(=O)OCCCCCCCC/C=C\CC(CCCCCC)OC(=O)C(CCCCCC)CCCCCCCC)CCN1CCOCC1)CCCCCC,JW_2024,JW_2024,0
-4.6587806,-1.123835144,CCCCCCCCC(CCCCCC)C(=O)OC(C/C=C\CCCCCCCCOC(=O)CCN(CCC(=O)OCCCCCCCC/C=C\CC(CCCCCC)OC(=O)C(CCCCCC)CCCCCCCC)CCN1CCOCC1)CCCCCC,JW_2024,JW_2024,0
-4.7438364,-0.026460459,CCCCCCCCC(CCCCCC)C(=O)OC(C/C=C\CCCCCCCCOC(=O)CCN(CCC(=O)OCCCCCCCC/C=C\CC(CCCCCC)OC(=O)C(CCCCCC)CCCCCCCC)CCN1CCOCC1)CCCCCC,JW_2024,JW_2024,0
-4.950987,-0.719065793,CCCCCCCCC(CCCCCC)C(=O)OC(C/C=C\CCCCCCCCOC(=O)CCN(CCC(=O)OCCCCCCCC/C=C\CC(CCCCCC)OC(=O)C(CCCCCC)CCCCCCCC)CCN1CCOCC1)CCCCCC,JW_2024,JW_2024,0
-5.676598,-1.35770188,CCCCCCCCC(CCCCCC)C(=O)OC(C/C=C\CCCCCCCCOC(=O)CCN(CCC(=O)OCCCCCCCC/C=C\CC(CCCCCC)OC(=O)C(CCCCCC)CCCCCCCC)CCN1CCOCC1)CCCCCC,JW_2024,JW_2024,0
-6.125985,-0.062439957,CCCCCCCCC(CCCCCC)C(=O)OC(C/C=C\CCCCCCCCOC(=O)CCN(CCC(=O)OCCCCCCCC/C=C\CC(CCCCCC)OC(=O)C(CCCCCC)CCCCCCCC)CCN1CCOCC1)CCCCCC,JW_2024,JW_2024,0
-5.4299026,-2.778892047,CCCCCCCCC(CCCCCC)C(=O)OC(C/C=C\CCCCCCCCOC(=O)CCN(CCC(=O)OCCCCCCCC/C=C\CC(CCCCCC)OC(=O)C(CCCCCC)CCCCCCCC)CCN1CCOCC1)CCCCCC,JW_2024,JW_2024,0
-4.865235,-1.168809517,CCCCCCCCC(CCCCCC)C(=O)OC(C/C=C\CCCCCCCCOC(=O)CCN(CCC(=O)OCCCCCCCC/C=C\CC(CCCCCC)OC(=O)C(CCCCCC)CCCCCCCC)CCN1CCOCC1)CCCCCC,JW_2024,JW_2024,0
-5.112443,-0.458214434,CCCCCCCCC(CCCCCC)C(=O)OC(C/C=C\CCCCCCCCOC(=O)CCN(CCC(=O)OCCCCCCCC/C=C\CC(CCCCCC)OC(=O)C(CCCCCC)CCCCCCCC)CCN1CCOCC1)CCCCCC,JW_2024,JW_2024,0
-5.0248027,-0.85398891,CCCCCCCCC(CCCCCC)C(=O)OC(C/C=C\CCCCCCCCOC(=O)CCN(CCC(=O)OCCCCCCCC/C=C\CC(CCCCCC)OC(=O)C(CCCCCC)CCCCCCCC)CCN1CCOCC1)CCCCCC,JW_2024,JW_2024,0
-4.6255264,-1.996337968,CCCCCCCCC(CCCCCC)C(=O)OC(C/C=C\CCCCCCCCOC(=O)CCN(CCC(=O)OCCCCCCCC/C=C\CC(CCCCCC)OC(=O)C(CCCCCC)CCCCCCCC)CCN1CCOCC1)CCCCCC,JW_2024,JW_2024,0
-5.0658813,-1.27674801,CCCCCCCCC(CCCCCC)C(=O)OC(C/C=C\CCCCCCCCOC(=O)CCN(CCC(=O)OCCCCCCCC/C=C\CC(CCCCCC)OC(=O)C(CCCCCC)CCCCCCCC)CCN1CCOCC1)CCCCCC,JW_2024,JW_2024,0
-6.6344914,-0.197363074,CCCCCCCCC(CCCCCC)C(=O)OC(C/C=C\CCCCCCCCOC(=O)CCN(CCC(=O)OCCCCCCCC/C=C\CC(CCCCCC)OC(=O)C(CCCCCC)CCCCCCCC)CCN1CCOCC1)CCCCCC,JW_2024,JW_2024,0
-4.345955,-1.204789014,CCCCCCC(C/C=C\CCCCCCCCOC(=O)CCN(CCC(=O)OCCCCCCCC/C=C\CC(CCCCCC)OC(=O)C(CCCC)CCCCCC)CCN1CCOCC1)OC(=O)C(CCCC)CCCCCC,JW_2024,JW_2024,0
-4.2228703,-1.807445604,CCCCCCC(C/C=C\CCCCCCCCOC(=O)CCN(CCC(=O)OCCCCCCCC/C=C\CC(CCCCCC)OC(=O)C(CCCC)CCCCCC)CCN1CCOCC1)OC(=O)C(CCCC)CCCCCC,JW_2024,JW_2024,0
-6.8193994,-0.116409204,CCCCCCC(C/C=C\CCCCCCCCOC(=O)CCN(CCC(=O)OCCCCCCCC/C=C\CC(CCCCCC)OC(=O)C(CCCC)CCCCCC)CCN1CCOCC1)OC(=O)C(CCCC)CCCCCC,JW_2024,JW_2024,0
-4.5534205,-0.647106797,CCCCCCC(C/C=C\CCCCCCCCOC(=O)CCN(CCC(=O)OCCCCCCCC/C=C\CC(CCCCCC)OC(=O)C(CCCC)CCCCCC)CCN1CCOCC1)OC(=O)C(CCCC)CCCCCC,JW_2024,JW_2024,0
-4.7962,-0.997906902,CCCCCCC(C/C=C\CCCCCCCCOC(=O)CCN(CCC(=O)OCCCCCCCC/C=C\CC(CCCCCC)OC(=O)C(CCCC)CCCCCC)CCN1CCOCC1)OC(=O)C(CCCC)CCCCCC,JW_2024,JW_2024,0
-5.48082,-0.952932529,CCCCCCC(C/C=C\CCCCCCCCOC(=O)CCN(CCC(=O)OCCCCCCCC/C=C\CC(CCCCCC)OC(=O)C(CCCC)CCCCCC)CCN1CCOCC1)OC(=O)C(CCCC)CCCCCC,JW_2024,JW_2024,0
-5.779441,0.792073118,CCCCCCC(C/C=C\CCCCCCCCOC(=O)CCN(CCC(=O)OCCCCCCCC/C=C\CC(CCCCCC)OC(=O)C(CCCC)CCCCCC)CCN1CCOCC1)OC(=O)C(CCCC)CCCCCC,JW_2024,JW_2024,1
-5.329526,-2.841856168,CCCCCCC(C/C=C\CCCCCCCCOC(=O)CCN(CCC(=O)OCCCCCCCC/C=C\CC(CCCCCC)OC(=O)C(CCCC)CCCCCC)CCN1CCOCC1)OC(=O)C(CCCC)CCCCCC,JW_2024,JW_2024,0
-4.548209,-1.078860772,CCCCCCC(C/C=C\CCCCCCCCOC(=O)CCN(CCC(=O)OCCCCCCCC/C=C\CC(CCCCCC)OC(=O)C(CCCC)CCCCCC)CCN1CCOCC1)OC(=O)C(CCCC)CCCCCC,JW_2024,JW_2024,0
-4.935225,-0.871978659,CCCCCCC(C/C=C\CCCCCCCCOC(=O)CCN(CCC(=O)OCCCCCCCC/C=C\CC(CCCCCC)OC(=O)C(CCCC)CCCCCC)CCN1CCOCC1)OC(=O)C(CCCC)CCCCCC,JW_2024,JW_2024,0
-6.5947533,-0.701076044,CCCCCCC(C/C=C\CCCCCCCCOC(=O)CCN(CCC(=O)OCCCCCCCC/C=C\CC(CCCCCC)OC(=O)C(CCCC)CCCCCC)CCN1CCOCC1)OC(=O)C(CCCC)CCCCCC,JW_2024,JW_2024,0
-4.641421,-1.492624997,CCCCCCC(C/C=C\CCCCCCCCOC(=O)CCN(CCC(=O)OCCCCCCCC/C=C\CC(CCCCCC)OC(=O)C(CCCC)CCCCCC)CCN1CCOCC1)OC(=O)C(CCCC)CCCCCC,JW_2024,JW_2024,0
-4.9228935,-1.069865897,CCCCCCC(C/C=C\CCCCCCCCOC(=O)CCN(CCC(=O)OCCCCCCCC/C=C\CC(CCCCCC)OC(=O)C(CCCC)CCCCCC)CCN1CCOCC1)OC(=O)C(CCCC)CCCCCC,JW_2024,JW_2024,0
-6.5735965,0.090472909,CCCCCCC(C/C=C\CCCCCCCCOC(=O)CCN(CCC(=O)OCCCCCCCC/C=C\CC(CCCCCC)OC(=O)C(CCCC)CCCCCC)CCN1CCOCC1)OC(=O)C(CCCC)CCCCCC,JW_2024,JW_2024,1
-4.5724196,-1.258758261,CCCCCCC(C/C=C\CCCCCCCCOC(=O)CCN(CCC(=O)OCCCCCCCC/C=C\CC(CCCCCC)OC(=O)CCCC1CCCCC1)CCN1CCOCC1)OC(=O)CCCC1CCCCC1,JW_2024,JW_2024,0
-3.999624,-0.77303504,CCCCCCC(C/C=C\CCCCCCCCOC(=O)CCN(CCC(=O)OCCCCCCCC/C=C\CC(CCCCCC)OC(=O)CCCC1CCCCC1)CCN1CCOCC1)OC(=O)CCCC1CCCCC1,JW_2024,JW_2024,0
-5.94415,-0.440224685,CCCCCCC(C/C=C\CCCCCCCCOC(=O)CCN(CCC(=O)OCCCCCCCC/C=C\CC(CCCCCC)OC(=O)CCCC1CCCCC1)CCN1CCOCC1)OC(=O)CCCC1CCCCC1,JW_2024,JW_2024,0
-4.4773564,-0.305301568,CCCCCCC(C/C=C\CCCCCCCCOC(=O)CCN(CCC(=O)OCCCCCCCC/C=C\CC(CCCCCC)OC(=O)CCCC1CCCCC1)CCN1CCOCC1)OC(=O)CCCC1CCCCC1,JW_2024,JW_2024,0
-4.7229857,-1.519609621,CCCCCCC(C/C=C\CCCCCCCCOC(=O)CCN(CCC(=O)OCCCCCCCC/C=C\CC(CCCCCC)OC(=O)CCCC1CCCCC1)CCN1CCOCC1)OC(=O)CCCC1CCCCC1,JW_2024,JW_2024,0
-5.4845157,-1.501619872,CCCCCCC(C/C=C\CCCCCCCCOC(=O)CCN(CCC(=O)OCCCCCCCC/C=C\CC(CCCCCC)OC(=O)CCCC1CCCCC1)CCN1CCOCC1)OC(=O)CCCC1CCCCC1,JW_2024,JW_2024,0
-6.0067515,-0.098419455,CCCCCCC(C/C=C\CCCCCCCCOC(=O)CCN(CCC(=O)OCCCCCCCC/C=C\CC(CCCCCC)OC(=O)CCCC1CCCCC1)CCN1CCOCC1)OC(=O)CCCC1CCCCC1,JW_2024,JW_2024,0
-4.4801083,-1.735486608,CCCCCCC(C/C=C\CCCCCCCCOC(=O)CCN(CCC(=O)OCCCCCCCC/C=C\CC(CCCCCC)OC(=O)CCCC1CCCCC1)CCN1CCOCC1)OC(=O)CCCC1CCCCC1,JW_2024,JW_2024,0
-4.1483445,-0.584142676,CCCCCCC(C/C=C\CCCCCCCCOC(=O)CCN(CCC(=O)OCCCCCCCC/C=C\CC(CCCCCC)OC(=O)CCCC1CCCCC1)CCN1CCOCC1)OC(=O)CCCC1CCCCC1,JW_2024,JW_2024,0
-4.6019387,-0.809014538,CCCCCCC(C/C=C\CCCCCCCCOC(=O)CCN(CCC(=O)OCCCCCCCC/C=C\CC(CCCCCC)OC(=O)CCCC1CCCCC1)CCN1CCOCC1)OC(=O)CCCC1CCCCC1,JW_2024,JW_2024,0
-6.439199,-0.260327195,CCCCCCC(C/C=C\CCCCCCCCOC(=O)CCN(CCC(=O)OCCCCCCCC/C=C\CC(CCCCCC)OC(=O)CCCC1CCCCC1)CCN1CCOCC1)OC(=O)CCCC1CCCCC1,JW_2024,JW_2024,0
-4.091416,-1.186799266,CCCCCCC(C/C=C\CCCCCCCCOC(=O)CCN(CCC(=O)OCCCCCCCC/C=C\CC(CCCCCC)OC(=O)CCCC1CCCCC1)CCN1CCOCC1)OC(=O)CCCC1CCCCC1,JW_2024,JW_2024,0
-4.301634,-1.213783889,CCCCCCC(C/C=C\CCCCCCCCOC(=O)CCN(CCC(=O)OCCCCCCCC/C=C\CC(CCCCCC)OC(=O)CCCC1CCCCC1)CCN1CCOCC1)OC(=O)CCCC1CCCCC1,JW_2024,JW_2024,0
-6.3320136,0.162431905,CCCCCCC(C/C=C\CCCCCCCCOC(=O)CCN(CCC(=O)OCCCCCCCC/C=C\CC(CCCCCC)OC(=O)CCCC1CCCCC1)CCN1CCOCC1)OC(=O)CCCC1CCCCC1,JW_2024,JW_2024,1
-3.5270367,-0.952932529,CCCCCC/C=C\CCC(=O)OC(C/C=C\CCCCCCCCOC(=O)CCN(CCC(=O)OCCCCCCCC/C=C\CC(CCCCCC)OC(=O)CC/C=C\CCCCCC)CCN1CCOCC1)CCCCCC,JW_2024,JW_2024,0
-3.9005826,-0.925947906,CCCCCC/C=C\CCC(=O)OC(C/C=C\CCCCCCCCOC(=O)CCN(CCC(=O)OCCCCCCCC/C=C\CC(CCCCCC)OC(=O)CC/C=C\CCCCCC)CCN1CCOCC1)CCCCCC,JW_2024,JW_2024,0
-5.8768816,-0.413240061,CCCCCC/C=C\CCC(=O)OC(C/C=C\CCCCCCCCOC(=O)CCN(CCC(=O)OCCCCCCCC/C=C\CC(CCCCCC)OC(=O)CC/C=C\CCCCCC)CCN1CCOCC1)CCCCCC,JW_2024,JW_2024,0
-3.5038533,-0.952932529,CCCCCC/C=C\CCC(=O)OC(C/C=C\CCCCCCCCOC(=O)CCN(CCC(=O)OCCCCCCCC/C=C\CC(CCCCCC)OC(=O)CC/C=C\CCCCCC)CCN1CCOCC1)CCCCCC,JW_2024,JW_2024,0
-3.6587827,-1.402676253,CCCCCC/C=C\CCC(=O)OC(C/C=C\CCCCCCCCOC(=O)CCN(CCC(=O)OCCCCCCCC/C=C\CC(CCCCCC)OC(=O)CC/C=C\CCCCCC)CCN1CCOCC1)CCCCCC,JW_2024,JW_2024,0
-4.9500217,-0.889968408,CCCCCC/C=C\CCC(=O)OC(C/C=C\CCCCCCCCOC(=O)CCN(CCC(=O)OCCCCCCCC/C=C\CC(CCCCCC)OC(=O)CC/C=C\CCCCCC)CCN1CCOCC1)CCCCCC,JW_2024,JW_2024,0
-4.2769594,0.279365273,CCCCCC/C=C\CCC(=O)OC(C/C=C\CCCCCCCCOC(=O)CCN(CCC(=O)OCCCCCCCC/C=C\CC(CCCCCC)OC(=O)CC/C=C\CCCCCC)CCN1CCOCC1)CCCCCC,JW_2024,JW_2024,1
-4.79187,-2.284173951,CCCCCC/C=C\CCC(=O)OC(C/C=C\CCCCCCCCOC(=O)CCN(CCC(=O)OCCCCCCCC/C=C\CC(CCCCCC)OC(=O)CC/C=C\CCCCCC)CCN1CCOCC1)CCCCCC,JW_2024,JW_2024,0
-4.1087556,-0.566152927,CCCCCC/C=C\CCC(=O)OC(C/C=C\CCCCCCCCOC(=O)CCN(CCC(=O)OCCCCCCCC/C=C\CC(CCCCCC)OC(=O)CC/C=C\CCCCCC)CCN1CCOCC1)CCCCCC,JW_2024,JW_2024,0
-4.403574,-0.997906902,CCCCCC/C=C\CCC(=O)OC(C/C=C\CCCCCCCCOC(=O)CCN(CCC(=O)OCCCCCCCC/C=C\CC(CCCCCC)OC(=O)CC/C=C\CCCCCC)CCN1CCOCC1)CCCCCC,JW_2024,JW_2024,0
-5.7107344,0.018513913,CCCCCC/C=C\CCC(=O)OC(C/C=C\CCCCCCCCOC(=O)CCN(CCC(=O)OCCCCCCCC/C=C\CC(CCCCCC)OC(=O)CC/C=C\CCCCCC)CCN1CCOCC1)CCCCCC,JW_2024,JW_2024,0
-4.1359725,-1.447650625,CCCCCC/C=C\CCC(=O)OC(C/C=C\CCCCCCCCOC(=O)CCN(CCC(=O)OCCCCCCCC/C=C\CC(CCCCCC)OC(=O)CC/C=C\CCCCCC)CCN1CCOCC1)CCCCCC,JW_2024,JW_2024,0
-4.42981,-1.420666002,CCCCCC/C=C\CCC(=O)OC(C/C=C\CCCCCCCCOC(=O)CCN(CCC(=O)OCCCCCCCC/C=C\CC(CCCCCC)OC(=O)CC/C=C\CCCCCC)CCN1CCOCC1)CCCCCC,JW_2024,JW_2024,0
-5.706234,-0.539168304,CCCCCC/C=C\CCC(=O)OC(C/C=C\CCCCCCCCOC(=O)CCN(CCC(=O)OCCCCCCCC/C=C\CC(CCCCCC)OC(=O)CC/C=C\CCCCCC)CCN1CCOCC1)CCCCCC,JW_2024,JW_2024,0
-3.963621,-1.213783889,CCCCCCCCCCCC(=O)OC(C/C=C\CCCCCCCCOC(=O)CCN(CCC(=O)OCCCCCCCC/C=C\CC(CCCCCC)OC(=O)CCCCCCCCCCC)CCN1CCOCC1)CCCCCC,JW_2024,JW_2024,0
-3.5151694,-1.474635249,CCCCCCCCCCCC(=O)OC(C/C=C\CCCCCCCCOC(=O)CCN(CCC(=O)OCCCCCCCC/C=C\CC(CCCCCC)OC(=O)CCCCCCCCCCC)CCN1CCOCC1)CCCCCC,JW_2024,JW_2024,0
-5.9629683,-0.656101672,CCCCCCCCCCCC(=O)OC(C/C=C\CCCCCCCCOC(=O)CCN(CCC(=O)OCCCCCCCC/C=C\CC(CCCCCC)OC(=O)CCCCCCCCCCC)CCN1CCOCC1)CCCCCC,JW_2024,JW_2024,0
-4.1669183,-0.521178555,CCCCCCCCCCCC(=O)OC(C/C=C\CCCCCCCCOC(=O)CCN(CCC(=O)OCCCCCCCC/C=C\CC(CCCCCC)OC(=O)CCCCCCCCCCC)CCN1CCOCC1)CCCCCC,JW_2024,JW_2024,0
-4.3565044,-1.528604495,CCCCCCCCCCCC(=O)OC(C/C=C\CCCCCCCCOC(=O)CCN(CCC(=O)OCCCCCCCC/C=C\CC(CCCCCC)OC(=O)CCCCCCCCCCC)CCN1CCOCC1)CCCCCC,JW_2024,JW_2024,0
-4.789316,-1.150819768,CCCCCCCCCCCC(=O)OC(C/C=C\CCCCCCCCOC(=O)CCN(CCC(=O)OCCCCCCCC/C=C\CC(CCCCCC)OC(=O)CCCCCCCCCCC)CCN1CCOCC1)CCCCCC,JW_2024,JW_2024,0
-5.454269,0.423283264,CCCCCCCCCCCC(=O)OC(C/C=C\CCCCCCCCOC(=O)CCN(CCC(=O)OCCCCCCCC/C=C\CC(CCCCCC)OC(=O)CCCCCCCCCCC)CCN1CCOCC1)CCCCCC,JW_2024,JW_2024,1
-4.4397163,-3.156676774,CCCCCCCCCCCC(=O)OC(C/C=C\CCCCCCCCOC(=O)CCN(CCC(=O)OCCCCCCCC/C=C\CC(CCCCCC)OC(=O)CCCCCCCCCCC)CCN1CCOCC1)CCCCCC,JW_2024,JW_2024,0
-4.0015798,-0.764040165,CCCCCCCCCCCC(=O)OC(C/C=C\CCCCCCCCOC(=O)CCN(CCC(=O)OCCCCCCCC/C=C\CC(CCCCCC)OC(=O)CCCCCCCCCCC)CCN1CCOCC1)CCCCCC,JW_2024,JW_2024,0
-4.2423415,-0.665096546,CCCCCCCCCCCC(=O)OC(C/C=C\CCCCCCCCOC(=O)CCN(CCC(=O)OCCCCCCCC/C=C\CC(CCCCCC)OC(=O)CCCCCCCCCCC)CCN1CCOCC1)CCCCCC,JW_2024,JW_2024,0
-5.7611423,-0.521178555,CCCCCCCCCCCC(=O)OC(C/C=C\CCCCCCCCOC(=O)CCN(CCC(=O)OCCCCCCCC/C=C\CC(CCCCCC)OC(=O)CCCCCCCCCCC)CCN1CCOCC1)CCCCCC,JW_2024,JW_2024,0
-3.8303726,-1.447650625,CCCCCCCCCCCC(=O)OC(C/C=C\CCCCCCCCOC(=O)CCN(CCC(=O)OCCCCCCCC/C=C\CC(CCCCCC)OC(=O)CCCCCCCCCCC)CCN1CCOCC1)CCCCCC,JW_2024,JW_2024,0
-4.1156116,-1.447650625,CCCCCCCCCCCC(=O)OC(C/C=C\CCCCCCCCOC(=O)CCN(CCC(=O)OCCCCCCCC/C=C\CC(CCCCCC)OC(=O)CCCCCCCCCCC)CCN1CCOCC1)CCCCCC,JW_2024,JW_2024,0
-5.6107297,-0.35027594,CCCCCCCCCCCC(=O)OC(C/C=C\CCCCCCCCOC(=O)CCN(CCC(=O)OCCCCCCCC/C=C\CC(CCCCCC)OC(=O)CCCCCCCCCCC)CCN1CCOCC1)CCCCCC,JW_2024,JW_2024,0
-3.8759732,-1.006901776,CCCCCCCCCCCCCCCCCC(=O)OC(C/C=C\CCCCCCCCOC(=O)CCN(CCC(=O)OCCCCCCCC/C=C\CC(CCCCCC)OC(=O)CCCCCCCCCCCCCCCCC)CCN1CCOCC1)CCCCCC,JW_2024,JW_2024,0
-3.2144954,-1.006901776,CCCCCCCCCCCCCCCCCC(=O)OC(C/C=C\CCCCCCCCOC(=O)CCN(CCC(=O)OCCCCCCCC/C=C\CC(CCCCCC)OC(=O)CCCCCCCCCCCCCCCCC)CCN1CCOCC1)CCCCCC,JW_2024,JW_2024,0
-3.3504496,-0.098419455,CCCCCCCCCCCCCCCCCC(=O)OC(C/C=C\CCCCCCCCOC(=O)CCN(CCC(=O)OCCCCCCCC/C=C\CC(CCCCCC)OC(=O)CCCCCCCCCCCCCCCCC)CCN1CCOCC1)CCCCCC,JW_2024,JW_2024,0
-3.8759732,0.07248316,CCCCCCCCCCCCCCCCCC(=O)OC(C/C=C\CCCCCCCCOC(=O)CCN(CCC(=O)OCCCCCCCC/C=C\CC(CCCCCC)OC(=O)CCCCCCCCCCCCCCCCC)CCN1CCOCC1)CCCCCC,JW_2024,JW_2024,1
-4.0804152,-1.11484027,CCCCCCCCCCCCCCCCCC(=O)OC(C/C=C\CCCCCCCCOC(=O)CCN(CCC(=O)OCCCCCCCC/C=C\CC(CCCCCC)OC(=O)CCCCCCCCCCCCCCCCC)CCN1CCOCC1)CCCCCC,JW_2024,JW_2024,0
-3.83742,-0.970922278,CCCCCCCCCCCCCCCCCC(=O)OC(C/C=C\CCCCCCCCOC(=O)CCN(CCC(=O)OCCCCCCCC/C=C\CC(CCCCCC)OC(=O)CCCCCCCCCCCCCCCCC)CCN1CCOCC1)CCCCCC,JW_2024,JW_2024,0
-5.5001097,-0.665096546,CCCCCCCCCCCCCCCCCC(=O)OC(C/C=C\CCCCCCCCOC(=O)CCN(CCC(=O)OCCCCCCCC/C=C\CC(CCCCCC)OC(=O)CCCCCCCCCCCCCCCCC)CCN1CCOCC1)CCCCCC,JW_2024,JW_2024,0
-4.151386,-2.311158574,CCCCCCCCCCCCCCCCCC(=O)OC(C/C=C\CCCCCCCCOC(=O)CCN(CCC(=O)OCCCCCCCC/C=C\CC(CCCCCC)OC(=O)CCCCCCCCCCCCCCCCC)CCN1CCOCC1)CCCCCC,JW_2024,JW_2024,0
-3.562199,-0.764040165,CCCCCCCCCCCCCCCCCC(=O)OC(C/C=C\CCCCCCCCOC(=O)CCN(CCC(=O)OCCCCCCCC/C=C\CC(CCCCCC)OC(=O)CCCCCCCCCCCCCCCCC)CCN1CCOCC1)CCCCCC,JW_2024,JW_2024,0
-3.8820858,-0.638111923,CCCCCCCCCCCCCCCCCC(=O)OC(C/C=C\CCCCCCCCOC(=O)CCN(CCC(=O)OCCCCCCCC/C=C\CC(CCCCCC)OC(=O)CCCCCCCCCCCCCCCCC)CCN1CCOCC1)CCCCCC,JW_2024,JW_2024,0
-3.895092,-0.395250312,CCCCCCCCCCCCCCCCCC(=O)OC(C/C=C\CCCCCCCCOC(=O)CCN(CCC(=O)OCCCCCCCC/C=C\CC(CCCCCC)OC(=O)CCCCCCCCCCCCCCCCC)CCN1CCOCC1)CCCCCC,JW_2024,JW_2024,0
-3.4993885,-1.447650625,CCCCCCCCCCCCCCCCCC(=O)OC(C/C=C\CCCCCCCCOC(=O)CCN(CCC(=O)OCCCCCCCC/C=C\CC(CCCCCC)OC(=O)CCCCCCCCCCCCCCCCC)CCN1CCOCC1)CCCCCC,JW_2024,JW_2024,0
-3.6766639,-1.141824893,CCCCCCCCCCCCCCCCCC(=O)OC(C/C=C\CCCCCCCCOC(=O)CCN(CCC(=O)OCCCCCCCC/C=C\CC(CCCCCC)OC(=O)CCCCCCCCCCCCCCCCC)CCN1CCOCC1)CCCCCC,JW_2024,JW_2024,0
-5.4934616,0.189416528,CCCCCCCCCCCCCCCCCC(=O)OC(C/C=C\CCCCCCCCOC(=O)CCN(CCC(=O)OCCCCCCCC/C=C\CC(CCCCCC)OC(=O)CCCCCCCCCCCCCCCCC)CCN1CCOCC1)CCCCCC,JW_2024,JW_2024,1
-4.7716413,-0.062439957,CCCCCC/C=C\CCC(=O)OC(C/C=C\CCCCCCCCOC(=O)CCN(CCC(=O)OCCCCCCCC/C=C\CC(CCCCCC)OC(=O)CC/C=C\CCCCCC)CCN1CCCC1)CCCCCC,JW_2024,JW_2024,0
-3.537315,1.025939854,CCCCCC/C=C\CCC(=O)OC(C/C=C\CCCCCCCCOC(=O)CCN(CCC(=O)OCCCCCCCC/C=C\CC(CCCCCC)OC(=O)CC/C=C\CCCCCC)CCN1CCCC1)CCCCCC,JW_2024,JW_2024,1
-4.6127815,0.774083369,CCCCCC/C=C\CCC(=O)OC(C/C=C\CCCCCCCCOC(=O)CCN(CCC(=O)OCCCCCCCC/C=C\CC(CCCCCC)OC(=O)CC/C=C\CCCCCC)CCN1CCCC1)CCCCCC,JW_2024,JW_2024,1
-4.7986145,0.25238065,CCCCCC/C=C\CCC(=O)OC(C/C=C\CCCCCCCCOC(=O)CCN(CCC(=O)OCCCCCCCC/C=C\CC(CCCCCC)OC(=O)CC/C=C\CCCCCC)CCN1CCCC1)CCCCCC,JW_2024,JW_2024,1
-4.5783277,-0.233342572,CCCCCC/C=C\CCC(=O)OC(C/C=C\CCCCCCCCOC(=O)CCN(CCC(=O)OCCCCCCCC/C=C\CC(CCCCCC)OC(=O)CC/C=C\CCCCCC)CCN1CCCC1)CCCCCC,JW_2024,JW_2024,0
-3.6548228,-0.916953031,CCCCCC/C=C\CCC(=O)OC(C/C=C\CCCCCCCCOC(=O)CCN(CCC(=O)OCCCCCCCC/C=C\CC(CCCCCC)OC(=O)CC/C=C\CCCCCC)CCN1CCCC1)CCCCCC,JW_2024,JW_2024,0
-4.769916,0.360319143,CCCCCC/C=C\CCC(=O)OC(C/C=C\CCCCCCCCOC(=O)CCN(CCC(=O)OCCCCCCCC/C=C\CC(CCCCCC)OC(=O)CC/C=C\CCCCCC)CCN1CCCC1)CCCCCC,JW_2024,JW_2024,1
-3.5786107,-0.26932207,CCCCCC/C=C\CCC(=O)OC(C/C=C\CCCCCCCCOC(=O)CCN(CCC(=O)OCCCCCCCC/C=C\CC(CCCCCC)OC(=O)CC/C=C\CCCCCC)CCN1CCCC1)CCCCCC,JW_2024,JW_2024,0
-3.7774618,1.421714331,CCCCCC/C=C\CCC(=O)OC(C/C=C\CCCCCCCCOC(=O)CCN(CCC(=O)OCCCCCCCC/C=C\CC(CCCCCC)OC(=O)CC/C=C\CCCCCC)CCN1CCCC1)CCCCCC,JW_2024,JW_2024,2
-3.810465,0.090472909,CCCCCC/C=C\CCC(=O)OC(C/C=C\CCCCCCCCOC(=O)CCN(CCC(=O)OCCCCCCCC/C=C\CC(CCCCCC)OC(=O)CC/C=C\CCCCCC)CCN1CCCC1)CCCCCC,JW_2024,JW_2024,1
-4.6301193,1.34076046,CCCCCC/C=C\CCC(=O)OC(C/C=C\CCCCCCCCOC(=O)CCN(CCC(=O)OCCCCCCCC/C=C\CC(CCCCCC)OC(=O)CC/C=C\CCCCCC)CCN1CCCC1)CCCCCC,JW_2024,JW_2024,2
-3.3089461,0.234390901,CCCCCC/C=C\CCC(=O)OC(C/C=C\CCCCCCCCOC(=O)CCN(CCC(=O)OCCCCCCCC/C=C\CC(CCCCCC)OC(=O)CC/C=C\CCCCCC)CCN1CCCC1)CCCCCC,JW_2024,JW_2024,1
-3.3724346,-0.476204182,CCCCCC/C=C\CCC(=O)OC(C/C=C\CCCCCCCCOC(=O)CCN(CCC(=O)OCCCCCCCC/C=C\CC(CCCCCC)OC(=O)CC/C=C\CCCCCC)CCN1CCCC1)CCCCCC,JW_2024,JW_2024,0
-4.5391073,1.106893724,CCCCCC/C=C\CCC(=O)OC(C/C=C\CCCCCCCCOC(=O)CCN(CCC(=O)OCCCCCCCC/C=C\CC(CCCCCC)OC(=O)CC/C=C\CCCCCC)CCN1CCCC1)CCCCCC,JW_2024,JW_2024,1
-4.8145666,0.171426779,CCCCCC/C=C\CCC(=O)OC(C/C=C\CCCCCCCCOC(=O)CCN(CCC(=O)OCCCCCCCC/C=C\CC(CCCCCC)OC(=O)CC/C=C\CCCCCC)CCN1CCCC1)CCCCCC,JW_2024,JW_2024,1
-4.7313204,-0.647106797,CCCCCC/C=C\CCC(=O)OC(C/C=C\CCCCCCCCOC(=O)CCN(CCC(=O)OCCCCCCCC/C=C\CC(CCCCCC)OC(=O)CC/C=C\CCCCCC)CCN1CCCC1)CCCCCC,JW_2024,JW_2024,0
-3.6105983,-0.377260563,CCCCCC/C=C\CCC(=O)OC(C/C=C\CCCCCCCCOC(=O)CCN(CCC(=O)OCCCCCCCC/C=C\CC(CCCCCC)OC(=O)CC/C=C\CCCCCC)CCN1CCCC1)CCCCCC,JW_2024,JW_2024,0
-4.4171095,0.171426779,CCCCCC/C=C\CCC(=O)OC(C/C=C\CCCCCCCCOC(=O)CCN(CCC(=O)OCCCCCCCC/C=C\CC(CCCCCC)OC(=O)CC/C=C\CCCCCC)CCN1CCCC1)CCCCCC,JW_2024,JW_2024,1
-5.091419,0.792073118,CCCCCC/C=C\CCC(=O)OC(C/C=C\CCCCCCCCOC(=O)CCN(CCC(=O)OCCCCCCCC/C=C\CC(CCCCCC)OC(=O)CC/C=C\CCCCCC)CCN1CCCC1)CCCCCC,JW_2024,JW_2024,1
-4.365736,1.583622071,CCCCCC/C=C\CCC(=O)OC(C/C=C\CCCCCCCCOC(=O)CCN(CCC(=O)OCCCCCCCC/C=C\CC(CCCCCC)OC(=O)CC/C=C\CCCCCC)CCN1CCCC1)CCCCCC,JW_2024,JW_2024,2
-4.882004,0.306349896,CCCCCC/C=C\CCC(=O)OC(C/C=C\CCCCCCCCOC(=O)CCN(CCC(=O)OCCCCCCCC/C=C\CC(CCCCCC)OC(=O)CC/C=C\CCCCCC)CCN1CCCC1)CCCCCC,JW_2024,JW_2024,1
-4.5246463,0.810062867,CCCCCC/C=C\CCC(=O)OC(C/C=C\CCCCCCCCOC(=O)CCN(CCC(=O)OCCCCCCCC/C=C\CC(CCCCCC)OC(=O)CC/C=C\CCCCCC)CCN1CCCC1)CCCCCC,JW_2024,JW_2024,1
-5.054752,0.612175628,CCCCCC/C=C\CCC(=O)OC(C/C=C\CCCCCCCCOC(=O)CCN(CCC(=O)OCCCCCCCC/C=C\CC(CCCCCC)OC(=O)CC/C=C\CCCCCC)CCN1CCCC1)CCCCCC,JW_2024,JW_2024,1
-5.124102,1.160862971,CCCCCC/C=C\CCC(=O)OC(C/C=C\CCCCCCCCOC(=O)CCN(CCC(=O)OCCCCCCCC/C=C\CC(CCCCCC)OC(=O)CC/C=C\CCCCCC)CCN1CCCC1)CCCCCC,JW_2024,JW_2024,1
-4.3064275,0.57619613,CCCCCCCCCCCC(=O)OC(C/C=C\CCCCCCCCOC(=O)CCN(CCC(=O)OCCCCCCCC/C=C\CC(CCCCCC)OC(=O)CCCCCCCCCCC)CCN1CCCC1)CCCCCC,JW_2024,JW_2024,1
-2.874822,0.91800136,CCCCCCCCCCCC(=O)OC(C/C=C\CCCCCCCCOC(=O)CCN(CCC(=O)OCCCCCCCC/C=C\CC(CCCCCC)OC(=O)CCCCCCCCCCC)CCN1CCCC1)CCCCCC,JW_2024,JW_2024,1
-4.3743134,1.583622071,CCCCCCCCCCCC(=O)OC(C/C=C\CCCCCCCCOC(=O)CCN(CCC(=O)OCCCCCCCC/C=C\CC(CCCCCC)OC(=O)CCCCCCCCCCC)CCN1CCCC1)CCCCCC,JW_2024,JW_2024,2
-4.293021,-0.044450208,CCCCCCCCCCCC(=O)OC(C/C=C\CCCCCCCCOC(=O)CCN(CCC(=O)OCCCCCCCC/C=C\CC(CCCCCC)OC(=O)CCCCCCCCCCC)CCN1CCCC1)CCCCCC,JW_2024,JW_2024,0
-5.1186094,0.288360147,CCCCCCCCCCCC(=O)OC(C/C=C\CCCCCCCCOC(=O)CCN(CCC(=O)OCCCCCCCC/C=C\CC(CCCCCC)OC(=O)CCCCCCCCCCC)CCN1CCCC1)CCCCCC,JW_2024,JW_2024,1
-3.6055636,-0.080429706,CCCCCCCCCCCC(=O)OC(C/C=C\CCCCCCCCOC(=O)CCN(CCC(=O)OCCCCCCCC/C=C\CC(CCCCCC)OC(=O)CCCCCCCCCCC)CCN1CCCC1)CCCCCC,JW_2024,JW_2024,0
-4.972544,1.088903975,CCCCCCCCCCCC(=O)OC(C/C=C\CCCCCCCCOC(=O)CCN(CCC(=O)OCCCCCCCC/C=C\CC(CCCCCC)OC(=O)CCCCCCCCCCC)CCN1CCCC1)CCCCCC,JW_2024,JW_2024,1
-4.157986,-0.782029914,CCCCCCCCCCCC(=O)OC(C/C=C\CCCCCCCCOC(=O)CCN(CCC(=O)OCCCCCCCC/C=C\CC(CCCCCC)OC(=O)CCCCCCCCCCC)CCN1CCCC1)CCCCCC,JW_2024,JW_2024,0
-3.590679,1.430709205,CCCCCCCCCCCC(=O)OC(C/C=C\CCCCCCCCOC(=O)CCN(CCC(=O)OCCCCCCCC/C=C\CC(CCCCCC)OC(=O)CCCCCCCCCCC)CCN1CCCC1)CCCCCC,JW_2024,JW_2024,2
-3.908019,1.016944979,CCCCCCCCCCCC(=O)OC(C/C=C\CCCCCCCCOC(=O)CCN(CCC(=O)OCCCCCCCC/C=C\CC(CCCCCC)OC(=O)CCCCCCCCCCC)CCN1CCCC1)CCCCCC,JW_2024,JW_2024,1
-4.5012197,1.727540062,CCCCCCCCCCCC(=O)OC(C/C=C\CCCCCCCCOC(=O)CCN(CCC(=O)OCCCCCCCC/C=C\CC(CCCCCC)OC(=O)CCCCCCCCCCC)CCN1CCCC1)CCCCCC,JW_2024,JW_2024,2
-3.7089274,0.135447281,CCCCCCCCCCCC(=O)OC(C/C=C\CCCCCCCCOC(=O)CCN(CCC(=O)OCCCCCCCC/C=C\CC(CCCCCC)OC(=O)CCCCCCCCCCC)CCN1CCCC1)CCCCCC,JW_2024,JW_2024,1
-3.9342976,0.423283264,CCCCCCCCCCCC(=O)OC(C/C=C\CCCCCCCCOC(=O)CCN(CCC(=O)OCCCCCCCC/C=C\CC(CCCCCC)OC(=O)CCCCCCCCCCC)CCN1CCCC1)CCCCCC,JW_2024,JW_2024,1
-4.521676,0.828052616,CCCCCCCCCCCC(=O)OC(C/C=C\CCCCCCCCOC(=O)CCN(CCC(=O)OCCCCCCCC/C=C\CC(CCCCCC)OC(=O)CCCCCCCCCCC)CCN1CCCC1)CCCCCC,JW_2024,JW_2024,1
-4.691276,1.079909101,CCCCCCCCCCCC(=O)OC(C/C=C\CCCCCCCCOC(=O)CCN(CCC(=O)OCCCCCCCC/C=C\CC(CCCCCC)OC(=O)CCCCCCCCCCC)CCN1CCCC1)CCCCCC,JW_2024,JW_2024,1
-4.6482544,0.018513913,CCCCCCCCCCCC(=O)OC(C/C=C\CCCCCCCCOC(=O)CCN(CCC(=O)OCCCCCCCC/C=C\CC(CCCCCC)OC(=O)CCCCCCCCCCC)CCN1CCCC1)CCCCCC,JW_2024,JW_2024,0
-4.26574,0.234390901,CCCCCCCCCCCC(=O)OC(C/C=C\CCCCCCCCOC(=O)CCN(CCC(=O)OCCCCCCCC/C=C\CC(CCCCCC)OC(=O)CCCCCCCCCCC)CCN1CCCC1)CCCCCC,JW_2024,JW_2024,1
-4.872765,1.115888599,CCCCCCCCCCCC(=O)OC(C/C=C\CCCCCCCCOC(=O)CCN(CCC(=O)OCCCCCCCC/C=C\CC(CCCCCC)OC(=O)CCCCCCCCCCC)CCN1CCCC1)CCCCCC,JW_2024,JW_2024,1
-4.7819777,1.52065795,CCCCCCCCCCCC(=O)OC(C/C=C\CCCCCCCCOC(=O)CCN(CCC(=O)OCCCCCCCC/C=C\CC(CCCCCC)OC(=O)CCCCCCCCCCC)CCN1CCCC1)CCCCCC,JW_2024,JW_2024,2
-4.41351,1.889447803,CCCCCCCCCCCC(=O)OC(C/C=C\CCCCCCCCOC(=O)CCN(CCC(=O)OCCCCCCCC/C=C\CC(CCCCCC)OC(=O)CCCCCCCCCCC)CCN1CCCC1)CCCCCC,JW_2024,JW_2024,2
-4.8442945,0.477252511,CCCCCCCCCCCC(=O)OC(C/C=C\CCCCCCCCOC(=O)CCN(CCC(=O)OCCCCCCCC/C=C\CC(CCCCCC)OC(=O)CCCCCCCCCCC)CCN1CCCC1)CCCCCC,JW_2024,JW_2024,1
-4.440792,1.556637448,CCCCCCCCCCCC(=O)OC(C/C=C\CCCCCCCCOC(=O)CCN(CCC(=O)OCCCCCCCC/C=C\CC(CCCCCC)OC(=O)CCCCCCCCCCC)CCN1CCCC1)CCCCCC,JW_2024,JW_2024,2
-4.5736446,-0.907958157,CCCCCCCCCCCC(=O)OC(C/C=C\CCCCCCCCOC(=O)CCN(CCC(=O)OCCCCCCCC/C=C\CC(CCCCCC)OC(=O)CCCCCCCCCCC)CCN1CCCC1)CCCCCC,JW_2024,JW_2024,0
-5.2042933,1.457693828,CCCCCCCCCCCC(=O)OC(C/C=C\CCCCCCCCOC(=O)CCN(CCC(=O)OCCCCCCCC/C=C\CC(CCCCCC)OC(=O)CCCCCCCCCCC)CCN1CCCC1)CCCCCC,JW_2024,JW_2024,2
-5.041391,0.369314018,CCCCCCCCCCCCCCCCCC(=O)OC(C/C=C\CCCCCCCCOC(=O)CCN(CCC(=O)OCCCCCCCC/C=C\CC(CCCCCC)OC(=O)CCCCCCCCCCCCCCCCC)CCN1CCCC1)CCCCCC,JW_2024,JW_2024,1
-3.7563782,0.351324269,CCCCCCCCCCCCCCCCCC(=O)OC(C/C=C\CCCCCCCCOC(=O)CCN(CCC(=O)OCCCCCCCC/C=C\CC(CCCCCC)OC(=O)CCCCCCCCCCCCCCCCC)CCN1CCCC1)CCCCCC,JW_2024,JW_2024,1
-3.377883,0.144442156,CCCCCCCCCCCCCCCCCC(=O)OC(C/C=C\CCCCCCCCOC(=O)CCN(CCC(=O)OCCCCCCCC/C=C\CC(CCCCCC)OC(=O)CCCCCCCCCCCCCCCCC)CCN1CCCC1)CCCCCC,JW_2024,JW_2024,1
-5.2896614,-0.215352823,CCCCCCCCCCCCCCCCCC(=O)OC(C/C=C\CCCCCCCCOC(=O)CCN(CCC(=O)OCCCCCCCC/C=C\CC(CCCCCC)OC(=O)CCCCCCCCCCCCCCCCC)CCN1CCCC1)CCCCCC,JW_2024,JW_2024,0
-5.8848658,-0.116409204,CCCCCCCCCCCCCCCCCC(=O)OC(C/C=C\CCCCCCCCOC(=O)CCN(CCC(=O)OCCCCCCCC/C=C\CC(CCCCCC)OC(=O)CCCCCCCCCCCCCCCCC)CCN1CCCC1)CCCCCC,JW_2024,JW_2024,0
-3.8623548,-0.00847071,CCCCCCCCCCCCCCCCCC(=O)OC(C/C=C\CCCCCCCCOC(=O)CCN(CCC(=O)OCCCCCCCC/C=C\CC(CCCCCC)OC(=O)CCCCCCCCCCCCCCCCC)CCN1CCCC1)CCCCCC,JW_2024,JW_2024,0
-6.2951245,0.018513913,CCCCCCCCCCCCCCCCCC(=O)OC(C/C=C\CCCCCCCCOC(=O)CCN(CCC(=O)OCCCCCCCC/C=C\CC(CCCCCC)OC(=O)CCCCCCCCCCCCCCCCC)CCN1CCCC1)CCCCCC,JW_2024,JW_2024,0
-4.844679,-0.566152927,CCCCCCCCCCCCCCCCCC(=O)OC(C/C=C\CCCCCCCCOC(=O)CCN(CCC(=O)OCCCCCCCC/C=C\CC(CCCCCC)OC(=O)CCCCCCCCCCCCCCCCC)CCN1CCCC1)CCCCCC,JW_2024,JW_2024,0
-3.9692833,1.502668201,CCCCCCCCCCCCCCCCCC(=O)OC(C/C=C\CCCCCCCCOC(=O)CCN(CCC(=O)OCCCCCCCC/C=C\CC(CCCCCC)OC(=O)CCCCCCCCCCCCCCCCC)CCN1CCCC1)CCCCCC,JW_2024,JW_2024,2
-4.7892346,0.603180754,CCCCCCCCCCCCCCCCCC(=O)OC(C/C=C\CCCCCCCCOC(=O)CCN(CCC(=O)OCCCCCCCC/C=C\CC(CCCCCC)OC(=O)CCCCCCCCCCCCCCCCC)CCN1CCCC1)CCCCCC,JW_2024,JW_2024,1
-3.5133681,1.09789885,CCCCCCCCCCCCCCCCCC(=O)OC(C/C=C\CCCCCCCCOC(=O)CCN(CCC(=O)OCCCCCCCC/C=C\CC(CCCCCC)OC(=O)CCCCCCCCCCCCCCCCC)CCN1CCCC1)CCCCCC,JW_2024,JW_2024,1
-4.369825,-0.125404078,CCCCCCCCCCCCCCCCCC(=O)OC(C/C=C\CCCCCCCCOC(=O)CCN(CCC(=O)OCCCCCCCC/C=C\CC(CCCCCC)OC(=O)CCCCCCCCCCCCCCCCC)CCN1CCCC1)CCCCCC,JW_2024,JW_2024,0
-4.745747,-0.386255438,CCCCCCCCCCCCCCCCCC(=O)OC(C/C=C\CCCCCCCCOC(=O)CCN(CCC(=O)OCCCCCCCC/C=C\CC(CCCCCC)OC(=O)CCCCCCCCCCCCCCCCC)CCN1CCCC1)CCCCCC,JW_2024,JW_2024,0
-5.4726486,0.855037239,CCCCCCCCCCCCCCCCCC(=O)OC(C/C=C\CCCCCCCCOC(=O)CCN(CCC(=O)OCCCCCCCC/C=C\CC(CCCCCC)OC(=O)CCCCCCCCCCCCCCCCC)CCN1CCCC1)CCCCCC,JW_2024,JW_2024,1
-5.3526363,1.60161182,CCCCCCCCCCCCCCCCCC(=O)OC(C/C=C\CCCCCCCCOC(=O)CCN(CCC(=O)OCCCCCCCC/C=C\CC(CCCCCC)OC(=O)CCCCCCCCCCCCCCCCC)CCN1CCCC1)CCCCCC,JW_2024,JW_2024,2
-5.600114,0.108462658,CCCCCCCCCCCCCCCCCC(=O)OC(C/C=C\CCCCCCCCOC(=O)CCN(CCC(=O)OCCCCCCCC/C=C\CC(CCCCCC)OC(=O)CCCCCCCCCCCCCCCCC)CCN1CCCC1)CCCCCC,JW_2024,JW_2024,1
-4.9282436,0.189416528,CCCCCCCCCCCCCCCCCC(=O)OC(C/C=C\CCCCCCCCOC(=O)CCN(CCC(=O)OCCCCCCCC/C=C\CC(CCCCCC)OC(=O)CCCCCCCCCCCCCCCCC)CCN1CCCC1)CCCCCC,JW_2024,JW_2024,1
-5.5386686,1.169857845,CCCCCCCCCCCCCCCCCC(=O)OC(C/C=C\CCCCCCCCOC(=O)CCN(CCC(=O)OCCCCCCCC/C=C\CC(CCCCCC)OC(=O)CCCCCCCCCCCCCCCCC)CCN1CCCC1)CCCCCC,JW_2024,JW_2024,1
-5.4489393,0.864032113,CCCCCCCCCCCCCCCCCC(=O)OC(C/C=C\CCCCCCCCOC(=O)CCN(CCC(=O)OCCCCCCCC/C=C\CC(CCCCCC)OC(=O)CCCCCCCCCCCCCCCCC)CCN1CCCC1)CCCCCC,JW_2024,JW_2024,1
-5.49479,1.853468305,CCCCCCCCCCCCCCCCCC(=O)OC(C/C=C\CCCCCCCCOC(=O)CCN(CCC(=O)OCCCCCCCC/C=C\CC(CCCCCC)OC(=O)CCCCCCCCCCCCCCCCC)CCN1CCCC1)CCCCCC,JW_2024,JW_2024,2
-5.9043894,0.75609362,CCCCCCCCCCCCCCCCCC(=O)OC(C/C=C\CCCCCCCCOC(=O)CCN(CCC(=O)OCCCCCCCC/C=C\CC(CCCCCC)OC(=O)CCCCCCCCCCCCCCCCC)CCN1CCCC1)CCCCCC,JW_2024,JW_2024,1
-4.821066,1.655581067,CCCCCCCCCCCCCCCCCC(=O)OC(C/C=C\CCCCCCCCOC(=O)CCN(CCC(=O)OCCCCCCCC/C=C\CC(CCCCCC)OC(=O)CCCCCCCCCCCCCCCCC)CCN1CCCC1)CCCCCC,JW_2024,JW_2024,2
-5.4501643,1.232821967,CCCCCCCCCCCCCCCCCC(=O)OC(C/C=C\CCCCCCCCOC(=O)CCN(CCC(=O)OCCCCCCCC/C=C\CC(CCCCCC)OC(=O)CCCCCCCCCCCCCCCCC)CCN1CCCC1)CCCCCC,JW_2024,JW_2024,1
-6.3340297,0.864032113,CCCCCCCCCCCCCCCCCC(=O)OC(C/C=C\CCCCCCCCOC(=O)CCN(CCC(=O)OCCCCCCCC/C=C\CC(CCCCCC)OC(=O)CCCCCCCCCCCCCCCCC)CCN1CCCC1)CCCCCC,JW_2024,JW_2024,1
-2.2537725,-0.080429706,CCCCCCCCC(CCCCCC)C(=O)OC(C/C=C\CCCCCCCCOC(=O)CCN(CCCN(CC)CC)CCC(=O)OCCCCCCCC/C=C\CC(CCCCCC)OC(=O)C(CCCCCC)CCCCCCCC)CCCCCC,JW_2024,JW_2024,0
-2.0630796,0.423283264,CCCCCCCCC(CCCCCC)C(=O)OC(C/C=C\CCCCCCCCOC(=O)CCN(CCCN(CC)CC)CCC(=O)OCCCCCCCC/C=C\CC(CCCCCC)OC(=O)C(CCCCCC)CCCCCCCC)CCCCCC,JW_2024,JW_2024,1
-2.2052722,0.846042365,CCCCCCCCC(CCCCCC)C(=O)OC(C/C=C\CCCCCCCCOC(=O)CCN(CCCN(CC)CC)CCC(=O)OCCCCCCCC/C=C\CC(CCCCCC)OC(=O)C(CCCCCC)CCCCCCCC)CCCCCC,JW_2024,JW_2024,1
-2.2397594,0.018513913,CCCCCCCCC(CCCCCC)C(=O)OC(C/C=C\CCCCCCCCOC(=O)CCN(CCCN(CC)CC)CCC(=O)OCCCCCCCC/C=C\CC(CCCCCC)OC(=O)C(CCCCCC)CCCCCCCC)CCCCCC,JW_2024,JW_2024,0
-2.0944908,-0.026460459,CCCCCCCCC(CCCCCC)C(=O)OC(C/C=C\CCCCCCCCOC(=O)CCN(CCCN(CC)CC)CCC(=O)OCCCCCCCC/C=C\CC(CCCCCC)OC(=O)C(CCCCCC)CCCCCCCC)CCCCCC,JW_2024,JW_2024,0
-3.5894935,-0.152388702,CCCCCCCCC(CCCCCC)C(=O)OC(C/C=C\CCCCCCCCOC(=O)CCN(CCCN(CC)CC)CCC(=O)OCCCCCCCC/C=C\CC(CCCCCC)OC(=O)C(CCCCCC)CCCCCCCC)CCCCCC,JW_2024,JW_2024,0
-4.2766814,0.081478035,CCCCCCCCC(CCCCCC)C(=O)OC(C/C=C\CCCCCCCCOC(=O)CCN(CCCN(CC)CC)CCC(=O)OCCCCCCCC/C=C\CC(CCCCCC)OC(=O)C(CCCCCC)CCCCCCCC)CCCCCC,JW_2024,JW_2024,1
-2.7527535,-0.647106797,CCCCCCCCC(CCCCCC)C(=O)OC(C/C=C\CCCCCCCCOC(=O)CCN(CCCN(CC)CC)CCC(=O)OCCCCCCCC/C=C\CC(CCCCCC)OC(=O)C(CCCCCC)CCCCCCCC)CCCCCC,JW_2024,JW_2024,0
-2.2325573,1.574627196,CCCCCCCCC(CCCCCC)C(=O)OC(C/C=C\CCCCCCCCOC(=O)CCN(CCCN(CC)CC)CCC(=O)OCCCCCCCC/C=C\CC(CCCCCC)OC(=O)C(CCCCCC)CCCCCCCC)CCCCCC,JW_2024,JW_2024,2
-2.4244485,0.684134624,CCCCCCCCC(CCCCCC)C(=O)OC(C/C=C\CCCCCCCCOC(=O)CCN(CCCN(CC)CC)CCC(=O)OCCCCCCCC/C=C\CC(CCCCCC)OC(=O)C(CCCCCC)CCCCCCCC)CCCCCC,JW_2024,JW_2024,1
-2.287047,1.187847594,CCCCCCCCC(CCCCCC)C(=O)OC(C/C=C\CCCCCCCCOC(=O)CCN(CCCN(CC)CC)CCC(=O)OCCCCCCCC/C=C\CC(CCCCCC)OC(=O)C(CCCCCC)CCCCCCCC)CCCCCC,JW_2024,JW_2024,1
-1.8297498,-0.035455333,CCCCCCCCC(CCCCCC)C(=O)OC(C/C=C\CCCCCCCCOC(=O)CCN(CCCN(CC)CC)CCC(=O)OCCCCCCCC/C=C\CC(CCCCCC)OC(=O)C(CCCCCC)CCCCCCCC)CCCCCC,JW_2024,JW_2024,0
-2.4262862,-0.530173429,CCCCCCCCC(CCCCCC)C(=O)OC(C/C=C\CCCCCCCCOC(=O)CCN(CCCN(CC)CC)CCC(=O)OCCCCCCCC/C=C\CC(CCCCCC)OC(=O)C(CCCCCC)CCCCCCCC)CCCCCC,JW_2024,JW_2024,0
-4.6213717,0.540216633,CCCCCCCCC(CCCCCC)C(=O)OC(C/C=C\CCCCCCCCOC(=O)CCN(CCCN(CC)CC)CCC(=O)OCCCCCCCC/C=C\CC(CCCCCC)OC(=O)C(CCCCCC)CCCCCCCC)CCCCCC,JW_2024,JW_2024,1
-2.114351,0.432278139,CCCCCCCCC(CCCCCC)C(=O)OC(C/C=C\CCCCCCCCOC(=O)CCN(CCCN(CC)CC)CCC(=O)OCCCCCCCC/C=C\CC(CCCCCC)OC(=O)C(CCCCCC)CCCCCCCC)CCCCCC,JW_2024,JW_2024,1
-1.8322726,-0.602132425,CCCCCCCCC(CCCCCC)C(=O)OC(C/C=C\CCCCCCCCOC(=O)CCN(CCCN(CC)CC)CCC(=O)OCCCCCCCC/C=C\CC(CCCCCC)OC(=O)C(CCCCCC)CCCCCCCC)CCCCCC,JW_2024,JW_2024,0
-2.872702,0.369314018,CCCCCCCCC(CCCCCC)C(=O)OC(C/C=C\CCCCCCCCOC(=O)CCN(CCCN(CC)CC)CCC(=O)OCCCCCCCC/C=C\CC(CCCCCC)OC(=O)C(CCCCCC)CCCCCCCC)CCCCCC,JW_2024,JW_2024,1
-1.9138426,0.819057741,CCCCCCCCC(CCCCCC)C(=O)OC(C/C=C\CCCCCCCCOC(=O)CCN(CCCN(CC)CC)CCC(=O)OCCCCCCCC/C=C\CC(CCCCCC)OC(=O)C(CCCCCC)CCCCCCCC)CCCCCC,JW_2024,JW_2024,1
-4.909885,0.783078243,CCCCCCCCC(CCCCCC)C(=O)OC(C/C=C\CCCCCCCCOC(=O)CCN(CCCN(CC)CC)CCC(=O)OCCCCCCCC/C=C\CC(CCCCCC)OC(=O)C(CCCCCC)CCCCCCCC)CCCCCC,JW_2024,JW_2024,1
-3.2675953,1.538647699,CCCCCCCCC(CCCCCC)C(=O)OC(C/C=C\CCCCCCCCOC(=O)CCN(CCCN(CC)CC)CCC(=O)OCCCCCCCC/C=C\CC(CCCCCC)OC(=O)C(CCCCCC)CCCCCCCC)CCCCCC,JW_2024,JW_2024,2
-4.025045,0.648155126,CCCCCCCCC(CCCCCC)C(=O)OC(C/C=C\CCCCCCCCOC(=O)CCN(CCCN(CC)CC)CCC(=O)OCCCCCCCC/C=C\CC(CCCCCC)OC(=O)C(CCCCCC)CCCCCCCC)CCCCCC,JW_2024,JW_2024,1
-1.7519108,0.819057741,CCCCCCCCC(CCCCCC)C(=O)OC(C/C=C\CCCCCCCCOC(=O)CCN(CCCN(CC)CC)CCC(=O)OCCCCCCCC/C=C\CC(CCCCCC)OC(=O)C(CCCCCC)CCCCCCCC)CCCCCC,JW_2024,JW_2024,1
-2.6318235,0.180421654,CCCCCCCCC(CCCCCC)C(=O)OC(C/C=C\CCCCCCCCOC(=O)CCN(CCCN(CC)CC)CCC(=O)OCCCCCCCC/C=C\CC(CCCCCC)OC(=O)C(CCCCCC)CCCCCCCC)CCCCCC,JW_2024,JW_2024,1
-4.4165964,0.558206382,CCCCCCCCC(CCCCCC)C(=O)OC(C/C=C\CCCCCCCCOC(=O)CCN(CCCN(CC)CC)CCC(=O)OCCCCCCCC/C=C\CC(CCCCCC)OC(=O)C(CCCCCC)CCCCCCCC)CCCCCC,JW_2024,JW_2024,1
-3.245921,0.108462658,CCCCCCC(C/C=C\CCCCCCCCOC(=O)CCN(CCCN(CC)CC)CCC(=O)OCCCCCCCC/C=C\CC(CCCCCC)OC(=O)C(CCCC)CCCCCC)OC(=O)C(CCCC)CCCCCC,JW_2024,JW_2024,1
-2.999977,-0.161383576,CCCCCCC(C/C=C\CCCCCCCCOC(=O)CCN(CCCN(CC)CC)CCC(=O)OCCCCCCCC/C=C\CC(CCCCCC)OC(=O)C(CCCC)CCCCCC)OC(=O)C(CCCC)CCCCCC,JW_2024,JW_2024,0
-5.4894075,1.061919352,CCCCCCC(C/C=C\CCCCCCCCOC(=O)CCN(CCCN(CC)CC)CCC(=O)OCCCCCCCC/C=C\CC(CCCCCC)OC(=O)C(CCCC)CCCCCC)OC(=O)C(CCCC)CCCCCC,JW_2024,JW_2024,1
-3.2901995,-0.404245187,CCCCCCC(C/C=C\CCCCCCCCOC(=O)CCN(CCCN(CC)CC)CCC(=O)OCCCCCCCC/C=C\CC(CCCCCC)OC(=O)C(CCCC)CCCCCC)OC(=O)C(CCCC)CCCCCC,JW_2024,JW_2024,0
-3.4004145,0.279365273,CCCCCCC(C/C=C\CCCCCCCCOC(=O)CCN(CCCN(CC)CC)CCC(=O)OCCCCCCCC/C=C\CC(CCCCCC)OC(=O)C(CCCC)CCCCCC)OC(=O)C(CCCC)CCCCCC,JW_2024,JW_2024,1
-4.702213,-0.647106797,CCCCCCC(C/C=C\CCCCCCCCOC(=O)CCN(CCCN(CC)CC)CCC(=O)OCCCCCCCC/C=C\CC(CCCCCC)OC(=O)C(CCCC)CCCCCC)OC(=O)C(CCCC)CCCCCC,JW_2024,JW_2024,0
-4.4902215,1.169857845,CCCCCCC(C/C=C\CCCCCCCCOC(=O)CCN(CCCN(CC)CC)CCC(=O)OCCCCCCCC/C=C\CC(CCCCCC)OC(=O)C(CCCC)CCCCCC)OC(=O)C(CCCC)CCCCCC,JW_2024,JW_2024,1
-4.2552767,0.234390901,CCCCCCC(C/C=C\CCCCCCCCOC(=O)CCN(CCCN(CC)CC)CCC(=O)OCCCCCCCC/C=C\CC(CCCCCC)OC(=O)C(CCCC)CCCCCC)OC(=O)C(CCCC)CCCCCC,JW_2024,JW_2024,1
-3.4300032,1.439704079,CCCCCCC(C/C=C\CCCCCCCCOC(=O)CCN(CCCN(CC)CC)CCC(=O)OCCCCCCCC/C=C\CC(CCCCCC)OC(=O)C(CCCC)CCCCCC)OC(=O)C(CCCC)CCCCCC,JW_2024,JW_2024,2
-3.9390097,0.018513913,CCCCCCC(C/C=C\CCCCCCCCOC(=O)CCN(CCCN(CC)CC)CCC(=O)OCCCCCCCC/C=C\CC(CCCCCC)OC(=O)C(CCCC)CCCCCC)OC(=O)C(CCCC)CCCCCC,JW_2024,JW_2024,0
-5.30239,1.511663075,CCCCCCC(C/C=C\CCCCCCCCOC(=O)CCN(CCCN(CC)CC)CCC(=O)OCCCCCCCC/C=C\CC(CCCCCC)OC(=O)C(CCCC)CCCCCC)OC(=O)C(CCCC)CCCCCC,JW_2024,JW_2024,2
-3.215528,0.693129499,CCCCCCC(C/C=C\CCCCCCCCOC(=O)CCN(CCCN(CC)CC)CCC(=O)OCCCCCCCC/C=C\CC(CCCCCC)OC(=O)C(CCCC)CCCCCC)OC(=O)C(CCCC)CCCCCC,JW_2024,JW_2024,1
-3.8936515,0.027508788,CCCCCCC(C/C=C\CCCCCCCCOC(=O)CCN(CCCN(CC)CC)CCC(=O)OCCCCCCCC/C=C\CC(CCCCCC)OC(=O)C(CCCC)CCCCCC)OC(=O)C(CCCC)CCCCCC,JW_2024,JW_2024,0
-5.459801,0.162431905,CCCCCCC(C/C=C\CCCCCCCCOC(=O)CCN(CCCN(CC)CC)CCC(=O)OCCCCCCCC/C=C\CC(CCCCCC)OC(=O)C(CCCC)CCCCCC)OC(=O)C(CCCC)CCCCCC,JW_2024,JW_2024,1
-3.398343,0.944985984,CCCCCCC(C/C=C\CCCCCCCCOC(=O)CCN(CCCN(CC)CC)CCC(=O)OCCCCCCCC/C=C\CC(CCCCCC)OC(=O)C(CCCC)CCCCCC)OC(=O)C(CCCC)CCCCCC,JW_2024,JW_2024,1
-3.257869,0.243385775,CCCCCCC(C/C=C\CCCCCCCCOC(=O)CCN(CCCN(CC)CC)CCC(=O)OCCCCCCCC/C=C\CC(CCCCCC)OC(=O)C(CCCC)CCCCCC)OC(=O)C(CCCC)CCCCCC,JW_2024,JW_2024,1
-4.3425627,0.135447281,CCCCCCC(C/C=C\CCCCCCCCOC(=O)CCN(CCCN(CC)CC)CCC(=O)OCCCCCCCC/C=C\CC(CCCCCC)OC(=O)C(CCCC)CCCCCC)OC(=O)C(CCCC)CCCCCC,JW_2024,JW_2024,1
-3.303681,1.079909101,CCCCCCC(C/C=C\CCCCCCCCOC(=O)CCN(CCCN(CC)CC)CCC(=O)OCCCCCCCC/C=C\CC(CCCCCC)OC(=O)C(CCCC)CCCCCC)OC(=O)C(CCCC)CCCCCC,JW_2024,JW_2024,1
-5.792867,1.403724582,CCCCCCC(C/C=C\CCCCCCCCOC(=O)CCN(CCCN(CC)CC)CCC(=O)OCCCCCCCC/C=C\CC(CCCCCC)OC(=O)C(CCCC)CCCCCC)OC(=O)C(CCCC)CCCCCC,JW_2024,JW_2024,2
-3.994306,1.880452928,CCCCCCC(C/C=C\CCCCCCCCOC(=O)CCN(CCCN(CC)CC)CCC(=O)OCCCCCCCC/C=C\CC(CCCCCC)OC(=O)C(CCCC)CCCCCC)OC(=O)C(CCCC)CCCCCC,JW_2024,JW_2024,2
-4.717913,0.486247386,CCCCCCC(C/C=C\CCCCCCCCOC(=O)CCN(CCCN(CC)CC)CCC(=O)OCCCCCCCC/C=C\CC(CCCCCC)OC(=O)C(CCCC)CCCCCC)OC(=O)C(CCCC)CCCCCC,JW_2024,JW_2024,1
-3.3171804,1.385734833,CCCCCCC(C/C=C\CCCCCCCCOC(=O)CCN(CCCN(CC)CC)CCC(=O)OCCCCCCCC/C=C\CC(CCCCCC)OC(=O)C(CCCC)CCCCCC)OC(=O)C(CCCC)CCCCCC,JW_2024,JW_2024,2
-3.9133127,0.33333452,CCCCCCC(C/C=C\CCCCCCCCOC(=O)CCN(CCCN(CC)CC)CCC(=O)OCCCCCCCC/C=C\CC(CCCCCC)OC(=O)C(CCCC)CCCCCC)OC(=O)C(CCCC)CCCCCC,JW_2024,JW_2024,1
-5.2936616,1.124883473,CCCCCCC(C/C=C\CCCCCCCCOC(=O)CCN(CCCN(CC)CC)CCC(=O)OCCCCCCCC/C=C\CC(CCCCCC)OC(=O)C(CCCC)CCCCCC)OC(=O)C(CCCC)CCCCCC,JW_2024,JW_2024,1
-3.270037,0.099467784,CCCCCCC(C/C=C\CCCCCCCCOC(=O)CCN(CCCN(CC)CC)CCC(=O)OCCCCCCCC/C=C\CC(CCCCCC)OC(=O)CCCC1CCCCC1)OC(=O)CCCC1CCCCC1,JW_2024,JW_2024,1
-3.6935813,0.33333452,CCCCCCC(C/C=C\CCCCCCCCOC(=O)CCN(CCCN(CC)CC)CCC(=O)OCCCCCCCC/C=C\CC(CCCCCC)OC(=O)CCCC1CCCCC1)OC(=O)CCCC1CCCCC1,JW_2024,JW_2024,1
-5.3774357,0.054493411,CCCCCCC(C/C=C\CCCCCCCCOC(=O)CCN(CCCN(CC)CC)CCC(=O)OCCCCCCCC/C=C\CC(CCCCCC)OC(=O)CCCC1CCCCC1)OC(=O)CCCC1CCCCC1,JW_2024,JW_2024,1
-3.2758088,-0.800019663,CCCCCCC(C/C=C\CCCCCCCCOC(=O)CCN(CCCN(CC)CC)CCC(=O)OCCCCCCCC/C=C\CC(CCCCCC)OC(=O)CCCC1CCCCC1)OC(=O)CCCC1CCCCC1,JW_2024,JW_2024,0
-3.7947512,0.063488286,CCCCCCC(C/C=C\CCCCCCCCOC(=O)CCN(CCCN(CC)CC)CCC(=O)OCCCCCCCC/C=C\CC(CCCCCC)OC(=O)CCCC1CCCCC1)OC(=O)CCCC1CCCCC1,JW_2024,JW_2024,1
-4.235628,0.126452407,CCCCCCC(C/C=C\CCCCCCCCOC(=O)CCN(CCCN(CC)CC)CCC(=O)OCCCCCCCC/C=C\CC(CCCCCC)OC(=O)CCCC1CCCCC1)OC(=O)CCCC1CCCCC1,JW_2024,JW_2024,1
-4.211876,1.286791213,CCCCCCC(C/C=C\CCCCCCCCOC(=O)CCN(CCCN(CC)CC)CCC(=O)OCCCCCCCC/C=C\CC(CCCCCC)OC(=O)CCCC1CCCCC1)OC(=O)CCCC1CCCCC1,JW_2024,JW_2024,1
-4.5610757,-0.764040165,CCCCCCC(C/C=C\CCCCCCCCOC(=O)CCN(CCCN(CC)CC)CCC(=O)OCCCCCCCC/C=C\CC(CCCCCC)OC(=O)CCCC1CCCCC1)OC(=O)CCCC1CCCCC1,JW_2024,JW_2024,0
-4.228054,1.385734833,CCCCCCC(C/C=C\CCCCCCCCOC(=O)CCN(CCCN(CC)CC)CCC(=O)OCCCCCCCC/C=C\CC(CCCCCC)OC(=O)CCCC1CCCCC1)OC(=O)CCCC1CCCCC1,JW_2024,JW_2024,2
-4.8373265,0.594185879,CCCCCCC(C/C=C\CCCCCCCCOC(=O)CCN(CCCN(CC)CC)CCC(=O)OCCCCCCCC/C=C\CC(CCCCCC)OC(=O)CCCC1CCCCC1)OC(=O)CCCC1CCCCC1,JW_2024,JW_2024,1
-5.404851,1.592616945,CCCCCCC(C/C=C\CCCCCCCCOC(=O)CCN(CCCN(CC)CC)CCC(=O)OCCCCCCCC/C=C\CC(CCCCCC)OC(=O)CCCC1CCCCC1)OC(=O)CCCC1CCCCC1,JW_2024,JW_2024,2
-3.8806708,0.603180754,CCCCCCC(C/C=C\CCCCCCCCOC(=O)CCN(CCCN(CC)CC)CCC(=O)OCCCCCCCC/C=C\CC(CCCCCC)OC(=O)CCCC1CCCCC1)OC(=O)CCCC1CCCCC1,JW_2024,JW_2024,1
-4.1543846,0.117457533,CCCCCCC(C/C=C\CCCCCCCCOC(=O)CCN(CCCN(CC)CC)CCC(=O)OCCCCCCCC/C=C\CC(CCCCCC)OC(=O)CCCC1CCCCC1)OC(=O)CCCC1CCCCC1,JW_2024,JW_2024,1
-5.2644944,0.306349896,CCCCCCC(C/C=C\CCCCCCCCOC(=O)CCN(CCCN(CC)CC)CCC(=O)OCCCCCCCC/C=C\CC(CCCCCC)OC(=O)CCCC1CCCCC1)OC(=O)CCCC1CCCCC1,JW_2024,JW_2024,1
-3.5430644,0.729108996,CCCCCCC(C/C=C\CCCCCCCCOC(=O)CCN(CCCN(CC)CC)CCC(=O)OCCCCCCCC/C=C\CC(CCCCCC)OC(=O)CCCC1CCCCC1)OC(=O)CCCC1CCCCC1,JW_2024,JW_2024,1
-3.4715946,0.378308892,CCCCCCC(C/C=C\CCCCCCCCOC(=O)CCN(CCCN(CC)CC)CCC(=O)OCCCCCCCC/C=C\CC(CCCCCC)OC(=O)CCCC1CCCCC1)OC(=O)CCCC1CCCCC1,JW_2024,JW_2024,1
-4.5997043,0.25238065,CCCCCCC(C/C=C\CCCCCCCCOC(=O)CCN(CCCN(CC)CC)CCC(=O)OCCCCCCCC/C=C\CC(CCCCCC)OC(=O)CCCC1CCCCC1)OC(=O)CCCC1CCCCC1,JW_2024,JW_2024,1
-3.8039966,0.810062867,CCCCCCC(C/C=C\CCCCCCCCOC(=O)CCN(CCCN(CC)CC)CCC(=O)OCCCCCCCC/C=C\CC(CCCCCC)OC(=O)CCCC1CCCCC1)OC(=O)CCCC1CCCCC1,JW_2024,JW_2024,1
-5.3926964,1.25980659,CCCCCCC(C/C=C\CCCCCCCCOC(=O)CCN(CCCN(CC)CC)CCC(=O)OCCCCCCCC/C=C\CC(CCCCCC)OC(=O)CCCC1CCCCC1)OC(=O)CCCC1CCCCC1,JW_2024,JW_2024,1
-3.8964782,1.592616945,CCCCCCC(C/C=C\CCCCCCCCOC(=O)CCN(CCCN(CC)CC)CCC(=O)OCCCCCCCC/C=C\CC(CCCCCC)OC(=O)CCCC1CCCCC1)OC(=O)CCCC1CCCCC1,JW_2024,JW_2024,2
-4.033614,0.720114122,CCCCCCC(C/C=C\CCCCCCCCOC(=O)CCN(CCCN(CC)CC)CCC(=O)OCCCCCCCC/C=C\CC(CCCCCC)OC(=O)CCCC1CCCCC1)OC(=O)CCCC1CCCCC1,JW_2024,JW_2024,1
-3.5243492,1.331765586,CCCCCCC(C/C=C\CCCCCCCCOC(=O)CCN(CCCN(CC)CC)CCC(=O)OCCCCCCCC/C=C\CC(CCCCCC)OC(=O)CCCC1CCCCC1)OC(=O)CCCC1CCCCC1,JW_2024,JW_2024,2
-3.581641,0.531221758,CCCCCCC(C/C=C\CCCCCCCCOC(=O)CCN(CCCN(CC)CC)CCC(=O)OCCCCCCCC/C=C\CC(CCCCCC)OC(=O)CCCC1CCCCC1)OC(=O)CCCC1CCCCC1,JW_2024,JW_2024,1
-4.0809727,1.052924477,CCCCCCC(C/C=C\CCCCCCCCOC(=O)CCN(CCCN(CC)CC)CCC(=O)OCCCCCCCC/C=C\CC(CCCCCC)OC(=O)CCCC1CCCCC1)OC(=O)CCCC1CCCCC1,JW_2024,JW_2024,1
-1.236715,-0.035455333,CCCCCC/C=C\CCC(=O)OC(C/C=C\CCCCCCCCOC(=O)CCN(CCCN(CC)CC)CCC(=O)OCCCCCCCC/C=C\CC(CCCCCC)OC(=O)CC/C=C\CCCCCC)CCCCCC,JW_2024,JW_2024,0
-0.9957708,0.036503662,CCCCCC/C=C\CCC(=O)OC(C/C=C\CCCCCCCCOC(=O)CCN(CCCN(CC)CC)CCC(=O)OCCCCCCCC/C=C\CC(CCCCCC)OC(=O)CC/C=C\CCCCCC)CCCCCC,JW_2024,JW_2024,1
-3.21183,0.07248316,CCCCCC/C=C\CCC(=O)OC(C/C=C\CCCCCCCCOC(=O)CCN(CCCN(CC)CC)CCC(=O)OCCCCCCCC/C=C\CC(CCCCCC)OC(=O)CC/C=C\CCCCCC)CCCCCC,JW_2024,JW_2024,1
-1.1126182,0.810062867,CCCCCC/C=C\CCC(=O)OC(C/C=C\CCCCCCCCOC(=O)CCN(CCCN(CC)CC)CCC(=O)OCCCCCCCC/C=C\CC(CCCCCC)OC(=O)CC/C=C\CCCCCC)CCCCCC,JW_2024,JW_2024,1
-0.9500518,0.090472909,CCCCCC/C=C\CCC(=O)OC(C/C=C\CCCCCCCCOC(=O)CCN(CCCN(CC)CC)CCC(=O)OCCCCCCCC/C=C\CC(CCCCCC)OC(=O)CC/C=C\CCCCCC)CCCCCC,JW_2024,JW_2024,1
-2.1914456,0.027508788,CCCCCC/C=C\CCC(=O)OC(C/C=C\CCCCCCCCOC(=O)CCN(CCCN(CC)CC)CCC(=O)OCCCCCCCC/C=C\CC(CCCCCC)OC(=O)CC/C=C\CCCCCC)CCCCCC,JW_2024,JW_2024,0
-2.5295694,0.567201256,CCCCCC/C=C\CCC(=O)OC(C/C=C\CCCCCCCCOC(=O)CCN(CCCN(CC)CC)CCC(=O)OCCCCCCCC/C=C\CC(CCCCCC)OC(=O)CC/C=C\CCCCCC)CCCCCC,JW_2024,JW_2024,1
-2.2309127,-0.35027594,CCCCCC/C=C\CCC(=O)OC(C/C=C\CCCCCCCCOC(=O)CCN(CCCN(CC)CC)CCC(=O)OCCCCCCCC/C=C\CC(CCCCCC)OC(=O)CC/C=C\CCCCCC)CCCCCC,JW_2024,JW_2024,0
-1.3532958,1.160862971,CCCCCC/C=C\CCC(=O)OC(C/C=C\CCCCCCCCOC(=O)CCN(CCCN(CC)CC)CCC(=O)OCCCCCCCC/C=C\CC(CCCCCC)OC(=O)CC/C=C\CCCCCC)CCCCCC,JW_2024,JW_2024,1
-1.7928375,0.054493411,CCCCCC/C=C\CCC(=O)OC(C/C=C\CCCCCCCCOC(=O)CCN(CCCN(CC)CC)CCC(=O)OCCCCCCCC/C=C\CC(CCCCCC)OC(=O)CC/C=C\CCCCCC)CCCCCC,JW_2024,JW_2024,1
-2.8494911,1.25980659,CCCCCC/C=C\CCC(=O)OC(C/C=C\CCCCCCCCOC(=O)CCN(CCCN(CC)CC)CCC(=O)OCCCCCCCC/C=C\CC(CCCCCC)OC(=O)CC/C=C\CCCCCC)CCCCCC,JW_2024,JW_2024,1
-1.4068985,0.369314018,CCCCCC/C=C\CCC(=O)OC(C/C=C\CCCCCCCCOC(=O)CCN(CCCN(CC)CC)CCC(=O)OCCCCCCCC/C=C\CC(CCCCCC)OC(=O)CC/C=C\CCCCCC)CCCCCC,JW_2024,JW_2024,1
-1.8950169,-0.359270814,CCCCCC/C=C\CCC(=O)OC(C/C=C\CCCCCCCCOC(=O)CCN(CCCN(CC)CC)CCC(=O)OCCCCCCCC/C=C\CC(CCCCCC)OC(=O)CC/C=C\CCCCCC)CCCCCC,JW_2024,JW_2024,0
-3.3777752,0.846042365,CCCCCC/C=C\CCC(=O)OC(C/C=C\CCCCCCCCOC(=O)CCN(CCCN(CC)CC)CCC(=O)OCCCCCCCC/C=C\CC(CCCCCC)OC(=O)CC/C=C\CCCCCC)CCCCCC,JW_2024,JW_2024,1
-1.1990658,0.648155126,CCCCCC/C=C\CCC(=O)OC(C/C=C\CCCCCCCCOC(=O)CCN(CCCN(CC)CC)CCC(=O)OCCCCCCCC/C=C\CC(CCCCCC)OC(=O)CC/C=C\CCCCCC)CCCCCC,JW_2024,JW_2024,1
-1.2354308,-1.27674801,CCCCCC/C=C\CCC(=O)OC(C/C=C\CCCCCCCCOC(=O)CCN(CCCN(CC)CC)CCC(=O)OCCCCCCCC/C=C\CC(CCCCCC)OC(=O)CC/C=C\CCCCCC)CCCCCC,JW_2024,JW_2024,0
-1.6376106,-0.161383576,CCCCCC/C=C\CCC(=O)OC(C/C=C\CCCCCCCCOC(=O)CCN(CCCN(CC)CC)CCC(=O)OCCCCCCCC/C=C\CC(CCCCCC)OC(=O)CC/C=C\CCCCCC)CCCCCC,JW_2024,JW_2024,0
-0.6903027,0.900011611,CCCCCC/C=C\CCC(=O)OC(C/C=C\CCCCCCCCOC(=O)CCN(CCCN(CC)CC)CCC(=O)OCCCCCCCC/C=C\CC(CCCCCC)OC(=O)CC/C=C\CCCCCC)CCCCCC,JW_2024,JW_2024,1
-3.494635,0.549211507,CCCCCC/C=C\CCC(=O)OC(C/C=C\CCCCCCCCOC(=O)CCN(CCCN(CC)CC)CCC(=O)OCCCCCCCC/C=C\CC(CCCCCC)OC(=O)CC/C=C\CCCCCC)CCCCCC,JW_2024,JW_2024,1
-1.8677638,1.889447803,CCCCCC/C=C\CCC(=O)OC(C/C=C\CCCCCCCCOC(=O)CCN(CCCN(CC)CC)CCC(=O)OCCCCCCCC/C=C\CC(CCCCCC)OC(=O)CC/C=C\CCCCCC)CCCCCC,JW_2024,JW_2024,2
-2.4316053,0.971970607,CCCCCC/C=C\CCC(=O)OC(C/C=C\CCCCCCCCOC(=O)CCN(CCCN(CC)CC)CCC(=O)OCCCCCCCC/C=C\CC(CCCCCC)OC(=O)CC/C=C\CCCCCC)CCCCCC,JW_2024,JW_2024,1
-0.9398676,0.594185879,CCCCCC/C=C\CCC(=O)OC(C/C=C\CCCCCCCCOC(=O)CCN(CCCN(CC)CC)CCC(=O)OCCCCCCCC/C=C\CC(CCCCCC)OC(=O)CC/C=C\CCCCCC)CCCCCC,JW_2024,JW_2024,1
-1.6424986,0.594185879,CCCCCC/C=C\CCC(=O)OC(C/C=C\CCCCCCCCOC(=O)CCN(CCCN(CC)CC)CCC(=O)OCCCCCCCC/C=C\CC(CCCCCC)OC(=O)CC/C=C\CCCCCC)CCCCCC,JW_2024,JW_2024,1
-2.8202503,0.998955231,CCCCCC/C=C\CCC(=O)OC(C/C=C\CCCCCCCCOC(=O)CCN(CCCN(CC)CC)CCC(=O)OCCCCCCCC/C=C\CC(CCCCCC)OC(=O)CC/C=C\CCCCCC)CCCCCC,JW_2024,JW_2024,1
-2.118957,0.306349896,CCCCCCCCCCCC(=O)OC(C/C=C\CCCCCCCCOC(=O)CCN(CCCN(CC)CC)CCC(=O)OCCCCCCCC/C=C\CC(CCCCCC)OC(=O)CCCCCCCCCCC)CCCCCC,JW_2024,JW_2024,1
-1.8715521,0.324339645,CCCCCCCCCCCC(=O)OC(C/C=C\CCCCCCCCOC(=O)CCN(CCCN(CC)CC)CCC(=O)OCCCCCCCC/C=C\CC(CCCCCC)OC(=O)CCCCCCCCCCC)CCCCCC,JW_2024,JW_2024,1
-4.443178,0.441273013,CCCCCCCCCCCC(=O)OC(C/C=C\CCCCCCCCOC(=O)CCN(CCCN(CC)CC)CCC(=O)OCCCCCCCC/C=C\CC(CCCCCC)OC(=O)CCCCCCCCCCC)CCCCCC,JW_2024,JW_2024,1
-2.2929888,0.49524226,CCCCCCCCCCCC(=O)OC(C/C=C\CCCCCCCCOC(=O)CCN(CCCN(CC)CC)CCC(=O)OCCCCCCCC/C=C\CC(CCCCCC)OC(=O)CCCCCCCCCCC)CCCCCC,JW_2024,JW_2024,1
-2.4253669,0.432278139,CCCCCCCCCCCC(=O)OC(C/C=C\CCCCCCCCOC(=O)CCN(CCCN(CC)CC)CCC(=O)OCCCCCCCC/C=C\CC(CCCCCC)OC(=O)CCCCCCCCCCC)CCCCCC,JW_2024,JW_2024,1
-3.4636533,-0.665096546,CCCCCCCCCCCC(=O)OC(C/C=C\CCCCCCCCOC(=O)CCN(CCCN(CC)CC)CCC(=O)OCCCCCCCC/C=C\CC(CCCCCC)OC(=O)CCCCCCCCCCC)CCCCCC,JW_2024,JW_2024,0
-3.7816036,0.477252511,CCCCCCCCCCCC(=O)OC(C/C=C\CCCCCCCCOC(=O)CCN(CCCN(CC)CC)CCC(=O)OCCCCCCCC/C=C\CC(CCCCCC)OC(=O)CCCCCCCCCCC)CCCCCC,JW_2024,JW_2024,1
-2.881757,-0.242337446,CCCCCCCCCCCC(=O)OC(C/C=C\CCCCCCCCOC(=O)CCN(CCCN(CC)CC)CCC(=O)OCCCCCCCC/C=C\CC(CCCCCC)OC(=O)CCCCCCCCCCC)CCCCCC,JW_2024,JW_2024,0
-2.464778,1.25980659,CCCCCCCCCCCC(=O)OC(C/C=C\CCCCCCCCOC(=O)CCN(CCCN(CC)CC)CCC(=O)OCCCCCCCC/C=C\CC(CCCCCC)OC(=O)CCCCCCCCCCC)CCCCCC,JW_2024,JW_2024,1
-2.5393183,0.594185879,CCCCCCCCCCCC(=O)OC(C/C=C\CCCCCCCCOC(=O)CCN(CCCN(CC)CC)CCC(=O)OCCCCCCCC/C=C\CC(CCCCCC)OC(=O)CCCCCCCCCCC)CCCCCC,JW_2024,JW_2024,1
-4.0106955,1.511663075,CCCCCCCCCCCC(=O)OC(C/C=C\CCCCCCCCOC(=O)CCN(CCCN(CC)CC)CCC(=O)OCCCCCCCC/C=C\CC(CCCCCC)OC(=O)CCCCCCCCCCC)CCCCCC,JW_2024,JW_2024,2
-2.1841547,0.666144875,CCCCCCCCCCCC(=O)OC(C/C=C\CCCCCCCCOC(=O)CCN(CCCN(CC)CC)CCC(=O)OCCCCCCCC/C=C\CC(CCCCCC)OC(=O)CCCCCCCCCCC)CCCCCC,JW_2024,JW_2024,1
-2.535034,0.099467784,CCCCCCCCCCCC(=O)OC(C/C=C\CCCCCCCCOC(=O)CCN(CCCN(CC)CC)CCC(=O)OCCCCCCCC/C=C\CC(CCCCCC)OC(=O)CCCCCCCCCCC)CCCCCC,JW_2024,JW_2024,1
-4.0590234,1.17885272,CCCCCCCCCCCC(=O)OC(C/C=C\CCCCCCCCOC(=O)CCN(CCCN(CC)CC)CCC(=O)OCCCCCCCC/C=C\CC(CCCCCC)OC(=O)CCCCCCCCCCC)CCCCCC,JW_2024,JW_2024,1
-2.382315,1.079909101,CCCCCCCCCCCC(=O)OC(C/C=C\CCCCCCCCOC(=O)CCN(CCCN(CC)CC)CCC(=O)OCCCCCCCC/C=C\CC(CCCCCC)OC(=O)CCCCCCCCCCC)CCCCCC,JW_2024,JW_2024,1
-1.994326,-0.062439957,CCCCCCCCCCCC(=O)OC(C/C=C\CCCCCCCCOC(=O)CCN(CCCN(CC)CC)CCC(=O)OCCCCCCCC/C=C\CC(CCCCCC)OC(=O)CCCCCCCCCCC)CCCCCC,JW_2024,JW_2024,0
-2.9801953,-0.620122174,CCCCCCCCCCCC(=O)OC(C/C=C\CCCCCCCCOC(=O)CCN(CCCN(CC)CC)CCC(=O)OCCCCCCCC/C=C\CC(CCCCCC)OC(=O)CCCCCCCCCCC)CCCCCC,JW_2024,JW_2024,0
-2.2877183,0.980965482,CCCCCCCCCCCC(=O)OC(C/C=C\CCCCCCCCOC(=O)CCN(CCCN(CC)CC)CCC(=O)OCCCCCCCC/C=C\CC(CCCCCC)OC(=O)CCCCCCCCCCC)CCCCCC,JW_2024,JW_2024,1
-4.686502,1.007950105,CCCCCCCCCCCC(=O)OC(C/C=C\CCCCCCCCOC(=O)CCN(CCCN(CC)CC)CCC(=O)OCCCCCCCC/C=C\CC(CCCCCC)OC(=O)CCCCCCCCCCC)CCCCCC,JW_2024,JW_2024,1
-3.1956828,1.934422175,CCCCCCCCCCCC(=O)OC(C/C=C\CCCCCCCCOC(=O)CCN(CCCN(CC)CC)CCC(=O)OCCCCCCCC/C=C\CC(CCCCCC)OC(=O)CCCCCCCCCCC)CCCCCC,JW_2024,JW_2024,2
-2.1466463,2.006381171,CCCCCCCCCCCC(=O)OC(C/C=C\CCCCCCCCOC(=O)CCN(CCCN(CC)CC)CCC(=O)OCCCCCCCC/C=C\CC(CCCCCC)OC(=O)CCCCCCCCCCC)CCCCCC,JW_2024,JW_2024,3
-2.4540546,0.324339645,CCCCCCCCCCCC(=O)OC(C/C=C\CCCCCCCCOC(=O)CCN(CCCN(CC)CC)CCC(=O)OCCCCCCCC/C=C\CC(CCCCCC)OC(=O)CCCCCCCCCCC)CCCCCC,JW_2024,JW_2024,1
-4.225742,1.016944979,CCCCCCCCCCCC(=O)OC(C/C=C\CCCCCCCCOC(=O)CCN(CCCN(CC)CC)CCC(=O)OCCCCCCCC/C=C\CC(CCCCCC)OC(=O)CCCCCCCCCCC)CCCCCC,JW_2024,JW_2024,1
-2.3209114,-0.701076044,CCCCCCCCCCCCCCCCCC(=O)OC(C/C=C\CCCCCCCCOC(=O)CCN(CCCN(CC)CC)CCC(=O)OCCCCCCCC/C=C\CC(CCCCCC)OC(=O)CCCCCCCCCCCCCCCCC)CCCCCC,JW_2024,JW_2024,0
-1.6826788,-0.782029914,CCCCCCCCCCCCCCCCCC(=O)OC(C/C=C\CCCCCCCCOC(=O)CCN(CCCN(CC)CC)CCC(=O)OCCCCCCCC/C=C\CC(CCCCCC)OC(=O)CCCCCCCCCCCCCCCCC)CCCCCC,JW_2024,JW_2024,0
-2.2930362,-0.107414329,CCCCCCCCCCCCCCCCCC(=O)OC(C/C=C\CCCCCCCCOC(=O)CCN(CCCN(CC)CC)CCC(=O)OCCCCCCCC/C=C\CC(CCCCCC)OC(=O)CCCCCCCCCCCCCCCCC)CCCCCC,JW_2024,JW_2024,0
-2.3209114,-1.186799266,CCCCCCCCCCCCCCCCCC(=O)OC(C/C=C\CCCCCCCCOC(=O)CCN(CCCN(CC)CC)CCC(=O)OCCCCCCCC/C=C\CC(CCCCCC)OC(=O)CCCCCCCCCCCCCCCCC)CCCCCC,JW_2024,JW_2024,0
-2.4365377,-0.548163178,CCCCCCCCCCCCCCCCCC(=O)OC(C/C=C\CCCCCCCCOC(=O)CCN(CCCN(CC)CC)CCC(=O)OCCCCCCCC/C=C\CC(CCCCCC)OC(=O)CCCCCCCCCCCCCCCCC)CCCCCC,JW_2024,JW_2024,0
-2.6169481,-0.161383576,CCCCCCCCCCCCCCCCCC(=O)OC(C/C=C\CCCCCCCCOC(=O)CCN(CCCN(CC)CC)CCC(=O)OCCCCCCCC/C=C\CC(CCCCCC)OC(=O)CCCCCCCCCCCCCCCCC)CCCCCC,JW_2024,JW_2024,0
-4.6278234,-0.341281065,CCCCCCCCCCCCCCCCCC(=O)OC(C/C=C\CCCCCCCCOC(=O)CCN(CCCN(CC)CC)CCC(=O)OCCCCCCCC/C=C\CC(CCCCCC)OC(=O)CCCCCCCCCCCCCCCCC)CCCCCC,JW_2024,JW_2024,0
-2.5179904,-1.078860772,CCCCCCCCCCCCCCCCCC(=O)OC(C/C=C\CCCCCCCCOC(=O)CCN(CCCN(CC)CC)CCC(=O)OCCCCCCCC/C=C\CC(CCCCCC)OC(=O)CCCCCCCCCCCCCCCCC)CCCCCC,JW_2024,JW_2024,0
-1.5580796,1.34076046,CCCCCCCCCCCCCCCCCC(=O)OC(C/C=C\CCCCCCCCOC(=O)CCN(CCCN(CC)CC)CCC(=O)OCCCCCCCC/C=C\CC(CCCCCC)OC(=O)CCCCCCCCCCCCCCCCC)CCCCCC,JW_2024,JW_2024,2
-2.10491,0.720114122,CCCCCCCCCCCCCCCCCC(=O)OC(C/C=C\CCCCCCCCOC(=O)CCN(CCCN(CC)CC)CCC(=O)OCCCCCCCC/C=C\CC(CCCCCC)OC(=O)CCCCCCCCCCCCCCCCC)CCCCCC,JW_2024,JW_2024,1
-2.4415915,1.52065795,CCCCCCCCCCCCCCCCCC(=O)OC(C/C=C\CCCCCCCCOC(=O)CCN(CCCN(CC)CC)CCC(=O)OCCCCCCCC/C=C\CC(CCCCCC)OC(=O)CCCCCCCCCCCCCCCCC)CCCCCC,JW_2024,JW_2024,2
-1.642354,0.288360147,CCCCCCCCCCCCCCCCCC(=O)OC(C/C=C\CCCCCCCCOC(=O)CCN(CCCN(CC)CC)CCC(=O)OCCCCCCCC/C=C\CC(CCCCCC)OC(=O)CCCCCCCCCCCCCCCCC)CCCCCC,JW_2024,JW_2024,1
-2.1075838,-0.251332321,CCCCCCCCCCCCCCCCCC(=O)OC(C/C=C\CCCCCCCCOC(=O)CCN(CCCN(CC)CC)CCC(=O)OCCCCCCCC/C=C\CC(CCCCCC)OC(=O)CCCCCCCCCCCCCCCCC)CCCCCC,JW_2024,JW_2024,0
-4.1613173,1.124883473,CCCCCCCCCCCCCCCCCC(=O)OC(C/C=C\CCCCCCCCOC(=O)CCN(CCCN(CC)CC)CCC(=O)OCCCCCCCC/C=C\CC(CCCCCC)OC(=O)CCCCCCCCCCCCCCCCC)CCCCCC,JW_2024,JW_2024,1
-2.238358,1.547642573,CCCCCCCCCCCCCCCCCC(=O)OC(C/C=C\CCCCCCCCOC(=O)CCN(CCCN(CC)CC)CCC(=O)OCCCCCCCC/C=C\CC(CCCCCC)OC(=O)CCCCCCCCCCCCCCCCC)CCCCCC,JW_2024,JW_2024,2
-2.1250644,-0.359270814,CCCCCCCCCCCCCCCCCC(=O)OC(C/C=C\CCCCCCCCOC(=O)CCN(CCCN(CC)CC)CCC(=O)OCCCCCCCC/C=C\CC(CCCCCC)OC(=O)CCCCCCCCCCCCCCCCC)CCCCCC,JW_2024,JW_2024,0
-2.7087147,0.081478035,CCCCCCCCCCCCCCCCCC(=O)OC(C/C=C\CCCCCCCCOC(=O)CCN(CCCN(CC)CC)CCC(=O)OCCCCCCCC/C=C\CC(CCCCCC)OC(=O)CCCCCCCCCCCCCCCCC)CCCCCC,JW_2024,JW_2024,1
-2.1758337,0.765088494,CCCCCCCCCCCCCCCCCC(=O)OC(C/C=C\CCCCCCCCOC(=O)CCN(CCCN(CC)CC)CCC(=O)OCCCCCCCC/C=C\CC(CCCCCC)OC(=O)CCCCCCCCCCCCCCCCC)CCCCCC,JW_2024,JW_2024,1
-4.779915,1.088903975,CCCCCCCCCCCCCCCCCC(=O)OC(C/C=C\CCCCCCCCOC(=O)CCN(CCCN(CC)CC)CCC(=O)OCCCCCCCC/C=C\CC(CCCCCC)OC(=O)CCCCCCCCCCCCCCCCC)CCCCCC,JW_2024,JW_2024,1
-3.597702,1.907437552,CCCCCCCCCCCCCCCCCC(=O)OC(C/C=C\CCCCCCCCOC(=O)CCN(CCCN(CC)CC)CCC(=O)OCCCCCCCC/C=C\CC(CCCCCC)OC(=O)CCCCCCCCCCCCCCCCC)CCCCCC,JW_2024,JW_2024,2
-4.3628926,0.41428839,CCCCCCCCCCCCCCCCCC(=O)OC(C/C=C\CCCCCCCCOC(=O)CCN(CCCN(CC)CC)CCC(=O)OCCCCCCCC/C=C\CC(CCCCCC)OC(=O)CCCCCCCCCCCCCCCCC)CCCCCC,JW_2024,JW_2024,1
-1.8002324,1.709550314,CCCCCCCCCCCCCCCCCC(=O)OC(C/C=C\CCCCCCCCOC(=O)CCN(CCCN(CC)CC)CCC(=O)OCCCCCCCC/C=C\CC(CCCCCC)OC(=O)CCCCCCCCCCCCCCCCC)CCCCCC,JW_2024,JW_2024,2
-2.6522603,0.261375524,CCCCCCCCCCCCCCCCCC(=O)OC(C/C=C\CCCCCCCCOC(=O)CCN(CCCN(CC)CC)CCC(=O)OCCCCCCCC/C=C\CC(CCCCCC)OC(=O)CCCCCCCCCCCCCCCCC)CCCCCC,JW_2024,JW_2024,1
-4.653123,0.702124373,CCCCCCCCCCCCCCCCCC(=O)OC(C/C=C\CCCCCCCCOC(=O)CCN(CCCN(CC)CC)CCC(=O)OCCCCCCCC/C=C\CC(CCCCCC)OC(=O)CCCCCCCCCCCCCCCCC)CCCCCC,JW_2024,JW_2024,1
-4.7003403,-1.735486608,CCCCCC/C=C\CCC(=O)OC(C/C=C\CCCCCCCCOC(=O)CCN(CCCn1ccnc1)CCC(=O)OCCCCCCCC/C=C\CC(CCCCCC)OC(=O)CC/C=C\CCCCCC)CCCCCC,JW_2024,JW_2024,0
-4.511118,-1.429660876,CCCCCC/C=C\CCC(=O)OC(C/C=C\CCCCCCCCOC(=O)CCN(CCCn1ccnc1)CCC(=O)OCCCCCCCC/C=C\CC(CCCCCC)OC(=O)CC/C=C\CCCCCC)CCCCCC,JW_2024,JW_2024,0
-5.498789,-1.483630123,CCCCCC/C=C\CCC(=O)OC(C/C=C\CCCCCCCCOC(=O)CCN(CCCn1ccnc1)CCC(=O)OCCCCCCCC/C=C\CC(CCCCCC)OC(=O)CC/C=C\CCCCCC)CCCCCC,JW_2024,JW_2024,0
-4.6042666,-1.681517361,CCCCCC/C=C\CCC(=O)OC(C/C=C\CCCCCCCCOC(=O)CCN(CCCn1ccnc1)CCC(=O)OCCCCCCCC/C=C\CC(CCCCCC)OC(=O)CC/C=C\CCCCCC)CCCCCC,JW_2024,JW_2024,0
-4.6113048,-1.501619872,CCCCCC/C=C\CCC(=O)OC(C/C=C\CCCCCCCCOC(=O)CCN(CCCn1ccnc1)CCC(=O)OCCCCCCCC/C=C\CC(CCCCCC)OC(=O)CC/C=C\CCCCCC)CCCCCC,JW_2024,JW_2024,0
-5.0822053,-2.589999683,CCCCCC/C=C\CCC(=O)OC(C/C=C\CCCCCCCCOC(=O)CCN(CCCn1ccnc1)CCC(=O)OCCCCCCCC/C=C\CC(CCCCCC)OC(=O)CC/C=C\CCCCCC)CCCCCC,JW_2024,JW_2024,0
-4.951098,-0.997906902,CCCCCC/C=C\CCC(=O)OC(C/C=C\CCCCCCCCOC(=O)CCN(CCCn1ccnc1)CCC(=O)OCCCCCCCC/C=C\CC(CCCCCC)OC(=O)CC/C=C\CCCCCC)CCCCCC,JW_2024,JW_2024,0
-4.966804,-1.933373846,CCCCCC/C=C\CCC(=O)OC(C/C=C\CCCCCCCCOC(=O)CCN(CCCn1ccnc1)CCC(=O)OCCCCCCCC/C=C\CC(CCCCCC)OC(=O)CC/C=C\CCCCCC)CCCCCC,JW_2024,JW_2024,0
-5.0919747,-0.656101672,CCCCCC/C=C\CCC(=O)OC(C/C=C\CCCCCCCCOC(=O)CCN(CCCn1ccnc1)CCC(=O)OCCCCCCCC/C=C\CC(CCCCCC)OC(=O)CC/C=C\CCCCCC)CCCCCC,JW_2024,JW_2024,0
-5.0365067,-1.35770188,CCCCCC/C=C\CCC(=O)OC(C/C=C\CCCCCCCCOC(=O)CCN(CCCn1ccnc1)CCC(=O)OCCCCCCCC/C=C\CC(CCCCCC)OC(=O)CC/C=C\CCCCCC)CCCCCC,JW_2024,JW_2024,0
-6.0355706,-0.26932207,CCCCCC/C=C\CCC(=O)OC(C/C=C\CCCCCCCCOC(=O)CCN(CCCn1ccnc1)CCC(=O)OCCCCCCCC/C=C\CC(CCCCCC)OC(=O)CC/C=C\CCCCCC)CCCCCC,JW_2024,JW_2024,0
-4.6587286,-1.573578868,CCCCCC/C=C\CCC(=O)OC(C/C=C\CCCCCCCCOC(=O)CCN(CCCn1ccnc1)CCC(=O)OCCCCCCCC/C=C\CC(CCCCCC)OC(=O)CC/C=C\CCCCCC)CCCCCC,JW_2024,JW_2024,0
-4.939565,-1.294737759,CCCCCC/C=C\CCC(=O)OC(C/C=C\CCCCCCCCOC(=O)CCN(CCCn1ccnc1)CCC(=O)OCCCCCCCC/C=C\CC(CCCCCC)OC(=O)CC/C=C\CCCCCC)CCCCCC,JW_2024,JW_2024,0
-6.016683,-1.303732634,CCCCCC/C=C\CCC(=O)OC(C/C=C\CCCCCCCCOC(=O)CCN(CCCn1ccnc1)CCC(=O)OCCCCCCCC/C=C\CC(CCCCCC)OC(=O)CC/C=C\CCCCCC)CCCCCC,JW_2024,JW_2024,0
-5.199195,-1.465640374,CCCCCCCCCCCC(=O)OC(C/C=C\CCCCCCCCOC(=O)CCN(CCCn1ccnc1)CCC(=O)OCCCCCCCC/C=C\CC(CCCCCC)OC(=O)CCCCCCCCCCC)CCCCCC,JW_2024,JW_2024,0
-4.58773,-0.916953031,CCCCCCCCCCCC(=O)OC(C/C=C\CCCCCCCCOC(=O)CCN(CCCn1ccnc1)CCC(=O)OCCCCCCCC/C=C\CC(CCCCCC)OC(=O)CCCCCCCCCCC)CCCCCC,JW_2024,JW_2024,0
-6.1362925,-1.168809517,CCCCCCCCCCCC(=O)OC(C/C=C\CCCCCCCCOC(=O)CCN(CCCn1ccnc1)CCC(=O)OCCCCCCCC/C=C\CC(CCCCCC)OC(=O)CCCCCCCCCCC)CCCCCC,JW_2024,JW_2024,0
-5.096403,-0.979917153,CCCCCCCCCCCC(=O)OC(C/C=C\CCCCCCCCOC(=O)CCN(CCCn1ccnc1)CCC(=O)OCCCCCCCC/C=C\CC(CCCCCC)OC(=O)CCCCCCCCCCC)CCCCCC,JW_2024,JW_2024,0
-5.6346397,-1.582573742,CCCCCCCCCCCC(=O)OC(C/C=C\CCCCCCCCOC(=O)CCN(CCCn1ccnc1)CCC(=O)OCCCCCCCC/C=C\CC(CCCCCC)OC(=O)CCCCCCCCCCC)CCCCCC,JW_2024,JW_2024,0
-5.5138097,-1.762471232,CCCCCCCCCCCC(=O)OC(C/C=C\CCCCCCCCOC(=O)CCN(CCCn1ccnc1)CCC(=O)OCCCCCCCC/C=C\CC(CCCCCC)OC(=O)CCCCCCCCCCC)CCCCCC,JW_2024,JW_2024,0
-6.0613995,-0.485199057,CCCCCCCCCCCC(=O)OC(C/C=C\CCCCCCCCOC(=O)CCN(CCCn1ccnc1)CCC(=O)OCCCCCCCC/C=C\CC(CCCCCC)OC(=O)CCCCCCCCCCC)CCCCCC,JW_2024,JW_2024,0
-5.659876,-0.395250312,CCCCCCCCCCCC(=O)OC(C/C=C\CCCCCCCCOC(=O)CCN(CCCn1ccnc1)CCC(=O)OCCCCCCCC/C=C\CC(CCCCCC)OC(=O)CCCCCCCCCCC)CCCCCC,JW_2024,JW_2024,0
-4.957524,0.522226884,CCCCCCCCCCCC(=O)OC(C/C=C\CCCCCCCCOC(=O)CCN(CCCn1ccnc1)CCC(=O)OCCCCCCCC/C=C\CC(CCCCCC)OC(=O)CCCCCCCCCCC)CCCCCC,JW_2024,JW_2024,1
-5.445158,-1.069865897,CCCCCCCCCCCC(=O)OC(C/C=C\CCCCCCCCOC(=O)CCN(CCCn1ccnc1)CCC(=O)OCCCCCCCC/C=C\CC(CCCCCC)OC(=O)CCCCCCCCCCC)CCCCCC,JW_2024,JW_2024,0
-6.3114004,0.711119248,CCCCCCCCCCCC(=O)OC(C/C=C\CCCCCCCCOC(=O)CCN(CCCn1ccnc1)CCC(=O)OCCCCCCCC/C=C\CC(CCCCCC)OC(=O)CCCCCCCCCCC)CCCCCC,JW_2024,JW_2024,1
-5.0699353,-0.871978659,CCCCCCCCCCCC(=O)OC(C/C=C\CCCCCCCCOC(=O)CCN(CCCn1ccnc1)CCC(=O)OCCCCCCCC/C=C\CC(CCCCCC)OC(=O)CCCCCCCCCCC)CCCCCC,JW_2024,JW_2024,0
-5.4627953,-1.465640374,CCCCCCCCCCCC(=O)OC(C/C=C\CCCCCCCCOC(=O)CCN(CCCn1ccnc1)CCC(=O)OCCCCCCCC/C=C\CC(CCCCCC)OC(=O)CCCCCCCCCCC)CCCCCC,JW_2024,JW_2024,0
-6.44416,0.207406277,CCCCCCCCCCCC(=O)OC(C/C=C\CCCCCCCCOC(=O)CCN(CCCn1ccnc1)CCC(=O)OCCCCCCCC/C=C\CC(CCCCCC)OC(=O)CCCCCCCCCCC)CCCCCC,JW_2024,JW_2024,1
-6.3163114,-1.564583993,CCCCCCCCCCCCCCCCCC(=O)OC(C/C=C\CCCCCCCCOC(=O)CCN(CCCn1ccnc1)CCC(=O)OCCCCCCCC/C=C\CC(CCCCCC)OC(=O)CCCCCCCCCCCCCCCCC)CCCCCC,JW_2024,JW_2024,0
-5.5287676,0.090472909,CCCCCCCCCCCCCCCCCC(=O)OC(C/C=C\CCCCCCCCOC(=O)CCN(CCCn1ccnc1)CCC(=O)OCCCCCCCC/C=C\CC(CCCCCC)OC(=O)CCCCCCCCCCCCCCCCC)CCCCCC,JW_2024,JW_2024,1
-6.0035114,-0.215352823,CCCCCCCCCCCCCCCCCC(=O)OC(C/C=C\CCCCCCCCOC(=O)CCN(CCCn1ccnc1)CCC(=O)OCCCCCCCC/C=C\CC(CCCCCC)OC(=O)CCCCCCCCCCCCCCCCC)CCCCCC,JW_2024,JW_2024,0
-6.3163114,-0.943937655,CCCCCCCCCCCCCCCCCC(=O)OC(C/C=C\CCCCCCCCOC(=O)CCN(CCCn1ccnc1)CCC(=O)OCCCCCCCC/C=C\CC(CCCCCC)OC(=O)CCCCCCCCCCCCCCCCC)CCCCCC,JW_2024,JW_2024,0
-6.50075,-1.726491734,CCCCCCCCCCCCCCCCCC(=O)OC(C/C=C\CCCCCCCCOC(=O)CCN(CCCn1ccnc1)CCC(=O)OCCCCCCCC/C=C\CC(CCCCCC)OC(=O)CCCCCCCCCCCCCCCCC)CCCCCC,JW_2024,JW_2024,0
-6.546158,-1.528604495,CCCCCCCCCCCCCCCCCC(=O)OC(C/C=C\CCCCCCCCOC(=O)CCN(CCCn1ccnc1)CCC(=O)OCCCCCCCC/C=C\CC(CCCCCC)OC(=O)CCCCCCCCCCCCCCCCC)CCCCCC,JW_2024,JW_2024,0
-7.785117,-0.341281065,CCCCCCCCCCCCCCCCCC(=O)OC(C/C=C\CCCCCCCCOC(=O)CCN(CCCn1ccnc1)CCC(=O)OCCCCCCCC/C=C\CC(CCCCCC)OC(=O)CCCCCCCCCCCCCCCCC)CCCCCC,JW_2024,JW_2024,0
-6.4198318,-0.053445082,CCCCCCCCCCCCCCCCCC(=O)OC(C/C=C\CCCCCCCCOC(=O)CCN(CCCn1ccnc1)CCC(=O)OCCCCCCCC/C=C\CC(CCCCCC)OC(=O)CCCCCCCCCCCCCCCCC)CCCCCC,JW_2024,JW_2024,0
-5.507884,0.531221758,CCCCCCCCCCCCCCCCCC(=O)OC(C/C=C\CCCCCCCCOC(=O)CCN(CCCn1ccnc1)CCC(=O)OCCCCCCCC/C=C\CC(CCCCCC)OC(=O)CCCCCCCCCCCCCCCCC)CCCCCC,JW_2024,JW_2024,1
-5.966106,-0.701076044,CCCCCCCCCCCCCCCCCC(=O)OC(C/C=C\CCCCCCCCOC(=O)CCN(CCCn1ccnc1)CCC(=O)OCCCCCCCC/C=C\CC(CCCCCC)OC(=O)CCCCCCCCCCCCCCCCC)CCCCCC,JW_2024,JW_2024,0
-6.283113,0.621170503,CCCCCCCCCCCCCCCCCC(=O)OC(C/C=C\CCCCCCCCOC(=O)CCN(CCCn1ccnc1)CCC(=O)OCCCCCCCC/C=C\CC(CCCCCC)OC(=O)CCCCCCCCCCCCCCCCC)CCCCCC,JW_2024,JW_2024,1
-5.703845,-0.943937655,CCCCCCCCCCCCCCCCCC(=O)OC(C/C=C\CCCCCCCCOC(=O)CCN(CCCn1ccnc1)CCC(=O)OCCCCCCCC/C=C\CC(CCCCCC)OC(=O)CCCCCCCCCCCCCCCCC)CCCCCC,JW_2024,JW_2024,0
-5.8492913,-1.060871023,CCCCCCCCCCCCCCCCCC(=O)OC(C/C=C\CCCCCCCCOC(=O)CCN(CCCn1ccnc1)CCC(=O)OCCCCCCCC/C=C\CC(CCCCCC)OC(=O)CCCCCCCCCCCCCCCCC)CCCCCC,JW_2024,JW_2024,0
-7.504874,-0.395250312,CCCCCCCCCCCCCCCCCC(=O)OC(C/C=C\CCCCCCCCOC(=O)CCN(CCCn1ccnc1)CCC(=O)OCCCCCCCC/C=C\CC(CCCCCC)OC(=O)CCCCCCCCCCCCCCCCC)CCCCCC,JW_2024,JW_2024,0
-5.6191883,-1.411671127,CCCCCCCC/C=C\CCCCCCCC(=O)OC(C/C=C\CCCCCCCCOC(=O)CCN(CCCn1ccnc1)CCC(=O)OCCCCCCCC/C=C\CC(CCCCCC)OC(=O)CCCCCCC/C=C\CCCCCCCC)CCCCCC,JW_2024,JW_2024,0
-5.1187844,-0.683086295,CCCCCCCC/C=C\CCCCCCCC(=O)OC(C/C=C\CCCCCCCCOC(=O)CCN(CCCn1ccnc1)CCC(=O)OCCCCCCCC/C=C\CC(CCCCCC)OC(=O)CCCCCCC/C=C\CCCCCCCC)CCCCCC,JW_2024,JW_2024,0
-4.79567,-0.395250312,CCCCCCCC/C=C\CCCCCCCC(=O)OC(C/C=C\CCCCCCCCOC(=O)CCN(CCCn1ccnc1)CCC(=O)OCCCCCCCC/C=C\CC(CCCCCC)OC(=O)CCCCCCC/C=C\CCCCCCCC)CCCCCC,JW_2024,JW_2024,0
-5.6191883,-1.35770188,CCCCCCCC/C=C\CCCCCCCC(=O)OC(C/C=C\CCCCCCCCOC(=O)CCN(CCCn1ccnc1)CCC(=O)OCCCCCCCC/C=C\CC(CCCCCC)OC(=O)CCCCCCC/C=C\CCCCCCCC)CCCCCC,JW_2024,JW_2024,0
-5.9984636,-1.384686504,CCCCCCCC/C=C\CCCCCCCC(=O)OC(C/C=C\CCCCCCCCOC(=O)CCN(CCCn1ccnc1)CCC(=O)OCCCCCCCC/C=C\CC(CCCCCC)OC(=O)CCCCCCC/C=C\CCCCCCCC)CCCCCC,JW_2024,JW_2024,0
-5.4157033,-2.059302089,CCCCCCCC/C=C\CCCCCCCC(=O)OC(C/C=C\CCCCCCCCOC(=O)CCN(CCCn1ccnc1)CCC(=O)OCCCCCCCC/C=C\CC(CCCCCC)OC(=O)CCCCCCC/C=C\CCCCCCCC)CCCCCC,JW_2024,JW_2024,0
-6.252435,-0.871978659,CCCCCCCC/C=C\CCCCCCCC(=O)OC(C/C=C\CCCCCCCCOC(=O)CCN(CCCn1ccnc1)CCC(=O)OCCCCCCCC/C=C\CC(CCCCCC)OC(=O)CCCCCCC/C=C\CCCCCCCC)CCCCCC,JW_2024,JW_2024,0
-6.092718,-1.015896651,CCCCCCCC/C=C\CCCCCCCC(=O)OC(C/C=C\CCCCCCCCOC(=O)CCN(CCCn1ccnc1)CCC(=O)OCCCCCCCC/C=C\CC(CCCCCC)OC(=O)CCCCCCC/C=C\CCCCCCCC)CCCCCC,JW_2024,JW_2024,0
-5.1356735,0.369314018,CCCCCCCC/C=C\CCCCCCCC(=O)OC(C/C=C\CCCCCCCCOC(=O)CCN(CCCn1ccnc1)CCC(=O)OCCCCCCCC/C=C\CC(CCCCCC)OC(=O)CCCCCCC/C=C\CCCCCCCC)CCCCCC,JW_2024,JW_2024,1
-5.5042286,-1.303732634,CCCCCCCC/C=C\CCCCCCCC(=O)OC(C/C=C\CCCCCCCCOC(=O)CCN(CCCn1ccnc1)CCC(=O)OCCCCCCCC/C=C\CC(CCCCCC)OC(=O)CCCCCCC/C=C\CCCCCCCC)CCCCCC,JW_2024,JW_2024,0
-5.275213,0.83704749,CCCCCCCC/C=C\CCCCCCCC(=O)OC(C/C=C\CCCCCCCCOC(=O)CCN(CCCn1ccnc1)CCC(=O)OCCCCCCCC/C=C\CC(CCCCCC)OC(=O)CCCCCCC/C=C\CCCCCCCC)CCCCCC,JW_2024,JW_2024,1
-5.260974,-1.015896651,CCCCCCCC/C=C\CCCCCCCC(=O)OC(C/C=C\CCCCCCCCOC(=O)CCN(CCCn1ccnc1)CCC(=O)OCCCCCCCC/C=C\CC(CCCCCC)OC(=O)CCCCCCC/C=C\CCCCCCCC)CCCCCC,JW_2024,JW_2024,0
-5.3989596,-1.348707006,CCCCCCCC/C=C\CCCCCCCC(=O)OC(C/C=C\CCCCCCCCOC(=O)CCN(CCCn1ccnc1)CCC(=O)OCCCCCCCC/C=C\CC(CCCCCC)OC(=O)CCCCCCC/C=C\CCCCCCCC)CCCCCC,JW_2024,JW_2024,0
-6.2123885,-0.467209308,CCCCCCCC/C=C\CCCCCCCC(=O)OC(C/C=C\CCCCCCCCOC(=O)CCN(CCCn1ccnc1)CCC(=O)OCCCCCCCC/C=C\CC(CCCCCC)OC(=O)CCCCCCC/C=C\CCCCCCCC)CCCCCC,JW_2024,JW_2024,0
-4.4928694,-1.726491734,CCCCCCCC/C=C\CCCCCCCC(=O)OC(C/C=C\CCCCCCCCOC(=O)CCN(CCC(=O)OCCCCCCCC/C=C\CC(CCCCCC)OC(=O)CCCCCCC/C=C\CCCCCCCC)CCc1ccncc1)CCCCCC,JW_2024,JW_2024,0
-4.117314,-0.476204182,CCCCCCCC/C=C\CCCCCCCC(=O)OC(C/C=C\CCCCCCCCOC(=O)CCN(CCC(=O)OCCCCCCCC/C=C\CC(CCCCCC)OC(=O)CCCCCCC/C=C\CCCCCCCC)CCc1ccncc1)CCCCCC,JW_2024,JW_2024,0
-4.016844,0.162431905,CCCCCCCC/C=C\CCCCCCCC(=O)OC(C/C=C\CCCCCCCCOC(=O)CCN(CCC(=O)OCCCCCCCC/C=C\CC(CCCCCC)OC(=O)CCCCCCC/C=C\CCCCCCCC)CCc1ccncc1)CCCCCC,JW_2024,JW_2024,1
-4.4928694,-0.467209308,CCCCCCCC/C=C\CCCCCCCC(=O)OC(C/C=C\CCCCCCCCOC(=O)CCN(CCC(=O)OCCCCCCCC/C=C\CC(CCCCCC)OC(=O)CCCCCCC/C=C\CCCCCCCC)CCc1ccncc1)CCCCCC,JW_2024,JW_2024,0
-4.1750336,-1.321722383,CCCCCCCC/C=C\CCCCCCCC(=O)OC(C/C=C\CCCCCCCCOC(=O)CCN(CCC(=O)OCCCCCCCC/C=C\CC(CCCCCC)OC(=O)CCCCCCC/C=C\CCCCCCCC)CCc1ccncc1)CCCCCC,JW_2024,JW_2024,0
-4.4391956,-1.519609621,CCCCCCCC/C=C\CCCCCCCC(=O)OC(C/C=C\CCCCCCCCOC(=O)CCN(CCC(=O)OCCCCCCCC/C=C\CC(CCCCCC)OC(=O)CCCCCCC/C=C\CCCCCCCC)CCc1ccncc1)CCCCCC,JW_2024,JW_2024,0
-5.3396044,0.117457533,CCCCCCCC/C=C\CCCCCCCC(=O)OC(C/C=C\CCCCCCCCOC(=O)CCN(CCC(=O)OCCCCCCCC/C=C\CC(CCCCCC)OC(=O)CCCCCCC/C=C\CCCCCCCC)CCc1ccncc1)CCCCCC,JW_2024,JW_2024,1
-4.3903327,-0.43122981,CCCCCCCC/C=C\CCCCCCCC(=O)OC(C/C=C\CCCCCCCCOC(=O)CCN(CCC(=O)OCCCCCCCC/C=C\CC(CCCCCC)OC(=O)CCCCCCC/C=C\CCCCCCCC)CCc1ccncc1)CCCCCC,JW_2024,JW_2024,0
-4.0057316,0.594185879,CCCCCCCC/C=C\CCCCCCCC(=O)OC(C/C=C\CCCCCCCCOC(=O)CCN(CCC(=O)OCCCCCCCC/C=C\CC(CCCCCC)OC(=O)CCCCCCC/C=C\CCCCCCCC)CCc1ccncc1)CCCCCC,JW_2024,JW_2024,1
-3.9819791,-1.258758261,CCCCCCCC/C=C\CCCCCCCC(=O)OC(C/C=C\CCCCCCCCOC(=O)CCN(CCC(=O)OCCCCCCCC/C=C\CC(CCCCCC)OC(=O)CCCCCCC/C=C\CCCCCCCC)CCc1ccncc1)CCCCCC,JW_2024,JW_2024,0
-4.259703,0.801067992,CCCCCCCC/C=C\CCCCCCCC(=O)OC(C/C=C\CCCCCCCCOC(=O)CCN(CCC(=O)OCCCCCCCC/C=C\CC(CCCCCC)OC(=O)CCCCCCC/C=C\CCCCCCCC)CCc1ccncc1)CCCCCC,JW_2024,JW_2024,1
-3.8043976,-1.015896651,CCCCCCCC/C=C\CCCCCCCC(=O)OC(C/C=C\CCCCCCCCOC(=O)CCN(CCC(=O)OCCCCCCCC/C=C\CC(CCCCCC)OC(=O)CCCCCCC/C=C\CCCCCCCC)CCc1ccncc1)CCCCCC,JW_2024,JW_2024,0
-3.920444,-1.438655751,CCCCCCCC/C=C\CCCCCCCC(=O)OC(C/C=C\CCCCCCCCOC(=O)CCN(CCC(=O)OCCCCCCCC/C=C\CC(CCCCCC)OC(=O)CCCCCCC/C=C\CCCCCCCC)CCc1ccncc1)CCCCCC,JW_2024,JW_2024,0
-5.621613,-1.0338864,CCCCCCCC/C=C\CCCCCCCC(=O)OC(C/C=C\CCCCCCCCOC(=O)CCN(CCC(=O)OCCCCCCCC/C=C\CC(CCCCCC)OC(=O)CCCCCCC/C=C\CCCCCCCC)CCc1ccncc1)CCCCCC,JW_2024,JW_2024,0
-5.179877,-0.00847071,CCCCCCCC/C=C\CCCCCCCC(=O)OC(C/C=C\CCCCCCCCOC(=O)CCN(CCC(=O)OCCCCCCCC/C=C\CC(CCCCCC)OC(=O)CCCCCCC/C=C\CCCCCCCC)CCN1CCCC1)CCCCCC,JW_2024,JW_2024,0
-4.276139,-0.152388702,CCCCCCCC/C=C\CCCCCCCC(=O)OC(C/C=C\CCCCCCCCOC(=O)CCN(CCC(=O)OCCCCCCCC/C=C\CC(CCCCCC)OC(=O)CCCCCCC/C=C\CCCCCCCC)CCN1CCCC1)CCCCCC,JW_2024,JW_2024,0
-4.0571814,0.558206382,CCCCCCCC/C=C\CCCCCCCC(=O)OC(C/C=C\CCCCCCCCOC(=O)CCN(CCC(=O)OCCCCCCCC/C=C\CC(CCCCCC)OC(=O)CCCCCCC/C=C\CCCCCCCC)CCN1CCCC1)CCCCCC,JW_2024,JW_2024,1
-5.28472,0.729108996,CCCCCCCC/C=C\CCCCCCCC(=O)OC(C/C=C\CCCCCCCCOC(=O)CCN(CCC(=O)OCCCCCCCC/C=C\CC(CCCCCC)OC(=O)CCCCCCC/C=C\CCCCCCCC)CCN1CCCC1)CCCCCC,JW_2024,JW_2024,1
-5.6280346,-0.017465585,CCCCCCCC/C=C\CCCCCCCC(=O)OC(C/C=C\CCCCCCCCOC(=O)CCN(CCC(=O)OCCCCCCCC/C=C\CC(CCCCCC)OC(=O)CCCCCCC/C=C\CCCCCCCC)CCN1CCCC1)CCCCCC,JW_2024,JW_2024,0
-4.3626533,-0.026460459,CCCCCCCC/C=C\CCCCCCCC(=O)OC(C/C=C\CCCCCCCCOC(=O)CCN(CCC(=O)OCCCCCCCC/C=C\CC(CCCCCC)OC(=O)CCCCCCC/C=C\CCCCCCCC)CCN1CCCC1)CCCCCC,JW_2024,JW_2024,0
-6.446351,1.547642573,CCCCCCCC/C=C\CCCCCCCC(=O)OC(C/C=C\CCCCCCCCOC(=O)CCN(CCC(=O)OCCCCCCCC/C=C\CC(CCCCCC)OC(=O)CCCCCCC/C=C\CCCCCCCC)CCN1CCCC1)CCCCCC,JW_2024,JW_2024,2
-4.8520646,-0.952932529,CCCCCCCC/C=C\CCCCCCCC(=O)OC(C/C=C\CCCCCCCCOC(=O)CCN(CCC(=O)OCCCCCCCC/C=C\CC(CCCCCC)OC(=O)CCCCCCC/C=C\CCCCCCCC)CCN1CCCC1)CCCCCC,JW_2024,JW_2024,0
-4.2740927,1.376739958,CCCCCCCC/C=C\CCCCCCCC(=O)OC(C/C=C\CCCCCCCCOC(=O)CCN(CCC(=O)OCCCCCCCC/C=C\CC(CCCCCC)OC(=O)CCCCCCC/C=C\CCCCCCCC)CCN1CCCC1)CCCCCC,JW_2024,JW_2024,2
-4.6426406,1.034934728,CCCCCCCC/C=C\CCCCCCCC(=O)OC(C/C=C\CCCCCCCCOC(=O)CCN(CCC(=O)OCCCCCCCC/C=C\CC(CCCCCC)OC(=O)CCCCCCC/C=C\CCCCCCCC)CCN1CCCC1)CCCCCC,JW_2024,JW_2024,1
-3.9893663,1.142873222,CCCCCCCC/C=C\CCCCCCCC(=O)OC(C/C=C\CCCCCCCCOC(=O)CCN(CCC(=O)OCCCCCCCC/C=C\CC(CCCCCC)OC(=O)CCCCCCC/C=C\CCCCCCCC)CCN1CCCC1)CCCCCC,JW_2024,JW_2024,1
-4.384676,-0.143393827,CCCCCCCC/C=C\CCCCCCCC(=O)OC(C/C=C\CCCCCCCCOC(=O)CCN(CCC(=O)OCCCCCCCC/C=C\CC(CCCCCC)OC(=O)CCCCCCC/C=C\CCCCCCCC)CCN1CCCC1)CCCCCC,JW_2024,JW_2024,0
-4.665439,-0.251332321,CCCCCCCC/C=C\CCCCCCCC(=O)OC(C/C=C\CCCCCCCCOC(=O)CCN(CCC(=O)OCCCCCCCC/C=C\CC(CCCCCC)OC(=O)CCCCCCC/C=C\CCCCCCCC)CCN1CCCC1)CCCCCC,JW_2024,JW_2024,0
-5.7662635,0.657150001,CCCCCCCC/C=C\CCCCCCCC(=O)OC(C/C=C\CCCCCCCCOC(=O)CCN(CCC(=O)OCCCCCCCC/C=C\CC(CCCCCC)OC(=O)CCCCCCC/C=C\CCCCCCCC)CCN1CCCC1)CCCCCC,JW_2024,JW_2024,1
-5.221891,-0.341281065,CCCCCCCC/C=C\CCCCCCCC(=O)OC(C/C=C\CCCCCCCCOC(=O)CCN(CCC(=O)OCCCCCCCC/C=C\CC(CCCCCC)OC(=O)CCCCCCC/C=C\CCCCCCCC)CCN1CCCC1)CCCCCC,JW_2024,JW_2024,0
-5.256399,-0.206357948,CCCCCCCC/C=C\CCCCCCCC(=O)OC(C/C=C\CCCCCCCCOC(=O)CCN(CCC(=O)OCCCCCCCC/C=C\CC(CCCCCC)OC(=O)CCCCCCC/C=C\CCCCCCCC)CCN1CCCC1)CCCCCC,JW_2024,JW_2024,0
-4.9293203,0.909006486,CCCCCCCC/C=C\CCCCCCCC(=O)OC(C/C=C\CCCCCCCCOC(=O)CCN(CCC(=O)OCCCCCCCC/C=C\CC(CCCCCC)OC(=O)CCCCCCC/C=C\CCCCCCCC)CCN1CCCC1)CCCCCC,JW_2024,JW_2024,1
-5.331813,1.151868096,CCCCCCCC/C=C\CCCCCCCC(=O)OC(C/C=C\CCCCCCCCOC(=O)CCN(CCC(=O)OCCCCCCCC/C=C\CC(CCCCCC)OC(=O)CCCCCCC/C=C\CCCCCCCC)CCN1CCCC1)CCCCCC,JW_2024,JW_2024,1
-5.9154453,1.439704079,CCCCCCCC/C=C\CCCCCCCC(=O)OC(C/C=C\CCCCCCCCOC(=O)CCN(CCC(=O)OCCCCCCCC/C=C\CC(CCCCCC)OC(=O)CCCCCCC/C=C\CCCCCCCC)CCN1CCCC1)CCCCCC,JW_2024,JW_2024,2
-5.7293544,1.826483682,CCCCCCCC/C=C\CCCCCCCC(=O)OC(C/C=C\CCCCCCCCOC(=O)CCN(CCC(=O)OCCCCCCCC/C=C\CC(CCCCCC)OC(=O)CCCCCCC/C=C\CCCCCCCC)CCN1CCCC1)CCCCCC,JW_2024,JW_2024,2
-6.335769,0.324339645,CCCCCCCC/C=C\CCCCCCCC(=O)OC(C/C=C\CCCCCCCCOC(=O)CCN(CCC(=O)OCCCCCCCC/C=C\CC(CCCCCC)OC(=O)CCCCCCC/C=C\CCCCCCCC)CCN1CCCC1)CCCCCC,JW_2024,JW_2024,1
-4.807996,0.962975733,CCCCCCCC/C=C\CCCCCCCC(=O)OC(C/C=C\CCCCCCCCOC(=O)CCN(CCC(=O)OCCCCCCCC/C=C\CC(CCCCCC)OC(=O)CCCCCCC/C=C\CCCCCCCC)CCN1CCCC1)CCCCCC,JW_2024,JW_2024,1
-5.3577666,0.67513975,CCCCCCCC/C=C\CCCCCCCC(=O)OC(C/C=C\CCCCCCCCOC(=O)CCN(CCC(=O)OCCCCCCCC/C=C\CC(CCCCCC)OC(=O)CCCCCCC/C=C\CCCCCCCC)CCN1CCCC1)CCCCCC,JW_2024,JW_2024,1
-6.5797977,0.900011611,CCCCCCCC/C=C\CCCCCCCC(=O)OC(C/C=C\CCCCCCCCOC(=O)CCN(CCC(=O)OCCCCCCCC/C=C\CC(CCCCCC)OC(=O)CCCCCCC/C=C\CCCCCCCC)CCN1CCCC1)CCCCCC,JW_2024,JW_2024,1
-4.047486,-1.087855646,CCCCCCCC/C=C\CCCCCCCC(=O)OC(C/C=C\CCCCCCCCOC(=O)CCN(CCC(=O)OCCCCCCCC/C=C\CC(CCCCCC)OC(=O)CCCCCCC/C=C\CCCCCCCC)CCN1CCOCC1)CCCCCC,JW_2024,JW_2024,0
-4.0488424,-1.294737759,CCCCCCCC/C=C\CCCCCCCC(=O)OC(C/C=C\CCCCCCCCOC(=O)CCN(CCC(=O)OCCCCCCCC/C=C\CC(CCCCCC)OC(=O)CCCCCCC/C=C\CCCCCCCC)CCN1CCOCC1)CCCCCC,JW_2024,JW_2024,0
-3.8258972,-0.449219559,CCCCCCCC/C=C\CCCCCCCC(=O)OC(C/C=C\CCCCCCCCOC(=O)CCN(CCC(=O)OCCCCCCCC/C=C\CC(CCCCCC)OC(=O)CCCCCCC/C=C\CCCCCCCC)CCN1CCOCC1)CCCCCC,JW_2024,JW_2024,0
-4.047486,-0.359270814,CCCCCCCC/C=C\CCCCCCCC(=O)OC(C/C=C\CCCCCCCCOC(=O)CCN(CCC(=O)OCCCCCCCC/C=C\CC(CCCCCC)OC(=O)CCCCCCC/C=C\CCCCCCCC)CCN1CCOCC1)CCCCCC,JW_2024,JW_2024,0
-4.241045,-1.024891525,CCCCCCCC/C=C\CCCCCCCC(=O)OC(C/C=C\CCCCCCCCOC(=O)CCN(CCC(=O)OCCCCCCCC/C=C\CC(CCCCCC)OC(=O)CCCCCCC/C=C\CCCCCCCC)CCN1CCOCC1)CCCCCC,JW_2024,JW_2024,0
-4.226766,-0.530173429,CCCCCCCC/C=C\CCCCCCCC(=O)OC(C/C=C\CCCCCCCCOC(=O)CCN(CCC(=O)OCCCCCCCC/C=C\CC(CCCCCC)OC(=O)CCCCCCC/C=C\CCCCCCCC)CCN1CCOCC1)CCCCCC,JW_2024,JW_2024,0
-5.136673,-0.017465585,CCCCCCCC/C=C\CCCCCCCC(=O)OC(C/C=C\CCCCCCCCOC(=O)CCN(CCC(=O)OCCCCCCCC/C=C\CC(CCCCCC)OC(=O)CCCCCCC/C=C\CCCCCCCC)CCN1CCOCC1)CCCCCC,JW_2024,JW_2024,0
-4.7799835,-2.014327717,CCCCCCCC/C=C\CCCCCCCC(=O)OC(C/C=C\CCCCCCCCOC(=O)CCN(CCC(=O)OCCCCCCCC/C=C\CC(CCCCCC)OC(=O)CCCCCCC/C=C\CCCCCCCC)CCN1CCOCC1)CCCCCC,JW_2024,JW_2024,0
-4.0308285,-0.557158053,CCCCCCCC/C=C\CCCCCCCC(=O)OC(C/C=C\CCCCCCCCOC(=O)CCN(CCC(=O)OCCCCCCCC/C=C\CC(CCCCCC)OC(=O)CCCCCCC/C=C\CCCCCCCC)CCN1CCOCC1)CCCCCC,JW_2024,JW_2024,0
-4.5470977,-0.485199057,CCCCCCCC/C=C\CCCCCCCC(=O)OC(C/C=C\CCCCCCCCOC(=O)CCN(CCC(=O)OCCCCCCCC/C=C\CC(CCCCCC)OC(=O)CCCCCCC/C=C\CCCCCCCC)CCN1CCOCC1)CCCCCC,JW_2024,JW_2024,0
-4.131817,0.261375524,CCCCCCCC/C=C\CCCCCCCC(=O)OC(C/C=C\CCCCCCCCOC(=O)CCN(CCC(=O)OCCCCCCCC/C=C\CC(CCCCCC)OC(=O)CCCCCCC/C=C\CCCCCCCC)CCN1CCOCC1)CCCCCC,JW_2024,JW_2024,1
-4.303353,-1.555589119,CCCCCCCC/C=C\CCCCCCCC(=O)OC(C/C=C\CCCCCCCCOC(=O)CCN(CCC(=O)OCCCCCCCC/C=C\CC(CCCCCC)OC(=O)CCCCCCC/C=C\CCCCCCCC)CCN1CCOCC1)CCCCCC,JW_2024,JW_2024,0
-4.4857507,-1.231773638,CCCCCCCC/C=C\CCCCCCCC(=O)OC(C/C=C\CCCCCCCCOC(=O)CCN(CCC(=O)OCCCCCCCC/C=C\CC(CCCCCC)OC(=O)CCCCCCC/C=C\CCCCCCCC)CCN1CCOCC1)CCCCCC,JW_2024,JW_2024,0
-5.602156,-0.143393827,CCCCCCCC/C=C\CCCCCCCC(=O)OC(C/C=C\CCCCCCCCOC(=O)CCN(CCC(=O)OCCCCCCCC/C=C\CC(CCCCCC)OC(=O)CCCCCCC/C=C\CCCCCCCC)CCN1CCOCC1)CCCCCC,JW_2024,JW_2024,0
-3.0148664,-0.521178555,CCCCCCCC/C=C\CCCCCCCC(=O)OC(C/C=C\CCCCCCCCOC(=O)CCN(CCCN(CC)CC)CCC(=O)OCCCCCCCC/C=C\CC(CCCCCC)OC(=O)CCCCCCC/C=C\CCCCCCCC)CCCCCC,JW_2024,JW_2024,0
-2.495691,-0.017465585,CCCCCCCC/C=C\CCCCCCCC(=O)OC(C/C=C\CCCCCCCCOC(=O)CCN(CCCN(CC)CC)CCC(=O)OCCCCCCCC/C=C\CC(CCCCCC)OC(=O)CCCCCCC/C=C\CCCCCCCC)CCCCCC,JW_2024,JW_2024,0
-1.8098071,-0.287311819,CCCCCCCC/C=C\CCCCCCCC(=O)OC(C/C=C\CCCCCCCCOC(=O)CCN(CCCN(CC)CC)CCC(=O)OCCCCCCCC/C=C\CC(CCCCCC)OC(=O)CCCCCCC/C=C\CCCCCCCC)CCCCCC,JW_2024,JW_2024,0
-3.0148664,-0.440224685,CCCCCCCC/C=C\CCCCCCCC(=O)OC(C/C=C\CCCCCCCCOC(=O)CCN(CCCN(CC)CC)CCC(=O)OCCCCCCCC/C=C\CC(CCCCCC)OC(=O)CCCCCCC/C=C\CCCCCCCC)CCCCCC,JW_2024,JW_2024,0
-3.3883188,0.558206382,CCCCCCCC/C=C\CCCCCCCC(=O)OC(C/C=C\CCCCCCCCOC(=O)CCN(CCCN(CC)CC)CCC(=O)OCCCCCCCC/C=C\CC(CCCCCC)OC(=O)CCCCCCC/C=C\CCCCCCCC)CCCCCC,JW_2024,JW_2024,1
-2.220371,-0.413240061,CCCCCCCC/C=C\CCCCCCCC(=O)OC(C/C=C\CCCCCCCCOC(=O)CCN(CCCN(CC)CC)CCC(=O)OCCCCCCCC/C=C\CC(CCCCCC)OC(=O)CCCCCCC/C=C\CCCCCCCC)CCCCCC,JW_2024,JW_2024,0
-4.785151,0.873026988,CCCCCCCC/C=C\CCCCCCCC(=O)OC(C/C=C\CCCCCCCCOC(=O)CCN(CCCN(CC)CC)CCC(=O)OCCCCCCCC/C=C\CC(CCCCCC)OC(=O)CCCCCCC/C=C\CCCCCCCC)CCCCCC,JW_2024,JW_2024,1
-3.443148,-0.889968408,CCCCCCCC/C=C\CCCCCCCC(=O)OC(C/C=C\CCCCCCCCOC(=O)CCN(CCCN(CC)CC)CCC(=O)OCCCCCCCC/C=C\CC(CCCCCC)OC(=O)CCCCCCC/C=C\CCCCCCCC)CCCCCC,JW_2024,JW_2024,0
-2.4628985,1.547642573,CCCCCCCC/C=C\CCCCCCCC(=O)OC(C/C=C\CCCCCCCCOC(=O)CCN(CCCN(CC)CC)CCC(=O)OCCCCCCCC/C=C\CC(CCCCCC)OC(=O)CCCCCCC/C=C\CCCCCCCC)CCCCCC,JW_2024,JW_2024,2
-3.0334654,-0.062439957,CCCCCCCC/C=C\CCCCCCCC(=O)OC(C/C=C\CCCCCCCCOC(=O)CCN(CCCN(CC)CC)CCC(=O)OCCCCCCCC/C=C\CC(CCCCCC)OC(=O)CCCCCCC/C=C\CCCCCCCC)CCCCCC,JW_2024,JW_2024,0
-1.950468,1.439704079,CCCCCCCC/C=C\CCCCCCCC(=O)OC(C/C=C\CCCCCCCCOC(=O)CCN(CCCN(CC)CC)CCC(=O)OCCCCCCCC/C=C\CC(CCCCCC)OC(=O)CCCCCCC/C=C\CCCCCCCC)CCCCCC,JW_2024,JW_2024,2
-2.7617078,0.243385775,CCCCCCCC/C=C\CCCCCCCC(=O)OC(C/C=C\CCCCCCCCOC(=O)CCN(CCCN(CC)CC)CCC(=O)OCCCCCCCC/C=C\CC(CCCCCC)OC(=O)CCCCCCC/C=C\CCCCCCCC)CCCCCC,JW_2024,JW_2024,1
-3.0701814,-0.08942458,CCCCCCCC/C=C\CCCCCCCC(=O)OC(C/C=C\CCCCCCCCOC(=O)CCN(CCCN(CC)CC)CCC(=O)OCCCCCCCC/C=C\CC(CCCCCC)OC(=O)CCCCCCC/C=C\CCCCCCCC)CCCCCC,JW_2024,JW_2024,0
-3.9039402,0.738103871,CCCCCCCC/C=C\CCCCCCCC(=O)OC(C/C=C\CCCCCCCCOC(=O)CCN(CCCN(CC)CC)CCC(=O)OCCCCCCCC/C=C\CC(CCCCCC)OC(=O)CCCCCCC/C=C\CCCCCCCC)CCCCCC,JW_2024,JW_2024,1
-2.9848475,1.286791213,CCCCCCCC/C=C\CCCCCCCC(=O)OC(C/C=C\CCCCCCCCOC(=O)CCN(CCCN(CC)CC)CCC(=O)OCCCCCCCC/C=C\CC(CCCCCC)OC(=O)CCCCCCC/C=C\CCCCCCCC)CCCCCC,JW_2024,JW_2024,1
-3.2782476,0.387303767,CCCCCCCC/C=C\CCCCCCCC(=O)OC(C/C=C\CCCCCCCCOC(=O)CCN(CCCN(CC)CC)CCC(=O)OCCCCCCCC/C=C\CC(CCCCCC)OC(=O)CCCCCCC/C=C\CCCCCCCC)CCCCCC,JW_2024,JW_2024,1
-3.5380142,0.432278139,CCCCCCCC/C=C\CCCCCCCC(=O)OC(C/C=C\CCCCCCCCOC(=O)CCN(CCCN(CC)CC)CCC(=O)OCCCCCCCC/C=C\CC(CCCCCC)OC(=O)CCCCCCC/C=C\CCCCCCCC)CCCCCC,JW_2024,JW_2024,1
-3.1549084,1.115888599,CCCCCCCC/C=C\CCCCCCCC(=O)OC(C/C=C\CCCCCCCCOC(=O)CCN(CCCN(CC)CC)CCC(=O)OCCCCCCCC/C=C\CC(CCCCCC)OC(=O)CCCCCCC/C=C\CCCCCCCC)CCCCCC,JW_2024,JW_2024,1
-4.4651337,1.205837343,CCCCCCCC/C=C\CCCCCCCC(=O)OC(C/C=C\CCCCCCCCOC(=O)CCN(CCCN(CC)CC)CCC(=O)OCCCCCCCC/C=C\CC(CCCCCC)OC(=O)CCCCCCC/C=C\CCCCCCCC)CCCCCC,JW_2024,JW_2024,1
-3.549327,1.817488807,CCCCCCCC/C=C\CCCCCCCC(=O)OC(C/C=C\CCCCCCCCOC(=O)CCN(CCCN(CC)CC)CCC(=O)OCCCCCCCC/C=C\CC(CCCCCC)OC(=O)CCCCCCC/C=C\CCCCCCCC)CCCCCC,JW_2024,JW_2024,2
-4.3907466,0.567201256,CCCCCCCC/C=C\CCCCCCCC(=O)OC(C/C=C\CCCCCCCCOC(=O)CCN(CCCN(CC)CC)CCC(=O)OCCCCCCCC/C=C\CC(CCCCCC)OC(=O)CCCCCCC/C=C\CCCCCCCC)CCCCCC,JW_2024,JW_2024,1
-2.6728373,1.484678452,CCCCCCCC/C=C\CCCCCCCC(=O)OC(C/C=C\CCCCCCCCOC(=O)CCN(CCCN(CC)CC)CCC(=O)OCCCCCCCC/C=C\CC(CCCCCC)OC(=O)CCCCCCC/C=C\CCCCCCCC)CCCCCC,JW_2024,JW_2024,2
-3.2665083,0.33333452,CCCCCCCC/C=C\CCCCCCCC(=O)OC(C/C=C\CCCCCCCCOC(=O)CCN(CCCN(CC)CC)CCC(=O)OCCCCCCCC/C=C\CC(CCCCCC)OC(=O)CCCCCCC/C=C\CCCCCCCC)CCCCCC,JW_2024,JW_2024,1
-4.607107,0.612175628,CCCCCCCC/C=C\CCCCCCCC(=O)OC(C/C=C\CCCCCCCCOC(=O)CCN(CCCN(CC)CC)CCC(=O)OCCCCCCCC/C=C\CC(CCCCCC)OC(=O)CCCCCCC/C=C\CCCCCCCC)CCCCCC,JW_2024,JW_2024,1
-4.8390174,-1.708501985,CCCCC/C=C\C/C=C\CCCCCCCC(=O)OC(C/C=C\CCCCCCCCOC(=O)CCN(CCCn1ccnc1)CCC(=O)OCCCCCCCC/C=C\CC(CCCCCC)OC(=O)CCCCCCC/C=C\C/C=C\CCCCC)CCCCCC,JW_2024,JW_2024,0
-4.6525507,-1.771466106,CCCCC/C=C\C/C=C\CCCCCCCC(=O)OC(C/C=C\CCCCCCCCOC(=O)CCN(CCCn1ccnc1)CCC(=O)OCCCCCCCC/C=C\CC(CCCCCC)OC(=O)CCCCCCC/C=C\C/C=C\CCCCC)CCCCCC,JW_2024,JW_2024,0
-4.4179225,-0.970922278,CCCCC/C=C\C/C=C\CCCCCCCC(=O)OC(C/C=C\CCCCCCCCOC(=O)CCN(CCCn1ccnc1)CCC(=O)OCCCCCCCC/C=C\CC(CCCCCC)OC(=O)CCCCCCC/C=C\C/C=C\CCCCC)CCCCCC,JW_2024,JW_2024,0
-5.093625,-1.096850521,CCCCC/C=C\C/C=C\CCCCCCCC(=O)OC(C/C=C\CCCCCCCCOC(=O)CCN(CCCn1ccnc1)CCC(=O)OCCCCCCCC/C=C\CC(CCCCCC)OC(=O)CCCCCCC/C=C\C/C=C\CCCCC)CCCCCC,JW_2024,JW_2024,0
-5.5127687,-1.762471232,CCCCC/C=C\C/C=C\CCCCCCCC(=O)OC(C/C=C\CCCCCCCCOC(=O)CCN(CCCn1ccnc1)CCC(=O)OCCCCCCCC/C=C\CC(CCCCCC)OC(=O)CCCCCCC/C=C\C/C=C\CCCCC)CCCCCC,JW_2024,JW_2024,0
-4.8908596,-1.888399474,CCCCC/C=C\C/C=C\CCCCCCCC(=O)OC(C/C=C\CCCCCCCCOC(=O)CCN(CCCn1ccnc1)CCC(=O)OCCCCCCCC/C=C\CC(CCCCCC)OC(=O)CCCCCCC/C=C\C/C=C\CCCCC)CCCCCC,JW_2024,JW_2024,0
-6.0214295,-0.053445082,CCCCC/C=C\C/C=C\CCCCCCCC(=O)OC(C/C=C\CCCCCCCCOC(=O)CCN(CCCn1ccnc1)CCC(=O)OCCCCCCCC/C=C\CC(CCCCCC)OC(=O)CCCCCCC/C=C\C/C=C\CCCCC)CCCCCC,JW_2024,JW_2024,0
-5.682525,-2.356132947,CCCCC/C=C\C/C=C\CCCCCCCC(=O)OC(C/C=C\CCCCCCCCOC(=O)CCN(CCCn1ccnc1)CCC(=O)OCCCCCCCC/C=C\CC(CCCCCC)OC(=O)CCCCCCC/C=C\C/C=C\CCCCC)CCCCCC,JW_2024,JW_2024,0
-4.5756526,-0.737055542,CCCCC/C=C\C/C=C\CCCCCCCC(=O)OC(C/C=C\CCCCCCCCOC(=O)CCN(CCCn1ccnc1)CCC(=O)OCCCCCCCC/C=C\CC(CCCCCC)OC(=O)CCCCCCC/C=C\C/C=C\CCCCC)CCCCCC,JW_2024,JW_2024,0
-5.1799927,-1.213783889,CCCCC/C=C\C/C=C\CCCCCCCC(=O)OC(C/C=C\CCCCCCCCOC(=O)CCN(CCCn1ccnc1)CCC(=O)OCCCCCCCC/C=C\CC(CCCCCC)OC(=O)CCCCCCC/C=C\C/C=C\CCCCC)CCCCCC,JW_2024,JW_2024,0
-4.771106,-0.485199057,CCCCC/C=C\C/C=C\CCCCCCCC(=O)OC(C/C=C\CCCCCCCCOC(=O)CCN(CCCn1ccnc1)CCC(=O)OCCCCCCCC/C=C\CC(CCCCCC)OC(=O)CCCCCCC/C=C\C/C=C\CCCCC)CCCCCC,JW_2024,JW_2024,0
-4.8408613,-1.645537863,CCCCC/C=C\C/C=C\CCCCCCCC(=O)OC(C/C=C\CCCCCCCCOC(=O)CCN(CCCn1ccnc1)CCC(=O)OCCCCCCCC/C=C\CC(CCCCCC)OC(=O)CCCCCCC/C=C\C/C=C\CCCCC)CCCCCC,JW_2024,JW_2024,0
-5.1450114,-1.564583993,CCCCC/C=C\C/C=C\CCCCCCCC(=O)OC(C/C=C\CCCCCCCCOC(=O)CCN(CCCn1ccnc1)CCC(=O)OCCCCCCCC/C=C\CC(CCCCCC)OC(=O)CCCCCCC/C=C\C/C=C\CCCCC)CCCCCC,JW_2024,JW_2024,0
-5.988053,-0.952932529,CCCCC/C=C\C/C=C\CCCCCCCC(=O)OC(C/C=C\CCCCCCCCOC(=O)CCN(CCCn1ccnc1)CCC(=O)OCCCCCCCC/C=C\CC(CCCCCC)OC(=O)CCCCCCC/C=C\C/C=C\CCCCC)CCCCCC,JW_2024,JW_2024,0
-5.603648,-1.132830019,CCCCC/C=C\C/C=C\CCCCCCCC(=O)OC(C/C=C\CCCCCCCCOC(=O)CCN(CCC(=O)OCCCCCCCC/C=C\CC(CCCCCC)OC(=O)CCCCCCC/C=C\C/C=C\CCCCC)CCc1ccncc1)CCCCCC,JW_2024,JW_2024,0
-5.104673,-0.404245187,CCCCC/C=C\C/C=C\CCCCCCCC(=O)OC(C/C=C\CCCCCCCCOC(=O)CCN(CCC(=O)OCCCCCCCC/C=C\CC(CCCCCC)OC(=O)CCCCCCC/C=C\C/C=C\CCCCC)CCc1ccncc1)CCCCCC,JW_2024,JW_2024,0
-5.5842485,-0.242337446,CCCCC/C=C\C/C=C\CCCCCCCC(=O)OC(C/C=C\CCCCCCCCOC(=O)CCN(CCC(=O)OCCCCCCCC/C=C\CC(CCCCCC)OC(=O)CCCCCCC/C=C\C/C=C\CCCCC)CCc1ccncc1)CCCCCC,JW_2024,JW_2024,0
-5.6258535,-0.584142676,CCCCC/C=C\C/C=C\CCCCCCCC(=O)OC(C/C=C\CCCCCCCCOC(=O)CCN(CCC(=O)OCCCCCCCC/C=C\CC(CCCCCC)OC(=O)CCCCCCC/C=C\C/C=C\CCCCC)CCc1ccncc1)CCCCCC,JW_2024,JW_2024,0
-5.0111475,-0.93494278,CCCCC/C=C\C/C=C\CCCCCCCC(=O)OC(C/C=C\CCCCCCCCOC(=O)CCN(CCC(=O)OCCCCCCCC/C=C\CC(CCCCCC)OC(=O)CCCCCCC/C=C\C/C=C\CCCCC)CCc1ccncc1)CCCCCC,JW_2024,JW_2024,0
-5.742455,-0.800019663,CCCCC/C=C\C/C=C\CCCCCCCC(=O)OC(C/C=C\CCCCCCCCOC(=O)CCN(CCC(=O)OCCCCCCCC/C=C\CC(CCCCCC)OC(=O)CCCCCCC/C=C\C/C=C\CCCCC)CCc1ccncc1)CCCCCC,JW_2024,JW_2024,0
-6.6943555,-0.35027594,CCCCC/C=C\C/C=C\CCCCCCCC(=O)OC(C/C=C\CCCCCCCCOC(=O)CCN(CCC(=O)OCCCCCCCC/C=C\CC(CCCCCC)OC(=O)CCCCCCC/C=C\C/C=C\CCCCC)CCc1ccncc1)CCCCCC,JW_2024,JW_2024,0
-5.323433,-1.222778763,CCCCC/C=C\C/C=C\CCCCCCCC(=O)OC(C/C=C\CCCCCCCCOC(=O)CCN(CCC(=O)OCCCCCCCC/C=C\CC(CCCCCC)OC(=O)CCCCCCC/C=C\C/C=C\CCCCC)CCc1ccncc1)CCCCCC,JW_2024,JW_2024,0
-5.3529754,0.666144875,CCCCC/C=C\C/C=C\CCCCCCCC(=O)OC(C/C=C\CCCCCCCCOC(=O)CCN(CCC(=O)OCCCCCCCC/C=C\CC(CCCCCC)OC(=O)CCCCCCC/C=C\C/C=C\CCCCC)CCc1ccncc1)CCCCCC,JW_2024,JW_2024,1
-4.9377413,-0.871978659,CCCCC/C=C\C/C=C\CCCCCCCC(=O)OC(C/C=C\CCCCCCCCOC(=O)CCN(CCC(=O)OCCCCCCCC/C=C\CC(CCCCCC)OC(=O)CCCCCCC/C=C\C/C=C\CCCCC)CCc1ccncc1)CCCCCC,JW_2024,JW_2024,0
-5.684919,0.711119248,CCCCC/C=C\C/C=C\CCCCCCCC(=O)OC(C/C=C\CCCCCCCCOC(=O)CCN(CCC(=O)OCCCCCCCC/C=C\CC(CCCCCC)OC(=O)CCCCCCC/C=C\C/C=C\CCCCC)CCc1ccncc1)CCCCCC,JW_2024,JW_2024,1
-4.684453,-0.988912027,CCCCC/C=C\C/C=C\CCCCCCCC(=O)OC(C/C=C\CCCCCCCCOC(=O)CCN(CCC(=O)OCCCCCCCC/C=C\CC(CCCCCC)OC(=O)CCCCCCC/C=C\C/C=C\CCCCC)CCc1ccncc1)CCCCCC,JW_2024,JW_2024,0
-4.8881497,-1.330717257,CCCCC/C=C\C/C=C\CCCCCCCC(=O)OC(C/C=C\CCCCCCCCOC(=O)CCN(CCC(=O)OCCCCCCCC/C=C\CC(CCCCCC)OC(=O)CCCCCCC/C=C\C/C=C\CCCCC)CCc1ccncc1)CCCCCC,JW_2024,JW_2024,0
-6.5552425,-1.051876148,CCCCC/C=C\C/C=C\CCCCCCCC(=O)OC(C/C=C\CCCCCCCCOC(=O)CCN(CCC(=O)OCCCCCCCC/C=C\CC(CCCCCC)OC(=O)CCCCCCC/C=C\C/C=C\CCCCC)CCc1ccncc1)CCCCCC,JW_2024,JW_2024,0
-5.306011,0.360319143,CCCCC/C=C\C/C=C\CCCCCCCC(=O)OC(C/C=C\CCCCCCCCOC(=O)CCN(CCC(=O)OCCCCCCCC/C=C\CC(CCCCCC)OC(=O)CCCCCCC/C=C\C/C=C\CCCCC)CCN1CCCC1)CCCCCC,JW_2024,JW_2024,1
-4.387098,0.477252511,CCCCC/C=C\C/C=C\CCCCCCCC(=O)OC(C/C=C\CCCCCCCCOC(=O)CCN(CCC(=O)OCCCCCCCC/C=C\CC(CCCCCC)OC(=O)CCCCCCC/C=C\C/C=C\CCCCC)CCN1CCCC1)CCCCCC,JW_2024,JW_2024,1
-3.5675042,0.549211507,CCCCC/C=C\C/C=C\CCCCCCCC(=O)OC(C/C=C\CCCCCCCCOC(=O)CCN(CCC(=O)OCCCCCCCC/C=C\CC(CCCCCC)OC(=O)CCCCCCC/C=C\C/C=C\CCCCC)CCN1CCCC1)CCCCCC,JW_2024,JW_2024,1
-5.494262,0.387303767,CCCCC/C=C\C/C=C\CCCCCCCC(=O)OC(C/C=C\CCCCCCCCOC(=O)CCN(CCC(=O)OCCCCCCCC/C=C\CC(CCCCCC)OC(=O)CCCCCCC/C=C\C/C=C\CCCCC)CCN1CCCC1)CCCCCC,JW_2024,JW_2024,1
-5.5830784,0.693129499,CCCCC/C=C\C/C=C\CCCCCCCC(=O)OC(C/C=C\CCCCCCCCOC(=O)CCN(CCC(=O)OCCCCCCCC/C=C\CC(CCCCCC)OC(=O)CCCCCCC/C=C\C/C=C\CCCCC)CCN1CCCC1)CCCCCC,JW_2024,JW_2024,1
-3.484661,-0.188368199,CCCCC/C=C\C/C=C\CCCCCCCC(=O)OC(C/C=C\CCCCCCCCOC(=O)CCN(CCC(=O)OCCCCCCCC/C=C\CC(CCCCCC)OC(=O)CCCCCCC/C=C\C/C=C\CCCCC)CCN1CCCC1)CCCCCC,JW_2024,JW_2024,0
-5.9001575,1.646586192,CCCCC/C=C\C/C=C\CCCCCCCC(=O)OC(C/C=C\CCCCCCCCOC(=O)CCN(CCC(=O)OCCCCCCCC/C=C\CC(CCCCCC)OC(=O)CCCCCCC/C=C\C/C=C\CCCCC)CCN1CCCC1)CCCCCC,JW_2024,JW_2024,2
-4.6572742,-0.69208117,CCCCC/C=C\C/C=C\CCCCCCCC(=O)OC(C/C=C\CCCCCCCCOC(=O)CCN(CCC(=O)OCCCCCCCC/C=C\CC(CCCCCC)OC(=O)CCCCCCC/C=C\C/C=C\CCCCC)CCN1CCCC1)CCCCCC,JW_2024,JW_2024,0
-4.4503627,1.304780962,CCCCC/C=C\C/C=C\CCCCCCCC(=O)OC(C/C=C\CCCCCCCCOC(=O)CCN(CCC(=O)OCCCCCCCC/C=C\CC(CCCCCC)OC(=O)CCCCCCC/C=C\C/C=C\CCCCC)CCN1CCCC1)CCCCCC,JW_2024,JW_2024,1
-4.4243555,1.169857845,CCCCC/C=C\C/C=C\CCCCCCCC(=O)OC(C/C=C\CCCCCCCCOC(=O)CCN(CCC(=O)OCCCCCCCC/C=C\CC(CCCCCC)OC(=O)CCCCCCC/C=C\C/C=C\CCCCC)CCN1CCCC1)CCCCCC,JW_2024,JW_2024,1
-3.5717275,1.403724582,CCCCC/C=C\C/C=C\CCCCCCCC(=O)OC(C/C=C\CCCCCCCCOC(=O)CCN(CCC(=O)OCCCCCCCC/C=C\CC(CCCCCC)OC(=O)CCCCCCC/C=C\C/C=C\CCCCC)CCN1CCCC1)CCCCCC,JW_2024,JW_2024,2
-4.372102,0.243385775,CCCCC/C=C\C/C=C\CCCCCCCC(=O)OC(C/C=C\CCCCCCCCOC(=O)CCN(CCC(=O)OCCCCCCCC/C=C\CC(CCCCCC)OC(=O)CCCCCCC/C=C\C/C=C\CCCCC)CCN1CCCC1)CCCCCC,JW_2024,JW_2024,1
-4.4485154,-0.017465585,CCCCC/C=C\C/C=C\CCCCCCCC(=O)OC(C/C=C\CCCCCCCCOC(=O)CCN(CCC(=O)OCCCCCCCC/C=C\CC(CCCCCC)OC(=O)CCCCCCC/C=C\C/C=C\CCCCC)CCN1CCCC1)CCCCCC,JW_2024,JW_2024,0
-5.334796,0.873026988,CCCCC/C=C\C/C=C\CCCCCCCC(=O)OC(C/C=C\CCCCCCCCOC(=O)CCN(CCC(=O)OCCCCCCCC/C=C\CC(CCCCCC)OC(=O)CCCCCCC/C=C\C/C=C\CCCCC)CCN1CCCC1)CCCCCC,JW_2024,JW_2024,1
-5.5209613,0.513232009,CCCCC/C=C\C/C=C\CCCCCCCC(=O)OC(C/C=C\CCCCCCCCOC(=O)CCN(CCC(=O)OCCCCCCCC/C=C\CC(CCCCCC)OC(=O)CCCCCCC/C=C\C/C=C\CCCCC)CCN1CCCC1)CCCCCC,JW_2024,JW_2024,1
-5.3833723,-0.314296442,CCCCC/C=C\C/C=C\CCCCCCCC(=O)OC(C/C=C\CCCCCCCCOC(=O)CCN(CCC(=O)OCCCCCCCC/C=C\CC(CCCCCC)OC(=O)CCCCCCC/C=C\C/C=C\CCCCC)CCN1CCCC1)CCCCCC,JW_2024,JW_2024,0
-4.673771,0.57619613,CCCCC/C=C\C/C=C\CCCCCCCC(=O)OC(C/C=C\CCCCCCCCOC(=O)CCN(CCC(=O)OCCCCCCCC/C=C\CC(CCCCCC)OC(=O)CCCCCCC/C=C\C/C=C\CCCCC)CCN1CCCC1)CCCCCC,JW_2024,JW_2024,1
-5.46181,1.034934728,CCCCC/C=C\C/C=C\CCCCCCCC(=O)OC(C/C=C\CCCCCCCCOC(=O)CCN(CCC(=O)OCCCCCCCC/C=C\CC(CCCCCC)OC(=O)CCCCCCC/C=C\C/C=C\CCCCC)CCN1CCCC1)CCCCCC,JW_2024,JW_2024,1
-5.405838,1.070914226,CCCCC/C=C\C/C=C\CCCCCCCC(=O)OC(C/C=C\CCCCCCCCOC(=O)CCN(CCC(=O)OCCCCCCCC/C=C\CC(CCCCCC)OC(=O)CCCCCCC/C=C\C/C=C\CCCCC)CCN1CCCC1)CCCCCC,JW_2024,JW_2024,1
-4.9181304,1.772514435,CCCCC/C=C\C/C=C\CCCCCCCC(=O)OC(C/C=C\CCCCCCCCOC(=O)CCN(CCC(=O)OCCCCCCCC/C=C\CC(CCCCCC)OC(=O)CCCCCCC/C=C\C/C=C\CCCCC)CCN1CCCC1)CCCCCC,JW_2024,JW_2024,2
-5.6716056,0.962975733,CCCCC/C=C\C/C=C\CCCCCCCC(=O)OC(C/C=C\CCCCCCCCOC(=O)CCN(CCC(=O)OCCCCCCCC/C=C\CC(CCCCCC)OC(=O)CCCCCCC/C=C\C/C=C\CCCCC)CCN1CCCC1)CCCCCC,JW_2024,JW_2024,1
-5.178965,1.430709205,CCCCC/C=C\C/C=C\CCCCCCCC(=O)OC(C/C=C\CCCCCCCCOC(=O)CCN(CCC(=O)OCCCCCCCC/C=C\CC(CCCCCC)OC(=O)CCCCCCC/C=C\C/C=C\CCCCC)CCN1CCCC1)CCCCCC,JW_2024,JW_2024,2
-5.485809,0.49524226,CCCCC/C=C\C/C=C\CCCCCCCC(=O)OC(C/C=C\CCCCCCCCOC(=O)CCN(CCC(=O)OCCCCCCCC/C=C\CC(CCCCCC)OC(=O)CCCCCCC/C=C\C/C=C\CCCCC)CCN1CCCC1)CCCCCC,JW_2024,JW_2024,1
-5.67514,1.214832218,CCCCC/C=C\C/C=C\CCCCCCCC(=O)OC(C/C=C\CCCCCCCCOC(=O)CCN(CCC(=O)OCCCCCCCC/C=C\CC(CCCCCC)OC(=O)CCCCCCC/C=C\C/C=C\CCCCC)CCN1CCCC1)CCCCCC,JW_2024,JW_2024,1
-4.676049,-1.231773638,CCCCC/C=C\C/C=C\CCCCCCCC(=O)OC(C/C=C\CCCCCCCCOC(=O)CCN(CCC(=O)OCCCCCCCC/C=C\CC(CCCCCC)OC(=O)CCCCCCC/C=C\C/C=C\CCCCC)CCN1CCOCC1)CCCCCC,JW_2024,JW_2024,0
-4.2615566,-1.627548115,CCCCC/C=C\C/C=C\CCCCCCCC(=O)OC(C/C=C\CCCCCCCCOC(=O)CCN(CCC(=O)OCCCCCCCC/C=C\CC(CCCCCC)OC(=O)CCCCCCC/C=C\C/C=C\CCCCC)CCN1CCOCC1)CCCCCC,JW_2024,JW_2024,0
-3.9941533,-0.871978659,CCCCC/C=C\C/C=C\CCCCCCCC(=O)OC(C/C=C\CCCCCCCCOC(=O)CCN(CCC(=O)OCCCCCCCC/C=C\CC(CCCCCC)OC(=O)CCCCCCC/C=C\C/C=C\CCCCC)CCN1CCOCC1)CCCCCC,JW_2024,JW_2024,0
-4.676049,-1.600563491,CCCCC/C=C\C/C=C\CCCCCCCC(=O)OC(C/C=C\CCCCCCCCOC(=O)CCN(CCC(=O)OCCCCCCCC/C=C\CC(CCCCCC)OC(=O)CCCCCCC/C=C\C/C=C\CCCCC)CCN1CCOCC1)CCCCCC,JW_2024,JW_2024,0
-4.5587034,-1.411671127,CCCCC/C=C\C/C=C\CCCCCCCC(=O)OC(C/C=C\CCCCCCCCOC(=O)CCN(CCC(=O)OCCCCCCCC/C=C\CC(CCCCCC)OC(=O)CCCCCCC/C=C\C/C=C\CCCCC)CCN1CCOCC1)CCCCCC,JW_2024,JW_2024,0
-4.121369,-1.303732634,CCCCC/C=C\C/C=C\CCCCCCCC(=O)OC(C/C=C\CCCCCCCCOC(=O)CCN(CCC(=O)OCCCCCCCC/C=C\CC(CCCCCC)OC(=O)CCCCCCC/C=C\C/C=C\CCCCC)CCN1CCOCC1)CCCCCC,JW_2024,JW_2024,0
-5.2370667,-0.359270814,CCCCC/C=C\C/C=C\CCCCCCCC(=O)OC(C/C=C\CCCCCCCCOC(=O)CCN(CCC(=O)OCCCCCCCC/C=C\CC(CCCCCC)OC(=O)CCCCCCC/C=C\C/C=C\CCCCC)CCN1CCOCC1)CCCCCC,JW_2024,JW_2024,0
-4.9253983,-1.969353344,CCCCC/C=C\C/C=C\CCCCCCCC(=O)OC(C/C=C\CCCCCCCCOC(=O)CCN(CCC(=O)OCCCCCCCC/C=C\CC(CCCCCC)OC(=O)CCCCCCC/C=C\C/C=C\CCCCC)CCN1CCOCC1)CCCCCC,JW_2024,JW_2024,0
-4.329519,-0.575147802,CCCCC/C=C\C/C=C\CCCCCCCC(=O)OC(C/C=C\CCCCCCCCOC(=O)CCN(CCC(=O)OCCCCCCCC/C=C\CC(CCCCCC)OC(=O)CCCCCCC/C=C\C/C=C\CCCCC)CCN1CCOCC1)CCCCCC,JW_2024,JW_2024,0
-4.588737,-0.800019663,CCCCC/C=C\C/C=C\CCCCCCCC(=O)OC(C/C=C\CCCCCCCCOC(=O)CCN(CCC(=O)OCCCCCCCC/C=C\CC(CCCCCC)OC(=O)CCCCCCC/C=C\C/C=C\CCCCC)CCN1CCOCC1)CCCCCC,JW_2024,JW_2024,0
-4.278948,0.099467784,CCCCC/C=C\C/C=C\CCCCCCCC(=O)OC(C/C=C\CCCCCCCCOC(=O)CCN(CCC(=O)OCCCCCCCC/C=C\CC(CCCCCC)OC(=O)CCCCCCC/C=C\C/C=C\CCCCC)CCN1CCOCC1)CCCCCC,JW_2024,JW_2024,1
-4.288986,-1.402676253,CCCCC/C=C\C/C=C\CCCCCCCC(=O)OC(C/C=C\CCCCCCCCOC(=O)CCN(CCC(=O)OCCCCCCCC/C=C\CC(CCCCCC)OC(=O)CCCCCCC/C=C\C/C=C\CCCCC)CCN1CCOCC1)CCCCCC,JW_2024,JW_2024,0
-4.536148,-1.4566455,CCCCC/C=C\C/C=C\CCCCCCCC(=O)OC(C/C=C\CCCCCCCCOC(=O)CCN(CCC(=O)OCCCCCCCC/C=C\CC(CCCCCC)OC(=O)CCCCCCC/C=C\C/C=C\CCCCC)CCN1CCOCC1)CCCCCC,JW_2024,JW_2024,0
-5.4475403,0.423283264,CCCCC/C=C\C/C=C\CCCCCCCC(=O)OC(C/C=C\CCCCCCCCOC(=O)CCN(CCC(=O)OCCCCCCCC/C=C\CC(CCCCCC)OC(=O)CCCCCCC/C=C\C/C=C\CCCCC)CCN1CCOCC1)CCCCCC,JW_2024,JW_2024,1
-2.87823,-0.844994036,CCCCC/C=C\C/C=C\CCCCCCCC(=O)OC(C/C=C\CCCCCCCCOC(=O)CCN(CCCN(CC)CC)CCC(=O)OCCCCCCCC/C=C\CC(CCCCCC)OC(=O)CCCCCCC/C=C\C/C=C\CCCCC)CCCCCC,JW_2024,JW_2024,0
-2.6380646,-0.287311819,CCCCC/C=C\C/C=C\CCCCCCCC(=O)OC(C/C=C\CCCCCCCCOC(=O)CCN(CCCN(CC)CC)CCC(=O)OCCCCCCCC/C=C\CC(CCCCCC)OC(=O)CCCCCCC/C=C\C/C=C\CCCCC)CCCCCC,JW_2024,JW_2024,0
-2.0711265,-0.323291316,CCCCC/C=C\C/C=C\CCCCCCCC(=O)OC(C/C=C\CCCCCCCCOC(=O)CCN(CCCN(CC)CC)CCC(=O)OCCCCCCCC/C=C\CC(CCCCCC)OC(=O)CCCCCCC/C=C\C/C=C\CCCCC)CCCCCC,JW_2024,JW_2024,0
-2.87823,0.036503662,CCCCC/C=C\C/C=C\CCCCCCCC(=O)OC(C/C=C\CCCCCCCCOC(=O)CCN(CCCN(CC)CC)CCC(=O)OCCCCCCCC/C=C\CC(CCCCCC)OC(=O)CCCCCCC/C=C\C/C=C\CCCCC)CCCCCC,JW_2024,JW_2024,1
-3.0038009,-0.152388702,CCCCC/C=C\C/C=C\CCCCCCCC(=O)OC(C/C=C\CCCCCCCCOC(=O)CCN(CCCN(CC)CC)CCC(=O)OCCCCCCCC/C=C\CC(CCCCCC)OC(=O)CCCCCCC/C=C\C/C=C\CCCCC)CCCCCC,JW_2024,JW_2024,0
-2.517989,0.045498537,CCCCC/C=C\C/C=C\CCCCCCCC(=O)OC(C/C=C\CCCCCCCCOC(=O)CCN(CCCN(CC)CC)CCC(=O)OCCCCCCCC/C=C\CC(CCCCCC)OC(=O)CCCCCCC/C=C\C/C=C\CCCCC)CCCCCC,JW_2024,JW_2024,1
-4.2551465,1.070914226,CCCCC/C=C\C/C=C\CCCCCCCC(=O)OC(C/C=C\CCCCCCCCOC(=O)CCN(CCCN(CC)CC)CCC(=O)OCCCCCCCC/C=C\CC(CCCCCC)OC(=O)CCCCCCC/C=C\C/C=C\CCCCC)CCCCCC,JW_2024,JW_2024,1
-3.5145438,-0.907958157,CCCCC/C=C\C/C=C\CCCCCCCC(=O)OC(C/C=C\CCCCCCCCOC(=O)CCN(CCCN(CC)CC)CCC(=O)OCCCCCCCC/C=C\CC(CCCCCC)OC(=O)CCCCCCC/C=C\C/C=C\CCCCC)CCCCCC,JW_2024,JW_2024,0
-2.539371,1.106893724,CCCCC/C=C\C/C=C\CCCCCCCC(=O)OC(C/C=C\CCCCCCCCOC(=O)CCN(CCCN(CC)CC)CCC(=O)OCCCCCCCC/C=C\CC(CCCCCC)OC(=O)CCCCCCC/C=C\C/C=C\CCCCC)CCCCCC,JW_2024,JW_2024,1
-2.8954508,0.891016737,CCCCC/C=C\C/C=C\CCCCCCCC(=O)OC(C/C=C\CCCCCCCCOC(=O)CCN(CCCN(CC)CC)CCC(=O)OCCCCCCCC/C=C\CC(CCCCCC)OC(=O)CCCCCCC/C=C\C/C=C\CCCCC)CCCCCC,JW_2024,JW_2024,1
-2.226829,1.448698954,CCCCC/C=C\C/C=C\CCCCCCCC(=O)OC(C/C=C\CCCCCCCCOC(=O)CCN(CCCN(CC)CC)CCC(=O)OCCCCCCCC/C=C\CC(CCCCCC)OC(=O)CCCCCCC/C=C\C/C=C\CCCCC)CCCCCC,JW_2024,JW_2024,2
-2.6524932,-0.071434831,CCCCC/C=C\C/C=C\CCCCCCCC(=O)OC(C/C=C\CCCCCCCCOC(=O)CCN(CCCN(CC)CC)CCC(=O)OCCCCCCCC/C=C\CC(CCCCCC)OC(=O)CCCCCCC/C=C\C/C=C\CCCCC)CCCCCC,JW_2024,JW_2024,0
-2.8963811,0.07248316,CCCCC/C=C\C/C=C\CCCCCCCC(=O)OC(C/C=C\CCCCCCCCOC(=O)CCN(CCCN(CC)CC)CCC(=O)OCCCCCCCC/C=C\CC(CCCCCC)OC(=O)CCCCCCC/C=C\C/C=C\CCCCC)CCCCCC,JW_2024,JW_2024,1
-3.6986895,0.747098745,CCCCC/C=C\C/C=C\CCCCCCCC(=O)OC(C/C=C\CCCCCCCCOC(=O)CCN(CCCN(CC)CC)CCC(=O)OCCCCCCCC/C=C\CC(CCCCCC)OC(=O)CCCCCCC/C=C\C/C=C\CCCCC)CCCCCC,JW_2024,JW_2024,1
-2.7775037,0.962975733,CCCCC/C=C\C/C=C\CCCCCCCC(=O)OC(C/C=C\CCCCCCCCOC(=O)CCN(CCCN(CC)CC)CCC(=O)OCCCCCCCC/C=C\CC(CCCCCC)OC(=O)CCCCCCC/C=C\C/C=C\CCCCC)CCCCCC,JW_2024,JW_2024,1
-2.9678247,-0.530173429,CCCCC/C=C\C/C=C\CCCCCCCC(=O)OC(C/C=C\CCCCCCCCOC(=O)CCN(CCCN(CC)CC)CCC(=O)OCCCCCCCC/C=C\CC(CCCCCC)OC(=O)CCCCCCC/C=C\C/C=C\CCCCC)CCCCCC,JW_2024,JW_2024,0
-3.4927142,0.720114122,CCCCC/C=C\C/C=C\CCCCCCCC(=O)OC(C/C=C\CCCCCCCCOC(=O)CCN(CCCN(CC)CC)CCC(=O)OCCCCCCCC/C=C\CC(CCCCCC)OC(=O)CCCCCCC/C=C\C/C=C\CCCCC)CCCCCC,JW_2024,JW_2024,1
-2.9094534,1.241816841,CCCCC/C=C\C/C=C\CCCCCCCC(=O)OC(C/C=C\CCCCCCCCOC(=O)CCN(CCCN(CC)CC)CCC(=O)OCCCCCCCC/C=C\CC(CCCCCC)OC(=O)CCCCCCC/C=C\C/C=C\CCCCC)CCCCCC,JW_2024,JW_2024,1
-4.4257064,1.412719456,CCCCC/C=C\C/C=C\CCCCCCCC(=O)OC(C/C=C\CCCCCCCCOC(=O)CCN(CCCN(CC)CC)CCC(=O)OCCCCCCCC/C=C\CC(CCCCCC)OC(=O)CCCCCCC/C=C\C/C=C\CCCCC)CCCCCC,JW_2024,JW_2024,2
-2.8053079,1.664575941,CCCCC/C=C\C/C=C\CCCCCCCC(=O)OC(C/C=C\CCCCCCCCOC(=O)CCN(CCCN(CC)CC)CCC(=O)OCCCCCCCC/C=C\CC(CCCCCC)OC(=O)CCCCCCC/C=C\C/C=C\CCCCC)CCCCCC,JW_2024,JW_2024,2
-3.9661617,0.423283264,CCCCC/C=C\C/C=C\CCCCCCCC(=O)OC(C/C=C\CCCCCCCCOC(=O)CCN(CCCN(CC)CC)CCC(=O)OCCCCCCCC/C=C\CC(CCCCCC)OC(=O)CCCCCCC/C=C\C/C=C\CCCCC)CCCCCC,JW_2024,JW_2024,1
-2.5326138,1.106893724,CCCCC/C=C\C/C=C\CCCCCCCC(=O)OC(C/C=C\CCCCCCCCOC(=O)CCN(CCCN(CC)CC)CCC(=O)OCCCCCCCC/C=C\CC(CCCCCC)OC(=O)CCCCCCC/C=C\C/C=C\CCCCC)CCCCCC,JW_2024,JW_2024,1
-3.2529213,0.540216633,CCCCC/C=C\C/C=C\CCCCCCCC(=O)OC(C/C=C\CCCCCCCCOC(=O)CCN(CCCN(CC)CC)CCC(=O)OCCCCCCCC/C=C\CC(CCCCCC)OC(=O)CCCCCCC/C=C\C/C=C\CCCCC)CCCCCC,JW_2024,JW_2024,1
-3.8680284,0.405293516,CCCCC/C=C\C/C=C\CCCCCCCC(=O)OC(C/C=C\CCCCCCCCOC(=O)CCN(CCCN(CC)CC)CCC(=O)OCCCCCCCC/C=C\CC(CCCCCC)OC(=O)CCCCCCC/C=C\C/C=C\CCCCC)CCCCCC,JW_2024,JW_2024,1
-4.258851,-2.032317466,CCCCC/C=C\C/C=C\C/C=C\C/C=C\CCCC(=O)OC(C/C=C\CCCCCCCCOC(=O)CCN(CCCn1ccnc1)CCC(=O)OCCCCCCCC/C=C\CC(CCCCCC)OC(=O)CCC/C=C\C/C=C\C/C=C\C/C=C\CCCCC)CCCCCC,JW_2024,JW_2024,0
-3.3799279,-1.627548115,CCCCC/C=C\C/C=C\C/C=C\C/C=C\CCCC(=O)OC(C/C=C\CCCCCCCCOC(=O)CCN(CCCn1ccnc1)CCC(=O)OCCCCCCCC/C=C\CC(CCCCCC)OC(=O)CCC/C=C\C/C=C\C/C=C\C/C=C\CCCCC)CCCCCC,JW_2024,JW_2024,0
-3.317651,-0.952932529,CCCCC/C=C\C/C=C\C/C=C\C/C=C\CCCC(=O)OC(C/C=C\CCCCCCCCOC(=O)CCN(CCCn1ccnc1)CCC(=O)OCCCCCCCC/C=C\CC(CCCCCC)OC(=O)CCC/C=C\C/C=C\C/C=C\C/C=C\CCCCC)CCCCCC,JW_2024,JW_2024,0
-4.258851,-1.051876148,CCCCC/C=C\C/C=C\C/C=C\C/C=C\CCCC(=O)OC(C/C=C\CCCCCCCCOC(=O)CCN(CCCn1ccnc1)CCC(=O)OCCCCCCCC/C=C\CC(CCCCCC)OC(=O)CCC/C=C\C/C=C\C/C=C\C/C=C\CCCCC)CCCCCC,JW_2024,JW_2024,0
-4.3527293,-1.816440478,CCCCC/C=C\C/C=C\C/C=C\C/C=C\CCCC(=O)OC(C/C=C\CCCCCCCCOC(=O)CCN(CCCn1ccnc1)CCC(=O)OCCCCCCCC/C=C\CC(CCCCCC)OC(=O)CCC/C=C\C/C=C\C/C=C\C/C=C\CCCCC)CCCCCC,JW_2024,JW_2024,0
-3.8282292,-1.663527612,CCCCC/C=C\C/C=C\C/C=C\C/C=C\CCCC(=O)OC(C/C=C\CCCCCCCCOC(=O)CCN(CCCn1ccnc1)CCC(=O)OCCCCCCCC/C=C\CC(CCCCCC)OC(=O)CCC/C=C\C/C=C\C/C=C\C/C=C\CCCCC)CCCCCC,JW_2024,JW_2024,0
-4.8747973,-0.647106797,CCCCC/C=C\C/C=C\C/C=C\C/C=C\CCCC(=O)OC(C/C=C\CCCCCCCCOC(=O)CCN(CCCn1ccnc1)CCC(=O)OCCCCCCCC/C=C\CC(CCCCCC)OC(=O)CCC/C=C\C/C=C\C/C=C\C/C=C\CCCCC)CCCCCC,JW_2024,JW_2024,0
-4.17423,-1.834430227,CCCCC/C=C\C/C=C\C/C=C\C/C=C\CCCC(=O)OC(C/C=C\CCCCCCCCOC(=O)CCN(CCCn1ccnc1)CCC(=O)OCCCCCCCC/C=C\CC(CCCCCC)OC(=O)CCC/C=C\C/C=C\C/C=C\C/C=C\CCCCC)CCCCCC,JW_2024,JW_2024,0
-3.6654122,-0.476204182,CCCCC/C=C\C/C=C\C/C=C\C/C=C\CCCC(=O)OC(C/C=C\CCCCCCCCOC(=O)CCN(CCCn1ccnc1)CCC(=O)OCCCCCCCC/C=C\CC(CCCCCC)OC(=O)CCC/C=C\C/C=C\C/C=C\C/C=C\CCCCC)CCCCCC,JW_2024,JW_2024,0
-3.36947,-1.393681378,CCCCC/C=C\C/C=C\C/C=C\C/C=C\CCCC(=O)OC(C/C=C\CCCCCCCCOC(=O)CCN(CCCn1ccnc1)CCC(=O)OCCCCCCCC/C=C\CC(CCCCCC)OC(=O)CCC/C=C\C/C=C\C/C=C\C/C=C\CCCCC)CCCCCC,JW_2024,JW_2024,0
-3.7881172,0.018513913,CCCCC/C=C\C/C=C\C/C=C\C/C=C\CCCC(=O)OC(C/C=C\CCCCCCCCOC(=O)CCN(CCCn1ccnc1)CCC(=O)OCCCCCCCC/C=C\CC(CCCCCC)OC(=O)CCC/C=C\C/C=C\C/C=C\C/C=C\CCCCC)CCCCCC,JW_2024,JW_2024,0
-3.1105087,-1.186799266,CCCCC/C=C\C/C=C\C/C=C\C/C=C\CCCC(=O)OC(C/C=C\CCCCCCCCOC(=O)CCN(CCCn1ccnc1)CCC(=O)OCCCCCCCC/C=C\CC(CCCCCC)OC(=O)CCC/C=C\C/C=C\C/C=C\C/C=C\CCCCC)CCCCCC,JW_2024,JW_2024,0
-3.4074051,-1.582573742,CCCCC/C=C\C/C=C\C/C=C\C/C=C\CCCC(=O)OC(C/C=C\CCCCCCCCOC(=O)CCN(CCCn1ccnc1)CCC(=O)OCCCCCCCC/C=C\CC(CCCCCC)OC(=O)CCC/C=C\C/C=C\C/C=C\C/C=C\CCCCC)CCCCCC,JW_2024,JW_2024,0
-3.4366522,-1.465640374,CCCCC/C=C\C/C=C\C/C=C\C/C=C\CCCC(=O)OC(C/C=C\CCCCCCCCOC(=O)CCN(CCCn1ccnc1)CCC(=O)OCCCCCCCC/C=C\CC(CCCCCC)OC(=O)CCC/C=C\C/C=C\C/C=C\C/C=C\CCCCC)CCCCCC,JW_2024,JW_2024,0
-5.0613613,-1.096850521,CCCCC/C=C\C/C=C\C/C=C\C/C=C\CCCC(=O)OC(C/C=C\CCCCCCCCOC(=O)CCN(CCC(=O)OCCCCCCCC/C=C\CC(CCCCCC)OC(=O)CCC/C=C\C/C=C\C/C=C\C/C=C\CCCCC)CCc1ccncc1)CCCCCC,JW_2024,JW_2024,0
-5.1519384,-0.287311819,CCCCC/C=C\C/C=C\C/C=C\C/C=C\CCCC(=O)OC(C/C=C\CCCCCCCCOC(=O)CCN(CCC(=O)OCCCCCCCC/C=C\CC(CCCCCC)OC(=O)CCC/C=C\C/C=C\C/C=C\C/C=C\CCCCC)CCc1ccncc1)CCCCCC,JW_2024,JW_2024,0
-5.8660707,-0.521178555,CCCCC/C=C\C/C=C\C/C=C\C/C=C\CCCC(=O)OC(C/C=C\CCCCCCCCOC(=O)CCN(CCC(=O)OCCCCCCCC/C=C\CC(CCCCCC)OC(=O)CCC/C=C\C/C=C\C/C=C\C/C=C\CCCCC)CCc1ccncc1)CCCCCC,JW_2024,JW_2024,0
-5.0613613,0.594185879,CCCCC/C=C\C/C=C\C/C=C\C/C=C\CCCC(=O)OC(C/C=C\CCCCCCCCOC(=O)CCN(CCC(=O)OCCCCCCCC/C=C\CC(CCCCCC)OC(=O)CCC/C=C\C/C=C\C/C=C\C/C=C\CCCCC)CCc1ccncc1)CCCCCC,JW_2024,JW_2024,1
-4.772176,-0.683086295,CCCCC/C=C\C/C=C\C/C=C\C/C=C\CCCC(=O)OC(C/C=C\CCCCCCCCOC(=O)CCN(CCC(=O)OCCCCCCCC/C=C\CC(CCCCCC)OC(=O)CCC/C=C\C/C=C\C/C=C\C/C=C\CCCCC)CCc1ccncc1)CCCCCC,JW_2024,JW_2024,0
-5.9706526,-0.413240061,CCCCC/C=C\C/C=C\C/C=C\C/C=C\CCCC(=O)OC(C/C=C\CCCCCCCCOC(=O)CCN(CCC(=O)OCCCCCCCC/C=C\CC(CCCCCC)OC(=O)CCC/C=C\C/C=C\C/C=C\C/C=C\CCCCC)CCc1ccncc1)CCCCCC,JW_2024,JW_2024,0
-6.098674,-0.08942458,CCCCC/C=C\C/C=C\C/C=C\C/C=C\CCCC(=O)OC(C/C=C\CCCCCCCCOC(=O)CCN(CCC(=O)OCCCCCCCC/C=C\CC(CCCCCC)OC(=O)CCC/C=C\C/C=C\C/C=C\C/C=C\CCCCC)CCc1ccncc1)CCCCCC,JW_2024,JW_2024,0
-5.591067,-1.564583993,CCCCC/C=C\C/C=C\C/C=C\C/C=C\CCCC(=O)OC(C/C=C\CCCCCCCCOC(=O)CCN(CCC(=O)OCCCCCCCC/C=C\CC(CCCCCC)OC(=O)CCC/C=C\C/C=C\C/C=C\C/C=C\CCCCC)CCc1ccncc1)CCCCCC,JW_2024,JW_2024,0
-5.5599794,0.198411403,CCCCC/C=C\C/C=C\C/C=C\C/C=C\CCCC(=O)OC(C/C=C\CCCCCCCCOC(=O)CCN(CCC(=O)OCCCCCCCC/C=C\CC(CCCCCC)OC(=O)CCC/C=C\C/C=C\C/C=C\C/C=C\CCCCC)CCc1ccncc1)CCCCCC,JW_2024,JW_2024,1
-4.7627892,-0.997906902,CCCCC/C=C\C/C=C\C/C=C\C/C=C\CCCC(=O)OC(C/C=C\CCCCCCCCOC(=O)CCN(CCC(=O)OCCCCCCCC/C=C\CC(CCCCCC)OC(=O)CCC/C=C\C/C=C\C/C=C\C/C=C\CCCCC)CCc1ccncc1)CCCCCC,JW_2024,JW_2024,0
-6.0724854,1.079909101,CCCCC/C=C\C/C=C\C/C=C\C/C=C\CCCC(=O)OC(C/C=C\CCCCCCCCOC(=O)CCN(CCC(=O)OCCCCCCCC/C=C\CC(CCCCCC)OC(=O)CCC/C=C\C/C=C\C/C=C\C/C=C\CCCCC)CCc1ccncc1)CCCCCC,JW_2024,JW_2024,1
-4.5502925,-1.231773638,CCCCC/C=C\C/C=C\C/C=C\C/C=C\CCCC(=O)OC(C/C=C\CCCCCCCCOC(=O)CCN(CCC(=O)OCCCCCCCC/C=C\CC(CCCCCC)OC(=O)CCC/C=C\C/C=C\C/C=C\C/C=C\CCCCC)CCc1ccncc1)CCCCCC,JW_2024,JW_2024,0
-4.860994,-1.339712132,CCCCC/C=C\C/C=C\C/C=C\C/C=C\CCCC(=O)OC(C/C=C\CCCCCCCCOC(=O)CCN(CCC(=O)OCCCCCCCC/C=C\CC(CCCCCC)OC(=O)CCC/C=C\C/C=C\C/C=C\C/C=C\CCCCC)CCc1ccncc1)CCCCCC,JW_2024,JW_2024,0
-5.6255174,-0.755045291,CCCCC/C=C\C/C=C\C/C=C\C/C=C\CCCC(=O)OC(C/C=C\CCCCCCCCOC(=O)CCN(CCC(=O)OCCCCCCCC/C=C\CC(CCCCCC)OC(=O)CCC/C=C\C/C=C\C/C=C\C/C=C\CCCCC)CCc1ccncc1)CCCCCC,JW_2024,JW_2024,0
-5.3990197,-0.683086295,CCCCC/C=C\C/C=C\C/C=C\C/C=C\CCCC(=O)OC(C/C=C\CCCCCCCCOC(=O)CCN(CCC(=O)OCCCCCCCC/C=C\CC(CCCCCC)OC(=O)CCC/C=C\C/C=C\C/C=C\C/C=C\CCCCC)CCc1ccncc1)CCCCCC,JW_2024,JW_2024,0
-4.685013,-0.530173429,CCCCC/C=C\C/C=C\C/C=C\C/C=C\CCCC(=O)OC(C/C=C\CCCCCCCCOC(=O)CCN(CCC(=O)OCCCCCCCC/C=C\CC(CCCCCC)OC(=O)CCC/C=C\C/C=C\C/C=C\C/C=C\CCCCC)CCc1ccncc1)CCCCCC,JW_2024,JW_2024,0
-6.903013,1.142873222,CCCCC/C=C\C/C=C\C/C=C\C/C=C\CCCC(=O)OC(C/C=C\CCCCCCCCOC(=O)CCN(CCC(=O)OCCCCCCCC/C=C\CC(CCCCCC)OC(=O)CCC/C=C\C/C=C\C/C=C\C/C=C\CCCCC)CCc1ccncc1)CCCCCC,JW_2024,JW_2024,1
-5.0865164,0.594185879,CCCCC/C=C\C/C=C\C/C=C\C/C=C\CCCC(=O)OC(C/C=C\CCCCCCCCOC(=O)CCN(CCC(=O)OCCCCCCCC/C=C\CC(CCCCCC)OC(=O)CCC/C=C\C/C=C\C/C=C\C/C=C\CCCCC)CCc1ccncc1)CCCCCC,JW_2024,JW_2024,1
-5.4690275,0.612175628,CCCCC/C=C\C/C=C\C/C=C\C/C=C\CCCC(=O)OC(C/C=C\CCCCCCCCOC(=O)CCN(CCC(=O)OCCCCCCCC/C=C\CC(CCCCCC)OC(=O)CCC/C=C\C/C=C\C/C=C\C/C=C\CCCCC)CCc1ccncc1)CCCCCC,JW_2024,JW_2024,1
-5.142864,-0.00847071,CCCCC/C=C\C/C=C\C/C=C\C/C=C\CCCC(=O)OC(C/C=C\CCCCCCCCOC(=O)CCN(CCC(=O)OCCCCCCCC/C=C\CC(CCCCCC)OC(=O)CCC/C=C\C/C=C\C/C=C\C/C=C\CCCCC)CCc1ccncc1)CCCCCC,JW_2024,JW_2024,0
-5.269335,-0.134398953,CCCCC/C=C\C/C=C\C/C=C\C/C=C\CCCC(=O)OC(C/C=C\CCCCCCCCOC(=O)CCN(CCC(=O)OCCCCCCCC/C=C\CC(CCCCCC)OC(=O)CCC/C=C\C/C=C\C/C=C\C/C=C\CCCCC)CCc1ccncc1)CCCCCC,JW_2024,JW_2024,0
-6.121593,-0.035455333,CCCCC/C=C\C/C=C\C/C=C\C/C=C\CCCC(=O)OC(C/C=C\CCCCCCCCOC(=O)CCN(CCC(=O)OCCCCCCCC/C=C\CC(CCCCCC)OC(=O)CCC/C=C\C/C=C\C/C=C\C/C=C\CCCCC)CCc1ccncc1)CCCCCC,JW_2024,JW_2024,0
-4.560615,-0.143393827,CCCCC/C=C\C/C=C\C/C=C\C/C=C\CCCC(=O)OC(C/C=C\CCCCCCCCOC(=O)CCN(CCC(=O)OCCCCCCCC/C=C\CC(CCCCCC)OC(=O)CCC/C=C\C/C=C\C/C=C\C/C=C\CCCCC)CCN1CCCC1)CCCCCC,JW_2024,JW_2024,0
-3.929088,-0.458214434,CCCCC/C=C\C/C=C\C/C=C\C/C=C\CCCC(=O)OC(C/C=C\CCCCCCCCOC(=O)CCN(CCC(=O)OCCCCCCCC/C=C\CC(CCCCCC)OC(=O)CCC/C=C\C/C=C\C/C=C\C/C=C\CCCCC)CCN1CCCC1)CCCCCC,JW_2024,JW_2024,0
-4.2042437,0.657150001,CCCCC/C=C\C/C=C\C/C=C\C/C=C\CCCC(=O)OC(C/C=C\CCCCCCCCOC(=O)CCN(CCC(=O)OCCCCCCCC/C=C\CC(CCCCCC)OC(=O)CCC/C=C\C/C=C\C/C=C\C/C=C\CCCCC)CCN1CCCC1)CCCCCC,JW_2024,JW_2024,1
-4.560615,0.081478035,CCCCC/C=C\C/C=C\C/C=C\C/C=C\CCCC(=O)OC(C/C=C\CCCCCCCCOC(=O)CCN(CCC(=O)OCCCCCCCC/C=C\CC(CCCCCC)OC(=O)CCC/C=C\C/C=C\C/C=C\C/C=C\CCCCC)CCN1CCCC1)CCCCCC,JW_2024,JW_2024,1
-4.738263,-0.116409204,CCCCC/C=C\C/C=C\C/C=C\C/C=C\CCCC(=O)OC(C/C=C\CCCCCCCCOC(=O)CCN(CCC(=O)OCCCCCCCC/C=C\CC(CCCCCC)OC(=O)CCC/C=C\C/C=C\C/C=C\C/C=C\CCCCC)CCN1CCCC1)CCCCCC,JW_2024,JW_2024,0
-4.529221,-0.413240061,CCCCC/C=C\C/C=C\C/C=C\C/C=C\CCCC(=O)OC(C/C=C\CCCCCCCCOC(=O)CCN(CCC(=O)OCCCCCCCC/C=C\CC(CCCCCC)OC(=O)CCC/C=C\C/C=C\C/C=C\C/C=C\CCCCC)CCN1CCCC1)CCCCCC,JW_2024,JW_2024,0
-5.493646,0.027508788,CCCCC/C=C\C/C=C\C/C=C\C/C=C\CCCC(=O)OC(C/C=C\CCCCCCCCOC(=O)CCN(CCC(=O)OCCCCCCCC/C=C\CC(CCCCCC)OC(=O)CCC/C=C\C/C=C\C/C=C\C/C=C\CCCCC)CCN1CCCC1)CCCCCC,JW_2024,JW_2024,0
-4.6055284,-0.332286191,CCCCC/C=C\C/C=C\C/C=C\C/C=C\CCCC(=O)OC(C/C=C\CCCCCCCCOC(=O)CCN(CCC(=O)OCCCCCCCC/C=C\CC(CCCCCC)OC(=O)CCC/C=C\C/C=C\C/C=C\C/C=C\CCCCC)CCN1CCCC1)CCCCCC,JW_2024,JW_2024,0
-4.4492006,1.394729707,CCCCC/C=C\C/C=C\C/C=C\C/C=C\CCCC(=O)OC(C/C=C\CCCCCCCCOC(=O)CCN(CCC(=O)OCCCCCCCC/C=C\CC(CCCCCC)OC(=O)CCC/C=C\C/C=C\C/C=C\C/C=C\CCCCC)CCN1CCCC1)CCCCCC,JW_2024,JW_2024,2
-4.0652714,0.090472909,CCCCC/C=C\C/C=C\C/C=C\C/C=C\CCCC(=O)OC(C/C=C\CCCCCCCCOC(=O)CCN(CCC(=O)OCCCCCCCC/C=C\CC(CCCCCC)OC(=O)CCC/C=C\C/C=C\C/C=C\C/C=C\CCCCC)CCN1CCCC1)CCCCCC,JW_2024,JW_2024,1
-4.4390388,1.232821967,CCCCC/C=C\C/C=C\C/C=C\C/C=C\CCCC(=O)OC(C/C=C\CCCCCCCCOC(=O)CCN(CCC(=O)OCCCCCCCC/C=C\CC(CCCCCC)OC(=O)CCC/C=C\C/C=C\C/C=C\C/C=C\CCCCC)CCN1CCCC1)CCCCCC,JW_2024,JW_2024,1
-3.8708036,0.07248316,CCCCC/C=C\C/C=C\C/C=C\C/C=C\CCCC(=O)OC(C/C=C\CCCCCCCCOC(=O)CCN(CCC(=O)OCCCCCCCC/C=C\CC(CCCCCC)OC(=O)CCC/C=C\C/C=C\C/C=C\C/C=C\CCCCC)CCN1CCCC1)CCCCCC,JW_2024,JW_2024,1
-4.1248035,-0.026460459,CCCCC/C=C\C/C=C\C/C=C\C/C=C\CCCC(=O)OC(C/C=C\CCCCCCCCOC(=O)CCN(CCC(=O)OCCCCCCCC/C=C\CC(CCCCCC)OC(=O)CCC/C=C\C/C=C\C/C=C\C/C=C\CCCCC)CCN1CCCC1)CCCCCC,JW_2024,JW_2024,0
-4.345739,0.729108996,CCCCC/C=C\C/C=C\C/C=C\C/C=C\CCCC(=O)OC(C/C=C\CCCCCCCCOC(=O)CCN(CCC(=O)OCCCCCCCC/C=C\CC(CCCCCC)OC(=O)CCC/C=C\C/C=C\C/C=C\C/C=C\CCCCC)CCN1CCCC1)CCCCCC,JW_2024,JW_2024,1
-4.8009863,0.33333452,CCCCC/C=C\C/C=C\C/C=C\C/C=C\CCCC(=O)OC(C/C=C\CCCCCCCCOC(=O)CCN(CCC(=O)OCCCCCCCC/C=C\CC(CCCCCC)OC(=O)CCC/C=C\C/C=C\C/C=C\C/C=C\CCCCC)CCN1CCCC1)CCCCCC,JW_2024,JW_2024,1
-4.859859,0.027508788,CCCCC/C=C\C/C=C\C/C=C\C/C=C\CCCC(=O)OC(C/C=C\CCCCCCCCOC(=O)CCN(CCC(=O)OCCCCCCCC/C=C\CC(CCCCCC)OC(=O)CCC/C=C\C/C=C\C/C=C\C/C=C\CCCCC)CCN1CCCC1)CCCCCC,JW_2024,JW_2024,0
-4.5893493,0.567201256,CCCCC/C=C\C/C=C\C/C=C\C/C=C\CCCC(=O)OC(C/C=C\CCCCCCCCOC(=O)CCN(CCC(=O)OCCCCCCCC/C=C\CC(CCCCCC)OC(=O)CCC/C=C\C/C=C\C/C=C\C/C=C\CCCCC)CCN1CCCC1)CCCCCC,JW_2024,JW_2024,1
-4.564843,0.621170503,CCCCC/C=C\C/C=C\C/C=C\C/C=C\CCCC(=O)OC(C/C=C\CCCCCCCCOC(=O)CCN(CCC(=O)OCCCCCCCC/C=C\CC(CCCCCC)OC(=O)CCC/C=C\C/C=C\C/C=C\C/C=C\CCCCC)CCN1CCCC1)CCCCCC,JW_2024,JW_2024,1
-5.448701,0.684134624,CCCCC/C=C\C/C=C\C/C=C\C/C=C\CCCC(=O)OC(C/C=C\CCCCCCCCOC(=O)CCN(CCC(=O)OCCCCCCCC/C=C\CC(CCCCCC)OC(=O)CCC/C=C\C/C=C\C/C=C\C/C=C\CCCCC)CCN1CCCC1)CCCCCC,JW_2024,JW_2024,1
-4.548821,1.952411924,CCCCC/C=C\C/C=C\C/C=C\C/C=C\CCCC(=O)OC(C/C=C\CCCCCCCCOC(=O)CCN(CCC(=O)OCCCCCCCC/C=C\CC(CCCCCC)OC(=O)CCC/C=C\C/C=C\C/C=C\C/C=C\CCCCC)CCN1CCCC1)CCCCCC,JW_2024,JW_2024,3
-5.181455,1.169857845,CCCCC/C=C\C/C=C\C/C=C\C/C=C\CCCC(=O)OC(C/C=C\CCCCCCCCOC(=O)CCN(CCC(=O)OCCCCCCCC/C=C\CC(CCCCCC)OC(=O)CCC/C=C\C/C=C\C/C=C\C/C=C\CCCCC)CCN1CCCC1)CCCCCC,JW_2024,JW_2024,1
-4.758589,0.83704749,CCCCC/C=C\C/C=C\C/C=C\C/C=C\CCCC(=O)OC(C/C=C\CCCCCCCCOC(=O)CCN(CCC(=O)OCCCCCCCC/C=C\CC(CCCCCC)OC(=O)CCC/C=C\C/C=C\C/C=C\C/C=C\CCCCC)CCN1CCCC1)CCCCCC,JW_2024,JW_2024,1
-4.505124,0.91800136,CCCCC/C=C\C/C=C\C/C=C\C/C=C\CCCC(=O)OC(C/C=C\CCCCCCCCOC(=O)CCN(CCC(=O)OCCCCCCCC/C=C\CC(CCCCCC)OC(=O)CCC/C=C\C/C=C\C/C=C\C/C=C\CCCCC)CCN1CCCC1)CCCCCC,JW_2024,JW_2024,1
-5.0405383,1.223827092,CCCCC/C=C\C/C=C\C/C=C\C/C=C\CCCC(=O)OC(C/C=C\CCCCCCCCOC(=O)CCN(CCC(=O)OCCCCCCCC/C=C\CC(CCCCCC)OC(=O)CCC/C=C\C/C=C\C/C=C\C/C=C\CCCCC)CCN1CCCC1)CCCCCC,JW_2024,JW_2024,1
-2.140355,-1.375691629,CCCCC/C=C\C/C=C\C/C=C\C/C=C\CCCC(=O)OC(C/C=C\CCCCCCCCOC(=O)CCN(CCC(=O)OCCCCCCCC/C=C\CC(CCCCCC)OC(=O)CCC/C=C\C/C=C\C/C=C\C/C=C\CCCCC)CCN1CCOCC1)CCCCCC,JW_2024,JW_2024,0
-2.7270787,-1.681517361,CCCCC/C=C\C/C=C\C/C=C\C/C=C\CCCC(=O)OC(C/C=C\CCCCCCCCOC(=O)CCN(CCC(=O)OCCCCCCCC/C=C\CC(CCCCCC)OC(=O)CCC/C=C\C/C=C\C/C=C\C/C=C\CCCCC)CCN1CCOCC1)CCCCCC,JW_2024,JW_2024,0
-3.0434048,-1.060871023,CCCCC/C=C\C/C=C\C/C=C\C/C=C\CCCC(=O)OC(C/C=C\CCCCCCCCOC(=O)CCN(CCC(=O)OCCCCCCCC/C=C\CC(CCCCCC)OC(=O)CCC/C=C\C/C=C\C/C=C\C/C=C\CCCCC)CCN1CCOCC1)CCCCCC,JW_2024,JW_2024,0
-2.140355,-0.755045291,CCCCC/C=C\C/C=C\C/C=C\C/C=C\CCCC(=O)OC(C/C=C\CCCCCCCCOC(=O)CCN(CCC(=O)OCCCCCCCC/C=C\CC(CCCCCC)OC(=O)CCC/C=C\C/C=C\C/C=C\C/C=C\CCCCC)CCN1CCOCC1)CCCCCC,JW_2024,JW_2024,0
-2.3210244,-1.645537863,CCCCC/C=C\C/C=C\C/C=C\C/C=C\CCCC(=O)OC(C/C=C\CCCCCCCCOC(=O)CCN(CCC(=O)OCCCCCCCC/C=C\CC(CCCCCC)OC(=O)CCC/C=C\C/C=C\C/C=C\C/C=C\CCCCC)CCN1CCOCC1)CCCCCC,JW_2024,JW_2024,0
-3.2331157,-1.330717257,CCCCC/C=C\C/C=C\C/C=C\C/C=C\CCCC(=O)OC(C/C=C\CCCCCCCCOC(=O)CCN(CCC(=O)OCCCCCCCC/C=C\CC(CCCCCC)OC(=O)CCC/C=C\C/C=C\C/C=C\C/C=C\CCCCC)CCN1CCOCC1)CCCCCC,JW_2024,JW_2024,0
-3.5856373,-0.35027594,CCCCC/C=C\C/C=C\C/C=C\C/C=C\CCCC(=O)OC(C/C=C\CCCCCCCCOC(=O)CCN(CCC(=O)OCCCCCCCC/C=C\CC(CCCCCC)OC(=O)CCC/C=C\C/C=C\C/C=C\C/C=C\CCCCC)CCN1CCOCC1)CCCCCC,JW_2024,JW_2024,0
-3.3774524,-1.969353344,CCCCC/C=C\C/C=C\C/C=C\C/C=C\CCCC(=O)OC(C/C=C\CCCCCCCCOC(=O)CCN(CCC(=O)OCCCCCCCC/C=C\CC(CCCCCC)OC(=O)CCC/C=C\C/C=C\C/C=C\C/C=C\CCCCC)CCN1CCOCC1)CCCCCC,JW_2024,JW_2024,0
-3.3907433,-0.809014538,CCCCC/C=C\C/C=C\C/C=C\C/C=C\CCCC(=O)OC(C/C=C\CCCCCCCCOC(=O)CCN(CCC(=O)OCCCCCCCC/C=C\CC(CCCCCC)OC(=O)CCC/C=C\C/C=C\C/C=C\C/C=C\CCCCC)CCN1CCOCC1)CCCCCC,JW_2024,JW_2024,0
-2.756666,-0.880973534,CCCCC/C=C\C/C=C\C/C=C\C/C=C\CCCC(=O)OC(C/C=C\CCCCCCCCOC(=O)CCN(CCC(=O)OCCCCCCCC/C=C\CC(CCCCCC)OC(=O)CCC/C=C\C/C=C\C/C=C\C/C=C\CCCCC)CCN1CCOCC1)CCCCCC,JW_2024,JW_2024,0
-3.252754,0.666144875,CCCCC/C=C\C/C=C\C/C=C\C/C=C\CCCC(=O)OC(C/C=C\CCCCCCCCOC(=O)CCN(CCC(=O)OCCCCCCCC/C=C\CC(CCCCCC)OC(=O)CCC/C=C\C/C=C\C/C=C\C/C=C\CCCCC)CCN1CCOCC1)CCCCCC,JW_2024,JW_2024,1
-2.94343,-1.519609621,CCCCC/C=C\C/C=C\C/C=C\C/C=C\CCCC(=O)OC(C/C=C\CCCCCCCCOC(=O)CCN(CCC(=O)OCCCCCCCC/C=C\CC(CCCCCC)OC(=O)CCC/C=C\C/C=C\C/C=C\C/C=C\CCCCC)CCN1CCOCC1)CCCCCC,JW_2024,JW_2024,0
-2.8086872,-1.438655751,CCCCC/C=C\C/C=C\C/C=C\C/C=C\CCCC(=O)OC(C/C=C\CCCCCCCCOC(=O)CCN(CCC(=O)OCCCCCCCC/C=C\CC(CCCCCC)OC(=O)CCC/C=C\C/C=C\C/C=C\C/C=C\CCCCC)CCN1CCOCC1)CCCCCC,JW_2024,JW_2024,0
-3.1037474,-0.422234936,CCCCC/C=C\C/C=C\C/C=C\C/C=C\CCCC(=O)OC(C/C=C\CCCCCCCCOC(=O)CCN(CCC(=O)OCCCCCCCC/C=C\CC(CCCCCC)OC(=O)CCC/C=C\C/C=C\C/C=C\C/C=C\CCCCC)CCN1CCOCC1)CCCCCC,JW_2024,JW_2024,0
-2.8940203,-0.683086295,CCCCC/C=C\C/C=C\C/C=C\C/C=C\CCCC(=O)OC(C/C=C\CCCCCCCCOC(=O)CCN(CCCN(CC)CC)CCC(=O)OCCCCCCCC/C=C\CC(CCCCCC)OC(=O)CCC/C=C\C/C=C\C/C=C\C/C=C\CCCCC)CCCCCC,JW_2024,JW_2024,0
-2.5446064,-0.359270814,CCCCC/C=C\C/C=C\C/C=C\C/C=C\CCCC(=O)OC(C/C=C\CCCCCCCCOC(=O)CCN(CCCN(CC)CC)CCC(=O)OCCCCCCCC/C=C\CC(CCCCCC)OC(=O)CCC/C=C\C/C=C\C/C=C\C/C=C\CCCCC)CCCCCC,JW_2024,JW_2024,0
-2.4479306,-0.728060668,CCCCC/C=C\C/C=C\C/C=C\C/C=C\CCCC(=O)OC(C/C=C\CCCCCCCCOC(=O)CCN(CCCN(CC)CC)CCC(=O)OCCCCCCCC/C=C\CC(CCCCCC)OC(=O)CCC/C=C\C/C=C\C/C=C\C/C=C\CCCCC)CCCCCC,JW_2024,JW_2024,0
-2.8940203,0.000524164,CCCCC/C=C\C/C=C\C/C=C\C/C=C\CCCC(=O)OC(C/C=C\CCCCCCCCOC(=O)CCN(CCCN(CC)CC)CCC(=O)OCCCCCCCC/C=C\CC(CCCCCC)OC(=O)CCC/C=C\C/C=C\C/C=C\C/C=C\CCCCC)CCCCCC,JW_2024,JW_2024,0
-3.30944,-0.629117048,CCCCC/C=C\C/C=C\C/C=C\C/C=C\CCCC(=O)OC(C/C=C\CCCCCCCCOC(=O)CCN(CCCN(CC)CC)CCC(=O)OCCCCCCCC/C=C\CC(CCCCCC)OC(=O)CCC/C=C\C/C=C\C/C=C\C/C=C\CCCCC)CCCCCC,JW_2024,JW_2024,0
-2.8297293,0.117457533,CCCCC/C=C\C/C=C\C/C=C\C/C=C\CCCC(=O)OC(C/C=C\CCCCCCCCOC(=O)CCN(CCCN(CC)CC)CCC(=O)OCCCCCCCC/C=C\CC(CCCCCC)OC(=O)CCC/C=C\C/C=C\C/C=C\C/C=C\CCCCC)CCCCCC,JW_2024,JW_2024,1
-4.019868,0.783078243,CCCCC/C=C\C/C=C\C/C=C\C/C=C\CCCC(=O)OC(C/C=C\CCCCCCCCOC(=O)CCN(CCCN(CC)CC)CCC(=O)OCCCCCCCC/C=C\CC(CCCCCC)OC(=O)CCC/C=C\C/C=C\C/C=C\C/C=C\CCCCC)CCCCCC,JW_2024,JW_2024,1
-3.9391208,-0.764040165,CCCCC/C=C\C/C=C\C/C=C\C/C=C\CCCC(=O)OC(C/C=C\CCCCCCCCOC(=O)CCN(CCCN(CC)CC)CCC(=O)OCCCCCCCC/C=C\CC(CCCCCC)OC(=O)CCC/C=C\C/C=C\C/C=C\C/C=C\CCCCC)CCCCCC,JW_2024,JW_2024,0
-3.2319283,1.016944979,CCCCC/C=C\C/C=C\C/C=C\C/C=C\CCCC(=O)OC(C/C=C\CCCCCCCCOC(=O)CCN(CCCN(CC)CC)CCC(=O)OCCCCCCCC/C=C\CC(CCCCCC)OC(=O)CCC/C=C\C/C=C\C/C=C\C/C=C\CCCCC)CCCCCC,JW_2024,JW_2024,1
-3.0322125,-0.116409204,CCCCC/C=C\C/C=C\C/C=C\C/C=C\CCCC(=O)OC(C/C=C\CCCCCCCCOC(=O)CCN(CCCN(CC)CC)CCC(=O)OCCCCCCCC/C=C\CC(CCCCCC)OC(=O)CCC/C=C\C/C=C\C/C=C\C/C=C\CCCCC)CCCCCC,JW_2024,JW_2024,0
-2.8840268,0.684134624,CCCCC/C=C\C/C=C\C/C=C\C/C=C\CCCC(=O)OC(C/C=C\CCCCCCCCOC(=O)CCN(CCCN(CC)CC)CCC(=O)OCCCCCCCC/C=C\CC(CCCCCC)OC(=O)CCC/C=C\C/C=C\C/C=C\C/C=C\CCCCC)CCCCCC,JW_2024,JW_2024,1
-2.9244828,-0.503188806,CCCCC/C=C\C/C=C\C/C=C\C/C=C\CCCC(=O)OC(C/C=C\CCCCCCCCOC(=O)CCN(CCCN(CC)CC)CCC(=O)OCCCCCCCC/C=C\CC(CCCCCC)OC(=O)CCC/C=C\C/C=C\C/C=C\C/C=C\CCCCC)CCCCCC,JW_2024,JW_2024,0
-3.0589173,-0.152388702,CCCCC/C=C\C/C=C\C/C=C\C/C=C\CCCC(=O)OC(C/C=C\CCCCCCCCOC(=O)CCN(CCCN(CC)CC)CCC(=O)OCCCCCCCC/C=C\CC(CCCCCC)OC(=O)CCC/C=C\C/C=C\C/C=C\C/C=C\CCCCC)CCCCCC,JW_2024,JW_2024,0
-2.52699,0.594185879,CCCCC/C=C\C/C=C\C/C=C\C/C=C\CCCC(=O)OC(C/C=C\CCCCCCCCOC(=O)CCN(CCCN(CC)CC)CCC(=O)OCCCCCCCC/C=C\CC(CCCCCC)OC(=O)CCC/C=C\C/C=C\C/C=C\C/C=C\CCCCC)CCCCCC,JW_2024,JW_2024,1
-2.9659894,0.288360147,CCCCC/C=C\C/C=C\C/C=C\C/C=C\CCCC(=O)OC(C/C=C\CCCCCCCCOC(=O)CCN(CCCN(CC)CC)CCC(=O)OCCCCCCCC/C=C\CC(CCCCCC)OC(=O)CCC/C=C\C/C=C\C/C=C\C/C=C\CCCCC)CCCCCC,JW_2024,JW_2024,1
-3.247164,-1.060871023,CCCCC/C=C\C/C=C\C/C=C\C/C=C\CCCC(=O)OC(C/C=C\CCCCCCCCOC(=O)CCN(CCCN(CC)CC)CCC(=O)OCCCCCCCC/C=C\CC(CCCCCC)OC(=O)CCC/C=C\C/C=C\C/C=C\C/C=C\CCCCC)CCCCCC,JW_2024,JW_2024,0
-3.8617296,0.57619613,CCCCC/C=C\C/C=C\C/C=C\C/C=C\CCCC(=O)OC(C/C=C\CCCCCCCCOC(=O)CCN(CCCN(CC)CC)CCC(=O)OCCCCCCCC/C=C\CC(CCCCCC)OC(=O)CCC/C=C\C/C=C\C/C=C\C/C=C\CCCCC)CCCCCC,JW_2024,JW_2024,1
-3.231538,0.953980858,CCCCC/C=C\C/C=C\C/C=C\C/C=C\CCCC(=O)OC(C/C=C\CCCCCCCCOC(=O)CCN(CCCN(CC)CC)CCC(=O)OCCCCCCCC/C=C\CC(CCCCCC)OC(=O)CCC/C=C\C/C=C\C/C=C\C/C=C\CCCCC)CCCCCC,JW_2024,JW_2024,1
-4.090011,0.998955231,CCCCC/C=C\C/C=C\C/C=C\C/C=C\CCCC(=O)OC(C/C=C\CCCCCCCCOC(=O)CCN(CCCN(CC)CC)CCC(=O)OCCCCCCCC/C=C\CC(CCCCCC)OC(=O)CCC/C=C\C/C=C\C/C=C\C/C=C\CCCCC)CCCCCC,JW_2024,JW_2024,1
-3.0163279,1.853468305,CCCCC/C=C\C/C=C\C/C=C\C/C=C\CCCC(=O)OC(C/C=C\CCCCCCCCOC(=O)CCN(CCCN(CC)CC)CCC(=O)OCCCCCCCC/C=C\CC(CCCCCC)OC(=O)CCC/C=C\C/C=C\C/C=C\C/C=C\CCCCC)CCCCCC,JW_2024,JW_2024,2
-2.727023,0.513232009,CCCCC/C=C\C/C=C\C/C=C\C/C=C\CCCC(=O)OC(C/C=C\CCCCCCCCOC(=O)CCN(CCCN(CC)CC)CCC(=O)OCCCCCCCC/C=C\CC(CCCCCC)OC(=O)CCC/C=C\C/C=C\C/C=C\C/C=C\CCCCC)CCCCCC,JW_2024,JW_2024,1
-3.0138776,1.538647699,CCCCC/C=C\C/C=C\C/C=C\C/C=C\CCCC(=O)OC(C/C=C\CCCCCCCCOC(=O)CCN(CCCN(CC)CC)CCC(=O)OCCCCCCCC/C=C\CC(CCCCCC)OC(=O)CCC/C=C\C/C=C\C/C=C\C/C=C\CCCCC)CCCCCC,JW_2024,JW_2024,2
-2.9900105,0.15343703,CCCCC/C=C\C/C=C\C/C=C\C/C=C\CCCC(=O)OC(C/C=C\CCCCCCCCOC(=O)CCN(CCCN(CC)CC)CCC(=O)OCCCCCCCC/C=C\CC(CCCCCC)OC(=O)CCC/C=C\C/C=C\C/C=C\C/C=C\CCCCC)CCCCCC,JW_2024,JW_2024,1
-3.836489,0.882021862,CCCCC/C=C\C/C=C\C/C=C\C/C=C\CCCC(=O)OC(C/C=C\CCCCCCCCOC(=O)CCN(CCCN(CC)CC)CCC(=O)OCCCCCCCC/C=C\CC(CCCCCC)OC(=O)CCC/C=C\C/C=C\C/C=C\C/C=C\CCCCC)CCCCCC,JW_2024,JW_2024,1
-3.433451,-0.907958157,CCCCC/C=C\CCC(=O)OC(C/C=C\CCCCCCCCOC(=O)CCN(CCC(=O)OCCCCCCCC/C=C\CC(CCCCCC)OC(=O)CC/C=C\CCCCC)CCN1CCCN(C)CC1)CCCCCC,JW_2024,JW_2024,0
-3.0136764,-0.188368199,CCCCC/C=C\CCC(=O)OC(C/C=C\CCCCCCCCOC(=O)CCN(CCC(=O)OCCCCCCCC/C=C\CC(CCCCCC)OC(=O)CC/C=C\CCCCC)CCN1CCCN(C)CC1)CCCCCC,JW_2024,JW_2024,0
-4.7389755,0.018513913,CCCCC/C=C\CCC(=O)OC(C/C=C\CCCCCCCCOC(=O)CCN(CCC(=O)OCCCCCCCC/C=C\CC(CCCCCC)OC(=O)CC/C=C\CCCCC)CCN1CCCN(C)CC1)CCCCCC,JW_2024,JW_2024,0
-3.2856688,0.315344771,CCCCC/C=C\CCC(=O)OC(C/C=C\CCCCCCCCOC(=O)CCN(CCC(=O)OCCCCCCCC/C=C\CC(CCCCCC)OC(=O)CC/C=C\CCCCC)CCN1CCCN(C)CC1)CCCCCC,JW_2024,JW_2024,1
-3.352251,-0.6111273,CCCCC/C=C\CCC(=O)OC(C/C=C\CCCCCCCCOC(=O)CCN(CCC(=O)OCCCCCCCC/C=C\CC(CCCCCC)OC(=O)CC/C=C\CCCCC)CCN1CCCN(C)CC1)CCCCCC,JW_2024,JW_2024,0
-3.5524929,0.081478035,CCCCC/C=C\CCC(=O)OC(C/C=C\CCCCCCCCOC(=O)CCN(CCC(=O)OCCCCCCCC/C=C\CC(CCCCCC)OC(=O)CC/C=C\CCCCC)CCN1CCCN(C)CC1)CCCCCC,JW_2024,JW_2024,1
-3.8540268,1.088903975,CCCCC/C=C\CCC(=O)OC(C/C=C\CCCCCCCCOC(=O)CCN(CCC(=O)OCCCCCCCC/C=C\CC(CCCCCC)OC(=O)CC/C=C\CCCCC)CCN1CCCN(C)CC1)CCCCCC,JW_2024,JW_2024,1
-3.6761258,-0.035455333,CCCCC/C=C\CCC(=O)OC(C/C=C\CCCCCCCCOC(=O)CCN(CCC(=O)OCCCCCCCC/C=C\CC(CCCCCC)OC(=O)CC/C=C\CCCCC)CCN1CCCN(C)CC1)CCCCCC,JW_2024,JW_2024,0
-3.378307,1.736534937,CCCCC/C=C\CCC(=O)OC(C/C=C\CCCCCCCCOC(=O)CCN(CCC(=O)OCCCCCCCC/C=C\CC(CCCCCC)OC(=O)CC/C=C\CCCCC)CCN1CCCN(C)CC1)CCCCCC,JW_2024,JW_2024,2
-3.4611359,-0.305301568,CCCCC/C=C\CCC(=O)OC(C/C=C\CCCCCCCCOC(=O)CCN(CCC(=O)OCCCCCCCC/C=C\CC(CCCCCC)OC(=O)CC/C=C\CCCCC)CCN1CCCN(C)CC1)CCCCCC,JW_2024,JW_2024,0
-4.8370285,1.349755335,CCCCC/C=C\CCC(=O)OC(C/C=C\CCCCCCCCOC(=O)CCN(CCC(=O)OCCCCCCCC/C=C\CC(CCCCCC)OC(=O)CC/C=C\CCCCC)CCN1CCCN(C)CC1)CCCCCC,JW_2024,JW_2024,2
-3.3514807,-0.260327195,CCCCC/C=C\CCC(=O)OC(C/C=C\CCCCCCCCOC(=O)CCN(CCC(=O)OCCCCCCCC/C=C\CC(CCCCCC)OC(=O)CC/C=C\CCCCC)CCN1CCCN(C)CC1)CCCCCC,JW_2024,JW_2024,0
-3.4842753,-0.305301568,CCCCC/C=C\CCC(=O)OC(C/C=C\CCCCCCCCOC(=O)CCN(CCC(=O)OCCCCCCCC/C=C\CC(CCCCCC)OC(=O)CC/C=C\CCCCC)CCN1CCCN(C)CC1)CCCCCC,JW_2024,JW_2024,0
-4.8130026,0.036503662,CCCCC/C=C\CCC(=O)OC(C/C=C\CCCCCCCCOC(=O)CCN(CCC(=O)OCCCCCCCC/C=C\CC(CCCCCC)OC(=O)CC/C=C\CCCCC)CCN1CCCN(C)CC1)CCCCCC,JW_2024,JW_2024,1
-3.4757698,0.432278139,CCCCC/C=C\CCC(=O)OC(C/C=C\CCCCCCCCOC(=O)CCN(CCC(=O)OCCCCCCCC/C=C\CC(CCCCCC)OC(=O)CC/C=C\CCCCC)CCN1CCCN(C)CC1)CCCCCC,JW_2024,JW_2024,1
-3.8819473,-0.305301568,CCCCC/C=C\CCC(=O)OC(C/C=C\CCCCCCCCOC(=O)CCN(CCC(=O)OCCCCCCCC/C=C\CC(CCCCCC)OC(=O)CC/C=C\CCCCC)CCN1CCCN(C)CC1)CCCCCC,JW_2024,JW_2024,0
-3.3869903,0.846042365,CCCCC/C=C\CCC(=O)OC(C/C=C\CCCCCCCCOC(=O)CCN(CCC(=O)OCCCCCCCC/C=C\CC(CCCCCC)OC(=O)CC/C=C\CCCCC)CCN1CCCN(C)CC1)CCCCCC,JW_2024,JW_2024,1
-3.1595106,0.962975733,CCCCC/C=C\CCC(=O)OC(C/C=C\CCCCCCCCOC(=O)CCN(CCC(=O)OCCCCCCCC/C=C\CC(CCCCCC)OC(=O)CC/C=C\CCCCC)CCN1CCCN(C)CC1)CCCCCC,JW_2024,JW_2024,1
-4.7788806,0.989960356,CCCCC/C=C\CCC(=O)OC(C/C=C\CCCCCCCCOC(=O)CCN(CCC(=O)OCCCCCCCC/C=C\CC(CCCCCC)OC(=O)CC/C=C\CCCCC)CCN1CCCN(C)CC1)CCCCCC,JW_2024,JW_2024,1
-3.3253388,1.295786088,CCCCC/C=C\CCC(=O)OC(C/C=C\CCCCCCCCOC(=O)CCN(CCC(=O)OCCCCCCCC/C=C\CC(CCCCCC)OC(=O)CC/C=C\CCCCC)CCN1CCCN(C)CC1)CCCCCC,JW_2024,JW_2024,1
-4.211396,0.846042365,CCCCC/C=C\CCC(=O)OC(C/C=C\CCCCCCCCOC(=O)CCN(CCC(=O)OCCCCCCCC/C=C\CC(CCCCCC)OC(=O)CC/C=C\CCCCC)CCN1CCCN(C)CC1)CCCCCC,JW_2024,JW_2024,1
-3.467086,0.846042365,CCCCC/C=C\CCC(=O)OC(C/C=C\CCCCCCCCOC(=O)CCN(CCC(=O)OCCCCCCCC/C=C\CC(CCCCCC)OC(=O)CC/C=C\CCCCC)CCN1CCCN(C)CC1)CCCCCC,JW_2024,JW_2024,1
-4.136215,0.306349896,CCCCC/C=C\CCC(=O)OC(C/C=C\CCCCCCCCOC(=O)CCN(CCC(=O)OCCCCCCCC/C=C\CC(CCCCCC)OC(=O)CC/C=C\CCCCC)CCN1CCCN(C)CC1)CCCCCC,JW_2024,JW_2024,1
-4.47584,0.621170503,CCCCC/C=C\CCC(=O)OC(C/C=C\CCCCCCCCOC(=O)CCN(CCC(=O)OCCCCCCCC/C=C\CC(CCCCCC)OC(=O)CC/C=C\CCCCC)CCN1CCCN(C)CC1)CCCCCC,JW_2024,JW_2024,1
-4.001184,-1.834430227,CCCCC/C=C\CCC(=O)OC(C/C=C\CCCCCCCCOC(=O)CCN(C)CCCn1ccnc1)CCCCCC,JW_2024,JW_2024,0
-3.8390489,-1.807445604,CCCCC/C=C\CCC(=O)OC(C/C=C\CCCCCCCCOC(=O)CCN(C)CCCn1ccnc1)CCCCCC,JW_2024,JW_2024,0
-6.2194242,-1.249763387,CCCCC/C=C\CCC(=O)OC(C/C=C\CCCCCCCCOC(=O)CCN(C)CCCn1ccnc1)CCCCCC,JW_2024,JW_2024,0
-4.023275,-1.798450729,CCCCC/C=C\CCC(=O)OC(C/C=C\CCCCCCCCOC(=O)CCN(C)CCCn1ccnc1)CCCCCC,JW_2024,JW_2024,0
-4.172891,-1.771466106,CCCCC/C=C\CCC(=O)OC(C/C=C\CCCCCCCCOC(=O)CCN(C)CCCn1ccnc1)CCCCCC,JW_2024,JW_2024,0
-5.6277647,-2.616984306,CCCCC/C=C\CCC(=O)OC(C/C=C\CCCCCCCCOC(=O)CCN(C)CCCn1ccnc1)CCCCCC,JW_2024,JW_2024,0
-6.340194,-1.240768512,CCCCC/C=C\CCC(=O)OC(C/C=C\CCCCCCCCOC(=O)CCN(C)CCCn1ccnc1)CCCCCC,JW_2024,JW_2024,0
-4.5057855,-1.690512236,CCCCC/C=C\CCC(=O)OC(C/C=C\CCCCCCCCOC(=O)CCN(C)CCCn1ccnc1)CCCCCC,JW_2024,JW_2024,0
-4.421136,0.243385775,CCCCC/C=C\CCC(=O)OC(C/C=C\CCCCCCCCOC(=O)CCN(C)CCCn1ccnc1)CCCCCC,JW_2024,JW_2024,1
-4.248198,-1.402676253,CCCCC/C=C\CCC(=O)OC(C/C=C\CCCCCCCCOC(=O)CCN(C)CCCn1ccnc1)CCCCCC,JW_2024,JW_2024,0
-6.4626193,0.108462658,CCCCC/C=C\CCC(=O)OC(C/C=C\CCCCCCCCOC(=O)CCN(C)CCCn1ccnc1)CCCCCC,JW_2024,JW_2024,1
-4.141303,-1.717496859,CCCCC/C=C\CCC(=O)OC(C/C=C\CCCCCCCCOC(=O)CCN(C)CCCn1ccnc1)CCCCCC,JW_2024,JW_2024,0
-4.18273,-1.546594244,CCCCC/C=C\CCC(=O)OC(C/C=C\CCCCCCCCOC(=O)CCN(C)CCCn1ccnc1)CCCCCC,JW_2024,JW_2024,0
-6.2978177,-1.186799266,CCCCC/C=C\CCC(=O)OC(C/C=C\CCCCCCCCOC(=O)CCN(C)CCCn1ccnc1)CCCCCC,JW_2024,JW_2024,0
-4.3360987,-0.997906902,CCCCC/C=C\CCC(=O)OC(C/C=C\CCCCCCCCOC(=O)CCN1CCC(c2ccncc2)CC1)CCCCCC,JW_2024,JW_2024,0
-4.454861,-0.898963283,CCCCC/C=C\CCC(=O)OC(C/C=C\CCCCCCCCOC(=O)CCN1CCC(c2ccncc2)CC1)CCCCCC,JW_2024,JW_2024,0
-6.7149653,-1.105845395,CCCCC/C=C\CCC(=O)OC(C/C=C\CCCCCCCCOC(=O)CCN1CCC(c2ccncc2)CC1)CCCCCC,JW_2024,JW_2024,0
-4.423213,-0.638111923,CCCCC/C=C\CCC(=O)OC(C/C=C\CCCCCCCCOC(=O)CCN1CCC(c2ccncc2)CC1)CCCCCC,JW_2024,JW_2024,0
-4.911364,-0.215352823,CCCCC/C=C\CCC(=O)OC(C/C=C\CCCCCCCCOC(=O)CCN1CCC(c2ccncc2)CC1)CCCCCC,JW_2024,JW_2024,0
-6.6110926,-0.835999161,CCCCC/C=C\CCC(=O)OC(C/C=C\CCCCCCCCOC(=O)CCN1CCC(c2ccncc2)CC1)CCCCCC,JW_2024,JW_2024,0
-5.7245073,-0.170378451,CCCCC/C=C\CCC(=O)OC(C/C=C\CCCCCCCCOC(=O)CCN1CCC(c2ccncc2)CC1)CCCCCC,JW_2024,JW_2024,0
-5.4228806,-1.53759937,CCCCC/C=C\CCC(=O)OC(C/C=C\CCCCCCCCOC(=O)CCN1CCC(c2ccncc2)CC1)CCCCCC,JW_2024,JW_2024,0
-5.1963997,-1.429660876,CCCCC/C=C\CCC(=O)OC(C/C=C\CCCCCCCCOC(=O)CCN1CCC(c2ccncc2)CC1)CCCCCC,JW_2024,JW_2024,0
-5.169176,-1.105845395,CCCCC/C=C\CCC(=O)OC(C/C=C\CCCCCCCCOC(=O)CCN1CCC(c2ccncc2)CC1)CCCCCC,JW_2024,JW_2024,0
-7.7380824,0.962975733,CCCCC/C=C\CCC(=O)OC(C/C=C\CCCCCCCCOC(=O)CCN1CCC(c2ccncc2)CC1)CCCCCC,JW_2024,JW_2024,1
-4.8882165,-1.060871023,CCCCC/C=C\CCC(=O)OC(C/C=C\CCCCCCCCOC(=O)CCN1CCC(c2ccncc2)CC1)CCCCCC,JW_2024,JW_2024,0
-5.114653,-0.943937655,CCCCC/C=C\CCC(=O)OC(C/C=C\CCCCCCCCOC(=O)CCN1CCC(c2ccncc2)CC1)CCCCCC,JW_2024,JW_2024,0
-7.2794385,-0.035455333,CCCCC/C=C\CCC(=O)OC(C/C=C\CCCCCCCCOC(=O)CCN1CCC(c2ccncc2)CC1)CCCCCC,JW_2024,JW_2024,0
-4.554047,-1.798450729,CCCCC/C=C\CCC(=O)OC(C/C=C\CCCCCCCCOC(=O)CCN1CCC(c2cccnc2)CC1)CCCCCC,JW_2024,JW_2024,0
-4.6602435,-0.943937655,CCCCC/C=C\CCC(=O)OC(C/C=C\CCCCCCCCOC(=O)CCN1CCC(c2cccnc2)CC1)CCCCCC,JW_2024,JW_2024,0
-6.9989038,-1.168809517,CCCCC/C=C\CCC(=O)OC(C/C=C\CCCCCCCCOC(=O)CCN1CCC(c2cccnc2)CC1)CCCCCC,JW_2024,JW_2024,0
-4.558651,-1.348707006,CCCCC/C=C\CCC(=O)OC(C/C=C\CCCCCCCCOC(=O)CCN1CCC(c2cccnc2)CC1)CCCCCC,JW_2024,JW_2024,0
-4.9512196,-1.249763387,CCCCC/C=C\CCC(=O)OC(C/C=C\CCCCCCCCOC(=O)CCN1CCC(c2cccnc2)CC1)CCCCCC,JW_2024,JW_2024,0
-6.9394317,-1.339712132,CCCCC/C=C\CCC(=O)OC(C/C=C\CCCCCCCCOC(=O)CCN1CCC(c2cccnc2)CC1)CCCCCC,JW_2024,JW_2024,0
-6.053478,-0.332286191,CCCCC/C=C\CCC(=O)OC(C/C=C\CCCCCCCCOC(=O)CCN1CCC(c2cccnc2)CC1)CCCCCC,JW_2024,JW_2024,0
-5.454483,-1.690512236,CCCCC/C=C\CCC(=O)OC(C/C=C\CCCCCCCCOC(=O)CCN1CCC(c2cccnc2)CC1)CCCCCC,JW_2024,JW_2024,0
-5.2802405,-0.494193931,CCCCC/C=C\CCC(=O)OC(C/C=C\CCCCCCCCOC(=O)CCN1CCC(c2cccnc2)CC1)CCCCCC,JW_2024,JW_2024,0
-5.302056,-1.267753136,CCCCC/C=C\CCC(=O)OC(C/C=C\CCCCCCCCOC(=O)CCN1CCC(c2cccnc2)CC1)CCCCCC,JW_2024,JW_2024,0
-7.991852,0.207406277,CCCCC/C=C\CCC(=O)OC(C/C=C\CCCCCCCCOC(=O)CCN1CCC(c2cccnc2)CC1)CCCCCC,JW_2024,JW_2024,1
-4.9746437,-1.312727508,CCCCC/C=C\CCC(=O)OC(C/C=C\CCCCCCCCOC(=O)CCN1CCC(c2cccnc2)CC1)CCCCCC,JW_2024,JW_2024,0
-5.247532,-1.330717257,CCCCC/C=C\CCC(=O)OC(C/C=C\CCCCCCCCOC(=O)CCN1CCC(c2cccnc2)CC1)CCCCCC,JW_2024,JW_2024,0
-7.6249027,-1.051876148,CCCCC/C=C\CCC(=O)OC(C/C=C\CCCCCCCCOC(=O)CCN1CCC(c2cccnc2)CC1)CCCCCC,JW_2024,JW_2024,0
-2.116344,-0.314296442,CCCCCCCCC(CCCCCC)C(=O)OC(C/C=C\CCCCCCCCOC(=O)CCN(C)CCCN(C)CCCN(C)CCC(=O)OCCCCCCCC/C=C\CC(CCCCCC)OC(=O)C(CCCCCC)CCCCCCCC)CCCCC,JW_2024,JW_2024,0
-2.2757273,0.045498537,CCCCCCCCC(CCCCCC)C(=O)OC(C/C=C\CCCCCCCCOC(=O)CCN(C)CCCN(C)CCCN(C)CCC(=O)OCCCCCCCC/C=C\CC(CCCCCC)OC(=O)C(CCCCCC)CCCCCCCC)CCCCC,JW_2024,JW_2024,1
-2.1226141,-0.116409204,CCCCCCCCC(CCCCCC)C(=O)OC(C/C=C\CCCCCCCCOC(=O)CCN(C)CCCN(C)CCCN(C)CCC(=O)OCCCCCCCC/C=C\CC(CCCCCC)OC(=O)C(CCCCCC)CCCCCCCC)CCCCC,JW_2024,JW_2024,0
-2.2423487,-0.746050417,CCCCCCCCC(CCCCCC)C(=O)OC(C/C=C\CCCCCCCCOC(=O)CCN(C)CCCN(C)CCCN(C)CCC(=O)OCCCCCCCC/C=C\CC(CCCCCC)OC(=O)C(CCCCCC)CCCCCCCC)CCCCC,JW_2024,JW_2024,0
-2.1155205,0.387303767,CCCCCCCCC(CCCCCC)C(=O)OC(C/C=C\CCCCCCCCOC(=O)CCN(C)CCCN(C)CCCN(C)CCC(=O)OCCCCCCCC/C=C\CC(CCCCCC)OC(=O)C(CCCCCC)CCCCCCCC)CCCCC,JW_2024,JW_2024,1
-2.3341947,-0.314296442,CCCCCCCCC(CCCCCC)C(=O)OC(C/C=C\CCCCCCCCOC(=O)CCN(C)CCCN(C)CCCN(C)CCC(=O)OCCCCCCCC/C=C\CC(CCCCCC)OC(=O)C(CCCCCC)CCCCCCCC)CCCCC,JW_2024,JW_2024,0
-3.3648896,0.846042365,CCCCCCCCC(CCCCCC)C(=O)OC(C/C=C\CCCCCCCCOC(=O)CCN(C)CCCN(C)CCCN(C)CCC(=O)OCCCCCCCC/C=C\CC(CCCCCC)OC(=O)C(CCCCCC)CCCCCCCC)CCCCC,JW_2024,JW_2024,1
-2.55821,-0.26932207,CCCCCCCCC(CCCCCC)C(=O)OC(C/C=C\CCCCCCCCOC(=O)CCN(C)CCCN(C)CCCN(C)CCC(=O)OCCCCCCCC/C=C\CC(CCCCCC)OC(=O)C(CCCCCC)CCCCCCCC)CCCCC,JW_2024,JW_2024,0
-2.4579737,1.115888599,CCCCCCCCC(CCCCCC)C(=O)OC(C/C=C\CCCCCCCCOC(=O)CCN(C)CCCN(C)CCCN(C)CCC(=O)OCCCCCCCC/C=C\CC(CCCCCC)OC(=O)C(CCCCCC)CCCCCCCC)CCCCC,JW_2024,JW_2024,1
-2.1570811,-0.584142676,CCCCCCCCC(CCCCCC)C(=O)OC(C/C=C\CCCCCCCCOC(=O)CCN(C)CCCN(C)CCCN(C)CCC(=O)OCCCCCCCC/C=C\CC(CCCCCC)OC(=O)C(CCCCCC)CCCCCCCC)CCCCC,JW_2024,JW_2024,0
-2.3345103,1.088903975,CCCCCCCCC(CCCCCC)C(=O)OC(C/C=C\CCCCCCCCOC(=O)CCN(C)CCCN(C)CCCN(C)CCC(=O)OCCCCCCCC/C=C\CC(CCCCCC)OC(=O)C(CCCCCC)CCCCCCCC)CCCCC,JW_2024,JW_2024,1
-1.8027518,0.018513913,CCCCCCCCC(CCCCCC)C(=O)OC(C/C=C\CCCCCCCCOC(=O)CCN(C)CCCN(C)CCCN(C)CCC(=O)OCCCCCCCC/C=C\CC(CCCCCC)OC(=O)C(CCCCCC)CCCCCCCC)CCCCC,JW_2024,JW_2024,0
-2.0895905,-0.539168304,CCCCCCCCC(CCCCCC)C(=O)OC(C/C=C\CCCCCCCCOC(=O)CCN(C)CCCN(C)CCCN(C)CCC(=O)OCCCCCCCC/C=C\CC(CCCCCC)OC(=O)C(CCCCCC)CCCCCCCC)CCCCC,JW_2024,JW_2024,0
-3.8300745,0.567201256,CCCCCCCCC(CCCCCC)C(=O)OC(C/C=C\CCCCCCCCOC(=O)CCN(C)CCCN(C)CCCN(C)CCC(=O)OCCCCCCCC/C=C\CC(CCCCCC)OC(=O)C(CCCCCC)CCCCCCCC)CCCCC,JW_2024,JW_2024,1
-2.2386642,-0.017465585,CCCCCCCCC(CCCCCC)C(=O)OC(C/C=C\CCCCCCCCOC(=O)CCN(C)CCCN(C)CCCN(C)CCC(=O)OCCCCCCCC/C=C\CC(CCCCCC)OC(=O)C(CCCCCC)CCCCCCCC)CCCCC,JW_2024,JW_2024,0
-1.8729211,-0.377260563,CCCCCCCCC(CCCCCC)C(=O)OC(C/C=C\CCCCCCCCOC(=O)CCN(C)CCCN(C)CCCN(C)CCC(=O)OCCCCCCCC/C=C\CC(CCCCCC)OC(=O)C(CCCCCC)CCCCCCCC)CCCCC,JW_2024,JW_2024,0
-2.704239,0.711119248,CCCCCCCCC(CCCCCC)C(=O)OC(C/C=C\CCCCCCCCOC(=O)CCN(C)CCCN(C)CCCN(C)CCC(=O)OCCCCCCCC/C=C\CC(CCCCCC)OC(=O)C(CCCCCC)CCCCCCCC)CCCCC,JW_2024,JW_2024,1
-2.1926079,-0.143393827,CCCCCCCCC(CCCCCC)C(=O)OC(C/C=C\CCCCCCCCOC(=O)CCN(C)CCCN(C)CCCN(C)CCC(=O)OCCCCCCCC/C=C\CC(CCCCCC)OC(=O)C(CCCCCC)CCCCCCCC)CCCCC,JW_2024,JW_2024,0
-3.972445,0.117457533,CCCCCCCCC(CCCCCC)C(=O)OC(C/C=C\CCCCCCCCOC(=O)CCN(C)CCCN(C)CCCN(C)CCC(=O)OCCCCCCCC/C=C\CC(CCCCCC)OC(=O)C(CCCCCC)CCCCCCCC)CCCCC,JW_2024,JW_2024,1
-2.749658,1.52065795,CCCCCCCCC(CCCCCC)C(=O)OC(C/C=C\CCCCCCCCOC(=O)CCN(C)CCCN(C)CCCN(C)CCC(=O)OCCCCCCCC/C=C\CC(CCCCCC)OC(=O)C(CCCCCC)CCCCCCCC)CCCCC,JW_2024,JW_2024,2
-3.2906926,0.891016737,CCCCCCCCC(CCCCCC)C(=O)OC(C/C=C\CCCCCCCCOC(=O)CCN(C)CCCN(C)CCCN(C)CCC(=O)OCCCCCCCC/C=C\CC(CCCCCC)OC(=O)C(CCCCCC)CCCCCCCC)CCCCC,JW_2024,JW_2024,1
-1.4394567,0.953980858,CCCCCCCCC(CCCCCC)C(=O)OC(C/C=C\CCCCCCCCOC(=O)CCN(C)CCCN(C)CCCN(C)CCC(=O)OCCCCCCCC/C=C\CC(CCCCCC)OC(=O)C(CCCCCC)CCCCCCCC)CCCCC,JW_2024,JW_2024,1
-2.7613165,-0.314296442,CCCCCCCCC(CCCCCC)C(=O)OC(C/C=C\CCCCCCCCOC(=O)CCN(C)CCCN(C)CCCN(C)CCC(=O)OCCCCCCCC/C=C\CC(CCCCCC)OC(=O)C(CCCCCC)CCCCCCCC)CCCCC,JW_2024,JW_2024,0
-3.8869305,-0.026460459,CCCCCCCCC(CCCCCC)C(=O)OC(C/C=C\CCCCCCCCOC(=O)CCN(C)CCCN(C)CCCN(C)CCC(=O)OCCCCCCCC/C=C\CC(CCCCCC)OC(=O)C(CCCCCC)CCCCCCCC)CCCCC,JW_2024,JW_2024,0
-1.9925624,-1.69950711,CCCCCCCCC(CCCCCC)C(=O)OC(C/C=C\CCCCCCCCOC(=O)CCN(CCCN1CCN(C)CC1)CCC(=O)OCCCCCCCC/C=C\CC(CCCCCC)OC(=O)C(CCCCCC)CCCCCCCC)CCCCCC,JW_2024,JW_2024,0
-1.7715449,-0.791024789,CCCCCCCCC(CCCCCC)C(=O)OC(C/C=C\CCCCCCCCOC(=O)CCN(CCCN1CCN(C)CC1)CCC(=O)OCCCCCCCC/C=C\CC(CCCCCC)OC(=O)C(CCCCCC)CCCCCCCC)CCCCCC,JW_2024,JW_2024,0
-2.1880715,-0.188368199,CCCCCCCCC(CCCCCC)C(=O)OC(C/C=C\CCCCCCCCOC(=O)CCN(CCCN1CCN(C)CC1)CCC(=O)OCCCCCCCC/C=C\CC(CCCCCC)OC(=O)C(CCCCCC)CCCCCCCC)CCCCCC,JW_2024,JW_2024,0
-2.0920625,-1.096850521,CCCCCCCCC(CCCCCC)C(=O)OC(C/C=C\CCCCCCCCOC(=O)CCN(CCCN1CCN(C)CC1)CCC(=O)OCCCCCCCC/C=C\CC(CCCCCC)OC(=O)C(CCCCCC)CCCCCCCC)CCCCCC,JW_2024,JW_2024,0
-3.0840206,-0.548163178,CCCCCCCCC(CCCCCC)C(=O)OC(C/C=C\CCCCCCCCOC(=O)CCN(CCCN1CCN(C)CC1)CCC(=O)OCCCCCCCC/C=C\CC(CCCCCC)OC(=O)C(CCCCCC)CCCCCCCC)CCCCCC,JW_2024,JW_2024,0
-2.2294126,-0.404245187,CCCCCCCCC(CCCCCC)C(=O)OC(C/C=C\CCCCCCCCOC(=O)CCN(CCCN1CCN(C)CC1)CCC(=O)OCCCCCCCC/C=C\CC(CCCCCC)OC(=O)C(CCCCCC)CCCCCCCC)CCCCCC,JW_2024,JW_2024,0
-3.9973536,0.027508788,CCCCCCCCC(CCCCCC)C(=O)OC(C/C=C\CCCCCCCCOC(=O)CCN(CCCN1CCN(C)CC1)CCC(=O)OCCCCCCCC/C=C\CC(CCCCCC)OC(=O)C(CCCCCC)CCCCCCCC)CCCCCC,JW_2024,JW_2024,0
-3.1130025,-0.368265689,CCCCCCCCC(CCCCCC)C(=O)OC(C/C=C\CCCCCCCCOC(=O)CCN(CCCN1CCN(C)CC1)CCC(=O)OCCCCCCCC/C=C\CC(CCCCCC)OC(=O)C(CCCCCC)CCCCCCCC)CCCCCC,JW_2024,JW_2024,0
-2.2650023,1.043929603,CCCCCCCCC(CCCCCC)C(=O)OC(C/C=C\CCCCCCCCOC(=O)CCN(CCCN1CCN(C)CC1)CCC(=O)OCCCCCCCC/C=C\CC(CCCCCC)OC(=O)C(CCCCCC)CCCCCCCC)CCCCCC,JW_2024,JW_2024,1
-2.8529372,-0.665096546,CCCCCCCCC(CCCCCC)C(=O)OC(C/C=C\CCCCCCCCOC(=O)CCN(CCCN1CCN(C)CC1)CCC(=O)OCCCCCCCC/C=C\CC(CCCCCC)OC(=O)C(CCCCCC)CCCCCCCC)CCCCCC,JW_2024,JW_2024,0
-2.0951152,1.367745084,CCCCCCCCC(CCCCCC)C(=O)OC(C/C=C\CCCCCCCCOC(=O)CCN(CCCN1CCN(C)CC1)CCC(=O)OCCCCCCCC/C=C\CC(CCCCCC)OC(=O)C(CCCCCC)CCCCCCCC)CCCCCC,JW_2024,JW_2024,2
-2.5467572,-1.11484027,CCCCCCCCC(CCCCCC)C(=O)OC(C/C=C\CCCCCCCCOC(=O)CCN(CCCN1CCN(C)CC1)CCC(=O)OCCCCCCCC/C=C\CC(CCCCCC)OC(=O)C(CCCCCC)CCCCCCCC)CCCCCC,JW_2024,JW_2024,0
-2.7803874,-1.4566455,CCCCCCCCC(CCCCCC)C(=O)OC(C/C=C\CCCCCCCCOC(=O)CCN(CCCN1CCN(C)CC1)CCC(=O)OCCCCCCCC/C=C\CC(CCCCCC)OC(=O)C(CCCCCC)CCCCCCCC)CCCCCC,JW_2024,JW_2024,0
-3.9984312,-0.503188806,CCCCCCCCC(CCCCCC)C(=O)OC(C/C=C\CCCCCCCCOC(=O)CCN(CCCN1CCN(C)CC1)CCC(=O)OCCCCCCCC/C=C\CC(CCCCCC)OC(=O)C(CCCCCC)CCCCCCCC)CCCCCC,JW_2024,JW_2024,0
-3.2882078,-0.395250312,CCCCCCCCC(CCCCCC)C(=O)OC(C/C=C\CCCCCCCCOC(=O)CCN(CCCN1CCN(C)CC1)CCC(=O)OCCCCCCCC/C=C\CC(CCCCCC)OC(=O)C(CCCCCC)CCCCCCCC)CCCCCC,JW_2024,JW_2024,0
-3.028181,-0.566152927,CCCCCCCCC(CCCCCC)C(=O)OC(C/C=C\CCCCCCCCOC(=O)CCN(CCCN1CCN(C)CC1)CCC(=O)OCCCCCCCC/C=C\CC(CCCCCC)OC(=O)C(CCCCCC)CCCCCCCC)CCCCCC,JW_2024,JW_2024,0
-4.098833,0.063488286,CCCCCCCCC(CCCCCC)C(=O)OC(C/C=C\CCCCCCCCOC(=O)CCN(CCCN1CCN(C)CC1)CCC(=O)OCCCCCCCC/C=C\CC(CCCCCC)OC(=O)C(CCCCCC)CCCCCCCC)CCCCCC,JW_2024,JW_2024,1
-2.979083,1.079909101,CCCCCCCCC(CCCCCC)C(=O)OC(C/C=C\CCCCCCCCOC(=O)CCN(CCCN1CCN(C)CC1)CCC(=O)OCCCCCCCC/C=C\CC(CCCCCC)OC(=O)C(CCCCCC)CCCCCCCC)CCCCCC,JW_2024,JW_2024,1
-3.6614885,1.016944979,CCCCCCCCC(CCCCCC)C(=O)OC(C/C=C\CCCCCCCCOC(=O)CCN(CCCN1CCN(C)CC1)CCC(=O)OCCCCCCCC/C=C\CC(CCCCCC)OC(=O)C(CCCCCC)CCCCCCCC)CCCCCC,JW_2024,JW_2024,1
-1.9709516,0.477252511,CCCCCCCCC(CCCCCC)C(=O)OC(C/C=C\CCCCCCCCOC(=O)CCN(CCCN1CCN(C)CC1)CCC(=O)OCCCCCCCC/C=C\CC(CCCCCC)OC(=O)C(CCCCCC)CCCCCCCC)CCCCCC,JW_2024,JW_2024,1
-2.4273176,-0.539168304,CCCCCCCCC(CCCCCC)C(=O)OC(C/C=C\CCCCCCCCOC(=O)CCN(CCCN1CCN(C)CC1)CCC(=O)OCCCCCCCC/C=C\CC(CCCCCC)OC(=O)C(CCCCCC)CCCCCCCC)CCCCCC,JW_2024,JW_2024,0
-3.8592446,0.000524164,CCCCCCCCC(CCCCCC)C(=O)OC(C/C=C\CCCCCCCCOC(=O)CCN(CCCN1CCN(C)CC1)CCC(=O)OCCCCCCCC/C=C\CC(CCCCCC)OC(=O)C(CCCCCC)CCCCCCCC)CCCCCC,JW_2024,JW_2024,0
-1.4785932,-1.141824893,CCCCCCCCC(CCCCCC)C(=O)OC(C/C=C\CCCCCCCCOC(=O)CCN(C)CCCCCCN(C)CCC(=O)OCCCCCCCC/C=C\CC(CCCCCC)OC(=O)C(CCCCCC)CCCCCCCC)CCCCC,JW_2024,JW_2024,0
-0.8850916,-1.078860772,CCCCCCCCC(CCCCCC)C(=O)OC(C/C=C\CCCCCCCCOC(=O)CCN(C)CCCCCCN(C)CCC(=O)OCCCCCCCC/C=C\CC(CCCCCC)OC(=O)C(CCCCCC)CCCCCCCC)CCCCC,JW_2024,JW_2024,0
-1.0251129,-0.51218368,CCCCCCCCC(CCCCCC)C(=O)OC(C/C=C\CCCCCCCCOC(=O)CCN(C)CCCCCCN(C)CCC(=O)OCCCCCCCC/C=C\CC(CCCCCC)OC(=O)C(CCCCCC)CCCCCCCC)CCCCC,JW_2024,JW_2024,0
-1.4678106,-1.069865897,CCCCCCCCC(CCCCCC)C(=O)OC(C/C=C\CCCCCCCCOC(=O)CCN(C)CCCCCCN(C)CCC(=O)OCCCCCCCC/C=C\CC(CCCCCC)OC(=O)C(CCCCCC)CCCCCCCC)CCCCC,JW_2024,JW_2024,0
-1.4169586,-0.629117048,CCCCCCCCC(CCCCCC)C(=O)OC(C/C=C\CCCCCCCCOC(=O)CCN(C)CCCCCCN(C)CCC(=O)OCCCCCCCC/C=C\CC(CCCCCC)OC(=O)C(CCCCCC)CCCCCCCC)CCCCC,JW_2024,JW_2024,0
-2.0047467,-2.005332842,CCCCCCCCC(CCCCCC)C(=O)OC(C/C=C\CCCCCCCCOC(=O)CCN(C)CCCCCCN(C)CCC(=O)OCCCCCCCC/C=C\CC(CCCCCC)OC(=O)C(CCCCCC)CCCCCCCC)CCCCC,JW_2024,JW_2024,0
-2.745442,0.468257637,CCCCCCCCC(CCCCCC)C(=O)OC(C/C=C\CCCCCCCCOC(=O)CCN(C)CCCCCCN(C)CCC(=O)OCCCCCCCC/C=C\CC(CCCCCC)OC(=O)C(CCCCCC)CCCCCCCC)CCCCC,JW_2024,JW_2024,1
-1.6432786,-1.735486608,CCCCCCCCC(CCCCCC)C(=O)OC(C/C=C\CCCCCCCCOC(=O)CCN(C)CCCCCCN(C)CCC(=O)OCCCCCCCC/C=C\CC(CCCCCC)OC(=O)C(CCCCCC)CCCCCCCC)CCCCC,JW_2024,JW_2024,0
-1.1775484,-0.593137551,CCCCCCCCC(CCCCCC)C(=O)OC(C/C=C\CCCCCCCCOC(=O)CCN(C)CCCCCCN(C)CCC(=O)OCCCCCCCC/C=C\CC(CCCCCC)OC(=O)C(CCCCCC)CCCCCCCC)CCCCC,JW_2024,JW_2024,0
-1.3191954,-0.584142676,CCCCCCCCC(CCCCCC)C(=O)OC(C/C=C\CCCCCCCCOC(=O)CCN(C)CCCCCCN(C)CCC(=O)OCCCCCCCC/C=C\CC(CCCCCC)OC(=O)C(CCCCCC)CCCCCCCC)CCCCC,JW_2024,JW_2024,0
-1.2863622,-0.080429706,CCCCCCCCC(CCCCCC)C(=O)OC(C/C=C\CCCCCCCCOC(=O)CCN(C)CCCCCCN(C)CCC(=O)OCCCCCCCC/C=C\CC(CCCCCC)OC(=O)C(CCCCCC)CCCCCCCC)CCCCC,JW_2024,JW_2024,0
-0.69031864,-1.429660876,CCCCCCCCC(CCCCCC)C(=O)OC(C/C=C\CCCCCCCCOC(=O)CCN(C)CCCCCCN(C)CCC(=O)OCCCCCCCC/C=C\CC(CCCCCC)OC(=O)C(CCCCCC)CCCCCCCC)CCCCC,JW_2024,JW_2024,0
-1.2542025,-0.584142676,CCCCCCCCC(CCCCCC)C(=O)OC(C/C=C\CCCCCCCCOC(=O)CCN(C)CCCCCCN(C)CCC(=O)OCCCCCCCC/C=C\CC(CCCCCC)OC(=O)C(CCCCCC)CCCCCCCC)CCCCC,JW_2024,JW_2024,0
-2.862152,-0.08942458,CCCCCCCCC(CCCCCC)C(=O)OC(C/C=C\CCCCCCCCOC(=O)CCN(C)CCCCCCN(C)CCC(=O)OCCCCCCCC/C=C\CC(CCCCCC)OC(=O)C(CCCCCC)CCCCCCCC)CCCCC,JW_2024,JW_2024,0
-3.2619224,-0.305301568,CCCCC/C=C\CCC(=O)OC(C/C=C\CCCCCCCCOC(=O)CCN(C)CCCN(C)CCCN(C)CCC(=O)OCCCCCCCC/C=C\CC(CCCCCC)OC(=O)CC/C=C\CCCCC)CCCCC,JW_2024,JW_2024,0
-2.6807952,0.135447281,CCCCC/C=C\CCC(=O)OC(C/C=C\CCCCCCCCOC(=O)CCN(C)CCCN(C)CCCN(C)CCC(=O)OCCCCCCCC/C=C\CC(CCCCCC)OC(=O)CC/C=C\CCCCC)CCCCC,JW_2024,JW_2024,1
-3.771795,0.873026988,CCCCC/C=C\CCC(=O)OC(C/C=C\CCCCCCCCOC(=O)CCN(C)CCCN(C)CCCN(C)CCC(=O)OCCCCCCCC/C=C\CC(CCCCCC)OC(=O)CC/C=C\CCCCC)CCCCC,JW_2024,JW_2024,1
-3.022207,-0.764040165,CCCCC/C=C\CCC(=O)OC(C/C=C\CCCCCCCCOC(=O)CCN(C)CCCN(C)CCCN(C)CCC(=O)OCCCCCCCC/C=C\CC(CCCCCC)OC(=O)CC/C=C\CCCCC)CCCCC,JW_2024,JW_2024,0
-2.526146,-0.161383576,CCCCC/C=C\CCC(=O)OC(C/C=C\CCCCCCCCOC(=O)CCN(C)CCCN(C)CCCN(C)CCC(=O)OCCCCCCCC/C=C\CC(CCCCCC)OC(=O)CC/C=C\CCCCC)CCCCC,JW_2024,JW_2024,0
-3.268361,0.018513913,CCCCC/C=C\CCC(=O)OC(C/C=C\CCCCCCCCOC(=O)CCN(C)CCCN(C)CCCN(C)CCC(=O)OCCCCCCCC/C=C\CC(CCCCCC)OC(=O)CC/C=C\CCCCC)CCCCC,JW_2024,JW_2024,0
-3.6980999,1.439704079,CCCCC/C=C\CCC(=O)OC(C/C=C\CCCCCCCCOC(=O)CCN(C)CCCN(C)CCCN(C)CCC(=O)OCCCCCCCC/C=C\CC(CCCCCC)OC(=O)CC/C=C\CCCCC)CCCCC,JW_2024,JW_2024,2
-3.321665,-0.188368199,CCCCC/C=C\CCC(=O)OC(C/C=C\CCCCCCCCOC(=O)CCN(C)CCCN(C)CCCN(C)CCC(=O)OCCCCCCCC/C=C\CC(CCCCCC)OC(=O)CC/C=C\CCCCC)CCCCC,JW_2024,JW_2024,0
-3.0296223,1.745529811,CCCCC/C=C\CCC(=O)OC(C/C=C\CCCCCCCCOC(=O)CCN(C)CCCN(C)CCCN(C)CCC(=O)OCCCCCCCC/C=C\CC(CCCCCC)OC(=O)CC/C=C\CCCCC)CCCCC,JW_2024,JW_2024,2
-3.1771998,-0.215352823,CCCCC/C=C\CCC(=O)OC(C/C=C\CCCCCCCCOC(=O)CCN(C)CCCN(C)CCCN(C)CCC(=O)OCCCCCCCC/C=C\CC(CCCCCC)OC(=O)CC/C=C\CCCCC)CCCCC,JW_2024,JW_2024,0
-3.8474245,1.376739958,CCCCC/C=C\CCC(=O)OC(C/C=C\CCCCCCCCOC(=O)CCN(C)CCCN(C)CCCN(C)CCC(=O)OCCCCCCCC/C=C\CC(CCCCCC)OC(=O)CC/C=C\CCCCC)CCCCC,JW_2024,JW_2024,2
-2.6263757,0.216401152,CCCCC/C=C\CCC(=O)OC(C/C=C\CCCCCCCCOC(=O)CCN(C)CCCN(C)CCCN(C)CCC(=O)OCCCCCCCC/C=C\CC(CCCCCC)OC(=O)CC/C=C\CCCCC)CCCCC,JW_2024,JW_2024,1
-3.066418,0.810062867,CCCCC/C=C\CCC(=O)OC(C/C=C\CCCCCCCCOC(=O)CCN(C)CCCN(C)CCCN(C)CCC(=O)OCCCCCCCC/C=C\CC(CCCCCC)OC(=O)CC/C=C\CCCCC)CCCCC,JW_2024,JW_2024,1
-4.2301145,0.783078243,CCCCC/C=C\CCC(=O)OC(C/C=C\CCCCCCCCOC(=O)CCN(C)CCCN(C)CCCN(C)CCC(=O)OCCCCCCCC/C=C\CC(CCCCCC)OC(=O)CC/C=C\CCCCC)CCCCC,JW_2024,JW_2024,1
-3.202688,0.603180754,CCCCC/C=C\CCC(=O)OC(C/C=C\CCCCCCCCOC(=O)CCN(C)CCCN(C)CCCN(C)CCC(=O)OCCCCCCCC/C=C\CC(CCCCCC)OC(=O)CC/C=C\CCCCC)CCCCC,JW_2024,JW_2024,1
-2.9623868,0.630165377,CCCCC/C=C\CCC(=O)OC(C/C=C\CCCCCCCCOC(=O)CCN(C)CCCN(C)CCCN(C)CCC(=O)OCCCCCCCC/C=C\CC(CCCCCC)OC(=O)CC/C=C\CCCCC)CCCCC,JW_2024,JW_2024,1
-3.2071154,1.511663075,CCCCC/C=C\CCC(=O)OC(C/C=C\CCCCCCCCOC(=O)CCN(C)CCCN(C)CCCN(C)CCC(=O)OCCCCCCCC/C=C\CC(CCCCCC)OC(=O)CC/C=C\CCCCC)CCCCC,JW_2024,JW_2024,2
-2.5717287,1.268801465,CCCCC/C=C\CCC(=O)OC(C/C=C\CCCCCCCCOC(=O)CCN(C)CCCN(C)CCCN(C)CCC(=O)OCCCCCCCC/C=C\CC(CCCCCC)OC(=O)CC/C=C\CCCCC)CCCCC,JW_2024,JW_2024,1
-4.040188,1.214832218,CCCCC/C=C\CCC(=O)OC(C/C=C\CCCCCCCCOC(=O)CCN(C)CCCN(C)CCCN(C)CCC(=O)OCCCCCCCC/C=C\CC(CCCCCC)OC(=O)CC/C=C\CCCCC)CCCCC,JW_2024,JW_2024,1
-3.4442518,1.898442677,CCCCC/C=C\CCC(=O)OC(C/C=C\CCCCCCCCOC(=O)CCN(C)CCCN(C)CCCN(C)CCC(=O)OCCCCCCCC/C=C\CC(CCCCCC)OC(=O)CC/C=C\CCCCC)CCCCC,JW_2024,JW_2024,2
-3.5212882,0.828052616,CCCCC/C=C\CCC(=O)OC(C/C=C\CCCCCCCCOC(=O)CCN(C)CCCN(C)CCCN(C)CCC(=O)OCCCCCCCC/C=C\CC(CCCCCC)OC(=O)CC/C=C\CCCCC)CCCCC,JW_2024,JW_2024,1
-2.7818935,1.60161182,CCCCC/C=C\CCC(=O)OC(C/C=C\CCCCCCCCOC(=O)CCN(C)CCCN(C)CCCN(C)CCC(=O)OCCCCCCCC/C=C\CC(CCCCCC)OC(=O)CC/C=C\CCCCC)CCCCC,JW_2024,JW_2024,2
-3.9339125,0.657150001,CCCCC/C=C\CCC(=O)OC(C/C=C\CCCCCCCCOC(=O)CCN(C)CCCN(C)CCCN(C)CCC(=O)OCCCCCCCC/C=C\CC(CCCCCC)OC(=O)CC/C=C\CCCCC)CCCCC,JW_2024,JW_2024,1
-4.719663,0.693129499,CCCCC/C=C\CCC(=O)OC(C/C=C\CCCCCCCCOC(=O)CCN(C)CCCN(C)CCCN(C)CCC(=O)OCCCCCCCC/C=C\CC(CCCCCC)OC(=O)CC/C=C\CCCCC)CCCCC,JW_2024,JW_2024,1
-0.84760666,-0.332286191,CCCCC/C=C\CCC(=O)OC(C/C=C\CCCCCCCCOC(=O)CCN(CCCN1CCN(C)CC1)CCC(=O)OCCCCCCCC/C=C\CC(CCCCCC)OC(=O)CC/C=C\CCCCC)CCCCCC,JW_2024,JW_2024,0
-1.336751,0.099467784,CCCCC/C=C\CCC(=O)OC(C/C=C\CCCCCCCCOC(=O)CCN(CCCN1CCN(C)CC1)CCC(=O)OCCCCCCCC/C=C\CC(CCCCCC)OC(=O)CC/C=C\CCCCC)CCCCCC,JW_2024,JW_2024,1
-3.9374933,0.216401152,CCCCC/C=C\CCC(=O)OC(C/C=C\CCCCCCCCOC(=O)CCN(CCCN1CCN(C)CC1)CCC(=O)OCCCCCCCC/C=C\CC(CCCCCC)OC(=O)CC/C=C\CCCCC)CCCCCC,JW_2024,JW_2024,1
-0.662421,0.558206382,CCCCC/C=C\CCC(=O)OC(C/C=C\CCCCCCCCOC(=O)CCN(CCCN1CCN(C)CC1)CCC(=O)OCCCCCCCC/C=C\CC(CCCCCC)OC(=O)CC/C=C\CCCCC)CCCCCC,JW_2024,JW_2024,1
-0.584602,-0.08942458,CCCCC/C=C\CCC(=O)OC(C/C=C\CCCCCCCCOC(=O)CCN(CCCN1CCN(C)CC1)CCC(=O)OCCCCCCCC/C=C\CC(CCCCCC)OC(=O)CC/C=C\CCCCC)CCCCCC,JW_2024,JW_2024,0
-3.005194,-0.656101672,CCCCC/C=C\CCC(=O)OC(C/C=C\CCCCCCCCOC(=O)CCN(CCCN1CCN(C)CC1)CCC(=O)OCCCCCCCC/C=C\CC(CCCCCC)OC(=O)CC/C=C\CCCCC)CCCCCC,JW_2024,JW_2024,0
-2.4570768,0.279365273,CCCCC/C=C\CCC(=O)OC(C/C=C\CCCCCCCCOC(=O)CCN(CCCN1CCN(C)CC1)CCC(=O)OCCCCCCCC/C=C\CC(CCCCCC)OC(=O)CC/C=C\CCCCC)CCCCCC,JW_2024,JW_2024,1
-2.164049,-0.988912027,CCCCC/C=C\CCC(=O)OC(C/C=C\CCCCCCCCOC(=O)CCN(CCCN1CCN(C)CC1)CCC(=O)OCCCCCCCC/C=C\CC(CCCCCC)OC(=O)CC/C=C\CCCCC)CCCCCC,JW_2024,JW_2024,0
-1.8205343,1.565632322,CCCCC/C=C\CCC(=O)OC(C/C=C\CCCCCCCCOC(=O)CCN(CCCN1CCN(C)CC1)CCC(=O)OCCCCCCCC/C=C\CC(CCCCCC)OC(=O)CC/C=C\CCCCC)CCCCCC,JW_2024,JW_2024,2
-1.7335817,-0.907958157,CCCCC/C=C\CCC(=O)OC(C/C=C\CCCCCCCCOC(=O)CCN(CCCN1CCN(C)CC1)CCC(=O)OCCCCCCCC/C=C\CC(CCCCCC)OC(=O)CC/C=C\CCCCC)CCCCCC,JW_2024,JW_2024,0
-4.122434,1.322770711,CCCCC/C=C\CCC(=O)OC(C/C=C\CCCCCCCCOC(=O)CCN(CCCN1CCN(C)CC1)CCC(=O)OCCCCCCCC/C=C\CC(CCCCCC)OC(=O)CC/C=C\CCCCC)CCCCCC,JW_2024,JW_2024,2
-1.5387937,0.189416528,CCCCC/C=C\CCC(=O)OC(C/C=C\CCCCCCCCOC(=O)CCN(CCCN1CCN(C)CC1)CCC(=O)OCCCCCCCC/C=C\CC(CCCCCC)OC(=O)CC/C=C\CCCCC)CCCCCC,JW_2024,JW_2024,1
-1.6327013,-0.584142676,CCCCC/C=C\CCC(=O)OC(C/C=C\CCCCCCCCOC(=O)CCN(CCCN1CCN(C)CC1)CCC(=O)OCCCCCCCC/C=C\CC(CCCCCC)OC(=O)CC/C=C\CCCCC)CCCCCC,JW_2024,JW_2024,0
-4.0563536,-0.377260563,CCCCC/C=C\CCC(=O)OC(C/C=C\CCCCCCCCOC(=O)CCN(CCCN1CCN(C)CC1)CCC(=O)OCCCCCCCC/C=C\CC(CCCCCC)OC(=O)CC/C=C\CCCCC)CCCCCC,JW_2024,JW_2024,0
-0.64711607,0.000524164,CCCCC/C=C\CCC(=O)OC(C/C=C\CCCCCCCCOC(=O)CCN(CCCN1CCN(C)CC1)CCC(=O)OCCCCCCCC/C=C\CC(CCCCCC)OC(=O)CC/C=C\CCCCC)CCCCCC,JW_2024,JW_2024,0
-0.89400244,0.054493411,CCCCC/C=C\CCC(=O)OC(C/C=C\CCCCCCCCOC(=O)CCN(CCCN1CCN(C)CC1)CCC(=O)OCCCCCCCC/C=C\CC(CCCCCC)OC(=O)CC/C=C\CCCCC)CCCCCC,JW_2024,JW_2024,1
-2.0035605,-0.134398953,CCCCC/C=C\CCC(=O)OC(C/C=C\CCCCCCCCOC(=O)CCN(CCCN1CCN(C)CC1)CCC(=O)OCCCCCCCC/C=C\CC(CCCCCC)OC(=O)CC/C=C\CCCCC)CCCCCC,JW_2024,JW_2024,0
-0.5466759,0.234390901,CCCCC/C=C\CCC(=O)OC(C/C=C\CCCCCCCCOC(=O)CCN(CCCN1CCN(C)CC1)CCC(=O)OCCCCCCCC/C=C\CC(CCCCCC)OC(=O)CC/C=C\CCCCC)CCCCCC,JW_2024,JW_2024,1
-3.9851513,1.17885272,CCCCC/C=C\CCC(=O)OC(C/C=C\CCCCCCCCOC(=O)CCN(CCCN1CCN(C)CC1)CCC(=O)OCCCCCCCC/C=C\CC(CCCCCC)OC(=O)CC/C=C\CCCCC)CCCCCC,JW_2024,JW_2024,1
-2.0396776,1.547642573,CCCCC/C=C\CCC(=O)OC(C/C=C\CCCCCCCCOC(=O)CCN(CCCN1CCN(C)CC1)CCC(=O)OCCCCCCCC/C=C\CC(CCCCCC)OC(=O)CC/C=C\CCCCC)CCCCCC,JW_2024,JW_2024,2
-2.7153933,1.007950105,CCCCC/C=C\CCC(=O)OC(C/C=C\CCCCCCCCOC(=O)CCN(CCCN1CCN(C)CC1)CCC(=O)OCCCCCCCC/C=C\CC(CCCCCC)OC(=O)CC/C=C\CCCCC)CCCCCC,JW_2024,JW_2024,1
-0.5856919,0.828052616,CCCCC/C=C\CCC(=O)OC(C/C=C\CCCCCCCCOC(=O)CCN(CCCN1CCN(C)CC1)CCC(=O)OCCCCCCCC/C=C\CC(CCCCCC)OC(=O)CC/C=C\CCCCC)CCCCCC,JW_2024,JW_2024,1
-1.290389,0.063488286,CCCCC/C=C\CCC(=O)OC(C/C=C\CCCCCCCCOC(=O)CCN(CCCN1CCN(C)CC1)CCC(=O)OCCCCCCCC/C=C\CC(CCCCCC)OC(=O)CC/C=C\CCCCC)CCCCCC,JW_2024,JW_2024,1
-3.0458844,0.774083369,CCCCC/C=C\CCC(=O)OC(C/C=C\CCCCCCCCOC(=O)CCN(CCCN1CCN(C)CC1)CCC(=O)OCCCCCCCC/C=C\CC(CCCCCC)OC(=O)CC/C=C\CCCCC)CCCCCC,JW_2024,JW_2024,1
-0.6291845,-0.782029914,CCCCC/C=C\CCC(=O)OC(C/C=C\CCCCCCCCOC(=O)CCN(C)CCCCCCN(C)CCC(=O)OCCCCCCCC/C=C\CC(CCCCCC)OC(=O)CC/C=C\CCCCC)CCCCCC,JW_2024,JW_2024,0
-0.27141967,-0.566152927,CCCCC/C=C\CCC(=O)OC(C/C=C\CCCCCCCCOC(=O)CCN(C)CCCCCCN(C)CCC(=O)OCCCCCCCC/C=C\CC(CCCCCC)OC(=O)CC/C=C\CCCCC)CCCCCC,JW_2024,JW_2024,0
-1.4696114,-0.530173429,CCCCC/C=C\CCC(=O)OC(C/C=C\CCCCCCCCOC(=O)CCN(C)CCCCCCN(C)CCC(=O)OCCCCCCCC/C=C\CC(CCCCCC)OC(=O)CC/C=C\CCCCC)CCCCCC,JW_2024,JW_2024,0
-0.6392106,-1.402676253,CCCCC/C=C\CCC(=O)OC(C/C=C\CCCCCCCCOC(=O)CCN(C)CCCCCCN(C)CCC(=O)OCCCCCCCC/C=C\CC(CCCCCC)OC(=O)CC/C=C\CCCCC)CCCCCC,JW_2024,JW_2024,0
-0.28447258,-0.35027594,CCCCC/C=C\CCC(=O)OC(C/C=C\CCCCCCCCOC(=O)CCN(C)CCCCCCN(C)CCC(=O)OCCCCCCCC/C=C\CC(CCCCCC)OC(=O)CC/C=C\CCCCC)CCCCCC,JW_2024,JW_2024,0
-0.7974829,-1.006901776,CCCCC/C=C\CCC(=O)OC(C/C=C\CCCCCCCCOC(=O)CCN(C)CCCCCCN(C)CCC(=O)OCCCCCCCC/C=C\CC(CCCCCC)OC(=O)CC/C=C\CCCCC)CCCCCC,JW_2024,JW_2024,0
-1.2198439,0.360319143,CCCCC/C=C\CCC(=O)OC(C/C=C\CCCCCCCCOC(=O)CCN(C)CCCCCCN(C)CCC(=O)OCCCCCCCC/C=C\CC(CCCCCC)OC(=O)CC/C=C\CCCCC)CCCCCC,JW_2024,JW_2024,1
-0.58069944,-1.060871023,CCCCC/C=C\CCC(=O)OC(C/C=C\CCCCCCCCOC(=O)CCN(C)CCCCCCN(C)CCC(=O)OCCCCCCCC/C=C\CC(CCCCCC)OC(=O)CC/C=C\CCCCC)CCCCCC,JW_2024,JW_2024,0
-0.4743215,0.585191005,CCCCC/C=C\CCC(=O)OC(C/C=C\CCCCCCCCOC(=O)CCN(C)CCCCCCN(C)CCC(=O)OCCCCCCCC/C=C\CC(CCCCCC)OC(=O)CC/C=C\CCCCC)CCCCCC,JW_2024,JW_2024,1
-0.7099396,0.000524164,CCCCC/C=C\CCC(=O)OC(C/C=C\CCCCCCCCOC(=O)CCN(C)CCCCCCN(C)CCC(=O)OCCCCCCCC/C=C\CC(CCCCCC)OC(=O)CC/C=C\CCCCC)CCCCCC,JW_2024,JW_2024,0
-1.5978409,0.702124373,CCCCC/C=C\CCC(=O)OC(C/C=C\CCCCCCCCOC(=O)CCN(C)CCCCCCN(C)CCC(=O)OCCCCCCCC/C=C\CC(CCCCCC)OC(=O)CC/C=C\CCCCC)CCCCCC,JW_2024,JW_2024,1
-0.25976396,-0.575147802,CCCCC/C=C\CCC(=O)OC(C/C=C\CCCCCCCCOC(=O)CCN(C)CCCCCCN(C)CCC(=O)OCCCCCCCC/C=C\CC(CCCCCC)OC(=O)CC/C=C\CCCCC)CCCCCC,JW_2024,JW_2024,0
-0.38137153,-0.251332321,CCCCC/C=C\CCC(=O)OC(C/C=C\CCCCCCCCOC(=O)CCN(C)CCCCCCN(C)CCC(=O)OCCCCCCCC/C=C\CC(CCCCCC)OC(=O)CC/C=C\CCCCC)CCCCCC,JW_2024,JW_2024,0
-1.7322613,-0.098419455,CCCCC/C=C\CCC(=O)OC(C/C=C\CCCCCCCCOC(=O)CCN(C)CCCCCCN(C)CCC(=O)OCCCCCCCC/C=C\CC(CCCCCC)OC(=O)CC/C=C\CCCCC)CCCCCC,JW_2024,JW_2024,0
-0.73830736,-0.332286191,CCCCC/C=C\CCC(=O)OC(C/C=C\CCCCCCCCOC(=O)CCN(C)CCCCCCN(C)CCC(=O)OCCCCCCCC/C=C\CC(CCCCCC)OC(=O)CC/C=C\CCCCC)CCCCCC,JW_2024,JW_2024,0
-0.36296836,-0.43122981,CCCCC/C=C\CCC(=O)OC(C/C=C\CCCCCCCCOC(=O)CCN(C)CCCCCCN(C)CCC(=O)OCCCCCCCC/C=C\CC(CCCCCC)OC(=O)CC/C=C\CCCCC)CCCCCC,JW_2024,JW_2024,0
-2.0284169,0.594185879,CCCCC/C=C\CCC(=O)OC(C/C=C\CCCCCCCCOC(=O)CCN(C)CCCCCCN(C)CCC(=O)OCCCCCCCC/C=C\CC(CCCCCC)OC(=O)CC/C=C\CCCCC)CCCCCC,JW_2024,JW_2024,1
-0.92130065,1.142873222,CCCCC/C=C\CCC(=O)OC(C/C=C\CCCCCCCCOC(=O)CCN(C)CCCCCCN(C)CCC(=O)OCCCCCCCC/C=C\CC(CCCCCC)OC(=O)CC/C=C\CCCCC)CCCCCC,JW_2024,JW_2024,1
-0.8167283,-0.43122981,CCCCC/C=C\CCC(=O)OC(C/C=C\CCCCCCCCOC(=O)CCN(C)CCCCCCN(C)CCC(=O)OCCCCCCCC/C=C\CC(CCCCCC)OC(=O)CC/C=C\CCCCC)CCCCCC,JW_2024,JW_2024,0
-0.48038307,0.612175628,CCCCC/C=C\CCC(=O)OC(C/C=C\CCCCCCCCOC(=O)CCN(C)CCCCCCN(C)CCC(=O)OCCCCCCCC/C=C\CC(CCCCCC)OC(=O)CC/C=C\CCCCC)CCCCCC,JW_2024,JW_2024,1
-1.0193889,-0.368265689,CCCCC/C=C\CCC(=O)OC(C/C=C\CCCCCCCCOC(=O)CCN(C)CCCCCCN(C)CCC(=O)OCCCCCCCC/C=C\CC(CCCCCC)OC(=O)CC/C=C\CCCCC)CCCCCC,JW_2024,JW_2024,0
-1.8634717,0.07248316,CCCCC/C=C\CCC(=O)OC(C/C=C\CCCCCCCCOC(=O)CCN(C)CCCCCCN(C)CCC(=O)OCCCCCCCC/C=C\CC(CCCCCC)OC(=O)CC/C=C\CCCCC)CCCCCC,JW_2024,JW_2024,1
-2.7822614,0.801067992,CCCCC/C=C\CCC(=O)OC(C/C=C\CCCCCCCCOC(=O)CCN(CCCN(CC)CC)CCC(=O)OCCCCCCCC/C=C\CC(CCCCCC)OC(=O)CC/C=C\CCCCC)CCCCCC,JW_2024,JW_2024,1
-1.8442043,-0.988912027,CCCCC/C=C\CCC(=O)OC(C/C=C\CCCCCCCCOC(=O)CCN(CCCN(CC)CC)CCC(=O)OCCCCCCCC/C=C\CC(CCCCCC)OC(=O)CC/C=C\CCCCC)CCCCCC,JW_2024,JW_2024,0
-1.5442549,0.612175628,CCCCC/C=C\CCC(=O)OC(C/C=C\CCCCCCCCOC(=O)CCN(CCCN(CC)CC)CCC(=O)OCCCCCCCC/C=C\CC(CCCCCC)OC(=O)CC/C=C\CCCCC)CCCCCC,JW_2024,JW_2024,1
-1.930439,0.018513913,CCCCC/C=C\CCC(=O)OC(C/C=C\CCCCCCCCOC(=O)CCN(CCCN(CC)CC)CCC(=O)OCCCCCCCC/C=C\CC(CCCCCC)OC(=O)CC/C=C\CCCCC)CCCCCC,JW_2024,JW_2024,0
-3.4221802,1.529652824,CCCCC/C=C\CCC(=O)OC(C/C=C\CCCCCCCCOC(=O)CCN(CCCN(CC)CC)CCC(=O)OCCCCCCCC/C=C\CC(CCCCCC)OC(=O)CC/C=C\CCCCC)CCCCCC,JW_2024,JW_2024,2
-1.1936846,-0.224347697,CCCCC/C=C\CCC(=O)OC(C/C=C\CCCCCCCCOC(=O)CCN(CCCN(CC)CC)CCC(=O)OCCCCCCCC/C=C\CC(CCCCCC)OC(=O)CC/C=C\CCCCC)CCCCCC,JW_2024,JW_2024,0
-1.7287397,0.225396026,CCCCC/C=C\CCC(=O)OC(C/C=C\CCCCCCCCOC(=O)CCN(CCCN(CC)CC)CCC(=O)OCCCCCCCC/C=C\CC(CCCCCC)OC(=O)CC/C=C\CCCCC)CCCCCC,JW_2024,JW_2024,1
-3.756019,0.279365273,CCCCC/C=C\CCC(=O)OC(C/C=C\CCCCCCCCOC(=O)CCN(CCCN(CC)CC)CCC(=O)OCCCCCCCC/C=C\CC(CCCCCC)OC(=O)CC/C=C\CCCCC)CCCCCC,JW_2024,JW_2024,1
-1.2503875,1.09789885,CCCCC/C=C\CCC(=O)OC(C/C=C\CCCCCCCCOC(=O)CCN(CCCN(CC)CC)CCC(=O)OCCCCCCCC/C=C\CC(CCCCCC)OC(=O)CC/C=C\CCCCC)CCCCCC,JW_2024,JW_2024,1
-0.7811893,-0.467209308,CCCCC/C=C\CCC(=O)OC(C/C=C\CCCCCCCCOC(=O)CCN(CCCN(CC)CC)CCC(=O)OCCCCCCCC/C=C\CC(CCCCCC)OC(=O)CC/C=C\CCCCC)CCCCCC,JW_2024,JW_2024,0
-1.8363017,0.15343703,CCCCC/C=C\CCC(=O)OC(C/C=C\CCCCCCCCOC(=O)CCN(CCCN(CC)CC)CCC(=O)OCCCCCCCC/C=C\CC(CCCCCC)OC(=O)CC/C=C\CCCCC)CCCCCC,JW_2024,JW_2024,1
-0.78514963,0.666144875,CCCCC/C=C\CCC(=O)OC(C/C=C\CCCCCCCCOC(=O)CCN(CCCN(CC)CC)CCC(=O)OCCCCCCCC/C=C\CC(CCCCCC)OC(=O)CC/C=C\CCCCC)CCCCCC,JW_2024,JW_2024,1
-4.11853,0.729108996,CCCCC/C=C\CCC(=O)OC(C/C=C\CCCCCCCCOC(=O)CCN(CCCN(CC)CC)CCC(=O)OCCCCCCCC/C=C\CC(CCCCCC)OC(=O)CC/C=C\CCCCC)CCCCCC,JW_2024,JW_2024,1
-2.2292309,1.934422175,CCCCC/C=C\CCC(=O)OC(C/C=C\CCCCCCCCOC(=O)CCN(CCCN(CC)CC)CCC(=O)OCCCCCCCC/C=C\CC(CCCCCC)OC(=O)CC/C=C\CCCCC)CCCCCC,JW_2024,JW_2024,2
-2.6121943,-0.080429706,CCCCC/C=C\CCC(=O)OC(C/C=C\CCCCCCCCOC(=O)CCN(CCCN(CC)CC)CCC(=O)OCCCCCCCC/C=C\CC(CCCCCC)OC(=O)CC/C=C\CCCCC)CCCCCC,JW_2024,JW_2024,0
-1.0013943,1.214832218,CCCCC/C=C\CCC(=O)OC(C/C=C\CCCCCCCCOC(=O)CCN(CCCN(CC)CC)CCC(=O)OCCCCCCCC/C=C\CC(CCCCCC)OC(=O)CC/C=C\CCCCC)CCCCCC,JW_2024,JW_2024,1
-2.1139998,0.585191005,CCCCC/C=C\CCC(=O)OC(C/C=C\CCCCCCCCOC(=O)CCN(CCCN(CC)CC)CCC(=O)OCCCCCCCC/C=C\CC(CCCCCC)OC(=O)CC/C=C\CCCCC)CCCCCC,JW_2024,JW_2024,1
-3.3575683,1.151868096,CCCCC/C=C\CCC(=O)OC(C/C=C\CCCCCCCCOC(=O)CCN(CCCN(CC)CC)CCC(=O)OCCCCCCCC/C=C\CC(CCCCCC)OC(=O)CC/C=C\CCCCC)CCCCCC,JW_2024,JW_2024,1
-3.6991746,0.594185879,CCCCC/C=C\CCC(=O)OC(C/C=C\CCCCCCCCOC(=O)CCN(CCCN(C)C)CCC(=O)OCCCCCCCC/C=C\CC(CCCCCC)OC(=O)CC/C=C\CCCCC)CCCCCC,JW_2024,JW_2024,1
-3.077542,-2.248194453,CCCCC/C=C\CCC(=O)OC(C/C=C\CCCCCCCCOC(=O)CCN(CCCN(C)C)CCC(=O)OCCCCCCCC/C=C\CC(CCCCCC)OC(=O)CC/C=C\CCCCC)CCCCCC,JW_2024,JW_2024,0
-3.1759956,1.403724582,CCCCC/C=C\CCC(=O)OC(C/C=C\CCCCCCCCOC(=O)CCN(CCCN(C)C)CCC(=O)OCCCCCCCC/C=C\CC(CCCCCC)OC(=O)CC/C=C\CCCCC)CCCCCC,JW_2024,JW_2024,2
-2.943253,-0.044450208,CCCCC/C=C\CCC(=O)OC(C/C=C\CCCCCCCCOC(=O)CCN(CCCN(C)C)CCC(=O)OCCCCCCCC/C=C\CC(CCCCCC)OC(=O)CC/C=C\CCCCC)CCCCCC,JW_2024,JW_2024,0
-3.7958183,1.511663075,CCCCC/C=C\CCC(=O)OC(C/C=C\CCCCCCCCOC(=O)CCN(CCCN(C)C)CCC(=O)OCCCCCCCC/C=C\CC(CCCCCC)OC(=O)CC/C=C\CCCCC)CCCCCC,JW_2024,JW_2024,2
-2.8099349,0.180421654,CCCCC/C=C\CCC(=O)OC(C/C=C\CCCCCCCCOC(=O)CCN(CCCN(C)C)CCC(=O)OCCCCCCCC/C=C\CC(CCCCCC)OC(=O)CC/C=C\CCCCC)CCCCCC,JW_2024,JW_2024,1
-2.9217558,-0.755045291,CCCCC/C=C\CCC(=O)OC(C/C=C\CCCCCCCCOC(=O)CCN(CCCN(C)C)CCC(=O)OCCCCCCCC/C=C\CC(CCCCCC)OC(=O)CC/C=C\CCCCC)CCCCCC,JW_2024,JW_2024,0
-4.326391,0.57619613,CCCCC/C=C\CCC(=O)OC(C/C=C\CCCCCCCCOC(=O)CCN(CCCN(C)C)CCC(=O)OCCCCCCCC/C=C\CC(CCCCCC)OC(=O)CC/C=C\CCCCC)CCCCCC,JW_2024,JW_2024,1
-3.3585832,0.729108996,CCCCC/C=C\CCC(=O)OC(C/C=C\CCCCCCCCOC(=O)CCN(CCCN(C)C)CCC(=O)OCCCCCCCC/C=C\CC(CCCCCC)OC(=O)CC/C=C\CCCCC)CCCCCC,JW_2024,JW_2024,1
-2.9857285,-0.125404078,CCCCC/C=C\CCC(=O)OC(C/C=C\CCCCCCCCOC(=O)CCN(CCCN(C)C)CCC(=O)OCCCCCCCC/C=C\CC(CCCCCC)OC(=O)CC/C=C\CCCCC)CCCCCC,JW_2024,JW_2024,0
-3.26105,0.684134624,CCCCC/C=C\CCC(=O)OC(C/C=C\CCCCCCCCOC(=O)CCN(CCCN(C)C)CCC(=O)OCCCCCCCC/C=C\CC(CCCCCC)OC(=O)CC/C=C\CCCCC)CCCCCC,JW_2024,JW_2024,1
-3.2571037,0.83704749,CCCCC/C=C\CCC(=O)OC(C/C=C\CCCCCCCCOC(=O)CCN(CCCN(C)C)CCC(=O)OCCCCCCCC/C=C\CC(CCCCCC)OC(=O)CC/C=C\CCCCC)CCCCCC,JW_2024,JW_2024,1
-4.435002,1.457693828,CCCCC/C=C\CCC(=O)OC(C/C=C\CCCCCCCCOC(=O)CCN(CCCN(C)C)CCC(=O)OCCCCCCCC/C=C\CC(CCCCCC)OC(=O)CC/C=C\CCCCC)CCCCCC,JW_2024,JW_2024,2
-3.548933,1.952411924,CCCCC/C=C\CCC(=O)OC(C/C=C\CCCCCCCCOC(=O)CCN(CCCN(C)C)CCC(=O)OCCCCCCCC/C=C\CC(CCCCCC)OC(=O)CC/C=C\CCCCC)CCCCCC,JW_2024,JW_2024,3
-3.6186929,-0.179373325,CCCCC/C=C\CCC(=O)OC(C/C=C\CCCCCCCCOC(=O)CCN(CCCN(C)C)CCC(=O)OCCCCCCCC/C=C\CC(CCCCCC)OC(=O)CC/C=C\CCCCC)CCCCCC,JW_2024,JW_2024,0
-3.006118,1.565632322,CCCCC/C=C\CCC(=O)OC(C/C=C\CCCCCCCCOC(=O)CCN(CCCN(C)C)CCC(=O)OCCCCCCCC/C=C\CC(CCCCCC)OC(=O)CC/C=C\CCCCC)CCCCCC,JW_2024,JW_2024,2
-3.3804274,1.376739958,CCCCC/C=C\CCC(=O)OC(C/C=C\CCCCCCCCOC(=O)CCN(CCCN(C)C)CCC(=O)OCCCCCCCC/C=C\CC(CCCCCC)OC(=O)CC/C=C\CCCCC)CCCCCC,JW_2024,JW_2024,2
-4.2382374,1.556637448,CCCCC/C=C\CCC(=O)OC(C/C=C\CCCCCCCCOC(=O)CCN(CCCN(C)C)CCC(=O)OCCCCCCCC/C=C\CC(CCCCCC)OC(=O)CC/C=C\CCCCC)CCCCCC,JW_2024,JW_2024,2
-5.185439,0.558206382,CCCCC/C=C\CCC(=O)OC(C/C=C\CCCCCCCCOC(=O)CCN(CCC(=O)OCCCCCCCC/C=C\CC(CCCCCC)OC(=O)CC/C=C\CCCCC)CCN(C)C)CCCCCC,JW_2024,JW_2024,1
-4.205909,-1.096850521,CCCCC/C=C\CCC(=O)OC(C/C=C\CCCCCCCCOC(=O)CCN(CCC(=O)OCCCCCCCC/C=C\CC(CCCCCC)OC(=O)CC/C=C\CCCCC)CCN(C)C)CCCCCC,JW_2024,JW_2024,0
-4.0830407,1.286791213,CCCCC/C=C\CCC(=O)OC(C/C=C\CCCCCCCCOC(=O)CCN(CCC(=O)OCCCCCCCC/C=C\CC(CCCCCC)OC(=O)CC/C=C\CCCCC)CCN(C)C)CCCCCC,JW_2024,JW_2024,1
-4.201357,-0.485199057,CCCCC/C=C\CCC(=O)OC(C/C=C\CCCCCCCCOC(=O)CCN(CCC(=O)OCCCCCCCC/C=C\CC(CCCCCC)OC(=O)CC/C=C\CCCCC)CCN(C)C)CCCCCC,JW_2024,JW_2024,0
-5.4745746,1.376739958,CCCCC/C=C\CCC(=O)OC(C/C=C\CCCCCCCCOC(=O)CCN(CCC(=O)OCCCCCCCC/C=C\CC(CCCCCC)OC(=O)CC/C=C\CCCCC)CCN(C)C)CCCCCC,JW_2024,JW_2024,2
-3.783678,-0.017465585,CCCCC/C=C\CCC(=O)OC(C/C=C\CCCCCCCCOC(=O)CCN(CCC(=O)OCCCCCCCC/C=C\CC(CCCCCC)OC(=O)CC/C=C\CCCCC)CCN(C)C)CCCCCC,JW_2024,JW_2024,0
-4.206204,-0.6111273,CCCCC/C=C\CCC(=O)OC(C/C=C\CCCCCCCCOC(=O)CCN(CCC(=O)OCCCCCCCC/C=C\CC(CCCCCC)OC(=O)CC/C=C\CCCCC)CCN(C)C)CCCCCC,JW_2024,JW_2024,0
-5.7946343,0.198411403,CCCCC/C=C\CCC(=O)OC(C/C=C\CCCCCCCCOC(=O)CCN(CCC(=O)OCCCCCCCC/C=C\CC(CCCCCC)OC(=O)CC/C=C\CCCCC)CCN(C)C)CCCCCC,JW_2024,JW_2024,1
-4.357995,-0.332286191,CCCCC/C=C\CCC(=O)OC(C/C=C\CCCCCCCCOC(=O)CCN(CCC(=O)OCCCCCCCC/C=C\CC(CCCCCC)OC(=O)CC/C=C\CCCCC)CCN(C)C)CCCCCC,JW_2024,JW_2024,0
-4.139272,0.891016737,CCCCC/C=C\CCC(=O)OC(C/C=C\CCCCCCCCOC(=O)CCN(CCC(=O)OCCCCCCCC/C=C\CC(CCCCCC)OC(=O)CC/C=C\CCCCC)CCN(C)C)CCCCCC,JW_2024,JW_2024,1
-6.0992527,0.702124373,CCCCC/C=C\CCC(=O)OC(C/C=C\CCCCCCCCOC(=O)CCN(CCC(=O)OCCCCCCCC/C=C\CC(CCCCCC)OC(=O)CC/C=C\CCCCC)CCN(C)C)CCCCCC,JW_2024,JW_2024,1
-5.001694,1.547642573,CCCCC/C=C\CCC(=O)OC(C/C=C\CCCCCCCCOC(=O)CCN(CCC(=O)OCCCCCCCC/C=C\CC(CCCCCC)OC(=O)CC/C=C\CCCCC)CCN(C)C)CCCCCC,JW_2024,JW_2024,2
-5.169483,-0.413240061,CCCCC/C=C\CCC(=O)OC(C/C=C\CCCCCCCCOC(=O)CCN(CCC(=O)OCCCCCCCC/C=C\CC(CCCCCC)OC(=O)CC/C=C\CCCCC)CCN(C)C)CCCCCC,JW_2024,JW_2024,0
-4.0242825,0.909006486,CCCCC/C=C\CCC(=O)OC(C/C=C\CCCCCCCCOC(=O)CCN(CCC(=O)OCCCCCCCC/C=C\CC(CCCCCC)OC(=O)CC/C=C\CCCCC)CCN(C)C)CCCCCC,JW_2024,JW_2024,1
-4.7065005,-0.053445082,CCCCC/C=C\CCC(=O)OC(C/C=C\CCCCCCCCOC(=O)CCN(CCC(=O)OCCCCCCCC/C=C\CC(CCCCCC)OC(=O)CC/C=C\CCCCC)CCN(C)C)CCCCCC,JW_2024,JW_2024,0
-5.6517043,0.603180754,CCCCC/C=C\CCC(=O)OC(C/C=C\CCCCCCCCOC(=O)CCN(CCC(=O)OCCCCCCCC/C=C\CC(CCCCCC)OC(=O)CC/C=C\CCCCC)CCN(C)C)CCCCCC,JW_2024,JW_2024,1
-4.123986,0.67513975,CCCCC/C=C\CCC(=O)OC(C/C=C\CCCCCCCCOC(=O)CCN(CCCCN(C)C)CCC(=O)OCCCCCCCC/C=C\CC(CCCCCC)OC(=O)CC/C=C\CCCCC)CCCCCC,JW_2024,JW_2024,1
-3.6393719,-0.260327195,CCCCC/C=C\CCC(=O)OC(C/C=C\CCCCCCCCOC(=O)CCN(CCCCN(C)C)CCC(=O)OCCCCCCCC/C=C\CC(CCCCCC)OC(=O)CC/C=C\CCCCC)CCCCCC,JW_2024,JW_2024,0
-3.607813,0.953980858,CCCCC/C=C\CCC(=O)OC(C/C=C\CCCCCCCCOC(=O)CCN(CCCCN(C)C)CCC(=O)OCCCCCCCC/C=C\CC(CCCCCC)OC(=O)CC/C=C\CCCCC)CCCCCC,JW_2024,JW_2024,1
-3.538065,0.027508788,CCCCC/C=C\CCC(=O)OC(C/C=C\CCCCCCCCOC(=O)CCN(CCCCN(C)C)CCC(=O)OCCCCCCCC/C=C\CC(CCCCCC)OC(=O)CC/C=C\CCCCC)CCCCCC,JW_2024,JW_2024,0
-4.137003,1.448698954,CCCCC/C=C\CCC(=O)OC(C/C=C\CCCCCCCCOC(=O)CCN(CCCCN(C)C)CCC(=O)OCCCCCCCC/C=C\CC(CCCCCC)OC(=O)CC/C=C\CCCCC)CCCCCC,JW_2024,JW_2024,2
-3.1836348,0.369314018,CCCCC/C=C\CCC(=O)OC(C/C=C\CCCCCCCCOC(=O)CCN(CCCCN(C)C)CCC(=O)OCCCCCCCC/C=C\CC(CCCCCC)OC(=O)CC/C=C\CCCCC)CCCCCC,JW_2024,JW_2024,1
-3.3626475,-0.827004287,CCCCC/C=C\CCC(=O)OC(C/C=C\CCCCCCCCOC(=O)CCN(CCCCN(C)C)CCC(=O)OCCCCCCCC/C=C\CC(CCCCCC)OC(=O)CC/C=C\CCCCC)CCCCCC,JW_2024,JW_2024,0
-4.5777726,0.306349896,CCCCC/C=C\CCC(=O)OC(C/C=C\CCCCCCCCOC(=O)CCN(CCCCN(C)C)CCC(=O)OCCCCCCCC/C=C\CC(CCCCCC)OC(=O)CC/C=C\CCCCC)CCCCCC,JW_2024,JW_2024,1
-3.6542861,0.081478035,CCCCC/C=C\CCC(=O)OC(C/C=C\CCCCCCCCOC(=O)CCN(CCCCN(C)C)CCC(=O)OCCCCCCCC/C=C\CC(CCCCCC)OC(=O)CC/C=C\CCCCC)CCCCCC,JW_2024,JW_2024,1
-3.4962842,-0.413240061,CCCCC/C=C\CCC(=O)OC(C/C=C\CCCCCCCCOC(=O)CCN(CCCCN(C)C)CCC(=O)OCCCCCCCC/C=C\CC(CCCCCC)OC(=O)CC/C=C\CCCCC)CCCCCC,JW_2024,JW_2024,0
-3.790368,0.396298641,CCCCC/C=C\CCC(=O)OC(C/C=C\CCCCCCCCOC(=O)CCN(CCCCN(C)C)CCC(=O)OCCCCCCCC/C=C\CC(CCCCCC)OC(=O)CC/C=C\CCCCC)CCCCCC,JW_2024,JW_2024,1
-3.7001314,0.998955231,CCCCC/C=C\CCC(=O)OC(C/C=C\CCCCCCCCOC(=O)CCN(CCCCN(C)C)CCC(=O)OCCCCCCCC/C=C\CC(CCCCCC)OC(=O)CC/C=C\CCCCC)CCCCCC,JW_2024,JW_2024,1
-4.639173,0.989960356,CCCCC/C=C\CCC(=O)OC(C/C=C\CCCCCCCCOC(=O)CCN(CCCCN(C)C)CCC(=O)OCCCCCCCC/C=C\CC(CCCCCC)OC(=O)CC/C=C\CCCCC)CCCCCC,JW_2024,JW_2024,1
-3.7625375,1.925427301,CCCCC/C=C\CCC(=O)OC(C/C=C\CCCCCCCCOC(=O)CCN(CCCCN(C)C)CCC(=O)OCCCCCCCC/C=C\CC(CCCCCC)OC(=O)CC/C=C\CCCCC)CCCCCC,JW_2024,JW_2024,2
-3.889731,-0.26932207,CCCCC/C=C\CCC(=O)OC(C/C=C\CCCCCCCCOC(=O)CCN(CCCCN(C)C)CCC(=O)OCCCCCCCC/C=C\CC(CCCCCC)OC(=O)CC/C=C\CCCCC)CCCCCC,JW_2024,JW_2024,0
-3.524483,1.17885272,CCCCC/C=C\CCC(=O)OC(C/C=C\CCCCCCCCOC(=O)CCN(CCCCN(C)C)CCC(=O)OCCCCCCCC/C=C\CC(CCCCCC)OC(=O)CC/C=C\CCCCC)CCCCCC,JW_2024,JW_2024,1
-3.787631,1.466688703,CCCCC/C=C\CCC(=O)OC(C/C=C\CCCCCCCCOC(=O)CCN(CCCCN(C)C)CCC(=O)OCCCCCCCC/C=C\CC(CCCCCC)OC(=O)CC/C=C\CCCCC)CCCCCC,JW_2024,JW_2024,2
-4.4840274,1.889447803,CCCCC/C=C\CCC(=O)OC(C/C=C\CCCCCCCCOC(=O)CCN(CCCCN(C)C)CCC(=O)OCCCCCCCC/C=C\CC(CCCCCC)OC(=O)CC/C=C\CCCCC)CCCCCC,JW_2024,JW_2024,2
-5.4982586,-0.053445082,CCCCC/C=C\CCC(=O)OC(C/C=C\CCCCCCCCOC(=O)CCN(CCC(=O)OCCCCCCCC/C=C\CC(CCCCCC)OC(=O)CC/C=C\CCCCC)CCN(CCCC)CCCC)CCCCCC,JW_2024,JW_2024,0
-4.4766335,-2.679948427,CCCCC/C=C\CCC(=O)OC(C/C=C\CCCCCCCCOC(=O)CCN(CCC(=O)OCCCCCCCC/C=C\CC(CCCCCC)OC(=O)CC/C=C\CCCCC)CCN(CCCC)CCCC)CCCCCC,JW_2024,JW_2024,0
-3.9678476,-0.656101672,CCCCC/C=C\CCC(=O)OC(C/C=C\CCCCCCCCOC(=O)CCN(CCC(=O)OCCCCCCCC/C=C\CC(CCCCCC)OC(=O)CC/C=C\CCCCC)CCN(CCCC)CCCC)CCCCCC,JW_2024,JW_2024,0
-4.052935,-1.474635249,CCCCC/C=C\CCC(=O)OC(C/C=C\CCCCCCCCOC(=O)CCN(CCC(=O)OCCCCCCCC/C=C\CC(CCCCCC)OC(=O)CC/C=C\CCCCC)CCN(CCCC)CCCC)CCCCCC,JW_2024,JW_2024,0
-5.5427084,-0.080429706,CCCCC/C=C\CCC(=O)OC(C/C=C\CCCCCCCCOC(=O)CCN(CCC(=O)OCCCCCCCC/C=C\CC(CCCCCC)OC(=O)CC/C=C\CCCCC)CCN(CCCC)CCCC)CCCCCC,JW_2024,JW_2024,0
-3.5686724,-1.141824893,CCCCC/C=C\CCC(=O)OC(C/C=C\CCCCCCCCOC(=O)CCN(CCC(=O)OCCCCCCCC/C=C\CC(CCCCCC)OC(=O)CC/C=C\CCCCC)CCN(CCCC)CCCC)CCCCCC,JW_2024,JW_2024,0
-4.1157694,-1.78046098,CCCCC/C=C\CCC(=O)OC(C/C=C\CCCCCCCCOC(=O)CCN(CCC(=O)OCCCCCCCC/C=C\CC(CCCCCC)OC(=O)CC/C=C\CCCCC)CCN(CCCC)CCCC)CCCCCC,JW_2024,JW_2024,0
-5.7170033,-0.827004287,CCCCC/C=C\CCC(=O)OC(C/C=C\CCCCCCCCOC(=O)CCN(CCC(=O)OCCCCCCCC/C=C\CC(CCCCCC)OC(=O)CC/C=C\CCCCC)CCN(CCCC)CCCC)CCCCCC,JW_2024,JW_2024,0
-4.9955316,0.621170503,CCCCC/C=C\CCC(=O)OC(C/C=C\CCCCCCCCOC(=O)CCN(CCC(=O)OCCCCCCCC/C=C\CC(CCCCCC)OC(=O)CC/C=C\CCCCC)CCN1CCCCC1)CCCCCC,JW_2024,JW_2024,1
-3.779611,-0.557158053,CCCCC/C=C\CCC(=O)OC(C/C=C\CCCCCCCCOC(=O)CCN(CCC(=O)OCCCCCCCC/C=C\CC(CCCCCC)OC(=O)CC/C=C\CCCCC)CCN1CCCCC1)CCCCCC,JW_2024,JW_2024,0
-3.8778074,1.358750209,CCCCC/C=C\CCC(=O)OC(C/C=C\CCCCCCCCOC(=O)CCN(CCC(=O)OCCCCCCCC/C=C\CC(CCCCCC)OC(=O)CC/C=C\CCCCC)CCN1CCCCC1)CCCCCC,JW_2024,JW_2024,2
-4.111237,-0.494193931,CCCCC/C=C\CCC(=O)OC(C/C=C\CCCCCCCCOC(=O)CCN(CCC(=O)OCCCCCCCC/C=C\CC(CCCCCC)OC(=O)CC/C=C\CCCCC)CCN1CCCCC1)CCCCCC,JW_2024,JW_2024,0
-5.1150312,1.358750209,CCCCC/C=C\CCC(=O)OC(C/C=C\CCCCCCCCOC(=O)CCN(CCC(=O)OCCCCCCCC/C=C\CC(CCCCCC)OC(=O)CC/C=C\CCCCC)CCN1CCCCC1)CCCCCC,JW_2024,JW_2024,2
-3.358986,0.342329394,CCCCC/C=C\CCC(=O)OC(C/C=C\CCCCCCCCOC(=O)CCN(CCC(=O)OCCCCCCCC/C=C\CC(CCCCCC)OC(=O)CC/C=C\CCCCC)CCN1CCCCC1)CCCCCC,JW_2024,JW_2024,1
-3.8036718,-0.620122174,CCCCC/C=C\CCC(=O)OC(C/C=C\CCCCCCCCOC(=O)CCN(CCC(=O)OCCCCCCCC/C=C\CC(CCCCCC)OC(=O)CC/C=C\CCCCC)CCN1CCCCC1)CCCCCC,JW_2024,JW_2024,0
-5.4275727,0.279365273,CCCCC/C=C\CCC(=O)OC(C/C=C\CCCCCCCCOC(=O)CCN(CCC(=O)OCCCCCCCC/C=C\CC(CCCCCC)OC(=O)CC/C=C\CCCCC)CCN1CCCCC1)CCCCCC,JW_2024,JW_2024,1
-4.366906,0.270370399,CCCCC/C=C\CCC(=O)OC(C/C=C\CCCCCCCCOC(=O)CCN(CCC(=O)OCCCCCCCC/C=C\CC(CCCCCC)OC(=O)CC/C=C\CCCCC)CCN1CCCCC1)CCCCCC,JW_2024,JW_2024,1
-3.8776174,-0.440224685,CCCCC/C=C\CCC(=O)OC(C/C=C\CCCCCCCCOC(=O)CCN(CCC(=O)OCCCCCCCC/C=C\CC(CCCCCC)OC(=O)CC/C=C\CCCCC)CCN1CCCCC1)CCCCCC,JW_2024,JW_2024,0
-3.8977604,-0.062439957,CCCCC/C=C\CCC(=O)OC(C/C=C\CCCCCCCCOC(=O)CCN(CCC(=O)OCCCCCCCC/C=C\CC(CCCCCC)OC(=O)CC/C=C\CCCCC)CCN1CCCCC1)CCCCCC,JW_2024,JW_2024,0
-3.597099,0.891016737,CCCCC/C=C\CCC(=O)OC(C/C=C\CCCCCCCCOC(=O)CCN(CCC(=O)OCCCCCCCC/C=C\CC(CCCCCC)OC(=O)CC/C=C\CCCCC)CCN1CCCCC1)CCCCCC,JW_2024,JW_2024,1
-5.671107,0.909006486,CCCCC/C=C\CCC(=O)OC(C/C=C\CCCCCCCCOC(=O)CCN(CCC(=O)OCCCCCCCC/C=C\CC(CCCCCC)OC(=O)CC/C=C\CCCCC)CCN1CCCCC1)CCCCCC,JW_2024,JW_2024,1
-4.4777813,2.033365794,CCCCC/C=C\CCC(=O)OC(C/C=C\CCCCCCCCOC(=O)CCN(CCC(=O)OCCCCCCCC/C=C\CC(CCCCCC)OC(=O)CC/C=C\CCCCC)CCN1CCCCC1)CCCCCC,JW_2024,JW_2024,3
-4.865454,0.000524164,CCCCC/C=C\CCC(=O)OC(C/C=C\CCCCCCCCOC(=O)CCN(CCC(=O)OCCCCCCCC/C=C\CC(CCCCCC)OC(=O)CC/C=C\CCCCC)CCN1CCCCC1)CCCCCC,JW_2024,JW_2024,0
-4.067244,1.295786088,CCCCC/C=C\CCC(=O)OC(C/C=C\CCCCCCCCOC(=O)CCN(CCC(=O)OCCCCCCCC/C=C\CC(CCCCCC)OC(=O)CC/C=C\CCCCC)CCN1CCCCC1)CCCCCC,JW_2024,JW_2024,1
-5.152117,0.648155126,CCCCC/C=C\CCC(=O)OC(C/C=C\CCCCCCCCOC(=O)CCN(CCC(=O)OCCCCCCCC/C=C\CC(CCCCCC)OC(=O)CC/C=C\CCCCC)CCN1CCCCC1)CCCCCC,JW_2024,JW_2024,1
-5.5097103,0.926996235,CCCCC/C=C\CCC(=O)OC(C/C=C\CCCCCCCCOC(=O)CCN(CCC(=O)OCCCCCCCC/C=C\CC(CCCCCC)OC(=O)CC/C=C\CCCCC)CCN1CCCCC1)CCCCCC,JW_2024,JW_2024,1
-4.420795,0.432278139,CCCCCCC/C=C\CCCCCCCCC(=O)OC(C/C=C\CCCCCCCCOC(=O)CCN(CCCN(CC)CC)CCC(=O)OCCCCCCCC/C=C\CC(CCCCCC)OC(=O)CCCCCCCC/C=C\CCCCCCC)CCCCCC,JW_2024,JW_2024,1
-3.2477121,-1.393681378,CCCCCCC/C=C\CCCCCCCCC(=O)OC(C/C=C\CCCCCCCCOC(=O)CCN(CCCN(CC)CC)CCC(=O)OCCCCCCCC/C=C\CC(CCCCCC)OC(=O)CCCCCCCC/C=C\CCCCCCC)CCCCCC,JW_2024,JW_2024,0
-2.0807817,1.349755335,CCCCCCC/C=C\CCCCCCCCC(=O)OC(C/C=C\CCCCCCCCOC(=O)CCN(CCCN(CC)CC)CCC(=O)OCCCCCCCC/C=C\CC(CCCCCC)OC(=O)CCCCCCCC/C=C\CCCCCCC)CCCCCC,JW_2024,JW_2024,2
-2.8695936,0.369314018,CCCCCCC/C=C\CCCCCCCCC(=O)OC(C/C=C\CCCCCCCCOC(=O)CCN(CCCN(CC)CC)CCC(=O)OCCCCCCCC/C=C\CC(CCCCCC)OC(=O)CCCCCCCC/C=C\CCCCCCC)CCCCCC,JW_2024,JW_2024,1
-1.7370248,1.151868096,CCCCCCC/C=C\CCCCCCCCC(=O)OC(C/C=C\CCCCCCCCOC(=O)CCN(CCCN(CC)CC)CCC(=O)OCCCCCCCC/C=C\CC(CCCCCC)OC(=O)CCCCCCCC/C=C\CCCCCCC)CCCCCC,JW_2024,JW_2024,1
-2.3901925,-0.125404078,CCCCCCC/C=C\CCCCCCCCC(=O)OC(C/C=C\CCCCCCCCOC(=O)CCN(CCCN(CC)CC)CCC(=O)OCCCCCCCC/C=C\CC(CCCCCC)OC(=O)CCCCCCCC/C=C\CCCCCCC)CCCCCC,JW_2024,JW_2024,0
-2.906309,0.531221758,CCCCCCC/C=C\CCCCCCCCC(=O)OC(C/C=C\CCCCCCCCOC(=O)CCN(CCCN(CC)CC)CCC(=O)OCCCCCCCC/C=C\CC(CCCCCC)OC(=O)CCCCCCCC/C=C\CCCCCCC)CCCCCC,JW_2024,JW_2024,1
-3.6443715,0.063488286,CCCCCCC/C=C\CCCCCCCCC(=O)OC(C/C=C\CCCCCCCCOC(=O)CCN(CCCN(CC)CC)CCC(=O)OCCCCCCCC/C=C\CC(CCCCCC)OC(=O)CCCCCCCC/C=C\CCCCCCC)CCCCCC,JW_2024,JW_2024,1
-2.7193153,0.036503662,CCCCCCC/C=C\CCCCCCCCC(=O)OC(C/C=C\CCCCCCCCOC(=O)CCN(CCCN(CC)CC)CCC(=O)OCCCCCCCC/C=C\CC(CCCCCC)OC(=O)CCCCCCCC/C=C\CCCCCCC)CCCCCC,JW_2024,JW_2024,1
-2.9664354,-0.997906902,CCCCCCC/C=C\CCCCCCCCC(=O)OC(C/C=C\CCCCCCCCOC(=O)CCN(CCCN(CC)CC)CCC(=O)OCCCCCCCC/C=C\CC(CCCCCC)OC(=O)CCCCCCCC/C=C\CCCCCCC)CCCCCC,JW_2024,JW_2024,0
-3.3994608,0.783078243,CCCCCCC/C=C\CCCCCCCCC(=O)OC(C/C=C\CCCCCCCCOC(=O)CCN(CCCN(CC)CC)CCC(=O)OCCCCCCCC/C=C\CC(CCCCCC)OC(=O)CCCCCCCC/C=C\CCCCCCC)CCCCCC,JW_2024,JW_2024,1
-2.863063,0.783078243,CCCCCCC/C=C\CCCCCCCCC(=O)OC(C/C=C\CCCCCCCCOC(=O)CCN(CCCN(CC)CC)CCC(=O)OCCCCCCCC/C=C\CC(CCCCCC)OC(=O)CCCCCCCC/C=C\CCCCCCC)CCCCCC,JW_2024,JW_2024,1
-4.148684,0.549211507,CCCCCCC/C=C\CCCCCCCCC(=O)OC(C/C=C\CCCCCCCCOC(=O)CCN(CCCN(CC)CC)CCC(=O)OCCCCCCCC/C=C\CC(CCCCCC)OC(=O)CCCCCCCC/C=C\CCCCCCC)CCCCCC,JW_2024,JW_2024,1
-3.1796148,1.709550314,CCCCCCC/C=C\CCCCCCCCC(=O)OC(C/C=C\CCCCCCCCOC(=O)CCN(CCCN(CC)CC)CCC(=O)OCCCCCCCC/C=C\CC(CCCCCC)OC(=O)CCCCCCCC/C=C\CCCCCCC)CCCCCC,JW_2024,JW_2024,2
-3.9641542,-1.27674801,CCCCCCC/C=C\CCCCCCCCC(=O)OC(C/C=C\CCCCCCCCOC(=O)CCN(CCCN(CC)CC)CCC(=O)OCCCCCCCC/C=C\CC(CCCCCC)OC(=O)CCCCCCCC/C=C\CCCCCCC)CCCCCC,JW_2024,JW_2024,0
-2.3504217,1.277796339,CCCCCCC/C=C\CCCCCCCCC(=O)OC(C/C=C\CCCCCCCCOC(=O)CCN(CCCN(CC)CC)CCC(=O)OCCCCCCCC/C=C\CC(CCCCCC)OC(=O)CCCCCCCC/C=C\CCCCCCC)CCCCCC,JW_2024,JW_2024,1
-2.9721303,0.15343703,CCCCCCC/C=C\CCCCCCCCC(=O)OC(C/C=C\CCCCCCCCOC(=O)CCN(CCCN(CC)CC)CCC(=O)OCCCCCCCC/C=C\CC(CCCCCC)OC(=O)CCCCCCCC/C=C\CCCCCCC)CCCCCC,JW_2024,JW_2024,1
-4.213905,0.774083369,CCCCCCC/C=C\CCCCCCCCC(=O)OC(C/C=C\CCCCCCCCOC(=O)CCN(CCCN(CC)CC)CCC(=O)OCCCCCCCC/C=C\CC(CCCCCC)OC(=O)CCCCCCCC/C=C\CCCCCCC)CCCCCC,JW_2024,JW_2024,1
-4.2551465,0.387303767,CCCCC/C=C\C/C=C\CCCCCCCC(=O)OC(C/C=C\CCCCCCCCOC(=O)CCN(CCCN(CC)CC)CCC(=O)OCCCCCCCC/C=C\CC(CCCCCC)OC(=O)CCCCCCC/C=C\C/C=C\CCCCC)CCCCCC,JW_2024,JW_2024,1
-3.5145438,-0.979917153,CCCCC/C=C\C/C=C\CCCCCCCC(=O)OC(C/C=C\CCCCCCCCOC(=O)CCN(CCCN(CC)CC)CCC(=O)OCCCCCCCC/C=C\CC(CCCCCC)OC(=O)CCCCCCC/C=C\C/C=C\CCCCC)CCCCCC,JW_2024,JW_2024,0
-2.539371,1.061919352,CCCCC/C=C\C/C=C\CCCCCCCC(=O)OC(C/C=C\CCCCCCCCOC(=O)CCN(CCCN(CC)CC)CCC(=O)OCCCCCCCC/C=C\CC(CCCCCC)OC(=O)CCCCCCC/C=C\C/C=C\CCCCC)CCCCCC,JW_2024,JW_2024,1
-2.8954508,-0.179373325,CCCCC/C=C\C/C=C\CCCCCCCC(=O)OC(C/C=C\CCCCCCCCOC(=O)CCN(CCCN(CC)CC)CCC(=O)OCCCCCCCC/C=C\CC(CCCCCC)OC(=O)CCCCCCC/C=C\C/C=C\CCCCC)CCCCCC,JW_2024,JW_2024,0
-2.226829,0.450267888,CCCCC/C=C\C/C=C\CCCCCCCC(=O)OC(C/C=C\CCCCCCCCOC(=O)CCN(CCCN(CC)CC)CCC(=O)OCCCCCCCC/C=C\CC(CCCCCC)OC(=O)CCCCCCC/C=C\C/C=C\CCCCC)CCCCCC,JW_2024,JW_2024,1
-2.6524932,0.432278139,CCCCC/C=C\C/C=C\CCCCCCCC(=O)OC(C/C=C\CCCCCCCCOC(=O)CCN(CCCN(CC)CC)CCC(=O)OCCCCCCCC/C=C\CC(CCCCCC)OC(=O)CCCCCCC/C=C\C/C=C\CCCCC)CCCCCC,JW_2024,JW_2024,1
-2.8963811,-0.674091421,CCCCC/C=C\C/C=C\CCCCCCCC(=O)OC(C/C=C\CCCCCCCCOC(=O)CCN(CCCN(CC)CC)CCC(=O)OCCCCCCCC/C=C\CC(CCCCCC)OC(=O)CCCCCCC/C=C\C/C=C\CCCCC)CCCCCC,JW_2024,JW_2024,0
-3.6986895,0.67513975,CCCCC/C=C\C/C=C\CCCCCCCC(=O)OC(C/C=C\CCCCCCCCOC(=O)CCN(CCCN(CC)CC)CCC(=O)OCCCCCCCC/C=C\CC(CCCCCC)OC(=O)CCCCCCC/C=C\C/C=C\CCCCC)CCCCCC,JW_2024,JW_2024,1
-2.7775037,0.360319143,CCCCC/C=C\C/C=C\CCCCCCCC(=O)OC(C/C=C\CCCCCCCCOC(=O)CCN(CCCN(CC)CC)CCC(=O)OCCCCCCCC/C=C\CC(CCCCCC)OC(=O)CCCCCCC/C=C\C/C=C\CCCCC)CCCCCC,JW_2024,JW_2024,1
-2.9678247,-0.233342572,CCCCC/C=C\C/C=C\CCCCCCCC(=O)OC(C/C=C\CCCCCCCCOC(=O)CCN(CCCN(CC)CC)CCC(=O)OCCCCCCCC/C=C\CC(CCCCCC)OC(=O)CCCCCCC/C=C\C/C=C\CCCCC)CCCCCC,JW_2024,JW_2024,0
-3.4927142,0.765088494,CCCCC/C=C\C/C=C\CCCCCCCC(=O)OC(C/C=C\CCCCCCCCOC(=O)CCN(CCCN(CC)CC)CCC(=O)OCCCCCCCC/C=C\CC(CCCCCC)OC(=O)CCCCCCC/C=C\C/C=C\CCCCC)CCCCCC,JW_2024,JW_2024,1
-2.9094534,0.971970607,CCCCC/C=C\C/C=C\CCCCCCCC(=O)OC(C/C=C\CCCCCCCCOC(=O)CCN(CCCN(CC)CC)CCC(=O)OCCCCCCCC/C=C\CC(CCCCCC)OC(=O)CCCCCCC/C=C\C/C=C\CCCCC)CCCCCC,JW_2024,JW_2024,1
-4.4257064,1.250811716,CCCCC/C=C\C/C=C\CCCCCCCC(=O)OC(C/C=C\CCCCCCCCOC(=O)CCN(CCCN(CC)CC)CCC(=O)OCCCCCCCC/C=C\CC(CCCCCC)OC(=O)CCCCCCC/C=C\C/C=C\CCCCC)CCCCCC,JW_2024,JW_2024,1
-2.8053079,1.367745084,CCCCC/C=C\C/C=C\CCCCCCCC(=O)OC(C/C=C\CCCCCCCCOC(=O)CCN(CCCN(CC)CC)CCC(=O)OCCCCCCCC/C=C\CC(CCCCCC)OC(=O)CCCCCCC/C=C\C/C=C\CCCCC)CCCCCC,JW_2024,JW_2024,2
-3.9661617,1.565632322,CCCCC/C=C\C/C=C\CCCCCCCC(=O)OC(C/C=C\CCCCCCCCOC(=O)CCN(CCCN(CC)CC)CCC(=O)OCCCCCCCC/C=C\CC(CCCCCC)OC(=O)CCCCCCC/C=C\C/C=C\CCCCC)CCCCCC,JW_2024,JW_2024,2
-2.5326138,0.819057741,CCCCC/C=C\C/C=C\CCCCCCCC(=O)OC(C/C=C\CCCCCCCCOC(=O)CCN(CCCN(CC)CC)CCC(=O)OCCCCCCCC/C=C\CC(CCCCCC)OC(=O)CCCCCCC/C=C\C/C=C\CCCCC)CCCCCC,JW_2024,JW_2024,1
-3.2529213,0.099467784,CCCCC/C=C\C/C=C\CCCCCCCC(=O)OC(C/C=C\CCCCCCCCOC(=O)CCN(CCCN(CC)CC)CCC(=O)OCCCCCCCC/C=C\CC(CCCCCC)OC(=O)CCCCCCC/C=C\C/C=C\CCCCC)CCCCCC,JW_2024,JW_2024,1
-3.8680284,0.450267888,CCCCC/C=C\C/C=C\CCCCCCCC(=O)OC(C/C=C\CCCCCCCCOC(=O)CCN(CCCN(CC)CC)CCC(=O)OCCCCCCCC/C=C\CC(CCCCCC)OC(=O)CCCCCCC/C=C\C/C=C\CCCCC)CCCCCC,JW_2024,JW_2024,1
-4.0597486,0.144442156,CCCCCCCCC/C=C\CCCCCCCC(=O)OC(C/C=C\CCCCCCCCOC(=O)CCN(CCCN(C)C)CCC(=O)OCCCCCCCC/C=C\CC(CCCCCC)OC(=O)CCCCCCC/C=C\CCCCCCCCC)CCCCCC,JW_2024,JW_2024,1
-3.0323281,-0.368265689,CCCCCCCCC/C=C\CCCCCCCC(=O)OC(C/C=C\CCCCCCCCOC(=O)CCN(CCCN(C)C)CCC(=O)OCCCCCCCC/C=C\CC(CCCCCC)OC(=O)CCCCCCC/C=C\CCCCCCCCC)CCCCCC,JW_2024,JW_2024,0
-2.635051,1.043929603,CCCCCCCCC/C=C\CCCCCCCC(=O)OC(C/C=C\CCCCCCCCOC(=O)CCN(CCCN(C)C)CCC(=O)OCCCCCCCC/C=C\CC(CCCCCC)OC(=O)CCCCCCC/C=C\CCCCCCCCC)CCCCCC,JW_2024,JW_2024,1
-2.748165,0.387303767,CCCCCCCCC/C=C\CCCCCCCC(=O)OC(C/C=C\CCCCCCCCOC(=O)CCN(CCCN(C)C)CCC(=O)OCCCCCCCC/C=C\CC(CCCCCC)OC(=O)CCCCCCC/C=C\CCCCCCCCC)CCCCCC,JW_2024,JW_2024,1
-2.0266054,1.106893724,CCCCCCCCC/C=C\CCCCCCCC(=O)OC(C/C=C\CCCCCCCCOC(=O)CCN(CCCN(C)C)CCC(=O)OCCCCCCCC/C=C\CC(CCCCCC)OC(=O)CCCCCCC/C=C\CCCCCCCCC)CCCCCC,JW_2024,JW_2024,1
-2.5821385,0.15343703,CCCCCCCCC/C=C\CCCCCCCC(=O)OC(C/C=C\CCCCCCCCOC(=O)CCN(CCCN(C)C)CCC(=O)OCCCCCCCC/C=C\CC(CCCCCC)OC(=O)CCCCCCC/C=C\CCCCCCCCC)CCCCCC,JW_2024,JW_2024,1
-2.72094,-0.404245187,CCCCCCCCC/C=C\CCCCCCCC(=O)OC(C/C=C\CCCCCCCCOC(=O)CCN(CCCN(C)C)CCC(=O)OCCCCCCCC/C=C\CC(CCCCCC)OC(=O)CCCCCCC/C=C\CCCCCCCCC)CCCCCC,JW_2024,JW_2024,0
-3.6111019,-0.080429706,CCCCCCCCC/C=C\CCCCCCCC(=O)OC(C/C=C\CCCCCCCCOC(=O)CCN(CCCN(C)C)CCC(=O)OCCCCCCCC/C=C\CC(CCCCCC)OC(=O)CCCCCCC/C=C\CCCCCCCCC)CCCCCC,JW_2024,JW_2024,0
-3.3118699,-0.071434831,CCCCCCCCC/C=C\CCCCCCCC(=O)OC(C/C=C\CCCCCCCCOC(=O)CCN(CCCN(C)C)CCC(=O)OCCCCCCCC/C=C\CC(CCCCCC)OC(=O)CCCCCCC/C=C\CCCCCCCCC)CCCCCC,JW_2024,JW_2024,0
-3.2666476,-0.755045291,CCCCCCCCC/C=C\CCCCCCCC(=O)OC(C/C=C\CCCCCCCCOC(=O)CCN(CCCN(C)C)CCC(=O)OCCCCCCCC/C=C\CC(CCCCCC)OC(=O)CCCCCCC/C=C\CCCCCCCCC)CCCCCC,JW_2024,JW_2024,0
-3.2037227,1.142873222,CCCCCCCCC/C=C\CCCCCCCC(=O)OC(C/C=C\CCCCCCCCOC(=O)CCN(CCCN(C)C)CCC(=O)OCCCCCCCC/C=C\CC(CCCCCC)OC(=O)CCCCCCC/C=C\CCCCCCCCC)CCCCCC,JW_2024,JW_2024,1
-3.1850224,1.070914226,CCCCCCCCC/C=C\CCCCCCCC(=O)OC(C/C=C\CCCCCCCCOC(=O)CCN(CCCN(C)C)CCC(=O)OCCCCCCCC/C=C\CC(CCCCCC)OC(=O)CCCCCCC/C=C\CCCCCCCCC)CCCCCC,JW_2024,JW_2024,1
-3.8447886,0.783078243,CCCCCCCCC/C=C\CCCCCCCC(=O)OC(C/C=C\CCCCCCCCOC(=O)CCN(CCCN(C)C)CCC(=O)OCCCCCCCC/C=C\CC(CCCCCC)OC(=O)CCCCCCC/C=C\CCCCCCCCC)CCCCCC,JW_2024,JW_2024,1
-3.0899427,1.403724582,CCCCCCCCC/C=C\CCCCCCCC(=O)OC(C/C=C\CCCCCCCCOC(=O)CCN(CCCN(C)C)CCC(=O)OCCCCCCCC/C=C\CC(CCCCCC)OC(=O)CCCCCCC/C=C\CCCCCCCCC)CCCCCC,JW_2024,JW_2024,2
-3.5481641,1.421714331,CCCCCCCCC/C=C\CCCCCCCC(=O)OC(C/C=C\CCCCCCCCOC(=O)CCN(CCCN(C)C)CCC(=O)OCCCCCCCC/C=C\CC(CCCCCC)OC(=O)CCCCCCC/C=C\CCCCCCCCC)CCCCCC,JW_2024,JW_2024,2
-2.9280078,1.313775837,CCCCCCCCC/C=C\CCCCCCCC(=O)OC(C/C=C\CCCCCCCCOC(=O)CCN(CCCN(C)C)CCC(=O)OCCCCCCCC/C=C\CC(CCCCCC)OC(=O)CCCCCCC/C=C\CCCCCCCCC)CCCCCC,JW_2024,JW_2024,1
-3.1593838,1.493673326,CCCCCCCCC/C=C\CCCCCCCC(=O)OC(C/C=C\CCCCCCCCOC(=O)CCN(CCCN(C)C)CCC(=O)OCCCCCCCC/C=C\CC(CCCCCC)OC(=O)CCCCCCC/C=C\CCCCCCCCC)CCCCCC,JW_2024,JW_2024,2
-3.9061341,1.232821967,CCCCCCCCC/C=C\CCCCCCCC(=O)OC(C/C=C\CCCCCCCCOC(=O)CCN(CCCN(C)C)CCC(=O)OCCCCCCCC/C=C\CC(CCCCCC)OC(=O)CCCCCCC/C=C\CCCCCCCCC)CCCCCC,JW_2024,JW_2024,1
-4.3904495,-0.485199057,CCCCC/C=C\C/C=C\CCCCCCCC(=O)OC(C/C=C\CCCCCCCCOC(=O)CCN(CCCN(C)C)CCC(=O)OCCCCCCCC/C=C\CC(CCCCCC)OC(=O)CCCCCCC/C=C\C/C=C\CCCCC)CCCCCC,JW_2024,JW_2024,0
-3.651506,-0.93494278,CCCCC/C=C\C/C=C\CCCCCCCC(=O)OC(C/C=C\CCCCCCCCOC(=O)CCN(CCCN(C)C)CCC(=O)OCCCCCCCC/C=C\CC(CCCCCC)OC(=O)CCCCCCC/C=C\C/C=C\CCCCC)CCCCCC,JW_2024,JW_2024,0
-3.4684305,0.612175628,CCCCC/C=C\C/C=C\CCCCCCCC(=O)OC(C/C=C\CCCCCCCCOC(=O)CCN(CCCN(C)C)CCC(=O)OCCCCCCCC/C=C\CC(CCCCCC)OC(=O)CCCCCCC/C=C\C/C=C\CCCCC)CCCCCC,JW_2024,JW_2024,1
-3.5829973,-0.062439957,CCCCC/C=C\C/C=C\CCCCCCCC(=O)OC(C/C=C\CCCCCCCCOC(=O)CCN(CCCN(C)C)CCC(=O)OCCCCCCCC/C=C\CC(CCCCCC)OC(=O)CCCCCCC/C=C\C/C=C\CCCCC)CCCCCC,JW_2024,JW_2024,0
-3.0262825,0.801067992,CCCCC/C=C\C/C=C\CCCCCCCC(=O)OC(C/C=C\CCCCCCCCOC(=O)CCN(CCCN(C)C)CCC(=O)OCCCCCCCC/C=C\CC(CCCCCC)OC(=O)CCCCCCC/C=C\C/C=C\CCCCC)CCCCCC,JW_2024,JW_2024,1
-3.536751,-0.206357948,CCCCC/C=C\C/C=C\CCCCCCCC(=O)OC(C/C=C\CCCCCCCCOC(=O)CCN(CCCN(C)C)CCC(=O)OCCCCCCCC/C=C\CC(CCCCCC)OC(=O)CCCCCCC/C=C\C/C=C\CCCCC)CCCCCC,JW_2024,JW_2024,0
-3.4706464,-0.062439957,CCCCC/C=C\C/C=C\CCCCCCCC(=O)OC(C/C=C\CCCCCCCCOC(=O)CCN(CCCN(C)C)CCC(=O)OCCCCCCCC/C=C\CC(CCCCCC)OC(=O)CCCCCCC/C=C\C/C=C\CCCCC)CCCCCC,JW_2024,JW_2024,0
-4.7191634,-0.386255438,CCCCC/C=C\C/C=C\CCCCCCCC(=O)OC(C/C=C\CCCCCCCCOC(=O)CCN(CCCN(C)C)CCC(=O)OCCCCCCCC/C=C\CC(CCCCCC)OC(=O)CCCCCCC/C=C\C/C=C\CCCCC)CCCCCC,JW_2024,JW_2024,0
-3.5747478,-0.116409204,CCCCC/C=C\C/C=C\CCCCCCCC(=O)OC(C/C=C\CCCCCCCCOC(=O)CCN(CCCN(C)C)CCC(=O)OCCCCCCCC/C=C\CC(CCCCCC)OC(=O)CCCCCCC/C=C\C/C=C\CCCCC)CCCCCC,JW_2024,JW_2024,0
-3.7854733,1.124883473,CCCCC/C=C\C/C=C\CCCCCCCC(=O)OC(C/C=C\CCCCCCCCOC(=O)CCN(CCCN(C)C)CCC(=O)OCCCCCCCC/C=C\CC(CCCCCC)OC(=O)CCCCCCC/C=C\C/C=C\CCCCC)CCCCCC,JW_2024,JW_2024,1
-3.389283,0.900011611,CCCCC/C=C\C/C=C\CCCCCCCC(=O)OC(C/C=C\CCCCCCCCOC(=O)CCN(CCCN(C)C)CCC(=O)OCCCCCCCC/C=C\CC(CCCCCC)OC(=O)CCCCCCC/C=C\C/C=C\CCCCC)CCCCCC,JW_2024,JW_2024,1
-4.9853826,0.828052616,CCCCC/C=C\C/C=C\CCCCCCCC(=O)OC(C/C=C\CCCCCCCCOC(=O)CCN(CCCN(C)C)CCC(=O)OCCCCCCCC/C=C\CC(CCCCCC)OC(=O)CCCCCCC/C=C\C/C=C\CCCCC)CCCCCC,JW_2024,JW_2024,1
-3.2542784,1.781509309,CCCCC/C=C\C/C=C\CCCCCCCC(=O)OC(C/C=C\CCCCCCCCOC(=O)CCN(CCCN(C)C)CCC(=O)OCCCCCCCC/C=C\CC(CCCCCC)OC(=O)CCCCCCC/C=C\C/C=C\CCCCC)CCCCCC,JW_2024,JW_2024,2
-4.008976,1.295786088,CCCCC/C=C\C/C=C\CCCCCCCC(=O)OC(C/C=C\CCCCCCCCOC(=O)CCN(CCCN(C)C)CCC(=O)OCCCCCCCC/C=C\CC(CCCCCC)OC(=O)CCCCCCC/C=C\C/C=C\CCCCC)CCCCCC,JW_2024,JW_2024,1
-3.1550345,1.547642573,CCCCC/C=C\C/C=C\CCCCCCCC(=O)OC(C/C=C\CCCCCCCCOC(=O)CCN(CCCN(C)C)CCC(=O)OCCCCCCCC/C=C\CC(CCCCCC)OC(=O)CCCCCCC/C=C\C/C=C\CCCCC)CCCCCC,JW_2024,JW_2024,2
-3.5967126,1.52065795,CCCCC/C=C\C/C=C\CCCCCCCC(=O)OC(C/C=C\CCCCCCCCOC(=O)CCN(CCCN(C)C)CCC(=O)OCCCCCCCC/C=C\CC(CCCCCC)OC(=O)CCCCCCC/C=C\C/C=C\CCCCC)CCCCCC,JW_2024,JW_2024,2
-4.1363754,0.720114122,CCCCC/C=C\C/C=C\CCCCCCCC(=O)OC(C/C=C\CCCCCCCCOC(=O)CCN(CCCN(C)C)CCC(=O)OCCCCCCCC/C=C\CC(CCCCCC)OC(=O)CCCCCCC/C=C\C/C=C\CCCCC)CCCCCC,JW_2024,JW_2024,1
-5.897463,-0.988912027,CCCCCCCC/C=C\CCCCCCCC(=O)OC(C/C=C\CCCCCCCCOC(=O)CCN(CCCN(CCCC)CCCC)CCC(=O)OCCCCCCCC/C=C\CC(CCCCCC)OC(=O)CCCCCCC/C=C\CCCCCCCC)CCCCCC,JW_2024,JW_2024,0
-5.3597045,-2.185230332,CCCCCCCC/C=C\CCCCCCCC(=O)OC(C/C=C\CCCCCCCCOC(=O)CCN(CCCN(CCCC)CCCC)CCC(=O)OCCCCCCCC/C=C\CC(CCCCCC)OC(=O)CCCCCCC/C=C\CCCCCCCC)CCCCCC,JW_2024,JW_2024,0
-4.9566116,-0.494193931,CCCCCCCC/C=C\CCCCCCCC(=O)OC(C/C=C\CCCCCCCCOC(=O)CCN(CCCN(CCCC)CCCC)CCC(=O)OCCCCCCCC/C=C\CC(CCCCCC)OC(=O)CCCCCCC/C=C\CCCCCCCC)CCCCCC,JW_2024,JW_2024,0
-4.9182167,-1.429660876,CCCCCCCC/C=C\CCCCCCCC(=O)OC(C/C=C\CCCCCCCCOC(=O)CCN(CCCN(CCCC)CCCC)CCC(=O)OCCCCCCCC/C=C\CC(CCCCCC)OC(=O)CCCCCCC/C=C\CCCCCCCC)CCCCCC,JW_2024,JW_2024,0
-3.6941063,-0.602132425,CCCCCCCC/C=C\CCCCCCCC(=O)OC(C/C=C\CCCCCCCCOC(=O)CCN(CCCN(CCCC)CCCC)CCC(=O)OCCCCCCCC/C=C\CC(CCCCCC)OC(=O)CCCCCCC/C=C\CCCCCCCC)CCCCCC,JW_2024,JW_2024,0
-4.828205,-1.384686504,CCCCCCCC/C=C\CCCCCCCC(=O)OC(C/C=C\CCCCCCCCOC(=O)CCN(CCCN(CCCC)CCCC)CCC(=O)OCCCCCCCC/C=C\CC(CCCCCC)OC(=O)CCCCCCC/C=C\CCCCCCCC)CCCCCC,JW_2024,JW_2024,0
-5.0025826,-0.943937655,CCCCCCCC/C=C\CCCCCCCC(=O)OC(C/C=C\CCCCCCCCOC(=O)CCN(CCCN(CCCC)CCCC)CCC(=O)OCCCCCCCC/C=C\CC(CCCCCC)OC(=O)CCCCCCC/C=C\CCCCCCCC)CCCCCC,JW_2024,JW_2024,0
-3.6420488,-0.737055542,CCCCCCCC/C=C\CCCCCCCC(=O)OC(C/C=C\CCCCCCCCOC(=O)CCN(CCCN(CCCC)CCCC)CCC(=O)OCCCCCCCC/C=C\CC(CCCCCC)OC(=O)CCCCCCC/C=C\CCCCCCCC)CCCCCC,JW_2024,JW_2024,0
-5.42379,-0.800019663,CCCCCCCC/C=C\CCCCCCCC(=O)OC(C/C=C\CCCCCCCCOC(=O)CCN(CCCN(CCCC)CCCC)CCC(=O)OCCCCCCCC/C=C\CC(CCCCCC)OC(=O)CCCCCCC/C=C\CCCCCCCC)CCCCCC,JW_2024,JW_2024,0
-4.5536537,-0.835999161,CCCCCCCC/C=C\CCCCCCCC(=O)OC(C/C=C\CCCCCCCCOC(=O)CCN(CCCN(CCCC)CCCC)CCC(=O)OCCCCCCCC/C=C\CC(CCCCCC)OC(=O)CCCCCCC/C=C\CCCCCCCC)CCCCCC,JW_2024,JW_2024,0
-5.939831,-0.107414329,CCCCCCCC/C=C\CCCCCCCC(=O)OC(C/C=C\CCCCCCCCOC(=O)CCN(CCCN(CCCC)CCCC)CCC(=O)OCCCCCCCC/C=C\CC(CCCCCC)OC(=O)CCCCCCC/C=C\CCCCCCCC)CCCCCC,JW_2024,JW_2024,0
-4.5308776,0.25238065,CCCCCCCC/C=C\CCCCCCCC(=O)OC(C/C=C\CCCCCCCCOC(=O)CCN(CCCN(CCCC)CCCC)CCC(=O)OCCCCCCCC/C=C\CC(CCCCCC)OC(=O)CCCCCCC/C=C\CCCCCCCC)CCCCCC,JW_2024,JW_2024,1
-3.9070995,-0.206357948,CCCCCCCC/C=C\CCCCCCCC(=O)OC(C/C=C\CCCCCCCCOC(=O)CCN(CCCN(CCCC)CCCC)CCC(=O)OCCCCCCCC/C=C\CC(CCCCCC)OC(=O)CCCCCCC/C=C\CCCCCCCC)CCCCCC,JW_2024,JW_2024,0
-4.4978385,-0.206357948,CCCCCCCC/C=C\CCCCCCCC(=O)OC(C/C=C\CCCCCCCCOC(=O)CCN(CCCN(CCCC)CCCC)CCC(=O)OCCCCCCCC/C=C\CC(CCCCCC)OC(=O)CCCCCCC/C=C\CCCCCCCC)CCCCCC,JW_2024,JW_2024,0
-4.6602015,-0.638111923,CCCCCCCC/C=C\CCCCCCCC(=O)OC(C/C=C\CCCCCCCCOC(=O)CCN(CCCN(CCCC)CCCC)CCC(=O)OCCCCCCCC/C=C\CC(CCCCCC)OC(=O)CCCCCCC/C=C\CCCCCCCC)CCCCCC,JW_2024,JW_2024,0
-5.2060375,-0.557158053,CCCCCCCC/C=C\CCCCCCCC(=O)OC(C/C=C\CCCCCCCCOC(=O)CCN(CCCN(CCCC)CCCC)CCC(=O)OCCCCCCCC/C=C\CC(CCCCCC)OC(=O)CCCCCCC/C=C\CCCCCCCC)CCCCCC,JW_2024,JW_2024,0
-6.1997237,-0.593137551,CCCCC/C=C\C/C=C\CCCCCCCC(=O)OC(C/C=C\CCCCCCCCOC(=O)CCN(CCCN(CCCC)CCCC)CCC(=O)OCCCCCCCC/C=C\CC(CCCCCC)OC(=O)CCCCCCC/C=C\C/C=C\CCCCC)CCCCCC,JW_2024,JW_2024,0
-5.6156397,-2.311158574,CCCCC/C=C\C/C=C\CCCCCCCC(=O)OC(C/C=C\CCCCCCCCOC(=O)CCN(CCCN(CCCC)CCCC)CCC(=O)OCCCCCCCC/C=C\CC(CCCCCC)OC(=O)CCCCCCC/C=C\C/C=C\CCCCC)CCCCCC,JW_2024,JW_2024,0
-5.3488803,-0.233342572,CCCCC/C=C\C/C=C\CCCCCCCC(=O)OC(C/C=C\CCCCCCCCOC(=O)CCN(CCCN(CCCC)CCCC)CCC(=O)OCCCCCCCC/C=C\CC(CCCCCC)OC(=O)CCCCCCC/C=C\C/C=C\CCCCC)CCCCCC,JW_2024,JW_2024,0
-5.1305366,-0.647106797,CCCCC/C=C\C/C=C\CCCCCCCC(=O)OC(C/C=C\CCCCCCCCOC(=O)CCN(CCCN(CCCC)CCCC)CCC(=O)OCCCCCCCC/C=C\CC(CCCCCC)OC(=O)CCCCCCC/C=C\C/C=C\CCCCC)CCCCCC,JW_2024,JW_2024,0
-4.2563963,-0.044450208,CCCCC/C=C\C/C=C\CCCCCCCC(=O)OC(C/C=C\CCCCCCCCOC(=O)CCN(CCCN(CCCC)CCCC)CCC(=O)OCCCCCCCC/C=C\CC(CCCCCC)OC(=O)CCCCCCC/C=C\C/C=C\CCCCC)CCCCCC,JW_2024,JW_2024,0
-5.052213,-1.591568617,CCCCC/C=C\C/C=C\CCCCCCCC(=O)OC(C/C=C\CCCCCCCCOC(=O)CCN(CCCN(CCCC)CCCC)CCC(=O)OCCCCCCCC/C=C\CC(CCCCCC)OC(=O)CCCCCCC/C=C\C/C=C\CCCCC)CCCCCC,JW_2024,JW_2024,0
-5.1431737,-2.536030436,CCCCC/C=C\C/C=C\CCCCCCCC(=O)OC(C/C=C\CCCCCCCCOC(=O)CCN(CCCN(CCCC)CCCC)CCC(=O)OCCCCCCCC/C=C\CC(CCCCCC)OC(=O)CCCCCCC/C=C\C/C=C\CCCCC)CCCCCC,JW_2024,JW_2024,0
-4.2126303,-0.215352823,CCCCC/C=C\C/C=C\CCCCCCCC(=O)OC(C/C=C\CCCCCCCCOC(=O)CCN(CCCN(CCCC)CCCC)CCC(=O)OCCCCCCCC/C=C\CC(CCCCCC)OC(=O)CCCCCCC/C=C\C/C=C\CCCCC)CCCCCC,JW_2024,JW_2024,0
-5.747784,-0.85398891,CCCCC/C=C\C/C=C\CCCCCCCC(=O)OC(C/C=C\CCCCCCCCOC(=O)CCN(CCCN(CCCC)CCCC)CCC(=O)OCCCCCCCC/C=C\CC(CCCCCC)OC(=O)CCCCCCC/C=C\C/C=C\CCCCC)CCCCCC,JW_2024,JW_2024,0
-4.849486,0.477252511,CCCCC/C=C\C/C=C\CCCCCCCC(=O)OC(C/C=C\CCCCCCCCOC(=O)CCN(CCCN(CCCC)CCCC)CCC(=O)OCCCCCCCC/C=C\CC(CCCCCC)OC(=O)CCCCCCC/C=C\C/C=C\CCCCC)CCCCCC,JW_2024,JW_2024,1
-6.074064,-0.701076044,CCCCC/C=C\C/C=C\CCCCCCCC(=O)OC(C/C=C\CCCCCCCCOC(=O)CCN(CCCN(CCCC)CCCC)CCC(=O)OCCCCCCCC/C=C\CC(CCCCCC)OC(=O)CCCCCCC/C=C\C/C=C\CCCCC)CCCCCC,JW_2024,JW_2024,0
-4.62805,0.441273013,CCCCC/C=C\C/C=C\CCCCCCCC(=O)OC(C/C=C\CCCCCCCCOC(=O)CCN(CCCN(CCCC)CCCC)CCC(=O)OCCCCCCCC/C=C\CC(CCCCCC)OC(=O)CCCCCCC/C=C\C/C=C\CCCCC)CCCCCC,JW_2024,JW_2024,1
-4.501134,-0.206357948,CCCCC/C=C\C/C=C\CCCCCCCC(=O)OC(C/C=C\CCCCCCCCOC(=O)CCN(CCCN(CCCC)CCCC)CCC(=O)OCCCCCCCC/C=C\CC(CCCCCC)OC(=O)CCCCCCC/C=C\C/C=C\CCCCC)CCCCCC,JW_2024,JW_2024,0
-4.9674783,-0.503188806,CCCCC/C=C\C/C=C\CCCCCCCC(=O)OC(C/C=C\CCCCCCCCOC(=O)CCN(CCCN(CCCC)CCCC)CCC(=O)OCCCCCCCC/C=C\CC(CCCCCC)OC(=O)CCCCCCC/C=C\C/C=C\CCCCC)CCCCCC,JW_2024,JW_2024,0
-5.226361,-0.701076044,CCCCC/C=C\C/C=C\CCCCCCCC(=O)OC(C/C=C\CCCCCCCCOC(=O)CCN(CCCN(CCCC)CCCC)CCC(=O)OCCCCCCCC/C=C\CC(CCCCCC)OC(=O)CCCCCCC/C=C\C/C=C\CCCCC)CCCCCC,JW_2024,JW_2024,0
-5.2124624,-0.458214434,CCCCC/C=C\C/C=C\CCCCCCCC(=O)OC(C/C=C\CCCCCCCCOC(=O)CCN(CCCN(CCCC)CCCC)CCC(=O)OCCCCCCCC/C=C\CC(CCCCCC)OC(=O)CCCCCCC/C=C\C/C=C\CCCCC)CCCCCC,JW_2024,JW_2024,0
-1.6357733,0.225396026,CCCCCCCC/C=C\CCCCCCCCCCCC(=O)OC(C/C=C\CCCCCCCCOC(=O)CCN(CCCN(CC)CC)CCC(=O)OCCCCCCCC/C=C\CC(CCCCCC)OC(=O)CCCCCCCCCCC/C=C\CCCCCCCC)CCCCCC,JW_2024,JW_2024,1
-1.236,0.846042365,CCCCCCCC/C=C\CCCCCCCCCCCC(=O)OC(C/C=C\CCCCCCCCOC(=O)CCN(CCCN(CC)CC)CCC(=O)OCCCCCCCC/C=C\CC(CCCCCC)OC(=O)CCCCCCCCCCC/C=C\CCCCCCCC)CCCCCC,JW_2024,JW_2024,1
-5.855438,1.214832218,CCCCC/C=C\CCC(=O)OC(C/C=C\CCCCCCCCOC(=O)CCN(C)CCO)CCCCCC,JW_2024,JW_2024,1
-7.503485,0.459262762,CCCCC/C=C\CCC(=O)OC(C/C=C\CCCCCCCCOC(=O)CCN(C)CCO)CCCCCC,JW_2024,JW_2024,1
-2.5531573,0.25238065,CCCCCC/C=C\CCCCCCCC(=O)OC(C/C=C\CCCCCCCCOC(=O)CCN(CCCN(CC)CC)CCC(=O)OCCCCCCCC/C=C\CC(CCCCCC)OC(=O)CCCCCCC/C=C\CCCCCCC)CCCCCC,JW_2024,JW_2024,1
-3.7467976,0.585191005,CCCCCC/C=C\CCCCCCCC(=O)OC(C/C=C\CCCCCCCCOC(=O)CCN(CCCN(CC)CC)CCC(=O)OCCCCCCCC/C=C\CC(CCCCCC)OC(=O)CCCCCCC/C=C\CCCCCCC)CCCCCC,JW_2024,JW_2024,1
-3.7283819,0.944985984,CCCCCC/C=C\CCCCCCCC(=O)OC(C/C=C\CCCCCCCCOC(=O)CCN(CCCN(C)C)CCC(=O)OCCCCCCCC/C=C\CC(CCCCCC)OC(=O)CCCCCCC/C=C\CCCCCCC)CCCCCC,JW_2024,JW_2024,1
-4.694185,0.540216633,CCCCCC/C=C\CCCCCCCC(=O)OC(C/C=C\CCCCCCCCOC(=O)CCN(CCCN(C)C)CCC(=O)OCCCCCCCC/C=C\CC(CCCCCC)OC(=O)CCCCCCC/C=C\CCCCCCC)CCCCCC,JW_2024,JW_2024,1
-2.2007008,0.234390901,CCCCCCCC/C=C\CCCCCCCCCC(=O)OC(C/C=C\CCCCCCCCOC(=O)CCN(CCCN(CC)CC)CCC(=O)OCCCCCCCC/C=C\CC(CCCCCC)OC(=O)CCCCCCCCC/C=C\CCCCCCCC)CCCCCC,JW_2024,JW_2024,1
-3.123344,0.423283264,CCCCCCCC/C=C\CCCCCCCCCC(=O)OC(C/C=C\CCCCCCCCOC(=O)CCN(CCCN(CC)CC)CCC(=O)OCCCCCCCC/C=C\CC(CCCCCC)OC(=O)CCCCCCCCC/C=C\CCCCCCCC)CCCCCC,JW_2024,JW_2024,1
-3.6403031,1.376739958,CCCCCCCC/C=C\CCCCCCCCCC(=O)OC(C/C=C\CCCCCCCCOC(=O)CCN(CCCN(C)C)CCC(=O)OCCCCCCCC/C=C\CC(CCCCCC)OC(=O)CCCCCCCCC/C=C\CCCCCCCC)CCCCCC,JW_2024,JW_2024,2
-4.458401,0.711119248,CCCCCCCC/C=C\CCCCCCCCCC(=O)OC(C/C=C\CCCCCCCCOC(=O)CCN(CCCN(C)C)CCC(=O)OCCCCCCCC/C=C\CC(CCCCCC)OC(=O)CCCCCCCCC/C=C\CCCCCCCC)CCCCCC,JW_2024,JW_2024,1
-2.8359063,0.49524226,CCCC/C=C\CCCCCCCCC(=O)OC(C/C=C\CCCCCCCCOC(=O)CCN(CCCN(CC)CC)CCC(=O)OCCCCCCCC/C=C\CC(CCCCCC)OC(=O)CCCCCCCC/C=C\CCCC)CCCCCC,JW_2024,JW_2024,1
-4.1080422,0.621170503,CCCC/C=C\CCCCCCCCC(=O)OC(C/C=C\CCCCCCCCOC(=O)CCN(CCCN(CC)CC)CCC(=O)OCCCCCCCC/C=C\CC(CCCCCC)OC(=O)CCCCCCCC/C=C\CCCC)CCCCCC,JW_2024,JW_2024,1
-1.628633,-0.483910812,CCCCCCCC/C=C\CCCCCCCC(=O)OCCCCCC(O)C(CCCCOC(=O)CCCCCCC/C=C\CCCCCCCC)CN1CCN(C)CC1,JW_2024,JW_2024,0
-1.1405708,0.969575679,CCCCCCCC/C=C\CCCCCCCC(=O)OCCCCCC(O)C(CCCCOC(=O)CCCCCCC/C=C\CCCCCCCC)CN1CCN(C)CC1,JW_2024,JW_2024,1
-3.812725,0.283660706,CCCCCCCC/C=C\CCCCCCCC(=O)OCCCCCC(O)C(CCCCOC(=O)CCCCCCC/C=C\CCCCCCCC)CN1CCN(C)CC1,JW_2024,JW_2024,1
-1.1338282,-0.394088613,CCCCCCCC/C=C\CCCCCCCC(=O)OCCCCCC(O)C(CCCCOC(=O)CCCCCCC/C=C\CCCCCCCC)CN1CCN(C)CC1,JW_2024,JW_2024,0
-2.0217698,-0.581898665,CCCCCCCC/C=C\CCCCCCCC(=O)OCCCCCC(O)C(CCCCOC(=O)CCCCCCC/C=C\CCCCCCCC)CN1CCN(C)CC1,JW_2024,JW_2024,0
-2.8164008,-0.704383482,CCCCCCCC/C=C\CCCCCCCC(=O)OCCCCCC(O)C(CCCCOC(=O)CCCCCCC/C=C\CCCCCCCC)CN1CCN(C)CC1,JW_2024,JW_2024,0
-3.4012,0.406145522,CCCCCCCC/C=C\CCCCCCCC(=O)OCCCCCC(O)C(CCCCOC(=O)CCCCCCC/C=C\CCCCCCCC)CN1CCN(C)CC1,JW_2024,JW_2024,1
-1.95575,0.161175889,CCCCCCCC/C=C\CCCCCCCC(=O)OCCCCCC(O)C(CCCCOC(=O)CCCCCCC/C=C\CCCCCCCC)CN1CCN(C)CC1,JW_2024,JW_2024,1
-1.9922608,1.39418971,CCCCCCCC/C=C\CCCCCCCC(=O)OCCCCCC(O)C(CCCCOC(=O)CCCCCCC/C=C\CCCCCCCC)CN1CCN(C)CC1,JW_2024,JW_2024,2
-1.7053022,-0.59006432,CCCCCCCC/C=C\CCCCCCCC(=O)OCCCCCC(O)C(CCCCOC(=O)CCCCCCC/C=C\CCCCCCCC)CN1CCN(C)CC1,JW_2024,JW_2024,0
-3.2927666,1.157385731,CCCCCCCC/C=C\CCCCCCCC(=O)OCCCCCC(O)C(CCCCOC(=O)CCCCCCC/C=C\CCCCCCCC)CN1CCN(C)CC1,JW_2024,JW_2024,1
-1.5161334,0.185672852,CCCCCCCC/C=C\CCCCCCCC(=O)OCCCCCC(O)C(CCCCOC(=O)CCCCCCC/C=C\CCCCCCCC)CN1CCN(C)CC1,JW_2024,JW_2024,1
-1.8585469,0.07135369,CCCCCCCC/C=C\CCCCCCCC(=O)OCCCCCC(O)C(CCCCOC(=O)CCCCCCC/C=C\CCCCCCCC)CN1CCN(C)CC1,JW_2024,JW_2024,1
-2.0056806,0.242832433,CCCCCCCC/C=C\CCCCCCCC(=O)OCCCCCC(O)C(CCCCOC(=O)CCCCCCC/C=C\CCCCCCCC)CN1CCN(C)CC1,JW_2024,JW_2024,1
-1.9341247,0.716440391,CCCCCCCC/C=C\CCCCCCCC(=O)OCCCCCC(O)C(CCCCOC(=O)CCCCCCC/C=C\CCCCCCCC)CN1CCN(C)CC1,JW_2024,JW_2024,1
-3.956833,1.02673526,CCCCCCCC/C=C\CCCCCCCC(=O)OCCCCCC(O)C(CCCCOC(=O)CCCCCCC/C=C\CCCCCCCC)CN1CCN(C)CC1,JW_2024,JW_2024,1
-2.7552512,0.58578992,CCCCCCCC/C=C\CCCCCCCC(=O)OCCCCCC(O)C(CCCCOC(=O)CCCCCCC/C=C\CCCCCCCC)CN1CCN(C)CC1,JW_2024,JW_2024,1
-3.1863987,0.855256517,CCCCCCCC/C=C\CCCCCCCC(=O)OCCCCCC(O)C(CCCCOC(=O)CCCCCCC/C=C\CCCCCCCC)CN1CCN(C)CC1,JW_2024,JW_2024,1
-1.2830166,0.863422171,CCCCCCCC/C=C\CCCCCCCC(=O)OCCCCCC(O)C(CCCCOC(=O)CCCCCCC/C=C\CCCCCCCC)CN1CCN(C)CC1,JW_2024,JW_2024,1
-1.5954928,-0.034799818,CCCCCCCC/C=C\CCCCCCCC(=O)OCCCCCC(O)C(CCCCOC(=O)CCCCCCC/C=C\CCCCCCCC)CN1CCN(C)CC1,JW_2024,JW_2024,0
-2.8339646,1.647324998,CCCCCCCC/C=C\CCCCCCCC(=O)OCCCCCC(O)C(CCCCOC(=O)CCCCCCC/C=C\CCCCCCCC)CN1CCN(C)CC1,JW_2024,JW_2024,2
-4.631411,-0.892193534,CCCCCCCC/C=C\CCCCCCCC(=O)OCCCCCC(O)C(CCCCOC(=O)CCCCCCC/C=C\CCCCCCCC)CN(C)CCCn1cccn1,JW_2024,JW_2024,0
-4.020115,0.324488978,CCCCCCCC/C=C\CCCCCCCC(=O)OCCCCCC(O)C(CCCCOC(=O)CCCCCCC/C=C\CCCCCCCC)CN(C)CCCn1cccn1,JW_2024,JW_2024,1
-6.15142,0.046856727,CCCCCCCC/C=C\CCCCCCCC(=O)OCCCCCC(O)C(CCCCOC(=O)CCCCCCC/C=C\CCCCCCCC)CN(C)CCCn1cccn1,JW_2024,JW_2024,1
-3.4543762,-0.728880445,CCCCCCCC/C=C\CCCCCCCC(=O)OCCCCCC(O)C(CCCCOC(=O)CCCCCCC/C=C\CCCCCCCC)CN(C)CCCn1cccn1,JW_2024,JW_2024,0
-3.997318,-0.900359189,CCCCCCCC/C=C\CCCCCCCC(=O)OCCCCCC(O)C(CCCCOC(=O)CCCCCCC/C=C\CCCCCCCC)CN(C)CCCn1cccn1,JW_2024,JW_2024,0
-5.6079497,-1.014678351,CCCCCCCC/C=C\CCCCCCCC(=O)OCCCCCC(O)C(CCCCOC(=O)CCCCCCC/C=C\CCCCCCCC)CN(C)CCCn1cccn1,JW_2024,JW_2024,0
-5.282897,0.340820287,CCCCCCCC/C=C\CCCCCCCC(=O)OCCCCCC(O)C(CCCCOC(=O)CCCCCCC/C=C\CCCCCCCC)CN(C)CCCn1cccn1,JW_2024,JW_2024,1
-4.798023,-1.365801492,CCCCCCCC/C=C\CCCCCCCC(=O)OCCCCCC(O)C(CCCCOC(=O)CCCCCCC/C=C\CCCCCCCC)CN(C)CCCn1cccn1,JW_2024,JW_2024,0
-4.7435856,1.32069882,CCCCCCCC/C=C\CCCCCCCC(=O)OCCCCCC(O)C(CCCCOC(=O)CCCCCCC/C=C\CCCCCCCC)CN(C)CCCn1cccn1,JW_2024,JW_2024,2
-4.536253,0.185672852,CCCCCCCC/C=C\CCCCCCCC(=O)OCCCCCC(O)C(CCCCOC(=O)CCCCCCC/C=C\CCCCCCCC)CN(C)CCCn1cccn1,JW_2024,JW_2024,1
-5.7315435,0.994072642,CCCCCCCC/C=C\CCCCCCCC(=O)OCCCCCC(O)C(CCCCOC(=O)CCCCCCC/C=C\CCCCCCCC)CN(C)CCCn1cccn1,JW_2024,JW_2024,1
-4.4308624,0.120347617,CCCCCCCC/C=C\CCCCCCCC(=O)OCCCCCC(O)C(CCCCOC(=O)CCCCCCC/C=C\CCCCCCCC)CN(C)CCCn1cccn1,JW_2024,JW_2024,1
-4.5340633,-1.308641911,CCCCCCCC/C=C\CCCCCCCC(=O)OCCCCCC(O)C(CCCCOC(=O)CCCCCCC/C=C\CCCCCCCC)CN(C)CCCn1cccn1,JW_2024,JW_2024,0
-6.4331527,-0.263438142,CCCCCCCC/C=C\CCCCCCCC(=O)OCCCCCC(O)C(CCCCOC(=O)CCCCCCC/C=C\CCCCCCCC)CN(C)CCCn1cccn1,JW_2024,JW_2024,0
-3.610244,0.724606046,CCCCCCCC/C=C\CCCCCCCC(=O)OCCCCCC(O)C(CCCCOC(=O)CCCCCCC/C=C\CCCCCCCC)CN(C)CCCn1cccn1,JW_2024,JW_2024,1
-4.725141,-0.549236048,CCCCCCCC/C=C\CCCCCCCC(=O)OCCCCCC(O)C(CCCCOC(=O)CCCCCCC/C=C\CCCCCCCC)CN(C)CCCn1cccn1,JW_2024,JW_2024,0
-4.7563004,0.504133376,CCCCCCCC/C=C\CCCCCCCC(=O)OCCCCCC(O)C(CCCCOC(=O)CCCCCCC/C=C\CCCCCCCC)CN(C)CCCn1cccn1,JW_2024,JW_2024,1
-3.8727393,-0.181781598,CCCCCCCC/C=C\CCCCCCCC(=O)OCCCCCC(O)C(CCCCOC(=O)CCCCCCC/C=C\CCCCCCCC)CN(C)CCCn1cccn1,JW_2024,JW_2024,0
-6.2375927,1.239042276,CCCCCCCC/C=C\CCCCCCCC(=O)OCCCCCC(O)C(CCCCOC(=O)CCCCCCC/C=C\CCCCCCCC)CN(C)CCCn1cccn1,JW_2024,JW_2024,1
-5.1119304,1.043066569,CCCCCCCC/C=C\CCCCCCCC(=O)OCCCCCC(O)C(CCCCOC(=O)CCCCCCC/C=C\CCCCCCCC)CN(C)CCCn1cccn1,JW_2024,JW_2024,1
-5.120659,0.700109082,CCCCCCCC/C=C\CCCCCCCC(=O)OCCCCCC(O)C(CCCCOC(=O)CCCCCCC/C=C\CCCCCCCC)CN(C)CCCn1cccn1,JW_2024,JW_2024,1
-3.5806286,0.863422171,CCCCCCCC/C=C\CCCCCCCC(=O)OCCCCCC(O)C(CCCCOC(=O)CCCCCCC/C=C\CCCCCCCC)CN(C)CCCn1cccn1,JW_2024,JW_2024,1
-4.0111175,-0.353260341,CCCCCCCC/C=C\CCCCCCCC(=O)OCCCCCC(O)C(CCCCOC(=O)CCCCCCC/C=C\CCCCCCCC)CN(C)CCCn1cccn1,JW_2024,JW_2024,0
-5.118656,1.165551386,CCCCCCCC/C=C\CCCCCCCC(=O)OCCCCCC(O)C(CCCCOC(=O)CCCCCCC/C=C\CCCCCCCC)CN(C)CCCn1cccn1,JW_2024,JW_2024,1
-4.8707304,-1.349470183,CCCCCCCC/C=C\CCCCCCCC(=O)OCCCCCC(O)C(CCCCOC(=O)CCCCCCC/C=C\CCCCCCCC)CN(C)Cc1cccnc1,JW_2024,JW_2024,0
-4.232657,-1.226985367,CCCCCCCC/C=C\CCCCCCCC(=O)OCCCCCC(O)C(CCCCOC(=O)CCCCCCC/C=C\CCCCCCCC)CN(C)Cc1cccnc1,JW_2024,JW_2024,0
-6.0992694,-1.349470183,CCCCCCCC/C=C\CCCCCCCC(=O)OCCCCCC(O)C(CCCCOC(=O)CCCCCCC/C=C\CCCCCCCC)CN(C)Cc1cccnc1,JW_2024,JW_2024,0
-4.4103374,-1.357635838,CCCCCCCC/C=C\CCCCCCCC(=O)OCCCCCC(O)C(CCCCOC(=O)CCCCCCC/C=C\CCCCCCCC)CN(C)Cc1cccnc1,JW_2024,JW_2024,0
-4.4883456,-1.814912487,CCCCCCCC/C=C\CCCCCCCC(=O)OCCCCCC(O)C(CCCCOC(=O)CCCCCCC/C=C\CCCCCCCC)CN(C)Cc1cccnc1,JW_2024,JW_2024,0
-5.4987254,-2.72130013,CCCCCCCC/C=C\CCCCCCCC(=O)OCCCCCC(O)C(CCCCOC(=O)CCCCCCC/C=C\CCCCCCCC)CN(C)Cc1cccnc1,JW_2024,JW_2024,0
-5.8123994,-0.214444216,CCCCCCCC/C=C\CCCCCCCC(=O)OCCCCCC(O)C(CCCCOC(=O)CCCCCCC/C=C\CCCCCCCC)CN(C)Cc1cccnc1,JW_2024,JW_2024,0
-4.9950967,-2.623312276,CCCCCCCC/C=C\CCCCCCCC(=O)OCCCCCC(O)C(CCCCOC(=O)CCCCCCC/C=C\CCCCCCCC)CN(C)Cc1cccnc1,JW_2024,JW_2024,0
-5.1914783,-1.202488403,CCCCCCCC/C=C\CCCCCCCC(=O)OCCCCCC(O)C(CCCCOC(=O)CCCCCCC/C=C\CCCCCCCC)CN(C)Cc1cccnc1,JW_2024,JW_2024,0
-4.428046,-1.226985367,CCCCCCCC/C=C\CCCCCCCC(=O)OCCCCCC(O)C(CCCCOC(=O)CCCCCCC/C=C\CCCCCCCC)CN(C)Cc1cccnc1,JW_2024,JW_2024,0
-5.6100473,-0.410419922,CCCCCCCC/C=C\CCCCCCCC(=O)OCCCCCC(O)C(CCCCOC(=O)CCCCCCC/C=C\CCCCCCCC)CN(C)Cc1cccnc1,JW_2024,JW_2024,0
-4.1953306,-1.235151021,CCCCCCCC/C=C\CCCCCCCC(=O)OCCCCCC(O)C(CCCCOC(=O)CCCCCCC/C=C\CCCCCCCC)CN(C)Cc1cccnc1,JW_2024,JW_2024,0
-4.4554896,-0.933021807,CCCCCCCC/C=C\CCCCCCCC(=O)OCCCCCC(O)C(CCCCOC(=O)CCCCCCC/C=C\CCCCCCCC)CN(C)Cc1cccnc1,JW_2024,JW_2024,0
-6.590154,-1.006512697,CCCCCCCC/C=C\CCCCCCCC(=O)OCCCCCC(O)C(CCCCOC(=O)CCCCCCC/C=C\CCCCCCCC)CN(C)Cc1cccnc1,JW_2024,JW_2024,0
-6.200299,-0.647223901,CCCCCCCCCCCCCCCC(=O)OCCCCCC(O)C(CCCCOC(=O)CCCCCCCCCCCCCCC)CN(C)CCCn1cccn1,JW_2024,JW_2024,0
-5.9080567,-0.394088613,CCCCCCCCCCCCCCCC(=O)OCCCCCC(O)C(CCCCOC(=O)CCCCCCCCCCCCCCC)CN(C)CCCn1cccn1,JW_2024,JW_2024,0
-7.863374,-0.271603797,CCCCCCCCCCCCCCCC(=O)OCCCCCC(O)C(CCCCOC(=O)CCCCCCCCCCCCCCC)CN(C)CCCn1cccn1,JW_2024,JW_2024,0
-4.8700514,-0.573733011,CCCCCCCCCCCCCCCC(=O)OCCCCCC(O)C(CCCCOC(=O)CCCCCCCCCCCCCCC)CN(C)CCCn1cccn1,JW_2024,JW_2024,0
-5.202712,-0.835033953,CCCCCCCCCCCCCCCC(=O)OCCCCCC(O)C(CCCCOC(=O)CCCCCCCCCCCCCCC)CN(C)CCCn1cccn1,JW_2024,JW_2024,0
-7.3269153,-0.010302854,CCCCCCCCCCCCCCCC(=O)OCCCCCC(O)C(CCCCOC(=O)CCCCCCCCCCCCCCC)CN(C)CCCn1cccn1,JW_2024,JW_2024,0
-6.559612,0.651115156,CCCCCCCCCCCCCCCC(=O)OCCCCCC(O)C(CCCCOC(=O)CCCCCCCCCCCCCCC)CN(C)CCCn1cccn1,JW_2024,JW_2024,1
-6.7769456,-0.679886519,CCCCCCCCCCCCCCCC(=O)OCCCCCC(O)C(CCCCOC(=O)CCCCCCCCCCCCCCC)CN(C)CCCn1cccn1,JW_2024,JW_2024,0
-6.587372,0.887919134,CCCCCCCCCCCCCCCC(=O)OCCCCCC(O)C(CCCCOC(=O)CCCCCCCCCCCCCCC)CN(C)CCCn1cccn1,JW_2024,JW_2024,1
-6.466941,-0.598229974,CCCCCCCCCCCCCCCC(=O)OCCCCCC(O)C(CCCCOC(=O)CCCCCCCCCCCCCCC)CN(C)CCCn1cccn1,JW_2024,JW_2024,0
-7.8071594,1.132888768,CCCCCCCCCCCCCCCC(=O)OCCCCCC(O)C(CCCCOC(=O)CCCCCCCCCCCCCCC)CN(C)CCCn1cccn1,JW_2024,JW_2024,1
-6.3103433,-0.22260987,CCCCCCCCCCCCCCCC(=O)OCCCCCC(O)C(CCCCOC(=O)CCCCCCCCCCCCCCC)CN(C)CCCn1cccn1,JW_2024,JW_2024,0
-6.382286,-0.622726938,CCCCCCCCCCCCCCCC(=O)OCCCCCC(O)C(CCCCOC(=O)CCCCCCCCCCCCCCC)CN(C)CCCn1cccn1,JW_2024,JW_2024,0
-8.203451,-0.214444216,CCCCCCCCCCCCCCCC(=O)OCCCCCC(O)C(CCCCOC(=O)CCCCCCCCCCCCCCC)CN(C)CCCn1cccn1,JW_2024,JW_2024,0
-5.1240788,0.765434318,CCCCCCCCCCCCCCCC(=O)OCCCCCC(O)C(CCCCOC(=O)CCCCCCCCCCCCCCC)CN(C)CCCn1cccn1,JW_2024,JW_2024,1
-6.3326917,-1.014678351,CCCCCCCCCCCCCCCC(=O)OCCCCCC(O)C(CCCCOC(=O)CCCCCCCCCCCCCCC)CN(C)CCCn1cccn1,JW_2024,JW_2024,0
-6.7066298,0.030525418,CCCCCCCCCCCCCCCC(=O)OCCCCCC(O)C(CCCCOC(=O)CCCCCCCCCCCCCCC)CN(C)CCCn1cccn1,JW_2024,JW_2024,1
-5.296693,0.046856727,CCCCCCCCCCCCCCCC(=O)OCCCCCC(O)C(CCCCOC(=O)CCCCCCCCCCCCCCC)CN(C)CCCn1cccn1,JW_2024,JW_2024,1
-8.281813,1.165551386,CCCCCCCCCCCCCCCC(=O)OCCCCCC(O)C(CCCCOC(=O)CCCCCCCCCCCCCCC)CN(C)CCCn1cccn1,JW_2024,JW_2024,1
-6.0537796,0.969575679,CCCCCCCCCCCCCCCC(=O)OCCCCCC(O)C(CCCCOC(=O)CCCCCCCCCCCCCCC)CN(C)CCCn1cccn1,JW_2024,JW_2024,1
-6.227954,1.386024055,CCCCCCCCCCCCCCCC(=O)OCCCCCC(O)C(CCCCOC(=O)CCCCCCCCCCCCCCC)CN(C)CCCn1cccn1,JW_2024,JW_2024,2
-4.995286,1.02673526,CCCCCCCCCCCCCCCC(=O)OCCCCCC(O)C(CCCCOC(=O)CCCCCCCCCCCCCCC)CN(C)CCCn1cccn1,JW_2024,JW_2024,1
-6.4215465,-0.198112907,CCCCCCCCCCCCCCCC(=O)OCCCCCC(O)C(CCCCOC(=O)CCCCCCCCCCCCCCC)CN(C)CCCn1cccn1,JW_2024,JW_2024,0
-6.3233047,1.39418971,CCCCCCCCCCCCCCCC(=O)OCCCCCC(O)C(CCCCOC(=O)CCCCCCCCCCCCCCC)CN(C)CCCn1cccn1,JW_2024,JW_2024,2
-4.631411,-0.361425995,CCCCCCCC/C=C\CCCCCCCC(=O)OCCCCCC(O)C(CCCCOC(=O)CCCCCCC/C=C\CCCCCCCC)CN(C)CCCn1cccn1,JW_2024,JW_2024,0
-4.020115,0.07135369,CCCCCCCC/C=C\CCCCCCCC(=O)OCCCCCC(O)C(CCCCOC(=O)CCCCCCC/C=C\CCCCCCCC)CN(C)CCCn1cccn1,JW_2024,JW_2024,1
-6.15142,0.740937354,CCCCCCCC/C=C\CCCCCCCC(=O)OCCCCCC(O)C(CCCCOC(=O)CCCCCCC/C=C\CCCCCCCC)CN(C)CCCn1cccn1,JW_2024,JW_2024,1
-3.4543762,-0.361425995,CCCCCCCC/C=C\CCCCCCCC(=O)OCCCCCC(O)C(CCCCOC(=O)CCCCCCC/C=C\CCCCCCCC)CN(C)CCCn1cccn1,JW_2024,JW_2024,0
-3.997318,0.030525418,CCCCCCCC/C=C\CCCCCCCC(=O)OCCCCCC(O)C(CCCCOC(=O)CCCCCCC/C=C\CCCCCCCC)CN(C)CCCn1cccn1,JW_2024,JW_2024,1
-5.6079497,-0.36959165,CCCCCCCC/C=C\CCCCCCCC(=O)OCCCCCC(O)C(CCCCOC(=O)CCCCCCC/C=C\CCCCCCCC)CN(C)CCCn1cccn1,JW_2024,JW_2024,0
-5.282897,0.422476831,CCCCCCCC/C=C\CCCCCCCC(=O)OCCCCCC(O)C(CCCCOC(=O)CCCCCCC/C=C\CCCCCCCC)CN(C)CCCn1cccn1,JW_2024,JW_2024,1
-4.798023,-0.459413849,CCCCCCCC/C=C\CCCCCCCC(=O)OCCCCCC(O)C(CCCCOC(=O)CCCCCCC/C=C\CCCCCCCC)CN(C)CCCn1cccn1,JW_2024,JW_2024,0
-4.7435856,0.544961648,CCCCCCCC/C=C\CCCCCCCC(=O)OCCCCCC(O)C(CCCCOC(=O)CCCCCCC/C=C\CCCCCCCC)CN(C)CCCn1cccn1,JW_2024,JW_2024,1
-4.536253,-0.263438142,CCCCCCCC/C=C\CCCCCCCC(=O)OCCCCCC(O)C(CCCCOC(=O)CCCCCCC/C=C\CCCCCCCC)CN(C)CCCn1cccn1,JW_2024,JW_2024,0
-5.7315435,0.904250443,CCCCCCCC/C=C\CCCCCCCC(=O)OCCCCCC(O)C(CCCCOC(=O)CCCCCCC/C=C\CCCCCCCC)CN(C)CCCn1cccn1,JW_2024,JW_2024,1
-4.4308624,0.389814213,CCCCCCCC/C=C\CCCCCCCC(=O)OCCCCCC(O)C(CCCCOC(=O)CCCCCCC/C=C\CCCCCCCC)CN(C)CCCn1cccn1,JW_2024,JW_2024,1
-4.5340633,-1.145328822,CCCCCCCC/C=C\CCCCCCCC(=O)OCCCCCC(O)C(CCCCOC(=O)CCCCCCC/C=C\CCCCCCCC)CN(C)CCCn1cccn1,JW_2024,JW_2024,0
-6.4331527,0.822593899,CCCCCCCC/C=C\CCCCCCCC(=O)OCCCCCC(O)C(CCCCOC(=O)CCCCCCC/C=C\CCCCCCCC)CN(C)CCCn1cccn1,JW_2024,JW_2024,1
-3.610244,0.022359763,CCCCCCCC/C=C\CCCCCCCC(=O)OCCCCCC(O)C(CCCCOC(=O)CCCCCCC/C=C\CCCCCCCC)CN(C)CCCn1cccn1,JW_2024,JW_2024,0
-4.7563004,0.7327717,CCCCCCCC/C=C\CCCCCCCC(=O)OCCCCCC(O)C(CCCCOC(=O)CCCCCCC/C=C\CCCCCCCC)CN(C)CCCn1cccn1,JW_2024,JW_2024,1
-3.8727393,0.936913061,CCCCCCCC/C=C\CCCCCCCC(=O)OCCCCCC(O)C(CCCCOC(=O)CCCCCCC/C=C\CCCCCCCC)CN(C)CCCn1cccn1,JW_2024,JW_2024,1
-6.2375927,0.487802067,CCCCCCCC/C=C\CCCCCCCC(=O)OCCCCCC(O)C(CCCCOC(=O)CCCCCCC/C=C\CCCCCCCC)CN(C)CCCn1cccn1,JW_2024,JW_2024,1
-5.8191037,-1.978225575,CCCCC/C=C\C/C=C\CCCCCCCC(=O)OCCCCCC(O)C(CCCCOC(=O)CCCCCCC/C=C\C/C=C\CCCCC)CN(C)Cc1cccnc1,JW_2024,JW_2024,0
-5.411759,-1.414795419,CCCCC/C=C\C/C=C\CCCCCCCC(=O)OCCCCCC(O)C(CCCCOC(=O)CCCCCCC/C=C\C/C=C\CCCCC)CN(C)Cc1cccnc1,JW_2024,JW_2024,0
-6.9626193,-1.349470183,CCCCC/C=C\C/C=C\CCCCCCCC(=O)OCCCCCC(O)C(CCCCOC(=O)CCCCCCC/C=C\C/C=C\CCCCC)CN(C)Cc1cccnc1,JW_2024,JW_2024,0
-5.634766,-1.471955,CCCCC/C=C\C/C=C\CCCCCCCC(=O)OCCCCCC(O)C(CCCCOC(=O)CCCCCCC/C=C\C/C=C\CCCCC)CN(C)Cc1cccnc1,JW_2024,JW_2024,0
-5.82375,-1.667930707,CCCCC/C=C\C/C=C\CCCCCCCC(=O)OCCCCCC(O)C(CCCCOC(=O)CCCCCCC/C=C\C/C=C\CCCCC)CN(C)Cc1cccnc1,JW_2024,JW_2024,0
-6.74998,-1.439292382,CCCCC/C=C\C/C=C\CCCCCCCC(=O)OCCCCCC(O)C(CCCCOC(=O)CCCCCCC/C=C\C/C=C\CCCCC)CN(C)Cc1cccnc1,JW_2024,JW_2024,0
-6.7512403,-1.610771125,CCCCC/C=C\C/C=C\CCCCCCCC(=O)OCCCCCC(O)C(CCCCOC(=O)CCCCCCC/C=C\C/C=C\CCCCC)CN(C)Cc1cccnc1,JW_2024,JW_2024,0
-6.272475,-2.125207355,CCCCC/C=C\C/C=C\CCCCCCCC(=O)OCCCCCC(O)C(CCCCOC(=O)CCCCCCC/C=C\C/C=C\CCCCC)CN(C)Cc1cccnc1,JW_2024,JW_2024,0
-6.3882527,-0.859530917,CCCCC/C=C\C/C=C\CCCCCCCC(=O)OCCCCCC(O)C(CCCCOC(=O)CCCCCCC/C=C\C/C=C\CCCCC)CN(C)Cc1cccnc1,JW_2024,JW_2024,0
-5.5513067,-1.153494477,CCCCC/C=C\C/C=C\CCCCCCCC(=O)OCCCCCC(O)C(CCCCOC(=O)CCCCCCC/C=C\C/C=C\CCCCC)CN(C)Cc1cccnc1,JW_2024,JW_2024,0
-6.79121,-0.777874372,CCCCC/C=C\C/C=C\CCCCCCCC(=O)OCCCCCC(O)C(CCCCOC(=O)CCCCCCC/C=C\C/C=C\CCCCC)CN(C)Cc1cccnc1,JW_2024,JW_2024,0
-5.3454375,-1.406629764,CCCCC/C=C\C/C=C\CCCCCCCC(=O)OCCCCCC(O)C(CCCCOC(=O)CCCCCCC/C=C\C/C=C\CCCCC)CN(C)Cc1cccnc1,JW_2024,JW_2024,0
-5.6091943,-1.904734685,CCCCC/C=C\C/C=C\CCCCCCCC(=O)OCCCCCC(O)C(CCCCOC(=O)CCCCCCC/C=C\C/C=C\CCCCC)CN(C)Cc1cccnc1,JW_2024,JW_2024,0
-7.3897667,-1.316807565,CCCCC/C=C\C/C=C\CCCCCCCC(=O)OCCCCCC(O)C(CCCCOC(=O)CCCCCCC/C=C\C/C=C\CCCCC)CN(C)Cc1cccnc1,JW_2024,JW_2024,0
-5.7939277,-0.492076467,CCCCC/C=C\C/C=C\CCCCCCCC(=O)OCCCCCC(O)C(CCCCOC(=O)CCCCCCC/C=C\C/C=C\CCCCC)CN(C)Cc1cccnc1,JW_2024,JW_2024,0
-6.71786,0.095850653,CCCCC/C=C\C/C=C\CCCCCCCC(=O)OCCCCCC(O)C(CCCCOC(=O)CCCCCCC/C=C\C/C=C\CCCCC)CN(C)Cc1cccnc1,JW_2024,JW_2024,1
-3.2456477,-1.439292382,CCCCCCCC/C=C\CCCCCCCC(=O)OCCCCCC(O)C(CCCCOC(=O)CCCCCCC/C=C\CCCCCCCC)CN1CCN(c2cccnc2)CC1,JW_2024,JW_2024,0
-3.2869775,-1.921065994,CCCCCCCC/C=C\CCCCCCCC(=O)OCCCCCC(O)C(CCCCOC(=O)CCCCCCC/C=C\CCCCCCCC)CN1CCN(c2cccnc2)CC1,JW_2024,JW_2024,0
-5.6056476,-0.924856152,CCCCCCCC/C=C\CCCCCCCC(=O)OCCCCCC(O)C(CCCCOC(=O)CCCCCCC/C=C\CCCCCCCC)CN1CCN(c2cccnc2)CC1,JW_2024,JW_2024,0
-2.9747398,-1.357635838,CCCCCCCC/C=C\CCCCCCCC(=O)OCCCCCC(O)C(CCCCOC(=O)CCCCCCC/C=C\CCCCCCCC)CN1CCN(c2cccnc2)CC1,JW_2024,JW_2024,0
-3.3002725,-1.700593324,CCCCCCCC/C=C\CCCCCCCC(=O)OCCCCCC(O)C(CCCCOC(=O)CCCCCCC/C=C\CCCCCCCC)CN1CCN(c2cccnc2)CC1,JW_2024,JW_2024,0
-5.1170745,-2.100710392,CCCCCCCC/C=C\CCCCCCCC(=O)OCCCCCC(O)C(CCCCOC(=O)CCCCCCC/C=C\CCCCCCCC)CN1CCN(c2cccnc2)CC1,JW_2024,JW_2024,0
-4.8739486,-1.431126728,CCCCCCCC/C=C\CCCCCCCC(=O)OCCCCCC(O)C(CCCCOC(=O)CCCCCCC/C=C\CCCCCCCC)CN1CCN(c2cccnc2)CC1,JW_2024,JW_2024,0
-3.9939277,-2.811122329,CCCCCCCC/C=C\CCCCCCCC(=O)OCCCCCC(O)C(CCCCOC(=O)CCCCCCC/C=C\CCCCCCCC)CN1CCN(c2cccnc2)CC1,JW_2024,JW_2024,0
-3.9320376,-0.900359189,CCCCCCCC/C=C\CCCCCCCC(=O)OCCCCCC(O)C(CCCCOC(=O)CCCCCCC/C=C\CCCCCCCC)CN1CCN(c2cccnc2)CC1,JW_2024,JW_2024,0
-3.509323,-1.414795419,CCCCCCCC/C=C\CCCCCCCC(=O)OCCCCCC(O)C(CCCCOC(=O)CCCCCCC/C=C\CCCCCCCC)CN1CCN(c2cccnc2)CC1,JW_2024,JW_2024,0
-5.1525145,-0.44308254,CCCCCCCC/C=C\CCCCCCCC(=O)OCCCCCC(O)C(CCCCOC(=O)CCCCCCC/C=C\CCCCCCCC)CN1CCN(c2cccnc2)CC1,JW_2024,JW_2024,0
-3.4042268,-1.431126728,CCCCCCCC/C=C\CCCCCCCC(=O)OCCCCCC(O)C(CCCCOC(=O)CCCCCCC/C=C\CCCCCCCC)CN1CCN(c2cccnc2)CC1,JW_2024,JW_2024,0
-3.63621,-1.757752905,CCCCCCCC/C=C\CCCCCCCC(=O)OCCCCCC(O)C(CCCCOC(=O)CCCCCCC/C=C\CCCCCCCC)CN1CCN(c2cccnc2)CC1,JW_2024,JW_2024,0
-5.615837,-1.439292382,CCCCCCCC/C=C\CCCCCCCC(=O)OCCCCCC(O)C(CCCCOC(=O)CCCCCCC/C=C\CCCCCCCC)CN1CCN(c2cccnc2)CC1,JW_2024,JW_2024,0
-3.5127478,-0.467579503,CCCCCCCCCCCCCCCC(=O)OCCCCCC(O)C(CCCCOC(=O)CCCCCCCCCCCCCCC)CN1CCN(C)CC1,JW_2024,JW_2024,0
-3.1235886,-0.181781598,CCCCCCCCCCCCCCCC(=O)OCCCCCC(O)C(CCCCOC(=O)CCCCCCCCCCCCCCC)CN1CCN(C)CC1,JW_2024,JW_2024,0
-5.3308797,-0.312432069,CCCCCCCCCCCCCCCC(=O)OCCCCCC(O)C(CCCCOC(=O)CCCCCCCCCCCCCCC)CN1CCN(C)CC1,JW_2024,JW_2024,0
-2.9599574,-0.059296781,CCCCCCCCCCCCCCCC(=O)OCCCCCC(O)C(CCCCOC(=O)CCCCCCCCCCCCCCC)CN1CCN(C)CC1,JW_2024,JW_2024,0
-4.051023,-0.851365262,CCCCCCCCCCCCCCCC(=O)OCCCCCC(O)C(CCCCOC(=O)CCCCCCCCCCCCCCC)CN1CCN(C)CC1,JW_2024,JW_2024,0
-4.441697,-0.328763378,CCCCCCCCCCCCCCCC(=O)OCCCCCC(O)C(CCCCOC(=O)CCCCCCCCCCCCCCC)CN1CCN(C)CC1,JW_2024,JW_2024,0
-6.111234,0.022359763,CCCCCCCCCCCCCCCC(=O)OCCCCCC(O)C(CCCCOC(=O)CCCCCCCCCCCCCCC)CN1CCN(C)CC1,JW_2024,JW_2024,0
-3.672057,0.046856727,CCCCCCCCCCCCCCCC(=O)OCCCCCC(O)C(CCCCOC(=O)CCCCCCCCCCCCCCC)CN1CCN(C)CC1,JW_2024,JW_2024,1
-3.740336,0.871587826,CCCCCCCCCCCCCCCC(=O)OCCCCCC(O)C(CCCCOC(=O)CCCCCCCCCCCCCCC)CN1CCN(C)CC1,JW_2024,JW_2024,1
-3.540468,-0.679886519,CCCCCCCCCCCCCCCC(=O)OCCCCCC(O)C(CCCCOC(=O)CCCCCCCCCCCCCCC)CN1CCN(C)CC1,JW_2024,JW_2024,0
-4.637302,-0.100125053,CCCCCCCCCCCCCCCC(=O)OCCCCCC(O)C(CCCCOC(=O)CCCCCCCCCCCCCCC)CN1CCN(C)CC1,JW_2024,JW_2024,0
-3.3696012,-0.018468509,CCCCCCCCCCCCCCCC(=O)OCCCCCC(O)C(CCCCOC(=O)CCCCCCCCCCCCCCC)CN1CCN(C)CC1,JW_2024,JW_2024,0
-3.5136008,-0.581898665,CCCCCCCCCCCCCCCC(=O)OCCCCCC(O)C(CCCCOC(=O)CCCCCCCCCCCCCCC)CN1CCN(C)CC1,JW_2024,JW_2024,0
-5.1182065,-0.198112907,CCCCCCCCCCCCCCCC(=O)OCCCCCC(O)C(CCCCOC(=O)CCCCCCCCCCCCCCC)CN1CCN(C)CC1,JW_2024,JW_2024,0
-4.3302083,0.038691072,CCCCCCCCCCCCCCCC(=O)OCCCCCC(O)C(CCCCOC(=O)CCCCCCCCCCCCCCC)CN1CCN(C)CC1,JW_2024,JW_2024,1
-3.7616327,0.569458611,CCCCCCCCCCCCCCCC(=O)OCCCCCC(O)C(CCCCOC(=O)CCCCCCCCCCCCCCC)CN1CCN(C)CC1,JW_2024,JW_2024,1
-3.9859128,0.495967721,CCCCCCCCCCCCCCCC(=O)OCCCCCC(O)C(CCCCOC(=O)CCCCCCCCCCCCCCC)CN1CCN(C)CC1,JW_2024,JW_2024,1
-5.3827467,0.716440391,CCCCCCCCCCCCCCCC(=O)OCCCCCC(O)C(CCCCOC(=O)CCCCCCCCCCCCCCC)CN1CCN(C)CC1,JW_2024,JW_2024,1
-3.7247937,0.683777773,CCCCCCCCCCCCCCCC(=O)OCCCCCC(O)C(CCCCOC(=O)CCCCCCCCCCCCCCC)CN1CCN(C)CC1,JW_2024,JW_2024,1
-4.184595,0.95324437,CCCCCCCCCCCCCCCC(=O)OCCCCCC(O)C(CCCCOC(=O)CCCCCCCCCCCCCCC)CN1CCN(C)CC1,JW_2024,JW_2024,1
-4.36857,1.116557459,CCCCCCCCCCCCCCCC(=O)OCCCCCC(O)C(CCCCOC(=O)CCCCCCCCCCCCCCC)CN1CCN(C)CC1,JW_2024,JW_2024,1
-3.6462739,0.838925208,CCCCCCCCCCCCCCCC(=O)OCCCCCC(O)C(CCCCOC(=O)CCCCCCCCCCCCCCC)CN1CCN(C)CC1,JW_2024,JW_2024,1
-4.680494,1.549337144,CCCCCCCCCCCCCCCC(=O)OCCCCCC(O)C(CCCCOC(=O)CCCCCCCCCCCCCCC)CN1CCN(C)CC1,JW_2024,JW_2024,2
-4.0513406,-0.116456362,CCCCCCCC/C=C\CCCCCCCC(=O)OCCCCCC(O)C(CCCCOC(=O)CCCCCCC/C=C\CCCCCCCC)CNCCCN(CCO)CCO,JW_2024,JW_2024,0
-3.7623453,-0.524739084,CCCCCCCC/C=C\CCCCCCCC(=O)OCCCCCC(O)C(CCCCOC(=O)CCCCCCC/C=C\CCCCCCCC)CNCCCN(CCO)CCO,JW_2024,JW_2024,0
-5.356754,-0.51657343,CCCCCCCC/C=C\CCCCCCCC(=O)OCCCCCC(O)C(CCCCOC(=O)CCCCCCC/C=C\CCCCCCCC)CNCCCN(CCO)CCO,JW_2024,JW_2024,0
-3.9928067,0.618452538,CCCCCCCC/C=C\CCCCCCCC(=O)OCCCCCC(O)C(CCCCOC(=O)CCCCCCC/C=C\CCCCCCCC)CNCCCN(CCO)CCO,JW_2024,JW_2024,1
-4.8928347,0.446973794,CCCCCCCC/C=C\CCCCCCCC(=O)OCCCCCC(O)C(CCCCOC(=O)CCCCCCC/C=C\CCCCCCCC)CNCCCN(CCO)CCO,JW_2024,JW_2024,1
-4.183983,-0.753377409,CCCCCCCC/C=C\CCCCCCCC(=O)OCCCCCC(O)C(CCCCOC(=O)CCCCCCC/C=C\CCCCCCCC)CNCCCN(CCO)CCO,JW_2024,JW_2024,0
-4.367907,1.043066569,CCCCCCCC/C=C\CCCCCCCC(=O)OCCCCCC(O)C(CCCCOC(=O)CCCCCCC/C=C\CCCCCCCC)CNCCCN(CCO)CCO,JW_2024,JW_2024,1
-3.8385773,0.961410024,CCCCCCCC/C=C\CCCCCCCC(=O)OCCCCCC(O)C(CCCCOC(=O)CCCCCCC/C=C\CCCCCCCC)CNCCCN(CCO)CCO,JW_2024,JW_2024,1
-5.280449,0.87975348,CCCCCCCC/C=C\CCCCCCCC(=O)OCCCCCC(O)C(CCCCOC(=O)CCCCCCC/C=C\CCCCCCCC)CNCCCN(CCO)CCO,JW_2024,JW_2024,1
-3.65896,0.177507198,CCCCCCCC/C=C\CCCCCCCC(=O)OCCCCCC(O)C(CCCCOC(=O)CCCCCCC/C=C\CCCCCCCC)CNCCCN(CCO)CCO,JW_2024,JW_2024,1
-3.9090343,0.414311177,CCCCCCCC/C=C\CCCCCCCC(=O)OCCCCCC(O)C(CCCCOC(=O)CCCCCCC/C=C\CCCCCCCC)CNCCCN(CCO)CCO,JW_2024,JW_2024,1
-5.5134907,1.17371704,CCCCCCCC/C=C\CCCCCCCC(=O)OCCCCCC(O)C(CCCCOC(=O)CCCCCCC/C=C\CCCCCCCC)CNCCCN(CCO)CCO,JW_2024,JW_2024,1
-3.904929,1.018569606,CCCCCCCC/C=C\CCCCCCCC(=O)OCCCCCC(O)C(CCCCOC(=O)CCCCCCC/C=C\CCCCCCCC)CNCCCN(CCO)CCO,JW_2024,JW_2024,1
-4.142162,-0.614561283,CCCCCCCC/C=C\CCCCCCCC(=O)OCCCCCC(O)C(CCCCOC(=O)CCCCCCC/C=C\CCCCCCCC)CNCCCN(CCO)CCO,JW_2024,JW_2024,0
-4.716566,0.936913061,CCCCCCCC/C=C\CCCCCCCC(=O)OCCCCCC(O)C(CCCCOC(=O)CCCCCCC/C=C\CCCCCCCC)CNCCCN(CCO)CCO,JW_2024,JW_2024,1
-5.9323254,-1.561777199,CCCCCCCCCCCCCCCC(=O)OCCCCCC(O)C(CCCCOC(=O)CCCCCCCCCCCCCCC)CN(C)Cc1cccnc1,JW_2024,JW_2024,0
-5.4931498,-1.186157094,CCCCCCCCCCCCCCCC(=O)OCCCCCC(O)C(CCCCOC(=O)CCCCCCCCCCCCCCC)CN(C)Cc1cccnc1,JW_2024,JW_2024,0
-7.3575544,-0.124622017,CCCCCCCCCCCCCCCC(=O)OCCCCCC(O)C(CCCCOC(=O)CCCCCCCCCCCCCCC)CN(C)Cc1cccnc1,JW_2024,JW_2024,0
-6.083362,-1.831243795,CCCCCCCCCCCCCCCC(=O)OCCCCCC(O)C(CCCCOC(=O)CCCCCCCCCCCCCCC)CN(C)Cc1cccnc1,JW_2024,JW_2024,0
-5.600039,-2.100710392,CCCCCCCCCCCCCCCC(=O)OCCCCCC(O)C(CCCCOC(=O)CCCCCCCCCCCCCCC)CN(C)Cc1cccnc1,JW_2024,JW_2024,0
-6.8312006,-2.737631439,CCCCCCCCCCCCCCCC(=O)OCCCCCC(O)C(CCCCOC(=O)CCCCCCCCCCCCCCC)CN(C)Cc1cccnc1,JW_2024,JW_2024,0
-6.987846,-1.512783272,CCCCCCCCCCCCCCCC(=O)OCCCCCC(O)C(CCCCOC(=O)CCCCCCCCCCCCCCC)CN(C)Cc1cccnc1,JW_2024,JW_2024,0
-5.9764304,-2.42733657,CCCCCCCCCCCCCCCC(=O)OCCCCCC(O)C(CCCCOC(=O)CCCCCCCCCCCCCCC)CN(C)Cc1cccnc1,JW_2024,JW_2024,0
-6.131763,-1.194322749,CCCCCCCCCCCCCCCC(=O)OCCCCCC(O)C(CCCCOC(=O)CCCCCCCCCCCCCCC)CN(C)Cc1cccnc1,JW_2024,JW_2024,0
-5.4403143,-1.275979293,CCCCCCCCCCCCCCCC(=O)OCCCCCC(O)C(CCCCOC(=O)CCCCCCCCCCCCCCC)CN(C)Cc1cccnc1,JW_2024,JW_2024,0
-6.9795537,-0.189947252,CCCCCCCCCCCCCCCC(=O)OCCCCCC(O)C(CCCCOC(=O)CCCCCCCCCCCCCCC)CN(C)Cc1cccnc1,JW_2024,JW_2024,0
-5.394615,-1.602605471,CCCCCCCCCCCCCCCC(=O)OCCCCCC(O)C(CCCCOC(=O)CCCCCCCCCCCCCCC)CN(C)Cc1cccnc1,JW_2024,JW_2024,0
-5.539976,-1.896569031,CCCCCCCCCCCCCCCC(=O)OCCCCCC(O)C(CCCCOC(=O)CCCCCCCCCCCCCCC)CN(C)Cc1cccnc1,JW_2024,JW_2024,0
-7.5554385,-1.700593324,CCCCCCCCCCCCCCCC(=O)OCCCCCC(O)C(CCCCOC(=O)CCCCCCCCCCCCCCC)CN(C)Cc1cccnc1,JW_2024,JW_2024,0
-4.23403,-0.206278561,CCCCC/C=C\C/C=C\CCCCCCCC(=O)OCCCCCC(O)C(CCCCOC(=O)CCCCCCC/C=C\C/C=C\CCCCC)CN1CCN(C)CC1,JW_2024,JW_2024,0
-3.7291644,-0.353260341,CCCCC/C=C\C/C=C\CCCCCCCC(=O)OCCCCCC(O)C(CCCCOC(=O)CCCCCCC/C=C\C/C=C\CCCCC)CN1CCN(C)CC1,JW_2024,JW_2024,0
-5.6193757,0.397979868,CCCCC/C=C\C/C=C\CCCCCCCC(=O)OCCCCCC(O)C(CCCCOC(=O)CCCCCCC/C=C\C/C=C\CCCCC)CN1CCN(C)CC1,JW_2024,JW_2024,1
-3.232936,0.250998088,CCCCC/C=C\C/C=C\CCCCCCCC(=O)OCCCCCC(O)C(CCCCOC(=O)CCCCCCC/C=C\C/C=C\CCCCC)CN1CCN(C)CC1,JW_2024,JW_2024,1
-4.019682,-0.336929032,CCCCC/C=C\C/C=C\CCCCCCCC(=O)OCCCCCC(O)C(CCCCOC(=O)CCCCCCC/C=C\C/C=C\CCCCC)CN1CCN(C)CC1,JW_2024,JW_2024,0
-5.5892096,-0.173615943,CCCCC/C=C\C/C=C\CCCCCCCC(=O)OCCCCCC(O)C(CCCCOC(=O)CCCCCCC/C=C\C/C=C\CCCCC)CN1CCN(C)CC1,JW_2024,JW_2024,0
-5.0170774,0.079519344,CCCCC/C=C\C/C=C\CCCCCCCC(=O)OCCCCCC(O)C(CCCCOC(=O)CCCCCCC/C=C\C/C=C\CCCCC)CN1CCN(C)CC1,JW_2024,JW_2024,1
-4.6934395,-0.892193534,CCCCC/C=C\C/C=C\CCCCCCCC(=O)OCCCCCC(O)C(CCCCOC(=O)CCCCCCC/C=C\C/C=C\CCCCC)CN1CCN(C)CC1,JW_2024,JW_2024,0
-4.602127,1.02673526,CCCCC/C=C\C/C=C\CCCCCCCC(=O)OCCCCCC(O)C(CCCCOC(=O)CCCCCCC/C=C\C/C=C\CCCCC)CN1CCN(C)CC1,JW_2024,JW_2024,1
-4.129617,-0.320597723,CCCCC/C=C\C/C=C\CCCCCCCC(=O)OCCCCCC(O)C(CCCCOC(=O)CCCCCCC/C=C\C/C=C\CCCCC)CN1CCN(C)CC1,JW_2024,JW_2024,0
-5.761634,1.304367511,CCCCC/C=C\C/C=C\CCCCCCCC(=O)OCCCCCC(O)C(CCCCOC(=O)CCCCCCC/C=C\C/C=C\CCCCC)CN1CCN(C)CC1,JW_2024,JW_2024,1
-4.0446596,0.169341543,CCCCC/C=C\C/C=C\CCCCCCCC(=O)OCCCCCC(O)C(CCCCOC(=O)CCCCCCC/C=C\C/C=C\CCCCC)CN1CCN(C)CC1,JW_2024,JW_2024,1
-4.199845,-1.700593324,CCCCC/C=C\C/C=C\CCCCCCCC(=O)OCCCCCC(O)C(CCCCOC(=O)CCCCCCC/C=C\C/C=C\CCCCC)CN1CCN(C)CC1,JW_2024,JW_2024,0
-6.153988,-0.753377409,CCCCC/C=C\C/C=C\CCCCCCCC(=O)OCCCCCC(O)C(CCCCOC(=O)CCCCCCC/C=C\C/C=C\CCCCC)CN1CCN(C)CC1,JW_2024,JW_2024,0
-4.5727687,0.536795993,CCCCC/C=C\C/C=C\CCCCCCCC(=O)OCCCCCC(O)C(CCCCOC(=O)CCCCCCC/C=C\C/C=C\CCCCC)CN1CCN(C)CC1,JW_2024,JW_2024,1
-3.939118,0.389814213,CCCCC/C=C\C/C=C\CCCCCCCC(=O)OCCCCCC(O)C(CCCCOC(=O)CCCCCCC/C=C\C/C=C\CCCCC)CN1CCN(C)CC1,JW_2024,JW_2024,1
-6.063155,0.977741333,CCCCC/C=C\C/C=C\CCCCCCCC(=O)OCCCCCC(O)C(CCCCOC(=O)CCCCCCC/C=C\C/C=C\CCCCC)CN1CCN(C)CC1,JW_2024,JW_2024,1
-4.6408153,1.010403951,CCCCC/C=C\C/C=C\CCCCCCCC(=O)OCCCCCC(O)C(CCCCOC(=O)CCCCCCC/C=C\C/C=C\CCCCC)CN1CCN(C)CC1,JW_2024,JW_2024,1
-4.842198,1.590165417,CCCCC/C=C\C/C=C\CCCCCCCC(=O)OCCCCCC(O)C(CCCCOC(=O)CCCCCCC/C=C\C/C=C\CCCCC)CN1CCN(C)CC1,JW_2024,JW_2024,2
-3.2397087,1.198214003,CCCCC/C=C\C/C=C\CCCCCCCC(=O)OCCCCCC(O)C(CCCCOC(=O)CCCCCCC/C=C\C/C=C\CCCCC)CN1CCN(C)CC1,JW_2024,JW_2024,1
-4.2254686,-0.467579503,CCCCC/C=C\C/C=C\CCCCCCCC(=O)OCCCCCC(O)C(CCCCOC(=O)CCCCCCC/C=C\C/C=C\CCCCC)CN1CCN(C)CC1,JW_2024,JW_2024,0
-4.484894,1.500343218,CCCCC/C=C\C/C=C\CCCCCCCC(=O)OCCCCCC(O)C(CCCCOC(=O)CCCCCCC/C=C\C/C=C\CCCCC)CN1CCN(C)CC1,JW_2024,JW_2024,2
-5.9805307,-1.471955,CCCCCCCCCCCCCCCC(=O)OCCCCCC(O)C(CCCCOC(=O)CCCCCCCCCCCCCCC)CN1CCN(c2cccnc2)CC1,JW_2024,JW_2024,0
-5.2715015,-1.080003587,CCCCCCCCCCCCCCCC(=O)OCCCCCC(O)C(CCCCOC(=O)CCCCCCCCCCCCCCC)CN1CCN(c2cccnc2)CC1,JW_2024,JW_2024,0
-7.043831,-0.336929032,CCCCCCCCCCCCCCCC(=O)OCCCCCC(O)C(CCCCOC(=O)CCCCCCCCCCCCCCC)CN1CCN(c2cccnc2)CC1,JW_2024,JW_2024,0
-5.18023,-0.614561283,CCCCCCCCCCCCCCCC(=O)OCCCCCC(O)C(CCCCOC(=O)CCCCCCCCCCCCCCC)CN1CCN(c2cccnc2)CC1,JW_2024,JW_2024,0
-5.108416,-2.166035628,CCCCCCCCCCCCCCCC(=O)OCCCCCC(O)C(CCCCOC(=O)CCCCCCCCCCCCCCC)CN1CCN(c2cccnc2)CC1,JW_2024,JW_2024,0
-6.5623035,-2.182366936,CCCCCCCCCCCCCCCC(=O)OCCCCCC(O)C(CCCCOC(=O)CCCCCCCCCCCCCCC)CN1CCN(c2cccnc2)CC1,JW_2024,JW_2024,0
-6.200105,-1.235151021,CCCCCCCCCCCCCCCC(=O)OCCCCCC(O)C(CCCCOC(=O)CCCCCCCCCCCCCCC)CN1CCN(c2cccnc2)CC1,JW_2024,JW_2024,0
-5.650593,-2.027219502,CCCCCCCCCCCCCCCC(=O)OCCCCCC(O)C(CCCCOC(=O)CCCCCCCCCCCCCCC)CN1CCN(c2cccnc2)CC1,JW_2024,JW_2024,0
-5.8984337,-1.088169241,CCCCCCCCCCCCCCCC(=O)OCCCCCC(O)C(CCCCOC(=O)CCCCCCCCCCCCCCC)CN1CCN(c2cccnc2)CC1,JW_2024,JW_2024,0
-5.435496,-1.496451963,CCCCCCCCCCCCCCCC(=O)OCCCCCC(O)C(CCCCOC(=O)CCCCCCCCCCCCCCC)CN1CCN(c2cccnc2)CC1,JW_2024,JW_2024,0
-6.79809,-0.59006432,CCCCCCCCCCCCCCCC(=O)OCCCCCC(O)C(CCCCOC(=O)CCCCCCCCCCCCCCC)CN1CCN(c2cccnc2)CC1,JW_2024,JW_2024,0
-5.211052,-1.61893678,CCCCCCCCCCCCCCCC(=O)OCCCCCC(O)C(CCCCOC(=O)CCCCCCCCCCCCCCC)CN1CCN(c2cccnc2)CC1,JW_2024,JW_2024,0
-5.429948,-2.255857826,CCCCCCCCCCCCCCCC(=O)OCCCCCC(O)C(CCCCOC(=O)CCCCCCCCCCCCCCC)CN1CCN(c2cccnc2)CC1,JW_2024,JW_2024,0
-7.0902433,-1.422961073,CCCCCCCCCCCCCCCC(=O)OCCCCCC(O)C(CCCCOC(=O)CCCCCCCCCCCCCCC)CN1CCN(c2cccnc2)CC1,JW_2024,JW_2024,0
-4.2989526,0.39822508,CCCCCCCCCOC(=O)CCCCCCCN(CCO)CCCCCCCC(=O)OC(CCCCCCCC)CCCCCCCC,JW_2024,JW_2024,1
-2.6747994,-0.768331584,CCCCCCCCCOC(=O)CCCCCCCN(CCO)CCCCCCCC(=O)OC(CCCCCCCC)CCCCCCCC,JW_2024,JW_2024,0
-2.884513,1.28267327,CCCCCCCCCOC(=O)CCCCCCCN(CCO)CCCCCCCC(=O)OC(CCCCCCCC)CCCCCCCC,JW_2024,JW_2024,1
-2.3871348,0.733705428,CCCCCCCCCOC(=O)CCCCCCCN(CCO)CCCCCCCC(=O)OC(CCCCCCCC)CCCCCCCC,JW_2024,JW_2024,1
-4.3866343,1.679150045,CCCCCCCCCOC(=O)CCCCCCCN(CCO)CCCCCCCC(=O)OC(CCCCCCCC)CCCCCCCC,JW_2024,JW_2024,2
-2.1263776,0.42109874,CCCCCCCCCOC(=O)CCCCCCCN(CCO)CCCCCCCC(=O)OC(CCCCCCCC)CCCCCCCC,JW_2024,JW_2024,1
-2.3797,0.215235799,CCCCCCCCCOC(=O)CCCCCCCN(CCO)CCCCCCCC(=O)OC(CCCCCCCC)CCCCCCCC,JW_2024,JW_2024,1
-4.254224,0.665084448,CCCCCCCCCOC(=O)CCCCCCCN(CCO)CCCCCCCC(=O)OC(CCCCCCCC)CCCCCCCC,JW_2024,JW_2024,1
-2.885108,1.031063009,CCCCCCCCCOC(=O)CCCCCCCN(CCO)CCCCCCCC(=O)OC(CCCCCCCC)CCCCCCCC,JW_2024,JW_2024,1
-2.7540522,1.32842059,CCCCCCCCCOC(=O)CCCCCCCN(CCO)CCCCCCCC(=O)OC(CCCCCCCC)CCCCCCCC,JW_2024,JW_2024,2
-2.9150841,1.107308543,CCCCCCCCCOC(=O)CCCCCCCN(CCO)CCCCCCCC(=O)OC(CCCCCCCC)CCCCCCCC,JW_2024,JW_2024,1
-4.2070475,1.831641112,CCCCCCCCCOC(=O)CCCCCCCN(CCO)CCCCCCCC(=O)OC(CCCCCCCC)CCCCCCCC,JW_2024,JW_2024,2
-3.5626287,1.885012985,CCCCCCCCCOC(=O)CCCCCCCN(CCO)CCCCCCCC(=O)OC(CCCCCCCC)CCCCCCCC,JW_2024,JW_2024,2
-3.837236,1.785893792,CCCCCCCCCOC(=O)CCCCCCCN(CCO)CCCCCCCC(=O)OC(CCCCCCCC)CCCCCCCC,JW_2024,JW_2024,2
-2.6153352,1.663900938,CCCCCCCCCOC(=O)CCCCCCCN(CCO)CCCCCCCC(=O)OC(CCCCCCCC)CCCCCCCC,JW_2024,JW_2024,2
-2.2861397,0.51259338,CCCCCCCCCOC(=O)CCCCCCCN(CCO)CCCCCCCC(=O)OC(CCCCCCCC)CCCCCCCC,JW_2024,JW_2024,1
-4.1346207,1.602904511,CCCCCCCCCOC(=O)CCCCCCCN(CCO)CCCCCCCC(=O)OC(CCCCCCCC)CCCCCCCC,JW_2024,JW_2024,2
-7.35834,-1.492664154,CCCCCCCCC(=O)OCCCCCCN1CCC[C@H]1COC(=O)OC[C@@H]1CCCN1CCCCCCOC(=O)CCCCCCCC,JW_2024,JW_2024,0
-5.4602365,-2.43810877,CCCCCCCCC(=O)OCCCCCCN1CCC[C@H]1COC(=O)OC[C@@H]1CCCN1CCCCCCOC(=O)CCCCCCCC,JW_2024,JW_2024,0
-5.4442835,-0.882699885,CCCCCCCCC(=O)OCCCCCCN1CCC[C@H]1COC(=O)OC[C@@H]1CCCN1CCCCCCOC(=O)CCCCCCCC,JW_2024,JW_2024,0
-4.831764,-1.172432912,CCCCCCCCC(=O)OCCCCCCN1CCC[C@H]1COC(=O)OC[C@@H]1CCCN1CCCCCCOC(=O)CCCCCCCC,JW_2024,JW_2024,0
-8.402398,-0.692086051,CCCCCCCCC(=O)OCCCCCCN1CCC[C@H]1COC(=O)OC[C@@H]1CCCN1CCCCCCOC(=O)CCCCCCCC,JW_2024,JW_2024,0
-5.0331554,-1.767148075,CCCCCCCCC(=O)OCCCCCCN1CCC[C@H]1COC(=O)OC[C@@H]1CCCN1CCCCCCOC(=O)CCCCCCCC,JW_2024,JW_2024,0
-4.976275,-1.431667727,CCCCCCCCC(=O)OCCCCCCN1CCC[C@H]1COC(=O)OC[C@@H]1CCCN1CCCCCCOC(=O)CCCCCCCC,JW_2024,JW_2024,0
-7.814965,-0.913198098,CCCCCCCCC(=O)OCCCCCCN1CCC[C@H]1COC(=O)OC[C@@H]1CCCN1CCCCCCOC(=O)CCCCCCCC,JW_2024,JW_2024,0
-5.8828526,-1.050440059,CCCCCCCCC(CCCCCCCC)OC(=O)CCCCCN1CCC[C@H]1COC(=O)OC[C@@H]1CCCN1CCCCCC(=O)OC(CCCCCCCC)CCCCCCCC,JW_2024,JW_2024,0
-4.705761,-2.163624849,CCCCCCCCC(CCCCCCCC)OC(=O)CCCCCN1CCC[C@H]1COC(=O)OC[C@@H]1CCCN1CCCCCC(=O)OC(CCCCCCCC)CCCCCCCC,JW_2024,JW_2024,0
-5.020476,-0.60059141,CCCCCCCCC(CCCCCCCC)OC(=O)CCCCCN1CCC[C@H]1COC(=O)OC[C@@H]1CCCN1CCCCCC(=O)OC(CCCCCCCC)CCCCCCCC,JW_2024,JW_2024,0
-4.4149847,-1.080938272,CCCCCCCCC(CCCCCCCC)OC(=O)CCCCCN1CCC[C@H]1COC(=O)OC[C@@H]1CCCN1CCCCCC(=O)OC(CCCCCCCC)CCCCCCCC,JW_2024,JW_2024,0
-6.4201617,-0.448100343,CCCCCCCCC(CCCCCCCC)OC(=O)CCCCCN1CCC[C@H]1COC(=O)OC[C@@H]1CCCN1CCCCCC(=O)OC(CCCCCCCC)CCCCCCCC,JW_2024,JW_2024,0
-4.470851,-1.401169513,CCCCCCCCC(CCCCCCCC)OC(=O)CCCCCN1CCC[C@H]1COC(=O)OC[C@@H]1CCCN1CCCCCC(=O)OC(CCCCCCCC)CCCCCCCC,JW_2024,JW_2024,0
-4.3916287,-1.469790494,CCCCCCCCC(CCCCCCCC)OC(=O)CCCCCN1CCC[C@H]1COC(=O)OC[C@@H]1CCCN1CCCCCC(=O)OC(CCCCCCCC)CCCCCCCC,JW_2024,JW_2024,0
-6.024928,-0.775956138,CCCCCCCCC(CCCCCCCC)OC(=O)CCCCCN1CCC[C@H]1COC(=O)OC[C@@H]1CCCN1CCCCCC(=O)OC(CCCCCCCC)CCCCCCCC,JW_2024,JW_2024,0
-6.193952,-1.446916833,CCCCCCCCC(=O)OCCCCCCN(C)CCOC(=O)OCCN(C)CCCCCCOC(=O)CCCCCCCC,JW_2024,JW_2024,0
-5.3799396,-1.843393608,CCCCCCCCC(=O)OCCCCCCN(C)CCOC(=O)OCCN(C)CCCCCCOC(=O)CCCCCCCC,JW_2024,JW_2024,0
-5.5367527,-0.798829798,CCCCCCCCC(=O)OCCCCCCN(C)CCOC(=O)OCCN(C)CCCCCCOC(=O)CCCCCCCC,JW_2024,JW_2024,0
-5.458179,-1.515537814,CCCCCCCCC(=O)OCCCCCCN(C)CCOC(=O)OCCN(C)CCCCCCOC(=O)CCCCCCCC,JW_2024,JW_2024,0
-7.360758,-0.265111062,CCCCCCCCC(=O)OCCCCCCN(C)CCOC(=O)OCCN(C)CCCCCCOC(=O)CCCCCCCC,JW_2024,JW_2024,0
-5.2792153,-1.927263695,CCCCCCCCC(=O)OCCCCCCN(C)CCOC(=O)OCCN(C)CCCCCCOC(=O)CCCCCCCC,JW_2024,JW_2024,0
-5.3941746,-1.645155221,CCCCCCCCC(=O)OCCCCCCN(C)CCOC(=O)OCCN(C)CCCCCCOC(=O)CCCCCCCC,JW_2024,JW_2024,0
-7.718331,-1.4850396,CCCCCCCCC(=O)OCCCCCCN(C)CCOC(=O)OCCN(C)CCCCCCOC(=O)CCCCCCCC,JW_2024,JW_2024,0
-5.529814,0.337228653,CCCCCCCCC(CCCCCCCC)OC(=O)CCCCCN(C)CCOC(=O)OCCN(C)CCCCCC(=O)OC(CCCCCCCC)CCCCCCCC,JW_2024,JW_2024,1
-4.247654,-1.622281561,CCCCCCCCC(CCCCCCCC)OC(=O)CCCCCN(C)CCOC(=O)OCCN(C)CCCCCC(=O)OC(CCCCCCCC)CCCCCCCC,JW_2024,JW_2024,0
-4.4501395,0.321979546,CCCCCCCCC(CCCCCCCC)OC(=O)CCCCCN(C)CCOC(=O)OCCN(C)CCCCCC(=O)OC(CCCCCCCC)CCCCCCCC,JW_2024,JW_2024,1
-3.865436,-0.226988296,CCCCCCCCC(CCCCCCCC)OC(=O)CCCCCN(C)CCOC(=O)OCCN(C)CCCCCC(=O)OC(CCCCCCCC)CCCCCCCC,JW_2024,JW_2024,0
-5.242757,0.146614819,CCCCCCCCC(CCCCCCCC)OC(=O)CCCCCN(C)CCOC(=O)OCCN(C)CCCCCC(=O)OC(CCCCCCCC)CCCCCCCC,JW_2024,JW_2024,1
-3.706754,-0.516721323,CCCCCCCCC(CCCCCCCC)OC(=O)CCCCCN(C)CCOC(=O)OCCN(C)CCCCCC(=O)OC(CCCCCCCC)CCCCCCCC,JW_2024,JW_2024,0
-3.8220391,-0.722584264,CCCCCCCCC(CCCCCCCC)OC(=O)CCCCCN(C)CCOC(=O)OCCN(C)CCCCCC(=O)OC(CCCCCCCC)CCCCCCCC,JW_2024,JW_2024,0
-5.5806746,0.924319262,CCCCCCCCC(CCCCCCCC)OC(=O)CCCCCN(C)CCOC(=O)OCCN(C)CCCCCC(=O)OC(CCCCCCCC)CCCCCCCC,JW_2024,JW_2024,1
-4.402327,-0.059248122,CCCCCCCCC(CCCCCCCC)OC(=O)CCCCCN(C)CCOC(=O)OCCN(C)CCCCCC(=O)OC(CCCCCCCC)CCCCCCCC,JW_2024,JW_2024,0
-4.032507,0.123741159,CCCCCCCCC(CCCCCCCC)OC(=O)CCCCCN(C)CCOC(=O)OCCN(C)CCCCCC(=O)OC(CCCCCCCC)CCCCCCCC,JW_2024,JW_2024,1
-4.2904315,0.825200068,CCCCCCCCC(CCCCCCCC)OC(=O)CCCCCN(C)CCOC(=O)OCCN(C)CCCCCC(=O)OC(CCCCCCCC)CCCCCCCC,JW_2024,JW_2024,1
-4.512046,0.085618392,CCCCCCCCC(CCCCCCCC)OC(=O)CCCCCN(C)CCOC(=O)OCCN(C)CCCCCC(=O)OC(CCCCCCCC)CCCCCCCC,JW_2024,JW_2024,1
-5.4180417,1.023438456,CCCCCCCCC(CCCCCCCC)OC(=O)CCCCCN(C)CCOC(=O)OCCN(C)CCCCCC(=O)OC(CCCCCCCC)CCCCCCCC,JW_2024,JW_2024,1
-5.2734995,0.543091594,CCCCCCCCC(CCCCCCCC)OC(=O)CCCCCN(C)CCOC(=O)OCCN(C)CCCCCC(=O)OC(CCCCCCCC)CCCCCCCC,JW_2024,JW_2024,1
-5.2644463,0.123741159,CCCCCCCCC(CCCCCCCC)OC(=O)CCCCCN(C)CCOC(=O)OCCN(C)CCCCCC(=O)OC(CCCCCCCC)CCCCCCCC,JW_2024,JW_2024,1
-4.271281,0.047495625,CCCCCCCCC(CCCCCCCC)OC(=O)CCCCCN(C)CCOC(=O)OCCN(C)CCCCCC(=O)OC(CCCCCCCC)CCCCCCCC,JW_2024,JW_2024,1
-4.3764167,-0.204114636,CCCCCCCCC(CCCCCCCC)OC(=O)CCCCCN(C)CCOC(=O)OCCN(C)CCCCCC(=O)OC(CCCCCCCC)CCCCCCCC,JW_2024,JW_2024,0
-5.6937737,0.436347847,CCCCCCCCC(CCCCCCCC)OC(=O)CCCCCN(C)CCOC(=O)OCCN(C)CCCCCC(=O)OC(CCCCCCCC)CCCCCCCC,JW_2024,JW_2024,1
-6.346502,-0.135493655,CCCCCCCCC(=O)OCCCCCCN(C)CCOC(=O)OCCN(C)CCCCCC(=O)OC(CCCCCCCC)CCCCCCCC,JW_2024,JW_2024,0
-4.888859,-1.32492398,CCCCCCCCC(=O)OCCCCCCN(C)CCOC(=O)OCCN(C)CCCCCC(=O)OC(CCCCCCCC)CCCCCCCC,JW_2024,JW_2024,0
-4.910652,0.878571942,CCCCCCCCC(=O)OCCCCCCN(C)CCOC(=O)OCCN(C)CCCCCC(=O)OC(CCCCCCCC)CCCCCCCC,JW_2024,JW_2024,1
-4.7026405,-0.074497228,CCCCCCCCC(=O)OCCCCCCN(C)CCOC(=O)OCCN(C)CCCCCC(=O)OC(CCCCCCCC)CCCCCCCC,JW_2024,JW_2024,0
-5.941205,0.085618392,CCCCCCCCC(=O)OCCCCCCN(C)CCOC(=O)OCCN(C)CCCCCC(=O)OC(CCCCCCCC)CCCCCCCC,JW_2024,JW_2024,1
-4.462326,-1.065689165,CCCCCCCCC(=O)OCCCCCCN(C)CCOC(=O)OCCN(C)CCCCCC(=O)OC(CCCCCCCC)CCCCCCCC,JW_2024,JW_2024,0
-4.6418567,-0.364230256,CCCCCCCCC(=O)OCCCCCCN(C)CCOC(=O)OCCN(C)CCCCCC(=O)OC(CCCCCCCC)CCCCCCCC,JW_2024,JW_2024,0
-6.651015,0.459221507,CCCCCCCCC(=O)OCCCCCCN(C)CCOC(=O)OCCN(C)CCCCCC(=O)OC(CCCCCCCC)CCCCCCCC,JW_2024,JW_2024,1
-5.026737,0.504968827,CCCCCCCCC(=O)OCCCCCCN(C)CCOC(=O)OCCN(C)CCCCCC(=O)OC(CCCCCCCC)CCCCCCCC,JW_2024,JW_2024,1
-4.77503,0.451596954,CCCCCCCCC(=O)OCCCCCCN(C)CCOC(=O)OCCN(C)CCCCCC(=O)OC(CCCCCCCC)CCCCCCCC,JW_2024,JW_2024,1
-6.268842,0.382975973,CCCCCCCCC(=O)OCCCCCCN(C)CCOC(=O)OCCN(C)CCCCCC(=O)OC(CCCCCCCC)CCCCCCCC,JW_2024,JW_2024,1
-6.189901,0.504968827,CCCCCCCCC(=O)OCCCCCCN(C)CCOC(=O)OCCN(C)CCCCCC(=O)OC(CCCCCCCC)CCCCCCCC,JW_2024,JW_2024,1
-4.4712925,0.451596954,CCCCCCCCC(=O)OCCCCCCN(C)CCOC(=O)OCCN(C)CCCCCC(=O)OC(CCCCCCCC)CCCCCCCC,JW_2024,JW_2024,1
-5.359288,0.192362139,CCCCCCCCC(=O)OCCCCCCN(C)CCOC(=O)OCCN(C)CCCCCC(=O)OC(CCCCCCCC)CCCCCCCC,JW_2024,JW_2024,1
-6.80314,0.032246519,CCCCCCCCC(=O)OCCCCCCN(C)CCOC(=O)OCCN(C)CCCCCC(=O)OC(CCCCCCCC)CCCCCCCC,JW_2024,JW_2024,1
-6.6384525,-1.161660131,CCCCCCCC/C=C\CCCCCCCC(=O)OCCCCCC(O)C(CCCCOC(=O)CCCCCCC/C=C\CCCCCCCC)CN1CCN(CC(CCCCOC(=O)CCCCCCC/C=C\CCCCCCCC)C(O)CCCCCOC(=O)CCCCCCC/C=C\CCCCCCCC)CC1,JW_2024,JW_2024,0
-5.7781763,-2.386508298,CCCCCCCC/C=C\CCCCCCCC(=O)OCCCCCC(O)C(CCCCOC(=O)CCCCCCC/C=C\CCCCCCCC)CN1CCN(CC(CCCCOC(=O)CCCCCCC/C=C\CCCCCCCC)C(O)CCCCCOC(=O)CCCCCCC/C=C\CCCCCCCC)CC1,JW_2024,JW_2024,0
-5.1355724,-0.933021807,CCCCCCCC/C=C\CCCCCCCC(=O)OCCCCCC(O)C(CCCCOC(=O)CCCCCCC/C=C\CCCCCCCC)CN1CCN(CC(CCCCOC(=O)CCCCCCC/C=C\CCCCCCCC)C(O)CCCCCOC(=O)CCCCCCC/C=C\CCCCCCCC)CC1,JW_2024,JW_2024,0
-5.209236,-1.006512697,CCCCCCCC/C=C\CCCCCCCC(=O)OCCCCCC(O)C(CCCCOC(=O)CCCCCCC/C=C\CCCCCCCC)CN1CCN(CC(CCCCOC(=O)CCCCCCC/C=C\CCCCCCCC)C(O)CCCCCOC(=O)CCCCCCC/C=C\CCCCCCCC)CC1,JW_2024,JW_2024,0
-3.826126,-0.924856152,CCCCCCCC/C=C\CCCCCCCC(=O)OCCCCCC(O)C(CCCCOC(=O)CCCCCCC/C=C\CCCCCCCC)CN1CCN(CC(CCCCOC(=O)CCCCCCC/C=C\CCCCCCCC)C(O)CCCCCOC(=O)CCCCCCC/C=C\CCCCCCCC)CC1,JW_2024,JW_2024,0
-5.647347,-1.741421597,CCCCCCCC/C=C\CCCCCCCC(=O)OCCCCCC(O)C(CCCCOC(=O)CCCCCCC/C=C\CCCCCCCC)CN1CCN(CC(CCCCOC(=O)CCCCCCC/C=C\CCCCCCCC)C(O)CCCCCOC(=O)CCCCCCC/C=C\CCCCCCCC)CC1,JW_2024,JW_2024,0
-5.3378415,-1.422961073,CCCCCCCC/C=C\CCCCCCCC(=O)OCCCCCC(O)C(CCCCOC(=O)CCCCCCC/C=C\CCCCCCCC)CN1CCN(CC(CCCCOC(=O)CCCCCCC/C=C\CCCCCCCC)C(O)CCCCCOC(=O)CCCCCCC/C=C\CCCCCCCC)CC1,JW_2024,JW_2024,0
-4.186027,-0.745211754,CCCCCCCC/C=C\CCCCCCCC(=O)OCCCCCC(O)C(CCCCOC(=O)CCCCCCC/C=C\CCCCCCCC)CN1CCN(CC(CCCCOC(=O)CCCCCCC/C=C\CCCCCCCC)C(O)CCCCCOC(=O)CCCCCCC/C=C\CCCCCCCC)CC1,JW_2024,JW_2024,0
-4.9257793,-1.357635838,CCCCCCCC/C=C\CCCCCCCC(=O)OCCCCCC(O)C(CCCCOC(=O)CCCCCCC/C=C\CCCCCCCC)CN(CCCN(C)C)CCCN(C)C,JW_2024,JW_2024,0
-4.155446,-1.757752905,CCCCCCCC/C=C\CCCCCCCC(=O)OCCCCCC(O)C(CCCCOC(=O)CCCCCCC/C=C\CCCCCCCC)CN(CCCN(C)C)CCCN(C)C,JW_2024,JW_2024,0
-4.3873987,-0.704383482,CCCCCCCC/C=C\CCCCCCCC(=O)OCCCCCC(O)C(CCCCOC(=O)CCCCCCC/C=C\CCCCCCCC)CN(CCCN(C)C)CCCN(C)C,JW_2024,JW_2024,0
-3.9789927,-1.643433743,CCCCCCCC/C=C\CCCCCCCC(=O)OCCCCCC(O)C(CCCCOC(=O)CCCCCCC/C=C\CCCCCCCC)CN(CCCN(C)C)CCCN(C)C,JW_2024,JW_2024,0
-5.194869,-0.230775524,CCCCCCCC/C=C\CCCCCCCC(=O)OCCCCCC(O)C(CCCCOC(=O)CCCCCCC/C=C\CCCCCCCC)CNCCCN(C)C,JW_2024,JW_2024,0
-5.0137763,-1.69242767,CCCCCCCC/C=C\CCCCCCCC(=O)OCCCCCC(O)C(CCCCOC(=O)CCCCCCC/C=C\CCCCCCCC)CNCCCN(C)C,JW_2024,JW_2024,0
-5.182306,-0.410419922,CCCCCCCC/C=C\CCCCCCCC(=O)OCCCCCC(O)C(CCCCOC(=O)CCCCCCC/C=C\CCCCCCCC)CNCCCN(C)C,JW_2024,JW_2024,0
-4.2998977,-0.655389555,CCCCCCCC/C=C\CCCCCCCC(=O)OCCCCCC(O)C(CCCCOC(=O)CCCCCCC/C=C\CCCCCCCC)CNCCCN(C)C,JW_2024,JW_2024,0
-5.369623,-0.189947252,CCCCCCCC/C=C\CCCCCCCC(=O)OCCCCCC(O)C(CCCCOC(=O)CCCCCCC/C=C\CCCCCCCC)CNCCCN(C)C,JW_2024,JW_2024,0
-4.547906,-1.602605471,CCCCCCCC/C=C\CCCCCCCC(=O)OCCCCCC(O)C(CCCCOC(=O)CCCCCCC/C=C\CCCCCCCC)CNCCCN(C)C,JW_2024,JW_2024,0
-4.475225,-0.794205681,CCCCCCCC/C=C\CCCCCCCC(=O)OCCCCCC(O)C(CCCCOC(=O)CCCCCCC/C=C\CCCCCCCC)CNCCCN(C)C,JW_2024,JW_2024,0
-5.3926883,0.838925208,CCCCCCCC/C=C\CCCCCCCC(=O)OCCCCCC(O)C(CCCCOC(=O)CCCCCCC/C=C\CCCCCCCC)CNCCCN(C)C,JW_2024,JW_2024,1
-4.7333055,-0.402254268,CCCCCCCC/C=C\CCCCCCCC(=O)OCCCCCC(O)C(CCCCOC(=O)CCCCCCC/C=C\CCCCCCCC)CNCCCN(C)C,JW_2024,JW_2024,0
-4.6472125,-0.622726938,CCCCCCCC/C=C\CCCCCCCC(=O)OCCCCCC(O)C(CCCCOC(=O)CCCCCCC/C=C\CCCCCCCC)CNCCCN(C)C,JW_2024,JW_2024,0
-5.927637,-0.426751231,CCCCCCCC/C=C\CCCCCCCC(=O)OCCCCCC(O)C(CCCCOC(=O)CCCCCCC/C=C\CCCCCCCC)CNCCCN(C)C,JW_2024,JW_2024,0
-4.9059577,0.430642486,CCCCCCCC/C=C\CCCCCCCC(=O)OCCCCCC(O)C(CCCCOC(=O)CCCCCCC/C=C\CCCCCCCC)CNCCCN(C)C,JW_2024,JW_2024,1
-5.4047813,0.14484458,CCCCCCCC/C=C\CCCCCCCC(=O)OCCCCCC(O)C(CCCCOC(=O)CCCCCCC/C=C\CCCCCCCC)CNCCCN(C)C,JW_2024,JW_2024,1
-4.475468,-0.328763378,CCCCCCCC/C=C\CCCCCCCC(=O)OCCCCCC(O)C(CCCCOC(=O)CCCCCCC/C=C\CCCCCCCC)CNCCCN(C)C,JW_2024,JW_2024,0
-4.850962,0.495967721,CCCCCCCC/C=C\CCCCCCCC(=O)OCCCCCC(O)C(CCCCOC(=O)CCCCCCC/C=C\CCCCCCCC)CNCCCN(C)C,JW_2024,JW_2024,1
-4.827844,0.471470758,CCCCCCCC/C=C\CCCCCCCC(=O)OCCCCCC(O)C(CCCCOC(=O)CCCCCCC/C=C\CCCCCCCC)CNCCCN(C)C,JW_2024,JW_2024,1
-5.209989,-0.647223901,CCCCCCCC/C=C\CCCCCCCC(=O)OCCCCCC(O)C(CCCCOC(=O)CCCCCCC/C=C\CCCCCCCC)CNCCCN1CCCCC1CC,JW_2024,JW_2024,0
-4.706457,-1.071837932,CCCCCCCC/C=C\CCCCCCCC(=O)OCCCCCC(O)C(CCCCOC(=O)CCCCCCC/C=C\CCCCCCCC)CNCCCN1CCCCC1CC,JW_2024,JW_2024,0
-5.030804,0.544961648,CCCCCCCC/C=C\CCCCCCCC(=O)OCCCCCC(O)C(CCCCOC(=O)CCCCCCC/C=C\CCCCCCCC)CNCCCN1CCCCC1CC,JW_2024,JW_2024,1
-4.358628,-0.0021372,CCCCCCCC/C=C\CCCCCCCC(=O)OCCCCCC(O)C(CCCCOC(=O)CCCCCCC/C=C\CCCCCCCC)CNCCCN1CCCCC1CC,JW_2024,JW_2024,0
-5.2235155,0.994072642,CCCCCCCC/C=C\CCCCCCCC(=O)OCCCCCC(O)C(CCCCOC(=O)CCCCCCC/C=C\CCCCCCCC)CNCCCN1CCCCC1CC,JW_2024,JW_2024,1
-4.2804704,0.193838507,CCCCCCCC/C=C\CCCCCCCC(=O)OCCCCCC(O)C(CCCCOC(=O)CCCCCCC/C=C\CCCCCCCC)CNCCCN1CCCCC1CC,JW_2024,JW_2024,1
-4.314488,0.283660706,CCCCCCCC/C=C\CCCCCCCC(=O)OCCCCCC(O)C(CCCCOC(=O)CCCCCCC/C=C\CCCCCCCC)CNCCCN1CCCCC1CC,JW_2024,JW_2024,1
-5.4594703,0.80626259,CCCCCCCC/C=C\CCCCCCCC(=O)OCCCCCC(O)C(CCCCOC(=O)CCCCCCC/C=C\CCCCCCCC)CNCCCN1CCCCC1CC,JW_2024,JW_2024,1
-4.4522667,0.593955574,CCCCCCCC/C=C\CCCCCCCC(=O)OCCCCCC(O)C(CCCCOC(=O)CCCCCCC/C=C\CCCCCCCC)CNCCCN1CCCCC1CC,JW_2024,JW_2024,1
-3.6484463,-0.655389555,CCCCCCCC/C=C\CCCCCCCC(=O)OCCCCCC(O)C(CCCCOC(=O)CCCCCCC/C=C\CCCCCCCC)CNCCCN1CCCCC1CC,JW_2024,JW_2024,0
-4.7104583,1.17371704,CCCCCCCC/C=C\CCCCCCCC(=O)OCCCCCC(O)C(CCCCOC(=O)CCCCCCC/C=C\CCCCCCCC)CNCCCN1CCCCC1CC,JW_2024,JW_2024,1
-5.1511416,0.177507198,CCCCCCCC/C=C\CCCCCCCC(=O)OCCCCCC(O)C(CCCCOC(=O)CCCCCCC/C=C\CCCCCCCC)CNCCCN1CCCCC1CC,JW_2024,JW_2024,1
-4.3047924,-0.018468509,CCCCCCCC/C=C\CCCCCCCC(=O)OCCCCCC(O)C(CCCCOC(=O)CCCCCCC/C=C\CCCCCCCC)CNCCCN1CCCCC1CC,JW_2024,JW_2024,0
-5.750336,0.455139449,CCCCCCCC/C=C\CCCCCCCC(=O)OCCCCCC(O)C(CCCCOC(=O)CCCCCCC/C=C\CCCCCCCC)CN1CCC[C@H]1CO,JW_2024,JW_2024,1
-4.557355,-1.667930707,CCCCCCCC/C=C\CCCCCCCC(=O)OCCCCCC(O)C(CCCCOC(=O)CCCCCCC/C=C\CCCCCCCC)CN1CCC[C@H]1CO,JW_2024,JW_2024,0
-4.5439167,1.034900914,CCCCCCCC/C=C\CCCCCCCC(=O)OCCCCCC(O)C(CCCCOC(=O)CCCCCCC/C=C\CCCCCCCC)CN1CCC[C@H]1CO,JW_2024,JW_2024,1
-4.2219696,0.487802067,CCCCCCCC/C=C\CCCCCCCC(=O)OCCCCCC(O)C(CCCCOC(=O)CCCCCCC/C=C\CCCCCCCC)CN1CCC[C@H]1CO,JW_2024,JW_2024,1
-5.540933,0.708274737,CCCCCCCC/C=C\CCCCCCCC(=O)OCCCCCC(O)C(CCCCOC(=O)CCCCCCC/C=C\CCCCCCCC)CN1CCC[C@H]1CO,JW_2024,JW_2024,1
-4.115003,0.373482905,CCCCCCCC/C=C\CCCCCCCC(=O)OCCCCCC(O)C(CCCCOC(=O)CCCCCCC/C=C\CCCCCCCC)CN1CCC[C@H]1CO,JW_2024,JW_2024,1
-4.325424,-0.696217828,CCCCCCCC/C=C\CCCCCCCC(=O)OCCCCCC(O)C(CCCCOC(=O)CCCCCCC/C=C\CCCCCCCC)CN1CCC[C@H]1CO,JW_2024,JW_2024,0
-5.989182,1.484011909,CCCCCCCC/C=C\CCCCCCCC(=O)OCCCCCC(O)C(CCCCOC(=O)CCCCCCC/C=C\CCCCCCCC)CN1CCC[C@H]1CO,JW_2024,JW_2024,2
-4.872111,-0.451248194,CCCCCCCC/C=C\CCCCCCCC(=O)OCCCCCC(O)C(CCCCOC(=O)CCCCCCC/C=C\CCCCCCCC)CN(C)CCO,JW_2024,JW_2024,0
-4.365157,-0.900359189,CCCCCCCC/C=C\CCCCCCCC(=O)OCCCCCC(O)C(CCCCOC(=O)CCCCCCC/C=C\CCCCCCCC)CN(C)CCO,JW_2024,JW_2024,0
-3.9833152,0.324488978,CCCCCCCC/C=C\CCCCCCCC(=O)OCCCCCC(O)C(CCCCOC(=O)CCCCCCC/C=C\CCCCCCCC)CN(C)CCO,JW_2024,JW_2024,1
-3.894315,-1.561777199,CCCCCCCC/C=C\CCCCCCCC(=O)OCCCCCC(O)C(CCCCOC(=O)CCCCCCC/C=C\CCCCCCCC)CN(C)CCO,JW_2024,JW_2024,0
-4.505617,-0.304266414,CCCCCCCC/C=C\CCCCCCCC(=O)OCCCCCC(O)C(CCCCOC(=O)CCCCCCC/C=C\CCCCCCCC)CN(C)CCO,JW_2024,JW_2024,0
-4.1132674,-0.500242121,CCCCCCCC/C=C\CCCCCCCC(=O)OCCCCCC(O)C(CCCCOC(=O)CCCCCCC/C=C\CCCCCCCC)CN(C)CCO,JW_2024,JW_2024,0
-5.4100585,0.079519344,CCCCCCCC/C=C\CCCCCCCC(=O)OCCCCCC(O)C(CCCCOC(=O)CCCCCCC/C=C\CCCCCCCC)CN(C)CCO,JW_2024,JW_2024,1
-5.145284,0.332654632,CCCCCCCC/C=C\CCCCCCCC(=O)OCCCCCC(O)C(CCCCOC(=O)CCCCCCC/C=C\CCCCCCCC)CN(C)CCO,JW_2024,JW_2024,1
-5.0008073,0.038691072,CCCCCCCC/C=C\CCCCCCCC(=O)OCCCCCC(O)C(CCCCOC(=O)CCCCCCC/C=C\CCCCCCCC)CN(C)CCO,JW_2024,JW_2024,1
-3.6152833,-0.0021372,CCCCCCCC/C=C\CCCCCCCC(=O)OCCCCCC(O)C(CCCCOC(=O)CCCCCCC/C=C\CCCCCCCC)CN(C)CCO,JW_2024,JW_2024,0
-4.373665,-0.761543063,CCCCCCCC/C=C\CCCCCCCC(=O)OCCCCCC(O)C(CCCCOC(=O)CCCCCCC/C=C\CCCCCCCC)CN(C)CCO,JW_2024,JW_2024,0
-5.2062016,0.046856727,CCCCCCCC/C=C\CCCCCCCC(=O)OCCCCCC(O)C(CCCCOC(=O)CCCCCCC/C=C\CCCCCCCC)CN(C)CCO,JW_2024,JW_2024,1
-4.872111,0.553127302,CCCCCCCC/C=C\CCCCCCCC(=O)OCCCCCC(O)C(CCCCOC(=O)CCCCCCC/C=C\CCCCCCCC)CN(C)CCO,JW_2024,JW_2024,1
-4.365157,-1.406629764,CCCCCCCC/C=C\CCCCCCCC(=O)OCCCCCC(O)C(CCCCOC(=O)CCCCCCC/C=C\CCCCCCCC)CN(C)CCO,JW_2024,JW_2024,0
-4.407583,0.463305103,CCCCCCCC/C=C\CCCCCCCC(=O)OCCCCCC(O)C(CCCCOC(=O)CCCCCCC/C=C\CCCCCCCC)CN(C)CCO,JW_2024,JW_2024,1
-4.505617,1.451349291,CCCCCCCC/C=C\CCCCCCCC(=O)OCCCCCC(O)C(CCCCOC(=O)CCCCCCC/C=C\CCCCCCCC)CN(C)CCO,JW_2024,JW_2024,2
-4.1132674,0.87975348,CCCCCCCC/C=C\CCCCCCCC(=O)OCCCCCC(O)C(CCCCOC(=O)CCCCCCC/C=C\CCCCCCCC)CN(C)CCO,JW_2024,JW_2024,1
-5.4100585,1.214545312,CCCCCCCC/C=C\CCCCCCCC(=O)OCCCCCC(O)C(CCCCOC(=O)CCCCCCC/C=C\CCCCCCCC)CN(C)CCO,JW_2024,JW_2024,1
-5.145284,1.043066569,CCCCCCCC/C=C\CCCCCCCC(=O)OCCCCCC(O)C(CCCCOC(=O)CCCCCCC/C=C\CCCCCCCC)CN(C)CCO,JW_2024,JW_2024,1
-5.0008073,1.639159343,CCCCCCCC/C=C\CCCCCCCC(=O)OCCCCCC(O)C(CCCCOC(=O)CCCCCCC/C=C\CCCCCCCC)CN(C)CCO,JW_2024,JW_2024,2
-3.6152833,0.936913061,CCCCCCCC/C=C\CCCCCCCC(=O)OCCCCCC(O)C(CCCCOC(=O)CCCCCCC/C=C\CCCCCCCC)CN(C)CCO,JW_2024,JW_2024,1
-4.373665,0.757268663,CCCCCCCC/C=C\CCCCCCCC(=O)OCCCCCC(O)C(CCCCOC(=O)CCCCCCC/C=C\CCCCCCCC)CN(C)CCO,JW_2024,JW_2024,1
-5.2062016,1.826969395,CCCCCCCC/C=C\CCCCCCCC(=O)OCCCCCC(O)C(CCCCOC(=O)CCCCCCC/C=C\CCCCCCCC)CN(C)CCO,JW_2024,JW_2024,2
-6.1995416,-0.475745158,CCCCCCCC/C=C\CCCCCCCC(=O)OCCCCCC(O)C(CCCCOC(=O)CCCCCCC/C=C\CCCCCCCC)CNC[C@H](C)O,JW_2024,JW_2024,0
-6.426474,-2.247692172,CCCCCCCC/C=C\CCCCCCCC(=O)OCCCCCC(O)C(CCCCOC(=O)CCCCCCC/C=C\CCCCCCCC)CNC[C@H](C)O,JW_2024,JW_2024,0
-5.842384,-0.173615943,CCCCCCCC/C=C\CCCCCCCC(=O)OCCCCCC(O)C(CCCCOC(=O)CCCCCCC/C=C\CCCCCCCC)CN[C@H]1CCCC[C@H]1O,JW_2024,JW_2024,0
-5.4448442,-1.243316675,CCCCCCCC/C=C\CCCCCCCC(=O)OCCCCCC(O)C(CCCCOC(=O)CCCCCCC/C=C\CCCCCCCC)CN[C@H]1CCCC[C@H]1O,JW_2024,JW_2024,0
-5.765859,1.116557459,CCCCCCCC/C=C\CCCCCCCC(=O)OCCCCCC(O)C(CCCCOC(=O)CCCCCCC/C=C\CCCCCCCC)CN[C@H]1CCCC[C@H]1O,JW_2024,JW_2024,1
-5.1334944,-0.385922959,CCCCCCCC/C=C\CCCCCCCC(=O)OCCCCCC(O)C(CCCCOC(=O)CCCCCCC/C=C\CCCCCCCC)CN[C@H]1CCCC[C@H]1O,JW_2024,JW_2024,0
-5.4327116,0.536795993,CCCCCCCC/C=C\CCCCCCCC(=O)OCCCCCC(O)C(CCCCOC(=O)CCCCCCC/C=C\CCCCCCCC)CN[C@H]1CCCC[C@H]1O,JW_2024,JW_2024,1
-4.836836,0.65928081,CCCCCCCC/C=C\CCCCCCCC(=O)OCCCCCC(O)C(CCCCOC(=O)CCCCCCC/C=C\CCCCCCCC)CN[C@H]1CCCC[C@H]1O,JW_2024,JW_2024,1
-6.5730114,1.255373584,CCCCCCCC/C=C\CCCCCCCC(=O)OCCCCCC(O)C(CCCCOC(=O)CCCCCCC/C=C\CCCCCCCC)CN[C@H]1CCCC[C@H]1O,JW_2024,JW_2024,1
-5.6690707,0.757268663,CCCCCCCC/C=C\CCCCCCCC(=O)OCCCCCC(O)C(CCCCOC(=O)CCCCCCC/C=C\CCCCCCCC)CN[C@H]1CCCC[C@H]1O,JW_2024,JW_2024,1
-5.5825086,1.500343218,CCCCCCCC/C=C\CCCCCCCC(=O)OCCCCCC(O)C(CCCCOC(=O)CCCCCCC/C=C\CCCCCCCC)CN[C@H]1CCCC[C@H]1O,JW_2024,JW_2024,2
-5.078171,1.704484579,CCCCCCCC/C=C\CCCCCCCC(=O)OCCCCCC(O)C(CCCCOC(=O)CCCCCCC/C=C\CCCCCCCC)CN[C@H]1CCCC[C@H]1O,JW_2024,JW_2024,2
-5.9936934,1.647324998,CCCCCCCC/C=C\CCCCCCCC(=O)OCCCCCC(O)C(CCCCOC(=O)CCCCCCC/C=C\CCCCCCCC)CN[C@H]1CCCC[C@H]1O,JW_2024,JW_2024,2
-5.5977173,1.377858401,CCCCCCCC/C=C\CCCCCCCC(=O)OCCCCCC(O)C(CCCCOC(=O)CCCCCCC/C=C\CCCCCCCC)CN[C@H]1CCCC[C@H]1O,JW_2024,JW_2024,2
-7.3433156,0.185672852,CCCCCCCCCCCCCCCC(=O)OCCCCCC(O)C(CCCCOC(=O)CCCCCCCCCCCCCCC)CN(C)CCCN(C)CC(CCCCOC(=O)CCCCCCCCCCCCCCC)C(O)CCCCCOC(=O)CCCCCCCCCCCCCCC,JW_2024,JW_2024,1
-6.7186875,-0.982015733,CCCCCCCCCCCCCCCC(=O)OCCCCCC(O)C(CCCCOC(=O)CCCCCCCCCCCCCCC)CN(C)CCCN(C)CC(CCCCOC(=O)CCCCCCCCCCCCCCC)C(O)CCCCCOC(=O)CCCCCCCCCCCCCCC,JW_2024,JW_2024,0
-6.241102,0.120347617,CCCCCCCCCCCCCCCC(=O)OCCCCCC(O)C(CCCCOC(=O)CCCCCCCCCCCCCCC)CN(C)CCCN(C)CC(CCCCOC(=O)CCCCCCCCCCCCCCC)C(O)CCCCCOC(=O)CCCCCCCCCCCCCCC,JW_2024,JW_2024,1
-6.292502,0.275495051,CCCCCCCCCCCCCCCC(=O)OCCCCCC(O)C(CCCCOC(=O)CCCCCCCCCCCCCCC)CN(C)CCCN(C)CC(CCCCOC(=O)CCCCCCCCCCCCCCC)C(O)CCCCCOC(=O)CCCCCCCCCCCCCCC,JW_2024,JW_2024,1
-5.3462954,0.038691072,CCCCCCCCCCCCCCCC(=O)OCCCCCC(O)C(CCCCOC(=O)CCCCCCCCCCCCCCC)CN(C)CCCN(C)CC(CCCCOC(=O)CCCCCCCCCCCCCCC)C(O)CCCCCOC(=O)CCCCCCCCCCCCCCC,JW_2024,JW_2024,1
-6.383604,-1.186157094,CCCCCCCCCCCCCCCC(=O)OCCCCCC(O)C(CCCCOC(=O)CCCCCCCCCCCCCCC)CN(C)CCCN(C)CC(CCCCOC(=O)CCCCCCCCCCCCCCC)C(O)CCCCCOC(=O)CCCCCCCCCCCCCCC,JW_2024,JW_2024,0
-6.754832,-0.900359189,CCCCCCCCCCCCCCCC(=O)OCCCCCC(O)C(CCCCOC(=O)CCCCCCCCCCCCCCC)CN(C)CCCN(C)CC(CCCCOC(=O)CCCCCCCCCCCCCCC)C(O)CCCCCOC(=O)CCCCCCCCCCCCCCC,JW_2024,JW_2024,0
-6.2755747,0.308157669,CCCCCCCCCCCCCCCC(=O)OCCCCCC(O)C(CCCCOC(=O)CCCCCCCCCCCCCCC)CN(C)CCCN(C)CC(CCCCOC(=O)CCCCCCCCCCCCCCC)C(O)CCCCCOC(=O)CCCCCCCCCCCCCCC,JW_2024,JW_2024,1
-6.042174,-0.761543063,CCCCCCCCCCCCCCCC(=O)OCCCCCC(O)C(CCCCOC(=O)CCCCCCCCCCCCCCC)CN(C)CCCN(C)CC(CCCCOC(=O)CCCCCCCCCCCCCCC)C(O)CCCCCOC(=O)CCCCCCCCCCCCCCC,JW_2024,JW_2024,0
-5.342542,-0.798829798,CCCCCCCC/C=C\CCCCCCCC(=O)OCCCCCCN(C)CCOC(=O)OCCN(C)CCCCCCOC(=O)CCCCCCC/C=C\CCCCCCCC,JW_2024,JW_2024,0
-5.186147,-1.759523521,CCCCCCCC/C=C\CCCCCCCC(=O)OCCCCCCN(C)CCOC(=O)OCCN(C)CCCCCCOC(=O)CCCCCCC/C=C\CCCCCCCC,JW_2024,JW_2024,0
-5.1091895,-0.547219537,CCCCCCCC/C=C\CCCCCCCC(=O)OCCCCCCN(C)CCOC(=O)OCCN(C)CCCCCCOC(=O)CCCCCCC/C=C\CCCCCCCC,JW_2024,JW_2024,0
-4.8425865,-0.867450778,CCCCCCCC/C=C\CCCCCCCC(=O)OCCCCCCN(C)CCOC(=O)OCCN(C)CCCCCCOC(=O)CCCCCCC/C=C\CCCCCCCC,JW_2024,JW_2024,0
-5.5758476,-0.890324438,CCCCCCCC/C=C\CCCCCCCC(=O)OCCCCCCN(C)CCOC(=O)OCCN(C)CCCCCCOC(=O)CCCCCCC/C=C\CCCCCCCC,JW_2024,JW_2024,0
-4.684771,-0.692086051,CCCCCCCC/C=C\CCCCCCCC(=O)OCCCCCCN(C)CCOC(=O)OCCN(C)CCCCCCOC(=O)CCCCCCC/C=C\CCCCCCCC,JW_2024,JW_2024,0
-4.930971,-0.867450778,CCCCCCCC/C=C\CCCCCCCC(=O)OCCCCCCN(C)CCOC(=O)OCCN(C)CCCCCCOC(=O)CCCCCCC/C=C\CCCCCCCC,JW_2024,JW_2024,0
-6.3303876,-0.524345877,CCCCCCCC/C=C\CCCCCCCC(=O)OCCCCCCN(C)CCOC(=O)OCCN(C)CCCCCCOC(=O)CCCCCCC/C=C\CCCCCCCC,JW_2024,JW_2024,0
-5.136222,-0.0021372,CCCCCCCC/C=C\CCCCCCCC(=O)OCCCCCC(O)C(CCCCOC(=O)CCCCCCC/C=C\CCCCCCCC)CN1CCCC[C@H]1CO,JW_2024,JW_2024,0
-5.1908765,0.651115156,CCCCCCCC/C=C\CCCCCCCC(=O)OCCCCCC(O)C(CCCCOC(=O)CCCCCCC/C=C\CCCCCCCC)CN1CCCC[C@H]1CO,JW_2024,JW_2024,1
-4.9079857,0.7327717,CCCCCCCC/C=C\CCCCCCCC(=O)OCCCCCC(O)C(CCCCOC(=O)CCCCCCC/C=C\CCCCCCCC)CN1CCCC[C@H]1CO,JW_2024,JW_2024,1
-6.301625,1.157385731,CCCCCCCC/C=C\CCCCCCCC(=O)OCCCCCC(O)C(CCCCOC(=O)CCCCCCC/C=C\CCCCCCCC)CN1CCCC[C@H]1CO,JW_2024,JW_2024,1
-5.426583,0.985906988,CCCCCCCC/C=C\CCCCCCCC(=O)OCCCCCC(O)C(CCCCOC(=O)CCCCCCC/C=C\CCCCCCCC)CN1CCCC[C@H]1CO,JW_2024,JW_2024,1
-5.5556765,1.353361438,CCCCCCCC/C=C\CCCCCCCC(=O)OCCCCCC(O)C(CCCCOC(=O)CCCCCCC/C=C\CCCCCCCC)CN1CCCC[C@H]1CO,JW_2024,JW_2024,2
-4.9332247,0.250998088,CCCCCCCC/C=C\CCCCCCCC(=O)OCCCCCC(O)C(CCCCOC(=O)CCCCCCC/C=C\CCCCCCCC)CN1CCCC[C@H]1CO,JW_2024,JW_2024,1
-5.218372,-0.279769451,CCCCCCCC/C=C\CCCCCCCC(=O)OCCCCCC(O)C(CCCCOC(=O)CCCCCCC/C=C\CCCCCCCC)CN1CCCC[C@H]1CO,JW_2024,JW_2024,0
-5.6552377,1.043066569,CCCCCCCC/C=C\CCCCCCCC(=O)OCCCCCC(O)C(CCCCOC(=O)CCCCCCC/C=C\CCCCCCCC)CN1CCCC[C@H]1CO,JW_2024,JW_2024,1
-3.303885,-0.451248194,CCCCCCCC/C=C\CCCCCCCC(=O)OCCCCCC(O)C(CCCCOC(=O)CCCCCCC/C=C\CCCCCCCC)CN1CCCN(C)CC1,JW_2024,JW_2024,0
-3.1902118,1.818803741,CCCCCCCC/C=C\CCCCCCCC(=O)OCCCCCC(O)C(CCCCOC(=O)CCCCCCC/C=C\CCCCCCCC)CN1CCCN(C)CC1,JW_2024,JW_2024,2
-3.1477773,1.149220077,CCCCCCCC/C=C\CCCCCCCC(=O)OCCCCCC(O)C(CCCCOC(=O)CCCCCCC/C=C\CCCCCCCC)CN1CCCN(C)CC1,JW_2024,JW_2024,1
-4.348606,0.193838507,CCCCCCCC/C=C\CCCCCCCC(=O)OCCCCCC(O)C(CCCCOC(=O)CCCCCCC/C=C\CCCCCCCC)CN1CCCN(C)CC1,JW_2024,JW_2024,1
-3.3591547,1.941288558,CCCCCCCC/C=C\CCCCCCCC(=O)OCCCCCC(O)C(CCCCOC(=O)CCCCCCC/C=C\CCCCCCCC)CN1CCCN(C)CC1,JW_2024,JW_2024,3
-3.6645002,1.181882694,CCCCCCCC/C=C\CCCCCCCC(=O)OCCCCCC(O)C(CCCCOC(=O)CCCCCCC/C=C\CCCCCCCC)CN1CCCN(C)CC1,JW_2024,JW_2024,1
-2.5307846,-0.091959399,CCCCCCCC/C=C\CCCCCCCC(=O)OCCCCCC(O)C(CCCCOC(=O)CCCCCCC/C=C\CCCCCCCC)CN1CCCN(C)CC1,JW_2024,JW_2024,0
-2.7832282,0.569458611,CCCCCCCC/C=C\CCCCCCCC(=O)OCCCCCC(O)C(CCCCOC(=O)CCCCCCC/C=C\CCCCCCCC)CN1CCCN(C)CC1,JW_2024,JW_2024,1
-3.3007667,1.149220077,CCCCCCCC/C=C\CCCCCCCC(=O)OCCCCCC(O)C(CCCCOC(=O)CCCCCCC/C=C\CCCCCCCC)CN1CCCN(C)CC1,JW_2024,JW_2024,1
-5.066215,1.034900914,CCCCCCCC/C=C\CCCCCCCC(=O)OCCCCCC(O)C(CCCCOC(=O)CCCCCCC/C=C\CCCCCCCC)CNCCN1CCCCC1,JW_2024,JW_2024,1
-4.9983344,1.279870548,CCCCCCCC/C=C\CCCCCCCC(=O)OCCCCCC(O)C(CCCCOC(=O)CCCCCCC/C=C\CCCCCCCC)CNCCN1CCCCC1,JW_2024,JW_2024,1
-4.9059577,1.059397878,CCCCCCCC/C=C\CCCCCCCC(=O)OCCCCCC(O)C(CCCCOC(=O)CCCCCCC/C=C\CCCCCCCC)CNCCN1CCCCC1,JW_2024,JW_2024,1
-5.755136,1.092060496,CCCCCCCC/C=C\CCCCCCCC(=O)OCCCCCC(O)C(CCCCOC(=O)CCCCCCC/C=C\CCCCCCCC)CNCCN1CCCCC1,JW_2024,JW_2024,1
-5.0478725,1.353361438,CCCCCCCC/C=C\CCCCCCCC(=O)OCCCCCC(O)C(CCCCOC(=O)CCCCCCC/C=C\CCCCCCCC)CNCCN1CCCCC1,JW_2024,JW_2024,2
-5.467858,1.663656307,CCCCCCCC/C=C\CCCCCCCC(=O)OCCCCCC(O)C(CCCCOC(=O)CCCCCCC/C=C\CCCCCCCC)CNCCN1CCCCC1,JW_2024,JW_2024,2
-5.0802913,0.822593899,CCCCCCCC/C=C\CCCCCCCC(=O)OCCCCCC(O)C(CCCCOC(=O)CCCCCCC/C=C\CCCCCCCC)CNCCN1CCCCC1,JW_2024,JW_2024,1
-4.9810004,1.328864474,CCCCCCCC/C=C\CCCCCCCC(=O)OCCCCCC(O)C(CCCCOC(=O)CCCCCCC/C=C\CCCCCCCC)CNCCN1CCCCC1,JW_2024,JW_2024,2
-5.18954,1.720815888,CCCCCCCC/C=C\CCCCCCCC(=O)OCCCCCC(O)C(CCCCOC(=O)CCCCCCC/C=C\CCCCCCCC)CNCCN1CCCCC1,JW_2024,JW_2024,2
-5.8164916,-0.606395629,CCCCCCCC/C=C\CCCCCCCC(=O)OCCCCCC(O)C(CCCCOC(=O)CCCCCCC/C=C\CCCCCCCC)CNCCCn1ccnc1,JW_2024,JW_2024,0
-5.756934,0.422476831,CCCCCCCC/C=C\CCCCCCCC(=O)OCCCCCC(O)C(CCCCOC(=O)CCCCCCC/C=C\CCCCCCCC)CNCCCn1ccnc1,JW_2024,JW_2024,1
-4.997267,0.038691072,CCCCCCCC/C=C\CCCCCCCC(=O)OCCCCCC(O)C(CCCCOC(=O)CCCCCCC/C=C\CCCCCCCC)CNCCCn1ccnc1,JW_2024,JW_2024,1
-7.8142986,-0.042965472,CCCCCCCC/C=C\CCCCCCCC(=O)OCCCCCC(O)C(CCCCOC(=O)CCCCCCC/C=C\CCCCCCCC)CNCCCn1ccnc1,JW_2024,JW_2024,0
-6.5150933,0.104016308,CCCCCCCC/C=C\CCCCCCCC(=O)OCCCCCC(O)C(CCCCOC(=O)CCCCCCC/C=C\CCCCCCCC)CNCCCn1ccnc1,JW_2024,JW_2024,1
-6.5843496,0.120347617,CCCCCCCC/C=C\CCCCCCCC(=O)OCCCCCC(O)C(CCCCOC(=O)CCCCCCC/C=C\CCCCCCCC)CNCCCn1ccnc1,JW_2024,JW_2024,1
-5.028789,0.283660706,CCCCCCCC/C=C\CCCCCCCC(=O)OCCCCCC(O)C(CCCCOC(=O)CCCCCCC/C=C\CCCCCCCC)CNCCCn1ccnc1,JW_2024,JW_2024,1
-6.181982,0.455139449,CCCCCCCC/C=C\CCCCCCCC(=O)OCCCCCC(O)C(CCCCOC(=O)CCCCCCC/C=C\CCCCCCCC)CNCCCn1ccnc1,JW_2024,JW_2024,1
-6.6280193,0.830759553,CCCCCCCC/C=C\CCCCCCCC(=O)OCCCCCC(O)C(CCCCOC(=O)CCCCCCC/C=C\CCCCCCCC)CNCCCn1ccnc1,JW_2024,JW_2024,1
-4.8492384,0.234666779,CCCCCCCC/C=C\CCCCCCCC(=O)OCCCCCC(O)C(CCCCOC(=O)CCCCCCC/C=C\CCCCCCCC)CNCCO,JW_2024,JW_2024,1
-5.5503902,1.149220077,CCCCCCCC/C=C\CCCCCCCC(=O)OCCCCCC(O)C(CCCCOC(=O)CCCCCCC/C=C\CCCCCCCC)CNCCO,JW_2024,JW_2024,1
-4.96631,0.757268663,CCCCCCCC/C=C\CCCCCCCC(=O)OCCCCCC(O)C(CCCCOC(=O)CCCCCCC/C=C\CCCCCCCC)CNCCO,JW_2024,JW_2024,1
-6.2999544,0.389814213,CCCCCCCC/C=C\CCCCCCCC(=O)OCCCCCC(O)C(CCCCOC(=O)CCCCCCC/C=C\CCCCCCCC)CNCCO,JW_2024,JW_2024,1
-5.567544,1.369692747,CCCCCCCC/C=C\CCCCCCCC(=O)OCCCCCC(O)C(CCCCOC(=O)CCCCCCC/C=C\CCCCCCCC)CNCCO,JW_2024,JW_2024,2
-5.6763153,0.716440391,CCCCCCCC/C=C\CCCCCCCC(=O)OCCCCCC(O)C(CCCCOC(=O)CCCCCCC/C=C\CCCCCCCC)CNCCO,JW_2024,JW_2024,1
-4.689162,0.348985941,CCCCCCCC/C=C\CCCCCCCC(=O)OCCCCCC(O)C(CCCCOC(=O)CCCCCCC/C=C\CCCCCCCC)CNCCO,JW_2024,JW_2024,1
-5.4711986,0.463305103,CCCCCCCC/C=C\CCCCCCCC(=O)OCCCCCC(O)C(CCCCOC(=O)CCCCCCC/C=C\CCCCCCCC)CNCCO,JW_2024,JW_2024,1
-5.925449,1.337030129,CCCCCCCC/C=C\CCCCCCCC(=O)OCCCCCC(O)C(CCCCOC(=O)CCCCCCC/C=C\CCCCCCCC)CNCCO,JW_2024,JW_2024,2
-5.831008,-0.941187461,CCCCCCCC/C=C\CCCCCCCC(=O)OCCCCCC(O)C(CCCCOC(=O)CCCCCCC/C=C\CCCCCCCC)CNCCCO,JW_2024,JW_2024,0
-6.0870285,1.010403951,CCCCCCCC/C=C\CCCCCCCC(=O)OCCCCCC(O)C(CCCCOC(=O)CCCCCCC/C=C\CCCCCCCC)CNCCCO,JW_2024,JW_2024,1
-5.571972,0.128513271,CCCCCCCC/C=C\CCCCCCCC(=O)OCCCCCC(O)C(CCCCOC(=O)CCCCCCC/C=C\CCCCCCCC)CNCCCO,JW_2024,JW_2024,1
-7.278328,0.757268663,CCCCCCCC/C=C\CCCCCCCC(=O)OCCCCCC(O)C(CCCCOC(=O)CCCCCCC/C=C\CCCCCCCC)CNCCCO,JW_2024,JW_2024,1
-6.485449,1.516674527,CCCCCCCC/C=C\CCCCCCCC(=O)OCCCCCC(O)C(CCCCOC(=O)CCCCCCC/C=C\CCCCCCCC)CNCCCO,JW_2024,JW_2024,2
-6.54511,0.226501125,CCCCCCCC/C=C\CCCCCCCC(=O)OCCCCCC(O)C(CCCCOC(=O)CCCCCCC/C=C\CCCCCCCC)CNCCCO,JW_2024,JW_2024,1
-5.624465,-0.328763378,CCCCCCCC/C=C\CCCCCCCC(=O)OCCCCCC(O)C(CCCCOC(=O)CCCCCCC/C=C\CCCCCCCC)CNCCCO,JW_2024,JW_2024,0
-6.057077,0.079519344,CCCCCCCC/C=C\CCCCCCCC(=O)OCCCCCC(O)C(CCCCOC(=O)CCCCCCC/C=C\CCCCCCCC)CNCCCO,JW_2024,JW_2024,1
-6.3359046,0.838925208,CCCCCCCC/C=C\CCCCCCCC(=O)OCCCCCC(O)C(CCCCOC(=O)CCCCCCC/C=C\CCCCCCCC)CNCCCO,JW_2024,JW_2024,1
-4.518808,-0.165450289,CCCCCCCC/C=C\CCCCCCCC(=O)OCCCCCC(O)C(CCCCOC(=O)CCCCCCC/C=C\CCCCCCCC)CN(C)CCN(C)C,JW_2024,JW_2024,0
-5.071768,1.165551386,CCCCCCCC/C=C\CCCCCCCC(=O)OCCCCCC(O)C(CCCCOC(=O)CCCCCCC/C=C\CCCCCCCC)CN(C)CCN(C)C,JW_2024,JW_2024,1
-4.7426496,0.055022381,CCCCCCCC/C=C\CCCCCCCC(=O)OCCCCCC(O)C(CCCCOC(=O)CCCCCCC/C=C\CCCCCCCC)CN(C)CCN(C)C,JW_2024,JW_2024,1
-5.958458,0.030525418,CCCCCCCC/C=C\CCCCCCCC(=O)OCCCCCC(O)C(CCCCOC(=O)CCCCCCC/C=C\CCCCCCCC)CN(C)CCN(C)C,JW_2024,JW_2024,1
-4.965847,0.348985941,CCCCCCCC/C=C\CCCCCCCC(=O)OCCCCCC(O)C(CCCCOC(=O)CCCCCCC/C=C\CCCCCCCC)CN(C)CCN(C)C,JW_2024,JW_2024,1
-5.163403,0.373482905,CCCCCCCC/C=C\CCCCCCCC(=O)OCCCCCC(O)C(CCCCOC(=O)CCCCCCC/C=C\CCCCCCCC)CN(C)CCN(C)C,JW_2024,JW_2024,1
-4.2232323,-0.312432069,CCCCCCCC/C=C\CCCCCCCC(=O)OCCCCCC(O)C(CCCCOC(=O)CCCCCCC/C=C\CCCCCCCC)CN(C)CCN(C)C,JW_2024,JW_2024,0
-5.074462,0.749103009,CCCCCCCC/C=C\CCCCCCCC(=O)OCCCCCC(O)C(CCCCOC(=O)CCCCCCC/C=C\CCCCCCCC)CN(C)CCN(C)C,JW_2024,JW_2024,1
-5.019574,0.561292957,CCCCCCCC/C=C\CCCCCCCC(=O)OCCCCCC(O)C(CCCCOC(=O)CCCCCCC/C=C\CCCCCCCC)CN(C)CCN(C)C,JW_2024,JW_2024,1
-4.704421,0.414311177,CCCCCCCC/C=C\CCCCCCCC(=O)OCCCCCC(O)C(CCCCOC(=O)CCCCCCC/C=C\CCCCCCCC)CNCCCN(CCCC)CCCC,JW_2024,JW_2024,1
-5.192878,0.716440391,CCCCCCCC/C=C\CCCCCCCC(=O)OCCCCCC(O)C(CCCCOC(=O)CCCCCCC/C=C\CCCCCCCC)CNCCCN(CCCC)CCCC,JW_2024,JW_2024,1
-4.420347,0.724606046,CCCCCCCC/C=C\CCCCCCCC(=O)OCCCCCC(O)C(CCCCOC(=O)CCCCCCC/C=C\CCCCCCCC)CNCCCN(CCCC)CCCC,JW_2024,JW_2024,1
-6.404605,0.120347617,CCCCCCCC/C=C\CCCCCCCC(=O)OCCCCCC(O)C(CCCCOC(=O)CCCCCCC/C=C\CCCCCCCC)CNCCCN(CCCC)CCCC,JW_2024,JW_2024,1
-5.090491,1.092060496,CCCCCCCC/C=C\CCCCCCCC(=O)OCCCCCC(O)C(CCCCOC(=O)CCCCCCC/C=C\CCCCCCCC)CNCCCN(CCCC)CCCC,JW_2024,JW_2024,1
-5.5595994,0.95324437,CCCCCCCC/C=C\CCCCCCCC(=O)OCCCCCC(O)C(CCCCOC(=O)CCCCCCC/C=C\CCCCCCCC)CNCCCN(CCCC)CCCC,JW_2024,JW_2024,1
-4.8433743,0.798096936,CCCCCCCC/C=C\CCCCCCCC(=O)OCCCCCC(O)C(CCCCOC(=O)CCCCCCC/C=C\CCCCCCCC)CNCCCN(CCCC)CCCC,JW_2024,JW_2024,1
-4.9035945,0.430642486,CCCCCCCC/C=C\CCCCCCCC(=O)OCCCCCC(O)C(CCCCOC(=O)CCCCCCC/C=C\CCCCCCCC)CNCCCN(CCCC)CCCC,JW_2024,JW_2024,1
-5.1464252,1.484011909,CCCCCCCC/C=C\CCCCCCCC(=O)OCCCCCC(O)C(CCCCOC(=O)CCCCCCC/C=C\CCCCCCCC)CNCCCN(CCCC)CCCC,JW_2024,JW_2024,2
-5.7229,1.149220077,CCCCCCCC/C=C\CCCCCCCC(=O)OCCCCCC(O)C(CCCCOC(=O)CCCCCCC/C=C\CCCCCCCC)CNCCN1CCOCC1,JW_2024,JW_2024,1
-6.232066,1.304367511,CCCCCCCC/C=C\CCCCCCCC(=O)OCCCCCC(O)C(CCCCOC(=O)CCCCCCC/C=C\CCCCCCCC)CNCCN1CCOCC1,JW_2024,JW_2024,1
-5.8320847,0.634783847,CCCCCCCC/C=C\CCCCCCCC(=O)OCCCCCC(O)C(CCCCOC(=O)CCCCCCC/C=C\CCCCCCCC)CNCCN1CCOCC1,JW_2024,JW_2024,1
-8.587096,0.610286883,CCCCCCCC/C=C\CCCCCCCC(=O)OCCCCCC(O)C(CCCCOC(=O)CCCCCCC/C=C\CCCCCCCC)CNCCN1CCOCC1,JW_2024,JW_2024,1
-7.5210643,1.288036202,CCCCCCCC/C=C\CCCCCCCC(=O)OCCCCCC(O)C(CCCCOC(=O)CCCCCCC/C=C\CCCCCCCC)CNCCN1CCOCC1,JW_2024,JW_2024,1
-7.7057667,0.781765627,CCCCCCCC/C=C\CCCCCCCC(=O)OCCCCCC(O)C(CCCCOC(=O)CCCCCCC/C=C\CCCCCCCC)CNCCN1CCOCC1,JW_2024,JW_2024,1
-5.8574314,-0.402254268,CCCCCCCC/C=C\CCCCCCCC(=O)OCCCCCC(O)C(CCCCOC(=O)CCCCCCC/C=C\CCCCCCCC)CNCCN1CCOCC1,JW_2024,JW_2024,0
-6.1086087,1.124723113,CCCCCCCC/C=C\CCCCCCCC(=O)OCCCCCC(O)C(CCCCOC(=O)CCCCCCC/C=C\CCCCCCCC)CNCCN1CCOCC1,JW_2024,JW_2024,1
-7.3900404,1.459514945,CCCCCCCC/C=C\CCCCCCCC(=O)OCCCCCC(O)C(CCCCOC(=O)CCCCCCC/C=C\CCCCCCCC)CNCCN1CCOCC1,JW_2024,JW_2024,2
-5.0568604,-0.66355521,CCCCCCCC/C=C\CCCCCCCC(=O)OCCCCCC(O)C(CCCCOC(=O)CCCCCCC/C=C\CCCCCCCC)CNCCN1CCCC1,JW_2024,JW_2024,0
-5.247798,1.337030129,CCCCCCCC/C=C\CCCCCCCC(=O)OCCCCCC(O)C(CCCCOC(=O)CCCCCCC/C=C\CCCCCCCC)CNCCN1CCCC1,JW_2024,JW_2024,2
-5.048971,0.569458611,CCCCCCCC/C=C\CCCCCCCC(=O)OCCCCCC(O)C(CCCCOC(=O)CCCCCCC/C=C\CCCCCCCC)CNCCN1CCCC1,JW_2024,JW_2024,1
-6.0548153,0.495967721,CCCCCCCC/C=C\CCCCCCCC(=O)OCCCCCC(O)C(CCCCOC(=O)CCCCCCC/C=C\CCCCCCCC)CNCCN1CCCC1,JW_2024,JW_2024,1
-5.184593,1.328864474,CCCCCCCC/C=C\CCCCCCCC(=O)OCCCCCC(O)C(CCCCOC(=O)CCCCCCC/C=C\CCCCCCCC)CNCCN1CCCC1,JW_2024,JW_2024,2
-5.396204,0.602121229,CCCCCCCC/C=C\CCCCCCCC(=O)OCCCCCC(O)C(CCCCOC(=O)CCCCCCC/C=C\CCCCCCCC)CNCCN1CCCC1,JW_2024,JW_2024,1
-4.909206,-0.263438142,CCCCCCCC/C=C\CCCCCCCC(=O)OCCCCCC(O)C(CCCCOC(=O)CCCCCCC/C=C\CCCCCCCC)CNCCN1CCCC1,JW_2024,JW_2024,0
-5.2430344,1.059397878,CCCCCCCC/C=C\CCCCCCCC(=O)OCCCCCC(O)C(CCCCOC(=O)CCCCCCC/C=C\CCCCCCCC)CNCCN1CCCC1,JW_2024,JW_2024,1
-5.00232,1.083894841,CCCCCCCC/C=C\CCCCCCCC(=O)OCCCCCC(O)C(CCCCOC(=O)CCCCCCC/C=C\CCCCCCCC)CNCCN1CCCC1,JW_2024,JW_2024,1
-4.403338,-0.379479363,CCCCCCCC/C=C\CCCCCCCC(=O)OCCCCCCN(C)CCOC(=O)OCCN(C)CCCCCC(=O)OC(CCCCCCCC)CCCCCCCC,JW_2024,JW_2024,0
-4.8505445,-0.188865529,CCCCCCCC/C=C\CCCCCCCC(=O)OCCCCCCN(C)CCOC(=O)OCCN(C)CCCCCC(=O)OC(CCCCCCCC)CCCCCCCC,JW_2024,JW_2024,0
-4.435674,0.977691136,CCCCCCCC/C=C\CCCCCCCC(=O)OCCCCCCN(C)CCOC(=O)OCCN(C)CCCCCC(=O)OC(CCCCCCCC)CCCCCCCC,JW_2024,JW_2024,1
-5.817492,-0.265111062,CCCCCCCC/C=C\CCCCCCCC(=O)OCCCCCCN(C)CCOC(=O)OCCN(C)CCCCCC(=O)OC(CCCCCCCC)CCCCCCCC,JW_2024,JW_2024,0
-5.1846285,-0.249861956,CCCCCCCC/C=C\CCCCCCCC(=O)OCCCCCCN(C)CCOC(=O)OCCN(C)CCCCCC(=O)OC(CCCCCCCC)CCCCCCCC,JW_2024,JW_2024,0
-5.0917244,-0.470974003,CCCCCCCC/C=C\CCCCCCCC(=O)OCCCCCCN(C)CCOC(=O)OCCN(C)CCCCCC(=O)OC(CCCCCCCC)CCCCCCCC,JW_2024,JW_2024,0
-4.2645283,-0.173616422,CCCCCCCC/C=C\CCCCCCCC(=O)OCCCCCCN(C)CCOC(=O)OCCN(C)CCCCCC(=O)OC(CCCCCCCC)CCCCCCCC,JW_2024,JW_2024,0
-4.5354066,-0.44047579,CCCCCCCC/C=C\CCCCCCCC(=O)OCCCCCCN(C)CCOC(=O)OCCN(C)CCCCCC(=O)OC(CCCCCCCC)CCCCCCCC,JW_2024,JW_2024,0
-5.968552,-0.211739189,CCCCCCCC/C=C\CCCCCCCC(=O)OCCCCCCN(C)CCOC(=O)OCCN(C)CCCCCC(=O)OC(CCCCCCCC)CCCCCCCC,JW_2024,JW_2024,0
-3.75471,-1.286801213,CCCCCCCCCCCCCCCCCC(=O)OCCCCCCN(C)CCOC(=O)OCCN(C)CCCCCCOC(=O)CCCCCCCCCCCCCCCCC,JW_2024,JW_2024,0
-4.8204026,-0.470974003,CCCCCCCCCCCCCCCCCC(=O)OCCCCCCN(C)CCOC(=O)OCCN(C)CCCCCCOC(=O)CCCCCCCCCCCCCCCCC,JW_2024,JW_2024,0
-4.346896,-0.478598557,CCCCCCCCCCCCCCCCCC(=O)OCCCCCCN(C)CCOC(=O)OCCN(C)CCCCCCOC(=O)CCCCCCCCCCCCCCCCC,JW_2024,JW_2024,0
-6.355804,-0.44047579,CCCCCCCCCCCCCCCCCC(=O)OCCCCCCN(C)CCOC(=O)OCCN(C)CCCCCCOC(=O)CCCCCCCCCCCCCCCCC,JW_2024,JW_2024,0
-5.4834056,-0.188865529,CCCCCCCCCCCCCCCCCC(=O)OCCCCCCN(C)CCOC(=O)OCCN(C)CCCCCCOC(=O)CCCCCCCCCCCCCCCCC,JW_2024,JW_2024,0
-5.389988,-0.425226683,CCCCCCCCCCCCCCCCCC(=O)OCCCCCCN(C)CCOC(=O)OCCN(C)CCCCCCOC(=O)CCCCCCCCCCCCCCCCC,JW_2024,JW_2024,0
-4.3357606,-0.165991869,CCCCCCCCCCCCCCCCCC(=O)OCCCCCCN(C)CCOC(=O)OCCN(C)CCCCCCOC(=O)CCCCCCCCCCCCCCCCC,JW_2024,JW_2024,0
-4.7600074,-0.867450778,CCCCCCCCCCCCCCCCCC(=O)OCCCCCCN(C)CCOC(=O)OCCN(C)CCCCCCOC(=O)CCCCCCCCCCCCCCCCC,JW_2024,JW_2024,0
-5.7003784,0.116116606,CCCCCCCCCCCCCCCCCC(=O)OCCCCCCN(C)CCOC(=O)OCCN(C)CCCCCCOC(=O)CCCCCCCCCCCCCCCCC,JW_2024,JW_2024,1
-4.429425,-0.943696312,CCCCC/C=C\C/C=C\CCCCCCCC(=O)OCCCCCCN(C)CCOC(=O)OCCN(C)CCCCCCOC(=O)CCCCCCC/C=C\C/C=C\CCCCC,JW_2024,JW_2024,0
-5.306941,-0.234612849,CCCCC/C=C\C/C=C\CCCCCCCC(=O)OCCCCCCN(C)CCOC(=O)OCCN(C)CCCCCCOC(=O)CCCCCCC/C=C\C/C=C\CCCCC,JW_2024,JW_2024,0
-4.3156514,-0.547219537,CCCCC/C=C\C/C=C\CCCCCCCC(=O)OCCCCCCN(C)CCOC(=O)OCCN(C)CCCCCCOC(=O)CCCCCCC/C=C\C/C=C\CCCCC,JW_2024,JW_2024,0
-5.4675655,-0.448100343,CCCCC/C=C\C/C=C\CCCCCCCC(=O)OCCCCCCN(C)CCOC(=O)OCCN(C)CCCCCCOC(=O)CCCCCCC/C=C\C/C=C\CCCCC,JW_2024,JW_2024,0
-4.5699854,-0.143118209,CCCCC/C=C\C/C=C\CCCCCCCC(=O)OCCCCCCN(C)CCOC(=O)OCCN(C)CCCCCCOC(=O)CCCCCCC/C=C\C/C=C\CCCCC,JW_2024,JW_2024,0
-4.4128127,-1.180057466,CCCCC/C=C\C/C=C\CCCCCCCC(=O)OCCCCCCN(C)CCOC(=O)OCCN(C)CCCCCCOC(=O)CCCCCCC/C=C\C/C=C\CCCCC,JW_2024,JW_2024,0
-4.1402063,-0.356605703,CCCCC/C=C\C/C=C\CCCCCCCC(=O)OCCCCCCN(C)CCOC(=O)OCCN(C)CCCCCCOC(=O)CCCCCCC/C=C\C/C=C\CCCCC,JW_2024,JW_2024,0
-4.922816,-0.181240975,CCCCC/C=C\C/C=C\CCCCCCCC(=O)OCCCCCCN(C)CCOC(=O)OCCN(C)CCCCCCOC(=O)CCCCCCC/C=C\C/C=C\CCCCC,JW_2024,JW_2024,0
-5.020807,0.001748305,CCCCC/C=C\C/C=C\CCCCCCCC(=O)OCCCCCCN(C)CCOC(=O)OCCN(C)CCCCCCOC(=O)CCCCCCC/C=C\C/C=C\CCCCC,JW_2024,JW_2024,0
-3.1121392,-1.096187379,CCCCCCCCCCCCCCCCCC(=O)OCCCCCCN(C)CCOC(=O)OCCN(C)CCCCCC(=O)OC(CCCCCCCC)CCCCCCCC,JW_2024,JW_2024,0
-4.2009916,-0.097370888,CCCCCCCCCCCCCCCCCC(=O)OCCCCCCN(C)CCOC(=O)OCCN(C)CCCCCC(=O)OC(CCCCCCCC)CCCCCCCC,JW_2024,JW_2024,0
-4.0604587,0.138990266,CCCCCCCCCCCCCCCCCC(=O)OCCCCCCN(C)CCOC(=O)OCCN(C)CCCCCC(=O)OC(CCCCCCCC)CCCCCCCC,JW_2024,JW_2024,1
-5.589154,-0.188865529,CCCCCCCCCCCCCCCCCC(=O)OCCCCCCN(C)CCOC(=O)OCCN(C)CCCCCC(=O)OC(CCCCCCCC)CCCCCCCC,JW_2024,JW_2024,0
-5.1892967,-0.196490082,CCCCCCCCCCCCCCCCCC(=O)OCCCCCCN(C)CCOC(=O)OCCN(C)CCCCCC(=O)OC(CCCCCCCC)CCCCCCCC,JW_2024,JW_2024,0
-5.170763,-0.699710604,CCCCCCCCCCCCCCCCCC(=O)OCCCCCCN(C)CCOC(=O)OCCN(C)CCCCCC(=O)OC(CCCCCCCC)CCCCCCCC,JW_2024,JW_2024,0
-3.927765,-0.859826225,CCCCCCCCCCCCCCCCCC(=O)OCCCCCCN(C)CCOC(=O)OCCN(C)CCCCCC(=O)OC(CCCCCCCC)CCCCCCCC,JW_2024,JW_2024,0
-3.304895,-0.196490082,CCCCCCCCCCCCCCCCCC(=O)OCCCCCCN(C)CCOC(=O)OCCN(C)CCCCCC(=O)OC(CCCCCCCC)CCCCCCCC,JW_2024,JW_2024,0
-5.7129087,-0.249861956,CCCCCCCCCCCCCCCCCC(=O)OCCCCCCN(C)CCOC(=O)OCCN(C)CCCCCC(=O)OC(CCCCCCCC)CCCCCCCC,JW_2024,JW_2024,0
-5.5650644,-0.941187461,CCCCC/C=C\C/C=C\CCCCCCCC(=O)OCCCCCC(O)C(CCCCOC(=O)CCCCCCC/C=C\C/C=C\CCCCC)CN(C)CCCNC,JW_2024,JW_2024,0
-5.78233,-0.475745158,CCCCC/C=C\C/C=C\CCCCCCCC(=O)OCCCCCC(O)C(CCCCOC(=O)CCCCCCC/C=C\C/C=C\CCCCC)CN(C)CCCNC,JW_2024,JW_2024,0
-5.4703083,-0.483910812,CCCCC/C=C\C/C=C\CCCCCCCC(=O)OCCCCCC(O)C(CCCCOC(=O)CCCCCCC/C=C\C/C=C\CCCCC)CNCCN1CCOCC1,JW_2024,JW_2024,0
-6.071086,1.255373584,CCCCC/C=C\C/C=C\CCCCCCCC(=O)OCCCCCC(O)C(CCCCOC(=O)CCCCCCC/C=C\C/C=C\CCCCC)CNCCN1CCOCC1,JW_2024,JW_2024,1
-6.280419,0.683777773,CCCCC/C=C\C/C=C\CCCCCCCC(=O)OCCCCCC(O)C(CCCCOC(=O)CCCCCCC/C=C\C/C=C\CCCCC)CNCCN1CCCC1,JW_2024,JW_2024,1
-6.4609094,0.838925208,CCCCC/C=C\C/C=C\CCCCCCCC(=O)OCCCCCC(O)C(CCCCOC(=O)CCCCCCC/C=C\C/C=C\CCCCC)CNCCN1CCCC1,JW_2024,JW_2024,1
-6.522564,-0.173615943,CCCCC/C=C\C/C=C\CCCCCCCC(=O)OCCCCCC(O)C(CCCCOC(=O)CCCCCCC/C=C\C/C=C\CCCCC)CN(C)CCN(C)C,JW_2024,JW_2024,0
-6.3429513,0.863422171,CCCCC/C=C\C/C=C\CCCCCCCC(=O)OCCCCCC(O)C(CCCCOC(=O)CCCCCCC/C=C\C/C=C\CCCCC)CN(C)CCN(C)C,JW_2024,JW_2024,1
-5.0139995,-0.067462436,CCCCC/C=C\C/C=C\CCCCCCCC(=O)OCCCCCC(O)C(CCCCOC(=O)CCCCCCC/C=C\C/C=C\CCCCC)CNCCCn1ccnc1,JW_2024,JW_2024,0
-4.7752194,0.283660706,CCCCC/C=C\C/C=C\CCCCCCCC(=O)OCCCCCC(O)C(CCCCOC(=O)CCCCCCC/C=C\C/C=C\CCCCC)CNCCCn1ccnc1,JW_2024,JW_2024,1
-4.5671825,1.018569606,CCCCC/C=C\C/C=C\CCCCCCCC(=O)OCCCCCC(O)C(CCCCOC(=O)CCCCCCC/C=C\C/C=C\CCCCC)CNCCN(C)CCNCC(CCCCOC(=O)CCCCCCC/C=C\C/C=C\CCCCC)C(O)CCCCCOC(=O)CCCCCCC/C=C\C/C=C\CCCCC,JW_2024,JW_2024,1
-4.8498526,1.516674527,CCCCC/C=C\C/C=C\CCCCCCCC(=O)OCCCCCC(O)C(CCCCOC(=O)CCCCCCC/C=C\C/C=C\CCCCC)CNCCN(C)CCNCC(CCCCOC(=O)CCCCCCC/C=C\C/C=C\CCCCC)C(O)CCCCCOC(=O)CCCCCCC/C=C\C/C=C\CCCCC,JW_2024,JW_2024,2
-6.0231385,-0.385922959,CCCCC/C=C\C/C=C\CCCCCCCC(=O)OCCCCCC(O)C(CCCCOC(=O)CCCCCCC/C=C\C/C=C\CCCCC)CNCCCN(C)C,JW_2024,JW_2024,0
-6.592714,-0.255272488,CCCCC/C=C\C/C=C\CCCCCCCC(=O)OCCCCCC(O)C(CCCCOC(=O)CCCCCCC/C=C\C/C=C\CCCCC)CNCCCN(C)C,JW_2024,JW_2024,0
-4.245057,-0.459413849,CCCCC/C=C\C/C=C\CCCCCCCC(=O)OCCCCCC(O)C(CCCCOC(=O)CCCCCCC/C=C\C/C=C\CCCCC)CNCCN1CCN(C)CC1,JW_2024,JW_2024,0
-5.5149193,-0.483910812,CCCCC/C=C\C/C=C\CCCCCCCC(=O)OCCCCCC(O)C(CCCCOC(=O)CCCCCCC/C=C\C/C=C\CCCCC)CNCCN1CCN(C)CC1,JW_2024,JW_2024,0
-4.5710125,-0.7370461,CCCCC/C=C\C/C=C\CCCCCCCC(=O)OCCCCCC(O)C(CCCCOC(=O)CCCCCCC/C=C\C/C=C\CCCCC)CN1CCCN(C)CC1,JW_2024,JW_2024,0
-4.6757126,-0.214444216,CCCCC/C=C\C/C=C\CCCCCCCC(=O)OCCCCCC(O)C(CCCCOC(=O)CCCCCCC/C=C\C/C=C\CCCCC)CN1CCCN(C)CC1,JW_2024,JW_2024,0
-6.1150813,-0.385922959,CCCCC/C=C\C/C=C\CCCCCCCC(=O)OCCCCCC(O)C(CCCCOC(=O)CCCCCCC/C=C\C/C=C\CCCCC)CNCCCN1CCCCC1CC,JW_2024,JW_2024,0
-6.160244,0.046856727,CCCCC/C=C\C/C=C\CCCCCCCC(=O)OCCCCCC(O)C(CCCCOC(=O)CCCCCCC/C=C\C/C=C\CCCCC)CNCCCN1CCCCC1CC,JW_2024,JW_2024,1
-5.910137,-1.210654058,CCCCC/C=C\C/C=C\CCCCCCCC(=O)OCCCCCC(O)C(CCCCOC(=O)CCCCCCC/C=C\C/C=C\CCCCC)CNCCN1CCCCC1,JW_2024,JW_2024,0
-5.648409,-1.145328822,CCCCC/C=C\C/C=C\CCCCCCCC(=O)OCCCCCC(O)C(CCCCOC(=O)CCCCCCC/C=C\C/C=C\CCCCC)CNCCN1CCCCC1,JW_2024,JW_2024,0
-6.082574,1.092060496,CCCCC/C=C\C/C=C\CCCCCCCC(=O)OCCCCCC(O)C(CCCCOC(=O)CCCCCCC/C=C\C/C=C\CCCCC)CNCCNCCN1CCN(CCNCC(CCCCOC(=O)CCCCCCC/C=C\C/C=C\CCCCC)C(O)CCCCCOC(=O)CCCCCCC/C=C\C/C=C\CCCCC)CC1,JW_2024,JW_2024,1
-6.000523,1.10022615,CCCCC/C=C\C/C=C\CCCCCCCC(=O)OCCCCCC(O)C(CCCCOC(=O)CCCCCCC/C=C\C/C=C\CCCCC)CNCCNCCN1CCN(CCNCC(CCCCOC(=O)CCCCCCC/C=C\C/C=C\CCCCC)C(O)CCCCCOC(=O)CCCCCCC/C=C\C/C=C\CCCCC)CC1,JW_2024,JW_2024,1
-4.8064284,-0.769708718,CCCCC/C=C\C/C=C\CCCCCCCC(=O)OCCCCCC(O)C(CCCCOC(=O)CCCCCCC/C=C\C/C=C\CCCCC)CN1CCN(CC(CCCCOC(=O)CCCCCCC/C=C\C/C=C\CCCCC)C(O)CCCCCOC(=O)CCCCCCC/C=C\C/C=C\CCCCC)CC1,JW_2024,JW_2024,0
-4.637738,-0.304266414,CCCCC/C=C\C/C=C\CCCCCCCC(=O)OCCCCCC(O)C(CCCCOC(=O)CCCCCCC/C=C\C/C=C\CCCCC)CN1CCN(CC(CCCCOC(=O)CCCCCCC/C=C\C/C=C\CCCCC)C(O)CCCCCOC(=O)CCCCCCC/C=C\C/C=C\CCCCC)CC1,JW_2024,JW_2024,0
-5.728615,0.561292957,CCCCC/C=C\C/C=C\CCCCCCCC(=O)OCCCCCC(O)C(CCCCOC(=O)CCCCCCC/C=C\C/C=C\CCCCC)CNCCCN(CCCC)CCCC,JW_2024,JW_2024,1
-5.8679833,1.598331071,CCCCC/C=C\C/C=C\CCCCCCCC(=O)OCCCCCC(O)C(CCCCOC(=O)CCCCCCC/C=C\C/C=C\CCCCC)CNCCCN(CCCC)CCCC,JW_2024,JW_2024,2
-5.740308,0.202004161,CCCCC/C=C\C/C=C\CCCCCCCC(=O)OCCCCCC(O)C(CCCCOC(=O)CCCCCCC/C=C\C/C=C\CCCCC)CNCCCN(CCO)CCO,JW_2024,JW_2024,1
-5.7079735,0.128513271,CCCCC/C=C\C/C=C\CCCCCCCC(=O)OCCCCCC(O)C(CCCCOC(=O)CCCCCCC/C=C\C/C=C\CCCCC)CNCCCN(CCO)CCO,JW_2024,JW_2024,1
-5.187044,0.299992015,CCCCC/C=C\C/C=C\CCCCCCCC(=O)OCCCCCC(O)C(CCCCOC(=O)CCCCCCC/C=C\C/C=C\CCCCC)CNCCCNCC(CCCCOC(=O)CCCCCCC/C=C\C/C=C\CCCCC)C(O)CCCCCOC(=O)CCCCCCC/C=C\C/C=C\CCCCC,JW_2024,JW_2024,1
-5.5270953,0.781765627,CCCCC/C=C\C/C=C\CCCCCCCC(=O)OCCCCCC(O)C(CCCCOC(=O)CCCCCCC/C=C\C/C=C\CCCCC)CNCCCNCC(CCCCOC(=O)CCCCCCC/C=C\C/C=C\CCCCC)C(O)CCCCCOC(=O)CCCCCCC/C=C\C/C=C\CCCCC,JW_2024,JW_2024,1
-5.3563004,-1.284144948,CCCCC/C=C\C/C=C\CCCCCCCC(=O)OCCCCCC(O)C(CCCCOC(=O)CCCCCCC/C=C\C/C=C\CCCCC)CN(C)CCCN(C)CC(CCCCOC(=O)CCCCCCC/C=C\C/C=C\CCCCC)C(O)CCCCCOC(=O)CCCCCCC/C=C\C/C=C\CCCCC,JW_2024,JW_2024,0
-5.1295223,-0.908524843,CCCCC/C=C\C/C=C\CCCCCCCC(=O)OCCCCCC(O)C(CCCCOC(=O)CCCCCCC/C=C\C/C=C\CCCCC)CN(C)CCCN(C)CC(CCCCOC(=O)CCCCCCC/C=C\C/C=C\CCCCC)C(O)CCCCCOC(=O)CCCCCCC/C=C\C/C=C\CCCCC,JW_2024,JW_2024,0
-5.032057,-0.532904739,CCCCCCCC/C=C\CCCCCCCC(=O)OCCCCCC(O)C(CCCCOC(=O)CCCCCCC/C=C\CCCCCCCC)CNCCNCCN1CCN(CCNCC(CCCCOC(=O)CCCCCCC/C=C\CCCCCCCC)C(O)CCCCCOC(=O)CCCCCCC/C=C\CCCCCCCC)CC1,JW_2024,JW_2024,0
-5.163084,-0.091959399,CCCCCCCC/C=C\CCCCCCCC(=O)OCCCCCC(O)C(CCCCOC(=O)CCCCCCC/C=C\CCCCCCCC)CNCCNCCN1CCN(CCNCC(CCCCOC(=O)CCCCCCC/C=C\CCCCCCCC)C(O)CCCCCOC(=O)CCCCCCC/C=C\CCCCCCCC)CC1,JW_2024,JW_2024,0
-4.266726,1.622828034,CCCCCCCC/C=C\CCCCCCCC(=O)OCCCCCC(O)C(CCCCOC(=O)CCCCCCC/C=C\CCCCCCCC)CNCCN(C)CCNCC(CCCCOC(=O)CCCCCCC/C=C\CCCCCCCC)C(O)CCCCCOC(=O)CCCCCCC/C=C\CCCCCCCC,JW_2024,JW_2024,2
-3.85414,1.590165417,CCCCCCCC/C=C\CCCCCCCC(=O)OCCCCCC(O)C(CCCCOC(=O)CCCCCCC/C=C\CCCCCCCC)CNCCN(C)CCNCC(CCCCOC(=O)CCCCCCC/C=C\CCCCCCCC)C(O)CCCCCOC(=O)CCCCCCC/C=C\CCCCCCCC,JW_2024,JW_2024,2
-2.7659624,-0.532904739,CCCCCCCC/C=C\CCCCCCCC(=O)OCCCCCC(O)C(CCCCOC(=O)CCCCCCC/C=C\CCCCCCCC)CNCCN1CCN(C)CC1,JW_2024,JW_2024,0
-3.9382818,-0.44308254,CCCCCCCC/C=C\CCCCCCCC(=O)OCCCCCC(O)C(CCCCOC(=O)CCCCCCC/C=C\CCCCCCCC)CNCCN1CCN(C)CC1,JW_2024,JW_2024,0
-4.142162,-0.042965472,CCCCCCCC/C=C\CCCCCCCC(=O)OCCCCCC(O)C(CCCCOC(=O)CCCCCCC/C=C\CCCCCCCC)CNCCCN(CCO)CCO,JW_2024,JW_2024,0
-4.716566,0.51229903,CCCCCCCC/C=C\CCCCCCCC(=O)OCCCCCC(O)C(CCCCOC(=O)CCCCCCC/C=C\CCCCCCCC)CNCCCN(CCO)CCO,JW_2024,JW_2024,1
-3.8110552,1.610606694,CCCCCCC(C/C=C\CCCCCCCCOC(=O)CCN(CCC(=O)OCCCCCCCC/C=C\CC(CCCCCC)OC(=O)CCCC1CCCCC1)CCN1CCCC1)OC(=O)CCCC1CCCCC1,JW_2024,JW_2024,2
-2.874822,1.25980659,CCCCCCCCCCCC(=O)OC(C/C=C\CCCCCCCCOC(=O)CCN(CCC(=O)OCCCCCCCC/C=C\CC(CCCCCC)OC(=O)CCCCCCCCCCC)CCN1CCCC1)CCCCCC,JW_2024,JW_2024,1
-2.0630796,0.774083369,CCCCCCCCC(CCCCCC)C(=O)OC(C/C=C\CCCCCCCCOC(=O)CCN(CCCN(CC)CC)CCC(=O)OCCCCCCCC/C=C\CC(CCCCCC)OC(=O)C(CCCCCC)CCCCCCCC)CCCCCC,JW_2024,JW_2024,1
-1.4326229,1.016944979,CCCCC/C=C\CCC(=O)OC(C/C=C\CCCCCCCCOC(=O)CCN(CCCN(CC)CC)CCC(=O)OCCCCCCCC/C=C\CC(CCCCCC)OC(=O)CC/C=C\CCCCC)CCCCCC,JW_2024,JW_2024,1
-4.117314,0.49524226,CCCCCCCC/C=C\CCCCCCCC(=O)OC(C/C=C\CCCCCCCCOC(=O)CCN(CCC(=O)OCCCCCCCC/C=C\CC(CCCCCC)OC(=O)CCCCCCC/C=C\CCCCCCCC)CCc1ccncc1)CCCCCC,JW_2024,JW_2024,1
-4.276139,1.403724582,CCCCCCCC/C=C\CCCCCCCC(=O)OC(C/C=C\CCCCCCCCOC(=O)CCN(CCC(=O)OCCCCCCCC/C=C\CC(CCCCCC)OC(=O)CCCCCCC/C=C\CCCCCCCC)CCN1CCCC1)CCCCCC,JW_2024,JW_2024,2
-5.104673,0.144442156,CCCCC/C=C\C/C=C\CCCCCCCC(=O)OC(C/C=C\CCCCCCCCOC(=O)CCN(CCC(=O)OCCCCCCCC/C=C\CC(CCCCCC)OC(=O)CCCCCCC/C=C\C/C=C\CCCCC)CCc1ccncc1)CCCCCC,JW_2024,JW_2024,1
-2.6380646,1.466688703,CCCCC/C=C\C/C=C\CCCCCCCC(=O)OC(C/C=C\CCCCCCCCOC(=O)CCN(CCCN(CC)CC)CCC(=O)OCCCCCCCC/C=C\CC(CCCCCC)OC(=O)CCCCCCC/C=C\C/C=C\CCCCC)CCCCCC,JW_2024,JW_2024,2
-1.4326229,1.376739958,CCCCC/C=C\CCC(=O)OC(C/C=C\CCCCCCCCOC(=O)CCN(CCCN(CC)CC)CCC(=O)OCCCCCCCC/C=C\CC(CCCCCC)OC(=O)CC/C=C\CCCCC)CCCCCC,JW_2024,JW_2024,2
-3.6776857,0.07248316,CCCCC/C=C\CCC(=O)OC(C/C=C\CCCCCCCCOC(=O)CCN(CCC(=O)OCCCCCCCC/C=C\CC(CCCCCC)OC(=O)CC/C=C\CCCCC)CCN(CCCC)CCCC)CCCCCC,JW_2024,JW_2024,1
-4.3971753,-0.35027594,CCCCCCCC/C=C\CCCCCCCC(=O)OC(C/C=C\CCCCCCCCOC(=O)CCN(CCCN(CCCC)CCCC)CCC(=O)OCCCCCCCC/C=C\CC(CCCCCC)OC(=O)CCCCCCC/C=C\CCCCCCCC)CCCCCC,JW_2024,JW_2024,0
-4.715486,0.630165377,CCCCC/C=C\C/C=C\CCCCCCCC(=O)OC(C/C=C\CCCCCCCCOC(=O)CCN(CCCN(CCCC)CCCC)CCC(=O)OCCCCCCCC/C=C\CC(CCCCCC)OC(=O)CCCCCCC/C=C\C/C=C\CCCCC)CCCCCC,JW_2024,JW_2024,1
-5.6561465,1.016944979,CCCCC/C=C\CCC(=O)OC(C/C=C\CCCCCCCCOC(=O)CCN(C)CCO)CCCCCC,JW_2024,JW_2024,1
-1.6344755,1.322770711,CCCCCCCC/C=C\CCCCCCCCCC(=O)OC(C/C=C\CCCCCCCCOC(=O)CCN(CCCN(CC)CC)CCC(=O)OCCCCCCCC/C=C\CC(CCCCCC)OC(=O)CCCCCCCCC/C=C\CCCCCCCC)CCCCCC,JW_2024,JW_2024,2
-3.0312023,0.828052616,CCCCCCCC/C=C\CCCCCCCCCC(=O)OC(C/C=C\CCCCCCCCOC(=O)CCN(CCCN(C)C)CCC(=O)OCCCCCCCC/C=C\CC(CCCCCC)OC(=O)CCCCCCCCC/C=C\CCCCCCCC)CCCCCC,JW_2024,JW_2024,1
-3.4018304,1.872136882,CCCCCCC(C/C=C\CCCCCCCCOC(=O)CCN(CCCN(C)C)CCC(=O)OCCCCCCCC/C=C\CC(CCCCCC)OC(C)=O)OC(C)=O,JW_2024,JW_2024,2
-3.5449078,0.918867775,CCCCCCC(C/C=C\CCCCCCCCOC(=O)CCN(CCC(=O)OCCCCCCCC/C=C\CC(CCCCCC)OC(C)=O)CCN(C)C)OC(C)=O,JW_2024,JW_2024,1
-3.1808088,0.952051244,CCCCCCC(C/C=C\CCCCCCCCOC(=O)CCN(CCCN(CC)CC)CCC(=O)OCCCCCCCC/C=C\CC(CCCCCC)OC(C)=O)OC(C)=O,JW_2024,JW_2024,1
-3.1808088,1.071291553,CCCCCCC(C/C=C\CCCCCCCCOC(=O)CCN(CCCN(CC)CC)CCC(=O)OCCCCCCCC/C=C\CC(CCCCCC)OC(C)=O)OC(C)=O,JW_2024,JW_2024,1
-3.4988322,1.494250671,CCCCCCC(C/C=C\CCCCCCCCOC(=O)CCN(CCCN(C)C)CCC(=O)OCCCCCCCC/C=C\CC(CCCCCC)OC(=O)CCC)OC(=O)CCC,JW_2024,JW_2024,2
-3.496428,1.310216386,CCCCCCC(C/C=C\CCCCCCCCOC(=O)CCN(CCC(=O)OCCCCCCCC/C=C\CC(CCCCCC)OC(=O)CCC)CCN(C)C)OC(=O)CCC,JW_2024,JW_2024,1
-3.239279,1.608387259,CCCCCCC(C/C=C\CCCCCCCCOC(=O)CCN(CCCN(CC)CC)CCC(=O)OCCCCCCCC/C=C\CC(CCCCCC)OC(=O)CCC)OC(=O)CCC,JW_2024,JW_2024,2
-3.1714242,1.078562255,CCCCCCC(C/C=C\CCCCCCCCOC(=O)CCN(CCC(=O)OCCCCCCCC/C=C\CC(CCCCCC)OC(=O)CCC)CCN(CC)CC)OC(=O)CCC,JW_2024,JW_2024,1
-4.2467837,1.569625684,CCCCCCC(C/C=C\CCCCCCCCOC(=O)CCN(CCCN(C)C)CCC(=O)OCCCCCCCC/C=C\CC(CCCCCC)OC(=O)CCCCC)OC(=O)CCCCC,JW_2024,JW_2024,2
-3.382277,1.589574973,CCCCCCC(C/C=C\CCCCCCCCOC(=O)CCN(CCC(=O)OCCCCCCCC/C=C\CC(CCCCCC)OC(=O)CCCCC)CCN(C)C)OC(=O)CCCCC,JW_2024,JW_2024,2
-3.832176,1.261675322,CCCCCCC(C/C=C\CCCCCCCCOC(=O)CCN(CCCN(CC)CC)CCC(=O)OCCCCCCCC/C=C\CC(CCCCCC)OC(=O)CCCCC)OC(=O)CCCCC,JW_2024,JW_2024,1
-3.3075967,1.172949892,CCCCCCC(C/C=C\CCCCCCCCOC(=O)CCN(CCC(=O)OCCCCCCCC/C=C\CC(CCCCCC)OC(=O)CCCCC)CCN(CC)CC)OC(=O)CCCCC,JW_2024,JW_2024,1
-3.7949018,1.667493322,CCCCCCC(=O)OC(C/C=C\CCCCCCCCOC(=O)CCN(CCCN(C)C)CCC(=O)OCCCCCCCC/C=C\CC(CCCCCC)OC(=O)CCCCCC)CCCCCC,JW_2024,JW_2024,2
-2.3731766,1.599086397,CCCCCCC(=O)OC(C/C=C\CCCCCCCCOC(=O)CCN(CCC(=O)OCCCCCCCC/C=C\CC(CCCCCC)OC(=O)CCCCCC)CCN(C)C)CCCCCC,JW_2024,JW_2024,2
-2.811818,1.19472266,CCCCCCC(=O)OC(C/C=C\CCCCCCCCOC(=O)CCN(CCCN(CC)CC)CCC(=O)OCCCCCCCC/C=C\CC(CCCCCC)OC(=O)CCCCCC)CCCCCC,JW_2024,JW_2024,1
-3.3684754,1.382945853,CCCCCCC(=O)OC(C/C=C\CCCCCCCCOC(=O)CCN(CCC(=O)OCCCCCCCC/C=C\CC(CCCCCC)OC(=O)CCCCCC)CCN(CC)CC)CCCCCC,JW_2024,JW_2024,2
-3.340029,1.588362456,CCCCCCCC(=O)OC(C/C=C\CCCCCCCCOC(=O)CCN(CCCN(C)C)CCC(=O)OCCCCCCCC/C=C\CC(CCCCCC)OC(=O)CCCCCCC)CCCCCC,JW_2024,JW_2024,2
-2.2474973,1.323703485,CCCCCCCC(=O)OC(C/C=C\CCCCCCCCOC(=O)CCN(CCC(=O)OCCCCCCCC/C=C\CC(CCCCCC)OC(=O)CCCCCCC)CCN(C)C)CCCCCC,JW_2024,JW_2024,2
-3.0934036,1.146634303,CCCCCCCC(=O)OC(C/C=C\CCCCCCCCOC(=O)CCN(CCCN(CC)CC)CCC(=O)OCCCCCCCC/C=C\CC(CCCCCC)OC(=O)CCCCCCC)CCCCCC,JW_2024,JW_2024,1
-3.8744648,0.919170858,CCCCCCCC(=O)OC(C/C=C\CCCCCCCCOC(=O)CCN(CCC(=O)OCCCCCCCC/C=C\CC(CCCCCC)OC(=O)CCCCCCC)CCN(CC)CC)CCCCCC,JW_2024,JW_2024,1
-2.7437003,0.885355186,CCCCCCCCCC(=O)OC(C/C=C\CCCCCCCCOC(=O)CCN(CCCN(C)C)CCC(=O)OCCCCCCCC/C=C\CC(CCCCCC)OC(=O)CCCCCCCCC)CCCCCC,JW_2024,JW_2024,1
-2.242897,1.18910882,CCCCCCCCCC(=O)OC(C/C=C\CCCCCCCCOC(=O)CCN(CCC(=O)OCCCCCCCC/C=C\CC(CCCCCC)OC(=O)CCCCCCCCC)CCN(C)C)CCCCCC,JW_2024,JW_2024,1
-2.6243517,0.984650117,CCCCCCCCCC(=O)OC(C/C=C\CCCCCCCCOC(=O)CCN(CCCN(CC)CC)CCC(=O)OCCCCCCCC/C=C\CC(CCCCCC)OC(=O)CCCCCCCCC)CCCCCC,JW_2024,JW_2024,1
-2.8686695,1.394729707,CCCCCCCCCC(=O)OC(C/C=C\CCCCCCCCOC(=O)CCN(CCC(=O)OCCCCCCCC/C=C\CC(CCCCCC)OC(=O)CCCCCCCCC)CCN(CC)CC)CCCCCC,JW_2024,JW_2024,2
-3.0645847,1.543275787,CCCCC/C=C\C/C=C\CCCCCCCC(=O)OC(C/C=C\CCCCCCCCOC(=O)CCN(CCCN(C)C)CCC(=O)OCCCCCCCC/C=C\CC(CCCCCC)OC(=O)CCCCCCC/C=C\C/C=C\CCCCC)CCCCCC,JW_2024,JW_2024,2
-3.166387,1.780616601,CCCCC/C=C\C/C=C\CCCCCCCC(=O)OC(C/C=C\CCCCCCCCOC(=O)CCN(CCC(=O)OCCCCCCCC/C=C\CC(CCCCCC)OC(=O)CCCCCCC/C=C\C/C=C\CCCCC)CCN(C)C)CCCCCC,JW_2024,JW_2024,2
-2.6380646,1.228063481,CCCCC/C=C\C/C=C\CCCCCCCC(=O)OC(C/C=C\CCCCCCCCOC(=O)CCN(CCCN(CC)CC)CCC(=O)OCCCCCCCC/C=C\CC(CCCCCC)OC(=O)CCCCCCC/C=C\C/C=C\CCCCC)CCCCCC,JW_2024,JW_2024,1
-4.227587,0.873026988,CCCCC/C=C\C/C=C\CCCCCCCC(=O)OC(C/C=C\CCCCCCCCOC(=O)CCN(CCC(=O)OCCCCCCCC/C=C\CC(CCCCCC)OC(=O)CCCCCCC/C=C\C/C=C\CCCCC)CCN(CC)CC)CCCCCC,JW_2024,JW_2024,1
-2.9795094,0.144442156,CCCCC/C=C\CCC(=O)OC(C/C=C\CCCCCCCCOC(=O)CCN(CCCCN(C)C)CCC(=O)OCCCCCCCC/C=C\CC(CCCCCC)OC(=O)CC/C=C\CCCCC)CCCCCC,JW_2024,JW_2024,1
-2.495691,-0.494193931,CCCCCCCC/C=C\CCCCCCCC(=O)OC(C/C=C\CCCCCCCCOC(=O)CCN(CCCN(CC)CC)CCC(=O)OCCCCCCCC/C=C\CC(CCCCCC)OC(=O)CCCCCCC/C=C\CCCCCCCC)CCCCCC,JW_2024,JW_2024,0
-5.357548,-0.200149607,CCCCCCCCCC(=O)OCCCCCC(O)C(CCCCOC(=O)CCCCCCCCC)CN(C)CCCn1cccn1,JW_2024,JW_2024,0
-5.400583,0.140562366,CCCCCCCCCCC(=O)OCCCCCC(O)C(CCCCOC(=O)CCCCCCCCCC)CN(C)CCCn1cccn1,JW_2024,JW_2024,1
-5.7581177,1.063890387,CCCCCCCCCCCC(=O)OCCCCCC(O)C(CCCCOC(=O)CCCCCCCCCCC)CN(C)CCCn1cccn1,JW_2024,JW_2024,1
-6.172032,1.054593913,CCCCCCCCCCCCC(=O)OCCCCCC(O)C(CCCCOC(=O)CCCCCCCCCCCC)CN(C)CCCn1cccn1,JW_2024,JW_2024,1
-5.992087,-0.521079974,CCCCCCCCCCCCCC(=O)OCCCCCC(O)C(CCCCOC(=O)CCCCCCCCCCCCC)CN(C)CCCn1cccn1,JW_2024,JW_2024,0
-6.1263266,-0.371293668,CCCCCCCCCCCCCCC(=O)OCCCCCC(O)C(CCCCOC(=O)CCCCCCCCCCCCCC)CN(C)CCCn1cccn1,JW_2024,JW_2024,0
-5.937967,1.090084865,CCCCCCCCCCCCCCCCC(=O)OCCCCCC(O)C(CCCCOC(=O)CCCCCCCCCCCCCCCC)CN(C)CCCn1cccn1,JW_2024,JW_2024,1
-5.4098415,0.127976423,CCCCCCCCCCCCCCCCCC(=O)OCCCCCC(O)C(CCCCOC(=O)CCCCCCCCCCCCCCCCC)CN(C)CCCn1cccn1,JW_2024,JW_2024,1
-4.2416058,0.047011492,CCCCC/C=C\C/C=C\CCCCCCCC(=O)OCCCCCC(O)C(CCCCOC(=O)CCCCCCC/C=C\C/C=C\CCCCC)CN(C)CCCn1cccn1,JW_2024,JW_2024,1
-5.2407093,0.161211619,CCCCCCCCCC(=O)OCCCCCC(O)C(CCCCOC(=O)CCCCCCCCC)CNCCCN(CCCC)CCCC,JW_2024,JW_2024,1
-4.4450397,0.496896334,CCCCCCCCCCC(=O)OCCCCCC(O)C(CCCCOC(=O)CCCCCCCCCC)CNCCCN(CCCC)CCCC,JW_2024,JW_2024,1
-4.5689206,0.829933974,CCCCCCCCCCCC(=O)OCCCCCC(O)C(CCCCOC(=O)CCCCCCCCCCC)CNCCCN(CCCC)CCCC,JW_2024,JW_2024,1
-4.9019265,1.378556345,CCCCCCCCCCCCC(=O)OCCCCCC(O)C(CCCCOC(=O)CCCCCCCCCCCC)CNCCCN(CCCC)CCCC,JW_2024,JW_2024,2
-5.06577,1.325952472,CCCCCCCCCCCCCC(=O)OCCCCCC(O)C(CCCCOC(=O)CCCCCCCCCCCCC)CNCCCN(CCCC)CCCC,JW_2024,JW_2024,2
-5.208968,1.345236906,CCCCCCCCCCCCCCC(=O)OCCCCCC(O)C(CCCCOC(=O)CCCCCCCCCCCCCC)CNCCCN(CCCC)CCCC,JW_2024,JW_2024,2
-5.3722315,1.406837941,CCCCCCCCCCCCCCCC(=O)OCCCCCC(O)C(CCCCOC(=O)CCCCCCCCCCCCCCC)CNCCCN(CCCC)CCCC,JW_2024,JW_2024,2
-4.9013476,1.592550269,CCCCCCCCCCCCCCCCC(=O)OCCCCCC(O)C(CCCCOC(=O)CCCCCCCCCCCCCCCC)CNCCCN(CCCC)CCCC,JW_2024,JW_2024,2
-4.9630523,1.338693262,CCCCCCCCCCCCCCCCCC(=O)OCCCCCC(O)C(CCCCOC(=O)CCCCCCCCCCCCCCCCC)CNCCCN(CCCC)CCCC,JW_2024,JW_2024,2
-4.7913756,1.499914887,CCCCCCCC/C=C\CCCCCCCC(=O)OCCCCCC(O)C(CCCCOC(=O)CCCCCCC/C=C\CCCCCCCC)CNCCCN(CCCC)CCCC,JW_2024,JW_2024,2
-4.7913756,1.345862273,CCCCCCCC/C=C\CCCCCCCC(=O)OCCCCCC(O)C(CCCCOC(=O)CCCCCCC/C=C\CCCCCCCC)CNCCCN(CCCC)CCCC,JW_2024,JW_2024,2
-5.249974,0.089843982,CCCCCCCCC(=O)OCCCCCC(O)C(CCCCOC(=O)CCCCCCCC)CNCCCN(CCCC)CCCC,JW_2024,JW_2024,1
