cv_1_pred_Experiment_value,Experiment_value,smiles,Experiment_ID,experiment_id,rel
-3.1487594,2.525359966,CCCCCCCCCCCCCCCCCCOC(=O)OC(C/C=C\CCCCCCCCOC(=O)CCN1CCC(CCCC2CCN(CCO)CC2)CC1)CCCCCC,BL_2023,BL_2023,3
-2.9234514,2.404854895,CCCCCCCC/C=C\CCCCCCCCOC(=O)OC(C/C=C\CCCCCCCCOC(=O)CCN1CCC(CCCC2CCN(CCO)CC2)CC1)CCCCCC,BL_2023,BL_2023,3
-2.3916717,2.378635461,CCCCCCCCCCCCCCCCCCOC(=O)OC(C/C=C\CCCCCCCCOC(=O)CCN(CCCN1CCN(C)CC1)CCC(=O)OCCCCCCCC/C=C\CC(CCCCCC)OC(=O)OCCCCCCCCCCCCCCCCCC)CCCCCC,BL_2023,BL_2023,3
-0.8257134,2.306718502,CCCCC/C=C\C/C=C\CCCCCCCCOC(=O)OC(C/C=C\CCCCCCCCOC(=O)CCN(CCO)CCC(=O)OCCCCCCCC/C=C\CC(CCCCCC)OC(=O)OCCCCCCCC/C=C\C/C=C\CCCCC)CCCCCC,BL_2023,BL_2023,3
-1.7295176,2.227180493,CCCCCC#CCOC(=O)OC(C/C=C\CCCCCCCCOC(=O)CCN(CCC(=O)OCCCCCCCC/C=C\CC(CCCCCC)OC(=O)OCC#CCCCCC)CCN(C)CCN(CCC(=O)OCCCCCCCC/C=C\CC(CCCCCC)OC(=O)OCC#CCCCCC)CCC(=O)OCCCCCCCC/C=C\CC(CCCCCC)OC(=O)OCC#CCCCCC)CCCCCC,BL_2023,BL_2023,3
-1.9555871,2.226998603,CCCCCCCCCCCCCCCCCCOC(=O)OC(C/C=C\CCCCCCCCOC(=O)CCN(CCCN1CCN(CCCN(CCC(=O)OCCCCCCCC/C=C\CC(CCCCCC)OC(=O)OCCCCCCCCCCCCCCCCCC)CCC(=O)OCCCCCCCC/C=C\CC(CCCCCC)OC(=O)OCCCCCCCCCCCCCCCCCC)CC1)CCC(=O)OCCCCCCCC/C=C\CC(CCCCCC)OC(=O)OCCCCCCCCCCCCCCCCCC)CCCCCC,BL_2023,BL_2023,3
-2.107424,2.176469539,CCCCCCCC/C=C\CCCCCCCCOC(=O)OC(C/C=C\CCCCCCCCOC(=O)CCN(CCCN1CCN(C)CC1)CCC(=O)OCCCCCCCC/C=C\CC(CCCCCC)OC(=O)OCCCCCCCC/C=C\CCCCCCCC)CCCCCC,BL_2023,BL_2023,3
-2.481259,2.166059015,CCCCCCCCCCCCCCCCCCOC(=O)OC(C/C=C\CCCCCCCCOC(=O)CCN(CCC(=O)OCCCCCCCC/C=C\CC(CCCCCC)OC(=O)OCCCCCCCCCCCCCCCCCC)CCc1ccccn1)CCCCCC,BL_2023,BL_2023,3
-1.8887906,2.071714893,CCCCC/C=C\C/C=C\CCCCCCCCOC(=O)OC(C/C=C\CCCCCCCCOC(=O)CCN(CCCN1CCN(C)CC1)CCC(=O)OCCCCCCCC/C=C\CC(CCCCCC)OC(=O)OCCCCCCCC/C=C\C/C=C\CCCCC)CCCCCC,BL_2023,BL_2023,3
-2.1562629,2.052864271,CCCCCCCCCCCCCCCCCCOC(=O)OC(C/C=C\CCCCCCCCOC(=O)CCN(CCCN(C)C)CCCN(CCC(=O)OCCCCCCCC/C=C\CC(CCCCCC)OC(=O)OCCCCCCCCCCCCCCCCCC)CCC(=O)OCCCCCCCC/C=C\CC(CCCCCC)OC(=O)OCCCCCCCCCCCCCCCCCC)CCCCCC,BL_2023,BL_2023,3
-2.2733066,2.015563649,CCCCCCCC/C=C\CCCCCCCCOC(=O)OC(C/C=C\CCCCCCCCOC(=O)CCN(CCCN(C)C)CCC(=O)OCCCCCCCC/C=C\CC(CCCCCC)OC(=O)OCCCCCCCC/C=C\CCCCCCCC)CCCCCC,BL_2023,BL_2023,2
-3.0455987,2.007198727,CCCCC/C=C\C/C=C\CCCCCCCCOC(=O)OC(C/C=C\CCCCCCCCOC(=O)CCN1CCC(CCCC2CCN(CCO)CC2)CC1)CCCCCC,BL_2023,BL_2023,2
-2.3789432,1.99066982,CCCCCCCCCCCCCCCCCCOC(=O)OC(C/C=C\CCCCCCCCOC(=O)CCN(CCCN(C)C)CCC(=O)OCCCCCCCC/C=C\CC(CCCCCC)OC(=O)OCCCCCCCCCCCCCCCCCC)CCCCCC,BL_2023,BL_2023,2
-2.113764,1.968753678,CCCCCCCC/C=C\CCCCCCCCOC(=O)OC(C/C=C\CCCCCCCCOC(=O)CCN(CCC(=O)OCCCCCCCC/C=C\CC(CCCCCC)OC(=O)OCCCCCCCC/C=C\CCCCCCCC)CCN(C)C)CCCCCC,BL_2023,BL_2023,2
-1.2447631,1.920741817,CCCCC#CCOC(=O)OC(C/C=C\CCCCCCCCOC(=O)CCN(CCC(=O)OCCCCCCCC/C=C\CC(CCCCCC)OC(=O)OCC#CCCCC)CCN(C)CCN(CCC(=O)OCCCCCCCC/C=C\CC(CCCCCC)OC(=O)OCC#CCCCC)CCC(=O)OCCCCCCCC/C=C\CC(CCCCCC)OC(=O)OCC#CCCCC)CCCCCC,BL_2023,BL_2023,2
-1.3197118,1.909499462,CCCCCCC#CCCOC(=O)OC(C/C=C\CCCCCCCCOC(=O)CCN(C)CCN(CCN(C)CCC(=O)OCCCCCCCC/C=C\CC(CCCCCC)OC(=O)OCCC#CCCCCCC)CCN(C)CCC(=O)OCCCCCCCC/C=C\CC(CCCCCC)OC(=O)OCCC#CCCCCCC)CCCCCC,BL_2023,BL_2023,2
-2.4574108,1.904280719,CCCCCCCC/C=C\CCCCCCCCOC(=O)OC(C/C=C\CCCCCCCCOC(=O)CCN(CCC(=O)OCCCCCCCC/C=C\CC(CCCCCC)OC(=O)OCCCCCCCC/C=C\CCCCCCCC)CCN(CC)CC)CCCCCC,BL_2023,BL_2023,2
-1.8491809,1.896378149,CCCCCCCC/C=C\CCCCCCCCOC(=O)OC(C/C=C\CCCCCCCCOC(=O)CCN(CCC(=O)OCCCCCCCC/C=C\CC(CCCCCC)OC(=O)OCCCCCCCC/C=C\CCCCCCCC)CCc1ccccn1)CCCCCC,BL_2023,BL_2023,2
-2.2032168,1.891845891,CCCCCCCC/C=C\CCCCCCCCOC(=O)OC(C/C=C\CCCCCCCCOC(=O)CCN1CCC(N2CCN(CC)CC2)CC1)CCCCCC,BL_2023,BL_2023,2
-3.4310908,1.867163245,CCCCCCC#CCOC(=O)OC(C/C=C\CCCCCCCCOC(=O)CCN1CCN(c2ccncc2)CC1)CCCCCC,BL_2023,BL_2023,2
-2.7550635,1.847910163,CCCCCCCCCCCCCCCCCCOC(=O)OC(C/C=C\CCCCCCCCOC(=O)CCN(CCCN(CC)CC)CCC(=O)OCCCCCCCC/C=C\CC(CCCCCC)OC(=O)OCCCCCCCCCCCCCCCCCC)CCCCCC,BL_2023,BL_2023,2
-3.1162472,1.809339902,CCCCCCCC/C=C\CCCCCCCCOC(=O)OC(C/C=C\CCCCCCCCOC(=O)CCN(CCCN1CCCCC1)CCC(=O)OCCCCCCCC/C=C\CC(CCCCCC)OC(=O)OCCCCCCCC/C=C\CCCCCCCC)CCCCCC,BL_2023,BL_2023,2
-2.826508,1.794006285,CCCCC/C=C\C/C=C\CCCCCCCCOC(=O)OC(C/C=C\CCCCCCCCOC(=O)CCN(CCC(=O)OCCCCCCCC/C=C\CC(CCCCCC)OC(=O)OCCCCCCCC/C=C\C/C=C\CCCCC)CCN(CC)CC)CCCCCC,BL_2023,BL_2023,2
-1.6923678,1.789031042,CCCC#CCOC(=O)OC(C/C=C\CCCCCCCCOC(=O)CCN(CCC(=O)OCCCCCCCC/C=C\CC(CCCCCC)OC(=O)OCC#CCCC)CCN(C)CCN(CCC(=O)OCCCCCCCC/C=C\CC(CCCCCC)OC(=O)OCC#CCCC)CCC(=O)OCCCCCCCC/C=C\CC(CCCCCC)OC(=O)OCC#CCCC)CCCCCC,BL_2023,BL_2023,2
-3.2237365,1.786994725,CCCCCCCCCCCCCCCCCCOC(=O)OC(C/C=C\CCCCCCCCOC(=O)CCN(CCCN1CCCCC1)CCC(=O)OCCCCCCCC/C=C\CC(CCCCCC)OC(=O)OCCCCCCCCCCCCCCCCCC)CCCCCC,BL_2023,BL_2023,2
-2.7949328,1.758669202,CCCCC/C=C\C/C=C\CCCCCCCCOC(=O)OC(C/C=C\CCCCCCCCOC(=O)CCN(CCCN1CCCCC1)CCC(=O)OCCCCCCCC/C=C\CC(CCCCCC)OC(=O)OCCCCCCCC/C=C\C/C=C\CCCCC)CCCCCC,BL_2023,BL_2023,2
-2.613005,1.757412383,CCCCCCCCCCCCCCCCCCOC(=O)OC(C/C=C\CCCCCCCCOC(=O)CCN(C)CCCN(C)CCC(=O)OCCCCCCCC/C=C\CC(CCCCCC)OC(=O)OCCCCCCCCCCCCCCCCCC)CCCCCC,BL_2023,BL_2023,2
-2.7221723,1.755394642,CCCCCCCC/C=C\CCCCCCCCOC(=O)OC(C/C=C\CCCCCCCCOC(=O)CCN(CCN(CC)CC)CCN(CC)CC)CCCCCC,BL_2023,BL_2023,2
-3.0696473,1.750151915,CCCCC/C=C\C/C=C\CCCCCCCCOC(=O)OC(C/C=C\CCCCCCCCOC(=O)CCN1CCC(CO)CC1)CCCCCC,BL_2023,BL_2023,2
-1.9713508,1.746457478,CCCCC/C=C\C/C=C\CCCCCCCCOC(=O)OC(C/C=C\CCCCCCCCOC(=O)CCN1CCC(N2CCN(CC)CC2)CC1)CCCCCC,BL_2023,BL_2023,2
-2.2412503,1.741560748,CCCCC/C=C\C/C=C\CCCCCCCCOC(=O)OC(C/C=C\CCCCCCCCOC(=O)CCN(C)CCO)CCCCCC,BL_2023,BL_2023,2
-2.2860014,1.727784758,CCCCC/C=C\C/C=C\CCCCCCCCOC(=O)OC(C/C=C\CCCCCCCCOC(=O)CCN(CCCN1CCN(CCCN(CCC(=O)OCCCCCCCC/C=C\CC(CCCCCC)OC(=O)OCCCCCCCC/C=C\C/C=C\CCCCC)CCC(=O)OCCCCCCCC/C=C\CC(CCCCCC)OC(=O)OCCCCCCCC/C=C\C/C=C\CCCCC)CC1)CCC(=O)OCCCCCCCC/C=C\CC(CCCCCC)OC(=O)OCCCCCCCC/C=C\C/C=C\CCCCC)CCCCCC,BL_2023,BL_2023,2
-1.3881468,1.72183057,CCCCC#CCOC(=O)OC(C/C=C\CCCCCCCCOC(=O)CCN(CCC(=O)OCCCCCCCC/C=C\CC(CCCCCC)OC(=O)OCC#CCCCC)CCN1CCCCN(C)CC1)CCCCCC,BL_2023,BL_2023,2
-1.5037048,1.717655214,CCCCC/C=C\C/C=C\CCCCCCCCOC(=O)OC(C/C=C\CCCCCCCCOC(=O)CCN(CCC(=O)OCCCCCCCC/C=C\CC(CCCCCC)OC(=O)OCCCCCCCC/C=C\C/C=C\CCCCC)CCc1cn(CCC(=O)OCCCCCCCC/C=C\CC(CCCCCC)OC(=O)OCCCCCCCC/C=C\C/C=C\CCCCC)cn1)CCCCCC,BL_2023,BL_2023,2
-1.8081144,1.710497801,CCCCC/C=C\C/C=C\CCCCCCCCOC(=O)OC(C/C=C\CCCCCCCCOC(=O)CCN(CCCN(C)C)CCC(=O)OCCCCCCCC/C=C\CC(CCCCCC)OC(=O)OCCCCCCCC/C=C\C/C=C\CCCCC)CCCCCC,BL_2023,BL_2023,2
-1.6843876,1.705588284,CCCC#CCOC(=O)OC(C/C=C\CCCCCCCCOC(=O)CCN1CCN(CCC(=O)OCCCCCCCC/C=C\CC(CCCCCC)OC(=O)OCC#CCCC)CCN(CCC(=O)OCCCCCCCC/C=C\CC(CCCCCC)OC(=O)OCC#CCCC)CC1)CCCCCC,BL_2023,BL_2023,2
-1.1193963,1.703501087,CCCCCCC#CCCOC(=O)OC(C/C=C\CCCCCCCCOC(=O)CCN(C)CCCN(C)CCCN(C)CCC(=O)OCCCCCCCC/C=C\CC(CCCCCC)OC(=O)OCCC#CCCCCCC)CCCCCC,BL_2023,BL_2023,2
-1.7995492,1.680235662,CCCCCCCC/C=C\CCCCCCCCOC(=O)OC(C/C=C\CCCCCCCCOC(=O)CCN(CCCN1CCN(CCCN(CCC(=O)OCCCCCCCC/C=C\CC(CCCCCC)OC(=O)OCCCCCCCC/C=C\CCCCCCCC)CCC(=O)OCCCCCCCC/C=C\CC(CCCCCC)OC(=O)OCCCCCCCC/C=C\CCCCCCCC)CC1)CCC(=O)OCCCCCCCC/C=C\CC(CCCCCC)OC(=O)OCCCCCCCC/C=C\CCCCCCCC)CCCCCC,BL_2023,BL_2023,2
-2.2483718,1.670481961,CCCCC/C=C\C/C=C\CCCCCCCCOC(=O)OC(C/C=C\CCCCCCCCOC(=O)CCN(CCCN(CC)CC)CCC(=O)OCCCCCCCC/C=C\CC(CCCCCC)OC(=O)OCCCCCCCC/C=C\C/C=C\CCCCC)CCCCCC,BL_2023,BL_2023,2
-3.177567,1.666422216,CCCCCCC#CCOC(=O)OC(C/C=C\CCCCCCCCOC(=O)CCN1CCN=C1C)CCCCCC,BL_2023,BL_2023,2
-1.9266433,1.665309499,CCCC#CCOC(=O)OC(C/C=C\CCCCCCCCOC(=O)CCN(CCC(=O)OCCCCCCCC/C=C\CC(CCCCCC)OC(=O)OCC#CCCC)CCN(C)C)CCCCCC,BL_2023,BL_2023,2
-1.9443921,1.660721888,CCCCCCC#CCOC(=O)OC(C/C=C\CCCCCCCCOC(=O)CCN(CCC(=O)OCCCCCCCC/C=C\CC(CCCCCC)OC(=O)OCC#CCCCCCC)CCN(C)CCN(CCC(=O)OCCCCCCCC/C=C\CC(CCCCCC)OC(=O)OCC#CCCCCCC)CCC(=O)OCCCCCCCC/C=C\CC(CCCCCC)OC(=O)OCC#CCCCCCC)CCCCCC,BL_2023,BL_2023,2
-0.85198647,1.658262899,CCC#CCOC(=O)OC(C/C=C\CCCCCCCCOC(=O)CCN(CCC(=O)OCCCCCCCC/C=C\CC(CCCCCC)OC(=O)OCC#CCC)CCN(CCC(=O)OCCCCCCCC/C=C\CC(CCCCCC)OC(=O)OCC#CCC)CCN1CCN(CCN(CCC(=O)OCCCCCCCC/C=C\CC(CCCCCC)OC(=O)OCC#CCC)CCC(=O)OCCCCCCCC/C=C\CC(CCCCCC)OC(=O)OCC#CCC)CC1)CCCCCC,BL_2023,BL_2023,2
-1.3087611,1.622829222,CCCCC/C=C\C/C=C\CCCCCCCCOC(=O)OC(C/C=C\CCCCCCCCOC(=O)CCN1CCN(CCN(C)C)CC1)CCCCCC,BL_2023,BL_2023,2
-2.2831755,1.612662532,CCCCCCCC/C=C\CCCCCCCCOC(=O)OC(C/C=C\CCCCCCCCOC(=O)CCN(CCCN(CC)CC)CCC(=O)OCCCCCCCC/C=C\CC(CCCCCC)OC(=O)OCCCCCCCC/C=C\CCCCCCCC)CCCCCC,BL_2023,BL_2023,2
-2.8428442,1.608986834,CCCCCCCCCCCCCCCCCCOC(=O)OC(C/C=C\CCCCCCCCOC(=O)CCN(CCC(=O)OCCCCCCCC/C=C\CC(CCCCCC)OC(=O)OCCCCCCCCCCCCCCCCCC)CCN(CC)CC)CCCCCC,BL_2023,BL_2023,2
-3.239944,1.603898281,CCCCC/C=C\C/C=C\CCCCCCCCOC(=O)OC(C/C=C\CCCCCCCCOC(=O)CCN(CCN(CC)CC)CCN(CC)CC)CCCCCC,BL_2023,BL_2023,2
-2.930202,1.585372247,CCCCCCCC/C=C\CCCCCCCCOC(=O)OC(C/C=C\CCCCCCCCOC(=O)CCN1CCN(c2cccnc2)CC1)CCCCCC,BL_2023,BL_2023,2
-1.1292019,1.571381431,CCCCCCC#CCCOC(=O)OC(C/C=C\CCCCCCCCOC(=O)CCN(CCC(=O)OCCCCCCCC/C=C\CC(CCCCCC)OC(=O)OCCC#CCCCCCC)CCN(CCC(=O)OCCCCCCCC/C=C\CC(CCCCCC)OC(=O)OCCC#CCCCCCC)CCN1CCN(CCN(CCC(=O)OCCCCCCCC/C=C\CC(CCCCCC)OC(=O)OCCC#CCCCCCC)CCC(=O)OCCCCCCCC/C=C\CC(CCCCCC)OC(=O)OCCC#CCCCCCC)CC1)CCCCCC,BL_2023,BL_2023,2
-3.6976988,1.543101528,CCCCCCCCCCCCCCCCCCOC(=O)OC(C/C=C\CCCCCCCCOC(=O)CCN(CCCN(CCC(=O)OCCCCCCCC/C=C\CC(CCCCCC)OC(=O)OCCCCCCCCCCCCCCCCCC)CCN(CCCN(CCC(=O)OCCCCCCCC/C=C\CC(CCCCCC)OC(=O)OCCCCCCCCCCCCCCCCCC)CCC(=O)OCCCCCCCC/C=C\CC(CCCCCC)OC(=O)OCCCCCCCCCCCCCCCCCC)CCC(=O)OCCCCCCCC/C=C\CC(CCCCCC)OC(=O)OCCCCCCCCCCCCCCCCCC)CCC(=O)OCCCCCCCC/C=C\CC(CCCCCC)OC(=O)OCCCCCCCCCCCCCCCCCC)CCCCCC,BL_2023,BL_2023,2
-2.9574738,1.535170703,CCCCCCC#CCCOC(=O)OC(C/C=C\CCCCCCCCOC(=O)CCN1CCN(c2cccnc2)CC1)CCCCCC,BL_2023,BL_2023,2
-2.192302,1.510164637,CCCCCCCCCCCCCCCCCCOC(=O)OC(C/C=C\CCCCCCCCOC(=O)CCN1CCC(N2CCN(CC)CC2)CC1)CCCCCC,BL_2023,BL_2023,2
-3.7426686,1.490234215,CCCCCC#CCOC(=O)OC(C/C=C\CCCCCCCCOC(=O)CCN1CCN(c2ccncc2)CC1)CCCCCC,BL_2023,BL_2023,2
-3.002671,1.486085078,CCCCCCCCCCCCCCCCCCOC(=O)OC(C/C=C\CCCCCCCCOC(=O)CCN(CCN(CC)CC)CCN(CC)CC)CCCCCC,BL_2023,BL_2023,2
-1.2366178,1.48600869,CCCCCCCC/C=C\CCCCCCCCOC(=O)OC(C/C=C\CCCCCCCCOC(=O)CCN1CCN(CCN(C)C)CC1)CCCCCC,BL_2023,BL_2023,2
-1.4921206,1.478744724,CCCCCCC#CCOC(=O)OC(C/C=C\CCCCCCCCOC(=O)CCN(CCC(=O)OCCCCCCCC/C=C\CC(CCCCCC)OC(=O)OCC#CCCCCCC)CCN(C)C)CCCCCC,BL_2023,BL_2023,2
-3.5394356,1.474834987,CCCCCCCCCCCCCCCCCCOC(=O)OC(C/C=C\CCCCCCCCOC(=O)CCN(CCCN(CCC(=O)OCCCCCCCC/C=C\CC(CCCCCC)OC(=O)OCCCCCCCCCCCCCCCCCC)CCC(=O)OCCCCCCCC/C=C\CC(CCCCCC)OC(=O)OCCCCCCCCCCCCCCCCCC)CCCN(CCC(=O)OCCCCCCCC/C=C\CC(CCCCCC)OC(=O)OCCCCCCCCCCCCCCCCCC)CCC(=O)OCCCCCCCC/C=C\CC(CCCCCC)OC(=O)OCCCCCCCCCCCCCCCCCC)CCCCCC,BL_2023,BL_2023,2
-1.1834748,1.429597013,CCC#CCOC(=O)OC(C/C=C\CCCCCCCCOC(=O)CCN(CCC(=O)OCCCCCCCC/C=C\CC(CCCCCC)OC(=O)OCC#CCC)CCN(C)CCN(CCC(=O)OCCCCCCCC/C=C\CC(CCCCCC)OC(=O)OCC#CCC)CCC(=O)OCCCCCCCC/C=C\CC(CCCCCC)OC(=O)OCC#CCC)CCCCCC,BL_2023,BL_2023,2
-0.74344254,1.425641641,CCCCCCC#CCCOC(=O)OC(C/C=C\CCCCCCCCOC(=O)CCN(CCCN(C)CCCN(CCC(=O)OCCCCCCCC/C=C\CC(CCCCCC)OC(=O)OCCC#CCCCCCC)CCC(=O)OCCCCCCCC/C=C\CC(CCCCCC)OC(=O)OCCC#CCCCCCC)CCC(=O)OCCCCCCCC/C=C\CC(CCCCCC)OC(=O)OCCC#CCCCCCC)CCCCCC,BL_2023,BL_2023,2
-2.752927,1.424555858,CCCCCCCCCCCCCCCCCCOC(=O)OC(C/C=C\CCCCCCCCOC(=O)CCN1CCC(CO)CC1)CCCCCC,BL_2023,BL_2023,2
-1.7800456,1.422904845,CCCCCCC#CCOC(=O)OC(C/C=C\CCCCCCCCOC(=O)CCN(CCC(=O)OCCCCCCCC/C=C\CC(CCCCCC)OC(=O)OCC#CCCCCCC)CCN(CCC(=O)OCCCCCCCC/C=C\CC(CCCCCC)OC(=O)OCC#CCCCCCC)CCN1CCN(CCN(CCC(=O)OCCCCCCCC/C=C\CC(CCCCCC)OC(=O)OCC#CCCCCCC)CCC(=O)OCCCCCCCC/C=C\CC(CCCCCC)OC(=O)OCC#CCCCCCC)CC1)CCCCCC,BL_2023,BL_2023,2
-2.9602394,1.419711238,CCCCC/C=C\C/C=C\CCCCCCCCOC(=O)OC(C/C=C\CCCCCCCCOC(=O)CCN(CCC(=O)OCCCCCCCC/C=C\CC(CCCCCC)OC(=O)OCCCCCCCC/C=C\C/C=C\CCCCC)CCN(C)CCN(CCC(=O)OCCCCCCCC/C=C\CC(CCCCCC)OC(=O)OCCCCCCCC/C=C\C/C=C\CCCCC)CCC(=O)OCCCCCCCC/C=C\CC(CCCCCC)OC(=O)OCCCCCCCC/C=C\C/C=C\CCCCC)CCCCCC,BL_2023,BL_2023,2
-2.3997738,1.419584504,CCCCC/C=C\C/C=C\CCCCCCCCOC(=O)OC(C/C=C\CCCCCCCCOC(=O)CCN(C)CCN(CCN(C)CCC(=O)OCCCCCCCC/C=C\CC(CCCCCC)OC(=O)OCCCCCCCC/C=C\C/C=C\CCCCC)CCN(C)CCC(=O)OCCCCCCCC/C=C\CC(CCCCCC)OC(=O)OCCCCCCCC/C=C\C/C=C\CCCCC)CCCCCC,BL_2023,BL_2023,2
-1.7901667,1.410327963,CCCCC#CCOC(=O)OC(C/C=C\CCCCCCCCOC(=O)CCN(CCC(=O)OCCCCCCCC/C=C\CC(CCCCCC)OC(=O)OCC#CCCCC)CCN(CC)CC)CCCCCC,BL_2023,BL_2023,2
-4.6091795,1.395961458,CCCCC#CCCOC(=O)OC(C/C=C\CCCCCCCCOC(=O)CCN1CCC(CO)CC1)CCCCCC,BL_2023,BL_2023,2
-2.7325566,1.386241035,CCCCCCCCCCCCCCCCCCOC(=O)OC(C/C=C\CCCCCCCCOC(=O)CCN(CCCN(C)CCCN(CCC(=O)OCCCCCCCC/C=C\CC(CCCCCC)OC(=O)OCCCCCCCCCCCCCCCCCC)CCC(=O)OCCCCCCCC/C=C\CC(CCCCCC)OC(=O)OCCCCCCCCCCCCCCCCCC)CCC(=O)OCCCCCCCC/C=C\CC(CCCCCC)OC(=O)OCCCCCCCCCCCCCCCCCC)CCCCCC,BL_2023,BL_2023,2
-2.9998114,1.378500699,CCCCCCCC/C=C\CCCCCCCCOC(=O)OC(C/C=C\CCCCCCCCOC(=O)CCN(CCC(=O)OCCCCCCCC/C=C\CC(CCCCCC)OC(=O)OCCCCCCCC/C=C\CCCCCCCC)CCN1CCOCC1)CCCCCC,BL_2023,BL_2023,2
-1.7537421,1.372763782,CCCCCCCCCCCCCCCCCCOC(=O)OC(C/C=C\CCCCCCCCOC(=O)CCN(CCC(=O)OCCCCCCCC/C=C\CC(CCCCCC)OC(=O)OCCCCCCCCCCCCCCCCCC)CCc1cn(CCC(=O)OCCCCCCCC/C=C\CC(CCCCCC)OC(=O)OCCCCCCCCCCCCCCCCCC)cn1)CCCCCC,BL_2023,BL_2023,2
-2.7497206,1.371802708,CCCCC/C=C\C/C=C\CCCCCCCCOC(=O)OC(C/C=C\CCCCCCCCOC(=O)CCN(CCCN(CCC(=O)OCCCCCCCC/C=C\CC(CCCCCC)OC(=O)OCCCCCCCC/C=C\C/C=C\CCCCC)CCC(=O)OCCCCCCCC/C=C\CC(CCCCCC)OC(=O)OCCCCCCCC/C=C\C/C=C\CCCCC)CCCN(CCC(=O)OCCCCCCCC/C=C\CC(CCCCCC)OC(=O)OCCCCCCCC/C=C\C/C=C\CCCCC)CCC(=O)OCCCCCCCC/C=C\CC(CCCCCC)OC(=O)OCCCCCCCC/C=C\C/C=C\CCCCC)CCCCCC,BL_2023,BL_2023,2
-2.504455,1.368984138,CCCCCCCCCCCCCCCCCCOC(=O)OC(C/C=C\CCCCCCCCOC(=O)CCN(CCC(=O)OCCCCCCCC/C=C\CC(CCCCCC)OC(=O)OCCCCCCCCCCCCCCCCCC)CCC1CCCCN1C(C)C)CCCCCC,BL_2023,BL_2023,2
-2.2977693,1.355548907,CCCCCC#CCOC(=O)OC(C/C=C\CCCCCCCCOC(=O)CCN(CCCN(CCC(=O)OCCCCCCCC/C=C\CC(CCCCCC)OC(=O)OCC#CCCCCC)CCN(CCCN(CCC(=O)OCCCCCCCC/C=C\CC(CCCCCC)OC(=O)OCC#CCCCCC)CCC(=O)OCCCCCCCC/C=C\CC(CCCCCC)OC(=O)OCC#CCCCCC)CCC(=O)OCCCCCCCC/C=C\CC(CCCCCC)OC(=O)OCC#CCCCCC)CCC(=O)OCCCCCCCC/C=C\CC(CCCCCC)OC(=O)OCC#CCCCCC)CCCCCC,BL_2023,BL_2023,2
-1.3504467,1.354737374,CCC#CCOC(=O)OC(C/C=C\CCCCCCCCOC(=O)CCN1CCN(CCC(=O)OCCCCCCCC/C=C\CC(CCCCCC)OC(=O)OCC#CCC)CCN(CCC(=O)OCCCCCCCC/C=C\CC(CCCCCC)OC(=O)OCC#CCC)CC1)CCCCCC,BL_2023,BL_2023,2
-2.6848605,1.346391249,CCCCCCC#CCCOC(=O)OC(C/C=C\CCCCCCCCOC(=O)CCN1CCN(c2ccncc2)CC1)CCCCCC,BL_2023,BL_2023,1
-1.3452965,1.34232604,CCCCCCC#CCCOC(=O)OC(C/C=C\CCCCCCCCOC(=O)CCN(CCCN(C)C)CCCN(CCC(=O)OCCCCCCCC/C=C\CC(CCCCCC)OC(=O)OCCC#CCCCCCC)CCC(=O)OCCCCCCCC/C=C\CC(CCCCCC)OC(=O)OCCC#CCCCCCC)CCCCCC,BL_2023,BL_2023,1
-2.652699,1.34218188,CCCCC#CCOC(=O)OC(C/C=C\CCCCCCCCOC(=O)CCN(CCCN(CCC(=O)OCCCCCCCC/C=C\CC(CCCCCC)OC(=O)OCC#CCCCC)CCC(=O)OCCCCCCCC/C=C\CC(CCCCCC)OC(=O)OCC#CCCCC)CCCN(CCC(=O)OCCCCCCCC/C=C\CC(CCCCCC)OC(=O)OCC#CCCCC)CCC(=O)OCCCCCCCC/C=C\CC(CCCCCC)OC(=O)OCC#CCCCC)CCCCCC,BL_2023,BL_2023,1
-1.9781606,1.321461058,CCCCCCCC/C=C\CCCCCCCCOC(=O)OC(C/C=C\CCCCCCCCOC(=O)CCN(CCCN(C)C)CCCN(CCC(=O)OCCCCCCCC/C=C\CC(CCCCCC)OC(=O)OCCCCCCCC/C=C\CCCCCCCC)CCC(=O)OCCCCCCCC/C=C\CC(CCCCCC)OC(=O)OCCCCCCCC/C=C\CCCCCCCC)CCCCCC,BL_2023,BL_2023,1
-1.2738563,1.319228086,CCCCC#CCCOC(=O)OC(C/C=C\CCCCCCCCOC(=O)CCN(CCCN(C)C)CCCN(CCC(=O)OCCCCCCCC/C=C\CC(CCCCCC)OC(=O)OCCC#CCCCC)CCC(=O)OCCCCCCCC/C=C\CC(CCCCCC)OC(=O)OCCC#CCCCC)CCCCCC,BL_2023,BL_2023,1
-2.7653737,1.302545939,CCCCC/C=C\C/C=C\CCCCCCCCOC(=O)OC(C/C=C\CCCCCCCCOC(=O)CCN1CCN(c2ccncc2)CC1)CCCCCC,BL_2023,BL_2023,1
-1.4958938,1.29454855,CCC#CCOC(=O)OC(C/C=C\CCCCCCCCOC(=O)CCN(CCC(=O)OCCCCCCCC/C=C\CC(CCCCCC)OC(=O)OCC#CCC)CCN(C)C)CCCCCC,BL_2023,BL_2023,1
-2.0366952,1.292334582,CCCCC/C=C\C/C=C\CCCCCCCCOC(=O)OC(C/C=C\CCCCCCCCOC(=O)CCN(C)CCCN(C)CCC(=O)OCCCCCCCC/C=C\CC(CCCCCC)OC(=O)OCCCCCCCC/C=C\C/C=C\CCCCC)CCCCCC,BL_2023,BL_2023,1
-2.7539105,1.287516852,CCC#CCOC(=O)OC(C/C=C\CCCCCCCCOC(=O)CCN(CCC(=O)OCCCCCCCC/C=C\CC(CCCCCC)OC(=O)OCC#CCC)CCC1CCCCN1C(C)C)CCCCCC,BL_2023,BL_2023,1
-1.6618131,1.287221595,CCCCCC#CCOC(=O)OC(C/C=C\CCCCCCCCOC(=O)CCN(CCC(=O)OCCCCCCCC/C=C\CC(CCCCCC)OC(=O)OCC#CCCCCC)CCN1CCCCC1)CCCCCC,BL_2023,BL_2023,1
-1.5071428,1.285924404,CCCCC#CCOC(=O)OC(C/C=C\CCCCCCCCOC(=O)CCN(CCC(=O)OCCCCCCCC/C=C\CC(CCCCCC)OC(=O)OCC#CCCCC)CCN(CCC(=O)OCCCCCCCC/C=C\CC(CCCCCC)OC(=O)OCC#CCCCC)CCN1CCN(CCN(CCC(=O)OCCCCCCCC/C=C\CC(CCCCCC)OC(=O)OCC#CCCCC)CCC(=O)OCCCCCCCC/C=C\CC(CCCCCC)OC(=O)OCC#CCCCC)CC1)CCCCCC,BL_2023,BL_2023,1
-1.1276643,1.282154756,CCCCCC#CCOC(=O)OC(C/C=C\CCCCCCCCOC(=O)CCN(CCCN(C)C)CCCN(CCC(=O)OCCCCCCCC/C=C\CC(CCCCCC)OC(=O)OCC#CCCCCC)CCC(=O)OCCCCCCCC/C=C\CC(CCCCCC)OC(=O)OCC#CCCCCC)CCCCCC,BL_2023,BL_2023,1
-2.2533023,1.277403139,CCCCCCCC/C=C\CCCCCCCCOC(=O)OC(C/C=C\CCCCCCCCOC(=O)CCN(C)CCN(CCN(C)CCC(=O)OCCCCCCCC/C=C\CC(CCCCCC)OC(=O)OCCCCCCCC/C=C\CCCCCCCC)CCN(C)CCC(=O)OCCCCCCCC/C=C\CC(CCCCCC)OC(=O)OCCCCCCCC/C=C\CCCCCCCC)CCCCCC,BL_2023,BL_2023,1
-1.4225636,1.276477963,CCCCCCCC/C=C\CCCCCCCCOC(=O)OC(C/C=C\CCCCCCCCOC(=O)CCN(C)CCCCCCN(C)CCC(=O)OCCCCCCCC/C=C\CC(CCCCCC)OC(=O)OCCCCCCCC/C=C\CCCCCCCC)CCCCCC,BL_2023,BL_2023,1
-3.73924,1.273528734,CCC#CCOC(=O)OC(C/C=C\CCCCCCCCOC(=O)CCN1CCN(c2ccccn2)CC1)CCCCCC,BL_2023,BL_2023,1
-1.3228959,1.26652138,CCCCCCC#CCCOC(=O)OC(C/C=C\CCCCCCCCOC(=O)CCN(CCC(=O)OCCCCCCCC/C=C\CC(CCCCCC)OC(=O)OCCC#CCCCCCC)CCN1CCCCCC1)CCCCCC,BL_2023,BL_2023,1
-2.015611,1.261017841,CCCCCCC#CCOC(=O)OC(C/C=C\CCCCCCCCOC(=O)CCN(CCCN(CCC(=O)OCCCCCCCC/C=C\CC(CCCCCC)OC(=O)OCC#CCCCCCC)CCN(CCCN(CCC(=O)OCCCCCCCC/C=C\CC(CCCCCC)OC(=O)OCC#CCCCCCC)CCC(=O)OCCCCCCCC/C=C\CC(CCCCCC)OC(=O)OCC#CCCCCCC)CCC(=O)OCCCCCCCC/C=C\CC(CCCCCC)OC(=O)OCC#CCCCCCC)CCC(=O)OCCCCCCCC/C=C\CC(CCCCCC)OC(=O)OCC#CCCCCCC)CCCCCC,BL_2023,BL_2023,1
-2.8995495,1.245288615,CCCCCCCCCCCCCCCCCCOC(=O)OC(C/C=C\CCCCCCCCOC(=O)CCN(CCC(=O)OCCCCCCCC/C=C\CC(CCCCCC)OC(=O)OCCCCCCCCCCCCCCCCCC)CCN1CCOCC1)CCCCCC,BL_2023,BL_2023,1
-3.6720538,1.239988357,CCCCCCCCCCCCCCCCCCOC(=O)OC(C/C=C\CCCCCCCCOC(=O)CCN1CCN(c2ccncc2)CC1)CCCCCC,BL_2023,BL_2023,1
-2.5689685,1.238259976,CCCCC/C=C\C/C=C\CCCCCCCCOC(=O)OC(C/C=C\CCCCCCCCOC(=O)CCN(CCCN(CCC(=O)OCCCCCCCC/C=C\CC(CCCCCC)OC(=O)OCCCCCCCC/C=C\C/C=C\CCCCC)CCN(CCCN(CCC(=O)OCCCCCCCC/C=C\CC(CCCCCC)OC(=O)OCCCCCCCC/C=C\C/C=C\CCCCC)CCC(=O)OCCCCCCCC/C=C\CC(CCCCCC)OC(=O)OCCCCCCCC/C=C\C/C=C\CCCCC)CCC(=O)OCCCCCCCC/C=C\CC(CCCCCC)OC(=O)OCCCCCCCC/C=C\C/C=C\CCCCC)CCC(=O)OCCCCCCCC/C=C\CC(CCCCCC)OC(=O)OCCCCCCCC/C=C\C/C=C\CCCCC)CCCCCC,BL_2023,BL_2023,1
-2.6323106,1.237397229,CCCCCCCCCCCCCCCCCCOC(=O)OC(C/C=C\CCCCCCCCOC(=O)CCN(C)CCN(CCN(C)CCC(=O)OCCCCCCCC/C=C\CC(CCCCCC)OC(=O)OCCCCCCCCCCCCCCCCCC)CCN(C)CCC(=O)OCCCCCCCC/C=C\CC(CCCCCC)OC(=O)OCCCCCCCCCCCCCCCCCC)CCCCCC,BL_2023,BL_2023,1
-2.6205754,1.2152658,CCC#CCOC(=O)OC(C/C=C\CCCCCCCCOC(=O)CCN(CCCN(CCC(=O)OCCCCCCCC/C=C\CC(CCCCCC)OC(=O)OCC#CCC)CCN(CCCN(CCC(=O)OCCCCCCCC/C=C\CC(CCCCCC)OC(=O)OCC#CCC)CCC(=O)OCCCCCCCC/C=C\CC(CCCCCC)OC(=O)OCC#CCC)CCC(=O)OCCCCCCCC/C=C\CC(CCCCCC)OC(=O)OCC#CCC)CCC(=O)OCCCCCCCC/C=C\CC(CCCCCC)OC(=O)OCC#CCC)CCCCCC,BL_2023,BL_2023,1
-2.5357394,1.212096657,CCCCC#CCOC(=O)OC(C/C=C\CCCCCCCCOC(=O)CCN(CCCN(CCC(=O)OCCCCCCCC/C=C\CC(CCCCCC)OC(=O)OCC#CCCCC)CCN(CCCN(CCC(=O)OCCCCCCCC/C=C\CC(CCCCCC)OC(=O)OCC#CCCCC)CCC(=O)OCCCCCCCC/C=C\CC(CCCCCC)OC(=O)OCC#CCCCC)CCC(=O)OCCCCCCCC/C=C\CC(CCCCCC)OC(=O)OCC#CCCCC)CCC(=O)OCCCCCCCC/C=C\CC(CCCCCC)OC(=O)OCC#CCCCC)CCCCCC,BL_2023,BL_2023,1
-1.130184,1.212075826,CCCCC#CCCOC(=O)OC(C/C=C\CCCCCCCCOC(=O)CCN(C)CCN(CCN(C)CCC(=O)OCCCCCCCC/C=C\CC(CCCCCC)OC(=O)OCCC#CCCCC)CCN(C)CCC(=O)OCCCCCCCC/C=C\CC(CCCCCC)OC(=O)OCCC#CCCCC)CCCCCC,BL_2023,BL_2023,1
-1.1772813,1.211395725,CCCCC/C=C\C/C=C\CCCCCCCCOC(=O)OC(C/C=C\CCCCCCCCOC(=O)CCN1CCN(CCCN(C)C)CC1)CCCCCC,BL_2023,BL_2023,1
-1.838751,1.201370686,CCCCC#CCOC(=O)OC(C/C=C\CCCCCCCCOC(=O)CCN1CCN(CCC(=O)OCCCCCCCC/C=C\CC(CCCCCC)OC(=O)OCC#CCCCC)CCN(CCC(=O)OCCCCCCCC/C=C\CC(CCCCCC)OC(=O)OCC#CCCCC)CC1)CCCCCC,BL_2023,BL_2023,1
-1.2420331,1.198705348,CCCC#CCOC(=O)OC(C/C=C\CCCCCCCCOC(=O)CCN(CCC(=O)OCCCCCCCC/C=C\CC(CCCCCC)OC(=O)OCC#CCCC)CCN(CCC(=O)OCCCCCCCC/C=C\CC(CCCCCC)OC(=O)OCC#CCCC)CCN1CCN(CCN(CCC(=O)OCCCCCCCC/C=C\CC(CCCCCC)OC(=O)OCC#CCCC)CCC(=O)OCCCCCCCC/C=C\CC(CCCCCC)OC(=O)OCC#CCCC)CC1)CCCCCC,BL_2023,BL_2023,1
-3.6888568,1.1974625,CCCC#CCOC(=O)OC(C/C=C\CCCCCCCCOC(=O)CCN1CCN(c2ccccn2)CC1)CCCCCC,BL_2023,BL_2023,1
-2.3662374,1.197261315,CCCCCCC#CCOC(=O)OC(C/C=C\CCCCCCCCOC(=O)CCN(CCC(=O)OCCCCCCCC/C=C\CC(CCCCCC)OC(=O)OCC#CCCCCCC)CCC1CCCCN1C(C)C)CCCCCC,BL_2023,BL_2023,1
-3.0105214,1.196514877,CCCCCCCC/C=C\CCCCCCCCOC(=O)OC(C/C=C\CCCCCCCCOC(=O)CCN(CCC(=O)OCCCCCCCC/C=C\CC(CCCCCC)OC(=O)OCCCCCCCC/C=C\CCCCCCCC)CCN(C)CCN(CCC(=O)OCCCCCCCC/C=C\CC(CCCCCC)OC(=O)OCCCCCCCC/C=C\CCCCCCCC)CCC(=O)OCCCCCCCC/C=C\CC(CCCCCC)OC(=O)OCCCCCCCC/C=C\CCCCCCCC)CCCCCC,BL_2023,BL_2023,1
-1.6728489,1.195129109,CCCCC/C=C\C/C=C\CCCCCCCCOC(=O)OC(C/C=C\CCCCCCCCOC(=O)CCN(CCC(=O)OCCCCCCCC/C=C\CC(CCCCCC)OC(=O)OCCCCCCCC/C=C\C/C=C\CCCCC)CCc1ccccn1)CCCCCC,BL_2023,BL_2023,1
-1.8625517,1.192993101,CCCCCCCC/C=C\CCCCCCCCOC(=O)OC(C/C=C\CCCCCCCCOC(=O)CCN(C)CCCN(C)CCC(=O)OCCCCCCCC/C=C\CC(CCCCCC)OC(=O)OCCCCCCCC/C=C\CCCCCCCC)CCCCCC,BL_2023,BL_2023,1
-2.1862762,1.191806355,CCCC#CCOC(=O)OC(C/C=C\CCCCCCCCOC(=O)CCN(CCCN(CCC(=O)OCCCCCCCC/C=C\CC(CCCCCC)OC(=O)OCC#CCCC)CCC(=O)OCCCCCCCC/C=C\CC(CCCCCC)OC(=O)OCC#CCCC)CCCN(CCC(=O)OCCCCCCCC/C=C\CC(CCCCCC)OC(=O)OCC#CCCC)CCC(=O)OCCCCCCCC/C=C\CC(CCCCCC)OC(=O)OCC#CCCC)CCCCCC,BL_2023,BL_2023,1
-1.6580162,1.191665273,CCC#CCOC(=O)OC(C/C=C\CCCCCCCCOC(=O)CCN1CCCN(CCC(=O)OCCCCCCCC/C=C\CC(CCCCCC)OC(=O)OCC#CCC)CCN(CCC(=O)OCCCCCCCC/C=C\CC(CCCCCC)OC(=O)OCC#CCC)CCCN(CCC(=O)OCCCCCCCC/C=C\CC(CCCCCC)OC(=O)OCC#CCC)CC1)CCCCCC,BL_2023,BL_2023,1
-2.0382974,1.188840639,CCCCC/C=C\C/C=C\CCCCCCCCOC(=O)OC(C/C=C\CCCCCCCCOC(=O)CCN(CCC(=O)OCCCCCCCC/C=C\CC(CCCCCC)OC(=O)OCCCCCCCC/C=C\C/C=C\CCCCC)CCN1CCCCC1)CCCCCC,BL_2023,BL_2023,1
-1.977554,1.178644585,CCCCCC#CCOC(=O)OC(C/C=C\CCCCCCCCOC(=O)CCN(CCC(=O)OCCCCCCCC/C=C\CC(CCCCCC)OC(=O)OCC#CCCCCC)CCN(CCC(=O)OCCCCCCCC/C=C\CC(CCCCCC)OC(=O)OCC#CCCCCC)CCN1CCN(CCN(CCC(=O)OCCCCCCCC/C=C\CC(CCCCCC)OC(=O)OCC#CCCCCC)CCC(=O)OCCCCCCCC/C=C\CC(CCCCCC)OC(=O)OCC#CCCCCC)CC1)CCCCCC,BL_2023,BL_2023,1
-2.1049352,1.145564384,CCCCC/C=C\C/C=C\CCCCCCCCOC(=O)OC(C/C=C\CCCCCCCCOC(=O)CCN(CCC(=O)OCCCCCCCC/C=C\CC(CCCCCC)OC(=O)OCCCCCCCC/C=C\C/C=C\CCCCC)CCN(C)C)CCCCCC,BL_2023,BL_2023,1
-1.9499272,1.145263502,CCCCCCCC/C=C\CCCCCCCCOC(=O)OC(C/C=C\CCCCCCCCOC(=O)CCN(C)CCOCCOCCN(C)CCC(=O)OCCCCCCCC/C=C\CC(CCCCCC)OC(=O)OCCCCCCCC/C=C\CCCCCCCC)CCCCCC,BL_2023,BL_2023,1
-1.8872552,1.143032478,CCCCCC#CCOC(=O)OC(C/C=C\CCCCCCCCOC(=O)CCN1CCN(CCC(=O)OCCCCCCCC/C=C\CC(CCCCCC)OC(=O)OCC#CCCCCC)CCN(CCC(=O)OCCCCCCCC/C=C\CC(CCCCCC)OC(=O)OCC#CCCCCC)CC1)CCCCCC,BL_2023,BL_2023,1
-1.5531158,1.142469403,CCCC#CCOC(=O)OC(C/C=C\CCCCCCCCOC(=O)CCN(C)CCCN(C)CCC(=O)OCCCCCCCC/C=C\CC(CCCCCC)OC(=O)OCC#CCCC)CCCCCC,BL_2023,BL_2023,1
-1.6734475,1.142262582,CCCCCCC#CCOC(=O)OC(C/C=C\CCCCCCCCOC(=O)CCN(CCCN(C)C)CCCN(CCC(=O)OCCCCCCCC/C=C\CC(CCCCCC)OC(=O)OCC#CCCCCCC)CCC(=O)OCCCCCCCC/C=C\CC(CCCCCC)OC(=O)OCC#CCCCCCC)CCCCCC,BL_2023,BL_2023,1
-4.7893424,1.134442262,CCCCC#CCCOC(=O)OC(C/C=C\CCCCCCCCOC(=O)CCN1CCC(CCO)CC1)CCCCCC,BL_2023,BL_2023,1
-1.6417284,1.127794699,CCCCC#CCCOC(=O)OC(C/C=C\CCCCCCCCOC(=O)CCN(C)CCOCCOCCN(C)CCC(=O)OCCCCCCCC/C=C\CC(CCCCCC)OC(=O)OCCC#CCCCC)CCCCCC,BL_2023,BL_2023,1
-1.8906413,1.11900287,CCCCCCCCCCCCCCCCCCOC(=O)OC(C/C=C\CCCCCCCCOC(=O)CCN(C)CCCCCCN(C)CCC(=O)OCCCCCCCC/C=C\CC(CCCCCC)OC(=O)OCCCCCCCCCCCCCCCCCC)CCCCCC,BL_2023,BL_2023,1
-0.9463618,1.110921674,CCCCC#CCCOC(=O)OC(C/C=C\CCCCCCCCOC(=O)CCN(C)CCCN(C)CCCN(C)CCC(=O)OCCCCCCCC/C=C\CC(CCCCCC)OC(=O)OCCC#CCCCC)CCCCCC,BL_2023,BL_2023,1
-1.3763696,1.107720716,CCCCCC#CCOC(=O)OC(C/C=C\CCCCCCCCOC(=O)CCN(CCC(=O)OCCCCCCCC/C=C\CC(CCCCCC)OC(=O)OCC#CCCCCC)CCN(C)C)CCCCCC,BL_2023,BL_2023,1
-3.5495522,1.107132106,CCCCCCCCCCCCCCCCCCOC(=O)OC(C/C=C\CCCCCCCCOC(=O)CCN(CCC(=O)OCCCCCCCC/C=C\CC(CCCCCC)OC(=O)OCCCCCCCCCCCCCCCCCC)CCN(C)CCN(CCC(=O)OCCCCCCCC/C=C\CC(CCCCCC)OC(=O)OCCCCCCCCCCCCCCCCCC)CCC(=O)OCCCCCCCC/C=C\CC(CCCCCC)OC(=O)OCCCCCCCCCCCCCCCCCC)CCCCCC,BL_2023,BL_2023,1
-3.8644736,1.088462578,CCCCC#CCOC(=O)OC(C/C=C\CCCCCCCCOC(=O)CCN1CCN(c2ccncc2)CC1)CCCCCC,BL_2023,BL_2023,1
-0.9170066,1.083319431,CCCCC#CCOC(=O)OC(C/C=C\CCCCCCCCOC(=O)CCN(CCCN(C)C)CCCN(CCC(=O)OCCCCCCCC/C=C\CC(CCCCCC)OC(=O)OCC#CCCCC)CCC(=O)OCCCCCCCC/C=C\CC(CCCCCC)OC(=O)OCC#CCCCC)CCCCCC,BL_2023,BL_2023,1
-1.5671812,1.081983781,CCCCCCCCCCCCCCCCCCOC(=O)OC(C/C=C\CCCCCCCCOC(=O)CCN1CCN(CCCN(C)C)CC1)CCCCCC,BL_2023,BL_2023,1
-1.030705,1.076823897,CCC#CCOC(=O)OC(C/C=C\CCCCCCCCOC(=O)CCN(CCC(=O)OCCCCCCCC/C=C\CC(CCCCCC)OC(=O)OCC#CCC)CCN1CCCCN(C)CC1)CCCCCC,BL_2023,BL_2023,1
-1.0217947,1.066685886,CCCCCCC#CCOC(=O)OC(C/C=C\CCCCCCCCOC(=O)CCN(CCC(=O)OCCCCCCCC/C=C\CC(CCCCCC)OC(=O)OCC#CCCCCCC)CCN(CC)CC)CCCCCC,BL_2023,BL_2023,1
-2.1876416,1.065157464,CCCCCC#CCOC(=O)OC(C/C=C\CCCCCCCCOC(=O)CCN(CCCN(CCC(=O)OCCCCCCCC/C=C\CC(CCCCCC)OC(=O)OCC#CCCCCC)CCC(=O)OCCCCCCCC/C=C\CC(CCCCCC)OC(=O)OCC#CCCCCC)CCCN(CCC(=O)OCCCCCCCC/C=C\CC(CCCCCC)OC(=O)OCC#CCCCCC)CCC(=O)OCCCCCCCC/C=C\CC(CCCCCC)OC(=O)OCC#CCCCCC)CCCCCC,BL_2023,BL_2023,1
-1.5282305,1.062269651,CCCCCCC#CCOC(=O)OC(C/C=C\CCCCCCCCOC(=O)CCN(CCC(=O)OCCCCCCCC/C=C\CC(CCCCCC)OC(=O)OCC#CCCCCCC)CCc1ccccn1)CCCCCC,BL_2023,BL_2023,1
-1.2617526,1.0617726,CCCCCC#CCOC(=O)OC(C/C=C\CCCCCCCCOC(=O)CCN(C)CCCCCCN(C)CCC(=O)OCCCCCCCC/C=C\CC(CCCCCC)OC(=O)OCC#CCCCCC)CCCCCC,BL_2023,BL_2023,1
-1.8114591,1.057578992,CCCCCCC#CCOC(=O)OC(C/C=C\CCCCCCCCOC(=O)CCN1CCN(CCC(=O)OCCCCCCCC/C=C\CC(CCCCCC)OC(=O)OCC#CCCCCCC)CCN(CCC(=O)OCCCCCCCC/C=C\CC(CCCCCC)OC(=O)OCC#CCCCCCC)CC1)CCCCCC,BL_2023,BL_2023,1
-3.11447,1.055618804,CCCCCC#CCOC(=O)OC(C/C=C\CCCCCCCCOC(=O)CCN1CCN=C1C)CCCCCC,BL_2023,BL_2023,1
-1.200921,1.047278471,CCCCCCCCCCCCCCCCCCOC(=O)OC(C/C=C\CCCCCCCCOC(=O)CCN1CCN(CCN(C)C)CC1)CCCCCC,BL_2023,BL_2023,1
-0.97899365,1.030810538,CCCCCCCC/C=C\CCCCCCCCOC(=O)OC(C/C=C\CCCCCCCCOC(=O)CCN(CCC(=O)OCCCCCCCC/C=C\CC(CCCCCC)OC(=O)OCCCCCCCC/C=C\CCCCCCCC)CCc1cn(CCC(=O)OCCCCCCCC/C=C\CC(CCCCCC)OC(=O)OCCCCCCCC/C=C\CCCCCCCC)cn1)CCCCCC,BL_2023,BL_2023,1
-2.1712234,1.023979422,CCCCC/C=C\C/C=C\CCCCCCCCOC(=O)OC(C/C=C\CCCCCCCCOC(=O)CCN1CCN(CC2CCN(C)CC2)CC1)CCCCCC,BL_2023,BL_2023,1
-0.9580116,1.013729667,CCCCCCC#CCOC(=O)OC(C/C=C\CCCCCCCCOC(=O)CCN(C)CCCCCCN(C)CCC(=O)OCCCCCCCC/C=C\CC(CCCCCC)OC(=O)OCC#CCCCCCC)CCCCCC,BL_2023,BL_2023,1
-1.6590873,1.013640278,CCCCC#CCOC(=O)OC(C/C=C\CCCCCCCCOC(=O)CCN(CCC(=O)OCCCCCCCC/C=C\CC(CCCCCC)OC(=O)OCC#CCCCC)CCN(C)C)CCCCCC,BL_2023,BL_2023,1
-3.5814188,1.008840188,CCCCC#CCCOC(=O)OC(C/C=C\CCCCCCCCOC(=O)CCN1CCN(c2ccncc2)CC1)CCCCCC,BL_2023,BL_2023,1
-2.0393453,1.004642681,CCCCC#CCOC(=O)OC(C/C=C\CCCCCCCCOC(=O)CCN(CCCn1ccnc1)CCC(=O)OCCCCCCCC/C=C\CC(CCCCCC)OC(=O)OCC#CCCCC)CCCCCC,BL_2023,BL_2023,1
-1.9606267,0.994421135,CCCCC#CCCOC(=O)OC(C/C=C\CCCCCCCCOC(=O)CCN(CCCN1CCN(C)CC1)CCC(=O)OCCCCCCCC/C=C\CC(CCCCCC)OC(=O)OCCC#CCCCC)CCCCCC,BL_2023,BL_2023,1
-1.3096952,0.990029821,CCCCCCC#CCCOC(=O)OC(C/C=C\CCCCCCCCOC(=O)CCN(C)CCCCCCN(C)CCC(=O)OCCCCCCCC/C=C\CC(CCCCCC)OC(=O)OCCC#CCCCCCC)CCCCCC,BL_2023,BL_2023,1
-1.6904254,0.988236972,CCCCCCC#CCOC(=O)OC(C/C=C\CCCCCCCCOC(=O)CCN(CCCN(C)C)CCC(=O)OCCCCCCCC/C=C\CC(CCCCCC)OC(=O)OCC#CCCCCCC)CCCCCC,BL_2023,BL_2023,1
-1.847121,0.983381384,CCCC#CCOC(=O)OC(C/C=C\CCCCCCCCOC(=O)CCN(CCC(=O)OCCCCCCCC/C=C\CC(CCCCCC)OC(=O)OCC#CCCC)CCN(CC)CC)CCCCCC,BL_2023,BL_2023,1
-3.9199994,0.977617403,CCCCCCC#CCOC(=O)OC(C/C=C\CCCCCCCCOC(=O)CCN1CCCCC1CCO)CCCCCC,BL_2023,BL_2023,1
-1.2249368,0.961891938,CCCCCCCC/C=C\CCCCCCCCOC(=O)OC(C/C=C\CCCCCCCCOC(=O)CCN(CCCN(C)CCCN(CCC(=O)OCCCCCCCC/C=C\CC(CCCCCC)OC(=O)OCCCCCCCC/C=C\CCCCCCCC)CCC(=O)OCCCCCCCC/C=C\CC(CCCCCC)OC(=O)OCCCCCCCC/C=C\CCCCCCCC)CCC(=O)OCCCCCCCC/C=C\CC(CCCCCC)OC(=O)OCCCCCCCC/C=C\CCCCCCCC)CCCCCC,BL_2023,BL_2023,1
-2.2412503,0.958275912,CCCCC/C=C\C/C=C\CCCCCCCCOC(=O)OC(C/C=C\CCCCCCCCOC(=O)CCN(C)CCO)CCCCCC,BL_2023,BL_2023,1
-2.222529,0.95557815,CCCCC#CCOC(=O)OC(C/C=C\CCCCCCCCOC(=O)CCN(CCC(=O)OCCCCCCCC/C=C\CC(CCCCCC)OC(=O)OCC#CCCCC)CCC1CCCCN1C)CCCCCC,BL_2023,BL_2023,1
-1.2243054,0.951122473,CCCCCC#CCOC(=O)OC(C/C=C\CCCCCCCCOC(=O)CCN(CCC(=O)OCCCCCCCC/C=C\CC(CCCCCC)OC(=O)OCC#CCCCCC)CCc1cn(CCC(=O)OCCCCCCCC/C=C\CC(CCCCCC)OC(=O)OCC#CCCCCC)cn1)CCCCCC,BL_2023,BL_2023,1
-0.44815648,0.943161197,CCCCC#CCCOC(=O)OC(C/C=C\CCCCCCCCOC(=O)CCN(CCCN(C)CCCN(CCC(=O)OCCCCCCCC/C=C\CC(CCCCCC)OC(=O)OCCC#CCCCC)CCC(=O)OCCCCCCCC/C=C\CC(CCCCCC)OC(=O)OCCC#CCCCC)CCC(=O)OCCCCCCCC/C=C\CC(CCCCCC)OC(=O)OCCC#CCCCC)CCCCCC,BL_2023,BL_2023,1
-2.5620875,0.942699432,CCCCC/C=C\C/C=C\CCCCCCCCOC(=O)OC(C/C=C\CCCCCCCCOC(=O)CCN(CCC(=O)OCCCCCCCC/C=C\CC(CCCCCC)OC(=O)OCCCCCCCC/C=C\C/C=C\CCCCC)CCN(CCC(=O)OCCCCCCCC/C=C\CC(CCCCCC)OC(=O)OCCCCCCCC/C=C\C/C=C\CCCCC)CCN1CCN(CCN(CCC(=O)OCCCCCCCC/C=C\CC(CCCCCC)OC(=O)OCCCCCCCC/C=C\C/C=C\CCCCC)CCC(=O)OCCCCCCCC/C=C\CC(CCCCCC)OC(=O)OCCCCCCCC/C=C\C/C=C\CCCCC)CC1)CCCCCC,BL_2023,BL_2023,1
-2.0887456,0.931811579,CCCC#CCOC(=O)OC(C/C=C\CCCCCCCCOC(=O)CCN(CCCN(CCC(=O)OCCCCCCCC/C=C\CC(CCCCCC)OC(=O)OCC#CCCC)CCN(CCCN(CCC(=O)OCCCCCCCC/C=C\CC(CCCCCC)OC(=O)OCC#CCCC)CCC(=O)OCCCCCCCC/C=C\CC(CCCCCC)OC(=O)OCC#CCCC)CCC(=O)OCCCCCCCC/C=C\CC(CCCCCC)OC(=O)OCC#CCCC)CCC(=O)OCCCCCCCC/C=C\CC(CCCCCC)OC(=O)OCC#CCCC)CCCCCC,BL_2023,BL_2023,1
-4.0620923,0.931279443,CCCCC#CCOC(=O)OC(C/C=C\CCCCCCCCOC(=O)CCN(C)CCCn1ccnc1)CCCCCC,BL_2023,BL_2023,1
-3.3209221,0.926496764,CCCCCCCCCCCCCCCCCCOC(=O)OC(C/C=C\CCCCCCCCOC(=O)CCN(CCC(=O)OCCCCCCCC/C=C\CC(CCCCCC)OC(=O)OCCCCCCCCCCCCCCCCCC)CCN1CCCCC1)CCCCCC,BL_2023,BL_2023,1
-3.6545699,0.921030604,CCCCCCC#CCCOC(=O)OC(C/C=C\CCCCCCCCOC(=O)CCN(C)CCO)CCCCCC,BL_2023,BL_2023,1
-2.372858,0.914535887,CCCCCC#CCOC(=O)OC(C/C=C\CCCCCCCCOC(=O)CCN(CCC(=O)OCCCCCCCC/C=C\CC(CCCCCC)OC(=O)OCC#CCCCCC)CCC1CCCCN1CC(C)C)CCCCCC,BL_2023,BL_2023,1
-3.5151188,0.911760261,CCCCCCC#CCOC(=O)OC(C/C=C\CCCCCCCCOC(=O)CCN(CCCN(C)C)CCCN(C)C)CCCCCC,BL_2023,BL_2023,1
-2.4675524,0.911053161,CCCCCCCC/C=C\CCCCCCCCOC(=O)OC(C/C=C\CCCCCCCCOC(=O)CCN1CCN(CC2CCN(C)CC2)CC1)CCCCCC,BL_2023,BL_2023,1
-1.9255232,0.907492808,CCCCCC#CCOC(=O)OC(C/C=C\CCCCCCCCOC(=O)CCN(CCCn1ccnc1)CCC(=O)OCCCCCCCC/C=C\CC(CCCCCC)OC(=O)OCC#CCCCCC)CCCCCC,BL_2023,BL_2023,1
-0.8303508,0.900084262,CCCCC#CCOC(=O)OC(C/C=C\CCCCCCCCOC(=O)CCN(CCC(=O)OCCCCCCCC/C=C\CC(CCCCCC)OC(=O)OCC#CCCCC)CCc1cn(CCC(=O)OCCCCCCCC/C=C\CC(CCCCCC)OC(=O)OCC#CCCCC)cn1)CCCCCC,BL_2023,BL_2023,1
-1.3929379,0.899624561,CCCCC#CCOC(=O)OC(C/C=C\CCCCCCCCOC(=O)CCN(C)CCCN(C)CCC(=O)OCCCCCCCC/C=C\CC(CCCCCC)OC(=O)OCC#CCCCC)CCCCCC,BL_2023,BL_2023,1
-2.2010775,0.887740679,CCCCCCC#CCCOC(=O)OC(C/C=C\CCCCCCCCOC(=O)CCN(CCC(=O)OCCCCCCCC/C=C\CC(CCCCCC)OC(=O)OCCC#CCCCCCC)CCC1CCCCN1C(C)C)CCCCCC,BL_2023,BL_2023,1
-1.7810941,0.864570286,CCCCCCC#CCOC(=O)OC(C/C=C\CCCCCCCCOC(=O)CCN(C)CCOCCOCCN(C)CCC(=O)OCCCCCCCC/C=C\CC(CCCCCC)OC(=O)OCC#CCCCCCC)CCCCCC,BL_2023,BL_2023,1
-1.7818786,0.864486256,CCC#CCOC(=O)OC(C/C=C\CCCCCCCCOC(=O)CCN(CCC(=O)OCCCCCCCC/C=C\CC(CCCCCC)OC(=O)OCC#CCC)CCN1CCCCCC1)CCCCCC,BL_2023,BL_2023,1
-1.5946305,0.851394013,CCCCC#CCOC(=O)OC(C/C=C\CCCCCCCCOC(=O)CCN(CCC(=O)OCCCCCCCC/C=C\CC(CCCCCC)OC(=O)OCC#CCCCC)CCN1CCCCC1)CCCCCC,BL_2023,BL_2023,1
-1.274472,0.850627614,CCCCCC#CCOC(=O)OC(C/C=C\CCCCCCCCOC(=O)CCN(CCCN(C)CCCN(CCC(=O)OCCCCCCCC/C=C\CC(CCCCCC)OC(=O)OCC#CCCCCC)CCC(=O)OCCCCCCCC/C=C\CC(CCCCCC)OC(=O)OCC#CCCCCC)CCC(=O)OCCCCCCCC/C=C\CC(CCCCCC)OC(=O)OCC#CCCCCC)CCCCCC,BL_2023,BL_2023,1
-1.9914445,0.846418336,CCCCC#CCOC(=O)OC(C/C=C\CCCCCCCCOC(=O)CCN(CCC(=O)OCCCCCCCC/C=C\CC(CCCCCC)OC(=O)OCC#CCCCC)CCC1CCCCN1C(C)C)CCCCCC,BL_2023,BL_2023,1
-2.989972,0.846075028,CCCCCCCC/C=C\CCCCCCCCOC(=O)OC(C/C=C\CCCCCCCCOC(=O)CCN1CCC(CO)CC1)CCCCCC,BL_2023,BL_2023,1
-2.2669861,0.833722479,CCCCCCC#CCOC(=O)OC(C/C=C\CCCCCCCCOC(=O)CCN(CCCN(CCC(=O)OCCCCCCCC/C=C\CC(CCCCCC)OC(=O)OCC#CCCCCCC)CCC(=O)OCCCCCCCC/C=C\CC(CCCCCC)OC(=O)OCC#CCCCCCC)CCCN(CCC(=O)OCCCCCCCC/C=C\CC(CCCCCC)OC(=O)OCC#CCCCCCC)CCC(=O)OCCCCCCCC/C=C\CC(CCCCCC)OC(=O)OCC#CCCCCCC)CCCCCC,BL_2023,BL_2023,1
-3.5414023,0.830908902,CCCCC#CCOC(=O)OC(C/C=C\CCCCCCCCOC(=O)CCN1CCN(c2ccccn2)CC1)CCCCCC,BL_2023,BL_2023,1
-1.8185586,0.828649867,CCCCCCC#CCCOC(=O)OC(C/C=C\CCCCCCCCOC(=O)CCN(C)CCOCCOCCN(C)CCC(=O)OCCCCCCCC/C=C\CC(CCCCCC)OC(=O)OCCC#CCCCCCC)CCCCCC,BL_2023,BL_2023,1
-1.3156263,0.824903487,CCCCCCCC/C=C\CCCCCCCCOC(=O)OC(C/C=C\CCCCCCCCOC(=O)CCN1CCN(CCCN(C)C)CC1)CCCCCC,BL_2023,BL_2023,1
-1.8944206,0.809487216,CCCCCCCCCCCCCCCCCCOC(=O)OC(C/C=C\CCCCCCCCOC(=O)CCN(C)CCCN(C)CCCN(C)CCC(=O)OCCCCCCCC/C=C\CC(CCCCCC)OC(=O)OCCCCCCCCCCCCCCCCCC)CCCCCC,BL_2023,BL_2023,1
-2.3193219,0.809287629,CCCCCCC#CCCOC(=O)OC(C/C=C\CCCCCCCCOC(=O)CCN(CCCN1CCOCC1)CCC(=O)OCCCCCCCC/C=C\CC(CCCCCC)OC(=O)OCCC#CCCCCCC)CCCCCC,BL_2023,BL_2023,1
-3.763747,0.801780193,CCCCCC#CCOC(=O)OC(C/C=C\CCCCCCCCOC(=O)CCN1CCN(c2cccnc2)CC1)CCCCCC,BL_2023,BL_2023,1
-0.79572195,0.798478701,CCCCC#CCCOC(=O)OC(C/C=C\CCCCCCCCOC(=O)CCN(C)CCCCCCN(C)CCC(=O)OCCCCCCCC/C=C\CC(CCCCCC)OC(=O)OCCC#CCCCC)CCCCCC,BL_2023,BL_2023,1
-1.715017,0.793375714,CCCC#CCOC(=O)OC(C/C=C\CCCCCCCCOC(=O)CCN(CCCn1ccnc1)CCC(=O)OCCCCCCCC/C=C\CC(CCCCCC)OC(=O)OCC#CCCC)CCCCCC,BL_2023,BL_2023,1
-2.475297,0.791802884,CCCCCCCCCCCCCCCCCCOC(=O)OC(C/C=C\CCCCCCCCOC(=O)CCN(CCC(=O)OCCCCCCCC/C=C\CC(CCCCCC)OC(=O)OCCCCCCCCCCCCCCCCCC)CCc1ccncc1)CCCCCC,BL_2023,BL_2023,1
-1.9191561,0.759989719,CCCCCCC#CCOC(=O)OC(C/C=C\CCCCCCCCOC(=O)CCN(CCC(=O)OCCCCCCCC/C=C\CC(CCCCCC)OC(=O)OCC#CCCCCCC)CCc1ccncc1)CCCCCC,BL_2023,BL_2023,1
-1.3640153,0.758241969,CCCC#CCOC(=O)OC(C/C=C\CCCCCCCCOC(=O)CCN(C)CCCCCCN(C)CCC(=O)OCCCCCCCC/C=C\CC(CCCCCC)OC(=O)OCC#CCCC)CCCCCC,BL_2023,BL_2023,1
-1.4462192,0.757245138,CCCCCCCC/C=C\CCCCCCCCOC(=O)OC(C/C=C\CCCCCCCCOC(=O)CCN(C)CCCN(C)CCCN(C)CCC(=O)OCCCCCCCC/C=C\CC(CCCCCC)OC(=O)OCCCCCCCC/C=C\CCCCCCCC)CCCCCC,BL_2023,BL_2023,1
-3.9713461,0.756494564,CCCCCCC#CCCOC(=O)OC(C/C=C\CCCCCCCCOC(=O)CCN1CCC[C@H]1CO)CCCCCC,BL_2023,BL_2023,1
-1.7723309,0.756220157,CCCCC/C=C\C/C=C\CCCCCCCCOC(=O)OC(C/C=C\CCCCCCCCOC(=O)CCN(C)CCOCCOCCN(C)CCC(=O)OCCCCCCCC/C=C\CC(CCCCCC)OC(=O)OCCCCCCCC/C=C\C/C=C\CCCCC)CCCCCC,BL_2023,BL_2023,1
-1.2162617,0.751828633,CCCC#CCOC(=O)OC(C/C=C\CCCCCCCCOC(=O)CCN(CCCN(C)C)CCCN(CCC(=O)OCCCCCCCC/C=C\CC(CCCCCC)OC(=O)OCC#CCCC)CCC(=O)OCCCCCCCC/C=C\CC(CCCCCC)OC(=O)OCC#CCCC)CCCCCC,BL_2023,BL_2023,1
-3.5881853,0.750798979,CCCCCCC#CCOC(=O)OC(C/C=C\CCCCCCCCOC(=O)CCN(C)CCCn1ccnc1)CCCCCC,BL_2023,BL_2023,1
-2.0140035,0.742705462,CCCCCCC#CCOC(=O)OC(C/C=C\CCCCCCCCOC(=O)CCN(CCCn1ccnc1)CCC(=O)OCCCCCCCC/C=C\CC(CCCCCC)OC(=O)OCC#CCCCCCC)CCCCCC,BL_2023,BL_2023,1
-1.4953322,0.741771051,CCCC#CCOC(=O)OC(C/C=C\CCCCCCCCOC(=O)CCN(CCC(=O)OCCCCCCCC/C=C\CC(CCCCCC)OC(=O)OCC#CCCC)CCN1CCCCN(C)CC1)CCCCCC,BL_2023,BL_2023,1
-1.7857169,0.737058791,CCCCCC#CCOC(=O)OC(C/C=C\CCCCCCCCOC(=O)CCN(CCCN1CCN(C)CC1)CCC(=O)OCCCCCCCC/C=C\CC(CCCCCC)OC(=O)OCC#CCCCCC)CCCCCC,BL_2023,BL_2023,1
-1.4891295,0.73545985,CCCCC/C=C\C/C=C\CCCCCCCCOC(=O)OC(C/C=C\CCCCCCCCOC(=O)CCN1CCN(CCN2CCCC2)CC1)CCCCCC,BL_2023,BL_2023,1
-2.4937017,0.733951443,CCCCCCCCCCCCCCCCCCOC(=O)OC(C/C=C\CCCCCCCCOC(=O)CCN(C)CCOCCOCCN(C)CCC(=O)OCCCCCCCC/C=C\CC(CCCCCC)OC(=O)OCCCCCCCCCCCCCCCCCC)CCCCCC,BL_2023,BL_2023,1
-3.0303504,0.730404681,CCCCCCC#CCOC(=O)OC(C/C=C\CCCCCCCCOC(=O)CCN(C)CCN(C)C)CCCCCC,BL_2023,BL_2023,1
-1.2081221,0.72818277,CCCCC/C=C\C/C=C\CCCCCCCCOC(=O)OC(C/C=C\CCCCCCCCOC(=O)CCN(C)CCCCCCN(C)CCC(=O)OCCCCCCCC/C=C\CC(CCCCCC)OC(=O)OCCCCCCCC/C=C\C/C=C\CCCCC)CCCCCC,BL_2023,BL_2023,1
-2.5544286,0.725867478,CCCCCCCC/C=C\CCCCCCCCOC(=O)OC(C/C=C\CCCCCCCCOC(=O)CCN(CCCN(CCC(=O)OCCCCCCCC/C=C\CC(CCCCCC)OC(=O)OCCCCCCCC/C=C\CCCCCCCC)CCN(CCCN(CCC(=O)OCCCCCCCC/C=C\CC(CCCCCC)OC(=O)OCCCCCCCC/C=C\CCCCCCCC)CCC(=O)OCCCCCCCC/C=C\CC(CCCCCC)OC(=O)OCCCCCCCC/C=C\CCCCCCCC)CCC(=O)OCCCCCCCC/C=C\CC(CCCCCC)OC(=O)OCCCCCCCC/C=C\CCCCCCCC)CCC(=O)OCCCCCCCC/C=C\CC(CCCCCC)OC(=O)OCCCCCCCC/C=C\CCCCCCCC)CCCCCC,BL_2023,BL_2023,1
-0.61444366,0.725652036,CCCCC#CCCOC(=O)OC(C/C=C\CCCCCCCCOC(=O)CCN(CCC(=O)OCCCCCCCC/C=C\CC(CCCCCC)OC(=O)OCCC#CCCCC)CCc1cn(CCC(=O)OCCCCCCCC/C=C\CC(CCCCCC)OC(=O)OCCC#CCCCC)cn1)CCCCCC,BL_2023,BL_2023,1
-2.2287667,0.714787109,CCC#CCOC(=O)OC(C/C=C\CCCCCCCCOC(=O)CCN(CCC(=O)OCCCCCCCC/C=C\CC(CCCCCC)OC(=O)OCC#CCC)CCN1CCCCC1)CCCCCC,BL_2023,BL_2023,1
-2.9608734,0.714630765,CCCCCCC#CCOC(=O)OC(C/C=C\CCCCCCCCOC(=O)CCN1CCN(c2cccnc2)CC1)CCCCCC,BL_2023,BL_2023,1
-2.0269861,0.713997781,CCCCCC#CCOC(=O)OC(C/C=C\CCCCCCCCOC(=O)CCN(CCC(=O)OCCCCCCCC/C=C\CC(CCCCCC)OC(=O)OCC#CCCCCC)CCN1CCOCC1)CCCCCC,BL_2023,BL_2023,1
-2.4152231,0.712436762,CCC#CCOC(=O)OC(C/C=C\CCCCCCCCOC(=O)CCN(CCC(=O)OCCCCCCCC/C=C\CC(CCCCCC)OC(=O)OCC#CCC)CCC1CCCCN1CC(C)C)CCCCCC,BL_2023,BL_2023,1
-2.8794527,0.697065661,CCCCCCCCCCCCCCCCCCOC(=O)OC(C/C=C\CCCCCCCCOC(=O)CCN(CCCN1CCCCCC1)CCC(=O)OCCCCCCCC/C=C\CC(CCCCCC)OC(=O)OCCCCCCCCCCCCCCCCCC)CCCCCC,BL_2023,BL_2023,1
-2.6529593,0.696608871,CCC#CCOC(=O)OC(C/C=C\CCCCCCCCOC(=O)CCN(CCC(=O)OCCCCCCCC/C=C\CC(CCCCCC)OC(=O)OCC#CCC)CCC1CCCCN1C)CCCCCC,BL_2023,BL_2023,1
-2.6010945,0.694851467,CCCCCCCC/C=C\CCCCCCCCOC(=O)OC(C/C=C\CCCCCCCCOC(=O)CCN(CCC(=O)OCCCCCCCC/C=C\CC(CCCCCC)OC(=O)OCCCCCCCC/C=C\CCCCCCCC)CCN1CCCCC1)CCCCCC,BL_2023,BL_2023,1
-1.9925413,0.694266745,CCC#CCOC(=O)OC(C/C=C\CCCCCCCCOC(=O)CCN(C)CCCN(C)CCC(=O)OCCCCCCCC/C=C\CC(CCCCCC)OC(=O)OCC#CCC)CCCCCC,BL_2023,BL_2023,1
-2.3356671,0.68372793,CCCCCCCC/C=C\CCCCCCCCOC(=O)OC(C/C=C\CCCCCCCCOC(=O)CCN(CCCN(CCC(=O)OCCCCCCCC/C=C\CC(CCCCCC)OC(=O)OCCCCCCCC/C=C\CCCCCCCC)CCC(=O)OCCCCCCCC/C=C\CC(CCCCCC)OC(=O)OCCCCCCCC/C=C\CCCCCCCC)CCCN(CCC(=O)OCCCCCCCC/C=C\CC(CCCCCC)OC(=O)OCCCCCCCC/C=C\CCCCCCCC)CCC(=O)OCCCCCCCC/C=C\CC(CCCCCC)OC(=O)OCCCCCCCC/C=C\CCCCCCCC)CCCCCC,BL_2023,BL_2023,1
-1.3439938,0.681475973,CCC#CCOC(=O)OC(C/C=C\CCCCCCCCOC(=O)CCN(CCCN(C)C)CCCN(CCC(=O)OCCCCCCCC/C=C\CC(CCCCCC)OC(=O)OCC#CCC)CCC(=O)OCCCCCCCC/C=C\CC(CCCCCC)OC(=O)OCC#CCC)CCCCCC,BL_2023,BL_2023,1
-3.9734507,0.675789353,CCCC#CCOC(=O)OC(C/C=C\CCCCCCCCOC(=O)CCN1CCN(c2ccncc2)CC1)CCCCCC,BL_2023,BL_2023,1
-1.8494658,0.67229469,CCCCC/C=C\C/C=C\CCCCCCCCOC(=O)OC(C/C=C\CCCCCCCCOC(=O)CCN(C)CCN(C)C)CCCCCC,BL_2023,BL_2023,1
-1.5457573,0.671535415,CCCCCCC#CCOC(=O)OC(C/C=C\CCCCCCCCOC(=O)CCN(CCC(=O)OCCCCCCCC/C=C\CC(CCCCCC)OC(=O)OCC#CCCCCCC)CCN1CCCCN(C)CC1)CCCCCC,BL_2023,BL_2023,1
-1.7513733,0.660504131,CCCCC#CCCOC(=O)OC(C/C=C\CCCCCCCCOC(=O)CCN(CCC(=O)OCCCCCCCC/C=C\CC(CCCCCC)OC(=O)OCCC#CCCCC)CCN1CCCCCC1)CCCCCC,BL_2023,BL_2023,1
-1.5468239,0.64419175,CCCCCC#CCOC(=O)OC(C/C=C\CCCCCCCCOC(=O)CCN(CCC(=O)OCCCCCCCC/C=C\CC(CCCCCC)OC(=O)OCC#CCCCCC)CCN(CC)CC)CCCCCC,BL_2023,BL_2023,1
-4.110775,0.641505159,CCCCCC#CCOC(=O)OC(C/C=C\CCCCCCCCOC(=O)CCN(C)CCCn1ccnc1)CCCCCC,BL_2023,BL_2023,1
-3.3478346,0.635921265,CCCCCC#CCOC(=O)OC(C/C=C\CCCCCCCCOC(=O)CCN(CCCN(C)C)CCCN(C)C)CCCCCC,BL_2023,BL_2023,1
-1.6183968,0.635779608,CCCCCC#CCOC(=O)OC(C/C=C\CCCCCCCCOC(=O)CCN(CCCN(C)C)CCC(=O)OCCCCCCCC/C=C\CC(CCCCCC)OC(=O)OCC#CCCCCC)CCCCCC,BL_2023,BL_2023,1
-1.2095796,0.635437798,CCCCCCCC/C=C\CCCCCCCCOC(=O)OC(C/C=C\CCCCCCCCOC(=O)CCN(CCC(=O)OCCCCCCCC/C=C\CC(CCCCCC)OC(=O)OCCCCCCCC/C=C\CCCCCCCC)CCN(CCC(=O)OCCCCCCCC/C=C\CC(CCCCCC)OC(=O)OCCCCCCCC/C=C\CCCCCCCC)CCN1CCN(CCN(CCC(=O)OCCCCCCCC/C=C\CC(CCCCCC)OC(=O)OCCCCCCCC/C=C\CCCCCCCC)CCC(=O)OCCCCCCCC/C=C\CC(CCCCCC)OC(=O)OCCCCCCCC/C=C\CCCCCCCC)CC1)CCCCCC,BL_2023,BL_2023,1
-0.51261187,0.629252984,CCCCCCC#CCCOC(=O)OC(C/C=C\CCCCCCCCOC(=O)CCN(CCC(=O)OCCCCCCCC/C=C\CC(CCCCCC)OC(=O)OCCC#CCCCCCC)CCc1cn(CCC(=O)OCCCCCCCC/C=C\CC(CCCCCC)OC(=O)OCCC#CCCCCCC)cn1)CCCCCC,BL_2023,BL_2023,1
-4.2142773,0.628729149,CCCCCCC#CCOC(=O)OC(C/C=C\CCCCCCCCOC(=O)CCN1CCCCC1CO)CCCCCC,BL_2023,BL_2023,1
-1.3879187,0.622348169,CCCCC#CCCOC(=O)OC(C/C=C\CCCCCCCCOC(=O)CCN(CCC(=O)OCCCCCCCC/C=C\CC(CCCCCC)OC(=O)OCCC#CCCCC)CCN(CCC(=O)OCCCCCCCC/C=C\CC(CCCCCC)OC(=O)OCCC#CCCCC)CCN1CCN(CCN(CCC(=O)OCCCCCCCC/C=C\CC(CCCCCC)OC(=O)OCCC#CCCCC)CCC(=O)OCCCCCCCC/C=C\CC(CCCCCC)OC(=O)OCCC#CCCCC)CC1)CCCCCC,BL_2023,BL_2023,1
-1.447013,0.619169682,CCC#CCOC(=O)OC(C/C=C\CCCCCCCCOC(=O)CCN(CCC(=O)OCCCCCCCC/C=C\CC(CCCCCC)OC(=O)OCC#CCC)CCN(CC)CC)CCCCCC,BL_2023,BL_2023,1
-1.8646249,0.618850709,CCC#CCOC(=O)OC(C/C=C\CCCCCCCCOC(=O)CCN(CCCn1ccnc1)CCC(=O)OCCCCCCCC/C=C\CC(CCCCCC)OC(=O)OCC#CCC)CCCCCC,BL_2023,BL_2023,1
-2.27402,0.616612128,CCCCCCC#CCOC(=O)OC(C/C=C\CCCCCCCCOC(=O)CCN1CCCN(CCC(=O)OCCCCCCCC/C=C\CC(CCCCCC)OC(=O)OCC#CCCCCCC)CCN(CCC(=O)OCCCCCCCC/C=C\CC(CCCCCC)OC(=O)OCC#CCCCCCC)CCCN(CCC(=O)OCCCCCCCC/C=C\CC(CCCCCC)OC(=O)OCC#CCCCCCC)CC1)CCCCCC,BL_2023,BL_2023,1
-3.6341913,0.61322209,CCCCC#CCCOC(=O)OC(C/C=C\CCCCCCCCOC(=O)CCN1CCC(N2CCN(CC)CC2)CC1)CCCCCC,BL_2023,BL_2023,1
-2.6596842,0.610159872,CCCCCCCCCCCCCCCCCCOC(=O)OC(C/C=C\CCCCCCCCOC(=O)CCN(CCC(=O)OCCCCCCCC/C=C\CC(CCCCCC)OC(=O)OCCCCCCCCCCCCCCCCCC)CCN(C)C)CCCCCC,BL_2023,BL_2023,1
-2.2806091,0.602447216,CCCC#CCOC(=O)OC(C/C=C\CCCCCCCCOC(=O)CCN(CCC(=O)OCCCCCCCC/C=C\CC(CCCCCC)OC(=O)OCC#CCCC)CCC1CCCCN1CC(C)C)CCCCCC,BL_2023,BL_2023,1
-2.471693,0.60151036,CCCCCCC#CCOC(=O)OC(C/C=C\CCCCCCCCOC(=O)CCN(CCC(=O)OCCCCCCCC/C=C\CC(CCCCCC)OC(=O)OCC#CCCCCCC)CCC1CCCCN1CC(C)C)CCCCCC,BL_2023,BL_2023,1
-1.3821608,0.601313842,CCCCC#CCOC(=O)OC(C/C=C\CCCCCCCCOC(=O)CCN(CCCN1CCN(CCCN(CCC(=O)OCCCCCCCC/C=C\CC(CCCCCC)OC(=O)OCC#CCCCC)CCC(=O)OCCCCCCCC/C=C\CC(CCCCCC)OC(=O)OCC#CCCCC)CC1)CCC(=O)OCCCCCCCC/C=C\CC(CCCCCC)OC(=O)OCC#CCCCC)CCCCCC,BL_2023,BL_2023,1
-4.614427,0.598077973,CCCC#CCOC(=O)OC(C/C=C\CCCCCCCCOC(=O)CCN1CCC[C@H]1CO)CCCCCC,BL_2023,BL_2023,1
-2.5593748,0.597520095,CCCC#CCOC(=O)OC(C/C=C\CCCCCCCCOC(=O)CCN(CCCN1CCOCC1)CCC(=O)OCCCCCCCC/C=C\CC(CCCCCC)OC(=O)OCC#CCCC)CCCCCC,BL_2023,BL_2023,1
-1.0600053,0.594268331,CCCCC#CCOC(=O)OC(C/C=C\CCCCCCCCOC(=O)CCN(C)CCCCCCN(C)CCC(=O)OCCCCCCCC/C=C\CC(CCCCCC)OC(=O)OCC#CCCCC)CCCCCC,BL_2023,BL_2023,1
-1.907749,0.592461625,CCCCCC#CCOC(=O)OC(C/C=C\CCCCCCCCOC(=O)CCN1CCCN(CCC(=O)OCCCCCCCC/C=C\CC(CCCCCC)OC(=O)OCC#CCCCCC)CCN(CCC(=O)OCCCCCCCC/C=C\CC(CCCCCC)OC(=O)OCC#CCCCCC)CCCN(CCC(=O)OCCCCCCCC/C=C\CC(CCCCCC)OC(=O)OCC#CCCCCC)CC1)CCCCCC,BL_2023,BL_2023,1
-2.1563764,0.584521631,CCCCC/C=C\C/C=C\CCCCCCCCOC(=O)OC(C/C=C\CCCCCCCCOC(=O)CCN(CCCN(C)CCCN(CCC(=O)OCCCCCCCC/C=C\CC(CCCCCC)OC(=O)OCCCCCCCC/C=C\C/C=C\CCCCC)CCC(=O)OCCCCCCCC/C=C\CC(CCCCCC)OC(=O)OCCCCCCCC/C=C\C/C=C\CCCCC)CCC(=O)OCCCCCCCC/C=C\CC(CCCCCC)OC(=O)OCCCCCCCC/C=C\C/C=C\CCCCC)CCCCCC,BL_2023,BL_2023,1
-2.6856468,0.576555629,CCCCCCCC/C=C\CCCCCCCCOC(=O)OC(C/C=C\CCCCCCCCOC(=O)CCN1CCC(CCO)CC1)CCCCCC,BL_2023,BL_2023,1
-2.504643,0.572273079,CCCCCCCC/C=C\CCCCCCCCOC(=O)OC(C/C=C\CCCCCCCCOC(=O)CCN(CCCN1CCCCCC1)CCC(=O)OCCCCCCCC/C=C\CC(CCCCCC)OC(=O)OCCCCCCCC/C=C\CCCCCCCC)CCCCCC,BL_2023,BL_2023,1
-1.8777215,0.570089294,CCCCCCC#CCOC(=O)OC(C/C=C\CCCCCCCCOC(=O)CCN(CCCN1CCN(C)CC1)CCC(=O)OCCCCCCCC/C=C\CC(CCCCCC)OC(=O)OCC#CCCCCCC)CCCCCC,BL_2023,BL_2023,1
-1.7535155,0.56664217,CCCCCCC#CCCOC(=O)OC(C/C=C\CCCCCCCCOC(=O)CCN(CCCN(CCC(=O)OCCCCCCCC/C=C\CC(CCCCCC)OC(=O)OCCC#CCCCCCC)CCN(CCCN(CCC(=O)OCCCCCCCC/C=C\CC(CCCCCC)OC(=O)OCCC#CCCCCCC)CCC(=O)OCCCCCCCC/C=C\CC(CCCCCC)OC(=O)OCCC#CCCCCCC)CCC(=O)OCCCCCCCC/C=C\CC(CCCCCC)OC(=O)OCCC#CCCCCCC)CCC(=O)OCCCCCCCC/C=C\CC(CCCCCC)OC(=O)OCCC#CCCCCCC)CCCCCC,BL_2023,BL_2023,1
-3.4919786,0.566575091,CCC#CCOC(=O)OC(C/C=C\CCCCCCCCOC(=O)CCN1CCN=C1C)CCCCCC,BL_2023,BL_2023,1
-2.0670154,0.562543278,CCCCC#CCOC(=O)OC(C/C=C\CCCCCCCCOC(=O)CCN1CCCN(CCC(=O)OCCCCCCCC/C=C\CC(CCCCCC)OC(=O)OCC#CCCCC)CCN(CCC(=O)OCCCCCCCC/C=C\CC(CCCCCC)OC(=O)OCC#CCCCC)CCCN(CCC(=O)OCCCCCCCC/C=C\CC(CCCCCC)OC(=O)OCC#CCCCC)CC1)CCCCCC,BL_2023,BL_2023,1
-2.383903,0.562321009,CCCCC#CCCOC(=O)OC(C/C=C\CCCCCCCCOC(=O)CCN(CCC(=O)OCCCCCCCC/C=C\CC(CCCCCC)OC(=O)OCCC#CCCCC)CCC1CCCCN1C)CCCCCC,BL_2023,BL_2023,1
-2.153153,0.561769736,CCCCC#CCOC(=O)OC(C/C=C\CCCCCCCCOC(=O)CCN(CCCN1CCOCC1)CCC(=O)OCCCCCCCC/C=C\CC(CCCCCC)OC(=O)OCC#CCCCC)CCCCCC,BL_2023,BL_2023,1
-4.7881107,0.558293262,CCCC#CCOC(=O)OC(C/C=C\CCCCCCCCOC(=O)CCN1CCC(CCO)CC1)CCCCCC,BL_2023,BL_2023,1
-3.0865207,0.555772657,CCCC#CCOC(=O)OC(C/C=C\CCCCCCCCOC(=O)CCN1CCN=C1C)CCCCCC,BL_2023,BL_2023,1
-3.0992343,0.547226971,CCCCC#CCOC(=O)OC(C/C=C\CCCCCCCCOC(=O)CCN(C)CCN(C)C)CCCCCC,BL_2023,BL_2023,1
-2.1289237,0.539949068,CCCCCC#CCOC(=O)OC(C/C=C\CCCCCCCCOC(=O)CCN(CCCN1CCOCC1)CCC(=O)OCCCCCCCC/C=C\CC(CCCCCC)OC(=O)OCC#CCCCCC)CCCCCC,BL_2023,BL_2023,1
-1.9459091,0.535479426,CCCCCCC#CCOC(=O)OC(C/C=C\CCCCCCCCOC(=O)CCN(CCC(=O)OCCCCCCCC/C=C\CC(CCCCCC)OC(=O)OCC#CCCCCCC)CCC1CCCCN1C)CCCCCC,BL_2023,BL_2023,1
-1.981045,0.533106367,CCCCCCCC/C=C\CCCCCCCCOC(=O)OC(C/C=C\CCCCCCCCOC(=O)CCN(CCC(=O)OCCCCCCCC/C=C\CC(CCCCCC)OC(=O)OCCCCCCCC/C=C\CCCCCCCC)CCc1ccncc1)CCCCCC,BL_2023,BL_2023,1
-2.173975,0.533065353,CCCCC#CCOC(=O)OC(C/C=C\CCCCCCCCOC(=O)CCN(C)CCOCCOCCN(C)CCC(=O)OCCCCCCCC/C=C\CC(CCCCCC)OC(=O)OCC#CCCCC)CCCCCC,BL_2023,BL_2023,1
-1.867404,0.527517707,CCCCCC#CCOC(=O)OC(C/C=C\CCCCCCCCOC(=O)CCN(C)CCOCCOCCN(C)CCC(=O)OCCCCCCCC/C=C\CC(CCCCCC)OC(=O)OCC#CCCCCC)CCCCCC,BL_2023,BL_2023,1
-0.2994027,0.518508081,CCC#CCOC(=O)OC(C/C=C\CCCCCCCCOC(=O)CCN(CCCN(C)CCCN(CCC(=O)OCCCCCCCC/C=C\CC(CCCCCC)OC(=O)OCC#CCC)CCC(=O)OCCCCCCCC/C=C\CC(CCCCCC)OC(=O)OCC#CCC)CCC(=O)OCCCCCCCC/C=C\CC(CCCCCC)OC(=O)OCC#CCC)CCCCCC,BL_2023,BL_2023,1
-1.4556636,0.517969233,CCCCCCCC/C=C\CCCCCCCCOC(=O)OC(C/C=C\CCCCCCCCOC(=O)CCN1CCN(CCN2CCCC2)CC1)CCCCCC,BL_2023,BL_2023,1
-1.8590218,0.515776113,CCCCCCC#CCOC(=O)OC(C/C=C\CCCCCCCCOC(=O)CCN(CCC(=O)OCCCCCCCC/C=C\CC(CCCCCC)OC(=O)OCC#CCCCCCC)CCN1CCCCC1)CCCCCC,BL_2023,BL_2023,1
-2.3582475,0.510491986,CCCCC#CCOC(=O)OC(C/C=C\CCCCCCCCOC(=O)CCN(CCCN1CCCCC1)CCC(=O)OCCCCCCCC/C=C\CC(CCCCCC)OC(=O)OCC#CCCCC)CCCCCC,BL_2023,BL_2023,1
-2.354708,0.508038995,CCC#CCOC(=O)OC(C/C=C\CCCCCCCCOC(=O)CCN(CCCN1CCOCC1)CCC(=O)OCCCCCCCC/C=C\CC(CCCCCC)OC(=O)OCC#CCC)CCCCCC,BL_2023,BL_2023,1
-1.704855,0.503074486,CCCCCCC#CCCOC(=O)OC(C/C=C\CCCCCCCCOC(=O)CCN(CCCN1CCCCCC1)CCC(=O)OCCCCCCCC/C=C\CC(CCCCCC)OC(=O)OCCC#CCCCCCC)CCCCCC,BL_2023,BL_2023,1
-2.3235457,0.500967462,CCCCC#CCOC(=O)OC(C/C=C\CCCCCCCCOC(=O)CCN(CCC(=O)OCCCCCCCC/C=C\CC(CCCCCC)OC(=O)OCC#CCCCC)CCC1CCCCN1CC(C)C)CCCCCC,BL_2023,BL_2023,1
-3.401135,0.500836158,CCCCCC#CCOC(=O)OC(C/C=C\CCCCCCCCOC(=O)CCN1CCN(c2ccccn2)CC1)CCCCCC,BL_2023,BL_2023,1
-1.5641268,0.493093723,CCC#CCOC(=O)OC(C/C=C\CCCCCCCCOC(=O)CCN(C)CCCCCCN(C)CCC(=O)OCCCCCCCC/C=C\CC(CCCCCC)OC(=O)OCC#CCC)CCCCCC,BL_2023,BL_2023,1
-1.5135108,0.481259731,CCCCCC#CCOC(=O)OC(C/C=C\CCCCCCCCOC(=O)CCN(CCC(=O)OCCCCCCCC/C=C\CC(CCCCCC)OC(=O)OCC#CCCCCC)CCc1ccncc1)CCCCCC,BL_2023,BL_2023,1
-3.1109996,0.480872508,CCCCC#CCOC(=O)OC(C/C=C\CCCCCCCCOC(=O)CCN1CCN=C1C)CCCCCC,BL_2023,BL_2023,1
-2.633185,0.479023334,CCCC#CCOC(=O)OC(C/C=C\CCCCCCCCOC(=O)CCN(CCC(=O)OCCCCCCCC/C=C\CC(CCCCCC)OC(=O)OCC#CCCC)CCN1CCOCC1)CCCCCC,BL_2023,BL_2023,1
-1.1787959,0.476684882,CCCCCC#CCOC(=O)OC(C/C=C\CCCCCCCCOC(=O)CCN(C)CCCN(C)CCC(=O)OCCCCCCCC/C=C\CC(CCCCCC)OC(=O)OCC#CCCCCC)CCCCCC,BL_2023,BL_2023,1
-2.7372088,0.473260515,CCCCCCC#CCCOC(=O)OC(C/C=C\CCCCCCCCOC(=O)CCN1CCC(N2CCN(CC)CC2)CC1)CCCCCC,BL_2023,BL_2023,1
-1.4532568,0.468260354,CCCCCCC#CCCOC(=O)OC(C/C=C\CCCCCCCCOC(=O)CCN(CCC(=O)OCCCCCCCC/C=C\CC(CCCCCC)OC(=O)OCCC#CCCCCCC)CCN1CCN(C)CC1)CCCCCC,BL_2023,BL_2023,1
-4.014017,0.465799951,CCCCC#CCCOC(=O)OC(C/C=C\CCCCCCCCOC(=O)CCN1CCN(c2cccnc2)CC1)CCCCCC,BL_2023,BL_2023,1
-2.553268,0.464847662,CCCCCCCC/C=C\CCCCCCCCOC(=O)OC(C/C=C\CCCCCCCCOC(=O)CCN1CCN(CCC(=O)OCCCCCCCC/C=C\CC(CCCCCC)OC(=O)OCCCCCCCC/C=C\CCCCCCCC)CCN(CCC(=O)OCCCCCCCC/C=C\CC(CCCCCC)OC(=O)OCCCCCCCC/C=C\CCCCCCCC)CC1)CCCCCC,BL_2023,BL_2023,1
-1.7809122,0.455822301,CCCCCCC#CCCOC(=O)OC(C/C=C\CCCCCCCCOC(=O)CCN1CCN(CCC(=O)OCCCCCCCC/C=C\CC(CCCCCC)OC(=O)OCCC#CCCCCCC)CCN(CCC(=O)OCCCCCCCC/C=C\CC(CCCCCC)OC(=O)OCCC#CCCCCCC)CC1)CCCCCC,BL_2023,BL_2023,1
-4.238918,0.453901091,CCCCC#CCOC(=O)OC(C/C=C\CCCCCCCCOC(=O)CCN1CCC[C@H]1CO)CCCCCC,BL_2023,BL_2023,1
-0.7236682,0.449016616,CCCCC#CCOC(=O)OC(C/C=C\CCCCCCCCOC(=O)CCN(CCCN(C)CCCN(CCC(=O)OCCCCCCCC/C=C\CC(CCCCCC)OC(=O)OCC#CCCCC)CCC(=O)OCCCCCCCC/C=C\CC(CCCCCC)OC(=O)OCC#CCCCC)CCC(=O)OCCCCCCCC/C=C\CC(CCCCCC)OC(=O)OCC#CCCCC)CCCCCC,BL_2023,BL_2023,1
-1.659042,0.423358609,CCCCCCC#CCOC(=O)OC(C/C=C\CCCCCCCCOC(=O)CCN(CCC(=O)OCCCCCCCC/C=C\CC(CCCCCC)OC(=O)OCC#CCCCCCC)CCN1CCOCC1)CCCCCC,BL_2023,BL_2023,1
-1.8173248,0.419620921,CCCCC#CCCOC(=O)OC(C/C=C\CCCCCCCCOC(=O)CCN(CCC(=O)OCCCCCCCC/C=C\CC(CCCCCC)OC(=O)OCCC#CCCCC)CCc1ccncc1)CCCCCC,BL_2023,BL_2023,1
-2.1878963,0.419117843,CCCC#CCOC(=O)OC(C/C=C\CCCCCCCCOC(=O)CCN(CCC(=O)OCCCCCCCC/C=C\CC(CCCCCC)OC(=O)OCC#CCCC)CCN1CCCCC1)CCCCCC,BL_2023,BL_2023,1
-1.5818074,0.416322282,CCCCCCCCCCCCCCCCCCOC(=O)OC(C/C=C\CCCCCCCCOC(=O)CCN1CCN(CCN2CCCC2)CC1)CCCCCC,BL_2023,BL_2023,1
-3.2172427,0.413275848,CCCCCC#CCOC(=O)OC(C/C=C\CCCCCCCCOC(=O)CCN(C)CCN(C)C)CCCCCC,BL_2023,BL_2023,1
-1.5374453,0.410420761,CCCCC/C=C\C/C=C\CCCCCCCCOC(=O)OC(C/C=C\CCCCCCCCOC(=O)CCN(C)CCCN(C)CCCN(C)CCC(=O)OCCCCCCCC/C=C\CC(CCCCCC)OC(=O)OCCCCCCCC/C=C\C/C=C\CCCCC)CCCCCC,BL_2023,BL_2023,1
-3.4737358,0.409632061,CCCC#CCOC(=O)OC(C/C=C\CCCCCCCCOC(=O)CCN1CCN(c2cccnc2)CC1)CCCCCC,BL_2023,BL_2023,1
-2.8745022,0.403303496,CCCCC/C=C\C/C=C\CCCCCCCCOC(=O)OC(C/C=C\CCCCCCCCOC(=O)CCN(CCC(=O)OCCCCCCCC/C=C\CC(CCCCCC)OC(=O)OCCCCCCCC/C=C\C/C=C\CCCCC)CCN1CCOCC1)CCCCCC,BL_2023,BL_2023,1
-1.2791494,0.402449986,CCCCCC#CCOC(=O)OC(C/C=C\CCCCCCCCOC(=O)CCN(CCC(=O)OCCCCCCCC/C=C\CC(CCCCCC)OC(=O)OCC#CCCCCC)CCc1ccccn1)CCCCCC,BL_2023,BL_2023,1
-3.9202347,0.40069836,CCCC#CCOC(=O)OC(C/C=C\CCCCCCCCOC(=O)CCN(C)CCCn1ccnc1)CCCCCC,BL_2023,BL_2023,1
-4.1552167,0.39551431,CCCCCC#CCOC(=O)OC(C/C=C\CCCCCCCCOC(=O)CCN1CCC[C@H]1CO)CCCCCC,BL_2023,BL_2023,1
-2.5945885,0.377078156,CCCC#CCOC(=O)OC(C/C=C\CCCCCCCCOC(=O)CCN(C)CCOCCOCCN(C)CCC(=O)OCCCCCCCC/C=C\CC(CCCCCC)OC(=O)OCC#CCCC)CCCCCC,BL_2023,BL_2023,1
-4.233722,0.374302746,CCCCCCC#CCCOC(=O)OC(C/C=C\CCCCCCCCOC(=O)CCN1CCCCC1CO)CCCCCC,BL_2023,BL_2023,1
-2.6653204,0.37424623,CCCCCCCCCCCCCCCCCCOC(=O)OC(C/C=C\CCCCCCCCOC(=O)CCN(C)CCN(C)C)CCCCCC,BL_2023,BL_2023,1
-2.0374272,0.369504344,CCCC#CCOC(=O)OC(C/C=C\CCCCCCCCOC(=O)CCN1CCCN(CCC(=O)OCCCCCCCC/C=C\CC(CCCCCC)OC(=O)OCC#CCCC)CCN(CCC(=O)OCCCCCCCC/C=C\CC(CCCCCC)OC(=O)OCC#CCCC)CCCN(CCC(=O)OCCCCCCCC/C=C\CC(CCCCCC)OC(=O)OCC#CCCC)CC1)CCCCCC,BL_2023,BL_2023,1
-3.3722963,0.368647679,CCCCCCCC/C=C\CCCCCCCCOC(=O)OC(C/C=C\CCCCCCCCOC(=O)CCN(C)CCCn1ccnc1)CCCCCC,BL_2023,BL_2023,1
-4.2135706,0.366485158,CCCCCC#CCOC(=O)OC(C/C=C\CCCCCCCCOC(=O)CCN1CCCCC1CCO)CCCCCC,BL_2023,BL_2023,1
-4.575511,0.366025661,CCCCC#CCCOC(=O)OC(C/C=C\CCCCCCCCOC(=O)CCN1CCC(O)CC1)CCCCCC,BL_2023,BL_2023,1
-2.5173943,0.364875049,CCCCCC#CCOC(=O)OC(C/C=C\CCCCCCCCOC(=O)CCN(CCN(CC)CC)CCN(CC)CC)CCCCCC,BL_2023,BL_2023,1
-3.0755277,0.358206665,CCCCCCC#CCCOC(=O)OC(C/C=C\CCCCCCCCOC(=O)CCN(C)CCCn1ccnc1)CCCCCC,BL_2023,BL_2023,1
-4.023535,0.357125494,CCC#CCOC(=O)OC(C/C=C\CCCCCCCCOC(=O)CCN1CCN(c2ccncc2)CC1)CCCCCC,BL_2023,BL_2023,1
-1.5266736,0.353293224,CCCCCCC#CCCOC(=O)OC(C/C=C\CCCCCCCCOC(=O)CCN(CCCN1CCCC1)CCC(=O)OCCCCCCCC/C=C\CC(CCCCCC)OC(=O)OCCC#CCCCCCC)CCCCCC,BL_2023,BL_2023,1
-1.2606847,0.346585554,CCC#CCOC(=O)OC(C/C=C\CCCCCCCCOC(=O)CCN(CCC(=O)OCCCCCCCC/C=C\CC(CCCCCC)OC(=O)OCC#CCC)CC(OCC)OCC)CCCCCC,BL_2023,BL_2023,1
-3.4915257,0.33253804,CCCCCCC#CCCOC(=O)OC(C/C=C\CCCCCCCCOC(=O)CCN1CCN(CCN2CCCC2)CC1)CCCCCC,BL_2023,BL_2023,1
-0.6090108,0.324136313,CCCC#CCOC(=O)OC(C/C=C\CCCCCCCCOC(=O)CCN(CCCN1CCN(CCCN(CCC(=O)OCCCCCCCC/C=C\CC(CCCCCC)OC(=O)OCC#CCCC)CCC(=O)OCCCCCCCC/C=C\CC(CCCCCC)OC(=O)OCC#CCCC)CC1)CCC(=O)OCCCCCCCC/C=C\CC(CCCCCC)OC(=O)OCC#CCCC)CCCCCC,BL_2023,BL_2023,1
-0.67108876,0.31646367,CCC#CCOC(=O)OC(C/C=C\CCCCCCCCOC(=O)CCN(C)CCCN(CCC(=O)OCCCCCCCC/C=C\CC(CCCCCC)OC(=O)OCC#CCC)CCC(=O)OCCCCCCCC/C=C\CC(CCCCCC)OC(=O)OCC#CCC)CCCCCC,BL_2023,BL_2023,1
-4.1246395,0.303954318,CCCCC#CCOC(=O)OC(C/C=C\CCCCCCCCOC(=O)CCN1CCCCC1CCO)CCCCCC,BL_2023,BL_2023,1
-2.3683572,0.280701435,CCCCC/C=C\C/C=C\CCCCCCCCOC(=O)OC(C/C=C\CCCCCCCCOC(=O)CCN1CCN(c2cccnc2)CC1)CCCCCC,BL_2023,BL_2023,1
-2.0839143,0.270476422,CCCCC#CCOC(=O)OC(C/C=C\CCCCCCCCOC(=O)CCN(CCC(=O)OCCCCCCCC/C=C\CC(CCCCCC)OC(=O)OCC#CCCCC)CCN1CCOCC1)CCCCCC,BL_2023,BL_2023,1
-4.3934464,0.26850381,CCCCCCC#CCCOC(=O)OC(C/C=C\CCCCCCCCOC(=O)CCN1CCC(O)CC1)CCCCCC,BL_2023,BL_2023,1
-0.49312642,0.256249336,CCCCC#CCCOC(=O)OC(C/C=C\CCCCCCCCOC(=O)CCN(CCCN1CCN(CCCN(CCC(=O)OCCCCCCCC/C=C\CC(CCCCCC)OC(=O)OCCC#CCCCC)CCC(=O)OCCCCCCCC/C=C\CC(CCCCCC)OC(=O)OCCC#CCCCC)CC1)CCC(=O)OCCCCCCCC/C=C\CC(CCCCCC)OC(=O)OCCC#CCCCC)CCCCCC,BL_2023,BL_2023,1
-2.7053537,0.253480451,CCCCCCCCCCCCCCCCCCOC(=O)OC(C/C=C\CCCCCCCCOC(=O)CCN1CCC[C@H]1CO)CCCCCC,BL_2023,BL_2023,1
-3.1196697,0.252234808,CCCCC/C=C\C/C=C\CCCCCCCCOC(=O)OC(C/C=C\CCCCCCCCOC(=O)CCN1CCN(CCC(=O)OCCCCCCCC/C=C\CC(CCCCCC)OC(=O)OCCCCCCCC/C=C\C/C=C\CCCCC)CCN(CCC(=O)OCCCCCCCC/C=C\CC(CCCCCC)OC(=O)OCCCCCCCC/C=C\C/C=C\CCCCC)CC1)CCCCCC,BL_2023,BL_2023,1
-2.1372933,0.240862299,CCCCCCC#CCOC(=O)OC(C/C=C\CCCCCCCCOC(=O)CCN(CCN(CC)CC)CCN(CC)CC)CCCCCC,BL_2023,BL_2023,1
-4.6336775,0.233633655,CCCCC#CCOC(=O)OC(C/C=C\CCCCCCCCOC(=O)CCN1CCC(CO)CC1)CCCCCC,BL_2023,BL_2023,1
-2.634004,0.229752466,CCC#CCOC(=O)OC(C/C=C\CCCCCCCCOC(=O)CCN(CCCN1CCCC1)CCC(=O)OCCCCCCCC/C=C\CC(CCCCCC)OC(=O)OCC#CCC)CCCCCC,BL_2023,BL_2023,1
-0.9710542,0.223087681,CCCCCCC#CCOC(=O)OC(C/C=C\CCCCCCCCOC(=O)CCN(C)CCCN(C)CCC(=O)OCCCCCCCC/C=C\CC(CCCCCC)OC(=O)OCC#CCCCCCC)CCCCCC,BL_2023,BL_2023,1
-1.2819185,0.22187844,CCCCCCC#CCOC(=O)OC(C/C=C\CCCCCCCCOC(=O)CCN(CCCN(CC)CC)CCC(=O)OCCCCCCCC/C=C\CC(CCCCCC)OC(=O)OCC#CCCCCCC)CCCCCC,BL_2023,BL_2023,1
-0.52974236,0.22134005,CCC#CCOC(=O)OC(C/C=C\CCCCCCCCOC(=O)CCN(CCC(=O)OCCCCCCCC/C=C\CC(CCCCCC)OC(=O)OCC#CCC)CCc1cn(CCC(=O)OCCCCCCCC/C=C\CC(CCCCCC)OC(=O)OCC#CCC)cn1)CCCCCC,BL_2023,BL_2023,1
-2.463028,0.220897363,CCC#CCOC(=O)OC(C/C=C\CCCCCCCCOC(=O)CCN(CCCN(CCC(=O)OCCCCCCCC/C=C\CC(CCCCCC)OC(=O)OCC#CCC)CCC(=O)OCCCCCCCC/C=C\CC(CCCCCC)OC(=O)OCC#CCC)CCCN(CCC(=O)OCCCCCCCC/C=C\CC(CCCCCC)OC(=O)OCC#CCC)CCC(=O)OCCCCCCCC/C=C\CC(CCCCCC)OC(=O)OCC#CCC)CCCCCC,BL_2023,BL_2023,1
-3.0015008,0.214092026,CCCC#CCOC(=O)OC(C/C=C\CCCCCCCCOC(=O)CCN(CCC(=O)OCCCCCCCC/C=C\CC(CCCCCC)OC(=O)OCC#CCCC)CCC1CCCCN1C(C)C)CCCCCC,BL_2023,BL_2023,1
-1.6591141,0.212743159,CCCCCCC#CCCOC(=O)OC(C/C=C\CCCCCCCCOC(=O)CCN(CCCN1CCN(C)CC1)CCC(=O)OCCCCCCCC/C=C\CC(CCCCCC)OC(=O)OCCC#CCCCCCC)CCCCCC,BL_2023,BL_2023,1
-3.3487036,0.212527783,CCCCCCC#CCCOC(=O)OC(C/C=C\CCCCCCCCOC(=O)CCN1CCCCC1CCO)CCCCCC,BL_2023,BL_2023,1
-3.0161397,0.210801392,CCCCC/C=C\C/C=C\CCCCCCCCOC(=O)OC(C/C=C\CCCCCCCCOC(=O)CCN(CCCN(C)C)CCCN(CCC(=O)OCCCCCCCC/C=C\CC(CCCCCC)OC(=O)OCCCCCCCC/C=C\C/C=C\CCCCC)CCC(=O)OCCCCCCCC/C=C\CC(CCCCCC)OC(=O)OCCCCCCCC/C=C\C/C=C\CCCCC)CCCCCC,BL_2023,BL_2023,1
-1.807227,0.209068962,CCCCCCC#CCCOC(=O)OC(C/C=C\CCCCCCCCOC(=O)CCN(CCCN1CCCCC1)CCC(=O)OCCCCCCCC/C=C\CC(CCCCCC)OC(=O)OCCC#CCCCCCC)CCCCCC,BL_2023,BL_2023,1
-4.131449,0.206320109,CCC#CCOC(=O)OC(C/C=C\CCCCCCCCOC(=O)CCN1CCC(O)CC1)CCCCCC,BL_2023,BL_2023,1
-4.0172753,0.202178015,CCCCC#CCOC(=O)OC(C/C=C\CCCCCCCCOC(=O)CCN1CCN(c2cccnc2)CC1)CCCCCC,BL_2023,BL_2023,1
-4.046949,0.194073122,CCCCC#CCCOC(=O)OC(C/C=C\CCCCCCCCOC(=O)CCN1CCCCC1CO)CCCCCC,BL_2023,BL_2023,1
-3.724732,0.177601475,CCCCCC#CCOC(=O)OC(C/C=C\CCCCCCCCOC(=O)CCN1CCN(CC2CCN(C)CC2)CC1)CCCCCC,BL_2023,BL_2023,1
-2.0457318,0.172213588,CCCCC#CCCOC(=O)OC(C/C=C\CCCCCCCCOC(=O)CCN(CCCN(CCC(=O)OCCCCCCCC/C=C\CC(CCCCCC)OC(=O)OCCC#CCCCC)CCN(CCCN(CCC(=O)OCCCCCCCC/C=C\CC(CCCCCC)OC(=O)OCCC#CCCCC)CCC(=O)OCCCCCCCC/C=C\CC(CCCCCC)OC(=O)OCCC#CCCCC)CCC(=O)OCCCCCCCC/C=C\CC(CCCCCC)OC(=O)OCCC#CCCCC)CCC(=O)OCCCCCCCC/C=C\CC(CCCCCC)OC(=O)OCCC#CCCCC)CCCCCC,BL_2023,BL_2023,1
-2.7053056,0.169059414,CCCCCCCCCCCCCCCCCCOC(=O)OC(C/C=C\CCCCCCCCOC(=O)CCN1CCN(c2cccnc2)CC1)CCCCCC,BL_2023,BL_2023,1
-1.8607743,0.167667762,CCCCCCC#CCCOC(=O)OC(C/C=C\CCCCCCCCOC(=O)CCN(CCC(=O)OCCCCCCCC/C=C\CC(CCCCCC)OC(=O)OCCC#CCCCCCC)CCN(C)CCN(CCC(=O)OCCCCCCCC/C=C\CC(CCCCCC)OC(=O)OCCC#CCCCCCC)CCC(=O)OCCCCCCCC/C=C\CC(CCCCCC)OC(=O)OCCC#CCCCCCC)CCCCCC,BL_2023,BL_2023,1
-1.5334918,0.167067074,CCCCC#CCOC(=O)OC(C/C=C\CCCCCCCCOC(=O)CCN(CCCN(CC)CC)CCC(=O)OCCCCCCCC/C=C\CC(CCCCCC)OC(=O)OCC#CCCCC)CCCCCC,BL_2023,BL_2023,1
-3.875718,0.158798386,CCCC#CCOC(=O)OC(C/C=C\CCCCCCCCOC(=O)CCN1CCN(CC2CCN(C)CC2)CC1)CCCCCC,BL_2023,BL_2023,1
-3.5968199,0.15831795,CCCCCCC#CCCOC(=O)OC(C/C=C\CCCCCCCCOC(=O)CCN1CCC(CCO)CC1)CCCCCC,BL_2023,BL_2023,1
-3.8898928,0.151431693,CCC#CCOC(=O)OC(C/C=C\CCCCCCCCOC(=O)CCN(C)CCCn1ccnc1)CCCCCC,BL_2023,BL_2023,1
-2.0188334,0.150899702,CCCCCC#CCOC(=O)OC(C/C=C\CCCCCCCCOC(=O)CCN(CCC(=O)OCCCCCCCC/C=C\CC(CCCCCC)OC(=O)OCC#CCCCCC)CCC1CCCCN1C(C)C)CCCCCC,BL_2023,BL_2023,1
-3.606307,0.140862856,CCCCCC#CCOC(=O)OC(C/C=C\CCCCCCCCOC(=O)CCN1CCN(CCOCCO)CC1)CCCCCC,BL_2023,BL_2023,1
-2.5337882,0.123919098,CCCCCCCC/C=C\CCCCCCCCOC(=O)OC(C/C=C\CCCCCCCCOC(=O)CCN(CCC(=O)OCCCCCCCC/C=C\CC(CCCCCC)OC(=O)OCCCCCCCC/C=C\CCCCCCCC)CCC1CCCCN1C(C)C)CCCCCC,BL_2023,BL_2023,1
-4.295927,0.117104163,CCCCCCC#CCOC(=O)OC(C/C=C\CCCCCCCCOC(=O)CCN1CCC(CCO)CC1)CCCCCC,BL_2023,BL_2023,1
-3.0506253,0.114103344,CCCCCCCCCCCCCCCCCCOC(=O)OC(C/C=C\CCCCCCCCOC(=O)CCN1CCC(CCO)CC1)CCCCCC,BL_2023,BL_2023,1
-3.4662516,0.10140051,CCCCCCC#CCCOC(=O)OC(C/C=C\CCCCCCCCOC(=O)CCN1CCN(CCOCCO)CC1)CCCCCC,BL_2023,BL_2023,1
-2.946476,0.099558935,CCCCCCCC/C=C\CCCCCCCCOC(=O)OC(C/C=C\CCCCCCCCOC(=O)CCN(C)CCN(C)C)CCCCCC,BL_2023,BL_2023,1
-2.6002116,0.097043355,CCCCC#CCOC(=O)OC(C/C=C\CCCCCCCCOC(=O)CCN(CCN(CC)CC)CCN(CC)CC)CCCCCC,BL_2023,BL_2023,1
-1.732482,0.093096356,CCCCCCC#CCOC(=O)OC(C/C=C\CCCCCCCCOC(=O)CCN(CCCN1CCOCC1)CCC(=O)OCCCCCCCC/C=C\CC(CCCCCC)OC(=O)OCC#CCCCCCC)CCCCCC,BL_2023,BL_2023,1
-1.1846666,0.091948567,CCCCCCC#CCOC(=O)OC(C/C=C\CCCCCCCCOC(=O)CCN(CCCN(C)CCCN(CCC(=O)OCCCCCCCC/C=C\CC(CCCCCC)OC(=O)OCC#CCCCCCC)CCC(=O)OCCCCCCCC/C=C\CC(CCCCCC)OC(=O)OCC#CCCCCCC)CCC(=O)OCCCCCCCC/C=C\CC(CCCCCC)OC(=O)OCC#CCCCCCC)CCCCCC,BL_2023,BL_2023,1
-2.7676923,0.084853396,CCCCC/C=C\C/C=C\CCCCCCCCOC(=O)OC(C/C=C\CCCCCCCCOC(=O)CCN(CCCN(C)C)CCCN(C)C)CCCCCC,BL_2023,BL_2023,1
-3.4259822,0.081930551,CCCCCCC#CCCOC(=O)OC(C/C=C\CCCCCCCCOC(=O)CCN1CCN(CCN(C)C)CC1)CCCCCC,BL_2023,BL_2023,1
-3.5569897,0.074973824,CCC#CCOC(=O)OC(C/C=C\CCCCCCCCOC(=O)CCN1CCN(c2cccnc2)CC1)CCCCCC,BL_2023,BL_2023,1
-2.4353468,0.063704545,CCCCCCC#CCCOC(=O)OC(C/C=C\CCCCCCCCOC(=O)CCN(CCC(=O)OCCCCCCCC/C=C\CC(CCCCCC)OC(=O)OCCC#CCCCCCC)CCC1CCCCN1CC(C)C)CCCCCC,BL_2023,BL_2023,1
-3.126418,0.05956162,CCCCCCC#CCOC(=O)OC(C/C=C\CCCCCCCCOC(=O)CCN1CCN(CCN2CCCC2)CC1)CCCCCC,BL_2023,BL_2023,1
-4.1218395,0.045934951,CCCCCC#CCOC(=O)OC(C/C=C\CCCCCCCCOC(=O)CCN1CCC(CCO)CC1)CCCCCC,BL_2023,BL_2023,1
-2.6902044,0.044039881,CCCCCCCC/C=C\CCCCCCCCOC(=O)OC(C/C=C\CCCCCCCCOC(=O)CCN1CCC[C@H]1CO)CCCCCC,BL_2023,BL_2023,1
-2.0234041,0.042468902,CCCCCC#CCOC(=O)OC(C/C=C\CCCCCCCCOC(=O)CCN(CCC(=O)OCCCCCCCC/C=C\CC(CCCCCC)OC(=O)OCC#CCCCCC)CCC1CCCCN1C)CCCCCC,BL_2023,BL_2023,1
-3.4060307,0.038115881,CCCCC#CCOC(=O)OC(C/C=C\CCCCCCCCOC(=O)CCN(CCCN(C)C)CCCN(C)C)CCCCCC,BL_2023,BL_2023,1
-1.5755023,0.028811218,CCCCC#CCCOC(=O)OC(C/C=C\CCCCCCCCOC(=O)CCN(CCCN1CCCCCC1)CCC(=O)OCCCCCCCC/C=C\CC(CCCCCC)OC(=O)OCCC#CCCCC)CCCCCC,BL_2023,BL_2023,1
-1.7497278,0.0286977,CCC#CCOC(=O)OC(C/C=C\CCCCCCCCOC(=O)CCN(CCCN(CC)CC)CCC(=O)OCCCCCCCC/C=C\CC(CCCCCC)OC(=O)OCC#CCC)CCCCCC,BL_2023,BL_2023,1
-2.58476,0.02784548,CCCCCCCCCCCCCCCCCCOC(=O)OC(C/C=C\CCCCCCCCOC(=O)CCN(CCC(=O)OCCCCCCCC/C=C\CC(CCCCCC)OC(=O)OCCCCCCCCCCCCCCCCCC)CCC1CCCCN1CC(C)C)CCCCCC,BL_2023,BL_2023,1
-3.177145,0.02413549,CCCCCCC#CCOC(=O)OC(C/C=C\CCCCCCCCOC(=O)CCN1CCN(c2ccccn2)CC1)CCCCCC,BL_2023,BL_2023,1
-1.9353389,0.021838532,CCCCC/C=C\C/C=C\CCCCCCCCOC(=O)OC(C/C=C\CCCCCCCCOC(=O)CCN(CCC(=O)OCCCCCCCC/C=C\CC(CCCCCC)OC(=O)OCCCCCCCC/C=C\C/C=C\CCCCC)CCc1ccncc1)CCCCCC,BL_2023,BL_2023,1
-2.2963517,0.01636929,CCCCC#CCCOC(=O)OC(C/C=C\CCCCCCCCOC(=O)CCN(CCCN1CCCCC1)CCC(=O)OCCCCCCCC/C=C\CC(CCCCCC)OC(=O)OCCC#CCCCC)CCCCCC,BL_2023,BL_2023,1
-4.170904,0.015845246,CCCCC#CCCOC(=O)OC(C/C=C\CCCCCCCCOC(=O)CCN1CCC[C@H]1CO)CCCCCC,BL_2023,BL_2023,1
-2.0544643,0.013421627,CCCCCCC#CCCOC(=O)OC(C/C=C\CCCCCCCCOC(=O)CCN(CCC(=O)OCCCCCCCC/C=C\CC(CCCCCC)OC(=O)OCCC#CCCCCCC)CCN1CCOCC1)CCCCCC,BL_2023,BL_2023,1
-4.527585,0.002590616,CCCCC#CCCOC(=O)OC(C/C=C\CCCCCCCCOC(=O)CCN(C)CCCn1ccnc1)CCCCCC,BL_2023,BL_2023,1
-2.2644103,-0.001042852,CCC#CCOC(=O)OC(C/C=C\CCCCCCCCOC(=O)CCN(C)CCOCCOCCN(C)CCC(=O)OCCCCCCCC/C=C\CC(CCCCCC)OC(=O)OCC#CCC)CCCCCC,BL_2023,BL_2023,1
-2.0385268,-0.004338948,CCCCCCCC/C=C\CCCCCCCCOC(=O)OC(C/C=C\CCCCCCCCOC(=O)CCN1CCN(CCOCCO)CC1)CCCCCC,BL_2023,BL_2023,1
-3.7145216,-0.005493221,CCCCC#CCOC(=O)OC(C/C=C\CCCCCCCCOC(=O)CCN1CCN(CC2CCN(C)CC2)CC1)CCCCCC,BL_2023,BL_2023,1
-3.117369,-0.008421316,CCCCCCC#CCOC(=O)OC(C/C=C\CCCCCCCCOC(=O)CCN1CCC(N2CCN(CC)CC2)CC1)CCCCCC,BL_2023,BL_2023,1
-2.5946074,-0.010076005,CCCCC#CCCOC(=O)OC(C/C=C\CCCCCCCCOC(=O)CCN(CCC(=O)OCCCCCCCC/C=C\CC(CCCCCC)OC(=O)OCCC#CCCCC)CCC1CCCCN1CC(C)C)CCCCCC,BL_2023,BL_2023,1
-0.46984613,-0.0106288,CCCC#CCOC(=O)OC(C/C=C\CCCCCCCCOC(=O)CCN(CCCN(C)CCCN(CCC(=O)OCCCCCCCC/C=C\CC(CCCCCC)OC(=O)OCC#CCCC)CCC(=O)OCCCCCCCC/C=C\CC(CCCCCC)OC(=O)OCC#CCCC)CCC(=O)OCCCCCCCC/C=C\CC(CCCCCC)OC(=O)OCC#CCCC)CCCCCC,BL_2023,BL_2023,1
-1.7350725,-0.011674652,CCCCCC#CCOC(=O)OC(C/C=C\CCCCCCCCOC(=O)CCN(CCC(=O)OCCCCCCCC/C=C\CC(CCCCCC)OC(=O)OCC#CCCCCC)CCN1CCCCN(C)CC1)CCCCCC,BL_2023,BL_2023,1
-2.4154036,-0.018121331,CCCCC#CCOC(=O)OC(C/C=C\CCCCCCCCOC(=O)CCN(CCCN(C)C)CCC(=O)OCCCCCCCC/C=C\CC(CCCCCC)OC(=O)OCC#CCCCC)CCCCCC,BL_2023,BL_2023,1
-1.0860717,-0.02244522,CCCCCC#CCOC(=O)OC(C/C=C\CCCCCCCCOC(=O)CCN(CCCN1CCN(CCCN(CCC(=O)OCCCCCCCC/C=C\CC(CCCCCC)OC(=O)OCC#CCCCCC)CCC(=O)OCCCCCCCC/C=C\CC(CCCCCC)OC(=O)OCC#CCCCCC)CC1)CCC(=O)OCCCCCCCC/C=C\CC(CCCCCC)OC(=O)OCC#CCCCCC)CCCCCC,BL_2023,BL_2023,1
-1.8558954,-0.022665556,CCCCC#CCCOC(=O)OC(C/C=C\CCCCCCCCOC(=O)CCN(CCC(=O)OCCCCCCCC/C=C\CC(CCCCCC)OC(=O)OCCC#CCCCC)CCC1CCCCN1C(C)C)CCCCCC,BL_2023,BL_2023,1
-2.9056406,-0.024558187,CCCCC/C=C\C/C=C\CCCCCCCCOC(=O)OC(C/C=C\CCCCCCCCOC(=O)CCN1CCC[C@H]1CO)CCCCCC,BL_2023,BL_2023,1
-3.6545699,-0.031945158,CCCCCCC#CCCOC(=O)OC(C/C=C\CCCCCCCCOC(=O)CCN(C)CCO)CCCCCC,BL_2023,BL_2023,1
-2.930202,-0.043269162,CCCCCCCC/C=C\CCCCCCCCOC(=O)OC(C/C=C\CCCCCCCCOC(=O)CCN1CCN(c2cccnc2)CC1)CCCCCC,BL_2023,BL_2023,1
-1.899425,-0.044024614,CCCC#CCOC(=O)OC(C/C=C\CCCCCCCCOC(=O)CCN(CCCN(CC)CC)CCC(=O)OCCCCCCCC/C=C\CC(CCCCCC)OC(=O)OCC#CCCC)CCCCCC,BL_2023,BL_2023,1
-2.6829193,-0.053214533,CCCCCCCC/C=C\CCCCCCCCOC(=O)OC(C/C=C\CCCCCCCCOC(=O)CCN(CCC(=O)OCCCCCCCC/C=C\CC(CCCCCC)OC(=O)OCCCCCCCC/C=C\CCCCCCCC)CCC1CCCCN1CC(C)C)CCCCCC,BL_2023,BL_2023,1
-2.4623992,-0.054287255,CCCCCCCCCCCCCCCCCCOC(=O)OC(C/C=C\CCCCCCCCOC(=O)CCN(CCCN(C)C)CCCN(C)C)CCCCCC,BL_2023,BL_2023,0
-3.3194945,-0.054421508,CCCCCCCCCCCCCCCCCCOC(=O)OC(C/C=C\CCCCCCCCOC(=O)CCN1CCN(CCC(=O)OCCCCCCCC/C=C\CC(CCCCCC)OC(=O)OCCCCCCCCCCCCCCCCCC)CCN(CCC(=O)OCCCCCCCC/C=C\CC(CCCCCC)OC(=O)OCCCCCCCCCCCCCCCCCC)CC1)CCCCCC,BL_2023,BL_2023,0
-0.43887547,-0.062782955,CCC#CCOC(=O)OC(C/C=C\CCCCCCCCOC(=O)CCN(CCCN1CCN(CCCN(CCC(=O)OCCCCCCCC/C=C\CC(CCCCCC)OC(=O)OCC#CCC)CCC(=O)OCCCCCCCC/C=C\CC(CCCCCC)OC(=O)OCC#CCC)CC1)CCC(=O)OCCCCCCCC/C=C\CC(CCCCCC)OC(=O)OCC#CCC)CCCCCC,BL_2023,BL_2023,0
-3.4531834,-0.074423599,CCCC#CCOC(=O)OC(C/C=C\CCCCCCCCOC(=O)CCN(CCCN(C)C)CCCN(C)C)CCCCCC,BL_2023,BL_2023,0
-3.3435445,-0.084200879,CCCC#CCOC(=O)OC(C/C=C\CCCCCCCCOC(=O)CCN(CCN(CC)CC)CCN(CC)CC)CCCCCC,BL_2023,BL_2023,0
-1.6156251,-0.084593159,CCCCC#CCCOC(=O)OC(C/C=C\CCCCCCCCOC(=O)CCN(CCC(=O)OCCCCCCCC/C=C\CC(CCCCCC)OC(=O)OCCC#CCCCC)CCN(C)CCN(CCC(=O)OCCCCCCCC/C=C\CC(CCCCCC)OC(=O)OCCC#CCCCC)CCC(=O)OCCCCCCCC/C=C\CC(CCCCCC)OC(=O)OCCC#CCCCC)CCCCCC,BL_2023,BL_2023,0
-3.6973763,-0.086595048,CCCCCCC#CCOC(=O)OC(C/C=C\CCCCCCCCOC(=O)CCN1CCC(O)CC1)CCCCCC,BL_2023,BL_2023,0
-3.651844,-0.087383723,CCC#CCOC(=O)OC(C/C=C\CCCCCCCCOC(=O)CCN(CCCN(C)C)CCCN(C)C)CCCCCC,BL_2023,BL_2023,0
-3.6324267,-0.087742627,CCCCCCCCCCCCCCCCCCOC(=O)OC(C/C=C\CCCCCCCCOC(=O)CCN(C)CCCn1ccnc1)CCCCCC,BL_2023,BL_2023,0
-2.0602813,-0.090912247,CCCC#CCOC(=O)OC(C/C=C\CCCCCCCCOC(=O)CCN(CCCN(C)C)CCC(=O)OCCCCCCCC/C=C\CC(CCCCCC)OC(=O)OCC#CCCC)CCCCCC,BL_2023,BL_2023,0
-1.9112166,-0.094102278,CCCCC/C=C\C/C=C\CCCCCCCCOC(=O)OC(C/C=C\CCCCCCCCOC(=O)CCN(CCCCCO)CCC(=O)OCCCCCCCC/C=C\CC(CCCCCC)OC(=O)OCCCCCCCC/C=C\C/C=C\CCCCC)CCCCCC,BL_2023,BL_2023,0
-1.9353659,-0.095850991,CCC#CCOC(=O)OC(C/C=C\CCCCCCCCOC(=O)CCN(CCCN(C)C)CCC(=O)OCCCCCCCC/C=C\CC(CCCCCC)OC(=O)OCC#CCC)CCCCCC,BL_2023,BL_2023,0
-1.1724845,-0.097862344,CCCCCCC#CCOC(=O)OC(C/C=C\CCCCCCCCOC(=O)CCN(CCC(=O)OCCCCCCCC/C=C\CC(CCCCCC)OC(=O)OCC#CCCCCCC)CC(OCC)OCC)CCCCCC,BL_2023,BL_2023,0
-1.7453557,-0.100323622,CCCCC#CCOC(=O)OC(C/C=C\CCCCCCCCOC(=O)CCN(CCC(=O)OCCCCCCCC/C=C\CC(CCCCCC)OC(=O)OCC#CCCCC)CCc1ccccn1)CCCCCC,BL_2023,BL_2023,0
-1.6087883,-0.101134477,CCCCCC#CCOC(=O)OC(C/C=C\CCCCCCCCOC(=O)CCN(CCCN(CC)CC)CCC(=O)OCCCCCCCC/C=C\CC(CCCCCC)OC(=O)OCC#CCCCCC)CCCCCC,BL_2023,BL_2023,0
-1.4065789,-0.103463841,CCCCC/C=C\C/C=C\CCCCCCCCOC(=O)OC(C/C=C\CCCCCCCCOC(=O)CCN(CCCN1CCCCCC1)CCC(=O)OCCCCCCCC/C=C\CC(CCCCCC)OC(=O)OCCCCCCCC/C=C\C/C=C\CCCCC)CCCCCC,BL_2023,BL_2023,0
-1.5392123,-0.117712964,CCCCCCC#CCCOC(=O)OC(C/C=C\CCCCCCCCOC(=O)CCN(CCC(=O)OCCCCCCCC/C=C\CC(CCCCCC)OC(=O)OCCC#CCCCCCC)CCN1CCCCN(C)CC1)CCCCCC,BL_2023,BL_2023,0
-1.5129502,-0.126603189,CCCCC#CCCOC(=O)OC(C/C=C\CCCCCCCCOC(=O)CCN(CCC(=O)OCCCCCCCC/C=C\CC(CCCCCC)OC(=O)OCCC#CCCCC)CCN1CCCCN(C)CC1)CCCCCC,BL_2023,BL_2023,0
-2.5762448,-0.127341571,CCCCCCC#CCCOC(=O)OC(C/C=C\CCCCCCCCOC(=O)CCN(CCC(=O)OCCCCCCCC/C=C\CC(CCCCCC)OC(=O)OCCC#CCCCCCC)CCC1CCCCN1C)CCCCCC,BL_2023,BL_2023,0
-1.7311153,-0.145845037,CCCCC#CCCOC(=O)OC(C/C=C\CCCCCCCCOC(=O)CCN(CCC(=O)OCCCCCCCC/C=C\CC(CCCCCC)OC(=O)OCCC#CCCCC)CCc1ccccn1)CCCCCC,BL_2023,BL_2023,0
-3.4757965,-0.146774446,CCCCC#CCOC(=O)OC(C/C=C\CCCCCCCCOC(=O)CCN1CCN(CCN2CCCC2)CC1)CCCCCC,BL_2023,BL_2023,0
-3.3092782,-0.154437455,CCC#CCOC(=O)OC(C/C=C\CCCCCCCCOC(=O)CCN(CCN(CC)CC)CCN(CC)CC)CCCCCC,BL_2023,BL_2023,0
-2.6634958,-0.155547793,CCC#CCOC(=O)OC(C/C=C\CCCCCCCCOC(=O)CCN(CCC(=O)OCCCCCCCC/C=C\CC(CCCCCC)OC(=O)OCC#CCC)CCN1CCOCC1)CCCCCC,BL_2023,BL_2023,0
-4.3476906,-0.158520918,CCCCC#CCOC(=O)OC(C/C=C\CCCCCCCCOC(=O)CCN1CCC(CCO)CC1)CCCCCC,BL_2023,BL_2023,0
-1.756013,-0.16034665,CCCCC#CCOC(=O)OC(C/C=C\CCCCCCCCOC(=O)CCN(CCC(=O)OCCCCCCCC/C=C\CC(CCCCCC)OC(=O)OCC#CCCCC)CCc1ccncc1)CCCCCC,BL_2023,BL_2023,0
-2.620831,-0.16851995,CCCC#CCOC(=O)OC(C/C=C\CCCCCCCCOC(=O)CCN(CCC(=O)OCCCCCCCC/C=C\CC(CCCCCC)OC(=O)OCC#CCCC)CCC1CCCCN1C)CCCCCC,BL_2023,BL_2023,0
-1.4060005,-0.171997614,CCCCCCC#CCOC(=O)OC(C/C=C\CCCCCCCCOC(=O)CCN(CCC(=O)OCCCCCCCC/C=C\CC(CCCCCC)OC(=O)OCC#CCCCCCC)CCc1cn(CCC(=O)OCCCCCCCC/C=C\CC(CCCCCC)OC(=O)OCC#CCCCCCC)cn1)CCCCCC,BL_2023,BL_2023,0
-4.252462,-0.17340408,CCCCCC#CCOC(=O)OC(C/C=C\CCCCCCCCOC(=O)CCN1CCC(CO)CC1)CCCCCC,BL_2023,BL_2023,0
-2.7190356,-0.174985791,CCCCCCCC/C=C\CCCCCCCCOC(=O)OC(C/C=C\CCCCCCCCOC(=O)CCN(CCCN(C)C)CCCN(C)C)CCCCCC,BL_2023,BL_2023,0
-3.0957618,-0.175414149,CCCCC#CCCOC(=O)OC(C/C=C\CCCCCCCCOC(=O)CCN1CCC1c1ccccc1)CCCCCC,BL_2023,BL_2023,0
-3.2308292,-0.177776759,CCCCCCC#CCCOC(=O)OC(C/C=C\CCCCCCCCOC(=O)CCN1CCN=C1C)CCCCCC,BL_2023,BL_2023,0
-4.346494,-0.181016767,CCCCCC#CCOC(=O)OC(C/C=C\CCCCCCCCOC(=O)CCN1CCC(O)CC1)CCCCCC,BL_2023,BL_2023,0
-2.2951653,-0.189761839,CCCCCCCC/C=C\CCCCCCCCOC(=O)OC(C/C=C\CCCCCCCCOC(=O)CCN(CCC(=O)OCCCCCCCC/C=C\CC(CCCCCC)OC(=O)OCCCCCCCC/C=C\CCCCCCCC)CC(O)CO)CCCCCC,BL_2023,BL_2023,0
-4.4505777,-0.191662364,CCCCCCC#CCCOC(=O)OC(C/C=C\CCCCCCCCOC(=O)CCN1CCC(CO)CC1)CCCCCC,BL_2023,BL_2023,0
-2.9802568,-0.192593184,CCCC#CCOC(=O)OC(C/C=C\CCCCCCCCOC(=O)CCN1CCN(CCOCCO)CC1)CCCCCC,BL_2023,BL_2023,0
-1.8152347,-0.205857276,CCCCCCC#CCCOC(=O)OC(C/C=C\CCCCCCCCOC(=O)CCN(CCC(=O)OCCCCCCCC/C=C\CC(CCCCCC)OC(=O)OCCC#CCCCCCC)CCN1CCC(C)CC1)CCCCCC,BL_2023,BL_2023,0
-2.2441957,-0.208095271,CCCCC#CCCOC(=O)OC(C/C=C\CCCCCCCCOC(=O)CCN(CCC(=O)OCCCCCCCC/C=C\CC(CCCCCC)OC(=O)OCCC#CCCCC)CC(O)CO)CCCCCC,BL_2023,BL_2023,0
-1.5277556,-0.208599071,CCCCC#CCCOC(=O)OC(C/C=C\CCCCCCCCOC(=O)CCN(CCC(=O)OCCCCCCCC/C=C\CC(CCCCCC)OC(=O)OCCC#CCCCC)CCN1CCN(C)CC1)CCCCCC,BL_2023,BL_2023,0
-1.0259454,-0.209011653,CCCCCCC#CCOC(=O)OC(C/C=C\CCCCCCCCOC(=O)CCN(CCCN1CCN(CCCN(CCC(=O)OCCCCCCCC/C=C\CC(CCCCCC)OC(=O)OCC#CCCCCCC)CCC(=O)OCCCCCCCC/C=C\CC(CCCCCC)OC(=O)OCC#CCCCCCC)CC1)CCC(=O)OCCCCCCCC/C=C\CC(CCCCCC)OC(=O)OCC#CCCCCCC)CCCCCC,BL_2023,BL_2023,0
-1.4113063,-0.224618518,CCCCCCC#CCOC(=O)OC(C/C=C\CCCCCCCCOC(=O)CCN(CCC(=O)OCCCCCCCC/C=C\CC(CCCCCC)OC(=O)OCC#CCCCCCC)CCN1CCCCCC1)CCCCCC,BL_2023,BL_2023,0
-3.1939626,-0.225139414,CCCCCCC#CCOC(=O)OC(C/C=C\CCCCCCCCOC(=O)CCN1CCN(CCN(C)C)CC1)CCCCCC,BL_2023,BL_2023,0
-2.9010515,-0.231049532,CCCCC/C=C\C/C=C\CCCCCCCCOC(=O)OC(C/C=C\CCCCCCCCOC(=O)CCN(C)CCCn1ccnc1)CCCCCC,BL_2023,BL_2023,0
-1.7917598,-0.233838332,CCCCCCC#CCCOC(=O)OC(C/C=C\CCCCCCCCOC(=O)CCN(CCCn1ccnc1)CCC(=O)OCCCCCCCC/C=C\CC(CCCCCC)OC(=O)OCCC#CCCCCCC)CCCCCC,BL_2023,BL_2023,0
-0.88276446,-0.234562137,CCCCCCC#CCOC(=O)OC(C/C=C\CCCCCCCCOC(=O)CCN(C)CCCN(C)CCCN(C)CCC(=O)OCCCCCCCC/C=C\CC(CCCCCC)OC(=O)OCC#CCCCCCC)CCCCCC,BL_2023,BL_2023,0
-4.069663,-0.238099826,CCCCC#CCOC(=O)OC(C/C=C\CCCCCCCCOC(=O)CCN1CCC(O)CC1)CCCCCC,BL_2023,BL_2023,0
-2.7456088,-0.243577107,CCCCCCCC/C=C\CCCCCCCCOC(=O)OC(C/C=C\CCCCCCCCOC(=O)CCN(CCC(=O)OCCCCCCCC/C=C\CC(CCCCCC)OC(=O)OCCCCCCCC/C=C\CCCCCCCC)CCN1CCCCN(C)CC1)CCCCCC,BL_2023,BL_2023,0
-0.8910083,-0.249314579,CCCC#CCOC(=O)OC(C/C=C\CCCCCCCCOC(=O)CCN(CCC(=O)OCCCCCCCC/C=C\CC(CCCCCC)OC(=O)OCC#CCCC)CCc1cn(CCC(=O)OCCCCCCCC/C=C\CC(CCCCCC)OC(=O)OCC#CCCC)cn1)CCCCCC,BL_2023,BL_2023,0
-2.692199,-0.25110877,CCCC#CCOC(=O)OC(C/C=C\CCCCCCCCOC(=O)CCN(C)CCN(C)C)CCCCCC,BL_2023,BL_2023,0
-4.4065084,-0.253762099,CCC#CCOC(=O)OC(C/C=C\CCCCCCCCOC(=O)CCN1CCC[C@H]1CO)CCCCCC,BL_2023,BL_2023,0
-1.8350089,-0.257642436,CCC#CCOC(=O)OC(C/C=C\CCCCCCCCOC(=O)CCN(CCC(=O)OCCCCCCCC/C=C\CC(CCCCCC)OC(=O)OCC#CCC)CCc1ccncc1)CCCCCC,BL_2023,BL_2023,0
-2.329723,-0.260331087,CCC#CCOC(=O)OC(C/C=C\CCCCCCCCOC(=O)CCN(CCCN1CCCCC1)CCC(=O)OCCCCCCCC/C=C\CC(CCCCCC)OC(=O)OCC#CCC)CCCCCC,BL_2023,BL_2023,0
-1.5570446,-0.263443743,CCCCC#CCCOC(=O)OC(C/C=C\CCCCCCCCOC(=O)CCN(CCC(=O)OCCCCCCCC/C=C\CC(CCCCCC)OC(=O)OCCC#CCCCC)CCN1CCCC1)CCCCCC,BL_2023,BL_2023,0
-2.6090448,-0.263546129,CCCCC/C=C\C/C=C\CCCCCCCCOC(=O)OC(C/C=C\CCCCCCCCOC(=O)CCN1CCC(CCO)CC1)CCCCCC,BL_2023,BL_2023,0
-2.77441,-0.271442073,CCCCCCCC/C=C\CCCCCCCCOC(=O)OC(C/C=C\CCCCCCCCOC(=O)CCN1CCN=C1C)CCCCCC,BL_2023,BL_2023,0
-1.4933748,-0.272223003,CCCCC#CCCOC(=O)OC(C/C=C\CCCCCCCCOC(=O)CCN(CCC(=O)OCCCCCCCC/C=C\CC(CCCCCC)OC(=O)OCCC#CCCCC)CCN1CCC(C)CC1)CCCCCC,BL_2023,BL_2023,0
-3.9723642,-0.27877907,CCCCCC#CCOC(=O)OC(C/C=C\CCCCCCCCOC(=O)CCN1CCN(CCCN(C)C)CC1)CCCCCC,BL_2023,BL_2023,0
-0.9509636,-0.279518783,CCCCC#CCOC(=O)OC(C/C=C\CCCCCCCCOC(=O)CCN(C)CCCN(C)CCCN(C)CCC(=O)OCCCCCCCC/C=C\CC(CCCCCC)OC(=O)OCC#CCCCC)CCCCCC,BL_2023,BL_2023,0
-1.4179785,-0.281054565,CCCCC#CCCOC(=O)OC(C/C=C\CCCCCCCCOC(=O)CCN(CCCN1CCCC1)CCC(=O)OCCCCCCCC/C=C\CC(CCCCCC)OC(=O)OCCC#CCCCC)CCCCCC,BL_2023,BL_2023,0
-3.5833356,-0.2839804,CCCCCCC#CCOC(=O)OC(C/C=C\CCCCCCCCOC(=O)CCN1CCN(CCCN(C)C)CC1)CCCCCC,BL_2023,BL_2023,0
-2.7211633,-0.290262527,CCCCCCCCCCCCCCCCCCOC(=O)OC(C/C=C\CCCCCCCCOC(=O)CCN(CCC(=O)OCCCCCCCC/C=C\CC(CCCCCC)OC(=O)OCCCCCCCCCCCCCCCCCC)CCN(CCC(=O)OCCCCCCCC/C=C\CC(CCCCCC)OC(=O)OCCCCCCCCCCCCCCCCCC)CCN1CCN(CCN(CCC(=O)OCCCCCCCC/C=C\CC(CCCCCC)OC(=O)OCCCCCCCCCCCCCCCCCC)CCC(=O)OCCCCCCCC/C=C\CC(CCCCCC)OC(=O)OCCCCCCCCCCCCCCCCCC)CC1)CCCCCC,BL_2023,BL_2023,0
-4.1995416,-0.292428667,CCCCCCC#CCOC(=O)OC(C/C=C\CCCCCCCCOC(=O)CCN1CCC(CO)CC1)CCCCCC,BL_2023,BL_2023,0
-4.096101,-0.296242353,CCCCCC#CCOC(=O)OC(C/C=C\CCCCCCCCOC(=O)CCN1CCCCC1CO)CCCCCC,BL_2023,BL_2023,0
-3.7767007,-0.314003559,CCCCC#CCCOC(=O)OC(C/C=C\CCCCCCCCOC(=O)CCN1CCN(c2ccccn2)CC1)CCCCCC,BL_2023,BL_2023,0
-1.5554937,-0.31873114,CCCCCCC#CCCOC(=O)OC(C/C=C\CCCCCCCCOC(=O)CCN(CCC(=O)OCCCCCCCC/C=C\CC(CCCCCC)OC(=O)OCCC#CCCCCCC)CC(OCC)OCC)CCCCCC,BL_2023,BL_2023,0
-2.262575,-0.318960119,CCCC#CCOC(=O)OC(C/C=C\CCCCCCCCOC(=O)CCN(CCCN1CCCCC1)CCC(=O)OCCCCCCCC/C=C\CC(CCCCCC)OC(=O)OCC#CCCC)CCCCCC,BL_2023,BL_2023,0
-1.7097654,-0.325298871,CCCCCCCCCCCCCCCCCCOC(=O)OC(C/C=C\CCCCCCCCOC(=O)CCN1CCN(CCOCCO)CC1)CCCCCC,BL_2023,BL_2023,0
-4.3801584,-0.344454973,CCCC#CCOC(=O)OC(C/C=C\CCCCCCCCOC(=O)CCN1CCC(O)CC1)CCCCCC,BL_2023,BL_2023,0
-3.982406,-0.346993298,CCCC#CCOC(=O)OC(C/C=C\CCCCCCCCOC(=O)CCN1CCCCC1CCO)CCCCCC,BL_2023,BL_2023,0
-3.526851,-0.34930114,CCCCC#CCCOC(=O)OC(C/C=C\CCCCCCCCOC(=O)CCN(CCCN(C)C)CCCN(C)C)CCCCCC,BL_2023,BL_2023,0
-0.5268031,-0.349544697,CCCCCCC#CCCOC(=O)OC(C/C=C\CCCCCCCCOC(=O)CCN(CCCN1CCN(CCCN(CCC(=O)OCCCCCCCC/C=C\CC(CCCCCC)OC(=O)OCCC#CCCCCCC)CCC(=O)OCCCCCCCC/C=C\CC(CCCCCC)OC(=O)OCCC#CCCCCCC)CC1)CCC(=O)OCCCCCCCC/C=C\CC(CCCCCC)OC(=O)OCCC#CCCCCCC)CCCCCC,BL_2023,BL_2023,0
-3.0729713,-0.353642183,CCCCCCC#CCCOC(=O)OC(C/C=C\CCCCCCCCOC(=O)CCN(CCCN(C)C)CCCN(C)C)CCCCCC,BL_2023,BL_2023,0
-0.6540651,-0.365827201,CCCCC#CCOC(=O)OC(C/C=C\CCCCCCCCOC(=O)CCN(C)CCCN(CCC(=O)OCCCCCCCC/C=C\CC(CCCCCC)OC(=O)OCC#CCCCC)CCC(=O)OCCCCCCCC/C=C\CC(CCCCCC)OC(=O)OCC#CCCCC)CCCCCC,BL_2023,BL_2023,0
-2.548841,-0.368161447,CCCCCCCCCCCCCCCCCCOC(=O)OC(C/C=C\CCCCCCCCOC(=O)CCN1CCN=C1C)CCCCCC,BL_2023,BL_2023,0
-2.6125162,-0.370506744,CCCCCCC#CCCOC(=O)OC(C/C=C\CCCCCCCCOC(=O)CCN(CCC(=O)OCCCCCCCC/C=C\CC(CCCCCC)OC(=O)OCCC#CCCCCCC)CC1CCCCN1C)CCCCCC,BL_2023,BL_2023,0
-1.4833953,-0.376965875,CCCCCCC#CCCOC(=O)OC(C/C=C\CCCCCCCCOC(=O)CCN(CCC(=O)OCCCCCCCC/C=C\CC(CCCCCC)OC(=O)OCCC#CCCCCCC)CCc1ccccn1)CCCCCC,BL_2023,BL_2023,0
-2.385577,-0.378448612,CCCCCC#CCOC(=O)OC(C/C=C\CCCCCCCCOC(=O)CCN(CCCN1CCCCC1)CCC(=O)OCCCCCCCC/C=C\CC(CCCCCC)OC(=O)OCC#CCCCCC)CCCCCC,BL_2023,BL_2023,0
-1.1386452,-0.393858225,CCCCCCC#CCCOC(=O)OC(C/C=C\CCCCCCCCOC(=O)CCN(C)CCCN(CCC(=O)OCCCCCCCC/C=C\CC(CCCCCC)OC(=O)OCCC#CCCCCCC)CCC(=O)OCCCCCCCC/C=C\CC(CCCCCC)OC(=O)OCCC#CCCCCCC)CCCCCC,BL_2023,BL_2023,0
-1.3581738,-0.398609775,CCCCCCC#CCCOC(=O)OC(C/C=C\CCCCCCCCOC(=O)CCN(CCC(=O)OCCCCCCCC/C=C\CC(CCCCCC)OC(=O)OCCC#CCCCCCC)CCc1ccncc1)CCCCCC,BL_2023,BL_2023,0
-2.1666105,-0.402796621,CCCCC/C=C\C/C=C\CCCCCCCCOC(=O)OC(C/C=C\CCCCCCCCOC(=O)CCN(CCC(=O)OCCCCCCCC/C=C\CC(CCCCCC)OC(=O)OCCCCCCCC/C=C\C/C=C\CCCCC)CCN1CCCCN(C)CC1)CCCCCC,BL_2023,BL_2023,0
-1.1802808,-0.405107746,CCCC#CCOC(=O)OC(C/C=C\CCCCCCCCOC(=O)CCN(C)CCCN(C)CCCN(C)CCC(=O)OCCCCCCCC/C=C\CC(CCCCCC)OC(=O)OCC#CCCC)CCCCCC,BL_2023,BL_2023,0
-0.5900701,-0.445698258,CCCCCC#CCOC(=O)OC(C/C=C\CCCCCCCCOC(=O)CCN(C)CCCN(C)CCCN(C)CCC(=O)OCCCCCCCC/C=C\CC(CCCCCC)OC(=O)OCC#CCCCCC)CCCCCC,BL_2023,BL_2023,0
-3.2208595,-0.452998955,CCC#CCOC(=O)OC(C/C=C\CCCCCCCCOC(=O)CCN(CCCCCO)CCC(=O)OCCCCCCCC/C=C\CC(CCCCCC)OC(=O)OCC#CCC)CCCCCC,BL_2023,BL_2023,0
-2.102608,-0.46292918,CCCCCCC#CCCOC(=O)OC(C/C=C\CCCCCCCCOC(=O)CCN(CCC(=O)OCCCCCCCC/C=C\CC(CCCCCC)OC(=O)OCCC#CCCCCCC)CCC1OCCO1)CCCCCC,BL_2023,BL_2023,0
-2.1179876,-0.466772454,CCCC#CCOC(=O)OC(C/C=C\CCCCCCCCOC(=O)CCN(CCC(=O)OCCCCCCCC/C=C\CC(CCCCCC)OC(=O)OCC#CCCC)CC(O)CO)CCCCCC,BL_2023,BL_2023,0
-3.9174957,-0.468705329,CCCCCCC#CCOC(=O)OC(C/C=C\CCCCCCCCOC(=O)CCN1CCC[C@H]1CO)CCCCCC,BL_2023,BL_2023,0
-2.1928732,-0.470179375,CCCCC#CCCOC(=O)OC(C/C=C\CCCCCCCCOC(=O)CCN(CCCN(CCC(=O)OCCCCCCCC/C=C\CC(CCCCCC)OC(=O)OCCC#CCCCC)CCC(=O)OCCCCCCCC/C=C\CC(CCCCCC)OC(=O)OCCC#CCCCC)CCCN(CCC(=O)OCCCCCCCC/C=C\CC(CCCCCC)OC(=O)OCCC#CCCCC)CCC(=O)OCCCCCCCC/C=C\CC(CCCCCC)OC(=O)OCCC#CCCCC)CCCCCC,BL_2023,BL_2023,0
-2.2505553,-0.473609889,CCCCC/C=C\C/C=C\CCCCCCCCOC(=O)OC(C/C=C\CCCCCCCCOC(=O)CCN(CCCN(CCC(=O)OCCCCCCCC/C=C\CC(CCCCCC)OC(=O)OCCCCCCCC/C=C\C/C=C\CCCCC)CCC(=O)OCCCCCCCC/C=C\CC(CCCCCC)OC(=O)OCCCCCCCC/C=C\C/C=C\CCCCC)CCC(=O)OCCCCCCCC/C=C\CC(CCCCCC)OC(=O)OCCCCCCCC/C=C\C/C=C\CCCCC)CCCCCC,BL_2023,BL_2023,0
-4.4256716,-0.483487309,CCC#CCOC(=O)OC(C/C=C\CCCCCCCCOC(=O)CCN1CCCCC1CCO)CCCCCC,BL_2023,BL_2023,0
-2.396366,-0.486690136,CCCCCCCCCCCCCCCCCCOC(=O)OC(C/C=C\CCCCCCCCOC(=O)CCN1CCN(c2ccccn2)CC1)CCCCCC,BL_2023,BL_2023,0
-2.5691867,-0.494788984,CCCC#CCOC(=O)OC(C/C=C\CCCCCCCCOC(=O)CCN(CCCCCO)CCC(=O)OCCCCCCCC/C=C\CC(CCCCCC)OC(=O)OCC#CCCC)CCCCCC,BL_2023,BL_2023,0
-4.9935246,-0.500455401,CCCC#CCOC(=O)OC(C/C=C\CCCCCCCCOC(=O)CCN1CCC(CO)CC1)CCCCCC,BL_2023,BL_2023,0
-3.5483663,-0.500868541,CCCCC#CCCOC(=O)OC(C/C=C\CCCCCCCCOC(=O)CCN1CCN(CCN2CCCC2)CC1)CCCCCC,BL_2023,BL_2023,0
-3.1333752,-0.50928859,CCCCCCCCCCCCCCCCCCOC(=O)OC(C/C=C\CCCCCCCCOC(=O)CCN(CCC(=O)OCCCCCCCC/C=C\CC(CCCCCC)OC(=O)OCCCCCCCCCCCCCCCCCC)CC(O)CO)CCCCCC,BL_2023,BL_2023,0
-2.256144,-0.510214328,CCCCCCC#CCCOC(=O)OC(C/C=C\CCCCCCCCOC(=O)CCN1CCCN(CCC(=O)OCCCCCCCC/C=C\CC(CCCCCC)OC(=O)OCCC#CCCCCCC)CCN(CCC(=O)OCCCCCCCC/C=C\CC(CCCCCC)OC(=O)OCCC#CCCCCCC)CCCN(CCC(=O)OCCCCCCCC/C=C\CC(CCCCCC)OC(=O)OCCC#CCCCCCC)CC1)CCCCCC,BL_2023,BL_2023,0
-1.7125281,-0.512493954,CCC#CCOC(=O)OC(C/C=C\CCCCCCCCOC(=O)CCN(CCCN1CCN(C)CC1)CCC(=O)OCCCCCCCC/C=C\CC(CCCCCC)OC(=O)OCC#CCC)CCCCCC,BL_2023,BL_2023,0
-2.0117779,-0.512917259,CCCCC#CCCOC(=O)OC(C/C=C\CCCCCCCCOC(=O)CCN(CCC(=O)OCCCCCCCC/C=C\CC(CCCCCC)OC(=O)OCCC#CCCCC)CC1CCCCN1C)CCCCCC,BL_2023,BL_2023,0
-2.4084113,-0.520599287,CCCCCCC#CCOC(=O)OC(C/C=C\CCCCCCCCOC(=O)CCN(CCC(=O)OCCCCCCCC/C=C\CC(CCCCCC)OC(=O)OCC#CCCCCCC)CCC1OCCO1)CCCCCC,BL_2023,BL_2023,0
-3.0837257,-0.521546424,CCC#CCOC(=O)OC(C/C=C\CCCCCCCCOC(=O)CCN(C)CCN(C)C)CCCCCC,BL_2023,BL_2023,0
-3.0747554,-0.523705766,CCCCC/C=C\C/C=C\CCCCCCCCOC(=O)OC(C/C=C\CCCCCCCCOC(=O)CCN(CCC(=O)OCCCCCCCC/C=C\CC(CCCCCC)OC(=O)OCCCCCCCC/C=C\C/C=C\CCCCC)CCC1CCCCN1CC(C)C)CCCCCC,BL_2023,BL_2023,0
-4.0245275,-0.523792336,CCC#CCOC(=O)OC(C/C=C\CCCCCCCCOC(=O)CCN1CCC(CCCC2CCN(CCO)CC2)CC1)CCCCCC,BL_2023,BL_2023,0
-2.651201,-0.524919122,CCCCCCC#CCCOC(=O)OC(C/C=C\CCCCCCCCOC(=O)CCN(CCCN(CCC(=O)OCCCCCCCC/C=C\CC(CCCCCC)OC(=O)OCCC#CCCCCCC)CCC(=O)OCCCCCCCC/C=C\CC(CCCCCC)OC(=O)OCCC#CCCCCCC)CCCN(CCC(=O)OCCCCCCCC/C=C\CC(CCCCCC)OC(=O)OCCC#CCCCCCC)CCC(=O)OCCCCCCCC/C=C\CC(CCCCCC)OC(=O)OCCC#CCCCCCC)CCCCCC,BL_2023,BL_2023,0
-3.1143486,-0.529014403,CCCCC#CCOC(=O)OC(C/C=C\CCCCCCCCOC(=O)CCN1CCN(CCN(C)C)CC1)CCCCCC,BL_2023,BL_2023,0
-2.0256753,-0.534292103,CCCC#CCOC(=O)OC(C/C=C\CCCCCCCCOC(=O)CCN(CCCN(CCC(=O)OCCCCCCCC/C=C\CC(CCCCCC)OC(=O)OCC#CCCC)CCC(=O)OCCCCCCCC/C=C\CC(CCCCCC)OC(=O)OCC#CCCC)CCC(=O)OCCCCCCCC/C=C\CC(CCCCCC)OC(=O)OCC#CCCC)CCCCCC,BL_2023,BL_2023,0
-4.020552,-0.53455747,CCCCC#CCOC(=O)OC(C/C=C\CCCCCCCCOC(=O)CCN1CCCCC1CO)CCCCCC,BL_2023,BL_2023,0
-2.8189194,-0.539716034,CCCCCCCCCCCCCCCCCCOC(=O)OC(C/C=C\CCCCCCCCOC(=O)CCN(CCC(=O)OCCCCCCCC/C=C\CC(CCCCCC)OC(=O)OCCCCCCCCCCCCCCCCCC)CCN1CCCCN(C)CC1)CCCCCC,BL_2023,BL_2023,0
-2.2106636,-0.542046045,CCCCC/C=C\C/C=C\CCCCCCCCOC(=O)OC(C/C=C\CCCCCCCCOC(=O)CCN1CCN(c2ccccn2)CC1)CCCCCC,BL_2023,BL_2023,0
-1.6344721,-0.546648532,CCCCCC#CCOC(=O)OC(C/C=C\CCCCCCCCOC(=O)CCN(CCC(=O)OCCCCCCCC/C=C\CC(CCCCCC)OC(=O)OCC#CCCCCC)CC(O)CO)CCCCCC,BL_2023,BL_2023,0
-1.5420213,-0.547556016,CCCCC#CCCOC(=O)OC(C/C=C\CCCCCCCCOC(=O)CCN(CCCN(CCC(=O)OCCCCCCCC/C=C\CC(CCCCCC)OC(=O)OCCC#CCCCC)CCC(=O)OCCCCCCCC/C=C\CC(CCCCCC)OC(=O)OCCC#CCCCC)CCC(=O)OCCCCCCCC/C=C\CC(CCCCCC)OC(=O)OCCC#CCCCC)CCCCCC,BL_2023,BL_2023,0
-2.1957672,-0.549467162,CCCC#CCOC(=O)OC(C/C=C\CCCCCCCCOC(=O)CCN(CCC(=O)OCCCCCCCC/C=C\CC(CCCCCC)OC(=O)OCC#CCCC)CCN1CCCCCC1)CCCCCC,BL_2023,BL_2023,0
-2.3315423,-0.550562563,CCCCCCC#CCCOC(=O)OC(C/C=C\CCCCCCCCOC(=O)CCN(CCC(=O)OCCCCCCCC/C=C\CC(CCCCCC)OC(=O)OCCC#CCCCCCC)CC(O)CO)CCCCCC,BL_2023,BL_2023,0
-1.9886512,-0.554047404,CCCCC#CCCOC(=O)OC(C/C=C\CCCCCCCCOC(=O)CCN(CCCn1ccnc1)CCC(=O)OCCCCCCCC/C=C\CC(CCCCCC)OC(=O)OCCC#CCCCC)CCCCCC,BL_2023,BL_2023,0
-1.0380592,-0.563430702,CCCCC#CCCOC(=O)OC(C/C=C\CCCCCCCCOC(=O)CCN(C)CCCN(CCC(=O)OCCCCCCCC/C=C\CC(CCCCCC)OC(=O)OCCC#CCCCC)CCC(=O)OCCCCCCCC/C=C\CC(CCCCCC)OC(=O)OCCC#CCCCC)CCCCCC,BL_2023,BL_2023,0
-3.2781692,-0.568900572,CCCCC/C=C\C/C=C\CCCCCCCCOC(=O)OC(C/C=C\CCCCCCCCOC(=O)CCN1CCN=C1C)CCCCCC,BL_2023,BL_2023,0
-1.2939262,-0.571658324,CCCCC#CCCOC(=O)OC(C/C=C\CCCCCCCCOC(=O)CCN(C)CCN(C)CCC(=O)OCCCCCCCC/C=C\CC(CCCCCC)OC(=O)OCCC#CCCCC)CCCCCC,BL_2023,BL_2023,0
-4.710849,-0.572039912,CCC#CCOC(=O)OC(C/C=C\CCCCCCCCOC(=O)CCN1CCC(CCO)CC1)CCCCCC,BL_2023,BL_2023,0
-3.6888258,-0.580412992,CCCCC#CCOC(=O)OC(C/C=C\CCCCCCCCOC(=O)CCN1CCN(CCCN(C)C)CC1)CCCCCC,BL_2023,BL_2023,0
-1.7776845,-0.580704258,CCCCCCC#CCCOC(=O)OC(C/C=C\CCCCCCCCOC(=O)CCN(CCC(=O)OCCCCCCCC/C=C\CC(CCCCCC)OC(=O)OCCC#CCCCCCC)CCN1CCCC1)CCCCCC,BL_2023,BL_2023,0
-1.8017496,-0.587352649,CCCCCCC#CCCOC(=O)OC(C/C=C\CCCCCCCCOC(=O)CCN(CCCN(C)C)CCC(=O)OCCCCCCCC/C=C\CC(CCCCCC)OC(=O)OCCC#CCCCCCC)CCCCCC,BL_2023,BL_2023,0
-1.4676908,-0.590512448,CCCCCCC#CCOC(=O)OC(C/C=C\CCCCCCCCOC(=O)CCN(C)CCCN(CCC(=O)OCCCCCCCC/C=C\CC(CCCCCC)OC(=O)OCC#CCCCCCC)CCC(=O)OCCCCCCCC/C=C\CC(CCCCCC)OC(=O)OCC#CCCCCCC)CCCCCC,BL_2023,BL_2023,0
-1.6840246,-0.591206349,CCCCCCC#CCCOC(=O)OC(C/C=C\CCCCCCCCOC(=O)CCN(CCC(=O)OCCCCCCCC/C=C\CC(CCCCCC)OC(=O)OCCC#CCCCCCC)CCN1CCCCC1)CCCCCC,BL_2023,BL_2023,0
-3.3574405,-0.59200057,CCC#CCOC(=O)OC(C/C=C\CCCCCCCCOC(=O)CCN1CCC(N2CCN(CC)CC2)CC1)CCCCCC,BL_2023,BL_2023,0
-1.558393,-0.599105646,CCCC#CCOC(=O)OC(C/C=C\CCCCCCCCOC(=O)CCN(CCC(=O)OCCCCCCCC/C=C\CC(CCCCCC)OC(=O)OCC#CCCC)CC(OCC)OCC)CCCCCC,BL_2023,BL_2023,0
-1.8947066,-0.599408117,CCCCC/C=C\C/C=C\CCCCCCCCOC(=O)OC(C/C=C\CCCCCCCCOC(=O)CCN1CCN(CCOCCO)CC1)CCCCCC,BL_2023,BL_2023,0
-3.339561,-0.600114599,CCCCCC#CCOC(=O)OC(C/C=C\CCCCCCCCOC(=O)CCN1CCN(CCN(C)C)CC1)CCCCCC,BL_2023,BL_2023,0
-1.796467,-0.600619848,CCCCC#CCCOC(=O)OC(C/C=C\CCCCCCCCOC(=O)CCN(CCC(=O)OCCCCCCCC/C=C\CC(CCCCCC)OC(=O)OCCC#CCCCC)CCN1CCCCC1)CCCCCC,BL_2023,BL_2023,0
-2.413621,-0.601328061,CCCCC/C=C\C/C=C\CCCCCCCCOC(=O)OC(C/C=C\CCCCCCCCOC(=O)CCN1CCCCC1CCO)CCCCCC,BL_2023,BL_2023,0
-1.5533148,-0.604680488,CCCCC#CCCOC(=O)OC(C/C=C\CCCCCCCCOC(=O)CCN(C)CCCN(C)CCC(=O)OCCCCCCCC/C=C\CC(CCCCCC)OC(=O)OCCC#CCCCC)CCCCCC,BL_2023,BL_2023,0
-2.3640118,-0.605394535,CCCCCCCC/C=C\CCCCCCCCOC(=O)OC(C/C=C\CCCCCCCCOC(=O)CCN1CCN(c2ccccn2)CC1)CCCCCC,BL_2023,BL_2023,0
-0.76660454,-0.607747963,CCC#CCOC(=O)OC(C/C=C\CCCCCCCCOC(=O)CCN(C)CCCN(C)CCCN(C)CCC(=O)OCCCCCCCC/C=C\CC(CCCCCC)OC(=O)OCC#CCC)CCCCCC,BL_2023,BL_2023,0
-2.2885344,-0.60898029,CCCCCCC#CCOC(=O)OC(C/C=C\CCCCCCCCOC(=O)CCN(CCCN1CCCCC1)CCC(=O)OCCCCCCCC/C=C\CC(CCCCCC)OC(=O)OCC#CCCCCCC)CCCCCC,BL_2023,BL_2023,0
-3.5687542,-0.61331774,CCCCCC#CCOC(=O)OC(C/C=C\CCCCCCCCOC(=O)CCN1CCN(CCN2CCCC2)CC1)CCCCCC,BL_2023,BL_2023,0
-1.5127082,-0.616648141,CCCCCCC#CCCOC(=O)OC(C/C=C\CCCCCCCCOC(=O)CCN(C)CCN(C)CCC(=O)OCCCCCCCC/C=C\CC(CCCCCC)OC(=O)OCCC#CCCCCCC)CCCCCC,BL_2023,BL_2023,0
-1.358867,-0.618321777,CCCCCCC#CCCOC(=O)OC(C/C=C\CCCCCCCCOC(=O)CCN(CCCN(CC)CC)CCC(=O)OCCCCCCCC/C=C\CC(CCCCCC)OC(=O)OCCC#CCCCCCC)CCCCCC,BL_2023,BL_2023,0
-2.0276148,-0.620001085,CCCCCCC#CCOC(=O)OC(C/C=C\CCCCCCCCOC(=O)CCN(CCC(=O)OCCCCCCCC/C=C\CC(CCCCCC)OC(=O)OCC#CCCCCCC)CC1OCCO1)CCCCCC,BL_2023,BL_2023,0
-1.6764176,-0.625285917,CCCCC#CCCOC(=O)OC(C/C=C\CCCCCCCCOC(=O)CCN1CCN(CCC(=O)OCCCCCCCC/C=C\CC(CCCCCC)OC(=O)OCCC#CCCCC)CCN(CCC(=O)OCCCCCCCC/C=C\CC(CCCCCC)OC(=O)OCCC#CCCCC)CC1)CCCCCC,BL_2023,BL_2023,0
-2.8375053,-0.626243204,CCCCCCCC/C=C\CCCCCCCCOC(=O)OC(C/C=C\CCCCCCCCOC(=O)CCN1CCCCC1CCO)CCCCCC,BL_2023,BL_2023,0
-2.0522523,-0.63256498,CCCC#CCOC(=O)OC(C/C=C\CCCCCCCCOC(=O)CCN(CCC(=O)OCCCCCCCC/C=C\CC(CCCCCC)OC(=O)OCC#CCCC)CCc1ccccn1)CCCCCC,BL_2023,BL_2023,0
-1.5877233,-0.635810648,CCCCC#CCCOC(=O)OC(C/C=C\CCCCCCCCOC(=O)CCN(CCC(=O)OCCCCCCCC/C=C\CC(CCCCCC)OC(=O)OCCC#CCCCC)CCN(C)C)CCCCCC,BL_2023,BL_2023,0
-3.6611493,-0.638095336,CCCCCCC#CCOC(=O)OC(C/C=C\CCCCCCCCOC(=O)CCN1CCN(CC2CCN(C)CC2)CC1)CCCCCC,BL_2023,BL_2023,0
-1.8071603,-0.640829011,CCCCCCCCCCCCCCCCCCOC(=O)OC(C/C=C\CCCCCCCCOC(=O)CCN(C)CCCN(CCC(=O)OCCCCCCCC/C=C\CC(CCCCCC)OC(=O)OCCCCCCCCCCCCCCCCCC)CCC(=O)OCCCCCCCC/C=C\CC(CCCCCC)OC(=O)OCCCCCCCCCCCCCCCCCC)CCCCCC,BL_2023,BL_2023,0
-3.7754025,-0.642146553,CCCCC#CCCOC(=O)OC(C/C=C\CCCCCCCCOC(=O)CCN(C)CCO)CCCCCC,BL_2023,BL_2023,0
-4.116228,-0.645566511,CCCCC#CCCOC(=O)OC(C/C=C\CCCCCCCCOC(=O)CCN1CCN(CC2CCN(C)CC2)CC1)CCCCCC,BL_2023,BL_2023,0
-4.1736493,-0.649791184,CCCC#CCOC(=O)OC(C/C=C\CCCCCCCCOC(=O)CCN1CCCCC1CO)CCCCCC,BL_2023,BL_2023,0
-3.251802,-0.654615592,CCCCCCCCCCCCCCCCCCOC(=O)OC(C/C=C\CCCCCCCCOC(=O)CCN1CCCCC1CCO)CCCCCC,BL_2023,BL_2023,0
-2.2107835,-0.654615592,CCCCC#CCCOC(=O)OC(C/C=C\CCCCCCCCOC(=O)CCN(CCCCCO)CCC(=O)OCCCCCCCC/C=C\CC(CCCCCC)OC(=O)OCCC#CCCCC)CCCCCC,BL_2023,BL_2023,0
-1.636043,-0.659145989,CCC#CCOC(=O)OC(C/C=C\CCCCCCCCOC(=O)CCN(CCC(=O)OCCCCCCCC/C=C\CC(CCCCCC)OC(=O)OCC#CCC)CCN1CCN(C)CC1)CCCCCC,BL_2023,BL_2023,0
-2.2068071,-0.667869582,CCCCC/C=C\C/C=C\CCCCCCCCOC(=O)OC(C/C=C\CCCCCCCCOC(=O)CCN(CCC(=O)OCCCCCCCC/C=C\CC(CCCCCC)OC(=O)OCCCCCCCC/C=C\C/C=C\CCCCC)CCC1CCCCN1C(C)C)CCCCCC,BL_2023,BL_2023,0
-1.2139372,-0.669377284,CCCCCC#CCOC(=O)OC(C/C=C\CCCCCCCCOC(=O)CCN(C)CCCN(CCC(=O)OCCCCCCCC/C=C\CC(CCCCCC)OC(=O)OCC#CCCCCC)CCC(=O)OCCCCCCCC/C=C\CC(CCCCCC)OC(=O)OCC#CCCCCC)CCCCCC,BL_2023,BL_2023,0
-1.6181953,-0.671355843,CCCCC#CCOC(=O)OC(C/C=C\CCCCCCCCOC(=O)CCN(CCC(=O)OCCCCCCCC/C=C\CC(CCCCCC)OC(=O)OCC#CCCCC)CCN1CCCCCC1)CCCCCC,BL_2023,BL_2023,0
-1.5005852,-0.686993728,CCCCC#CCOC(=O)OC(C/C=C\CCCCCCCCOC(=O)CCN(CCC(=O)OCCCCCCCC/C=C\CC(CCCCCC)OC(=O)OCC#CCCCC)CCN1CCN(C)CC1)CCCCCC,BL_2023,BL_2023,0
-1.4025608,-0.694146264,CCCCCCC#CCCOC(=O)OC(C/C=C\CCCCCCCCOC(=O)CCN(CCC(=O)OCCCCCCCC/C=C\CC(CCCCCC)OC(=O)OCCC#CCCCCCC)CC(OC)OC)CCCCCC,BL_2023,BL_2023,0
-1.662921,-0.696349113,CCC#CCOC(=O)OC(C/C=C\CCCCCCCCOC(=O)CCN(CCO)CCC(=O)OCCCCCCCC/C=C\CC(CCCCCC)OC(=O)OCC#CCC)CCCCCC,BL_2023,BL_2023,0
-4.530466,-0.701155824,CCC#CCOC(=O)OC(C/C=C\CCCCCCCCOC(=O)CCN1CCC(CO)CC1)CCCCCC,BL_2023,BL_2023,0
-1.2260809,-0.701651468,CCCCCC#CCOC(=O)OC(C/C=C\CCCCCCCCOC(=O)CCN(CCC(=O)OCCCCCCCC/C=C\CC(CCCCCC)OC(=O)OCC#CCCCCC)CCN1CCN(C)CC1)CCCCCC,BL_2023,BL_2023,0
-2.0513918,-0.704261763,CCCC#CCOC(=O)OC(C/C=C\CCCCCCCCOC(=O)CCN(CCC(=O)OCCCCCCCC/C=C\CC(CCCCCC)OC(=O)OCC#CCCC)CCc1ccncc1)CCCCCC,BL_2023,BL_2023,0
-1.5543692,-0.707889217,CCCCCCC#CCCOC(=O)OC(C/C=C\CCCCCCCCOC(=O)CCN(CCC(=O)OCCCCCCCC/C=C\CC(CCCCCC)OC(=O)OCCC#CCCCCCC)CCN(C)C)CCCCCC,BL_2023,BL_2023,0
-1.9847697,-0.709020401,CCCCC#CCCOC(=O)OC(C/C=C\CCCCCCCCOC(=O)CCN(CCC(=O)OCCCCCCCC/C=C\CC(CCCCCC)OC(=O)OCCC#CCCCC)CCC1OCCO1)CCCCCC,BL_2023,BL_2023,0
-2.565785,-0.723058821,CCCC#CCOC(=O)OC(C/C=C\CCCCCCCCOC(=O)CCN(CCC(=O)OCCCCCCCC/C=C\CC(CCCCCC)OC(=O)OCC#CCCC)CC1CCCCN1C)CCCCCC,BL_2023,BL_2023,0
-1.4753971,-0.725914883,CCCCCCCC/C=C\CCCCCCCCOC(=O)OC(C/C=C\CCCCCCCCOC(=O)CCN(CCO)CCC(=O)OCCCCCCCC/C=C\CC(CCCCCC)OC(=O)OCCCCCCCC/C=C\CCCCCCCC)CCCCCC,BL_2023,BL_2023,0
-1.962202,-0.725914883,CCCCC#CCCOC(=O)OC(C/C=C\CCCCCCCCOC(=O)CCN(CCCN1CCOCC1)CCC(=O)OCCCCCCCC/C=C\CC(CCCCCC)OC(=O)OCCC#CCCCC)CCCCCC,BL_2023,BL_2023,0
-1.2674319,-0.726175343,CCCC#CCOC(=O)OC(C/C=C\CCCCCCCCOC(=O)CCN(CCCN1CCCCCC1)CCC(=O)OCCCCCCCC/C=C\CC(CCCCCC)OC(=O)OCC#CCCC)CCCCCC,BL_2023,BL_2023,0
-2.1973963,-0.740313472,CCCCCCC#CCCOC(=O)OC(C/C=C\CCCCCCCCOC(=O)CCN(CCO)CCC(=O)OCCCCCCCC/C=C\CC(CCCCCC)OC(=O)OCCC#CCCCCCC)CCCCCC,BL_2023,BL_2023,0
-3.8419333,-0.75376395,CCC#CCOC(=O)OC(C/C=C\CCCCCCCCOC(=O)CCN(C)CCO)CCCCCC,BL_2023,BL_2023,0
-3.9280996,-0.756110818,CCC#CCOC(=O)OC(C/C=C\CCCCCCCCOC(=O)CCN1CCCCC1CO)CCCCCC,BL_2023,BL_2023,0
-1.6098241,-0.758190858,CCC#CCOC(=O)OC(C/C=C\CCCCCCCCOC(=O)CCN(CCC(=O)OCCCCCCCC/C=C\CC(CCCCCC)OC(=O)OCC#CCC)CCc1ccccn1)CCCCCC,BL_2023,BL_2023,0
-2.8281562,-0.762237203,CCCCCCC#CCCOC(=O)OC(C/C=C\CCCCCCCCOC(=O)CCN1CCC1c1ccccc1)CCCCCC,BL_2023,BL_2023,0
-1.8398223,-0.765893275,CCCCCCC#CCOC(=O)OC(C/C=C\CCCCCCCCOC(=O)CCN(CCC(=O)OCCCCCCCC/C=C\CC(CCCCCC)OC(=O)OCC#CCCCCCC)CC(OC)OC)CCCCCC,BL_2023,BL_2023,0
-3.0166135,-0.767448234,CCCCCCCC/C=C\CCCCCCCCOC(=O)OC(C/C=C\CCCCCCCCOC(=O)CCN(C)CCO)CCCCCC,BL_2023,BL_2023,0
-3.266034,-0.770715371,CCC#CCOC(=O)OC(C/C=C\CCCCCCCCOC(=O)CCN1CCN(CCOCCO)CC1)CCCCCC,BL_2023,BL_2023,0
-2.1575277,-0.771856836,CCCCC#CCCOC(=O)OC(C/C=C\CCCCCCCCOC(=O)CCN(CCC(=O)OCCCCCCCC/C=C\CC(CCCCCC)OC(=O)OCCC#CCCCC)CCN1CCOCC1)CCCCCC,BL_2023,BL_2023,0
-2.2142015,-0.771999704,CCCCCCC#CCOC(=O)OC(C/C=C\CCCCCCCCOC(=O)CCN(CCC(=O)OCCCCCCCC/C=C\CC(CCCCCC)OC(=O)OCC#CCCCCCC)CC1CCCCN1C)CCCCCC,BL_2023,BL_2023,0
-1.233092,-0.772285564,CCCCC/C=C\C/C=C\CCCCCCCCOC(=O)OC(C/C=C\CCCCCCCCOC(=O)CCN(CCC(=O)OCCCCCCCC/C=C\CC(CCCCCC)OC(=O)OCCCCCCCC/C=C\C/C=C\CCCCC)CC(O)CO)CCCCCC,BL_2023,BL_2023,0
-2.0787687,-0.77357398,CCCCCCC#CCCOC(=O)OC(C/C=C\CCCCCCCCOC(=O)CCN(CCCCCO)CCC(=O)OCCCCCCCC/C=C\CC(CCCCCC)OC(=O)OCCC#CCCCCCC)CCCCCC,BL_2023,BL_2023,0
-1.725901,-0.775153273,CCCCC#CCCOC(=O)OC(C/C=C\CCCCCCCCOC(=O)CCN(CCC(=O)OCCCCCCCC/C=C\CC(CCCCCC)OC(=O)OCCC#CCCCC)CCN(CC)CC)CCCCCC,BL_2023,BL_2023,0
-4.201443,-0.787824671,CCCCC#CCCOC(=O)OC(C/C=C\CCCCCCCCOC(=O)CCN1CCCCC1CCO)CCCCCC,BL_2023,BL_2023,0
-2.1894965,-0.787972219,CCCC#CCOC(=O)OC(C/C=C\CCCCCCCCOC(=O)CCN(CCC(=O)OCCCCCCCC/C=C\CC(CCCCCC)OC(=O)OCC#CCCC)CCN1CCC(C)CC1)CCCCCC,BL_2023,BL_2023,0
-1.9315985,-0.788267449,CCCCC#CCOC(=O)OC(C/C=C\CCCCCCCCOC(=O)CCN(CCC(=O)OCCCCCCCC/C=C\CC(CCCCCC)OC(=O)OCC#CCCCC)CC(O)CO)CCCCCC,BL_2023,BL_2023,0
-2.0642645,-0.791526642,CCCCCCC#CCCOC(=O)OC(C/C=C\CCCCCCCCOC(=O)CCN(CCCN(CCC(=O)OCCCCCCCC/C=C\CC(CCCCCC)OC(=O)OCCC#CCCCCCC)CCC(=O)OCCCCCCCC/C=C\CC(CCCCCC)OC(=O)OCCC#CCCCCCC)CCC(=O)OCCCCCCCC/C=C\CC(CCCCCC)OC(=O)OCCC#CCCCCCC)CCCCCC,BL_2023,BL_2023,0
-1.7025139,-0.794957062,CCC#CCOC(=O)OC(C/C=C\CCCCCCCCOC(=O)CCN(CCC(=O)OCCCCCCCC/C=C\CC(CCCCCC)OC(=O)OCC#CCC)CC(OC)OC)CCCCCC,BL_2023,BL_2023,0
-2.2908995,-0.795256486,CCC#CCOC(=O)OC(C/C=C\CCCCCCCCOC(=O)CCN(CCC(=O)OCCCCCCCC/C=C\CC(CCCCCC)OC(=O)OCC#CCC)CC1CCCCN1C)CCCCCC,BL_2023,BL_2023,0
-3.57801,-0.796756321,CCC#CCOC(=O)OC(C/C=C\CCCCCCCCOC(=O)CCN1CCN(CCCN(C)C)CC1)CCCCCC,BL_2023,BL_2023,0
-1.3672845,-0.802497474,CCCCC#CCOC(=O)OC(C/C=C\CCCCCCCCOC(=O)CCN(CCC(=O)OCCCCCCCC/C=C\CC(CCCCCC)OC(=O)OCC#CCCCC)CC(OCC)OCC)CCCCCC,BL_2023,BL_2023,0
-2.770015,-0.805698995,CCCCCCCC/C=C\CCCCCCCCOC(=O)OC(C/C=C\CCCCCCCCOC(=O)CCN1CCCCC1CO)CCCCCC,BL_2023,BL_2023,0
-2.1894193,-0.81000013,CCCCC#CCOC(=O)OC(C/C=C\CCCCCCCCOC(=O)CCN(CCC(=O)OCCCCCCCC/C=C\CC(CCCCCC)OC(=O)OCC#CCCCC)CCN1CCC(C)CC1)CCCCCC,BL_2023,BL_2023,0
-3.8419333,-0.81092668,CCC#CCOC(=O)OC(C/C=C\CCCCCCCCOC(=O)CCN(C)CCO)CCCCCC,BL_2023,BL_2023,0
-1.5902562,-0.813095394,CCCCCCC#CCCOC(=O)OC(C/C=C\CCCCCCCCOC(=O)CCN(C)CCCN(C)CCC(=O)OCCCCCCCC/C=C\CC(CCCCCC)OC(=O)OCCC#CCCCCCC)CCCCCC,BL_2023,BL_2023,0
-2.7461288,-0.818559083,CCCC#CCOC(=O)OC(C/C=C\CCCCCCCCOC(=O)CCN1CCC1c1ccccc1)CCCCCC,BL_2023,BL_2023,0
-3.3096986,-0.822498944,CCCCC/C=C\C/C=C\CCCCCCCCOC(=O)OC(C/C=C\CCCCCCCCOC(=O)CCN1CCCCC1CO)CCCCCC,BL_2023,BL_2023,0
-1.0039107,-0.822815491,CCCCCCC#CCOC(=O)OC(C/C=C\CCCCCCCCOC(=O)CCN(CCC(=O)OCCCCCCCC/C=C\CC(CCCCCC)OC(=O)OCC#CCCCCCC)CCN1CCN(C)CC1)CCCCCC,BL_2023,BL_2023,0
-2.3494754,-0.826789485,CCCC#CCOC(=O)OC(C/C=C\CCCCCCCCOC(=O)CCN(CCCN1CCN(C)CC1)CCC(=O)OCCCCCCCC/C=C\CC(CCCCCC)OC(=O)OCC#CCCC)CCCCCC,BL_2023,BL_2023,0
-2.8824239,-0.846155414,CCCCCC#CCOC(=O)OC(C/C=C\CCCCCCCCOC(=O)CCN1CCC1c1ccccc1)CCCCCC,BL_2023,BL_2023,0
-3.5328302,-0.846321403,CCCCCCC#CCCOC(=O)OC(C/C=C\CCCCCCCCOC(=O)CCN(C)CCN(C)C)CCCCCC,BL_2023,BL_2023,0
-1.8588203,-0.848150967,CCCCCCC#CCOC(=O)OC(C/C=C\CCCCCCCCOC(=O)CCN(CCC(=O)OCCCCCCCC/C=C\CC(CCCCCC)OC(=O)OCC#CCCCCCC)CC(O)CO)CCCCCC,BL_2023,BL_2023,0
-3.800512,-0.848817942,CCCCCCCC/C=C\CCCCCCCCOC(=O)OC(C/C=C\CCCCCCCCOC(=O)CCN1CCC(O)CC1)CCCCCC,BL_2023,BL_2023,0
-2.9781802,-0.858251123,CCCCCCC#CCCOC(=O)OC(C/C=C\CCCCCCCCOC(=O)CCN1CCN(c2ccccn2)CC1)CCCCCC,BL_2023,BL_2023,0
-1.6707331,-0.860637754,CCCCC#CCOC(=O)OC(C/C=C\CCCCCCCCOC(=O)CCN(CCCN1CCN(C)CC1)CCC(=O)OCCCCCCCC/C=C\CC(CCCCCC)OC(=O)OCC#CCCCC)CCCCCC,BL_2023,BL_2023,0
-3.3629243,-0.863723272,CCCCC#CCCOC(=O)OC(C/C=C\CCCCCCCCOC(=O)CCN1CCN=C1C)CCCCCC,BL_2023,BL_2023,0
-3.7487571,-0.863723272,CCCCC#CCCOC(=O)OC(C/C=C\CCCCCCCCOC(=O)CCN(C)CCN(C)C)CCCCCC,BL_2023,BL_2023,0
-3.4016583,-0.864583782,CCCC#CCOC(=O)OC(C/C=C\CCCCCCCCOC(=O)CCN1CCN(CCN2CCCC2)CC1)CCCCCC,BL_2023,BL_2023,0
-2.3612783,-0.870649572,CCC#CCOC(=O)OC(C/C=C\CCCCCCCCOC(=O)CCN(CCC(=O)OCCCCCCCC/C=C\CC(CCCCCC)OC(=O)OCC#CCC)CC(O)CO)CCCCCC,BL_2023,BL_2023,0
-1.0212953,-0.873272105,CCCCC/C=C\C/C=C\CCCCCCCCOC(=O)OC(C/C=C\CCCCCCCCOC(=O)CCN(CCC(=O)OCCCCCCCC/C=C\CC(CCCCCC)OC(=O)OCCCCCCCC/C=C\C/C=C\CCCCC)CC(OCC)OCC)CCCCCC,BL_2023,BL_2023,0
-2.6244404,-0.880334171,CCCCCCCC/C=C\CCCCCCCCOC(=O)OC(C/C=C\CCCCCCCCOC(=O)CCN(CCCCCO)CCC(=O)OCCCCCCCC/C=C\CC(CCCCCC)OC(=O)OCCCCCCCC/C=C\CCCCCCCC)CCCCCC,BL_2023,BL_2023,0
-1.4793321,-0.884082452,CCCCCCC#CCOC(=O)OC(C/C=C\CCCCCCCCOC(=O)CCN(CCCN1CCCCCC1)CCC(=O)OCCCCCCCC/C=C\CC(CCCCCC)OC(=O)OCC#CCCCCCC)CCCCCC,BL_2023,BL_2023,0
-1.8451296,-0.891847147,CCCCCCC#CCCOC(=O)OC(C/C=C\CCCCCCCCOC(=O)CCN(CCC(=O)OCCCCCCCC/C=C\CC(CCCCCC)OC(=O)OCCC#CCCCCCC)CC1OCCO1)CCCCCC,BL_2023,BL_2023,0
-3.2510386,-0.895317213,CCCCCCCCCCCCCCCCCCOC(=O)OC(C/C=C\CCCCCCCCOC(=O)CCN1CCCCC1CO)CCCCCC,BL_2023,BL_2023,0
-3.0166135,-0.913611966,CCCCCCCC/C=C\CCCCCCCCOC(=O)OC(C/C=C\CCCCCCCCOC(=O)CCN(C)CCO)CCCCCC,BL_2023,BL_2023,0
-2.3516688,-0.914563735,CCC#CCOC(=O)OC(C/C=C\CCCCCCCCOC(=O)CCN(CCC(=O)OCCCCCCCC/C=C\CC(CCCCCC)OC(=O)OCC#CCC)CCN1CCC(C)CC1)CCCCCC,BL_2023,BL_2023,0
-1.8013362,-0.915517335,CCC#CCOC(=O)OC(C/C=C\CCCCCCCCOC(=O)CCN(CCCN1CCCCCC1)CCC(=O)OCCCCCCCC/C=C\CC(CCCCCC)OC(=O)OCC#CCC)CCCCCC,BL_2023,BL_2023,0
-2.6130908,-0.92089169,CCCCCCC#CCOC(=O)OC(C/C=C\CCCCCCCCOC(=O)CCN1CCC1c1ccccc1)CCCCCC,BL_2023,BL_2023,0
-1.4113643,-0.932015869,CCCCC#CCCOC(=O)OC(C/C=C\CCCCCCCCOC(=O)CCN(CCCN(C)C)CCC(=O)OCCCCCCCC/C=C\CC(CCCCCC)OC(=O)OCCC#CCCCC)CCCCCC,BL_2023,BL_2023,0
-2.94609,-0.93677551,CCCC#CCOC(=O)OC(C/C=C\CCCCCCCCOC(=O)CCN1CCC(CCCC2CCN(CCO)CC2)CC1)CCCCCC,BL_2023,BL_2023,0
-3.0004587,-0.943597589,CCC#CCOC(=O)OC(C/C=C\CCCCCCCCOC(=O)CCN1CCN(CCN(C)C)CC1)CCCCCC,BL_2023,BL_2023,0
-3.021419,-0.944608807,CCC#CCOC(=O)OC(C/C=C\CCCCCCCCOC(=O)CCN1CCN(CCN2CCCC2)CC1)CCCCCC,BL_2023,BL_2023,0
-2.978026,-0.945622093,CCCCCCCCCCCCCCCCCCOC(=O)OC(C/C=C\CCCCCCCCOC(=O)CCN1CCC(O)CC1)CCCCCC,BL_2023,BL_2023,0
-3.5955715,-0.948674447,CCCC#CCOC(=O)OC(C/C=C\CCCCCCCCOC(=O)CCN1CCN(CCCN(C)C)CC1)CCCCCC,BL_2023,BL_2023,0
-2.9234092,-0.949082853,CCCCC/C=C\C/C=C\CCCCCCCCOC(=O)OC(C/C=C\CCCCCCCCOC(=O)CCN(CCC(=O)OCCCCCCCC/C=C\CC(CCCCCC)OC(=O)OCCCCCCCC/C=C\C/C=C\CCCCC)CCC1CCCCN1C)CCCCCC,BL_2023,BL_2023,0
-2.1384242,-0.952979587,CCCCC#CCOC(=O)OC(C/C=C\CCCCCCCCOC(=O)CCN(CCC(=O)OCCCCCCCC/C=C\CC(CCCCCC)OC(=O)OCC#CCCCC)CC1CCCCN1C)CCCCCC,BL_2023,BL_2023,0
-1.6959891,-0.953597673,CCCCCCC#CCCOC(=O)OC(C/C=C\CCCCCCCCOC(=O)CCN(CCC(=O)OCCCCCCCC/C=C\CC(CCCCCC)OC(=O)OCCC#CCCCCCC)CCN(CC)CC)CCCCCC,BL_2023,BL_2023,0
-3.7614427,-0.955663545,CCCCC#CCCOC(=O)OC(C/C=C\CCCCCCCCOC(=O)CCN1CCN(CCOCCO)CC1)CCCCCC,BL_2023,BL_2023,0
-2.3159442,-0.956907217,CCCCCCCC/C=C\CCCCCCCCOC(=O)OC(C/C=C\CCCCCCCCOC(=O)CCN(CCC(=O)OCCCCCCCC/C=C\CC(CCCCCC)OC(=O)OCCCCCCCC/C=C\CCCCCCCC)CCN1CCN(C)CC1)CCCCCC,BL_2023,BL_2023,0
-3.5058324,-0.957946,CCCCCCC#CCCOC(=O)OC(C/C=C\CCCCCCCCOC(=O)CCN1CCN(CC2CCN(C)CC2)CC1)CCCCCC,BL_2023,BL_2023,0
-2.96216,-0.963593381,CCCC#CCOC(=O)OC(C/C=C\CCCCCCCCOC(=O)CCN1CCC(N2CCN(CC)CC2)CC1)CCCCCC,BL_2023,BL_2023,0
-1.1303407,-0.966335624,CCCCC#CCCOC(=O)OC(C/C=C\CCCCCCCCOC(=O)CCN(CCC(=O)OCCCCCCCC/C=C\CC(CCCCCC)OC(=O)OCCC#CCCCC)CC(OC)OC)CCCCCC,BL_2023,BL_2023,0
-1.7639912,-0.966970611,CCCCC/C=C\C/C=C\CCCCCCCCOC(=O)OC(C/C=C\CCCCCCCCOC(=O)CCN(CCC(=O)OCCCCCCCC/C=C\CC(CCCCCC)OC(=O)OCCCCCCCC/C=C\C/C=C\CCCCC)CCN1CCC(C)CC1)CCCCCC,BL_2023,BL_2023,0
-3.3878505,-0.974869779,CCCCC/C=C\C/C=C\CCCCCCCCOC(=O)OC(C/C=C\CCCCCCCCOC(=O)CCN1CCCN(CCC(=O)OCCCCCCCC/C=C\CC(CCCCCC)OC(=O)OCCCCCCCC/C=C\C/C=C\CCCCC)CCN(CCC(=O)OCCCCCCCC/C=C\CC(CCCCCC)OC(=O)OCCCCCCCC/C=C\C/C=C\CCCCC)CCCN(CCC(=O)OCCCCCCCC/C=C\CC(CCCCCC)OC(=O)OCCCCCCCC/C=C\C/C=C\CCCCC)CC1)CCCCCC,BL_2023,BL_2023,0
-2.2908325,-0.976162678,CCCCCC#CCOC(=O)OC(C/C=C\CCCCCCCCOC(=O)CCN(CCC(=O)OCCCCCCCC/C=C\CC(CCCCCC)OC(=O)OCC#CCCCCC)CC1CCCCN1C)CCCCCC,BL_2023,BL_2023,0
-0.9546226,-0.977026489,CCCCCC#CCOC(=O)OC(C/C=C\CCCCCCCCOC(=O)CCN(CCC(=O)OCCCCCCCC/C=C\CC(CCCCCC)OC(=O)OCC#CCCCCC)CC(OCC)OCC)CCCCCC,BL_2023,BL_2023,0
-1.8215272,-0.981150287,CCCCCC#CCOC(=O)OC(C/C=C\CCCCCCCCOC(=O)CCN(CCCN1CCCCCC1)CCC(=O)OCCCCCCCC/C=C\CC(CCCCCC)OC(=O)OCC#CCCCCC)CCCCCC,BL_2023,BL_2023,0
-1.9145974,-0.985528535,CCCCCC#CCOC(=O)OC(C/C=C\CCCCCCCCOC(=O)CCN(CCC(=O)OCCCCCCCC/C=C\CC(CCCCCC)OC(=O)OCC#CCCCCC)CCN1CCC(C)CC1)CCCCCC,BL_2023,BL_2023,0
-2.2158616,-0.991946525,CCCCCCC#CCOC(=O)OC(C/C=C\CCCCCCCCOC(=O)CCN(CCCCCO)CCC(=O)OCCCCCCCC/C=C\CC(CCCCCC)OC(=O)OCC#CCCCCCC)CCCCCC,BL_2023,BL_2023,0
-3.0920298,-0.993061527,CCCCC#CCOC(=O)OC(C/C=C\CCCCCCCCOC(=O)CCN1CCC(N2CCN(CC)CC2)CC1)CCCCCC,BL_2023,BL_2023,0
-2.7507176,-0.995747818,CCC#CCOC(=O)OC(C/C=C\CCCCCCCCOC(=O)CCN(CCC(=O)OCCCCCCCC/C=C\CC(CCCCCC)OC(=O)OCC#CCC)CCC1OCCO1)CCCCCC,BL_2023,BL_2023,0
-2.388702,-1.008019709,CCCCCCCC/C=C\CCCCCCCCOC(=O)OC(C/C=C\CCCCCCCCOC(=O)CCN(CCC(=O)OCCCCCCCC/C=C\CC(CCCCCC)OC(=O)OCCCCCCCC/C=C\CCCCCCCC)CCC1CCCCN1C)CCCCCC,BL_2023,BL_2023,0
-1.899852,-1.015905384,CCCCC#CCOC(=O)OC(C/C=C\CCCCCCCCOC(=O)CCN(CCC(=O)OCCCCCCCC/C=C\CC(CCCCCC)OC(=O)OCC#CCCCC)CC(OC)OC)CCCCCC,BL_2023,BL_2023,0
-4.077897,-1.020367379,CCCCCCCCCCCCCCCCCCOC(=O)OC(C/C=C\CCCCCCCCOC(=O)CCN(CCCCCO)CCC(=O)OCCCCCCCC/C=C\CC(CCCCCC)OC(=O)OCCCCCCCCCCCCCCCCCC)CCCCCC,BL_2023,BL_2023,0
-3.8280213,-1.025346269,CCCCCCC#CCCOC(=O)OC(C/C=C\CCCCCCCCOC(=O)CCN1CCN(CCCN(C)C)CC1)CCCCCC,BL_2023,BL_2023,0
-3.157882,-1.029413776,CCCCCC#CCOC(=O)OC(C/C=C\CCCCCCCCOC(=O)CCN1CCC(N2CCN(CC)CC2)CC1)CCCCCC,BL_2023,BL_2023,0
-2.88609,-1.047519132,CCCCCCCCCCCCCCCCCCOC(=O)OC(C/C=C\CCCCCCCCOC(=O)CCN(CCCN(CCC(=O)OCCCCCCCC/C=C\CC(CCCCCC)OC(=O)OCCCCCCCCCCCCCCCCCC)CCC(=O)OCCCCCCCC/C=C\CC(CCCCCC)OC(=O)OCCCCCCCCCCCCCCCCCC)CCC(=O)OCCCCCCCC/C=C\CC(CCCCCC)OC(=O)OCCCCCCCCCCCCCCCCCC)CCCCCC,BL_2023,BL_2023,0
-1.5779991,-1.049516696,CCCCCC#CCOC(=O)OC(C/C=C\CCCCCCCCOC(=O)CCN(CCC(=O)OCCCCCCCC/C=C\CC(CCCCCC)OC(=O)OCC#CCCCCC)CC(OC)OC)CCCCCC,BL_2023,BL_2023,0
-0.92446256,-1.067866775,CCCC#CCOC(=O)OC(C/C=C\CCCCCCCCOC(=O)CCN(C)CCCN(CCC(=O)OCCCCCCCC/C=C\CC(CCCCCC)OC(=O)OCC#CCCC)CCC(=O)OCCCCCCCC/C=C\CC(CCCCCC)OC(=O)OCC#CCCC)CCCCCC,BL_2023,BL_2023,0
-3.5250092,-1.070470016,CCCC#CCOC(=O)OC(C/C=C\CCCCCCCCOC(=O)CCN1CCN(CCN(C)C)CC1)CCCCCC,BL_2023,BL_2023,0
-1.6878122,-1.07545418,CCCCC#CCOC(=O)OC(C/C=C\CCCCCCCCOC(=O)CCN(CCCN1CCCCCC1)CCC(=O)OCCCCCCCC/C=C\CC(CCCCCC)OC(=O)OCC#CCCCC)CCCCCC,BL_2023,BL_2023,0
-3.8888955,-1.090171304,CCCCCCCCCCCCCCCCCCOC(=O)OC(C/C=C\CCCCCCCCOC(=O)CCN(CCCN1CCOCC1)CCC(=O)OCCCCCCCC/C=C\CC(CCCCCC)OC(=O)OCCCCCCCCCCCCCCCCCC)CCCCCC,BL_2023,BL_2023,0
-1.2995209,-1.090442976,CCCCC#CCCOC(=O)OC(C/C=C\CCCCCCCCOC(=O)CCN(CCC(=O)OCCCCCCCC/C=C\CC(CCCCCC)OC(=O)OCCC#CCCCC)CC(OCC)OCC)CCCCCC,BL_2023,BL_2023,0
-2.8006246,-1.09098677,CCCCC#CCOC(=O)OC(C/C=C\CCCCCCCCOC(=O)CCN(CCC(=O)OCCCCCCCC/C=C\CC(CCCCCC)OC(=O)OCC#CCCCC)CCC1OCCO1)CCCCCC,BL_2023,BL_2023,0
-1.1278044,-1.101156133,CCCCC#CCCOC(=O)OC(C/C=C\CCCCCCCCOC(=O)CCN(CCCN(CC)CC)CCC(=O)OCCCCCCCC/C=C\CC(CCCCCC)OC(=O)OCCC#CCCCC)CCCCCC,BL_2023,BL_2023,0
-2.1540277,-1.107584486,CCCCCCC#CCOC(=O)OC(C/C=C\CCCCCCCCOC(=O)CCN(CCC(=O)OCCCCCCCC/C=C\CC(CCCCCC)OC(=O)OCC#CCCCCCC)CCN1CCC(C)CC1)CCCCCC,BL_2023,BL_2023,0
-3.8112416,-1.116382918,CCCC#CCOC(=O)OC(C/C=C\CCCCCCCCOC(=O)CCN(C)CCO)CCCCCC,BL_2023,BL_2023,0
-2.4148824,-1.117242731,CCCCC/C=C\C/C=C\CCCCCCCCOC(=O)OC(C/C=C\CCCCCCCCOC(=O)CCN(C)CCCN(CCC(=O)OCCCCCCCC/C=C\CC(CCCCCC)OC(=O)OCCCCCCCC/C=C\C/C=C\CCCCC)CCC(=O)OCCCCCCCC/C=C\CC(CCCCCC)OC(=O)OCCCCCCCC/C=C\C/C=C\CCCCC)CCCCCC,BL_2023,BL_2023,0
-2.7514174,-1.118391474,CCCCC#CCOC(=O)OC(C/C=C\CCCCCCCCOC(=O)CCN1CCC1c1ccccc1)CCCCCC,BL_2023,BL_2023,0
-0.5074505,-1.121564324,CCC#CCOC(=O)OC(C/C=C\CCCCCCCCOC(=O)CCN(C)CCN(CCN(C)CCC(=O)OCCCCCCCC/C=C\CC(CCCCCC)OC(=O)OCC#CCC)CCN(C)CCC(=O)OCCCCCCCC/C=C\CC(CCCCCC)OC(=O)OCC#CCC)CCCCCC,BL_2023,BL_2023,0
-2.2942312,-1.122723144,CCCCCCCCCCCCCCCCCCOC(=O)OC(C/C=C\CCCCCCCCOC(=O)CCN(CCC(=O)OCCCCCCCC/C=C\CC(CCCCCC)OC(=O)OCCCCCCCCCCCCCCCCCC)CCN1CCCCCC1)CCCCCC,BL_2023,BL_2023,0
-3.358578,-1.123303573,CCCCC/C=C\C/C=C\CCCCCCCCOC(=O)OC(C/C=C\CCCCCCCCOC(=O)CCN1CCC(O)CC1)CCCCCC,BL_2023,BL_2023,0
-1.8178649,-1.133572725,CCCCC#CCCOC(=O)OC(C/C=C\CCCCCCCCOC(=O)CCN1CCCN(CCC(=O)OCCCCCCCC/C=C\CC(CCCCCC)OC(=O)OCCC#CCCCC)CCN(CCC(=O)OCCCCCCCC/C=C\CC(CCCCCC)OC(=O)OCCC#CCCCC)CCCN(CCC(=O)OCCCCCCCC/C=C\CC(CCCCCC)OC(=O)OCCC#CCCCC)CC1)CCCCCC,BL_2023,BL_2023,0
-2.8882377,-1.135950151,CCCCC#CCOC(=O)OC(C/C=C\CCCCCCCCOC(=O)CCN(CCCCCO)CCC(=O)OCCCCCCCC/C=C\CC(CCCCCC)OC(=O)OCC#CCCCC)CCCCCC,BL_2023,BL_2023,0
-2.6238391,-1.145575625,CCCCC#CCOC(=O)OC(C/C=C\CCCCCCCCOC(=O)CCN1CCC(CCCC2CCN(CCO)CC2)CC1)CCCCCC,BL_2023,BL_2023,0
-2.9607697,-1.149846302,CCCCCCCCCCCCCCCCCCOC(=O)OC(C/C=C\CCCCCCCCOC(=O)CCN(CCC(=O)OCCCCCCCC/C=C\CC(CCCCCC)OC(=O)OCCCCCCCCCCCCCCCCCC)CCC1CCCCN1C)CCCCCC,BL_2023,BL_2023,0
-3.7739887,-1.152611307,CCCCC#CCCOC(=O)OC(C/C=C\CCCCCCCCOC(=O)CCN1CCN(CCCN(C)C)CC1)CCCCCC,BL_2023,BL_2023,0
-2.5333602,-1.159123642,CCCCCCCC/C=C\CCCCCCCCOC(=O)OC(C/C=C\CCCCCCCCOC(=O)CCN(CCC(=O)OCCCCCCCC/C=C\CC(CCCCCC)OC(=O)OCCCCCCCC/C=C\CCCCCCCC)CCN1CCCCCC1)CCCCCC,BL_2023,BL_2023,0
-1.9389161,-1.161941065,CCCC#CCOC(=O)OC(C/C=C\CCCCCCCCOC(=O)CCN(CCC(=O)OCCCCCCCC/C=C\CC(CCCCCC)OC(=O)OCC#CCCC)CCN1CCN(C)CC1)CCCCCC,BL_2023,BL_2023,0
-1.6608423,-1.174982726,CCCCCCCC/C=C\CCCCCCCCOC(=O)OC(C/C=C\CCCCCCCCOC(=O)CCN(CCC(=O)OCCCCCCCC/C=C\CC(CCCCCC)OC(=O)OCCCCCCCC/C=C\CCCCCCCC)CC(OCC)OCC)CCCCCC,BL_2023,BL_2023,0
-2.5599136,-1.181797969,CCCCCCCCCCCCCCCCCCOC(=O)OC(C/C=C\CCCCCCCCOC(=O)CCN(CCO)CCC(=O)OCCCCCCCC/C=C\CC(CCCCCC)OC(=O)OCCCCCCCCCCCCCCCCCC)CCCCCC,BL_2023,BL_2023,0
-3.8705552,-1.184747736,CCC#CCOC(=O)OC(C/C=C\CCCCCCCCOC(=O)CCN1CCC1c1ccccc1)CCCCCC,BL_2023,BL_2023,0
-2.5965705,-1.185076575,CCCCCCCCCCCCCCCCCCOC(=O)OC(C/C=C\CCCCCCCCOC(=O)CCN(CCC(=O)OCCCCCCCC/C=C\CC(CCCCCC)OC(=O)OCCCCCCCCCCCCCCCCCC)CC1CCCCN1C)CCCCCC,BL_2023,BL_2023,0
-2.3226075,-1.188377024,CCCCCCCCCCCCCCCCCCOC(=O)OC(C/C=C\CCCCCCCCOC(=O)CCN(C)CCO)CCCCCC,BL_2023,BL_2023,0
-2.9802167,-1.189703385,CCCCCCCCCCCCCCCCCCOC(=O)OC(C/C=C\CCCCCCCCOC(=O)CCN(CCC(=O)OCCCCCCCC/C=C\CC(CCCCCC)OC(=O)OCCCCCCCCCCCCCCCCCC)CCN1CCC(C)CC1)CCCCCC,BL_2023,BL_2023,0
-3.555337,-1.190367899,CCCCCCCC/C=C\CCCCCCCCOC(=O)OC(C/C=C\CCCCCCCCOC(=O)CCN1CCCN(CCC(=O)OCCCCCCCC/C=C\CC(CCCCCC)OC(=O)OCCCCCCCC/C=C\CCCCCCCC)CCN(CCC(=O)OCCCCCCCC/C=C\CC(CCCCCC)OC(=O)OCCCCCCCC/C=C\CCCCCCCC)CCCN(CCC(=O)OCCCCCCCC/C=C\CC(CCCCCC)OC(=O)OCCCCCCCC/C=C\CCCCCCCC)CC1)CCCCCC,BL_2023,BL_2023,0
-1.2736577,-1.193703908,CCCCCCCC/C=C\CCCCCCCCOC(=O)OC(C/C=C\CCCCCCCCOC(=O)CCN(C)CCCN(CCC(=O)OCCCCCCCC/C=C\CC(CCCCCC)OC(=O)OCCCCCCCC/C=C\CCCCCCCC)CCC(=O)OCCCCCCCC/C=C\CC(CCCCCC)OC(=O)OCCCCCCCC/C=C\CCCCCCCC)CCCCCC,BL_2023,BL_2023,0
-1.114779,-1.195380375,CCC#CCOC(=O)OC(C/C=C\CCCCCCCCOC(=O)CCN(CCCN(CCC(=O)OCCCCCCCC/C=C\CC(CCCCCC)OC(=O)OCC#CCC)CCC(=O)OCCCCCCCC/C=C\CC(CCCCCC)OC(=O)OCC#CCC)CCC(=O)OCCCCCCCC/C=C\CC(CCCCCC)OC(=O)OCC#CCC)CCCCCC,BL_2023,BL_2023,0
-3.886636,-1.197062535,CCC#CCOC(=O)OC(C/C=C\CCCCCCCCOC(=O)CCN1CCN(CC2CCN(C)CC2)CC1)CCCCCC,BL_2023,BL_2023,0
-2.432696,-1.197737001,CCCCCC#CCOC(=O)OC(C/C=C\CCCCCCCCOC(=O)CCN(CCC(=O)OCCCCCCCC/C=C\CC(CCCCCC)OC(=O)OCC#CCCCCC)CCC1OCCO1)CCCCCC,BL_2023,BL_2023,0
-1.7311056,-1.206246236,CCCCC#CCCOC(=O)OC(C/C=C\CCCCCCCCOC(=O)CCN(CCO)CCC(=O)OCCCCCCCC/C=C\CC(CCCCCC)OC(=O)OCCC#CCCCC)CCCCCC,BL_2023,BL_2023,0
-3.9922965,-1.213508708,CCCCC#CCOC(=O)OC(C/C=C\CCCCCCCCOC(=O)CCN(C)CCO)CCCCCC,BL_2023,BL_2023,0
-2.3226075,-1.214205957,CCCCCCCCCCCCCCCCCCOC(=O)OC(C/C=C\CCCCCCCCOC(=O)CCN(C)CCO)CCCCCC,BL_2023,BL_2023,0
-2.0985894,-1.221232961,CCCCCCCC/C=C\CCCCCCCCOC(=O)OC(C/C=C\CCCCCCCCOC(=O)CCN(CCC(=O)OCCCCCCCC/C=C\CC(CCCCCC)OC(=O)OCCCCCCCC/C=C\CCCCCCCC)CC1CCCCN1C)CCCCCC,BL_2023,BL_2023,0
-3.9133017,-1.222295663,CCCCCC#CCOC(=O)OC(C/C=C\CCCCCCCCOC(=O)CCN(C)CCO)CCCCCC,BL_2023,BL_2023,0
-3.6742606,-1.228002224,CCCCC#CCOC(=O)OC(C/C=C\CCCCCCCCOC(=O)CCN1CCN(CCOCCO)CC1)CCCCCC,BL_2023,BL_2023,0
-2.4709258,-1.231963969,CCCCC/C=C\C/C=C\CCCCCCCCOC(=O)OC(C/C=C\CCCCCCCCOC(=O)CCN(CCC(=O)OCCCCCCCC/C=C\CC(CCCCCC)OC(=O)OCCCCCCCC/C=C\C/C=C\CCCCC)CCN1CCCCCC1)CCCCCC,BL_2023,BL_2023,0
-1.8624572,-1.232325704,CCCCCC#CCOC(=O)OC(C/C=C\CCCCCCCCOC(=O)CCN(CCCN(CCC(=O)OCCCCCCCC/C=C\CC(CCCCCC)OC(=O)OCC#CCCCCC)CCC(=O)OCCCCCCCC/C=C\CC(CCCCCC)OC(=O)OCC#CCCCCC)CCC(=O)OCCCCCCCC/C=C\CC(CCCCCC)OC(=O)OCC#CCCCCC)CCCCCC,BL_2023,BL_2023,0
-2.369648,-1.239249328,CCCCCC#CCOC(=O)OC(C/C=C\CCCCCCCCOC(=O)CCN(CCCCCO)CCC(=O)OCCCCCCCC/C=C\CC(CCCCCC)OC(=O)OCC#CCCCCC)CCCCCC,BL_2023,BL_2023,0
-1.9487469,-1.244413587,CCCCC#CCOC(=O)OC(C/C=C\CCCCCCCCOC(=O)CCN(CCCN(CCC(=O)OCCCCCCCC/C=C\CC(CCCCCC)OC(=O)OCC#CCCCC)CCC(=O)OCCCCCCCC/C=C\CC(CCCCCC)OC(=O)OCC#CCCCC)CCC(=O)OCCCCCCCC/C=C\CC(CCCCCC)OC(=O)OCC#CCCCC)CCCCCC,BL_2023,BL_2023,0
-2.4295738,-1.246643428,CCCCC#CCOC(=O)OC(C/C=C\CCCCCCCCOC(=O)CCN(CCC(=O)OCCCCCCCC/C=C\CC(CCCCCC)OC(=O)OCC#CCCCC)CC1OCCO1)CCCCCC,BL_2023,BL_2023,0
-1.5798669,-1.251885756,CCCCCCCC/C=C\CCCCCCCCOC(=O)OC(C/C=C\CCCCCCCCOC(=O)CCN(CCCN(CCC(=O)OCCCCCCCC/C=C\CC(CCCCCC)OC(=O)OCCCCCCCC/C=C\CCCCCCCC)CCC(=O)OCCCCCCCC/C=C\CC(CCCCCC)OC(=O)OCCCCCCCC/C=C\CCCCCCCC)CCC(=O)OCCCCCCCC/C=C\CC(CCCCCC)OC(=O)OCCCCCCCC/C=C\CCCCCCCC)CCCCCC,BL_2023,BL_2023,0
-1.4950588,-1.263309679,CCCCCC#CCOC(=O)OC(C/C=C\CCCCCCCCOC(=O)CCN(CCC(=O)OCCCCCCCC/C=C\CC(CCCCCC)OC(=O)OCC#CCCCCC)CCN1CCCCCC1)CCCCCC,BL_2023,BL_2023,0
-0.78538924,-1.264466695,CCCC#CCOC(=O)OC(C/C=C\CCCCCCCCOC(=O)CCN(C)CCN(CCN(C)CCC(=O)OCCCCCCCC/C=C\CC(CCCCCC)OC(=O)OCC#CCCC)CCN(C)CCC(=O)OCCCCCCCC/C=C\CC(CCCCCC)OC(=O)OCC#CCCC)CCCCCC,BL_2023,BL_2023,0
-3.478624,-1.268343049,CCCCCCC#CCOC(=O)OC(C/C=C\CCCCCCCCOC(=O)CCN1CCN(CCOCCO)CC1)CCCCCC,BL_2023,BL_2023,0
-2.5729523,-1.271857892,CCC#CCOC(=O)OC(C/C=C\CCCCCCCCOC(=O)CCN(CCC(=O)OCCCCCCCC/C=C\CC(CCCCCC)OC(=O)OCC#CCC)CC1OCCO1)CCCCCC,BL_2023,BL_2023,0
-2.9460382,-1.281354582,CCCCCCC#CCCOC(=O)OC(C/C=C\CCCCCCCCOC(=O)CCN(CCN(CC)CC)CCN(CC)CC)CCCCCC,BL_2023,BL_2023,0
-2.5653765,-1.28617208,CCCCCC#CCOC(=O)OC(C/C=C\CCCCCCCCOC(=O)CCN1CCC(CCCC2CCN(CCO)CC2)CC1)CCCCCC,BL_2023,BL_2023,0
-1.3807487,-1.28778838,CCCCCCC#CCOC(=O)OC(C/C=C\CCCCCCCCOC(=O)CCN(C)CCN(C)CCC(=O)OCCCCCCCC/C=C\CC(CCCCCC)OC(=O)OCC#CCCCCCC)CCCCCC,BL_2023,BL_2023,0
-0.74008405,-1.30049678,CCCCC#CCOC(=O)OC(C/C=C\CCCCCCCCOC(=O)CCN(C)CCN(CCN(C)CCC(=O)OCCCCCCCC/C=C\CC(CCCCCC)OC(=O)OCC#CCCCC)CCN(C)CCC(=O)OCCCCCCCC/C=C\CC(CCCCCC)OC(=O)OCC#CCCCC)CCCCCC,BL_2023,BL_2023,0
-0.7793874,-1.315248054,CCCCCC#CCOC(=O)OC(C/C=C\CCCCCCCCOC(=O)CCN(C)CCN(CCN(C)CCC(=O)OCCCCCCCC/C=C\CC(CCCCCC)OC(=O)OCC#CCCCCC)CCN(C)CCC(=O)OCCCCCCCC/C=C\CC(CCCCCC)OC(=O)OCC#CCCCCC)CCCCCC,BL_2023,BL_2023,0
-1.763599,-1.3161044,CCCCCCCCCCCCCCCCCCOC(=O)OC(C/C=C\CCCCCCCCOC(=O)CCN(CCC(=O)OCCCCCCCC/C=C\CC(CCCCCC)OC(=O)OCCCCCCCCCCCCCCCCCC)CCN1CCN(C)CC1)CCCCCC,BL_2023,BL_2023,0
-3.8112416,-1.320408471,CCCC#CCOC(=O)OC(C/C=C\CCCCCCCCOC(=O)CCN(C)CCO)CCCCCC,BL_2023,BL_2023,0
-1.7678772,-1.323443726,CCCC#CCOC(=O)OC(C/C=C\CCCCCCCCOC(=O)CCN(CCO)CCC(=O)OCCCCCCCC/C=C\CC(CCCCCC)OC(=O)OCC#CCCC)CCCCCC,BL_2023,BL_2023,0
-2.1634185,-1.325623208,CCCCC#CCOC(=O)OC(C/C=C\CCCCCCCCOC(=O)CCN(CCCN1CCCC1)CCC(=O)OCCCCCCCC/C=C\CC(CCCCCC)OC(=O)OCC#CCCCC)CCCCCC,BL_2023,BL_2023,0
-3.088023,-1.337113716,CCCCCCCC/C=C\CCCCCCCCOC(=O)OC(C/C=C\CCCCCCCCOC(=O)CCN(CCC(=O)OCCCCCCCC/C=C\CC(CCCCCC)OC(=O)OCCCCCCCC/C=C\CCCCCCCC)CCN1CCC(C)CC1)CCCCCC,BL_2023,BL_2023,0
-2.7367878,-1.337561027,CCCCC/C=C\C/C=C\CCCCCCCCOC(=O)OC(C/C=C\CCCCCCCCOC(=O)CCN1CCC1c1ccccc1)CCCCCC,BL_2023,BL_2023,0
-3.8011045,-1.339803653,CCCCCCCCCCCCCCCCCCOC(=O)OC(C/C=C\CCCCCCCCOC(=O)CCN1CCCN(CCC(=O)OCCCCCCCC/C=C\CC(CCCCCC)OC(=O)OCCCCCCCCCCCCCCCCCC)CCN(CCC(=O)OCCCCCCCC/C=C\CC(CCCCCC)OC(=O)OCCCCCCCCCCCCCCCCCC)CCCN(CCC(=O)OCCCCCCCC/C=C\CC(CCCCCC)OC(=O)OCCCCCCCCCCCCCCCCCC)CC1)CCCCCC,BL_2023,BL_2023,0
-1.5105075,-1.341154119,CCCCC/C=C\C/C=C\CCCCCCCCOC(=O)OC(C/C=C\CCCCCCCCOC(=O)CCN(CCC(=O)OCCCCCCCC/C=C\CC(CCCCCC)OC(=O)OCCCCCCCC/C=C\C/C=C\CCCCC)CC(OC)OC)CCCCCC,BL_2023,BL_2023,0
-1.110605,-1.344319596,CCCCCCC#CCOC(=O)OC(C/C=C\CCCCCCCCOC(=O)CCN(CCC(=O)OCCCCCCCC/C=C\CC(CCCCCC)OC(=O)OCC#CCCCCCC)CCN1CCCC1)CCCCCC,BL_2023,BL_2023,0
-1.918618,-1.3465931,CCCC#CCOC(=O)OC(C/C=C\CCCCCCCCOC(=O)CCN(CCC(=O)OCCCCCCCC/C=C\CC(CCCCCC)OC(=O)OCC#CCCC)CC(OC)OC)CCCCCC,BL_2023,BL_2023,0
-3.7754025,-1.350711885,CCCCC#CCCOC(=O)OC(C/C=C\CCCCCCCCOC(=O)CCN(C)CCO)CCCCCC,BL_2023,BL_2023,0
-2.6107798,-1.353014983,CCCC#CCOC(=O)OC(C/C=C\CCCCCCCCOC(=O)CCN(CCC(=O)OCCCCCCCC/C=C\CC(CCCCCC)OC(=O)OCC#CCCC)CC1OCCO1)CCCCCC,BL_2023,BL_2023,0
-2.1673698,-1.356257414,CCCCCC#CCOC(=O)OC(C/C=C\CCCCCCCCOC(=O)CCN(CCCN1CCCC1)CCC(=O)OCCCCCCCC/C=C\CC(CCCCCC)OC(=O)OCC#CCCCCC)CCCCCC,BL_2023,BL_2023,0
-2.6106203,-1.361395933,CCCCCCC#CCOC(=O)OC(C/C=C\CCCCCCCCOC(=O)CCN1CCC(CCCC2CCN(CCO)CC2)CC1)CCCCCC,BL_2023,BL_2023,0
-3.392804,-1.365640185,CCCCCCC#CCOC(=O)OC(C/C=C\CCCCCCCCOC(=O)CCN(C)CCO)CCCCCC,BL_2023,BL_2023,0
-2.592023,-1.386435826,CCCCC#CCCOC(=O)OC(C/C=C\CCCCCCCCOC(=O)CCN(CCN(CC)CC)CCN(CC)CC)CCCCCC,BL_2023,BL_2023,0
-2.1816728,-1.415944483,CCCCCC#CCOC(=O)OC(C/C=C\CCCCCCCCOC(=O)CCN(CCC(=O)OCCCCCCCC/C=C\CC(CCCCCC)OC(=O)OCC#CCCCCC)CC1OCCO1)CCCCCC,BL_2023,BL_2023,0
-3.1682413,-1.422275502,CCCCC#CCCOC(=O)OC(C/C=C\CCCCCCCCOC(=O)CCN1CCN(CCN(C)C)CC1)CCCCCC,BL_2023,BL_2023,0
-2.331575,-1.424403951,CCCCCCCCCCCCCCCCCCOC(=O)OC(C/C=C\CCCCCCCCOC(=O)CCN(CCCN1CCCC1)CCC(=O)OCCCCCCCC/C=C\CC(CCCCCC)OC(=O)OCCCCCCCCCCCCCCCCCC)CCCCCC,BL_2023,BL_2023,0
-1.4099824,-1.424937494,CCCC#CCOC(=O)OC(C/C=C\CCCCCCCCOC(=O)CCN(C)CCN(C)CCC(=O)OCCCCCCCC/C=C\CC(CCCCCC)OC(=O)OCC#CCCC)CCCCCC,BL_2023,BL_2023,0
-2.0758069,-1.424937494,CCCCC#CCCOC(=O)OC(C/C=C\CCCCCCCCOC(=O)CCN(CCC(=O)OCCCCCCCC/C=C\CC(CCCCCC)OC(=O)OCCC#CCCCC)CC1OCCO1)CCCCCC,BL_2023,BL_2023,0
-0.85215986,-1.433553285,CCCCCCC#CCOC(=O)OC(C/C=C\CCCCCCCCOC(=O)CCN(C)CCN(CCN(C)CCC(=O)OCCCCCCCC/C=C\CC(CCCCCC)OC(=O)OCC#CCCCCCC)CCN(C)CCC(=O)OCCCCCCCC/C=C\CC(CCCCCC)OC(=O)OCC#CCCCCCC)CCCCCC,BL_2023,BL_2023,0
-1.9356406,-1.434640871,CCCCCCC#CCOC(=O)OC(C/C=C\CCCCCCCCOC(=O)CCN(CCCN1CCCC1)CCC(=O)OCCCCCCCC/C=C\CC(CCCCCC)OC(=O)OCC#CCCCCCC)CCCCCC,BL_2023,BL_2023,0
-2.4813094,-1.435185561,CCCCC/C=C\C/C=C\CCCCCCCCOC(=O)OC(C/C=C\CCCCCCCCOC(=O)CCN(CCC(=O)OCCCCCCCC/C=C\CC(CCCCCC)OC(=O)OCCCCCCCC/C=C\C/C=C\CCCCC)CCN1CCN(C)CC1)CCCCCC,BL_2023,BL_2023,0
-2.4511507,-1.436276742,CCCC#CCOC(=O)OC(C/C=C\CCCCCCCCOC(=O)CCN(CCC(=O)OCCCCCCCC/C=C\CC(CCCCCC)OC(=O)OCC#CCCC)CCC1OCCO1)CCCCCC,BL_2023,BL_2023,0
-2.6236942,-1.445650113,CCCCC/C=C\C/C=C\CCCCCCCCOC(=O)OC(C/C=C\CCCCCCCCOC(=O)CCN(CCC(=O)OCCCCCCCC/C=C\CC(CCCCCC)OC(=O)OCCCCCCCC/C=C\C/C=C\CCCCC)CC1CCCCN1C)CCCCCC,BL_2023,BL_2023,0
-2.4555972,-1.450685232,CCCCCCC#CCCOC(=O)OC(C/C=C\CCCCCCCCOC(=O)CCN1CCC(CCCC2CCN(CCO)CC2)CC1)CCCCCC,BL_2023,BL_2023,0
-1.1902398,-1.46148602,CCC#CCOC(=O)OC(C/C=C\CCCCCCCCOC(=O)CCN(C)CCN(C)CCC(=O)OCCCCCCCC/C=C\CC(CCCCCC)OC(=O)OCC#CCC)CCCCCC,BL_2023,BL_2023,0
-1.6638438,-1.489869657,CCCCCCCC/C=C\CCCCCCCCOC(=O)OC(C/C=C\CCCCCCCCOC(=O)CCN(CCC(=O)OCCCCCCCC/C=C\CC(CCCCCC)OC(=O)OCCCCCCCC/C=C\CCCCCCCC)CCC1OCCO1)CCCCCC,BL_2023,BL_2023,0
-3.9922965,-1.491088342,CCCCC#CCOC(=O)OC(C/C=C\CCCCCCCCOC(=O)CCN(C)CCO)CCCCCC,BL_2023,BL_2023,0
-2.5990386,-1.500325319,CCCCCCCC/C=C\CCCCCCCCOC(=O)OC(C/C=C\CCCCCCCCOC(=O)CCN1CCC1c1ccccc1)CCCCCC,BL_2023,BL_2023,0
-2.5573845,-1.500947285,CCCC#CCOC(=O)OC(C/C=C\CCCCCCCCOC(=O)CCN(CCCN1CCCC1)CCC(=O)OCCCCCCCC/C=C\CC(CCCCCC)OC(=O)OCC#CCCC)CCCCCC,BL_2023,BL_2023,0
-1.2832179,-1.507840945,CCCCCC#CCOC(=O)OC(C/C=C\CCCCCCCCOC(=O)CCN(C)CCN(C)CCC(=O)OCCCCCCCC/C=C\CC(CCCCCC)OC(=O)OCC#CCCCCC)CCCCCC,BL_2023,BL_2023,0
-1.4249132,-1.518042499,CCCCC/C=C\C/C=C\CCCCCCCCOC(=O)OC(C/C=C\CCCCCCCCOC(=O)CCN(CCC(=O)OCCCCCCCC/C=C\CC(CCCCCC)OC(=O)OCCCCCCCC/C=C\C/C=C\CCCCC)CC1OCCO1)CCCCCC,BL_2023,BL_2023,0
-1.4567251,-1.535748788,CCCCC/C=C\C/C=C\CCCCCCCCOC(=O)OC(C/C=C\CCCCCCCCOC(=O)CCN(CCC(=O)OCCCCCCCC/C=C\CC(CCCCCC)OC(=O)OCCCCCCCC/C=C\C/C=C\CCCCC)CCC1OCCO1)CCCCCC,BL_2023,BL_2023,0
-1.9304166,-1.549285027,CCCCCCC#CCOC(=O)OC(C/C=C\CCCCCCCCOC(=O)CCN(CCCN(CCC(=O)OCCCCCCCC/C=C\CC(CCCCCC)OC(=O)OCC#CCCCCCC)CCC(=O)OCCCCCCCC/C=C\CC(CCCCCC)OC(=O)OCC#CCCCCCC)CCC(=O)OCCCCCCCC/C=C\CC(CCCCCC)OC(=O)OCC#CCCCCCC)CCCCCC,BL_2023,BL_2023,0
-1.4971099,-1.564614943,CCCCC#CCOC(=O)OC(C/C=C\CCCCCCCCOC(=O)CCN(C)CCN(C)CCC(=O)OCCCCCCCC/C=C\CC(CCCCCC)OC(=O)OCC#CCCCC)CCCCCC,BL_2023,BL_2023,0
-1.8214362,-1.584837975,CCC#CCOC(=O)OC(C/C=C\CCCCCCCCOC(=O)CCN(CCC(=O)OCCCCCCCC/C=C\CC(CCCCCC)OC(=O)OCC#CCC)CCN1CCCC1)CCCCCC,BL_2023,BL_2023,0
-1.7771844,-1.592265332,CCCCC#CCOC(=O)OC(C/C=C\CCCCCCCCOC(=O)CCN(CCO)CCC(=O)OCCCCCCCC/C=C\CC(CCCCCC)OC(=O)OCC#CCCCC)CCCCCC,BL_2023,BL_2023,0
-1.839721,-1.600566136,CCCCC#CCOC(=O)OC(C/C=C\CCCCCCCCOC(=O)CCN(CCC(=O)OCCCCCCCC/C=C\CC(CCCCCC)OC(=O)OCC#CCCCC)CCN1CCCC1)CCCCCC,BL_2023,BL_2023,0
-2.5644388,-1.604385704,CCCCCCCCCCCCCCCCCCOC(=O)OC(C/C=C\CCCCCCCCOC(=O)CCN1CCN(CC2CCN(C)CC2)CC1)CCCCCC,BL_2023,BL_2023,0
-2.985723,-1.623938181,CCCCC#CCCOC(=O)OC(C/C=C\CCCCCCCCOC(=O)CCN1CCC(CCCC2CCN(CCO)CC2)CC1)CCCCCC,BL_2023,BL_2023,0
-1.7757626,-1.630361552,CCCCCCCC/C=C\CCCCCCCCOC(=O)OC(C/C=C\CCCCCCCCOC(=O)CCN(CCC(=O)OCCCCCCCC/C=C\CC(CCCCCC)OC(=O)OCCCCCCCC/C=C\CCCCCCCC)CC(OC)OC)CCCCCC,BL_2023,BL_2023,0
-1.499712,-1.650147029,CCCCC/C=C\C/C=C\CCCCCCCCOC(=O)OC(C/C=C\CCCCCCCCOC(=O)CCN(C)CCN(C)CCC(=O)OCCCCCCCC/C=C\CC(CCCCCC)OC(=O)OCCCCCCCC/C=C\C/C=C\CCCCC)CCCCCC,BL_2023,BL_2023,0
-3.2737365,-1.652676714,CCCCCCCC/C=C\CCCCCCCCOC(=O)OC(C/C=C\CCCCCCCCOC(=O)CCN(CCCN1CCOCC1)CCC(=O)OCCCCCCCC/C=C\CC(CCCCCC)OC(=O)OCCCCCCCC/C=C\CCCCCCCC)CCCCCC,BL_2023,BL_2023,0
-2.7307882,-1.664655772,CCCCCCCCCCCCCCCCCCOC(=O)OC(C/C=C\CCCCCCCCOC(=O)CCN1CCC1c1ccccc1)CCCCCC,BL_2023,BL_2023,0
-3.3025863,-1.671633289,CCCCCCCCCCCCCCCCCCOC(=O)OC(C/C=C\CCCCCCCCOC(=O)CCN(CCCn1ccnc1)CCC(=O)OCCCCCCCC/C=C\CC(CCCCCC)OC(=O)OCCCCCCCCCCCCCCCCCC)CCCCCC,BL_2023,BL_2023,0
-1.6660551,-1.681390721,CCCCCCCC/C=C\CCCCCCCCOC(=O)OC(C/C=C\CCCCCCCCOC(=O)CCN(CCC(=O)OCCCCCCCC/C=C\CC(CCCCCC)OC(=O)OCCCCCCCC/C=C\CCCCCCCC)CC1OCCO1)CCCCCC,BL_2023,BL_2023,0
-2.5458999,-1.69778398,CCCCC/C=C\C/C=C\CCCCCCCCOC(=O)OC(C/C=C\CCCCCCCCOC(=O)CCN(CCCN1CCOCC1)CCC(=O)OCCCCCCCC/C=C\CC(CCCCCC)OC(=O)OCCCCCCCC/C=C\C/C=C\CCCCC)CCCCCC,BL_2023,BL_2023,0
-3.392804,-1.711872004,CCCCCCC#CCOC(=O)OC(C/C=C\CCCCCCCCOC(=O)CCN(C)CCO)CCCCCC,BL_2023,BL_2023,0
-1.7586163,-1.718586083,CCCCCCCCCCCCCCCCCCOC(=O)OC(C/C=C\CCCCCCCCOC(=O)CCN(CCC(=O)OCCCCCCCC/C=C\CC(CCCCCC)OC(=O)OCCCCCCCCCCCCCCCCCC)CC(OCC)OCC)CCCCCC,BL_2023,BL_2023,0
-1.3219101,-1.732293551,CCCCCC#CCOC(=O)OC(C/C=C\CCCCCCCCOC(=O)CCN(CCC(=O)OCCCCCCCC/C=C\CC(CCCCCC)OC(=O)OCC#CCCCCC)CCN1CCCC1)CCCCCC,BL_2023,BL_2023,0
-1.344747,-1.73628066,CCCCCCCCCCCCCCCCCCOC(=O)OC(C/C=C\CCCCCCCCOC(=O)CCN(CCC(=O)OCCCCCCCC/C=C\CC(CCCCCC)OC(=O)OCCCCCCCCCCCCCCCCCC)CCC1OCCO1)CCCCCC,BL_2023,BL_2023,0
-1.9106232,-1.758802514,CCCCCCCC/C=C\CCCCCCCCOC(=O)OC(C/C=C\CCCCCCCCOC(=O)CCN(CCC(=O)OCCCCCCCC/C=C\CC(CCCCCC)OC(=O)OCCCCCCCC/C=C\CCCCCCCC)CCN1CCCC1)CCCCCC,BL_2023,BL_2023,0
-1.5714165,-1.778022853,CCCCCC#CCOC(=O)OC(C/C=C\CCCCCCCCOC(=O)CCN(CCO)CCC(=O)OCCCCCCCC/C=C\CC(CCCCCC)OC(=O)OCC#CCCCCC)CCCCCC,BL_2023,BL_2023,0
-2.3838687,-1.799154034,CCCCCCCC/C=C\CCCCCCCCOC(=O)OC(C/C=C\CCCCCCCCOC(=O)CCN(C)CCN(C)CCC(=O)OCCCCCCCC/C=C\CC(CCCCCC)OC(=O)OCCCCCCCC/C=C\CCCCCCCC)CCCCCC,BL_2023,BL_2023,0
-2.3283787,-1.80717217,CCCCC/C=C\C/C=C\CCCCCCCCOC(=O)OC(C/C=C\CCCCCCCCOC(=O)CCN(CCCn1ccnc1)CCC(=O)OCCCCCCCC/C=C\CC(CCCCCC)OC(=O)OCCCCCCCC/C=C\C/C=C\CCCCC)CCCCCC,BL_2023,BL_2023,0
-3.9133017,-1.830823225,CCCCCC#CCOC(=O)OC(C/C=C\CCCCCCCCOC(=O)CCN(C)CCO)CCCCCC,BL_2023,BL_2023,0
-2.5897615,-1.868561933,CCCCCCCC/C=C\CCCCCCCCOC(=O)OC(C/C=C\CCCCCCCCOC(=O)CCN(CCCn1ccnc1)CCC(=O)OCCCCCCCC/C=C\CC(CCCCCC)OC(=O)OCCCCCCCC/C=C\CCCCCCCC)CCCCCC,BL_2023,BL_2023,0
-1.3236438,-1.880467871,CCCCC/C=C\C/C=C\CCCCCCCCOC(=O)OC(C/C=C\CCCCCCCCOC(=O)CCN(CCCN1CCCC1)CCC(=O)OCCCCCCCC/C=C\CC(CCCCCC)OC(=O)OCCCCCCCC/C=C\C/C=C\CCCCC)CCCCCC,BL_2023,BL_2023,0
-2.072091,-1.884500963,CCCC#CCOC(=O)OC(C/C=C\CCCCCCCCOC(=O)CCN(CCC(=O)OCCCCCCCC/C=C\CC(CCCCCC)OC(=O)OCC#CCCC)CCN1CCCC1)CCCCCC,BL_2023,BL_2023,0
-1.291957,-1.909414366,CCCCCCC#CCOC(=O)OC(C/C=C\CCCCCCCCOC(=O)CCN(CCO)CCC(=O)OCCCCCCCC/C=C\CC(CCCCCC)OC(=O)OCC#CCCCCCC)CCCCCC,BL_2023,BL_2023,0
-2.4112816,-1.909414366,CCCCCCCCCCCCCCCCCCOC(=O)OC(C/C=C\CCCCCCCCOC(=O)CCN(CCC(=O)OCCCCCCCC/C=C\CC(CCCCCC)OC(=O)OCCCCCCCCCCCCCCCCCC)CC(OC)OC)CCCCCC,BL_2023,BL_2023,0
-1.1370207,-1.909414366,CCCCC/C=C\C/C=C\CCCCCCCCOC(=O)OC(C/C=C\CCCCCCCCOC(=O)CCN(CCC(=O)OCCCCCCCC/C=C\CC(CCCCCC)OC(=O)OCCCCCCCC/C=C\C/C=C\CCCCC)CCN1CCCC1)CCCCCC,BL_2023,BL_2023,0
-1.9242024,-1.941670433,CCCCCCCC/C=C\CCCCCCCCOC(=O)OC(C/C=C\CCCCCCCCOC(=O)CCN(CCCN1CCCC1)CCC(=O)OCCCCCCCC/C=C\CC(CCCCCC)OC(=O)OCCCCCCCC/C=C\CCCCCCCC)CCCCCC,BL_2023,BL_2023,0
-1.551113,-1.976173932,CCCCCCCCCCCCCCCCCCOC(=O)OC(C/C=C\CCCCCCCCOC(=O)CCN(CCC(=O)OCCCCCCCC/C=C\CC(CCCCCC)OC(=O)OCCCCCCCCCCCCCCCCCC)CC1OCCO1)CCCCCC,BL_2023,BL_2023,0
-2.1436217,-1.999451828,CCCCCCCCCCCCCCCCCCOC(=O)OC(C/C=C\CCCCCCCCOC(=O)CCN(C)CCN(C)CCC(=O)OCCCCCCCC/C=C\CC(CCCCCC)OC(=O)OCCCCCCCCCCCCCCCCCC)CCCCCC,BL_2023,BL_2023,0
-2.5924022,-2.16105763,CCCCCCCCCCCCCCCCCCOC(=O)OC(C/C=C\CCCCCCCCOC(=O)CCN(CCC(=O)OCCCCCCCC/C=C\CC(CCCCCC)OC(=O)OCCCCCCCCCCCCCCCCCC)CCN1CCCC1)CCCCCC,BL_2023,BL_2023,0
-3.0276387,0.817508475,CCCCCCCCCCC#CCN(CCO)CCCCCCCCCCCC,JL_2024,JL_2024,1
-3.0248225,-1.083308655,CCCCCCCCCCCC#CCN(CCO)CCCCCCCCCCCC,JL_2024,JL_2024,0
-3.1491308,-0.596779256,CCCCCCCCCCCCC#CCN(CCO)CCCCCCCCCCCC,JL_2024,JL_2024,0
-2.990294,-0.312177803,CCCCCCCCCCCCCC#CCN(CCO)CCCCCCCCCCCC,JL_2024,JL_2024,1
-2.9566088,-0.596779256,CCCCCCCCCCCCCCC#CCN(CCO)CCCCCCCCCCCC,JL_2024,JL_2024,0
-2.6115177,0.282552045,CCCCCCCCCCCCCCCC#CCN(CCO)CCCCCCCCCCCC,JL_2024,JL_2024,1
-2.7710917,1.349338334,CCCCCCCCCCCCCCCCC#CCN(CCO)CCCCCCCCCCCC,JL_2024,JL_2024,1
-3.1741743,-1.083308655,CCCCCCCCCCCCN(CC#CCCCOCCCCCCCCCCC)CCO,JL_2024,JL_2024,0
-3.2262888,-1.083308655,C=CCCCCCCCCOCCCC#CCN(CCO)CCCCCCCCCCCC,JL_2024,JL_2024,0
-4.118266,-1.083308655,CCCCCC/C=C\COCCCC#CCN(CCO)CCCCCCCCCCCC,JL_2024,JL_2024,0
-2.8843243,-0.312177803,CCCCCCCCCCCCC(CCCCCCCCCC)COCCCC#CCN(CCO)CCCCCCCCCCCC,JL_2024,JL_2024,1
-3.4663844,0.282552045,CCCCCCCCCCCCOC(=O)CCCCC#CCN(CCO)CCCCCCCCCCCC,JL_2024,JL_2024,1
-4.025741,-1.083308655,C=CCCCCCCCCOC(=O)CCCCC#CCN(CCO)CCCCCCCCCCCC,JL_2024,JL_2024,0
-4.0104046,-1.083308655,C=CCCCCCCCCCOC(=O)CCCCC#CCN(CCO)CCCCCCCCCCCC,JL_2024,JL_2024,0
-3.7346315,-1.083308655,CCCCC/C=C\COC(=O)CCCCC#CCN(CCO)CCCCCCCCCCCC,JL_2024,JL_2024,0
-1.8578516,0.905362182,CCCCCCCCCCCCC(CCCCCCCCCC)COC(=O)CCCCC#CCN(CCO)CCCCCCCCCCCC,JL_2024,JL_2024,1
-2.7387922,-0.596779256,CCCCCCCCCCCCN(CC#CCCCCC(=O)N(CCCCCCC)CCCCCCC)CCO,JL_2024,JL_2024,0
-2.3953798,1.147410391,CCCCCCCCCCCCN(CC#CCCCCC(=O)N(CCCCCCCC)CCCCCCCC)CCO,JL_2024,JL_2024,1
-2.399879,-1.083308655,CCCCCCCCCCCCN(CC#CCCCCC(=O)N(CCCCCCCCCCC)CCCCCCCCCCC)CCO,JL_2024,JL_2024,0
-2.3004308,-1.083308655,CCCCCCCCCCCCN(CC#CCCCCC(=O)N(CCCCCCCCCCCC)CCCCCCCCCCCC)CCO,JL_2024,JL_2024,0
-2.598679,-0.596779256,CCCCCCCCCCCCN(CC#CCCCC(=O)N(CCCCCCCC)CCCCCCCC)CCO,JL_2024,JL_2024,0
-2.8300169,-0.596779256,CCCCCCCCCCC#CCN(CCO)CCCCCCCCCCCCC,JL_2024,JL_2024,0
-2.9401808,-0.596779256,CCCCCCCCCCCC#CCN(CCO)CCCCCCCCCCCCC,JL_2024,JL_2024,0
-2.9502406,-0.596779256,CCCCCCCCCCCCC#CCN(CCO)CCCCCCCCCCCCC,JL_2024,JL_2024,0
-3.014904,0.532907021,CCCCCCCCCCCCCC#CCN(CCO)CCCCCCCCCCCCC,JL_2024,JL_2024,1
-2.8371437,-0.596779256,CCCCCCCCCCCCCCC#CCN(CCO)CCCCCCCCCCCCC,JL_2024,JL_2024,0
-2.7817013,1.55672867,CCCCCCCCCCCCCCCC#CCN(CCO)CCCCCCCCCCCCC,JL_2024,JL_2024,2
-2.9441192,1.147410391,CCCCCCCCCCCCCCCCC#CCN(CCO)CCCCCCCCCCCCC,JL_2024,JL_2024,1
-3.2478466,-1.083308655,CCCCCCCCCCCCCN(CC#CCCCOCCCCCCCCCCC)CCO,JL_2024,JL_2024,0
-3.4927406,0.376279539,C=CCCCCCCCCOCCCC#CCN(CCO)CCCCCCCCCCCCC,JL_2024,JL_2024,1
-4.2773557,-1.083308655,CCCCCC/C=C\COCCCC#CCN(CCO)CCCCCCCCCCCCC,JL_2024,JL_2024,0
-2.4577818,1.716613297,CCCCCCCCCCCCCN(CC#CCCCOCC(CCCCCCCCCC)CCCCCCCCCCCC)CCO,JL_2024,JL_2024,2
-3.4163005,0.717064053,CCCCCCCCCCCCCN(CC#CCCCCC(=O)OCCCCCCCCCCCC)CCO,JL_2024,JL_2024,1
-4.028108,-0.596779256,C=CCCCCCCCCOC(=O)CCCCC#CCN(CCO)CCCCCCCCCCCCC,JL_2024,JL_2024,0
-3.9072247,-0.596779256,C=CCCCCCCCCCOC(=O)CCCCC#CCN(CCO)CCCCCCCCCCCCC,JL_2024,JL_2024,0
-3.638484,-1.083308655,CCCCC/C=C\COC(=O)CCCCC#CCN(CCO)CCCCCCCCCCCCC,JL_2024,JL_2024,0
-2.1563609,-0.312177803,CCCCCCCCCCCCCN(CC#CCCCCC(=O)OCC(CCCCCCCCCC)CCCCCCCCCCCC)CCO,JL_2024,JL_2024,1
-2.4167376,1.432011844,CCCCCCCCCCCCCN(CC#CCCCCC(=O)N(CCCCCCC)CCCCCCC)CCO,JL_2024,JL_2024,1
-2.2692325,2.018335441,CCCCCCCCCCCCCN(CC#CCCCCC(=O)N(CCCCCCCC)CCCCCCCC)CCO,JL_2024,JL_2024,2
-2.1725352,0.376279539,CCCCCCCCCCCCCN(CC#CCCCCC(=O)N(CCCCCCCCCCC)CCCCCCCCCCC)CCO,JL_2024,JL_2024,1
-2.4906836,-1.083308655,CCCCCCCCCCCCCN(CC#CCCCCC(=O)N(CCCCCCCCCCCC)CCCCCCCCCCCC)CCO,JL_2024,JL_2024,0
-2.4332705,0.599806528,CCCCCCCCCCCCCN(CC#CCCCC(=O)N(CCCCCCCC)CCCCCCCC)CCO,JL_2024,JL_2024,1
-2.907453,-1.083308655,CCCCCCCCCCC#CCN(CCO)CCCCCCCCCCCCCC,JL_2024,JL_2024,0
-2.9159284,-1.083308655,CCCCCCCCCCCC#CCN(CCO)CCCCCCCCCCCCCC,JL_2024,JL_2024,0
-3.060267,0.376279539,CCCCCCCCCCCCC#CCN(CCO)CCCCCCCCCCCCCC,JL_2024,JL_2024,1
-2.7699811,1.203593451,CCCCCCCCCCCCCC#CCN(CCO)CCCCCCCCCCCCCC,JL_2024,JL_2024,1
-2.6523283,0.532907021,CCCCCCCCCCCCCCC#CCN(CCO)CCCCCCCCCCCCCC,JL_2024,JL_2024,1
-3.1331704,0.905362182,CCCCCCCCCCCCCCCC#CCN(CCO)CCCCCCCCCCCCCC,JL_2024,JL_2024,1
-3.2229216,0.532907021,CCCCCCCCCCCCCCCCC#CCN(CCO)CCCCCCCCCCCCCC,JL_2024,JL_2024,1
-3.3357694,-1.083308655,CCCCCCCCCCCCCCN(CC#CCCCOCCCCCCCCCCC)CCO,JL_2024,JL_2024,0
-3.4940515,-0.596779256,C=CCCCCCCCCOCCCC#CCN(CCO)CCCCCCCCCCCCCC,JL_2024,JL_2024,0
-3.8859487,-0.596779256,CCCCCC/C=C\COCCCC#CCN(CCO)CCCCCCCCCCCCCC,JL_2024,JL_2024,0
-2.657288,-0.596779256,CCCCCCCCCCCCCCN(CC#CCCCOCC(CCCCCCCCCC)CCCCCCCCCCCC)CCO,JL_2024,JL_2024,0
-2.8509371,0.376279539,CCCCCCCCCCCCCCN(CC#CCCCCC(=O)OCCCCCCCCCCCC)CCO,JL_2024,JL_2024,1
-4.1475163,-0.312177803,C=CCCCCCCCCOC(=O)CCCCC#CCN(CCO)CCCCCCCCCCCCCC,JL_2024,JL_2024,1
-3.409577,-1.083308655,C=CCCCCCCCCCOC(=O)CCCCC#CCN(CCO)CCCCCCCCCCCCCC,JL_2024,JL_2024,0
-3.0045993,-1.083308655,CCCCC/C=C\COC(=O)CCCCC#CCN(CCO)CCCCCCCCCCCCCC,JL_2024,JL_2024,0
-2.2598977,-0.596779256,CCCCCCCCCCCCCCN(CC#CCCCCC(=O)OCC(CCCCCCCCCC)CCCCCCCCCCCC)CCO,JL_2024,JL_2024,0
-2.1054256,2.15610697,CCCCCCCCCCCCCCN(CC#CCCCCC(=O)N(CCCCCCC)CCCCCCC)CCO,JL_2024,JL_2024,2
-2.1945586,1.69012285,CCCCCCCCCCCCCCN(CC#CCCCCC(=O)N(CCCCCCCC)CCCCCCCC)CCO,JL_2024,JL_2024,2
-2.2100675,0.532907021,CCCCCCCCCCCCCCN(CC#CCCCCC(=O)N(CCCCCCCCCCC)CCCCCCCCCCC)CCO,JL_2024,JL_2024,1
-2.8488402,-0.596779256,CCCCCCCCCCCCCCN(CC#CCCCCC(=O)N(CCCCCCCCCCCC)CCCCCCCCCCCC)CCO,JL_2024,JL_2024,0
-2.6723902,0.862808938,CCCCCCCCCCCCCCN(CC#CCCCC(=O)N(CCCCCCCC)CCCCCCCC)CCO,JL_2024,JL_2024,1
-2.859596,1.147410391,CCCCCCCCCCC#CCN(CCO)CCCCCCCCCCCCCCC,JL_2024,JL_2024,1
-3.2678883,-0.596779256,CCCCCCCCCCCC#CCN(CCO)CCCCCCCCCCCCCCC,JL_2024,JL_2024,0
-2.6245515,-1.083308655,CCCCCCCCCCCCC#CCN(CCO)CCCCCCCCCCCCCCC,JL_2024,JL_2024,0
-2.6887991,2.15610697,CCCCCCCCCCCCCC#CCN(CCO)CCCCCCCCCCCCCCC,JL_2024,JL_2024,2
-2.8101757,-0.596779256,CCCCCCCCCCCCCCC#CCN(CCO)CCCCCCCCCCCCCCC,JL_2024,JL_2024,0
-3.1053522,2.277096668,CCCCCCCCCCCCCCCC#CCN(CCO)CCCCCCCCCCCCCCC,JL_2024,JL_2024,2
-3.5602071,1.147410391,CCCCCCCCCCCCCCCCC#CCN(CCO)CCCCCCCCCCCCCCC,JL_2024,JL_2024,1
-3.2498088,-0.596779256,CCCCCCCCCCCCCCCN(CC#CCCCOCCCCCCCCCCC)CCO,JL_2024,JL_2024,0
-3.5254967,-0.596779256,C=CCCCCCCCCOCCCC#CCN(CCO)CCCCCCCCCCCCCCC,JL_2024,JL_2024,0
-3.6160634,-1.083308655,CCCCCC/C=C\COCCCC#CCN(CCO)CCCCCCCCCCCCCCC,JL_2024,JL_2024,0
-2.9843912,-1.083308655,CCCCCCCCCCCCCCCN(CC#CCCCOCC(CCCCCCCCCC)CCCCCCCCCCCC)CCO,JL_2024,JL_2024,0
-3.381253,0.282552045,CCCCCCCCCCCCCCCN(CC#CCCCCC(=O)OCCCCCCCCCCCC)CCO,JL_2024,JL_2024,1
-3.5750504,-0.312177803,C=CCCCCCCCCOC(=O)CCCCC#CCN(CCO)CCCCCCCCCCCCCCC,JL_2024,JL_2024,1
-3.073744,-1.083308655,C=CCCCCCCCCCOC(=O)CCCCC#CCN(CCO)CCCCCCCCCCCCCCC,JL_2024,JL_2024,0
-3.210329,-1.083308655,CCCCC/C=C\COC(=O)CCCCC#CCN(CCO)CCCCCCCCCCCCCCC,JL_2024,JL_2024,0
-2.4333944,-0.596779256,CCCCCCCCCCCCCCCN(CC#CCCCCC(=O)OCC(CCCCCCCCCC)CCCCCCCCCCCC)CCO,JL_2024,JL_2024,0
-2.330772,-0.596779256,CCCCCCCCCCCCCCCN(CC#CCCCCC(=O)N(CCCCCCC)CCCCCCC)CCO,JL_2024,JL_2024,0
-2.5632463,1.255610841,CCCCCCCCCCCCCCCN(CC#CCCCCC(=O)N(CCCCCCCC)CCCCCCCC)CCO,JL_2024,JL_2024,1
-2.7367914,0.282552045,CCCCCCCCCCCCCCCN(CC#CCCCCC(=O)N(CCCCCCCCCCC)CCCCCCCCCCC)CCO,JL_2024,JL_2024,1
-3.114196,0.376279539,CCCCCCCCCCCCCCCN(CC#CCCCCC(=O)N(CCCCCCCCCCCC)CCCCCCCCCCCC)CCO,JL_2024,JL_2024,1
-2.5154414,0.660880992,CCCCCCCCCCCCCCCN(CC#CCCCC(=O)N(CCCCCCCC)CCCCCCCC)CCO,JL_2024,JL_2024,1
-3.0845716,0.282552045,CCCCCCCCCCC#CCN(CCO)CCCCCCCCCCCCCCCC,JL_2024,JL_2024,1
-2.671488,-1.083308655,CCCCCCCCCCCC#CCN(CCO)CCCCCCCCCCCCCCCC,JL_2024,JL_2024,0
-2.7204692,-0.596779256,CCCCCCCCCCCCC#CCN(CCO)CCCCCCCCCCCCCCCC,JL_2024,JL_2024,0
-2.6884005,1.230083899,CCCCCCCCCCCCCC#CCN(CCO)CCCCCCCCCCCCCCCC,JL_2024,JL_2024,1
-3.0858595,-1.083308655,CCCCCCCCCCCCCCC#CCN(CCO)CCCCCCCCCCCCCCCC,JL_2024,JL_2024,0
-3.6076648,0.717064053,CCCCCCCCCCCCCCCC#CCN(CCO)CCCCCCCCCCCCCCCC,JL_2024,JL_2024,1
-3.486396,-0.596779256,CCCCCCCCCCCCCCCCC#CCN(CCO)CCCCCCCCCCCCCCCC,JL_2024,JL_2024,0
-2.9005945,-1.083308655,CCCCCCCCCCCCCCCCN(CC#CCCCOCCCCCCCCCCC)CCO,JL_2024,JL_2024,0
-3.5006752,-0.596779256,C=CCCCCCCCCOCCCC#CCN(CCO)CCCCCCCCCCCCCCCC,JL_2024,JL_2024,0
-3.5049899,-0.596779256,CCCCCC/C=C\COCCCC#CCN(CCO)CCCCCCCCCCCCCCCC,JL_2024,JL_2024,0
-3.0611835,-0.596779256,CCCCCCCCCCCCCCCCN(CC#CCCCOCC(CCCCCCCCCC)CCCCCCCCCCCC)CCO,JL_2024,JL_2024,0
-3.3982086,-0.312177803,CCCCCCCCCCCCCCCCN(CC#CCCCCC(=O)OCCCCCCCCCCCC)CCO,JL_2024,JL_2024,1
-3.1847467,0.599806528,C=CCCCCCCCCOC(=O)CCCCC#CCN(CCO)CCCCCCCCCCCCCCCC,JL_2024,JL_2024,1
-2.5591033,-0.312177803,C=CCCCCCCCCCOC(=O)CCCCC#CCN(CCO)CCCCCCCCCCCCCCCC,JL_2024,JL_2024,1
-3.2134237,-0.596779256,CCCCC/C=C\COC(=O)CCCCC#CCN(CCO)CCCCCCCCCCCCCCCC,JL_2024,JL_2024,0
-2.7180696,-1.083308655,CCCCCCCCCCCCCCCCN(CC#CCCCCC(=O)OCC(CCCCCCCCCC)CCCCCCCCCCCC)CCO,JL_2024,JL_2024,0
-2.1888366,-0.312177803,CCCCCCCCCCCCCCCCN(CC#CCCCCC(=O)N(CCCCCCC)CCCCCCC)CCO,JL_2024,JL_2024,1
-2.5101929,1.947194754,CCCCCCCCCCCCCCCCN(CC#CCCCCC(=O)N(CCCCCCCC)CCCCCCCC)CCO,JL_2024,JL_2024,2
-2.6802022,0.532907021,CCCCCCCCCCCCCCCCN(CC#CCCCCC(=O)N(CCCCCCCCCCC)CCCCCCCCCCC)CCO,JL_2024,JL_2024,1
-3.2743123,-0.312177803,CCCCCCCCCCCCCCCCN(CC#CCCCCC(=O)N(CCCCCCCCCCCC)CCCCCCCCCCCC)CCO,JL_2024,JL_2024,1
-2.560566,1.304037873,CCCCCCCCCCCCCCCCN(CC#CCCCC(=O)N(CCCCCCCC)CCCCCCCC)CCO,JL_2024,JL_2024,1
-2.6983373,1.147410391,CCCCCCCCCCC#CCN(CCO)CCCCCCCCCCCCCCCCC,JL_2024,JL_2024,1
-2.694215,-1.083308655,CCCCCCCCCCCC#CCN(CCO)CCCCCCCCCCCCCCCCC,JL_2024,JL_2024,0
-2.4833539,-0.596779256,CCCCCCCCCCCCC#CCN(CCO)CCCCCCCCCCCCCCCCC,JL_2024,JL_2024,0
-2.849559,0.532907021,CCCCCCCCCCCCCC#CCN(CCO)CCCCCCCCCCCCCCCCC,JL_2024,JL_2024,1
-3.5448062,-1.083308655,CCCCCCCCCCCCCCC#CCN(CCO)CCCCCCCCCCCCCCCCC,JL_2024,JL_2024,0
-3.6203394,-0.312177803,CCCCCCCCCCCCCCCC#CCN(CCO)CCCCCCCCCCCCCCCCC,JL_2024,JL_2024,1
-3.5633414,-0.596779256,CCCCCCCCCCCCCCCCC#CCN(CCO)CCCCCCCCCCCCCCCCC,JL_2024,JL_2024,0
-3.087925,-0.596779256,CCCCCCCCCCCCCCCCCN(CC#CCCCOCCCCCCCCCCC)CCO,JL_2024,JL_2024,0
-3.3162549,-0.596779256,C=CCCCCCCCCOCCCC#CCN(CCO)CCCCCCCCCCCCCCCCC,JL_2024,JL_2024,0
-3.3232112,0.376279539,CCCCCC/C=C\COCCCC#CCN(CCO)CCCCCCCCCCCCCCCCC,JL_2024,JL_2024,1
-3.059682,-0.596779256,CCCCCCCCCCCCCCCCCN(CC#CCCCOCC(CCCCCCCCCC)CCCCCCCCCCCC)CCO,JL_2024,JL_2024,0
-3.1178305,0.717064053,CCCCCCCCCCCCCCCCCN(CC#CCCCCC(=O)OCCCCCCCCCCCC)CCO,JL_2024,JL_2024,1
-2.6713946,1.937772953,C=CCCCCCCCCOC(=O)CCCCC#CCN(CCO)CCCCCCCCCCCCCCCCC,JL_2024,JL_2024,2
-2.5323288,-0.596779256,C=CCCCCCCCCCOC(=O)CCCCC#CCN(CCO)CCCCCCCCCCCCCCCCC,JL_2024,JL_2024,0
-2.609532,0.282552045,CCCCC/C=C\COC(=O)CCCCC#CCN(CCO)CCCCCCCCCCCCCCCCC,JL_2024,JL_2024,1
-3.2158494,-1.083308655,CCCCCCCCCCCCCCCCCN(CC#CCCCCC(=O)OCC(CCCCCCCCCC)CCCCCCCCCCCC)CCO,JL_2024,JL_2024,0
-2.303174,1.469962359,CCCCCCCCCCCCCCCCCN(CC#CCCCCC(=O)N(CCCCCCC)CCCCCCC)CCO,JL_2024,JL_2024,2
-2.4560623,1.304037873,CCCCCCCCCCCCCCCCCN(CC#CCCCCC(=O)N(CCCCCCCC)CCCCCCCC)CCO,JL_2024,JL_2024,1
-2.9800465,-0.312177803,CCCCCCCCCCCCCCCCCN(CC#CCCCCC(=O)N(CCCCCCCCCCC)CCCCCCCCCCC)CCO,JL_2024,JL_2024,1
-3.164278,-0.312177803,CCCCCCCCCCCCCCCCCN(CC#CCCCCC(=O)N(CCCCCCCCCCCC)CCCCCCCCCCCC)CCO,JL_2024,JL_2024,1
-2.5029576,0.862808938,CCCCCCCCCCCCCCCCCN(CC#CCCCC(=O)N(CCCCCCCC)CCCCCCCC)CCO,JL_2024,JL_2024,1
-2.558872,0.817508475,CCCCCCCCCCC#CCN(CCO)CCCCCCCCCCCCCCCCCC,JL_2024,JL_2024,1
-2.4590757,-0.596779256,CCCCCCCCCCCC#CCN(CCO)CCCCCCCCCCCCCCCCCC,JL_2024,JL_2024,0
-2.9096098,-0.596779256,CCCCCCCCCCCCC#CCN(CCO)CCCCCCCCCCCCCCCCCC,JL_2024,JL_2024,0
-3.2721224,-0.312177803,CCCCCCCCCCCCCC#CCN(CCO)CCCCCCCCCCCCCCCCCC,JL_2024,JL_2024,1
-3.6108649,-0.596779256,CCCCCCCCCCCCCCC#CCN(CCO)CCCCCCCCCCCCCCCCCC,JL_2024,JL_2024,0
-3.4999511,-0.312177803,CCCCCCCCCCCCCCCC#CCN(CCO)CCCCCCCCCCCCCCCCCC,JL_2024,JL_2024,1
-3.591428,-0.596779256,CCCCCCCCCCCCCCCCC#CCN(CCO)CCCCCCCCCCCCCCCCCC,JL_2024,JL_2024,0
-3.104995,-0.596779256,CCCCCCCCCCCCCCCCCCN(CC#CCCCOCCCCCCCCCCC)CCO,JL_2024,JL_2024,0
-3.1861632,-0.596779256,C=CCCCCCCCCOCCCC#CCN(CCO)CCCCCCCCCCCCCCCCCC,JL_2024,JL_2024,0
-2.9035249,-0.596779256,CCCCCC/C=C\COCCCC#CCN(CCO)CCCCCCCCCCCCCCCCCC,JL_2024,JL_2024,0
-3.0710402,-0.596779256,CCCCCCCCCCCCCCCCCCN(CC#CCCCOCC(CCCCCCCCCC)CCCCCCCCCCCC)CCO,JL_2024,JL_2024,0
-3.2393408,-0.596779256,CCCCCCCCCCCCCCCCCCN(CC#CCCCCC(=O)OCCCCCCCCCCCC)CCO,JL_2024,JL_2024,0
-2.7837956,1.662593299,C=CCCCCCCCCOC(=O)CCCCC#CCN(CCO)CCCCCCCCCCCCCCCCCC,JL_2024,JL_2024,2
-2.7899716,0.769081444,C=CCCCCCCCCCOC(=O)CCCCC#CCN(CCO)CCCCCCCCCCCCCCCCCC,JL_2024,JL_2024,1
-2.3990345,-0.596779256,CCCCC/C=C\COC(=O)CCCCC#CCN(CCO)CCCCCCCCCCCCCCCCCC,JL_2024,JL_2024,0
-3.0494754,-0.596779256,CCCCCCCCCCCCCCCCCCN(CC#CCCCCC(=O)OCC(CCCCCCCCCC)CCCCCCCCCCCC)CCO,JL_2024,JL_2024,0
-2.5001655,1.469962359,CCCCCCCCCCCCCCCCCCN(CC#CCCCCC(=O)N(CCCCCCC)CCCCCCC)CCO,JL_2024,JL_2024,2
-2.6656585,1.729492807,CCCCCCCCCCCCCCCCCCN(CC#CCCCCC(=O)N(CCCCCCCC)CCCCCCCC)CCO,JL_2024,JL_2024,2
-3.1965864,0.862808938,CCCCCCCCCCCCCCCCCCN(CC#CCCCCC(=O)N(CCCCCCCCCCC)CCCCCCCCCCC)CCO,JL_2024,JL_2024,1
-3.1867607,-0.596779256,CCCCCCCCCCCCCCCCCCN(CC#CCCCCC(=O)N(CCCCCCCCCCCC)CCCCCCCCCCCC)CCO,JL_2024,JL_2024,0
-2.3528538,0.376279539,CCCCCCCCCCCCCCCCCCN(CC#CCCCC(=O)N(CCCCCCCC)CCCCCCCC)CCO,JL_2024,JL_2024,1
-3.3311672,0.817508475,CCCCCCCCCCC#CCN(CCO)CCCCCCCCCCCCCCCCCCCCCC,JL_2024,JL_2024,1
-3.4583595,1.505965817,CCCCCCCCCCCC#CCN(CCO)CCCCCCCCCCCCCCCCCCCCCC,JL_2024,JL_2024,2
-3.5406063,0.862808938,CCCCCCCCCCCCC#CCN(CCO)CCCCCCCCCCCCCCCCCCCCCC,JL_2024,JL_2024,1
-3.5439208,-0.596779256,CCCCCCCCCCCCCC#CCN(CCO)CCCCCCCCCCCCCCCCCCCCCC,JL_2024,JL_2024,0
-3.6105268,-1.083308655,CCCCCCCCCCCCCCC#CCN(CCO)CCCCCCCCCCCCCCCCCCCCCC,JL_2024,JL_2024,0
-3.7598307,2.414752359,CCCCCCCCCCCCCCCC#CCN(CCO)CCCCCCCCCCCCCCCCCCCCCC,JL_2024,JL_2024,2
-3.6547606,-0.596779256,CCCCCCCCCCCCCCCCC#CCN(CCO)CCCCCCCCCCCCCCCCCCCCCC,JL_2024,JL_2024,0
-3.6664643,1.280241914,CCCCCCCCCCCCCCCCCCCCCCN(CC#CCCCOCCCCCCCCCCC)CCO,JL_2024,JL_2024,1
-3.2552571,-0.596779256,C=CCCCCCCCCOCCCC#CCN(CCO)CCCCCCCCCCCCCCCCCCCCCC,JL_2024,JL_2024,0
-2.73867,-1.083308655,CCCCCC/C=C\COCCCC#CCN(CCO)CCCCCCCCCCCCCCCCCCCCCC,JL_2024,JL_2024,0
-3.3643594,-1.083308655,CCCCCCCCCCCCCCCCCCCCCCN(CC#CCCCOCC(CCCCCCCCCC)CCCCCCCCCCCC)CCO,JL_2024,JL_2024,0
-3.6914687,0.282552045,CCCCCCCCCCCCCCCCCCCCCCN(CC#CCCCCC(=O)OCCCCCCCCCCCC)CCO,JL_2024,JL_2024,1
-3.0465786,-1.083308655,C=CCCCCCCCCOC(=O)CCCCC#CCN(CCO)CCCCCCCCCCCCCCCCCCCCCC,JL_2024,JL_2024,0
-3.1517553,0.282552045,C=CCCCCCCCCCOC(=O)CCCCC#CCN(CCO)CCCCCCCCCCCCCCCCCCCCCC,JL_2024,JL_2024,1
-2.1103833,-1.083308655,CCCCC/C=C\COC(=O)CCCCC#CCN(CCO)CCCCCCCCCCCCCCCCCCCCCC,JL_2024,JL_2024,0
-3.4444642,-1.083308655,CCCCCCCCCCCCCCCCCCCCCCN(CC#CCCCCC(=O)OCC(CCCCCCCCCC)CCCCCCCCCCCC)CCO,JL_2024,JL_2024,0
-2.797244,1.451243555,CCCCCCCCCCCCCCCCCCCCCCN(CC#CCCCCC(=O)N(CCCCCCC)CCCCCCC)CCO,JL_2024,JL_2024,1
-2.8367858,0.282552045,CCCCCCCCCCCCCCCCCCCCCCN(CC#CCCCCC(=O)N(CCCCCCCC)CCCCCCCC)CCO,JL_2024,JL_2024,1
-3.0549026,0.717064053,CCCCCCCCCCCCCCCCCCCCCCN(CC#CCCCCC(=O)N(CCCCCCCCCCC)CCCCCCCCCCC)CCO,JL_2024,JL_2024,1
-3.1816185,-0.596779256,CCCCCCCCCCCCCCCCCCCCCCN(CC#CCCCCC(=O)N(CCCCCCCCCCCC)CCCCCCCCCCCC)CCO,JL_2024,JL_2024,0
-2.4133692,0.532907021,CCCCCCCCCCCCCCCCCCCCCCN(CC#CCCCC(=O)N(CCCCCCCC)CCCCCCCC)CCO,JL_2024,JL_2024,1
-2.5146768,0.817508475,C=CCCCCCCCCCCCCCCCCN(CC#CCCCCCCCCCC)CCO,JL_2024,JL_2024,1
-2.5777366,1.304037873,C=CCCCCCCCCCCCCCCCCN(CC#CCCCCCCCCCCC)CCO,JL_2024,JL_2024,1
-2.9462495,1.824813749,C=CCCCCCCCCCCCCCCCCN(CC#CCCCCCCCCCCCC)CCO,JL_2024,JL_2024,2
-2.8428617,0.532907021,C=CCCCCCCCCCCCCCCCCN(CC#CCCCCCCCCCCCCC)CCO,JL_2024,JL_2024,1
-3.019308,0.717064053,C=CCCCCCCCCCCCCCCCCN(CC#CCCCCCCCCCCCCCC)CCO,JL_2024,JL_2024,1
-3.1969008,0.717064053,C=CCCCCCCCCCCCCCCCCN(CC#CCCCCCCCCCCCCCCC)CCO,JL_2024,JL_2024,1
-3.3408449,-0.596779256,C=CCCCCCCCCCCCCCCCCN(CC#CCCCCCCCCCCCCCCCC)CCO,JL_2024,JL_2024,0
-2.937567,-0.596779256,C=CCCCCCCCCCCCCCCCCN(CC#CCCCOCCCCCCCCCCC)CCO,JL_2024,JL_2024,0
-2.4431741,-0.596779256,C=CCCCCCCCCCCCCCCCCN(CC#CCCCOCCCCCCCCC=C)CCO,JL_2024,JL_2024,0
-2.725508,1.370937379,C=CCCCCCCCCCCCCCCCCN(CC#CCCCOC/C=C\CCCCCC)CCO,JL_2024,JL_2024,1
-3.1491904,-0.596779256,C=CCCCCCCCCCCCCCCCCN(CC#CCCCOCC(CCCCCCCCCC)CCCCCCCCCCCC)CCO,JL_2024,JL_2024,0
-2.6384113,1.304037873,C=CCCCCCCCCCCCCCCCCN(CC#CCCCCC(=O)OCCCCCCCCCCCC)CCO,JL_2024,JL_2024,1
-2.5769486,0.376279539,C=CCCCCCCCCCCCCCCCCN(CC#CCCCCC(=O)OCCCCCCCCC=C)CCO,JL_2024,JL_2024,1
-2.9763107,-0.312177803,C=CCCCCCCCCCCCCCCCCN(CC#CCCCCC(=O)OCCCCCCCCCC=C)CCO,JL_2024,JL_2024,1
-3.8597996,1.230083899,C=CCCCCCCCCCCCCCCCCN(CC#CCCCCC(=O)OC/C=C\CCCCC)CCO,JL_2024,JL_2024,1
-2.8245337,-1.083308655,C=CCCCCCCCCCCCCCCCCN(CC#CCCCCC(=O)OCC(CCCCCCCCCC)CCCCCCCCCCCC)CCO,JL_2024,JL_2024,0
-2.7407277,1.868022067,C=CCCCCCCCCCCCCCCCCN(CC#CCCCCC(=O)N(CCCCCCC)CCCCCCC)CCO,JL_2024,JL_2024,2
-2.545914,1.604066619,C=CCCCCCCCCCCCCCCCCN(CC#CCCCCC(=O)N(CCCCCCCC)CCCCCCCC)CCO,JL_2024,JL_2024,2
-2.7974494,0.945482446,C=CCCCCCCCCCCCCCCCCN(CC#CCCCCC(=O)N(CCCCCCCCCCC)CCCCCCCCCCC)CCO,JL_2024,JL_2024,1
-3.0692308,-0.596779256,C=CCCCCCCCCCCCCCCCCN(CC#CCCCCC(=O)N(CCCCCCCCCCCC)CCCCCCCCCCCC)CCO,JL_2024,JL_2024,0
-2.7063253,-0.596779256,C=CCCCCCCCCCCCCCCCCN(CC#CCCCC(=O)N(CCCCCCCC)CCCCCCCC)CCO,JL_2024,JL_2024,0
-3.66247,-0.596779256,CCCCCCCCCCC#CCN(CCO)CC(CCCCCC)CCCCCCCC,JL_2024,JL_2024,0
-3.3897393,0.660880992,CCCCCCCCCCCC#CCN(CCO)CC(CCCCCC)CCCCCCCC,JL_2024,JL_2024,1
-3.233407,-0.596779256,CCCCCCCCCCCCC#CCN(CCO)CC(CCCCCC)CCCCCCCC,JL_2024,JL_2024,0
-3.155598,-0.596779256,CCCCCCCCCCCCCC#CCN(CCO)CC(CCCCCC)CCCCCCCC,JL_2024,JL_2024,0
-3.1275468,0.376279539,CCCCCCCCCCCCCCC#CCN(CCO)CC(CCCCCC)CCCCCCCC,JL_2024,JL_2024,1
-3.060584,-0.312177803,CCCCCCCCCCCCCCCC#CCN(CCO)CC(CCCCCC)CCCCCCCC,JL_2024,JL_2024,1
-3.03149,0.769081444,CCCCCCCCCCCCCCCCC#CCN(CCO)CC(CCCCCC)CCCCCCCC,JL_2024,JL_2024,1
-3.1138432,-1.083308655,CCCCCCCCCCCOCCCC#CCN(CCO)CC(CCCCCC)CCCCCCCC,JL_2024,JL_2024,0
-3.171008,-1.083308655,C=CCCCCCCCCOCCCC#CCN(CCO)CC(CCCCCC)CCCCCCCC,JL_2024,JL_2024,0
-3.554171,-0.312177803,CCCCCC/C=C\COCCCC#CCN(CCO)CC(CCCCCC)CCCCCCCC,JL_2024,JL_2024,1
-2.273859,-0.596779256,CCCCCCCCCCCCC(CCCCCCCCCC)COCCCC#CCN(CCO)CC(CCCCCC)CCCCCCCC,JL_2024,JL_2024,0
-2.6660821,-1.083308655,CCCCCCCCCCCCOC(=O)CCCCC#CCN(CCO)CC(CCCCCC)CCCCCCCC,JL_2024,JL_2024,0
-3.542723,-1.083308655,C=CCCCCCCCCOC(=O)CCCCC#CCN(CCO)CC(CCCCCC)CCCCCCCC,JL_2024,JL_2024,0
-2.857937,-1.083308655,C=CCCCCCCCCCOC(=O)CCCCC#CCN(CCO)CC(CCCCCC)CCCCCCCC,JL_2024,JL_2024,0
-3.073285,-1.083308655,CCCCC/C=C\COC(=O)CCCCC#CCN(CCO)CC(CCCCCC)CCCCCCCC,JL_2024,JL_2024,0
-2.121646,-0.596779256,CCCCCCCCCCCCC(CCCCCCCCCC)COC(=O)CCCCC#CCN(CCO)CC(CCCCCC)CCCCCCCC,JL_2024,JL_2024,0
-2.3097465,-0.596779256,CCCCCCCCC(CCCCCC)CN(CC#CCCCCC(=O)N(CCCCCCC)CCCCCCC)CCO,JL_2024,JL_2024,0
-2.136654,-0.596779256,CCCCCCCCC(CCCCCC)CN(CC#CCCCCC(=O)N(CCCCCCCC)CCCCCCCC)CCO,JL_2024,JL_2024,0
-2.2149215,-0.596779256,CCCCCCCCCCCN(CCCCCCCCCCC)C(=O)CCCCC#CCN(CCO)CC(CCCCCC)CCCCCCCC,JL_2024,JL_2024,0
-1.8277422,-0.596779256,CCCCCCCCCCCCN(CCCCCCCCCCCC)C(=O)CCCCC#CCN(CCO)CC(CCCCCC)CCCCCCCC,JL_2024,JL_2024,0
-2.4390938,-1.083308655,CCCCCCCCC(CCCCCC)CN(CC#CCCCC(=O)N(CCCCCCCC)CCCCCCCC)CCO,JL_2024,JL_2024,0
-2.2098901,1.588639326,CCCCCCCC/C=C\CCCCCCCCN(CC#CCCCCCCCCCC)CCO,JL_2024,JL_2024,2
-2.378729,3.593634467,CCCCCCCC/C=C\CCCCCCCCN(CC#CCCCCCCCCCCC)CCO,JL_2024,JL_2024,3
-2.4768972,1.908724109,CCCCCCCC/C=C\CCCCCCCCN(CC#CCCCCCCCCCCCC)CCO,JL_2024,JL_2024,2
-2.9557784,3.629458615,CCCCCCCC/C=C\CCCCCCCCN(CC#CCCCCCCCCCCCCC)CCO,JL_2024,JL_2024,3
-2.9365265,2.997708345,CCCCCCCC/C=C\CCCCCCCCN(CC#CCCCCCCCCCCCCCC)CCO,JL_2024,JL_2024,3
-2.88984,2.920253549,CCCCCCCC/C=C\CCCCCCCCN(CC#CCCCCCCCCCCCCCCC)CCO,JL_2024,JL_2024,3
-2.7849581,3.613084198,CCCCCCCC/C=C\CCCCCCCCN(CC#CCCCCCCCCCCCCCCCC)CCO,JL_2024,JL_2024,3
-3.07318,2.871826516,CCCCCCCC/C=C\CCCCCCCCN(CC#CCCCOCCCCCCCCCCC)CCO,JL_2024,JL_2024,3
-3.5998814,3.36707545,C=CCCCCCCCCOCCCC#CCN(CCO)CCCCCCCC/C=C\CCCCCCCC,JL_2024,JL_2024,3
-2.5044193,1.888668072,CCCCCC/C=C\COCCCC#CCN(CCO)CCCCCCCC/C=C\CCCCCCCC,JL_2024,JL_2024,2
-2.1802762,1.304037873,CCCCCCCC/C=C\CCCCCCCCN(CC#CCCCOCC(CCCCCCCCCC)CCCCCCCCCCCC)CCO,JL_2024,JL_2024,1
-1.8678858,2.792279578,CCCCCCCC/C=C\CCCCCCCCN(CC#CCCCCC(=O)OCCCCCCCCCCCC)CCO,JL_2024,JL_2024,3
-1.8803592,0.862808938,C=CCCCCCCCCOC(=O)CCCCC#CCN(CCO)CCCCCCCC/C=C\CCCCCCCC,JL_2024,JL_2024,1
-1.7890917,1.729492807,C=CCCCCCCCCCOC(=O)CCCCC#CCN(CCO)CCCCCCCC/C=C\CCCCCCCC,JL_2024,JL_2024,2
-2.333799,0.717064053,CCCCC/C=C\COC(=O)CCCCC#CCN(CCO)CCCCCCCC/C=C\CCCCCCCC,JL_2024,JL_2024,1
-1.551734,-0.596779256,CCCCCCCC/C=C\CCCCCCCCN(CC#CCCCCC(=O)OCC(CCCCCCCCCC)CCCCCCCCCCCC)CCO,JL_2024,JL_2024,0
-1.9247003,1.69012285,CCCCCCCC/C=C\CCCCCCCCN(CC#CCCCCC(=O)N(CCCCCCC)CCCCCCC)CCO,JL_2024,JL_2024,2
-1.4793336,1.888668072,CCCCCCCC/C=C\CCCCCCCCN(CC#CCCCCC(=O)N(CCCCCCCC)CCCCCCCC)CCO,JL_2024,JL_2024,2
-1.8144958,1.469962359,CCCCCCCC/C=C\CCCCCCCCN(CC#CCCCCC(=O)N(CCCCCCCCCCC)CCCCCCCCCCC)CCO,JL_2024,JL_2024,2
-2.2281547,1.633939788,CCCCCCCC/C=C\CCCCCCCCN(CC#CCCCCC(=O)N(CCCCCCCCCCCC)CCCCCCCCCCCC)CCO,JL_2024,JL_2024,2
-2.010361,0.532907021,CCCCCCCC/C=C\CCCCCCCCN(CC#CCCCC(=O)N(CCCCCCCC)CCCCCCCC)CCO,JL_2024,JL_2024,1
-2.2358205,1.053682897,CCCCCCCC/C=C/CCCCCCCCN(CC#CCCCCCCCCCC)CCO,JL_2024,JL_2024,1
-2.3393166,0.376279539,CCCCCCCC/C=C/CCCCCCCCN(CC#CCCCCCCCCCCC)CCO,JL_2024,JL_2024,1
-2.4305491,0.599806528,CCCCCCCC/C=C/CCCCCCCCN(CC#CCCCCCCCCCCCC)CCO,JL_2024,JL_2024,1
-2.9523466,0.905362182,CCCCCCCC/C=C/CCCCCCCCN(CC#CCCCCCCCCCCCCC)CCO,JL_2024,JL_2024,1
-2.8946745,1.451243555,CCCCCCCC/C=C/CCCCCCCCN(CC#CCCCCCCCCCCCCCC)CCO,JL_2024,JL_2024,1
-2.893174,1.451243555,CCCCCCCC/C=C/CCCCCCCCN(CC#CCCCCCCCCCCCCCCC)CCO,JL_2024,JL_2024,1
-2.7449095,2.43372415,CCCCCCCC/C=C/CCCCCCCCN(CC#CCCCCCCCCCCCCCCCC)CCO,JL_2024,JL_2024,2
-3.2396553,0.905362182,CCCCCCCC/C=C/CCCCCCCCN(CC#CCCCOCCCCCCCCCCC)CCO,JL_2024,JL_2024,1
-3.6694176,-0.596779256,C=CCCCCCCCCOCCCC#CCN(CCO)CCCCCCCC/C=C/CCCCCCCC,JL_2024,JL_2024,0
-2.414522,-1.083308655,CCCCCC/C=C\COCCCC#CCN(CCO)CCCCCCCC/C=C/CCCCCCCC,JL_2024,JL_2024,0
-2.1268106,-1.083308655,CCCCCCCC/C=C/CCCCCCCCN(CC#CCCCOCC(CCCCCCCCCC)CCCCCCCCCCCC)CCO,JL_2024,JL_2024,0
-1.9470963,0.817508475,CCCCCCCC/C=C/CCCCCCCCN(CC#CCCCCC(=O)OCCCCCCCCCCCC)CCO,JL_2024,JL_2024,1
-1.7110851,-1.083308655,C=CCCCCCCCCOC(=O)CCCCC#CCN(CCO)CCCCCCCC/C=C/CCCCCCCC,JL_2024,JL_2024,0
-2.4054713,-0.596779256,CCCCC/C=C\COC(=O)CCCCC#CCN(CCO)CCCCCCCC/C=C/CCCCCCCC,JL_2024,JL_2024,0
-1.471834,-1.083308655,CCCCCCCC/C=C/CCCCCCCCN(CC#CCCCCC(=O)OCC(CCCCCCCCCC)CCCCCCCCCCCC)CCO,JL_2024,JL_2024,0
-2.099538,-1.083308655,CCCCCCCC/C=C/CCCCCCCCN(CC#CCCCCC(=O)N(CCCCCCC)CCCCCCC)CCO,JL_2024,JL_2024,0
-1.8382115,-1.083308655,CCCCCCCC/C=C/CCCCCCCCN(CC#CCCCCC(=O)N(CCCCCCCCCCC)CCCCCCCCCCC)CCO,JL_2024,JL_2024,0
-2.0837352,-1.083308655,CCCCCCCC/C=C/CCCCCCCCN(CC#CCCCC(=O)N(CCCCCCCC)CCCCCCCC)CCO,JL_2024,JL_2024,0
-2.7529054,-0.596779256,CCCCC/C=C\C/C=C\CCCCCCCCN(CC#CCCCCCCCCCC)CCO,JL_2024,JL_2024,0
-2.1827028,-1.083308655,CCCCC/C=C\C/C=C\CCCCCCCCN(CC#CCCCCCCCCCCC)CCO,JL_2024,JL_2024,0
-2.5611095,0.282552045,CCCCC/C=C\C/C=C\CCCCCCCCN(CC#CCCCCCCCCCCCC)CCO,JL_2024,JL_2024,1
-2.4253929,-0.596779256,CCCCC/C=C\C/C=C\CCCCCCCCN(CC#CCCCCCCCCCCCCC)CCO,JL_2024,JL_2024,0
-2.340226,-1.083308655,CCCCC/C=C\C/C=C\CCCCCCCCN(CC#CCCCCCCCCCCCCCC)CCO,JL_2024,JL_2024,0
-2.492341,-1.083308655,CCCCC/C=C\C/C=C\CCCCCCCCN(CC#CCCCCCCCCCCCCCCC)CCO,JL_2024,JL_2024,0
-2.2404447,-1.083308655,CCCCC/C=C\C/C=C\CCCCCCCCN(CC#CCCCCCCCCCCCCCCCC)CCO,JL_2024,JL_2024,0
-2.7080343,-1.083308655,CCCCC/C=C\C/C=C\CCCCCCCCN(CC#CCCCOCCCCCCCCCCC)CCO,JL_2024,JL_2024,0
-3.5894387,-1.083308655,C=CCCCCCCCCOCCCC#CCN(CCO)CCCCCCCC/C=C\C/C=C\CCCCC,JL_2024,JL_2024,0
-3.002812,-1.083308655,CCCCC/C=C\C/C=C\CCCCCCCCN(CC#CCCCOC/C=C\CCCCCC)CCO,JL_2024,JL_2024,0
-2.1764286,-1.083308655,CCCCC/C=C\C/C=C\CCCCCCCCN(CC#CCCCOCC(CCCCCCCCCC)CCCCCCCCCCCC)CCO,JL_2024,JL_2024,0
-2.5379865,-0.596779256,CCCCC/C=C\C/C=C\CCCCCCCCN(CC#CCCCCC(=O)OCCCCCCCCCCCC)CCO,JL_2024,JL_2024,0
-2.4604788,-1.083308655,C=CCCCCCCCCOC(=O)CCCCC#CCN(CCO)CCCCCCCC/C=C\C/C=C\CCCCC,JL_2024,JL_2024,0
-3.454059,-1.083308655,CCCCC/C=C\C/C=C\CCCCCCCCN(CC#CCCCCC(=O)OC/C=C\CCCCC)CCO,JL_2024,JL_2024,0
-2.0955837,-1.083308655,CCCCC/C=C\C/C=C\CCCCCCCCN(CC#CCCCCC(=O)OCC(CCCCCCCCCC)CCCCCCCCCCCC)CCO,JL_2024,JL_2024,0
-2.4723992,0.769081444,CCCCC/C=C\C/C=C\CCCCCCCCN(CC#CCCCCC(=O)N(CCCCCCC)CCCCCCC)CCO,JL_2024,JL_2024,1
-2.2987795,-1.083308655,CCCCC/C=C\C/C=C\CCCCCCCCN(CC#CCCCCC(=O)N(CCCCCCCCCCC)CCCCCCCCCCC)CCO,JL_2024,JL_2024,0
-2.3846364,-1.083308655,CCCCC/C=C\C/C=C\CCCCCCCCN(CC#CCCCC(=O)N(CCCCCCCC)CCCCCCCC)CCO,JL_2024,JL_2024,0
-4.0934134,-0.596779256,CCCCCCCCCCC#CCN(CCCO)CCCCCCCCCCCC,JL_2024,JL_2024,0
-3.9579713,-1.083308655,CCCCCCCCCCCC#CCN(CCCO)CCCCCCCCCCCC,JL_2024,JL_2024,0
-3.6297047,-0.596779256,CCCCCCCCCCCCC#CCN(CCCO)CCCCCCCCCCCC,JL_2024,JL_2024,0
-3.811297,-0.596779256,CCCCCCCCCCCCCC#CCN(CCCO)CCCCCCCCCCCC,JL_2024,JL_2024,0
-3.5586333,-0.596779256,CCCCCCCCCCCCCCC#CCN(CCCO)CCCCCCCCCCCC,JL_2024,JL_2024,0
-3.3746567,0.282552045,CCCCCCCCCCCCCCCC#CCN(CCCO)CCCCCCCCCCCC,JL_2024,JL_2024,1
-3.4645004,-0.312177803,CCCCCCCCCCCCCCCCC#CCN(CCCO)CCCCCCCCCCCC,JL_2024,JL_2024,1
-3.8585136,1.304037873,CCCCCCCCCCCCN(CC#CCCCOCCCCCCCCCCC)CCCO,JL_2024,JL_2024,1
-3.7531583,-0.596779256,C=CCCCCCCCCOCCCC#CCN(CCCO)CCCCCCCCCCCC,JL_2024,JL_2024,0
-4.260922,-0.596779256,CCCCCC/C=C\COCCCC#CCN(CCCO)CCCCCCCCCCCC,JL_2024,JL_2024,0
-3.0820162,1.588639326,CCCCCCCCCCCCC(CCCCCCCCCC)COCCCC#CCN(CCCO)CCCCCCCCCCCC,JL_2024,JL_2024,2
-3.9074697,-0.596779256,CCCCCCCCCCCCOC(=O)CCCCC#CCN(CCCO)CCCCCCCCCCCC,JL_2024,JL_2024,0
-3.999755,-0.596779256,C=CCCCCCCCCOC(=O)CCCCC#CCN(CCCO)CCCCCCCCCCCC,JL_2024,JL_2024,0
-3.9894397,-1.083308655,C=CCCCCCCCCCOC(=O)CCCCC#CCN(CCCO)CCCCCCCCCCCC,JL_2024,JL_2024,0
-3.4217052,-0.596779256,CCCCC/C=C\COC(=O)CCCCC#CCN(CCCO)CCCCCCCCCCCC,JL_2024,JL_2024,0
-2.5671237,-0.596779256,CCCCCCCCCCCCC(CCCCCCCCCC)COC(=O)CCCCC#CCN(CCCO)CCCCCCCCCCCC,JL_2024,JL_2024,0
-2.315142,-0.596779256,CCCCCCCCCCCCN(CC#CCCCCC(=O)N(CCCCCCC)CCCCCCC)CCCO,JL_2024,JL_2024,0
-2.5593762,-0.596779256,CCCCCCCCCCCCN(CC#CCCCCC(=O)N(CCCCCCCC)CCCCCCCC)CCCO,JL_2024,JL_2024,0
-2.2780583,-0.596779256,CCCCCCCCCCCCN(CC#CCCCCC(=O)N(CCCCCCCCCCC)CCCCCCCCCCC)CCCO,JL_2024,JL_2024,0
-2.1928113,-0.596779256,CCCCCCCCCCCCN(CC#CCCCCC(=O)N(CCCCCCCCCCCC)CCCCCCCCCCCC)CCCO,JL_2024,JL_2024,0
-2.4249878,-0.596779256,CCCCCCCCCCCCN(CC#CCCCC(=O)N(CCCCCCCC)CCCCCCCC)CCCO,JL_2024,JL_2024,0
-3.981713,-1.083308655,CCCCCCCCCCC#CCN(CCCO)CCCCCCCCCCCCC,JL_2024,JL_2024,0
-3.5754735,-0.596779256,CCCCCCCCCCCC#CCN(CCCO)CCCCCCCCCCCCC,JL_2024,JL_2024,0
-3.7880752,-0.596779256,CCCCCCCCCCCCC#CCN(CCCO)CCCCCCCCCCCCC,JL_2024,JL_2024,0
-3.6882472,2.00121475,CCCCCCCCCCCCCC#CCN(CCCO)CCCCCCCCCCCCC,JL_2024,JL_2024,2
-3.283983,0.862808938,CCCCCCCCCCCCCCC#CCN(CCCO)CCCCCCCCCCCCC,JL_2024,JL_2024,1
-3.4699988,0.532907021,CCCCCCCCCCCCCCCC#CCN(CCCO)CCCCCCCCCCCCC,JL_2024,JL_2024,1
-3.492423,-0.596779256,CCCCCCCCCCCCCCCCC#CCN(CCCO)CCCCCCCCCCCCC,JL_2024,JL_2024,0
-3.8914955,0.862808938,CCCCCCCCCCCCCN(CC#CCCCOCCCCCCCCCCC)CCCO,JL_2024,JL_2024,1
-3.8147774,-0.312177803,C=CCCCCCCCCOCCCC#CCN(CCCO)CCCCCCCCCCCCC,JL_2024,JL_2024,1
-4.2300596,-0.596779256,CCCCCC/C=C\COCCCC#CCN(CCCO)CCCCCCCCCCCCC,JL_2024,JL_2024,0
-2.5844593,0.376279539,CCCCCCCCCCCCCN(CC#CCCCOCC(CCCCCCCCCC)CCCCCCCCCCCC)CCCO,JL_2024,JL_2024,1
-3.3686512,1.451243555,CCCCCCCCCCCCCN(CC#CCCCCC(=O)OCCCCCCCCCCCC)CCCO,JL_2024,JL_2024,1
-3.998577,-0.596779256,C=CCCCCCCCCOC(=O)CCCCC#CCN(CCCO)CCCCCCCCCCCCC,JL_2024,JL_2024,0
-3.5647683,-0.596779256,C=CCCCCCCCCCOC(=O)CCCCC#CCN(CCCO)CCCCCCCCCCCCC,JL_2024,JL_2024,0
-3.2142537,-0.596779256,CCCCC/C=C\COC(=O)CCCCC#CCN(CCCO)CCCCCCCCCCCCC,JL_2024,JL_2024,0
-1.8414087,-0.596779256,CCCCCCCCCCCCCN(CC#CCCCCC(=O)OCC(CCCCCCCCCC)CCCCCCCCCCCC)CCCO,JL_2024,JL_2024,0
-2.5074904,0.376279539,CCCCCCCCCCCCCN(CC#CCCCCC(=O)N(CCCCCCC)CCCCCCC)CCCO,JL_2024,JL_2024,1
-2.3625407,-0.312177803,CCCCCCCCCCCCCN(CC#CCCCCC(=O)N(CCCCCCCC)CCCCCCCC)CCCO,JL_2024,JL_2024,1
-2.5258768,0.717064053,CCCCCCCCCCCCCN(CC#CCCCCC(=O)N(CCCCCCCCCCC)CCCCCCCCCCC)CCCO,JL_2024,JL_2024,1
-2.349545,-0.596779256,CCCCCCCCCCCCCN(CC#CCCCCC(=O)N(CCCCCCCCCCCC)CCCCCCCCCCCC)CCCO,JL_2024,JL_2024,0
-2.5922985,-0.596779256,CCCCCCCCCCCCCN(CC#CCCCC(=O)N(CCCCCCCC)CCCCCCCC)CCCO,JL_2024,JL_2024,0
-3.519131,-0.596779256,CCCCCCCCCCC#CCN(CCCO)CCCCCCCCCCCCCC,JL_2024,JL_2024,0
-3.6960642,-0.312177803,CCCCCCCCCCCC#CCN(CCCO)CCCCCCCCCCCCCC,JL_2024,JL_2024,1
-3.5397851,-0.596779256,CCCCCCCCCCCCC#CCN(CCCO)CCCCCCCCCCCCCC,JL_2024,JL_2024,0
-3.53027,0.532907021,CCCCCCCCCCCCCC#CCN(CCCO)CCCCCCCCCCCCCC,JL_2024,JL_2024,1
-3.439409,1.451243555,CCCCCCCCCCCCCCC#CCN(CCCO)CCCCCCCCCCCCCC,JL_2024,JL_2024,1
-3.4367201,-0.596779256,CCCCCCCCCCCCCCCC#CCN(CCCO)CCCCCCCCCCCCCC,JL_2024,JL_2024,0
-3.7905958,-0.596779256,CCCCCCCCCCCCCCCCC#CCN(CCCO)CCCCCCCCCCCCCC,JL_2024,JL_2024,0
-3.7387254,0.532907021,CCCCCCCCCCCCCCN(CC#CCCCOCCCCCCCCCCC)CCCO,JL_2024,JL_2024,1
-3.7039578,-0.312177803,C=CCCCCCCCCOCCCC#CCN(CCCO)CCCCCCCCCCCCCC,JL_2024,JL_2024,1
-3.5845706,0.599806528,CCCCCC/C=C\COCCCC#CCN(CCCO)CCCCCCCCCCCCCC,JL_2024,JL_2024,1
-2.4396687,0.532907021,CCCCCCCCCCCCCCN(CC#CCCCOCC(CCCCCCCCCC)CCCCCCCCCCCC)CCCO,JL_2024,JL_2024,1
-3.447351,-0.312177803,CCCCCCCCCCCCCCN(CC#CCCCCC(=O)OCCCCCCCCCCCC)CCCO,JL_2024,JL_2024,1
-3.7178936,-0.596779256,C=CCCCCCCCCOC(=O)CCCCC#CCN(CCCO)CCCCCCCCCCCCCC,JL_2024,JL_2024,0
-3.5390375,0.376279539,C=CCCCCCCCCCOC(=O)CCCCC#CCN(CCCO)CCCCCCCCCCCCCC,JL_2024,JL_2024,1
-3.6965506,-0.596779256,CCCCC/C=C\COC(=O)CCCCC#CCN(CCCO)CCCCCCCCCCCCCC,JL_2024,JL_2024,0
-1.8242409,-0.596779256,CCCCCCCCCCCCCCN(CC#CCCCCC(=O)OCC(CCCCCCCCCC)CCCCCCCCCCCC)CCCO,JL_2024,JL_2024,0
-2.1514246,-0.596779256,CCCCCCCCCCCCCCN(CC#CCCCCC(=O)N(CCCCCCC)CCCCCCC)CCCO,JL_2024,JL_2024,0
-2.3716822,-0.312177803,CCCCCCCCCCCCCCN(CC#CCCCCC(=O)N(CCCCCCCC)CCCCCCCC)CCCO,JL_2024,JL_2024,1
-2.1257749,1.69012285,CCCCCCCCCCCCCCN(CC#CCCCCC(=O)N(CCCCCCCCCCC)CCCCCCCCCCC)CCCO,JL_2024,JL_2024,2
-2.4232016,0.817508475,CCCCCCCCCCCCCCN(CC#CCCCCC(=O)N(CCCCCCCCCCCC)CCCCCCCCCCCC)CCCO,JL_2024,JL_2024,1
-2.4457817,-0.596779256,CCCCCCCCCCCCCCN(CC#CCCCC(=O)N(CCCCCCCC)CCCCCCCC)CCCO,JL_2024,JL_2024,0
-3.8193471,0.376279539,CCCCCCCCCCC#CCN(CCCO)CCCCCCCCCCCCCCC,JL_2024,JL_2024,1
-3.6234903,0.599806528,CCCCCCCCCCCC#CCN(CCCO)CCCCCCCCCCCCCCC,JL_2024,JL_2024,1
-3.445405,-0.596779256,CCCCCCCCCCCCC#CCN(CCCO)CCCCCCCCCCCCCCC,JL_2024,JL_2024,0
-3.4223726,0.282552045,CCCCCCCCCCCCCC#CCN(CCCO)CCCCCCCCCCCCCCC,JL_2024,JL_2024,1
-3.3925934,0.862808938,CCCCCCCCCCCCCCC#CCN(CCCO)CCCCCCCCCCCCCCC,JL_2024,JL_2024,1
-3.846054,-0.596779256,CCCCCCCCCCCCCCCC#CCN(CCCO)CCCCCCCCCCCCCCC,JL_2024,JL_2024,0
-3.8488848,-0.596779256,CCCCCCCCCCCCCCCCC#CCN(CCCO)CCCCCCCCCCCCCCC,JL_2024,JL_2024,0
-3.696652,-0.596779256,CCCCCCCCCCCCCCCN(CC#CCCCOCCCCCCCCCCC)CCCO,JL_2024,JL_2024,0
-3.9000204,-0.596779256,C=CCCCCCCCCOCCCC#CCN(CCCO)CCCCCCCCCCCCCCC,JL_2024,JL_2024,0
-3.736099,0.376279539,CCCCCC/C=C\COCCCC#CCN(CCCO)CCCCCCCCCCCCCCC,JL_2024,JL_2024,1
-2.5716558,-0.312177803,CCCCCCCCCCCCCCCN(CC#CCCCOCC(CCCCCCCCCC)CCCCCCCCCCCC)CCCO,JL_2024,JL_2024,1
-3.502472,1.230083899,CCCCCCCCCCCCCCCN(CC#CCCCCC(=O)OCCCCCCCCCCCC)CCCO,JL_2024,JL_2024,1
-3.6076694,0.905362182,C=CCCCCCCCCOC(=O)CCCCC#CCN(CCCO)CCCCCCCCCCCCCCC,JL_2024,JL_2024,1
-2.8860135,-0.596779256,C=CCCCCCCCCCOC(=O)CCCCC#CCN(CCCO)CCCCCCCCCCCCCCC,JL_2024,JL_2024,0
-3.5660093,0.717064053,CCCCC/C=C\COC(=O)CCCCC#CCN(CCCO)CCCCCCCCCCCCCCC,JL_2024,JL_2024,1
-1.9621106,-0.596779256,CCCCCCCCCCCCCCCN(CC#CCCCCC(=O)OCC(CCCCCCCCCC)CCCCCCCCCCCC)CCCO,JL_2024,JL_2024,0
-2.5470068,-0.596779256,CCCCCCCCCCCCCCCN(CC#CCCCCC(=O)N(CCCCCCC)CCCCCCC)CCCO,JL_2024,JL_2024,0
-2.7969315,0.532907021,CCCCCCCCCCCCCCCN(CC#CCCCCC(=O)N(CCCCCCCC)CCCCCCCC)CCCO,JL_2024,JL_2024,1
-2.4763782,0.599806528,CCCCCCCCCCCCCCCN(CC#CCCCCC(=O)N(CCCCCCCCCCC)CCCCCCCCCCC)CCCO,JL_2024,JL_2024,1
-2.529986,0.532907021,CCCCCCCCCCCCCCCN(CC#CCCCCC(=O)N(CCCCCCCCCCCC)CCCCCCCCCCCC)CCCO,JL_2024,JL_2024,1
-2.723783,0.282552045,CCCCCCCCCCCCCCCN(CC#CCCCC(=O)N(CCCCCCCC)CCCCCCCC)CCCO,JL_2024,JL_2024,1
-3.6507,-0.596779256,CCCCCCCCCCC#CCN(CCCO)CCCCCCCCCCCCCCCC,JL_2024,JL_2024,0
-3.3766446,0.282552045,CCCCCCCCCCCC#CCN(CCCO)CCCCCCCCCCCCCCCC,JL_2024,JL_2024,1
-3.3912556,-0.312177803,CCCCCCCCCCCCC#CCN(CCCO)CCCCCCCCCCCCCCCC,JL_2024,JL_2024,1
-3.397824,-0.596779256,CCCCCCCCCCCCCC#CCN(CCCO)CCCCCCCCCCCCCCCC,JL_2024,JL_2024,0
-3.7042823,0.282552045,CCCCCCCCCCCCCCC#CCN(CCCO)CCCCCCCCCCCCCCCC,JL_2024,JL_2024,1
-4.0775084,-1.083308655,CCCCCCCCCCCCCCCC#CCN(CCCO)CCCCCCCCCCCCCCCC,JL_2024,JL_2024,0
-3.995959,-0.596779256,CCCCCCCCCCCCCCCCC#CCN(CCCO)CCCCCCCCCCCCCCCC,JL_2024,JL_2024,0
-3.596057,-0.596779256,CCCCCCCCCCCCCCCCN(CC#CCCCOCCCCCCCCCCC)CCCO,JL_2024,JL_2024,0
-3.4941084,-0.596779256,C=CCCCCCCCCOCCCC#CCN(CCCO)CCCCCCCCCCCCCCCC,JL_2024,JL_2024,0
-3.3752675,1.304037873,CCCCCC/C=C\COCCCC#CCN(CCCO)CCCCCCCCCCCCCCCC,JL_2024,JL_2024,1
-3.1315174,-0.596779256,CCCCCCCCCCCCCCCCN(CC#CCCCOCC(CCCCCCCCCC)CCCCCCCCCCCC)CCCO,JL_2024,JL_2024,0
-3.4100468,-1.083308655,CCCCCCCCCCCCCCCCN(CC#CCCCCC(=O)OCCCCCCCCCCCC)CCCO,JL_2024,JL_2024,0
-2.8479326,1.349338334,C=CCCCCCCCCOC(=O)CCCCC#CCN(CCCO)CCCCCCCCCCCCCCCC,JL_2024,JL_2024,1
-3.1461499,-1.083308655,C=CCCCCCCCCCOC(=O)CCCCC#CCN(CCCO)CCCCCCCCCCCCCCCC,JL_2024,JL_2024,0
-3.388775,0.532907021,CCCCC/C=C\COC(=O)CCCCC#CCN(CCCO)CCCCCCCCCCCCCCCC,JL_2024,JL_2024,1
-2.4857447,-0.596779256,CCCCCCCCCCCCCCCCN(CC#CCCCCC(=O)OCC(CCCCCCCCCC)CCCCCCCCCCCC)CCCO,JL_2024,JL_2024,0
-2.5260193,-0.596779256,CCCCCCCCCCCCCCCCN(CC#CCCCCC(=O)N(CCCCCCC)CCCCCCC)CCCO,JL_2024,JL_2024,0
-2.6767774,0.282552045,CCCCCCCCCCCCCCCCN(CC#CCCCCC(=O)N(CCCCCCCC)CCCCCCCC)CCCO,JL_2024,JL_2024,1
-2.6696508,-0.596779256,CCCCCCCCCCCCCCCCN(CC#CCCCCC(=O)N(CCCCCCCCCCC)CCCCCCCCCCC)CCCO,JL_2024,JL_2024,0
-2.6291504,-0.596779256,CCCCCCCCCCCCCCCCN(CC#CCCCCC(=O)N(CCCCCCCCCCCC)CCCCCCCCCCCC)CCCO,JL_2024,JL_2024,0
-2.9345164,-0.596779256,CCCCCCCCCCCCCCCCN(CC#CCCCC(=O)N(CCCCCCCC)CCCCCCCC)CCCO,JL_2024,JL_2024,0
-3.4095469,-0.596779256,CCCCCCCCCCC#CCN(CCCO)CCCCCCCCCCCCCCCCC,JL_2024,JL_2024,0
-3.3026085,1.230083899,CCCCCCCCCCCC#CCN(CCCO)CCCCCCCCCCCCCCCCC,JL_2024,JL_2024,1
-3.3557336,0.717064053,CCCCCCCCCCCCC#CCN(CCCO)CCCCCCCCCCCCCCCCC,JL_2024,JL_2024,1
-3.6646402,-0.596779256,CCCCCCCCCCCCCC#CCN(CCCO)CCCCCCCCCCCCCCCCC,JL_2024,JL_2024,0
-3.9059253,-0.596779256,CCCCCCCCCCCCCCC#CCN(CCCO)CCCCCCCCCCCCCCCCC,JL_2024,JL_2024,0
-4.043581,-1.083308655,CCCCCCCCCCCCCCCC#CCN(CCCO)CCCCCCCCCCCCCCCCC,JL_2024,JL_2024,0
-4.22396,-0.596779256,CCCCCCCCCCCCCCCCC#CCN(CCCO)CCCCCCCCCCCCCCCCC,JL_2024,JL_2024,0
-3.7239468,-1.083308655,CCCCCCCCCCCCCCCCCN(CC#CCCCOCCCCCCCCCCC)CCCO,JL_2024,JL_2024,0
-3.3167114,-0.596779256,C=CCCCCCCCCOCCCC#CCN(CCCO)CCCCCCCCCCCCCCCCC,JL_2024,JL_2024,0
-3.0875633,1.790567271,CCCCCC/C=C\COCCCC#CCN(CCCO)CCCCCCCCCCCCCCCCC,JL_2024,JL_2024,2
-3.02701,-0.312177803,CCCCCCCCCCCCCCCCCN(CC#CCCCOCC(CCCCCCCCCC)CCCCCCCCCCCC)CCCO,JL_2024,JL_2024,1
-3.3671997,1.947194754,CCCCCCCCCCCCCCCCCN(CC#CCCCCC(=O)OCCCCCCCCCCCC)CCCO,JL_2024,JL_2024,2
-2.8971412,0.905362182,C=CCCCCCCCCOC(=O)CCCCC#CCN(CCCO)CCCCCCCCCCCCCCCCC,JL_2024,JL_2024,1
-3.005338,-0.312177803,C=CCCCCCCCCCOC(=O)CCCCC#CCN(CCCO)CCCCCCCCCCCCCCCCC,JL_2024,JL_2024,1
-3.3397944,-0.596779256,CCCCC/C=C\COC(=O)CCCCC#CCN(CCCO)CCCCCCCCCCCCCCCCC,JL_2024,JL_2024,0
-2.5921814,0.376279539,CCCCCCCCCCCCCCCCCN(CC#CCCCCC(=O)OCC(CCCCCCCCCC)CCCCCCCCCCCC)CCCO,JL_2024,JL_2024,1
-2.4837174,-0.596779256,CCCCCCCCCCCCCCCCCN(CC#CCCCCC(=O)N(CCCCCCC)CCCCCCC)CCCO,JL_2024,JL_2024,0
-2.4974837,0.905362182,CCCCCCCCCCCCCCCCCN(CC#CCCCCC(=O)N(CCCCCCCC)CCCCCCCC)CCCO,JL_2024,JL_2024,1
-2.570516,-0.312177803,CCCCCCCCCCCCCCCCCN(CC#CCCCCC(=O)N(CCCCCCCCCCC)CCCCCCCCCCC)CCCO,JL_2024,JL_2024,1
-2.5627024,-1.083308655,CCCCCCCCCCCCCCCCCN(CC#CCCCCC(=O)N(CCCCCCCCCCCC)CCCCCCCCCCCC)CCCO,JL_2024,JL_2024,0
-2.8342514,-0.596779256,CCCCCCCCCCCCCCCCCN(CC#CCCCC(=O)N(CCCCCCCC)CCCCCCCC)CCCO,JL_2024,JL_2024,0
-3.542636,-1.083308655,CCCCCCCCCCC#CCN(CCCO)CCCCCCCCCCCCCCCCCC,JL_2024,JL_2024,0
-3.3318875,-0.312177803,CCCCCCCCCCCC#CCN(CCCO)CCCCCCCCCCCCCCCCCC,JL_2024,JL_2024,1
-3.3565605,-0.596779256,CCCCCCCCCCCCC#CCN(CCCO)CCCCCCCCCCCCCCCCCC,JL_2024,JL_2024,0
-3.7973228,-0.596779256,CCCCCCCCCCCCCC#CCN(CCCO)CCCCCCCCCCCCCCCCCC,JL_2024,JL_2024,0
-3.8805888,-0.596779256,CCCCCCCCCCCCCCC#CCN(CCCO)CCCCCCCCCCCCCCCCCC,JL_2024,JL_2024,0
-3.9974895,-0.596779256,CCCCCCCCCCCCCCCC#CCN(CCCO)CCCCCCCCCCCCCCCCCC,JL_2024,JL_2024,0
-4.2847166,0.376279539,CCCCCCCCCCCCCCCCC#CCN(CCCO)CCCCCCCCCCCCCCCCCC,JL_2024,JL_2024,1
-3.7235239,-1.083308655,CCCCCCCCCCCCCCCCCCN(CC#CCCCOCCCCCCCCCCC)CCCO,JL_2024,JL_2024,0
-3.4217036,0.376279539,C=CCCCCCCCCOCCCC#CCN(CCCO)CCCCCCCCCCCCCCCCCC,JL_2024,JL_2024,1
-3.0667813,1.69012285,CCCCCC/C=C\COCCCC#CCN(CCCO)CCCCCCCCCCCCCCCCCC,JL_2024,JL_2024,2
-2.9827409,-1.083308655,CCCCCCCCCCCCCCCCCCN(CC#CCCCOCC(CCCCCCCCCC)CCCCCCCCCCCC)CCCO,JL_2024,JL_2024,0
-3.3125699,0.376279539,CCCCCCCCCCCCCCCCCCN(CC#CCCCCC(=O)OCCCCCCCCCCCC)CCCO,JL_2024,JL_2024,1
-3.2011094,2.32785952,C=CCCCCCCCCOC(=O)CCCCC#CCN(CCCO)CCCCCCCCCCCCCCCCCC,JL_2024,JL_2024,2
-3.351537,-0.596779256,C=CCCCCCCCCCOC(=O)CCCCC#CCN(CCCO)CCCCCCCCCCCCCCCCCC,JL_2024,JL_2024,0
-2.9319487,-0.596779256,CCCCC/C=C\COC(=O)CCCCC#CCN(CCCO)CCCCCCCCCCCCCCCCCC,JL_2024,JL_2024,0
-2.8696322,-1.083308655,CCCCCCCCCCCCCCCCCCN(CC#CCCCCC(=O)OCC(CCCCCCCCCC)CCCCCCCCCCCC)CCCO,JL_2024,JL_2024,0
-2.5791943,-0.312177803,CCCCCCCCCCCCCCCCCCN(CC#CCCCCC(=O)N(CCCCCCC)CCCCCCC)CCCO,JL_2024,JL_2024,1
-2.719338,1.304037873,CCCCCCCCCCCCCCCCCCN(CC#CCCCCC(=O)N(CCCCCCCC)CCCCCCCC)CCCO,JL_2024,JL_2024,1
-2.5998962,-0.596779256,CCCCCCCCCCCCCCCCCCN(CC#CCCCCC(=O)N(CCCCCCCCCCC)CCCCCCCCCCC)CCCO,JL_2024,JL_2024,0
-2.5751276,-0.596779256,CCCCCCCCCCCCCCCCCCN(CC#CCCCCC(=O)N(CCCCCCCCCCCC)CCCCCCCCCCCC)CCCO,JL_2024,JL_2024,0
-2.8267403,-0.596779256,CCCCCCCCCCCCCCCCCCN(CC#CCCCC(=O)N(CCCCCCCC)CCCCCCCC)CCCO,JL_2024,JL_2024,0
-3.4960248,-0.312177803,CCCCCCCCCCC#CCN(CCCO)CCCCCCCCCCCCCCCCCCCCCC,JL_2024,JL_2024,1
-3.6915872,-0.596779256,CCCCCCCCCCCC#CCN(CCCO)CCCCCCCCCCCCCCCCCCCCCC,JL_2024,JL_2024,0
-3.8131204,-0.596779256,CCCCCCCCCCCCC#CCN(CCCO)CCCCCCCCCCCCCCCCCCCCCC,JL_2024,JL_2024,0
-4.072181,-0.596779256,CCCCCCCCCCCCCC#CCN(CCCO)CCCCCCCCCCCCCCCCCCCCCC,JL_2024,JL_2024,0
-4.1253486,-0.596779256,CCCCCCCCCCCCCCC#CCN(CCCO)CCCCCCCCCCCCCCCCCCCCCC,JL_2024,JL_2024,0
-4.256531,1.053682897,CCCCCCCCCCCCCCCC#CCN(CCCO)CCCCCCCCCCCCCCCCCCCCCC,JL_2024,JL_2024,1
-4.067209,-0.596779256,CCCCCCCCCCCCCCCCC#CCN(CCCO)CCCCCCCCCCCCCCCCCCCCCC,JL_2024,JL_2024,0
-3.7383368,-0.596779256,CCCCCCCCCCCCCCCCCCCCCCN(CC#CCCCOCCCCCCCCCCC)CCCO,JL_2024,JL_2024,0
-3.4040875,0.817508475,C=CCCCCCCCCOCCCC#CCN(CCCO)CCCCCCCCCCCCCCCCCCCCCC,JL_2024,JL_2024,1
-3.4828482,-0.596779256,CCCCCC/C=C\COCCCC#CCN(CCCO)CCCCCCCCCCCCCCCCCCCCCC,JL_2024,JL_2024,0
-3.4098282,-0.596779256,CCCCCCCCCCCCCCCCCCCCCCN(CC#CCCCOCC(CCCCCCCCCC)CCCCCCCCCCCC)CCCO,JL_2024,JL_2024,0
-3.8748415,1.857466778,CCCCCCCCCCCCCCCCCCCCCCN(CC#CCCCCC(=O)OCCCCCCCCCCCC)CCCO,JL_2024,JL_2024,2
-3.579578,-0.596779256,C=CCCCCCCCCOC(=O)CCCCC#CCN(CCCO)CCCCCCCCCCCCCCCCCCCCCC,JL_2024,JL_2024,0
-3.661436,-0.596779256,C=CCCCCCCCCCOC(=O)CCCCC#CCN(CCCO)CCCCCCCCCCCCCCCCCCCCCC,JL_2024,JL_2024,0
-2.771969,-0.596779256,CCCCC/C=C\COC(=O)CCCCC#CCN(CCCO)CCCCCCCCCCCCCCCCCCCCCC,JL_2024,JL_2024,0
-3.1062434,-1.083308655,CCCCCCCCCCCCCCCCCCCCCCN(CC#CCCCCC(=O)OCC(CCCCCCCCCC)CCCCCCCCCCCC)CCCO,JL_2024,JL_2024,0
-2.4213023,-0.596779256,CCCCCCCCCCCCCCCCCCCCCCN(CC#CCCCCC(=O)N(CCCCCCC)CCCCCCC)CCCO,JL_2024,JL_2024,0
-2.5792673,-0.596779256,CCCCCCCCCCCCCCCCCCCCCCN(CC#CCCCCC(=O)N(CCCCCCCC)CCCCCCCC)CCCO,JL_2024,JL_2024,0
-2.922085,-0.596779256,CCCCCCCCCCCCCCCCCCCCCCN(CC#CCCCCC(=O)N(CCCCCCCCCCC)CCCCCCCCCCC)CCCO,JL_2024,JL_2024,0
-3.254825,-1.083308655,CCCCCCCCCCCCCCCCCCCCCCN(CC#CCCCCC(=O)N(CCCCCCCCCCCC)CCCCCCCCCCCC)CCCO,JL_2024,JL_2024,0
-2.8398356,-0.596779256,CCCCCCCCCCCCCCCCCCCCCCN(CC#CCCCC(=O)N(CCCCCCCC)CCCCCCCC)CCCO,JL_2024,JL_2024,0
-3.1359909,0.817508475,CCCCCCCC/C=C\CCCCCCCCN(CC#CCCCCCCCCCC)CCCO,JL_2024,JL_2024,1
-3.1338031,1.053682897,CCCCCCCC/C=C\CCCCCCCCN(CC#CCCCCCCCCCCC)CCCO,JL_2024,JL_2024,1
-3.0010846,1.846750332,CCCCCCCC/C=C\CCCCCCCCN(CC#CCCCCCCCCCCCC)CCCO,JL_2024,JL_2024,2
-3.3615608,1.349338334,CCCCCCCC/C=C\CCCCCCCCN(CC#CCCCCCCCCCCCCC)CCCO,JL_2024,JL_2024,1
-3.2620406,2.169870421,CCCCCCCC/C=C\CCCCCCCCN(CC#CCCCCCCCCCCCCCC)CCCO,JL_2024,JL_2024,2
-2.9934866,0.532907021,CCCCCCCC/C=C\CCCCCCCCN(CC#CCCCCCCCCCCCCCCC)CCCO,JL_2024,JL_2024,1
-2.9477544,1.947194754,CCCCCCCC/C=C\CCCCCCCCN(CC#CCCCCCCCCCCCCCCCC)CCCO,JL_2024,JL_2024,2
-2.7715962,2.419543597,CCCCCCCC/C=C\CCCCCCCCN(CC#CCCCOCCCCCCCCCCC)CCCO,JL_2024,JL_2024,2
-3.5699694,2.018335441,C=CCCCCCCCCOCCCC#CCN(CCCO)CCCCCCCC/C=C\CCCCCCCC,JL_2024,JL_2024,2
-2.980844,0.862808938,CCCCCC/C=C\COCCCC#CCN(CCCO)CCCCCCCC/C=C\CCCCCCCC,JL_2024,JL_2024,1
-2.6446354,2.026741692,CCCCCCCC/C=C\CCCCCCCCN(CC#CCCCOCC(CCCCCCCCCC)CCCCCCCCCCCC)CCCO,JL_2024,JL_2024,2
-2.4910712,2.599648637,CCCCCCCC/C=C\CCCCCCCCN(CC#CCCCCC(=O)OCCCCCCCCCCCC)CCCO,JL_2024,JL_2024,3
-2.6587343,0.599806528,C=CCCCCCCCCOC(=O)CCCCC#CCN(CCCO)CCCCCCCC/C=C\CCCCCCCC,JL_2024,JL_2024,1
-2.3914387,0.532907021,C=CCCCCCCCCCOC(=O)CCCCC#CCN(CCCO)CCCCCCCC/C=C\CCCCCCCC,JL_2024,JL_2024,1
-2.9947984,1.888668072,CCCCC/C=C\COC(=O)CCCCC#CCN(CCCO)CCCCCCCC/C=C\CCCCCCCC,JL_2024,JL_2024,2
-1.8022466,-1.083308655,CCCCCCCC/C=C\CCCCCCCCN(CC#CCCCCC(=O)OCC(CCCCCCCCCC)CCCCCCCCCCCC)CCCO,JL_2024,JL_2024,0
-1.8044693,-0.312177803,CCCCCCCC/C=C\CCCCCCCCN(CC#CCCCCC(=O)N(CCCCCCC)CCCCCCC)CCCO,JL_2024,JL_2024,1
-1.5392919,0.282552045,CCCCCCCC/C=C\CCCCCCCCN(CC#CCCCCC(=O)N(CCCCCCCC)CCCCCCCC)CCCO,JL_2024,JL_2024,1
-2.002973,-0.596779256,CCCCCCCC/C=C\CCCCCCCCN(CC#CCCCCC(=O)N(CCCCCCCCCCC)CCCCCCCCCCC)CCCO,JL_2024,JL_2024,0
-2.2414315,1.857466778,CCCCCCCC/C=C\CCCCCCCCN(CC#CCCCCC(=O)N(CCCCCCCCCCCC)CCCCCCCCCCCC)CCCO,JL_2024,JL_2024,2
-1.5473838,-0.312177803,CCCCCCCC/C=C\CCCCCCCCN(CC#CCCCC(=O)N(CCCCCCCC)CCCCCCCC)CCCO,JL_2024,JL_2024,1
-3.5478652,-1.083308655,CCCCCCCCCCC#CCN(CCCO)CC(CCCCCC)CCCCCCCC,JL_2024,JL_2024,0
-3.1725607,-0.596779256,CCCCCCCCCCCC#CCN(CCCO)CC(CCCCCC)CCCCCCCC,JL_2024,JL_2024,0
-3.1142466,-0.596779256,CCCCCCCCCCCCC#CCN(CCCO)CC(CCCCCC)CCCCCCCC,JL_2024,JL_2024,0
-3.1026464,-0.596779256,CCCCCCCCCCCCCC#CCN(CCCO)CC(CCCCCC)CCCCCCCC,JL_2024,JL_2024,0
-2.7491643,-0.596779256,CCCCCCCCCCCCCCC#CCN(CCCO)CC(CCCCCC)CCCCCCCC,JL_2024,JL_2024,0
-2.777103,-0.596779256,CCCCCCCCCCCCCCCC#CCN(CCCO)CC(CCCCCC)CCCCCCCC,JL_2024,JL_2024,0
-2.8749344,-0.596779256,CCCCCCCCCCCCCCCCC#CCN(CCCO)CC(CCCCCC)CCCCCCCC,JL_2024,JL_2024,0
-3.3561022,-0.596779256,CCCCCCCCCCCOCCCC#CCN(CCCO)CC(CCCCCC)CCCCCCCC,JL_2024,JL_2024,0
-3.6524196,-0.596779256,C=CCCCCCCCCOCCCC#CCN(CCCO)CC(CCCCCC)CCCCCCCC,JL_2024,JL_2024,0
-3.2217162,-0.596779256,CCCCCC/C=C\COCCCC#CCN(CCCO)CC(CCCCCC)CCCCCCCC,JL_2024,JL_2024,0
-2.0606272,-0.596779256,CCCCCCCCCCCCC(CCCCCCCCCC)COCCCC#CCN(CCCO)CC(CCCCCC)CCCCCCCC,JL_2024,JL_2024,0
-2.9906182,-1.083308655,CCCCCCCCCCCCOC(=O)CCCCC#CCN(CCCO)CC(CCCCCC)CCCCCCCC,JL_2024,JL_2024,0
-3.4185336,-1.083308655,C=CCCCCCCCCOC(=O)CCCCC#CCN(CCCO)CC(CCCCCC)CCCCCCCC,JL_2024,JL_2024,0
-3.2180786,-1.083308655,C=CCCCCCCCCCOC(=O)CCCCC#CCN(CCCO)CC(CCCCCC)CCCCCCCC,JL_2024,JL_2024,0
-3.8084393,0.282552045,CCCCC/C=C\COC(=O)CCCCC#CCN(CCCO)CC(CCCCCC)CCCCCCCC,JL_2024,JL_2024,1
-2.0752654,-0.596779256,CCCCCCCCCCCCC(CCCCCCCCCC)COC(=O)CCCCC#CCN(CCCO)CC(CCCCCC)CCCCCCCC,JL_2024,JL_2024,0
-2.696805,-0.596779256,CCCCCCCCC(CCCCCC)CN(CC#CCCCCC(=O)N(CCCCCCC)CCCCCCC)CCCO,JL_2024,JL_2024,0
-2.5359535,-1.083308655,CCCCCCCCC(CCCCCC)CN(CC#CCCCCC(=O)N(CCCCCCCC)CCCCCCCC)CCCO,JL_2024,JL_2024,0
-2.7856898,-1.083308655,CCCCCCCCCCCN(CCCCCCCCCCC)C(=O)CCCCC#CCN(CCCO)CC(CCCCCC)CCCCCCCC,JL_2024,JL_2024,0
-2.6495874,-0.312177803,CCCCCCCCCCCCN(CCCCCCCCCCCC)C(=O)CCCCC#CCN(CCCO)CC(CCCCCC)CCCCCCCC,JL_2024,JL_2024,1
-2.4659758,-0.596779256,CCCCCCCCC(CCCCCC)CN(CC#CCCCC(=O)N(CCCCCCCC)CCCCCCCC)CCCO,JL_2024,JL_2024,0
-3.4179838,0.376279539,CCCCCCCCCCC#CCN(CCCCCCCCCCCC)CC(O)CO,JL_2024,JL_2024,1
-3.2193658,-0.312177803,CCCCCCCCCCCC#CCN(CCCCCCCCCCCC)CC(O)CO,JL_2024,JL_2024,1
-3.5683606,0.282552045,CCCCCCCCCCCCC#CCN(CCCCCCCCCCCC)CC(O)CO,JL_2024,JL_2024,1
-3.7350147,-0.596779256,CCCCCCCCCCCCCC#CCN(CCCCCCCCCCCC)CC(O)CO,JL_2024,JL_2024,0
-3.7804663,0.599806528,CCCCCCCCCCCCCCC#CCN(CCCCCCCCCCCC)CC(O)CO,JL_2024,JL_2024,1
-3.625776,0.282552045,CCCCCCCCCCCCCCCC#CCN(CCCCCCCCCCCC)CC(O)CO,JL_2024,JL_2024,1
-3.6062334,-0.596779256,CCCCCCCCCCCCCCCCC#CCN(CCCCCCCCCCCC)CC(O)CO,JL_2024,JL_2024,0
-3.4053364,0.862808938,CCCCCCCCCCCCN(CC#CCCCOCCCCCCCCCCC)CC(O)CO,JL_2024,JL_2024,1
-3.8854318,-0.312177803,C=CCCCCCCCCOCCCC#CCN(CCCCCCCCCCCC)CC(O)CO,JL_2024,JL_2024,1
-3.7359374,-0.596779256,CCCCCC/C=C\COCCCC#CCN(CCCCCCCCCCCC)CC(O)CO,JL_2024,JL_2024,0
-3.2994094,2.294428749,CCCCCCCCCCCCC(CCCCCCCCCC)COCCCC#CCN(CCCCCCCCCCCC)CC(O)CO,JL_2024,JL_2024,2
-3.1748693,-1.083308655,CCCCCCCCCCCCOC(=O)CCCCC#CCN(CCCCCCCCCCCC)CC(O)CO,JL_2024,JL_2024,0
-3.45334,-0.596779256,C=CCCCCCCCCOC(=O)CCCCC#CCN(CCCCCCCCCCCC)CC(O)CO,JL_2024,JL_2024,0
-3.270715,-0.596779256,C=CCCCCCCCCCOC(=O)CCCCC#CCN(CCCCCCCCCCCC)CC(O)CO,JL_2024,JL_2024,0
-2.9951715,-0.312177803,CCCCC/C=C\COC(=O)CCCCC#CCN(CCCCCCCCCCCC)CC(O)CO,JL_2024,JL_2024,1
-2.5479555,-0.596779256,CCCCCCCCCCCCC(CCCCCCCCCC)COC(=O)CCCCC#CCN(CCCCCCCCCCCC)CC(O)CO,JL_2024,JL_2024,0
-2.6291442,-0.596779256,CCCCCCCCCCCCN(CC#CCCCCC(=O)N(CCCCCCC)CCCCCCC)CC(O)CO,JL_2024,JL_2024,0
-2.1632886,-0.596779256,CCCCCCCCCCCCN(CC#CCCCCC(=O)N(CCCCCCCC)CCCCCCCC)CC(O)CO,JL_2024,JL_2024,0
-2.2516615,-0.596779256,CCCCCCCCCCCCN(CC#CCCCCC(=O)N(CCCCCCCCCCC)CCCCCCCCCCC)CC(O)CO,JL_2024,JL_2024,0
-2.5154595,-0.312177803,CCCCCCCCCCCCN(CC#CCCCCC(=O)N(CCCCCCCCCCCC)CCCCCCCCCCCC)CC(O)CO,JL_2024,JL_2024,1
-2.597694,-0.596779256,CCCCCCCCCCCCN(CC#CCCCC(=O)N(CCCCCCCC)CCCCCCCC)CC(O)CO,JL_2024,JL_2024,0
-3.4027994,-0.596779256,CCCCCCCCCCC#CCN(CCCCCCCCCCCCCC)CC(O)CO,JL_2024,JL_2024,0
-3.3968012,-0.312177803,CCCCCCCCCCCC#CCN(CCCCCCCCCCCCCC)CC(O)CO,JL_2024,JL_2024,1
-3.8689358,0.532907021,CCCCCCCCCCCCC#CCN(CCCCCCCCCCCCCC)CC(O)CO,JL_2024,JL_2024,1
-3.6000674,-1.083308655,CCCCCCCCCCCCCC#CCN(CCCCCCCCCCCCCC)CC(O)CO,JL_2024,JL_2024,0
-3.6066139,1.588639326,CCCCCCCCCCCCCCC#CCN(CCCCCCCCCCCCCC)CC(O)CO,JL_2024,JL_2024,2
-2.9608066,0.376279539,CCCCCCCCCCCCCCCC#CCN(CCCCCCCCCCCCCC)CC(O)CO,JL_2024,JL_2024,1
-3.2877092,-0.596779256,CCCCCCCCCCCCCCCCC#CCN(CCCCCCCCCCCCCC)CC(O)CO,JL_2024,JL_2024,0
-3.4129007,0.282552045,CCCCCCCCCCCCCCN(CC#CCCCOCCCCCCCCCCC)CC(O)CO,JL_2024,JL_2024,1
-3.8951929,0.376279539,C=CCCCCCCCCOCCCC#CCN(CCCCCCCCCCCCCC)CC(O)CO,JL_2024,JL_2024,1
-3.4363205,-0.596779256,CCCCCC/C=C\COCCCC#CCN(CCCCCCCCCCCCCC)CC(O)CO,JL_2024,JL_2024,0
-3.0438223,2.37519747,CCCCCCCCCCCCCCN(CC#CCCCOCC(CCCCCCCCCC)CCCCCCCCCCCC)CC(O)CO,JL_2024,JL_2024,2
-3.3906164,0.532907021,CCCCCCCCCCCCCCN(CC#CCCCCC(=O)OCCCCCCCCCCCC)CC(O)CO,JL_2024,JL_2024,1
-3.1310925,-0.596779256,C=CCCCCCCCCOC(=O)CCCCC#CCN(CCCCCCCCCCCCCC)CC(O)CO,JL_2024,JL_2024,0
-3.1842885,-0.596779256,C=CCCCCCCCCCOC(=O)CCCCC#CCN(CCCCCCCCCCCCCC)CC(O)CO,JL_2024,JL_2024,0
-3.3508341,-0.596779256,CCCCC/C=C\COC(=O)CCCCC#CCN(CCCCCCCCCCCCCC)CC(O)CO,JL_2024,JL_2024,0
-3.2447562,-1.083308655,CCCCCCCCCCCCCCN(CC#CCCCCC(=O)OCC(CCCCCCCCCC)CCCCCCCCCCCC)CC(O)CO,JL_2024,JL_2024,0
-2.4873688,-0.596779256,CCCCCCCCCCCCCCN(CC#CCCCCC(=O)N(CCCCCCC)CCCCCCC)CC(O)CO,JL_2024,JL_2024,0
-2.0460937,-0.596779256,CCCCCCCCCCCCCCN(CC#CCCCCC(=O)N(CCCCCCCC)CCCCCCCC)CC(O)CO,JL_2024,JL_2024,0
-2.480339,2.134942144,CCCCCCCCCCCCCCN(CC#CCCCCC(=O)N(CCCCCCCCCCC)CCCCCCCCCCC)CC(O)CO,JL_2024,JL_2024,2
-2.808784,1.469962359,CCCCCCCCCCCCCCN(CC#CCCCCC(=O)N(CCCCCCCCCCCC)CCCCCCCCCCCC)CC(O)CO,JL_2024,JL_2024,2
-2.6235657,-0.312177803,CCCCCCCCCCCCCCN(CC#CCCCC(=O)N(CCCCCCCC)CCCCCCCC)CC(O)CO,JL_2024,JL_2024,1
-3.7592227,-0.596779256,CCCCCCCCCCC#CCN(CCCCCCCCCCCCCCCC)CC(O)CO,JL_2024,JL_2024,0
-3.5654485,-0.312177803,CCCCCCCCCCCC#CCN(CCCCCCCCCCCCCCCC)CC(O)CO,JL_2024,JL_2024,1
-3.5848124,1.523297897,CCCCCCCCCCCCC#CCN(CCCCCCCCCCCCCCCC)CC(O)CO,JL_2024,JL_2024,2
-3.2341485,-0.596779256,CCCCCCCCCCCCCC#CCN(CCCCCCCCCCCCCCCC)CC(O)CO,JL_2024,JL_2024,0
-3.1437616,0.532907021,CCCCCCCCCCCCCCC#CCN(CCCCCCCCCCCCCCCC)CC(O)CO,JL_2024,JL_2024,1
-3.46132,-0.596779256,CCCCCCCCCCCCCCCC#CCN(CCCCCCCCCCCCCCCC)CC(O)CO,JL_2024,JL_2024,0
-3.8189945,1.304037873,CCCCCCCCCCCCCCCCC#CCN(CCCCCCCCCCCCCCCC)CC(O)CO,JL_2024,JL_2024,1
-3.3149405,1.147410391,CCCCCCCCCCCCCCCCN(CC#CCCCOCCCCCCCCCCC)CC(O)CO,JL_2024,JL_2024,1
-3.939131,0.862808938,C=CCCCCCCCCOCCCC#CCN(CCCCCCCCCCCCCCCC)CC(O)CO,JL_2024,JL_2024,1
-3.5690665,-0.312177803,CCCCCC/C=C\COCCCC#CCN(CCCCCCCCCCCCCCCC)CC(O)CO,JL_2024,JL_2024,1
-3.1260564,0.532907021,CCCCCCCCCCCCCCCCN(CC#CCCCOCC(CCCCCCCCCC)CCCCCCCCCCCC)CC(O)CO,JL_2024,JL_2024,1
-3.3988318,-0.312177803,CCCCCCCCCCCCCCCCN(CC#CCCCCC(=O)OCCCCCCCCCCCC)CC(O)CO,JL_2024,JL_2024,1
-3.700531,-1.083308655,C=CCCCCCCCCOC(=O)CCCCC#CCN(CCCCCCCCCCCCCCCC)CC(O)CO,JL_2024,JL_2024,0
-3.3677988,-0.596779256,C=CCCCCCCCCCOC(=O)CCCCC#CCN(CCCCCCCCCCCCCCCC)CC(O)CO,JL_2024,JL_2024,0
-3.0752828,-1.083308655,CCCCC/C=C\COC(=O)CCCCC#CCN(CCCCCCCCCCCCCCCC)CC(O)CO,JL_2024,JL_2024,0
-3.4596431,-0.596779256,CCCCCCCCCCCCCCCCN(CC#CCCCCC(=O)OCC(CCCCCCCCCC)CCCCCCCCCCCC)CC(O)CO,JL_2024,JL_2024,0
-2.0851157,-0.596779256,CCCCCCCCCCCCCCCCN(CC#CCCCCC(=O)N(CCCCCCC)CCCCCCC)CC(O)CO,JL_2024,JL_2024,0
-2.0631475,-1.083308655,CCCCCCCCCCCCCCCCN(CC#CCCCCC(=O)N(CCCCCCCC)CCCCCCCC)CC(O)CO,JL_2024,JL_2024,0
-2.7384863,-0.596779256,CCCCCCCCCCCCCCCCN(CC#CCCCCC(=O)N(CCCCCCCCCCC)CCCCCCCCCCC)CC(O)CO,JL_2024,JL_2024,0
-2.925464,-0.596779256,CCCCCCCCCCCCCCCCN(CC#CCCCCC(=O)N(CCCCCCCCCCCC)CCCCCCCCCCCC)CC(O)CO,JL_2024,JL_2024,0
-2.2061925,-0.596779256,CCCCCCCCCCCCCCCCN(CC#CCCCC(=O)N(CCCCCCCC)CCCCCCCC)CC(O)CO,JL_2024,JL_2024,0
-3.1595256,0.817508475,CCCCCCCCCCC#CCN(CCCCCCCCCCCCCCCCCC)CC(O)CO,JL_2024,JL_2024,1
-2.9601197,1.802169411,CCCCCCCCCCCC#CCN(CCCCCCCCCCCCCCCCCC)CC(O)CO,JL_2024,JL_2024,2
-2.9487967,1.304037873,CCCCCCCCCCCCC#CCN(CCCCCCCCCCCCCCCCCC)CC(O)CO,JL_2024,JL_2024,1
-3.2662249,-1.083308655,CCCCCCCCCCCCCC#CCN(CCCCCCCCCCCCCCCCCC)CC(O)CO,JL_2024,JL_2024,0
-3.4846194,-0.596779256,CCCCCCCCCCCCCCC#CCN(CCCCCCCCCCCCCCCCCC)CC(O)CO,JL_2024,JL_2024,0
-3.7813072,-1.083308655,CCCCCCCCCCCCCCCC#CCN(CCCCCCCCCCCCCCCCCC)CC(O)CO,JL_2024,JL_2024,0
-3.7423115,-0.596779256,CCCCCCCCCCCCCCCCC#CCN(CCCCCCCCCCCCCCCCCC)CC(O)CO,JL_2024,JL_2024,0
-3.643597,-0.596779256,CCCCCCCCCCCCCCCCCCN(CC#CCCCOCCCCCCCCCCC)CC(O)CO,JL_2024,JL_2024,0
-3.6851943,-0.312177803,C=CCCCCCCCCOCCCC#CCN(CCCCCCCCCCCCCCCCCC)CC(O)CO,JL_2024,JL_2024,1
-3.326705,0.376279539,CCCCCC/C=C\COCCCC#CCN(CCCCCCCCCCCCCCCCCC)CC(O)CO,JL_2024,JL_2024,1
-3.5214295,-0.596779256,CCCCCCCCCCCCCCCCCCN(CC#CCCCOCC(CCCCCCCCCC)CCCCCCCCCCCC)CC(O)CO,JL_2024,JL_2024,0
-3.6975045,1.451243555,CCCCCCCCCCCCCCCCCCN(CC#CCCCCC(=O)OCCCCCCCCCCCC)CC(O)CO,JL_2024,JL_2024,1
-3.124131,0.945482446,C=CCCCCCCCCOC(=O)CCCCC#CCN(CCCCCCCCCCCCCCCCCC)CC(O)CO,JL_2024,JL_2024,1
-3.1228976,-1.083308655,C=CCCCCCCCCCOC(=O)CCCCC#CCN(CCCCCCCCCCCCCCCCCC)CC(O)CO,JL_2024,JL_2024,0
-3.2997618,-1.083308655,CCCCC/C=C\COC(=O)CCCCC#CCN(CCCCCCCCCCCCCCCCCC)CC(O)CO,JL_2024,JL_2024,0
-3.6281247,-0.596779256,CCCCCCCCCCCCCCCCCCN(CC#CCCCCC(=O)OCC(CCCCCCCCCC)CCCCCCCCCCCC)CC(O)CO,JL_2024,JL_2024,0
-2.4957693,0.282552045,CCCCCCCCCCCCCCCCCCN(CC#CCCCCC(=O)N(CCCCCCC)CCCCCCC)CC(O)CO,JL_2024,JL_2024,1
-2.2722123,-0.596779256,CCCCCCCCCCCCCCCCCCN(CC#CCCCCC(=O)N(CCCCCCCC)CCCCCCCC)CC(O)CO,JL_2024,JL_2024,0
-2.8700063,-1.083308655,CCCCCCCCCCCCCCCCCCN(CC#CCCCCC(=O)N(CCCCCCCCCCC)CCCCCCCCCCC)CC(O)CO,JL_2024,JL_2024,0
-3.0718331,-0.596779256,CCCCCCCCCCCCCCCCCCN(CC#CCCCCC(=O)N(CCCCCCCCCCCC)CCCCCCCCCCCC)CC(O)CO,JL_2024,JL_2024,0
-2.2692673,-0.596779256,CCCCCCCCCCCCCCCCCCN(CC#CCCCC(=O)N(CCCCCCCC)CCCCCCCC)CC(O)CO,JL_2024,JL_2024,0
-3.6569207,1.412238323,CCCCCCCCCCC#CCN(CCCCCCCCCCCCCCCCCCCCCC)CC(O)CO,JL_2024,JL_2024,1
-3.767496,1.304037873,CCCCCCCCCCCC#CCN(CCCCCCCCCCCCCCCCCCCCCC)CC(O)CO,JL_2024,JL_2024,1
-3.81679,-0.596779256,CCCCCCCCCCCCC#CCN(CCCCCCCCCCCCCCCCCCCCCC)CC(O)CO,JL_2024,JL_2024,0
-3.7815447,-0.596779256,CCCCCCCCCCCCCC#CCN(CCCCCCCCCCCCCCCCCCCCCC)CC(O)CO,JL_2024,JL_2024,0
-3.7565908,-0.596779256,CCCCCCCCCCCCCCC#CCN(CCCCCCCCCCCCCCCCCCCCCC)CC(O)CO,JL_2024,JL_2024,0
-3.8297586,-0.596779256,CCCCCCCCCCCCCCCC#CCN(CCCCCCCCCCCCCCCCCCCCCC)CC(O)CO,JL_2024,JL_2024,0
-3.5075197,-1.083308655,CCCCCCCCCCCCCCCCC#CCN(CCCCCCCCCCCCCCCCCCCCCC)CC(O)CO,JL_2024,JL_2024,0
-3.8797336,-0.596779256,CCCCCCCCCCCCCCCCCCCCCCN(CC#CCCCOCCCCCCCCCCC)CC(O)CO,JL_2024,JL_2024,0
-3.4384472,1.432011844,C=CCCCCCCCCOCCCC#CCN(CCCCCCCCCCCCCCCCCCCCCC)CC(O)CO,JL_2024,JL_2024,1
-2.9464128,3.597211104,CCCCCC/C=C\COCCCC#CCN(CCCCCCCCCCCCCCCCCCCCCC)CC(O)CO,JL_2024,JL_2024,3
-3.4260597,-0.596779256,CCCCCCCCCCCCCCCCCCCCCCN(CC#CCCCOCC(CCCCCCCCCC)CCCCCCCCCCCC)CC(O)CO,JL_2024,JL_2024,0
-3.6405993,1.147410391,CCCCCCCCCCCCCCCCCCCCCCN(CC#CCCCCC(=O)OCCCCCCCCCCCC)CC(O)CO,JL_2024,JL_2024,1
-3.8139992,-0.596779256,C=CCCCCCCCCOC(=O)CCCCC#CCN(CCCCCCCCCCCCCCCCCCCCCC)CC(O)CO,JL_2024,JL_2024,0
-3.6346612,-0.596779256,C=CCCCCCCCCCOC(=O)CCCCC#CCN(CCCCCCCCCCCCCCCCCCCCCC)CC(O)CO,JL_2024,JL_2024,0
-2.4962099,-0.312177803,CCCCC/C=C\COC(=O)CCCCC#CCN(CCCCCCCCCCCCCCCCCCCCCC)CC(O)CO,JL_2024,JL_2024,1
-3.489089,-0.596779256,CCCCCCCCCCCCCCCCCCCCCCN(CC#CCCCCC(=O)OCC(CCCCCCCCCC)CCCCCCCCCCCC)CC(O)CO,JL_2024,JL_2024,0
-2.6226196,-0.312177803,CCCCCCCCCCCCCCCCCCCCCCN(CC#CCCCCC(=O)N(CCCCCCC)CCCCCCC)CC(O)CO,JL_2024,JL_2024,1
-2.7720757,-0.596779256,CCCCCCCCCCCCCCCCCCCCCCN(CC#CCCCCC(=O)N(CCCCCCCC)CCCCCCCC)CC(O)CO,JL_2024,JL_2024,0
-3.391615,0.282552045,CCCCCCCCCCCCCCCCCCCCCCN(CC#CCCCCC(=O)N(CCCCCCCCCCC)CCCCCCCCCCC)CC(O)CO,JL_2024,JL_2024,1
-3.4955897,-1.083308655,CCCCCCCCCCCCCCCCCCCCCCN(CC#CCCCCC(=O)N(CCCCCCCCCCCC)CCCCCCCCCCCC)CC(O)CO,JL_2024,JL_2024,0
-2.6945658,-1.083308655,CCCCCCCCCCCCCCCCCCCCCCN(CC#CCCCC(=O)N(CCCCCCCC)CCCCCCCC)CC(O)CO,JL_2024,JL_2024,0
-3.7479694,-0.312177803,CCCCCCCCCCC#CCN(C)CCCCCCCCCCCC,JL_2024,JL_2024,1
-3.7259436,-0.312177803,CCCCCCCCCCCC#CCN(C)CCCCCCCCCCCC,JL_2024,JL_2024,1
-3.8532622,0.376279539,CCCCCCCCCCCCC#CCN(C)CCCCCCCCCCCC,JL_2024,JL_2024,1
-4.016491,0.862808938,CCCCCCCCCCCCCC#CCN(C)CCCCCCCCCCCC,JL_2024,JL_2024,1
-3.179153,1.053682897,CCCCCCCCCCCCCCC#CCN(C)CCCCCCCCCCCC,JL_2024,JL_2024,1
-3.4330668,-0.596779256,CCCCCCCCCCCCCCCC#CCN(C)CCCCCCCCCCCC,JL_2024,JL_2024,0
-3.2860098,1.888668072,CCCCCCCCCCCCCCCCC#CCN(C)CCCCCCCCCCCC,JL_2024,JL_2024,2
-4.125866,-0.596779256,CCCCCCCCCCCCN(C)CC#CCCCOCCCCCCCCCCC,JL_2024,JL_2024,0
-4.6987333,-0.596779256,C=CCCCCCCCCOCCCC#CCN(C)CCCCCCCCCCCC,JL_2024,JL_2024,0
-5.16789,-0.596779256,CCCCCC/C=C\COCCCC#CCN(C)CCCCCCCCCCCC,JL_2024,JL_2024,0
-2.918081,0.282552045,CCCCCCCCCCCCC(CCCCCCCCCC)COCCCC#CCN(C)CCCCCCCCCCCC,JL_2024,JL_2024,1
-3.206703,-0.312177803,CCCCCCCCCCCCOC(=O)CCCCC#CCN(C)CCCCCCCCCCCC,JL_2024,JL_2024,1
-4.487747,-0.312177803,C=CCCCCCCCCOC(=O)CCCCC#CCN(C)CCCCCCCCCCCC,JL_2024,JL_2024,1
-4.4863415,-0.596779256,C=CCCCCCCCCCOC(=O)CCCCC#CCN(C)CCCCCCCCCCCC,JL_2024,JL_2024,0
-5.36511,-0.596779256,CCCCC/C=C\COC(=O)CCCCC#CCN(C)CCCCCCCCCCCC,JL_2024,JL_2024,0
-2.3211188,1.370937379,CCCCCCCCCCCCC(CCCCCCCCCC)COC(=O)CCCCC#CCN(C)CCCCCCCCCCCC,JL_2024,JL_2024,1
-4.6126328,-1.083308655,CCCCCCCCCCCCN(C)CC#CCCCCC(=O)N(CCCCCCC)CCCCCCC,JL_2024,JL_2024,0
-4.3831596,-0.596779256,CCCCCCCCCCCCN(C)CC#CCCCCC(=O)N(CCCCCCCC)CCCCCCCC,JL_2024,JL_2024,0
-3.592635,-0.312177803,CCCCCCCCCCCCN(C)CC#CCCCCC(=O)N(CCCCCCCCCCC)CCCCCCCCCCC,JL_2024,JL_2024,1
-3.2580824,0.945482446,CCCCCCCCCCCCN(C)CC#CCCCCC(=O)N(CCCCCCCCCCCC)CCCCCCCCCCCC,JL_2024,JL_2024,1
-4.414151,-0.596779256,CCCCCCCCCCCCN(C)CC#CCCCC(=O)N(CCCCCCCC)CCCCCCCC,JL_2024,JL_2024,0
-3.0928795,0.717064053,CCCCCCCCCCC#CCN(C)CCCCCCCCCCCCCCCCCC,JL_2024,JL_2024,1
-3.301937,0.769081444,CCCCCCCCCCCC#CCN(C)CCCCCCCCCCCCCCCCCC,JL_2024,JL_2024,1
-3.589603,0.376279539,CCCCCCCCCCCCC#CCN(C)CCCCCCCCCCCCCCCCCC,JL_2024,JL_2024,1
-3.5112777,1.255610841,CCCCCCCCCCCCCC#CCN(C)CCCCCCCCCCCCCCCCCC,JL_2024,JL_2024,1
-3.7237082,-0.596779256,CCCCCCCCCCCCCCC#CCN(C)CCCCCCCCCCCCCCCCCC,JL_2024,JL_2024,0
-3.8532324,-0.596779256,CCCCCCCCCCCCCCCC#CCN(C)CCCCCCCCCCCCCCCCCC,JL_2024,JL_2024,0
-4.2205396,-0.596779256,CCCCCCCCCCCCCCCCC#CCN(C)CCCCCCCCCCCCCCCCCC,JL_2024,JL_2024,0
-4.220406,1.304037873,C=CCCCCCCCCOCCCC#CCN(C)CCCCCCCCCCCCCCCCCC,JL_2024,JL_2024,1
-3.5512455,0.282552045,CCCCCC/C=C\COCCCC#CCN(C)CCCCCCCCCCCCCCCCCC,JL_2024,JL_2024,1
-3.523032,-0.312177803,CCCCCCCCCCCCCCCCCCN(C)CC#CCCCOCC(CCCCCCCCCC)CCCCCCCCCCCC,JL_2024,JL_2024,1
-4.1755347,0.282552045,CCCCCCCCCCCCCCCCCCN(C)CC#CCCCCC(=O)OCCCCCCCCCCCC,JL_2024,JL_2024,1
-3.8744657,-1.083308655,C=CCCCCCCCCOC(=O)CCCCC#CCN(C)CCCCCCCCCCCCCCCCCC,JL_2024,JL_2024,0
-3.7493885,1.451243555,C=CCCCCCCCCCOC(=O)CCCCC#CCN(C)CCCCCCCCCCCCCCCCCC,JL_2024,JL_2024,1
-3.9779527,-0.596779256,CCCCC/C=C\COC(=O)CCCCC#CCN(C)CCCCCCCCCCCCCCCCCC,JL_2024,JL_2024,0
-2.8347542,1.965667228,CCCCCCCCCCCCCCCCCCN(C)CC#CCCCCC(=O)OCC(CCCCCCCCCC)CCCCCCCCCCCC,JL_2024,JL_2024,2
-4.092869,1.662593299,CCCCCCCCCCCCCCCCCCN(C)CC#CCCCCC(=O)N(CCCCCCC)CCCCCCC,JL_2024,JL_2024,2
-3.9737723,0.945482446,CCCCCCCCCCCCCCCCCCN(C)CC#CCCCCC(=O)N(CCCCCCCC)CCCCCCCC,JL_2024,JL_2024,1
-2.9158556,-0.596779256,CCCCCCCCCCCCCCCCCCN(C)CC#CCCCCC(=O)N(CCCCCCCCCCC)CCCCCCCCCCC,JL_2024,JL_2024,0
-3.0748215,-0.312177803,CCCCCCCCCCCCCCCCCCN(C)CC#CCCCCC(=O)N(CCCCCCCCCCCC)CCCCCCCCCCCC,JL_2024,JL_2024,1
-3.4884598,-0.596779256,CCCCCCCCCCCCCCCCCCN(C)CC#CCCCC(=O)N(CCCCCCCC)CCCCCCCC,JL_2024,JL_2024,0
