IL_SMILES,quantified_toxicity,Ionizable_Lipid_Mol_Ratio,Helper_Lipid_Mol_Ratio,Cholesterol_Mol_Ratio,PEG_Lipid_Mol_Ratio,Ionizable_Lipid_to_mRNA_weight_ratio,lnLipid/Cells,lnNA/Cells,lnLipid_concentration,lnNA_concentration,Num_tails,Num_carbon_in_tail,lnMolWt,num_unsaturated_cc_bonds,num_protonatable_nitrogens,num_permanent_cationic_N,formal_net_charge,Helper_lipid_ID_DOPE,Helper_lipid_ID_DSPC,Helper_lipid_ID_MDOA,Cargo_type_mRNA,Cargo_type_siRNA,Model_type_HeLa,Model_type_HepG2,Model_type_IGROV1,Model_type_MDA_MB,Sample_weight
CCCCC(C)C(=O)Oc1cc(CNCCN(C)CCN)cc(OC(=O)C(C)CCCC)c1,1.0,35.0,16.0,46.5,2.5,10.0,3.044522437723423,1.0986122886681098,6.9565454432,5.0106352941,2.0,6,6.141312411659964,0.0,3,0,0,True,False,False,True,False,True,False,False,False,0.13010298014334065
CCCCCC(C)C(=O)Oc1cc(CNCCN(C)CCN)cc(OC(=O)C(C)CCCCC)c1,0.98503,35.0,16.0,46.5,2.5,10.0,3.044522437723423,1.0986122886681098,6.9565454432,5.0106352941,2.0,7,6.199934972709498,0.0,3,0,0,True,False,False,True,False,True,False,False,False,0.16614276197011554
CCCCC(CC)C(=O)Oc1cc(CNCCN(C)CCN)cc(OC(=O)C(CC)CCCC)c1,1.0,35.0,16.0,46.5,2.5,10.0,3.044522437723423,1.0986122886681098,6.9565454432,5.0106352941,2.0,7,6.199934972709498,0.0,3,0,0,True,False,False,True,False,True,False,False,False,0.13010298014334065
CCCCC(C)CCC(=O)Oc1cc(CNCCN(C)CCN)cc(OC(=O)CCC(C)CCC)c1,0.99583,35.0,16.0,46.5,2.5,10.0,3.044522437723423,1.0986122886681098,6.9565454432,5.0106352941,2.0,8,6.2280059451041465,0.0,3,0,0,True,False,False,True,False,True,False,False,False,0.13280339063345836
CCCCCC(C)CCC(=O)Oc1cc(CNCCN(C)CCN)cc(OC(=O)CCC(C)CCCCC)c1,1.0,35.0,16.0,46.5,2.5,10.0,3.044522437723423,1.0986122886681098,6.9565454432,5.0106352941,2.0,9,6.307779629309987,0.0,3,0,0,True,False,False,True,False,True,False,False,False,0.13010298014334065
CCCCC(CC)CCC(=O)Oc1cc(CNCCN(C)CCN)cc(OC(=O)CCC(CC)CCCC)c1,1.0,35.0,16.0,46.5,2.5,10.0,3.044522437723423,1.0986122886681098,6.9565454432,5.0106352941,2.0,8,6.307779629309987,0.0,3,0,0,True,False,False,True,False,True,False,False,False,0.13010298014334065
CCCCC(C)C(=O)Oc1cc(OC(=O)C(C)CCCC)c(CNCCN(C)CCN)c(OC(=O)C(C)CCCC)c1,1.0,35.0,16.0,46.5,2.5,10.0,3.044522437723423,1.0986122886681098,6.9565454432,5.0106352941,3.0,6,6.384914427262922,0.0,3,0,0,True,False,False,True,False,True,False,False,False,0.13010298014334065
CCCCCC(C)C(=O)Oc1cc(OC(=O)C(C)CCCCC)c(CNCCN(C)CCN)c(OC(=O)C(C)CCCCC)c1,1.0,35.0,16.0,46.5,2.5,10.0,3.044522437723423,1.0986122886681098,6.9565454432,5.0106352941,3.0,7,6.4534911316651575,0.0,3,0,0,True,False,False,True,False,True,False,False,False,0.13010298014334065
CCCCC(CC)C(=O)Oc1cc(OC(=O)C(CC)CCCC)c(CNCCN(C)CCN)c(OC(=O)C(CC)CCCC)c1,1.0,35.0,16.0,46.5,2.5,10.0,3.044522437723423,1.0986122886681098,6.9565454432,5.0106352941,3.0,7,6.4534911316651575,0.0,3,0,0,True,False,False,True,False,True,False,False,False,0.13010298014334065
CCCCC(C)CCC(=O)Oc1cc(OC(=O)CCC(C)CCCC)c(CNCCN(C)CCN)c(OC(=O)CCC(C)CCCC)c1,1.0,35.0,16.0,46.5,2.5,10.0,3.044522437723423,1.0986122886681098,6.9565454432,5.0106352941,3.0,8,6.517665364475323,0.0,3,0,0,True,False,False,True,False,True,False,False,False,0.13010298014334065
CCCCC(CC)CCC(=O)Oc1cc(OC(=O)CCC(CC)CCCC)c(CNCCN(C)CCN)c(OC(=O)CCC(CC)CCCC)c1,1.0,35.0,16.0,46.5,2.5,10.0,3.044522437723423,1.0986122886681098,6.9565454432,5.0106352941,3.0,8,6.57796844517196,0.0,3,0,0,True,False,False,True,False,True,False,False,False,0.13010298014334065
CCCCC(C)C(=O)Oc1cc(CNCCCN(C)CCCN)cc(OC(=O)C(C)CCCC)c1,1.0,35.0,16.0,46.5,2.5,10.0,3.044522437723423,1.0986122886681098,6.9565454432,5.0106352941,2.0,6,6.199934972709498,0.0,3,0,0,True,False,False,True,False,True,False,False,False,0.13010298014334065
CCCCCC(C)C(=O)Oc1cc(CNCCCN(C)CCCN)cc(OC(=O)C(C)CCCCC)c1,0.9853,35.0,16.0,46.5,2.5,10.0,3.044522437723423,1.0986122886681098,6.9565454432,5.0106352941,2.0,7,6.255310405780225,0.0,3,0,0,True,False,False,True,False,True,False,False,False,0.1648297550703317
CCCCC(CC)C(=O)Oc1cc(CNCCCN(C)CCCN)cc(OC(=O)C(CC)CCCC)c1,1.0,35.0,16.0,46.5,2.5,10.0,3.044522437723423,1.0986122886681098,6.9565454432,5.0106352941,2.0,7,6.255310405780225,0.0,3,0,0,True,False,False,True,False,True,False,False,False,0.13010298014334065
CCCCC(C)CCC(=O)Oc1cc(CNCCCN(C)CCCN)cc(OC(=O)CCC(C)CCC)c1,0.9694,35.0,16.0,46.5,2.5,10.0,3.044522437723423,1.0986122886681098,6.9565454432,5.0106352941,2.0,8,6.281889105505015,0.0,3,0,0,True,False,False,True,False,True,False,False,False,0.25869925329869714
CCCCCC(C)CCC(=O)Oc1cc(CNCCCN(C)CCCN)cc(OC(=O)CCC(C)CCCCC)c1,1.0,35.0,16.0,46.5,2.5,10.0,3.044522437723423,1.0986122886681098,6.9565454432,5.0106352941,2.0,9,6.3576325391442365,0.0,3,0,0,True,False,False,True,False,True,False,False,False,0.13010298014334065
CCCCC(CC)CCC(=O)Oc1cc(CNCCCN(C)CCCN)cc(OC(=O)CCC(CC)CCCC)c1,0.99493,35.0,16.0,46.5,2.5,10.0,3.044522437723423,1.0986122886681098,6.9565454432,5.0106352941,2.0,8,6.3576325391442365,0.0,3,0,0,True,False,False,True,False,True,False,False,False,0.13410293978953514
CCCCC(C)C(=O)Oc1cc(OC(=O)C(C)CCCC)c(CNCCCN(C)CCCN)c(OC(=O)C(C)CCCC)c1,0.97837,35.0,16.0,46.5,2.5,10.0,3.044522437723423,1.0986122886681098,6.9565454432,5.0106352941,3.0,6,6.431150711400382,0.0,3,0,0,True,False,False,True,False,True,False,False,False,0.2049151200042619
CCCCCC(C)C(=O)Oc1cc(OC(=O)C(C)CCCCC)c(CNCCCN(C)CCCN)c(OC(=O)C(C)CCCCC)c1,0.97277,35.0,16.0,46.5,2.5,10.0,3.044522437723423,1.0986122886681098,6.9565454432,5.0106352941,3.0,7,6.496728231928309,0.0,3,0,0,True,False,False,True,False,True,False,False,False,0.24074728366552678
CCCCC(CC)C(=O)Oc1cc(OC(=O)C(CC)CCCC)c(CNCCCN(C)CCCN)c(OC(=O)C(CC)CCCC)c1,0.95473,35.0,16.0,46.5,2.5,10.0,3.044522437723423,1.0986122886681098,6.9565454432,5.0106352941,3.0,7,6.496728231928309,0.0,3,0,0,True,False,False,True,False,True,False,False,False,0.28582832531985525
CCCCC(C)CCC(=O)Oc1cc(OC(=O)CCC(C)CCCC)c(CNCCCN(C)CCCN)c(OC(=O)CCC(C)CCCC)c1,0.98247,35.0,16.0,46.5,2.5,10.0,3.044522437723423,1.0986122886681098,6.9565454432,5.0106352941,3.0,8,6.558268722283239,0.0,3,0,0,True,False,False,True,False,True,False,False,False,0.17972463328546
CCCCC(CC)CCC(=O)Oc1cc(OC(=O)CCC(CC)CCCC)c(CNCCCN(C)CCCN)c(OC(=O)CCC(CC)CCCC)c1,0.9813,35.0,16.0,46.5,2.5,10.0,3.044522437723423,1.0986122886681098,6.9565454432,5.0106352941,3.0,8,6.616240537896846,0.0,3,0,0,True,False,False,True,False,True,False,False,False,0.1865525155600651
CCCCC(C)C(=O)Oc1cc(CNCCN2CCN(CCN)CC2)cc(OC(=O)C(C)CCCC)c1,1.0,35.0,16.0,46.5,2.5,10.0,3.044522437723423,1.0986122886681098,6.9565454432,5.0106352941,2.0,6,6.253334458633961,0.0,4,0,0,True,False,False,True,False,True,False,False,False,0.13010298014334065
CCCCCC(C)C(=O)Oc1cc(CNCCN2CCN(CCN)CC2)cc(OC(=O)C(C)CCCCC)c1,0.9782,35.0,16.0,46.5,2.5,10.0,3.044522437723423,1.0986122886681098,6.9565454432,5.0106352941,2.0,7,6.305904780362723,0.0,4,0,0,True,False,False,True,False,True,False,False,False,0.2060185816661453
CCCCC(CC)C(=O)Oc1cc(CNCCN2CCN(CCN)CC2)cc(OC(=O)C(CC)CCCC)c1,1.0,35.0,16.0,46.5,2.5,10.0,3.044522437723423,1.0986122886681098,6.9565454432,5.0106352941,2.0,7,6.305904780362723,0.0,4,0,0,True,False,False,True,False,True,False,False,False,0.13010298014334065
CCCCC(C)CCC(=O)Oc1cc(CNCCN2CCN(CCN)CC2)cc(OC(=O)CCC(C)CCC)c1,0.9689,35.0,16.0,46.5,2.5,10.0,3.044522437723423,1.0986122886681098,6.9565454432,5.0106352941,2.0,8,6.331188633586798,0.0,4,0,0,True,False,False,True,False,True,False,False,False,0.2609477014452656
CCCCC(CC)CCC(=O)Oc1cc(CNCCN2CCN(CCN)CC2)cc(OC(=O)CCC(CC)CCCC)c1,0.92613,35.0,16.0,46.5,2.5,10.0,3.044522437723423,1.0986122886681098,6.9565454432,5.0106352941,2.0,8,6.403416900796057,0.0,4,0,0,True,False,False,True,False,True,False,False,False,0.470218836389542
CCCCC(C)C(=O)Oc1cc(OC(=O)C(C)CCCC)c(CNCCN2CCN(CCN)CC2)c(OC(=O)C(C)CCCC)c1,0.90517,35.0,16.0,46.5,2.5,10.0,3.044522437723423,1.0986122886681098,6.9565454432,5.0106352941,3.0,6,6.473757971495338,0.0,4,0,0,True,False,False,True,False,True,False,False,False,0.8391039494913614
CCCCCC(C)C(=O)Oc1cc(OC(=O)C(C)CCCCC)c(CNCCN2CCN(CCN)CC2)c(OC(=O)C(C)CCCCC)c1,0.92677,35.0,16.0,46.5,2.5,10.0,3.044522437723423,1.0986122886681098,6.9565454432,5.0106352941,3.0,7,6.536684351188239,0.0,4,0,0,True,False,False,True,False,True,False,False,False,0.4615980918487969
CCCCC(CC)C(=O)Oc1cc(OC(=O)C(CC)CCCC)c(CNCCN2CCN(CCN)CC2)c(OC(=O)C(CC)CCCC)c1,0.9388,35.0,16.0,46.5,2.5,10.0,3.044522437723423,1.0986122886681098,6.9565454432,5.0106352941,3.0,7,6.536684351188239,0.0,4,0,0,True,False,False,True,False,True,False,False,False,0.3396277870010349
CCCCC(C)CCC(=O)Oc1cc(OC(=O)CCC(C)CCCC)c(CNCCN2CCN(CCN)CC2)c(OC(=O)CCC(C)CCCC)c1,0.93083,35.0,16.0,46.5,2.5,10.0,3.044522437723423,1.0986122886681098,6.9565454432,5.0106352941,3.0,8,6.595884333708467,0.0,4,0,0,True,False,False,True,False,True,False,False,False,0.41177102025926077
CCCCC(CC)CCC(=O)Oc1cc(OC(=O)CCC(CC)CCCC)c(CNCCN2CCN(CCN)CC2)c(OC(=O)CCC(CC)CCCC)c1,0.8946,35.0,16.0,46.5,2.5,10.0,3.044522437723423,1.0986122886681098,6.9565454432,5.0106352941,3.0,8,6.651774695397254,0.0,4,0,0,True,False,False,True,False,True,False,False,False,1.0576608859335443
CCCCC(CC)C(=O)Oc1cc(CNCCCN2CCN(CCCN)CC2)cc(OC(=O)C(CC)CCCC)c1,1.0,35.0,16.0,46.5,2.5,10.0,3.044522437723423,1.0986122886681098,6.9565454432,5.0106352941,2.0,7,6.35584894667675,0.0,4,0,0,True,False,False,True,False,True,False,False,False,0.13010298014334065
CCCCC(C)C(=O)Oc1cc(OC(=O)C(C)CCCC)c(CNCCCN2CCN(CCCN)CC2)c(OC(=O)C(C)CCCC)c1,0.99207,35.0,16.0,46.5,2.5,10.0,3.044522437723423,1.0986122886681098,6.9565454432,5.0106352941,3.0,6,6.516145737644414,0.0,4,0,0,True,False,False,True,False,True,False,False,False,0.13997187811736778
CCCCCC(C)C(=O)Oc1cc(OC(=O)C(C)CCCCC)c(CNCCCN2CCN(CCCN)CC2)c(OC(=O)C(C)CCCCC)c1,1.0,35.0,16.0,46.5,2.5,10.0,3.044522437723423,1.0986122886681098,6.9565454432,5.0106352941,3.0,7,6.57653781184498,0.0,4,0,0,True,False,False,True,False,True,False,False,False,0.13010298014334065
CCCCC(CC)C(=O)Oc1cc(OC(=O)C(CC)CCCC)c(CNCCCN2CCN(CCCN)CC2)c(OC(=O)C(CC)CCCC)c1,0.93237,35.0,16.0,46.5,2.5,10.0,3.044522437723423,1.0986122886681098,6.9565454432,5.0106352941,3.0,7,6.57653781184498,0.0,4,0,0,True,False,False,True,False,True,False,False,False,0.3951494639234267
CCCCC(C)CCC(=O)Oc1cc(OC(=O)CCC(C)CCCC)c(CNCCCN2CCN(CCCN)CC2)c(OC(=O)CCC(C)CCCC)c1,0.97247,35.0,16.0,46.5,2.5,10.0,3.044522437723423,1.0986122886681098,6.9565454432,5.0106352941,3.0,8,6.633489471284122,0.0,4,0,0,True,False,False,True,False,True,False,False,False,0.24251606212962756
CCCCC(CC)CCC(=O)Oc1cc(OC(=O)CCC(CC)CCCC)c(CNCCCN2CCN(CCCN)CC2)c(OC(=O)CCC(CC)CCCC)c1,0.96783,35.0,16.0,46.5,2.5,10.0,3.044522437723423,1.0986122886681098,6.9565454432,5.0106352941,3.0,8,6.6873716655331386,0.0,4,0,0,True,False,False,True,False,True,False,False,False,0.26535238821092827
CCCCC(C)C(=O)Oc1cc(CNCCN(C)C)cc(OC(=O)C(C)CCCC)c1,1.0,35.0,16.0,46.5,2.5,10.0,3.044522437723423,1.0986122886681098,6.9565454432,5.0106352941,2.0,6,6.076772599263163,0.0,2,0,0,True,False,False,True,False,True,False,False,False,0.13010298014334065
CCCCCC(C)C(=O)Oc1cc(CNCCN(C)C)cc(OC(=O)C(C)CCCCC)c1,1.0,35.0,16.0,46.5,2.5,10.0,3.044522437723423,1.0986122886681098,6.9565454432,5.0106352941,2.0,7,6.139183875775351,0.0,2,0,0,True,False,False,True,False,True,False,False,False,0.13010298014334065
CCCCC(CC)C(=O)Oc1cc(CNCCN(C)C)cc(OC(=O)C(CC)CCCC)c1,0.97207,35.0,16.0,46.5,2.5,10.0,3.044522437723423,1.0986122886681098,6.9565454432,5.0106352941,2.0,7,6.139183875775351,0.0,2,0,0,True,False,False,True,False,True,False,False,False,0.2448297691654885
CCCCC(C)CCC(=O)Oc1cc(CNCCN(C)C)cc(OC(=O)CCC(C)CCC)c1,0.92567,35.0,16.0,46.5,2.5,10.0,3.044522437723423,1.0986122886681098,6.9565454432,5.0106352941,2.0,8,6.168987107115225,0.0,2,0,0,True,False,False,True,False,True,False,False,False,0.4765387679588204
CCCCCC(C)CCC(=O)Oc1cc(CNCCN(C)C)cc(OC(=O)CCC(C)CCCCC)c1,0.9312,35.0,16.0,46.5,2.5,10.0,3.044522437723423,1.0986122886681098,6.9565454432,5.0106352941,2.0,9,6.253411416786079,0.0,2,0,0,True,False,False,True,False,True,False,False,False,0.4076609628146135
CCCCC(CC)CCC(=O)Oc1cc(CNCCN(C)C)cc(OC(=O)CCC(CC)CCCC)c1,0.96303,35.0,16.0,46.5,2.5,10.0,3.044522437723423,1.0986122886681098,6.9565454432,5.0106352941,2.0,8,6.253411416786079,0.0,2,0,0,True,False,False,True,False,True,False,False,False,0.27837037731703257
CCCCC(C)C(=O)Oc1cc(OC(=O)C(C)CCCC)c(CNCCN(C)C)c(OC(=O)C(C)CCCC)c1,1.0,35.0,16.0,46.5,2.5,10.0,3.044522437723423,1.0986122886681098,6.9565454432,5.0106352941,3.0,6,6.334685389150466,0.0,2,0,0,True,False,False,True,False,True,False,False,False,0.13010298014334065
CCCCCC(C)C(=O)Oc1cc(OC(=O)C(C)CCCCC)c(CNCCN(C)C)c(OC(=O)C(C)CCCCC)c1,1.0,35.0,16.0,46.5,2.5,10.0,3.044522437723423,1.0986122886681098,6.9565454432,5.0106352941,3.0,7,6.406670393149158,0.0,2,0,0,True,False,False,True,False,True,False,False,False,0.13010298014334065
CCCCC(CC)C(=O)Oc1cc(OC(=O)C(CC)CCCC)c(CNCCN(C)C)c(OC(=O)C(CC)CCCC)c1,0.98683,35.0,16.0,46.5,2.5,10.0,3.044522437723423,1.0986122886681098,6.9565454432,5.0106352941,3.0,7,6.406670393149158,0.0,2,0,0,True,False,False,True,False,True,False,False,False,0.15784642558139486
CCCCC(C)CCC(=O)Oc1cc(OC(=O)CCC(C)CCCC)c(CNCCN(C)C)c(OC(=O)CCC(C)CCCC)c1,0.95127,35.0,16.0,46.5,2.5,10.0,3.044522437723423,1.0986122886681098,6.9565454432,5.0106352941,3.0,8,6.473819706178211,0.0,2,0,0,True,False,False,True,False,True,False,False,False,0.28981101935987996
CCCCC(CC)CCC(=O)Oc1cc(OC(=O)CCC(CC)CCCC)c(CNCCN(C)C)c(OC(=O)CCC(CC)CCCC)c1,0.98587,35.0,16.0,46.5,2.5,10.0,3.044522437723423,1.0986122886681098,6.9565454432,5.0106352941,3.0,8,6.536742320942535,0.0,2,0,0,True,False,False,True,False,True,False,False,False,0.1621366222630227
CCCCC(C)C(=O)Oc1cc(CNCCCN(C)C)cc(OC(=O)C(C)CCCC)c1,0.9604,35.0,16.0,46.5,2.5,10.0,3.044522437723423,1.0986122886681098,6.9565454432,5.0106352941,2.0,6,6.108465054446707,0.0,2,0,0,True,False,False,True,False,True,False,False,False,0.281733107228823
CCCCCC(C)C(=O)Oc1cc(CNCCCN(C)C)cc(OC(=O)C(C)CCCCC)c1,0.97493,35.0,16.0,46.5,2.5,10.0,3.044522437723423,1.0986122886681098,6.9565454432,5.0106352941,2.0,7,6.168987107115225,0.0,2,0,0,True,False,False,True,False,True,False,False,False,0.22733880795677802
CCCCC(CC)C(=O)Oc1cc(CNCCCN(C)C)cc(OC(=O)C(CC)CCCC)c1,0.9595,35.0,16.0,46.5,2.5,10.0,3.044522437723423,1.0986122886681098,6.9565454432,5.0106352941,2.0,7,6.168987107115225,0.0,2,0,0,True,False,False,True,False,True,False,False,False,0.282510893202139
CCCCC(C)CCC(=O)Oc1cc(CNCCCN(C)C)cc(OC(=O)CCC(C)CCC)c1,0.9143,35.0,16.0,46.5,2.5,10.0,3.044522437723423,1.0986122886681098,6.9565454432,5.0106352941,2.0,8,6.197927751730966,0.0,2,0,0,True,False,False,True,False,True,False,False,False,0.6613434073498742
CCCCCC(C)CCC(=O)Oc1cc(CNCCCN(C)C)cc(OC(=O)CCC(C)CCCCC)c1,1.0,35.0,16.0,46.5,2.5,10.0,3.044522437723423,1.0986122886681098,6.9565454432,5.0106352941,2.0,9,6.280039970403045,0.0,2,0,0,True,False,False,True,False,True,False,False,False,0.13010298014334065
CCCCC(CC)CCC(=O)Oc1cc(CNCCCN(C)C)cc(OC(=O)CCC(CC)CCCC)c1,1.0,35.0,16.0,46.5,2.5,10.0,3.044522437723423,1.0986122886681098,6.9565454432,5.0106352941,2.0,8,6.280039970403045,0.0,2,0,0,True,False,False,True,False,True,False,False,False,0.13010298014334065
CCCCC(C)C(=O)Oc1cc(OC(=O)C(C)CCCC)c(CNCCCN(C)C)c(OC(=O)C(C)CCCC)c1,1.0,35.0,16.0,46.5,2.5,10.0,3.044522437723423,1.0986122886681098,6.9565454432,5.0106352941,3.0,6,6.35926067084213,0.0,2,0,0,True,False,False,True,False,True,False,False,False,0.13010298014334065
CCCCCC(C)C(=O)Oc1cc(OC(=O)C(C)CCCCC)c(CNCCCN(C)C)c(OC(=O)C(C)CCCCC)c1,1.0,35.0,16.0,46.5,2.5,10.0,3.044522437723423,1.0986122886681098,6.9565454432,5.0106352941,3.0,7,6.429558174707874,0.0,2,0,0,True,False,False,True,False,True,False,False,False,0.13010298014334065
CCCCC(CC)C(=O)Oc1cc(OC(=O)C(CC)CCCC)c(CNCCCN(C)C)c(OC(=O)C(CC)CCCC)c1,1.0,35.0,16.0,46.5,2.5,10.0,3.044522437723423,1.0986122886681098,6.9565454432,5.0106352941,3.0,7,6.429558174707874,0.0,2,0,0,True,False,False,True,False,True,False,False,False,0.13010298014334065
CCCCC(C)CCC(=O)Oc1cc(OC(=O)CCC(C)CCCC)c(CNCCCN(C)C)c(OC(=O)CCC(C)CCCC)c1,1.0,35.0,16.0,46.5,2.5,10.0,3.044522437723423,1.0986122886681098,6.9565454432,5.0106352941,3.0,8,6.495236854618785,0.0,2,0,0,True,False,False,True,False,True,False,False,False,0.13010298014334065
CCCCC(CC)CCC(=O)Oc1cc(OC(=O)CCC(CC)CCCC)c(CNCCCN(C)C)c(OC(=O)CCC(CC)CCCC)c1,0.99337,35.0,16.0,46.5,2.5,10.0,3.044522437723423,1.0986122886681098,6.9565454432,5.0106352941,3.0,8,6.556866420462086,0.0,2,0,0,True,False,False,True,False,True,False,False,False,0.13697253283768
CCCCC(C)C(=O)Oc1cc(CNCCN(CC)CC)cc(OC(=O)C(C)CCCC)c1,0.96347,35.0,16.0,46.5,2.5,10.0,3.044522437723423,1.0986122886681098,6.9565454432,5.0106352941,2.0,6,6.139183875775351,0.0,2,0,0,True,False,False,True,False,True,False,False,False,0.2775941095123117
CCCCCC(C)C(=O)Oc1cc(CNCCN(CC)CC)cc(OC(=O)C(C)CCCCC)c1,0.93583,35.0,16.0,46.5,2.5,10.0,3.044522437723423,1.0986122886681098,6.9565454432,5.0106352941,2.0,7,6.197927751730966,0.0,2,0,0,True,False,False,True,False,True,False,False,False,0.36249822041217183
CCCCC(CC)C(=O)Oc1cc(CNCCN(CC)CC)cc(OC(=O)C(CC)CCCC)c1,1.0,35.0,16.0,46.5,2.5,10.0,3.044522437723423,1.0986122886681098,6.9565454432,5.0106352941,2.0,7,6.197927751730966,0.0,2,0,0,True,False,False,True,False,True,False,False,False,0.13010298014334065
CCCCC(C)CCC(=O)Oc1cc(CNCCN(CC)CC)cc(OC(=O)CCC(C)CCC)c1,0.93537,35.0,16.0,46.5,2.5,10.0,3.044522437723423,1.0986122886681098,6.9565454432,5.0106352941,2.0,8,6.226054339546441,0.0,2,0,0,True,False,False,True,False,True,False,False,False,0.36646410099807847
CCCCCC(C)CCC(=O)Oc1cc(CNCCN(CC)CC)cc(OC(=O)CCC(C)CCCCC)c1,0.97627,35.0,16.0,46.5,2.5,10.0,3.044522437723423,1.0986122886681098,6.9565454432,5.0106352941,2.0,9,6.3059777974469275,0.0,2,0,0,True,False,False,True,False,True,False,False,False,0.21864172712354646
CCCCC(CC)CCC(=O)Oc1cc(CNCCN(CC)CC)cc(OC(=O)CCC(CC)CCCC)c1,0.96843,35.0,16.0,46.5,2.5,10.0,3.044522437723423,1.0986122886681098,6.9565454432,5.0106352941,2.0,8,6.3059777974469275,0.0,2,0,0,True,False,False,True,False,True,False,False,False,0.26295160618577795
CCCCC(C)C(=O)Oc1cc(OC(=O)C(C)CCCC)c(CNCCN(CC)CC)c(OC(=O)C(C)CCCC)c1,1.0,35.0,16.0,46.5,2.5,10.0,3.044522437723423,1.0986122886681098,6.9565454432,5.0106352941,3.0,6,6.383246465907858,0.0,2,0,0,True,False,False,True,False,True,False,False,False,0.13010298014334065
CCCCCC(C)C(=O)Oc1cc(OC(=O)C(C)CCCCC)c(CNCCN(CC)CC)c(OC(=O)C(C)CCCCC)c1,0.98467,35.0,16.0,46.5,2.5,10.0,3.044522437723423,1.0986122886681098,6.9565454432,5.0106352941,3.0,7,6.451933805852046,0.0,2,0,0,True,False,False,True,False,True,False,False,False,0.16793022929875592
CCCCC(CC)C(=O)Oc1cc(OC(=O)C(CC)CCCC)c(CNCCN(CC)CC)c(OC(=O)C(CC)CCCC)c1,0.9862,35.0,16.0,46.5,2.5,10.0,3.044522437723423,1.0986122886681098,6.9565454432,5.0106352941,3.0,7,6.451933805852046,0.0,2,0,0,True,False,False,True,False,True,False,False,False,0.16062686219555272
CCCCC(C)CCC(=O)Oc1cc(OC(=O)CCC(C)CCCC)c(CNCCN(CC)CC)c(OC(=O)CCC(C)CCCC)c1,0.98057,35.0,16.0,46.5,2.5,10.0,3.044522437723423,1.0986122886681098,6.9565454432,5.0106352941,3.0,8,6.5162049102924655,0.0,2,0,0,True,False,False,True,False,True,False,False,False,0.19097976777071204
CCCCC(CC)CCC(=O)Oc1cc(OC(=O)CCC(CC)CCCC)c(CNCCN(CC)CC)c(OC(=O)CCC(CC)CCCC)c1,0.98277,35.0,16.0,46.5,2.5,10.0,3.044522437723423,1.0986122886681098,6.9565454432,5.0106352941,3.0,8,6.576593516798139,0.0,2,0,0,True,False,False,True,False,True,False,False,False,0.1780324009520098
CCCCC(C)C(=O)Oc1cc(CNCCCN(CC)CC)cc(OC(=O)C(C)CCCC)c1,0.97423,35.0,16.0,46.5,2.5,10.0,3.044522437723423,1.0986122886681098,6.9565454432,5.0106352941,2.0,6,6.168987107115225,0.0,2,0,0,True,False,False,True,False,True,False,False,False,0.23179223062683163
CCCCCC(C)C(=O)Oc1cc(CNCCCN(CC)CC)cc(OC(=O)C(C)CCCCC)c1,1.0,35.0,16.0,46.5,2.5,10.0,3.044522437723423,1.0986122886681098,6.9565454432,5.0106352941,2.0,7,6.226054339546441,0.0,2,0,0,True,False,False,True,False,True,False,False,False,0.13010298014334065
CCCCC(CC)C(=O)Oc1cc(CNCCCN(CC)CC)cc(OC(=O)C(CC)CCCC)c1,1.0,35.0,16.0,46.5,2.5,10.0,3.044522437723423,1.0986122886681098,6.9565454432,5.0106352941,2.0,7,6.226054339546441,0.0,2,0,0,True,False,False,True,False,True,False,False,False,0.13010298014334065
CCCCC(C)CCC(=O)Oc1cc(CNCCCN(CC)CC)cc(OC(=O)CCC(C)CCC)c1,1.0,35.0,16.0,46.5,2.5,10.0,3.044522437723423,1.0986122886681098,6.9565454432,5.0106352941,2.0,8,6.253411416786079,0.0,2,0,0,True,False,False,True,False,True,False,False,False,0.13010298014334065
CCCCCC(C)CCC(=O)Oc1cc(CNCCCN(CC)CC)cc(OC(=O)CCC(C)CCCCC)c1,0.99847,35.0,16.0,46.5,2.5,10.0,3.044522437723423,1.0986122886681098,6.9565454432,5.0106352941,2.0,9,6.331259827726127,0.0,2,0,0,True,False,False,True,False,True,False,False,False,0.13046513288175332
CCCCC(CC)CCC(=O)Oc1cc(CNCCCN(CC)CC)cc(OC(=O)CCC(CC)CCCC)c1,0.9952,35.0,16.0,46.5,2.5,10.0,3.044522437723423,1.0986122886681098,6.9565454432,5.0106352941,2.0,8,6.331259827726127,0.0,2,0,0,True,False,False,True,False,True,False,False,False,0.13368593883441904
CCCCC(C)C(=O)Oc1cc(OC(=O)C(C)CCCC)c(CNCCCN(CC)CC)c(OC(=O)C(C)CCCC)c1,0.9867,35.0,16.0,46.5,2.5,10.0,3.044522437723423,1.0986122886681098,6.9565454432,5.0106352941,3.0,6,6.406670393149158,0.0,2,0,0,True,False,False,True,False,True,False,False,False,0.15840916547868986
CCCCCC(C)C(=O)Oc1cc(OC(=O)C(C)CCCCC)c(CNCCCN(CC)CC)c(OC(=O)C(C)CCCCC)c1,0.97557,35.0,16.0,46.5,2.5,10.0,3.044522437723423,1.0986122886681098,6.9565454432,5.0106352941,3.0,7,6.473819706178211,0.0,2,0,0,True,False,False,True,False,True,False,False,False,0.22320579175987532
CCCCC(CC)C(=O)Oc1cc(OC(=O)C(CC)CCCC)c(CNCCCN(CC)CC)c(OC(=O)C(CC)CCCC)c1,1.0,35.0,16.0,46.5,2.5,10.0,3.044522437723423,1.0986122886681098,6.9565454432,5.0106352941,3.0,7,6.473819706178211,0.0,2,0,0,True,False,False,True,False,True,False,False,False,0.13010298014334065
CCCCC(C)CCC(=O)Oc1cc(OC(=O)CCC(C)CCCC)c(CNCCCN(CC)CC)c(OC(=O)CCC(C)CCCC)c1,1.0,35.0,16.0,46.5,2.5,10.0,3.044522437723423,1.0986122886681098,6.9565454432,5.0106352941,3.0,8,6.536742320942535,0.0,2,0,0,True,False,False,True,False,True,False,False,False,0.13010298014334065
CCCCC(CC)CCC(=O)Oc1cc(OC(=O)CCC(CC)CCCC)c(CNCCCN(CC)CC)c(OC(=O)CCC(CC)CCCC)c1,1.0,35.0,16.0,46.5,2.5,10.0,3.044522437723423,1.0986122886681098,6.9565454432,5.0106352941,3.0,8,6.595938971351631,0.0,2,0,0,True,False,False,True,False,True,False,False,False,0.13010298014334065
CCCCC(C)C(=O)Oc1cc(OC(=O)C(C)CCCC)c(CNCCN2CCN(C)CC2)c(OC(=O)C(C)CCCC)c1,0.99387,35.0,16.0,46.5,2.5,10.0,3.044522437723423,1.0986122886681098,6.9565454432,5.0106352941,3.0,6,6.427898466164284,0.0,3,0,0,True,False,False,True,False,True,False,False,False,0.13596683584456787
CCCCCC(C)C(=O)Oc1cc(OC(=O)C(C)CCCCC)c(CNCCN2CCN(C)CC2)c(OC(=O)C(C)CCCCC)c1,0.9941,35.0,16.0,46.5,2.5,10.0,3.044522437723423,1.0986122886681098,6.9565454432,5.0106352941,3.0,7,6.493682732936358,0.0,3,0,0,True,False,False,True,False,True,False,False,False,0.13553154800748538
CCCCC(CC)C(=O)Oc1cc(OC(=O)C(CC)CCCC)c(CNCCN2CCN(C)CC2)c(OC(=O)C(CC)CCCC)c1,1.0,35.0,16.0,46.5,2.5,10.0,3.044522437723423,1.0986122886681098,6.9565454432,5.0106352941,3.0,7,6.493682732936358,0.0,3,0,0,True,False,False,True,False,True,False,False,False,0.13010298014334065
CCCCC(C)CCC(=O)Oc1cc(OC(=O)CCC(C)CCCC)c(CNCCN2CCN(C)CC2)c(OC(=O)CCC(C)CCCC)c1,1.0,35.0,16.0,46.5,2.5,10.0,3.044522437723423,1.0986122886681098,6.9565454432,5.0106352941,3.0,8,6.555405254794784,0.0,3,0,0,True,False,False,True,False,True,False,False,False,0.13010298014334065
CCCCC(CC)CCC(=O)Oc1cc(OC(=O)CCC(CC)CCCC)c(CNCCN2CCN(C)CC2)c(OC(=O)CCC(CC)CCCC)c1,1.0,35.0,16.0,46.5,2.5,10.0,3.044522437723423,1.0986122886681098,6.9565454432,5.0106352941,3.0,8,6.613538568883015,0.0,3,0,0,True,False,False,True,False,True,False,False,False,0.13010298014334065
CCCCC(C)C(=O)Oc1cc(OC(=O)C(C)CCCC)c(CNCCCN2CCN(C)CC2)c(OC(=O)C(C)CCCC)c1,0.9811,35.0,16.0,46.5,2.5,10.0,3.044522437723423,1.0986122886681098,6.9565454432,5.0106352941,3.0,6,6.4503108517515715,0.0,3,0,0,True,False,False,True,False,True,False,False,False,0.18775356969761486
CCCCCC(C)C(=O)Oc1cc(OC(=O)C(C)CCCCC)c(CNCCCN2CCN(C)CC2)c(OC(=O)C(C)CCCCC)c1,0.9819,35.0,16.0,46.5,2.5,10.0,3.044522437723423,1.0986122886681098,6.9565454432,5.0106352941,3.0,7,6.514683060803934,0.0,3,0,0,True,False,False,True,False,True,False,False,False,0.18300718830616333
CCCCC(CC)C(=O)Oc1cc(OC(=O)C(CC)CCCC)c(CNCCCN2CCN(C)CC2)c(OC(=O)C(CC)CCCC)c1,0.99247,35.0,16.0,46.5,2.5,10.0,3.044522437723423,1.0986122886681098,6.9565454432,5.0106352941,3.0,7,6.514683060803934,0.0,3,0,0,True,False,False,True,False,True,False,False,False,0.13898946063878648
CCCCC(C)C(=O)Oc1cc(CNCCCN)cc(OC(=O)C(C)CCCC)c1,0.9383,35.0,16.0,46.5,2.5,10.0,3.044522437723423,1.0986122886681098,6.9565454432,5.0106352941,2.0,6,6.044042765626833,0.0,2,0,0,True,False,False,True,False,True,False,False,False,0.34314980606831885
CCCCCC(C)C(=O)Oc1cc(CNCCCN)cc(OC(=O)C(C)CCCCC)c1,0.99573,35.0,16.0,46.5,2.5,10.0,3.044522437723423,1.0986122886681098,6.9565454432,5.0106352941,2.0,7,6.108465054446708,0.0,2,0,0,True,False,False,True,False,True,False,False,False,0.13293504957313765
CCCCC(CC)C(=O)Oc1cc(CNCCCN)cc(OC(=O)C(CC)CCCC)c1,0.9988,35.0,16.0,46.5,2.5,10.0,3.044522437723423,1.0986122886681098,6.9565454432,5.0106352941,2.0,7,6.108465054446708,0.0,2,0,0,True,False,False,True,False,True,False,False,False,0.1303257059621272
CCCCC(C)CCC(=O)Oc1cc(CNCCCN)cc(OC(=O)CCC(C)CCC)c1,1.0,35.0,16.0,46.5,2.5,10.0,3.044522437723423,1.0986122886681098,6.9565454432,5.0106352941,2.0,8,6.139183875775351,0.0,2,0,0,True,False,False,True,False,True,False,False,False,0.13010298014334065
CCCCCC(C)CCC(=O)Oc1cc(CNCCCN)cc(OC(=O)CCC(C)CCCCC)c1,1.0,35.0,16.0,46.5,2.5,10.0,3.044522437723423,1.0986122886681098,6.9565454432,5.0106352941,2.0,9,6.226054339546441,0.0,2,0,0,True,False,False,True,False,True,False,False,False,0.13010298014334065
CCCCC(CC)CCC(=O)Oc1cc(CNCCCN)cc(OC(=O)CCC(CC)CCCC)c1,1.0,35.0,16.0,46.5,2.5,10.0,3.044522437723423,1.0986122886681098,6.9565454432,5.0106352941,2.0,8,6.226054339546441,0.0,2,0,0,True,False,False,True,False,True,False,False,False,0.13010298014334065
CCCCC(C)C(=O)Oc1cc(OC(=O)C(C)CCCC)c(CNCCCN)c(OC(=O)C(C)CCCC)c1,1.0,35.0,16.0,46.5,2.5,10.0,3.044522437723423,1.0986122886681098,6.9565454432,5.0106352941,3.0,6,6.309490914192243,0.0,2,0,0,True,False,False,True,False,True,False,False,False,0.13010298014334065
CCCCCC(C)C(=O)Oc1cc(OC(=O)C(C)CCCCC)c(CNCCCN)c(OC(=O)C(C)CCCCC)c1,0.96133,35.0,16.0,46.5,2.5,10.0,3.044522437723423,1.0986122886681098,6.9565454432,5.0106352941,3.0,7,6.383246465907858,0.0,2,0,0,True,False,False,True,False,True,False,False,False,0.2807602106533322
CCCCC(CC)C(=O)Oc1cc(OC(=O)C(CC)CCCC)c(CNCCCN)c(OC(=O)C(CC)CCCC)c1,0.99187,35.0,16.0,46.5,2.5,10.0,3.044522437723423,1.0986122886681098,6.9565454432,5.0106352941,3.0,7,6.383246465907858,0.0,2,0,0,True,False,False,True,False,True,False,False,False,0.1404830693298735
CCCCC(C)CCC(=O)Oc1cc(OC(=O)CCC(C)CCCC)c(CNCCCN)c(OC(=O)CCC(C)CCCC)c1,0.98403,35.0,16.0,46.5,2.5,10.0,3.044522437723423,1.0986122886681098,6.9565454432,5.0106352941,3.0,8,6.451933805852046,0.0,2,0,0,True,False,False,True,False,True,False,False,False,0.1712098961676748
CCCCC(CC)CCC(=O)Oc1cc(OC(=O)CCC(CC)CCCC)c(CNCCCN)c(OC(=O)CCC(CC)CCCC)c1,0.9475,35.0,16.0,46.5,2.5,10.0,3.044522437723423,1.0986122886681098,6.9565454432,5.0106352941,3.0,8,6.5162049102924655,0.0,2,0,0,True,False,False,True,False,True,False,False,False,0.2980004044416539
CCCCC(C)C(=O)Oc1cc(CNCCN(CCN)CCN)cc(OC(=O)C(C)CCCC)c1,0.95697,35.0,16.0,46.5,2.5,10.0,3.044522437723423,1.0986122886681098,6.9565454432,5.0106352941,2.0,6,6.201938172821393,0.0,4,0,0,True,False,False,True,False,True,False,False,False,0.2842409644326957
CCCCCC(C)C(=O)Oc1cc(CNCCN(CCN)CCN)cc(OC(=O)C(C)CCCCC)c1,0.9885,35.0,16.0,46.5,2.5,10.0,3.044522437723423,1.0986122886681098,6.9565454432,5.0106352941,2.0,7,6.25720579544917,0.0,4,0,0,True,False,False,True,False,True,False,False,False,0.15113072600364647
CCCCC(CC)C(=O)Oc1cc(CNCCN(CCN)CCN)cc(OC(=O)C(CC)CCCC)c1,0.99083,35.0,16.0,46.5,2.5,10.0,3.044522437723423,1.0986122886681098,6.9565454432,5.0106352941,2.0,7,6.25720579544917,0.0,4,0,0,True,False,False,True,False,True,False,False,False,0.14335752210355
CCCCC(C)CCC(=O)Oc1cc(CNCCN(CCN)CCN)cc(OC(=O)CCC(C)CCC)c1,0.98883,35.0,16.0,46.5,2.5,10.0,3.044522437723423,1.0986122886681098,6.9565454432,5.0106352941,2.0,8,6.283734827616468,0.0,4,0,0,True,False,False,True,False,True,False,False,False,0.14991684374013906
CCCCCC(C)CCC(=O)Oc1cc(CNCCN(CCN)CCN)cc(OC(=O)CCC(C)CCCCC)c1,0.94983,35.0,16.0,46.5,2.5,10.0,3.044522437723423,1.0986122886681098,6.9565454432,5.0106352941,2.0,9,6.3593437383882065,0.0,4,0,0,True,False,False,True,False,True,False,False,False,0.292373788307345
CCCCC(CC)CCC(=O)Oc1cc(CNCCN(CCN)CCN)cc(OC(=O)CCC(CC)CCCC)c1,0.98033,35.0,16.0,46.5,2.5,10.0,3.044522437723423,1.0986122886681098,6.9565454432,5.0106352941,2.0,8,6.3593437383882065,0.0,4,0,0,True,False,False,True,False,True,False,False,False,0.19246020876704267
CCCCC(C)C(=O)Oc1cc(OC(=O)C(C)CCCC)c(CNCCN(CCN)CCN)c(OC(=O)C(C)CCCC)c1,1.0,35.0,16.0,46.5,2.5,10.0,3.044522437723423,1.0986122886681098,6.9565454432,5.0106352941,3.0,6,6.432740715951765,0.0,4,0,0,True,False,False,True,False,True,False,False,False,0.13010298014334065
CCCCCC(C)C(=O)Oc1cc(OC(=O)C(C)CCCCC)c(CNCCN(CCN)CCN)c(OC(=O)C(C)CCCCC)c1,0.9772,35.0,16.0,46.5,2.5,10.0,3.044522437723423,1.0986122886681098,6.9565454432,5.0106352941,3.0,7,6.498217388343333,0.0,4,0,0,True,False,False,True,False,True,False,False,False,0.21254891912191967
CCCCC(CC)C(=O)Oc1cc(OC(=O)C(CC)CCCC)c(CNCCN(CCN)CCN)c(OC(=O)C(CC)CCCC)c1,0.9582,35.0,16.0,46.5,2.5,10.0,3.044522437723423,1.0986122886681098,6.9565454432,5.0106352941,3.0,7,6.498217388343333,0.0,4,0,0,True,False,False,True,False,True,False,False,False,0.283446690038287
CCCCC(C)CCC(=O)Oc1cc(OC(=O)CCC(C)CCCC)c(CNCCN(CCN)CCN)c(OC(=O)CCC(C)CCCC)c1,0.91787,35.0,16.0,46.5,2.5,10.0,3.044522437723423,1.0986122886681098,6.9565454432,5.0106352941,3.0,8,6.559669060407369,0.0,4,0,0,True,False,False,True,False,True,False,False,False,0.5980176765010835
CCCCC(CC)CCC(=O)Oc1cc(OC(=O)CCC(CC)CCCC)c(CNCCN(CCN)CCN)c(OC(=O)CCC(CC)CCCC)c1,0.90483,35.0,16.0,46.5,2.5,10.0,3.044522437723423,1.0986122886681098,6.9565454432,5.0106352941,3.0,8,6.617562056229951,0.0,4,0,0,True,False,False,True,False,True,False,False,False,0.8460465232372912
CCCCC(O)CN(CC(O)CCCC)CC1CCC(N(CC(O)CCCC)CC(O)CCCC)C(OC2C(O)C(OC3CCC(C)(O)C(N(C)CC(O)CCCC)C3O)C(N(CC(O)CCCC)CC(O)CCCC)CC2N(CC(O)CCCC)CC(O)CCCC)O1,1.0,15.0,15.0,30.0,3.0,20.0,3.9318256327243257,1.252762968495368,7.7485376741,5.0694700798,9.0,6,7.207879130506277,0.0,5,0,0,True,False,False,True,False,False,False,True,False,0.13010298014334065
CCCCCCC(O)CN(CC(O)CCCCCC)CC1CCC(N(CC(O)CCCCCC)CC(O)CCCCCC)C(OC2C(O)C(OC3CCC(C)(O)C(N(C)CC(O)CCCCCC)C3O)C(N(CC(O)CCCCCC)CC(O)CCCCCC)CC2N(CC(O)CCCCCC)CC(O)CCCCCC)O1,1.0,15.0,15.0,30.0,3.0,20.0,3.9318256327243257,1.252762968495368,7.7485376741,5.0694700798,9.0,8,7.37932767706632,0.0,5,0,0,True,False,False,True,False,False,False,True,False,0.13010298014334065
CCCCCCCCC(O)CN(CC(O)CCCCCCCC)CC1CCC(N(CC(O)CCCCCCCC)CC(O)CCCCCCCC)C(OC2C(O)C(OC3CCC(C)(O)C(N(C)CC(O)CCCCCCCC)C3O)C(N(CC(O)CCCCCCCC)CC(O)CCCCCCCC)CC2N(CC(O)CCCCCCCC)CC(O)CCCCCCCC)O1,1.0,15.0,15.0,30.0,3.0,20.0,3.9318256327243257,1.252762968495368,7.7485376741,5.0694700798,9.0,10,7.525638896873839,0.0,5,0,0,True,False,False,True,False,False,False,True,False,0.13010298014334065
CC(C)CCCCCC(O)CN(CC(O)CCCCCC(C)C)CC1CCC(N(CC(O)CCCCCC(C)C)CC(O)CCCCCC(C)C)C(OC2C(O)C(OC3CCC(C)(O)C(N(C)CC(O)CCCCCC(C)C)C3O)C(N(CC(O)CCCCCC(C)C)CC(O)CCCCCC(C)C)CC2N(CC(O)CCCCCC(C)C)CC(O)CCCCCC(C)C)O1,1.0,15.0,15.0,30.0,3.0,20.0,3.9318256327243257,1.252762968495368,7.7485376741,5.0694700798,9.0,9,7.525638896873838,0.0,5,0,0,True,False,False,True,False,False,False,True,False,0.13010298014334065
CCCCCCCCCCC(O)CN(CC(O)CCCCCCCCCC)CC1CCC(N(CC(O)CCCCCCCCCC)CC(O)CCCCCCCCCC)C(OC2C(O)C(OC3CCC(C)(O)C(N(C)CC(O)CCCCCCCCCC)C3O)C(N(CC(O)CCCCCCCCCC)CC(O)CCCCCCCCCC)CC2N(CC(O)CCCCCCCCCC)CC(O)CCCCCCCCCC)O1,0.77424,15.0,15.0,30.0,3.0,20.0,3.9318256327243257,1.252762968495368,7.7485376741,5.0694700798,9.0,12,7.653250097913622,0.0,5,0,0,True,False,False,True,False,False,False,True,False,3.860411673635963
CCCCCCCCCCCCC(O)CN(CC(O)CCCCCCCCCCCC)CC1CCC(N(CC(O)CCCCCCCCCCCC)CC(O)CCCCCCCCCCCC)C(OC2C(O)C(OC3CCC(C)(O)C(N(C)CC(O)CCCCCCCCCCCC)C3O)C(N(CC(O)CCCCCCCCCCCC)CC(O)CCCCCCCCCCCC)CC2N(CC(O)CCCCCCCCCCCC)CC(O)CCCCCCCCCCCC)O1,0.92244,15.0,15.0,30.0,3.0,20.0,3.9318256327243257,1.252762968495368,7.7485376741,5.0694700798,9.0,14,7.766404186074453,0.0,5,0,0,True,False,False,True,False,False,False,True,False,0.523707511062892
CCCCC(O)CN(CCC(O)C(=O)N(CC(O)CCCC)C1CC(N(CC(O)CCCC)CC(O)CCCC)C(OC2OC(CN(CC(O)CCCC)CC(O)CCCC)C(O)C(O)C2O)C(O)C1OC1OC(CO)C(O)C(N(CC(O)CCCC)CC(O)CCCC)C1O)CC(O)CCCC,1.0,15.0,15.0,30.0,3.0,20.0,3.9318256327243257,1.252762968495368,7.7485376741,5.0694700798,9.0,6,7.305226521110977,0.0,4,0,0,True,False,False,True,False,False,False,True,False,0.13010298014334065
CCCCCCC(O)CN(CCC(O)C(=O)N(CC(O)CCCCCC)C1CC(N(CC(O)CCCCCC)CC(O)CCCCCC)C(OC2OC(CN(CC(O)CCCCCC)CC(O)CCCCCC)C(O)C(O)C2O)C(O)C1OC1OC(CO)C(O)C(N(CC(O)CCCCCC)CC(O)CCCCCC)C1O)CC(O)CCCCCC,1.0,15.0,15.0,30.0,3.0,20.0,3.9318256327243257,1.252762968495368,7.7485376741,5.0694700798,9.0,8,7.4619524124907,0.0,4,0,0,True,False,False,True,False,False,False,True,False,0.13010298014334065
CCCCCCCCC(O)CN(CCC(O)C(=O)N(CC(O)CCCCCCCC)C1CC(N(CC(O)CCCCCCCC)CC(O)CCCCCCCC)C(OC2OC(CN(CC(O)CCCCCCCC)CC(O)CCCCCCCC)C(O)C(O)C2O)C(O)C1OC1OC(CO)C(O)C(N(CC(O)CCCCCCCC)CC(O)CCCCCCCC)C1O)CC(O)CCCCCCCC,1.0,15.0,15.0,30.0,3.0,20.0,3.9318256327243257,1.252762968495368,7.7485376741,5.0694700798,9.0,10,7.59741087103518,0.0,4,0,0,True,False,False,True,False,False,False,True,False,0.13010298014334065
CC(C)CCCCCC(O)CN(CCC(O)C(=O)N(CC(O)CCCCCC(C)C)C1CC(N(CC(O)CCCCCC(C)C)CC(O)CCCCCC(C)C)C(OC2OC(CN(CC(O)CCCCCC(C)C)CC(O)CCCCCC(C)C)C(O)C(O)C2O)C(O)C1OC1OC(CO)C(O)C(N(CC(O)CCCCCC(C)C)CC(O)CCCCCC(C)C)C1O)CC(O)CCCCCC(C)C,1.0,15.0,15.0,30.0,3.0,20.0,3.9318256327243257,1.252762968495368,7.7485376741,5.0694700798,9.0,9,7.59741087103518,0.0,4,0,0,True,False,False,True,False,False,False,True,False,0.13010298014334065
CCCCCCCCCCC(O)CN(CCC(O)C(=O)N(CC(O)CCCCCCCCCC)C1CC(N(CC(O)CCCCCCCCCC)CC(O)CCCCCCCCCC)C(OC2OC(CN(CC(O)CCCCCCCCCC)CC(O)CCCCCCCCCC)C(O)C(O)C2O)C(O)C1OC1OC(CO)C(O)C(N(CC(O)CCCCCCCCCC)CC(O)CCCCCCCCCC)C1O)CC(O)CCCCCCCCCC,0.69529,15.0,15.0,30.0,3.0,20.0,3.9318256327243257,1.252762968495368,7.7485376741,5.0694700798,9.0,12,7.716690172532202,0.0,4,0,0,True,False,False,True,False,False,False,True,False,3.279260094195967
CCCCCCCCCCCCC(O)CN(CCC(O)C(=O)N(CC(O)CCCCCCCCCCCC)C1CC(N(CC(O)CCCCCCCCCCCC)CC(O)CCCCCCCCCCCC)C(OC2OC(CN(CC(O)CCCCCCCCCCCC)CC(O)CCCCCCCCCCCC)C(O)C(O)C2O)C(O)C1OC1OC(CO)C(O)C(N(CC(O)CCCCCCCCCCCC)CC(O)CCCCCCCCCCCC)C1O)CC(O)CCCCCCCCCCCC,0.81302,15.0,15.0,30.0,3.0,20.0,3.9318256327243257,1.252762968495368,7.7485376741,5.0694700798,9.0,14,7.823246091005699,0.0,4,0,0,True,False,False,True,False,False,False,True,False,3.0601199048371504
CCCCC(O)CN(C)C1C(O)C(OC2C(O)C(OC3OC(C(C)O)C(O)C(O)C3N(CC(O)CCCC)CC(O)CCCC)C(N(CC(O)CCCC)CC(O)CCCC)CC2N(CC(O)CCCC)CC(O)CCCC)OCC1(C)O,1.0,15.0,15.0,30.0,3.0,20.0,3.9318256327243257,1.252762968495368,7.7485376741,5.0694700798,7.0,6,7.0889804015784055,0.0,4,0,0,True,False,False,True,False,False,False,True,False,0.13010298014334065
CCCCCCC(O)CN(C)C1C(O)C(OC2C(O)C(OC3OC(C(C)O)C(O)C(O)C3N(CC(O)CCCCCC)CC(O)CCCCCC)C(N(CC(O)CCCCCC)CC(O)CCCCCC)CC2N(CC(O)CCCCCC)CC(O)CCCCCC)OCC1(C)O,1.0,15.0,15.0,30.0,3.0,20.0,3.9318256327243257,1.252762968495368,7.7485376741,5.0694700798,7.0,8,7.240694854526048,0.0,4,0,0,True,False,False,True,False,False,False,True,False,0.13010298014334065
CCCCCCCCC(O)CN(C)C1C(O)C(OC2C(O)C(OC3OC(C(C)O)C(O)C(O)C3N(CC(O)CCCCCCCC)CC(O)CCCCCCCC)C(N(CC(O)CCCCCCCC)CC(O)CCCCCCCC)CC2N(CC(O)CCCCCCCC)CC(O)CCCCCCCC)OCC1(C)O,1.0,15.0,15.0,30.0,3.0,20.0,3.9318256327243257,1.252762968495368,7.7485376741,5.0694700798,7.0,10,7.37239517409026,0.0,4,0,0,True,False,False,True,False,False,False,True,False,0.13010298014334065
CC(C)CCCCCC(O)CN(C)C1C(O)C(OC2C(O)C(OC3OC(C(C)O)C(O)C(O)C3N(CC(O)CCCCCC(C)C)CC(O)CCCCCC(C)C)C(N(CC(O)CCCCCC(C)C)CC(O)CCCCCC(C)C)CC2N(CC(O)CCCCCC(C)C)CC(O)CCCCCC(C)C)OCC1(C)O,0.99307,15.0,15.0,30.0,3.0,20.0,3.9318256327243257,1.252762968495368,7.7485376741,5.0694700798,7.0,9,7.37239517409026,0.0,4,0,0,True,False,False,True,False,False,False,True,False,0.1376152077257252
CCCCCCCCCCC(O)CN(C)C1C(O)C(OC2C(O)C(OC3OC(C(C)O)C(O)C(O)C3N(CC(O)CCCCCCCCCC)CC(O)CCCCCCCCCC)C(N(CC(O)CCCCCCCCCC)CC(O)CCCCCCCCCC)CC2N(CC(O)CCCCCCCCCC)CC(O)CCCCCCCCCC)OCC1(C)O,0.99861,15.0,15.0,30.0,3.0,20.0,3.9318256327243257,1.252762968495368,7.7485376741,5.0694700798,7.0,12,7.488751720184259,0.0,4,0,0,True,False,False,True,False,False,False,True,False,0.13040185734204712
CCCCCCCCCCCCC(O)CN(C)C1C(O)C(OC2C(O)C(OC3OC(C(C)O)C(O)C(O)C3N(CC(O)CCCCCCCCCCCC)CC(O)CCCCCCCCCCCC)C(N(CC(O)CCCCCCCCCCCC)CC(O)CCCCCCCCCCCC)CC2N(CC(O)CCCCCCCCCCCC)CC(O)CCCCCCCCCCCC)OCC1(C)O,0.84488,15.0,15.0,30.0,3.0,20.0,3.9318256327243257,1.252762968495368,7.7485376741,5.0694700798,7.0,14,7.592969577270299,0.0,4,0,0,True,False,False,True,False,False,False,True,False,1.907907983343658
CCCCCCOC(=O)CCCN(CCCC(=O)OCCCCCC)CC1CCC(N(CCCC(=O)OCCCCCC)CCCC(=O)OCCCCCC)C(OC2C(O)C(OC3CCC(C)(O)C(N(C)CCCC(=O)OCCCCCC)C3O)C(N(CCCC(=O)OCCCCCC)CCCC(=O)OCCCCCC)CC2N(CCCC(=O)OCCCCCC)CCCC(=O)OCCCCCC)O1,1.0,15.0,15.0,30.0,3.0,20.0,3.9318256327243257,1.252762968495368,7.7485376741,5.0694700798,9.0,6,7.591278800325925,0.0,5,0,0,True,False,False,True,False,False,False,True,False,0.13010298014334065
CCCCCCCCOC(=O)CCCN(CCCC(=O)OCCCCCCCC)CC1CCC(N(CCCC(=O)OCCCCCCCC)CCCC(=O)OCCCCCCCC)C(OC2C(O)C(OC3CCC(C)(O)C(N(C)CCCC(=O)OCCCCCCCC)C3O)C(N(CCCC(=O)OCCCCCCCC)CCCC(=O)OCCCCCCCC)CC2N(CCCC(=O)OCCCCCCCC)CCCC(=O)OCCCCCCCC)O1,1.0,15.0,15.0,30.0,3.0,20.0,3.9318256327243257,1.252762968495368,7.7485376741,5.0694700798,9.0,8,7.711249471934283,0.0,5,0,0,True,False,False,True,False,False,False,True,False,0.13010298014334065
CC(C)CCCCCOC(=O)CCCN(CCCC(=O)OCCCCCC(C)C)CC1CCC(N(CCCC(=O)OCCCCCC(C)C)CCCC(=O)OCCCCCC(C)C)C(OC2C(O)C(OC3CCC(C)(O)C(N(C)CCCC(=O)OCCCCCC(C)C)C3O)C(N(CCCC(=O)OCCCCCC(C)C)CCCC(=O)OCCCCCC(C)C)CC2N(CCCC(=O)OCCCCCC(C)C)CCCC(=O)OCCCCCC(C)C)O1,1.0,15.0,15.0,30.0,3.0,20.0,3.9318256327243257,1.252762968495368,7.7485376741,5.0694700798,9.0,7,7.711249471934282,0.0,5,0,0,True,False,False,True,False,False,False,True,False,0.13010298014334065
CCCCCCCCCCOC(=O)CCCN(CCCC(=O)OCCCCCCCCCC)CC1CCC(N(CCCC(=O)OCCCCCCCCCC)CCCC(=O)OCCCCCCCCCC)C(OC2C(O)C(OC3CCC(C)(O)C(N(C)CCCC(=O)OCCCCCCCCCC)C3O)C(N(CCCC(=O)OCCCCCCCCCC)CCCC(=O)OCCCCCCCCCC)CC2N(CCCC(=O)OCCCCCCCCCC)CCCC(=O)OCCCCCCCCCC)O1,1.0,15.0,15.0,30.0,3.0,20.0,3.9318256327243257,1.252762968495368,7.7485376741,5.0694700798,9.0,10,7.818356657132664,0.0,5,0,0,True,False,False,True,False,False,False,True,False,0.13010298014334065
CCCCCCCCCCCCOC(=O)CCCN(CCCC(=O)OCCCCCCCCCCCC)CC1CCC(N(CCCC(=O)OCCCCCCCCCCCC)CCCC(=O)OCCCCCCCCCCCC)C(OC2C(O)C(OC3CCC(C)(O)C(N(C)CCCC(=O)OCCCCCCCCCCCC)C3O)C(N(CCCC(=O)OCCCCCCCCCCCC)CCCC(=O)OCCCCCCCCCCCC)CC2N(CCCC(=O)OCCCCCCCCCCCC)CCCC(=O)OCCCCCCCCCCCC)O1,1.0,15.0,15.0,30.0,3.0,20.0,3.9318256327243257,1.252762968495368,7.7485376741,5.0694700798,9.0,12,7.915093664444279,0.0,5,0,0,True,False,False,True,False,False,False,True,False,0.13010298014334065
CCCCCCOC(=O)CCCN(CCCC(=O)OCCCCCC)CCC(O)C(=O)N(CCCC(=O)OCCCCCC)C1CC(N(CCCC(=O)OCCCCCC)CCCC(=O)OCCCCCC)C(OC2OC(CN(CCCC(=O)OCCCCCC)CCCC(=O)OCCCCCC)C(O)C(O)C2O)C(O)C1OC1OC(CO)C(O)C(N(CCCC(=O)OCCCCCC)CCCC(=O)OCCCCCC)C1O,0.95637,15.0,15.0,30.0,3.0,20.0,3.9318256327243257,1.252762968495368,7.7485376741,5.0694700798,9.0,6,7.658641038387096,0.0,4,0,0,True,False,False,True,False,False,False,True,False,0.28463124373278526
CCCCCCCCOC(=O)CCCN(CCCC(=O)OCCCCCCCC)CCC(O)C(=O)N(CCCC(=O)OCCCCCCCC)C1CC(N(CCCC(=O)OCCCCCCCC)CCCC(=O)OCCCCCCCC)C(OC2OC(CN(CCCC(=O)OCCCCCCCC)CCCC(=O)OCCCCCCCC)C(O)C(O)C2O)C(O)C1OC1OC(CO)C(O)C(N(CCCC(=O)OCCCCCCCC)CCCC(=O)OCCCCCCCC)C1O,1.0,15.0,15.0,30.0,3.0,20.0,3.9318256327243257,1.252762968495368,7.7485376741,5.0694700798,9.0,8,7.771219752606131,0.0,4,0,0,True,False,False,True,False,False,False,True,False,0.13010298014334065
CC(C)CCCCCOC(=O)CCCN(CCCC(=O)OCCCCCC(C)C)CCC(O)C(=O)N(CCCC(=O)OCCCCCC(C)C)C1CC(N(CCCC(=O)OCCCCCC(C)C)CCCC(=O)OCCCCCC(C)C)C(OC2OC(CN(CCCC(=O)OCCCCCC(C)C)CCCC(=O)OCCCCCC(C)C)C(O)C(O)C2O)C(O)C1OC1OC(CO)C(O)C(N(CCCC(=O)OCCCCCC(C)C)CCCC(=O)OCCCCCC(C)C)C1O,1.0,15.0,15.0,30.0,3.0,20.0,3.9318256327243257,1.252762968495368,7.7485376741,5.0694700798,9.0,7,7.77121975260613,0.0,4,0,0,True,False,False,True,False,False,False,True,False,0.13010298014334065
CCCCCCCCCCOC(=O)CCCN(CCCC(=O)OCCCCCCCCCC)CCC(O)C(=O)N(CCCC(=O)OCCCCCCCCCC)C1CC(N(CCCC(=O)OCCCCCCCCCC)CCCC(=O)OCCCCCCCCCC)C(OC2OC(CN(CCCC(=O)OCCCCCCCCCC)CCCC(=O)OCCCCCCCCCC)C(O)C(O)C2O)C(O)C1OC1OC(CO)C(O)C(N(CCCC(=O)OCCCCCCCCCC)CCCC(=O)OCCCCCCCCCC)C1O,0.89751,15.0,15.0,30.0,3.0,20.0,3.9318256327243257,1.252762968495368,7.7485376741,5.0694700798,9.0,10,7.872397221556887,0.0,4,0,0,True,False,False,True,False,False,False,True,False,0.9977168986344236
CCCCCCCCCCCCOC(=O)CCCN(CCCC(=O)OCCCCCCCCCCCC)CCC(O)C(=O)N(CCCC(=O)OCCCCCCCCCCCC)C1CC(N(CCCC(=O)OCCCCCCCCCCCC)CCCC(=O)OCCCCCCCCCCCC)C(OC2OC(CN(CCCC(=O)OCCCCCCCCCCCC)CCCC(=O)OCCCCCCCCCCCC)C(O)C(O)C2O)C(O)C1OC1OC(CO)C(O)C(N(CCCC(=O)OCCCCCCCCCCCC)CCCC(=O)OCCCCCCCCCCCC)C1O,1.0,15.0,15.0,30.0,3.0,20.0,3.9318256327243257,1.252762968495368,7.7485376741,5.0694700798,9.0,12,7.964271845616737,0.0,4,0,0,True,False,False,True,False,False,False,True,False,0.13010298014334065
CCCCCCOC(=O)CCCN(C)C1C(O)C(OC2C(O)C(OC3OC(C(C)O)C(O)C(O)C3N(CCCC(=O)OCCCCCC)CCCC(=O)OCCCCCC)C(N(CCCC(=O)OCCCCCC)CCCC(=O)OCCCCCC)CC2N(CCCC(=O)OCCCCCC)CCCC(=O)OCCCCCC)OCC1(C)O,1.0,15.0,15.0,30.0,3.0,20.0,3.9318256327243257,1.252762968495368,7.7485376741,5.0694700798,7.0,6,7.432082543989563,0.0,4,0,0,True,False,False,True,False,False,False,True,False,0.13010298014334065
CCCCCCCCOC(=O)CCCN(C)C1C(O)C(OC2C(O)C(OC3OC(C(C)O)C(O)C(O)C3N(CCCC(=O)OCCCCCCCC)CCCC(=O)OCCCCCCCC)C(N(CCCC(=O)OCCCCCCCC)CCCC(=O)OCCCCCCCC)CC2N(CCCC(=O)OCCCCCCCC)CCCC(=O)OCCCCCCCC)OCC1(C)O,1.0,15.0,15.0,30.0,3.0,20.0,3.9318256327243257,1.252762968495368,7.7485376741,5.0694700798,7.0,8,7.542054383732877,0.0,4,0,0,True,False,False,True,False,False,False,True,False,0.13010298014334065
CC(C)CCCCCOC(=O)CCCN(C)C1C(O)C(OC2C(O)C(OC3OC(C(C)O)C(O)C(O)C3N(CCCC(=O)OCCCCCC(C)C)CCCC(=O)OCCCCCC(C)C)C(N(CCCC(=O)OCCCCCC(C)C)CCCC(=O)OCCCCCC(C)C)CC2N(CCCC(=O)OCCCCCC(C)C)CCCC(=O)OCCCCCC(C)C)OCC1(C)O,1.0,15.0,15.0,30.0,3.0,20.0,3.9318256327243257,1.252762968495368,7.7485376741,5.0694700798,7.0,7,7.542054383732876,0.0,4,0,0,True,False,False,True,False,False,False,True,False,0.13010298014334065
CCCCCCCCCCOC(=O)CCCN(C)C1C(O)C(OC2C(O)C(OC3OC(C(C)O)C(O)C(O)C3N(CCCC(=O)OCCCCCCCCCC)CCCC(=O)OCCCCCCCCCC)C(N(CCCC(=O)OCCCCCCCCCC)CCCC(=O)OCCCCCCCCCC)CC2N(CCCC(=O)OCCCCCCCCCC)CCCC(=O)OCCCCCCCCCC)OCC1(C)O,1.0,15.0,15.0,30.0,3.0,20.0,3.9318256327243257,1.252762968495368,7.7485376741,5.0694700798,7.0,10,7.641121712450102,0.0,4,0,0,True,False,False,True,False,False,False,True,False,0.13010298014334065
CCCCCCCCCCCCOC(=O)CCCN(C)C1C(O)C(OC2C(O)C(OC3OC(C(C)O)C(O)C(O)C3N(CCCC(=O)OCCCCCCCCCCCC)CCCC(=O)OCCCCCCCCCCCC)C(N(CCCC(=O)OCCCCCCCCCCCC)CCCC(=O)OCCCCCCCCCCCC)CC2N(CCCC(=O)OCCCCCCCCCCCC)CCCC(=O)OCCCCCCCCCCCC)OCC1(C)O,1.0,15.0,15.0,30.0,3.0,20.0,3.9318256327243257,1.252762968495368,7.7485376741,5.0694700798,7.0,12,7.731253299567292,0.0,4,0,0,True,False,False,True,False,False,False,True,False,0.13010298014334065
CC/C=C/CCSCC(C)C(=O)OCCOC(=O)CCN(CCCN1CCN(C)CC1)CCC(=O)OCCOC(=O)C(C)CSCC/C=C/CC,0.9751,23.80952381,23.80952381,47.61904762,4.761904762,10.77588088,3.3300486952179686,1.252762968495368,7.1242850071,5.0470315093,2.0,6,6.632134838371347,2.0,3,0,0,True,False,False,True,False,False,False,True,False,0.22624583122331787
CC/C=C/CCSCC(C)C(=O)OCCOC(=O)CCN(CCC(=O)OCCOC(=O)C(C)CSCC/C=C/CC)CCN(C)C,0.97318,23.80952381,23.80952381,47.61904762,4.761904762,10.04013539,3.2619482826353634,1.252762968495368,7.0561925253,5.0470315093,2.0,6,6.536682901901323,2.0,2,0,0,True,False,False,True,False,False,False,True,False,0.23828709572123827
CC/C=C/CCSCC(C)C(=O)OCCOC(=O)CCN(CCCN(C)C)CCC(=O)OCCOC(=O)C(C)CSCC/C=C/CC,0.9751,23.80952381,23.80952381,47.61904762,4.761904762,10.19245476,3.2764326644371877,1.252762968495368,7.0706731289,5.0470315093,2.0,6,6.556808185258605,2.0,2,0,0,True,False,False,True,False,False,False,True,False,0.22624583122331787
CC/C=C/CCSCC(C)C(=O)OCCOC(=O)CCN(CCO)CCCN(CCC(=O)OCCOC(=O)C(C)CSCC/C=C/CC)CCC(=O)OCCOC(=O)C(C)CSCC/C=C/CC,1.0,23.80952381,23.80952381,47.61904762,4.761904762,13.25926179,3.5307085428288203,1.252762968495368,7.32495131,5.0470315093,3.0,6,6.9279891858129465,3.0,2,0,0,True,False,False,True,False,False,False,True,False,0.13010298014334065
CC/C=C/CCSCC(C)C(=O)OCCOC(=O)CCN(CCCN1CCN(CCCN(CCC(=O)OCCOC(=O)C(C)CSCC/C=C/CC)CCC(=O)OCCOC(=O)C(C)CSCC/C=C/CC)CC1)CCC(=O)OCCOC(=O)C(C)CSCC/C=C/CC,1.0,23.80952381,23.80952381,47.61904762,4.761904762,16.21769967,3.726759104381723,1.252762968495368,7.5209984923,5.0470315093,4.0,6,7.246375207660808,4.0,4,0,0,True,False,False,True,False,False,False,True,False,0.13010298014334065
CC/C=C/CCSCC(C)C(=O)OCCOC(=O)CCN(CCCN(C)CCCN(CCC(=O)OCCOC(=O)C(C)CSCC/C=C/CC)CCC(=O)OCCOC(=O)C(C)CSCC/C=C/CC)CCC(=O)OCCOC(=O)C(C)CSCC/C=C/CC,1.0,23.80952381,23.80952381,47.61904762,4.761904762,15.83275417,3.703321795245405,1.252762968495368,7.4975621242,5.0470315093,4.0,6,7.206325361340523,4.0,3,0,0,True,False,False,True,False,False,False,True,False,0.13010298014334065
CC/C=C/CCSCC(C)C(=O)OCCOC(=O)CCN(CCC(=O)OCCOC(=O)C(C)CSCC/C=C/CC)CCN(CCN(CCC(=O)OCCOC(=O)C(C)CSCC/C=C/CC)CCC(=O)OCCOC(=O)C(C)CSCC/C=C/CC)CCN(CCC(=O)OCCOC(=O)C(C)CSCC/C=C/CC)CCC(=O)OCCOC(=O)C(C)CSCC/C=C/CC,0.95594,23.80952381,23.80952381,47.61904762,4.761904762,19.46459718,3.9052298430594576,1.252762968495368,7.6994709616,5.0470315093,6.0,6,7.57546054129233,6.0,4,0,0,True,False,False,True,False,False,False,True,False,0.2849217754967637
CC/C=C\CCSCC(C)C(=O)OCCOC(=O)CCN(CCCN1CCN(C)CC1)CCC(=O)OCCOC(=O)C(C)CSCC/C=C\CC,1.0,23.80952381,23.80952381,47.61904762,4.761904762,10.77588088,3.3300486952179686,1.252762968495368,7.1242850071,5.0470315093,2.0,6,6.632134838371347,2.0,3,0,0,True,False,False,True,False,False,False,True,False,0.13010298014334065
CC/C=C\CCSCC(C)C(=O)OCCOC(=O)CCN(CCC(=O)OCCOC(=O)C(C)CSCC/C=C\CC)CCN(C)C,1.0,23.80952381,23.80952381,47.61904762,4.761904762,10.04013539,3.2619482826353634,1.252762968495368,7.0561925253,5.0470315093,2.0,6,6.536682901901323,2.0,2,0,0,True,False,False,True,False,False,False,True,False,0.13010298014334065
CC/C=C\CCSCC(C)C(=O)OCCOC(=O)CCN(CCCN(C)C)CCC(=O)OCCOC(=O)C(C)CSCC/C=C\CC,1.0,23.80952381,23.80952381,47.61904762,4.761904762,10.19245476,3.2764326644371877,1.252762968495368,7.0706731289,5.0470315093,2.0,6,6.556808185258605,2.0,2,0,0,True,False,False,True,False,False,False,True,False,0.13010298014334065
CC/C=C\CCSCC(C)C(=O)OCCOC(=O)CCN(CCO)CCCN(CCC(=O)OCCOC(=O)C(C)CSCC/C=C\CC)CCC(=O)OCCOC(=O)C(C)CSCC/C=C\CC,0.95211,23.80952381,23.80952381,47.61904762,4.761904762,13.25926179,3.5307085428288203,1.252762968495368,7.32495131,5.0470315093,3.0,6,6.9279891858129465,3.0,2,0,0,True,False,False,True,False,False,False,True,False,0.28859316140671326
CC/C=C\CCSCC(C)C(=O)OCCOC(=O)CCN(CCCN1CCN(CCCN(CCC(=O)OCCOC(=O)C(C)CSCC/C=C\CC)CCC(=O)OCCOC(=O)C(C)CSCC/C=C\CC)CC1)CCC(=O)OCCOC(=O)C(C)CSCC/C=C\CC,1.0,23.80952381,23.80952381,47.61904762,4.761904762,16.21769967,3.726759104381723,1.252762968495368,7.5209984923,5.0470315093,4.0,6,7.246375207660808,4.0,4,0,0,True,False,False,True,False,False,False,True,False,0.13010298014334065
CC/C=C\CCSCC(C)C(=O)OCCOC(=O)CCN(CCCN(C)CCCN(CCC(=O)OCCOC(=O)C(C)CSCC/C=C\CC)CCC(=O)OCCOC(=O)C(C)CSCC/C=C\CC)CCC(=O)OCCOC(=O)C(C)CSCC/C=C\CC,1.0,23.80952381,23.80952381,47.61904762,4.761904762,15.83275417,3.703321795245405,1.252762968495368,7.4975621242,5.0470315093,4.0,6,7.206325361340523,4.0,3,0,0,True,False,False,True,False,False,False,True,False,0.13010298014334065
CC/C=C\CCSCC(C)C(=O)OCCOC(=O)CCN(CCC(=O)OCCOC(=O)C(C)CSCC/C=C\CC)CCN(CCN(CCC(=O)OCCOC(=O)C(C)CSCC/C=C\CC)CCC(=O)OCCOC(=O)C(C)CSCC/C=C\CC)CCN(CCC(=O)OCCOC(=O)C(C)CSCC/C=C\CC)CCC(=O)OCCOC(=O)C(C)CSCC/C=C\CC,1.0,23.80952381,23.80952381,47.61904762,4.761904762,19.46459718,3.9052298430594576,1.252762968495368,7.6994709616,5.0470315093,6.0,6,7.57546054129233,6.0,4,0,0,True,False,False,True,False,False,False,True,False,0.13010298014334065
CCCCCCCCSCC(C)C(=O)OCCOC(=O)CCN(CCCN1CCN(C)CC1)CCC(=O)OCCOC(=O)C(C)CSCCCCCCCC,1.0,23.80952381,23.80952381,47.61904762,4.761904762,11.3873675,3.383319139049451,1.252762968495368,7.1775610177,5.0470315093,2.0,8,6.708378301860967,0.0,3,0,0,True,False,False,True,False,False,False,True,False,0.13010298014334065
CCCCCCCCSCC(C)C(=O)OCCOC(=O)CCN(CCC(=O)OCCOC(=O)C(C)CSCCCCCCCC)CCN(C)C,1.0,23.80952381,23.80952381,47.61904762,4.761904762,10.68246076,3.321654478787611,1.252762968495368,7.1158907707,5.0470315093,2.0,8,6.620251857238034,0.0,2,0,0,True,False,False,True,False,False,False,True,False,0.13010298014334065
CCCCCCCCSCC(C)C(=O)OCCOC(=O)CCN(CCCN(C)C)CCC(=O)OCCOC(=O)C(C)CSCCCCCCCC,1.0,23.80952381,23.80952381,47.61904762,4.761904762,10.82833474,3.3347312028969744,1.252762968495368,7.1289689693,5.0470315093,2.0,8,6.638778499949737,0.0,2,0,0,True,False,False,True,False,False,False,True,False,0.13010298014334065
CCCCCCCCSCC(C)C(=O)OCCOC(=O)CCN(CCO)CCCN(CCC(=O)OCCOC(=O)C(C)CSCCCCCCCC)CCC(=O)OCCOC(=O)C(C)CSCCCCCCCC,0.95594,23.80952381,23.80952381,47.61904762,4.761904762,14.02128812,3.584996188451511,1.252762968495368,7.3792390623,5.0470315093,3.0,8,7.012700708503631,0.0,2,0,0,True,False,False,True,False,False,False,True,False,0.2849217754967637
CCCCCCCCSCC(C)C(=O)OCCOC(=O)CCN(CCCN1CCN(CCCN(CCC(=O)OCCOC(=O)C(C)CSCCCCCCCC)CCC(=O)OCCOC(=O)C(C)CSCCCCCCCC)CC1)CCC(=O)OCCOC(=O)C(C)CSCCCCCCCC,1.0,23.80952381,23.80952381,47.61904762,4.761904762,17.01712147,3.773744446820072,1.252762968495368,7.5679866288,5.0470315093,4.0,8,7.328627748426038,0.0,4,0,0,True,False,False,True,False,False,False,True,False,0.13010298014334065
CCCCCCCCSCC(C)C(=O)OCCOC(=O)CCN(CCC(=O)OCCOC(=O)C(C)CSCCCCCCCC)CCN(CCN(CCC(=O)OCCOC(=O)C(C)CSCCCCCCCC)CCC(=O)OCCOC(=O)C(C)CSCCCCCCCC)CCN(CCC(=O)OCCOC(=O)C(C)CSCCCCCCCC)CCC(=O)OCCOC(=O)C(C)CSCCCCCCCC,1.0,23.80952381,23.80952381,47.61904762,4.761904762,20.34987096,3.948830759736345,1.252762968495368,7.7430702013,5.0470315093,6.0,8,7.663960823286971,0.0,4,0,0,True,False,False,True,False,False,False,True,False,0.13010298014334065
CC(C)=CCC/C(C)=C\CSCC(C)C(=O)OCCOC(=O)CCN(CCCN1CCN(C)CC1)CCC(=O)OCCOC(=O)C(C)CSC/C=C(/C)CCC=C(C)C,0.99425,23.80952381,23.80952381,47.61904762,4.761904762,11.85778082,3.422451636210043,1.252762968495368,7.2166948023,5.0470315093,2.0,8,6.7653676424872335,4.0,3,0,0,True,False,False,True,False,False,False,True,False,0.13525690640184143
CC(C)=CCC/C(C)=C\CSCC(C)C(=O)OCCOC(=O)CCN(CCC(=O)OCCOC(=O)C(C)CSC/C=C(/C)CCC=C(C)C)CCN(C)C,0.94444,23.80952381,23.80952381,47.61904762,4.761904762,11.17613803,3.3652366449401283,1.252762968495368,7.1594785126,5.0470315093,2.0,8,6.682331630220261,4.0,2,0,0,True,False,False,True,False,False,False,True,False,0.30864512570668035
CC(C)=CCC/C(C)=C\CSCC(C)C(=O)OCCOC(=O)CCN(CCCN(C)C)CCC(=O)OCCOC(=O)C(C)CSC/C=C(/C)CCC=C(C)C,0.98084,23.80952381,23.80952381,47.61904762,4.761904762,11.31715245,3.3773445214851754,1.252762968495368,7.171587696,5.0470315093,2.0,8,6.699752771352431,4.0,2,0,0,True,False,False,True,False,False,False,True,False,0.18932857019428045
CC(C)=CCC/C(C)=C\CSCC(C)C(=O)OCCOC(=O)CCN(CCO)CCCN(CCC(=O)OCCOC(=O)C(C)CSC/C=C(/C)CCC=C(C)C)CCC(=O)OCCOC(=O)C(C)CSC/C=C(/C)CCC=C(C)C,0.91954,23.80952381,23.80952381,47.61904762,4.761904762,14.5995359,3.6243099924977136,1.252762968495368,7.4185529024,5.0470315093,3.0,8,7.075568767532858,6.0,2,0,0,True,False,False,True,False,False,False,True,False,0.5699149241746481
CC(C)=CCC/C(C)=C\CSCC(C)C(=O)OCCOC(=O)CCN(CCCN1CCN(CCCN(CCC(=O)OCCOC(=O)C(C)CSC/C=C(/C)CCC=C(C)C)CCC(=O)OCCOC(=O)C(C)CSC/C=C(/C)CCC=C(C)C)CC1)CCC(=O)OCCOC(=O)C(C)CSC/C=C(/C)CCC=C(C)C,0.96935,23.80952381,23.80952381,47.61904762,4.761904762,17.61814833,3.8076702223927503,1.252762968495368,7.6019119499,5.0470315093,4.0,8,7.389797403881234,8.0,4,0,0,True,False,False,True,False,False,False,True,False,0.258929426952101
CC(C)=CCC/C(C)=C\CSCC(C)C(=O)OCCOC(=O)CCN(CCCN(C)CCCN(CCC(=O)OCCOC(=O)C(C)CSC/C=C(/C)CCC=C(C)C)CCC(=O)OCCOC(=O)C(C)CSC/C=C(/C)CCC=C(C)C)CCC(=O)OCCOC(=O)C(C)CSC/C=C(/C)CCC=C(C)C,0.96935,23.80952381,23.80952381,47.61904762,4.761904762,17.2775286,3.788584994244936,1.252762968495368,7.5828250432,5.0470315093,4.0,8,7.35519244003977,8.0,3,0,0,True,False,False,True,False,False,False,True,False,0.258929426952101
CC(C)=CCC/C(C)=C\CSCC(C)C(=O)OCCOC(=O)CCN(CCC(=O)OCCOC(=O)C(C)CSC/C=C(/C)CCC=C(C)C)CCN(CCN(CCC(=O)OCCOC(=O)C(C)CSC/C=C(/C)CCC=C(C)C)CCC(=O)OCCOC(=O)C(C)CSC/C=C(/C)CCC=C(C)C)CCN(CCC(=O)OCCOC(=O)C(C)CSC/C=C(/C)CCC=C(C)C)CCC(=O)OCCOC(=O)C(C)CSC/C=C(/C)CCC=C(C)C,0.9272,23.80952381,23.80952381,47.61904762,4.761904762,21.00407112,3.979871875061105,1.252762968495368,7.7741117925,5.0470315093,6.0,8,7.729431988678006,12.0,4,0,0,True,False,False,True,False,False,False,True,False,0.45592010685604434
C/C=C/CCCSCC(C)C(=O)OCCOC(=O)CCN(CCCN1CCN(C)CC1)CCC(=O)OCCOC(=O)C(C)CSCCC/C=C/C,0.95594,23.80952381,23.80952381,47.61904762,4.761904762,10.77588088,3.3300486952179686,1.252762968495368,7.1242850071,5.0470315093,2.0,6,6.632134838371347,2.0,3,0,0,True,False,False,True,False,False,False,True,False,0.2849217754967637
C/C=C/CCCSCC(C)C(=O)OCCOC(=O)CCN(CCC(=O)OCCOC(=O)C(C)CSCCC/C=C/C)CCN(C)C,0.94061,23.80952381,23.80952381,47.61904762,4.761904762,10.04013539,3.2619482826353634,1.252762968495368,7.0561925253,5.0470315093,2.0,6,6.536682901901323,2.0,2,0,0,True,False,False,True,False,False,False,True,False,0.32796346970885065
C/C=C/CCCSCC(C)C(=O)OCCOC(=O)CCN(CCCN(C)C)CCC(=O)OCCOC(=O)C(C)CSCCC/C=C/C,0.92529,23.80952381,23.80952381,47.61904762,4.761904762,10.19245476,3.2764326644371877,1.252762968495368,7.0706731289,5.0470315093,2.0,6,6.556808185258605,2.0,2,0,0,True,False,False,True,False,False,False,True,False,0.48183658467485085
C/C=C/CCCSCC(C)C(=O)OCCOC(=O)CCN(CCO)CCCN(CCC(=O)OCCOC(=O)C(C)CSCCC/C=C/C)CCC(=O)OCCOC(=O)C(C)CSCCC/C=C/C,0.95402,23.80952381,23.80952381,47.61904762,4.761904762,13.25926179,3.5307085428288203,1.252762968495368,7.32495131,5.0470315093,3.0,6,6.9279891858129465,3.0,2,0,0,True,False,False,True,False,False,False,True,False,0.28644889555277264
C/C=C/CCCSCC(C)C(=O)OCCOC(=O)CCN(CCCN1CCN(CCCN(CCC(=O)OCCOC(=O)C(C)CSCCC/C=C/C)CCC(=O)OCCOC(=O)C(C)CSCCC/C=C/C)CC1)CCC(=O)OCCOC(=O)C(C)CSCCC/C=C/C,0.86782,23.80952381,23.80952381,47.61904762,4.761904762,16.21769967,3.726759104381723,1.252762968495368,7.5209984923,5.0470315093,4.0,6,7.246375207660808,4.0,4,0,0,True,False,False,True,False,False,False,True,False,1.5013533889162851
C/C=C/CCCSCC(C)C(=O)OCCOC(=O)CCN(CCCN(C)CCCN(CCC(=O)OCCOC(=O)C(C)CSCCC/C=C/C)CCC(=O)OCCOC(=O)C(C)CSCCC/C=C/C)CCC(=O)OCCOC(=O)C(C)CSCCC/C=C/C,0.86782,23.80952381,23.80952381,47.61904762,4.761904762,15.83275417,3.703321795245405,1.252762968495368,7.4975621242,5.0470315093,4.0,6,7.206325361340523,4.0,3,0,0,True,False,False,True,False,False,False,True,False,1.5013533889162851
C/C=C/CCCSCC(C)C(=O)OCCOC(=O)CCN(CCC(=O)OCCOC(=O)C(C)CSCCC/C=C/C)CCN(CCN(CCC(=O)OCCOC(=O)C(C)CSCCC/C=C/C)CCC(=O)OCCOC(=O)C(C)CSCCC/C=C/C)CCN(CCC(=O)OCCOC(=O)C(C)CSCCC/C=C/C)CCC(=O)OCCOC(=O)C(C)CSCCC/C=C/C,0.86973,23.80952381,23.80952381,47.61904762,4.761904762,19.46459718,3.9052298430594576,1.252762968495368,7.6994709616,5.0470315093,6.0,6,7.57546054129233,6.0,4,0,0,True,False,False,True,False,False,False,True,False,1.4736035396433675
C/C=C\CCCSCC(C)C(=O)OCCOC(=O)CCN(CCCN1CCN(C)CC1)CCC(=O)OCCOC(=O)C(C)CSCCC/C=C\C,1.0,23.80952381,23.80952381,47.61904762,4.761904762,10.77588088,3.3300486952179686,1.252762968495368,7.1242850071,5.0470315093,2.0,6,6.632134838371347,2.0,3,0,0,True,False,False,True,False,False,False,True,False,0.13010298014334065
C/C=C\CCCSCC(C)C(=O)OCCOC(=O)CCN(CCC(=O)OCCOC(=O)C(C)CSCCC/C=C\C)CCN(C)C,1.0,23.80952381,23.80952381,47.61904762,4.761904762,10.04013539,3.2619482826353634,1.252762968495368,7.0561925253,5.0470315093,2.0,6,6.536682901901323,2.0,2,0,0,True,False,False,True,False,False,False,True,False,0.13010298014334065
C/C=C\CCCSCC(C)C(=O)OCCOC(=O)CCN(CCCN(C)C)CCC(=O)OCCOC(=O)C(C)CSCCC/C=C\C,0.99234,23.80952381,23.80952381,47.61904762,4.761904762,10.19245476,3.2764326644371877,1.252762968495368,7.0706731289,5.0470315093,2.0,6,6.556808185258605,2.0,2,0,0,True,False,False,True,False,False,False,True,False,0.13930291367763578
C/C=C\CCCSCC(C)C(=O)OCCOC(=O)CCN(CCO)CCCN(CCC(=O)OCCOC(=O)C(C)CSCCC/C=C\C)CCC(=O)OCCOC(=O)C(C)CSCCC/C=C\C,0.92146,23.80952381,23.80952381,47.61904762,4.761904762,13.25926179,3.5307085428288203,1.252762968495368,7.32495131,5.0470315093,3.0,6,6.9279891858129465,3.0,2,0,0,True,False,False,True,False,False,False,True,False,0.5389355662312243
C/C=C\CCCSCC(C)C(=O)OCCOC(=O)CCN(CCCN1CCN(CCCN(CCC(=O)OCCOC(=O)C(C)CSCCC/C=C\C)CCC(=O)OCCOC(=O)C(C)CSCCC/C=C\C)CC1)CCC(=O)OCCOC(=O)C(C)CSCCC/C=C\C,0.92529,23.80952381,23.80952381,47.61904762,4.761904762,16.21769967,3.726759104381723,1.252762968495368,7.5209984923,5.0470315093,4.0,6,7.246375207660808,4.0,4,0,0,True,False,False,True,False,False,False,True,False,0.48183658467485085
C/C=C\CCCSCC(C)C(=O)OCCOC(=O)CCN(CCCN(C)CCCN(CCC(=O)OCCOC(=O)C(C)CSCCC/C=C\C)CCC(=O)OCCOC(=O)C(C)CSCCC/C=C\C)CCC(=O)OCCOC(=O)C(C)CSCCC/C=C\C,0.92529,23.80952381,23.80952381,47.61904762,4.761904762,15.83275417,3.703321795245405,1.252762968495368,7.4975621242,5.0470315093,4.0,6,7.206325361340523,4.0,3,0,0,True,False,False,True,False,False,False,True,False,0.48183658467485085
C/C=C\CCCSCC(C)C(=O)OCCOC(=O)CCN(CCC(=O)OCCOC(=O)C(C)CSCCC/C=C\C)CCN(CCN(CCC(=O)OCCOC(=O)C(C)CSCCC/C=C\C)CCC(=O)OCCOC(=O)C(C)CSCCC/C=C\C)CCN(CCC(=O)OCCOC(=O)C(C)CSCCC/C=C\C)CCC(=O)OCCOC(=O)C(C)CSCCC/C=C\C,1.0,23.80952381,23.80952381,47.61904762,4.761904762,19.46459718,3.9052298430594576,1.252762968495368,7.6994709616,5.0470315093,6.0,6,7.57546054129233,6.0,4,0,0,True,False,False,True,False,False,False,True,False,0.13010298014334065
CC/C=C\C/C=C\CSCC(C)C(=O)OCCOC(=O)CCN(CCCN1CCN(C)CC1)CCC(=O)OCCOC(=O)C(C)CSC/C=C\C/C=C\CC,0.95019,23.80952381,23.80952381,47.61904762,4.761904762,11.30686477,3.3764661340962965,1.252762968495368,7.170703988,5.0470315093,2.0,8,6.6984862793777635,4.0,3,0,0,True,False,False,True,False,False,False,True,False,0.29167271395404415
CC/C=C\C/C=C\CSCC(C)C(=O)OCCOC(=O)CCN(CCC(=O)OCCOC(=O)C(C)CSC/C=C\C/C=C\CC)CCN(C)C,0.94061,23.80952381,23.80952381,47.61904762,4.761904762,10.59793674,3.3139984179883344,1.252762968495368,7.1082359564,5.0470315093,2.0,8,6.609443578340319,4.0,2,0,0,True,False,False,True,False,False,False,True,False,0.32796346970885065
CC/C=C\C/C=C\CSCC(C)C(=O)OCCOC(=O)CCN(CCCN(C)C)CCC(=O)OCCOC(=O)C(C)CSC/C=C\C/C=C\CC,0.91762,23.80952381,23.80952381,47.61904762,4.761904762,10.74465095,3.327250379244418,1.252762968495368,7.1214866746,5.0470315093,2.0,8,6.628169674827216,4.0,2,0,0,True,False,False,True,False,False,False,True,False,0.6023122886772361
CC/C=C\C/C=C\CSCC(C)C(=O)OCCOC(=O)CCN(CCO)CCCN(CCC(=O)OCCOC(=O)C(C)CSC/C=C\C/C=C\CC)CCC(=O)OCCOC(=O)C(C)CSC/C=C\C/C=C\CC,0.92912,23.80952381,23.80952381,47.61904762,4.761904762,13.92164119,3.5780624950798554,1.252762968495368,7.372300287,5.0470315093,3.0,8,7.001750048559102,6.0,2,0,0,True,False,False,True,False,False,False,True,False,0.43171268501205046
CC/C=C\C/C=C\CSCC(C)C(=O)OCCOC(=O)CCN(CCCN1CCN(CCCN(CCC(=O)OCCOC(=O)C(C)CSC/C=C\C/C=C\CC)CCC(=O)OCCOC(=O)C(C)CSC/C=C\C/C=C\CC)CC1)CCC(=O)OCCOC(=O)C(C)CSC/C=C\C/C=C\CC,0.99234,23.80952381,23.80952381,47.61904762,4.761904762,16.91306346,3.7677520617180815,1.252762968495368,7.5619900989,5.0470315093,4.0,8,7.317983691190038,8.0,4,0,0,True,False,False,True,False,False,False,True,False,0.13930291367763578
CC/C=C\C/C=C\CSCC(C)C(=O)OCCOC(=O)CCN(CCCN(C)CCCN(CCC(=O)OCCOC(=O)C(C)CSC/C=C\C/C=C\CC)CCC(=O)OCCOC(=O)C(C)CSC/C=C\C/C=C\CC)CCC(=O)OCCOC(=O)C(C)CSC/C=C\C/C=C\CC,0.87356,23.80952381,23.80952381,47.61904762,4.761904762,16.55047109,3.746586358234752,1.252762968495368,7.5408286235,5.0470315093,4.0,8,7.280753667619355,8.0,3,0,0,True,False,False,True,False,False,False,True,False,1.4190359134005752
CC/C=C\C/C=C\CSCC(C)C(=O)OCCOC(=O)CCN(CCC(=O)OCCOC(=O)C(C)CSC/C=C\C/C=C\CC)CCN(CCN(CCC(=O)OCCOC(=O)C(C)CSC/C=C\C/C=C\CC)CCC(=O)OCCOC(=O)C(C)CSC/C=C\C/C=C\CC)CCN(CCC(=O)OCCOC(=O)C(C)CSC/C=C\C/C=C\CC)CCC(=O)OCCOC(=O)C(C)CSC/C=C\C/C=C\CC,0.95402,23.80952381,23.80952381,47.61904762,4.761904762,20.23562402,3.943309635474374,1.252762968495368,7.7375508643,5.0470315093,6.0,8,7.652539044998511,12.0,4,0,0,True,False,False,True,False,False,False,True,False,0.28644889555277264
CC(C)=CCC/C(C)=C/CC/C(C)=C/CSCC(C)C(=O)OCCOC(=O)CCN(CCCN1CCN(C)CC1)CCC(=O)OCCOC(=O)C(C)CSC/C=C(\C)CC/C=C(\C)CCC=C(C)C,0.98084,23.80952381,23.80952381,47.61904762,4.761904762,13.11135437,3.519821128266478,1.252762968495368,7.3140600345,5.0470315093,2.0,12,6.911272087754505,6.0,3,0,0,True,False,False,True,False,False,False,True,False,0.18932857019428045
CC(C)=CCC/C(C)=C/CC/C(C)=C/CSCC(C)C(=O)OCCOC(=O)CCN(CCC(=O)OCCOC(=O)C(C)CSC/C=C(\C)CC/C=C(\C)CCC=C(C)C)CCN(C)C,0.95594,23.80952381,23.80952381,47.61904762,4.761904762,12.48975624,3.4727236378628867,1.252762968495368,7.2669670026,5.0470315093,2.0,12,6.839921735215031,6.0,2,0,0,True,False,False,True,False,False,False,True,False,0.2849217754967637
CC(C)=CCC/C(C)=C/CC/C(C)=C/CSCC(C)C(=O)OCCOC(=O)CCN(CCCN(C)C)CCC(=O)OCCOC(=O)C(C)CSC/C=C(\C)CC/C=C(\C)CCC=C(C)C,0.91762,23.80952381,23.80952381,47.61904762,4.761904762,12.61823901,3.4826421068189366,1.252762968495368,7.2768813845,5.0470315093,2.0,12,6.854821692682635,6.0,2,0,0,True,False,False,True,False,False,False,True,False,0.6023122886772361
CC(C)=CCC/C(C)=C/CC/C(C)=C/CSCC(C)C(=O)OCCOC(=O)CCN(CCO)CCCN(CCC(=O)OCCOC(=O)C(C)CSC/C=C(\C)CC/C=C(\C)CCC=C(C)C)CCC(=O)OCCOC(=O)C(C)CSC/C=C(\C)CC/C=C(\C)CCC=C(C)C,1.0,23.80952381,23.80952381,47.61904762,4.761904762,16.1075851,3.7201107101799264,1.252762968495368,7.5143527941,5.0470315093,3.0,12,7.234951050508785,9.0,2,0,0,True,False,False,True,False,False,False,True,False,0.13010298014334065
CC(C)=CCC/C(C)=C/CC/C(C)=C/CSCC(C)C(=O)OCCOC(=O)CCN(CCCN1CCN(CCCN(CCC(=O)OCCOC(=O)C(C)CSC/C=C(\C)CC/C=C(\C)CCC=C(C)C)CCC(=O)OCCOC(=O)C(C)CSC/C=C(\C)CC/C=C(\C)CCC=C(C)C)CC1)CCC(=O)OCCOC(=O)C(C)CSC/C=C(\C)CC/C=C(\C)CCC=C(C)C,0.92146,23.80952381,23.80952381,47.61904762,4.761904762,19.16332115,3.889947175012421,1.252762968495368,7.6841860637,5.0470315093,4.0,12,7.545312579615268,12.0,4,0,0,True,False,False,True,False,False,False,True,False,0.5389355662312243
CC(C)=CCC/C(C)=C/CC/C(C)=C/CSCC(C)C(=O)OCCOC(=O)CCN(CCCN(C)CCCN(CCC(=O)OCCOC(=O)C(C)CSC/C=C(\C)CC/C=C(\C)CCC=C(C)C)CCC(=O)OCCOC(=O)C(C)CSC/C=C(\C)CC/C=C(\C)CCC=C(C)C)CCC(=O)OCCOC(=O)C(C)CSC/C=C(\C)CC/C=C(\C)CCC=C(C)C,0.92146,23.80952381,23.80952381,47.61904762,4.761904762,18.86841846,3.874758138280495,1.252762968495368,7.6690002639,5.0470315093,4.0,12,7.515766050972798,12.0,3,0,0,True,False,False,True,False,False,False,True,False,0.5389355662312243
CC(C)=CCC/C(C)=C/CC/C(C)=C/CSCC(C)C(=O)OCCOC(=O)CCN(CCC(=O)OCCOC(=O)C(C)CSC/C=C(\C)CC/C=C(\C)CCC=C(C)C)CCN(CCN(CCC(=O)OCCOC(=O)C(C)CSC/C=C(\C)CC/C=C(\C)CCC=C(C)C)CCC(=O)OCCOC(=O)C(C)CSC/C=C(\C)CC/C=C(\C)CCC=C(C)C)CCN(CCC(=O)OCCOC(=O)C(C)CSC/C=C(\C)CC/C=C(\C)CCC=C(C)C)CCC(=O)OCCOC(=O)C(C)CSC/C=C(\C)CC/C=C(\C)CCC=C(C)C,0.86782,23.80952381,23.80952381,47.61904762,4.761904762,22.64272036,4.053640631912548,1.252762968495368,7.8478797181,5.0470315093,6.0,12,7.8946997955962,18.0,4,0,0,True,False,False,True,False,False,False,True,False,1.5013533889162851
CCCCCCSCC(C)C(=O)OCCOC(=O)CCN(CCCN1CCN(C)CC1)CCC(=O)OCCOC(=O)C(C)CSCCCCCC,1.0,23.80952381,23.80952381,47.61904762,4.761904762,11.3873675,3.383319139049451,1.252762968495368,7.1775610177,5.0470315093,2.0,6,6.708378301860967,0.0,3,0,0,True,False,False,True,False,False,False,True,False,0.13010298014334065
CCCCCCSCC(C)C(=O)OCCOC(=O)CCN(CCC(=O)OCCOC(=O)C(C)CSCCCCCC)CCN(C)C,1.0,23.80952381,23.80952381,47.61904762,4.761904762,10.68246076,3.321654478787611,1.252762968495368,7.1158907707,5.0470315093,2.0,6,6.620251857238034,0.0,2,0,0,True,False,False,True,False,False,False,True,False,0.13010298014334065
CCCCCCSCC(C)C(=O)OCCOC(=O)CCN(CCCN(C)C)CCC(=O)OCCOC(=O)C(C)CSCCCCCC,1.0,23.80952381,23.80952381,47.61904762,4.761904762,10.82833474,3.3347312028969744,1.252762968495368,7.1289689693,5.0470315093,2.0,6,6.638778499949737,0.0,2,0,0,True,False,False,True,False,False,False,True,False,0.13010298014334065
CCCCCCSCC(C)C(=O)OCCOC(=O)CCN(CCO)CCCN(CCC(=O)OCCOC(=O)C(C)CSCCCCCC)CCC(=O)OCCOC(=O)C(C)CSCCCCCC,1.0,23.80952381,23.80952381,47.61904762,4.761904762,14.02128812,3.584996188451511,1.252762968495368,7.3792390623,5.0470315093,3.0,6,7.012700708503631,0.0,2,0,0,True,False,False,True,False,False,False,True,False,0.13010298014334065
CCCCCCSCC(C)C(=O)OCCOC(=O)CCN(CCCN1CCN(CCCN(CCC(=O)OCCOC(=O)C(C)CSCCCCCC)CCC(=O)OCCOC(=O)C(C)CSCCCCCC)CC1)CCC(=O)OCCOC(=O)C(C)CSCCCCCC,0.90613,23.80952381,23.80952381,47.61904762,4.761904762,17.01712147,3.773744446820072,1.252762968495368,7.5679866288,5.0470315093,4.0,6,7.328627748426038,0.0,4,0,0,True,False,False,True,False,False,False,True,False,0.8195945206110047
CCCCCCSCC(C)C(=O)OCCOC(=O)CCN(CCC(=O)OCCOC(=O)C(C)CSCCCCCC)CCN(CCN(CCC(=O)OCCOC(=O)C(C)CSCCCCCC)CCC(=O)OCCOC(=O)C(C)CSCCCCCC)CCN(CCC(=O)OCCOC(=O)C(C)CSCCCCCC)CCC(=O)OCCOC(=O)C(C)CSCCCCCC,1.0,23.80952381,23.80952381,47.61904762,4.761904762,20.34987096,3.948830759736345,1.252762968495368,7.7430702013,5.0470315093,6.0,6,7.663960823286971,0.0,4,0,0,True,False,False,True,False,False,False,True,False,0.13010298014334065
CCC/C=C/CSCC(C)C(=O)OCCOC(=O)CCN(CCCN1CCN(C)CC1)CCC(=O)OCCOC(=O)C(C)CSC/C=C/CCC,1.0,23.80952381,23.80952381,47.61904762,4.761904762,10.77588088,3.3300486952179686,1.252762968495368,7.1242850071,5.0470315093,2.0,6,6.632134838371347,2.0,3,0,0,True,False,False,True,False,False,False,True,False,0.13010298014334065
CCC/C=C/CSCC(C)C(=O)OCCOC(=O)CCN(CCC(=O)OCCOC(=O)C(C)CSC/C=C/CCC)CCN(C)C,0.9751,23.80952381,23.80952381,47.61904762,4.761904762,10.04013539,3.2619482826353634,1.252762968495368,7.0561925253,5.0470315093,2.0,6,6.536682901901323,2.0,2,0,0,True,False,False,True,False,False,False,True,False,0.22624583122331787
CCC/C=C/CSCC(C)C(=O)OCCOC(=O)CCN(CCCN(C)C)CCC(=O)OCCOC(=O)C(C)CSC/C=C/CCC,0.97126,23.80952381,23.80952381,47.61904762,4.761904762,10.19245476,3.2764326644371877,1.252762968495368,7.0706731289,5.0470315093,2.0,6,6.556808185258605,2.0,2,0,0,True,False,False,True,False,False,False,True,False,0.24934322653412672
CCC/C=C/CSCC(C)C(=O)OCCOC(=O)CCN(CCO)CCCN(CCC(=O)OCCOC(=O)C(C)CSC/C=C/CCC)CCC(=O)OCCOC(=O)C(C)CSC/C=C/CCC,0.95785,23.80952381,23.80952381,47.61904762,4.761904762,13.25926179,3.5307085428288203,1.252762968495368,7.32495131,5.0470315093,3.0,6,6.9279891858129465,3.0,2,0,0,True,False,False,True,False,False,False,True,False,0.2836764546730989
CCC/C=C/CSCC(C)C(=O)OCCOC(=O)CCN(CCCN1CCN(CCCN(CCC(=O)OCCOC(=O)C(C)CSC/C=C/CCC)CCC(=O)OCCOC(=O)C(C)CSC/C=C/CCC)CC1)CCC(=O)OCCOC(=O)C(C)CSC/C=C/CCC,1.0,23.80952381,23.80952381,47.61904762,4.761904762,16.21769967,3.726759104381723,1.252762968495368,7.5209984923,5.0470315093,4.0,6,7.246375207660808,4.0,4,0,0,True,False,False,True,False,False,False,True,False,0.13010298014334065
CCC/C=C/CSCC(C)C(=O)OCCOC(=O)CCN(CCCN(C)CCCN(CCC(=O)OCCOC(=O)C(C)CSC/C=C/CCC)CCC(=O)OCCOC(=O)C(C)CSC/C=C/CCC)CCC(=O)OCCOC(=O)C(C)CSC/C=C/CCC,1.0,23.80952381,23.80952381,47.61904762,4.761904762,15.83275417,3.703321795245405,1.252762968495368,7.4975621242,5.0470315093,4.0,6,7.206325361340523,4.0,3,0,0,True,False,False,True,False,False,False,True,False,0.13010298014334065
CCC/C=C/CSCC(C)C(=O)OCCOC(=O)CCN(CCC(=O)OCCOC(=O)C(C)CSC/C=C/CCC)CCN(CCN(CCC(=O)OCCOC(=O)C(C)CSC/C=C/CCC)CCC(=O)OCCOC(=O)C(C)CSC/C=C/CCC)CCN(CCC(=O)OCCOC(=O)C(C)CSC/C=C/CCC)CCC(=O)OCCOC(=O)C(C)CSC/C=C/CCC,0.93295,23.80952381,23.80952381,47.61904762,4.761904762,19.46459718,3.9052298430594576,1.252762968495368,7.6994709616,5.0470315093,6.0,6,7.57546054129233,6.0,4,0,0,True,False,False,True,False,False,False,True,False,0.38922192387041027
CCC/C=C\CSCC(C)C(=O)OCCOC(=O)CCN(CCCN1CCN(C)CC1)CCC(=O)OCCOC(=O)C(C)CSC/C=C\CCC,0.99808,23.80952381,23.80952381,47.61904762,4.761904762,10.77588088,3.3300486952179686,1.252762968495368,7.1242850071,5.0470315093,2.0,6,6.632134838371347,2.0,3,0,0,True,False,False,True,False,False,False,True,False,0.1306734878674858
CCC/C=C\CSCC(C)C(=O)OCCOC(=O)CCN(CCC(=O)OCCOC(=O)C(C)CSC/C=C\CCC)CCN(C)C,0.97126,23.80952381,23.80952381,47.61904762,4.761904762,10.04013539,3.2619482826353634,1.252762968495368,7.0561925253,5.0470315093,2.0,6,6.536682901901323,2.0,2,0,0,True,False,False,True,False,False,False,True,False,0.24934322653412672
CCC/C=C\CSCC(C)C(=O)OCCOC(=O)CCN(CCCN(C)C)CCC(=O)OCCOC(=O)C(C)CSC/C=C\CCC,0.96552,23.80952381,23.80952381,47.61904762,4.761904762,10.19245476,3.2764326644371877,1.252762968495368,7.0706731289,5.0470315093,2.0,6,6.556808185258605,2.0,2,0,0,True,False,False,True,False,False,False,True,False,0.2729373521794677
CCC/C=C\CSCC(C)C(=O)OCCOC(=O)CCN(CCO)CCCN(CCC(=O)OCCOC(=O)C(C)CSC/C=C\CCC)CCC(=O)OCCOC(=O)C(C)CSC/C=C\CCC,0.97318,23.80952381,23.80952381,47.61904762,4.761904762,13.25926179,3.5307085428288203,1.252762968495368,7.32495131,5.0470315093,3.0,6,6.9279891858129465,3.0,2,0,0,True,False,False,True,False,False,False,True,False,0.23828709572123827
CCC/C=C\CSCC(C)C(=O)OCCOC(=O)CCN(CCCN1CCN(CCCN(CCC(=O)OCCOC(=O)C(C)CSC/C=C\CCC)CCC(=O)OCCOC(=O)C(C)CSC/C=C\CCC)CC1)CCC(=O)OCCOC(=O)C(C)CSC/C=C\CCC,0.85824,23.80952381,23.80952381,47.61904762,4.761904762,16.21769967,3.726759104381723,1.252762968495368,7.5209984923,5.0470315093,4.0,6,7.246375207660808,4.0,4,0,0,True,False,False,True,False,False,False,True,False,1.6554457770101105
CCC/C=C\CSCC(C)C(=O)OCCOC(=O)CCN(CCCN(C)CCCN(CCC(=O)OCCOC(=O)C(C)CSC/C=C\CCC)CCC(=O)OCCOC(=O)C(C)CSC/C=C\CCC)CCC(=O)OCCOC(=O)C(C)CSC/C=C\CCC,1.0,23.80952381,23.80952381,47.61904762,4.761904762,15.83275417,3.703321795245405,1.252762968495368,7.4975621242,5.0470315093,4.0,6,7.206325361340523,4.0,3,0,0,True,False,False,True,False,False,False,True,False,0.13010298014334065
CCC/C=C\CSCC(C)C(=O)OCCOC(=O)CCN(CCC(=O)OCCOC(=O)C(C)CSC/C=C\CCC)CCN(CCN(CCC(=O)OCCOC(=O)C(C)CSC/C=C\CCC)CCC(=O)OCCOC(=O)C(C)CSC/C=C\CCC)CCN(CCC(=O)OCCOC(=O)C(C)CSC/C=C\CCC)CCC(=O)OCCOC(=O)C(C)CSC/C=C\CCC,0.91379,23.80952381,23.80952381,47.61904762,4.761904762,19.46459718,3.9052298430594576,1.252762968495368,7.6994709616,5.0470315093,6.0,6,7.57546054129233,6.0,4,0,0,True,False,False,True,False,False,False,True,False,0.6707202239169607
C=CCCCCSCC(C)C(=O)OCCOC(=O)CCN(CCCN1CCN(C)CC1)CCC(=O)OCCOC(=O)C(C)CSCCCCC=C,1.0,23.80952381,23.80952381,47.61904762,4.761904762,10.77588088,3.3300486952179686,1.252762968495368,7.1242850071,5.0470315093,2.0,6,6.632134838371347,2.0,3,0,0,True,False,False,True,False,False,False,True,False,0.13010298014334065
C=CCCCCSCC(C)C(=O)OCCOC(=O)CCN(CCC(=O)OCCOC(=O)C(C)CSCCCCC=C)CCN(C)C,1.0,23.80952381,23.80952381,47.61904762,4.761904762,10.04013539,3.2619482826353634,1.252762968495368,7.0561925253,5.0470315093,2.0,6,6.536682901901323,2.0,2,0,0,True,False,False,True,False,False,False,True,False,0.13010298014334065
C=CCCCCSCC(C)C(=O)OCCOC(=O)CCN(CCCN(C)C)CCC(=O)OCCOC(=O)C(C)CSCCCCC=C,0.99042,23.80952381,23.80952381,47.61904762,4.761904762,10.19245476,3.2764326644371877,1.252762968495368,7.0706731289,5.0470315093,2.0,6,6.556808185258605,2.0,2,0,0,True,False,False,True,False,False,False,True,False,0.14459106813407055
C=CCCCCSCC(C)C(=O)OCCOC(=O)CCN(CCO)CCCN(CCC(=O)OCCOC(=O)C(C)CSCCCCC=C)CCC(=O)OCCOC(=O)C(C)CSCCCCC=C,1.0,23.80952381,23.80952381,47.61904762,4.761904762,13.25926179,3.5307085428288203,1.252762968495368,7.32495131,5.0470315093,3.0,6,6.927989185812946,3.0,2,0,0,True,False,False,True,False,False,False,True,False,0.13010298014334065
C=CCCCCSCC(C)C(=O)OCCOC(=O)CCN(CCCN1CCN(CCCN(CCC(=O)OCCOC(=O)C(C)CSCCCCC=C)CCC(=O)OCCOC(=O)C(C)CSCCCCC=C)CC1)CCC(=O)OCCOC(=O)C(C)CSCCCCC=C,0.94444,23.80952381,23.80952381,47.61904762,4.761904762,16.21769967,3.726759104381723,1.252762968495368,7.5209984923,5.0470315093,4.0,6,7.246375207660809,4.0,4,0,0,True,False,False,True,False,False,False,True,False,0.30864512570668035
C=CCCCCSCC(C)C(=O)OCCOC(=O)CCN(CCCN(C)CCCN(CCC(=O)OCCOC(=O)C(C)CSCCCCC=C)CCC(=O)OCCOC(=O)C(C)CSCCCCC=C)CCC(=O)OCCOC(=O)C(C)CSCCCCC=C,0.94444,23.80952381,23.80952381,47.61904762,4.761904762,15.83275417,3.703321795245405,1.252762968495368,7.4975621242,5.0470315093,4.0,6,7.206325361340523,4.0,3,0,0,True,False,False,True,False,False,False,True,False,0.30864512570668035
C=CCCCCSCC(C)C(=O)OCCOC(=O)CCN(CCC(=O)OCCOC(=O)C(C)CSCCCCC=C)CCN(CCN(CCC(=O)OCCOC(=O)C(C)CSCCCCC=C)CCC(=O)OCCOC(=O)C(C)CSCCCCC=C)CCN(CCC(=O)OCCOC(=O)C(C)CSCCCCC=C)CCC(=O)OCCOC(=O)C(C)CSCCCCC=C,1.0,23.80952381,23.80952381,47.61904762,4.761904762,19.46459718,3.9052298430594576,1.252762968495368,7.6994709616,5.0470315093,6.0,6,7.57546054129233,6.0,4,0,0,True,False,False,True,False,False,False,True,False,0.13010298014334065
CC(C)=CCCC(C)CCSCC(C)C(=O)OCCOC(=O)CCN(CCCN1CCN(C)CC1)CCC(=O)OCCOC(=O)C(C)CSCCC(C)CCC=C(C)C,1.0,23.80952381,23.80952381,47.61904762,4.761904762,11.89655679,3.4256100192908367,1.252762968495368,7.2198469972,5.0470315093,2.0,8,6.770005860122306,2.0,3,0,0,True,False,False,True,False,False,False,True,False,0.13010298014334065
CC(C)=CCCC(C)CCSCC(C)C(=O)OCCOC(=O)CCN(CCC(=O)OCCOC(=O)C(C)CSCCC(C)CCC=C(C)C)CCN(C)C,1.0,23.80952381,23.80952381,47.61904762,4.761904762,11.21681381,3.3687442469033764,1.252762968495368,7.1629864712,5.0470315093,2.0,8,6.687370418977528,2.0,2,0,0,True,False,False,True,False,False,False,True,False,0.13010298014334065
CC(C)=CCCC(C)CCSCC(C)C(=O)OCCOC(=O)CCN(CCCN(C)C)CCC(=O)OCCOC(=O)C(C)CSCCC(C)CCC=C(C)C,1.0,23.80952381,23.80952381,47.61904762,4.761904762,11.35743149,3.3807762397752565,1.252762968495368,7.1750152323,5.0470315093,2.0,8,6.704704753970704,2.0,2,0,0,True,False,False,True,False,False,False,True,False,0.13010298014334065
CC(C)=CCCC(C)CCSCC(C)C(=O)OCCOC(=O)CCN(CCO)CCCN(CCC(=O)OCCOC(=O)C(C)CSCCC(C)CCC=C(C)C)CCC(=O)OCCOC(=O)C(C)CSCCC(C)CCC=C(C)C,0.89847,23.80952381,23.80952381,47.61904762,4.761904762,14.64689559,3.627462428702119,1.252762968495368,7.4217040208,5.0470315093,3.0,8,7.080669390867011,3.0,2,0,0,True,False,False,True,False,False,False,True,False,0.9777745439849187
CC(C)=CCCC(C)CCSCC(C)C(=O)OCCOC(=O)CCN(CCCN1CCN(CCCN(CCC(=O)OCCOC(=O)C(C)CSCCC(C)CCC=C(C)C)CCC(=O)OCCOC(=O)C(C)CSCCC(C)CCC=C(C)C)CC1)CCC(=O)OCCOC(=O)C(C)CSCCC(C)CCC=C(C)C,0.89847,23.80952381,23.80952381,47.61904762,4.761904762,17.66716172,3.810386752752247,1.252762968495368,7.6046255204,5.0470315093,4.0,8,7.394764735966895,4.0,4,0,0,True,False,False,True,False,False,False,True,False,0.9777745439849187
CC(C)=CCCC(C)CCSCC(C)C(=O)OCCOC(=O)CCN(CCCN(C)CCCN(CCC(=O)OCCOC(=O)C(C)CSCCC(C)CCC=C(C)C)CCC(=O)OCCOC(=O)C(C)CSCCC(C)CCC=C(C)C)CCC(=O)OCCOC(=O)C(C)CSCCC(C)CCC=C(C)C,0.90805,23.80952381,23.80952381,47.61904762,4.761904762,17.32804349,3.7914384956174274,1.252762968495368,7.5856771404,5.0470315093,4.0,8,7.360334226377024,4.0,3,0,0,True,False,False,True,False,False,False,True,False,0.7810493820050427
CC(C)=CCCC(C)CCSCC(C)C(=O)OCCOC(=O)CCN(CCC(=O)OCCOC(=O)C(C)CSCCC(C)CCC=C(C)C)CCN(CCN(CCC(=O)OCCOC(=O)C(C)CSCCC(C)CCC=C(C)C)CCC(=O)OCCOC(=O)C(C)CSCCC(C)CCC=C(C)C)CCN(CCC(=O)OCCOC(=O)C(C)CSCCC(C)CCC=C(C)C)CCC(=O)OCCOC(=O)C(C)CSCCC(C)CCC=C(C)C,0.95211,23.80952381,23.80952381,47.61904762,4.761904762,21.05699789,3.982341566000887,1.252762968495368,7.7765811681,5.0470315093,6.0,8,7.734736431384895,6.0,4,0,0,True,False,False,True,False,False,False,True,False,0.28859316140671326
CCCCCCCCCCC(O)N(CCC(O)C(=O)NC1CC(N(C(O)CCCCCCCCCC)C(O)CCCCCCCCCC)C(OC2OC(CN(C(O)CCCCCCCCCC)C(O)CCCCCCCCCC)C(O)C(O)C2O)C(O)C1OC1OC(CO)C(O)C(N(C(O)CCCCCCCCCC)C(O)CCCCCCCCCC)C1O)C(O)CCCCCCCCCC,0.79235,6.5,1.0,26.6,24.2,7.027330447330451,3.195584058436354,1.4663370687934272,7.8007528186,6.0714995625,8.0,11,7.57505938542456,0.0,4,0,0,False,True,False,False,True,True,False,False,False,3.9061176937900304
CCCCCCCCCCCC(O)N(CCC(O)C(=O)NC1CC(N(C(O)CCCCCCCCCCC)C(O)CCCCCCCCCCC)C(OC2OC(CN(C(O)CCCCCCCCCCC)C(O)CCCCCCCCCCC)C(O)C(O)C2O)C(O)C1OC1OC(CO)C(O)C(N(C(O)CCCCCCCCCCC)C(O)CCCCCCCCCCC)C1O)C(O)CCCCCCCCCCC,0.90437,6.5,1.0,26.6,24.2,7.432150072150075,3.2493597747115577,1.4663370687934272,7.8545286581,6.0714995625,8.0,12,7.631039735212305,0.0,4,0,0,False,True,False,False,True,True,False,False,False,0.8554645144638803
CCCCCCCCCCCCC(O)N(CCC(O)C(=O)NC1CC(N(C(O)CCCCCCCCCCCC)C(O)CCCCCCCCCCCC)C(OC2OC(CN(C(O)CCCCCCCCCCCC)C(O)CCCCCCCCCCCC)C(O)C(O)C2O)C(O)C1OC1OC(CO)C(O)C(N(C(O)CCCCCCCCCCCC)C(O)CCCCCCCCCCCC)C1O)C(O)CCCCCCCCCCCC,1.0,6.5,1.0,26.6,24.2,7.836969696969701,3.300390641930007,1.4663370687934272,7.9055596362,6.0714995625,8.0,13,7.684051721490662,0.0,4,0,0,False,True,False,False,True,True,False,False,False,0.13010298014334065
CCCCCCCCCCCCCC(O)N(CCC(O)C(=O)NC1CC(N(C(O)CCCCCCCCCCCCC)C(O)CCCCCCCCCCCCC)C(OC2OC(CN(C(O)CCCCCCCCCCCCC)C(O)CCCCCCCCCCCCC)C(O)C(O)C2O)C(O)C1OC1OC(CO)C(O)C(N(C(O)CCCCCCCCCCCCC)C(O)CCCCCCCCCCCCC)C1O)C(O)CCCCCCCCCCCCC,1.0,6.5,1.0,26.6,24.2,8.241789321789323,3.348943312637416,1.4663370687934272,7.9541124073,6.0714995625,8.0,14,7.7343943513864595,0.0,4,0,0,False,True,False,False,True,True,False,False,False,0.13010298014334065
CCCCCCCCCCCCCCC(O)N(CCC(O)C(=O)NC1CC(N(C(O)CCCCCCCCCCCCCC)C(O)CCCCCCCCCCCCCC)C(OC2OC(CN(C(O)CCCCCCCCCCCCCC)C(O)CCCCCCCCCCCCCC)C(O)C(O)C2O)C(O)C1OC1OC(CO)C(O)C(N(C(O)CCCCCCCCCCCCCC)C(O)CCCCCCCCCCCCCC)C1O)C(O)CCCCCCCCCCCCCC,0.9153,6.5,1.0,26.6,24.2,8.646608946608948,3.395247376169216,1.4663370687934272,8.0004165622,6.0714995625,8.0,15,7.782323611092873,0.0,4,0,0,False,True,False,False,True,True,False,False,False,0.6431872344719822
CCCCCCCCCCCCCCCCC(O)N(CCC(O)C(=O)NC1CC(N(C(O)CCCCCCCCCCCCCCCC)C(O)CCCCCCCCCCCCCCCC)C(OC2OC(CN(C(O)CCCCCCCCCCCCCCCC)C(O)CCCCCCCCCCCCCCCC)C(O)C(O)C2O)C(O)C1OC1OC(CO)C(O)C(N(C(O)CCCCCCCCCCCCCCCC)C(O)CCCCCCCCCCCCCCCC)C1O)C(O)CCCCCCCCCCCCCCCC,0.95082,6.5,1.0,26.6,24.2,9.456248196248197,3.481880724725853,1.4663370687934272,8.0870500706,6.0714995625,8.0,17,7.871796396548153,0.0,4,0,0,False,True,False,False,True,True,False,False,False,0.2905441962409263
CCCCCCCCCCC(O)N(C)C1C(O)C(OC2C(O)C(OC3OC(C(C)O)C(O)C(O)C3N(C(O)CCCCCCCCCC)C(O)CCCCCCCCCC)C(N(C(O)CCCCCCCCCC)C(O)CCCCCCCCCC)CC2N(C(O)CCCCCCCCCC)C(O)CCCCCCCCCC)OCC1(C)O,0.85792,6.5,1.0,26.6,24.2,6.091738816738815,3.0589791509943165,1.4663370687934272,7.6641495221,6.0714995625,7.0,11,7.43226484903613,0.0,4,0,0,False,True,False,False,True,True,False,False,False,1.6610930161676865
CCCCCCCCCCCC(O)N(C)C1C(O)C(OC2C(O)C(OC3OC(C(C)O)C(O)C(O)C3N(C(O)CCCCCCCCCCC)C(O)CCCCCCCCCCC)C(N(C(O)CCCCCCCCCCC)C(O)CCCCCCCCCCC)CC2N(C(O)CCCCCCCCCCC)C(O)CCCCCCCCCCC)OCC1(C)O,1.0,6.5,1.0,26.6,24.2,6.445955988455988,3.1129160168492396,1.4663370687934272,7.7180853151,6.0714995625,7.0,12,7.488751720184259,0.0,4,0,0,False,True,False,False,True,True,False,False,False,0.13010298014334065
CCCCCCCCCCCCC(O)N(C)C1C(O)C(OC2C(O)C(OC3OC(C(C)O)C(O)C(O)C3N(C(O)CCCCCCCCCCCC)C(O)CCCCCCCCCCCC)C(N(C(O)CCCCCCCCCCCC)C(O)CCCCCCCCCCCC)CC2N(C(O)CCCCCCCCCCCC)C(O)CCCCCCCCCCCC)OCC1(C)O,0.76503,6.5,1.0,26.6,24.2,6.800173160173161,3.164091976832588,1.4663370687934272,7.7692603093,6.0714995625,7.0,13,7.542217704965955,0.0,4,0,0,False,True,False,False,True,True,False,False,False,4.2267603505881475
CCCCCCCCCCCCCC(O)N(C)C1C(O)C(OC2C(O)C(OC3OC(C(C)O)C(O)C(O)C3N(C(O)CCCCCCCCCCCCC)C(O)CCCCCCCCCCCCC)C(N(C(O)CCCCCCCCCCCCC)C(O)CCCCCCCCCCCCC)CC2N(C(O)CCCCCCCCCCCCC)C(O)CCCCCCCCCCCCC)OCC1(C)O,0.68033,6.5,1.0,26.6,24.2,7.154390331890333,3.212775969438643,1.4663370687934272,7.8179474524,6.0714995625,7.0,14,7.592969577270299,0.0,4,0,0,False,True,False,False,True,True,False,False,False,4.043669307804607
CCCCCCCCCCCC(O)N(CC1OC(OC2C(CO)OC(OC3C(O)C(N(C(O)CCCCCCCCCCC)C(O)CCCCCCCCCCC)CC(N(C(O)CCCCCCCCCCC)C(O)CCCCCCCCCCC)C3OC3OC(CO)C(O)C(O)C3N(C(O)CCCCCCCCCCC)C(O)CCCCCCCCCCC)C2O)C(N(C(O)CCCCCCCCCCC)C(O)CCCCCCCCCCC)C(O)C1O)C(O)CCCCCCCCCCC,1.0,6.5,1.0,26.6,24.2,8.870360750360746,3.4199494300997535,1.4663370687934272,8.0251206248,6.0714995625,10.0,12,7.807861342845316,0.0,5,0,0,False,True,False,False,True,True,False,False,False,0.13010298014334065
CCCCCCCCCCCC(O)N(CC1OC(OC2C(O)C(OC3OC(CO)C(O)C(N(C(O)CCCCCCCCCCC)C(O)CCCCCCCCCCC)C3O)C(N(C(O)CCCCCCCCCCC)C(O)CCCCCCCCCCC)CC2N(C(O)CCCCCCCCCCC)C(O)CCCCCCCCCCC)C(N(C(O)CCCCCCCCCCC)C(O)CCCCCCCCCCC)C(O)C1O)C(O)CCCCCCCCCCC,1.0,6.5,1.0,26.6,24.2,8.393755411255407,3.366577803445886,1.4663370687934272,7.9717485173,6.0714995625,10.0,12,7.752656985169148,0.0,5,0,0,False,True,False,False,True,True,False,False,False,0.13010298014334065
CCCCCCCCCCCCC(O)N(CC1OC(OC2C(O)C(OC3OC(CO)C(O)C(N(C(O)CCCCCCCCCCCC)C(O)CCCCCCCCCCCC)C3O)C(N(C(O)CCCCCCCCCCCC)C(O)CCCCCCCCCCCC)CC2N(C(O)CCCCCCCCCCCC)C(O)CCCCCCCCCCCC)C(N(C(O)CCCCCCCCCCCC)C(O)CCCCCCCCCCCC)C(O)C1O)C(O)CCCCCCCCCCCC,1.0,6.5,1.0,26.6,24.2,8.899779942279942,3.4231523687774614,1.4663370687934272,8.0283214741,6.0714995625,10.0,13,7.811171083536974,0.0,5,0,0,False,True,False,False,True,True,False,False,False,0.13010298014334065
CCCCCCCCCCCCCC(O)N(CC1OC(OC2C(O)C(OC3OC(CO)C(O)C(N(C(O)CCCCCCCCCCCCC)C(O)CCCCCCCCCCCCC)C3O)C(N(C(O)CCCCCCCCCCCCC)C(O)CCCCCCCCCCCCC)CC2N(C(O)CCCCCCCCCCCCC)C(O)CCCCCCCCCCCCC)C(N(C(O)CCCCCCCCCCCCC)C(O)CCCCCCCCCCCCC)C(O)C1O)C(O)CCCCCCCCCCCCC,0.47268,6.5,1.0,26.6,24.2,9.405804473304473,3.476696910175539,1.4663370687934272,8.0818676656,6.0714995625,10.0,14,7.866449729790685,0.0,5,0,0,False,True,False,False,True,True,False,False,False,6.210344569566999
CCCCCCCCCCCCCCC(O)N(C)C1C(OC2CC(O)C(N(C(O)CCCCCCCCCCCCCC)C(O)CCCCCCCCCCCCCC)C(CO)O2)OC2CC(N(C(O)CCCCCCCCCCCCCC)C(O)CCCCCCCCCCCCCC)C(OC3C(O)C(O)C(N(C(O)CCCCCCCCCCCCCC)C(O)CCCCCCCCCCCCCC)CC3N(C(O)CCCCCCCCCCCCCC)C(O)CCCCCCCCCCCCCC)OC2C1O,0.83607,6.5,1.0,26.6,24.2,9.23961038961039,3.4594254492886884,1.4663370687934272,8.0645955945,6.0714995625,9.0,15,7.848629349183766,0.0,5,0,0,False,True,False,False,True,True,False,False,False,2.094620985456815
CCCCCCCCCCC(O)N(CC1OC(OC2C(OC3OC(CO)C(O)C3O)C(O)C(N(C(O)CCCCCCCCCC)C(O)CCCCCCCCCC)CC2N(C(O)CCCCCCCCCC)C(O)CCCCCCCCCC)C(N(C(O)CCCCCCCCCC)C(O)CCCCCCCCCC)C(O)C1O)C(O)CCCCCCCCCC,1.0,6.5,1.0,26.6,24.2,6.554274891774891,3.1288453337402045,1.4663370687934272,7.734016265,6.0714995625,8.0,11,7.505407012576857,0.0,4,0,0,False,True,False,False,True,True,False,False,False,0.13010298014334065
CCCCCCCCCCCCC(O)N(CC1OC(OC2C(OC3OC(CO)C(O)C3O)C(O)C(N(C(O)CCCCCCCCCCCC)C(O)CCCCCCCCCCCC)CC2N(C(O)CCCCCCCCCCCC)C(O)CCCCCCCCCCCC)C(N(C(O)CCCCCCCCCCCC)C(O)CCCCCCCCCCCC)C(O)C1O)C(O)CCCCCCCCCCCC,0.68852,6.5,1.0,26.6,24.2,7.363914141414143,3.2404956420891207,1.4663370687934272,7.8456665925,6.0714995625,8.0,13,7.6218206408470355,0.0,4,0,0,False,True,False,False,True,True,False,False,False,3.5040212949106504
CCCCCCCCCCCC(O)N(C)C(C)C1CCC(N(C(O)CCCCCCCCCCC)C(O)CCCCCCCCCCC)C(OC2C(O)C(OC3OCC(C)(O)C(N(C)C(O)CCCCCCCCCCC)C3O)C(N(C(O)CCCCCCCCCCC)C(O)CCCCCCCCCCC)CC2N(C(O)CCCCCCCCCCC)C(O)CCCCCCCCCCC)O1,0.70765,6.5,1.0,26.6,24.2,7.042521645021649,3.197655136321204,1.4663370687934272,7.8028264602,6.0714995625,8.0,12,7.577217676420937,0.0,5,0,0,False,True,False,False,True,True,False,False,False,3.4010290284621494
CCCCCCCCCCCCC(O)N(C)C(C)C1CCC(N(C(O)CCCCCCCCCCCC)C(O)CCCCCCCCCCCC)C(OC2C(O)C(OC3OCC(C)(O)C(N(C)C(O)CCCCCCCCCCCC)C3O)C(N(C(O)CCCCCCCCCCCC)C(O)CCCCCCCCCCCC)CC2N(C(O)CCCCCCCCCCCC)C(O)CCCCCCCCCCCC)O1,0.7459,6.5,1.0,26.6,24.2,7.447341269841275,3.251322526876012,1.4663370687934272,7.8564938397,6.0714995625,8.0,13,7.6330806437393965,0.0,5,0,0,False,True,False,False,True,True,False,False,False,6.18153701357582
CCCCCCCCCCCCCC(O)N(C)C(C)C1CCC(N(C(O)CCCCCCCCCCCCC)C(O)CCCCCCCCCCCCC)C(OC2C(O)C(OC3OCC(C)(O)C(N(C)C(O)CCCCCCCCCCCCC)C3O)C(N(C(O)CCCCCCCCCCCCC)C(O)CCCCCCCCCCCCC)CC2N(C(O)CCCCCCCCCCCCC)C(O)CCCCCCCCCCCCC)O1,0.54098,6.5,1.0,26.6,24.2,7.852160894660901,3.3022558368843806,1.4663370687934272,7.9074271398,6.0714995625,8.0,14,7.685987357061196,0.0,5,0,0,False,True,False,False,True,True,False,False,False,4.898956804926051
CCCCCCCCCCCCCCC(O)N(C)C(C)C1CCC(N(C(O)CCCCCCCCCCCCCC)C(O)CCCCCCCCCCCCCC)C(OC2C(O)C(OC3OCC(C)(O)C(N(C)C(O)CCCCCCCCCCCCCC)C3O)C(N(C(O)CCCCCCCCCCCCCC)C(O)CCCCCCCCCCCCCC)CC2N(C(O)CCCCCCCCCCCCCC)C(O)CCCCCCCCCCCCCC)O1,0.69945,6.5,1.0,26.6,24.2,8.256980519480525,3.350720189199782,1.4663370687934272,7.9558914831,6.0714995625,8.0,15,7.73623504155064,0.0,5,0,0,False,True,False,False,True,True,False,False,False,3.2405300019880285
CCCCCSCC(C)C(=O)OCCOC(=O)CCN(CCCN(C)CCCN(CCC(=O)OCCOC(=O)C(C)CSCCCCC)CCC(=O)OCCOC(=O)C(C)CSCCCCC)CCC(=O)OCCOC(=O)C(C)CSCCCCC,1.0,38.5,30.0,30.0,1.5,8.910516567194891,2.7028823464639515,0.9409833444645266,6.3917663483,4.6298627986,4.0,5,7.17003184729674,0.0,3,0,0,True,False,False,True,False,True,False,False,False,0.13010298014334065
CCCCCCSCC(C)C(=O)OCCOC(=O)CCN(CCCN(C)CCCN(CCC(=O)OCCOC(=O)C(C)CSCCCCCC)CCC(=O)OCCOC(=O)C(C)CSCCCCCC)CCC(=O)OCCOC(=O)C(C)CSCCCCCC,1.0,38.5,30.0,30.0,1.5,9.295424298552511,2.7423936851739628,0.9409833444645266,6.4312666676,4.6298627986,4.0,6,7.21229004371179,0.0,3,0,0,True,False,False,True,False,True,False,False,False,0.13010298014334065
CCCCCCCSCC(C)C(=O)OCCOC(=O)CCN(CCCN(C)CCCN(CCC(=O)OCCOC(=O)C(C)CSCCCCCCC)CCC(=O)OCCOC(=O)C(C)CSCCCCCCC)CCC(=O)OCCOC(=O)C(C)CSCCCCCCC,1.0,38.5,30.0,30.0,1.5,9.68033202991013,2.780403035605186,0.9409833444645266,6.4692813241,4.6298627986,4.0,7,7.252834653404491,0.0,3,0,0,True,False,False,True,False,True,False,False,False,0.13010298014334065
CCCCCCCCSCC(C)C(=O)OCCOC(=O)CCN(CCCN(C)CCCN(CCC(=O)OCCOC(=O)C(C)CSCCCCCCCC)CCC(=O)OCCOC(=O)C(C)CSCCCCCCCC)CCC(=O)OCCOC(=O)C(C)CSCCCCCCCC,1.0,38.5,30.0,30.0,1.5,10.065239761267753,2.8170204215484227,0.9409833444645266,6.5059036345,4.6298627986,4.0,8,7.291799250714649,0.0,3,0,0,True,False,False,True,False,True,False,False,False,0.13010298014334065
CCCCCCCCCSCC(C)C(=O)OCCOC(=O)CCN(CCCN(C)CCCN(CCC(=O)OCCOC(=O)C(C)CSCCCCCCCCC)CCC(=O)OCCOC(=O)C(C)CSCCCCCCCCC)CCC(=O)OCCOC(=O)C(C)CSCCCCCCCCC,1.0,38.5,30.0,30.0,1.5,10.450147492625367,2.8523442035077897,0.9409833444645266,6.5412175718,4.6298627986,4.0,9,7.329302375897148,0.0,3,0,0,True,False,False,True,False,True,False,False,False,0.13010298014334065
CCCCCCCCCCSCC(C)C(=O)OCCOC(=O)CCN(CCCN(C)CCCN(CCC(=O)OCCOC(=O)C(C)CSCCCCCCCCCC)CCC(=O)OCCOC(=O)C(C)CSCCCCCCCCCC)CCC(=O)OCCOC(=O)C(C)CSCCCCCCCCCC,1.0,38.5,30.0,30.0,1.5,10.835055223982987,2.8864626711109853,0.9409833444645266,6.5753407985,4.6298627986,4.0,10,7.365449709933168,0.0,3,0,0,True,False,False,True,False,True,False,False,False,0.13010298014334065
CCCCCCCCCCCSCC(C)C(=O)OCCOC(=O)CCN(CCCN(C)CCCN(CCC(=O)OCCOC(=O)C(C)CSCCCCCCCCCCC)CCC(=O)OCCOC(=O)C(C)CSCCCCCCCCCCC)CCC(=O)OCCOC(=O)C(C)CSCCCCCCCCCCC,0.99071,38.5,30.0,30.0,1.5,11.219962955340602,2.9194553726973873,0.9409833444645266,6.6083379503,4.6298627986,4.0,11,7.400335869771856,0.0,3,0,0,True,False,False,True,False,True,False,False,False,0.14371266066322047
CCCCCCCCCCCCSCC(C)C(=O)OCCOC(=O)CCN(CCCN(C)CCCN(CCC(=O)OCCOC(=O)C(C)CSCCCCCCCCCCCC)CCC(=O)OCCOC(=O)C(C)CSCCCCCCCCCCCC)CCC(=O)OCCOC(=O)C(C)CSCCCCCCCCCCCC,0.95098,38.5,30.0,30.0,1.5,11.60487068669822,2.95139423247848,0.9409833444645266,6.6402679138,4.6298627986,4.0,12,7.434045900823928,0.0,3,0,0,True,False,False,True,False,True,False,False,False,0.2902767523702941
CCCCCCCCCCCCCCSCC(C)C(=O)OCCOC(=O)CCN(CCCN(C)CCCN(CCC(=O)OCCOC(=O)C(C)CSCCCCCCCCCCCCCC)CCC(=O)OCCOC(=O)C(C)CSCCCCCCCCCCCCCC)CCC(=O)OCCOC(=O)C(C)CSCCCCCCCCCCCCCC,0.7284,38.5,30.0,30.0,1.5,12.374686149413456,3.012365526255833,0.9409833444645266,6.7012475813,4.6298627986,4.0,14,7.4982371973121955,0.0,3,0,0,True,False,False,True,False,True,False,False,False,5.535272670596216
CCCCCSCC(C)C(=O)OCCOC(=O)CCN(CCCN(C)CCCN(CCC(=O)OCCOC(=O)C(C)CSCCCCC)CCC(=O)OCCOC(=O)C(C)CSCCCCC)CCC(=O)OCCOC(=O)C(C)CSCCCCC,1.0,38.5,30.0,30.0,1.5,8.910516567194891,3.361949296247037,1.4170660197866445,7.0508247888,5.1059454739,4.0,5,7.17003184729674,0.0,3,0,0,True,False,False,True,False,True,False,False,False,0.13010298014334065
CCCCCCSCC(C)C(=O)OCCOC(=O)CCN(CCCN(C)CCCN(CCC(=O)OCCOC(=O)C(C)CSCCCCCC)CCC(=O)OCCOC(=O)C(C)CSCCCCCC)CCC(=O)OCCOC(=O)C(C)CSCCCCCC,0.96951,38.5,30.0,30.0,1.5,9.295424298552511,3.402802790070074,1.4170660197866445,7.0916838771,5.1059454739,4.0,6,7.21229004371179,0.0,3,0,0,True,False,False,True,False,True,False,False,False,0.25818875284051307
CCCCCCCSCC(C)C(=O)OCCOC(=O)CCN(CCCN(C)CCCN(CCC(=O)OCCOC(=O)C(C)CSCCCCCCC)CCC(=O)OCCOC(=O)C(C)CSCCCCCCC)CCC(=O)OCCOC(=O)C(C)CSCCCCCCC,0.95873,38.5,30.0,30.0,1.5,9.68033202991013,3.4420525786222163,1.4170660197866445,7.1309308298,5.1059454739,4.0,7,7.252834653404491,0.0,3,0,0,True,False,False,True,False,True,False,False,False,0.2830846375451853
CCCCCCCCSCC(C)C(=O)OCCOC(=O)CCN(CCCN(C)CCCN(CCC(=O)OCCOC(=O)C(C)CSCCCCCCCC)CCC(=O)OCCOC(=O)C(C)CSCCCCCCCC)CCC(=O)OCCOC(=O)C(C)CSCCCCCCCC,0.91818,38.5,30.0,30.0,1.5,10.065239761267753,3.4798198275169296,1.4170660197866445,7.168695453,5.1059454739,4.0,8,7.291799250714649,0.0,3,0,0,True,False,False,True,False,True,False,False,False,0.5927234068131464
CCCCCCCCCSCC(C)C(=O)OCCOC(=O)CCN(CCCN(C)CCCN(CCC(=O)OCCOC(=O)C(C)CSCCCCCCCCC)CCC(=O)OCCOC(=O)C(C)CSCCCCCCCCC)CCC(=O)OCCOC(=O)C(C)CSCCCCCCCCC,0.89902,38.5,30.0,30.0,1.5,10.450147492625367,3.516212469028476,1.4170660197866445,7.2050930845,5.1059454739,4.0,9,7.329302375897148,0.0,3,0,0,True,False,False,True,False,True,False,False,False,0.9663320935472112
CCCCCCCCCCSCC(C)C(=O)OCCOC(=O)CCN(CCCN(C)CCCN(CCC(=O)OCCOC(=O)C(C)CSCCCCCCCCCC)CCC(=O)OCCOC(=O)C(C)CSCCCCCCCCCC)CCC(=O)OCCOC(=O)C(C)CSCCCCCCCCCC,0.8796,38.5,30.0,30.0,1.5,10.835055223982987,3.551327061664191,1.4170660197866445,7.240205151,5.1059454739,4.0,10,7.365449709933168,0.0,3,0,0,True,False,False,True,False,True,False,False,False,1.330128616757326
CCCCCCCCCCCSCC(C)C(=O)OCCOC(=O)CCN(CCCN(C)CCCN(CCC(=O)OCCOC(=O)C(C)CSCCCCCCCCCCC)CCC(=O)OCCOC(=O)C(C)CSCCCCCCCCCCC)CCC(=O)OCCOC(=O)C(C)CSCCCCCCCCCCC,0.87926,38.5,30.0,30.0,1.5,11.219962955340602,3.5852503341540327,1.4170660197866445,7.2741329984,5.1059454739,4.0,11,7.400335869771856,0.0,3,0,0,True,False,False,True,False,True,False,False,False,1.335368499954926
CCCCCCCCCCCCSCC(C)C(=O)OCCOC(=O)CCN(CCCN(C)CCCN(CCC(=O)OCCOC(=O)C(C)CSCCCCCCCCCCCC)CCC(=O)OCCOC(=O)C(C)CSCCCCCCCCCCCC)CCC(=O)OCCOC(=O)C(C)CSCCCCCCCCCCCC,0.87255,38.5,30.0,30.0,1.5,11.60487068669822,3.618060476021226,1.4170660197866445,7.3069407112,5.1059454739,4.0,12,7.434045900823928,0.0,3,0,0,True,False,False,True,False,True,False,False,False,1.43339579525377
CCCCCCCCCCCCCCSCC(C)C(=O)OCCOC(=O)CCN(CCCN(C)CCCN(CCC(=O)OCCOC(=O)C(C)CSCCCCCCCCCCCCCC)CCC(=O)OCCOC(=O)C(C)CSCCCCCCCCCCCCCC)CCC(=O)OCCOC(=O)C(C)CSCCCCCCCCCCCCCC,0.71914,38.5,30.0,30.0,1.5,12.374686149413456,3.6806177756615743,1.4170660197866445,7.3694998963,5.1059454739,4.0,14,7.4982371973121955,0.0,3,0,0,True,False,False,True,False,True,False,False,False,4.270181512217245
CCCCCSCC(C)C(=O)OCCOC(=O)CCN(CCCN(C)CCCN(CCC(=O)OCCOC(=O)C(C)CSCCCCC)CCC(=O)OCCOC(=O)C(C)CSCCCCC)CCC(=O)OCCOC(=O)C(C)CSCCCCC,0.89943,38.5,30.0,30.0,1.5,8.910516567194891,4.037610679637795,1.9810014688665831,7.7264905122,5.669880923,4.0,5,7.17003184729674,0.0,3,0,0,True,False,False,True,False,True,False,False,False,0.9577981531069119
CCCCCCSCC(C)C(=O)OCCOC(=O)CCN(CCCN(C)CCCN(CCC(=O)OCCOC(=O)C(C)CSCCCCCC)CCC(=O)OCCOC(=O)C(C)CSCCCCCC)CCC(=O)OCCOC(=O)C(C)CSCCCCCC,0.83841,38.5,30.0,30.0,1.5,9.295424298552511,4.079170040425889,1.9810014688665831,7.7680511551,5.669880923,4.0,6,7.21229004371179,0.0,3,0,0,True,False,False,True,False,True,False,False,False,2.041360366681656
CCCCCCCSCC(C)C(=O)OCCOC(=O)CCN(CCCN(C)CCCN(CCC(=O)OCCOC(=O)C(C)CSCCCCCCC)CCC(=O)OCCOC(=O)C(C)CSCCCCCCC)CCC(=O)OCCOC(=O)C(C)CSCCCCCCC,0.81905,38.5,30.0,30.0,1.5,9.68033202991013,4.11907091712024,1.9810014688665831,7.8079491487,5.669880923,4.0,7,7.252834653404491,0.0,3,0,0,True,False,False,True,False,True,False,False,False,2.7087666279672113
CCCCCCCCSCC(C)C(=O)OCCOC(=O)CCN(CCCN(C)CCCN(CCC(=O)OCCOC(=O)C(C)CSCCCCCCCC)CCC(=O)OCCOC(=O)C(C)CSCCCCCCCC)CCC(=O)OCCOC(=O)C(C)CSCCCCCCCC,0.77879,38.5,30.0,30.0,1.5,10.065239761267753,4.157440613937006,1.9810014688665831,7.8463200914,5.669880923,4.0,8,7.291799250714649,0.0,3,0,0,True,False,False,True,False,True,False,False,False,3.8137969962944207
CCCCCCCCCSCC(C)C(=O)OCCOC(=O)CCN(CCCN(C)CCCN(CCC(=O)OCCOC(=O)C(C)CSCCCCCCCCC)CCC(=O)OCCOC(=O)C(C)CSCCCCCCCCC)CCC(=O)OCCOC(=O)C(C)CSCCCCCCCCC,0.75896,38.5,30.0,30.0,1.5,10.450147492625367,4.19439231756178,1.9810014688665831,7.8832729505,5.669880923,4.0,9,7.329302375897148,0.0,3,0,0,True,False,False,True,False,True,False,False,False,4.706428842860393
CCCCCCCCCCSCC(C)C(=O)OCCOC(=O)CCN(CCCN(C)CCCN(CCC(=O)OCCOC(=O)C(C)CSCCCCCCCCCC)CCC(=O)OCCOC(=O)C(C)CSCCCCCCCCCC)CCC(=O)OCCOC(=O)C(C)CSCCCCCCCCCC,0.71572,38.5,30.0,30.0,1.5,10.835055223982987,4.230027110387532,1.9810014688665831,7.9189051799,5.669880923,4.0,10,7.365449709933168,0.0,3,0,0,True,False,False,True,False,True,False,False,False,3.9218261910705325
CCCCCCCCCCCSCC(C)C(=O)OCCOC(=O)CCN(CCCN(C)CCCN(CCC(=O)OCCOC(=O)C(C)CSCCCCCCCCCCC)CCC(=O)OCCOC(=O)C(C)CSCCCCCCCCCCC)CCC(=O)OCCOC(=O)C(C)CSCCCCCCCCCCC,0.65944,38.5,30.0,30.0,1.5,11.219962955340602,4.264435637198718,1.9810014688665831,7.9533148316,5.669880923,4.0,11,7.400335869771856,0.0,3,0,0,True,False,False,True,False,True,False,False,False,6.194290771193841
CCCCCCCCCCCCSCC(C)C(=O)OCCOC(=O)CCN(CCCN(C)CCCN(CCC(=O)OCCOC(=O)C(C)CSCCCCCCCCCCCC)CCC(=O)OCCOC(=O)C(C)CSCCCCCCCCCCCC)CCC(=O)OCCOC(=O)C(C)CSCCCCCCCCCCCC,0.79085,38.5,30.0,30.0,1.5,11.60487068669822,4.297699494511363,1.9810014688665831,7.9865797403,5.669880923,4.0,12,7.434045900823928,0.0,3,0,0,True,False,False,True,False,True,False,False,False,3.901020512811329
CCCCCCCCCCCCCCSCC(C)C(=O)OCCOC(=O)CCN(CCCN(C)CCCN(CCC(=O)OCCOC(=O)C(C)CSCCCCCCCCCCCCCC)CCC(=O)OCCOC(=O)C(C)CSCCCCCCCCCCCCCC)CCC(=O)OCCOC(=O)C(C)CSCCCCCCCCCCCCCC,0.64815,38.5,30.0,30.0,1.5,12.374686149413456,4.361081157104422,1.9810014688665831,8.0499601206,5.669880923,4.0,14,7.4982371973121955,0.0,3,0,0,True,False,False,True,False,True,False,False,False,7.222201854163797
CCCCCSCC(C)C(=O)OCCOC(=O)CCN(CCCN(C)CCCN(CCC(=O)OCCOC(=O)C(C)CSCCCCC)CCC(=O)OCCOC(=O)C(C)CSCCCCC)CCC(=O)OCCOC(=O)C(C)CSCCCCC,0.79023,38.5,30.0,30.0,1.5,8.910516567194891,4.721898951340664,2.6026896854443837,8.4107787873,6.2915691396,4.0,5,7.17003184729674,0.0,3,0,0,True,False,False,True,False,True,False,False,False,3.8971603379208504
CCCCCCSCC(C)C(=O)OCCOC(=O)CCN(CCCN(C)CCCN(CCC(=O)OCCOC(=O)C(C)CSCCCCCC)CCC(=O)OCCOC(=O)C(C)CSCCCCCC)CCC(=O)OCCOC(=O)C(C)CSCCCCCC,0.70732,38.5,30.0,30.0,1.5,9.295424298552511,4.763820473652863,2.6026896854443837,8.4526994693,6.2915691396,4.0,6,7.21229004371179,0.0,3,0,0,True,False,False,True,False,True,False,False,False,3.387958858389114
CCCCCCCSCC(C)C(=O)OCCOC(=O)CCN(CCCN(C)CCCN(CCC(=O)OCCOC(=O)C(C)CSCCCCCCC)CCC(=O)OCCOC(=O)C(C)CSCCCCCCC)CCC(=O)OCCOC(=O)C(C)CSCCCCCCC,0.67937,38.5,30.0,30.0,1.5,9.68033202991013,4.804055063612613,2.6026896854443837,8.4929353343,6.2915691396,4.0,7,7.252834653404491,0.0,3,0,0,True,False,False,True,False,True,False,False,False,4.12560062109065
CCCCCCCCSCC(C)C(=O)OCCOC(=O)CCN(CCCN(C)CCCN(CCC(=O)OCCOC(=O)C(C)CSCCCCCCCC)CCC(=O)OCCOC(=O)C(C)CSCCCCCCCC)CCC(=O)OCCOC(=O)C(C)CSCCCCCCCC,0.61515,38.5,30.0,30.0,1.5,10.065239761267753,4.842733250748636,2.6026896854443837,8.5316127284,6.2915691396,4.0,8,7.291799250714649,0.0,3,0,0,True,False,False,True,False,True,False,False,False,11.6653903555382
CCCCCCCCCSCC(C)C(=O)OCCOC(=O)CCN(CCCN(C)CCCN(CCC(=O)OCCOC(=O)C(C)CSCCCCCCCCC)CCC(=O)OCCOC(=O)C(C)CSCCCCCCCCC)CCC(=O)OCCOC(=O)C(C)CSCCCCCCCCC,0.57003,38.5,30.0,30.0,1.5,10.450147492625367,4.8799709772530395,2.6026896854443837,8.5688497198,6.2915691396,4.0,9,7.329302375897148,0.0,3,0,0,True,False,False,True,False,True,False,False,False,6.055282790815614
CCCCCCCCCCSCC(C)C(=O)OCCOC(=O)CCN(CCCN(C)CCCN(CCC(=O)OCCOC(=O)C(C)CSCCCCCCCCCC)CCC(=O)OCCOC(=O)C(C)CSCCCCCCCCCC)CCC(=O)OCCOC(=O)C(C)CSCCCCCCCCCC,0.47826,38.5,30.0,30.0,1.5,10.835055223982987,4.915871693755265,2.6026896854443837,8.6047515854,6.2915691396,4.0,10,7.365449709933168,0.0,3,0,0,True,False,False,True,False,True,False,False,False,6.215309997879931
CCCCCCCCCCCSCC(C)C(=O)OCCOC(=O)CCN(CCCN(C)CCCN(CCC(=O)OCCOC(=O)C(C)CSCCCCCCCCCCC)CCC(=O)OCCOC(=O)C(C)CSCCCCCCCCCCC)CCC(=O)OCCOC(=O)C(C)CSCCCCCCCCCCC,0.46749,38.5,30.0,30.0,1.5,11.219962955340602,4.950528091732735,2.6026896854443837,8.6394072843,6.2915691396,4.0,11,7.400335869771856,0.0,3,0,0,True,False,False,True,False,True,False,False,False,6.484737293699439
CCCCCCCCCCCCSCC(C)C(=O)OCCOC(=O)CCN(CCCN(C)CCCN(CCC(=O)OCCOC(=O)C(C)CSCCCCCCCCCCCC)CCC(=O)OCCOC(=O)C(C)CSCCCCCCCCCCCC)CCC(=O)OCCOC(=O)C(C)CSCCCCCCCCCCCC,0.70915,38.5,30.0,30.0,1.5,11.60487068669822,4.9840235456309285,2.6026896854443837,8.6729037968,6.2915691396,4.0,12,7.434045900823928,0.0,3,0,0,True,False,False,True,False,True,False,False,False,3.4680736434233825
CCCCCCCCCCCCCCSCC(C)C(=O)OCCOC(=O)CCN(CCCN(C)CCCN(CCC(=O)OCCOC(=O)C(C)CSCCCCCCCCCCCCCC)CCC(=O)OCCOC(=O)C(C)CSCCCCCCCCCCCCCC)CCC(=O)OCCOC(=O)C(C)CSCCCCCCCCCCCCCC,0.58951,38.5,30.0,30.0,1.5,12.374686149413456,5.047825593942437,2.6026896854443837,8.7367045543,6.2915691396,4.0,14,7.4982371973121955,0.0,3,0,0,True,False,False,True,False,True,False,False,False,7.7125368596623884
CCCCCSCC(C)C(=O)OCCOC(=O)CCN(CCCN(C)CCCN(CCC(=O)OCCOC(=O)C(C)CSCCCCC)CCC(=O)OCCOC(=O)C(C)CSCCCCC)CCC(=O)OCCOC(=O)C(C)CSCCCCC,0.98851,38.5,30.0,30.0,1.5,8.910516567194891,2.7028823464639515,0.9409833444645266,6.3917663483,4.6298627986,4.0,5,7.17003184729674,0.0,3,0,0,True,False,False,True,False,False,False,True,False,0.15109339231080457
CCCCCCSCC(C)C(=O)OCCOC(=O)CCN(CCCN(C)CCCN(CCC(=O)OCCOC(=O)C(C)CSCCCCCC)CCC(=O)OCCOC(=O)C(C)CSCCCCCC)CCC(=O)OCCOC(=O)C(C)CSCCCCCC,1.0,38.5,30.0,30.0,1.5,9.295424298552511,2.7423936851739628,0.9409833444645266,6.4312666676,4.6298627986,4.0,6,7.21229004371179,0.0,3,0,0,True,False,False,True,False,False,False,True,False,0.13010298014334065
CCCCCCCSCC(C)C(=O)OCCOC(=O)CCN(CCCN(C)CCCN(CCC(=O)OCCOC(=O)C(C)CSCCCCCCC)CCC(=O)OCCOC(=O)C(C)CSCCCCCCC)CCC(=O)OCCOC(=O)C(C)CSCCCCCCC,1.0,38.5,30.0,30.0,1.5,9.68033202991013,2.780403035605186,0.9409833444645266,6.4692813241,4.6298627986,4.0,7,7.252834653404491,0.0,3,0,0,True,False,False,True,False,False,False,True,False,0.13010298014334065
CCCCCCCCSCC(C)C(=O)OCCOC(=O)CCN(CCCN(C)CCCN(CCC(=O)OCCOC(=O)C(C)CSCCCCCCCC)CCC(=O)OCCOC(=O)C(C)CSCCCCCCCC)CCC(=O)OCCOC(=O)C(C)CSCCCCCCCC,1.0,38.5,30.0,30.0,1.5,10.065239761267753,2.8170204215484227,0.9409833444645266,6.5059036345,4.6298627986,4.0,8,7.291799250714649,0.0,3,0,0,True,False,False,True,False,False,False,True,False,0.13010298014334065
CCCCCCCCCSCC(C)C(=O)OCCOC(=O)CCN(CCCN(C)CCCN(CCC(=O)OCCOC(=O)C(C)CSCCCCCCCCC)CCC(=O)OCCOC(=O)C(C)CSCCCCCCCCC)CCC(=O)OCCOC(=O)C(C)CSCCCCCCCCC,1.0,38.5,30.0,30.0,1.5,10.450147492625367,2.8523442035077897,0.9409833444645266,6.5412175718,4.6298627986,4.0,9,7.329302375897148,0.0,3,0,0,True,False,False,True,False,False,False,True,False,0.13010298014334065
CCCCCCCCCCSCC(C)C(=O)OCCOC(=O)CCN(CCCN(C)CCCN(CCC(=O)OCCOC(=O)C(C)CSCCCCCCCCCC)CCC(=O)OCCOC(=O)C(C)CSCCCCCCCCCC)CCC(=O)OCCOC(=O)C(C)CSCCCCCCCCCC,1.0,38.5,30.0,30.0,1.5,10.835055223982987,2.8864626711109853,0.9409833444645266,6.5753407985,4.6298627986,4.0,10,7.365449709933168,0.0,3,0,0,True,False,False,True,False,False,False,True,False,0.13010298014334065
CCCCCCCCCCCSCC(C)C(=O)OCCOC(=O)CCN(CCCN(C)CCCN(CCC(=O)OCCOC(=O)C(C)CSCCCCCCCCCCC)CCC(=O)OCCOC(=O)C(C)CSCCCCCCCCCCC)CCC(=O)OCCOC(=O)C(C)CSCCCCCCCCCCC,0.98762,38.5,30.0,30.0,1.5,11.219962955340602,2.9194553726973873,0.9409833444645266,6.6083379503,4.6298627986,4.0,11,7.400335869771856,0.0,3,0,0,True,False,False,True,False,False,False,True,False,0.15455051457989527
CCCCCCCCCCCCSCC(C)C(=O)OCCOC(=O)CCN(CCCN(C)CCCN(CCC(=O)OCCOC(=O)C(C)CSCCCCCCCCCCCC)CCC(=O)OCCOC(=O)C(C)CSCCCCCCCCCCCC)CCC(=O)OCCOC(=O)C(C)CSCCCCCCCCCCCC,0.92157,38.5,30.0,30.0,1.5,11.60487068669822,2.95139423247848,0.9409833444645266,6.6402679138,4.6298627986,4.0,12,7.434045900823928,0.0,3,0,0,True,False,False,True,False,False,False,True,False,0.5372060828042862
CCCCCCCCCCCCCCSCC(C)C(=O)OCCOC(=O)CCN(CCCN(C)CCCN(CCC(=O)OCCOC(=O)C(C)CSCCCCCCCCCCCCCC)CCC(=O)OCCOC(=O)C(C)CSCCCCCCCCCCCCCC)CCC(=O)OCCOC(=O)C(C)CSCCCCCCCCCCCCCC,0.91975,38.5,30.0,30.0,1.5,12.374686149413456,3.012365526255833,0.9409833444645266,6.7012475813,4.6298627986,4.0,14,7.4982371973121955,0.0,3,0,0,True,False,False,True,False,False,False,True,False,0.5664553914760825
CCCCCSCC(C)C(=O)OCCOC(=O)CCN(CCCN(C)CCCN(CCC(=O)OCCOC(=O)C(C)CSCCCCC)CCC(=O)OCCOC(=O)C(C)CSCCCCC)CCC(=O)OCCOC(=O)C(C)CSCCCCC,1.0,38.5,30.0,30.0,1.5,8.910516567194891,3.361949296247037,1.4170660197866445,7.0508247888,5.1059454739,4.0,5,7.17003184729674,0.0,3,0,0,True,False,False,True,False,False,False,True,False,0.13010298014334065
CCCCCCSCC(C)C(=O)OCCOC(=O)CCN(CCCN(C)CCCN(CCC(=O)OCCOC(=O)C(C)CSCCCCCC)CCC(=O)OCCOC(=O)C(C)CSCCCCCC)CCC(=O)OCCOC(=O)C(C)CSCCCCCC,1.0,38.5,30.0,30.0,1.5,9.295424298552511,3.402802790070074,1.4170660197866445,7.0916838771,5.1059454739,4.0,6,7.21229004371179,0.0,3,0,0,True,False,False,True,False,False,False,True,False,0.13010298014334065
CCCCCCCSCC(C)C(=O)OCCOC(=O)CCN(CCCN(C)CCCN(CCC(=O)OCCOC(=O)C(C)CSCCCCCCC)CCC(=O)OCCOC(=O)C(C)CSCCCCCCC)CCC(=O)OCCOC(=O)C(C)CSCCCCCCC,1.0,38.5,30.0,30.0,1.5,9.68033202991013,3.4420525786222163,1.4170660197866445,7.1309308298,5.1059454739,4.0,7,7.252834653404491,0.0,3,0,0,True,False,False,True,False,False,False,True,False,0.13010298014334065
CCCCCCCCSCC(C)C(=O)OCCOC(=O)CCN(CCCN(C)CCCN(CCC(=O)OCCOC(=O)C(C)CSCCCCCCCC)CCC(=O)OCCOC(=O)C(C)CSCCCCCCCC)CCC(=O)OCCOC(=O)C(C)CSCCCCCCCC,0.98788,38.5,30.0,30.0,1.5,10.065239761267753,3.4798198275169296,1.4170660197866445,7.168695453,5.1059454739,4.0,8,7.291799250714649,0.0,3,0,0,True,False,False,True,False,False,False,True,False,0.15351246888312517
CCCCCCCCCSCC(C)C(=O)OCCOC(=O)CCN(CCCN(C)CCCN(CCC(=O)OCCOC(=O)C(C)CSCCCCCCCCC)CCC(=O)OCCOC(=O)C(C)CSCCCCCCCCC)CCC(=O)OCCOC(=O)C(C)CSCCCCCCCCC,0.94137,38.5,30.0,30.0,1.5,10.450147492625367,3.516212469028476,1.4170660197866445,7.2050930845,5.1059454739,4.0,9,7.329302375897148,0.0,3,0,0,True,False,False,True,False,False,False,True,False,0.3235629019290122
CCCCCCCCCCSCC(C)C(=O)OCCOC(=O)CCN(CCCN(C)CCCN(CCC(=O)OCCOC(=O)C(C)CSCCCCCCCCCC)CCC(=O)OCCOC(=O)C(C)CSCCCCCCCCCC)CCC(=O)OCCOC(=O)C(C)CSCCCCCCCCCC,0.97324,38.5,30.0,30.0,1.5,10.835055223982987,3.551327061664191,1.4170660197866445,7.240205151,5.1059454739,4.0,10,7.365449709933168,0.0,3,0,0,True,False,False,True,False,False,False,True,False,0.23792316382415218
CCCCCCCCCCCSCC(C)C(=O)OCCOC(=O)CCN(CCCN(C)CCCN(CCC(=O)OCCOC(=O)C(C)CSCCCCCCCCCCC)CCC(=O)OCCOC(=O)C(C)CSCCCCCCCCCCC)CCC(=O)OCCOC(=O)C(C)CSCCCCCCCCCCC,0.99071,38.5,30.0,30.0,1.5,11.219962955340602,3.5852503341540327,1.4170660197866445,7.2741329984,5.1059454739,4.0,11,7.400335869771856,0.0,3,0,0,True,False,False,True,False,False,False,True,False,0.14371266066322047
CCCCCCCCCCCCSCC(C)C(=O)OCCOC(=O)CCN(CCCN(C)CCCN(CCC(=O)OCCOC(=O)C(C)CSCCCCCCCCCCCC)CCC(=O)OCCOC(=O)C(C)CSCCCCCCCCCCCC)CCC(=O)OCCOC(=O)C(C)CSCCCCCCCCCCCC,0.92157,38.5,30.0,30.0,1.5,11.60487068669822,3.618060476021226,1.4170660197866445,7.3069407112,5.1059454739,4.0,12,7.434045900823928,0.0,3,0,0,True,False,False,True,False,False,False,True,False,0.5372060828042862
CCCCCCCCCCCCCCSCC(C)C(=O)OCCOC(=O)CCN(CCCN(C)CCCN(CCC(=O)OCCOC(=O)C(C)CSCCCCCCCCCCCCCC)CCC(=O)OCCOC(=O)C(C)CSCCCCCCCCCCCCCC)CCC(=O)OCCOC(=O)C(C)CSCCCCCCCCCCCCCC,0.77778,38.5,30.0,30.0,1.5,12.374686149413456,3.6806177756615743,1.4170660197866445,7.3694998963,5.1059454739,4.0,14,7.4982371973121955,0.0,3,0,0,True,False,False,True,False,False,False,True,False,3.8178442937603254
CCCCCSCC(C)C(=O)OCCOC(=O)CCN(CCCN(C)CCCN(CCC(=O)OCCOC(=O)C(C)CSCCCCC)CCC(=O)OCCOC(=O)C(C)CSCCCCC)CCC(=O)OCCOC(=O)C(C)CSCCCCC,1.0,38.5,30.0,30.0,1.5,8.910516567194891,4.037610679637795,1.9810014688665831,7.7264905122,5.669880923,4.0,5,7.17003184729674,0.0,3,0,0,True,False,False,True,False,False,False,True,False,0.13010298014334065
CCCCCCSCC(C)C(=O)OCCOC(=O)CCN(CCCN(C)CCCN(CCC(=O)OCCOC(=O)C(C)CSCCCCCC)CCC(=O)OCCOC(=O)C(C)CSCCCCCC)CCC(=O)OCCOC(=O)C(C)CSCCCCCC,1.0,38.5,30.0,30.0,1.5,9.295424298552511,4.079170040425889,1.9810014688665831,7.7680511551,5.669880923,4.0,6,7.21229004371179,0.0,3,0,0,True,False,False,True,False,False,False,True,False,0.13010298014334065
CCCCCCCSCC(C)C(=O)OCCOC(=O)CCN(CCCN(C)CCCN(CCC(=O)OCCOC(=O)C(C)CSCCCCCCC)CCC(=O)OCCOC(=O)C(C)CSCCCCCCC)CCC(=O)OCCOC(=O)C(C)CSCCCCCCC,1.0,38.5,30.0,30.0,1.5,9.68033202991013,4.11907091712024,1.9810014688665831,7.8079491487,5.669880923,4.0,7,7.252834653404491,0.0,3,0,0,True,False,False,True,False,False,False,True,False,0.13010298014334065
CCCCCCCCSCC(C)C(=O)OCCOC(=O)CCN(CCCN(C)CCCN(CCC(=O)OCCOC(=O)C(C)CSCCCCCCCC)CCC(=O)OCCOC(=O)C(C)CSCCCCCCCC)CCC(=O)OCCOC(=O)C(C)CSCCCCCCCC,0.92727,38.5,30.0,30.0,1.5,10.065239761267753,4.157440613937006,1.9810014688665831,7.8463200914,5.669880923,4.0,8,7.291799250714649,0.0,3,0,0,True,False,False,True,False,False,False,True,False,0.4550045451350393
CCCCCCCCCSCC(C)C(=O)OCCOC(=O)CCN(CCCN(C)CCCN(CCC(=O)OCCOC(=O)C(C)CSCCCCCCCCC)CCC(=O)OCCOC(=O)C(C)CSCCCCCCCCC)CCC(=O)OCCOC(=O)C(C)CSCCCCCCCCC,0.88925,38.5,30.0,30.0,1.5,10.450147492625367,4.19439231756178,1.9810014688665831,7.8832729505,5.669880923,4.0,9,7.329302375897148,0.0,3,0,0,True,False,False,True,False,False,False,True,False,1.1636062271678411
CCCCCCCCCCSCC(C)C(=O)OCCOC(=O)CCN(CCCN(C)CCCN(CCC(=O)OCCOC(=O)C(C)CSCCCCCCCCCC)CCC(=O)OCCOC(=O)C(C)CSCCCCCCCCCC)CCC(=O)OCCOC(=O)C(C)CSCCCCCCCCCC,0.86622,38.5,30.0,30.0,1.5,10.835055223982987,4.230027110387532,1.9810014688665831,7.9189051799,5.669880923,4.0,10,7.365449709933168,0.0,3,0,0,True,False,False,True,False,False,False,True,False,1.5251770012261918
CCCCCCCCCCCSCC(C)C(=O)OCCOC(=O)CCN(CCCN(C)CCCN(CCC(=O)OCCOC(=O)C(C)CSCCCCCCCCCCC)CCC(=O)OCCOC(=O)C(C)CSCCCCCCCCCCC)CCC(=O)OCCOC(=O)C(C)CSCCCCCCCCCCC,0.81115,38.5,30.0,30.0,1.5,11.219962955340602,4.264435637198718,1.9810014688665831,7.9533148316,5.669880923,4.0,11,7.400335869771856,0.0,3,0,0,True,False,False,True,False,False,False,True,False,3.178742494915187
CCCCCCCCCCCCSCC(C)C(=O)OCCOC(=O)CCN(CCCN(C)CCCN(CCC(=O)OCCOC(=O)C(C)CSCCCCCCCCCCCC)CCC(=O)OCCOC(=O)C(C)CSCCCCCCCCCCCC)CCC(=O)OCCOC(=O)C(C)CSCCCCCCCCCCCC,0.82026,38.5,30.0,30.0,1.5,11.60487068669822,4.297699494511363,1.9810014688665831,7.9865797403,5.669880923,4.0,12,7.434045900823928,0.0,3,0,0,True,False,False,True,False,False,False,True,False,2.6466476443195344
CCCCCCCCCCCCCCSCC(C)C(=O)OCCOC(=O)CCN(CCCN(C)CCCN(CCC(=O)OCCOC(=O)C(C)CSCCCCCCCCCCCCCC)CCC(=O)OCCOC(=O)C(C)CSCCCCCCCCCCCCCC)CCC(=O)OCCOC(=O)C(C)CSCCCCCCCCCCCCCC,0.5679,38.5,30.0,30.0,1.5,12.374686149413456,4.361081157104422,1.9810014688665831,8.0499601206,5.669880923,4.0,14,7.4982371973121955,0.0,3,0,0,True,False,False,True,False,False,False,True,False,5.964917169286297
CCCCCSCC(C)C(=O)OCCOC(=O)CCN(CCCN(C)CCCN(CCC(=O)OCCOC(=O)C(C)CSCCCCC)CCC(=O)OCCOC(=O)C(C)CSCCCCC)CCC(=O)OCCOC(=O)C(C)CSCCCCC,0.90805,38.5,30.0,30.0,1.5,8.910516567194891,4.721898951340664,2.6026896854443837,8.4107787873,6.2915691396,4.0,5,7.17003184729674,0.0,3,0,0,True,False,False,True,False,False,False,True,False,0.7810493820050427
CCCCCCSCC(C)C(=O)OCCOC(=O)CCN(CCCN(C)CCCN(CCC(=O)OCCOC(=O)C(C)CSCCCCCC)CCC(=O)OCCOC(=O)C(C)CSCCCCCC)CCC(=O)OCCOC(=O)C(C)CSCCCCCC,0.84756,38.5,30.0,30.0,1.5,9.295424298552511,4.763820473652863,2.6026896854443837,8.4526994693,6.2915691396,4.0,6,7.21229004371179,0.0,3,0,0,True,False,False,True,False,False,False,True,False,1.8554137683334602
CCCCCCCSCC(C)C(=O)OCCOC(=O)CCN(CCCN(C)CCCN(CCC(=O)OCCOC(=O)C(C)CSCCCCCCC)CCC(=O)OCCOC(=O)C(C)CSCCCCCCC)CCC(=O)OCCOC(=O)C(C)CSCCCCCCC,0.81905,38.5,30.0,30.0,1.5,9.68033202991013,4.804055063612613,2.6026896854443837,8.4929353343,6.2915691396,4.0,7,7.252834653404491,0.0,3,0,0,True,False,False,True,False,False,False,True,False,2.7087666279672113
CCCCCCCCSCC(C)C(=O)OCCOC(=O)CCN(CCCN(C)CCCN(CCC(=O)OCCOC(=O)C(C)CSCCCCCCCC)CCC(=O)OCCOC(=O)C(C)CSCCCCCCCC)CCC(=O)OCCOC(=O)C(C)CSCCCCCCCC,0.64545,38.5,30.0,30.0,1.5,10.065239761267753,4.842733250748636,2.6026896854443837,8.5316127284,6.2915691396,4.0,8,7.291799250714649,0.0,3,0,0,True,False,False,True,False,False,False,True,False,7.508821345739808
CCCCCCCCCSCC(C)C(=O)OCCOC(=O)CCN(CCCN(C)CCCN(CCC(=O)OCCOC(=O)C(C)CSCCCCCCCCC)CCC(=O)OCCOC(=O)C(C)CSCCCCCCCCC)CCC(=O)OCCOC(=O)C(C)CSCCCCCCCCC,0.5342,38.5,30.0,30.0,1.5,10.450147492625367,4.8799709772530395,2.6026896854443837,8.5688497198,6.2915691396,4.0,9,7.329302375897148,0.0,3,0,0,True,False,False,True,False,False,False,True,False,4.97472744814778
CCCCCCCCCCSCC(C)C(=O)OCCOC(=O)CCN(CCCN(C)CCCN(CCC(=O)OCCOC(=O)C(C)CSCCCCCCCCCC)CCC(=O)OCCOC(=O)C(C)CSCCCCCCCCCC)CCC(=O)OCCOC(=O)C(C)CSCCCCCCCCCC,0.38796,38.5,30.0,30.0,1.5,10.835055223982987,4.915871693755265,2.6026896854443837,8.6047515854,6.2915691396,4.0,10,7.365449709933168,0.0,3,0,0,True,False,False,True,False,False,False,True,False,7.102737032629922
CCCCCCCCCCCSCC(C)C(=O)OCCOC(=O)CCN(CCCN(C)CCCN(CCC(=O)OCCOC(=O)C(C)CSCCCCCCCCCCC)CCC(=O)OCCOC(=O)C(C)CSCCCCCCCCCCC)CCC(=O)OCCOC(=O)C(C)CSCCCCCCCCCCC,0.33127,38.5,30.0,30.0,1.5,11.219962955340602,4.950528091732735,2.6026896854443837,8.6394072843,6.2915691396,4.0,11,7.400335869771856,0.0,3,0,0,True,False,False,True,False,False,False,True,False,10.937115873789555
CCCCCCCCCCCCSCC(C)C(=O)OCCOC(=O)CCN(CCCN(C)CCCN(CCC(=O)OCCOC(=O)C(C)CSCCCCCCCCCCCC)CCC(=O)OCCOC(=O)C(C)CSCCCCCCCCCCCC)CCC(=O)OCCOC(=O)C(C)CSCCCCCCCCCCCC,0.52288,38.5,30.0,30.0,1.5,11.60487068669822,4.9840235456309285,2.6026896854443837,8.6729037968,6.2915691396,4.0,12,7.434045900823928,0.0,3,0,0,True,False,False,True,False,False,False,True,False,5.63566596550682
CCCCCCCCCCCCCCSCC(C)C(=O)OCCOC(=O)CCN(CCCN(C)CCCN(CCC(=O)OCCOC(=O)C(C)CSCCCCCCCCCCCCCC)CCC(=O)OCCOC(=O)C(C)CSCCCCCCCCCCCCCC)CCC(=O)OCCOC(=O)C(C)CSCCCCCCCCCCCCCC,0.26852,38.5,30.0,30.0,1.5,12.374686149413456,5.047825593942437,2.6026896854443837,8.7367045543,6.2915691396,4.0,14,7.4982371973121955,0.0,3,0,0,True,False,False,True,False,False,False,True,False,13.442401099981371
CCCCCCCCCCNC(=N)CCCSCCC(=O)OCCCCCCCCC,0.985,17.3,12.5,24.2,1.0,10.0,3.4339872044851463,1.3862943611198906,7.3460102099,5.2983173666,2.0,10,6.126390903817533,0.0,1,0,0,True,False,False,True,False,False,True,False,False,0.16629011781995745
CCCCCCCCCCCCNC(=N)CCCSCCC(=O)OCCCCCCCCC,0.995,17.3,12.5,24.2,1.0,10.0,3.4339872044851463,1.3862943611198906,7.3460102099,5.2983173666,2.0,12,6.185869060082387,0.0,1,0,0,True,False,False,True,False,False,True,False,False,0.1339925873828055
CCCCCCCCCCCCCCNC(=N)CCCSCCC(=O)OCCCCCCCCC,0.965,17.3,12.5,24.2,1.0,10.0,3.4339872044851463,1.3862943611198906,7.3460102099,5.2983173666,2.0,14,6.242007288826501,0.0,1,0,0,True,False,False,True,False,False,True,False,False,0.27429213811944997
CCCCCCCCCCCCCCCCNC(=N)CCCSCCC(=O)OCCCCCCCCC,0.95,17.3,12.5,24.2,1.0,10.0,3.4339872044851463,1.3862943611198906,7.3460102099,5.2983173666,2.0,16,6.295160829857649,0.0,1,0,0,True,False,False,True,False,False,True,False,False,0.29203749472173757
CCCCCCCCCCCCCCCCCCNC(=N)CCCSCCC(=O)OCCCCCCCCC,0.965,17.3,12.5,24.2,1.0,10.0,3.4339872044851463,1.3862943611198906,7.3460102099,5.2983173666,2.0,18,6.345631097656851,0.0,1,0,0,True,False,False,True,False,False,True,False,False,0.27429213811944997
CCCCCCCC/C=C\CCCCCCCCNC(=N)CCCSCCC(=O)OCCCCCCCCC,1.0,17.3,12.5,24.2,1.0,10.0,3.4339872044851463,1.3862943611198906,7.3460102099,5.2983173666,2.0,18,6.342087967457439,1.0,1,0,0,True,False,False,True,False,False,True,False,False,0.13010298014334065
CCCCCCCCCCCCCCCC(=O)NNC(=N)CCCSCCC(=O)OCCCCCCCCC,1.0,17.3,12.5,24.2,1.0,10.0,3.4339872044851463,1.3862943611198906,7.3460102099,5.2983173666,2.0,16,6.3472858768217355,0.0,1,0,0,True,False,False,True,False,False,True,False,False,0.13010298014334065
CCCCCCCCCCCCCCCCCC(=O)NNC(=N)CCCSCCC(=O)OCCCCCCCCC,0.985,17.3,12.5,24.2,1.0,10.0,3.4339872044851463,1.3862943611198906,7.3460102099,5.2983173666,2.0,18,6.395253250835202,0.0,1,0,0,True,False,False,True,False,False,True,False,False,0.16629011781995745
CCCCCCCCCOC(=O)CCSCCCC(=N)NCC(CCCCCC)CCCCCCCC,0.985,17.3,12.5,24.2,1.0,10.0,3.4339872044851463,1.3862943611198906,7.3460102099,5.2983173666,2.0,15,6.295160829857649,0.0,1,0,0,True,False,False,True,False,False,True,False,False,0.16629011781995745
CCCCCCCCCOC(=O)CCSCCCC(=N)NCC(=O)OCCCCCCCC,0.95,17.3,12.5,24.2,1.0,10.0,3.4339872044851463,1.3862943611198906,7.3460102099,5.2983173666,2.0,9,6.189829632146499,0.0,1,0,0,True,False,False,True,False,False,True,False,False,0.29203749472173757
CCCCCCCCCOC(=O)CCSCCCC(=N)Nc1ccc(CCCCCCCC)cc1,1.0,17.3,12.5,24.2,1.0,10.0,3.4339872044851463,1.3862943611198906,7.3460102099,5.2983173666,2.0,9,6.2261907596652595,0.0,1,0,0,True,False,False,True,False,False,True,False,False,0.13010298014334065
CCCCCCCCCCc1ccc(NC(=N)CCCSCCC(=O)OCCCCCCCCC)cc1,0.905,17.3,12.5,24.2,1.0,10.0,3.4339872044851463,1.3862943611198906,7.3460102099,5.2983173666,2.0,11,6.280169221524105,0.0,1,0,0,True,False,False,True,False,False,True,False,False,0.8425731976317108
CCCCCCCCCCCCc1ccc(NC(=N)CCCSCCC(=O)OCCCCCCCCC)cc1,0.885,17.3,12.5,24.2,1.0,10.0,3.4339872044851463,1.3862943611198906,7.3460102099,5.2983173666,2.0,13,6.33138262570492,0.0,1,0,0,True,False,False,True,False,False,True,False,False,1.2413407839396315
CCCCCCCCCOC(=O)CCSCCCC(=N)Nc1ccc(OCCCCCCCCC)cc1,1.0,17.3,12.5,24.2,1.0,10.0,3.4339872044851463,1.3862943611198906,7.3460102099,5.2983173666,2.0,9,6.283856137351163,0.0,1,0,0,True,False,False,True,False,False,True,False,False,0.13010298014334065
CCCCCCCCCOC(=O)CCSCCCC(=N)NCCNC(=N)CCCSCCC(=O)OCCCCCCCCC,0.955,17.3,12.5,24.2,1.0,10.0,3.4339872044851463,1.3862943611198906,7.3460102099,5.2983173666,2.0,9,6.4923307399793995,0.0,2,0,0,True,False,False,True,False,False,True,False,False,0.28561160848049694
CCCCCCCCCOC(=O)CCSCCCC(=N)NCCCNC(=N)CCCSCCC(=O)OCCCCCCCCC,0.945,17.3,12.5,24.2,1.0,10.0,3.4339872044851463,1.3862943611198906,7.3460102099,5.2983173666,2.0,9,6.51335918270088,0.0,2,0,0,True,False,False,True,False,False,True,False,False,0.3063964969769386
CCCCCCCCCOC(=O)CCSCCCC(=N)NCCCCCNC(=N)CCCSCCC(=O)OCCCCCCCCC,1.0,17.3,12.5,24.2,1.0,10.0,3.4339872044851463,1.3862943611198906,7.3460102099,5.2983173666,2.0,9,6.554134238558061,0.0,2,0,0,True,False,False,True,False,False,True,False,False,0.13010298014334065
CCCCCCCCCOC(=O)CCSCCCC(=N)NCCNCCNC(=N)CCCSCCC(=O)OCCCCCCCCC,0.97,17.3,12.5,24.2,1.0,10.0,3.4339872044851463,1.3862943611198906,7.3460102099,5.2983173666,2.0,9,6.555540374265492,0.0,3,0,0,True,False,False,True,False,False,True,False,False,0.2558469277018895
CCCCCCCCCOC(=O)CCSCCCC(=N)NCCN(C)CCNC(=N)CCCSCCC(=O)OCCCCCCCCC,1.0,17.3,12.5,24.2,1.0,10.0,3.4339872044851463,1.3862943611198906,7.3460102099,5.2983173666,2.0,9,6.575293390155756,0.0,3,0,0,True,False,False,True,False,False,True,False,False,0.13010298014334065
CCCCCCCCCOC(=O)CCSCCCC(=N)NCCN(CCNC(=N)CCCSCCC(=O)OCCCCCCCCC)CCNC(=N)CCCSCCC(=O)OCCCCCCCCC,1.0,17.3,12.5,24.2,1.0,10.0,3.4339872044851463,1.3862943611198906,7.3460102099,5.2983173666,3.0,9,6.95242075784445,0.0,4,0,0,True,False,False,True,False,False,True,False,False,0.13010298014334065
CCCCCCCCCOC(=O)CCSCCCC(=N)NCCCN(C)CCCNC(=N)CCCSCCC(=O)OCCCCCCCCC,0.95,17.3,12.5,24.2,1.0,10.0,3.4339872044851463,1.3862943611198906,7.3460102099,5.2983173666,2.0,9,6.613666057853714,0.0,3,0,0,True,False,False,True,False,False,True,False,False,0.29203749472173757
CCCCCCCCCOC(=O)CCSCCCC(=N)NCCCN(CCCNC(=N)CCCSCCC(=O)OCCCCCCCCC)CCCNC(=N)CCCSCCC(=O)OCCCCCCCCC,0.94,17.3,12.5,24.2,1.0,10.0,3.4339872044851463,1.3862943611198906,7.3460102099,5.2983173666,3.0,9,6.991874895526569,0.0,4,0,0,True,False,False,True,False,False,True,False,False,0.3317064588989714
CCCCCCCCCOC(=O)CCSCCCC(=N)NCCCN1CCN(CCCNC(=N)CCCSCCC(=O)OCCCCCCCCC)CC1,0.905,17.3,12.5,24.2,1.0,10.0,3.4339872044851463,1.3862943611198906,7.3460102099,5.2983173666,2.0,9,6.6849741619806755,0.0,4,0,0,True,False,False,True,False,False,True,False,False,0.8425731976317108
CCCCCCCCCOC(=O)CCSCCCC(=N)NCCNCCN1CCN(CCNC(=N)CCCSCCC(=O)OCCCCCCCCC)CC1,0.975,17.3,12.5,24.2,1.0,10.0,3.4339872044851463,1.3862943611198906,7.3460102099,5.2983173666,2.0,9,6.703562276361945,0.0,5,0,0,True,False,False,True,False,False,True,False,False,0.22688923325273078
CCCCCCCCCOC(=O)CCSCCCC(=N)NCCCN(CCCCN(CCCNC(=N)CCCSCCC(=O)OCCCCCCCCC)CCCNC(=N)CCCSCCC(=O)OCCCCCCCCC)CCCNC(=N)CCCSCCC(=O)OCCCCCCCCC,0.96,17.3,12.5,24.2,1.0,10.0,3.4339872044851463,1.3862943611198906,7.3460102099,5.2983173666,4.0,9,7.323472982487962,0.0,6,0,0,True,False,False,True,False,False,True,False,False,0.28209579735102985
CCCCCCCCCCCCOC(=O)CCSCCCC(=N)NCCCCCCCCCC,0.875,17.3,12.5,24.2,1.0,10.0,3.4339872044851463,1.3862943611198906,7.3460102099,5.2983173666,2.0,12,6.214332060327183,0.0,1,0,0,True,False,False,True,False,False,True,False,False,1.3984413307063939
CCCCCCCCCCCCNC(=N)CCCSCCC(=O)OCCCCCCCCCCCC,1.0,17.3,12.5,24.2,1.0,10.0,3.4339872044851463,1.3862943611198906,7.3460102099,5.2983173666,2.0,12,6.26893718014087,0.0,1,0,0,True,False,False,True,False,False,True,False,False,0.13010298014334065
CCCCCCCCCCCCCCNC(=N)CCCSCCC(=O)OCCCCCCCCCCCC,1.0,17.3,12.5,24.2,1.0,10.0,3.4339872044851463,1.3862943611198906,7.3460102099,5.2983173666,2.0,14,6.320714335960329,0.0,1,0,0,True,False,False,True,False,False,True,False,False,0.13010298014334065
CCCCCCCCCCCCCCCCNC(=N)CCCSCCC(=O)OCCCCCCCCCCCC,0.945,17.3,12.5,24.2,1.0,10.0,3.4339872044851463,1.3862943611198906,7.3460102099,5.2983173666,2.0,16,6.369942077874225,0.0,1,0,0,True,False,False,True,False,False,True,False,False,0.3063964969769386
CCCCCCCCCCCCCCCCCCNC(=N)CCCSCCC(=O)OCCCCCCCCCCCC,1.0,17.3,12.5,24.2,1.0,10.0,3.4339872044851463,1.3862943611198906,7.3460102099,5.2983173666,2.0,18,6.416859725371532,0.0,1,0,0,True,False,False,True,False,False,True,False,False,0.13010298014334065
CCCCCCCC/C=C\CCCCCCCCNC(=N)CCCSCCC(=O)OCCCCCCCCCCCC,1.0,17.3,12.5,24.2,1.0,10.0,3.4339872044851463,1.3862943611198906,7.3460102099,5.2983173666,2.0,18,6.413560591346691,1.0,1,0,0,True,False,False,True,False,False,True,False,False,0.13010298014334065
CCCCCCCCCCCCCCCC(=O)NNC(=N)CCCSCCC(=O)OCCCCCCCCCCCC,1.0,17.3,12.5,24.2,1.0,10.0,3.4339872044851463,1.3862943611198906,7.3460102099,5.2983173666,2.0,16,6.418400824362361,0.0,1,0,0,True,False,False,True,False,False,True,False,False,0.13010298014334065
CCCCCCCCCCCCCCCCCC(=O)NNC(=N)CCCSCCC(=O)OCCCCCCCCCCCC,0.925,17.3,12.5,24.2,1.0,10.0,3.4339872044851463,1.3862943611198906,7.3460102099,5.2983173666,2.0,18,6.463148014635015,0.0,1,0,0,True,False,False,True,False,False,True,False,False,0.48592601041770134
CCCCCCCCCCCCOC(=O)CCSCCCC(=N)NCC(CCCCCC)CCCCCCCC,0.995,17.3,12.5,24.2,1.0,10.0,3.4339872044851463,1.3862943611198906,7.3460102099,5.2983173666,2.0,15,6.369942077874225,0.0,1,0,0,True,False,False,True,False,False,True,False,False,0.1339925873828055
CCCCCCCCCCCCOC(=O)CCSCCCC(=N)NCC(=O)OCCCCCCCC,0.95,17.3,12.5,24.2,1.0,10.0,3.4339872044851463,1.3862943611198906,7.3460102099,5.2983173666,2.0,12,6.272582623597118,0.0,1,0,0,True,False,False,True,False,False,True,False,False,0.29203749472173757
CCCCCCCCCCCCOC(=O)CCSCCCC(=N)Nc1ccc(CCCCCCCC)cc1,1.0,17.3,12.5,24.2,1.0,10.0,3.4339872044851463,1.3862943611198906,7.3460102099,5.2983173666,2.0,12,6.30610373938786,0.0,1,0,0,True,False,False,True,False,False,True,False,False,0.13010298014334065
CCCCCCCCCCCCOC(=O)CCSCCCC(=N)Nc1ccc(CCCCCCCCCC)cc1,0.97,17.3,12.5,24.2,1.0,10.0,3.4339872044851463,1.3862943611198906,7.3460102099,5.2983173666,2.0,12,6.35603821384007,0.0,1,0,0,True,False,False,True,False,False,True,False,False,0.2558469277018895
CCCCCCCCCCCCOC(=O)CCSCCCC(=N)Nc1ccc(CCCCCCCCCCCC)cc1,0.97,17.3,12.5,24.2,1.0,10.0,3.4339872044851463,1.3862943611198906,7.3460102099,5.2983173666,2.0,13,6.403597376474138,0.0,1,0,0,True,False,False,True,False,False,True,False,False,0.2558469277018895
CCCCCCCCCCCCOC(=O)CCSCCCC(=N)Nc1ccc(OCCCCCCCCC)cc1,0.95,17.3,12.5,24.2,1.0,10.0,3.4339872044851463,1.3862943611198906,7.3460102099,5.2983173666,2.0,12,6.359456214692596,0.0,1,0,0,True,False,False,True,False,False,True,False,False,0.29203749472173757
CCCCCCCCCCCCOC(=O)CCSCCCC(=N)NCCNC(=N)CCCSCCC(=O)OCCCCCCCCCCCC,1.0,17.3,12.5,24.2,1.0,10.0,3.4339872044851463,1.3862943611198906,7.3460102099,5.2983173666,2.0,12,6.612339377421289,0.0,2,0,0,True,False,False,True,False,False,True,False,False,0.13010298014334065
CCCCCCCCCCCCOC(=O)CCSCCCC(=N)NCCCNC(=N)CCCSCCC(=O)OCCCCCCCCCCCC,1.0,17.3,12.5,24.2,1.0,10.0,3.4339872044851463,1.3862943611198906,7.3460102099,5.2983173666,2.0,12,6.631011827741576,0.0,2,0,0,True,False,False,True,False,False,True,False,False,0.13010298014334065
CCCCCCCCCCCCOC(=O)CCSCCCC(=N)NCCCCCNC(=N)CCCSCCC(=O)OCCCCCCCCCCCC,0.945,17.3,12.5,24.2,1.0,10.0,3.4339872044851463,1.3862943611198906,7.3460102099,5.2983173666,2.0,12,6.6673422143278485,0.0,2,0,0,True,False,False,True,False,False,True,False,False,0.3063964969769386
CCCCCCCCCCCCOC(=O)CCSCCCC(=N)NCCNCCNC(=N)CCCSCCC(=O)OCCCCCCCCCCCC,1.0,17.3,12.5,24.2,1.0,10.0,3.4339872044851463,1.3862943611198906,7.3460102099,5.2983173666,2.0,12,6.668597938650421,0.0,3,0,0,True,False,False,True,False,False,True,False,False,0.13010298014334065
CCCCCCCCCCCCOC(=O)CCSCCCC(=N)NCCN(C)CCNC(=N)CCCSCCC(=O)OCCCCCCCCCCCC,0.975,17.3,12.5,24.2,1.0,10.0,3.4339872044851463,1.3862943611198906,7.3460102099,5.2983173666,2.0,12,6.686257872028541,0.0,3,0,0,True,False,False,True,False,False,True,False,False,0.22688923325273078
CCCCCCCCCCCCOC(=O)CCSCCCC(=N)NCCN(CCNC(=N)CCCSCCC(=O)OCCCCCCCCCCCC)CCNC(=N)CCCSCCC(=O)OCCCCCCCCCCCC,0.975,17.3,12.5,24.2,1.0,10.0,3.4339872044851463,1.3862943611198906,7.3460102099,5.2983173666,3.0,12,7.066399561721716,0.0,4,0,0,True,False,False,True,False,False,True,False,False,0.22688923325273078
CCCCCCCCCCCCOC(=O)CCSCCCC(=N)NCCCN(C)CCCNC(=N)CCCSCCC(=O)OCCCCCCCCCCCC,1.0,17.3,12.5,24.2,1.0,10.0,3.4339872044851463,1.3862943611198906,7.3460102099,5.2983173666,2.0,12,6.720668787898316,0.0,3,0,0,True,False,False,True,False,False,True,False,False,0.13010298014334065
CCCCCCCCCCCCOC(=O)CCSCCCC(=N)NCCCN(CCCNC(=N)CCCSCCC(=O)OCCCCCCCCCCCC)CCCNC(=N)CCCSCCC(=O)OCCCCCCCCCCCC,0.945,17.3,12.5,24.2,1.0,10.0,3.4339872044851463,1.3862943611198906,7.3460102099,5.2983173666,3.0,12,7.101677619064544,0.0,4,0,0,True,False,False,True,False,False,True,False,False,0.3063964969769386
CCCCCCCCCCCCOC(=O)CCSCCCC(=N)NCCCN1CCN(CCCNC(=N)CCCSCCC(=O)OCCCCCCCCCCCC)CC1,0.955,17.3,12.5,24.2,1.0,10.0,3.4339872044851463,1.3862943611198906,7.3460102099,5.2983173666,2.0,12,6.784968244179288,0.0,4,0,0,True,False,False,True,False,False,True,False,False,0.28561160848049694
CCCCCCCCCCCCOC(=O)CCSCCCC(=N)NCCNCCN1CCN(CCNC(=N)CCCSCCC(=O)OCCCCCCCCCCCC)CC1,0.97,17.3,12.5,24.2,1.0,10.0,3.4339872044851463,1.3862943611198906,7.3460102099,5.2983173666,2.0,12,6.80180236566924,0.0,5,0,0,True,False,False,True,False,False,True,False,False,0.2558469277018895
CCCCCCCCCCCCOC(=O)CCSCCCC(=N)NCCCN(CCCCN(CCCNC(=N)CCCSCCC(=O)OCCCCCCCCCCCC)CCCNC(=N)CCCSCCC(=O)OCCCCCCCCCCCC)CCCNC(=N)CCCSCCC(=O)OCCCCCCCCCCCC,0.945,17.3,12.5,24.2,1.0,10.0,3.4339872044851463,1.3862943611198906,7.3460102099,5.2983173666,4.0,12,7.428797732740711,0.0,6,0,0,True,False,False,True,False,False,True,False,False,0.3063964969769386
CCCCCCCCCCCCCCOC(=O)CCSCCCC(=N)NCCCCCCCCCC,1.0,17.3,12.5,24.2,1.0,10.0,3.4339872044851463,1.3862943611198906,7.3460102099,5.2983173666,2.0,14,6.26893718014087,0.0,1,0,0,True,False,False,True,False,False,True,False,False,0.13010298014334065
CCCCCCCCCCCCCCOC(=O)CCSCCCC(=N)NCCCCCCCCCCCC,0.985,17.3,12.5,24.2,1.0,10.0,3.4339872044851463,1.3862943611198906,7.3460102099,5.2983173666,2.0,14,6.320714335960329,0.0,1,0,0,True,False,False,True,False,False,True,False,False,0.16629011781995745
CCCCCCCCCCCCCCNC(=N)CCCSCCC(=O)OCCCCCCCCCCCCCC,1.0,17.3,12.5,24.2,1.0,10.0,3.4339872044851463,1.3862943611198906,7.3460102099,5.2983173666,2.0,14,6.369942077874225,0.0,1,0,0,True,False,False,True,False,False,True,False,False,0.13010298014334065
CCCCCCCCCCCCCCCCNC(=N)CCCSCCC(=O)OCCCCCCCCCCCCCC,1.0,17.3,12.5,24.2,1.0,10.0,3.4339872044851463,1.3862943611198906,7.3460102099,5.2983173666,2.0,16,6.416859725371532,0.0,1,0,0,True,False,False,True,False,False,True,False,False,0.13010298014334065
CCCCCCCCCCCCCCCCCCNC(=N)CCCSCCC(=O)OCCCCCCCCCCCCCC,0.955,17.3,12.5,24.2,1.0,10.0,3.4339872044851463,1.3862943611198906,7.3460102099,5.2983173666,2.0,18,6.46167440508711,0.0,1,0,0,True,False,False,True,False,False,True,False,False,0.28561160848049694
CCCCCCCC/C=C\CCCCCCCCNC(=N)CCCSCCC(=O)OCCCCCCCCCCCCCC,1.0,17.3,12.5,24.2,1.0,10.0,3.4339872044851463,1.3862943611198906,7.3460102099,5.2983173666,2.0,18,6.4585200849996856,1.0,1,0,0,True,False,False,True,False,False,True,False,False,0.13010298014334065
CCCCCCCCCCCCCCCC(=O)NNC(=N)CCCSCCC(=O)OCCCCCCCCCCCCCC,0.86,17.3,12.5,24.2,1.0,10.0,3.4339872044851463,1.3862943611198906,7.3460102099,5.2983173666,2.0,16,6.463148014635016,0.0,1,0,0,True,False,False,True,False,False,True,False,False,1.6249448283379815
CCCCCCCCCCCCCCCCCC(=O)NNC(=N)CCCSCCC(=O)OCCCCCCCCCCCCCC,0.94,17.3,12.5,24.2,1.0,10.0,3.4339872044851463,1.3862943611198906,7.3460102099,5.2983173666,2.0,18,6.505978361130984,0.0,1,0,0,True,False,False,True,False,False,True,False,False,0.3317064588989714
CCCCCCCCCCCCCCOC(=O)CCSCCCC(=N)NCC(CCCCCC)CCCCCCCC,0.995,17.3,12.5,24.2,1.0,10.0,3.4339872044851463,1.3862943611198906,7.3460102099,5.2983173666,2.0,15,6.416859725371532,0.0,1,0,0,True,False,False,True,False,False,True,False,False,0.1339925873828055
CCCCCCCCCCCCCCOC(=O)CCSCCCC(=N)NCC(=O)OCCCCCCCC,1.0,17.3,12.5,24.2,1.0,10.0,3.4339872044851463,1.3862943611198906,7.3460102099,5.2983173666,2.0,14,6.3241761499732165,0.0,1,0,0,True,False,False,True,False,False,True,False,False,0.13010298014334065
CCCCCCCCCCCCCCOC(=O)CCSCCCC(=N)Nc1ccc(CCCCCCCC)cc1,0.925,17.3,12.5,24.2,1.0,10.0,3.4339872044851463,1.3862943611198906,7.3460102099,5.2983173666,2.0,14,6.35603821384007,0.0,1,0,0,True,False,False,True,False,False,True,False,False,0.48592601041770134
CCCCCCCCCCCCCCOC(=O)CCSCCCC(=N)Nc1ccc(CCCCCCCCCC)cc1,0.94,17.3,12.5,24.2,1.0,10.0,3.4339872044851463,1.3862943611198906,7.3460102099,5.2983173666,2.0,14,6.403597376474138,0.0,1,0,0,True,False,False,True,False,False,True,False,False,0.3317064588989714
CCCCCCCCCCCCCCOC(=O)CCSCCCC(=N)Nc1ccc(CCCCCCCCCCCC)cc1,0.965,17.3,12.5,24.2,1.0,10.0,3.4339872044851463,1.3862943611198906,7.3460102099,5.2983173666,2.0,14,6.448996983295646,0.0,1,0,0,True,False,False,True,False,False,True,False,False,0.27429213811944997
CCCCCCCCCCCCCCOC(=O)CCSCCCC(=N)Nc1ccc(OCCCCCCCCC)cc1,0.99,17.3,12.5,24.2,1.0,10.0,3.4339872044851463,1.3862943611198906,7.3460102099,5.2983173666,2.0,14,6.406856883492221,0.0,1,0,0,True,False,False,True,False,False,True,False,False,0.14591393245311332
CCCCCCCCCCCCCCOC(=O)CCSCCCC(=N)NCCNC(=N)CCCSCCC(=O)OCCCCCCCCCCCCCC,0.925,17.3,12.5,24.2,1.0,10.0,3.4339872044851463,1.3862943611198906,7.3460102099,5.2983173666,2.0,14,6.685024142613191,0.0,2,0,0,True,False,False,True,False,False,True,False,False,0.48592601041770134
CCCCCCCCCCCCCCOC(=O)CCSCCCC(=N)NCCCNC(=N)CCCSCCC(=O)OCCCCCCCCCCCCCC,0.93,17.3,12.5,24.2,1.0,10.0,3.4339872044851463,1.3862943611198906,7.3460102099,5.2983173666,2.0,14,6.702398844795236,0.0,2,0,0,True,False,False,True,False,False,True,False,False,0.42125694535393854
CCCCCCCCCCCCCCOC(=O)CCSCCCC(=N)NCCCCCNC(=N)CCCSCCC(=O)OCCCCCCCCCCCCCC,0.975,17.3,12.5,24.2,1.0,10.0,3.4339872044851463,1.3862943611198906,7.3460102099,5.2983173666,2.0,14,6.736268018664235,0.0,2,0,0,True,False,False,True,False,False,True,False,False,0.22688923325273078
CCCCCCCCCCCCCCOC(=O)CCSCCCC(=N)NCCNCCNC(=N)CCCSCCC(=O)OCCCCCCCCCCCCCC,0.965,17.3,12.5,24.2,1.0,10.0,3.4339872044851463,1.3862943611198906,7.3460102099,5.2983173666,2.0,14,6.737440155634734,0.0,3,0,0,True,False,False,True,False,False,True,False,False,0.27429213811944997
CCCCCCCCCCCCCCOC(=O)CCSCCCC(=N)NCCN(C)CCNC(=N)CCCSCCC(=O)OCCCCCCCCCCCCCC,0.83,17.3,12.5,24.2,1.0,10.0,3.4339872044851463,1.3862943611198906,7.3460102099,5.2983173666,2.0,14,6.753934877940168,0.0,3,0,0,True,False,False,True,False,False,True,False,False,2.257909708649189
CCCCCCCCCCCCCCOC(=O)CCSCCCC(=N)NCCN(CCNC(=N)CCCSCCC(=O)OCCCCCCCCCCCCCC)CCNC(=N)CCCSCCC(=O)OCCCCCCCCCCCCCC,1.0,17.3,12.5,24.2,1.0,10.0,3.4339872044851463,1.3862943611198906,7.3460102099,5.2983173666,3.0,14,7.135753427647319,0.0,4,0,0,True,False,False,True,False,False,True,False,False,0.13010298014334065
CCCCCCCCCCCCCCOC(=O)CCSCCCC(=N)NCCCN(C)CCCNC(=N)CCCSCCC(=O)OCCCCCCCCCCCCCC,0.935,17.3,12.5,24.2,1.0,10.0,3.4339872044851463,1.3862943611198906,7.3460102099,5.2983173666,2.0,14,6.786129870858274,0.0,3,0,0,True,False,False,True,False,False,True,False,False,0.3697373281562028
CCCCCCCCCCCCCCOC(=O)CCSCCCC(=N)NCCCN(CCCNC(=N)CCCSCCC(=O)OCCCCCCCCCCCCCC)CCCNC(=N)CCCSCCC(=O)OCCCCCCCCCCCCCC,0.955,17.3,12.5,24.2,1.0,10.0,3.4339872044851463,1.3862943611198906,7.3460102099,5.2983173666,3.0,14,7.168706237510813,0.0,4,0,0,True,False,False,True,False,False,True,False,False,0.28561160848049694
CCCCCCCCCCCCCCOC(=O)CCSCCCC(=N)NCCCN1CCN(CCCNC(=N)CCCSCCC(=O)OCCCCCCCCCCCCCC)CC1,0.96,17.3,12.5,24.2,1.0,10.0,3.4339872044851463,1.3862943611198906,7.3460102099,5.2983173666,2.0,14,6.846475442559484,0.0,4,0,0,True,False,False,True,False,False,True,False,False,0.28209579735102985
CCCCCCCCCCCCCCOC(=O)CCSCCCC(=N)NCCNCCN1CCN(CCNC(=N)CCCSCCC(=O)OCCCCCCCCCCCCCC)CC1,0.99,17.3,12.5,24.2,1.0,10.0,3.4339872044851463,1.3862943611198906,7.3460102099,5.2983173666,2.0,14,6.862313253535553,0.0,5,0,0,True,False,False,True,False,False,True,False,False,0.14591393245311332
CCCCCCCCCCCCCCOC(=O)CCSCCCC(=N)NCCCN(CCCCN(CCCNC(=N)CCCSCCC(=O)OCCCCCCCCCCCCCC)CCCNC(=N)CCCSCCC(=O)OCCCCCCCCCCCCCC)CCCNC(=N)CCCSCCC(=O)OCCCCCCCCCCCCCC,0.95,17.3,12.5,24.2,1.0,10.0,3.4339872044851463,1.3862943611198906,7.3460102099,5.2983173666,4.0,14,7.493316135275779,0.0,6,0,0,True,False,False,True,False,False,True,False,False,0.29203749472173757
CCCCCCCCCCCCCCCCOC(=O)CCSCCCC(=N)NCCCCCCCCCC,0.965,17.3,12.5,24.2,1.0,10.0,3.4339872044851463,1.3862943611198906,7.3460102099,5.2983173666,2.0,16,6.320714335960328,0.0,1,0,0,True,False,False,True,False,False,True,False,False,0.27429213811944997
CCCCCCCCCCCCCCCCOC(=O)CCSCCCC(=N)NCCCCCCCCCCCC,0.96,17.3,12.5,24.2,1.0,10.0,3.4339872044851463,1.3862943611198906,7.3460102099,5.2983173666,2.0,16,6.369942077874225,0.0,1,0,0,True,False,False,True,False,False,True,False,False,0.28209579735102985
CCCCCCCCCCCCCCCCOC(=O)CCSCCCC(=N)NCCCCCCCCCCCCCC,1.0,17.3,12.5,24.2,1.0,10.0,3.4339872044851463,1.3862943611198906,7.3460102099,5.2983173666,2.0,16,6.416859725371532,0.0,1,0,0,True,False,False,True,False,False,True,False,False,0.13010298014334065
CCCCCCCCCCCCCCCCNC(=N)CCCSCCC(=O)OCCCCCCCCCCCCCCCC,0.96,17.3,12.5,24.2,1.0,10.0,3.4339872044851463,1.3862943611198906,7.3460102099,5.2983173666,2.0,16,6.46167440508711,0.0,1,0,0,True,False,False,True,False,False,True,False,False,0.28209579735102985
CCCCCCCCCCCCCCCCCCNC(=N)CCCSCCC(=O)OCCCCCCCCCCCCCCCC,1.0,17.3,12.5,24.2,1.0,10.0,3.4339872044851463,1.3862943611198906,7.3460102099,5.2983173666,2.0,18,6.504566577892328,0.0,1,0,0,True,False,False,True,False,False,True,False,False,0.13010298014334065
CCCCCCCC/C=C\CCCCCCCCNC(=N)CCCSCCC(=O)OCCCCCCCCCCCCCCCC,0.965,17.3,12.5,24.2,1.0,10.0,3.4339872044851463,1.3862943611198906,7.3460102099,5.2983173666,2.0,18,6.501544893223564,1.0,1,0,0,True,False,False,True,False,False,True,False,False,0.27429213811944997
CCCCCCCCCCCCCCCCOC(=O)CCSCCCC(=N)NNC(=O)CCCCCCCCCCCCCCC,0.965,17.3,12.5,24.2,1.0,10.0,3.4339872044851463,1.3862943611198906,7.3460102099,5.2983173666,2.0,16,6.505978361130984,0.0,1,0,0,True,False,False,True,False,False,True,False,False,0.27429213811944997
CCCCCCCCCCCCCCCCCC(=O)NNC(=N)CCCSCCC(=O)OCCCCCCCCCCCCCCCC,0.975,17.3,12.5,24.2,1.0,10.0,3.4339872044851463,1.3862943611198906,7.3460102099,5.2983173666,2.0,18,6.5470493644439225,0.0,1,0,0,True,False,False,True,False,False,True,False,False,0.22688923325273078
CCCCCCCCCCCCCCCCOC(=O)CCSCCCC(=N)NCC(CCCCCC)CCCCCCCC,0.87,17.3,12.5,24.2,1.0,10.0,3.4339872044851463,1.3862943611198906,7.3460102099,5.2983173666,2.0,16,6.46167440508711,0.0,1,0,0,True,False,False,True,False,False,True,False,False,1.4697261601735268
CCCCCCCCCCCCCCCCOC(=O)CCSCCCC(=N)NCC(=O)OCCCCCCCC,1.0,17.3,12.5,24.2,1.0,10.0,3.4339872044851463,1.3862943611198906,7.3460102099,5.2983173666,2.0,16,6.373237874959304,0.0,1,0,0,True,False,False,True,False,False,True,False,False,0.13010298014334065
CCCCCCCCCCCCCCCCOC(=O)CCSCCCC(=N)Nc1ccc(CCCCCCCC)cc1,0.95,17.3,12.5,24.2,1.0,10.0,3.4339872044851463,1.3862943611198906,7.3460102099,5.2983173666,2.0,16,6.403597376474138,0.0,1,0,0,True,False,False,True,False,False,True,False,False,0.29203749472173757
CCCCCCCCCCCCCCCCOC(=O)CCSCCCC(=N)Nc1ccc(CCCCCCCCCC)cc1,0.985,17.3,12.5,24.2,1.0,10.0,3.4339872044851463,1.3862943611198906,7.3460102099,5.2983173666,2.0,16,6.448996983295646,0.0,1,0,0,True,False,False,True,False,False,True,False,False,0.16629011781995745
CCCCCCCCCCCCCCCCOC(=O)CCSCCCC(=N)Nc1ccc(CCCCCCCCCCCC)cc1,0.98,17.3,12.5,24.2,1.0,10.0,3.4339872044851463,1.3862943611198906,7.3460102099,5.2983173666,2.0,16,6.492424666422943,0.0,1,0,0,True,False,False,True,False,False,True,False,False,0.1945141988317241
CCCCCCCCCCCCCCCCOC(=O)CCSCCCC(=N)Nc1ccc(OCCCCCCCCC)cc1,1.0,17.3,12.5,24.2,1.0,10.0,3.4339872044851463,1.3862943611198906,7.3460102099,5.2983173666,2.0,16,6.4521120439296915,0.0,1,0,0,True,False,False,True,False,False,True,False,False,0.13010298014334065
CCCCCCCCCCCCCCCCOC(=O)CCSCCCC(=N)NCCNC(=N)CCCSCCC(=O)OCCCCCCCCCCCCCCCC,0.96,17.3,12.5,24.2,1.0,10.0,3.4339872044851463,1.3862943611198906,7.3460102099,5.2983173666,2.0,16,6.752781927520012,0.0,2,0,0,True,False,False,True,False,False,True,False,False,0.28209579735102985
CCCCCCCCCCCCCCCCOC(=O)CCSCCCC(=N)NCCCNC(=N)CCCSCCC(=O)OCCCCCCCCCCCCCCCC,0.935,17.3,12.5,24.2,1.0,10.0,3.4339872044851463,1.3862943611198906,7.3460102099,5.2983173666,2.0,16,6.769027551622215,0.0,2,0,0,True,False,False,True,False,False,True,False,False,0.3697373281562028
CCCCCCCCCCCCCCCCOC(=O)CCSCCCC(=N)NCCCCCNC(=N)CCCSCCC(=O)OCCCCCCCCCCCCCCCC,1.0,17.3,12.5,24.2,1.0,10.0,3.4339872044851463,1.3862943611198906,7.3460102099,5.2983173666,2.0,16,6.800747852355068,0.0,2,0,0,True,False,False,True,False,False,True,False,False,0.13010298014334065
CCCCCCCCCCCCCCCCOC(=O)CCSCCCC(=N)NCCNCCNC(=N)CCCSCCC(=O)OCCCCCCCCCCCCCCCC,0.92,17.3,12.5,24.2,1.0,10.0,3.4339872044851463,1.3862943611198906,7.3460102099,5.2983173666,2.0,16,6.801846835461474,0.0,3,0,0,True,False,False,True,False,False,True,False,False,0.5623592271495288
CCCCCCCCCCCCCCCCOC(=O)CCSCCCC(=N)NCCN(C)CCNC(=N)CCCSCCC(=O)OCCCCCCCCCCCCCCCC,1.0,17.3,12.5,24.2,1.0,10.0,3.4339872044851463,1.3862943611198906,7.3460102099,5.2983173666,2.0,16,6.817320594610927,0.0,3,0,0,True,False,False,True,False,False,True,False,False,0.13010298014334065
CCCCCCCCCCCCCCCCOC(=O)CCSCCCC(=N)NCCN(CCNC(=N)CCCSCCC(=O)OCCCCCCCCCCCCCCCC)CCNC(=N)CCCSCCC(=O)OCCCCCCCCCCCCCCCC,0.93,17.3,12.5,24.2,1.0,10.0,3.4339872044851463,1.3862943611198906,7.3460102099,5.2983173666,3.0,16,7.20060771205342,0.0,4,0,0,True,False,False,True,False,False,True,False,False,0.42125694535393854
CCCCCCCCCCCCCCCCOC(=O)CCSCCCC(=N)NCCCN(C)CCCNC(=N)CCCSCCC(=O)OCCCCCCCCCCCCCCCC,0.995,17.3,12.5,24.2,1.0,10.0,3.4339872044851463,1.3862943611198906,7.3460102099,5.2983173666,2.0,16,6.8475678115997765,0.0,3,0,0,True,False,False,True,False,False,True,False,False,0.1339925873828055
CCCCCCCCCCCCCCCCOC(=O)CCSCCCC(=N)NCCCN(CCCNC(=N)CCCSCCC(=O)OCCCCCCCCCCCCCCCC)CCCNC(=N)CCCSCCC(=O)OCCCCCCCCCCCCCCCC,0.965,17.3,12.5,24.2,1.0,10.0,3.4339872044851463,1.3862943611198906,7.3460102099,5.2983173666,3.0,16,7.231522866524411,0.0,4,0,0,True,False,False,True,False,False,True,False,False,0.27429213811944997
CCCCCCCCCCCCCCCCOC(=O)CCSCCCC(=N)NCCCN1CCN(CCCNC(=N)CCCSCCC(=O)OCCCCCCCCCCCCCCCC)CC1,0.835,17.3,12.5,24.2,1.0,10.0,3.4339872044851463,1.3862943611198906,7.3460102099,5.2983173666,2.0,16,6.904417715508368,0.0,4,0,0,True,False,False,True,False,False,True,False,False,2.1204258563484197
CCCCCCCCCCCCCCCCOC(=O)CCSCCCC(=N)NCCNCCN1CCN(CCNC(=N)CCCSCCC(=O)OCCCCCCCCCCCCCCCC)CC1,1.0,17.3,12.5,24.2,1.0,10.0,3.4339872044851463,1.3862943611198906,7.3460102099,5.2983173666,2.0,16,6.919370559670447,0.0,5,0,0,True,False,False,True,False,False,True,False,False,0.13010298014334065
CCCCCCCCCCCCCCCCOC(=O)CCSCCCC(=N)NCCCN(CCCCN(CCCNC(=N)CCCSCCC(=O)OCCCCCCCCCCCCCCCC)CCCNC(=N)CCCSCCC(=O)OCCCCCCCCCCCCCCCC)CCCNC(=N)CCCSCCC(=O)OCCCCCCCCCCCCCCCC,0.93,17.3,12.5,24.2,1.0,10.0,3.4339872044851463,1.3862943611198906,7.3460102099,5.2983173666,4.0,16,7.553923005047985,0.0,6,0,0,True,False,False,True,False,False,True,False,False,0.42125694535393854
CCCC1CCC(c2ccc(C#CCN(C)CC#Cc3ccc(C4CCC(CCC)CC4)cc3)cc2)CC1,0.907,40.0,17.063373655913992,32.8336997284366,1.523418000000001,10.0,3.4339872044851463,1.3862943611198906,7.3460102099,5.2983173666,2.0,4,6.232066804409213,2.0,1,0,0,True,False,False,True,False,False,True,False,False,0.8020449693090869
CCCC1CCC(c2ccc(C#CCN(CC)CC#Cc3ccc(C4CCC(CCC)CC4)cc3)cc2)CC1,0.951,40.0,17.534711021505387,33.74065692486748,1.5654990000000009,10.0,3.4339872044851463,1.3862943611198906,7.3460102099,5.2983173666,2.0,4,6.259262101410619,2.0,1,0,0,True,False,False,True,False,False,True,False,False,0.29024385174402434
CCCC1CCC(c2ccc(C#CCN(CC#Cc3ccc(C4CCC(CCC)CC4)cc3)CCOC)cc2)CC1,0.951,40.0,18.543649193548397,35.68207681365578,1.6555770000000003,10.0,3.4339872044851463,1.3862943611198906,7.3460102099,5.2983173666,2.0,4,6.315102996135999,2.0,1,0,0,True,False,False,True,False,False,True,False,False,0.29024385174402434
CCCC1CCC(c2ccc(C#CCN(CC#Cc3ccc(C4CCC(CCC)CC4)cc3)CCO)cc2)CC1,0.9685,40.0,18.072311827957,34.7751196172249,1.6134960000000005,10.0,3.4339872044851463,1.3862943611198906,7.3460102099,5.2983173666,2.0,4,6.289403834012411,2.0,1,0,0,True,False,False,True,False,False,True,False,False,0.2626599719361145
CCCCc1ccc(C#CCN(CC#Cc2ccc(CCCC)cc2)C2CCCCC2)cc1,0.9245,40.0,14.77442876344087,28.42926419242211,1.319061000000001,10.0,3.4339872044851463,1.3862943611198906,7.3460102099,5.2983173666,2.0,5,6.088334872887778,2.0,1,0,0,True,False,False,True,False,False,True,False,False,0.4930698598102965
CCCC1CCC(c2ccc(C#CCN(CC#Cc3ccc(C4CCC(CCC)CC4)cc3)C3CCCCC3)cc2)CC1,0.9415,40.0,19.352318548387107,37.238135264451074,1.7277750000000007,10.0,3.4339872044851463,1.3862943611198906,7.3460102099,5.2983173666,2.0,4,6.357712275390643,2.0,1,0,0,True,False,False,True,False,False,True,False,False,0.322839045634183
CCCCc1ccc(C#CCN(CC#Cc2ccc(CCCC)cc2)c2ccccc2)cc1,1.0,40.0,14.571202956989254,28.038212854002342,1.3009170000000003,10.0,3.4339872044851463,1.3862943611198906,7.3460102099,5.2983173666,2.0,5,6.0745158014859735,2.0,1,0,0,True,False,False,True,False,False,True,False,False,0.13010298014334065
CCCC1CCC(c2ccc(C#CCN(CC#Cc3ccc(C4CCC(CCC)CC4)cc3)c3ccccc3)cc2)CC1,0.9685,40.0,19.14909274193549,36.84708392603131,1.7096310000000003,10.0,3.4339872044851463,1.3862943611198906,7.3460102099,5.2983173666,2.0,4,6.34717377489294,2.0,1,0,0,True,False,False,True,False,False,True,False,False,0.2626599719361145
CCCCc1ccc(C#CCN(CC#Cc2ccc(CCCC)cc2)C2CCC(O)CC2)cc1,0.958,40.0,15.312029569892484,29.46372688477954,1.3670580000000008,10.0,3.4339872044851463,1.3862943611198906,7.3460102099,5.2983173666,2.0,5,6.123996065024352,2.0,1,0,0,True,False,False,True,False,False,True,False,False,0.2835786646018996
CCCCCCc1ccc(C#CCN(CC#Cc2ccc(CCCCCC)cc2)C2CCC(O)CC2)cc1,0.9245,40.0,17.197379032258084,33.09155567050307,1.5353820000000011,10.0,3.4339872044851463,1.3862943611198906,7.3460102099,5.2983173666,2.0,7,6.239874205069992,2.0,1,0,0,True,False,False,True,False,False,True,False,False,0.4930698598102965
CCCC1CCC(c2ccc(C#CCN(CC#Cc3ccc(C4CCC(CCC)CC4)cc3)C3CCC(O)CC3)cc2)CC1,0.9325,40.0,19.88991935483871,38.27259795680849,1.775772,10.0,3.4339872044851463,1.3862943611198906,7.3460102099,5.2983173666,2.0,4,6.385066228895587,2.0,1,0,0,True,False,False,True,False,False,True,False,False,0.39380500201670926
CCCCc1ccc(C#CCN(CC#Cc2ccc(CCCC)cc2)CC(=O)OC)cc1,0.9485,40.0,14.4356182795699,27.777317987844317,1.2888120000000003,10.0,3.4339872044851463,1.3862943611198906,7.3460102099,5.2983173666,2.0,5,6.065188874250796,2.0,1,0,0,True,False,False,True,False,False,True,False,False,0.29534422585989173
CCCC1CCC(c2ccc(C#CCN(CC#Cc3ccc(C4CCC(CCC)CC4)cc3)CC(=O)OC)cc2)CC1,0.9545,40.0,19.01350806451614,36.5861890598733,1.6975260000000008,10.0,3.4339872044851463,1.3862943611198906,7.3460102099,5.2983173666,2.0,4,6.340080605282956,2.0,1,0,0,True,False,False,True,False,False,True,False,False,0.2860208678880118
CCCC1CCC(c2ccc(C#CCN(CC#Cc3ccc(C4CCC(CCC)CC4)cc3)CCN(C)C)cc2)CC1,0.9045,40.0,18.98192204301076,36.52541057804218,1.6947060000000005,10.0,3.4339872044851463,1.3862943611198906,7.3460102099,5.2983173666,2.0,4,6.3384209183355535,2.0,2,0,0,True,False,False,True,False,False,True,False,False,0.8528000904163081
CCCC1CCC(c2ccc(C#CCN(CC#Cc3ccc(C4CCC(CCC)CC4)cc3)CCCN(C)C)cc2)CC1,0.9125,40.0,19.45325940860216,37.432367774473065,1.7367870000000007,10.0,3.4339872044851463,1.3862943611198906,7.3460102099,5.2983173666,2.0,4,6.3629056822541825,2.0,2,0,0,True,False,False,True,False,False,True,False,False,0.6947749081726693
CCCC1CCC(c2ccc(C#CCN(CC#Cc3ccc(C4CCC(CCC)CC4)cc3)CCN(CC)CC)cc2)CC1,0.9245,40.0,19.924596774193557,38.33932497090394,1.7788680000000006,10.0,3.4339872044851463,1.3862943611198906,7.3460102099,5.2983173666,2.0,4,6.386805242544952,2.0,2,0,0,True,False,False,True,False,False,True,False,False,0.4930698598102965
CCCC1CCC(c2ccc(C#CCN(CC#Cc3ccc(C4CCC(CCC)CC4)cc3)CCCN(CC)CC)cc2)CC1,0.959,40.0,20.39593413978495,39.24628216733482,1.8209490000000004,10.0,3.4339872044851463,1.3862943611198906,7.3460102099,5.2983173666,2.0,4,6.410146921048948,2.0,2,0,0,True,False,False,True,False,False,True,False,False,0.28289104401763476
CCCC1CCC(c2ccc(C#CCN(CC#Cc3ccc(C4CCC(CCC)CC4)cc3)CCN3CCCC3)cc2)CC1,0.916,40.0,19.856854838709683,38.20897452476401,1.7728200000000005,10.0,3.4339872044851463,1.3862943611198906,7.3460102099,5.2983173666,2.0,4,6.38340527839626,2.0,2,0,0,True,False,False,True,False,False,True,False,False,0.6306656577641695
CCCC1CCC(c2ccc(C#CCN(CC#Cc3ccc(C4CCC(CCC)CC4)cc3)CCCN3CCCC3)cc2)CC1,0.9705,40.0,20.32819220430108,39.11593172119489,1.814901,10.0,3.4339872044851463,1.3862943611198906,7.3460102099,5.2983173666,2.0,4,6.4068255291410185,2.0,2,0,0,True,False,False,True,False,False,True,False,False,0.2533464727048746
CCCCc1ccc(C#CCN(CC#Cc2ccc(CCCC)cc2)CCCn2ccnc2)cc1,0.9505,40.0,15.64801747311829,30.11024182076816,1.3970550000000006,10.0,3.4339872044851463,1.3862943611198906,7.3460102099,5.2983173666,2.0,5,6.145654511877863,2.0,2,0,0,True,False,False,True,False,False,True,False,False,0.29110211471313435
CCCC1CCC(c2ccc(C#CCN(CC#Cc3ccc(C4CCC(CCC)CC4)cc3)CCCn3ccnc3)cc2)CC1,0.96,40.0,20.225907258064524,38.91911289279712,1.8057690000000004,10.0,3.4339872044851463,1.3862943611198906,7.3460102099,5.2983173666,2.0,4,6.401789493714465,2.0,2,0,0,True,False,False,True,False,False,True,False,False,0.28209579735102985
CCCC1CCC(c2ccc(C#CCN(CC#Cc3ccc(C4CCC(CCC)CC4)cc3)CCN3CCOCC3)cc2)CC1,0.949,40.0,20.394455645161297,39.243437217121446,1.8208170000000004,10.0,3.4339872044851463,1.3862943611198906,7.3460102099,5.2983173666,2.0,4,6.410074547985514,2.0,2,0,0,True,False,False,True,False,False,True,False,False,0.29415495989722146
CCCC1CCC(c2ccc(C#CCN(CC#Cc3ccc(C4CCC(CCC)CC4)cc3)CCN3CCCCC3)cc2)CC1,0.9785,40.0,20.32819220430108,39.11593172119489,1.814901,10.0,3.4339872044851463,1.3862943611198906,7.3460102099,5.2983173666,2.0,4,6.4068255291410185,2.0,2,0,0,True,False,False,True,False,False,True,False,False,0.20407312894381013
CCCC1CCC(c2ccc(C#CCN(CC#Cc3ccc(C4CCC(CCC)CC4)cc3)CCN3CCN(C)CC3)cc2)CC1,0.9765,39.91341684113409,20.78763440860215,40.0,1.8559199999999996,10.0,3.4339872044851463,1.3862943611198906,7.3460102099,5.2983173666,2.0,4,6.431302096006145,2.0,3,0,0,True,False,False,True,False,False,True,False,False,0.21713623174932956
CCCCc1ccc(C#CCN2CCN(CC#Cc3ccc(CCCC)cc3)CC2)cc1,0.9205,40.0,14.336290322580652,27.586189059873284,1.2799440000000004,10.0,3.4339872044851463,1.3862943611198906,7.3460102099,5.2983173666,2.0,5,6.058300427294237,2.0,2,0,0,True,False,False,True,False,False,True,False,False,0.5542406964171002
CCCCCCc1ccc(C#CCN2CCN(CC#Cc3ccc(CCCCCC)cc3)CC2)cc1,0.944,40.0,16.221639784946248,31.21401784559682,1.4482680000000012,10.0,3.4339872044851463,1.3862943611198906,7.3460102099,5.2983173666,2.0,7,6.181580647367849,2.0,2,0,0,True,False,False,True,False,False,True,False,False,0.3105111253169708
CCCC1CCC(c2ccc(C#CCN3CCN(CC#Cc4ccc(C5CCC(CCC)CC5)cc4)CC3)cc2)CC1,0.9535,40.0,18.914180107526896,36.39506013190226,1.6886580000000009,10.0,3.4339872044851463,1.3862943611198906,7.3460102099,5.2983173666,2.0,4,6.334852103407936,2.0,2,0,0,True,False,False,True,False,False,True,False,False,0.28695755006702944
CCCC1CCC(c2ccc(C#CCN(C)CCCN(C)CC#Cc3ccc(C4CCC(CCC)CC4)cc3)cc2)CC1,0.9305,40.0,19.45325940860216,37.432367774473065,1.7367870000000007,10.0,3.4339872044851463,1.3862943611198906,7.3460102099,5.2983173666,2.0,4,6.3629056822541825,2.0,2,0,0,True,False,False,True,False,False,True,False,False,0.4154985763649599
CCCC1CCC(c2ccc(C#CCN(CC)CCN(CC)CC#Cc3ccc(C4CCC(CCC)CC4)cc3)cc2)CC1,0.9455,40.0,19.92459677419356,38.339324970903945,1.778868000000001,10.0,3.4339872044851463,1.3862943611198906,7.3460102099,5.2983173666,2.0,4,6.386805242544952,2.0,2,0,0,True,False,False,True,False,False,True,False,False,0.30450597734498475
CCCC1CCC(c2ccc(C#CCN(C)CCCN(C)CCCN(C)CC#Cc3ccc(C4CCC(CCC)CC4)cc3)cc2)CC1,0.8885,38.06710847747564,20.787634408602145,40.0,1.8559199999999996,10.0,3.4339872044851463,1.3862943611198906,7.3460102099,5.2983173666,2.0,4,6.478589516130698,2.0,3,0,0,True,False,False,True,False,False,True,False,False,1.1778012654322259
CCCC1CCC(c2ccc(C#CCC(CCO)CCN(CC#Cc3ccc(C4CCC(CCC)CC4)cc3)CC#Cc3ccc(C4CCC(CCC)CC4)cc3)cc2)CC1,0.933,30.24073460778432,20.787634408602152,40.0,1.85592,10.0,3.4339872044851463,1.3862943611198906,7.3460102099,5.2983173666,3.0,7,6.7084344498181725,3.0,1,0,0,True,False,False,True,False,False,True,False,False,0.38871948341305473
CCCC1CCC(c2ccc(C#CCN(CC#Cc3ccc(C4CCC(CCC)CC4)cc3)CCN(CC#Cc3ccc(C4CCC(CCC)CC4)cc3)CC#Cc3ccc(C4CCC(CCC)CC4)cc3)cc2)CC1,0.911,24.413671719304354,20.78763440860215,40.0,1.85592,10.0,3.4339872044851463,1.3862943611198906,7.3460102099,5.2983173666,4.0,4,6.922245782684447,4.0,2,0,0,True,False,False,True,False,False,True,False,False,0.7233175992118257
CCCC1CCC(c2ccc(C#CCN(CC#Cc3ccc(C4CCC(CCC)CC4)cc3)CCCN(CC#Cc3ccc(C4CCC(CCC)CC4)cc3)CC#Cc3ccc(C4CCC(CCC)CC4)cc3)cc2)CC1,0.946,24.08042638204868,20.78763440860215,40.0,1.85592,10.0,3.4339872044851463,1.3862943611198906,7.3460102099,5.2983173666,4.0,4,6.93597629358081,4.0,2,0,0,True,False,False,True,False,False,True,False,False,0.3027236054823737
CCCC1CCC(c2ccc(C#CCN(CC#Cc3ccc(C4CCC(CCC)CC4)cc3)CCOCCOCCN(CC#Cc3ccc(C4CCC(CCC)CC4)cc3)CC#Cc3ccc(C4CCC(CCC)CC4)cc3)cc2)CC1,0.9285,22.461246326139023,20.787634408602145,40.0,1.8559199999999996,10.0,3.4339872044851463,1.3862943611198906,7.3460102099,5.2983173666,4.0,4,7.005518810492923,4.0,2,0,0,True,False,False,True,False,False,True,False,False,0.4393224905047444
CCCC1CCC(c2ccc(C#CCN(CC#Cc3ccc(C4CCC(CCC)CC4)cc3)CCN(C)CCN(CC#Cc3ccc(C4CCC(CCC)CC4)cc3)CC#Cc3ccc(C4CCC(CCC)CC4)cc3)cc2)CC1,0.9565,23.111781913005817,20.78763440860215,40.0,1.85592,10.0,3.4339872044851463,1.3862943611198906,7.3460102099,5.2983173666,4.0,4,6.976993986915499,4.0,3,0,0,True,False,False,True,False,False,True,False,False,0.2845455109804883
CCCC1CCC(c2ccc(C#CCN(CC#Cc3ccc(C4CCC(CCC)CC4)cc3)CCCN(C)CCCN(CC#Cc3ccc(C4CCC(CCC)CC4)cc3)CC#Cc3ccc(C4CCC(CCC)CC4)cc3)cc2)CC1,0.946,22.521674709168465,20.78763440860215,40.0,1.8559199999999996,10.0,3.4339872044851463,1.3862943611198906,7.3460102099,5.2983173666,4.0,4,7.002834523031943,4.0,3,0,0,True,False,False,True,False,False,True,False,False,0.3027236054823737
CCCC1CCC(c2ccc(C#CCC(CC#Cc3ccc(C4CCC(CCC)CC4)cc3)CCN(CCN(CC#Cc3ccc(C4CCC(CCC)CC4)cc3)CC#Cc3ccc(C4CCC(CCC)CC4)cc3)CCN(CC#Cc3ccc(C4CCC(CCC)CC4)cc3)CC#Cc3ccc(C4CCC(CCC)CC4)cc3)cc2)CC1,0.9405,15.706565686698903,20.78763440860215,40.0,1.8559199999999996,10.0,3.4339872044851463,1.3862943611198906,7.3460102099,5.2983173666,6.0,9,7.3629586730787295,6.0,3,0,0,True,False,False,True,False,False,True,False,False,0.3286244623822418
CCCC1CCC(c2ccc(C#CCN(CC#Cc3ccc(C4CCC(CCC)CC4)cc3)CCCN3CCN(CCCN(CC#Cc4ccc(C5CCC(CCC)CC5)cc4)CC#Cc4ccc(C5CCC(CCC)CC5)cc4)CC3)cc2)CC1,0.956,21.446561266603467,20.787634408602145,40.0,1.8559199999999996,10.0,3.4339872044851463,1.3862943611198906,7.3460102099,5.2983173666,4.0,4,7.0517049622564905,4.0,4,0,0,True,False,False,True,False,False,True,False,False,0.2848804924027438
CCCCCCN(CCCCCC)CCCCC(NC(C)=O)C(N)=O,0.59804,46.3,9.4,42.7,1.6,14.826353691613562,4.784243385351332,2.1972245773362196,9.3894133244,6.8023947633,2.0,6,5.8765221604850835,0.0,1,0,0,False,True,False,True,False,False,False,False,True,9.104209053358094
CCCCCCCCN(CCCCCCCC)CCCCC(NC(C)=O)C(N)=O,0.70588,46.3,9.4,42.7,1.6,16.217386229394176,4.873203656520099,2.1972245773362196,9.4783739203,6.8023947633,2.0,8,6.022660358233606,0.0,1,0,0,False,True,False,True,False,False,False,False,True,3.3377882905483394
CCCCCCCCCCN(CCCCCCCCCC)CCCCC(NC(C)=O)C(N)=O,0.33333,46.3,9.4,42.7,1.6,17.46273874353365,4.946643538642773,2.1972245773362196,9.5518136539,6.8023947633,2.0,10,6.150139974806658,0.0,1,0,0,False,True,False,True,False,False,False,False,True,10.528920694217682
CCCCCCCCCCCCN(CCCCCCCCCCCC)CCCCC(NC(C)=O)C(N)=O,0.54902,46.3,9.4,42.7,1.6,18.58415766540049,5.008454660396552,2.1972245773362196,9.6136251048,6.8023947633,2.0,12,6.263190621988187,0.0,1,0,0,False,True,False,True,False,False,False,False,True,5.112172163320902
CCCCCCCCCCCCCCN(CCCCCCCCCCCCCC)CCCCC(NC(C)=O)C(N)=O,0.9902,46.3,9.4,42.7,1.6,19.59926631223578,5.061291211889106,2.1972245773362196,9.6664612046,6.8023947633,2.0,14,6.364749035680035,0.0,1,0,0,False,True,False,True,False,False,False,False,True,0.1452765061664867
CCCCCCCCCCCCCCCCN(CCCCCCCCCCCCCCCC)CCCCC(NC(C)=O)C(N)=O,0.0,46.3,9.4,42.7,1.6,20.52249784108952,5.1070356838221835,2.1972245773362196,9.7122059744,6.8023947633,2.0,16,6.456937616348224,0.0,1,0,0,False,True,False,True,False,False,False,False,True,13.734845811817804
CCCCCCCCCCCCCCCCCCN(CCCCCCCCCCCCCCCCCC)CCCCC(NC(C)=O)C(N)=O,0.87255,46.3,9.4,42.7,1.6,21.365785846568414,5.147065819677221,2.1972245773362196,9.7522360826,6.8023947633,2.0,18,6.5413401963840245,0.0,1,0,0,False,True,False,True,False,False,False,False,True,1.43339579525377
CCCCCCCCCCCCN(CCCCCCCCCCCC)CCCC(NC(C)=O)C(N)=O,0.87255,46.3,9.4,42.7,1.6,18.314397234029645,4.993931071314674,2.1972245773362196,9.5991014073,6.8023947633,2.0,12,6.236103409966799,0.0,1,0,0,False,True,False,True,False,False,False,False,True,1.43339579525377
CCCCCCCCCCCCN(CCCCCCCCCCCC)CCC(NC(C)=O)C(N)=O,0.89216,46.3,9.4,42.7,1.6,18.03775413846915,4.978814562961159,2.1972245773362196,9.5839845211,6.8023947633,2.0,12,6.208262004496586,0.0,1,0,0,False,True,False,True,False,False,False,False,True,1.1068723617624185
CCCCCCCCCCCCN(CCCCCCCCCCCC)CC(NC(C)=O)C(N)=O,0.86275,46.3,9.4,42.7,1.6,17.75396156871659,4.963066231926351,2.1972245773362196,9.56823647,6.8023947633,2.0,12,6.179623201519233,0.0,1,0,0,False,True,False,True,False,False,False,False,True,1.5792986985748523
CCCCCCCCC(O)CN(CCCCC(NC(C)=O)C(N)=O)CC(O)CCCCCCCC,0.9902,46.3,9.4,42.7,1.6,18.1162491771477,4.983127009570229,2.1972245773362196,9.5882972407,6.8023947633,2.0,10,6.216168879769052,0.0,1,0,0,False,True,False,True,False,False,False,False,True,0.1452765061664867
CCCCCCCCCCC(O)CN(CCCCC(NC(C)=O)C(N)=O)CC(O)CCCCCCCCCC,0.9902,46.3,9.4,42.7,1.6,19.175103449968475,5.039551997678304,2.1972245773362196,9.6447220049,6.8023947633,2.0,12,6.3223659382008695,0.0,1,0,0,False,True,False,True,False,False,False,False,True,0.1452765061664867
CCCCCCCCCCCCC(O)CN(CCCCC(NC(C)=O)C(N)=O)CC(O)CCCCCCCCCCCC,0.89216,46.3,9.4,42.7,1.6,20.13622057686398,5.08815028433543,2.1972245773362196,9.6933206886,6.8023947633,2.0,14,6.418360041960125,0.0,1,0,0,False,True,False,True,False,False,False,False,True,1.1068723617624185
CCCCCCCCCCCC(=O)NCCN(CCCCC(NC(C)=O)C(N)=O)CCNC(=O)CCCCCCCCCCC,0.68627,46.3,9.4,42.7,1.6,20.552113027071147,5.108468979402199,2.1972245773362196,9.7136391399,6.8023947633,2.0,12,6.459896629620787,0.0,1,0,0,False,True,False,True,False,False,False,False,True,3.6230958151909634
CCCCCCCCCCCCOC(=O)CCN(CCCCC(NC(C)=O)C(N)=O)CCC(=O)OCCCCCCCCCCCC,0.89216,46.3,9.4,42.7,1.6,21.011222072425294,5.130429796237752,2.1972245773362196,9.7356001208,6.8023947633,2.0,12,6.505809470866658,0.0,1,0,0,False,True,False,True,False,False,False,False,True,1.1068723617624185
CCCCCCN(CCCCCC)CCCCC(NC(=O)C(CCCCN(CCCCCC)CCCCCC)NC(C)=O)C(N)=O,0.9902,46.3,9.4,42.7,1.6,20.770025894616925,5.11895267685231,2.1972245773362196,9.72412282,6.8023947633,4.0,6,6.481678196144501,0.0,2,0,0,False,True,False,True,False,False,False,False,True,0.1452765061664867
CCCCCCCCN(CCCCCCCC)CCCCC(NC(=O)C(CCCCN(CCCCCCCC)CCCCCCCC)NC(C)=O)C(N)=O,0.39216,46.3,9.4,42.7,1.6,22.34744750563535,5.191731545204616,2.1972245773362196,9.7969018422,6.8023947633,4.0,8,6.64024439335111,0.0,2,0,0,False,True,False,True,False,False,False,False,True,7.092387703207106
CCCCCCCCCCN(CCCCCCCCCC)CCCCC(NC(=O)C(CCCCN(CCCCCCCCCC)CCCCCCCCCC)NC(C)=O)C(N)=O,0.29412,46.3,9.4,42.7,1.6,23.6856984897457,5.249576537730915,2.1972245773362196,9.8547467872,6.8023947633,4.0,10,6.777074676135143,0.0,2,0,0,False,True,False,True,False,False,False,False,True,13.734845811817804
CCCCCCCCCCCCN(CCCCCCCCCCCC)CCCCC(NC(=O)C(CCCCN(CCCCCCCCCCCC)CCCCCCCCCCCC)NC(C)=O)C(N)=O,0.63725,46.3,9.4,42.7,1.6,24.83534074031804,5.296729736542932,2.1972245773362196,9.9018997927,6.8023947633,4.0,12,6.897416012503312,0.0,2,0,0,False,True,False,True,False,False,False,False,True,8.669564724831188
CCCCCCCCCCCCCCN(CCCCCCCCCCCCCC)CCCCC(NC(=O)C(CCCCN(CCCCCCCCCCCCCC)CCCCCCCCCCCCCC)NC(C)=O)C(N)=O,0.83333,46.3,9.4,42.7,1.6,25.83362229912433,5.335945361965866,2.1972245773362196,9.941115652,6.8023947633,4.0,14,7.004818466824179,0.0,2,0,0,False,True,False,True,False,False,False,False,True,2.1629522251585707
CCCCCCCCCCCCCCCCN(CCCCCCCCCCCCCCCC)CCCCC(NC(=O)C(CCCCN(CCCCCCCCCCCCCCCC)CCCCCCCCCCCCCCCC)NC(C)=O)C(N)=O,0.94118,46.3,9.4,42.7,1.6,26.70858891396786,5.369095962135027,2.1972245773362196,9.9742660954,6.8023947633,4.0,16,7.10179622797979,0.0,2,0,0,False,True,False,True,False,False,False,False,True,0.32463594897397136
CCCCCCCCCCCCCCCCCCN(CCCCCCCCCCCCCCCCCC)CCCCC(NC(=O)C(CCCCN(CCCCCCCCCCCCCCCCCC)CCCCCCCCCCCCCCCCCC)NC(C)=O)C(N)=O,0.85294,46.3,9.4,42.7,1.6,27.481760561417317,5.397502232285546,2.1972245773362196,10.0026724885,6.8023947633,4.0,18,7.190195134995972,0.0,2,0,0,False,True,False,True,False,False,False,False,True,1.7523092614206783
CCCCCCCCCCCCN(CCCCCCCCCCCC)CCCC(NC(=O)C(CCCN(CCCCCCCCCCCC)CCCCCCCCCCCC)NC(C)=O)C(N)=O,0.93137,46.3,9.4,42.7,1.6,24.563392596141927,5.2857747394806625,2.1972245773362196,9.8909447191,6.8023947633,4.0,12,6.868660957841048,0.0,2,0,0,False,True,False,True,False,False,False,False,True,0.40579720423034205
CCCCCCCCCCCCN(CCCCCCCCCCCC)CCC(NC(=O)C(CCN(CCCCCCCCCCCC)CCCCCCCCCCCC)NC(C)=O)C(N)=O,0.97059,46.3,9.4,42.7,1.6,24.281512641357622,5.274291549895496,2.1972245773362196,9.8794617301,6.8023947633,4.0,12,6.839054507686912,0.0,2,0,0,False,True,False,True,False,False,False,False,True,0.2528848858750789
CCCCCCCCCCCCN(CCCCCCCCCCCC)CC(NC(=O)C(CN(CCCCCCCCCCCC)CCCCCCCCCCCC)NC(C)=O)C(N)=O,0.93137,46.3,9.4,42.7,1.6,23.989146676953386,5.262240209003606,2.1972245773362196,9.8674105328,6.8023947633,4.0,12,6.808544702510611,0.0,2,0,0,False,True,False,True,False,False,False,False,True,0.40579720423034205
CCCCCCCCC(O)CN(CCCCC(NC(=O)C(CCCCN(CC(O)CCCCCCCC)CC(O)CCCCCCCC)NC(C)=O)C(N)=O)CC(O)CCCCCCCC,0.83333,46.3,9.4,42.7,1.6,24.361804420957924,5.277575919073154,2.1972245773362196,9.8827459245,6.8023947633,4.0,10,6.847467975267553,0.0,2,0,0,False,True,False,True,False,False,False,False,True,2.1629522251585707
CCCCCCCCCCC(O)CN(CCCCC(NC(=O)C(CCCCN(CC(O)CCCCCCCCCC)CC(O)CCCCCCCCCC)NC(C)=O)C(N)=O)CC(O)CCCCCCCCCC,0.93137,46.3,9.4,42.7,1.6,25.421226920087857,5.319931173064064,2.1972245773362196,9.9251012839,6.8023947633,4.0,12,6.960072548927725,0.0,2,0,0,False,True,False,True,False,False,False,False,True,0.40579720423034205
CCCCCCCCCCCCC(O)CN(CCCCC(NC(=O)C(CCCCN(CC(O)CCCCCCCCCCCC)CC(O)CCCCCCCCCCCC)NC(C)=O)C(N)=O)CC(O)CCCCCCCCCCCC,0.95098,46.3,9.4,42.7,1.6,26.34621395346355,5.355499418350563,2.1972245773362196,9.9606695494,6.8023947633,4.0,14,7.061270900059409,0.0,2,0,0,False,True,False,True,False,False,False,False,True,0.2902767523702941
CCCCCCCCCCCC(=O)NCCN(CCCCC(NC(=O)C(CCCCN(CCNC(=O)CCCCCCCCCCC)CCNC(=O)CCCCCCCCCCC)NC(C)=O)C(N)=O)CCNC(=O)CCCCCCCCCCC,0.66667,46.3,9.4,42.7,1.6,26.736155265927263,5.3701227424950915,2.1972245773362196,9.9752927325,6.8023947633,4.0,12,7.104901406810364,0.0,2,0,0,False,True,False,True,False,False,False,False,True,5.4478154665334095
CCCCCCCCCCCCOC(=O)CCN(CCCCC(NC(=O)C(CCCCN(CCC(=O)OCCCCCCCCCCCC)CCC(=O)OCCCCCCCCCCCC)NC(C)=O)C(N)=O)CCC(=O)OCCCCCCCCCCCC,0.78431,46.3,9.4,42.7,1.6,27.15962610278927,5.3857649388262745,2.1972245773362196,9.9909350844,6.8023947633,4.0,12,7.153025030514727,0.0,2,0,0,False,True,False,True,False,False,False,False,True,3.8386899931252723
CCCCCCN(CCCCCC)CCCCC(NC(=O)C(CCCCN(CCCCCC)CCCCCC)NC(=O)C(CCCCN(CCCCCC)CCCCCC)NC(C)=O)C(N)=O,0.85294,46.3,9.4,42.7,1.6,24.443114323261696,5.280890978147717,2.1972245773362196,9.8860610899,6.8023947633,6.0,6,6.856003984991935,0.0,3,0,0,False,True,False,True,False,False,False,False,True,1.7523092614206783
CCCCCCCCN(CCCCCCCC)CCCCC(NC(=O)C(CCCCN(CCCCCCCC)CCCCCCCC)NC(=O)C(CCCCN(CCCCCCCC)CCCCCCCC)NC(C)=O)C(N)=O,0.35294,46.3,9.4,42.7,1.6,25.965018595584567,5.340994353575807,2.1972245773362196,9.9461643059,6.8023947633,6.0,8,7.019197364349523,0.0,3,0,0,False,True,False,True,False,False,False,False,True,9.818240780753568
CCCCCCCCCCN(CCCCCCCCCC)CCCCC(NC(=O)C(CCCCN(CCCCCCCCCC)CCCCCCCCCC)NC(=O)C(CCCCN(CCCCCCCCCC)CCCCCCCCCC)NC(C)=O)C(N)=O,0.26471,46.3,9.4,42.7,1.6,27.215686718154117,5.387817490368832,2.1972245773362196,9.992987705,6.8023947633,6.0,10,7.1594575209424836,0.0,3,0,0,False,True,False,True,False,False,False,False,True,13.734845811817804
CCCCCCCCCCCCN(CCCCCCCCCCCC)CCCCC(NC(=O)C(CCCCN(CCCCCCCCCCCC)CCCCCCCCCCCC)NC(=O)C(CCCCN(CCCCCCCCCCCC)CCCCCCCCCCCC)NC(C)=O)C(N)=O,0.39216,46.3,9.4,42.7,1.6,28.261696118168203,5.425362130548264,2.1972245773362196,10.0305324533,6.8023947633,6.0,12,7.282442915906654,0.0,3,0,0,False,True,False,True,False,False,False,False,True,7.092387703207106
CCCCCCCCCCCCCCN(CCCCCCCCCCCCCC)CCCCC(NC(=O)C(CCCCN(CCCCCCCCCCCCCC)CCCCCCCCCCCCCC)NC(=O)C(CCCCN(CCCCCCCCCCCCCC)CCCCCCCCCCCCCC)NC(C)=O)C(N)=O,0.9902,46.3,9.4,42.7,1.6,29.14948279408737,5.456157783854259,2.1972245773362196,10.0613281306,6.8023947633,6.0,14,7.391945919977568,0.0,3,0,0,False,True,False,True,False,False,False,False,True,0.1452765061664867
CCCCCCCCCCCCCCCCN(CCCCCCCCCCCCCCCC)CCCCC(NC(=O)C(CCCCN(CCCCCCCCCCCCCCCC)CCCCCCCCCCCCCCCC)NC(=O)C(CCCCN(CCCCCCCCCCCCCCCC)CCCCCCCCCCCCCCCC)NC(C)=O)C(N)=O,0.9902,46.3,9.4,42.7,1.6,29.91242240379319,5.481885559427998,2.1972245773362196,10.0870558319,6.8023947633,6.0,16,7.490632690975251,0.0,3,0,0,False,True,False,True,False,False,False,False,True,0.1452765061664867
CCCCCCCCCCCCCCCCCCN(CCCCCCCCCCCCCCCCCC)CCCCC(NC(=O)C(CCCCN(CCCCCCCCCCCCCCCCCC)CCCCCCCCCCCCCCCCCC)NC(=O)C(CCCCN(CCCCCCCCCCCCCCCCCC)CCCCCCCCCCCCCCCCCC)NC(C)=O)C(N)=O,0.86275,46.3,9.4,42.7,1.6,30.575120223771904,5.503708112349095,2.1972245773362196,10.1088784539,6.8023947633,6.0,18,7.580449210637559,0.0,3,0,0,False,True,False,True,False,False,False,False,True,1.5792986985748523
CCCCCCCCCCCCN(CCCCCCCCCCCC)CCCC(NC(=O)C(CCCN(CCCCCCCCCCCC)CCCCCCCCCCCC)NC(=O)C(CCCN(CCCCCCCCCCCC)CCCCCCCCCCCC)NC(C)=O)C(N)=O,0.84314,46.3,9.4,42.7,1.6,28.01657590778882,5.416689594206987,2.1972245773362196,10.021859748,6.8023947633,6.0,12,7.253085312092932,0.0,3,0,0,False,True,False,True,False,False,False,False,True,1.942560471640035
CCCCCCCCCCCCN(CCCCCCCCCCCC)CCC(NC(=O)C(CCN(CCCCCCCCCCCC)CCCCCCCCCCCC)NC(=O)C(CCN(CCCCCCCCCCCC)CCCCCCCCCCCC)NC(C)=O)C(N)=O,1.0,46.3,9.4,42.7,1.6,27.761000123174476,5.407566316869738,2.1972245773362196,10.0127364985,6.8023947633,6.0,12,7.222839703994703,0.0,3,0,0,False,True,False,True,False,False,False,False,True,0.13010298014334065
CCCCCCCCCCCCN(CCCCCCCCCCCC)CC(NC(=O)C(CN(CCCCCCCCCCCC)CCCCCCCCCCCC)NC(=O)C(CN(CCCCCCCCCCCC)CCCCCCCCCCCC)NC(C)=O)C(N)=O,0.47059,46.3,9.4,42.7,1.6,27.49428521397938,5.397955810034992,2.1972245773362196,10.0031260788,6.8023947633,6.0,12,7.191650691076384,0.0,3,0,0,False,True,False,True,False,False,False,False,True,6.285623399978609
CCCCCCCCC(O)CN(CCCCC(NC(=O)C(CCCCN(CC(O)CCCCCCCC)CC(O)CCCCCCCC)NC(=O)C(CCCCN(CC(O)CCCCCCCC)CC(O)CCCCCCCC)NC(C)=O)C(N)=O)CC(O)CCCCCCCC,0.85294,46.3,9.4,42.7,1.6,27.83395599735849,5.4101791191980535,2.1972245773362196,10.0153490907,6.8023947633,6.0,10,7.231436776034572,0.0,3,0,0,False,True,False,True,False,False,False,False,True,1.7523092614206783
CCCCCCCCCCC(O)CN(CCCCC(NC(=O)C(CCCCN(CC(O)CCCCCCCCCC)CC(O)CCCCCCCCCC)NC(=O)C(CCCCN(CC(O)CCCCCCCCCC)CC(O)CCCCCCCCCC)NC(C)=O)C(N)=O)CC(O)CCCCCCCCCC,0.5098,46.3,9.4,42.7,1.6,28.78500178458136,5.4436291594369495,2.1972245773362196,10.0487992837,6.8023947633,6.0,12,7.346352731891103,0.0,3,0,0,False,True,False,True,False,False,False,False,True,6.716345385972266
CCCCCCCCCCCCC(O)CN(CCCCC(NC(=O)C(CCCCN(CC(O)CCCCCCCCCCCC)CC(O)CCCCCCCCCCCC)NC(=O)C(CCCCN(CC(O)CCCCCCCCCCCC)CC(O)CCCCCCCCCCCC)NC(C)=O)C(N)=O)CC(O)CCCCCCCCCCCC,0.57843,46.3,9.4,42.7,1.6,29.598137699434027,5.471367331307786,2.1972245773362196,10.0765375106,6.8023947633,6.0,14,7.449413650457998,0.0,3,0,0,False,True,False,True,False,False,False,False,True,6.532344259168045
CCCCCCCCCCCC(=O)NCCN(CCCCC(NC(=O)C(CCCCN(CCNC(=O)CCCCCCCCCCC)CCNC(=O)CCCCCCCCCCC)NC(=O)C(CCCCN(CCNC(=O)CCCCCCCCCCC)CCNC(=O)CCCCCCCCCCC)NC(C)=O)C(N)=O)CCNC(=O)CCCCCCCCCCC,0.56863,46.3,9.4,42.7,1.6,29.93623339533402,5.482677956278481,2.1972245773362196,10.0878482788,6.8023947633,6.0,12,7.493789854315812,0.0,3,0,0,False,True,False,True,False,False,False,False,True,5.995258062976833
CCCCCCCCCCCCOC(=O)CCN(CCCCC(NC(=O)C(CCCCN(CCC(=O)OCCCCCCCCCCCC)CCC(=O)OCCCCCCCCCCCC)NC(=O)C(CCCCN(CCC(=O)OCCCCCCCCCCCC)CCC(=O)OCCCCCCCCCCCC)NC(C)=O)C(N)=O)CCC(=O)OCCCCCCCCCCCC,0.91176,46.3,9.4,42.7,1.6,30.30030459066003,5.49471619170003,2.1972245773362196,10.0998862268,6.8023947633,6.0,12,7.542698499308947,0.0,3,0,0,False,True,False,True,False,False,False,False,True,0.708781995532092
CCCCCCN(CCCCCC)CCCCC(NC(=O)C(CCCCN(CCCCCC)CCCCCC)NC(=O)C(CCCCN(CCCCCC)CCCCCC)NC(=O)C(CCCCN(CCCCCC)CCCCCC)NC(C)=O)C(N)=O,0.88235,46.3,9.4,42.7,1.6,26.938056503159235,5.377611110858247,2.1972245773362196,9.9827815185,6.8023947633,8.0,6,7.127745062394265,0.0,4,0,0,False,True,False,True,False,False,False,False,True,1.286288540950213
CCCCCCCCN(CCCCCCCC)CCCCC(NC(=O)C(CCCCN(CCCCCCCC)CCCCCCCC)NC(=O)C(CCCCN(CCCCCCCC)CCCCCCCC)NC(=O)C(CCCCN(CCCCCCCC)CCCCCCCC)NC(C)=O)C(N)=O,0.53922,46.3,9.4,42.7,1.6,28.35205423152378,5.428540189992172,2.1972245773362196,10.0337102274,6.8023947633,8.0,8,7.29335503782714,0.0,4,0,0,False,True,False,True,False,False,False,False,True,4.89371172037416
CCCCCCCCCCN(CCCCCCCCCC)CCCCC(NC(=O)C(CCCCN(CCCCCCCCCC)CCCCCCCCCC)NC(=O)C(CCCCN(CCCCCCCCCC)CCCCCCCCCC)NC(=O)C(CCCCN(CCCCCCCCCC)CCCCCCCCCC)NC(C)=O)C(N)=O,0.5098,46.3,9.4,42.7,1.6,29.489815749100355,5.467716309849663,2.1972245773362196,10.0728863861,6.8023947633,8.0,10,7.435395541036233,0.0,4,0,0,False,True,False,True,False,False,False,False,True,6.716345385972266
CCCCCCCCCCCCN(CCCCCCCCCCCC)CCCCC(NC(=O)C(CCCCN(CCCCCCCCCCCC)CCCCCCCCCCCC)NC(=O)C(CCCCN(CCCCCCCCCCCC)CCCCCCCCCCCC)NC(=O)C(CCCCN(CCCCCCCCCCCC)CCCCCCCCCCCC)NC(C)=O)C(N)=O,0.45098,46.3,9.4,42.7,1.6,30.42508533691247,5.4988090206458295,2.1972245773362196,10.1039792775,6.8023947633,8.0,12,7.55974707612059,0.0,4,0,0,False,True,False,True,False,False,False,False,True,9.532891302371354
CCCCCCCCCCCCCCN(CCCCCCCCCCCCCC)CCCCC(NC(=O)C(CCCCN(CCCCCCCCCCCCCC)CCCCCCCCCCCCCC)NC(=O)C(CCCCN(CCCCCCCCCCCCCC)CCCCCCCCCCCCCC)NC(=O)C(CCCCN(CCCCCCCCCCCCCC)CCCCCCCCCCCCCC)NC(C)=O)C(N)=O,0.48039,46.3,9.4,42.7,1.6,31.207503108761173,5.524097538401792,2.1972245773362196,10.1292676252,6.8023947633,8.0,14,7.670331502559067,0.0,4,0,0,False,True,False,True,False,False,False,False,True,6.284458799130911
CCCCCCCCCCCCCCCCN(CCCCCCCCCCCCCCCC)CCCCC(NC(=O)C(CCCCN(CCCCCCCCCCCCCCCC)CCCCCCCCCCCCCCCC)NC(=O)C(CCCCN(CCCCCCCCCCCCCCCC)CCCCCCCCCCCCCCCC)NC(=O)C(CCCCN(CCCCCCCCCCCCCCCC)CCCCCCCCCCCCCCCC)NC(C)=O)C(N)=O,0.90196,46.3,9.4,42.7,1.6,31.87170944469232,5.545074609338846,2.1972245773362196,10.1502448908,6.8023947633,8.0,16,7.769895586124704,0.0,4,0,0,False,True,False,True,False,False,False,False,True,0.905191222856629
CCCCCCCCCCCCCCCCCCN(CCCCCCCCCCCCCCCCCC)CCCCC(NC(=O)C(CCCCN(CCCCCCCCCCCCCCCCCC)CCCCCCCCCCCCCCCCCC)NC(=O)C(CCCCN(CCCCCCCCCCCCCCCCCC)CCCCCCCCCCCCCCCCCC)NC(=O)C(CCCCN(CCCCCCCCCCCCCCCCCC)CCCCCCCCCCCCCCCCCC)NC(C)=O)C(N)=O,0.90196,46.3,9.4,42.7,1.6,32.44261263975222,5.562759858918606,2.1972245773362196,10.1679300406,6.8023947633,8.0,18,7.860438111870954,0.0,4,0,0,False,True,False,True,False,False,False,False,True,0.905191222856629
CCCCCCCCCCCCN(CCCCCCCCCCCC)CCCC(NC(=O)C(CCCN(CCCCCCCCCCCC)CCCCCCCCCCCC)NC(=O)C(CCCN(CCCCCCCCCCCC)CCCCCCCCCCCC)NC(=O)C(CCCN(CCCCCCCCCCCC)CCCCCCCCCCCC)NC(C)=O)C(N)=O,0.9902,46.3,9.4,42.7,1.6,30.20722802854763,5.491652320245365,2.1972245773362196,10.0968224064,6.8023947633,8.0,12,7.5300786271544915,0.0,4,0,0,False,True,False,True,False,False,False,False,True,0.1452765061664867
CCCCCCCCCCCCN(CCCCCCCCCCCC)CCC(NC(=O)C(CCN(CCCCCCCCCCCC)CCCCCCCCCCCC)NC(=O)C(CCN(CCCCCCCCCCCC)CCCCCCCCCCCC)NC(=O)C(CCN(CCCCCCCCCCCC)CCCCCCCCCCCC)NC(C)=O)C(N)=O,0.9902,46.3,9.4,42.7,1.6,29.979226119159467,5.484107106209022,2.1972245773362196,10.089277255,6.8023947633,8.0,12,7.49950297751122,0.0,4,0,0,False,True,False,True,False,False,False,False,True,0.1452765061664867
CCCCCCCCCCCCN(CCCCCCCCCCCC)CC(NC(=O)C(CN(CCCCCCCCCCCC)CCCCCCCCCCCC)NC(=O)C(CN(CCCCCCCCCCCC)CCCCCCCCCCCC)NC(=O)C(CN(CCCCCCCCCCCC)CCCCCCCCCCCC)NC(C)=O)C(N)=O,0.77451,46.3,9.4,42.7,1.6,29.740354137548486,5.4761406257395056,2.1972245773362196,10.0813106732,6.8023947633,8.0,12,7.467962891754687,0.0,4,0,0,False,True,False,True,False,False,False,False,True,3.8554750753997857
CCCCCCCCC(O)CN(CCCCC(NC(=O)C(CCCCN(CC(O)CCCCCCCC)CC(O)CCCCCCCC)NC(=O)C(CCCCN(CC(O)CCCCCCCC)CC(O)CCCCCCCC)NC(=O)C(CCCCN(CC(O)CCCCCCCC)CC(O)CCCCCCCC)NC(C)=O)C(N)=O)CC(O)CCCCCCCC,0.53922,46.3,9.4,42.7,1.6,30.0443998223049,5.486269701457869,2.1972245773362196,10.0914398934,6.8023947633,8.0,10,7.508194890007572,0.0,4,0,0,False,True,False,True,False,False,False,False,True,4.89371172037416
CCCCCCCCCCC(O)CN(CCCCC(NC(=O)C(CCCCN(CC(O)CCCCCCCCCC)CC(O)CCCCCCCCCC)NC(=O)C(CCCCN(CC(O)CCCCCCCCCC)CC(O)CCCCCCCCCC)NC(=O)C(CCCCN(CC(O)CCCCCCCCCC)CC(O)CCCCCCCCCC)NC(C)=O)C(N)=O)CC(O)CCCCCCCCCC,0.76471,46.3,9.4,42.7,1.6,30.887530880184364,5.513832886430734,2.1972245773362196,10.1190028828,6.8023947633,8.0,12,7.62430252984238,0.0,4,0,0,False,True,False,True,False,False,False,False,True,4.247075419697819
CCCCCCCCCCCCC(O)CN(CCCCC(NC(=O)C(CCCCN(CC(O)CCCCCCCCCCCC)CC(O)CCCCCCCCCCCC)NC(=O)C(CCCCN(CC(O)CCCCCCCCCCCC)CC(O)CCCCCCCCCCCC)NC(=O)C(CCCCN(CC(O)CCCCCCCCCCCC)CC(O)CCCCCCCCCCCC)NC(C)=O)C(N)=O)CC(O)CCCCCCCCCCCC,0.35294,46.3,9.4,42.7,1.6,31.599003882084236,5.53651515627148,2.1972245773362196,10.1416852199,6.8023947633,8.0,14,7.728320704899028,0.0,4,0,0,False,True,False,True,False,False,False,False,True,9.818240780753568
CCCCCCCCCCCC(=O)NCCN(CCCCC(NC(=O)C(CCCCN(CCNC(=O)CCCCCCCCCCC)CCNC(=O)CCCCCCCCCCC)NC(=O)C(CCCCN(CCNC(=O)CCCCCCCCCCC)CCNC(=O)CCCCCCCCCCC)NC(=O)C(CCCCN(CCNC(=O)CCCCCCCCCCC)CCNC(=O)CCCCCCCCCCC)NC(C)=O)C(N)=O)CCNC(=O)CCCCCCCCCCC,0.43137,46.3,9.4,42.7,1.6,31.892318811798333,5.545718510945397,2.1972245773362196,10.1508888902,6.8023947633,8.0,12,7.773079399943989,0.0,4,0,0,False,True,False,True,False,False,False,False,True,13.734845811817804
CCCCCCCCCCCCOC(=O)CCN(CCCCC(NC(=O)C(CCCCN(CCC(=O)OCCCCCCCCCCCC)CCC(=O)OCCCCCCCCCCCC)NC(=O)C(CCCCN(CCC(=O)OCCCCCCCCCCCC)CCC(=O)OCCCCCCCCCCCC)NC(=O)C(CCCCN(CCC(=O)OCCCCCCCCCCCC)CCC(=O)OCCCCCCCCCCCC)NC(C)=O)C(N)=O)CCC(=O)OCCCCCCCCCCCC,0.7549,46.3,9.4,42.7,1.6,32.206538546782404,5.555484721112035,2.1972245773362196,10.1606548747,6.8023947633,8.0,12,7.822390240825351,0.0,4,0,0,False,True,False,True,False,False,False,False,True,5.1334710082279384
CCCCCCN(CCCCCC)CCCCC(NC(=O)C(CCCCN(CCCCCC)CCCCCC)NC(=O)C(CCCCN(CCCCCC)CCCCCC)NC(=O)C(CCCCN(CCCCCC)CCCCCC)NC(=O)C(CCCCN(CCCCCC)CCCCCC)NC(C)=O)C(N)=O,0.93137,46.3,9.4,42.7,1.6,28.743347027782026,5.442187278010002,2.1972245773362196,10.047357567,6.8023947633,10.0,6,7.341200597733181,0.0,5,0,0,False,True,False,True,False,False,False,False,True,0.40579720423034205
CCCCCCCCN(CCCCCCCC)CCCCC(NC(=O)C(CCCCN(CCCCCCCC)CCCCCCCC)NC(=O)C(CCCCN(CCCCCCCC)CCCCCCCC)NC(=O)C(CCCCN(CCCCCCCC)CCCCCCCC)NC(=O)C(CCCCN(CCCCCCCC)CCCCCCCC)NC(C)=O)C(N)=O,0.68627,46.3,9.4,42.7,1.6,30.04515085701844,5.486294595070935,2.1972245773362196,10.0914647527,6.8023947633,10.0,8,7.508295273356856,0.0,5,0,0,False,True,False,True,False,False,False,False,True,3.6230958151909634
CCCCCCCCCCN(CCCCCCCCCC)CCCCC(NC(=O)C(CCCCN(CCCCCCCCCC)CCCCCCCCCC)NC(=O)C(CCCCN(CCCCCCCCCC)CCCCCCCCCC)NC(=O)C(CCCCN(CCCCCCCCCC)CCCCCCCCCC)NC(=O)C(CCCCN(CCCCCCCCCC)CCCCCCCCCC)NC(C)=O)C(N)=O,0.38235,46.3,9.4,42.7,1.6,31.077065919409176,5.519925849668811,2.1972245773362196,10.1250959261,6.8023947633,10.0,10,7.651425882654779,0.0,5,0,0,False,True,False,True,False,False,False,False,True,7.511435613145089
CCCCCCCCCCCCN(CCCCCCCCCCCC)CCCCC(NC(=O)C(CCCCN(CCCCCCCCCCCC)CCCCCCCCCCCC)NC(=O)C(CCCCN(CCCCCCCCCCCC)CCCCCCCCCCCC)NC(=O)C(CCCCN(CCCCCCCCCCCC)CCCCCCCCCCCC)NC(=O)C(CCCCN(CCCCCCCCCCCC)CCCCCCCCCCCC)NC(C)=O)C(N)=O,0.5,46.3,9.4,42.7,1.6,31.915138886696393,5.546430998661373,2.1972245773362196,10.1516011414,6.8023947633,10.0,12,7.776611786984175,0.0,5,0,0,False,True,False,True,False,False,False,False,True,7.138557806863804
CCCCCCCCCCCCCCN(CCCCCCCCCCCCCC)CCCCC(NC(=O)C(CCCCN(CCCCCCCCCCCCCC)CCCCCCCCCCCCCC)NC(=O)C(CCCCN(CCCCCCCCCCCCCC)CCCCCCCCCCCCCC)NC(=O)C(CCCCN(CCCCCCCCCCCCCC)CCCCCCCCCCCCCC)NC(=O)C(CCCCN(CCCCCCCCCCCCCC)CCCCCCCCCCCCCC)NC(C)=O)C(N)=O,0.81373,46.3,9.4,42.7,1.6,32.60929918287242,5.567864974541899,2.1972245773362196,10.1730351855,6.8023947633,10.0,14,7.887855391235337,0.0,5,0,0,False,True,False,True,False,False,False,False,True,3.015828493179257
CCCCCCCCCCCCCCCCN(CCCCCCCCCCCCCCCC)CCCCC(NC(=O)C(CCCCN(CCCCCCCCCCCCCCCC)CCCCCCCCCCCCCCCC)NC(=O)C(CCCCN(CCCCCCCCCCCCCCCC)CCCCCCCCCCCCCCCC)NC(=O)C(CCCCN(CCCCCCCCCCCCCCCC)CCCCCCCCCCCCCCCC)NC(=O)C(CCCCN(CCCCCCCCCCCCCCCC)CCCCCCCCCCCCCCCC)NC(C)=O)C(N)=O,0.89216,46.3,9.4,42.7,1.6,33.19368448379286,5.585559876920346,2.1972245773362196,10.1907301535,6.8023947633,10.0,16,7.987953396003255,0.0,5,0,0,False,True,False,True,False,False,False,False,True,1.1068723617624185
CCCCCCCCCCCCCCCCCCN(CCCCCCCCCCCCCCCCCC)CCCCC(NC(=O)C(CCCCN(CCCCCCCCCCCCCCCCCC)CCCCCCCCCCCCCCCCCC)NC(=O)C(CCCCN(CCCCCCCCCCCCCCCCCC)CCCCCCCCCCCCCCCCCC)NC(=O)C(CCCCN(CCCCCCCCCCCCCCCCCC)CCCCCCCCCCCCCCCCCC)NC(=O)C(CCCCN(CCCCCCCCCCCCCCCCCC)CCCCCCCCCCCCCCCCCC)NC(C)=O)C(N)=O,0.93137,46.3,9.4,42.7,1.6,33.69242652647712,5.600417789010713,2.1972245773362196,10.2055879299,6.8023947633,10.0,18,8.07893719048451,0.0,5,0,0,False,True,False,True,False,False,False,False,True,0.40579720423034205
CCCCCCCCCCCCN(CCCCCCCCCCCC)CCCC(NC(=O)C(CCCN(CCCCCCCCCCCC)CCCCCCCCCCCC)NC(=O)C(CCCN(CCCCCCCCCCCC)CCCCCCCCCCCC)NC(=O)C(CCCN(CCCCCCCCCCCC)CCCCCCCCCCCC)NC(=O)C(CCCN(CCCCCCCCCCCC)CCCCCCCCCCCC)NC(C)=O)C(N)=O,0.83333,46.3,9.4,42.7,1.6,31.720734543190137,5.54034499143875,2.1972245773362196,10.1455152703,6.8023947633,10.0,12,7.746753650840125,0.0,5,0,0,False,True,False,True,False,False,False,False,True,2.1629522251585707
CCCCCCCCCCCCN(CCCCCCCCCCCC)CCC(NC(=O)C(CCN(CCCCCCCCCCCC)CCCCCCCCCCCC)NC(=O)C(CCN(CCCCCCCCCCCC)CCCCCCCCCCCC)NC(=O)C(CCN(CCCCCCCCCCCC)CCCCCCCCCCCC)NC(=O)C(CCN(CCCCCCCCCCCC)CCCCCCCCCCCC)NC(C)=O)C(N)=O,0.85294,46.3,9.4,42.7,1.6,31.516750767243742,5.533919017032104,2.1972245773362196,10.1390891788,6.8023947633,10.0,12,7.715976495837533,0.0,5,0,0,False,True,False,True,False,False,False,False,True,1.7523092614206783
CCCCCCCCCCCCN(CCCCCCCCCCCC)CC(NC(=O)C(CN(CCCCCCCCCCCC)CCCCCCCCCCCC)NC(=O)C(CN(CCCCCCCCCCCC)CCCCCCCCCCCC)NC(=O)C(CN(CCCCCCCCCCCC)CCCCCCCCCCCC)NC(=O)C(CN(CCCCCCCCCCCC)CCCCCCCCCCCC)NC(C)=O)C(N)=O,0.89216,46.3,9.4,42.7,1.6,31.30246162177743,5.527123626319045,2.1972245773362196,10.1322938403,6.8023947633,10.0,12,7.684221946551606,0.0,5,0,0,False,True,False,True,False,False,False,False,True,1.1068723617624185
CCCCCCCCC(O)CN(CCCCC(NC(=O)C(CCCCN(CC(O)CCCCCCCC)CC(O)CCCCCCCC)NC(=O)C(CCCCN(CC(O)CCCCCCCC)CC(O)CCCCCCCC)NC(=O)C(CCCCN(CC(O)CCCCCCCC)CC(O)CCCCCCCC)NC(=O)C(CCCCN(CC(O)CCCCCCCC)CC(O)CCCCCCCC)NC(C)=O)C(N)=O)CC(O)CCCCCCCC,0.70588,46.3,9.4,42.7,1.6,31.575114083001612,5.535761821389453,2.1972245773362196,10.1409319575,6.8023947633,10.0,10,7.724726323709549,0.0,5,0,0,False,True,False,True,False,False,False,False,True,3.3377882905483394
CCCCCCCCCCC(O)CN(CCCCC(NC(=O)C(CCCCN(CC(O)CCCCCCCCCC)CC(O)CCCCCCCCCC)NC(=O)C(CCCCN(CC(O)CCCCCCCCCC)CC(O)CCCCCCCCCC)NC(=O)C(CCCCN(CC(O)CCCCCCCCCC)CC(O)CCCCCCCCCC)NC(=O)C(CCCCN(CC(O)CCCCCCCCCC)CC(O)CCCCCCCCCC)NC(C)=O)C(N)=O)CC(O)CCCCCCCCCC,0.53922,46.3,9.4,42.7,1.6,32.32617868692398,5.5591783073420356,2.1972245773362196,10.1643483797,6.8023947633,10.0,12,7.841560925292557,0.0,5,0,0,False,True,False,True,False,False,False,False,True,4.89371172037416
CCCCCCCCCCCCC(O)CN(CCCCC(NC(=O)C(CCCCN(CC(O)CCCCCCCCCCCC)CC(O)CCCCCCCCCCCC)NC(=O)C(CCCCN(CC(O)CCCCCCCCCCCC)CC(O)CCCCCCCCCCCC)NC(=O)C(CCCCN(CC(O)CCCCCCCCCCCC)CC(O)CCCCCCCCCCCC)NC(=O)C(CCCCN(CC(O)CCCCCCCCCCCC)CC(O)CCCCCCCCCCCC)NC(C)=O)C(N)=O)CC(O)CCCCCCCCCCCC,0.40196,46.3,9.4,42.7,1.6,32.954291878242515,5.578349005265292,2.1972245773362196,10.1835190589,6.8023947633,10.0,14,7.946162045499277,0.0,5,0,0,False,True,False,True,False,False,False,False,True,8.202311494839057
CCCCCCCCCCCC(=O)NCCN(CCCCC(NC(=O)C(CCCCN(CCNC(=O)CCCCCCCCCCC)CCNC(=O)CCCCCCCCCCC)NC(=O)C(CCCCN(CCNC(=O)CCCCCCCCCCC)CCNC(=O)CCCCCCCCCCC)NC(=O)C(CCCCN(CCNC(=O)CCCCCCCCCCC)CCNC(=O)CCCCCCCCCCC)NC(=O)C(CCCCN(CCNC(=O)CCCCCCCCCCC)CCNC(=O)CCCCCCCCCCC)NC(C)=O)C(N)=O)CCNC(=O)CCCCCCCCCCC,0.69608,46.3,9.4,42.7,1.6,33.211745781922716,5.586101807217695,2.1972245773362196,10.1912721198,6.8023947633,10.0,12,7.991153417174757,0.0,5,0,0,False,True,False,True,False,False,False,False,True,3.266034605813539
CCCCCCCCCCCCOC(=O)CCN(CCCCC(NC(=O)C(CCCCN(CCC(=O)OCCCCCCCCCCCC)CCC(=O)OCCCCCCCCCCCC)NC(=O)C(CCCCN(CCC(=O)OCCCCCCCCCCCC)CCC(=O)OCCCCCCCCCCCC)NC(=O)C(CCCCN(CCC(=O)OCCCCCCCCCCCC)CCC(=O)OCCCCCCCCCCCC)NC(=O)C(CCCCN(CCC(=O)OCCCCCCCCCCCC)CCC(=O)OCCCCCCCCCCCC)NC(C)=O)C(N)=O)CCC(=O)OCCCCCCCCCCCC,0.83333,46.3,9.4,42.7,1.6,33.486587769041506,5.594312423272215,2.1972245773362196,10.1994826013,6.8023947633,10.0,12,8.04070876711112,0.0,5,0,0,False,True,False,True,False,False,False,False,True,2.1629522251585707
[O-]S(=O)(=O)CCC[N+](C)(C)CCNC(=O)CCN(C)CCN(CCN(C)CC(O)CCCCCC)CCN(C)CC(O)CCCCCC,1.0,56.49717514,0.0,43.50282486,0.0,26.65774436,6.278811977073211,2.995732273553991,9.4976876384,6.2146080984,2.0,8,6.5654001721627475,0.0,4,1,0,False,False,False,True,False,True,False,False,False,0.13010298014334065
[O-]S(=O)(=O)CCC[N+](C)(C)CCNC(=O)CCN(C(C)C)CCN(CCN(C(C)C)CC(O)CCCCCC)CCN(C(C)C)CC(O)CCCCCC,1.0,56.49717514,0.0,43.50282486,0.0,29.82172932,6.390969573160826,2.995732273553991,9.6098450855,6.2146080984,2.0,8,6.677408345494241,0.0,4,1,0,False,False,False,True,False,True,False,False,False,0.13010298014334065
[O-]S(=O)(=O)CCC[N+](C)(C)CCNC(=O)CCN(CC(O)CCCCCC)CCN(CCN(CC(O)CCCCCC)CC(O)CCCCCC)CCN(CC(O)CCCCCC)CC(O)CCCCCC,0.93095,56.49717514,0.0,43.50282486,0.0,15.81443609,5.756655473020815,2.995732273553991,8.9755315451,6.2146080984,5.0,8,6.959075573005194,0.0,4,1,0,False,False,False,True,False,True,False,False,False,0.41042998574831924
[O-]S(=O)(=O)CCC[N+](C)(C)CCNC(=O)CCN(CC(O)CCCCCC)CCN(C)CCN(CC(O)CCCCCC)CC(O)CCCCCC,1.0,56.49717514,0.0,43.50282486,0.0,19.20270677,5.950783520255484,2.995732273553991,9.1696589926,6.2146080984,3.0,8,6.642731882153889,0.0,3,1,0,False,False,False,True,False,True,False,False,False,0.13010298014334065
[O-]S(=O)(=O)CCC[N+](C)(C)CCNC(=O)CCN(CC(O)CCCCCC)CCCN(C)CCCN(CC(O)CCCCCC)CC(O)CCCCCC,1.0,56.49717514,0.0,43.50282486,0.0,19.90581454,5.986744150545554,2.995732273553991,9.2056202497,6.2146080984,3.0,8,6.678646470849009,0.0,3,1,0,False,False,False,True,False,True,False,False,False,0.13010298014334065
[O-]S(=O)(=O)CCC[N+](C)(C)CCNC(=O)CCN(C)CCN(CCN(C)CC(O)CCCCCCCC)CCN(C)CC(O)CCCCCCCC,1.0,56.49717514,0.0,43.50282486,0.0,28.76706767,6.354963522739054,2.995732273553991,9.573839081,6.2146080984,2.0,10,6.6414484528219635,0.0,4,1,0,False,False,False,True,False,True,False,False,False,0.13010298014334065
[O-]S(=O)(=O)CCC[N+](C)(C)CCNC(=O)CCN(C(C)C)CCN(CCN(C(C)C)CC(O)CCCCCCCC)CCN(C(C)C)CC(O)CCCCCCCC,1.0,56.49717514,0.0,43.50282486,0.0,31.93105263,6.459311246539669,2.995732273553991,9.6781873022,6.2146080984,2.0,10,6.745666845043145,0.0,4,1,0,False,False,False,True,False,True,False,False,False,0.13010298014334065
[O-]S(=O)(=O)CCC[N+](C)(C)CCNC(=O)CCN(CC(O)CCCCCCCC)CCN(CCN(CC(O)CCCCCCCC)CC(O)CCCCCCCC)CCN(CC(O)CCCCCCCC)CC(O)CCCCCCCC,0.93095,56.49717514,0.0,43.50282486,0.0,17.9237594,5.88185944704479,2.995732273553991,9.1007353054,6.2146080984,5.0,10,7.084167744768724,0.0,4,1,0,False,False,False,True,False,True,False,False,False,0.41042998574831924
[O-]S(=O)(=O)CCC[N+](C)(C)CCNC(=O)CCN(CC(O)CCCCCCCC)CCN(C)CCN(CC(O)CCCCCCCC)CC(O)CCCCCCCC,1.0,56.49717514,0.0,43.50282486,0.0,21.31203008,6.055003979322385,2.995732273553991,9.2738802697,6.2146080984,3.0,10,6.746823324866653,0.0,3,1,0,False,False,False,True,False,True,False,False,False,0.13010298014334065
[O-]S(=O)(=O)CCC[N+](C)(C)CCNC(=O)CCN(CC(O)CCCCCCCC)CCCN(C)CCCN(CC(O)CCCCCCCC)CC(O)CCCCCCCC,1.0,56.49717514,0.0,43.50282486,0.0,22.01513784,6.087462573927662,2.995732273553991,9.3063384969,6.2146080984,3.0,10,6.779244405292198,0.0,3,1,0,False,False,False,True,False,True,False,False,False,0.13010298014334065
[O-]S(=O)(=O)CCC[N+](C)(C)CCNC(=O)CCN(C)CCN(CCN(C)CC(O)CCCCCCCCCC)CCN(C)CC(O)CCCCCCCCCC,1.0,56.49717514,0.0,43.50282486,0.0,30.87639098,6.425724119471128,2.995732273553991,9.6446002365,6.2146080984,2.0,12,6.712119885084525,0.0,4,1,0,False,False,False,True,False,True,False,False,False,0.13010298014334065
[O-]S(=O)(=O)CCC[N+](C)(C)CCNC(=O)CCN(C(C)C)CCN(CCN(C(C)C)CC(O)CCCCCCCCCC)CCN(C(C)C)CC(O)CCCCCCCCCC,1.0,56.49717514,0.0,43.50282486,0.0,34.04037594,6.523279621263984,2.995732273553991,9.7421555654,6.2146080984,2.0,12,6.809562348040609,0.0,4,1,0,False,False,False,True,False,True,False,False,False,0.13010298014334065
[O-]S(=O)(=O)CCC[N+](C)(C)CCNC(=O)CCN(CC(O)CCCCCCCCCC)CCN(CCN(CC(O)CCCCCCCCCC)CC(O)CCCCCCCCCC)CCN(CC(O)CCCCCCCCCC)CC(O)CCCCCCCCCC,1.0,56.49717514,0.0,43.50282486,0.0,20.03308271,5.993117316032649,2.995732273553991,9.2119930056,6.2146080984,5.0,12,7.195337346433584,0.0,4,1,0,False,False,False,True,False,True,False,False,False,0.13010298014334065
[O-]S(=O)(=O)CCC[N+](C)(C)CCNC(=O)CCN(CC(O)CCCCCCCCCC)CCN(C)CCN(CC(O)CCCCCCCCCC)CC(O)CCCCCCCCCC,1.0,56.49717514,0.0,43.50282486,0.0,23.42135338,6.149380417415167,2.995732273553991,9.3682565249,6.2146080984,3.0,12,6.841093972996919,0.0,3,1,0,False,False,False,True,False,True,False,False,False,0.13010298014334065
[O-]S(=O)(=O)CCC[N+](C)(C)CCNC(=O)CCN(CC(O)CCCCCCCCCC)CCCN(C)CCCN(CC(O)CCCCCCCCCC)CC(O)CCCCCCCCCC,0.86683,56.49717514,0.0,43.50282486,0.0,24.12446115,6.178958584778298,2.995732273553991,9.397834362,6.2146080984,3.0,12,6.8706409857678565,0.0,3,1,0,False,False,False,True,False,True,False,False,False,1.5160212687619785
[O-]S(=O)(=O)CCC[N+](C)(C)CCNC(=O)CCN(C)CCN(CCN(C)CC(O)CCCCCCCCCCCC)CCN(C)CC(O)CCCCCCCCCCCC,1.0,56.49717514,0.0,43.50282486,0.0,32.98571429,6.491806840989054,2.995732273553991,9.710682839,6.2146080984,2.0,14,6.778124839166374,0.0,4,1,0,False,False,False,True,False,True,False,False,False,0.13010298014334065
[O-]S(=O)(=O)CCC[N+](C)(C)CCNC(=O)CCN(CC(O)CCCCCCCCCCCC)CCN(CCN(CC(O)CCCCCCCCCCCC)CC(O)CCCCCCCCCCCC)CCN(CC(O)CCCCCCCCCCCC)CC(O)CCCCCCCCCCCC,0.9963,56.49717514,0.0,43.50282486,0.0,22.14240602,6.093226867920063,2.995732273553991,9.3121024209,6.2146080984,5.0,14,7.29537544228267,0.0,4,1,0,False,False,False,True,False,True,False,False,False,0.13222701729510733
[O-]S(=O)(=O)CCC[N+](C)(C)CCNC(=O)CCN(CC(O)CCCCCCCCCCCC)CCN(C)CCN(CC(O)CCCCCCCCCCCC)CC(O)CCCCCCCCCCCC,0.96547,56.49717514,0.0,43.50282486,0.0,25.53067669,6.235613010135707,2.995732273553991,9.4544889647,6.2146080984,3.0,14,6.927238247349708,0.0,3,1,0,False,False,False,True,False,True,False,False,False,0.27307303810616196
[O-]S(=O)(=O)CCC[N+](C)(C)CCNC(=O)CCN(CC(O)CCCCCCCCCCCC)CCCN(C)CCCN(CC(O)CCCCCCCCCCCC)CC(O)CCCCCCCCCCCC,1.0,56.49717514,0.0,43.50282486,0.0,26.23378446,6.262780336857692,2.995732273553991,9.4816559917,6.2146080984,3.0,14,6.954379289209405,0.0,3,1,0,False,False,False,True,False,True,False,False,False,0.13010298014334065
[O-]S(=O)(=O)CCC[N+](C)(C)CCNC(=O)CCN(C)CCN(CCN(C)CC(O)CCCCCCCCCCCCCC)CCN(C)CC(O)CCCCCCCCCCCCCC,1.0,56.49717514,0.0,43.50282486,0.0,35.09503759,6.5537920148285504,2.995732273553991,9.7726679084,6.2146080984,2.0,16,6.840041588993566,0.0,4,1,0,False,False,False,True,False,True,False,False,False,0.13010298014334065
[O-]S(=O)(=O)CCC[N+](C)(C)CCNC(=O)CCN(C(C)C)CCN(CCN(C(C)C)CC(O)CCCCCCCCCCCCCC)CCN(C(C)C)CC(O)CCCCCCCCCCCCCC,0.96208,56.49717514,0.0,43.50282486,0.0,38.25902256,6.640111689931866,2.995732273553991,9.8589874479,6.2146080984,2.0,16,6.9262727671151305,0.0,4,1,0,False,False,False,True,False,True,False,False,False,0.2798156203405001
[O-]S(=O)(=O)CCC[N+](C)(C)CCNC(=O)CCN(CC(O)CCCCCCCCCCCCCC)CCN(CCN(CC(O)CCCCCCCCCCCCCC)CC(O)CCCCCCCCCCCCCC)CCN(CC(O)CCCCCCCCCCCCCC)CC(O)CCCCCCCCCCCCCC,0.95438,56.49717514,0.0,43.50282486,0.0,24.25172932,6.18422020055984,2.995732273553991,9.4030956411,6.2146080984,5.0,16,7.386309745394945,0.0,4,1,0,False,False,False,True,False,True,False,False,False,0.2861244335004305
[O-]S(=O)(=O)CCC[N+](C)(C)CCNC(=O)CCN(CC(O)CCCCCCCCCCCCCC)CCN(C)CCN(CC(O)CCCCCCCCCCCCCC)CC(O)CCCCCCCCCCCCCC,0.89026,56.49717514,0.0,43.50282486,0.0,27.64,6.31499627245346,2.995732273553991,9.5338720973,6.2146080984,3.0,16,7.006546665077651,0.0,3,1,0,False,False,False,True,False,True,False,False,False,1.1441985895542746
[O-]S(=O)(=O)CCC[N+](C)(C)CCNC(=O)CCN(C)CCN(CCN(C)CC(O)CCCCCCCCCCCCCCCC)CCN(C)CC(O)CCCCCCCCCCCCCCCC,1.0,56.49717514,0.0,43.50282486,0.0,37.2043609,6.6121582564569925,2.995732273553991,9.8310340572,6.2146080984,2.0,18,6.898347161104942,0.0,4,1,0,False,False,False,True,False,True,False,False,False,0.13010298014334065
[O-]S(=O)(=O)CCC[N+](C)(C)CCNC(=O)CCN(CC(O)CCCCCCCCCCCCCCCC)CCN(CCN(CC(O)CCCCCCCCCCCCCCCC)CC(O)CCCCCCCCCCCCCCCC)CCN(CC(O)CCCCCCCCCCCCCCCC)CC(O)CCCCCCCCCCCCCCCC,1.0,56.49717514,0.0,43.50282486,0.0,26.36105263,6.2676199152438095,2.995732273553991,9.4864960197,6.2146080984,5.0,18,7.469659874170152,0.0,4,1,0,False,False,False,True,False,True,False,False,False,0.13010298014334065
[O-]S(=O)(=O)CCC[N+](C)(C)CCNC(=O)CCN(CC(O)CCCCCCCCCCCCCCCC)CCN(C)CCN(CC(O)CCCCCCCCCCCCCCCC)CC(O)CCCCCCCCCCCCCCCC,0.81694,56.49717514,0.0,43.50282486,0.0,29.74932331,6.388538659404586,2.995732273553991,9.607414373,6.2146080984,3.0,18,7.08002481641949,0.0,3,1,0,False,False,False,True,False,True,False,False,False,2.8244043769968536
[O-]S(=O)(=O)CCC[N+](C)(C)CCNC(=O)CCN(CC(O)CCCCCCCCCCCCCCCC)CCCN(C)CCCN(CC(O)CCCCCCCCCCCCCCCC)CC(O)CCCCCCCCCCCCCCCC,1.0,56.49717514,0.0,43.50282486,0.0,30.45243108,6.411898102946625,2.995732273553991,9.6307742207,6.2146080984,3.0,18,7.103364824769689,0.0,3,1,0,False,False,False,True,False,True,False,False,False,0.13010298014334065
[O-]S(=O)(=O)CCC[N+](C)(C)CCNC(=O)CCN(C)CCN(CCN(C)CCC(=O)OCCCCCCCC)CCN(C)CCC(=O)OCCCCCCCC,1.0,56.49717514,0.0,43.50282486,0.0,30.87308271,6.425616968112404,2.995732273553991,9.6444927052,6.2146080984,2.0,8,6.7120128640158665,0.0,4,1,0,False,False,False,True,False,True,False,False,False,0.13010298014334065
[O-]S(=O)(=O)CCC[N+](C)(C)CCNC(=O)CCN(C(C)C)CCN(CCN(C(C)C)CCC(=O)OCCCCCCCC)CCN(C(C)C)CCC(=O)OCCCCCCCC,1.0,56.49717514,0.0,43.50282486,0.0,34.03706767,6.523182429894063,2.995732273553991,9.7420580294,6.2146080984,2.0,8,6.809465263875181,0.0,4,1,0,False,False,False,True,False,True,False,False,False,0.13010298014334065
[O-]S(=O)(=O)CCC[N+](C)(C)CCNC(=O)CCN(CCC(=O)OCCCCCCCC)CCN(CCN(CCC(=O)OCCCCCCCC)CCC(=O)OCCCCCCCC)CCN(CCC(=O)OCCCCCCCC)CCC(=O)OCCCCCCCC,0.98017,56.49717514,0.0,43.50282486,0.0,20.02977444,5.992952162059973,2.995732273553991,9.2118282645,6.2146080984,5.0,8,7.1951723163152135,0.0,4,1,0,False,False,False,True,False,True,False,False,False,0.19345350586051852
[O-]S(=O)(=O)CCC[N+](C)(C)CCNC(=O)CCN(CCC(=O)OCCCCCCCC)CCN(C)CCN(CCC(=O)OCCCCCCCC)CCC(=O)OCCCCCCCC,0.98062,56.49717514,0.0,43.50282486,0.0,23.41804511,6.14923915727468,2.995732273553991,9.368114764,6.2146080984,3.0,8,6.840952863835922,0.0,3,1,0,False,False,False,True,False,True,False,False,False,0.19067282568849794
[O-]S(=O)(=O)CCC[N+](C)(C)CCNC(=O)CCN(CCC(=O)OCCCCCCCC)CCCN(C)CCCN(CCC(=O)OCCCCCCCC)CCC(=O)OCCCCCCCC,0.91958,56.49717514,0.0,43.50282486,0.0,24.12115288,6.178821441948978,2.995732273553991,9.397697562,6.2146080984,3.0,8,6.870503985248701,0.0,3,1,0,False,False,False,True,False,True,False,False,False,0.5692546532216939
[O-]S(=O)(=O)CCC[N+](C)(C)CCNC(=O)CCN(CCC(=O)OCCCCCCCC)CCCN5CCN(CCCN(CCC(=O)OCCCCCCCC)CCC(=O)OCCCCCCCC)CC5,1.0,56.49717514,0.0,43.50282486,0.0,25.50160401,6.234473626093043,2.995732273553991,9.4533492937,6.2146080984,3.0,8,6.926099981276857,0.0,4,1,0,False,False,False,True,False,True,False,False,False,0.13010298014334065
[O-]S(=O)(=O)CCC[N+](C)(C)CCNC(=O)CCN(C)CCN(CCN(C)CCC(=O)OCCCCCCCCCC)CCN(C)CCC(=O)OCCCCCCCCCC,0.99877,56.49717514,0.0,43.50282486,0.0,32.98240602,6.491706541935898,2.995732273553991,9.7105821843,6.2146080984,2.0,10,6.778024654279635,0.0,4,1,0,False,False,False,True,False,True,False,False,False,0.13033698585812845
[O-]S(=O)(=O)CCC[N+](C)(C)CCNC(=O)CCN(C(C)C)CCN(CCN(C(C)C)CCC(=O)OCCCCCCCCCC)CCN(C(C)C)CCC(=O)OCCCCCCCCCC,1.0,56.49717514,0.0,43.50282486,0.0,36.14639098,6.5833093825968145,2.995732273553991,9.802185457,6.2146080984,2.0,10,6.869527832376275,0.0,4,1,0,False,False,False,True,False,True,False,False,False,0.13010298014334065
[O-]S(=O)(=O)CCC[N+](C)(C)CCNC(=O)CCN(CCC(=O)OCCCCCCCCCC)CCN(CCN(CCC(=O)OCCCCCCCCCC)CCC(=O)OCCCCCCCCCC)CCN(CCC(=O)OCCCCCCCCCC)CCC(=O)OCCCCCCCCCC,1.0,56.49717514,0.0,43.50282486,0.0,22.13909774,6.093077447519885,2.995732273553991,9.3119533745,6.2146080984,5.0,10,7.295226123718023,0.0,4,1,0,False,False,False,True,False,True,False,False,False,0.13010298014334065
[O-]S(=O)(=O)CCC[N+](C)(C)CCNC(=O)CCN(CCC(=O)OCCCCCCCCCC)CCN(C)CCN(CCC(=O)OCCCCCCCCCC)CCC(=O)OCCCCCCCCCC,0.98397,56.49717514,0.0,43.50282486,0.0,25.52736842,6.235483421546974,2.995732273553991,9.4543589166,6.2146080984,3.0,10,6.927108785830982,0.0,3,1,0,False,False,False,True,False,True,False,False,False,0.17152393920279543
[O-]S(=O)(=O)CCC[N+](C)(C)CCNC(=O)CCN(CCC(=O)OCCCCCCCCCC)CCCN(C)CCCN(CCC(=O)OCCCCCCCCCC)CCC(=O)OCCCCCCCCCC,0.88567,56.49717514,0.0,43.50282486,0.0,26.23047619,6.2626542216713394,2.995732273553991,9.4815301918,6.2146080984,3.0,10,6.954253294375026,0.0,3,1,0,False,False,False,True,False,True,False,False,False,1.2295391842311738
[O-]S(=O)(=O)CCC[N+](C)(C)CCNC(=O)CCN(CCC(=O)OCCCCCCCCCC)CCCN5CCN(CCCN(CCC(=O)OCCCCCCCCCC)CCC(=O)OCCCCCCCCCC)CC5,0.98027,56.49717514,0.0,43.50282486,0.0,27.61092732,6.3139438853137895,2.995732273553991,9.5328194451,6.2146080984,3.0,10,7.00549523176855,0.0,4,1,0,False,False,False,True,False,True,False,False,False,0.19283211445605014
[O-]S(=O)(=O)CCC[N+](C)(C)CCNC(=O)CCN(C)CCN(CCN(C)CCC(=O)OCCCCCCCCCCCC)CCN(C)CCC(=O)OCCCCCCCCCCCC,1.0,56.49717514,0.0,43.50282486,0.0,35.09172932,6.553697744351419,2.995732273553991,9.7725733036,6.2146080984,2.0,12,6.839947419376895,0.0,4,1,0,False,False,False,True,False,True,False,False,False,0.13010298014334065
[O-]S(=O)(=O)CCC[N+](C)(C)CCNC(=O)CCN(C(C)C)CCN(CCN(C(C)C)CCC(=O)OCCCCCCCCCCCC)CCN(C(C)C)CCC(=O)OCCCCCCCCCCCC,1.0,56.49717514,0.0,43.50282486,0.0,38.25571429,6.6400252158710975,2.995732273553991,9.85890119,6.2146080984,2.0,12,6.926186377927862,0.0,4,1,0,False,False,False,True,False,True,False,False,False,0.13010298014334065
[O-]S(=O)(=O)CCC[N+](C)(C)CCNC(=O)CCN(CCC(=O)OCCCCCCCCCCCC)CCN(CCN(CCC(=O)OCCCCCCCCCCCC)CCC(=O)OCCCCCCCCCCCC)CCN(CCC(=O)OCCCCCCCCCCCC)CCC(=O)OCCCCCCCCCCCC,0.98831,56.49717514,0.0,43.50282486,0.0,24.24842105,6.184083777477442,2.995732273553991,9.4029595591,6.2146080984,5.0,12,7.386173406828891,0.0,4,1,0,False,False,False,True,False,True,False,False,False,0.1518465906327638
[O-]S(=O)(=O)CCC[N+](C)(C)CCNC(=O)CCN(CCC(=O)OCCCCCCCCCCCC)CCN(C)CCN(CCC(=O)OCCCCCCCCCCCC)CCC(=O)OCCCCCCCCCCCC,1.0,56.49717514,0.0,43.50282486,0.0,27.63669173,6.314876573900583,2.995732273553991,9.533752698,6.2146080984,3.0,12,7.006427074945506,0.0,3,1,0,False,False,False,True,False,True,False,False,False,0.13010298014334065
[O-]S(=O)(=O)CCC[N+](C)(C)CCNC(=O)CCN(CCC(=O)OCCCCCCCCCCCC)CCCN(C)CCCN(CCC(=O)OCCCCCCCCCCCC)CCC(=O)OCCCCCCCCCCCC,0.88522,56.49717514,0.0,43.50282486,0.0,28.3397995,6.339999432985571,2.995732273553991,9.5588752755,6.2146080984,3.0,12,7.031527454990003,0.0,3,1,0,False,False,False,True,False,True,False,False,False,1.2374850515263205
[O-]S(=O)(=O)CCC[N+](C)(C)CCNC(=O)CCN(CCC(=O)OCCCCCCCCCCCC)CCCN5CCN(CCCN(CCC(=O)OCCCCCCCCCCCC)CCC(=O)OCCCCCCCCCCCC)CC5,0.96178,56.49717514,0.0,43.50282486,0.0,29.72025063,6.387560926409714,2.995732273553991,9.6064370666,6.2146080984,3.0,12,7.079047906778357,0.0,4,1,0,False,False,False,True,False,True,False,False,False,0.2802125519035836
[O-]S(=O)(=O)CCC[N+](C)(C)CCNC(=O)CCN(C)CCN(CCN(C)CCC(=O)OCCCCCCCCCCCCCC)CCN(C)CCC(=O)OCCCCCCCCCCCCCC,1.0,56.49717514,0.0,43.50282486,0.0,37.20105263,6.612069330938129,2.995732273553991,9.8309453539,6.2146080984,2.0,14,6.898258325337989,0.0,4,1,0,False,False,False,True,False,True,False,False,False,0.13010298014334065
[O-]S(=O)(=O)CCC[N+](C)(C)CCNC(=O)CCN(C(C)C)CCN(CCN(C(C)C)CCC(=O)OCCCCCCCCCCCCCC)CCN(C(C)C)CCC(=O)OCCCCCCCCCCCCCC,1.0,56.49717514,0.0,43.50282486,0.0,40.36503759,6.693696277652859,2.995732273553991,9.9125721622,6.2146080984,2.0,14,6.979806136726121,0.0,4,1,0,False,False,False,True,False,True,False,False,False,0.13010298014334065
[O-]S(=O)(=O)CCC[N+](C)(C)CCNC(=O)CCN(CCC(=O)OCCCCCCCCCCCCCC)CCN(CCN(CCC(=O)OCCCCCCCCCCCCCC)CCC(=O)OCCCCCCCCCCCCCC)CCN(CCC(=O)OCCCCCCCCCCCCCC)CCC(=O)OCCCCCCCCCCCCCC,1.0,56.49717514,0.0,43.50282486,0.0,26.35774436,6.267494408965471,2.995732273553991,9.4863700684,6.2146080984,5.0,14,7.469534439424563,0.0,4,1,0,False,False,False,True,False,True,False,False,False,0.13010298014334065
[O-]S(=O)(=O)CCC[N+](C)(C)CCNC(=O)CCN(CCC(=O)OCCCCCCCCCCCCCC)CCN(C)CCN(CCC(=O)OCCCCCCCCCCCCCC)CCC(=O)OCCCCCCCCCCCCCC,1.0,56.49717514,0.0,43.50282486,0.0,29.74601504,6.3884274483384695,2.995732273553991,9.60730344,6.2146080984,3.0,14,7.079913698948005,0.0,3,1,0,False,False,False,True,False,True,False,False,False,0.13010298014334065
[O-]S(=O)(=O)CCC[N+](C)(C)CCNC(=O)CCN(CCC(=O)OCCCCCCCCCCCCCC)CCCN(C)CCCN(CCC(=O)OCCCCCCCCCCCCCC)CCC(=O)OCCCCCCCCCCCCCC,0.83639,56.49717514,0.0,43.50282486,0.0,30.44912281,6.411789459741585,2.995732273553991,9.6306651923,6.2146080984,3.0,14,7.103256270888206,0.0,3,1,0,False,False,False,True,False,True,False,False,False,2.087096725976568
[O-]S(=O)(=O)CCC[N+](C)(C)CCNC(=O)CCN(CCC(=O)OCCCCCCCCCCCCCC)CCCN5CCN(CCCN(CCC(=O)OCCCCCCCCCCCCCC)CCC(=O)OCCCCCCCCCCCCCC)CC5,0.97657,56.49717514,0.0,43.50282486,0.0,31.82957393,6.4561281289588415,2.995732273553991,9.6750041445,6.2146080984,3.0,14,7.147559271189454,0.0,4,1,0,False,False,False,True,False,True,False,False,False,0.21667771056143048
[O-]S(=O)(=O)CCC[N+](C)(C)CCNC(=O)CCN(C)CCN(CCN(C)CCC(=O)OCCCCCCCCCCCCCCCC)CCN(C)CCC(=O)OCCCCCCCCCCCCCCCC,1.0,56.49717514,0.0,43.50282486,0.0,39.31037594,6.667220776411885,2.995732273553991,9.8860967046,6.2146080984,2.0,16,6.953355599099457,0.0,4,1,0,False,False,False,True,False,True,False,False,False,0.13010298014334065
[O-]S(=O)(=O)CCC[N+](C)(C)CCNC(=O)CCN(C(C)C)CCN(CCN(C(C)C)CCC(=O)OCCCCCCCCCCCCCCCC)CCN(C(C)C)CCC(=O)OCCCCCCCCCCCCCCCC,1.0,56.49717514,0.0,43.50282486,0.0,42.4743609,6.744632894500847,2.995732273553991,9.9635086982,6.2146080984,2.0,16,7.030696543626952,0.0,4,1,0,False,False,False,True,False,True,False,False,False,0.13010298014334065
[O-]S(=O)(=O)CCC[N+](C)(C)CCNC(=O)CCN(CCC(=O)OCCCCCCCCCCCCCCCC)CCN(CCN(CCC(=O)OCCCCCCCCCCCCCCCC)CCC(=O)OCCCCCCCCCCCCCCCC)CCN(CCC(=O)OCCCCCCCCCCCCCCCC)CCC(=O)OCCCCCCCCCCCCCCCC,0.99238,56.49717514,0.0,43.50282486,0.0,28.46706767,6.344480172349337,2.995732273553991,9.5633557278,6.2146080984,5.0,16,7.546477952230528,0.0,4,1,0,False,False,False,True,False,True,False,False,False,0.13920586920340547
[O-]S(=O)(=O)CCC[N+](C)(C)CCNC(=O)CCN(CCC(=O)OCCCCCCCCCCCCCCCC)CCN(C)CCN(CCC(=O)OCCCCCCCCCCCCCCCC)CCC(=O)OCCCCCCCCCCCCCCCC,1.0,56.49717514,0.0,43.50282486,0.0,31.85533835,6.456937250632508,2.995732273553991,9.6758131273,6.2146080984,3.0,16,7.148367756236411,0.0,3,1,0,False,False,False,True,False,True,False,False,False,0.13010298014334065
[O-]S(=O)(=O)CCC[N+](C)(C)CCNC(=O)CCN(CCC(=O)OCCCCCCCCCCCCCCCC)CCCN(C)CCCN(CCC(=O)OCCCCCCCCCCCCCCCC)CCC(=O)OCCCCCCCCCCCCCCCC,1.0,56.49717514,0.0,43.50282486,0.0,32.55844612,6.4787690899623005,2.995732273553991,9.6976447269,6.2146080984,3.0,16,7.17018261838344,0.0,3,1,0,False,False,False,True,False,True,False,False,False,0.13010298014334065
[O-]S(=O)(=O)CCC[N+](C)(C)CCNC(=O)CCN(CCC(=O)OCCCCCCCCCCCCCCCC)CCCN5CCN(CCCN(CCC(=O)OCCCCCCCCCCCCCCCC)CCC(=O)OCCCCCCCCCCCCCCCC)CC5,0.97339,56.49717514,0.0,43.50282486,0.0,33.93889724,6.520294041376703,2.995732273553991,9.7391699476,6.2146080984,3.0,16,7.211676283362982,0.0,4,1,0,False,False,False,True,False,True,False,False,False,0.2370091995636949
[O-]S(=O)(=O)CCC[N+](C)(C)CCNC(=O)CCN(C)CCN(CCN(C)CCC(=O)OCCCCCCCCCCCCCCCCCC)CCN(C)CCC(=O)OCCCCCCCCCCCCCCCCCC,0.99507,56.49717514,0.0,43.50282486,0.0,41.41969925,6.7194888685100365,2.995732273553991,9.9383647115,6.2146080984,2.0,18,7.005575034438354,0.0,4,1,0,False,False,False,True,False,True,False,False,False,0.1338838045662822
[O-]S(=O)(=O)CCC[N+](C)(C)CCNC(=O)CCN(C(C)C)CCN(CCN(C(C)C)CCC(=O)OCCCCCCCCCCCCCCCCCC)CCN(C(C)C)CCC(=O)OCCCCCCCCCCCCCCCCCC,1.0,56.49717514,0.0,43.50282486,0.0,44.58368421,6.793100240761869,2.995732273553991,10.0119759712,6.2146080984,2.0,18,7.079122050627569,0.0,4,1,0,False,False,False,True,False,True,False,False,False,0.13010298014334065
[O-]S(=O)(=O)CCC[N+](C)(C)CCNC(=O)CCN(CCC(=O)OCCCCCCCCCCCCCCCCCC)CCN(CCN(CCC(=O)OCCCCCCCCCCCCCCCCCC)CCC(=O)OCCCCCCCCCCCCCCCCCC)CCN(CCC(=O)OCCCCCCCCCCCCCCCCCC)CCC(=O)OCCCCCCCCCCCCCCCCCC,1.0,56.49717514,0.0,43.50282486,0.0,30.57639098,6.415960448123476,2.995732273553991,9.634836568,6.2146080984,5.0,18,7.617921805336619,0.0,4,1,0,False,False,False,True,False,True,False,False,False,0.13010298014334065
[O-]S(=O)(=O)CCC[N+](C)(C)CCNC(=O)CCN(CCC(=O)OCCCCCCCCCCCCCCCCCC)CCN(C)CCN(CCC(=O)OCCCCCCCCCCCCCCCCCC)CCC(=O)OCCCCCCCCCCCCCCCCCC,0.91596,56.49717514,0.0,43.50282486,0.0,33.96466165,6.521052894422333,2.995732273553991,9.7399286707,6.2146080984,3.0,18,7.212434576678832,0.0,3,1,0,False,False,False,True,False,True,False,False,False,0.6313768991087929
[O-]S(=O)(=O)CCC[N+](C)(C)CCNC(=O)CCN(CCC(=O)OCCCCCCCCCCCCCCCCCC)CCCN(C)CCCN(CCC(=O)OCCCCCCCCCCCCCCCCCC)CCC(=O)OCCCCCCCCCCCCCCCCCC,1.0,56.49717514,0.0,43.50282486,0.0,34.66776942,6.5415426937136285,2.995732273553991,9.7604182469,6.2146080984,3.0,18,7.232909421216529,0.0,3,1,0,False,False,False,True,False,True,False,False,False,0.13010298014334065
[O-]S(=O)(=O)CCC[N+](C)(C)CCNC(=O)CCN(CCC(=O)OCCCCCCCCCCCCCCCCCC)CCCN5CCN(CCCN(CCC(=O)OCCCCCCCCCCCCCCCCCC)CCC(=O)OCCCCCCCCCCCCCCCCCC)CC5,0.94328,56.49717514,0.0,43.50282486,0.0,36.04822055,6.580589775456411,2.995732273553991,9.7994655851,6.2146080984,3.0,18,7.271928837902061,0.0,4,1,0,False,False,False,True,False,True,False,False,False,0.31375689902446874
CCCCOP(=O)(O)OCC[N+](CCCC)(CCCC)CCCC,0.95,25.0,30.0,30.0,1.0,6.485164718,3.5093287626246132,1.791759469228055,7.7090346306,5.9914645471,4.0,4,5.906731481884878,0.0,0,1,1,False,False,True,True,False,False,False,True,False,0.29203749472173757
CCCCCOP(=O)(O)OCC[N+](CCCC)(CCCC)CCCC,0.95,25.0,30.0,30.0,1.0,6.734052953,3.545882396385396,1.791759469228055,7.7455870484,5.9914645471,4.0,5,5.94418948459216,0.0,0,1,1,False,False,True,True,False,False,False,True,False,0.29203749472173757
CCCCCCOP(=O)(O)OCC[N+](CCCC)(CCCC)CCCC,0.95,25.0,30.0,30.0,1.0,6.982941188,3.5811468478279247,1.791759469228055,7.7808503681,5.9914645471,4.0,6,5.980294898188584,0.0,0,1,1,False,False,True,True,False,False,False,True,False,0.29203749472173757
CCCCCCCOP(=O)(O)OCC[N+](CCCC)(CCCC)CCCC,0.95,25.0,30.0,30.0,1.0,7.231829423,3.615209961986873,1.791759469228055,7.8149164631,5.9914645471,4.0,7,6.015142010462339,0.0,0,1,1,False,False,True,True,False,False,False,True,False,0.29203749472173757
CCCCCCCCOP(=O)(O)OCC[N+](CCCC)(CCCC)CCCC,0.95,25.0,30.0,30.0,1.0,7.480717658,3.648150900280048,1.791759469228055,7.8478562831,5.9914645471,4.0,8,6.048815581284332,0.0,0,1,1,False,False,True,True,False,False,False,True,False,0.29203749472173757
CCCCCCCCCOP(=O)(O)OCC[N+](CCCC)(CCCC)CCCC,0.95,25.0,30.0,30.0,1.0,7.729605893,3.6800412486113063,1.791759469228055,7.8797455833,5.9914645471,4.0,9,6.081392084631966,0.0,0,1,1,False,False,True,True,False,False,False,True,False,0.29203749472173757
CCCCCCCCCCOP(=O)(O)OCC[N+](CCCC)(CCCC)CCCC,0.95,25.0,30.0,30.0,1.0,7.978494128,3.710945954170216,1.791759469228055,7.9106493046,5.9914645471,4.0,10,6.1129407546019845,0.0,0,1,1,False,False,True,True,False,False,False,True,False,0.29203749472173757
CCCCCCCCCCCOP(=O)(O)OCC[N+](CCCC)(CCCC)CCCC,0.95,25.0,30.0,30.0,1.0,8.227382363,3.740924121756141,1.791759469228055,7.9406301059,5.9914645471,4.0,11,6.143524471399725,0.0,0,1,1,False,False,True,True,False,False,False,True,False,0.29203749472173757
CCCCCCCCCCCCOP(=O)(O)OCC[N+](CCCC)(CCCC)CCCC,0.95,25.0,30.0,30.0,1.0,8.476270598,3.770029694170076,1.791759469228055,7.9697347031,5.9914645471,4.0,12,6.173200515812028,0.0,0,1,1,False,False,True,True,False,False,False,True,False,0.29203749472173757
CCCCCCCCCCCCCOP(=O)(O)OCC[N+](CCCC)(CCCC)CCCC,0.95,25.0,30.0,30.0,1.0,8.725158834,3.7983120364680576,1.791759469228055,7.9980161246,5.9914645471,4.0,13,6.2020212149166944,0.0,0,1,1,False,False,True,True,False,False,False,True,False,0.29203749472173757
CCCCCCCCCCCCCCOP(=O)(O)OCC[N+](CCCC)(CCCC)CCCC,0.95,25.0,30.0,30.0,1.0,8.974047069,3.825816439291362,1.791759469228055,8.0255229267,5.9914645471,4.0,14,6.230034497317393,0.0,0,1,1,False,False,True,True,False,False,False,True,False,0.29203749472173757
CCCCCCCCCCCCCCCOP(=O)(O)OCC[N+](CCCC)(CCCC)CCCC,0.95,25.0,30.0,30.0,1.0,9.222935304,3.852584555881144,1.791759469228055,8.0522901321,5.9914645471,4.0,15,6.257284372702629,0.0,0,1,1,False,False,True,True,False,False,False,True,False,0.29203749472173757
CCCCCCCCCCCCCCCCOP(=O)(O)OCC[N+](CCCC)(CCCC)CCCC,0.95,25.0,30.0,30.0,1.0,9.471823539,3.878654781059894,1.791759469228055,8.078359493,5.9914645471,4.0,16,6.283811347778168,0.0,0,1,1,False,False,True,True,False,False,False,True,False,0.29203749472173757
CCCCCC[N+](CCCCCC)(CCCCCC)CCOP(=O)(O)OCCCC,0.95,25.0,30.0,30.0,1.0,7.978494128,3.710945954170216,1.791759469228055,7.9106493046,5.9914645471,4.0,6,6.112940754601984,0.0,0,1,1,False,False,True,True,False,False,False,True,False,0.29203749472173757
CCCCCC[N+](CCCCCC)(CCCCCC)CCOP(=O)(O)OCCCCC,0.95,25.0,30.0,30.0,1.0,8.227382363,3.740924121756141,1.791759469228055,7.9406301059,5.9914645471,4.0,6,6.143524471399725,0.0,0,1,1,False,False,True,True,False,False,False,True,False,0.29203749472173757
CCCCCCOP(=O)(O)OCC[N+](CCCCCC)(CCCCCC)CCCCCC,0.95,25.0,30.0,30.0,1.0,8.476270598,3.770029694170076,1.791759469228055,7.9697347031,5.9914645471,4.0,6,6.173200515812028,0.0,0,1,1,False,False,True,True,False,False,False,True,False,0.29203749472173757
CCCCCCCOP(=O)(O)OCC[N+](CCCCCC)(CCCCCC)CCCCCC,0.95,25.0,30.0,30.0,1.0,8.725158834,3.7983120364680576,1.791759469228055,7.9980161246,5.9914645471,4.0,7,6.2020212149166944,0.0,0,1,1,False,False,True,True,False,False,False,True,False,0.29203749472173757
CCCCCCCCOP(=O)(O)OCC[N+](CCCCCC)(CCCCCC)CCCCCC,0.95,25.0,30.0,30.0,1.0,8.974047069,3.825816439291362,1.791759469228055,8.0255229267,5.9914645471,4.0,8,6.230034497317393,0.0,0,1,1,False,False,True,True,False,False,False,True,False,0.29203749472173757
CCCCCCCCCOP(=O)(O)OCC[N+](CCCCCC)(CCCCCC)CCCCCC,0.95,25.0,30.0,30.0,1.0,9.222935304,3.852584555881144,1.791759469228055,8.0522901321,5.9914645471,4.0,9,6.257284372702629,0.0,0,1,1,False,False,True,True,False,False,False,True,False,0.29203749472173757
CCCCCCCCCCOP(=O)(O)OCC[N+](CCCCCC)(CCCCCC)CCCCCC,0.95,25.0,30.0,30.0,1.0,9.471823539,3.878654781059894,1.791759469228055,8.078359493,5.9914645471,4.0,10,6.283811347778168,0.0,0,1,1,False,False,True,True,False,False,False,True,False,0.29203749472173757
CCCCCCCCCCCOP(=O)(O)OCC[N+](CCCCCC)(CCCCCC)CCCCCC,0.95,25.0,30.0,30.0,1.0,9.720711774,3.9040625825681623,1.791759469228055,8.1037664737,5.9914645471,4.0,11,6.309652788441769,0.0,0,1,1,False,False,True,True,False,False,False,True,False,0.29203749472173757
CCCCCCCCCCCCOP(=O)(O)OCC[N+](CCCCCC)(CCCCCC)CCCCCC,0.95,25.0,30.0,30.0,1.0,9.969600009,3.928840791239296,1.791759469228055,8.1285468516,5.9914645471,4.0,12,6.3348432363281235,0.0,0,1,1,False,False,True,True,False,False,False,True,False,0.29203749472173757
CCCCCCCCCCCCCOP(=O)(O)OCC[N+](CCCCCC)(CCCCCC)CCCCCC,0.95,25.0,30.0,30.0,1.0,10.21848824,3.9530198557002434,1.791759469228055,8.1527251025,5.9914645471,4.0,13,6.359414686453388,0.0,0,1,1,False,False,True,True,False,False,False,True,False,0.29203749472173757
CCCCCCCCCCCCCCOP(=O)(O)OCC[N+](CCCCCC)(CCCCCC)CCCCCC,0.95,25.0,30.0,30.0,1.0,10.46737648,3.976628069351697,1.791759469228055,8.1763325398,5.9914645471,4.0,14,6.383396831558544,0.0,0,1,1,False,False,True,True,False,False,False,True,False,0.29203749472173757
CCCCCCCCCCCCCCCOP(=O)(O)OCC[N+](CCCCCC)(CCCCCC)CCCCCC,0.95,25.0,30.0,30.0,1.0,10.71626471,3.9996917647113466,1.791759469228055,8.1993954951,5.9914645471,4.0,15,6.406817277832567,0.0,0,1,1,False,False,True,True,False,False,False,True,False,0.29203749472173757
CCCCCCCCCCCCCCCCOP(=O)(O)OCC[N+](CCCCCC)(CCCCCC)CCCCCC,0.95,25.0,30.0,30.0,1.0,10.96515295,4.022235496691952,1.791759469228055,8.221941206,5.9914645471,4.0,16,6.429701735946264,0.0,0,1,1,False,False,True,True,False,False,False,True,False,0.29203749472173757
CCCCCCCC[N+](CCCCCCCC)(CCCCCCCC)CCOP(=O)(O)OCCCC,0.95,25.0,30.0,30.0,1.0,9.471823539,3.878654781059894,1.791759469228055,8.078359493,5.9914645471,4.0,8,6.283811347778168,0.0,0,1,1,False,False,True,True,False,False,False,True,False,0.29203749472173757
CCCCCCCC[N+](CCCCCCCC)(CCCCCCCC)CCOP(=O)(O)OCCCCC,0.95,25.0,30.0,30.0,1.0,9.720711774,3.9040625825681623,1.791759469228055,8.1037664737,5.9914645471,4.0,8,6.309652788441769,0.0,0,1,1,False,False,True,True,False,False,False,True,False,0.29203749472173757
CCCCCCCC[N+](CCCCCCCC)(CCCCCCCC)CCOP(=O)(O)OCCCCCC,0.95,25.0,30.0,30.0,1.0,9.969600009,3.928840791239296,1.791759469228055,8.1285468516,5.9914645471,4.0,8,6.334843236328123,0.0,0,1,1,False,False,True,True,False,False,False,True,False,0.29203749472173757
CCCCCCCC[N+](CCCCCCCC)(CCCCCCCC)CCOP(=O)(O)OCCCCCCC,0.95,25.0,30.0,30.0,1.0,10.21848824,3.9530198557002434,1.791759469228055,8.1527251025,5.9914645471,4.0,8,6.359414686453388,0.0,0,1,1,False,False,True,True,False,False,False,True,False,0.29203749472173757
CCCCCCCCOP(=O)(O)OCC[N+](CCCCCCCC)(CCCCCCCC)CCCCCCCC,0.95,25.0,30.0,30.0,1.0,10.46737648,3.976628069351697,1.791759469228055,8.1763325398,5.9914645471,4.0,8,6.383396831558545,0.0,0,1,1,False,False,True,True,False,False,False,True,False,0.29203749472173757
CCCCCCCCCOP(=O)(O)OCC[N+](CCCCCCCC)(CCCCCCCC)CCCCCCCC,0.95,25.0,30.0,30.0,1.0,10.71626471,3.9996917647113466,1.791759469228055,8.1993954951,5.9914645471,4.0,9,6.406817277832567,0.0,0,1,1,False,False,True,True,False,False,False,True,False,0.29203749472173757
CCCCCCCCCCOP(=O)(O)OCC[N+](CCCCCCCC)(CCCCCCCC)CCCCCCCC,0.95,25.0,30.0,30.0,1.0,10.96515295,4.022235496691952,1.791759469228055,8.221941206,5.9914645471,4.0,10,6.429701735946264,0.0,0,1,1,False,False,True,True,False,False,False,True,False,0.29203749472173757
CCCCCCCCCCCOP(=O)(O)OCC[N+](CCCCCCCC)(CCCCCCCC)CCCCCCCC,0.95,25.0,30.0,30.0,1.0,11.21404118,4.044282192392117,1.791759469228055,8.2439871669,5.9914645471,4.0,11,6.452074190711849,0.0,0,1,1,False,False,True,True,False,False,False,True,False,0.29203749472173757
CCCCCCCCCCCCOP(=O)(O)OCC[N+](CCCCCCCC)(CCCCCCCC)CCCCCCCC,0.95,25.0,30.0,30.0,1.0,11.46292942,4.06585329850848,1.791759469228055,8.2655575687,5.9914645471,4.0,12,6.473957052175369,0.0,0,1,1,False,False,True,True,False,False,False,True,False,0.29203749472173757
CCCCCCCCCCCCCOP(=O)(O)OCC[N+](CCCCCCCC)(CCCCCCCC)CCCCCCCC,0.95,25.0,30.0,30.0,1.0,11.71181765,4.086968899605958,1.791759469228055,8.2866750143,5.9914645471,4.0,13,6.495371290528178,0.0,0,1,1,False,False,True,True,False,False,False,True,False,0.29203749472173757
CCCCCCCCCCCCCCOP(=O)(O)OCC[N+](CCCCCCCC)(CCCCCCCC)CCCCCCCC,0.95,25.0,30.0,30.0,1.0,11.96070589,4.10764783745175,1.791759469228055,8.3073532533,5.9914645471,4.0,14,6.516336556873358,0.0,0,1,1,False,False,True,True,False,False,False,True,False,0.29203749472173757
CCCCCCCCCCCCCCCOP(=O)(O)OCC[N+](CCCCCCCC)(CCCCCCCC)CCCCCCCC,0.95,25.0,30.0,30.0,1.0,12.20959413,4.127907806039242,1.791759469228055,8.3276125511,5.9914645471,4.0,15,6.536871291590298,0.0,0,1,1,False,False,True,True,False,False,False,True,False,0.29203749472173757
CCCCCCCCCCCCCCCCOP(=O)(O)OCC[N+](CCCCCCCC)(CCCCCCCC)CCCCCCCC,0.95,25.0,30.0,30.0,1.0,12.45848236,4.147765445187084,1.791759469228055,8.3474695467,5.9914645471,4.0,16,6.556992821795006,0.0,0,1,1,False,False,True,True,False,False,False,True,False,0.29203749472173757
CCCCCCCCCC[N+](CCCCCCCCCC)(CCCCCCCCCC)CCOP(=O)(O)OCCCC,0.95,25.0,30.0,30.0,1.0,10.96515295,4.022235496691952,1.791759469228055,8.221941206,5.9914645471,4.0,10,6.429701735946264,0.0,0,1,1,False,False,True,True,False,False,False,True,False,0.29203749472173757
CCCCCCCCCC[N+](CCCCCCCCCC)(CCCCCCCCCC)CCOP(=O)(O)OCCCCC,0.95,25.0,30.0,30.0,1.0,11.21404118,4.044282192392117,1.791759469228055,8.2439871669,5.9914645471,4.0,10,6.452074190711849,0.0,0,1,1,False,False,True,True,False,False,False,True,False,0.29203749472173757
CCCCCCCCCC[N+](CCCCCCCCCC)(CCCCCCCCCC)CCOP(=O)(O)OCCCCCC,0.95,25.0,30.0,30.0,1.0,11.46292942,4.06585329850848,1.791759469228055,8.2655575687,5.9914645471,4.0,10,6.47395705217537,0.0,0,1,1,False,False,True,True,False,False,False,True,False,0.29203749472173757
CCCCCCCCCC[N+](CCCCCCCCCC)(CCCCCCCCCC)CCOP(=O)(O)OCCCCCCC,0.95,25.0,30.0,30.0,1.0,11.71181765,4.086968899605958,1.791759469228055,8.2866750143,5.9914645471,4.0,10,6.495371290528179,0.0,0,1,1,False,False,True,True,False,False,False,True,False,0.29203749472173757
CCCCCCCCCC[N+](CCCCCCCCCC)(CCCCCCCCCC)CCOP(=O)(O)OCCCCCCCC,0.95,25.0,30.0,30.0,1.0,11.96070589,4.10764783745175,1.791759469228055,8.3073532533,5.9914645471,4.0,10,6.516336556873358,0.0,0,1,1,False,False,True,True,False,False,False,True,False,0.29203749472173757
CCCCCCCCCC[N+](CCCCCCCCCC)(CCCCCCCCCC)CCOP(=O)(O)OCCCCCCCCC,0.95,25.0,30.0,30.0,1.0,12.20959413,4.127907806039242,1.791759469228055,8.3276125511,5.9914645471,4.0,10,6.536871291590299,0.0,0,1,1,False,False,True,True,False,False,False,True,False,0.29203749472173757
CCCCCCCCCCOP(=O)(O)OCC[N+](CCCCCCCCCC)(CCCCCCCCCC)CCCCCCCCCC,0.95,25.0,30.0,30.0,1.0,12.45848236,4.147765445187084,1.791759469228055,8.3474695467,5.9914645471,4.0,10,6.556992821795007,0.0,0,1,1,False,False,True,True,False,False,False,True,False,0.29203749472173757
CCCCCCCCCCCOP(=O)(O)OCC[N+](CCCCCCCCCC)(CCCCCCCCCC)CCCCCCCCCC,0.95,25.0,30.0,30.0,1.0,12.7073706,4.167236424976355,1.791759469228055,8.3669422311,5.9914645471,4.0,11,6.576717449186914,0.0,0,1,1,False,False,True,True,False,False,False,True,False,0.29203749472173757
CCCCCCCCCCCCOP(=O)(O)OCC[N+](CCCCCCCCCC)(CCCCCCCCCC)CCCCCCCCCC,0.95,25.0,30.0,30.0,1.0,12.95625883,4.186335514480425,1.791759469228055,8.3860406813,5.9914645471,4.0,12,6.596060529398137,0.0,0,1,1,False,False,True,True,False,False,False,True,False,0.29203749472173757
CCCCCCCCCCCCCOP(=O)(O)OCC[N+](CCCCCCCCCC)(CCCCCCCCCC)CCCCCCCCCC,0.95,25.0,30.0,30.0,1.0,13.20514707,4.205076655341212,1.791759469228055,8.4047812058,5.9914645471,4.0,13,6.61503654381289,0.0,0,1,1,False,False,True,True,False,False,False,True,False,0.29203749472173757
CCCCCCCCCCCCCCOP(=O)(O)OCC[N+](CCCCCCCCCC)(CCCCCCCCCC)CCCCCCCCCC,0.95,25.0,30.0,30.0,1.0,13.4540353,4.223473016749829,1.791759469228055,8.4231791713,5.9914645471,4.0,14,6.633659164698517,0.0,0,1,1,False,False,True,True,False,False,False,True,False,0.29203749472173757
CCCCCCCCCCCCCCCOP(=O)(O)OCC[N+](CCCCCCCCCC)(CCCCCCCCCC)CCCCCCCCCC,0.95,25.0,30.0,30.0,1.0,13.70292354,4.241537057073909,1.791759469228055,8.4412425996,5.9914645471,4.0,15,6.651941314381999,0.0,0,1,1,False,False,True,True,False,False,False,True,False,0.29203749472173757
CCCCCCCCCCCCCCCCOP(=O)(O)OCC[N+](CCCCCCCCCC)(CCCCCCCCCC)CCCCCCCCCC,0.95,25.0,30.0,30.0,1.0,13.95181177,4.259280568609575,1.791759469228055,8.4589855214,5.9914645471,4.0,16,6.669895219113443,0.0,0,1,1,False,False,True,True,False,False,False,True,False,0.29203749472173757
CCCCCCCCCCCC[N+](CCCCCCCCCCCC)(CCCCCCCCCCCC)CCOP(=O)(O)OCCCC,0.95,25.0,30.0,30.0,1.0,12.45848236,4.147765445187084,1.791759469228055,8.3474695467,5.9914645471,4.0,12,6.556992821795007,0.0,0,1,1,False,False,True,True,False,False,False,True,False,0.29203749472173757
CCCCCCCCCCCC[N+](CCCCCCCCCCCC)(CCCCCCCCCCCC)CCOP(=O)(O)OCCCCC,0.95,25.0,30.0,30.0,1.0,12.7073706,4.167236424976355,1.791759469228055,8.3669422311,5.9914645471,4.0,12,6.576717449186914,0.0,0,1,1,False,False,True,True,False,False,False,True,False,0.29203749472173757
CCCCCCCCCCCC[N+](CCCCCCCCCCCC)(CCCCCCCCCCCC)CCOP(=O)(O)OCCCCCC,0.95,25.0,30.0,30.0,1.0,12.95625883,4.186335514480425,1.791759469228055,8.3860406813,5.9914645471,4.0,12,6.596060529398139,0.0,0,1,1,False,False,True,True,False,False,False,True,False,0.29203749472173757
CCCCCCCCCCCC[N+](CCCCCCCCCCCC)(CCCCCCCCCCCC)CCOP(=O)(O)OCCCCCCC,0.95,25.0,30.0,30.0,1.0,13.20514707,4.205076655341212,1.791759469228055,8.4047812058,5.9914645471,4.0,12,6.615036543812891,0.0,0,1,1,False,False,True,True,False,False,False,True,False,0.29203749472173757
CCCCCCCCCCCC[N+](CCCCCCCCCCCC)(CCCCCCCCCCCC)CCOP(=O)(O)OCCCCCCCC,0.95,25.0,30.0,30.0,1.0,13.4540353,4.223473016749829,1.791759469228055,8.4231791713,5.9914645471,4.0,12,6.633659164698518,0.0,0,1,1,False,False,True,True,False,False,False,True,False,0.29203749472173757
CCCCCCCCCCCC[N+](CCCCCCCCCCCC)(CCCCCCCCCCCC)CCOP(=O)(O)OCCCCCCCCC,0.95,25.0,30.0,30.0,1.0,13.70292354,4.241537057073909,1.791759469228055,8.4412425996,5.9914645471,4.0,12,6.651941314382,0.0,0,1,1,False,False,True,True,False,False,False,True,False,0.29203749472173757
CCCCCCCCCCCC[N+](CCCCCCCCCCCC)(CCCCCCCCCCCC)CCOP(=O)(O)OCCCCCCCCCC,0.95,25.0,30.0,30.0,1.0,13.95181177,4.259280568609575,1.791759469228055,8.4589855214,5.9914645471,4.0,12,6.669895219113444,0.0,0,1,1,False,False,True,True,False,False,False,True,False,0.29203749472173757
CCCCCCCCCCCC[N+](CCCCCCCCCCCC)(CCCCCCCCCCCC)CCOP(=O)(O)OCCCCCCCCCCC,0.95,25.0,30.0,30.0,1.0,14.20070001,4.276714729640095,1.791759469228055,8.4764191124,5.9914645471,4.0,12,6.687532458178905,0.0,0,1,1,False,False,True,True,False,False,False,True,False,0.29203749472173757
CCCCCCCCCCCCOP(=O)(O)OCC[N+](CCCCCCCCCCCC)(CCCCCCCCCCCC)CCCCCCCCCCCC,0.95,25.0,30.0,30.0,1.0,14.44958824,4.293850141017541,1.791759469228055,8.4935560217,5.9914645471,4.0,12,6.704864008756646,0.0,0,1,1,False,False,True,True,False,False,False,True,False,0.29203749472173757
CCCCCCCCCCCCCOP(=O)(O)OCC[N+](CCCCCCCCCCCC)(CCCCCCCCCCCC)CCCCCCCCCCCC,0.95,25.0,30.0,30.0,1.0,14.69847648,4.310696870493231,1.791759469228055,8.5104021847,5.9914645471,4.0,13,6.7219002869519935,0.0,0,1,1,False,False,True,True,False,False,False,True,False,0.29203749472173757
CCCCCCCCCCCCCCOP(=O)(O)OCC[N+](CCCCCCCCCCCC)(CCCCCCCCCCCC)CCCCCCCCCCCC,0.95,25.0,30.0,30.0,1.0,14.94736471,4.327264482724372,1.791759469228055,8.5269692497,5.9914645471,4.0,14,6.738651185394904,0.0,0,1,1,False,False,True,True,False,False,False,True,False,0.29203749472173757
CCCCCCCCCCCCCCCOP(=O)(O)OCC[N+](CCCCCCCCCCCC)(CCCCCCCCCCCC)CCCCCCCCCCCC,0.95,25.0,30.0,30.0,1.0,15.19625295,4.343562077312738,1.791759469228055,8.5432663141,5.9914645471,4.0,15,6.755126107740088,0.0,0,1,1,False,False,True,True,False,False,False,True,False,0.29203749472173757
CCCCCCCCCCCCCCCCOP(=O)(O)OCC[N+](CCCCCCCCCCCC)(CCCCCCCCCCCC)CCCCCCCCCCCC,0.95,25.0,30.0,30.0,1.0,15.44514118,4.359598313483549,1.791759469228055,8.5593039551,5.9914645471,4.0,16,6.771334000370938,0.0,0,1,1,False,False,True,True,False,False,False,True,False,0.29203749472173757
CCCCOP(=O)(O)OCCNCCOCCOCCNCCOP(=O)(O)OCCCC,0.95,25.0,30.0,30.0,1.0,8.986556244,3.827179049955319,1.791759469228055,8.0268856253,5.9914645471,2.0,4,6.233402374365727,0.0,2,0,0,False,False,True,True,False,False,False,True,False,0.29203749472173757
CCCCOP(=O)(O)OCCN(C)CCN(CCN(C)CCOP(=O)(O)OCCCC)CCN(C)CCOP(=O)(O)OCCCC,0.95,25.0,30.0,30.0,1.0,12.87673241,4.180272411504766,1.791759469228055,8.3799773051,5.9914645471,3.0,4,6.592686935965254,0.0,4,0,0,False,False,True,True,False,False,False,True,False,0.29203749472173757
CCCCOP(=O)(O)OCCN(C)CC[N+](CCOP(=O)(O)OCCCC)(CCN(C)CCOP(=O)(O)OCCCC)CCN(C)CCOP(=O)(O)OCCCC,0.95,25.0,30.0,30.0,1.0,16.07304856,4.398948189192191,1.791759469228055,8.5986533556,5.9914645471,4.0,4,6.814418850049407,0.0,3,1,1,False,False,True,True,False,False,False,True,False,0.29203749472173757
CCCCCOP(=O)(O)OCCN(C)CC[N+](CCOP(=O)(O)OCCCCC)(CCN(C)CCOP(=O)(O)OCCCCC)CCN(C)CCOP(=O)(O)OCCCCC,0.95,25.0,30.0,30.0,1.0,17.06860151,4.458327823317267,1.791759469228055,8.6580328138,5.9914645471,4.0,5,6.874193324809109,0.0,3,1,1,False,False,True,True,False,False,False,True,False,0.29203749472173757
CCCCCCOP(=O)(O)OCCN(C)CC[N+](CCOP(=O)(O)OCCCCCC)(CCN(C)CCOP(=O)(O)OCCCCCC)CCN(C)CCOP(=O)(O)OCCCCCC,0.95,25.0,30.0,30.0,1.0,18.06415445,4.514378278152339,1.791759469228055,8.7140831124,5.9914645471,4.0,6,6.93059544514528,0.0,3,1,1,False,False,True,True,False,False,False,True,False,0.29203749472173757
CCCCCCCOP(=O)(O)OCCN(C)CC[N+](CCOP(=O)(O)OCCCCCCC)(CCN(C)CCOP(=O)(O)OCCCCCCC)CCN(C)CCOP(=O)(O)OCCCCCCC,0.95,25.0,30.0,30.0,1.0,19.05970739,4.567453126061464,1.791759469228055,8.7671578203,5.9914645471,4.0,7,6.983985497576959,0.0,3,1,1,False,False,True,True,False,False,False,True,False,0.29203749472173757
CCCCCCCCOP(=O)(O)OCCN(C)CC[N+](CCOP(=O)(O)OCCCCCCCC)(CCN(C)CCOP(=O)(O)OCCCCCCCC)CCN(C)CCOP(=O)(O)OCCCCCCCC,0.95,25.0,30.0,30.0,1.0,20.05526033,4.61785244163514,1.791759469228055,8.8175570095,5.9914645471,4.0,8,7.03466894769503,0.0,3,1,1,False,False,True,True,False,False,False,True,False,0.29203749472173757
CCCCCCCCCOP(=O)(O)OCCN(C)CC[N+](CCOP(=O)(O)OCCCCCCCCC)(CCN(C)CCOP(=O)(O)OCCCCCCCCC)CCN(C)CCOP(=O)(O)OCCCCCCCCC,0.95,25.0,30.0,30.0,1.0,21.05081327,4.665833078601602,1.791759469228055,8.8655375321,5.9914645471,4.0,9,7.082907027351765,0.0,3,1,1,False,False,True,True,False,False,False,True,False,0.29203749472173757
CCCCCCCCCCOP(=O)(O)OCCN(C)CC[N+](CCOP(=O)(O)OCCCCCCCCCC)(CCN(C)CCOP(=O)(O)OCCCCCCCCCC)CCN(C)CCOP(=O)(O)OCCCCCCCCCC,0.95,25.0,30.0,30.0,1.0,22.04636621,4.711616591304279,1.791759469228055,8.9113222891,5.9914645471,4.0,10,7.128924883344332,0.0,3,1,1,False,False,True,True,False,False,False,True,False,0.29203749472173757
CCCCCCCCCCCOP(=O)(O)OCCN(C)CC[N+](CCOP(=O)(O)OCCCCCCCCCCC)(CCN(C)CCOP(=O)(O)OCCCCCCCCCCC)CCN(C)CCOP(=O)(O)OCCCCCCCCCCC,0.95,25.0,30.0,30.0,1.0,23.04191915,4.755395420612434,1.791759469228055,8.9551009653,5.9914645471,4.0,11,7.172917931997792,0.0,3,1,1,False,False,True,True,False,False,False,True,False,0.29203749472173757
CCCCCCCCCCCCOP(=O)(O)OCCN(C)CC[N+](CCOP(=O)(O)OCCCCCCCCCCCC)(CCN(C)CCOP(=O)(O)OCCCCCCCCCCCC)CCN(C)CCOP(=O)(O)OCCCCCCCCCCCC,0.95,25.0,30.0,30.0,1.0,24.03747209,4.797337781480805,1.791759469228055,8.9970431857,5.9914645471,4.0,12,7.215056873732106,0.0,3,1,1,False,False,True,True,False,False,False,True,False,0.29203749472173757
CCCCCCCCCCCCCOP(=O)(O)OCCN(C)CC[N+](CCOP(=O)(O)OCCCCCCCCCCCCC)(CCN(C)CCOP(=O)(O)OCCCCCCCCCCCCC)CCN(C)CCOP(=O)(O)OCCCCCCCCCCCCC,0.95,25.0,30.0,30.0,1.0,25.03302503,4.8375915660369975,1.791759469228055,9.0372968409,5.9914645471,4.0,13,7.255491693024433,0.0,3,1,1,False,False,True,True,False,False,False,True,False,0.29203749472173757
CCCCCCCCCCCCCCOP(=O)(O)OCCN(C)CC[N+](CCOP(=O)(O)OCCCCCCCCCCCCCC)(CCN(C)CCOP(=O)(O)OCCCCCCCCCCCCCC)CCN(C)CCOP(=O)(O)OCCCCCCCCCCCCCC,0.95,25.0,30.0,30.0,1.0,26.02857797,4.876287490966018,1.791759469228055,9.0759926463,5.9914645471,4.0,14,7.294354880559263,0.0,3,1,1,False,False,True,True,False,False,False,True,False,0.29203749472173757
CCCCCCCCCCCCCCCOP(=O)(O)OCCN(C)CC[N+](CCOP(=O)(O)OCCCCCCCCCCCCCCC)(CCN(C)CCOP(=O)(O)OCCCCCCCCCCCCCCC)CCN(C)CCOP(=O)(O)OCCCCCCCCCCCCCCC,0.95,25.0,30.0,30.0,1.0,27.02413091,4.913541658245887,1.791759469228055,9.1132467027,5.9914645471,4.0,15,7.331764052291531,0.0,3,1,1,False,False,True,True,False,False,False,True,False,0.29203749472173757
CCCCCCCCCCCCCCCCOP(=O)(O)OCCN(C)CC[N+](CCOP(=O)(O)OCCCCCCCCCCCCCCCC)(CCN(C)CCOP(=O)(O)OCCCCCCCCCCCCCCCC)CCN(C)CCOP(=O)(O)OCCCCCCCCCCCCCCCC,0.95,25.0,30.0,30.0,1.0,28.01968385,4.94945765574853,1.791759469228055,9.1491625972,5.9914645471,4.0,16,7.367824096004291,0.0,3,1,1,False,False,True,True,False,False,False,True,False,0.29203749472173757
