smiles,actual,predicted
C(C(=O)O)N,0.0369206847944442,-0.3589025010800589
C=CC(=O)O,-0.8424444584671925,-0.1573195987509062
C1=CN=CN1,1.630403767586188,0.8555463398583173
CCC(C)C,0.2920186139591923,-0.9730814452501187
CC(=O)OC(C)=O,-0.692823467854484,0.6337572052227677
