smiles,actual,predicted
C(C(=O)O)N,0.0369206847944442,-0.431118579135848
C=CC(=O)O,-0.8424444584671925,-0.1643910108850837
C1=CN=CN1,1.630403767586188,0.3008855555818271
CCC(C)C,0.2920186139591923,-0.3510700665714981
CC(=O)OC(C)=O,-0.692823467854484,0.6456941010106023
