IL_SMILES,quantified_toxicity,Ionizable_Lipid_Mol_Ratio,Helper_Lipid_Mol_Ratio,Cholesterol_Mol_Ratio,PEG_Lipid_Mol_Ratio,Ionizable_Lipid_to_mRNA_weight_ratio,lnLipid/Cells,lnNA/Cells,lnLipid_concentration,lnNA_concentration,Num_tails,Num_carbon_in_tail,lnMolWt,num_unsaturated_cc_bonds,num_protonatable_nitrogens,num_permanent_cationic_N,formal_net_charge,Helper_lipid_ID_DOPE,Helper_lipid_ID_DSPC,Helper_lipid_ID_MDOA,Cargo_type_mRNA,Cargo_type_siRNA,Model_type_HeLa,Model_type_HepG2,Model_type_IGROV1,Model_type_MDA_MB,Sample_weight
CCCCCCC(=O)Oc1cc(CNCCN(C)CCN)cc(OC(=O)CCCCCC)c1,1.0,35.0,16.0,46.5,2.5,10.0,3.044522437723423,1.0986122886681098,6.9565454432,5.0106352941,2.0,7,6.141312411659964,0.0,3,0,0,True,False,False,True,False,True,False,False,False,0.23741686966799405
CCCCC(C)C(=O)Oc1cc(CNCCN(C)CCN)cc(OC(=O)C(C)CCCC)c1,1.0,35.0,16.0,46.5,2.5,10.0,3.044522437723423,1.0986122886681098,6.9565454432,5.0106352941,2.0,6,6.141312411659964,0.0,3,0,0,True,False,False,True,False,True,False,False,False,0.23741686966799405
CCCCCCCC(=O)Oc1cc(CNCCN(C)CCN)cc(OC(=O)CCCCCCC)c1,1.0,35.0,16.0,46.5,2.5,10.0,3.044522437723423,1.0986122886681098,6.9565454432,5.0106352941,2.0,8,6.199934972709498,0.0,3,0,0,True,False,False,True,False,True,False,False,False,0.23741686966799405
CCCCCC(C)C(=O)Oc1cc(CNCCN(C)CCN)cc(OC(=O)C(C)CCCCC)c1,0.98503,35.0,16.0,46.5,2.5,10.0,3.044522437723423,1.0986122886681098,6.9565454432,5.0106352941,2.0,7,6.199934972709498,0.0,3,0,0,True,False,False,True,False,True,False,False,False,0.5258198649863203
CCCCCCCCC(=O)Oc1cc(CNCCN(C)CCN)cc(OC(=O)CCCCCCCC)c1,1.0,35.0,16.0,46.5,2.5,10.0,3.044522437723423,1.0986122886681098,6.9565454432,5.0106352941,2.0,9,6.255310405780225,0.0,3,0,0,True,False,False,True,False,True,False,False,False,0.23741686966799405
CCCCC(C)CCC(=O)Oc1cc(CNCCN(C)CCN)cc(OC(=O)CCC(C)CCC)c1,0.99583,35.0,16.0,46.5,2.5,10.0,3.044522437723423,1.0986122886681098,6.9565454432,5.0106352941,2.0,8,6.2280059451041465,0.0,3,0,0,True,False,False,True,False,True,False,False,False,0.25555479666831005
CCCCCCCCCC(=O)Oc1cc(CNCCN(C)CCN)cc(OC(=O)CCCCCCCCC)c1,1.0,35.0,16.0,46.5,2.5,10.0,3.044522437723423,1.0986122886681098,6.9565454432,5.0106352941,2.0,10,6.307779629309987,0.0,3,0,0,True,False,False,True,False,True,False,False,False,0.23741686966799405
CCCCCC(C)CCC(=O)Oc1cc(CNCCN(C)CCN)cc(OC(=O)CCC(C)CCCCC)c1,1.0,35.0,16.0,46.5,2.5,10.0,3.044522437723423,1.0986122886681098,6.9565454432,5.0106352941,2.0,9,6.307779629309987,0.0,3,0,0,True,False,False,True,False,True,False,False,False,0.23741686966799405
CCCCCCC(=O)Oc1cc(CNCCCN(C)CCCN)cc(OC(=O)CCCCCC)c1,1.0,35.0,16.0,46.5,2.5,10.0,3.044522437723423,1.0986122886681098,6.9565454432,5.0106352941,2.0,7,6.199934972709498,0.0,3,0,0,True,False,False,True,False,True,False,False,False,0.23741686966799405
CCCCC(C)C(=O)Oc1cc(CNCCCN(C)CCCN)cc(OC(=O)C(C)CCCC)c1,1.0,35.0,16.0,46.5,2.5,10.0,3.044522437723423,1.0986122886681098,6.9565454432,5.0106352941,2.0,6,6.199934972709498,0.0,3,0,0,True,False,False,True,False,True,False,False,False,0.23741686966799405
CCCCCCCC(=O)Oc1cc(CNCCCN(C)CCCN)cc(OC(=O)CCCCCCC)c1,0.99427,35.0,16.0,46.5,2.5,10.0,3.044522437723423,1.0986122886681098,6.9565454432,5.0106352941,2.0,8,6.255310405780225,0.0,3,0,0,True,False,False,True,False,True,False,False,False,0.2724517214205728
CCCCCC(C)C(=O)Oc1cc(CNCCCN(C)CCCN)cc(OC(=O)C(C)CCCCC)c1,0.9853,35.0,16.0,46.5,2.5,10.0,3.044522437723423,1.0986122886681098,6.9565454432,5.0106352941,2.0,7,6.255310405780225,0.0,3,0,0,True,False,False,True,False,True,False,False,False,0.5145358494679465
CCCCCCCCC(=O)Oc1cc(CNCCCN(C)CCCN)cc(OC(=O)CCCCCCCC)c1,0.9537,35.0,16.0,46.5,2.5,10.0,3.044522437723423,1.0986122886681098,6.9565454432,5.0106352941,2.0,9,6.307779629309987,0.0,3,0,0,True,False,False,True,False,True,False,False,False,0.17803019284732013
CCCCC(C)CCC(=O)Oc1cc(CNCCCN(C)CCCN)cc(OC(=O)CCC(C)CCC)c1,0.9694,35.0,16.0,46.5,2.5,10.0,3.044522437723423,1.0986122886681098,6.9565454432,5.0106352941,2.0,8,6.281889105505015,0.0,3,0,0,True,False,False,True,False,True,False,False,False,0.6160640686709984
CCCCCCCCCC(=O)Oc1cc(CNCCCN(C)CCCN)cc(OC(=O)CCCCCCCCC)c1,1.0,35.0,16.0,46.5,2.5,10.0,3.044522437723423,1.0986122886681098,6.9565454432,5.0106352941,2.0,10,6.357632539144237,0.0,3,0,0,True,False,False,True,False,True,False,False,False,0.23741686966799405
CCCCCC(C)CCC(=O)Oc1cc(CNCCCN(C)CCCN)cc(OC(=O)CCC(C)CCCCC)c1,1.0,35.0,16.0,46.5,2.5,10.0,3.044522437723423,1.0986122886681098,6.9565454432,5.0106352941,2.0,9,6.3576325391442365,0.0,3,0,0,True,False,False,True,False,True,False,False,False,0.23741686966799405
CCCCCCC(=O)Oc1cc(CNCCN2CCN(CCN)CC2)cc(OC(=O)CCCCCC)c1,1.0,35.0,16.0,46.5,2.5,10.0,3.044522437723423,1.0986122886681098,6.9565454432,5.0106352941,2.0,7,6.253334458633961,0.0,4,0,0,True,False,False,True,False,True,False,False,False,0.23741686966799405
CCCCC(C)C(=O)Oc1cc(CNCCN2CCN(CCN)CC2)cc(OC(=O)C(C)CCCC)c1,1.0,35.0,16.0,46.5,2.5,10.0,3.044522437723423,1.0986122886681098,6.9565454432,5.0106352941,2.0,6,6.253334458633961,0.0,4,0,0,True,False,False,True,False,True,False,False,False,0.23741686966799405
CCCCCCCC(=O)Oc1cc(CNCCN2CCN(CCN)CC2)cc(OC(=O)CCCCCCC)c1,0.99713,35.0,16.0,46.5,2.5,10.0,3.044522437723423,1.0986122886681098,6.9565454432,5.0106352941,2.0,8,6.305904780362723,0.0,4,0,0,True,False,False,True,False,True,False,False,False,0.24589039124225837
CCCCCC(C)C(=O)Oc1cc(CNCCN2CCN(CCN)CC2)cc(OC(=O)C(C)CCCCC)c1,0.9782,35.0,16.0,46.5,2.5,10.0,3.044522437723423,1.0986122886681098,6.9565454432,5.0106352941,2.0,7,6.305904780362723,0.0,4,0,0,True,False,False,True,False,True,False,False,False,0.7858857214460623
CCCCC(CC)C(=O)Oc1cc(CNCCN2CCN(CCN)CC2)cc(OC(=O)C(CC)CCCC)c1,1.0,35.0,16.0,46.5,2.5,10.0,3.044522437723423,1.0986122886681098,6.9565454432,5.0106352941,2.0,7,6.305904780362723,0.0,4,0,0,True,False,False,True,False,True,False,False,False,0.23741686966799405
CCCCCCCCC(=O)Oc1cc(CNCCN2CCN(CCN)CC2)cc(OC(=O)CCCCCCCC)c1,1.0,35.0,16.0,46.5,2.5,10.0,3.044522437723423,1.0986122886681098,6.9565454432,5.0106352941,2.0,9,6.35584894667675,0.0,4,0,0,True,False,False,True,False,True,False,False,False,0.23741686966799405
CCCCC(C)CCC(=O)Oc1cc(CNCCN2CCN(CCN)CC2)cc(OC(=O)CCC(C)CCC)c1,0.9689,35.0,16.0,46.5,2.5,10.0,3.044522437723423,1.0986122886681098,6.9565454432,5.0106352941,2.0,8,6.331188633586798,0.0,4,0,0,True,False,False,True,False,True,False,False,False,0.5918005198652845
CCCCCCCCCC(=O)Oc1cc(CNCCN2CCN(CCN)CC2)cc(OC(=O)CCCCCCCCC)c1,0.94443,35.0,16.0,46.5,2.5,10.0,3.044522437723423,1.0986122886681098,6.9565454432,5.0106352941,2.0,10,6.403416900796057,0.0,4,0,0,True,False,False,True,False,True,False,False,False,0.19461832218633482
CCCCCC(C)CCC(=O)Oc1cc(CNCCN2CCN(CCN)CC2)cc(OC(=O)CCC(C)CCCCC)c1,0.97023,35.0,16.0,46.5,2.5,10.0,3.044522437723423,1.0986122886681098,6.9565454432,5.0106352941,2.0,9,6.403416900796057,0.0,4,0,0,True,False,False,True,False,True,False,False,False,0.6553420689452435
CCCCC(CC)CCC(=O)Oc1cc(CNCCN2CCN(CCN)CC2)cc(OC(=O)CCC(CC)CCCC)c1,0.92613,35.0,16.0,46.5,2.5,10.0,3.044522437723423,1.0986122886681098,6.9565454432,5.0106352941,2.0,8,6.403416900796057,0.0,4,0,0,True,False,False,True,False,True,False,False,False,1.090569139504209
CCCCC(C)C(=O)Oc1cc(OC(=O)C(C)CCCC)c(CNCCN2CCN(CCN)CC2)c(OC(=O)C(C)CCCC)c1,0.90517,35.0,16.0,46.5,2.5,10.0,3.044522437723423,1.0986122886681098,6.9565454432,5.0106352941,3.0,6,6.473757971495338,0.0,4,0,0,True,False,False,True,False,True,False,False,False,1.8501084321569221
CCCCCC(C)C(=O)Oc1cc(OC(=O)C(C)CCCCC)c(CNCCN2CCN(CCN)CC2)c(OC(=O)C(C)CCCCC)c1,0.92677,35.0,16.0,46.5,2.5,10.0,3.044522437723423,1.0986122886681098,6.9565454432,5.0106352941,3.0,7,6.536684351188239,0.0,4,0,0,True,False,False,True,False,True,False,False,False,1.043269992129331
CCCCC(CC)C(=O)Oc1cc(OC(=O)C(CC)CCCC)c(CNCCN2CCN(CCN)CC2)c(OC(=O)C(CC)CCCC)c1,0.9388,35.0,16.0,46.5,2.5,10.0,3.044522437723423,1.0986122886681098,6.9565454432,5.0106352941,3.0,7,6.536684351188239,0.0,4,0,0,True,False,False,True,False,True,False,False,False,0.29832341600111495
CCCCC(C)CCC(=O)Oc1cc(OC(=O)CCC(C)CCCC)c(CNCCN2CCN(CCN)CC2)c(OC(=O)CCC(C)CCCC)c1,0.93083,35.0,16.0,46.5,2.5,10.0,3.044522437723423,1.0986122886681098,6.9565454432,5.0106352941,3.0,8,6.595884333708467,0.0,4,0,0,True,False,False,True,False,True,False,False,False,0.7194124206212058
CCCCCCC(=O)Oc1cc(CNCCCN2CCN(CCCN)CC2)cc(OC(=O)CCCCCC)c1,0.89563,35.0,16.0,46.5,2.5,10.0,3.044522437723423,1.0986122886681098,6.9565454432,5.0106352941,2.0,7,6.305904780362723,0.0,4,0,0,True,False,False,True,False,True,False,False,False,2.523784016730929
CCCCC(C)C(=O)Oc1cc(CNCCCN2CCN(CCCN)CC2)cc(OC(=O)C(C)CCCC)c1,0.9692,35.0,16.0,46.5,2.5,10.0,3.044522437723423,1.0986122886681098,6.9565454432,5.0106352941,2.0,6,6.305904780362723,0.0,4,0,0,True,False,False,True,False,True,False,False,False,0.6063925066762474
CCCCCCCC(=O)Oc1cc(CNCCCN2CCN(CCCN)CC2)cc(OC(=O)CCCCCCC)c1,0.91767,35.0,16.0,46.5,2.5,10.0,3.044522437723423,1.0986122886681098,6.9565454432,5.0106352941,2.0,8,6.35584894667675,0.0,4,0,0,True,False,False,True,False,True,False,False,False,1.461717150003873
CCCCCC(C)C(=O)Oc1cc(CNCCCN2CCN(CCCN)CC2)cc(OC(=O)C(C)CCCCC)c1,1.0,35.0,16.0,46.5,2.5,10.0,3.044522437723423,1.0986122886681098,6.9565454432,5.0106352941,2.0,7,6.35584894667675,0.0,4,0,0,True,False,False,True,False,True,False,False,False,0.23741686966799405
CCCCC(CC)C(=O)Oc1cc(CNCCCN2CCN(CCCN)CC2)cc(OC(=O)C(CC)CCCC)c1,1.0,35.0,16.0,46.5,2.5,10.0,3.044522437723423,1.0986122886681098,6.9565454432,5.0106352941,2.0,7,6.35584894667675,0.0,4,0,0,True,False,False,True,False,True,False,False,False,0.23741686966799405
CCCCCCCCC(=O)Oc1cc(CNCCCN2CCN(CCCN)CC2)cc(OC(=O)CCCCCCCC)c1,0.97487,35.0,16.0,46.5,2.5,10.0,3.044522437723423,1.0986122886681098,6.9565454432,5.0106352941,2.0,9,6.403416900796057,0.0,4,0,0,True,False,False,True,False,True,False,False,False,0.8027185150287515
CCCCC(C)CCC(=O)Oc1cc(CNCCCN2CCN(CCCN)CC2)cc(OC(=O)CCC(C)CCC)c1,0.96907,35.0,16.0,46.5,2.5,10.0,3.044522437723423,1.0986122886681098,6.9565454432,5.0106352941,2.0,8,6.379915735856887,0.0,4,0,0,True,False,False,True,False,True,False,False,False,0.6000794390838302
CCCCCCCCCC(=O)Oc1cc(CNCCCN2CCN(CCCN)CC2)cc(OC(=O)CCCCCCCCC)c1,1.0,35.0,16.0,46.5,2.5,10.0,3.044522437723423,1.0986122886681098,6.9565454432,5.0106352941,2.0,10,6.448824518624765,0.0,4,0,0,True,False,False,True,False,True,False,False,False,0.23741686966799405
CCCCCC(C)CCC(=O)Oc1cc(CNCCCN2CCN(CCCN)CC2)cc(OC(=O)CCC(C)CCCCC)c1,0.92323,35.0,16.0,46.5,2.5,10.0,3.044522437723423,1.0986122886681098,6.9565454432,5.0106352941,2.0,9,6.448824518624765,0.0,4,0,0,True,False,False,True,False,True,False,False,False,1.268924743797326
CCCCC(CC)CCC(=O)Oc1cc(CNCCCN2CCN(CCCN)CC2)cc(OC(=O)CCC(CC)CCCC)c1,1.0,35.0,16.0,46.5,2.5,10.0,3.044522437723423,1.0986122886681098,6.9565454432,5.0106352941,2.0,8,6.448824518624765,0.0,4,0,0,True,False,False,True,False,True,False,False,False,0.23741686966799405
CCCCC(C)C(=O)Oc1cc(OC(=O)C(C)CCCC)c(CNCCCN2CCN(CCCN)CC2)c(OC(=O)C(C)CCCC)c1,0.99207,35.0,16.0,46.5,2.5,10.0,3.044522437723423,1.0986122886681098,6.9565454432,5.0106352941,3.0,6,6.516145737644414,0.0,4,0,0,True,False,False,True,False,True,False,False,False,0.30737683262186766
CCCCCC(C)C(=O)Oc1cc(OC(=O)C(C)CCCCC)c(CNCCCN2CCN(CCCN)CC2)c(OC(=O)C(C)CCCCC)c1,1.0,35.0,16.0,46.5,2.5,10.0,3.044522437723423,1.0986122886681098,6.9565454432,5.0106352941,3.0,7,6.57653781184498,0.0,4,0,0,True,False,False,True,False,True,False,False,False,0.23741686966799405
CCCCCCC(=O)Oc1cc(CNCCN(C)C)cc(OC(=O)CCCCCC)c1,1.0,35.0,16.0,46.5,2.5,10.0,3.044522437723423,1.0986122886681098,6.9565454432,5.0106352941,2.0,7,6.076772599263164,0.0,2,0,0,True,False,False,True,False,True,False,False,False,0.23741686966799405
CCCCC(C)C(=O)Oc1cc(CNCCN(C)C)cc(OC(=O)C(C)CCCC)c1,1.0,35.0,16.0,46.5,2.5,10.0,3.044522437723423,1.0986122886681098,6.9565454432,5.0106352941,2.0,6,6.076772599263163,0.0,2,0,0,True,False,False,True,False,True,False,False,False,0.23741686966799405
CCCCCCCC(=O)Oc1cc(CNCCN(C)C)cc(OC(=O)CCCCCCC)c1,1.0,35.0,16.0,46.5,2.5,10.0,3.044522437723423,1.0986122886681098,6.9565454432,5.0106352941,2.0,8,6.139183875775352,0.0,2,0,0,True,False,False,True,False,True,False,False,False,0.23741686966799405
CCCCCC(C)C(=O)Oc1cc(CNCCN(C)C)cc(OC(=O)C(C)CCCCC)c1,1.0,35.0,16.0,46.5,2.5,10.0,3.044522437723423,1.0986122886681098,6.9565454432,5.0106352941,2.0,7,6.139183875775351,0.0,2,0,0,True,False,False,True,False,True,False,False,False,0.23741686966799405
CCCCCCCCC(=O)Oc1cc(CNCCN(C)C)cc(OC(=O)CCCCCCCC)c1,0.9657,35.0,16.0,46.5,2.5,10.0,3.044522437723423,1.0986122886681098,6.9565454432,5.0106352941,2.0,9,6.197927751730966,0.0,2,0,0,True,False,False,True,False,True,False,False,False,0.4412717113018316
CCCCC(C)CCC(=O)Oc1cc(CNCCN(C)C)cc(OC(=O)CCC(C)CCC)c1,0.92567,35.0,16.0,46.5,2.5,10.0,3.044522437723423,1.0986122886681098,6.9565454432,5.0106352941,2.0,8,6.168987107115225,0.0,2,0,0,True,False,False,True,False,True,False,False,False,1.1229997570711674
CCCCCCCCCC(=O)Oc1cc(CNCCN(C)C)cc(OC(=O)CCCCCCCCC)c1,1.0,35.0,16.0,46.5,2.5,10.0,3.044522437723423,1.0986122886681098,6.9565454432,5.0106352941,2.0,10,6.25341141678608,0.0,2,0,0,True,False,False,True,False,True,False,False,False,0.23741686966799405
CCCCCC(C)CCC(=O)Oc1cc(CNCCN(C)C)cc(OC(=O)CCC(C)CCCCC)c1,0.9312,35.0,16.0,46.5,2.5,10.0,3.044522437723423,1.0986122886681098,6.9565454432,5.0106352941,2.0,9,6.253411416786079,0.0,2,0,0,True,False,False,True,False,True,False,False,False,0.6911365776148338
CCCCC(CC)CCC(=O)Oc1cc(CNCCN(C)C)cc(OC(=O)CCC(CC)CCCC)c1,0.96303,35.0,16.0,46.5,2.5,10.0,3.044522437723423,1.0986122886681098,6.9565454432,5.0106352941,2.0,8,6.253411416786079,0.0,2,0,0,True,False,False,True,False,True,False,False,False,0.33974463874911137
CCCCC(C)CCC(=O)Oc1cc(OC(=O)CCC(C)CCCC)c(CNCCN(C)C)c(OC(=O)CCC(C)CCCC)c1,0.95127,35.0,16.0,46.5,2.5,10.0,3.044522437723423,1.0986122886681098,6.9565454432,5.0106352941,3.0,8,6.473819706178211,0.0,2,0,0,True,False,False,True,False,True,False,False,False,0.1687187371255738
CCCCCCC(=O)Oc1cc(CNCCCN(C)C)cc(OC(=O)CCCCCC)c1,1.0,35.0,16.0,46.5,2.5,10.0,3.044522437723423,1.0986122886681098,6.9565454432,5.0106352941,2.0,7,6.108465054446708,0.0,2,0,0,True,False,False,True,False,True,False,False,False,0.23741686966799405
CCCCC(C)C(=O)Oc1cc(CNCCCN(C)C)cc(OC(=O)C(C)CCCC)c1,0.9604,35.0,16.0,46.5,2.5,10.0,3.044522437723423,1.0986122886681098,6.9565454432,5.0106352941,2.0,6,6.108465054446707,0.0,2,0,0,True,False,False,True,False,True,False,False,False,0.2673592662715342
CCCCCCCC(=O)Oc1cc(CNCCCN(C)C)cc(OC(=O)CCCCCCC)c1,0.98037,35.0,16.0,46.5,2.5,10.0,3.044522437723423,1.0986122886681098,6.9565454432,5.0106352941,2.0,8,6.168987107115225,0.0,2,0,0,True,False,False,True,False,True,False,False,False,0.7221770470593343
CCCCCCCCC(=O)Oc1cc(CNCCCN(C)C)cc(OC(=O)CCCCCCCC)c1,0.93483,35.0,16.0,46.5,2.5,10.0,3.044522437723423,1.0986122886681098,6.9565454432,5.0106352941,2.0,9,6.226054339546441,0.0,2,0,0,True,False,False,True,False,True,False,False,False,0.45689077243220977
CCCCC(C)CCC(=O)Oc1cc(CNCCCN(C)C)cc(OC(=O)CCC(C)CCC)c1,0.9143,35.0,16.0,46.5,2.5,10.0,3.044522437723423,1.0986122886681098,6.9565454432,5.0106352941,2.0,8,6.197927751730966,0.0,2,0,0,True,False,False,True,False,True,False,False,False,1.5421728688054608
CCCCCCCCCC(=O)Oc1cc(CNCCCN(C)C)cc(OC(=O)CCCCCCCCC)c1,0.992,35.0,16.0,46.5,2.5,10.0,3.044522437723423,1.0986122886681098,6.9565454432,5.0106352941,2.0,10,6.280039970403045,0.0,2,0,0,True,False,False,True,False,True,False,False,False,0.3087226464433864
CCCCCC(C)CCC(=O)Oc1cc(CNCCCN(C)C)cc(OC(=O)CCC(C)CCCCC)c1,1.0,35.0,16.0,46.5,2.5,10.0,3.044522437723423,1.0986122886681098,6.9565454432,5.0106352941,2.0,9,6.280039970403045,0.0,2,0,0,True,False,False,True,False,True,False,False,False,0.23741686966799405
CCCCCCC(=O)Oc1cc(CNCCN(CC)CC)cc(OC(=O)CCCCCC)c1,1.0,35.0,16.0,46.5,2.5,10.0,3.044522437723423,1.0986122886681098,6.9565454432,5.0106352941,2.0,7,6.139183875775352,0.0,2,0,0,True,False,False,True,False,True,False,False,False,0.23741686966799405
CCCCC(C)C(=O)Oc1cc(CNCCN(CC)CC)cc(OC(=O)C(C)CCCC)c1,0.96347,35.0,16.0,46.5,2.5,10.0,3.044522437723423,1.0986122886681098,6.9565454432,5.0106352941,2.0,6,6.139183875775351,0.0,2,0,0,True,False,False,True,False,True,False,False,False,0.3545091960075647
CCCCCCCC(=O)Oc1cc(CNCCN(CC)CC)cc(OC(=O)CCCCCCC)c1,0.97193,35.0,16.0,46.5,2.5,10.0,3.044522437723423,1.0986122886681098,6.9565454432,5.0106352941,2.0,8,6.197927751730966,0.0,2,0,0,True,False,False,True,False,True,False,False,False,0.7274457458133798
CCCCCC(C)C(=O)Oc1cc(CNCCN(CC)CC)cc(OC(=O)C(C)CCCCC)c1,0.93583,35.0,16.0,46.5,2.5,10.0,3.044522437723423,1.0986122886681098,6.9565454432,5.0106352941,2.0,7,6.197927751730966,0.0,2,0,0,True,False,False,True,False,True,False,False,False,0.4079025930806126
CCCCC(CC)C(=O)Oc1cc(CNCCN(CC)CC)cc(OC(=O)C(CC)CCCC)c1,1.0,35.0,16.0,46.5,2.5,10.0,3.044522437723423,1.0986122886681098,6.9565454432,5.0106352941,2.0,7,6.197927751730966,0.0,2,0,0,True,False,False,True,False,True,False,False,False,0.23741686966799405
CCCCCCCCC(=O)Oc1cc(CNCCN(CC)CC)cc(OC(=O)CCCCCCCC)c1,1.0,35.0,16.0,46.5,2.5,10.0,3.044522437723423,1.0986122886681098,6.9565454432,5.0106352941,2.0,9,6.25341141678608,0.0,2,0,0,True,False,False,True,False,True,False,False,False,0.23741686966799405
CCCCC(C)CCC(=O)Oc1cc(CNCCN(CC)CC)cc(OC(=O)CCC(C)CCC)c1,0.93537,35.0,16.0,46.5,2.5,10.0,3.044522437723423,1.0986122886681098,6.9565454432,5.0106352941,2.0,8,6.226054339546441,0.0,2,0,0,True,False,False,True,False,True,False,False,False,0.4296096881436412
CCCCCCCCCC(=O)Oc1cc(CNCCN(CC)CC)cc(OC(=O)CCCCCCCCC)c1,0.93947,35.0,16.0,46.5,2.5,10.0,3.044522437723423,1.0986122886681098,6.9565454432,5.0106352941,2.0,10,6.3059777974469275,0.0,2,0,0,True,False,False,True,False,True,False,False,False,0.27994562015522445
CCCCCC(C)CCC(=O)Oc1cc(CNCCN(CC)CC)cc(OC(=O)CCC(C)CCCCC)c1,0.97627,35.0,16.0,46.5,2.5,10.0,3.044522437723423,1.0986122886681098,6.9565454432,5.0106352941,2.0,9,6.3059777974469275,0.0,2,0,0,True,False,False,True,False,True,False,False,False,0.8092020887008964
CCCCC(CC)CCC(=O)Oc1cc(CNCCN(CC)CC)cc(OC(=O)CCC(CC)CCCC)c1,0.96843,35.0,16.0,46.5,2.5,10.0,3.044522437723423,1.0986122886681098,6.9565454432,5.0106352941,2.0,8,6.3059777974469275,0.0,2,0,0,True,False,False,True,False,True,False,False,False,0.5688459064121009
CCCCC(C)CCC(=O)Oc1cc(OC(=O)CCC(C)CCCC)c(CNCCN(CC)CC)c(OC(=O)CCC(C)CCCC)c1,0.98057,35.0,16.0,46.5,2.5,10.0,3.044522437723423,1.0986122886681098,6.9565454432,5.0106352941,3.0,8,6.5162049102924655,0.0,2,0,0,True,False,False,True,False,True,False,False,False,0.7147970066738571
CCCCC(CC)CCC(=O)Oc1cc(OC(=O)CCC(CC)CCCC)c(CNCCN(CC)CC)c(OC(=O)CCC(CC)CCCC)c1,0.98277,35.0,16.0,46.5,2.5,10.0,3.044522437723423,1.0986122886681098,6.9565454432,5.0106352941,3.0,8,6.576593516798139,0.0,2,0,0,True,False,False,True,False,True,False,False,False,0.6240018275423401
CCCCCCC(=O)Oc1cc(CNCCCN(CC)CC)cc(OC(=O)CCCCCC)c1,1.0,35.0,16.0,46.5,2.5,10.0,3.044522437723423,1.0986122886681098,6.9565454432,5.0106352941,2.0,7,6.168987107115225,0.0,2,0,0,True,False,False,True,False,True,False,False,False,0.23741686966799405
CCCCC(C)C(=O)Oc1cc(CNCCCN(CC)CC)cc(OC(=O)C(C)CCCC)c1,0.97423,35.0,16.0,46.5,2.5,10.0,3.044522437723423,1.0986122886681098,6.9565454432,5.0106352941,2.0,6,6.168987107115225,0.0,2,0,0,True,False,False,True,False,True,False,False,False,0.7930883302379389
CCCCCCCC(=O)Oc1cc(CNCCCN(CC)CC)cc(OC(=O)CCCCCCC)c1,0.98233,35.0,16.0,46.5,2.5,10.0,3.044522437723423,1.0986122886681098,6.9565454432,5.0106352941,2.0,8,6.226054339546441,0.0,2,0,0,True,False,False,True,False,True,False,False,False,0.6431094638089434
CCCCCC(C)C(=O)Oc1cc(CNCCCN(CC)CC)cc(OC(=O)C(C)CCCCC)c1,1.0,35.0,16.0,46.5,2.5,10.0,3.044522437723423,1.0986122886681098,6.9565454432,5.0106352941,2.0,7,6.226054339546441,0.0,2,0,0,True,False,False,True,False,True,False,False,False,0.23741686966799405
CCCCCCCCC(=O)Oc1cc(CNCCCN(CC)CC)cc(OC(=O)CCCCCCCC)c1,1.0,35.0,16.0,46.5,2.5,10.0,3.044522437723423,1.0986122886681098,6.9565454432,5.0106352941,2.0,9,6.280039970403045,0.0,2,0,0,True,False,False,True,False,True,False,False,False,0.23741686966799405
CCCCC(C)CCC(=O)Oc1cc(CNCCCN(CC)CC)cc(OC(=O)CCC(C)CCC)c1,1.0,35.0,16.0,46.5,2.5,10.0,3.044522437723423,1.0986122886681098,6.9565454432,5.0106352941,2.0,8,6.253411416786079,0.0,2,0,0,True,False,False,True,False,True,False,False,False,0.23741686966799405
CCCCCCCCCC(=O)Oc1cc(CNCCCN(CC)CC)cc(OC(=O)CCCCCCCCC)c1,1.0,35.0,16.0,46.5,2.5,10.0,3.044522437723423,1.0986122886681098,6.9565454432,5.0106352941,2.0,10,6.331259827726127,0.0,2,0,0,True,False,False,True,False,True,False,False,False,0.23741686966799405
CCCCCC(C)CCC(=O)Oc1cc(CNCCCN(CC)CC)cc(OC(=O)CCC(C)CCCCC)c1,0.99847,35.0,16.0,46.5,2.5,10.0,3.044522437723423,1.0986122886681098,6.9565454432,5.0106352941,2.0,9,6.331259827726127,0.0,2,0,0,True,False,False,True,False,True,False,False,False,0.23980329258203262
CCCCC(CC)CCC(=O)Oc1cc(CNCCCN(CC)CC)cc(OC(=O)CCC(CC)CCCC)c1,0.9952,35.0,16.0,46.5,2.5,10.0,3.044522437723423,1.0986122886681098,6.9565454432,5.0106352941,2.0,8,6.331259827726127,0.0,2,0,0,True,False,False,True,False,True,False,False,False,0.26165242155832574
CCCCC(C)CCC(=O)Oc1cc(OC(=O)CCC(C)CCCC)c(CNCCCN(CC)CC)c(OC(=O)CCC(C)CCCC)c1,1.0,35.0,16.0,46.5,2.5,10.0,3.044522437723423,1.0986122886681098,6.9565454432,5.0106352941,3.0,8,6.536742320942535,0.0,2,0,0,True,False,False,True,False,True,False,False,False,0.23741686966799405
CCCCCCC(=O)Oc1cc(CNCCN2CCN(C)CC2)cc(OC(=O)CCCCCC)c1,1.0,35.0,16.0,46.5,2.5,10.0,3.044522437723423,1.0986122886681098,6.9565454432,5.0106352941,2.0,7,6.195834980998816,0.0,3,0,0,True,False,False,True,False,True,False,False,False,0.23741686966799405
CCCCC(C)C(=O)Oc1cc(CNCCN2CCN(C)CC2)cc(OC(=O)C(C)CCCC)c1,1.0,35.0,16.0,46.5,2.5,10.0,3.044522437723423,1.0986122886681098,6.9565454432,5.0106352941,2.0,6,6.195834980998815,0.0,3,0,0,True,False,False,True,False,True,False,False,False,0.23741686966799405
CCCCCCCC(=O)Oc1cc(CNCCN2CCN(C)CC2)cc(OC(=O)CCCCCCC)c1,0.9993,35.0,16.0,46.5,2.5,10.0,3.044522437723423,1.0986122886681098,6.9565454432,5.0106352941,2.0,8,6.2514317100526755,0.0,3,0,0,True,False,False,True,False,True,False,False,False,0.2379149687743914
CCCCCC(C)C(=O)Oc1cc(CNCCN2CCN(C)CC2)cc(OC(=O)C(C)CCCCC)c1,0.976,35.0,16.0,46.5,2.5,10.0,3.044522437723423,1.0986122886681098,6.9565454432,5.0106352941,2.0,7,6.2514317100526755,0.0,3,0,0,True,False,False,True,False,True,False,False,False,0.8095238872312422
CCCCC(CC)C(=O)Oc1cc(CNCCN2CCN(C)CC2)cc(OC(=O)C(CC)CCCC)c1,1.0,35.0,16.0,46.5,2.5,10.0,3.044522437723423,1.0986122886681098,6.9565454432,5.0106352941,2.0,7,6.2514317100526755,0.0,3,0,0,True,False,False,True,False,True,False,False,False,0.23741686966799405
CCCCCCCCC(=O)Oc1cc(CNCCN2CCN(C)CC2)cc(OC(=O)CCCCCCCC)c1,0.97193,35.0,16.0,46.5,2.5,10.0,3.044522437723423,1.0986122886681098,6.9565454432,5.0106352941,2.0,9,6.3040995641144875,0.0,3,0,0,True,False,False,True,False,True,False,False,False,0.7274457458133798
CCCCC(C)CCC(=O)Oc1cc(CNCCN2CCN(C)CC2)cc(OC(=O)CCC(C)CCC)c1,1.0,35.0,16.0,46.5,2.5,10.0,3.044522437723423,1.0986122886681098,6.9565454432,5.0106352941,2.0,8,6.278112334871712,0.0,3,0,0,True,False,False,True,False,True,False,False,False,0.23741686966799405
CCCCCCCCCC(=O)Oc1cc(CNCCN2CCN(C)CC2)cc(OC(=O)CCCCCCCCC)c1,0.99023,35.0,16.0,46.5,2.5,10.0,3.044522437723423,1.0986122886681098,6.9565454432,5.0106352941,2.0,10,6.354131751539155,0.0,3,0,0,True,False,False,True,False,True,False,False,False,0.3480369703420479
CCCCCC(C)CCC(=O)Oc1cc(CNCCN2CCN(C)CC2)cc(OC(=O)CCC(C)CCCCC)c1,1.0,35.0,16.0,46.5,2.5,10.0,3.044522437723423,1.0986122886681098,6.9565454432,5.0106352941,2.0,9,6.354131751539155,0.0,3,0,0,True,False,False,True,False,True,False,False,False,0.23741686966799405
CCCCC(CC)CCC(=O)Oc1cc(CNCCN2CCN(C)CC2)cc(OC(=O)CCC(CC)CCCC)c1,0.99487,35.0,16.0,46.5,2.5,10.0,3.044522437723423,1.0986122886681098,6.9565454432,5.0106352941,2.0,8,6.354131751539155,0.0,3,0,0,True,False,False,True,False,True,False,False,False,0.26523339974182164
CCCCC(C)C(=O)Oc1cc(OC(=O)C(C)CCCC)c(CNCCN2CCN(C)CC2)c(OC(=O)C(C)CCCC)c1,0.99387,35.0,16.0,46.5,2.5,10.0,3.044522437723423,1.0986122886681098,6.9565454432,5.0106352941,3.0,6,6.427898466164284,0.0,3,0,0,True,False,False,True,False,True,False,False,False,0.2777880831868504
CCCCCC(C)C(=O)Oc1cc(OC(=O)C(C)CCCCC)c(CNCCN2CCN(C)CC2)c(OC(=O)C(C)CCCCC)c1,0.9941,35.0,16.0,46.5,2.5,10.0,3.044522437723423,1.0986122886681098,6.9565454432,5.0106352941,3.0,7,6.493682732936358,0.0,3,0,0,True,False,False,True,False,True,False,False,False,0.2746674414081124
CCCCCCC(=O)Oc1cc(CNCCCN2CCN(C)CC2)cc(OC(=O)CCCCCC)c1,1.0,35.0,16.0,46.5,2.5,10.0,3.044522437723423,1.0986122886681098,6.9565454432,5.0106352941,2.0,7,6.224019670309423,0.0,3,0,0,True,False,False,True,False,True,False,False,False,0.23741686966799405
CCCCC(C)C(=O)Oc1cc(CNCCCN2CCN(C)CC2)cc(OC(=O)C(C)CCCC)c1,1.0,35.0,16.0,46.5,2.5,10.0,3.044522437723423,1.0986122886681098,6.9565454432,5.0106352941,2.0,6,6.224019670309422,0.0,3,0,0,True,False,False,True,False,True,False,False,False,0.23741686966799405
CCCCCCCC(=O)Oc1cc(CNCCCN2CCN(C)CC2)cc(OC(=O)CCCCCCC)c1,1.0,35.0,16.0,46.5,2.5,10.0,3.044522437723423,1.0986122886681098,6.9565454432,5.0106352941,2.0,8,6.278112334871712,0.0,3,0,0,True,False,False,True,False,True,False,False,False,0.23741686966799405
CCCCCC(C)C(=O)Oc1cc(CNCCCN2CCN(C)CC2)cc(OC(=O)C(C)CCCCC)c1,0.99673,35.0,16.0,46.5,2.5,10.0,3.044522437723423,1.0986122886681098,6.9565454432,5.0106352941,2.0,7,6.278112334871712,0.0,3,0,0,True,False,False,True,False,True,False,False,False,0.24845819744774503
CCCCC(CC)C(=O)Oc1cc(CNCCCN2CCN(C)CC2)cc(OC(=O)C(CC)CCCC)c1,1.0,35.0,16.0,46.5,2.5,10.0,3.044522437723423,1.0986122886681098,6.9565454432,5.0106352941,2.0,7,6.278112334871712,0.0,3,0,0,True,False,False,True,False,True,False,False,False,0.23741686966799405
CCCCCCCCC(=O)Oc1cc(CNCCCN2CCN(C)CC2)cc(OC(=O)CCCCCCCC)c1,1.0,35.0,16.0,46.5,2.5,10.0,3.044522437723423,1.0986122886681098,6.9565454432,5.0106352941,2.0,9,6.329428527668593,0.0,3,0,0,True,False,False,True,False,True,False,False,False,0.23741686966799405
CCCCC(C)CCC(=O)Oc1cc(CNCCCN2CCN(C)CC2)cc(OC(=O)CCC(C)CCC)c1,1.0,35.0,16.0,46.5,2.5,10.0,3.044522437723423,1.0986122886681098,6.9565454432,5.0106352941,2.0,8,6.3040995641144875,0.0,3,0,0,True,False,False,True,False,True,False,False,False,0.23741686966799405
CCCCCCCCCC(=O)Oc1cc(CNCCCN2CCN(C)CC2)cc(OC(=O)CCCCCCCCC)c1,1.0,35.0,16.0,46.5,2.5,10.0,3.044522437723423,1.0986122886681098,6.9565454432,5.0106352941,2.0,10,6.378239408994667,0.0,3,0,0,True,False,False,True,False,True,False,False,False,0.23741686966799405
CCCCCC(C)CCC(=O)Oc1cc(CNCCCN2CCN(C)CC2)cc(OC(=O)CCC(C)CCCCC)c1,1.0,35.0,16.0,46.5,2.5,10.0,3.044522437723423,1.0986122886681098,6.9565454432,5.0106352941,2.0,9,6.378239408994667,0.0,3,0,0,True,False,False,True,False,True,False,False,False,0.23741686966799405
CCCCC(CC)CCC(=O)Oc1cc(CNCCCN2CCN(C)CC2)cc(OC(=O)CCC(CC)CCCC)c1,1.0,35.0,16.0,46.5,2.5,10.0,3.044522437723423,1.0986122886681098,6.9565454432,5.0106352941,2.0,8,6.378239408994667,0.0,3,0,0,True,False,False,True,False,True,False,False,False,0.23741686966799405
CCCCC(C)C(=O)Oc1cc(OC(=O)C(C)CCCC)c(CNCCCN2CCN(C)CC2)c(OC(=O)C(C)CCCC)c1,0.9811,35.0,16.0,46.5,2.5,10.0,3.044522437723423,1.0986122886681098,6.9565454432,5.0106352941,3.0,6,6.4503108517515715,0.0,3,0,0,True,False,False,True,False,True,False,False,False,0.694337096985433
CCCCC(C)CCC(=O)Oc1cc(OC(=O)CCC(C)CCCC)c(CNCCCN2CCN(C)CC2)c(OC(=O)CCC(C)CCCC)c1,0.97517,35.0,16.0,46.5,2.5,10.0,3.044522437723423,1.0986122886681098,6.9565454432,5.0106352941,3.0,8,6.57516091368931,0.0,3,0,0,True,False,False,True,False,True,False,False,False,0.805806948424675
CCCCC(CC)CCC(=O)Oc1cc(OC(=O)CCC(CC)CCCC)c(CNCCCN2CCN(C)CC2)c(OC(=O)CCC(CC)CCCC)c1,0.98303,35.0,16.0,46.5,2.5,10.0,3.044522437723423,1.0986122886681098,6.9565454432,5.0106352941,3.0,8,6.632188848170846,0.0,3,0,0,True,False,False,True,False,True,False,False,False,0.6126186877615228
CCCCCCC(=O)Oc1cc(CNCCCN)cc(OC(=O)CCCCCC)c1,1.0,35.0,16.0,46.5,2.5,10.0,3.044522437723423,1.0986122886681098,6.9565454432,5.0106352941,2.0,7,6.044042765626833,0.0,2,0,0,True,False,False,True,False,True,False,False,False,0.23741686966799405
CCCCC(C)C(=O)Oc1cc(CNCCCN)cc(OC(=O)C(C)CCCC)c1,0.9383,35.0,16.0,46.5,2.5,10.0,3.044522437723423,1.0986122886681098,6.9565454432,5.0106352941,2.0,6,6.044042765626833,0.0,2,0,0,True,False,False,True,False,True,False,False,False,0.31341361255976824
CCCCCCCC(=O)Oc1cc(CNCCCN)cc(OC(=O)CCCCCCC)c1,0.95107,35.0,16.0,46.5,2.5,10.0,3.044522437723423,1.0986122886681098,6.9565454432,5.0106352941,2.0,8,6.108465054446708,0.0,2,0,0,True,False,False,True,False,True,False,False,False,0.168380688689528
CCCCCC(C)C(=O)Oc1cc(CNCCCN)cc(OC(=O)C(C)CCCCC)c1,0.99573,35.0,16.0,46.5,2.5,10.0,3.044522437723423,1.0986122886681098,6.9565454432,5.0106352941,2.0,7,6.108465054446708,0.0,2,0,0,True,False,False,True,False,True,False,False,False,0.25645920013015955
CCCCCCCCC(=O)Oc1cc(CNCCCN)cc(OC(=O)CCCCCCCC)c1,0.9644,35.0,16.0,46.5,2.5,10.0,3.044522437723423,1.0986122886681098,6.9565454432,5.0106352941,2.0,9,6.168987107115225,0.0,2,0,0,True,False,False,True,False,True,False,False,False,0.38831159600794724
CCCCC(C)CCC(=O)Oc1cc(CNCCCN)cc(OC(=O)CCC(C)CCC)c1,1.0,35.0,16.0,46.5,2.5,10.0,3.044522437723423,1.0986122886681098,6.9565454432,5.0106352941,2.0,8,6.139183875775351,0.0,2,0,0,True,False,False,True,False,True,False,False,False,0.23741686966799405
CCCCCCCCCC(=O)Oc1cc(CNCCCN)cc(OC(=O)CCCCCCCCC)c1,1.0,35.0,16.0,46.5,2.5,10.0,3.044522437723423,1.0986122886681098,6.9565454432,5.0106352941,2.0,10,6.226054339546441,0.0,2,0,0,True,False,False,True,False,True,False,False,False,0.23741686966799405
CCCCCC(C)CCC(=O)Oc1cc(CNCCCN)cc(OC(=O)CCC(C)CCCCC)c1,1.0,35.0,16.0,46.5,2.5,10.0,3.044522437723423,1.0986122886681098,6.9565454432,5.0106352941,2.0,9,6.226054339546441,0.0,2,0,0,True,False,False,True,False,True,False,False,False,0.23741686966799405
CCCCCCC(=O)Oc1cc(CNCCN(CCN)CCN)cc(OC(=O)CCCCCC)c1,1.0,35.0,16.0,46.5,2.5,10.0,3.044522437723423,1.0986122886681098,6.9565454432,5.0106352941,2.0,7,6.201938172821393,0.0,4,0,0,True,False,False,True,False,True,False,False,False,0.23741686966799405
CCCCC(C)C(=O)Oc1cc(CNCCN(CCN)CCN)cc(OC(=O)C(C)CCCC)c1,0.95697,35.0,16.0,46.5,2.5,10.0,3.044522437723423,1.0986122886681098,6.9565454432,5.0106352941,2.0,6,6.201938172821393,0.0,4,0,0,True,False,False,True,False,True,False,False,False,0.20780403083808802
CCCCCCCC(=O)Oc1cc(CNCCN(CCN)CCN)cc(OC(=O)CCCCCCC)c1,0.93393,35.0,16.0,46.5,2.5,10.0,3.044522437723423,1.0986122886681098,6.9565454432,5.0106352941,2.0,8,6.25720579544917,0.0,4,0,0,True,False,False,True,False,True,False,False,False,0.5067930255420982
CCCCCC(C)C(=O)Oc1cc(CNCCN(CCN)CCN)cc(OC(=O)C(C)CCCCC)c1,0.9885,35.0,16.0,46.5,2.5,10.0,3.044522437723423,1.0986122886681098,6.9565454432,5.0106352941,2.0,7,6.25720579544917,0.0,4,0,0,True,False,False,True,False,True,False,False,False,0.3969147920595475
CCCCCCCCC(=O)Oc1cc(CNCCN(CCN)CCN)cc(OC(=O)CCCCCCCC)c1,0.94897,35.0,16.0,46.5,2.5,10.0,3.044522437723423,1.0986122886681098,6.9565454432,5.0106352941,2.0,9,6.309578220413413,0.0,4,0,0,True,False,False,True,False,True,False,False,False,0.1686235733869408
CCCCC(C)CCC(=O)Oc1cc(CNCCN(CCN)CCN)cc(OC(=O)CCC(C)CCC)c1,0.98883,35.0,16.0,46.5,2.5,10.0,3.044522437723423,1.0986122886681098,6.9565454432,5.0106352941,2.0,8,6.283734827616468,0.0,4,0,0,True,False,False,True,False,True,False,False,False,0.38676474150126494
CCCCCCCCCC(=O)Oc1cc(CNCCN(CCN)CCN)cc(OC(=O)CCCCCCCCC)c1,0.97393,35.0,16.0,46.5,2.5,10.0,3.044522437723423,1.0986122886681098,6.9565454432,5.0106352941,2.0,10,6.3593437383882065,0.0,4,0,0,True,False,False,True,False,True,False,False,False,0.7871832331219522
CCCCCC(C)CCC(=O)Oc1cc(CNCCN(CCN)CCN)cc(OC(=O)CCC(C)CCCCC)c1,0.94983,35.0,16.0,46.5,2.5,10.0,3.044522437723423,1.0986122886681098,6.9565454432,5.0106352941,2.0,9,6.3593437383882065,0.0,4,0,0,True,False,False,True,False,True,False,False,False,0.16768700455139043
CCCCC(CC)CCC(=O)Oc1cc(CNCCN(CCN)CCN)cc(OC(=O)CCC(CC)CCCC)c1,0.98033,35.0,16.0,46.5,2.5,10.0,3.044522437723423,1.0986122886681098,6.9565454432,5.0106352941,2.0,8,6.3593437383882065,0.0,4,0,0,True,False,False,True,False,True,False,False,False,0.7236283921200446
CCCCC(C)CCC(=O)Oc1cc(OC(=O)CCC(C)CCCC)c(CNCCN(CCN)CCN)c(OC(=O)CCC(C)CCCC)c1,0.91787,35.0,16.0,46.5,2.5,10.0,3.044522437723423,1.0986122886681098,6.9565454432,5.0106352941,3.0,8,6.559669060407369,0.0,4,0,0,True,False,False,True,False,True,False,False,False,1.4567165582023882
CCCCC(O)CN(C)C1CC(N(CC(O)CCCC)CC(O)CCCC)C(O)C(OC2OC(CO)C(O)C3OC4(OC23)OC(C(CO)N(CC(O)CCCC)CC(O)CCCC)C(O)C(O)C4O)C1O,1.0,15.0,15.0,30.0,3.0,20.0,3.9318256327243257,1.252762968495368,7.7485376741,5.0694700798,5.0,6,6.936662412623137,0.0,3,0,0,True,False,False,True,False,False,False,True,False,0.23741686966799405
CCCCCCC(O)CN(C)C1CC(N(CC(O)CCCCCC)CC(O)CCCCCC)C(O)C(OC2OC(CO)C(O)C3OC4(OC23)OC(C(CO)N(CC(O)CCCCCC)CC(O)CCCCCC)C(O)C(O)C4O)C1O,1.0,15.0,15.0,30.0,3.0,20.0,3.9318256327243257,1.252762968495368,7.7485376741,5.0694700798,5.0,8,7.064416234001989,0.0,3,0,0,True,False,False,True,False,False,False,True,False,0.23741686966799405
CCCCCCCCC(O)CN(C)C1CC(N(CC(O)CCCCCCCC)CC(O)CCCCCCCC)C(O)C(OC2OC(CO)C(O)C3OC4(OC23)OC(C(CO)N(CC(O)CCCCCCCC)CC(O)CCCCCCCC)C(O)C(O)C4O)C1O,1.0,15.0,15.0,30.0,3.0,20.0,3.9318256327243257,1.252762968495368,7.7485376741,5.0694700798,5.0,10,7.177682411194865,0.0,3,0,0,True,False,False,True,False,False,False,True,False,0.23741686966799405
CC(C)CCCCCC(O)CN(C)C1CC(N(CC(O)CCCCCC(C)C)CC(O)CCCCCC(C)C)C(O)C(OC2OC(CO)C(O)C3OC4(OC23)OC(C(CO)N(CC(O)CCCCCC(C)C)CC(O)CCCCCC(C)C)C(O)C(O)C4O)C1O,1.0,15.0,15.0,30.0,3.0,20.0,3.9318256327243257,1.252762968495368,7.7485376741,5.0694700798,5.0,9,7.177682411194865,0.0,3,0,0,True,False,False,True,False,False,False,True,False,0.23741686966799405
CCCCCCCCCCC(O)CN(C)C1CC(N(CC(O)CCCCCCCCCC)CC(O)CCCCCCCCCC)C(O)C(OC2OC(CO)C(O)C3OC4(OC23)OC(C(CO)N(CC(O)CCCCCCCCCC)CC(O)CCCCCCCCCC)C(O)C(O)C4O)C1O,1.0,15.0,15.0,30.0,3.0,20.0,3.9318256327243257,1.252762968495368,7.7485376741,5.0694700798,5.0,12,7.279414692889112,0.0,3,0,0,True,False,False,True,False,False,False,True,False,0.23741686966799405
CCCCCCCCCCCCC(O)CN(C)C1CC(N(CC(O)CCCCCCCCCCCC)CC(O)CCCCCCCCCCCC)C(O)C(OC2OC(CO)C(O)C3OC4(OC23)OC(C(CO)N(CC(O)CCCCCCCCCCCC)CC(O)CCCCCCCCCCCC)C(O)C(O)C4O)C1O,1.0,15.0,15.0,30.0,3.0,20.0,3.9318256327243257,1.252762968495368,7.7485376741,5.0694700798,5.0,14,7.371746494840021,0.0,3,0,0,True,False,False,True,False,False,False,True,False,0.23741686966799405
CCCCC(O)CN(CC(O)CCCC)CC1CCC(N(CC(O)CCCC)CC(O)CCCC)C(OC2C(O)C(OC3CCC(C)(O)C(N(C)CC(O)CCCC)C3O)C(N(CC(O)CCCC)CC(O)CCCC)CC2N(CC(O)CCCC)CC(O)CCCC)O1,1.0,15.0,15.0,30.0,3.0,20.0,3.9318256327243257,1.252762968495368,7.7485376741,5.0694700798,9.0,6,7.207879130506277,0.0,5,0,0,True,False,False,True,False,False,False,True,False,0.23741686966799405
CCCCCCC(O)CN(CC(O)CCCCCC)CC1CCC(N(CC(O)CCCCCC)CC(O)CCCCCC)C(OC2C(O)C(OC3CCC(C)(O)C(N(C)CC(O)CCCCCC)C3O)C(N(CC(O)CCCCCC)CC(O)CCCCCC)CC2N(CC(O)CCCCCC)CC(O)CCCCCC)O1,1.0,15.0,15.0,30.0,3.0,20.0,3.9318256327243257,1.252762968495368,7.7485376741,5.0694700798,9.0,8,7.37932767706632,0.0,5,0,0,True,False,False,True,False,False,False,True,False,0.23741686966799405
CCCCCCCCC(O)CN(CC(O)CCCCCCCC)CC1CCC(N(CC(O)CCCCCCCC)CC(O)CCCCCCCC)C(OC2C(O)C(OC3CCC(C)(O)C(N(C)CC(O)CCCCCCCC)C3O)C(N(CC(O)CCCCCCCC)CC(O)CCCCCCCC)CC2N(CC(O)CCCCCCCC)CC(O)CCCCCCCC)O1,1.0,15.0,15.0,30.0,3.0,20.0,3.9318256327243257,1.252762968495368,7.7485376741,5.0694700798,9.0,10,7.525638896873839,0.0,5,0,0,True,False,False,True,False,False,False,True,False,0.23741686966799405
CC(C)CCCCCC(O)CN(CC(O)CCCCCC(C)C)CC1CCC(N(CC(O)CCCCCC(C)C)CC(O)CCCCCC(C)C)C(OC2C(O)C(OC3CCC(C)(O)C(N(C)CC(O)CCCCCC(C)C)C3O)C(N(CC(O)CCCCCC(C)C)CC(O)CCCCCC(C)C)CC2N(CC(O)CCCCCC(C)C)CC(O)CCCCCC(C)C)O1,1.0,15.0,15.0,30.0,3.0,20.0,3.9318256327243257,1.252762968495368,7.7485376741,5.0694700798,9.0,9,7.525638896873838,0.0,5,0,0,True,False,False,True,False,False,False,True,False,0.23741686966799405
CCCCCCCCCCC(O)CN(CC(O)CCCCCCCCCC)CC1CCC(N(CC(O)CCCCCCCCCC)CC(O)CCCCCCCCCC)C(OC2C(O)C(OC3CCC(C)(O)C(N(C)CC(O)CCCCCCCCCC)C3O)C(N(CC(O)CCCCCCCCCC)CC(O)CCCCCCCCCC)CC2N(CC(O)CCCCCCCCCC)CC(O)CCCCCCCCCC)O1,0.77424,15.0,15.0,30.0,3.0,20.0,3.9318256327243257,1.252762968495368,7.7485376741,5.0694700798,9.0,12,7.653250097913622,0.0,5,0,0,True,False,False,True,False,False,False,True,False,5.8666575133337036
CCCCCCCCCCCCC(O)CN(CC(O)CCCCCCCCCCCC)CC1CCC(N(CC(O)CCCCCCCCCCCC)CC(O)CCCCCCCCCCCC)C(OC2C(O)C(OC3CCC(C)(O)C(N(C)CC(O)CCCCCCCCCCCC)C3O)C(N(CC(O)CCCCCCCCCCCC)CC(O)CCCCCCCCCCCC)CC2N(CC(O)CCCCCCCCCCCC)CC(O)CCCCCCCCCCCC)O1,0.92244,15.0,15.0,30.0,3.0,20.0,3.9318256327243257,1.252762968495368,7.7485376741,5.0694700798,9.0,14,7.766404186074453,0.0,5,0,0,True,False,False,True,False,False,False,True,False,1.3064713108717703
CCCCC(O)CN(CCC(O)C(=O)N(CC(O)CCCC)C1CC(N(CC(O)CCCC)CC(O)CCCC)C(OC2OC(CN(CC(O)CCCC)CC(O)CCCC)C(O)C(O)C2O)C(O)C1OC1OC(CO)C(O)C(N(CC(O)CCCC)CC(O)CCCC)C1O)CC(O)CCCC,1.0,15.0,15.0,30.0,3.0,20.0,3.9318256327243257,1.252762968495368,7.7485376741,5.0694700798,9.0,6,7.305226521110977,0.0,4,0,0,True,False,False,True,False,False,False,True,False,0.23741686966799405
CCCCCCC(O)CN(CCC(O)C(=O)N(CC(O)CCCCCC)C1CC(N(CC(O)CCCCCC)CC(O)CCCCCC)C(OC2OC(CN(CC(O)CCCCCC)CC(O)CCCCCC)C(O)C(O)C2O)C(O)C1OC1OC(CO)C(O)C(N(CC(O)CCCCCC)CC(O)CCCCCC)C1O)CC(O)CCCCCC,1.0,15.0,15.0,30.0,3.0,20.0,3.9318256327243257,1.252762968495368,7.7485376741,5.0694700798,9.0,8,7.4619524124907,0.0,4,0,0,True,False,False,True,False,False,False,True,False,0.23741686966799405
CCCCCCCCC(O)CN(CCC(O)C(=O)N(CC(O)CCCCCCCC)C1CC(N(CC(O)CCCCCCCC)CC(O)CCCCCCCC)C(OC2OC(CN(CC(O)CCCCCCCC)CC(O)CCCCCCCC)C(O)C(O)C2O)C(O)C1OC1OC(CO)C(O)C(N(CC(O)CCCCCCCC)CC(O)CCCCCCCC)C1O)CC(O)CCCCCCCC,1.0,15.0,15.0,30.0,3.0,20.0,3.9318256327243257,1.252762968495368,7.7485376741,5.0694700798,9.0,10,7.59741087103518,0.0,4,0,0,True,False,False,True,False,False,False,True,False,0.23741686966799405
CC(C)CCCCCC(O)CN(CCC(O)C(=O)N(CC(O)CCCCCC(C)C)C1CC(N(CC(O)CCCCCC(C)C)CC(O)CCCCCC(C)C)C(OC2OC(CN(CC(O)CCCCCC(C)C)CC(O)CCCCCC(C)C)C(O)C(O)C2O)C(O)C1OC1OC(CO)C(O)C(N(CC(O)CCCCCC(C)C)CC(O)CCCCCC(C)C)C1O)CC(O)CCCCCC(C)C,1.0,15.0,15.0,30.0,3.0,20.0,3.9318256327243257,1.252762968495368,7.7485376741,5.0694700798,9.0,9,7.59741087103518,0.0,4,0,0,True,False,False,True,False,False,False,True,False,0.23741686966799405
CCCCCCCCCCC(O)CN(CCC(O)C(=O)N(CC(O)CCCCCCCCCC)C1CC(N(CC(O)CCCCCCCCCC)CC(O)CCCCCCCCCC)C(OC2OC(CN(CC(O)CCCCCCCCCC)CC(O)CCCCCCCCCC)C(O)C(O)C2O)C(O)C1OC1OC(CO)C(O)C(N(CC(O)CCCCCCCCCC)CC(O)CCCCCCCCCC)C1O)CC(O)CCCCCCCCCC,0.69529,15.0,15.0,30.0,3.0,20.0,3.9318256327243257,1.252762968495368,7.7485376741,5.0694700798,9.0,12,7.716690172532202,0.0,4,0,0,True,False,False,True,False,False,False,True,False,10.882783310442896
CCCCCCCCCCCCC(O)CN(CCC(O)C(=O)N(CC(O)CCCCCCCCCCCC)C1CC(N(CC(O)CCCCCCCCCCCC)CC(O)CCCCCCCCCCCC)C(OC2OC(CN(CC(O)CCCCCCCCCCCC)CC(O)CCCCCCCCCCCC)C(O)C(O)C2O)C(O)C1OC1OC(CO)C(O)C(N(CC(O)CCCCCCCCCCCC)CC(O)CCCCCCCCCCCC)C1O)CC(O)CCCCCCCCCCCC,0.81302,15.0,15.0,30.0,3.0,20.0,3.9318256327243257,1.252762968495368,7.7485376741,5.0694700798,9.0,14,7.823246091005699,0.0,4,0,0,True,False,False,True,False,False,False,True,False,5.87607515991838
CCCCC(O)CN(C)C1C(O)C(OC2C(O)C(OC3OC(C(C)O)C(O)C(O)C3N(CC(O)CCCC)CC(O)CCCC)C(N(CC(O)CCCC)CC(O)CCCC)CC2N(CC(O)CCCC)CC(O)CCCC)OCC1(C)O,1.0,15.0,15.0,30.0,3.0,20.0,3.9318256327243257,1.252762968495368,7.7485376741,5.0694700798,7.0,6,7.0889804015784055,0.0,4,0,0,True,False,False,True,False,False,False,True,False,0.23741686966799405
CCCCCCC(O)CN(C)C1C(O)C(OC2C(O)C(OC3OC(C(C)O)C(O)C(O)C3N(CC(O)CCCCCC)CC(O)CCCCCC)C(N(CC(O)CCCCCC)CC(O)CCCCCC)CC2N(CC(O)CCCCCC)CC(O)CCCCCC)OCC1(C)O,1.0,15.0,15.0,30.0,3.0,20.0,3.9318256327243257,1.252762968495368,7.7485376741,5.0694700798,7.0,8,7.240694854526048,0.0,4,0,0,True,False,False,True,False,False,False,True,False,0.23741686966799405
CCCCCCCCC(O)CN(C)C1C(O)C(OC2C(O)C(OC3OC(C(C)O)C(O)C(O)C3N(CC(O)CCCCCCCC)CC(O)CCCCCCCC)C(N(CC(O)CCCCCCCC)CC(O)CCCCCCCC)CC2N(CC(O)CCCCCCCC)CC(O)CCCCCCCC)OCC1(C)O,1.0,15.0,15.0,30.0,3.0,20.0,3.9318256327243257,1.252762968495368,7.7485376741,5.0694700798,7.0,10,7.37239517409026,0.0,4,0,0,True,False,False,True,False,False,False,True,False,0.23741686966799405
CC(C)CCCCCC(O)CN(C)C1C(O)C(OC2C(O)C(OC3OC(C(C)O)C(O)C(O)C3N(CC(O)CCCCCC(C)C)CC(O)CCCCCC(C)C)C(N(CC(O)CCCCCC(C)C)CC(O)CCCCCC(C)C)CC2N(CC(O)CCCCCC(C)C)CC(O)CCCCCC(C)C)OCC1(C)O,0.99307,15.0,15.0,30.0,3.0,20.0,3.9318256327243257,1.252762968495368,7.7485376741,5.0694700798,7.0,9,7.37239517409026,0.0,4,0,0,True,False,False,True,False,False,False,True,False,0.28977768848741703
CCCCCCCCCCC(O)CN(C)C1C(O)C(OC2C(O)C(OC3OC(C(C)O)C(O)C(O)C3N(CC(O)CCCCCCCCCC)CC(O)CCCCCCCCCC)C(N(CC(O)CCCCCCCCCC)CC(O)CCCCCCCCCC)CC2N(CC(O)CCCCCCCCCC)CC(O)CCCCCCCCCC)OCC1(C)O,0.99861,15.0,15.0,30.0,3.0,20.0,3.9318256327243257,1.252762968495368,7.7485376741,5.0694700798,7.0,12,7.488751720184259,0.0,4,0,0,True,False,False,True,False,False,False,True,False,0.23938529788359678
CCCCCCCCCCCCC(O)CN(C)C1C(O)C(OC2C(O)C(OC3OC(C(C)O)C(O)C(O)C3N(CC(O)CCCCCCCCCCCC)CC(O)CCCCCCCCCCCC)C(N(CC(O)CCCCCCCCCCCC)CC(O)CCCCCCCCCCCC)CC2N(CC(O)CCCCCCCCCCCC)CC(O)CCCCCCCCCCCC)OCC1(C)O,0.84488,15.0,15.0,30.0,3.0,20.0,3.9318256327243257,1.252762968495368,7.7485376741,5.0694700798,7.0,14,7.592969577270299,0.0,4,0,0,True,False,False,True,False,False,False,True,False,1.8536457418770944
CCCCCCOC(=O)CCCN(C)C1CC(N(CCCC(=O)OCCCCCC)CCCC(=O)OCCCCCC)C(O)C(OC2OC(CO)C(O)C3OC4(OC23)OC(C(CO)N(CCCC(=O)OCCCCCC)CCCC(=O)OCCCCCC)C(O)C(O)C4O)C1O,1.0,15.0,15.0,30.0,3.0,20.0,3.9318256327243257,1.252762968495368,7.7485376741,5.0694700798,5.0,6,7.229682244161315,0.0,3,0,0,True,False,False,True,False,False,False,True,False,0.23741686966799405
CCCCCCCCOC(=O)CCCN(C)C1CC(N(CCCC(=O)OCCCCCCCC)CCCC(=O)OCCCCCCCC)C(O)C(OC2OC(CO)C(O)C3OC4(OC23)OC(C(CO)N(CCCC(=O)OCCCCCCCC)CCCC(=O)OCCCCCCCC)C(O)C(O)C4O)C1O,1.0,15.0,15.0,30.0,3.0,20.0,3.9318256327243257,1.252762968495368,7.7485376741,5.0694700798,5.0,8,7.326501139525067,0.0,3,0,0,True,False,False,True,False,False,False,True,False,0.23741686966799405
CC(C)CCCCCOC(=O)CCCN(C)C1CC(N(CCCC(=O)OCCCCCC(C)C)CCCC(=O)OCCCCCC(C)C)C(O)C(OC2OC(CO)C(O)C3OC4(OC23)OC(C(CO)N(CCCC(=O)OCCCCCC(C)C)CCCC(=O)OCCCCCC(C)C)C(O)C(O)C4O)C1O,1.0,15.0,15.0,30.0,3.0,20.0,3.9318256327243257,1.252762968495368,7.7485376741,5.0694700798,5.0,7,7.326501139525067,0.0,3,0,0,True,False,False,True,False,False,False,True,False,0.23741686966799405
CCCCCCCCCCOC(=O)CCCN(C)C1CC(N(CCCC(=O)OCCCCCCCCCC)CCCC(=O)OCCCCCCCCCC)C(O)C(OC2OC(CO)C(O)C3OC4(OC23)OC(C(CO)N(CCCC(=O)OCCCCCCCCCC)CCCC(=O)OCCCCCCCCCC)C(O)C(O)C4O)C1O,1.0,15.0,15.0,30.0,3.0,20.0,3.9318256327243257,1.252762968495368,7.7485376741,5.0694700798,5.0,10,7.414768043028202,0.0,3,0,0,True,False,False,True,False,False,False,True,False,0.23741686966799405
CCCCCCCCCCCCOC(=O)CCCN(C)C1CC(N(CCCC(=O)OCCCCCCCCCCCC)CCCC(=O)OCCCCCCCCCCCC)C(O)C(OC2OC(CO)C(O)C3OC4(OC23)OC(C(CO)N(CCCC(=O)OCCCCCCCCCCCC)CCCC(=O)OCCCCCCCCCCCC)C(O)C(O)C4O)C1O,1.0,15.0,15.0,30.0,3.0,20.0,3.9318256327243257,1.252762968495368,7.7485376741,5.0694700798,5.0,12,7.495871889446232,0.0,3,0,0,True,False,False,True,False,False,False,True,False,0.23741686966799405
CCCCCCOC(=O)CCCN(CCCC(=O)OCCCCCC)CC1CCC(N(CCCC(=O)OCCCCCC)CCCC(=O)OCCCCCC)C(OC2C(O)C(OC3CCC(C)(O)C(N(C)CCCC(=O)OCCCCCC)C3O)C(N(CCCC(=O)OCCCCCC)CCCC(=O)OCCCCCC)CC2N(CCCC(=O)OCCCCCC)CCCC(=O)OCCCCCC)O1,1.0,15.0,15.0,30.0,3.0,20.0,3.9318256327243257,1.252762968495368,7.7485376741,5.0694700798,9.0,6,7.591278800325925,0.0,5,0,0,True,False,False,True,False,False,False,True,False,0.23741686966799405
CCCCCCCCOC(=O)CCCN(CCCC(=O)OCCCCCCCC)CC1CCC(N(CCCC(=O)OCCCCCCCC)CCCC(=O)OCCCCCCCC)C(OC2C(O)C(OC3CCC(C)(O)C(N(C)CCCC(=O)OCCCCCCCC)C3O)C(N(CCCC(=O)OCCCCCCCC)CCCC(=O)OCCCCCCCC)CC2N(CCCC(=O)OCCCCCCCC)CCCC(=O)OCCCCCCCC)O1,1.0,15.0,15.0,30.0,3.0,20.0,3.9318256327243257,1.252762968495368,7.7485376741,5.0694700798,9.0,8,7.711249471934283,0.0,5,0,0,True,False,False,True,False,False,False,True,False,0.23741686966799405
CC(C)CCCCCOC(=O)CCCN(CCCC(=O)OCCCCCC(C)C)CC1CCC(N(CCCC(=O)OCCCCCC(C)C)CCCC(=O)OCCCCCC(C)C)C(OC2C(O)C(OC3CCC(C)(O)C(N(C)CCCC(=O)OCCCCCC(C)C)C3O)C(N(CCCC(=O)OCCCCCC(C)C)CCCC(=O)OCCCCCC(C)C)CC2N(CCCC(=O)OCCCCCC(C)C)CCCC(=O)OCCCCCC(C)C)O1,1.0,15.0,15.0,30.0,3.0,20.0,3.9318256327243257,1.252762968495368,7.7485376741,5.0694700798,9.0,7,7.711249471934282,0.0,5,0,0,True,False,False,True,False,False,False,True,False,0.23741686966799405
CCCCCCCCCCOC(=O)CCCN(CCCC(=O)OCCCCCCCCCC)CC1CCC(N(CCCC(=O)OCCCCCCCCCC)CCCC(=O)OCCCCCCCCCC)C(OC2C(O)C(OC3CCC(C)(O)C(N(C)CCCC(=O)OCCCCCCCCCC)C3O)C(N(CCCC(=O)OCCCCCCCCCC)CCCC(=O)OCCCCCCCCCC)CC2N(CCCC(=O)OCCCCCCCCCC)CCCC(=O)OCCCCCCCCCC)O1,1.0,15.0,15.0,30.0,3.0,20.0,3.9318256327243257,1.252762968495368,7.7485376741,5.0694700798,9.0,10,7.818356657132664,0.0,5,0,0,True,False,False,True,False,False,False,True,False,0.23741686966799405
CCCCCCCCCCCCOC(=O)CCCN(CCCC(=O)OCCCCCCCCCCCC)CC1CCC(N(CCCC(=O)OCCCCCCCCCCCC)CCCC(=O)OCCCCCCCCCCCC)C(OC2C(O)C(OC3CCC(C)(O)C(N(C)CCCC(=O)OCCCCCCCCCCCC)C3O)C(N(CCCC(=O)OCCCCCCCCCCCC)CCCC(=O)OCCCCCCCCCCCC)CC2N(CCCC(=O)OCCCCCCCCCCCC)CCCC(=O)OCCCCCCCCCCCC)O1,1.0,15.0,15.0,30.0,3.0,20.0,3.9318256327243257,1.252762968495368,7.7485376741,5.0694700798,9.0,12,7.915093664444279,0.0,5,0,0,True,False,False,True,False,False,False,True,False,0.23741686966799405
CCCCCCOC(=O)CCCN(CCCC(=O)OCCCCCC)CCC(O)C(=O)N(CCCC(=O)OCCCCCC)C1CC(N(CCCC(=O)OCCCCCC)CCCC(=O)OCCCCCC)C(OC2OC(CN(CCCC(=O)OCCCCCC)CCCC(=O)OCCCCCC)C(O)C(O)C2O)C(O)C1OC1OC(CO)C(O)C(N(CCCC(=O)OCCCCCC)CCCC(=O)OCCCCCC)C1O,0.95637,15.0,15.0,30.0,3.0,20.0,3.9318256327243257,1.252762968495368,7.7485376741,5.0694700798,9.0,6,7.658641038387096,0.0,4,0,0,True,False,False,True,False,False,False,True,False,0.20063535833899374
CCCCCCCCOC(=O)CCCN(CCCC(=O)OCCCCCCCC)CCC(O)C(=O)N(CCCC(=O)OCCCCCCCC)C1CC(N(CCCC(=O)OCCCCCCCC)CCCC(=O)OCCCCCCCC)C(OC2OC(CN(CCCC(=O)OCCCCCCCC)CCCC(=O)OCCCCCCCC)C(O)C(O)C2O)C(O)C1OC1OC(CO)C(O)C(N(CCCC(=O)OCCCCCCCC)CCCC(=O)OCCCCCCCC)C1O,1.0,15.0,15.0,30.0,3.0,20.0,3.9318256327243257,1.252762968495368,7.7485376741,5.0694700798,9.0,8,7.771219752606131,0.0,4,0,0,True,False,False,True,False,False,False,True,False,0.23741686966799405
CC(C)CCCCCOC(=O)CCCN(CCCC(=O)OCCCCCC(C)C)CCC(O)C(=O)N(CCCC(=O)OCCCCCC(C)C)C1CC(N(CCCC(=O)OCCCCCC(C)C)CCCC(=O)OCCCCCC(C)C)C(OC2OC(CN(CCCC(=O)OCCCCCC(C)C)CCCC(=O)OCCCCCC(C)C)C(O)C(O)C2O)C(O)C1OC1OC(CO)C(O)C(N(CCCC(=O)OCCCCCC(C)C)CCCC(=O)OCCCCCC(C)C)C1O,1.0,15.0,15.0,30.0,3.0,20.0,3.9318256327243257,1.252762968495368,7.7485376741,5.0694700798,9.0,7,7.77121975260613,0.0,4,0,0,True,False,False,True,False,False,False,True,False,0.23741686966799405
CCCCCCCCCCOC(=O)CCCN(CCCC(=O)OCCCCCCCCCC)CCC(O)C(=O)N(CCCC(=O)OCCCCCCCCCC)C1CC(N(CCCC(=O)OCCCCCCCCCC)CCCC(=O)OCCCCCCCCCC)C(OC2OC(CN(CCCC(=O)OCCCCCCCCCC)CCCC(=O)OCCCCCCCCCC)C(O)C(O)C2O)C(O)C1OC1OC(CO)C(O)C(N(CCCC(=O)OCCCCCCCCCC)CCCC(=O)OCCCCCCCCCC)C1O,0.89751,15.0,15.0,30.0,3.0,20.0,3.9318256327243257,1.252762968495368,7.7485376741,5.0694700798,9.0,10,7.872397221556887,0.0,4,0,0,True,False,False,True,False,False,False,True,False,2.3564174418147488
CCCCCCCCCCCCOC(=O)CCCN(CCCC(=O)OCCCCCCCCCCCC)CCC(O)C(=O)N(CCCC(=O)OCCCCCCCCCCCC)C1CC(N(CCCC(=O)OCCCCCCCCCCCC)CCCC(=O)OCCCCCCCCCCCC)C(OC2OC(CN(CCCC(=O)OCCCCCCCCCCCC)CCCC(=O)OCCCCCCCCCCCC)C(O)C(O)C2O)C(O)C1OC1OC(CO)C(O)C(N(CCCC(=O)OCCCCCCCCCCCC)CCCC(=O)OCCCCCCCCCCCC)C1O,1.0,15.0,15.0,30.0,3.0,20.0,3.9318256327243257,1.252762968495368,7.7485376741,5.0694700798,9.0,12,7.964271845616737,0.0,4,0,0,True,False,False,True,False,False,False,True,False,0.23741686966799405
CCCCCCOC(=O)CCCN(C)C1C(O)C(OC2C(O)C(OC3OC(C(C)O)C(O)C(O)C3N(CCCC(=O)OCCCCCC)CCCC(=O)OCCCCCC)C(N(CCCC(=O)OCCCCCC)CCCC(=O)OCCCCCC)CC2N(CCCC(=O)OCCCCCC)CCCC(=O)OCCCCCC)OCC1(C)O,1.0,15.0,15.0,30.0,3.0,20.0,3.9318256327243257,1.252762968495368,7.7485376741,5.0694700798,7.0,6,7.432082543989563,0.0,4,0,0,True,False,False,True,False,False,False,True,False,0.23741686966799405
CCCCCCCCOC(=O)CCCN(C)C1C(O)C(OC2C(O)C(OC3OC(C(C)O)C(O)C(O)C3N(CCCC(=O)OCCCCCCCC)CCCC(=O)OCCCCCCCC)C(N(CCCC(=O)OCCCCCCCC)CCCC(=O)OCCCCCCCC)CC2N(CCCC(=O)OCCCCCCCC)CCCC(=O)OCCCCCCCC)OCC1(C)O,1.0,15.0,15.0,30.0,3.0,20.0,3.9318256327243257,1.252762968495368,7.7485376741,5.0694700798,7.0,8,7.542054383732877,0.0,4,0,0,True,False,False,True,False,False,False,True,False,0.23741686966799405
CC(C)CCCCCOC(=O)CCCN(C)C1C(O)C(OC2C(O)C(OC3OC(C(C)O)C(O)C(O)C3N(CCCC(=O)OCCCCCC(C)C)CCCC(=O)OCCCCCC(C)C)C(N(CCCC(=O)OCCCCCC(C)C)CCCC(=O)OCCCCCC(C)C)CC2N(CCCC(=O)OCCCCCC(C)C)CCCC(=O)OCCCCCC(C)C)OCC1(C)O,1.0,15.0,15.0,30.0,3.0,20.0,3.9318256327243257,1.252762968495368,7.7485376741,5.0694700798,7.0,7,7.542054383732876,0.0,4,0,0,True,False,False,True,False,False,False,True,False,0.23741686966799405
CCCCCCCCCCOC(=O)CCCN(C)C1C(O)C(OC2C(O)C(OC3OC(C(C)O)C(O)C(O)C3N(CCCC(=O)OCCCCCCCCCC)CCCC(=O)OCCCCCCCCCC)C(N(CCCC(=O)OCCCCCCCCCC)CCCC(=O)OCCCCCCCCCC)CC2N(CCCC(=O)OCCCCCCCCCC)CCCC(=O)OCCCCCCCCCC)OCC1(C)O,1.0,15.0,15.0,30.0,3.0,20.0,3.9318256327243257,1.252762968495368,7.7485376741,5.0694700798,7.0,10,7.641121712450102,0.0,4,0,0,True,False,False,True,False,False,False,True,False,0.23741686966799405
CCCCCCCCCCCCOC(=O)CCCN(C)C1C(O)C(OC2C(O)C(OC3OC(C(C)O)C(O)C(O)C3N(CCCC(=O)OCCCCCCCCCCCC)CCCC(=O)OCCCCCCCCCCCC)C(N(CCCC(=O)OCCCCCCCCCCCC)CCCC(=O)OCCCCCCCCCCCC)CC2N(CCCC(=O)OCCCCCCCCCCCC)CCCC(=O)OCCCCCCCCCCCC)OCC1(C)O,1.0,15.0,15.0,30.0,3.0,20.0,3.9318256327243257,1.252762968495368,7.7485376741,5.0694700798,7.0,12,7.731253299567292,0.0,4,0,0,True,False,False,True,False,False,False,True,False,0.23741686966799405
CC(C)=CCC/C(C)=C\CSCC(C)C(=O)OCCOC(=O)CCN(CCCN1CCN(C)CC1)CCC(=O)OCCOC(=O)C(C)CSC/C=C(/C)CCC=C(C)C,0.99425,23.80952381,23.80952381,47.61904762,4.761904762,11.85778082,3.422451636210043,1.252762968495368,7.2166948023,5.0470315093,2.0,8,6.7653676424872335,4.0,3,0,0,True,False,False,True,False,False,False,True,False,0.27270842517126676
CC(C)=CCC/C(C)=C\CSCC(C)C(=O)OCCOC(=O)CCN(CCC(=O)OCCOC(=O)C(C)CSC/C=C(/C)CCC=C(C)C)CCN(C)C,0.94444,23.80952381,23.80952381,47.61904762,4.761904762,11.17613803,3.3652366449401283,1.252762968495368,7.1594785126,5.0470315093,2.0,8,6.682331630220261,4.0,2,0,0,True,False,False,True,False,False,False,True,False,0.19451656934120226
CC(C)=CCC/C(C)=C\CSCC(C)C(=O)OCCOC(=O)CCN(CCO)CCCN(CCC(=O)OCCOC(=O)C(C)CSC/C=C(/C)CCC=C(C)C)CCC(=O)OCCOC(=O)C(C)CSC/C=C(/C)CCC=C(C)C,0.91954,23.80952381,23.80952381,47.61904762,4.761904762,14.5995359,3.6243099924977136,1.252762968495368,7.4185529024,5.0470315093,3.0,8,7.075568767532858,6.0,2,0,0,True,False,False,True,False,False,False,True,False,1.4115469467119037
CC(C)=CCC/C(C)=C\CSCC(C)C(=O)OCCOC(=O)CCN(CCCN(C)CCCN(CCC(=O)OCCOC(=O)C(C)CSC/C=C(/C)CCC=C(C)C)CCC(=O)OCCOC(=O)C(C)CSC/C=C(/C)CCC=C(C)C)CCC(=O)OCCOC(=O)C(C)CSC/C=C(/C)CCC=C(C)C,0.96935,23.80952381,23.80952381,47.61904762,4.761904762,17.2775286,3.788584994244936,1.252762968495368,7.5828250432,5.0470315093,4.0,8,7.35519244003977,8.0,3,0,0,True,False,False,True,False,False,False,True,False,0.6136515043492979
CC(C)=CCC/C(C)=C\CSCC(C)C(=O)OCCOC(=O)CCN(CCC(=O)OCCOC(=O)C(C)CSC/C=C(/C)CCC=C(C)C)CCN(CCN(CCC(=O)OCCOC(=O)C(C)CSC/C=C(/C)CCC=C(C)C)CCC(=O)OCCOC(=O)C(C)CSC/C=C(/C)CCC=C(C)C)CCN(CCC(=O)OCCOC(=O)C(C)CSC/C=C(/C)CCC=C(C)C)CCC(=O)OCCOC(=O)C(C)CSC/C=C(/C)CCC=C(C)C,0.9272,23.80952381,23.80952381,47.61904762,4.761904762,21.00407112,3.979871875061105,1.252762968495368,7.7741117925,5.0470315093,6.0,8,7.729431988678006,12.0,4,0,0,True,False,False,True,False,False,False,True,False,1.0102736485350317
CC(C)=CCC/C(C)=C/CC/C(C)=C/CSCC(C)C(=O)OCCOC(=O)CCN(CCCN1CCN(C)CC1)CCC(=O)OCCOC(=O)C(C)CSC/C=C(\C)CC/C=C(\C)CCC=C(C)C,0.98084,23.80952381,23.80952381,47.61904762,4.761904762,13.11135437,3.519821128266478,1.252762968495368,7.3140600345,5.0470315093,2.0,12,6.911272087754505,6.0,3,0,0,True,False,False,True,False,False,False,True,False,0.7045276947822933
CC(C)=CCC/C(C)=C/CC/C(C)=C/CSCC(C)C(=O)OCCOC(=O)CCN(CCC(=O)OCCOC(=O)C(C)CSC/C=C(\C)CC/C=C(\C)CCC=C(C)C)CCN(C)C,0.95594,23.80952381,23.80952381,47.61904762,4.761904762,12.48975624,3.4727236378628867,1.252762968495368,7.2669670026,5.0470315093,2.0,12,6.839921735215031,6.0,2,0,0,True,False,False,True,False,False,False,True,False,0.19600406932583014
CC(C)=CCC/C(C)=C/CC/C(C)=C/CSCC(C)C(=O)OCCOC(=O)CCN(CCO)CCCN(CCC(=O)OCCOC(=O)C(C)CSC/C=C(\C)CC/C=C(\C)CCC=C(C)C)CCC(=O)OCCOC(=O)C(C)CSC/C=C(\C)CC/C=C(\C)CCC=C(C)C,1.0,23.80952381,23.80952381,47.61904762,4.761904762,16.1075851,3.7201107101799264,1.252762968495368,7.5143527941,5.0470315093,3.0,12,7.234951050508785,9.0,2,0,0,True,False,False,True,False,False,False,True,False,0.23741686966799405
CC(C)=CCC/C(C)=C/CC/C(C)=C/CSCC(C)C(=O)OCCOC(=O)CCN(CCCN(C)CCCN(CCC(=O)OCCOC(=O)C(C)CSC/C=C(\C)CC/C=C(\C)CCC=C(C)C)CCC(=O)OCCOC(=O)C(C)CSC/C=C(\C)CC/C=C(\C)CCC=C(C)C)CCC(=O)OCCOC(=O)C(C)CSC/C=C(\C)CC/C=C(\C)CCC=C(C)C,0.92146,23.80952381,23.80952381,47.61904762,4.761904762,18.86841846,3.874758138280495,1.252762968495368,7.6690002639,5.0470315093,4.0,12,7.515766050972798,12.0,3,0,0,True,False,False,True,False,False,False,True,False,1.3471234022063105
CC(C)=CCC/C(C)=C/CC/C(C)=C/CSCC(C)C(=O)OCCOC(=O)CCN(CCC(=O)OCCOC(=O)C(C)CSC/C=C(\C)CC/C=C(\C)CCC=C(C)C)CCN(CCN(CCC(=O)OCCOC(=O)C(C)CSC/C=C(\C)CC/C=C(\C)CCC=C(C)C)CCC(=O)OCCOC(=O)C(C)CSC/C=C(\C)CC/C=C(\C)CCC=C(C)C)CCN(CCC(=O)OCCOC(=O)C(C)CSC/C=C(\C)CC/C=C(\C)CCC=C(C)C)CCC(=O)OCCOC(=O)C(C)CSC/C=C(\C)CC/C=C(\C)CCC=C(C)C,0.86782,23.80952381,23.80952381,47.61904762,4.761904762,22.64272036,4.053640631912548,1.252762968495368,7.8478797181,5.0470315093,6.0,12,7.8946997955962,18.0,4,0,0,True,False,False,True,False,False,False,True,False,3.566015181833605
C=CCCCCSCC(C)C(=O)OCCOC(=O)CCN(CCCN1CCN(C)CC1)CCC(=O)OCCOC(=O)C(C)CSCCCCC=C,1.0,23.80952381,23.80952381,47.61904762,4.761904762,10.77588088,3.3300486952179686,1.252762968495368,7.1242850071,5.0470315093,2.0,6,6.632134838371347,2.0,3,0,0,True,False,False,True,False,False,False,True,False,0.23741686966799405
C=CCCCCSCC(C)C(=O)OCCOC(=O)CCN(CCCN1CCN(CCCN(CCC(=O)OCCOC(=O)C(C)CSCCCCC=C)CCC(=O)OCCOC(=O)C(C)CSCCCCC=C)CC1)CCC(=O)OCCOC(=O)C(C)CSCCCCC=C,0.94444,23.80952381,23.80952381,47.61904762,4.761904762,16.21769967,3.726759104381723,1.252762968495368,7.5209984923,5.0470315093,4.0,6,7.246375207660809,4.0,4,0,0,True,False,False,True,False,False,False,True,False,0.19451656934120226
C=CCCCCSCC(C)C(=O)OCCOC(=O)CCN(CCC(=O)OCCOC(=O)C(C)CSCCCCC=C)CCN(CCN(CCC(=O)OCCOC(=O)C(C)CSCCCCC=C)CCC(=O)OCCOC(=O)C(C)CSCCCCC=C)CCN(CCC(=O)OCCOC(=O)C(C)CSCCCCC=C)CCC(=O)OCCOC(=O)C(C)CSCCCCC=C,1.0,23.80952381,23.80952381,47.61904762,4.761904762,19.46459718,3.9052298430594576,1.252762968495368,7.6994709616,5.0470315093,6.0,6,7.57546054129233,6.0,4,0,0,True,False,False,True,False,False,False,True,False,0.23741686966799405
CC(C)=CCCC(C)CCSCC(C)C(=O)OCCOC(=O)CCN(CCC(=O)OCCOC(=O)C(C)CSCCC(C)CCC=C(C)C)CCN(CCN(CCC(=O)OCCOC(=O)C(C)CSCCC(C)CCC=C(C)C)CCC(=O)OCCOC(=O)C(C)CSCCC(C)CCC=C(C)C)CCN(CCC(=O)OCCOC(=O)C(C)CSCCC(C)CCC=C(C)C)CCC(=O)OCCOC(=O)C(C)CSCCC(C)CCC=C(C)C,0.95211,23.80952381,23.80952381,47.61904762,4.761904762,21.05699789,3.982341566000887,1.252762968495368,7.7765811681,5.0470315093,6.0,8,7.734736431384895,6.0,4,0,0,True,False,False,True,False,False,False,True,False,0.1708345788139856
CCCCCCCCCCC(O)N(CCC(O)C(=O)NC1CC(N(C(O)CCCCCCCCCC)C(O)CCCCCCCCCC)C(OC2OC(CN(C(O)CCCCCCCCCC)C(O)CCCCCCCCCC)C(O)C(O)C2O)C(O)C1OC1OC(CO)C(O)C(N(C(O)CCCCCCCCCC)C(O)CCCCCCCCCC)C1O)C(O)CCCCCCCCCC,0.79235,6.5,1.0,26.6,24.2,7.027330447330451,3.195584058436354,1.4663370687934272,7.8007528186,6.0714995625,8.0,11,7.57505938542456,0.0,4,0,0,False,True,False,False,True,True,False,False,False,4.6665152070961184
CCCCCCCCCCCC(O)N(CCC(O)C(=O)NC1CC(N(C(O)CCCCCCCCCCC)C(O)CCCCCCCCCCC)C(OC2OC(CN(C(O)CCCCCCCCCCC)C(O)CCCCCCCCCCC)C(O)C(O)C2O)C(O)C1OC1OC(CO)C(O)C(N(C(O)CCCCCCCCCCC)C(O)CCCCCCCCCCC)C1O)C(O)CCCCCCCCCCC,0.90437,6.5,1.0,26.6,24.2,7.432150072150075,3.2493597747115577,1.4663370687934272,7.8545286581,6.0714995625,8.0,12,7.631039735212305,0.0,4,0,0,False,True,False,False,True,True,False,False,False,1.8899141771417047
CCCCCCCCCCCCC(O)N(CCC(O)C(=O)NC1CC(N(C(O)CCCCCCCCCCCC)C(O)CCCCCCCCCCCC)C(OC2OC(CN(C(O)CCCCCCCCCCCC)C(O)CCCCCCCCCCCC)C(O)C(O)C2O)C(O)C1OC1OC(CO)C(O)C(N(C(O)CCCCCCCCCCCC)C(O)CCCCCCCCCCCC)C1O)C(O)CCCCCCCCCCCC,1.0,6.5,1.0,26.6,24.2,7.836969696969701,3.300390641930007,1.4663370687934272,7.9055596362,6.0714995625,8.0,13,7.684051721490662,0.0,4,0,0,False,True,False,False,True,True,False,False,False,0.23741686966799405
CCCCCCCCCCCCCC(O)N(CCC(O)C(=O)NC1CC(N(C(O)CCCCCCCCCCCCC)C(O)CCCCCCCCCCCCC)C(OC2OC(CN(C(O)CCCCCCCCCCCCC)C(O)CCCCCCCCCCCCC)C(O)C(O)C2O)C(O)C1OC1OC(CO)C(O)C(N(C(O)CCCCCCCCCCCCC)C(O)CCCCCCCCCCCCC)C1O)C(O)CCCCCCCCCCCCC,1.0,6.5,1.0,26.6,24.2,8.241789321789323,3.348943312637416,1.4663370687934272,7.9541124073,6.0714995625,8.0,14,7.7343943513864595,0.0,4,0,0,False,True,False,False,True,True,False,False,False,0.23741686966799405
CCCCCCCCCCCCCCC(O)N(CCC(O)C(=O)NC1CC(N(C(O)CCCCCCCCCCCCCC)C(O)CCCCCCCCCCCCCC)C(OC2OC(CN(C(O)CCCCCCCCCCCCCC)C(O)CCCCCCCCCCCCCC)C(O)C(O)C2O)C(O)C1OC1OC(CO)C(O)C(N(C(O)CCCCCCCCCCCCCC)C(O)CCCCCCCCCCCCCC)C1O)C(O)CCCCCCCCCCCCCC,0.9153,6.5,1.0,26.6,24.2,8.646608946608948,3.395247376169216,1.4663370687934272,8.0004165622,6.0714995625,8.0,15,7.782323611092873,0.0,4,0,0,False,True,False,False,True,True,False,False,False,1.5183019261361097
CCCCCCCCCCCCCCCCC(O)N(CCC(O)C(=O)NC1CC(N(C(O)CCCCCCCCCCCCCCCC)C(O)CCCCCCCCCCCCCCCC)C(OC2OC(CN(C(O)CCCCCCCCCCCCCCCC)C(O)CCCCCCCCCCCCCCCC)C(O)C(O)C2O)C(O)C1OC1OC(CO)C(O)C(N(C(O)CCCCCCCCCCCCCCCC)C(O)CCCCCCCCCCCCCCCC)C1O)C(O)CCCCCCCCCCCCCCCC,0.95082,6.5,1.0,26.6,24.2,9.456248196248197,3.481880724725853,1.4663370687934272,8.0870500706,6.0714995625,8.0,17,7.871796396548153,0.0,4,0,0,False,True,False,False,True,True,False,False,False,0.16804681016245518
CCCCCCCCCCC(O)N(C)C1C(O)C(OC2C(O)C(OC3OC(C(C)O)C(O)C(O)C3N(C(O)CCCCCCCCCC)C(O)CCCCCCCCCC)C(N(C(O)CCCCCCCCCC)C(O)CCCCCCCCCC)CC2N(C(O)CCCCCCCCCC)C(O)CCCCCCCCCC)OCC1(C)O,0.85792,6.5,1.0,26.6,24.2,6.091738816738815,3.0589791509943165,1.4663370687934272,7.6641495221,6.0714995625,7.0,11,7.43226484903613,0.0,4,0,0,False,True,False,False,True,True,False,False,False,2.0496889450008675
CCCCCCCCCCCC(O)N(C)C1C(O)C(OC2C(O)C(OC3OC(C(C)O)C(O)C(O)C3N(C(O)CCCCCCCCCCC)C(O)CCCCCCCCCCC)C(N(C(O)CCCCCCCCCCC)C(O)CCCCCCCCCCC)CC2N(C(O)CCCCCCCCCCC)C(O)CCCCCCCCCCC)OCC1(C)O,1.0,6.5,1.0,26.6,24.2,6.445955988455988,3.1129160168492396,1.4663370687934272,7.7180853151,6.0714995625,7.0,12,7.488751720184259,0.0,4,0,0,False,True,False,False,True,True,False,False,False,0.23741686966799405
CCCCCCCCCCCCC(O)N(C)C1C(O)C(OC2C(O)C(OC3OC(C(C)O)C(O)C(O)C3N(C(O)CCCCCCCCCCCC)C(O)CCCCCCCCCCCC)C(N(C(O)CCCCCCCCCCCC)C(O)CCCCCCCCCCCC)CC2N(C(O)CCCCCCCCCCCC)C(O)CCCCCCCCCCCC)OCC1(C)O,0.76503,6.5,1.0,26.6,24.2,6.800173160173161,3.164091976832588,1.4663370687934272,7.7692603093,6.0714995625,7.0,13,7.542217704965955,0.0,4,0,0,False,True,False,False,True,True,False,False,False,5.9789449428660975
CCCCCCCCCCCCCC(O)N(C)C1C(O)C(OC2C(O)C(OC3OC(C(C)O)C(O)C(O)C3N(C(O)CCCCCCCCCCCCC)C(O)CCCCCCCCCCCCC)C(N(C(O)CCCCCCCCCCCCC)C(O)CCCCCCCCCCCCC)CC2N(C(O)CCCCCCCCCCCCC)C(O)CCCCCCCCCCCCC)OCC1(C)O,0.68033,6.5,1.0,26.6,24.2,7.154390331890333,3.212775969438643,1.4663370687934272,7.8179474524,6.0714995625,7.0,14,7.592969577270299,0.0,4,0,0,False,True,False,False,True,True,False,False,False,11.258686330924464
CCCCCCCCCCCC(O)N(CC1OC(OC2C(CO)OC(OC3C(O)C(N(C(O)CCCCCCCCCCC)C(O)CCCCCCCCCCC)CC(N(C(O)CCCCCCCCCCC)C(O)CCCCCCCCCCC)C3OC3OC(CO)C(O)C(O)C3N(C(O)CCCCCCCCCCC)C(O)CCCCCCCCCCC)C2O)C(N(C(O)CCCCCCCCCCC)C(O)CCCCCCCCCCC)C(O)C1O)C(O)CCCCCCCCCCC,1.0,6.5,1.0,26.6,24.2,8.870360750360746,3.4199494300997535,1.4663370687934272,8.0251206248,6.0714995625,10.0,12,7.807861342845316,0.0,5,0,0,False,True,False,False,True,True,False,False,False,0.23741686966799405
CCCCCCCCCCC(O)N(C)C1CC(N(C(O)CCCCCCCCCC)C(O)CCCCCCCCCC)C(O)C(OC2OC(CO)C(O)C3OC4(OC23)OC(C(CO)N(C(O)CCCCCCCCCC)C(O)CCCCCCCCCC)C(O)C(O)C4O)C1O,0.98087,6.5,1.0,26.6,24.2,4.974761904761908,2.866906346131355,1.4663370687934272,7.4720742752,6.0714995625,5.0,11,7.229841676697775,0.0,3,0,0,False,True,False,False,True,True,False,False,False,0.7033663212392296
CCCCCCCCCCCC(O)N(C)C1CC(N(C(O)CCCCCCCCCCC)C(O)CCCCCCCCCCC)C(O)C(OC2OC(CO)C(O)C3OC4(OC23)OC(C(CO)N(C(O)CCCCCCCCCCC)C(O)CCCCCCCCCCC)C(O)C(O)C4O)C1O,0.90437,6.5,1.0,26.6,24.2,5.2277741702741745,2.913758037980388,1.4663370687934272,7.5189274696,6.0714995625,5.0,12,7.279414692889112,0.0,3,0,0,False,True,False,False,True,True,False,False,False,1.8899141771417047
CCCCCCCCCCCCC(O)N(C)C1CC(N(C(O)CCCCCCCCCCCC)C(O)CCCCCCCCCCCC)C(O)C(OC2OC(CO)C(O)C3OC4(OC23)OC(C(CO)N(C(O)CCCCCCCCCCCC)C(O)CCCCCCCCCCCC)C(O)C(O)C4O)C1O,1.0,6.5,1.0,26.6,24.2,5.48078643578644,2.9585125393094356,1.4663370687934272,7.5636833419,6.0714995625,5.0,13,7.326645860752767,0.0,3,0,0,False,True,False,False,True,True,False,False,False,0.23741686966799405
CCCCCCCCCCCCCC(O)N(C)C1CC(N(C(O)CCCCCCCCCCCCC)C(O)CCCCCCCCCCCCC)C(O)C(OC2OC(CO)C(O)C3OC4(OC23)OC(C(CO)N(C(O)CCCCCCCCCCCCC)C(O)CCCCCCCCCCCCC)C(O)C(O)C4O)C1O,1.0,6.5,1.0,26.6,24.2,5.7337987012987055,3.0013495837669644,1.4663370687934272,7.6065216423,6.0714995625,5.0,14,7.371746494840021,0.0,3,0,0,False,True,False,False,True,True,False,False,False,0.23741686966799405
CCCCCCCCCCCCCCC(O)N(C)C1CC(N(C(O)CCCCCCCCCCCCCC)C(O)CCCCCCCCCCCCCC)C(O)C(OC2OC(CO)C(O)C3OC4(OC23)OC(C(CO)N(C(O)CCCCCCCCCCCCCC)C(O)CCCCCCCCCCCCCC)C(O)C(O)C4O)C1O,1.0,6.5,1.0,26.6,24.2,5.986810966810971,3.0424267459630703,1.4663370687934272,7.6475951876,6.0714995625,5.0,15,7.414900538508493,0.0,3,0,0,False,True,False,False,True,True,False,False,False,0.23741686966799405
CCCCCCCCCCCCCCCCC(O)N(C)C1CC(N(C(O)CCCCCCCCCCCCCCCC)C(O)CCCCCCCCCCCCCCCC)C(O)C(OC2OC(CO)C(O)C3OC4(OC23)OC(C(CO)N(C(O)CCCCCCCCCCCCCCCC)C(O)CCCCCCCCCCCCCCCC)C(O)C(O)C4O)C1O,1.0,6.5,1.0,26.6,24.2,6.492835497835501,3.119841257818428,1.4663370687934272,7.7250121066,6.0714995625,5.0,17,7.495994063884826,0.0,3,0,0,False,True,False,False,True,True,False,False,False,0.23741686966799405
CCCCCCCCCCCC(O)N(CC1OC(OC2C(O)C(OC3OC(CO)C(O)C(N(C(O)CCCCCCCCCCC)C(O)CCCCCCCCCCC)C3O)C(N(C(O)CCCCCCCCCCC)C(O)CCCCCCCCCCC)CC2N(C(O)CCCCCCCCCCC)C(O)CCCCCCCCCCC)C(N(C(O)CCCCCCCCCCC)C(O)CCCCCCCCCCC)C(O)C1O)C(O)CCCCCCCCCCC,1.0,6.5,1.0,26.6,24.2,8.393755411255407,3.366577803445886,1.4663370687934272,7.9717485173,6.0714995625,10.0,12,7.752656985169148,0.0,5,0,0,False,True,False,False,True,True,False,False,False,0.23741686966799405
CCCCCCCCCCCCC(O)N(CC1OC(OC2C(O)C(OC3OC(CO)C(O)C(N(C(O)CCCCCCCCCCCC)C(O)CCCCCCCCCCCC)C3O)C(N(C(O)CCCCCCCCCCCC)C(O)CCCCCCCCCCCC)CC2N(C(O)CCCCCCCCCCCC)C(O)CCCCCCCCCCCC)C(N(C(O)CCCCCCCCCCCC)C(O)CCCCCCCCCCCC)C(O)C1O)C(O)CCCCCCCCCCCC,1.0,6.5,1.0,26.6,24.2,8.899779942279942,3.4231523687774614,1.4663370687934272,8.0283214741,6.0714995625,10.0,13,7.811171083536974,0.0,5,0,0,False,True,False,False,True,True,False,False,False,0.23741686966799405
CCCCCCCCCCCCCC(O)N(CC1OC(OC2C(O)C(OC3OC(CO)C(O)C(N(C(O)CCCCCCCCCCCCC)C(O)CCCCCCCCCCCCC)C3O)C(N(C(O)CCCCCCCCCCCCC)C(O)CCCCCCCCCCCCC)CC2N(C(O)CCCCCCCCCCCCC)C(O)CCCCCCCCCCCCC)C(N(C(O)CCCCCCCCCCCCC)C(O)CCCCCCCCCCCCC)C(O)C1O)C(O)CCCCCCCCCCCCC,0.47268,6.5,1.0,26.6,24.2,9.405804473304473,3.476696910175539,1.4663370687934272,8.0818676656,6.0714995625,10.0,14,7.866449729790685,0.0,5,0,0,False,True,False,False,True,True,False,False,False,19.02254821608531
CCCCCCCCCCCCCCC(O)N(C)C1C(OC2CC(O)C(N(C(O)CCCCCCCCCCCCCC)C(O)CCCCCCCCCCCCCC)C(CO)O2)OC2CC(N(C(O)CCCCCCCCCCCCCC)C(O)CCCCCCCCCCCCCC)C(OC3C(O)C(O)C(N(C(O)CCCCCCCCCCCCCC)C(O)CCCCCCCCCCCCCC)CC3N(C(O)CCCCCCCCCCCCCC)C(O)CCCCCCCCCCCCCC)OC2C1O,0.83607,6.5,1.0,26.6,24.2,9.23961038961039,3.4594254492886884,1.4663370687934272,8.0645955945,6.0714995625,9.0,15,7.848629349183766,0.0,5,0,0,False,True,False,False,True,True,False,False,False,3.29785533217686
CCCCCCCCCCC(O)N(CC1OC(OC2C(OC3OC(CO)C(O)C3O)C(O)C(N(C(O)CCCCCCCCCC)C(O)CCCCCCCCCC)CC2N(C(O)CCCCCCCCCC)C(O)CCCCCCCCCC)C(N(C(O)CCCCCCCCCC)C(O)CCCCCCCCCC)C(O)C1O)C(O)CCCCCCCCCC,1.0,6.5,1.0,26.6,24.2,6.554274891774891,3.1288453337402045,1.4663370687934272,7.734016265,6.0714995625,8.0,11,7.505407012576857,0.0,4,0,0,False,True,False,False,True,True,False,False,False,0.23741686966799405
CCCCCCCCCCCCC(O)N(CC1OC(OC2C(OC3OC(CO)C(O)C3O)C(O)C(N(C(O)CCCCCCCCCCCC)C(O)CCCCCCCCCCCC)CC2N(C(O)CCCCCCCCCCCC)C(O)CCCCCCCCCCCC)C(N(C(O)CCCCCCCCCCCC)C(O)CCCCCCCCCCCC)C(O)C1O)C(O)CCCCCCCCCCCC,0.68852,6.5,1.0,26.6,24.2,7.363914141414143,3.2404956420891207,1.4663370687934272,7.8456665925,6.0714995625,8.0,13,7.6218206408470355,0.0,4,0,0,False,True,False,False,True,True,False,False,False,10.760334616859621
CCCCCCCCCCCC(O)N(C)C(C)C1CCC(N(C(O)CCCCCCCCCCC)C(O)CCCCCCCCCCC)C(OC2C(O)C(OC3OCC(C)(O)C(N(C)C(O)CCCCCCCCCCC)C3O)C(N(C(O)CCCCCCCCCCC)C(O)CCCCCCCCCCC)CC2N(C(O)CCCCCCCCCCC)C(O)CCCCCCCCCCC)O1,0.70765,6.5,1.0,26.6,24.2,7.042521645021649,3.197655136321204,1.4663370687934272,7.8028264602,6.0714995625,8.0,12,7.577217676420937,0.0,5,0,0,False,True,False,False,True,True,False,False,False,9.562854623026134
CCCCCCCCCCCCC(O)N(C)C(C)C1CCC(N(C(O)CCCCCCCCCCCC)C(O)CCCCCCCCCCCC)C(OC2C(O)C(OC3OCC(C)(O)C(N(C)C(O)CCCCCCCCCCCC)C3O)C(N(C(O)CCCCCCCCCCCC)C(O)CCCCCCCCCCCC)CC2N(C(O)CCCCCCCCCCCC)C(O)CCCCCCCCCCCC)O1,0.7459,6.5,1.0,26.6,24.2,7.447341269841275,3.251322526876012,1.4663370687934272,7.8564938397,6.0714995625,8.0,13,7.6330806437393965,0.0,5,0,0,False,True,False,False,True,True,False,False,False,7.758571929184825
CCCCCCCCCCCCCC(O)N(C)C(C)C1CCC(N(C(O)CCCCCCCCCCCCC)C(O)CCCCCCCCCCCCC)C(OC2C(O)C(OC3OCC(C)(O)C(N(C)C(O)CCCCCCCCCCCCC)C3O)C(N(C(O)CCCCCCCCCCCCC)C(O)CCCCCCCCCCCCC)CC2N(C(O)CCCCCCCCCCCCC)C(O)CCCCCCCCCCCCC)O1,0.54098,6.5,1.0,26.6,24.2,7.852160894660901,3.3022558368843806,1.4663370687934272,7.9074271398,6.0714995625,8.0,14,7.685987357061196,0.0,5,0,0,False,True,False,False,True,True,False,False,False,20.87092195022697
CCCCCCCCCCCCCCC(O)N(C)C(C)C1CCC(N(C(O)CCCCCCCCCCCCCC)C(O)CCCCCCCCCCCCCC)C(OC2C(O)C(OC3OCC(C)(O)C(N(C)C(O)CCCCCCCCCCCCCC)C3O)C(N(C(O)CCCCCCCCCCCCCC)C(O)CCCCCCCCCCCCCC)CC2N(C(O)CCCCCCCCCCCCCC)C(O)CCCCCCCCCCCCCC)O1,0.69945,6.5,1.0,26.6,24.2,8.256980519480525,3.350720189199782,1.4663370687934272,7.9558914831,6.0714995625,8.0,15,7.73623504155064,0.0,5,0,0,False,True,False,False,True,True,False,False,False,10.729440378215832
CCCCCCCCCCCC(O)N(C(O)CCCCCCCCCCC)C1CC(N(C(O)CCCCCCCCCCC)C(O)CCCCCCCCCCC)C(O)C(O)C1O,0.39071,6.5,1.0,26.6,24.2,3.244880952380951,2.4694773819072027,1.4663370687934272,7.0746501202,6.0714995625,4.0,12,6.802929065004187,0.0,2,0,0,False,True,False,False,True,True,False,False,False,23.78512992903717
CCCCCCCCCCCCC(O)N(C(O)CCCCCCCCCCCC)C1CC(N(C(O)CCCCCCCCCCCC)C(O)CCCCCCCCCCCC)C(O)C(O)C1O,0.18306,6.5,1.0,26.6,24.2,3.4472907647907625,2.525005920483834,1.4663370687934272,7.130178571,6.0714995625,4.0,13,6.863373832120914,0.0,2,0,0,False,True,False,False,True,True,False,False,False,23.78512992903717
CCCCCCCCCCNC(=N)CCCSCCC(=O)OCCCCCCCCC,0.985,17.3,12.5,24.2,1.0,10.0,3.4339872044851463,1.3862943611198906,7.3460102099,5.2983173666,2.0,10,6.126390903817533,0.0,1,0,0,True,False,False,True,False,False,True,False,False,0.5270832549552913
CCCCCCCCCCCCNC(=N)CCCSCCC(=O)OCCCCCCCCC,0.995,17.3,12.5,24.2,1.0,10.0,3.4339872044851463,1.3862943611198906,7.3460102099,5.2983173666,2.0,12,6.185869060082387,0.0,1,0,0,True,False,False,True,False,False,True,False,False,0.2637903303672649
CCCCCCCCCCCCCCNC(=N)CCCSCCC(=O)OCCCCCCCCC,0.965,17.3,12.5,24.2,1.0,10.0,3.4339872044851463,1.3862943611198906,7.3460102099,5.2983173666,2.0,14,6.242007288826501,0.0,1,0,0,True,False,False,True,False,False,True,False,False,0.41195806252279676
CCCCCCCCCCCCCCCCNC(=N)CCCSCCC(=O)OCCCCCCCCC,0.95,17.3,12.5,24.2,1.0,10.0,3.4339872044851463,1.3862943611198906,7.3460102099,5.2983173666,2.0,16,6.295160829857649,0.0,1,0,0,True,False,False,True,False,False,True,False,False,0.16763966577642503
CCCCCCCCCCCCCCCCCCNC(=N)CCCSCCC(=O)OCCCCCCCCC,0.965,17.3,12.5,24.2,1.0,10.0,3.4339872044851463,1.3862943611198906,7.3460102099,5.2983173666,2.0,18,6.345631097656851,0.0,1,0,0,True,False,False,True,False,False,True,False,False,0.41195806252279676
CCCCCCCC/C=C\CCCCCCCCNC(=N)CCCSCCC(=O)OCCCCCCCCC,1.0,17.3,12.5,24.2,1.0,10.0,3.4339872044851463,1.3862943611198906,7.3460102099,5.2983173666,2.0,18,6.342087967457439,1.0,1,0,0,True,False,False,True,False,False,True,False,False,0.23741686966799405
CCCCCCCCCCCCCCCC(=O)NNC(=N)CCCSCCC(=O)OCCCCCCCCC,1.0,17.3,12.5,24.2,1.0,10.0,3.4339872044851463,1.3862943611198906,7.3460102099,5.2983173666,2.0,16,6.3472858768217355,0.0,1,0,0,True,False,False,True,False,False,True,False,False,0.23741686966799405
CCCCCCCCCCCCCCCCCC(=O)NNC(=N)CCCSCCC(=O)OCCCCCCCCC,0.985,17.3,12.5,24.2,1.0,10.0,3.4339872044851463,1.3862943611198906,7.3460102099,5.2983173666,2.0,18,6.395253250835202,0.0,1,0,0,True,False,False,True,False,False,True,False,False,0.5270832549552913
CCCCCCCCCOC(=O)CCSCCCC(=N)NCC(CCCCCC)CCCCCCCC,0.985,17.3,12.5,24.2,1.0,10.0,3.4339872044851463,1.3862943611198906,7.3460102099,5.2983173666,2.0,15,6.295160829857649,0.0,1,0,0,True,False,False,True,False,False,True,False,False,0.5270832549552913
CCCCCCCCCOC(=O)CCSCCCC(=N)NCC(=O)OCCCCCCCC,0.95,17.3,12.5,24.2,1.0,10.0,3.4339872044851463,1.3862943611198906,7.3460102099,5.2983173666,2.0,9,6.189829632146499,0.0,1,0,0,True,False,False,True,False,False,True,False,False,0.16763966577642503
CCCCCCCCCOC(=O)CCSCCCC(=N)Nc1ccc(CCCCCCCC)cc1,1.0,17.3,12.5,24.2,1.0,10.0,3.4339872044851463,1.3862943611198906,7.3460102099,5.2983173666,2.0,9,6.2261907596652595,0.0,1,0,0,True,False,False,True,False,False,True,False,False,0.23741686966799405
CCCCCCCCCCc1ccc(NC(=N)CCCSCCC(=O)OCCCCCCCCC)cc1,0.905,17.3,12.5,24.2,1.0,10.0,3.4339872044851463,1.3862943611198906,7.3460102099,5.2983173666,2.0,11,6.280169221524105,0.0,1,0,0,True,False,False,True,False,False,True,False,False,1.8583404657170626
CCCCCCCCCCCCc1ccc(NC(=N)CCCSCCC(=O)OCCCCCCCCC)cc1,0.885,17.3,12.5,24.2,1.0,10.0,3.4339872044851463,1.3862943611198906,7.3460102099,5.2983173666,2.0,13,6.33138262570492,0.0,1,0,0,True,False,False,True,False,False,True,False,False,3.514465561715339
CCCCCCCCCOC(=O)CCSCCCC(=N)Nc1ccc(OCCCCCCCCC)cc1,1.0,17.3,12.5,24.2,1.0,10.0,3.4339872044851463,1.3862943611198906,7.3460102099,5.2983173666,2.0,9,6.283856137351163,0.0,1,0,0,True,False,False,True,False,False,True,False,False,0.23741686966799405
CCCCCCCCCOC(=O)CCSCCCC(=N)NCCNC(=N)CCCSCCC(=O)OCCCCCCCCC,0.955,17.3,12.5,24.2,1.0,10.0,3.4339872044851463,1.3862943611198906,7.3460102099,5.2983173666,2.0,9,6.4923307399793995,0.0,2,0,0,True,False,False,True,False,False,True,False,False,0.18725769428796685
CCCCCCCCCOC(=O)CCSCCCC(=N)NCCCNC(=N)CCCSCCC(=O)OCCCCCCCCC,0.945,17.3,12.5,24.2,1.0,10.0,3.4339872044851463,1.3862943611198906,7.3460102099,5.2983173666,2.0,9,6.51335918270088,0.0,2,0,0,True,False,False,True,False,False,True,False,False,0.18917301152095428
CCCCCCCCCOC(=O)CCSCCCC(=N)NCCCCCNC(=N)CCCSCCC(=O)OCCCCCCCCC,1.0,17.3,12.5,24.2,1.0,10.0,3.4339872044851463,1.3862943611198906,7.3460102099,5.2983173666,2.0,9,6.554134238558061,0.0,2,0,0,True,False,False,True,False,False,True,False,False,0.23741686966799405
CCCCCCCCCOC(=O)CCSCCCC(=N)NCCNCCNC(=N)CCCSCCC(=O)OCCCCCCCCC,0.97,17.3,12.5,24.2,1.0,10.0,3.4339872044851463,1.3862943611198906,7.3460102099,5.2983173666,2.0,9,6.555540374265492,0.0,3,0,0,True,False,False,True,False,False,True,False,False,0.644633877364727
CCCCCCCCCOC(=O)CCSCCCC(=N)NCCN(C)CCNC(=N)CCCSCCC(=O)OCCCCCCCCC,1.0,17.3,12.5,24.2,1.0,10.0,3.4339872044851463,1.3862943611198906,7.3460102099,5.2983173666,2.0,9,6.575293390155756,0.0,3,0,0,True,False,False,True,False,False,True,False,False,0.23741686966799405
CCCCCCCCCOC(=O)CCSCCCC(=N)NCCN(CCNC(=N)CCCSCCC(=O)OCCCCCCCCC)CCNC(=N)CCCSCCC(=O)OCCCCCCCCC,1.0,17.3,12.5,24.2,1.0,10.0,3.4339872044851463,1.3862943611198906,7.3460102099,5.2983173666,3.0,9,6.95242075784445,0.0,4,0,0,True,False,False,True,False,False,True,False,False,0.23741686966799405
CCCCCCCCCOC(=O)CCSCCCC(=N)NCCCN(C)CCCNC(=N)CCCSCCC(=O)OCCCCCCCCC,0.95,17.3,12.5,24.2,1.0,10.0,3.4339872044851463,1.3862943611198906,7.3460102099,5.2983173666,2.0,9,6.613666057853714,0.0,3,0,0,True,False,False,True,False,False,True,False,False,0.16763966577642503
CCCCCCCCCOC(=O)CCSCCCC(=N)NCCCN(CCCNC(=N)CCCSCCC(=O)OCCCCCCCCC)CCCNC(=N)CCCSCCC(=O)OCCCCCCCCC,0.94,17.3,12.5,24.2,1.0,10.0,3.4339872044851463,1.3862943611198906,7.3460102099,5.2983173666,3.0,9,6.991874895526569,0.0,4,0,0,True,False,False,True,False,False,True,False,False,0.2667976818853067
CCCCCCCCCOC(=O)CCSCCCC(=N)NCCCN1CCN(CCCNC(=N)CCCSCCC(=O)OCCCCCCCCC)CC1,0.905,17.3,12.5,24.2,1.0,10.0,3.4339872044851463,1.3862943611198906,7.3460102099,5.2983173666,2.0,9,6.6849741619806755,0.0,4,0,0,True,False,False,True,False,False,True,False,False,1.8583404657170626
CCCCCCCCCOC(=O)CCSCCCC(=N)NCCNCCN1CCN(CCNC(=N)CCCSCCC(=O)OCCCCCCCCC)CC1,0.975,17.3,12.5,24.2,1.0,10.0,3.4339872044851463,1.3862943611198906,7.3460102099,5.2983173666,2.0,9,6.703562276361945,0.0,5,0,0,True,False,False,True,False,False,True,False,False,0.8041698404056239
CCCCCCCCCOC(=O)CCSCCCC(=N)NCCCN(CCCCN(CCCNC(=N)CCCSCCC(=O)OCCCCCCCCC)CCCNC(=N)CCCSCCC(=O)OCCCCCCCCC)CCCNC(=N)CCCSCCC(=O)OCCCCCCCCC,0.96,17.3,12.5,24.2,1.0,10.0,3.4339872044851463,1.3862943611198906,7.3460102099,5.2983173666,4.0,9,7.323472982487962,0.0,6,0,0,True,False,False,True,False,False,True,False,False,0.2585670833438939
CCCCCCCCCCCCOC(=O)CCSCCCC(=N)NCCCCCCCCCC,0.875,17.3,12.5,24.2,1.0,10.0,3.4339872044851463,1.3862943611198906,7.3460102099,5.2983173666,2.0,12,6.214332060327183,0.0,1,0,0,True,False,False,True,False,False,True,False,False,3.9999574209623088
CCCCCCCCCCCCNC(=N)CCCSCCC(=O)OCCCCCCCCCCCC,1.0,17.3,12.5,24.2,1.0,10.0,3.4339872044851463,1.3862943611198906,7.3460102099,5.2983173666,2.0,12,6.26893718014087,0.0,1,0,0,True,False,False,True,False,False,True,False,False,0.23741686966799405
CCCCCCCCCCCCCCNC(=N)CCCSCCC(=O)OCCCCCCCCCCCC,1.0,17.3,12.5,24.2,1.0,10.0,3.4339872044851463,1.3862943611198906,7.3460102099,5.2983173666,2.0,14,6.320714335960329,0.0,1,0,0,True,False,False,True,False,False,True,False,False,0.23741686966799405
CCCCCCCCCCCCCCCCNC(=N)CCCSCCC(=O)OCCCCCCCCCCCC,0.945,17.3,12.5,24.2,1.0,10.0,3.4339872044851463,1.3862943611198906,7.3460102099,5.2983173666,2.0,16,6.369942077874225,0.0,1,0,0,True,False,False,True,False,False,True,False,False,0.18917301152095428
CCCCCCCCCCCCCCCCCCNC(=N)CCCSCCC(=O)OCCCCCCCCCCCC,1.0,17.3,12.5,24.2,1.0,10.0,3.4339872044851463,1.3862943611198906,7.3460102099,5.2983173666,2.0,18,6.416859725371532,0.0,1,0,0,True,False,False,True,False,False,True,False,False,0.23741686966799405
CCCCCCCC/C=C\CCCCCCCCNC(=N)CCCSCCC(=O)OCCCCCCCCCCCC,1.0,17.3,12.5,24.2,1.0,10.0,3.4339872044851463,1.3862943611198906,7.3460102099,5.2983173666,2.0,18,6.413560591346691,1.0,1,0,0,True,False,False,True,False,False,True,False,False,0.23741686966799405
CCCCCCCCCCCCCCCC(=O)NNC(=N)CCCSCCC(=O)OCCCCCCCCCCCC,1.0,17.3,12.5,24.2,1.0,10.0,3.4339872044851463,1.3862943611198906,7.3460102099,5.2983173666,2.0,16,6.418400824362361,0.0,1,0,0,True,False,False,True,False,False,True,False,False,0.23741686966799405
CCCCCCCCCCCCCCCCCC(=O)NNC(=N)CCCSCCC(=O)OCCCCCCCCCCCC,0.925,17.3,12.5,24.2,1.0,10.0,3.4339872044851463,1.3862943611198906,7.3460102099,5.2983173666,2.0,18,6.463148014635015,0.0,1,0,0,True,False,False,True,False,False,True,False,False,1.1675901576734442
CCCCCCCCCCCCOC(=O)CCSCCCC(=N)NCC(CCCCCC)CCCCCCCC,0.995,17.3,12.5,24.2,1.0,10.0,3.4339872044851463,1.3862943611198906,7.3460102099,5.2983173666,2.0,15,6.369942077874225,0.0,1,0,0,True,False,False,True,False,False,True,False,False,0.2637903303672649
CCCCCCCCCCCCOC(=O)CCSCCCC(=N)NCC(=O)OCCCCCCCC,0.95,17.3,12.5,24.2,1.0,10.0,3.4339872044851463,1.3862943611198906,7.3460102099,5.2983173666,2.0,12,6.272582623597118,0.0,1,0,0,True,False,False,True,False,False,True,False,False,0.16763966577642503
CCCCCCCCCCCCOC(=O)CCSCCCC(=N)Nc1ccc(CCCCCCCC)cc1,1.0,17.3,12.5,24.2,1.0,10.0,3.4339872044851463,1.3862943611198906,7.3460102099,5.2983173666,2.0,12,6.30610373938786,0.0,1,0,0,True,False,False,True,False,False,True,False,False,0.23741686966799405
CCCCCCCCCCCCOC(=O)CCSCCCC(=N)Nc1ccc(CCCCCCCCCC)cc1,0.97,17.3,12.5,24.2,1.0,10.0,3.4339872044851463,1.3862943611198906,7.3460102099,5.2983173666,2.0,12,6.35603821384007,0.0,1,0,0,True,False,False,True,False,False,True,False,False,0.644633877364727
CCCCCCCCCCCCOC(=O)CCSCCCC(=N)Nc1ccc(CCCCCCCCCCCC)cc1,0.97,17.3,12.5,24.2,1.0,10.0,3.4339872044851463,1.3862943611198906,7.3460102099,5.2983173666,2.0,13,6.403597376474138,0.0,1,0,0,True,False,False,True,False,False,True,False,False,0.644633877364727
CCCCCCCCCCCCOC(=O)CCSCCCC(=N)Nc1ccc(OCCCCCCCCC)cc1,0.95,17.3,12.5,24.2,1.0,10.0,3.4339872044851463,1.3862943611198906,7.3460102099,5.2983173666,2.0,12,6.359456214692596,0.0,1,0,0,True,False,False,True,False,False,True,False,False,0.16763966577642503
CCCCCCCCCCCCOC(=O)CCSCCCC(=N)NCCNC(=N)CCCSCCC(=O)OCCCCCCCCCCCC,1.0,17.3,12.5,24.2,1.0,10.0,3.4339872044851463,1.3862943611198906,7.3460102099,5.2983173666,2.0,12,6.612339377421289,0.0,2,0,0,True,False,False,True,False,False,True,False,False,0.23741686966799405
CCCCCCCCCCCCOC(=O)CCSCCCC(=N)NCCCNC(=N)CCCSCCC(=O)OCCCCCCCCCCCC,1.0,17.3,12.5,24.2,1.0,10.0,3.4339872044851463,1.3862943611198906,7.3460102099,5.2983173666,2.0,12,6.631011827741576,0.0,2,0,0,True,False,False,True,False,False,True,False,False,0.23741686966799405
CCCCCCCCCCCCOC(=O)CCSCCCC(=N)NCCCCCNC(=N)CCCSCCC(=O)OCCCCCCCCCCCC,0.945,17.3,12.5,24.2,1.0,10.0,3.4339872044851463,1.3862943611198906,7.3460102099,5.2983173666,2.0,12,6.6673422143278485,0.0,2,0,0,True,False,False,True,False,False,True,False,False,0.18917301152095428
CCCCCCCCCCCCOC(=O)CCSCCCC(=N)NCCNCCNC(=N)CCCSCCC(=O)OCCCCCCCCCCCC,1.0,17.3,12.5,24.2,1.0,10.0,3.4339872044851463,1.3862943611198906,7.3460102099,5.2983173666,2.0,12,6.668597938650421,0.0,3,0,0,True,False,False,True,False,False,True,False,False,0.23741686966799405
CCCCCCCCCCCCOC(=O)CCSCCCC(=N)NCCN(C)CCNC(=N)CCCSCCC(=O)OCCCCCCCCCCCC,0.975,17.3,12.5,24.2,1.0,10.0,3.4339872044851463,1.3862943611198906,7.3460102099,5.2983173666,2.0,12,6.686257872028541,0.0,3,0,0,True,False,False,True,False,False,True,False,False,0.8041698404056239
CCCCCCCCCCCCOC(=O)CCSCCCC(=N)NCCN(CCNC(=N)CCCSCCC(=O)OCCCCCCCCCCCC)CCNC(=N)CCCSCCC(=O)OCCCCCCCCCCCC,0.975,17.3,12.5,24.2,1.0,10.0,3.4339872044851463,1.3862943611198906,7.3460102099,5.2983173666,3.0,12,7.066399561721716,0.0,4,0,0,True,False,False,True,False,False,True,False,False,0.8041698404056239
CCCCCCCCCCCCOC(=O)CCSCCCC(=N)NCCCN(C)CCCNC(=N)CCCSCCC(=O)OCCCCCCCCCCCC,1.0,17.3,12.5,24.2,1.0,10.0,3.4339872044851463,1.3862943611198906,7.3460102099,5.2983173666,2.0,12,6.720668787898316,0.0,3,0,0,True,False,False,True,False,False,True,False,False,0.23741686966799405
CCCCCCCCCCCCOC(=O)CCSCCCC(=N)NCCCN(CCCNC(=N)CCCSCCC(=O)OCCCCCCCCCCCC)CCCNC(=N)CCCSCCC(=O)OCCCCCCCCCCCC,0.945,17.3,12.5,24.2,1.0,10.0,3.4339872044851463,1.3862943611198906,7.3460102099,5.2983173666,3.0,12,7.101677619064544,0.0,4,0,0,True,False,False,True,False,False,True,False,False,0.18917301152095428
CCCCCCCCCCCCOC(=O)CCSCCCC(=N)NCCCN1CCN(CCCNC(=N)CCCSCCC(=O)OCCCCCCCCCCCC)CC1,0.955,17.3,12.5,24.2,1.0,10.0,3.4339872044851463,1.3862943611198906,7.3460102099,5.2983173666,2.0,12,6.784968244179288,0.0,4,0,0,True,False,False,True,False,False,True,False,False,0.18725769428796685
CCCCCCCCCCCCOC(=O)CCSCCCC(=N)NCCNCCN1CCN(CCNC(=N)CCCSCCC(=O)OCCCCCCCCCCCC)CC1,0.97,17.3,12.5,24.2,1.0,10.0,3.4339872044851463,1.3862943611198906,7.3460102099,5.2983173666,2.0,12,6.80180236566924,0.0,5,0,0,True,False,False,True,False,False,True,False,False,0.644633877364727
CCCCCCCCCCCCOC(=O)CCSCCCC(=N)NCCCN(CCCCN(CCCNC(=N)CCCSCCC(=O)OCCCCCCCCCCCC)CCCNC(=N)CCCSCCC(=O)OCCCCCCCCCCCC)CCCNC(=N)CCCSCCC(=O)OCCCCCCCCCCCC,0.945,17.3,12.5,24.2,1.0,10.0,3.4339872044851463,1.3862943611198906,7.3460102099,5.2983173666,4.0,12,7.428797732740711,0.0,6,0,0,True,False,False,True,False,False,True,False,False,0.18917301152095428
CCCCCCCCCCCCCCOC(=O)CCSCCCC(=N)NCCCCCCCCCC,1.0,17.3,12.5,24.2,1.0,10.0,3.4339872044851463,1.3862943611198906,7.3460102099,5.2983173666,2.0,14,6.26893718014087,0.0,1,0,0,True,False,False,True,False,False,True,False,False,0.23741686966799405
CCCCCCCCCCCCCCOC(=O)CCSCCCC(=N)NCCCCCCCCCCCC,0.985,17.3,12.5,24.2,1.0,10.0,3.4339872044851463,1.3862943611198906,7.3460102099,5.2983173666,2.0,14,6.320714335960329,0.0,1,0,0,True,False,False,True,False,False,True,False,False,0.5270832549552913
CCCCCCCCCCCCCCNC(=N)CCCSCCC(=O)OCCCCCCCCCCCCCC,1.0,17.3,12.5,24.2,1.0,10.0,3.4339872044851463,1.3862943611198906,7.3460102099,5.2983173666,2.0,14,6.369942077874225,0.0,1,0,0,True,False,False,True,False,False,True,False,False,0.23741686966799405
CCCCCCCCCCCCCCCCNC(=N)CCCSCCC(=O)OCCCCCCCCCCCCCC,1.0,17.3,12.5,24.2,1.0,10.0,3.4339872044851463,1.3862943611198906,7.3460102099,5.2983173666,2.0,16,6.416859725371532,0.0,1,0,0,True,False,False,True,False,False,True,False,False,0.23741686966799405
CCCCCCCCCCCCCCCCCCNC(=N)CCCSCCC(=O)OCCCCCCCCCCCCCC,0.955,17.3,12.5,24.2,1.0,10.0,3.4339872044851463,1.3862943611198906,7.3460102099,5.2983173666,2.0,18,6.46167440508711,0.0,1,0,0,True,False,False,True,False,False,True,False,False,0.18725769428796685
CCCCCCCC/C=C\CCCCCCCCNC(=N)CCCSCCC(=O)OCCCCCCCCCCCCCC,1.0,17.3,12.5,24.2,1.0,10.0,3.4339872044851463,1.3862943611198906,7.3460102099,5.2983173666,2.0,18,6.4585200849996856,1.0,1,0,0,True,False,False,True,False,False,True,False,False,0.23741686966799405
CCCCCCCCCCCCCCCC(=O)NNC(=N)CCCSCCC(=O)OCCCCCCCCCCCCCC,0.86,17.3,12.5,24.2,1.0,10.0,3.4339872044851463,1.3862943611198906,7.3460102099,5.2983173666,2.0,16,6.463148014635016,0.0,1,0,0,True,False,False,True,False,False,True,False,False,2.304801282923988
CCCCCCCCCCCCCCCCCC(=O)NNC(=N)CCCSCCC(=O)OCCCCCCCCCCCCCC,0.94,17.3,12.5,24.2,1.0,10.0,3.4339872044851463,1.3862943611198906,7.3460102099,5.2983173666,2.0,18,6.505978361130984,0.0,1,0,0,True,False,False,True,False,False,True,False,False,0.2667976818853067
CCCCCCCCCCCCCCOC(=O)CCSCCCC(=N)NCC(CCCCCC)CCCCCCCC,0.995,17.3,12.5,24.2,1.0,10.0,3.4339872044851463,1.3862943611198906,7.3460102099,5.2983173666,2.0,15,6.416859725371532,0.0,1,0,0,True,False,False,True,False,False,True,False,False,0.2637903303672649
CCCCCCCCCCCCCCOC(=O)CCSCCCC(=N)NCC(=O)OCCCCCCCC,1.0,17.3,12.5,24.2,1.0,10.0,3.4339872044851463,1.3862943611198906,7.3460102099,5.2983173666,2.0,14,6.3241761499732165,0.0,1,0,0,True,False,False,True,False,False,True,False,False,0.23741686966799405
CCCCCCCCCCCCCCOC(=O)CCSCCCC(=N)Nc1ccc(CCCCCCCC)cc1,0.925,17.3,12.5,24.2,1.0,10.0,3.4339872044851463,1.3862943611198906,7.3460102099,5.2983173666,2.0,14,6.35603821384007,0.0,1,0,0,True,False,False,True,False,False,True,False,False,1.1675901576734442
CCCCCCCCCCCCCCOC(=O)CCSCCCC(=N)Nc1ccc(CCCCCCCCCC)cc1,0.94,17.3,12.5,24.2,1.0,10.0,3.4339872044851463,1.3862943611198906,7.3460102099,5.2983173666,2.0,14,6.403597376474138,0.0,1,0,0,True,False,False,True,False,False,True,False,False,0.2667976818853067
CCCCCCCCCCCCCCOC(=O)CCSCCCC(=N)Nc1ccc(CCCCCCCCCCCC)cc1,0.965,17.3,12.5,24.2,1.0,10.0,3.4339872044851463,1.3862943611198906,7.3460102099,5.2983173666,2.0,14,6.448996983295646,0.0,1,0,0,True,False,False,True,False,False,True,False,False,0.41195806252279676
CCCCCCCCCCCCCCOC(=O)CCSCCCC(=N)Nc1ccc(OCCCCCCCCC)cc1,0.99,17.3,12.5,24.2,1.0,10.0,3.4339872044851463,1.3862943611198906,7.3460102099,5.2983173666,2.0,14,6.406856883492221,0.0,1,0,0,True,False,False,True,False,False,True,False,False,0.3539230847141545
CCCCCCCCCCCCCCOC(=O)CCSCCCC(=N)NCCNC(=N)CCCSCCC(=O)OCCCCCCCCCCCCCC,0.925,17.3,12.5,24.2,1.0,10.0,3.4339872044851463,1.3862943611198906,7.3460102099,5.2983173666,2.0,14,6.685024142613191,0.0,2,0,0,True,False,False,True,False,False,True,False,False,1.1675901576734442
CCCCCCCCCCCCCCOC(=O)CCSCCCC(=N)NCCCNC(=N)CCCSCCC(=O)OCCCCCCCCCCCCCC,0.93,17.3,12.5,24.2,1.0,10.0,3.4339872044851463,1.3862943611198906,7.3460102099,5.2983173666,2.0,14,6.702398844795236,0.0,2,0,0,True,False,False,True,False,False,True,False,False,0.7847995559164198
CCCCCCCCCCCCCCOC(=O)CCSCCCC(=N)NCCCCCNC(=N)CCCSCCC(=O)OCCCCCCCCCCCCCC,0.975,17.3,12.5,24.2,1.0,10.0,3.4339872044851463,1.3862943611198906,7.3460102099,5.2983173666,2.0,14,6.736268018664235,0.0,2,0,0,True,False,False,True,False,False,True,False,False,0.8041698404056239
CCCCCCCCCCCCCCOC(=O)CCSCCCC(=N)NCCNCCNC(=N)CCCSCCC(=O)OCCCCCCCCCCCCCC,0.965,17.3,12.5,24.2,1.0,10.0,3.4339872044851463,1.3862943611198906,7.3460102099,5.2983173666,2.0,14,6.737440155634734,0.0,3,0,0,True,False,False,True,False,False,True,False,False,0.41195806252279676
CCCCCCCCCCCCCCOC(=O)CCSCCCC(=N)NCCN(C)CCNC(=N)CCCSCCC(=O)OCCCCCCCCCCCCCC,0.83,17.3,12.5,24.2,1.0,10.0,3.4339872044851463,1.3862943611198906,7.3460102099,5.2983173666,2.0,14,6.753934877940168,0.0,3,0,0,True,False,False,True,False,False,True,False,False,5.036487048717202
CCCCCCCCCCCCCCOC(=O)CCSCCCC(=N)NCCN(CCNC(=N)CCCSCCC(=O)OCCCCCCCCCCCCCC)CCNC(=N)CCCSCCC(=O)OCCCCCCCCCCCCCC,1.0,17.3,12.5,24.2,1.0,10.0,3.4339872044851463,1.3862943611198906,7.3460102099,5.2983173666,3.0,14,7.135753427647319,0.0,4,0,0,True,False,False,True,False,False,True,False,False,0.23741686966799405
CCCCCCCCCCCCCCOC(=O)CCSCCCC(=N)NCCCN(C)CCCNC(=N)CCCSCCC(=O)OCCCCCCCCCCCCCC,0.935,17.3,12.5,24.2,1.0,10.0,3.4339872044851463,1.3862943611198906,7.3460102099,5.2983173666,2.0,14,6.786129870858274,0.0,3,0,0,True,False,False,True,False,False,True,False,False,0.4480896716162704
CCCCCCCCCCCCCCOC(=O)CCSCCCC(=N)NCCCN(CCCNC(=N)CCCSCCC(=O)OCCCCCCCCCCCCCC)CCCNC(=N)CCCSCCC(=O)OCCCCCCCCCCCCCC,0.955,17.3,12.5,24.2,1.0,10.0,3.4339872044851463,1.3862943611198906,7.3460102099,5.2983173666,3.0,14,7.168706237510813,0.0,4,0,0,True,False,False,True,False,False,True,False,False,0.18725769428796685
CCCCCCCCCCCCCCOC(=O)CCSCCCC(=N)NCCCN1CCN(CCCNC(=N)CCCSCCC(=O)OCCCCCCCCCCCCCC)CC1,0.96,17.3,12.5,24.2,1.0,10.0,3.4339872044851463,1.3862943611198906,7.3460102099,5.2983173666,2.0,14,6.846475442559484,0.0,4,0,0,True,False,False,True,False,False,True,False,False,0.2585670833438939
CCCCCCCCCCCCCCOC(=O)CCSCCCC(=N)NCCNCCN1CCN(CCNC(=N)CCCSCCC(=O)OCCCCCCCCCCCCCC)CC1,0.99,17.3,12.5,24.2,1.0,10.0,3.4339872044851463,1.3862943611198906,7.3460102099,5.2983173666,2.0,14,6.862313253535553,0.0,5,0,0,True,False,False,True,False,False,True,False,False,0.3539230847141545
CCCCCCCCCCCCCCOC(=O)CCSCCCC(=N)NCCCN(CCCCN(CCCNC(=N)CCCSCCC(=O)OCCCCCCCCCCCCCC)CCCNC(=N)CCCSCCC(=O)OCCCCCCCCCCCCCC)CCCNC(=N)CCCSCCC(=O)OCCCCCCCCCCCCCC,0.95,17.3,12.5,24.2,1.0,10.0,3.4339872044851463,1.3862943611198906,7.3460102099,5.2983173666,4.0,14,7.493316135275779,0.0,6,0,0,True,False,False,True,False,False,True,False,False,0.16763966577642503
CCCCCCCCCCCCCCCCOC(=O)CCSCCCC(=N)NCCCCCCCCCC,0.965,17.3,12.5,24.2,1.0,10.0,3.4339872044851463,1.3862943611198906,7.3460102099,5.2983173666,2.0,16,6.320714335960328,0.0,1,0,0,True,False,False,True,False,False,True,False,False,0.41195806252279676
CCCCCCCCCCCCCCCCOC(=O)CCSCCCC(=N)NCCCCCCCCCCCC,0.96,17.3,12.5,24.2,1.0,10.0,3.4339872044851463,1.3862943611198906,7.3460102099,5.2983173666,2.0,16,6.369942077874225,0.0,1,0,0,True,False,False,True,False,False,True,False,False,0.2585670833438939
CCCCCCCCCCCCCCCCOC(=O)CCSCCCC(=N)NCCCCCCCCCCCCCC,1.0,17.3,12.5,24.2,1.0,10.0,3.4339872044851463,1.3862943611198906,7.3460102099,5.2983173666,2.0,16,6.416859725371532,0.0,1,0,0,True,False,False,True,False,False,True,False,False,0.23741686966799405
CCCCCCCCCCCCCCCCNC(=N)CCCSCCC(=O)OCCCCCCCCCCCCCCCC,0.96,17.3,12.5,24.2,1.0,10.0,3.4339872044851463,1.3862943611198906,7.3460102099,5.2983173666,2.0,16,6.46167440508711,0.0,1,0,0,True,False,False,True,False,False,True,False,False,0.2585670833438939
CCCCCCCCCCCCCCCCCCNC(=N)CCCSCCC(=O)OCCCCCCCCCCCCCCCC,1.0,17.3,12.5,24.2,1.0,10.0,3.4339872044851463,1.3862943611198906,7.3460102099,5.2983173666,2.0,18,6.504566577892328,0.0,1,0,0,True,False,False,True,False,False,True,False,False,0.23741686966799405
CCCCCCCC/C=C\CCCCCCCCNC(=N)CCCSCCC(=O)OCCCCCCCCCCCCCCCC,0.965,17.3,12.5,24.2,1.0,10.0,3.4339872044851463,1.3862943611198906,7.3460102099,5.2983173666,2.0,18,6.501544893223564,1.0,1,0,0,True,False,False,True,False,False,True,False,False,0.41195806252279676
CCCCCCCCCCCCCCCCOC(=O)CCSCCCC(=N)NNC(=O)CCCCCCCCCCCCCCC,0.965,17.3,12.5,24.2,1.0,10.0,3.4339872044851463,1.3862943611198906,7.3460102099,5.2983173666,2.0,16,6.505978361130984,0.0,1,0,0,True,False,False,True,False,False,True,False,False,0.41195806252279676
CCCCCCCCCCCCCCCCCC(=O)NNC(=N)CCCSCCC(=O)OCCCCCCCCCCCCCCCC,0.975,17.3,12.5,24.2,1.0,10.0,3.4339872044851463,1.3862943611198906,7.3460102099,5.2983173666,2.0,18,6.5470493644439225,0.0,1,0,0,True,False,False,True,False,False,True,False,False,0.8041698404056239
CCCCCCCCCCCCCCCCOC(=O)CCSCCCC(=N)NCC(CCCCCC)CCCCCCCC,0.87,17.3,12.5,24.2,1.0,10.0,3.4339872044851463,1.3862943611198906,7.3460102099,5.2983173666,2.0,16,6.46167440508711,0.0,1,0,0,True,False,False,True,False,False,True,False,False,3.81913733702081
CCCCCCCCCCCCCCCCOC(=O)CCSCCCC(=N)NCC(=O)OCCCCCCCC,1.0,17.3,12.5,24.2,1.0,10.0,3.4339872044851463,1.3862943611198906,7.3460102099,5.2983173666,2.0,16,6.373237874959304,0.0,1,0,0,True,False,False,True,False,False,True,False,False,0.23741686966799405
CCCCCCCCCCCCCCCCOC(=O)CCSCCCC(=N)Nc1ccc(CCCCCCCC)cc1,0.95,17.3,12.5,24.2,1.0,10.0,3.4339872044851463,1.3862943611198906,7.3460102099,5.2983173666,2.0,16,6.403597376474138,0.0,1,0,0,True,False,False,True,False,False,True,False,False,0.16763966577642503
CCCCCCCCCCCCCCCCOC(=O)CCSCCCC(=N)Nc1ccc(CCCCCCCCCC)cc1,0.985,17.3,12.5,24.2,1.0,10.0,3.4339872044851463,1.3862943611198906,7.3460102099,5.2983173666,2.0,16,6.448996983295646,0.0,1,0,0,True,False,False,True,False,False,True,False,False,0.5270832549552913
CCCCCCCCCCCCCCCCOC(=O)CCSCCCC(=N)Nc1ccc(CCCCCCCCCCCC)cc1,0.98,17.3,12.5,24.2,1.0,10.0,3.4339872044851463,1.3862943611198906,7.3460102099,5.2983173666,2.0,16,6.492424666422943,0.0,1,0,0,True,False,False,True,False,False,True,False,False,0.7352673145517179
CCCCCCCCCCCCCCCCOC(=O)CCSCCCC(=N)Nc1ccc(OCCCCCCCCC)cc1,1.0,17.3,12.5,24.2,1.0,10.0,3.4339872044851463,1.3862943611198906,7.3460102099,5.2983173666,2.0,16,6.4521120439296915,0.0,1,0,0,True,False,False,True,False,False,True,False,False,0.23741686966799405
CCCCCCCCCCCCCCCCOC(=O)CCSCCCC(=N)NCCNC(=N)CCCSCCC(=O)OCCCCCCCCCCCCCCCC,0.96,17.3,12.5,24.2,1.0,10.0,3.4339872044851463,1.3862943611198906,7.3460102099,5.2983173666,2.0,16,6.752781927520012,0.0,2,0,0,True,False,False,True,False,False,True,False,False,0.2585670833438939
CCCCCCCCCCCCCCCCOC(=O)CCSCCCC(=N)NCCCNC(=N)CCCSCCC(=O)OCCCCCCCCCCCCCCCC,0.935,17.3,12.5,24.2,1.0,10.0,3.4339872044851463,1.3862943611198906,7.3460102099,5.2983173666,2.0,16,6.769027551622215,0.0,2,0,0,True,False,False,True,False,False,True,False,False,0.4480896716162704
CCCCCCCCCCCCCCCCOC(=O)CCSCCCC(=N)NCCCCCNC(=N)CCCSCCC(=O)OCCCCCCCCCCCCCCCC,1.0,17.3,12.5,24.2,1.0,10.0,3.4339872044851463,1.3862943611198906,7.3460102099,5.2983173666,2.0,16,6.800747852355068,0.0,2,0,0,True,False,False,True,False,False,True,False,False,0.23741686966799405
CCCCCCCCCCCCCCCCOC(=O)CCSCCCC(=N)NCCNCCNC(=N)CCCSCCC(=O)OCCCCCCCCCCCCCCCC,0.92,17.3,12.5,24.2,1.0,10.0,3.4339872044851463,1.3862943611198906,7.3460102099,5.2983173666,2.0,16,6.801846835461474,0.0,3,0,0,True,False,False,True,False,False,True,False,False,1.3976151478531644
CCCCCCCCCCCCCCCCOC(=O)CCSCCCC(=N)NCCN(C)CCNC(=N)CCCSCCC(=O)OCCCCCCCCCCCCCCCC,1.0,17.3,12.5,24.2,1.0,10.0,3.4339872044851463,1.3862943611198906,7.3460102099,5.2983173666,2.0,16,6.817320594610927,0.0,3,0,0,True,False,False,True,False,False,True,False,False,0.23741686966799405
CCCCCCCCCCCCCCCCOC(=O)CCSCCCC(=N)NCCN(CCNC(=N)CCCSCCC(=O)OCCCCCCCCCCCCCCCC)CCNC(=N)CCCSCCC(=O)OCCCCCCCCCCCCCCCC,0.93,17.3,12.5,24.2,1.0,10.0,3.4339872044851463,1.3862943611198906,7.3460102099,5.2983173666,3.0,16,7.20060771205342,0.0,4,0,0,True,False,False,True,False,False,True,False,False,0.7847995559164198
CCCCCCCCCCCCCCCCOC(=O)CCSCCCC(=N)NCCCN(C)CCCNC(=N)CCCSCCC(=O)OCCCCCCCCCCCCCCCC,0.995,17.3,12.5,24.2,1.0,10.0,3.4339872044851463,1.3862943611198906,7.3460102099,5.2983173666,2.0,16,6.8475678115997765,0.0,3,0,0,True,False,False,True,False,False,True,False,False,0.2637903303672649
CCCCCCCCCCCCCCCCOC(=O)CCSCCCC(=N)NCCCN(CCCNC(=N)CCCSCCC(=O)OCCCCCCCCCCCCCCCC)CCCNC(=N)CCCSCCC(=O)OCCCCCCCCCCCCCCCC,0.965,17.3,12.5,24.2,1.0,10.0,3.4339872044851463,1.3862943611198906,7.3460102099,5.2983173666,3.0,16,7.231522866524411,0.0,4,0,0,True,False,False,True,False,False,True,False,False,0.41195806252279676
CCCCCCCCCCCCCCCCOC(=O)CCSCCCC(=N)NCCCN1CCN(CCCNC(=N)CCCSCCC(=O)OCCCCCCCCCCCCCCCC)CC1,0.835,17.3,12.5,24.2,1.0,10.0,3.4339872044851463,1.3862943611198906,7.3460102099,5.2983173666,2.0,16,6.904417715508368,0.0,4,0,0,True,False,False,True,False,False,True,False,False,3.5817805486293257
CCCCCCCCCCCCCCCCOC(=O)CCSCCCC(=N)NCCNCCN1CCN(CCNC(=N)CCCSCCC(=O)OCCCCCCCCCCCCCCCC)CC1,1.0,17.3,12.5,24.2,1.0,10.0,3.4339872044851463,1.3862943611198906,7.3460102099,5.2983173666,2.0,16,6.919370559670447,0.0,5,0,0,True,False,False,True,False,False,True,False,False,0.23741686966799405
CCCCCCCCCCCCCCCCOC(=O)CCSCCCC(=N)NCCCN(CCCCN(CCCNC(=N)CCCSCCC(=O)OCCCCCCCCCCCCCCCC)CCCNC(=N)CCCSCCC(=O)OCCCCCCCCCCCCCCCC)CCCNC(=N)CCCSCCC(=O)OCCCCCCCCCCCCCCCC,0.93,17.3,12.5,24.2,1.0,10.0,3.4339872044851463,1.3862943611198906,7.3460102099,5.2983173666,4.0,16,7.553923005047985,0.0,6,0,0,True,False,False,True,False,False,True,False,False,0.7847995559164198
CCCCC(O)CN(CCCN(C)C)CC(O)CCCC,0.953,40.0,10.164751344086024,19.559226690805648,1.1343862500000004,10.0,3.4339872044851463,1.3862943611198906,7.3460102099,5.2983173666,2.0,6,5.715391495129448,0.0,2,0,0,True,False,False,True,False,False,True,False,False,0.17433267831643973
CCCCCCC(O)CN(CCCN(C)C)CC(O)CCCCCC,0.90733,40.0,12.050100806451615,23.187055476529174,1.3447912500000003,10.0,3.4339872044851463,1.3862943611198906,7.3460102099,5.2983173666,2.0,8,5.885022891673553,0.0,2,0,0,True,False,False,True,False,False,True,False,False,1.7553949461313862
CCCCCCCCC(O)CN(CCCN(C)C)CC(O)CCCCCCCC,0.93367,40.0,13.935450268817217,26.81488426225271,1.5551962500000014,10.0,3.4339872044851463,1.3862943611198906,7.3460102099,5.2983173666,2.0,10,6.030009551252111,0.0,2,0,0,True,False,False,True,False,False,True,False,False,0.5222516394376929
CCCCCCCCCCC(O)CN(CCCN(C)C)CC(O)CCCCCCCCCC,0.917,40.0,15.820799731182811,30.44271304797624,1.7656012500000016,10.0,3.4339872044851463,1.3862943611198906,7.3460102099,5.2983173666,2.0,12,6.156612392974967,0.0,2,0,0,True,False,False,True,False,False,True,False,False,1.4780763973766569
CCCCCCCCCCCCC(O)CN(CCCN(C)C)CC(O)CCCCCCCCCCCC,0.90433,40.0,17.706149193548406,34.070541833699764,1.976006250000002,10.0,3.4339872044851463,1.3862943611198906,7.3460102099,5.2983173666,2.0,14,6.268973170067484,0.0,2,0,0,True,False,False,True,False,False,True,False,False,1.8919766933501363
CCCCCC(=O)OC(CCCC)CN(CCCN(C)C)CC(CCCC)OC(=O)CCCCC,1.0,40.0,16.760517473118295,32.25093754041126,1.8704737500000015,10.0,3.4339872044851463,1.3862943611198906,7.3460102099,5.2983173666,2.0,6,6.214194012700532,0.0,2,0,0,True,False,False,True,False,False,True,False,False,0.23741686966799405
CCCCCCCC(=O)OC(CCCC)CN(CCCN(C)C)CC(CCCC)OC(=O)CCCCCCC,0.98433,40.0,18.645866935483888,35.87876632613478,2.0808787500000014,10.0,3.4339872044851463,1.3862943611198906,7.3460102099,5.2983173666,2.0,8,6.320590220842498,0.0,2,0,0,True,False,False,True,False,False,True,False,False,0.5557248627921635
CCCCCCCCCC(=O)OC(CCCC)CN(CCCN(C)C)CC(CCCC)OC(=O)CCCCCCCCC,0.94567,40.0,20.531216397849462,39.506595111858275,2.2912837500000003,10.0,3.4339872044851463,1.3862943611198906,7.3460102099,5.2983173666,2.0,10,6.416746988286548,0.0,2,0,0,True,False,False,True,False,False,True,False,False,0.18365509015481696
CCCCCCCCCCCC(=O)OC(CCCC)CN(CCCN(C)C)CC(CCCC)OC(=O)CCCCCCCCCCC,0.99333,37.0933434465019,20.78763440860215,40.0,2.3198999999999996,10.0,3.4339872044851463,1.3862943611198906,7.3460102099,5.2983173666,2.0,12,6.504463307900326,0.0,2,0,0,True,False,False,True,False,False,True,False,False,0.28568380008625355
CCCCCCCCCCCCCC(=O)OC(CCCC)CN(CCCN(C)C)CC(CCCC)OC(=O)CCCCCCCCCCCCC,0.96867,34.215631373362385,20.787634408602152,40.0,2.3198999999999996,10.0,3.4339872044851463,1.3862943611198906,7.3460102099,5.2983173666,2.0,14,6.585102117586303,0.0,2,0,0,True,False,False,True,False,False,True,False,False,0.5805727678235413
CCCCCCC(CN(CCCN(C)C)CC(CCCCCC)OC(=O)CCCCC)OC(=O)CCCCC,0.98333,40.0,18.64586693548388,35.878766326134766,2.080878750000001,10.0,3.4339872044851463,1.3862943611198906,7.3460102099,5.2983173666,2.0,8,6.320590220842498,0.0,2,0,0,True,False,False,True,False,False,True,False,False,0.5994445026088446
CCCCCCCC(=O)OC(CCCCCC)CN(CCCN(C)C)CC(CCCCCC)OC(=O)CCCCCCC,0.90433,40.0,20.531216397849462,39.506595111858275,2.2912837500000003,10.0,3.4339872044851463,1.3862943611198906,7.3460102099,5.2983173666,2.0,8,6.416746988286548,0.0,2,0,0,True,False,False,True,False,False,True,False,False,1.8919766933501363
CCCCCCCCCC(=O)OC(CCCCCC)CN(CCCN(C)C)CC(CCCCCC)OC(=O)CCCCCCCCC,0.90733,37.09334344650188,20.78763440860215,40.0,2.3198999999999996,10.0,3.4339872044851463,1.3862943611198906,7.3460102099,5.2983173666,2.0,10,6.504463307900327,0.0,2,0,0,True,False,False,True,False,False,True,False,False,1.7553949461313862
CCCCCCCCCCCC(=O)OC(CCCCCC)CN(CCCN(C)C)CC(CCCCCC)OC(=O)CCCCCCCCCCC,0.965,34.21563137336238,20.787634408602152,40.0,2.3198999999999996,10.0,3.4339872044851463,1.3862943611198906,7.3460102099,5.2983173666,2.0,12,6.585102117586303,0.0,2,0,0,True,False,False,True,False,False,True,False,False,0.41195806252279676
CCCCCCCCCCCCCC(=O)OC(CCCCCC)CN(CCCN(C)C)CC(CCCCCC)OC(=O)CCCCCCCCCCCCC,0.983,31.75228047574017,20.787634408602152,40.0,2.3199,10.0,3.4339872044851463,1.3862943611198906,7.3460102099,5.2983173666,2.0,14,6.659720751654833,0.0,2,0,0,True,False,False,True,False,False,True,False,False,0.6139343606459495
CCCCCCCCC(CN(CCCN(C)C)CC(CCCCCCCC)OC(=O)CCCCC)OC(=O)CCCCC,0.91967,40.0,20.53121639784947,39.50659511185828,2.2912837500000007,10.0,3.4339872044851463,1.3862943611198906,7.3460102099,5.2983173666,2.0,10,6.416746988286548,0.0,2,0,0,True,False,False,True,False,False,True,False,False,1.407689912093499
CCCCCCCCC(CN(CCCN(C)C)CC(CCCCCCCC)OC(=O)CCCCCCC)OC(=O)CCCCCCC,0.976,37.09334344650188,20.78763440860215,40.0,2.3198999999999996,10.0,3.4339872044851463,1.3862943611198906,7.3460102099,5.2983173666,2.0,10,6.504463307900327,0.0,2,0,0,True,False,False,True,False,False,True,False,False,0.8095238872312422
CCCCCCCCCC(=O)OC(CCCCCCCC)CN(CCCN(C)C)CC(CCCCCCCC)OC(=O)CCCCCCCCC,0.993,34.21563137336238,20.787634408602152,40.0,2.3198999999999996,10.0,3.4339872044851463,1.3862943611198906,7.3460102099,5.2983173666,2.0,10,6.585102117586303,0.0,2,0,0,True,False,False,True,False,False,True,False,False,0.29091307406707817
CCCCCCCCCCCC(=O)OC(CCCCCCCC)CN(CCCN(C)C)CC(CCCCCCCC)OC(=O)CCCCCCCCCCC,0.93833,31.75228047574017,20.787634408602152,40.0,2.3199,10.0,3.4339872044851463,1.3862943611198906,7.3460102099,5.2983173666,2.0,12,6.659720751654833,0.0,2,0,0,True,False,False,True,False,False,True,False,False,0.31247343737941485
CCCCCCCCCCCCCC(=O)OC(CCCCCCCC)CN(CCCN(C)C)CC(CCCCCCCC)OC(=O)CCCCCCCCCCCCC,0.987,29.619805587707592,20.78763440860215,40.0,2.3198999999999996,10.0,3.4339872044851463,1.3862943611198906,7.3460102099,5.2983173666,2.0,14,6.729155985960899,0.0,2,0,0,True,False,False,True,False,False,True,False,False,0.44792270397033346
CCCCCCCCCCC(CN(CCCN(C)C)CC(CCCCCCCCCC)OC(=O)CCCCC)OC(=O)CCCCC,0.88167,37.09334344650188,20.78763440860215,40.0,2.3198999999999996,10.0,3.4339872044851463,1.3862943611198906,7.3460102099,5.2983173666,2.0,12,6.504463307900327,0.0,2,0,0,True,False,False,True,False,False,True,False,False,3.739136874566055
CCCCCCCCCCC(CN(CCCN(C)C)CC(CCCCCCCCCC)OC(=O)CCCCCCC)OC(=O)CCCCCCC,0.92833,34.21563137336238,20.787634408602152,40.0,2.3198999999999996,10.0,3.4339872044851463,1.3862943611198906,7.3460102099,5.2983173666,2.0,12,6.585102117586303,0.0,2,0,0,True,False,False,True,False,False,True,False,False,0.9202888265568011
CCCCCCCCCCC(CN(CCCN(C)C)CC(CCCCCCCCCC)OC(=O)CCCCCCCCC)OC(=O)CCCCCCCCC,0.94467,31.75228047574017,20.787634408602152,40.0,2.3199,10.0,3.4339872044851463,1.3862943611198906,7.3460102099,5.2983173666,2.0,12,6.659720751654833,0.0,2,0,0,True,False,False,True,False,False,True,False,False,0.1922383348134761
CCCCCCCCCCCC(=O)OC(CCCCCCCCCC)CN(CCCN(C)C)CC(CCCCCCCCCC)OC(=O)CCCCCCCCCCC,0.94233,29.619805587707592,20.78763440860215,40.0,2.3198999999999996,10.0,3.4339872044851463,1.3862943611198906,7.3460102099,5.2983173666,2.0,12,6.729155985960899,0.0,2,0,0,True,False,False,True,False,False,True,False,False,0.22146895394661942
CCCCCCCCCCCCCC(=O)OC(CCCCCCCCCC)CN(CCCN(C)C)CC(CCCCCCCCCC)OC(=O)CCCCCCCCCCCCC,0.89567,27.75573748610567,20.787634408602152,40.0,2.3199,10.0,3.4339872044851463,1.3862943611198906,7.3460102099,5.2983173666,2.0,14,6.79408141410752,0.0,2,0,0,True,False,False,True,False,False,True,False,False,2.5200761212240033
CCCCCCCCCCCCC(CN(CCCN(C)C)CC(CCCCCCCCCCCC)OC(=O)CCCCC)OC(=O)CCCCC,0.98,34.21563137336238,20.787634408602152,40.0,2.3198999999999996,10.0,3.4339872044851463,1.3862943611198906,7.3460102099,5.2983173666,2.0,14,6.585102117586303,0.0,2,0,0,True,False,False,True,False,False,True,False,False,0.7352673145517179
CCCCCCCCCCCCC(CN(CCCN(C)C)CC(CCCCCCCCCCCC)OC(=O)CCCCCCC)OC(=O)CCCCCCC,1.0,31.75228047574017,20.787634408602152,40.0,2.3199,10.0,3.4339872044851463,1.3862943611198906,7.3460102099,5.2983173666,2.0,14,6.659720751654833,0.0,2,0,0,True,False,False,True,False,False,True,False,False,0.23741686966799405
CCCCCCCCCCCCC(CN(CCCN(C)C)CC(CCCCCCCCCCCC)OC(=O)CCCCCCCCC)OC(=O)CCCCCCCCC,0.97667,29.619805587707592,20.78763440860215,40.0,2.3198999999999996,10.0,3.4339872044851463,1.3862943611198906,7.3460102099,5.2983173666,2.0,14,6.729155985960899,0.0,2,0,0,True,False,False,True,False,False,True,False,False,0.8073580216720815
CCCCCCCCCCCCC(CN(CCCN(C)C)CC(CCCCCCCCCCCC)OC(=O)CCCCCCCCCCC)OC(=O)CCCCCCCCCCC,0.937,27.75573748610567,20.787634408602152,40.0,2.3199,10.0,3.4339872044851463,1.3862943611198906,7.3460102099,5.2983173666,2.0,14,6.79408141410752,0.0,2,0,0,True,False,False,True,False,False,True,False,False,0.3587351365458934
CCCCCCCCCCCCCC(=O)OC(CCCCCCCCCCCC)CN(CCCN(C)C)CC(CCCCCCCCCCCC)OC(=O)CCCCCCCCCCCCC,0.92367,26.11240142794284,20.78763440860215,40.0,2.3198999999999996,10.0,3.4339872044851463,1.3862943611198906,7.3460102099,5.2983173666,2.0,14,6.855047300189785,0.0,2,0,0,True,False,False,True,False,False,True,False,False,1.2460007804880129
CCCCC/C=C\C/C=C\CCCCCCCCC(CCCCCCCC/C=C\C/C=C\CCCCC)OC(=O)CCCN(C)C,0.97633,50.0,10.0,38.5,1.5,10.0,3.4339872044851463,1.3862943611198906,7.3460102099,5.2983173666,2.0,19,6.466315782701154,4.0,1,0,0,False,True,False,True,False,False,True,False,False,0.809029150916212
CCCCC(O)CN(CCCN(C)C)CC(O)CCCC,0.75567,40.0,10.164751344086024,19.559226690805648,1.1343862500000004,10.0,4.61512051684126,2.3978952727983707,8.5271435223,6.3099182782,2.0,6,5.715391495129448,0.0,2,0,0,True,False,False,True,False,False,True,False,False,5.8917221663228
CCCCCCC(O)CN(CCCN(C)C)CC(O)CCCCCC,0.75767,40.0,12.050100806451615,23.187055476529174,1.3447912500000003,10.0,4.61512051684126,2.3978952727983707,8.5271435223,6.3099182782,2.0,8,5.885022891673553,0.0,2,0,0,True,False,False,True,False,False,True,False,False,5.835688628222314
CCCCCCCCC(O)CN(CCCN(C)C)CC(O)CCCCCCCC,0.755,40.0,13.935450268817217,26.81488426225271,1.5551962500000014,10.0,4.61512051684126,2.3978952727983707,8.5271435223,6.3099182782,2.0,10,6.030009551252111,0.0,2,0,0,True,False,False,True,False,False,True,False,False,5.928197317787514
CCCCCCCCCCC(O)CN(CCCN(C)C)CC(O)CCCCCCCCCC,0.791,40.0,15.820799731182811,30.44271304797624,1.7656012500000016,10.0,4.61512051684126,2.3978952727983707,8.5271435223,6.3099182782,2.0,12,6.156612392974967,0.0,2,0,0,True,False,False,True,False,False,True,False,False,4.746903341297442
CCCCCCCCCCCCC(O)CN(CCCN(C)C)CC(O)CCCCCCCCCCCC,0.86133,40.0,17.706149193548406,34.070541833699764,1.976006250000002,10.0,4.61512051684126,2.3978952727983707,8.5271435223,6.3099182782,2.0,14,6.268973170067484,0.0,2,0,0,True,False,False,True,False,False,True,False,False,2.4996913498152495
CCCCCC(=O)OC(CCCC)CN(CCCN(C)C)CC(CCCC)OC(=O)CCCCC,0.773,40.0,16.760517473118295,32.25093754041126,1.8704737500000015,10.0,4.61512051684126,2.3978952727983707,8.5271435223,6.3099182782,2.0,6,6.214194012700532,0.0,2,0,0,True,False,False,True,False,False,True,False,False,5.916112495209675
CCCCCCCC(=O)OC(CCCC)CN(CCCN(C)C)CC(CCCC)OC(=O)CCCCCCC,0.88267,40.0,18.645866935483888,35.87876632613478,2.0808787500000014,10.0,4.61512051684126,2.3978952727983707,8.5271435223,6.3099182782,2.0,8,6.320590220842498,0.0,2,0,0,True,False,False,True,False,False,True,False,False,3.6775216280321454
CCCCCCCCCC(=O)OC(CCCC)CN(CCCN(C)C)CC(CCCC)OC(=O)CCCCCCCCC,0.90767,40.0,20.531216397849462,39.506595111858275,2.2912837500000003,10.0,4.61512051684126,2.3978952727983707,8.5271435223,6.3099182782,2.0,10,6.416746988286548,0.0,2,0,0,True,False,False,True,False,False,True,False,False,1.7420340132098664
CCCCCCCCCCCC(=O)OC(CCCC)CN(CCCN(C)C)CC(CCCC)OC(=O)CCCCCCCCCCC,0.88033,37.0933434465019,20.78763440860215,40.0,2.3198999999999996,10.0,4.61512051684126,2.3978952727983707,8.5271435223,6.3099182782,2.0,12,6.504463307900326,0.0,2,0,0,True,False,False,True,False,False,True,False,False,3.8140675604259235
CCCCCCCCCCCCCC(=O)OC(CCCC)CN(CCCN(C)C)CC(CCCC)OC(=O)CCCCCCCCCCCCC,0.86167,34.215631373362385,20.787634408602152,40.0,2.3198999999999996,10.0,4.61512051684126,2.3978952727983707,8.5271435223,6.3099182782,2.0,14,6.585102117586303,0.0,2,0,0,True,False,False,True,False,False,True,False,False,2.5529644335417827
CCCCCCC(CN(CCCN(C)C)CC(CCCCCC)OC(=O)CCCCC)OC(=O)CCCCC,0.91233,40.0,18.64586693548388,35.878766326134766,2.080878750000001,10.0,4.61512051684126,2.3978952727983707,8.5271435223,6.3099182782,2.0,8,6.320590220842498,0.0,2,0,0,True,False,False,True,False,False,True,False,False,1.5921725359742473
CCCCCCCC(=O)OC(CCCCCC)CN(CCCN(C)C)CC(CCCCCC)OC(=O)CCCCCCC,0.81333,40.0,20.531216397849462,39.506595111858275,2.2912837500000003,10.0,4.61512051684126,2.3978952727983707,8.5271435223,6.3099182782,2.0,8,6.416746988286548,0.0,2,0,0,True,False,False,True,False,False,True,False,False,5.913211698109162
CCCCCCCCCC(=O)OC(CCCCCC)CN(CCCN(C)C)CC(CCCCCC)OC(=O)CCCCCCCCC,0.847,37.09334344650188,20.78763440860215,40.0,2.3198999999999996,10.0,4.61512051684126,2.3978952727983707,8.5271435223,6.3099182782,2.0,10,6.504463307900327,0.0,2,0,0,True,False,False,True,False,False,True,False,False,1.7243068769544723
CCCCCCCCCCCC(=O)OC(CCCCCC)CN(CCCN(C)C)CC(CCCCCC)OC(=O)CCCCCCCCCCC,0.905,34.21563137336238,20.787634408602152,40.0,2.3198999999999996,10.0,4.61512051684126,2.3978952727983707,8.5271435223,6.3099182782,2.0,12,6.585102117586303,0.0,2,0,0,True,False,False,True,False,False,True,False,False,1.8583404657170626
CCCCCCCCCCCCCC(=O)OC(CCCCCC)CN(CCCN(C)C)CC(CCCCCC)OC(=O)CCCCCCCCCCCCC,0.87067,31.75228047574017,20.787634408602152,40.0,2.3199,10.0,4.61512051684126,2.3978952727983707,8.5271435223,6.3099182782,2.0,14,6.659720751654833,0.0,2,0,0,True,False,False,True,False,False,True,False,False,3.874889892525096
CCCCCCCCC(CN(CCCN(C)C)CC(CCCCCCCC)OC(=O)CCCCC)OC(=O)CCCCC,0.89767,40.0,20.53121639784947,39.50659511185828,2.2912837500000007,10.0,4.61512051684126,2.3978952727983707,8.5271435223,6.3099182782,2.0,10,6.416746988286548,0.0,2,0,0,True,False,False,True,False,False,True,False,False,2.3428841033257806
CCCCCCCCC(CN(CCCN(C)C)CC(CCCCCCCC)OC(=O)CCCCCCC)OC(=O)CCCCCCC,0.914,37.09334344650188,20.78763440860215,40.0,2.3198999999999996,10.0,4.61512051684126,2.3978952727983707,8.5271435223,6.3099182782,2.0,10,6.504463307900327,0.0,2,0,0,True,False,False,True,False,False,True,False,False,1.5494799094377885
CCCCCCCCCC(=O)OC(CCCCCCCC)CN(CCCN(C)C)CC(CCCCCCCC)OC(=O)CCCCCCCCC,0.895,34.21563137336238,20.787634408602152,40.0,2.3198999999999996,10.0,4.61512051684126,2.3978952727983707,8.5271435223,6.3099182782,2.0,10,6.585102117586303,0.0,2,0,0,True,False,False,True,False,False,True,False,False,2.5829086276375857
CCCCCCCCCCCC(=O)OC(CCCCCCCC)CN(CCCN(C)C)CC(CCCCCCCC)OC(=O)CCCCCCCCCCC,0.87867,31.75228047574017,20.787634408602152,40.0,2.3199,10.0,4.61512051684126,2.3978952727983707,8.5271435223,6.3099182782,2.0,12,6.659720751654833,0.0,2,0,0,True,False,False,True,False,False,True,False,False,3.8941348154737367
CCCCCCCCCCCCCC(=O)OC(CCCCCCCC)CN(CCCN(C)C)CC(CCCCCCCC)OC(=O)CCCCCCCCCCCCC,0.80933,29.619805587707592,20.78763440860215,40.0,2.3198999999999996,10.0,4.61512051684126,2.3978952727983707,8.5271435223,6.3099182782,2.0,14,6.729155985960899,0.0,2,0,0,True,False,False,True,False,False,True,False,False,5.428167820914793
CCCCCCCCCCC(CN(CCCN(C)C)CC(CCCCCCCCCC)OC(=O)CCCCC)OC(=O)CCCCC,0.83233,37.09334344650188,20.78763440860215,40.0,2.3198999999999996,10.0,4.61512051684126,2.3978952727983707,8.5271435223,6.3099182782,2.0,12,6.504463307900327,0.0,2,0,0,True,False,False,True,False,False,True,False,False,4.353176570074891
CCCCCCCCCCC(CN(CCCN(C)C)CC(CCCCCCCCCC)OC(=O)CCCCCCC)OC(=O)CCCCCCC,0.89767,34.21563137336238,20.787634408602152,40.0,2.3198999999999996,10.0,4.61512051684126,2.3978952727983707,8.5271435223,6.3099182782,2.0,12,6.585102117586303,0.0,2,0,0,True,False,False,True,False,False,True,False,False,2.3428841033257806
CCCCCCCCCCC(CN(CCCN(C)C)CC(CCCCCCCCCC)OC(=O)CCCCCCCCC)OC(=O)CCCCCCCCC,0.878,31.75228047574017,20.787634408602152,40.0,2.3199,10.0,4.61512051684126,2.3978952727983707,8.5271435223,6.3099182782,2.0,12,6.659720751654833,0.0,2,0,0,True,False,False,True,False,False,True,False,False,3.9218767072519025
CCCCCCCCCCCC(=O)OC(CCCCCCCCCC)CN(CCCN(C)C)CC(CCCCCCCCCC)OC(=O)CCCCCCCCCCC,0.90033,29.619805587707592,20.78763440860215,40.0,2.3198999999999996,10.0,4.61512051684126,2.3978952727983707,8.5271435223,6.3099182782,2.0,12,6.729155985960899,0.0,2,0,0,True,False,False,True,False,False,True,False,False,2.136244745734565
CCCCCCCCCCCCCC(=O)OC(CCCCCCCCCC)CN(CCCN(C)C)CC(CCCCCCCCCC)OC(=O)CCCCCCCCCCCCC,0.79767,27.75573748610567,20.787634408602152,40.0,2.3199,10.0,4.61512051684126,2.3978952727983707,8.5271435223,6.3099182782,2.0,14,6.79408141410752,0.0,2,0,0,True,False,False,True,False,False,True,False,False,4.544285209176179
CCCCCCCCCCCCC(CN(CCCN(C)C)CC(CCCCCCCCCCCC)OC(=O)CCCCC)OC(=O)CCCCC,0.909,34.21563137336238,20.787634408602152,40.0,2.3198999999999996,10.0,4.61512051684126,2.3978952727983707,8.5271435223,6.3099182782,2.0,14,6.585102117586303,0.0,2,0,0,True,False,False,True,False,False,True,False,False,1.6933501557785466
CCCCCCCCCCCCC(CN(CCCN(C)C)CC(CCCCCCCCCCCC)OC(=O)CCCCCCC)OC(=O)CCCCCCC,0.88533,31.75228047574017,20.787634408602152,40.0,2.3199,10.0,4.61512051684126,2.3978952727983707,8.5271435223,6.3099182782,2.0,14,6.659720751654833,0.0,2,0,0,True,False,False,True,False,False,True,False,False,3.489098207134321
CCCCCCCCCCCCC(CN(CCCN(C)C)CC(CCCCCCCCCCCC)OC(=O)CCCCCCCCC)OC(=O)CCCCCCCCC,0.91733,29.619805587707592,20.78763440860215,40.0,2.3198999999999996,10.0,4.61512051684126,2.3978952727983707,8.5271435223,6.3099182782,2.0,14,6.729155985960899,0.0,2,0,0,True,False,False,True,False,False,True,False,False,1.4700853032151238
CCCCCCCCCCCCC(CN(CCCN(C)C)CC(CCCCCCCCCCCC)OC(=O)CCCCCCCCCCC)OC(=O)CCCCCCCCCCC,0.83033,27.75573748610567,20.787634408602152,40.0,2.3199,10.0,4.61512051684126,2.3978952727983707,8.5271435223,6.3099182782,2.0,14,6.79408141410752,0.0,2,0,0,True,False,False,True,False,False,True,False,False,4.942329537066868
CCCCCCCCCCCCCC(=O)OC(CCCCCCCCCCCC)CN(CCCN(C)C)CC(CCCCCCCCCCCC)OC(=O)CCCCCCCCCCCCC,0.71367,26.11240142794284,20.78763440860215,40.0,2.3198999999999996,10.0,4.61512051684126,2.3978952727983707,8.5271435223,6.3099182782,2.0,14,6.855047300189785,0.0,2,0,0,True,False,False,True,False,False,True,False,False,8.901360627857024
CCCCC/C=C\C/C=C\CCCCCCCCC(CCCCCCCC/C=C\C/C=C\CCCCC)OC(=O)CCCN(C)C,0.91033,50.0,10.0,38.5,1.5,10.0,4.61512051684126,2.3978952727983707,8.5271435223,6.3099182782,2.0,19,6.466315782701154,4.0,1,0,0,False,True,False,True,False,False,True,False,False,1.649786074565917
CCCCC(O)CN(CCCN(C)C)CC(O)CCCC,0.42367,40.0,10.164751344086024,19.559226690805648,1.1343862500000004,10.0,5.993961427306569,3.713572066704308,9.9059844328,7.6255950722,2.0,6,5.715391495129448,0.0,2,0,0,True,False,False,True,False,False,True,False,False,19.01247275011018
CCCCCCC(O)CN(CCCN(C)C)CC(O)CCCCCC,0.42233,40.0,12.050100806451615,23.187055476529174,1.3447912500000003,10.0,5.993961427306569,3.713572066704308,9.9059844328,7.6255950722,2.0,8,5.885022891673553,0.0,2,0,0,True,False,False,True,False,False,True,False,False,19.005254225397834
CCCCCCCCC(O)CN(CCCN(C)C)CC(O)CCCCCCCC,0.51,40.0,13.935450268817217,26.81488426225271,1.5551962500000014,10.0,5.993961427306569,3.713572066704308,9.9059844328,7.6255950722,2.0,10,6.030009551252111,0.0,2,0,0,True,False,False,True,False,False,True,False,False,23.78512992903717
CCCCCCCCCCC(O)CN(CCCN(C)C)CC(O)CCCCCCCCCC,0.672,40.0,15.820799731182811,30.44271304797624,1.7656012500000016,10.0,5.993961427306569,3.713572066704308,9.9059844328,7.6255950722,2.0,12,6.156612392974967,0.0,2,0,0,True,False,False,True,False,False,True,False,False,15.45524854774253
CCCCCCCCCCCCC(O)CN(CCCN(C)C)CC(O)CCCCCCCCCCCC,0.68033,40.0,17.706149193548406,34.070541833699764,1.976006250000002,10.0,5.993961427306569,3.713572066704308,9.9059844328,7.6255950722,2.0,14,6.268973170067484,0.0,2,0,0,True,False,False,True,False,False,True,False,False,11.258686330924464
CCCCCC(=O)OC(CCCC)CN(CCCN(C)C)CC(CCCC)OC(=O)CCCCC,0.54733,40.0,16.760517473118295,32.25093754041126,1.8704737500000015,10.0,5.993961427306569,3.713572066704308,9.9059844328,7.6255950722,2.0,6,6.214194012700532,0.0,2,0,0,True,False,False,True,False,False,True,False,False,20.896511358440424
CCCCCCCC(=O)OC(CCCC)CN(CCCN(C)C)CC(CCCC)OC(=O)CCCCCCC,0.76467,40.0,18.645866935483888,35.87876632613478,2.0808787500000014,10.0,5.993961427306569,3.713572066704308,9.9059844328,7.6255950722,2.0,8,6.320590220842498,0.0,2,0,0,True,False,False,True,False,False,True,False,False,5.970367607849802
CCCCCCCCCC(=O)OC(CCCC)CN(CCCN(C)C)CC(CCCC)OC(=O)CCCCCCCCC,0.799,40.0,20.531216397849462,39.506595111858275,2.2912837500000003,10.0,5.993961427306569,3.713572066704308,9.9059844328,7.6255950722,2.0,10,6.416746988286548,0.0,2,0,0,True,False,False,True,False,False,True,False,False,4.57048901299572
CCCCCCCCCCCC(=O)OC(CCCC)CN(CCCN(C)C)CC(CCCC)OC(=O)CCCCCCCCCCC,0.826,37.0933434465019,20.78763440860215,40.0,2.3198999999999996,10.0,5.993961427306569,3.713572066704308,9.9059844328,7.6255950722,2.0,12,6.504463307900326,0.0,2,0,0,True,False,False,True,False,False,True,False,False,5.999015672561042
CCCCCCCCCCCCCC(=O)OC(CCCC)CN(CCCN(C)C)CC(CCCC)OC(=O)CCCCCCCCCCCCC,0.798,34.215631373362385,20.787634408602152,40.0,2.3198999999999996,10.0,5.993961427306569,3.713572066704308,9.9059844328,7.6255950722,2.0,14,6.585102117586303,0.0,2,0,0,True,False,False,True,False,False,True,False,False,4.548591277213356
CCCCCCC(CN(CCCN(C)C)CC(CCCCCC)OC(=O)CCCCC)OC(=O)CCCCC,0.81433,40.0,18.64586693548388,35.878766326134766,2.080878750000001,10.0,5.993961427306569,3.713572066704308,9.9059844328,7.6255950722,2.0,8,6.320590220842498,0.0,2,0,0,True,False,False,True,False,False,True,False,False,6.030338697528538
CCCCCCCC(=O)OC(CCCCCC)CN(CCCN(C)C)CC(CCCCCC)OC(=O)CCCCCCC,0.74867,40.0,20.531216397849462,39.506595111858275,2.2912837500000003,10.0,5.993961427306569,3.713572066704308,9.9059844328,7.6255950722,2.0,8,6.416746988286548,0.0,2,0,0,True,False,False,True,False,False,True,False,False,6.884162273287937
CCCCCCCCCC(=O)OC(CCCCCC)CN(CCCN(C)C)CC(CCCCCC)OC(=O)CCCCCCCCC,0.80133,37.09334344650188,20.78763440860215,40.0,2.3198999999999996,10.0,5.993961427306569,3.713572066704308,9.9059844328,7.6255950722,2.0,10,6.504463307900327,0.0,2,0,0,True,False,False,True,False,False,True,False,False,4.671736081243085
CCCCCCCCCCCC(=O)OC(CCCCCC)CN(CCCN(C)C)CC(CCCCCC)OC(=O)CCCCCCCCCCC,0.786,34.21563137336238,20.787634408602152,40.0,2.3198999999999996,10.0,5.993961427306569,3.713572066704308,9.9059844328,7.6255950722,2.0,12,6.585102117586303,0.0,2,0,0,True,False,False,True,False,False,True,False,False,5.130527374787819
CCCCCCCCCCCCCC(=O)OC(CCCCCC)CN(CCCN(C)C)CC(CCCCCC)OC(=O)CCCCCCCCCCCCC,0.71633,31.75228047574017,20.787634408602152,40.0,2.3199,10.0,5.993961427306569,3.713572066704308,9.9059844328,7.6255950722,2.0,14,6.659720751654833,0.0,2,0,0,True,False,False,True,False,False,True,False,False,8.991038040064263
CCCCCCCCC(CN(CCCN(C)C)CC(CCCCCCCC)OC(=O)CCCCC)OC(=O)CCCCC,0.72067,40.0,20.53121639784947,39.50659511185828,2.2912837500000007,10.0,5.993961427306569,3.713572066704308,9.9059844328,7.6255950722,2.0,10,6.416746988286548,0.0,2,0,0,True,False,False,True,False,False,True,False,False,9.867292580690842
CCCCCCCCC(CN(CCCN(C)C)CC(CCCCCCCC)OC(=O)CCCCCCC)OC(=O)CCCCCCC,0.75067,37.09334344650188,20.78763440860215,40.0,2.3198999999999996,10.0,5.993961427306569,3.713572066704308,9.9059844328,7.6255950722,2.0,10,6.504463307900327,0.0,2,0,0,True,False,False,True,False,False,True,False,False,6.443825489612339
CCCCCCCCCC(=O)OC(CCCCCCCC)CN(CCCN(C)C)CC(CCCCCCCC)OC(=O)CCCCCCCCC,0.80167,34.21563137336238,20.787634408602152,40.0,2.3198999999999996,10.0,5.993961427306569,3.713572066704308,9.9059844328,7.6255950722,2.0,10,6.585102117586303,0.0,2,0,0,True,False,False,True,False,False,True,False,False,4.692101830222043
CCCCCCCCCCCC(=O)OC(CCCCCCCC)CN(CCCN(C)C)CC(CCCCCCCC)OC(=O)CCCCCCCCCCC,0.78133,31.75228047574017,20.787634408602152,40.0,2.3199,10.0,5.993961427306569,3.713572066704308,9.9059844328,7.6255950722,2.0,12,6.659720751654833,0.0,2,0,0,True,False,False,True,False,False,True,False,False,5.48046045994179
CCCCCCCCCCCCCC(=O)OC(CCCCCCCC)CN(CCCN(C)C)CC(CCCCCCCC)OC(=O)CCCCCCCCCCCCC,0.71833,29.619805587707592,20.78763440860215,40.0,2.3198999999999996,10.0,5.993961427306569,3.713572066704308,9.9059844328,7.6255950722,2.0,14,6.729155985960899,0.0,2,0,0,True,False,False,True,False,False,True,False,False,9.273372491038597
CCCCCCCCCCC(CN(CCCN(C)C)CC(CCCCCCCCCC)OC(=O)CCCCC)OC(=O)CCCCC,0.736,37.09334344650188,20.78763440860215,40.0,2.3198999999999996,10.0,5.993961427306569,3.713572066704308,9.9059844328,7.6255950722,2.0,12,6.504463307900327,0.0,2,0,0,True,False,False,True,False,False,True,False,False,13.204599535493795
CCCCCCCCCCC(CN(CCCN(C)C)CC(CCCCCCCCCC)OC(=O)CCCCCCC)OC(=O)CCCCCCC,0.81567,34.21563137336238,20.787634408602152,40.0,2.3198999999999996,10.0,5.993961427306569,3.713572066704308,9.9059844328,7.6255950722,2.0,12,6.585102117586303,0.0,2,0,0,True,False,False,True,False,False,True,False,False,6.177179760461059
CCCCCCCCCCC(CN(CCCN(C)C)CC(CCCCCCCCCC)OC(=O)CCCCCCCCC)OC(=O)CCCCCCCCC,0.78367,31.75228047574017,20.787634408602152,40.0,2.3199,10.0,5.993961427306569,3.713572066704308,9.9059844328,7.6255950722,2.0,12,6.659720751654833,0.0,2,0,0,True,False,False,True,False,False,True,False,False,5.313903442309833
CCCCCCCCCCCC(=O)OC(CCCCCCCCCC)CN(CCCN(C)C)CC(CCCCCCCCCC)OC(=O)CCCCCCCCCCC,0.795,29.619805587707592,20.78763440860215,40.0,2.3198999999999996,10.0,5.993961427306569,3.713572066704308,9.9059844328,7.6255950722,2.0,12,6.729155985960899,0.0,2,0,0,True,False,False,True,False,False,True,False,False,4.562306909262566
CCCCCCCCCCCCCC(=O)OC(CCCCCCCCCC)CN(CCCN(C)C)CC(CCCCCCCCCC)OC(=O)CCCCCCCCCCCCC,0.628,27.75573748610567,20.787634408602152,40.0,2.3199,10.0,5.993961427306569,3.713572066704308,9.9059844328,7.6255950722,2.0,14,6.79408141410752,0.0,2,0,0,True,False,False,True,False,False,True,False,False,23.78512992903717
CCCCCCCCCCCCC(CN(CCCN(C)C)CC(CCCCCCCCCCCC)OC(=O)CCCCC)OC(=O)CCCCC,0.77867,34.21563137336238,20.787634408602152,40.0,2.3198999999999996,10.0,5.993961427306569,3.713572066704308,9.9059844328,7.6255950722,2.0,14,6.585102117586303,0.0,2,0,0,True,False,False,True,False,False,True,False,False,5.6446040634942
CCCCCCCCCCCCC(CN(CCCN(C)C)CC(CCCCCCCCCCCC)OC(=O)CCCCCCC)OC(=O)CCCCCCC,0.77333,31.75228047574017,20.787634408602152,40.0,2.3199,10.0,5.993961427306569,3.713572066704308,9.9059844328,7.6255950722,2.0,14,6.659720751654833,0.0,2,0,0,True,False,False,True,False,False,True,False,False,5.9036525110355536
CCCCCCCCCCCCC(CN(CCCN(C)C)CC(CCCCCCCCCCCC)OC(=O)CCCCCCCCC)OC(=O)CCCCCCCCC,0.757,29.619805587707592,20.78763440860215,40.0,2.3198999999999996,10.0,5.993961427306569,3.713572066704308,9.9059844328,7.6255950722,2.0,14,6.729155985960899,0.0,2,0,0,True,False,False,True,False,False,True,False,False,5.846439822697879
CCCCCCCCCCCCC(CN(CCCN(C)C)CC(CCCCCCCCCCCC)OC(=O)CCCCCCCCCCC)OC(=O)CCCCCCCCCCC,0.59767,27.75573748610567,20.787634408602152,40.0,2.3199,10.0,5.993961427306569,3.713572066704308,9.9059844328,7.6255950722,2.0,14,6.79408141410752,0.0,2,0,0,True,False,False,True,False,False,True,False,False,23.78512992903717
CCCCCCCCCCCCCC(=O)OC(CCCCCCCCCCCC)CN(CCCN(C)C)CC(CCCCCCCCCCCC)OC(=O)CCCCCCCCCCCCC,0.47133,26.11240142794284,20.78763440860215,40.0,2.3198999999999996,10.0,5.993961427306569,3.713572066704308,9.9059844328,7.6255950722,2.0,14,6.855047300189785,0.0,2,0,0,True,False,False,True,False,False,True,False,False,19.02327764144179
CCCCC/C=C\C/C=C\CCCCCCCCC(CCCCCCCC/C=C\C/C=C\CCCCC)OC(=O)CCCN(C)C,0.79733,50.0,10.0,38.5,1.5,10.0,5.993961427306569,3.713572066704308,9.9059844328,7.6255950722,2.0,19,6.466315782701154,4.0,1,0,0,False,True,False,True,False,False,True,False,False,4.541368321882529
CCCCc1ccc(C#CCN(C)CC#Cc2ccc(CCCC)cc2)cc1,0.9665,40.0,12.485483870967748,24.024828656407617,1.1147040000000004,10.0,3.4339872044851463,1.3862943611198906,7.3460102099,5.2983173666,2.0,5,5.9204195714949,2.0,1,0,0,True,False,False,True,False,False,True,False,False,0.47682610743778175
CCCCCCc1ccc(C#CCN(C)CC#Cc2ccc(CCCCCC)cc2)cc1,0.9635,40.0,14.37083333333334,27.652657442131144,1.2830280000000005,10.0,3.4339872044851463,1.3862943611198906,7.3460102099,5.2983173666,2.0,7,6.060701388831776,2.0,1,0,0,True,False,False,True,False,False,True,False,False,0.355544630709219
CCCCc1ccc(C#CCN(CC)CC#Cc2ccc(CCCC)cc2)cc1,0.9785,40.0,12.956821236559149,24.931785852838495,1.1567850000000004,10.0,3.4339872044851463,1.3862943611198906,7.3460102099,5.2983173666,2.0,5,5.95737763342624,2.0,1,0,0,True,False,False,True,False,False,True,False,False,0.779177217209665
CCCCCCc1ccc(C#CCN(CC)CC#Cc2ccc(CCCCCC)cc2)cc1,0.952,40.0,14.84217069892474,28.559614638562024,1.3251090000000008,10.0,3.4339872044851463,1.3862943611198906,7.3460102099,5.2983173666,2.0,7,6.092899116313283,2.0,1,0,0,True,False,False,True,False,False,True,False,False,0.17049289891108185
CCCCc1ccc(C#CCN(CC#Cc2ccc(CCCC)cc2)CCOC)cc1,0.946,40.0,13.96575940860216,26.873205741626812,1.2468630000000005,10.0,3.4339872044851463,1.3862943611198906,7.3460102099,5.2983173666,2.0,5,6.0321769356217185,2.0,1,0,0,True,False,False,True,False,False,True,False,False,0.18126932759848818
CCCCCCc1ccc(C#CCN(CC#Cc2ccc(CCCCCC)cc2)CCOC)cc1,0.961,40.0,15.851108870967751,30.501034527350345,1.4151870000000009,10.0,3.4339872044851463,1.3862943611198906,7.3460102099,5.2983173666,2.0,7,6.158522285610627,2.0,1,0,0,True,False,False,True,False,False,True,False,False,0.28158801958124524
CCCCc1ccc(C#CCN(CC#Cc2ccc(CCCC)cc2)CCO)cc1,0.9135,40.0,13.49442204301076,25.96624854519593,1.204782000000001,10.0,3.4339872044851463,1.3862943611198906,7.3460102099,5.2983173666,2.0,5,5.997928609964982,2.0,1,0,0,True,False,False,True,False,False,True,False,False,1.5618684438876576
CCCCCCc1ccc(C#CCN(CC#Cc2ccc(CCCCCC)cc2)CCO)cc1,0.955,40.0,15.379771505376354,29.59407733091946,1.3731060000000008,10.0,3.4339872044851463,1.3862943611198906,7.3460102099,5.2983173666,2.0,7,6.128400761741867,2.0,1,0,0,True,False,False,True,False,False,True,False,False,0.18725769428796685
CCCCc1ccc(C#CCN(CC#Cc2ccc(CCCC)cc2)C2CCCCC2)cc1,0.9245,40.0,14.77442876344087,28.42926419242211,1.319061000000001,10.0,3.4339872044851463,1.3862943611198906,7.3460102099,5.2983173666,2.0,5,6.088334872887778,2.0,1,0,0,True,False,False,True,False,False,True,False,False,1.1986782253381432
CCCCCCc1ccc(C#CCN(CC#Cc2ccc(CCCCCC)cc2)C2CCCCC2)cc1,0.968,40.0,16.659778225806466,32.05709297814564,1.4873850000000013,10.0,3.4339872044851463,1.3862943611198906,7.3460102099,5.2983173666,2.0,7,6.208177466156385,2.0,1,0,0,True,False,False,True,False,False,True,False,False,0.5478826484472805
CCCCCCc1ccc(C#CCN(CC#Cc2ccc(CCCCCC)cc2)c2ccccc2)cc1,0.998,40.0,16.45655241935485,31.666041639725876,1.469241000000001,10.0,3.4339872044851463,1.3862943611198906,7.3460102099,5.2983173666,2.0,7,6.19592872004568,2.0,1,0,0,True,False,False,True,False,False,True,False,False,0.24150511200700953
CCCCc1ccc(C#CCN(CC#Cc2ccc(CCCC)cc2)C2CCC(O)CC2)cc1,0.958,40.0,15.312029569892484,29.46372688477954,1.3670580000000008,10.0,3.4339872044851463,1.3862943611198906,7.3460102099,5.2983173666,2.0,5,6.123996065024352,2.0,1,0,0,True,False,False,True,False,False,True,False,False,0.2221740474371337
CCCCCCc1ccc(C#CCN(CC#Cc2ccc(CCCCCC)cc2)C2CCC(O)CC2)cc1,0.9245,40.0,17.197379032258084,33.09155567050307,1.5353820000000011,10.0,3.4339872044851463,1.3862943611198906,7.3460102099,5.2983173666,2.0,7,6.239874205069992,2.0,1,0,0,True,False,False,True,False,False,True,False,False,1.1986782253381432
CCCCc1ccc(C#CCN(CC#Cc2ccc(CCCC)cc2)CC(=O)OC)cc1,0.9485,40.0,14.4356182795699,27.777317987844317,1.2888120000000003,10.0,3.4339872044851463,1.3862943611198906,7.3460102099,5.2983173666,2.0,5,6.065188874250796,2.0,1,0,0,True,False,False,True,False,False,True,False,False,0.1696329140350257
CCCCCCc1ccc(C#CCN(CC#Cc2ccc(CCCCCC)cc2)CC(=O)OC)cc1,0.9505,40.0,16.320967741935494,31.405146773567857,1.4571360000000009,10.0,3.4339872044851463,1.3862943611198906,7.3460102099,5.2983173666,2.0,7,6.187672572380949,2.0,1,0,0,True,False,False,True,False,False,True,False,False,0.16776265793457953
CCCCc1ccc(C#CCN(CC#Cc2ccc(CCCC)cc2)CCN(C)C)cc1,0.9205,40.0,14.404032258064523,27.71653950601321,1.2859920000000005,10.0,3.4339872044851463,1.3862943611198906,7.3460102099,5.2983173666,2.0,5,6.063003507890298,2.0,2,0,0,True,False,False,True,False,False,True,False,False,1.381492943459405
CCCCCCc1ccc(C#CCN(CC#Cc2ccc(CCCCCC)cc2)CCN(C)C)cc1,0.9695,40.0,16.289381720430118,31.344368291736735,1.4543160000000008,10.0,3.4339872044851463,1.3862943611198906,7.3460102099,5.2983173666,2.0,7,6.185739378019395,2.0,2,0,0,True,False,False,True,False,False,True,False,False,0.620877061741268
CCCCc1ccc(C#CCN(CC#Cc2ccc(CCCC)cc2)CCCN(C)C)cc1,0.934,40.0,14.875369623655924,28.623496702444093,1.3280730000000007,10.0,3.4339872044851463,1.3862943611198906,7.3460102099,5.2983173666,2.0,5,6.095128374203482,2.0,2,0,0,True,False,False,True,False,False,True,False,False,0.5027109489062457
CCCCCCc1ccc(C#CCN(CC#Cc2ccc(CCCCCC)cc2)CCCN(C)C)cc1,0.961,40.0,16.760719086021517,32.25132548816762,1.4963970000000009,10.0,3.4339872044851463,1.3862943611198906,7.3460102099,5.2983173666,2.0,7,6.214206017598531,2.0,2,0,0,True,False,False,True,False,False,True,False,False,0.28158801958124524
CCCCc1ccc(C#CCN(CC#Cc2ccc(CCCC)cc2)CCN(CC)CC)cc1,0.9145,40.0,15.346706989247323,29.530453898874978,1.3701540000000008,10.0,3.4339872044851463,1.3862943611198906,7.3460102099,5.2983173666,2.0,5,6.126253273956442,2.0,2,0,0,True,False,False,True,False,False,True,False,False,1.537345907351059
CCCCCCc1ccc(C#CCN(CC#Cc2ccc(CCCCCC)cc2)CCN(CC)CC)cc1,0.918,40.0,17.23205645161292,33.158282684598504,1.5384780000000011,10.0,3.4339872044851463,1.3862943611198906,7.3460102099,5.2983173666,2.0,7,6.241884686743084,2.0,2,0,0,True,False,False,True,False,False,True,False,False,1.4534306030915856
CCCCc1ccc(C#CCN(CC#Cc2ccc(CCCC)cc2)CCCN(CC)CC)cc1,0.9725,40.0,15.818044354838722,30.437411095305865,1.4122350000000012,10.0,3.4339872044851463,1.3862943611198906,7.3460102099,5.2983173666,2.0,5,6.156438585358364,2.0,2,0,0,True,False,False,True,False,False,True,False,False,0.7477684122641974
CCCCCCc1ccc(C#CCN(CC#Cc2ccc(CCCCCC)cc2)CCCN(CC)CC)cc1,1.0,40.0,17.70339381720432,34.06523988102939,1.5805590000000014,10.0,3.4339872044851463,1.3862943611198906,7.3460102099,5.2983173666,2.0,7,6.268817835852348,2.0,2,0,0,True,False,False,True,False,False,True,False,False,0.23741686966799405
CCCCc1ccc(C#CCN(CC#Cc2ccc(CCCC)cc2)CCN2CCCC2)cc1,0.9955,40.0,15.278965053763455,29.400103452735063,1.364106000000001,10.0,3.4339872044851463,1.3862943611198906,7.3460102099,5.2983173666,2.0,5,6.121839087112522,2.0,2,0,0,True,False,False,True,False,False,True,False,False,0.25862961238011745
CCCCCCc1ccc(C#CCN(CC#Cc2ccc(CCCCCC)cc2)CCN2CCCC2)cc1,0.991,40.0,17.16431451612905,33.02793223845859,1.5324300000000013,10.0,3.4339872044851463,1.3862943611198906,7.3460102099,5.2983173666,2.0,7,6.237953462417184,2.0,2,0,0,True,False,False,True,False,False,True,False,False,0.329656507469377
CCCCc1ccc(C#CCN(CC#Cc2ccc(CCCC)cc2)CCCN2CCCC2)cc1,0.968,40.0,15.750302419354856,30.307060649165948,1.4061870000000012,10.0,3.4339872044851463,1.3862943611198906,7.3460102099,5.2983173666,2.0,5,6.152155932664171,2.0,2,0,0,True,False,False,True,False,False,True,False,False,0.5478826484472805
CCCCCCc1ccc(C#CCN(CC#Cc2ccc(CCCCCC)cc2)CCCN2CCCC2)cc1,0.9845,40.0,17.63565188172045,33.93488943488948,1.5745110000000015,10.0,3.4339872044851463,1.3862943611198906,7.3460102099,5.2983173666,2.0,7,6.264991278781585,2.0,2,0,0,True,False,False,True,False,False,True,False,False,0.5483883253204896
CCCCCCc1ccc(C#CCN(CC#Cc2ccc(CCCCCC)cc2)CCCn2ccnc2)cc1,0.888,40.0,17.533366935483883,33.73807060649169,1.5653790000000012,10.0,3.4339872044851463,1.3862943611198906,7.3460102099,5.2983173666,2.0,7,6.25918559221896,2.0,2,0,0,True,False,False,True,False,False,True,False,False,3.2636656324114472
CCCCCCc1ccc(C#CCN(CC#Cc2ccc(CCCCCC)cc2)CCN2CCOCC2)cc1,0.9445,40.0,17.701915322580664,34.06239493081602,1.5804270000000016,10.0,3.4339872044851463,1.3862943611198906,7.3460102099,5.2983173666,2.0,7,6.268734475837446,2.0,2,0,0,True,False,False,True,False,False,True,False,False,0.19391080639585798
CCCCc1ccc(C#CCN(CC#Cc2ccc(CCCC)cc2)CCN2CCCCC2)cc1,0.9585,40.0,15.750302419354856,30.307060649165948,1.4061870000000012,10.0,3.4339872044851463,1.3862943611198906,7.3460102099,5.2983173666,2.0,5,6.152155932664171,2.0,2,0,0,True,False,False,True,False,False,True,False,False,0.23016439225601348
CCCCCCc1ccc(C#CCN(CC#Cc2ccc(CCCCCC)cc2)CCN2CCCCC2)cc1,1.0,40.0,17.63565188172045,33.93488943488948,1.5745110000000015,10.0,3.4339872044851463,1.3862943611198906,7.3460102099,5.2983173666,2.0,7,6.264991278781585,2.0,2,0,0,True,False,False,True,False,False,True,False,False,0.23741686966799405
CCCCc1ccc(C#CCN(CC#Cc2ccc(CCCC)cc2)CCN2CCN(C)CC2)cc1,0.951,40.0,16.254838709677433,31.277899909478887,1.451232000000001,10.0,3.4339872044851463,1.3862943611198906,7.3460102099,5.2983173666,2.0,5,6.183620916531978,2.0,3,0,0,True,False,False,True,False,False,True,False,False,0.16827728677991544
CCCCCCc1ccc(C#CCN(CC#Cc2ccc(CCCCCC)cc2)CCN2CCN(C)CC2)cc1,0.9495,40.0,18.14018817204303,34.90572869520242,1.6195560000000015,10.0,3.4339872044851463,1.3862943611198906,7.3460102099,5.2983173666,2.0,7,6.2931456739524245,2.0,3,0,0,True,False,False,True,False,False,True,False,False,0.16790836741398094
CCCCc1ccc(C#CCN2CCN(CC#Cc3ccc(CCCC)cc3)CC2)cc1,0.9205,40.0,14.336290322580652,27.586189059873284,1.2799440000000004,10.0,3.4339872044851463,1.3862943611198906,7.3460102099,5.2983173666,2.0,5,6.058300427294237,2.0,2,0,0,True,False,False,True,False,False,True,False,False,1.381492943459405
CCCCCCc1ccc(C#CCN2CCN(CC#Cc3ccc(CCCCCC)cc3)CC2)cc1,0.944,40.0,16.221639784946248,31.21401784559682,1.4482680000000012,10.0,3.4339872044851463,1.3862943611198906,7.3460102099,5.2983173666,2.0,7,6.181580647367849,2.0,2,0,0,True,False,False,True,False,False,True,False,False,0.19921205875758968
CCCCc1ccc(C#CCN(C)CCCN(C)CC#Cc2ccc(CCCC)cc2)cc1,0.9445,40.0,14.87536962365592,28.62349670244409,1.3280730000000005,10.0,3.4339872044851463,1.3862943611198906,7.3460102099,5.2983173666,2.0,5,6.095128374203482,2.0,2,0,0,True,False,False,True,False,False,True,False,False,0.19391080639585798
CCCCCCc1ccc(C#CCN(C)CCCN(C)CC#Cc2ccc(CCCCCC)cc2)cc1,1.0,40.0,16.760719086021517,32.25132548816762,1.4963970000000009,10.0,3.4339872044851463,1.3862943611198906,7.3460102099,5.2983173666,2.0,7,6.214206017598531,2.0,2,0,0,True,False,False,True,False,False,True,False,False,0.23741686966799405
CCCCc1ccc(C#CCN(CC)CCN(CC)CC#Cc2ccc(CCCC)cc2)cc1,0.913,40.0,15.346706989247318,29.530453898874967,1.3701540000000003,10.0,3.4339872044851463,1.3862943611198906,7.3460102099,5.2983173666,2.0,5,6.126253273956442,2.0,2,0,0,True,False,False,True,False,False,True,False,False,1.5745695076867814
CCCCCCc1ccc(C#CCN(CC)CCN(CC)CC#Cc2ccc(CCCCCC)cc2)cc1,0.937,40.0,17.23205645161292,33.158282684598504,1.5384780000000011,10.0,3.4339872044851463,1.3862943611198906,7.3460102099,5.2983173666,2.0,7,6.241884686743084,2.0,2,0,0,True,False,False,True,False,False,True,False,False,0.3587351365458934
CCCCc1ccc(C#CCN(C)CCCN(C)CCCN(C)CC#Cc2ccc(CCCC)cc2)cc1,0.9905,40.0,17.2652553763441,33.222164748480566,1.5414420000000009,10.0,3.4339872044851463,1.3862943611198906,7.3460102099,5.2983173666,2.0,5,6.243805670379389,2.0,3,0,0,True,False,False,True,False,False,True,False,False,0.3413614052132114
CCCCCCc1ccc(C#CCN(C)CCCN(C)CCCN(C)CC#Cc2ccc(CCCCCC)cc2)cc1,0.956,40.0,19.150604838709693,36.849993534204096,1.7097660000000012,10.0,3.4339872044851463,1.3862943611198906,7.3460102099,5.2983173666,2.0,7,6.347252597873207,2.0,3,0,0,True,False,False,True,False,False,True,False,False,0.19662575418041806
CCCCc1ccc(C#CCC(CCO)CCN(CC#Cc2ccc(CCCC)cc2)CC#Cc2ccc(CCCC)cc2)cc1,0.8705,40.0,20.629368279569896,39.6954610112505,1.8417900000000005,10.0,3.4339872044851463,1.3862943611198906,7.3460102099,5.2983173666,3.0,7,6.421508440190189,3.0,1,0,0,True,False,False,True,False,False,True,False,False,3.861761904998287
CCCCCCc1ccc(C#CCC(CCO)CCN(CC#Cc2ccc(CCCCCC)cc2)CC#Cc2ccc(CCCCCC)cc2)cc1,0.933,35.4474768368639,20.78763440860215,40.0,1.8559199999999996,10.0,3.4339872044851463,1.3862943611198906,7.3460102099,5.2983173666,3.0,7,6.549782350168242,3.0,1,0,0,True,False,False,True,False,False,True,False,False,0.5642224922272506
CCCCc1ccc(C#CCN(CC#Cc2ccc(CCCC)cc2)CCN(CC#Cc2ccc(CCCC)cc2)CC#Cc2ccc(CCCC)cc2)cc1,0.932,33.389464594127794,20.787634408602145,40.0,1.8559199999999996,10.0,3.4339872044851463,1.3862943611198906,7.3460102099,5.2983173666,4.0,5,6.609510955158677,4.0,2,0,0,True,False,False,True,False,False,True,False,False,0.6323603741079361
CCCCCCc1ccc(C#CCN(CC#Cc2ccc(CCCCCC)cc2)CCN(CC#Cc2ccc(CCCCCC)cc2)CC#Cc2ccc(CCCCCC)cc2)cc1,0.9485,28.99865937918945,20.78763440860215,40.0,1.8559199999999991,10.0,3.4339872044851463,1.3862943611198906,7.3460102099,5.2983173666,4.0,7,6.750324559033267,4.0,2,0,0,True,False,False,True,False,False,True,False,False,0.1696329140350257
CCCCc1ccc(C#CCN(CC#Cc2ccc(CCCC)cc2)CCCN(CC#Cc2ccc(CCCC)cc2)CC#Cc2ccc(CCCC)cc2)cc1,0.8905,32.769248901207305,20.787634408602145,40.0,1.8559199999999996,10.0,3.4339872044851463,1.3862943611198906,7.3460102099,5.2983173666,4.0,5,6.628235801722107,4.0,2,0,0,True,False,False,True,False,False,True,False,False,3.026101218141115
CCCCCCc1ccc(C#CCN(CC#Cc2ccc(CCCCCC)cc2)CCCN(CC#Cc2ccc(CCCCCC)cc2)CC#Cc2ccc(CCCCCC)cc2)cc1,0.9315,28.529692873687267,20.78763440860215,40.0,1.8559199999999996,10.0,3.4339872044851463,1.3862943611198906,7.3460102099,5.2983173666,4.0,7,6.766609830002923,4.0,2,0,0,True,False,False,True,False,False,True,False,False,0.6686929458607875
CCCCc1ccc(C#CCN(CC#Cc2ccc(CCCC)cc2)CCOCCOCCN(CC#Cc2ccc(CCCC)cc2)CC#Cc2ccc(CCCC)cc2)cc1,0.911,29.84180428495971,20.78763440860215,40.0,1.85592,10.0,3.4339872044851463,1.3862943611198906,7.3460102099,5.2983173666,4.0,5,6.721697952883305,4.0,2,0,0,True,False,False,True,False,False,True,False,False,1.6295314147203634
CCCCCCc1ccc(C#CCN(CC#Cc2ccc(CCCCCC)cc2)CCOCCOCCN(CC#Cc2ccc(CCCCCC)cc2)CC#Cc2ccc(CCCCCC)cc2)cc1,0.9085,26.284784405199694,20.78763440860215,40.0,1.8559199999999996,10.0,3.4339872044851463,1.3862943611198906,7.3460102099,5.2983173666,4.0,7,6.848474378967058,4.0,2,0,0,True,False,False,True,False,False,True,False,False,1.7110099155067993
CCCCc1ccc(C#CCN(CC#Cc2ccc(CCCC)cc2)CCN(C)CCN(CC#Cc2ccc(CCCC)cc2)CC#Cc2ccc(CCCC)cc2)cc1,0.981,31.001132525531936,20.78763440860215,40.0,1.8559199999999991,10.0,3.4339872044851463,1.3862943611198906,7.3460102099,5.2983173666,4.0,5,6.683631247153966,4.0,3,0,0,True,False,False,True,False,False,True,False,False,0.6982894558903341
CCCCCCc1ccc(C#CCN(CC#Cc2ccc(CCCCCC)cc2)CCN(C)CCN(CC#Cc2ccc(CCCCCC)cc2)CC#Cc2ccc(CCCCCC)cc2)cc1,0.894,27.18006396963201,20.78763440860215,40.0,1.85592,10.0,3.4339872044851463,1.3862943611198906,7.3460102099,5.2983173666,4.0,7,6.815016989031932,4.0,3,0,0,True,False,False,True,False,False,True,False,False,2.6791860620838683
CCCCc1ccc(C#CCN(CC#Cc2ccc(CCCC)cc2)CCCN(C)CCCN(CC#Cc2ccc(CCCC)cc2)CC#Cc2ccc(CCCC)cc2)cc1,0.9835,29.948564028707327,20.78763440860215,40.0,1.85592,10.0,3.4339872044851463,1.3862943611198906,7.3460102099,5.2983173666,4.0,5,6.71813112299784,4.0,3,0,0,True,False,False,True,False,False,True,False,False,0.5919752317743577
CCCCCCc1ccc(C#CCN(CC#Cc2ccc(CCCCCC)cc2)CCCN(C)CCCN(CC#Cc2ccc(CCCCCC)cc2)CC#Cc2ccc(CCCCCC)cc2)cc1,0.959,26.367575009110436,20.787634408602152,40.0,1.85592,10.0,3.4339872044851463,1.3862943611198906,7.3460102099,5.2983173666,4.0,7,6.845332917199116,4.0,3,0,0,True,False,False,True,False,False,True,False,False,0.23886750012334051
CCCCc1ccc(C#CCC(CC#Cc2ccc(CCCC)cc2)CCN(CCN(CC#Cc2ccc(CCCC)cc2)CC#Cc2ccc(CCCC)cc2)CCN(CC#Cc2ccc(CCCC)cc2)CC#Cc2ccc(CCCC)cc2)cc1,0.915,21.208454035893674,20.787634408602152,40.0,1.85592,10.0,3.4339872044851463,1.3862943611198906,7.3460102099,5.2983173666,6.0,9,7.062859789482538,6.0,3,0,0,True,False,False,True,False,False,True,False,False,1.5254035781831876
CCCCCCc1ccc(C#CCC(CC#Cc2ccc(CCCCCC)cc2)CCN(CCN(CC#Cc2ccc(CCCCCC)cc2)CC#Cc2ccc(CCCCCC)cc2)CCN(CC#Cc2ccc(CCCCCC)cc2)CC#Cc2ccc(CCCCCC)cc2)cc1,0.9,18.534586069699447,20.787634408602145,40.0,1.8559199999999991,10.0,3.4339872044851463,1.3862943611198906,7.3460102099,5.2983173666,6.0,9,7.1975131953782565,6.0,3,0,0,True,False,False,True,False,False,True,False,False,2.1599444168665456
CCCCc1ccc(C#CCN(CC#Cc2ccc(CCCC)cc2)CCCN2CCN(CCCN(CC#Cc3ccc(CCCC)cc3)CC#Cc3ccc(CCCC)cc3)CC2)cc1,0.978,28.076927440857784,20.78763440860215,40.0,1.85592,10.0,3.4339872044851463,1.3862943611198906,7.3460102099,5.2983173666,4.0,5,6.782588802689242,4.0,4,0,0,True,False,False,True,False,False,True,False,False,0.7899271272428048
CCCCCCc1ccc(C#CCN(CC#Cc2ccc(CCCCCC)cc2)CCCN2CCN(CCCN(CC#Cc3ccc(CCCCCC)cc3)CC#Cc3ccc(CCCCCC)cc3)CC2)cc1,0.9865,24.905844201593062,20.78763440860215,40.0,1.8559199999999991,10.0,3.4339872044851463,1.3862943611198906,7.3460102099,5.2983173666,4.0,7,6.902306461099508,4.0,4,0,0,True,False,False,True,False,False,True,False,False,0.4666247563251473
[O-]S(=O)(=O)CCC[N+](C)(C)CCNC(=O)CCN(CC(O)CCCCCC)CCCN5CCN(CCCN(CC(O)CCCCCC)CC(O)CCCCCC)CC5,1.0,56.49717514,0.0,43.50282486,0.0,21.28626566,6.05379433359858,2.995732273553991,9.2726698926,6.2146080984,3.0,8,6.745615101278257,0.0,4,1,0,False,False,False,True,False,True,False,False,False,0.23741686966799405
[O-]S(=O)(=O)CCC[N+](C)(C)CCNC(=O)CCN(CC(O)CCCCCCCC)CCCN5CCN(CCCN(CC(O)CCCCCCCC)CC(O)CCCCCCCC)CC5,1.0,56.49717514,0.0,43.50282486,0.0,23.39558897,6.148279772592685,2.995732273553991,9.3671552141,6.2146080984,3.0,10,6.83999450529372,0.0,4,1,0,False,False,False,True,False,True,False,False,False,0.23741686966799405
[O-]S(=O)(=O)CCC[N+](C)(C)CCNC(=O)CCN(CC(O)CCCCCCCCCC)CCCN5CCN(CCCN(CC(O)CCCCCCCCCC)CC(O)CCCCCCCCCC)CC5,1.0,56.49717514,0.0,43.50282486,0.0,25.50491228,6.2346033455973435,2.995732273553991,9.4534794732,6.2146080984,3.0,12,6.926229573454383,0.0,4,1,0,False,False,False,True,False,True,False,False,False,0.23741686966799405
[O-]S(=O)(=O)CCC[N+](C)(C)CCNC(=O)CCN(CC(O)CCCCCCCCCCCC)CCCN5CCN(CCCN(CC(O)CCCCCCCCCCCC)CC(O)CCCCCCCCCCCC)CC5,1.0,56.49717514,0.0,43.50282486,0.0,27.61423559,6.314063695553529,2.995732273553991,9.5329396801,6.2146080984,3.0,14,7.005614933385209,0.0,4,1,0,False,False,False,True,False,True,False,False,False,0.23741686966799405
[O-]S(=O)(=O)CCC[N+](C)(C)CCNC(=O)CCN(CC(O)CCCCCCCCCCCCCC)CCCN5CCN(CCCN(CC(O)CCCCCCCCCCCCCC)CC(O)CCCCCCCCCCCCCC)CC5,1.0,56.49717514,0.0,43.50282486,0.0,29.7235589,6.387672233879056,2.995732273553991,9.6065480958,6.2146080984,3.0,16,7.079159120490786,0.0,4,1,0,False,False,False,True,False,True,False,False,False,0.23741686966799405
[O-]S(=O)(=O)CCC[N+](C)(C)CCNC(=O)CCN(CC(O)CCCCCCCCCCCCCCCC)CCCN5CCN(CCCN(CC(O)CCCCCCCCCCCCCCCC)CC(O)CCCCCCCCCCCCCCCC)CC5,0.98027,56.49717514,0.0,43.50282486,0.0,31.83288221,6.456232060858538,2.995732273553991,9.6751078163,6.2146080984,3.0,18,7.147663121028973,0.0,4,1,0,False,False,False,True,False,True,False,False,False,0.7257894499365193
CCCCNCCOP(=O)(O)OCCCC,0.95,25.0,30.0,30.0,1.0,4.476173377,3.151918033414718,1.791759469228055,7.3516202506,5.9914645471,2.0,4,5.538432089387831,0.0,1,0,0,False,False,True,True,False,False,False,True,False,0.16763966577642503
CCCCCOP(=O)(O)OCCNCCCC,0.95,25.0,30.0,30.0,1.0,4.725061612,3.203774697030664,1.791759469228055,7.4034814781,5.9914645471,2.0,5,5.592128120207993,0.0,1,0,0,False,False,True,True,False,False,False,True,False,0.16763966577642503
CCCCCCOP(=O)(O)OCCNCCCC,0.95,25.0,30.0,30.0,1.0,4.973949847,3.253074302876895,1.791759469228055,7.4527794103,5.9914645471,2.0,6,5.643087225345703,0.0,1,0,0,False,False,True,True,False,False,False,True,False,0.16763966577642503
CCCCCCCOP(=O)(O)OCCNCCCC,0.85,25.0,30.0,30.0,1.0,5.222838082,3.300057222203905,1.791759469228055,7.4997608097,5.9914645471,2.0,7,5.691574931548456,0.0,1,0,0,False,False,True,True,False,False,False,True,False,1.652488273557922
CCCCCCCCOP(=O)(O)OCCNCCCC,0.95,25.0,30.0,30.0,1.0,5.471726318,3.3449314490893527,1.791759469228055,7.5446389393,5.9914645471,2.0,8,5.737819905988713,0.0,1,0,0,False,False,True,True,False,False,False,True,False,0.16763966577642503
CCCCCCCCCOP(=O)(O)OCCNCCCC,0.95,25.0,30.0,30.0,1.0,5.720614553,3.3878781655705463,1.791759469228055,7.5875841635,5.9914645471,2.0,9,5.782020477906833,0.0,1,0,0,False,False,True,True,False,False,False,True,False,0.16763966577642503
CCCCCCCCCCOP(=O)(O)OCCNCCCC,0.85,25.0,30.0,30.0,1.0,5.969502788,3.429056161690928,1.791759469228055,7.6287607877,5.9914645471,2.0,10,5.824349778785418,0.0,1,0,0,False,False,True,True,False,False,False,True,False,1.652488273557922
CCCCCCCCCCCOP(=O)(O)OCCNCCCC,0.85,25.0,30.0,30.0,1.0,6.218391023,3.4686053792552576,1.791759469228055,7.6683087397,5.9914645471,2.0,11,5.864959837989714,0.0,1,0,0,False,False,True,True,False,False,False,True,False,1.652488273557922
CCCCCCCCCCCCOP(=O)(O)OCCNCCCC,0.95,25.0,30.0,30.0,1.0,6.467279258,3.5066497817984734,1.791759469228055,7.7063564708,5.9914645471,2.0,12,5.903984878668844,0.0,1,0,0,False,False,True,True,False,False,False,True,False,0.16763966577642503
CCCCCCCCCCCCCOP(=O)(O)OCCNCCCC,0.95,25.0,30.0,30.0,1.0,6.716167493,3.543299698151594,1.791759469228055,7.7430051385,5.9914645471,2.0,13,5.941543994289965,0.0,1,0,0,False,False,True,True,False,False,False,True,False,0.16763966577642503
CCCCCCCCCCCCCCOP(=O)(O)OCCNCCCC,0.85,25.0,30.0,30.0,1.0,6.965055728,3.5786537514927814,1.791759469228055,7.77835803,5.9914645471,2.0,14,5.977743340430821,0.0,1,0,0,False,False,True,True,False,False,False,True,False,1.652488273557922
CCCCCCCCCCCCCCCOP(=O)(O)OCCNCCCC,0.95,25.0,30.0,30.0,1.0,7.213943963,3.612800458865935,1.791759469228055,7.8125036534,5.9914645471,2.0,15,6.01267794350718,0.0,1,0,0,False,False,True,True,False,False,False,True,False,0.16763966577642503
CCCCCCCCCCCCCCCCOP(=O)(O)OCCNCCCC,0.95,25.0,30.0,30.0,1.0,7.462832198,3.64581956649241,1.791759469228055,7.8455256626,5.9914645471,2.0,16,6.04643320406826,0.0,1,0,0,False,False,True,True,False,False,False,True,False,0.16763966577642503
CCCCCCNCCOP(=O)(O)OCCCC,0.95,25.0,30.0,30.0,1.0,4.973949847,3.253074302876895,1.791759469228055,7.4527794103,5.9914645471,2.0,6,5.643087225345703,0.0,1,0,0,False,False,True,True,False,False,False,True,False,0.16763966577642503
CCCCCCNCCOP(=O)(O)OCCCCC,0.95,25.0,30.0,30.0,1.0,5.222838082,3.300057222203905,1.791759469228055,7.4997608097,5.9914645471,2.0,6,5.691574931548456,0.0,1,0,0,False,False,True,True,False,False,False,True,False,0.16763966577642503
CCCCCCNCCOP(=O)(O)OCCCCCC,0.95,25.0,30.0,30.0,1.0,5.471726318,3.3449314490893527,1.791759469228055,7.5446389393,5.9914645471,2.0,6,5.737819905988713,0.0,1,0,0,False,False,True,True,False,False,False,True,False,0.16763966577642503
CCCCCCCOP(=O)(O)OCCNCCCCCC,0.85,25.0,30.0,30.0,1.0,5.720614553,3.3878781655705463,1.791759469228055,7.5875841635,5.9914645471,2.0,7,5.782020477906833,0.0,1,0,0,False,False,True,True,False,False,False,True,False,1.652488273557922
CCCCCCCCOP(=O)(O)OCCNCCCCCC,0.95,25.0,30.0,30.0,1.0,5.969502788,3.429056161690928,1.791759469228055,7.6287607877,5.9914645471,2.0,8,5.824349778785418,0.0,1,0,0,False,False,True,True,False,False,False,True,False,0.16763966577642503
CCCCCCCCCOP(=O)(O)OCCNCCCCCC,0.95,25.0,30.0,30.0,1.0,6.218391023,3.4686053792552576,1.791759469228055,7.6683087397,5.9914645471,2.0,9,5.864959837989714,0.0,1,0,0,False,False,True,True,False,False,False,True,False,0.16763966577642503
CCCCCCCCCCOP(=O)(O)OCCNCCCCCC,0.85,25.0,30.0,30.0,1.0,6.467279258,3.5066497817984734,1.791759469228055,7.7063564708,5.9914645471,2.0,10,5.903984878668844,0.0,1,0,0,False,False,True,True,False,False,False,True,False,1.652488273557922
CCCCCCCCCCCOP(=O)(O)OCCNCCCCCC,0.85,25.0,30.0,30.0,1.0,6.716167493,3.543299698151594,1.791759469228055,7.7430051385,5.9914645471,2.0,11,5.941543994289965,0.0,1,0,0,False,False,True,True,False,False,False,True,False,1.652488273557922
CCCCCCCCCCCCOP(=O)(O)OCCNCCCCCC,0.95,25.0,30.0,30.0,1.0,6.965055728,3.5786537514927814,1.791759469228055,7.77835803,5.9914645471,2.0,12,5.977743340430821,0.0,1,0,0,False,False,True,True,False,False,False,True,False,0.16763966577642503
CCCCCCCCCCCCCOP(=O)(O)OCCNCCCCCC,0.95,25.0,30.0,30.0,1.0,7.213943963,3.612800458865935,1.791759469228055,7.8125036534,5.9914645471,2.0,13,6.01267794350718,0.0,1,0,0,False,False,True,True,False,False,False,True,False,0.16763966577642503
CCCCCCCCCCCCCCOP(=O)(O)OCCNCCCCCC,0.95,25.0,30.0,30.0,1.0,7.462832198,3.64581956649241,1.791759469228055,7.8455256626,5.9914645471,2.0,14,6.0464332040682605,0.0,1,0,0,False,False,True,True,False,False,False,True,False,0.16763966577642503
CCCCCCCCCCCCCCCOP(=O)(O)OCCNCCCCCC,0.95,25.0,30.0,30.0,1.0,7.711720434,3.67778317170152,1.791759469228055,7.8774881947,5.9914645471,2.0,15,6.079086154535807,0.0,1,0,0,False,False,True,True,False,False,False,True,False,0.16763966577642503
CCCCCCCCCCCCCCCCOP(=O)(O)OCCNCCCCCC,0.95,25.0,30.0,30.0,1.0,7.960608669,3.7087566704175026,1.791759469228055,7.908460686,5.9914645471,2.0,16,6.11070651800061,0.0,1,0,0,False,False,True,True,False,False,False,True,False,0.16763966577642503
CCCCCCCCNCCOP(=O)(O)OCCCC,0.95,25.0,30.0,30.0,1.0,5.471726318,3.3449314490893527,1.791759469228055,7.5446389393,5.9914645471,2.0,8,5.737819905988713,0.0,1,0,0,False,False,True,True,False,False,False,True,False,0.16763966577642503
CCCCCCCCNCCOP(=O)(O)OCCCCC,0.95,25.0,30.0,30.0,1.0,5.720614553,3.3878781655705463,1.791759469228055,7.5875841635,5.9914645471,2.0,8,5.782020477906833,0.0,1,0,0,False,False,True,True,False,False,False,True,False,0.16763966577642503
CCCCCCCCNCCOP(=O)(O)OCCCCCC,0.85,25.0,30.0,30.0,1.0,5.969502788,3.429056161690928,1.791759469228055,7.6287607877,5.9914645471,2.0,8,5.824349778785418,0.0,1,0,0,False,False,True,True,False,False,False,True,False,1.652488273557922
CCCCCCCCNCCOP(=O)(O)OCCCCCCC,0.95,25.0,30.0,30.0,1.0,6.218391023,3.4686053792552576,1.791759469228055,7.6683087397,5.9914645471,2.0,8,5.864959837989714,0.0,1,0,0,False,False,True,True,False,False,False,True,False,0.16763966577642503
CCCCCCCCNCCOP(=O)(O)OCCCCCCCC,0.95,25.0,30.0,30.0,1.0,6.467279258,3.5066497817984734,1.791759469228055,7.7063564708,5.9914645471,2.0,8,5.903984878668844,0.0,1,0,0,False,False,True,True,False,False,False,True,False,0.16763966577642503
CCCCCCCCCOP(=O)(O)OCCNCCCCCCCC,0.95,25.0,30.0,30.0,1.0,6.716167493,3.543299698151594,1.791759469228055,7.7430051385,5.9914645471,2.0,9,5.941543994289965,0.0,1,0,0,False,False,True,True,False,False,False,True,False,0.16763966577642503
CCCCCCCCCCOP(=O)(O)OCCNCCCCCCCC,0.95,25.0,30.0,30.0,1.0,6.965055728,3.5786537514927814,1.791759469228055,7.77835803,5.9914645471,2.0,10,5.977743340430821,0.0,1,0,0,False,False,True,True,False,False,False,True,False,0.16763966577642503
CCCCCCCCCCCOP(=O)(O)OCCNCCCCCCCC,0.85,25.0,30.0,30.0,1.0,7.213943963,3.612800458865935,1.791759469228055,7.8125036534,5.9914645471,2.0,11,6.01267794350718,0.0,1,0,0,False,False,True,True,False,False,False,True,False,1.652488273557922
CCCCCCCCCCCCOP(=O)(O)OCCNCCCCCCCC,0.95,25.0,30.0,30.0,1.0,7.462832198,3.64581956649241,1.791759469228055,7.8455256626,5.9914645471,2.0,12,6.0464332040682605,0.0,1,0,0,False,False,True,True,False,False,False,True,False,0.16763966577642503
CCCCCCCCCCCCCOP(=O)(O)OCCNCCCCCCCC,0.95,25.0,30.0,30.0,1.0,7.711720434,3.67778317170152,1.791759469228055,7.8774881947,5.9914645471,2.0,13,6.079086154535807,0.0,1,0,0,False,False,True,True,False,False,False,True,False,0.16763966577642503
CCCCCCCCCCCCCCOP(=O)(O)OCCNCCCCCCCC,0.85,25.0,30.0,30.0,1.0,7.960608669,3.7087566704175026,1.791759469228055,7.908460686,5.9914645471,2.0,14,6.11070651800061,0.0,1,0,0,False,False,True,True,False,False,False,True,False,1.652488273557922
CCCCCCCCCCCCCCCOP(=O)(O)OCCNCCCCCCCC,0.95,25.0,30.0,30.0,1.0,8.209496904,3.73879956346432,1.791759469228055,7.9385061986,5.9914645471,2.0,15,6.141357604682599,0.0,1,0,0,False,False,True,True,False,False,False,True,False,0.16763966577642503
CCCCCCCCCCCCCCCCOP(=O)(O)OCCNCCCCCCCC,0.95,25.0,30.0,30.0,1.0,8.458385139,3.767966144063507,1.791759469228055,7.9676717834,5.9914645471,2.0,16,6.171097075035644,0.0,1,0,0,False,False,True,True,False,False,False,True,False,0.16763966577642503
CCCCCCCCCCNCCOP(=O)(O)OCCCC,0.95,25.0,30.0,30.0,1.0,5.969502788,3.429056161690928,1.791759469228055,7.6287607877,5.9914645471,2.0,10,5.824349778785418,0.0,1,0,0,False,False,True,True,False,False,False,True,False,0.16763966577642503
CCCCCCCCCCNCCOP(=O)(O)OCCCCC,0.95,25.0,30.0,30.0,1.0,6.218391023,3.4686053792552576,1.791759469228055,7.6683087397,5.9914645471,2.0,10,5.864959837989714,0.0,1,0,0,False,False,True,True,False,False,False,True,False,0.16763966577642503
CCCCCCCCCCNCCOP(=O)(O)OCCCCCC,0.95,25.0,30.0,30.0,1.0,6.467279258,3.5066497817984734,1.791759469228055,7.7063564708,5.9914645471,2.0,10,5.903984878668844,0.0,1,0,0,False,False,True,True,False,False,False,True,False,0.16763966577642503
CCCCCCCCCCNCCOP(=O)(O)OCCCCCCC,0.85,25.0,30.0,30.0,1.0,6.716167493,3.543299698151594,1.791759469228055,7.7430051385,5.9914645471,2.0,10,5.941543994289965,0.0,1,0,0,False,False,True,True,False,False,False,True,False,1.652488273557922
CCCCCCCCCCNCCOP(=O)(O)OCCCCCCCC,0.95,25.0,30.0,30.0,1.0,6.965055728,3.5786537514927814,1.791759469228055,7.77835803,5.9914645471,2.0,10,5.977743340430821,0.0,1,0,0,False,False,True,True,False,False,False,True,False,0.16763966577642503
CCCCCCCCCCNCCOP(=O)(O)OCCCCCCCCC,0.95,25.0,30.0,30.0,1.0,7.213943963,3.612800458865935,1.791759469228055,7.8125036534,5.9914645471,2.0,10,6.01267794350718,0.0,1,0,0,False,False,True,True,False,False,False,True,False,0.16763966577642503
CCCCCCCCCCNCCOP(=O)(O)OCCCCCCCCCC,0.85,25.0,30.0,30.0,1.0,7.462832198,3.64581956649241,1.791759469228055,7.8455256626,5.9914645471,2.0,10,6.0464332040682605,0.0,1,0,0,False,False,True,True,False,False,False,True,False,1.652488273557922
CCCCCCCCCCCOP(=O)(O)OCCNCCCCCCCCCC,0.95,25.0,30.0,30.0,1.0,7.711720434,3.67778317170152,1.791759469228055,7.8774881947,5.9914645471,2.0,11,6.079086154535807,0.0,1,0,0,False,False,True,True,False,False,False,True,False,0.16763966577642503
CCCCCCCCCCCCOP(=O)(O)OCCNCCCCCCCCCC,0.95,25.0,30.0,30.0,1.0,7.960608669,3.7087566704175026,1.791759469228055,7.908460686,5.9914645471,2.0,12,6.110706518000611,0.0,1,0,0,False,False,True,True,False,False,False,True,False,0.16763966577642503
CCCCCCCCCCCCCOP(=O)(O)OCCNCCCCCCCCCC,0.95,25.0,30.0,30.0,1.0,8.209496904,3.73879956346432,1.791759469228055,7.9385061986,5.9914645471,2.0,13,6.141357604682599,0.0,1,0,0,False,False,True,True,False,False,False,True,False,0.16763966577642503
CCCCCCCCCCCCCCOP(=O)(O)OCCNCCCCCCCCCC,0.85,25.0,30.0,30.0,1.0,8.458385139,3.767966144063507,1.791759469228055,7.9676717834,5.9914645471,2.0,14,6.171097075035644,0.0,1,0,0,False,False,True,True,False,False,False,True,False,1.652488273557922
CCCCCCCCCCCCCCCOP(=O)(O)OCCNCCCCCCCCCC,0.95,25.0,30.0,30.0,1.0,8.707273374,3.7963060884528104,1.791759469228055,7.9960107876,5.9914645471,2.0,15,6.199977592616045,0.0,1,0,0,False,False,True,True,False,False,False,True,False,0.16763966577642503
CCCCCCCCCCCCCCCCOP(=O)(O)OCCNCCCCCCCCCC,0.95,25.0,30.0,30.0,1.0,8.956161609,3.823864964980271,1.791759469228055,8.023568775,5.9914645471,2.0,16,6.2280473852887,0.0,1,0,0,False,False,True,True,False,False,False,True,False,0.16763966577642503
CCCCCCCCCCCCNCCOP(=O)(O)OCCCC,0.95,25.0,30.0,30.0,1.0,6.467279258,3.5066497817984734,1.791759469228055,7.7063564708,5.9914645471,2.0,12,5.903984878668844,0.0,1,0,0,False,False,True,True,False,False,False,True,False,0.16763966577642503
CCCCCCCCCCCCNCCOP(=O)(O)OCCCCC,0.95,25.0,30.0,30.0,1.0,6.716167493,3.543299698151594,1.791759469228055,7.7430051385,5.9914645471,2.0,12,5.941543994289965,0.0,1,0,0,False,False,True,True,False,False,False,True,False,0.16763966577642503
CCCCCCCCCCCCNCCOP(=O)(O)OCCCCCC,0.85,25.0,30.0,30.0,1.0,6.965055728,3.5786537514927814,1.791759469228055,7.77835803,5.9914645471,2.0,12,5.977743340430821,0.0,1,0,0,False,False,True,True,False,False,False,True,False,1.652488273557922
CCCCCCCCCCCCNCCOP(=O)(O)OCCCCCCC,0.95,25.0,30.0,30.0,1.0,7.213943963,3.612800458865935,1.791759469228055,7.8125036534,5.9914645471,2.0,12,6.01267794350718,0.0,1,0,0,False,False,True,True,False,False,False,True,False,0.16763966577642503
CCCCCCCCCCCCNCCOP(=O)(O)OCCCCCCCC,0.95,25.0,30.0,30.0,1.0,7.462832198,3.64581956649241,1.791759469228055,7.8455256626,5.9914645471,2.0,12,6.0464332040682605,0.0,1,0,0,False,False,True,True,False,False,False,True,False,0.16763966577642503
CCCCCCCCCCCCNCCOP(=O)(O)OCCCCCCCCC,0.95,25.0,30.0,30.0,1.0,7.711720434,3.67778317170152,1.791759469228055,7.8774881947,5.9914645471,2.0,12,6.079086154535807,0.0,1,0,0,False,False,True,True,False,False,False,True,False,0.16763966577642503
CCCCCCCCCCCCNCCOP(=O)(O)OCCCCCCCCCC,0.85,25.0,30.0,30.0,1.0,7.960608669,3.7087566704175026,1.791759469228055,7.908460686,5.9914645471,2.0,12,6.110706518000611,0.0,1,0,0,False,False,True,True,False,False,False,True,False,1.652488273557922
CCCCCCCCCCCCNCCOP(=O)(O)OCCCCCCCCCCC,0.95,25.0,30.0,30.0,1.0,8.209496904,3.73879956346432,1.791759469228055,7.9385061986,5.9914645471,2.0,12,6.141357604682599,0.0,1,0,0,False,False,True,True,False,False,False,True,False,0.16763966577642503
CCCCCCCCCCCCNCCOP(=O)(O)OCCCCCCCCCCCC,0.95,25.0,30.0,30.0,1.0,8.458385139,3.767966144063507,1.791759469228055,7.9676717834,5.9914645471,2.0,12,6.171097075035644,0.0,1,0,0,False,False,True,True,False,False,False,True,False,0.16763966577642503
CCCCCCCCCCCCCOP(=O)(O)OCCNCCCCCCCCCCCC,0.95,25.0,30.0,30.0,1.0,8.707273374,3.7963060884528104,1.791759469228055,7.9960107876,5.9914645471,2.0,13,6.199977592616045,0.0,1,0,0,False,False,True,True,False,False,False,True,False,0.16763966577642503
CCCCCCCCCCCCCCOP(=O)(O)OCCNCCCCCCCCCCCC,0.95,25.0,30.0,30.0,1.0,8.956161609,3.823864964980271,1.791759469228055,8.023568775,5.9914645471,2.0,14,6.2280473852887,0.0,1,0,0,False,False,True,True,False,False,False,True,False,0.16763966577642503
CCCCCCCCCCCCCCCOP(=O)(O)OCCNCCCCCCCCCCCC,0.95,25.0,30.0,30.0,1.0,9.205049844,3.8506846749072343,1.791759469228055,8.0503908326,5.9914645471,2.0,15,6.255350729793276,0.0,1,0,0,False,False,True,True,False,False,False,True,False,0.16763966577642503
CCCCCCCCCCCCCCCCOP(=O)(O)OCCNCCCCCCCCCCCC,0.95,25.0,30.0,30.0,1.0,9.453938079,3.876803835626557,1.791759469228055,8.0765091125,5.9914645471,2.0,16,6.281928371896634,0.0,1,0,0,False,False,True,True,False,False,False,True,False,0.16763966577642503
CCCCCCCCCCCCCCNCCOP(=O)(O)OCCCC,0.95,25.0,30.0,30.0,1.0,6.965055728,3.5786537514927814,1.791759469228055,7.77835803,5.9914645471,2.0,14,5.97774334043082,0.0,1,0,0,False,False,True,True,False,False,False,True,False,0.16763966577642503
CCCCCCCCCCCCCCNCCOP(=O)(O)OCCCCC,0.95,25.0,30.0,30.0,1.0,7.213943963,3.612800458865935,1.791759469228055,7.8125036534,5.9914645471,2.0,14,6.01267794350718,0.0,1,0,0,False,False,True,True,False,False,False,True,False,0.16763966577642503
CCCCCCCCCCCCCCNCCOP(=O)(O)OCCCCCC,0.85,25.0,30.0,30.0,1.0,7.462832198,3.64581956649241,1.791759469228055,7.8455256626,5.9914645471,2.0,14,6.04643320406826,0.0,1,0,0,False,False,True,True,False,False,False,True,False,1.652488273557922
CCCCCCCCCCCCCCNCCOP(=O)(O)OCCCCCCC,0.95,25.0,30.0,30.0,1.0,7.711720434,3.67778317170152,1.791759469228055,7.8774881947,5.9914645471,2.0,14,6.079086154535807,0.0,1,0,0,False,False,True,True,False,False,False,True,False,0.16763966577642503
CCCCCCCCCCCCCCNCCOP(=O)(O)OCCCCCCCC,0.95,25.0,30.0,30.0,1.0,7.960608669,3.7087566704175026,1.791759469228055,7.908460686,5.9914645471,2.0,14,6.11070651800061,0.0,1,0,0,False,False,True,True,False,False,False,True,False,0.16763966577642503
CCCCCCCCCCCCCCNCCOP(=O)(O)OCCCCCCCCC,0.95,25.0,30.0,30.0,1.0,8.209496904,3.73879956346432,1.791759469228055,7.9385061986,5.9914645471,2.0,14,6.141357604682599,0.0,1,0,0,False,False,True,True,False,False,False,True,False,0.16763966577642503
CCCCCCCCCCCCCCNCCOP(=O)(O)OCCCCCCCCCC,0.85,25.0,30.0,30.0,1.0,8.458385139,3.767966144063507,1.791759469228055,7.9676717834,5.9914645471,2.0,14,6.171097075035644,0.0,1,0,0,False,False,True,True,False,False,False,True,False,1.652488273557922
CCCCCCCCCCCCCCNCCOP(=O)(O)OCCCCCCCCCCC,0.95,25.0,30.0,30.0,1.0,8.707273374,3.7963060884528104,1.791759469228055,7.9960107876,5.9914645471,2.0,14,6.199977592616045,0.0,1,0,0,False,False,True,True,False,False,False,True,False,0.16763966577642503
CCCCCCCCCCCCCCNCCOP(=O)(O)OCCCCCCCCCCCC,0.95,25.0,30.0,30.0,1.0,8.956161609,3.823864964980271,1.791759469228055,8.023568775,5.9914645471,2.0,14,6.2280473852887,0.0,1,0,0,False,False,True,True,False,False,False,True,False,0.16763966577642503
CCCCCCCCCCCCCCNCCOP(=O)(O)OCCCCCCCCCCCCC,0.95,25.0,30.0,30.0,1.0,9.205049844,3.8506846749072343,1.791759469228055,8.0503908326,5.9914645471,2.0,14,6.255350729793276,0.0,1,0,0,False,False,True,True,False,False,False,True,False,0.16763966577642503
CCCCCCCCCCCCCCNCCOP(=O)(O)OCCCCCCCCCCCCCC,0.95,25.0,30.0,30.0,1.0,9.453938079,3.876803835626557,1.791759469228055,8.0765091125,5.9914645471,2.0,14,6.281928371896634,0.0,1,0,0,False,False,True,True,False,False,False,True,False,0.16763966577642503
CCCCCCCCCCCCCCCOP(=O)(O)OCCNCCCCCCCCCCCCCC,0.95,25.0,30.0,30.0,1.0,9.702826315,3.9022581151948033,1.791759469228055,8.1019625554,5.9914645471,2.0,15,6.307817892141022,0.0,1,0,0,False,False,True,True,False,False,False,True,False,0.16763966577642503
CCCCCCCCCCCCCCCCOP(=O)(O)OCCNCCCCCCCCCCCCCC,0.95,25.0,30.0,30.0,1.0,9.95171455,3.9270805248385865,1.791759469228055,8.1267841695,5.9914645471,2.0,16,6.333054025428659,0.0,1,0,0,False,False,True,True,False,False,False,True,False,0.16763966577642503
CCCCOP(=O)(O)OCCN(CCCC)CCCC,0.95,25.0,30.0,30.0,1.0,5.471726318,3.3449314490893527,1.791759469228055,7.5446389393,5.9914645471,3.0,4,5.7378199059887125,0.0,1,0,0,False,False,True,True,False,False,False,True,False,0.16763966577642503
CCCCCOP(=O)(O)OCCN(CCCC)CCCC,0.95,25.0,30.0,30.0,1.0,5.720614553,3.3878781655705463,1.791759469228055,7.5875841635,5.9914645471,3.0,5,5.782020477906833,0.0,1,0,0,False,False,True,True,False,False,False,True,False,0.16763966577642503
CCCCCCOP(=O)(O)OCCN(CCCC)CCCC,0.85,25.0,30.0,30.0,1.0,5.969502788,3.429056161690928,1.791759469228055,7.6287607877,5.9914645471,3.0,6,5.824349778785418,0.0,1,0,0,False,False,True,True,False,False,False,True,False,1.652488273557922
CCCCCCCOP(=O)(O)OCCN(CCCC)CCCC,0.95,25.0,30.0,30.0,1.0,6.218391023,3.4686053792552576,1.791759469228055,7.6683087397,5.9914645471,3.0,7,5.864959837989714,0.0,1,0,0,False,False,True,True,False,False,False,True,False,0.16763966577642503
CCCCCCCCOP(=O)(O)OCCN(CCCC)CCCC,0.95,25.0,30.0,30.0,1.0,6.467279258,3.5066497817984734,1.791759469228055,7.7063564708,5.9914645471,3.0,8,5.903984878668844,0.0,1,0,0,False,False,True,True,False,False,False,True,False,0.16763966577642503
CCCCCCCCCOP(=O)(O)OCCN(CCCC)CCCC,0.95,25.0,30.0,30.0,1.0,6.716167493,3.543299698151594,1.791759469228055,7.7430051385,5.9914645471,3.0,9,5.941543994289965,0.0,1,0,0,False,False,True,True,False,False,False,True,False,0.16763966577642503
CCCCCCCCCCOP(=O)(O)OCCN(CCCC)CCCC,0.95,25.0,30.0,30.0,1.0,6.965055728,3.5786537514927814,1.791759469228055,7.77835803,5.9914645471,3.0,10,5.977743340430821,0.0,1,0,0,False,False,True,True,False,False,False,True,False,0.16763966577642503
CCCCCCCCCCCOP(=O)(O)OCCN(CCCC)CCCC,0.95,25.0,30.0,30.0,1.0,7.213943963,3.612800458865935,1.791759469228055,7.8125036534,5.9914645471,3.0,11,6.01267794350718,0.0,1,0,0,False,False,True,True,False,False,False,True,False,0.16763966577642503
CCCCCCCCCCCCOP(=O)(O)OCCN(CCCC)CCCC,0.95,25.0,30.0,30.0,1.0,7.462832198,3.64581956649241,1.791759469228055,7.8455256626,5.9914645471,3.0,12,6.0464332040682605,0.0,1,0,0,False,False,True,True,False,False,False,True,False,0.16763966577642503
CCCCCCCCCCCCCOP(=O)(O)OCCN(CCCC)CCCC,0.95,25.0,30.0,30.0,1.0,7.711720434,3.67778317170152,1.791759469228055,7.8774881947,5.9914645471,3.0,13,6.079086154535807,0.0,1,0,0,False,False,True,True,False,False,False,True,False,0.16763966577642503
CCCCCCCCCCCCCCOP(=O)(O)OCCN(CCCC)CCCC,0.95,25.0,30.0,30.0,1.0,7.960608669,3.7087566704175026,1.791759469228055,7.908460686,5.9914645471,3.0,14,6.11070651800061,0.0,1,0,0,False,False,True,True,False,False,False,True,False,0.16763966577642503
CCCCCCCCCCCCCCCOP(=O)(O)OCCN(CCCC)CCCC,0.95,25.0,30.0,30.0,1.0,8.209496904,3.73879956346432,1.791759469228055,7.9385061986,5.9914645471,3.0,15,6.141357604682599,0.0,1,0,0,False,False,True,True,False,False,False,True,False,0.16763966577642503
CCCCCCCCCCCCCCCCOP(=O)(O)OCCN(CCCC)CCCC,0.95,25.0,30.0,30.0,1.0,8.458385139,3.767966144063507,1.791759469228055,7.9676717834,5.9914645471,3.0,16,6.171097075035644,0.0,1,0,0,False,False,True,True,False,False,False,True,False,0.16763966577642503
CCCCCCN(CCCCCC)CCOP(=O)(O)OCCCC,0.95,25.0,30.0,30.0,1.0,6.467279258,3.5066497817984734,1.791759469228055,7.7063564708,5.9914645471,3.0,6,5.903984878668844,0.0,1,0,0,False,False,True,True,False,False,False,True,False,0.16763966577642503
CCCCCCN(CCCCCC)CCOP(=O)(O)OCCCCC,0.95,25.0,30.0,30.0,1.0,6.716167493,3.543299698151594,1.791759469228055,7.7430051385,5.9914645471,3.0,6,5.941543994289965,0.0,1,0,0,False,False,True,True,False,False,False,True,False,0.16763966577642503
CCCCCCOP(=O)(O)OCCN(CCCCCC)CCCCCC,0.95,25.0,30.0,30.0,1.0,6.965055728,3.5786537514927814,1.791759469228055,7.77835803,5.9914645471,3.0,6,5.977743340430821,0.0,1,0,0,False,False,True,True,False,False,False,True,False,0.16763966577642503
CCCCCCCOP(=O)(O)OCCN(CCCCCC)CCCCCC,0.95,25.0,30.0,30.0,1.0,7.213943963,3.612800458865935,1.791759469228055,7.8125036534,5.9914645471,3.0,7,6.01267794350718,0.0,1,0,0,False,False,True,True,False,False,False,True,False,0.16763966577642503
CCCCCCCCOP(=O)(O)OCCN(CCCCCC)CCCCCC,0.95,25.0,30.0,30.0,1.0,7.462832198,3.64581956649241,1.791759469228055,7.8455256626,5.9914645471,3.0,8,6.0464332040682605,0.0,1,0,0,False,False,True,True,False,False,False,True,False,0.16763966577642503
CCCCCCCCCOP(=O)(O)OCCN(CCCCCC)CCCCCC,0.95,25.0,30.0,30.0,1.0,7.711720434,3.67778317170152,1.791759469228055,7.8774881947,5.9914645471,3.0,9,6.079086154535807,0.0,1,0,0,False,False,True,True,False,False,False,True,False,0.16763966577642503
CCCCCCCCCCOP(=O)(O)OCCN(CCCCCC)CCCCCC,0.95,25.0,30.0,30.0,1.0,7.960608669,3.7087566704175026,1.791759469228055,7.908460686,5.9914645471,3.0,10,6.110706518000611,0.0,1,0,0,False,False,True,True,False,False,False,True,False,0.16763966577642503
CCCCCCCCCCCOP(=O)(O)OCCN(CCCCCC)CCCCCC,0.95,25.0,30.0,30.0,1.0,8.209496904,3.73879956346432,1.791759469228055,7.9385061986,5.9914645471,3.0,11,6.141357604682599,0.0,1,0,0,False,False,True,True,False,False,False,True,False,0.16763966577642503
CCCCCCCCCCCCOP(=O)(O)OCCN(CCCCCC)CCCCCC,0.95,25.0,30.0,30.0,1.0,8.458385139,3.767966144063507,1.791759469228055,7.9676717834,5.9914645471,3.0,12,6.171097075035644,0.0,1,0,0,False,False,True,True,False,False,False,True,False,0.16763966577642503
CCCCCCCCCCCCCOP(=O)(O)OCCN(CCCCCC)CCCCCC,0.95,25.0,30.0,30.0,1.0,8.707273374,3.7963060884528104,1.791759469228055,7.9960107876,5.9914645471,3.0,13,6.199977592616045,0.0,1,0,0,False,False,True,True,False,False,False,True,False,0.16763966577642503
CCCCCCCCCCCCCCOP(=O)(O)OCCN(CCCCCC)CCCCCC,0.95,25.0,30.0,30.0,1.0,8.956161609,3.823864964980271,1.791759469228055,8.023568775,5.9914645471,3.0,14,6.2280473852887,0.0,1,0,0,False,False,True,True,False,False,False,True,False,0.16763966577642503
CCCCCCCCCCCCCCCOP(=O)(O)OCCN(CCCCCC)CCCCCC,0.95,25.0,30.0,30.0,1.0,9.205049844,3.8506846749072343,1.791759469228055,8.0503908326,5.9914645471,3.0,15,6.255350729793276,0.0,1,0,0,False,False,True,True,False,False,False,True,False,0.16763966577642503
CCCCCCCCCCCCCCCCOP(=O)(O)OCCN(CCCCCC)CCCCCC,0.95,25.0,30.0,30.0,1.0,9.453938079,3.876803835626557,1.791759469228055,8.0765091125,5.9914645471,3.0,16,6.281928371896634,0.0,1,0,0,False,False,True,True,False,False,False,True,False,0.16763966577642503
CCCCCCCCN(CCCCCCCC)CCOP(=O)(O)OCCCC,0.95,25.0,30.0,30.0,1.0,7.462832198,3.64581956649241,1.791759469228055,7.8455256626,5.9914645471,3.0,8,6.04643320406826,0.0,1,0,0,False,False,True,True,False,False,False,True,False,0.16763966577642503
CCCCCCCCN(CCCCCCCC)CCOP(=O)(O)OCCCCC,0.95,25.0,30.0,30.0,1.0,7.711720434,3.67778317170152,1.791759469228055,7.8774881947,5.9914645471,3.0,8,6.079086154535807,0.0,1,0,0,False,False,True,True,False,False,False,True,False,0.16763966577642503
CCCCCCCCN(CCCCCCCC)CCOP(=O)(O)OCCCCCC,0.95,25.0,30.0,30.0,1.0,7.960608669,3.7087566704175026,1.791759469228055,7.908460686,5.9914645471,3.0,8,6.11070651800061,0.0,1,0,0,False,False,True,True,False,False,False,True,False,0.16763966577642503
CCCCCCCCN(CCCCCCCC)CCOP(=O)(O)OCCCCCCC,0.95,25.0,30.0,30.0,1.0,8.209496904,3.73879956346432,1.791759469228055,7.9385061986,5.9914645471,3.0,8,6.141357604682599,0.0,1,0,0,False,False,True,True,False,False,False,True,False,0.16763966577642503
CCCCCCCCOP(=O)(O)OCCN(CCCCCCCC)CCCCCCCC,0.95,25.0,30.0,30.0,1.0,8.458385139,3.767966144063507,1.791759469228055,7.9676717834,5.9914645471,3.0,8,6.171097075035645,0.0,1,0,0,False,False,True,True,False,False,False,True,False,0.16763966577642503
CCCCCCCCCOP(=O)(O)OCCN(CCCCCCCC)CCCCCCCC,0.95,25.0,30.0,30.0,1.0,8.707273374,3.7963060884528104,1.791759469228055,7.9960107876,5.9914645471,3.0,9,6.199977592616046,0.0,1,0,0,False,False,True,True,False,False,False,True,False,0.16763966577642503
CCCCCCCCCCOP(=O)(O)OCCN(CCCCCCCC)CCCCCCCC,0.95,25.0,30.0,30.0,1.0,8.956161609,3.823864964980271,1.791759469228055,8.023568775,5.9914645471,3.0,10,6.2280473852887,0.0,1,0,0,False,False,True,True,False,False,False,True,False,0.16763966577642503
CCCCCCCCCCCOP(=O)(O)OCCN(CCCCCCCC)CCCCCCCC,0.95,25.0,30.0,30.0,1.0,9.205049844,3.8506846749072343,1.791759469228055,8.0503908326,5.9914645471,3.0,11,6.255350729793276,0.0,1,0,0,False,False,True,True,False,False,False,True,False,0.16763966577642503
CCCCCCCCCCCCOP(=O)(O)OCCN(CCCCCCCC)CCCCCCCC,0.95,25.0,30.0,30.0,1.0,9.453938079,3.876803835626557,1.791759469228055,8.0765091125,5.9914645471,3.0,12,6.281928371896635,0.0,1,0,0,False,False,True,True,False,False,False,True,False,0.16763966577642503
CCCCCCCCCCCCCOP(=O)(O)OCCN(CCCCCCCC)CCCCCCCC,0.95,25.0,30.0,30.0,1.0,9.702826315,3.9022581151948033,1.791759469228055,8.1019625554,5.9914645471,3.0,13,6.307817892141022,0.0,1,0,0,False,False,True,True,False,False,False,True,False,0.16763966577642503
CCCCCCCCCCCCCCOP(=O)(O)OCCN(CCCCCCCC)CCCCCCCC,0.95,25.0,30.0,30.0,1.0,9.95171455,3.9270805248385865,1.791759469228055,8.1267841695,5.9914645471,3.0,14,6.33305402542866,0.0,1,0,0,False,False,True,True,False,False,False,True,False,0.16763966577642503
CCCCCCCCCCCCCCCOP(=O)(O)OCCN(CCCCCCCC)CCCCCCCC,0.95,25.0,30.0,30.0,1.0,10.20060278,3.951301676517218,1.791759469228055,8.1510074486,5.9914645471,3.0,15,6.357668941262844,0.0,1,0,0,False,False,True,True,False,False,False,True,False,0.16763966577642503
CCCCCCCCCCCCCCCCOP(=O)(O)OCCN(CCCCCCCC)CCCCCCCC,0.95,25.0,30.0,30.0,1.0,10.44949102,3.974950011898186,1.791759469228055,8.174654994,5.9914645471,3.0,16,6.381692490318397,0.0,1,0,0,False,False,True,True,False,False,False,True,False,0.16763966577642503
CCCCCCCCCCN(CCCCCCCCCC)CCOP(=O)(O)OCCCC,0.95,25.0,30.0,30.0,1.0,8.458385139,3.767966144063507,1.791759469228055,7.9676717834,5.9914645471,3.0,10,6.171097075035644,0.0,1,0,0,False,False,True,True,False,False,False,True,False,0.16763966577642503
CCCCCCCCCCN(CCCCCCCCCC)CCOP(=O)(O)OCCCCC,0.95,25.0,30.0,30.0,1.0,8.707273374,3.7963060884528104,1.791759469228055,7.9960107876,5.9914645471,3.0,10,6.199977592616045,0.0,1,0,0,False,False,True,True,False,False,False,True,False,0.16763966577642503
CCCCCCCCCCN(CCCCCCCCCC)CCOP(=O)(O)OCCCCCC,0.95,25.0,30.0,30.0,1.0,8.956161609,3.823864964980271,1.791759469228055,8.023568775,5.9914645471,3.0,10,6.228047385288699,0.0,1,0,0,False,False,True,True,False,False,False,True,False,0.16763966577642503
CCCCCCCCCCN(CCCCCCCCCC)CCOP(=O)(O)OCCCCCCC,0.95,25.0,30.0,30.0,1.0,9.205049844,3.8506846749072343,1.791759469228055,8.0503908326,5.9914645471,3.0,10,6.255350729793276,0.0,1,0,0,False,False,True,True,False,False,False,True,False,0.16763966577642503
CCCCCCCCCCN(CCCCCCCCCC)CCOP(=O)(O)OCCCCCCCC,0.95,25.0,30.0,30.0,1.0,9.453938079,3.876803835626557,1.791759469228055,8.0765091125,5.9914645471,3.0,10,6.281928371896634,0.0,1,0,0,False,False,True,True,False,False,False,True,False,0.16763966577642503
CCCCCCCCCCN(CCCCCCCCCC)CCOP(=O)(O)OCCCCCCCCC,0.95,25.0,30.0,30.0,1.0,9.702826315,3.9022581151948033,1.791759469228055,8.1019625554,5.9914645471,3.0,10,6.307817892141022,0.0,1,0,0,False,False,True,True,False,False,False,True,False,0.16763966577642503
CCCCCCCCCCOP(=O)(O)OCCN(CCCCCCCCCC)CCCCCCCCCC,0.95,25.0,30.0,30.0,1.0,9.95171455,3.9270805248385865,1.791759469228055,8.1267841695,5.9914645471,3.0,10,6.33305402542866,0.0,1,0,0,False,False,True,True,False,False,False,True,False,0.16763966577642503
CCCCCCCCCCCOP(=O)(O)OCCN(CCCCCCCCCC)CCCCCCCCCC,0.95,25.0,30.0,30.0,1.0,10.20060278,3.951301676517218,1.791759469228055,8.1510074486,5.9914645471,3.0,11,6.357668941262845,0.0,1,0,0,False,False,True,True,False,False,False,True,False,0.16763966577642503
CCCCCCCCCCCCOP(=O)(O)OCCN(CCCCCCCCCC)CCCCCCCCCC,0.95,25.0,30.0,30.0,1.0,10.44949102,3.974950011898186,1.791759469228055,8.174654994,5.9914645471,3.0,12,6.381692490318398,0.0,1,0,0,False,False,True,True,False,False,False,True,False,0.16763966577642503
CCCCCCCCCCCCCOP(=O)(O)OCCN(CCCCCCCCCC)CCCCCCCCCC,0.95,25.0,30.0,30.0,1.0,10.69837925,3.9980519979527984,1.791759469228055,8.1977562271,5.9914645471,3.0,13,6.405152422082331,0.0,1,0,0,False,False,True,True,False,False,False,True,False,0.16763966577642503
CCCCCCCCCCCCCCOP(=O)(O)OCCN(CCCCCCCCCC)CCCCCCCCCC,0.95,25.0,30.0,30.0,1.0,10.94726749,4.020632312144684,1.791759469228055,8.2203385123,5.9914645471,3.0,14,6.428074577544685,0.0,1,0,0,False,False,True,True,False,False,False,True,False,0.16763966577642503
CCCCCCCCCCCCCCCOP(=O)(O)OCCN(CCCCCCCCCC)CCCCCCCCCC,0.95,25.0,30.0,30.0,1.0,11.19615573,4.042713994297558,1.791759469228055,8.2424194469,5.9914645471,3.0,15,6.450483060294962,0.0,1,0,0,False,False,True,True,False,False,False,True,False,0.16763966577642503
CCCCCCCCCCCCCCCCOP(=O)(O)OCCN(CCCCCCCCCC)CCCCCCCCCC,0.95,25.0,30.0,30.0,1.0,11.44504396,4.064318590774014,1.791759469228055,8.2640233286,5.9914645471,3.0,16,6.472400388864667,0.0,1,0,0,False,False,True,True,False,False,False,True,False,0.16763966577642503
CCCCCCCCCCCN(CCCCCCCCCCC)CCOP(=O)(O)OCCCC,0.95,25.0,30.0,30.0,1.0,8.956161609,3.823864964980271,1.791759469228055,8.023568775,5.9914645471,3.0,11,6.281928371896634,0.0,1,0,0,False,False,True,True,False,False,False,True,False,0.16763966577642503
CCCCCCCCCCCN(CCCCCCCCCCC)CCOP(=O)(O)OCCCCC,0.95,25.0,30.0,30.0,1.0,9.205049844,3.8506846749072343,1.791759469228055,8.0503908326,5.9914645471,3.0,11,6.307817892141022,0.0,1,0,0,False,False,True,True,False,False,False,True,False,0.16763966577642503
CCCCCCCCCCCN(CCCCCCCCCCC)CCOP(=O)(O)OCCCCCC,0.95,25.0,30.0,30.0,1.0,9.453938079,3.876803835626557,1.791759469228055,8.0765091125,5.9914645471,3.0,11,6.333054025428659,0.0,1,0,0,False,False,True,True,False,False,False,True,False,0.16763966577642503
CCCCCCCCCCCN(CCCCCCCCCCC)CCOP(=O)(O)OCCCCCCC,0.95,25.0,30.0,30.0,1.0,9.702826315,3.9022581151948033,1.791759469228055,8.1019625554,5.9914645471,3.0,11,6.357668941262844,0.0,1,0,0,False,False,True,True,False,False,False,True,False,0.16763966577642503
CCCCCCCCCCCN(CCCCCCCCCCC)CCOP(=O)(O)OCCCCCCCC,0.95,25.0,30.0,30.0,1.0,9.95171455,3.9270805248385865,1.791759469228055,8.1267841695,5.9914645471,3.0,11,6.381692490318397,0.0,1,0,0,False,False,True,True,False,False,False,True,False,0.16763966577642503
CCCCCCCCCCCN(CCCCCCCCCCC)CCOP(=O)(O)OCCCCCCCCC,0.95,25.0,30.0,30.0,1.0,10.20060278,3.951301676517218,1.791759469228055,8.1510074486,5.9914645471,3.0,11,6.405152422082331,0.0,1,0,0,False,False,True,True,False,False,False,True,False,0.16763966577642503
CCCCCCCCCCCN(CCCCCCCCCCC)CCOP(=O)(O)OCCCCCCCCCC,0.95,25.0,30.0,30.0,1.0,10.44949102,3.974950011898186,1.791759469228055,8.174654994,5.9914645471,3.0,11,6.428074577544685,0.0,1,0,0,False,False,True,True,False,False,False,True,False,0.16763966577642503
CCCCCCCCCCCOP(=O)(O)OCCN(CCCCCCCCCCC)CCCCCCCCCCC,0.95,25.0,30.0,30.0,1.0,10.69837925,3.9980519979527984,1.791759469228055,8.1977562271,5.9914645471,3.0,11,6.450483060294962,0.0,1,0,0,False,False,True,True,False,False,False,True,False,0.16763966577642503
CCCCCCCCCCCCOP(=O)(O)OCCN(CCCCCCCCCCC)CCCCCCCCCCC,0.95,25.0,30.0,30.0,1.0,10.94726749,4.020632312144684,1.791759469228055,8.2203385123,5.9914645471,3.0,12,6.472400388864667,0.0,1,0,0,False,False,True,True,False,False,False,True,False,0.16763966577642503
CCCCCCCCCCCCCOP(=O)(O)OCCN(CCCCCCCCCCC)CCCCCCCCCCC,0.95,25.0,30.0,30.0,1.0,11.19615573,4.042713994297558,1.791759469228055,8.2424194469,5.9914645471,3.0,13,6.4938476327298496,0.0,1,0,0,False,False,True,True,False,False,False,True,False,0.16763966577642503
CCCCCCCCCCCCCCOP(=O)(O)OCCN(CCCCCCCCCCC)CCCCCCCCCCC,0.95,25.0,30.0,30.0,1.0,11.44504396,4.064318590774014,1.791759469228055,8.2640233286,5.9914645471,3.0,14,6.51484453403269,0.0,1,0,0,False,False,True,True,False,False,False,True,False,0.16763966577642503
CCCCCCCCCCCCCCCOP(=O)(O)OCCN(CCCCCCCCCCC)CCCCCCCCCCC,0.95,25.0,30.0,30.0,1.0,11.6939322,4.085466283349136,1.791759469228055,8.2851703355,5.9914645471,3.0,15,6.5354096167846585,0.0,1,0,0,False,False,True,True,False,False,False,True,False,0.16763966577642503
CCCCCCCCCCCCCCCCOP(=O)(O)OCCN(CCCCCCCCCCC)CCCCCCCCCCC,0.95,25.0,30.0,30.0,1.0,11.94282043,4.106175996452769,1.791759469228055,8.3058818625,5.9914645471,3.0,16,6.55556028506511,0.0,1,0,0,False,False,True,True,False,False,False,True,False,0.16763966577642503
CCCCCCCCCCCCN(CCCCCCCCCCCC)CCOP(=O)(O)OCCCC,0.95,25.0,30.0,30.0,1.0,9.453938079,3.876803835626557,1.791759469228055,8.0765091125,5.9914645471,3.0,12,6.381692490318398,0.0,1,0,0,False,False,True,True,False,False,False,True,False,0.16763966577642503
CCCCCCCCCCCCN(CCCCCCCCCCCC)CCOP(=O)(O)OCCCCC,0.95,25.0,30.0,30.0,1.0,9.702826315,3.9022581151948033,1.791759469228055,8.1019625554,5.9914645471,3.0,12,6.405152422082331,0.0,1,0,0,False,False,True,True,False,False,False,True,False,0.16763966577642503
CCCCCCCCCCCCN(CCCCCCCCCCCC)CCOP(=O)(O)OCCCCCC,0.95,25.0,30.0,30.0,1.0,9.95171455,3.9270805248385865,1.791759469228055,8.1267841695,5.9914645471,3.0,12,6.428074577544685,0.0,1,0,0,False,False,True,True,False,False,False,True,False,0.16763966577642503
CCCCCCCCCCCCN(CCCCCCCCCCCC)CCOP(=O)(O)OCCCCCCC,0.95,25.0,30.0,30.0,1.0,10.20060278,3.951301676517218,1.791759469228055,8.1510074486,5.9914645471,3.0,12,6.450483060294962,0.0,1,0,0,False,False,True,True,False,False,False,True,False,0.16763966577642503
CCCCCCCCCCCCN(CCCCCCCCCCCC)CCOP(=O)(O)OCCCCCCCC,0.95,25.0,30.0,30.0,1.0,10.44949102,3.974950011898186,1.791759469228055,8.174654994,5.9914645471,3.0,12,6.472400388864667,0.0,1,0,0,False,False,True,True,False,False,False,True,False,0.16763966577642503
CCCCCCCCCCCCN(CCCCCCCCCCCC)CCOP(=O)(O)OCCCCCCCCC,0.95,25.0,30.0,30.0,1.0,10.69837925,3.9980519979527984,1.791759469228055,8.1977562271,5.9914645471,3.0,12,6.4938476327298496,0.0,1,0,0,False,False,True,True,False,False,False,True,False,0.16763966577642503
CCCCCCCCCCCCN(CCCCCCCCCCCC)CCOP(=O)(O)OCCCCCCCCCC,0.95,25.0,30.0,30.0,1.0,10.94726749,4.020632312144684,1.791759469228055,8.2203385123,5.9914645471,3.0,12,6.51484453403269,0.0,1,0,0,False,False,True,True,False,False,False,True,False,0.16763966577642503
CCCCCCCCCCCCN(CCCCCCCCCCCC)CCOP(=O)(O)OCCCCCCCCCCC,0.95,25.0,30.0,30.0,1.0,11.19615573,4.042713994297558,1.791759469228055,8.2424194469,5.9914645471,3.0,12,6.5354096167846585,0.0,1,0,0,False,False,True,True,False,False,False,True,False,0.16763966577642503
CCCCCCCCCCCCOP(=O)(O)OCCN(CCCCCCCCCCCC)CCCCCCCCCCCC,0.95,25.0,30.0,30.0,1.0,11.44504396,4.064318590774014,1.791759469228055,8.2640233286,5.9914645471,3.0,12,6.55556028506511,0.0,1,0,0,False,False,True,True,False,False,False,True,False,0.16763966577642503
CCCCCCCCCCCCCOP(=O)(O)OCCN(CCCCCCCCCCCC)CCCCCCCCCCCC,0.95,25.0,30.0,30.0,1.0,11.6939322,4.085466283349136,1.791759469228055,8.2851703355,5.9914645471,3.0,13,6.575312911519799,0.0,1,0,0,False,False,True,True,False,False,False,True,False,0.16763966577642503
CCCCCCCCCCCCCCOP(=O)(O)OCCN(CCCCCCCCCCCC)CCCCCCCCCCCC,0.95,25.0,30.0,30.0,1.0,11.94282043,4.106175996452769,1.791759469228055,8.3058818625,5.9914645471,3.0,14,6.594682917286884,0.0,1,0,0,False,False,True,True,False,False,False,True,False,0.16763966577642503
CCCCCCCCCCCCCCCOP(=O)(O)OCCN(CCCCCCCCCCCC)CCCCCCCCCCCC,0.85,25.0,30.0,30.0,1.0,12.19170867,4.126465505750042,1.791759469228055,8.326170691,5.9914645471,3.0,15,6.613684844327989,0.0,1,0,0,False,False,True,True,False,False,False,True,False,1.652488273557922
CCCCCCCCCCCCCCCCOP(=O)(O)OCCN(CCCCCCCCCCCC)CCCCCCCCCCCC,0.95,25.0,30.0,30.0,1.0,12.4405969,4.146351523139102,1.791759469228055,8.3460560552,5.9914645471,3.0,16,6.6323324210142225,0.0,1,0,0,False,False,True,True,False,False,False,True,False,0.16763966577642503
CCCCCCCCCCCCCN(CCCCCCCCCCCCC)CCOP(=O)(O)OCCCC,0.95,25.0,30.0,30.0,1.0,9.95171455,3.9270805248385865,1.791759469228055,8.1267841695,5.9914645471,3.0,13,6.472400388864668,0.0,1,0,0,False,False,True,True,False,False,False,True,False,0.16763966577642503
CCCCCCCCCCCCCN(CCCCCCCCCCCCC)CCOP(=O)(O)OCCCCC,0.95,25.0,30.0,30.0,1.0,10.20060278,3.951301676517218,1.791759469228055,8.1510074486,5.9914645471,3.0,13,6.49384763272985,0.0,1,0,0,False,False,True,True,False,False,False,True,False,0.16763966577642503
CCCCCCCCCCCCCN(CCCCCCCCCCCCC)CCOP(=O)(O)OCCCCCC,0.95,25.0,30.0,30.0,1.0,10.44949102,3.974950011898186,1.791759469228055,8.174654994,5.9914645471,3.0,13,6.514844534032691,0.0,1,0,0,False,False,True,True,False,False,False,True,False,0.16763966577642503
CCCCCCCCCCCCCN(CCCCCCCCCCCCC)CCOP(=O)(O)OCCCCCCC,0.95,25.0,30.0,30.0,1.0,10.69837925,3.9980519979527984,1.791759469228055,8.1977562271,5.9914645471,3.0,13,6.535409616784659,0.0,1,0,0,False,False,True,True,False,False,False,True,False,0.16763966577642503
CCCCCCCCCCCCCN(CCCCCCCCCCCCC)CCOP(=O)(O)OCCCCCCCC,0.95,25.0,30.0,30.0,1.0,10.94726749,4.020632312144684,1.791759469228055,8.2203385123,5.9914645471,3.0,13,6.555560285065111,0.0,1,0,0,False,False,True,True,False,False,False,True,False,0.16763966577642503
CCCCCCCCCCCCCN(CCCCCCCCCCCCC)CCOP(=O)(O)OCCCCCCCCC,0.95,25.0,30.0,30.0,1.0,11.19615573,4.042713994297558,1.791759469228055,8.2424194469,5.9914645471,3.0,13,6.5753129115197995,0.0,1,0,0,False,False,True,True,False,False,False,True,False,0.16763966577642503
CCCCCCCCCCCCCN(CCCCCCCCCCCCC)CCOP(=O)(O)OCCCCCCCCCC,0.95,25.0,30.0,30.0,1.0,11.44504396,4.064318590774014,1.791759469228055,8.2640233286,5.9914645471,3.0,13,6.594682917286884,0.0,1,0,0,False,False,True,True,False,False,False,True,False,0.16763966577642503
CCCCCCCCCCCCCN(CCCCCCCCCCCCC)CCOP(=O)(O)OCCCCCCCCCCC,0.95,25.0,30.0,30.0,1.0,11.6939322,4.085466283349136,1.791759469228055,8.2851703355,5.9914645471,3.0,13,6.61368484432799,0.0,1,0,0,False,False,True,True,False,False,False,True,False,0.16763966577642503
CCCCCCCCCCCCCN(CCCCCCCCCCCCC)CCOP(=O)(O)OCCCCCCCCCCCC,0.95,25.0,30.0,30.0,1.0,11.94282043,4.106175996452769,1.791759469228055,8.3058818625,5.9914645471,3.0,13,6.632332421014223,0.0,1,0,0,False,False,True,True,False,False,False,True,False,0.16763966577642503
CCCCCCCCCCCCCOP(=O)(O)OCCN(CCCCCCCCCCCCC)CCCCCCCCCCCCC,0.95,25.0,30.0,30.0,1.0,12.19170867,4.126465505750042,1.791759469228055,8.326170691,5.9914645471,3.0,13,6.650638621708161,0.0,1,0,0,False,False,True,True,False,False,False,True,False,0.16763966577642503
CCCCCCCCCCCCCCOP(=O)(O)OCCN(CCCCCCCCCCCCC)CCCCCCCCCCCCC,0.95,25.0,30.0,30.0,1.0,12.4405969,4.146351523139102,1.791759469228055,8.3460560552,5.9914645471,3.0,14,6.668615720989511,0.0,1,0,0,False,False,True,True,False,False,False,True,False,0.16763966577642503
CCCCCCCCCCCCCCCOP(=O)(O)OCCN(CCCCCCCCCCCCC)CCCCCCCCCCCCC,0.95,25.0,30.0,30.0,1.0,12.68948514,4.165849785996314,1.791759469228055,8.3655560168,5.9914645471,3.0,15,6.686275343092093,0.0,1,0,0,False,False,True,True,False,False,False,True,False,0.16763966577642503
CCCCCCCCCCCCCCCCOP(=O)(O)OCCN(CCCCCCCCCCCCC)CCCCCCCCCCCCC,0.95,25.0,30.0,30.0,1.0,12.93837337,4.18497512559023,1.791759469228055,8.3846807081,5.9914645471,3.0,16,6.703628507050817,0.0,1,0,0,False,False,True,True,False,False,False,True,False,0.16763966577642503
CCCCOP(=O)(O)OCCNCCOCCOCCNCCOP(=O)(O)OCCCC,0.95,25.0,30.0,30.0,1.0,8.986556244,3.827179049955319,1.791759469228055,8.0268856253,5.9914645471,2.0,4,6.233402374365727,0.0,2,0,0,False,False,True,True,False,False,False,True,False,0.16763966577642503
CCCCCOP(=O)(O)OCCNCCOCCOCCNCCOP(=O)(O)OCCCCC,0.95,25.0,30.0,30.0,1.0,9.484332715,3.8799473081068303,1.791759469228055,8.0796521057,5.9914645471,2.0,5,6.287003175837542,0.0,2,0,0,False,False,True,True,False,False,False,True,False,0.16763966577642503
CCCCCCOP(=O)(O)OCCNCCOCCOCCNCCOP(=O)(O)OCCCCCC,0.95,25.0,30.0,30.0,1.0,9.982109185,3.930070091192048,1.791759469228055,8.1297762312,5.9914645471,2.0,6,6.337876506322418,0.0,2,0,0,False,False,True,True,False,False,False,True,False,0.16763966577642503
CCCCCCCOP(=O)(O)OCCNCCOCCOCCNCCOP(=O)(O)OCCCCCCC,0.95,25.0,30.0,30.0,1.0,10.47988565,3.9778000389799906,1.791759469228055,8.1775045878,5.9914645471,2.0,7,6.386286551117665,0.0,2,0,0,False,False,True,True,False,False,False,True,False,0.16763966577642503
CCCCCCCCOP(=O)(O)OCCNCCOCCOCCNCCOP(=O)(O)OCCCCCCCC,0.95,25.0,30.0,30.0,1.0,10.97766213,4.023355246487333,1.791759469228055,8.2230610285,5.9914645471,2.0,8,6.432460878255801,0.0,2,0,0,False,False,True,True,False,False,False,True,False,0.16763966577642503
CCCCCCCCCOP(=O)(O)OCCNCCOCCOCCNCCOP(=O)(O)OCCCCCCCCC,0.95,25.0,30.0,30.0,1.0,11.4754386,4.066925282735243,1.791759469228055,8.266629624,5.9914645471,2.0,9,6.4765969077998555,0.0,2,0,0,False,False,True,True,False,False,False,True,False,0.16763966577642503
CCCCCCCCCCOP(=O)(O)OCCNCCOCCOCCNCCOP(=O)(O)OCCCCCCCCCC,0.95,25.0,30.0,30.0,1.0,11.97321507,4.108675964494856,1.791759469228055,8.3083814474,5.9914645471,2.0,10,6.5188670126787525,0.0,2,0,0,False,False,True,True,False,False,False,True,False,0.16763966577642503
CCCCCCCCCCCOP(=O)(O)OCCNCCOCCOCCNCCOP(=O)(O)OCCCCCCCCCCC,0.85,25.0,30.0,30.0,1.0,12.47099154,4.148753162584324,1.791759469228055,8.3484573297,5.9914645471,2.0,11,6.559422584375915,0.0,2,0,0,False,False,True,True,False,False,False,True,False,1.652488273557922
CCCCCCCCCCCCOP(=O)(O)OCCNCCOCCOCCNCCOP(=O)(O)OCCCCCCCCCCCC,0.95,25.0,30.0,30.0,1.0,12.96876801,4.187285878635231,1.791759469228055,8.3869911076,5.9914645471,2.0,12,6.598397305752496,0.0,2,0,0,False,False,True,True,False,False,False,True,False,0.16763966577642503
CCCCCCCCCCCCCOP(=O)(O)OCCNCCOCCOCCNCCOP(=O)(O)OCCCCCCCCCCCCC,0.95,25.0,30.0,30.0,1.0,13.46654448,4.224388749942527,1.791759469228055,8.4240927683,5.9914645471,2.0,13,6.6359098096046925,0.0,2,0,0,False,False,True,True,False,False,False,True,False,0.16763966577642503
CCCCCCCCCCCCCCOP(=O)(O)OCCNCCOCCOCCNCCOP(=O)(O)OCCCCCCCCCCCCCC,0.95,25.0,30.0,30.0,1.0,13.96432095,4.2601641059864805,1.791759469228055,8.4598691168,5.9914645471,2.0,14,6.672065856311904,0.0,2,0,0,False,False,True,True,False,False,False,True,False,0.16763966577642503
CCCCCCCCCCCCCCCOP(=O)(O)OCCNCCOCCOCCNCCOP(=O)(O)OCCCCCCCCCCCCCCC,0.95,25.0,30.0,30.0,1.0,14.46209742,4.294703669600271,1.791759469228055,8.4944096055,5.9914645471,2.0,15,6.706960131331688,0.0,2,0,0,False,False,True,True,False,False,False,True,False,0.16763966577642503
CCCCCCCCCCCCCCCCOP(=O)(O)OCCNCCOCCOCCNCCOP(=O)(O)OCCCCCCCCCCCCCCCC,0.95,25.0,30.0,30.0,1.0,14.95987389,4.328089974012143,1.791759469228055,8.5277947953,5.9914645471,2.0,16,6.740677739498453,0.0,2,0,0,False,False,True,True,False,False,False,True,False,0.16763966577642503
CCCCOP(=O)(O)OCCNCCN1CCN(CCOP(=O)(O)OCCCC)CC1,0.95,25.0,30.0,30.0,1.0,8.64944727,3.789792914136289,1.791759469228055,7.9894994305,5.9914645471,2.0,4,6.195398775086405,0.0,3,0,0,False,False,True,True,False,False,False,True,False,0.16763966577642503
CCCCCOP(=O)(O)OCCNCCN1CCN(CCOP(=O)(O)OCCCCC)CC1,0.95,25.0,30.0,30.0,1.0,9.14722374,3.8445172854401743,1.791759469228055,8.0442219632,5.9914645471,2.0,5,6.25101909879603,0.0,3,0,0,False,False,True,True,False,False,False,True,False,0.16763966577642503
CCCCCCOP(=O)(O)OCCNCCN1CCN(CCOP(=O)(O)OCCCCCC)CC1,0.95,25.0,30.0,30.0,1.0,9.645000211,3.896401645957388,1.791759469228055,8.0961077182,5.9914645471,2.0,6,6.303708125995123,0.0,3,0,0,False,False,True,True,False,False,False,True,False,0.16763966577642503
CCCCCCCOP(=O)(O)OCCNCCN1CCN(CCOP(=O)(O)OCCCCCCC)CC1,0.95,25.0,30.0,30.0,1.0,10.14277668,3.9457262831821858,1.791759469228055,8.1454307152,5.9914645471,2.0,7,6.353759419623573,0.0,3,0,0,False,False,True,True,False,False,False,True,False,0.16763966577642503
CCCCCCCCOP(=O)(O)OCCNCCN1CCN(CCOP(=O)(O)OCCCCCCCC)CC1,0.95,25.0,30.0,30.0,1.0,10.64055315,3.992731935741472,1.791759469228055,8.1924376455,5.9914645471,2.0,8,6.401424538077406,0.0,3,0,0,False,False,True,True,False,False,False,True,False,0.16763966577642503
CCCCCCCCCOP(=O)(O)OCCNCCN1CCN(CCOP(=O)(O)OCCCCCCCCC)CC1,0.95,25.0,30.0,30.0,1.0,11.13832962,4.037626900060388,1.791759469228055,8.2373311295,5.9914645471,2.0,9,6.446920685358912,0.0,3,0,0,False,False,True,True,False,False,False,True,False,0.16763966577642503
CCCCCCCCCCOP(=O)(O)OCCNCCN1CCN(CCOP(=O)(O)OCCCCCCCCCC)CC1,0.95,25.0,30.0,30.0,1.0,11.63610609,4.0805926102641,1.791759469228055,8.2802980185,5.9914645471,2.0,10,6.4904366951889845,0.0,3,0,0,False,False,True,True,False,False,False,True,False,0.16763966577642503
CCCCCCCCCCCOP(=O)(O)OCCNCCN1CCN(CCOP(=O)(O)OCCCCCCCCCCC)CC1,0.85,25.0,30.0,30.0,1.0,12.13388256,4.121788067310592,1.791759469228055,8.3214921269,5.9914645471,2.0,11,6.5321377663621885,0.0,3,0,0,False,False,True,True,False,False,False,True,False,1.652488273557922
CCCCCCCCCCCCOP(=O)(O)OCCNCCN1CCN(CCOP(=O)(O)OCCCCCCCCCCCC)CC1,0.95,25.0,30.0,30.0,1.0,12.63165903,4.1613533913536,1.791759469228055,8.3610585448,5.9914645471,2.0,12,6.572169249563296,0.0,3,0,0,False,False,True,True,False,False,False,True,False,0.16763966577642503
CCCCCCCCCCCCCOP(=O)(O)OCCNCCN1CCN(CCOP(=O)(O)OCCCCCCCCCCCCC)CC1,0.95,25.0,30.0,30.0,1.0,13.1294355,4.19941269764099,1.791759469228055,8.3991188634,5.9914645471,2.0,13,6.61065970489193,0.0,3,0,0,False,False,True,True,False,False,False,True,False,0.16763966577642503
CCCCCCCCCCCCCCOP(=O)(O)OCCNCCN1CCN(CCOP(=O)(O)OCCCCCCCCCCCCCC)CC1,0.95,25.0,30.0,30.0,1.0,13.62721197,4.23607644487423,1.791759469228055,8.4357813803,5.9914645471,2.0,14,6.647723392405415,0.0,3,0,0,False,False,True,True,False,False,False,True,False,0.16763966577642503
CCCCCCCCCCCCCCCOP(=O)(O)OCCNCCN1CCN(CCOP(=O)(O)OCCCCCCCCCCCCCCC)CC1,0.95,25.0,30.0,30.0,1.0,14.12498844,4.271443368053776,1.791759469228055,8.4711492529,5.9914645471,2.0,15,6.683462317348902,0.0,3,0,0,False,False,True,True,False,False,False,True,False,0.16763966577642503
CCCCCCCCCCCCCCCCOP(=O)(O)OCCNCCN1CCN(CCOP(=O)(O)OCCCCCCCCCCCCCCCC)CC1,0.95,25.0,30.0,30.0,1.0,14.62276491,4.305602081027601,1.791759469228055,8.5053068277,5.9914645471,2.0,16,6.717967922330168,0.0,3,0,0,False,False,True,True,False,False,False,True,False,0.16763966577642503
CCCCOP(=O)(O)OCCNCCCN(CCCN(C)C)CCOP(=O)(O)OCCCC,0.95,25.0,30.0,30.0,1.0,9.18299466,3.848336884627495,1.791759469228055,8.0480404001,5.9914645471,2.0,4,6.2548993921456875,0.0,3,0,0,False,False,True,True,False,False,False,True,False,0.16763966577642503
CCCCCOP(=O)(O)OCCNCCCN(CCCN(C)C)CCOP(=O)(O)OCCCCC,0.95,25.0,30.0,30.0,1.0,9.68077113,3.9000284707433073,1.791759469228055,8.0997334343,5.9914645471,2.0,5,6.307389629341492,0.0,3,0,0,False,False,True,True,False,False,False,True,False,0.16763966577642503
CCCCCCOP(=O)(O)OCCNCCCN(CCCN(C)C)CCOP(=O)(O)OCCCCCC,0.95,25.0,30.0,30.0,1.0,10.1785476,3.949178857453008,1.791759469228055,8.1488851301,5.9914645471,2.0,6,6.357261508646128,0.0,3,0,0,False,False,True,True,False,False,False,True,False,0.16763966577642503
CCCCCCCOP(=O)(O)OCCNCCCN(CCCN(C)C)CCOP(=O)(O)OCCCCCCC,0.95,25.0,30.0,30.0,1.0,10.67632407,3.996026235560703,1.791759469228055,8.1957309393,5.9914645471,2.0,7,6.404763887324663,0.0,3,0,0,False,False,True,True,False,False,False,True,False,0.16763966577642503
CCCCCCCCOP(=O)(O)OCCNCCCN(CCCN(C)C)CCOP(=O)(O)OCCCCCCCC,0.95,25.0,30.0,30.0,1.0,11.17410054,4.040776800738055,1.791759469228055,8.2404827103,5.9914645471,2.0,8,6.450111748033678,0.0,3,0,0,False,False,True,True,False,False,False,True,False,0.16763966577642503
CCCCCCCCCOP(=O)(O)OCCNCCCN(CCCN(C)C)CCOP(=O)(O)OCCCCCCCCC,0.95,25.0,30.0,30.0,1.0,11.67187701,4.083610239135652,1.791759469228055,8.2833147266,5.9914645471,2.0,9,6.493492080936203,0.0,3,0,0,False,False,True,True,False,False,False,True,False,0.16763966577642503
CCCCCCCCCCOP(=O)(O)OCCNCCCN(CCCN(C)C)CCOP(=O)(O)OCCCCCCCCCC,0.95,25.0,30.0,30.0,1.0,12.16965348,4.124684085511609,1.791759469228055,8.3243896905,5.9914645471,2.0,10,6.5350685420184895,0.0,3,0,0,False,False,True,True,False,False,False,True,False,0.16763966577642503
CCCCCCCCCCCOP(=O)(O)OCCNCCCN(CCCN(C)C)CCOP(=O)(O)OCCCCCCCCCCC,0.85,25.0,30.0,30.0,1.0,12.66742995,4.164137221016124,1.791759469228055,8.3638415256,5.9914645471,2.0,11,6.574985180981096,0.0,3,0,0,False,False,True,True,False,False,False,True,False,1.652488273557922
CCCCCCCCCCCCOP(=O)(O)OCCNCCCN(CCCN(C)C)CCOP(=O)(O)OCCCCCCCCCCCC,0.95,25.0,30.0,30.0,1.0,13.16520642,4.202092706724269,1.791759469228055,8.4017980525,5.9914645471,2.0,12,6.613369453169883,0.0,3,0,0,False,False,True,True,False,False,False,True,False,0.16763966577642503
CCCCCCCCCCCCCOP(=O)(O)OCCNCCCN(CCCN(C)C)CCOP(=O)(O)OCCCCCCCCCCCCC,0.95,25.0,30.0,30.0,1.0,13.66298289,4.238660098768991,1.791759469228055,8.4383642469,5.9914645471,2.0,13,6.650334674465888,0.0,3,0,0,False,False,True,True,False,False,False,True,False,0.16763966577642503
CCCCCCCCCCCCCCOP(=O)(O)OCCNCCCN(CCCN(C)C)CCOP(=O)(O)OCCCCCCCCCCCCCC,0.95,25.0,30.0,30.0,1.0,14.16075936,4.27393735487891,1.791759469228055,8.4736424773,5.9914645471,2.0,14,6.685982038363228,0.0,3,0,0,False,False,True,True,False,False,False,True,False,0.16763966577642503
CCCCCCCCCCCCCCCOP(=O)(O)OCCNCCCN(CCCN(C)C)CCOP(=O)(O)OCCCCCCCCCCCCCCC,0.95,25.0,30.0,30.0,1.0,14.65853583,4.308012415913635,1.791759469228055,8.5077184475,5.9914645471,2.0,15,6.720402285713773,0.0,3,0,0,False,False,True,True,False,False,False,True,False,0.16763966577642503
CCCCCCCCCCCCCCCCOP(=O)(O)OCCNCCCN(CCCN(C)C)CCOP(=O)(O)OCCCCCCCCCCCCCCCC,0.95,25.0,30.0,30.0,1.0,15.1563123,4.34096452669328,1.791759469228055,8.5406694548,5.9914645471,2.0,16,6.75367709652688,0.0,3,0,0,False,False,True,True,False,False,False,True,False,0.16763966577642503
CCCCOP(=O)(O)OCCNCCCN(C)CCCNCCOP(=O)(O)OCCCC,0.95,25.0,30.0,30.0,1.0,8.934106424,3.821453278541336,1.791759469228055,8.0211576531,5.9914645471,2.0,4,6.19950055196415,0.0,3,0,0,False,False,True,True,False,False,False,True,False,0.16763966577642503
CCCCCOP(=O)(O)OCCNCCCN(C)CCCNCCOP(=O)(O)OCCCCC,0.95,25.0,30.0,30.0,1.0,9.431882895,3.874516643015528,1.791759469228055,8.0742224586,5.9914645471,2.0,5,6.2548993921456875,0.0,3,0,0,False,False,True,True,False,False,False,True,False,0.16763966577642503
CCCCCCOP(=O)(O)OCCNCCCN(C)CCCNCCOP(=O)(O)OCCCCCC,0.95,25.0,30.0,30.0,1.0,9.929659365,3.9249056037719594,1.791759469228055,8.1246097572,5.9914645471,2.0,6,6.307389629341492,0.0,3,0,0,False,False,True,True,False,False,False,True,False,0.16763966577642503
CCCCCCCOP(=O)(O)OCCNCCCN(C)CCCNCCOP(=O)(O)OCCCCCCC,0.95,25.0,30.0,30.0,1.0,10.42743584,3.97287685649896,1.791759469228055,8.1725823258,5.9914645471,2.0,7,6.357261508646128,0.0,3,0,0,False,False,True,True,False,False,False,True,False,0.16763966577642503
CCCCCCCCOP(=O)(O)OCCNCCCN(C)CCCNCCOP(=O)(O)OCCCCCCCC,0.95,25.0,30.0,30.0,1.0,10.92521231,4.01865182434925,1.791759469228055,8.2183557958,5.9914645471,2.0,8,6.404763887324663,0.0,3,0,0,False,False,True,True,False,False,False,True,False,0.16763966577642503
CCCCCCCCCOP(=O)(O)OCCNCCCN(C)CCCNCCOP(=O)(O)OCCCCCCCCC,0.95,25.0,30.0,30.0,1.0,11.42298878,4.062422840767837,1.791759469228055,8.2621280236,5.9914645471,2.0,9,6.450111748033678,0.0,3,0,0,False,False,True,True,False,False,False,True,False,0.16763966577642503
CCCCCCCCCCOP(=O)(O)OCCNCCCN(C)CCCNCCOP(=O)(O)OCCCCCCCCCC,0.95,25.0,30.0,30.0,1.0,11.92076525,4.104358030521002,1.791759469228055,8.3040643253,5.9914645471,2.0,10,6.493492080936203,0.0,3,0,0,False,False,True,True,False,False,False,True,False,0.16763966577642503
CCCCCCCCCCCOP(=O)(O)OCCNCCCN(C)CCCNCCOP(=O)(O)OCCCCCCCCCCC,0.85,25.0,30.0,30.0,1.0,12.41854172,4.144605209780062,1.791759469228055,8.3443101514,5.9914645471,2.0,11,6.5350685420184895,0.0,3,0,0,False,False,True,True,False,False,False,True,False,1.652488273557922
CCCCCCCCCCCCOP(=O)(O)OCCNCCCN(C)CCCNCCOP(=O)(O)OCCCCCCCCCCCC,0.95,25.0,30.0,30.0,1.0,12.91631819,4.183295030805071,1.791759469228055,8.3830010091,5.9914645471,2.0,12,6.574985180981095,0.0,3,0,0,False,False,True,True,False,False,False,True,False,0.16763966577642503
CCCCCCCCCCCCCOP(=O)(O)OCCNCCCN(C)CCCNCCOP(=O)(O)OCCCCCCCCCCCCC,0.95,25.0,30.0,30.0,1.0,13.41409466,4.220543540572164,1.791759469228055,8.4202482762,5.9914645471,2.0,13,6.613369453169883,0.0,3,0,0,False,False,True,True,False,False,False,True,False,0.16763966577642503
CCCCCCCCCCCCCCOP(=O)(O)OCCNCCCN(C)CCCNCCOP(=O)(O)OCCCCCCCCCCCCCC,0.95,25.0,30.0,30.0,1.0,13.91187113,4.256454279712395,1.791759469228055,8.4561599862,5.9914645471,2.0,14,6.650334674465888,0.0,3,0,0,False,False,True,True,False,False,False,True,False,0.16763966577642503
CCCCCCCCCCCCCCCOP(=O)(O)OCCNCCCN(C)CCCNCCOP(=O)(O)OCCCCCCCCCCCCCCC,0.95,25.0,30.0,30.0,1.0,14.4096476,4.29112001744037,1.791759469228055,8.4908245751,5.9914645471,2.0,15,6.685982038363228,0.0,3,0,0,False,False,True,True,False,False,False,True,False,0.16763966577642503
CCCCCCCCCCCCCCCCOP(=O)(O)OCCNCCCN(C)CCCNCCOP(=O)(O)OCCCCCCCCCCCCCCCC,0.95,25.0,30.0,30.0,1.0,14.90742407,4.3246241956945735,1.791759469228055,8.5243296661,5.9914645471,2.0,16,6.720402285713773,0.0,3,0,0,False,False,True,True,False,False,False,True,False,0.16763966577642503
CCCCOP(=O)(O)OCCNCCCN1CCN(CCCNCCOP(=O)(O)OCCCC)CC1,0.95,25.0,30.0,30.0,1.0,9.911419035,3.923103295162006,1.791759469228055,8.1228074795,5.9914645471,2.0,4,6.330807658820878,0.0,4,0,0,False,False,True,True,False,False,False,True,False,0.16763966577642503
CCCCCOP(=O)(O)OCCNCCCN1CCN(CCCNCCOP(=O)(O)OCCCCC)CC1,0.95,25.0,30.0,30.0,1.0,10.40919551,3.971159038434048,1.791759469228055,8.1708645395,5.9914645471,2.0,5,6.37955288315245,0.0,4,0,0,False,False,True,True,False,False,False,True,False,0.16763966577642503
CCCCCCOP(=O)(O)OCCNCCCN1CCN(CCCNCCOP(=O)(O)OCCCCCC)CC1,0.95,25.0,30.0,30.0,1.0,10.90697198,4.01701092988249,1.791759469228055,8.2167149292,5.9914645471,2.0,6,6.426032042636679,0.0,4,0,0,False,False,True,True,False,False,False,True,False,0.16763966577642503
CCCCCCCOP(=O)(O)OCCNCCCN1CCN(CCCNCCOP(=O)(O)OCCCCCCC)CC1,0.95,25.0,30.0,30.0,1.0,11.40474845,4.06085227592385,1.791759469228055,8.2605574874,5.9914645471,2.0,7,6.470446500307735,0.0,4,0,0,False,False,True,True,False,False,False,True,False,0.16763966577642503
CCCCCCCCOP(=O)(O)OCCNCCCN1CCN(CCCNCCOP(=O)(O)OCCCCCCCC)CC1,0.95,25.0,30.0,30.0,1.0,11.90252492,4.102852014342395,1.791759469228055,8.3025558594,5.9914645471,2.0,8,6.512971917345828,0.0,4,0,0,False,False,True,True,False,False,False,True,False,0.16763966577642503
CCCCCCCCCOP(=O)(O)OCCNCCCN1CCN(CCCNCCOP(=O)(O)OCCCCCCCCC)CC1,0.95,25.0,30.0,30.0,1.0,12.40030139,4.143158645946728,1.791759469228055,8.3428636135,5.9914645471,2.0,9,6.553762449242934,0.0,4,0,0,False,False,True,True,False,False,False,True,False,0.16763966577642503
CCCCCCCCCCOP(=O)(O)OCCNCCCN1CCN(CCCNCCOP(=O)(O)OCCCCCCCCCC)CC1,0.95,25.0,30.0,30.0,1.0,12.89807786,4.181903403631289,1.791759469228055,8.3816094084,5.9914645471,2.0,10,6.592954119096215,0.0,4,0,0,False,False,True,True,False,False,False,True,False,0.16763966577642503
CCCCCCCCCCCOP(=O)(O)OCCNCCCN1CCN(CCCNCCOP(=O)(O)OCCCCCCCCCCC)CC1,0.85,25.0,30.0,30.0,1.0,13.39585433,4.219202830029931,1.791759469228055,8.4189075894,5.9914645471,2.0,11,6.630667554382493,0.0,4,0,0,False,False,True,True,False,False,False,True,False,1.652488273557922
CCCCCCCCCCCCOP(=O)(O)OCCNCCCN1CCN(CCCNCCOP(=O)(O)OCCCCCCCCCCCC)CC1,0.95,25.0,30.0,30.0,1.0,13.8936308,4.255160891451618,1.791759469228055,8.4548666221,5.9914645471,2.0,12,6.667010226116105,0.0,4,0,0,False,False,True,True,False,False,False,True,False,0.16763966577642503
CCCCCCCCCCCCCOP(=O)(O)OCCNCCCN1CCN(CCCNCCOP(=O)(O)OCCCCCCCCCCCCC)CC1,0.95,25.0,30.0,30.0,1.0,14.39140727,4.289870724738202,1.791759469228055,8.4895753044,5.9914645471,2.0,13,6.702078295166559,0.0,4,0,0,False,False,True,True,False,False,False,True,False,0.16763966577642503
CCCCCCCCCCCCCCOP(=O)(O)OCCNCCCN1CCN(CCCNCCOP(=O)(O)OCCCCCCCCCCCCCC)CC1,0.95,25.0,30.0,30.0,1.0,14.88918374,4.323416090974118,1.791759469228055,8.5231215837,5.9914645471,2.0,14,6.735958145644394,0.0,4,0,0,False,False,True,True,False,False,False,True,False,0.16763966577642503
CCCCCCCCCCCCCCCOP(=O)(O)OCCNCCCN1CCN(CCCNCCOP(=O)(O)OCCCCCCCCCCCCCCC)CC1,0.95,25.0,30.0,30.0,1.0,15.38696021,4.3558725931694235,1.791759469228055,8.555577016,5.9914645471,2.0,15,6.768727666920464,0.0,4,0,0,False,False,True,True,False,False,False,True,False,0.16763966577642503
CCCCCCCCCCCCCCCCOP(=O)(O)OCCNCCCN1CCN(CCCNCCOP(=O)(O)OCCCCCCCCCCCCCCCC)CC1,0.95,25.0,30.0,30.0,1.0,15.88473668,4.38730870245954,1.791759469228055,8.5870139868,5.9914645471,2.0,16,6.80045733216048,0.0,4,0,0,False,False,True,True,False,False,False,True,False,0.16763966577642503
CCCCOP(=O)(O)OCCNCCNCCNCCNCCOP(=O)(O)OCCCC,0.95,25.0,30.0,30.0,1.0,8.951637014,3.823370684353169,1.791759469228055,8.0230771812,5.9914645471,2.0,4,6.229532178267265,0.0,4,0,0,False,False,True,True,False,False,False,True,False,0.16763966577642503
CCCCCOP(=O)(O)OCCNCCNCCNCCNCCOP(=O)(O)OCCCCC,0.95,25.0,30.0,30.0,1.0,9.449413484,3.8763350470777818,1.791759469228055,8.0760397639,5.9914645471,2.0,5,6.283335334631217,0.0,4,0,0,False,False,True,True,False,False,False,True,False,0.16763966577642503
CCCCCCOP(=O)(O)OCCNCCNCCNCCNCCOP(=O)(O)OCCCCCC,0.95,25.0,30.0,30.0,1.0,9.947189954,3.926634727768696,1.791759469228055,8.1263407957,5.9914645471,2.0,6,6.3343909109689935,0.0,4,0,0,False,False,True,True,False,False,False,True,False,0.16763966577642503
CCCCCCCOP(=O)(O)OCCNCCNCCNCCNCCOP(=O)(O)OCCCCCCC,0.95,25.0,30.0,30.0,1.0,10.44496642,3.974525056241923,1.791759469228055,8.174229531,5.9914645471,2.0,7,6.38296594819876,0.0,4,0,0,False,False,True,True,False,False,False,True,False,0.16763966577642503
CCCCCCCCOP(=O)(O)OCCNCCNCCNCCNCCOP(=O)(O)OCCCCCCCC,0.95,25.0,30.0,30.0,1.0,10.94274289,4.020226336554273,1.791759469228055,8.2199320525,5.9914645471,2.0,8,6.4292903537204005,0.0,4,0,0,False,False,True,True,False,False,False,True,False,0.16763966577642503
CCCCCCCCCOP(=O)(O)OCCNCCNCCNCCNCCOP(=O)(O)OCCCCCCCCC,0.95,25.0,30.0,30.0,1.0,11.44051936,4.063929972298715,1.791759469228055,8.2636342461,5.9914645471,2.0,9,6.473563482329777,0.0,4,0,0,False,False,True,True,False,False,False,True,False,0.16763966577642503
CCCCCCCCCCOP(=O)(O)OCCNCCNCCNCCNCCOP(=O)(O)OCCCCCCCCCC,0.95,25.0,30.0,30.0,1.0,11.93829584,4.105803312594081,1.791759469228055,8.3055087332,5.9914645471,2.0,10,6.515959320913711,0.0,4,0,0,False,False,True,True,False,False,False,True,False,0.16763966577642503
CCCCCCCCCCCOP(=O)(O)OCCNCCNCCNCCNCCOP(=O)(O)OCCCCCCCCCCC,0.95,25.0,30.0,30.0,1.0,12.43607231,4.145993517896343,1.791759469228055,8.3456976216,5.9914645471,2.0,11,6.556630617972567,0.0,4,0,0,False,False,True,True,False,False,False,True,False,0.16763966577642503
CCCCCCCCCCCCOP(=O)(O)OCCNCCNCCNCCNCCOP(=O)(O)OCCCCCCCCCCCC,0.95,25.0,30.0,30.0,1.0,12.93384878,4.184630686507849,1.791759469228055,8.3843358573,5.9914645471,2.0,12,6.595712205617421,0.0,4,0,0,False,False,True,True,False,False,False,True,False,0.16763966577642503
CCCCCCCCCCCCCOP(=O)(O)OCCNCCNCCNCCNCCOP(=O)(O)OCCCCCCCCCCCCC,0.95,25.0,30.0,30.0,1.0,13.43162525,4.221830391679576,1.791759469228055,8.4215365516,5.9914645471,2.0,13,6.63332369642442,0.0,4,0,0,False,False,True,True,False,False,False,True,False,0.16763966577642503
CCCCCCCCCCCCCCOP(=O)(O)OCCNCCNCCNCCNCCOP(=O)(O)OCCCCCCCCCCCCCC,0.95,25.0,30.0,30.0,1.0,13.92940172,4.257695767115938,1.791759469228055,8.4574007233,5.9914645471,2.0,14,6.669571691210146,0.0,4,0,0,False,False,True,True,False,False,False,True,False,0.16763966577642503
CCCCCCCCCCCCCCCOP(=O)(O)OCCNCCNCCNCCNCCOP(=O)(O)OCCCCCCCCCCCCCCC,0.95,25.0,30.0,30.0,1.0,14.42717819,4.292319230530522,1.791759469228055,8.4920251158,5.9914645471,2.0,15,6.704551600447475,0.0,4,0,0,False,False,True,True,False,False,False,True,False,0.16763966577642503
CCCCCCCCCCCCCCCCOP(=O)(O)OCCNCCNCCNCCNCCOP(=O)(O)OCCCCCCCCCCCCCCCC,0.95,25.0,30.0,30.0,1.0,14.92495466,4.325783918660562,1.791759469228055,8.5254886885,5.9914645471,2.0,16,6.738349157720951,0.0,4,0,0,False,False,True,True,False,False,False,True,False,0.16763966577642503
CCCCOP(=O)(O)OCCNCCCNCCCCNCCCNCCOP(=O)(O)OCCCC,0.95,25.0,30.0,30.0,1.0,9.947189954,3.926634727768696,1.791759469228055,8.1263407957,5.9914645471,2.0,4,6.3091889214013905,0.0,4,0,0,False,False,True,True,False,False,False,True,False,0.16763966577642503
CCCCCOP(=O)(O)OCCNCCCNCCCCNCCCNCCOP(=O)(O)OCCCCC,0.95,25.0,30.0,30.0,1.0,10.44496642,3.974525056241923,1.791759469228055,8.174229531,5.9914645471,2.0,5,6.358973342371787,0.0,4,0,0,False,False,True,True,False,False,False,True,False,0.16763966577642503
CCCCCCOP(=O)(O)OCCNCCCNCCCCNCCCNCCOP(=O)(O)OCCCCCC,0.95,25.0,30.0,30.0,1.0,10.94274289,4.020226336554273,1.791759469228055,8.2199320525,5.9914645471,2.0,6,6.406396370796463,0.0,4,0,0,False,False,True,True,False,False,False,True,False,0.16763966577642503
CCCCCCCOP(=O)(O)OCCNCCCNCCCCNCCCNCCOP(=O)(O)OCCCCCCC,0.95,25.0,30.0,30.0,1.0,11.44051936,4.063929972298715,1.791759469228055,8.2636342461,5.9914645471,2.0,7,6.451671911756734,0.0,4,0,0,False,False,True,True,False,False,False,True,False,0.16763966577642503
CCCCCCCCOP(=O)(O)OCCNCCCNCCCCNCCCNCCOP(=O)(O)OCCCCCCCC,0.95,25.0,30.0,30.0,1.0,11.93829584,4.105803312594081,1.791759469228055,8.3055087332,5.9914645471,2.0,8,6.494986060688496,0.0,4,0,0,False,False,True,True,False,False,False,True,False,0.16763966577642503
CCCCCCCCCOP(=O)(O)OCCNCCCNCCCCNCCCNCCOP(=O)(O)OCCCCCCCCC,0.95,25.0,30.0,30.0,1.0,12.43607231,4.145993517896343,1.791759469228055,8.3456976216,5.9914645471,2.0,9,6.5365017244940855,0.0,4,0,0,False,False,True,True,False,False,False,True,False,0.16763966577642503
CCCCCCCCCCOP(=O)(O)OCCNCCCNCCCCNCCCNCCOP(=O)(O)OCCCCCCCCCC,0.95,25.0,30.0,30.0,1.0,12.93384878,4.184630686507849,1.791759469228055,8.3843358573,5.9914645471,2.0,10,6.576362320957521,0.0,4,0,0,False,False,True,True,False,False,False,True,False,0.16763966577642503
CCCCCCCCCCCOP(=O)(O)OCCNCCCNCCCCNCCCNCCOP(=O)(O)OCCCCCCCCCCC,0.95,25.0,30.0,30.0,1.0,13.43162525,4.221830391679576,1.791759469228055,8.4215365516,5.9914645471,2.0,11,6.614694768629277,0.0,4,0,0,False,False,True,True,False,False,False,True,False,0.16763966577642503
CCCCCCCCCCCCOP(=O)(O)OCCNCCCNCCCCNCCCNCCOP(=O)(O)OCCCCCCCCCCCC,0.95,25.0,30.0,30.0,1.0,13.92940172,4.257695767115938,1.791759469228055,8.4574007233,5.9914645471,2.0,12,6.651611924467266,0.0,4,0,0,False,False,True,True,False,False,False,True,False,0.16763966577642503
CCCCCCCCCCCCCOP(=O)(O)OCCNCCCNCCCCNCCCNCCOP(=O)(O)OCCCCCCCCCCCCC,0.95,25.0,30.0,30.0,1.0,14.42717819,4.292319230530522,1.791759469228055,8.4920251158,5.9914645471,2.0,13,6.687214587287904,0.0,4,0,0,False,False,True,True,False,False,False,True,False,0.16763966577642503
CCCCCCCCCCCCCCOP(=O)(O)OCCNCCCNCCCCNCCCNCCOP(=O)(O)OCCCCCCCCCCCCCC,0.95,25.0,30.0,30.0,1.0,14.92495466,4.325783918660562,1.791759469228055,8.5254886885,5.9914645471,2.0,14,6.721593156648646,0.0,4,0,0,False,False,True,True,False,False,False,True,False,0.16763966577642503
CCCCCCCCCCCCCCCOP(=O)(O)OCCNCCCNCCCCNCCCNCCOP(=O)(O)OCCCCCCCCCCCCCCC,0.95,25.0,30.0,30.0,1.0,15.42273113,4.35816488983291,1.791759469228055,8.5578705355,5.9914645471,2.0,15,6.754829015917307,0.0,4,0,0,False,False,True,True,False,False,False,True,False,0.16763966577642503
CCCCCCCCCCCCCCCCOP(=O)(O)OCCNCCCNCCCCNCCCNCCOP(=O)(O)OCCCCCCCCCCCCCCCC,0.95,25.0,30.0,30.0,1.0,15.9205076,4.389530137850567,1.791759469228055,8.5892347443,5.9914645471,2.0,16,6.786995692791242,0.0,4,0,0,False,False,True,True,False,False,False,True,False,0.16763966577642503
CCCCOP(=O)(O)OCCN(C)CCN(CCNC)CCN(C)CCOP(=O)(O)OCCCC,0.95,25.0,30.0,30.0,1.0,9.698301719,3.901801111324016,1.791759469228055,8.1015050053,5.9914645471,2.0,4,6.30918892140139,0.0,4,0,0,False,False,True,True,False,False,False,True,False,0.16763966577642503
CCCCCOP(=O)(O)OCCN(C)CCN(CCNC)CCN(C)CCOP(=O)(O)OCCCCC,0.95,25.0,30.0,30.0,1.0,10.19607819,3.9508665503470457,1.791759469228055,8.1505718023,5.9914645471,2.0,5,6.358973342371787,0.0,4,0,0,False,False,True,True,False,False,False,True,False,0.16763966577642503
CCCCCCOP(=O)(O)OCCN(C)CCN(CCNC)CCN(C)CCOP(=O)(O)OCCCCCC,0.95,25.0,30.0,30.0,1.0,10.69385466,3.997636750017804,1.791759469228055,8.1973404822,5.9914645471,2.0,6,6.406396370796463,0.0,4,0,0,False,False,True,True,False,False,False,True,False,0.16763966577642503
CCCCCCCOP(=O)(O)OCCN(C)CCN(CCNC)CCN(C)CCOP(=O)(O)OCCCCCCC,0.95,25.0,30.0,30.0,1.0,11.19163113,4.042316886839316,1.791759469228055,8.2420218655,5.9914645471,2.0,7,6.451671911756734,0.0,4,0,0,False,False,True,True,False,False,False,True,False,0.16763966577642503
CCCCCCCCOP(=O)(O)OCCN(C)CCN(CCNC)CCN(C)CCOP(=O)(O)OCCCCCCCC,0.95,25.0,30.0,30.0,1.0,11.6894076,4.085085798514572,1.791759469228055,8.2847919194,5.9914645471,2.0,8,6.494986060688496,0.0,4,0,0,False,False,True,True,False,False,False,True,False,0.16763966577642503
CCCCCCCCCOP(=O)(O)OCCN(C)CCN(CCNC)CCN(C)CCOP(=O)(O)OCCCCCCCCC,0.95,25.0,30.0,30.0,1.0,12.18718407,4.1261003078295575,1.791759469228055,8.3258050572,5.9914645471,2.0,9,6.5365017244940855,0.0,4,0,0,False,False,True,True,False,False,False,True,False,0.16763966577642503
CCCCCCCCCCOP(=O)(O)OCCN(C)CCN(CCNC)CCN(C)CCOP(=O)(O)OCCCCCCCCCC,0.95,25.0,30.0,30.0,1.0,12.68496054,4.165498694057993,1.791759469228055,8.3652045061,5.9914645471,2.0,10,6.576362320957521,0.0,4,0,0,False,False,True,True,False,False,False,True,False,0.16763966577642503
CCCCCCCCCCCOP(=O)(O)OCCN(C)CCN(CCNC)CCN(C)CCOP(=O)(O)OCCCCCCCCCCC,0.95,25.0,30.0,30.0,1.0,13.18273701,4.203403506005414,1.791759469228055,8.4031080601,5.9914645471,2.0,11,6.614694768629277,0.0,4,0,0,False,False,True,True,False,False,False,True,False,0.16763966577642503
CCCCCCCCCCCCOP(=O)(O)OCCN(C)CCN(CCNC)CCN(C)CCOP(=O)(O)OCCCCCCCCCCCC,0.95,25.0,30.0,30.0,1.0,13.68051348,4.2399238610648,1.791759469228055,8.4396294087,5.9914645471,2.0,12,6.651611924467266,0.0,4,0,0,False,False,True,True,False,False,False,True,False,0.16763966577642503
CCCCCCCCCCCCCOP(=O)(O)OCCN(C)CCN(CCNC)CCN(C)CCOP(=O)(O)OCCCCCCCCCCCCC,0.95,25.0,30.0,30.0,1.0,14.17828995,4.275157339018623,1.791759469228055,8.4748617249,5.9914645471,2.0,13,6.687214587287904,0.0,4,0,0,False,False,True,True,False,False,False,True,False,0.16763966577642503
CCCCCCCCCCCCCCOP(=O)(O)OCCN(C)CCN(CCNC)CCN(C)CCOP(=O)(O)OCCCCCCCCCCCCCC,0.95,25.0,30.0,30.0,1.0,14.67606642,4.309191553396879,1.791759469228055,8.5088968719,5.9914645471,2.0,14,6.721593156648646,0.0,4,0,0,False,False,True,True,False,False,False,True,False,0.16763966577642503
CCCCCCCCCCCCCCCOP(=O)(O)OCCN(C)CCN(CCNC)CCN(C)CCOP(=O)(O)OCCCCCCCCCCCCCCC,0.95,25.0,30.0,30.0,1.0,15.17384289,4.342105464107576,1.791759469228055,8.5418097036,5.9914645471,2.0,15,6.754829015917307,0.0,4,0,0,False,False,True,True,False,False,False,True,False,0.16763966577642503
CCCCCCCCCCCCCCCCOP(=O)(O)OCCN(C)CCN(CCNC)CCN(C)CCOP(=O)(O)OCCCCCCCCCCCCCCCC,0.95,25.0,30.0,30.0,1.0,15.67161936,4.37397048083421,1.791759469228055,8.5736755991,5.9914645471,2.0,16,6.786995692791242,0.0,4,0,0,False,False,True,True,False,False,False,True,False,0.16763966577642503
CCCCOP(=O)(O)OCCNCCN(CCN)CCNCCOP(=O)(O)OCCCC,0.95,25.0,30.0,30.0,1.0,8.951637014,3.823370684353169,1.791759469228055,8.0230771812,5.9914645471,2.0,4,6.229532178267265,0.0,4,0,0,False,False,True,True,False,False,False,True,False,0.16763966577642503
CCCCCOP(=O)(O)OCCNCCN(CCN)CCNCCOP(=O)(O)OCCCCC,0.95,25.0,30.0,30.0,1.0,9.449413484,3.8763350470777818,1.791759469228055,8.0760397639,5.9914645471,2.0,5,6.283335334631217,0.0,4,0,0,False,False,True,True,False,False,False,True,False,0.16763966577642503
CCCCCCOP(=O)(O)OCCNCCN(CCN)CCNCCOP(=O)(O)OCCCCCC,0.95,25.0,30.0,30.0,1.0,9.947189954,3.926634727768696,1.791759469228055,8.1263407957,5.9914645471,2.0,6,6.3343909109689935,0.0,4,0,0,False,False,True,True,False,False,False,True,False,0.16763966577642503
CCCCCCCOP(=O)(O)OCCNCCN(CCN)CCNCCOP(=O)(O)OCCCCCCC,0.95,25.0,30.0,30.0,1.0,10.44496642,3.974525056241923,1.791759469228055,8.174229531,5.9914645471,2.0,7,6.38296594819876,0.0,4,0,0,False,False,True,True,False,False,False,True,False,0.16763966577642503
CCCCCCCCOP(=O)(O)OCCNCCN(CCN)CCNCCOP(=O)(O)OCCCCCCCC,0.95,25.0,30.0,30.0,1.0,10.94274289,4.020226336554273,1.791759469228055,8.2199320525,5.9914645471,2.0,8,6.429290353720401,0.0,4,0,0,False,False,True,True,False,False,False,True,False,0.16763966577642503
CCCCCCCCCOP(=O)(O)OCCNCCN(CCN)CCNCCOP(=O)(O)OCCCCCCCCC,0.95,25.0,30.0,30.0,1.0,11.44051936,4.063929972298715,1.791759469228055,8.2636342461,5.9914645471,2.0,9,6.473563482329777,0.0,4,0,0,False,False,True,True,False,False,False,True,False,0.16763966577642503
CCCCCCCCCCOP(=O)(O)OCCNCCN(CCN)CCNCCOP(=O)(O)OCCCCCCCCCC,0.95,25.0,30.0,30.0,1.0,11.93829584,4.105803312594081,1.791759469228055,8.3055087332,5.9914645471,2.0,10,6.515959320913711,0.0,4,0,0,False,False,True,True,False,False,False,True,False,0.16763966577642503
CCCCCCCCCCCOP(=O)(O)OCCNCCN(CCN)CCNCCOP(=O)(O)OCCCCCCCCCCC,0.95,25.0,30.0,30.0,1.0,12.43607231,4.145993517896343,1.791759469228055,8.3456976216,5.9914645471,2.0,11,6.556630617972567,0.0,4,0,0,False,False,True,True,False,False,False,True,False,0.16763966577642503
CCCCCCCCCCCCOP(=O)(O)OCCNCCN(CCN)CCNCCOP(=O)(O)OCCCCCCCCCCCC,0.95,25.0,30.0,30.0,1.0,12.93384878,4.184630686507849,1.791759469228055,8.3843358573,5.9914645471,2.0,12,6.595712205617421,0.0,4,0,0,False,False,True,True,False,False,False,True,False,0.16763966577642503
CCCCCCCCCCCCCOP(=O)(O)OCCNCCN(CCN)CCNCCOP(=O)(O)OCCCCCCCCCCCCC,0.95,25.0,30.0,30.0,1.0,13.43162525,4.221830391679576,1.791759469228055,8.4215365516,5.9914645471,2.0,13,6.633323696424421,0.0,4,0,0,False,False,True,True,False,False,False,True,False,0.16763966577642503
CCCCCCCCCCCCCCOP(=O)(O)OCCNCCN(CCN)CCNCCOP(=O)(O)OCCCCCCCCCCCCCC,0.95,25.0,30.0,30.0,1.0,13.92940172,4.257695767115938,1.791759469228055,8.4574007233,5.9914645471,2.0,14,6.669571691210146,0.0,4,0,0,False,False,True,True,False,False,False,True,False,0.16763966577642503
CCCCCCCCCCCCCCCOP(=O)(O)OCCNCCN(CCN)CCNCCOP(=O)(O)OCCCCCCCCCCCCCCC,0.95,25.0,30.0,30.0,1.0,14.42717819,4.292319230530522,1.791759469228055,8.4920251158,5.9914645471,2.0,15,6.704551600447475,0.0,4,0,0,False,False,True,True,False,False,False,True,False,0.16763966577642503
CCCCCCCCCCCCCCCCOP(=O)(O)OCCNCCN(CCN)CCNCCOP(=O)(O)OCCCCCCCCCCCCCCCC,0.95,25.0,30.0,30.0,1.0,14.92495466,4.325783918660562,1.791759469228055,8.5254886885,5.9914645471,2.0,16,6.738349157720951,0.0,4,0,0,False,False,True,True,False,False,False,True,False,0.16763966577642503
CCCCOP(=O)(O)OCCNCCNCCNCCNCCNCCOP(=O)(O)OCCCC,0.95,25.0,30.0,30.0,1.0,9.715832308,3.9035706152095098,1.791759469228055,8.1032764688,5.9914645471,2.0,4,6.310984981823162,0.0,5,0,0,False,False,True,True,False,False,False,True,False,0.16763966577642503
CCCCCOP(=O)(O)OCCNCCNCCNCCNCCNCCOP(=O)(O)OCCCCC,0.95,25.0,30.0,30.0,1.0,10.21360878,3.952551399732075,1.791759469228055,8.1522556345,5.9914645471,2.0,5,6.360682250729771,0.0,5,0,0,False,False,True,True,False,False,False,True,False,0.16763966577642503
CCCCCCOP(=O)(O)OCCNCCNCCNCCNCCNCCOP(=O)(O)OCCCCCC,0.95,25.0,30.0,30.0,1.0,10.71138525,3.9992446748880974,1.791759469228055,8.1989501881,5.9914645471,2.0,6,6.40802619360887,0.0,5,0,0,False,False,True,True,False,False,False,True,False,0.16763966577642503
CCCCCCCOP(=O)(O)OCCNCCNCCNCCNCCNCCOP(=O)(O)OCCCCCCC,0.95,25.0,30.0,30.0,1.0,11.20916172,4.043854604722172,1.791759469228055,8.2435586554,5.9914645471,2.0,7,6.453229645160151,0.0,5,0,0,False,False,True,True,False,False,False,True,False,0.16763966577642503
CCCCCCCCOP(=O)(O)OCCNCCNCCNCCNCCNCCOP(=O)(O)OCCCCCCCC,0.95,25.0,30.0,30.0,1.0,11.70693819,4.086559183825585,1.791759469228055,8.2862644137,5.9914645471,2.0,8,6.496477811794428,0.0,5,0,0,False,False,True,True,False,False,False,True,False,0.16763966577642503
CCCCCCCCCOP(=O)(O)OCCNCCNCCNCCNCCNCCOP(=O)(O)OCCCCCCCCC,0.95,25.0,30.0,30.0,1.0,12.20471466,4.127514527297998,1.791759469228055,8.3272184234,5.9914645471,2.0,9,6.537932855896884,0.0,5,0,0,False,False,True,True,False,False,False,True,False,0.16763966577642503
CCCCCCCCCCOP(=O)(O)OCCNCCNCCNCCNCCNCCOP(=O)(O)OCCCCCCCCCC,0.95,25.0,30.0,30.0,1.0,12.70249113,4.16685831601094,1.791759469228055,8.3665633063,5.9914645471,2.0,10,6.577737567027306,0.0,5,0,0,False,False,True,True,False,False,False,True,False,0.16763966577642503
CCCCCCCCCCCOP(=O)(O)OCCNCCNCCNCCNCCNCCOP(=O)(O)OCCCCCCCCCCC,0.95,25.0,30.0,30.0,1.0,13.2002676,4.2047125893408195,1.791759469228055,8.4044185926,5.9914645471,2.0,11,6.616018329952132,0.0,5,0,0,False,False,True,True,False,False,False,True,False,0.16763966577642503
CCCCCCCCCCCCOP(=O)(O)OCCNCCNCCNCCNCCNCCOP(=O)(O)OCCCCCCCCCCCC,0.95,25.0,30.0,30.0,1.0,13.69804407,4.241186028281059,1.791759469228055,8.4408908133,5.9914645471,2.0,12,6.652887545181864,0.0,5,0,0,False,False,True,True,False,False,False,True,False,0.16763966577642503
CCCCCCCCCCCCCOP(=O)(O)OCCNCCNCCNCCNCCNCCOP(=O)(O)OCCCCCCCCCCCCC,0.95,25.0,30.0,30.0,1.0,14.19582054,4.276375836610416,1.791759469228055,8.4760815716,5.9914645471,2.0,13,6.688445618905689,0.0,5,0,0,False,False,True,True,False,False,False,True,False,0.16763966577642503
CCCCCCCCCCCCCCOP(=O)(O)OCCNCCNCCNCCNCCNCCOP(=O)(O)OCCCCCCCCCCCCCC,0.95,25.0,30.0,30.0,1.0,14.69359701,4.310369302152258,1.791759469228055,8.5100739094,5.9914645471,2.0,14,6.722782611096622,0.0,5,0,0,False,False,True,True,False,False,False,True,False,0.16763966577642503
CCCCCCCCCCCCCCCOP(=O)(O)OCCNCCNCCNCCNCCNCCOP(=O)(O)OCCCCCCCCCCCCCCC,0.95,25.0,30.0,30.0,1.0,15.19137348,4.343245101267056,1.791759469228055,8.5429506028,5.9914645471,2.0,15,6.755979609916049,0.0,5,0,0,False,False,True,True,False,False,False,True,False,0.16763966577642503
CCCCCCCCCCCCCCCCOP(=O)(O)OCCNCCNCCNCCNCCNCCOP(=O)(O)OCCCCCCCCCCCCCCCC,0.95,25.0,30.0,30.0,1.0,15.68914995,4.3750743956423905,1.791759469228055,8.5747788473,5.9914645471,2.0,16,6.788109885212942,0.0,5,0,0,False,False,True,True,False,False,False,True,False,0.16763966577642503
CCCCCOP(=O)(O)OCCN(CCOP(=O)(O)OCCCCC)CCN1CCN(CCOP(=O)(O)OCCCCC)CC1,0.95,25.0,30.0,30.0,1.0,12.57454267,4.156892249057243,1.791759469228055,8.3565971179,5.9914645471,3.0,5,6.569071799364147,0.0,3,0,0,False,False,True,True,False,False,False,True,False,0.16763966577642503
CCCCCCOP(=O)(O)OCCN(CCOP(=O)(O)OCCCCCC)CCN1CCN(CCOP(=O)(O)OCCCCCC)CC1,0.95,25.0,30.0,30.0,1.0,13.32120737,4.213697281576479,1.791759469228055,8.413402554,5.9914645471,3.0,6,6.626438239991276,0.0,3,0,0,False,False,True,True,False,False,False,True,False,0.16763966577642503
CCCCCCCOP(=O)(O)OCCN(CCOP(=O)(O)OCCCCCCC)CCN1CCN(CCOP(=O)(O)OCCCCCCC)CC1,0.95,25.0,30.0,30.0,1.0,14.06787208,4.267448214373314,1.791759469228055,8.4671538474,5.9914645471,3.0,7,6.680691553817302,0.0,3,0,0,False,False,True,True,False,False,False,True,False,0.16763966577642503
CCCCCCCCOP(=O)(O)OCCN(CCOP(=O)(O)OCCCCCCCC)CCN1CCN(CCOP(=O)(O)OCCCCCCCC)CC1,0.95,25.0,30.0,30.0,1.0,14.81453678,4.318456762910658,1.791759469228055,8.5181627213,5.9914645471,3.0,8,6.732152301901144,0.0,3,0,0,False,False,True,True,False,False,False,True,False,0.16763966577642503
CCCCCCCCCOP(=O)(O)OCCN(CCOP(=O)(O)OCCCCCCCCC)CCN1CCN(CCOP(=O)(O)OCCCCCCCCC)CC1,0.95,25.0,30.0,30.0,1.0,15.56120149,4.366989230633092,1.791759469228055,8.5666935795,5.9914645471,3.0,9,6.781093947637491,0.0,3,0,0,False,False,True,True,False,False,False,True,False,0.16763966577642503
CCCCCCCCCCOP(=O)(O)OCCN(CCOP(=O)(O)OCCCCCCCCCC)CCN1CCN(CCOP(=O)(O)OCCCCCCCCCC)CC1,0.95,25.0,30.0,30.0,1.0,16.3078662,4.413274919130455,1.791759469228055,8.6129796214,5.9914645471,3.0,10,6.8277516538782,0.0,3,0,0,False,False,True,True,False,False,False,True,False,0.16763966577642503
CCCCCCCCCCCOP(=O)(O)OCCN(CCOP(=O)(O)OCCCCCCCCCCC)CCN1CCN(CCOP(=O)(O)OCCCCCCCCCCC)CC1,0.95,25.0,30.0,30.0,1.0,17.0545309,4.457512682291707,1.791759469228055,8.657217708,5.9914645471,3.0,11,6.872329117403332,0.0,3,0,0,False,False,True,True,False,False,False,True,False,0.16763966577642503
CCCCCCCCCCCCOP(=O)(O)OCCN(CCOP(=O)(O)OCCCCCCCCCCCC)CCN1CCN(CCOP(=O)(O)OCCCCCCCCCCCC)CC1,0.95,25.0,30.0,30.0,1.0,17.80119561,4.499876090902148,1.791759469228055,8.6995814127,5.9914645471,3.0,12,6.915003943818047,0.0,3,0,0,False,False,True,True,False,False,False,True,False,0.16763966577642503
CCCCCCCCCCCCCOP(=O)(O)OCCN(CCOP(=O)(O)OCCCCCCCCCCCCC)CCN1CCN(CCOP(=O)(O)OCCCCCCCCCCCCC)CC1,0.95,25.0,30.0,30.0,1.0,18.54786031,4.540517541538703,1.791759469228055,8.7402231363,5.9914645471,3.0,13,6.955931921652403,0.0,3,0,0,False,False,True,True,False,False,False,True,False,0.16763966577642503
CCCCCCCCCCCCCCOP(=O)(O)OCCN(CCOP(=O)(O)OCCCCCCCCCCCCCC)CCN1CCN(CCOP(=O)(O)OCCCCCCCCCCCCCC)CC1,0.95,25.0,30.0,30.0,1.0,19.29452502,4.579571570375902,1.791759469228055,8.7792774167,5.9914645471,3.0,14,6.995250455588522,0.0,3,0,0,False,False,True,True,False,False,False,True,False,0.16763966577642503
CCCCCCCCCCCCCCCOP(=O)(O)OCCN(CCOP(=O)(O)OCCCCCCCCCCCCCCC)CCN1CCN(CCOP(=O)(O)OCCCCCCCCCCCCCCC)CC1,0.95,25.0,30.0,30.0,1.0,20.04118972,4.617157535758262,1.791759469228055,8.8168621334,5.9914645471,3.0,15,7.033081349839141,0.0,3,0,0,False,False,True,True,False,False,False,True,False,0.16763966577642503
CCCCCCCCCCCCCCCCOP(=O)(O)OCCN(CCOP(=O)(O)OCCCCCCCCCCCCCCCC)CCN1CCN(CCOP(=O)(O)OCCCCCCCCCCCCCCCC)CC1,0.95,25.0,30.0,30.0,1.0,20.78785443,4.653381822366398,1.791759469228055,8.8530866892,5.9914645471,3.0,16,7.0695330839149335,0.0,3,0,0,False,False,True,True,False,False,False,True,False,0.16763966577642503
CCCCCOP(=O)(O)OCCN(CCCN(C)C)CCCN(CCOP(=O)(O)OCCCCC)CCOP(=O)(O)OCCCCC,0.95,25.0,30.0,30.0,1.0,13.10809006,4.197810037925413,1.791759469228055,8.3975151113,5.9914645471,3.0,5,6.610397211377042,0.0,3,0,0,False,False,True,True,False,False,False,True,False,0.16763966577642503
CCCCCCOP(=O)(O)OCCN(CCCN(C)C)CCCN(CCOP(=O)(O)OCCCCCC)CCOP(=O)(O)OCCCCCC,0.95,25.0,30.0,30.0,1.0,13.85475476,4.2523986680455605,1.791759469228055,8.4521041188,5.9914645471,3.0,6,6.665504083814798,0.0,3,0,0,False,False,True,True,False,False,False,True,False,0.16763966577642503
CCCCCCCOP(=O)(O)OCCN(CCCN(C)C)CCCN(CCOP(=O)(O)OCCCCCCC)CCOP(=O)(O)OCCCCCCC,0.95,25.0,30.0,30.0,1.0,14.60141947,4.304160998740222,1.791759469228055,8.5038667881,5.9914645471,3.0,7,6.717732141001143,0.0,3,0,0,False,False,True,True,False,False,False,True,False,0.16763966577642503
CCCCCCCCOP(=O)(O)OCCN(CCCN(C)C)CCCN(CCOP(=O)(O)OCCCCCCCC)CCOP(=O)(O)OCCCCCCCC,0.95,25.0,30.0,30.0,1.0,15.34808417,4.353375338967438,1.791759469228055,8.5530795055,5.9914645471,3.0,8,6.767367290681116,0.0,3,0,0,False,False,True,True,False,False,False,True,False,0.16763966577642503
CCCCCCCCCOP(=O)(O)OCCN(CCCN(C)C)CCCN(CCOP(=O)(O)OCCCCCCCCC)CCOP(=O)(O)OCCCCCCCCC,0.95,25.0,30.0,30.0,1.0,16.09474888,4.400280813742649,1.791759469228055,8.5999853467,5.9914645471,3.0,9,6.814654855866124,0.0,3,0,0,False,False,True,True,False,False,False,True,False,0.16763966577642503
CCCCCCCCCCOP(=O)(O)OCCN(CCCN(C)C)CCCN(CCOP(=O)(O)OCCCCCCCCCC)CCOP(=O)(O)OCCCCCCCCCC,0.95,25.0,30.0,30.0,1.0,16.84141358,4.445084386967334,1.791759469228055,8.6447892548,5.9914645471,3.0,10,6.859806910403356,0.0,3,0,0,False,False,True,True,False,False,False,True,False,0.16763966577642503
CCCCCCCCCCCOP(=O)(O)OCCN(CCCN(C)C)CCCN(CCOP(=O)(O)OCCCCCCCCCCC)CCOP(=O)(O)OCCCCCCCCCCC,0.95,25.0,30.0,30.0,1.0,17.58807829,4.4879663863546275,1.791759469228055,8.6876715604,5.9914645471,3.0,11,6.9030080285988715,0.0,3,0,0,False,False,True,True,False,False,False,True,False,0.16763966577642503
CCCCCCCCCCCCOP(=O)(O)OCCN(CCCN(C)C)CCCN(CCOP(=O)(O)OCCCCCCCCCCCC)CCOP(=O)(O)OCCCCCCCCCCCC,0.95,25.0,30.0,30.0,1.0,18.334743,4.5290848832811035,1.791759469228055,8.7287903388,5.9914645471,3.0,12,6.944419843353559,0.0,3,0,0,False,False,True,True,False,False,False,True,False,0.16763966577642503
CCCCCCCCCCCCCOP(=O)(O)OCCN(CCCN(C)C)CCCN(CCOP(=O)(O)OCCCCCCCCCCCCC)CCOP(=O)(O)OCCCCCCCCCCCCC,0.95,25.0,30.0,30.0,1.0,19.0814077,4.568579212436623,1.791759469228055,8.7682849283,5.9914645471,3.0,13,6.984184697350438,0.0,3,0,0,False,False,True,True,False,False,False,True,False,0.16763966577642503
CCCCCCCCCCCCCCOP(=O)(O)OCCN(CCCN(C)C)CCCN(CCOP(=O)(O)OCCCCCCCCCCCCCC)CCOP(=O)(O)OCCCCCCCCCCCCCC,0.95,25.0,30.0,30.0,1.0,19.82807241,4.606572822333649,1.791759469228055,8.8062772806,5.9914645471,3.0,14,7.022428595581443,0.0,3,0,0,False,False,True,True,False,False,False,True,False,0.16763966577642503
CCCCCCCCCCCCCCCOP(=O)(O)OCCN(CCCN(C)C)CCCN(CCOP(=O)(O)OCCCCCCCCCCCCCCC)CCOP(=O)(O)OCCCCCCCCCCCCCCC,0.95,25.0,30.0,30.0,1.0,20.57473711,4.643175598943923,1.791759469228055,8.8428803346,5.9914645471,3.0,15,7.059263613745593,0.0,3,0,0,False,False,True,True,False,False,False,True,False,0.16763966577642503
CCCCCCCCCCCCCCCCOP(=O)(O)OCCN(CCCN(C)C)CCCN(CCOP(=O)(O)OCCCCCCCCCCCCCCCC)CCOP(=O)(O)OCCCCCCCCCCCCCCCC,0.95,25.0,30.0,30.0,1.0,21.32140182,4.678485785940717,1.791759469228055,8.8781907793,5.9914645471,3.0,16,7.094789878587617,0.0,3,0,0,False,False,True,True,False,False,False,True,False,0.16763966577642503
CCCCOP(=O)(O)OCCNCCCN(C)CCCN(CCOP(=O)(O)OCCCC)CCOP(=O)(O)OCCCC,0.95,25.0,30.0,30.0,1.0,12.11253712,4.120055933750098,1.791759469228055,8.3197612456,5.9914645471,3.0,4,6.511214728276645,0.0,3,0,0,False,False,True,True,False,False,False,True,False,0.16763966577642503
CCCCCOP(=O)(O)OCCNCCCN(C)CCCN(CCOP(=O)(O)OCCCCC)CCOP(=O)(O)OCCCCC,0.95,25.0,30.0,30.0,1.0,12.85920182,4.178930918028792,1.791759469228055,8.3786366223,5.9914645471,3.0,5,6.571896454185417,0.0,3,0,0,False,False,True,True,False,False,False,True,False,0.16763966577642503
CCCCCCOP(=O)(O)OCCNCCCN(C)CCCN(CCOP(=O)(O)OCCCCCC)CCOP(=O)(O)OCCCCCC,0.95,25.0,30.0,30.0,1.0,13.60586653,4.234531525132799,1.791759469228055,8.4342375787,5.9914645471,3.0,6,6.629105624481172,0.0,3,0,0,False,False,True,True,False,False,False,True,False,0.16763966577642503
CCCCCCCOP(=O)(O)OCCNCCCN(C)CCCN(CCOP(=O)(O)OCCCCCCC)CCOP(=O)(O)OCCCCCCC,0.95,25.0,30.0,30.0,1.0,14.35253123,4.2872028586185715,1.791759469228055,8.4869071648,5.9914645471,3.0,7,6.683218257238815,0.0,3,0,0,False,False,True,True,False,False,False,True,False,0.16763966577642503
CCCCCCCCOP(=O)(O)OCCNCCCN(C)CCCN(CCOP(=O)(O)OCCCCCCCC)CCOP(=O)(O)OCCCCCCCC,0.95,25.0,30.0,30.0,1.0,15.09919594,4.337238186510359,1.791759469228055,8.5369428762,5.9914645471,3.0,8,6.734552420201888,0.0,3,0,0,False,False,True,True,False,False,False,True,False,0.16763966577642503
CCCCCCCCCOP(=O)(O)OCCNCCCN(C)CCCN(CCOP(=O)(O)OCCCCCCCCC)CCOP(=O)(O)OCCCCCCCCC,0.95,25.0,30.0,30.0,1.0,15.84586064,4.384888824697312,1.791759469228055,8.5845938627,5.9914645471,3.0,9,6.783379559262401,0.0,3,0,0,False,False,True,True,False,False,False,True,False,0.16763966577642503
CCCCCCCCCCOP(=O)(O)OCCNCCCN(C)CCCN(CCOP(=O)(O)OCCCCCCCCCC)CCOP(=O)(O)OCCCCCCCCCC,0.95,25.0,30.0,30.0,1.0,16.59252535,4.430371780194345,1.791759469228055,8.630077135,5.9914645471,3.0,10,6.829933187248318,0.0,3,0,0,False,False,True,True,False,False,False,True,False,0.16763966577642503
CCCCCCCCCCCOP(=O)(O)OCCNCCCN(C)CCCN(CCOP(=O)(O)OCCCCCCCCCCC)CCOP(=O)(O)OCCCCCCCCCCC,0.95,25.0,30.0,30.0,1.0,17.33919005,4.4738757210029245,1.791759469228055,8.6735813662,5.9914645471,3.0,11,6.874415638370376,0.0,3,0,0,False,False,True,True,False,False,False,True,False,0.16763966577642503
CCCCCCCCCCCCOP(=O)(O)OCCNCCCN(C)CCCN(CCOP(=O)(O)OCCCCCCCCCCCC)CCOP(=O)(O)OCCCCCCCCCCCC,0.95,25.0,30.0,30.0,1.0,18.08585476,4.515565709456396,1.791759469228055,8.7152699802,5.9914645471,3.0,12,6.917003383133818,0.0,3,0,0,False,False,True,True,False,False,False,True,False,0.16763966577642503
CCCCCCCCCCCCCOP(=O)(O)OCCNCCCN(C)CCCN(CCOP(=O)(O)OCCCCCCCCCCCCC)CCOP(=O)(O)OCCCCCCCCCCCCC,0.95,25.0,30.0,30.0,1.0,18.83251947,4.555586979618804,1.791759469228055,8.7552915599,5.9914645471,3.0,13,6.957851256872275,0.0,3,0,0,False,False,True,True,False,False,False,True,False,0.16763966577642503
CCCCCCCCCCCCCCOP(=O)(O)OCCNCCCN(C)CCCN(CCOP(=O)(O)OCCCCCCCCCCCCCC)CCOP(=O)(O)OCCCCCCCCCCCCCC,0.95,25.0,30.0,30.0,1.0,19.57918417,4.594067992580891,1.791759469228055,8.7937728597,5.9914645471,3.0,14,6.997095857940243,0.0,3,0,0,False,False,True,True,False,False,False,True,False,0.16763966577642503
CCCCCCCCCCCCCCCOP(=O)(O)OCCNCCCN(C)CCCN(CCOP(=O)(O)OCCCCCCCCCCCCCCC)CCOP(=O)(O)OCCCCCCCCCCCCCCC,0.95,25.0,30.0,30.0,1.0,20.32584888,4.6311229252608435,1.791759469228055,8.8308280577,5.9914645471,3.0,15,7.034858303853832,0.0,3,0,0,False,False,True,True,False,False,False,True,False,0.16763966577642503
CCCCCCCCCCCCCCCCOP(=O)(O)OCCNCCCN(C)CCCN(CCOP(=O)(O)OCCCCCCCCCCCCCCCC)CCOP(=O)(O)OCCCCCCCCCCCCCCCC,0.95,25.0,30.0,30.0,1.0,21.07251358,4.666853709558361,1.791759469228055,8.8665590893,5.9914645471,3.0,16,7.071246485665226,0.0,3,0,0,False,False,True,True,False,False,False,True,False,0.16763966577642503
CCCCOP(=O)(O)OCCNCCCN1CCN(CCCN(CCOP(=O)(O)OCCCC)CCOP(=O)(O)OCCCC)CC1,0.95,25.0,30.0,30.0,1.0,13.08984973,4.196438478097587,1.791759469228055,8.3961435763,5.9914645471,3.0,4,6.609012259170931,0.0,4,0,0,False,False,True,True,False,False,False,True,False,0.16763966577642503
CCCCCOP(=O)(O)OCCNCCCN1CCN(CCCN(CCOP(=O)(O)OCCCCC)CCOP(=O)(O)OCCCCC)CC1,0.95,25.0,30.0,30.0,1.0,13.83651443,4.251100020238647,1.791759469228055,8.450805495,5.9914645471,3.0,5,6.664193435889258,0.0,4,0,0,False,False,True,True,False,False,False,True,False,0.16763966577642503
CCCCCCOP(=O)(O)OCCNCCCN1CCN(CCCN(CCOP(=O)(O)OCCCCCC)CCOP(=O)(O)OCCCCCC)CC1,0.95,25.0,30.0,30.0,1.0,14.58317914,4.302927902252979,1.791759469228055,8.5026337148,5.9914645471,3.0,6,6.716488230315186,0.0,4,0,0,False,False,True,True,False,False,False,True,False,0.16763966577642503
CCCCCCCOP(=O)(O)OCCNCCCN1CCN(CCCN(CCOP(=O)(O)OCCCCCCC)CCOP(=O)(O)OCCCCCCC)CC1,0.95,25.0,30.0,30.0,1.0,15.32984384,4.35220149416745,1.791759469228055,8.5519056809,5.9914645471,3.0,7,6.766183650111702,0.0,4,0,0,False,False,True,True,False,False,False,True,False,0.16763966577642503
CCCCCCCCOP(=O)(O)OCCNCCCN1CCN(CCCN(CCOP(=O)(O)OCCCCCCCC)CCOP(=O)(O)OCCCCCCCC)CC1,0.95,25.0,30.0,30.0,1.0,16.07650855,4.399160787477405,1.791759469228055,8.5988653401,5.9914645471,3.0,8,6.813525914886029,0.0,4,0,0,False,False,True,True,False,False,False,True,False,0.16763966577642503
CCCCCCCCCOP(=O)(O)OCCNCCCN1CCN(CCCN(CCOP(=O)(O)OCCCCCCCCC)CCOP(=O)(O)OCCCCCCCCC)CC1,0.95,25.0,30.0,30.0,1.0,16.82317325,4.444013460621782,1.791759469228055,8.6437183476,5.9914645471,3.0,9,6.858727836664471,0.0,4,0,0,False,False,True,True,False,False,False,True,False,0.16763966577642503
CCCCCCCCCCOP(=O)(O)OCCNCCCN1CCN(CCCN(CCOP(=O)(O)OCCCCCCCCCC)CCOP(=O)(O)OCCCCCCCCCC)CC1,0.95,25.0,30.0,30.0,1.0,17.56983796,4.486940435819636,1.791759469228055,8.6866456285,5.9914645471,3.0,10,6.90197460302311,0.0,4,0,0,False,False,True,True,False,False,False,True,False,0.16763966577642503
CCCCCCCCCCCOP(=O)(O)OCCNCCCN1CCN(CCCN(CCOP(=O)(O)OCCCCCCCCCCC)CCOP(=O)(O)OCCCCCCCCCCC)CC1,0.95,25.0,30.0,30.0,1.0,18.31650267,4.528100283106738,1.791759469228055,8.7278057569,5.9914645471,3.0,11,6.943428360571685,0.0,4,0,0,False,False,True,True,False,False,False,True,False,0.16763966577642503
CCCCCCCCCCCCOP(=O)(O)OCCNCCCN1CCN(CCCN(CCOP(=O)(O)OCCCCCCCCCCCC)CCOP(=O)(O)OCCCCCCCCCCCC)CC1,0.95,25.0,30.0,30.0,1.0,19.06316737,4.567632758554151,1.791759469228055,8.7673384921,5.9914645471,3.0,12,6.983231885556916,0.0,4,0,0,False,False,True,True,False,False,False,True,False,0.16763966577642503
CCCCCCCCCCCCCOP(=O)(O)OCCNCCCN1CCN(CCCN(CCOP(=O)(O)OCCCCCCCCCCCCC)CCOP(=O)(O)OCCCCCCCCCCCCC)CC1,0.95,25.0,30.0,30.0,1.0,19.80983208,4.605661669190433,1.791759469228055,8.8053661434,5.9914645471,3.0,13,7.021511551432155,0.0,4,0,0,False,False,True,True,False,False,False,True,False,0.16763966577642503
CCCCCCCCCCCCCCOP(=O)(O)OCCNCCCN1CCN(CCCN(CCOP(=O)(O)OCCCCCCCCCCCCCC)CCOP(=O)(O)OCCCCCCCCCCCCCC)CC1,0.95,25.0,30.0,30.0,1.0,20.55649678,4.6422972079372355,1.791759469228055,8.8420019592,5.9914645471,3.0,14,7.058379749032837,0.0,4,0,0,False,False,True,True,False,False,False,True,False,0.16763966577642503
CCCCCCCCCCCCCCCOP(=O)(O)OCCNCCCN1CCN(CCCN(CCOP(=O)(O)OCCCCCCCCCCCCCCC)CCOP(=O)(O)OCCCCCCCCCCCCCCC)CC1,0.95,25.0,30.0,30.0,1.0,21.30316149,4.677637882804019,1.791759469228055,8.8773428914,5.9914645471,3.0,15,7.09393687622499,0.0,4,0,0,False,False,True,True,False,False,False,True,False,0.16763966577642503
CCCCCCCCCCCCCCCCOP(=O)(O)OCCNCCCN1CCN(CCCN(CCOP(=O)(O)OCCCCCCCCCCCCCCCC)CCOP(=O)(O)OCCCCCCCCCCCCCCCC)CC1,0.95,25.0,30.0,30.0,1.0,22.04982619,4.711772109330445,1.791759469228055,8.9114773585,5.9914645471,3.0,16,7.128272985782219,0.0,4,0,0,False,False,True,True,False,False,False,True,False,0.16763966577642503
CCCCOP(=O)(O)OCCNCCNCCN(CCNCCOP(=O)(O)OCCCC)CCOP(=O)(O)OCCCC,0.85,25.0,30.0,30.0,1.0,12.13006771,4.12147872107946,1.791759469228055,8.3211831737,5.9914645471,3.0,4,6.533291621318392,0.0,4,0,0,False,False,True,True,False,False,False,True,False,1.652488273557922
CCCCCOP(=O)(O)OCCNCCNCCN(CCNCCOP(=O)(O)OCCCCC)CCOP(=O)(O)OCCCCC,0.95,25.0,30.0,30.0,1.0,12.87673241,4.180272411504766,1.791759469228055,8.3799773051,5.9914645471,3.0,5,6.592686935965254,0.0,4,0,0,False,False,True,True,False,False,False,True,False,0.16763966577642503
CCCCCCOP(=O)(O)OCCNCCNCCN(CCNCCOP(=O)(O)OCCCCCC)CCOP(=O)(O)OCCCCCC,0.95,25.0,30.0,30.0,1.0,13.62339712,4.235800512433697,1.791759469228055,8.4355057987,5.9914645471,3.0,6,6.648751362216851,0.0,4,0,0,False,False,True,True,False,False,False,True,False,0.16763966577642503
CCCCCCCOP(=O)(O)OCCNCCNCCN(CCNCCOP(=O)(O)OCCCCCCC)CCOP(=O)(O)OCCCCCCC,0.95,25.0,30.0,30.0,1.0,14.37006182,4.288406775597209,1.791759469228055,8.4881124149,5.9914645471,3.0,7,6.701838736984409,0.0,4,0,0,False,False,True,True,False,False,False,True,False,0.16763966577642503
CCCCCCCCOP(=O)(O)OCCNCCNCCN(CCNCCOP(=O)(O)OCCCCCCCC)CCOP(=O)(O)OCCCCCCCC,0.95,25.0,30.0,30.0,1.0,15.11672653,4.338383380938722,1.791759469228055,8.5380893383,5.9914645471,3.0,8,6.752249347883266,0.0,4,0,0,False,False,True,True,False,False,False,True,False,0.16763966577642503
CCCCCCCCCOP(=O)(O)OCCNCCNCCN(CCNCCOP(=O)(O)OCCCCCCCCC)CCOP(=O)(O)OCCCCCCCCC,0.95,25.0,30.0,30.0,1.0,15.86339123,4.3859807586864825,1.791759469228055,8.5856851375,5.9914645471,3.0,9,6.800240221743393,0.0,4,0,0,False,False,True,True,False,False,False,True,False,0.16763966577642503
CCCCCCCCCCOP(=O)(O)OCCNCCNCCN(CCNCCOP(=O)(O)OCCCCCCCCCC)CCOP(=O)(O)OCCCCCCCCCC,0.95,25.0,30.0,30.0,1.0,16.61005594,4.43141518763017,1.791759469228055,8.6311199122,5.9914645471,3.0,10,6.846033055020793,0.0,4,0,0,False,False,True,True,False,False,False,True,False,0.16763966577642503
CCCCCCCCCCCOP(=O)(O)OCCNCCNCCN(CCNCCOP(=O)(O)OCCCCCCCCCCC)CCOP(=O)(O)OCCCCCCCCCCC,0.95,25.0,30.0,30.0,1.0,17.35672064,4.474874731492371,1.791759469228055,8.6745797729,5.9914645471,3.0,11,6.889820406345769,0.0,4,0,0,False,False,True,True,False,False,False,True,False,0.16763966577642503
CCCCCCCCCCCCOP(=O)(O)OCCNCCNCCN(CCNCCOP(=O)(O)OCCCCCCCCCCCC)CCOP(=O)(O)OCCCCCCCCCCCC,0.95,25.0,30.0,30.0,1.0,18.10338535,4.51652394697588,1.791759469228055,8.7162292789,5.9914645471,3.0,12,6.931770589084221,0.0,4,0,0,False,False,True,True,False,False,False,True,False,0.16763966577642503
CCCCCCCCCCCCCOP(=O)(O)OCCNCCNCCN(CCNCCOP(=O)(O)OCCCCCCCCCCCCC)CCOP(=O)(O)OCCCCCCCCCCCCC,0.95,25.0,30.0,30.0,1.0,18.85005005,4.556507641299947,1.791759469228055,8.7562132415,5.9914645471,3.0,13,6.9720315782425555,0.0,4,0,0,False,False,True,True,False,False,False,True,False,0.16763966577642503
CCCCCCCCCCCCCCOP(=O)(O)OCCNCCNCCN(CCNCCOP(=O)(O)OCCCCCCCCCCCCCC)CCOP(=O)(O)OCCCCCCCCCCCCCC,0.95,25.0,30.0,30.0,1.0,19.59671476,4.5949539151560215,1.791759469228055,8.7946582475,5.9914645471,3.0,14,7.010734160800259,0.0,4,0,0,False,False,True,True,False,False,False,True,False,0.16763966577642503
CCCCCCCCCCCCCCCOP(=O)(O)OCCNCCNCCN(CCNCCOP(=O)(O)OCCCCCCCCCCCCCCC)CCOP(=O)(O)OCCCCCCCCCCCCCCC,0.95,25.0,30.0,30.0,1.0,20.34337947,4.631976634559461,1.791759469228055,8.8316812515,5.9914645471,3.0,15,7.047994498746667,0.0,4,0,0,False,False,True,True,False,False,False,True,False,0.16763966577642503
CCCCCCCCCCCCCCCCOP(=O)(O)OCCNCCNCCN(CCNCCOP(=O)(O)OCCCCCCCCCCCCCCCC)CCOP(=O)(O)OCCCCCCCCCCCCCCCC,0.95,25.0,30.0,30.0,1.0,21.09004417,4.667677466020286,1.791759469228055,8.8673823481,5.9914645471,3.0,16,7.083916231495881,0.0,4,0,0,False,False,True,True,False,False,False,True,False,0.16763966577642503
CCCCOP(=O)(O)OCCNCCCNCCCCN(CCCNCCOP(=O)(O)OCCCC)CCOP(=O)(O)OCCCC,0.95,25.0,30.0,30.0,1.0,13.12562065,4.199126459262457,1.791759469228055,8.3988307379,5.9914645471,3.0,4,6.592686935965254,0.0,4,0,0,False,False,True,True,False,False,False,True,False,0.16763966577642503
CCCCCOP(=O)(O)OCCNCCCNCCCCN(CCCNCCOP(=O)(O)OCCCCC)CCOP(=O)(O)OCCCCC,0.95,25.0,30.0,30.0,1.0,13.87228535,4.253645197520501,1.791759469228055,8.4533498952,5.9914645471,3.0,5,6.648751362216851,0.0,4,0,0,False,False,True,True,False,False,False,True,False,0.16763966577642503
CCCCCCOP(=O)(O)OCCNCCCNCCCCN(CCCNCCOP(=O)(O)OCCCCCC)CCOP(=O)(O)OCCCCCC,0.85,25.0,30.0,30.0,1.0,14.61895006,4.305344683638488,1.791759469228055,8.5050497575,5.9914645471,3.0,6,6.701838736984409,0.0,4,0,0,False,False,True,True,False,False,False,True,False,1.652488273557922
CCCCCCCOP(=O)(O)OCCNCCCNCCCCN(CCCNCCOP(=O)(O)OCCCCCCC)CCOP(=O)(O)OCCCCCCC,0.95,25.0,30.0,30.0,1.0,15.36561476,4.354502211853528,1.791759469228055,8.5542076264,5.9914645471,3.0,7,6.752249347883266,0.0,4,0,0,False,False,True,True,False,False,False,True,False,0.16763966577642503
CCCCCCCCOP(=O)(O)OCCNCCCNCCCCN(CCCNCCOP(=O)(O)OCCCCCCCC)CCOP(=O)(O)OCCCCCCCC,0.95,25.0,30.0,30.0,1.0,16.11227947,4.401356078345169,1.791759469228055,8.6010618018,5.9914645471,3.0,8,6.800240221743393,0.0,4,0,0,False,False,True,True,False,False,False,True,False,0.16763966577642503
CCCCCCCCCOP(=O)(O)OCCNCCCNCCCCN(CCCNCCOP(=O)(O)OCCCCCCCCC)CCOP(=O)(O)OCCCCCCCCC,0.95,25.0,30.0,30.0,1.0,16.85894417,4.44611256336788,1.791759469228055,8.6458168106,5.9914645471,3.0,9,6.846033055020793,0.0,4,0,0,False,False,True,True,False,False,False,True,False,0.16763966577642503
CCCCCCCCCCOP(=O)(O)OCCNCCCNCCCCN(CCCNCCOP(=O)(O)OCCCCCCCCCC)CCOP(=O)(O)OCCCCCCCCCC,0.95,25.0,30.0,30.0,1.0,17.60560888,4.4889514257147685,1.791759469228055,8.6886560049,5.9914645471,3.0,10,6.889820406345769,0.0,4,0,0,False,False,True,True,False,False,False,True,False,0.16763966577642503
CCCCCCCCCCCOP(=O)(O)OCCNCCCNCCCCN(CCCNCCOP(=O)(O)OCCCCCCCCCCC)CCOP(=O)(O)OCCCCCCCCCCC,0.95,25.0,30.0,30.0,1.0,18.35227358,4.530030258936642,1.791759469228055,8.7297351439,5.9914645471,3.0,11,6.931770589084221,0.0,4,0,0,False,False,True,True,False,False,False,True,False,0.16763966577642503
CCCCCCCCCCCCOP(=O)(O)OCCNCCCNCCCCN(CCCNCCOP(=O)(O)OCCCCCCCCCCCC)CCOP(=O)(O)OCCCCCCCCCCCC,0.95,25.0,30.0,30.0,1.0,19.09893829,4.569487995950957,1.791759469228055,8.7691931625,5.9914645471,3.0,12,6.972031578242556,0.0,4,0,0,False,False,True,True,False,False,False,True,False,0.16763966577642503
CCCCCCCCCCCCCOP(=O)(O)OCCNCCCNCCCCN(CCCNCCOP(=O)(O)OCCCCCCCCCCCCC)CCOP(=O)(O)OCCCCCCCCCCCCC,0.95,25.0,30.0,30.0,1.0,19.845603,4.607447740390898,1.791759469228055,8.8071531675,5.9914645471,3.0,13,7.010734160800259,0.0,4,0,0,False,False,True,True,False,False,False,True,False,0.16763966577642503
CCCCCCCCCCCCCCOP(=O)(O)OCCNCCCNCCCCN(CCCNCCOP(=O)(O)OCCCCCCCCCCCCCC)CCOP(=O)(O)OCCCCCCCCCCCCCC,0.95,25.0,30.0,30.0,1.0,20.5922677,4.644019084834691,1.791759469228055,8.8437247543,5.9914645471,3.0,14,7.047994498746668,0.0,4,0,0,False,False,True,True,False,False,False,True,False,0.16763966577642503
CCCCCCCCCCCCCCCOP(=O)(O)OCCNCCCNCCCCN(CCCNCCOP(=O)(O)OCCCCCCCCCCCCCCC)CCOP(=O)(O)OCCCCCCCCCCCCCCC,0.95,25.0,30.0,30.0,1.0,21.33893241,4.679300019795702,1.791759469228055,8.8790045215,5.9914645471,3.0,15,7.083916231495881,0.0,4,0,0,False,False,True,True,False,False,False,True,False,0.16763966577642503
CCCCCCCCCCCCCCCCOP(=O)(O)OCCNCCCNCCCCN(CCCNCCOP(=O)(O)OCCCCCCCCCCCCCCCC)CCOP(=O)(O)OCCCCCCCCCCCCCCCC,0.95,25.0,30.0,30.0,1.0,22.08559711,4.713378512729886,1.791759469228055,8.9130832716,5.9914645471,3.0,16,7.118592213580745,0.0,4,0,0,False,False,True,True,False,False,False,True,False,0.16763966577642503
CCCCCOP(=O)(O)OCCN(C)CCN(CCN(C)CCOP(=O)(O)OCCCCC)CCN(C)CCOP(=O)(O)OCCCCC,0.95,25.0,30.0,30.0,1.0,13.62339712,4.235800512433697,1.791759469228055,8.4355057987,5.9914645471,3.0,5,6.648751362216851,0.0,4,0,0,False,False,True,True,False,False,False,True,False,0.16763966577642503
CCCCCCOP(=O)(O)OCCN(C)CCN(CCN(C)CCOP(=O)(O)OCCCCCC)CCN(C)CCOP(=O)(O)OCCCCCC,0.95,25.0,30.0,30.0,1.0,14.37006182,4.288406775597209,1.791759469228055,8.4881124149,5.9914645471,3.0,6,6.701838736984409,0.0,4,0,0,False,False,True,True,False,False,False,True,False,0.16763966577642503
CCCCCCCOP(=O)(O)OCCN(C)CCN(CCN(C)CCOP(=O)(O)OCCCCCCC)CCN(C)CCOP(=O)(O)OCCCCCCC,0.95,25.0,30.0,30.0,1.0,15.11672653,4.338383380938722,1.791759469228055,8.5380893383,5.9914645471,3.0,7,6.752249347883266,0.0,4,0,0,False,False,True,True,False,False,False,True,False,0.16763966577642503
CCCCCCCCOP(=O)(O)OCCN(C)CCN(CCN(C)CCOP(=O)(O)OCCCCCCCC)CCN(C)CCOP(=O)(O)OCCCCCCCC,0.95,25.0,30.0,30.0,1.0,15.86339123,4.3859807586864825,1.791759469228055,8.5856851375,5.9914645471,3.0,8,6.800240221743393,0.0,4,0,0,False,False,True,True,False,False,False,True,False,0.16763966577642503
CCCCCCCCCOP(=O)(O)OCCN(C)CCN(CCN(C)CCOP(=O)(O)OCCCCCCCCC)CCN(C)CCOP(=O)(O)OCCCCCCCCC,0.95,25.0,30.0,30.0,1.0,16.61005594,4.43141518763017,1.791759469228055,8.6311199122,5.9914645471,3.0,9,6.846033055020793,0.0,4,0,0,False,False,True,True,False,False,False,True,False,0.16763966577642503
CCCCCCCCCCOP(=O)(O)OCCN(C)CCN(CCN(C)CCOP(=O)(O)OCCCCCCCCCC)CCN(C)CCOP(=O)(O)OCCCCCCCCCC,0.95,25.0,30.0,30.0,1.0,17.35672064,4.474874731492371,1.791759469228055,8.6745797729,5.9914645471,3.0,10,6.889820406345768,0.0,4,0,0,False,False,True,True,False,False,False,True,False,0.16763966577642503
CCCCCCCCCCCOP(=O)(O)OCCN(C)CCN(CCN(C)CCOP(=O)(O)OCCCCCCCCCCC)CCN(C)CCOP(=O)(O)OCCCCCCCCCCC,0.95,25.0,30.0,30.0,1.0,18.10338535,4.51652394697588,1.791759469228055,8.7162292789,5.9914645471,3.0,11,6.931770589084221,0.0,4,0,0,False,False,True,True,False,False,False,True,False,0.16763966577642503
CCCCCCCCCCCCOP(=O)(O)OCCN(C)CCN(CCN(C)CCOP(=O)(O)OCCCCCCCCCCCC)CCN(C)CCOP(=O)(O)OCCCCCCCCCCCC,0.95,25.0,30.0,30.0,1.0,18.85005005,4.556507641299947,1.791759469228055,8.7562132415,5.9914645471,3.0,12,6.9720315782425555,0.0,4,0,0,False,False,True,True,False,False,False,True,False,0.16763966577642503
CCCCCCCCCCCCCOP(=O)(O)OCCN(C)CCN(CCN(C)CCOP(=O)(O)OCCCCCCCCCCCCC)CCN(C)CCOP(=O)(O)OCCCCCCCCCCCCC,0.95,25.0,30.0,30.0,1.0,19.59671476,4.5949539151560215,1.791759469228055,8.7946582475,5.9914645471,3.0,13,7.010734160800259,0.0,4,0,0,False,False,True,True,False,False,False,True,False,0.16763966577642503
CCCCCCCCCCCCCCOP(=O)(O)OCCN(C)CCN(CCN(C)CCOP(=O)(O)OCCCCCCCCCCCCCC)CCN(C)CCOP(=O)(O)OCCCCCCCCCCCCCC,0.95,25.0,30.0,30.0,1.0,20.34337947,4.631976634559461,1.791759469228055,8.8316812515,5.9914645471,3.0,14,7.047994498746667,0.0,4,0,0,False,False,True,True,False,False,False,True,False,0.16763966577642503
CCCCCCCCCCCCCCCOP(=O)(O)OCCN(C)CCN(CCN(C)CCOP(=O)(O)OCCCCCCCCCCCCCCC)CCN(C)CCOP(=O)(O)OCCCCCCCCCCCCCCC,0.95,25.0,30.0,30.0,1.0,21.09004417,4.667677466020286,1.791759469228055,8.8673823481,5.9914645471,3.0,15,7.083916231495881,0.0,4,0,0,False,False,True,True,False,False,False,True,False,0.16763966577642503
CCCCCCCCCCCCCCCCOP(=O)(O)OCCN(C)CCN(CCN(C)CCOP(=O)(O)OCCCCCCCCCCCCCCCC)CCN(C)CCOP(=O)(O)OCCCCCCCCCCCCCCCC,0.95,25.0,30.0,30.0,1.0,21.83670888,4.702147560704863,1.791759469228055,8.9018526894,5.9914645471,3.0,16,7.118592213580745,0.0,4,0,0,False,False,True,True,False,False,False,True,False,0.16763966577642503
CCCCOP(=O)(O)OCCNCCN(CCNCCOP(=O)(O)OCCCC)CCNCCOP(=O)(O)OCCCC,0.95,25.0,30.0,30.0,1.0,12.13006771,4.12147872107946,1.791759469228055,8.3211831737,5.9914645471,3.0,4,6.533291621318392,0.0,4,0,0,False,False,True,True,False,False,False,True,False,0.16763966577642503
CCCCCOP(=O)(O)OCCNCCN(CCNCCOP(=O)(O)OCCCCC)CCNCCOP(=O)(O)OCCCCC,0.95,25.0,30.0,30.0,1.0,12.87673241,4.180272411504766,1.791759469228055,8.3799773051,5.9914645471,3.0,5,6.592686935965254,0.0,4,0,0,False,False,True,True,False,False,False,True,False,0.16763966577642503
CCCCCCOP(=O)(O)OCCNCCN(CCNCCOP(=O)(O)OCCCCCC)CCNCCOP(=O)(O)OCCCCCC,0.95,25.0,30.0,30.0,1.0,13.62339712,4.235800512433697,1.791759469228055,8.4355057987,5.9914645471,3.0,6,6.648751362216851,0.0,4,0,0,False,False,True,True,False,False,False,True,False,0.16763966577642503
CCCCCCCOP(=O)(O)OCCNCCN(CCNCCOP(=O)(O)OCCCCCCC)CCNCCOP(=O)(O)OCCCCCCC,0.95,25.0,30.0,30.0,1.0,14.37006182,4.288406775597209,1.791759469228055,8.4881124149,5.9914645471,3.0,7,6.701838736984409,0.0,4,0,0,False,False,True,True,False,False,False,True,False,0.16763966577642503
CCCCCCCCOP(=O)(O)OCCNCCN(CCNCCOP(=O)(O)OCCCCCCCC)CCNCCOP(=O)(O)OCCCCCCCC,0.95,25.0,30.0,30.0,1.0,15.11672653,4.338383380938722,1.791759469228055,8.5380893383,5.9914645471,3.0,8,6.752249347883266,0.0,4,0,0,False,False,True,True,False,False,False,True,False,0.16763966577642503
CCCCCCCCCOP(=O)(O)OCCNCCN(CCNCCOP(=O)(O)OCCCCCCCCC)CCNCCOP(=O)(O)OCCCCCCCCC,0.95,25.0,30.0,30.0,1.0,15.86339123,4.3859807586864825,1.791759469228055,8.5856851375,5.9914645471,3.0,9,6.800240221743393,0.0,4,0,0,False,False,True,True,False,False,False,True,False,0.16763966577642503
CCCCCCCCCCOP(=O)(O)OCCNCCN(CCNCCOP(=O)(O)OCCCCCCCCCC)CCNCCOP(=O)(O)OCCCCCCCCCC,0.95,25.0,30.0,30.0,1.0,16.61005594,4.43141518763017,1.791759469228055,8.6311199122,5.9914645471,3.0,10,6.846033055020793,0.0,4,0,0,False,False,True,True,False,False,False,True,False,0.16763966577642503
CCCCCCCCCCCOP(=O)(O)OCCNCCN(CCNCCOP(=O)(O)OCCCCCCCCCCC)CCNCCOP(=O)(O)OCCCCCCCCCCC,0.95,25.0,30.0,30.0,1.0,17.35672064,4.474874731492371,1.791759469228055,8.6745797729,5.9914645471,3.0,11,6.889820406345768,0.0,4,0,0,False,False,True,True,False,False,False,True,False,0.16763966577642503
CCCCCCCCCCCCOP(=O)(O)OCCNCCN(CCNCCOP(=O)(O)OCCCCCCCCCCCC)CCNCCOP(=O)(O)OCCCCCCCCCCCC,0.95,25.0,30.0,30.0,1.0,18.10338535,4.51652394697588,1.791759469228055,8.7162292789,5.9914645471,3.0,12,6.931770589084221,0.0,4,0,0,False,False,True,True,False,False,False,True,False,0.16763966577642503
CCCCCCCCCCCCCOP(=O)(O)OCCNCCN(CCNCCOP(=O)(O)OCCCCCCCCCCCCC)CCNCCOP(=O)(O)OCCCCCCCCCCCCC,0.95,25.0,30.0,30.0,1.0,18.85005005,4.556507641299947,1.791759469228055,8.7562132415,5.9914645471,3.0,13,6.9720315782425555,0.0,4,0,0,False,False,True,True,False,False,False,True,False,0.16763966577642503
CCCCCCCCCCCCCCOP(=O)(O)OCCNCCN(CCNCCOP(=O)(O)OCCCCCCCCCCCCCC)CCNCCOP(=O)(O)OCCCCCCCCCCCCCC,0.95,25.0,30.0,30.0,1.0,19.59671476,4.5949539151560215,1.791759469228055,8.7946582475,5.9914645471,3.0,14,7.010734160800259,0.0,4,0,0,False,False,True,True,False,False,False,True,False,0.16763966577642503
CCCCCCCCCCCCCCCOP(=O)(O)OCCNCCN(CCNCCOP(=O)(O)OCCCCCCCCCCCCCCC)CCNCCOP(=O)(O)OCCCCCCCCCCCCCCC,0.95,25.0,30.0,30.0,1.0,20.34337947,4.631976634559461,1.791759469228055,8.8316812515,5.9914645471,3.0,15,7.047994498746667,0.0,4,0,0,False,False,True,True,False,False,False,True,False,0.16763966577642503
CCCCCCCCCCCCCCCCOP(=O)(O)OCCNCCN(CCNCCOP(=O)(O)OCCCCCCCCCCCCCCCC)CCNCCOP(=O)(O)OCCCCCCCCCCCCCCCC,0.95,25.0,30.0,30.0,1.0,21.09004417,4.667677466020286,1.791759469228055,8.8673823481,5.9914645471,3.0,16,7.083916231495881,0.0,4,0,0,False,False,True,True,False,False,False,True,False,0.16763966577642503
CCCCOP(=O)(O)OCCNCCNCCN(CCNCCNCCOP(=O)(O)OCCCC)CCOP(=O)(O)OCCCC,0.85,25.0,30.0,30.0,1.0,12.894263,4.181612107786648,1.791759469228055,8.3813161929,5.9914645471,3.0,4,6.594039928983535,0.0,5,0,0,False,False,True,True,False,False,False,True,False,1.652488273557922
CCCCCOP(=O)(O)OCCNCCNCCN(CCNCCNCCOP(=O)(O)OCCCCC)CCOP(=O)(O)OCCCCC,0.95,25.0,30.0,30.0,1.0,13.64092771,4.2370678914465065,1.791759469228055,8.4367724123,5.9914645471,3.0,5,6.650030634811601,0.0,5,0,0,False,False,True,True,False,False,False,True,False,0.16763966577642503
CCCCCCOP(=O)(O)OCCNCCNCCN(CCNCCNCCOP(=O)(O)OCCCCCC)CCOP(=O)(O)OCCCCCC,0.95,25.0,30.0,30.0,1.0,14.38759241,4.28960924490246,1.791759469228055,8.4893141576,5.9914645471,3.0,6,6.703051907646283,0.0,5,0,0,False,False,True,True,False,False,False,True,False,0.16763966577642503
CCCCCCCOP(=O)(O)OCCNCCNCCN(CCNCCNCCOP(=O)(O)OCCCCCCC)CCOP(=O)(O)OCCCCCCC,0.95,25.0,30.0,30.0,1.0,15.13425712,4.339527265396832,1.791759469228055,8.5392325311,5.9914645471,3.0,7,6.753402912150755,0.0,5,0,0,False,False,True,True,False,False,False,True,False,0.16763966577642503
CCCCCCCCOP(=O)(O)OCCNCCNCCN(CCNCCNCCOP(=O)(O)OCCCCCCCC)CCOP(=O)(O)OCCCCCCCC,0.95,25.0,30.0,30.0,1.0,15.88092182,4.387071501656212,1.791759469228055,8.5867770882,5.9914645471,3.0,8,6.801339762562217,0.0,5,0,0,False,False,True,True,False,False,False,True,False,0.16763966577642503
CCCCCCCCCOP(=O)(O)OCCNCCNCCN(CCNCCNCCOP(=O)(O)OCCCCCCCCC)CCOP(=O)(O)OCCCCCCCCC,0.95,25.0,30.0,30.0,1.0,16.62758653,4.432457507501593,1.791759469228055,8.6321633859,5.9914645471,3.0,9,6.847083406049385,0.0,5,0,0,False,False,True,True,False,False,False,True,False,0.16763966577642503
CCCCCCCCCCOP(=O)(O)OCCNCCNCCN(CCNCCNCCOP(=O)(O)OCCCCCCCCCC)CCOP(=O)(O)OCCCCCCCCCC,0.95,25.0,30.0,30.0,1.0,17.37425123,4.475872744955816,1.791759469228055,8.6755771839,5.9914645471,3.0,10,6.890825780296227,0.0,5,0,0,False,False,True,True,False,False,False,True,False,0.16763966577642503
CCCCCCCCCCCOP(=O)(O)OCCNCCNCCN(CCNCCNCCOP(=O)(O)OCCCCCCCCCCC)CCOP(=O)(O)OCCCCCCCCCCC,0.95,25.0,30.0,30.0,1.0,18.12091594,4.517481267155181,1.791759469228055,8.7171860208,5.9914645471,3.0,11,6.93273467971315,0.0,5,0,0,False,False,True,True,False,False,False,True,False,0.16763966577642503
CCCCCCCCCCCCOP(=O)(O)OCCNCCNCCN(CCNCCNCCOP(=O)(O)OCCCCCCCCCCCC)CCOP(=O)(O)OCCCCCCCCCCCC,0.95,25.0,30.0,30.0,1.0,18.86758064,4.5574274566672015,1.791759469228055,8.757132501,5.9914645471,3.0,12,6.97295764222777,0.0,5,0,0,False,False,True,True,False,False,False,True,False,0.16763966577642503
CCCCCCCCCCCCCOP(=O)(O)OCCNCCNCCN(CCNCCNCCOP(=O)(O)OCCCCCCCCCCCCC)CCOP(=O)(O)OCCCCCCCCCCCCC,0.95,25.0,30.0,30.0,1.0,19.61424535,4.595839053567,1.791759469228055,8.7955443661,5.9914645471,3.0,13,7.011625084082889,0.0,5,0,0,False,False,True,True,False,False,False,True,False,0.16763966577642503
CCCCCCCCCCCCCCOP(=O)(O)OCCNCCNCCN(CCNCCNCCOP(=O)(O)OCCCCCCCCCCCCCC)CCOP(=O)(O)OCCCCCCCCCCCCCC,0.95,25.0,30.0,30.0,1.0,20.36091005,4.632829615173777,1.791759469228055,8.832535177,5.9914645471,3.0,14,7.048852850746255,0.0,5,0,0,False,False,True,True,False,False,False,True,False,0.16763966577642503
CCCCCCCCCCCCCCCOP(=O)(O)OCCNCCNCCN(CCNCCNCCOP(=O)(O)OCCCCCCCCCCCCCCC)CCOP(=O)(O)OCCCCCCCCCCCCCCC,0.95,25.0,30.0,30.0,1.0,21.10757476,4.668500544465985,1.791759469228055,8.8682049297,5.9914645471,3.0,15,7.0847443097647425,0.0,5,0,0,False,False,True,True,False,False,False,True,False,0.16763966577642503
CCCCCCCCCCCCCCCCOP(=O)(O)OCCNCCNCCN(CCNCCNCCOP(=O)(O)OCCCCCCCCCCCCCCCC)CCOP(=O)(O)OCCCCCCCCCCCCCCCC,0.95,25.0,30.0,30.0,1.0,21.85423947,4.702942762059328,1.791759469228055,8.9026474106,5.9914645471,3.0,16,7.119392080851907,0.0,5,0,0,False,False,True,True,False,False,False,True,False,0.16763966577642503
CCCCCOP(=O)(O)OCCN(CCCN1CCN(CCCN(CCOP(=O)(O)OCCCCC)CCOP(=O)(O)OCCCCC)CC1)CCOP(=O)(O)OCCCCC,0.95,25.0,30.0,30.0,1.0,17.26383336,4.469569989721423,1.791759469228055,8.6692754478,5.9914645471,4.0,5,6.885507625042951,0.0,4,0,0,False,False,True,True,False,False,False,True,False,0.16763966577642503
CCCCCCOP(=O)(O)OCCN(CCCN1CCN(CCCN(CCOP(=O)(O)OCCCCCC)CCOP(=O)(O)OCCCCCC)CC1)CCOP(=O)(O)OCCCCCC,0.95,25.0,30.0,30.0,1.0,18.2593863,4.5250108961024464,1.791759469228055,8.7247161744,5.9914645471,4.0,6,6.94129256432089,0.0,4,0,0,False,False,True,True,False,False,False,True,False,0.16763966577642503
CCCCCCCOP(=O)(O)OCCN(CCCN1CCN(CCCN(CCOP(=O)(O)OCCCCCCC)CCOP(=O)(O)OCCCCCCC)CC1)CCOP(=O)(O)OCCCCCCC,0.85,25.0,30.0,30.0,1.0,19.25493924,4.57753889576114,1.791759469228055,8.7772440127,5.9914645471,4.0,7,6.994129286228151,0.0,4,0,0,False,False,True,True,False,False,False,True,False,1.652488273557922
CCCCCCCCOP(=O)(O)OCCN(CCCN1CCN(CCCN(CCOP(=O)(O)OCCCCCCCC)CCOP(=O)(O)OCCCCCCCC)CC1)CCOP(=O)(O)OCCCCCCCC,0.95,25.0,30.0,30.0,1.0,20.25049218,4.627444862114957,1.791759469228055,8.8271498334,5.9914645471,4.0,8,7.044313835120343,0.0,4,0,0,False,False,True,True,False,False,False,True,False,0.16763966577642503
CCCCCCCCCOP(=O)(O)OCCN(CCCN1CCN(CCCN(CCOP(=O)(O)OCCCCCCCCC)CCOP(=O)(O)OCCCCCCCCC)CC1)CCOP(=O)(O)OCCCCCCCCC,0.95,25.0,30.0,30.0,1.0,21.24604512,4.674978164118678,1.791759469228055,8.8746830033,5.9914645471,4.0,9,7.0920997882273165,0.0,4,0,0,False,False,True,True,False,False,False,True,False,0.16763966577642503
CCCCCCCCCCOP(=O)(O)OCCN(CCCN1CCN(CCCN(CCOP(=O)(O)OCCCCCCCCCC)CCOP(=O)(O)OCCCCCCCCCC)CC1)CCOP(=O)(O)OCCCCCCCCCC,0.95,25.0,30.0,30.0,1.0,22.24159806,4.7203542053479515,1.791759469228055,8.9200589241,5.9914645471,4.0,10,7.137706008795722,0.0,4,0,0,False,False,True,True,False,False,False,True,False,0.16763966577642503
CCCCCCCCCCCOP(=O)(O)OCCN(CCCN1CCN(CCCN(CCOP(=O)(O)OCCCCCCCCCCC)CCOP(=O)(O)OCCCCCCCCCCC)CC1)CCOP(=O)(O)OCCCCCCCCCCC,0.95,25.0,30.0,30.0,1.0,23.237151,4.763760325387196,1.791759469228055,8.9634649339,5.9914645471,4.0,11,7.181322706849718,0.0,4,0,0,False,False,True,True,False,False,False,True,False,0.16763966577642503
CCCCCCCCCCCCOP(=O)(O)OCCN(CCCN1CCN(CCCN(CCOP(=O)(O)OCCCCCCCCCCCC)CCOP(=O)(O)OCCCCCCCCCCCC)CC1)CCOP(=O)(O)OCCCCCCCCCCCC,0.95,25.0,30.0,30.0,1.0,24.23270395,4.805360473118091,1.791759469228055,9.0050649801,5.9914645471,4.0,12,7.223116232390423,0.0,4,0,0,False,False,True,True,False,False,False,True,False,0.16763966577642503
CCCCCCCCCCCCCOP(=O)(O)OCCN(CCCN1CCN(CCCN(CCOP(=O)(O)OCCCCCCCCCCCCC)CCOP(=O)(O)OCCCCCCCCCCCCC)CC1)CCOP(=O)(O)OCCCCCCCCCCCCC,0.95,25.0,30.0,30.0,1.0,25.22825689,4.845298944099987,1.791759469228055,9.0450045376,5.9914645471,4.0,13,7.263232906423458,0.0,4,0,0,False,False,True,True,False,False,False,True,False,0.16763966577642503
CCCCCCCCCCCCCCOP(=O)(O)OCCN(CCCN1CCN(CCCN(CCOP(=O)(O)OCCCCCCCCCCCCCC)CCOP(=O)(O)OCCCCCCCCCCCCCC)CC1)CCOP(=O)(O)OCCCCCCCCCCCCCC,0.95,25.0,30.0,30.0,1.0,26.22380983,4.883703403630206,1.791759469228055,9.0834088664,5.9914645471,4.0,14,7.301802112668315,0.0,4,0,0,False,False,True,True,False,False,False,True,False,0.16763966577642503
CCCCCCCCCCCCCCCOP(=O)(O)OCCN(CCCN1CCN(CCCN(CCOP(=O)(O)OCCCCCCCCCCCCCCC)CCOP(=O)(O)OCCCCCCCCCCCCCCC)CC1)CCOP(=O)(O)OCCCCCCCCCCCCCCC,0.95,25.0,30.0,30.0,1.0,27.21936277,4.920687346692098,1.791759469228055,9.1203926883,5.9914645471,4.0,15,7.338938814815785,0.0,4,0,0,False,False,True,True,False,False,False,True,False,0.16763966577642503
CCCCCCCCCCCCCCCCOP(=O)(O)OCCN(CCCN1CCN(CCCN(CCOP(=O)(O)OCCCCCCCCCCCCCCCC)CCOP(=O)(O)OCCCCCCCCCCCCCCCC)CC1)CCOP(=O)(O)OCCCCCCCCCCCCCCCC,0.95,25.0,30.0,30.0,1.0,28.21491571,4.956352120787795,1.791759469228055,9.1560573497,5.9914645471,4.0,16,7.374745622840075,0.0,4,0,0,False,False,True,True,False,False,False,True,False,0.16763966577642503
CCCCOP(=O)(O)OCCNCCN(CCOP(=O)(O)OCCCC)CCN(CCNCCOP(=O)(O)OCCCC)CCOP(=O)(O)OCCCC,0.95,25.0,30.0,30.0,1.0,15.3084984,4.350826069977586,1.791759469228055,8.550531251,5.9914645471,4.0,4,6.765958968683097,0.0,4,0,0,False,False,True,True,False,False,False,True,False,0.16763966577642503
CCCCCOP(=O)(O)OCCNCCN(CCOP(=O)(O)OCCCCC)CCN(CCNCCOP(=O)(O)OCCCCC)CCOP(=O)(O)OCCCCC,0.95,25.0,30.0,30.0,1.0,16.30405134,4.41304379895924,1.791759469228055,8.6127487957,5.9914645471,4.0,5,6.828610334864942,0.0,4,0,0,False,False,True,True,False,False,False,True,False,0.16763966577642503
CCCCCCOP(=O)(O)OCCNCCN(CCOP(=O)(O)OCCCCCC)CCN(CCNCCOP(=O)(O)OCCCCCC)CCOP(=O)(O)OCCCCCC,0.95,25.0,30.0,30.0,1.0,17.29960428,4.471616180536472,1.791759469228055,8.6713210139,5.9914645471,4.0,6,6.887566857276863,0.0,4,0,0,False,False,True,True,False,False,False,True,False,0.16763966577642503
CCCCCCCOP(=O)(O)OCCNCCN(CCOP(=O)(O)OCCCCCCC)CCN(CCNCCOP(=O)(O)OCCCCCCC)CCOP(=O)(O)OCCCCCCC,0.95,25.0,30.0,30.0,1.0,18.29515722,4.526946838358246,1.791759469228055,8.7266515259,5.9914645471,4.0,7,6.943240176503951,0.0,4,0,0,False,False,True,True,False,False,False,True,False,0.16763966577642503
CCCCCCCCOP(=O)(O)OCCNCCN(CCOP(=O)(O)OCCCCCCCC)CCN(CCNCCOP(=O)(O)OCCCCCCCC)CCOP(=O)(O)OCCCCCCCC,0.95,25.0,30.0,30.0,1.0,19.29071016,4.579375862437008,1.791759469228055,8.7790804191,5.9914645471,4.0,8,6.995976756837623,0.0,4,0,0,False,False,True,True,False,False,False,True,False,0.16763966577642503
CCCCCCCCCOP(=O)(O)OCCNCCN(CCOP(=O)(O)OCCCCCCCCC)CCN(CCNCCOP(=O)(O)OCCCCCCCCC)CCOP(=O)(O)OCCCCCCCCC,0.95,25.0,30.0,30.0,1.0,20.2862631,4.629192481283088,1.791759469228055,8.8288969197,5.9914645471,4.0,9,7.046070958632059,0.0,4,0,0,False,False,True,True,False,False,False,True,False,0.16763966577642503
CCCCCCCCCCOP(=O)(O)OCCNCCN(CCOP(=O)(O)OCCCCCCCCCC)CCN(CCNCCOP(=O)(O)OCCCCCCCCCC)CCOP(=O)(O)OCCCCCCCCCC,0.95,25.0,30.0,30.0,1.0,21.28181604,4.676644724124821,1.791759469228055,8.8763504519,5.9914645471,4.0,10,7.093774989169498,0.0,4,0,0,False,False,True,True,False,False,False,True,False,0.16763966577642503
CCCCCCCCCCCOP(=O)(O)OCCNCCN(CCOP(=O)(O)OCCCCCCCCCCC)CCN(CCNCCOP(=O)(O)OCCCCCCCCCCC)CCOP(=O)(O)OCCCCCCCCCCC,0.95,25.0,30.0,30.0,1.0,22.27736898,4.721946892353852,1.791759469228055,8.9216524605,5.9914645471,4.0,11,7.139306585853161,0.0,4,0,0,False,False,True,True,False,False,False,True,False,0.16763966577642503
CCCCCCCCCCCCOP(=O)(O)OCCNCCN(CCOP(=O)(O)OCCCCCCCCCCCC)CCN(CCNCCOP(=O)(O)OCCCCCCCCCCCC)CCOP(=O)(O)OCCCCCCCCCCCC,0.95,25.0,30.0,30.0,1.0,23.27292192,4.765285410500334,1.791759469228055,8.9649908326,5.9914645471,4.0,12,7.182855024916979,0.0,4,0,0,False,False,True,True,False,False,False,True,False,0.16763966577642503
CCCCCCCCCCCCCOP(=O)(O)OCCNCCN(CCOP(=O)(O)OCCCCCCCCCCCCC)CCN(CCNCCOP(=O)(O)OCCCCCCCCCCCCC)CCOP(=O)(O)OCCCCCCCCCCCCC,0.95,25.0,30.0,30.0,1.0,24.26847486,4.806823461015341,1.791759469228055,9.006528749,5.9914645471,4.0,13,7.224585875348061,0.0,4,0,0,False,False,True,True,False,False,False,True,False,0.16763966577642503
CCCCCCCCCCCCCCOP(=O)(O)OCCNCCN(CCOP(=O)(O)OCCCCCCCCCCCCCC)CCN(CCNCCOP(=O)(O)OCCCCCCCCCCCCCC)CCOP(=O)(O)OCCCCCCCCCCCCCC,0.95,25.0,30.0,30.0,1.0,25.2640278,4.846704694150651,1.791759469228055,9.0464098584,5.9914645471,4.0,14,7.2646447998975825,0.0,4,0,0,False,False,True,True,False,False,False,True,False,0.16763966577642503
CCCCCCCCCCCCCCCOP(=O)(O)OCCNCCN(CCOP(=O)(O)OCCCCCCCCCCCCCCC)CCN(CCNCCOP(=O)(O)OCCCCCCCCCCCCCCC)CCOP(=O)(O)OCCCCCCCCCCCCCCC,0.95,25.0,30.0,30.0,1.0,26.25958075,4.88505622632418,1.791759469228055,9.0847612759,5.9914645471,4.0,15,7.303160623582932,0.0,4,0,0,False,False,True,True,False,False,False,True,False,0.16763966577642503
CCCCCCCCCCCCCCCCOP(=O)(O)OCCNCCN(CCOP(=O)(O)OCCCCCCCCCCCCCCCC)CCN(CCNCCOP(=O)(O)OCCCCCCCCCCCCCCCC)CCOP(=O)(O)OCCCCCCCCCCCCCCCC,0.95,25.0,30.0,30.0,1.0,27.25513369,4.921991082575772,1.791759469228055,9.1216960261,5.9914645471,4.0,16,7.340247832810801,0.0,4,0,0,False,False,True,True,False,False,False,True,False,0.16763966577642503
CCCCOP(=O)(O)OCCNCCCN(CCCCN(CCCNCCOP(=O)(O)OCCCC)CCOP(=O)(O)OCCCC)CCOP(=O)(O)OCCCC,0.95,25.0,30.0,30.0,1.0,16.30405134,4.41304379895924,1.791759469228055,8.6127487957,5.9914645471,4.0,4,6.813311623637029,0.0,4,0,0,False,False,True,True,False,False,False,True,False,0.16763966577642503
CCCCCOP(=O)(O)OCCNCCCN(CCCCN(CCCNCCOP(=O)(O)OCCCCC)CCOP(=O)(O)OCCCCC)CCOP(=O)(O)OCCCCC,0.95,25.0,30.0,30.0,1.0,17.29960428,4.471616180536472,1.791759469228055,8.6713210139,5.9914645471,4.0,5,6.873150376565028,0.0,4,0,0,False,False,True,True,False,False,False,True,False,0.16763966577642503
CCCCCCOP(=O)(O)OCCNCCCN(CCCCN(CCCNCCOP(=O)(O)OCCCCCC)CCOP(=O)(O)OCCCCCC)CCOP(=O)(O)OCCCCCC,0.95,25.0,30.0,30.0,1.0,18.29515722,4.526946838358246,1.791759469228055,8.7266515259,5.9914645471,4.0,6,6.929609721433817,0.0,4,0,0,False,False,True,True,False,False,False,True,False,0.16763966577642503
CCCCCCCOP(=O)(O)OCCNCCCN(CCCCN(CCCNCCOP(=O)(O)OCCCCCCC)CCOP(=O)(O)OCCCCCCC)CCOP(=O)(O)OCCCCCCC,0.95,25.0,30.0,30.0,1.0,19.29071016,4.579375862437008,1.791759469228055,8.7790804191,5.9914645471,4.0,7,6.983051045428834,0.0,4,0,0,False,False,True,True,False,False,False,True,False,0.16763966577642503
CCCCCCCCOP(=O)(O)OCCNCCCN(CCCCN(CCCNCCOP(=O)(O)OCCCCCCCC)CCOP(=O)(O)OCCCCCCCC)CCOP(=O)(O)OCCCCCCCC,0.95,25.0,30.0,30.0,1.0,20.2862631,4.629192481283088,1.791759469228055,8.8288969197,5.9914645471,4.0,8,7.033780697128837,0.0,4,0,0,False,False,True,True,False,False,False,True,False,0.16763966577642503
CCCCCCCCCOP(=O)(O)OCCNCCCN(CCCCN(CCCNCCOP(=O)(O)OCCCCCCCCC)CCOP(=O)(O)OCCCCCCCCC)CCOP(=O)(O)OCCCCCCCCC,0.95,25.0,30.0,30.0,1.0,21.28181604,4.676644724124821,1.791759469228055,8.8763504519,5.9914645471,4.0,9,7.082060624972957,0.0,4,0,0,False,False,True,True,False,False,False,True,False,0.16763966577642503
CCCCCCCCCCOP(=O)(O)OCCNCCCN(CCCCN(CCCNCCOP(=O)(O)OCCCCCCCCCC)CCOP(=O)(O)OCCCCCCCCCC)CCOP(=O)(O)OCCCCCCCCCC,0.95,25.0,30.0,30.0,1.0,22.27736898,4.721946892353852,1.791759469228055,8.9216524605,5.9914645471,4.0,10,7.1281165633788435,0.0,4,0,0,False,False,True,True,False,False,False,True,False,0.16763966577642503
CCCCCCCCCCCOP(=O)(O)OCCNCCCN(CCCCN(CCCNCCOP(=O)(O)OCCCCCCCCCCC)CCOP(=O)(O)OCCCCCCCCCCC)CCOP(=O)(O)OCCCCCCCCCCC,0.95,25.0,30.0,30.0,1.0,23.27292192,4.765285410500334,1.791759469228055,8.9649908326,5.9914645471,4.0,11,7.172144415089574,0.0,4,0,0,False,False,True,True,False,False,False,True,False,0.16763966577642503
CCCCCCCCCCCCOP(=O)(O)OCCNCCCN(CCCCN(CCCNCCOP(=O)(O)OCCCCCCCCCCCC)CCOP(=O)(O)OCCCCCCCCCCCC)CCOP(=O)(O)OCCCCCCCCCCCC,0.95,25.0,30.0,30.0,1.0,24.26847486,4.806823461015341,1.791759469228055,9.006528749,5.9914645471,4.0,12,7.21431528662822,0.0,4,0,0,False,False,True,True,False,False,False,True,False,0.16763966577642503
CCCCCCCCCCCCCOP(=O)(O)OCCNCCCN(CCCCN(CCCNCCOP(=O)(O)OCCCCCCCCCCCCC)CCOP(=O)(O)OCCCCCCCCCCCCC)CCOP(=O)(O)OCCCCCCCCCCCCC,0.95,25.0,30.0,30.0,1.0,25.2640278,4.846704694150651,1.791759469228055,9.0464098584,5.9914645471,4.0,13,7.25477950417951,0.0,4,0,0,False,False,True,True,False,False,False,True,False,0.16763966577642503
CCCCCCCCCCCCCCOP(=O)(O)OCCNCCCN(CCCCN(CCCNCCOP(=O)(O)OCCCCCCCCCCCCCC)CCOP(=O)(O)OCCCCCCCCCCCCCC)CCOP(=O)(O)OCCCCCCCCCCCCCC,0.95,25.0,30.0,30.0,1.0,26.25958075,4.88505622632418,1.791759469228055,9.0847612759,5.9914645471,4.0,14,7.293669848017215,0.0,4,0,0,False,False,True,True,False,False,False,True,False,0.16763966577642503
CCCCCCCCCCCCCCCOP(=O)(O)OCCNCCCN(CCCCN(CCCNCCOP(=O)(O)OCCCCCCCCCCCCCCC)CCOP(=O)(O)OCCCCCCCCCCCCCCC)CCOP(=O)(O)OCCCCCCCCCCCCCCC,0.95,25.0,30.0,30.0,1.0,27.25513369,4.921991082575772,1.791759469228055,9.1216960261,5.9914645471,4.0,15,7.331104181138847,0.0,4,0,0,False,False,True,True,False,False,False,True,False,0.16763966577642503
CCCCCCCCCCCCCCCCOP(=O)(O)OCCNCCCN(CCCCN(CCCNCCOP(=O)(O)OCCCCCCCCCCCCCCCC)CCOP(=O)(O)OCCCCCCCCCCCCCCCC)CCOP(=O)(O)OCCCCCCCCCCCCCCCC,0.95,25.0,30.0,30.0,1.0,28.25068663,4.957610207337349,1.791759469228055,9.1573150522,5.9914645471,4.0,16,7.367187603360244,0.0,4,0,0,False,False,True,True,False,False,False,True,False,0.16763966577642503
CCCCOP(=O)(O)OCCNCCN(CCNCCOP(=O)(O)OCCCC)CCN(CCOP(=O)(O)OCCCC)CCOP(=O)(O)OCCCC,0.95,25.0,30.0,30.0,1.0,15.3084984,4.350826069977586,1.791759469228055,8.550531251,5.9914645471,4.0,4,6.765958968683097,0.0,4,0,0,False,False,True,True,False,False,False,True,False,0.16763966577642503
CCCCCOP(=O)(O)OCCNCCN(CCNCCOP(=O)(O)OCCCCC)CCN(CCOP(=O)(O)OCCCCC)CCOP(=O)(O)OCCCCC,0.95,25.0,30.0,30.0,1.0,16.30405134,4.41304379895924,1.791759469228055,8.6127487957,5.9914645471,4.0,5,6.828610334864942,0.0,4,0,0,False,False,True,True,False,False,False,True,False,0.16763966577642503
CCCCCCOP(=O)(O)OCCNCCN(CCNCCOP(=O)(O)OCCCCCC)CCN(CCOP(=O)(O)OCCCCCC)CCOP(=O)(O)OCCCCCC,0.95,25.0,30.0,30.0,1.0,17.29960428,4.471616180536472,1.791759469228055,8.6713210139,5.9914645471,4.0,6,6.887566857276863,0.0,4,0,0,False,False,True,True,False,False,False,True,False,0.16763966577642503
CCCCCCCOP(=O)(O)OCCNCCN(CCNCCOP(=O)(O)OCCCCCCC)CCN(CCOP(=O)(O)OCCCCCCC)CCOP(=O)(O)OCCCCCCC,0.95,25.0,30.0,30.0,1.0,18.29515722,4.526946838358246,1.791759469228055,8.7266515259,5.9914645471,4.0,7,6.943240176503951,0.0,4,0,0,False,False,True,True,False,False,False,True,False,0.16763966577642503
CCCCCCCCOP(=O)(O)OCCNCCN(CCNCCOP(=O)(O)OCCCCCCCC)CCN(CCOP(=O)(O)OCCCCCCCC)CCOP(=O)(O)OCCCCCCCC,0.95,25.0,30.0,30.0,1.0,19.29071016,4.579375862437008,1.791759469228055,8.7790804191,5.9914645471,4.0,8,6.995976756837623,0.0,4,0,0,False,False,True,True,False,False,False,True,False,0.16763966577642503
CCCCCCCCCOP(=O)(O)OCCNCCN(CCNCCOP(=O)(O)OCCCCCCCCC)CCN(CCOP(=O)(O)OCCCCCCCCC)CCOP(=O)(O)OCCCCCCCCC,0.95,25.0,30.0,30.0,1.0,20.2862631,4.629192481283088,1.791759469228055,8.8288969197,5.9914645471,4.0,9,7.046070958632059,0.0,4,0,0,False,False,True,True,False,False,False,True,False,0.16763966577642503
CCCCCCCCCCOP(=O)(O)OCCNCCN(CCNCCOP(=O)(O)OCCCCCCCCCC)CCN(CCOP(=O)(O)OCCCCCCCCCC)CCOP(=O)(O)OCCCCCCCCCC,0.95,25.0,30.0,30.0,1.0,21.28181604,4.676644724124821,1.791759469228055,8.8763504519,5.9914645471,4.0,10,7.093774989169498,0.0,4,0,0,False,False,True,True,False,False,False,True,False,0.16763966577642503
CCCCCCCCCCCOP(=O)(O)OCCNCCN(CCNCCOP(=O)(O)OCCCCCCCCCCC)CCN(CCOP(=O)(O)OCCCCCCCCCCC)CCOP(=O)(O)OCCCCCCCCCCC,0.95,25.0,30.0,30.0,1.0,22.27736898,4.721946892353852,1.791759469228055,8.9216524605,5.9914645471,4.0,11,7.139306585853161,0.0,4,0,0,False,False,True,True,False,False,False,True,False,0.16763966577642503
CCCCCCCCCCCCOP(=O)(O)OCCNCCN(CCNCCOP(=O)(O)OCCCCCCCCCCCC)CCN(CCOP(=O)(O)OCCCCCCCCCCCC)CCOP(=O)(O)OCCCCCCCCCCCC,0.95,25.0,30.0,30.0,1.0,23.27292192,4.765285410500334,1.791759469228055,8.9649908326,5.9914645471,4.0,12,7.182855024916979,0.0,4,0,0,False,False,True,True,False,False,False,True,False,0.16763966577642503
CCCCCCCCCCCCCOP(=O)(O)OCCNCCN(CCNCCOP(=O)(O)OCCCCCCCCCCCCC)CCN(CCOP(=O)(O)OCCCCCCCCCCCCC)CCOP(=O)(O)OCCCCCCCCCCCCC,0.95,25.0,30.0,30.0,1.0,24.26847486,4.806823461015341,1.791759469228055,9.006528749,5.9914645471,4.0,13,7.224585875348061,0.0,4,0,0,False,False,True,True,False,False,False,True,False,0.16763966577642503
CCCCCCCCCCCCCCOP(=O)(O)OCCNCCN(CCNCCOP(=O)(O)OCCCCCCCCCCCCCC)CCN(CCOP(=O)(O)OCCCCCCCCCCCCCC)CCOP(=O)(O)OCCCCCCCCCCCCCC,0.95,25.0,30.0,30.0,1.0,25.2640278,4.846704694150651,1.791759469228055,9.0464098584,5.9914645471,4.0,14,7.264644799897583,0.0,4,0,0,False,False,True,True,False,False,False,True,False,0.16763966577642503
CCCCCCCCCCCCCCCOP(=O)(O)OCCNCCN(CCNCCOP(=O)(O)OCCCCCCCCCCCCCCC)CCN(CCOP(=O)(O)OCCCCCCCCCCCCCCC)CCOP(=O)(O)OCCCCCCCCCCCCCCC,0.95,25.0,30.0,30.0,1.0,26.25958075,4.88505622632418,1.791759469228055,9.0847612759,5.9914645471,4.0,15,7.303160623582932,0.0,4,0,0,False,False,True,True,False,False,False,True,False,0.16763966577642503
CCCCCCCCCCCCCCCCOP(=O)(O)OCCNCCN(CCNCCOP(=O)(O)OCCCCCCCCCCCCCCCC)CCN(CCOP(=O)(O)OCCCCCCCCCCCCCCCC)CCOP(=O)(O)OCCCCCCCCCCCCCCCC,0.95,25.0,30.0,30.0,1.0,27.25513369,4.921991082575772,1.791759469228055,9.1216960261,5.9914645471,4.0,16,7.340247832810801,0.0,4,0,0,False,False,True,True,False,False,False,True,False,0.16763966577642503
CCCCOP(=O)(O)OCCNCCNCCN(CCOP(=O)(O)OCCCC)CCN(CCNCCOP(=O)(O)OCCCC)CCOP(=O)(O)OCCCC,0.95,25.0,30.0,30.0,1.0,16.07269369,4.398926381731338,1.791759469228055,8.5986312329,5.9914645471,4.0,4,6.814396893188051,0.0,5,0,0,False,False,True,True,False,False,False,True,False,0.16763966577642503
CCCCCOP(=O)(O)OCCNCCNCCN(CCOP(=O)(O)OCCCCC)CCN(CCNCCOP(=O)(O)OCCCCC)CCOP(=O)(O)OCCCCC,0.95,25.0,30.0,30.0,1.0,17.06824664,4.458307273092274,1.791759469228055,8.6580119665,5.9914645471,4.0,5,6.874172641965011,0.0,5,0,0,False,False,True,True,False,False,False,True,False,0.16763966577642503
CCCCCCOP(=O)(O)OCCNCCNCCN(CCOP(=O)(O)OCCCCCC)CCN(CCNCCOP(=O)(O)OCCCCCC)CCOP(=O)(O)OCCCCCC,0.95,25.0,30.0,30.0,1.0,18.06379958,4.514358848101605,1.791759469228055,8.7140634015,5.9914645471,4.0,6,6.930575896580291,0.0,5,0,0,False,False,True,True,False,False,False,True,False,0.16763966577642503
CCCCCCCOP(=O)(O)OCCNCCNCCN(CCOP(=O)(O)OCCCCCCC)CCN(CCNCCOP(=O)(O)OCCCCCCC)CCOP(=O)(O)OCCCCCCC,0.85,25.0,30.0,30.0,1.0,19.05935252,4.5674347003781355,1.791759469228055,8.7671391282,5.9914645471,4.0,7,6.9839669653480225,0.0,5,0,0,False,False,True,True,False,False,False,True,False,1.652488273557922
CCCCCCCCOP(=O)(O)OCCNCCNCCN(CCOP(=O)(O)OCCCCCCCC)CCN(CCNCCOP(=O)(O)OCCCCCCCC)CCOP(=O)(O)OCCCCCCCC,0.95,25.0,30.0,30.0,1.0,20.05490546,4.6178349215883525,1.791759469228055,8.8175407173,5.9914645471,4.0,8,7.034651331345648,0.0,5,0,0,False,False,True,True,False,False,False,True,False,0.16763966577642503
CCCCCCCCCOP(=O)(O)OCCNCCNCCN(CCOP(=O)(O)OCCCCCCCCC)CCN(CCNCCOP(=O)(O)OCCCCCCCCC)CCOP(=O)(O)OCCCCCCCCC,0.95,25.0,30.0,30.0,1.0,21.0504584,4.665816379336565,1.791759469228055,8.8655220031,5.9914645471,4.0,9,7.082890240617984,0.0,5,0,0,False,False,True,True,False,False,False,True,False,0.16763966577642503
CCCCCCCCCCOP(=O)(O)OCCNCCNCCN(CCOP(=O)(O)OCCCCCCCCCC)CCN(CCNCCOP(=O)(O)OCCCCCCCCCC)CCOP(=O)(O)OCCCCCCCCCC,0.95,25.0,30.0,30.0,1.0,22.04601134,4.7116006393583705,1.791759469228055,8.9113061065,5.9914645471,4.0,10,7.128908851601481,0.0,5,0,0,False,False,True,True,False,False,False,True,False,0.16763966577642503
CCCCCCCCCCCOP(=O)(O)OCCNCCNCCN(CCOP(=O)(O)OCCCCCCCCCCC)CCN(CCNCCOP(=O)(O)OCCCCCCCCCCC)CCOP(=O)(O)OCCCCCCCCCCC,0.95,25.0,30.0,30.0,1.0,23.04156428,4.755380151963278,1.791759469228055,8.955085476,5.9914645471,4.0,11,7.172902590256673,0.0,5,0,0,False,False,True,True,False,False,False,True,False,0.16763966577642503
CCCCCCCCCCCCOP(=O)(O)OCCNCCNCCN(CCOP(=O)(O)OCCCCCCCCCCCC)CCN(CCNCCOP(=O)(O)OCCCCCCCCCCCC)CCOP(=O)(O)OCCCCCCCCCCCC,0.95,25.0,30.0,30.0,1.0,24.03711722,4.797323139995232,1.791759469228055,8.9970283326,5.9914645471,4.0,12,7.215042165048614,0.0,5,0,0,False,False,True,True,False,False,False,True,False,0.16763966577642503
CCCCCCCCCCCCCOP(=O)(O)OCCNCCNCCN(CCOP(=O)(O)OCCCCCCCCCCCCC)CCN(CCNCCOP(=O)(O)OCCCCCCCCCCCCC)CCOP(=O)(O)OCCCCCCCCCCCCC,0.95,25.0,30.0,30.0,1.0,25.03267016,4.83757750222598,1.791759469228055,9.0372825738,5.9914645471,4.0,13,7.255477567224294,0.0,5,0,0,False,False,True,True,False,False,False,True,False,0.16763966577642503
CCCCCCCCCCCCCCOP(=O)(O)OCCNCCNCCN(CCOP(=O)(O)OCCCCCCCCCCCCCC)CCN(CCNCCOP(=O)(O)OCCCCCCCCCCCCCC)CCOP(=O)(O)OCCCCCCCCCCCCCC,0.95,25.0,30.0,30.0,1.0,26.0282231,4.876273960975901,1.791759469228055,9.0759789207,5.9914645471,4.0,14,7.294341293205828,0.0,5,0,0,False,False,True,True,False,False,False,True,False,0.16763966577642503
CCCCCCCCCCCCCCCOP(=O)(O)OCCNCCNCCN(CCOP(=O)(O)OCCCCCCCCCCCCCCC)CCN(CCNCCOP(=O)(O)OCCCCCCCCCCCCCCC)CCOP(=O)(O)OCCCCCCCCCCCCCCC,0.85,25.0,30.0,30.0,1.0,27.02377604,4.913528623034071,1.791759469228055,9.1132334791,5.9914645471,4.0,15,7.331750963843068,0.0,5,0,0,False,False,True,True,False,False,False,True,False,1.652488273557922
CCCCCCCCCCCCCCCCOP(=O)(O)OCCNCCNCCN(CCOP(=O)(O)OCCCCCCCCCCCCCCCC)CCN(CCNCCOP(=O)(O)OCCCCCCCCCCCCCCCC)CCOP(=O)(O)OCCCCCCCCCCCCCCCC,0.95,25.0,30.0,30.0,1.0,28.01932898,4.949445080404554,1.791759469228055,9.1491498401,5.9914645471,4.0,16,7.367811471120518,0.0,5,0,0,False,False,True,True,False,False,False,True,False,0.16763966577642503
CCCCOP(=O)(O)OCCNCCN(CCOP(=O)(O)OCCCC)CCN(CCOP(=O)(O)OCCCC)CCN(CCNCCOP(=O)(O)OCCCC)CCOP(=O)(O)OCCCC,0.95,25.0,30.0,30.0,1.0,19.25112439,4.577342790082164,1.791759469228055,8.7770481564,5.9914645471,5.0,4,6.994856401944476,0.0,5,0,0,False,False,True,True,False,False,False,True,False,0.16763966577642503
CCCCCOP(=O)(O)OCCNCCN(CCOP(=O)(O)OCCCCC)CCN(CCOP(=O)(O)OCCCCC)CCN(CCNCCOP(=O)(O)OCCCCC)CCOP(=O)(O)OCCCCC,0.95,25.0,30.0,30.0,1.0,20.49556556,4.639357365601563,1.791759469228055,8.8390621748,5.9914645471,5.0,5,7.057159282573701,0.0,5,0,0,False,False,True,True,False,False,False,True,False,0.16763966577642503
CCCCCCOP(=O)(O)OCCNCCN(CCOP(=O)(O)OCCCCCC)CCN(CCOP(=O)(O)OCCCCCC)CCN(CCNCCOP(=O)(O)OCCCCCC)CCOP(=O)(O)OCCCCCC,0.95,25.0,30.0,30.0,1.0,21.74000674,4.697749674482596,1.791759469228055,8.8974553568,5.9914645471,5.0,6,7.115807121179873,0.0,5,0,0,False,False,True,True,False,False,False,True,False,0.16763966577642503
CCCCCCCOP(=O)(O)OCCNCCN(CCOP(=O)(O)OCCCCCCC)CCN(CCOP(=O)(O)OCCCCCCC)CCN(CCNCCOP(=O)(O)OCCCCCCC)CCOP(=O)(O)OCCCCCCC,0.95,25.0,30.0,30.0,1.0,22.98444791,4.752919617615312,1.791759469228055,8.9526247857,5.9914645471,5.0,7,7.171205107857468,0.0,5,0,0,False,False,True,True,False,False,False,True,False,0.16763966577642503
CCCCCCCCOP(=O)(O)OCCNCCN(CCOP(=O)(O)OCCCCCCCC)CCN(CCOP(=O)(O)OCCCCCCCC)CCN(CCNCCOP(=O)(O)OCCCCCCCC)CCOP(=O)(O)OCCCCCCCC,0.95,25.0,30.0,30.0,1.0,24.22888909,4.80520432348111,1.791759469228055,9.0049090293,5.9914645471,5.0,8,7.223694578838974,0.0,5,0,0,False,False,True,True,False,False,False,True,False,0.16763966577642503
CCCCCCCCCOP(=O)(O)OCCNCCN(CCOP(=O)(O)OCCCCCCCCC)CCN(CCOP(=O)(O)OCCCCCCCCC)CCN(CCNCCOP(=O)(O)OCCCCCCCCC)CCOP(=O)(O)OCCCCCCCCC,0.95,25.0,30.0,30.0,1.0,25.47333027,4.854890632833089,1.791759469228055,9.0545960897,5.9914645471,5.0,9,7.27356576647946,0.0,5,0,0,False,False,True,True,False,False,False,True,False,0.16763966577642503
CCCCCCCCCCOP(=O)(O)OCCNCCN(CCOP(=O)(O)OCCCCCCCCCC)CCN(CCOP(=O)(O)OCCCCCCCCCC)CCN(CCNCCOP(=O)(O)OCCCCCCCCCC)CCOP(=O)(O)OCCCCCCCCCC,0.95,25.0,30.0,30.0,1.0,26.71777144,4.902224629236993,1.791759469228055,9.1019296536,5.9914645471,5.0,10,7.321067517668513,0.0,5,0,0,False,False,True,True,False,False,False,True,False,0.16763966577642503
CCCCCCCCCCCOP(=O)(O)OCCNCCN(CCOP(=O)(O)OCCCCCCCCCCC)CCN(CCOP(=O)(O)OCCCCCCCCCCC)CCN(CCNCCOP(=O)(O)OCCCCCCCCCCC)CCOP(=O)(O)OCCCCCCCCCCC,0.95,25.0,30.0,30.0,1.0,27.96221262,4.947419013790642,1.791759469228055,9.1471236436,5.9914645471,5.0,11,7.366414806527216,0.0,5,0,0,False,False,True,True,False,False,False,True,False,0.16763966577642503
CCCCCCCCCCCCOP(=O)(O)OCCNCCN(CCOP(=O)(O)OCCCCCCCCCCCC)CCN(CCOP(=O)(O)OCCCCCCCCCCCC)CCN(CCNCCOP(=O)(O)OCCCCCCCCCCCC)CCOP(=O)(O)OCCCCCCCCCCCC,0.95,25.0,30.0,30.0,1.0,29.20665379,4.990658880560122,1.791759469228055,9.1903641696,5.9914645471,5.0,12,7.40979461613251,0.0,5,0,0,False,False,True,True,False,False,False,True,False,0.16763966577642503
CCCCCCCCCCCCCOP(=O)(O)OCCNCCN(CCOP(=O)(O)OCCCCCCCCCCCCC)CCN(CCOP(=O)(O)OCCCCCCCCCCCCC)CCN(CCNCCOP(=O)(O)OCCCCCCCCCCCCC)CCOP(=O)(O)OCCCCCCCCCCCCC,0.95,25.0,30.0,30.0,1.0,30.45109497,5.032106299137417,1.791759469228055,9.2318112149,5.9914645471,5.0,13,7.451370596538852,0.0,5,0,0,False,False,True,True,False,False,False,True,False,0.16763966577642503
CCCCCCCCCCCCCCOP(=O)(O)OCCNCCN(CCOP(=O)(O)OCCCCCCCCCCCCCC)CCN(CCOP(=O)(O)OCCCCCCCCCCCCCC)CCN(CCNCCOP(=O)(O)OCCCCCCCCCCCCCC)CCOP(=O)(O)OCCCCCCCCCCCCCC,0.95,25.0,30.0,30.0,1.0,31.69553614,5.071903979518015,1.791759469228055,9.271609492,5.9914645471,5.0,14,7.491286792443455,0.0,5,0,0,False,False,True,True,False,False,False,True,False,0.16763966577642503
CCCCCCCCCCCCCCCOP(=O)(O)OCCNCCN(CCOP(=O)(O)OCCCCCCCCCCCCCCC)CCN(CCOP(=O)(O)OCCCCCCCCCCCCCCC)CCN(CCNCCOP(=O)(O)OCCCCCCCCCCCCCCC)CCOP(=O)(O)OCCCCCCCCCCCCCCC,0.95,25.0,30.0,30.0,1.0,32.93997732,5.1101782400629405,1.791759469228055,9.3098833988,5.9914645471,5.0,15,7.529670654942477,0.0,5,0,0,False,False,True,True,False,False,False,True,False,0.16763966577642503
CCCCCCCCCCCCCCCCOP(=O)(O)OCCNCCN(CCOP(=O)(O)OCCCCCCCCCCCCCCCC)CCN(CCOP(=O)(O)OCCCCCCCCCCCCCCCC)CCN(CCNCCOP(=O)(O)OCCCCCCCCCCCCCCCC)CCOP(=O)(O)OCCCCCCCCCCCCCCCC,0.95,25.0,30.0,30.0,1.0,34.18441849,5.147041423328127,1.791759469228055,9.3467462543,5.9914645471,5.0,16,7.5666354962841345,0.0,5,0,0,False,False,True,True,False,False,False,True,False,0.16763966577642503
