,Sanofi_goods_Sanofi_goods_muscle_intramuscular,Li_enzyme_catalyzed_Li_enzyme_catalyzed_generic_cell_in_vitro,He_4CR_aldehyde_He_4CR_aldehyde_spleen_intravenous,Chen_disulfide_Chen_disulfide_generic_cell_in_vitro,He_4CR_aldehyde_He_4CR_aldehyde_liver_intravenous,Yan_aza_michael_Yan_aza_michael_generic_cell_in_vitro,Chen_disulfide_Chen_disulfide_liver_intravenous
0,0.5075825744539916,-0.17353397747987492,-0.304409118987012,0.6955150391013819,0.38000794683531985,0.5562227552891023,
1,0.6532056804432852,0.012551092808470124,-0.07071067811865475,-0.05010030100351265,0.13235294117647056,-0.05385264535178942,
2,0.3086837988398818,0.3747058459206779,-0.166676955685207,,0.1546984936307524,0.22826932759316473,
3,0.23323159844398045,-0.07082882469748285,,0.28061596239711656,,0.16073945868737105,
4,0.5224551237711617,0.04771035755230135,0.3376908167529852,0.5308554527713634,0.27104164525691143,0.2964997266644405,
