,He_4CR_aldehyde_He_4CR_aldehyde_liver_intravenous,Sanofi_goods_Sanofi_goods_muscle_intramuscular,He_4CR_aldehyde_He_4CR_aldehyde_spleen_intravenous,Li_enzyme_catalyzed_Li_enzyme_catalyzed_generic_cell_in_vitro,Chen_disulfide_Chen_disulfide_generic_cell_in_vitro,Yan_aza_michael_Yan_aza_michael_generic_cell_in_vitro,Chen_disulfide_Chen_disulfide_liver_intravenous
0,1.0643748972068503e-15,4.69451574576656e-18,0.021680923128916414,,0.8209553564386993,0.9668745957658299,
1,4.931379908215713e-06,3.1188597482499856e-11,0.2767887920934327,0.37792126438314533,0.4890564015245566,0.5385719320794011,
2,3.0833660886935e-13,1.7187887061400376e-07,0.0005302214584700488,0.2377551038173812,,0.0021796980061159483,
3,0.029000311586424448,0.00037041499003553604,0.019942952127424637,0.5190005238157253,6.234751850866851e-05,0.3570772402568726,
4,0.18972790888281885,0.0013636049137030184,0.0677990743401773,0.20227337552286026,0.0009065757777862451,0.1826059497453086,
