,He_4CR_aldehyde_He_4CR_aldehyde_liver_intravenous,Sanofi_goods_Sanofi_goods_muscle_intramuscular,He_4CR_aldehyde_He_4CR_aldehyde_spleen_intravenous,Li_enzyme_catalyzed_Li_enzyme_catalyzed_generic_cell_in_vitro,Chen_disulfide_Chen_disulfide_generic_cell_in_vitro,Yan_aza_michael_Yan_aza_michael_generic_cell_in_vitro,Chen_disulfide_Chen_disulfide_liver_intravenous
0,0.8360989857800263,0.8830720535428076,0.30629774905574186,,0.04877290147703625,0.009653187691520768,
1,0.913730316747013,0.7725861188615561,0.3261528226059089,0.18842175900941602,0.1865577801675914,0.1422220187924988,
2,0.8395852310800542,0.732472232524116,0.49104227359030783,0.2504987987331452,,0.630586489646106,
3,0.581991293998269,0.561142792596047,0.6122670691457628,0.13838893886530076,0.8327342050405578,0.2116370505329005,
4,0.3456688193866271,0.5133975033249327,0.4675897705947749,0.26982337858770566,0.7459508907569633,0.378052967447098,
