,Sanofi_goods_Sanofi_goods_muscle_intramuscular,Li_enzyme_catalyzed_Li_enzyme_catalyzed_generic_cell_in_vitro,He_4CR_aldehyde_He_4CR_aldehyde_spleen_intravenous,Chen_disulfide_Chen_disulfide_generic_cell_in_vitro,He_4CR_aldehyde_He_4CR_aldehyde_liver_intravenous,Yan_aza_michael_Yan_aza_michael_generic_cell_in_vitro,Chen_disulfide_Chen_disulfide_liver_intravenous
0,3.647293310465225e-05,0.6972042466943833,0.002166045587704748,6.094855394357262e-08,2.5554140380983923e-05,0.004366609835901629,
1,1.3719258399287652e-09,0.10309531342556932,0.9866864945653842,0.3923461680669701,0.011595622250137426,0.9931996179758169,
2,0.0005918991012516791,0.1175579800901801,0.5522077389496266,,0.00155782803155484,0.17743532633165862,
3,0.03367416538325027,0.6544159188894287,,0.399422171751513,,0.6072936074773794,
4,1.4096244637592933e-07,0.6282996099546739,0.02677212219895752,0.01358760033575245,0.1078384538326005,0.3556106026697273,
