,Sanofi_goods_Sanofi_goods_muscle_intramuscular,Li_enzyme_catalyzed_Li_enzyme_catalyzed_generic_cell_in_vitro,He_4CR_aldehyde_He_4CR_aldehyde_spleen_intravenous,Chen_disulfide_Chen_disulfide_generic_cell_in_vitro,He_4CR_aldehyde_He_4CR_aldehyde_liver_intravenous,Yan_aza_michael_Yan_aza_michael_generic_cell_in_vitro,Chen_disulfide_Chen_disulfide_liver_intravenous
0,0.5443017009832184,-0.08375551137332209,-0.4408525140652598,0.8622368855248621,0.5783708564353214,0.5958604049264883,
1,0.7335017252745394,0.34087318313336246,-0.004539990531334814,-0.22958836196084337,0.5958787464035548,0.0019812215822276164,
2,0.5255014195995477,0.328073695312322,-0.17386716321301998,,0.761395214728913,0.3059276374163558,
3,0.35490251852240345,-0.09630135506223575,,0.22626522625748582,,0.11904005449146696,
4,0.7646003620945695,0.1041093676038222,0.6102220435981152,0.6021065325128018,0.4667649230133815,0.2672707650974407,
