,Sanofi_goods_Sanofi_goods_muscle_intramuscular,Li_enzyme_catalyzed_Li_enzyme_catalyzed_generic_cell_in_vitro,He_4CR_aldehyde_He_4CR_aldehyde_spleen_intravenous,Chen_disulfide_Chen_disulfide_generic_cell_in_vitro,He_4CR_aldehyde_He_4CR_aldehyde_liver_intravenous,Yan_aza_michael_Yan_aza_michael_generic_cell_in_vitro,Chen_disulfide_Chen_disulfide_liver_intravenous
0,0.7167188062172622,2.207798952548169,1.4317301416653692,0.9535746534663728,0.7963566900111394,1.2374410135341252,
1,1.2643390326554884,0.48184815919518065,2.3943826982204164,1.383097394631844,0.9204531165591074,2.0588847814368716,
2,1.1772735089028405,1.293639796309552,2.230962619972396,,1.4908601092840714,0.9918792747081899,
3,1.149949947656539,0.5819152161213869,,2.7254564449025573,,1.3241314857921924,
4,0.5816481629495818,0.5491148331156098,0.5428291411983938,1.192728985892477,0.7400868729463184,1.402481770528449,
