,Sanofi_goods_Sanofi_goods_muscle_intramuscular,Li_enzyme_catalyzed_Li_enzyme_catalyzed_generic_cell_in_vitro,He_4CR_aldehyde_He_4CR_aldehyde_spleen_intravenous,Chen_disulfide_Chen_disulfide_generic_cell_in_vitro,He_4CR_aldehyde_He_4CR_aldehyde_liver_intravenous,Yan_aza_michael_Yan_aza_michael_generic_cell_in_vitro,Chen_disulfide_Chen_disulfide_liver_intravenous
0,0.6582697754423523,-0.19816802334608022,-0.4203967558875419,0.8406730056204016,0.5288975137478489,0.6470526538209017,
1,0.8467853612393097,0.004185820134832369,-0.08401680504168059,-0.07116548187375767,0.17401960784313728,-0.08819481950135878,
2,0.44129937500736865,0.5129933027953398,-0.20704896041358153,,0.2508252342879179,0.256722734258318,
3,0.33174507843388773,-0.0777853992148912,,0.3525679518740546,,0.26326623408184996,
4,0.7087158034524974,0.08362382028415384,0.42975369682744874,0.6188422143604214,0.4103360784175298,0.38613570212387727,
