IL_SMILES,Experiment_value,rel,IL_molratio,HL_molratio,CHL_molratio,PEG_molratio,IL_to_nucleicacid_massratio,molwtlog1p,Nitrogen.Count,Rotatable.Bonds,LogP,Fraction.sp3.Carbons,Topological.Polar.Surface.Area,Hydrogen.Bond.Donors,Hydrogen.Bond.Acceptors,Heavy.Atoms,van.der.Waals.Molecular.Volume,Molar.Refractivity,has_ester,has_carbonate,has_disulfide,Cargo_type_FLuc,Cargo_type_GFP,Model_type_A549,Model_type_BeWo_b30,Model_type_DC2.4,Model_type_HEK293T,Model_type_HeLa,Model_type_HepG2,Model_type_IGROV1,Model_type_RAW264.7,HL_name_14PA,HL_name_18PG,HL_name_DDAB,HL_name_DOPE,HL_name_DOTAP,HL_name_DSPC,HL_name_MDOA,num_protonatable_nitrogens,num_unsaturated_cc_bonds,Num_carbon_in_tail,Dose_ug_nucleicacid,Sample_weight
CCCCCCCCCCCCCCCCCCOC(=O)OC(C/C=C\CCCCCCCCOC(=O)CCN1CCC(CCCC2CCN(CCO)CC2)CC1)CCCCCC,2.525359966,3,35.0,16.0,46.5,2.5,10.0,6.791721337767835,2,43,14.936999999999967,0.9272727272727272,88.54,1,8,63,888.789439048,265.4427999999989,1,1,0,1,0,1,0,0,0,0,0,0,0,0,0,0,1,0,0,0,2,1,18,0.05,1.0
CCCCCCCC/C=C\CCCCCCCCOC(=O)OC(C/C=C\CCCCCCCCOC(=O)CCN1CCC(CCCC2CCN(CCO)CC2)CC1)CCCCCC,2.404854895,3,35.0,16.0,46.5,2.5,10.0,6.789454734441126,2,42,14.712999999999967,0.8909090909090909,88.54,1,8,63,886.773788984,265.3487999999989,1,1,0,1,0,1,0,0,0,0,0,0,0,0,0,0,1,0,0,0,2,2,18,0.05,1.0
CCCCCCCCCCCCCCCCCCOC(=O)OC(C/C=C\CCCCCCCCOC(=O)CCN(CCCN1CCN(C)CC1)CCC(=O)OCCCCCCCC/C=C\CC(CCCCCC)OC(=O)OCCCCCCCCCCCCCCCCCC)CCCCCC,2.378635461,3,35.0,16.0,46.5,2.5,10.0,7.264250706808816,3,78,25.653900000000043,0.9090909090909092,133.38,0,13,101,1426.265148544,427.3500000000021,1,1,0,1,0,1,0,0,0,0,0,0,0,0,0,0,1,0,0,0,3,2,18,0.05,1.0
CCCCC/C=C\C/C=C\CCCCCCCCOC(=O)OC(C/C=C\CCCCCCCCOC(=O)CCN(CCO)CCC(=O)OCCCCCCCC/C=C\CC(CCCCCC)OC(=O)OCCCCCCCC/C=C\C/C=C\CCCCC)CCCCCC,2.306718502,3,35.0,16.0,46.5,2.5,10.0,7.1884686261737665,1,72,24.112700000000025,0.8048780487804879,147.13,1,12,94,1322.0974145240002,395.5058000000016,1,1,0,1,0,1,0,0,0,0,0,0,0,0,0,0,1,0,0,0,1,6,18,0.05,1.0
CCCCCC#CCOC(=O)OC(C/C=C\CCCCCCCCOC(=O)CCN(CCC(=O)OCCCCCCCC/C=C\CC(CCCCCC)OC(=O)OCC#CCCCCC)CCN(C)CCN(CCC(=O)OCCCCCCCC/C=C\CC(CCCCCC)OC(=O)OCC#CCCCCC)CCC(=O)OCCCCCCCC/C=C\CC(CCCCCC)OC(=O)OCC#CCCCCC)CCCCCC,2.227180493,3,35.0,16.0,46.5,2.5,10.0,7.64064995699707,3,102,32.267000000000095,0.808,257.03999999999996,0,23,148,2078.5898962799993,604.5770000000025,1,1,0,1,0,1,0,0,0,0,0,0,0,0,0,0,1,0,0,0,3,8,12,0.05,1.0
CCCCCCCCCCCCCCCCCCOC(=O)OC(C/C=C\CCCCCCCCOC(=O)CCN(CCCN1CCN(CCCN(CCC(=O)OCCCCCCCC/C=C\CC(CCCCCC)OC(=O)OCCCCCCCCCCCCCCCCCC)CCC(=O)OCCCCCCCC/C=C\CC(CCCCCC)OC(=O)OCCCCCCCCCCCCCCCCCC)CC1)CCC(=O)OCCCCCCCC/C=C\CC(CCCCCC)OC(=O)OCCCCCCCCCCCCCCCCCC)CCCCCC,2.226998603,3,35.0,16.0,46.5,2.5,10.0,7.916237879231815,4,156,51.444199999999725,0.9058823529411764,260.2799999999999,0,24,194,2738.414598639999,819.7060000000035,1,1,0,1,0,1,0,0,0,0,0,0,0,0,0,0,1,0,0,0,4,4,18,0.05,1.0
CCCCCCCC/C=C\CCCCCCCCOC(=O)OC(C/C=C\CCCCCCCCOC(=O)CCN(CCCN1CCN(C)CC1)CCC(=O)OCCCCCCCC/C=C\CC(CCCCCC)OC(=O)OCCCCCCCC/C=C\CCCCCCCC)CCCCCC,2.176469539,3,35.0,16.0,46.5,2.5,10.0,7.261423808181602,3,76,25.20590000000004,0.8636363636363636,133.38,0,13,101,1422.2338484160002,427.1620000000022,1,1,0,1,0,1,0,0,0,0,0,0,0,0,0,0,1,0,0,0,3,4,18,0.05,1.0
CCCCCCCCCCCCCCCCCCOC(=O)OC(C/C=C\CCCCCCCCOC(=O)CCN(CCC(=O)OCCCCCCCC/C=C\CC(CCCCCC)OC(=O)OCCCCCCCCCCCCCCCCCC)CCc1ccccn1)CCCCCC,2.166059015,3,35.0,16.0,46.5,2.5,10.0,7.239376482631739,2,77,26.65410000000005,0.8505747126436781,139.79000000000002,0,12,99,1391.1916492560003,416.737000000002,1,1,0,1,0,1,0,0,0,0,0,0,0,0,0,0,1,0,0,0,2,2,18,0.05,1.0
CCCCC/C=C\C/C=C\CCCCCCCCOC(=O)OC(C/C=C\CCCCCCCCOC(=O)CCN(CCCN1CCN(C)CC1)CCC(=O)OCCCCCCCC/C=C\CC(CCCCCC)OC(=O)OCCCCCCCC/C=C\C/C=C\CCCCC)CCCCCC,2.071714893,3,35.0,16.0,46.5,2.5,10.0,7.258588895538378,3,74,24.75790000000004,0.8181818181818182,133.38,0,13,101,1418.202548288,426.9740000000022,1,1,0,1,0,1,0,0,0,0,0,0,0,0,0,0,1,0,0,0,3,6,18,0.05,1.0
CCCCCCCCCCCCCCCCCCOC(=O)OC(C/C=C\CCCCCCCCOC(=O)CCN(CCCN(C)C)CCCN(CCC(=O)OCCCCCCCC/C=C\CC(CCCCCC)OC(=O)OCCCCCCCCCCCCCCCCCC)CCC(=O)OCCCCCCCC/C=C\CC(CCCCCC)OC(=O)OCCCCCCCCCCCCCCCCCC)CCCCCC,2.052864271,3,35.0,16.0,46.5,2.5,10.0,7.6330588559864845,3,119,39.02419999999996,0.90625,195.20999999999995,0,18,146,2062.834424076,619.202000000003,1,1,0,1,0,1,0,0,0,0,0,0,0,0,0,0,1,0,0,0,3,3,18,0.05,1.0
CCCCCCCC/C=C\CCCCCCCCOC(=O)OC(C/C=C\CCCCCCCCOC(=O)CCN(CCCN(C)C)CCC(=O)OCCCCCCCC/C=C\CC(CCCCCC)OC(=O)OCCCCCCCC/C=C\CCCCCCCC)CCCCCC,2.015563649,2,35.0,16.0,46.5,2.5,10.0,7.2219840977141025,2,76,25.52010000000004,0.8588235294117647,130.14,0,12,97,1367.191649256,411.7790000000019,1,1,0,1,0,1,0,0,0,0,0,0,0,0,0,0,1,0,0,0,2,4,18,0.05,1.0
CCCCC/C=C\C/C=C\CCCCCCCCOC(=O)OC(C/C=C\CCCCCCCCOC(=O)CCN1CCC(CCCC2CCN(CCO)CC2)CC1)CCCCCC,2.007198727,2,35.0,16.0,46.5,2.5,10.0,6.787182981950455,2,41,14.48899999999997,0.8545454545454545,88.54,1,8,63,884.75813892,265.2547999999989,1,1,0,1,0,1,0,0,0,0,0,0,0,0,0,0,1,0,0,0,2,3,18,0.05,1.0
CCCCCCCCCCCCCCCCCCOC(=O)OC(C/C=C\CCCCCCCCOC(=O)CCN(CCCN(C)C)CCC(=O)OCCCCCCCC/C=C\CC(CCCCCC)OC(=O)OCCCCCCCCCCCCCCCCCC)CCCCCC,1.99066982,2,35.0,16.0,46.5,2.5,10.0,7.224924549170173,2,78,25.96810000000005,0.9058823529411764,130.14,0,12,97,1371.222949384,411.96700000000175,1,1,0,1,0,1,0,0,0,0,0,0,0,0,0,0,1,0,0,0,2,2,18,0.05,1.0
CCCCCCCC/C=C\CCCCCCCCOC(=O)OC(C/C=C\CCCCCCCCOC(=O)CCN(CCC(=O)OCCCCCCCC/C=C\CC(CCCCCC)OC(=O)OCCCCCCCC/C=C\CCCCCCCC)CCN(C)C)CCCCCC,1.968753678,2,35.0,16.0,46.5,2.5,10.0,7.211686614177809,2,75,25.13000000000004,0.8571428571428571,130.14,0,12,96,1353.1759991920003,407.1620000000018,1,1,0,1,0,1,0,0,0,0,0,0,0,0,0,0,1,0,0,0,2,4,18,0.05,1.0
CCCCC#CCOC(=O)OC(C/C=C\CCCCCCCCOC(=O)CCN(CCC(=O)OCCCCCCCC/C=C\CC(CCCCCC)OC(=O)OCC#CCCCC)CCN(C)CCN(CCC(=O)OCCCCCCCC/C=C\CC(CCCCCC)OC(=O)OCC#CCCCC)CCC(=O)OCCCCCCCC/C=C\CC(CCCCCC)OC(=O)OCC#CCCCC)CCCCCC,1.920741817,2,35.0,16.0,46.5,2.5,10.0,7.613319053597155,3,98,30.70660000000009,0.8016528925619835,257.03999999999996,0,23,144,2022.5272960239995,586.1090000000025,1,1,0,1,0,1,0,0,0,0,0,0,0,0,0,0,1,0,0,0,3,8,12,0.05,1.0
CCCCCCC#CCCOC(=O)OC(C/C=C\CCCCCCCCOC(=O)CCN(C)CCN(CCN(C)CCC(=O)OCCCCCCCC/C=C\CC(CCCCCC)OC(=O)OCCC#CCCCCCC)CCN(C)CCC(=O)OCCCCCCCC/C=C\CC(CCCCCC)OC(=O)OCCC#CCCCCCC)CCCCCC,1.909499462,2,35.0,16.0,46.5,2.5,10.0,7.4648856952241776,4,87,26.483000000000057,0.8285714285714286,198.44999999999996,0,19,124,1743.3914712519995,512.2830000000023,1,1,0,1,0,1,0,0,0,0,0,0,0,0,0,0,1,0,0,0,4,6,12,0.05,1.0
CCCCCCCC/C=C\CCCCCCCCOC(=O)OC(C/C=C\CCCCCCCCOC(=O)CCN(CCC(=O)OCCCCCCCC/C=C\CC(CCCCCC)OC(=O)OCCCCCCCC/C=C\CCCCCCCC)CCN(CC)CC)CCCCCC,1.904280719,2,35.0,16.0,46.5,2.5,10.0,7.232176622971359,2,77,25.91020000000004,0.8604651162790697,130.14,0,12,98,1381.2072993200002,416.39600000000195,1,1,0,1,0,1,0,0,0,0,0,0,0,0,0,0,1,0,0,0,2,4,18,0.05,1.0
CCCCCCCC/C=C\CCCCCCCCOC(=O)OC(C/C=C\CCCCCCCCOC(=O)CCN(CCC(=O)OCCCCCCCC/C=C\CC(CCCCCC)OC(=O)OCCCCCCCC/C=C\CCCCCCCC)CCc1ccccn1)CCCCCC,1.896378149,2,35.0,16.0,46.5,2.5,10.0,7.236478281985931,2,75,26.206100000000045,0.8045977011494253,139.79000000000002,0,12,99,1387.1603491280002,416.5490000000021,1,1,0,1,0,1,0,0,0,0,0,0,0,0,0,0,1,0,0,0,2,4,18,0.05,1.0
CCCCCCCC/C=C\CCCCCCCCOC(=O)OC(C/C=C\CCCCCCCCOC(=O)CCN1CCC(N2CCN(CC)CC2)CC1)CCCCCC,1.891845891,2,35.0,16.0,46.5,2.5,10.0,6.723035248147549,3,38,13.22829999999998,0.8823529411764706,71.55,0,8,59,829.72717314,249.23299999999873,1,1,0,1,0,1,0,0,0,0,0,0,0,0,0,0,1,0,0,0,3,2,18,0.05,1.0
CCCCCCC#CCOC(=O)OC(C/C=C\CCCCCCCCOC(=O)CCN1CCN(c2ccncc2)CC1)CCCCCC,1.867163245,2,35.0,16.0,46.5,2.5,10.0,6.505748185045263,3,26,9.279900000000003,0.725,81.2,0,8,48,667.49242218,196.0569999999992,1,1,0,1,0,1,0,0,0,0,0,0,0,0,0,0,1,0,0,0,3,2,12,0.05,1.0
CCCCCCCCCCCCCCCCCCOC(=O)OC(C/C=C\CCCCCCCCOC(=O)CCN(CCCN(CC)CC)CCC(=O)OCCCCCCCC/C=C\CC(CCCCCC)OC(=O)OCCCCCCCCCCCCCCCCCC)CCCCCC,1.847910163,2,35.0,16.0,46.5,2.5,10.0,7.245147806291654,2,80,26.74830000000005,0.9080459770114944,130.14,0,12,99,1399.254249512,421.2010000000019,1,1,0,1,0,1,0,0,0,0,0,0,0,0,0,0,1,0,0,0,2,2,18,0.05,1.0
CCCCCCCC/C=C\CCCCCCCCOC(=O)OC(C/C=C\CCCCCCCCOC(=O)CCN(CCCN1CCCCC1)CCC(=O)OCCCCCCCC/C=C\CC(CCCCCC)OC(=O)OCCCCCCCC/C=C\CCCCCCCC)CCCCCC,1.809339902,2,35.0,16.0,46.5,2.5,10.0,7.250825699631576,2,76,26.444400000000048,0.8636363636363636,130.14,0,12,100,1407.222949384,423.5160000000021,1,1,0,1,0,1,0,0,0,0,0,0,0,0,0,0,1,0,0,0,2,4,18,0.05,1.0
CCCCC/C=C\C/C=C\CCCCCCCCOC(=O)OC(C/C=C\CCCCCCCCOC(=O)CCN(CCC(=O)OCCCCCCCC/C=C\CC(CCCCCC)OC(=O)OCCCCCCCC/C=C\C/C=C\CCCCC)CCN(CC)CC)CCCCCC,1.794006285,2,35.0,16.0,46.5,2.5,10.0,7.229257449792367,2,75,25.46220000000004,0.813953488372093,130.14,0,12,98,1377.1759991920003,416.208000000002,1,1,0,1,0,1,0,0,0,0,0,0,0,0,0,0,1,0,0,0,2,6,18,0.05,1.0
CCCC#CCOC(=O)OC(C/C=C\CCCCCCCCOC(=O)CCN(CCC(=O)OCCCCCCCC/C=C\CC(CCCCCC)OC(=O)OCC#CCCC)CCN(C)CCN(CCC(=O)OCCCCCCCC/C=C\CC(CCCCCC)OC(=O)OCC#CCCC)CCC(=O)OCCCCCCCC/C=C\CC(CCCCCC)OC(=O)OCC#CCCC)CCCCCC,1.789031042,2,35.0,16.0,46.5,2.5,10.0,7.585220132139975,3,94,29.14620000000008,0.7948717948717948,257.03999999999996,0,23,140,1966.4646957679995,567.6410000000025,1,1,0,1,0,1,0,0,0,0,0,0,0,0,0,0,1,0,0,0,3,8,12,0.05,1.0
CCCCCCCCCCCCCCCCCCOC(=O)OC(C/C=C\CCCCCCCCOC(=O)CCN(CCCN1CCCCC1)CCC(=O)OCCCCCCCC/C=C\CC(CCCCCC)OC(=O)OCCCCCCCCCCCCCCCCCC)CCCCCC,1.786994725,2,35.0,16.0,46.5,2.5,10.0,7.253682674374104,2,78,26.892400000000052,0.9090909090909092,130.14,0,12,100,1411.254249512,423.704000000002,1,1,0,1,0,1,0,0,0,0,0,0,0,0,0,0,1,0,0,0,2,2,18,0.05,1.0
CCCCC/C=C\C/C=C\CCCCCCCCOC(=O)OC(C/C=C\CCCCCCCCOC(=O)CCN(CCCN1CCCCC1)CCC(=O)OCCCCCCCC/C=C\CC(CCCCCC)OC(=O)OCCCCCCCC/C=C\C/C=C\CCCCC)CCCCCC,1.758669202,2,35.0,16.0,46.5,2.5,10.0,7.247960539192457,2,74,25.996400000000044,0.8181818181818182,130.14,0,12,100,1403.191649256,423.3280000000022,1,1,0,1,0,1,0,0,0,0,0,0,0,0,0,0,1,0,0,0,2,6,18,0.05,1.0
CCCCCCCCCCCCCCCCCCOC(=O)OC(C/C=C\CCCCCCCCOC(=O)CCN(C)CCCN(C)CCC(=O)OCCCCCCCC/C=C\CC(CCCCCC)OC(=O)OCCCCCCCCCCCCCCCCCC)CCCCCC,1.757412383,2,35.0,16.0,46.5,2.5,10.0,7.224924549170173,2,78,25.96810000000005,0.9058823529411764,130.14,0,12,97,1371.222949384,411.96700000000175,1,1,0,1,0,1,0,0,0,0,0,0,0,0,0,0,1,0,0,0,2,2,18,0.05,1.0
CCCCCCCC/C=C\CCCCCCCCOC(=O)OC(C/C=C\CCCCCCCCOC(=O)CCN(CCN(CC)CC)CCN(CC)CC)CCCCCC,1.755394642,2,35.0,16.0,46.5,2.5,10.0,6.7445255086615825,3,46,14.111999999999975,0.8846153846153846,71.55,0,8,60,847.7741233319999,258.0999999999987,1,1,0,1,0,1,0,0,0,0,0,0,0,0,0,0,1,0,0,0,3,2,18,0.05,1.0
CCCCC/C=C\C/C=C\CCCCCCCCOC(=O)OC(C/C=C\CCCCCCCCOC(=O)CCN1CCC(CO)CC1)CCCCCC,1.750151915,2,35.0,16.0,46.5,2.5,10.0,6.616294074598275,1,36,12.60669999999998,0.8260869565217391,85.30000000000001,1,7,53,745.6220393760001,222.239799999999,1,1,0,1,0,1,0,0,0,0,0,0,0,0,0,0,1,0,0,0,1,3,18,0.05,1.0
CCCCC/C=C\C/C=C\CCCCCCCCOC(=O)OC(C/C=C\CCCCCCCCOC(=O)CCN1CCC(N2CCN(CC)CC2)CC1)CCCCCC,1.746457478,2,35.0,16.0,46.5,2.5,10.0,6.720607293697743,3,37,13.00429999999998,0.8431372549019608,71.55,0,8,59,827.7115230759999,249.1389999999988,1,1,0,1,0,1,0,0,0,0,0,0,0,0,0,0,1,0,0,0,3,3,18,0.05,1.0
CCCCC/C=C\C/C=C\CCCCCCCCOC(=O)OC(C/C=C\CCCCCCCCOC(=O)CCN(C)CCO)CCCCCC,1.741560748,2,35.0,16.0,46.5,2.5,10.0,6.5611805839369435,1,37,11.826499999999983,0.813953488372093,85.30000000000001,1,7,50,705.5907392480001,210.5727999999991,1,1,0,1,0,1,0,0,0,0,0,0,0,0,0,0,1,0,0,0,1,3,18,0.05,1.0
CCCCC/C=C\C/C=C\CCCCCCCCOC(=O)OC(C/C=C\CCCCCCCCOC(=O)CCN(CCCN1CCN(CCCN(CCC(=O)OCCCCCCCC/C=C\CC(CCCCCC)OC(=O)OCCCCCCCC/C=C\C/C=C\CCCCC)CCC(=O)OCCCCCCCC/C=C\CC(CCCCCC)OC(=O)OCCCCCCCC/C=C\C/C=C\CCCCC)CC1)CCC(=O)OCCCCCCCC/C=C\CC(CCCCCC)OC(=O)OCCCCCCCC/C=C\C/C=C\CCCCC)CCCCCC,1.727784758,2,35.0,16.0,46.5,2.5,10.0,7.910337462094889,4,148,49.65219999999976,0.8117647058823529,260.2799999999999,0,24,194,2722.289398127999,818.9540000000032,1,1,0,1,0,1,0,0,0,0,0,0,0,0,0,0,1,0,0,0,4,12,18,0.05,1.0
CCCCC#CCOC(=O)OC(C/C=C\CCCCCCCCOC(=O)CCN(CCC(=O)OCCCCCCCC/C=C\CC(CCCCCC)OC(=O)OCC#CCCCC)CCN1CCCCN(C)CC1)CCCCCC,1.72183057,2,35.0,16.0,46.5,2.5,10.0,7.026146129881404,3,49,15.908199999999963,0.8208955223880597,133.38000000000002,0,13,80,1123.873896944,327.47700000000026,1,1,0,1,0,1,0,0,0,0,0,0,0,0,0,0,1,0,0,0,3,4,12,0.05,1.0
CCCCC/C=C\C/C=C\CCCCCCCCOC(=O)OC(C/C=C\CCCCCCCCOC(=O)CCN(CCC(=O)OCCCCCCCC/C=C\CC(CCCCCC)OC(=O)OCCCCCCCC/C=C\C/C=C\CCCCC)CCc1cn(CCC(=O)OCCCCCCCC/C=C\CC(CCCCCC)OC(=O)OCCCCCCCC/C=C\C/C=C\CCCCC)cn1)CCCCCC,1.717655214,2,35.0,16.0,46.5,2.5,10.0,7.603465671705245,3,108,37.4756,0.784,206.54999999999995,0,18,143,2002.646623308,600.3410000000026,1,1,0,1,0,1,0,0,0,0,0,0,0,0,0,0,1,0,0,0,2,9,18,0.05,1.0
CCCCC/C=C\C/C=C\CCCCCCCCOC(=O)OC(C/C=C\CCCCCCCCOC(=O)CCN(CCCN(C)C)CCC(=O)OCCCCCCCC/C=C\CC(CCCCCC)OC(=O)OCCCCCCCC/C=C\C/C=C\CCCCC)CCCCCC,1.710497801,2,35.0,16.0,46.5,2.5,10.0,7.219034974498111,2,74,25.07210000000003,0.8117647058823529,130.14,0,12,97,1363.160349128,411.59100000000194,1,1,0,1,0,1,0,0,0,0,0,0,0,0,0,0,1,0,0,0,2,6,18,0.05,1.0
CCCC#CCOC(=O)OC(C/C=C\CCCCCCCCOC(=O)CCN1CCN(CCC(=O)OCCCCCCCC/C=C\CC(CCCCCC)OC(=O)OCC#CCCC)CCN(CCC(=O)OCCCCCCCC/C=C\CC(CCCCCC)OC(=O)OCC#CCCC)CC1)CCCCCC,1.705588284,2,35.0,16.0,46.5,2.5,10.0,7.325293874990826,3,66,21.624000000000013,0.8,195.20999999999995,0,18,108,1516.1301711959998,437.26800000000213,1,1,0,1,0,1,0,0,0,0,0,0,0,0,0,0,1,0,0,0,3,6,12,0.05,1.0
CCCCCCC#CCCOC(=O)OC(C/C=C\CCCCCCCCOC(=O)CCN(C)CCCN(C)CCCN(C)CCC(=O)OCCCCCCCC/C=C\CC(CCCCCC)OC(=O)OCCC#CCCCCCC)CCCCCC,1.703501087,2,35.0,16.0,46.5,2.5,10.0,7.099913298760421,3,60,18.494799999999987,0.8356164383561644,133.38,0,13,86,1209.9834473920002,357.2930000000008,1,1,0,1,0,1,0,0,0,0,0,0,0,0,0,0,1,0,0,0,3,4,12,0.05,1.0
CCCCCCCC/C=C\CCCCCCCCOC(=O)OC(C/C=C\CCCCCCCCOC(=O)CCN(CCCN1CCN(CCCN(CCC(=O)OCCCCCCCC/C=C\CC(CCCCCC)OC(=O)OCCCCCCCC/C=C\CCCCCCCC)CCC(=O)OCCCCCCCC/C=C\CC(CCCCCC)OC(=O)OCCCCCCCC/C=C\CCCCCCCC)CC1)CCC(=O)OCCCCCCCC/C=C\CC(CCCCCC)OC(=O)OCCCCCCCC/C=C\CCCCCCCC)CCCCCC,1.680235662,2,35.0,16.0,46.5,2.5,10.0,7.913292022522338,4,152,50.548199999999746,0.8588235294117647,260.2799999999999,0,24,194,2730.3519983839997,819.3300000000035,1,1,0,1,0,1,0,0,0,0,0,0,0,0,0,0,1,0,0,0,4,8,18,0.05,1.0
CCCCC/C=C\C/C=C\CCCCCCCCOC(=O)OC(C/C=C\CCCCCCCCOC(=O)CCN(CCCN(CC)CC)CCC(=O)OCCCCCCCC/C=C\CC(CCCCCC)OC(=O)OCCCCCCCC/C=C\C/C=C\CCCCC)CCCCCC,1.670481961,2,35.0,16.0,46.5,2.5,10.0,7.239376482631738,2,76,25.85230000000004,0.8160919540229885,130.14,0,12,99,1391.191649256,420.82500000000215,1,1,0,1,0,1,0,0,0,0,0,0,0,0,0,0,1,0,0,0,2,6,18,0.05,1.0
CCCCCCC#CCOC(=O)OC(C/C=C\CCCCCCCCOC(=O)CCN1CCN=C1C)CCCCCC,1.666422216,2,35.0,16.0,46.5,2.5,10.0,6.379908954770692,2,25,8.796700000000007,0.8,77.43,0,7,42,588.45022302,172.71599999999953,1,1,0,1,0,1,0,0,0,0,0,0,0,0,0,0,1,0,0,0,1,2,12,0.05,1.0
CCCC#CCOC(=O)OC(C/C=C\CCCCCCCCOC(=O)CCN(CCC(=O)OCCCCCCCC/C=C\CC(CCCCCC)OC(=O)OCC#CCCC)CCN(C)C)CCCCCC,1.665309499,2,35.0,16.0,46.5,2.5,10.0,6.922147216429115,2,47,14.661999999999972,0.8,130.14,0,12,72,1012.769097528,293.62599999999964,1,1,0,1,0,1,0,0,0,0,0,0,0,0,0,0,1,0,0,0,2,4,12,0.05,1.0
CCCCCCC#CCOC(=O)OC(C/C=C\CCCCCCCCOC(=O)CCN(CCC(=O)OCCCCCCCC/C=C\CC(CCCCCC)OC(=O)OCC#CCCCCCC)CCN(C)CCN(CCC(=O)OCCCCCCCC/C=C\CC(CCCCCC)OC(=O)OCC#CCCCCCC)CCC(=O)OCCCCCCCC/C=C\CC(CCCCCC)OC(=O)OCC#CCCCCCC)CCCCCC,1.660721888,2,35.0,16.0,46.5,2.5,10.0,7.667253711689576,3,106,33.82740000000006,0.813953488372093,257.03999999999996,0,23,152,2134.6524965359995,623.0450000000026,1,1,0,1,0,1,0,0,0,0,0,0,0,0,0,0,1,0,0,0,3,8,12,0.05,1.0
CCC#CCOC(=O)OC(C/C=C\CCCCCCCCOC(=O)CCN(CCC(=O)OCCCCCCCC/C=C\CC(CCCCCC)OC(=O)OCC#CCC)CCN(CCC(=O)OCCCCCCCC/C=C\CC(CCCCCC)OC(=O)OCC#CCC)CCN1CCN(CCN(CCC(=O)OCCCCCCCC/C=C\CC(CCCCCC)OC(=O)OCC#CCC)CCC(=O)OCCCCCCCC/C=C\CC(CCCCCC)OC(=O)OCC#CCC)CC1)CCCCCC,1.658262899,2,35.0,16.0,46.5,2.5,10.0,7.807739784021977,5,114,34.089500000000065,0.7931034482758621,325.35,0,30,175,2456.8053683399985,705.6950000000027,1,1,0,1,0,1,0,0,0,0,0,0,0,0,0,0,1,0,0,0,5,10,12,0.05,1.0
CCCCC/C=C\C/C=C\CCCCCCCCOC(=O)OC(C/C=C\CCCCCCCCOC(=O)CCN1CCN(CCN(C)C)CC1)CCCCCC,1.622829222,2,35.0,16.0,46.5,2.5,10.0,6.671090729563147,3,38,12.081599999999986,0.8333333333333334,71.55,0,8,56,787.6802229479999,237.42399999999887,1,1,0,1,0,1,0,0,0,0,0,0,0,0,0,0,1,0,0,0,3,3,18,0.05,1.0
CCCCCCCC/C=C\CCCCCCCCOC(=O)OC(C/C=C\CCCCCCCCOC(=O)CCN(CCCN(CC)CC)CCC(=O)OCCCCCCCC/C=C\CC(CCCCCC)OC(=O)OCCCCCCCC/C=C\CCCCCCCC)CCCCCC,1.612662532,2,35.0,16.0,46.5,2.5,10.0,7.242266307978016,2,78,26.30030000000005,0.8620689655172413,130.14,0,12,99,1395.222949384,421.013000000002,1,1,0,1,0,1,0,0,0,0,0,0,0,0,0,0,1,0,0,0,2,4,18,0.05,1.0
CCCCCCCCCCCCCCCCCCOC(=O)OC(C/C=C\CCCCCCCCOC(=O)CCN(CCC(=O)OCCCCCCCC/C=C\CC(CCCCCC)OC(=O)OCCCCCCCCCCCCCCCCCC)CCN(CC)CC)CCCCCC,1.608986834,2,35.0,16.0,46.5,2.5,10.0,7.2350872993758415,2,79,26.358200000000046,0.9069767441860463,130.14,0,12,98,1385.2385994480003,416.5840000000019,1,1,0,1,0,1,0,0,0,0,0,0,0,0,0,0,1,0,0,0,2,2,18,0.05,1.0
CCCCC/C=C\C/C=C\CCCCCCCCOC(=O)OC(C/C=C\CCCCCCCCOC(=O)CCN(CCN(CC)CC)CCN(CC)CC)CCCCCC,1.603898281,2,35.0,16.0,46.5,2.5,10.0,6.742149236309026,3,45,13.887999999999977,0.8461538461538461,71.55,0,8,60,845.758473268,258.0059999999987,1,1,0,1,0,1,0,0,0,0,0,0,0,0,0,0,1,0,0,0,3,3,18,0.05,1.0
CCCCCCCC/C=C\CCCCCCCCOC(=O)OC(C/C=C\CCCCCCCCOC(=O)CCN1CCN(c2cccnc2)CC1)CCCCCC,1.585372247,2,35.0,16.0,46.5,2.5,10.0,6.681149491037721,3,37,13.343599999999975,0.7755102040816326,81.2,0,8,57,795.6489228199999,238.97399999999888,1,1,0,1,0,1,0,0,0,0,0,0,0,0,0,0,1,0,0,0,3,2,18,0.05,1.0
CCCCCCC#CCCOC(=O)OC(C/C=C\CCCCCCCCOC(=O)CCN(CCC(=O)OCCCCCCCC/C=C\CC(CCCCCC)OC(=O)OCCC#CCCCCCC)CCN(CCC(=O)OCCCCCCCC/C=C\CC(CCCCCC)OC(=O)OCCC#CCCCCCC)CCN1CCN(CCN(CCC(=O)OCCCCCCCC/C=C\CC(CCCCCC)OC(=O)OCCC#CCCCCCC)CCC(=O)OCCCCCCCC/C=C\CC(CCCCCC)OC(=O)OCCC#CCCCCCC)CC1)CCCCCC,1.571381431,2,35.0,16.0,46.5,2.5,10.0,7.941025167933298,5,139,43.84199999999986,0.8235294117647058,325.35,0,30,200,2807.196619939999,821.1200000000032,1,1,0,1,0,1,0,0,0,0,0,0,0,0,0,0,1,0,0,0,5,10,12,0.05,1.0
CCCCCCCCCCCCCCCCCCOC(=O)OC(C/C=C\CCCCCCCCOC(=O)CCN(CCCN(CCC(=O)OCCCCCCCC/C=C\CC(CCCCCC)OC(=O)OCCCCCCCCCCCCCCCCCC)CCN(CCCN(CCC(=O)OCCCCCCCC/C=C\CC(CCCCCC)OC(=O)OCCCCCCCCCCCCCCCCCC)CCC(=O)OCCCCCCCC/C=C\CC(CCCCCC)OC(=O)OCCCCCCCCCCCCCCCCCC)CCC(=O)OCCCCCCCC/C=C\CC(CCCCCC)OC(=O)OCCCCCCCCCCCCCCCCCC)CCC(=O)OCCCCCCCC/C=C\CC(CCCCCC)OC(=O)OCCCCCCCCCCCCCCCCCC)CCCCCC,1.543101528,2,35.0,16.0,46.5,2.5,10.0,8.290406511962203,4,233,77.15859999999999,0.9032258064516128,383.94,0,34,282,3981.506199512001,1192.0620000000083,1,1,0,1,0,1,0,0,0,0,0,0,0,0,0,0,1,0,0,0,4,6,18,0.05,1.0
CCCCCCC#CCCOC(=O)OC(C/C=C\CCCCCCCCOC(=O)CCN1CCN(c2cccnc2)CC1)CCCCCC,1.535170703,2,35.0,16.0,46.5,2.5,10.0,6.526499251947674,3,27,9.670000000000002,0.7317073170731707,81.2,0,8,49,681.508072244,200.67399999999915,1,1,0,1,0,1,0,0,0,0,0,0,0,0,0,0,1,0,0,0,3,2,12,0.05,1.0
CCCCCCCCCCCCCCCCCCOC(=O)OC(C/C=C\CCCCCCCCOC(=O)CCN1CCC(N2CCN(CC)CC2)CC1)CCCCCC,1.510164637,2,35.0,16.0,46.5,2.5,10.0,6.725457321909706,3,39,13.452299999999978,0.9215686274509804,71.55,0,8,59,831.7428232039999,249.32699999999872,1,1,0,1,0,1,0,0,0,0,0,0,0,0,0,0,1,0,0,0,3,1,18,0.05,1.0
CCCCCC#CCOC(=O)OC(C/C=C\CCCCCCCCOC(=O)CCN1CCN(c2ccncc2)CC1)CCCCCC,1.490234215,2,35.0,16.0,46.5,2.5,10.0,6.484557370008383,3,25,8.889800000000005,0.717948717948718,81.2,0,8,47,653.4767721159999,191.43999999999923,1,1,0,1,0,1,0,0,0,0,0,0,0,0,0,0,1,0,0,0,3,2,12,0.05,1.0
CCCCCCCCCCCCCCCCCCOC(=O)OC(C/C=C\CCCCCCCCOC(=O)CCN(CCN(CC)CC)CCN(CC)CC)CCCCCC,1.486085078,2,35.0,16.0,46.5,2.5,10.0,6.7468961477274245,3,47,14.335999999999974,0.9230769230769232,71.55,0,8,60,849.789773396,258.19399999999877,1,1,0,1,0,1,0,0,0,0,0,0,0,0,0,0,1,0,0,0,3,1,18,0.05,1.0
CCCCCCCC/C=C\CCCCCCCCOC(=O)OC(C/C=C\CCCCCCCCOC(=O)CCN1CCN(CCN(C)C)CC1)CCCCCC,1.48600869,2,35.0,16.0,46.5,2.5,10.0,6.673641777179283,3,39,12.305599999999984,0.875,71.55,0,8,56,789.695873012,237.5179999999989,1,1,0,1,0,1,0,0,0,0,0,0,0,0,0,0,1,0,0,0,3,2,18,0.05,1.0
CCCCCCC#CCOC(=O)OC(C/C=C\CCCCCCCCOC(=O)CCN(CCC(=O)OCCCCCCCC/C=C\CC(CCCCCC)OC(=O)OCC#CCCCCCC)CCN(C)C)CCCCCC,1.478744724,2,35.0,16.0,46.5,2.5,10.0,7.001844713980624,2,53,17.002599999999973,0.8181818181818182,130.14,0,12,78,1096.862997912,321.32800000000015,1,1,0,1,0,1,0,0,0,0,0,0,0,0,0,0,1,0,0,0,2,4,12,0.05,1.0
CCCCCCCCCCCCCCCCCCOC(=O)OC(C/C=C\CCCCCCCCOC(=O)CCN(CCCN(CCC(=O)OCCCCCCCC/C=C\CC(CCCCCC)OC(=O)OCCCCCCCCCCCCCCCCCC)CCC(=O)OCCCCCCCC/C=C\CC(CCCCCC)OC(=O)OCCCCCCCCCCCCCCCCCC)CCCN(CCC(=O)OCCCCCCCC/C=C\CC(CCCCCC)OC(=O)OCCCCCCCCCCCCCCCCCC)CCC(=O)OCCCCCCCC/C=C\CC(CCCCCC)OC(=O)OCCCCCCCCCCCCCCCCCC)CCCCCC,1.474834987,2,35.0,16.0,46.5,2.5,10.0,8.103904962338827,3,193,64.49259999999951,0.9029126213592232,318.86999999999995,0,28,234,3303.910374884,989.4440000000056,1,1,0,1,0,1,0,0,0,0,0,0,0,0,0,0,1,0,0,0,3,5,18,0.05,1.0
CCC#CCOC(=O)OC(C/C=C\CCCCCCCCOC(=O)CCN(CCC(=O)OCCCCCCCC/C=C\CC(CCCCCC)OC(=O)OCC#CCC)CCN(C)CCN(CCC(=O)OCCCCCCCC/C=C\CC(CCCCCC)OC(=O)OCC#CCC)CCC(=O)OCCCCCCCC/C=C\CC(CCCCCC)OC(=O)OCC#CCC)CCCCCC,1.429597013,2,35.0,16.0,46.5,2.5,10.0,7.556308777810291,3,90,27.585800000000063,0.7876106194690266,257.03999999999996,0,23,136,1910.4020955119993,549.1730000000023,1,1,0,1,0,1,0,0,0,0,0,0,0,0,0,0,1,0,0,0,3,8,12,0.05,1.0
CCCCCCC#CCCOC(=O)OC(C/C=C\CCCCCCCCOC(=O)CCN(CCCN(C)CCCN(CCC(=O)OCCCCCCCC/C=C\CC(CCCCCC)OC(=O)OCCC#CCCCCCC)CCC(=O)OCCCCCCCC/C=C\CC(CCCCCC)OC(=O)OCCC#CCCCCCC)CCC(=O)OCCCCCCCC/C=C\CC(CCCCCC)OC(=O)OCCC#CCCCCCC)CCCCCC,1.425641641,2,35.0,16.0,46.5,2.5,10.0,7.705877600952792,3,112,36.16800000000001,0.8222222222222222,257.0399999999999,0,23,158,2218.7463969199994,650.7470000000027,1,1,0,1,0,1,0,0,0,0,0,0,0,0,0,0,1,0,0,0,3,8,12,0.05,1.0
CCCCCCCCCCCCCCCCCCOC(=O)OC(C/C=C\CCCCCCCCOC(=O)CCN1CCC(CO)CC1)CCCCCC,1.424555858,2,35.0,16.0,46.5,2.5,10.0,6.621675921496302,1,38,13.054699999999976,0.9130434782608696,85.30000000000001,1,7,53,749.6533395040001,222.427799999999,1,1,0,1,0,1,0,0,0,0,0,0,0,0,0,0,1,0,0,0,1,1,18,0.05,1.0
CCCCCCC#CCOC(=O)OC(C/C=C\CCCCCCCCOC(=O)CCN(CCC(=O)OCCCCCCCC/C=C\CC(CCCCCC)OC(=O)OCC#CCCCCCC)CCN(CCC(=O)OCCCCCCCC/C=C\CC(CCCCCC)OC(=O)OCC#CCCCCCC)CCN1CCN(CCN(CCC(=O)OCCCCCCCC/C=C\CC(CCCCCC)OC(=O)OCC#CCCCCCC)CCC(=O)OCCCCCCCC/C=C\CC(CCCCCC)OC(=O)OCC#CCCCCCC)CC1)CCCCCC,1.422904845,2,35.0,16.0,46.5,2.5,10.0,7.915751519815762,5,134,41.8914999999999,0.8181818181818182,325.35,0,30,195,2737.118369619999,798.0350000000032,1,1,0,1,0,1,0,0,0,0,0,0,0,0,0,0,1,0,0,0,5,10,12,0.05,1.0
CCCCC/C=C\C/C=C\CCCCCCCCOC(=O)OC(C/C=C\CCCCCCCCOC(=O)CCN(CCC(=O)OCCCCCCCC/C=C\CC(CCCCCC)OC(=O)OCCCCCCCC/C=C\C/C=C\CCCCC)CCN(C)CCN(CCC(=O)OCCCCCCCC/C=C\CC(CCCCCC)OC(=O)OCCCCCCCC/C=C\C/C=C\CCCCC)CCC(=O)OCCCCCCCC/C=C\CC(CCCCCC)OC(=O)OCCCCCCCC/C=C\C/C=C\CCCCC)CCCCCC,1.419711238,2,35.0,16.0,46.5,2.5,10.0,7.879358099063358,3,146,49.18619999999977,0.806060606060606,257.03999999999996,0,23,188,2639.215898839999,794.3370000000032,1,1,0,1,0,1,0,0,0,0,0,0,0,0,0,0,1,0,0,0,3,12,18,0.05,1.0
CCCCC/C=C\C/C=C\CCCCCCCCOC(=O)OC(C/C=C\CCCCCCCCOC(=O)CCN(C)CCN(CCN(C)CCC(=O)OCCCCCCCC/C=C\CC(CCCCCC)OC(=O)OCCCCCCCC/C=C\C/C=C\CCCCC)CCN(C)CCC(=O)OCCCCCCCC/C=C\CC(CCCCCC)OC(=O)OCCCCCCCC/C=C\C/C=C\CCCCC)CCCCCC,1.419584504,2,35.0,16.0,46.5,2.5,10.0,7.641230251964595,4,114,36.8318,0.813953488372093,198.44999999999996,0,19,148,2079.767072788,626.9010000000027,1,1,0,1,0,1,0,0,0,0,0,0,0,0,0,0,1,0,0,0,4,9,18,0.05,1.0
CCCCC#CCOC(=O)OC(C/C=C\CCCCCCCCOC(=O)CCN(CCC(=O)OCCCCCCCC/C=C\CC(CCCCCC)OC(=O)OCC#CCCCC)CCN(CC)CC)CCCCCC,1.410327963,2,35.0,16.0,46.5,2.5,10.0,6.975978254174979,2,51,16.222399999999965,0.8125,130.14,0,12,76,1068.831697784,312.094,1,1,0,1,0,1,0,0,0,0,0,0,0,0,0,0,1,0,0,0,2,4,12,0.05,1.0
CCCCC#CCCOC(=O)OC(C/C=C\CCCCCCCCOC(=O)CCN1CCC(CO)CC1)CCCCCC,1.395961458,2,35.0,16.0,46.5,2.5,10.0,6.408365680558363,1,25,8.376900000000008,0.8333333333333334,85.30000000000001,1,7,43,605.4655387359999,174.79979999999955,1,1,0,1,0,1,0,0,0,0,0,0,0,0,0,0,1,0,0,0,1,2,12,0.05,1.0
CCCCCCCCCCCCCCCCCCOC(=O)OC(C/C=C\CCCCCCCCOC(=O)CCN(CCCN(C)CCCN(CCC(=O)OCCCCCCCC/C=C\CC(CCCCCC)OC(=O)OCCCCCCCCCCCCCCCCCC)CCC(=O)OCCCCCCCC/C=C\CC(CCCCCC)OC(=O)OCCCCCCCCCCCCCCCCCC)CCC(=O)OCCCCCCCC/C=C\CC(CCCCCC)OC(=O)OCCCCCCCCCCCCCCCCCC)CCCCCC,1.386241035,2,35.0,16.0,46.5,2.5,10.0,7.895941651894924,3,156,51.758399999999725,0.9041916167664672,257.0399999999999,0,23,190,2683.37239948,804.3230000000035,1,1,0,1,0,1,0,0,0,0,0,0,0,0,0,0,1,0,0,0,3,4,18,0.05,1.0
CCCCCCCC/C=C\CCCCCCCCOC(=O)OC(C/C=C\CCCCCCCCOC(=O)CCN(CCC(=O)OCCCCCCCC/C=C\CC(CCCCCC)OC(=O)OCCCCCCCC/C=C\CCCCCCCC)CCN1CCOCC1)CCCCCC,1.378500699,2,35.0,16.0,46.5,2.5,10.0,7.242234817212323,2,75,24.900600000000036,0.8604651162790697,139.37,0,13,99,1395.1865638760005,415.867000000002,1,1,0,1,0,1,0,0,0,0,0,0,0,0,0,0,1,0,0,0,2,4,18,0.05,1.0
CCCCCCCCCCCCCCCCCCOC(=O)OC(C/C=C\CCCCCCCCOC(=O)CCN(CCC(=O)OCCCCCCCC/C=C\CC(CCCCCC)OC(=O)OCCCCCCCCCCCCCCCCCC)CCc1cn(CCC(=O)OCCCCCCCC/C=C\CC(CCCCCC)OC(=O)OCCCCCCCCCCCCCCCCCC)cn1)CCCCCC,1.372763782,2,35.0,16.0,46.5,2.5,10.0,7.609480066462507,3,114,38.81959999999997,0.88,206.54999999999995,0,18,143,2014.740523692,600.9050000000028,1,1,0,1,0,1,0,0,0,0,0,0,0,0,0,0,1,0,0,0,2,3,18,0.05,1.0
CCCCC/C=C\C/C=C\CCCCCCCCOC(=O)OC(C/C=C\CCCCCCCCOC(=O)CCN(CCCN(CCC(=O)OCCCCCCCC/C=C\CC(CCCCCC)OC(=O)OCCCCCCCC/C=C\C/C=C\CCCCC)CCC(=O)OCCCCCCCC/C=C\CC(CCCCCC)OC(=O)OCCCCCCCC/C=C\C/C=C\CCCCC)CCCN(CCC(=O)OCCCCCCCC/C=C\CC(CCCCCC)OC(=O)OCCCCCCCC/C=C\C/C=C\CCCCC)CCC(=O)OCCCCCCCC/C=C\CC(CCCCCC)OC(=O)OCCCCCCCC/C=C\C/C=C\CCCCC)CCCCCC,1.371802708,2,35.0,16.0,46.5,2.5,10.0,8.097790809148474,3,183,62.252599999999525,0.8058252427184466,318.86999999999995,0,28,234,3283.753874244,988.5040000000056,1,1,0,1,0,1,0,0,0,0,0,0,0,0,0,0,1,0,0,0,3,15,18,0.05,1.0
CCCCCCCCCCCCCCCCCCOC(=O)OC(C/C=C\CCCCCCCCOC(=O)CCN(CCC(=O)OCCCCCCCC/C=C\CC(CCCCCC)OC(=O)OCCCCCCCCCCCCCCCCCC)CCC1CCCCN1C(C)C)CCCCCC,1.368984138,2,35.0,16.0,46.5,2.5,10.0,7.273338228563586,2,78,27.669400000000056,0.9111111111111112,130.14,0,12,102,1439.2855496400002,432.8940000000022,1,1,0,1,0,1,0,0,0,0,0,0,0,0,0,0,1,0,0,0,2,2,18,0.05,1.0
CCCCCC#CCOC(=O)OC(C/C=C\CCCCCCCCOC(=O)CCN(CCCN(CCC(=O)OCCCCCCCC/C=C\CC(CCCCCC)OC(=O)OCC#CCCCCC)CCN(CCCN(CCC(=O)OCCCCCCCC/C=C\CC(CCCCCC)OC(=O)OCC#CCCCCC)CCC(=O)OCCCCCCCC/C=C\CC(CCCCCC)OC(=O)OCC#CCCCCC)CCC(=O)OCCCCCCCC/C=C\CC(CCCCCC)OC(=O)OCC#CCCCCC)CCC(=O)OCCCCCCCC/C=C\CC(CCCCCC)OC(=O)OCC#CCCCCC)CCCCCC,1.355548907,2,35.0,16.0,46.5,2.5,10.0,8.045473530630234,4,155,49.091799999999765,0.8085106382978723,383.94,0,34,222,3116.3793949040005,906.2940000000044,1,1,0,1,0,1,0,0,0,0,0,0,0,0,0,0,1,0,0,0,4,12,12,0.05,1.0
CCC#CCOC(=O)OC(C/C=C\CCCCCCCCOC(=O)CCN1CCN(CCC(=O)OCCCCCCCC/C=C\CC(CCCCCC)OC(=O)OCC#CCC)CCN(CCC(=O)OCCCCCCCC/C=C\CC(CCCCCC)OC(=O)OCC#CCC)CC1)CCCCCC,1.354737374,2,35.0,16.0,46.5,2.5,10.0,7.297185174168112,3,63,20.453700000000005,0.7931034482758621,195.20999999999995,0,18,105,1474.0832210039998,423.417000000002,1,1,0,1,0,1,0,0,0,0,0,0,0,0,0,0,1,0,0,0,3,6,12,0.05,1.0
CCCCCCC#CCCOC(=O)OC(C/C=C\CCCCCCCCOC(=O)CCN1CCN(c2ccncc2)CC1)CCCCCC,1.346391249,1,35.0,16.0,46.5,2.5,10.0,6.526499251947674,3,27,9.670000000000002,0.7317073170731707,81.2,0,8,49,681.508072244,200.67399999999915,1,1,0,1,0,1,0,0,0,0,0,0,0,0,0,0,1,0,0,0,3,2,12,0.05,1.0
CCCCCCC#CCCOC(=O)OC(C/C=C\CCCCCCCCOC(=O)CCN(CCCN(C)C)CCCN(CCC(=O)OCCCCCCCC/C=C\CC(CCCCCC)OC(=O)OCCC#CCCCCCC)CCC(=O)OCCCCCCCC/C=C\CC(CCCCCC)OC(=O)OCCC#CCCCCCC)CCCCCC,1.34232604,1,35.0,16.0,46.5,2.5,10.0,7.448109024907393,3,86,27.331400000000063,0.8269230769230769,195.20999999999995,0,18,122,1714.3649221559997,504.0200000000023,1,1,0,1,0,1,0,0,0,0,0,0,0,0,0,0,1,0,0,0,3,6,12,0.05,1.0
CCCCC#CCOC(=O)OC(C/C=C\CCCCCCCCOC(=O)CCN(CCCN(CCC(=O)OCCCCCCCC/C=C\CC(CCCCCC)OC(=O)OCC#CCCCC)CCC(=O)OCCCCCCCC/C=C\CC(CCCCCC)OC(=O)OCC#CCCCC)CCCN(CCC(=O)OCCCCCCCC/C=C\CC(CCCCCC)OC(=O)OCC#CCCCC)CCC(=O)OCCCCCCCC/C=C\CC(CCCCCC)OC(=O)OCC#CCCCC)CCCCCC,1.34218188,1,35.0,16.0,46.5,2.5,10.0,7.830311541361554,3,123,39.15309999999995,0.8013245033112583,318.86999999999995,0,28,179,2512.893120724,728.2190000000029,1,1,0,1,0,1,0,0,0,0,0,0,0,0,0,0,1,0,0,0,3,10,12,0.05,1.0
CCCCCCCC/C=C\CCCCCCCCOC(=O)OC(C/C=C\CCCCCCCCOC(=O)CCN(CCCN(C)C)CCCN(CCC(=O)OCCCCCCCC/C=C\CC(CCCCCC)OC(=O)OCCCCCCCC/C=C\CCCCCCCC)CCC(=O)OCCCCCCCC/C=C\CC(CCCCCC)OC(=O)OCCCCCCCC/C=C\CCCCCCCC)CCCCCC,1.321461058,1,35.0,16.0,46.5,2.5,10.0,7.630126254218548,3,116,38.352199999999975,0.859375,195.20999999999995,0,18,146,2056.7874738839996,618.9200000000029,1,1,0,1,0,1,0,0,0,0,0,0,0,0,0,0,1,0,0,0,3,6,18,0.05,1.0
CCCCC#CCCOC(=O)OC(C/C=C\CCCCCCCCOC(=O)CCN(CCCN(C)C)CCCN(CCC(=O)OCCCCCCCC/C=C\CC(CCCCCC)OC(=O)OCCC#CCCCC)CCC(=O)OCCCCCCCC/C=C\CC(CCCCCC)OC(=O)OCCC#CCCCC)CCCCCC,1.319228086,1,35.0,16.0,46.5,2.5,10.0,7.397838457961808,3,80,24.990800000000043,0.8163265306122449,195.20999999999995,0,18,116,1630.2710217719998,476.3180000000022,1,1,0,1,0,1,0,0,0,0,0,0,0,0,0,0,1,0,0,0,3,6,12,0.05,1.0
CCCCC/C=C\C/C=C\CCCCCCCCOC(=O)OC(C/C=C\CCCCCCCCOC(=O)CCN1CCN(c2ccncc2)CC1)CCCCCC,1.302545939,1,35.0,16.0,46.5,2.5,10.0,6.678617548417082,3,36,13.11959999999998,0.7346938775510204,81.2,0,8,57,793.633272756,238.8799999999989,1,1,0,1,0,1,0,0,0,0,0,0,0,0,0,0,1,0,0,0,3,3,18,0.05,1.0
CCC#CCOC(=O)OC(C/C=C\CCCCCCCCOC(=O)CCN(CCC(=O)OCCCCCCCC/C=C\CC(CCCCCC)OC(=O)OCC#CCC)CCN(C)C)CCCCCC,1.29454855,1,35.0,16.0,46.5,2.5,10.0,6.894104530019097,2,45,13.881799999999975,0.7931034482758621,130.14,0,12,70,984.7377974,284.39199999999937,1,1,0,1,0,1,0,0,0,0,0,0,0,0,0,0,1,0,0,0,2,4,12,0.05,1.0
CCCCC/C=C\C/C=C\CCCCCCCCOC(=O)OC(C/C=C\CCCCCCCCOC(=O)CCN(C)CCCN(C)CCC(=O)OCCCCCCCC/C=C\CC(CCCCCC)OC(=O)OCCCCCCCC/C=C\C/C=C\CCCCC)CCCCCC,1.292334582,1,35.0,16.0,46.5,2.5,10.0,7.219034974498111,2,74,25.07210000000003,0.8117647058823529,130.14,0,12,97,1363.160349128,411.59100000000194,1,1,0,1,0,1,0,0,0,0,0,0,0,0,0,0,1,0,0,0,2,6,18,0.05,1.0
CCC#CCOC(=O)OC(C/C=C\CCCCCCCCOC(=O)CCN(CCC(=O)OCCCCCCCC/C=C\CC(CCCCCC)OC(=O)OCC#CCC)CCC1CCCCN1C(C)C)CCCCCC,1.287516852,1,35.0,16.0,46.5,2.5,10.0,6.974093429814351,2,46,15.973199999999965,0.8125,130.14,0,12,76,1066.81604772,309.9359999999999,1,1,0,1,0,1,0,0,0,0,0,0,0,0,0,0,1,0,0,0,2,4,12,0.05,1.0
CCCCCC#CCOC(=O)OC(C/C=C\CCCCCCCCOC(=O)CCN(CCC(=O)OCCCCCCCC/C=C\CC(CCCCCC)OC(=O)OCC#CCCCCC)CCN1CCCCC1)CCCCCC,1.287221595,1,35.0,16.0,46.5,2.5,10.0,7.012717815456752,2,51,17.146699999999974,0.8208955223880597,130.14,0,12,79,1108.862997912,323.8310000000002,1,1,0,1,0,1,0,0,0,0,0,0,0,0,0,0,1,0,0,0,2,4,12,0.05,1.0
CCCCC#CCOC(=O)OC(C/C=C\CCCCCCCCOC(=O)CCN(CCC(=O)OCCCCCCCC/C=C\CC(CCCCCC)OC(=O)OCC#CCCCC)CCN(CCC(=O)OCCCCCCCC/C=C\CC(CCCCCC)OC(=O)OCC#CCCCC)CCN1CCN(CCN(CCC(=O)OCCCCCCCC/C=C\CC(CCCCCC)OC(=O)OCC#CCCCC)CCC(=O)OCCCCCCCC/C=C\CC(CCCCCC)OC(=O)OCC#CCCCC)CC1)CCCCCC,1.285924404,1,35.0,16.0,46.5,2.5,10.0,7.863203260457343,5,124,37.99049999999998,0.8064516129032258,325.35,0,30,185,2596.961868979999,751.865000000003,1,1,0,1,0,1,0,0,0,0,0,0,0,0,0,0,1,0,0,0,5,10,12,0.05,1.0
CCCCCC#CCOC(=O)OC(C/C=C\CCCCCCCCOC(=O)CCN(CCCN(C)C)CCCN(CCC(=O)OCCCCCCCC/C=C\CC(CCCCCC)OC(=O)OCC#CCCCCC)CCC(=O)OCCCCCCCC/C=C\CC(CCCCCC)OC(=O)OCC#CCCCCC)CCCCCC,1.282154756,1,35.0,16.0,46.5,2.5,10.0,7.397838457961808,3,80,24.990800000000043,0.8163265306122449,195.20999999999995,0,18,116,1630.2710217719998,476.3180000000022,1,1,0,1,0,1,0,0,0,0,0,0,0,0,0,0,1,0,0,0,3,6,12,0.05,1.0
CCCCCCCC/C=C\CCCCCCCCOC(=O)OC(C/C=C\CCCCCCCCOC(=O)CCN(C)CCN(CCN(C)CCC(=O)OCCCCCCCC/C=C\CC(CCCCCC)OC(=O)OCCCCCCCC/C=C\CCCCCCCC)CCN(C)CCC(=O)OCCCCCCCC/C=C\CC(CCCCCC)OC(=O)OCCCCCCCC/C=C\CCCCCCCC)CCCCCC,1.277403139,1,35.0,16.0,46.5,2.5,10.0,7.644130517169597,4,117,37.503799999999984,0.8604651162790697,198.44999999999996,0,19,148,2085.8140229799997,627.1830000000028,1,1,0,1,0,1,0,0,0,0,0,0,0,0,0,0,1,0,0,0,4,6,18,0.05,1.0
CCCCCCCC/C=C\CCCCCCCCOC(=O)OC(C/C=C\CCCCCCCCOC(=O)CCN(C)CCCCCCN(C)CCC(=O)OCCCCCCCC/C=C\CC(CCCCCC)OC(=O)OCCCCCCCC/C=C\CCCCCCCC)CCCCCC,1.276477963,1,35.0,16.0,46.5,2.5,10.0,7.252255207290578,2,79,26.69040000000005,0.8636363636363636,130.14,0,12,100,1409.238599448,425.63000000000216,1,1,0,1,0,1,0,0,0,0,0,0,0,0,0,0,1,0,0,0,2,4,18,0.05,1.0
CCC#CCOC(=O)OC(C/C=C\CCCCCCCCOC(=O)CCN1CCN(c2ccccn2)CC1)CCCCCC,1.273528734,1,35.0,16.0,46.5,2.5,10.0,6.4181495783275455,3,22,7.71950000000001,0.6944444444444444,81.2,0,8,44,611.429821924,177.58899999999943,1,1,0,1,0,1,0,0,0,0,0,0,0,0,0,0,1,0,0,0,3,2,12,0.05,1.0
CCCCCCC#CCCOC(=O)OC(C/C=C\CCCCCCCCOC(=O)CCN(CCC(=O)OCCCCCCCC/C=C\CC(CCCCCC)OC(=O)OCCC#CCCCCCC)CCN1CCCCCC1)CCCCCC,1.26652138,1,35.0,16.0,46.5,2.5,10.0,7.073950841374345,2,55,19.09719999999999,0.8333333333333334,130.14,0,12,84,1178.941248232,346.9160000000006,1,1,0,1,0,1,0,0,0,0,0,0,0,0,0,0,1,0,0,0,2,4,12,0.05,1.0
CCCCCCC#CCOC(=O)OC(C/C=C\CCCCCCCCOC(=O)CCN(CCCN(CCC(=O)OCCCCCCCC/C=C\CC(CCCCCC)OC(=O)OCC#CCCCCCC)CCN(CCCN(CCC(=O)OCCCCCCCC/C=C\CC(CCCCCC)OC(=O)OCC#CCCCCCC)CCC(=O)OCCCCCCCC/C=C\CC(CCCCCC)OC(=O)OCC#CCCCCCC)CCC(=O)OCCCCCCCC/C=C\CC(CCCCCC)OC(=O)OCC#CCCCCCC)CCC(=O)OCCCCCCCC/C=C\CC(CCCCCC)OC(=O)OCC#CCCCCCC)CCCCCC,1.261017841,1,35.0,16.0,46.5,2.5,10.0,8.072094132783988,4,161,51.43239999999973,0.8144329896907216,383.94,0,34,228,3200.473295288,933.9960000000048,1,1,0,1,0,1,0,0,0,0,0,0,0,0,0,0,1,0,0,0,4,12,12,0.05,1.0
CCCCCCCCCCCCCCCCCCOC(=O)OC(C/C=C\CCCCCCCCOC(=O)CCN(CCC(=O)OCCCCCCCC/C=C\CC(CCCCCC)OC(=O)OCCCCCCCCCCCCCCCCCC)CCN1CCOCC1)CCCCCC,1.245288615,1,35.0,16.0,46.5,2.5,10.0,7.245116406137362,2,77,25.34860000000004,0.9069767441860463,139.37,0,13,99,1399.217864004,416.05500000000194,1,1,0,1,0,1,0,0,0,0,0,0,0,0,0,0,1,0,0,0,2,2,18,0.05,1.0
CCCCCCCCCCCCCCCCCCOC(=O)OC(C/C=C\CCCCCCCCOC(=O)CCN1CCN(c2ccncc2)CC1)CCCCCC,1.239988357,1,35.0,16.0,46.5,2.5,10.0,6.683675039112142,3,38,13.567599999999976,0.8163265306122449,81.2,0,8,57,797.664572884,239.0679999999988,1,1,0,1,0,1,0,0,0,0,0,0,0,0,0,0,1,0,0,0,3,1,18,0.05,1.0
CCCCC/C=C\C/C=C\CCCCCCCCOC(=O)OC(C/C=C\CCCCCCCCOC(=O)CCN(CCCN(CCC(=O)OCCCCCCCC/C=C\CC(CCCCCC)OC(=O)OCCCCCCCC/C=C\C/C=C\CCCCC)CCN(CCCN(CCC(=O)OCCCCCCCC/C=C\CC(CCCCCC)OC(=O)OCCCCCCCC/C=C\C/C=C\CCCCC)CCC(=O)OCCCCCCCC/C=C\CC(CCCCCC)OC(=O)OCCCCCCCC/C=C\C/C=C\CCCCC)CCC(=O)OCCCCCCCC/C=C\CC(CCCCCC)OC(=O)OCCCCCCCC/C=C\C/C=C\CCCCC)CCC(=O)OCCCCCCCC/C=C\CC(CCCCCC)OC(=O)OCCCCCCCC/C=C\C/C=C\CCCCC)CCCCCC,1.238259976,1,35.0,16.0,46.5,2.5,10.0,8.284317940347337,4,221,74.47059999999989,0.8064516129032258,383.94,0,34,282,3957.318398744001,1190.9340000000084,1,1,0,1,0,1,0,0,0,0,0,0,0,0,0,0,1,0,0,0,4,18,18,0.05,1.0
CCCCCCCCCCCCCCCCCCOC(=O)OC(C/C=C\CCCCCCCCOC(=O)CCN(C)CCN(CCN(C)CCC(=O)OCCCCCCCC/C=C\CC(CCCCCC)OC(=O)OCCCCCCCCCCCCCCCCCC)CCN(C)CCC(=O)OCCCCCCCC/C=C\CC(CCCCCC)OC(=O)OCCCCCCCCCCCCCCCCCC)CCCCCC,1.237397229,1,35.0,16.0,46.5,2.5,10.0,7.647022395155636,4,120,38.175799999999974,0.9069767441860463,198.44999999999996,0,19,148,2091.860973172,627.465000000003,1,1,0,1,0,1,0,0,0,0,0,0,0,0,0,0,1,0,0,0,4,3,18,0.05,1.0
CCC#CCOC(=O)OC(C/C=C\CCCCCCCCOC(=O)CCN(CCCN(CCC(=O)OCCCCCCCC/C=C\CC(CCCCCC)OC(=O)OCC#CCC)CCN(CCCN(CCC(=O)OCCCCCCCC/C=C\CC(CCCCCC)OC(=O)OCC#CCC)CCC(=O)OCCCCCCCC/C=C\CC(CCCCCC)OC(=O)OCC#CCC)CCC(=O)OCCCCCCCC/C=C\CC(CCCCCC)OC(=O)OCC#CCC)CCC(=O)OCCCCCCCC/C=C\CC(CCCCCC)OC(=O)OCC#CCC)CCCCCC,1.2152658,1,35.0,16.0,46.5,2.5,10.0,7.961075876680717,4,137,42.0699999999999,0.788235294117647,383.94,0,34,204,2864.0976937519995,823.1880000000032,1,1,0,1,0,1,0,0,0,0,0,0,0,0,0,0,1,0,0,0,4,12,12,0.05,1.0
CCCCC#CCOC(=O)OC(C/C=C\CCCCCCCCOC(=O)CCN(CCCN(CCC(=O)OCCCCCCCC/C=C\CC(CCCCCC)OC(=O)OCC#CCCCC)CCN(CCCN(CCC(=O)OCCCCCCCC/C=C\CC(CCCCCC)OC(=O)OCC#CCCCC)CCC(=O)OCCCCCCCC/C=C\CC(CCCCCC)OC(=O)OCC#CCCCC)CCC(=O)OCCCCCCCC/C=C\CC(CCCCCC)OC(=O)OCC#CCCCC)CCC(=O)OCCCCCCCC/C=C\CC(CCCCCC)OC(=O)OCC#CCCCC)CCCCCC,1.212096657,1,35.0,16.0,46.5,2.5,10.0,8.018124845848403,4,149,46.751199999999805,0.8021978021978022,383.94,0,34,216,3032.2854945200006,878.592000000004,1,1,0,1,0,1,0,0,0,0,0,0,0,0,0,0,1,0,0,0,4,12,12,0.05,1.0
CCCCC#CCCOC(=O)OC(C/C=C\CCCCCCCCOC(=O)CCN(C)CCN(CCN(C)CCC(=O)OCCCCCCCC/C=C\CC(CCCCCC)OC(=O)OCCC#CCCCC)CCN(C)CCC(=O)OCCCCCCCC/C=C\CC(CCCCCC)OC(=O)OCCC#CCCCC)CCCCCC,1.212075826,1,35.0,16.0,46.5,2.5,10.0,7.415472476593425,4,81,24.14240000000004,0.8181818181818182,198.44999999999996,0,19,118,1659.297570868,484.58100000000223,1,1,0,1,0,1,0,0,0,0,0,0,0,0,0,0,1,0,0,0,4,6,12,0.05,1.0
CCCCC/C=C\C/C=C\CCCCCCCCOC(=O)OC(C/C=C\CCCCCCCCOC(=O)CCN1CCN(CCCN(C)C)CC1)CCCCCC,1.211395725,1,35.0,16.0,46.5,2.5,10.0,6.688707080251986,3,39,12.471699999999984,0.8367346938775511,71.55,0,8,57,801.695873012,242.04099999999883,1,1,0,1,0,1,0,0,0,0,0,0,0,0,0,0,1,0,0,0,3,3,18,0.05,1.0
CCCCC#CCOC(=O)OC(C/C=C\CCCCCCCCOC(=O)CCN1CCN(CCC(=O)OCCCCCCCC/C=C\CC(CCCCCC)OC(=O)OCC#CCCCC)CCN(CCC(=O)OCCCCCCCC/C=C\CC(CCCCCC)OC(=O)OCC#CCCCC)CC1)CCCCCC,1.201370686,1,35.0,16.0,46.5,2.5,10.0,7.352634030349321,3,69,22.794300000000025,0.8064516129032258,195.20999999999995,0,18,111,1558.1771213879997,451.1190000000022,1,1,0,1,0,1,0,0,0,0,0,0,0,0,0,0,1,0,0,0,3,6,12,0.05,1.0
CCCC#CCOC(=O)OC(C/C=C\CCCCCCCCOC(=O)CCN(CCC(=O)OCCCCCCCC/C=C\CC(CCCCCC)OC(=O)OCC#CCCC)CCN(CCC(=O)OCCCCCCCC/C=C\CC(CCCCCC)OC(=O)OCC#CCCC)CCN1CCN(CCN(CCC(=O)OCCCCCCCC/C=C\CC(CCCCCC)OC(=O)OCC#CCCC)CCC(=O)OCCCCCCCC/C=C\CC(CCCCCC)OC(=O)OCC#CCCC)CC1)CCCCCC,1.198705348,1,35.0,16.0,46.5,2.5,10.0,7.83585599761565,5,119,36.04000000000002,0.8,325.35,0,30,180,2526.8836186599992,728.7800000000028,1,1,0,1,0,1,0,0,0,0,0,0,0,0,0,0,1,0,0,0,5,10,12,0.05,1.0
CCCC#CCOC(=O)OC(C/C=C\CCCCCCCCOC(=O)CCN1CCN(c2ccccn2)CC1)CCCCCC,1.1974625,1,35.0,16.0,46.5,2.5,10.0,6.440779062494407,3,23,8.10960000000001,0.7027027027027027,81.2,0,8,45,625.4454719879999,182.2059999999994,1,1,0,1,0,1,0,0,0,0,0,0,0,0,0,0,1,0,0,0,3,2,12,0.05,1.0
CCCCCCC#CCOC(=O)OC(C/C=C\CCCCCCCCOC(=O)CCN(CCC(=O)OCCCCCCCC/C=C\CC(CCCCCC)OC(=O)OCC#CCCCCCC)CCC1CCCCN1C(C)C)CCCCCC,1.197261315,1,35.0,16.0,46.5,2.5,10.0,7.073950841374344,2,54,19.09399999999999,0.8333333333333334,130.14,0,12,84,1178.941248232,346.87200000000064,1,1,0,1,0,1,0,0,0,0,0,0,0,0,0,0,1,0,0,0,2,4,12,0.05,1.0
CCCCCCCC/C=C\CCCCCCCCOC(=O)OC(C/C=C\CCCCCCCCOC(=O)CCN(CCC(=O)OCCCCCCCC/C=C\CC(CCCCCC)OC(=O)OCCCCCCCC/C=C\CCCCCCCC)CCN(C)CCN(CCC(=O)OCCCCCCCC/C=C\CC(CCCCCC)OC(=O)OCCCCCCCC/C=C\CCCCCCCC)CCC(=O)OCCCCCCCC/C=C\CC(CCCCCC)OC(=O)OCCCCCCCC/C=C\CCCCCCCC)CCCCCC,1.196514877,1,35.0,16.0,46.5,2.5,10.0,7.882405480917147,3,150,50.08219999999976,0.8545454545454545,257.03999999999996,0,23,188,2647.2784990959995,794.7130000000034,1,1,0,1,0,1,0,0,0,0,0,0,0,0,0,0,1,0,0,0,3,8,18,0.05,1.0
CCCCC/C=C\C/C=C\CCCCCCCCOC(=O)OC(C/C=C\CCCCCCCCOC(=O)CCN(CCC(=O)OCCCCCCCC/C=C\CC(CCCCCC)OC(=O)OCCCCCCCC/C=C\C/C=C\CCCCC)CCc1ccccn1)CCCCCC,1.195129109,1,35.0,16.0,46.5,2.5,10.0,7.23357165735282,2,73,25.75810000000004,0.7586206896551724,139.79000000000002,0,12,99,1383.1290490000004,416.3610000000021,1,1,0,1,0,1,0,0,0,0,0,0,0,0,0,0,1,0,0,0,2,6,18,0.05,1.0
CCCCCCCC/C=C\CCCCCCCCOC(=O)OC(C/C=C\CCCCCCCCOC(=O)CCN(C)CCCN(C)CCC(=O)OCCCCCCCC/C=C\CC(CCCCCC)OC(=O)OCCCCCCCC/C=C\CCCCCCCC)CCCCCC,1.192993101,1,35.0,16.0,46.5,2.5,10.0,7.2219840977141025,2,76,25.52010000000004,0.8588235294117647,130.14,0,12,97,1367.191649256,411.7790000000019,1,1,0,1,0,1,0,0,0,0,0,0,0,0,0,0,1,0,0,0,2,4,18,0.05,1.0
CCCC#CCOC(=O)OC(C/C=C\CCCCCCCCOC(=O)CCN(CCCN(CCC(=O)OCCCCCCCC/C=C\CC(CCCCCC)OC(=O)OCC#CCCC)CCC(=O)OCCCCCCCC/C=C\CC(CCCCCC)OC(=O)OCC#CCCC)CCCN(CCC(=O)OCCCCCCCC/C=C\CC(CCCCCC)OC(=O)OCC#CCCC)CCC(=O)OCCCCCCCC/C=C\CC(CCCCCC)OC(=O)OCC#CCCC)CCCCCC,1.191806355,1,35.0,16.0,46.5,2.5,10.0,7.802036774788697,3,118,37.20259999999999,0.7945205479452054,318.86999999999995,0,28,174,2442.814870403999,705.1340000000027,1,1,0,1,0,1,0,0,0,0,0,0,0,0,0,0,1,0,0,0,3,10,12,0.05,1.0
CCC#CCOC(=O)OC(C/C=C\CCCCCCCCOC(=O)CCN1CCCN(CCC(=O)OCCCCCCCC/C=C\CC(CCCCCC)OC(=O)OCC#CCC)CCN(CCC(=O)OCCCCCCCC/C=C\CC(CCCCCC)OC(=O)OCC#CCC)CCCN(CCC(=O)OCCCCCCCC/C=C\CC(CCCCCC)OC(=O)OCC#CCC)CC1)CCCCCC,1.191665273,1,35.0,16.0,46.5,2.5,10.0,7.598853361574067,4,84,28.051800000000068,0.7966101694915254,260.2799999999999,0,24,142,1993.4755947999993,573.7900000000024,1,1,0,1,0,1,0,0,0,0,0,0,0,0,0,0,1,0,0,0,4,8,12,0.05,1.0
CCCCC/C=C\C/C=C\CCCCCCCCOC(=O)OC(C/C=C\CCCCCCCCOC(=O)CCN(CCC(=O)OCCCCCCCC/C=C\CC(CCCCCC)OC(=O)OCCCCCCCC/C=C\C/C=C\CCCCC)CCN1CCCCC1)CCCCCC,1.188840639,1,35.0,16.0,46.5,2.5,10.0,7.23792843225434,2,73,25.60630000000004,0.8160919540229885,130.14,0,12,99,1389.1759991920003,418.71100000000206,1,1,0,1,0,1,0,0,0,0,0,0,0,0,0,0,1,0,0,0,2,6,18,0.05,1.0
CCCCCC#CCOC(=O)OC(C/C=C\CCCCCCCCOC(=O)CCN(CCC(=O)OCCCCCCCC/C=C\CC(CCCCCC)OC(=O)OCC#CCCCCC)CCN(CCC(=O)OCCCCCCCC/C=C\CC(CCCCCC)OC(=O)OCC#CCCCCC)CCN1CCN(CCN(CCC(=O)OCCCCCCCC/C=C\CC(CCCCCC)OC(=O)OCC#CCCCCC)CCC(=O)OCCCCCCCC/C=C\CC(CCCCCC)OC(=O)OCC#CCCCCC)CC1)CCCCCC,1.178644585,1,35.0,16.0,46.5,2.5,10.0,7.889822515376115,5,129,39.94099999999994,0.8125,325.35,0,30,190,2667.0401192999993,774.950000000003,1,1,0,1,0,1,0,0,0,0,0,0,0,0,0,0,1,0,0,0,5,10,12,0.05,1.0
CCCCC/C=C\C/C=C\CCCCCCCCOC(=O)OC(C/C=C\CCCCCCCCOC(=O)CCN(CCC(=O)OCCCCCCCC/C=C\CC(CCCCCC)OC(=O)OCCCCCCCC/C=C\C/C=C\CCCCC)CCN(C)C)CCCCCC,1.145564384,1,35.0,16.0,46.5,2.5,10.0,7.208706919992937,2,73,24.68200000000003,0.8095238095238095,130.14,0,12,96,1349.1446990640002,406.9740000000018,1,1,0,1,0,1,0,0,0,0,0,0,0,0,0,0,1,0,0,0,2,6,18,0.05,1.0
CCCCCCCC/C=C\CCCCCCCCOC(=O)OC(C/C=C\CCCCCCCCOC(=O)CCN(C)CCOCCOCCN(C)CCC(=O)OCCCCCCCC/C=C\CC(CCCCCC)OC(=O)OCCCCCCCC/C=C\CCCCCCCC)CCCCCC,1.145263502,1,35.0,16.0,46.5,2.5,10.0,7.274674965876085,2,81,25.16320000000004,0.8636363636363636,148.6,0,14,102,1441.2284286880003,428.8000000000022,1,1,0,1,0,1,0,0,0,0,0,0,0,0,0,0,1,0,0,0,2,4,18,0.05,1.0
CCCCCC#CCOC(=O)OC(C/C=C\CCCCCCCCOC(=O)CCN1CCN(CCC(=O)OCCCCCCCC/C=C\CC(CCCCCC)OC(=O)OCC#CCCCCC)CCN(CCC(=O)OCCCCCCCC/C=C\CC(CCCCCC)OC(=O)OCC#CCCCCC)CC1)CCCCCC,1.143032478,1,35.0,16.0,46.5,2.5,10.0,7.379246551138241,3,72,23.964600000000033,0.8125,195.20999999999995,0,18,114,1600.22407158,464.9700000000022,1,1,0,1,0,1,0,0,0,0,0,0,0,0,0,0,1,0,0,0,3,6,12,0.05,1.0
CCCC#CCOC(=O)OC(C/C=C\CCCCCCCCOC(=O)CCN(C)CCCN(C)CCC(=O)OCCCCCCCC/C=C\CC(CCCCCC)OC(=O)OCC#CCCC)CCCCCC,1.142469403,1,35.0,16.0,46.5,2.5,10.0,6.935879071507044,2,48,15.052099999999973,0.8032786885245902,130.14,0,12,73,1026.784747592,298.2429999999997,1,1,0,1,0,1,0,0,0,0,0,0,0,0,0,0,1,0,0,0,2,4,12,0.05,1.0
CCCCCCC#CCOC(=O)OC(C/C=C\CCCCCCCCOC(=O)CCN(CCCN(C)C)CCCN(CCC(=O)OCCCCCCCC/C=C\CC(CCCCCC)OC(=O)OCC#CCCCCCC)CCC(=O)OCCCCCCCC/C=C\CC(CCCCCC)OC(=O)OCC#CCCCCCC)CCCCCC,1.142262582,1,35.0,16.0,46.5,2.5,10.0,7.423289599415408,3,83,26.16110000000005,0.8217821782178217,195.20999999999995,0,18,119,1672.3179719639998,490.16900000000226,1,1,0,1,0,1,0,0,0,0,0,0,0,0,0,0,1,0,0,0,3,6,12,0.05,1.0
CCCCC#CCCOC(=O)OC(C/C=C\CCCCCCCCOC(=O)CCN1CCC(CCO)CC1)CCCCCC,1.134442262,1,35.0,16.0,46.5,2.5,10.0,6.431215133182697,1,26,8.767000000000007,0.8378378378378378,85.30000000000001,1,7,44,619.4811887999999,179.41679999999948,1,1,0,1,0,1,0,0,0,0,0,0,0,0,0,0,1,0,0,0,1,2,12,0.05,1.0
CCCCC#CCCOC(=O)OC(C/C=C\CCCCCCCCOC(=O)CCN(C)CCOCCOCCN(C)CCC(=O)OCCCCCCCC/C=C\CC(CCCCCC)OC(=O)OCCC#CCCCC)CCCCCC,1.127794699,1,35.0,16.0,46.5,2.5,10.0,7.055062596327387,2,57,16.25559999999997,0.8235294117647058,148.6,0,14,82,1156.88412728,333.7320000000004,1,1,0,1,0,1,0,0,0,0,0,0,0,0,0,0,1,0,0,0,2,4,12,0.05,1.0
CCCCCCCCCCCCCCCCCCOC(=O)OC(C/C=C\CCCCCCCCOC(=O)CCN(C)CCCCCCN(C)CCC(=O)OCCCCCCCC/C=C\CC(CCCCCC)OC(=O)OCCCCCCCCCCCCCCCCCC)CCCCCC,1.11900287,1,35.0,16.0,46.5,2.5,10.0,7.255108106699561,2,81,27.138400000000058,0.9090909090909092,130.14,0,12,100,1413.269899576,425.818000000002,1,1,0,1,0,1,0,0,0,0,0,0,0,0,0,0,1,0,0,0,2,2,18,0.05,1.0
CCCCC#CCCOC(=O)OC(C/C=C\CCCCCCCCOC(=O)CCN(C)CCCN(C)CCCN(C)CCC(=O)OCCCCCCCC/C=C\CC(CCCCCC)OC(=O)OCCC#CCCCC)CCCCCC,1.110921674,1,35.0,16.0,46.5,2.5,10.0,7.0525082238184345,3,56,16.934399999999975,0.8260869565217391,133.38,0,13,82,1153.9208471360002,338.8250000000005,1,1,0,1,0,1,0,0,0,0,0,0,0,0,0,0,1,0,0,0,3,4,12,0.05,1.0
CCCCCC#CCOC(=O)OC(C/C=C\CCCCCCCCOC(=O)CCN(CCC(=O)OCCCCCCCC/C=C\CC(CCCCCC)OC(=O)OCC#CCCCCC)CCN(C)C)CCCCCC,1.107720716,1,35.0,16.0,46.5,2.5,10.0,6.975978254174979,2,51,16.222399999999965,0.8125,130.14,0,12,76,1068.831697784,312.094,1,1,0,1,0,1,0,0,0,0,0,0,0,0,0,0,1,0,0,0,2,4,12,0.05,1.0
CCCCCCCCCCCCCCCCCCOC(=O)OC(C/C=C\CCCCCCCCOC(=O)CCN(CCC(=O)OCCCCCCCC/C=C\CC(CCCCCC)OC(=O)OCCCCCCCCCCCCCCCCCC)CCN(C)CCN(CCC(=O)OCCCCCCCC/C=C\CC(CCCCCC)OC(=O)OCCCCCCCCCCCCCCCCCC)CCC(=O)OCCCCCCCC/C=C\CC(CCCCCC)OC(=O)OCCCCCCCCCCCCCCCCCC)CCCCCC,1.107132106,1,35.0,16.0,46.5,2.5,10.0,7.885443604441296,3,154,50.97819999999974,0.9030303030303032,257.03999999999996,0,23,188,2655.341099351999,795.0890000000035,1,1,0,1,0,1,0,0,0,0,0,0,0,0,0,0,1,0,0,0,3,4,18,0.05,1.0
CCCCC#CCOC(=O)OC(C/C=C\CCCCCCCCOC(=O)CCN1CCN(c2ccncc2)CC1)CCCCCC,1.088462578,1,35.0,16.0,46.5,2.5,10.0,6.462907764649071,3,24,8.499700000000008,0.7105263157894737,81.2,0,8,46,639.461122052,186.82299999999933,1,1,0,1,0,1,0,0,0,0,0,0,0,0,0,0,1,0,0,0,3,2,12,0.05,1.0
CCCCC#CCOC(=O)OC(C/C=C\CCCCCCCCOC(=O)CCN(CCCN(C)C)CCCN(CCC(=O)OCCCCCCCC/C=C\CC(CCCCCC)OC(=O)OCC#CCCCC)CCC(=O)OCCCCCCCC/C=C\CC(CCCCCC)OC(=O)OCC#CCCCC)CCCCCC,1.083319431,1,35.0,16.0,46.5,2.5,10.0,7.371722601329622,3,77,23.820500000000035,0.8105263157894737,195.20999999999995,0,18,113,1588.22407158,462.4670000000022,1,1,0,1,0,1,0,0,0,0,0,0,0,0,0,0,1,0,0,0,3,6,12,0.05,1.0
CCCCCCCCCCCCCCCCCCOC(=O)OC(C/C=C\CCCCCCCCOC(=O)CCN1CCN(CCCN(C)C)CC1)CCCCCC,1.081983781,1,35.0,16.0,46.5,2.5,10.0,6.693713926681717,3,41,12.919699999999985,0.9183673469387756,71.55,0,8,57,805.72717314,242.2289999999988,1,1,0,1,0,1,0,0,0,0,0,0,0,0,0,0,1,0,0,0,3,1,18,0.05,1.0
CCC#CCOC(=O)OC(C/C=C\CCCCCCCCOC(=O)CCN(CCC(=O)OCCCCCCCC/C=C\CC(CCCCCC)OC(=O)OCC#CCC)CCN1CCCCN(C)CC1)CCCCCC,1.076823897,1,35.0,16.0,46.5,2.5,10.0,6.9750175872413,3,45,14.347799999999976,0.8095238095238095,133.38000000000002,0,13,76,1067.811296688,309.0089999999999,1,1,0,1,0,1,0,0,0,0,0,0,0,0,0,0,1,0,0,0,3,4,12,0.05,1.0
CCCCCCC#CCOC(=O)OC(C/C=C\CCCCCCCCOC(=O)CCN(CCC(=O)OCCCCCCCC/C=C\CC(CCCCCC)OC(=O)OCC#CCCCCCC)CCN(CC)CC)CCCCCC,1.066685886,1,35.0,16.0,46.5,2.5,10.0,7.02705893568587,2,55,17.78279999999998,0.8235294117647058,130.14,0,12,80,1124.89429804,330.5620000000003,1,1,0,1,0,1,0,0,0,0,0,0,0,0,0,0,1,0,0,0,2,4,12,0.05,1.0
CCCCCC#CCOC(=O)OC(C/C=C\CCCCCCCCOC(=O)CCN(CCCN(CCC(=O)OCCCCCCCC/C=C\CC(CCCCCC)OC(=O)OCC#CCCCCC)CCC(=O)OCCCCCCCC/C=C\CC(CCCCCC)OC(=O)OCC#CCCCCC)CCCN(CCC(=O)OCCCCCCCC/C=C\CC(CCCCCC)OC(=O)OCC#CCCCCC)CCC(=O)OCCCCCCCC/C=C\CC(CCCCCC)OC(=O)OCC#CCCCCC)CCCCCC,1.065157464,1,35.0,16.0,46.5,2.5,10.0,7.85780877956873,3,128,41.103599999999915,0.8076923076923077,318.86999999999995,0,28,184,2582.9713710439996,751.3040000000029,1,1,0,1,0,1,0,0,0,0,0,0,0,0,0,0,1,0,0,0,3,10,12,0.05,1.0
CCCCCCC#CCOC(=O)OC(C/C=C\CCCCCCCCOC(=O)CCN(CCC(=O)OCCCCCCCC/C=C\CC(CCCCCC)OC(=O)OCC#CCCCCCC)CCc1ccccn1)CCCCCC,1.062269651,1,35.0,16.0,46.5,2.5,10.0,7.032337370805684,2,53,18.07869999999998,0.7536231884057971,139.79000000000002,0,12,81,1130.8473478479998,330.71500000000043,1,1,0,1,0,1,0,0,0,0,0,0,0,0,0,0,1,0,0,0,2,4,12,0.05,1.0
CCCCCC#CCOC(=O)OC(C/C=C\CCCCCCCCOC(=O)CCN(C)CCCCCCN(C)CCC(=O)OCCCCCCCC/C=C\CC(CCCCCC)OC(=O)OCC#CCCCCC)CCCCCC,1.0617726,1,35.0,16.0,46.5,2.5,10.0,7.02705893568587,2,55,17.78279999999998,0.8235294117647058,130.14,0,12,80,1124.8942980400002,330.5620000000003,1,1,0,1,0,1,0,0,0,0,0,0,0,0,0,0,1,0,0,0,2,4,12,0.05,1.0
CCCCCCC#CCOC(=O)OC(C/C=C\CCCCCCCCOC(=O)CCN1CCN(CCC(=O)OCCCCCCCC/C=C\CC(CCCCCC)OC(=O)OCC#CCCCCCC)CCN(CCC(=O)OCCCCCCCC/C=C\CC(CCCCCC)OC(=O)OCC#CCCCCCC)CC1)CCCCCC,1.057578992,1,35.0,16.0,46.5,2.5,10.0,7.405169166136109,3,75,25.134900000000044,0.8181818181818182,195.20999999999995,0,18,117,1642.2710217719998,478.82100000000224,1,1,0,1,0,1,0,0,0,0,0,0,0,0,0,0,1,0,0,0,3,6,12,0.05,1.0
CCCCCC#CCOC(=O)OC(C/C=C\CCCCCCCCOC(=O)CCN1CCN=C1C)CCCCCC,1.055618804,1,35.0,16.0,46.5,2.5,10.0,6.355842000411323,2,24,8.406600000000008,0.7941176470588235,77.43,0,7,41,574.434572956,168.0989999999996,1,1,0,1,0,1,0,0,0,0,0,0,0,0,0,0,1,0,0,0,1,2,12,0.05,1.0
CCCCCCCCCCCCCCCCCCOC(=O)OC(C/C=C\CCCCCCCCOC(=O)CCN1CCN(CCN(C)C)CC1)CCCCCC,1.047278471,1,35.0,16.0,46.5,2.5,10.0,6.676186333507552,3,40,12.529599999999984,0.9166666666666666,71.55,0,8,56,791.7115230759999,237.6119999999989,1,1,0,1,0,1,0,0,0,0,0,0,0,0,0,0,1,0,0,0,3,1,18,0.05,1.0
CCCCCCCC/C=C\CCCCCCCCOC(=O)OC(C/C=C\CCCCCCCCOC(=O)CCN(CCC(=O)OCCCCCCCC/C=C\CC(CCCCCC)OC(=O)OCCCCCCCC/C=C\CCCCCCCC)CCc1cn(CCC(=O)OCCCCCCCC/C=C\CC(CCCCCC)OC(=O)OCCCCCCCC/C=C\CCCCCCCC)cn1)CCCCCC,1.030810538,1,35.0,16.0,46.5,2.5,10.0,7.606477390695098,3,111,38.14759999999999,0.832,206.54999999999995,0,18,143,2008.6935734999995,600.6230000000028,1,1,0,1,0,1,0,0,0,0,0,0,0,0,0,0,1,0,0,0,2,6,18,0.05,1.0
CCCCC/C=C\C/C=C\CCCCCCCCOC(=O)OC(C/C=C\CCCCCCCCOC(=O)CCN1CCN(CC2CCN(C)CC2)CC1)CCCCCC,1.023979422,1,35.0,16.0,46.5,2.5,10.0,6.720607293697743,3,37,12.861799999999985,0.8431372549019608,71.55,0,8,59,827.7115230759999,249.0909999999988,1,1,0,1,0,1,0,0,0,0,0,0,0,0,0,0,1,0,0,0,3,3,18,0.05,1.0
CCCCCCC#CCOC(=O)OC(C/C=C\CCCCCCCCOC(=O)CCN(C)CCCCCCN(C)CCC(=O)OCCCCCCCC/C=C\CC(CCCCCC)OC(=O)OCC#CCCCCCC)CCCCCC,1.013729667,1,35.0,16.0,46.5,2.5,10.0,7.05165300502767,2,57,18.562999999999985,0.8285714285714286,130.14,0,12,82,1152.925598168,339.7960000000005,1,1,0,1,0,1,0,0,0,0,0,0,0,0,0,0,1,0,0,0,2,4,12,0.05,1.0
CCCCC#CCOC(=O)OC(C/C=C\CCCCCCCCOC(=O)CCN(CCC(=O)OCCCCCCCC/C=C\CC(CCCCCC)OC(=O)OCC#CCCCC)CCN(C)C)CCCCCC,1.013640278,1,35.0,16.0,46.5,2.5,10.0,6.9494249141535285,2,49,15.442199999999968,0.8064516129032258,130.14,0,12,74,1040.800397656,302.8599999999998,1,1,0,1,0,1,0,0,0,0,0,0,0,0,0,0,1,0,0,0,2,4,12,0.05,1.0
CCCCC#CCCOC(=O)OC(C/C=C\CCCCCCCCOC(=O)CCN1CCN(c2ccncc2)CC1)CCCCCC,1.008840188,1,35.0,16.0,46.5,2.5,10.0,6.484557370008383,3,25,8.889800000000005,0.717948717948718,81.2,0,8,47,653.4767721159999,191.4399999999993,1,1,0,1,0,1,0,0,0,0,0,0,0,0,0,0,1,0,0,0,3,2,12,0.05,1.0
CCCCC#CCOC(=O)OC(C/C=C\CCCCCCCCOC(=O)CCN(CCCn1ccnc1)CCC(=O)OCCCCCCCC/C=C\CC(CCCCCC)OC(=O)OCC#CCCCC)CCCCCC,1.004642681,1,35.0,16.0,46.5,2.5,10.0,6.984319018982397,3,50,16.167399999999965,0.765625,144.72,0,13,77,1077.795646624,311.15,1,1,0,1,0,1,0,0,0,0,0,0,0,0,0,0,1,0,0,0,2,4,12,0.05,1.0
CCCCC#CCCOC(=O)OC(C/C=C\CCCCCCCCOC(=O)CCN(CCCN1CCN(C)CC1)CCC(=O)OCCCCCCCC/C=C\CC(CCCCCC)OC(=O)OCCC#CCCCC)CCCCCC,0.994421135,1,35.0,16.0,46.5,2.5,10.0,7.03853000047783,3,52,16.29829999999997,0.8235294117647058,133.38,0,13,81,1137.889547008,332.09400000000034,1,1,0,1,0,1,0,0,0,0,0,0,0,0,0,0,1,0,0,0,3,4,12,0.05,1.0
CCCCCCC#CCCOC(=O)OC(C/C=C\CCCCCCCCOC(=O)CCN(C)CCCCCCN(C)CCC(=O)OCCCCCCCC/C=C\CC(CCCCCC)OC(=O)OCCC#CCCCCCC)CCCCCC,0.990029821,1,35.0,16.0,46.5,2.5,10.0,7.075656696864788,2,59,19.343199999999992,0.8333333333333334,130.14,0,12,84,1180.956898296,349.03000000000065,1,1,0,1,0,1,0,0,0,0,0,0,0,0,0,0,1,0,0,0,2,4,12,0.05,1.0
CCCCCCC#CCOC(=O)OC(C/C=C\CCCCCCCCOC(=O)CCN(CCCN(C)C)CCC(=O)OCCCCCCCC/C=C\CC(CCCCCC)OC(=O)OCC#CCCCCCC)CCCCCC,0.988236972,1,35.0,16.0,46.5,2.5,10.0,7.014531292350221,2,54,17.392699999999977,0.8208955223880597,130.14,0,12,79,1110.878647976,325.9450000000002,1,1,0,1,0,1,0,0,0,0,0,0,0,0,0,0,1,0,0,0,2,4,12,0.05,1.0
CCCC#CCOC(=O)OC(C/C=C\CCCCCCCCOC(=O)CCN(CCC(=O)OCCCCCCCC/C=C\CC(CCCCCC)OC(=O)OCC#CCCC)CCN(CC)CC)CCCCCC,0.983381384,1,35.0,16.0,46.5,2.5,10.0,6.9494249141535285,2,49,15.442199999999968,0.8064516129032258,130.14,0,12,74,1040.800397656,302.8599999999998,1,1,0,1,0,1,0,0,0,0,0,0,0,0,0,0,1,0,0,0,2,4,12,0.05,1.0
CCCCCCC#CCOC(=O)OC(C/C=C\CCCCCCCCOC(=O)CCN1CCCCC1CCO)CCCCCC,0.977617403,1,35.0,16.0,46.5,2.5,10.0,6.453554130239836,1,27,9.299600000000003,0.8421052631578947,85.30000000000001,1,7,45,633.496838864,184.08179999999945,1,1,0,1,0,1,0,0,0,0,0,0,0,0,0,0,1,0,0,0,1,2,12,0.05,1.0
CCCCCCCC/C=C\CCCCCCCCOC(=O)OC(C/C=C\CCCCCCCCOC(=O)CCN(CCCN(C)CCCN(CCC(=O)OCCCCCCCC/C=C\CC(CCCCCC)OC(=O)OCCCCCCCC/C=C\CCCCCCCC)CCC(=O)OCCCCCCCC/C=C\CC(CCCCCC)OC(=O)OCCCCCCCC/C=C\CCCCCCCC)CCC(=O)OCCCCCCCC/C=C\CC(CCCCCC)OC(=O)OCCCCCCCC/C=C\CCCCCCCC)CCCCCC,0.961891938,1,35.0,16.0,46.5,2.5,10.0,7.892935303645822,3,152,50.862399999999745,0.8562874251497006,257.0399999999999,0,23,190,2675.309799224,803.9470000000034,1,1,0,1,0,1,0,0,0,0,0,0,0,0,0,0,1,0,0,0,3,8,18,0.05,1.0
CCCCC/C=C\C/C=C\CCCCCCCCOC(=O)OC(C/C=C\CCCCCCCCOC(=O)CCN(C)CCO)CCCCCC,0.958275912,1,35.0,16.0,46.5,2.5,10.0,6.5611805839369435,1,37,11.826499999999983,0.813953488372093,85.30000000000001,1,7,50,705.5907392480001,210.5727999999991,1,1,0,1,0,1,0,0,0,0,0,0,0,0,0,0,1,0,0,0,1,3,18,0.05,1.0
CCCCC#CCOC(=O)OC(C/C=C\CCCCCCCCOC(=O)CCN(CCC(=O)OCCCCCCCC/C=C\CC(CCCCCC)OC(=O)OCC#CCCCC)CCC1CCCCN1C)CCCCCC,0.95557815,1,35.0,16.0,46.5,2.5,10.0,7.000008062437133,2,49,16.75499999999997,0.8181818181818182,130.14,0,12,78,1094.8473478479998,319.1920000000001,1,1,0,1,0,1,0,0,0,0,0,0,0,0,0,0,1,0,0,0,2,4,12,0.05,1.0
CCCCCC#CCOC(=O)OC(C/C=C\CCCCCCCCOC(=O)CCN(CCC(=O)OCCCCCCCC/C=C\CC(CCCCCC)OC(=O)OCC#CCCCCC)CCc1cn(CCC(=O)OCCCCCCCC/C=C\CC(CCCCCC)OC(=O)OCC#CCCCCC)cn1)CCCCCC,0.951122473,1,35.0,16.0,46.5,2.5,10.0,7.367912465728122,3,75,24.786200000000036,0.7789473684210526,206.54999999999995,0,18,113,1582.1771213879997,458.02100000000223,1,1,0,1,0,1,0,0,0,0,0,0,0,0,0,0,1,0,0,0,2,6,12,0.05,1.0
CCCCC#CCCOC(=O)OC(C/C=C\CCCCCCCCOC(=O)CCN(CCCN(C)CCCN(CCC(=O)OCCCCCCCC/C=C\CC(CCCCCC)OC(=O)OCCC#CCCCC)CCC(=O)OCCCCCCCC/C=C\CC(CCCCCC)OC(=O)OCCC#CCCCC)CCC(=O)OCCCCCCCC/C=C\CC(CCCCCC)OC(=O)OCCC#CCCCC)CCCCCC,0.943161197,1,35.0,16.0,46.5,2.5,10.0,7.654040301704935,3,104,33.047200000000075,0.8110236220472441,257.0399999999999,0,23,150,2106.6211964079994,613.8110000000025,1,1,0,1,0,1,0,0,0,0,0,0,0,0,0,0,1,0,0,0,3,8,12,0.05,1.0
CCCCC/C=C\C/C=C\CCCCCCCCOC(=O)OC(C/C=C\CCCCCCCCOC(=O)CCN(CCC(=O)OCCCCCCCC/C=C\CC(CCCCCC)OC(=O)OCCCCCCCC/C=C\C/C=C\CCCCC)CCN(CCC(=O)OCCCCCCCC/C=C\CC(CCCCCC)OC(=O)OCCCCCCCC/C=C\C/C=C\CCCCC)CCN1CCN(CCN(CCC(=O)OCCCCCCCC/C=C\CC(CCCCCC)OC(=O)OCCCCCCCC/C=C\C/C=C\CCCCC)CCC(=O)OCCCCCCCC/C=C\CC(CCCCCC)OC(=O)OCCCCCCCC/C=C\C/C=C\CCCCC)CC1)CCCCCC,0.942699432,1,35.0,16.0,46.5,2.5,10.0,8.123059638050016,5,184,61.08999999999954,0.8095238095238095,325.35,0,30,240,3367.8226225000003,1012.150000000006,1,1,0,1,0,1,0,0,0,0,0,0,0,0,0,0,1,0,0,0,5,15,18,0.05,1.0
CCCC#CCOC(=O)OC(C/C=C\CCCCCCCCOC(=O)CCN(CCCN(CCC(=O)OCCCCCCCC/C=C\CC(CCCCCC)OC(=O)OCC#CCCC)CCN(CCCN(CCC(=O)OCCCCCCCC/C=C\CC(CCCCCC)OC(=O)OCC#CCCC)CCC(=O)OCCCCCCCC/C=C\CC(CCCCCC)OC(=O)OCC#CCCC)CCC(=O)OCCCCCCCC/C=C\CC(CCCCCC)OC(=O)OCC#CCCC)CCC(=O)OCCCCCCCC/C=C\CC(CCCCCC)OC(=O)OCC#CCCC)CCCCCC,0.931811579,1,35.0,16.0,46.5,2.5,10.0,7.990007129218567,4,143,44.410599999999846,0.7954545454545454,383.94,0,34,210,2948.1915941360003,850.8900000000037,1,1,0,1,0,1,0,0,0,0,0,0,0,0,0,0,1,0,0,0,4,12,12,0.05,1.0
CCCCC#CCOC(=O)OC(C/C=C\CCCCCCCCOC(=O)CCN(C)CCCn1ccnc1)CCCCCC,0.931279443,1,35.0,16.0,46.5,2.5,10.0,6.4247069362155935,3,27,8.501100000000006,0.75,82.89,0,8,44,615.461122052,178.27399999999943,1,1,0,1,0,1,0,0,0,0,0,0,0,0,0,0,1,0,0,0,2,2,12,0.05,1.0
CCCCCCCCCCCCCCCCCCOC(=O)OC(C/C=C\CCCCCCCCOC(=O)CCN(CCC(=O)OCCCCCCCC/C=C\CC(CCCCCC)OC(=O)OCCCCCCCCCCCCCCCCCC)CCN1CCCCC1)CCCCCC,0.926496764,1,35.0,16.0,46.5,2.5,10.0,7.243708095013543,2,77,26.502300000000048,0.9080459770114944,130.14,0,12,99,1397.2385994480003,419.0870000000019,1,1,0,1,0,1,0,0,0,0,0,0,0,0,0,0,1,0,0,0,2,2,18,0.05,1.0
CCCCCCC#CCCOC(=O)OC(C/C=C\CCCCCCCCOC(=O)CCN(C)CCO)CCCCCC,0.921030604,1,35.0,16.0,46.5,2.5,10.0,6.388376514504755,1,28,8.376900000000008,0.8285714285714286,85.30000000000001,1,7,42,593.4655387359999,172.36679999999956,1,1,0,1,0,1,0,0,0,0,0,0,0,0,0,0,1,0,0,0,1,2,12,0.05,1.0
CCCCCC#CCOC(=O)OC(C/C=C\CCCCCCCCOC(=O)CCN(CCC(=O)OCCCCCCCC/C=C\CC(CCCCCC)OC(=O)OCC#CCCCCC)CCC1CCCCN1CC(C)C)CCCCCC,0.914535887,1,35.0,16.0,46.5,2.5,10.0,7.06200052576637,2,53,18.561399999999985,0.8309859154929577,130.14,0,12,83,1164.925598168,342.20700000000056,1,1,0,1,0,1,0,0,0,0,0,0,0,0,0,0,1,0,0,0,2,4,12,0.05,1.0
CCCCCCC#CCOC(=O)OC(C/C=C\CCCCCCCCOC(=O)CCN(CCCN(C)C)CCCN(C)C)CCCCCC,0.911760261,1,35.0,16.0,46.5,2.5,10.0,6.541149761137924,3,33,9.268100000000004,0.8536585365853658,71.55,0,8,49,691.5863225639999,205.9489999999991,1,1,0,1,0,1,0,0,0,0,0,0,0,0,0,0,1,0,0,0,3,2,12,0.05,1.0
CCCCCCCC/C=C\CCCCCCCCOC(=O)OC(C/C=C\CCCCCCCCOC(=O)CCN1CCN(CC2CCN(C)CC2)CC1)CCCCCC,0.911053161,1,35.0,16.0,46.5,2.5,10.0,6.723035248147549,3,38,13.08579999999998,0.8823529411764706,71.55,0,8,59,829.72717314,249.18499999999872,1,1,0,1,0,1,0,0,0,0,0,0,0,0,0,0,1,0,0,0,3,2,18,0.05,1.0
CCCCCC#CCOC(=O)OC(C/C=C\CCCCCCCCOC(=O)CCN(CCCn1ccnc1)CCC(=O)OCCCCCCCC/C=C\CC(CCCCCC)OC(=O)OCC#CCCCCC)CCCCCC,0.907492808,1,35.0,16.0,46.5,2.5,10.0,7.009973362367465,3,52,16.947599999999973,0.7727272727272727,144.72,0,13,79,1105.826946752,320.3840000000001,1,1,0,1,0,1,0,0,0,0,0,0,0,0,0,0,1,0,0,0,2,4,12,0.05,1.0
CCCCC#CCOC(=O)OC(C/C=C\CCCCCCCCOC(=O)CCN(CCC(=O)OCCCCCCCC/C=C\CC(CCCCCC)OC(=O)OCC#CCCCC)CCc1cn(CCC(=O)OCCCCCCCC/C=C\CC(CCCCCC)OC(=O)OCC#CCCCC)cn1)CCCCCC,0.900084262,1,35.0,16.0,46.5,2.5,10.0,7.340992480849839,3,72,23.61590000000003,0.7717391304347826,206.54999999999995,0,18,110,1540.1301711959995,444.1700000000022,1,1,0,1,0,1,0,0,0,0,0,0,0,0,0,0,1,0,0,0,2,6,12,0.05,1.0
CCCCC#CCOC(=O)OC(C/C=C\CCCCCCCCOC(=O)CCN(C)CCCN(C)CCC(=O)OCCCCCCCC/C=C\CC(CCCCCC)OC(=O)OCC#CCCCC)CCCCCC,0.899624561,1,35.0,16.0,46.5,2.5,10.0,6.962789716558404,2,50,15.832299999999966,0.8095238095238095,130.14,0,12,75,1054.81604772,307.47699999999986,1,1,0,1,0,1,0,0,0,0,0,0,0,0,0,0,1,0,0,0,2,4,12,0.05,1.0
CCCCCCC#CCCOC(=O)OC(C/C=C\CCCCCCCCOC(=O)CCN(CCC(=O)OCCCCCCCC/C=C\CC(CCCCCC)OC(=O)OCCC#CCCCCCC)CCC1CCCCN1C(C)C)CCCCCC,0.887740679,1,35.0,16.0,46.5,2.5,10.0,7.097431391276681,2,56,19.874199999999995,0.8378378378378378,130.14,0,12,86,1206.97254836,356.1060000000008,1,1,0,1,0,1,0,0,0,0,0,0,0,0,0,0,1,0,0,0,2,4,12,0.05,1.0
CCCCCCC#CCOC(=O)OC(C/C=C\CCCCCCCCOC(=O)CCN(C)CCOCCOCCN(C)CCC(=O)OCCCCCCCC/C=C\CC(CCCCCC)OC(=O)OCC#CCCCCCC)CCCCCC,0.864570286,1,35.0,16.0,46.5,2.5,10.0,7.078985554286217,2,59,17.035799999999977,0.8285714285714286,148.6,0,14,84,1184.915427408,342.9660000000005,1,1,0,1,0,1,0,0,0,0,0,0,0,0,0,0,1,0,0,0,2,4,12,0.05,1.0
CCC#CCOC(=O)OC(C/C=C\CCCCCCCCOC(=O)CCN(CCC(=O)OCCCCCCCC/C=C\CC(CCCCCC)OC(=O)OCC#CCC)CCN1CCCCCC1)CCCCCC,0.864486256,1,35.0,16.0,46.5,2.5,10.0,6.947489321897609,2,45,15.196199999999967,0.8064516129032258,130.14,0,12,74,1038.7847475919998,300.7459999999997,1,1,0,1,0,1,0,0,0,0,0,0,0,0,0,0,1,0,0,0,2,4,12,0.05,1.0
CCCCC#CCOC(=O)OC(C/C=C\CCCCCCCCOC(=O)CCN(CCC(=O)OCCCCCCCC/C=C\CC(CCCCCC)OC(=O)OCC#CCCCC)CCN1CCCCC1)CCCCCC,0.851394013,1,35.0,16.0,46.5,2.5,10.0,6.987134689799865,2,49,16.366499999999967,0.8153846153846154,130.14,0,12,77,1080.831697784,314.59700000000004,1,1,0,1,0,1,0,0,0,0,0,0,0,0,0,0,1,0,0,0,2,4,12,0.05,1.0
CCCCCC#CCOC(=O)OC(C/C=C\CCCCCCCCOC(=O)CCN(CCCN(C)CCCN(CCC(=O)OCCCCCCCC/C=C\CC(CCCCCC)OC(=O)OCC#CCCCCC)CCC(=O)OCCCCCCCC/C=C\CC(CCCCCC)OC(=O)OCC#CCCCCC)CCC(=O)OCCCCCCCC/C=C\CC(CCCCCC)OC(=O)OCC#CCCCCC)CCCCCC,0.850627614,1,35.0,16.0,46.5,2.5,10.0,7.654040301704935,3,104,33.047200000000075,0.8110236220472441,257.0399999999999,0,23,150,2106.6211964079994,613.8110000000025,1,1,0,1,0,1,0,0,0,0,0,0,0,0,0,0,1,0,0,0,3,8,12,0.05,1.0
CCCCC#CCOC(=O)OC(C/C=C\CCCCCCCCOC(=O)CCN(CCC(=O)OCCCCCCCC/C=C\CC(CCCCCC)OC(=O)OCC#CCCCC)CCC1CCCCN1C(C)C)CCCCCC,0.846418336,1,35.0,16.0,46.5,2.5,10.0,7.025268055899694,2,50,17.53359999999998,0.8235294117647058,130.14,0,12,80,1122.878647976,328.4040000000003,1,1,0,1,0,1,0,0,0,0,0,0,0,0,0,0,1,0,0,0,2,4,12,0.05,1.0
CCCCCCCC/C=C\CCCCCCCCOC(=O)OC(C/C=C\CCCCCCCCOC(=O)CCN1CCC(CO)CC1)CCCCCC,0.846075028,1,35.0,16.0,46.5,2.5,10.0,6.618988618577423,1,37,12.83069999999998,0.8695652173913043,85.30000000000001,1,7,53,747.63768944,222.333799999999,1,1,0,1,0,1,0,0,0,0,0,0,0,0,0,0,1,0,0,0,1,2,18,0.05,1.0
CCCCCCC#CCOC(=O)OC(C/C=C\CCCCCCCCOC(=O)CCN(CCCN(CCC(=O)OCCCCCCCC/C=C\CC(CCCCCC)OC(=O)OCC#CCCCCCC)CCC(=O)OCCCCCCCC/C=C\CC(CCCCCC)OC(=O)OCC#CCCCCCC)CCCN(CCC(=O)OCCCCCCCC/C=C\CC(CCCCCC)OC(=O)OCC#CCCCCCC)CCC(=O)OCCCCCCCC/C=C\CC(CCCCCC)OC(=O)OCC#CCCCCCC)CCCCCC,0.833722479,1,35.0,16.0,46.5,2.5,10.0,7.88457010997343,3,133,43.05409999999988,0.8136645962732919,318.86999999999995,0,28,189,2653.049621363999,774.3890000000031,1,1,0,1,0,1,0,0,0,0,0,0,0,0,0,0,1,0,0,0,3,10,12,0.05,1.0
CCCCC#CCOC(=O)OC(C/C=C\CCCCCCCCOC(=O)CCN1CCN(c2ccccn2)CC1)CCCCCC,0.830908902,1,35.0,16.0,46.5,2.5,10.0,6.462907764649071,3,24,8.499700000000008,0.7105263157894737,81.2,0,8,46,639.461122052,186.82299999999933,1,1,0,1,0,1,0,0,0,0,0,0,0,0,0,0,1,0,0,0,3,2,12,0.05,1.0
CCCCCCC#CCCOC(=O)OC(C/C=C\CCCCCCCCOC(=O)CCN(C)CCOCCOCCN(C)CCC(=O)OCCCCCCCC/C=C\CC(CCCCCC)OC(=O)OCCC#CCCCCCC)CCCCCC,0.828649867,1,35.0,16.0,46.5,2.5,10.0,7.1023495503156875,2,61,17.81599999999998,0.8333333333333334,148.6,0,14,86,1212.9467275359998,352.2000000000007,1,1,0,1,0,1,0,0,0,0,0,0,0,0,0,0,1,0,0,0,2,4,12,0.05,1.0
CCCCCCCC/C=C\CCCCCCCCOC(=O)OC(C/C=C\CCCCCCCCOC(=O)CCN1CCN(CCCN(C)C)CC1)CCCCCC,0.824903487,1,35.0,16.0,46.5,2.5,10.0,6.691213637027475,3,40,12.695699999999984,0.8775510204081632,71.55,0,8,57,803.7115230759999,242.13499999999885,1,1,0,1,0,1,0,0,0,0,0,0,0,0,0,0,1,0,0,0,3,2,18,0.05,1.0
CCCCCCCCCCCCCCCCCCOC(=O)OC(C/C=C\CCCCCCCCOC(=O)CCN(C)CCCN(C)CCCN(C)CCC(=O)OCCCCCCCC/C=C\CC(CCCCCC)OC(=O)OCCCCCCCCCCCCCCCCCC)CCCCCC,0.809487216,1,35.0,16.0,46.5,2.5,10.0,7.275420211162755,3,82,26.29000000000005,0.9101123595505618,133.38,0,13,102,1442.2964486720002,434.0810000000023,1,1,0,1,0,1,0,0,0,0,0,0,0,0,0,0,1,0,0,0,3,2,18,0.05,1.0
CCCCCCC#CCCOC(=O)OC(C/C=C\CCCCCCCCOC(=O)CCN(CCCN1CCOCC1)CCC(=O)OCCCCCCCC/C=C\CC(CCCCCC)OC(=O)OCCC#CCCCCCC)CCCCCC,0.809287629,1,35.0,16.0,46.5,2.5,10.0,7.075619496937153,2,56,17.943499999999982,0.8309859154929577,139.37,0,13,84,1180.9205127880002,343.8840000000006,1,1,0,1,0,1,0,0,0,0,0,0,0,0,0,0,1,0,0,0,2,4,12,0.05,1.0
CCCCCC#CCOC(=O)OC(C/C=C\CCCCCCCCOC(=O)CCN1CCN(c2cccnc2)CC1)CCCCCC,0.801780193,1,35.0,16.0,46.5,2.5,10.0,6.484557370008383,3,25,8.889800000000006,0.717948717948718,81.2,0,8,47,653.4767721159999,191.43999999999923,1,1,0,1,0,1,0,0,0,0,0,0,0,0,0,0,1,0,0,0,3,2,12,0.05,1.0
CCCCC#CCCOC(=O)OC(C/C=C\CCCCCCCCOC(=O)CCN(C)CCCCCCN(C)CCC(=O)OCCCCCCCC/C=C\CC(CCCCCC)OC(=O)OCCC#CCCCC)CCCCCC,0.798478701,1,35.0,16.0,46.5,2.5,10.0,7.02705893568587,2,55,17.78279999999998,0.8235294117647058,130.14,0,12,80,1124.8942980400002,330.5620000000003,1,1,0,1,0,1,0,0,0,0,0,0,0,0,0,0,1,0,0,0,2,4,12,0.05,1.0
CCCC#CCOC(=O)OC(C/C=C\CCCCCCCCOC(=O)CCN(CCCn1ccnc1)CCC(=O)OCCCCCCCC/C=C\CC(CCCCCC)OC(=O)OCC#CCCC)CCCCCC,0.793375714,1,35.0,16.0,46.5,2.5,10.0,6.957989162391996,3,48,15.387199999999966,0.7580645161290323,144.72,0,13,75,1049.764346496,301.91599999999977,1,1,0,1,0,1,0,0,0,0,0,0,0,0,0,0,1,0,0,0,2,4,12,0.05,1.0
CCCCCCCCCCCCCCCCCCOC(=O)OC(C/C=C\CCCCCCCCOC(=O)CCN(CCC(=O)OCCCCCCCC/C=C\CC(CCCCCC)OC(=O)OCCCCCCCCCCCCCCCCCC)CCc1ccncc1)CCCCCC,0.791802884,1,35.0,16.0,46.5,2.5,10.0,7.239376482631739,2,77,26.65410000000005,0.8505747126436781,139.79000000000002,0,12,99,1391.1916492560003,416.737000000002,1,1,0,1,0,1,0,0,0,0,0,0,0,0,0,0,1,0,0,0,2,2,18,0.05,1.0
CCCCCCC#CCOC(=O)OC(C/C=C\CCCCCCCCOC(=O)CCN(CCC(=O)OCCCCCCCC/C=C\CC(CCCCCC)OC(=O)OCC#CCCCCCC)CCc1ccncc1)CCCCCC,0.759989719,1,35.0,16.0,46.5,2.5,10.0,7.032337370805684,2,53,18.07869999999998,0.7536231884057971,139.79000000000002,0,12,81,1130.8473478479998,330.71500000000043,1,1,0,1,0,1,0,0,0,0,0,0,0,0,0,0,1,0,0,0,2,4,12,0.05,1.0
CCCC#CCOC(=O)OC(C/C=C\CCCCCCCCOC(=O)CCN(C)CCCCCCN(C)CCC(=O)OCCCCCCCC/C=C\CC(CCCCCC)OC(=O)OCC#CCCC)CCCCCC,0.758241969,1,35.0,16.0,46.5,2.5,10.0,6.975978254174979,2,51,16.22239999999997,0.8125,130.14,0,12,76,1068.8316977840002,312.094,1,1,0,1,0,1,0,0,0,0,0,0,0,0,0,0,1,0,0,0,2,4,12,0.05,1.0
CCCCCCCC/C=C\CCCCCCCCOC(=O)OC(C/C=C\CCCCCCCCOC(=O)CCN(C)CCCN(C)CCCN(C)CCC(=O)OCCCCCCCC/C=C\CC(CCCCCC)OC(=O)OCCCCCCCC/C=C\CCCCCCCC)CCCCCC,0.757245138,1,35.0,16.0,46.5,2.5,10.0,7.272624755836837,3,80,25.842000000000045,0.8651685393258427,133.38,0,13,102,1438.265148544,433.8930000000023,1,1,0,1,0,1,0,0,0,0,0,0,0,0,0,0,1,0,0,0,3,4,18,0.05,1.0
CCCCCCC#CCCOC(=O)OC(C/C=C\CCCCCCCCOC(=O)CCN1CCC[C@H]1CO)CCCCCC,0.756494564,1,35.0,16.0,46.5,2.5,10.0,6.431215133182697,1,27,8.909500000000005,0.8378378378378378,85.30000000000001,1,7,44,619.4811887999999,179.46479999999946,1,1,0,1,0,1,0,0,0,0,0,0,0,0,0,0,1,0,0,0,1,2,12,0.05,1.0
CCCCC/C=C\C/C=C\CCCCCCCCOC(=O)OC(C/C=C\CCCCCCCCOC(=O)CCN(C)CCOCCOCCN(C)CCC(=O)OCCCCCCCC/C=C\CC(CCCCCC)OC(=O)OCCCCCCCC/C=C\C/C=C\CCCCC)CCCCCC,0.756220157,1,35.0,16.0,46.5,2.5,10.0,7.271877423555918,2,79,24.715200000000035,0.8181818181818182,148.6,0,14,102,1437.1971285600002,428.6120000000022,1,1,0,1,0,1,0,0,0,0,0,0,0,0,0,0,1,0,0,0,2,6,18,0.05,1.0
CCCC#CCOC(=O)OC(C/C=C\CCCCCCCCOC(=O)CCN(CCCN(C)C)CCCN(CCC(=O)OCCCCCCCC/C=C\CC(CCCCCC)OC(=O)OCC#CCCC)CCC(=O)OCCCCCCCC/C=C\CC(CCCCCC)OC(=O)OCC#CCCC)CCCCCC,0.751828633,1,35.0,16.0,46.5,2.5,10.0,7.344906375105299,3,74,22.650200000000023,0.8043478260869565,195.20999999999995,0,18,110,1546.1771213879997,448.6160000000022,1,1,0,1,0,1,0,0,0,0,0,0,0,0,0,0,1,0,0,0,3,6,12,0.05,1.0
CCCCCCC#CCOC(=O)OC(C/C=C\CCCCCCCCOC(=O)CCN(C)CCCn1ccnc1)CCCCCC,0.750798979,1,35.0,16.0,46.5,2.5,10.0,6.469178996423078,3,29,9.281300000000003,0.7631578947368421,82.89,0,8,46,643.49242218,187.5079999999993,1,1,0,1,0,1,0,0,0,0,0,0,0,0,0,0,1,0,0,0,2,2,12,0.05,1.0
CCCCCCC#CCOC(=O)OC(C/C=C\CCCCCCCCOC(=O)CCN(CCCn1ccnc1)CCC(=O)OCCCCCCCC/C=C\CC(CCCCCC)OC(=O)OCC#CCCCCCC)CCCCCC,0.742705462,1,35.0,16.0,46.5,2.5,10.0,7.034985988928017,3,54,17.727799999999977,0.7794117647058824,144.72,0,13,81,1133.85824688,329.6180000000003,1,1,0,1,0,1,0,0,0,0,0,0,0,0,0,0,1,0,0,0,2,4,12,0.05,1.0
CCCC#CCOC(=O)OC(C/C=C\CCCCCCCCOC(=O)CCN(CCC(=O)OCCCCCCCC/C=C\CC(CCCCCC)OC(=O)OCC#CCCC)CCN1CCCCN(C)CC1)CCCCCC,0.741771051,1,35.0,16.0,46.5,2.5,10.0,7.000908588959613,3,47,15.127999999999972,0.8153846153846154,133.38000000000002,0,13,78,1095.842596816,318.2430000000001,1,1,0,1,0,1,0,0,0,0,0,0,0,0,0,0,1,0,0,0,3,4,12,0.05,1.0
CCCCCC#CCOC(=O)OC(C/C=C\CCCCCCCCOC(=O)CCN(CCCN1CCN(C)CC1)CCC(=O)OCCCCCCCC/C=C\CC(CCCCCC)OC(=O)OCC#CCCCCC)CCCCCC,0.737058791,1,35.0,16.0,46.5,2.5,10.0,7.03853000047783,3,52,16.29829999999997,0.8235294117647058,133.38,0,13,81,1137.889547008,332.09400000000034,1,1,0,1,0,1,0,0,0,0,0,0,0,0,0,0,1,0,0,0,3,4,12,0.05,1.0
CCCCC/C=C\C/C=C\CCCCCCCCOC(=O)OC(C/C=C\CCCCCCCCOC(=O)CCN1CCN(CCN2CCCC2)CC1)CCCCCC,0.73545985,1,35.0,16.0,46.5,2.5,10.0,6.7035487843875226,3,38,12.615799999999984,0.84,71.55,0,8,58,813.695873012,244.5439999999988,1,1,0,1,0,1,0,0,0,0,0,0,0,0,0,0,1,0,0,0,3,3,18,0.05,1.0
CCCCCCCCCCCCCCCCCCOC(=O)OC(C/C=C\CCCCCCCCOC(=O)CCN(C)CCOCCOCCN(C)CCC(=O)OCCCCCCCC/C=C\CC(CCCCCC)OC(=O)OCCCCCCCCCCCCCCCCCC)CCCCCC,0.733951443,1,35.0,16.0,46.5,2.5,10.0,7.277464703781324,2,83,25.611200000000043,0.9090909090909092,148.6,0,14,102,1445.2597288160002,428.98800000000216,1,1,0,1,0,1,0,0,0,0,0,0,0,0,0,0,1,0,0,0,2,2,18,0.05,1.0
CCCCCCC#CCOC(=O)OC(C/C=C\CCCCCCCCOC(=O)CCN(C)CCN(C)C)CCCCCC,0.730404681,1,35.0,16.0,46.5,2.5,10.0,6.41006467852557,2,28,8.556100000000008,0.8333333333333334,68.31,0,7,43,606.497173212,179.21799999999945,1,1,0,1,0,1,0,0,0,0,0,0,0,0,0,0,1,0,0,0,2,2,12,0.05,1.0
CCCCC/C=C\C/C=C\CCCCCCCCOC(=O)OC(C/C=C\CCCCCCCCOC(=O)CCN(C)CCCCCCN(C)CCC(=O)OCCCCCCCC/C=C\CC(CCCCCC)OC(=O)OCCCCCCCC/C=C\C/C=C\CCCCC)CCCCCC,0.72818277,1,35.0,16.0,46.5,2.5,10.0,7.249394145554708,2,77,26.24240000000005,0.8181818181818182,130.14,0,12,100,1405.20729932,425.4420000000022,1,1,0,1,0,1,0,0,0,0,0,0,0,0,0,0,1,0,0,0,2,6,18,0.05,1.0
CCCCCCCC/C=C\CCCCCCCCOC(=O)OC(C/C=C\CCCCCCCCOC(=O)CCN(CCCN(CCC(=O)OCCCCCCCC/C=C\CC(CCCCCC)OC(=O)OCCCCCCCC/C=C\CCCCCCCC)CCN(CCCN(CCC(=O)OCCCCCCCC/C=C\CC(CCCCCC)OC(=O)OCCCCCCCC/C=C\CCCCCCCC)CCC(=O)OCCCCCCCC/C=C\CC(CCCCCC)OC(=O)OCCCCCCCC/C=C\CCCCCCCC)CCC(=O)OCCCCCCCC/C=C\CC(CCCCCC)OC(=O)OCCCCCCCC/C=C\CCCCCCCC)CCC(=O)OCCCCCCCC/C=C\CC(CCCCCC)OC(=O)OCCCCCCCC/C=C\CCCCCCCC)CCCCCC,0.725867478,1,35.0,16.0,46.5,2.5,10.0,8.287366859985651,4,227,75.81459999999994,0.8548387096774194,383.94,0,34,282,3969.412299128001,1191.4980000000085,1,1,0,1,0,1,0,0,0,0,0,0,0,0,0,0,1,0,0,0,4,12,18,0.05,1.0
CCCCC#CCCOC(=O)OC(C/C=C\CCCCCCCCOC(=O)CCN(CCC(=O)OCCCCCCCC/C=C\CC(CCCCCC)OC(=O)OCCC#CCCCC)CCc1cn(CCC(=O)OCCCCCCCC/C=C\CC(CCCCCC)OC(=O)OCCC#CCCCC)cn1)CCCCCC,0.725652036,1,35.0,16.0,46.5,2.5,10.0,7.367912465728122,3,75,24.786200000000036,0.7789473684210526,206.54999999999995,0,18,113,1582.1771213879997,458.02100000000223,1,1,0,1,0,1,0,0,0,0,0,0,0,0,0,0,1,0,0,0,2,6,12,0.05,1.0
CCC#CCOC(=O)OC(C/C=C\CCCCCCCCOC(=O)CCN(CCC(=O)OCCCCCCCC/C=C\CC(CCCCCC)OC(=O)OCC#CCC)CCN1CCCCC1)CCCCCC,0.714787109,1,35.0,16.0,46.5,2.5,10.0,6.9339170557245815,2,45,14.806099999999972,0.8032786885245902,130.14,0,12,73,1024.769097528,296.1289999999996,1,1,0,1,0,1,0,0,0,0,0,0,0,0,0,0,1,0,0,0,2,4,12,0.05,1.0
CCCCCCC#CCOC(=O)OC(C/C=C\CCCCCCCCOC(=O)CCN1CCN(c2cccnc2)CC1)CCCCCC,0.714630765,1,35.0,16.0,46.5,2.5,10.0,6.505748185045263,3,26,9.279900000000003,0.725,81.2,0,8,48,667.49242218,196.0569999999992,1,1,0,1,0,1,0,0,0,0,0,0,0,0,0,0,1,0,0,0,3,2,12,0.05,1.0
CCCCCC#CCOC(=O)OC(C/C=C\CCCCCCCCOC(=O)CCN(CCC(=O)OCCCCCCCC/C=C\CC(CCCCCC)OC(=O)OCC#CCCCCC)CCN1CCOCC1)CCCCCC,0.713997781,1,35.0,16.0,46.5,2.5,10.0,7.014491747582394,2,51,15.992999999999968,0.8181818181818182,139.37,0,13,79,1110.842262468,320.7990000000002,1,1,0,1,0,1,0,0,0,0,0,0,0,0,0,0,1,0,0,0,2,4,12,0.05,1.0
CCC#CCOC(=O)OC(C/C=C\CCCCCCCCOC(=O)CCN(CCC(=O)OCCCCCCCC/C=C\CC(CCCCCC)OC(=O)OCC#CCC)CCC1CCCCN1CC(C)C)CCCCCC,0.712436762,1,35.0,16.0,46.5,2.5,10.0,6.987134689799865,2,47,16.220799999999965,0.8153846153846154,130.14,0,12,77,1080.831697784,314.505,1,1,0,1,0,1,0,0,0,0,0,0,0,0,0,0,1,0,0,0,2,4,12,0.05,1.0
CCCCCCCCCCCCCCCCCCOC(=O)OC(C/C=C\CCCCCCCCOC(=O)CCN(CCCN1CCCCCC1)CCC(=O)OCCCCCCCC/C=C\CC(CCCCCC)OC(=O)OCCCCCCCCCCCCCCCCCC)CCCCCC,0.697065661,1,35.0,16.0,46.5,2.5,10.0,7.263558743292785,2,78,27.282500000000056,0.9101123595505618,130.14,0,12,101,1425.269899576,428.3210000000022,1,1,0,1,0,1,0,0,0,0,0,0,0,0,0,0,1,0,0,0,2,2,18,0.05,1.0
CCC#CCOC(=O)OC(C/C=C\CCCCCCCCOC(=O)CCN(CCC(=O)OCCCCCCCC/C=C\CC(CCCCCC)OC(=O)OCC#CCC)CCC1CCCCN1C)CCCCCC,0.696608871,1,35.0,16.0,46.5,2.5,10.0,6.947489321897609,2,45,15.19459999999997,0.8064516129032258,130.14,0,12,74,1038.7847475919998,300.7239999999997,1,1,0,1,0,1,0,0,0,0,0,0,0,0,0,0,1,0,0,0,2,4,12,0.05,1.0
CCCCCCCC/C=C\CCCCCCCCOC(=O)OC(C/C=C\CCCCCCCCOC(=O)CCN(CCC(=O)OCCCCCCCC/C=C\CC(CCCCCC)OC(=O)OCCCCCCCC/C=C\CCCCCCCC)CCN1CCCCC1)CCCCCC,0.694851467,1,35.0,16.0,46.5,2.5,10.0,7.240822439190831,2,75,26.054300000000044,0.8620689655172413,130.14,0,12,99,1393.2072993200002,418.899000000002,1,1,0,1,0,1,0,0,0,0,0,0,0,0,0,0,1,0,0,0,2,4,18,0.05,1.0
CCC#CCOC(=O)OC(C/C=C\CCCCCCCCOC(=O)CCN(C)CCCN(C)CCC(=O)OCCCCCCCC/C=C\CC(CCCCCC)OC(=O)OCC#CCC)CCCCCC,0.694266745,1,35.0,16.0,46.5,2.5,10.0,6.9082241690360116,2,46,14.271899999999976,0.7966101694915254,130.14,0,12,71,998.753447464,289.0089999999995,1,1,0,1,0,1,0,0,0,0,0,0,0,0,0,0,1,0,0,0,2,4,12,0.05,1.0
CCCCCCCC/C=C\CCCCCCCCOC(=O)OC(C/C=C\CCCCCCCCOC(=O)CCN(CCCN(CCC(=O)OCCCCCCCC/C=C\CC(CCCCCC)OC(=O)OCCCCCCCC/C=C\CCCCCCCC)CCC(=O)OCCCCCCCC/C=C\CC(CCCCCC)OC(=O)OCCCCCCCC/C=C\CCCCCCCC)CCCN(CCC(=O)OCCCCCCCC/C=C\CC(CCCCCC)OC(=O)OCCCCCCCC/C=C\CCCCCCCC)CCC(=O)OCCCCCCCC/C=C\CC(CCCCCC)OC(=O)OCCCCCCCC/C=C\CCCCCCCC)CCCCCC,0.68372793,1,35.0,16.0,46.5,2.5,10.0,8.100852558595026,3,188,63.3725999999995,0.8543689320388349,318.86999999999995,0,28,234,3293.832124564,988.9740000000056,1,1,0,1,0,1,0,0,0,0,0,0,0,0,0,0,1,0,0,0,3,10,18,0.05,1.0
CCC#CCOC(=O)OC(C/C=C\CCCCCCCCOC(=O)CCN(CCCN(C)C)CCCN(CCC(=O)OCCCCCCCC/C=C\CC(CCCCCC)OC(=O)OCC#CCC)CCC(=O)OCCCCCCCC/C=C\CC(CCCCCC)OC(=O)OCC#CCC)CCCCCC,0.681475973,1,35.0,16.0,46.5,2.5,10.0,7.317351176951483,3,71,21.479900000000015,0.797752808988764,195.20999999999995,0,18,107,1504.1301711959998,434.76500000000215,1,1,0,1,0,1,0,0,0,0,0,0,0,0,0,0,1,0,0,0,3,6,12,0.05,1.0
CCCC#CCOC(=O)OC(C/C=C\CCCCCCCCOC(=O)CCN1CCN(c2ccncc2)CC1)CCCCCC,0.675789353,1,35.0,16.0,46.5,2.5,10.0,6.440779062494407,3,23,8.10960000000001,0.7027027027027027,81.2,0,8,45,625.4454719879999,182.2059999999994,1,1,0,1,0,1,0,0,0,0,0,0,0,0,0,0,1,0,0,0,3,2,12,0.05,1.0
CCCCC/C=C\C/C=C\CCCCCCCCOC(=O)OC(C/C=C\CCCCCCCCOC(=O)CCN(C)CCN(C)C)CCCCCC,0.67229469,1,35.0,16.0,46.5,2.5,10.0,6.598748781887751,2,38,12.395799999999983,0.8222222222222222,68.31,0,7,52,732.6380237879999,222.04099999999897,1,1,0,1,0,1,0,0,0,0,0,0,0,0,0,0,1,0,0,0,2,3,18,0.05,1.0
CCCCCCC#CCOC(=O)OC(C/C=C\CCCCCCCCOC(=O)CCN(CCC(=O)OCCCCCCCC/C=C\CC(CCCCCC)OC(=O)OCC#CCCCCCC)CCN1CCCCN(C)CC1)CCCCCC,0.671535415,1,35.0,16.0,46.5,2.5,10.0,7.074787209553748,3,53,17.468599999999977,0.8309859154929577,133.38000000000002,0,13,84,1179.9364971999998,345.9450000000006,1,1,0,1,0,1,0,0,0,0,0,0,0,0,0,0,1,0,0,0,3,4,12,0.05,1.0
CCCCC#CCCOC(=O)OC(C/C=C\CCCCCCCCOC(=O)CCN(CCC(=O)OCCCCCCCC/C=C\CC(CCCCCC)OC(=O)OCCC#CCCCC)CCN1CCCCCC1)CCCCCC,0.660504131,1,35.0,16.0,46.5,2.5,10.0,7.025268055899694,2,51,17.536799999999978,0.8235294117647058,130.14,0,12,80,1122.878647976,328.44800000000026,1,1,0,1,0,1,0,0,0,0,0,0,0,0,0,0,1,0,0,0,2,4,12,0.05,1.0
CCCCCC#CCOC(=O)OC(C/C=C\CCCCCCCCOC(=O)CCN(CCC(=O)OCCCCCCCC/C=C\CC(CCCCCC)OC(=O)OCC#CCCCCC)CCN(CC)CC)CCCCCC,0.64419175,1,35.0,16.0,46.5,2.5,10.0,7.001844713980624,2,53,17.002599999999973,0.8181818181818182,130.14,0,12,78,1096.862997912,321.32800000000015,1,1,0,1,0,1,0,0,0,0,0,0,0,0,0,0,1,0,0,0,2,4,12,0.05,1.0
CCCCCC#CCOC(=O)OC(C/C=C\CCCCCCCCOC(=O)CCN(C)CCCn1ccnc1)CCCCCC,0.641505159,1,35.0,16.0,46.5,2.5,10.0,6.447190166466747,3,28,8.891200000000005,0.7567567567567568,82.89,0,8,45,629.4767721159999,182.89099999999937,1,1,0,1,0,1,0,0,0,0,0,0,0,0,0,0,1,0,0,0,2,2,12,0.05,1.0
CCCCCC#CCOC(=O)OC(C/C=C\CCCCCCCCOC(=O)CCN(CCCN(C)C)CCCN(C)C)CCCCCC,0.635921265,1,35.0,16.0,46.5,2.5,10.0,6.520703598384688,3,32,8.878000000000005,0.85,71.55,0,8,48,677.5706725,201.33199999999917,1,1,0,1,0,1,0,0,0,0,0,0,0,0,0,0,1,0,0,0,3,2,12,0.05,1.0
CCCCCC#CCOC(=O)OC(C/C=C\CCCCCCCCOC(=O)CCN(CCCN(C)C)CCC(=O)OCCCCCCCC/C=C\CC(CCCCCC)OC(=O)OCC#CCCCCC)CCCCCC,0.635779608,1,35.0,16.0,46.5,2.5,10.0,6.9889951159642045,2,52,16.61249999999997,0.8153846153846154,130.14,0,12,77,1082.847347848,316.71100000000007,1,1,0,1,0,1,0,0,0,0,0,0,0,0,0,0,1,0,0,0,2,4,12,0.05,1.0
CCCCCCCC/C=C\CCCCCCCCOC(=O)OC(C/C=C\CCCCCCCCOC(=O)CCN(CCC(=O)OCCCCCCCC/C=C\CC(CCCCCC)OC(=O)OCCCCCCCC/C=C\CCCCCCCC)CCN(CCC(=O)OCCCCCCCC/C=C\CC(CCCCCC)OC(=O)OCCCCCCCC/C=C\CCCCCCCC)CCN1CCN(CCN(CCC(=O)OCCCCCCCC/C=C\CC(CCCCCC)OC(=O)OCCCCCCCC/C=C\CCCCCCCC)CCC(=O)OCCCCCCCC/C=C\CC(CCCCCC)OC(=O)OCCCCCCCC/C=C\CCCCCCCC)CC1)CCCCCC,0.635437798,1,35.0,16.0,46.5,2.5,10.0,8.126045103902866,5,189,62.20999999999952,0.8571428571428571,325.35,0,30,240,3377.9008728200006,1012.620000000006,1,1,0,1,0,1,0,0,0,0,0,0,0,0,0,0,1,0,0,0,5,10,18,0.05,1.0
CCCCCCC#CCCOC(=O)OC(C/C=C\CCCCCCCCOC(=O)CCN(CCC(=O)OCCCCCCCC/C=C\CC(CCCCCC)OC(=O)OCCC#CCCCCCC)CCc1cn(CCC(=O)OCCCCCCCC/C=C\CC(CCCCCC)OC(=O)OCCC#CCCCCCC)cn1)CCCCCC,0.629252984,1,35.0,16.0,46.5,2.5,10.0,7.419671308040139,3,81,27.126800000000056,0.7920792079207921,206.54999999999995,0,18,119,1666.2710217719996,485.7230000000023,1,1,0,1,0,1,0,0,0,0,0,0,0,0,0,0,1,0,0,0,2,6,12,0.05,1.0
CCCCCCC#CCOC(=O)OC(C/C=C\CCCCCCCCOC(=O)CCN1CCCCC1CO)CCCCCC,0.628729149,1,35.0,16.0,46.5,2.5,10.0,6.431215133182697,1,26,8.909500000000005,0.8378378378378378,85.30000000000001,1,7,44,619.4811887999999,179.46479999999946,1,1,0,1,0,1,0,0,0,0,0,0,0,0,0,0,1,0,0,0,1,2,12,0.05,1.0
CCCCC#CCCOC(=O)OC(C/C=C\CCCCCCCCOC(=O)CCN(CCC(=O)OCCCCCCCC/C=C\CC(CCCCCC)OC(=O)OCCC#CCCCC)CCN(CCC(=O)OCCCCCCCC/C=C\CC(CCCCCC)OC(=O)OCCC#CCCCC)CCN1CCN(CCN(CCC(=O)OCCCCCCCC/C=C\CC(CCCCCC)OC(=O)OCCC#CCCCC)CCC(=O)OCCCCCCCC/C=C\CC(CCCCCC)OC(=O)OCCC#CCCCC)CC1)CCCCCC,0.622348169,1,35.0,16.0,46.5,2.5,10.0,7.889822515376115,5,129,39.94099999999994,0.8125,325.35,0,30,190,2667.0401192999993,774.950000000003,1,1,0,1,0,1,0,0,0,0,0,0,0,0,0,0,1,0,0,0,5,10,12,0.05,1.0
CCC#CCOC(=O)OC(C/C=C\CCCCCCCCOC(=O)CCN(CCC(=O)OCCCCCCCC/C=C\CC(CCCCCC)OC(=O)OCC#CCC)CCN(CC)CC)CCCCCC,0.619169682,1,35.0,16.0,46.5,2.5,10.0,6.922147216429115,2,47,14.661999999999972,0.8,130.14,0,12,72,1012.769097528,293.6259999999996,1,1,0,1,0,1,0,0,0,0,0,0,0,0,0,0,1,0,0,0,2,4,12,0.05,1.0
CCC#CCOC(=O)OC(C/C=C\CCCCCCCCOC(=O)CCN(CCCn1ccnc1)CCC(=O)OCCCCCCCC/C=C\CC(CCCCCC)OC(=O)OCC#CCC)CCCCCC,0.618850709,1,35.0,16.0,46.5,2.5,10.0,6.930947253983805,3,46,14.606999999999973,0.75,144.72,0,13,73,1021.733046368,292.6819999999996,1,1,0,1,0,1,0,0,0,0,0,0,0,0,0,0,1,0,0,0,2,4,12,0.05,1.0
CCCCCCC#CCOC(=O)OC(C/C=C\CCCCCCCCOC(=O)CCN1CCCN(CCC(=O)OCCCCCCCC/C=C\CC(CCCCCC)OC(=O)OCC#CCCCCCC)CCN(CCC(=O)OCCCCCCCC/C=C\CC(CCCCCC)OC(=O)OCC#CCCCCCC)CCCN(CCC(=O)OCCCCCCCC/C=C\CC(CCCCCC)OC(=O)OCC#CCCCCCC)CC1)CCCCCC,0.616612128,1,35.0,16.0,46.5,2.5,10.0,7.70541471552938,4,100,34.293400000000055,0.8208955223880597,260.2799999999999,0,24,158,2217.7259958239993,647.6620000000026,1,1,0,1,0,1,0,0,0,0,0,0,0,0,0,0,1,0,0,0,4,8,12,0.05,1.0
CCCCC#CCCOC(=O)OC(C/C=C\CCCCCCCCOC(=O)CCN1CCC(N2CCN(CC)CC2)CC1)CCCCCC,0.61322209,1,35.0,16.0,46.5,2.5,10.0,6.535315288593593,3,26,8.774500000000007,0.8536585365853658,71.55,0,8,49,687.555022436,201.69899999999916,1,1,0,1,0,1,0,0,0,0,0,0,0,0,0,0,1,0,0,0,3,2,12,0.05,1.0
CCCCCCCCCCCCCCCCCCOC(=O)OC(C/C=C\CCCCCCCCOC(=O)CCN(CCC(=O)OCCCCCCCC/C=C\CC(CCCCCC)OC(=O)OCCCCCCCCCCCCCCCCCC)CCN(C)C)CCCCCC,0.610159872,1,35.0,16.0,46.5,2.5,10.0,7.214657456155586,2,77,25.57800000000004,0.9047619047619048,130.14,0,12,96,1357.2072993200002,407.3500000000017,1,1,0,1,0,1,0,0,0,0,0,0,0,0,0,0,1,0,0,0,2,2,18,0.05,1.0
CCCC#CCOC(=O)OC(C/C=C\CCCCCCCCOC(=O)CCN(CCC(=O)OCCCCCCCC/C=C\CC(CCCCCC)OC(=O)OCC#CCCC)CCC1CCCCN1CC(C)C)CCCCCC,0.602447216,1,35.0,16.0,46.5,2.5,10.0,7.012717815456752,2,49,17.000999999999973,0.8208955223880597,130.14,0,12,79,1108.862997912,323.7390000000002,1,1,0,1,0,1,0,0,0,0,0,0,0,0,0,0,1,0,0,0,2,4,12,0.05,1.0
CCCCCCC#CCOC(=O)OC(C/C=C\CCCCCCCCOC(=O)CCN(CCC(=O)OCCCCCCCC/C=C\CC(CCCCCC)OC(=O)OCC#CCCCCCC)CCC1CCCCN1CC(C)C)CCCCCC,0.60151036,1,35.0,16.0,46.5,2.5,10.0,7.0857600317703495,2,55,19.341599999999993,0.8356164383561644,130.14,0,12,85,1192.956898296,351.4410000000007,1,1,0,1,0,1,0,0,0,0,0,0,0,0,0,0,1,0,0,0,2,4,12,0.05,1.0
CCCCC#CCOC(=O)OC(C/C=C\CCCCCCCCOC(=O)CCN(CCCN1CCN(CCCN(CCC(=O)OCCCCCCCC/C=C\CC(CCCCCC)OC(=O)OCC#CCCCC)CCC(=O)OCCCCCCCC/C=C\CC(CCCCCC)OC(=O)OCC#CCCCC)CC1)CCC(=O)OCCCCCCCC/C=C\CC(CCCCCC)OC(=O)OCC#CCCCC)CCCCCC,0.601313842,1,35.0,16.0,46.5,2.5,10.0,7.653552782749382,4,100,31.172600000000095,0.8095238095238095,260.2799999999999,0,24,150,2105.6007953119997,610.7260000000025,1,1,0,1,0,1,0,0,0,0,0,0,0,0,0,0,1,0,0,0,4,8,12,0.05,1.0
CCCC#CCOC(=O)OC(C/C=C\CCCCCCCCOC(=O)CCN1CCC[C@H]1CO)CCCCCC,0.598077973,1,35.0,16.0,46.5,2.5,10.0,6.336507096316959,1,23,7.34910000000001,0.8181818181818182,85.30000000000001,1,7,40,563.4185885439999,160.99679999999972,1,1,0,1,0,1,0,0,0,0,0,0,0,0,0,0,1,0,0,0,1,2,12,0.05,1.0
CCCC#CCOC(=O)OC(C/C=C\CCCCCCCCOC(=O)CCN(CCCN1CCOCC1)CCC(=O)OCCCCCCCC/C=C\CC(CCCCCC)OC(=O)OCC#CCCC)CCCCCC,0.597520095,1,35.0,16.0,46.5,2.5,10.0,6.975937155034506,2,48,14.822699999999973,0.8095238095238095,139.37,0,13,76,1068.795312276,306.94799999999987,1,1,0,1,0,1,0,0,0,0,0,0,0,0,0,0,1,0,0,0,2,4,12,0.05,1.0
CCCCC#CCOC(=O)OC(C/C=C\CCCCCCCCOC(=O)CCN(C)CCCCCCN(C)CCC(=O)OCCCCCCCC/C=C\CC(CCCCCC)OC(=O)OCC#CCCCC)CCCCCC,0.594268331,1,35.0,16.0,46.5,2.5,10.0,7.001844713980624,2,53,17.002599999999973,0.8181818181818182,130.14,0,12,78,1096.862997912,321.32800000000015,1,1,0,1,0,1,0,0,0,0,0,0,0,0,0,0,1,0,0,0,2,4,12,0.05,1.0
CCCCCC#CCOC(=O)OC(C/C=C\CCCCCCCCOC(=O)CCN1CCCN(CCC(=O)OCCCCCCCC/C=C\CC(CCCCCC)OC(=O)OCC#CCCCCC)CCN(CCC(=O)OCCCCCCCC/C=C\CC(CCCCCC)OC(=O)OCC#CCCCCC)CCCN(CCC(=O)OCCCCCCCC/C=C\CC(CCCCCC)OC(=O)OCC#CCCCCC)CC1)CCCCCC,0.592461625,1,35.0,16.0,46.5,2.5,10.0,7.679819918976599,4,96,32.73300000000009,0.8153846153846154,260.2799999999999,0,24,154,2161.6633955679995,629.1940000000026,1,1,0,1,0,1,0,0,0,0,0,0,0,0,0,0,1,0,0,0,4,8,12,0.05,1.0
CCCCC/C=C\C/C=C\CCCCCCCCOC(=O)OC(C/C=C\CCCCCCCCOC(=O)CCN(CCCN(C)CCCN(CCC(=O)OCCCCCCCC/C=C\CC(CCCCCC)OC(=O)OCCCCCCCC/C=C\C/C=C\CCCCC)CCC(=O)OCCCCCCCC/C=C\CC(CCCCCC)OC(=O)OCCCCCCCC/C=C\C/C=C\CCCCC)CCC(=O)OCCCCCCCC/C=C\CC(CCCCCC)OC(=O)OCCCCCCCC/C=C\C/C=C\CCCCC)CCCCCC,0.584521631,1,35.0,16.0,46.5,2.5,10.0,7.889919890006356,3,148,49.96639999999976,0.8083832335329342,257.0399999999999,0,23,190,2667.247198968,803.5710000000033,1,1,0,1,0,1,0,0,0,0,0,0,0,0,0,0,1,0,0,0,3,12,18,0.05,1.0
CCCCCCCC/C=C\CCCCCCCCOC(=O)OC(C/C=C\CCCCCCCCOC(=O)CCN1CCC(CCO)CC1)CCCCCC,0.576555629,1,35.0,16.0,46.5,2.5,10.0,6.637538463781344,1,38,13.220799999999976,0.8723404255319149,85.30000000000001,1,7,54,761.6533395040001,226.95079999999896,1,1,0,1,0,1,0,0,0,0,0,0,0,0,0,0,1,0,0,0,1,2,18,0.05,1.0
CCCCCCCC/C=C\CCCCCCCCOC(=O)OC(C/C=C\CCCCCCCCOC(=O)CCN(CCCN1CCCCCC1)CCC(=O)OCCCCCCCC/C=C\CC(CCCCCC)OC(=O)OCCCCCCCC/C=C\CCCCCCCC)CCCCCC,0.572273079,1,35.0,16.0,46.5,2.5,10.0,7.260729885107575,2,76,26.83450000000005,0.8651685393258427,130.14,0,12,101,1421.238599448,428.1330000000022,1,1,0,1,0,1,0,0,0,0,0,0,0,0,0,0,1,0,0,0,2,4,18,0.05,1.0
CCCCCCC#CCOC(=O)OC(C/C=C\CCCCCCCCOC(=O)CCN(CCCN1CCN(C)CC1)CCC(=O)OCCCCCCCC/C=C\CC(CCCCCC)OC(=O)OCC#CCCCCCC)CCCCCC,0.570089294,1,35.0,16.0,46.5,2.5,10.0,7.062846944514875,3,54,17.078499999999977,0.8285714285714286,133.38,0,13,83,1165.9208471360002,341.32800000000054,1,1,0,1,0,1,0,0,0,0,0,0,0,0,0,0,1,0,0,0,3,4,12,0.05,1.0
CCCCCCC#CCCOC(=O)OC(C/C=C\CCCCCCCCOC(=O)CCN(CCCN(CCC(=O)OCCCCCCCC/C=C\CC(CCCCCC)OC(=O)OCCC#CCCCCCC)CCN(CCCN(CCC(=O)OCCCCCCCC/C=C\CC(CCCCCC)OC(=O)OCCC#CCCCCCC)CCC(=O)OCCCCCCCC/C=C\CC(CCCCCC)OC(=O)OCCC#CCCCCCC)CCC(=O)OCCCCCCCC/C=C\CC(CCCCCC)OC(=O)OCCC#CCCCCCC)CCC(=O)OCCCCCCCC/C=C\CC(CCCCCC)OC(=O)OCCC#CCCCCCC)CCCCCC,0.56664217,1,35.0,16.0,46.5,2.5,10.0,8.098024415490002,4,167,53.77299999999968,0.82,383.94,0,34,234,3284.5671956720003,961.6980000000052,1,1,0,1,0,1,0,0,0,0,0,0,0,0,0,0,1,0,0,0,4,12,12,0.05,1.0
CCC#CCOC(=O)OC(C/C=C\CCCCCCCCOC(=O)CCN1CCN=C1C)CCCCCC,0.566575091,1,35.0,16.0,46.5,2.5,10.0,6.279957540674342,2,21,7.236300000000009,0.7741935483870968,77.43,0,7,38,532.387622764,154.24799999999976,1,1,0,1,0,1,0,0,0,0,0,0,0,0,0,0,1,0,0,0,1,2,12,0.05,1.0
CCCCC#CCOC(=O)OC(C/C=C\CCCCCCCCOC(=O)CCN1CCCN(CCC(=O)OCCCCCCCC/C=C\CC(CCCCCC)OC(=O)OCC#CCCCC)CCN(CCC(=O)OCCCCCCCC/C=C\CC(CCCCCC)OC(=O)OCC#CCCCC)CCCN(CCC(=O)OCCCCCCCC/C=C\CC(CCCCCC)OC(=O)OCC#CCCCC)CC1)CCCCCC,0.562543278,1,35.0,16.0,46.5,2.5,10.0,7.653552782749382,4,92,31.172600000000095,0.8095238095238095,260.2799999999999,0,24,150,2105.6007953119993,610.7260000000026,1,1,0,1,0,1,0,0,0,0,0,0,0,0,0,0,1,0,0,0,4,8,12,0.05,1.0
CCCCC#CCCOC(=O)OC(C/C=C\CCCCCCCCOC(=O)CCN(CCC(=O)OCCCCCCCC/C=C\CC(CCCCCC)OC(=O)OCCC#CCCCC)CCC1CCCCN1C)CCCCCC,0.562321009,1,35.0,16.0,46.5,2.5,10.0,7.025268055899694,2,51,17.53519999999998,0.8235294117647058,130.14,0,12,80,1122.878647976,328.4260000000003,1,1,0,1,0,1,0,0,0,0,0,0,0,0,0,0,1,0,0,0,2,4,12,0.05,1.0
CCCCC#CCOC(=O)OC(C/C=C\CCCCCCCCOC(=O)CCN(CCCN1CCOCC1)CCC(=O)OCCCCCCCC/C=C\CC(CCCCCC)OC(=O)OCC#CCCCC)CCCCCC,0.561769736,1,35.0,16.0,46.5,2.5,10.0,7.001804664319038,2,50,15.602899999999968,0.8153846153846154,139.37,0,13,78,1096.826612404,316.182,1,1,0,1,0,1,0,0,0,0,0,0,0,0,0,0,1,0,0,0,2,4,12,0.05,1.0
CCCC#CCOC(=O)OC(C/C=C\CCCCCCCCOC(=O)CCN1CCC(CCO)CC1)CCCCCC,0.558293262,1,35.0,16.0,46.5,2.5,10.0,6.38498189750014,1,24,7.98680000000001,0.8285714285714286,85.30000000000001,1,7,42,591.4498886719999,170.18279999999962,1,1,0,1,0,1,0,0,0,0,0,0,0,0,0,0,1,0,0,0,1,2,12,0.05,1.0
CCCC#CCOC(=O)OC(C/C=C\CCCCCCCCOC(=O)CCN1CCN=C1C)CCCCCC,0.555772657,1,35.0,16.0,46.5,2.5,10.0,6.305897478361062,2,22,7.626400000000009,0.78125,77.43,0,7,39,546.403272828,158.8649999999997,1,1,0,1,0,1,0,0,0,0,0,0,0,0,0,0,1,0,0,0,1,2,12,0.05,1.0
CCCCC#CCOC(=O)OC(C/C=C\CCCCCCCCOC(=O)CCN(C)CCN(C)C)CCCCCC,0.547226971,1,35.0,16.0,46.5,2.5,10.0,6.362819461086487,2,26,7.77590000000001,0.8235294117647058,68.31,0,7,41,578.465873084,169.98399999999958,1,1,0,1,0,1,0,0,0,0,0,0,0,0,0,0,1,0,0,0,2,2,12,0.05,1.0
CCCCCC#CCOC(=O)OC(C/C=C\CCCCCCCCOC(=O)CCN(CCCN1CCOCC1)CCC(=O)OCCCCCCCC/C=C\CC(CCCCCC)OC(=O)OCC#CCCCCC)CCCCCC,0.539949068,1,35.0,16.0,46.5,2.5,10.0,7.027019883240206,2,52,16.38309999999997,0.8208955223880597,139.37,0,13,80,1124.857912532,325.4160000000002,1,1,0,1,0,1,0,0,0,0,0,0,0,0,0,0,1,0,0,0,2,4,12,0.05,1.0
CCCCCCC#CCOC(=O)OC(C/C=C\CCCCCCCCOC(=O)CCN(CCC(=O)OCCCCCCCC/C=C\CC(CCCCCC)OC(=O)OCC#CCCCCCC)CCC1CCCCN1C)CCCCCC,0.535479426,1,35.0,16.0,46.5,2.5,10.0,7.0499056710868135,2,53,18.315399999999983,0.8285714285714286,130.14,0,12,82,1150.909948104,337.6600000000005,1,1,0,1,0,1,0,0,0,0,0,0,0,0,0,0,1,0,0,0,2,4,12,0.05,1.0
CCCCCCCC/C=C\CCCCCCCCOC(=O)OC(C/C=C\CCCCCCCCOC(=O)CCN(CCC(=O)OCCCCCCCC/C=C\CC(CCCCCC)OC(=O)OCCCCCCCC/C=C\CCCCCCCC)CCc1ccncc1)CCCCCC,0.533106367,1,35.0,16.0,46.5,2.5,10.0,7.236478281985931,2,75,26.206100000000045,0.8045977011494253,139.79000000000002,0,12,99,1387.1603491280002,416.5490000000021,1,1,0,1,0,1,0,0,0,0,0,0,0,0,0,0,1,0,0,0,2,4,18,0.05,1.0
CCCCC#CCOC(=O)OC(C/C=C\CCCCCCCCOC(=O)CCN(C)CCOCCOCCN(C)CCC(=O)OCCCCCCCC/C=C\CC(CCCCCC)OC(=O)OCC#CCCCC)CCCCCC,0.533065353,1,35.0,16.0,46.5,2.5,10.0,7.030553274236919,2,55,15.47539999999997,0.8181818181818182,148.6,0,14,80,1128.852827152,324.4980000000002,1,1,0,1,0,1,0,0,0,0,0,0,0,0,0,0,1,0,0,0,2,4,12,0.05,1.0
CCCCCC#CCOC(=O)OC(C/C=C\CCCCCCCCOC(=O)CCN(C)CCOCCOCCN(C)CCC(=O)OCCCCCCCC/C=C\CC(CCCCCC)OC(=O)OCC#CCCCCC)CCCCCC,0.527517707,1,35.0,16.0,46.5,2.5,10.0,7.055062596327387,2,57,16.25559999999997,0.8235294117647058,148.6,0,14,82,1156.88412728,333.73200000000037,1,1,0,1,0,1,0,0,0,0,0,0,0,0,0,0,1,0,0,0,2,4,12,0.05,1.0
CCC#CCOC(=O)OC(C/C=C\CCCCCCCCOC(=O)CCN(CCCN(C)CCCN(CCC(=O)OCCCCCCCC/C=C\CC(CCCCCC)OC(=O)OCC#CCC)CCC(=O)OCCCCCCCC/C=C\CC(CCCCCC)OC(=O)OCC#CCC)CCC(=O)OCCCCCCCC/C=C\CC(CCCCCC)OC(=O)OCC#CCC)CCCCCC,0.518508081,1,35.0,16.0,46.5,2.5,10.0,7.570868934637563,3,92,28.36600000000007,0.7913043478260869,257.0399999999999,0,23,138,1938.4333956399992,558.4070000000023,1,1,0,1,0,1,0,0,0,0,0,0,0,0,0,0,1,0,0,0,3,8,12,0.05,1.0
CCCCCCCC/C=C\CCCCCCCCOC(=O)OC(C/C=C\CCCCCCCCOC(=O)CCN1CCN(CCN2CCCC2)CC1)CCCCCC,0.517969233,1,35.0,16.0,46.5,2.5,10.0,6.706018459856505,3,39,12.839799999999984,0.88,71.55,0,8,58,815.7115230759999,244.6379999999988,1,1,0,1,0,1,0,0,0,0,0,0,0,0,0,0,1,0,0,0,3,2,18,0.05,1.0
CCCCCCC#CCOC(=O)OC(C/C=C\CCCCCCCCOC(=O)CCN(CCC(=O)OCCCCCCCC/C=C\CC(CCCCCC)OC(=O)OCC#CCCCCCC)CCN1CCCCC1)CCCCCC,0.515776113,1,35.0,16.0,46.5,2.5,10.0,7.037662738084514,2,53,17.92689999999998,0.8260869565217391,130.14,0,12,81,1136.89429804,333.06500000000034,1,1,0,1,0,1,0,0,0,0,0,0,0,0,0,0,1,0,0,0,2,4,12,0.05,1.0
CCCCC#CCOC(=O)OC(C/C=C\CCCCCCCCOC(=O)CCN(CCCN1CCCCC1)CCC(=O)OCCCCCCCC/C=C\CC(CCCCCC)OC(=O)OCC#CCCCC)CCCCCC,0.510491986,1,35.0,16.0,46.5,2.5,10.0,7.000008062437133,2,50,16.75659999999997,0.8181818181818182,130.14,0,12,78,1094.847347848,319.2140000000001,1,1,0,1,0,1,0,0,0,0,0,0,0,0,0,0,1,0,0,0,2,4,12,0.05,1.0
CCC#CCOC(=O)OC(C/C=C\CCCCCCCCOC(=O)CCN(CCCN1CCOCC1)CCC(=O)OCCCCCCCC/C=C\CC(CCCCCC)OC(=O)OCC#CCC)CCCCCC,0.508038995,1,35.0,16.0,46.5,2.5,10.0,6.949382709052077,2,46,14.042499999999976,0.8032786885245902,139.37,0,13,74,1040.764012148,297.7139999999997,1,1,0,1,0,1,0,0,0,0,0,0,0,0,0,0,1,0,0,0,2,4,12,0.05,1.0
CCCCCCC#CCCOC(=O)OC(C/C=C\CCCCCCCCOC(=O)CCN(CCCN1CCCCCC1)CCC(=O)OCCCCCCCC/C=C\CC(CCCCCC)OC(=O)OCCC#CCCCCCC)CCCCCC,0.503074486,1,35.0,16.0,46.5,2.5,10.0,7.08576003177035,2,56,19.48729999999999,0.8356164383561644,130.14,0,12,85,1192.956898296,351.5330000000007,1,1,0,1,0,1,0,0,0,0,0,0,0,0,0,0,1,0,0,0,2,4,12,0.05,1.0
CCCCC#CCOC(=O)OC(C/C=C\CCCCCCCCOC(=O)CCN(CCC(=O)OCCCCCCCC/C=C\CC(CCCCCC)OC(=O)OCC#CCCCC)CCC1CCCCN1CC(C)C)CCCCCC,0.500967462,1,35.0,16.0,46.5,2.5,10.0,7.037662738084514,2,51,17.78119999999998,0.8260869565217391,130.14,0,12,81,1136.89429804,332.97300000000035,1,1,0,1,0,1,0,0,0,0,0,0,0,0,0,0,1,0,0,0,2,4,12,0.05,1.0
CCCCCC#CCOC(=O)OC(C/C=C\CCCCCCCCOC(=O)CCN1CCN(c2ccccn2)CC1)CCCCCC,0.500836158,1,35.0,16.0,46.5,2.5,10.0,6.484557370008383,3,25,8.889800000000005,0.717948717948718,81.2,0,8,47,653.4767721159999,191.43999999999923,1,1,0,1,0,1,0,0,0,0,0,0,0,0,0,0,1,0,0,0,3,2,12,0.05,1.0
CCC#CCOC(=O)OC(C/C=C\CCCCCCCCOC(=O)CCN(C)CCCCCCN(C)CCC(=O)OCCCCCCCC/C=C\CC(CCCCCC)OC(=O)OCC#CCC)CCCCCC,0.493093723,1,35.0,16.0,46.5,2.5,10.0,6.9494249141535285,2,49,15.44219999999997,0.8064516129032258,130.14,0,12,74,1040.800397656,302.8599999999998,1,1,0,1,0,1,0,0,0,0,0,0,0,0,0,0,1,0,0,0,2,4,12,0.05,1.0
CCCCCC#CCOC(=O)OC(C/C=C\CCCCCCCCOC(=O)CCN(CCC(=O)OCCCCCCCC/C=C\CC(CCCCCC)OC(=O)OCC#CCCCCC)CCc1ccncc1)CCCCCC,0.481259731,1,35.0,16.0,46.5,2.5,10.0,7.007257568693216,2,51,17.298499999999976,0.746268656716418,139.79000000000002,0,12,79,1102.81604772,321.4810000000003,1,1,0,1,0,1,0,0,0,0,0,0,0,0,0,0,1,0,0,0,2,4,12,0.05,1.0
CCCCC#CCOC(=O)OC(C/C=C\CCCCCCCCOC(=O)CCN1CCN=C1C)CCCCCC,0.480872508,1,35.0,16.0,46.5,2.5,10.0,6.331181513894085,2,23,8.01650000000001,0.7878787878787878,77.43,0,7,40,560.418922892,163.48199999999966,1,1,0,1,0,1,0,0,0,0,0,0,0,0,0,0,1,0,0,0,1,2,12,0.05,1.0
CCCC#CCOC(=O)OC(C/C=C\CCCCCCCCOC(=O)CCN(CCC(=O)OCCCCCCCC/C=C\CC(CCCCCC)OC(=O)OCC#CCCC)CCN1CCOCC1)CCCCCC,0.479023334,1,35.0,16.0,46.5,2.5,10.0,6.962748071778902,2,47,14.432599999999974,0.8064516129032258,139.37,0,13,75,1054.779662212,302.33099999999985,1,1,0,1,0,1,0,0,0,0,0,0,0,0,0,0,1,0,0,0,2,4,12,0.05,1.0
CCCCCC#CCOC(=O)OC(C/C=C\CCCCCCCCOC(=O)CCN(C)CCCN(C)CCC(=O)OCCCCCCCC/C=C\CC(CCCCCC)OC(=O)OCC#CCCCCC)CCCCCC,0.476684882,1,35.0,16.0,46.5,2.5,10.0,6.9889951159642045,2,52,16.61249999999997,0.8153846153846154,130.14,0,12,77,1082.847347848,316.71100000000007,1,1,0,1,0,1,0,0,0,0,0,0,0,0,0,0,1,0,0,0,2,4,12,0.05,1.0
CCCCCCC#CCCOC(=O)OC(C/C=C\CCCCCCCCOC(=O)CCN1CCC(N2CCN(CC)CC2)CC1)CCCCCC,0.473260515,1,35.0,16.0,46.5,2.5,10.0,6.57522227339246,3,28,9.554700000000002,0.8604651162790697,71.55,0,8,51,715.5863225639999,210.93299999999903,1,1,0,1,0,1,0,0,0,0,0,0,0,0,0,0,1,0,0,0,3,2,12,0.05,1.0
CCCCCCC#CCCOC(=O)OC(C/C=C\CCCCCCCCOC(=O)CCN(CCC(=O)OCCCCCCCC/C=C\CC(CCCCCC)OC(=O)OCCC#CCCCCCC)CCN1CCN(C)CC1)CCCCCC,0.468260354,1,35.0,16.0,46.5,2.5,10.0,7.074787209553748,3,55,17.468599999999977,0.8309859154929577,133.38000000000002,0,13,84,1179.9364971999998,345.9450000000006,1,1,0,1,0,1,0,0,0,0,0,0,0,0,0,0,1,0,0,0,3,4,12,0.05,1.0
CCCCC#CCCOC(=O)OC(C/C=C\CCCCCCCCOC(=O)CCN1CCN(c2cccnc2)CC1)CCCCCC,0.465799951,1,35.0,16.0,46.5,2.5,10.0,6.484557370008383,3,25,8.889800000000006,0.717948717948718,81.2,0,8,47,653.4767721159999,191.4399999999993,1,1,0,1,0,1,0,0,0,0,0,0,0,0,0,0,1,0,0,0,3,2,12,0.05,1.0
CCCCCCCC/C=C\CCCCCCCCOC(=O)OC(C/C=C\CCCCCCCCOC(=O)CCN1CCN(CCC(=O)OCCCCCCCC/C=C\CC(CCCCCC)OC(=O)OCCCCCCCC/C=C\CCCCCCCC)CCN(CCC(=O)OCCCCCCCC/C=C\CC(CCCCCC)OC(=O)OCCCCCCCC/C=C\CCCCCCCC)CC1)CCCCCC,0.464847662,1,35.0,16.0,46.5,2.5,10.0,7.615416617700105,3,108,37.32599999999999,0.8571428571428571,195.20999999999995,0,18,144,2026.7405236919997,607.5720000000027,1,1,0,1,0,1,0,0,0,0,0,0,0,0,0,0,1,0,0,0,3,6,18,0.05,1.0
CCCCCCC#CCCOC(=O)OC(C/C=C\CCCCCCCCOC(=O)CCN1CCN(CCC(=O)OCCCCCCCC/C=C\CC(CCCCCC)OC(=O)OCCC#CCCCCCC)CCN(CCC(=O)OCCCCCCCC/C=C\CC(CCCCCC)OC(=O)OCCC#CCCCCCC)CC1)CCCCCC,0.455822301,1,35.0,16.0,46.5,2.5,10.0,7.430436743695918,3,78,26.305200000000053,0.8235294117647058,195.20999999999995,0,18,120,1684.3179719639998,492.6720000000023,1,1,0,1,0,1,0,0,0,0,0,0,0,0,0,0,1,0,0,0,3,6,12,0.05,1.0
CCCCC#CCOC(=O)OC(C/C=C\CCCCCCCCOC(=O)CCN1CCC[C@H]1CO)CCCCCC,0.453901091,1,35.0,16.0,46.5,2.5,10.0,6.361038193948492,1,24,7.739200000000011,0.8235294117647058,85.30000000000001,1,7,41,577.4342386079999,165.61379999999966,1,1,0,1,0,1,0,0,0,0,0,0,0,0,0,0,1,0,0,0,1,2,12,0.05,1.0
CCCCC#CCOC(=O)OC(C/C=C\CCCCCCCCOC(=O)CCN(CCCN(C)CCCN(CCC(=O)OCCCCCCCC/C=C\CC(CCCCCC)OC(=O)OCC#CCCCC)CCC(=O)OCCCCCCCC/C=C\CC(CCCCCC)OC(=O)OCC#CCCCC)CCC(=O)OCCCCCCCC/C=C\CC(CCCCCC)OC(=O)OCC#CCCCC)CCCCCC,0.449016616,1,35.0,16.0,46.5,2.5,10.0,7.627077874676211,3,100,31.486800000000095,0.8048780487804879,257.0399999999999,0,23,146,2050.5585961519996,595.3430000000025,1,1,0,1,0,1,0,0,0,0,0,0,0,0,0,0,1,0,0,0,3,8,12,0.05,1.0
CCCCCCC#CCOC(=O)OC(C/C=C\CCCCCCCCOC(=O)CCN(CCC(=O)OCCCCCCCC/C=C\CC(CCCCCC)OC(=O)OCC#CCCCCCC)CCN1CCOCC1)CCCCCC,0.423358609,1,35.0,16.0,46.5,2.5,10.0,7.039393004750816,2,53,16.77319999999997,0.8235294117647058,139.37,0,13,81,1138.8735625959998,330.03300000000036,1,1,0,1,0,1,0,0,0,0,0,0,0,0,0,0,1,0,0,0,2,4,12,0.05,1.0
CCCCC#CCCOC(=O)OC(C/C=C\CCCCCCCCOC(=O)CCN(CCC(=O)OCCCCCCCC/C=C\CC(CCCCCC)OC(=O)OCCC#CCCCC)CCc1ccncc1)CCCCCC,0.419620921,1,35.0,16.0,46.5,2.5,10.0,7.007257568693216,2,51,17.298499999999976,0.746268656716418,139.79000000000002,0,12,79,1102.81604772,321.4810000000003,1,1,0,1,0,1,0,0,0,0,0,0,0,0,0,0,1,0,0,0,2,4,12,0.05,1.0
CCCC#CCOC(=O)OC(C/C=C\CCCCCCCCOC(=O)CCN(CCC(=O)OCCCCCCCC/C=C\CC(CCCCCC)OC(=O)OCC#CCCC)CCN1CCCCC1)CCCCCC,0.419117843,1,35.0,16.0,46.5,2.5,10.0,6.960879845566741,2,47,15.586299999999968,0.8095238095238095,130.14,0,12,75,1052.800397656,305.36299999999983,1,1,0,1,0,1,0,0,0,0,0,0,0,0,0,0,1,0,0,0,2,4,12,0.05,1.0
CCCCCCCCCCCCCCCCCCOC(=O)OC(C/C=C\CCCCCCCCOC(=O)CCN1CCN(CCN2CCCC2)CC1)CCCCCC,0.416322282,1,35.0,16.0,46.5,2.5,10.0,6.708482051051663,3,40,13.06379999999998,0.92,71.55,0,8,58,817.72717314,244.7319999999988,1,1,0,1,0,1,0,0,0,0,0,0,0,0,0,0,1,0,0,0,3,1,18,0.05,1.0
CCCCCC#CCOC(=O)OC(C/C=C\CCCCCCCCOC(=O)CCN(C)CCN(C)C)CCCCCC,0.413275848,1,35.0,16.0,46.5,2.5,10.0,6.386721057681677,2,27,8.16600000000001,0.8285714285714286,68.31,0,7,42,592.481523148,174.6009999999995,1,1,0,1,0,1,0,0,0,0,0,0,0,0,0,0,1,0,0,0,2,2,12,0.05,1.0
CCCCC/C=C\C/C=C\CCCCCCCCOC(=O)OC(C/C=C\CCCCCCCCOC(=O)CCN(C)CCCN(C)CCCN(C)CCC(=O)OCCCCCCCC/C=C\CC(CCCCCC)OC(=O)OCCCCCCCC/C=C\C/C=C\CCCCC)CCCCCC,0.410420761,1,35.0,16.0,46.5,2.5,10.0,7.269821464028786,3,78,25.39400000000004,0.8202247191011236,133.38,0,13,102,1434.2338484160002,433.70500000000226,1,1,0,1,0,1,0,0,0,0,0,0,0,0,0,0,1,0,0,0,3,6,18,0.05,1.0
CCCC#CCOC(=O)OC(C/C=C\CCCCCCCCOC(=O)CCN1CCN(c2cccnc2)CC1)CCCCCC,0.409632061,1,35.0,16.0,46.5,2.5,10.0,6.440779062494407,3,23,8.10960000000001,0.7027027027027027,81.2,0,8,45,625.4454719879999,182.2059999999994,1,1,0,1,0,1,0,0,0,0,0,0,0,0,0,0,1,0,0,0,3,2,12,0.05,1.0
CCCCC/C=C\C/C=C\CCCCCCCCOC(=O)OC(C/C=C\CCCCCCCCOC(=O)CCN(CCC(=O)OCCCCCCCC/C=C\CC(CCCCCC)OC(=O)OCCCCCCCC/C=C\C/C=C\CCCCC)CCN1CCOCC1)CCCCCC,0.403303496,1,35.0,16.0,46.5,2.5,10.0,7.239344900730176,2,73,24.452600000000032,0.813953488372093,139.37,0,13,99,1391.1552637480002,415.6790000000021,1,1,0,1,0,1,0,0,0,0,0,0,0,0,0,0,1,0,0,0,2,6,18,0.05,1.0
CCCCCC#CCOC(=O)OC(C/C=C\CCCCCCCCOC(=O)CCN(CCC(=O)OCCCCCCCC/C=C\CC(CCCCCC)OC(=O)OCC#CCCCCC)CCc1ccccn1)CCCCCC,0.402449986,1,35.0,16.0,46.5,2.5,10.0,7.007257568693216,2,51,17.298499999999976,0.746268656716418,139.79000000000002,0,12,79,1102.81604772,321.4810000000003,1,1,0,1,0,1,0,0,0,0,0,0,0,0,0,0,1,0,0,0,2,4,12,0.05,1.0
CCCC#CCOC(=O)OC(C/C=C\CCCCCCCCOC(=O)CCN(C)CCCn1ccnc1)CCCCCC,0.40069836,1,35.0,16.0,46.5,2.5,10.0,6.401706560946353,3,26,8.11100000000001,0.7428571428571429,82.89,0,8,43,601.4454719879999,173.6569999999995,1,1,0,1,0,1,0,0,0,0,0,0,0,0,0,0,1,0,0,0,2,2,12,0.05,1.0
CCCCCC#CCOC(=O)OC(C/C=C\CCCCCCCCOC(=O)CCN1CCC[C@H]1CO)CCCCCC,0.39551431,1,35.0,16.0,46.5,2.5,10.0,6.38498189750014,1,25,8.12930000000001,0.8285714285714286,85.30000000000001,1,7,42,591.4498886719999,170.2307999999996,1,1,0,1,0,1,0,0,0,0,0,0,0,0,0,0,1,0,0,0,1,2,12,0.05,1.0
CCCC#CCOC(=O)OC(C/C=C\CCCCCCCCOC(=O)CCN(C)CCOCCOCCN(C)CCC(=O)OCCCCCCCC/C=C\CC(CCCCCC)OC(=O)OCC#CCCC)CCCCCC,0.377078156,1,35.0,16.0,46.5,2.5,10.0,7.005428120048369,2,53,14.695199999999971,0.8125,148.6,0,14,78,1100.821527024,315.26400000000007,1,1,0,1,0,1,0,0,0,0,0,0,0,0,0,0,1,0,0,0,2,4,12,0.05,1.0
CCCCCCC#CCCOC(=O)OC(C/C=C\CCCCCCCCOC(=O)CCN1CCCCC1CO)CCCCCC,0.374302746,1,35.0,16.0,46.5,2.5,10.0,6.453554130239836,1,27,9.299600000000003,0.8421052631578947,85.30000000000001,1,7,45,633.496838864,184.08179999999945,1,1,0,1,0,1,0,0,0,0,0,0,0,0,0,0,1,0,0,0,1,2,12,0.05,1.0
CCCCCCCCCCCCCCCCCCOC(=O)OC(C/C=C\CCCCCCCCOC(=O)CCN(C)CCN(C)C)CCCCCC,0.37424623,1,35.0,16.0,46.5,2.5,10.0,6.604225627708674,2,40,12.843799999999982,0.9111111111111112,68.31,0,7,52,736.6693239159999,222.22899999999896,1,1,0,1,0,1,0,0,0,0,0,0,0,0,0,0,1,0,0,0,2,1,18,0.05,1.0
CCCC#CCOC(=O)OC(C/C=C\CCCCCCCCOC(=O)CCN1CCCN(CCC(=O)OCCCCCCCC/C=C\CC(CCCCCC)OC(=O)OCC#CCCC)CCN(CCC(=O)OCCCCCCCC/C=C\CC(CCCCCC)OC(=O)OCC#CCCC)CCCN(CCC(=O)OCCCCCCCC/C=C\CC(CCCCCC)OC(=O)OCC#CCCC)CC1)CCCCCC,0.369504344,1,35.0,16.0,46.5,2.5,10.0,7.626577028879472,4,88,29.612200000000083,0.8032786885245902,260.2799999999999,0,24,146,2049.5381950559995,592.2580000000025,1,1,0,1,0,1,0,0,0,0,0,0,0,0,0,0,1,0,0,0,4,8,12,0.05,1.0
CCCCCCCC/C=C\CCCCCCCCOC(=O)OC(C/C=C\CCCCCCCCOC(=O)CCN(C)CCCn1ccnc1)CCCCCC,0.368647679,1,35.0,16.0,46.5,2.5,10.0,6.650554560436497,3,40,13.344999999999978,0.8085106382978723,82.89,0,8,55,771.6489228199999,230.4249999999989,1,1,0,1,0,1,0,0,0,0,0,0,0,0,0,0,1,0,0,0,2,2,18,0.05,1.0
CCCCCC#CCOC(=O)OC(C/C=C\CCCCCCCCOC(=O)CCN1CCCCC1CCO)CCCCCC,0.366485158,1,35.0,16.0,46.5,2.5,10.0,6.431215133182697,1,26,8.909500000000007,0.8378378378378378,85.30000000000001,1,7,44,619.4811887999999,179.46479999999946,1,1,0,1,0,1,0,0,0,0,0,0,0,0,0,0,1,0,0,0,1,2,12,0.05,1.0
CCCCC#CCCOC(=O)OC(C/C=C\CCCCCCCCOC(=O)CCN1CCC(O)CC1)CCCCCC,0.366025661,1,35.0,16.0,46.5,2.5,10.0,6.38498189750014,1,24,8.12930000000001,0.8285714285714286,85.30000000000001,1,7,42,591.4498886719999,170.2307999999996,1,1,0,1,0,1,0,0,0,0,0,0,0,0,0,0,1,0,0,0,1,2,12,0.05,1.0
CCCCCC#CCOC(=O)OC(C/C=C\CCCCCCCCOC(=O)CCN(CCN(CC)CC)CCN(CC)CC)CCCCCC,0.364875049,1,35.0,16.0,46.5,2.5,10.0,6.561186240781443,3,34,9.6582,0.8571428571428571,71.55,0,8,50,705.601972628,210.56599999999904,1,1,0,1,0,1,0,0,0,0,0,0,0,0,0,0,1,0,0,0,3,2,12,0.05,1.0
CCCCCCC#CCCOC(=O)OC(C/C=C\CCCCCCCCOC(=O)CCN(C)CCCn1ccnc1)CCCCCC,0.358206665,1,35.0,16.0,46.5,2.5,10.0,6.4906947025238955,3,30,9.6714,0.7692307692307693,82.89,0,8,47,657.508072244,192.1249999999993,1,1,0,1,0,1,0,0,0,0,0,0,0,0,0,0,1,0,0,0,2,2,12,0.05,1.0
CCC#CCOC(=O)OC(C/C=C\CCCCCCCCOC(=O)CCN1CCN(c2ccncc2)CC1)CCCCCC,0.357125494,1,35.0,16.0,46.5,2.5,10.0,6.4181495783275455,3,22,7.71950000000001,0.6944444444444444,81.2,0,8,44,611.429821924,177.58899999999943,1,1,0,1,0,1,0,0,0,0,0,0,0,0,0,0,1,0,0,0,3,2,12,0.05,1.0
CCCCCCC#CCCOC(=O)OC(C/C=C\CCCCCCCCOC(=O)CCN(CCCN1CCCC1)CCC(=O)OCCCCCCCC/C=C\CC(CCCCCC)OC(=O)OCCC#CCCCCCC)CCCCCC,0.353293224,1,35.0,16.0,46.5,2.5,10.0,7.06200052576637,2,56,18.707099999999983,0.8309859154929577,130.14,0,12,83,1164.925598168,342.29900000000055,1,1,0,1,0,1,0,0,0,0,0,0,0,0,0,0,1,0,0,0,2,4,12,0.05,1.0
CCC#CCOC(=O)OC(C/C=C\CCCCCCCCOC(=O)CCN(CCC(=O)OCCCCCCCC/C=C\CC(CCCCCC)OC(=O)OCC#CCC)CC(OCC)OCC)CCCCCC,0.346585554,1,35.0,16.0,46.5,2.5,10.0,6.938748973603143,1,48,14.719299999999972,0.8,145.36,0,13,73,1029.748027736,292.87799999999964,1,1,0,1,0,1,0,0,0,0,0,0,0,0,0,0,1,0,0,0,1,4,12,0.05,1.0
CCCCCCC#CCCOC(=O)OC(C/C=C\CCCCCCCCOC(=O)CCN1CCN(CCN2CCCC2)CC1)CCCCCC,0.33253804,1,35.0,16.0,46.5,2.5,10.0,6.555467838714151,3,29,9.166200000000003,0.8571428571428571,71.55,0,8,50,701.5706725,206.33799999999908,1,1,0,1,0,1,0,0,0,0,0,0,0,0,0,0,1,0,0,0,3,2,12,0.05,1.0
CCCC#CCOC(=O)OC(C/C=C\CCCCCCCCOC(=O)CCN(CCCN1CCN(CCCN(CCC(=O)OCCCCCCCC/C=C\CC(CCCCCC)OC(=O)OCC#CCCC)CCC(=O)OCCCCCCCC/C=C\CC(CCCCCC)OC(=O)OCC#CCCC)CC1)CCC(=O)OCCCCCCCC/C=C\CC(CCCCCC)OC(=O)OCC#CCCC)CCCCCC,0.324136313,1,35.0,16.0,46.5,2.5,10.0,7.626577028879472,4,96,29.612200000000083,0.8032786885245902,260.2799999999999,0,24,146,2049.5381950559995,592.2580000000025,1,1,0,1,0,1,0,0,0,0,0,0,0,0,0,0,1,0,0,0,4,8,12,0.05,1.0
CCC#CCOC(=O)OC(C/C=C\CCCCCCCCOC(=O)CCN(C)CCCN(CCC(=O)OCCCCCCCC/C=C\CC(CCCCCC)OC(=O)OCC#CCC)CCC(=O)OCCCCCCCC/C=C\CC(CCCCCC)OC(=O)OCC#CCC)CCCCCC,0.31646367,1,35.0,16.0,46.5,2.5,10.0,7.268980056711561,2,67,21.15800000000001,0.788235294117647,191.9699999999999,0,17,102,1433.0566719079998,412.651000000002,1,1,0,1,0,1,0,0,0,0,0,0,0,0,0,0,1,0,0,0,2,6,12,0.05,1.0
CCCCC#CCOC(=O)OC(C/C=C\CCCCCCCCOC(=O)CCN1CCCCC1CCO)CCCCCC,0.303954318,1,35.0,16.0,46.5,2.5,10.0,6.408365680558363,1,25,8.519400000000008,0.8333333333333334,85.30000000000001,1,7,43,605.4655387359999,174.84779999999952,1,1,0,1,0,1,0,0,0,0,0,0,0,0,0,0,1,0,0,0,1,2,12,0.05,1.0
CCCCC/C=C\C/C=C\CCCCCCCCOC(=O)OC(C/C=C\CCCCCCCCOC(=O)CCN1CCN(c2cccnc2)CC1)CCCCCC,0.280701435,1,35.0,16.0,46.5,2.5,10.0,6.678617548417082,3,36,13.11959999999998,0.7346938775510204,81.2,0,8,57,793.633272756,238.8799999999989,1,1,0,1,0,1,0,0,0,0,0,0,0,0,0,0,1,0,0,0,3,3,18,0.05,1.0
CCCCC#CCOC(=O)OC(C/C=C\CCCCCCCCOC(=O)CCN(CCC(=O)OCCCCCCCC/C=C\CC(CCCCCC)OC(=O)OCC#CCCCC)CCN1CCOCC1)CCCCCC,0.270476422,1,35.0,16.0,46.5,2.5,10.0,6.9889545483495095,2,49,15.21279999999997,0.8125,139.37,0,13,77,1082.8109623399998,311.565,1,1,0,1,0,1,0,0,0,0,0,0,0,0,0,0,1,0,0,0,2,4,12,0.05,1.0
CCCCCCC#CCCOC(=O)OC(C/C=C\CCCCCCCCOC(=O)CCN1CCC(O)CC1)CCCCCC,0.26850381,1,35.0,16.0,46.5,2.5,10.0,6.431215133182697,1,26,8.909500000000007,0.8378378378378378,85.30000000000001,1,7,44,619.4811887999999,179.46479999999946,1,1,0,1,0,1,0,0,0,0,0,0,0,0,0,0,1,0,0,0,1,2,12,0.05,1.0
CCCCC#CCCOC(=O)OC(C/C=C\CCCCCCCCOC(=O)CCN(CCCN1CCN(CCCN(CCC(=O)OCCCCCCCC/C=C\CC(CCCCCC)OC(=O)OCCC#CCCCC)CCC(=O)OCCCCCCCC/C=C\CC(CCCCCC)OC(=O)OCCC#CCCCC)CC1)CCC(=O)OCCCCCCCC/C=C\CC(CCCCCC)OC(=O)OCCC#CCCCC)CCCCCC,0.256249336,1,35.0,16.0,46.5,2.5,10.0,7.679819918976599,4,104,32.73300000000009,0.8153846153846154,260.2799999999999,0,24,154,2161.6633955679995,629.1940000000026,1,1,0,1,0,1,0,0,0,0,0,0,0,0,0,0,1,0,0,0,4,8,12,0.05,1.0
CCCCCCCCCCCCCCCCCCOC(=O)OC(C/C=C\CCCCCCCCOC(=O)CCN1CCC[C@H]1CO)CCCCCC,0.253480451,1,35.0,16.0,46.5,2.5,10.0,6.602826669649878,1,38,12.80709999999998,0.9111111111111112,85.30000000000001,1,7,52,735.63768944,217.858799999999,1,1,0,1,0,1,0,0,0,0,0,0,0,0,0,0,1,0,0,0,1,1,18,0.05,1.0
CCCCC/C=C\C/C=C\CCCCCCCCOC(=O)OC(C/C=C\CCCCCCCCOC(=O)CCN1CCN(CCC(=O)OCCCCCCCC/C=C\CC(CCCCCC)OC(=O)OCCCCCCCC/C=C\C/C=C\CCCCC)CCN(CCC(=O)OCCCCCCCC/C=C\CC(CCCCCC)OC(=O)OCCCCCCCC/C=C\C/C=C\CCCCC)CC1)CCCCCC,0.252234808,1,35.0,16.0,46.5,2.5,10.0,7.61243174121587,3,105,36.65400000000001,0.8095238095238095,195.20999999999995,0,18,144,2020.6935734999995,607.2900000000027,1,1,0,1,0,1,0,0,0,0,0,0,0,0,0,0,1,0,0,0,3,9,18,0.05,1.0
CCCCCCC#CCOC(=O)OC(C/C=C\CCCCCCCCOC(=O)CCN(CCN(CC)CC)CCN(CC)CC)CCCCCC,0.240862299,1,35.0,16.0,46.5,2.5,10.0,6.580829133104225,3,35,10.0483,0.8604651162790697,71.55,0,8,51,719.6176226919999,215.182999999999,1,1,0,1,0,1,0,0,0,0,0,0,0,0,0,0,1,0,0,0,3,2,12,0.05,1.0
CCCCC#CCOC(=O)OC(C/C=C\CCCCCCCCOC(=O)CCN1CCC(CO)CC1)CCCCCC,0.233633655,1,35.0,16.0,46.5,2.5,10.0,6.38498189750014,1,24,7.986800000000011,0.8285714285714286,85.30000000000001,1,7,42,591.4498886719999,170.1827999999996,1,1,0,1,0,1,0,0,0,0,0,0,0,0,0,0,1,0,0,0,1,2,12,0.05,1.0
CCC#CCOC(=O)OC(C/C=C\CCCCCCCCOC(=O)CCN(CCCN1CCCC1)CCC(=O)OCCCCCCCC/C=C\CC(CCCCCC)OC(=O)OCC#CCC)CCCCCC,0.229752466,1,35.0,16.0,46.5,2.5,10.0,6.9339170557245815,2,46,14.806099999999972,0.8032786885245902,130.14,0,12,73,1024.769097528,296.1289999999997,1,1,0,1,0,1,0,0,0,0,0,0,0,0,0,0,1,0,0,0,2,4,12,0.05,1.0
CCCCCCC#CCOC(=O)OC(C/C=C\CCCCCCCCOC(=O)CCN(C)CCCN(C)CCC(=O)OCCCCCCCC/C=C\CC(CCCCCC)OC(=O)OCC#CCCCCCC)CCCCCC,0.223087681,1,35.0,16.0,46.5,2.5,10.0,7.014531292350221,2,54,17.392699999999977,0.8208955223880597,130.14,0,12,79,1110.878647976,325.9450000000002,1,1,0,1,0,1,0,0,0,0,0,0,0,0,0,0,1,0,0,0,2,4,12,0.05,1.0
CCCCCCC#CCOC(=O)OC(C/C=C\CCCCCCCCOC(=O)CCN(CCCN(CC)CC)CCC(=O)OCCCCCCCC/C=C\CC(CCCCCC)OC(=O)OCC#CCCCCCC)CCCCCC,0.22187844,1,35.0,16.0,46.5,2.5,10.0,7.039431576982146,2,56,18.172899999999984,0.8260869565217391,130.14,0,12,81,1138.909948104,335.17900000000037,1,1,0,1,0,1,0,0,0,0,0,0,0,0,0,0,1,0,0,0,2,4,12,0.05,1.0
CCC#CCOC(=O)OC(C/C=C\CCCCCCCCOC(=O)CCN(CCC(=O)OCCCCCCCC/C=C\CC(CCCCCC)OC(=O)OCC#CCC)CCc1cn(CCC(=O)OCCCCCCCC/C=C\CC(CCCCCC)OC(=O)OCC#CCC)cn1)CCCCCC,0.22134005,1,35.0,16.0,46.5,2.5,10.0,7.284875780747816,3,66,21.27530000000001,0.7558139534883721,206.54999999999995,0,18,104,1456.0362708119997,416.468000000002,1,1,0,1,0,1,0,0,0,0,0,0,0,0,0,0,1,0,0,0,2,6,12,0.05,1.0
CCC#CCOC(=O)OC(C/C=C\CCCCCCCCOC(=O)CCN(CCCN(CCC(=O)OCCCCCCCC/C=C\CC(CCCCCC)OC(=O)OCC#CCC)CCC(=O)OCCCCCCCC/C=C\CC(CCCCCC)OC(=O)OCC#CCC)CCCN(CCC(=O)OCCCCCCCC/C=C\CC(CCCCCC)OC(=O)OCC#CCC)CCC(=O)OCCCCCCCC/C=C\CC(CCCCCC)OC(=O)OCC#CCC)CCCCCC,0.220897363,1,35.0,16.0,46.5,2.5,10.0,7.772939225390661,3,113,35.252100000000034,0.7872340425531915,318.86999999999995,0,28,169,2372.7366200839992,682.0490000000026,1,1,0,1,0,1,0,0,0,0,0,0,0,0,0,0,1,0,0,0,3,10,12,0.05,1.0
CCCC#CCOC(=O)OC(C/C=C\CCCCCCCCOC(=O)CCN(CCC(=O)OCCCCCCCC/C=C\CC(CCCCCC)OC(=O)OCC#CCCC)CCC1CCCCN1C(C)C)CCCCCC,0.214092026,1,35.0,16.0,46.5,2.5,10.0,7.000008062437133,2,48,16.75339999999997,0.8181818181818182,130.14,0,12,78,1094.8473478479998,319.17000000000013,1,1,0,1,0,1,0,0,0,0,0,0,0,0,0,0,1,0,0,0,2,4,12,0.05,1.0
CCCCCCC#CCCOC(=O)OC(C/C=C\CCCCCCCCOC(=O)CCN(CCCN1CCN(C)CC1)CCC(=O)OCCCCCCCC/C=C\CC(CCCCCC)OC(=O)OCCC#CCCCCCC)CCCCCC,0.212743159,1,35.0,16.0,46.5,2.5,10.0,7.0865865852652155,3,56,17.85869999999998,0.8333333333333334,133.38,0,13,85,1193.952147264,350.5620000000007,1,1,0,1,0,1,0,0,0,0,0,0,0,0,0,0,1,0,0,0,3,4,12,0.05,1.0
CCCCCCC#CCCOC(=O)OC(C/C=C\CCCCCCCCOC(=O)CCN1CCCCC1CCO)CCCCCC,0.212527783,1,35.0,16.0,46.5,2.5,10.0,6.475404981342582,1,28,9.6897,0.8461538461538461,85.30000000000001,1,7,46,647.5124889279999,188.69879999999935,1,1,0,1,0,1,0,0,0,0,0,0,0,0,0,0,1,0,0,0,1,2,12,0.05,1.0
CCCCC/C=C\C/C=C\CCCCCCCCOC(=O)OC(C/C=C\CCCCCCCCOC(=O)CCN(CCCN(C)C)CCCN(CCC(=O)OCCCCCCCC/C=C\CC(CCCCCC)OC(=O)OCCCCCCCC/C=C\C/C=C\CCCCC)CCC(=O)OCCCCCCCC/C=C\CC(CCCCCC)OC(=O)OCCCCCCCC/C=C\C/C=C\CCCCC)CCCCCC,0.210801392,1,35.0,16.0,46.5,2.5,10.0,7.627185026996258,3,113,37.68019999999999,0.8125,195.20999999999995,0,18,146,2050.740523692,618.6380000000028,1,1,0,1,0,1,0,0,0,0,0,0,0,0,0,0,1,0,0,0,3,9,18,0.05,1.0
CCCCCCC#CCCOC(=O)OC(C/C=C\CCCCCCCCOC(=O)CCN(CCCN1CCCCC1)CCC(=O)OCCCCCCCC/C=C\CC(CCCCCC)OC(=O)OCCC#CCCCCCC)CCCCCC,0.209068962,1,35.0,16.0,46.5,2.5,10.0,7.073950841374345,2,56,19.09719999999999,0.8333333333333334,130.14,0,12,84,1178.941248232,346.9160000000006,1,1,0,1,0,1,0,0,0,0,0,0,0,0,0,0,1,0,0,0,2,4,12,0.05,1.0
CCC#CCOC(=O)OC(C/C=C\CCCCCCCCOC(=O)CCN1CCC(O)CC1)CCCCCC,0.206320109,1,35.0,16.0,46.5,2.5,10.0,6.311359057986524,1,21,6.959000000000009,0.8125,85.30000000000001,1,7,39,549.4029384799999,156.37979999999976,1,1,0,1,0,1,0,0,0,0,0,0,0,0,0,0,1,0,0,0,1,2,12,0.05,1.0
CCCCC#CCOC(=O)OC(C/C=C\CCCCCCCCOC(=O)CCN1CCN(c2cccnc2)CC1)CCCCCC,0.202178015,1,35.0,16.0,46.5,2.5,10.0,6.462907764649071,3,24,8.499700000000008,0.7105263157894737,81.2,0,8,46,639.461122052,186.82299999999933,1,1,0,1,0,1,0,0,0,0,0,0,0,0,0,0,1,0,0,0,3,2,12,0.05,1.0
CCCCC#CCCOC(=O)OC(C/C=C\CCCCCCCCOC(=O)CCN1CCCCC1CO)CCCCCC,0.194073122,1,35.0,16.0,46.5,2.5,10.0,6.408365680558363,1,25,8.519400000000008,0.8333333333333334,85.30000000000001,1,7,43,605.4655387359999,174.84779999999952,1,1,0,1,0,1,0,0,0,0,0,0,0,0,0,0,1,0,0,0,1,2,12,0.05,1.0
CCCCCC#CCOC(=O)OC(C/C=C\CCCCCCCCOC(=O)CCN1CCN(CC2CCN(C)CC2)CC1)CCCCCC,0.177601475,1,35.0,16.0,46.5,2.5,10.0,6.535315288593593,3,26,8.632000000000007,0.8536585365853658,71.55,0,8,49,687.555022436,201.65099999999916,1,1,0,1,0,1,0,0,0,0,0,0,0,0,0,0,1,0,0,0,3,2,12,0.05,1.0
CCCCC#CCCOC(=O)OC(C/C=C\CCCCCCCCOC(=O)CCN(CCCN(CCC(=O)OCCCCCCCC/C=C\CC(CCCCCC)OC(=O)OCCC#CCCCC)CCN(CCCN(CCC(=O)OCCCCCCCC/C=C\CC(CCCCCC)OC(=O)OCCC#CCCCC)CCC(=O)OCCCCCCCC/C=C\CC(CCCCCC)OC(=O)OCCC#CCCCC)CCC(=O)OCCCCCCCC/C=C\CC(CCCCCC)OC(=O)OCCC#CCCCC)CCC(=O)OCCCCCCCC/C=C\CC(CCCCCC)OC(=O)OCCC#CCCCC)CCCCCC,0.172213588,1,35.0,16.0,46.5,2.5,10.0,8.045473530630234,4,155,49.091799999999765,0.8085106382978723,383.94,0,34,222,3116.3793949040005,906.2940000000044,1,1,0,1,0,1,0,0,0,0,0,0,0,0,0,0,1,0,0,0,4,12,12,0.05,1.0
CCCCCCCCCCCCCCCCCCOC(=O)OC(C/C=C\CCCCCCCCOC(=O)CCN1CCN(c2cccnc2)CC1)CCCCCC,0.169059414,1,35.0,16.0,46.5,2.5,10.0,6.683675039112142,3,38,13.567599999999976,0.8163265306122449,81.2,0,8,57,797.664572884,239.0679999999988,1,1,0,1,0,1,0,0,0,0,0,0,0,0,0,0,1,0,0,0,3,1,18,0.05,1.0
CCCCCCC#CCCOC(=O)OC(C/C=C\CCCCCCCCOC(=O)CCN(CCC(=O)OCCCCCCCC/C=C\CC(CCCCCC)OC(=O)OCCC#CCCCCCC)CCN(C)CCN(CCC(=O)OCCCCCCCC/C=C\CC(CCCCCC)OC(=O)OCCC#CCCCCCC)CCC(=O)OCCCCCCCC/C=C\CC(CCCCCC)OC(=O)OCCC#CCCCCCC)CCCCCC,0.167667762,1,35.0,16.0,46.5,2.5,10.0,7.693168009160182,3,110,35.38780000000003,0.8195488721804511,257.03999999999996,0,23,156,2190.7150967919993,641.5130000000026,1,1,0,1,0,1,0,0,0,0,0,0,0,0,0,0,1,0,0,0,3,8,12,0.05,1.0
CCCCC#CCOC(=O)OC(C/C=C\CCCCCCCCOC(=O)CCN(CCCN(CC)CC)CCC(=O)OCCCCCCCC/C=C\CC(CCCCCC)OC(=O)OCC#CCCCC)CCCCCC,0.167067074,1,35.0,16.0,46.5,2.5,10.0,6.9889951159642045,2,52,16.61249999999997,0.8153846153846154,130.14,0,12,77,1082.847347848,316.71100000000007,1,1,0,1,0,1,0,0,0,0,0,0,0,0,0,0,1,0,0,0,2,4,12,0.05,1.0
CCCC#CCOC(=O)OC(C/C=C\CCCCCCCCOC(=O)CCN1CCN(CC2CCN(C)CC2)CC1)CCCCCC,0.158798386,1,35.0,16.0,46.5,2.5,10.0,6.493749301263475,3,24,7.85180000000001,0.8461538461538461,71.55,0,8,47,659.523722308,192.4169999999993,1,1,0,1,0,1,0,0,0,0,0,0,0,0,0,0,1,0,0,0,3,2,12,0.05,1.0
CCCCCCC#CCCOC(=O)OC(C/C=C\CCCCCCCCOC(=O)CCN1CCC(CCO)CC1)CCCCCC,0.15831795,1,35.0,16.0,46.5,2.5,10.0,6.475404981342581,1,28,9.547200000000002,0.8461538461538461,85.30000000000001,1,7,46,647.5124889279999,188.65079999999935,1,1,0,1,0,1,0,0,0,0,0,0,0,0,0,0,1,0,0,0,1,2,12,0.05,1.0
CCC#CCOC(=O)OC(C/C=C\CCCCCCCCOC(=O)CCN(C)CCCn1ccnc1)CCCCCC,0.151431693,1,35.0,16.0,46.5,2.5,10.0,6.378164689363068,3,25,7.720900000000009,0.7352941176470589,82.89,0,8,42,587.429821924,169.03999999999954,1,1,0,1,0,1,0,0,0,0,0,0,0,0,0,0,1,0,0,0,2,2,12,0.05,1.0
CCCCCC#CCOC(=O)OC(C/C=C\CCCCCCCCOC(=O)CCN(CCC(=O)OCCCCCCCC/C=C\CC(CCCCCC)OC(=O)OCC#CCCCCC)CCC1CCCCN1C(C)C)CCCCCC,0.150899702,1,35.0,16.0,46.5,2.5,10.0,7.0499056710868135,2,52,18.313799999999983,0.8285714285714286,130.14,0,12,82,1150.909948104,337.6380000000005,1,1,0,1,0,1,0,0,0,0,0,0,0,0,0,0,1,0,0,0,2,4,12,0.05,1.0
CCCCCC#CCOC(=O)OC(C/C=C\CCCCCCCCOC(=O)CCN1CCN(CCOCCO)CC1)CCCCCC,0.140862856,1,35.0,16.0,46.5,2.5,10.0,6.501243122910519,2,29,7.29910000000001,0.8421052631578947,97.77,1,9,47,664.5026525159999,189.33479999999935,1,1,0,1,0,1,0,0,0,0,0,0,0,0,0,0,1,0,0,0,2,2,12,0.05,1.0
CCCCCCCC/C=C\CCCCCCCCOC(=O)OC(C/C=C\CCCCCCCCOC(=O)CCN(CCC(=O)OCCCCCCCC/C=C\CC(CCCCCC)OC(=O)OCCCCCCCC/C=C\CCCCCCCC)CCC1CCCCN1C(C)C)CCCCCC,0.123919098,1,35.0,16.0,46.5,2.5,10.0,7.270536938917465,2,76,27.221400000000056,0.8666666666666667,130.14,0,12,102,1435.2542495120003,432.70600000000223,1,1,0,1,0,1,0,0,0,0,0,0,0,0,0,0,1,0,0,0,2,4,18,0.05,1.0
CCCCCCC#CCOC(=O)OC(C/C=C\CCCCCCCCOC(=O)CCN1CCC(CCO)CC1)CCCCCC,0.117104163,1,35.0,16.0,46.5,2.5,10.0,6.453554130239836,1,27,9.157100000000003,0.8421052631578947,85.30000000000001,1,7,45,633.496838864,184.03379999999945,1,1,0,1,0,1,0,0,0,0,0,0,0,0,0,0,1,0,0,0,1,2,12,0.05,1.0
CCCCCCCCCCCCCCCCCCOC(=O)OC(C/C=C\CCCCCCCCOC(=O)CCN1CCC(CCO)CC1)CCCCCC,0.114103344,1,35.0,16.0,46.5,2.5,10.0,6.640176442234071,1,39,13.444799999999976,0.9148936170212766,85.30000000000001,1,7,54,763.668989568,227.04479999999896,1,1,0,1,0,1,0,0,0,0,0,0,0,0,0,0,1,0,0,0,1,1,18,0.05,1.0
CCCCCCC#CCCOC(=O)OC(C/C=C\CCCCCCCCOC(=O)CCN1CCN(CCOCCO)CC1)CCCCCC,0.10140051,1,35.0,16.0,46.5,2.5,10.0,6.542505101168022,2,31,8.07930000000001,0.85,97.77,1,9,49,692.5339526439999,198.5687999999992,1,1,0,1,0,1,0,0,0,0,0,0,0,0,0,0,1,0,0,0,2,2,12,0.05,1.0
CCCCCCCC/C=C\CCCCCCCCOC(=O)OC(C/C=C\CCCCCCCCOC(=O)CCN(C)CCN(C)C)CCCCCC,0.099558935,1,35.0,16.0,46.5,2.5,10.0,6.601490954273545,2,39,12.619799999999984,0.8666666666666667,68.31,0,7,52,734.653673852,222.13499999999897,1,1,0,1,0,1,0,0,0,0,0,0,0,0,0,0,1,0,0,0,2,2,18,0.05,1.0
CCCCC#CCOC(=O)OC(C/C=C\CCCCCCCCOC(=O)CCN(CCN(CC)CC)CCN(CC)CC)CCCCCC,0.097043355,1,35.0,16.0,46.5,2.5,10.0,6.541149761137923,3,33,9.268100000000004,0.8536585365853658,71.55,0,8,49,691.5863225639999,205.94899999999913,1,1,0,1,0,1,0,0,0,0,0,0,0,0,0,0,1,0,0,0,3,2,12,0.05,1.0
CCCCCCC#CCOC(=O)OC(C/C=C\CCCCCCCCOC(=O)CCN(CCCN1CCOCC1)CCC(=O)OCCCCCCCC/C=C\CC(CCCCCC)OC(=O)OCC#CCCCCCC)CCCCCC,0.093096356,1,35.0,16.0,46.5,2.5,10.0,7.051614901344078,2,54,17.163299999999975,0.8260869565217391,139.37,0,13,82,1152.88921266,334.6500000000004,1,1,0,1,0,1,0,0,0,0,0,0,0,0,0,0,1,0,0,0,2,4,12,0.05,1.0
CCCCCCC#CCOC(=O)OC(C/C=C\CCCCCCCCOC(=O)CCN(CCCN(C)CCCN(CCC(=O)OCCCCCCCC/C=C\CC(CCCCCC)OC(=O)OCC#CCCCCCC)CCC(=O)OCCCCCCCC/C=C\CC(CCCCCC)OC(=O)OCC#CCCCCCC)CCC(=O)OCCCCCCCC/C=C\CC(CCCCCC)OC(=O)OCC#CCCCCCC)CCCCCC,0.091948567,1,35.0,16.0,46.5,2.5,10.0,7.6802948019278015,3,108,34.60760000000005,0.816793893129771,257.0399999999999,0,23,154,2162.6837966639996,632.2790000000026,1,1,0,1,0,1,0,0,0,0,0,0,0,0,0,0,1,0,0,0,3,8,12,0.05,1.0
CCCCC/C=C\C/C=C\CCCCCCCCOC(=O)OC(C/C=C\CCCCCCCCOC(=O)CCN(CCCN(C)C)CCCN(C)C)CCCCCC,0.084853396,1,35.0,16.0,46.5,2.5,10.0,6.708482051051663,3,43,13.10779999999998,0.84,71.55,0,8,58,817.72717314,248.77199999999877,1,1,0,1,0,1,0,0,0,0,0,0,0,0,0,0,1,0,0,0,3,3,18,0.05,1.0
CCCCCCC#CCCOC(=O)OC(C/C=C\CCCCCCCCOC(=O)CCN1CCN(CCN(C)C)CC1)CCCCCC,0.081930551,1,35.0,16.0,46.5,2.5,10.0,6.51773035536185,3,29,8.632000000000007,0.85,71.55,0,8,48,675.555022436,199.2179999999992,1,1,0,1,0,1,0,0,0,0,0,0,0,0,0,0,1,0,0,0,3,2,12,0.05,1.0
CCC#CCOC(=O)OC(C/C=C\CCCCCCCCOC(=O)CCN1CCN(c2cccnc2)CC1)CCCCCC,0.074973824,1,35.0,16.0,46.5,2.5,10.0,6.4181495783275455,3,22,7.71950000000001,0.6944444444444444,81.2,0,8,44,611.429821924,177.58899999999943,1,1,0,1,0,1,0,0,0,0,0,0,0,0,0,0,1,0,0,0,3,2,12,0.05,1.0
CCCCCCC#CCCOC(=O)OC(C/C=C\CCCCCCCCOC(=O)CCN(CCC(=O)OCCCCCCCC/C=C\CC(CCCCCC)OC(=O)OCCC#CCCCCCC)CCC1CCCCN1CC(C)C)CCCCCC,0.063704545,1,35.0,16.0,46.5,2.5,10.0,7.108968100194836,2,57,20.121799999999997,0.84,130.14,0,12,87,1220.988198424,360.6750000000009,1,1,0,1,0,1,0,0,0,0,0,0,0,0,0,0,1,0,0,0,2,4,12,0.05,1.0
CCCCCCC#CCOC(=O)OC(C/C=C\CCCCCCCCOC(=O)CCN1CCN(CCN2CCCC2)CC1)CCCCCC,0.05956162,1,35.0,16.0,46.5,2.5,10.0,6.535315288593593,3,28,8.776100000000007,0.8536585365853658,71.55,0,8,49,687.555022436,201.72099999999915,1,1,0,1,0,1,0,0,0,0,0,0,0,0,0,0,1,0,0,0,3,2,12,0.05,1.0
CCCCCC#CCOC(=O)OC(C/C=C\CCCCCCCCOC(=O)CCN1CCC(CCO)CC1)CCCCCC,0.045934951,1,35.0,16.0,46.5,2.5,10.0,6.431215133182697,1,26,8.767000000000007,0.8378378378378378,85.30000000000001,1,7,44,619.4811887999999,179.41679999999943,1,1,0,1,0,1,0,0,0,0,0,0,0,0,0,0,1,0,0,0,1,2,12,0.05,1.0
CCCCCCCC/C=C\CCCCCCCCOC(=O)OC(C/C=C\CCCCCCCCOC(=O)CCN1CCC[C@H]1CO)CCCCCC,0.044039881,1,35.0,16.0,46.5,2.5,10.0,6.600088162597273,1,37,12.58309999999998,0.8666666666666667,85.30000000000001,1,7,52,733.6220393760001,217.76479999999904,1,1,0,1,0,1,0,0,0,0,0,0,0,0,0,0,1,0,0,0,1,2,18,0.05,1.0
CCCCCC#CCOC(=O)OC(C/C=C\CCCCCCCCOC(=O)CCN(CCC(=O)OCCCCCCCC/C=C\CC(CCCCCC)OC(=O)OCC#CCCCCC)CCC1CCCCN1C)CCCCCC,0.042468902,1,35.0,16.0,46.5,2.5,10.0,7.025268055899694,2,51,17.53519999999998,0.8235294117647058,130.14,0,12,80,1122.878647976,328.4260000000003,1,1,0,1,0,1,0,0,0,0,0,0,0,0,0,0,1,0,0,0,2,4,12,0.05,1.0
CCCCC#CCOC(=O)OC(C/C=C\CCCCCCCCOC(=O)CCN(CCCN(C)C)CCCN(C)C)CCCCCC,0.038115881,1,35.0,16.0,46.5,2.5,10.0,6.499830648727564,3,31,8.487900000000009,0.8461538461538461,71.55,0,8,47,663.555022436,196.71499999999924,1,1,0,1,0,1,0,0,0,0,0,0,0,0,0,0,1,0,0,0,3,2,12,0.05,1.0
CCCCC#CCCOC(=O)OC(C/C=C\CCCCCCCCOC(=O)CCN(CCCN1CCCCCC1)CCC(=O)OCCCCCCCC/C=C\CC(CCCCCC)OC(=O)OCCC#CCCCC)CCCCCC,0.028811218,1,35.0,16.0,46.5,2.5,10.0,7.037662738084514,2,52,17.926899999999982,0.8260869565217391,130.14,0,12,81,1136.8942980400002,333.06500000000034,1,1,0,1,0,1,0,0,0,0,0,0,0,0,0,0,1,0,0,0,2,4,12,0.05,1.0
CCC#CCOC(=O)OC(C/C=C\CCCCCCCCOC(=O)CCN(CCCN(CC)CC)CCC(=O)OCCCCCCCC/C=C\CC(CCCCCC)OC(=O)OCC#CCC)CCCCCC,0.0286977,1,35.0,16.0,46.5,2.5,10.0,6.935879071507044,2,48,15.052099999999973,0.8032786885245902,130.14,0,12,73,1026.784747592,298.2429999999997,1,1,0,1,0,1,0,0,0,0,0,0,0,0,0,0,1,0,0,0,2,4,12,0.05,1.0
CCCCCCCCCCCCCCCCCCOC(=O)OC(C/C=C\CCCCCCCCOC(=O)CCN(CCC(=O)OCCCCCCCC/C=C\CC(CCCCCC)OC(=O)OCCCCCCCCCCCCCCCCCC)CCC1CCCCN1CC(C)C)CCCCCC,0.02784548,1,35.0,16.0,46.5,2.5,10.0,7.283023000997483,2,79,27.91700000000006,0.912087912087912,130.14,0,12,103,1453.3011997040005,437.4630000000023,1,1,0,1,0,1,0,0,0,0,0,0,0,0,0,0,1,0,0,0,2,2,18,0.05,1.0
CCCCCCC#CCOC(=O)OC(C/C=C\CCCCCCCCOC(=O)CCN1CCN(c2ccccn2)CC1)CCCCCC,0.02413549,1,35.0,16.0,46.5,2.5,10.0,6.505748185045263,3,26,9.279900000000003,0.725,81.2,0,8,48,667.49242218,196.0569999999992,1,1,0,1,0,1,0,0,0,0,0,0,0,0,0,0,1,0,0,0,3,2,12,0.05,1.0
CCCCC/C=C\C/C=C\CCCCCCCCOC(=O)OC(C/C=C\CCCCCCCCOC(=O)CCN(CCC(=O)OCCCCCCCC/C=C\CC(CCCCCC)OC(=O)OCCCCCCCC/C=C\C/C=C\CCCCC)CCc1ccncc1)CCCCCC,0.021838532,1,35.0,16.0,46.5,2.5,10.0,7.23357165735282,2,73,25.75810000000004,0.7586206896551724,139.79000000000002,0,12,99,1383.1290490000004,416.3610000000021,1,1,0,1,0,1,0,0,0,0,0,0,0,0,0,0,1,0,0,0,2,6,18,0.05,1.0
CCCCC#CCCOC(=O)OC(C/C=C\CCCCCCCCOC(=O)CCN(CCCN1CCCCC1)CCC(=O)OCCCCCCCC/C=C\CC(CCCCCC)OC(=O)OCCC#CCCCC)CCCCCC,0.01636929,1,35.0,16.0,46.5,2.5,10.0,7.025268055899694,2,52,17.536799999999978,0.8235294117647058,130.14,0,12,80,1122.878647976,328.44800000000026,1,1,0,1,0,1,0,0,0,0,0,0,0,0,0,0,1,0,0,0,2,4,12,0.05,1.0
CCCCC#CCCOC(=O)OC(C/C=C\CCCCCCCCOC(=O)CCN1CCC[C@H]1CO)CCCCCC,0.015845246,1,35.0,16.0,46.5,2.5,10.0,6.38498189750014,1,25,8.12930000000001,0.8285714285714286,85.30000000000001,1,7,42,591.4498886719999,170.2307999999996,1,1,0,1,0,1,0,0,0,0,0,0,0,0,0,0,1,0,0,0,1,2,12,0.05,1.0
CCCCCCC#CCCOC(=O)OC(C/C=C\CCCCCCCCOC(=O)CCN(CCC(=O)OCCCCCCCC/C=C\CC(CCCCCC)OC(=O)OCCC#CCCCCCC)CCN1CCOCC1)CCCCCC,0.013421627,1,35.0,16.0,46.5,2.5,10.0,7.063689224987557,2,55,17.55339999999998,0.8285714285714286,139.37,0,13,83,1166.904862724,339.2670000000005,1,1,0,1,0,1,0,0,0,0,0,0,0,0,0,0,1,0,0,0,2,4,12,0.05,1.0
CCCCC#CCCOC(=O)OC(C/C=C\CCCCCCCCOC(=O)CCN(C)CCCn1ccnc1)CCCCCC,0.002590616,1,35.0,16.0,46.5,2.5,10.0,6.447190166466747,3,28,8.891200000000005,0.7567567567567568,82.89,0,8,45,629.4767721159999,182.8909999999994,1,1,0,1,0,1,0,0,0,0,0,0,0,0,0,0,1,0,0,0,2,2,12,0.05,1.0
CCC#CCOC(=O)OC(C/C=C\CCCCCCCCOC(=O)CCN(C)CCOCCOCCN(C)CCC(=O)OCCCCCCCC/C=C\CC(CCCCCC)OC(=O)OCC#CCC)CCCCCC,-0.001042852,1,35.0,16.0,46.5,2.5,10.0,6.9796553870252405,2,51,13.914999999999976,0.8064516129032258,148.6,0,14,76,1072.790226896,306.02999999999986,1,1,0,1,0,1,0,0,0,0,0,0,0,0,0,0,1,0,0,0,2,4,12,0.05,1.0
CCCCCCCC/C=C\CCCCCCCCOC(=O)OC(C/C=C\CCCCCCCCOC(=O)CCN1CCN(CCOCCO)CC1)CCCCCC,-0.004338948,1,35.0,16.0,46.5,2.5,10.0,6.694877602791171,2,41,11.752899999999988,0.875,97.77,1,9,57,806.6748032200001,236.86879999999888,1,1,0,1,0,1,0,0,0,0,0,0,0,0,0,0,1,0,0,0,2,2,18,0.05,1.0
CCCCC#CCOC(=O)OC(C/C=C\CCCCCCCCOC(=O)CCN1CCN(CC2CCN(C)CC2)CC1)CCCCCC,-0.005493221,1,35.0,16.0,46.5,2.5,10.0,6.514748245796001,3,25,8.24190000000001,0.85,71.55,0,8,48,673.539372372,197.0339999999992,1,1,0,1,0,1,0,0,0,0,0,0,0,0,0,0,1,0,0,0,3,2,12,0.05,1.0
CCCCCCC#CCOC(=O)OC(C/C=C\CCCCCCCCOC(=O)CCN1CCC(N2CCN(CC)CC2)CC1)CCCCCC,-0.008421316,1,35.0,16.0,46.5,2.5,10.0,6.555467838714151,3,27,9.164600000000004,0.8571428571428571,71.55,0,8,50,701.5706725,206.3159999999991,1,1,0,1,0,1,0,0,0,0,0,0,0,0,0,0,1,0,0,0,3,2,12,0.05,1.0
CCCCC#CCCOC(=O)OC(C/C=C\CCCCCCCCOC(=O)CCN(CCC(=O)OCCCCCCCC/C=C\CC(CCCCCC)OC(=O)OCCC#CCCCC)CCC1CCCCN1CC(C)C)CCCCCC,-0.010076005,1,35.0,16.0,46.5,2.5,10.0,7.06200052576637,2,53,18.561399999999985,0.8309859154929577,130.14,0,12,83,1164.925598168,342.20700000000056,1,1,0,1,0,1,0,0,0,0,0,0,0,0,0,0,1,0,0,0,2,4,12,0.05,1.0
CCCC#CCOC(=O)OC(C/C=C\CCCCCCCCOC(=O)CCN(CCCN(C)CCCN(CCC(=O)OCCCCCCCC/C=C\CC(CCCCCC)OC(=O)OCC#CCCC)CCC(=O)OCCCCCCCC/C=C\CC(CCCCCC)OC(=O)OCC#CCCC)CCC(=O)OCCCCCCCC/C=C\CC(CCCCCC)OC(=O)OCC#CCCC)CCCCCC,-0.0106288,1,35.0,16.0,46.5,2.5,10.0,7.599368283295305,3,96,29.926400000000083,0.7983193277310925,257.0399999999999,0,23,142,1994.4959958959992,576.8750000000025,1,1,0,1,0,1,0,0,0,0,0,0,0,0,0,0,1,0,0,0,3,8,12,0.05,1.0
CCCCCC#CCOC(=O)OC(C/C=C\CCCCCCCCOC(=O)CCN(CCC(=O)OCCCCCCCC/C=C\CC(CCCCCC)OC(=O)OCC#CCCCCC)CCN1CCCCN(C)CC1)CCCCCC,-0.011674652,1,35.0,16.0,46.5,2.5,10.0,7.050762384896233,3,51,16.688399999999973,0.8260869565217391,133.38000000000002,0,13,82,1151.9051970719995,336.71100000000047,1,1,0,1,0,1,0,0,0,0,0,0,0,0,0,0,1,0,0,0,3,4,12,0.05,1.0
CCCCC#CCOC(=O)OC(C/C=C\CCCCCCCCOC(=O)CCN(CCCN(C)C)CCC(=O)OCCCCCCCC/C=C\CC(CCCCCC)OC(=O)OCC#CCCCC)CCCCCC,-0.018121331,1,35.0,16.0,46.5,2.5,10.0,6.962789716558404,2,50,15.832299999999966,0.8095238095238095,130.14,0,12,75,1054.81604772,307.47699999999986,1,1,0,1,0,1,0,0,0,0,0,0,0,0,0,0,1,0,0,0,2,4,12,0.05,1.0
CCCCCC#CCOC(=O)OC(C/C=C\CCCCCCCCOC(=O)CCN(CCCN1CCN(CCCN(CCC(=O)OCCCCCCCC/C=C\CC(CCCCCC)OC(=O)OCC#CCCCCC)CCC(=O)OCCCCCCCC/C=C\CC(CCCCCC)OC(=O)OCC#CCCCCC)CC1)CCC(=O)OCCCCCCCC/C=C\CC(CCCCCC)OC(=O)OCC#CCCCCC)CCCCCC,-0.02244522,1,35.0,16.0,46.5,2.5,10.0,7.679819918976599,4,104,32.73300000000009,0.8153846153846154,260.2799999999999,0,24,154,2161.6633955679995,629.1940000000026,1,1,0,1,0,1,0,0,0,0,0,0,0,0,0,0,1,0,0,0,4,8,12,0.05,1.0
CCCCC#CCCOC(=O)OC(C/C=C\CCCCCCCCOC(=O)CCN(CCC(=O)OCCCCCCCC/C=C\CC(CCCCCC)OC(=O)OCCC#CCCCC)CCC1CCCCN1C(C)C)CCCCCC,-0.022665556,1,35.0,16.0,46.5,2.5,10.0,7.0499056710868135,2,52,18.313799999999983,0.8285714285714286,130.14,0,12,82,1150.909948104,337.6380000000005,1,1,0,1,0,1,0,0,0,0,0,0,0,0,0,0,1,0,0,0,2,4,12,0.05,1.0
CCCCC/C=C\C/C=C\CCCCCCCCOC(=O)OC(C/C=C\CCCCCCCCOC(=O)CCN1CCC[C@H]1CO)CCCCCC,-0.024558187,1,35.0,16.0,46.5,2.5,10.0,6.597342135525452,1,36,12.359099999999982,0.8222222222222222,85.30000000000001,1,7,52,731.606389312,217.67079999999905,1,1,0,1,0,1,0,0,0,0,0,0,0,0,0,0,1,0,0,0,1,3,18,0.05,1.0
CCCCCCC#CCCOC(=O)OC(C/C=C\CCCCCCCCOC(=O)CCN(C)CCO)CCCCCC,-0.031945158,1,35.0,16.0,46.5,2.5,10.0,6.388376514504755,1,28,8.376900000000008,0.8285714285714286,85.30000000000001,1,7,42,593.4655387359999,172.36679999999956,1,1,0,1,0,1,0,0,0,0,0,0,0,0,0,0,1,0,0,0,1,2,12,0.05,1.0
CCCCCCCC/C=C\CCCCCCCCOC(=O)OC(C/C=C\CCCCCCCCOC(=O)CCN1CCN(c2cccnc2)CC1)CCCCCC,-0.043269162,1,35.0,16.0,46.5,2.5,10.0,6.681149491037721,3,37,13.343599999999975,0.7755102040816326,81.2,0,8,57,795.6489228199999,238.97399999999888,1,1,0,1,0,1,0,0,0,0,0,0,0,0,0,0,1,0,0,0,3,2,18,0.05,1.0
CCCC#CCOC(=O)OC(C/C=C\CCCCCCCCOC(=O)CCN(CCCN(CC)CC)CCC(=O)OCCCCCCCC/C=C\CC(CCCCCC)OC(=O)OCC#CCCC)CCCCCC,-0.044024614,1,35.0,16.0,46.5,2.5,10.0,6.962789716558404,2,50,15.832299999999966,0.8095238095238095,130.14,0,12,75,1054.81604772,307.47699999999986,1,1,0,1,0,1,0,0,0,0,0,0,0,0,0,0,1,0,0,0,2,4,12,0.05,1.0
CCCCCCCC/C=C\CCCCCCCCOC(=O)OC(C/C=C\CCCCCCCCOC(=O)CCN(CCC(=O)OCCCCCCCC/C=C\CC(CCCCCC)OC(=O)OCCCCCCCC/C=C\CCCCCCCC)CCC1CCCCN1CC(C)C)CCCCCC,-0.053214533,1,35.0,16.0,46.5,2.5,10.0,7.280248747739686,2,77,27.469000000000054,0.8681318681318682,130.14,0,12,103,1449.2698995760002,437.27500000000225,1,1,0,1,0,1,0,0,0,0,0,0,0,0,0,0,1,0,0,0,2,4,18,0.05,1.0
CCCCCCCCCCCCCCCCCCOC(=O)OC(C/C=C\CCCCCCCCOC(=O)CCN(CCCN(C)C)CCCN(C)C)CCCCCC,-0.054287255,0,35.0,16.0,46.5,2.5,10.0,6.7133911000193045,3,45,13.555799999999978,0.92,71.55,0,8,58,821.758473268,248.95999999999876,1,1,0,1,0,1,0,0,0,0,0,0,0,0,0,0,1,0,0,0,3,1,18,0.05,1.0
CCCCCCCCCCCCCCCCCCOC(=O)OC(C/C=C\CCCCCCCCOC(=O)CCN1CCN(CCC(=O)OCCCCCCCC/C=C\CC(CCCCCC)OC(=O)OCCCCCCCCCCCCCCCCCC)CCN(CCC(=O)OCCCCCCCC/C=C\CC(CCCCCC)OC(=O)OCCCCCCCCCCCCCCCCCC)CC1)CCCCCC,-0.054421508,0,35.0,16.0,46.5,2.5,10.0,7.618392611204736,3,111,37.99799999999998,0.9047619047619048,195.20999999999995,0,18,144,2032.7874738839996,607.8540000000029,1,1,0,1,0,1,0,0,0,0,0,0,0,0,0,0,1,0,0,0,3,3,18,0.05,1.0
CCC#CCOC(=O)OC(C/C=C\CCCCCCCCOC(=O)CCN(CCCN1CCN(CCCN(CCC(=O)OCCCCCCCC/C=C\CC(CCCCCC)OC(=O)OCC#CCC)CCC(=O)OCCCCCCCC/C=C\CC(CCCCCC)OC(=O)OCC#CCC)CC1)CCC(=O)OCCCCCCCC/C=C\CC(CCCCCC)OC(=O)OCC#CCC)CCCCCC,-0.062782955,0,35.0,16.0,46.5,2.5,10.0,7.598853361574067,4,92,28.051800000000068,0.7966101694915254,260.2799999999999,0,24,142,1993.4755947999995,573.7900000000025,1,1,0,1,0,1,0,0,0,0,0,0,0,0,0,0,1,0,0,0,4,8,12,0.05,1.0
CCCC#CCOC(=O)OC(C/C=C\CCCCCCCCOC(=O)CCN(CCCN(C)C)CCCN(C)C)CCCCCC,-0.074423599,0,35.0,16.0,46.5,2.5,10.0,6.478512714400471,3,30,8.09780000000001,0.8421052631578947,71.55,0,8,46,649.539372372,192.0979999999993,1,1,0,1,0,1,0,0,0,0,0,0,0,0,0,0,1,0,0,0,3,2,12,0.05,1.0
CCCC#CCOC(=O)OC(C/C=C\CCCCCCCCOC(=O)CCN(CCN(CC)CC)CCN(CC)CC)CCCCCC,-0.084200879,0,35.0,16.0,46.5,2.5,10.0,6.520703598384688,3,32,8.878000000000005,0.85,71.55,0,8,48,677.5706725,201.33199999999917,1,1,0,1,0,1,0,0,0,0,0,0,0,0,0,0,1,0,0,0,3,2,12,0.05,1.0
CCCCC#CCCOC(=O)OC(C/C=C\CCCCCCCCOC(=O)CCN(CCC(=O)OCCCCCCCC/C=C\CC(CCCCCC)OC(=O)OCCC#CCCCC)CCN(C)CCN(CCC(=O)OCCCCCCCC/C=C\CC(CCCCCC)OC(=O)OCCC#CCCCC)CCC(=O)OCCCCCCCC/C=C\CC(CCCCCC)OC(=O)OCCC#CCCCC)CCCCCC,-0.084593159,0,35.0,16.0,46.5,2.5,10.0,7.64064995699707,3,102,32.267000000000095,0.808,257.03999999999996,0,23,148,2078.5898962799993,604.5770000000025,1,1,0,1,0,1,0,0,0,0,0,0,0,0,0,0,1,0,0,0,3,8,12,0.05,1.0
CCCCCCC#CCOC(=O)OC(C/C=C\CCCCCCCCOC(=O)CCN1CCC(O)CC1)CCCCCC,-0.086595048,0,35.0,16.0,46.5,2.5,10.0,6.408365680558363,1,25,8.519400000000008,0.8333333333333334,85.30000000000001,1,7,43,605.4655387359999,174.84779999999952,1,1,0,1,0,1,0,0,0,0,0,0,0,0,0,0,1,0,0,0,1,2,12,0.05,1.0
CCC#CCOC(=O)OC(C/C=C\CCCCCCCCOC(=O)CCN(CCCN(C)C)CCCN(C)C)CCCCCC,-0.087383723,0,35.0,16.0,46.5,2.5,10.0,6.456730408334183,3,29,7.707700000000009,0.8378378378378378,71.55,0,8,45,635.523722308,187.48099999999937,1,1,0,1,0,1,0,0,0,0,0,0,0,0,0,0,1,0,0,0,3,2,12,0.05,1.0
CCCCCCCCCCCCCCCCCCOC(=O)OC(C/C=C\CCCCCCCCOC(=O)CCN(C)CCCn1ccnc1)CCCCCC,-0.087742627,0,35.0,16.0,46.5,2.5,10.0,6.653158469577553,3,41,13.568999999999976,0.851063829787234,82.89,0,8,55,773.664572884,230.5189999999989,1,1,0,1,0,1,0,0,0,0,0,0,0,0,0,0,1,0,0,0,2,1,18,0.05,1.0
CCCC#CCOC(=O)OC(C/C=C\CCCCCCCCOC(=O)CCN(CCCN(C)C)CCC(=O)OCCCCCCCC/C=C\CC(CCCCCC)OC(=O)OCC#CCCC)CCCCCC,-0.090912247,0,35.0,16.0,46.5,2.5,10.0,6.935879071507044,2,48,15.052099999999973,0.8032786885245902,130.14,0,12,73,1026.784747592,298.2429999999997,1,1,0,1,0,1,0,0,0,0,0,0,0,0,0,0,1,0,0,0,2,4,12,0.05,1.0
CCCCC/C=C\C/C=C\CCCCCCCCOC(=O)OC(C/C=C\CCCCCCCCOC(=O)CCN(CCCCCO)CCC(=O)OCCCCCCCC/C=C\CC(CCCCCC)OC(=O)OCCCCCCCC/C=C\C/C=C\CCCCC)CCCCCC,-0.094102278,0,35.0,16.0,46.5,2.5,10.0,7.219755503678861,1,75,25.283000000000037,0.8117647058823529,147.13,1,12,97,1364.1443647160002,409.35680000000184,1,1,0,1,0,1,0,0,0,0,0,0,0,0,0,0,1,0,0,0,1,6,18,0.05,1.0
CCC#CCOC(=O)OC(C/C=C\CCCCCCCCOC(=O)CCN(CCCN(C)C)CCC(=O)OCCCCCCCC/C=C\CC(CCCCCC)OC(=O)OCC#CCC)CCCCCC,-0.095850991,0,35.0,16.0,46.5,2.5,10.0,6.9082241690360116,2,46,14.271899999999976,0.7966101694915254,130.14,0,12,71,998.753447464,289.0089999999995,1,1,0,1,0,1,0,0,0,0,0,0,0,0,0,0,1,0,0,0,2,4,12,0.05,1.0
CCCCCCC#CCOC(=O)OC(C/C=C\CCCCCCCCOC(=O)CCN(CCC(=O)OCCCCCCCC/C=C\CC(CCCCCC)OC(=O)OCC#CCCCCCC)CC(OCC)OCC)CCCCCC,-0.097862344,0,35.0,16.0,46.5,2.5,10.0,7.0420195280017985,1,56,17.84009999999998,0.8235294117647058,145.36,0,13,81,1141.873228248,329.81400000000036,1,1,0,1,0,1,0,0,0,0,0,0,0,0,0,0,1,0,0,0,1,4,12,0.05,1.0
CCCCC#CCOC(=O)OC(C/C=C\CCCCCCCCOC(=O)CCN(CCC(=O)OCCCCCCCC/C=C\CC(CCCCCC)OC(=O)OCC#CCCCC)CCc1ccccn1)CCCCCC,-0.100323622,0,35.0,16.0,46.5,2.5,10.0,6.981532553604314,2,49,16.518299999999968,0.7384615384615385,139.79000000000002,0,12,77,1074.7847475919998,312.2470000000001,1,1,0,1,0,1,0,0,0,0,0,0,0,0,0,0,1,0,0,0,2,4,12,0.05,1.0
CCCCCC#CCOC(=O)OC(C/C=C\CCCCCCCCOC(=O)CCN(CCCN(CC)CC)CCC(=O)OCCCCCCCC/C=C\CC(CCCCCC)OC(=O)OCC#CCCCCC)CCCCCC,-0.101134477,0,35.0,16.0,46.5,2.5,10.0,7.014531292350221,2,54,17.392699999999977,0.8208955223880597,130.14,0,12,79,1110.878647976,325.9450000000002,1,1,0,1,0,1,0,0,0,0,0,0,0,0,0,0,1,0,0,0,2,4,12,0.05,1.0
CCCCC/C=C\C/C=C\CCCCCCCCOC(=O)OC(C/C=C\CCCCCCCCOC(=O)CCN(CCCN1CCCCCC1)CCC(=O)OCCCCCCCC/C=C\CC(CCCCCC)OC(=O)OCCCCCCCC/C=C\C/C=C\CCCCC)CCCCCC,-0.103463841,0,35.0,16.0,46.5,2.5,10.0,7.257893001776368,2,74,26.386500000000048,0.8202247191011236,130.14,0,12,101,1417.20729932,427.9450000000022,1,1,0,1,0,1,0,0,0,0,0,0,0,0,0,0,1,0,0,0,2,6,18,0.05,1.0
CCCCCCC#CCCOC(=O)OC(C/C=C\CCCCCCCCOC(=O)CCN(CCC(=O)OCCCCCCCC/C=C\CC(CCCCCC)OC(=O)OCCC#CCCCCCC)CCN1CCCCN(C)CC1)CCCCCC,-0.117712964,0,35.0,16.0,46.5,2.5,10.0,7.098248357763652,3,55,18.248799999999985,0.8356164383561644,133.38000000000002,0,13,86,1207.9677973279995,355.17900000000077,1,1,0,1,0,1,0,0,0,0,0,0,0,0,0,0,1,0,0,0,3,4,12,0.05,1.0
CCCCC#CCCOC(=O)OC(C/C=C\CCCCCCCCOC(=O)CCN(CCC(=O)OCCCCCCCC/C=C\CC(CCCCCC)OC(=O)OCCC#CCCCC)CCN1CCCCN(C)CC1)CCCCCC,-0.126603189,0,35.0,16.0,46.5,2.5,10.0,7.050762384896233,3,51,16.688399999999973,0.8260869565217391,133.38000000000002,0,13,82,1151.9051970719995,336.71100000000047,1,1,0,1,0,1,0,0,0,0,0,0,0,0,0,0,1,0,0,0,3,4,12,0.05,1.0
CCCCCCC#CCCOC(=O)OC(C/C=C\CCCCCCCCOC(=O)CCN(CCC(=O)OCCCCCCCC/C=C\CC(CCCCCC)OC(=O)OCCC#CCCCCCC)CCC1CCCCN1C)CCCCCC,-0.127341571,0,35.0,16.0,46.5,2.5,10.0,7.073950841374344,2,55,19.09559999999999,0.8333333333333334,130.14,0,12,84,1178.941248232,346.89400000000063,1,1,0,1,0,1,0,0,0,0,0,0,0,0,0,0,1,0,0,0,2,4,12,0.05,1.0
CCCCC#CCCOC(=O)OC(C/C=C\CCCCCCCCOC(=O)CCN(CCC(=O)OCCCCCCCC/C=C\CC(CCCCCC)OC(=O)OCCC#CCCCC)CCc1ccccn1)CCCCCC,-0.145845037,0,35.0,16.0,46.5,2.5,10.0,7.007257568693216,2,51,17.298499999999976,0.746268656716418,139.79000000000002,0,12,79,1102.81604772,321.4810000000003,1,1,0,1,0,1,0,0,0,0,0,0,0,0,0,0,1,0,0,0,2,4,12,0.05,1.0
CCCCC#CCOC(=O)OC(C/C=C\CCCCCCCCOC(=O)CCN1CCN(CCN2CCCC2)CC1)CCCCCC,-0.146774446,0,35.0,16.0,46.5,2.5,10.0,6.493749301263475,3,26,7.99590000000001,0.8461538461538461,71.55,0,8,47,659.523722308,192.48699999999928,1,1,0,1,0,1,0,0,0,0,0,0,0,0,0,0,1,0,0,0,3,2,12,0.05,1.0
CCC#CCOC(=O)OC(C/C=C\CCCCCCCCOC(=O)CCN(CCN(CC)CC)CCN(CC)CC)CCCCCC,-0.154437455,0,35.0,16.0,46.5,2.5,10.0,6.499830648727564,3,31,8.487900000000007,0.8461538461538461,71.55,0,8,47,663.555022436,196.7149999999992,1,1,0,1,0,1,0,0,0,0,0,0,0,0,0,0,1,0,0,0,3,2,12,0.05,1.0
CCC#CCOC(=O)OC(C/C=C\CCCCCCCCOC(=O)CCN(CCC(=O)OCCCCCCCC/C=C\CC(CCCCCC)OC(=O)OCC#CCC)CCN1CCOCC1)CCCCCC,-0.155547793,0,35.0,16.0,46.5,2.5,10.0,6.935836290799969,2,45,13.65239999999998,0.8,139.37,0,13,73,1026.7483620839998,293.09699999999964,1,1,0,1,0,1,0,0,0,0,0,0,0,0,0,0,1,0,0,0,2,4,12,0.05,1.0
CCCCC#CCOC(=O)OC(C/C=C\CCCCCCCCOC(=O)CCN1CCC(CCO)CC1)CCCCCC,-0.158520918,0,35.0,16.0,46.5,2.5,10.0,6.408365680558362,1,25,8.37690000000001,0.8333333333333334,85.30000000000001,1,7,43,605.4655387359999,174.79979999999955,1,1,0,1,0,1,0,0,0,0,0,0,0,0,0,0,1,0,0,0,1,2,12,0.05,1.0
CCCCC#CCOC(=O)OC(C/C=C\CCCCCCCCOC(=O)CCN(CCC(=O)OCCCCCCCC/C=C\CC(CCCCCC)OC(=O)OCC#CCCCC)CCc1ccncc1)CCCCCC,-0.16034665,0,35.0,16.0,46.5,2.5,10.0,6.981532553604314,2,49,16.518299999999968,0.7384615384615385,139.79000000000002,0,12,77,1074.7847475919998,312.2470000000001,1,1,0,1,0,1,0,0,0,0,0,0,0,0,0,0,1,0,0,0,2,4,12,0.05,1.0
CCCC#CCOC(=O)OC(C/C=C\CCCCCCCCOC(=O)CCN(CCC(=O)OCCCCCCCC/C=C\CC(CCCCCC)OC(=O)OCC#CCCC)CCC1CCCCN1C)CCCCCC,-0.16851995,0,35.0,16.0,46.5,2.5,10.0,6.974093429814351,2,47,15.974799999999965,0.8125,130.14,0,12,76,1066.81604772,309.95799999999997,1,1,0,1,0,1,0,0,0,0,0,0,0,0,0,0,1,0,0,0,2,4,12,0.05,1.0
CCCCCCC#CCOC(=O)OC(C/C=C\CCCCCCCCOC(=O)CCN(CCC(=O)OCCCCCCCC/C=C\CC(CCCCCC)OC(=O)OCC#CCCCCCC)CCc1cn(CCC(=O)OCCCCCCCC/C=C\CC(CCCCCC)OC(=O)OCC#CCCCCCC)cn1)CCCCCC,-0.171997614,0,35.0,16.0,46.5,2.5,10.0,7.394126721730689,3,78,25.956500000000045,0.7857142857142857,206.54999999999995,0,18,116,1624.2240715799996,471.87200000000223,1,1,0,1,0,1,0,0,0,0,0,0,0,0,0,0,1,0,0,0,2,6,12,0.05,1.0
CCCCCC#CCOC(=O)OC(C/C=C\CCCCCCCCOC(=O)CCN1CCC(CO)CC1)CCCCCC,-0.17340408,0,35.0,16.0,46.5,2.5,10.0,6.408365680558363,1,25,8.376900000000008,0.8333333333333334,85.30000000000001,1,7,43,605.4655387359999,174.79979999999952,1,1,0,1,0,1,0,0,0,0,0,0,0,0,0,0,1,0,0,0,1,2,12,0.05,1.0
CCCCCCCC/C=C\CCCCCCCCOC(=O)OC(C/C=C\CCCCCCCCOC(=O)CCN(CCCN(C)C)CCCN(C)C)CCCCCC,-0.174985791,0,35.0,16.0,46.5,2.5,10.0,6.7109395878776805,3,44,13.33179999999998,0.88,71.55,0,8,58,819.7428232039999,248.86599999999876,1,1,0,1,0,1,0,0,0,0,0,0,0,0,0,0,1,0,0,0,3,2,18,0.05,1.0
CCCCC#CCCOC(=O)OC(C/C=C\CCCCCCCCOC(=O)CCN1CCC1c1ccccc1)CCCCCC,-0.175414149,0,35.0,16.0,46.5,2.5,10.0,6.437622041337596,1,25,10.119599999999997,0.6923076923076923,65.07000000000001,0,6,45,623.454974052,183.92299999999935,1,1,0,1,0,1,0,0,0,0,0,0,0,0,0,0,1,0,0,0,1,2,12,0.05,1.0
CCCCCCC#CCCOC(=O)OC(C/C=C\CCCCCCCCOC(=O)CCN1CCN=C1C)CCCCCC,-0.177776759,0,35.0,16.0,46.5,2.5,10.0,6.40341027721578,2,26,9.186800000000003,0.8055555555555556,77.43,0,7,43,602.465873084,177.33299999999946,1,1,0,1,0,1,0,0,0,0,0,0,0,0,0,0,1,0,0,0,1,2,12,0.05,1.0
CCCCCC#CCOC(=O)OC(C/C=C\CCCCCCCCOC(=O)CCN1CCC(O)CC1)CCCCCC,-0.181016767,0,35.0,16.0,46.5,2.5,10.0,6.38498189750014,1,24,8.12930000000001,0.8285714285714286,85.30000000000001,1,7,42,591.4498886719999,170.2307999999996,1,1,0,1,0,1,0,0,0,0,0,0,0,0,0,0,1,0,0,0,1,2,12,0.05,1.0
CCCCCCCC/C=C\CCCCCCCCOC(=O)OC(C/C=C\CCCCCCCCOC(=O)CCN(CCC(=O)OCCCCCCCC/C=C\CC(CCCCCC)OC(=O)OCCCCCCCC/C=C\CCCCCCCC)CC(O)CO)CCCCCC,-0.189761839,0,35.0,16.0,46.5,2.5,10.0,7.21386550516216,1,75,23.92160000000003,0.8554216867469879,167.36,2,13,96,1356.139279336,401.7006000000016,1,1,0,1,0,1,0,0,0,0,0,0,0,0,0,0,1,0,0,0,1,4,18,0.05,1.0
CCCCCCC#CCCOC(=O)OC(C/C=C\CCCCCCCCOC(=O)CCN1CCC(CO)CC1)CCCCCC,-0.191662364,0,35.0,16.0,46.5,2.5,10.0,6.453554130239836,1,27,9.157100000000003,0.8421052631578947,85.30000000000001,1,7,45,633.496838864,184.03379999999945,1,1,0,1,0,1,0,0,0,0,0,0,0,0,0,0,1,0,0,0,1,2,12,0.05,1.0
CCCC#CCOC(=O)OC(C/C=C\CCCCCCCCOC(=O)CCN1CCN(CCOCCO)CC1)CCCCCC,-0.192593184,0,35.0,16.0,46.5,2.5,10.0,6.458205045628914,2,27,6.5189000000000075,0.8333333333333334,97.77,1,9,45,636.4713523879999,180.10079999999948,1,1,0,1,0,1,0,0,0,0,0,0,0,0,0,0,1,0,0,0,2,2,12,0.05,1.0
CCCCCCC#CCCOC(=O)OC(C/C=C\CCCCCCCCOC(=O)CCN(CCC(=O)OCCCCCCCC/C=C\CC(CCCCCC)OC(=O)OCCC#CCCCCCC)CCN1CCC(C)CC1)CCCCCC,-0.205857276,0,35.0,16.0,46.5,2.5,10.0,7.073950841374344,2,55,18.95309999999999,0.8333333333333334,130.14,0,12,84,1178.941248232,346.84600000000063,1,1,0,1,0,1,0,0,0,0,0,0,0,0,0,0,1,0,0,0,2,4,12,0.05,1.0
CCCCC#CCCOC(=O)OC(C/C=C\CCCCCCCCOC(=O)CCN(CCC(=O)OCCCCCCCC/C=C\CC(CCCCCC)OC(=O)OCCC#CCCCC)CC(O)CO)CCCCCC,-0.208095271,0,35.0,16.0,46.5,2.5,10.0,6.9787355076991835,1,51,15.013999999999967,0.8095238095238095,167.36,2,13,76,1071.794977928,306.6325999999998,1,1,0,1,0,1,0,0,0,0,0,0,0,0,0,0,1,0,0,0,1,4,12,0.05,1.0
CCCCC#CCCOC(=O)OC(C/C=C\CCCCCCCCOC(=O)CCN(CCC(=O)OCCCCCCCC/C=C\CC(CCCCCC)OC(=O)OCCC#CCCCC)CCN1CCN(C)CC1)CCCCCC,-0.208599071,0,35.0,16.0,46.5,2.5,10.0,7.026146129881404,3,51,15.908199999999963,0.8208955223880597,133.38000000000002,0,13,80,1123.873896944,327.47700000000026,1,1,0,1,0,1,0,0,0,0,0,0,0,0,0,0,1,0,0,0,3,4,12,0.05,1.0
CCCCCCC#CCOC(=O)OC(C/C=C\CCCCCCCCOC(=O)CCN(CCCN1CCN(CCCN(CCC(=O)OCCCCCCCC/C=C\CC(CCCCCC)OC(=O)OCC#CCCCCCC)CCC(=O)OCCCCCCCC/C=C\CC(CCCCCC)OC(=O)OCC#CCCCCCC)CC1)CCC(=O)OCCCCCCCC/C=C\CC(CCCCCC)OC(=O)OCC#CCCCCCC)CCCCCC,-0.209011653,0,35.0,16.0,46.5,2.5,10.0,7.70541471552938,4,108,34.293400000000055,0.8208955223880597,260.2799999999999,0,24,158,2217.7259958239993,647.6620000000026,1,1,0,1,0,1,0,0,0,0,0,0,0,0,0,0,1,0,0,0,4,8,12,0.05,1.0
CCCCCCC#CCOC(=O)OC(C/C=C\CCCCCCCCOC(=O)CCN(CCC(=O)OCCCCCCCC/C=C\CC(CCCCCC)OC(=O)OCC#CCCCCCC)CCN1CCCCCC1)CCCCCC,-0.224618518,0,35.0,16.0,46.5,2.5,10.0,7.049905671086814,2,53,18.316999999999982,0.8285714285714286,130.14,0,12,82,1150.909948104,337.68200000000047,1,1,0,1,0,1,0,0,0,0,0,0,0,0,0,0,1,0,0,0,2,4,12,0.05,1.0
CCCCCCC#CCOC(=O)OC(C/C=C\CCCCCCCCOC(=O)CCN1CCN(CCN(C)C)CC1)CCCCCC,-0.225139414,0,35.0,16.0,46.5,2.5,10.0,6.496794597836769,3,28,8.24190000000001,0.8461538461538461,71.55,0,8,47,661.539372372,194.60099999999923,1,1,0,1,0,1,0,0,0,0,0,0,0,0,0,0,1,0,0,0,3,2,12,0.05,1.0
CCCCC/C=C\C/C=C\CCCCCCCCOC(=O)OC(C/C=C\CCCCCCCCOC(=O)CCN(C)CCCn1ccnc1)CCCCCC,-0.231049532,0,35.0,16.0,46.5,2.5,10.0,6.647943853247275,3,39,13.12099999999998,0.7659574468085106,82.89,0,8,55,769.633272756,230.3309999999989,1,1,0,1,0,1,0,0,0,0,0,0,0,0,0,0,1,0,0,0,2,3,18,0.05,1.0
CCCCCCC#CCCOC(=O)OC(C/C=C\CCCCCCCCOC(=O)CCN(CCCn1ccnc1)CCC(=O)OCCCCCCCC/C=C\CC(CCCCCC)OC(=O)OCCC#CCCCCCC)CCCCCC,-0.233838332,0,35.0,16.0,46.5,2.5,10.0,7.059388220536136,3,56,18.507999999999985,0.7857142857142857,144.72,0,13,83,1161.889547008,338.8520000000005,1,1,0,1,0,1,0,0,0,0,0,0,0,0,0,0,1,0,0,0,2,4,12,0.05,1.0
CCCCCCC#CCOC(=O)OC(C/C=C\CCCCCCCCOC(=O)CCN(C)CCCN(C)CCCN(C)CCC(=O)OCCCCCCCC/C=C\CC(CCCCCC)OC(=O)OCC#CCCCCCC)CCCCCC,-0.234562137,0,35.0,16.0,46.5,2.5,10.0,7.076491640132083,3,58,17.71459999999998,0.8309859154929577,133.38,0,13,84,1181.952147264,348.05900000000065,1,1,0,1,0,1,0,0,0,0,0,0,0,0,0,0,1,0,0,0,3,4,12,0.05,1.0
CCCCC#CCOC(=O)OC(C/C=C\CCCCCCCCOC(=O)CCN1CCC(O)CC1)CCCCCC,-0.238099826,0,35.0,16.0,46.5,2.5,10.0,6.361038193948492,1,23,7.739200000000011,0.8235294117647058,85.30000000000001,1,7,41,577.4342386079999,165.61379999999966,1,1,0,1,0,1,0,0,0,0,0,0,0,0,0,0,1,0,0,0,1,2,12,0.05,1.0
CCCCCCCC/C=C\CCCCCCCCOC(=O)OC(C/C=C\CCCCCCCCOC(=O)CCN(CCC(=O)OCCCCCCCC/C=C\CC(CCCCCC)OC(=O)OCCCCCCCC/C=C\CCCCCCCC)CCN1CCCCN(C)CC1)CCCCCC,-0.243577107,0,35.0,16.0,46.5,2.5,10.0,7.271224092238111,3,75,25.596000000000043,0.8651685393258427,133.38000000000002,0,13,102,1436.2494984800005,431.7790000000022,1,1,0,1,0,1,0,0,0,0,0,0,0,0,0,0,1,0,0,0,3,4,18,0.05,1.0
CCCC#CCOC(=O)OC(C/C=C\CCCCCCCCOC(=O)CCN(CCC(=O)OCCCCCCCC/C=C\CC(CCCCCC)OC(=O)OCC#CCCC)CCc1cn(CCC(=O)OCCCCCCCC/C=C\CC(CCCCCC)OC(=O)OCC#CCCC)cn1)CCCCCC,-0.249314579,0,35.0,16.0,46.5,2.5,10.0,7.313327714663824,3,69,22.445600000000017,0.7640449438202247,206.54999999999995,0,18,107,1498.0832210039996,430.3190000000021,1,1,0,1,0,1,0,0,0,0,0,0,0,0,0,0,1,0,0,0,2,6,12,0.05,1.0
CCCC#CCOC(=O)OC(C/C=C\CCCCCCCCOC(=O)CCN(C)CCN(C)C)CCCCCC,-0.25110877,0,35.0,16.0,46.5,2.5,10.0,6.338332559911316,2,25,7.385800000000009,0.8181818181818182,68.31,0,7,40,564.45022302,165.36699999999962,1,1,0,1,0,1,0,0,0,0,0,0,0,0,0,0,1,0,0,0,2,2,12,0.05,1.0
CCC#CCOC(=O)OC(C/C=C\CCCCCCCCOC(=O)CCN1CCC[C@H]1CO)CCCCCC,-0.253762099,0,35.0,16.0,46.5,2.5,10.0,6.311359057986524,1,22,6.959000000000009,0.8125,85.30000000000001,1,7,39,549.4029384799999,156.37979999999976,1,1,0,1,0,1,0,0,0,0,0,0,0,0,0,0,1,0,0,0,1,2,12,0.05,1.0
CCC#CCOC(=O)OC(C/C=C\CCCCCCCCOC(=O)CCN(CCC(=O)OCCCCCCCC/C=C\CC(CCCCCC)OC(=O)OCC#CCC)CCc1ccncc1)CCCCCC,-0.257642436,0,35.0,16.0,46.5,2.5,10.0,6.92800780505868,2,45,14.957899999999968,0.7213114754098361,139.79000000000002,0,12,73,1018.722147336,293.7789999999997,1,1,0,1,0,1,0,0,0,0,0,0,0,0,0,0,1,0,0,0,2,4,12,0.05,1.0
CCC#CCOC(=O)OC(C/C=C\CCCCCCCCOC(=O)CCN(CCCN1CCCCC1)CCC(=O)OCCCCCCCC/C=C\CC(CCCCCC)OC(=O)OCC#CCC)CCCCCC,-0.260331087,0,35.0,16.0,46.5,2.5,10.0,6.947489321897609,2,46,15.19619999999997,0.8064516129032258,130.14,0,12,74,1038.784747592,300.74599999999975,1,1,0,1,0,1,0,0,0,0,0,0,0,0,0,0,1,0,0,0,2,4,12,0.05,1.0
CCCCC#CCCOC(=O)OC(C/C=C\CCCCCCCCOC(=O)CCN(CCC(=O)OCCCCCCCC/C=C\CC(CCCCCC)OC(=O)OCCC#CCCCC)CCN1CCCC1)CCCCCC,-0.263443743,0,35.0,16.0,46.5,2.5,10.0,7.000008062437133,2,51,16.75659999999997,0.8181818181818182,130.14,0,12,78,1094.8473478479998,319.2140000000001,1,1,0,1,0,1,0,0,0,0,0,0,0,0,0,0,1,0,0,0,2,4,12,0.05,1.0
CCCCC/C=C\C/C=C\CCCCCCCCOC(=O)OC(C/C=C\CCCCCCCCOC(=O)CCN1CCC(CCO)CC1)CCCCCC,-0.263546129,0,35.0,16.0,46.5,2.5,10.0,6.634893507988169,1,37,12.99679999999998,0.8297872340425532,85.30000000000001,1,7,54,759.63768944,226.85679999999897,1,1,0,1,0,1,0,0,0,0,0,0,0,0,0,0,1,0,0,0,1,3,18,0.05,1.0
CCCCCCCC/C=C\CCCCCCCCOC(=O)OC(C/C=C\CCCCCCCCOC(=O)CCN1CCN=C1C)CCCCCC,-0.271442073,0,35.0,16.0,46.5,2.5,10.0,6.576654788662814,2,36,12.86039999999998,0.8409090909090909,77.43,0,7,51,716.60672366,215.63299999999904,1,1,0,1,0,1,0,0,0,0,0,0,0,0,0,0,1,0,0,0,1,2,18,0.05,1.0
CCCCC#CCCOC(=O)OC(C/C=C\CCCCCCCCOC(=O)CCN(CCC(=O)OCCCCCCCC/C=C\CC(CCCCCC)OC(=O)OCCC#CCCCC)CCN1CCC(C)CC1)CCCCCC,-0.272223003,0,35.0,16.0,46.5,2.5,10.0,7.025268055899694,2,51,17.392699999999977,0.8235294117647058,130.14,0,12,80,1122.878647976,328.37800000000027,1,1,0,1,0,1,0,0,0,0,0,0,0,0,0,0,1,0,0,0,2,4,12,0.05,1.0
CCCCCC#CCOC(=O)OC(C/C=C\CCCCCCCCOC(=O)CCN1CCN(CCCN(C)C)CC1)CCCCCC,-0.27877907,0,35.0,16.0,46.5,2.5,10.0,6.496794597836769,3,28,8.24190000000001,0.8461538461538461,71.55,0,8,47,661.539372372,194.60099999999923,1,1,0,1,0,1,0,0,0,0,0,0,0,0,0,0,1,0,0,0,3,2,12,0.05,1.0
CCCCC#CCOC(=O)OC(C/C=C\CCCCCCCCOC(=O)CCN(C)CCCN(C)CCCN(C)CCC(=O)OCCCCCCCC/C=C\CC(CCCCCC)OC(=O)OCC#CCCCC)CCCCCC,-0.279518783,0,35.0,16.0,46.5,2.5,10.0,7.027935439238241,3,54,16.154199999999967,0.8208955223880597,133.38,0,13,80,1125.889547008,329.5910000000003,1,1,0,1,0,1,0,0,0,0,0,0,0,0,0,0,1,0,0,0,3,4,12,0.05,1.0
CCCCC#CCCOC(=O)OC(C/C=C\CCCCCCCCOC(=O)CCN(CCCN1CCCC1)CCC(=O)OCCCCCCCC/C=C\CC(CCCCCC)OC(=O)OCCC#CCCCC)CCCCCC,-0.281054565,0,35.0,16.0,46.5,2.5,10.0,7.012717815456752,2,52,17.146699999999974,0.8208955223880597,130.14,0,12,79,1108.862997912,323.8310000000002,1,1,0,1,0,1,0,0,0,0,0,0,0,0,0,0,1,0,0,0,2,4,12,0.05,1.0
CCCCCCC#CCOC(=O)OC(C/C=C\CCCCCCCCOC(=O)CCN1CCN(CCCN(C)C)CC1)CCCCCC,-0.2839804,0,35.0,16.0,46.5,2.5,10.0,6.51773035536185,3,29,8.632000000000007,0.85,71.55,0,8,48,675.555022436,199.2179999999992,1,1,0,1,0,1,0,0,0,0,0,0,0,0,0,0,1,0,0,0,3,2,12,0.05,1.0
CCCCCCCCCCCCCCCCCCOC(=O)OC(C/C=C\CCCCCCCCOC(=O)CCN(CCC(=O)OCCCCCCCC/C=C\CC(CCCCCC)OC(=O)OCCCCCCCCCCCCCCCCCC)CCN(CCC(=O)OCCCCCCCC/C=C\CC(CCCCCC)OC(=O)OCCCCCCCCCCCCCCCCCC)CCN1CCN(CCN(CCC(=O)OCCCCCCCC/C=C\CC(CCCCCC)OC(=O)OCCCCCCCCCCCCCCCCCC)CCC(=O)OCCCCCCCC/C=C\CC(CCCCCC)OC(=O)OCCCCCCCCCCCCCCCCCC)CC1)CCCCCC,-0.290262527,0,35.0,16.0,46.5,2.5,10.0,8.129021683273066,5,194,63.3299999999995,0.9047619047619048,325.35,0,30,240,3387.9791231400004,1013.090000000006,1,1,0,1,0,1,0,0,0,0,0,0,0,0,0,0,1,0,0,0,5,5,18,0.05,1.0
CCCCCCC#CCOC(=O)OC(C/C=C\CCCCCCCCOC(=O)CCN1CCC(CO)CC1)CCCCCC,-0.292428667,0,35.0,16.0,46.5,2.5,10.0,6.431215133182697,1,26,8.767000000000007,0.8378378378378378,85.30000000000001,1,7,44,619.4811887999999,179.41679999999948,1,1,0,1,0,1,0,0,0,0,0,0,0,0,0,0,1,0,0,0,1,2,12,0.05,1.0
CCCCCC#CCOC(=O)OC(C/C=C\CCCCCCCCOC(=O)CCN1CCCCC1CO)CCCCCC,-0.296242353,0,35.0,16.0,46.5,2.5,10.0,6.408365680558363,1,25,8.519400000000008,0.8333333333333334,85.30000000000001,1,7,43,605.4655387359999,174.84779999999952,1,1,0,1,0,1,0,0,0,0,0,0,0,0,0,0,1,0,0,0,1,2,12,0.05,1.0
CCCCC#CCCOC(=O)OC(C/C=C\CCCCCCCCOC(=O)CCN1CCN(c2ccccn2)CC1)CCCCCC,-0.314003559,0,35.0,16.0,46.5,2.5,10.0,6.484557370008383,3,25,8.889800000000005,0.717948717948718,81.2,0,8,47,653.4767721159999,191.4399999999993,1,1,0,1,0,1,0,0,0,0,0,0,0,0,0,0,1,0,0,0,3,2,12,0.05,1.0
CCCCCCC#CCCOC(=O)OC(C/C=C\CCCCCCCCOC(=O)CCN(CCC(=O)OCCCCCCCC/C=C\CC(CCCCCC)OC(=O)OCCC#CCCCCCC)CC(OCC)OCC)CCCCCC,-0.31873114,0,35.0,16.0,46.5,2.5,10.0,7.0662527833780855,1,58,18.620299999999983,0.8285714285714286,145.36,0,13,83,1169.904528376,339.04800000000057,1,1,0,1,0,1,0,0,0,0,0,0,0,0,0,0,1,0,0,0,1,4,12,0.05,1.0
CCCC#CCOC(=O)OC(C/C=C\CCCCCCCCOC(=O)CCN(CCCN1CCCCC1)CCC(=O)OCCCCCCCC/C=C\CC(CCCCCC)OC(=O)OCC#CCCC)CCCCCC,-0.318960119,0,35.0,16.0,46.5,2.5,10.0,6.974093429814351,2,48,15.976399999999966,0.8125,130.14,0,12,76,1066.81604772,309.97999999999996,1,1,0,1,0,1,0,0,0,0,0,0,0,0,0,0,1,0,0,0,2,4,12,0.05,1.0
CCCCCCCCCCCCCCCCCCOC(=O)OC(C/C=C\CCCCCCCCOC(=O)CCN1CCN(CCOCCO)CC1)CCCCCC,-0.325298871,0,35.0,16.0,46.5,2.5,10.0,6.697368759612358,2,42,11.976899999999986,0.9166666666666666,97.77,1,9,57,808.690453284,236.96279999999888,1,1,0,1,0,1,0,0,0,0,0,0,0,0,0,0,1,0,0,0,2,1,18,0.05,1.0
CCCC#CCOC(=O)OC(C/C=C\CCCCCCCCOC(=O)CCN1CCC(O)CC1)CCCCCC,-0.344454973,0,35.0,16.0,46.5,2.5,10.0,6.336507096316959,1,22,7.34910000000001,0.8181818181818182,85.30000000000001,1,7,40,563.4185885439999,160.99679999999972,1,1,0,1,0,1,0,0,0,0,0,0,0,0,0,0,1,0,0,0,1,2,12,0.05,1.0
CCCC#CCOC(=O)OC(C/C=C\CCCCCCCCOC(=O)CCN1CCCCC1CCO)CCCCCC,-0.346993298,0,35.0,16.0,46.5,2.5,10.0,6.38498189750014,1,24,8.12930000000001,0.8285714285714286,85.30000000000001,1,7,42,591.4498886719999,170.2307999999996,1,1,0,1,0,1,0,0,0,0,0,0,0,0,0,0,1,0,0,0,1,2,12,0.05,1.0
CCCCC#CCCOC(=O)OC(C/C=C\CCCCCCCCOC(=O)CCN(CCCN(C)C)CCCN(C)C)CCCCCC,-0.34930114,0,35.0,16.0,46.5,2.5,10.0,6.520703598384688,3,32,8.878000000000005,0.85,71.55,0,8,48,677.5706725,201.33199999999917,1,1,0,1,0,1,0,0,0,0,0,0,0,0,0,0,1,0,0,0,3,2,12,0.05,1.0
CCCCCCC#CCCOC(=O)OC(C/C=C\CCCCCCCCOC(=O)CCN(CCCN1CCN(CCCN(CCC(=O)OCCCCCCCC/C=C\CC(CCCCCC)OC(=O)OCCC#CCCCCCC)CCC(=O)OCCCCCCCC/C=C\CC(CCCCCC)OC(=O)OCCC#CCCCCCC)CC1)CCC(=O)OCCCCCCCC/C=C\CC(CCCCCC)OC(=O)OCCC#CCCCCCC)CCCCCC,-0.349544697,0,35.0,16.0,46.5,2.5,10.0,7.730370733869734,4,112,35.85380000000002,0.8260869565217391,260.2799999999999,0,24,162,2273.788596079999,666.1300000000027,1,1,0,1,0,1,0,0,0,0,0,0,0,0,0,0,1,0,0,0,4,8,12,0.05,1.0
CCCCCCC#CCCOC(=O)OC(C/C=C\CCCCCCCCOC(=O)CCN(CCCN(C)C)CCCN(C)C)CCCCCC,-0.353642183,0,35.0,16.0,46.5,2.5,10.0,6.561186240781443,3,34,9.6582,0.8571428571428571,71.55,0,8,50,705.601972628,210.56599999999904,1,1,0,1,0,1,0,0,0,0,0,0,0,0,0,0,1,0,0,0,3,2,12,0.05,1.0
CCCCC#CCOC(=O)OC(C/C=C\CCCCCCCCOC(=O)CCN(C)CCCN(CCC(=O)OCCCCCCCC/C=C\CC(CCCCCC)OC(=O)OCC#CCCCC)CCC(=O)OCCCCCCCC/C=C\CC(CCCCCC)OC(=O)OCC#CCCCC)CCCCCC,-0.365827201,0,35.0,16.0,46.5,2.5,10.0,7.325970754575565,2,73,23.498600000000028,0.8021978021978022,191.9699999999999,0,17,108,1517.150572292,440.35300000000217,1,1,0,1,0,1,0,0,0,0,0,0,0,0,0,0,1,0,0,0,2,6,12,0.05,1.0
CCCCCCCCCCCCCCCCCCOC(=O)OC(C/C=C\CCCCCCCCOC(=O)CCN1CCN=C1C)CCCCCC,-0.368161447,0,35.0,16.0,46.5,2.5,10.0,6.579458135044497,2,37,13.08439999999998,0.8863636363636364,77.43,0,7,51,718.622373724,215.726999999999,1,1,0,1,0,1,0,0,0,0,0,0,0,0,0,0,1,0,0,0,1,1,18,0.05,1.0
CCCCCCC#CCCOC(=O)OC(C/C=C\CCCCCCCCOC(=O)CCN(CCC(=O)OCCCCCCCC/C=C\CC(CCCCCC)OC(=O)OCCC#CCCCCCC)CC1CCCCN1C)CCCCCC,-0.370506744,0,35.0,16.0,46.5,2.5,10.0,7.06200052576637,2,54,18.705499999999983,0.8309859154929577,130.14,0,12,83,1164.925598168,342.27700000000056,1,1,0,1,0,1,0,0,0,0,0,0,0,0,0,0,1,0,0,0,2,4,12,0.05,1.0
CCCCCCC#CCCOC(=O)OC(C/C=C\CCCCCCCCOC(=O)CCN(CCC(=O)OCCCCCCCC/C=C\CC(CCCCCC)OC(=O)OCCC#CCCCCCC)CCc1ccccn1)CCCCCC,-0.376965875,0,35.0,16.0,46.5,2.5,10.0,7.05680353498535,2,55,18.858899999999988,0.7605633802816901,139.79000000000002,0,12,83,1158.878647976,339.94900000000064,1,1,0,1,0,1,0,0,0,0,0,0,0,0,0,0,1,0,0,0,2,4,12,0.05,1.0
CCCCCC#CCOC(=O)OC(C/C=C\CCCCCCCCOC(=O)CCN(CCCN1CCCCC1)CCC(=O)OCCCCCCCC/C=C\CC(CCCCCC)OC(=O)OCC#CCCCCC)CCCCCC,-0.378448612,0,35.0,16.0,46.5,2.5,10.0,7.025268055899694,2,52,17.536799999999978,0.8235294117647058,130.14,0,12,80,1122.878647976,328.44800000000026,1,1,0,1,0,1,0,0,0,0,0,0,0,0,0,0,1,0,0,0,2,4,12,0.05,1.0
CCCCCCC#CCCOC(=O)OC(C/C=C\CCCCCCCCOC(=O)CCN(C)CCCN(CCC(=O)OCCCCCCCC/C=C\CC(CCCCCC)OC(=O)OCCC#CCCCCCC)CCC(=O)OCCCCCCCC/C=C\CC(CCCCCC)OC(=O)OCCC#CCCCCCC)CCCCCC,-0.393858225,0,35.0,16.0,46.5,2.5,10.0,7.405794098906267,2,82,27.009500000000056,0.82,191.9699999999999,0,17,117,1643.2914228680002,481.9060000000023,1,1,0,1,0,1,0,0,0,0,0,0,0,0,0,0,1,0,0,0,2,6,12,0.05,1.0
CCCCCCC#CCCOC(=O)OC(C/C=C\CCCCCCCCOC(=O)CCN(CCC(=O)OCCCCCCCC/C=C\CC(CCCCCC)OC(=O)OCCC#CCCCCCC)CCc1ccncc1)CCCCCC,-0.398609775,0,35.0,16.0,46.5,2.5,10.0,7.05680353498535,2,55,18.858899999999988,0.7605633802816901,139.79000000000002,0,12,83,1158.878647976,339.94900000000064,1,1,0,1,0,1,0,0,0,0,0,0,0,0,0,0,1,0,0,0,2,4,12,0.05,1.0
CCCCC/C=C\C/C=C\CCCCCCCCOC(=O)OC(C/C=C\CCCCCCCCOC(=O)CCN(CCC(=O)OCCCCCCCC/C=C\CC(CCCCCC)OC(=O)OCCCCCCCC/C=C\C/C=C\CCCCC)CCN1CCCCN(C)CC1)CCCCCC,-0.402796621,0,35.0,16.0,46.5,2.5,10.0,7.268416865689887,3,73,25.14800000000004,0.8202247191011236,133.38000000000002,0,13,102,1432.2181983520002,431.59100000000217,1,1,0,1,0,1,0,0,0,0,0,0,0,0,0,0,1,0,0,0,3,6,18,0.05,1.0
CCCC#CCOC(=O)OC(C/C=C\CCCCCCCCOC(=O)CCN(C)CCCN(C)CCCN(C)CCC(=O)OCCCCCCCC/C=C\CC(CCCCCC)OC(=O)OCC#CCCC)CCCCCC,-0.405107746,0,35.0,16.0,46.5,2.5,10.0,7.002743588810059,3,52,15.37399999999997,0.8153846153846154,133.38,0,13,78,1097.85824688,320.35700000000014,1,1,0,1,0,1,0,0,0,0,0,0,0,0,0,0,1,0,0,0,3,4,12,0.05,1.0
CCCCCC#CCOC(=O)OC(C/C=C\CCCCCCCCOC(=O)CCN(C)CCCN(C)CCCN(C)CCC(=O)OCCCCCCCC/C=C\CC(CCCCCC)OC(=O)OCC#CCCCCC)CCCCCC,-0.445698258,0,35.0,16.0,46.5,2.5,10.0,7.0525082238184345,3,56,16.934399999999975,0.8260869565217391,133.38,0,13,82,1153.9208471360002,338.8250000000005,1,1,0,1,0,1,0,0,0,0,0,0,0,0,0,0,1,0,0,0,3,4,12,0.05,1.0
CCC#CCOC(=O)OC(C/C=C\CCCCCCCCOC(=O)CCN(CCCCCO)CCC(=O)OCCCCCCCC/C=C\CC(CCCCCC)OC(=O)OCC#CCC)CCCCCC,-0.452998955,0,35.0,16.0,46.5,2.5,10.0,6.909207224399052,1,47,14.482799999999974,0.7966101694915254,147.13,1,12,71,999.737463052,286.77479999999946,1,1,0,1,0,1,0,0,0,0,0,0,0,0,0,0,1,0,0,0,1,4,12,0.05,1.0
CCCCCCC#CCCOC(=O)OC(C/C=C\CCCCCCCCOC(=O)CCN(CCC(=O)OCCCCCCCC/C=C\CC(CCCCCC)OC(=O)OCCC#CCCCCCC)CCC1OCCO1)CCCCCC,-0.46292918,0,35.0,16.0,46.5,2.5,10.0,7.052466691626653,1,55,17.98419999999998,0.8260869565217391,145.36,0,13,82,1153.873228248,332.31700000000046,1,1,0,1,0,1,0,0,0,0,0,0,0,0,0,0,1,0,0,0,1,4,12,0.05,1.0
CCCC#CCOC(=O)OC(C/C=C\CCCCCCCCOC(=O)CCN(CCC(=O)OCCCCCCCC/C=C\CC(CCCCCC)OC(=O)OCC#CCCC)CC(O)CO)CCCCCC,-0.466772454,0,35.0,16.0,46.5,2.5,10.0,6.925056741756825,1,47,13.453599999999977,0.7966101694915254,167.36,2,13,72,1015.732377672,288.16459999999944,1,1,0,1,0,1,0,0,0,0,0,0,0,0,0,0,1,0,0,0,1,4,12,0.05,1.0
CCCCCCC#CCOC(=O)OC(C/C=C\CCCCCCCCOC(=O)CCN1CCC[C@H]1CO)CCCCCC,-0.468705329,0,35.0,16.0,46.5,2.5,10.0,6.408365680558363,1,26,8.519400000000008,0.8333333333333334,85.30000000000001,1,7,43,605.4655387359999,174.84779999999952,1,1,0,1,0,1,0,0,0,0,0,0,0,0,0,0,1,0,0,0,1,2,12,0.05,1.0
CCCCC#CCCOC(=O)OC(C/C=C\CCCCCCCCOC(=O)CCN(CCCN(CCC(=O)OCCCCCCCC/C=C\CC(CCCCCC)OC(=O)OCCC#CCCCC)CCC(=O)OCCCCCCCC/C=C\CC(CCCCCC)OC(=O)OCCC#CCCCC)CCCN(CCC(=O)OCCCCCCCC/C=C\CC(CCCCCC)OC(=O)OCCC#CCCCC)CCC(=O)OCCCCCCCC/C=C\CC(CCCCCC)OC(=O)OCCC#CCCCC)CCCCCC,-0.470179375,0,35.0,16.0,46.5,2.5,10.0,7.85780877956873,3,128,41.103599999999915,0.8076923076923077,318.86999999999995,0,28,184,2582.9713710439996,751.3040000000029,1,1,0,1,0,1,0,0,0,0,0,0,0,0,0,0,1,0,0,0,3,10,12,0.05,1.0
CCCCC/C=C\C/C=C\CCCCCCCCOC(=O)OC(C/C=C\CCCCCCCCOC(=O)CCN(CCCN(CCC(=O)OCCCCCCCC/C=C\CC(CCCCCC)OC(=O)OCCCCCCCC/C=C\C/C=C\CCCCC)CCC(=O)OCCCCCCCC/C=C\CC(CCCCCC)OC(=O)OCCCCCCCC/C=C\C/C=C\CCCCC)CCC(=O)OCCCCCCCC/C=C\CC(CCCCCC)OC(=O)OCCCCCCCC/C=C\C/C=C\CCCCC)CCCCCC,-0.473609889,0,35.0,16.0,46.5,2.5,10.0,7.862923203474688,2,144,49.644499999999766,0.803680981595092,253.7999999999999,0,22,185,2596.173699679999,781.4570000000032,1,1,0,1,0,1,0,0,0,0,0,0,0,0,0,0,1,0,0,0,2,12,18,0.05,1.0
CCC#CCOC(=O)OC(C/C=C\CCCCCCCCOC(=O)CCN1CCCCC1CCO)CCCCCC,-0.483487309,0,35.0,16.0,46.5,2.5,10.0,6.361038193948492,1,23,7.73920000000001,0.8235294117647058,85.30000000000001,1,7,41,577.4342386079999,165.61379999999963,1,1,0,1,0,1,0,0,0,0,0,0,0,0,0,0,1,0,0,0,1,2,12,0.05,1.0
CCCCCCCCCCCCCCCCCCOC(=O)OC(C/C=C\CCCCCCCCOC(=O)CCN1CCN(c2ccccn2)CC1)CCCCCC,-0.486690136,0,35.0,16.0,46.5,2.5,10.0,6.683675039112142,3,38,13.567599999999976,0.8163265306122449,81.2,0,8,57,797.664572884,239.0679999999988,1,1,0,1,0,1,0,0,0,0,0,0,0,0,0,0,1,0,0,0,3,1,18,0.05,1.0
CCCC#CCOC(=O)OC(C/C=C\CCCCCCCCOC(=O)CCN(CCCCCO)CCC(=O)OCCCCCCCC/C=C\CC(CCCCCC)OC(=O)OCC#CCCC)CCCCCC,-0.494788984,0,35.0,16.0,46.5,2.5,10.0,6.93683532586192,1,49,15.262999999999966,0.8032786885245902,147.13,1,12,73,1027.76876318,296.00879999999967,1,1,0,1,0,1,0,0,0,0,0,0,0,0,0,0,1,0,0,0,1,4,12,0.05,1.0
CCCC#CCOC(=O)OC(C/C=C\CCCCCCCCOC(=O)CCN1CCC(CO)CC1)CCCCCC,-0.500455401,0,35.0,16.0,46.5,2.5,10.0,6.361038193948492,1,23,7.59670000000001,0.8235294117647058,85.30000000000001,1,7,41,577.4342386079999,165.56579999999963,1,1,0,1,0,1,0,0,0,0,0,0,0,0,0,0,1,0,0,0,1,2,12,0.05,1.0
CCCCC#CCCOC(=O)OC(C/C=C\CCCCCCCCOC(=O)CCN1CCN(CCN2CCCC2)CC1)CCCCCC,-0.500868541,0,35.0,16.0,46.5,2.5,10.0,6.514748245796001,3,27,8.386000000000008,0.85,71.55,0,8,48,673.539372372,197.1039999999992,1,1,0,1,0,1,0,0,0,0,0,0,0,0,0,0,1,0,0,0,3,2,12,0.05,1.0
CCCCCCCCCCCCCCCCCCOC(=O)OC(C/C=C\CCCCCCCCOC(=O)CCN(CCC(=O)OCCCCCCCC/C=C\CC(CCCCCC)OC(=O)OCCCCCCCCCCCCCCCCCC)CC(O)CO)CCCCCC,-0.50928859,0,35.0,16.0,46.5,2.5,10.0,7.216829890620674,1,77,24.36960000000003,0.9036144578313252,167.36,2,13,96,1360.1705794640002,401.88860000000153,1,1,0,1,0,1,0,0,0,0,0,0,0,0,0,0,1,0,0,0,1,2,18,0.05,1.0
CCCCCCC#CCCOC(=O)OC(C/C=C\CCCCCCCCOC(=O)CCN1CCCN(CCC(=O)OCCCCCCCC/C=C\CC(CCCCCC)OC(=O)OCCC#CCCCCCC)CCN(CCC(=O)OCCCCCCCC/C=C\CC(CCCCCC)OC(=O)OCCC#CCCCCCC)CCCN(CCC(=O)OCCCCCCCC/C=C\CC(CCCCCC)OC(=O)OCCC#CCCCCCC)CC1)CCCCCC,-0.510214328,0,35.0,16.0,46.5,2.5,10.0,7.7303707338697345,4,104,35.85380000000002,0.8260869565217391,260.2799999999999,0,24,162,2273.7885960799995,666.1300000000027,1,1,0,1,0,1,0,0,0,0,0,0,0,0,0,0,1,0,0,0,4,8,12,0.05,1.0
CCC#CCOC(=O)OC(C/C=C\CCCCCCCCOC(=O)CCN(CCCN1CCN(C)CC1)CCC(=O)OCCCCCCCC/C=C\CC(CCCCCC)OC(=O)OCC#CCC)CCCCCC,-0.512493954,0,35.0,16.0,46.5,2.5,10.0,6.96181628970681,3,46,13.957699999999978,0.8064516129032258,133.38,0,13,75,1053.795646624,304.3919999999998,1,1,0,1,0,1,0,0,0,0,0,0,0,0,0,0,1,0,0,0,3,4,12,0.05,1.0
CCCCC#CCCOC(=O)OC(C/C=C\CCCCCCCCOC(=O)CCN(CCC(=O)OCCCCCCCC/C=C\CC(CCCCCC)OC(=O)OCCC#CCCCC)CC1CCCCN1C)CCCCCC,-0.512917259,0,35.0,16.0,46.5,2.5,10.0,7.012717815456752,2,50,17.145099999999974,0.8208955223880597,130.14,0,12,79,1108.862997912,323.8090000000002,1,1,0,1,0,1,0,0,0,0,0,0,0,0,0,0,1,0,0,0,2,4,12,0.05,1.0
CCCCCCC#CCOC(=O)OC(C/C=C\CCCCCCCCOC(=O)CCN(CCC(=O)OCCCCCCCC/C=C\CC(CCCCCC)OC(=O)OCC#CCCCCCC)CCC1OCCO1)CCCCCC,-0.520599287,0,35.0,16.0,46.5,2.5,10.0,7.027892873820509,1,53,17.203999999999972,0.8208955223880597,145.36,0,13,80,1125.84192812,323.08300000000025,1,1,0,1,0,1,0,0,0,0,0,0,0,0,0,0,1,0,0,0,1,4,12,0.05,1.0
CCC#CCOC(=O)OC(C/C=C\CCCCCCCCOC(=O)CCN(C)CCN(C)C)CCCCCC,-0.521546424,0,35.0,16.0,46.5,2.5,10.0,6.313230967027276,2,24,6.995700000000008,0.8125,68.31,0,7,39,550.434572956,160.7499999999997,1,1,0,1,0,1,0,0,0,0,0,0,0,0,0,0,1,0,0,0,2,2,12,0.05,1.0
CCCCC/C=C\C/C=C\CCCCCCCCOC(=O)OC(C/C=C\CCCCCCCCOC(=O)CCN(CCC(=O)OCCCCCCCC/C=C\CC(CCCCCC)OC(=O)OCCCCCCCC/C=C\C/C=C\CCCCC)CCC1CCCCN1CC(C)C)CCCCCC,-0.523705766,0,35.0,16.0,46.5,2.5,10.0,7.277466776584386,2,75,27.021000000000058,0.8241758241758241,130.14,0,12,103,1445.2385994480003,437.0870000000022,1,1,0,1,0,1,0,0,0,0,0,0,0,0,0,0,1,0,0,0,2,6,18,0.05,1.0
CCC#CCOC(=O)OC(C/C=C\CCCCCCCCOC(=O)CCN1CCC(CCCC2CCN(CCO)CC2)CC1)CCCCCC,-0.523792336,0,35.0,16.0,46.5,2.5,10.0,6.556866420462086,2,27,9.088900000000006,0.8571428571428571,88.54,1,8,50,702.5546880879999,203.96379999999917,1,1,0,1,0,1,0,0,0,0,0,0,0,0,0,0,1,0,0,0,2,2,12,0.05,1.0
CCCCCCC#CCCOC(=O)OC(C/C=C\CCCCCCCCOC(=O)CCN(CCCN(CCC(=O)OCCCCCCCC/C=C\CC(CCCCCC)OC(=O)OCCC#CCCCCCC)CCC(=O)OCCCCCCCC/C=C\CC(CCCCCC)OC(=O)OCCC#CCCCCCC)CCCN(CCC(=O)OCCCCCCCC/C=C\CC(CCCCCC)OC(=O)OCCC#CCCCCCC)CCC(=O)OCCCCCCCC/C=C\CC(CCCCCC)OC(=O)OCCC#CCCCCCC)CCCCCC,-0.524919122,0,35.0,16.0,46.5,2.5,10.0,7.910633898186833,3,138,45.00459999999985,0.8192771084337349,318.86999999999995,0,28,194,2723.1278716839997,797.4740000000031,1,1,0,1,0,1,0,0,0,0,0,0,0,0,0,0,1,0,0,0,3,10,12,0.05,1.0
CCCCC#CCOC(=O)OC(C/C=C\CCCCCCCCOC(=O)CCN1CCN(CCN(C)C)CC1)CCCCCC,-0.529014403,0,35.0,16.0,46.5,2.5,10.0,6.4535604298790235,3,26,7.461700000000009,0.8378378378378378,71.55,0,8,45,633.508072244,185.36699999999936,1,1,0,1,0,1,0,0,0,0,0,0,0,0,0,0,1,0,0,0,3,2,12,0.05,1.0
CCCC#CCOC(=O)OC(C/C=C\CCCCCCCCOC(=O)CCN(CCCN(CCC(=O)OCCCCCCCC/C=C\CC(CCCCCC)OC(=O)OCC#CCCC)CCC(=O)OCCCCCCCC/C=C\CC(CCCCCC)OC(=O)OCC#CCCC)CCC(=O)OCCCCCCCC/C=C\CC(CCCCCC)OC(=O)OCC#CCCC)CCCCCC,-0.534292103,0,35.0,16.0,46.5,2.5,10.0,7.563102456701803,2,92,29.60450000000008,0.7913043478260869,253.7999999999999,0,22,137,1923.4224966079992,554.7610000000024,1,1,0,1,0,1,0,0,0,0,0,0,0,0,0,0,1,0,0,0,2,8,12,0.05,1.0
CCCCC#CCOC(=O)OC(C/C=C\CCCCCCCCOC(=O)CCN1CCCCC1CO)CCCCCC,-0.53455747,0,35.0,16.0,46.5,2.5,10.0,6.38498189750014,1,24,8.12930000000001,0.8285714285714286,85.30000000000001,1,7,42,591.4498886719999,170.2307999999996,1,1,0,1,0,1,0,0,0,0,0,0,0,0,0,0,1,0,0,0,1,2,12,0.05,1.0
CCCCCCCCCCCCCCCCCCOC(=O)OC(C/C=C\CCCCCCCCOC(=O)CCN(CCC(=O)OCCCCCCCC/C=C\CC(CCCCCC)OC(=O)OCCCCCCCCCCCCCCCCCC)CCN1CCCCN(C)CC1)CCCCCC,-0.539716034,0,35.0,16.0,46.5,2.5,10.0,7.274023460320788,3,77,26.044000000000047,0.9101123595505618,133.38000000000002,0,13,102,1440.2807986080002,431.9670000000022,1,1,0,1,0,1,0,0,0,0,0,0,0,0,0,0,1,0,0,0,3,2,18,0.05,1.0
CCCCC/C=C\C/C=C\CCCCCCCCOC(=O)OC(C/C=C\CCCCCCCCOC(=O)CCN1CCN(c2ccccn2)CC1)CCCCCC,-0.542046045,0,35.0,16.0,46.5,2.5,10.0,6.678617548417082,3,36,13.11959999999998,0.7346938775510204,81.2,0,8,57,793.633272756,238.8799999999989,1,1,0,1,0,1,0,0,0,0,0,0,0,0,0,0,1,0,0,0,3,3,18,0.05,1.0
CCCCCC#CCOC(=O)OC(C/C=C\CCCCCCCCOC(=O)CCN(CCC(=O)OCCCCCCCC/C=C\CC(CCCCCC)OC(=O)OCC#CCCCCC)CC(O)CO)CCCCCC,-0.546648532,0,35.0,16.0,46.5,2.5,10.0,6.9787355076991835,1,51,15.013999999999967,0.8095238095238095,167.36,2,13,76,1071.794977928,306.6325999999998,1,1,0,1,0,1,0,0,0,0,0,0,0,0,0,0,1,0,0,0,1,4,12,0.05,1.0
CCCCC#CCCOC(=O)OC(C/C=C\CCCCCCCCOC(=O)CCN(CCCN(CCC(=O)OCCCCCCCC/C=C\CC(CCCCCC)OC(=O)OCCC#CCCCC)CCC(=O)OCCCCCCCC/C=C\CC(CCCCCC)OC(=O)OCCC#CCCCC)CCC(=O)OCCCCCCCC/C=C\CC(CCCCCC)OC(=O)OCCC#CCCCC)CCCCCC,-0.547556016,0,35.0,16.0,46.5,2.5,10.0,7.619737461977542,2,100,32.72530000000008,0.8048780487804879,253.7999999999999,0,22,145,2035.5476971199992,591.6970000000025,1,1,0,1,0,1,0,0,0,0,0,0,0,0,0,0,1,0,0,0,2,8,12,0.05,1.0
CCCC#CCOC(=O)OC(C/C=C\CCCCCCCCOC(=O)CCN(CCC(=O)OCCCCCCCC/C=C\CC(CCCCCC)OC(=O)OCC#CCCC)CCN1CCCCCC1)CCCCCC,-0.549467162,0,35.0,16.0,46.5,2.5,10.0,6.97409342981435,2,47,15.976399999999964,0.8125,130.14,0,12,76,1066.81604772,309.97999999999996,1,1,0,1,0,1,0,0,0,0,0,0,0,0,0,0,1,0,0,0,2,4,12,0.05,1.0
CCCCCCC#CCCOC(=O)OC(C/C=C\CCCCCCCCOC(=O)CCN(CCC(=O)OCCCCCCCC/C=C\CC(CCCCCC)OC(=O)OCCC#CCCCCCC)CC(O)CO)CCCCCC,-0.550562563,0,35.0,16.0,46.5,2.5,10.0,7.029679063227415,1,55,16.574399999999965,0.8208955223880597,167.36,2,13,80,1127.857578184,325.10060000000016,1,1,0,1,0,1,0,0,0,0,0,0,0,0,0,0,1,0,0,0,1,4,12,0.05,1.0
CCCCC#CCCOC(=O)OC(C/C=C\CCCCCCCCOC(=O)CCN(CCCn1ccnc1)CCC(=O)OCCCCCCCC/C=C\CC(CCCCCC)OC(=O)OCCC#CCCCC)CCCCCC,-0.554047404,0,35.0,16.0,46.5,2.5,10.0,7.009973362367465,3,52,16.947599999999973,0.7727272727272727,144.72,0,13,79,1105.826946752,320.3840000000002,1,1,0,1,0,1,0,0,0,0,0,0,0,0,0,0,1,0,0,0,2,4,12,0.05,1.0
CCCCC#CCCOC(=O)OC(C/C=C\CCCCCCCCOC(=O)CCN(C)CCCN(CCC(=O)OCCCCCCCC/C=C\CC(CCCCCC)OC(=O)OCCC#CCCCC)CCC(=O)OCCCCCCCC/C=C\CC(CCCCCC)OC(=O)OCCC#CCCCC)CCCCCC,-0.563430702,0,35.0,16.0,46.5,2.5,10.0,7.35329266064001,2,76,24.668900000000036,0.8085106382978723,191.9699999999999,0,17,111,1559.1975224839998,454.2040000000022,1,1,0,1,0,1,0,0,0,0,0,0,0,0,0,0,1,0,0,0,2,6,12,0.05,1.0
CCCCC/C=C\C/C=C\CCCCCCCCOC(=O)OC(C/C=C\CCCCCCCCOC(=O)CCN1CCN=C1C)CCCCCC,-0.568900572,0,35.0,16.0,46.5,2.5,10.0,6.5738435614322706,2,35,12.636399999999982,0.7954545454545454,77.43,0,7,51,714.591073596,215.53899999999905,1,1,0,1,0,1,0,0,0,0,0,0,0,0,0,0,1,0,0,0,1,3,18,0.05,1.0
CCCCC#CCCOC(=O)OC(C/C=C\CCCCCCCCOC(=O)CCN(C)CCN(C)CCC(=O)OCCCCCCCC/C=C\CC(CCCCCC)OC(=O)OCCC#CCCCC)CCCCCC,-0.571658324,0,35.0,16.0,46.5,2.5,10.0,6.975978254174979,2,51,16.22239999999997,0.8125,130.14,0,12,76,1068.831697784,312.094,1,1,0,1,0,1,0,0,0,0,0,0,0,0,0,0,1,0,0,0,2,4,12,0.05,1.0
CCC#CCOC(=O)OC(C/C=C\CCCCCCCCOC(=O)CCN1CCC(CCO)CC1)CCCCCC,-0.572039912,0,35.0,16.0,46.5,2.5,10.0,6.361038193948492,1,23,7.59670000000001,0.8235294117647058,85.30000000000001,1,7,41,577.4342386079999,165.56579999999963,1,1,0,1,0,1,0,0,0,0,0,0,0,0,0,0,1,0,0,0,1,2,12,0.05,1.0
CCCCC#CCOC(=O)OC(C/C=C\CCCCCCCCOC(=O)CCN1CCN(CCCN(C)C)CC1)CCCCCC,-0.580412992,0,35.0,16.0,46.5,2.5,10.0,6.475411144822728,3,27,7.85180000000001,0.8421052631578947,71.55,0,8,46,647.523722308,189.98399999999933,1,1,0,1,0,1,0,0,0,0,0,0,0,0,0,0,1,0,0,0,3,2,12,0.05,1.0
CCCCCCC#CCCOC(=O)OC(C/C=C\CCCCCCCCOC(=O)CCN(CCC(=O)OCCCCCCCC/C=C\CC(CCCCCC)OC(=O)OCCC#CCCCCCC)CCN1CCCC1)CCCCCC,-0.580704258,0,35.0,16.0,46.5,2.5,10.0,7.049905671086814,2,55,18.316999999999982,0.8285714285714286,130.14,0,12,82,1150.909948104,337.68200000000047,1,1,0,1,0,1,0,0,0,0,0,0,0,0,0,0,1,0,0,0,2,4,12,0.05,1.0
CCCCCCC#CCCOC(=O)OC(C/C=C\CCCCCCCCOC(=O)CCN(CCCN(C)C)CCC(=O)OCCCCCCCC/C=C\CC(CCCCCC)OC(=O)OCCC#CCCCCCC)CCCCCC,-0.587352649,0,35.0,16.0,46.5,2.5,10.0,7.039431576982146,2,56,18.172899999999984,0.8260869565217391,130.14,0,12,81,1138.909948104,335.17900000000037,1,1,0,1,0,1,0,0,0,0,0,0,0,0,0,0,1,0,0,0,2,4,12,0.05,1.0
CCCCCCC#CCOC(=O)OC(C/C=C\CCCCCCCCOC(=O)CCN(C)CCCN(CCC(=O)OCCCCCCCC/C=C\CC(CCCCCC)OC(=O)OCC#CCCCCCC)CCC(=O)OCCCCCCCC/C=C\CC(CCCCCC)OC(=O)OCC#CCCCCCC)CCCCCC,-0.590512448,0,35.0,16.0,46.5,2.5,10.0,7.379887890336315,2,79,25.839200000000044,0.8144329896907216,191.9699999999999,0,17,114,1601.2444726759998,468.0550000000022,1,1,0,1,0,1,0,0,0,0,0,0,0,0,0,0,1,0,0,0,2,6,12,0.05,1.0
CCCCCCC#CCCOC(=O)OC(C/C=C\CCCCCCCCOC(=O)CCN(CCC(=O)OCCCCCCCC/C=C\CC(CCCCCC)OC(=O)OCCC#CCCCCCC)CCN1CCCCC1)CCCCCC,-0.591206349,0,35.0,16.0,46.5,2.5,10.0,7.06200052576637,2,55,18.707099999999983,0.8309859154929577,130.14,0,12,83,1164.925598168,342.29900000000055,1,1,0,1,0,1,0,0,0,0,0,0,0,0,0,0,1,0,0,0,2,4,12,0.05,1.0
CCC#CCOC(=O)OC(C/C=C\CCCCCCCCOC(=O)CCN1CCC(N2CCN(CC)CC2)CC1)CCCCCC,-0.59200057,0,35.0,16.0,46.5,2.5,10.0,6.472299925574255,3,23,7.604200000000009,0.8421052631578947,71.55,0,8,46,645.508072244,187.84799999999933,1,1,0,1,0,1,0,0,0,0,0,0,0,0,0,0,1,0,0,0,3,2,12,0.05,1.0
CCCC#CCOC(=O)OC(C/C=C\CCCCCCCCOC(=O)CCN(CCC(=O)OCCCCCCCC/C=C\CC(CCCCCC)OC(=O)OCC#CCCC)CC(OCC)OCC)CCCCCC,-0.599105646,0,35.0,16.0,46.5,2.5,10.0,6.965583523990645,1,50,15.499499999999967,0.8064516129032258,145.36,0,13,75,1057.779327864,302.11199999999985,1,1,0,1,0,1,0,0,0,0,0,0,0,0,0,0,1,0,0,0,1,4,12,0.05,1.0
CCCCC/C=C\C/C=C\CCCCCCCCOC(=O)OC(C/C=C\CCCCCCCCOC(=O)CCN1CCN(CCOCCO)CC1)CCCCCC,-0.599408117,0,35.0,16.0,46.5,2.5,10.0,6.692380224606056,2,40,11.52889999999999,0.8333333333333334,97.77,1,9,57,804.659153156,236.7747999999989,1,1,0,1,0,1,0,0,0,0,0,0,0,0,0,0,1,0,0,0,2,3,18,0.05,1.0
CCCCCC#CCOC(=O)OC(C/C=C\CCCCCCCCOC(=O)CCN1CCN(CCN(C)C)CC1)CCCCCC,-0.600114599,0,35.0,16.0,46.5,2.5,10.0,6.475411144822728,3,27,7.85180000000001,0.8421052631578947,71.55,0,8,46,647.523722308,189.9839999999993,1,1,0,1,0,1,0,0,0,0,0,0,0,0,0,0,1,0,0,0,3,2,12,0.05,1.0
CCCCC#CCCOC(=O)OC(C/C=C\CCCCCCCCOC(=O)CCN(CCC(=O)OCCCCCCCC/C=C\CC(CCCCCC)OC(=O)OCCC#CCCCC)CCN1CCCCC1)CCCCCC,-0.600619848,0,35.0,16.0,46.5,2.5,10.0,7.012717815456752,2,51,17.146699999999974,0.8208955223880597,130.14,0,12,79,1108.862997912,323.8310000000002,1,1,0,1,0,1,0,0,0,0,0,0,0,0,0,0,1,0,0,0,2,4,12,0.05,1.0
CCCCC/C=C\C/C=C\CCCCCCCCOC(=O)OC(C/C=C\CCCCCCCCOC(=O)CCN1CCCCC1CCO)CCCCCC,-0.601328061,0,35.0,16.0,46.5,2.5,10.0,6.634893507988169,1,37,13.139299999999976,0.8297872340425532,85.30000000000001,1,7,54,759.63768944,226.90479999999897,1,1,0,1,0,1,0,0,0,0,0,0,0,0,0,0,1,0,0,0,1,3,18,0.05,1.0
CCCCC#CCCOC(=O)OC(C/C=C\CCCCCCCCOC(=O)CCN(C)CCCN(C)CCC(=O)OCCCCCCCC/C=C\CC(CCCCCC)OC(=O)OCCC#CCCCC)CCCCCC,-0.604680488,0,35.0,16.0,46.5,2.5,10.0,6.9889951159642045,2,52,16.61249999999997,0.8153846153846154,130.14,0,12,77,1082.847347848,316.71100000000007,1,1,0,1,0,1,0,0,0,0,0,0,0,0,0,0,1,0,0,0,2,4,12,0.05,1.0
CCCCCCCC/C=C\CCCCCCCCOC(=O)OC(C/C=C\CCCCCCCCOC(=O)CCN1CCN(c2ccccn2)CC1)CCCCCC,-0.605394535,0,35.0,16.0,46.5,2.5,10.0,6.681149491037721,3,37,13.343599999999975,0.7755102040816326,81.2,0,8,57,795.6489228199999,238.97399999999888,1,1,0,1,0,1,0,0,0,0,0,0,0,0,0,0,1,0,0,0,3,2,18,0.05,1.0
CCC#CCOC(=O)OC(C/C=C\CCCCCCCCOC(=O)CCN(C)CCCN(C)CCCN(C)CCC(=O)OCCCCCCCC/C=C\CC(CCCCCC)OC(=O)OCC#CCC)CCCCCC,-0.607747963,0,35.0,16.0,46.5,2.5,10.0,6.976900672170395,3,50,14.593799999999971,0.8095238095238095,133.38,0,13,76,1069.826946752,311.123,1,1,0,1,0,1,0,0,0,0,0,0,0,0,0,0,1,0,0,0,3,4,12,0.05,1.0
CCCCCCC#CCOC(=O)OC(C/C=C\CCCCCCCCOC(=O)CCN(CCCN1CCCCC1)CCC(=O)OCCCCCCCC/C=C\CC(CCCCCC)OC(=O)OCC#CCCCCCC)CCCCCC,-0.60898029,0,35.0,16.0,46.5,2.5,10.0,7.049905671086814,2,54,18.316999999999982,0.8285714285714286,130.14,0,12,82,1150.909948104,337.68200000000047,1,1,0,1,0,1,0,0,0,0,0,0,0,0,0,0,1,0,0,0,2,4,12,0.05,1.0
CCCCCC#CCOC(=O)OC(C/C=C\CCCCCCCCOC(=O)CCN1CCN(CCN2CCCC2)CC1)CCCCCC,-0.61331774,0,35.0,16.0,46.5,2.5,10.0,6.514748245796001,3,27,8.386000000000008,0.85,71.55,0,8,48,673.539372372,197.1039999999992,1,1,0,1,0,1,0,0,0,0,0,0,0,0,0,0,1,0,0,0,3,2,12,0.05,1.0
CCCCCCC#CCCOC(=O)OC(C/C=C\CCCCCCCCOC(=O)CCN(C)CCN(C)CCC(=O)OCCCCCCCC/C=C\CC(CCCCCC)OC(=O)OCCC#CCCCCCC)CCCCCC,-0.616648141,0,35.0,16.0,46.5,2.5,10.0,7.02705893568587,2,55,17.78279999999998,0.8235294117647058,130.14,0,12,80,1124.8942980400002,330.5620000000003,1,1,0,1,0,1,0,0,0,0,0,0,0,0,0,0,1,0,0,0,2,4,12,0.05,1.0
CCCCCCC#CCCOC(=O)OC(C/C=C\CCCCCCCCOC(=O)CCN(CCCN(CC)CC)CCC(=O)OCCCCCCCC/C=C\CC(CCCCCC)OC(=O)OCCC#CCCCCCC)CCCCCC,-0.618321777,0,35.0,16.0,46.5,2.5,10.0,7.0637268713699575,2,58,18.95309999999999,0.8309859154929577,130.14,0,12,83,1166.941248232,344.4130000000006,1,1,0,1,0,1,0,0,0,0,0,0,0,0,0,0,1,0,0,0,2,4,12,0.05,1.0
CCCCCCC#CCOC(=O)OC(C/C=C\CCCCCCCCOC(=O)CCN(CCC(=O)OCCCCCCCC/C=C\CC(CCCCCC)OC(=O)OCC#CCCCCCC)CC1OCCO1)CCCCCC,-0.620001085,0,35.0,16.0,46.5,2.5,10.0,7.015375739040807,1,52,16.813899999999972,0.8181818181818182,145.36,0,13,79,1111.826278056,318.4660000000002,1,1,0,1,0,1,0,0,0,0,0,0,0,0,0,0,1,0,0,0,1,4,12,0.05,1.0
CCCCC#CCCOC(=O)OC(C/C=C\CCCCCCCCOC(=O)CCN1CCN(CCC(=O)OCCCCCCCC/C=C\CC(CCCCCC)OC(=O)OCCC#CCCCC)CCN(CCC(=O)OCCCCCCCC/C=C\CC(CCCCCC)OC(=O)OCCC#CCCCC)CC1)CCCCCC,-0.625285917,0,35.0,16.0,46.5,2.5,10.0,7.379246551138241,3,72,23.964600000000033,0.8125,195.20999999999995,0,18,114,1600.22407158,464.9700000000022,1,1,0,1,0,1,0,0,0,0,0,0,0,0,0,0,1,0,0,0,3,6,12,0.05,1.0
CCCCCCCC/C=C\CCCCCCCCOC(=O)OC(C/C=C\CCCCCCCCOC(=O)CCN1CCCCC1CCO)CCCCCC,-0.626243204,0,35.0,16.0,46.5,2.5,10.0,6.637538463781344,1,38,13.363299999999976,0.8723404255319149,85.30000000000001,1,7,54,761.6533395040001,226.99879999999897,1,1,0,1,0,1,0,0,0,0,0,0,0,0,0,0,1,0,0,0,1,2,18,0.05,1.0
CCCC#CCOC(=O)OC(C/C=C\CCCCCCCCOC(=O)CCN(CCC(=O)OCCCCCCCC/C=C\CC(CCCCCC)OC(=O)OCC#CCCC)CCc1ccccn1)CCCCCC,-0.63256498,0,35.0,16.0,46.5,2.5,10.0,6.95512824892987,2,47,15.738099999999966,0.7301587301587301,139.79000000000002,0,12,75,1046.753447464,303.0129999999999,1,1,0,1,0,1,0,0,0,0,0,0,0,0,0,0,1,0,0,0,2,4,12,0.05,1.0
CCCCC#CCCOC(=O)OC(C/C=C\CCCCCCCCOC(=O)CCN(CCC(=O)OCCCCCCCC/C=C\CC(CCCCCC)OC(=O)OCCC#CCCCC)CCN(C)C)CCCCCC,-0.635810648,0,35.0,16.0,46.5,2.5,10.0,6.975978254174979,2,51,16.222399999999965,0.8125,130.14,0,12,76,1068.831697784,312.094,1,1,0,1,0,1,0,0,0,0,0,0,0,0,0,0,1,0,0,0,2,4,12,0.05,1.0
CCCCCCC#CCOC(=O)OC(C/C=C\CCCCCCCCOC(=O)CCN1CCN(CC2CCN(C)CC2)CC1)CCCCCC,-0.638095336,0,35.0,16.0,46.5,2.5,10.0,6.555467838714151,3,27,9.022100000000004,0.8571428571428571,71.55,0,8,50,701.5706725,206.2679999999991,1,1,0,1,0,1,0,0,0,0,0,0,0,0,0,0,1,0,0,0,3,2,12,0.05,1.0
CCCCCCCCCCCCCCCCCCOC(=O)OC(C/C=C\CCCCCCCCOC(=O)CCN(C)CCCN(CCC(=O)OCCCCCCCC/C=C\CC(CCCCCC)OC(=O)OCCCCCCCCCCCCCCCCCC)CCC(=O)OCCCCCCCC/C=C\CC(CCCCCC)OC(=O)OCCCCCCCCCCCCCCCCCC)CCCCCC,-0.640829011,0,35.0,16.0,46.5,2.5,10.0,7.598015797138281,2,115,38.70229999999997,0.9032258064516128,191.9699999999999,0,17,141,1991.7609247879996,597.0880000000028,1,1,0,1,0,1,0,0,0,0,0,0,0,0,0,0,1,0,0,0,2,3,18,0.05,1.0
CCCCC#CCCOC(=O)OC(C/C=C\CCCCCCCCOC(=O)CCN(C)CCO)CCCCCC,-0.642146553,0,35.0,16.0,46.5,2.5,10.0,6.340070020266752,1,26,7.59670000000001,0.8181818181818182,85.30000000000001,1,7,40,565.4342386079999,163.1327999999997,1,1,0,1,0,1,0,0,0,0,0,0,0,0,0,0,1,0,0,0,1,2,12,0.05,1.0
CCCCC#CCCOC(=O)OC(C/C=C\CCCCCCCCOC(=O)CCN1CCN(CC2CCN(C)CC2)CC1)CCCCCC,-0.645566511,0,35.0,16.0,46.5,2.5,10.0,6.535315288593593,3,26,8.632000000000007,0.8536585365853658,71.55,0,8,49,687.555022436,201.65099999999916,1,1,0,1,0,1,0,0,0,0,0,0,0,0,0,0,1,0,0,0,3,2,12,0.05,1.0
CCCC#CCOC(=O)OC(C/C=C\CCCCCCCCOC(=O)CCN1CCCCC1CO)CCCCCC,-0.649791184,0,35.0,16.0,46.5,2.5,10.0,6.361038193948492,1,23,7.73920000000001,0.8235294117647058,85.30000000000001,1,7,41,577.4342386079999,165.61379999999966,1,1,0,1,0,1,0,0,0,0,0,0,0,0,0,0,1,0,0,0,1,2,12,0.05,1.0
CCCCCCCCCCCCCCCCCCOC(=O)OC(C/C=C\CCCCCCCCOC(=O)CCN1CCCCC1CCO)CCCCCC,-0.654615592,0,35.0,16.0,46.5,2.5,10.0,6.640176442234071,1,39,13.587299999999974,0.9148936170212766,85.30000000000001,1,7,54,763.668989568,227.09279999999896,1,1,0,1,0,1,0,0,0,0,0,0,0,0,0,0,1,0,0,0,1,1,18,0.05,1.0
CCCCC#CCCOC(=O)OC(C/C=C\CCCCCCCCOC(=O)CCN(CCCCCO)CCC(=O)OCCCCCCCC/C=C\CC(CCCCCC)OC(=O)OCCC#CCCCC)CCCCCC,-0.654615592,0,35.0,16.0,46.5,2.5,10.0,6.9899019256691215,1,53,16.82339999999997,0.8153846153846154,147.13,1,12,77,1083.831363436,314.4768,1,1,0,1,0,1,0,0,0,0,0,0,0,0,0,0,1,0,0,0,1,4,12,0.05,1.0
CCC#CCOC(=O)OC(C/C=C\CCCCCCCCOC(=O)CCN(CCC(=O)OCCCCCCCC/C=C\CC(CCCCCC)OC(=O)OCC#CCC)CCN1CCN(C)CC1)CCCCCC,-0.659145989,0,35.0,16.0,46.5,2.5,10.0,6.94843838385767,3,45,13.56759999999998,0.8032786885245902,133.38000000000002,0,13,74,1039.77999656,299.7749999999997,1,1,0,1,0,1,0,0,0,0,0,0,0,0,0,0,1,0,0,0,3,4,12,0.05,1.0
CCCCC/C=C\C/C=C\CCCCCCCCOC(=O)OC(C/C=C\CCCCCCCCOC(=O)CCN(CCC(=O)OCCCCCCCC/C=C\CC(CCCCCC)OC(=O)OCCCCCCCC/C=C\C/C=C\CCCCC)CCC1CCCCN1C(C)C)CCCCCC,-0.667869582,0,35.0,16.0,46.5,2.5,10.0,7.267727779998391,2,74,26.773400000000052,0.8222222222222222,130.14,0,12,102,1431.2229493840002,432.5180000000022,1,1,0,1,0,1,0,0,0,0,0,0,0,0,0,0,1,0,0,0,2,6,18,0.05,1.0
CCCCCC#CCOC(=O)OC(C/C=C\CCCCCCCCOC(=O)CCN(C)CCCN(CCC(=O)OCCCCCCCC/C=C\CC(CCCCCC)OC(=O)OCC#CCCCCC)CCC(=O)OCCCCCCCC/C=C\CC(CCCCCC)OC(=O)OCC#CCCCCC)CCCCCC,-0.669377284,0,35.0,16.0,46.5,2.5,10.0,7.35329266064001,2,76,24.668900000000036,0.8085106382978723,191.9699999999999,0,17,111,1559.1975224839998,454.2040000000022,1,1,0,1,0,1,0,0,0,0,0,0,0,0,0,0,1,0,0,0,2,6,12,0.05,1.0
CCCCC#CCOC(=O)OC(C/C=C\CCCCCCCCOC(=O)CCN(CCC(=O)OCCCCCCCC/C=C\CC(CCCCCC)OC(=O)OCC#CCCCC)CCN1CCCCCC1)CCCCCC,-0.671355843,0,35.0,16.0,46.5,2.5,10.0,7.000008062437133,2,49,16.75659999999997,0.8181818181818182,130.14,0,12,78,1094.8473478479998,319.2140000000001,1,1,0,1,0,1,0,0,0,0,0,0,0,0,0,0,1,0,0,0,2,4,12,0.05,1.0
CCCCC#CCOC(=O)OC(C/C=C\CCCCCCCCOC(=O)CCN(CCC(=O)OCCCCCCCC/C=C\CC(CCCCCC)OC(=O)OCC#CCCCC)CCN1CCN(C)CC1)CCCCCC,-0.686993728,0,35.0,16.0,46.5,2.5,10.0,7.000908588959613,3,49,15.127999999999972,0.8153846153846154,133.38000000000002,0,13,78,1095.842596816,318.2430000000001,1,1,0,1,0,1,0,0,0,0,0,0,0,0,0,0,1,0,0,0,3,4,12,0.05,1.0
CCCCCCC#CCCOC(=O)OC(C/C=C\CCCCCCCCOC(=O)CCN(CCC(=O)OCCCCCCCC/C=C\CC(CCCCCC)OC(=O)OCCC#CCCCCCC)CC(OC)OC)CCCCCC,-0.694146264,0,35.0,16.0,46.5,2.5,10.0,7.0420195280017985,1,56,17.84009999999998,0.8235294117647058,145.36,0,13,81,1141.873228248,329.81400000000036,1,1,0,1,0,1,0,0,0,0,0,0,0,0,0,0,1,0,0,0,1,4,12,0.05,1.0
CCC#CCOC(=O)OC(C/C=C\CCCCCCCCOC(=O)CCN(CCO)CCC(=O)OCCCCCCCC/C=C\CC(CCCCCC)OC(=O)OCC#CCC)CCCCCC,-0.696349113,0,35.0,16.0,46.5,2.5,10.0,6.866278903734841,1,44,13.31249999999998,0.7857142857142857,147.13,1,12,68,957.69051286,272.92379999999923,1,1,0,1,0,1,0,0,0,0,0,0,0,0,0,0,1,0,0,0,1,4,12,0.05,1.0
CCC#CCOC(=O)OC(C/C=C\CCCCCCCCOC(=O)CCN1CCC(CO)CC1)CCCCCC,-0.701155824,0,35.0,16.0,46.5,2.5,10.0,6.336507096316959,1,22,7.20660000000001,0.8181818181818182,85.30000000000001,1,7,40,563.4185885439999,160.94879999999972,1,1,0,1,0,1,0,0,0,0,0,0,0,0,0,0,1,0,0,0,1,2,12,0.05,1.0
CCCCCC#CCOC(=O)OC(C/C=C\CCCCCCCCOC(=O)CCN(CCC(=O)OCCCCCCCC/C=C\CC(CCCCCC)OC(=O)OCC#CCCCCC)CCN1CCN(C)CC1)CCCCCC,-0.701651468,0,35.0,16.0,46.5,2.5,10.0,7.026146129881404,3,51,15.908199999999963,0.8208955223880597,133.38000000000002,0,13,80,1123.873896944,327.47700000000026,1,1,0,1,0,1,0,0,0,0,0,0,0,0,0,0,1,0,0,0,3,4,12,0.05,1.0
CCCC#CCOC(=O)OC(C/C=C\CCCCCCCCOC(=O)CCN(CCC(=O)OCCCCCCCC/C=C\CC(CCCCCC)OC(=O)OCC#CCCC)CCc1ccncc1)CCCCCC,-0.704261763,0,35.0,16.0,46.5,2.5,10.0,6.95512824892987,2,47,15.738099999999966,0.7301587301587301,139.79000000000002,0,12,75,1046.753447464,303.0129999999999,1,1,0,1,0,1,0,0,0,0,0,0,0,0,0,0,1,0,0,0,2,4,12,0.05,1.0
CCCCCCC#CCCOC(=O)OC(C/C=C\CCCCCCCCOC(=O)CCN(CCC(=O)OCCCCCCCC/C=C\CC(CCCCCC)OC(=O)OCCC#CCCCCCC)CCN(C)C)CCCCCC,-0.707889217,0,35.0,16.0,46.5,2.5,10.0,7.02705893568587,2,55,17.78279999999998,0.8235294117647058,130.14,0,12,80,1124.89429804,330.5620000000003,1,1,0,1,0,1,0,0,0,0,0,0,0,0,0,0,1,0,0,0,2,4,12,0.05,1.0
CCCCC#CCCOC(=O)OC(C/C=C\CCCCCCCCOC(=O)CCN(CCC(=O)OCCCCCCCC/C=C\CC(CCCCCC)OC(=O)OCCC#CCCCC)CCC1OCCO1)CCCCCC,-0.709020401,0,35.0,16.0,46.5,2.5,10.0,7.00269993744622,1,51,16.423799999999968,0.8153846153846154,145.36,0,13,78,1097.810627992,313.8490000000001,1,1,0,1,0,1,0,0,0,0,0,0,0,0,0,0,1,0,0,0,1,4,12,0.05,1.0
CCCC#CCOC(=O)OC(C/C=C\CCCCCCCCOC(=O)CCN(CCC(=O)OCCCCCCCC/C=C\CC(CCCCCC)OC(=O)OCC#CCCC)CC1CCCCN1C)CCCCCC,-0.723058821,0,35.0,16.0,46.5,2.5,10.0,6.960879845566741,2,46,15.584699999999968,0.8095238095238095,130.14,0,12,75,1052.800397656,305.34099999999984,1,1,0,1,0,1,0,0,0,0,0,0,0,0,0,0,1,0,0,0,2,4,12,0.05,1.0
CCCCCCCC/C=C\CCCCCCCCOC(=O)OC(C/C=C\CCCCCCCCOC(=O)CCN(CCO)CCC(=O)OCCCCCCCC/C=C\CC(CCCCCC)OC(=O)OCCCCCCCC/C=C\CCCCCCCC)CCCCCC,-0.725914883,0,35.0,16.0,46.5,2.5,10.0,7.191509146128098,1,74,24.56070000000003,0.8536585365853658,147.13,1,12,94,1326.128714652,395.6938000000015,1,1,0,1,0,1,0,0,0,0,0,0,0,0,0,0,1,0,0,0,1,4,18,0.05,1.0
CCCCC#CCCOC(=O)OC(C/C=C\CCCCCCCCOC(=O)CCN(CCCN1CCOCC1)CCC(=O)OCCCCCCCC/C=C\CC(CCCCCC)OC(=O)OCCC#CCCCC)CCCCCC,-0.725914883,0,35.0,16.0,46.5,2.5,10.0,7.027019883240206,2,52,16.38309999999997,0.8208955223880597,139.37,0,13,80,1124.857912532,325.4160000000003,1,1,0,1,0,1,0,0,0,0,0,0,0,0,0,0,1,0,0,0,2,4,12,0.05,1.0
CCCC#CCOC(=O)OC(C/C=C\CCCCCCCCOC(=O)CCN(CCCN1CCCCCC1)CCC(=O)OCCCCCCCC/C=C\CC(CCCCCC)OC(=O)OCC#CCCC)CCCCCC,-0.726175343,0,35.0,16.0,46.5,2.5,10.0,6.987134689799865,2,48,16.366499999999967,0.8153846153846154,130.14,0,12,77,1080.8316977840002,314.59700000000004,1,1,0,1,0,1,0,0,0,0,0,0,0,0,0,0,1,0,0,0,2,4,12,0.05,1.0
CCCCCCC#CCCOC(=O)OC(C/C=C\CCCCCCCCOC(=O)CCN(CCO)CCC(=O)OCCCCCCCC/C=C\CC(CCCCCC)OC(=O)OCCC#CCCCCCC)CCCCCC,-0.740313472,0,35.0,16.0,46.5,2.5,10.0,7.002739951269183,1,54,17.21349999999997,0.8181818181818182,147.13,1,12,78,1097.8470135,319.0938000000001,1,1,0,1,0,1,0,0,0,0,0,0,0,0,0,0,1,0,0,0,1,4,12,0.05,1.0
CCC#CCOC(=O)OC(C/C=C\CCCCCCCCOC(=O)CCN(C)CCO)CCCCCC,-0.75376395,0,35.0,16.0,46.5,2.5,10.0,6.262931487002181,1,23,6.426400000000008,0.8,85.30000000000001,1,7,37,523.3872884159999,149.28179999999986,1,1,0,1,0,1,0,0,0,0,0,0,0,0,0,0,1,0,0,0,1,2,12,0.05,1.0
CCC#CCOC(=O)OC(C/C=C\CCCCCCCCOC(=O)CCN1CCCCC1CO)CCCCCC,-0.756110818,0,35.0,16.0,46.5,2.5,10.0,6.336507096316959,1,22,7.34910000000001,0.8181818181818182,85.30000000000001,1,7,40,563.4185885439999,160.9967999999997,1,1,0,1,0,1,0,0,0,0,0,0,0,0,0,0,1,0,0,0,1,2,12,0.05,1.0
CCC#CCOC(=O)OC(C/C=C\CCCCCCCCOC(=O)CCN(CCC(=O)OCCCCCCCC/C=C\CC(CCCCCC)OC(=O)OCC#CCC)CCc1ccccn1)CCCCCC,-0.758190858,0,35.0,16.0,46.5,2.5,10.0,6.92800780505868,2,45,14.95789999999997,0.7213114754098361,139.79000000000002,0,12,73,1018.722147336,293.7789999999997,1,1,0,1,0,1,0,0,0,0,0,0,0,0,0,0,1,0,0,0,2,4,12,0.05,1.0
CCCCCCC#CCCOC(=O)OC(C/C=C\CCCCCCCCOC(=O)CCN1CCC1c1ccccc1)CCCCCC,-0.762237203,0,35.0,16.0,46.5,2.5,10.0,6.481535780795255,1,27,10.899799999999992,0.7073170731707317,65.07000000000001,0,6,47,651.48627418,193.1569999999992,1,1,0,1,0,1,0,0,0,0,0,0,0,0,0,0,1,0,0,0,1,2,12,0.05,1.0
CCCCCCC#CCOC(=O)OC(C/C=C\CCCCCCCCOC(=O)CCN(CCC(=O)OCCCCCCCC/C=C\CC(CCCCCC)OC(=O)OCC#CCCCCCC)CC(OC)OC)CCCCCC,-0.765893275,0,35.0,16.0,46.5,2.5,10.0,7.0171844066018565,1,54,17.059899999999974,0.8181818181818182,145.36,0,13,79,1113.84192812,320.5800000000002,1,1,0,1,0,1,0,0,0,0,0,0,0,0,0,0,1,0,0,0,1,4,12,0.05,1.0
CCCCCCCC/C=C\CCCCCCCCOC(=O)OC(C/C=C\CCCCCCCCOC(=O)CCN(C)CCO)CCCCCC,-0.767448234,0,35.0,16.0,46.5,2.5,10.0,6.564027585071944,1,38,12.050499999999984,0.8604651162790697,85.30000000000001,1,7,50,707.606389312,210.6667999999991,1,1,0,1,0,1,0,0,0,0,0,0,0,0,0,0,1,0,0,0,1,2,18,0.05,1.0
CCC#CCOC(=O)OC(C/C=C\CCCCCCCCOC(=O)CCN1CCN(CCOCCO)CC1)CCCCCC,-0.770715371,0,35.0,16.0,46.5,2.5,10.0,6.435970865080189,2,26,6.128800000000007,0.8285714285714286,97.77,1,9,44,622.455702324,175.48379999999952,1,1,0,1,0,1,0,0,0,0,0,0,0,0,0,0,1,0,0,0,2,2,12,0.05,1.0
CCCCC#CCCOC(=O)OC(C/C=C\CCCCCCCCOC(=O)CCN(CCC(=O)OCCCCCCCC/C=C\CC(CCCCCC)OC(=O)OCCC#CCCCC)CCN1CCOCC1)CCCCCC,-0.771856836,0,35.0,16.0,46.5,2.5,10.0,7.014491747582394,2,51,15.992999999999968,0.8181818181818182,139.37,0,13,79,1110.842262468,320.7990000000002,1,1,0,1,0,1,0,0,0,0,0,0,0,0,0,0,1,0,0,0,2,4,12,0.05,1.0
CCCCCCC#CCOC(=O)OC(C/C=C\CCCCCCCCOC(=O)CCN(CCC(=O)OCCCCCCCC/C=C\CC(CCCCCC)OC(=O)OCC#CCCCCCC)CC1CCCCN1C)CCCCCC,-0.771999704,0,35.0,16.0,46.5,2.5,10.0,7.037662738084514,2,52,17.92529999999998,0.8260869565217391,130.14,0,12,81,1136.89429804,333.04300000000035,1,1,0,1,0,1,0,0,0,0,0,0,0,0,0,0,1,0,0,0,2,4,12,0.05,1.0
CCCCC/C=C\C/C=C\CCCCCCCCOC(=O)OC(C/C=C\CCCCCCCCOC(=O)CCN(CCC(=O)OCCCCCCCC/C=C\CC(CCCCCC)OC(=O)OCCCCCCCC/C=C\C/C=C\CCCCC)CC(O)CO)CCCCCC,-0.772285564,0,35.0,16.0,46.5,2.5,10.0,7.210892305988778,1,73,23.473600000000022,0.8072289156626506,167.36,2,13,96,1352.1079792080002,401.51260000000167,1,1,0,1,0,1,0,0,0,0,0,0,0,0,0,0,1,0,0,0,1,6,18,0.05,1.0
CCCCCCC#CCCOC(=O)OC(C/C=C\CCCCCCCCOC(=O)CCN(CCCCCO)CCC(=O)OCCCCCCCC/C=C\CC(CCCCCC)OC(=O)OCCC#CCCCCCC)CCCCCC,-0.77357398,0,35.0,16.0,46.5,2.5,10.0,7.04029380387658,1,57,18.383799999999983,0.8260869565217391,147.13,1,12,81,1139.8939636920002,332.9448000000003,1,1,0,1,0,1,0,0,0,0,0,0,0,0,0,0,1,0,0,0,1,4,12,0.05,1.0
CCCCC#CCCOC(=O)OC(C/C=C\CCCCCCCCOC(=O)CCN(CCC(=O)OCCCCCCCC/C=C\CC(CCCCCC)OC(=O)OCCC#CCCCC)CCN(CC)CC)CCCCCC,-0.775153273,0,35.0,16.0,46.5,2.5,10.0,7.001844713980624,2,53,17.002599999999973,0.8181818181818182,130.14,0,12,78,1096.862997912,321.32800000000015,1,1,0,1,0,1,0,0,0,0,0,0,0,0,0,0,1,0,0,0,2,4,12,0.05,1.0
CCCCC#CCCOC(=O)OC(C/C=C\CCCCCCCCOC(=O)CCN1CCCCC1CCO)CCCCCC,-0.787824671,0,35.0,16.0,46.5,2.5,10.0,6.431215133182697,1,26,8.909500000000007,0.8378378378378378,85.30000000000001,1,7,44,619.4811887999999,179.46479999999949,1,1,0,1,0,1,0,0,0,0,0,0,0,0,0,0,1,0,0,0,1,2,12,0.05,1.0
CCCC#CCOC(=O)OC(C/C=C\CCCCCCCCOC(=O)CCN(CCC(=O)OCCCCCCCC/C=C\CC(CCCCCC)OC(=O)OCC#CCCC)CCN1CCC(C)CC1)CCCCCC,-0.787972219,0,35.0,16.0,46.5,2.5,10.0,6.974093429814351,2,47,15.832299999999966,0.8125,130.14,0,12,76,1066.81604772,309.90999999999997,1,1,0,1,0,1,0,0,0,0,0,0,0,0,0,0,1,0,0,0,2,4,12,0.05,1.0
CCCCC#CCOC(=O)OC(C/C=C\CCCCCCCCOC(=O)CCN(CCC(=O)OCCCCCCCC/C=C\CC(CCCCCC)OC(=O)OCC#CCCCC)CC(O)CO)CCCCCC,-0.788267449,0,35.0,16.0,46.5,2.5,10.0,6.952256257733138,1,49,14.233799999999972,0.8032786885245902,167.36,2,13,74,1043.7636778,297.39859999999965,1,1,0,1,0,1,0,0,0,0,0,0,0,0,0,0,1,0,0,0,1,4,12,0.05,1.0
CCCCCCC#CCCOC(=O)OC(C/C=C\CCCCCCCCOC(=O)CCN(CCCN(CCC(=O)OCCCCCCCC/C=C\CC(CCCCCC)OC(=O)OCCC#CCCCCCC)CCC(=O)OCCCCCCCC/C=C\CC(CCCCCC)OC(=O)OCCC#CCCCCCC)CCC(=O)OCCCCCCCC/C=C\CC(CCCCCC)OC(=O)OCCC#CCCCCCC)CCCCCC,-0.791526642,0,35.0,16.0,46.5,2.5,10.0,7.6733361379908755,2,108,35.84610000000002,0.816793893129771,253.7999999999999,0,22,153,2147.6728976319996,628.6330000000027,1,1,0,1,0,1,0,0,0,0,0,0,0,0,0,0,1,0,0,0,2,8,12,0.05,1.0
CCC#CCOC(=O)OC(C/C=C\CCCCCCCCOC(=O)CCN(CCC(=O)OCCCCCCCC/C=C\CC(CCCCCC)OC(=O)OCC#CCC)CC(OC)OC)CCCCCC,-0.794957062,0,35.0,16.0,46.5,2.5,10.0,6.911174427027792,1,46,13.939099999999977,0.7931034482758621,145.36,0,13,71,1001.716727608,283.6439999999995,1,1,0,1,0,1,0,0,0,0,0,0,0,0,0,0,1,0,0,0,1,4,12,0.05,1.0
CCC#CCOC(=O)OC(C/C=C\CCCCCCCCOC(=O)CCN(CCC(=O)OCCCCCCCC/C=C\CC(CCCCCC)OC(=O)OCC#CCC)CC1CCCCN1C)CCCCCC,-0.795256486,0,35.0,16.0,46.5,2.5,10.0,6.9339170557245815,2,44,14.804499999999972,0.8032786885245902,130.14,0,12,73,1024.769097528,296.10699999999963,1,1,0,1,0,1,0,0,0,0,0,0,0,0,0,0,1,0,0,0,2,4,12,0.05,1.0
CCC#CCOC(=O)OC(C/C=C\CCCCCCCCOC(=O)CCN1CCN(CCCN(C)C)CC1)CCCCCC,-0.796756321,0,35.0,16.0,46.5,2.5,10.0,6.431221575132675,3,25,7.071600000000008,0.8333333333333334,71.55,0,8,44,619.49242218,180.74999999999943,1,1,0,1,0,1,0,0,0,0,0,0,0,0,0,0,1,0,0,0,3,2,12,0.05,1.0
CCCCC#CCOC(=O)OC(C/C=C\CCCCCCCCOC(=O)CCN(CCC(=O)OCCCCCCCC/C=C\CC(CCCCCC)OC(=O)OCC#CCCCC)CC(OCC)OCC)CCCCCC,-0.802497474,0,35.0,16.0,46.5,2.5,10.0,6.991716759763009,1,52,16.279699999999966,0.8125,145.36,0,13,77,1085.810627992,311.34600000000006,1,1,0,1,0,1,0,0,0,0,0,0,0,0,0,0,1,0,0,0,1,4,12,0.05,1.0
CCCCCCCC/C=C\CCCCCCCCOC(=O)OC(C/C=C\CCCCCCCCOC(=O)CCN1CCCCC1CO)CCCCCC,-0.805698995,0,35.0,16.0,46.5,2.5,10.0,6.618988618577423,1,37,12.97319999999998,0.8695652173913043,85.30000000000001,1,7,53,747.63768944,222.381799999999,1,1,0,1,0,1,0,0,0,0,0,0,0,0,0,0,1,0,0,0,1,2,18,0.05,1.0
CCCCC#CCOC(=O)OC(C/C=C\CCCCCCCCOC(=O)CCN(CCC(=O)OCCCCCCCC/C=C\CC(CCCCCC)OC(=O)OCC#CCCCC)CCN1CCC(C)CC1)CCCCCC,-0.81000013,0,35.0,16.0,46.5,2.5,10.0,7.000008062437133,2,49,16.61249999999997,0.8181818181818182,130.14,0,12,78,1094.8473478479998,319.1440000000001,1,1,0,1,0,1,0,0,0,0,0,0,0,0,0,0,1,0,0,0,2,4,12,0.05,1.0
CCC#CCOC(=O)OC(C/C=C\CCCCCCCCOC(=O)CCN(C)CCO)CCCCCC,-0.81092668,0,35.0,16.0,46.5,2.5,10.0,6.262931487002181,1,23,6.426400000000008,0.8,85.30000000000001,1,7,37,523.3872884159999,149.28179999999986,1,1,0,1,0,1,0,0,0,0,0,0,0,0,0,0,1,0,0,0,1,2,12,0.05,1.0
CCCCCCC#CCCOC(=O)OC(C/C=C\CCCCCCCCOC(=O)CCN(C)CCCN(C)CCC(=O)OCCCCCCCC/C=C\CC(CCCCCC)OC(=O)OCCC#CCCCCCC)CCCCCC,-0.813095394,0,35.0,16.0,46.5,2.5,10.0,7.039431576982146,2,56,18.172899999999984,0.8260869565217391,130.14,0,12,81,1138.909948104,335.17900000000037,1,1,0,1,0,1,0,0,0,0,0,0,0,0,0,0,1,0,0,0,2,4,12,0.05,1.0
CCCC#CCOC(=O)OC(C/C=C\CCCCCCCCOC(=O)CCN1CCC1c1ccccc1)CCCCCC,-0.818559083,0,35.0,16.0,46.5,2.5,10.0,6.3916909571679446,1,23,9.3394,0.6756756756756757,65.07000000000001,0,6,43,595.423673924,174.68899999999945,1,1,0,1,0,1,0,0,0,0,0,0,0,0,0,0,1,0,0,0,1,2,12,0.05,1.0
CCCCC/C=C\C/C=C\CCCCCCCCOC(=O)OC(C/C=C\CCCCCCCCOC(=O)CCN1CCCCC1CO)CCCCCC,-0.822498944,0,35.0,16.0,46.5,2.5,10.0,6.616294074598275,1,36,12.74919999999998,0.8260869565217391,85.30000000000001,1,7,53,745.6220393760001,222.287799999999,1,1,0,1,0,1,0,0,0,0,0,0,0,0,0,0,1,0,0,0,1,3,18,0.05,1.0
CCCCCCC#CCOC(=O)OC(C/C=C\CCCCCCCCOC(=O)CCN(CCC(=O)OCCCCCCCC/C=C\CC(CCCCCC)OC(=O)OCC#CCCCCCC)CCN1CCN(C)CC1)CCCCCC,-0.822815491,0,35.0,16.0,46.5,2.5,10.0,7.050762384896233,3,53,16.68839999999997,0.8260869565217391,133.38000000000002,0,13,82,1151.9051970719995,336.71100000000047,1,1,0,1,0,1,0,0,0,0,0,0,0,0,0,0,1,0,0,0,3,4,12,0.05,1.0
CCCC#CCOC(=O)OC(C/C=C\CCCCCCCCOC(=O)CCN(CCCN1CCN(C)CC1)CCC(=O)OCCCCCCCC/C=C\CC(CCCCCC)OC(=O)OCC#CCCC)CCCCCC,-0.826789485,0,35.0,16.0,46.5,2.5,10.0,6.9880468787563865,3,48,14.737899999999971,0.8125,133.38,0,13,77,1081.826946752,313.62600000000003,1,1,0,1,0,1,0,0,0,0,0,0,0,0,0,0,1,0,0,0,3,4,12,0.05,1.0
CCCCCC#CCOC(=O)OC(C/C=C\CCCCCCCCOC(=O)CCN1CCC1c1ccccc1)CCCCCC,-0.846155414,0,35.0,16.0,46.5,2.5,10.0,6.437622041337596,1,25,10.119599999999997,0.6923076923076923,65.07000000000001,0,6,45,623.454974052,183.92299999999935,1,1,0,1,0,1,0,0,0,0,0,0,0,0,0,0,1,0,0,0,1,2,12,0.05,1.0
CCCCCCC#CCCOC(=O)OC(C/C=C\CCCCCCCCOC(=O)CCN(C)CCN(C)C)CCCCCC,-0.846321403,0,35.0,16.0,46.5,2.5,10.0,6.432875781989615,2,29,8.946200000000005,0.8378378378378378,68.31,0,7,44,620.512823276,183.83499999999935,1,1,0,1,0,1,0,0,0,0,0,0,0,0,0,0,1,0,0,0,2,2,12,0.05,1.0
CCCCCCC#CCOC(=O)OC(C/C=C\CCCCCCCCOC(=O)CCN(CCC(=O)OCCCCCCCC/C=C\CC(CCCCCC)OC(=O)OCC#CCCCCCC)CC(O)CO)CCCCCC,-0.848150967,0,35.0,16.0,46.5,2.5,10.0,7.004531656120907,1,53,15.794199999999964,0.8153846153846154,167.36,2,13,78,1099.826278056,315.86659999999995,1,1,0,1,0,1,0,0,0,0,0,0,0,0,0,0,1,0,0,0,1,4,12,0.05,1.0
CCCCCCCC/C=C\CCCCCCCCOC(=O)OC(C/C=C\CCCCCCCCOC(=O)CCN1CCC(O)CC1)CCCCCC,-0.848817942,0,35.0,16.0,46.5,2.5,10.0,6.600088162597273,1,36,12.58309999999998,0.8666666666666667,85.30000000000001,1,7,52,733.6220393760001,217.76479999999904,1,1,0,1,0,1,0,0,0,0,0,0,0,0,0,0,1,0,0,0,1,2,18,0.05,1.0
CCCCCCC#CCCOC(=O)OC(C/C=C\CCCCCCCCOC(=O)CCN1CCN(c2ccccn2)CC1)CCCCCC,-0.858251123,0,35.0,16.0,46.5,2.5,10.0,6.526499251947674,3,27,9.670000000000002,0.7317073170731707,81.2,0,8,49,681.508072244,200.67399999999915,1,1,0,1,0,1,0,0,0,0,0,0,0,0,0,0,1,0,0,0,3,2,12,0.05,1.0
CCCCC#CCOC(=O)OC(C/C=C\CCCCCCCCOC(=O)CCN(CCCN1CCN(C)CC1)CCC(=O)OCCCCCCCC/C=C\CC(CCCCCC)OC(=O)OCC#CCCCC)CCCCCC,-0.860637754,0,35.0,16.0,46.5,2.5,10.0,7.0136069739916325,3,50,15.518099999999968,0.8181818181818182,133.38,0,13,79,1109.85824688,322.8600000000002,1,1,0,1,0,1,0,0,0,0,0,0,0,0,0,0,1,0,0,0,3,4,12,0.05,1.0
CCCCC#CCCOC(=O)OC(C/C=C\CCCCCCCCOC(=O)CCN1CCN=C1C)CCCCCC,-0.863723272,0,35.0,16.0,46.5,2.5,10.0,6.355842000411323,2,24,8.406600000000008,0.7941176470588235,77.43,0,7,41,574.434572956,168.0989999999996,1,1,0,1,0,1,0,0,0,0,0,0,0,0,0,0,1,0,0,0,1,2,12,0.05,1.0
CCCCC#CCCOC(=O)OC(C/C=C\CCCCCCCCOC(=O)CCN(C)CCN(C)C)CCCCCC,-0.863723272,0,35.0,16.0,46.5,2.5,10.0,6.386721057681677,2,27,8.16600000000001,0.8285714285714286,68.31,0,7,42,592.481523148,174.60099999999952,1,1,0,1,0,1,0,0,0,0,0,0,0,0,0,0,1,0,0,0,2,2,12,0.05,1.0
CCCC#CCOC(=O)OC(C/C=C\CCCCCCCCOC(=O)CCN1CCN(CCN2CCCC2)CC1)CCCCCC,-0.864583782,0,35.0,16.0,46.5,2.5,10.0,6.472299925574256,3,25,7.605800000000009,0.8421052631578947,71.55,0,8,46,645.508072244,187.86999999999935,1,1,0,1,0,1,0,0,0,0,0,0,0,0,0,0,1,0,0,0,3,2,12,0.05,1.0
CCC#CCOC(=O)OC(C/C=C\CCCCCCCCOC(=O)CCN(CCC(=O)OCCCCCCCC/C=C\CC(CCCCCC)OC(=O)OCC#CCC)CC(O)CO)CCCCCC,-0.870649572,0,35.0,16.0,46.5,2.5,10.0,6.897096677364437,1,45,12.67339999999998,0.7894736842105263,167.36,2,13,70,987.701077544,278.93059999999923,1,1,0,1,0,1,0,0,0,0,0,0,0,0,0,0,1,0,0,0,1,4,12,0.05,1.0
CCCCC/C=C\C/C=C\CCCCCCCCOC(=O)OC(C/C=C\CCCCCCCCOC(=O)CCN(CCC(=O)OCCCCCCCC/C=C\CC(CCCCCC)OC(=O)OCCCCCCCC/C=C\C/C=C\CCCCC)CC(OCC)OCC)CCCCCC,-0.873272105,0,35.0,16.0,46.5,2.5,10.0,7.241495931078142,1,76,25.51950000000004,0.813953488372093,145.36,0,13,99,1394.1549294,415.4600000000021,1,1,0,1,0,1,0,0,0,0,0,0,0,0,0,0,1,0,0,0,1,6,18,0.05,1.0
CCCCCCCC/C=C\CCCCCCCCOC(=O)OC(C/C=C\CCCCCCCCOC(=O)CCN(CCCCCO)CCC(=O)OCCCCCCCC/C=C\CC(CCCCCC)OC(=O)OCCCCCCCC/C=C\CCCCCCCC)CCCCCC,-0.880334171,0,35.0,16.0,46.5,2.5,10.0,7.222702505857756,1,77,25.73100000000004,0.8588235294117647,147.13,1,12,97,1368.1756648440005,409.54480000000177,1,1,0,1,0,1,0,0,0,0,0,0,0,0,0,0,1,0,0,0,1,4,18,0.05,1.0
CCCCCCC#CCOC(=O)OC(C/C=C\CCCCCCCCOC(=O)CCN(CCCN1CCCCCC1)CCC(=O)OCCCCCCCC/C=C\CC(CCCCCC)OC(=O)OCC#CCCCCCC)CCCCCC,-0.884082452,0,35.0,16.0,46.5,2.5,10.0,7.06200052576637,2,54,18.707099999999983,0.8309859154929577,130.14,0,12,83,1164.925598168,342.29900000000055,1,1,0,1,0,1,0,0,0,0,0,0,0,0,0,0,1,0,0,0,2,4,12,0.05,1.0
CCCCCCC#CCCOC(=O)OC(C/C=C\CCCCCCCCOC(=O)CCN(CCC(=O)OCCCCCCCC/C=C\CC(CCCCCC)OC(=O)OCCC#CCCCCCC)CC1OCCO1)CCCCCC,-0.891847147,0,35.0,16.0,46.5,2.5,10.0,7.040255264889572,1,54,17.594099999999976,0.8235294117647058,145.36,0,13,81,1139.857578184,327.70000000000033,1,1,0,1,0,1,0,0,0,0,0,0,0,0,0,0,1,0,0,0,1,4,12,0.05,1.0
CCCCCCCCCCCCCCCCCCOC(=O)OC(C/C=C\CCCCCCCCOC(=O)CCN1CCCCC1CO)CCCCCC,-0.895317213,0,35.0,16.0,46.5,2.5,10.0,6.621675921496302,1,38,13.197199999999976,0.9130434782608696,85.30000000000001,1,7,53,749.6533395040001,222.475799999999,1,1,0,1,0,1,0,0,0,0,0,0,0,0,0,0,1,0,0,0,1,1,18,0.05,1.0
CCCCCCCC/C=C\CCCCCCCCOC(=O)OC(C/C=C\CCCCCCCCOC(=O)CCN(C)CCO)CCCCCC,-0.913611966,0,35.0,16.0,46.5,2.5,10.0,6.564027585071944,1,38,12.050499999999984,0.8604651162790697,85.30000000000001,1,7,50,707.606389312,210.6667999999991,1,1,0,1,0,1,0,0,0,0,0,0,0,0,0,0,1,0,0,0,1,2,18,0.05,1.0
CCC#CCOC(=O)OC(C/C=C\CCCCCCCCOC(=O)CCN(CCC(=O)OCCCCCCCC/C=C\CC(CCCCCC)OC(=O)OCC#CCC)CCN1CCC(C)CC1)CCCCCC,-0.914563735,0,35.0,16.0,46.5,2.5,10.0,6.947489321897609,2,45,15.052099999999973,0.8064516129032258,130.14,0,12,74,1038.7847475919998,300.6759999999997,1,1,0,1,0,1,0,0,0,0,0,0,0,0,0,0,1,0,0,0,2,4,12,0.05,1.0
CCC#CCOC(=O)OC(C/C=C\CCCCCCCCOC(=O)CCN(CCCN1CCCCCC1)CCC(=O)OCCCCCCCC/C=C\CC(CCCCCC)OC(=O)OCC#CCC)CCCCCC,-0.915517335,0,35.0,16.0,46.5,2.5,10.0,6.960879845566741,2,46,15.586299999999968,0.8095238095238095,130.14,0,12,75,1052.800397656,305.36299999999983,1,1,0,1,0,1,0,0,0,0,0,0,0,0,0,0,1,0,0,0,2,4,12,0.05,1.0
CCCCCCC#CCOC(=O)OC(C/C=C\CCCCCCCCOC(=O)CCN1CCC1c1ccccc1)CCCCCC,-0.92089169,0,35.0,16.0,46.5,2.5,10.0,6.45981994376436,1,26,10.509699999999992,0.7,65.07000000000001,0,6,46,637.470624116,188.53999999999928,1,1,0,1,0,1,0,0,0,0,0,0,0,0,0,0,1,0,0,0,1,2,12,0.05,1.0
CCCCC#CCCOC(=O)OC(C/C=C\CCCCCCCCOC(=O)CCN(CCCN(C)C)CCC(=O)OCCCCCCCC/C=C\CC(CCCCCC)OC(=O)OCCC#CCCCC)CCCCCC,-0.932015869,0,35.0,16.0,46.5,2.5,10.0,6.9889951159642045,2,52,16.61249999999997,0.8153846153846154,130.14,0,12,77,1082.847347848,316.71100000000007,1,1,0,1,0,1,0,0,0,0,0,0,0,0,0,0,1,0,0,0,2,4,12,0.05,1.0
CCCC#CCOC(=O)OC(C/C=C\CCCCCCCCOC(=O)CCN1CCC(CCCC2CCN(CCO)CC2)CC1)CCCCCC,-0.93677551,0,35.0,16.0,46.5,2.5,10.0,6.576593516798139,2,28,9.479000000000005,0.8604651162790697,88.54,1,8,51,716.570338152,208.58079999999913,1,1,0,1,0,1,0,0,0,0,0,0,0,0,0,0,1,0,0,0,2,2,12,0.05,1.0
CCC#CCOC(=O)OC(C/C=C\CCCCCCCCOC(=O)CCN1CCN(CCN(C)C)CC1)CCCCCC,-0.943597589,0,35.0,16.0,46.5,2.5,10.0,6.408372271397426,3,24,6.681500000000008,0.8285714285714286,71.55,0,8,43,605.4767721159999,176.13299999999947,1,1,0,1,0,1,0,0,0,0,0,0,0,0,0,0,1,0,0,0,3,2,12,0.05,1.0
CCC#CCOC(=O)OC(C/C=C\CCCCCCCCOC(=O)CCN1CCN(CCN2CCCC2)CC1)CCCCCC,-0.944608807,0,35.0,16.0,46.5,2.5,10.0,6.450380370696301,3,24,7.215700000000008,0.8378378378378378,71.55,0,8,45,631.49242218,183.2529999999994,1,1,0,1,0,1,0,0,0,0,0,0,0,0,0,0,1,0,0,0,3,2,12,0.05,1.0
CCCCCCCCCCCCCCCCCCOC(=O)OC(C/C=C\CCCCCCCCOC(=O)CCN1CCC(O)CC1)CCCCCC,-0.945622093,0,35.0,16.0,46.5,2.5,10.0,6.602826669649878,1,37,12.80709999999998,0.9111111111111112,85.30000000000001,1,7,52,735.63768944,217.858799999999,1,1,0,1,0,1,0,0,0,0,0,0,0,0,0,0,1,0,0,0,1,1,18,0.05,1.0
CCCC#CCOC(=O)OC(C/C=C\CCCCCCCCOC(=O)CCN1CCN(CCCN(C)C)CC1)CCCCCC,-0.948674447,0,35.0,16.0,46.5,2.5,10.0,6.4535604298790235,3,26,7.461700000000008,0.8378378378378378,71.55,0,8,45,633.508072244,185.36699999999936,1,1,0,1,0,1,0,0,0,0,0,0,0,0,0,0,1,0,0,0,3,2,12,0.05,1.0
CCCCC/C=C\C/C=C\CCCCCCCCOC(=O)OC(C/C=C\CCCCCCCCOC(=O)CCN(CCC(=O)OCCCCCCCC/C=C\CC(CCCCCC)OC(=O)OCCCCCCCC/C=C\C/C=C\CCCCC)CCC1CCCCN1C)CCCCCC,-0.949082853,0,35.0,16.0,46.5,2.5,10.0,7.247960539192457,2,73,25.994800000000044,0.8181818181818182,130.14,0,12,100,1403.1916492560003,423.30600000000214,1,1,0,1,0,1,0,0,0,0,0,0,0,0,0,0,1,0,0,0,2,6,18,0.05,1.0
CCCCC#CCOC(=O)OC(C/C=C\CCCCCCCCOC(=O)CCN(CCC(=O)OCCCCCCCC/C=C\CC(CCCCCC)OC(=O)OCC#CCCCC)CC1CCCCN1C)CCCCCC,-0.952979587,0,35.0,16.0,46.5,2.5,10.0,6.987134689799865,2,48,16.364899999999967,0.8153846153846154,130.14,0,12,77,1080.831697784,314.57500000000005,1,1,0,1,0,1,0,0,0,0,0,0,0,0,0,0,1,0,0,0,2,4,12,0.05,1.0
CCCCCCC#CCCOC(=O)OC(C/C=C\CCCCCCCCOC(=O)CCN(CCC(=O)OCCCCCCCC/C=C\CC(CCCCCC)OC(=O)OCCC#CCCCCCC)CCN(CC)CC)CCCCCC,-0.953597673,0,35.0,16.0,46.5,2.5,10.0,7.051653005027669,2,57,18.562999999999985,0.8285714285714286,130.14,0,12,82,1152.925598168,339.7960000000005,1,1,0,1,0,1,0,0,0,0,0,0,0,0,0,0,1,0,0,0,2,4,12,0.05,1.0
CCCCC#CCCOC(=O)OC(C/C=C\CCCCCCCCOC(=O)CCN1CCN(CCOCCO)CC1)CCCCCC,-0.955663545,0,35.0,16.0,46.5,2.5,10.0,6.501243122910519,2,29,7.29910000000001,0.8421052631578947,97.77,1,9,47,664.5026525159999,189.33479999999935,1,1,0,1,0,1,0,0,0,0,0,0,0,0,0,0,1,0,0,0,2,2,12,0.05,1.0
CCCCCCCC/C=C\CCCCCCCCOC(=O)OC(C/C=C\CCCCCCCCOC(=O)CCN(CCC(=O)OCCCCCCCC/C=C\CC(CCCCCC)OC(=O)OCCCCCCCC/C=C\CCCCCCCC)CCN1CCN(C)CC1)CCCCCC,-0.956907217,0,35.0,16.0,46.5,2.5,10.0,7.251526527175828,3,75,24.815800000000035,0.8620689655172413,133.38000000000002,0,13,100,1408.2181983520002,422.54500000000206,1,1,0,1,0,1,0,0,0,0,0,0,0,0,0,0,1,0,0,0,3,4,18,0.05,1.0
CCCCCCC#CCCOC(=O)OC(C/C=C\CCCCCCCCOC(=O)CCN1CCN(CC2CCN(C)CC2)CC1)CCCCCC,-0.957946,0,35.0,16.0,46.5,2.5,10.0,6.57522227339246,3,28,9.412200000000002,0.8604651162790697,71.55,0,8,51,715.5863225639999,210.88499999999905,1,1,0,1,0,1,0,0,0,0,0,0,0,0,0,0,1,0,0,0,3,2,12,0.05,1.0
CCCC#CCOC(=O)OC(C/C=C\CCCCCCCCOC(=O)CCN1CCC(N2CCN(CC)CC2)CC1)CCCCCC,-0.963593381,0,35.0,16.0,46.5,2.5,10.0,6.493749301263475,3,24,7.99430000000001,0.8461538461538461,71.55,0,8,47,659.523722308,192.4649999999993,1,1,0,1,0,1,0,0,0,0,0,0,0,0,0,0,1,0,0,0,3,2,12,0.05,1.0
CCCCC#CCCOC(=O)OC(C/C=C\CCCCCCCCOC(=O)CCN(CCC(=O)OCCCCCCCC/C=C\CC(CCCCCC)OC(=O)OCCC#CCCCC)CC(OC)OC)CCCCCC,-0.966335624,0,35.0,16.0,46.5,2.5,10.0,6.991716759763009,1,52,16.279699999999966,0.8125,145.36,0,13,77,1085.810627992,311.34600000000006,1,1,0,1,0,1,0,0,0,0,0,0,0,0,0,0,1,0,0,0,1,4,12,0.05,1.0
CCCCC/C=C\C/C=C\CCCCCCCCOC(=O)OC(C/C=C\CCCCCCCCOC(=O)CCN(CCC(=O)OCCCCCCCC/C=C\CC(CCCCCC)OC(=O)OCCCCCCCC/C=C\C/C=C\CCCCC)CCN1CCC(C)CC1)CCCCCC,-0.966970611,0,35.0,16.0,46.5,2.5,10.0,7.247960539192457,2,73,25.85230000000004,0.8181818181818182,130.14,0,12,100,1403.1916492560003,423.25800000000214,1,1,0,1,0,1,0,0,0,0,0,0,0,0,0,0,1,0,0,0,2,6,18,0.05,1.0
CCCCC/C=C\C/C=C\CCCCCCCCOC(=O)OC(C/C=C\CCCCCCCCOC(=O)CCN1CCCN(CCC(=O)OCCCCCCCC/C=C\CC(CCCCCC)OC(=O)OCCCCCCCC/C=C\C/C=C\CCCCC)CCN(CCC(=O)OCCCCCCCC/C=C\CC(CCCCCC)OC(=O)OCCCCCCCC/C=C\C/C=C\CCCCC)CCCN(CCC(=O)OCCCCCCCC/C=C\CC(CCCCCC)OC(=O)OCCCCCCCC/C=C\C/C=C\CCCCC)CC1)CCCCCC,-0.974869779,0,35.0,16.0,46.5,2.5,10.0,7.910337462094889,4,140,49.65219999999976,0.8117647058823529,260.2799999999999,0,24,194,2722.289398127999,818.9540000000032,1,1,0,1,0,1,0,0,0,0,0,0,0,0,0,0,1,0,0,0,4,12,18,0.05,1.0
CCCCCC#CCOC(=O)OC(C/C=C\CCCCCCCCOC(=O)CCN(CCC(=O)OCCCCCCCC/C=C\CC(CCCCCC)OC(=O)OCC#CCCCCC)CC1CCCCN1C)CCCCCC,-0.976162678,0,35.0,16.0,46.5,2.5,10.0,7.012717815456752,2,50,17.145099999999974,0.8208955223880597,130.14,0,12,79,1108.862997912,323.8090000000002,1,1,0,1,0,1,0,0,0,0,0,0,0,0,0,0,1,0,0,0,2,4,12,0.05,1.0
CCCCCC#CCOC(=O)OC(C/C=C\CCCCCCCCOC(=O)CCN(CCC(=O)OCCCCCCCC/C=C\CC(CCCCCC)OC(=O)OCC#CCCCCC)CC(OCC)OCC)CCCCCC,-0.977026489,0,35.0,16.0,46.5,2.5,10.0,7.0171844066018565,1,54,17.059899999999974,0.8181818181818182,145.36,0,13,79,1113.84192812,320.5800000000002,1,1,0,1,0,1,0,0,0,0,0,0,0,0,0,0,1,0,0,0,1,4,12,0.05,1.0
CCCCCC#CCOC(=O)OC(C/C=C\CCCCCCCCOC(=O)CCN(CCCN1CCCCCC1)CCC(=O)OCCCCCCCC/C=C\CC(CCCCCC)OC(=O)OCC#CCCCCC)CCCCCC,-0.981150287,0,35.0,16.0,46.5,2.5,10.0,7.037662738084514,2,52,17.926899999999982,0.8260869565217391,130.14,0,12,81,1136.8942980400002,333.06500000000034,1,1,0,1,0,1,0,0,0,0,0,0,0,0,0,0,1,0,0,0,2,4,12,0.05,1.0
CCCCCC#CCOC(=O)OC(C/C=C\CCCCCCCCOC(=O)CCN(CCC(=O)OCCCCCCCC/C=C\CC(CCCCCC)OC(=O)OCC#CCCCCC)CCN1CCC(C)CC1)CCCCCC,-0.985528535,0,35.0,16.0,46.5,2.5,10.0,7.025268055899694,2,51,17.392699999999977,0.8235294117647058,130.14,0,12,80,1122.878647976,328.37800000000027,1,1,0,1,0,1,0,0,0,0,0,0,0,0,0,0,1,0,0,0,2,4,12,0.05,1.0
CCCCCCC#CCOC(=O)OC(C/C=C\CCCCCCCCOC(=O)CCN(CCCCCO)CCC(=O)OCCCCCCCC/C=C\CC(CCCCCC)OC(=O)OCC#CCCCCCC)CCCCCC,-0.991946525,0,35.0,16.0,46.5,2.5,10.0,7.0154152488675345,1,55,17.603599999999975,0.8208955223880597,147.13,1,12,79,1111.862663564,323.71080000000023,1,1,0,1,0,1,0,0,0,0,0,0,0,0,0,0,1,0,0,0,1,4,12,0.05,1.0
CCCCC#CCOC(=O)OC(C/C=C\CCCCCCCCOC(=O)CCN1CCC(N2CCN(CC)CC2)CC1)CCCCCC,-0.993061527,0,35.0,16.0,46.5,2.5,10.0,6.514748245796001,3,25,8.384400000000008,0.85,71.55,0,8,48,673.539372372,197.08199999999923,1,1,0,1,0,1,0,0,0,0,0,0,0,0,0,0,1,0,0,0,3,2,12,0.05,1.0
CCC#CCOC(=O)OC(C/C=C\CCCCCCCCOC(=O)CCN(CCC(=O)OCCCCCCCC/C=C\CC(CCCCCC)OC(=O)OCC#CCC)CCC1OCCO1)CCCCCC,-0.995747818,0,35.0,16.0,46.5,2.5,10.0,6.923073355893087,1,45,14.083199999999977,0.7966101694915254,145.36,0,13,72,1013.716727608,286.14699999999954,1,1,0,1,0,1,0,0,0,0,0,0,0,0,0,0,1,0,0,0,1,4,12,0.05,1.0
CCCCCCCC/C=C\CCCCCCCCOC(=O)OC(C/C=C\CCCCCCCCOC(=O)CCN(CCC(=O)OCCCCCCCC/C=C\CC(CCCCCC)OC(=O)OCCCCCCCC/C=C\CCCCCCCC)CCC1CCCCN1C)CCCCCC,-1.008019709,0,35.0,16.0,46.5,2.5,10.0,7.250825699631576,2,75,26.442800000000048,0.8636363636363636,130.14,0,12,100,1407.2229493840002,423.4940000000021,1,1,0,1,0,1,0,0,0,0,0,0,0,0,0,0,1,0,0,0,2,4,18,0.05,1.0
CCCCC#CCOC(=O)OC(C/C=C\CCCCCCCCOC(=O)CCN(CCC(=O)OCCCCCCCC/C=C\CC(CCCCCC)OC(=O)OCC#CCCCC)CC(OC)OC)CCCCCC,-1.015905384,0,35.0,16.0,46.5,2.5,10.0,6.965583523990645,1,50,15.499499999999967,0.8064516129032258,145.36,0,13,75,1057.779327864,302.11199999999985,1,1,0,1,0,1,0,0,0,0,0,0,0,0,0,0,1,0,0,0,1,4,12,0.05,1.0
CCCCCCCCCCCCCCCCCCOC(=O)OC(C/C=C\CCCCCCCCOC(=O)CCN(CCCCCO)CCC(=O)OCCCCCCCC/C=C\CC(CCCCCC)OC(=O)OCCCCCCCCCCCCCCCCCC)CCCCCC,-1.020367379,0,35.0,16.0,46.5,2.5,10.0,7.225640848727561,1,79,26.179000000000045,0.9058823529411764,147.13,1,12,97,1372.2069649720002,409.7328000000017,1,1,0,1,0,1,0,0,0,0,0,0,0,0,0,0,1,0,0,0,1,2,18,0.05,1.0
CCCCCCC#CCCOC(=O)OC(C/C=C\CCCCCCCCOC(=O)CCN1CCN(CCCN(C)C)CC1)CCCCCC,-1.025346269,0,35.0,16.0,46.5,2.5,10.0,6.538236779993457,3,30,9.022100000000004,0.8536585365853658,71.55,0,8,49,689.5706725,203.83499999999913,1,1,0,1,0,1,0,0,0,0,0,0,0,0,0,0,1,0,0,0,3,2,12,0.05,1.0
CCCCCC#CCOC(=O)OC(C/C=C\CCCCCCCCOC(=O)CCN1CCC(N2CCN(CC)CC2)CC1)CCCCCC,-1.029413776,0,35.0,16.0,46.5,2.5,10.0,6.535315288593593,3,26,8.774500000000007,0.8536585365853658,71.55,0,8,49,687.555022436,201.69899999999916,1,1,0,1,0,1,0,0,0,0,0,0,0,0,0,0,1,0,0,0,3,2,12,0.05,1.0
CCCCCCCCCCCCCCCCCCOC(=O)OC(C/C=C\CCCCCCCCOC(=O)CCN(CCCN(CCC(=O)OCCCCCCCC/C=C\CC(CCCCCC)OC(=O)OCCCCCCCCCCCCCCCCCC)CCC(=O)OCCCCCCCC/C=C\CC(CCCCCC)OC(=O)OCCCCCCCCCCCCCCCCCC)CCC(=O)OCCCCCCCC/C=C\CC(CCCCCC)OC(=O)OCCCCCCCCCCCCCCCCCC)CCCCCC,-1.047519132,0,35.0,16.0,46.5,2.5,10.0,7.869109238618091,2,152,51.43649999999973,0.901840490797546,253.7999999999999,0,22,185,2612.298900191999,782.2090000000035,1,1,0,1,0,1,0,0,0,0,0,0,0,0,0,0,1,0,0,0,2,4,18,0.05,1.0
CCCCCC#CCOC(=O)OC(C/C=C\CCCCCCCCOC(=O)CCN(CCC(=O)OCCCCCCCC/C=C\CC(CCCCCC)OC(=O)OCC#CCCCCC)CC(OC)OC)CCCCCC,-1.049516696,0,35.0,16.0,46.5,2.5,10.0,6.991716759763009,1,52,16.279699999999966,0.8125,145.36,0,13,77,1085.810627992,311.34600000000006,1,1,0,1,0,1,0,0,0,0,0,0,0,0,0,0,1,0,0,0,1,4,12,0.05,1.0
CCCC#CCOC(=O)OC(C/C=C\CCCCCCCCOC(=O)CCN(C)CCCN(CCC(=O)OCCCCCCCC/C=C\CC(CCCCCC)OC(=O)OCC#CCCC)CCC(=O)OCCCCCCCC/C=C\CC(CCCCCC)OC(=O)OCC#CCCC)CCCCCC,-1.067866775,0,35.0,16.0,46.5,2.5,10.0,7.297881343167544,2,70,22.328300000000016,0.7954545454545454,191.9699999999999,0,17,105,1475.1036221,426.5020000000021,1,1,0,1,0,1,0,0,0,0,0,0,0,0,0,0,1,0,0,0,2,6,12,0.05,1.0
CCCC#CCOC(=O)OC(C/C=C\CCCCCCCCOC(=O)CCN1CCN(CCN(C)C)CC1)CCCCCC,-1.070470016,0,35.0,16.0,46.5,2.5,10.0,6.431221575132675,3,25,7.071600000000008,0.8333333333333334,71.55,0,8,44,619.49242218,180.74999999999943,1,1,0,1,0,1,0,0,0,0,0,0,0,0,0,0,1,0,0,0,3,2,12,0.05,1.0
CCCCC#CCOC(=O)OC(C/C=C\CCCCCCCCOC(=O)CCN(CCCN1CCCCCC1)CCC(=O)OCCCCCCCC/C=C\CC(CCCCCC)OC(=O)OCC#CCCCC)CCCCCC,-1.07545418,0,35.0,16.0,46.5,2.5,10.0,7.012717815456752,2,50,17.146699999999974,0.8208955223880597,130.14,0,12,79,1108.862997912,323.8310000000002,1,1,0,1,0,1,0,0,0,0,0,0,0,0,0,0,1,0,0,0,2,4,12,0.05,1.0
CCCCCCCCCCCCCCCCCCOC(=O)OC(C/C=C\CCCCCCCCOC(=O)CCN(CCCN1CCOCC1)CCC(=O)OCCCCCCCC/C=C\CC(CCCCCC)OC(=O)OCCCCCCCCCCCCCCCCCC)CCCCCC,-1.090171304,0,35.0,16.0,46.5,2.5,10.0,7.255077017752669,2,78,25.738700000000044,0.9080459770114944,139.37,0,13,100,1413.2335140680002,420.6720000000019,1,1,0,1,0,1,0,0,0,0,0,0,0,0,0,0,1,0,0,0,2,2,18,0.05,1.0
CCCCC#CCCOC(=O)OC(C/C=C\CCCCCCCCOC(=O)CCN(CCC(=O)OCCCCCCCC/C=C\CC(CCCCCC)OC(=O)OCCC#CCCCC)CC(OCC)OCC)CCCCCC,-1.090442976,0,35.0,16.0,46.5,2.5,10.0,7.0171844066018565,1,54,17.059899999999974,0.8181818181818182,145.36,0,13,79,1113.84192812,320.5800000000002,1,1,0,1,0,1,0,0,0,0,0,0,0,0,0,0,1,0,0,0,1,4,12,0.05,1.0
CCCCC#CCOC(=O)OC(C/C=C\CCCCCCCCOC(=O)CCN(CCC(=O)OCCCCCCCC/C=C\CC(CCCCCC)OC(=O)OCC#CCCCC)CCC1OCCO1)CCCCCC,-1.09098677,0,35.0,16.0,46.5,2.5,10.0,6.976855877999602,1,49,15.643599999999966,0.8095238095238095,145.36,0,13,76,1069.779327864,304.6149999999999,1,1,0,1,0,1,0,0,0,0,0,0,0,0,0,0,1,0,0,0,1,4,12,0.05,1.0
CCCCC#CCCOC(=O)OC(C/C=C\CCCCCCCCOC(=O)CCN(CCCN(CC)CC)CCC(=O)OCCCCCCCC/C=C\CC(CCCCCC)OC(=O)OCCC#CCCCC)CCCCCC,-1.101156133,0,35.0,16.0,46.5,2.5,10.0,7.014531292350221,2,54,17.392699999999977,0.8208955223880597,130.14,0,12,79,1110.878647976,325.9450000000002,1,1,0,1,0,1,0,0,0,0,0,0,0,0,0,0,1,0,0,0,2,4,12,0.05,1.0
CCCCCCC#CCOC(=O)OC(C/C=C\CCCCCCCCOC(=O)CCN(CCC(=O)OCCCCCCCC/C=C\CC(CCCCCC)OC(=O)OCC#CCCCCCC)CCN1CCC(C)CC1)CCCCCC,-1.107584486,0,35.0,16.0,46.5,2.5,10.0,7.0499056710868135,2,53,18.17289999999998,0.8285714285714286,130.14,0,12,82,1150.909948104,337.6120000000005,1,1,0,1,0,1,0,0,0,0,0,0,0,0,0,0,1,0,0,0,2,4,12,0.05,1.0
CCCC#CCOC(=O)OC(C/C=C\CCCCCCCCOC(=O)CCN(C)CCO)CCCCCC,-1.116382918,0,35.0,16.0,46.5,2.5,10.0,6.289311036405781,1,24,6.816500000000008,0.8064516129032258,85.30000000000001,1,7,38,537.4029384799999,153.8987999999998,1,1,0,1,0,1,0,0,0,0,0,0,0,0,0,0,1,0,0,0,1,2,12,0.05,1.0
CCCCC/C=C\C/C=C\CCCCCCCCOC(=O)OC(C/C=C\CCCCCCCCOC(=O)CCN(C)CCCN(CCC(=O)OCCCCCCCC/C=C\CC(CCCCCC)OC(=O)OCCCCCCCC/C=C\C/C=C\CCCCC)CCC(=O)OCCCCCCCC/C=C\CC(CCCCCC)OC(=O)OCCCCCCCC/C=C\C/C=C\CCCCC)CCCCCC,-1.117242731,0,35.0,16.0,46.5,2.5,10.0,7.591931843611483,2,109,37.3583,0.8064516129032258,191.9699999999999,0,17,141,1979.6670244039997,596.5240000000026,1,1,0,1,0,1,0,0,0,0,0,0,0,0,0,0,1,0,0,0,2,9,18,0.05,1.0
CCCCC#CCOC(=O)OC(C/C=C\CCCCCCCCOC(=O)CCN1CCC1c1ccccc1)CCCCCC,-1.118391474,0,35.0,16.0,46.5,2.5,10.0,6.414920184137007,1,24,9.7295,0.6842105263157895,65.07000000000001,0,6,44,609.439323988,179.3059999999994,1,1,0,1,0,1,0,0,0,0,0,0,0,0,0,0,1,0,0,0,1,2,12,0.05,1.0
CCC#CCOC(=O)OC(C/C=C\CCCCCCCCOC(=O)CCN(C)CCN(CCN(C)CCC(=O)OCCCCCCCC/C=C\CC(CCCCCC)OC(=O)OCC#CCC)CCN(C)CCC(=O)OCCCCCCCC/C=C\CC(CCCCCC)OC(=O)OCC#CCC)CCCCCC,-1.121564324,0,35.0,16.0,46.5,2.5,10.0,7.33644916456901,4,72,20.63150000000001,0.8,198.44999999999996,0,19,109,1533.156720292,443.0280000000021,1,1,0,1,0,1,0,0,0,0,0,0,0,0,0,0,1,0,0,0,4,6,12,0.05,1.0
CCCCCCCCCCCCCCCCCCOC(=O)OC(C/C=C\CCCCCCCCOC(=O)CCN(CCC(=O)OCCCCCCCC/C=C\CC(CCCCCC)OC(=O)OCCCCCCCCCCCCCCCCCC)CCN1CCCCCC1)CCCCCC,-1.122723144,0,35.0,16.0,46.5,2.5,10.0,7.253682674374104,2,77,26.892400000000052,0.9090909090909092,130.14,0,12,100,1411.2542495120003,423.704000000002,1,1,0,1,0,1,0,0,0,0,0,0,0,0,0,0,1,0,0,0,2,2,18,0.05,1.0
CCCCC/C=C\C/C=C\CCCCCCCCOC(=O)OC(C/C=C\CCCCCCCCOC(=O)CCN1CCC(O)CC1)CCCCCC,-1.123303573,0,35.0,16.0,46.5,2.5,10.0,6.597342135525452,1,35,12.359099999999982,0.8222222222222222,85.30000000000001,1,7,52,731.606389312,217.67079999999905,1,1,0,1,0,1,0,0,0,0,0,0,0,0,0,0,1,0,0,0,1,3,18,0.05,1.0
CCCCC#CCCOC(=O)OC(C/C=C\CCCCCCCCOC(=O)CCN1CCCN(CCC(=O)OCCCCCCCC/C=C\CC(CCCCCC)OC(=O)OCCC#CCCCC)CCN(CCC(=O)OCCCCCCCC/C=C\CC(CCCCCC)OC(=O)OCCC#CCCCC)CCCN(CCC(=O)OCCCCCCCC/C=C\CC(CCCCCC)OC(=O)OCCC#CCCCC)CC1)CCCCCC,-1.133572725,0,35.0,16.0,46.5,2.5,10.0,7.679819918976599,4,96,32.73300000000009,0.8153846153846154,260.2799999999999,0,24,154,2161.6633955679995,629.1940000000026,1,1,0,1,0,1,0,0,0,0,0,0,0,0,0,0,1,0,0,0,4,8,12,0.05,1.0
CCCCC#CCOC(=O)OC(C/C=C\CCCCCCCCOC(=O)CCN(CCCCCO)CCC(=O)OCCCCCCCC/C=C\CC(CCCCCC)OC(=O)OCC#CCCCC)CCCCCC,-1.135950151,0,35.0,16.0,46.5,2.5,10.0,6.963720592471949,1,51,16.043199999999963,0.8095238095238095,147.13,1,12,75,1055.800063308,305.2427999999999,1,1,0,1,0,1,0,0,0,0,0,0,0,0,0,0,1,0,0,0,1,4,12,0.05,1.0
CCCCC#CCOC(=O)OC(C/C=C\CCCCCCCCOC(=O)CCN1CCC(CCCC2CCN(CCO)CC2)CC1)CCCCCC,-1.145575625,0,35.0,16.0,46.5,2.5,10.0,6.5959389713516305,2,29,9.8691,0.8636363636363636,88.54,1,8,52,730.585988216,213.1977999999991,1,1,0,1,0,1,0,0,0,0,0,0,0,0,0,0,1,0,0,0,2,2,12,0.05,1.0
CCCCCCCCCCCCCCCCCCOC(=O)OC(C/C=C\CCCCCCCCOC(=O)CCN(CCC(=O)OCCCCCCCC/C=C\CC(CCCCCC)OC(=O)OCCCCCCCCCCCCCCCCCC)CCC1CCCCN1C)CCCCCC,-1.149846302,0,35.0,16.0,46.5,2.5,10.0,7.253682674374104,2,77,26.890800000000052,0.9090909090909092,130.14,0,12,100,1411.2542495120003,423.682000000002,1,1,0,1,0,1,0,0,0,0,0,0,0,0,0,0,1,0,0,0,2,2,18,0.05,1.0
CCCCC#CCCOC(=O)OC(C/C=C\CCCCCCCCOC(=O)CCN1CCN(CCCN(C)C)CC1)CCCCCC,-1.152611307,0,35.0,16.0,46.5,2.5,10.0,6.496794597836769,3,28,8.24190000000001,0.8461538461538461,71.55,0,8,47,661.539372372,194.6009999999993,1,1,0,1,0,1,0,0,0,0,0,0,0,0,0,0,1,0,0,0,3,2,12,0.05,1.0
CCCCCCCC/C=C\CCCCCCCCOC(=O)OC(C/C=C\CCCCCCCCOC(=O)CCN(CCC(=O)OCCCCCCCC/C=C\CC(CCCCCC)OC(=O)OCCCCCCCC/C=C\CCCCCCCC)CCN1CCCCCC1)CCCCCC,-1.159123642,0,35.0,16.0,46.5,2.5,10.0,7.250825699631576,2,75,26.444400000000048,0.8636363636363636,130.14,0,12,100,1407.2229493840002,423.51600000000207,1,1,0,1,0,1,0,0,0,0,0,0,0,0,0,0,1,0,0,0,2,4,18,0.05,1.0
CCCC#CCOC(=O)OC(C/C=C\CCCCCCCCOC(=O)CCN(CCC(=O)OCCCCCCCC/C=C\CC(CCCCCC)OC(=O)OCC#CCCC)CCN1CCN(C)CC1)CCCCCC,-1.161941065,0,35.0,16.0,46.5,2.5,10.0,6.9750175872413,3,47,14.347799999999976,0.8095238095238095,133.38000000000002,0,13,76,1067.811296688,309.00899999999996,1,1,0,1,0,1,0,0,0,0,0,0,0,0,0,0,1,0,0,0,3,4,12,0.05,1.0
CCCCCCCC/C=C\CCCCCCCCOC(=O)OC(C/C=C\CCCCCCCCOC(=O)CCN(CCC(=O)OCCCCCCCC/C=C\CC(CCCCCC)OC(=O)OCCCCCCCC/C=C\CCCCCCCC)CC(OCC)OCC)CCCCCC,-1.174982726,0,35.0,16.0,46.5,2.5,10.0,7.244379646887942,1,78,25.967500000000044,0.8604651162790697,145.36,0,13,99,1398.186229528,415.648000000002,1,1,0,1,0,1,0,0,0,0,0,0,0,0,0,0,1,0,0,0,1,4,18,0.05,1.0
CCCCCCCCCCCCCCCCCCOC(=O)OC(C/C=C\CCCCCCCCOC(=O)CCN(CCO)CCC(=O)OCCCCCCCC/C=C\CC(CCCCCC)OC(=O)OCCCCCCCCCCCCCCCCCC)CCCCCC,-1.181797969,0,35.0,16.0,46.5,2.5,10.0,7.194540449337455,1,76,25.008700000000033,0.902439024390244,147.13,1,12,94,1330.1600147800002,395.8818000000015,1,1,0,1,0,1,0,0,0,0,0,0,0,0,0,0,1,0,0,0,1,2,18,0.05,1.0
CCC#CCOC(=O)OC(C/C=C\CCCCCCCCOC(=O)CCN1CCC1c1ccccc1)CCCCCC,-1.184747736,0,35.0,16.0,46.5,2.5,10.0,6.3679092746662915,1,22,8.949300000000004,0.6666666666666666,65.07000000000001,0,6,42,581.40802386,170.07199999999952,1,1,0,1,0,1,0,0,0,0,0,0,0,0,0,0,1,0,0,0,1,2,12,0.05,1.0
CCCCCCCCCCCCCCCCCCOC(=O)OC(C/C=C\CCCCCCCCOC(=O)CCN(CCC(=O)OCCCCCCCC/C=C\CC(CCCCCC)OC(=O)OCCCCCCCCCCCCCCCCCC)CC1CCCCN1C)CCCCCC,-1.185076575,0,35.0,16.0,46.5,2.5,10.0,7.243708095013543,2,76,26.500700000000048,0.9080459770114944,130.14,0,12,99,1397.2385994480003,419.06500000000193,1,1,0,1,0,1,0,0,0,0,0,0,0,0,0,0,1,0,0,0,2,2,18,0.05,1.0
CCCCCCCCCCCCCCCCCCOC(=O)OC(C/C=C\CCCCCCCCOC(=O)CCN(C)CCO)CCCCCC,-1.188377024,0,35.0,16.0,46.5,2.5,10.0,6.5668665037966685,1,39,12.274499999999984,0.9069767441860463,85.30000000000001,1,7,50,709.6220393760001,210.7607999999991,1,1,0,1,0,1,0,0,0,0,0,0,0,0,0,0,1,0,0,0,1,1,18,0.05,1.0
CCCCCCCCCCCCCCCCCCOC(=O)OC(C/C=C\CCCCCCCCOC(=O)CCN(CCC(=O)OCCCCCCCC/C=C\CC(CCCCCC)OC(=O)OCCCCCCCCCCCCCCCCCC)CCN1CCC(C)CC1)CCCCCC,-1.189703385,0,35.0,16.0,46.5,2.5,10.0,7.253682674374104,2,77,26.74830000000005,0.9090909090909092,130.14,0,12,100,1411.2542495120003,423.634000000002,1,1,0,1,0,1,0,0,0,0,0,0,0,0,0,0,1,0,0,0,2,2,18,0.05,1.0
CCCCCCCC/C=C\CCCCCCCCOC(=O)OC(C/C=C\CCCCCCCCOC(=O)CCN1CCCN(CCC(=O)OCCCCCCCC/C=C\CC(CCCCCC)OC(=O)OCCCCCCCC/C=C\CCCCCCCC)CCN(CCC(=O)OCCCCCCCC/C=C\CC(CCCCCC)OC(=O)OCCCCCCCC/C=C\CCCCCCCC)CCCN(CCC(=O)OCCCCCCCC/C=C\CC(CCCCCC)OC(=O)OCCCCCCCC/C=C\CCCCCCCC)CC1)CCCCCC,-1.190367899,0,35.0,16.0,46.5,2.5,10.0,7.913292022522338,4,144,50.548199999999746,0.8588235294117647,260.2799999999999,0,24,194,2730.3519983839997,819.3300000000035,1,1,0,1,0,1,0,0,0,0,0,0,0,0,0,0,1,0,0,0,4,8,18,0.05,1.0
CCCCCCCC/C=C\CCCCCCCCOC(=O)OC(C/C=C\CCCCCCCCOC(=O)CCN(C)CCCN(CCC(=O)OCCCCCCCC/C=C\CC(CCCCCC)OC(=O)OCCCCCCCC/C=C\CCCCCCCC)CCC(=O)OCCCCCCCC/C=C\CC(CCCCCC)OC(=O)OCCCCCCCC/C=C\CCCCCCCC)CCCCCC,-1.193703908,0,35.0,16.0,46.5,2.5,10.0,7.59497844717906,2,112,38.03029999999998,0.8548387096774194,191.9699999999999,0,17,141,1985.7139745959996,596.8060000000028,1,1,0,1,0,1,0,0,0,0,0,0,0,0,0,0,1,0,0,0,2,6,18,0.05,1.0
CCC#CCOC(=O)OC(C/C=C\CCCCCCCCOC(=O)CCN(CCCN(CCC(=O)OCCCCCCCC/C=C\CC(CCCCCC)OC(=O)OCC#CCC)CCC(=O)OCCCCCCCC/C=C\CC(CCCCCC)OC(=O)OCC#CCC)CCC(=O)OCCCCCCCC/C=C\CC(CCCCCC)OC(=O)OCC#CCC)CCCCCC,-1.195380375,0,35.0,16.0,46.5,2.5,10.0,7.533534873705428,2,88,28.044100000000064,0.7837837837837838,253.7999999999999,0,22,133,1867.3598963519992,536.2930000000023,1,1,0,1,0,1,0,0,0,0,0,0,0,0,0,0,1,0,0,0,2,8,12,0.05,1.0
CCC#CCOC(=O)OC(C/C=C\CCCCCCCCOC(=O)CCN1CCN(CC2CCN(C)CC2)CC1)CCCCCC,-1.197062535,0,35.0,16.0,46.5,2.5,10.0,6.472299925574255,3,23,7.461700000000008,0.8421052631578947,71.55,0,8,46,645.508072244,187.79999999999933,1,1,0,1,0,1,0,0,0,0,0,0,0,0,0,0,1,0,0,0,3,2,12,0.05,1.0
CCCCCC#CCOC(=O)OC(C/C=C\CCCCCCCCOC(=O)CCN(CCC(=O)OCCCCCCCC/C=C\CC(CCCCCC)OC(=O)OCC#CCCCCC)CCC1OCCO1)CCCCCC,-1.197737001,0,35.0,16.0,46.5,2.5,10.0,7.00269993744622,1,51,16.423799999999968,0.8153846153846154,145.36,0,13,78,1097.810627992,313.8490000000001,1,1,0,1,0,1,0,0,0,0,0,0,0,0,0,0,1,0,0,0,1,4,12,0.05,1.0
CCCCC#CCCOC(=O)OC(C/C=C\CCCCCCCCOC(=O)CCN(CCO)CCC(=O)OCCCCCCCC/C=C\CC(CCCCCC)OC(=O)OCCC#CCCCC)CCCCCC,-1.206246236,0,35.0,16.0,46.5,2.5,10.0,6.9503683086409795,1,50,15.653099999999966,0.8064516129032258,147.13,1,12,74,1041.784413244,300.6257999999998,1,1,0,1,0,1,0,0,0,0,0,0,0,0,0,0,1,0,0,0,1,4,12,0.05,1.0
CCCCC#CCOC(=O)OC(C/C=C\CCCCCCCCOC(=O)CCN(C)CCO)CCCCCC,-1.213508708,0,35.0,16.0,46.5,2.5,10.0,6.315012553073464,1,25,7.20660000000001,0.8125,85.30000000000001,1,7,39,551.4185885439999,158.51579999999976,1,1,0,1,0,1,0,0,0,0,0,0,0,0,0,0,1,0,0,0,1,2,12,0.05,1.0
CCCCCCCCCCCCCCCCCCOC(=O)OC(C/C=C\CCCCCCCCOC(=O)CCN(C)CCO)CCCCCC,-1.214205957,0,35.0,16.0,46.5,2.5,10.0,6.5668665037966685,1,39,12.274499999999984,0.9069767441860463,85.30000000000001,1,7,50,709.6220393760001,210.7607999999991,1,1,0,1,0,1,0,0,0,0,0,0,0,0,0,0,1,0,0,0,1,1,18,0.05,1.0
CCCCCCCC/C=C\CCCCCCCCOC(=O)OC(C/C=C\CCCCCCCCOC(=O)CCN(CCC(=O)OCCCCCCCC/C=C\CC(CCCCCC)OC(=O)OCCCCCCCC/C=C\CCCCCCCC)CC1CCCCN1C)CCCCCC,-1.221232961,0,35.0,16.0,46.5,2.5,10.0,7.240822439190831,2,74,26.052700000000044,0.8620689655172413,130.14,0,12,99,1393.2072993200002,418.877000000002,1,1,0,1,0,1,0,0,0,0,0,0,0,0,0,0,1,0,0,0,2,4,18,0.05,1.0
CCCCCC#CCOC(=O)OC(C/C=C\CCCCCCCCOC(=O)CCN(C)CCO)CCCCCC,-1.222295663,0,35.0,16.0,46.5,2.5,10.0,6.340070020266752,1,26,7.59670000000001,0.8181818181818182,85.30000000000001,1,7,40,565.4342386079999,163.1327999999997,1,1,0,1,0,1,0,0,0,0,0,0,0,0,0,0,1,0,0,0,1,2,12,0.05,1.0
CCCCC#CCOC(=O)OC(C/C=C\CCCCCCCCOC(=O)CCN1CCN(CCOCCO)CC1)CCCCCC,-1.228002224,0,35.0,16.0,46.5,2.5,10.0,6.479955600914525,2,28,6.909000000000009,0.8378378378378378,97.77,1,9,46,650.487002452,184.7177999999994,1,1,0,1,0,1,0,0,0,0,0,0,0,0,0,0,1,0,0,0,2,2,12,0.05,1.0
CCCCC/C=C\C/C=C\CCCCCCCCOC(=O)OC(C/C=C\CCCCCCCCOC(=O)CCN(CCC(=O)OCCCCCCCC/C=C\CC(CCCCCC)OC(=O)OCCCCCCCC/C=C\C/C=C\CCCCC)CCN1CCCCCC1)CCCCCC,-1.231963969,0,35.0,16.0,46.5,2.5,10.0,7.247960539192457,2,73,25.996400000000044,0.8181818181818182,130.14,0,12,100,1403.1916492560003,423.32800000000213,1,1,0,1,0,1,0,0,0,0,0,0,0,0,0,0,1,0,0,0,2,6,18,0.05,1.0
CCCCCC#CCOC(=O)OC(C/C=C\CCCCCCCCOC(=O)CCN(CCCN(CCC(=O)OCCCCCCCC/C=C\CC(CCCCCC)OC(=O)OCC#CCCCCC)CCC(=O)OCCCCCCCC/C=C\CC(CCCCCC)OC(=O)OCC#CCCCCC)CCC(=O)OCCCCCCCC/C=C\CC(CCCCCC)OC(=O)OCC#CCCCCC)CCCCCC,-1.232325704,0,35.0,16.0,46.5,2.5,10.0,7.619737461977542,2,100,32.72530000000008,0.8048780487804879,253.7999999999999,0,22,145,2035.5476971199992,591.6970000000025,1,1,0,1,0,1,0,0,0,0,0,0,0,0,0,0,1,0,0,0,2,8,12,0.05,1.0
CCCCCC#CCOC(=O)OC(C/C=C\CCCCCCCCOC(=O)CCN(CCCCCO)CCC(=O)OCCCCCCCC/C=C\CC(CCCCCC)OC(=O)OCC#CCCCCC)CCCCCC,-1.239249328,0,35.0,16.0,46.5,2.5,10.0,6.9899019256691215,1,53,16.82339999999997,0.8153846153846154,147.13,1,12,77,1083.831363436,314.4768,1,1,0,1,0,1,0,0,0,0,0,0,0,0,0,0,1,0,0,0,1,4,12,0.05,1.0
CCCCC#CCOC(=O)OC(C/C=C\CCCCCCCCOC(=O)CCN(CCCN(CCC(=O)OCCCCCCCC/C=C\CC(CCCCCC)OC(=O)OCC#CCCCC)CCC(=O)OCCCCCCCC/C=C\CC(CCCCCC)OC(=O)OCC#CCCCC)CCC(=O)OCCCCCCCC/C=C\CC(CCCCCC)OC(=O)OCC#CCCCC)CCCCCC,-1.244413587,0,35.0,16.0,46.5,2.5,10.0,7.591820846244529,2,96,31.16490000000009,0.7983193277310925,253.7999999999999,0,22,141,1979.4850968639992,573.2290000000024,1,1,0,1,0,1,0,0,0,0,0,0,0,0,0,0,1,0,0,0,2,8,12,0.05,1.0
CCCCC#CCOC(=O)OC(C/C=C\CCCCCCCCOC(=O)CCN(CCC(=O)OCCCCCCCC/C=C\CC(CCCCCC)OC(=O)OCC#CCCCC)CC1OCCO1)CCCCCC,-1.246643428,0,35.0,16.0,46.5,2.5,10.0,6.963678986441338,1,48,15.253499999999969,0.8064516129032258,145.36,0,13,75,1055.7636778,299.9979999999998,1,1,0,1,0,1,0,0,0,0,0,0,0,0,0,0,1,0,0,0,1,4,12,0.05,1.0
CCCCCCCC/C=C\CCCCCCCCOC(=O)OC(C/C=C\CCCCCCCCOC(=O)CCN(CCCN(CCC(=O)OCCCCCCCC/C=C\CC(CCCCCC)OC(=O)OCCCCCCCC/C=C\CCCCCCCC)CCC(=O)OCCCCCCCC/C=C\CC(CCCCCC)OC(=O)OCCCCCCCC/C=C\CCCCCCCC)CCC(=O)OCCCCCCCC/C=C\CC(CCCCCC)OC(=O)OCCCCCCCC/C=C\CCCCCCCC)CCCCCC,-1.251885756,0,35.0,16.0,46.5,2.5,10.0,7.866021004417612,2,148,50.54049999999975,0.852760736196319,253.7999999999999,0,22,185,2604.2362999359993,781.8330000000033,1,1,0,1,0,1,0,0,0,0,0,0,0,0,0,0,1,0,0,0,2,8,18,0.05,1.0
CCCCCC#CCOC(=O)OC(C/C=C\CCCCCCCCOC(=O)CCN(CCC(=O)OCCCCCCCC/C=C\CC(CCCCCC)OC(=O)OCC#CCCCCC)CCN1CCCCCC1)CCCCCC,-1.263309679,0,35.0,16.0,46.5,2.5,10.0,7.025268055899694,2,51,17.536799999999978,0.8235294117647058,130.14,0,12,80,1122.878647976,328.44800000000026,1,1,0,1,0,1,0,0,0,0,0,0,0,0,0,0,1,0,0,0,2,4,12,0.05,1.0
CCCC#CCOC(=O)OC(C/C=C\CCCCCCCCOC(=O)CCN(C)CCN(CCN(C)CCC(=O)OCCCCCCCC/C=C\CC(CCCCCC)OC(=O)OCC#CCCC)CCN(C)CCC(=O)OCCCCCCCC/C=C\CC(CCCCCC)OC(=O)OCC#CCCC)CCCCCC,-1.264466695,0,35.0,16.0,46.5,2.5,10.0,7.363490091121273,4,75,21.801800000000014,0.8064516129032258,198.44999999999996,0,19,112,1575.203670484,456.8790000000022,1,1,0,1,0,1,0,0,0,0,0,0,0,0,0,0,1,0,0,0,4,6,12,0.05,1.0
CCCCCCC#CCOC(=O)OC(C/C=C\CCCCCCCCOC(=O)CCN1CCN(CCOCCO)CC1)CCCCCC,-1.268343049,0,35.0,16.0,46.5,2.5,10.0,6.52208691579991,2,30,7.68920000000001,0.8461538461538461,97.77,1,9,48,678.51830258,193.95179999999928,1,1,0,1,0,1,0,0,0,0,0,0,0,0,0,0,1,0,0,0,2,2,12,0.05,1.0
CCC#CCOC(=O)OC(C/C=C\CCCCCCCCOC(=O)CCN(CCC(=O)OCCCCCCCC/C=C\CC(CCCCCC)OC(=O)OCC#CCC)CC1OCCO1)CCCCCC,-1.271857892,0,35.0,16.0,46.5,2.5,10.0,6.909163287273072,1,44,13.693099999999978,0.7931034482758621,145.36,0,13,71,999.701077544,281.52999999999946,1,1,0,1,0,1,0,0,0,0,0,0,0,0,0,0,1,0,0,0,1,4,12,0.05,1.0
CCCCCCC#CCCOC(=O)OC(C/C=C\CCCCCCCCOC(=O)CCN(CCN(CC)CC)CCN(CC)CC)CCCCCC,-1.281354582,0,35.0,16.0,46.5,2.5,10.0,6.600093603574908,3,36,10.438399999999998,0.8636363636363636,71.55,0,8,52,733.633272756,219.79999999999896,1,1,0,1,0,1,0,0,0,0,0,0,0,0,0,0,1,0,0,0,3,2,12,0.05,1.0
CCCCCC#CCOC(=O)OC(C/C=C\CCCCCCCCOC(=O)CCN1CCC(CCCC2CCN(CCO)CC2)CC1)CCCCCC,-1.28617208,0,35.0,16.0,46.5,2.5,10.0,6.614917270841813,2,30,10.2592,0.8666666666666667,88.54,1,8,53,744.60163828,217.81479999999905,1,1,0,1,0,1,0,0,0,0,0,0,0,0,0,0,1,0,0,0,2,2,12,0.05,1.0
CCCCCCC#CCOC(=O)OC(C/C=C\CCCCCCCCOC(=O)CCN(C)CCN(C)CCC(=O)OCCCCCCCC/C=C\CC(CCCCCC)OC(=O)OCC#CCCCCCC)CCCCCC,-1.28778838,0,35.0,16.0,46.5,2.5,10.0,7.001844713980624,2,53,17.002599999999973,0.8181818181818182,130.14,0,12,78,1096.862997912,321.32800000000015,1,1,0,1,0,1,0,0,0,0,0,0,0,0,0,0,1,0,0,0,2,4,12,0.05,1.0
CCCCC#CCOC(=O)OC(C/C=C\CCCCCCCCOC(=O)CCN(C)CCN(CCN(C)CCC(=O)OCCCCCCCC/C=C\CC(CCCCCC)OC(=O)OCC#CCCCC)CCN(C)CCC(=O)OCCCCCCCC/C=C\CC(CCCCCC)OC(=O)OCC#CCCCC)CCCCCC,-1.30049678,0,35.0,16.0,46.5,2.5,10.0,7.389819016884359,4,78,22.97210000000003,0.8125,198.44999999999996,0,19,115,1617.250620676,470.7300000000022,1,1,0,1,0,1,0,0,0,0,0,0,0,0,0,0,1,0,0,0,4,6,12,0.05,1.0
CCCCCC#CCOC(=O)OC(C/C=C\CCCCCCCCOC(=O)CCN(C)CCN(CCN(C)CCC(=O)OCCCCCCCC/C=C\CC(CCCCCC)OC(=O)OCC#CCCCCC)CCN(C)CCC(=O)OCCCCCCCC/C=C\CC(CCCCCC)OC(=O)OCC#CCCCCC)CCCCCC,-1.315248054,0,35.0,16.0,46.5,2.5,10.0,7.415472476593425,4,81,24.14240000000004,0.8181818181818182,198.44999999999996,0,19,118,1659.297570868,484.58100000000223,1,1,0,1,0,1,0,0,0,0,0,0,0,0,0,0,1,0,0,0,4,6,12,0.05,1.0
CCCCCCCCCCCCCCCCCCOC(=O)OC(C/C=C\CCCCCCCCOC(=O)CCN(CCC(=O)OCCCCCCCC/C=C\CC(CCCCCC)OC(=O)OCCCCCCCCCCCCCCCCCC)CCN1CCN(C)CC1)CCCCCC,-1.3161044,0,35.0,16.0,46.5,2.5,10.0,7.254381503227678,3,77,25.26380000000004,0.9080459770114944,133.38000000000002,0,13,100,1412.2494984800005,422.733000000002,1,1,0,1,0,1,0,0,0,0,0,0,0,0,0,0,1,0,0,0,3,2,18,0.05,1.0
CCCC#CCOC(=O)OC(C/C=C\CCCCCCCCOC(=O)CCN(C)CCO)CCCCCC,-1.320408471,0,35.0,16.0,46.5,2.5,10.0,6.289311036405781,1,24,6.816500000000008,0.8064516129032258,85.30000000000001,1,7,38,537.4029384799999,153.8987999999998,1,1,0,1,0,1,0,0,0,0,0,0,0,0,0,0,1,0,0,0,1,2,12,0.05,1.0
CCCC#CCOC(=O)OC(C/C=C\CCCCCCCCOC(=O)CCN(CCO)CCC(=O)OCCCCCCCC/C=C\CC(CCCCCC)OC(=O)OCC#CCCC)CCCCCC,-1.323443726,0,35.0,16.0,46.5,2.5,10.0,6.89510155725852,1,46,14.092699999999976,0.7931034482758621,147.13,1,12,70,985.721812988,282.15779999999944,1,1,0,1,0,1,0,0,0,0,0,0,0,0,0,0,1,0,0,0,1,4,12,0.05,1.0
CCCCC#CCOC(=O)OC(C/C=C\CCCCCCCCOC(=O)CCN(CCCN1CCCC1)CCC(=O)OCCCCCCCC/C=C\CC(CCCCCC)OC(=O)OCC#CCCCC)CCCCCC,-1.325623208,0,35.0,16.0,46.5,2.5,10.0,6.987134689799865,2,50,16.366499999999967,0.8153846153846154,130.14,0,12,77,1080.8316977840002,314.59700000000004,1,1,0,1,0,1,0,0,0,0,0,0,0,0,0,0,1,0,0,0,2,4,12,0.05,1.0
CCCCCCCC/C=C\CCCCCCCCOC(=O)OC(C/C=C\CCCCCCCCOC(=O)CCN(CCC(=O)OCCCCCCCC/C=C\CC(CCCCCC)OC(=O)OCCCCCCCC/C=C\CCCCCCCC)CCN1CCC(C)CC1)CCCCCC,-1.337113716,0,35.0,16.0,46.5,2.5,10.0,7.250825699631576,2,75,26.30030000000005,0.8636363636363636,130.14,0,12,100,1407.2229493840002,423.4460000000021,1,1,0,1,0,1,0,0,0,0,0,0,0,0,0,0,1,0,0,0,2,4,18,0.05,1.0
CCCCC/C=C\C/C=C\CCCCCCCCOC(=O)OC(C/C=C\CCCCCCCCOC(=O)CCN1CCC1c1ccccc1)CCCCCC,-1.337561027,0,35.0,16.0,46.5,2.5,10.0,6.640122862136059,1,36,14.34939999999997,0.7142857142857143,65.07000000000001,0,6,55,763.611474692,231.36299999999895,1,1,0,1,0,1,0,0,0,0,0,0,0,0,0,0,1,0,0,0,1,3,18,0.05,1.0
CCCCCCCCCCCCCCCCCCOC(=O)OC(C/C=C\CCCCCCCCOC(=O)CCN1CCCN(CCC(=O)OCCCCCCCC/C=C\CC(CCCCCC)OC(=O)OCCCCCCCCCCCCCCCCCC)CCN(CCC(=O)OCCCCCCCC/C=C\CC(CCCCCC)OC(=O)OCCCCCCCCCCCCCCCCCC)CCCN(CCC(=O)OCCCCCCCC/C=C\CC(CCCCCC)OC(=O)OCCCCCCCCCCCCCCCCCC)CC1)CCCCCC,-1.339803653,0,35.0,16.0,46.5,2.5,10.0,7.916237879231816,4,148,51.444199999999725,0.9058823529411764,260.2799999999999,0,24,194,2738.414598639999,819.7060000000035,1,1,0,1,0,1,0,0,0,0,0,0,0,0,0,0,1,0,0,0,4,4,18,0.05,1.0
CCCCC/C=C\C/C=C\CCCCCCCCOC(=O)OC(C/C=C\CCCCCCCCOC(=O)CCN(CCC(=O)OCCCCCCCC/C=C\CC(CCCCCC)OC(=O)OCCCCCCCC/C=C\C/C=C\CCCCC)CC(OC)OC)CCCCCC,-1.341154119,0,35.0,16.0,46.5,2.5,10.0,7.221197930130787,1,74,24.739300000000036,0.8095238095238095,145.36,0,13,97,1366.123629272,406.22600000000193,1,1,0,1,0,1,0,0,0,0,0,0,0,0,0,0,1,0,0,0,1,6,18,0.05,1.0
CCCCCCC#CCOC(=O)OC(C/C=C\CCCCCCCCOC(=O)CCN(CCC(=O)OCCCCCCCC/C=C\CC(CCCCCC)OC(=O)OCC#CCCCCCC)CCN1CCCC1)CCCCCC,-1.344319596,0,35.0,16.0,46.5,2.5,10.0,7.025268055899694,2,53,17.536799999999978,0.8235294117647058,130.14,0,12,80,1122.878647976,328.44800000000026,1,1,0,1,0,1,0,0,0,0,0,0,0,0,0,0,1,0,0,0,2,4,12,0.05,1.0
CCCC#CCOC(=O)OC(C/C=C\CCCCCCCCOC(=O)CCN(CCC(=O)OCCCCCCCC/C=C\CC(CCCCCC)OC(=O)OCC#CCCC)CC(OC)OC)CCCCCC,-1.3465931,0,35.0,16.0,46.5,2.5,10.0,6.938748973603143,1,48,14.719299999999972,0.8,145.36,0,13,73,1029.748027736,292.8779999999997,1,1,0,1,0,1,0,0,0,0,0,0,0,0,0,0,1,0,0,0,1,4,12,0.05,1.0
CCCCC#CCCOC(=O)OC(C/C=C\CCCCCCCCOC(=O)CCN(C)CCO)CCCCCC,-1.350711885,0,35.0,16.0,46.5,2.5,10.0,6.340070020266752,1,26,7.59670000000001,0.8181818181818182,85.30000000000001,1,7,40,565.4342386079999,163.1327999999997,1,1,0,1,0,1,0,0,0,0,0,0,0,0,0,0,1,0,0,0,1,2,12,0.05,1.0
CCCC#CCOC(=O)OC(C/C=C\CCCCCCCCOC(=O)CCN(CCC(=O)OCCCCCCCC/C=C\CC(CCCCCC)OC(=O)OCC#CCCC)CC1OCCO1)CCCCCC,-1.353014983,0,35.0,16.0,46.5,2.5,10.0,6.936792586045403,1,46,14.473299999999972,0.8,145.36,0,13,73,1027.732377672,290.76399999999967,1,1,0,1,0,1,0,0,0,0,0,0,0,0,0,0,1,0,0,0,1,4,12,0.05,1.0
CCCCCC#CCOC(=O)OC(C/C=C\CCCCCCCCOC(=O)CCN(CCCN1CCCC1)CCC(=O)OCCCCCCCC/C=C\CC(CCCCCC)OC(=O)OCC#CCCCCC)CCCCCC,-1.356257414,0,35.0,16.0,46.5,2.5,10.0,7.012717815456752,2,52,17.146699999999974,0.8208955223880597,130.14,0,12,79,1108.862997912,323.8310000000002,1,1,0,1,0,1,0,0,0,0,0,0,0,0,0,0,1,0,0,0,2,4,12,0.05,1.0
CCCCCCC#CCOC(=O)OC(C/C=C\CCCCCCCCOC(=O)CCN1CCC(CCCC2CCN(CCO)CC2)CC1)CCCCCC,-1.361395933,0,35.0,16.0,46.5,2.5,10.0,6.633542092477319,2,31,10.649299999999997,0.8695652173913043,88.54,1,8,54,758.617288344,222.43179999999904,1,1,0,1,0,1,0,0,0,0,0,0,0,0,0,0,1,0,0,0,2,2,12,0.05,1.0
CCCCCCC#CCOC(=O)OC(C/C=C\CCCCCCCCOC(=O)CCN(C)CCO)CCCCCC,-1.365640185,0,35.0,16.0,46.5,2.5,10.0,6.364514928702405,1,27,7.986800000000011,0.8235294117647058,85.30000000000001,1,7,41,579.4498886719999,167.74979999999962,1,1,0,1,0,1,0,0,0,0,0,0,0,0,0,0,1,0,0,0,1,2,12,0.05,1.0
CCCCC#CCCOC(=O)OC(C/C=C\CCCCCCCCOC(=O)CCN(CCN(CC)CC)CCN(CC)CC)CCCCCC,-1.386435826,0,35.0,16.0,46.5,2.5,10.0,6.561186240781443,3,34,9.6582,0.8571428571428571,71.55,0,8,50,705.601972628,210.56599999999904,1,1,0,1,0,1,0,0,0,0,0,0,0,0,0,0,1,0,0,0,3,2,12,0.05,1.0
CCCCCC#CCOC(=O)OC(C/C=C\CCCCCCCCOC(=O)CCN(CCC(=O)OCCCCCCCC/C=C\CC(CCCCCC)OC(=O)OCC#CCCCCC)CC1OCCO1)CCCCCC,-1.415944483,0,35.0,16.0,46.5,2.5,10.0,6.9898613948256045,1,50,16.033699999999964,0.8125,145.36,0,13,77,1083.794977928,309.232,1,1,0,1,0,1,0,0,0,0,0,0,0,0,0,0,1,0,0,0,1,4,12,0.05,1.0
CCCCC#CCCOC(=O)OC(C/C=C\CCCCCCCCOC(=O)CCN1CCN(CCN(C)C)CC1)CCCCCC,-1.422275502,0,35.0,16.0,46.5,2.5,10.0,6.475411144822728,3,27,7.85180000000001,0.8421052631578947,71.55,0,8,46,647.523722308,189.98399999999933,1,1,0,1,0,1,0,0,0,0,0,0,0,0,0,0,1,0,0,0,3,2,12,0.05,1.0
CCCCCCCCCCCCCCCCCCOC(=O)OC(C/C=C\CCCCCCCCOC(=O)CCN(CCCN1CCCC1)CCC(=O)OCCCCCCCC/C=C\CC(CCCCCC)OC(=O)OCCCCCCCCCCCCCCCCCC)CCCCCC,-1.424403951,0,35.0,16.0,46.5,2.5,10.0,7.243708095013543,2,78,26.502300000000048,0.9080459770114944,130.14,0,12,99,1397.238599448,419.0870000000019,1,1,0,1,0,1,0,0,0,0,0,0,0,0,0,0,1,0,0,0,2,2,18,0.05,1.0
CCCC#CCOC(=O)OC(C/C=C\CCCCCCCCOC(=O)CCN(C)CCN(C)CCC(=O)OCCCCCCCC/C=C\CC(CCCCCC)OC(=O)OCC#CCCC)CCCCCC,-1.424937494,0,35.0,16.0,46.5,2.5,10.0,6.922147216429115,2,47,14.661999999999972,0.8,130.14,0,12,72,1012.769097528,293.62599999999964,1,1,0,1,0,1,0,0,0,0,0,0,0,0,0,0,1,0,0,0,2,4,12,0.05,1.0
CCCCC#CCCOC(=O)OC(C/C=C\CCCCCCCCOC(=O)CCN(CCC(=O)OCCCCCCCC/C=C\CC(CCCCCC)OC(=O)OCCC#CCCCC)CC1OCCO1)CCCCCC,-1.424937494,0,35.0,16.0,46.5,2.5,10.0,6.9898613948256045,1,50,16.033699999999964,0.8125,145.36,0,13,77,1083.794977928,309.232,1,1,0,1,0,1,0,0,0,0,0,0,0,0,0,0,1,0,0,0,1,4,12,0.05,1.0
CCCCCCC#CCOC(=O)OC(C/C=C\CCCCCCCCOC(=O)CCN(C)CCN(CCN(C)CCC(=O)OCCCCCCCC/C=C\CC(CCCCCC)OC(=O)OCC#CCCCCCC)CCN(C)CCC(=O)OCCCCCCCC/C=C\CC(CCCCCC)OC(=O)OCC#CCCCCCC)CCCCCC,-1.433553285,0,35.0,16.0,46.5,2.5,10.0,7.440484263135089,4,84,25.31270000000005,0.8235294117647058,198.44999999999996,0,19,121,1701.3445210599996,498.4320000000023,1,1,0,1,0,1,0,0,0,0,0,0,0,0,0,0,1,0,0,0,4,6,12,0.05,1.0
CCCCCCC#CCOC(=O)OC(C/C=C\CCCCCCCCOC(=O)CCN(CCCN1CCCC1)CCC(=O)OCCCCCCCC/C=C\CC(CCCCCC)OC(=O)OCC#CCCCCCC)CCCCCC,-1.434640871,0,35.0,16.0,46.5,2.5,10.0,7.037662738084514,2,54,17.926899999999982,0.8260869565217391,130.14,0,12,81,1136.8942980400002,333.06500000000034,1,1,0,1,0,1,0,0,0,0,0,0,0,0,0,0,1,0,0,0,2,4,12,0.05,1.0
CCCCC/C=C\C/C=C\CCCCCCCCOC(=O)OC(C/C=C\CCCCCCCCOC(=O)CCN(CCC(=O)OCCCCCCCC/C=C\CC(CCCCCC)OC(=O)OCCCCCCCC/C=C\C/C=C\CCCCC)CCN1CCN(C)CC1)CCCCCC,-1.435185561,0,35.0,16.0,46.5,2.5,10.0,7.248663376892919,3,73,24.367800000000035,0.8160919540229885,133.38000000000002,0,13,100,1404.1868982240003,422.3570000000022,1,1,0,1,0,1,0,0,0,0,0,0,0,0,0,0,1,0,0,0,3,6,18,0.05,1.0
CCCC#CCOC(=O)OC(C/C=C\CCCCCCCCOC(=O)CCN(CCC(=O)OCCCCCCCC/C=C\CC(CCCCCC)OC(=O)OCC#CCCC)CCC1OCCO1)CCCCCC,-1.436276742,0,35.0,16.0,46.5,2.5,10.0,6.9503261433376515,1,47,14.863399999999972,0.8032786885245902,145.36,0,13,74,1041.748027736,295.38099999999974,1,1,0,1,0,1,0,0,0,0,0,0,0,0,0,0,1,0,0,0,1,4,12,0.05,1.0
CCCCC/C=C\C/C=C\CCCCCCCCOC(=O)OC(C/C=C\CCCCCCCCOC(=O)CCN(CCC(=O)OCCCCCCCC/C=C\CC(CCCCCC)OC(=O)OCCCCCCCC/C=C\C/C=C\CCCCC)CC1CCCCN1C)CCCCCC,-1.445650113,0,35.0,16.0,46.5,2.5,10.0,7.23792843225434,2,72,25.60470000000004,0.8160919540229885,130.14,0,12,99,1389.1759991920003,418.68900000000207,1,1,0,1,0,1,0,0,0,0,0,0,0,0,0,0,1,0,0,0,2,6,18,0.05,1.0
CCCCCCC#CCCOC(=O)OC(C/C=C\CCCCCCCCOC(=O)CCN1CCC(CCCC2CCN(CCO)CC2)CC1)CCCCCC,-1.450685232,0,35.0,16.0,46.5,2.5,10.0,6.651826363168331,2,32,11.039399999999992,0.8723404255319149,88.54,1,8,55,772.632938408,227.04879999999895,1,1,0,1,0,1,0,0,0,0,0,0,0,0,0,0,1,0,0,0,2,2,12,0.05,1.0
CCC#CCOC(=O)OC(C/C=C\CCCCCCCCOC(=O)CCN(C)CCN(C)CCC(=O)OCCCCCCCC/C=C\CC(CCCCCC)OC(=O)OCC#CCC)CCCCCC,-1.46148602,0,35.0,16.0,46.5,2.5,10.0,6.894104530019096,2,45,13.881799999999975,0.7931034482758621,130.14,0,12,70,984.7377974,284.39199999999937,1,1,0,1,0,1,0,0,0,0,0,0,0,0,0,0,1,0,0,0,2,4,12,0.05,1.0
CCCCCCCC/C=C\CCCCCCCCOC(=O)OC(C/C=C\CCCCCCCCOC(=O)CCN(CCC(=O)OCCCCCCCC/C=C\CC(CCCCCC)OC(=O)OCCCCCCCC/C=C\CCCCCCCC)CCC1OCCO1)CCCCCC,-1.489869657,0,35.0,16.0,46.5,2.5,10.0,7.232855961004279,1,75,25.33140000000004,0.8588235294117647,145.36,0,13,98,1382.1549294,408.9170000000019,1,1,0,1,0,1,0,0,0,0,0,0,0,0,0,0,1,0,0,0,1,4,18,0.05,1.0
CCCCC#CCOC(=O)OC(C/C=C\CCCCCCCCOC(=O)CCN(C)CCO)CCCCCC,-1.491088342,0,35.0,16.0,46.5,2.5,10.0,6.315012553073464,1,25,7.20660000000001,0.8125,85.30000000000001,1,7,39,551.4185885439999,158.51579999999976,1,1,0,1,0,1,0,0,0,0,0,0,0,0,0,0,1,0,0,0,1,2,12,0.05,1.0
CCCCCCCC/C=C\CCCCCCCCOC(=O)OC(C/C=C\CCCCCCCCOC(=O)CCN1CCC1c1ccccc1)CCCCCC,-1.500325319,0,35.0,16.0,46.5,2.5,10.0,6.642754040753413,1,37,14.57339999999997,0.7551020408163265,65.07000000000001,0,6,55,765.6271247560001,231.45699999999889,1,1,0,1,0,1,0,0,0,0,0,0,0,0,0,0,1,0,0,0,1,2,18,0.05,1.0
CCCC#CCOC(=O)OC(C/C=C\CCCCCCCCOC(=O)CCN(CCCN1CCCC1)CCC(=O)OCCCCCCCC/C=C\CC(CCCCCC)OC(=O)OCC#CCCC)CCCCCC,-1.500947285,0,35.0,16.0,46.5,2.5,10.0,6.960879845566741,2,48,15.586299999999968,0.8095238095238095,130.14,0,12,75,1052.800397656,305.36299999999983,1,1,0,1,0,1,0,0,0,0,0,0,0,0,0,0,1,0,0,0,2,4,12,0.05,1.0
CCCCCC#CCOC(=O)OC(C/C=C\CCCCCCCCOC(=O)CCN(C)CCN(C)CCC(=O)OCCCCCCCC/C=C\CC(CCCCCC)OC(=O)OCC#CCCCCC)CCCCCC,-1.507840945,0,35.0,16.0,46.5,2.5,10.0,6.975978254174979,2,51,16.22239999999997,0.8125,130.14,0,12,76,1068.831697784,312.094,1,1,0,1,0,1,0,0,0,0,0,0,0,0,0,0,1,0,0,0,2,4,12,0.05,1.0
CCCCC/C=C\C/C=C\CCCCCCCCOC(=O)OC(C/C=C\CCCCCCCCOC(=O)CCN(CCC(=O)OCCCCCCCC/C=C\CC(CCCCCC)OC(=O)OCCCCCCCC/C=C\C/C=C\CCCCC)CC1OCCO1)CCCCCC,-1.518042499,0,35.0,16.0,46.5,2.5,10.0,7.219723295980194,1,72,24.493300000000033,0.8095238095238095,145.36,0,13,97,1364.1079792080002,404.1120000000019,1,1,0,1,0,1,0,0,0,0,0,0,0,0,0,0,1,0,0,0,1,6,18,0.05,1.0
CCCCC/C=C\C/C=C\CCCCCCCCOC(=O)OC(C/C=C\CCCCCCCCOC(=O)CCN(CCC(=O)OCCCCCCCC/C=C\CC(CCCCCC)OC(=O)OCCCCCCCC/C=C\C/C=C\CCCCC)CCC1OCCO1)CCCCCC,-1.535748788,0,35.0,16.0,46.5,2.5,10.0,7.229938773151583,1,73,24.883400000000037,0.8117647058823529,145.36,0,13,98,1378.123629272,408.729000000002,1,1,0,1,0,1,0,0,0,0,0,0,0,0,0,0,1,0,0,0,1,6,18,0.05,1.0
CCCCCCC#CCOC(=O)OC(C/C=C\CCCCCCCCOC(=O)CCN(CCCN(CCC(=O)OCCCCCCCC/C=C\CC(CCCCCC)OC(=O)OCC#CCCCCCC)CCC(=O)OCCCCCCCC/C=C\CC(CCCCCC)OC(=O)OCC#CCCCCCC)CCC(=O)OCCCCCCCC/C=C\CC(CCCCCC)OC(=O)OCC#CCCCCCC)CCCCCC,-1.549285027,0,35.0,16.0,46.5,2.5,10.0,7.646895859266427,2,104,34.28570000000005,0.8110236220472441,253.7999999999999,0,22,149,2091.6102973759994,610.1650000000026,1,1,0,1,0,1,0,0,0,0,0,0,0,0,0,0,1,0,0,0,2,8,12,0.05,1.0
CCCCC#CCOC(=O)OC(C/C=C\CCCCCCCCOC(=O)CCN(C)CCN(C)CCC(=O)OCCCCCCCC/C=C\CC(CCCCCC)OC(=O)OCC#CCCCC)CCCCCC,-1.564614943,0,35.0,16.0,46.5,2.5,10.0,6.9494249141535285,2,49,15.44219999999997,0.8064516129032258,130.14,0,12,74,1040.800397656,302.8599999999998,1,1,0,1,0,1,0,0,0,0,0,0,0,0,0,0,1,0,0,0,2,4,12,0.05,1.0
CCC#CCOC(=O)OC(C/C=C\CCCCCCCCOC(=O)CCN(CCC(=O)OCCCCCCCC/C=C\CC(CCCCCC)OC(=O)OCC#CCC)CCN1CCCC1)CCCCCC,-1.584837975,0,35.0,16.0,46.5,2.5,10.0,6.9201580456991785,2,45,14.415999999999974,0.8,130.14,0,12,72,1010.753447464,291.51199999999955,1,1,0,1,0,1,0,0,0,0,0,0,0,0,0,0,1,0,0,0,2,4,12,0.05,1.0
CCCCC#CCOC(=O)OC(C/C=C\CCCCCCCCOC(=O)CCN(CCO)CCC(=O)OCCCCCCCC/C=C\CC(CCCCCC)OC(=O)OCC#CCCCC)CCCCCC,-1.592265332,0,35.0,16.0,46.5,2.5,10.0,6.923116686094835,1,48,14.872899999999971,0.8,147.13,1,12,72,1013.753113116,291.3917999999996,1,1,0,1,0,1,0,0,0,0,0,0,0,0,0,0,1,0,0,0,1,4,12,0.05,1.0
CCCCC#CCOC(=O)OC(C/C=C\CCCCCCCCOC(=O)CCN(CCC(=O)OCCCCCCCC/C=C\CC(CCCCCC)OC(=O)OCC#CCCCC)CCN1CCCC1)CCCCCC,-1.600566136,0,35.0,16.0,46.5,2.5,10.0,6.97409342981435,2,49,15.976399999999964,0.8125,130.14,0,12,76,1066.81604772,309.97999999999996,1,1,0,1,0,1,0,0,0,0,0,0,0,0,0,0,1,0,0,0,2,4,12,0.05,1.0
CCCCCCCCCCCCCCCCCCOC(=O)OC(C/C=C\CCCCCCCCOC(=O)CCN1CCN(CC2CCN(C)CC2)CC1)CCCCCC,-1.604385704,0,35.0,16.0,46.5,2.5,10.0,6.725457321909706,3,39,13.30979999999998,0.9215686274509804,71.55,0,8,59,831.7428232039999,249.27899999999875,1,1,0,1,0,1,0,0,0,0,0,0,0,0,0,0,1,0,0,0,3,1,18,0.05,1.0
CCCCC#CCCOC(=O)OC(C/C=C\CCCCCCCCOC(=O)CCN1CCC(CCCC2CCN(CCO)CC2)CC1)CCCCCC,-1.623938181,0,35.0,16.0,46.5,2.5,10.0,6.614917270841813,2,30,10.2592,0.8666666666666667,88.54,1,8,53,744.60163828,217.81479999999908,1,1,0,1,0,1,0,0,0,0,0,0,0,0,0,0,1,0,0,0,2,2,12,0.05,1.0
CCCCCCCC/C=C\CCCCCCCCOC(=O)OC(C/C=C\CCCCCCCCOC(=O)CCN(CCC(=O)OCCCCCCCC/C=C\CC(CCCCCC)OC(=O)OCCCCCCCC/C=C\CCCCCCCC)CC(OC)OC)CCCCCC,-1.630361552,0,35.0,16.0,46.5,2.5,10.0,7.224140690784021,1,76,25.18730000000004,0.8571428571428571,145.36,0,13,97,1370.1549294,406.41400000000186,1,1,0,1,0,1,0,0,0,0,0,0,0,0,0,0,1,0,0,0,1,4,18,0.05,1.0
CCCCC/C=C\C/C=C\CCCCCCCCOC(=O)OC(C/C=C\CCCCCCCCOC(=O)CCN(C)CCN(C)CCC(=O)OCCCCCCCC/C=C\CC(CCCCCC)OC(=O)OCCCCCCCC/C=C\C/C=C\CCCCC)CCCCCC,-1.650147029,0,35.0,16.0,46.5,2.5,10.0,7.208706919992937,2,73,24.68200000000003,0.8095238095238095,130.14,0,12,96,1349.144699064,406.9740000000018,1,1,0,1,0,1,0,0,0,0,0,0,0,0,0,0,1,0,0,0,2,6,18,0.05,1.0
CCCCCCCC/C=C\CCCCCCCCOC(=O)OC(C/C=C\CCCCCCCCOC(=O)CCN(CCCN1CCOCC1)CCC(=O)OCCCCCCCC/C=C\CC(CCCCCC)OC(=O)OCCCCCCCC/C=C\CCCCCCCC)CCCCCC,-1.652676714,0,35.0,16.0,46.5,2.5,10.0,7.252224029522026,2,76,25.29070000000004,0.8620689655172413,139.37,0,13,100,1409.20221394,420.484000000002,1,1,0,1,0,1,0,0,0,0,0,0,0,0,0,0,1,0,0,0,2,4,18,0.05,1.0
CCCCCCCCCCCCCCCCCCOC(=O)OC(C/C=C\CCCCCCCCOC(=O)CCN1CCC1c1ccccc1)CCCCCC,-1.664655772,0,35.0,16.0,46.5,2.5,10.0,6.645378314434,1,38,14.797399999999968,0.7959183673469388,65.07000000000001,0,6,55,767.64277482,231.55099999999888,1,1,0,1,0,1,0,0,0,0,0,0,0,0,0,0,1,0,0,0,1,1,18,0.05,1.0
CCCCCCCCCCCCCCCCCCOC(=O)OC(C/C=C\CCCCCCCCOC(=O)CCN(CCCn1ccnc1)CCC(=O)OCCCCCCCC/C=C\CC(CCCCCC)OC(=O)OCCCCCCCCCCCCCCCCCC)CCCCCC,-1.671633289,0,35.0,16.0,46.5,2.5,10.0,7.241530309983823,3,78,26.303200000000047,0.872093023255814,144.72,0,13,99,1394.202548288,415.64000000000186,1,1,0,1,0,1,0,0,0,0,0,0,0,0,0,0,1,0,0,0,2,2,18,0.05,1.0
CCCCCCCC/C=C\CCCCCCCCOC(=O)OC(C/C=C\CCCCCCCCOC(=O)CCN(CCC(=O)OCCCCCCCC/C=C\CC(CCCCCC)OC(=O)OCCCCCCCC/C=C\CCCCCCCC)CC1OCCO1)CCCCCC,-1.681390721,0,35.0,16.0,46.5,2.5,10.0,7.222670392937046,1,74,24.941300000000037,0.8571428571428571,145.36,0,13,97,1368.139279336,404.30000000000183,1,1,0,1,0,1,0,0,0,0,0,0,0,0,0,0,1,0,0,0,1,4,18,0.05,1.0
CCCCC/C=C\C/C=C\CCCCCCCCOC(=O)OC(C/C=C\CCCCCCCCOC(=O)CCN(CCCN1CCOCC1)CCC(=O)OCCCCCCCC/C=C\CC(CCCCCC)OC(=O)OCCCCCCCC/C=C\C/C=C\CCCCC)CCCCCC,-1.69778398,0,35.0,16.0,46.5,2.5,10.0,7.249362878455511,2,74,24.842700000000036,0.8160919540229885,139.37,0,13,100,1405.1709138120002,420.29600000000215,1,1,0,1,0,1,0,0,0,0,0,0,0,0,0,0,1,0,0,0,2,6,18,0.05,1.0
CCCCCCC#CCOC(=O)OC(C/C=C\CCCCCCCCOC(=O)CCN(C)CCO)CCCCCC,-1.711872004,0,35.0,16.0,46.5,2.5,10.0,6.364514928702405,1,27,7.986800000000011,0.8235294117647058,85.30000000000001,1,7,41,579.4498886719999,167.74979999999962,1,1,0,1,0,1,0,0,0,0,0,0,0,0,0,0,1,0,0,0,1,2,12,0.05,1.0
CCCCCCCCCCCCCCCCCCOC(=O)OC(C/C=C\CCCCCCCCOC(=O)CCN(CCC(=O)OCCCCCCCC/C=C\CC(CCCCCC)OC(=O)OCCCCCCCCCCCCCCCCCC)CC(OCC)OCC)CCCCCC,-1.718586083,0,35.0,16.0,46.5,2.5,10.0,7.247255070786655,1,80,26.415500000000048,0.9069767441860463,145.36,0,13,99,1402.217529656,415.83600000000195,1,1,0,1,0,1,0,0,0,0,0,0,0,0,0,0,1,0,0,0,1,2,18,0.05,1.0
CCCCCC#CCOC(=O)OC(C/C=C\CCCCCCCCOC(=O)CCN(CCC(=O)OCCCCCCCC/C=C\CC(CCCCCC)OC(=O)OCC#CCCCCC)CCN1CCCC1)CCCCCC,-1.732293551,0,35.0,16.0,46.5,2.5,10.0,7.000008062437133,2,51,16.75659999999997,0.8181818181818182,130.14,0,12,78,1094.8473478479998,319.2140000000001,1,1,0,1,0,1,0,0,0,0,0,0,0,0,0,0,1,0,0,0,2,4,12,0.05,1.0
CCCCCCCCCCCCCCCCCCOC(=O)OC(C/C=C\CCCCCCCCOC(=O)CCN(CCC(=O)OCCCCCCCC/C=C\CC(CCCCCC)OC(=O)OCCCCCCCCCCCCCCCCCC)CCC1OCCO1)CCCCCC,-1.73628066,0,35.0,16.0,46.5,2.5,10.0,7.235764663619039,1,77,25.77940000000004,0.9058823529411764,145.36,0,13,98,1386.186229528,409.10500000000184,1,1,0,1,0,1,0,0,0,0,0,0,0,0,0,0,1,0,0,0,1,2,18,0.05,1.0
CCCCCCCC/C=C\CCCCCCCCOC(=O)OC(C/C=C\CCCCCCCCOC(=O)CCN(CCC(=O)OCCCCCCCC/C=C\CC(CCCCCC)OC(=O)OCCCCCCCC/C=C\CCCCCCCC)CCN1CCCC1)CCCCCC,-1.758802514,0,35.0,16.0,46.5,2.5,10.0,7.230718101577991,2,75,25.66420000000004,0.8604651162790697,130.14,0,12,98,1379.1916492560003,414.2820000000019,1,1,0,1,0,1,0,0,0,0,0,0,0,0,0,0,1,0,0,0,2,4,18,0.05,1.0
CCCCCC#CCOC(=O)OC(C/C=C\CCCCCCCCOC(=O)CCN(CCO)CCC(=O)OCCCCCCCC/C=C\CC(CCCCCC)OC(=O)OCC#CCCCCC)CCCCCC,-1.778022853,0,35.0,16.0,46.5,2.5,10.0,6.9503683086409795,1,50,15.653099999999966,0.8064516129032258,147.13,1,12,74,1041.784413244,300.62579999999974,1,1,0,1,0,1,0,0,0,0,0,0,0,0,0,0,1,0,0,0,1,4,12,0.05,1.0
CCCCCCCC/C=C\CCCCCCCCOC(=O)OC(C/C=C\CCCCCCCCOC(=O)CCN(C)CCN(C)CCC(=O)OCCCCCCCC/C=C\CC(CCCCCC)OC(=O)OCCCCCCCC/C=C\CCCCCCCC)CCCCCC,-1.799154034,0,35.0,16.0,46.5,2.5,10.0,7.211686614177809,2,75,25.13000000000004,0.8571428571428571,130.14,0,12,96,1353.175999192,407.1620000000018,1,1,0,1,0,1,0,0,0,0,0,0,0,0,0,0,1,0,0,0,2,4,18,0.05,1.0
CCCCC/C=C\C/C=C\CCCCCCCCOC(=O)OC(C/C=C\CCCCCCCCOC(=O)CCN(CCCn1ccnc1)CCC(=O)OCCCCCCCC/C=C\CC(CCCCCC)OC(=O)OCCCCCCCC/C=C\C/C=C\CCCCC)CCCCCC,-1.80717217,0,35.0,16.0,46.5,2.5,10.0,7.23573801008224,3,74,25.40720000000004,0.7790697674418605,144.72,0,13,99,1386.139948032,415.26400000000206,1,1,0,1,0,1,0,0,0,0,0,0,0,0,0,0,1,0,0,0,2,6,18,0.05,1.0
CCCCCC#CCOC(=O)OC(C/C=C\CCCCCCCCOC(=O)CCN(C)CCO)CCCCCC,-1.830823225,0,35.0,16.0,46.5,2.5,10.0,6.340070020266752,1,26,7.59670000000001,0.8181818181818182,85.30000000000001,1,7,40,565.4342386079999,163.1327999999997,1,1,0,1,0,1,0,0,0,0,0,0,0,0,0,0,1,0,0,0,1,2,12,0.05,1.0
CCCCCCCC/C=C\CCCCCCCCOC(=O)OC(C/C=C\CCCCCCCCOC(=O)CCN(CCCn1ccnc1)CCC(=O)OCCCCCCCC/C=C\CC(CCCCCC)OC(=O)OCCCCCCCC/C=C\CCCCCCCC)CCCCCC,-1.868561933,0,35.0,16.0,46.5,2.5,10.0,7.238638353869437,3,76,25.855200000000043,0.8255813953488372,144.72,0,13,99,1390.1712481600002,415.452000000002,1,1,0,1,0,1,0,0,0,0,0,0,0,0,0,0,1,0,0,0,2,4,18,0.05,1.0
CCCCC/C=C\C/C=C\CCCCCCCCOC(=O)OC(C/C=C\CCCCCCCCOC(=O)CCN(CCCN1CCCC1)CCC(=O)OCCCCCCCC/C=C\CC(CCCCCC)OC(=O)OCCCCCCCC/C=C\C/C=C\CCCCC)CCCCCC,-1.880467871,0,35.0,16.0,46.5,2.5,10.0,7.23792843225434,2,74,25.60630000000004,0.8160919540229885,130.14,0,12,99,1389.175999192,418.7110000000021,1,1,0,1,0,1,0,0,0,0,0,0,0,0,0,0,1,0,0,0,2,6,18,0.05,1.0
CCCC#CCOC(=O)OC(C/C=C\CCCCCCCCOC(=O)CCN(CCC(=O)OCCCCCCCC/C=C\CC(CCCCCC)OC(=O)OCC#CCCC)CCN1CCCC1)CCCCCC,-1.884500963,0,35.0,16.0,46.5,2.5,10.0,6.947489321897609,2,47,15.196199999999967,0.8064516129032258,130.14,0,12,74,1038.7847475919998,300.74599999999975,1,1,0,1,0,1,0,0,0,0,0,0,0,0,0,0,1,0,0,0,2,4,12,0.05,1.0
CCCCCCC#CCOC(=O)OC(C/C=C\CCCCCCCCOC(=O)CCN(CCO)CCC(=O)OCCCCCCCC/C=C\CC(CCCCCC)OC(=O)OCC#CCCCCCC)CCCCCC,-1.909414366,0,35.0,16.0,46.5,2.5,10.0,6.976896939399466,1,52,16.433299999999967,0.8125,147.13,1,12,76,1069.815713372,309.85979999999995,1,1,0,1,0,1,0,0,0,0,0,0,0,0,0,0,1,0,0,0,1,4,12,0.05,1.0
CCCCCCCCCCCCCCCCCCOC(=O)OC(C/C=C\CCCCCCCCOC(=O)CCN(CCC(=O)OCCCCCCCC/C=C\CC(CCCCCC)OC(=O)OCCCCCCCCCCCCCCCCCC)CC(OC)OC)CCCCCC,-1.909414366,0,35.0,16.0,46.5,2.5,10.0,7.227074816999865,1,78,25.635300000000043,0.9047619047619048,145.36,0,13,97,1374.186229528,406.6020000000018,1,1,0,1,0,1,0,0,0,0,0,0,0,0,0,0,1,0,0,0,1,2,18,0.05,1.0
CCCCC/C=C\C/C=C\CCCCCCCCOC(=O)OC(C/C=C\CCCCCCCCOC(=O)CCN(CCC(=O)OCCCCCCCC/C=C\CC(CCCCCC)OC(=O)OCCCCCCCC/C=C\C/C=C\CCCCC)CCN1CCCC1)CCCCCC,-1.909414366,0,35.0,16.0,46.5,2.5,10.0,7.22779466138186,2,73,25.216200000000036,0.813953488372093,130.14,0,12,98,1375.1603491280002,414.094000000002,1,1,0,1,0,1,0,0,0,0,0,0,0,0,0,0,1,0,0,0,2,6,18,0.05,1.0
CCCCCCCC/C=C\CCCCCCCCOC(=O)OC(C/C=C\CCCCCCCCOC(=O)CCN(CCCN1CCCC1)CCC(=O)OCCCCCCCC/C=C\CC(CCCCCC)OC(=O)OCCCCCCCC/C=C\CCCCCCCC)CCCCCC,-1.941670433,0,35.0,16.0,46.5,2.5,10.0,7.240822439190831,2,76,26.054300000000044,0.8620689655172413,130.14,0,12,99,1393.20729932,418.899000000002,1,1,0,1,0,1,0,0,0,0,0,0,0,0,0,0,1,0,0,0,2,4,18,0.05,1.0
CCCCCCCCCCCCCCCCCCOC(=O)OC(C/C=C\CCCCCCCCOC(=O)CCN(CCC(=O)OCCCCCCCC/C=C\CC(CCCCCC)OC(=O)OCCCCCCCCCCCCCCCCCC)CC1OCCO1)CCCCCC,-1.976173932,0,35.0,16.0,46.5,2.5,10.0,7.225608830028639,1,76,25.38930000000004,0.9047619047619048,145.36,0,13,97,1372.1705794640002,404.48800000000176,1,1,0,1,0,1,0,0,0,0,0,0,0,0,0,0,1,0,0,0,1,2,18,0.05,1.0
CCCCCCCCCCCCCCCCCCOC(=O)OC(C/C=C\CCCCCCCCOC(=O)CCN(C)CCN(C)CCC(=O)OCCCCCCCC/C=C\CC(CCCCCC)OC(=O)OCCCCCCCCCCCCCCCCCC)CCCCCC,-1.999451828,0,35.0,16.0,46.5,2.5,10.0,7.214657456155586,2,77,25.57800000000004,0.9047619047619048,130.14,0,12,96,1357.20729932,407.35000000000167,1,1,0,1,0,1,0,0,0,0,0,0,0,0,0,0,1,0,0,0,2,2,18,0.05,1.0
CCCCCCCCCCCCCCCCCCOC(=O)OC(C/C=C\CCCCCCCCOC(=O)CCN(CCC(=O)OCCCCCCCC/C=C\CC(CCCCCC)OC(=O)OCCCCCCCCCCCCCCCCCC)CCN1CCCC1)CCCCCC,-2.16105763,0,35.0,16.0,46.5,2.5,10.0,7.2336330201778685,2,77,26.112200000000044,0.9069767441860463,130.14,0,12,98,1383.2229493840002,414.47000000000185,1,1,0,1,0,1,0,0,0,0,0,0,0,0,0,0,1,0,0,0,2,2,18,0.05,1.0
CCCCCCCCCCC#CCN(CCO)CCCCCCCCCCCC,0.817508475,1,50.0,10.0,38.5,1.5,10.0,6.013047451515148,1,22,7.73580000000001,0.925925925925926,23.47,1,2,29,407.412715316,130.37280000000007,0,0,0,1,0,0,0,1,0,0,0,0,0,0,0,0,0,0,1,0,1,1,13,0.1,1.0
CCCCCCCCCCCC#CCN(CCO)CCCCCCCCCCCC,-1.083308655,0,50.0,10.0,38.5,1.5,10.0,6.046790449590817,1,23,8.12590000000001,0.9285714285714286,23.47,1,2,30,421.42836538,134.98980000000003,0,0,0,1,0,0,0,1,0,0,0,0,0,0,0,0,0,0,1,0,1,1,14,0.1,1.0
CCCCCCCCCCCCC#CCN(CCO)CCCCCCCCCCCC,-0.596779256,0,50.0,10.0,38.5,1.5,10.0,6.0794319253161255,1,24,8.516000000000007,0.9310344827586208,23.47,1,2,31,435.444015444,139.60679999999996,0,0,0,1,0,0,0,1,0,0,0,0,0,0,0,0,0,0,1,0,1,1,15,0.1,1.0
CCCCCCCCCCCCCC#CCN(CCO)CCCCCCCCCCCC,-0.312177803,1,50.0,10.0,38.5,1.5,10.0,6.111041528237086,1,25,8.906100000000006,0.9333333333333332,23.47,1,2,32,449.459665508,144.2237999999999,0,0,0,1,0,0,0,1,0,0,0,0,0,0,0,0,0,0,1,0,1,1,16,0.1,1.0
CCCCCCCCCCCCCCC#CCN(CCO)CCCCCCCCCCCC,-0.596779256,0,50.0,10.0,38.5,1.5,10.0,6.1416825039075285,1,26,9.296200000000002,0.935483870967742,23.47,1,2,33,463.475315572,148.84079999999986,0,0,0,1,0,0,0,1,0,0,0,0,0,0,0,0,0,0,1,0,1,1,17,0.1,1.0
CCCCCCCCCCCCCCCC#CCN(CCO)CCCCCCCCCCCC,0.282552045,1,50.0,10.0,38.5,1.5,10.0,6.17141245569331,1,27,9.6863,0.9375,23.47,1,2,34,477.490965636,153.4577999999998,0,0,0,1,0,0,0,1,0,0,0,0,0,0,0,0,0,0,1,0,1,1,18,0.1,1.0
CCCCCCCCCCCCCCCCC#CCN(CCO)CCCCCCCCCCCC,1.349338334,1,50.0,10.0,38.5,1.5,10.0,6.2002839965623275,1,28,10.076399999999998,0.9393939393939394,23.47,1,2,35,491.50661569999994,158.07479999999975,0,0,0,1,0,0,0,1,0,0,0,0,0,0,0,0,0,0,1,0,1,1,19,0.1,1.0
CCCCCCCCCCCCN(CC#CCCCOCCCCCCCCCCC)CCO,-1.083308655,0,50.0,10.0,38.5,1.5,10.0,6.175522096194987,1,27,8.532600000000006,0.935483870967742,32.7,1,3,34,479.470230192,150.42579999999987,0,0,0,1,0,0,0,1,0,0,0,0,0,0,0,0,0,0,1,0,1,1,12,0.1,1.0
C=CCCCCCCCCOCCCC#CCN(CCO)CCCCCCCCCCCC,-1.083308655,0,50.0,10.0,38.5,1.5,10.0,6.141587842183281,1,26,7.918500000000011,0.8666666666666667,32.7,1,3,33,463.438930064,145.71479999999988,0,0,0,1,0,0,0,1,0,0,0,0,0,0,0,0,0,0,1,0,1,2,12,0.1,1.0
CCCCCC/C=C\COCCCC#CCN(CCO)CCCCCCCCCCCC,-1.083308655,0,50.0,10.0,38.5,1.5,10.0,6.110943920946632,1,24,7.528400000000011,0.8620689655172413,32.7,1,3,32,449.42328,141.09779999999992,0,0,0,1,0,0,0,1,0,0,0,0,0,0,0,0,0,0,1,0,1,2,12,0.1,1.0
CCCCCCCCCCCCC(CCCCCCCCCC)COCCCC#CCN(CCO)CCCCCCCCCCCC,-0.312177803,1,50.0,10.0,38.5,1.5,10.0,6.497053985953722,1,39,13.459799999999976,0.9545454545454546,32.7,1,3,47,661.6736810240001,210.37679999999912,0,0,0,1,0,0,0,1,0,0,0,0,0,0,0,0,0,0,1,0,1,1,23,0.1,1.0
CCCCCCCCCCCCOC(=O)CCCCC#CCN(CCO)CCCCCCCCCCCC,0.282552045,1,50.0,10.0,38.5,1.5,10.0,6.285808132333115,1,29,9.229500000000003,0.9117647058823528,49.77,1,4,38,535.4964449400001,164.41679999999968,1,0,0,1,0,0,0,1,0,0,0,0,0,0,0,0,0,0,1,0,1,1,12,0.1,1.0
C=CCCCCCCCCOC(=O)CCCCC#CCN(CCO)CCCCCCCCCCCC,-1.083308655,0,50.0,10.0,38.5,1.5,10.0,6.228171695539621,1,27,8.22530000000001,0.84375,49.77,1,4,36,505.449494748,155.08879999999976,1,0,0,1,0,0,0,1,0,0,0,0,0,0,0,0,0,0,1,0,1,2,12,0.1,1.0
C=CCCCCCCCCCOC(=O)CCCCC#CCN(CCO)CCCCCCCCCCCC,-1.083308655,0,50.0,10.0,38.5,1.5,10.0,6.255471692077192,1,28,8.615400000000006,0.8484848484848485,49.77,1,4,37,519.465144812,159.70579999999973,1,0,0,1,0,0,0,1,0,0,0,0,0,0,0,0,0,0,1,0,1,2,12,0.1,1.0
CCCCC/C=C\COC(=O)CCCCC#CCN(CCO)CCCCCCCCCCCC,-1.083308655,0,50.0,10.0,38.5,1.5,10.0,6.171228669786665,1,24,7.445100000000011,0.8333333333333334,49.77,1,4,34,477.41819462,145.85479999999987,1,0,0,1,0,0,0,1,0,0,0,0,0,0,0,0,0,0,1,0,1,2,12,0.1,1.0
CCCCCCCCCCCCC(CCCCCCCCCC)COC(=O)CCCCC#CCN(CCO)CCCCCCCCCCCC,0.905362182,1,50.0,10.0,38.5,1.5,10.0,6.5585126468607005,1,40,13.766599999999972,0.9347826086956522,49.77,1,4,50,703.6842457079999,219.750799999999,1,0,0,1,0,0,0,1,0,0,0,0,0,0,0,0,0,0,1,0,1,1,23,0.1,1.0
CCCCCCCCCCCCN(CC#CCCCCC(=O)N(CCCCCCC)CCCCCCC)CCO,-0.596779256,0,50.0,10.0,38.5,1.5,10.0,6.334997512299769,2,30,9.5348,0.9166666666666666,43.78,1,3,40,562.54372948,175.71179999999956,0,0,0,1,0,0,0,1,0,0,0,0,0,0,0,0,0,0,1,0,1,1,12,0.1,1.0
CCCCCCCCCCCCN(CC#CCCCCC(=O)N(CCCCCCCC)CCCCCCCC)CCO,1.147410391,1,50.0,10.0,38.5,1.5,10.0,6.3835437963556725,2,32,10.314999999999996,0.9210526315789472,43.78,1,3,42,590.575029608,184.94579999999945,0,0,0,1,0,0,0,1,0,0,0,0,0,0,0,0,0,0,1,0,1,1,12,0.1,1.0
CCCCCCCCCCCCN(CC#CCCCCC(=O)N(CCCCCCCCCCC)CCCCCCCCCCC)CCO,-1.083308655,0,50.0,10.0,38.5,1.5,10.0,6.516465228355276,2,38,12.65559999999998,0.9318181818181818,43.78,1,3,48,674.6689299920001,212.64779999999908,0,0,0,1,0,0,0,1,0,0,0,0,0,0,0,0,0,0,1,0,1,1,12,0.1,1.0
CCCCCCCCCCCCN(CC#CCCCCC(=O)N(CCCCCCCCCCCC)CCCCCCCCCCCC)CCO,-1.083308655,0,50.0,10.0,38.5,1.5,10.0,6.557116367207689,2,40,13.435799999999976,0.9347826086956522,43.78,1,3,50,702.7002301200001,221.88179999999895,0,0,0,1,0,0,0,1,0,0,0,0,0,0,0,0,0,0,1,0,1,1,12,0.1,1.0
CCCCCCCCCCCCN(CC#CCCCC(=O)N(CCCCCCCC)CCCCCCCC)CCO,-0.596779256,0,50.0,10.0,38.5,1.5,10.0,6.3595652181159315,2,31,9.924899999999996,0.918918918918919,43.78,1,3,41,576.559379544,180.3287999999995,0,0,0,1,0,0,0,1,0,0,0,0,0,0,0,0,0,0,1,0,1,1,12,0.1,1.0
CCCCCCCCCCC#CCN(CCO)CCCCCCCCCCCCC,-0.596779256,0,50.0,10.0,38.5,1.5,10.0,6.046790449590817,1,23,8.12590000000001,0.9285714285714286,23.47,1,2,30,421.42836538,134.98980000000003,0,0,0,1,0,0,0,1,0,0,0,0,0,0,0,0,0,0,1,0,1,1,13,0.1,1.0
CCCCCCCCCCCC#CCN(CCO)CCCCCCCCCCCCC,-0.596779256,0,50.0,10.0,38.5,1.5,10.0,6.0794319253161255,1,24,8.516000000000007,0.9310344827586208,23.47,1,2,31,435.444015444,139.60679999999996,0,0,0,1,0,0,0,1,0,0,0,0,0,0,0,0,0,0,1,0,1,1,14,0.1,1.0
CCCCCCCCCCCCC#CCN(CCO)CCCCCCCCCCCCC,-0.596779256,0,50.0,10.0,38.5,1.5,10.0,6.111041528237086,1,25,8.906100000000006,0.9333333333333332,23.47,1,2,32,449.459665508,144.2237999999999,0,0,0,1,0,0,0,1,0,0,0,0,0,0,0,0,0,0,1,0,1,1,15,0.1,1.0
CCCCCCCCCCCCCC#CCN(CCO)CCCCCCCCCCCCC,0.532907021,1,50.0,10.0,38.5,1.5,10.0,6.1416825039075285,1,26,9.296200000000002,0.935483870967742,23.47,1,2,33,463.475315572,148.84079999999986,0,0,0,1,0,0,0,1,0,0,0,0,0,0,0,0,0,0,1,0,1,1,16,0.1,1.0
CCCCCCCCCCCCCCC#CCN(CCO)CCCCCCCCCCCCC,-0.596779256,0,50.0,10.0,38.5,1.5,10.0,6.17141245569331,1,27,9.6863,0.9375,23.47,1,2,34,477.490965636,153.4577999999998,0,0,0,1,0,0,0,1,0,0,0,0,0,0,0,0,0,0,1,0,1,1,17,0.1,1.0
CCCCCCCCCCCCCCCC#CCN(CCO)CCCCCCCCCCCCC,1.55672867,2,50.0,10.0,38.5,1.5,10.0,6.2002839965623275,1,28,10.076399999999998,0.9393939393939394,23.47,1,2,35,491.5066157,158.07479999999975,0,0,0,1,0,0,0,1,0,0,0,0,0,0,0,0,0,0,1,0,1,1,18,0.1,1.0
CCCCCCCCCCCCCCCCC#CCN(CCO)CCCCCCCCCCCCC,1.147410391,1,50.0,10.0,38.5,1.5,10.0,6.228345309391286,1,29,10.466499999999996,0.9411764705882352,23.47,1,2,36,505.52226576399994,162.69179999999972,0,0,0,1,0,0,0,1,0,0,0,0,0,0,0,0,0,0,1,0,1,1,19,0.1,1.0
CCCCCCCCCCCCCN(CC#CCCCOCCCCCCCCCCC)CCO,-1.083308655,0,50.0,10.0,38.5,1.5,10.0,6.204276915053912,1,28,8.922700000000004,0.9375,32.7,1,3,35,493.485880256,155.0427999999998,0,0,0,1,0,0,0,1,0,0,0,0,0,0,0,0,0,0,1,0,1,1,13,0.1,1.0
C=CCCCCCCCCOCCCC#CCN(CCO)CCCCCCCCCCCCC,0.376279539,1,50.0,10.0,38.5,1.5,10.0,6.171320566962145,1,27,8.308600000000009,0.8709677419354839,32.7,1,3,34,477.454580128,150.33179999999982,0,0,0,1,0,0,0,1,0,0,0,0,0,0,0,0,0,0,1,0,1,2,13,0.1,1.0
CCCCCC/C=C\COCCCC#CCN(CCO)CCCCCCCCCCCCC,-1.083308655,0,50.0,10.0,38.5,1.5,10.0,6.141587842183281,1,25,7.918500000000011,0.8666666666666667,32.7,1,3,33,463.438930064,145.71479999999988,0,0,0,1,0,0,0,1,0,0,0,0,0,0,0,0,0,0,1,0,1,2,13,0.1,1.0
CCCCCCCCCCCCCN(CC#CCCCOCC(CCCCCCCCCC)CCCCCCCCCCCC)CCO,1.716613297,2,50.0,10.0,38.5,1.5,10.0,6.5179843701256095,1,40,13.849899999999971,0.9555555555555556,32.7,1,3,48,675.689331088,214.99379999999903,0,0,0,1,0,0,0,1,0,0,0,0,0,0,0,0,0,0,1,0,1,1,23,0.1,1.0
CCCCCCCCCCCCCN(CC#CCCCCC(=O)OCCCCCCCCCCCC)CCO,0.717064053,1,50.0,10.0,38.5,1.5,10.0,6.311598683735821,1,30,9.619599999999998,0.9142857142857144,49.77,1,4,39,549.5120950039999,169.03379999999962,1,0,0,1,0,0,0,1,0,0,0,0,0,0,0,0,0,0,1,0,1,1,13,0.1,1.0
C=CCCCCCCCCOC(=O)CCCCC#CCN(CCO)CCCCCCCCCCCCC,-0.596779256,0,50.0,10.0,38.5,1.5,10.0,6.255471692077192,1,28,8.615400000000006,0.8484848484848485,49.77,1,4,37,519.465144812,159.70579999999973,1,0,0,1,0,0,0,1,0,0,0,0,0,0,0,0,0,0,1,0,1,2,13,0.1,1.0
C=CCCCCCCCCCOC(=O)CCCCC#CCN(CCO)CCCCCCCCCCCCC,-0.596779256,0,50.0,10.0,38.5,1.5,10.0,6.2820461618212455,1,29,9.005500000000005,0.8529411764705882,49.77,1,4,38,533.480794876,164.32279999999966,1,0,0,1,0,0,0,1,0,0,0,0,0,0,0,0,0,0,1,0,1,2,13,0.1,1.0
CCCCC/C=C\COC(=O)CCCCC#CCN(CCO)CCCCCCCCCCCCC,-1.083308655,0,50.0,10.0,38.5,1.5,10.0,6.200105441438032,1,25,7.835200000000011,0.8387096774193549,49.77,1,4,35,491.433844684,150.4717999999998,1,0,0,1,0,0,0,1,0,0,0,0,0,0,0,0,0,0,1,0,1,2,13,0.1,1.0
CCCCCCCCCCCCCN(CC#CCCCCC(=O)OCC(CCCCCCCCCC)CCCCCCCCCCCC)CCO,-0.312177803,1,50.0,10.0,38.5,1.5,10.0,6.578207612093534,1,41,14.15669999999997,0.9361702127659576,49.77,1,4,51,717.699895772,224.36779999999897,1,0,0,1,0,0,0,1,0,0,0,0,0,0,0,0,0,0,1,0,1,1,23,0.1,1.0
CCCCCCCCCCCCCN(CC#CCCCCC(=O)N(CCCCCCC)CCCCCCC)CCO,1.432011844,1,50.0,10.0,38.5,1.5,10.0,6.3595652181159315,2,31,9.924899999999996,0.918918918918919,43.78,1,3,41,576.559379544,180.3287999999995,0,0,0,1,0,0,0,1,0,0,0,0,0,0,0,0,0,0,1,0,1,1,13,0.1,1.0
CCCCCCCCCCCCCN(CC#CCCCCC(=O)N(CCCCCCCC)CCCCCCCC)CCO,2.018335441,2,50.0,10.0,38.5,1.5,10.0,6.406960840886285,2,33,10.705099999999993,0.9230769230769232,43.78,1,3,43,604.590679672,189.56279999999936,0,0,0,1,0,0,0,1,0,0,0,0,0,0,0,0,0,0,1,0,1,1,13,0.1,1.0
CCCCCCCCCCCCCN(CC#CCCCCC(=O)N(CCCCCCCCCCC)CCCCCCCCCCC)CCO,0.376279539,1,50.0,10.0,38.5,1.5,10.0,6.53699734794635,2,39,13.04569999999998,0.9333333333333332,43.78,1,3,49,688.684580056,217.264799999999,0,0,0,1,0,0,0,1,0,0,0,0,0,0,0,0,0,0,1,0,1,1,13,0.1,1.0
CCCCCCCCCCCCCN(CC#CCCCCC(=O)N(CCCCCCCCCCCC)CCCCCCCCCCCC)CCO,-1.083308655,0,50.0,10.0,38.5,1.5,10.0,6.576838581734611,2,41,13.825899999999974,0.9361702127659576,43.78,1,3,51,716.715880184,226.49879999999897,0,0,0,1,0,0,0,1,0,0,0,0,0,0,0,0,0,0,1,0,1,1,13,0.1,1.0
CCCCCCCCCCCCCN(CC#CCCCC(=O)N(CCCCCCCC)CCCCCCCC)CCO,0.599806528,1,50.0,10.0,38.5,1.5,10.0,6.3835437963556725,2,32,10.314999999999996,0.9210526315789472,43.78,1,3,42,590.575029608,184.94579999999945,0,0,0,1,0,0,0,1,0,0,0,0,0,0,0,0,0,0,1,0,1,1,13,0.1,1.0
CCCCCCCCCCC#CCN(CCO)CCCCCCCCCCCCCC,-1.083308655,0,50.0,10.0,38.5,1.5,10.0,6.0794319253161255,1,24,8.516000000000007,0.9310344827586208,23.47,1,2,31,435.444015444,139.60679999999996,0,0,0,1,0,0,0,1,0,0,0,0,0,0,0,0,0,0,1,0,1,1,14,0.1,1.0
CCCCCCCCCCCC#CCN(CCO)CCCCCCCCCCCCCC,-1.083308655,0,50.0,10.0,38.5,1.5,10.0,6.111041528237086,1,25,8.906100000000006,0.9333333333333332,23.47,1,2,32,449.459665508,144.2237999999999,0,0,0,1,0,0,0,1,0,0,0,0,0,0,0,0,0,0,1,0,1,1,14,0.1,1.0
CCCCCCCCCCCCC#CCN(CCO)CCCCCCCCCCCCCC,0.376279539,1,50.0,10.0,38.5,1.5,10.0,6.1416825039075285,1,26,9.296200000000002,0.935483870967742,23.47,1,2,33,463.475315572,148.84079999999986,0,0,0,1,0,0,0,1,0,0,0,0,0,0,0,0,0,0,1,0,1,1,15,0.1,1.0
CCCCCCCCCCCCCC#CCN(CCO)CCCCCCCCCCCCCC,1.203593451,1,50.0,10.0,38.5,1.5,10.0,6.17141245569331,1,27,9.6863,0.9375,23.47,1,2,34,477.490965636,153.4577999999998,0,0,0,1,0,0,0,1,0,0,0,0,0,0,0,0,0,0,1,0,1,1,16,0.1,1.0
CCCCCCCCCCCCCCC#CCN(CCO)CCCCCCCCCCCCCC,0.532907021,1,50.0,10.0,38.5,1.5,10.0,6.2002839965623275,1,28,10.076399999999998,0.9393939393939394,23.47,1,2,35,491.5066157,158.07479999999973,0,0,0,1,0,0,0,1,0,0,0,0,0,0,0,0,0,0,1,0,1,1,17,0.1,1.0
CCCCCCCCCCCCCCCC#CCN(CCO)CCCCCCCCCCCCCC,0.905362182,1,50.0,10.0,38.5,1.5,10.0,6.228345309391286,1,29,10.466499999999996,0.9411764705882352,23.47,1,2,36,505.522265764,162.69179999999972,0,0,0,1,0,0,0,1,0,0,0,0,0,0,0,0,0,0,1,0,1,1,18,0.1,1.0
CCCCCCCCCCCCCCCCC#CCN(CCO)CCCCCCCCCCCCCC,0.532907021,1,50.0,10.0,38.5,1.5,10.0,6.255640630777802,1,30,10.856599999999991,0.9428571428571428,23.47,1,2,37,519.537915828,167.30879999999965,0,0,0,1,0,0,0,1,0,0,0,0,0,0,0,0,0,0,1,0,1,1,19,0.1,1.0
CCCCCCCCCCCCCCN(CC#CCCCOCCCCCCCCCCC)CCO,-1.083308655,0,50.0,10.0,38.5,1.5,10.0,6.232227953045596,1,29,9.3128,0.9393939393939394,32.7,1,3,36,507.50153032,159.65979999999976,0,0,0,1,0,0,0,1,0,0,0,0,0,0,0,0,0,0,1,0,1,1,14,0.1,1.0
C=CCCCCCCCCOCCCC#CCN(CCO)CCCCCCCCCCCCCC,-0.596779256,0,50.0,10.0,38.5,1.5,10.0,6.2001947229854215,1,28,8.698700000000008,0.875,32.7,1,3,35,491.470230192,154.94879999999978,0,0,0,1,0,0,0,1,0,0,0,0,0,0,0,0,0,0,1,0,1,2,14,0.1,1.0
CCCCCC/C=C\COCCCC#CCN(CCO)CCCCCCCCCCCCCC,-0.596779256,0,50.0,10.0,38.5,1.5,10.0,6.171320566962145,1,26,8.308600000000009,0.8709677419354839,32.7,1,3,34,477.454580128,150.33179999999982,0,0,0,1,0,0,0,1,0,0,0,0,0,0,0,0,0,0,1,0,1,2,14,0.1,1.0
CCCCCCCCCCCCCCN(CC#CCCCOCC(CCCCCCCCCC)CCCCCCCCCCCC)CCO,-0.596779256,0,50.0,10.0,38.5,1.5,10.0,6.538485639509204,1,41,14.239999999999972,0.9565217391304348,32.7,1,3,49,689.7049811520001,219.610799999999,0,0,0,1,0,0,0,1,0,0,0,0,0,0,0,0,0,0,1,0,1,1,23,0.1,1.0
CCCCCCCCCCCCCCN(CC#CCCCCC(=O)OCCCCCCCCCCCC)CCO,0.376279539,1,50.0,10.0,38.5,1.5,10.0,6.336740771785285,1,31,10.009699999999995,0.9166666666666666,49.77,1,4,40,563.527745068,173.65079999999958,1,0,0,1,0,0,0,1,0,0,0,0,0,0,0,0,0,0,1,0,1,1,14,0.1,1.0
C=CCCCCCCCCOC(=O)CCCCC#CCN(CCO)CCCCCCCCCCCCCC,-0.312177803,1,50.0,10.0,38.5,1.5,10.0,6.2820461618212455,1,29,9.005500000000005,0.8529411764705882,49.77,1,4,38,533.480794876,164.32279999999966,1,0,0,1,0,0,0,1,0,0,0,0,0,0,0,0,0,0,1,0,1,2,14,0.1,1.0
C=CCCCCCCCCCOC(=O)CCCCC#CCN(CCO)CCCCCCCCCCCCCC,-1.083308655,0,50.0,10.0,38.5,1.5,10.0,6.307932671850646,1,30,9.395600000000002,0.8571428571428571,49.77,1,4,39,547.4964449400001,168.93979999999962,1,0,0,1,0,0,0,1,0,0,0,0,0,0,0,0,0,0,1,0,1,2,14,0.1,1.0
CCCCC/C=C\COC(=O)CCCCC#CCN(CCO)CCCCCCCCCCCCCC,-1.083308655,0,50.0,10.0,38.5,1.5,10.0,6.228171695539621,1,26,8.22530000000001,0.84375,49.77,1,4,36,505.449494748,155.08879999999974,1,0,0,1,0,0,0,1,0,0,0,0,0,0,0,0,0,0,1,0,1,2,14,0.1,1.0
CCCCCCCCCCCCCCN(CC#CCCCCC(=O)OCC(CCCCCCCCCC)CCCCCCCCCCCC)CCO,-0.596779256,0,50.0,10.0,38.5,1.5,10.0,6.597522165803758,1,42,14.546799999999967,0.9375,49.77,1,4,52,731.7155458359999,228.9847999999989,1,0,0,1,0,0,0,1,0,0,0,0,0,0,0,0,0,0,1,0,1,1,23,0.1,1.0
CCCCCCCCCCCCCCN(CC#CCCCCC(=O)N(CCCCCCC)CCCCCCC)CCO,2.15610697,2,50.0,10.0,38.5,1.5,10.0,6.3835437963556725,2,32,10.314999999999996,0.9210526315789472,43.78,1,3,42,590.575029608,184.94579999999945,0,0,0,1,0,0,0,1,0,0,0,0,0,0,0,0,0,0,1,0,1,1,14,0.1,1.0
CCCCCCCCCCCCCCN(CC#CCCCCC(=O)N(CCCCCCCC)CCCCCCCC)CCO,1.69012285,2,50.0,10.0,38.5,1.5,10.0,6.429842051171906,2,34,11.095199999999991,0.925,43.78,1,3,44,618.606329736,194.17979999999932,0,0,0,1,0,0,0,1,0,0,0,0,0,0,0,0,0,0,1,0,1,1,14,0.1,1.0
CCCCCCCCCCCCCCN(CC#CCCCCC(=O)N(CCCCCCCCCCC)CCCCCCCCCCC)CCO,0.532907021,1,50.0,10.0,38.5,1.5,10.0,6.557116367207689,2,40,13.435799999999976,0.9347826086956522,43.78,1,3,50,702.70023012,221.88179999999895,0,0,0,1,0,0,0,1,0,0,0,0,0,0,0,0,0,0,1,0,1,1,14,0.1,1.0
CCCCCCCCCCCCCCN(CC#CCCCCC(=O)N(CCCCCCCCCCCC)CCCCCCCCCCCC)CCO,-0.596779256,0,50.0,10.0,38.5,1.5,10.0,6.59617934152285,2,42,14.21599999999997,0.9375,43.78,1,3,52,730.731530248,231.1157999999989,0,0,0,1,0,0,0,1,0,0,0,0,0,0,0,0,0,0,1,0,1,1,14,0.1,1.0
CCCCCCCCCCCCCCN(CC#CCCCC(=O)N(CCCCCCCC)CCCCCCCC)CCO,0.862808938,1,50.0,10.0,38.5,1.5,10.0,6.406960840886285,2,33,10.705099999999993,0.9230769230769232,43.78,1,3,43,604.590679672,189.56279999999936,0,0,0,1,0,0,0,1,0,0,0,0,0,0,0,0,0,0,1,0,1,1,14,0.1,1.0
CCCCCCCCCCC#CCN(CCO)CCCCCCCCCCCCCCC,1.147410391,1,50.0,10.0,38.5,1.5,10.0,6.111041528237086,1,25,8.906100000000006,0.9333333333333332,23.47,1,2,32,449.459665508,144.2237999999999,0,0,0,1,0,0,0,1,0,0,0,0,0,0,0,0,0,0,1,0,1,1,15,0.1,1.0
CCCCCCCCCCCC#CCN(CCO)CCCCCCCCCCCCCCC,-0.596779256,0,50.0,10.0,38.5,1.5,10.0,6.1416825039075285,1,26,9.296200000000002,0.935483870967742,23.47,1,2,33,463.475315572,148.84079999999986,0,0,0,1,0,0,0,1,0,0,0,0,0,0,0,0,0,0,1,0,1,1,15,0.1,1.0
CCCCCCCCCCCCC#CCN(CCO)CCCCCCCCCCCCCCC,-1.083308655,0,50.0,10.0,38.5,1.5,10.0,6.17141245569331,1,27,9.6863,0.9375,23.47,1,2,34,477.490965636,153.4577999999998,0,0,0,1,0,0,0,1,0,0,0,0,0,0,0,0,0,0,1,0,1,1,15,0.1,1.0
CCCCCCCCCCCCCC#CCN(CCO)CCCCCCCCCCCCCCC,2.15610697,2,50.0,10.0,38.5,1.5,10.0,6.2002839965623275,1,28,10.076399999999998,0.9393939393939394,23.47,1,2,35,491.5066157,158.07479999999973,0,0,0,1,0,0,0,1,0,0,0,0,0,0,0,0,0,0,1,0,1,1,16,0.1,1.0
CCCCCCCCCCCCCCC#CCN(CCO)CCCCCCCCCCCCCCC,-0.596779256,0,50.0,10.0,38.5,1.5,10.0,6.228345309391286,1,29,10.466499999999996,0.9411764705882352,23.47,1,2,36,505.522265764,162.69179999999972,0,0,0,1,0,0,0,1,0,0,0,0,0,0,0,0,0,0,1,0,1,1,17,0.1,1.0
CCCCCCCCCCCCCCCC#CCN(CCO)CCCCCCCCCCCCCCC,2.277096668,2,50.0,10.0,38.5,1.5,10.0,6.255640630777802,1,30,10.856599999999991,0.9428571428571428,23.47,1,2,37,519.537915828,167.30879999999965,0,0,0,1,0,0,0,1,0,0,0,0,0,0,0,0,0,0,1,0,1,1,18,0.1,1.0
CCCCCCCCCCCCCCCCC#CCN(CCO)CCCCCCCCCCCCCCC,1.147410391,1,50.0,10.0,38.5,1.5,10.0,6.2822106705574035,1,31,11.24669999999999,0.9444444444444444,23.47,1,2,38,533.5535658919999,171.92579999999958,0,0,0,1,0,0,0,1,0,0,0,0,0,0,0,0,0,0,1,0,1,1,19,0.1,1.0
CCCCCCCCCCCCCCCN(CC#CCCCOCCCCCCCCCCC)CCO,-0.596779256,0,50.0,10.0,38.5,1.5,10.0,6.25941892695591,1,30,9.702899999999998,0.9411764705882352,32.7,1,3,37,521.517180384,164.2767999999997,0,0,0,1,0,0,0,1,0,0,0,0,0,0,0,0,0,0,1,0,1,1,15,0.1,1.0
C=CCCCCCCCCOCCCC#CCN(CCO)CCCCCCCCCCCCCCC,-0.596779256,0,50.0,10.0,38.5,1.5,10.0,6.228258506233175,1,29,9.088800000000004,0.8787878787878788,32.7,1,3,36,505.485880256,159.5657999999997,0,0,0,1,0,0,0,1,0,0,0,0,0,0,0,0,0,0,1,0,1,2,15,0.1,1.0
CCCCCC/C=C\COCCCC#CCN(CCO)CCCCCCCCCCCCCCC,-1.083308655,0,50.0,10.0,38.5,1.5,10.0,6.2001947229854215,1,27,8.698700000000008,0.875,32.7,1,3,35,491.470230192,154.94879999999975,0,0,0,1,0,0,0,1,0,0,0,0,0,0,0,0,0,0,1,0,1,2,15,0.1,1.0
CCCCCCCCCCCCCCCN(CC#CCCCOCC(CCCCCCCCCC)CCCCCCCCCCCC)CCO,-1.083308655,0,50.0,10.0,38.5,1.5,10.0,6.5585750366151885,1,42,14.630099999999969,0.9574468085106383,32.7,1,3,50,703.7206312159999,224.22779999999895,0,0,0,1,0,0,0,1,0,0,0,0,0,0,0,0,0,0,1,0,1,1,23,0.1,1.0
CCCCCCCCCCCCCCCN(CC#CCCCCC(=O)OCCCCCCCCCCCC)CCO,0.282552045,1,50.0,10.0,38.5,1.5,10.0,6.361266207485192,1,32,10.399799999999995,0.918918918918919,49.77,1,4,41,577.5433951319999,178.2677999999995,1,0,0,1,0,0,0,1,0,0,0,0,0,0,0,0,0,0,1,0,1,1,15,0.1,1.0
C=CCCCCCCCCOC(=O)CCCCC#CCN(CCO)CCCCCCCCCCCCCCC,-0.312177803,1,50.0,10.0,38.5,1.5,10.0,6.307932671850646,1,30,9.395600000000004,0.8571428571428571,49.77,1,4,39,547.4964449400001,168.93979999999962,1,0,0,1,0,0,0,1,0,0,0,0,0,0,0,0,0,0,1,0,1,2,15,0.1,1.0
C=CCCCCCCCCCOC(=O)CCCCC#CCN(CCO)CCCCCCCCCCCCCCC,-1.083308655,0,50.0,10.0,38.5,1.5,10.0,6.333165944946208,1,31,9.7857,0.8611111111111112,49.77,1,4,40,561.512095004,173.55679999999955,1,0,0,1,0,0,0,1,0,0,0,0,0,0,0,0,0,0,1,0,1,2,15,0.1,1.0
CCCCC/C=C\COC(=O)CCCCC#CCN(CCO)CCCCCCCCCCCCCCC,-1.083308655,0,50.0,10.0,38.5,1.5,10.0,6.255471692077192,1,27,8.615400000000008,0.8484848484848485,49.77,1,4,37,519.465144812,159.7057999999997,1,0,0,1,0,0,0,1,0,0,0,0,0,0,0,0,0,0,1,0,1,2,15,0.1,1.0
CCCCCCCCCCCCCCCN(CC#CCCCCC(=O)OCC(CCCCCCCCCC)CCCCCCCCCCCC)CCO,-0.596779256,0,50.0,10.0,38.5,1.5,10.0,6.616470725380213,1,43,14.936899999999966,0.9387755102040816,49.77,1,4,53,745.7311959,233.6017999999989,1,0,0,1,0,0,0,1,0,0,0,0,0,0,0,0,0,0,1,0,1,1,23,0.1,1.0
CCCCCCCCCCCCCCCN(CC#CCCCCC(=O)N(CCCCCCC)CCCCCCC)CCO,-0.596779256,0,50.0,10.0,38.5,1.5,10.0,6.406960840886285,2,33,10.705099999999993,0.9230769230769232,43.78,1,3,43,604.590679672,189.56279999999936,0,0,0,1,0,0,0,1,0,0,0,0,0,0,0,0,0,0,1,0,1,1,15,0.1,1.0
CCCCCCCCCCCCCCCN(CC#CCCCCC(=O)N(CCCCCCCC)CCCCCCCC)CCO,1.255610841,1,50.0,10.0,38.5,1.5,10.0,6.452211401809761,2,35,11.485299999999988,0.926829268292683,43.78,1,3,45,632.6219798,198.79679999999925,0,0,0,1,0,0,0,1,0,0,0,0,0,0,0,0,0,0,1,0,1,1,15,0.1,1.0
CCCCCCCCCCCCCCCN(CC#CCCCCC(=O)N(CCCCCCCCCCC)CCCCCCCCCCC)CCO,0.282552045,1,50.0,10.0,38.5,1.5,10.0,6.576838581734611,2,41,13.825899999999974,0.9361702127659576,43.78,1,3,51,716.715880184,226.49879999999897,0,0,0,1,0,0,0,1,0,0,0,0,0,0,0,0,0,0,1,0,1,1,15,0.1,1.0
CCCCCCCCCCCCCCCN(CC#CCCCCC(=O)N(CCCCCCCCCCCC)CCCCCCCCCCCC)CCO,0.376279539,1,50.0,10.0,38.5,1.5,10.0,6.615153122743993,2,43,14.60609999999997,0.9387755102040816,43.78,1,3,53,744.747180312,235.7327999999989,0,0,0,1,0,0,0,1,0,0,0,0,0,0,0,0,0,0,1,0,1,1,15,0.1,1.0
CCCCCCCCCCCCCCCN(CC#CCCCC(=O)N(CCCCCCCC)CCCCCCCC)CCO,0.660880992,1,50.0,10.0,38.5,1.5,10.0,6.429842051171906,2,34,11.095199999999991,0.925,43.78,1,3,44,618.606329736,194.17979999999932,0,0,0,1,0,0,0,1,0,0,0,0,0,0,0,0,0,0,1,0,1,1,15,0.1,1.0
CCCCCCCCCCC#CCN(CCO)CCCCCCCCCCCCCCCC,0.282552045,1,50.0,10.0,38.5,1.5,10.0,6.1416825039075285,1,26,9.296200000000002,0.935483870967742,23.47,1,2,33,463.475315572,148.84079999999986,0,0,0,1,0,0,0,1,0,0,0,0,0,0,0,0,0,0,1,0,1,1,16,0.1,1.0
CCCCCCCCCCCC#CCN(CCO)CCCCCCCCCCCCCCCC,-1.083308655,0,50.0,10.0,38.5,1.5,10.0,6.171412455693311,1,27,9.6863,0.9375,23.47,1,2,34,477.490965636,153.4577999999998,0,0,0,1,0,0,0,1,0,0,0,0,0,0,0,0,0,0,1,0,1,1,16,0.1,1.0
CCCCCCCCCCCCC#CCN(CCO)CCCCCCCCCCCCCCCC,-0.596779256,0,50.0,10.0,38.5,1.5,10.0,6.2002839965623275,1,28,10.076399999999998,0.9393939393939394,23.47,1,2,35,491.5066157,158.07479999999973,0,0,0,1,0,0,0,1,0,0,0,0,0,0,0,0,0,0,1,0,1,1,16,0.1,1.0
CCCCCCCCCCCCCC#CCN(CCO)CCCCCCCCCCCCCCCC,1.230083899,1,50.0,10.0,38.5,1.5,10.0,6.228345309391286,1,29,10.466499999999996,0.9411764705882352,23.47,1,2,36,505.522265764,162.6917999999997,0,0,0,1,0,0,0,1,0,0,0,0,0,0,0,0,0,0,1,0,1,1,16,0.1,1.0
CCCCCCCCCCCCCCC#CCN(CCO)CCCCCCCCCCCCCCCC,-1.083308655,0,50.0,10.0,38.5,1.5,10.0,6.255640630777803,1,30,10.856599999999991,0.9428571428571428,23.47,1,2,37,519.537915828,167.30879999999965,0,0,0,1,0,0,0,1,0,0,0,0,0,0,0,0,0,0,1,0,1,1,17,0.1,1.0
CCCCCCCCCCCCCCCC#CCN(CCO)CCCCCCCCCCCCCCCC,0.717064053,1,50.0,10.0,38.5,1.5,10.0,6.2822106705574035,1,31,11.24669999999999,0.9444444444444444,23.47,1,2,38,533.553565892,171.92579999999958,0,0,0,1,0,0,0,1,0,0,0,0,0,0,0,0,0,0,1,0,1,1,18,0.1,1.0
CCCCCCCCCCCCCCCCC#CCN(CCO)CCCCCCCCCCCCCCCC,-0.596779256,0,50.0,10.0,38.5,1.5,10.0,6.308092977013727,1,32,11.636799999999988,0.945945945945946,23.47,1,2,39,547.569215956,176.54279999999954,0,0,0,1,0,0,0,1,0,0,0,0,0,0,0,0,0,0,1,0,1,1,19,0.1,1.0
CCCCCCCCCCCCCCCCN(CC#CCCCOCCCCCCCCCCC)CCO,-1.083308655,0,50.0,10.0,38.5,1.5,10.0,6.285890081226851,1,31,10.092999999999996,0.9428571428571428,32.7,1,3,38,535.5328304479999,168.89379999999963,0,0,0,1,0,0,0,1,0,0,0,0,0,0,0,0,0,0,1,0,1,1,16,0.1,1.0
C=CCCCCCCCCOCCCC#CCN(CCO)CCCCCCCCCCCCCCCC,-0.596779256,0,50.0,10.0,38.5,1.5,10.0,6.255556164995033,1,30,9.4789,0.8823529411764706,32.7,1,3,37,519.50153032,164.18279999999967,0,0,0,1,0,0,0,1,0,0,0,0,0,0,0,0,0,0,1,0,1,2,16,0.1,1.0
CCCCCC/C=C\COCCCC#CCN(CCO)CCCCCCCCCCCCCCCC,-0.596779256,0,50.0,10.0,38.5,1.5,10.0,6.228258506233175,1,28,9.088800000000006,0.8787878787878788,32.7,1,3,36,505.485880256,159.5657999999997,0,0,0,1,0,0,0,1,0,0,0,0,0,0,0,0,0,0,1,0,1,2,16,0.1,1.0
CCCCCCCCCCCCCCCCN(CC#CCCCOCC(CCCCCCCCCC)CCCCCCCCCCCC)CCO,-0.596779256,0,50.0,10.0,38.5,1.5,10.0,6.578268785142376,1,43,15.020199999999964,0.9583333333333334,32.7,1,3,51,717.73628128,228.84479999999888,0,0,0,1,0,0,0,1,0,0,0,0,0,0,0,0,0,0,1,0,1,1,23,0.1,1.0
CCCCCCCCCCCCCCCCN(CC#CCCCCC(=O)OCCCCCCCCCCCC)CCO,-0.312177803,1,50.0,10.0,38.5,1.5,10.0,6.385204516990384,1,33,10.789899999999992,0.9210526315789472,49.77,1,4,42,591.5590451959999,182.88479999999944,1,0,0,1,0,0,0,1,0,0,0,0,0,0,0,0,0,0,1,0,1,1,16,0.1,1.0
C=CCCCCCCCCOC(=O)CCCCC#CCN(CCO)CCCCCCCCCCCCCCCC,0.599806528,1,50.0,10.0,38.5,1.5,10.0,6.333165944946208,1,31,9.7857,0.8611111111111112,49.77,1,4,40,561.512095004,173.55679999999955,1,0,0,1,0,0,0,1,0,0,0,0,0,0,0,0,0,0,1,0,1,2,16,0.1,1.0
C=CCCCCCCCCCOC(=O)CCCCC#CCN(CCO)CCCCCCCCCCCCCCCC,-0.312177803,1,50.0,10.0,38.5,1.5,10.0,6.357778139668656,1,32,10.1758,0.8648648648648649,49.77,1,4,41,575.5277450680001,178.1737999999995,1,0,0,1,0,0,0,1,0,0,0,0,0,0,0,0,0,0,1,0,1,2,16,0.1,1.0
CCCCC/C=C\COC(=O)CCCCC#CCN(CCO)CCCCCCCCCCCCCCCC,-0.596779256,0,50.0,10.0,38.5,1.5,10.0,6.2820461618212455,1,28,9.005500000000005,0.8529411764705882,49.77,1,4,38,533.480794876,164.32279999999966,1,0,0,1,0,0,0,1,0,0,0,0,0,0,0,0,0,0,1,0,1,2,16,0.1,1.0
CCCCCCCCCCCCCCCCN(CC#CCCCCC(=O)OCC(CCCCCCCCCC)CCCCCCCCCCCC)CCO,-1.083308655,0,50.0,10.0,38.5,1.5,10.0,6.635066903814493,1,44,15.326999999999964,0.94,49.77,1,4,54,759.7468459639999,238.2187999999988,1,0,0,1,0,0,0,1,0,0,0,0,0,0,0,0,0,0,1,0,1,1,23,0.1,1.0
CCCCCCCCCCCCCCCCN(CC#CCCCCC(=O)N(CCCCCCC)CCCCCCC)CCO,-0.312177803,1,50.0,10.0,38.5,1.5,10.0,6.429842051171906,2,34,11.095199999999991,0.925,43.78,1,3,44,618.606329736,194.17979999999932,0,0,0,1,0,0,0,1,0,0,0,0,0,0,0,0,0,0,1,0,1,1,16,0.1,1.0
CCCCCCCCCCCCCCCCN(CC#CCCCCC(=O)N(CCCCCCCC)CCCCCCCC)CCO,1.947194754,2,50.0,10.0,38.5,1.5,10.0,6.4740912935152695,2,36,11.875399999999988,0.9285714285714286,43.78,1,3,46,646.637629864,203.4137999999992,0,0,0,1,0,0,0,1,0,0,0,0,0,0,0,0,0,0,1,0,1,1,16,0.1,1.0
CCCCCCCCCCCCCCCCN(CC#CCCCCC(=O)N(CCCCCCCCCCC)CCCCCCCCCCC)CCO,0.532907021,1,50.0,10.0,38.5,1.5,10.0,6.59617934152285,2,42,14.21599999999997,0.9375,43.78,1,3,52,730.731530248,231.1157999999989,0,0,0,1,0,0,0,1,0,0,0,0,0,0,0,0,0,0,1,0,1,1,16,0.1,1.0
CCCCCCCCCCCCCCCCN(CC#CCCCCC(=O)N(CCCCCCCCCCCC)CCCCCCCCCCCC)CCO,-0.312177803,1,50.0,10.0,38.5,1.5,10.0,6.633773592837442,2,44,14.996199999999966,0.94,43.78,1,3,54,758.762830376,240.3497999999988,0,0,0,1,0,0,0,1,0,0,0,0,0,0,0,0,0,0,1,0,1,1,16,0.1,1.0
CCCCCCCCCCCCCCCCN(CC#CCCCC(=O)N(CCCCCCCC)CCCCCCCC)CCO,1.304037873,1,50.0,10.0,38.5,1.5,10.0,6.452211401809761,2,35,11.485299999999988,0.926829268292683,43.78,1,3,45,632.6219798,198.79679999999925,0,0,0,1,0,0,0,1,0,0,0,0,0,0,0,0,0,0,1,0,1,1,16,0.1,1.0
CCCCCCCCCCC#CCN(CCO)CCCCCCCCCCCCCCCCC,1.147410391,1,50.0,10.0,38.5,1.5,10.0,6.171412455693311,1,27,9.6863,0.9375,23.47,1,2,34,477.490965636,153.4577999999998,0,0,0,1,0,0,0,1,0,0,0,0,0,0,0,0,0,0,1,0,1,1,17,0.1,1.0
CCCCCCCCCCCC#CCN(CCO)CCCCCCCCCCCCCCCCC,-1.083308655,0,50.0,10.0,38.5,1.5,10.0,6.2002839965623275,1,28,10.076399999999998,0.9393939393939394,23.47,1,2,35,491.5066157,158.07479999999973,0,0,0,1,0,0,0,1,0,0,0,0,0,0,0,0,0,0,1,0,1,1,17,0.1,1.0
CCCCCCCCCCCCC#CCN(CCO)CCCCCCCCCCCCCCCCC,-0.596779256,0,50.0,10.0,38.5,1.5,10.0,6.228345309391286,1,29,10.466499999999996,0.9411764705882352,23.47,1,2,36,505.522265764,162.6917999999997,0,0,0,1,0,0,0,1,0,0,0,0,0,0,0,0,0,0,1,0,1,1,17,0.1,1.0
CCCCCCCCCCCCCC#CCN(CCO)CCCCCCCCCCCCCCCCC,0.532907021,1,50.0,10.0,38.5,1.5,10.0,6.255640630777803,1,30,10.856599999999991,0.9428571428571428,23.47,1,2,37,519.537915828,167.30879999999965,0,0,0,1,0,0,0,1,0,0,0,0,0,0,0,0,0,0,1,0,1,1,17,0.1,1.0
CCCCCCCCCCCCCCC#CCN(CCO)CCCCCCCCCCCCCCCCC,-1.083308655,0,50.0,10.0,38.5,1.5,10.0,6.282210670557404,1,31,11.24669999999999,0.9444444444444444,23.47,1,2,38,533.553565892,171.92579999999958,0,0,0,1,0,0,0,1,0,0,0,0,0,0,0,0,0,0,1,0,1,1,17,0.1,1.0
CCCCCCCCCCCCCCCC#CCN(CCO)CCCCCCCCCCCCCCCCC,-0.312177803,1,50.0,10.0,38.5,1.5,10.0,6.308092977013727,1,32,11.636799999999988,0.945945945945946,23.47,1,2,39,547.569215956,176.54279999999954,0,0,0,1,0,0,0,1,0,0,0,0,0,0,0,0,0,0,1,0,1,1,18,0.1,1.0
CCCCCCCCCCCCCCCCC#CCN(CCO)CCCCCCCCCCCCCCCCC,-0.596779256,0,50.0,10.0,38.5,1.5,10.0,6.333322256005533,1,33,12.026899999999983,0.9473684210526316,23.47,1,2,40,561.5848660199999,181.15979999999948,0,0,0,1,0,0,0,1,0,0,0,0,0,0,0,0,0,0,1,0,1,1,19,0.1,1.0
CCCCCCCCCCCCCCCCCN(CC#CCCCOCCCCCCCCCCC)CCO,-0.596779256,0,50.0,10.0,38.5,1.5,10.0,6.311678546227174,1,32,10.483099999999991,0.9444444444444444,32.7,1,3,39,549.548480512,173.51079999999956,0,0,0,1,0,0,0,1,0,0,0,0,0,0,0,0,0,0,1,0,1,1,17,0.1,1.0
C=CCCCCCCCCOCCCC#CCN(CCO)CCCCCCCCCCCCCCCCC,-0.596779256,0,50.0,10.0,38.5,1.5,10.0,6.282128419572215,1,31,9.869,0.8857142857142857,32.7,1,3,38,533.517180384,168.79979999999964,0,0,0,1,0,0,0,1,0,0,0,0,0,0,0,0,0,0,1,0,1,2,17,0.1,1.0
CCCCCC/C=C\COCCCC#CCN(CCO)CCCCCCCCCCCCCCCCC,0.376279539,1,50.0,10.0,38.5,1.5,10.0,6.255556164995033,1,29,9.478900000000005,0.8823529411764706,32.7,1,3,37,519.50153032,164.18279999999965,0,0,0,1,0,0,0,1,0,0,0,0,0,0,0,0,0,0,1,0,1,2,17,0.1,1.0
CCCCCCCCCCCCCCCCCN(CC#CCCCOCC(CCCCCCCCCC)CCCCCCCCCCCC)CCO,-0.596779256,0,50.0,10.0,38.5,1.5,10.0,6.597582168694824,1,44,15.410299999999964,0.9591836734693876,32.7,1,3,52,731.7519313439999,233.46179999999885,0,0,0,1,0,0,0,1,0,0,0,0,0,0,0,0,0,0,1,0,1,1,23,0.1,1.0
CCCCCCCCCCCCCCCCCN(CC#CCCCCC(=O)OCCCCCCCCCCCC)CCO,0.717064053,1,50.0,10.0,38.5,1.5,10.0,6.408583155314849,1,34,11.179999999999987,0.9230769230769232,49.77,1,4,43,605.57469526,187.5017999999994,1,0,0,1,0,0,0,1,0,0,0,0,0,0,0,0,0,0,1,0,1,1,17,0.1,1.0
C=CCCCCCCCCOC(=O)CCCCC#CCN(CCO)CCCCCCCCCCCCCCCCC,1.937772953,2,50.0,10.0,38.5,1.5,10.0,6.357778139668656,1,32,10.1758,0.8648648648648649,49.77,1,4,41,575.5277450680001,178.1737999999995,1,0,0,1,0,0,0,1,0,0,0,0,0,0,0,0,0,0,1,0,1,2,17,0.1,1.0
C=CCCCCCCCCCOC(=O)CCCCC#CCN(CCO)CCCCCCCCCCCCCCCCC,-0.596779256,0,50.0,10.0,38.5,1.5,10.0,6.381799096789172,1,33,10.565899999999996,0.868421052631579,49.77,1,4,42,589.543395132,182.79079999999945,1,0,0,1,0,0,0,1,0,0,0,0,0,0,0,0,0,0,1,0,1,2,17,0.1,1.0
CCCCC/C=C\COC(=O)CCCCC#CCN(CCO)CCCCCCCCCCCCCCCCC,0.282552045,1,50.0,10.0,38.5,1.5,10.0,6.307932671850646,1,29,9.395600000000004,0.8571428571428571,49.77,1,4,39,547.4964449400001,168.9397999999996,1,0,0,1,0,0,0,1,0,0,0,0,0,0,0,0,0,0,1,0,1,2,17,0.1,1.0
CCCCCCCCCCCCCCCCCN(CC#CCCCCC(=O)OCC(CCCCCCCCCC)CCCCCCCCCCCC)CCO,-1.083308655,0,50.0,10.0,38.5,1.5,10.0,6.653323568450225,1,45,15.71709999999996,0.9411764705882352,49.77,1,4,55,773.762496028,242.8357999999988,1,0,0,1,0,0,0,1,0,0,0,0,0,0,0,0,0,0,1,0,1,1,23,0.1,1.0
CCCCCCCCCCCCCCCCCN(CC#CCCCCC(=O)N(CCCCCCC)CCCCCCC)CCO,1.469962359,2,50.0,10.0,38.5,1.5,10.0,6.452211401809761,2,35,11.485299999999988,0.926829268292683,43.78,1,3,45,632.6219798,198.79679999999925,0,0,0,1,0,0,0,1,0,0,0,0,0,0,0,0,0,0,1,0,1,1,17,0.1,1.0
CCCCCCCCCCCCCCCCCN(CC#CCCCCC(=O)N(CCCCCCCC)CCCCCCCC)CCO,1.304037873,1,50.0,10.0,38.5,1.5,10.0,6.4955026879398385,2,37,12.265499999999983,0.9302325581395348,43.78,1,3,47,660.653279928,208.03079999999915,0,0,0,1,0,0,0,1,0,0,0,0,0,0,0,0,0,0,1,0,1,1,17,0.1,1.0
CCCCCCCCCCCCCCCCCN(CC#CCCCCC(=O)N(CCCCCCCCCCC)CCCCCCCCCCC)CCO,-0.312177803,1,50.0,10.0,38.5,1.5,10.0,6.615153122743993,2,43,14.60609999999997,0.9387755102040816,43.78,1,3,53,744.747180312,235.7327999999989,0,0,0,1,0,0,0,1,0,0,0,0,0,0,0,0,0,0,1,0,1,1,17,0.1,1.0
CCCCCCCCCCCCCCCCCN(CC#CCCCCC(=O)N(CCCCCCCCCCCC)CCCCCCCCCCCC)CCO,-0.312177803,1,50.0,10.0,38.5,1.5,10.0,6.652053669652065,2,45,15.386299999999965,0.9411764705882352,43.78,1,3,55,772.77848044,244.9667999999988,0,0,0,1,0,0,0,1,0,0,0,0,0,0,0,0,0,0,1,0,1,1,17,0.1,1.0
CCCCCCCCCCCCCCCCCN(CC#CCCCC(=O)N(CCCCCCCC)CCCCCCCC)CCO,0.862808938,1,50.0,10.0,38.5,1.5,10.0,6.4740912935152695,2,36,11.875399999999988,0.9285714285714286,43.78,1,3,46,646.637629864,203.4137999999992,0,0,0,1,0,0,0,1,0,0,0,0,0,0,0,0,0,0,1,0,1,1,17,0.1,1.0
CCCCCCCCCCC#CCN(CCO)CCCCCCCCCCCCCCCCCC,0.817508475,1,50.0,10.0,38.5,1.5,10.0,6.2002839965623275,1,28,10.076399999999998,0.9393939393939394,23.47,1,2,35,491.5066157,158.07479999999973,0,0,0,1,0,0,0,1,0,0,0,0,0,0,0,0,0,0,1,0,1,1,18,0.1,1.0
CCCCCCCCCCCC#CCN(CCO)CCCCCCCCCCCCCCCCCC,-0.596779256,0,50.0,10.0,38.5,1.5,10.0,6.228345309391286,1,29,10.466499999999996,0.9411764705882352,23.47,1,2,36,505.522265764,162.6917999999997,0,0,0,1,0,0,0,1,0,0,0,0,0,0,0,0,0,0,1,0,1,1,18,0.1,1.0
CCCCCCCCCCCCC#CCN(CCO)CCCCCCCCCCCCCCCCCC,-0.596779256,0,50.0,10.0,38.5,1.5,10.0,6.255640630777803,1,30,10.856599999999991,0.9428571428571428,23.47,1,2,37,519.537915828,167.30879999999962,0,0,0,1,0,0,0,1,0,0,0,0,0,0,0,0,0,0,1,0,1,1,18,0.1,1.0
CCCCCCCCCCCCCC#CCN(CCO)CCCCCCCCCCCCCCCCCC,-0.312177803,1,50.0,10.0,38.5,1.5,10.0,6.282210670557404,1,31,11.24669999999999,0.9444444444444444,23.47,1,2,38,533.553565892,171.92579999999958,0,0,0,1,0,0,0,1,0,0,0,0,0,0,0,0,0,0,1,0,1,1,18,0.1,1.0
CCCCCCCCCCCCCCC#CCN(CCO)CCCCCCCCCCCCCCCCCC,-0.596779256,0,50.0,10.0,38.5,1.5,10.0,6.308092977013727,1,32,11.636799999999988,0.945945945945946,23.47,1,2,39,547.569215956,176.54279999999954,0,0,0,1,0,0,0,1,0,0,0,0,0,0,0,0,0,0,1,0,1,1,18,0.1,1.0
CCCCCCCCCCCCCCCC#CCN(CCO)CCCCCCCCCCCCCCCCCC,-0.312177803,1,50.0,10.0,38.5,1.5,10.0,6.333322256005533,1,33,12.026899999999983,0.9473684210526316,23.47,1,2,40,561.58486602,181.15979999999948,0,0,0,1,0,0,0,1,0,0,0,0,0,0,0,0,0,0,1,0,1,1,18,0.1,1.0
CCCCCCCCCCCCCCCCC#CCN(CCO)CCCCCCCCCCCCCCCCCC,-0.596779256,0,50.0,10.0,38.5,1.5,10.0,6.357930650816996,1,34,12.416999999999982,0.9487179487179488,23.47,1,2,41,575.600516084,185.7767999999994,0,0,0,1,0,0,0,1,0,0,0,0,0,0,0,0,0,0,1,0,1,1,19,0.1,1.0
CCCCCCCCCCCCCCCCCCN(CC#CCCCOCCCCCCCCCCC)CCO,-0.596779256,0,50.0,10.0,38.5,1.5,10.0,6.3368186514753635,1,33,10.873199999999992,0.945945945945946,32.7,1,3,40,563.5641305759999,178.1277999999995,0,0,0,1,0,0,0,1,0,0,0,0,0,0,0,0,0,0,1,0,1,1,18,0.1,1.0
C=CCCCCCCCCOCCCC#CCN(CCO)CCCCCCCCCCCCCCCCCC,-0.596779256,0,50.0,10.0,38.5,1.5,10.0,6.308012827644405,1,32,10.259099999999998,0.8888888888888888,32.7,1,3,39,547.532830448,173.41679999999957,0,0,0,1,0,0,0,1,0,0,0,0,0,0,0,0,0,0,1,0,1,2,18,0.1,1.0
CCCCCC/C=C\COCCCC#CCN(CCO)CCCCCCCCCCCCCCCCCC,-0.596779256,0,50.0,10.0,38.5,1.5,10.0,6.282128419572215,1,30,9.869,0.8857142857142857,32.7,1,3,38,533.5171803840001,168.7997999999996,0,0,0,1,0,0,0,1,0,0,0,0,0,0,0,0,0,0,1,0,1,2,18,0.1,1.0
CCCCCCCCCCCCCCCCCCN(CC#CCCCOCC(CCCCCCCCCC)CCCCCCCCCCCC)CCO,-0.596779256,0,50.0,10.0,38.5,1.5,10.0,6.616529602040318,1,45,15.800399999999962,0.96,32.7,1,3,53,745.767581408,238.07879999999884,0,0,0,1,0,0,0,1,0,0,0,0,0,0,0,0,0,0,1,0,1,1,23,0.1,1.0
CCCCCCCCCCCCCCCCCCN(CC#CCCCCC(=O)OCCCCCCCCCCCC)CCO,-0.596779256,0,50.0,10.0,38.5,1.5,10.0,6.431427695623714,1,35,11.570099999999988,0.925,49.77,1,4,44,619.5903453239999,192.11879999999937,1,0,0,1,0,0,0,1,0,0,0,0,0,0,0,0,0,0,1,0,1,1,18,0.1,1.0
C=CCCCCCCCCOC(=O)CCCCC#CCN(CCO)CCCCCCCCCCCCCCCCCC,1.662593299,2,50.0,10.0,38.5,1.5,10.0,6.381799096789172,1,33,10.565899999999996,0.868421052631579,49.77,1,4,42,589.543395132,182.79079999999945,1,0,0,1,0,0,0,1,0,0,0,0,0,0,0,0,0,0,1,0,1,2,18,0.1,1.0
C=CCCCCCCCCCOC(=O)CCCCC#CCN(CCO)CCCCCCCCCCCCCCCCCC,0.769081444,1,50.0,10.0,38.5,1.5,10.0,6.405256556809621,1,34,10.955999999999992,0.8717948717948718,49.77,1,4,43,603.5590451959999,187.40779999999936,1,0,0,1,0,0,0,1,0,0,0,0,0,0,0,0,0,0,1,0,1,2,18,0.1,1.0
CCCCC/C=C\COC(=O)CCCCC#CCN(CCO)CCCCCCCCCCCCCCCCCC,-0.596779256,0,50.0,10.0,38.5,1.5,10.0,6.333165944946208,1,30,9.785700000000002,0.8611111111111112,49.77,1,4,40,561.512095004,173.55679999999955,1,0,0,1,0,0,0,1,0,0,0,0,0,0,0,0,0,0,1,0,1,2,18,0.1,1.0
CCCCCCCCCCCCCCCCCCN(CC#CCCCCC(=O)OCC(CCCCCCCCCC)CCCCCCCCCCCC)CCO,-0.596779256,0,50.0,10.0,38.5,1.5,10.0,6.671252894464937,1,46,16.107199999999963,0.9423076923076924,49.77,1,4,56,787.7781460919999,247.45279999999877,1,0,0,1,0,0,0,1,0,0,0,0,0,0,0,0,0,0,1,0,1,1,23,0.1,1.0
CCCCCCCCCCCCCCCCCCN(CC#CCCCCC(=O)N(CCCCCCC)CCCCCCC)CCO,1.469962359,2,50.0,10.0,38.5,1.5,10.0,6.4740912935152695,2,36,11.875399999999988,0.9285714285714286,43.78,1,3,46,646.637629864,203.4137999999992,0,0,0,1,0,0,0,1,0,0,0,0,0,0,0,0,0,0,1,0,1,1,18,0.1,1.0
CCCCCCCCCCCCCCCCCCN(CC#CCCCCC(=O)N(CCCCCCCC)CCCCCCCC)CCO,1.729492807,2,50.0,10.0,38.5,1.5,10.0,6.516465228355276,2,38,12.65559999999998,0.9318181818181818,43.78,1,3,48,674.668929992,212.64779999999908,0,0,0,1,0,0,0,1,0,0,0,0,0,0,0,0,0,0,1,0,1,1,18,0.1,1.0
CCCCCCCCCCCCCCCCCCN(CC#CCCCCC(=O)N(CCCCCCCCCCC)CCCCCCCCCCC)CCO,0.862808938,1,50.0,10.0,38.5,1.5,10.0,6.633773592837442,2,44,14.996199999999966,0.94,43.78,1,3,54,758.762830376,240.3497999999988,0,0,0,1,0,0,0,1,0,0,0,0,0,0,0,0,0,0,1,0,1,1,18,0.1,1.0
CCCCCCCCCCCCCCCCCCN(CC#CCCCCC(=O)N(CCCCCCCCCCCC)CCCCCCCCCCCC)CCO,-0.596779256,0,50.0,10.0,38.5,1.5,10.0,6.670005575278564,2,46,15.776399999999962,0.9423076923076924,43.78,1,3,56,786.794130504,249.58379999999875,0,0,0,1,0,0,0,1,0,0,0,0,0,0,0,0,0,0,1,0,1,1,18,0.1,1.0
CCCCCCCCCCCCCCCCCCN(CC#CCCCC(=O)N(CCCCCCCC)CCCCCCCC)CCO,0.376279539,1,50.0,10.0,38.5,1.5,10.0,6.4955026879398385,2,37,12.265499999999983,0.9302325581395348,43.78,1,3,47,660.653279928,208.03079999999915,0,0,0,1,0,0,0,1,0,0,0,0,0,0,0,0,0,0,1,0,1,1,18,0.1,1.0
CCCCCCCCCCC#CCN(CCO)CCCCCCCCCCCCCCCCCCCCCC,0.817508475,1,50.0,10.0,38.5,1.5,10.0,6.308092977013727,1,32,11.636799999999988,0.945945945945946,23.47,1,2,39,547.569215956,176.54279999999952,0,0,0,1,0,0,0,1,0,0,0,0,0,0,0,0,0,0,1,0,1,1,22,0.1,1.0
CCCCCCCCCCCC#CCN(CCO)CCCCCCCCCCCCCCCCCCCCCC,1.505965817,2,50.0,10.0,38.5,1.5,10.0,6.333322256005533,1,33,12.026899999999983,0.9473684210526316,23.47,1,2,40,561.58486602,181.15979999999948,0,0,0,1,0,0,0,1,0,0,0,0,0,0,0,0,0,0,1,0,1,1,22,0.1,1.0
CCCCCCCCCCCCC#CCN(CCO)CCCCCCCCCCCCCCCCCCCCCC,0.862808938,1,50.0,10.0,38.5,1.5,10.0,6.357930650816996,1,34,12.416999999999984,0.9487179487179488,23.47,1,2,41,575.600516084,185.7767999999994,0,0,0,1,0,0,0,1,0,0,0,0,0,0,0,0,0,0,1,0,1,1,22,0.1,1.0
CCCCCCCCCCCCCC#CCN(CCO)CCCCCCCCCCCCCCCCCCCCCC,-0.596779256,0,50.0,10.0,38.5,1.5,10.0,6.381947988392977,1,35,12.80709999999998,0.95,23.47,1,2,42,589.616166148,190.39379999999937,0,0,0,1,0,0,0,1,0,0,0,0,0,0,0,0,0,0,1,0,1,1,22,0.1,1.0
CCCCCCCCCCCCCCC#CCN(CCO)CCCCCCCCCCCCCCCCCCCCCC,-1.083308655,0,50.0,10.0,38.5,1.5,10.0,6.405401996691146,1,36,13.197199999999976,0.951219512195122,23.47,1,2,43,603.631816212,195.0107999999993,0,0,0,1,0,0,0,1,0,0,0,0,0,0,0,0,0,0,1,0,1,1,22,0.1,1.0
CCCCCCCCCCCCCCCC#CCN(CCO)CCCCCCCCCCCCCCCCCCCCCC,2.414752359,2,50.0,10.0,38.5,1.5,10.0,6.4283184971235094,1,37,13.587299999999974,0.9523809523809524,23.47,1,2,44,617.647466276,199.62779999999924,0,0,0,1,0,0,0,1,0,0,0,0,0,0,0,0,0,0,1,0,1,1,22,0.1,1.0
CCCCCCCCCCCCCCCCC#CCN(CCO)CCCCCCCCCCCCCCCCCCCCCC,-0.596779256,0,50.0,10.0,38.5,1.5,10.0,6.4507215754366705,1,38,13.977399999999973,0.9534883720930232,23.47,1,2,45,631.6631163399999,204.2447999999992,0,0,0,1,0,0,0,1,0,0,0,0,0,0,0,0,0,0,1,0,1,1,22,0.1,1.0
CCCCCCCCCCCCCCCCCCCCCCN(CC#CCCCOCCCCCCCCCCC)CCO,1.280241914,1,50.0,10.0,38.5,1.5,10.0,6.431498539731285,1,37,12.43359999999998,0.951219512195122,32.7,1,3,44,619.626730832,196.5957999999993,0,0,0,1,0,0,0,1,0,0,0,0,0,0,0,0,0,0,1,0,1,1,22,0.1,1.0
C=CCCCCCCCCOCCCC#CCN(CCO)CCCCCCCCCCCCCCCCCCCCCC,-0.596779256,0,50.0,10.0,38.5,1.5,10.0,6.405329279394478,1,36,11.819499999999987,0.9,32.7,1,3,43,603.595430704,191.88479999999933,0,0,0,1,0,0,0,1,0,0,0,0,0,0,0,0,0,0,1,0,1,2,22,0.1,1.0
CCCCCC/C=C\COCCCC#CCN(CCO)CCCCCCCCCCCCCCCCCCCCCC,-1.083308655,0,50.0,10.0,38.5,1.5,10.0,6.381873545362163,1,34,11.42939999999999,0.8974358974358975,32.7,1,3,42,589.5797806400001,187.2677999999994,0,0,0,1,0,0,0,1,0,0,0,0,0,0,0,0,0,0,1,0,1,2,22,0.1,1.0
CCCCCCCCCCCCCCCCCCCCCCN(CC#CCCCOCC(CCCCCCCCCC)CCCCCCCCCCCC)CCO,-1.083308655,0,50.0,10.0,38.5,1.5,10.0,6.688921178631008,1,49,17.360799999999973,0.9629629629629628,32.7,1,3,57,801.8301816640001,256.54679999999865,0,0,0,1,0,0,0,1,0,0,0,0,0,0,0,0,0,0,1,0,1,1,23,0.1,1.0
CCCCCCCCCCCCCCCCCCCCCCN(CC#CCCCCC(=O)OCCCCCCCCCCCC)CCO,0.282552045,1,50.0,10.0,38.5,1.5,10.0,6.517919395746166,1,39,13.130499999999978,0.9318181818181818,49.77,1,4,48,675.65294558,210.5867999999991,1,0,0,1,0,0,0,1,0,0,0,0,0,0,0,0,0,0,1,0,1,1,22,0.1,1.0
C=CCCCCCCCCOC(=O)CCCCC#CCN(CCO)CCCCCCCCCCCCCCCCCCCCCC,-1.083308655,0,50.0,10.0,38.5,1.5,10.0,6.472497751346035,1,37,12.126299999999986,0.8809523809523809,49.77,1,4,46,645.605995388,201.2587999999992,1,0,0,1,0,0,0,1,0,0,0,0,0,0,0,0,0,0,1,0,1,2,22,0.1,1.0
C=CCCCCCCCCCOC(=O)CCCCC#CCN(CCO)CCCCCCCCCCCCCCCCCCCCCC,0.282552045,1,50.0,10.0,38.5,1.5,10.0,6.493942929386144,1,38,12.516399999999985,0.8837209302325582,49.77,1,4,47,659.6216454519999,205.87579999999917,1,0,0,1,0,0,0,1,0,0,0,0,0,0,0,0,0,0,1,0,1,2,22,0.1,1.0
CCCCC/C=C\COC(=O)CCCCC#CCN(CCO)CCCCCCCCCCCCCCCCCCCCCC,-1.083308655,0,50.0,10.0,38.5,1.5,10.0,6.428176352549316,1,34,11.346099999999993,0.875,49.77,1,4,44,617.57469526,192.02479999999932,1,0,0,1,0,0,0,1,0,0,0,0,0,0,0,0,0,0,1,0,1,2,22,0.1,1.0
CCCCCCCCCCCCCCCCCCCCCCN(CC#CCCCCC(=O)OCC(CCCCCCCCCC)CCCCCCCCCCCC)CCO,-1.083308655,0,50.0,10.0,38.5,1.5,10.0,6.739918706436981,1,50,17.667599999999975,0.9464285714285714,49.77,1,4,60,843.840746348,265.9207999999988,1,0,0,1,0,0,0,1,0,0,0,0,0,0,0,0,0,0,1,0,1,1,23,0.1,1.0
CCCCCCCCCCCCCCCCCCCCCCN(CC#CCCCCC(=O)N(CCCCCCC)CCCCCCC)CCO,1.451243555,1,50.0,10.0,38.5,1.5,10.0,6.557116367207688,2,40,13.435799999999976,0.9347826086956522,43.78,1,3,50,702.7002301200001,221.88179999999895,0,0,0,1,0,0,0,1,0,0,0,0,0,0,0,0,0,0,1,0,1,1,22,0.1,1.0
CCCCCCCCCCCCCCCCCCCCCCN(CC#CCCCCC(=O)N(CCCCCCCC)CCCCCCCC)CCO,0.282552045,1,50.0,10.0,38.5,1.5,10.0,6.59617934152285,2,42,14.21599999999997,0.9375,43.78,1,3,52,730.7315302480001,231.1157999999989,0,0,0,1,0,0,0,1,0,0,0,0,0,0,0,0,0,0,1,0,1,1,22,0.1,1.0
CCCCCCCCCCCCCCCCCCCCCCN(CC#CCCCCC(=O)N(CCCCCCCCCCC)CCCCCCCCCCC)CCO,0.717064053,1,50.0,10.0,38.5,1.5,10.0,6.704970572795303,2,48,16.556599999999968,0.9444444444444444,43.78,1,3,58,814.8254306320001,258.81779999999867,0,0,0,1,0,0,0,1,0,0,0,0,0,0,0,0,0,0,1,0,1,1,22,0.1,1.0
CCCCCCCCCCCCCCCCCCCCCCN(CC#CCCCCC(=O)N(CCCCCCCCCCCC)CCCCCCCCCCCC)CCO,-0.596779256,0,50.0,10.0,38.5,1.5,10.0,6.738754209263967,2,50,17.336799999999972,0.9464285714285714,43.78,1,3,60,842.8567307600001,268.0517999999989,0,0,0,1,0,0,0,1,0,0,0,0,0,0,0,0,0,0,1,0,1,1,22,0.1,1.0
CCCCCCCCCCCCCCCCCCCCCCN(CC#CCCCC(=O)N(CCCCCCCC)CCCCCCCC)CCO,0.532907021,1,50.0,10.0,38.5,1.5,10.0,6.576838581734611,2,41,13.825899999999974,0.9361702127659576,43.78,1,3,51,716.7158801840001,226.49879999999897,0,0,0,1,0,0,0,1,0,0,0,0,0,0,0,0,0,0,1,0,1,1,22,0.1,1.0
C=CCCCCCCCCCCCCCCCCN(CC#CCCCCCCCCCC)CCO,0.817508475,1,50.0,10.0,38.5,1.5,10.0,6.196185438532859,1,28,9.852399999999996,0.8787878787878788,23.47,1,2,35,489.49096563599994,157.98079999999976,0,0,0,1,0,0,0,1,0,0,0,0,0,0,0,0,0,0,1,0,1,2,18,0.1,1.0
C=CCCCCCCCCCCCCCCCCN(CC#CCCCCCCCCCCC)CCO,1.304037873,1,50.0,10.0,38.5,1.5,10.0,6.224360389864871,1,29,10.242499999999994,0.8823529411764706,23.47,1,2,36,503.50661569999994,162.5977999999997,0,0,0,1,0,0,0,1,0,0,0,0,0,0,0,0,0,0,1,0,1,2,18,0.1,1.0
C=CCCCCCCCCCCCCCCCCN(CC#CCCCCCCCCCCCC)CCO,1.824813749,2,50.0,10.0,38.5,1.5,10.0,6.25176321816706,1,30,10.632599999999991,0.8857142857142857,23.47,1,2,37,517.5222657639999,167.21479999999966,0,0,0,1,0,0,0,1,0,0,0,0,0,0,0,0,0,0,1,0,1,2,18,0.1,1.0
C=CCCCCCCCCCCCCCCCCN(CC#CCCCCCCCCCCCCC)CCO,0.532907021,1,50.0,10.0,38.5,1.5,10.0,6.278435116501484,1,31,11.02269999999999,0.8888888888888888,23.47,1,2,38,531.537915828,171.8317999999996,0,0,0,1,0,0,0,1,0,0,0,0,0,0,0,0,0,0,1,0,1,2,18,0.1,1.0
C=CCCCCCCCCCCCCCCCCN(CC#CCCCCCCCCCCCCCC)CCO,0.717064053,1,50.0,10.0,38.5,1.5,10.0,6.304414066900978,1,32,11.412799999999988,0.8918918918918919,23.47,1,2,39,545.5535658919999,176.44879999999952,0,0,0,1,0,0,0,1,0,0,0,0,0,0,0,0,0,0,1,0,1,2,18,0.1,1.0
C=CCCCCCCCCCCCCCCCCN(CC#CCCCCCCCCCCCCCCC)CCO,0.717064053,1,50.0,10.0,38.5,1.5,10.0,6.329735165670575,1,33,11.802899999999983,0.8947368421052632,23.47,1,2,40,559.569215956,181.06579999999948,0,0,0,1,0,0,0,1,0,0,0,0,0,0,0,0,0,0,1,0,1,2,18,0.1,1.0
C=CCCCCCCCCCCCCCCCCN(CC#CCCCCCCCCCCCCCCCC)CCO,-0.596779256,0,50.0,10.0,38.5,1.5,10.0,6.354430908510092,1,34,12.192999999999982,0.8974358974358975,23.47,1,2,41,573.5848660199999,185.68279999999945,0,0,0,1,0,0,0,1,0,0,0,0,0,0,0,0,0,0,1,0,1,2,19,0.1,1.0
C=CCCCCCCCCCCCCCCCCN(CC#CCCCOCCCCCCCCCCC)CCO,-0.596779256,0,50.0,10.0,38.5,1.5,10.0,6.333244103530014,1,33,10.649199999999992,0.8918918918918919,32.7,1,3,40,561.548480512,178.0337999999995,0,0,0,1,0,0,0,1,0,0,0,0,0,0,0,0,0,0,1,0,1,2,18,0.1,1.0
C=CCCCCCCCCCCCCCCCCN(CC#CCCCOCCCCCCCCC=C)CCO,-0.596779256,0,50.0,10.0,38.5,1.5,10.0,6.304333622114396,1,32,10.035099999999996,0.8333333333333334,32.7,1,3,39,545.517180384,173.32279999999955,0,0,0,1,0,0,0,1,0,0,0,0,0,0,0,0,0,0,1,0,1,3,18,0.1,1.0
C=CCCCCCCCCCCCCCCCCN(CC#CCCCOC/C=C\CCCCCC)CCO,1.370937379,1,50.0,10.0,38.5,1.5,10.0,6.278352554373436,1,30,9.645,0.8285714285714286,32.7,1,3,38,531.5015303199999,168.7057999999996,0,0,0,1,0,0,0,1,0,0,0,0,0,0,0,0,0,0,1,0,1,3,18,0.1,1.0
C=CCCCCCCCCCCCCCCCCN(CC#CCCCOCC(CCCCCCCCCC)CCCCCCCCCCCC)CCO,-0.596779256,0,50.0,10.0,38.5,1.5,10.0,6.613828415011639,1,45,15.576399999999962,0.92,32.7,1,3,53,743.7519313439999,237.98479999999884,0,0,0,1,0,0,0,1,0,0,0,0,0,0,0,0,0,0,1,0,1,2,23,0.1,1.0
C=CCCCCCCCCCCCCCCCCN(CC#CCCCCC(=O)OCCCCCCCCCCCC)CCO,1.304037873,1,50.0,10.0,38.5,1.5,10.0,6.4281763525493165,1,35,11.346099999999987,0.875,49.77,1,4,44,617.57469526,192.02479999999932,1,0,0,1,0,0,0,1,0,0,0,0,0,0,0,0,0,0,1,0,1,2,18,0.1,1.0
C=CCCCCCCCCCCCCCCCCN(CC#CCCCCC(=O)OCCCCCCCCC=C)CCO,0.376279539,1,50.0,10.0,38.5,1.5,10.0,6.3783820400626725,1,33,10.341899999999994,0.8157894736842105,49.77,1,4,42,587.527745068,182.69679999999943,1,0,0,1,0,0,0,1,0,0,0,0,0,0,0,0,0,0,1,0,1,3,18,0.1,1.0
C=CCCCCCCCCCCCCCCCCN(CC#CCCCCC(=O)OCCCCCCCCCC=C)CCO,-0.312177803,1,50.0,10.0,38.5,1.5,10.0,6.401918855100604,1,34,10.731999999999992,0.8205128205128205,49.77,1,4,43,601.543395132,187.3137999999994,1,0,0,1,0,0,0,1,0,0,0,0,0,0,0,0,0,0,1,0,1,3,18,0.1,1.0
C=CCCCCCCCCCCCCCCCCN(CC#CCCCCC(=O)OC/C=C\CCCCC)CCO,1.230083899,1,50.0,10.0,38.5,1.5,10.0,6.329578292858451,1,30,9.5617,0.8055555555555556,49.77,1,4,40,559.49644494,173.46279999999956,1,0,0,1,0,0,0,1,0,0,0,0,0,0,0,0,0,0,1,0,1,3,18,0.1,1.0
C=CCCCCCCCCCCCCCCCCN(CC#CCCCCC(=O)OCC(CCCCCCCCCC)CCCCCCCCCCCC)CCO,-1.083308655,0,50.0,10.0,38.5,1.5,10.0,6.668695737602525,1,46,15.88319999999996,0.903846153846154,49.77,1,4,56,785.762496028,247.35879999999875,1,0,0,1,0,0,0,1,0,0,0,0,0,0,0,0,0,0,1,0,1,2,23,0.1,1.0
C=CCCCCCCCCCCCCCCCCN(CC#CCCCCC(=O)N(CCCCCCC)CCCCCCC)CCO,1.868022067,2,50.0,10.0,38.5,1.5,10.0,6.470975958801734,2,36,11.651399999999986,0.8809523809523809,43.78,1,3,46,644.6219798,203.3197999999992,0,0,0,1,0,0,0,1,0,0,0,0,0,0,0,0,0,0,1,0,1,2,18,0.1,1.0
C=CCCCCCCCCCCCCCCCCN(CC#CCCCCC(=O)N(CCCCCCCC)CCCCCCCC)CCO,1.604066619,2,50.0,10.0,38.5,1.5,10.0,6.51347933801289,2,38,12.431599999999982,0.8863636363636364,43.78,1,3,48,672.653279928,212.5537999999991,0,0,0,1,0,0,0,1,0,0,0,0,0,0,0,0,0,0,1,0,1,2,18,0.1,1.0
C=CCCCCCCCCCCCCCCCCN(CC#CCCCCC(=O)N(CCCCCCCCCCC)CCCCCCCCCCC)CCO,0.945482446,1,50.0,10.0,38.5,1.5,10.0,6.631118647102884,2,44,14.772199999999968,0.9,43.78,1,3,54,756.747180312,240.25579999999883,0,0,0,1,0,0,0,1,0,0,0,0,0,0,0,0,0,0,1,0,1,2,18,0.1,1.0
C=CCCCCCCCCCCCCCCCCN(CC#CCCCCC(=O)N(CCCCCCCCCCCC)CCCCCCCCCCCC)CCO,-0.596779256,0,50.0,10.0,38.5,1.5,10.0,6.667445222746016,2,46,15.552399999999963,0.903846153846154,43.78,1,3,56,784.77848044,249.48979999999875,0,0,0,1,0,0,0,1,0,0,0,0,0,0,0,0,0,0,1,0,1,2,18,0.1,1.0
C=CCCCCCCCCCCCCCCCCN(CC#CCCCC(=O)N(CCCCCCCC)CCCCCCCC)CCO,-0.596779256,0,50.0,10.0,38.5,1.5,10.0,6.492453448567109,2,37,12.041499999999983,0.8837209302325582,43.78,1,3,47,658.637629864,207.93679999999912,0,0,0,1,0,0,0,1,0,0,0,0,0,0,0,0,0,0,1,0,1,2,18,0.1,1.0
CCCCCCCCCCC#CCN(CCO)CC(CCCCCC)CCCCCCCC,-0.596779256,0,50.0,10.0,38.5,1.5,10.0,6.1416825039075285,1,25,9.152100000000004,0.935483870967742,23.47,1,2,33,463.475315572,148.77079999999984,0,0,0,1,0,0,0,1,0,0,0,0,0,0,0,0,0,0,1,0,1,1,15,0.1,1.0
CCCCCCCCCCCC#CCN(CCO)CC(CCCCCC)CCCCCCCC,0.660880992,1,50.0,10.0,38.5,1.5,10.0,6.17141245569331,1,26,9.5422,0.9375,23.47,1,2,34,477.490965636,153.38779999999977,0,0,0,1,0,0,0,1,0,0,0,0,0,0,0,0,0,0,1,0,1,1,15,0.1,1.0
CCCCCCCCCCCCC#CCN(CCO)CC(CCCCCC)CCCCCCCC,-0.596779256,0,50.0,10.0,38.5,1.5,10.0,6.2002839965623275,1,27,9.9323,0.9393939393939394,23.47,1,2,35,491.5066157,158.00479999999973,0,0,0,1,0,0,0,1,0,0,0,0,0,0,0,0,0,0,1,0,1,1,15,0.1,1.0
CCCCCCCCCCCCCC#CCN(CCO)CC(CCCCCC)CCCCCCCC,-0.596779256,0,50.0,10.0,38.5,1.5,10.0,6.228345309391286,1,28,10.322399999999996,0.9411764705882352,23.47,1,2,36,505.522265764,162.62179999999967,0,0,0,1,0,0,0,1,0,0,0,0,0,0,0,0,0,0,1,0,1,1,16,0.1,1.0
CCCCCCCCCCCCCCC#CCN(CCO)CC(CCCCCC)CCCCCCCC,0.376279539,1,50.0,10.0,38.5,1.5,10.0,6.255640630777802,1,29,10.712499999999991,0.9428571428571428,23.47,1,2,37,519.537915828,167.23879999999966,0,0,0,1,0,0,0,1,0,0,0,0,0,0,0,0,0,0,1,0,1,1,17,0.1,1.0
CCCCCCCCCCCCCCCC#CCN(CCO)CC(CCCCCC)CCCCCCCC,-0.312177803,1,50.0,10.0,38.5,1.5,10.0,6.2822106705574035,1,30,11.102599999999992,0.9444444444444444,23.47,1,2,38,533.553565892,171.8557999999996,0,0,0,1,0,0,0,1,0,0,0,0,0,0,0,0,0,0,1,0,1,1,18,0.1,1.0
CCCCCCCCCCCCCCCCC#CCN(CCO)CC(CCCCCC)CCCCCCCC,0.769081444,1,50.0,10.0,38.5,1.5,10.0,6.308092977013727,1,31,11.492699999999989,0.945945945945946,23.47,1,2,39,547.569215956,176.47279999999952,0,0,0,1,0,0,0,1,0,0,0,0,0,0,0,0,0,0,1,0,1,1,19,0.1,1.0
CCCCCCCCCCCOCCCC#CCN(CCO)CC(CCCCCC)CCCCCCCC,-1.083308655,0,50.0,10.0,38.5,1.5,10.0,6.285890081226851,1,30,9.9489,0.9428571428571428,32.7,1,3,38,535.532830448,168.8237999999996,0,0,0,1,0,0,0,1,0,0,0,0,0,0,0,0,0,0,1,0,1,1,15,0.1,1.0
C=CCCCCCCCCOCCCC#CCN(CCO)CC(CCCCCC)CCCCCCCC,-1.083308655,0,50.0,10.0,38.5,1.5,10.0,6.255556164995033,1,29,9.334800000000005,0.8823529411764706,32.7,1,3,37,519.50153032,164.11279999999968,0,0,0,1,0,0,0,1,0,0,0,0,0,0,0,0,0,0,1,0,1,2,15,0.1,1.0
CCCCCC/C=C\COCCCC#CCN(CCO)CC(CCCCCC)CCCCCCCC,-0.312177803,1,50.0,10.0,38.5,1.5,10.0,6.228258506233175,1,27,8.944700000000006,0.8787878787878788,32.7,1,3,36,505.485880256,159.4957999999997,0,0,0,1,0,0,0,1,0,0,0,0,0,0,0,0,0,0,1,0,1,2,15,0.1,1.0
CCCCCCCCCCCCC(CCCCCCCCCC)COCCCC#CCN(CCO)CC(CCCCCC)CCCCCCCC,-0.596779256,0,50.0,10.0,38.5,1.5,10.0,6.578268785142376,1,42,14.876099999999964,0.9583333333333334,32.7,1,3,51,717.7362812800001,228.7747999999989,0,0,0,1,0,0,0,1,0,0,0,0,0,0,0,0,0,0,1,0,1,1,23,0.1,1.0
CCCCCCCCCCCCOC(=O)CCCCC#CCN(CCO)CC(CCCCCC)CCCCCCCC,-1.083308655,0,50.0,10.0,38.5,1.5,10.0,6.385204516990384,1,32,10.645799999999996,0.9210526315789472,49.77,1,4,42,591.5590451959999,182.81479999999945,1,0,0,1,0,0,0,1,0,0,0,0,0,0,0,0,0,0,1,0,1,1,15,0.1,1.0
C=CCCCCCCCCOC(=O)CCCCC#CCN(CCO)CC(CCCCCC)CCCCCCCC,-1.083308655,0,50.0,10.0,38.5,1.5,10.0,6.333165944946208,1,30,9.641600000000002,0.8611111111111112,49.77,1,4,40,561.512095004,173.48679999999956,1,0,0,1,0,0,0,1,0,0,0,0,0,0,0,0,0,0,1,0,1,2,15,0.1,1.0
C=CCCCCCCCCCOC(=O)CCCCC#CCN(CCO)CC(CCCCCC)CCCCCCCC,-1.083308655,0,50.0,10.0,38.5,1.5,10.0,6.357778139668656,1,31,10.0317,0.8648648648648649,49.77,1,4,41,575.5277450680001,178.1037999999995,1,0,0,1,0,0,0,1,0,0,0,0,0,0,0,0,0,0,1,0,1,2,15,0.1,1.0
CCCCC/C=C\COC(=O)CCCCC#CCN(CCO)CC(CCCCCC)CCCCCCCC,-1.083308655,0,50.0,10.0,38.5,1.5,10.0,6.2820461618212455,1,27,8.861400000000007,0.8529411764705882,49.77,1,4,38,533.480794876,164.25279999999967,1,0,0,1,0,0,0,1,0,0,0,0,0,0,0,0,0,0,1,0,1,2,15,0.1,1.0
CCCCCCCCCCCCC(CCCCCCCCCC)COC(=O)CCCCC#CCN(CCO)CC(CCCCCC)CCCCCCCC,-0.596779256,0,50.0,10.0,38.5,1.5,10.0,6.635066903814493,1,43,15.182899999999965,0.94,49.77,1,4,54,759.7468459639999,238.1487999999989,1,0,0,1,0,0,0,1,0,0,0,0,0,0,0,0,0,0,1,0,1,1,23,0.1,1.0
CCCCCCCCC(CCCCCC)CN(CC#CCCCCC(=O)N(CCCCCCC)CCCCCCC)CCO,-0.596779256,0,50.0,10.0,38.5,1.5,10.0,6.429842051171906,2,33,10.951099999999991,0.925,43.78,1,3,44,618.606329736,194.1097999999993,0,0,0,1,0,0,0,1,0,0,0,0,0,0,0,0,0,0,1,0,1,1,15,0.1,1.0
CCCCCCCCC(CCCCCC)CN(CC#CCCCCC(=O)N(CCCCCCCC)CCCCCCCC)CCO,-0.596779256,0,50.0,10.0,38.5,1.5,10.0,6.4740912935152695,2,35,11.731299999999989,0.9285714285714286,43.78,1,3,46,646.637629864,203.3437999999992,0,0,0,1,0,0,0,1,0,0,0,0,0,0,0,0,0,0,1,0,1,1,15,0.1,1.0
CCCCCCCCCCCN(CCCCCCCCCCC)C(=O)CCCCC#CCN(CCO)CC(CCCCCC)CCCCCCCC,-0.596779256,0,50.0,10.0,38.5,1.5,10.0,6.59617934152285,2,41,14.071899999999973,0.9375,43.78,1,3,52,730.731530248,231.0457999999989,0,0,0,1,0,0,0,1,0,0,0,0,0,0,0,0,0,0,1,0,1,1,15,0.1,1.0
CCCCCCCCCCCCN(CCCCCCCCCCCC)C(=O)CCCCC#CCN(CCO)CC(CCCCCC)CCCCCCCC,-0.596779256,0,50.0,10.0,38.5,1.5,10.0,6.633773592837442,2,43,14.852099999999968,0.94,43.78,1,3,54,758.762830376,240.27979999999883,0,0,0,1,0,0,0,1,0,0,0,0,0,0,0,0,0,0,1,0,1,1,15,0.1,1.0
CCCCCCCCC(CCCCCC)CN(CC#CCCCC(=O)N(CCCCCCCC)CCCCCCCC)CCO,-1.083308655,0,50.0,10.0,38.5,1.5,10.0,6.452211401809761,2,34,11.34119999999999,0.926829268292683,43.78,1,3,45,632.6219798,198.7267999999993,0,0,0,1,0,0,0,1,0,0,0,0,0,0,0,0,0,0,1,0,1,1,15,0.1,1.0
CCCCCCCC/C=C\CCCCCCCCN(CC#CCCCCCCCCCC)CCO,1.588639326,2,50.0,10.0,38.5,1.5,10.0,6.196185438532859,1,27,9.852399999999998,0.8787878787878788,23.47,1,2,35,489.49096563599994,157.98079999999976,0,0,0,1,0,0,0,1,0,0,0,0,0,0,0,0,0,0,1,0,1,2,18,0.1,1.0
CCCCCCCC/C=C\CCCCCCCCN(CC#CCCCCCCCCCCC)CCO,3.593634467,3,50.0,10.0,38.5,1.5,10.0,6.224360389864871,1,28,10.242499999999994,0.8823529411764706,23.47,1,2,36,503.50661569999994,162.5977999999997,0,0,0,1,0,0,0,1,0,0,0,0,0,0,0,0,0,0,1,0,1,2,18,0.1,1.0
CCCCCCCC/C=C\CCCCCCCCN(CC#CCCCCCCCCCCCC)CCO,1.908724109,2,50.0,10.0,38.5,1.5,10.0,6.25176321816706,1,29,10.632599999999991,0.8857142857142857,23.47,1,2,37,517.5222657639999,167.21479999999966,0,0,0,1,0,0,0,1,0,0,0,0,0,0,0,0,0,0,1,0,1,2,18,0.1,1.0
CCCCCCCC/C=C\CCCCCCCCN(CC#CCCCCCCCCCCCCC)CCO,3.629458615,3,50.0,10.0,38.5,1.5,10.0,6.278435116501484,1,30,11.02269999999999,0.8888888888888888,23.47,1,2,38,531.537915828,171.8317999999996,0,0,0,1,0,0,0,1,0,0,0,0,0,0,0,0,0,0,1,0,1,2,18,0.1,1.0
CCCCCCCC/C=C\CCCCCCCCN(CC#CCCCCCCCCCCCCCC)CCO,2.997708345,3,50.0,10.0,38.5,1.5,10.0,6.304414066900978,1,31,11.412799999999988,0.8918918918918919,23.47,1,2,39,545.5535658919999,176.44879999999952,0,0,0,1,0,0,0,1,0,0,0,0,0,0,0,0,0,0,1,0,1,2,18,0.1,1.0
CCCCCCCC/C=C\CCCCCCCCN(CC#CCCCCCCCCCCCCCCC)CCO,2.920253549,3,50.0,10.0,38.5,1.5,10.0,6.329735165670575,1,32,11.802899999999983,0.8947368421052632,23.47,1,2,40,559.569215956,181.06579999999948,0,0,0,1,0,0,0,1,0,0,0,0,0,0,0,0,0,0,1,0,1,2,18,0.1,1.0
CCCCCCCC/C=C\CCCCCCCCN(CC#CCCCCCCCCCCCCCCCC)CCO,3.613084198,3,50.0,10.0,38.5,1.5,10.0,6.354430908510092,1,33,12.192999999999982,0.8974358974358975,23.47,1,2,41,573.5848660199999,185.68279999999945,0,0,0,1,0,0,0,1,0,0,0,0,0,0,0,0,0,0,1,0,1,2,19,0.1,1.0
CCCCCCCC/C=C\CCCCCCCCN(CC#CCCCOCCCCCCCCCCC)CCO,2.871826516,3,50.0,10.0,38.5,1.5,10.0,6.333244103530014,1,32,10.649199999999992,0.8918918918918919,32.7,1,3,40,561.548480512,178.0337999999995,0,0,0,1,0,0,0,1,0,0,0,0,0,0,0,0,0,0,1,0,1,2,18,0.1,1.0
C=CCCCCCCCCOCCCC#CCN(CCO)CCCCCCCC/C=C\CCCCCCCC,3.36707545,3,50.0,10.0,38.5,1.5,10.0,6.304333622114396,1,31,10.0351,0.8333333333333334,32.7,1,3,39,545.517180384,173.32279999999955,0,0,0,1,0,0,0,1,0,0,0,0,0,0,0,0,0,0,1,0,1,3,18,0.1,1.0
CCCCCC/C=C\COCCCC#CCN(CCO)CCCCCCCC/C=C\CCCCCCCC,1.888668072,2,50.0,10.0,38.5,1.5,10.0,6.278352554373436,1,29,9.645,0.8285714285714286,32.7,1,3,38,531.50153032,168.7057999999996,0,0,0,1,0,0,0,1,0,0,0,0,0,0,0,0,0,0,1,0,1,3,18,0.1,1.0
CCCCCCCC/C=C\CCCCCCCCN(CC#CCCCOCC(CCCCCCCCCC)CCCCCCCCCCCC)CCO,1.304037873,1,50.0,10.0,38.5,1.5,10.0,6.613828415011639,1,44,15.576399999999962,0.92,32.7,1,3,53,743.7519313439999,237.98479999999884,0,0,0,1,0,0,0,1,0,0,0,0,0,0,0,0,0,0,1,0,1,2,23,0.1,1.0
CCCCCCCC/C=C\CCCCCCCCN(CC#CCCCCC(=O)OCCCCCCCCCCCC)CCO,2.792279578,3,50.0,10.0,38.5,1.5,10.0,6.4281763525493165,1,34,11.34609999999999,0.875,49.77,1,4,44,617.57469526,192.02479999999932,1,0,0,1,0,0,0,1,0,0,0,0,0,0,0,0,0,0,1,0,1,2,18,0.1,1.0
C=CCCCCCCCCOC(=O)CCCCC#CCN(CCO)CCCCCCCC/C=C\CCCCCCCC,0.862808938,1,50.0,10.0,38.5,1.5,10.0,6.3783820400626725,1,32,10.341899999999995,0.8157894736842105,49.77,1,4,42,587.527745068,182.69679999999943,1,0,0,1,0,0,0,1,0,0,0,0,0,0,0,0,0,0,1,0,1,3,18,0.1,1.0
C=CCCCCCCCCCOC(=O)CCCCC#CCN(CCO)CCCCCCCC/C=C\CCCCCCCC,1.729492807,2,50.0,10.0,38.5,1.5,10.0,6.401918855100603,1,33,10.731999999999994,0.8205128205128205,49.77,1,4,43,601.543395132,187.3137999999994,1,0,0,1,0,0,0,1,0,0,0,0,0,0,0,0,0,0,1,0,1,3,18,0.1,1.0
CCCCC/C=C\COC(=O)CCCCC#CCN(CCO)CCCCCCCC/C=C\CCCCCCCC,0.717064053,1,50.0,10.0,38.5,1.5,10.0,6.329578292858451,1,29,9.561700000000002,0.8055555555555556,49.77,1,4,40,559.4964449400001,173.46279999999956,1,0,0,1,0,0,0,1,0,0,0,0,0,0,0,0,0,0,1,0,1,3,18,0.1,1.0
CCCCCCCC/C=C\CCCCCCCCN(CC#CCCCCC(=O)OCC(CCCCCCCCCC)CCCCCCCCCCCC)CCO,-0.596779256,0,50.0,10.0,38.5,1.5,10.0,6.668695737602525,1,45,15.88319999999996,0.903846153846154,49.77,1,4,56,785.762496028,247.35879999999875,1,0,0,1,0,0,0,1,0,0,0,0,0,0,0,0,0,0,1,0,1,2,23,0.1,1.0
CCCCCCCC/C=C\CCCCCCCCN(CC#CCCCCC(=O)N(CCCCCCC)CCCCCCC)CCO,1.69012285,2,50.0,10.0,38.5,1.5,10.0,6.470975958801734,2,35,11.651399999999988,0.8809523809523809,43.78,1,3,46,644.6219798,203.3197999999992,0,0,0,1,0,0,0,1,0,0,0,0,0,0,0,0,0,0,1,0,1,2,18,0.1,1.0
CCCCCCCC/C=C\CCCCCCCCN(CC#CCCCCC(=O)N(CCCCCCCC)CCCCCCCC)CCO,1.888668072,2,50.0,10.0,38.5,1.5,10.0,6.51347933801289,2,37,12.431599999999982,0.8863636363636364,43.78,1,3,48,672.653279928,212.5537999999991,0,0,0,1,0,0,0,1,0,0,0,0,0,0,0,0,0,0,1,0,1,2,18,0.1,1.0
CCCCCCCC/C=C\CCCCCCCCN(CC#CCCCCC(=O)N(CCCCCCCCCCC)CCCCCCCCCCC)CCO,1.469962359,2,50.0,10.0,38.5,1.5,10.0,6.631118647102884,2,43,14.772199999999968,0.9,43.78,1,3,54,756.747180312,240.25579999999883,0,0,0,1,0,0,0,1,0,0,0,0,0,0,0,0,0,0,1,0,1,2,18,0.1,1.0
CCCCCCCC/C=C\CCCCCCCCN(CC#CCCCCC(=O)N(CCCCCCCCCCCC)CCCCCCCCCCCC)CCO,1.633939788,2,50.0,10.0,38.5,1.5,10.0,6.667445222746016,2,45,15.552399999999963,0.903846153846154,43.78,1,3,56,784.77848044,249.48979999999875,0,0,0,1,0,0,0,1,0,0,0,0,0,0,0,0,0,0,1,0,1,2,18,0.1,1.0
CCCCCCCC/C=C\CCCCCCCCN(CC#CCCCC(=O)N(CCCCCCCC)CCCCCCCC)CCO,0.532907021,1,50.0,10.0,38.5,1.5,10.0,6.492453448567109,2,36,12.041499999999983,0.8837209302325582,43.78,1,3,47,658.637629864,207.93679999999912,0,0,0,1,0,0,0,1,0,0,0,0,0,0,0,0,0,0,1,0,1,2,18,0.1,1.0
CCCCCCCC/C=C/CCCCCCCCN(CC#CCCCCCCCCCC)CCO,1.053682897,1,50.0,10.0,38.5,1.5,10.0,6.196185438532859,1,27,9.852399999999998,0.8787878787878788,23.47,1,2,35,489.49096563599994,157.98079999999976,0,0,0,1,0,0,0,1,0,0,0,0,0,0,0,0,0,0,1,0,1,2,18,0.1,1.0
CCCCCCCC/C=C/CCCCCCCCN(CC#CCCCCCCCCCCC)CCO,0.376279539,1,50.0,10.0,38.5,1.5,10.0,6.224360389864871,1,28,10.242499999999994,0.8823529411764706,23.47,1,2,36,503.50661569999994,162.5977999999997,0,0,0,1,0,0,0,1,0,0,0,0,0,0,0,0,0,0,1,0,1,2,18,0.1,1.0
CCCCCCCC/C=C/CCCCCCCCN(CC#CCCCCCCCCCCCC)CCO,0.599806528,1,50.0,10.0,38.5,1.5,10.0,6.25176321816706,1,29,10.632599999999991,0.8857142857142857,23.47,1,2,37,517.5222657639999,167.21479999999966,0,0,0,1,0,0,0,1,0,0,0,0,0,0,0,0,0,0,1,0,1,2,18,0.1,1.0
CCCCCCCC/C=C/CCCCCCCCN(CC#CCCCCCCCCCCCCC)CCO,0.905362182,1,50.0,10.0,38.5,1.5,10.0,6.278435116501484,1,30,11.02269999999999,0.8888888888888888,23.47,1,2,38,531.537915828,171.8317999999996,0,0,0,1,0,0,0,1,0,0,0,0,0,0,0,0,0,0,1,0,1,2,18,0.1,1.0
CCCCCCCC/C=C/CCCCCCCCN(CC#CCCCCCCCCCCCCCC)CCO,1.451243555,1,50.0,10.0,38.5,1.5,10.0,6.304414066900978,1,31,11.412799999999988,0.8918918918918919,23.47,1,2,39,545.5535658919999,176.44879999999952,0,0,0,1,0,0,0,1,0,0,0,0,0,0,0,0,0,0,1,0,1,2,18,0.1,1.0
CCCCCCCC/C=C/CCCCCCCCN(CC#CCCCCCCCCCCCCCCC)CCO,1.451243555,1,50.0,10.0,38.5,1.5,10.0,6.329735165670575,1,32,11.802899999999983,0.8947368421052632,23.47,1,2,40,559.569215956,181.06579999999948,0,0,0,1,0,0,0,1,0,0,0,0,0,0,0,0,0,0,1,0,1,2,18,0.1,1.0
CCCCCCCC/C=C/CCCCCCCCN(CC#CCCCCCCCCCCCCCCCC)CCO,2.43372415,2,50.0,10.0,38.5,1.5,10.0,6.354430908510092,1,33,12.192999999999982,0.8974358974358975,23.47,1,2,41,573.5848660199999,185.68279999999945,0,0,0,1,0,0,0,1,0,0,0,0,0,0,0,0,0,0,1,0,1,2,19,0.1,1.0
CCCCCCCC/C=C/CCCCCCCCN(CC#CCCCOCCCCCCCCCCC)CCO,0.905362182,1,50.0,10.0,38.5,1.5,10.0,6.333244103530014,1,32,10.649199999999992,0.8918918918918919,32.7,1,3,40,561.548480512,178.0337999999995,0,0,0,1,0,0,0,1,0,0,0,0,0,0,0,0,0,0,1,0,1,2,18,0.1,1.0
C=CCCCCCCCCOCCCC#CCN(CCO)CCCCCCCC/C=C/CCCCCCCC,-0.596779256,0,50.0,10.0,38.5,1.5,10.0,6.304333622114396,1,31,10.0351,0.8333333333333334,32.7,1,3,39,545.517180384,173.32279999999955,0,0,0,1,0,0,0,1,0,0,0,0,0,0,0,0,0,0,1,0,1,3,18,0.1,1.0
CCCCCC/C=C\COCCCC#CCN(CCO)CCCCCCCC/C=C/CCCCCCCC,-1.083308655,0,50.0,10.0,38.5,1.5,10.0,6.278352554373436,1,29,9.645,0.8285714285714286,32.7,1,3,38,531.50153032,168.7057999999996,0,0,0,1,0,0,0,1,0,0,0,0,0,0,0,0,0,0,1,0,1,3,18,0.1,1.0
CCCCCCCC/C=C/CCCCCCCCN(CC#CCCCOCC(CCCCCCCCCC)CCCCCCCCCCCC)CCO,-1.083308655,0,50.0,10.0,38.5,1.5,10.0,6.613828415011639,1,44,15.576399999999962,0.92,32.7,1,3,53,743.7519313439999,237.98479999999884,0,0,0,1,0,0,0,1,0,0,0,0,0,0,0,0,0,0,1,0,1,2,23,0.1,1.0
CCCCCCCC/C=C/CCCCCCCCN(CC#CCCCCC(=O)OCCCCCCCCCCCC)CCO,0.817508475,1,50.0,10.0,38.5,1.5,10.0,6.4281763525493165,1,34,11.34609999999999,0.875,49.77,1,4,44,617.57469526,192.02479999999932,1,0,0,1,0,0,0,1,0,0,0,0,0,0,0,0,0,0,1,0,1,2,18,0.1,1.0
C=CCCCCCCCCOC(=O)CCCCC#CCN(CCO)CCCCCCCC/C=C/CCCCCCCC,-1.083308655,0,50.0,10.0,38.5,1.5,10.0,6.3783820400626725,1,32,10.341899999999995,0.8157894736842105,49.77,1,4,42,587.527745068,182.69679999999943,1,0,0,1,0,0,0,1,0,0,0,0,0,0,0,0,0,0,1,0,1,3,18,0.1,1.0
CCCCC/C=C\COC(=O)CCCCC#CCN(CCO)CCCCCCCC/C=C/CCCCCCCC,-0.596779256,0,50.0,10.0,38.5,1.5,10.0,6.329578292858451,1,29,9.561700000000002,0.8055555555555556,49.77,1,4,40,559.4964449400001,173.46279999999956,1,0,0,1,0,0,0,1,0,0,0,0,0,0,0,0,0,0,1,0,1,3,18,0.1,1.0
CCCCCCCC/C=C/CCCCCCCCN(CC#CCCCCC(=O)OCC(CCCCCCCCCC)CCCCCCCCCCCC)CCO,-1.083308655,0,50.0,10.0,38.5,1.5,10.0,6.668695737602525,1,45,15.88319999999996,0.903846153846154,49.77,1,4,56,785.762496028,247.35879999999875,1,0,0,1,0,0,0,1,0,0,0,0,0,0,0,0,0,0,1,0,1,2,23,0.1,1.0
CCCCCCCC/C=C/CCCCCCCCN(CC#CCCCCC(=O)N(CCCCCCC)CCCCCCC)CCO,-1.083308655,0,50.0,10.0,38.5,1.5,10.0,6.470975958801734,2,35,11.651399999999988,0.8809523809523809,43.78,1,3,46,644.6219798,203.3197999999992,0,0,0,1,0,0,0,1,0,0,0,0,0,0,0,0,0,0,1,0,1,2,18,0.1,1.0
CCCCCCCC/C=C/CCCCCCCCN(CC#CCCCCC(=O)N(CCCCCCCCCCC)CCCCCCCCCCC)CCO,-1.083308655,0,50.0,10.0,38.5,1.5,10.0,6.631118647102884,2,43,14.772199999999968,0.9,43.78,1,3,54,756.747180312,240.25579999999883,0,0,0,1,0,0,0,1,0,0,0,0,0,0,0,0,0,0,1,0,1,2,18,0.1,1.0
CCCCCCCC/C=C/CCCCCCCCN(CC#CCCCC(=O)N(CCCCCCCC)CCCCCCCC)CCO,-1.083308655,0,50.0,10.0,38.5,1.5,10.0,6.492453448567109,2,36,12.041499999999983,0.8837209302325582,43.78,1,3,47,658.637629864,207.93679999999912,0,0,0,1,0,0,0,1,0,0,0,0,0,0,0,0,0,0,1,0,1,2,18,0.1,1.0
CCCCC/C=C\C/C=C\CCCCCCCCN(CC#CCCCCCCCCCC)CCO,-0.596779256,0,50.0,10.0,38.5,1.5,10.0,6.1920700131700155,1,26,9.628399999999996,0.8181818181818182,23.47,1,2,35,487.47531557199994,157.88679999999977,0,0,0,1,0,0,0,1,0,0,0,0,0,0,0,0,0,0,1,0,1,3,18,0.1,1.0
CCCCC/C=C\C/C=C\CCCCCCCCN(CC#CCCCCCCCCCCC)CCO,-1.083308655,0,50.0,10.0,38.5,1.5,10.0,6.220359527201525,1,27,10.018499999999996,0.8235294117647058,23.47,1,2,36,501.49096563599994,162.5037999999997,0,0,0,1,0,0,0,1,0,0,0,0,0,0,0,0,0,0,1,0,1,3,18,0.1,1.0
CCCCC/C=C\C/C=C\CCCCCCCCN(CC#CCCCCCCCCCCCC)CCO,0.282552045,1,50.0,10.0,38.5,1.5,10.0,6.2478707126875,1,28,10.408599999999993,0.8285714285714286,23.47,1,2,37,515.5066157,167.12079999999963,0,0,0,1,0,0,0,1,0,0,0,0,0,0,0,0,0,0,1,0,1,3,18,0.1,1.0
CCCCC/C=C\C/C=C\CCCCCCCCN(CC#CCCCCCCCCCCCCC)CCO,-0.596779256,0,50.0,10.0,38.5,1.5,10.0,6.274645253596239,1,29,10.798699999999991,0.8333333333333334,23.47,1,2,38,529.5222657639999,171.73779999999957,0,0,0,1,0,0,0,1,0,0,0,0,0,0,0,0,0,0,1,0,1,3,18,0.1,1.0
CCCCC/C=C\C/C=C\CCCCCCCCN(CC#CCCCCCCCCCCCCCC)CCO,-1.083308655,0,50.0,10.0,38.5,1.5,10.0,6.3007215724175545,1,30,11.188799999999988,0.8378378378378378,23.47,1,2,39,543.537915828,176.35479999999953,0,0,0,1,0,0,0,1,0,0,0,0,0,0,0,0,0,0,1,0,1,3,18,0.1,1.0
CCCCC/C=C\C/C=C\CCCCCCCCN(CC#CCCCCCCCCCCCCCCC)CCO,-1.083308655,0,50.0,10.0,38.5,1.5,10.0,6.326135161782568,1,31,11.578899999999985,0.8421052631578947,23.47,1,2,40,557.5535658919999,180.97179999999943,0,0,0,1,0,0,0,1,0,0,0,0,0,0,0,0,0,0,1,0,1,3,18,0.1,1.0
CCCCC/C=C\C/C=C\CCCCCCCCN(CC#CCCCCCCCCCCCCCCCC)CCO,-1.083308655,0,50.0,10.0,38.5,1.5,10.0,6.350918874978262,1,32,11.968999999999983,0.8461538461538461,23.47,1,2,41,571.569215956,185.5887999999994,0,0,0,1,0,0,0,1,0,0,0,0,0,0,0,0,0,0,1,0,1,3,19,0.1,1.0
CCCCC/C=C\C/C=C\CCCCCCCCN(CC#CCCCOCCCCCCCCCCC)CCO,-1.083308655,0,50.0,10.0,38.5,1.5,10.0,6.329656732340648,1,31,10.425199999999997,0.8378378378378378,32.7,1,3,40,559.5328304479999,177.9397999999995,0,0,0,1,0,0,0,1,0,0,0,0,0,0,0,0,0,0,1,0,1,3,18,0.1,1.0
C=CCCCCCCCCOCCCC#CCN(CCO)CCCCCCCC/C=C\C/C=C\CCCCC,-1.083308655,0,50.0,10.0,38.5,1.5,10.0,6.300640830027939,1,30,9.8111,0.7777777777777778,32.7,1,3,39,543.50153032,173.22879999999958,0,0,0,1,0,0,0,1,0,0,0,0,0,0,0,0,0,0,1,0,1,4,18,0.1,1.0
CCCCC/C=C\C/C=C\CCCCCCCCN(CC#CCCCOC/C=C\CCCCCC)CCO,-1.083308655,0,50.0,10.0,38.5,1.5,10.0,6.274562377962381,1,28,9.421,0.7714285714285715,32.7,1,3,38,529.4858802559999,168.61179999999962,0,0,0,1,0,0,0,1,0,0,0,0,0,0,0,0,0,0,1,0,1,4,18,0.1,1.0
CCCCC/C=C\C/C=C\CCCCCCCCN(CC#CCCCOCC(CCCCCCCCCC)CCCCCCCCCCCC)CCO,-1.083308655,0,50.0,10.0,38.5,1.5,10.0,6.611119911804771,1,43,15.352399999999964,0.88,32.7,1,3,53,741.73628128,237.89079999999885,0,0,0,1,0,0,0,1,0,0,0,0,0,0,0,0,0,0,1,0,1,3,23,0.1,1.0
CCCCC/C=C\C/C=C\CCCCCCCCN(CC#CCCCCC(=O)OCCCCCCCCCCCC)CCO,-0.596779256,0,50.0,10.0,38.5,1.5,10.0,6.42491440375091,1,33,11.122099999999987,0.825,49.77,1,4,44,615.5590451959999,191.93079999999932,1,0,0,1,0,0,0,1,0,0,0,0,0,0,0,0,0,0,1,0,1,3,18,0.1,1.0
C=CCCCCCCCCOC(=O)CCCCC#CCN(CCO)CCCCCCCC/C=C\C/C=C\CCCCC,-1.083308655,0,50.0,10.0,38.5,1.5,10.0,6.374953267012718,1,31,10.1179,0.7631578947368421,49.77,1,4,42,585.512095004,182.60279999999943,1,0,0,1,0,0,0,1,0,0,0,0,0,0,0,0,0,0,1,0,1,4,18,0.1,1.0
CCCCC/C=C\C/C=C\CCCCCCCCN(CC#CCCCCC(=O)OC/C=C\CCCCC)CCO,-1.083308655,0,50.0,10.0,38.5,1.5,10.0,6.325977723165412,1,28,9.3377,0.75,49.77,1,4,40,557.4807948759999,173.36879999999957,1,0,0,1,0,0,0,1,0,0,0,0,0,0,0,0,0,0,1,0,1,4,18,0.1,1.0
CCCCC/C=C\C/C=C\CCCCCCCCN(CC#CCCCCC(=O)OCC(CCCCCCCCCC)CCCCCCCCCCCC)CCO,-1.083308655,0,50.0,10.0,38.5,1.5,10.0,6.6661320249210565,1,44,15.65919999999996,0.8653846153846154,49.77,1,4,56,783.7468459639999,247.26479999999876,1,0,0,1,0,0,0,1,0,0,0,0,0,0,0,0,0,0,1,0,1,3,23,0.1,1.0
CCCCC/C=C\C/C=C\CCCCCCCCN(CC#CCCCCC(=O)N(CCCCCCC)CCCCCCC)CCO,0.769081444,1,50.0,10.0,38.5,1.5,10.0,6.467850888440122,2,34,11.427399999999988,0.8333333333333334,43.78,1,3,46,642.606329736,203.2257999999992,0,0,0,1,0,0,0,1,0,0,0,0,0,0,0,0,0,0,1,0,1,3,18,0.1,1.0
CCCCC/C=C\C/C=C\CCCCCCCCN(CC#CCCCCC(=O)N(CCCCCCCCCCC)CCCCCCCCCCC)CCO,-1.083308655,0,50.0,10.0,38.5,1.5,10.0,6.628456633863468,2,42,14.54819999999997,0.86,43.78,1,3,54,754.731530248,240.16179999999883,0,0,0,1,0,0,0,1,0,0,0,0,0,0,0,0,0,0,1,0,1,3,18,0.1,1.0
CCCCC/C=C\C/C=C\CCCCCCCCN(CC#CCCCC(=O)N(CCCCCCCC)CCCCCCCC)CCO,-1.083308655,0,50.0,10.0,38.5,1.5,10.0,6.48939488288824,2,35,11.817499999999985,0.8372093023255814,43.78,1,3,47,656.6219798,207.84279999999913,0,0,0,1,0,0,0,1,0,0,0,0,0,0,0,0,0,0,1,0,1,3,18,0.1,1.0
CCCCCCCCCCC#CCN(CCCO)CCCCCCCCCCCC,-0.596779256,0,50.0,10.0,38.5,1.5,10.0,6.046790449590817,1,23,8.12590000000001,0.9285714285714286,23.47,1,2,30,421.42836538,134.98980000000003,0,0,0,1,0,0,0,1,0,0,0,0,0,0,0,0,0,0,1,0,1,1,13,0.1,1.0
CCCCCCCCCCCC#CCN(CCCO)CCCCCCCCCCCC,-1.083308655,0,50.0,10.0,38.5,1.5,10.0,6.0794319253161255,1,24,8.516000000000007,0.9310344827586208,23.47,1,2,31,435.444015444,139.60679999999996,0,0,0,1,0,0,0,1,0,0,0,0,0,0,0,0,0,0,1,0,1,1,14,0.1,1.0
CCCCCCCCCCCCC#CCN(CCCO)CCCCCCCCCCCC,-0.596779256,0,50.0,10.0,38.5,1.5,10.0,6.111041528237086,1,25,8.906100000000006,0.9333333333333332,23.47,1,2,32,449.459665508,144.2237999999999,0,0,0,1,0,0,0,1,0,0,0,0,0,0,0,0,0,0,1,0,1,1,15,0.1,1.0
CCCCCCCCCCCCCC#CCN(CCCO)CCCCCCCCCCCC,-0.596779256,0,50.0,10.0,38.5,1.5,10.0,6.1416825039075285,1,26,9.296200000000002,0.935483870967742,23.47,1,2,33,463.475315572,148.84079999999986,0,0,0,1,0,0,0,1,0,0,0,0,0,0,0,0,0,0,1,0,1,1,16,0.1,1.0
CCCCCCCCCCCCCCC#CCN(CCCO)CCCCCCCCCCCC,-0.596779256,0,50.0,10.0,38.5,1.5,10.0,6.17141245569331,1,27,9.6863,0.9375,23.47,1,2,34,477.490965636,153.4577999999998,0,0,0,1,0,0,0,1,0,0,0,0,0,0,0,0,0,0,1,0,1,1,17,0.1,1.0
CCCCCCCCCCCCCCCC#CCN(CCCO)CCCCCCCCCCCC,0.282552045,1,50.0,10.0,38.5,1.5,10.0,6.2002839965623275,1,28,10.076399999999998,0.9393939393939394,23.47,1,2,35,491.50661569999994,158.07479999999975,0,0,0,1,0,0,0,1,0,0,0,0,0,0,0,0,0,0,1,0,1,1,18,0.1,1.0
CCCCCCCCCCCCCCCCC#CCN(CCCO)CCCCCCCCCCCC,-0.312177803,1,50.0,10.0,38.5,1.5,10.0,6.228345309391286,1,29,10.466499999999996,0.9411764705882352,23.47,1,2,36,505.52226576399994,162.69179999999972,0,0,0,1,0,0,0,1,0,0,0,0,0,0,0,0,0,0,1,0,1,1,19,0.1,1.0
CCCCCCCCCCCCN(CC#CCCCOCCCCCCCCCCC)CCCO,1.304037873,1,50.0,10.0,38.5,1.5,10.0,6.204276915053912,1,28,8.922700000000004,0.9375,32.7,1,3,35,493.485880256,155.0427999999998,0,0,0,1,0,0,0,1,0,0,0,0,0,0,0,0,0,0,1,0,1,1,12,0.1,1.0
C=CCCCCCCCCOCCCC#CCN(CCCO)CCCCCCCCCCCC,-0.596779256,0,50.0,10.0,38.5,1.5,10.0,6.171320566962145,1,27,8.308600000000009,0.8709677419354839,32.7,1,3,34,477.454580128,150.33179999999982,0,0,0,1,0,0,0,1,0,0,0,0,0,0,0,0,0,0,1,0,1,2,12,0.1,1.0
CCCCCC/C=C\COCCCC#CCN(CCCO)CCCCCCCCCCCC,-0.596779256,0,50.0,10.0,38.5,1.5,10.0,6.141587842183281,1,25,7.918500000000011,0.8666666666666667,32.7,1,3,33,463.438930064,145.71479999999988,0,0,0,1,0,0,0,1,0,0,0,0,0,0,0,0,0,0,1,0,1,2,12,0.1,1.0
CCCCCCCCCCCCC(CCCCCCCCCC)COCCCC#CCN(CCCO)CCCCCCCCCCCC,1.588639326,2,50.0,10.0,38.5,1.5,10.0,6.517984370125609,1,40,13.849899999999971,0.9555555555555556,32.7,1,3,48,675.689331088,214.99379999999908,0,0,0,1,0,0,0,1,0,0,0,0,0,0,0,0,0,0,1,0,1,1,23,0.1,1.0
CCCCCCCCCCCCOC(=O)CCCCC#CCN(CCCO)CCCCCCCCCCCC,-0.596779256,0,50.0,10.0,38.5,1.5,10.0,6.311598683735821,1,30,9.619600000000002,0.9142857142857144,49.77,1,4,39,549.512095004,169.03379999999962,1,0,0,1,0,0,0,1,0,0,0,0,0,0,0,0,0,0,1,0,1,1,12,0.1,1.0
C=CCCCCCCCCOC(=O)CCCCC#CCN(CCCO)CCCCCCCCCCCC,-0.596779256,0,50.0,10.0,38.5,1.5,10.0,6.255471692077192,1,28,8.615400000000006,0.8484848484848485,49.77,1,4,37,519.465144812,159.70579999999973,1,0,0,1,0,0,0,1,0,0,0,0,0,0,0,0,0,0,1,0,1,2,12,0.1,1.0
C=CCCCCCCCCCOC(=O)CCCCC#CCN(CCCO)CCCCCCCCCCCC,-1.083308655,0,50.0,10.0,38.5,1.5,10.0,6.2820461618212455,1,29,9.005500000000005,0.8529411764705882,49.77,1,4,38,533.480794876,164.32279999999966,1,0,0,1,0,0,0,1,0,0,0,0,0,0,0,0,0,0,1,0,1,2,12,0.1,1.0
CCCCC/C=C\COC(=O)CCCCC#CCN(CCCO)CCCCCCCCCCCC,-0.596779256,0,50.0,10.0,38.5,1.5,10.0,6.200105441438032,1,25,7.835200000000011,0.8387096774193549,49.77,1,4,35,491.433844684,150.4717999999998,1,0,0,1,0,0,0,1,0,0,0,0,0,0,0,0,0,0,1,0,1,2,12,0.1,1.0
CCCCCCCCCCCCC(CCCCCCCCCC)COC(=O)CCCCC#CCN(CCCO)CCCCCCCCCCCC,-0.596779256,0,50.0,10.0,38.5,1.5,10.0,6.578207612093534,1,41,14.15669999999997,0.9361702127659576,49.77,1,4,51,717.699895772,224.36779999999897,1,0,0,1,0,0,0,1,0,0,0,0,0,0,0,0,0,0,1,0,1,1,23,0.1,1.0
CCCCCCCCCCCCN(CC#CCCCCC(=O)N(CCCCCCC)CCCCCCC)CCCO,-0.596779256,0,50.0,10.0,38.5,1.5,10.0,6.3595652181159315,2,31,9.924899999999996,0.918918918918919,43.78,1,3,41,576.559379544,180.3287999999995,0,0,0,1,0,0,0,1,0,0,0,0,0,0,0,0,0,0,1,0,1,1,12,0.1,1.0
CCCCCCCCCCCCN(CC#CCCCCC(=O)N(CCCCCCCC)CCCCCCCC)CCCO,-0.596779256,0,50.0,10.0,38.5,1.5,10.0,6.406960840886285,2,33,10.705099999999993,0.9230769230769232,43.78,1,3,43,604.5906796720001,189.56279999999936,0,0,0,1,0,0,0,1,0,0,0,0,0,0,0,0,0,0,1,0,1,1,12,0.1,1.0
CCCCCCCCCCCCN(CC#CCCCCC(=O)N(CCCCCCCCCCC)CCCCCCCCCCC)CCCO,-0.596779256,0,50.0,10.0,38.5,1.5,10.0,6.53699734794635,2,39,13.04569999999998,0.9333333333333332,43.78,1,3,49,688.6845800560001,217.264799999999,0,0,0,1,0,0,0,1,0,0,0,0,0,0,0,0,0,0,1,0,1,1,12,0.1,1.0
CCCCCCCCCCCCN(CC#CCCCCC(=O)N(CCCCCCCCCCCC)CCCCCCCCCCCC)CCCO,-0.596779256,0,50.0,10.0,38.5,1.5,10.0,6.576838581734611,2,41,13.825899999999974,0.9361702127659576,43.78,1,3,51,716.7158801840001,226.49879999999897,0,0,0,1,0,0,0,1,0,0,0,0,0,0,0,0,0,0,1,0,1,1,12,0.1,1.0
CCCCCCCCCCCCN(CC#CCCCC(=O)N(CCCCCCCC)CCCCCCCC)CCCO,-0.596779256,0,50.0,10.0,38.5,1.5,10.0,6.3835437963556725,2,32,10.314999999999996,0.9210526315789472,43.78,1,3,42,590.575029608,184.94579999999945,0,0,0,1,0,0,0,1,0,0,0,0,0,0,0,0,0,0,1,0,1,1,12,0.1,1.0
CCCCCCCCCCC#CCN(CCCO)CCCCCCCCCCCCC,-1.083308655,0,50.0,10.0,38.5,1.5,10.0,6.0794319253161255,1,24,8.516000000000007,0.9310344827586208,23.47,1,2,31,435.444015444,139.60679999999996,0,0,0,1,0,0,0,1,0,0,0,0,0,0,0,0,0,0,1,0,1,1,13,0.1,1.0
CCCCCCCCCCCC#CCN(CCCO)CCCCCCCCCCCCC,-0.596779256,0,50.0,10.0,38.5,1.5,10.0,6.111041528237086,1,25,8.906100000000006,0.9333333333333332,23.47,1,2,32,449.459665508,144.2237999999999,0,0,0,1,0,0,0,1,0,0,0,0,0,0,0,0,0,0,1,0,1,1,14,0.1,1.0
CCCCCCCCCCCCC#CCN(CCCO)CCCCCCCCCCCCC,-0.596779256,0,50.0,10.0,38.5,1.5,10.0,6.1416825039075285,1,26,9.296200000000002,0.935483870967742,23.47,1,2,33,463.475315572,148.84079999999986,0,0,0,1,0,0,0,1,0,0,0,0,0,0,0,0,0,0,1,0,1,1,15,0.1,1.0
CCCCCCCCCCCCCC#CCN(CCCO)CCCCCCCCCCCCC,2.00121475,2,50.0,10.0,38.5,1.5,10.0,6.17141245569331,1,27,9.6863,0.9375,23.47,1,2,34,477.490965636,153.4577999999998,0,0,0,1,0,0,0,1,0,0,0,0,0,0,0,0,0,0,1,0,1,1,16,0.1,1.0
CCCCCCCCCCCCCCC#CCN(CCCO)CCCCCCCCCCCCC,0.862808938,1,50.0,10.0,38.5,1.5,10.0,6.2002839965623275,1,28,10.076399999999998,0.9393939393939394,23.47,1,2,35,491.5066157,158.07479999999975,0,0,0,1,0,0,0,1,0,0,0,0,0,0,0,0,0,0,1,0,1,1,17,0.1,1.0
CCCCCCCCCCCCCCCC#CCN(CCCO)CCCCCCCCCCCCC,0.532907021,1,50.0,10.0,38.5,1.5,10.0,6.228345309391286,1,29,10.466499999999996,0.9411764705882352,23.47,1,2,36,505.52226576399994,162.69179999999972,0,0,0,1,0,0,0,1,0,0,0,0,0,0,0,0,0,0,1,0,1,1,18,0.1,1.0
CCCCCCCCCCCCCCCCC#CCN(CCCO)CCCCCCCCCCCCC,-0.596779256,0,50.0,10.0,38.5,1.5,10.0,6.255640630777802,1,30,10.856599999999991,0.9428571428571428,23.47,1,2,37,519.537915828,167.30879999999965,0,0,0,1,0,0,0,1,0,0,0,0,0,0,0,0,0,0,1,0,1,1,19,0.1,1.0
CCCCCCCCCCCCCN(CC#CCCCOCCCCCCCCCCC)CCCO,0.862808938,1,50.0,10.0,38.5,1.5,10.0,6.232227953045596,1,29,9.3128,0.9393939393939394,32.7,1,3,36,507.50153032,159.65979999999976,0,0,0,1,0,0,0,1,0,0,0,0,0,0,0,0,0,0,1,0,1,1,13,0.1,1.0
C=CCCCCCCCCOCCCC#CCN(CCCO)CCCCCCCCCCCCC,-0.312177803,1,50.0,10.0,38.5,1.5,10.0,6.2001947229854215,1,28,8.698700000000008,0.875,32.7,1,3,35,491.470230192,154.94879999999978,0,0,0,1,0,0,0,1,0,0,0,0,0,0,0,0,0,0,1,0,1,2,13,0.1,1.0
CCCCCC/C=C\COCCCC#CCN(CCCO)CCCCCCCCCCCCC,-0.596779256,0,50.0,10.0,38.5,1.5,10.0,6.171320566962145,1,26,8.308600000000009,0.8709677419354839,32.7,1,3,34,477.454580128,150.33179999999982,0,0,0,1,0,0,0,1,0,0,0,0,0,0,0,0,0,0,1,0,1,2,13,0.1,1.0
CCCCCCCCCCCCCN(CC#CCCCOCC(CCCCCCCCCC)CCCCCCCCCCCC)CCCO,0.376279539,1,50.0,10.0,38.5,1.5,10.0,6.538485639509204,1,41,14.239999999999972,0.9565217391304348,32.7,1,3,49,689.7049811520001,219.610799999999,0,0,0,1,0,0,0,1,0,0,0,0,0,0,0,0,0,0,1,0,1,1,23,0.1,1.0
CCCCCCCCCCCCCN(CC#CCCCCC(=O)OCCCCCCCCCCCC)CCCO,1.451243555,1,50.0,10.0,38.5,1.5,10.0,6.336740771785285,1,31,10.009699999999995,0.9166666666666666,49.77,1,4,40,563.527745068,173.65079999999958,1,0,0,1,0,0,0,1,0,0,0,0,0,0,0,0,0,0,1,0,1,1,13,0.1,1.0
C=CCCCCCCCCOC(=O)CCCCC#CCN(CCCO)CCCCCCCCCCCCC,-0.596779256,0,50.0,10.0,38.5,1.5,10.0,6.2820461618212455,1,29,9.005500000000005,0.8529411764705882,49.77,1,4,38,533.480794876,164.32279999999966,1,0,0,1,0,0,0,1,0,0,0,0,0,0,0,0,0,0,1,0,1,2,13,0.1,1.0
C=CCCCCCCCCCOC(=O)CCCCC#CCN(CCCO)CCCCCCCCCCCCC,-0.596779256,0,50.0,10.0,38.5,1.5,10.0,6.307932671850646,1,30,9.395600000000002,0.8571428571428571,49.77,1,4,39,547.4964449400001,168.93979999999962,1,0,0,1,0,0,0,1,0,0,0,0,0,0,0,0,0,0,1,0,1,2,13,0.1,1.0
CCCCC/C=C\COC(=O)CCCCC#CCN(CCCO)CCCCCCCCCCCCC,-0.596779256,0,50.0,10.0,38.5,1.5,10.0,6.228171695539621,1,26,8.22530000000001,0.84375,49.77,1,4,36,505.449494748,155.08879999999974,1,0,0,1,0,0,0,1,0,0,0,0,0,0,0,0,0,0,1,0,1,2,13,0.1,1.0
CCCCCCCCCCCCCN(CC#CCCCCC(=O)OCC(CCCCCCCCCC)CCCCCCCCCCCC)CCCO,-0.596779256,0,50.0,10.0,38.5,1.5,10.0,6.597522165803758,1,42,14.546799999999967,0.9375,49.77,1,4,52,731.7155458359999,228.9847999999989,1,0,0,1,0,0,0,1,0,0,0,0,0,0,0,0,0,0,1,0,1,1,23,0.1,1.0
CCCCCCCCCCCCCN(CC#CCCCCC(=O)N(CCCCCCC)CCCCCCC)CCCO,0.376279539,1,50.0,10.0,38.5,1.5,10.0,6.3835437963556725,2,32,10.314999999999996,0.9210526315789472,43.78,1,3,42,590.575029608,184.94579999999945,0,0,0,1,0,0,0,1,0,0,0,0,0,0,0,0,0,0,1,0,1,1,13,0.1,1.0
CCCCCCCCCCCCCN(CC#CCCCCC(=O)N(CCCCCCCC)CCCCCCCC)CCCO,-0.312177803,1,50.0,10.0,38.5,1.5,10.0,6.429842051171906,2,34,11.095199999999991,0.925,43.78,1,3,44,618.606329736,194.17979999999932,0,0,0,1,0,0,0,1,0,0,0,0,0,0,0,0,0,0,1,0,1,1,13,0.1,1.0
CCCCCCCCCCCCCN(CC#CCCCCC(=O)N(CCCCCCCCCCC)CCCCCCCCCCC)CCCO,0.717064053,1,50.0,10.0,38.5,1.5,10.0,6.557116367207689,2,40,13.435799999999976,0.9347826086956522,43.78,1,3,50,702.70023012,221.88179999999895,0,0,0,1,0,0,0,1,0,0,0,0,0,0,0,0,0,0,1,0,1,1,13,0.1,1.0
CCCCCCCCCCCCCN(CC#CCCCCC(=O)N(CCCCCCCCCCCC)CCCCCCCCCCCC)CCCO,-0.596779256,0,50.0,10.0,38.5,1.5,10.0,6.59617934152285,2,42,14.21599999999997,0.9375,43.78,1,3,52,730.731530248,231.1157999999989,0,0,0,1,0,0,0,1,0,0,0,0,0,0,0,0,0,0,1,0,1,1,13,0.1,1.0
CCCCCCCCCCCCCN(CC#CCCCC(=O)N(CCCCCCCC)CCCCCCCC)CCCO,-0.596779256,0,50.0,10.0,38.5,1.5,10.0,6.406960840886285,2,33,10.705099999999993,0.9230769230769232,43.78,1,3,43,604.5906796720001,189.56279999999936,0,0,0,1,0,0,0,1,0,0,0,0,0,0,0,0,0,0,1,0,1,1,13,0.1,1.0
CCCCCCCCCCC#CCN(CCCO)CCCCCCCCCCCCCC,-0.596779256,0,50.0,10.0,38.5,1.5,10.0,6.111041528237086,1,25,8.906100000000006,0.9333333333333332,23.47,1,2,32,449.459665508,144.2237999999999,0,0,0,1,0,0,0,1,0,0,0,0,0,0,0,0,0,0,1,0,1,1,14,0.1,1.0
CCCCCCCCCCCC#CCN(CCCO)CCCCCCCCCCCCCC,-0.312177803,1,50.0,10.0,38.5,1.5,10.0,6.1416825039075285,1,26,9.296200000000002,0.935483870967742,23.47,1,2,33,463.475315572,148.84079999999986,0,0,0,1,0,0,0,1,0,0,0,0,0,0,0,0,0,0,1,0,1,1,14,0.1,1.0
CCCCCCCCCCCCC#CCN(CCCO)CCCCCCCCCCCCCC,-0.596779256,0,50.0,10.0,38.5,1.5,10.0,6.17141245569331,1,27,9.6863,0.9375,23.47,1,2,34,477.490965636,153.4577999999998,0,0,0,1,0,0,0,1,0,0,0,0,0,0,0,0,0,0,1,0,1,1,15,0.1,1.0
CCCCCCCCCCCCCC#CCN(CCCO)CCCCCCCCCCCCCC,0.532907021,1,50.0,10.0,38.5,1.5,10.0,6.2002839965623275,1,28,10.076399999999998,0.9393939393939394,23.47,1,2,35,491.5066157,158.07479999999973,0,0,0,1,0,0,0,1,0,0,0,0,0,0,0,0,0,0,1,0,1,1,16,0.1,1.0
CCCCCCCCCCCCCCC#CCN(CCCO)CCCCCCCCCCCCCC,1.451243555,1,50.0,10.0,38.5,1.5,10.0,6.228345309391286,1,29,10.466499999999996,0.9411764705882352,23.47,1,2,36,505.522265764,162.69179999999972,0,0,0,1,0,0,0,1,0,0,0,0,0,0,0,0,0,0,1,0,1,1,17,0.1,1.0
CCCCCCCCCCCCCCCC#CCN(CCCO)CCCCCCCCCCCCCC,-0.596779256,0,50.0,10.0,38.5,1.5,10.0,6.255640630777802,1,30,10.856599999999991,0.9428571428571428,23.47,1,2,37,519.537915828,167.30879999999965,0,0,0,1,0,0,0,1,0,0,0,0,0,0,0,0,0,0,1,0,1,1,18,0.1,1.0
CCCCCCCCCCCCCCCCC#CCN(CCCO)CCCCCCCCCCCCCC,-0.596779256,0,50.0,10.0,38.5,1.5,10.0,6.2822106705574035,1,31,11.24669999999999,0.9444444444444444,23.47,1,2,38,533.5535658919999,171.92579999999958,0,0,0,1,0,0,0,1,0,0,0,0,0,0,0,0,0,0,1,0,1,1,19,0.1,1.0
CCCCCCCCCCCCCCN(CC#CCCCOCCCCCCCCCCC)CCCO,0.532907021,1,50.0,10.0,38.5,1.5,10.0,6.25941892695591,1,30,9.702899999999998,0.9411764705882352,32.7,1,3,37,521.517180384,164.2767999999997,0,0,0,1,0,0,0,1,0,0,0,0,0,0,0,0,0,0,1,0,1,1,14,0.1,1.0
C=CCCCCCCCCOCCCC#CCN(CCCO)CCCCCCCCCCCCCC,-0.312177803,1,50.0,10.0,38.5,1.5,10.0,6.228258506233175,1,29,9.088800000000004,0.8787878787878788,32.7,1,3,36,505.485880256,159.56579999999974,0,0,0,1,0,0,0,1,0,0,0,0,0,0,0,0,0,0,1,0,1,2,14,0.1,1.0
CCCCCC/C=C\COCCCC#CCN(CCCO)CCCCCCCCCCCCCC,0.599806528,1,50.0,10.0,38.5,1.5,10.0,6.2001947229854215,1,27,8.698700000000008,0.875,32.7,1,3,35,491.470230192,154.94879999999975,0,0,0,1,0,0,0,1,0,0,0,0,0,0,0,0,0,0,1,0,1,2,14,0.1,1.0
CCCCCCCCCCCCCCN(CC#CCCCOCC(CCCCCCCCCC)CCCCCCCCCCCC)CCCO,0.532907021,1,50.0,10.0,38.5,1.5,10.0,6.5585750366151885,1,42,14.630099999999969,0.9574468085106383,32.7,1,3,50,703.720631216,224.22779999999895,0,0,0,1,0,0,0,1,0,0,0,0,0,0,0,0,0,0,1,0,1,1,23,0.1,1.0
CCCCCCCCCCCCCCN(CC#CCCCCC(=O)OCCCCCCCCCCCC)CCCO,-0.312177803,1,50.0,10.0,38.5,1.5,10.0,6.361266207485192,1,32,10.399799999999995,0.918918918918919,49.77,1,4,41,577.5433951319999,178.2677999999995,1,0,0,1,0,0,0,1,0,0,0,0,0,0,0,0,0,0,1,0,1,1,14,0.1,1.0
C=CCCCCCCCCOC(=O)CCCCC#CCN(CCCO)CCCCCCCCCCCCCC,-0.596779256,0,50.0,10.0,38.5,1.5,10.0,6.307932671850646,1,30,9.395600000000004,0.8571428571428571,49.77,1,4,39,547.4964449400001,168.93979999999962,1,0,0,1,0,0,0,1,0,0,0,0,0,0,0,0,0,0,1,0,1,2,14,0.1,1.0
C=CCCCCCCCCCOC(=O)CCCCC#CCN(CCCO)CCCCCCCCCCCCCC,0.376279539,1,50.0,10.0,38.5,1.5,10.0,6.333165944946208,1,31,9.7857,0.8611111111111112,49.77,1,4,40,561.512095004,173.55679999999955,1,0,0,1,0,0,0,1,0,0,0,0,0,0,0,0,0,0,1,0,1,2,14,0.1,1.0
CCCCC/C=C\COC(=O)CCCCC#CCN(CCCO)CCCCCCCCCCCCCC,-0.596779256,0,50.0,10.0,38.5,1.5,10.0,6.255471692077192,1,27,8.615400000000008,0.8484848484848485,49.77,1,4,37,519.465144812,159.7057999999997,1,0,0,1,0,0,0,1,0,0,0,0,0,0,0,0,0,0,1,0,1,2,14,0.1,1.0
CCCCCCCCCCCCCCN(CC#CCCCCC(=O)OCC(CCCCCCCCCC)CCCCCCCCCCCC)CCCO,-0.596779256,0,50.0,10.0,38.5,1.5,10.0,6.616470725380213,1,43,14.936899999999966,0.9387755102040816,49.77,1,4,53,745.7311959,233.6017999999989,1,0,0,1,0,0,0,1,0,0,0,0,0,0,0,0,0,0,1,0,1,1,23,0.1,1.0
CCCCCCCCCCCCCCN(CC#CCCCCC(=O)N(CCCCCCC)CCCCCCC)CCCO,-0.596779256,0,50.0,10.0,38.5,1.5,10.0,6.406960840886285,2,33,10.705099999999993,0.9230769230769232,43.78,1,3,43,604.590679672,189.56279999999936,0,0,0,1,0,0,0,1,0,0,0,0,0,0,0,0,0,0,1,0,1,1,14,0.1,1.0
CCCCCCCCCCCCCCN(CC#CCCCCC(=O)N(CCCCCCCC)CCCCCCCC)CCCO,-0.312177803,1,50.0,10.0,38.5,1.5,10.0,6.452211401809761,2,35,11.485299999999988,0.926829268292683,43.78,1,3,45,632.6219798,198.79679999999925,0,0,0,1,0,0,0,1,0,0,0,0,0,0,0,0,0,0,1,0,1,1,14,0.1,1.0
CCCCCCCCCCCCCCN(CC#CCCCCC(=O)N(CCCCCCCCCCC)CCCCCCCCCCC)CCCO,1.69012285,2,50.0,10.0,38.5,1.5,10.0,6.576838581734611,2,41,13.825899999999974,0.9361702127659576,43.78,1,3,51,716.715880184,226.49879999999897,0,0,0,1,0,0,0,1,0,0,0,0,0,0,0,0,0,0,1,0,1,1,14,0.1,1.0
CCCCCCCCCCCCCCN(CC#CCCCCC(=O)N(CCCCCCCCCCCC)CCCCCCCCCCCC)CCCO,0.817508475,1,50.0,10.0,38.5,1.5,10.0,6.615153122743993,2,43,14.60609999999997,0.9387755102040816,43.78,1,3,53,744.747180312,235.7327999999989,0,0,0,1,0,0,0,1,0,0,0,0,0,0,0,0,0,0,1,0,1,1,14,0.1,1.0
CCCCCCCCCCCCCCN(CC#CCCCC(=O)N(CCCCCCCC)CCCCCCCC)CCCO,-0.596779256,0,50.0,10.0,38.5,1.5,10.0,6.429842051171906,2,34,11.095199999999991,0.925,43.78,1,3,44,618.606329736,194.17979999999932,0,0,0,1,0,0,0,1,0,0,0,0,0,0,0,0,0,0,1,0,1,1,14,0.1,1.0
CCCCCCCCCCC#CCN(CCCO)CCCCCCCCCCCCCCC,0.376279539,1,50.0,10.0,38.5,1.5,10.0,6.1416825039075285,1,26,9.296200000000002,0.935483870967742,23.47,1,2,33,463.475315572,148.84079999999986,0,0,0,1,0,0,0,1,0,0,0,0,0,0,0,0,0,0,1,0,1,1,15,0.1,1.0
CCCCCCCCCCCC#CCN(CCCO)CCCCCCCCCCCCCCC,0.599806528,1,50.0,10.0,38.5,1.5,10.0,6.17141245569331,1,27,9.6863,0.9375,23.47,1,2,34,477.490965636,153.4577999999998,0,0,0,1,0,0,0,1,0,0,0,0,0,0,0,0,0,0,1,0,1,1,15,0.1,1.0
CCCCCCCCCCCCC#CCN(CCCO)CCCCCCCCCCCCCCC,-0.596779256,0,50.0,10.0,38.5,1.5,10.0,6.2002839965623275,1,28,10.076399999999998,0.9393939393939394,23.47,1,2,35,491.5066157,158.07479999999973,0,0,0,1,0,0,0,1,0,0,0,0,0,0,0,0,0,0,1,0,1,1,15,0.1,1.0
CCCCCCCCCCCCCC#CCN(CCCO)CCCCCCCCCCCCCCC,0.282552045,1,50.0,10.0,38.5,1.5,10.0,6.228345309391286,1,29,10.466499999999996,0.9411764705882352,23.47,1,2,36,505.522265764,162.69179999999972,0,0,0,1,0,0,0,1,0,0,0,0,0,0,0,0,0,0,1,0,1,1,16,0.1,1.0
CCCCCCCCCCCCCCC#CCN(CCCO)CCCCCCCCCCCCCCC,0.862808938,1,50.0,10.0,38.5,1.5,10.0,6.255640630777803,1,30,10.856599999999991,0.9428571428571428,23.47,1,2,37,519.537915828,167.30879999999965,0,0,0,1,0,0,0,1,0,0,0,0,0,0,0,0,0,0,1,0,1,1,17,0.1,1.0
CCCCCCCCCCCCCCCC#CCN(CCCO)CCCCCCCCCCCCCCC,-0.596779256,0,50.0,10.0,38.5,1.5,10.0,6.2822106705574035,1,31,11.24669999999999,0.9444444444444444,23.47,1,2,38,533.5535658919999,171.92579999999958,0,0,0,1,0,0,0,1,0,0,0,0,0,0,0,0,0,0,1,0,1,1,18,0.1,1.0
CCCCCCCCCCCCCCCCC#CCN(CCCO)CCCCCCCCCCCCCCC,-0.596779256,0,50.0,10.0,38.5,1.5,10.0,6.308092977013727,1,32,11.636799999999988,0.945945945945946,23.47,1,2,39,547.569215956,176.54279999999954,0,0,0,1,0,0,0,1,0,0,0,0,0,0,0,0,0,0,1,0,1,1,19,0.1,1.0
CCCCCCCCCCCCCCCN(CC#CCCCOCCCCCCCCCCC)CCCO,-0.596779256,0,50.0,10.0,38.5,1.5,10.0,6.285890081226852,1,31,10.092999999999996,0.9428571428571428,32.7,1,3,38,535.5328304479999,168.89379999999963,0,0,0,1,0,0,0,1,0,0,0,0,0,0,0,0,0,0,1,0,1,1,15,0.1,1.0
C=CCCCCCCCCOCCCC#CCN(CCCO)CCCCCCCCCCCCCCC,-0.596779256,0,50.0,10.0,38.5,1.5,10.0,6.255556164995033,1,30,9.4789,0.8823529411764706,32.7,1,3,37,519.50153032,164.1827999999997,0,0,0,1,0,0,0,1,0,0,0,0,0,0,0,0,0,0,1,0,1,2,15,0.1,1.0
CCCCCC/C=C\COCCCC#CCN(CCCO)CCCCCCCCCCCCCCC,0.376279539,1,50.0,10.0,38.5,1.5,10.0,6.228258506233175,1,28,9.088800000000006,0.8787878787878788,32.7,1,3,36,505.485880256,159.5657999999997,0,0,0,1,0,0,0,1,0,0,0,0,0,0,0,0,0,0,1,0,1,2,15,0.1,1.0
CCCCCCCCCCCCCCCN(CC#CCCCOCC(CCCCCCCCCC)CCCCCCCCCCCC)CCCO,-0.312177803,1,50.0,10.0,38.5,1.5,10.0,6.578268785142376,1,43,15.020199999999964,0.9583333333333334,32.7,1,3,51,717.73628128,228.84479999999888,0,0,0,1,0,0,0,1,0,0,0,0,0,0,0,0,0,0,1,0,1,1,23,0.1,1.0
CCCCCCCCCCCCCCCN(CC#CCCCCC(=O)OCCCCCCCCCCCC)CCCO,1.230083899,1,50.0,10.0,38.5,1.5,10.0,6.385204516990384,1,33,10.789899999999992,0.9210526315789472,49.77,1,4,42,591.5590451959999,182.88479999999944,1,0,0,1,0,0,0,1,0,0,0,0,0,0,0,0,0,0,1,0,1,1,15,0.1,1.0
C=CCCCCCCCCOC(=O)CCCCC#CCN(CCCO)CCCCCCCCCCCCCCC,0.905362182,1,50.0,10.0,38.5,1.5,10.0,6.333165944946208,1,31,9.7857,0.8611111111111112,49.77,1,4,40,561.512095004,173.55679999999955,1,0,0,1,0,0,0,1,0,0,0,0,0,0,0,0,0,0,1,0,1,2,15,0.1,1.0
C=CCCCCCCCCCOC(=O)CCCCC#CCN(CCCO)CCCCCCCCCCCCCCC,-0.596779256,0,50.0,10.0,38.5,1.5,10.0,6.357778139668656,1,32,10.1758,0.8648648648648649,49.77,1,4,41,575.5277450680001,178.1737999999995,1,0,0,1,0,0,0,1,0,0,0,0,0,0,0,0,0,0,1,0,1,2,15,0.1,1.0
CCCCC/C=C\COC(=O)CCCCC#CCN(CCCO)CCCCCCCCCCCCCCC,0.717064053,1,50.0,10.0,38.5,1.5,10.0,6.2820461618212455,1,28,9.005500000000005,0.8529411764705882,49.77,1,4,38,533.480794876,164.32279999999966,1,0,0,1,0,0,0,1,0,0,0,0,0,0,0,0,0,0,1,0,1,2,15,0.1,1.0
CCCCCCCCCCCCCCCN(CC#CCCCCC(=O)OCC(CCCCCCCCCC)CCCCCCCCCCCC)CCCO,-0.596779256,0,50.0,10.0,38.5,1.5,10.0,6.635066903814493,1,44,15.326999999999964,0.94,49.77,1,4,54,759.7468459639999,238.2187999999988,1,0,0,1,0,0,0,1,0,0,0,0,0,0,0,0,0,0,1,0,1,1,23,0.1,1.0
CCCCCCCCCCCCCCCN(CC#CCCCCC(=O)N(CCCCCCC)CCCCCCC)CCCO,-0.596779256,0,50.0,10.0,38.5,1.5,10.0,6.429842051171906,2,34,11.095199999999991,0.925,43.78,1,3,44,618.606329736,194.17979999999932,0,0,0,1,0,0,0,1,0,0,0,0,0,0,0,0,0,0,1,0,1,1,15,0.1,1.0
CCCCCCCCCCCCCCCN(CC#CCCCCC(=O)N(CCCCCCCC)CCCCCCCC)CCCO,0.532907021,1,50.0,10.0,38.5,1.5,10.0,6.4740912935152695,2,36,11.875399999999988,0.9285714285714286,43.78,1,3,46,646.637629864,203.4137999999992,0,0,0,1,0,0,0,1,0,0,0,0,0,0,0,0,0,0,1,0,1,1,15,0.1,1.0
CCCCCCCCCCCCCCCN(CC#CCCCCC(=O)N(CCCCCCCCCCC)CCCCCCCCCCC)CCCO,0.599806528,1,50.0,10.0,38.5,1.5,10.0,6.59617934152285,2,42,14.21599999999997,0.9375,43.78,1,3,52,730.731530248,231.1157999999989,0,0,0,1,0,0,0,1,0,0,0,0,0,0,0,0,0,0,1,0,1,1,15,0.1,1.0
CCCCCCCCCCCCCCCN(CC#CCCCCC(=O)N(CCCCCCCCCCCC)CCCCCCCCCCCC)CCCO,0.532907021,1,50.0,10.0,38.5,1.5,10.0,6.633773592837442,2,44,14.996199999999966,0.94,43.78,1,3,54,758.762830376,240.3497999999988,0,0,0,1,0,0,0,1,0,0,0,0,0,0,0,0,0,0,1,0,1,1,15,0.1,1.0
CCCCCCCCCCCCCCCN(CC#CCCCC(=O)N(CCCCCCCC)CCCCCCCC)CCCO,0.282552045,1,50.0,10.0,38.5,1.5,10.0,6.452211401809761,2,35,11.485299999999988,0.926829268292683,43.78,1,3,45,632.6219798,198.79679999999925,0,0,0,1,0,0,0,1,0,0,0,0,0,0,0,0,0,0,1,0,1,1,15,0.1,1.0
CCCCCCCCCCC#CCN(CCCO)CCCCCCCCCCCCCCCC,-0.596779256,0,50.0,10.0,38.5,1.5,10.0,6.171412455693311,1,27,9.6863,0.9375,23.47,1,2,34,477.490965636,153.4577999999998,0,0,0,1,0,0,0,1,0,0,0,0,0,0,0,0,0,0,1,0,1,1,16,0.1,1.0
CCCCCCCCCCCC#CCN(CCCO)CCCCCCCCCCCCCCCC,0.282552045,1,50.0,10.0,38.5,1.5,10.0,6.2002839965623275,1,28,10.076399999999998,0.9393939393939394,23.47,1,2,35,491.5066157,158.07479999999973,0,0,0,1,0,0,0,1,0,0,0,0,0,0,0,0,0,0,1,0,1,1,16,0.1,1.0
CCCCCCCCCCCCC#CCN(CCCO)CCCCCCCCCCCCCCCC,-0.312177803,1,50.0,10.0,38.5,1.5,10.0,6.228345309391286,1,29,10.466499999999996,0.9411764705882352,23.47,1,2,36,505.522265764,162.6917999999997,0,0,0,1,0,0,0,1,0,0,0,0,0,0,0,0,0,0,1,0,1,1,16,0.1,1.0
CCCCCCCCCCCCCC#CCN(CCCO)CCCCCCCCCCCCCCCC,-0.596779256,0,50.0,10.0,38.5,1.5,10.0,6.255640630777803,1,30,10.856599999999991,0.9428571428571428,23.47,1,2,37,519.537915828,167.30879999999965,0,0,0,1,0,0,0,1,0,0,0,0,0,0,0,0,0,0,1,0,1,1,16,0.1,1.0
CCCCCCCCCCCCCCC#CCN(CCCO)CCCCCCCCCCCCCCCC,0.282552045,1,50.0,10.0,38.5,1.5,10.0,6.282210670557404,1,31,11.24669999999999,0.9444444444444444,23.47,1,2,38,533.553565892,171.92579999999958,0,0,0,1,0,0,0,1,0,0,0,0,0,0,0,0,0,0,1,0,1,1,17,0.1,1.0
CCCCCCCCCCCCCCCC#CCN(CCCO)CCCCCCCCCCCCCCCC,-1.083308655,0,50.0,10.0,38.5,1.5,10.0,6.308092977013727,1,32,11.636799999999988,0.945945945945946,23.47,1,2,39,547.569215956,176.54279999999954,0,0,0,1,0,0,0,1,0,0,0,0,0,0,0,0,0,0,1,0,1,1,18,0.1,1.0
CCCCCCCCCCCCCCCCC#CCN(CCCO)CCCCCCCCCCCCCCCC,-0.596779256,0,50.0,10.0,38.5,1.5,10.0,6.333322256005533,1,33,12.026899999999983,0.9473684210526316,23.47,1,2,40,561.5848660199999,181.15979999999948,0,0,0,1,0,0,0,1,0,0,0,0,0,0,0,0,0,0,1,0,1,1,19,0.1,1.0
CCCCCCCCCCCCCCCCN(CC#CCCCOCCCCCCCCCCC)CCCO,-0.596779256,0,50.0,10.0,38.5,1.5,10.0,6.311678546227174,1,32,10.483099999999991,0.9444444444444444,32.7,1,3,39,549.548480512,173.5107999999996,0,0,0,1,0,0,0,1,0,0,0,0,0,0,0,0,0,0,1,0,1,1,16,0.1,1.0
C=CCCCCCCCCOCCCC#CCN(CCCO)CCCCCCCCCCCCCCCC,-0.596779256,0,50.0,10.0,38.5,1.5,10.0,6.282128419572215,1,31,9.869,0.8857142857142857,32.7,1,3,38,533.517180384,168.79979999999964,0,0,0,1,0,0,0,1,0,0,0,0,0,0,0,0,0,0,1,0,1,2,16,0.1,1.0
CCCCCC/C=C\COCCCC#CCN(CCCO)CCCCCCCCCCCCCCCC,1.304037873,1,50.0,10.0,38.5,1.5,10.0,6.255556164995033,1,29,9.478900000000005,0.8823529411764706,32.7,1,3,37,519.50153032,164.18279999999967,0,0,0,1,0,0,0,1,0,0,0,0,0,0,0,0,0,0,1,0,1,2,16,0.1,1.0
CCCCCCCCCCCCCCCCN(CC#CCCCOCC(CCCCCCCCCC)CCCCCCCCCCCC)CCCO,-0.596779256,0,50.0,10.0,38.5,1.5,10.0,6.5975821686948235,1,44,15.410299999999964,0.9591836734693876,32.7,1,3,52,731.7519313439999,233.46179999999887,0,0,0,1,0,0,0,1,0,0,0,0,0,0,0,0,0,0,1,0,1,1,23,0.1,1.0
CCCCCCCCCCCCCCCCN(CC#CCCCCC(=O)OCCCCCCCCCCCC)CCCO,-1.083308655,0,50.0,10.0,38.5,1.5,10.0,6.408583155314849,1,34,11.179999999999987,0.9230769230769232,49.77,1,4,43,605.57469526,187.5017999999994,1,0,0,1,0,0,0,1,0,0,0,0,0,0,0,0,0,0,1,0,1,1,16,0.1,1.0
C=CCCCCCCCCOC(=O)CCCCC#CCN(CCCO)CCCCCCCCCCCCCCCC,1.349338334,1,50.0,10.0,38.5,1.5,10.0,6.357778139668656,1,32,10.1758,0.8648648648648649,49.77,1,4,41,575.5277450680001,178.1737999999995,1,0,0,1,0,0,0,1,0,0,0,0,0,0,0,0,0,0,1,0,1,2,16,0.1,1.0
C=CCCCCCCCCCOC(=O)CCCCC#CCN(CCCO)CCCCCCCCCCCCCCCC,-1.083308655,0,50.0,10.0,38.5,1.5,10.0,6.381799096789172,1,33,10.565899999999996,0.868421052631579,49.77,1,4,42,589.543395132,182.79079999999945,1,0,0,1,0,0,0,1,0,0,0,0,0,0,0,0,0,0,1,0,1,2,16,0.1,1.0
CCCCC/C=C\COC(=O)CCCCC#CCN(CCCO)CCCCCCCCCCCCCCCC,0.532907021,1,50.0,10.0,38.5,1.5,10.0,6.307932671850646,1,29,9.395600000000004,0.8571428571428571,49.77,1,4,39,547.4964449400001,168.9397999999996,1,0,0,1,0,0,0,1,0,0,0,0,0,0,0,0,0,0,1,0,1,2,16,0.1,1.0
CCCCCCCCCCCCCCCCN(CC#CCCCCC(=O)OCC(CCCCCCCCCC)CCCCCCCCCCCC)CCCO,-0.596779256,0,50.0,10.0,38.5,1.5,10.0,6.653323568450225,1,45,15.71709999999996,0.9411764705882352,49.77,1,4,55,773.762496028,242.8357999999988,1,0,0,1,0,0,0,1,0,0,0,0,0,0,0,0,0,0,1,0,1,1,23,0.1,1.0
CCCCCCCCCCCCCCCCN(CC#CCCCCC(=O)N(CCCCCCC)CCCCCCC)CCCO,-0.596779256,0,50.0,10.0,38.5,1.5,10.0,6.452211401809761,2,35,11.485299999999988,0.926829268292683,43.78,1,3,45,632.6219798,198.79679999999925,0,0,0,1,0,0,0,1,0,0,0,0,0,0,0,0,0,0,1,0,1,1,16,0.1,1.0
CCCCCCCCCCCCCCCCN(CC#CCCCCC(=O)N(CCCCCCCC)CCCCCCCC)CCCO,0.282552045,1,50.0,10.0,38.5,1.5,10.0,6.4955026879398385,2,37,12.265499999999983,0.9302325581395348,43.78,1,3,47,660.653279928,208.03079999999915,0,0,0,1,0,0,0,1,0,0,0,0,0,0,0,0,0,0,1,0,1,1,16,0.1,1.0
CCCCCCCCCCCCCCCCN(CC#CCCCCC(=O)N(CCCCCCCCCCC)CCCCCCCCCCC)CCCO,-0.596779256,0,50.0,10.0,38.5,1.5,10.0,6.615153122743993,2,43,14.60609999999997,0.9387755102040816,43.78,1,3,53,744.747180312,235.7327999999989,0,0,0,1,0,0,0,1,0,0,0,0,0,0,0,0,0,0,1,0,1,1,16,0.1,1.0
CCCCCCCCCCCCCCCCN(CC#CCCCCC(=O)N(CCCCCCCCCCCC)CCCCCCCCCCCC)CCCO,-0.596779256,0,50.0,10.0,38.5,1.5,10.0,6.652053669652065,2,45,15.386299999999965,0.9411764705882352,43.78,1,3,55,772.77848044,244.9667999999988,0,0,0,1,0,0,0,1,0,0,0,0,0,0,0,0,0,0,1,0,1,1,16,0.1,1.0
CCCCCCCCCCCCCCCCN(CC#CCCCC(=O)N(CCCCCCCC)CCCCCCCC)CCCO,-0.596779256,0,50.0,10.0,38.5,1.5,10.0,6.4740912935152695,2,36,11.875399999999988,0.9285714285714286,43.78,1,3,46,646.637629864,203.4137999999992,0,0,0,1,0,0,0,1,0,0,0,0,0,0,0,0,0,0,1,0,1,1,16,0.1,1.0
CCCCCCCCCCC#CCN(CCCO)CCCCCCCCCCCCCCCCC,-0.596779256,0,50.0,10.0,38.5,1.5,10.0,6.2002839965623275,1,28,10.076399999999998,0.9393939393939394,23.47,1,2,35,491.5066157,158.07479999999973,0,0,0,1,0,0,0,1,0,0,0,0,0,0,0,0,0,0,1,0,1,1,17,0.1,1.0
CCCCCCCCCCCC#CCN(CCCO)CCCCCCCCCCCCCCCCC,1.230083899,1,50.0,10.0,38.5,1.5,10.0,6.228345309391286,1,29,10.466499999999996,0.9411764705882352,23.47,1,2,36,505.522265764,162.6917999999997,0,0,0,1,0,0,0,1,0,0,0,0,0,0,0,0,0,0,1,0,1,1,17,0.1,1.0
CCCCCCCCCCCCC#CCN(CCCO)CCCCCCCCCCCCCCCCC,0.717064053,1,50.0,10.0,38.5,1.5,10.0,6.255640630777803,1,30,10.856599999999991,0.9428571428571428,23.47,1,2,37,519.537915828,167.30879999999965,0,0,0,1,0,0,0,1,0,0,0,0,0,0,0,0,0,0,1,0,1,1,17,0.1,1.0
CCCCCCCCCCCCCC#CCN(CCCO)CCCCCCCCCCCCCCCCC,-0.596779256,0,50.0,10.0,38.5,1.5,10.0,6.282210670557404,1,31,11.24669999999999,0.9444444444444444,23.47,1,2,38,533.553565892,171.92579999999958,0,0,0,1,0,0,0,1,0,0,0,0,0,0,0,0,0,0,1,0,1,1,17,0.1,1.0
CCCCCCCCCCCCCCC#CCN(CCCO)CCCCCCCCCCCCCCCCC,-0.596779256,0,50.0,10.0,38.5,1.5,10.0,6.308092977013727,1,32,11.636799999999988,0.945945945945946,23.47,1,2,39,547.569215956,176.54279999999954,0,0,0,1,0,0,0,1,0,0,0,0,0,0,0,0,0,0,1,0,1,1,17,0.1,1.0
CCCCCCCCCCCCCCCC#CCN(CCCO)CCCCCCCCCCCCCCCCC,-1.083308655,0,50.0,10.0,38.5,1.5,10.0,6.333322256005533,1,33,12.026899999999983,0.9473684210526316,23.47,1,2,40,561.5848660199999,181.15979999999948,0,0,0,1,0,0,0,1,0,0,0,0,0,0,0,0,0,0,1,0,1,1,18,0.1,1.0
CCCCCCCCCCCCCCCCC#CCN(CCCO)CCCCCCCCCCCCCCCCC,-0.596779256,0,50.0,10.0,38.5,1.5,10.0,6.357930650816996,1,34,12.41699999999998,0.9487179487179488,23.47,1,2,41,575.600516084,185.7767999999994,0,0,0,1,0,0,0,1,0,0,0,0,0,0,0,0,0,0,1,0,1,1,19,0.1,1.0
CCCCCCCCCCCCCCCCCN(CC#CCCCOCCCCCCCCCCC)CCCO,-1.083308655,0,50.0,10.0,38.5,1.5,10.0,6.3368186514753635,1,33,10.873199999999992,0.945945945945946,32.7,1,3,40,563.5641305759999,178.1277999999995,0,0,0,1,0,0,0,1,0,0,0,0,0,0,0,0,0,0,1,0,1,1,17,0.1,1.0
C=CCCCCCCCCOCCCC#CCN(CCCO)CCCCCCCCCCCCCCCCC,-0.596779256,0,50.0,10.0,38.5,1.5,10.0,6.308012827644405,1,32,10.259099999999998,0.8888888888888888,32.7,1,3,39,547.532830448,173.41679999999957,0,0,0,1,0,0,0,1,0,0,0,0,0,0,0,0,0,0,1,0,1,2,17,0.1,1.0
CCCCCC/C=C\COCCCC#CCN(CCCO)CCCCCCCCCCCCCCCCC,1.790567271,2,50.0,10.0,38.5,1.5,10.0,6.282128419572215,1,30,9.869,0.8857142857142857,32.7,1,3,38,533.517180384,168.7997999999996,0,0,0,1,0,0,0,1,0,0,0,0,0,0,0,0,0,0,1,0,1,2,17,0.1,1.0
CCCCCCCCCCCCCCCCCN(CC#CCCCOCC(CCCCCCCCCC)CCCCCCCCCCCC)CCCO,-0.312177803,1,50.0,10.0,38.5,1.5,10.0,6.616529602040318,1,45,15.800399999999962,0.96,32.7,1,3,53,745.767581408,238.07879999999884,0,0,0,1,0,0,0,1,0,0,0,0,0,0,0,0,0,0,1,0,1,1,23,0.1,1.0
CCCCCCCCCCCCCCCCCN(CC#CCCCCC(=O)OCCCCCCCCCCCC)CCCO,1.947194754,2,50.0,10.0,38.5,1.5,10.0,6.431427695623714,1,35,11.570099999999988,0.925,49.77,1,4,44,619.5903453239999,192.11879999999937,1,0,0,1,0,0,0,1,0,0,0,0,0,0,0,0,0,0,1,0,1,1,17,0.1,1.0
C=CCCCCCCCCOC(=O)CCCCC#CCN(CCCO)CCCCCCCCCCCCCCCCC,0.905362182,1,50.0,10.0,38.5,1.5,10.0,6.381799096789172,1,33,10.565899999999996,0.868421052631579,49.77,1,4,42,589.543395132,182.79079999999945,1,0,0,1,0,0,0,1,0,0,0,0,0,0,0,0,0,0,1,0,1,2,17,0.1,1.0
C=CCCCCCCCCCOC(=O)CCCCC#CCN(CCCO)CCCCCCCCCCCCCCCCC,-0.312177803,1,50.0,10.0,38.5,1.5,10.0,6.405256556809621,1,34,10.955999999999992,0.8717948717948718,49.77,1,4,43,603.5590451959999,187.40779999999936,1,0,0,1,0,0,0,1,0,0,0,0,0,0,0,0,0,0,1,0,1,2,17,0.1,1.0
CCCCC/C=C\COC(=O)CCCCC#CCN(CCCO)CCCCCCCCCCCCCCCCC,-0.596779256,0,50.0,10.0,38.5,1.5,10.0,6.333165944946208,1,30,9.785700000000002,0.8611111111111112,49.77,1,4,40,561.512095004,173.55679999999955,1,0,0,1,0,0,0,1,0,0,0,0,0,0,0,0,0,0,1,0,1,2,17,0.1,1.0
CCCCCCCCCCCCCCCCCN(CC#CCCCCC(=O)OCC(CCCCCCCCCC)CCCCCCCCCCCC)CCCO,0.376279539,1,50.0,10.0,38.5,1.5,10.0,6.671252894464937,1,46,16.107199999999963,0.9423076923076924,49.77,1,4,56,787.7781460919999,247.45279999999877,1,0,0,1,0,0,0,1,0,0,0,0,0,0,0,0,0,0,1,0,1,1,23,0.1,1.0
CCCCCCCCCCCCCCCCCN(CC#CCCCCC(=O)N(CCCCCCC)CCCCCCC)CCCO,-0.596779256,0,50.0,10.0,38.5,1.5,10.0,6.4740912935152695,2,36,11.875399999999988,0.9285714285714286,43.78,1,3,46,646.637629864,203.4137999999992,0,0,0,1,0,0,0,1,0,0,0,0,0,0,0,0,0,0,1,0,1,1,17,0.1,1.0
CCCCCCCCCCCCCCCCCN(CC#CCCCCC(=O)N(CCCCCCCC)CCCCCCCC)CCCO,0.905362182,1,50.0,10.0,38.5,1.5,10.0,6.516465228355276,2,38,12.65559999999998,0.9318181818181818,43.78,1,3,48,674.668929992,212.64779999999908,0,0,0,1,0,0,0,1,0,0,0,0,0,0,0,0,0,0,1,0,1,1,17,0.1,1.0
CCCCCCCCCCCCCCCCCN(CC#CCCCCC(=O)N(CCCCCCCCCCC)CCCCCCCCCCC)CCCO,-0.312177803,1,50.0,10.0,38.5,1.5,10.0,6.633773592837442,2,44,14.996199999999966,0.94,43.78,1,3,54,758.762830376,240.3497999999988,0,0,0,1,0,0,0,1,0,0,0,0,0,0,0,0,0,0,1,0,1,1,17,0.1,1.0
CCCCCCCCCCCCCCCCCN(CC#CCCCCC(=O)N(CCCCCCCCCCCC)CCCCCCCCCCCC)CCCO,-1.083308655,0,50.0,10.0,38.5,1.5,10.0,6.670005575278564,2,46,15.776399999999962,0.9423076923076924,43.78,1,3,56,786.794130504,249.58379999999875,0,0,0,1,0,0,0,1,0,0,0,0,0,0,0,0,0,0,1,0,1,1,17,0.1,1.0
CCCCCCCCCCCCCCCCCN(CC#CCCCC(=O)N(CCCCCCCC)CCCCCCCC)CCCO,-0.596779256,0,50.0,10.0,38.5,1.5,10.0,6.4955026879398385,2,37,12.265499999999983,0.9302325581395348,43.78,1,3,47,660.653279928,208.03079999999915,0,0,0,1,0,0,0,1,0,0,0,0,0,0,0,0,0,0,1,0,1,1,17,0.1,1.0
CCCCCCCCCCC#CCN(CCCO)CCCCCCCCCCCCCCCCCC,-1.083308655,0,50.0,10.0,38.5,1.5,10.0,6.228345309391286,1,29,10.466499999999996,0.9411764705882352,23.47,1,2,36,505.522265764,162.6917999999997,0,0,0,1,0,0,0,1,0,0,0,0,0,0,0,0,0,0,1,0,1,1,18,0.1,1.0
CCCCCCCCCCCC#CCN(CCCO)CCCCCCCCCCCCCCCCCC,-0.312177803,1,50.0,10.0,38.5,1.5,10.0,6.255640630777803,1,30,10.856599999999991,0.9428571428571428,23.47,1,2,37,519.537915828,167.30879999999962,0,0,0,1,0,0,0,1,0,0,0,0,0,0,0,0,0,0,1,0,1,1,18,0.1,1.0
CCCCCCCCCCCCC#CCN(CCCO)CCCCCCCCCCCCCCCCCC,-0.596779256,0,50.0,10.0,38.5,1.5,10.0,6.282210670557404,1,31,11.24669999999999,0.9444444444444444,23.47,1,2,38,533.553565892,171.92579999999958,0,0,0,1,0,0,0,1,0,0,0,0,0,0,0,0,0,0,1,0,1,1,18,0.1,1.0
CCCCCCCCCCCCCC#CCN(CCCO)CCCCCCCCCCCCCCCCCC,-0.596779256,0,50.0,10.0,38.5,1.5,10.0,6.308092977013727,1,32,11.636799999999988,0.945945945945946,23.47,1,2,39,547.569215956,176.54279999999954,0,0,0,1,0,0,0,1,0,0,0,0,0,0,0,0,0,0,1,0,1,1,18,0.1,1.0
CCCCCCCCCCCCCCC#CCN(CCCO)CCCCCCCCCCCCCCCCCC,-0.596779256,0,50.0,10.0,38.5,1.5,10.0,6.333322256005533,1,33,12.026899999999983,0.9473684210526316,23.47,1,2,40,561.58486602,181.15979999999948,0,0,0,1,0,0,0,1,0,0,0,0,0,0,0,0,0,0,1,0,1,1,18,0.1,1.0
CCCCCCCCCCCCCCCC#CCN(CCCO)CCCCCCCCCCCCCCCCCC,-0.596779256,0,50.0,10.0,38.5,1.5,10.0,6.357930650816996,1,34,12.416999999999982,0.9487179487179488,23.47,1,2,41,575.600516084,185.7767999999994,0,0,0,1,0,0,0,1,0,0,0,0,0,0,0,0,0,0,1,0,1,1,18,0.1,1.0
CCCCCCCCCCCCCCCCC#CCN(CCCO)CCCCCCCCCCCCCCCCCC,0.376279539,1,50.0,10.0,38.5,1.5,10.0,6.381947988392977,1,35,12.80709999999998,0.95,23.47,1,2,42,589.6161661479999,190.39379999999937,0,0,0,1,0,0,0,1,0,0,0,0,0,0,0,0,0,0,1,0,1,1,19,0.1,1.0
CCCCCCCCCCCCCCCCCCN(CC#CCCCOCCCCCCCCCCC)CCCO,-1.083308655,0,50.0,10.0,38.5,1.5,10.0,6.361342200445518,1,34,11.263299999999989,0.9473684210526316,32.7,1,3,41,577.57978064,182.74479999999943,0,0,0,1,0,0,0,1,0,0,0,0,0,0,0,0,0,0,1,0,1,1,18,0.1,1.0
C=CCCCCCCCCOCCCC#CCN(CCCO)CCCCCCCCCCCCCCCCCC,0.376279539,1,50.0,10.0,38.5,1.5,10.0,6.333244103530014,1,33,10.649199999999995,0.8918918918918919,32.7,1,3,40,561.548480512,178.0337999999995,0,0,0,1,0,0,0,1,0,0,0,0,0,0,0,0,0,0,1,0,1,2,18,0.1,1.0
CCCCCC/C=C\COCCCC#CCN(CCCO)CCCCCCCCCCCCCCCCCC,1.69012285,2,50.0,10.0,38.5,1.5,10.0,6.308012827644405,1,31,10.259099999999998,0.8888888888888888,32.7,1,3,39,547.532830448,173.41679999999957,0,0,0,1,0,0,0,1,0,0,0,0,0,0,0,0,0,0,1,0,1,2,18,0.1,1.0
CCCCCCCCCCCCCCCCCCN(CC#CCCCOCC(CCCCCCCCCC)CCCCCCCCCCCC)CCCO,-1.083308655,0,50.0,10.0,38.5,1.5,10.0,6.635124695742553,1,46,16.190499999999965,0.9607843137254902,32.7,1,3,54,759.7832314719999,242.6957999999988,0,0,0,1,0,0,0,1,0,0,0,0,0,0,0,0,0,0,1,0,1,1,23,0.1,1.0
CCCCCCCCCCCCCCCCCCN(CC#CCCCCC(=O)OCCCCCCCCCCCC)CCCO,0.376279539,1,50.0,10.0,38.5,1.5,10.0,6.453761997381986,1,36,11.960199999999984,0.926829268292683,49.77,1,4,45,633.605995388,196.73579999999927,1,0,0,1,0,0,0,1,0,0,0,0,0,0,0,0,0,0,1,0,1,1,18,0.1,1.0
C=CCCCCCCCCOC(=O)CCCCC#CCN(CCCO)CCCCCCCCCCCCCCCCCC,2.32785952,2,50.0,10.0,38.5,1.5,10.0,6.405256556809621,1,34,10.955999999999992,0.8717948717948718,49.77,1,4,43,603.5590451959999,187.40779999999936,1,0,0,1,0,0,0,1,0,0,0,0,0,0,0,0,0,0,1,0,1,2,18,0.1,1.0
C=CCCCCCCCCCOC(=O)CCCCC#CCN(CCCO)CCCCCCCCCCCCCCCCCC,-0.596779256,0,50.0,10.0,38.5,1.5,10.0,6.428176352549316,1,35,11.346099999999993,0.875,49.77,1,4,44,617.57469526,192.02479999999932,1,0,0,1,0,0,0,1,0,0,0,0,0,0,0,0,0,0,1,0,1,2,18,0.1,1.0
CCCCC/C=C\COC(=O)CCCCC#CCN(CCCO)CCCCCCCCCCCCCCCCCC,-0.596779256,0,50.0,10.0,38.5,1.5,10.0,6.357778139668656,1,31,10.1758,0.8648648648648649,49.77,1,4,41,575.5277450680001,178.1737999999995,1,0,0,1,0,0,0,1,0,0,0,0,0,0,0,0,0,0,1,0,1,2,18,0.1,1.0
CCCCCCCCCCCCCCCCCCN(CC#CCCCCC(=O)OCC(CCCCCCCCCC)CCCCCCCCCCCC)CCCO,-1.083308655,0,50.0,10.0,38.5,1.5,10.0,6.688866413641257,1,47,16.497299999999967,0.9433962264150944,49.77,1,4,57,801.793796156,252.0697999999987,1,0,0,1,0,0,0,1,0,0,0,0,0,0,0,0,0,0,1,0,1,1,23,0.1,1.0
CCCCCCCCCCCCCCCCCCN(CC#CCCCCC(=O)N(CCCCCCC)CCCCCCC)CCCO,-0.312177803,1,50.0,10.0,38.5,1.5,10.0,6.4955026879398385,2,37,12.265499999999983,0.9302325581395348,43.78,1,3,47,660.653279928,208.03079999999915,0,0,0,1,0,0,0,1,0,0,0,0,0,0,0,0,0,0,1,0,1,1,18,0.1,1.0
CCCCCCCCCCCCCCCCCCN(CC#CCCCCC(=O)N(CCCCCCCC)CCCCCCCC)CCCO,1.304037873,1,50.0,10.0,38.5,1.5,10.0,6.53699734794635,2,39,13.04569999999998,0.9333333333333332,43.78,1,3,49,688.684580056,217.264799999999,0,0,0,1,0,0,0,1,0,0,0,0,0,0,0,0,0,0,1,0,1,1,18,0.1,1.0
CCCCCCCCCCCCCCCCCCN(CC#CCCCCC(=O)N(CCCCCCCCCCC)CCCCCCCCCCC)CCCO,-0.596779256,0,50.0,10.0,38.5,1.5,10.0,6.652053669652064,2,45,15.386299999999965,0.9411764705882352,43.78,1,3,55,772.77848044,244.9667999999988,0,0,0,1,0,0,0,1,0,0,0,0,0,0,0,0,0,0,1,0,1,1,18,0.1,1.0
CCCCCCCCCCCCCCCCCCN(CC#CCCCCC(=O)N(CCCCCCCCCCCC)CCCCCCCCCCCC)CCCO,-0.596779256,0,50.0,10.0,38.5,1.5,10.0,6.687640885134449,2,47,16.166499999999964,0.9433962264150944,43.78,1,3,57,800.809780568,254.2007999999987,0,0,0,1,0,0,0,1,0,0,0,0,0,0,0,0,0,0,1,0,1,1,18,0.1,1.0
CCCCCCCCCCCCCCCCCCN(CC#CCCCC(=O)N(CCCCCCCC)CCCCCCCC)CCCO,-0.596779256,0,50.0,10.0,38.5,1.5,10.0,6.516465228355276,2,38,12.65559999999998,0.9318181818181818,43.78,1,3,48,674.668929992,212.64779999999908,0,0,0,1,0,0,0,1,0,0,0,0,0,0,0,0,0,0,1,0,1,1,18,0.1,1.0
CCCCCCCCCCC#CCN(CCCO)CCCCCCCCCCCCCCCCCCCCCC,-0.312177803,1,50.0,10.0,38.5,1.5,10.0,6.333322256005533,1,33,12.026899999999983,0.9473684210526316,23.47,1,2,40,561.58486602,181.15979999999948,0,0,0,1,0,0,0,1,0,0,0,0,0,0,0,0,0,0,1,0,1,1,22,0.1,1.0
CCCCCCCCCCCC#CCN(CCCO)CCCCCCCCCCCCCCCCCCCCCC,-0.596779256,0,50.0,10.0,38.5,1.5,10.0,6.357930650816996,1,34,12.416999999999984,0.9487179487179488,23.47,1,2,41,575.600516084,185.7767999999994,0,0,0,1,0,0,0,1,0,0,0,0,0,0,0,0,0,0,1,0,1,1,22,0.1,1.0
CCCCCCCCCCCCC#CCN(CCCO)CCCCCCCCCCCCCCCCCCCCCC,-0.596779256,0,50.0,10.0,38.5,1.5,10.0,6.381947988392977,1,35,12.80709999999998,0.95,23.47,1,2,42,589.616166148,190.39379999999937,0,0,0,1,0,0,0,1,0,0,0,0,0,0,0,0,0,0,1,0,1,1,22,0.1,1.0
CCCCCCCCCCCCCC#CCN(CCCO)CCCCCCCCCCCCCCCCCCCCCC,-0.596779256,0,50.0,10.0,38.5,1.5,10.0,6.405401996691146,1,36,13.197199999999976,0.951219512195122,23.47,1,2,43,603.631816212,195.0107999999993,0,0,0,1,0,0,0,1,0,0,0,0,0,0,0,0,0,0,1,0,1,1,22,0.1,1.0
CCCCCCCCCCCCCCC#CCN(CCCO)CCCCCCCCCCCCCCCCCCCCCC,-0.596779256,0,50.0,10.0,38.5,1.5,10.0,6.4283184971235094,1,37,13.587299999999974,0.9523809523809524,23.47,1,2,44,617.647466276,199.62779999999924,0,0,0,1,0,0,0,1,0,0,0,0,0,0,0,0,0,0,1,0,1,1,22,0.1,1.0
CCCCCCCCCCCCCCCC#CCN(CCCO)CCCCCCCCCCCCCCCCCCCCCC,1.053682897,1,50.0,10.0,38.5,1.5,10.0,6.4507215754366705,1,38,13.977399999999973,0.9534883720930232,23.47,1,2,45,631.6631163399999,204.2447999999992,0,0,0,1,0,0,0,1,0,0,0,0,0,0,0,0,0,0,1,0,1,1,22,0.1,1.0
CCCCCCCCCCCCCCCCC#CCN(CCCO)CCCCCCCCCCCCCCCCCCCCCC,-0.596779256,0,50.0,10.0,38.5,1.5,10.0,6.472633733866309,1,39,14.36749999999997,0.9545454545454546,23.47,1,2,46,645.6787664039999,208.8617999999991,0,0,0,1,0,0,0,1,0,0,0,0,0,0,0,0,0,0,1,0,1,1,22,0.1,1.0
CCCCCCCCCCCCCCCCCCCCCCN(CC#CCCCOCCCCCCCCCCC)CCCO,-0.596779256,0,50.0,10.0,38.5,1.5,10.0,6.4538312768285335,1,38,12.82369999999998,0.9523809523809524,32.7,1,3,45,633.6423808960001,201.2127999999992,0,0,0,1,0,0,0,1,0,0,0,0,0,0,0,0,0,0,1,0,1,1,22,0.1,1.0
C=CCCCCCCCCOCCCC#CCN(CCCO)CCCCCCCCCCCCCCCCCCCCCC,0.817508475,1,50.0,10.0,38.5,1.5,10.0,6.428247427362048,1,37,12.209599999999986,0.902439024390244,32.7,1,3,44,617.6110807680001,196.5017999999993,0,0,0,1,0,0,0,1,0,0,0,0,0,0,0,0,0,0,1,0,1,2,22,0.1,1.0
CCCCCC/C=C\COCCCC#CCN(CCCO)CCCCCCCCCCCCCCCCCCCCCC,-0.596779256,0,50.0,10.0,38.5,1.5,10.0,6.405329279394478,1,35,11.819499999999987,0.9,32.7,1,3,43,603.595430704,191.88479999999933,0,0,0,1,0,0,0,1,0,0,0,0,0,0,0,0,0,0,1,0,1,2,22,0.1,1.0
CCCCCCCCCCCCCCCCCCCCCCN(CC#CCCCOCC(CCCCCCCCCC)CCCCCCCCCCCC)CCCO,-0.596779256,0,50.0,10.0,38.5,1.5,10.0,6.706228884180376,1,50,17.750899999999977,0.9636363636363636,32.7,1,3,58,815.845831728,261.16379999999873,0,0,0,1,0,0,0,1,0,0,0,0,0,0,0,0,0,0,1,0,1,1,23,0.1,1.0
CCCCCCCCCCCCCCCCCCCCCCN(CC#CCCCCC(=O)OCCCCCCCCCCCC)CCCO,1.857466778,2,50.0,10.0,38.5,1.5,10.0,6.538421983667385,1,40,13.520599999999977,0.9333333333333332,49.77,1,4,49,689.6685956440001,215.20379999999903,1,0,0,1,0,0,0,1,0,0,0,0,0,0,0,0,0,0,1,0,1,1,22,0.1,1.0
C=CCCCCCCCCOC(=O)CCCCC#CCN(CCCO)CCCCCCCCCCCCCCCCCCCCCC,-0.596779256,0,50.0,10.0,38.5,1.5,10.0,6.493942929386144,1,38,12.516399999999985,0.8837209302325582,49.77,1,4,47,659.6216454519999,205.87579999999917,1,0,0,1,0,0,0,1,0,0,0,0,0,0,0,0,0,0,1,0,1,2,22,0.1,1.0
C=CCCCCCCCCCOC(=O)CCCCC#CCN(CCCO)CCCCCCCCCCCCCCCCCCCCCC,-0.596779256,0,50.0,10.0,38.5,1.5,10.0,6.514937850707336,1,39,12.906499999999982,0.8863636363636364,49.77,1,4,48,673.637295516,210.4927999999991,1,0,0,1,0,0,0,1,0,0,0,0,0,0,0,0,0,0,1,0,1,2,22,0.1,1.0
CCCCC/C=C\COC(=O)CCCCC#CCN(CCCO)CCCCCCCCCCCCCCCCCCCCCC,-0.596779256,0,50.0,10.0,38.5,1.5,10.0,6.45058258015123,1,35,11.73619999999999,0.8780487804878049,49.77,1,4,45,631.5903453239999,196.64179999999925,1,0,0,1,0,0,0,1,0,0,0,0,0,0,0,0,0,0,1,0,1,2,22,0.1,1.0
CCCCCCCCCCCCCCCCCCCCCCN(CC#CCCCCC(=O)OCC(CCCCCCCCCC)CCCCCCCCCCCC)CCCO,-1.083308655,0,50.0,10.0,38.5,1.5,10.0,6.756372930454081,1,51,18.05769999999998,0.9473684210526316,49.77,1,4,61,857.8563964120001,270.53779999999887,1,0,0,1,0,0,0,1,0,0,0,0,0,0,0,0,0,0,1,0,1,1,23,0.1,1.0
CCCCCCCCCCCCCCCCCCCCCCN(CC#CCCCCC(=O)N(CCCCCCC)CCCCCCC)CCCO,-0.596779256,0,50.0,10.0,38.5,1.5,10.0,6.576838581734611,2,41,13.825899999999974,0.9361702127659576,43.78,1,3,51,716.7158801840001,226.49879999999897,0,0,0,1,0,0,0,1,0,0,0,0,0,0,0,0,0,0,1,0,1,1,22,0.1,1.0
CCCCCCCCCCCCCCCCCCCCCCN(CC#CCCCCC(=O)N(CCCCCCCC)CCCCCCCC)CCCO,-0.596779256,0,50.0,10.0,38.5,1.5,10.0,6.615153122743993,2,43,14.60609999999997,0.9387755102040816,43.78,1,3,53,744.7471803120001,235.7327999999989,0,0,0,1,0,0,0,1,0,0,0,0,0,0,0,0,0,0,1,0,1,1,22,0.1,1.0
CCCCCCCCCCCCCCCCCCCCCCN(CC#CCCCCC(=O)N(CCCCCCCCCCC)CCCCCCCCCCC)CCCO,-0.596779256,0,50.0,10.0,38.5,1.5,10.0,6.722005051007181,2,49,16.946699999999968,0.9454545454545454,43.78,1,3,59,828.8410806960001,263.43479999999875,0,0,0,1,0,0,0,1,0,0,0,0,0,0,0,0,0,0,1,0,1,1,22,0.1,1.0
CCCCCCCCCCCCCCCCCCCCCCN(CC#CCCCCC(=O)N(CCCCCCCCCCCC)CCCCCCCCCCCC)CCCO,-1.083308655,0,50.0,10.0,38.5,1.5,10.0,6.755227448289266,2,51,17.726899999999976,0.9473684210526316,43.78,1,3,61,856.8723808240001,272.66879999999895,0,0,0,1,0,0,0,1,0,0,0,0,0,0,0,0,0,0,1,0,1,1,22,0.1,1.0
CCCCCCCCCCCCCCCCCCCCCCN(CC#CCCCC(=O)N(CCCCCCCC)CCCCCCCC)CCCO,-0.596779256,0,50.0,10.0,38.5,1.5,10.0,6.59617934152285,2,42,14.21599999999997,0.9375,43.78,1,3,52,730.7315302480001,231.1157999999989,0,0,0,1,0,0,0,1,0,0,0,0,0,0,0,0,0,0,1,0,1,1,22,0.1,1.0
CCCCCCCC/C=C\CCCCCCCCN(CC#CCCCCCCCCCC)CCCO,0.817508475,1,50.0,10.0,38.5,1.5,10.0,6.224360389864871,1,28,10.242499999999994,0.8823529411764706,23.47,1,2,36,503.50661569999994,162.5977999999997,0,0,0,1,0,0,0,1,0,0,0,0,0,0,0,0,0,0,1,0,1,2,18,0.1,1.0
CCCCCCCC/C=C\CCCCCCCCN(CC#CCCCCCCCCCCC)CCCO,1.053682897,1,50.0,10.0,38.5,1.5,10.0,6.25176321816706,1,29,10.632599999999991,0.8857142857142857,23.47,1,2,37,517.5222657639999,167.21479999999966,0,0,0,1,0,0,0,1,0,0,0,0,0,0,0,0,0,0,1,0,1,2,18,0.1,1.0
CCCCCCCC/C=C\CCCCCCCCN(CC#CCCCCCCCCCCCC)CCCO,1.846750332,2,50.0,10.0,38.5,1.5,10.0,6.278435116501484,1,30,11.02269999999999,0.8888888888888888,23.47,1,2,38,531.537915828,171.8317999999996,0,0,0,1,0,0,0,1,0,0,0,0,0,0,0,0,0,0,1,0,1,2,18,0.1,1.0
CCCCCCCC/C=C\CCCCCCCCN(CC#CCCCCCCCCCCCCC)CCCO,1.349338334,1,50.0,10.0,38.5,1.5,10.0,6.304414066900978,1,31,11.412799999999988,0.8918918918918919,23.47,1,2,39,545.5535658919999,176.44879999999952,0,0,0,1,0,0,0,1,0,0,0,0,0,0,0,0,0,0,1,0,1,2,18,0.1,1.0
CCCCCCCC/C=C\CCCCCCCCN(CC#CCCCCCCCCCCCCCC)CCCO,2.169870421,2,50.0,10.0,38.5,1.5,10.0,6.329735165670575,1,32,11.802899999999983,0.8947368421052632,23.47,1,2,40,559.569215956,181.06579999999948,0,0,0,1,0,0,0,1,0,0,0,0,0,0,0,0,0,0,1,0,1,2,18,0.1,1.0
CCCCCCCC/C=C\CCCCCCCCN(CC#CCCCCCCCCCCCCCCC)CCCO,0.532907021,1,50.0,10.0,38.5,1.5,10.0,6.354430908510092,1,33,12.192999999999982,0.8974358974358975,23.47,1,2,41,573.5848660199999,185.68279999999945,0,0,0,1,0,0,0,1,0,0,0,0,0,0,0,0,0,0,1,0,1,2,18,0.1,1.0
CCCCCCCC/C=C\CCCCCCCCN(CC#CCCCCCCCCCCCCCCCC)CCCO,1.947194754,2,50.0,10.0,38.5,1.5,10.0,6.378531441269705,1,34,12.58309999999998,0.9,23.47,1,2,42,587.600516084,190.29979999999935,0,0,0,1,0,0,0,1,0,0,0,0,0,0,0,0,0,0,1,0,1,2,19,0.1,1.0
CCCCCCCC/C=C\CCCCCCCCN(CC#CCCCOCCCCCCCCCCC)CCCO,2.419543597,2,50.0,10.0,38.5,1.5,10.0,6.357854398150283,1,33,11.03929999999999,0.8947368421052632,32.7,1,3,41,575.5641305759999,182.65079999999944,0,0,0,1,0,0,0,1,0,0,0,0,0,0,0,0,0,0,1,0,1,2,18,0.1,1.0
C=CCCCCCCCCOCCCC#CCN(CCCO)CCCCCCCC/C=C\CCCCCCCC,2.018335441,2,50.0,10.0,38.5,1.5,10.0,6.329656732340648,1,32,10.425199999999997,0.8378378378378378,32.7,1,3,40,559.532830448,177.93979999999954,0,0,0,1,0,0,0,1,0,0,0,0,0,0,0,0,0,0,1,0,1,3,18,0.1,1.0
CCCCCC/C=C\COCCCC#CCN(CCCO)CCCCCCCC/C=C\CCCCCCCC,0.862808938,1,50.0,10.0,38.5,1.5,10.0,6.304333622114396,1,30,10.0351,0.8333333333333334,32.7,1,3,39,545.517180384,173.32279999999955,0,0,0,1,0,0,0,1,0,0,0,0,0,0,0,0,0,0,1,0,1,3,18,0.1,1.0
CCCCCCCC/C=C\CCCCCCCCN(CC#CCCCOCC(CCCCCCCCCC)CCCCCCCCCCCC)CCCO,2.026741692,2,50.0,10.0,38.5,1.5,10.0,6.632473339447048,1,45,15.966499999999964,0.9215686274509804,32.7,1,3,54,757.767581408,242.6017999999988,0,0,0,1,0,0,0,1,0,0,0,0,0,0,0,0,0,0,1,0,1,2,23,0.1,1.0
CCCCCCCC/C=C\CCCCCCCCN(CC#CCCCCC(=O)OCCCCCCCCCCCC)CCCO,2.599648637,3,50.0,10.0,38.5,1.5,10.0,6.45058258015123,1,35,11.736199999999986,0.8780487804878049,49.77,1,4,45,631.5903453239999,196.64179999999928,1,0,0,1,0,0,0,1,0,0,0,0,0,0,0,0,0,0,1,0,1,2,18,0.1,1.0
C=CCCCCCCCCOC(=O)CCCCC#CCN(CCCO)CCCCCCCC/C=C\CCCCCCCC,0.599806528,1,50.0,10.0,38.5,1.5,10.0,6.401918855100603,1,33,10.731999999999994,0.8205128205128205,49.77,1,4,43,601.543395132,187.3137999999994,1,0,0,1,0,0,0,1,0,0,0,0,0,0,0,0,0,0,1,0,1,3,18,0.1,1.0
C=CCCCCCCCCCOC(=O)CCCCC#CCN(CCCO)CCCCCCCC/C=C\CCCCCCCC,0.532907021,1,50.0,10.0,38.5,1.5,10.0,6.424914403750909,1,34,11.122099999999993,0.825,49.77,1,4,44,615.5590451959999,191.93079999999932,1,0,0,1,0,0,0,1,0,0,0,0,0,0,0,0,0,0,1,0,1,3,18,0.1,1.0
CCCCC/C=C\COC(=O)CCCCC#CCN(CCCO)CCCCCCCC/C=C\CCCCCCCC,1.888668072,2,50.0,10.0,38.5,1.5,10.0,6.354277862636031,1,30,9.9518,0.8108108108108109,49.77,1,4,41,573.512095004,178.0797999999995,1,0,0,1,0,0,0,1,0,0,0,0,0,0,0,0,0,0,1,0,1,3,18,0.1,1.0
CCCCCCCC/C=C\CCCCCCCCN(CC#CCCCCC(=O)OCC(CCCCCCCCCC)CCCCCCCCCCCC)CCCO,-1.083308655,0,50.0,10.0,38.5,1.5,10.0,6.686353959100973,1,46,16.273299999999963,0.9056603773584906,49.77,1,4,57,799.7781460919999,251.9757999999987,1,0,0,1,0,0,0,1,0,0,0,0,0,0,0,0,0,0,1,0,1,2,23,0.1,1.0
CCCCCCCC/C=C\CCCCCCCCN(CC#CCCCCC(=O)N(CCCCCCC)CCCCCCC)CCCO,-0.312177803,1,50.0,10.0,38.5,1.5,10.0,6.492453448567109,2,36,12.041499999999983,0.8837209302325582,43.78,1,3,47,658.637629864,207.93679999999912,0,0,0,1,0,0,0,1,0,0,0,0,0,0,0,0,0,0,1,0,1,2,18,0.1,1.0
CCCCCCCC/C=C\CCCCCCCCN(CC#CCCCCC(=O)N(CCCCCCCC)CCCCCCCC)CCCO,0.282552045,1,50.0,10.0,38.5,1.5,10.0,6.534072228007141,2,38,12.82169999999998,0.8888888888888888,43.78,1,3,49,686.668929992,217.17079999999905,0,0,0,1,0,0,0,1,0,0,0,0,0,0,0,0,0,0,1,0,1,2,18,0.1,1.0
CCCCCCCC/C=C\CCCCCCCCN(CC#CCCCCC(=O)N(CCCCCCCCCCC)CCCCCCCCCCC)CCCO,-0.596779256,0,50.0,10.0,38.5,1.5,10.0,6.649446878367716,2,44,15.162299999999966,0.9019607843137256,43.78,1,3,55,770.762830376,244.8727999999988,0,0,0,1,0,0,0,1,0,0,0,0,0,0,0,0,0,0,1,0,1,2,18,0.1,1.0
CCCCCCCC/C=C\CCCCCCCCN(CC#CCCCCC(=O)N(CCCCCCCCCCCC)CCCCCCCCCCCC)CCCO,1.857466778,2,50.0,10.0,38.5,1.5,10.0,6.685125345743577,2,46,15.942499999999963,0.9056603773584906,43.78,1,3,57,798.794130504,254.1067999999987,0,0,0,1,0,0,0,1,0,0,0,0,0,0,0,0,0,0,1,0,1,2,18,0.1,1.0
CCCCCCCC/C=C\CCCCCCCCN(CC#CCCCC(=O)N(CCCCCCCC)CCCCCCCC)CCCO,-0.312177803,1,50.0,10.0,38.5,1.5,10.0,6.51347933801289,2,37,12.431599999999982,0.8863636363636364,43.78,1,3,48,672.653279928,212.5537999999991,0,0,0,1,0,0,0,1,0,0,0,0,0,0,0,0,0,0,1,0,1,2,18,0.1,1.0
CCCCCCCCCCC#CCN(CCCO)CC(CCCCCC)CCCCCCCC,-1.083308655,0,50.0,10.0,38.5,1.5,10.0,6.17141245569331,1,26,9.5422,0.9375,23.47,1,2,34,477.490965636,153.38779999999977,0,0,0,1,0,0,0,1,0,0,0,0,0,0,0,0,0,0,1,0,1,1,15,0.1,1.0
CCCCCCCCCCCC#CCN(CCCO)CC(CCCCCC)CCCCCCCC,-0.596779256,0,50.0,10.0,38.5,1.5,10.0,6.2002839965623275,1,27,9.9323,0.9393939393939394,23.47,1,2,35,491.5066157,158.00479999999973,0,0,0,1,0,0,0,1,0,0,0,0,0,0,0,0,0,0,1,0,1,1,15,0.1,1.0
CCCCCCCCCCCCC#CCN(CCCO)CC(CCCCCC)CCCCCCCC,-0.596779256,0,50.0,10.0,38.5,1.5,10.0,6.228345309391286,1,28,10.322399999999996,0.9411764705882352,23.47,1,2,36,505.522265764,162.62179999999967,0,0,0,1,0,0,0,1,0,0,0,0,0,0,0,0,0,0,1,0,1,1,15,0.1,1.0
CCCCCCCCCCCCCC#CCN(CCCO)CC(CCCCCC)CCCCCCCC,-0.596779256,0,50.0,10.0,38.5,1.5,10.0,6.255640630777802,1,29,10.712499999999991,0.9428571428571428,23.47,1,2,37,519.537915828,167.23879999999966,0,0,0,1,0,0,0,1,0,0,0,0,0,0,0,0,0,0,1,0,1,1,16,0.1,1.0
CCCCCCCCCCCCCCC#CCN(CCCO)CC(CCCCCC)CCCCCCCC,-0.596779256,0,50.0,10.0,38.5,1.5,10.0,6.2822106705574035,1,30,11.102599999999992,0.9444444444444444,23.47,1,2,38,533.553565892,171.8557999999996,0,0,0,1,0,0,0,1,0,0,0,0,0,0,0,0,0,0,1,0,1,1,17,0.1,1.0
CCCCCCCCCCCCCCCC#CCN(CCCO)CC(CCCCCC)CCCCCCCC,-0.596779256,0,50.0,10.0,38.5,1.5,10.0,6.308092977013727,1,31,11.492699999999989,0.945945945945946,23.47,1,2,39,547.569215956,176.47279999999952,0,0,0,1,0,0,0,1,0,0,0,0,0,0,0,0,0,0,1,0,1,1,18,0.1,1.0
CCCCCCCCCCCCCCCCC#CCN(CCCO)CC(CCCCCC)CCCCCCCC,-0.596779256,0,50.0,10.0,38.5,1.5,10.0,6.333322256005533,1,32,11.882799999999987,0.9473684210526316,23.47,1,2,40,561.5848660199999,181.08979999999949,0,0,0,1,0,0,0,1,0,0,0,0,0,0,0,0,0,0,1,0,1,1,19,0.1,1.0
CCCCCCCCCCCOCCCC#CCN(CCCO)CC(CCCCCC)CCCCCCCC,-0.596779256,0,50.0,10.0,38.5,1.5,10.0,6.311678546227173,1,31,10.338999999999997,0.9444444444444444,32.7,1,3,39,549.548480512,173.44079999999957,0,0,0,1,0,0,0,1,0,0,0,0,0,0,0,0,0,0,1,0,1,1,15,0.1,1.0
C=CCCCCCCCCOCCCC#CCN(CCCO)CC(CCCCCC)CCCCCCCC,-0.596779256,0,50.0,10.0,38.5,1.5,10.0,6.282128419572215,1,30,9.7249,0.8857142857142857,32.7,1,3,38,533.517180384,168.7297999999996,0,0,0,1,0,0,0,1,0,0,0,0,0,0,0,0,0,0,1,0,1,2,15,0.1,1.0
CCCCCC/C=C\COCCCC#CCN(CCCO)CC(CCCCCC)CCCCCCCC,-0.596779256,0,50.0,10.0,38.5,1.5,10.0,6.255556164995033,1,28,9.334800000000005,0.8823529411764706,32.7,1,3,37,519.50153032,164.11279999999965,0,0,0,1,0,0,0,1,0,0,0,0,0,0,0,0,0,0,1,0,1,2,15,0.1,1.0
CCCCCCCCCCCCC(CCCCCCCCCC)COCCCC#CCN(CCCO)CC(CCCCCC)CCCCCCCC,-0.596779256,0,50.0,10.0,38.5,1.5,10.0,6.5975821686948235,1,43,15.266199999999964,0.9591836734693876,32.7,1,3,52,731.751931344,233.39179999999888,0,0,0,1,0,0,0,1,0,0,0,0,0,0,0,0,0,0,1,0,1,1,23,0.1,1.0
CCCCCCCCCCCCOC(=O)CCCCC#CCN(CCCO)CC(CCCCCC)CCCCCCCC,-1.083308655,0,50.0,10.0,38.5,1.5,10.0,6.408583155314849,1,33,11.035899999999993,0.9230769230769232,49.77,1,4,43,605.57469526,187.4317999999994,1,0,0,1,0,0,0,1,0,0,0,0,0,0,0,0,0,0,1,0,1,1,15,0.1,1.0
C=CCCCCCCCCOC(=O)CCCCC#CCN(CCCO)CC(CCCCCC)CCCCCCCC,-1.083308655,0,50.0,10.0,38.5,1.5,10.0,6.357778139668656,1,31,10.0317,0.8648648648648649,49.77,1,4,41,575.5277450680001,178.1037999999995,1,0,0,1,0,0,0,1,0,0,0,0,0,0,0,0,0,0,1,0,1,2,15,0.1,1.0
C=CCCCCCCCCCOC(=O)CCCCC#CCN(CCCO)CC(CCCCCC)CCCCCCCC,-1.083308655,0,50.0,10.0,38.5,1.5,10.0,6.381799096789172,1,32,10.421799999999998,0.868421052631579,49.77,1,4,42,589.543395132,182.72079999999943,1,0,0,1,0,0,0,1,0,0,0,0,0,0,0,0,0,0,1,0,1,2,15,0.1,1.0
CCCCC/C=C\COC(=O)CCCCC#CCN(CCCO)CC(CCCCCC)CCCCCCCC,0.282552045,1,50.0,10.0,38.5,1.5,10.0,6.307932671850646,1,28,9.251500000000004,0.8571428571428571,49.77,1,4,39,547.4964449400001,168.8697999999996,1,0,0,1,0,0,0,1,0,0,0,0,0,0,0,0,0,0,1,0,1,2,15,0.1,1.0
CCCCCCCCCCCCC(CCCCCCCCCC)COC(=O)CCCCC#CCN(CCCO)CC(CCCCCC)CCCCCCCC,-0.596779256,0,50.0,10.0,38.5,1.5,10.0,6.653323568450225,1,44,15.57299999999996,0.9411764705882352,49.77,1,4,55,773.762496028,242.7657999999988,1,0,0,1,0,0,0,1,0,0,0,0,0,0,0,0,0,0,1,0,1,1,23,0.1,1.0
CCCCCCCCC(CCCCCC)CN(CC#CCCCCC(=O)N(CCCCCCC)CCCCCCC)CCCO,-0.596779256,0,50.0,10.0,38.5,1.5,10.0,6.452211401809761,2,34,11.34119999999999,0.926829268292683,43.78,1,3,45,632.6219798,198.7267999999993,0,0,0,1,0,0,0,1,0,0,0,0,0,0,0,0,0,0,1,0,1,1,15,0.1,1.0
CCCCCCCCC(CCCCCC)CN(CC#CCCCCC(=O)N(CCCCCCCC)CCCCCCCC)CCCO,-1.083308655,0,50.0,10.0,38.5,1.5,10.0,6.4955026879398385,2,36,12.121399999999984,0.9302325581395348,43.78,1,3,47,660.653279928,207.96079999999913,0,0,0,1,0,0,0,1,0,0,0,0,0,0,0,0,0,0,1,0,1,1,15,0.1,1.0
CCCCCCCCCCCN(CCCCCCCCCCC)C(=O)CCCCC#CCN(CCCO)CC(CCCCCC)CCCCCCCC,-1.083308655,0,50.0,10.0,38.5,1.5,10.0,6.615153122743993,2,42,14.46199999999997,0.9387755102040816,43.78,1,3,53,744.747180312,235.66279999999887,0,0,0,1,0,0,0,1,0,0,0,0,0,0,0,0,0,0,1,0,1,1,15,0.1,1.0
CCCCCCCCCCCCN(CCCCCCCCCCCC)C(=O)CCCCC#CCN(CCCO)CC(CCCCCC)CCCCCCCC,-0.312177803,1,50.0,10.0,38.5,1.5,10.0,6.652053669652065,2,44,15.242199999999965,0.9411764705882352,43.78,1,3,55,772.77848044,244.8967999999988,0,0,0,1,0,0,0,1,0,0,0,0,0,0,0,0,0,0,1,0,1,1,15,0.1,1.0
CCCCCCCCC(CCCCCC)CN(CC#CCCCC(=O)N(CCCCCCCC)CCCCCCCC)CCCO,-0.596779256,0,50.0,10.0,38.5,1.5,10.0,6.4740912935152695,2,35,11.731299999999989,0.9285714285714286,43.78,1,3,46,646.637629864,203.3437999999992,0,0,0,1,0,0,0,1,0,0,0,0,0,0,0,0,0,0,1,0,1,1,15,0.1,1.0
CCCCCCCCCCC#CCN(CCCCCCCCCCCC)CC(O)CO,0.376279539,1,50.0,10.0,38.5,1.5,10.0,6.083936612363537,1,23,7.096700000000009,0.9285714285714286,43.7,2,3,31,437.4232799999999,136.37960000000007,0,0,0,1,0,0,0,1,0,0,0,0,0,0,0,0,0,0,1,0,1,1,13,0.1,1.0
CCCCCCCCCCCC#CCN(CCCCCCCCCCCC)CC(O)CO,-0.312177803,1,50.0,10.0,38.5,1.5,10.0,6.11540635630216,1,24,7.48680000000001,0.9310344827586208,43.7,2,3,32,451.4389300639999,140.9966,0,0,0,1,0,0,0,1,0,0,0,0,0,0,0,0,0,0,1,0,1,1,14,0.1,1.0
CCCCCCCCCCCCC#CCN(CCCCCCCCCCCC)CC(O)CO,0.282552045,1,50.0,10.0,38.5,1.5,10.0,6.145915896015477,1,25,7.876900000000008,0.9333333333333332,43.7,2,3,33,465.4545801279999,145.61359999999993,0,0,0,1,0,0,0,1,0,0,0,0,0,0,0,0,0,0,1,0,1,1,15,0.1,1.0
CCCCCCCCCCCCCC#CCN(CCCCCCCCCCCC)CC(O)CO,-0.596779256,0,50.0,10.0,38.5,1.5,10.0,6.175522096194987,1,26,8.267000000000007,0.935483870967742,43.7,2,3,34,479.4702301919999,150.2305999999999,0,0,0,1,0,0,0,1,0,0,0,0,0,0,0,0,0,0,1,0,1,1,16,0.1,1.0
CCCCCCCCCCCCCCC#CCN(CCCCCCCCCCCC)CC(O)CO,0.599806528,1,50.0,10.0,38.5,1.5,10.0,6.204276915053912,1,27,8.657100000000003,0.9375,43.7,2,3,35,493.4858802559999,154.84759999999983,0,0,0,1,0,0,0,1,0,0,0,0,0,0,0,0,0,0,1,0,1,1,17,0.1,1.0
CCCCCCCCCCCCCCCC#CCN(CCCCCCCCCCCC)CC(O)CO,0.282552045,1,50.0,10.0,38.5,1.5,10.0,6.232227953045596,1,28,9.047200000000002,0.9393939393939394,43.7,2,3,36,507.5015303199999,159.46459999999976,0,0,0,1,0,0,0,1,0,0,0,0,0,0,0,0,0,0,1,0,1,1,18,0.1,1.0
CCCCCCCCCCCCCCCCC#CCN(CCCCCCCCCCCC)CC(O)CO,-0.596779256,0,50.0,10.0,38.5,1.5,10.0,6.25941892695591,1,29,9.4373,0.9411764705882352,43.7,2,3,37,521.517180384,164.08159999999972,0,0,0,1,0,0,0,1,0,0,0,0,0,0,0,0,0,0,1,0,1,1,19,0.1,1.0
CCCCCCCCCCCCN(CC#CCCCOCCCCCCCCCCC)CC(O)CO,0.862808938,1,50.0,10.0,38.5,1.5,10.0,6.2360955800636155,1,28,7.893500000000008,0.9375,52.93000000000001,2,4,36,509.48079487599995,156.4325999999998,0,0,0,1,0,0,0,1,0,0,0,0,0,0,0,0,0,0,1,0,1,1,12,0.1,1.0
C=CCCCCCCCCOCCCC#CCN(CCCCCCCCCCCC)CC(O)CO,-0.312177803,1,50.0,10.0,38.5,1.5,10.0,6.204187997244222,1,27,7.27940000000001,0.8709677419354839,52.93000000000001,2,4,35,493.4494947479999,151.72159999999988,0,0,0,1,0,0,0,1,0,0,0,0,0,0,0,0,0,0,1,0,1,2,12,0.1,1.0
CCCCCC/C=C\COCCCC#CCN(CCCCCCCCCCCC)CC(O)CO,-0.596779256,0,50.0,10.0,38.5,1.5,10.0,6.175430584335818,1,25,6.889300000000009,0.8666666666666667,52.93000000000001,2,4,34,479.4338446839999,147.10459999999992,0,0,0,1,0,0,0,1,0,0,0,0,0,0,0,0,0,0,1,0,1,2,12,0.1,1.0
CCCCCCCCCCCCC(CCCCCCCCCC)COCCCC#CCN(CCCCCCCCCCCC)CC(O)CO,2.294428749,2,50.0,10.0,38.5,1.5,10.0,6.541334426151787,1,40,12.82069999999998,0.9555555555555556,52.93000000000001,2,4,49,691.684245708,216.3835999999991,0,0,0,1,0,0,0,1,0,0,0,0,0,0,0,0,0,0,1,0,1,1,23,0.1,1.0
CCCCCCCCCCCCOC(=O)CCCCC#CCN(CCCCCCCCCCCC)CC(O)CO,-1.083308655,0,50.0,10.0,38.5,1.5,10.0,6.340225255943045,1,30,8.590400000000002,0.9142857142857144,70.0,2,5,40,565.507009624,170.42359999999962,1,0,0,1,0,0,0,1,0,0,0,0,0,0,0,0,0,0,1,0,1,1,12,0.1,1.0
C=CCCCCCCCCOC(=O)CCCCC#CCN(CCCCCCCCCCCC)CC(O)CO,-0.596779256,0,50.0,10.0,38.5,1.5,10.0,6.285726176723209,1,28,7.586200000000011,0.8484848484848485,70.0,2,5,38,535.460059432,161.0955999999997,1,0,0,1,0,0,0,1,0,0,0,0,0,0,0,0,0,0,1,0,1,2,12,0.1,1.0
C=CCCCCCCCCCOC(=O)CCCCC#CCN(CCCCCCCCCCCC)CC(O)CO,-0.596779256,0,50.0,10.0,38.5,1.5,10.0,6.311518814865941,1,29,7.976300000000007,0.8529411764705882,70.0,2,5,39,549.4757094959999,165.71259999999967,1,0,0,1,0,0,0,1,0,0,0,0,0,0,0,0,0,0,1,0,1,2,12,0.1,1.0
CCCCC/C=C\COC(=O)CCCCC#CCN(CCCCCCCCCCCC)CC(O)CO,-0.312177803,1,50.0,10.0,38.5,1.5,10.0,6.2320550120259135,1,25,6.80600000000001,0.8387096774193549,70.0,2,5,36,507.428759304,151.86159999999987,1,0,0,1,0,0,0,1,0,0,0,0,0,0,0,0,0,0,1,0,1,2,12,0.1,1.0
CCCCCCCCCCCCC(CCCCCCCCCC)COC(=O)CCCCC#CCN(CCCCCCCCCCCC)CC(O)CO,-0.596779256,0,50.0,10.0,38.5,1.5,10.0,6.600207857267194,1,41,13.127499999999976,0.9361702127659576,70.0,2,5,52,733.6948103920001,225.75759999999897,1,0,0,1,0,0,0,1,0,0,0,0,0,0,0,0,0,0,1,0,1,1,23,0.1,1.0
CCCCCCCCCCCCN(CC#CCCCCC(=O)N(CCCCCCC)CCCCCCC)CC(O)CO,-0.596779256,0,50.0,10.0,38.5,1.5,10.0,6.38686921830153,2,31,8.895700000000001,0.918918918918919,64.01,2,4,42,592.554294164,181.7185999999995,0,0,0,1,0,0,0,1,0,0,0,0,0,0,0,0,0,0,1,0,1,1,12,0.1,1.0
CCCCCCCCCCCCN(CC#CCCCCC(=O)N(CCCCCCCC)CCCCCCCC)CC(O)CO,-0.596779256,0,50.0,10.0,38.5,1.5,10.0,6.433017260179703,2,33,9.6759,0.9230769230769232,64.01,2,4,44,620.585594292,190.9525999999994,0,0,0,1,0,0,0,1,0,0,0,0,0,0,0,0,0,0,1,0,1,1,12,0.1,1.0
CCCCCCCCCCCCN(CC#CCCCCC(=O)N(CCCCCCCCCCC)CCCCCCCCCCC)CC(O)CO,-0.596779256,0,50.0,10.0,38.5,1.5,10.0,6.559912643688564,2,39,12.016499999999985,0.9333333333333332,64.01,2,4,50,704.6794946760001,218.65459999999905,0,0,0,1,0,0,0,1,0,0,0,0,0,0,0,0,0,0,1,0,1,1,12,0.1,1.0
CCCCCCCCCCCCN(CC#CCCCCC(=O)N(CCCCCCCCCCCC)CCCCCCCCCCCC)CC(O)CO,-0.312177803,1,50.0,10.0,38.5,1.5,10.0,6.598868636972202,2,41,12.79669999999998,0.9361702127659576,64.01,2,4,52,732.7107948040001,227.88859999999897,0,0,0,1,0,0,0,1,0,0,0,0,0,0,0,0,0,0,1,0,1,1,12,0.1,1.0
CCCCCCCCCCCCN(CC#CCCCC(=O)N(CCCCCCCC)CCCCCCCC)CC(O)CO,-0.596779256,0,50.0,10.0,38.5,1.5,10.0,6.410209420843378,2,32,9.2858,0.9210526315789472,64.01,2,4,43,606.569944228,186.33559999999943,0,0,0,1,0,0,0,1,0,0,0,0,0,0,0,0,0,0,1,0,1,1,12,0.1,1.0
CCCCCCCCCCC#CCN(CCCCCCCCCCCCCC)CC(O)CO,-0.596779256,0,50.0,10.0,38.5,1.5,10.0,6.145915896015477,1,25,7.876900000000008,0.9333333333333332,43.7,2,3,33,465.4545801279999,145.61359999999993,0,0,0,1,0,0,0,1,0,0,0,0,0,0,0,0,0,0,1,0,1,1,14,0.1,1.0
CCCCCCCCCCCC#CCN(CCCCCCCCCCCCCC)CC(O)CO,-0.312177803,1,50.0,10.0,38.5,1.5,10.0,6.175522096194987,1,26,8.267000000000007,0.935483870967742,43.7,2,3,34,479.4702301919999,150.2305999999999,0,0,0,1,0,0,0,1,0,0,0,0,0,0,0,0,0,0,1,0,1,1,14,0.1,1.0
CCCCCCCCCCCCC#CCN(CCCCCCCCCCCCCC)CC(O)CO,0.532907021,1,50.0,10.0,38.5,1.5,10.0,6.204276915053912,1,27,8.657100000000003,0.9375,43.7,2,3,35,493.4858802559999,154.84759999999983,0,0,0,1,0,0,0,1,0,0,0,0,0,0,0,0,0,0,1,0,1,1,15,0.1,1.0
CCCCCCCCCCCCCC#CCN(CCCCCCCCCCCCCC)CC(O)CO,-1.083308655,0,50.0,10.0,38.5,1.5,10.0,6.232227953045596,1,28,9.047200000000002,0.9393939393939394,43.7,2,3,36,507.5015303199999,159.46459999999976,0,0,0,1,0,0,0,1,0,0,0,0,0,0,0,0,0,0,1,0,1,1,16,0.1,1.0
CCCCCCCCCCCCCCC#CCN(CCCCCCCCCCCCCC)CC(O)CO,1.588639326,2,50.0,10.0,38.5,1.5,10.0,6.25941892695591,1,29,9.4373,0.9411764705882352,43.7,2,3,37,521.517180384,164.08159999999972,0,0,0,1,0,0,0,1,0,0,0,0,0,0,0,0,0,0,1,0,1,1,17,0.1,1.0
CCCCCCCCCCCCCCCC#CCN(CCCCCCCCCCCCCC)CC(O)CO,0.376279539,1,50.0,10.0,38.5,1.5,10.0,6.285890081226851,1,30,9.827399999999995,0.9428571428571428,43.7,2,3,38,535.5328304479999,168.69859999999966,0,0,0,1,0,0,0,1,0,0,0,0,0,0,0,0,0,0,1,0,1,1,18,0.1,1.0
CCCCCCCCCCCCCCCCC#CCN(CCCCCCCCCCCCCC)CC(O)CO,-0.596779256,0,50.0,10.0,38.5,1.5,10.0,6.311678546227174,1,31,10.217499999999994,0.9444444444444444,43.7,2,3,39,549.548480512,173.3155999999996,0,0,0,1,0,0,0,1,0,0,0,0,0,0,0,0,0,0,1,0,1,1,19,0.1,1.0
CCCCCCCCCCCCCCN(CC#CCCCOCCCCCCCCCCC)CC(O)CO,0.282552045,1,50.0,10.0,38.5,1.5,10.0,6.289556003447805,1,30,8.673700000000004,0.9411764705882352,52.93000000000001,2,4,38,537.512095004,165.6665999999997,0,0,0,1,0,0,0,1,0,0,0,0,0,0,0,0,0,0,1,0,1,1,14,0.1,1.0
C=CCCCCCCCCOCCCC#CCN(CCCCCCCCCCCCCC)CC(O)CO,0.376279539,1,50.0,10.0,38.5,1.5,10.0,6.259334779721149,1,29,8.059600000000007,0.8787878787878788,52.93000000000001,2,4,37,521.4807948759999,160.95559999999975,0,0,0,1,0,0,0,1,0,0,0,0,0,0,0,0,0,0,1,0,1,2,14,0.1,1.0
CCCCCC/C=C\COCCCC#CCN(CCCCCCCCCCCCCC)CC(O)CO,-0.596779256,0,50.0,10.0,38.5,1.5,10.0,6.23214148627433,1,27,7.669500000000011,0.875,52.93000000000001,2,4,36,507.4651448119999,156.3385999999998,0,0,0,1,0,0,0,1,0,0,0,0,0,0,0,0,0,0,1,0,1,2,14,0.1,1.0
CCCCCCCCCCCCCCN(CC#CCCCOCC(CCCCCCCCCC)CCCCCCCCCCCC)CC(O)CO,2.37519747,2,50.0,10.0,38.5,1.5,10.0,6.581006614833086,1,42,13.600899999999974,0.9574468085106383,52.93000000000001,2,4,51,719.715545836,225.61759999999896,0,0,0,1,0,0,0,1,0,0,0,0,0,0,0,0,0,0,1,0,1,1,23,0.1,1.0
CCCCCCCCCCCCCCN(CC#CCCCCC(=O)OCCCCCCCCCCCC)CC(O)CO,0.532907021,1,50.0,10.0,38.5,1.5,10.0,6.38852443007213,1,32,9.3706,0.918918918918919,70.0,2,5,42,593.5383097519999,179.65759999999952,1,0,0,1,0,0,0,1,0,0,0,0,0,0,0,0,0,0,1,0,1,1,14,0.1,1.0
C=CCCCCCCCCOC(=O)CCCCC#CCN(CCCCCCCCCCCCCC)CC(O)CO,-0.596779256,0,50.0,10.0,38.5,1.5,10.0,6.3366628860294885,1,30,8.366400000000006,0.8571428571428571,70.0,2,5,40,563.49135956,170.32959999999963,1,0,0,1,0,0,0,1,0,0,0,0,0,0,0,0,0,0,1,0,1,2,14,0.1,1.0
C=CCCCCCCCCCOC(=O)CCCCC#CCN(CCCCCCCCCCCCCC)CC(O)CO,-0.596779256,0,50.0,10.0,38.5,1.5,10.0,6.361190208749499,1,31,8.756500000000003,0.8611111111111112,70.0,2,5,41,577.507009624,174.94659999999956,1,0,0,1,0,0,0,1,0,0,0,0,0,0,0,0,0,0,1,0,1,2,14,0.1,1.0
CCCCC/C=C\COC(=O)CCCCC#CCN(CCCCCCCCCCCCCC)CC(O)CO,-0.596779256,0,50.0,10.0,38.5,1.5,10.0,6.285726176723209,1,27,7.586200000000011,0.8484848484848485,70.0,2,5,38,535.460059432,161.0955999999997,1,0,0,1,0,0,0,1,0,0,0,0,0,0,0,0,0,0,1,0,1,2,14,0.1,1.0
CCCCCCCCCCCCCCN(CC#CCCCCC(=O)OCC(CCCCCCCCCC)CCCCCCCCCCCC)CC(O)CO,-1.083308655,0,50.0,10.0,38.5,1.5,10.0,6.637653759002747,1,43,13.907699999999972,0.9387755102040816,70.0,2,5,54,761.72611052,234.9915999999989,1,0,0,1,0,0,0,1,0,0,0,0,0,0,0,0,0,0,1,0,1,1,23,0.1,1.0
CCCCCCCCCCCCCCN(CC#CCCCCC(=O)N(CCCCCCC)CCCCCCC)CC(O)CO,-0.596779256,0,50.0,10.0,38.5,1.5,10.0,6.433017260179703,2,33,9.6759,0.9230769230769232,64.01,2,4,44,620.585594292,190.9525999999994,0,0,0,1,0,0,0,1,0,0,0,0,0,0,0,0,0,0,1,0,1,1,14,0.1,1.0
CCCCCCCCCCCCCCN(CC#CCCCCC(=O)N(CCCCCCCC)CCCCCCCC)CC(O)CO,-0.596779256,0,50.0,10.0,38.5,1.5,10.0,6.477129273655469,2,35,10.456099999999994,0.926829268292683,64.01,2,4,46,648.61689442,200.1865999999993,0,0,0,1,0,0,0,1,0,0,0,0,0,0,0,0,0,0,1,0,1,1,14,0.1,1.0
CCCCCCCCCCCCCCN(CC#CCCCCC(=O)N(CCCCCCCCCCC)CCCCCCCCCCC)CC(O)CO,2.134942144,2,50.0,10.0,38.5,1.5,10.0,6.598868636972202,2,41,12.79669999999998,0.9361702127659576,64.01,2,4,52,732.710794804,227.88859999999897,0,0,0,1,0,0,0,1,0,0,0,0,0,0,0,0,0,0,1,0,1,1,14,0.1,1.0
CCCCCCCCCCCCCCN(CC#CCCCCC(=O)N(CCCCCCCCCCCC)CCCCCCCCCCCC)CC(O)CO,1.469962359,2,50.0,10.0,38.5,1.5,10.0,6.636363791466336,2,43,13.576899999999975,0.9387755102040816,64.01,2,4,54,760.742094932,237.1225999999989,0,0,0,1,0,0,0,1,0,0,0,0,0,0,0,0,0,0,1,0,1,1,14,0.1,1.0
CCCCCCCCCCCCCCN(CC#CCCCC(=O)N(CCCCCCCC)CCCCCCCC)CC(O)CO,-0.312177803,1,50.0,10.0,38.5,1.5,10.0,6.455316480915874,2,34,10.065999999999995,0.925,64.01,2,4,45,634.601244356,195.56959999999933,0,0,0,1,0,0,0,1,0,0,0,0,0,0,0,0,0,0,1,0,1,1,14,0.1,1.0
CCCCCCCCCCC#CCN(CCCCCCCCCCCCCCCC)CC(O)CO,-0.596779256,0,50.0,10.0,38.5,1.5,10.0,6.204276915053912,1,27,8.657100000000003,0.9375,43.7,2,3,35,493.4858802559999,154.84759999999983,0,0,0,1,0,0,0,1,0,0,0,0,0,0,0,0,0,0,1,0,1,1,16,0.1,1.0
CCCCCCCCCCCC#CCN(CCCCCCCCCCCCCCCC)CC(O)CO,-0.312177803,1,50.0,10.0,38.5,1.5,10.0,6.232227953045596,1,28,9.047200000000002,0.9393939393939394,43.7,2,3,36,507.5015303199999,159.46459999999976,0,0,0,1,0,0,0,1,0,0,0,0,0,0,0,0,0,0,1,0,1,1,16,0.1,1.0
CCCCCCCCCCCCC#CCN(CCCCCCCCCCCCCCCC)CC(O)CO,1.523297897,2,50.0,10.0,38.5,1.5,10.0,6.25941892695591,1,29,9.4373,0.9411764705882352,43.7,2,3,37,521.517180384,164.08159999999972,0,0,0,1,0,0,0,1,0,0,0,0,0,0,0,0,0,0,1,0,1,1,16,0.1,1.0
CCCCCCCCCCCCCC#CCN(CCCCCCCCCCCCCCCC)CC(O)CO,-0.596779256,0,50.0,10.0,38.5,1.5,10.0,6.285890081226851,1,30,9.827399999999995,0.9428571428571428,43.7,2,3,38,535.5328304479999,168.69859999999966,0,0,0,1,0,0,0,1,0,0,0,0,0,0,0,0,0,0,1,0,1,1,16,0.1,1.0
CCCCCCCCCCCCCCC#CCN(CCCCCCCCCCCCCCCC)CC(O)CO,0.532907021,1,50.0,10.0,38.5,1.5,10.0,6.311678546227174,1,31,10.217499999999994,0.9444444444444444,43.7,2,3,39,549.548480512,173.3155999999996,0,0,0,1,0,0,0,1,0,0,0,0,0,0,0,0,0,0,1,0,1,1,17,0.1,1.0
CCCCCCCCCCCCCCCC#CCN(CCCCCCCCCCCCCCCC)CC(O)CO,-0.596779256,0,50.0,10.0,38.5,1.5,10.0,6.3368186514753635,1,32,10.607599999999993,0.945945945945946,43.7,2,3,40,563.5641305759999,177.93259999999955,0,0,0,1,0,0,0,1,0,0,0,0,0,0,0,0,0,0,1,0,1,1,18,0.1,1.0
CCCCCCCCCCCCCCCCC#CCN(CCCCCCCCCCCCCCCC)CC(O)CO,1.304037873,1,50.0,10.0,38.5,1.5,10.0,6.361342200445518,1,33,10.99769999999999,0.9473684210526316,43.7,2,3,41,577.57978064,182.5495999999995,0,0,0,1,0,0,0,1,0,0,0,0,0,0,0,0,0,0,1,0,1,1,19,0.1,1.0
CCCCCCCCCCCCCCCCN(CC#CCCCOCCCCCCCCCCC)CC(O)CO,1.147410391,1,50.0,10.0,38.5,1.5,10.0,6.3403028647453334,1,32,9.4539,0.9444444444444444,52.93000000000001,2,4,40,565.5433951319999,174.9005999999996,0,0,0,1,0,0,0,1,0,0,0,0,0,0,0,0,0,0,1,0,1,1,16,0.1,1.0
C=CCCCCCCCCOCCCC#CCN(CCCCCCCCCCCCCCCC)CC(O)CO,0.862808938,1,50.0,10.0,38.5,1.5,10.0,6.311598683735822,1,31,8.839800000000002,0.8857142857142857,52.93000000000001,2,4,39,549.512095004,170.18959999999964,0,0,0,1,0,0,0,1,0,0,0,0,0,0,0,0,0,0,1,0,1,2,16,0.1,1.0
CCCCCC/C=C\COCCCC#CCN(CCCCCCCCCCCCCCCC)CC(O)CO,-0.312177803,1,50.0,10.0,38.5,1.5,10.0,6.285808132333116,1,29,8.449700000000005,0.8823529411764706,52.93000000000001,2,4,38,535.49644494,165.57259999999968,0,0,0,1,0,0,0,1,0,0,0,0,0,0,0,0,0,0,1,0,1,2,16,0.1,1.0
CCCCCCCCCCCCCCCCN(CC#CCCCOCC(CCCCCCCCCC)CCCCCCCCCCCC)CC(O)CO,0.532907021,1,50.0,10.0,38.5,1.5,10.0,6.619164794048648,1,44,14.38109999999997,0.9591836734693876,52.93000000000001,2,4,53,747.7468459639999,234.85159999999885,0,0,0,1,0,0,0,1,0,0,0,0,0,0,0,0,0,0,1,0,1,1,23,0.1,1.0
CCCCCCCCCCCCCCCCN(CC#CCCCCC(=O)OCCCCCCCCCCCC)CC(O)CO,-0.312177803,1,50.0,10.0,38.5,1.5,10.0,6.434597881834321,1,34,10.150799999999997,0.9230769230769232,70.0,2,5,44,621.56960988,188.8915999999994,1,0,0,1,0,0,0,1,0,0,0,0,0,0,0,0,0,0,1,0,1,1,16,0.1,1.0
C=CCCCCCCCCOC(=O)CCCCC#CCN(CCCCCCCCCCCCCCCC)CC(O)CO,-1.083308655,0,50.0,10.0,38.5,1.5,10.0,6.3851303160001045,1,32,9.1466,0.8648648648648649,70.0,2,5,42,591.522659688,179.5635999999995,1,0,0,1,0,0,0,1,0,0,0,0,0,0,0,0,0,0,1,0,1,2,16,0.1,1.0
C=CCCCCCCCCCOC(=O)CCCCC#CCN(CCCCCCCCCCCCCCCC)CC(O)CO,-0.596779256,0,50.0,10.0,38.5,1.5,10.0,6.408510668984257,1,33,9.536699999999998,0.868421052631579,70.0,2,5,43,605.538309752,184.18059999999943,1,0,0,1,0,0,0,1,0,0,0,0,0,0,0,0,0,0,1,0,1,2,16,0.1,1.0
CCCCC/C=C\COC(=O)CCCCC#CCN(CCCCCCCCCCCCCCCC)CC(O)CO,-1.083308655,0,50.0,10.0,38.5,1.5,10.0,6.3366628860294885,1,29,8.366400000000006,0.8571428571428571,70.0,2,5,40,563.49135956,170.32959999999963,1,0,0,1,0,0,0,1,0,0,0,0,0,0,0,0,0,0,1,0,1,2,16,0.1,1.0
CCCCCCCCCCCCCCCCN(CC#CCCCCC(=O)OCC(CCCCCCCCCC)CCCCCCCCCCCC)CC(O)CO,-0.596779256,0,50.0,10.0,38.5,1.5,10.0,6.673747929730709,1,45,14.687899999999969,0.9411764705882352,70.0,2,5,56,789.757410648,244.2255999999988,1,0,0,1,0,0,0,1,0,0,0,0,0,0,0,0,0,0,1,0,1,1,23,0.1,1.0
CCCCCCCCCCCCCCCCN(CC#CCCCCC(=O)N(CCCCCCC)CCCCCCC)CC(O)CO,-0.596779256,0,50.0,10.0,38.5,1.5,10.0,6.477129273655468,2,35,10.456099999999994,0.926829268292683,64.01,2,4,46,648.61689442,200.1865999999993,0,0,0,1,0,0,0,1,0,0,0,0,0,0,0,0,0,0,1,0,1,1,16,0.1,1.0
CCCCCCCCCCCCCCCCN(CC#CCCCCC(=O)N(CCCCCCCC)CCCCCCCC)CC(O)CO,-1.083308655,0,50.0,10.0,38.5,1.5,10.0,6.519377349969672,2,37,11.23629999999999,0.9302325581395348,64.01,2,4,48,676.648194548,209.42059999999915,0,0,0,1,0,0,0,1,0,0,0,0,0,0,0,0,0,0,1,0,1,1,16,0.1,1.0
CCCCCCCCCCCCCCCCN(CC#CCCCCC(=O)N(CCCCCCCCCCC)CCCCCCCCCCC)CC(O)CO,-0.596779256,0,50.0,10.0,38.5,1.5,10.0,6.636363791466336,2,43,13.576899999999975,0.9387755102040816,64.01,2,4,54,760.742094932,237.1225999999989,0,0,0,1,0,0,0,1,0,0,0,0,0,0,0,0,0,0,1,0,1,1,16,0.1,1.0
CCCCCCCCCCCCCCCCN(CC#CCCCCC(=O)N(CCCCCCCCCCCC)CCCCCCCCCCCC)CC(O)CO,-0.596779256,0,50.0,10.0,38.5,1.5,10.0,6.67250372070496,2,45,14.357099999999969,0.9411764705882352,64.01,2,4,56,788.77339506,246.3565999999988,0,0,0,1,0,0,0,1,0,0,0,0,0,0,0,0,0,0,1,0,1,1,16,0.1,1.0
CCCCCCCCCCCCCCCCN(CC#CCCCC(=O)N(CCCCCCCC)CCCCCCCC)CC(O)CO,-0.596779256,0,50.0,10.0,38.5,1.5,10.0,6.498476407715514,2,36,10.84619999999999,0.9285714285714286,64.01,2,4,47,662.632544484,204.8035999999992,0,0,0,1,0,0,0,1,0,0,0,0,0,0,0,0,0,0,1,0,1,1,16,0.1,1.0
CCCCCCCCCCC#CCN(CCCCCCCCCCCCCCCCCC)CC(O)CO,0.817508475,1,50.0,10.0,38.5,1.5,10.0,6.25941892695591,1,29,9.4373,0.9411764705882352,43.7,2,3,37,521.517180384,164.08159999999972,0,0,0,1,0,0,0,1,0,0,0,0,0,0,0,0,0,0,1,0,1,1,18,0.1,1.0
CCCCCCCCCCCC#CCN(CCCCCCCCCCCCCCCCCC)CC(O)CO,1.802169411,2,50.0,10.0,38.5,1.5,10.0,6.285890081226851,1,30,9.827399999999995,0.9428571428571428,43.7,2,3,38,535.5328304479999,168.69859999999966,0,0,0,1,0,0,0,1,0,0,0,0,0,0,0,0,0,0,1,0,1,1,18,0.1,1.0
CCCCCCCCCCCCC#CCN(CCCCCCCCCCCCCCCCCC)CC(O)CO,1.304037873,1,50.0,10.0,38.5,1.5,10.0,6.311678546227174,1,31,10.217499999999994,0.9444444444444444,43.7,2,3,39,549.548480512,173.3155999999996,0,0,0,1,0,0,0,1,0,0,0,0,0,0,0,0,0,0,1,0,1,1,18,0.1,1.0
CCCCCCCCCCCCCC#CCN(CCCCCCCCCCCCCCCCCC)CC(O)CO,-1.083308655,0,50.0,10.0,38.5,1.5,10.0,6.3368186514753635,1,32,10.607599999999993,0.945945945945946,43.7,2,3,40,563.5641305759999,177.93259999999955,0,0,0,1,0,0,0,1,0,0,0,0,0,0,0,0,0,0,1,0,1,1,18,0.1,1.0
CCCCCCCCCCCCCCC#CCN(CCCCCCCCCCCCCCCCCC)CC(O)CO,-0.596779256,0,50.0,10.0,38.5,1.5,10.0,6.3613422004455185,1,33,10.99769999999999,0.9473684210526316,43.7,2,3,41,577.57978064,182.5495999999995,0,0,0,1,0,0,0,1,0,0,0,0,0,0,0,0,0,0,1,0,1,1,18,0.1,1.0
CCCCCCCCCCCCCCCC#CCN(CCCCCCCCCCCCCCCCCC)CC(O)CO,-1.083308655,0,50.0,10.0,38.5,1.5,10.0,6.3852787124752854,1,34,11.387799999999988,0.9487179487179488,43.7,2,3,42,591.5954307039999,187.16659999999945,0,0,0,1,0,0,0,1,0,0,0,0,0,0,0,0,0,0,1,0,1,1,18,0.1,1.0
CCCCCCCCCCCCCCCCC#CCN(CCCCCCCCCCCCCCCCCC)CC(O)CO,-0.596779256,0,50.0,10.0,38.5,1.5,10.0,6.408655636391555,1,35,11.777899999999985,0.95,43.7,2,3,43,605.611080768,191.78359999999935,0,0,0,1,0,0,0,1,0,0,0,0,0,0,0,0,0,0,1,0,1,1,19,0.1,1.0
CCCCCCCCCCCCCCCCCCN(CC#CCCCOCCCCCCCCCCC)CC(O)CO,-0.596779256,0,50.0,10.0,38.5,1.5,10.0,6.388598379651996,1,34,10.234099999999994,0.9473684210526316,52.93000000000001,2,4,42,593.57469526,184.13459999999947,0,0,0,1,0,0,0,1,0,0,0,0,0,0,0,0,0,0,1,0,1,1,18,0.1,1.0
C=CCCCCCCCCOCCCC#CCN(CCCCCCCCCCCCCCCCCC)CC(O)CO,-0.312177803,1,50.0,10.0,38.5,1.5,10.0,6.361266207485193,1,33,9.62,0.8918918918918919,52.93000000000001,2,4,41,577.543395132,179.4235999999995,0,0,0,1,0,0,0,1,0,0,0,0,0,0,0,0,0,0,1,0,1,2,18,0.1,1.0
CCCCCC/C=C\COCCCC#CCN(CCCCCCCCCCCCCCCCCC)CC(O)CO,0.376279539,1,50.0,10.0,38.5,1.5,10.0,6.336740771785285,1,31,9.2299,0.8888888888888888,52.93000000000001,2,4,40,563.527745068,174.80659999999958,0,0,0,1,0,0,0,1,0,0,0,0,0,0,0,0,0,0,1,0,1,2,18,0.1,1.0
CCCCCCCCCCCCCCCCCCN(CC#CCCCOCC(CCCCCCCCCC)CCCCCCCCCCCC)CC(O)CO,-0.596779256,0,50.0,10.0,38.5,1.5,10.0,6.655920286659849,1,46,15.161299999999963,0.9607843137254902,52.93000000000001,2,4,55,775.7781460919999,244.08559999999883,0,0,0,1,0,0,0,1,0,0,0,0,0,0,0,0,0,0,1,0,1,1,23,0.1,1.0
CCCCCCCCCCCCCCCCCCN(CC#CCCCCC(=O)OCCCCCCCCCCCC)CC(O)CO,1.451243555,1,50.0,10.0,38.5,1.5,10.0,6.478641737938229,1,36,10.93099999999999,0.926829268292683,70.0,2,5,46,649.600910008,198.12559999999928,1,0,0,1,0,0,0,1,0,0,0,0,0,0,0,0,0,0,1,0,1,1,18,0.1,1.0
C=CCCCCCCCCOC(=O)CCCCC#CCN(CCCCCCCCCCCCCCCCCC)CC(O)CO,0.945482446,1,50.0,10.0,38.5,1.5,10.0,6.4313568464969,1,34,9.926799999999997,0.8717948717948718,70.0,2,5,44,619.5539598160001,188.7975999999994,1,0,0,1,0,0,0,1,0,0,0,0,0,0,0,0,0,0,1,0,1,2,18,0.1,1.0
C=CCCCCCCCCCOC(=O)CCCCC#CCN(CCCCCCCCCCCCCCCCCC)CC(O)CO,-1.083308655,0,50.0,10.0,38.5,1.5,10.0,6.453692713135464,1,35,10.316899999999992,0.875,70.0,2,5,45,633.5696098800001,193.41459999999933,1,0,0,1,0,0,0,1,0,0,0,0,0,0,0,0,0,0,1,0,1,2,18,0.1,1.0
CCCCC/C=C\COC(=O)CCCCC#CCN(CCCCCCCCCCCCCCCCCC)CC(O)CO,-1.083308655,0,50.0,10.0,38.5,1.5,10.0,6.3851303160001045,1,31,9.1466,0.8648648648648649,70.0,2,5,42,591.522659688,179.5635999999995,1,0,0,1,0,0,0,1,0,0,0,0,0,0,0,0,0,0,1,0,1,2,18,0.1,1.0
CCCCCCCCCCCCCCCCCCN(CC#CCCCCC(=O)OCC(CCCCCCCCCC)CCCCCCCCCCCC)CC(O)CO,-0.596779256,0,50.0,10.0,38.5,1.5,10.0,6.708584569090046,1,47,15.468099999999962,0.9433962264150944,70.0,2,5,58,817.788710776,253.45959999999872,1,0,0,1,0,0,0,1,0,0,0,0,0,0,0,0,0,0,1,0,1,1,23,0.1,1.0
CCCCCCCCCCCCCCCCCCN(CC#CCCCCC(=O)N(CCCCCCC)CCCCCCC)CC(O)CO,0.282552045,1,50.0,10.0,38.5,1.5,10.0,6.519377349969672,2,37,11.23629999999999,0.9302325581395348,64.01,2,4,48,676.648194548,209.42059999999915,0,0,0,1,0,0,0,1,0,0,0,0,0,0,0,0,0,0,1,0,1,1,18,0.1,1.0
CCCCCCCCCCCCCCCCCCN(CC#CCCCCC(=O)N(CCCCCCCC)CCCCCCCC)CC(O)CO,-0.596779256,0,50.0,10.0,38.5,1.5,10.0,6.559912643688564,2,39,12.016499999999985,0.9333333333333332,64.01,2,4,50,704.679494676,218.65459999999905,0,0,0,1,0,0,0,1,0,0,0,0,0,0,0,0,0,0,1,0,1,1,18,0.1,1.0
CCCCCCCCCCCCCCCCCCN(CC#CCCCCC(=O)N(CCCCCCCCCCC)CCCCCCCCCCC)CC(O)CO,-1.083308655,0,50.0,10.0,38.5,1.5,10.0,6.67250372070496,2,45,14.35709999999997,0.9411764705882352,64.01,2,4,56,788.77339506,246.3565999999988,0,0,0,1,0,0,0,1,0,0,0,0,0,0,0,0,0,0,1,0,1,1,18,0.1,1.0
CCCCCCCCCCCCCCCCCCN(CC#CCCCCC(=O)N(CCCCCCCCCCCC)CCCCCCCCCCCC)CC(O)CO,-0.596779256,0,50.0,10.0,38.5,1.5,10.0,6.7073829834387455,2,47,15.137299999999966,0.9433962264150944,64.01,2,4,58,816.804695188,255.59059999999872,0,0,0,1,0,0,0,1,0,0,0,0,0,0,0,0,0,0,1,0,1,1,18,0.1,1.0
CCCCCCCCCCCCCCCCCCN(CC#CCCCC(=O)N(CCCCCCCC)CCCCCCCC)CC(O)CO,-0.596779256,0,50.0,10.0,38.5,1.5,10.0,6.539850371523754,2,38,11.626399999999986,0.9318181818181818,64.01,2,4,49,690.663844612,214.0375999999991,0,0,0,1,0,0,0,1,0,0,0,0,0,0,0,0,0,0,1,0,1,1,18,0.1,1.0
CCCCCCCCCCC#CCN(CCCCCCCCCCCCCCCCCCCCCC)CC(O)CO,1.412238323,1,50.0,10.0,38.5,1.5,10.0,6.3613422004455185,1,33,10.99769999999999,0.9473684210526316,43.7,2,3,41,577.57978064,182.5495999999995,0,0,0,1,0,0,0,1,0,0,0,0,0,0,0,0,0,0,1,0,1,1,22,0.1,1.0
CCCCCCCCCCCC#CCN(CCCCCCCCCCCCCCCCCCCCCC)CC(O)CO,1.304037873,1,50.0,10.0,38.5,1.5,10.0,6.3852787124752854,1,34,11.387799999999988,0.9487179487179488,43.7,2,3,42,591.5954307039999,187.16659999999945,0,0,0,1,0,0,0,1,0,0,0,0,0,0,0,0,0,0,1,0,1,1,22,0.1,1.0
CCCCCCCCCCCCC#CCN(CCCCCCCCCCCCCCCCCCCCCC)CC(O)CO,-0.596779256,0,50.0,10.0,38.5,1.5,10.0,6.408655636391555,1,35,11.777899999999985,0.95,43.7,2,3,43,605.611080768,191.78359999999935,0,0,0,1,0,0,0,1,0,0,0,0,0,0,0,0,0,0,1,0,1,1,22,0.1,1.0
CCCCCCCCCCCCCC#CCN(CCCCCCCCCCCCCCCCCCCCCC)CC(O)CO,-0.596779256,0,50.0,10.0,38.5,1.5,10.0,6.431498539731286,1,36,12.16799999999998,0.951219512195122,43.7,2,3,44,619.6267308319999,196.40059999999932,0,0,0,1,0,0,0,1,0,0,0,0,0,0,0,0,0,0,1,0,1,1,22,0.1,1.0
CCCCCCCCCCCCCCC#CCN(CCCCCCCCCCCCCCCCCCCCCC)CC(O)CO,-0.596779256,0,50.0,10.0,38.5,1.5,10.0,6.453831276828534,1,37,12.55809999999998,0.9523809523809524,43.7,2,3,45,633.6423808960001,201.01759999999925,0,0,0,1,0,0,0,1,0,0,0,0,0,0,0,0,0,0,1,0,1,1,22,0.1,1.0
CCCCCCCCCCCCCCCC#CCN(CCCCCCCCCCCCCCCCCCCCCC)CC(O)CO,-0.596779256,0,50.0,10.0,38.5,1.5,10.0,6.4756761385383825,1,38,12.948199999999977,0.9534883720930232,43.7,2,3,46,647.65803096,205.6345999999992,0,0,0,1,0,0,0,1,0,0,0,0,0,0,0,0,0,0,1,0,1,1,22,0.1,1.0
CCCCCCCCCCCCCCCCC#CCN(CCCCCCCCCCCCCCCCCCCCCC)CC(O)CO,-1.083308655,0,50.0,10.0,38.5,1.5,10.0,6.497053985953723,1,39,13.338299999999975,0.9545454545454546,43.7,2,3,47,661.6736810240001,210.25159999999912,0,0,0,1,0,0,0,1,0,0,0,0,0,0,0,0,0,0,1,0,1,1,22,0.1,1.0
CCCCCCCCCCCCCCCCCCCCCCN(CC#CCCCOCCCCCCCCCCC)CC(O)CO,-0.596779256,0,50.0,10.0,38.5,1.5,10.0,6.478709315052958,1,38,11.794499999999983,0.9523809523809524,52.93000000000001,2,4,46,649.6372955160001,202.60259999999923,0,0,0,1,0,0,0,1,0,0,0,0,0,0,0,0,0,0,1,0,1,1,22,0.1,1.0
C=CCCCCCCCCOCCCC#CCN(CCCCCCCCCCCCCCCCCCCCCC)CC(O)CO,1.432011844,1,50.0,10.0,38.5,1.5,10.0,6.453761997381987,1,37,11.180399999999988,0.902439024390244,52.93000000000001,2,4,45,633.6059953880001,197.8915999999993,0,0,0,1,0,0,0,1,0,0,0,0,0,0,0,0,0,0,1,0,1,2,22,0.1,1.0
CCCCCC/C=C\COCCCC#CCN(CCCCCCCCCCCCCCCCCCCCCC)CC(O)CO,3.597211104,3,50.0,10.0,38.5,1.5,10.0,6.431427695623714,1,35,10.790299999999991,0.9,52.93000000000001,2,4,44,619.590345324,193.27459999999937,0,0,0,1,0,0,0,1,0,0,0,0,0,0,0,0,0,0,1,0,1,2,22,0.1,1.0
CCCCCCCCCCCCCCCCCCCCCCN(CC#CCCCOCC(CCCCCCCCCC)CCCCCCCCCCCC)CC(O)CO,-0.596779256,0,50.0,10.0,38.5,1.5,10.0,6.725610906490116,1,50,16.72169999999997,0.9636363636363636,52.93000000000001,2,4,59,831.840746348,262.5535999999987,0,0,0,1,0,0,0,1,0,0,0,0,0,0,0,0,0,0,1,0,1,1,23,0.1,1.0
CCCCCCCCCCCCCCCCCCCCCCN(CC#CCCCCC(=O)OCCCCCCCCCCCC)CC(O)CO,1.147410391,1,50.0,10.0,38.5,1.5,10.0,6.561305027124547,1,40,12.49139999999998,0.9333333333333332,70.0,2,5,50,705.6635102640001,216.59359999999904,1,0,0,1,0,0,0,1,0,0,0,0,0,0,0,0,0,0,1,0,1,1,22,0.1,1.0
C=CCCCCCCCCOC(=O)CCCCC#CCN(CCCCCCCCCCCCCCCCCCCCCC)CC(O)CO,-0.596779256,0,50.0,10.0,38.5,1.5,10.0,6.517854417144778,1,38,11.487199999999987,0.8837209302325582,70.0,2,5,48,675.6165600720001,207.26559999999915,1,0,0,1,0,0,0,1,0,0,0,0,0,0,0,0,0,0,1,0,1,2,22,0.1,1.0
C=CCCCCCCCCCOC(=O)CCCCC#CCN(CCCCCCCCCCCCCCCCCCCCCC)CC(O)CO,-0.596779256,0,50.0,10.0,38.5,1.5,10.0,6.5383583237732426,1,39,11.877299999999984,0.8863636363636364,70.0,2,5,49,689.6322101360001,211.88259999999912,1,0,0,1,0,0,0,1,0,0,0,0,0,0,0,0,0,0,1,0,1,2,22,0.1,1.0
CCCCC/C=C\COC(=O)CCCCC#CCN(CCCCCCCCCCCCCCCCCCCCCC)CC(O)CO,-0.312177803,1,50.0,10.0,38.5,1.5,10.0,6.47554056913126,1,35,10.706999999999992,0.8780487804878049,70.0,2,5,46,647.5852599440001,198.0315999999993,1,0,0,1,0,0,0,1,0,0,0,0,0,0,0,0,0,0,1,0,1,2,22,0.1,1.0
CCCCCCCCCCCCCCCCCCCCCCN(CC#CCCCCC(=O)OCC(CCCCCCCCCC)CCCCCCCCCCCC)CC(O)CO,-0.596779256,0,50.0,10.0,38.5,1.5,10.0,6.774815711194741,1,51,17.028499999999973,0.9473684210526316,70.0,2,5,62,873.8513110320001,271.9275999999989,1,0,0,1,0,0,0,1,0,0,0,0,0,0,0,0,0,0,1,0,1,1,23,0.1,1.0
CCCCCCCCCCCCCCCCCCCCCCN(CC#CCCCCC(=O)N(CCCCCCC)CCCCCCC)CC(O)CO,-0.312177803,1,50.0,10.0,38.5,1.5,10.0,6.598868636972202,2,41,12.79669999999998,0.9361702127659576,64.01,2,4,52,732.7107948040001,227.88859999999897,0,0,0,1,0,0,0,1,0,0,0,0,0,0,0,0,0,0,1,0,1,1,22,0.1,1.0
CCCCCCCCCCCCCCCCCCCCCCN(CC#CCCCCC(=O)N(CCCCCCCC)CCCCCCCC)CC(O)CO,-0.596779256,0,50.0,10.0,38.5,1.5,10.0,6.636363791466336,2,43,13.576899999999975,0.9387755102040816,64.01,2,4,54,760.7420949320001,237.1225999999989,0,0,0,1,0,0,0,1,0,0,0,0,0,0,0,0,0,0,1,0,1,1,22,0.1,1.0
CCCCCCCCCCCCCCCCCCCCCCN(CC#CCCCCC(=O)N(CCCCCCCCCCC)CCCCCCCCCCC)CC(O)CO,0.282552045,1,50.0,10.0,38.5,1.5,10.0,6.741086574595905,2,49,15.917499999999963,0.9454545454545454,64.01,2,4,60,844.8359953160001,264.8245999999988,0,0,0,1,0,0,0,1,0,0,0,0,0,0,0,0,0,0,1,0,1,1,22,0.1,1.0
CCCCCCCCCCCCCCCCCCCCCCN(CC#CCCCCC(=O)N(CCCCCCCCCCCC)CCCCCCCCCCCC)CC(O)CO,-1.083308655,0,50.0,10.0,38.5,1.5,10.0,6.773691173062507,2,51,16.69769999999997,0.9473684210526316,64.01,2,4,62,872.8672954440001,274.05859999999893,0,0,0,1,0,0,0,1,0,0,0,0,0,0,0,0,0,0,1,0,1,1,22,0.1,1.0
CCCCCCCCCCCCCCCCCCCCCCN(CC#CCCCC(=O)N(CCCCCCCC)CCCCCCCC)CC(O)CO,-1.083308655,0,50.0,10.0,38.5,1.5,10.0,6.617791939752191,2,42,13.186799999999977,0.9375,64.01,2,4,53,746.7264448680002,232.50559999999896,0,0,0,1,0,0,0,1,0,0,0,0,0,0,0,0,0,0,1,0,1,1,22,0.1,1.0
CCCCCCCCCCC#CCN(C)CCCCCCCCCCCC,-0.312177803,1,50.0,10.0,38.5,1.5,10.0,5.936746975516885,1,20,8.373300000000008,0.9230769230769232,3.24,0,1,27,377.402150632,124.34400000000012,0,0,0,1,0,0,0,1,0,0,0,0,0,0,0,0,0,0,1,0,1,1,13,0.1,1.0
CCCCCCCCCCCC#CCN(C)CCCCCCCCCCCC,-0.312177803,1,50.0,10.0,38.5,1.5,10.0,5.973117260289923,1,21,8.763400000000004,0.925925925925926,3.24,0,1,28,391.417800696,128.9610000000001,0,0,0,1,0,0,0,1,0,0,0,0,0,0,0,0,0,0,1,0,1,1,14,0.1,1.0
CCCCCCCCCCCCC#CCN(C)CCCCCCCCCCCC,0.376279539,1,50.0,10.0,38.5,1.5,10.0,6.0082110385865946,1,22,9.153500000000005,0.9285714285714286,3.24,0,1,29,405.43345076,133.57800000000003,0,0,0,1,0,0,0,1,0,0,0,0,0,0,0,0,0,0,1,0,1,1,15,0.1,1.0
CCCCCCCCCCCCCC#CCN(C)CCCCCCCCCCCC,0.862808938,1,50.0,10.0,38.5,1.5,10.0,6.042114884843197,1,23,9.5436,0.9310344827586208,3.24,0,1,30,419.449100824,138.195,0,0,0,1,0,0,0,1,0,0,0,0,0,0,0,0,0,0,1,0,1,1,16,0.1,1.0
CCCCCCCCCCCCCCC#CCN(C)CCCCCCCCCCCC,1.053682897,1,50.0,10.0,38.5,1.5,10.0,6.074906854204864,1,24,9.933699999999998,0.9333333333333332,3.24,0,1,31,433.464750888,142.81199999999993,0,0,0,1,0,0,0,1,0,0,0,0,0,0,0,0,0,0,1,0,1,1,17,0.1,1.0
CCCCCCCCCCCCCCCC#CCN(C)CCCCCCCCCCCC,-0.596779256,0,50.0,10.0,38.5,1.5,10.0,6.106657564895268,1,25,10.323799999999997,0.935483870967742,3.24,0,1,32,447.480400952,147.42899999999986,0,0,0,1,0,0,0,1,0,0,0,0,0,0,0,0,0,0,1,0,1,1,18,0.1,1.0
CCCCCCCCCCCCCCCCC#CCN(C)CCCCCCCCCCCC,1.888668072,2,50.0,10.0,38.5,1.5,10.0,6.137431113971985,1,26,10.713899999999992,0.9375,3.24,0,1,33,461.496051016,152.04599999999982,0,0,0,1,0,0,0,1,0,0,0,0,0,0,0,0,0,0,1,0,1,1,19,0.1,1.0
CCCCCCCCCCCCN(C)CC#CCCCOCCCCCCCCCCC,-0.596779256,0,50.0,10.0,38.5,1.5,10.0,6.111041528237086,1,25,9.170100000000003,0.9333333333333332,12.47,0,2,32,449.459665508,144.3969999999999,0,0,0,1,0,0,0,1,0,0,0,0,0,0,0,0,0,0,1,0,1,1,12,0.1,1.0
C=CCCCCCCCCOCCCC#CCN(C)CCCCCCCCCCCC,-0.596779256,0,50.0,10.0,38.5,1.5,10.0,6.0748056552268865,1,24,8.556000000000006,0.8620689655172413,12.47,0,2,31,433.42836538,139.68599999999995,0,0,0,1,0,0,0,1,0,0,0,0,0,0,0,0,0,0,1,0,1,2,12,0.1,1.0
CCCCCC/C=C\COCCCC#CCN(C)CCCCCCCCCCCC,-0.596779256,0,50.0,10.0,38.5,1.5,10.0,6.0420103121650905,1,22,8.16590000000001,0.8571428571428571,12.47,0,2,30,419.412715316,135.06900000000002,0,0,0,1,0,0,0,1,0,0,0,0,0,0,0,0,0,0,1,0,1,2,12,0.1,1.0
CCCCCCCCCCCCC(CCCCCCCCCC)COCCCC#CCN(C)CCCCCCCCCCCC,0.282552045,1,50.0,10.0,38.5,1.5,10.0,6.4507215754366705,1,37,14.097299999999972,0.9534883720930232,12.47,0,2,45,631.66311634,204.34799999999916,0,0,0,1,0,0,0,1,0,0,0,0,0,0,0,0,0,0,1,0,1,1,23,0.1,1.0
CCCCCCCCCCCCOC(=O)CCCCC#CCN(C)CCCCCCCCCCCC,-0.312177803,1,50.0,10.0,38.5,1.5,10.0,6.228258506233175,1,27,9.867,0.9090909090909092,29.54,0,3,36,505.485880256,158.38799999999972,1,0,0,1,0,0,0,1,0,0,0,0,0,0,0,0,0,0,1,0,1,1,12,0.1,1.0
C=CCCCCCCCCOC(=O)CCCCC#CCN(C)CCCCCCCCCCCC,-0.312177803,1,50.0,10.0,38.5,1.5,10.0,6.167101310373216,1,25,8.862800000000004,0.8387096774193549,29.54,0,3,34,475.438930064,149.05999999999983,1,0,0,1,0,0,0,1,0,0,0,0,0,0,0,0,0,0,1,0,1,2,12,0.1,1.0
C=CCCCCCCCCCOC(=O)CCCCC#CCN(C)CCCCCCCCCCCC,-0.596779256,0,50.0,10.0,38.5,1.5,10.0,6.196095798295741,1,26,9.252900000000002,0.84375,29.54,0,3,35,489.454580128,153.67699999999977,1,0,0,1,0,0,0,1,0,0,0,0,0,0,0,0,0,0,1,0,1,2,12,0.1,1.0
CCCCC/C=C\COC(=O)CCCCC#CCN(C)CCCCCCCCCCCC,-0.596779256,0,50.0,10.0,38.5,1.5,10.0,6.1064614829680455,1,22,8.08260000000001,0.8275862068965517,29.54,0,3,32,447.407629936,139.82599999999994,1,0,0,1,0,0,0,1,0,0,0,0,0,0,0,0,0,0,1,0,1,2,12,0.1,1.0
CCCCCCCCCCCCC(CCCCCCCCCC)COC(=O)CCCCC#CCN(C)CCCCCCCCCCCC,1.370937379,1,50.0,10.0,38.5,1.5,10.0,6.515003019093583,1,38,14.40409999999997,0.9333333333333332,29.54,0,3,48,673.6736810240001,213.72199999999904,1,0,0,1,0,0,0,1,0,0,0,0,0,0,0,0,0,0,1,0,1,1,23,0.1,1.0
CCCCCCCCCCCCN(C)CC#CCCCCC(=O)N(CCCCCCC)CCCCCCC,-1.083308655,0,50.0,10.0,38.5,1.5,10.0,6.2802872188290335,2,28,10.172299999999998,0.9142857142857144,23.550000000000004,0,2,38,532.5331647959999,169.6829999999996,0,0,0,1,0,0,0,1,0,0,0,0,0,0,0,0,0,0,1,0,1,1,12,0.1,1.0
CCCCCCCCCCCCN(C)CC#CCCCCC(=O)N(CCCCCCCC)CCCCCCCC,-0.596779256,0,50.0,10.0,38.5,1.5,10.0,6.331494732430641,2,30,10.952499999999992,0.918918918918919,23.550000000000004,0,2,40,560.5644649239999,178.91699999999946,0,0,0,1,0,0,0,1,0,0,0,0,0,0,0,0,0,0,1,0,1,1,12,0.1,1.0
CCCCCCCCCCCCN(C)CC#CCCCCC(=O)N(CCCCCCCCCCC)CCCCCCCCCCC,-0.312177803,1,50.0,10.0,38.5,1.5,10.0,6.4710440559206335,2,36,13.293099999999978,0.9302325581395348,23.550000000000004,0,2,46,644.6583653079999,206.61899999999912,0,0,0,1,0,0,0,1,0,0,0,0,0,0,0,0,0,0,1,0,1,1,12,0.1,1.0
CCCCCCCCCCCCN(C)CC#CCCCCC(=O)N(CCCCCCCCCCCC)CCCCCCCCCCCC,0.945482446,1,50.0,10.0,38.5,1.5,10.0,6.5135446015143,2,38,14.073299999999971,0.9333333333333332,23.550000000000004,0,2,48,672.6896654359999,215.852999999999,0,0,0,1,0,0,0,1,0,0,0,0,0,0,0,0,0,0,1,0,1,1,12,0.1,1.0
CCCCCCCCCCCCN(C)CC#CCCCC(=O)N(CCCCCCCC)CCCCCCCC,-0.596779256,0,50.0,10.0,38.5,1.5,10.0,6.306218716004845,2,29,10.562399999999997,0.9166666666666666,23.550000000000004,0,2,39,546.54881486,174.29999999999953,0,0,0,1,0,0,0,1,0,0,0,0,0,0,0,0,0,0,1,0,1,1,12,0.1,1.0
CCCCCCCCCCC#CCN(C)CCCCCCCCCCCCCCCCCC,0.717064053,1,50.0,10.0,38.5,1.5,10.0,6.137431113971985,1,26,10.713899999999992,0.9375,3.24,0,1,33,461.496051016,152.04599999999982,0,0,0,1,0,0,0,1,0,0,0,0,0,0,0,0,0,0,1,0,1,1,18,0.1,1.0
CCCCCCCCCCCC#CCN(C)CCCCCCCCCCCCCCCCCC,0.769081444,1,50.0,10.0,38.5,1.5,10.0,6.16728585632778,1,27,11.10399999999999,0.9393939393939394,3.24,0,1,34,475.51170108,156.66299999999976,0,0,0,1,0,0,0,1,0,0,0,0,0,0,0,0,0,0,1,0,1,1,18,0.1,1.0
CCCCCCCCCCCCC#CCN(C)CCCCCCCCCCCCCCCCCC,0.376279539,1,50.0,10.0,38.5,1.5,10.0,6.196275070735325,1,28,11.494099999999989,0.9411764705882352,3.24,0,1,35,489.527351144,161.2799999999997,0,0,0,1,0,0,0,1,0,0,0,0,0,0,0,0,0,0,1,0,1,1,18,0.1,1.0
CCCCCCCCCCCCCC#CCN(C)CCCCCCCCCCCCCCCCCC,1.255610841,1,50.0,10.0,38.5,1.5,10.0,6.224447532037381,1,29,11.884199999999986,0.9428571428571428,3.24,0,1,36,503.543001208,165.89699999999965,0,0,0,1,0,0,0,1,0,0,0,0,0,0,0,0,0,0,1,0,1,1,18,0.1,1.0
CCCCCCCCCCCCCCC#CCN(C)CCCCCCCCCCCCCCCCCC,-0.596779256,0,50.0,10.0,38.5,1.5,10.0,6.251848004918795,1,30,12.274299999999982,0.9444444444444444,3.24,0,1,37,517.558651272,170.51399999999958,0,0,0,1,0,0,0,1,0,0,0,0,0,0,0,0,0,0,1,0,1,1,18,0.1,1.0
CCCCCCCCCCCCCCCC#CCN(C)CCCCCCCCCCCCCCCCCC,-0.596779256,0,50.0,10.0,38.5,1.5,10.0,6.2785176718135896,1,31,12.66439999999998,0.945945945945946,3.24,0,1,38,531.574301336,175.13099999999952,0,0,0,1,0,0,0,1,0,0,0,0,0,0,0,0,0,0,1,0,1,1,18,0.1,1.0
CCCCCCCCCCCCCCCCC#CCN(C)CCCCCCCCCCCCCCCCCC,-0.596779256,0,50.0,10.0,38.5,1.5,10.0,6.304494505216716,1,32,13.054499999999978,0.9473684210526316,3.24,0,1,39,545.5899514,179.74799999999948,0,0,0,1,0,0,0,1,0,0,0,0,0,0,0,0,0,0,1,0,1,1,19,0.1,1.0
C=CCCCCCCCCOCCCC#CCN(C)CCCCCCCCCCCCCCCCCC,1.304037873,1,50.0,10.0,38.5,1.5,10.0,6.25176321816706,1,30,10.896599999999992,0.8857142857142857,12.47,0,2,37,517.522265764,167.3879999999996,0,0,0,1,0,0,0,1,0,0,0,0,0,0,0,0,0,0,1,0,1,2,18,0.1,1.0
CCCCCC/C=C\COCCCC#CCN(C)CCCCCCCCCCCCCCCCCC,0.282552045,1,50.0,10.0,38.5,1.5,10.0,6.224360389864871,1,28,10.506499999999996,0.8823529411764706,12.47,0,2,36,503.5066157,162.77099999999967,0,0,0,1,0,0,0,1,0,0,0,0,0,0,0,0,0,0,1,0,1,2,18,0.1,1.0
CCCCCCCCCCCCCCCCCCN(C)CC#CCCCOCC(CCCCCCCCCC)CCCCCCCCCCCC,-0.312177803,1,50.0,10.0,38.5,1.5,10.0,6.575523439157208,1,43,16.437899999999964,0.9591836734693876,12.47,0,2,51,715.7570167239999,232.0499999999988,0,0,0,1,0,0,0,1,0,0,0,0,0,0,0,0,0,0,1,0,1,1,23,0.1,1.0
CCCCCCCCCCCCCCCCCCN(C)CC#CCCCCC(=O)OCCCCCCCCCCCC,0.282552045,1,50.0,10.0,38.5,1.5,10.0,6.381873545362163,1,33,12.207599999999983,0.9230769230769232,29.540000000000003,0,3,42,589.57978064,186.08999999999935,1,0,0,1,0,0,0,1,0,0,0,0,0,0,0,0,0,0,1,0,1,1,18,0.1,1.0
C=CCCCCCCCCOC(=O)CCCCC#CCN(C)CCCCCCCCCCCCCCCCCC,-1.083308655,0,50.0,10.0,38.5,1.5,10.0,6.329656732340648,1,31,11.20339999999999,0.8648648648648649,29.54,0,3,40,559.532830448,176.7619999999995,1,0,0,1,0,0,0,1,0,0,0,0,0,0,0,0,0,0,1,0,1,2,18,0.1,1.0
C=CCCCCCCCCCOC(=O)CCCCC#CCN(C)CCCCCCCCCCCCCCCCCC,1.451243555,1,50.0,10.0,38.5,1.5,10.0,6.3543543885009415,1,32,11.593499999999988,0.868421052631579,29.54,0,3,41,573.5484805120001,181.37899999999945,1,0,0,1,0,0,0,1,0,0,0,0,0,0,0,0,0,0,1,0,1,2,18,0.1,1.0
CCCCC/C=C\COC(=O)CCCCC#CCN(C)CCCCCCCCCCCCCCCCCC,-0.596779256,0,50.0,10.0,38.5,1.5,10.0,6.278352554373436,1,28,10.423199999999996,0.8571428571428571,29.54,0,3,38,531.50153032,167.5279999999996,1,0,0,1,0,0,0,1,0,0,0,0,0,0,0,0,0,0,1,0,1,2,18,0.1,1.0
CCCCCCCCCCCCCCCCCCN(C)CC#CCCCCC(=O)OCC(CCCCCCCCCC)CCCCCCCCCCCC,1.965667228,2,50.0,10.0,38.5,1.5,10.0,6.632473339447047,1,44,16.744699999999966,0.9411764705882352,29.540000000000003,0,3,54,757.767581408,241.42399999999876,1,0,0,1,0,0,0,1,0,0,0,0,0,0,0,0,0,0,1,0,1,1,23,0.1,1.0
CCCCCCCCCCCCCCCCCCN(C)CC#CCCCCC(=O)N(CCCCCCC)CCCCCCC,1.662593299,2,50.0,10.0,38.5,1.5,10.0,6.426656728089038,2,34,12.512899999999982,0.926829268292683,23.550000000000004,0,2,44,616.6270651799999,197.38499999999925,0,0,0,1,0,0,0,1,0,0,0,0,0,0,0,0,0,0,1,0,1,1,18,0.1,1.0
CCCCCCCCCCCCCCCCCCN(C)CC#CCCCCC(=O)N(CCCCCCCC)CCCCCCCC,0.945482446,1,50.0,10.0,38.5,1.5,10.0,6.4710440559206335,2,36,13.293099999999978,0.9302325581395348,23.550000000000004,0,2,46,644.6583653079999,206.61899999999912,0,0,0,1,0,0,0,1,0,0,0,0,0,0,0,0,0,0,1,0,1,1,18,0.1,1.0
CCCCCCCCCCCCCCCCCCN(C)CC#CCCCCC(=O)N(CCCCCCCCCCC)CCCCCCCCCCC,-0.596779256,0,50.0,10.0,38.5,1.5,10.0,6.593482794256825,2,42,15.633699999999962,0.9387755102040816,23.550000000000004,0,2,52,728.7522656919999,234.32099999999883,0,0,0,1,0,0,0,1,0,0,0,0,0,0,0,0,0,0,1,0,1,1,18,0.1,1.0
CCCCCCCCCCCCCCCCCCN(C)CC#CCCCCC(=O)N(CCCCCCCCCCCC)CCCCCCCCCCCC,-0.312177803,1,50.0,10.0,38.5,1.5,10.0,6.631176667652724,2,44,16.413899999999963,0.9411764705882352,23.550000000000004,0,2,54,756.7835658199999,243.55499999999876,0,0,0,1,0,0,0,1,0,0,0,0,0,0,0,0,0,0,1,0,1,1,18,0.1,1.0
CCCCCCCCCCCCCCCCCCN(C)CC#CCCCC(=O)N(CCCCCCCC)CCCCCCCC,-0.596779256,0,50.0,10.0,38.5,1.5,10.0,6.449096651148654,2,35,12.90299999999998,0.9285714285714286,23.550000000000004,0,2,45,630.642715244,202.0019999999992,0,0,0,1,0,0,0,1,0,0,0,0,0,0,0,0,0,0,1,0,1,1,18,0.1,1.0
