cv_2_pred_Experiment_value,Experiment_value,smiles,Experiment_ID,experiment_id,rel
-4.953921,5.468071128,CCCCCCCCCCCCCCCOC(=O)CCN(CCCN(CCO)CCO)CCC(=O)OCCCCCCCCCCCCCCC,AA_2008,AA_2008,3
-4.458769,5.468071128,CCCCCCCCCCCCNC(=O)CCN(C)CCCN(CCC(=O)NCCCCCCCCCCCC)CCC(=O)NCCCCCCCCCCCC,AA_2008,AA_2008,3
-4.4009466,5.468071128,CCCCCCCCCCCCNC(=O)CCN(CCC(=O)NCCCCCCCCCCCC)CCN(CCC(=O)NCCCCCCCCCCCC)CCN(CCC(=O)NCCCCCCCCCCCC)CCN(CCC(=O)NCCCCCCCCCCCC)CCC(=O)NCCCCCCCCCCCC,AA_2008,AA_2008,3
-4.468258,5.468071128,CCCCCCCCCCCCCCCNC(=O)CCN(CC)CCCN(CC)CCC(=O)NCCCCCCCCCCCCCCC,AA_2008,AA_2008,3
-3.9883902,5.468071128,CCCCCCCCCCCCCCCCNC(=O)CCN(CC)CCCN(CC)CCC(=O)NCCCCCCCCCCCCCCCC,AA_2008,AA_2008,3
-7.4342704,4.009331809,CCCCCCCCCCCCCCOC(=O)CCN(CCC(=O)OCCCCCCCCCCCCCC)C(C)(CO)CO,AA_2008,AA_2008,2
-5.500893,4.009331809,CCCCCCCCCCCCNC(=O)CCN(CCCCCO)CCC(=O)NCCCCCCCCCCCC,AA_2008,AA_2008,2
-4.684745,4.009331809,CCCCCCCCCCCCNC(=O)CCN(C)CCN(CCC(=O)NCCCCCCCCCCCC)CCC(=O)NCCCCCCCCCCCC,AA_2008,AA_2008,2
-5.262907,4.009331809,CCCCCCCCCCCCNC(=O)CCN(CCC(=O)NCCCCCCCCCCCC)CCN(CCC(=O)NCCCCCCCCCCCC)CCC(=O)NCCCCCCCCCCCC,AA_2008,AA_2008,2
-3.929939,4.009331809,CCCCCCCCCCCCNC(=O)CCN(CCCN(CCC(=O)NCCCCCCCCCCCC)CCC(=O)NCCCCCCCCCCCC)CCC(=O)NCCCCCCCCCCCC,AA_2008,AA_2008,2
-5.931494,4.009331809,CCCCCCCCCCCCCCNC(=O)CCN(CCOCC)CCC(=O)NCCCCCCCCCCCCCC,AA_2008,AA_2008,2
-4.1640797,4.009331809,CCCCCCCCCCCCCCNC(=O)CCN(CCCN(CCO)CCO)CCC(=O)NCCCCCCCCCCCCCC,AA_2008,AA_2008,2
-5.7804365,4.009331809,CCCCCCCCCCCCCCNC(=O)CCN(CCO)CCN(CCC(=O)NCCCCCCCCCCCCCC)CCC(=O)NCCCCCCCCCCCCCC,AA_2008,AA_2008,2
-5.181549,4.009331809,CCCCCCCCCCCCCCCCNC(=O)CCN(CCN(CCC(=O)NCCCCCCCCCCCCCCCC)C(C)C)C(C)C,AA_2008,AA_2008,2
-5.1326566,4.009331809,CCCCCCCCCCCCCCCCNC(=O)CCN(C)CCCN(C)CCC(=O)NCCCCCCCCCCCCCCCC,AA_2008,AA_2008,2
-4.6721597,2.550592491,CCCCCCCCCCCCOC(=O)CCN(CCCN(CC)CC)CCC(=O)OCCCCCCCCCCCC,AA_2008,AA_2008,1
-7.2068477,2.550592491,CCCCCCCCCCCCOC(=O)CCN(CCC(=O)OCCCCCCCCCCCC)CCN1CCOCC1,AA_2008,AA_2008,1
-5.1117997,2.550592491,CCCCCCCCCCCCOC(=O)CCN(C)CCN(CCC(=O)OCCCCCCCCCCCC)CCC(=O)OCCCCCCCCCCCC,AA_2008,AA_2008,1
-7.1140404,2.550592491,CCCCCCCCCCCCOC(=O)CCN(CCC(=O)OCCCCCCCCCCCC)CC(O)CO,AA_2008,AA_2008,1
-5.766105,2.550592491,CCCCCCCCCCCCCOC(=O)CCN(CCO)CCN(CCO)CCC(=O)OCCCCCCCCCCCCC,AA_2008,AA_2008,1
-6.8560343,2.550592491,CCCCCCCCCCCCCCCOC(=O)CCN(CCC(=O)OCCCCCCCCCCCCCCC)C(C)(CO)CO,AA_2008,AA_2008,1
-5.3078713,2.550592491,CCCCCCCCCCCCCCNC(=O)CCN(CCCO)CCC(=O)NCCCCCCCCCCCCCC,AA_2008,AA_2008,1
-5.3762393,2.550592491,CCCCCCCCCCCCCCNC(=O)CCN(CCO)CCN(CCO)CCC(=O)NCCCCCCCCCCCCCC,AA_2008,AA_2008,1
-6.660484,2.550592491,CCCCCCCCCCCCCCCNC(=O)CCN(CCC(=O)NCCCCCCCCCCCCCCC)CCc1c[nH]cn1,AA_2008,AA_2008,1
-4.9278746,2.550592491,CCCCCCCCCCCCCCCNC(=O)CCN(C)CCCN(CCC(=O)NCCCCCCCCCCCCCCC)CCC(=O)NCCCCCCCCCCCCCCC,AA_2008,AA_2008,1
-7.0109515,1.091853172,CCCCCCCCCCCCOC(=O)CCN(CCCN1CCOCC1)CCC(=O)OCCCCCCCCCCCC,AA_2008,AA_2008,1
-6.3013024,1.091853172,CCCCCCCCCCCCOC(=O)CCN(CCCn1ccnc1)CCC(=O)OCCCCCCCCCCCC,AA_2008,AA_2008,1
-7.5982857,1.091853172,CCCCCCCCCCCCOC(=O)CCN(CCC(=O)OCCCCCCCCCCCC)CCc1c[nH]cn1,AA_2008,AA_2008,1
-7.3157296,1.091853172,CCCCCCCCCCCCCOC(=O)CCN(CCC(=O)OCCCCCCCCCCCCC)CC(C)O,AA_2008,AA_2008,1
-7.3157296,1.091853172,CCCCCCCCCCCCCOC(=O)CCN(CCC(=O)OCCCCCCCCCCCCC)CC(C)O,AA_2008,AA_2008,1
-6.410751,1.091853172,CCCCCCCCCCCCCCOC(=O)CCN(CCOCC)CCC(=O)OCCCCCCCCCCCCCC,AA_2008,AA_2008,1
-6.3396096,1.091853172,CCCCCCCCCCCCCCOC(=O)CCN(CCC(=O)OCCCCCCCCCCCCCC)CC(OC)OC,AA_2008,AA_2008,1
-6.5825253,1.091853172,CCCCCCCCCCCCCCOC(=O)CCN(CCC(=O)OCCCCCCCCCCCCCC)C(CO)CO,AA_2008,AA_2008,1
-6.064206,1.091853172,CCCCCCCCCCCCCCOC(=O)CCN(CCC(=O)OCCCCCCCCCCCCCC)CCN(CCO)CCO,AA_2008,AA_2008,1
-5.9482017,1.091853172,CCCCCCCCCCCCCCOC(=O)CCN(CCC(=O)OCCCCCCCCCCCCCC)CCN(CCC(=O)OCCCCCCCCCCCCCC)CCC(=O)OCCCCCCCCCCCCCC,AA_2008,AA_2008,1
-6.1129456,1.091853172,CCCCCCCCCCCCCCOC(=O)CCN(CCO)CCN(CCO)CCC(=O)OCCCCCCCCCCCCCC,AA_2008,AA_2008,1
-7.238365,1.091853172,CCCCCCCCCCCCCCOC(=O)CCN(CCC(=O)OCCCCCCCCCCCCCC)CC(O)CO,AA_2008,AA_2008,1
-6.485565,1.091853172,CCCCCCCCCCCCCCCOC(=O)CCN(CCCOC)CCC(=O)OCCCCCCCCCCCCCCC,AA_2008,AA_2008,1
-7.405678,1.091853172,CCCCCCCCCCCCCCCOC(=O)CCN(CCOCCO)CCC(=O)OCCCCCCCCCCCCCCC,AA_2008,AA_2008,1
-4.570861,1.091853172,CCCCCCCCCCCCCCCOC(=O)CCN(CCC(=O)OCCCCCCCCCCCCCCC)CCC1CCCN1C,AA_2008,AA_2008,1
-3.3186195,1.091853172,CCCCCCCCCCCCCCCOC(=O)CCN(CCCN(CC)CC)CCC(=O)OCCCCCCCCCCCCCCC,AA_2008,AA_2008,1
-4.3773584,1.091853172,CCCCCCCCCCCCCCCOC(=O)CCN(C)CCCN(CCC(=O)OCCCCCCCCCCCCCCC)CCC(=O)OCCCCCCCCCCCCCCC,AA_2008,AA_2008,1
-6.339695,1.091853172,CCCCCCCCCCCCCCCOC(=O)CCN(CCCN(CCC(=O)OCCCCCCCCCCCCCCC)CCC(=O)OCCCCCCCCCCCCCCC)CCC(=O)OCCCCCCCCCCCCCCC,AA_2008,AA_2008,1
-6.571217,1.091853172,CCCCCCCCCCCCCCCOC(=O)CCN(CCO)CCN(CCC(=O)OCCCCCCCCCCCCCCC)CCC(=O)OCCCCCCCCCCCCCCC,AA_2008,AA_2008,1
-5.5516963,1.091853172,CCCCCCCCCCCCNC(=O)CCN(CCCOC)CCC(=O)NCCCCCCCCCCCC,AA_2008,AA_2008,1
-5.920029,1.091853172,CCCCCCCCCCCCNC(=O)CCN(CCC(=O)NCCCCCCCCCCCC)CCC1OCCO1,AA_2008,AA_2008,1
-5.5624905,1.091853172,CCCCCCCCCCCCNC(=O)CCN(CCCO)CCC(=O)NCCCCCCCCCCCC,AA_2008,AA_2008,1
-5.9461637,1.091853172,CCCCCCCCCCCCNC(=O)CCN(CCCCO)CCC(=O)NCCCCCCCCCCCC,AA_2008,AA_2008,1
-5.8316436,1.091853172,CCCCCCCCCCCCNC(=O)CCN(C)CCN(C)CCC(=O)NCCCCCCCCCCCC,AA_2008,AA_2008,1
-5.3444457,1.091853172,CCCCCCCCCCCCNC(=O)CCN(CC)CCN(CC)CCC(=O)NCCCCCCCCCCCC,AA_2008,AA_2008,1
-5.312634,1.091853172,CCCCCCCCCCCCNC(=O)CCN(CCC(=O)NCCCCCCCCCCCC)CCN(CCO)CCO,AA_2008,AA_2008,1
-4.3218107,1.091853172,CCCCCCCCCCCCNC(=O)CCN(CCCN(CCO)CCO)CCC(=O)NCCCCCCCCCCCC,AA_2008,AA_2008,1
-5.3566833,1.091853172,CCCCCCCCCCCCNC(=O)CCN(CCCN1CCOCC1)CCC(=O)NCCCCCCCCCCCC,AA_2008,AA_2008,1
-5.430648,1.091853172,CCCCCCCCCCCCNC(=O)CCN(CCCn1ccnc1)CCC(=O)NCCCCCCCCCCCC,AA_2008,AA_2008,1
-6.5625296,1.091853172,CCCCCCCCCCCCNC(=O)CCN(CCC(=O)NCCCCCCCCCCCC)CCc1c[nH]cn1,AA_2008,AA_2008,1
-5.1992674,1.091853172,CCCCCCCCCCCCNC(=O)CCN(CCO)CCN(CCO)CCC(=O)NCCCCCCCCCCCC,AA_2008,AA_2008,1
-5.4663053,1.091853172,CCCCCCCCCCCCCCNC(=O)CCN(CCOC)CCC(=O)NCCCCCCCCCCCCCC,AA_2008,AA_2008,1
-5.6624975,1.091853172,CCCCCCCCCCCCCCNC(=O)CCN(CCC(=O)NCCCCCCCCCCCCCC)CC1CCCO1,AA_2008,AA_2008,1
-6.1417017,1.091853172,CCCCCCCCCCCCCCNC(=O)CCN(CCC(=O)NCCCCCCCCCCCCCC)CC(C)O,AA_2008,AA_2008,1
-5.5127625,1.091853172,CCCCCCCCCCCCCCNC(=O)CCN(CCCCO)CCC(=O)NCCCCCCCCCCCCCC,AA_2008,AA_2008,1
-5.4637847,1.091853172,CCCCCCCCCCCCCCNC(=O)CCN(CCCCCO)CCC(=O)NCCCCCCCCCCCCCC,AA_2008,AA_2008,1
-5.115692,1.091853172,CCCCCCCCCCCCCCNC(=O)CCN(CCC(=O)NCCCCCCCCCCCCCC)CC(C)(C)CO,AA_2008,AA_2008,1
-5.2126718,1.091853172,CCCCCCCCCCCCCCNC(=O)CCN(C)CCCN(C)CCC(=O)NCCCCCCCCCCCCCC,AA_2008,AA_2008,1
-5.542793,1.091853172,CCCCCCCCCCCCCCNC(=O)CCN(CCC(=O)NCCCCCCCCCCCCCC)CCN(CCO)CCO,AA_2008,AA_2008,1
-5.914206,1.091853172,CCCCCCCCCCCCCCNC(=O)CCN(CCC(=O)NCCCCCCCCCCCCCC)CCN1CCOCC1,AA_2008,AA_2008,1
-5.6771708,1.091853172,CCCCCCCCCCCCCCNC(=O)CCN(CCCN1CCOCC1)CCC(=O)NCCCCCCCCCCCCCC,AA_2008,AA_2008,1
-6.0543466,1.091853172,CCCCCCCCCCCCCCCNC(=O)CCN(CCC(=O)NCCCCCCCCCCCCCCC)CCN1CCOCC1,AA_2008,AA_2008,1
-4.061414,1.091853172,CCCCCCCCCCCCCCCNC(=O)CCN(CCCN(CCC(=O)NCCCCCCCCCCCCCCC)CCC(=O)NCCCCCCCCCCCCCCC)CCC(=O)NCCCCCCCCCCCCCCC,AA_2008,AA_2008,1
-5.350646,1.091853172,CCCCCCCCCCCCCCCNC(=O)CCN(CCO)CCN(CCO)CCC(=O)NCCCCCCCCCCCCCCC,AA_2008,AA_2008,1
-4.9537964,1.091853172,CCCCCCCCCCCCCCCCNC(=O)CCN(CCCOC)CCC(=O)NCCCCCCCCCCCCCCCC,AA_2008,AA_2008,1
-4.705998,1.091853172,CCCCCCCCCCCCCCCCNC(=O)CCN(C)CCN(C)CCC(=O)NCCCCCCCCCCCCCCCC,AA_2008,AA_2008,1
-4.9949737,1.091853172,CCCCCCCCCCCCCCCCNC(=O)CCN(CC)CCN(CC)CCC(=O)NCCCCCCCCCCCCCCCC,AA_2008,AA_2008,1
-6.301833,1.091853172,CCCCCCCCCCCCCCCCNC(=O)CCN1CCCN(CCC(=O)NCCCCCCCCCCCCCCCC)CC1,AA_2008,AA_2008,1
-5.09909,1.091853172,CCCCCCCCCCCCCCCCNC(=O)CCN(CCC(=O)NCCCCCCCCCCCCCCCC)CCN(CC)CC,AA_2008,AA_2008,1
-4.33141,1.091853172,CCCCCCCCCCCCCCCCNC(=O)CCN(CCC(=O)NCCCCCCCCCCCCCCCC)CCN1CCCC1,AA_2008,AA_2008,1
-3.5291224,1.091853172,CCCCCCCCCCCCCCCCNC(=O)CCN(CCC(=O)NCCCCCCCCCCCCCCCC)CCC1CCCN1C,AA_2008,AA_2008,1
-5.3519487,1.091853172,CCCCCCCCCCCCCCCCNC(=O)CCN(CCC(=O)NCCCCCCCCCCCCCCCC)C(C)CN(C)C,AA_2008,AA_2008,1
-4.530494,1.091853172,CCCCCCCCCCCCCCCCNC(=O)CCN(CCCN(CCC(=O)NCCCCCCCCCCCCCCCC)CCC(=O)NCCCCCCCCCCCCCCCC)CCC(=O)NCCCCCCCCCCCCCCCC,AA_2008,AA_2008,1
-5.6915317,1.091853172,CCCCCCCCCCCCCCCCNC(=O)CCN(CCO)CCN(CCO)CCC(=O)NCCCCCCCCCCCCCCCC,AA_2008,AA_2008,1
-6.500361,1.091853172,CCCCCCCCCCCCCCCCCCNC(=O)CCN(CCC(=O)NCCCCCCCCCCCCCCCCCC)CC(O)CO,AA_2008,AA_2008,1
-7.2356863,-0.366886147,CCCCCCCCCCOC(=O)CCN(CCCOC)CCC(=O)OCCCCCCCCCC,AA_2008,AA_2008,0
-7.7871885,-0.366886147,CCCCCCCCCCOC(=O)CCN(CCC(=O)OCCCCCCCCCC)CCC1OCCO1,AA_2008,AA_2008,0
-7.107206,-0.366886147,CCCCCCCCCCOC(=O)CCN(CCC(=O)OCCCCCCCCCC)CC1COC(C)(C)O1,AA_2008,AA_2008,0
-7.3879437,-0.366886147,CCCCCCCCCCOC(=O)CCN(CCOC)CCC(=O)OCCCCCCCCCC,AA_2008,AA_2008,0
-7.6609263,-0.366886147,CCCCCCCCCCOC(=O)CCN(CCOCC)CCC(=O)OCCCCCCCCCC,AA_2008,AA_2008,0
-6.004553,-0.366886147,CCCCCCCCCCOC(=O)CCN(CCC(=O)OCCCCCCCCCC)CC(OC)OC,AA_2008,AA_2008,0
-7.7654095,-0.366886147,CCCCCCCCCCOC(=O)CCN(CCC(=O)OCCCCCCCCCC)CC1CCCO1,AA_2008,AA_2008,0
-6.599236,-0.366886147,CCCCCCCCCCOC(=O)CCN(CCC(=O)OCCCCCCCCCC)CCc1ccc(OC)c(OC)c1,AA_2008,AA_2008,0
-7.0179205,-0.366886147,CCCCCCCCCCOC(=O)CCN(CCCO)CCC(=O)OCCCCCCCCCC,AA_2008,AA_2008,0
-7.4315443,-0.366886147,CCCCCCCCCCOC(=O)CCN(CCC(=O)OCCCCCCCCCC)CC(C)O,AA_2008,AA_2008,0
-7.4315443,-0.366886147,CCCCCCCCCCOC(=O)CCN(CCC(=O)OCCCCCCCCCC)CC(C)O,AA_2008,AA_2008,0
-7.4438715,-0.366886147,CCCCCCCCCCOC(=O)CCN(CCC(=O)OCCCCCCCCCC)C(CO)CO,AA_2008,AA_2008,0
-7.714799,-0.366886147,CCCCCCCCCCOC(=O)CCN(CCC(=O)OCCCCCCCCCC)C(C)(CO)CO,AA_2008,AA_2008,0
-7.5635724,-0.366886147,CCCCCCCCCCOC(=O)CCN(CCCCO)CCC(=O)OCCCCCCCCCC,AA_2008,AA_2008,0
-7.6923747,-0.366886147,CCCCCCCCCCOC(=O)CCN(CCOCCO)CCC(=O)OCCCCCCCCCC,AA_2008,AA_2008,0
-7.4712434,-0.366886147,CCCCCCCCCCOC(=O)CCN(CCCCCO)CCC(=O)OCCCCCCCCCC,AA_2008,AA_2008,0
-7.2338033,-0.366886147,CCCCCCCCCCOC(=O)CCN(CCC(=O)OCCCCCCCCCC)CC(C)(C)CO,AA_2008,AA_2008,0
-7.422854,-0.366886147,CCCCCCCCCCOC(=O)CCN(CCC(=O)OCCCCCCCCCC)C(CC)(CO)CO,AA_2008,AA_2008,0
-7.3605437,-0.366886147,CCCCCCCCCCOC(=O)CCN(CCCCCCO)CCC(=O)OCCCCCCCCCC,AA_2008,AA_2008,0
-6.3578873,-0.366886147,CCCCCCCCCCOC(=O)CCN(CCC(=O)OCCCCCCCCCC)C1CCC(O)CC1,AA_2008,AA_2008,0
-6.6351366,-0.366886147,CCCCCCCCCCOC(=O)CCN(C)CCN(C)CCC(=O)OCCCCCCCCCC,AA_2008,AA_2008,0
-6.9541154,-0.366886147,CCCCCCCCCCOC(=O)CCN(CC)CCN(CC)CCC(=O)OCCCCCCCCCC,AA_2008,AA_2008,0
-6.934681,-0.366886147,CCCCCCCCCCOC(=O)CCN(CCN(CCC(=O)OCCCCCCCCCC)C(C)C)C(C)C,AA_2008,AA_2008,0
-5.979225,-0.366886147,CCCCCCCCCCOC(=O)CCN(C)CCCN(C)CCC(=O)OCCCCCCCCCC,AA_2008,AA_2008,0
-6.0540085,-0.366886147,CCCCCCCCCCOC(=O)CCN(CC)CCCN(CC)CCC(=O)OCCCCCCCCCC,AA_2008,AA_2008,0
-6.4598393,-0.366886147,CCCCCCCCCCOC(=O)CCN1CCCN(CCC(=O)OCCCCCCCCCC)CC1,AA_2008,AA_2008,0
-7.048131,-0.366886147,CCCCCCCCCCOC(=O)CCN(CCC(=O)OCCCCCCCCCC)CCN(CC)CC,AA_2008,AA_2008,0
-6.20588,-0.366886147,CCCCCCCCCCOC(=O)CCN(CCC(=O)OCCCCCCCCCC)CCN1CCCC1,AA_2008,AA_2008,0
-6.459131,-0.366886147,CCCCCCCCCCOC(=O)CCN(CCC(=O)OCCCCCCCCCC)CCC1CCCN1C,AA_2008,AA_2008,0
-6.6967554,-0.366886147,CCCCCCCCCCOC(=O)CCN(CCC(=O)OCCCCCCCCCC)C(C)CN(C)C,AA_2008,AA_2008,0
-6.4263783,-0.366886147,CCCCCCCCCCOC(=O)CCN(CCCN(C)C)CCC(=O)OCCCCCCCCCC,AA_2008,AA_2008,0
-6.141067,-0.366886147,CCCCCCCCCCOC(=O)CCN(CCCN(CC)CC)CCC(=O)OCCCCCCCCCC,AA_2008,AA_2008,0
-6.562932,-0.366886147,CCCCCCCCCCOC(=O)CCN(CCC(=O)OCCCCCCCCCC)CCN1CCCCC1,AA_2008,AA_2008,0
-6.7915707,-0.366886147,CCCCCCCCCCOC(=O)CCN(CCC(=O)OCCCCCCCCCC)CCN(CCO)CCO,AA_2008,AA_2008,0
-7.045862,-0.366886147,CCCCCCCCCCOC(=O)CCN(CCCN(CCO)CCO)CCC(=O)OCCCCCCCCCC,AA_2008,AA_2008,0
-7.224001,-0.366886147,CCCCCCCCCCOC(=O)CCN(CCC(=O)OCCCCCCCCCC)CCN1CCOCC1,AA_2008,AA_2008,0
-6.9746094,-0.366886147,CCCCCCCCCCOC(=O)CCN(CCCN1CCOCC1)CCC(=O)OCCCCCCCCCC,AA_2008,AA_2008,0
-6.9547276,-0.366886147,CCCCCCCCCCOC(=O)CCN(CCCn1ccnc1)CCC(=O)OCCCCCCCCCC,AA_2008,AA_2008,0
-7.6269093,-0.366886147,CCCCCCCCCCOC(=O)CCN(CCC(=O)OCCCCCCCCCC)CCc1c[nH]cn1,AA_2008,AA_2008,0
-6.5024395,-0.366886147,CCCCCCCCCCOC(=O)CCN(C)CCN(CCC(=O)OCCCCCCCCCC)CCC(=O)OCCCCCCCCCC,AA_2008,AA_2008,0
-5.493948,-0.366886147,CCCCCCCCCCOC(=O)CCN(C)CCCN(CCC(=O)OCCCCCCCCCC)CCC(=O)OCCCCCCCCCC,AA_2008,AA_2008,0
-5.6112304,-0.366886147,CCCCCCCCCCOC(=O)CCN(CCC(=O)OCCCCCCCCCC)CCN(CCC(=O)OCCCCCCCCCC)CCN(CCC(=O)OCCCCCCCCCC)CCN(CCC(=O)OCCCCCCCCCC)CCC(=O)OCCCCCCCCCC,AA_2008,AA_2008,0
-5.204125,-0.366886147,CCCCCCCCCCOC(=O)CCN(CCC(=O)OCCCCCCCCCC)CCN(CCC(=O)OCCCCCCCCCC)CCC(=O)OCCCCCCCCCC,AA_2008,AA_2008,0
-5.3689327,-0.366886147,CCCCCCCCCCOC(=O)CCN(CCCN(CCC(=O)OCCCCCCCCCC)CCC(=O)OCCCCCCCCCC)CCC(=O)OCCCCCCCCCC,AA_2008,AA_2008,0
-6.6773505,-0.366886147,CCCCCCCCCCOC(=O)CCN(CCO)CCN(CCO)CCC(=O)OCCCCCCCCCC,AA_2008,AA_2008,0
-6.5928907,-0.366886147,CCCCCCCCCCOC(=O)CCN(CCO)CCN(CCC(=O)OCCCCCCCCCC)CCC(=O)OCCCCCCCCCC,AA_2008,AA_2008,0
-6.947922,-0.366886147,CCCCCCCCCCOC(=O)CCN(CCC(=O)OCCCCCCCCCC)CC(O)CO,AA_2008,AA_2008,0
-6.628827,-0.366886147,CCCCCCCCCCCCOC(=O)CCN(CCCOC)CCC(=O)OCCCCCCCCCCCC,AA_2008,AA_2008,0
-7.1757727,-0.366886147,CCCCCCCCCCCCOC(=O)CCN(CCC(=O)OCCCCCCCCCCCC)CCC1OCCO1,AA_2008,AA_2008,0
-6.808691,-0.366886147,CCCCCCCCCCCCOC(=O)CCN(CCC(=O)OCCCCCCCCCCCC)CC1COC(C)(C)O1,AA_2008,AA_2008,0
-6.846835,-0.366886147,CCCCCCCCCCCCOC(=O)CCN(CCOC)CCC(=O)OCCCCCCCCCCCC,AA_2008,AA_2008,0
-7.23765,-0.366886147,CCCCCCCCCCCCOC(=O)CCN(CCOCC)CCC(=O)OCCCCCCCCCCCC,AA_2008,AA_2008,0
-6.480103,-0.366886147,CCCCCCCCCCCCOC(=O)CCN(CCC(=O)OCCCCCCCCCCCC)CC(OC)OC,AA_2008,AA_2008,0
-6.319256,-0.366886147,CCCCCCCCCCCCOC(=O)CCN(CCC(=O)OCCCCCCCCCCCC)CC1CCCO1,AA_2008,AA_2008,0
-5.7298164,-0.366886147,CCCCCCCCCCCCOC(=O)CCN(CCC(=O)OCCCCCCCCCCCC)CCc1ccc(OC)c(OC)c1,AA_2008,AA_2008,0
-6.3107524,-0.366886147,CCCCCCCCCCCCOC(=O)CCN(CCCO)CCC(=O)OCCCCCCCCCCCC,AA_2008,AA_2008,0
-7.222321,-0.366886147,CCCCCCCCCCCCOC(=O)CCN(CCC(=O)OCCCCCCCCCCCC)CC(C)O,AA_2008,AA_2008,0
-7.222321,-0.366886147,CCCCCCCCCCCCOC(=O)CCN(CCC(=O)OCCCCCCCCCCCC)CC(C)O,AA_2008,AA_2008,0
-7.217165,-0.366886147,CCCCCCCCCCCCOC(=O)CCN(CCC(=O)OCCCCCCCCCCCC)C(CO)CO,AA_2008,AA_2008,0
-7.6934,-0.366886147,CCCCCCCCCCCCOC(=O)CCN(CCC(=O)OCCCCCCCCCCCC)C(C)(CO)CO,AA_2008,AA_2008,0
-7.139668,-0.366886147,CCCCCCCCCCCCOC(=O)CCN(CCCCO)CCC(=O)OCCCCCCCCCCCC,AA_2008,AA_2008,0
-7.354446,-0.366886147,CCCCCCCCCCCCOC(=O)CCN(CCOCCO)CCC(=O)OCCCCCCCCCCCC,AA_2008,AA_2008,0
-6.762628,-0.366886147,CCCCCCCCCCCCOC(=O)CCN(CCCCCO)CCC(=O)OCCCCCCCCCCCC,AA_2008,AA_2008,0
-6.885652,-0.366886147,CCCCCCCCCCCCOC(=O)CCN(CCC(=O)OCCCCCCCCCCCC)CC(C)(C)CO,AA_2008,AA_2008,0
-7.060287,-0.366886147,CCCCCCCCCCCCOC(=O)CCN(CCC(=O)OCCCCCCCCCCCC)C(CC)(CO)CO,AA_2008,AA_2008,0
-6.854281,-0.366886147,CCCCCCCCCCCCOC(=O)CCN(CCCCCCO)CCC(=O)OCCCCCCCCCCCC,AA_2008,AA_2008,0
-6.209312,-0.366886147,CCCCCCCCCCCCOC(=O)CCN(CCC(=O)OCCCCCCCCCCCC)C1CCC(O)CC1,AA_2008,AA_2008,0
-6.3487997,-0.366886147,CCCCCCCCCCCCOC(=O)CCN(C)CCN(C)CCC(=O)OCCCCCCCCCCCC,AA_2008,AA_2008,0
-6.0860744,-0.366886147,CCCCCCCCCCCCOC(=O)CCN(CC)CCN(CC)CCC(=O)OCCCCCCCCCCCC,AA_2008,AA_2008,0
-6.200902,-0.366886147,CCCCCCCCCCCCOC(=O)CCN(CCN(CCC(=O)OCCCCCCCCCCCC)C(C)C)C(C)C,AA_2008,AA_2008,0
-5.789774,-0.366886147,CCCCCCCCCCCCOC(=O)CCN(C)CCCN(C)CCC(=O)OCCCCCCCCCCCC,AA_2008,AA_2008,0
-4.9412932,-0.366886147,CCCCCCCCCCCCOC(=O)CCN(CC)CCCN(CC)CCC(=O)OCCCCCCCCCCCC,AA_2008,AA_2008,0
-6.58599,-0.366886147,CCCCCCCCCCCCOC(=O)CCN1CCCN(CCC(=O)OCCCCCCCCCCCC)CC1,AA_2008,AA_2008,0
-6.416717,-0.366886147,CCCCCCCCCCCCOC(=O)CCN(CCC(=O)OCCCCCCCCCCCC)CCN(CC)CC,AA_2008,AA_2008,0
-5.8989496,-0.366886147,CCCCCCCCCCCCOC(=O)CCN(CCC(=O)OCCCCCCCCCCCC)CCN1CCCC1,AA_2008,AA_2008,0
-5.5323553,-0.366886147,CCCCCCCCCCCCOC(=O)CCN(CCC(=O)OCCCCCCCCCCCC)CCC1CCCN1C,AA_2008,AA_2008,0
-7.5586734,-0.366886147,CCCCCCCCCCCCOC(=O)CCN(CCC(=O)OCCCCCCCCCCCC)C(C)CN(C)C,AA_2008,AA_2008,0
-5.985956,-0.366886147,CCCCCCCCCCCCOC(=O)CCN(CCCN(C)C)CCC(=O)OCCCCCCCCCCCC,AA_2008,AA_2008,0
-6.269186,-0.366886147,CCCCCCCCCCCCOC(=O)CCN(CCC(=O)OCCCCCCCCCCCC)CCN1CCCCC1,AA_2008,AA_2008,0
-6.0964985,-0.366886147,CCCCCCCCCCCCOC(=O)CCN(CCC(=O)OCCCCCCCCCCCC)CCN(CCO)CCO,AA_2008,AA_2008,0
-6.1192546,-0.366886147,CCCCCCCCCCCCOC(=O)CCN(CCCN(CCO)CCO)CCC(=O)OCCCCCCCCCCCC,AA_2008,AA_2008,0
-3.256727,-0.366886147,CCCCCCCCCCCCOC(=O)CCN(C)CCCN(CCC(=O)OCCCCCCCCCCCC)CCC(=O)OCCCCCCCCCCCC,AA_2008,AA_2008,0
-6.744359,-0.366886147,CCCCCCCCCCCCOC(=O)CCN(CCC(=O)OCCCCCCCCCCCC)CCN(CCC(=O)OCCCCCCCCCCCC)CCN(CCC(=O)OCCCCCCCCCCCC)CCN(CCC(=O)OCCCCCCCCCCCC)CCC(=O)OCCCCCCCCCCCC,AA_2008,AA_2008,0
-5.603872,-0.366886147,CCCCCCCCCCCCOC(=O)CCN(CCC(=O)OCCCCCCCCCCCC)CCN(CCC(=O)OCCCCCCCCCCCC)CCC(=O)OCCCCCCCCCCCC,AA_2008,AA_2008,0
-5.033186,-0.366886147,CCCCCCCCCCCCOC(=O)CCN(CCCN(CCC(=O)OCCCCCCCCCCCC)CCC(=O)OCCCCCCCCCCCC)CCC(=O)OCCCCCCCCCCCC,AA_2008,AA_2008,0
-6.3883023,-0.366886147,CCCCCCCCCCCCOC(=O)CCN(CCO)CCN(CCO)CCC(=O)OCCCCCCCCCCCC,AA_2008,AA_2008,0
-6.2977476,-0.366886147,CCCCCCCCCCCCOC(=O)CCN(CCO)CCN(CCC(=O)OCCCCCCCCCCCC)CCC(=O)OCCCCCCCCCCCC,AA_2008,AA_2008,0
-6.258505,-0.366886147,CCCCCCCCCCCCCOC(=O)CCN(CCCOC)CCC(=O)OCCCCCCCCCCCCC,AA_2008,AA_2008,0
-6.875104,-0.366886147,CCCCCCCCCCCCCOC(=O)CCN(CCC(=O)OCCCCCCCCCCCCC)CCC1OCCO1,AA_2008,AA_2008,0
-6.373888,-0.366886147,CCCCCCCCCCCCCOC(=O)CCN(CCC(=O)OCCCCCCCCCCCCC)CC1COC(C)(C)O1,AA_2008,AA_2008,0
-6.474111,-0.366886147,CCCCCCCCCCCCCOC(=O)CCN(CCOC)CCC(=O)OCCCCCCCCCCCCC,AA_2008,AA_2008,0
-6.975094,-0.366886147,CCCCCCCCCCCCCOC(=O)CCN(CCOCC)CCC(=O)OCCCCCCCCCCCCC,AA_2008,AA_2008,0
-6.3212066,-0.366886147,CCCCCCCCCCCCCOC(=O)CCN(CCC(=O)OCCCCCCCCCCCCC)CC(OC)OC,AA_2008,AA_2008,0
-5.4267116,-0.366886147,CCCCCCCCCCCCCOC(=O)CCN(CCC(=O)OCCCCCCCCCCCCC)CC1CCCO1,AA_2008,AA_2008,0
-5.7342997,-0.366886147,CCCCCCCCCCCCCOC(=O)CCN(CCC(=O)OCCCCCCCCCCCCC)CCc1ccc(OC)c(OC)c1,AA_2008,AA_2008,0
-5.8067307,-0.366886147,CCCCCCCCCCCCCOC(=O)CCN(CCCO)CCC(=O)OCCCCCCCCCCCCC,AA_2008,AA_2008,0
-7.021186,-0.366886147,CCCCCCCCCCCCCOC(=O)CCN(CCC(=O)OCCCCCCCCCCCCC)C(CO)CO,AA_2008,AA_2008,0
-7.7903204,-0.366886147,CCCCCCCCCCCCCOC(=O)CCN(CCC(=O)OCCCCCCCCCCCCC)C(C)(CO)CO,AA_2008,AA_2008,0
-6.4465938,-0.366886147,CCCCCCCCCCCCCOC(=O)CCN(CCCCO)CCC(=O)OCCCCCCCCCCCCC,AA_2008,AA_2008,0
-7.209285,-0.366886147,CCCCCCCCCCCCCOC(=O)CCN(CCOCCO)CCC(=O)OCCCCCCCCCCCCC,AA_2008,AA_2008,0
-6.5665064,-0.366886147,CCCCCCCCCCCCCOC(=O)CCN(CCCCCO)CCC(=O)OCCCCCCCCCCCCC,AA_2008,AA_2008,0
-6.7689247,-0.366886147,CCCCCCCCCCCCCOC(=O)CCN(CCC(=O)OCCCCCCCCCCCCC)CC(C)(C)CO,AA_2008,AA_2008,0
-7.334166,-0.366886147,CCCCCCCCCCCCCOC(=O)CCN(CCC(=O)OCCCCCCCCCCCCC)C(CC)(CO)CO,AA_2008,AA_2008,0
-6.374087,-0.366886147,CCCCCCCCCCCCCOC(=O)CCN(CCCCCCO)CCC(=O)OCCCCCCCCCCCCC,AA_2008,AA_2008,0
-6.471279,-0.366886147,CCCCCCCCCCCCCOC(=O)CCN(CCC(=O)OCCCCCCCCCCCCC)C1CCC(O)CC1,AA_2008,AA_2008,0
-5.839225,-0.366886147,CCCCCCCCCCCCCOC(=O)CCN(C)CCN(C)CCC(=O)OCCCCCCCCCCCCC,AA_2008,AA_2008,0
-5.90893,-0.366886147,CCCCCCCCCCCCCOC(=O)CCN(CC)CCN(CC)CCC(=O)OCCCCCCCCCCCCC,AA_2008,AA_2008,0
-5.799859,-0.366886147,CCCCCCCCCCCCCOC(=O)CCN(CCN(CCC(=O)OCCCCCCCCCCCCC)C(C)C)C(C)C,AA_2008,AA_2008,0
-5.7940273,-0.366886147,CCCCCCCCCCCCCOC(=O)CCN(C)CCCN(C)CCC(=O)OCCCCCCCCCCCCC,AA_2008,AA_2008,0
-5.051942,-0.366886147,CCCCCCCCCCCCCOC(=O)CCN(CC)CCCN(CC)CCC(=O)OCCCCCCCCCCCCC,AA_2008,AA_2008,0
-6.8016596,-0.366886147,CCCCCCCCCCCCCOC(=O)CCN1CCCN(CCC(=O)OCCCCCCCCCCCCC)CC1,AA_2008,AA_2008,0
-5.5718665,-0.366886147,CCCCCCCCCCCCCOC(=O)CCN(CCC(=O)OCCCCCCCCCCCCC)CCN(CC)CC,AA_2008,AA_2008,0
-5.587968,-0.366886147,CCCCCCCCCCCCCOC(=O)CCN(CCC(=O)OCCCCCCCCCCCCC)CCN1CCCC1,AA_2008,AA_2008,0
-5.427551,-0.366886147,CCCCCCCCCCCCCOC(=O)CCN(CCC(=O)OCCCCCCCCCCCCC)CCC1CCCN1C,AA_2008,AA_2008,0
-6.834866,-0.366886147,CCCCCCCCCCCCCOC(=O)CCN(CCC(=O)OCCCCCCCCCCCCC)C(C)CN(C)C,AA_2008,AA_2008,0
-5.718796,-0.366886147,CCCCCCCCCCCCCOC(=O)CCN(CCCN(C)C)CCC(=O)OCCCCCCCCCCCCC,AA_2008,AA_2008,0
-4.3875604,-0.366886147,CCCCCCCCCCCCCOC(=O)CCN(CCCN(CC)CC)CCC(=O)OCCCCCCCCCCCCC,AA_2008,AA_2008,0
-6.180119,-0.366886147,CCCCCCCCCCCCCOC(=O)CCN(CCC(=O)OCCCCCCCCCCCCC)CCN1CCCCC1,AA_2008,AA_2008,0
-5.9814034,-0.366886147,CCCCCCCCCCCCCOC(=O)CCN(CCC(=O)OCCCCCCCCCCCCC)CCN(CCO)CCO,AA_2008,AA_2008,0
-5.846686,-0.366886147,CCCCCCCCCCCCCOC(=O)CCN(CCCN(CCO)CCO)CCC(=O)OCCCCCCCCCCCCC,AA_2008,AA_2008,0
-7.174539,-0.366886147,CCCCCCCCCCCCCOC(=O)CCN(CCC(=O)OCCCCCCCCCCCCC)CCN1CCOCC1,AA_2008,AA_2008,0
-6.468649,-0.366886147,CCCCCCCCCCCCCOC(=O)CCN(CCCN1CCOCC1)CCC(=O)OCCCCCCCCCCCCC,AA_2008,AA_2008,0
-6.2420177,-0.366886147,CCCCCCCCCCCCCOC(=O)CCN(CCCn1ccnc1)CCC(=O)OCCCCCCCCCCCCC,AA_2008,AA_2008,0
-7.243078,-0.366886147,CCCCCCCCCCCCCOC(=O)CCN(CCC(=O)OCCCCCCCCCCCCC)CCc1c[nH]cn1,AA_2008,AA_2008,0
-4.7707233,-0.366886147,CCCCCCCCCCCCCOC(=O)CCN(C)CCN(CCC(=O)OCCCCCCCCCCCCC)CCC(=O)OCCCCCCCCCCCCC,AA_2008,AA_2008,0
-3.7830677,-0.366886147,CCCCCCCCCCCCCOC(=O)CCN(C)CCCN(CCC(=O)OCCCCCCCCCCCCC)CCC(=O)OCCCCCCCCCCCCC,AA_2008,AA_2008,0
-7.0383973,-0.366886147,CCCCCCCCCCCCCOC(=O)CCN(CCC(=O)OCCCCCCCCCCCCC)CCN(CCC(=O)OCCCCCCCCCCCCC)CCN(CCC(=O)OCCCCCCCCCCCCC)CCN(CCC(=O)OCCCCCCCCCCCCC)CCC(=O)OCCCCCCCCCCCCC,AA_2008,AA_2008,0
-6.36423,-0.366886147,CCCCCCCCCCCCCOC(=O)CCN(CCC(=O)OCCCCCCCCCCCCC)CCN(CCC(=O)OCCCCCCCCCCCCC)CCC(=O)OCCCCCCCCCCCCC,AA_2008,AA_2008,0
-5.5756407,-0.366886147,CCCCCCCCCCCCCOC(=O)CCN(CCCN(CCC(=O)OCCCCCCCCCCCCC)CCC(=O)OCCCCCCCCCCCCC)CCC(=O)OCCCCCCCCCCCCC,AA_2008,AA_2008,0
-6.2520366,-0.366886147,CCCCCCCCCCCCCOC(=O)CCN(CCO)CCN(CCC(=O)OCCCCCCCCCCCCC)CCC(=O)OCCCCCCCCCCCCC,AA_2008,AA_2008,0
-7.1458163,-0.366886147,CCCCCCCCCCCCCOC(=O)CCN(CCC(=O)OCCCCCCCCCCCCC)CC(O)CO,AA_2008,AA_2008,0
-6.697574,-0.366886147,CCCCCCCCCCCCCCOC(=O)CCN(CCCOC)CCC(=O)OCCCCCCCCCCCCCC,AA_2008,AA_2008,0
-6.752625,-0.366886147,CCCCCCCCCCCCCCOC(=O)CCN(CCC(=O)OCCCCCCCCCCCCCC)CCC1OCCO1,AA_2008,AA_2008,0
-6.2777185,-0.366886147,CCCCCCCCCCCCCCOC(=O)CCN(CCC(=O)OCCCCCCCCCCCCCC)CC1COC(C)(C)O1,AA_2008,AA_2008,0
-6.606599,-0.366886147,CCCCCCCCCCCCCCOC(=O)CCN(CCOC)CCC(=O)OCCCCCCCCCCCCCC,AA_2008,AA_2008,0
-5.8572536,-0.366886147,CCCCCCCCCCCCCCOC(=O)CCN(CCC(=O)OCCCCCCCCCCCCCC)CC1CCCO1,AA_2008,AA_2008,0
-5.396602,-0.366886147,CCCCCCCCCCCCCCOC(=O)CCN(CCC(=O)OCCCCCCCCCCCCCC)CCc1ccc(OC)c(OC)c1,AA_2008,AA_2008,0
-6.0634403,-0.366886147,CCCCCCCCCCCCCCOC(=O)CCN(CCCO)CCC(=O)OCCCCCCCCCCCCCC,AA_2008,AA_2008,0
-7.4794946,-0.366886147,CCCCCCCCCCCCCCOC(=O)CCN(CCC(=O)OCCCCCCCCCCCCCC)CC(C)O,AA_2008,AA_2008,0
-7.4794946,-0.366886147,CCCCCCCCCCCCCCOC(=O)CCN(CCC(=O)OCCCCCCCCCCCCCC)CC(C)O,AA_2008,AA_2008,0
-6.8652573,-0.366886147,CCCCCCCCCCCCCCOC(=O)CCN(CCCCO)CCC(=O)OCCCCCCCCCCCCCC,AA_2008,AA_2008,0
-7.1551075,-0.366886147,CCCCCCCCCCCCCCOC(=O)CCN(CCOCCO)CCC(=O)OCCCCCCCCCCCCCC,AA_2008,AA_2008,0
-6.428829,-0.366886147,CCCCCCCCCCCCCCOC(=O)CCN(CCCCCO)CCC(=O)OCCCCCCCCCCCCCC,AA_2008,AA_2008,0
-6.933208,-0.366886147,CCCCCCCCCCCCCCOC(=O)CCN(CCC(=O)OCCCCCCCCCCCCCC)CC(C)(C)CO,AA_2008,AA_2008,0
-6.7369246,-0.366886147,CCCCCCCCCCCCCCOC(=O)CCN(CCC(=O)OCCCCCCCCCCCCCC)C(CC)(CO)CO,AA_2008,AA_2008,0
-6.224373,-0.366886147,CCCCCCCCCCCCCCOC(=O)CCN(CCCCCCO)CCC(=O)OCCCCCCCCCCCCCC,AA_2008,AA_2008,0
-6.3833766,-0.366886147,CCCCCCCCCCCCCCOC(=O)CCN(CCC(=O)OCCCCCCCCCCCCCC)C1CCC(O)CC1,AA_2008,AA_2008,0
-6.131198,-0.366886147,CCCCCCCCCCCCCCOC(=O)CCN(C)CCN(C)CCC(=O)OCCCCCCCCCCCCCC,AA_2008,AA_2008,0
-5.699504,-0.366886147,CCCCCCCCCCCCCCOC(=O)CCN(CC)CCN(CC)CCC(=O)OCCCCCCCCCCCCCC,AA_2008,AA_2008,0
-5.785277,-0.366886147,CCCCCCCCCCCCCCOC(=O)CCN(CCN(CCC(=O)OCCCCCCCCCCCCCC)C(C)C)C(C)C,AA_2008,AA_2008,0
-5.4846687,-0.366886147,CCCCCCCCCCCCCCOC(=O)CCN(C)CCCN(C)CCC(=O)OCCCCCCCCCCCCCC,AA_2008,AA_2008,0
-4.7044663,-0.366886147,CCCCCCCCCCCCCCOC(=O)CCN(CC)CCCN(CC)CCC(=O)OCCCCCCCCCCCCCC,AA_2008,AA_2008,0
-6.5844254,-0.366886147,CCCCCCCCCCCCCCOC(=O)CCN1CCCN(CCC(=O)OCCCCCCCCCCCCCC)CC1,AA_2008,AA_2008,0
-5.512582,-0.366886147,CCCCCCCCCCCCCCOC(=O)CCN(CCC(=O)OCCCCCCCCCCCCCC)CCN(CC)CC,AA_2008,AA_2008,0
-5.0934544,-0.366886147,CCCCCCCCCCCCCCOC(=O)CCN(CCC(=O)OCCCCCCCCCCCCCC)CCN1CCCC1,AA_2008,AA_2008,0
-6.517544,-0.366886147,CCCCCCCCCCCCCCOC(=O)CCN(CCC(=O)OCCCCCCCCCCCCCC)C(C)CN(C)C,AA_2008,AA_2008,0
-4.1149263,-0.366886147,CCCCCCCCCCCCCCOC(=O)CCN(CCCN(CC)CC)CCC(=O)OCCCCCCCCCCCCCC,AA_2008,AA_2008,0
-5.824972,-0.366886147,CCCCCCCCCCCCCCOC(=O)CCN(CCC(=O)OCCCCCCCCCCCCCC)CCN1CCCCC1,AA_2008,AA_2008,0
-5.6185265,-0.366886147,CCCCCCCCCCCCCCOC(=O)CCN(CCCN(CCO)CCO)CCC(=O)OCCCCCCCCCCCCCC,AA_2008,AA_2008,0
-6.924032,-0.366886147,CCCCCCCCCCCCCCOC(=O)CCN(CCC(=O)OCCCCCCCCCCCCCC)CCN1CCOCC1,AA_2008,AA_2008,0
-6.450498,-0.366886147,CCCCCCCCCCCCCCOC(=O)CCN(CCCN1CCOCC1)CCC(=O)OCCCCCCCCCCCCCC,AA_2008,AA_2008,0
-6.1444907,-0.366886147,CCCCCCCCCCCCCCOC(=O)CCN(CCCn1ccnc1)CCC(=O)OCCCCCCCCCCCCCC,AA_2008,AA_2008,0
-7.888537,-0.366886147,CCCCCCCCCCCCCCOC(=O)CCN(CCC(=O)OCCCCCCCCCCCCCC)CCc1c[nH]cn1,AA_2008,AA_2008,0
-4.9792747,-0.366886147,CCCCCCCCCCCCCCOC(=O)CCN(C)CCN(CCC(=O)OCCCCCCCCCCCCCC)CCC(=O)OCCCCCCCCCCCCCC,AA_2008,AA_2008,0
-4.2188416,-0.366886147,CCCCCCCCCCCCCCOC(=O)CCN(C)CCCN(CCC(=O)OCCCCCCCCCCCCCC)CCC(=O)OCCCCCCCCCCCCCC,AA_2008,AA_2008,0
-7.4480147,-0.366886147,CCCCCCCCCCCCCCOC(=O)CCN(CCC(=O)OCCCCCCCCCCCCCC)CCN(CCC(=O)OCCCCCCCCCCCCCC)CCN(CCC(=O)OCCCCCCCCCCCCCC)CCN(CCC(=O)OCCCCCCCCCCCCCC)CCC(=O)OCCCCCCCCCCCCCC,AA_2008,AA_2008,0
-6.1527467,-0.366886147,CCCCCCCCCCCCCCOC(=O)CCN(CCCN(CCC(=O)OCCCCCCCCCCCCCC)CCC(=O)OCCCCCCCCCCCCCC)CCC(=O)OCCCCCCCCCCCCCC,AA_2008,AA_2008,0
-6.3228345,-0.366886147,CCCCCCCCCCCCCCOC(=O)CCN(CCO)CCN(CCC(=O)OCCCCCCCCCCCCCC)CCC(=O)OCCCCCCCCCCCCCC,AA_2008,AA_2008,0
-6.7145777,-0.366886147,CCCCCCCCCCCCCCCOC(=O)CCN(CCC(=O)OCCCCCCCCCCCCCCC)CCC1OCCO1,AA_2008,AA_2008,0
-6.6053076,-0.366886147,CCCCCCCCCCCCCCCOC(=O)CCN(CCC(=O)OCCCCCCCCCCCCCCC)CC1COC(C)(C)O1,AA_2008,AA_2008,0
-6.4322653,-0.366886147,CCCCCCCCCCCCCCCOC(=O)CCN(CCOC)CCC(=O)OCCCCCCCCCCCCCCC,AA_2008,AA_2008,0
-6.6394734,-0.366886147,CCCCCCCCCCCCCCCOC(=O)CCN(CCOCC)CCC(=O)OCCCCCCCCCCCCCCC,AA_2008,AA_2008,0
-6.507934,-0.366886147,CCCCCCCCCCCCCCCOC(=O)CCN(CCC(=O)OCCCCCCCCCCCCCCC)CC(OC)OC,AA_2008,AA_2008,0
-6.1824493,-0.366886147,CCCCCCCCCCCCCCCOC(=O)CCN(CCC(=O)OCCCCCCCCCCCCCCC)CC1CCCO1,AA_2008,AA_2008,0
-5.740265,-0.366886147,CCCCCCCCCCCCCCCOC(=O)CCN(CCC(=O)OCCCCCCCCCCCCCCC)CCc1ccc(OC)c(OC)c1,AA_2008,AA_2008,0
-6.8696613,-0.366886147,CCCCCCCCCCCCCCCOC(=O)CCN(CCC(=O)OCCCCCCCCCCCCCCC)CC(C)O,AA_2008,AA_2008,0
-6.2647915,-0.366886147,CCCCCCCCCCCCCCCOC(=O)CCN(CCCCO)CCC(=O)OCCCCCCCCCCCCCCC,AA_2008,AA_2008,0
-6.258911,-0.366886147,CCCCCCCCCCCCCCCOC(=O)CCN(CCCCCO)CCC(=O)OCCCCCCCCCCCCCCC,AA_2008,AA_2008,0
-7.116965,-0.366886147,CCCCCCCCCCCCCCCOC(=O)CCN(CCC(=O)OCCCCCCCCCCCCCCC)CC(C)(C)CO,AA_2008,AA_2008,0
-6.2822337,-0.366886147,CCCCCCCCCCCCCCCOC(=O)CCN(CCC(=O)OCCCCCCCCCCCCCCC)C(CC)(CO)CO,AA_2008,AA_2008,0
-5.779108,-0.366886147,CCCCCCCCCCCCCCCOC(=O)CCN(C)CCN(C)CCC(=O)OCCCCCCCCCCCCCCC,AA_2008,AA_2008,0
-5.581242,-0.366886147,CCCCCCCCCCCCCCCOC(=O)CCN(CC)CCN(CC)CCC(=O)OCCCCCCCCCCCCCCC,AA_2008,AA_2008,0
-5.4998107,-0.366886147,CCCCCCCCCCCCCCCOC(=O)CCN(CCN(CCC(=O)OCCCCCCCCCCCCCCC)C(C)C)C(C)C,AA_2008,AA_2008,0
-5.7899137,-0.366886147,CCCCCCCCCCCCCCCOC(=O)CCN(C)CCCN(C)CCC(=O)OCCCCCCCCCCCCCCC,AA_2008,AA_2008,0
-4.5934944,-0.366886147,CCCCCCCCCCCCCCCOC(=O)CCN(CC)CCCN(CC)CCC(=O)OCCCCCCCCCCCCCCC,AA_2008,AA_2008,0
-5.00154,-0.366886147,CCCCCCCCCCCCCCCOC(=O)CCN(CCC(=O)OCCCCCCCCCCCCCCC)CCN(CC)CC,AA_2008,AA_2008,0
-5.2506027,-0.366886147,CCCCCCCCCCCCCCCOC(=O)CCN(CCC(=O)OCCCCCCCCCCCCCCC)CCN1CCCC1,AA_2008,AA_2008,0
-6.0429277,-0.366886147,CCCCCCCCCCCCCCCOC(=O)CCN(CCC(=O)OCCCCCCCCCCCCCCC)C(C)CN(C)C,AA_2008,AA_2008,0
-4.9222426,-0.366886147,CCCCCCCCCCCCCCCOC(=O)CCN(CCCN(C)C)CCC(=O)OCCCCCCCCCCCCCCC,AA_2008,AA_2008,0
-5.0303864,-0.366886147,CCCCCCCCCCCCCCCOC(=O)CCN(CCC(=O)OCCCCCCCCCCCCCCC)CCN1CCCCC1,AA_2008,AA_2008,0
-6.0414143,-0.366886147,CCCCCCCCCCCCCCCOC(=O)CCN(CCC(=O)OCCCCCCCCCCCCCCC)CCN(CCO)CCO,AA_2008,AA_2008,0
-6.667629,-0.366886147,CCCCCCCCCCCCCCCOC(=O)CCN(CCC(=O)OCCCCCCCCCCCCCCC)CCN1CCOCC1,AA_2008,AA_2008,0
-6.0266953,-0.366886147,CCCCCCCCCCCCCCCOC(=O)CCN(CCCN1CCOCC1)CCC(=O)OCCCCCCCCCCCCCCC,AA_2008,AA_2008,0
-6.0592394,-0.366886147,CCCCCCCCCCCCCCCOC(=O)CCN(CCCn1ccnc1)CCC(=O)OCCCCCCCCCCCCCCC,AA_2008,AA_2008,0
-7.812957,-0.366886147,CCCCCCCCCCCCCCCOC(=O)CCN(CCC(=O)OCCCCCCCCCCCCCCC)CCN(CCC(=O)OCCCCCCCCCCCCCCC)CCN(CCC(=O)OCCCCCCCCCCCCCCC)CCN(CCC(=O)OCCCCCCCCCCCCCCC)CCC(=O)OCCCCCCCCCCCCCCC,AA_2008,AA_2008,0
-6.8331156,-0.366886147,CCCCCCCCCCCCCCCCCCOC(=O)CCN(CCCOC)CCC(=O)OCCCCCCCCCCCCCCCCCC,AA_2008,AA_2008,0
-6.8455153,-0.366886147,CCCCCCCCCCCCCCCCCCOC(=O)CCN(CCC(=O)OCCCCCCCCCCCCCCCCCC)CCC1OCCO1,AA_2008,AA_2008,0
-6.3946342,-0.366886147,CCCCCCCCCCCCCCCCCCOC(=O)CCN(CCC(=O)OCCCCCCCCCCCCCCCCCC)CC1COC(C)(C)O1,AA_2008,AA_2008,0
-6.539585,-0.366886147,CCCCCCCCCCCCCCCCCCOC(=O)CCN(CCOC)CCC(=O)OCCCCCCCCCCCCCCCCCC,AA_2008,AA_2008,0
-6.866419,-0.366886147,CCCCCCCCCCCCCCCCCCOC(=O)CCN(CCOCC)CCC(=O)OCCCCCCCCCCCCCCCCCC,AA_2008,AA_2008,0
-7.2035956,-0.366886147,CCCCCCCCCCCCCCCCCCOC(=O)CCN(CCC(=O)OCCCCCCCCCCCCCCCCCC)CC(OC)OC,AA_2008,AA_2008,0
-6.081382,-0.366886147,CCCCCCCCCCCCCCCCCCOC(=O)CCN(CCC(=O)OCCCCCCCCCCCCCCCCCC)CC1CCCO1,AA_2008,AA_2008,0
-7.3297634,-0.366886147,CCCCCCCCCCCCCCCCCCOC(=O)CCN(CCC(=O)OCCCCCCCCCCCCCCCCCC)CCc1ccc(OC)c(OC)c1,AA_2008,AA_2008,0
-6.875184,-0.366886147,CCCCCCCCCCCCCCCCCCOC(=O)CCN(CCCO)CCC(=O)OCCCCCCCCCCCCCCCCCC,AA_2008,AA_2008,0
-7.014981,-0.366886147,CCCCCCCCCCCCCCCCCCOC(=O)CCN(CCC(=O)OCCCCCCCCCCCCCCCCCC)CC(C)O,AA_2008,AA_2008,0
-7.014981,-0.366886147,CCCCCCCCCCCCCCCCCCOC(=O)CCN(CCC(=O)OCCCCCCCCCCCCCCCCCC)CC(C)O,AA_2008,AA_2008,0
-6.3765197,-0.366886147,CCCCCCCCCCCCCCCCCCOC(=O)CCN(CCC(=O)OCCCCCCCCCCCCCCCCCC)C(CO)CO,AA_2008,AA_2008,0
-6.3666396,-0.366886147,CCCCCCCCCCCCCCCCCCOC(=O)CCN(CCC(=O)OCCCCCCCCCCCCCCCCCC)C(C)(CO)CO,AA_2008,AA_2008,0
-6.593651,-0.366886147,CCCCCCCCCCCCCCCCCCOC(=O)CCN(CCCCO)CCC(=O)OCCCCCCCCCCCCCCCCCC,AA_2008,AA_2008,0
-6.5565567,-0.366886147,CCCCCCCCCCCCCCCCCCOC(=O)CCN(CCOCCO)CCC(=O)OCCCCCCCCCCCCCCCCCC,AA_2008,AA_2008,0
-6.7203913,-0.366886147,CCCCCCCCCCCCCCCCCCOC(=O)CCN(CCCCCO)CCC(=O)OCCCCCCCCCCCCCCCCCC,AA_2008,AA_2008,0
-6.710607,-0.366886147,CCCCCCCCCCCCCCCCCCOC(=O)CCN(CCC(=O)OCCCCCCCCCCCCCCCCCC)C(CC)(CO)CO,AA_2008,AA_2008,0
-6.786819,-0.366886147,CCCCCCCCCCCCCCCCCCOC(=O)CCN(CCCCCCO)CCC(=O)OCCCCCCCCCCCCCCCCCC,AA_2008,AA_2008,0
-6.0552874,-0.366886147,CCCCCCCCCCCCCCCCCCOC(=O)CCN(CCC(=O)OCCCCCCCCCCCCCCCCCC)C1CCC(O)CC1,AA_2008,AA_2008,0
-5.683267,-0.366886147,CCCCCCCCCCCCCCCCCCOC(=O)CCN(C)CCN(C)CCC(=O)OCCCCCCCCCCCCCCCCCC,AA_2008,AA_2008,0
-5.7585816,-0.366886147,CCCCCCCCCCCCCCCCCCOC(=O)CCN(CC)CCN(CC)CCC(=O)OCCCCCCCCCCCCCCCCCC,AA_2008,AA_2008,0
-5.30815,-0.366886147,CCCCCCCCCCCCCCCCCCOC(=O)CCN(CCN(CCC(=O)OCCCCCCCCCCCCCCCCCC)C(C)C)C(C)C,AA_2008,AA_2008,0
-6.2045183,-0.366886147,CCCCCCCCCCCCCCCCCCOC(=O)CCN(C)CCCN(C)CCC(=O)OCCCCCCCCCCCCCCCCCC,AA_2008,AA_2008,0
-3.8538396,-0.366886147,CCCCCCCCCCCCCCCCCCOC(=O)CCN(CC)CCCN(CC)CCC(=O)OCCCCCCCCCCCCCCCCCC,AA_2008,AA_2008,0
-6.9202466,-0.366886147,CCCCCCCCCCCCCCCCCCOC(=O)CCN1CCCN(CCC(=O)OCCCCCCCCCCCCCCCCCC)CC1,AA_2008,AA_2008,0
-5.1901546,-0.366886147,CCCCCCCCCCCCCCCCCCOC(=O)CCN(CCC(=O)OCCCCCCCCCCCCCCCCCC)CCN(CC)CC,AA_2008,AA_2008,0
-5.4744425,-0.366886147,CCCCCCCCCCCCCCCCCCOC(=O)CCN(CCC(=O)OCCCCCCCCCCCCCCCCCC)CCN1CCCC1,AA_2008,AA_2008,0
-4.618947,-0.366886147,CCCCCCCCCCCCCCCCCCOC(=O)CCN(CCC(=O)OCCCCCCCCCCCCCCCCCC)CCC1CCCN1C,AA_2008,AA_2008,0
-5.8752613,-0.366886147,CCCCCCCCCCCCCCCCCCOC(=O)CCN(CCCN(C)C)CCC(=O)OCCCCCCCCCCCCCCCCCC,AA_2008,AA_2008,0
-3.0715208,-0.366886147,CCCCCCCCCCCCCCCCCCOC(=O)CCN(CCCN(CC)CC)CCC(=O)OCCCCCCCCCCCCCCCCCC,AA_2008,AA_2008,0
-5.475943,-0.366886147,CCCCCCCCCCCCCCCCCCOC(=O)CCN(CCC(=O)OCCCCCCCCCCCCCCCCCC)CCN1CCCCC1,AA_2008,AA_2008,0
-6.7511806,-0.366886147,CCCCCCCCCCCCCCCCCCOC(=O)CCN(CCC(=O)OCCCCCCCCCCCCCCCCCC)CCN(CCO)CCO,AA_2008,AA_2008,0
-5.6518297,-0.366886147,CCCCCCCCCCCCCCCCCCOC(=O)CCN(CCCN(CCO)CCO)CCC(=O)OCCCCCCCCCCCCCCCCCC,AA_2008,AA_2008,0
-6.3041496,-0.366886147,CCCCCCCCCCCCCCCCCCOC(=O)CCN(CCC(=O)OCCCCCCCCCCCCCCCCCC)CCN1CCOCC1,AA_2008,AA_2008,0
-6.206558,-0.366886147,CCCCCCCCCCCCCCCCCCOC(=O)CCN(CCCN1CCOCC1)CCC(=O)OCCCCCCCCCCCCCCCCCC,AA_2008,AA_2008,0
-6.6340327,-0.366886147,CCCCCCCCCCCCCCCCCCOC(=O)CCN(CCCn1ccnc1)CCC(=O)OCCCCCCCCCCCCCCCCCC,AA_2008,AA_2008,0
-7.787596,-0.366886147,CCCCCCCCCCCCCCCCCCOC(=O)CCN(CCC(=O)OCCCCCCCCCCCCCCCCCC)CCc1c[nH]cn1,AA_2008,AA_2008,0
-6.3232903,-0.366886147,CCCCCCCCCCCCCCCCCCOC(=O)CCN(C)CCN(CCC(=O)OCCCCCCCCCCCCCCCCCC)CCC(=O)OCCCCCCCCCCCCCCCCCC,AA_2008,AA_2008,0
-5.9818606,-0.366886147,CCCCCCCCCCCCCCCCCCOC(=O)CCN(C)CCCN(CCC(=O)OCCCCCCCCCCCCCCCCCC)CCC(=O)OCCCCCCCCCCCCCCCCCC,AA_2008,AA_2008,0
-7.898683,-0.366886147,CCCCCCCCCCCCCCCCCCOC(=O)CCN(CCC(=O)OCCCCCCCCCCCCCCCCCC)CCN(CCC(=O)OCCCCCCCCCCCCCCCCCC)CCN(CCC(=O)OCCCCCCCCCCCCCCCCCC)CCN(CCC(=O)OCCCCCCCCCCCCCCCCCC)CCC(=O)OCCCCCCCCCCCCCCCCCC,AA_2008,AA_2008,0
-6.649485,-0.366886147,CCCCCCCCCCCCCCCCCCOC(=O)CCN(CCC(=O)OCCCCCCCCCCCCCCCCCC)CCN(CCC(=O)OCCCCCCCCCCCCCCCCCC)CCC(=O)OCCCCCCCCCCCCCCCCCC,AA_2008,AA_2008,0
-6.8325534,-0.366886147,CCCCCCCCCCCCCCCCCCOC(=O)CCN(CCCN(CCC(=O)OCCCCCCCCCCCCCCCCCC)CCC(=O)OCCCCCCCCCCCCCCCCCC)CCC(=O)OCCCCCCCCCCCCCCCCCC,AA_2008,AA_2008,0
-6.8086925,-0.366886147,CCCCCCCCCCCCCCCCCCOC(=O)CCN(CCO)CCN(CCO)CCC(=O)OCCCCCCCCCCCCCCCCCC,AA_2008,AA_2008,0
-6.7078247,-0.366886147,CCCCCCCCCCCCCCCCCCOC(=O)CCN(CCO)CCN(CCC(=O)OCCCCCCCCCCCCCCCCCC)CCC(=O)OCCCCCCCCCCCCCCCCCC,AA_2008,AA_2008,0
-7.0986123,-0.366886147,CCCCCCCCCCCCCCCCCCOC(=O)CCN(CCC(=O)OCCCCCCCCCCCCCCCCCC)CC(O)CO,AA_2008,AA_2008,0
-6.186715,-0.366886147,CCCCCCCCCCCCNC(=O)CCN(CCC(=O)NCCCCCCCCCCCC)CC1COC(C)(C)O1,AA_2008,AA_2008,0
-5.7870426,-0.366886147,CCCCCCCCCCCCNC(=O)CCN(CCOC)CCC(=O)NCCCCCCCCCCCC,AA_2008,AA_2008,0
-6.2357206,-0.366886147,CCCCCCCCCCCCNC(=O)CCN(CCOCC)CCC(=O)NCCCCCCCCCCCC,AA_2008,AA_2008,0
-5.4364586,-0.366886147,CCCCCCCCCCCCNC(=O)CCN(CCC(=O)NCCCCCCCCCCCC)CC(OC)OC,AA_2008,AA_2008,0
-5.96005,-0.366886147,CCCCCCCCCCCCNC(=O)CCN(CCC(=O)NCCCCCCCCCCCC)CC1CCCO1,AA_2008,AA_2008,0
-5.5791073,-0.366886147,CCCCCCCCCCCCNC(=O)CCN(CCC(=O)NCCCCCCCCCCCC)CCc1ccc(OC)c(OC)c1,AA_2008,AA_2008,0
-6.132492,-0.366886147,CCCCCCCCCCCCNC(=O)CCN(CCC(=O)NCCCCCCCCCCCC)CC(C)O,AA_2008,AA_2008,0
-6.132492,-0.366886147,CCCCCCCCCCCCNC(=O)CCN(CCC(=O)NCCCCCCCCCCCC)CC(C)O,AA_2008,AA_2008,0
-6.0377636,-0.366886147,CCCCCCCCCCCCNC(=O)CCN(CCC(=O)NCCCCCCCCCCCC)C(C)(CO)CO,AA_2008,AA_2008,0
-6.529842,-0.366886147,CCCCCCCCCCCCNC(=O)CCN(CCOCCO)CCC(=O)NCCCCCCCCCCCC,AA_2008,AA_2008,0
-4.963704,-0.366886147,CCCCCCCCCCCCNC(=O)CCN(CCC(=O)NCCCCCCCCCCCC)CC(C)(C)CO,AA_2008,AA_2008,0
-5.346371,-0.366886147,CCCCCCCCCCCCNC(=O)CCN(CCC(=O)NCCCCCCCCCCCC)C(CC)(CO)CO,AA_2008,AA_2008,0
-5.558219,-0.366886147,CCCCCCCCCCCCNC(=O)CCN(CCCCCCO)CCC(=O)NCCCCCCCCCCCC,AA_2008,AA_2008,0
-4.919447,-0.366886147,CCCCCCCCCCCCNC(=O)CCN(CCC(=O)NCCCCCCCCCCCC)C1CCC(O)CC1,AA_2008,AA_2008,0
-5.0643578,-0.366886147,CCCCCCCCCCCCNC(=O)CCN(CCN(CCC(=O)NCCCCCCCCCCCC)C(C)C)C(C)C,AA_2008,AA_2008,0
-5.9920225,-0.366886147,CCCCCCCCCCCCNC(=O)CCN(C)CCCN(C)CCC(=O)NCCCCCCCCCCCC,AA_2008,AA_2008,0
-4.800934,-0.366886147,CCCCCCCCCCCCNC(=O)CCN(CC)CCCN(CC)CCC(=O)NCCCCCCCCCCCC,AA_2008,AA_2008,0
-5.879592,-0.366886147,CCCCCCCCCCCCNC(=O)CCN1CCCN(CCC(=O)NCCCCCCCCCCCC)CC1,AA_2008,AA_2008,0
-5.200051,-0.366886147,CCCCCCCCCCCCNC(=O)CCN(CCC(=O)NCCCCCCCCCCCC)CCN(CC)CC,AA_2008,AA_2008,0
-3.7151585,-0.366886147,CCCCCCCCCCCCNC(=O)CCN(CCC(=O)NCCCCCCCCCCCC)CCN1CCCC1,AA_2008,AA_2008,0
-3.9600518,-0.366886147,CCCCCCCCCCCCNC(=O)CCN(CCC(=O)NCCCCCCCCCCCC)CCC1CCCN1C,AA_2008,AA_2008,0
-5.6032977,-0.366886147,CCCCCCCCCCCCNC(=O)CCN(CCC(=O)NCCCCCCCCCCCC)C(C)CN(C)C,AA_2008,AA_2008,0
-5.287423,-0.366886147,CCCCCCCCCCCCNC(=O)CCN(CCCN(C)C)CCC(=O)NCCCCCCCCCCCC,AA_2008,AA_2008,0
-4.7647247,-0.366886147,CCCCCCCCCCCCNC(=O)CCN(CCCN(CC)CC)CCC(=O)NCCCCCCCCCCCC,AA_2008,AA_2008,0
-6.3003907,-0.366886147,CCCCCCCCCCCCNC(=O)CCN(CCC(=O)NCCCCCCCCCCCC)CCN1CCOCC1,AA_2008,AA_2008,0
-5.0942583,-0.366886147,CCCCCCCCCCCCNC(=O)CCN(CCO)CCN(CCC(=O)NCCCCCCCCCCCC)CCC(=O)NCCCCCCCCCCCC,AA_2008,AA_2008,0
-6.1098595,-0.366886147,CCCCCCCCCCCCNC(=O)CCN(CCC(=O)NCCCCCCCCCCCC)CC(O)CO,AA_2008,AA_2008,0
-4.243351,-0.366886147,CCCCCCCCCCCCCCNC(=O)CCN(CCCOC)CCC(=O)NCCCCCCCCCCCCCC,AA_2008,AA_2008,0
-5.4944687,-0.366886147,CCCCCCCCCCCCCCNC(=O)CCN(CCC(=O)NCCCCCCCCCCCCCC)CCC1OCCO1,AA_2008,AA_2008,0
-5.2453413,-0.366886147,CCCCCCCCCCCCCCNC(=O)CCN(CCC(=O)NCCCCCCCCCCCCCC)CC1COC(C)(C)O1,AA_2008,AA_2008,0
-5.406945,-0.366886147,CCCCCCCCCCCCCCNC(=O)CCN(CCC(=O)NCCCCCCCCCCCCCC)CC(OC)OC,AA_2008,AA_2008,0
-5.9741974,-0.366886147,CCCCCCCCCCCCCCNC(=O)CCN(CCC(=O)NCCCCCCCCCCCCCC)CCc1ccc(OC)c(OC)c1,AA_2008,AA_2008,0
-6.1417017,-0.366886147,CCCCCCCCCCCCCCNC(=O)CCN(CCC(=O)NCCCCCCCCCCCCCC)CC(C)O,AA_2008,AA_2008,0
-5.593277,-0.366886147,CCCCCCCCCCCCCCNC(=O)CCN(CCC(=O)NCCCCCCCCCCCCCC)C(CO)CO,AA_2008,AA_2008,0
-5.937202,-0.366886147,CCCCCCCCCCCCCCNC(=O)CCN(CCC(=O)NCCCCCCCCCCCCCC)C(C)(CO)CO,AA_2008,AA_2008,0
-6.106124,-0.366886147,CCCCCCCCCCCCCCNC(=O)CCN(CCOCCO)CCC(=O)NCCCCCCCCCCCCCC,AA_2008,AA_2008,0
-5.59783,-0.366886147,CCCCCCCCCCCCCCNC(=O)CCN(CCC(=O)NCCCCCCCCCCCCCC)C(CC)(CO)CO,AA_2008,AA_2008,0
-5.453317,-0.366886147,CCCCCCCCCCCCCCNC(=O)CCN(CCCCCCO)CCC(=O)NCCCCCCCCCCCCCC,AA_2008,AA_2008,0
-5.4387703,-0.366886147,CCCCCCCCCCCCCCNC(=O)CCN(CCC(=O)NCCCCCCCCCCCCCC)C1CCC(O)CC1,AA_2008,AA_2008,0
-5.4634876,-0.366886147,CCCCCCCCCCCCCCNC(=O)CCN(C)CCN(C)CCC(=O)NCCCCCCCCCCCCCC,AA_2008,AA_2008,0
-4.0522428,-0.366886147,CCCCCCCCCCCCCCNC(=O)CCN(CC)CCN(CC)CCC(=O)NCCCCCCCCCCCCCC,AA_2008,AA_2008,0
-5.4229155,-0.366886147,CCCCCCCCCCCCCCNC(=O)CCN(CCN(CCC(=O)NCCCCCCCCCCCCCC)C(C)C)C(C)C,AA_2008,AA_2008,0
-4.2646847,-0.366886147,CCCCCCCCCCCCCCNC(=O)CCN(CC)CCCN(CC)CCC(=O)NCCCCCCCCCCCCCC,AA_2008,AA_2008,0
-5.954342,-0.366886147,CCCCCCCCCCCCCCNC(=O)CCN1CCCN(CCC(=O)NCCCCCCCCCCCCCC)CC1,AA_2008,AA_2008,0
-4.9386077,-0.366886147,CCCCCCCCCCCCCCNC(=O)CCN(CCC(=O)NCCCCCCCCCCCCCC)CCN(CC)CC,AA_2008,AA_2008,0
-3.7655878,-0.366886147,CCCCCCCCCCCCCCNC(=O)CCN(CCC(=O)NCCCCCCCCCCCCCC)CCN1CCCC1,AA_2008,AA_2008,0
-3.630324,-0.366886147,CCCCCCCCCCCCCCNC(=O)CCN(CCC(=O)NCCCCCCCCCCCCCC)CCC1CCCN1C,AA_2008,AA_2008,0
-5.2560387,-0.366886147,CCCCCCCCCCCCCCNC(=O)CCN(CCC(=O)NCCCCCCCCCCCCCC)C(C)CN(C)C,AA_2008,AA_2008,0
-4.5862474,-0.366886147,CCCCCCCCCCCCCCNC(=O)CCN(CCCN(C)C)CCC(=O)NCCCCCCCCCCCCCC,AA_2008,AA_2008,0
-4.2428846,-0.366886147,CCCCCCCCCCCCCCNC(=O)CCN(CCCN(CC)CC)CCC(=O)NCCCCCCCCCCCCCC,AA_2008,AA_2008,0
-5.4114566,-0.366886147,CCCCCCCCCCCCCCNC(=O)CCN(CCC(=O)NCCCCCCCCCCCCCC)CCN1CCCCC1,AA_2008,AA_2008,0
-5.457041,-0.366886147,CCCCCCCCCCCCCCNC(=O)CCN(CCCn1ccnc1)CCC(=O)NCCCCCCCCCCCCCC,AA_2008,AA_2008,0
-6.730141,-0.366886147,CCCCCCCCCCCCCCNC(=O)CCN(CCC(=O)NCCCCCCCCCCCCCC)CCc1c[nH]cn1,AA_2008,AA_2008,0
-5.4809647,-0.366886147,CCCCCCCCCCCCCCNC(=O)CCN(C)CCN(CCC(=O)NCCCCCCCCCCCCCC)CCC(=O)NCCCCCCCCCCCCCC,AA_2008,AA_2008,0
-4.2800245,-0.366886147,CCCCCCCCCCCCCCNC(=O)CCN(C)CCCN(CCC(=O)NCCCCCCCCCCCCCC)CCC(=O)NCCCCCCCCCCCCCC,AA_2008,AA_2008,0
-5.539475,-0.366886147,CCCCCCCCCCCCCCNC(=O)CCN(CCC(=O)NCCCCCCCCCCCCCC)CCN(CCC(=O)NCCCCCCCCCCCCCC)CCN(CCC(=O)NCCCCCCCCCCCCCC)CCN(CCC(=O)NCCCCCCCCCCCCCC)CCC(=O)NCCCCCCCCCCCCCC,AA_2008,AA_2008,0
-5.3708014,-0.366886147,CCCCCCCCCCCCCCNC(=O)CCN(CCC(=O)NCCCCCCCCCCCCCC)CCN(CCC(=O)NCCCCCCCCCCCCCC)CCC(=O)NCCCCCCCCCCCCCC,AA_2008,AA_2008,0
-4.4039817,-0.366886147,CCCCCCCCCCCCCCNC(=O)CCN(CCCN(CCC(=O)NCCCCCCCCCCCCCC)CCC(=O)NCCCCCCCCCCCCCC)CCC(=O)NCCCCCCCCCCCCCC,AA_2008,AA_2008,0
-6.407132,-0.366886147,CCCCCCCCCCCCCCNC(=O)CCN(CCC(=O)NCCCCCCCCCCCCCC)CC(O)CO,AA_2008,AA_2008,0
-5.090487,-0.366886147,CCCCCCCCCCCCCCCNC(=O)CCN(CCCOC)CCC(=O)NCCCCCCCCCCCCCCC,AA_2008,AA_2008,0
-5.3665895,-0.366886147,CCCCCCCCCCCCCCCNC(=O)CCN(CCC(=O)NCCCCCCCCCCCCCCC)CCC1OCCO1,AA_2008,AA_2008,0
-5.53745,-0.366886147,CCCCCCCCCCCCCCCNC(=O)CCN(CCC(=O)NCCCCCCCCCCCCCCC)CC1COC(C)(C)O1,AA_2008,AA_2008,0
-5.2921267,-0.366886147,CCCCCCCCCCCCCCCNC(=O)CCN(CCOC)CCC(=O)NCCCCCCCCCCCCCCC,AA_2008,AA_2008,0
-5.4965982,-0.366886147,CCCCCCCCCCCCCCCNC(=O)CCN(CCOCC)CCC(=O)NCCCCCCCCCCCCCCC,AA_2008,AA_2008,0
-5.296346,-0.366886147,CCCCCCCCCCCCCCCNC(=O)CCN(CCC(=O)NCCCCCCCCCCCCCCC)CC(OC)OC,AA_2008,AA_2008,0
-5.5723767,-0.366886147,CCCCCCCCCCCCCCCNC(=O)CCN(CCC(=O)NCCCCCCCCCCCCCCC)CC1CCCO1,AA_2008,AA_2008,0
-5.724135,-0.366886147,CCCCCCCCCCCCCCCNC(=O)CCN(CCC(=O)NCCCCCCCCCCCCCCC)CCc1ccc(OC)c(OC)c1,AA_2008,AA_2008,0
-5.728063,-0.366886147,CCCCCCCCCCCCCCCNC(=O)CCN(CCCO)CCC(=O)NCCCCCCCCCCCCCCC,AA_2008,AA_2008,0
-6.0403743,-0.366886147,CCCCCCCCCCCCCCCNC(=O)CCN(CCC(=O)NCCCCCCCCCCCCCCC)CC(C)O,AA_2008,AA_2008,0
-6.0403743,-0.366886147,CCCCCCCCCCCCCCCNC(=O)CCN(CCC(=O)NCCCCCCCCCCCCCCC)CC(C)O,AA_2008,AA_2008,0
-5.7043943,-0.366886147,CCCCCCCCCCCCCCCNC(=O)CCN(CCC(=O)NCCCCCCCCCCCCCCC)C(CO)CO,AA_2008,AA_2008,0
-6.371097,-0.366886147,CCCCCCCCCCCCCCCNC(=O)CCN(CCC(=O)NCCCCCCCCCCCCCCC)C(C)(CO)CO,AA_2008,AA_2008,0
-5.298538,-0.366886147,CCCCCCCCCCCCCCCNC(=O)CCN(CCCCO)CCC(=O)NCCCCCCCCCCCCCCC,AA_2008,AA_2008,0
-6.125967,-0.366886147,CCCCCCCCCCCCCCCNC(=O)CCN(CCOCCO)CCC(=O)NCCCCCCCCCCCCCCC,AA_2008,AA_2008,0
-5.2081203,-0.366886147,CCCCCCCCCCCCCCCNC(=O)CCN(CCCCCO)CCC(=O)NCCCCCCCCCCCCCCC,AA_2008,AA_2008,0
-5.56242,-0.366886147,CCCCCCCCCCCCCCCNC(=O)CCN(CCC(=O)NCCCCCCCCCCCCCCC)CC(C)(C)CO,AA_2008,AA_2008,0
-6.151903,-0.366886147,CCCCCCCCCCCCCCCNC(=O)CCN(CCC(=O)NCCCCCCCCCCCCCCC)C(CC)(CO)CO,AA_2008,AA_2008,0
-5.205144,-0.366886147,CCCCCCCCCCCCCCCNC(=O)CCN(CCCCCCO)CCC(=O)NCCCCCCCCCCCCCCC,AA_2008,AA_2008,0
-5.3812766,-0.366886147,CCCCCCCCCCCCCCCNC(=O)CCN(CCC(=O)NCCCCCCCCCCCCCCC)C1CCC(O)CC1,AA_2008,AA_2008,0
-4.465807,-0.366886147,CCCCCCCCCCCCCCCNC(=O)CCN(C)CCN(C)CCC(=O)NCCCCCCCCCCCCCCC,AA_2008,AA_2008,0
-4.6813383,-0.366886147,CCCCCCCCCCCCCCCNC(=O)CCN(CC)CCN(CC)CCC(=O)NCCCCCCCCCCCCCCC,AA_2008,AA_2008,0
-5.3051014,-0.366886147,CCCCCCCCCCCCCCCNC(=O)CCN(CCN(CCC(=O)NCCCCCCCCCCCCCCC)C(C)C)C(C)C,AA_2008,AA_2008,0
-5.541211,-0.366886147,CCCCCCCCCCCCCCCNC(=O)CCN(C)CCCN(C)CCC(=O)NCCCCCCCCCCCCCCC,AA_2008,AA_2008,0
-6.19624,-0.366886147,CCCCCCCCCCCCCCCNC(=O)CCN1CCCN(CCC(=O)NCCCCCCCCCCCCCCC)CC1,AA_2008,AA_2008,0
-4.955139,-0.366886147,CCCCCCCCCCCCCCCNC(=O)CCN(CCC(=O)NCCCCCCCCCCCCCCC)CCN(CC)CC,AA_2008,AA_2008,0
-4.066627,-0.366886147,CCCCCCCCCCCCCCCNC(=O)CCN(CCC(=O)NCCCCCCCCCCCCCCC)CCN1CCCC1,AA_2008,AA_2008,0
-3.3066483,-0.366886147,CCCCCCCCCCCCCCCNC(=O)CCN(CCC(=O)NCCCCCCCCCCCCCCC)CCC1CCCN1C,AA_2008,AA_2008,0
-5.139811,-0.366886147,CCCCCCCCCCCCCCCNC(=O)CCN(CCC(=O)NCCCCCCCCCCCCCCC)C(C)CN(C)C,AA_2008,AA_2008,0
-3.8933592,-0.366886147,CCCCCCCCCCCCCCCNC(=O)CCN(CCCN(C)C)CCC(=O)NCCCCCCCCCCCCCCC,AA_2008,AA_2008,0
-3.970132,-0.366886147,CCCCCCCCCCCCCCCNC(=O)CCN(CCCN(CC)CC)CCC(=O)NCCCCCCCCCCCCCCC,AA_2008,AA_2008,0
-5.944829,-0.366886147,CCCCCCCCCCCCCCCNC(=O)CCN(CCC(=O)NCCCCCCCCCCCCCCC)CCN1CCCCC1,AA_2008,AA_2008,0
-5.790139,-0.366886147,CCCCCCCCCCCCCCCNC(=O)CCN(CCC(=O)NCCCCCCCCCCCCCCC)CCN(CCO)CCO,AA_2008,AA_2008,0
-4.185616,-0.366886147,CCCCCCCCCCCCCCCNC(=O)CCN(CCCN(CCO)CCO)CCC(=O)NCCCCCCCCCCCCCCC,AA_2008,AA_2008,0
-5.594367,-0.366886147,CCCCCCCCCCCCCCCNC(=O)CCN(CCCN1CCOCC1)CCC(=O)NCCCCCCCCCCCCCCC,AA_2008,AA_2008,0
-5.209792,-0.366886147,CCCCCCCCCCCCCCCNC(=O)CCN(CCCn1ccnc1)CCC(=O)NCCCCCCCCCCCCCCC,AA_2008,AA_2008,0
-4.4614387,-0.366886147,CCCCCCCCCCCCCCCNC(=O)CCN(C)CCN(CCC(=O)NCCCCCCCCCCCCCCC)CCC(=O)NCCCCCCCCCCCCCCC,AA_2008,AA_2008,0
-5.8666496,-0.366886147,CCCCCCCCCCCCCCCNC(=O)CCN(CCC(=O)NCCCCCCCCCCCCCCC)CCN(CCC(=O)NCCCCCCCCCCCCCCC)CCN(CCC(=O)NCCCCCCCCCCCCCCC)CCN(CCC(=O)NCCCCCCCCCCCCCCC)CCC(=O)NCCCCCCCCCCCCCCC,AA_2008,AA_2008,0
-5.4312606,-0.366886147,CCCCCCCCCCCCCCCNC(=O)CCN(CCC(=O)NCCCCCCCCCCCCCCC)CCN(CCC(=O)NCCCCCCCCCCCCCCC)CCC(=O)NCCCCCCCCCCCCCCC,AA_2008,AA_2008,0
-6.378133,-0.366886147,CCCCCCCCCCCCCCCNC(=O)CCN(CCO)CCN(CCC(=O)NCCCCCCCCCCCCCCC)CCC(=O)NCCCCCCCCCCCCCCC,AA_2008,AA_2008,0
-6.478358,-0.366886147,CCCCCCCCCCCCCCCNC(=O)CCN(CCC(=O)NCCCCCCCCCCCCCCC)CC(O)CO,AA_2008,AA_2008,0
-5.525802,-0.366886147,CCCCCCCCCCCCCCCCNC(=O)CCN(CCC(=O)NCCCCCCCCCCCCCCCC)CCC1OCCO1,AA_2008,AA_2008,0
-5.348672,-0.366886147,CCCCCCCCCCCCCCCCNC(=O)CCN(CCC(=O)NCCCCCCCCCCCCCCCC)CC1COC(C)(C)O1,AA_2008,AA_2008,0
-5.4419737,-0.366886147,CCCCCCCCCCCCCCCCNC(=O)CCN(CCOC)CCC(=O)NCCCCCCCCCCCCCCCC,AA_2008,AA_2008,0
-5.8775744,-0.366886147,CCCCCCCCCCCCCCCCNC(=O)CCN(CCOCC)CCC(=O)NCCCCCCCCCCCCCCCC,AA_2008,AA_2008,0
-5.26939,-0.366886147,CCCCCCCCCCCCCCCCNC(=O)CCN(CCC(=O)NCCCCCCCCCCCCCCCC)CC(OC)OC,AA_2008,AA_2008,0
-6.0381327,-0.366886147,CCCCCCCCCCCCCCCCNC(=O)CCN(CCC(=O)NCCCCCCCCCCCCCCCC)CC1CCCO1,AA_2008,AA_2008,0
-5.4808054,-0.366886147,CCCCCCCCCCCCCCCCNC(=O)CCN(CCC(=O)NCCCCCCCCCCCCCCCC)CCc1ccc(OC)c(OC)c1,AA_2008,AA_2008,0
-5.6184,-0.366886147,CCCCCCCCCCCCCCCCNC(=O)CCN(CCCO)CCC(=O)NCCCCCCCCCCCCCCCC,AA_2008,AA_2008,0
-6.417308,-0.366886147,CCCCCCCCCCCCCCCCNC(=O)CCN(CCC(=O)NCCCCCCCCCCCCCCCC)CC(C)O,AA_2008,AA_2008,0
-6.417308,-0.366886147,CCCCCCCCCCCCCCCCNC(=O)CCN(CCC(=O)NCCCCCCCCCCCCCCCC)CC(C)O,AA_2008,AA_2008,0
-6.271938,-0.366886147,CCCCCCCCCCCCCCCCNC(=O)CCN(CCC(=O)NCCCCCCCCCCCCCCCC)C(CO)CO,AA_2008,AA_2008,0
-6.3351135,-0.366886147,CCCCCCCCCCCCCCCCNC(=O)CCN(CCC(=O)NCCCCCCCCCCCCCCCC)C(C)(CO)CO,AA_2008,AA_2008,0
-5.374775,-0.366886147,CCCCCCCCCCCCCCCCNC(=O)CCN(CCCCO)CCC(=O)NCCCCCCCCCCCCCCCC,AA_2008,AA_2008,0
-6.1488543,-0.366886147,CCCCCCCCCCCCCCCCNC(=O)CCN(CCOCCO)CCC(=O)NCCCCCCCCCCCCCCCC,AA_2008,AA_2008,0
-5.248473,-0.366886147,CCCCCCCCCCCCCCCCNC(=O)CCN(CCCCCO)CCC(=O)NCCCCCCCCCCCCCCCC,AA_2008,AA_2008,0
-6.157844,-0.366886147,CCCCCCCCCCCCCCCCNC(=O)CCN(CCC(=O)NCCCCCCCCCCCCCCCC)CC(C)(C)CO,AA_2008,AA_2008,0
-6.3505864,-0.366886147,CCCCCCCCCCCCCCCCNC(=O)CCN(CCC(=O)NCCCCCCCCCCCCCCCC)C(CC)(CO)CO,AA_2008,AA_2008,0
-5.0884995,-0.366886147,CCCCCCCCCCCCCCCCNC(=O)CCN(CCCCCCO)CCC(=O)NCCCCCCCCCCCCCCCC,AA_2008,AA_2008,0
-5.652267,-0.366886147,CCCCCCCCCCCCCCCCNC(=O)CCN(CCC(=O)NCCCCCCCCCCCCCCCC)C1CCC(O)CC1,AA_2008,AA_2008,0
-3.6303897,-0.366886147,CCCCCCCCCCCCCCCCNC(=O)CCN(CCCN(C)C)CCC(=O)NCCCCCCCCCCCCCCCC,AA_2008,AA_2008,0
-3.4747996,-0.366886147,CCCCCCCCCCCCCCCCNC(=O)CCN(CCCN(CC)CC)CCC(=O)NCCCCCCCCCCCCCCCC,AA_2008,AA_2008,0
-6.2114882,-0.366886147,CCCCCCCCCCCCCCCCNC(=O)CCN(CCC(=O)NCCCCCCCCCCCCCCCC)CCN1CCCCC1,AA_2008,AA_2008,0
-5.480918,-0.366886147,CCCCCCCCCCCCCCCCNC(=O)CCN(CCC(=O)NCCCCCCCCCCCCCCCC)CCN(CCO)CCO,AA_2008,AA_2008,0
-4.5144567,-0.366886147,CCCCCCCCCCCCCCCCNC(=O)CCN(CCCN(CCO)CCO)CCC(=O)NCCCCCCCCCCCCCCCC,AA_2008,AA_2008,0
-6.104139,-0.366886147,CCCCCCCCCCCCCCCCNC(=O)CCN(CCC(=O)NCCCCCCCCCCCCCCCC)CCN1CCOCC1,AA_2008,AA_2008,0
-5.847373,-0.366886147,CCCCCCCCCCCCCCCCNC(=O)CCN(CCCN1CCOCC1)CCC(=O)NCCCCCCCCCCCCCCCC,AA_2008,AA_2008,0
-5.5376267,-0.366886147,CCCCCCCCCCCCCCCCNC(=O)CCN(CCCn1ccnc1)CCC(=O)NCCCCCCCCCCCCCCCC,AA_2008,AA_2008,0
-6.590623,-0.366886147,CCCCCCCCCCCCCCCCNC(=O)CCN(CCC(=O)NCCCCCCCCCCCCCCCC)CCc1c[nH]cn1,AA_2008,AA_2008,0
-4.377206,-0.366886147,CCCCCCCCCCCCCCCCNC(=O)CCN(C)CCN(CCC(=O)NCCCCCCCCCCCCCCCC)CCC(=O)NCCCCCCCCCCCCCCCC,AA_2008,AA_2008,0
-4.5312457,-0.366886147,CCCCCCCCCCCCCCCCNC(=O)CCN(C)CCCN(CCC(=O)NCCCCCCCCCCCCCCCC)CCC(=O)NCCCCCCCCCCCCCCCC,AA_2008,AA_2008,0
-6.2703524,-0.366886147,CCCCCCCCCCCCCCCCNC(=O)CCN(CCC(=O)NCCCCCCCCCCCCCCCC)CCN(CCC(=O)NCCCCCCCCCCCCCCCC)CCN(CCC(=O)NCCCCCCCCCCCCCCCC)CCN(CCC(=O)NCCCCCCCCCCCCCCCC)CCC(=O)NCCCCCCCCCCCCCCCC,AA_2008,AA_2008,0
-5.387758,-0.366886147,CCCCCCCCCCCCCCCCNC(=O)CCN(CCC(=O)NCCCCCCCCCCCCCCCC)CCN(CCC(=O)NCCCCCCCCCCCCCCCC)CCC(=O)NCCCCCCCCCCCCCCCC,AA_2008,AA_2008,0
-6.8161697,-0.366886147,CCCCCCCCCCCCCCCCNC(=O)CCN(CCO)CCN(CCC(=O)NCCCCCCCCCCCCCCCC)CCC(=O)NCCCCCCCCCCCCCCCC,AA_2008,AA_2008,0
-6.134191,-0.366886147,CCCCCCCCCCCCCCCCNC(=O)CCN(CCC(=O)NCCCCCCCCCCCCCCCC)CC(O)CO,AA_2008,AA_2008,0
-5.5593786,-0.366886147,CCCCCCCCCCCCCCCCCCNC(=O)CCN(CCCOC)CCC(=O)NCCCCCCCCCCCCCCCCCC,AA_2008,AA_2008,0
-5.960317,-0.366886147,CCCCCCCCCCCCCCCCCCNC(=O)CCN(CCC(=O)NCCCCCCCCCCCCCCCCCC)CCC1OCCO1,AA_2008,AA_2008,0
-6.039744,-0.366886147,CCCCCCCCCCCCCCCCCCNC(=O)CCN(CCC(=O)NCCCCCCCCCCCCCCCCCC)CC1COC(C)(C)O1,AA_2008,AA_2008,0
-5.6426854,-0.366886147,CCCCCCCCCCCCCCCCCCNC(=O)CCN(CCOC)CCC(=O)NCCCCCCCCCCCCCCCCCC,AA_2008,AA_2008,0
-6.0450163,-0.366886147,CCCCCCCCCCCCCCCCCCNC(=O)CCN(CCOCC)CCC(=O)NCCCCCCCCCCCCCCCCCC,AA_2008,AA_2008,0
-5.4115615,-0.366886147,CCCCCCCCCCCCCCCCCCNC(=O)CCN(CCC(=O)NCCCCCCCCCCCCCCCCCC)CC(OC)OC,AA_2008,AA_2008,0
-6.31243,-0.366886147,CCCCCCCCCCCCCCCCCCNC(=O)CCN(CCC(=O)NCCCCCCCCCCCCCCCCCC)CC1CCCO1,AA_2008,AA_2008,0
-6.1962814,-0.366886147,CCCCCCCCCCCCCCCCCCNC(=O)CCN(CCC(=O)NCCCCCCCCCCCCCCCCCC)CCc1ccc(OC)c(OC)c1,AA_2008,AA_2008,0
-6.2101855,-0.366886147,CCCCCCCCCCCCCCCCCCNC(=O)CCN(CCCO)CCC(=O)NCCCCCCCCCCCCCCCCCC,AA_2008,AA_2008,0
-6.583081,-0.366886147,CCCCCCCCCCCCCCCCCCNC(=O)CCN(CCC(=O)NCCCCCCCCCCCCCCCCCC)CC(C)O,AA_2008,AA_2008,0
-6.583081,-0.366886147,CCCCCCCCCCCCCCCCCCNC(=O)CCN(CCC(=O)NCCCCCCCCCCCCCCCCCC)CC(C)O,AA_2008,AA_2008,0
-5.7650857,-0.366886147,CCCCCCCCCCCCCCCCCCNC(=O)CCN(CCC(=O)NCCCCCCCCCCCCCCCCCC)C(CO)CO,AA_2008,AA_2008,0
-6.103949,-0.366886147,CCCCCCCCCCCCCCCCCCNC(=O)CCN(CCC(=O)NCCCCCCCCCCCCCCCCCC)C(C)(CO)CO,AA_2008,AA_2008,0
-5.775245,-0.366886147,CCCCCCCCCCCCCCCCCCNC(=O)CCN(CCCCO)CCC(=O)NCCCCCCCCCCCCCCCCCC,AA_2008,AA_2008,0
-6.6503067,-0.366886147,CCCCCCCCCCCCCCCCCCNC(=O)CCN(CCOCCO)CCC(=O)NCCCCCCCCCCCCCCCCCC,AA_2008,AA_2008,0
-5.4309607,-0.366886147,CCCCCCCCCCCCCCCCCCNC(=O)CCN(CCCCCO)CCC(=O)NCCCCCCCCCCCCCCCCCC,AA_2008,AA_2008,0
-6.2123733,-0.366886147,CCCCCCCCCCCCCCCCCCNC(=O)CCN(CCC(=O)NCCCCCCCCCCCCCCCCCC)CC(C)(C)CO,AA_2008,AA_2008,0
-5.801818,-0.366886147,CCCCCCCCCCCCCCCCCCNC(=O)CCN(CCC(=O)NCCCCCCCCCCCCCCCCCC)C(CC)(CO)CO,AA_2008,AA_2008,0
-5.4712195,-0.366886147,CCCCCCCCCCCCCCCCCCNC(=O)CCN(CCCCCCO)CCC(=O)NCCCCCCCCCCCCCCCCCC,AA_2008,AA_2008,0
-6.3817663,-0.366886147,CCCCCCCCCCCCCCCCCCNC(=O)CCN(CCC(=O)NCCCCCCCCCCCCCCCCCC)C1CCC(O)CC1,AA_2008,AA_2008,0
-4.922444,-0.366886147,CCCCCCCCCCCCCCCCCCNC(=O)CCN(C)CCN(C)CCC(=O)NCCCCCCCCCCCCCCCCCC,AA_2008,AA_2008,0
-5.53726,-0.366886147,CCCCCCCCCCCCCCCCCCNC(=O)CCN(CC)CCN(CC)CCC(=O)NCCCCCCCCCCCCCCCCCC,AA_2008,AA_2008,0
-5.6236534,-0.366886147,CCCCCCCCCCCCCCCCCCNC(=O)CCN(CCN(CCC(=O)NCCCCCCCCCCCCCCCCCC)C(C)C)C(C)C,AA_2008,AA_2008,0
-5.238113,-0.366886147,CCCCCCCCCCCCCCCCCCNC(=O)CCN(C)CCCN(C)CCC(=O)NCCCCCCCCCCCCCCCCCC,AA_2008,AA_2008,0
-4.1183596,-0.366886147,CCCCCCCCCCCCCCCCCCNC(=O)CCN(CCC(=O)NCCCCCCCCCCCCCCCCCC)CCN1CCCC1,AA_2008,AA_2008,0
-4.676885,-0.366886147,CCCCCCCCCCCCCCCCCCNC(=O)CCN(CCC(=O)NCCCCCCCCCCCCCCCCCC)CCC1CCCN1C,AA_2008,AA_2008,0
-5.0455537,-0.366886147,CCCCCCCCCCCCCCCCCCNC(=O)CCN(CCC(=O)NCCCCCCCCCCCCCCCCCC)C(C)CN(C)C,AA_2008,AA_2008,0
-3.753077,-0.366886147,CCCCCCCCCCCCCCCCCCNC(=O)CCN(CCCN(C)C)CCC(=O)NCCCCCCCCCCCCCCCCCC,AA_2008,AA_2008,0
-3.237443,-0.366886147,CCCCCCCCCCCCCCCCCCNC(=O)CCN(CCCN(CC)CC)CCC(=O)NCCCCCCCCCCCCCCCCCC,AA_2008,AA_2008,0
-6.151409,-0.366886147,CCCCCCCCCCCCCCCCCCNC(=O)CCN(CCC(=O)NCCCCCCCCCCCCCCCCCC)CCN1CCCCC1,AA_2008,AA_2008,0
-6.04436,-0.366886147,CCCCCCCCCCCCCCCCCCNC(=O)CCN(CCC(=O)NCCCCCCCCCCCCCCCCCC)CCN(CCO)CCO,AA_2008,AA_2008,0
-4.6275487,-0.366886147,CCCCCCCCCCCCCCCCCCNC(=O)CCN(CCCN(CCO)CCO)CCC(=O)NCCCCCCCCCCCCCCCCCC,AA_2008,AA_2008,0
-6.5859766,-0.366886147,CCCCCCCCCCCCCCCCCCNC(=O)CCN(CCC(=O)NCCCCCCCCCCCCCCCCCC)CCN1CCOCC1,AA_2008,AA_2008,0
-6.1605015,-0.366886147,CCCCCCCCCCCCCCCCCCNC(=O)CCN(CCCN1CCOCC1)CCC(=O)NCCCCCCCCCCCCCCCCCC,AA_2008,AA_2008,0
-5.445382,-0.366886147,CCCCCCCCCCCCCCCCCCNC(=O)CCN(CCCn1ccnc1)CCC(=O)NCCCCCCCCCCCCCCCCCC,AA_2008,AA_2008,0
-6.809078,-0.366886147,CCCCCCCCCCCCCCCCCCNC(=O)CCN(CCC(=O)NCCCCCCCCCCCCCCCCCC)CCc1c[nH]cn1,AA_2008,AA_2008,0
-4.2359266,-0.366886147,CCCCCCCCCCCCCCCCCCNC(=O)CCN(C)CCN(CCC(=O)NCCCCCCCCCCCCCCCCCC)CCC(=O)NCCCCCCCCCCCCCCCCCC,AA_2008,AA_2008,0
-4.90625,-0.366886147,CCCCCCCCCCCCCCCCCCNC(=O)CCN(C)CCCN(CCC(=O)NCCCCCCCCCCCCCCCCCC)CCC(=O)NCCCCCCCCCCCCCCCCCC,AA_2008,AA_2008,0
-6.8209414,-0.366886147,CCCCCCCCCCCCCCCCCCNC(=O)CCN(CCC(=O)NCCCCCCCCCCCCCCCCCC)CCN(CCC(=O)NCCCCCCCCCCCCCCCCCC)CCN(CCC(=O)NCCCCCCCCCCCCCCCCCC)CCN(CCC(=O)NCCCCCCCCCCCCCCCCCC)CCC(=O)NCCCCCCCCCCCCCCCCCC,AA_2008,AA_2008,0
-5.5536833,-0.366886147,CCCCCCCCCCCCCCCCCCNC(=O)CCN(CCC(=O)NCCCCCCCCCCCCCCCCCC)CCN(CCC(=O)NCCCCCCCCCCCCCCCCCC)CCC(=O)NCCCCCCCCCCCCCCCCCC,AA_2008,AA_2008,0
-4.3902125,-0.366886147,CCCCCCCCCCCCCCCCCCNC(=O)CCN(CCCN(CCC(=O)NCCCCCCCCCCCCCCCCCC)CCC(=O)NCCCCCCCCCCCCCCCCCC)CCC(=O)NCCCCCCCCCCCCCCCCCC,AA_2008,AA_2008,0
-6.135781,-0.366886147,CCCCCCCCCCCCCCCCCCNC(=O)CCN(CCO)CCN(CCO)CCC(=O)NCCCCCCCCCCCCCCCCCC,AA_2008,AA_2008,0
-6.7064285,-0.366886147,CCCCCCCCCCCCCCCCCCNC(=O)CCN(CCO)CCN(CCC(=O)NCCCCCCCCCCCCCCCCCC)CCC(=O)NCCCCCCCCCCCCCCCCCC,AA_2008,AA_2008,0
-2.00916,-0.747611765,CCCCCCCC/C=C\CCCCCCCCNC(=O)C(CCCCCCCCC)NCCN(C)C,JC_2023,JC_2023,0
-1.6215093,0.077655342,CCCCCCCC/C=C\CCCCCCCCNC(=O)C(CCCCCCCCC)NCCCN(CC)CC,JC_2023,JC_2023,1
-3.0399826,0.545306703,CCCCCCCC/C=C\CCCCCCCCNC(=O)C(CCCCCCCCC)NCCC(C(C)C)C(C)C,JC_2023,JC_2023,1
-0.99891126,-0.087398079,CCCCCCCC/C=C\CCCCCCCCNC(=O)C(CCCCCCCCC)NCCCN(CCCC)CCCC,JC_2023,JC_2023,0
-1.7512788,0.655342317,CCCCCCCC/C=C\CCCCCCCCNC(=O)C(CCCCCCCCC)NCCN(CC)CC,JC_2023,JC_2023,1
-2.0094852,0.105164246,CCCCCCCC/C=C\CCCCCCCCNC(=O)C(CCCCCCCCC)NCCCN(C)C,JC_2023,JC_2023,1
-3.7716796,1.975769688,CCCCCCCC/C=C\CCCCCCCCNC(=O)C(CCCCCCCCC)NCCCN(C)CCCN,JC_2023,JC_2023,3
-4.2088413,0.13267315,CCCCCCCC/C=C\CCCCCCCCNC(=O)C(CCCCCCCCC)NCC1CCCN1CC,JC_2023,JC_2023,1
-0.53977543,-0.059889175,CCCCCCCC/C=C\CCCCCCCCNC(=O)C(CCCCCCCCC)NCCCN1CCCC1,JC_2023,JC_2023,0
-3.3944666,-0.857647379,CCCCCCCC/C=C\CCCCCCCCNC(=O)C(CCCCCCCCC)NN1CCOCC1,JC_2023,JC_2023,0
-0.05971387,-0.197433693,CCCCCCCC/C=C\CCCCCCCCNC(=O)C(CCCCCCCCC)NCCN1CCCC1,JC_2023,JC_2023,0
-3.3547235,-0.087398079,CCCCCCCC/C=C\CCCCCCCCNC(=O)C(CCCCCCCCC)NC1CCN(C)CC1,JC_2023,JC_2023,0
-3.406173,-0.445013825,CCCCCCCC/C=C\CCCCCCCCNC(=O)C(CCCCCCCCC)NN1CCCCC1,JC_2023,JC_2023,0
-1.2687511,-0.224942597,CCCCCCCC/C=C\CCCCCCCCNC(=O)C(CCCCCCCCC)NCCN1CCCCC1,JC_2023,JC_2023,0
-4.8407555,0.655342317,CCCCCCCC/C=C\CCCCCCCCNC(=O)C(CCCCCCCCC)NCCN1CCNCC1,JC_2023,JC_2023,1
-3.308417,-0.610067247,CCCCCCCC/C=C\CCCCCCCCNC(=O)C(CCCCCCCCC)NCCCN1CCOCC1,JC_2023,JC_2023,0
-1.4808494,0.325235474,CCCCCCCC/C=C\CCCCCCCCNC(=O)C(CCCCCCCCCCCCCCC)NCCN(C)C,JC_2023,JC_2023,1
-1.8596709,1.975769688,CCCCCCCC/C=C\CCCCCCCCNC(=O)C(CCCCCCCCCCCCCCC)NCCCN(CC)CC,JC_2023,JC_2023,3
-2.9742956,1.975769688,CCCCCCCC/C=C\CCCCCCCCNC(=O)C(CCCCCCCCCCCCCCC)NCCC(C(C)C)C(C)C,JC_2023,JC_2023,3
-2.5097427,1.233029292,CCCCCCCC/C=C\CCCCCCCCNC(=O)C(CCCCCCCCCCCCCCC)NCCCN(CCCC)CCCC,JC_2023,JC_2023,1
-2.3409631,1.975769688,CCCCCCCC/C=C\CCCCCCCCNC(=O)C(CCCCCCCCCCCCCCC)NCCN(CC)CC,JC_2023,JC_2023,3
-1.2672573,1.563136135,CCCCCCCC/C=C\CCCCCCCCNC(=O)C(CCCCCCCCCCCCCCC)NCCCN(C)C,JC_2023,JC_2023,2
-2.6549404,1.75569846,CCCCCCCC/C=C\CCCCCCCCNC(=O)C(CCCCCCCCCCCCCCC)NCCCN(C)CCCN,JC_2023,JC_2023,2
-4.09059,1.563136135,CCCCCCCC/C=C\CCCCCCCCNC(=O)C(CCCCCCCCCCCCCCC)NCC1CCCN1CC,JC_2023,JC_2023,2
-2.2891307,1.700680653,CCCCCCCC/C=C\CCCCCCCCNC(=O)C(CCCCCCCCCCCCCCC)NCCCN1CCCC1,JC_2023,JC_2023,2
-3.0786815,-0.032380272,CCCCCCCC/C=C\CCCCCCCCNC(=O)C(CCCCCCCCCCCCCCC)NN1CCOCC1,JC_2023,JC_2023,0
-0.7588528,1.122993678,CCCCCCCC/C=C\CCCCCCCCNC(=O)C(CCCCCCCCCCCCCCC)NCCN1CCCC1,JC_2023,JC_2023,1
-2.4750628,1.75569846,CCCCCCCC/C=C\CCCCCCCCNC(=O)C(CCCCCCCCCCCCCCC)NC1CCN(C)CC1,JC_2023,JC_2023,2
-3.1268458,-0.059889175,CCCCCCCC/C=C\CCCCCCCCNC(=O)C(CCCCCCCCCCCCCCC)NN1CCCCC1,JC_2023,JC_2023,0
-1.2421405,1.920751881,CCCCCCCC/C=C\CCCCCCCCNC(=O)C(CCCCCCCCCCCCCCC)NCCN1CCCCC1,JC_2023,JC_2023,2
-4.438545,0.517797799,CCCCCCCC/C=C\CCCCCCCCNC(=O)C(CCCCCCCCCCCCCCC)NCCN1CCNCC1,JC_2023,JC_2023,1
-2.8531218,-0.830138475,CCCCCCCC/C=C\CCCCCCCCNC(=O)C(CCCCCCCCCCCCCCC)NCCCN1CCOCC1,JC_2023,JC_2023,0
-1.4114628,0.737869028,CCCCCCCC/C=C\CCCCCCCCNC(=O)C(CCCCCCC/C=C\CCCCCCCC)NCCN(C)C,JC_2023,JC_2023,1
-1.8286481,1.948260785,CCCCCCCC/C=C\CCCCCCCCNC(=O)C(CCCCCCC/C=C\CCCCCCCC)NCCCN(CC)CC,JC_2023,JC_2023,2
-2.8827493,1.343064906,CCCCCCCC/C=C\CCCCCCCCNC(=O)C(CCCCCCC/C=C\CCCCCCCC)NCCC(C(C)C)C(C)C,JC_2023,JC_2023,1
-1.8598652,1.067975871,CCCCCCCC/C=C\CCCCCCCCNC(=O)C(CCCCCCC/C=C\CCCCCCCC)NCCCN(CCCC)CCCC,JC_2023,JC_2023,1
-1.2273703,1.398082713,CCCCCCCC/C=C\CCCCCCCCNC(=O)C(CCCCCCC/C=C\CCCCCCCC)NCCN(CC)CC,JC_2023,JC_2023,1
-1.7932898,1.975769688,CCCCCCCC/C=C\CCCCCCCCNC(=O)C(CCCCCCC/C=C\CCCCCCCC)NCCCN(C)C,JC_2023,JC_2023,3
-3.249019,1.343064906,CCCCCCCC/C=C\CCCCCCCCNC(=O)C(CCCCCCC/C=C\CCCCCCCC)NCCCN(C)CCCN,JC_2023,JC_2023,1
-4.1991487,1.948260785,CCCCCCCC/C=C\CCCCCCCCNC(=O)C(CCCCCCC/C=C\CCCCCCCC)NCC1CCCN1CC,JC_2023,JC_2023,2
-1.639837,1.975769688,CCCCCCCC/C=C\CCCCCCCCNC(=O)C(CCCCCCC/C=C\CCCCCCCC)NCCCN1CCCC1,JC_2023,JC_2023,3
-2.9426777,0.352744378,CCCCCCCC/C=C\CCCCCCCCNC(=O)C(CCCCCCC/C=C\CCCCCCCC)NN1CCOCC1,JC_2023,JC_2023,1
-0.8046937,0.875413546,CCCCCCCC/C=C\CCCCCCCCNC(=O)C(CCCCCCC/C=C\CCCCCCCC)NCCN1CCCC1,JC_2023,JC_2023,1
-2.1943989,1.618153942,CCCCCCCC/C=C\CCCCCCCCNC(=O)C(CCCCCCC/C=C\CCCCCCCC)NC1CCN(C)CC1,JC_2023,JC_2023,2
-3.5211253,-0.087398079,CCCCCCCC/C=C\CCCCCCCCNC(=O)C(CCCCCCC/C=C\CCCCCCCC)NN1CCCCC1,JC_2023,JC_2023,0
-2.3448155,-0.472522729,CCCCCCCC/C=C\CCCCCCCCNC(=O)C(CCCCCCC/C=C\CCCCCCCC)NCCN1CCCCC1,JC_2023,JC_2023,0
-3.8531742,-1.0227008,CCCCCCCC/C=C\CCCCCCCCNC(=O)C(CCCCCCC/C=C\CCCCCCCC)NCCN1CCNCC1,JC_2023,JC_2023,0
-1.7483501,-0.389996018,CCCCCCCC/C=C\CCCCCCCCNC(=O)C(CCCCCCC/C=C\CCCCCCCC)NCCCN1CCOCC1,JC_2023,JC_2023,0
-1.7736181,-0.334978211,CCCCCCCC/C=C\CCCCCCCCNC(=O)C(CCCCCOC(=O)C(CCCCCC)CCCCCCCC)NCCN(C)C,JC_2023,JC_2023,0
-1.6440637,-0.004871368,CCCCCCCC/C=C\CCCCCCCCNC(=O)C(CCCCCOC(=O)C(CCCCCC)CCCCCCCC)NCCCN(CC)CC,JC_2023,JC_2023,0
-2.3304188,-0.417504922,CCCCCCCC/C=C\CCCCCCCCNC(=O)C(CCCCCOC(=O)C(CCCCCC)CCCCCCCC)NCCC(C(C)C)C(C)C,JC_2023,JC_2023,0
-1.1461364,-0.059889175,CCCCCCCC/C=C\CCCCCCCCNC(=O)C(CCCCCOC(=O)C(CCCCCC)CCCCCCCC)NCCCN(CCCC)CCCC,JC_2023,JC_2023,0
-1.7159467,0.270217667,CCCCCCCC/C=C\CCCCCCCCNC(=O)C(CCCCCOC(=O)C(CCCCCC)CCCCCCCC)NCCN(CC)CC,JC_2023,JC_2023,1
-2.0422604,0.325235474,CCCCCCCC/C=C\CCCCCCCCNC(=O)C(CCCCCOC(=O)C(CCCCCC)CCCCCCCC)NCCCN(C)C,JC_2023,JC_2023,1
-3.0655591,0.105164246,CCCCCCCC/C=C\CCCCCCCCNC(=O)C(CCCCCOC(=O)C(CCCCCC)CCCCCCCC)NCCCN(C)CCCN,JC_2023,JC_2023,1
-3.0507908,-0.307469308,CCCCCCCC/C=C\CCCCCCCCNC(=O)C(CCCCCOC(=O)C(CCCCCC)CCCCCCCC)NCC1CCCN1CC,JC_2023,JC_2023,0
-0.09651716,-0.087398079,CCCCCCCC/C=C\CCCCCCCCNC(=O)C(CCCCCOC(=O)C(CCCCCC)CCCCCCCC)NCCCN1CCCC1,JC_2023,JC_2023,0
-3.2509453,0.270217667,CCCCCCCC/C=C\CCCCCCCCNC(=O)C(CCCCCOC(=O)C(CCCCCC)CCCCCCCC)NN1CCOCC1,JC_2023,JC_2023,1
0.7022747,0.077655342,CCCCCCCC/C=C\CCCCCCCCNC(=O)C(CCCCCOC(=O)C(CCCCCC)CCCCCCCC)NCCN1CCCC1,JC_2023,JC_2023,1
-3.3589406,-0.059889175,CCCCCCCC/C=C\CCCCCCCCNC(=O)C(CCCCCOC(=O)C(CCCCCC)CCCCCCCC)NC1CCN(C)CC1,JC_2023,JC_2023,0
-2.9898126,-0.445013825,CCCCCCCC/C=C\CCCCCCCCNC(=O)C(CCCCCOC(=O)C(CCCCCC)CCCCCCCC)NN1CCCCC1,JC_2023,JC_2023,0
-0.5333117,-0.55504944,CCCCCCCC/C=C\CCCCCCCCNC(=O)C(CCCCCOC(=O)C(CCCCCC)CCCCCCCC)NCCN1CCCCC1,JC_2023,JC_2023,0
-3.6468463,-0.142415886,CCCCCCCC/C=C\CCCCCCCCNC(=O)C(CCCCCOC(=O)C(CCCCCC)CCCCCCCC)NCCN1CCNCC1,JC_2023,JC_2023,0
-2.1073494,1.700680653,CCCCCCCC/C=C\CCCCCCCCNC(=O)C(CCCCCOC(=O)C(CCCCCC)CCCCCCCC)NCCCN1CCOCC1,JC_2023,JC_2023,2
-1.7838596,0.930431353,CCCCCCCC/C=C\CCCCCCCCNC(=O)C(CCCCCOC(=O)CCC(C)CCCCC)NCCN(C)C,JC_2023,JC_2023,1
-1.397105,0.737869028,CCCCCCCC/C=C\CCCCCCCCNC(=O)C(CCCCCOC(=O)CCC(C)CCCCC)NCCCN(CC)CC,JC_2023,JC_2023,1
-2.0055463,0.13267315,CCCCCCCC/C=C\CCCCCCCCNC(=O)C(CCCCCOC(=O)CCC(C)CCCCC)NCCC(C(C)C)C(C)C,JC_2023,JC_2023,1
3.952792,0.682851221,CCCCCCCC/C=C\CCCCCCCCNC(=O)C(CCCCCOC(=O)CCC(C)CCCCC)NCCCN(CCCC)CCCC,JC_2023,JC_2023,1
-1.6136303,0.60032451,CCCCCCCC/C=C\CCCCCCCCNC(=O)C(CCCCCOC(=O)CCC(C)CCCCC)NCCN(CC)CC,JC_2023,JC_2023,1
-1.7718931,1.975769688,CCCCCCCC/C=C\CCCCCCCCNC(=O)C(CCCCCOC(=O)CCC(C)CCCCC)NCCCN(C)C,JC_2023,JC_2023,3
-3.9812987,0.545306703,CCCCCCCC/C=C\CCCCCCCCNC(=O)C(CCCCCOC(=O)CCC(C)CCCCC)NCCCN(C)CCCN,JC_2023,JC_2023,1
-2.974337,1.122993678,CCCCCCCC/C=C\CCCCCCCCNC(=O)C(CCCCCOC(=O)CCC(C)CCCCC)NCC1CCCN1CC,JC_2023,JC_2023,1
1.391969,1.783207363,CCCCCCCC/C=C\CCCCCCCCNC(=O)C(CCCCCOC(=O)CCC(C)CCCCC)NCCCN1CCCC1,JC_2023,JC_2023,2
-3.8624065,0.270217667,CCCCCCCC/C=C\CCCCCCCCNC(=O)C(CCCCCOC(=O)CCC(C)CCCCC)NN1CCOCC1,JC_2023,JC_2023,1
5.068923,1.975769688,CCCCCCCC/C=C\CCCCCCCCNC(=O)C(CCCCCOC(=O)CCC(C)CCCCC)NCCN1CCCC1,JC_2023,JC_2023,3
-3.21371,0.270217667,CCCCCCCC/C=C\CCCCCCCCNC(=O)C(CCCCCOC(=O)CCC(C)CCCCC)NC1CCN(C)CC1,JC_2023,JC_2023,1
-3.115667,-0.389996018,CCCCCCCC/C=C\CCCCCCCCNC(=O)C(CCCCCOC(=O)CCC(C)CCCCC)NN1CCCCC1,JC_2023,JC_2023,0
-0.15249498,0.050146439,CCCCCCCC/C=C\CCCCCCCCNC(=O)C(CCCCCOC(=O)CCC(C)CCCCC)NCCN1CCCCC1,JC_2023,JC_2023,1
-4.7802386,1.288047099,CCCCCCCC/C=C\CCCCCCCCNC(=O)C(CCCCCOC(=O)CCC(C)CCCCC)NCCN1CCNCC1,JC_2023,JC_2023,1
-2.4173028,1.975769688,CCCCCCCC/C=C\CCCCCCCCNC(=O)C(CCCCCOC(=O)CCC(C)CCCCC)NCCCN1CCOCC1,JC_2023,JC_2023,3
-1.7977798,0.187690957,CCCCCCCC/C=C\CCCCCCCCNC(=O)C(CCCCCOC(=O)CCCCCCCCCCC)NCCN(C)C,JC_2023,JC_2023,1
-1.7161982,0.627833414,CCCCCCCC/C=C\CCCCCCCCNC(=O)C(CCCCCOC(=O)CCCCCCCCCCC)NCCCN(CC)CC,JC_2023,JC_2023,1
-2.294287,0.435271089,CCCCCCCC/C=C\CCCCCCCCNC(=O)C(CCCCCOC(=O)CCCCCCCCCCC)NCCC(C(C)C)C(C)C,JC_2023,JC_2023,1
-0.20879075,-0.334978211,CCCCCCCC/C=C\CCCCCCCCNC(=O)C(CCCCCOC(=O)CCCCCCCCCCC)NCCCN(CCCC)CCCC,JC_2023,JC_2023,0
-2.4304261,0.187690957,CCCCCCCC/C=C\CCCCCCCCNC(=O)C(CCCCCOC(=O)CCCCCCCCCCC)NCCN(CC)CC,JC_2023,JC_2023,1
-1.8862332,1.45310052,CCCCCCCC/C=C\CCCCCCCCNC(=O)C(CCCCCOC(=O)CCCCCCCCCCC)NCCCN(C)C,JC_2023,JC_2023,1
-4.3297462,-0.087398079,CCCCCCCC/C=C\CCCCCCCCNC(=O)C(CCCCCOC(=O)CCCCCCCCCCC)NCCCN(C)CCCN,JC_2023,JC_2023,0
-4.0457153,1.975769688,CCCCCCCC/C=C\CCCCCCCCNC(=O)C(CCCCCOC(=O)CCCCCCCCCCC)NCC1CCCN1CC,JC_2023,JC_2023,3
-0.6331167,0.655342317,CCCCCCCC/C=C\CCCCCCCCNC(=O)C(CCCCCOC(=O)CCCCCCCCCCC)NCCCN1CCCC1,JC_2023,JC_2023,1
-3.83745,-0.142415886,CCCCCCCC/C=C\CCCCCCCCNC(=O)C(CCCCCOC(=O)CCCCCCCCCCC)NN1CCOCC1,JC_2023,JC_2023,0
0.87523764,0.792886835,CCCCCCCC/C=C\CCCCCCCCNC(=O)C(CCCCCOC(=O)CCCCCCCCCCC)NCCN1CCCC1,JC_2023,JC_2023,1
-3.7189162,0.105164246,CCCCCCCC/C=C\CCCCCCCCNC(=O)C(CCCCCOC(=O)CCCCCCCCCCC)NC1CCN(C)CC1,JC_2023,JC_2023,1
-3.4304414,-0.032380272,CCCCCCCC/C=C\CCCCCCCCNC(=O)C(CCCCCOC(=O)CCCCCCCCCCC)NN1CCCCC1,JC_2023,JC_2023,0
-1.2320285,-0.142415886,CCCCCCCC/C=C\CCCCCCCCNC(=O)C(CCCCCOC(=O)CCCCCCCCCCC)NCCN1CCCCC1,JC_2023,JC_2023,0
-4.3877783,1.700680653,CCCCCCCC/C=C\CCCCCCCCNC(=O)C(CCCCCOC(=O)CCCCCCCCCCC)NCCN1CCNCC1,JC_2023,JC_2023,2
-2.7189822,1.012958063,CCCCCCCC/C=C\CCCCCCCCNC(=O)C(CCCCCOC(=O)CCCCCCCCCCC)NCCCN1CCOCC1,JC_2023,JC_2023,1
-2.6347885,1.040466967,CCCCCCCCCCCCCCCCCCNC(=O)C(CCCCCCCCC)NCCN(C)C,JC_2023,JC_2023,1
-2.6142805,1.095484774,CCCCCCCCCCCCCCCCCCNC(=O)C(CCCCCCCCC)NCCCN(CC)CC,JC_2023,JC_2023,1
-3.2632294,-0.032380272,CCCCCCCCCCCCCCCCCCNC(=O)C(CCCCCCCCC)NCCC(C(C)C)C(C)C,JC_2023,JC_2023,0
-2.830358,0.737869028,CCCCCCCCCCCCCCCCCCNC(=O)C(CCCCCCCCC)NCCCN(CCCC)CCCC,JC_2023,JC_2023,1
-2.7054756,1.040466967,CCCCCCCCCCCCCCCCCCNC(=O)C(CCCCCCCCC)NCCN(CC)CC,JC_2023,JC_2023,1
-2.7221615,0.517797799,CCCCCCCCCCCCCCCCCCNC(=O)C(CCCCCCCCC)NCCCN(C)C,JC_2023,JC_2023,1
-3.2128997,-0.527540536,CCCCCCCCCCCCCCCCCCNC(=O)C(CCCCCCCCC)NCCCN(C)CCCN,JC_2023,JC_2023,0
-4.9040246,0.105164246,CCCCCCCCCCCCCCCCCCNC(=O)C(CCCCCCCCC)NCC1CCCN1CC,JC_2023,JC_2023,1
-2.9763908,-1.7929501,CCCCCCCCCCCCCCCCCCNC(=O)C(CCCCCCCCC)NCCCN1CCCC1,JC_2023,JC_2023,0
-3.6860926,0.022637535,CCCCCCCCCCCCCCCCCCNC(=O)C(CCCCCCCCC)NN1CCOCC1,JC_2023,JC_2023,1
-1.3223097,-1.435334354,CCCCCCCCCCCCCCCCCCNC(=O)C(CCCCCCCCC)NCCN1CCCC1,JC_2023,JC_2023,0
-3.0932627,0.655342317,CCCCCCCCCCCCCCCCCCNC(=O)C(CCCCCCCCC)NC1CCN(C)CC1,JC_2023,JC_2023,1
-2.8721862,-1.462843257,CCCCCCCCCCCCCCCCCCNC(=O)C(CCCCCCCCC)NN1CCCCC1,JC_2023,JC_2023,0
-2.2845993,0.545306703,CCCCCCCCCCCCCCCCCCNC(=O)C(CCCCCCCCC)NCCN1CCCCC1,JC_2023,JC_2023,1
-4.8733463,-1.270280932,CCCCCCCCCCCCCCCCCCNC(=O)C(CCCCCCCCC)NCCN1CCNCC1,JC_2023,JC_2023,0
-3.3598282,0.105164246,CCCCCCCCCCCCCCCCCCNC(=O)C(CCCCCCCCC)NCCCN1CCOCC1,JC_2023,JC_2023,1
-2.7090664,-0.059889175,CCCCCCCCCCCCCCCCCCNC(=O)C(CCCCCCCCCCCCCCC)NCCN(C)C,JC_2023,JC_2023,0
-3.1691177,0.682851221,CCCCCCCCCCCCCCCCCCNC(=O)C(CCCCCCCCCCCCCCC)NCCCN(CC)CC,JC_2023,JC_2023,1
-2.8880289,-0.2524515,CCCCCCCCCCCCCCCCCCNC(=O)C(CCCCCCCCCCCCCCC)NCCC(C(C)C)C(C)C,JC_2023,JC_2023,0
-3.9460497,0.022637535,CCCCCCCCCCCCCCCCCCNC(=O)C(CCCCCCCCCCCCCCC)NCCCN(CCCC)CCCC,JC_2023,JC_2023,1
-2.6100852,-0.857647379,CCCCCCCCCCCCCCCCCCNC(=O)C(CCCCCCCCCCCCCCC)NCCN(CC)CC,JC_2023,JC_2023,0
-3.0759954,0.98544916,CCCCCCCCCCCCCCCCCCNC(=O)C(CCCCCCCCCCCCCCC)NCCCN(C)C,JC_2023,JC_2023,1
-3.4726915,0.022637535,CCCCCCCCCCCCCCCCCCNC(=O)C(CCCCCCCCCCCCCCC)NCCCN(C)CCCN,JC_2023,JC_2023,1
-5.1331944,-0.857647379,CCCCCCCCCCCCCCCCCCNC(=O)C(CCCCCCCCCCCCCCC)NCC1CCCN1CC,JC_2023,JC_2023,0
-3.1522083,-1.572878871,CCCCCCCCCCCCCCCCCCNC(=O)C(CCCCCCCCCCCCCCC)NCCCN1CCCC1,JC_2023,JC_2023,0
-3.498214,0.682851221,CCCCCCCCCCCCCCCCCCNC(=O)C(CCCCCCCCCCCCCCC)NN1CCOCC1,JC_2023,JC_2023,1
-2.548129,1.920751881,CCCCCCCCCCCCCCCCCCNC(=O)C(CCCCCCCCCCCCCCC)NCCN1CCCC1,JC_2023,JC_2023,2
-3.6105645,-0.2524515,CCCCCCCCCCCCCCCCCCNC(=O)C(CCCCCCCCCCCCCCC)NC1CCN(C)CC1,JC_2023,JC_2023,0
-3.596407,-0.775120668,CCCCCCCCCCCCCCCCCCNC(=O)C(CCCCCCCCCCCCCCC)NN1CCCCC1,JC_2023,JC_2023,0
-3.1038208,-0.500031632,CCCCCCCCCCCCCCCCCCNC(=O)C(CCCCCCCCCCCCCCC)NCCN1CCCCC1,JC_2023,JC_2023,0
-4.5919228,-0.940174089,CCCCCCCCCCCCCCCCCCNC(=O)C(CCCCCCCCCCCCCCC)NCCN1CCNCC1,JC_2023,JC_2023,0
-3.38538,-0.472522729,CCCCCCCCCCCCCCCCCCNC(=O)C(CCCCCCCCCCCCCCC)NCCCN1CCOCC1,JC_2023,JC_2023,0
-2.2151344,0.325235474,CCCCCCCC/C=C\CCCCCCCC(NCCN(C)C)C(=O)NCCCCCCCCCCCCCCCCCC,JC_2023,JC_2023,1
-2.6933408,0.160182053,CCCCCCCC/C=C\CCCCCCCC(NCCCN(CC)CC)C(=O)NCCCCCCCCCCCCCCCCCC,JC_2023,JC_2023,1
-2.9553874,-0.912665186,CCCCCCCC/C=C\CCCCCCCC(NCCC(C(C)C)C(C)C)C(=O)NCCCCCCCCCCCCCCCCCC,JC_2023,JC_2023,0
-1.9864217,-1.077718607,CCCCCCCC/C=C\CCCCCCCC(NCCCN(CCCC)CCCC)C(=O)NCCCCCCCCCCCCCCCCCC,JC_2023,JC_2023,0
-2.020464,-0.417504922,CCCCCCCC/C=C\CCCCCCCC(NCCN(CC)CC)C(=O)NCCCCCCCCCCCCCCCCCC,JC_2023,JC_2023,0
-1.9413749,0.930431353,CCCCCCCC/C=C\CCCCCCCC(NCCCN(C)C)C(=O)NCCCCCCCCCCCCCCCCCC,JC_2023,JC_2023,1
-2.884341,-1.902985714,CCCCCCCC/C=C\CCCCCCCC(NCCCN(C)CCCN)C(=O)NCCCCCCCCCCCCCCCCCC,JC_2023,JC_2023,0
-4.392973,-1.737932293,CCCCCCCC/C=C\CCCCCCCC(NCC1CCCN1CC)C(=O)NCCCCCCCCCCCCCCCCCC,JC_2023,JC_2023,0
-1.8979641,-1.875476811,CCCCCCCC/C=C\CCCCCCCC(NCCCN1CCCC1)C(=O)NCCCCCCCCCCCCCCCCCC,JC_2023,JC_2023,0
-3.1715157,-0.445013825,CCCCCCCC/C=C\CCCCCCCC(NN1CCOCC1)C(=O)NCCCCCCCCCCCCCCCCCC,JC_2023,JC_2023,0
-1.5230615,-1.627896679,CCCCCCCC/C=C\CCCCCCCC(NCCN1CCCC1)C(=O)NCCCCCCCCCCCCCCCCCC,JC_2023,JC_2023,0
-3.1876621,-0.087398079,CCCCCCCC/C=C\CCCCCCCC(NC1CCN(C)CC1)C(=O)NCCCCCCCCCCCCCCCCCC,JC_2023,JC_2023,0
-3.2557533,-1.902985714,CCCCCCCC/C=C\CCCCCCCC(NN1CCCCC1)C(=O)NCCCCCCCCCCCCCCCCCC,JC_2023,JC_2023,0
-2.4377315,-0.967682993,CCCCCCCC/C=C\CCCCCCCC(NCCN1CCCCC1)C(=O)NCCCCCCCCCCCCCCCCCC,JC_2023,JC_2023,0
-4.3742757,-1.737932293,CCCCCCCC/C=C\CCCCCCCC(NCCN1CCNCC1)C(=O)NCCCCCCCCCCCCCCCCCC,JC_2023,JC_2023,0
-3.0813553,-1.132736414,CCCCCCCC/C=C\CCCCCCCC(NCCCN1CCOCC1)C(=O)NCCCCCCCCCCCCCCCCCC,JC_2023,JC_2023,0
-2.6057217,-0.527540536,CCCCCCCCCCCCCCCCCCNC(=O)C(CCCCCOC(=O)C(CCCCCC)CCCCCCCC)NCCN(C)C,JC_2023,JC_2023,0
-1.66227,-0.665085054,CCCCCCCCCCCCCCCCCCNC(=O)C(CCCCCOC(=O)C(CCCCCC)CCCCCCCC)NCCCN(CC)CC,JC_2023,JC_2023,0
-2.4848049,-1.352807643,CCCCCCCCCCCCCCCCCCNC(=O)C(CCCCCOC(=O)C(CCCCCC)CCCCCCCC)NCCC(C(C)C)C(C)C,JC_2023,JC_2023,0
-1.4871026,-1.655405582,CCCCCCCCCCCCCCCCCCNC(=O)C(CCCCCOC(=O)C(CCCCCC)CCCCCCCC)NCCCN(CCCC)CCCC,JC_2023,JC_2023,0
-2.8608909,-2.013021328,CCCCCCCCCCCCCCCCCCNC(=O)C(CCCCCOC(=O)C(CCCCCC)CCCCCCCC)NCCN(CC)CC,JC_2023,JC_2023,0
-2.1166544,-0.059889175,CCCCCCCCCCCCCCCCCCNC(=O)C(CCCCCOC(=O)C(CCCCCC)CCCCCCCC)NCCCN(C)C,JC_2023,JC_2023,0
-3.3365414,-1.902985714,CCCCCCCCCCCCCCCCCCNC(=O)C(CCCCCOC(=O)C(CCCCCC)CCCCCCCC)NCCCN(C)CCCN,JC_2023,JC_2023,0
-4.067258,-2.26060146,CCCCCCCCCCCCCCCCCCNC(=O)C(CCCCCOC(=O)C(CCCCCC)CCCCCCCC)NCC1CCCN1CC,JC_2023,JC_2023,0
-1.3056912,-1.682914486,CCCCCCCCCCCCCCCCCCNC(=O)C(CCCCCOC(=O)C(CCCCCC)CCCCCCCC)NCCCN1CCCC1,JC_2023,JC_2023,0
-2.96521,-0.802629572,CCCCCCCCCCCCCCCCCCNC(=O)C(CCCCCOC(=O)C(CCCCCC)CCCCCCCC)NN1CCOCC1,JC_2023,JC_2023,0
0.12053025,-1.682914486,CCCCCCCCCCCCCCCCCCNC(=O)C(CCCCCOC(=O)C(CCCCCC)CCCCCCCC)NCCN1CCCC1,JC_2023,JC_2023,0
-3.02182,-1.737932293,CCCCCCCCCCCCCCCCCCNC(=O)C(CCCCCOC(=O)C(CCCCCC)CCCCCCCC)NC1CCN(C)CC1,JC_2023,JC_2023,0
-3.0275073,-1.462843257,CCCCCCCCCCCCCCCCCCNC(=O)C(CCCCCOC(=O)C(CCCCCC)CCCCCCCC)NN1CCCCC1,JC_2023,JC_2023,0
-1.6425626,-0.857647379,CCCCCCCCCCCCCCCCCCNC(=O)C(CCCCCOC(=O)C(CCCCCC)CCCCCCCC)NCCN1CCCCC1,JC_2023,JC_2023,0
-4.1789703,-0.857647379,CCCCCCCCCCCCCCCCCCNC(=O)C(CCCCCOC(=O)C(CCCCCC)CCCCCCCC)NCCN1CCNCC1,JC_2023,JC_2023,0
-2.7305489,-1.325298739,CCCCCCCCCCCCCCCCCCNC(=O)C(CCCCCOC(=O)C(CCCCCC)CCCCCCCC)NCCCN1CCOCC1,JC_2023,JC_2023,0
-2.8948243,-0.802629572,CCCCCCCCCCCCCCCCCCNC(=O)C(CCCCCOC(=O)CCC(C)CCCCC)NCCN(C)C,JC_2023,JC_2023,0
-2.3510056,0.325235474,CCCCCCCCCCCCCCCCCCNC(=O)C(CCCCCOC(=O)CCC(C)CCCCC)NCCCN(CC)CC,JC_2023,JC_2023,1
-2.943584,-1.325298739,CCCCCCCCCCCCCCCCCCNC(=O)C(CCCCCOC(=O)CCC(C)CCCCC)NCCC(C(C)C)C(C)C,JC_2023,JC_2023,0
-0.28233117,-0.417504922,CCCCCCCCCCCCCCCCCCNC(=O)C(CCCCCOC(=O)CCC(C)CCCCC)NCCCN(CCCC)CCCC,JC_2023,JC_2023,0
-2.3381283,-0.142415886,CCCCCCCCCCCCCCCCCCNC(=O)C(CCCCCOC(=O)CCC(C)CCCCC)NCCN(CC)CC,JC_2023,JC_2023,0
-2.553837,1.508118328,CCCCCCCCCCCCCCCCCCNC(=O)C(CCCCCOC(=O)CCC(C)CCCCC)NCCCN(C)C,JC_2023,JC_2023,2
-3.835242,-1.627896679,CCCCCCCCCCCCCCCCCCNC(=O)C(CCCCCOC(=O)CCC(C)CCCCC)NCCCN(C)CCCN,JC_2023,JC_2023,0
-3.5457895,-1.737932293,CCCCCCCCCCCCCCCCCCNC(=O)C(CCCCCOC(=O)CCC(C)CCCCC)NCC1CCCN1CC,JC_2023,JC_2023,0
-0.25509655,0.572815607,CCCCCCCCCCCCCCCCCCNC(=O)C(CCCCCOC(=O)CCC(C)CCCCC)NCCCN1CCCC1,JC_2023,JC_2023,1
-4.0100565,0.60032451,CCCCCCCCCCCCCCCCCCNC(=O)C(CCCCCOC(=O)CCC(C)CCCCC)NN1CCOCC1,JC_2023,JC_2023,1
4.152355,1.975769688,CCCCCCCCCCCCCCCCCCNC(=O)C(CCCCCOC(=O)CCC(C)CCCCC)NCCN1CCCC1,JC_2023,JC_2023,3
-3.4569318,-0.059889175,CCCCCCCCCCCCCCCCCCNC(=O)C(CCCCCOC(=O)CCC(C)CCCCC)NC1CCN(C)CC1,JC_2023,JC_2023,0
-2.9389699,-0.087398079,CCCCCCCCCCCCCCCCCCNC(=O)C(CCCCCOC(=O)CCC(C)CCCCC)NN1CCCCC1,JC_2023,JC_2023,0
-0.5043825,-0.142415886,CCCCCCCCCCCCCCCCCCNC(=O)C(CCCCCOC(=O)CCC(C)CCCCC)NCCN1CCCCC1,JC_2023,JC_2023,0
-4.7668357,-1.517861064,CCCCCCCCCCCCCCCCCCNC(=O)C(CCCCCOC(=O)CCC(C)CCCCC)NCCN1CCNCC1,JC_2023,JC_2023,0
-3.611767,-0.857647379,CCCCCCCCCCCCCCCCCCNC(=O)C(CCCCCOC(=O)CCC(C)CCCCC)NCCCN1CCOCC1,JC_2023,JC_2023,0
-3.67515,-0.472522729,CCCCCCCCCCCCCCCCCCNC(=O)C(CCCCCOC(=O)CCCCCCCCCCC)NCCN(C)C,JC_2023,JC_2023,0
-2.6673338,-0.967682993,CCCCCCCCCCCCCCCCCCNC(=O)C(CCCCCOC(=O)CCCCCCCCCCC)NCCCN(CC)CC,JC_2023,JC_2023,0
-3.3361225,-1.517861064,CCCCCCCCCCCCCCCCCCNC(=O)C(CCCCCOC(=O)CCCCCCCCCCC)NCCC(C(C)C)C(C)C,JC_2023,JC_2023,0
-1.75296,-1.462843257,CCCCCCCCCCCCCCCCCCNC(=O)C(CCCCCOC(=O)CCCCCCCCCCC)NCCCN(CCCC)CCCC,JC_2023,JC_2023,0
-2.8485408,-1.215263125,CCCCCCCCCCCCCCCCCCNC(=O)C(CCCCCOC(=O)CCCCCCCCCCC)NCCN(CC)CC,JC_2023,JC_2023,0
-4.017716,-0.059889175,CCCCCCCCCCCCCCCCCCNC(=O)C(CCCCCOC(=O)CCCCCCCCCCC)NCCCN(C)C,JC_2023,JC_2023,0
-4.7919245,-0.940174089,CCCCCCCCCCCCCCCCCCNC(=O)C(CCCCCOC(=O)CCCCCCCCCCC)NCCCN(C)CCCN,JC_2023,JC_2023,0
-4.5396533,-2.26060146,CCCCCCCCCCCCCCCCCCNC(=O)C(CCCCCOC(=O)CCCCCCCCCCC)NCC1CCCN1CC,JC_2023,JC_2023,0
-2.3439536,-0.389996018,CCCCCCCCCCCCCCCCCCNC(=O)C(CCCCCOC(=O)CCCCCCCCCCC)NCCCN1CCCC1,JC_2023,JC_2023,0
-3.439255,-0.279960404,CCCCCCCCCCCCCCCCCCNC(=O)C(CCCCCOC(=O)CCCCCCCCCCC)NN1CCOCC1,JC_2023,JC_2023,0
-1.2209692,-0.802629572,CCCCCCCCCCCCCCCCCCNC(=O)C(CCCCCOC(=O)CCCCCCCCCCC)NCCN1CCCC1,JC_2023,JC_2023,0
-4.0577044,-0.747611765,CCCCCCCCCCCCCCCCCCNC(=O)C(CCCCCOC(=O)CCCCCCCCCCC)NC1CCN(C)CC1,JC_2023,JC_2023,0
-3.2736194,-1.105227511,CCCCCCCCCCCCCCCCCCNC(=O)C(CCCCCOC(=O)CCCCCCCCCCC)NN1CCCCC1,JC_2023,JC_2023,0
-2.0282712,-1.682914486,CCCCCCCCCCCCCCCCCCNC(=O)C(CCCCCOC(=O)CCCCCCCCCCC)NCCN1CCCCC1,JC_2023,JC_2023,0
-5.2837114,-0.747611765,CCCCCCCCCCCCCCCCCCNC(=O)C(CCCCCOC(=O)CCCCCCCCCCC)NCCN1CCNCC1,JC_2023,JC_2023,0
-3.0037785,-2.398145978,CCCCCCCCCCCCCCCCCCNC(=O)C(CCCCCOC(=O)CCCCCCCCCCC)NCCCN1CCOCC1,JC_2023,JC_2023,0
-2.996116,0.160182053,CCCCCCCCCCCNC(=O)C(CCCCCCCCC)NCCN(C)C,JC_2023,JC_2023,1
-3.2997866,0.022637535,CCCCCCCCCCCNC(=O)C(CCCCCCCCC)NCCCN(CC)CC,JC_2023,JC_2023,1
-3.704088,0.105164246,CCCCCCCCCCCNC(=O)C(CCCCCCCCC)NCCC(C(C)C)C(C)C,JC_2023,JC_2023,1
-2.682526,0.655342317,CCCCCCCCCCCNC(=O)C(CCCCCCCCC)NCCCN(CCCC)CCCC,JC_2023,JC_2023,1
-3.2380226,0.792886835,CCCCCCCCCCCNC(=O)C(CCCCCCCCC)NCCN(CC)CC,JC_2023,JC_2023,1
-3.600125,0.98544916,CCCCCCCCCCCNC(=O)C(CCCCCCCCC)NCCCN(C)C,JC_2023,JC_2023,1
-4.84409,-0.059889175,CCCCCCCCCCCNC(=O)C(CCCCCCCCC)NCCCN(C)CCCN,JC_2023,JC_2023,0
-5.29027,0.627833414,CCCCCCCCCCCNC(=O)C(CCCCCCCCC)NCC1CCCN1CC,JC_2023,JC_2023,1
-3.4562118,0.792886835,CCCCCCCCCCCNC(=O)C(CCCCCCCCC)NCCCN1CCCC1,JC_2023,JC_2023,1
-3.7391484,0.325235474,CCCCCCCCCCCNC(=O)C(CCCCCCCCC)NN1CCOCC1,JC_2023,JC_2023,1
-1.784925,-0.912665186,CCCCCCCCCCCNC(=O)C(CCCCCCCCC)NCCN1CCCC1,JC_2023,JC_2023,0
-4.01256,0.325235474,CCCCCCCCCCCNC(=O)C(CCCCCCCCC)NC1CCN(C)CC1,JC_2023,JC_2023,1
-2.6678798,-0.389996018,CCCCCCCCCCCNC(=O)C(CCCCCCCCC)NN1CCCCC1,JC_2023,JC_2023,0
-3.1242235,0.682851221,CCCCCCCCCCCNC(=O)C(CCCCCCCCC)NCCN1CCCCC1,JC_2023,JC_2023,1
-5.4301066,-1.0227008,CCCCCCCCCCCNC(=O)C(CCCCCCCCC)NCCN1CCNCC1,JC_2023,JC_2023,0
-4.9638376,0.270217667,CCCCCCCCCCCNC(=O)C(CCCCCCCCC)NCCCN1CCOCC1,JC_2023,JC_2023,1
-2.5715563,0.380253282,CCCCCCCCCCCCCCCC(NCCN(C)C)C(=O)NCCCCCCCCCCC,JC_2023,JC_2023,1
-2.7045672,1.975769688,CCCCCCCCCCCCCCCC(NCCCN(CC)CC)C(=O)NCCCCCCCCCCC,JC_2023,JC_2023,3
-3.3612838,0.105164246,CCCCCCCCCCCCCCCC(NCCC(C(C)C)C(C)C)C(=O)NCCCCCCCCCCC,JC_2023,JC_2023,1
-2.9583256,0.737869028,CCCCCCCCCCCCCCCC(NCCCN(CCCC)CCCC)C(=O)NCCCCCCCCCCC,JC_2023,JC_2023,1
-2.9998307,-1.105227511,CCCCCCCCCCCCCCCC(NCCN(CC)CC)C(=O)NCCCCCCCCCCC,JC_2023,JC_2023,0
-3.6229703,1.480609424,CCCCCCCCCCCCCCCC(NCCCN(C)C)C(=O)NCCCCCCCCCCC,JC_2023,JC_2023,2
-4.4741254,0.022637535,CCCCCCCCCCCCCCCC(NCCCN(C)CCCN)C(=O)NCCCCCCCCCCC,JC_2023,JC_2023,1
-5.0440884,0.517797799,CCCCCCCCCCCCCCCC(NCC1CCCN1CC)C(=O)NCCCCCCCCCCC,JC_2023,JC_2023,1
-2.8847947,-0.857647379,CCCCCCCCCCCCCCCC(NCCCN1CCCC1)C(=O)NCCCCCCCCCCC,JC_2023,JC_2023,0
-3.5309098,-0.2524515,CCCCCCCCCCCCCCCC(NN1CCOCC1)C(=O)NCCCCCCCCCCC,JC_2023,JC_2023,0
-1.8950317,1.975769688,CCCCCCCCCCCCCCCC(NCCN1CCCC1)C(=O)NCCCCCCCCCCC,JC_2023,JC_2023,3
-3.984404,0.325235474,CCCCCCCCCCCCCCCC(NC1CCN(C)CC1)C(=O)NCCCCCCCCCCC,JC_2023,JC_2023,1
-2.8199878,-0.114906983,CCCCCCCCCCCCCCCC(NN1CCCCC1)C(=O)NCCCCCCCCCCC,JC_2023,JC_2023,0
-2.4406784,0.847904642,CCCCCCCCCCCCCCCC(NCCN1CCCCC1)C(=O)NCCCCCCCCCCC,JC_2023,JC_2023,1
-4.8840137,-0.527540536,CCCCCCCCCCCCCCCC(NCCN1CCNCC1)C(=O)NCCCCCCCCCCC,JC_2023,JC_2023,0
-3.9562252,0.572815607,CCCCCCCCCCCCCCCC(NCCCN1CCOCC1)C(=O)NCCCCCCCCCCC,JC_2023,JC_2023,1
-2.258779,0.352744378,CCCCCCCC/C=C\CCCCCCCC(NCCN(C)C)C(=O)NCCCCCCCCCCC,JC_2023,JC_2023,1
-1.7296082,-0.087398079,CCCCCCCC/C=C\CCCCCCCC(NCCCN(CC)CC)C(=O)NCCCCCCCCCCC,JC_2023,JC_2023,0
-3.4512367,0.325235474,CCCCCCCC/C=C\CCCCCCCC(NCCC(C(C)C)C(C)C)C(=O)NCCCCCCCCCCC,JC_2023,JC_2023,1
-1.1852463,0.490288896,CCCCCCCC/C=C\CCCCCCCC(NCCCN(CCCC)CCCC)C(=O)NCCCCCCCCCCC,JC_2023,JC_2023,1
-1.8164119,0.737869028,CCCCCCCC/C=C\CCCCCCCC(NCCN(CC)CC)C(=O)NCCCCCCCCCCC,JC_2023,JC_2023,1
-2.251781,0.655342317,CCCCCCCC/C=C\CCCCCCCC(NCCCN(C)C)C(=O)NCCCCCCCCCCC,JC_2023,JC_2023,1
-3.8974938,-0.334978211,CCCCCCCC/C=C\CCCCCCCC(NCCCN(C)CCCN)C(=O)NCCCCCCCCCCC,JC_2023,JC_2023,0
-3.9715016,0.270217667,CCCCCCCC/C=C\CCCCCCCC(NCC1CCCN1CC)C(=O)NCCCCCCCCCCC,JC_2023,JC_2023,1
-1.6633525,0.352744378,CCCCCCCC/C=C\CCCCCCCC(NCCCN1CCCC1)C(=O)NCCCCCCCCCCC,JC_2023,JC_2023,1
-3.642845,0.517797799,CCCCCCCC/C=C\CCCCCCCC(NN1CCOCC1)C(=O)NCCCCCCCCCCC,JC_2023,JC_2023,1
-0.27388108,-0.417504922,CCCCCCCC/C=C\CCCCCCCC(NCCN1CCCC1)C(=O)NCCCCCCCCCCC,JC_2023,JC_2023,0
-3.110718,0.627833414,CCCCCCCC/C=C\CCCCCCCC(NC1CCN(C)CC1)C(=O)NCCCCCCCCCCC,JC_2023,JC_2023,1
-3.4435177,-0.417504922,CCCCCCCC/C=C\CCCCCCCC(NN1CCCCC1)C(=O)NCCCCCCCCCCC,JC_2023,JC_2023,0
-1.9384869,0.517797799,CCCCCCCC/C=C\CCCCCCCC(NCCN1CCCCC1)C(=O)NCCCCCCCCCCC,JC_2023,JC_2023,1
-4.9519143,-0.747611765,CCCCCCCC/C=C\CCCCCCCC(NCCN1CCNCC1)C(=O)NCCCCCCCCCCC,JC_2023,JC_2023,0
-3.0991843,0.517797799,CCCCCCCC/C=C\CCCCCCCC(NCCCN1CCOCC1)C(=O)NCCCCCCCCCCC,JC_2023,JC_2023,1
-2.3403585,0.517797799,CCCCCCCCCCCNC(=O)C(CCCCCOC(=O)C(CCCCCC)CCCCCCCC)NCCN(C)C,JC_2023,JC_2023,1
-2.190368,0.435271089,CCCCCCCCCCCNC(=O)C(CCCCCOC(=O)C(CCCCCC)CCCCCCCC)NCCCN(CC)CC,JC_2023,JC_2023,1
-2.8550704,-0.63757615,CCCCCCCCCCCNC(=O)C(CCCCCOC(=O)C(CCCCCC)CCCCCCCC)NCCC(C(C)C)C(C)C,JC_2023,JC_2023,0
-0.5448367,0.022637535,CCCCCCCCCCCNC(=O)C(CCCCCOC(=O)C(CCCCCC)CCCCCCCC)NCCCN(CCCC)CCCC,JC_2023,JC_2023,1
-2.5566423,-1.517861064,CCCCCCCCCCCNC(=O)C(CCCCCOC(=O)C(CCCCCC)CCCCCCCC)NCCN(CC)CC,JC_2023,JC_2023,0
-2.6354358,-0.059889175,CCCCCCCCCCCNC(=O)C(CCCCCOC(=O)C(CCCCCC)CCCCCCCC)NCCCN(C)C,JC_2023,JC_2023,0
-3.5093608,-1.352807643,CCCCCCCCCCCNC(=O)C(CCCCCOC(=O)C(CCCCCC)CCCCCCCC)NCCCN(C)CCCN,JC_2023,JC_2023,0
-3.4999764,-1.7929501,CCCCCCCCCCCNC(=O)C(CCCCCOC(=O)C(CCCCCC)CCCCCCCC)NCC1CCCN1CC,JC_2023,JC_2023,0
-0.76004094,-1.105227511,CCCCCCCCCCCNC(=O)C(CCCCCOC(=O)C(CCCCCC)CCCCCCCC)NCCCN1CCCC1,JC_2023,JC_2023,0
-3.3227103,0.682851221,CCCCCCCCCCCNC(=O)C(CCCCCOC(=O)C(CCCCCC)CCCCCCCC)NN1CCOCC1,JC_2023,JC_2023,1
0.7764017,-1.132736414,CCCCCCCCCCCNC(=O)C(CCCCCOC(=O)C(CCCCCC)CCCCCCCC)NCCN1CCCC1,JC_2023,JC_2023,0
-2.2491393,0.545306703,CCCCCCCCCCCNC(=O)C(CCCCCOC(=O)C(CCCCCC)CCCCCCCC)NC1CCN(C)CC1,JC_2023,JC_2023,1
-2.5961523,-0.114906983,CCCCCCCCCCCNC(=O)C(CCCCCOC(=O)C(CCCCCC)CCCCCCCC)NN1CCCCC1,JC_2023,JC_2023,0
-0.440396,0.655342317,CCCCCCCCCCCNC(=O)C(CCCCCOC(=O)C(CCCCCC)CCCCCCCC)NCCN1CCCCC1,JC_2023,JC_2023,1
-4.268084,-0.527540536,CCCCCCCCCCCNC(=O)C(CCCCCOC(=O)C(CCCCCC)CCCCCCCC)NCCN1CCNCC1,JC_2023,JC_2023,0
-3.549101,0.435271089,CCCCCCCCCCCNC(=O)C(CCCCCOC(=O)C(CCCCCC)CCCCCCCC)NCCCN1CCOCC1,JC_2023,JC_2023,1
-3.7962177,0.352744378,CCCCCCCCCCCNC(=O)C(CCCCCOC(=O)CCC(C)CCCCC)NCCN(C)C,JC_2023,JC_2023,1
-3.088492,0.380253282,CCCCCCCCCCCNC(=O)C(CCCCCOC(=O)CCC(C)CCCCC)NCCCN(CC)CC,JC_2023,JC_2023,1
-3.7719045,-0.2524515,CCCCCCCCCCCNC(=O)C(CCCCCOC(=O)CCC(C)CCCCC)NCCC(C(C)C)C(C)C,JC_2023,JC_2023,0
-1.0481585,0.352744378,CCCCCCCCCCCNC(=O)C(CCCCCOC(=O)CCC(C)CCCCC)NCCCN(CCCC)CCCC,JC_2023,JC_2023,1
-3.4033225,1.975769688,CCCCCCCCCCCNC(=O)C(CCCCCOC(=O)CCC(C)CCCCC)NCCN(CC)CC,JC_2023,JC_2023,3
-3.7854784,0.352744378,CCCCCCCCCCCNC(=O)C(CCCCCOC(=O)CCC(C)CCCCC)NCCCN(C)C,JC_2023,JC_2023,1
-5.2935596,-0.940174089,CCCCCCCCCCCNC(=O)C(CCCCCOC(=O)CCC(C)CCCCC)NCCCN(C)CCCN,JC_2023,JC_2023,0
-4.305327,0.022637535,CCCCCCCCCCCNC(=O)C(CCCCCOC(=O)CCC(C)CCCCC)NCC1CCCN1CC,JC_2023,JC_2023,1
-2.1408517,0.352744378,CCCCCCCCCCCNC(=O)C(CCCCCOC(=O)CCC(C)CCCCC)NCCCN1CCCC1,JC_2023,JC_2023,1
-3.5194554,0.050146439,CCCCCCCCCCCNC(=O)C(CCCCCOC(=O)CCC(C)CCCCC)NN1CCOCC1,JC_2023,JC_2023,1
-0.6406531,0.050146439,CCCCCCCCCCCNC(=O)C(CCCCCOC(=O)CCC(C)CCCCC)NCCN1CCCC1,JC_2023,JC_2023,1
-3.7645462,0.022637535,CCCCCCCCCCCNC(=O)C(CCCCCOC(=O)CCC(C)CCCCC)NC1CCN(C)CC1,JC_2023,JC_2023,1
-3.4134374,0.792886835,CCCCCCCCCCCNC(=O)C(CCCCCOC(=O)CCC(C)CCCCC)NN1CCCCC1,JC_2023,JC_2023,1
-2.1086643,0.187690957,CCCCCCCCCCCNC(=O)C(CCCCCOC(=O)CCC(C)CCCCC)NCCN1CCCCC1,JC_2023,JC_2023,1
-4.256102,-0.665085054,CCCCCCCCCCCNC(=O)C(CCCCCOC(=O)CCC(C)CCCCC)NCCN1CCNCC1,JC_2023,JC_2023,0
-4.360749,0.325235474,CCCCCCCCCCCNC(=O)C(CCCCCOC(=O)CCC(C)CCCCC)NCCCN1CCOCC1,JC_2023,JC_2023,1
-4.506281,-0.720102861,CCCCCCCCCCCNC(=O)C(CCCCCOC(=O)CCCCCCCCCCC)NCCN(C)C,JC_2023,JC_2023,0
-2.9205153,0.325235474,CCCCCCCCCCCNC(=O)C(CCCCCOC(=O)CCCCCCCCCCC)NCCCN(CC)CC,JC_2023,JC_2023,1
-3.73144,-0.995191897,CCCCCCCCCCCNC(=O)C(CCCCCOC(=O)CCCCCCCCCCC)NCCC(C(C)C)C(C)C,JC_2023,JC_2023,0
-1.1060019,-0.16992479,CCCCCCCCCCCNC(=O)C(CCCCCOC(=O)CCCCCCCCCCC)NCCCN(CCCC)CCCC,JC_2023,JC_2023,0
-3.7625418,-1.40782545,CCCCCCCCCCCNC(=O)C(CCCCCOC(=O)CCCCCCCCCCC)NCCN(CC)CC,JC_2023,JC_2023,0
-4.050988,0.105164246,CCCCCCCCCCCNC(=O)C(CCCCCOC(=O)CCCCCCCCCCC)NCCCN(C)C,JC_2023,JC_2023,1
-5.4659004,-0.55504944,CCCCCCCCCCCNC(=O)C(CCCCCOC(=O)CCCCCCCCCCC)NCCCN(C)CCCN,JC_2023,JC_2023,0
-5.2798696,-1.435334354,CCCCCCCCCCCNC(=O)C(CCCCCOC(=O)CCCCCCCCCCC)NCC1CCCN1CC,JC_2023,JC_2023,0
-3.2958724,0.380253282,CCCCCCCCCCCNC(=O)C(CCCCCOC(=O)CCCCCCCCCCC)NCCCN1CCCC1,JC_2023,JC_2023,1
-3.4598553,0.545306703,CCCCCCCCCCCNC(=O)C(CCCCCOC(=O)CCCCCCCCCCC)NN1CCOCC1,JC_2023,JC_2023,1
-1.2894859,-0.334978211,CCCCCCCCCCCNC(=O)C(CCCCCOC(=O)CCCCCCCCCCC)NCCN1CCCC1,JC_2023,JC_2023,0
-4.0148935,0.352744378,CCCCCCCCCCCNC(=O)C(CCCCCOC(=O)CCCCCCCCCCC)NC1CCN(C)CC1,JC_2023,JC_2023,1
-3.2109487,-1.545369968,CCCCCCCCCCCNC(=O)C(CCCCCOC(=O)CCCCCCCCCCC)NN1CCCCC1,JC_2023,JC_2023,0
-2.209748,-0.967682993,CCCCCCCCCCCNC(=O)C(CCCCCOC(=O)CCCCCCCCCCC)NCCN1CCCCC1,JC_2023,JC_2023,0
-5.6008844,-0.775120668,CCCCCCCCCCCNC(=O)C(CCCCCOC(=O)CCCCCCCCCCC)NCCN1CCNCC1,JC_2023,JC_2023,0
-4.6247234,-1.682914486,CCCCCCCCCCCNC(=O)C(CCCCCOC(=O)CCCCCCCCCCC)NCCCN1CCOCC1,JC_2023,JC_2023,0
-4.890839,-1.462011572,CCCCCCOC(=O)CCN(C)CCCCCC,KS_2024,KS_2024,0
-5.1345344,-1.376509933,CCCCCCCCN(C)CCC(=O)OCCCCCC,KS_2024,KS_2024,0
-5.818624,-1.167174957,CCCCCCCCCCCCN(C)CCC(=O)OCCCCCC,KS_2024,KS_2024,0
-5.1762547,-0.867166065,CCCCCCCCCCCCCCCCCCN(C)CCC(=O)OCCCCCC,KS_2024,KS_2024,0
-4.806747,-2.626362155,CCCCCCOC(=O)CCN(CCCC)CCCC,KS_2024,KS_2024,0
-6.0354857,-1.123163626,CCCCCCOC(=O)CCN(CCCCCC)CCCCCC,KS_2024,KS_2024,0
-5.897294,-0.608213322,CCCCCCCCN(CCCCCCCC)CCC(=O)OCCCCCC,KS_2024,KS_2024,0
-5.487794,-1.29174978,CCCCCCCCCCN(CCCCCCCCCC)CCC(=O)OCCCCCC,KS_2024,KS_2024,0
-5.153121,-1.389106785,CCCCCCCCCCCN(CCCCCCCCCCC)CCC(=O)OCCCCCC,KS_2024,KS_2024,0
-5.1110897,-1.389106785,CCCCCCCCCCCCN(CCCCCCCCCCCC)CCC(=O)OCCCCCC,KS_2024,KS_2024,0
-4.946307,-1.219174313,CCCCCCCCOC(=O)CCN(C)CCCCCC,KS_2024,KS_2024,0
-5.5678487,-1.007239889,CCCCCCCCOC(=O)CCN(C)CCCCCCCC,KS_2024,KS_2024,0
-5.8035207,-1.080578191,CCCCCCCCCCCCN(C)CCC(=O)OCCCCCCCC,KS_2024,KS_2024,0
-4.654158,-0.820904905,CCCCCCCCCCCCCCCCCCN(C)CCC(=O)OCCCCCCCC,KS_2024,KS_2024,0
-5.0750084,-0.438312446,CCCCCCCCOC(=O)CCN(CCCC)CCCC,KS_2024,KS_2024,0
-6.219683,-1.249192447,CCCCCCCCOC(=O)CCN(CCCCCC)CCCCCC,KS_2024,KS_2024,0
-5.541604,-1.108255666,CCCCCCCCOC(=O)CCN(CCCCCCCC)CCCCCCCC,KS_2024,KS_2024,0
-5.215566,-1.249192447,CCCCCCCCCCN(CCCCCCCCCC)CCC(=O)OCCCCCCCC,KS_2024,KS_2024,0
-4.77528,-1.320683178,CCCCCCCCCCCN(CCCCCCCCCCC)CCC(=O)OCCCCCCCC,KS_2024,KS_2024,0
-5.1445446,-1.173182753,CCCCCCCCCCCCN(CCCCCCCCCCCC)CCC(=O)OCCCCCCCC,KS_2024,KS_2024,0
-5.600872,-1.179318931,CCCCCCCCCCOC(=O)CCN(C)CCCCCC,KS_2024,KS_2024,0
-5.9660234,-0.685692948,CCCCCCCCCCOC(=O)CCN(C)CCCCCCCC,KS_2024,KS_2024,0
-5.3748193,-0.115321571,CCCCCCCCCCCCN(C)CCC(=O)OCCCCCCCCCC,KS_2024,KS_2024,0
-4.256054,-0.248576324,CCCCCCCCCCCCCCCCCCN(C)CCC(=O)OCCCCCCCCCC,KS_2024,KS_2024,0
-5.8333097,-0.574607495,CCCCCCCCCCOC(=O)CCN(CCCC)CCCC,KS_2024,KS_2024,0
-6.3613977,-0.55071178,CCCCCCCCCCOC(=O)CCN(CCCCCC)CCCCCC,KS_2024,KS_2024,0
-5.4821453,-1.007239889,CCCCCCCCCCOC(=O)CCN(CCCCCCCC)CCCCCCCC,KS_2024,KS_2024,0
-5.5195737,-0.960213144,CCCCCCCCCCOC(=O)CCN(CCCCCCCCCC)CCCCCCCCCC,KS_2024,KS_2024,0
-5.2527122,-1.257214258,CCCCCCCCCCCN(CCCCCCCCCCC)CCC(=O)OCCCCCCCCCC,KS_2024,KS_2024,0
-5.15975,-1.257214258,CCCCCCCCCCCCN(CCCCCCCCCCCC)CCC(=O)OCCCCCCCCCC,KS_2024,KS_2024,0
-6.0971627,-1.198555732,CCCCCCCCCCCCOC(=O)CCN(C)CCCCCC,KS_2024,KS_2024,0
-6.0246115,-1.191999233,CCCCCCCCCCCCOC(=O)CCN(C)CCCCCCCC,KS_2024,KS_2024,0
-5.1638865,-1.16129028,CCCCCCCCCCCCOC(=O)CCN(C)CCCCCCCCCCCC,KS_2024,KS_2024,0
-4.2195396,-0.461795275,CCCCCCCCCCCCCCCCCCN(C)CCC(=O)OCCCCCCCCCCCC,KS_2024,KS_2024,0
-6.284133,-1.352861829,CCCCCCCCCCCCOC(=O)CCN(CCCC)CCCC,KS_2024,KS_2024,0
-5.7747555,-0.485150347,CCCCCCCCCCCCOC(=O)CCN(CCCCCC)CCCCCC,KS_2024,KS_2024,0
-5.5592446,-1.16129028,CCCCCCCCCCCCOC(=O)CCN(CCCCCCCC)CCCCCCCC,KS_2024,KS_2024,0
-5.2854285,-1.241388646,CCCCCCCCCCCCOC(=O)CCN(CCCCCCCCCC)CCCCCCCCCC,KS_2024,KS_2024,0
-4.987656,-1.301074047,CCCCCCCCCCCCOC(=O)CCN(CCCCCCCCCCC)CCCCCCCCCCC,KS_2024,KS_2024,0
-4.9807463,-1.364442519,CCCCCCCCCCCCOC(=O)CCN(CCCCCCCCCCCC)CCCCCCCCCCCC,KS_2024,KS_2024,0
-5.22644,-1.198555732,CCCCCCCCCCCCCCCCCCOC(=O)CN(C)CCCCCC,KS_2024,KS_2024,0
-5.524839,-0.542492888,CCCCCCCCCCCCCCCCCCOC(=O)CN(C)CCCCCCCC,KS_2024,KS_2024,0
-4.5919266,-0.174897293,CCCCCCCCCCCCCCCCCCOC(=O)CN(C)CCCCCCCCCCCC,KS_2024,KS_2024,0
-4.622203,-0.081554674,CCCCCCCCCCCCCCCCCCOC(=O)CN(C)CCCCCCCCCCCCCCCCCC,KS_2024,KS_2024,0
-4.776129,-1.23379132,CCCCCCCCCCCCCCCCCCOC(=O)CN(CCCC)CCCC,KS_2024,KS_2024,0
-4.4659953,-1.23379132,CCCCCCCCCCCCCCCCCCOC(=O)CN(CCCCCC)CCCCCC,KS_2024,KS_2024,0
-4.3529496,-0.891146486,CCCCCCCCCCCCCCCCCCOC(=O)CN(CCCCCCCC)CCCCCCCC,KS_2024,KS_2024,0
-4.6152434,-0.865082151,CCCCCCCCCCCCCCCCCCOC(=O)CN(CCCCCCCCCC)CCCCCCCCCC,KS_2024,KS_2024,0
-4.4669833,-1.191999233,CCCCCCCCCCCCCCCCCCOC(=O)CN(CCCCCCCCCCC)CCCCCCCCCCC,KS_2024,KS_2024,0
-4.362664,-1.063505575,CCCCCCCCCCCCCCCCCCOC(=O)CN(CCCCCCCCCCCC)CCCCCCCCCCCC,KS_2024,KS_2024,0
-6.0472426,-1.364442519,CCCCCCN(C)CCC(=O)OCCCCOC(=O)CCN(C)CCCCCC,KS_2024,KS_2024,0
-5.852997,-0.60150166,CCCCCCCCN(C)CCC(=O)OCCCCOC(=O)CCN(C)CCCCCCCC,KS_2024,KS_2024,0
-4.2040515,0.584633976,CCCCCCCCCCCCN(C)CCC(=O)OCCCCOC(=O)CCN(C)CCCCCCCCCCCC,KS_2024,KS_2024,1
-3.5509474,-0.007072398,CCCCCCCCCCCCCCCCCCN(C)CCC(=O)OCCCCOC(=O)CCN(C)CCCCCCCCCCCCCCCCCC,KS_2024,KS_2024,0
-6.0431294,-1.462011572,CCCCN(CCCC)CCC(=O)OCCCCOC(=O)CCN(CCCC)CCCC,KS_2024,KS_2024,0
-4.3710017,-0.35523166,CCCCCCN(CCCCCC)CCC(=O)OCCCCOC(=O)CCN(CCCCCC)CCCCCC,KS_2024,KS_2024,0
-2.732782,-0.307389947,CCCCCCCCN(CCCCCCCC)CCC(=O)OCCCCOC(=O)CCN(CCCCCCCC)CCCCCCCC,KS_2024,KS_2024,0
-3.51379,-1.055335402,CCCCCCCCCCN(CCCCCCCCCC)CCC(=O)OCCCCOC(=O)CCN(CCCCCCCCCC)CCCCCCCCCC,KS_2024,KS_2024,0
-3.7718244,-0.57085663,CCCCCCCCCCCN(CCCCCCCCCCC)CCC(=O)OCCCCOC(=O)CCN(CCCCCCCCCCC)CCCCCCCCCCC,KS_2024,KS_2024,0
-3.7427576,-1.098730343,CCCCCCCCCCCCN(CCCCCCCCCCCC)CCC(=O)OCCCCOC(=O)CCN(CCCCCCCCCCCC)CCCCCCCCCCCC,KS_2024,KS_2024,0
-5.8159547,-0.615956331,CCCCCCN(C)CCC(=O)OCCOCCOc1ccc(C(C)(C)c2ccc(OCCOCCOC(=O)CCN(C)CCCCCC)cc2)cc1,KS_2024,KS_2024,0
-5.6116157,0.159088654,CCCCCCCCN(C)CCC(=O)OCCOCCOc1ccc(C(C)(C)c2ccc(OCCOCCOC(=O)CCN(C)CCCCCCCC)cc2)cc1,KS_2024,KS_2024,1
-4.920589,0.458283519,CCCCCCCCCCCCN(C)CCC(=O)OCCOCCOc1ccc(C(C)(C)c2ccc(OCCOCCOC(=O)CCN(C)CCCCCCCCCCCC)cc2)cc1,KS_2024,KS_2024,1
-2.9968626,0.703058464,CCCCCCCCCCCCCCCCCCN(C)CCC(=O)OCCOCCOc1ccc(C(C)(C)c2ccc(OCCOCCOC(=O)CCN(C)CCCCCCCCCCCCCCCCCC)cc2)cc1,KS_2024,KS_2024,1
-5.939835,-1.103453512,CCCCN(CCCC)CCC(=O)OCCOCCOc1ccc(C(C)(C)c2ccc(OCCOCCOC(=O)CCN(CCCC)CCCC)cc2)cc1,KS_2024,KS_2024,0
-5.300964,0.983441514,CCCCCCN(CCCCCC)CCC(=O)OCCOCCOc1ccc(C(C)(C)c2ccc(OCCOCCOC(=O)CCN(CCCCCC)CCCCCC)cc2)cc1,KS_2024,KS_2024,1
-4.5524564,0.425429442,CCCCCCCCN(CCCCCCCC)CCC(=O)OCCOCCOc1ccc(C(C)(C)c2ccc(OCCOCCOC(=O)CCN(CCCCCCCC)CCCCCCCC)cc2)cc1,KS_2024,KS_2024,1
-4.4311657,0.562182851,CCCCCCCCCCN(CCCCCCCCCC)CCC(=O)OCCOCCOc1ccc(C(C)(C)c2ccc(OCCOCCOC(=O)CCN(CCCCCCCCCC)CCCCCCCCCC)cc2)cc1,KS_2024,KS_2024,1
-4.4493146,-0.341495795,CCCCCCCCCCCN(CCCCCCCCCCC)CCC(=O)OCCOCCOc1ccc(C(C)(C)c2ccc(OCCOCCOC(=O)CCN(CCCCCCCCCCC)CCCCCCCCCCC)cc2)cc1,KS_2024,KS_2024,0
-4.259576,-0.62934419,CCCCCCCCCCCCN(CCCCCCCCCCCC)CCC(=O)OCCOCCOc1ccc(C(C)(C)c2ccc(OCCOCCOC(=O)CCN(CCCCCCCCCCCC)CCCCCCCCCCCC)cc2)cc1,KS_2024,KS_2024,0
-5.6281633,0.294541705,CCCCCCN(C)CCC(=O)OCC(O)COc1ccc(C(C)(C)c2ccc(OCC(O)COC(=O)CCN(C)CCCCCC)cc2)cc1,KS_2024,KS_2024,1
-5.7963934,0.79238556,CCCCCCCCN(C)CCC(=O)OCC(O)COc1ccc(C(C)(C)c2ccc(OCC(O)COC(=O)CCN(C)CCCCCCCC)cc2)cc1,KS_2024,KS_2024,1
-4.806999,1.160819916,CCCCCCCCCCCCN(C)CCC(=O)OCC(O)COc1ccc(C(C)(C)c2ccc(OCC(O)COC(=O)CCN(C)CCCCCCCCCCCC)cc2)cc1,KS_2024,KS_2024,1
-4.362759,1.147807948,CCCCCCCCCCCCCCCCCCN(C)CCC(=O)OCC(O)COc1ccc(C(C)(C)c2ccc(OCC(O)COC(=O)CCN(C)CCCCCCCCCCCCCCCCCC)cc2)cc1,KS_2024,KS_2024,1
-5.2749395,0.903365055,CCCCN(CCCC)CCC(=O)OCC(O)COc1ccc(C(C)(C)c2ccc(OCC(O)COC(=O)CCN(CCCC)CCCC)cc2)cc1,KS_2024,KS_2024,1
-5.233658,1.460641362,CCCCCCN(CCCCCC)CCC(=O)OCC(O)COc1ccc(C(C)(C)c2ccc(OCC(O)COC(=O)CCN(CCCCCC)CCCCCC)cc2)cc1,KS_2024,KS_2024,2
-4.5668797,1.452089388,CCCCCCCCN(CCCCCCCC)CCC(=O)OCC(O)COc1ccc(C(C)(C)c2ccc(OCC(O)COC(=O)CCN(CCCCCCCC)CCCCCCCC)cc2)cc1,KS_2024,KS_2024,1
-4.89813,1.181810944,CCCCCCCCCCN(CCCCCCCCCC)CCC(=O)OCC(O)COc1ccc(C(C)(C)c2ccc(OCC(O)COC(=O)CCN(CCCCCCCCCC)CCCCCCCCCC)cc2)cc1,KS_2024,KS_2024,1
-5.014402,1.087547689,CCCCCCCCCCCN(CCCCCCCCCCC)CCC(=O)OCC(O)COc1ccc(C(C)(C)c2ccc(OCC(O)COC(=O)CCN(CCCCCCCCCCC)CCCCCCCCCCC)cc2)cc1,KS_2024,KS_2024,1
-4.6465373,0.75275002,CCCCCCCCCCCCN(CCCCCCCCCCCC)CCC(=O)OCC(O)COc1ccc(C(C)(C)c2ccc(OCC(O)COC(=O)CCN(CCCCCCCCCCCC)CCCCCCCCCCCC)cc2)cc1,KS_2024,KS_2024,1
-4.6554246,0.213535156,CCCCCCN(C)CCC(=O)OCC(CC)(COC(=O)CCN(C)CCCCCC)COC(=O)CCN(C)CCCCCC,KS_2024,KS_2024,1
-3.8378778,1.301236203,CCCCCCCCN(C)CCC(=O)OCC(CC)(COC(=O)CCN(C)CCCCCCCC)COC(=O)CCN(C)CCCCCCCC,KS_2024,KS_2024,1
-2.133795,1.182965929,CCCCCCCCCCCCN(C)CCC(=O)OCC(CC)(COC(=O)CCN(C)CCCCCCCCCCCC)COC(=O)CCN(C)CCCCCCCCCCCC,KS_2024,KS_2024,1
-2.859134,1.45777507,CCCCCCCCCCCCCCCCCCN(C)CCC(=O)OCC(CC)(COC(=O)CCN(C)CCCCCCCCCCCCCCCCCC)COC(=O)CCN(C)CCCCCCCCCCCCCCCCCC,KS_2024,KS_2024,2
-4.3487535,-0.310654039,CCCCN(CCCC)CCC(=O)OCC(CC)(COC(=O)CCN(CCCC)CCCC)COC(=O)CCN(CCCC)CCCC,KS_2024,KS_2024,0
-2.9340332,0.423195431,CCCCCCN(CCCCCC)CCC(=O)OCC(CC)(COC(=O)CCN(CCCCCC)CCCCCC)COC(=O)CCN(CCCCCC)CCCCCC,KS_2024,KS_2024,1
-1.7363096,0.422575031,CCCCCCCCN(CCCCCCCC)CCC(=O)OCC(CC)(COC(=O)CCN(CCCCCCCC)CCCCCCCC)COC(=O)CCN(CCCCCCCC)CCCCCCCC,KS_2024,KS_2024,1
-3.524987,0.598403434,CCCCCCCCCCN(CCCCCCCCCC)CCC(=O)OCC(CC)(COC(=O)CCN(CCCCCCCCCC)CCCCCCCCCC)COC(=O)CCN(CCCCCCCCCC)CCCCCCCCCC,KS_2024,KS_2024,1
-3.304831,0.173219723,CCCCCCCCCCCN(CCCCCCCCCCC)CCC(=O)OCC(CC)(COC(=O)CCN(CCCCCCCCCCC)CCCCCCCCCCC)COC(=O)CCN(CCCCCCCCCCC)CCCCCCCCCCC,KS_2024,KS_2024,1
-3.1903646,-0.109194165,CCCCCCCCCCCCN(CCCCCCCCCCCC)CCC(=O)OCC(CC)(COC(=O)CCN(CCCCCCCCCCCC)CCCCCCCCCCCC)COC(=O)CCN(CCCCCCCCCCCC)CCCCCCCCCCCC,KS_2024,KS_2024,0
-4.5158553,0.481697168,CCCCCCN(C)CCC(=O)OCC(CO)(COC(=O)CCN(C)CCCCCC)COC(=O)CCN(C)CCCCCC,KS_2024,KS_2024,1
-3.9738202,1.486072756,CCCCCCCCN(C)CCC(=O)OCC(CO)(COC(=O)CCN(C)CCCCCCCC)COC(=O)CCN(C)CCCCCCCC,KS_2024,KS_2024,2
-1.8272498,1.433403855,CCCCCCCCCCCCN(C)CCC(=O)OCC(CO)(COC(=O)CCN(C)CCCCCCCCCCCC)COC(=O)CCN(C)CCCCCCCCCCCC,KS_2024,KS_2024,1
-3.0827415,1.653633934,CCCCCCCCCCCCCCCCCCN(C)CCC(=O)OCC(CO)(COC(=O)CCN(C)CCCCCCCCCCCCCCCCCC)COC(=O)CCN(C)CCCCCCCCCCCCCCCCCC,KS_2024,KS_2024,3
-4.619111,0.226859087,CCCCN(CCCC)CCC(=O)OCC(CO)(COC(=O)CCN(CCCC)CCCC)COC(=O)CCN(CCCC)CCCC,KS_2024,KS_2024,1
-2.2688584,1.165148743,CCCCCCN(CCCCCC)CCC(=O)OCC(CO)(COC(=O)CCN(CCCCCC)CCCCCC)COC(=O)CCN(CCCCCC)CCCCCC,KS_2024,KS_2024,1
-1.3468331,0.861183989,CCCCCCCCN(CCCCCCCC)CCC(=O)OCC(CO)(COC(=O)CCN(CCCCCCCC)CCCCCCCC)COC(=O)CCN(CCCCCCCC)CCCCCCCC,KS_2024,KS_2024,1
-2.5858133,1.071192988,CCCCCCCCCCN(CCCCCCCCCC)CCC(=O)OCC(CO)(COC(=O)CCN(CCCCCCCCCC)CCCCCCCCCC)COC(=O)CCN(CCCCCCCCCC)CCCCCCCCCC,KS_2024,KS_2024,1
-2.8488183,0.589151498,CCCCCCCCCCCN(CCCCCCCCCCC)CCC(=O)OCC(CO)(COC(=O)CCN(CCCCCCCCCCC)CCCCCCCCCCC)COC(=O)CCN(CCCCCCCCCCC)CCCCCCCCCCC,KS_2024,KS_2024,1
-3.507543,0.259169551,CCCCCCCCCCCCN(CCCCCCCCCCCC)CCC(=O)OCC(CO)(COC(=O)CCN(CCCCCCCCCCCC)CCCCCCCCCCCC)COC(=O)CCN(CCCCCCCCCCCC)CCCCCCCCCCCC,KS_2024,KS_2024,1
-3.6092896,1.253488286,CCCCCCN(C)CCC(=O)OCC(COC(=O)CCN(C)CCCCCC)(COC(=O)CCN(C)CCCCCC)COC(=O)CCN(C)CCCCCC,KS_2024,KS_2024,1
-2.407041,1.030679459,CCCCCCCCN(C)CCC(=O)OCC(COC(=O)CCN(C)CCCCCCCC)(COC(=O)CCN(C)CCCCCCCC)COC(=O)CCN(C)CCCCCCCC,KS_2024,KS_2024,1
-1.6304891,1.474995635,CCCCCCCCCCCCN(C)CCC(=O)OCC(COC(=O)CCN(C)CCCCCCCCCCCC)(COC(=O)CCN(C)CCCCCCCCCCCC)COC(=O)CCN(C)CCCCCCCCCCCC,KS_2024,KS_2024,2
-3.2553375,1.536157983,CCCCCCCCCCCCCCCCCCN(C)CCC(=O)OCC(COC(=O)CCN(C)CCCCCCCCCCCCCCCCCC)(COC(=O)CCN(C)CCCCCCCCCCCCCCCCCC)COC(=O)CCN(C)CCCCCCCCCCCCCCCCCC,KS_2024,KS_2024,3
-3.6198475,-0.169486171,CCCCN(CCCC)CCC(=O)OCC(COC(=O)CCN(CCCC)CCCC)(COC(=O)CCN(CCCC)CCCC)COC(=O)CCN(CCCC)CCCC,KS_2024,KS_2024,0
-2.318092,0.513248662,CCCCCCN(CCCCCC)CCC(=O)OCC(COC(=O)CCN(CCCCCC)CCCCCC)(COC(=O)CCN(CCCCCC)CCCCCC)COC(=O)CCN(CCCCCC)CCCCCC,KS_2024,KS_2024,1
-1.4240488,0.72881443,CCCCCCCCN(CCCCCCCC)CCC(=O)OCC(COC(=O)CCN(CCCCCCCC)CCCCCCCC)(COC(=O)CCN(CCCCCCCC)CCCCCCCC)COC(=O)CCN(CCCCCCCC)CCCCCCCC,KS_2024,KS_2024,1
-2.8394923,0.793184883,CCCCCCCCCCN(CCCCCCCCCC)CCC(=O)OCC(COC(=O)CCN(CCCCCCCCCC)CCCCCCCCCC)(COC(=O)CCN(CCCCCCCCCC)CCCCCCCCCC)COC(=O)CCN(CCCCCCCCCC)CCCCCCCCCC,KS_2024,KS_2024,1
-3.9260662,0.629433845,CCCCCCCCCCCN(CCCCCCCCCCC)CCC(=O)OCC(COC(=O)CCN(CCCCCCCCCCC)CCCCCCCCCCC)(COC(=O)CCN(CCCCCCCCCCC)CCCCCCCCCCC)COC(=O)CCN(CCCCCCCCCCC)CCCCCCCCCCC,KS_2024,KS_2024,1
-4.4467015,-0.207481555,CCCCCCCCCCCCN(CCCCCCCCCCCC)CCC(=O)OCC(COC(=O)CCN(CCCCCCCCCCCC)CCCCCCCCCCCC)(COC(=O)CCN(CCCCCCCCCCCC)CCCCCCCCCCCC)COC(=O)CCN(CCCCCCCCCCCC)CCCCCCCCCCCC,KS_2024,KS_2024,0
-3.0858154,0.982279759,CCCCCCN(C)CCC(=O)OCC(CC)(COCC(CC)(COC(=O)CCN(C)CCCCCC)COC(=O)CCN(C)CCCCCC)COC(=O)CCN(C)CCCCCC,KS_2024,KS_2024,1
-2.945211,1.730091989,CCCCCCCCN(C)CCC(=O)OCC(CC)(COCC(CC)(COC(=O)CCN(C)CCCCCCCC)COC(=O)CCN(C)CCCCCCCC)COC(=O)CCN(C)CCCCCCCC,KS_2024,KS_2024,3
-0.9670542,1.475697775,CCCCCCCCCCCCN(C)CCC(=O)OCC(CC)(COCC(CC)(COC(=O)CCN(C)CCCCCCCCCCCC)COC(=O)CCN(C)CCCCCCCCCCCC)COC(=O)CCN(C)CCCCCCCCCCCC,KS_2024,KS_2024,2
-1.5277188,1.533265322,CCCCCCCCCCCCCCCCCCN(C)CCC(=O)OCC(CC)(COCC(CC)(COC(=O)CCN(C)CCCCCCCCCCCCCCCCCC)COC(=O)CCN(C)CCCCCCCCCCCCCCCCCC)COC(=O)CCN(C)CCCCCCCCCCCCCCCCCC,KS_2024,KS_2024,2
-3.2740893,0.537389937,CCCCN(CCCC)CCC(=O)OCC(CC)(COCC(CC)(COC(=O)CCN(CCCC)CCCC)COC(=O)CCN(CCCC)CCCC)COC(=O)CCN(CCCC)CCCC,KS_2024,KS_2024,1
-2.9748273,0.482282197,CCCCCCN(CCCCCC)CCC(=O)OCC(CC)(COCC(CC)(COC(=O)CCN(CCCCCC)CCCCCC)COC(=O)CCN(CCCCCC)CCCCCC)COC(=O)CCN(CCCCCC)CCCCCC,KS_2024,KS_2024,1
-1.8002946,0.293676548,CCCCCCCCN(CCCCCCCC)CCC(=O)OCC(CC)(COCC(CC)(COC(=O)CCN(CCCCCCCC)CCCCCCCC)COC(=O)CCN(CCCCCCCC)CCCCCCCC)COC(=O)CCN(CCCCCCCC)CCCCCCCC,KS_2024,KS_2024,1
-1.9579277,0.345309445,CCCCCCCCCCN(CCCCCCCCCC)CCC(=O)OCC(CC)(COCC(CC)(COC(=O)CCN(CCCCCCCCCC)CCCCCCCCCC)COC(=O)CCN(CCCCCCCCCC)CCCCCCCCCC)COC(=O)CCN(CCCCCCCCCC)CCCCCCCCCC,KS_2024,KS_2024,1
-1.7239095,0.546293189,CCCCCCCCCCCN(CCCCCCCCCCC)CCC(=O)OCC(CC)(COCC(CC)(COC(=O)CCN(CCCCCCCCCCC)CCCCCCCCCCC)COC(=O)CCN(CCCCCCCCCCC)CCCCCCCCCCC)COC(=O)CCN(CCCCCCCCCCC)CCCCCCCCCCC,KS_2024,KS_2024,1
-2.1636245,-0.038394893,CCCCCCCCCCCCN(CCCCCCCCCCCC)CCC(=O)OCC(CC)(COCC(CC)(COC(=O)CCN(CCCCCCCCCCCC)CCCCCCCCCCCC)COC(=O)CCN(CCCCCCCCCCCC)CCCCCCCCCCCC)COC(=O)CCN(CCCCCCCCCCCC)CCCCCCCCCCCC,KS_2024,KS_2024,0
-2.2081888,1.146958857,CCCCCCN(C)CCC(=O)OCC(CO)(COCC(COC(=O)CCN(C)CCCCCC)(COC(=O)CCN(C)CCCCCC)COC(=O)CCN(C)CCCCCC)COC(=O)CCN(C)CCCCCC,KS_2024,KS_2024,1
-1.1865543,1.535932075,CCCCCCCCN(C)CCC(=O)OCC(CO)(COCC(COC(=O)CCN(C)CCCCCCCC)(COC(=O)CCN(C)CCCCCCCC)COC(=O)CCN(C)CCCCCCCC)COC(=O)CCN(C)CCCCCCCC,KS_2024,KS_2024,2
-0.44308114,1.561571792,CCCCCCCCCCCCN(C)CCC(=O)OCC(CO)(COCC(COC(=O)CCN(C)CCCCCCCCCCCC)(COC(=O)CCN(C)CCCCCCCCCCCC)COC(=O)CCN(C)CCCCCCCCCCCC)COC(=O)CCN(C)CCCCCCCCCCCC,KS_2024,KS_2024,3
-1.7997313,1.289823426,CCCCCCCCCCCCCCCCCCN(C)CCC(=O)OCC(CO)(COCC(COC(=O)CCN(C)CCCCCCCCCCCCCCCCCC)(COC(=O)CCN(C)CCCCCCCCCCCCCCCCCC)COC(=O)CCN(C)CCCCCCCCCCCCCCCCCC)COC(=O)CCN(C)CCCCCCCCCCCCCCCCCC,KS_2024,KS_2024,1
-2.2752788,0.895321832,CCCCN(CCCC)CCC(=O)OCC(CO)(COCC(COC(=O)CCN(CCCC)CCCC)(COC(=O)CCN(CCCC)CCCC)COC(=O)CCN(CCCC)CCCC)COC(=O)CCN(CCCC)CCCC,KS_2024,KS_2024,1
-1.6689773,0.522607262,CCCCCCN(CCCCCC)CCC(=O)OCC(CO)(COCC(COC(=O)CCN(CCCCCC)CCCCCC)(COC(=O)CCN(CCCCCC)CCCCCC)COC(=O)CCN(CCCCCC)CCCCCC)COC(=O)CCN(CCCCCC)CCCCCC,KS_2024,KS_2024,1
-1.6758102,0.61400565,CCCCCCCCN(CCCCCCCC)CCC(=O)OCC(CO)(COCC(COC(=O)CCN(CCCCCCCC)CCCCCCCC)(COC(=O)CCN(CCCCCCCC)CCCCCCCC)COC(=O)CCN(CCCCCCCC)CCCCCCCC)COC(=O)CCN(CCCCCCCC)CCCCCCCC,KS_2024,KS_2024,1
-2.0073307,0.47956423,CCCCCCCCCCN(CCCCCCCCCC)CCC(=O)OCC(CO)(COCC(COC(=O)CCN(CCCCCCCCCC)CCCCCCCCCC)(COC(=O)CCN(CCCCCCCCCC)CCCCCCCCCC)COC(=O)CCN(CCCCCCCCCC)CCCCCCCCCC)COC(=O)CCN(CCCCCCCCCC)CCCCCCCCCC,KS_2024,KS_2024,1
-3.8689702,0.293702247,CCCCCCCCCCCN(CCCCCCCCCCC)CCC(=O)OCC(CO)(COCC(COC(=O)CCN(CCCCCCCCCCC)CCCCCCCCCCC)(COC(=O)CCN(CCCCCCCCCCC)CCCCCCCCCCC)COC(=O)CCN(CCCCCCCCCCC)CCCCCCCCCCC)COC(=O)CCN(CCCCCCCCCCC)CCCCCCCCCCC,KS_2024,KS_2024,1
-3.7492797,0.030956072,CCCCCCCCCCCCN(CCCCCCCCCCCC)CCC(=O)OCC(CO)(COCC(COC(=O)CCN(CCCCCCCCCCCC)CCCCCCCCCCCC)(COC(=O)CCN(CCCCCCCCCCCC)CCCCCCCCCCCC)COC(=O)CCN(CCCCCCCCCCCC)CCCCCCCCCCCC)COC(=O)CCN(CCCCCCCCCCCC)CCCCCCCCCCCC,KS_2024,KS_2024,0
-2.7635806,0.701799064,CCCCCCN(C)CCC(=O)OCC(COCC(COC(=O)CCN(C)CCCCCC)(COC(=O)CCN(C)CCCCCC)COC(=O)CCN(C)CCCCCC)(COC(=O)CCN(C)CCCCCC)COC(=O)CCN(C)CCCCCC,KS_2024,KS_2024,1
-1.6505305,1.707074955,CCCCCCCCN(C)CCC(=O)OCC(COCC(COC(=O)CCN(C)CCCCCCCC)(COC(=O)CCN(C)CCCCCCCC)COC(=O)CCN(C)CCCCCCCC)(COC(=O)CCN(C)CCCCCCCC)COC(=O)CCN(C)CCCCCCCC,KS_2024,KS_2024,3
-1.5430963,1.532208977,CCCCCCCCCCCCN(C)CCC(=O)OCC(COCC(COC(=O)CCN(C)CCCCCCCCCCCC)(COC(=O)CCN(C)CCCCCCCCCCCC)COC(=O)CCN(C)CCCCCCCCCCCC)(COC(=O)CCN(C)CCCCCCCCCCCC)COC(=O)CCN(C)CCCCCCCCCCCC,KS_2024,KS_2024,2
-1.7670103,1.464277137,CCCCCCCCCCCCCCCCCCN(C)CCC(=O)OCC(COCC(COC(=O)CCN(C)CCCCCCCCCCCCCCCCCC)(COC(=O)CCN(C)CCCCCCCCCCCCCCCCCC)COC(=O)CCN(C)CCCCCCCCCCCCCCCCCC)(COC(=O)CCN(C)CCCCCCCCCCCCCCCCCC)COC(=O)CCN(C)CCCCCCCCCCCCCCCCCC,KS_2024,KS_2024,2
-2.665143,0.659848212,CCCCN(CCCC)CCC(=O)OCC(COCC(COC(=O)CCN(CCCC)CCCC)(COC(=O)CCN(CCCC)CCCC)COC(=O)CCN(CCCC)CCCC)(COC(=O)CCN(CCCC)CCCC)COC(=O)CCN(CCCC)CCCC,KS_2024,KS_2024,1
-2.1668344,0.563862818,CCCCCCN(CCCCCC)CCC(=O)OCC(COCC(COC(=O)CCN(CCCCCC)CCCCCC)(COC(=O)CCN(CCCCCC)CCCCCC)COC(=O)CCN(CCCCCC)CCCCCC)(COC(=O)CCN(CCCCCC)CCCCCC)COC(=O)CCN(CCCCCC)CCCCCC,KS_2024,KS_2024,1
-2.4275076,0.827510833,CCCCCCCCN(CCCCCCCC)CCC(=O)OCC(COCC(COC(=O)CCN(CCCCCCCC)CCCCCCCC)(COC(=O)CCN(CCCCCCCC)CCCCCCCC)COC(=O)CCN(CCCCCCCC)CCCCCCCC)(COC(=O)CCN(CCCCCCCC)CCCCCCCC)COC(=O)CCN(CCCCCCCC)CCCCCCCC,KS_2024,KS_2024,1
-2.6653793,0.439659832,CCCCCCCCCCN(CCCCCCCCCC)CCC(=O)OCC(COCC(COC(=O)CCN(CCCCCCCCCC)CCCCCCCCCC)(COC(=O)CCN(CCCCCCCCCC)CCCCCCCCCC)COC(=O)CCN(CCCCCCCCCC)CCCCCCCCCC)(COC(=O)CCN(CCCCCCCCCC)CCCCCCCCCC)COC(=O)CCN(CCCCCCCCCC)CCCCCCCCCC,KS_2024,KS_2024,1
-3.0581303,0.344433945,CCCCCCCCCCCN(CCCCCCCCCCC)CCC(=O)OCC(COCC(COC(=O)CCN(CCCCCCCCCCC)CCCCCCCCCCC)(COC(=O)CCN(CCCCCCCCCCC)CCCCCCCCCCC)COC(=O)CCN(CCCCCCCCCCC)CCCCCCCCCCC)(COC(=O)CCN(CCCCCCCCCCC)CCCCCCCCCCC)COC(=O)CCN(CCCCCCCCCCC)CCCCCCCCCCC,KS_2024,KS_2024,1
-3.3438435,-0.059616661,CCCCCCCCCCCCN(CCCCCCCCCCCC)CCC(=O)OCC(COCC(COC(=O)CCN(CCCCCCCCCCCC)CCCCCCCCCCCC)(COC(=O)CCN(CCCCCCCCCCCC)CCCCCCCCCCCC)COC(=O)CCN(CCCCCCCCCCCC)CCCCCCCCCCCC)(COC(=O)CCN(CCCCCCCCCCCC)CCCCCCCCCCCC)COC(=O)CCN(CCCCCCCCCCCC)CCCCCCCCCCCC,KS_2024,KS_2024,0
-4.653677,-1.624121259,CCCCCC(=O)OCC(CC)(COC(=O)CCCCC)COC(=O)CCN(CCCCO)CCC(=O)OCC(CC)(COC(=O)CCCCC)COC(=O)CCCCC,LX_2024_2,LX_2024_2,0
-4.481302,-0.740906092,CCCCCCC(=O)OCC(CC)(COC(=O)CCCCCC)COC(=O)CCN(CCCCO)CCC(=O)OCC(CC)(COC(=O)CCCCCC)COC(=O)CCCCCC,LX_2024_2,LX_2024_2,0
-4.3470945,-0.008483759,CCCCC(C)C(=O)OCC(CC)(COC(=O)CCN(CCCCO)CCC(=O)OCC(CC)(COC(=O)C(C)CCCC)COC(=O)C(C)CCCC)COC(=O)C(C)CCCC,LX_2024_2,LX_2024_2,0
-4.3659444,-1.911345703,CCCCCCCC(=O)OCC(CC)(COC(=O)CCCCCCC)COC(=O)CCN(CCCCO)CCC(=O)OCC(CC)(COC(=O)CCCCCCC)COC(=O)CCCCCCC,LX_2024_2,LX_2024_2,0
-4.6414957,-0.252624537,CCCCCC(C)C(=O)OCC(CC)(COC(=O)CCN(CCCCO)CCC(=O)OCC(CC)(COC(=O)C(C)CCCCC)COC(=O)C(C)CCCCC)COC(=O)C(C)CCCCC,LX_2024_2,LX_2024_2,0
-4.550885,-0.008483759,CCCCC(CC)C(=O)OCC(CC)(COC(=O)CCN(CCCCO)CCC(=O)OCC(CC)(COC(=O)C(CC)CCCC)COC(=O)C(CC)CCCC)COC(=O)C(CC)CCCC,LX_2024_2,LX_2024_2,0
-3.4247026,-1.667204925,CCCCCCCCC(=O)OCC(CC)(COC(=O)CCCCCCCC)COC(=O)CCN(CCCCO)CCC(=O)OCC(CC)(COC(=O)CCCCCCCC)COC(=O)CCCCCCCC,LX_2024_2,LX_2024_2,0
-3.96546,0.027419297,CCCCC(C)CCC(=O)OCC(CC)(COC(=O)CCC(C)CCCC)COC(=O)CCN(CCCCO)CCC(=O)OCC(CC)(COC(=O)CCC(C)CCCC)COC(=O)CCC(C)CCCC,LX_2024_2,LX_2024_2,0
-3.3038404,-1.408702926,CCCCCCCCCC(=O)OCC(CC)(COC(=O)CCCCCCCCC)COC(=O)CCN(CCCCO)CCC(=O)OCC(CC)(COC(=O)CCCCCCCCC)COC(=O)CCCCCCCCC,LX_2024_2,LX_2024_2,0
-3.3113337,-1.257910092,CCCCCC(C)CCC(=O)OCC(CC)(COC(=O)CCC(C)CCCCC)COC(=O)CCN(CCCCO)CCC(=O)OCC(CC)(COC(=O)CCC(C)CCCCC)COC(=O)CCC(C)CCCCC,LX_2024_2,LX_2024_2,0
-3.7651334,-1.300993759,CCCCC(CC)CCC(=O)OCC(CC)(COC(=O)CCC(CC)CCCC)COC(=O)CCN(CCCCO)CCC(=O)OCC(CC)(COC(=O)CCC(CC)CCCC)COC(=O)CCC(CC)CCCC,LX_2024_2,LX_2024_2,0
-4.0793886,-0.776809147,CCCCCC(CCC)C(=O)OCC(CC)(COC(=O)CCN(CCCCO)CCC(=O)OCC(CC)(COC(=O)C(CCC)CCCCC)COC(=O)C(CCC)CCCCC)COC(=O)C(CCC)CCCCC,LX_2024_2,LX_2024_2,0
-4.8226724,-0.475223482,CCCCC/C=C/CCC(=O)OCC(CC)(COC(=O)CC/C=C/CCCCC)COC(=O)CCN(CCCCO)CCC(=O)OCC(CC)(COC(=O)CC/C=C/CCCCC)COC(=O)CC/C=C/CCCCC,LX_2024_2,LX_2024_2,0
-3.3236892,-1.825178369,CCCCCCCCCCC(=O)OCC(CC)(COC(=O)CCCCCCCCCC)COC(=O)CCN(CCCCO)CCC(=O)OCC(CC)(COC(=O)CCCCCCCCCC)COC(=O)CCCCCCCCCC,LX_2024_2,LX_2024_2,0
-3.0542796,-1.56667637,CCCCCCCCCCCC(=O)OCC(CC)(COC(=O)CCCCCCCCCCC)COC(=O)CCN(CCCCO)CCC(=O)OCC(CC)(COC(=O)CCCCCCCCCCC)COC(=O)CCCCCCCCCCC,LX_2024_2,LX_2024_2,0
-3.027018,-0.202360259,CCCCCC(=O)OCC(CC)(COC(=O)CCCCC)COC(=O)CCN(CCCN1CCN(C)CC1)CCC(=O)OCC(CC)(COC(=O)CCCCC)COC(=O)CCCCC,LX_2024_2,LX_2024_2,0
-1.2528023,-0.518307148,CCCCCCC(=O)OCC(CC)(COC(=O)CCCCCC)COC(=O)CCN(CCCN1CCN(C)CC1)CCC(=O)OCC(CC)(COC(=O)CCCCCC)COC(=O)CCCCCC,LX_2024_2,LX_2024_2,0
-2.1122923,-0.740906092,CCCCC(C)C(=O)OCC(CC)(COC(=O)CCN(CCCN1CCN(C)CC1)CCC(=O)OCC(CC)(COC(=O)C(C)CCCC)COC(=O)C(C)CCCC)COC(=O)C(C)CCCC,LX_2024_2,LX_2024_2,0
-0.8369923,1.075788518,CCCCCCCC(=O)OCC(CC)(COC(=O)CCCCCCC)COC(=O)CCN(CCCN1CCN(C)CC1)CCC(=O)OCC(CC)(COC(=O)CCCCCCC)COC(=O)CCCCCCC,LX_2024_2,LX_2024_2,1
-1.3701881,0.05614174,CCCCCC(C)C(=O)OCC(CC)(COC(=O)CCN(CCCN1CCN(C)CC1)CCC(=O)OCC(CC)(COC(=O)C(C)CCCCC)COC(=O)C(C)CCCCC)COC(=O)C(C)CCCCC,LX_2024_2,LX_2024_2,1
-2.1661677,-0.202360259,CCCCC(CC)C(=O)OCC(CC)(COC(=O)CCN(CCCN1CCN(C)CC1)CCC(=O)OCC(CC)(COC(=O)C(CC)CCCC)COC(=O)C(CC)CCCC)COC(=O)C(CC)CCCC,LX_2024_2,LX_2024_2,0
-0.8772178,-0.202360259,CCCCCCCCC(=O)OCC(CC)(COC(=O)CCCCCCCC)COC(=O)CCN(CCCN1CCN(C)CC1)CCC(=O)OCC(CC)(COC(=O)CCCCCCCC)COC(=O)CCCCCCCC,LX_2024_2,LX_2024_2,0
-1.1175641,0.364908019,CCCCC(C)CCC(=O)OCC(CC)(COC(=O)CCC(C)CCCC)COC(=O)CCN(CCCN1CCN(C)CC1)CCC(=O)OCC(CC)(COC(=O)CCC(C)CCCC)COC(=O)CCC(C)CCCC,LX_2024_2,LX_2024_2,1
-0.93305755,-0.654738759,CCCCCCCCCC(=O)OCC(CC)(COC(=O)CCCCCCCCC)COC(=O)CCN(CCCN1CCN(C)CC1)CCC(=O)OCC(CC)(COC(=O)CCCCCCCCC)COC(=O)CCCCCCCCC,LX_2024_2,LX_2024_2,0
-0.41965544,-1.064033592,CCCCCC(C)CCC(=O)OCC(CC)(COC(=O)CCC(C)CCCCC)COC(=O)CCN(CCCN1CCN(C)CC1)CCC(=O)OCC(CC)(COC(=O)CCC(C)CCCCC)COC(=O)CCC(C)CCCCC,LX_2024_2,LX_2024_2,0
-1.1352626,-1.035311148,CCCCC(CC)CCC(=O)OCC(CC)(COC(=O)CCC(CC)CCCC)COC(=O)CCN(CCCN1CCN(C)CC1)CCC(=O)OCC(CC)(COC(=O)CCC(CC)CCCC)COC(=O)CCC(CC)CCCC,LX_2024_2,LX_2024_2,0
-2.619474,-0.353153092,CCCCCC(CCC)C(=O)OCC(CC)(COC(=O)CCN(CCCN1CCN(C)CC1)CCC(=O)OCC(CC)(COC(=O)C(CCC)CCCCC)COC(=O)C(CCC)CCCCC)COC(=O)C(CCC)CCCCC,LX_2024_2,LX_2024_2,0
-1.7822547,-0.073109259,CCCCC/C=C/CCC(=O)OCC(CC)(COC(=O)CC/C=C/CCCCC)COC(=O)CCN(CCCN1CCN(C)CC1)CCC(=O)OCC(CC)(COC(=O)CC/C=C/CCCCC)COC(=O)CC/C=C/CCCCC,LX_2024_2,LX_2024_2,0
-0.4127586,-1.667204925,CCCCCCCCCCC(=O)OCC(CC)(COC(=O)CCCCCCCCCC)COC(=O)CCN(CCCN1CCN(C)CC1)CCC(=O)OCC(CC)(COC(=O)CCCCCCCCCC)COC(=O)CCCCCCCCCC,LX_2024_2,LX_2024_2,0
-0.30111206,-1.257910092,CCCCCCCCCCCC(=O)OCC(CC)(COC(=O)CCCCCCCCCCC)COC(=O)CCN(CCCN1CCN(C)CC1)CCC(=O)OCC(CC)(COC(=O)CCCCCCCCCCC)COC(=O)CCCCCCCCCCC,LX_2024_2,LX_2024_2,0
-4.6264524,-0.539848981,CCCCCC(=O)OCC(CC)(COC(=O)CCCCC)COC(=O)CCN(CCC(=O)OCC(CC)(COC(=O)CCCCC)COC(=O)CCCCC)CCN1CCOCC1,LX_2024_2,LX_2024_2,0
-3.716432,-0.030025592,CCCCCCC(=O)OCC(CC)(COC(=O)CCCCCC)COC(=O)CCN(CCC(=O)OCC(CC)(COC(=O)CCCCCC)COC(=O)CCCCCC)CCN1CCOCC1,LX_2024_2,LX_2024_2,0
-3.8656545,0.142309074,CCCCC(C)C(=O)OCC(CC)(COC(=O)CCN(CCC(=O)OCC(CC)(COC(=O)C(C)CCCC)COC(=O)C(C)CCCC)CCN1CCOCC1)COC(=O)C(C)CCCC,LX_2024_2,LX_2024_2,1
-3.7158947,-1.667204925,CCCCCCCC(=O)OCC(CC)(COC(=O)CCCCCCC)COC(=O)CCN(CCC(=O)OCC(CC)(COC(=O)CCCCCCC)COC(=O)CCCCCCC)CCN1CCOCC1,LX_2024_2,LX_2024_2,0
-3.5181317,0.522881463,CCCCCC(C)C(=O)OCC(CC)(COC(=O)CCN(CCC(=O)OCC(CC)(COC(=O)C(C)CCCCC)COC(=O)C(C)CCCCC)CCN1CCOCC1)COC(=O)C(C)CCCCC,LX_2024_2,LX_2024_2,1
-4.1045475,0.099225408,CCCCC(CC)C(=O)OCC(CC)(COC(=O)CCN(CCC(=O)OCC(CC)(COC(=O)C(CC)CCCC)COC(=O)C(CC)CCCC)CCN1CCOCC1)COC(=O)C(CC)CCCC,LX_2024_2,LX_2024_2,1
-3.9496837,-1.502050869,CCCCCCCCC(=O)OCC(CC)(COC(=O)CCCCCCCC)COC(=O)CCN(CCC(=O)OCC(CC)(COC(=O)CCCCCCCC)COC(=O)CCCCCCCC)CCN1CCOCC1,LX_2024_2,LX_2024_2,0
-3.3012137,0.580326352,CCCCC(C)CCC(=O)OCC(CC)(COC(=O)CCC(C)CCCC)COC(=O)CCN(CCC(=O)OCC(CC)(COC(=O)CCC(C)CCCC)COC(=O)CCC(C)CCCC)CCN1CCOCC1,LX_2024_2,LX_2024_2,1
-3.802806,-1.222007037,CCCCCCCCCC(=O)OCC(CC)(COC(=O)CCCCCCCCC)COC(=O)CCN(CCC(=O)OCC(CC)(COC(=O)CCCCCCCCC)COC(=O)CCCCCCCCC)CCN1CCOCC1,LX_2024_2,LX_2024_2,0
-3.2664528,-1.315354981,CCCCCC(C)CCC(=O)OCC(CC)(COC(=O)CCC(C)CCCCC)COC(=O)CCN(CCC(=O)OCC(CC)(COC(=O)CCC(C)CCCCC)COC(=O)CCC(C)CCCCC)CCN1CCOCC1,LX_2024_2,LX_2024_2,0
-3.2027144,-1.171742759,CCCCC(CC)CCC(=O)OCC(CC)(COC(=O)CCC(CC)CCCC)COC(=O)CCN(CCC(=O)OCC(CC)(COC(=O)CCC(CC)CCCC)COC(=O)CCC(CC)CCCC)CCN1CCOCC1,LX_2024_2,LX_2024_2,0
-4.2146363,-0.030025592,CCCCCC(CCC)C(=O)OCC(CC)(COC(=O)CCN(CCC(=O)OCC(CC)(COC(=O)C(CCC)CCCCC)COC(=O)C(CCC)CCCCC)CCN1CCOCC1)COC(=O)C(CCC)CCCCC,LX_2024_2,LX_2024_2,0
-4.138458,0.192573352,CCCCC/C=C/CCC(=O)OCC(CC)(COC(=O)CC/C=C/CCCCC)COC(=O)CCN(CCC(=O)OCC(CC)(COC(=O)CC/C=C/CCCCC)COC(=O)CC/C=C/CCCCC)CCN1CCOCC1,LX_2024_2,LX_2024_2,1
-3.4476461,-0.776809147,CCCCCCCCCCC(=O)OCC(CC)(COC(=O)CCCCCCCCCC)COC(=O)CCN(CCC(=O)OCC(CC)(COC(=O)CCCCCCCCCC)COC(=O)CCCCCCCCCC)CCN1CCOCC1,LX_2024_2,LX_2024_2,0
-3.3344476,-1.825178369,CCCCCCCCCCCC(=O)OCC(CC)(COC(=O)CCCCCCCCCCC)COC(=O)CCN(CCC(=O)OCC(CC)(COC(=O)CCCCCCCCCCC)COC(=O)CCCCCCCCCCC)CCN1CCOCC1,LX_2024_2,LX_2024_2,0
-4.131084,0.522881463,CCCCCC(=O)OCC(CC)(COC(=O)CCCCC)COC(=O)CCN1CCN(CCC(=O)OCC(CC)(COC(=O)CCCCC)COC(=O)CCCCC)CC1,LX_2024_2,LX_2024_2,1
-3.8382514,0.264379463,CCCCCCC(=O)OCC(CC)(COC(=O)CCCCCC)COC(=O)CCN1CCN(CCC(=O)OCC(CC)(COC(=O)CCCCCC)COC(=O)CCCCCC)CC1,LX_2024_2,LX_2024_2,1
-4.3055897,0.522881463,CCCCC(C)C(=O)OCC(CC)(COC(=O)CCN1CCN(CCC(=O)OCC(CC)(COC(=O)C(C)CCCC)COC(=O)C(C)CCCC)CC1)COC(=O)C(C)CCCC,LX_2024_2,LX_2024_2,1
-3.590891,-1.746191647,CCCCCCCC(=O)OCC(CC)(COC(=O)CCCCCCC)COC(=O)CCN1CCN(CCC(=O)OCC(CC)(COC(=O)CCCCCCC)COC(=O)CCCCCCC)CC1,LX_2024_2,LX_2024_2,0
-4.016833,0.192573352,CCCCCC(C)C(=O)OCC(CC)(COC(=O)CCN1CCN(CCC(=O)OCC(CC)(COC(=O)C(C)CCCCC)COC(=O)C(C)CCCCC)CC1)COC(=O)C(C)CCCCC,LX_2024_2,LX_2024_2,1
-4.0703173,0.300282518,CCCCC(CC)C(=O)OCC(CC)(COC(=O)CCN1CCN(CCC(=O)OCC(CC)(COC(=O)C(CC)CCCC)COC(=O)C(CC)CCCC)CC1)COC(=O)C(CC)CCCC,LX_2024_2,LX_2024_2,1
-2.936945,-1.56667637,CCCCCCCCC(=O)OCC(CC)(COC(=O)CCCCCCCC)COC(=O)CCN1CCN(CCC(=O)OCC(CC)(COC(=O)CCCCCCCC)COC(=O)CCCCCCCC)CC1,LX_2024_2,LX_2024_2,0
-4.5114994,0.522881463,CCCCC(C)CCC(=O)OCC(CC)(COC(=O)CCC(C)CCCC)COC(=O)CCN1CCN(CCC(=O)OCC(CC)(COC(=O)CCC(C)CCCC)COC(=O)CCC(C)CCCC)CC1,LX_2024_2,LX_2024_2,1
-2.9066024,-1.300993759,CCCCCCCCCC(=O)OCC(CC)(COC(=O)CCCCCCCCC)COC(=O)CCN1CCN(CCC(=O)OCC(CC)(COC(=O)CCCCCCCCC)COC(=O)CCCCCCCCC)CC1,LX_2024_2,LX_2024_2,0
-3.9767156,-1.099936647,CCCCCC(C)CCC(=O)OCC(CC)(COC(=O)CCC(C)CCCCC)COC(=O)CCN1CCN(CCC(=O)OCC(CC)(COC(=O)CCC(C)CCCCC)COC(=O)CCC(C)CCCCC)CC1,LX_2024_2,LX_2024_2,0
-4.199714,-1.171742759,CCCCC(CC)CCC(=O)OCC(CC)(COC(=O)CCC(CC)CCCC)COC(=O)CCN1CCN(CCC(=O)OCC(CC)(COC(=O)CCC(CC)CCCC)COC(=O)CCC(CC)CCCC)CC1,LX_2024_2,LX_2024_2,0
-4.466754,0.407991685,CCCCCC(CCC)C(=O)OCC(CC)(COC(=O)CCN1CCN(CCC(=O)OCC(CC)(COC(=O)C(CCC)CCCCC)COC(=O)C(CCC)CCCCC)CC1)COC(=O)C(CCC)CCCCC,LX_2024_2,LX_2024_2,1
-3.951837,0.285921297,CCCCC/C=C/CCC(=O)OCC(CC)(COC(=O)CC/C=C/CCCCC)COC(=O)CCN1CCN(CCC(=O)OCC(CC)(COC(=O)CC/C=C/CCCCC)COC(=O)CC/C=C/CCCCC)CC1,LX_2024_2,LX_2024_2,1
-2.9210844,-1.56667637,CCCCCCCCCCC(=O)OCC(CC)(COC(=O)CCCCCCCCCC)COC(=O)CCN1CCN(CCC(=O)OCC(CC)(COC(=O)CCCCCCCCCC)COC(=O)CCCCCCCCCC)CC1,LX_2024_2,LX_2024_2,0
-2.748307,-1.56667637,CCCCCCCCCCCC(=O)OCC(CC)(COC(=O)CCCCCCCCCCC)COC(=O)CCN1CCN(CCC(=O)OCC(CC)(COC(=O)CCCCCCCCCCC)COC(=O)CCCCCCCCCCC)CC1,LX_2024_2,LX_2024_2,0
-3.675144,0.142309074,CCCCCC(=O)OCC(CC)(COC(=O)CCCCC)COC(=O)CCN(CCC(=O)OCC(CC)(COC(=O)CCCCC)COC(=O)CCCCC)N1CCN(C)CC1,LX_2024_2,LX_2024_2,1
-3.3311176,-0.073109259,CCCCCCC(=O)OCC(CC)(COC(=O)CCCCCC)COC(=O)CCN(CCC(=O)OCC(CC)(COC(=O)CCCCCC)COC(=O)CCCCCC)N1CCN(C)CC1,LX_2024_2,LX_2024_2,0
-3.7829566,0.099225408,CCCCC(C)C(=O)OCC(CC)(COC(=O)CCN(CCC(=O)OCC(CC)(COC(=O)C(C)CCCC)COC(=O)C(C)CCCC)N1CCN(C)CC1)COC(=O)C(C)CCCC,LX_2024_2,LX_2024_2,1
-2.946846,-1.329716203,CCCCCCCC(=O)OCC(CC)(COC(=O)CCCCCCC)COC(=O)CCN(CCC(=O)OCC(CC)(COC(=O)CCCCCCC)COC(=O)CCCCCCC)N1CCN(C)CC1,LX_2024_2,LX_2024_2,0
-2.7400706,0.82446713,CCCCCC(C)C(=O)OCC(CC)(COC(=O)CCN(CCC(=O)OCC(CC)(COC(=O)C(C)CCCCC)COC(=O)C(C)CCCCC)N1CCN(C)CC1)COC(=O)C(C)CCCCC,LX_2024_2,LX_2024_2,1
-3.4769347,0.522881463,CCCCC(CC)C(=O)OCC(CC)(COC(=O)CCN(CCC(=O)OCC(CC)(COC(=O)C(CC)CCCC)COC(=O)C(CC)CCCC)N1CCN(C)CC1)COC(=O)C(CC)CCCC,LX_2024_2,LX_2024_2,1
-2.9214604,-1.099936647,CCCCCCCCC(=O)OCC(CC)(COC(=O)CCCCCCCC)COC(=O)CCN(CCC(=O)OCC(CC)(COC(=O)CCCCCCCC)COC(=O)CCCCCCCC)N1CCN(C)CC1,LX_2024_2,LX_2024_2,0
-2.9134166,0.788564074,CCCCC(C)CCC(=O)OCC(CC)(COC(=O)CCC(C)CCCC)COC(=O)CCN(CCC(=O)OCC(CC)(COC(=O)CCC(C)CCCC)COC(=O)CCC(C)CCCC)N1CCN(C)CC1,LX_2024_2,LX_2024_2,1
-1.7396624,-1.013769314,CCCCCCCCCC(=O)OCC(CC)(COC(=O)CCCCCCCCC)COC(=O)CCN(CCC(=O)OCC(CC)(COC(=O)CCCCCCCCC)COC(=O)CCCCCCCCC)N1CCN(C)CC1,LX_2024_2,LX_2024_2,0
-3.1857643,-0.783989759,CCCCCC(C)CCC(=O)OCC(CC)(COC(=O)CCC(C)CCCCC)COC(=O)CCN(CCC(=O)OCC(CC)(COC(=O)CCC(C)CCCCC)COC(=O)CCC(C)CCCCC)N1CCN(C)CC1,LX_2024_2,LX_2024_2,0
-3.5463555,-1.071214203,CCCCC(CC)CCC(=O)OCC(CC)(COC(=O)CCC(CC)CCCC)COC(=O)CCN(CCC(=O)OCC(CC)(COC(=O)CCC(CC)CCCC)COC(=O)CCC(CC)CCCC)N1CCN(C)CC1,LX_2024_2,LX_2024_2,0
-4.0205617,0.731119185,CCCCCC(CCC)C(=O)OCC(CC)(COC(=O)CCN(CCC(=O)OCC(CC)(COC(=O)C(CCC)CCCCC)COC(=O)C(CCC)CCCCC)N1CCN(C)CC1)COC(=O)C(CCC)CCCCC,LX_2024_2,LX_2024_2,1
-3.1447797,0.027419297,CCCCC/C=C/CCC(=O)OCC(CC)(COC(=O)CC/C=C/CCCCC)COC(=O)CCN(CCC(=O)OCC(CC)(COC(=O)CC/C=C/CCCCC)COC(=O)CC/C=C/CCCCC)N1CCN(C)CC1,LX_2024_2,LX_2024_2,0
-1.9782075,-1.552315147,CCCCCCCCCCC(=O)OCC(CC)(COC(=O)CCCCCCCCCC)COC(=O)CCN(CCC(=O)OCC(CC)(COC(=O)CCCCCCCCCC)COC(=O)CCCCCCCCCC)N1CCN(C)CC1,LX_2024_2,LX_2024_2,0
-2.5372787,-1.624121259,CCCCCCCCCCCC(=O)OCC(CC)(COC(=O)CCCCCCCCCCC)COC(=O)CCN(CCC(=O)OCC(CC)(COC(=O)CCCCCCCCCCC)COC(=O)CCCCCCCCCCC)N1CCN(C)CC1,LX_2024_2,LX_2024_2,0
-3.907389,-0.424959204,CCCCCC(=O)OCC(CC)(COC(=O)CCCCC)COC(=O)CCN(CCC(=O)OCC(CC)(COC(=O)CCCCC)COC(=O)CCCCC)CCN(C)C,LX_2024_2,LX_2024_2,0
-3.8313255,-0.030025592,CCCCCCC(=O)OCC(CC)(COC(=O)CCCCCC)COC(=O)CCN(CCC(=O)OCC(CC)(COC(=O)CCCCCC)COC(=O)CCCCCC)CCN(C)C,LX_2024_2,LX_2024_2,0
-2.839678,-0.331611259,CCCCC(C)C(=O)OCC(CC)(COC(=O)CCN(CCC(=O)OCC(CC)(COC(=O)C(C)CCCC)COC(=O)C(C)CCCC)CCN(C)C)COC(=O)C(C)CCCC,LX_2024_2,LX_2024_2,0
-3.310559,0.731119185,CCCCCCCC(=O)OCC(CC)(COC(=O)CCCCCCC)COC(=O)CCN(CCC(=O)OCC(CC)(COC(=O)CCCCCCC)COC(=O)CCCCCCC)CCN(C)C,LX_2024_2,LX_2024_2,1
-2.7514136,0.192573352,CCCCCC(C)C(=O)OCC(CC)(COC(=O)CCN(CCC(=O)OCC(CC)(COC(=O)C(C)CCCCC)COC(=O)C(C)CCCCC)CCN(C)C)COC(=O)C(C)CCCCC,LX_2024_2,LX_2024_2,1
-3.0438206,-0.202360259,CCCCC(CC)C(=O)OCC(CC)(COC(=O)CCN(CCC(=O)OCC(CC)(COC(=O)C(CC)CCCC)COC(=O)C(CC)CCCC)CCN(C)C)COC(=O)C(CC)CCCC,LX_2024_2,LX_2024_2,0
-2.8210018,0.580326352,CCCCCCCCC(=O)OCC(CC)(COC(=O)CCCCCCCC)COC(=O)CCN(CCC(=O)OCC(CC)(COC(=O)CCCCCCCC)COC(=O)CCCCCCCC)CCN(C)C,LX_2024_2,LX_2024_2,1
-3.1141522,-0.173637815,CCCCC(C)CCC(=O)OCC(CC)(COC(=O)CCC(C)CCCC)COC(=O)CCN(CCC(=O)OCC(CC)(COC(=O)CCC(C)CCCC)COC(=O)CCC(C)CCCC)CCN(C)C,LX_2024_2,LX_2024_2,0
-2.09311,-1.013769314,CCCCCCCCCC(=O)OCC(CC)(COC(=O)CCCCCCCCC)COC(=O)CCN(CCC(=O)OCC(CC)(COC(=O)CCCCCCCCC)COC(=O)CCCCCCCCC)CCN(C)C,LX_2024_2,LX_2024_2,0
-2.9782808,-0.008483759,CCCCCC(C)CCC(=O)OCC(CC)(COC(=O)CCC(C)CCCCC)COC(=O)CCN(CCC(=O)OCC(CC)(COC(=O)CCC(C)CCCCC)COC(=O)CCC(C)CCCCC)CCN(C)C,LX_2024_2,LX_2024_2,0
-2.7260423,-0.331611259,CCCCC(CC)CCC(=O)OCC(CC)(COC(=O)CCC(CC)CCCC)COC(=O)CCN(CCC(=O)OCC(CC)(COC(=O)CCC(CC)CCCC)COC(=O)CCC(CC)CCCC)CCN(C)C,LX_2024_2,LX_2024_2,0
-3.2985878,0.364908019,CCCCCC(CCC)C(=O)OCC(CC)(COC(=O)CCN(CCC(=O)OCC(CC)(COC(=O)C(CCC)CCCCC)COC(=O)C(CCC)CCCCC)CCN(C)C)COC(=O)C(CCC)CCCCC,LX_2024_2,LX_2024_2,1
-2.477569,0.731119185,CCCCC/C=C/CCC(=O)OCC(CC)(COC(=O)CC/C=C/CCCCC)COC(=O)CCN(CCC(=O)OCC(CC)(COC(=O)CC/C=C/CCCCC)COC(=O)CC/C=C/CCCCC)CCN(C)C,LX_2024_2,LX_2024_2,1
-2.238372,-0.331611259,CCCCCCCCCCC(=O)OCC(CC)(COC(=O)CCCCCCCCCC)COC(=O)CCN(CCC(=O)OCC(CC)(COC(=O)CCCCCCCCCC)COC(=O)CCCCCCCCCC)CCN(C)C,LX_2024_2,LX_2024_2,0
-1.1589379,-0.539848981,CCCCCCCCCCCC(=O)OCC(CC)(COC(=O)CCCCCCCCCCC)COC(=O)CCN(CCC(=O)OCC(CC)(COC(=O)CCCCCCCCCCC)COC(=O)CCCCCCCCCCC)CCN(C)C,LX_2024_2,LX_2024_2,0
-3.1477327,0.522881463,CCCCCC(=O)OCC(CC)(COC(=O)CCCCC)COC(=O)CCN(CCCN(CC)CC)CCC(=O)OCC(CC)(COC(=O)CCCCC)COC(=O)CCCCC,LX_2024_2,LX_2024_2,1
-3.0227838,0.407991685,CCCCCCC(=O)OCC(CC)(COC(=O)CCCCCC)COC(=O)CCN(CCCN(CC)CC)CCC(=O)OCC(CC)(COC(=O)CCCCCC)COC(=O)CCCCCC,LX_2024_2,LX_2024_2,1
-3.3971093,0.522881463,CCCCC(C)C(=O)OCC(CC)(COC(=O)CCN(CCCN(CC)CC)CCC(=O)OCC(CC)(COC(=O)C(C)CCCC)COC(=O)C(C)CCCC)COC(=O)C(C)CCCC,LX_2024_2,LX_2024_2,1
-2.992787,1.291206851,CCCCCCCC(=O)OCC(CC)(COC(=O)CCCCCCC)COC(=O)CCN(CCCN(CC)CC)CCC(=O)OCC(CC)(COC(=O)CCCCCCC)COC(=O)CCCCCCC,LX_2024_2,LX_2024_2,1
-3.5549667,0.924995685,CCCCCC(C)C(=O)OCC(CC)(COC(=O)CCN(CCCN(CC)CC)CCC(=O)OCC(CC)(COC(=O)C(C)CCCCC)COC(=O)C(C)CCCCC)COC(=O)C(C)CCCCC,LX_2024_2,LX_2024_2,1
-3.3413608,0.544423296,CCCCC(CC)C(=O)OCC(CC)(COC(=O)CCN(CCCN(CC)CC)CCC(=O)OCC(CC)(COC(=O)C(CC)CCCC)COC(=O)C(CC)CCCC)COC(=O)C(CC)CCCC,LX_2024_2,LX_2024_2,1
-3.0375428,0.192573352,CCCCCCCCC(=O)OCC(CC)(COC(=O)CCCCCCCC)COC(=O)CCN(CCCN(CC)CC)CCC(=O)OCC(CC)(COC(=O)CCCCCCCC)COC(=O)CCCCCCCC,LX_2024_2,LX_2024_2,1
-2.83014,0.264379463,CCCCC(C)CCC(=O)OCC(CC)(COC(=O)CCC(C)CCCC)COC(=O)CCN(CCCN(CC)CC)CCC(=O)OCC(CC)(COC(=O)CCC(C)CCCC)COC(=O)CCC(C)CCCC,LX_2024_2,LX_2024_2,1
-1.8753124,-1.257910092,CCCCCCCCCC(=O)OCC(CC)(COC(=O)CCCCCCCCC)COC(=O)CCN(CCCN(CC)CC)CCC(=O)OCC(CC)(COC(=O)CCCCCCCCC)COC(=O)CCCCCCCCC,LX_2024_2,LX_2024_2,0
-2.2160616,0.264379463,CCCCCC(C)CCC(=O)OCC(CC)(COC(=O)CCC(C)CCCCC)COC(=O)CCN(CCCN(CC)CC)CCC(=O)OCC(CC)(COC(=O)CCC(C)CCCCC)COC(=O)CCC(C)CCCCC,LX_2024_2,LX_2024_2,1
-2.6552315,0.264379463,CCCCC(CC)CCC(=O)OCC(CC)(COC(=O)CCC(CC)CCCC)COC(=O)CCN(CCCN(CC)CC)CCC(=O)OCC(CC)(COC(=O)CCC(CC)CCCC)COC(=O)CCC(CC)CCCC,LX_2024_2,LX_2024_2,1
-3.5066385,-0.424959204,CCCCCC(CCC)C(=O)OCC(CC)(COC(=O)CCN(CCCN(CC)CC)CCC(=O)OCC(CC)(COC(=O)C(CCC)CCCCC)COC(=O)C(CCC)CCCCC)COC(=O)C(CCC)CCCCC,LX_2024_2,LX_2024_2,0
-2.5084128,0.429533519,CCCCC/C=C/CCC(=O)OCC(CC)(COC(=O)CC/C=C/CCCCC)COC(=O)CCN(CCCN(CC)CC)CCC(=O)OCC(CC)(COC(=O)CC/C=C/CCCCC)COC(=O)CC/C=C/CCCCC,LX_2024_2,LX_2024_2,1
-1.6954244,-0.898879537,CCCCCCCCCCC(=O)OCC(CC)(COC(=O)CCCCCCCCCC)COC(=O)CCN(CCCN(CC)CC)CCC(=O)OCC(CC)(COC(=O)CCCCCCCCCC)COC(=O)CCCCCCCCCC,LX_2024_2,LX_2024_2,0
-1.5196893,-0.101831704,CCCCCCCCCCCC(=O)OCC(CC)(COC(=O)CCCCCCCCCCC)COC(=O)CCN(CCCN(CC)CC)CCC(=O)OCC(CC)(COC(=O)CCCCCCCCCCC)COC(=O)CCCCCCCCCCC,LX_2024_2,LX_2024_2,0
-5.409636,0.82446713,CCCCCC(=O)OCC(CC)(COC(=O)CCCCC)COC(=O)CCN(C)CCN(CC)CC,LX_2024_2,LX_2024_2,1
-5.2835684,0.939356907,CCCCCCC(=O)OCC(CC)(COC(=O)CCCCCC)COC(=O)CCN(C)CCN(CC)CC,LX_2024_2,LX_2024_2,1
-5.3939843,-0.008483759,CCCCC(C)C(=O)OCC(CC)(COC(=O)CCN(C)CCN(CC)CC)COC(=O)C(C)CCCC,LX_2024_2,LX_2024_2,0
-5.041546,-0.733725481,CCCCCCCC(=O)OCC(CC)(COC(=O)CCCCCCC)COC(=O)CCN(C)CCN(CC)CC,LX_2024_2,LX_2024_2,0
-5.108928,-0.101831704,CCCCCC(C)C(=O)OCC(CC)(COC(=O)CCN(C)CCN(CC)CC)COC(=O)C(C)CCCCC,LX_2024_2,LX_2024_2,0
-5.340695,0.192573352,CCCCC(CC)C(=O)OCC(CC)(COC(=O)CCN(C)CCN(CC)CC)COC(=O)C(CC)CCCC,LX_2024_2,LX_2024_2,1
-4.8018436,-0.539848981,CCCCCCCCC(=O)OCC(CC)(COC(=O)CCCCCCCC)COC(=O)CCN(C)CCN(CC)CC,LX_2024_2,LX_2024_2,0
-5.0988975,0.731119185,CCCCC(C)CCC(=O)OCC(CC)(COC(=O)CCC(C)CCCC)COC(=O)CCN(C)CCN(CC)CC,LX_2024_2,LX_2024_2,1
-4.7955756,-1.013769314,CCCCCCCCCC(=O)OCC(CC)(COC(=O)CCCCCCCCC)COC(=O)CCN(C)CCN(CC)CC,LX_2024_2,LX_2024_2,0
-4.8217206,0.192573352,CCCCCC(C)CCC(=O)OCC(CC)(COC(=O)CCC(C)CCCCC)COC(=O)CCN(C)CCN(CC)CC,LX_2024_2,LX_2024_2,1
-4.9232817,-0.475223482,CCCCC(CC)CCC(=O)OCC(CC)(COC(=O)CCC(CC)CCCC)COC(=O)CCN(C)CCN(CC)CC,LX_2024_2,LX_2024_2,0
-5.213861,0.099225408,CCCCCC(CCC)C(=O)OCC(CC)(COC(=O)CCN(C)CCN(CC)CC)COC(=O)C(CCC)CCCCC,LX_2024_2,LX_2024_2,1
-4.82061,0.05614174,CCCCC/C=C/CCC(=O)OCC(CC)(COC(=O)CC/C=C/CCCCC)COC(=O)CCN(C)CCN(CC)CC,LX_2024_2,LX_2024_2,1
-4.5833187,-0.783989759,CCCCCCCCCCC(=O)OCC(CC)(COC(=O)CCCCCCCCCC)COC(=O)CCN(C)CCN(CC)CC,LX_2024_2,LX_2024_2,0
-4.248004,-0.654738759,CCCCCCCCCCCC(=O)OCC(CC)(COC(=O)CCCCCCCCCCC)COC(=O)CCN(C)CCN(CC)CC,LX_2024_2,LX_2024_2,0
-3.9574122,0.264379463,CCCCCC(=O)OCC(CC)(COC(=O)CCCCC)COC(=O)CCN(C)CCN(C)CCC(=O)OCC(CC)(COC(=O)CCCCC)COC(=O)CCCCC,LX_2024_2,LX_2024_2,1
-3.1194782,0.82446713,CCCCCCC(=O)OCC(CC)(COC(=O)CCCCCC)COC(=O)CCN(C)CCN(C)CCC(=O)OCC(CC)(COC(=O)CCCCCC)COC(=O)CCCCCC,LX_2024_2,LX_2024_2,1
-3.6732023,0.142309074,CCCCC(C)C(=O)OCC(CC)(COC(=O)CCN(C)CCN(C)CCC(=O)OCC(CC)(COC(=O)C(C)CCCC)COC(=O)C(C)CCCC)COC(=O)C(C)CCCC,LX_2024_2,LX_2024_2,1
-2.1991992,-0.288527593,CCCCCCCC(=O)OCC(CC)(COC(=O)CCCCCCC)COC(=O)CCN(C)CCN(C)CCC(=O)OCC(CC)(COC(=O)CCCCCCC)COC(=O)CCCCCCC,LX_2024_2,LX_2024_2,0
-3.2156417,0.924995685,CCCCCC(C)C(=O)OCC(CC)(COC(=O)CCN(C)CCN(C)CCC(=O)OCC(CC)(COC(=O)C(C)CCCCC)COC(=O)C(C)CCCCC)COC(=O)C(C)CCCCC,LX_2024_2,LX_2024_2,1
-4.499085,0.731119185,CCCCC(CC)C(=O)OCC(CC)(COC(=O)CCN(C)CCN(C)CCC(=O)OCC(CC)(COC(=O)C(CC)CCCC)COC(=O)C(CC)CCCC)COC(=O)C(CC)CCCC,LX_2024_2,LX_2024_2,1
-2.0060625,0.285921297,CCCCCCCCC(=O)OCC(CC)(COC(=O)CCCCCCCC)COC(=O)CCN(C)CCN(C)CCC(=O)OCC(CC)(COC(=O)CCCCCCCC)COC(=O)CCCCCCCC,LX_2024_2,LX_2024_2,1
-4.094649,0.264379463,CCCCC(C)CCC(=O)OCC(CC)(COC(=O)CCC(C)CCCC)COC(=O)CCN(C)CCN(C)CCC(=O)OCC(CC)(COC(=O)CCC(C)CCCC)COC(=O)CCC(C)CCCC,LX_2024_2,LX_2024_2,1
-1.5312389,-0.539848981,CCCCCCCCCC(=O)OCC(CC)(COC(=O)CCCCCCCCC)COC(=O)CCN(C)CCN(C)CCC(=O)OCC(CC)(COC(=O)CCCCCCCCC)COC(=O)CCCCCCCCC,LX_2024_2,LX_2024_2,0
-3.3577392,1.061427296,CCCCCC(C)CCC(=O)OCC(CC)(COC(=O)CCC(C)CCCCC)COC(=O)CCN(C)CCN(C)CCC(=O)OCC(CC)(COC(=O)CCC(C)CCCCC)COC(=O)CCC(C)CCCCC,LX_2024_2,LX_2024_2,1
-3.2225497,-0.008483759,CCCCC(CC)CCC(=O)OCC(CC)(COC(=O)CCC(CC)CCCC)COC(=O)CCN(C)CCN(C)CCC(=O)OCC(CC)(COC(=O)CCC(CC)CCCC)COC(=O)CCC(CC)CCCC,LX_2024_2,LX_2024_2,0
-4.1608014,0.429533519,CCCCCC(CCC)C(=O)OCC(CC)(COC(=O)CCN(C)CCN(C)CCC(=O)OCC(CC)(COC(=O)C(CCC)CCCCC)COC(=O)C(CCC)CCCCC)COC(=O)C(CCC)CCCCC,LX_2024_2,LX_2024_2,1
-2.9784715,-0.424959204,CCCCC/C=C/CCC(=O)OCC(CC)(COC(=O)CC/C=C/CCCCC)COC(=O)CCN(C)CCN(C)CCC(=O)OCC(CC)(COC(=O)CC/C=C/CCCCC)COC(=O)CC/C=C/CCCCC,LX_2024_2,LX_2024_2,0
-1.5454929,-0.202360259,CCCCCCCCCCC(=O)OCC(CC)(COC(=O)CCCCCCCCCC)COC(=O)CCN(C)CCN(C)CCC(=O)OCC(CC)(COC(=O)CCCCCCCCCC)COC(=O)CCCCCCCCCC,LX_2024_2,LX_2024_2,0
-1.0933795,-0.331611259,CCCCCCCCCCCC(=O)OCC(CC)(COC(=O)CCCCCCCCCCC)COC(=O)CCN(C)CCN(C)CCC(=O)OCC(CC)(COC(=O)CCCCCCCCCCC)COC(=O)CCCCCCCCCCC,LX_2024_2,LX_2024_2,0
-3.6218624,0.522881463,CCCCCC(=O)OCC(CC)(COC(=O)CCCCC)COC(=O)CCN(C)CCCN(C)CCC(=O)OCC(CC)(COC(=O)CCCCC)COC(=O)CCCCC,LX_2024_2,LX_2024_2,1
-3.2036366,0.142309074,CCCCCCC(=O)OCC(CC)(COC(=O)CCCCCC)COC(=O)CCN(C)CCCN(C)CCC(=O)OCC(CC)(COC(=O)CCCCCC)COC(=O)CCCCCC,LX_2024_2,LX_2024_2,1
-3.6276455,0.881912019,CCCCC(C)C(=O)OCC(CC)(COC(=O)CCN(C)CCCN(C)CCC(=O)OCC(CC)(COC(=O)C(C)CCCC)COC(=O)C(C)CCCC)COC(=O)C(C)CCCC,LX_2024_2,LX_2024_2,1
-2.857715,-1.56667637,CCCCCCCC(=O)OCC(CC)(COC(=O)CCCCCCC)COC(=O)CCN(C)CCCN(C)CCC(=O)OCC(CC)(COC(=O)CCCCCCC)COC(=O)CCCCCCC,LX_2024_2,LX_2024_2,0
-3.7531493,0.364908019,CCCCCC(C)C(=O)OCC(CC)(COC(=O)CCN(C)CCCN(C)CCC(=O)OCC(CC)(COC(=O)C(C)CCCCC)COC(=O)C(C)CCCCC)COC(=O)C(C)CCCCC,LX_2024_2,LX_2024_2,1
-3.6364114,0.027419297,CCCCC(CC)C(=O)OCC(CC)(COC(=O)CCN(C)CCCN(C)CCC(=O)OCC(CC)(COC(=O)C(CC)CCCC)COC(=O)C(CC)CCCC)COC(=O)C(CC)CCCC,LX_2024_2,LX_2024_2,0
-1.8338529,-1.624121259,CCCCCCCCC(=O)OCC(CC)(COC(=O)CCCCCCCC)COC(=O)CCN(C)CCCN(C)CCC(=O)OCC(CC)(COC(=O)CCCCCCCC)COC(=O)CCCCCCCC,LX_2024_2,LX_2024_2,0
-3.1734195,-0.331611259,CCCCC(C)CCC(=O)OCC(CC)(COC(=O)CCC(C)CCCC)COC(=O)CCN(C)CCCN(C)CCC(=O)OCC(CC)(COC(=O)CCC(C)CCCC)COC(=O)CCC(C)CCCC,LX_2024_2,LX_2024_2,0
-1.0705007,-1.480509036,CCCCCCCCCC(=O)OCC(CC)(COC(=O)CCCCCCCCC)COC(=O)CCN(C)CCCN(C)CCC(=O)OCC(CC)(COC(=O)CCCCCCCCC)COC(=O)CCCCCCCCC,LX_2024_2,LX_2024_2,0
-2.3150785,-1.171742759,CCCCCC(C)CCC(=O)OCC(CC)(COC(=O)CCC(C)CCCCC)COC(=O)CCN(C)CCCN(C)CCC(=O)OCC(CC)(COC(=O)CCC(C)CCCCC)COC(=O)CCC(C)CCCCC,LX_2024_2,LX_2024_2,0
-3.5638766,-1.552315147,CCCCC(CC)CCC(=O)OCC(CC)(COC(=O)CCC(CC)CCCC)COC(=O)CCN(C)CCCN(C)CCC(=O)OCC(CC)(COC(=O)CCC(CC)CCCC)COC(=O)CCC(CC)CCCC,LX_2024_2,LX_2024_2,0
-3.2276025,0.580326352,CCCCCC(CCC)C(=O)OCC(CC)(COC(=O)CCN(C)CCCN(C)CCC(=O)OCC(CC)(COC(=O)C(CCC)CCCCC)COC(=O)C(CCC)CCCCC)COC(=O)C(CCC)CCCCC,LX_2024_2,LX_2024_2,1
-3.3302197,0.264379463,CCCCC/C=C/CCC(=O)OCC(CC)(COC(=O)CC/C=C/CCCCC)COC(=O)CCN(C)CCCN(C)CCC(=O)OCC(CC)(COC(=O)CC/C=C/CCCCC)COC(=O)CC/C=C/CCCCC,LX_2024_2,LX_2024_2,1
-1.5347389,-1.789275313,CCCCCCCCCCC(=O)OCC(CC)(COC(=O)CCCCCCCCCC)COC(=O)CCN(C)CCCN(C)CCC(=O)OCC(CC)(COC(=O)CCCCCCCCCC)COC(=O)CCCCCCCCCC,LX_2024_2,LX_2024_2,0
-1.5844396,-1.43742537,CCCCCCCCCCCC(=O)OCC(CC)(COC(=O)CCCCCCCCCCC)COC(=O)CCN(C)CCCN(C)CCC(=O)OCC(CC)(COC(=O)CCCCCCCCCCC)COC(=O)CCCCCCCCCCC,LX_2024_2,LX_2024_2,0
-3.5939188,0.142309074,CCCCCC(=O)OCC(CC)(COC(=O)CCCCC)COC(=O)CCN(CC)CCN(CC)CCC(=O)OCC(CC)(COC(=O)CCCCC)COC(=O)CCCCC,LX_2024_2,LX_2024_2,1
-3.644217,0.364908019,CCCCCCC(=O)OCC(CC)(COC(=O)CCCCCC)COC(=O)CCN(CC)CCN(CC)CCC(=O)OCC(CC)(COC(=O)CCCCCC)COC(=O)CCCCCC,LX_2024_2,LX_2024_2,1
-3.3970094,0.522881463,CCCCC(C)C(=O)OCC(CC)(COC(=O)CCN(CC)CCN(CC)CCC(=O)OCC(CC)(COC(=O)C(C)CCCC)COC(=O)C(C)CCCC)COC(=O)C(C)CCCC,LX_2024_2,LX_2024_2,1
-3.0999496,-1.667204925,CCCCCCCC(=O)OCC(CC)(COC(=O)CCCCCCC)COC(=O)CCN(CC)CCN(CC)CCC(=O)OCC(CC)(COC(=O)CCCCCCC)COC(=O)CCCCCCC,LX_2024_2,LX_2024_2,0
-3.2360966,-0.030025592,CCCCCC(C)C(=O)OCC(CC)(COC(=O)CCN(CC)CCN(CC)CCC(=O)OCC(CC)(COC(=O)C(C)CCCCC)COC(=O)C(C)CCCCC)COC(=O)C(C)CCCCC,LX_2024_2,LX_2024_2,0
-3.637056,0.924995685,CCCCC(CC)C(=O)OCC(CC)(COC(=O)CCN(CC)CCN(CC)CCC(=O)OCC(CC)(COC(=O)C(CC)CCCC)COC(=O)C(CC)CCCC)COC(=O)C(CC)CCCC,LX_2024_2,LX_2024_2,1
-2.2068918,-1.89698448,CCCCCCCCC(=O)OCC(CC)(COC(=O)CCCCCCCC)COC(=O)CCN(CC)CCN(CC)CCC(=O)OCC(CC)(COC(=O)CCCCCCCC)COC(=O)CCCCCCCC,LX_2024_2,LX_2024_2,0
-3.0353155,0.05614174,CCCCC(C)CCC(=O)OCC(CC)(COC(=O)CCC(C)CCCC)COC(=O)CCN(CC)CCN(CC)CCC(=O)OCC(CC)(COC(=O)CCC(C)CCCC)COC(=O)CCC(C)CCCC,LX_2024_2,LX_2024_2,1
-2.245025,-1.222007037,CCCCCCCCCC(=O)OCC(CC)(COC(=O)CCCCCCCCC)COC(=O)CCN(CC)CCN(CC)CCC(=O)OCC(CC)(COC(=O)CCCCCCCCC)COC(=O)CCCCCCCCC,LX_2024_2,LX_2024_2,0
-3.172255,-0.898879537,CCCCCC(C)CCC(=O)OCC(CC)(COC(=O)CCC(C)CCCCC)COC(=O)CCN(CC)CCN(CC)CCC(=O)OCC(CC)(COC(=O)CCC(C)CCCCC)COC(=O)CCC(C)CCCCC,LX_2024_2,LX_2024_2,0
-3.0675838,-1.480509036,CCCCC(CC)CCC(=O)OCC(CC)(COC(=O)CCC(CC)CCCC)COC(=O)CCN(CC)CCN(CC)CCC(=O)OCC(CC)(COC(=O)CCC(CC)CCCC)COC(=O)CCC(CC)CCCC,LX_2024_2,LX_2024_2,0
-3.549632,0.142309074,CCCCCC(CCC)C(=O)OCC(CC)(COC(=O)CCN(CC)CCN(CC)CCC(=O)OCC(CC)(COC(=O)C(CCC)CCCCC)COC(=O)C(CCC)CCCCC)COC(=O)C(CCC)CCCCC,LX_2024_2,LX_2024_2,1
-2.3039799,0.82446713,CCCCC/C=C/CCC(=O)OCC(CC)(COC(=O)CC/C=C/CCCCC)COC(=O)CCN(CC)CCN(CC)CCC(=O)OCC(CC)(COC(=O)CC/C=C/CCCCC)COC(=O)CC/C=C/CCCCC,LX_2024_2,LX_2024_2,1
-2.011117,-1.624121259,CCCCCCCCCCC(=O)OCC(CC)(COC(=O)CCCCCCCCCC)COC(=O)CCN(CC)CCN(CC)CCC(=O)OCC(CC)(COC(=O)CCCCCCCCCC)COC(=O)CCCCCCCCCC,LX_2024_2,LX_2024_2,0
-2.1680906,-1.408702926,CCCCCCCCCCCC(=O)OCC(CC)(COC(=O)CCCCCCCCCCC)COC(=O)CCN(CC)CCN(CC)CCC(=O)OCC(CC)(COC(=O)CCCCCCCCCCC)COC(=O)CCCCCCCCCCC,LX_2024_2,LX_2024_2,0
-4.3196144,0.522881463,CCCCCC(=O)OCC(CC)(COC(=O)CCCCC)COC(=O)CCN(CCC(=O)OCC(CC)(COC(=O)CCCCC)COC(=O)CCCCC)CCN1CCCC1,LX_2024_2,LX_2024_2,1
-3.573748,0.939356907,CCCCCCC(=O)OCC(CC)(COC(=O)CCCCCC)COC(=O)CCN(CCC(=O)OCC(CC)(COC(=O)CCCCCC)COC(=O)CCCCCC)CCN1CCCC1,LX_2024_2,LX_2024_2,1
-2.8521724,-0.202360259,CCCCC(C)C(=O)OCC(CC)(COC(=O)CCN(CCC(=O)OCC(CC)(COC(=O)C(C)CCCC)COC(=O)C(C)CCCC)CCN1CCCC1)COC(=O)C(C)CCCC,LX_2024_2,LX_2024_2,0
-3.1531243,1.075788518,CCCCCCCC(=O)OCC(CC)(COC(=O)CCCCCCC)COC(=O)CCN(CCC(=O)OCC(CC)(COC(=O)CCCCCCC)COC(=O)CCCCCCC)CCN1CCCC1,LX_2024_2,LX_2024_2,1
-3.010477,0.544423296,CCCCCC(C)C(=O)OCC(CC)(COC(=O)CCN(CCC(=O)OCC(CC)(COC(=O)C(C)CCCCC)COC(=O)C(C)CCCCC)CCN1CCCC1)COC(=O)C(C)CCCCC,LX_2024_2,LX_2024_2,1
-3.965313,0.788564074,CCCCC(CC)C(=O)OCC(CC)(COC(=O)CCN(CCC(=O)OCC(CC)(COC(=O)C(CC)CCCC)COC(=O)C(CC)CCCC)CCN1CCCC1)COC(=O)C(CC)CCCC,LX_2024_2,LX_2024_2,1
-2.7258682,-0.353153092,CCCCCCCCC(=O)OCC(CC)(COC(=O)CCCCCCCC)COC(=O)CCN(CCC(=O)OCC(CC)(COC(=O)CCCCCCCC)COC(=O)CCCCCCCC)CCN1CCCC1,LX_2024_2,LX_2024_2,0
-2.4539251,0.099225408,CCCCC(C)CCC(=O)OCC(CC)(COC(=O)CCC(C)CCCC)COC(=O)CCN(CCC(=O)OCC(CC)(COC(=O)CCC(C)CCCC)COC(=O)CCC(C)CCCC)CCN1CCCC1,LX_2024_2,LX_2024_2,1
-1.6708235,-0.424959204,CCCCCCCCCC(=O)OCC(CC)(COC(=O)CCCCCCCCC)COC(=O)CCN(CCC(=O)OCC(CC)(COC(=O)CCCCCCCCC)COC(=O)CCCCCCCCC)CCN1CCCC1,LX_2024_2,LX_2024_2,0
-2.3994532,-0.173637815,CCCCCC(C)CCC(=O)OCC(CC)(COC(=O)CCC(C)CCCCC)COC(=O)CCN(CCC(=O)OCC(CC)(COC(=O)CCC(C)CCCCC)COC(=O)CCC(C)CCCCC)CCN1CCCC1,LX_2024_2,LX_2024_2,0
-3.7155437,-0.202360259,CCCCC(CC)CCC(=O)OCC(CC)(COC(=O)CCC(CC)CCCC)COC(=O)CCN(CCC(=O)OCC(CC)(COC(=O)CCC(CC)CCCC)COC(=O)CCC(CC)CCCC)CCN1CCCC1,LX_2024_2,LX_2024_2,0
-3.9203942,0.05614174,CCCCCC(CCC)C(=O)OCC(CC)(COC(=O)CCN(CCC(=O)OCC(CC)(COC(=O)C(CCC)CCCCC)COC(=O)C(CCC)CCCCC)CCN1CCCC1)COC(=O)C(CCC)CCCCC,LX_2024_2,LX_2024_2,1
-2.938935,0.192573352,CCCCC/C=C/CCC(=O)OCC(CC)(COC(=O)CC/C=C/CCCCC)COC(=O)CCN(CCC(=O)OCC(CC)(COC(=O)CC/C=C/CCCCC)COC(=O)CC/C=C/CCCCC)CCN1CCCC1,LX_2024_2,LX_2024_2,1
-1.4453872,-0.898879537,CCCCCCCCCCC(=O)OCC(CC)(COC(=O)CCCCCCCCCC)COC(=O)CCN(CCC(=O)OCC(CC)(COC(=O)CCCCCCCCCC)COC(=O)CCCCCCCCCC)CCN1CCCC1,LX_2024_2,LX_2024_2,0
-1.8852465,-0.008483759,CCCCCCCCCCCC(=O)OCC(CC)(COC(=O)CCCCCCCCCCC)COC(=O)CCN(CCC(=O)OCC(CC)(COC(=O)CCCCCCCCCCC)COC(=O)CCCCCCCCCCC)CCN1CCCC1,LX_2024_2,LX_2024_2,0
-3.2970116,-1.89698448,CCCCCC(=O)OCC(CC)(COC(=O)CCCCC)COC(=O)CCN(CCC(=O)OCC(CC)(COC(=O)CCCCC)COC(=O)CCCCC)CCC1CCCN1C,LX_2024_2,LX_2024_2,0
-3.2217696,-1.071214203,CCCCCCC(=O)OCC(CC)(COC(=O)CCCCCC)COC(=O)CCN(CCC(=O)OCC(CC)(COC(=O)CCCCCC)COC(=O)CCCCCC)CCC1CCCN1C,LX_2024_2,LX_2024_2,0
-3.9493482,-2.054957926,CCCCC(C)C(=O)OCC(CC)(COC(=O)CCN(CCC(=O)OCC(CC)(COC(=O)C(C)CCCC)COC(=O)C(C)CCCC)CCC1CCCN1C)COC(=O)C(C)CCCC,LX_2024_2,LX_2024_2,0
-3.1502247,1.190678296,CCCCCCCC(=O)OCC(CC)(COC(=O)CCCCCCC)COC(=O)CCN(CCC(=O)OCC(CC)(COC(=O)CCCCCCC)COC(=O)CCCCCCC)CCC1CCCN1C,LX_2024_2,LX_2024_2,1
-3.888199,0.666493686,CCCCCC(C)C(=O)OCC(CC)(COC(=O)CCN(CCC(=O)OCC(CC)(COC(=O)C(C)CCCCC)COC(=O)C(C)CCCCC)CCC1CCCN1C)COC(=O)C(C)CCCCC,LX_2024_2,LX_2024_2,1
-4.8997507,-0.202360259,CCCCC(CC)C(=O)OCC(CC)(COC(=O)CCN(CCC(=O)OCC(CC)(COC(=O)C(CC)CCCC)COC(=O)C(CC)CCCC)CCC1CCCN1C)COC(=O)C(CC)CCCC,LX_2024_2,LX_2024_2,0
-2.9296465,-0.353153092,CCCCCCCCC(=O)OCC(CC)(COC(=O)CCCCCCCC)COC(=O)CCN(CCC(=O)OCC(CC)(COC(=O)CCCCCCCC)COC(=O)CCCCCCCC)CCC1CCCN1C,LX_2024_2,LX_2024_2,0
-3.3304517,-0.783989759,CCCCC(C)CCC(=O)OCC(CC)(COC(=O)CCC(C)CCCC)COC(=O)CCN(CCC(=O)OCC(CC)(COC(=O)CCC(C)CCCC)COC(=O)CCC(C)CCCC)CCC1CCCN1C,LX_2024_2,LX_2024_2,0
-2.490869,0.479797797,CCCCCCCCCC(=O)OCC(CC)(COC(=O)CCCCCCCCC)COC(=O)CCN(CCC(=O)OCC(CC)(COC(=O)CCCCCCCCC)COC(=O)CCCCCCCCC)CCC1CCCN1C,LX_2024_2,LX_2024_2,1
-3.5259883,-0.173637815,CCCCCC(C)CCC(=O)OCC(CC)(COC(=O)CCC(C)CCCCC)COC(=O)CCN(CCC(=O)OCC(CC)(COC(=O)CCC(C)CCCCC)COC(=O)CCC(C)CCCCC)CCC1CCCN1C,LX_2024_2,LX_2024_2,0
-3.7573411,-0.202360259,CCCCC(CC)CCC(=O)OCC(CC)(COC(=O)CCC(CC)CCCC)COC(=O)CCN(CCC(=O)OCC(CC)(COC(=O)CCC(CC)CCCC)COC(=O)CCC(CC)CCCC)CCC1CCCN1C,LX_2024_2,LX_2024_2,0
-4.3811684,-0.654738759,CCCCCC(CCC)C(=O)OCC(CC)(COC(=O)CCN(CCC(=O)OCC(CC)(COC(=O)C(CCC)CCCCC)COC(=O)C(CCC)CCCCC)CCC1CCCN1C)COC(=O)C(CCC)CCCCC,LX_2024_2,LX_2024_2,0
-3.3149123,0.099225408,CCCCC/C=C/CCC(=O)OCC(CC)(COC(=O)CC/C=C/CCCCC)COC(=O)CCN(CCC(=O)OCC(CC)(COC(=O)CC/C=C/CCCCC)COC(=O)CC/C=C/CCCCC)CCC1CCCN1C,LX_2024_2,LX_2024_2,1
-2.1552477,-0.841434648,CCCCCCCCCCC(=O)OCC(CC)(COC(=O)CCCCCCCCCC)COC(=O)CCN(CCC(=O)OCC(CC)(COC(=O)CCCCCCCCCC)COC(=O)CCCCCCCCCC)CCC1CCCN1C,LX_2024_2,LX_2024_2,0
-2.294992,0.522881463,CCCCCCCCCCCC(=O)OCC(CC)(COC(=O)CCCCCCCCCCC)COC(=O)CCN(CCC(=O)OCC(CC)(COC(=O)CCCCCCCCCCC)COC(=O)CCCCCCCCCCC)CCC1CCCN1C,LX_2024_2,LX_2024_2,1
-0.7221413,-1.56667637,CCCCCC(=O)OCC(CC)(COC(=O)CCCCC)COC(=O)CCN(CCC(=O)OCC(CC)(COC(=O)CCCCC)COC(=O)CCCCC)CCN(C)CCN(CCC(=O)OCC(CC)(COC(=O)CCCCC)COC(=O)CCCCC)CCC(=O)OCC(CC)(COC(=O)CCCCC)COC(=O)CCCCC,LX_2024_2,LX_2024_2,0
-1.195567,-0.783989759,CCCCCCC(=O)OCC(CC)(COC(=O)CCCCCC)COC(=O)CCN(CCC(=O)OCC(CC)(COC(=O)CCCCCC)COC(=O)CCCCCC)CCN(C)CCN(CCC(=O)OCC(CC)(COC(=O)CCCCCC)COC(=O)CCCCCC)CCC(=O)OCC(CC)(COC(=O)CCCCCC)COC(=O)CCCCCC,LX_2024_2,LX_2024_2,0
-2.3127627,-1.408702926,CCCCC(C)C(=O)OCC(CC)(COC(=O)CCN(CCC(=O)OCC(CC)(COC(=O)C(C)CCCC)COC(=O)C(C)CCCC)CCN(C)CCN(CCC(=O)OCC(CC)(COC(=O)C(C)CCCC)COC(=O)C(C)CCCC)CCC(=O)OCC(CC)(COC(=O)C(C)CCCC)COC(=O)C(C)CCCC)COC(=O)C(C)CCCC,LX_2024_2,LX_2024_2,0
-0.8294983,0.099225408,CCCCCCCC(=O)OCC(CC)(COC(=O)CCCCCCC)COC(=O)CCN(CCC(=O)OCC(CC)(COC(=O)CCCCCCC)COC(=O)CCCCCCC)CCN(C)CCN(CCC(=O)OCC(CC)(COC(=O)CCCCCCC)COC(=O)CCCCCCC)CCC(=O)OCC(CC)(COC(=O)CCCCCCC)COC(=O)CCCCCCC,LX_2024_2,LX_2024_2,1
-1.9654016,-0.353153092,CCCCCC(C)C(=O)OCC(CC)(COC(=O)CCN(CCC(=O)OCC(CC)(COC(=O)C(C)CCCCC)COC(=O)C(C)CCCCC)CCN(C)CCN(CCC(=O)OCC(CC)(COC(=O)C(C)CCCCC)COC(=O)C(C)CCCCC)CCC(=O)OCC(CC)(COC(=O)C(C)CCCCC)COC(=O)C(C)CCCCC)COC(=O)C(C)CCCCC,LX_2024_2,LX_2024_2,0
-2.5251868,-0.202360259,CCCCC(CC)C(=O)OCC(CC)(COC(=O)CCN(CCC(=O)OCC(CC)(COC(=O)C(CC)CCCC)COC(=O)C(CC)CCCC)CCN(C)CCN(CCC(=O)OCC(CC)(COC(=O)C(CC)CCCC)COC(=O)C(CC)CCCC)CCC(=O)OCC(CC)(COC(=O)C(CC)CCCC)COC(=O)C(CC)CCCC)COC(=O)C(CC)CCCC,LX_2024_2,LX_2024_2,0
-1.0695878,-1.222007037,CCCCCCCCC(=O)OCC(CC)(COC(=O)CCCCCCCC)COC(=O)CCN(CCC(=O)OCC(CC)(COC(=O)CCCCCCCC)COC(=O)CCCCCCCC)CCN(C)CCN(CCC(=O)OCC(CC)(COC(=O)CCCCCCCC)COC(=O)CCCCCCCC)CCC(=O)OCC(CC)(COC(=O)CCCCCCCC)COC(=O)CCCCCCCC,LX_2024_2,LX_2024_2,0
-1.6408851,-0.424959204,CCCCC(C)CCC(=O)OCC(CC)(COC(=O)CCC(C)CCCC)COC(=O)CCN(CCC(=O)OCC(CC)(COC(=O)CCC(C)CCCC)COC(=O)CCC(C)CCCC)CCN(C)CCN(CCC(=O)OCC(CC)(COC(=O)CCC(C)CCCC)COC(=O)CCC(C)CCCC)CCC(=O)OCC(CC)(COC(=O)CCC(C)CCCC)COC(=O)CCC(C)CCCC,LX_2024_2,LX_2024_2,0
-0.8829664,-0.101831704,CCCCCCCCCC(=O)OCC(CC)(COC(=O)CCCCCCCCC)COC(=O)CCN(CCC(=O)OCC(CC)(COC(=O)CCCCCCCCC)COC(=O)CCCCCCCCC)CCN(C)CCN(CCC(=O)OCC(CC)(COC(=O)CCCCCCCCC)COC(=O)CCCCCCCCC)CCC(=O)OCC(CC)(COC(=O)CCCCCCCCC)COC(=O)CCCCCCCCC,LX_2024_2,LX_2024_2,0
-1.9193755,0.285921297,CCCCCC(C)CCC(=O)OCC(CC)(COC(=O)CCC(C)CCCCC)COC(=O)CCN(CCC(=O)OCC(CC)(COC(=O)CCC(C)CCCCC)COC(=O)CCC(C)CCCCC)CCN(C)CCN(CCC(=O)OCC(CC)(COC(=O)CCC(C)CCCCC)COC(=O)CCC(C)CCCCC)CCC(=O)OCC(CC)(COC(=O)CCC(C)CCCCC)COC(=O)CCC(C)CCCCC,LX_2024_2,LX_2024_2,1
-2.4466245,-0.618835703,CCCCC(CC)CCC(=O)OCC(CC)(COC(=O)CCC(CC)CCCC)COC(=O)CCN(CCC(=O)OCC(CC)(COC(=O)CCC(CC)CCCC)COC(=O)CCC(CC)CCCC)CCN(C)CCN(CCC(=O)OCC(CC)(COC(=O)CCC(CC)CCCC)COC(=O)CCC(CC)CCCC)CCC(=O)OCC(CC)(COC(=O)CCC(CC)CCCC)COC(=O)CCC(CC)CCCC,LX_2024_2,LX_2024_2,0
-1.6421357,-0.783989759,CCCCCC(CCC)C(=O)OCC(CC)(COC(=O)CCN(CCC(=O)OCC(CC)(COC(=O)C(CCC)CCCCC)COC(=O)C(CCC)CCCCC)CCN(C)CCN(CCC(=O)OCC(CC)(COC(=O)C(CCC)CCCCC)COC(=O)C(CCC)CCCCC)CCC(=O)OCC(CC)(COC(=O)C(CCC)CCCCC)COC(=O)C(CCC)CCCCC)COC(=O)C(CCC)CCCCC,LX_2024_2,LX_2024_2,0
-1.362124,-0.008483759,CCCCC/C=C/CCC(=O)OCC(CC)(COC(=O)CC/C=C/CCCCC)COC(=O)CCN(CCC(=O)OCC(CC)(COC(=O)CC/C=C/CCCCC)COC(=O)CC/C=C/CCCCC)CCN(C)CCN(CCC(=O)OCC(CC)(COC(=O)CC/C=C/CCCCC)COC(=O)CC/C=C/CCCCC)CCC(=O)OCC(CC)(COC(=O)CC/C=C/CCCCC)COC(=O)CC/C=C/CCCCC,LX_2024_2,LX_2024_2,0
-0.9491109,-1.013769314,CCCCCCCCCCC(=O)OCC(CC)(COC(=O)CCCCCCCCCC)COC(=O)CCN(CCC(=O)OCC(CC)(COC(=O)CCCCCCCCCC)COC(=O)CCCCCCCCCC)CCN(C)CCN(CCC(=O)OCC(CC)(COC(=O)CCCCCCCCCC)COC(=O)CCCCCCCCCC)CCC(=O)OCC(CC)(COC(=O)CCCCCCCCCC)COC(=O)CCCCCCCCCC,LX_2024_2,LX_2024_2,0
-0.7005246,0.731119185,CCCCCCCCCCCC(=O)OCC(CC)(COC(=O)CCCCCCCCCCC)COC(=O)CCN(CCC(=O)OCC(CC)(COC(=O)CCCCCCCCCCC)COC(=O)CCCCCCCCCCC)CCN(C)CCN(CCC(=O)OCC(CC)(COC(=O)CCCCCCCCCCC)COC(=O)CCCCCCCCCCC)CCC(=O)OCC(CC)(COC(=O)CCCCCCCCCCC)COC(=O)CCCCCCCCCCC,LX_2024_2,LX_2024_2,1
-1.3947649,-0.913240758,CCCCCC(=O)OCC(CC)(COC(=O)CCCCC)COC(=O)CCN(CCCN(C)CCCN(CCC(=O)OCC(CC)(COC(=O)CCCCC)COC(=O)CCCCC)CCC(=O)OCC(CC)(COC(=O)CCCCC)COC(=O)CCCCC)CCC(=O)OCC(CC)(COC(=O)CCCCC)COC(=O)CCCCC,LX_2024_2,LX_2024_2,0
-1.063099,0.300282518,CCCCCCC(=O)OCC(CC)(COC(=O)CCCCCC)COC(=O)CCN(CCCN(C)CCCN(CCC(=O)OCC(CC)(COC(=O)CCCCCC)COC(=O)CCCCCC)CCC(=O)OCC(CC)(COC(=O)CCCCCC)COC(=O)CCCCCC)CCC(=O)OCC(CC)(COC(=O)CCCCCC)COC(=O)CCCCCC,LX_2024_2,LX_2024_2,1
-1.7710656,-0.539848981,CCCCC(C)C(=O)OCC(CC)(COC(=O)CCN(CCCN(C)CCCN(CCC(=O)OCC(CC)(COC(=O)C(C)CCCC)COC(=O)C(C)CCCC)CCC(=O)OCC(CC)(COC(=O)C(C)CCCC)COC(=O)C(C)CCCC)CCC(=O)OCC(CC)(COC(=O)C(C)CCCC)COC(=O)C(C)CCCC)COC(=O)C(C)CCCC,LX_2024_2,LX_2024_2,0
-0.9206472,1.075788518,CCCCCCCC(=O)OCC(CC)(COC(=O)CCCCCCC)COC(=O)CCN(CCCN(C)CCCN(CCC(=O)OCC(CC)(COC(=O)CCCCCCC)COC(=O)CCCCCCC)CCC(=O)OCC(CC)(COC(=O)CCCCCCC)COC(=O)CCCCCCC)CCC(=O)OCC(CC)(COC(=O)CCCCCCC)COC(=O)CCCCCCC,LX_2024_2,LX_2024_2,1
-2.0013015,2.145699573,CCCCCC(C)C(=O)OCC(CC)(COC(=O)CCN(CCCN(C)CCCN(CCC(=O)OCC(CC)(COC(=O)C(C)CCCCC)COC(=O)C(C)CCCCC)CCC(=O)OCC(CC)(COC(=O)C(C)CCCCC)COC(=O)C(C)CCCCC)CCC(=O)OCC(CC)(COC(=O)C(C)CCCCC)COC(=O)C(C)CCCCC)COC(=O)C(C)CCCCC,LX_2024_2,LX_2024_2,3
-2.5045478,0.285921297,CCCCC(CC)C(=O)OCC(CC)(COC(=O)CCN(CCCN(C)CCCN(CCC(=O)OCC(CC)(COC(=O)C(CC)CCCC)COC(=O)C(CC)CCCC)CCC(=O)OCC(CC)(COC(=O)C(CC)CCCC)COC(=O)C(CC)CCCC)CCC(=O)OCC(CC)(COC(=O)C(CC)CCCC)COC(=O)C(CC)CCCC)COC(=O)C(CC)CCCC,LX_2024_2,LX_2024_2,1
-0.6553804,0.099225408,CCCCCCCCC(=O)OCC(CC)(COC(=O)CCCCCCCC)COC(=O)CCN(CCCN(C)CCCN(CCC(=O)OCC(CC)(COC(=O)CCCCCCCC)COC(=O)CCCCCCCC)CCC(=O)OCC(CC)(COC(=O)CCCCCCCC)COC(=O)CCCCCCCC)CCC(=O)OCC(CC)(COC(=O)CCCCCCCC)COC(=O)CCCCCCCC,LX_2024_2,LX_2024_2,1
-1.9548374,0.939356907,CCCCC(C)CCC(=O)OCC(CC)(COC(=O)CCC(C)CCCC)COC(=O)CCN(CCCN(C)CCCN(CCC(=O)OCC(CC)(COC(=O)CCC(C)CCCC)COC(=O)CCC(C)CCCC)CCC(=O)OCC(CC)(COC(=O)CCC(C)CCCC)COC(=O)CCC(C)CCCC)CCC(=O)OCC(CC)(COC(=O)CCC(C)CCCC)COC(=O)CCC(C)CCCC,LX_2024_2,LX_2024_2,1
-0.5536651,0.82446713,CCCCCCCCCC(=O)OCC(CC)(COC(=O)CCCCCCCCC)COC(=O)CCN(CCCN(C)CCCN(CCC(=O)OCC(CC)(COC(=O)CCCCCCCCC)COC(=O)CCCCCCCCC)CCC(=O)OCC(CC)(COC(=O)CCCCCCCCC)COC(=O)CCCCCCCCC)CCC(=O)OCC(CC)(COC(=O)CCCCCCCCC)COC(=O)CCCCCCCCC,LX_2024_2,LX_2024_2,1
-1.6200893,2.476007685,CCCCCC(C)CCC(=O)OCC(CC)(COC(=O)CCC(C)CCCCC)COC(=O)CCN(CCCN(C)CCCN(CCC(=O)OCC(CC)(COC(=O)CCC(C)CCCCC)COC(=O)CCC(C)CCCCC)CCC(=O)OCC(CC)(COC(=O)CCC(C)CCCCC)COC(=O)CCC(C)CCCCC)CCC(=O)OCC(CC)(COC(=O)CCC(C)CCCCC)COC(=O)CCC(C)CCCCC,LX_2024_2,LX_2024_2,3
-1.634068,0.924995685,CCCCC(CC)CCC(=O)OCC(CC)(COC(=O)CCC(CC)CCCC)COC(=O)CCN(CCCN(C)CCCN(CCC(=O)OCC(CC)(COC(=O)CCC(CC)CCCC)COC(=O)CCC(CC)CCCC)CCC(=O)OCC(CC)(COC(=O)CCC(CC)CCCC)COC(=O)CCC(CC)CCCC)CCC(=O)OCC(CC)(COC(=O)CCC(CC)CCCC)COC(=O)CCC(CC)CCCC,LX_2024_2,LX_2024_2,1
-1.2751149,-0.202360259,CCCCCC(CCC)C(=O)OCC(CC)(COC(=O)CCN(CCCN(C)CCCN(CCC(=O)OCC(CC)(COC(=O)C(CCC)CCCCC)COC(=O)C(CCC)CCCCC)CCC(=O)OCC(CC)(COC(=O)C(CCC)CCCCC)COC(=O)C(CCC)CCCCC)CCC(=O)OCC(CC)(COC(=O)C(CCC)CCCCC)COC(=O)C(CCC)CCCCC)COC(=O)C(CCC)CCCCC,LX_2024_2,LX_2024_2,0
-1.7328156,2.547813795,CCCCC/C=C/CCC(=O)OCC(CC)(COC(=O)CC/C=C/CCCCC)COC(=O)CCN(CCCN(C)CCCN(CCC(=O)OCC(CC)(COC(=O)CC/C=C/CCCCC)COC(=O)CC/C=C/CCCCC)CCC(=O)OCC(CC)(COC(=O)CC/C=C/CCCCC)COC(=O)CC/C=C/CCCCC)CCC(=O)OCC(CC)(COC(=O)CC/C=C/CCCCC)COC(=O)CC/C=C/CCCCC,LX_2024_2,LX_2024_2,3
-0.43856043,-0.302888814,CCCCCCCCCCC(=O)OCC(CC)(COC(=O)CCCCCCCCCC)COC(=O)CCN(CCCN(C)CCCN(CCC(=O)OCC(CC)(COC(=O)CCCCCCCCCC)COC(=O)CCCCCCCCCC)CCC(=O)OCC(CC)(COC(=O)CCCCCCCCCC)COC(=O)CCCCCCCCCC)CCC(=O)OCC(CC)(COC(=O)CCCCCCCCCC)COC(=O)CCCCCCCCCC,LX_2024_2,LX_2024_2,0
-0.25768432,0.142309074,CCCCCCCCCCCC(=O)OCC(CC)(COC(=O)CCCCCCCCCCC)COC(=O)CCN(CCCN(C)CCCN(CCC(=O)OCC(CC)(COC(=O)CCCCCCCCCCC)COC(=O)CCCCCCCCCCC)CCC(=O)OCC(CC)(COC(=O)CCCCCCCCCCC)COC(=O)CCCCCCCCCCC)CCC(=O)OCC(CC)(COC(=O)CCCCCCCCCCC)COC(=O)CCCCCCCCCCC,LX_2024_2,LX_2024_2,1
-2.5125875,1.564070074,CCCCCC(=O)OCC(CC)(COC(=O)CCCCC)COC(=O)CCN(CCC(=O)OCC(CC)(COC(=O)CCCCC)COC(=O)CCCCC)CCN(CCC(=O)OCC(CC)(COC(=O)CCCCC)COC(=O)CCCCC)CCN1CCN(CCN(CCC(=O)OCC(CC)(COC(=O)CCCCC)COC(=O)CCCCC)CCC(=O)OCC(CC)(COC(=O)CCCCC)COC(=O)CCCCC)CC1,LX_2024_2,LX_2024_2,2
-2.4295754,1.226581352,CCCCCCC(=O)OCC(CC)(COC(=O)CCCCCC)COC(=O)CCN(CCC(=O)OCC(CC)(COC(=O)CCCCCC)COC(=O)CCCCCC)CCN(CCC(=O)OCC(CC)(COC(=O)CCCCCC)COC(=O)CCCCCC)CCN1CCN(CCN(CCC(=O)OCC(CC)(COC(=O)CCCCCC)COC(=O)CCCCCC)CCC(=O)OCC(CC)(COC(=O)CCCCCC)COC(=O)CCCCCC)CC1,LX_2024_2,LX_2024_2,1
-2.7417357,1.456360907,CCCCC(C)C(=O)OCC(CC)(COC(=O)CCN(CCC(=O)OCC(CC)(COC(=O)C(C)CCCC)COC(=O)C(C)CCCC)CCN(CCC(=O)OCC(CC)(COC(=O)C(C)CCCC)COC(=O)C(C)CCCC)CCN1CCN(CCN(CCC(=O)OCC(CC)(COC(=O)C(C)CCCC)COC(=O)C(C)CCCC)CCC(=O)OCC(CC)(COC(=O)C(C)CCCC)COC(=O)C(C)CCCC)CC1)COC(=O)C(C)CCCC,LX_2024_2,LX_2024_2,2
-1.783383,1.47790274,CCCCCCCC(=O)OCC(CC)(COC(=O)CCCCCCC)COC(=O)CCN(CCC(=O)OCC(CC)(COC(=O)CCCCCCC)COC(=O)CCCCCCC)CCN(CCC(=O)OCC(CC)(COC(=O)CCCCCCC)COC(=O)CCCCCCC)CCN1CCN(CCN(CCC(=O)OCC(CC)(COC(=O)CCCCCCC)COC(=O)CCCCCCC)CCC(=O)OCC(CC)(COC(=O)CCCCCCC)COC(=O)CCCCCCC)CC1,LX_2024_2,LX_2024_2,2
-2.7232301,1.47790274,CCCCCC(C)C(=O)OCC(CC)(COC(=O)CCN(CCC(=O)OCC(CC)(COC(=O)C(C)CCCCC)COC(=O)C(C)CCCCC)CCN(CCC(=O)OCC(CC)(COC(=O)C(C)CCCCC)COC(=O)C(C)CCCCC)CCN1CCN(CCN(CCC(=O)OCC(CC)(COC(=O)C(C)CCCCC)COC(=O)C(C)CCCCC)CCC(=O)OCC(CC)(COC(=O)C(C)CCCCC)COC(=O)C(C)CCCCC)CC1)COC(=O)C(C)CCCCC,LX_2024_2,LX_2024_2,2
-3.2686079,1.506625185,CCCCC(CC)C(=O)OCC(CC)(COC(=O)CCN(CCC(=O)OCC(CC)(COC(=O)C(CC)CCCC)COC(=O)C(CC)CCCC)CCN(CCC(=O)OCC(CC)(COC(=O)C(CC)CCCC)COC(=O)C(CC)CCCC)CCN1CCN(CCN(CCC(=O)OCC(CC)(COC(=O)C(CC)CCCC)COC(=O)C(CC)CCCC)CCC(=O)OCC(CC)(COC(=O)C(CC)CCCC)COC(=O)C(CC)CCCC)CC1)COC(=O)C(CC)CCCC,LX_2024_2,LX_2024_2,2
-2.0551028,0.300282518,CCCCCCCCC(=O)OCC(CC)(COC(=O)CCCCCCCC)COC(=O)CCN(CCC(=O)OCC(CC)(COC(=O)CCCCCCCC)COC(=O)CCCCCCCC)CCN(CCC(=O)OCC(CC)(COC(=O)CCCCCCCC)COC(=O)CCCCCCCC)CCN1CCN(CCN(CCC(=O)OCC(CC)(COC(=O)CCCCCCCC)COC(=O)CCCCCCCC)CCC(=O)OCC(CC)(COC(=O)CCCCCCCC)COC(=O)CCCCCCCC)CC1,LX_2024_2,LX_2024_2,1
-2.6586068,1.506625185,CCCCC(C)CCC(=O)OCC(CC)(COC(=O)CCC(C)CCCC)COC(=O)CCN(CCC(=O)OCC(CC)(COC(=O)CCC(C)CCCC)COC(=O)CCC(C)CCCC)CCN(CCC(=O)OCC(CC)(COC(=O)CCC(C)CCCC)COC(=O)CCC(C)CCCC)CCN1CCN(CCN(CCC(=O)OCC(CC)(COC(=O)CCC(C)CCCC)COC(=O)CCC(C)CCCC)CCC(=O)OCC(CC)(COC(=O)CCC(C)CCCC)COC(=O)CCC(C)CCCC)CC1,LX_2024_2,LX_2024_2,2
-1.8291552,0.924995685,CCCCCCCCCC(=O)OCC(CC)(COC(=O)CCCCCCCCC)COC(=O)CCN(CCC(=O)OCC(CC)(COC(=O)CCCCCCCCC)COC(=O)CCCCCCCCC)CCN(CCC(=O)OCC(CC)(COC(=O)CCCCCCCCC)COC(=O)CCCCCCCCC)CCN1CCN(CCN(CCC(=O)OCC(CC)(COC(=O)CCCCCCCCC)COC(=O)CCCCCCCCC)CCC(=O)OCC(CC)(COC(=O)CCCCCCCCC)COC(=O)CCCCCCCCC)CC1,LX_2024_2,LX_2024_2,1
-2.4928992,1.190678296,CCCCCC(C)CCC(=O)OCC(CC)(COC(=O)CCC(C)CCCCC)COC(=O)CCN(CCC(=O)OCC(CC)(COC(=O)CCC(C)CCCCC)COC(=O)CCC(C)CCCCC)CCN(CCC(=O)OCC(CC)(COC(=O)CCC(C)CCCCC)COC(=O)CCC(C)CCCCC)CCN1CCN(CCN(CCC(=O)OCC(CC)(COC(=O)CCC(C)CCCCC)COC(=O)CCC(C)CCCCC)CCC(=O)OCC(CC)(COC(=O)CCC(C)CCCCC)COC(=O)CCC(C)CCCCC)CC1,LX_2024_2,LX_2024_2,1
-3.1373284,-0.173637815,CCCCC(CC)CCC(=O)OCC(CC)(COC(=O)CCC(CC)CCCC)COC(=O)CCN(CCC(=O)OCC(CC)(COC(=O)CCC(CC)CCCC)COC(=O)CCC(CC)CCCC)CCN(CCC(=O)OCC(CC)(COC(=O)CCC(CC)CCCC)COC(=O)CCC(CC)CCCC)CCN1CCN(CCN(CCC(=O)OCC(CC)(COC(=O)CCC(CC)CCCC)COC(=O)CCC(CC)CCCC)CCC(=O)OCC(CC)(COC(=O)CCC(CC)CCCC)COC(=O)CCC(CC)CCCC)CC1,LX_2024_2,LX_2024_2,0
-2.6692514,0.996801796,CCCCCC(CCC)C(=O)OCC(CC)(COC(=O)CCN(CCC(=O)OCC(CC)(COC(=O)C(CCC)CCCCC)COC(=O)C(CCC)CCCCC)CCN(CCC(=O)OCC(CC)(COC(=O)C(CCC)CCCCC)COC(=O)C(CCC)CCCCC)CCN1CCN(CCN(CCC(=O)OCC(CC)(COC(=O)C(CCC)CCCCC)COC(=O)C(CCC)CCCCC)CCC(=O)OCC(CC)(COC(=O)C(CCC)CCCCC)COC(=O)C(CCC)CCCCC)CC1)COC(=O)C(CCC)CCCCC,LX_2024_2,LX_2024_2,1
-2.869245,1.334290519,CCCCC/C=C/CCC(=O)OCC(CC)(COC(=O)CC/C=C/CCCCC)COC(=O)CCN(CCC(=O)OCC(CC)(COC(=O)CC/C=C/CCCCC)COC(=O)CC/C=C/CCCCC)CCN(CCC(=O)OCC(CC)(COC(=O)CC/C=C/CCCCC)COC(=O)CC/C=C/CCCCC)CCN1CCN(CCN(CCC(=O)OCC(CC)(COC(=O)CC/C=C/CCCCC)COC(=O)CC/C=C/CCCCC)CCC(=O)OCC(CC)(COC(=O)CC/C=C/CCCCC)COC(=O)CC/C=C/CCCCC)CC1,LX_2024_2,LX_2024_2,1
-1.64242,-0.101831704,CCCCCCCCCCC(=O)OCC(CC)(COC(=O)CCCCCCCCCC)COC(=O)CCN(CCC(=O)OCC(CC)(COC(=O)CCCCCCCCCC)COC(=O)CCCCCCCCCC)CCN(CCC(=O)OCC(CC)(COC(=O)CCCCCCCCCC)COC(=O)CCCCCCCCCC)CCN1CCN(CCN(CCC(=O)OCC(CC)(COC(=O)CCCCCCCCCC)COC(=O)CCCCCCCCCC)CCC(=O)OCC(CC)(COC(=O)CCCCCCCCCC)COC(=O)CCCCCCCCCC)CC1,LX_2024_2,LX_2024_2,0
-1.3745873,-0.475223482,CCCCCCCCCCCC(=O)OCC(CC)(COC(=O)CCCCCCCCCCC)COC(=O)CCN(CCC(=O)OCC(CC)(COC(=O)CCCCCCCCCCC)COC(=O)CCCCCCCCCCC)CCN(CCC(=O)OCC(CC)(COC(=O)CCCCCCCCCCC)COC(=O)CCCCCCCCCCC)CCN1CCN(CCN(CCC(=O)OCC(CC)(COC(=O)CCCCCCCCCCC)COC(=O)CCCCCCCCCCC)CCC(=O)OCC(CC)(COC(=O)CCCCCCCCCCC)COC(=O)CCCCCCCCCCC)CC1,LX_2024_2,LX_2024_2,0
-3.041338,1.384554796,CCCCCC(=O)OCC(CC)(COC(=O)CCCCC)COC(=O)CCN(CCC(=O)OCC(CC)(COC(=O)CCCCC)COC(=O)CCCCC)CC(CN(CCC(=O)OCC(CC)(COC(=O)CCCCC)COC(=O)CCCCC)CCN1CCN(CC(CN(CCC(=O)OCC(CC)(COC(=O)CCCCC)COC(=O)CCCCC)CCC(=O)OCC(CC)(COC(=O)CCCCC)COC(=O)CCCCC)OCC)CC1)OCC,LX_2024_2,LX_2024_2,2
-3.0059373,1.836933296,CCCCCCC(=O)OCC(CC)(COC(=O)CCCCCC)COC(=O)CCN(CCC(=O)OCC(CC)(COC(=O)CCCCCC)COC(=O)CCCCCC)CC(CN(CCC(=O)OCC(CC)(COC(=O)CCCCCC)COC(=O)CCCCCC)CCN1CCN(CC(CN(CCC(=O)OCC(CC)(COC(=O)CCCCCC)COC(=O)CCCCCC)CCC(=O)OCC(CC)(COC(=O)CCCCCC)COC(=O)CCCCCC)OCC)CC1)OCC,LX_2024_2,LX_2024_2,2
-2.859458,1.549708852,CCCCC(C)C(=O)OCC(CC)(COC(=O)CCN(CCC(=O)OCC(CC)(COC(=O)C(C)CCCC)COC(=O)C(C)CCCC)CC(CN(CCC(=O)OCC(CC)(COC(=O)C(C)CCCC)COC(=O)C(C)CCCC)CCN1CCN(CC(CN(CCC(=O)OCC(CC)(COC(=O)C(C)CCCC)COC(=O)C(C)CCCC)CCC(=O)OCC(CC)(COC(=O)C(C)CCCC)COC(=O)C(C)CCCC)OCC)CC1)OCC)COC(=O)C(C)CCCC,LX_2024_2,LX_2024_2,2
-2.527561,0.364908019,CCCCCCCC(=O)OCC(CC)(COC(=O)CCCCCCC)COC(=O)CCN(CCC(=O)OCC(CC)(COC(=O)CCCCCCC)COC(=O)CCCCCCC)CC(CN(CCC(=O)OCC(CC)(COC(=O)CCCCCCC)COC(=O)CCCCCCC)CCN1CCN(CC(CN(CCC(=O)OCC(CC)(COC(=O)CCCCCCC)COC(=O)CCCCCCC)CCC(=O)OCC(CC)(COC(=O)CCCCCCC)COC(=O)CCCCCCC)OCC)CC1)OCC,LX_2024_2,LX_2024_2,1
-2.8823333,1.506625185,CCCCCC(C)C(=O)OCC(CC)(COC(=O)CCN(CCC(=O)OCC(CC)(COC(=O)C(C)CCCCC)COC(=O)C(C)CCCCC)CC(CN(CCC(=O)OCC(CC)(COC(=O)C(C)CCCCC)COC(=O)C(C)CCCCC)CCN1CCN(CC(CN(CCC(=O)OCC(CC)(COC(=O)C(C)CCCCC)COC(=O)C(C)CCCCC)CCC(=O)OCC(CC)(COC(=O)C(C)CCCCC)COC(=O)C(C)CCCCC)OCC)CC1)OCC)COC(=O)C(C)CCCCC,LX_2024_2,LX_2024_2,2
-2.8169389,1.750765963,CCCCC(CC)C(=O)OCC(CC)(COC(=O)CCN(CCC(=O)OCC(CC)(COC(=O)C(CC)CCCC)COC(=O)C(CC)CCCC)CC(CN(CCC(=O)OCC(CC)(COC(=O)C(CC)CCCC)COC(=O)C(CC)CCCC)CCN1CCN(CC(CN(CCC(=O)OCC(CC)(COC(=O)C(CC)CCCC)COC(=O)C(CC)CCCC)CCC(=O)OCC(CC)(COC(=O)C(CC)CCCC)COC(=O)C(CC)CCCC)OCC)CC1)OCC)COC(=O)C(CC)CCCC,LX_2024_2,LX_2024_2,2
-2.268373,-0.101831704,CCCCCCCCC(=O)OCC(CC)(COC(=O)CCCCCCCC)COC(=O)CCN(CCC(=O)OCC(CC)(COC(=O)CCCCCCCC)COC(=O)CCCCCCCC)CC(CN(CCC(=O)OCC(CC)(COC(=O)CCCCCCCC)COC(=O)CCCCCCCC)CCN1CCN(CC(CN(CCC(=O)OCC(CC)(COC(=O)CCCCCCCC)COC(=O)CCCCCCCC)CCC(=O)OCC(CC)(COC(=O)CCCCCCCC)COC(=O)CCCCCCCC)OCC)CC1)OCC,LX_2024_2,LX_2024_2,0
-2.958323,1.750765963,CCCCC(C)CCC(=O)OCC(CC)(COC(=O)CCC(C)CCCC)COC(=O)CCN(CCC(=O)OCC(CC)(COC(=O)CCC(C)CCCC)COC(=O)CCC(C)CCCC)CC(CN(CCC(=O)OCC(CC)(COC(=O)CCC(C)CCCC)COC(=O)CCC(C)CCCC)CCN1CCN(CC(CN(CCC(=O)OCC(CC)(COC(=O)CCC(C)CCCC)COC(=O)CCC(C)CCCC)CCC(=O)OCC(CC)(COC(=O)CCC(C)CCCC)COC(=O)CCC(C)CCCC)OCC)CC1)OCC,LX_2024_2,LX_2024_2,2
-2.1041973,0.285921297,CCCCCCCCCC(=O)OCC(CC)(COC(=O)CCCCCCCCC)COC(=O)CCN(CCC(=O)OCC(CC)(COC(=O)CCCCCCCCC)COC(=O)CCCCCCCCC)CC(CN(CCC(=O)OCC(CC)(COC(=O)CCCCCCCCC)COC(=O)CCCCCCCCC)CCN1CCN(CC(CN(CCC(=O)OCC(CC)(COC(=O)CCCCCCCCC)COC(=O)CCCCCCCCC)CCC(=O)OCC(CC)(COC(=O)CCCCCCCCC)COC(=O)CCCCCCCCC)OCC)CC1)OCC,LX_2024_2,LX_2024_2,1
-3.143866,1.111691574,CCCCCC(C)CCC(=O)OCC(CC)(COC(=O)CCC(C)CCCCC)COC(=O)CCN(CCC(=O)OCC(CC)(COC(=O)CCC(C)CCCCC)COC(=O)CCC(C)CCCCC)CC(CN(CCC(=O)OCC(CC)(COC(=O)CCC(C)CCCCC)COC(=O)CCC(C)CCCCC)CCN1CCN(CC(CN(CCC(=O)OCC(CC)(COC(=O)CCC(C)CCCCC)COC(=O)CCC(C)CCCCC)CCC(=O)OCC(CC)(COC(=O)CCC(C)CCCCC)COC(=O)CCC(C)CCCCC)OCC)CC1)OCC,LX_2024_2,LX_2024_2,1
-2.999525,0.924995685,CCCCC(CC)CCC(=O)OCC(CC)(COC(=O)CCC(CC)CCCC)COC(=O)CCN(CCC(=O)OCC(CC)(COC(=O)CCC(CC)CCCC)COC(=O)CCC(CC)CCCC)CC(CN(CCC(=O)OCC(CC)(COC(=O)CCC(CC)CCCC)COC(=O)CCC(CC)CCCC)CCN1CCN(CC(CN(CCC(=O)OCC(CC)(COC(=O)CCC(CC)CCCC)COC(=O)CCC(CC)CCCC)CCC(=O)OCC(CC)(COC(=O)CCC(CC)CCCC)COC(=O)CCC(CC)CCCC)OCC)CC1)OCC,LX_2024_2,LX_2024_2,1
-2.5489519,0.580326352,CCCCCC(CCC)C(=O)OCC(CC)(COC(=O)CCN(CCC(=O)OCC(CC)(COC(=O)C(CCC)CCCCC)COC(=O)C(CCC)CCCCC)CC(CN(CCC(=O)OCC(CC)(COC(=O)C(CCC)CCCCC)COC(=O)C(CCC)CCCCC)CCN1CCN(CC(CN(CCC(=O)OCC(CC)(COC(=O)C(CCC)CCCCC)COC(=O)C(CCC)CCCCC)CCC(=O)OCC(CC)(COC(=O)C(CCC)CCCCC)COC(=O)C(CCC)CCCCC)OCC)CC1)OCC)COC(=O)C(CCC)CCCCC,LX_2024_2,LX_2024_2,1
-2.8625023,2.145699573,CCCCC/C=C/CCC(=O)OCC(CC)(COC(=O)CC/C=C/CCCCC)COC(=O)CCN(CCC(=O)OCC(CC)(COC(=O)CC/C=C/CCCCC)COC(=O)CC/C=C/CCCCC)CC(CN(CCC(=O)OCC(CC)(COC(=O)CC/C=C/CCCCC)COC(=O)CC/C=C/CCCCC)CCN1CCN(CC(CN(CCC(=O)OCC(CC)(COC(=O)CC/C=C/CCCCC)COC(=O)CC/C=C/CCCCC)CCC(=O)OCC(CC)(COC(=O)CC/C=C/CCCCC)COC(=O)CC/C=C/CCCCC)OCC)CC1)OCC,LX_2024_2,LX_2024_2,3
-1.7653655,1.061427296,CCCCCCCCCCC(=O)OCC(CC)(COC(=O)CCCCCCCCCC)COC(=O)CCN(CCC(=O)OCC(CC)(COC(=O)CCCCCCCCCC)COC(=O)CCCCCCCCCC)CC(CN(CCC(=O)OCC(CC)(COC(=O)CCCCCCCCCC)COC(=O)CCCCCCCCCC)CCN1CCN(CC(CN(CCC(=O)OCC(CC)(COC(=O)CCCCCCCCCC)COC(=O)CCCCCCCCCC)CCC(=O)OCC(CC)(COC(=O)CCCCCCCCCC)COC(=O)CCCCCCCCCC)OCC)CC1)OCC,LX_2024_2,LX_2024_2,1
-1.8758326,0.82446713,CCCCCCCCCCCC(=O)OCC(CC)(COC(=O)CCCCCCCCCCC)COC(=O)CCN(CCC(=O)OCC(CC)(COC(=O)CCCCCCCCCCC)COC(=O)CCCCCCCCCCC)CC(CN(CCC(=O)OCC(CC)(COC(=O)CCCCCCCCCCC)COC(=O)CCCCCCCCCCC)CCN1CCN(CC(CN(CCC(=O)OCC(CC)(COC(=O)CCCCCCCCCCC)COC(=O)CCCCCCCCCCC)CCC(=O)OCC(CC)(COC(=O)CCCCCCCCCCC)COC(=O)CCCCCCCCCCC)OCC)CC1)OCC,LX_2024_2,LX_2024_2,1
-3.4385161,1.99490674,CCCCCC(=O)OCC(CC)(COC(=O)CCCCC)COC(=O)CCN(CCOCCN(CCC(=O)OCC(CC)(COC(=O)CCCCC)COC(=O)CCCCC)CCN1CCN(CCOCCN(CCC(=O)OCC(CC)(COC(=O)CCCCC)COC(=O)CCCCC)CCC(=O)OCC(CC)(COC(=O)CCCCC)COC(=O)CCCCC)CC1)CCC(=O)OCC(CC)(COC(=O)CCCCC)COC(=O)CCCCC,LX_2024_2,LX_2024_2,2
-3.3068454,1.793849629,CCCCCCC(=O)OCC(CC)(COC(=O)CCCCCC)COC(=O)CCN(CCOCCN(CCC(=O)OCC(CC)(COC(=O)CCCCCC)COC(=O)CCCCCC)CCN1CCN(CCOCCN(CCC(=O)OCC(CC)(COC(=O)CCCCCC)COC(=O)CCCCCC)CCC(=O)OCC(CC)(COC(=O)CCCCCC)COC(=O)CCCCCC)CC1)CCC(=O)OCC(CC)(COC(=O)CCCCCC)COC(=O)CCCCCC,LX_2024_2,LX_2024_2,2
-2.9785197,1.549708852,CCCCC(C)C(=O)OCC(CC)(COC(=O)CCN(CCOCCN(CCC(=O)OCC(CC)(COC(=O)C(C)CCCC)COC(=O)C(C)CCCC)CCN1CCN(CCOCCN(CCC(=O)OCC(CC)(COC(=O)C(C)CCCC)COC(=O)C(C)CCCC)CCC(=O)OCC(CC)(COC(=O)C(C)CCCC)COC(=O)C(C)CCCC)CC1)CCC(=O)OCC(CC)(COC(=O)C(C)CCCC)COC(=O)C(C)CCCC)COC(=O)C(C)CCCC,LX_2024_2,LX_2024_2,2
-2.6895514,0.666493686,CCCCCCCC(=O)OCC(CC)(COC(=O)CCCCCCC)COC(=O)CCN(CCOCCN(CCC(=O)OCC(CC)(COC(=O)CCCCCCC)COC(=O)CCCCCCC)CCN1CCN(CCOCCN(CCC(=O)OCC(CC)(COC(=O)CCCCCCC)COC(=O)CCCCCCC)CCC(=O)OCC(CC)(COC(=O)CCCCCCC)COC(=O)CCCCCCC)CC1)CCC(=O)OCC(CC)(COC(=O)CCCCCCC)COC(=O)CCCCCCC,LX_2024_2,LX_2024_2,1
-3.5110984,2.203144462,CCCCCC(C)C(=O)OCC(CC)(COC(=O)CCN(CCOCCN(CCC(=O)OCC(CC)(COC(=O)C(C)CCCCC)COC(=O)C(C)CCCCC)CCN1CCN(CCOCCN(CCC(=O)OCC(CC)(COC(=O)C(C)CCCCC)COC(=O)C(C)CCCCC)CCC(=O)OCC(CC)(COC(=O)C(C)CCCCC)COC(=O)C(C)CCCCC)CC1)CCC(=O)OCC(CC)(COC(=O)C(C)CCCCC)COC(=O)C(C)CCCCC)COC(=O)C(C)CCCCC,LX_2024_2,LX_2024_2,3
-4.0263815,0.027419297,CCCCC(CC)C(=O)OCC(CC)(COC(=O)CCN(CCOCCN(CCC(=O)OCC(CC)(COC(=O)C(CC)CCCC)COC(=O)C(CC)CCCC)CCN1CCN(CCOCCN(CCC(=O)OCC(CC)(COC(=O)C(CC)CCCC)COC(=O)C(CC)CCCC)CCC(=O)OCC(CC)(COC(=O)C(CC)CCCC)COC(=O)C(CC)CCCC)CC1)CCC(=O)OCC(CC)(COC(=O)C(CC)CCCC)COC(=O)C(CC)CCCC)COC(=O)C(CC)CCCC,LX_2024_2,LX_2024_2,0
-2.517679,0.099225408,CCCCCCCCC(=O)OCC(CC)(COC(=O)CCCCCCCC)COC(=O)CCN(CCOCCN(CCC(=O)OCC(CC)(COC(=O)CCCCCCCC)COC(=O)CCCCCCCC)CCN1CCN(CCOCCN(CCC(=O)OCC(CC)(COC(=O)CCCCCCCC)COC(=O)CCCCCCCC)CCC(=O)OCC(CC)(COC(=O)CCCCCCCC)COC(=O)CCCCCCCC)CC1)CCC(=O)OCC(CC)(COC(=O)CCCCCCCC)COC(=O)CCCCCCCC,LX_2024_2,LX_2024_2,1
-3.624707,2.64116174,CCCCC(C)CCC(=O)OCC(CC)(COC(=O)CCC(C)CCCC)COC(=O)CCN(CCOCCN(CCC(=O)OCC(CC)(COC(=O)CCC(C)CCCC)COC(=O)CCC(C)CCCC)CCN1CCN(CCOCCN(CCC(=O)OCC(CC)(COC(=O)CCC(C)CCCC)COC(=O)CCC(C)CCCC)CCC(=O)OCC(CC)(COC(=O)CCC(C)CCCC)COC(=O)CCC(C)CCCC)CC1)CCC(=O)OCC(CC)(COC(=O)CCC(C)CCCC)COC(=O)CCC(C)CCCC,LX_2024_2,LX_2024_2,3
-2.6002398,1.391735408,CCCCCCCCCC(=O)OCC(CC)(COC(=O)CCCCCCCCC)COC(=O)CCN(CCOCCN(CCC(=O)OCC(CC)(COC(=O)CCCCCCCCC)COC(=O)CCCCCCCCC)CCN1CCN(CCOCCN(CCC(=O)OCC(CC)(COC(=O)CCCCCCCCC)COC(=O)CCCCCCCCC)CCC(=O)OCC(CC)(COC(=O)CCCCCCCCC)COC(=O)CCCCCCCCC)CC1)CCC(=O)OCC(CC)(COC(=O)CCCCCCCCC)COC(=O)CCCCCCCCC,LX_2024_2,LX_2024_2,2
-3.4665692,2.37547913,CCCCCC(C)CCC(=O)OCC(CC)(COC(=O)CCC(C)CCCCC)COC(=O)CCN(CCOCCN(CCC(=O)OCC(CC)(COC(=O)CCC(C)CCCCC)COC(=O)CCC(C)CCCCC)CCN1CCN(CCOCCN(CCC(=O)OCC(CC)(COC(=O)CCC(C)CCCCC)COC(=O)CCC(C)CCCCC)CCC(=O)OCC(CC)(COC(=O)CCC(C)CCCCC)COC(=O)CCC(C)CCCCC)CC1)CCC(=O)OCC(CC)(COC(=O)CCC(C)CCCCC)COC(=O)CCC(C)CCCCC,LX_2024_2,LX_2024_2,3
-3.271353,2.203144462,CCCCC(CC)CCC(=O)OCC(CC)(COC(=O)CCC(CC)CCCC)COC(=O)CCN(CCOCCN(CCC(=O)OCC(CC)(COC(=O)CCC(CC)CCCC)COC(=O)CCC(CC)CCCC)CCN1CCN(CCOCCN(CCC(=O)OCC(CC)(COC(=O)CCC(CC)CCCC)COC(=O)CCC(CC)CCCC)CCC(=O)OCC(CC)(COC(=O)CCC(CC)CCCC)COC(=O)CCC(CC)CCCC)CC1)CCC(=O)OCC(CC)(COC(=O)CCC(CC)CCCC)COC(=O)CCC(CC)CCCC,LX_2024_2,LX_2024_2,3
-3.3313658,1.564070074,CCCCCC(CCC)C(=O)OCC(CC)(COC(=O)CCN(CCOCCN(CCC(=O)OCC(CC)(COC(=O)C(CCC)CCCCC)COC(=O)C(CCC)CCCCC)CCN1CCN(CCOCCN(CCC(=O)OCC(CC)(COC(=O)C(CCC)CCCCC)COC(=O)C(CCC)CCCCC)CCC(=O)OCC(CC)(COC(=O)C(CCC)CCCCC)COC(=O)C(CCC)CCCCC)CC1)CCC(=O)OCC(CC)(COC(=O)C(CCC)CCCCC)COC(=O)C(CCC)CCCCC)COC(=O)C(CCC)CCCCC,LX_2024_2,LX_2024_2,2
-3.6318576,2.088254684,CCCCC/C=C/CCC(=O)OCC(CC)(COC(=O)CC/C=C/CCCCC)COC(=O)CCN(CCOCCN(CCC(=O)OCC(CC)(COC(=O)CC/C=C/CCCCC)COC(=O)CC/C=C/CCCCC)CCN1CCN(CCOCCN(CCC(=O)OCC(CC)(COC(=O)CC/C=C/CCCCC)COC(=O)CC/C=C/CCCCC)CCC(=O)OCC(CC)(COC(=O)CC/C=C/CCCCC)COC(=O)CC/C=C/CCCCC)CC1)CCC(=O)OCC(CC)(COC(=O)CC/C=C/CCCCC)COC(=O)CC/C=C/CCCCC,LX_2024_2,LX_2024_2,3
-2.4011638,0.939356907,CCCCCCCCCCC(=O)OCC(CC)(COC(=O)CCCCCCCCCC)COC(=O)CCN(CCOCCN(CCC(=O)OCC(CC)(COC(=O)CCCCCCCCCC)COC(=O)CCCCCCCCCC)CCN1CCN(CCOCCN(CCC(=O)OCC(CC)(COC(=O)CCCCCCCCCC)COC(=O)CCCCCCCCCC)CCC(=O)OCC(CC)(COC(=O)CCCCCCCCCC)COC(=O)CCCCCCCCCC)CC1)CCC(=O)OCC(CC)(COC(=O)CCCCCCCCCC)COC(=O)CCCCCCCCCC,LX_2024_2,LX_2024_2,1
-2.156623,1.793849629,CCCCCCCCCCCC(=O)OCC(CC)(COC(=O)CCCCCCCCCCC)COC(=O)CCN(CCOCCN(CCC(=O)OCC(CC)(COC(=O)CCCCCCCCCCC)COC(=O)CCCCCCCCCCC)CCN1CCN(CCOCCN(CCC(=O)OCC(CC)(COC(=O)CCCCCCCCCCC)COC(=O)CCCCCCCCCCC)CCC(=O)OCC(CC)(COC(=O)CCCCCCCCCCC)COC(=O)CCCCCCCCCCC)CC1)CCC(=O)OCC(CC)(COC(=O)CCCCCCCCCCC)COC(=O)CCCCCCCCCCC,LX_2024_2,LX_2024_2,2
-2.2519855,2.95220475,CCCCCCCCCOP(=O)(O)OCCNCCCNCCCCN(CCCNCCOP(=O)(O)OCCCCCCCCC)CCOP(=O)(O)OCCCCCCCCC,SL_2021,SL_2021,3
-3.4043775,2.95220475,CCCCCCCCCCCCN(CCCCCCCCCCCC)CCOP(=O)(O)OCCCCCCCCCC,SL_2021,SL_2021,3
-4.323504,2.95220475,CCCCCCCCCCCOP(=O)(O)OCCN(CCCCCCCC)CCCCCCCC,SL_2021,SL_2021,3
-3.1193542,2.95220475,CCCCCCCCCCCOP(=O)(O)OCCN(CCCCCCCCCC)CCCCCCCCCC,SL_2021,SL_2021,3
-3.2579136,2.95220475,CCCCCCCCCCCCN(CCCCCCCCCCCC)CCOP(=O)(O)OCCCCCCCCCCC,SL_2021,SL_2021,3
-3.256222,2.95220475,CCCCCCCCCCCCCOP(=O)(O)OCCN(CCCCCCCC)CCCCCCCC,SL_2021,SL_2021,3
-2.9289262,2.95220475,CCCCCCCCCCCCCOP(=O)(O)OCCN(CCCCCCCCCC)CCCCCCCCCC,SL_2021,SL_2021,3
-2.9694207,2.95220475,CCCCCCCCCCCCCOP(=O)(O)OCCN(CCCCCCCCCCC)CCCCCCCCCCC,SL_2021,SL_2021,3
-3.444513,2.95220475,CCCCCCCCCCCCCCOP(=O)(O)OCCN(CCCCCCCC)CCCCCCCC,SL_2021,SL_2021,3
-3.1644526,2.95220475,CCCCCCCCCCCCCCOP(=O)(O)OCCN(CCCCCCCCCC)CCCCCCCCCC,SL_2021,SL_2021,3
-3.3516967,2.95220475,CCCCCCCCCCCCCCCOP(=O)(O)OCCN(CCCCCCCC)CCCCCCCC,SL_2021,SL_2021,3
-2.6732733,2.95220475,CCCCCCCCCCCCCCCOP(=O)(O)OCCN(CCCCCCCCCC)CCCCCCCCCC,SL_2021,SL_2021,3
-2.9349773,2.95220475,CCCCCCCCCCCCCCCCOP(=O)(O)OCCN(CCCCCCCC)CCCCCCCC,SL_2021,SL_2021,3
-4.615795,1.581538259,CCCCCCCCCCN(CCCCCCCCCC)CCOP(=O)(O)OCCCC,SL_2021,SL_2021,2
-4.429704,1.581538259,CCCCCCCCCCCN(CCCCCCCCCCC)CCOP(=O)(O)OCCCC,SL_2021,SL_2021,2
-4.1836,1.581538259,CCCCCCCCCCCCN(CCCCCCCCCCCC)CCOP(=O)(O)OCCCC,SL_2021,SL_2021,2
-4.676865,1.581538259,CCCCCCCCCCN(CCCCCCCCCC)CCOP(=O)(O)OCCCCC,SL_2021,SL_2021,2
-4.3348627,1.581538259,CCCCCCCCCCCN(CCCCCCCCCCC)CCOP(=O)(O)OCCCCC,SL_2021,SL_2021,2
-4.506137,1.581538259,CCCCCCCCCCCCN(CCCCCCCCCCCC)CCOP(=O)(O)OCCCCC,SL_2021,SL_2021,2
-4.545873,1.581538259,CCCCCCCCCCN(CCCCCCCCCC)CCOP(=O)(O)OCCCCCC,SL_2021,SL_2021,2
-4.193805,1.581538259,CCCCCCCCCCCN(CCCCCCCCCCC)CCOP(=O)(O)OCCCCCC,SL_2021,SL_2021,2
-4.0419054,1.581538259,CCCCCCCCCCCCN(CCCCCCCCCCCC)CCOP(=O)(O)OCCCCCC,SL_2021,SL_2021,2
-3.718243,1.581538259,CCCCCCCCCCCCCN(CCCCCCCCCCCCC)CCOP(=O)(O)OCCCCCC,SL_2021,SL_2021,2
-4.6809573,1.581538259,CCCCCCCCN(CCCCCCCC)CCOP(=O)(O)OCCCCCCC,SL_2021,SL_2021,2
-4.2085834,1.581538259,CCCCCCCCCCN(CCCCCCCCCC)CCOP(=O)(O)OCCCCCCC,SL_2021,SL_2021,2
-3.945283,1.581538259,CCCCCCCCCCCN(CCCCCCCCCCC)CCOP(=O)(O)OCCCCCCC,SL_2021,SL_2021,2
-3.9031117,1.581538259,CCCCCCCCCCCCN(CCCCCCCCCCCC)CCOP(=O)(O)OCCCCCCC,SL_2021,SL_2021,2
-3.7768867,1.581538259,CCCCCCCCCCCCN(CCCCCCCCCCCC)CCOP(=O)(O)OCCCCCCCC,SL_2021,SL_2021,2
-1.5557859,1.581538259,CCCCCCCCOP(=O)(O)OCCNCCN(CCOP(=O)(O)OCCCCCCCC)CCN(CCOP(=O)(O)OCCCCCCCC)CCN(CCNCCOP(=O)(O)OCCCCCCCC)CCOP(=O)(O)OCCCCCCCC,SL_2021,SL_2021,2
-4.621336,1.581538259,CCCCCCCCCOP(=O)(O)OCCN(CCCCCCCC)CCCCCCCC,SL_2021,SL_2021,2
-3.7837152,1.581538259,CCCCCCCCCCN(CCCCCCCCCC)CCOP(=O)(O)OCCCCCCCCC,SL_2021,SL_2021,2
-3.705321,1.581538259,CCCCCCCCCCCN(CCCCCCCCCCC)CCOP(=O)(O)OCCCCCCCCC,SL_2021,SL_2021,2
-3.3964505,1.581538259,CCCCCCCCCCCCN(CCCCCCCCCCCC)CCOP(=O)(O)OCCCCCCCCC,SL_2021,SL_2021,2
-3.2734716,1.581538259,CCCCCCCCCOP(=O)(O)OCC[N+](CCCCCCCC)(CCCCCCCC)CCCCCCCC,SL_2021,SL_2021,2
-2.6493974,1.581538259,CCCCCCCCCCCC[N+](CCCCCCCCCCCC)(CCCCCCCCCCCC)CCOP(=O)(O)OCCCCCCCCC,SL_2021,SL_2021,2
-3.0685947,1.581538259,CCCCCCCCCOP(=O)(O)OCCNCCOCCOCCNCCOP(=O)(O)OCCCCCCCCC,SL_2021,SL_2021,2
-3.5471272,1.581538259,CCCCCCCCCOP(=O)(O)OCCNCCCN1CCN(CCCNCCOP(=O)(O)OCCCCCCCCC)CC1,SL_2021,SL_2021,2
-2.377787,1.581538259,CCCCCCCCCOP(=O)(O)OCCNCCCN1CCN(CCCN(CCOP(=O)(O)OCCCCCCCCC)CCOP(=O)(O)OCCCCCCCCC)CC1,SL_2021,SL_2021,2
-0.5639304,1.581538259,CCCCCCCCCOP(=O)(O)OCCN(CCCN1CCN(CCCN(CCOP(=O)(O)OCCCCCCCCC)CCOP(=O)(O)OCCCCCCCCC)CC1)CCOP(=O)(O)OCCCCCCCCC,SL_2021,SL_2021,2
-1.6548625,1.581538259,CCCCCCCCCOP(=O)(O)OCCNCCCN(CCCCN(CCCNCCOP(=O)(O)OCCCCCCCCC)CCOP(=O)(O)OCCCCCCCCC)CCOP(=O)(O)OCCCCCCCCC,SL_2021,SL_2021,2
-1.5467911,1.581538259,CCCCCCCCCOP(=O)(O)OCCN(C)CCN(CCN(C)CCOP(=O)(O)OCCCCCCCCC)CCN(C)CCOP(=O)(O)OCCCCCCCCC,SL_2021,SL_2021,2
-2.6246357,1.581538259,CCCCCCCCCOP(=O)(O)OCCNCCN(CCNCCOP(=O)(O)OCCCCCCCCC)CCNCCOP(=O)(O)OCCCCCCCCC,SL_2021,SL_2021,2
-1.4915454,1.581538259,CCCCCCCCCOP(=O)(O)OCCNCCN(CCNCCOP(=O)(O)OCCCCCCCCC)CCN(CCOP(=O)(O)OCCCCCCCCC)CCOP(=O)(O)OCCCCCCCCC,SL_2021,SL_2021,2
-2.6580298,1.581538259,CCCCCCCCCOP(=O)(O)OCCNCCNCCN(CCNCCNCCOP(=O)(O)OCCCCCCCCC)CCOP(=O)(O)OCCCCCCCCC,SL_2021,SL_2021,2
-1.7003833,1.581538259,CCCCCCCCCOP(=O)(O)OCCNCCN(CCOP(=O)(O)OCCCCCCCCC)CCN(CCOP(=O)(O)OCCCCCCCCC)CCN(CCNCCOP(=O)(O)OCCCCCCCCC)CCOP(=O)(O)OCCCCCCCCC,SL_2021,SL_2021,2
-4.3789554,1.581538259,CCCCCCCCCCOP(=O)(O)OCCN(CCCCCCCC)CCCCCCCC,SL_2021,SL_2021,2
-3.20911,1.581538259,CCCCCCCCCCOP(=O)(O)OCCN(CCCCCCCCCC)CCCCCCCCCC,SL_2021,SL_2021,2
-3.52409,1.581538259,CCCCCCCCCCCN(CCCCCCCCCCC)CCOP(=O)(O)OCCCCCCCCCC,SL_2021,SL_2021,2
-3.9626064,1.581538259,CCCCCCCCCCOP(=O)(O)OCC[N+](CCCC)(CCCC)CCCC,SL_2021,SL_2021,2
-3.009887,1.581538259,CCCCCCCCCCOP(=O)(O)OCC[N+](CCCCCCCC)(CCCCCCCC)CCCCCCCC,SL_2021,SL_2021,2
-2.5386322,1.581538259,CCCCCCCCCCOP(=O)(O)OCC[N+](CCCCCCCCCC)(CCCCCCCCCC)CCCCCCCCCC,SL_2021,SL_2021,2
-2.604495,1.581538259,CCCCCCCCCCCC[N+](CCCCCCCCCCCC)(CCCCCCCCCCCC)CCOP(=O)(O)OCCCCCCCCCC,SL_2021,SL_2021,2
-3.330296,1.581538259,CCCCCCCCCCOP(=O)(O)OCCNCCCN1CCN(CCCNCCOP(=O)(O)OCCCCCCCCCC)CC1,SL_2021,SL_2021,2
-1.5923113,1.581538259,CCCCCCCCCCOP(=O)(O)OCCNCCN(CCOP(=O)(O)OCCCCCCCCCC)CCN(CCNCCOP(=O)(O)OCCCCCCCCCC)CCOP(=O)(O)OCCCCCCCCCC,SL_2021,SL_2021,2
-2.0038881,1.581538259,CCCCCCCCCCOP(=O)(O)OCCNCCCNCCCCN(CCCNCCOP(=O)(O)OCCCCCCCCCC)CCOP(=O)(O)OCCCCCCCCCC,SL_2021,SL_2021,2
-2.2673998,1.581538259,CCCCCCCCCCOP(=O)(O)OCCNCCN(CCN)CCNCCOP(=O)(O)OCCCCCCCCCC,SL_2021,SL_2021,2
-1.9458916,1.581538259,CCCCCCCCCCOP(=O)(O)OCCNCCN(CCNCCOP(=O)(O)OCCCCCCCCCC)CCNCCOP(=O)(O)OCCCCCCCCCC,SL_2021,SL_2021,2
-1.6597389,1.581538259,CCCCCCCCCCOP(=O)(O)OCCNCCN(CCNCCOP(=O)(O)OCCCCCCCCCC)CCN(CCOP(=O)(O)OCCCCCCCCCC)CCOP(=O)(O)OCCCCCCCCCC,SL_2021,SL_2021,2
-2.6903322,1.581538259,CCCCCCCCCCOP(=O)(O)OCCNCCNCCNCCNCCNCCOP(=O)(O)OCCCCCCCCCC,SL_2021,SL_2021,2
-5.123269,1.581538259,CCCCCCCCCCCOP(=O)(O)OCCN(CCCC)CCCC,SL_2021,SL_2021,2
-4.6596594,1.581538259,CCCCCCCCCCCOP(=O)(O)OCCN(CCCCCC)CCCCCC,SL_2021,SL_2021,2
-2.9273577,1.581538259,CCCCCCCCCCCOP(=O)(O)OCCN(CCCCCCCCCCC)CCCCCCCCCCC,SL_2021,SL_2021,2
-2.62656,1.581538259,CCCCCCCCCCCCCN(CCCCCCCCCCCCC)CCOP(=O)(O)OCCCCCCCCCCC,SL_2021,SL_2021,2
-4.22605,1.581538259,CCCCCCCCCCCOP(=O)(O)OCC[N+](CCCC)(CCCC)CCCC,SL_2021,SL_2021,2
-3.4710736,1.581538259,CCCCCCCCCCCOP(=O)(O)OCC[N+](CCCCCCCC)(CCCCCCCC)CCCCCCCC,SL_2021,SL_2021,2
-2.6546645,1.581538259,CCCCCCCCCCCC[N+](CCCCCCCCCCCC)(CCCCCCCCCCCC)CCOP(=O)(O)OCCCCCCCCCCC,SL_2021,SL_2021,2
-4.4443746,1.581538259,CCCCCCCCCCCCOP(=O)(O)OCCN(CCCCCC)CCCCCC,SL_2021,SL_2021,2
-3.5224984,1.581538259,CCCCCCCCCCCCOP(=O)(O)OCCN(CCCCCCCC)CCCCCCCC,SL_2021,SL_2021,2
-3.0146384,1.581538259,CCCCCCCCCCCCOP(=O)(O)OCCN(CCCCCCCCCC)CCCCCCCCCC,SL_2021,SL_2021,2
-3.1992986,1.581538259,CCCCCCCCCCCCOP(=O)(O)OCCN(CCCCCCCCCCC)CCCCCCCCCCC,SL_2021,SL_2021,2
-2.6385424,1.581538259,CCCCCCCCCCCCOP(=O)(O)OCCN(CCCCCCCCCCCC)CCCCCCCCCCCC,SL_2021,SL_2021,2
-4.18977,1.581538259,CCCCCCCCCCCCOP(=O)(O)OCC[N+](CCCC)(CCCC)CCCC,SL_2021,SL_2021,2
-3.4424384,1.581538259,CCCCCCCCCCCCOP(=O)(O)OCC[N+](CCCCCC)(CCCCCC)CCCCCC,SL_2021,SL_2021,2
-2.5310426,1.581538259,CCCCCCCCCCCCCOP(=O)(O)OCCN(CCCCCCCCCCCC)CCCCCCCCCCCC,SL_2021,SL_2021,2
-4.189907,1.581538259,CCCCCCCCCCCCCOP(=O)(O)OCC[N+](CCCC)(CCCC)CCCC,SL_2021,SL_2021,2
-3.5522878,1.581538259,CCCCCCCCCCCCCOP(=O)(O)OCC[N+](CCCCCC)(CCCCCC)CCCCCC,SL_2021,SL_2021,2
-3.1251824,1.581538259,CCCCCCCCCCCCCOP(=O)(O)OCC[N+](CCCCCCCC)(CCCCCCCC)CCCCCCCC,SL_2021,SL_2021,2
-2.7498503,1.581538259,CCCCCCCCCCCCCOP(=O)(O)OCC[N+](CCCCCCCCCCCC)(CCCCCCCCCCCC)CCCCCCCCCCCC,SL_2021,SL_2021,2
-4.361797,1.581538259,CCCCCCCCCCCCCCOP(=O)(O)OCCN(CCCCCC)CCCCCC,SL_2021,SL_2021,2
-2.54623,1.581538259,CCCCCCCCCCCCCCOP(=O)(O)OCCN(CCCCCCCCCCC)CCCCCCCCCCC,SL_2021,SL_2021,2
-2.6353717,1.581538259,CCCCCCCCCCCCCCOP(=O)(O)OCCN(CCCCCCCCCCCC)CCCCCCCCCCCC,SL_2021,SL_2021,2
-3.5086212,1.581538259,CCCCCCCCCCCCCCOP(=O)(O)OCC[N+](CCCCCC)(CCCCCC)CCCCCC,SL_2021,SL_2021,2
-2.6433218,1.581538259,CCCCCCCCCCCCCCOP(=O)(O)OCC[N+](CCCCCCCC)(CCCCCCCC)CCCCCCCC,SL_2021,SL_2021,2
-2.8685203,1.581538259,CCCCCCCCCCCCCCOP(=O)(O)OCC[N+](CCCCCCCCCCCC)(CCCCCCCCCCCC)CCCCCCCCCCCC,SL_2021,SL_2021,2
-2.4556017,1.581538259,CCCCCCCCCCCCCCCOP(=O)(O)OCCN(CCCCCCCCCCC)CCCCCCCCCCC,SL_2021,SL_2021,2
-3.7587798,1.581538259,CCCCCCCCCCCCCCCCOP(=O)(O)OCCN(CCCCCC)CCCCCC,SL_2021,SL_2021,2
-2.6270492,1.581538259,CCCCCCCCCCCCCCCCOP(=O)(O)OCCN(CCCCCCCCCC)CCCCCCCCCC,SL_2021,SL_2021,2
-2.4504757,1.581538259,CCCCCCCCCCCCCCCCOP(=O)(O)OCCN(CCCCCCCCCCC)CCCCCCCCCCC,SL_2021,SL_2021,2
-2.7182753,1.581538259,CCCCCCCCCCCCCCCCOP(=O)(O)OCCN(CCCCCCCCCCCC)CCCCCCCCCCCC,SL_2021,SL_2021,2
-3.6891158,0.210871768,CCCCNCCOP(=O)(O)OCCCC,SL_2021,SL_2021,1
-3.9977865,0.210871768,CCCCCCNCCOP(=O)(O)OCCCC,SL_2021,SL_2021,1
-3.7944088,0.210871768,CCCCCCCCNCCOP(=O)(O)OCCCC,SL_2021,SL_2021,1
-3.6884942,0.210871768,CCCCCCCCCCCCNCCOP(=O)(O)OCCCC,SL_2021,SL_2021,1
-5.114475,0.210871768,CCCCOP(=O)(O)OCCN(CCCC)CCCC,SL_2021,SL_2021,1
-5.005939,0.210871768,CCCCCCN(CCCCCC)CCOP(=O)(O)OCCCC,SL_2021,SL_2021,1
-4.6298957,0.210871768,CCCCCCCCN(CCCCCCCC)CCOP(=O)(O)OCCCC,SL_2021,SL_2021,1
-3.701968,0.210871768,CCCCCCCCCCCCCN(CCCCCCCCCCCCC)CCOP(=O)(O)OCCCC,SL_2021,SL_2021,1
-4.27782,0.210871768,CCCCOP(=O)(O)OCC[N+](CCCC)(CCCC)CCCC,SL_2021,SL_2021,1
-3.8765652,0.210871768,CCCCCCCC[N+](CCCCCCCC)(CCCCCCCC)CCOP(=O)(O)OCCCC,SL_2021,SL_2021,1
-3.0324671,0.210871768,CCCCCCCCCC[N+](CCCCCCCCCC)(CCCCCCCCCC)CCOP(=O)(O)OCCCC,SL_2021,SL_2021,1
-3.5032442,0.210871768,CCCCOP(=O)(O)OCCNCCOCCOCCNCCOP(=O)(O)OCCCC,SL_2021,SL_2021,1
-3.9009407,0.210871768,CCCCOP(=O)(O)OCCNCCN1CCN(CCOP(=O)(O)OCCCC)CC1,SL_2021,SL_2021,1
-3.4349823,0.210871768,CCCCOP(=O)(O)OCCN(CCOP(=O)(O)OCCCC)CCN1CCN(CCOP(=O)(O)OCCCC)CC1,SL_2021,SL_2021,1
-2.8322213,0.210871768,CCCCOP(=O)(O)OCCNCCCN(CCCN(C)C)CCOP(=O)(O)OCCCC,SL_2021,SL_2021,1
-2.456912,0.210871768,CCCCOP(=O)(O)OCCN(CCCN(C)C)CCCN(CCOP(=O)(O)OCCCC)CCOP(=O)(O)OCCCC,SL_2021,SL_2021,1
-3.1496325,0.210871768,CCCCOP(=O)(O)OCCNCCCN(C)CCCNCCOP(=O)(O)OCCCC,SL_2021,SL_2021,1
-2.2765605,0.210871768,CCCCOP(=O)(O)OCCNCCCN(C)CCCN(CCOP(=O)(O)OCCCC)CCOP(=O)(O)OCCCC,SL_2021,SL_2021,1
-4.136169,0.210871768,CCCCOP(=O)(O)OCCNCCCN1CCN(CCCNCCOP(=O)(O)OCCCC)CC1,SL_2021,SL_2021,1
-2.4275165,0.210871768,CCCCOP(=O)(O)OCCNCCCN1CCN(CCCN(CCOP(=O)(O)OCCCC)CCOP(=O)(O)OCCCC)CC1,SL_2021,SL_2021,1
-1.3904375,0.210871768,CCCCOP(=O)(O)OCCN(CCCN1CCN(CCCN(CCOP(=O)(O)OCCCC)CCOP(=O)(O)OCCCC)CC1)CCOP(=O)(O)OCCCC,SL_2021,SL_2021,1
-3.3348181,0.210871768,CCCCOP(=O)(O)OCCNCCNCCNCCNCCOP(=O)(O)OCCCC,SL_2021,SL_2021,1
-2.3994222,0.210871768,CCCCOP(=O)(O)OCCNCCNCCN(CCNCCOP(=O)(O)OCCCC)CCOP(=O)(O)OCCCC,SL_2021,SL_2021,1
-2.4330194,0.210871768,CCCCOP(=O)(O)OCCNCCN(CCOP(=O)(O)OCCCC)CCN(CCNCCOP(=O)(O)OCCCC)CCOP(=O)(O)OCCCC,SL_2021,SL_2021,1
-3.2164369,0.210871768,CCCCOP(=O)(O)OCCNCCCNCCCCNCCCNCCOP(=O)(O)OCCCC,SL_2021,SL_2021,1
-2.0919518,0.210871768,CCCCOP(=O)(O)OCCNCCCNCCCCN(CCCNCCOP(=O)(O)OCCCC)CCOP(=O)(O)OCCCC,SL_2021,SL_2021,1
-1.91064,0.210871768,CCCCOP(=O)(O)OCCNCCCN(CCCCN(CCCNCCOP(=O)(O)OCCCC)CCOP(=O)(O)OCCCC)CCOP(=O)(O)OCCCC,SL_2021,SL_2021,1
-1.7349844,0.210871768,CCCCOP(=O)(O)OCCN(C)CCN(CCNC)CCN(C)CCOP(=O)(O)OCCCC,SL_2021,SL_2021,1
-2.1740136,0.210871768,CCCCOP(=O)(O)OCCN(C)CCN(CCN(C)CCOP(=O)(O)OCCCC)CCN(C)CCOP(=O)(O)OCCCC,SL_2021,SL_2021,1
-1.8242826,0.210871768,CCCCOP(=O)(O)OCCN(C)CC[N+](CCOP(=O)(O)OCCCC)(CCN(C)CCOP(=O)(O)OCCCC)CCN(C)CCOP(=O)(O)OCCCC,SL_2021,SL_2021,1
-2.6099365,0.210871768,CCCCOP(=O)(O)OCCNCCN(CCN)CCNCCOP(=O)(O)OCCCC,SL_2021,SL_2021,1
-2.3465436,0.210871768,CCCCOP(=O)(O)OCCNCCN(CCNCCOP(=O)(O)OCCCC)CCNCCOP(=O)(O)OCCCC,SL_2021,SL_2021,1
-2.5759327,0.210871768,CCCCOP(=O)(O)OCCNCCN(CCNCCOP(=O)(O)OCCCC)CCN(CCOP(=O)(O)OCCCC)CCOP(=O)(O)OCCCC,SL_2021,SL_2021,1
-3.107124,0.210871768,CCCCOP(=O)(O)OCCNCCNCCNCCNCCNCCOP(=O)(O)OCCCC,SL_2021,SL_2021,1
-2.0287673,0.210871768,CCCCOP(=O)(O)OCCNCCNCCN(CCNCCNCCOP(=O)(O)OCCCC)CCOP(=O)(O)OCCCC,SL_2021,SL_2021,1
-3.4026773,0.210871768,CCCCCOP(=O)(O)OCCNCCCC,SL_2021,SL_2021,1
-3.975666,0.210871768,CCCCCCNCCOP(=O)(O)OCCCCC,SL_2021,SL_2021,1
-3.7356596,0.210871768,CCCCCCCCNCCOP(=O)(O)OCCCCC,SL_2021,SL_2021,1
-3.7662516,0.210871768,CCCCCCCCCCNCCOP(=O)(O)OCCCCC,SL_2021,SL_2021,1
-3.6188772,0.210871768,CCCCCCCCCCCCNCCOP(=O)(O)OCCCCC,SL_2021,SL_2021,1
-3.805933,0.210871768,CCCCCCCCCCCCCCNCCOP(=O)(O)OCCCCC,SL_2021,SL_2021,1
-5.4971642,0.210871768,CCCCCOP(=O)(O)OCCN(CCCC)CCCC,SL_2021,SL_2021,1
-4.9544106,0.210871768,CCCCCCN(CCCCCC)CCOP(=O)(O)OCCCCC,SL_2021,SL_2021,1
-4.496941,0.210871768,CCCCCCCCN(CCCCCCCC)CCOP(=O)(O)OCCCCC,SL_2021,SL_2021,1
-3.7276595,0.210871768,CCCCCCCCCCCCCN(CCCCCCCCCCCCC)CCOP(=O)(O)OCCCCC,SL_2021,SL_2021,1
-2.3498912,0.210871768,CCCCCOP(=O)(O)OCCNCCCN(C)CCCN(CCOP(=O)(O)OCCCCC)CCOP(=O)(O)OCCCCC,SL_2021,SL_2021,1
-3.0177815,0.210871768,CCCCCOP(=O)(O)OCCNCCNCCNCCNCCOP(=O)(O)OCCCCC,SL_2021,SL_2021,1
-3.1530757,0.210871768,CCCCCOP(=O)(O)OCCNCCCNCCCCNCCCNCCOP(=O)(O)OCCCCC,SL_2021,SL_2021,1
-1.8858145,0.210871768,CCCCCOP(=O)(O)OCCNCCCN(CCCCN(CCCNCCOP(=O)(O)OCCCCC)CCOP(=O)(O)OCCCCC)CCOP(=O)(O)OCCCCC,SL_2021,SL_2021,1
-1.787349,0.210871768,CCCCCOP(=O)(O)OCCN(C)CC[N+](CCOP(=O)(O)OCCCCC)(CCN(C)CCOP(=O)(O)OCCCCC)CCN(C)CCOP(=O)(O)OCCCCC,SL_2021,SL_2021,1
-2.0492742,0.210871768,CCCCCOP(=O)(O)OCCNCCN(CCNCCOP(=O)(O)OCCCCC)CCN(CCOP(=O)(O)OCCCCC)CCOP(=O)(O)OCCCCC,SL_2021,SL_2021,1
-1.2620225,0.210871768,CCCCCOP(=O)(O)OCCNCCN(CCOP(=O)(O)OCCCCC)CCN(CCOP(=O)(O)OCCCCC)CCN(CCNCCOP(=O)(O)OCCCCC)CCOP(=O)(O)OCCCCC,SL_2021,SL_2021,1
-3.1237218,0.210871768,CCCCCCOP(=O)(O)OCCNCCCC,SL_2021,SL_2021,1
-3.9131646,0.210871768,CCCCCCNCCOP(=O)(O)OCCCCCC,SL_2021,SL_2021,1
-3.664308,0.210871768,CCCCCCCCNCCOP(=O)(O)OCCCCCC,SL_2021,SL_2021,1
-3.7007003,0.210871768,CCCCCCCCCCNCCOP(=O)(O)OCCCCCC,SL_2021,SL_2021,1
-3.708502,0.210871768,CCCCCCCCCCCCNCCOP(=O)(O)OCCCCCC,SL_2021,SL_2021,1
-5.169418,0.210871768,CCCCCCOP(=O)(O)OCCN(CCCC)CCCC,SL_2021,SL_2021,1
-5.161199,0.210871768,CCCCCCOP(=O)(O)OCCN(CCCCCC)CCCCCC,SL_2021,SL_2021,1
-4.441012,0.210871768,CCCCCCCCN(CCCCCCCC)CCOP(=O)(O)OCCCCCC,SL_2021,SL_2021,1
-3.9104602,0.210871768,CCCCCCCC[N+](CCCCCCCC)(CCCCCCCC)CCOP(=O)(O)OCCCCCC,SL_2021,SL_2021,1
-3.6411734,0.210871768,CCCCCCOP(=O)(O)OCCNCCOCCOCCNCCOP(=O)(O)OCCCCCC,SL_2021,SL_2021,1
-4.211424,0.210871768,CCCCCCOP(=O)(O)OCCNCCN1CCN(CCOP(=O)(O)OCCCCCC)CC1,SL_2021,SL_2021,1
-2.822104,0.210871768,CCCCCCOP(=O)(O)OCCNCCCN(CCCN(C)C)CCOP(=O)(O)OCCCCCC,SL_2021,SL_2021,1
-2.0068164,0.210871768,CCCCCCOP(=O)(O)OCCN(CCCN(C)C)CCCN(CCOP(=O)(O)OCCCCCC)CCOP(=O)(O)OCCCCCC,SL_2021,SL_2021,1
-2.8269632,0.210871768,CCCCCCOP(=O)(O)OCCNCCCN(C)CCCNCCOP(=O)(O)OCCCCCC,SL_2021,SL_2021,1
-2.3990414,0.210871768,CCCCCCOP(=O)(O)OCCNCCCN(C)CCCN(CCOP(=O)(O)OCCCCCC)CCOP(=O)(O)OCCCCCC,SL_2021,SL_2021,1
-3.7379777,0.210871768,CCCCCCOP(=O)(O)OCCNCCCN1CCN(CCCNCCOP(=O)(O)OCCCCCC)CC1,SL_2021,SL_2021,1
-2.9866948,0.210871768,CCCCCCOP(=O)(O)OCCNCCNCCNCCNCCOP(=O)(O)OCCCCCC,SL_2021,SL_2021,1
-2.858099,0.210871768,CCCCCCOP(=O)(O)OCCNCCCNCCCCNCCCNCCOP(=O)(O)OCCCCCC,SL_2021,SL_2021,1
-2.3098907,0.210871768,CCCCCCOP(=O)(O)OCCNCCCNCCCCN(CCCNCCOP(=O)(O)OCCCCCC)CCOP(=O)(O)OCCCCCC,SL_2021,SL_2021,1
-1.5718901,0.210871768,CCCCCCOP(=O)(O)OCCNCCCN(CCCCN(CCCNCCOP(=O)(O)OCCCCCC)CCOP(=O)(O)OCCCCCC)CCOP(=O)(O)OCCCCCC,SL_2021,SL_2021,1
-1.5492272,0.210871768,CCCCCCOP(=O)(O)OCCN(C)CCN(CCNC)CCN(C)CCOP(=O)(O)OCCCCCC,SL_2021,SL_2021,1
-1.857198,0.210871768,CCCCCCOP(=O)(O)OCCN(C)CCN(CCN(C)CCOP(=O)(O)OCCCCCC)CCN(C)CCOP(=O)(O)OCCCCCC,SL_2021,SL_2021,1
-3.14559,0.210871768,CCCCCCOP(=O)(O)OCCNCCN(CCN)CCNCCOP(=O)(O)OCCCCCC,SL_2021,SL_2021,1
-3.0072842,0.210871768,CCCCCCOP(=O)(O)OCCNCCNCCNCCNCCNCCOP(=O)(O)OCCCCCC,SL_2021,SL_2021,1
-1.8342544,0.210871768,CCCCCCOP(=O)(O)OCCNCCNCCN(CCOP(=O)(O)OCCCCCC)CCN(CCNCCOP(=O)(O)OCCCCCC)CCOP(=O)(O)OCCCCCC,SL_2021,SL_2021,1
-3.7489986,0.210871768,CCCCCCCOP(=O)(O)OCCNCCCC,SL_2021,SL_2021,1
-3.389616,0.210871768,CCCCCCCOP(=O)(O)OCCNCCCCCC,SL_2021,SL_2021,1
-3.7348404,0.210871768,CCCCCCCCNCCOP(=O)(O)OCCCCCCC,SL_2021,SL_2021,1
-3.5675724,0.210871768,CCCCCCCCCCNCCOP(=O)(O)OCCCCCCC,SL_2021,SL_2021,1
-4.0777082,0.210871768,CCCCCCCCCCCCCCNCCOP(=O)(O)OCCCCCCC,SL_2021,SL_2021,1
-5.528887,0.210871768,CCCCCCCOP(=O)(O)OCCN(CCCC)CCCC,SL_2021,SL_2021,1
-4.8577256,0.210871768,CCCCCCCOP(=O)(O)OCCN(CCCCCC)CCCCCC,SL_2021,SL_2021,1
-3.2993712,0.210871768,CCCCCCCCCCCCCN(CCCCCCCCCCCCC)CCOP(=O)(O)OCCCCCCC,SL_2021,SL_2021,1
-3.510666,0.210871768,CCCCCCCC[N+](CCCCCCCC)(CCCCCCCC)CCOP(=O)(O)OCCCCCCC,SL_2021,SL_2021,1
-2.6862955,0.210871768,CCCCCCCCCC[N+](CCCCCCCCCC)(CCCCCCCCCC)CCOP(=O)(O)OCCCCCCC,SL_2021,SL_2021,1
-4.2128873,0.210871768,CCCCCCCOP(=O)(O)OCCNCCN1CCN(CCOP(=O)(O)OCCCCCCC)CC1,SL_2021,SL_2021,1
-2.7647634,0.210871768,CCCCCCCOP(=O)(O)OCCNCCCN(CCCN(C)C)CCOP(=O)(O)OCCCCCCC,SL_2021,SL_2021,1
-1.790052,0.210871768,CCCCCCCOP(=O)(O)OCCN(CCCN(C)C)CCCN(CCOP(=O)(O)OCCCCCCC)CCOP(=O)(O)OCCCCCCC,SL_2021,SL_2021,1
-1.9472857,0.210871768,CCCCCCCOP(=O)(O)OCCNCCCN(C)CCCN(CCOP(=O)(O)OCCCCCCC)CCOP(=O)(O)OCCCCCCC,SL_2021,SL_2021,1
-2.2556334,0.210871768,CCCCCCCOP(=O)(O)OCCNCCCN1CCN(CCCN(CCOP(=O)(O)OCCCCCCC)CCOP(=O)(O)OCCCCCCC)CC1,SL_2021,SL_2021,1
-1.4435263,0.210871768,CCCCCCCOP(=O)(O)OCCN(CCCN1CCN(CCCN(CCOP(=O)(O)OCCCCCCC)CCOP(=O)(O)OCCCCCCC)CC1)CCOP(=O)(O)OCCCCCCC,SL_2021,SL_2021,1
-2.8760922,0.210871768,CCCCCCCOP(=O)(O)OCCNCCNCCNCCNCCOP(=O)(O)OCCCCCCC,SL_2021,SL_2021,1
-2.6836774,0.210871768,CCCCCCCOP(=O)(O)OCCNCCNCCN(CCNCCOP(=O)(O)OCCCCCCC)CCOP(=O)(O)OCCCCCCC,SL_2021,SL_2021,1
-1.200103,0.210871768,CCCCCCCOP(=O)(O)OCCNCCN(CCOP(=O)(O)OCCCCCCC)CCN(CCNCCOP(=O)(O)OCCCCCCC)CCOP(=O)(O)OCCCCCCC,SL_2021,SL_2021,1
-2.6980388,0.210871768,CCCCCCCOP(=O)(O)OCCNCCCNCCCCNCCCNCCOP(=O)(O)OCCCCCCC,SL_2021,SL_2021,1
-2.8273072,0.210871768,CCCCCCCOP(=O)(O)OCCNCCCNCCCCN(CCCNCCOP(=O)(O)OCCCCCCC)CCOP(=O)(O)OCCCCCCC,SL_2021,SL_2021,1
-1.302469,0.210871768,CCCCCCCOP(=O)(O)OCCNCCCN(CCCCN(CCCNCCOP(=O)(O)OCCCCCCC)CCOP(=O)(O)OCCCCCCC)CCOP(=O)(O)OCCCCCCC,SL_2021,SL_2021,1
-1.3281534,0.210871768,CCCCCCCOP(=O)(O)OCCN(C)CCN(CCNC)CCN(C)CCOP(=O)(O)OCCCCCCC,SL_2021,SL_2021,1
-1.1019533,0.210871768,CCCCCCCOP(=O)(O)OCCN(C)CC[N+](CCOP(=O)(O)OCCCCCCC)(CCN(C)CCOP(=O)(O)OCCCCCCC)CCN(C)CCOP(=O)(O)OCCCCCCC,SL_2021,SL_2021,1
-2.5299885,0.210871768,CCCCCCCOP(=O)(O)OCCNCCN(CCN)CCNCCOP(=O)(O)OCCCCCCC,SL_2021,SL_2021,1
-2.6359665,0.210871768,CCCCCCCOP(=O)(O)OCCNCCN(CCNCCOP(=O)(O)OCCCCCCC)CCNCCOP(=O)(O)OCCCCCCC,SL_2021,SL_2021,1
-1.3122394,0.210871768,CCCCCCCOP(=O)(O)OCCNCCN(CCNCCOP(=O)(O)OCCCCCCC)CCN(CCOP(=O)(O)OCCCCCCC)CCOP(=O)(O)OCCCCCCC,SL_2021,SL_2021,1
-2.7053597,0.210871768,CCCCCCCOP(=O)(O)OCCNCCNCCNCCNCCNCCOP(=O)(O)OCCCCCCC,SL_2021,SL_2021,1
-2.5925593,0.210871768,CCCCCCCOP(=O)(O)OCCNCCNCCN(CCNCCNCCOP(=O)(O)OCCCCCCC)CCOP(=O)(O)OCCCCCCC,SL_2021,SL_2021,1
-1.9397806,0.210871768,CCCCCCCOP(=O)(O)OCCNCCNCCN(CCOP(=O)(O)OCCCCCCC)CCN(CCNCCOP(=O)(O)OCCCCCCC)CCOP(=O)(O)OCCCCCCC,SL_2021,SL_2021,1
-1.4630784,0.210871768,CCCCCCCOP(=O)(O)OCCNCCN(CCOP(=O)(O)OCCCCCCC)CCN(CCOP(=O)(O)OCCCCCCC)CCN(CCNCCOP(=O)(O)OCCCCCCC)CCOP(=O)(O)OCCCCCCC,SL_2021,SL_2021,1
-3.734828,0.210871768,CCCCCCCCOP(=O)(O)OCCNCCCC,SL_2021,SL_2021,1
-3.3520956,0.210871768,CCCCCCCCOP(=O)(O)OCCNCCCCCC,SL_2021,SL_2021,1
-3.9866738,0.210871768,CCCCCCCCNCCOP(=O)(O)OCCCCCCCC,SL_2021,SL_2021,1
-3.6941874,0.210871768,CCCCCCCCCCNCCOP(=O)(O)OCCCCCCCC,SL_2021,SL_2021,1
-4.05319,0.210871768,CCCCCCCCCCCCNCCOP(=O)(O)OCCCCCCCC,SL_2021,SL_2021,1
-5.3039374,0.210871768,CCCCCCCCOP(=O)(O)OCCN(CCCC)CCCC,SL_2021,SL_2021,1
-4.927826,0.210871768,CCCCCCCCOP(=O)(O)OCCN(CCCCCC)CCCCCC,SL_2021,SL_2021,1
-4.994322,0.210871768,CCCCCCCCOP(=O)(O)OCCN(CCCCCCCC)CCCCCCCC,SL_2021,SL_2021,1
-3.930789,0.210871768,CCCCCCCCCCN(CCCCCCCCCC)CCOP(=O)(O)OCCCCCCCC,SL_2021,SL_2021,1
-3.4360206,0.210871768,CCCCCCCCCCCN(CCCCCCCCCCC)CCOP(=O)(O)OCCCCCCCC,SL_2021,SL_2021,1
-3.2172017,0.210871768,CCCCCCCCCCCCCN(CCCCCCCCCCCCC)CCOP(=O)(O)OCCCCCCCC,SL_2021,SL_2021,1
-4.031922,0.210871768,CCCCCCCCOP(=O)(O)OCC[N+](CCCCCC)(CCCCCC)CCCCCC,SL_2021,SL_2021,1
-3.430074,0.210871768,CCCCCCCCOP(=O)(O)OCC[N+](CCCCCCCC)(CCCCCCCC)CCCCCCCC,SL_2021,SL_2021,1
-2.7018576,0.210871768,CCCCCCCCCC[N+](CCCCCCCCCC)(CCCCCCCCCC)CCOP(=O)(O)OCCCCCCCC,SL_2021,SL_2021,1
-2.754307,0.210871768,CCCCCCCCCCCC[N+](CCCCCCCCCCCC)(CCCCCCCCCCCC)CCOP(=O)(O)OCCCCCCCC,SL_2021,SL_2021,1
-3.408541,0.210871768,CCCCCCCCOP(=O)(O)OCCNCCOCCOCCNCCOP(=O)(O)OCCCCCCCC,SL_2021,SL_2021,1
-2.814469,0.210871768,CCCCCCCCOP(=O)(O)OCCNCCCN(C)CCCNCCOP(=O)(O)OCCCCCCCC,SL_2021,SL_2021,1
-1.9455482,0.210871768,CCCCCCCCOP(=O)(O)OCCNCCCN(C)CCCN(CCOP(=O)(O)OCCCCCCCC)CCOP(=O)(O)OCCCCCCCC,SL_2021,SL_2021,1
-3.623952,0.210871768,CCCCCCCCOP(=O)(O)OCCNCCCN1CCN(CCCNCCOP(=O)(O)OCCCCCCCC)CC1,SL_2021,SL_2021,1
-2.6732655,0.210871768,CCCCCCCCOP(=O)(O)OCCNCCCN1CCN(CCCN(CCOP(=O)(O)OCCCCCCCC)CCOP(=O)(O)OCCCCCCCC)CC1,SL_2021,SL_2021,1
-1.023593,0.210871768,CCCCCCCCOP(=O)(O)OCCN(CCCN1CCN(CCCN(CCOP(=O)(O)OCCCCCCCC)CCOP(=O)(O)OCCCCCCCC)CC1)CCOP(=O)(O)OCCCCCCCC,SL_2021,SL_2021,1
-2.8580172,0.210871768,CCCCCCCCOP(=O)(O)OCCNCCNCCNCCNCCOP(=O)(O)OCCCCCCCC,SL_2021,SL_2021,1
-2.4190905,0.210871768,CCCCCCCCOP(=O)(O)OCCNCCNCCN(CCNCCOP(=O)(O)OCCCCCCCC)CCOP(=O)(O)OCCCCCCCC,SL_2021,SL_2021,1
-2.466673,0.210871768,CCCCCCCCOP(=O)(O)OCCNCCCNCCCCNCCCNCCOP(=O)(O)OCCCCCCCC,SL_2021,SL_2021,1
-2.1430345,0.210871768,CCCCCCCCOP(=O)(O)OCCNCCCNCCCCN(CCCNCCOP(=O)(O)OCCCCCCCC)CCOP(=O)(O)OCCCCCCCC,SL_2021,SL_2021,1
-1.5688035,0.210871768,CCCCCCCCOP(=O)(O)OCCNCCCN(CCCCN(CCCNCCOP(=O)(O)OCCCCCCCC)CCOP(=O)(O)OCCCCCCCC)CCOP(=O)(O)OCCCCCCCC,SL_2021,SL_2021,1
-1.3910364,0.210871768,CCCCCCCCOP(=O)(O)OCCNCCN(CCNCCOP(=O)(O)OCCCCCCCC)CCN(CCOP(=O)(O)OCCCCCCCC)CCOP(=O)(O)OCCCCCCCC,SL_2021,SL_2021,1
-2.654475,0.210871768,CCCCCCCCOP(=O)(O)OCCNCCNCCNCCNCCNCCOP(=O)(O)OCCCCCCCC,SL_2021,SL_2021,1
-2.6635668,0.210871768,CCCCCCCCOP(=O)(O)OCCNCCNCCN(CCNCCNCCOP(=O)(O)OCCCCCCCC)CCOP(=O)(O)OCCCCCCCC,SL_2021,SL_2021,1
-1.191749,0.210871768,CCCCCCCCOP(=O)(O)OCCNCCNCCN(CCOP(=O)(O)OCCCCCCCC)CCN(CCNCCOP(=O)(O)OCCCCCCCC)CCOP(=O)(O)OCCCCCCCC,SL_2021,SL_2021,1
-3.785595,0.210871768,CCCCCCCCCOP(=O)(O)OCCNCCCC,SL_2021,SL_2021,1
-3.3756142,0.210871768,CCCCCCCCCOP(=O)(O)OCCNCCCCCC,SL_2021,SL_2021,1
-3.385527,0.210871768,CCCCCCCCCOP(=O)(O)OCCNCCCCCCCC,SL_2021,SL_2021,1
-3.8516464,0.210871768,CCCCCCCCCCNCCOP(=O)(O)OCCCCCCCCC,SL_2021,SL_2021,1
-4.25936,0.210871768,CCCCCCCCCCCCNCCOP(=O)(O)OCCCCCCCCC,SL_2021,SL_2021,1
-4.2155538,0.210871768,CCCCCCCCCCCCCCNCCOP(=O)(O)OCCCCCCCCC,SL_2021,SL_2021,1
-5.122762,0.210871768,CCCCCCCCCOP(=O)(O)OCCN(CCCC)CCCC,SL_2021,SL_2021,1
-5.0243406,0.210871768,CCCCCCCCCOP(=O)(O)OCCN(CCCCCC)CCCCCC,SL_2021,SL_2021,1
-3.1121593,0.210871768,CCCCCCCCCCCCCN(CCCCCCCCCCCCC)CCOP(=O)(O)OCCCCCCCCC,SL_2021,SL_2021,1
-4.206357,0.210871768,CCCCCCCCCOP(=O)(O)OCC[N+](CCCC)(CCCC)CCCC,SL_2021,SL_2021,1
-3.7003515,0.210871768,CCCCCCCCCOP(=O)(O)OCC[N+](CCCCCC)(CCCCCC)CCCCCC,SL_2021,SL_2021,1
-2.7461593,0.210871768,CCCCCCCCCC[N+](CCCCCCCCCC)(CCCCCCCCCC)CCOP(=O)(O)OCCCCCCCCC,SL_2021,SL_2021,1
-3.4266942,0.210871768,CCCCCCCCCOP(=O)(O)OCCNCCN1CCN(CCOP(=O)(O)OCCCCCCCCC)CC1,SL_2021,SL_2021,1
-2.8845427,0.210871768,CCCCCCCCCOP(=O)(O)OCCN(CCOP(=O)(O)OCCCCCCCCC)CCN1CCN(CCOP(=O)(O)OCCCCCCCCC)CC1,SL_2021,SL_2021,1
-2.442237,0.210871768,CCCCCCCCCOP(=O)(O)OCCNCCCN(CCCN(C)C)CCOP(=O)(O)OCCCCCCCCC,SL_2021,SL_2021,1
-1.9349076,0.210871768,CCCCCCCCCOP(=O)(O)OCCN(CCCN(C)C)CCCN(CCOP(=O)(O)OCCCCCCCCC)CCOP(=O)(O)OCCCCCCCCC,SL_2021,SL_2021,1
-2.5706463,0.210871768,CCCCCCCCCOP(=O)(O)OCCNCCCN(C)CCCNCCOP(=O)(O)OCCCCCCCCC,SL_2021,SL_2021,1
-1.996771,0.210871768,CCCCCCCCCOP(=O)(O)OCCNCCCN(C)CCCN(CCOP(=O)(O)OCCCCCCCCC)CCOP(=O)(O)OCCCCCCCCC,SL_2021,SL_2021,1
-2.9741006,0.210871768,CCCCCCCCCOP(=O)(O)OCCNCCNCCNCCNCCOP(=O)(O)OCCCCCCCCC,SL_2021,SL_2021,1
-2.223911,0.210871768,CCCCCCCCCOP(=O)(O)OCCNCCNCCN(CCNCCOP(=O)(O)OCCCCCCCCC)CCOP(=O)(O)OCCCCCCCCC,SL_2021,SL_2021,1
-1.4314821,0.210871768,CCCCCCCCCOP(=O)(O)OCCNCCN(CCOP(=O)(O)OCCCCCCCCC)CCN(CCNCCOP(=O)(O)OCCCCCCCCC)CCOP(=O)(O)OCCCCCCCCC,SL_2021,SL_2021,1
-2.6322465,0.210871768,CCCCCCCCCOP(=O)(O)OCCNCCCNCCCCNCCCNCCOP(=O)(O)OCCCCCCCCC,SL_2021,SL_2021,1
-1.0030137,0.210871768,CCCCCCCCCOP(=O)(O)OCCN(C)CC[N+](CCOP(=O)(O)OCCCCCCCCC)(CCN(C)CCOP(=O)(O)OCCCCCCCCC)CCN(C)CCOP(=O)(O)OCCCCCCCCC,SL_2021,SL_2021,1
-2.6946404,0.210871768,CCCCCCCCCOP(=O)(O)OCCNCCN(CCN)CCNCCOP(=O)(O)OCCCCCCCCC,SL_2021,SL_2021,1
-2.6492941,0.210871768,CCCCCCCCCOP(=O)(O)OCCNCCNCCNCCNCCNCCOP(=O)(O)OCCCCCCCCC,SL_2021,SL_2021,1
-1.1114849,0.210871768,CCCCCCCCCOP(=O)(O)OCCNCCNCCN(CCOP(=O)(O)OCCCCCCCCC)CCN(CCNCCOP(=O)(O)OCCCCCCCCC)CCOP(=O)(O)OCCCCCCCCC,SL_2021,SL_2021,1
-3.7250333,0.210871768,CCCCCCCCCCOP(=O)(O)OCCNCCCC,SL_2021,SL_2021,1
-3.4581013,0.210871768,CCCCCCCCCCOP(=O)(O)OCCNCCCCCC,SL_2021,SL_2021,1
-3.9202378,0.210871768,CCCCCCCCCCOP(=O)(O)OCCNCCCCCCCC,SL_2021,SL_2021,1
-4.1315036,0.210871768,CCCCCCCCCCNCCOP(=O)(O)OCCCCCCCCCC,SL_2021,SL_2021,1
-4.1797924,0.210871768,CCCCCCCCCCCCNCCOP(=O)(O)OCCCCCCCCCC,SL_2021,SL_2021,1
-5.248889,0.210871768,CCCCCCCCCCOP(=O)(O)OCCN(CCCC)CCCC,SL_2021,SL_2021,1
-4.6909485,0.210871768,CCCCCCCCCCOP(=O)(O)OCCN(CCCCCC)CCCCCC,SL_2021,SL_2021,1
-2.9223619,0.210871768,CCCCCCCCCCCCCN(CCCCCCCCCCCCC)CCOP(=O)(O)OCCCCCCCCCC,SL_2021,SL_2021,1
-3.3983102,0.210871768,CCCCCCCCCCOP(=O)(O)OCC[N+](CCCCCC)(CCCCCC)CCCCCC,SL_2021,SL_2021,1
-3.0416844,0.210871768,CCCCCCCCCCOP(=O)(O)OCCNCCOCCOCCNCCOP(=O)(O)OCCCCCCCCCC,SL_2021,SL_2021,1
-3.1699681,0.210871768,CCCCCCCCCCOP(=O)(O)OCCNCCN1CCN(CCOP(=O)(O)OCCCCCCCCCC)CC1,SL_2021,SL_2021,1
-2.7401342,0.210871768,CCCCCCCCCCOP(=O)(O)OCCNCCCN(CCCN(C)C)CCOP(=O)(O)OCCCCCCCCCC,SL_2021,SL_2021,1
-1.7906117,0.210871768,CCCCCCCCCCOP(=O)(O)OCCN(CCCN(C)C)CCCN(CCOP(=O)(O)OCCCCCCCCCC)CCOP(=O)(O)OCCCCCCCCCC,SL_2021,SL_2021,1
-2.52328,0.210871768,CCCCCCCCCCOP(=O)(O)OCCNCCCN(C)CCCNCCOP(=O)(O)OCCCCCCCCCC,SL_2021,SL_2021,1
-1.7801754,0.210871768,CCCCCCCCCCOP(=O)(O)OCCNCCCN(C)CCCN(CCOP(=O)(O)OCCCCCCCCCC)CCOP(=O)(O)OCCCCCCCCCC,SL_2021,SL_2021,1
-1.7201924,0.210871768,CCCCCCCCCCOP(=O)(O)OCCNCCCN1CCN(CCCN(CCOP(=O)(O)OCCCCCCCCCC)CCOP(=O)(O)OCCCCCCCCCC)CC1,SL_2021,SL_2021,1
-0.23260504,0.210871768,CCCCCCCCCCOP(=O)(O)OCCN(CCCN1CCN(CCCN(CCOP(=O)(O)OCCCCCCCCCC)CCOP(=O)(O)OCCCCCCCCCC)CC1)CCOP(=O)(O)OCCCCCCCCCC,SL_2021,SL_2021,1
-2.814958,0.210871768,CCCCCCCCCCOP(=O)(O)OCCNCCNCCNCCNCCOP(=O)(O)OCCCCCCCCCC,SL_2021,SL_2021,1
-2.3200948,0.210871768,CCCCCCCCCCOP(=O)(O)OCCNCCNCCN(CCNCCOP(=O)(O)OCCCCCCCCCC)CCOP(=O)(O)OCCCCCCCCCC,SL_2021,SL_2021,1
-1.9081064,0.210871768,CCCCCCCCCCOP(=O)(O)OCCNCCCN(CCCCN(CCCNCCOP(=O)(O)OCCCCCCCCCC)CCOP(=O)(O)OCCCCCCCCCC)CCOP(=O)(O)OCCCCCCCCCC,SL_2021,SL_2021,1
-1.3891425,0.210871768,CCCCCCCCCCOP(=O)(O)OCCN(C)CCN(CCNC)CCN(C)CCOP(=O)(O)OCCCCCCCCCC,SL_2021,SL_2021,1
-1.2879618,0.210871768,CCCCCCCCCCOP(=O)(O)OCCN(C)CC[N+](CCOP(=O)(O)OCCCCCCCCCC)(CCN(C)CCOP(=O)(O)OCCCCCCCCCC)CCN(C)CCOP(=O)(O)OCCCCCCCCCC,SL_2021,SL_2021,1
-2.2263966,0.210871768,CCCCCCCCCCOP(=O)(O)OCCNCCNCCN(CCNCCNCCOP(=O)(O)OCCCCCCCCCC)CCOP(=O)(O)OCCCCCCCCCC,SL_2021,SL_2021,1
-1.7728231,0.210871768,CCCCCCCCCCOP(=O)(O)OCCNCCNCCN(CCOP(=O)(O)OCCCCCCCCCC)CCN(CCNCCOP(=O)(O)OCCCCCCCCCC)CCOP(=O)(O)OCCCCCCCCCC,SL_2021,SL_2021,1
-3.6605902,0.210871768,CCCCCCCCCCCOP(=O)(O)OCCNCCCC,SL_2021,SL_2021,1
-3.5711524,0.210871768,CCCCCCCCCCCOP(=O)(O)OCCNCCCCCC,SL_2021,SL_2021,1
-3.699538,0.210871768,CCCCCCCCCCCOP(=O)(O)OCCNCCCCCCCC,SL_2021,SL_2021,1
-4.016524,0.210871768,CCCCCCCCCCCOP(=O)(O)OCCNCCCCCCCCCC,SL_2021,SL_2021,1
-4.1529727,0.210871768,CCCCCCCCCCCCNCCOP(=O)(O)OCCCCCCCCCCC,SL_2021,SL_2021,1
-3.4903114,0.210871768,CCCCCCCCCCCOP(=O)(O)OCC[N+](CCCCCC)(CCCCCC)CCCCCC,SL_2021,SL_2021,1
-2.6540182,0.210871768,CCCCCCCCCCCOP(=O)(O)OCC[N+](CCCCCCCCCC)(CCCCCCCCCC)CCCCCCCCCC,SL_2021,SL_2021,1
-1.6500218,0.210871768,CCCCCCCCCCCOP(=O)(O)OCCNCCCN1CCN(CCCN(CCOP(=O)(O)OCCCCCCCCCCC)CCOP(=O)(O)OCCCCCCCCCCC)CC1,SL_2021,SL_2021,1
-3.0285444,0.210871768,CCCCCCCCCCCOP(=O)(O)OCCNCCNCCNCCNCCOP(=O)(O)OCCCCCCCCCCC,SL_2021,SL_2021,1
-2.456282,0.210871768,CCCCCCCCCCCOP(=O)(O)OCCNCCNCCN(CCNCCOP(=O)(O)OCCCCCCCCCCC)CCOP(=O)(O)OCCCCCCCCCCC,SL_2021,SL_2021,1
-2.206962,0.210871768,CCCCCCCCCCCOP(=O)(O)OCCNCCCNCCCCN(CCCNCCOP(=O)(O)OCCCCCCCCCCC)CCOP(=O)(O)OCCCCCCCCCCC,SL_2021,SL_2021,1
-1.5259249,0.210871768,CCCCCCCCCCCOP(=O)(O)OCCNCCCN(CCCCN(CCCNCCOP(=O)(O)OCCCCCCCCCCC)CCOP(=O)(O)OCCCCCCCCCCC)CCOP(=O)(O)OCCCCCCCCCCC,SL_2021,SL_2021,1
-1.1685686,0.210871768,CCCCCCCCCCCOP(=O)(O)OCCN(C)CCN(CCNC)CCN(C)CCOP(=O)(O)OCCCCCCCCCCC,SL_2021,SL_2021,1
-1.3470426,0.210871768,CCCCCCCCCCCOP(=O)(O)OCCN(C)CCN(CCN(C)CCOP(=O)(O)OCCCCCCCCCCC)CCN(C)CCOP(=O)(O)OCCCCCCCCCCC,SL_2021,SL_2021,1
-2.4587464,0.210871768,CCCCCCCCCCCOP(=O)(O)OCCNCCN(CCN)CCNCCOP(=O)(O)OCCCCCCCCCCC,SL_2021,SL_2021,1
-1.9648367,0.210871768,CCCCCCCCCCCOP(=O)(O)OCCNCCN(CCNCCOP(=O)(O)OCCCCCCCCCCC)CCN(CCOP(=O)(O)OCCCCCCCCCCC)CCOP(=O)(O)OCCCCCCCCCCC,SL_2021,SL_2021,1
-2.4616258,0.210871768,CCCCCCCCCCCOP(=O)(O)OCCNCCNCCNCCNCCNCCOP(=O)(O)OCCCCCCCCCCC,SL_2021,SL_2021,1
-2.3223562,0.210871768,CCCCCCCCCCCOP(=O)(O)OCCNCCNCCN(CCNCCNCCOP(=O)(O)OCCCCCCCCCCC)CCOP(=O)(O)OCCCCCCCCCCC,SL_2021,SL_2021,1
-1.8338028,0.210871768,CCCCCCCCCCCOP(=O)(O)OCCNCCNCCN(CCOP(=O)(O)OCCCCCCCCCCC)CCN(CCNCCOP(=O)(O)OCCCCCCCCCCC)CCOP(=O)(O)OCCCCCCCCCCC,SL_2021,SL_2021,1
-3.7650619,0.210871768,CCCCCCCCCCCCOP(=O)(O)OCCNCCCC,SL_2021,SL_2021,1
-3.5811727,0.210871768,CCCCCCCCCCCCOP(=O)(O)OCCNCCCCCC,SL_2021,SL_2021,1
-4.0611415,0.210871768,CCCCCCCCCCCCOP(=O)(O)OCCNCCCCCCCCCC,SL_2021,SL_2021,1
-4.074838,0.210871768,CCCCCCCCCCCCNCCOP(=O)(O)OCCCCCCCCCCCC,SL_2021,SL_2021,1
-5.270515,0.210871768,CCCCCCCCCCCCOP(=O)(O)OCCN(CCCC)CCCC,SL_2021,SL_2021,1
-2.5866163,0.210871768,CCCCCCCCCCCCCN(CCCCCCCCCCCCC)CCOP(=O)(O)OCCCCCCCCCCCC,SL_2021,SL_2021,1
-3.3637109,0.210871768,CCCCCCCCCCCCOP(=O)(O)OCC[N+](CCCCCCCC)(CCCCCCCC)CCCCCCCC,SL_2021,SL_2021,1
-2.6422179,0.210871768,CCCCCCCCCCCCOP(=O)(O)OCC[N+](CCCCCCCCCC)(CCCCCCCCCC)CCCCCCCCCC,SL_2021,SL_2021,1
-2.7182345,0.210871768,CCCCCCCCCCCCOP(=O)(O)OCC[N+](CCCCCCCCCCCC)(CCCCCCCCCCCC)CCCCCCCCCCCC,SL_2021,SL_2021,1
-3.41194,0.210871768,CCCCCCCCCCCCOP(=O)(O)OCCNCCN1CCN(CCOP(=O)(O)OCCCCCCCCCCCC)CC1,SL_2021,SL_2021,1
-2.3092387,0.210871768,CCCCCCCCCCCCOP(=O)(O)OCCNCCCN(CCCN(C)C)CCOP(=O)(O)OCCCCCCCCCCCC,SL_2021,SL_2021,1
-1.5553601,0.210871768,CCCCCCCCCCCCOP(=O)(O)OCCN(CCCN(C)C)CCCN(CCOP(=O)(O)OCCCCCCCCCCCC)CCOP(=O)(O)OCCCCCCCCCCCC,SL_2021,SL_2021,1
-2.1859515,0.210871768,CCCCCCCCCCCCOP(=O)(O)OCCNCCCN(C)CCCN(CCOP(=O)(O)OCCCCCCCCCCCC)CCOP(=O)(O)OCCCCCCCCCCCC,SL_2021,SL_2021,1
-2.8325877,0.210871768,CCCCCCCCCCCCOP(=O)(O)OCCNCCCN1CCN(CCCNCCOP(=O)(O)OCCCCCCCCCCCC)CC1,SL_2021,SL_2021,1
-1.4471006,0.210871768,CCCCCCCCCCCCOP(=O)(O)OCCNCCCN1CCN(CCCN(CCOP(=O)(O)OCCCCCCCCCCCC)CCOP(=O)(O)OCCCCCCCCCCCC)CC1,SL_2021,SL_2021,1
-2.767964,0.210871768,CCCCCCCCCCCCOP(=O)(O)OCCNCCNCCNCCNCCOP(=O)(O)OCCCCCCCCCCCC,SL_2021,SL_2021,1
-2.1786234,0.210871768,CCCCCCCCCCCCOP(=O)(O)OCCNCCNCCN(CCNCCOP(=O)(O)OCCCCCCCCCCCC)CCOP(=O)(O)OCCCCCCCCCCCC,SL_2021,SL_2021,1
-2.1514237,0.210871768,CCCCCCCCCCCCOP(=O)(O)OCCNCCCNCCCCN(CCCNCCOP(=O)(O)OCCCCCCCCCCCC)CCOP(=O)(O)OCCCCCCCCCCCC,SL_2021,SL_2021,1
-0.87737685,0.210871768,CCCCCCCCCCCCOP(=O)(O)OCCN(C)CCN(CCNC)CCN(C)CCOP(=O)(O)OCCCCCCCCCCCC,SL_2021,SL_2021,1
-1.2559818,0.210871768,CCCCCCCCCCCCOP(=O)(O)OCCN(C)CCN(CCN(C)CCOP(=O)(O)OCCCCCCCCCCCC)CCN(C)CCOP(=O)(O)OCCCCCCCCCCCC,SL_2021,SL_2021,1
-1.9098922,0.210871768,CCCCCCCCCCCCOP(=O)(O)OCCNCCN(CCN)CCNCCOP(=O)(O)OCCCCCCCCCCCC,SL_2021,SL_2021,1
-1.9948117,0.210871768,CCCCCCCCCCCCOP(=O)(O)OCCNCCN(CCNCCOP(=O)(O)OCCCCCCCCCCCC)CCNCCOP(=O)(O)OCCCCCCCCCCCC,SL_2021,SL_2021,1
-2.841548,0.210871768,CCCCCCCCCCCCOP(=O)(O)OCCNCCNCCNCCNCCNCCOP(=O)(O)OCCCCCCCCCCCC,SL_2021,SL_2021,1
-2.323387,0.210871768,CCCCCCCCCCCCOP(=O)(O)OCCNCCNCCN(CCNCCNCCOP(=O)(O)OCCCCCCCCCCCC)CCOP(=O)(O)OCCCCCCCCCCCC,SL_2021,SL_2021,1
-3.6749022,0.210871768,CCCCCCCCCCCCCOP(=O)(O)OCCNCCCC,SL_2021,SL_2021,1
-3.808003,0.210871768,CCCCCCCCCCCCCOP(=O)(O)OCCNCCCCCC,SL_2021,SL_2021,1
-4.167035,0.210871768,CCCCCCCCCCCCCOP(=O)(O)OCCNCCCCCCCC,SL_2021,SL_2021,1
-3.842437,0.210871768,CCCCCCCCCCCCCOP(=O)(O)OCCNCCCCCCCCCCCC,SL_2021,SL_2021,1
-5.4905295,0.210871768,CCCCCCCCCCCCCOP(=O)(O)OCCN(CCCC)CCCC,SL_2021,SL_2021,1
-4.6507998,0.210871768,CCCCCCCCCCCCCOP(=O)(O)OCCN(CCCCCC)CCCCCC,SL_2021,SL_2021,1
-2.9503694,0.210871768,CCCCCCCCCCCCCOP(=O)(O)OCCN(CCCCCCCCCCCCC)CCCCCCCCCCCCC,SL_2021,SL_2021,1
-1.9086103,0.210871768,CCCCCCCCCCCCCOP(=O)(O)OCC[N+](CCCCCCCCCC)(CCCCCCCCCC)CCCCCCCCCC,SL_2021,SL_2021,1
-3.121113,0.210871768,CCCCCCCCCCCCCOP(=O)(O)OCCNCCOCCOCCNCCOP(=O)(O)OCCCCCCCCCCCCC,SL_2021,SL_2021,1
-3.241754,0.210871768,CCCCCCCCCCCCCOP(=O)(O)OCCNCCN1CCN(CCOP(=O)(O)OCCCCCCCCCCCCC)CC1,SL_2021,SL_2021,1
-2.4064944,0.210871768,CCCCCCCCCCCCCOP(=O)(O)OCCNCCCN(CCCN(C)C)CCOP(=O)(O)OCCCCCCCCCCCCC,SL_2021,SL_2021,1
-2.5817695,0.210871768,CCCCCCCCCCCCCOP(=O)(O)OCCNCCCN(C)CCCNCCOP(=O)(O)OCCCCCCCCCCCCC,SL_2021,SL_2021,1
-2.6912136,0.210871768,CCCCCCCCCCCCCOP(=O)(O)OCCNCCCN1CCN(CCCNCCOP(=O)(O)OCCCCCCCCCCCCC)CC1,SL_2021,SL_2021,1
-2.4163377,0.210871768,CCCCCCCCCCCCCOP(=O)(O)OCCNCCNCCNCCNCCOP(=O)(O)OCCCCCCCCCCCCC,SL_2021,SL_2021,1
-2.1095133,0.210871768,CCCCCCCCCCCCCOP(=O)(O)OCCNCCN(CCNCCOP(=O)(O)OCCCCCCCCCCCCC)CCNCCOP(=O)(O)OCCCCCCCCCCCCC,SL_2021,SL_2021,1
-2.0598967,0.210871768,CCCCCCCCCCCCCOP(=O)(O)OCCNCCNCCN(CCNCCNCCOP(=O)(O)OCCCCCCCCCCCCC)CCOP(=O)(O)OCCCCCCCCCCCCC,SL_2021,SL_2021,1
-4.0087013,0.210871768,CCCCCCCCCCCCCCOP(=O)(O)OCCNCCCC,SL_2021,SL_2021,1
-4.2701244,0.210871768,CCCCCCCCCCCCCCOP(=O)(O)OCCNCCCCCC,SL_2021,SL_2021,1
-4.0745707,0.210871768,CCCCCCCCCCCCCCOP(=O)(O)OCCNCCCCCCCC,SL_2021,SL_2021,1
-3.8433867,0.210871768,CCCCCCCCCCCCCCOP(=O)(O)OCCNCCCCCCCCCCCC,SL_2021,SL_2021,1
-2.8197868,0.210871768,CCCCCCCCCCCCCCOP(=O)(O)OCCN(CCCCCCCCCCCCC)CCCCCCCCCCCCC,SL_2021,SL_2021,1
-4.3626633,0.210871768,CCCCCCCCCCCCCCOP(=O)(O)OCC[N+](CCCC)(CCCC)CCCC,SL_2021,SL_2021,1
-2.1606731,0.210871768,CCCCCCCCCCCCCCOP(=O)(O)OCC[N+](CCCCCCCCCC)(CCCCCCCCCC)CCCCCCCCCC,SL_2021,SL_2021,1
-2.9019625,0.210871768,CCCCCCCCCCCCCCOP(=O)(O)OCCNCCOCCOCCNCCOP(=O)(O)OCCCCCCCCCCCCCC,SL_2021,SL_2021,1
-2.4073732,0.210871768,CCCCCCCCCCCCCCOP(=O)(O)OCCNCCCN(CCCN(C)C)CCOP(=O)(O)OCCCCCCCCCCCCCC,SL_2021,SL_2021,1
-2.4993415,0.210871768,CCCCCCCCCCCCCCOP(=O)(O)OCCNCCCN(C)CCCNCCOP(=O)(O)OCCCCCCCCCCCCCC,SL_2021,SL_2021,1
-2.6155844,0.210871768,CCCCCCCCCCCCCCOP(=O)(O)OCCNCCCN1CCN(CCCNCCOP(=O)(O)OCCCCCCCCCCCCCC)CC1,SL_2021,SL_2021,1
-1.3600608,0.210871768,CCCCCCCCCCCCCCOP(=O)(O)OCCNCCCN1CCN(CCCN(CCOP(=O)(O)OCCCCCCCCCCCCCC)CCOP(=O)(O)OCCCCCCCCCCCCCC)CC1,SL_2021,SL_2021,1
-2.1806452,0.210871768,CCCCCCCCCCCCCCOP(=O)(O)OCCNCCNCCNCCNCCOP(=O)(O)OCCCCCCCCCCCCCC,SL_2021,SL_2021,1
-2.361062,0.210871768,CCCCCCCCCCCCCCOP(=O)(O)OCCNCCCNCCCCN(CCCNCCOP(=O)(O)OCCCCCCCCCCCCCC)CCOP(=O)(O)OCCCCCCCCCCCCCC,SL_2021,SL_2021,1
-2.0391006,0.210871768,CCCCCCCCCCCCCCOP(=O)(O)OCCNCCN(CCNCCOP(=O)(O)OCCCCCCCCCCCCCC)CCNCCOP(=O)(O)OCCCCCCCCCCCCCC,SL_2021,SL_2021,1
-2.3746245,0.210871768,CCCCCCCCCCCCCCOP(=O)(O)OCCNCCNCCN(CCNCCNCCOP(=O)(O)OCCCCCCCCCCCCCC)CCOP(=O)(O)OCCCCCCCCCCCCCC,SL_2021,SL_2021,1
-4.1172414,0.210871768,CCCCCCCCCCCCCCCOP(=O)(O)OCCNCCCC,SL_2021,SL_2021,1
-4.1624084,0.210871768,CCCCCCCCCCCCCCCOP(=O)(O)OCCNCCCCCC,SL_2021,SL_2021,1
-4.208161,0.210871768,CCCCCCCCCCCCCCCOP(=O)(O)OCCNCCCCCCCC,SL_2021,SL_2021,1
-3.9595387,0.210871768,CCCCCCCCCCCCCCCOP(=O)(O)OCCNCCCCCCCCCC,SL_2021,SL_2021,1
-3.490024,0.210871768,CCCCCCCCCCCCCCCOP(=O)(O)OCCNCCCCCCCCCCCC,SL_2021,SL_2021,1
-3.7912514,0.210871768,CCCCCCCCCCCCCCCOP(=O)(O)OCCN(CCCCCC)CCCCCC,SL_2021,SL_2021,1
-2.870976,0.210871768,CCCCCCCCCCCCCCCOP(=O)(O)OCCN(CCCCCCCCCCCC)CCCCCCCCCCCC,SL_2021,SL_2021,1
-2.681019,0.210871768,CCCCCCCCCCCCCCCOP(=O)(O)OCCN(CCCCCCCCCCCCC)CCCCCCCCCCCCC,SL_2021,SL_2021,1
-3.304365,0.210871768,CCCCCCCCCCCCCCCOP(=O)(O)OCC[N+](CCCC)(CCCC)CCCC,SL_2021,SL_2021,1
-3.342055,0.210871768,CCCCCCCCCCCCCCCOP(=O)(O)OCC[N+](CCCCCC)(CCCCCC)CCCCCC,SL_2021,SL_2021,1
-2.582412,0.210871768,CCCCCCCCCCCCCCCOP(=O)(O)OCC[N+](CCCCCCCC)(CCCCCCCC)CCCCCCCC,SL_2021,SL_2021,1
-2.0653214,0.210871768,CCCCCCCCCCCCCCCOP(=O)(O)OCC[N+](CCCCCCCCCC)(CCCCCCCCCC)CCCCCCCCCC,SL_2021,SL_2021,1
-3.0740247,0.210871768,CCCCCCCCCCCCCCCOP(=O)(O)OCC[N+](CCCCCCCCCCCC)(CCCCCCCCCCCC)CCCCCCCCCCCC,SL_2021,SL_2021,1
-2.4620583,0.210871768,CCCCCCCCCCCCCCCOP(=O)(O)OCCNCCN1CCN(CCOP(=O)(O)OCCCCCCCCCCCCCCC)CC1,SL_2021,SL_2021,1
-1.5623193,0.210871768,CCCCCCCCCCCCCCCOP(=O)(O)OCCNCCCN1CCN(CCCN(CCOP(=O)(O)OCCCCCCCCCCCCCCC)CCOP(=O)(O)OCCCCCCCCCCCCCCC)CC1,SL_2021,SL_2021,1
-2.2482188,0.210871768,CCCCCCCCCCCCCCCOP(=O)(O)OCCNCCCNCCCCN(CCCNCCOP(=O)(O)OCCCCCCCCCCCCCCC)CCOP(=O)(O)OCCCCCCCCCCCCCCC,SL_2021,SL_2021,1
-1.2329565,0.210871768,CCCCCCCCCCCCCCCOP(=O)(O)OCCN(C)CCN(CCNC)CCN(C)CCOP(=O)(O)OCCCCCCCCCCCCCCC,SL_2021,SL_2021,1
-2.2053015,0.210871768,CCCCCCCCCCCCCCCOP(=O)(O)OCCNCCN(CCN)CCNCCOP(=O)(O)OCCCCCCCCCCCCCCC,SL_2021,SL_2021,1
-2.1410458,0.210871768,CCCCCCCCCCCCCCCOP(=O)(O)OCCNCCNCCN(CCNCCNCCOP(=O)(O)OCCCCCCCCCCCCCCC)CCOP(=O)(O)OCCCCCCCCCCCCCCC,SL_2021,SL_2021,1
-4.100346,0.210871768,CCCCCCCCCCCCCCCCOP(=O)(O)OCCNCCCC,SL_2021,SL_2021,1
-4.14966,0.210871768,CCCCCCCCCCCCCCCCOP(=O)(O)OCCNCCCCCC,SL_2021,SL_2021,1
-4.208949,0.210871768,CCCCCCCCCCCCCCCCOP(=O)(O)OCCNCCCCCCCC,SL_2021,SL_2021,1
-4.717788,0.210871768,CCCCCCCCCCCCCCCCOP(=O)(O)OCCN(CCCC)CCCC,SL_2021,SL_2021,1
-2.742267,0.210871768,CCCCCCCCCCCCCCCCOP(=O)(O)OCCN(CCCCCCCCCCCCC)CCCCCCCCCCCCC,SL_2021,SL_2021,1
-3.2877295,0.210871768,CCCCCCCCCCCCCCCCOP(=O)(O)OCC[N+](CCCC)(CCCC)CCCC,SL_2021,SL_2021,1
-2.991774,0.210871768,CCCCCCCCCCCCCCCCOP(=O)(O)OCC[N+](CCCCCC)(CCCCCC)CCCCCC,SL_2021,SL_2021,1
-2.722931,0.210871768,CCCCCCCCCCCCCCCCOP(=O)(O)OCC[N+](CCCCCCCC)(CCCCCCCC)CCCCCCCC,SL_2021,SL_2021,1
-2.51048,0.210871768,CCCCCCCCCCCCCCCCOP(=O)(O)OCC[N+](CCCCCCCCCC)(CCCCCCCCCC)CCCCCCCCCC,SL_2021,SL_2021,1
-2.948924,0.210871768,CCCCCCCCCCCCCCCCOP(=O)(O)OCC[N+](CCCCCCCCCCCC)(CCCCCCCCCCCC)CCCCCCCCCCCC,SL_2021,SL_2021,1
-2.4120533,0.210871768,CCCCCCCCCCCCCCCCOP(=O)(O)OCCNCCCNCCCCN(CCCNCCOP(=O)(O)OCCCCCCCCCCCCCCCC)CCOP(=O)(O)OCCCCCCCCCCCCCCCC,SL_2021,SL_2021,1
-3.3868365,-1.159794723,CCCCCCCCCCNCCOP(=O)(O)OCCCC,SL_2021,SL_2021,0
-4.0275197,-1.159794723,CCCCCCCCCCCCCCNCCOP(=O)(O)OCCCC,SL_2021,SL_2021,0
-4.535349,-1.159794723,CCCCCC[N+](CCCCCC)(CCCCCC)CCOP(=O)(O)OCCCC,SL_2021,SL_2021,0
-2.90674,-1.159794723,CCCCCCCCCCCC[N+](CCCCCCCCCCCC)(CCCCCCCCCCCC)CCOP(=O)(O)OCCCC,SL_2021,SL_2021,0
-2.2985582,-1.159794723,CCCCOP(=O)(O)OCCNCCNCCN(CCOP(=O)(O)OCCCC)CCN(CCNCCOP(=O)(O)OCCCC)CCOP(=O)(O)OCCCC,SL_2021,SL_2021,0
-1.4241136,-1.159794723,CCCCOP(=O)(O)OCCNCCN(CCOP(=O)(O)OCCCC)CCN(CCOP(=O)(O)OCCCC)CCN(CCNCCOP(=O)(O)OCCCC)CCOP(=O)(O)OCCCC,SL_2021,SL_2021,0
-4.5159097,-1.159794723,CCCCCOP(=O)(O)OCC[N+](CCCC)(CCCC)CCCC,SL_2021,SL_2021,0
-3.7606788,-1.159794723,CCCCCC[N+](CCCCCC)(CCCCCC)CCOP(=O)(O)OCCCCC,SL_2021,SL_2021,0
-4.1635146,-1.159794723,CCCCCCCC[N+](CCCCCCCC)(CCCCCCCC)CCOP(=O)(O)OCCCCC,SL_2021,SL_2021,0
-2.6928818,-1.159794723,CCCCCCCCCC[N+](CCCCCCCCCC)(CCCCCCCCCC)CCOP(=O)(O)OCCCCC,SL_2021,SL_2021,0
-2.7874868,-1.159794723,CCCCCCCCCCCC[N+](CCCCCCCCCCCC)(CCCCCCCCCCCC)CCOP(=O)(O)OCCCCC,SL_2021,SL_2021,0
-3.4466565,-1.159794723,CCCCCOP(=O)(O)OCCNCCOCCOCCNCCOP(=O)(O)OCCCCC,SL_2021,SL_2021,0
-4.0442176,-1.159794723,CCCCCOP(=O)(O)OCCNCCN1CCN(CCOP(=O)(O)OCCCCC)CC1,SL_2021,SL_2021,0
-3.6052015,-1.159794723,CCCCCOP(=O)(O)OCCN(CCOP(=O)(O)OCCCCC)CCN1CCN(CCOP(=O)(O)OCCCCC)CC1,SL_2021,SL_2021,0
-2.6857004,-1.159794723,CCCCCOP(=O)(O)OCCNCCCN(CCCN(C)C)CCOP(=O)(O)OCCCCC,SL_2021,SL_2021,0
-2.3299463,-1.159794723,CCCCCOP(=O)(O)OCCN(CCCN(C)C)CCCN(CCOP(=O)(O)OCCCCC)CCOP(=O)(O)OCCCCC,SL_2021,SL_2021,0
-3.2987018,-1.159794723,CCCCCOP(=O)(O)OCCNCCCN(C)CCCNCCOP(=O)(O)OCCCCC,SL_2021,SL_2021,0
-3.941464,-1.159794723,CCCCCOP(=O)(O)OCCNCCCN1CCN(CCCNCCOP(=O)(O)OCCCCC)CC1,SL_2021,SL_2021,0
-2.3575032,-1.159794723,CCCCCOP(=O)(O)OCCNCCCN1CCN(CCCN(CCOP(=O)(O)OCCCCC)CCOP(=O)(O)OCCCCC)CC1,SL_2021,SL_2021,0
-0.95162225,-1.159794723,CCCCCOP(=O)(O)OCCN(CCCN1CCN(CCCN(CCOP(=O)(O)OCCCCC)CCOP(=O)(O)OCCCCC)CC1)CCOP(=O)(O)OCCCCC,SL_2021,SL_2021,0
-2.403387,-1.159794723,CCCCCOP(=O)(O)OCCNCCNCCN(CCNCCOP(=O)(O)OCCCCC)CCOP(=O)(O)OCCCCC,SL_2021,SL_2021,0
-1.8114567,-1.159794723,CCCCCOP(=O)(O)OCCNCCN(CCOP(=O)(O)OCCCCC)CCN(CCNCCOP(=O)(O)OCCCCC)CCOP(=O)(O)OCCCCC,SL_2021,SL_2021,0
-2.2608042,-1.159794723,CCCCCOP(=O)(O)OCCNCCCNCCCCN(CCCNCCOP(=O)(O)OCCCCC)CCOP(=O)(O)OCCCCC,SL_2021,SL_2021,0
-1.6328897,-1.159794723,CCCCCOP(=O)(O)OCCN(C)CCN(CCNC)CCN(C)CCOP(=O)(O)OCCCCC,SL_2021,SL_2021,0
-2.0274525,-1.159794723,CCCCCOP(=O)(O)OCCN(C)CCN(CCN(C)CCOP(=O)(O)OCCCCC)CCN(C)CCOP(=O)(O)OCCCCC,SL_2021,SL_2021,0
-2.7738261,-1.159794723,CCCCCOP(=O)(O)OCCNCCN(CCN)CCNCCOP(=O)(O)OCCCCC,SL_2021,SL_2021,0
-2.496989,-1.159794723,CCCCCOP(=O)(O)OCCNCCN(CCNCCOP(=O)(O)OCCCCC)CCNCCOP(=O)(O)OCCCCC,SL_2021,SL_2021,0
-3.1424818,-1.159794723,CCCCCOP(=O)(O)OCCNCCNCCNCCNCCNCCOP(=O)(O)OCCCCC,SL_2021,SL_2021,0
-2.162999,-1.159794723,CCCCCOP(=O)(O)OCCNCCNCCN(CCNCCNCCOP(=O)(O)OCCCCC)CCOP(=O)(O)OCCCCC,SL_2021,SL_2021,0
-2.1561482,-1.159794723,CCCCCOP(=O)(O)OCCNCCNCCN(CCOP(=O)(O)OCCCCC)CCN(CCNCCOP(=O)(O)OCCCCC)CCOP(=O)(O)OCCCCC,SL_2021,SL_2021,0
-3.9205472,-1.159794723,CCCCCCCCCCCCCCNCCOP(=O)(O)OCCCCCC,SL_2021,SL_2021,0
-4.3195014,-1.159794723,CCCCCCOP(=O)(O)OCC[N+](CCCC)(CCCC)CCCC,SL_2021,SL_2021,0
-3.7463205,-1.159794723,CCCCCCOP(=O)(O)OCC[N+](CCCCCC)(CCCCCC)CCCCCC,SL_2021,SL_2021,0
-2.7588854,-1.159794723,CCCCCCCCCC[N+](CCCCCCCCCC)(CCCCCCCCCC)CCOP(=O)(O)OCCCCCC,SL_2021,SL_2021,0
-2.7617593,-1.159794723,CCCCCCCCCCCC[N+](CCCCCCCCCCCC)(CCCCCCCCCCCC)CCOP(=O)(O)OCCCCCC,SL_2021,SL_2021,0
-3.3187196,-1.159794723,CCCCCCOP(=O)(O)OCCN(CCOP(=O)(O)OCCCCCC)CCN1CCN(CCOP(=O)(O)OCCCCCC)CC1,SL_2021,SL_2021,0
-2.3421407,-1.159794723,CCCCCCOP(=O)(O)OCCNCCCN1CCN(CCCN(CCOP(=O)(O)OCCCCCC)CCOP(=O)(O)OCCCCCC)CC1,SL_2021,SL_2021,0
-1.763123,-1.159794723,CCCCCCOP(=O)(O)OCCN(CCCN1CCN(CCCN(CCOP(=O)(O)OCCCCCC)CCOP(=O)(O)OCCCCCC)CC1)CCOP(=O)(O)OCCCCCC,SL_2021,SL_2021,0
-2.7097316,-1.159794723,CCCCCCOP(=O)(O)OCCNCCNCCN(CCNCCOP(=O)(O)OCCCCCC)CCOP(=O)(O)OCCCCCC,SL_2021,SL_2021,0
-1.2919381,-1.159794723,CCCCCCOP(=O)(O)OCCNCCN(CCOP(=O)(O)OCCCCCC)CCN(CCNCCOP(=O)(O)OCCCCCC)CCOP(=O)(O)OCCCCCC,SL_2021,SL_2021,0
-1.5929018,-1.159794723,CCCCCCOP(=O)(O)OCCN(C)CC[N+](CCOP(=O)(O)OCCCCCC)(CCN(C)CCOP(=O)(O)OCCCCCC)CCN(C)CCOP(=O)(O)OCCCCCC,SL_2021,SL_2021,0
-2.4278893,-1.159794723,CCCCCCOP(=O)(O)OCCNCCN(CCNCCOP(=O)(O)OCCCCCC)CCNCCOP(=O)(O)OCCCCCC,SL_2021,SL_2021,0
-1.497601,-1.159794723,CCCCCCOP(=O)(O)OCCNCCN(CCNCCOP(=O)(O)OCCCCCC)CCN(CCOP(=O)(O)OCCCCCC)CCOP(=O)(O)OCCCCCC,SL_2021,SL_2021,0
-2.2278025,-1.159794723,CCCCCCOP(=O)(O)OCCNCCNCCN(CCNCCNCCOP(=O)(O)OCCCCCC)CCOP(=O)(O)OCCCCCC,SL_2021,SL_2021,0
-1.0882331,-1.159794723,CCCCCCOP(=O)(O)OCCNCCN(CCOP(=O)(O)OCCCCCC)CCN(CCOP(=O)(O)OCCCCCC)CCN(CCNCCOP(=O)(O)OCCCCCC)CCOP(=O)(O)OCCCCCC,SL_2021,SL_2021,0
-3.8306034,-1.159794723,CCCCCCCCCCCCNCCOP(=O)(O)OCCCCCCC,SL_2021,SL_2021,0
-4.1325397,-1.159794723,CCCCCCCOP(=O)(O)OCC[N+](CCCC)(CCCC)CCCC,SL_2021,SL_2021,0
-4.2325306,-1.159794723,CCCCCCCOP(=O)(O)OCC[N+](CCCCCC)(CCCCCC)CCCCCC,SL_2021,SL_2021,0
-2.7353666,-1.159794723,CCCCCCCCCCCC[N+](CCCCCCCCCCCC)(CCCCCCCCCCCC)CCOP(=O)(O)OCCCCCCC,SL_2021,SL_2021,0
-3.316244,-1.159794723,CCCCCCCOP(=O)(O)OCCNCCOCCOCCNCCOP(=O)(O)OCCCCCCC,SL_2021,SL_2021,0
-3.0525293,-1.159794723,CCCCCCCOP(=O)(O)OCCN(CCOP(=O)(O)OCCCCCCC)CCN1CCN(CCOP(=O)(O)OCCCCCCC)CC1,SL_2021,SL_2021,0
-2.9928896,-1.159794723,CCCCCCCOP(=O)(O)OCCNCCCN(C)CCCNCCOP(=O)(O)OCCCCCCC,SL_2021,SL_2021,0
-3.4493794,-1.159794723,CCCCCCCOP(=O)(O)OCCNCCCN1CCN(CCCNCCOP(=O)(O)OCCCCCCC)CC1,SL_2021,SL_2021,0
-2.057886,-1.159794723,CCCCCCCOP(=O)(O)OCCN(C)CCN(CCN(C)CCOP(=O)(O)OCCCCCCC)CCN(C)CCOP(=O)(O)OCCCCCCC,SL_2021,SL_2021,0
-4.234498,-1.159794723,CCCCCCCCCCCCCCNCCOP(=O)(O)OCCCCCCCC,SL_2021,SL_2021,0
-4.233446,-1.159794723,CCCCCCCCOP(=O)(O)OCC[N+](CCCC)(CCCC)CCCC,SL_2021,SL_2021,0
-4.0803747,-1.159794723,CCCCCCCCOP(=O)(O)OCCNCCN1CCN(CCOP(=O)(O)OCCCCCCCC)CC1,SL_2021,SL_2021,0
-2.7739868,-1.159794723,CCCCCCCCOP(=O)(O)OCCN(CCOP(=O)(O)OCCCCCCCC)CCN1CCN(CCOP(=O)(O)OCCCCCCCC)CC1,SL_2021,SL_2021,0
-2.3051498,-1.159794723,CCCCCCCCOP(=O)(O)OCCNCCCN(CCCN(C)C)CCOP(=O)(O)OCCCCCCCC,SL_2021,SL_2021,0
-1.8324152,-1.159794723,CCCCCCCCOP(=O)(O)OCCN(CCCN(C)C)CCCN(CCOP(=O)(O)OCCCCCCCC)CCOP(=O)(O)OCCCCCCCC,SL_2021,SL_2021,0
-1.1114633,-1.159794723,CCCCCCCCOP(=O)(O)OCCNCCN(CCOP(=O)(O)OCCCCCCCC)CCN(CCNCCOP(=O)(O)OCCCCCCCC)CCOP(=O)(O)OCCCCCCCC,SL_2021,SL_2021,0
-1.583525,-1.159794723,CCCCCCCCOP(=O)(O)OCCN(C)CCN(CCNC)CCN(C)CCOP(=O)(O)OCCCCCCCC,SL_2021,SL_2021,0
-1.7736573,-1.159794723,CCCCCCCCOP(=O)(O)OCCN(C)CCN(CCN(C)CCOP(=O)(O)OCCCCCCCC)CCN(C)CCOP(=O)(O)OCCCCCCCC,SL_2021,SL_2021,0
-1.1710944,-1.159794723,CCCCCCCCOP(=O)(O)OCCN(C)CC[N+](CCOP(=O)(O)OCCCCCCCC)(CCN(C)CCOP(=O)(O)OCCCCCCCC)CCN(C)CCOP(=O)(O)OCCCCCCCC,SL_2021,SL_2021,0
-2.6914732,-1.159794723,CCCCCCCCOP(=O)(O)OCCNCCN(CCN)CCNCCOP(=O)(O)OCCCCCCCC,SL_2021,SL_2021,0
-2.4071434,-1.159794723,CCCCCCCCOP(=O)(O)OCCNCCN(CCNCCOP(=O)(O)OCCCCCCCC)CCNCCOP(=O)(O)OCCCCCCCC,SL_2021,SL_2021,0
-1.6257956,-1.159794723,CCCCCCCCCOP(=O)(O)OCCN(C)CCN(CCNC)CCN(C)CCOP(=O)(O)OCCCCCCCCC,SL_2021,SL_2021,0
-4.050163,-1.159794723,CCCCCCCCCCCCCCNCCOP(=O)(O)OCCCCCCCCCC,SL_2021,SL_2021,0
-2.444053,-1.159794723,CCCCCCCCCCOP(=O)(O)OCCN(CCOP(=O)(O)OCCCCCCCCCC)CCN1CCN(CCOP(=O)(O)OCCCCCCCCCC)CC1,SL_2021,SL_2021,0
-2.354133,-1.159794723,CCCCCCCCCCOP(=O)(O)OCCNCCCNCCCCNCCCNCCOP(=O)(O)OCCCCCCCCCC,SL_2021,SL_2021,0
-1.119553,-1.159794723,CCCCCCCCCCOP(=O)(O)OCCN(C)CCN(CCN(C)CCOP(=O)(O)OCCCCCCCCCC)CCN(C)CCOP(=O)(O)OCCCCCCCCCC,SL_2021,SL_2021,0
-1.5412997,-1.159794723,CCCCCCCCCCOP(=O)(O)OCCNCCN(CCOP(=O)(O)OCCCCCCCCCC)CCN(CCOP(=O)(O)OCCCCCCCCCC)CCN(CCNCCOP(=O)(O)OCCCCCCCCCC)CCOP(=O)(O)OCCCCCCCCCC,SL_2021,SL_2021,0
-4.2667565,-1.159794723,CCCCCCCCCCCCCCNCCOP(=O)(O)OCCCCCCCCCCC,SL_2021,SL_2021,0
-2.9835203,-1.159794723,CCCCCCCCCCCOP(=O)(O)OCCNCCOCCOCCNCCOP(=O)(O)OCCCCCCCCCCC,SL_2021,SL_2021,0
-3.558529,-1.159794723,CCCCCCCCCCCOP(=O)(O)OCCNCCN1CCN(CCOP(=O)(O)OCCCCCCCCCCC)CC1,SL_2021,SL_2021,0
-2.2368007,-1.159794723,CCCCCCCCCCCOP(=O)(O)OCCN(CCOP(=O)(O)OCCCCCCCCCCC)CCN1CCN(CCOP(=O)(O)OCCCCCCCCCCC)CC1,SL_2021,SL_2021,0
-2.7682388,-1.159794723,CCCCCCCCCCCOP(=O)(O)OCCNCCCN(CCCN(C)C)CCOP(=O)(O)OCCCCCCCCCCC,SL_2021,SL_2021,0
-1.6247603,-1.159794723,CCCCCCCCCCCOP(=O)(O)OCCN(CCCN(C)C)CCCN(CCOP(=O)(O)OCCCCCCCCCCC)CCOP(=O)(O)OCCCCCCCCCCC,SL_2021,SL_2021,0
-2.5598948,-1.159794723,CCCCCCCCCCCOP(=O)(O)OCCNCCCN(C)CCCNCCOP(=O)(O)OCCCCCCCCCCC,SL_2021,SL_2021,0
-2.1679957,-1.159794723,CCCCCCCCCCCOP(=O)(O)OCCNCCCN(C)CCCN(CCOP(=O)(O)OCCCCCCCCCCC)CCOP(=O)(O)OCCCCCCCCCCC,SL_2021,SL_2021,0
-2.9617739,-1.159794723,CCCCCCCCCCCOP(=O)(O)OCCNCCCN1CCN(CCCNCCOP(=O)(O)OCCCCCCCCCCC)CC1,SL_2021,SL_2021,0
-0.33102077,-1.159794723,CCCCCCCCCCCOP(=O)(O)OCCN(CCCN1CCN(CCCN(CCOP(=O)(O)OCCCCCCCCCCC)CCOP(=O)(O)OCCCCCCCCCCC)CC1)CCOP(=O)(O)OCCCCCCCCCCC,SL_2021,SL_2021,0
-1.7058355,-1.159794723,CCCCCCCCCCCOP(=O)(O)OCCNCCN(CCOP(=O)(O)OCCCCCCCCCCC)CCN(CCNCCOP(=O)(O)OCCCCCCCCCCC)CCOP(=O)(O)OCCCCCCCCCCC,SL_2021,SL_2021,0
-2.715307,-1.159794723,CCCCCCCCCCCOP(=O)(O)OCCNCCCNCCCCNCCCNCCOP(=O)(O)OCCCCCCCCCCC,SL_2021,SL_2021,0
-1.1400965,-1.159794723,CCCCCCCCCCCOP(=O)(O)OCCN(C)CC[N+](CCOP(=O)(O)OCCCCCCCCCCC)(CCN(C)CCOP(=O)(O)OCCCCCCCCCCC)CCN(C)CCOP(=O)(O)OCCCCCCCCCCC,SL_2021,SL_2021,0
-1.9373808,-1.159794723,CCCCCCCCCCCOP(=O)(O)OCCNCCN(CCNCCOP(=O)(O)OCCCCCCCCCCC)CCNCCOP(=O)(O)OCCCCCCCCCCC,SL_2021,SL_2021,0
-1.9692484,-1.159794723,CCCCCCCCCCCOP(=O)(O)OCCNCCN(CCOP(=O)(O)OCCCCCCCCCCC)CCN(CCOP(=O)(O)OCCCCCCCCCCC)CCN(CCNCCOP(=O)(O)OCCCCCCCCCCC)CCOP(=O)(O)OCCCCCCCCCCC,SL_2021,SL_2021,0
-4.060201,-1.159794723,CCCCCCCCCCCCOP(=O)(O)OCCNCCCCCCCC,SL_2021,SL_2021,0
-4.0355973,-1.159794723,CCCCCCCCCCCCCCNCCOP(=O)(O)OCCCCCCCCCCCC,SL_2021,SL_2021,0
-3.3304322,-1.159794723,CCCCCCCCCCCCOP(=O)(O)OCCNCCOCCOCCNCCOP(=O)(O)OCCCCCCCCCCCC,SL_2021,SL_2021,0
-1.9100336,-1.159794723,CCCCCCCCCCCCOP(=O)(O)OCCN(CCOP(=O)(O)OCCCCCCCCCCCC)CCN1CCN(CCOP(=O)(O)OCCCCCCCCCCCC)CC1,SL_2021,SL_2021,0
-2.6778665,-1.159794723,CCCCCCCCCCCCOP(=O)(O)OCCNCCCN(C)CCCNCCOP(=O)(O)OCCCCCCCCCCCC,SL_2021,SL_2021,0
-0.3907393,-1.159794723,CCCCCCCCCCCCOP(=O)(O)OCCN(CCCN1CCN(CCCN(CCOP(=O)(O)OCCCCCCCCCCCC)CCOP(=O)(O)OCCCCCCCCCCCC)CC1)CCOP(=O)(O)OCCCCCCCCCCCC,SL_2021,SL_2021,0
-1.710731,-1.159794723,CCCCCCCCCCCCOP(=O)(O)OCCNCCN(CCOP(=O)(O)OCCCCCCCCCCCC)CCN(CCNCCOP(=O)(O)OCCCCCCCCCCCC)CCOP(=O)(O)OCCCCCCCCCCCC,SL_2021,SL_2021,0
-2.7535627,-1.159794723,CCCCCCCCCCCCOP(=O)(O)OCCNCCCNCCCCNCCCNCCOP(=O)(O)OCCCCCCCCCCCC,SL_2021,SL_2021,0
-1.6438085,-1.159794723,CCCCCCCCCCCCOP(=O)(O)OCCNCCCN(CCCCN(CCCNCCOP(=O)(O)OCCCCCCCCCCCC)CCOP(=O)(O)OCCCCCCCCCCCC)CCOP(=O)(O)OCCCCCCCCCCCC,SL_2021,SL_2021,0
-1.1079401,-1.159794723,CCCCCCCCCCCCOP(=O)(O)OCCN(C)CC[N+](CCOP(=O)(O)OCCCCCCCCCCCC)(CCN(C)CCOP(=O)(O)OCCCCCCCCCCCC)CCN(C)CCOP(=O)(O)OCCCCCCCCCCCC,SL_2021,SL_2021,0
-2.0480285,-1.159794723,CCCCCCCCCCCCOP(=O)(O)OCCNCCN(CCNCCOP(=O)(O)OCCCCCCCCCCCC)CCN(CCOP(=O)(O)OCCCCCCCCCCCC)CCOP(=O)(O)OCCCCCCCCCCCC,SL_2021,SL_2021,0
-1.7933186,-1.159794723,CCCCCCCCCCCCOP(=O)(O)OCCNCCNCCN(CCOP(=O)(O)OCCCCCCCCCCCC)CCN(CCNCCOP(=O)(O)OCCCCCCCCCCCC)CCOP(=O)(O)OCCCCCCCCCCCC,SL_2021,SL_2021,0
-2.2656603,-1.159794723,CCCCCCCCCCCCOP(=O)(O)OCCNCCN(CCOP(=O)(O)OCCCCCCCCCCCC)CCN(CCOP(=O)(O)OCCCCCCCCCCCC)CCN(CCNCCOP(=O)(O)OCCCCCCCCCCCC)CCOP(=O)(O)OCCCCCCCCCCCC,SL_2021,SL_2021,0
-4.101139,-1.159794723,CCCCCCCCCCCCCOP(=O)(O)OCCNCCCCCCCCCC,SL_2021,SL_2021,0
-3.766008,-1.159794723,CCCCCCCCCCCCCCNCCOP(=O)(O)OCCCCCCCCCCCCC,SL_2021,SL_2021,0
-1.6663234,-1.159794723,CCCCCCCCCCCCCOP(=O)(O)OCCN(CCOP(=O)(O)OCCCCCCCCCCCCC)CCN1CCN(CCOP(=O)(O)OCCCCCCCCCCCCC)CC1,SL_2021,SL_2021,0
-1.6457934,-1.159794723,CCCCCCCCCCCCCOP(=O)(O)OCCN(CCCN(C)C)CCCN(CCOP(=O)(O)OCCCCCCCCCCCCC)CCOP(=O)(O)OCCCCCCCCCCCCC,SL_2021,SL_2021,0
-2.0162306,-1.159794723,CCCCCCCCCCCCCOP(=O)(O)OCCNCCCN(C)CCCN(CCOP(=O)(O)OCCCCCCCCCCCCC)CCOP(=O)(O)OCCCCCCCCCCCCC,SL_2021,SL_2021,0
-1.635523,-1.159794723,CCCCCCCCCCCCCOP(=O)(O)OCCNCCCN1CCN(CCCN(CCOP(=O)(O)OCCCCCCCCCCCCC)CCOP(=O)(O)OCCCCCCCCCCCCC)CC1,SL_2021,SL_2021,0
-0.5031093,-1.159794723,CCCCCCCCCCCCCOP(=O)(O)OCCN(CCCN1CCN(CCCN(CCOP(=O)(O)OCCCCCCCCCCCCC)CCOP(=O)(O)OCCCCCCCCCCCCC)CC1)CCOP(=O)(O)OCCCCCCCCCCCCC,SL_2021,SL_2021,0
-1.974327,-1.159794723,CCCCCCCCCCCCCOP(=O)(O)OCCNCCNCCN(CCNCCOP(=O)(O)OCCCCCCCCCCCCC)CCOP(=O)(O)OCCCCCCCCCCCCC,SL_2021,SL_2021,0
-1.7776998,-1.159794723,CCCCCCCCCCCCCOP(=O)(O)OCCNCCN(CCOP(=O)(O)OCCCCCCCCCCCCC)CCN(CCNCCOP(=O)(O)OCCCCCCCCCCCCC)CCOP(=O)(O)OCCCCCCCCCCCCC,SL_2021,SL_2021,0
-2.6606276,-1.159794723,CCCCCCCCCCCCCOP(=O)(O)OCCNCCCNCCCCNCCCNCCOP(=O)(O)OCCCCCCCCCCCCC,SL_2021,SL_2021,0
-2.2363036,-1.159794723,CCCCCCCCCCCCCOP(=O)(O)OCCNCCCNCCCCN(CCCNCCOP(=O)(O)OCCCCCCCCCCCCC)CCOP(=O)(O)OCCCCCCCCCCCCC,SL_2021,SL_2021,0
-1.7005535,-1.159794723,CCCCCCCCCCCCCOP(=O)(O)OCCNCCCN(CCCCN(CCCNCCOP(=O)(O)OCCCCCCCCCCCCC)CCOP(=O)(O)OCCCCCCCCCCCCC)CCOP(=O)(O)OCCCCCCCCCCCCC,SL_2021,SL_2021,0
-1.0067375,-1.159794723,CCCCCCCCCCCCCOP(=O)(O)OCCN(C)CCN(CCNC)CCN(C)CCOP(=O)(O)OCCCCCCCCCCCCC,SL_2021,SL_2021,0
-1.0193108,-1.159794723,CCCCCCCCCCCCCOP(=O)(O)OCCN(C)CCN(CCN(C)CCOP(=O)(O)OCCCCCCCCCCCCC)CCN(C)CCOP(=O)(O)OCCCCCCCCCCCCC,SL_2021,SL_2021,0
-1.1869988,-1.159794723,CCCCCCCCCCCCCOP(=O)(O)OCCN(C)CC[N+](CCOP(=O)(O)OCCCCCCCCCCCCC)(CCN(C)CCOP(=O)(O)OCCCCCCCCCCCCC)CCN(C)CCOP(=O)(O)OCCCCCCCCCCCCC,SL_2021,SL_2021,0
-2.341811,-1.159794723,CCCCCCCCCCCCCOP(=O)(O)OCCNCCN(CCN)CCNCCOP(=O)(O)OCCCCCCCCCCCCC,SL_2021,SL_2021,0
-1.9954506,-1.159794723,CCCCCCCCCCCCCOP(=O)(O)OCCNCCN(CCNCCOP(=O)(O)OCCCCCCCCCCCCC)CCN(CCOP(=O)(O)OCCCCCCCCCCCCC)CCOP(=O)(O)OCCCCCCCCCCCCC,SL_2021,SL_2021,0
-2.7989874,-1.159794723,CCCCCCCCCCCCCOP(=O)(O)OCCNCCNCCNCCNCCNCCOP(=O)(O)OCCCCCCCCCCCCC,SL_2021,SL_2021,0
-1.9610108,-1.159794723,CCCCCCCCCCCCCOP(=O)(O)OCCNCCNCCN(CCOP(=O)(O)OCCCCCCCCCCCCC)CCN(CCNCCOP(=O)(O)OCCCCCCCCCCCCC)CCOP(=O)(O)OCCCCCCCCCCCCC,SL_2021,SL_2021,0
-2.2776265,-1.159794723,CCCCCCCCCCCCCOP(=O)(O)OCCNCCN(CCOP(=O)(O)OCCCCCCCCCCCCC)CCN(CCOP(=O)(O)OCCCCCCCCCCCCC)CCN(CCNCCOP(=O)(O)OCCCCCCCCCCCCC)CCOP(=O)(O)OCCCCCCCCCCCCC,SL_2021,SL_2021,0
-3.961695,-1.159794723,CCCCCCCCCCCCCCOP(=O)(O)OCCNCCCCCCCCCC,SL_2021,SL_2021,0
-3.5913482,-1.159794723,CCCCCCCCCCCCCCNCCOP(=O)(O)OCCCCCCCCCCCCCC,SL_2021,SL_2021,0
-4.870622,-1.159794723,CCCCCCCCCCCCCCOP(=O)(O)OCCN(CCCC)CCCC,SL_2021,SL_2021,0
-2.6285386,-1.159794723,CCCCCCCCCCCCCCOP(=O)(O)OCCNCCN1CCN(CCOP(=O)(O)OCCCCCCCCCCCCCC)CC1,SL_2021,SL_2021,0
-1.4210818,-1.159794723,CCCCCCCCCCCCCCOP(=O)(O)OCCN(CCOP(=O)(O)OCCCCCCCCCCCCCC)CCN1CCN(CCOP(=O)(O)OCCCCCCCCCCCCCC)CC1,SL_2021,SL_2021,0
-1.4628882,-1.159794723,CCCCCCCCCCCCCCOP(=O)(O)OCCN(CCCN(C)C)CCCN(CCOP(=O)(O)OCCCCCCCCCCCCCC)CCOP(=O)(O)OCCCCCCCCCCCCCC,SL_2021,SL_2021,0
-1.7528211,-1.159794723,CCCCCCCCCCCCCCOP(=O)(O)OCCNCCCN(C)CCCN(CCOP(=O)(O)OCCCCCCCCCCCCCC)CCOP(=O)(O)OCCCCCCCCCCCCCC,SL_2021,SL_2021,0
-0.44245818,-1.159794723,CCCCCCCCCCCCCCOP(=O)(O)OCCN(CCCN1CCN(CCCN(CCOP(=O)(O)OCCCCCCCCCCCCCC)CCOP(=O)(O)OCCCCCCCCCCCCCC)CC1)CCOP(=O)(O)OCCCCCCCCCCCCCC,SL_2021,SL_2021,0
-1.9132518,-1.159794723,CCCCCCCCCCCCCCOP(=O)(O)OCCNCCNCCN(CCNCCOP(=O)(O)OCCCCCCCCCCCCCC)CCOP(=O)(O)OCCCCCCCCCCCCCC,SL_2021,SL_2021,0
-1.6780472,-1.159794723,CCCCCCCCCCCCCCOP(=O)(O)OCCNCCN(CCOP(=O)(O)OCCCCCCCCCCCCCC)CCN(CCNCCOP(=O)(O)OCCCCCCCCCCCCCC)CCOP(=O)(O)OCCCCCCCCCCCCCC,SL_2021,SL_2021,0
-2.8436825,-1.159794723,CCCCCCCCCCCCCCOP(=O)(O)OCCNCCCNCCCCNCCCNCCOP(=O)(O)OCCCCCCCCCCCCCC,SL_2021,SL_2021,0
-1.1629027,-1.159794723,CCCCCCCCCCCCCCOP(=O)(O)OCCNCCCN(CCCCN(CCCNCCOP(=O)(O)OCCCCCCCCCCCCCC)CCOP(=O)(O)OCCCCCCCCCCCCCC)CCOP(=O)(O)OCCCCCCCCCCCCCC,SL_2021,SL_2021,0
-1.2356683,-1.159794723,CCCCCCCCCCCCCCOP(=O)(O)OCCN(C)CCN(CCNC)CCN(C)CCOP(=O)(O)OCCCCCCCCCCCCCC,SL_2021,SL_2021,0
-0.6411417,-1.159794723,CCCCCCCCCCCCCCOP(=O)(O)OCCN(C)CCN(CCN(C)CCOP(=O)(O)OCCCCCCCCCCCCCC)CCN(C)CCOP(=O)(O)OCCCCCCCCCCCCCC,SL_2021,SL_2021,0
-1.2179185,-1.159794723,CCCCCCCCCCCCCCOP(=O)(O)OCCN(C)CC[N+](CCOP(=O)(O)OCCCCCCCCCCCCCC)(CCN(C)CCOP(=O)(O)OCCCCCCCCCCCCCC)CCN(C)CCOP(=O)(O)OCCCCCCCCCCCCCC,SL_2021,SL_2021,0
-2.4342968,-1.159794723,CCCCCCCCCCCCCCOP(=O)(O)OCCNCCN(CCN)CCNCCOP(=O)(O)OCCCCCCCCCCCCCC,SL_2021,SL_2021,0
-1.6787047,-1.159794723,CCCCCCCCCCCCCCOP(=O)(O)OCCNCCN(CCNCCOP(=O)(O)OCCCCCCCCCCCCCC)CCN(CCOP(=O)(O)OCCCCCCCCCCCCCC)CCOP(=O)(O)OCCCCCCCCCCCCCC,SL_2021,SL_2021,0
-2.6837392,-1.159794723,CCCCCCCCCCCCCCOP(=O)(O)OCCNCCNCCNCCNCCNCCOP(=O)(O)OCCCCCCCCCCCCCC,SL_2021,SL_2021,0
-2.1517544,-1.159794723,CCCCCCCCCCCCCCOP(=O)(O)OCCNCCNCCN(CCOP(=O)(O)OCCCCCCCCCCCCCC)CCN(CCNCCOP(=O)(O)OCCCCCCCCCCCCCC)CCOP(=O)(O)OCCCCCCCCCCCCCC,SL_2021,SL_2021,0
-1.7531325,-1.159794723,CCCCCCCCCCCCCCOP(=O)(O)OCCNCCN(CCOP(=O)(O)OCCCCCCCCCCCCCC)CCN(CCOP(=O)(O)OCCCCCCCCCCCCCC)CCN(CCNCCOP(=O)(O)OCCCCCCCCCCCCCC)CCOP(=O)(O)OCCCCCCCCCCCCCC,SL_2021,SL_2021,0
-3.3064442,-1.159794723,CCCCCCCCCCCCCCCOP(=O)(O)OCCNCCCCCCCCCCCCCC,SL_2021,SL_2021,0
-4.6628513,-1.159794723,CCCCCCCCCCCCCCCOP(=O)(O)OCCN(CCCC)CCCC,SL_2021,SL_2021,0
-2.909935,-1.159794723,CCCCCCCCCCCCCCCOP(=O)(O)OCCNCCOCCOCCNCCOP(=O)(O)OCCCCCCCCCCCCCCC,SL_2021,SL_2021,0
-1.3032745,-1.159794723,CCCCCCCCCCCCCCCOP(=O)(O)OCCN(CCOP(=O)(O)OCCCCCCCCCCCCCCC)CCN1CCN(CCOP(=O)(O)OCCCCCCCCCCCCCCC)CC1,SL_2021,SL_2021,0
-2.6147249,-1.159794723,CCCCCCCCCCCCCCCOP(=O)(O)OCCNCCCN(CCCN(C)C)CCOP(=O)(O)OCCCCCCCCCCCCCCC,SL_2021,SL_2021,0
-1.4119302,-1.159794723,CCCCCCCCCCCCCCCOP(=O)(O)OCCN(CCCN(C)C)CCCN(CCOP(=O)(O)OCCCCCCCCCCCCCCC)CCOP(=O)(O)OCCCCCCCCCCCCCCC,SL_2021,SL_2021,0
-2.3933916,-1.159794723,CCCCCCCCCCCCCCCOP(=O)(O)OCCNCCCN(C)CCCNCCOP(=O)(O)OCCCCCCCCCCCCCCC,SL_2021,SL_2021,0
-1.7317998,-1.159794723,CCCCCCCCCCCCCCCOP(=O)(O)OCCNCCCN(C)CCCN(CCOP(=O)(O)OCCCCCCCCCCCCCCC)CCOP(=O)(O)OCCCCCCCCCCCCCCC,SL_2021,SL_2021,0
-2.5318828,-1.159794723,CCCCCCCCCCCCCCCOP(=O)(O)OCCNCCCN1CCN(CCCNCCOP(=O)(O)OCCCCCCCCCCCCCCC)CC1,SL_2021,SL_2021,0
-1.0953513,-1.159794723,CCCCCCCCCCCCCCCOP(=O)(O)OCCN(CCCN1CCN(CCCN(CCOP(=O)(O)OCCCCCCCCCCCCCCC)CCOP(=O)(O)OCCCCCCCCCCCCCCC)CC1)CCOP(=O)(O)OCCCCCCCCCCCCCCC,SL_2021,SL_2021,0
-2.0238638,-1.159794723,CCCCCCCCCCCCCCCOP(=O)(O)OCCNCCNCCNCCNCCOP(=O)(O)OCCCCCCCCCCCCCCC,SL_2021,SL_2021,0
-2.1869304,-1.159794723,CCCCCCCCCCCCCCCOP(=O)(O)OCCNCCNCCN(CCNCCOP(=O)(O)OCCCCCCCCCCCCCCC)CCOP(=O)(O)OCCCCCCCCCCCCCCC,SL_2021,SL_2021,0
-1.6418812,-1.159794723,CCCCCCCCCCCCCCCOP(=O)(O)OCCNCCN(CCOP(=O)(O)OCCCCCCCCCCCCCCC)CCN(CCNCCOP(=O)(O)OCCCCCCCCCCCCCCC)CCOP(=O)(O)OCCCCCCCCCCCCCCC,SL_2021,SL_2021,0
-2.7985365,-1.159794723,CCCCCCCCCCCCCCCOP(=O)(O)OCCNCCCNCCCCNCCCNCCOP(=O)(O)OCCCCCCCCCCCCCCC,SL_2021,SL_2021,0
-1.2107862,-1.159794723,CCCCCCCCCCCCCCCOP(=O)(O)OCCNCCCN(CCCCN(CCCNCCOP(=O)(O)OCCCCCCCCCCCCCCC)CCOP(=O)(O)OCCCCCCCCCCCCCCC)CCOP(=O)(O)OCCCCCCCCCCCCCCC,SL_2021,SL_2021,0
-0.8327792,-1.159794723,CCCCCCCCCCCCCCCOP(=O)(O)OCCN(C)CCN(CCN(C)CCOP(=O)(O)OCCCCCCCCCCCCCCC)CCN(C)CCOP(=O)(O)OCCCCCCCCCCCCCCC,SL_2021,SL_2021,0
-1.439376,-1.159794723,CCCCCCCCCCCCCCCOP(=O)(O)OCCN(C)CC[N+](CCOP(=O)(O)OCCCCCCCCCCCCCCC)(CCN(C)CCOP(=O)(O)OCCCCCCCCCCCCCCC)CCN(C)CCOP(=O)(O)OCCCCCCCCCCCCCCC,SL_2021,SL_2021,0
-2.0789974,-1.159794723,CCCCCCCCCCCCCCCOP(=O)(O)OCCNCCN(CCNCCOP(=O)(O)OCCCCCCCCCCCCCCC)CCNCCOP(=O)(O)OCCCCCCCCCCCCCCC,SL_2021,SL_2021,0
-1.8213828,-1.159794723,CCCCCCCCCCCCCCCOP(=O)(O)OCCNCCN(CCNCCOP(=O)(O)OCCCCCCCCCCCCCCC)CCN(CCOP(=O)(O)OCCCCCCCCCCCCCCC)CCOP(=O)(O)OCCCCCCCCCCCCCCC,SL_2021,SL_2021,0
-2.7883987,-1.159794723,CCCCCCCCCCCCCCCOP(=O)(O)OCCNCCNCCNCCNCCNCCOP(=O)(O)OCCCCCCCCCCCCCCC,SL_2021,SL_2021,0
-1.9146146,-1.159794723,CCCCCCCCCCCCCCCOP(=O)(O)OCCNCCNCCN(CCOP(=O)(O)OCCCCCCCCCCCCCCC)CCN(CCNCCOP(=O)(O)OCCCCCCCCCCCCCCC)CCOP(=O)(O)OCCCCCCCCCCCCCCC,SL_2021,SL_2021,0
-2.1474705,-1.159794723,CCCCCCCCCCCCCCCOP(=O)(O)OCCNCCN(CCOP(=O)(O)OCCCCCCCCCCCCCCC)CCN(CCOP(=O)(O)OCCCCCCCCCCCCCCC)CCN(CCNCCOP(=O)(O)OCCCCCCCCCCCCCCC)CCOP(=O)(O)OCCCCCCCCCCCCCCC,SL_2021,SL_2021,0
-3.92448,-1.159794723,CCCCCCCCCCCCCCCCOP(=O)(O)OCCNCCCCCCCCCC,SL_2021,SL_2021,0
-3.3255882,-1.159794723,CCCCCCCCCCCCCCCCOP(=O)(O)OCCNCCCCCCCCCCCC,SL_2021,SL_2021,0
-3.1723642,-1.159794723,CCCCCCCCCCCCCCCCOP(=O)(O)OCCNCCCCCCCCCCCCCC,SL_2021,SL_2021,0
-2.8569827,-1.159794723,CCCCCCCCCCCCCCCCOP(=O)(O)OCCNCCOCCOCCNCCOP(=O)(O)OCCCCCCCCCCCCCCCC,SL_2021,SL_2021,0
-2.3212194,-1.159794723,CCCCCCCCCCCCCCCCOP(=O)(O)OCCNCCN1CCN(CCOP(=O)(O)OCCCCCCCCCCCCCCCC)CC1,SL_2021,SL_2021,0
-1.0473758,-1.159794723,CCCCCCCCCCCCCCCCOP(=O)(O)OCCN(CCOP(=O)(O)OCCCCCCCCCCCCCCCC)CCN1CCN(CCOP(=O)(O)OCCCCCCCCCCCCCCCC)CC1,SL_2021,SL_2021,0
-2.3715923,-1.159794723,CCCCCCCCCCCCCCCCOP(=O)(O)OCCNCCCN(CCCN(C)C)CCOP(=O)(O)OCCCCCCCCCCCCCCCC,SL_2021,SL_2021,0
-1.3251374,-1.159794723,CCCCCCCCCCCCCCCCOP(=O)(O)OCCN(CCCN(C)C)CCCN(CCOP(=O)(O)OCCCCCCCCCCCCCCCC)CCOP(=O)(O)OCCCCCCCCCCCCCCCC,SL_2021,SL_2021,0
-2.3090029,-1.159794723,CCCCCCCCCCCCCCCCOP(=O)(O)OCCNCCCN(C)CCCNCCOP(=O)(O)OCCCCCCCCCCCCCCCC,SL_2021,SL_2021,0
-1.9537946,-1.159794723,CCCCCCCCCCCCCCCCOP(=O)(O)OCCNCCCN(C)CCCN(CCOP(=O)(O)OCCCCCCCCCCCCCCCC)CCOP(=O)(O)OCCCCCCCCCCCCCCCC,SL_2021,SL_2021,0
-2.672359,-1.159794723,CCCCCCCCCCCCCCCCOP(=O)(O)OCCNCCCN1CCN(CCCNCCOP(=O)(O)OCCCCCCCCCCCCCCCC)CC1,SL_2021,SL_2021,0
-1.2827412,-1.159794723,CCCCCCCCCCCCCCCCOP(=O)(O)OCCNCCCN1CCN(CCCN(CCOP(=O)(O)OCCCCCCCCCCCCCCCC)CCOP(=O)(O)OCCCCCCCCCCCCCCCC)CC1,SL_2021,SL_2021,0
-1.3339602,-1.159794723,CCCCCCCCCCCCCCCCOP(=O)(O)OCCN(CCCN1CCN(CCCN(CCOP(=O)(O)OCCCCCCCCCCCCCCCC)CCOP(=O)(O)OCCCCCCCCCCCCCCCC)CC1)CCOP(=O)(O)OCCCCCCCCCCCCCCCC,SL_2021,SL_2021,0
-1.7196555,-1.159794723,CCCCCCCCCCCCCCCCOP(=O)(O)OCCNCCNCCNCCNCCOP(=O)(O)OCCCCCCCCCCCCCCCC,SL_2021,SL_2021,0
-1.9477462,-1.159794723,CCCCCCCCCCCCCCCCOP(=O)(O)OCCNCCNCCN(CCNCCOP(=O)(O)OCCCCCCCCCCCCCCCC)CCOP(=O)(O)OCCCCCCCCCCCCCCCC,SL_2021,SL_2021,0
-1.5222208,-1.159794723,CCCCCCCCCCCCCCCCOP(=O)(O)OCCNCCN(CCOP(=O)(O)OCCCCCCCCCCCCCCCC)CCN(CCNCCOP(=O)(O)OCCCCCCCCCCCCCCCC)CCOP(=O)(O)OCCCCCCCCCCCCCCCC,SL_2021,SL_2021,0
-2.4460614,-1.159794723,CCCCCCCCCCCCCCCCOP(=O)(O)OCCNCCCNCCCCNCCCNCCOP(=O)(O)OCCCCCCCCCCCCCCCC,SL_2021,SL_2021,0
-1.573398,-1.159794723,CCCCCCCCCCCCCCCCOP(=O)(O)OCCNCCCN(CCCCN(CCCNCCOP(=O)(O)OCCCCCCCCCCCCCCCC)CCOP(=O)(O)OCCCCCCCCCCCCCCCC)CCOP(=O)(O)OCCCCCCCCCCCCCCCC,SL_2021,SL_2021,0
-0.9802301,-1.159794723,CCCCCCCCCCCCCCCCOP(=O)(O)OCCN(C)CCN(CCNC)CCN(C)CCOP(=O)(O)OCCCCCCCCCCCCCCCC,SL_2021,SL_2021,0
-0.6559239,-1.159794723,CCCCCCCCCCCCCCCCOP(=O)(O)OCCN(C)CCN(CCN(C)CCOP(=O)(O)OCCCCCCCCCCCCCCCC)CCN(C)CCOP(=O)(O)OCCCCCCCCCCCCCCCC,SL_2021,SL_2021,0
-1.7496529,-1.159794723,CCCCCCCCCCCCCCCCOP(=O)(O)OCCN(C)CC[N+](CCOP(=O)(O)OCCCCCCCCCCCCCCCC)(CCN(C)CCOP(=O)(O)OCCCCCCCCCCCCCCCC)CCN(C)CCOP(=O)(O)OCCCCCCCCCCCCCCCC,SL_2021,SL_2021,0
-1.7079214,-1.159794723,CCCCCCCCCCCCCCCCOP(=O)(O)OCCNCCN(CCN)CCNCCOP(=O)(O)OCCCCCCCCCCCCCCCC,SL_2021,SL_2021,0
-2.058864,-1.159794723,CCCCCCCCCCCCCCCCOP(=O)(O)OCCNCCN(CCNCCOP(=O)(O)OCCCCCCCCCCCCCCCC)CCNCCOP(=O)(O)OCCCCCCCCCCCCCCCC,SL_2021,SL_2021,0
-1.6537174,-1.159794723,CCCCCCCCCCCCCCCCOP(=O)(O)OCCNCCN(CCNCCOP(=O)(O)OCCCCCCCCCCCCCCCC)CCN(CCOP(=O)(O)OCCCCCCCCCCCCCCCC)CCOP(=O)(O)OCCCCCCCCCCCCCCCC,SL_2021,SL_2021,0
-2.9514103,-1.159794723,CCCCCCCCCCCCCCCCOP(=O)(O)OCCNCCNCCNCCNCCNCCOP(=O)(O)OCCCCCCCCCCCCCCCC,SL_2021,SL_2021,0
-2.3603191,-1.159794723,CCCCCCCCCCCCCCCCOP(=O)(O)OCCNCCNCCN(CCNCCNCCOP(=O)(O)OCCCCCCCCCCCCCCCC)CCOP(=O)(O)OCCCCCCCCCCCCCCCC,SL_2021,SL_2021,0
-1.7489266,-1.159794723,CCCCCCCCCCCCCCCCOP(=O)(O)OCCNCCNCCN(CCOP(=O)(O)OCCCCCCCCCCCCCCCC)CCN(CCNCCOP(=O)(O)OCCCCCCCCCCCCCCCC)CCOP(=O)(O)OCCCCCCCCCCCCCCCC,SL_2021,SL_2021,0
-2.811791,-1.159794723,CCCCCCCCCCCCCCCCOP(=O)(O)OCCNCCN(CCOP(=O)(O)OCCCCCCCCCCCCCCCC)CCN(CCOP(=O)(O)OCCCCCCCCCCCCCCCC)CCN(CCNCCOP(=O)(O)OCCCCCCCCCCCCCCCC)CCOP(=O)(O)OCCCCCCCCCCCCCCCC,SL_2021,SL_2021,0
-4.3541903,-0.931278187,CCCCOC(=O)CCNCC(C)(C)CNC(=O)c1cc2ccc1CCc1ccc(c(C(=O)NCC(C)(C)CN(CCC(=O)OCCCC)CCC(=O)OCCCC)c1)CC2,SW_2024,SW_2024,0
-3.9055924,-0.931278187,CCCCCCOC(=O)CCNCC(C)(C)CNC(=O)c1cc2ccc1CCc1ccc(c(C(=O)NCC(C)(C)CN(CCC(=O)OCCCCCC)CCC(=O)OCCCCCC)c1)CC2,SW_2024,SW_2024,0
-4.085731,-0.931278187,CCCCCCCCOC(=O)CCNCC(C)(C)CNC(=O)c1cc2ccc1CCc1ccc(c(C(=O)NCC(C)(C)CN(CCC(=O)OCCCCCCCC)CCC(=O)OCCCCCCCC)c1)CC2,SW_2024,SW_2024,0
-4.263925,0.201357446,CC(C)CCCCCOC(=O)CCNCC(C)(C)CNC(=O)c1cc2ccc1CCc1ccc(c(C(=O)NCC(C)(C)CN(CCC(=O)OCCCCCC(C)C)CCC(=O)OCCCCCC(C)C)c1)CC2,SW_2024,SW_2024,1
-3.7659883,-0.931278187,CCCCCCCCCCOC(=O)CCNCC(C)(C)CNC(=O)c1cc2ccc1CCc1ccc(c(C(=O)NCC(C)(C)CN(CCC(=O)OCCCCCCCCCC)CCC(=O)OCCCCCCCCCC)c1)CC2,SW_2024,SW_2024,0
-3.4737659,0.201357446,CC(C)CCCCCCCOC(=O)CCNCC(C)(C)CNC(=O)c1cc2ccc1CCc1ccc(c(C(=O)NCC(C)(C)CN(CCC(=O)OCCCCCCCC(C)C)CCC(=O)OCCCCCCCC(C)C)c1)CC2,SW_2024,SW_2024,1
-3.8600194,-0.931278187,CCCCCCCCCCCCOC(=O)CCNCC(C)(C)CNC(=O)c1cc2ccc1CCc1ccc(c(C(=O)NCC(C)(C)CN(CCC(=O)OCCCCCCCCCCCC)CCC(=O)OCCCCCCCCCCCC)c1)CC2,SW_2024,SW_2024,0
-4.081392,-0.931278187,CCCCCCCCCCCCCCOC(=O)CCNCC(C)(C)CNC(=O)c1cc2ccc1CCc1ccc(c(C(=O)NCC(C)(C)CN(CCC(=O)OCCCCCCCCCCCCCC)CCC(=O)OCCCCCCCCCCCCCC)c1)CC2,SW_2024,SW_2024,0
-4.0605445,-0.931278187,CCCCCCCCCCCCCCCCOC(=O)CCNCC(C)(C)CNC(=O)c1cc2ccc1CCc1ccc(c(C(=O)NCC(C)(C)CN(CCC(=O)OCCCCCCCCCCCCCCCC)CCC(=O)OCCCCCCCCCCCCCCCC)c1)CC2,SW_2024,SW_2024,0
-4.244146,-0.931278187,CCCCCCCCCCCCCCCCCCOC(=O)CCNCC(C)(C)CNC(=O)c1cc2ccc1CCc1ccc(c(C(=O)NCC(C)(C)CN(CCC(=O)OCCCCCCCCCCCCCCCCCC)CCC(=O)OCCCCCCCCCCCCCCCCCC)c1)CC2,SW_2024,SW_2024,0
-4.0162225,-0.931278187,CCC(O)CNCC(C)(C)CNC(=O)c1cc2ccc1CCc1ccc(c(C(=O)NCC(C)(C)CN(CC(O)CC)CC(O)CC)c1)CC2,SW_2024,SW_2024,0
-3.8978627,-0.931278187,CCCCC(O)CNCC(C)(C)CNC(=O)c1cc2ccc1CCc1ccc(c(C(=O)NCC(C)(C)CN(CC(O)CCCC)CC(O)CCCC)c1)CC2,SW_2024,SW_2024,0
-4.007654,0.201357446,CCCCCCC(O)CNCC(C)(C)CNC(=O)c1cc2ccc1CCc1ccc(c(C(=O)NCC(C)(C)CN(CC(O)CCCCCC)CC(O)CCCCCC)c1)CC2,SW_2024,SW_2024,1
-4.0387697,0.201357446,CCCCCCCCC(O)CNCC(C)(C)CNC(=O)c1cc2ccc1CCc1ccc(c(C(=O)NCC(C)(C)CN(CC(O)CCCCCCCC)CC(O)CCCCCCCC)c1)CC2,SW_2024,SW_2024,1
-4.4675426,0.201357446,CCCCCCCCCCC(O)CNCC(C)(C)CNC(=O)c1cc2ccc1CCc1ccc(c(C(=O)NCC(C)(C)CN(CC(O)CCCCCCCCCC)CC(O)CCCCCCCCCC)c1)CC2,SW_2024,SW_2024,1
-4.4121733,-0.931278187,CCCCCCCCCCCCC(O)CNCC(C)(C)CNC(=O)c1cc2ccc1CCc1ccc(c(C(=O)NCC(C)(C)CN(CC(O)CCCCCCCCCCCC)CC(O)CCCCCCCCCCCC)c1)CC2,SW_2024,SW_2024,0
-4.601311,-0.931278187,CCCCCCCCCCCCCCC(O)CNCC(C)(C)CNC(=O)c1cc2ccc1CCc1ccc(c(C(=O)NCC(C)(C)CN(CC(O)CCCCCCCCCCCCCC)CC(O)CCCCCCCCCCCCCC)c1)CC2,SW_2024,SW_2024,0
-4.830834,1.333993079,CCCCCCCCCCCCCCCCC(O)CNCC(C)(C)CNC(=O)c1cc2ccc1CCc1ccc(c(C(=O)NCC(C)(C)CN(CC(O)CCCCCCCCCCCCCCCC)CC(O)CCCCCCCCCCCCCCCC)c1)CC2,SW_2024,SW_2024,2
-4.592441,-0.931278187,CCCCOC(=O)CCNCCCNC(=O)c1cc2ccc1CCc1ccc(c(C(=O)NCCCN(CCC(=O)OCCCC)CCC(=O)OCCCC)c1)CC2,SW_2024,SW_2024,0
-4.0647945,0.201357446,CCCCCCOC(=O)CCNCCCNC(=O)c1cc2ccc1CCc1ccc(c(C(=O)NCCCN(CCC(=O)OCCCCCC)CCC(=O)OCCCCCC)c1)CC2,SW_2024,SW_2024,1
-3.8809636,1.333993079,CCCCCCCCOC(=O)CCNCCCNC(=O)c1cc2ccc1CCc1ccc(c(C(=O)NCCCN(CCC(=O)OCCCCCCCC)CCC(=O)OCCCCCCCC)c1)CC2,SW_2024,SW_2024,2
-3.4358497,2.466628713,CC(C)CCCCCOC(=O)CCNCCCNC(=O)c1cc2ccc1CCc1ccc(c(C(=O)NCCCN(CCC(=O)OCCCCCC(C)C)CCC(=O)OCCCCCC(C)C)c1)CC2,SW_2024,SW_2024,3
-3.7781398,-0.931278187,CCCCCCCCCCOC(=O)CCNCCCNC(=O)c1cc2ccc1CCc1ccc(c(C(=O)NCCCN(CCC(=O)OCCCCCCCCCC)CCC(=O)OCCCCCCCCCC)c1)CC2,SW_2024,SW_2024,0
-3.6243753,1.333993079,CC(C)CCCCCCCOC(=O)CCNCCCNC(=O)c1cc2ccc1CCc1ccc(c(C(=O)NCCCN(CCC(=O)OCCCCCCCC(C)C)CCC(=O)OCCCCCCCC(C)C)c1)CC2,SW_2024,SW_2024,2
-4.207987,0.201357446,CCCCCCCCCCCCOC(=O)CCNCCCNC(=O)c1cc2ccc1CCc1ccc(c(C(=O)NCCCN(CCC(=O)OCCCCCCCCCCCC)CCC(=O)OCCCCCCCCCCCC)c1)CC2,SW_2024,SW_2024,1
-3.9397852,0.201357446,CCCCCCCCCCCCCCOC(=O)CCNCCCNC(=O)c1cc2ccc1CCc1ccc(c(C(=O)NCCCN(CCC(=O)OCCCCCCCCCCCCCC)CCC(=O)OCCCCCCCCCCCCCC)c1)CC2,SW_2024,SW_2024,1
-3.816362,-0.931278187,CCCCCCCCCCCCCCCCOC(=O)CCNCCCNC(=O)c1cc2ccc1CCc1ccc(c(C(=O)NCCCN(CCC(=O)OCCCCCCCCCCCCCCCC)CCC(=O)OCCCCCCCCCCCCCCCC)c1)CC2,SW_2024,SW_2024,0
-3.9023678,-0.931278187,CCCCCCCCCCCCCCCCCCOC(=O)CCNCCCNC(=O)c1cc2ccc1CCc1ccc(c(C(=O)NCCCN(CCC(=O)OCCCCCCCCCCCCCCCCCC)CCC(=O)OCCCCCCCCCCCCCCCCCC)c1)CC2,SW_2024,SW_2024,0
-3.9347072,-0.931278187,CCC(O)CNCCCNC(=O)c1cc2ccc1CCc1ccc(c(C(=O)NCCCN(CC(O)CC)CC(O)CC)c1)CC2,SW_2024,SW_2024,0
-3.4748437,-0.931278187,CCCCC(O)CNCCCNC(=O)c1cc2ccc1CCc1ccc(c(C(=O)NCCCN(CC(O)CCCC)CC(O)CCCC)c1)CC2,SW_2024,SW_2024,0
-3.9168901,0.201357446,CCCCCCC(O)CNCCCNC(=O)c1cc2ccc1CCc1ccc(c(C(=O)NCCCN(CC(O)CCCCCC)CC(O)CCCCCC)c1)CC2,SW_2024,SW_2024,1
-3.6688895,1.333993079,CCCCCCCCC(O)CNCCCNC(=O)c1cc2ccc1CCc1ccc(c(C(=O)NCCCN(CC(O)CCCCCCCC)CC(O)CCCCCCCC)c1)CC2,SW_2024,SW_2024,2
-3.7358024,1.333993079,CCCCCCCCCCC(O)CNCCCNC(=O)c1cc2ccc1CCc1ccc(c(C(=O)NCCCN(CC(O)CCCCCCCCCC)CC(O)CCCCCCCCCC)c1)CC2,SW_2024,SW_2024,2
-3.9360194,1.333993079,CCCCCCCCCCCCC(O)CNCCCNC(=O)c1cc2ccc1CCc1ccc(c(C(=O)NCCCN(CC(O)CCCCCCCCCCCC)CC(O)CCCCCCCCCCCC)c1)CC2,SW_2024,SW_2024,2
-4.2592764,0.201357446,CCCCCCCCCCCCCCC(O)CNCCCNC(=O)c1cc2ccc1CCc1ccc(c(C(=O)NCCCN(CC(O)CCCCCCCCCCCCCC)CC(O)CCCCCCCCCCCCCC)c1)CC2,SW_2024,SW_2024,1
-4.3029294,0.201357446,CCCCCCCCCCCCCCCCC(O)CNCCCNC(=O)c1cc2ccc1CCc1ccc(c(C(=O)NCCCN(CC(O)CCCCCCCCCCCCCCCC)CC(O)CCCCCCCCCCCCCCCC)c1)CC2,SW_2024,SW_2024,1
-4.595775,-0.931278187,CCCCOC(=O)CCNCCCCNC(=O)c1cc2ccc1CCc1ccc(c(C(=O)NCCCCN(CCC(=O)OCCCC)CCC(=O)OCCCC)c1)CC2,SW_2024,SW_2024,0
-4.123855,0.201357446,CCCCCCOC(=O)CCNCCCCNC(=O)c1cc2ccc1CCc1ccc(c(C(=O)NCCCCN(CCC(=O)OCCCCCC)CCC(=O)OCCCCCC)c1)CC2,SW_2024,SW_2024,1
-3.785526,0.201357446,CCCCCCCCOC(=O)CCNCCCCNC(=O)c1cc2ccc1CCc1ccc(c(C(=O)NCCCCN(CCC(=O)OCCCCCCCC)CCC(=O)OCCCCCCCC)c1)CC2,SW_2024,SW_2024,1
-3.4961662,1.333993079,CC(C)CCCCCOC(=O)CCNCCCCNC(=O)c1cc2ccc1CCc1ccc(c(C(=O)NCCCCN(CCC(=O)OCCCCCC(C)C)CCC(=O)OCCCCCC(C)C)c1)CC2,SW_2024,SW_2024,2
-4.1481595,0.201357446,CCCCCCCCCCOC(=O)CCNCCCCNC(=O)c1cc2ccc1CCc1ccc(c(C(=O)NCCCCN(CCC(=O)OCCCCCCCCCC)CCC(=O)OCCCCCCCCCC)c1)CC2,SW_2024,SW_2024,1
-3.5390866,1.333993079,CC(C)CCCCCCCOC(=O)CCNCCCCNC(=O)c1cc2ccc1CCc1ccc(c(C(=O)NCCCCN(CCC(=O)OCCCCCCCC(C)C)CCC(=O)OCCCCCCCC(C)C)c1)CC2,SW_2024,SW_2024,2
-3.6492796,0.201357446,CCCCCCCCCCCCOC(=O)CCNCCCCNC(=O)c1cc2ccc1CCc1ccc(c(C(=O)NCCCCN(CCC(=O)OCCCCCCCCCCCC)CCC(=O)OCCCCCCCCCCCC)c1)CC2,SW_2024,SW_2024,1
-4.459861,0.201357446,CCCCCCCCCCCCCCOC(=O)CCNCCCCNC(=O)c1cc2ccc1CCc1ccc(c(C(=O)NCCCCN(CCC(=O)OCCCCCCCCCCCCCC)CCC(=O)OCCCCCCCCCCCCCC)c1)CC2,SW_2024,SW_2024,1
-3.9625945,-0.931278187,CCCCCCCCCCCCCCCCOC(=O)CCNCCCCNC(=O)c1cc2ccc1CCc1ccc(c(C(=O)NCCCCN(CCC(=O)OCCCCCCCCCCCCCCCC)CCC(=O)OCCCCCCCCCCCCCCCC)c1)CC2,SW_2024,SW_2024,0
-3.7942529,-0.931278187,CCCCCCCCCCCCCCCCCCOC(=O)CCNCCCCNC(=O)c1cc2ccc1CCc1ccc(c(C(=O)NCCCCN(CCC(=O)OCCCCCCCCCCCCCCCCCC)CCC(=O)OCCCCCCCCCCCCCCCCCC)c1)CC2,SW_2024,SW_2024,0
-3.7527752,-0.931278187,CCC(O)CNCCCCNC(=O)c1cc2ccc1CCc1ccc(c(C(=O)NCCCCN(CC(O)CC)CC(O)CC)c1)CC2,SW_2024,SW_2024,0
-3.6216094,-0.931278187,CCCCC(O)CNCCCCNC(=O)c1cc2ccc1CCc1ccc(c(C(=O)NCCCCN(CC(O)CCCC)CC(O)CCCC)c1)CC2,SW_2024,SW_2024,0
-4.1230197,-0.931278187,CCCCCCC(O)CNCCCCNC(=O)c1cc2ccc1CCc1ccc(c(C(=O)NCCCCN(CC(O)CCCCCC)CC(O)CCCCCC)c1)CC2,SW_2024,SW_2024,0
-4.08521,1.333993079,CCCCCCCCC(O)CNCCCCNC(=O)c1cc2ccc1CCc1ccc(c(C(=O)NCCCCN(CC(O)CCCCCCCC)CC(O)CCCCCCCC)c1)CC2,SW_2024,SW_2024,2
-4.045792,2.466628713,CCCCCCCCCCC(O)CNCCCCNC(=O)c1cc2ccc1CCc1ccc(c(C(=O)NCCCCN(CC(O)CCCCCCCCCC)CC(O)CCCCCCCCCC)c1)CC2,SW_2024,SW_2024,3
-4.132906,2.466628713,CCCCCCCCCCCCC(O)CNCCCCNC(=O)c1cc2ccc1CCc1ccc(c(C(=O)NCCCCN(CC(O)CCCCCCCCCCCC)CC(O)CCCCCCCCCCCC)c1)CC2,SW_2024,SW_2024,3
-3.7455485,1.333993079,CCCCCCCCCCCCCCC(O)CNCCCCNC(=O)c1cc2ccc1CCc1ccc(c(C(=O)NCCCCN(CC(O)CCCCCCCCCCCCCC)CC(O)CCCCCCCCCCCCCC)c1)CC2,SW_2024,SW_2024,2
-4.3913035,0.201357446,CCCCCCCCCCCCCCCCC(O)CNCCCCNC(=O)c1cc2ccc1CCc1ccc(c(C(=O)NCCCCN(CC(O)CCCCCCCCCCCCCCCC)CC(O)CCCCCCCCCCCCCCCC)c1)CC2,SW_2024,SW_2024,1
-4.312419,0.201357446,CCCCOC(=O)CCNCCCCCNC(=O)c1cc2ccc1CCc1ccc(c(C(=O)NCCCCCN(CCC(=O)OCCCC)CCC(=O)OCCCC)c1)CC2,SW_2024,SW_2024,1
-4.214173,1.333993079,CCCCCCOC(=O)CCNCCCCCNC(=O)c1cc2ccc1CCc1ccc(c(C(=O)NCCCCCN(CCC(=O)OCCCCCC)CCC(=O)OCCCCCC)c1)CC2,SW_2024,SW_2024,2
-3.5870311,1.333993079,CCCCCCCCOC(=O)CCNCCCCCNC(=O)c1cc2ccc1CCc1ccc(c(C(=O)NCCCCCN(CCC(=O)OCCCCCCCC)CCC(=O)OCCCCCCCC)c1)CC2,SW_2024,SW_2024,2
-2.9086657,1.333993079,CC(C)CCCCCOC(=O)CCNCCCCCNC(=O)c1cc2ccc1CCc1ccc(c(C(=O)NCCCCCN(CCC(=O)OCCCCCC(C)C)CCC(=O)OCCCCCC(C)C)c1)CC2,SW_2024,SW_2024,2
-3.6344793,0.201357446,CCCCCCCCCCOC(=O)CCNCCCCCNC(=O)c1cc2ccc1CCc1ccc(c(C(=O)NCCCCCN(CCC(=O)OCCCCCCCCCC)CCC(=O)OCCCCCCCCCC)c1)CC2,SW_2024,SW_2024,1
-3.5170927,0.201357446,CC(C)CCCCCCCOC(=O)CCNCCCCCNC(=O)c1cc2ccc1CCc1ccc(c(C(=O)NCCCCCN(CCC(=O)OCCCCCCCC(C)C)CCC(=O)OCCCCCCCC(C)C)c1)CC2,SW_2024,SW_2024,1
-4.1490455,0.201357446,CCCCCCCCCCCCOC(=O)CCNCCCCCNC(=O)c1cc2ccc1CCc1ccc(c(C(=O)NCCCCCN(CCC(=O)OCCCCCCCCCCCC)CCC(=O)OCCCCCCCCCCCC)c1)CC2,SW_2024,SW_2024,1
-4.4080806,0.201357446,CCCCCCCCCCCCCCOC(=O)CCNCCCCCNC(=O)c1cc2ccc1CCc1ccc(c(C(=O)NCCCCCN(CCC(=O)OCCCCCCCCCCCCCC)CCC(=O)OCCCCCCCCCCCCCC)c1)CC2,SW_2024,SW_2024,1
-4.2447596,0.201357446,CCCCCCCCCCCCCCCCOC(=O)CCNCCCCCNC(=O)c1cc2ccc1CCc1ccc(c(C(=O)NCCCCCN(CCC(=O)OCCCCCCCCCCCCCCCC)CCC(=O)OCCCCCCCCCCCCCCCC)c1)CC2,SW_2024,SW_2024,1
-3.7160473,-0.931278187,CCCCCCCCCCCCCCCCCCOC(=O)CCNCCCCCNC(=O)c1cc2ccc1CCc1ccc(c(C(=O)NCCCCCN(CCC(=O)OCCCCCCCCCCCCCCCCCC)CCC(=O)OCCCCCCCCCCCCCCCCCC)c1)CC2,SW_2024,SW_2024,0
-3.9027128,-0.931278187,CCC(O)CNCCCCCNC(=O)c1cc2ccc1CCc1ccc(c(C(=O)NCCCCCN(CC(O)CC)CC(O)CC)c1)CC2,SW_2024,SW_2024,0
-3.2502816,-0.931278187,CCCCC(O)CNCCCCCNC(=O)c1cc2ccc1CCc1ccc(c(C(=O)NCCCCCN(CC(O)CCCC)CC(O)CCCC)c1)CC2,SW_2024,SW_2024,0
-4.090088,0.201357446,CCCCCCC(O)CNCCCCCNC(=O)c1cc2ccc1CCc1ccc(c(C(=O)NCCCCCN(CC(O)CCCCCC)CC(O)CCCCCC)c1)CC2,SW_2024,SW_2024,1
-3.9566197,0.201357446,CCCCCCCCC(O)CNCCCCCNC(=O)c1cc2ccc1CCc1ccc(c(C(=O)NCCCCCN(CC(O)CCCCCCCC)CC(O)CCCCCCCC)c1)CC2,SW_2024,SW_2024,1
-3.9250298,2.466628713,CCCCCCCCCCC(O)CNCCCCCNC(=O)c1cc2ccc1CCc1ccc(c(C(=O)NCCCCCN(CC(O)CCCCCCCCCC)CC(O)CCCCCCCCCC)c1)CC2,SW_2024,SW_2024,3
-3.7968252,2.466628713,CCCCCCCCCCCCC(O)CNCCCCCNC(=O)c1cc2ccc1CCc1ccc(c(C(=O)NCCCCCN(CC(O)CCCCCCCCCCCC)CC(O)CCCCCCCCCCCC)c1)CC2,SW_2024,SW_2024,3
-3.743443,1.333993079,CCCCCCCCCCCCCCC(O)CNCCCCCNC(=O)c1cc2ccc1CCc1ccc(c(C(=O)NCCCCCN(CC(O)CCCCCCCCCCCCCC)CC(O)CCCCCCCCCCCCCC)c1)CC2,SW_2024,SW_2024,2
-4.250517,0.201357446,CCCCCCCCCCCCCCCCC(O)CNCCCCCNC(=O)c1cc2ccc1CCc1ccc(c(C(=O)NCCCCCN(CC(O)CCCCCCCCCCCCCCCC)CC(O)CCCCCCCCCCCCCCCC)c1)CC2,SW_2024,SW_2024,1
-4.335087,1.333993079,CCCCOC(=O)CCNCCCCCCNC(=O)c1cc2ccc1CCc1ccc(c(C(=O)NCCCCCCN(CCC(=O)OCCCC)CCC(=O)OCCCC)c1)CC2,SW_2024,SW_2024,2
-3.8687263,1.333993079,CCCCCCOC(=O)CCNCCCCCCNC(=O)c1cc2ccc1CCc1ccc(c(C(=O)NCCCCCCN(CCC(=O)OCCCCCC)CCC(=O)OCCCCCC)c1)CC2,SW_2024,SW_2024,2
-3.250825,0.201357446,CCCCCCCCOC(=O)CCNCCCCCCNC(=O)c1cc2ccc1CCc1ccc(c(C(=O)NCCCCCCN(CCC(=O)OCCCCCCCC)CCC(=O)OCCCCCCCC)c1)CC2,SW_2024,SW_2024,1
-3.1603217,1.333993079,CC(C)CCCCCOC(=O)CCNCCCCCCNC(=O)c1cc2ccc1CCc1ccc(c(C(=O)NCCCCCCN(CCC(=O)OCCCCCC(C)C)CCC(=O)OCCCCCC(C)C)c1)CC2,SW_2024,SW_2024,2
-3.8602622,0.201357446,CCCCCCCCCCOC(=O)CCNCCCCCCNC(=O)c1cc2ccc1CCc1ccc(c(C(=O)NCCCCCCN(CCC(=O)OCCCCCCCCCC)CCC(=O)OCCCCCCCCCC)c1)CC2,SW_2024,SW_2024,1
-3.712051,1.333993079,CC(C)CCCCCCCOC(=O)CCNCCCCCCNC(=O)c1cc2ccc1CCc1ccc(c(C(=O)NCCCCCCN(CCC(=O)OCCCCCCCC(C)C)CCC(=O)OCCCCCCCC(C)C)c1)CC2,SW_2024,SW_2024,2
-4.1220207,0.201357446,CCCCCCCCCCCCOC(=O)CCNCCCCCCNC(=O)c1cc2ccc1CCc1ccc(c(C(=O)NCCCCCCN(CCC(=O)OCCCCCCCCCCCC)CCC(=O)OCCCCCCCCCCCC)c1)CC2,SW_2024,SW_2024,1
-4.4711356,0.201357446,CCCCCCCCCCCCCCOC(=O)CCNCCCCCCNC(=O)c1cc2ccc1CCc1ccc(c(C(=O)NCCCCCCN(CCC(=O)OCCCCCCCCCCCCCC)CCC(=O)OCCCCCCCCCCCCCC)c1)CC2,SW_2024,SW_2024,1
-4.197768,1.333993079,CCCCCCCCCCCCCCCCOC(=O)CCNCCCCCCNC(=O)c1cc2ccc1CCc1ccc(c(C(=O)NCCCCCCN(CCC(=O)OCCCCCCCCCCCCCCCC)CCC(=O)OCCCCCCCCCCCCCCCC)c1)CC2,SW_2024,SW_2024,2
-3.9008067,-0.931278187,CCCCCCCCCCCCCCCCCCOC(=O)CCNCCCCCCNC(=O)c1cc2ccc1CCc1ccc(c(C(=O)NCCCCCCN(CCC(=O)OCCCCCCCCCCCCCCCCCC)CCC(=O)OCCCCCCCCCCCCCCCCCC)c1)CC2,SW_2024,SW_2024,0
-4.269854,-0.931278187,CCC(O)CNCCCCCCNC(=O)c1cc2ccc1CCc1ccc(c(C(=O)NCCCCCCN(CC(O)CC)CC(O)CC)c1)CC2,SW_2024,SW_2024,0
-3.508735,-0.931278187,CCCCC(O)CNCCCCCCNC(=O)c1cc2ccc1CCc1ccc(c(C(=O)NCCCCCCN(CC(O)CCCC)CC(O)CCCC)c1)CC2,SW_2024,SW_2024,0
-4.0177827,0.201357446,CCCCCCC(O)CNCCCCCCNC(=O)c1cc2ccc1CCc1ccc(c(C(=O)NCCCCCCN(CC(O)CCCCCC)CC(O)CCCCCC)c1)CC2,SW_2024,SW_2024,1
-4.005626,1.333993079,CCCCCCCCC(O)CNCCCCCCNC(=O)c1cc2ccc1CCc1ccc(c(C(=O)NCCCCCCN(CC(O)CCCCCCCC)CC(O)CCCCCCCC)c1)CC2,SW_2024,SW_2024,2
-4.136646,2.466628713,CCCCCCCCCCC(O)CNCCCCCCNC(=O)c1cc2ccc1CCc1ccc(c(C(=O)NCCCCCCN(CC(O)CCCCCCCCCC)CC(O)CCCCCCCCCC)c1)CC2,SW_2024,SW_2024,3
-3.7114093,1.333993079,CCCCCCCCCCCCC(O)CNCCCCCCNC(=O)c1cc2ccc1CCc1ccc(c(C(=O)NCCCCCCN(CC(O)CCCCCCCCCCCC)CC(O)CCCCCCCCCCCC)c1)CC2,SW_2024,SW_2024,2
-3.6190946,1.333993079,CCCCCCCCCCCCCCC(O)CNCCCCCCNC(=O)c1cc2ccc1CCc1ccc(c(C(=O)NCCCCCCN(CC(O)CCCCCCCCCCCCCC)CC(O)CCCCCCCCCCCCCC)c1)CC2,SW_2024,SW_2024,2
-4.012517,0.201357446,CCCCCCCCCCCCCCCCC(O)CNCCCCCCNC(=O)c1cc2ccc1CCc1ccc(c(C(=O)NCCCCCCN(CC(O)CCCCCCCCCCCCCCCC)CC(O)CCCCCCCCCCCCCCCC)c1)CC2,SW_2024,SW_2024,1
-4.1644487,-0.931278187,CCCCOC(=O)CCNCCCCCCCNC(=O)c1cc2ccc1CCc1ccc(c(C(=O)NCCCCCCCN(CCC(=O)OCCCC)CCC(=O)OCCCC)c1)CC2,SW_2024,SW_2024,0
-4.141635,1.333993079,CCCCCCOC(=O)CCNCCCCCCCNC(=O)c1cc2ccc1CCc1ccc(c(C(=O)NCCCCCCCN(CCC(=O)OCCCCCC)CCC(=O)OCCCCCC)c1)CC2,SW_2024,SW_2024,2
-3.4101677,1.333993079,CCCCCCCCOC(=O)CCNCCCCCCCNC(=O)c1cc2ccc1CCc1ccc(c(C(=O)NCCCCCCCN(CCC(=O)OCCCCCCCC)CCC(=O)OCCCCCCCC)c1)CC2,SW_2024,SW_2024,2
-3.3256416,1.333993079,CC(C)CCCCCOC(=O)CCNCCCCCCCNC(=O)c1cc2ccc1CCc1ccc(c(C(=O)NCCCCCCCN(CCC(=O)OCCCCCC(C)C)CCC(=O)OCCCCCC(C)C)c1)CC2,SW_2024,SW_2024,2
-4.069501,1.333993079,CCCCCCCCCCOC(=O)CCNCCCCCCCNC(=O)c1cc2ccc1CCc1ccc(c(C(=O)NCCCCCCCN(CCC(=O)OCCCCCCCCCC)CCC(=O)OCCCCCCCCCC)c1)CC2,SW_2024,SW_2024,2
-3.8589582,2.466628713,CC(C)CCCCCCCOC(=O)CCNCCCCCCCNC(=O)c1cc2ccc1CCc1ccc(c(C(=O)NCCCCCCCN(CCC(=O)OCCCCCCCC(C)C)CCC(=O)OCCCCCCCC(C)C)c1)CC2,SW_2024,SW_2024,3
-4.4487805,1.333993079,CCCCCCCCCCCCOC(=O)CCNCCCCCCCNC(=O)c1cc2ccc1CCc1ccc(c(C(=O)NCCCCCCCN(CCC(=O)OCCCCCCCCCCCC)CCC(=O)OCCCCCCCCCCCC)c1)CC2,SW_2024,SW_2024,2
-4.531721,0.201357446,CCCCCCCCCCCCCCOC(=O)CCNCCCCCCCNC(=O)c1cc2ccc1CCc1ccc(c(C(=O)NCCCCCCCN(CCC(=O)OCCCCCCCCCCCCCC)CCC(=O)OCCCCCCCCCCCCCC)c1)CC2,SW_2024,SW_2024,1
-4.2412577,1.333993079,CCCCCCCCCCCCCCCCOC(=O)CCNCCCCCCCNC(=O)c1cc2ccc1CCc1ccc(c(C(=O)NCCCCCCCN(CCC(=O)OCCCCCCCCCCCCCCCC)CCC(=O)OCCCCCCCCCCCCCCCC)c1)CC2,SW_2024,SW_2024,2
-4.051477,-0.931278187,CCCCCCCCCCCCCCCCCCOC(=O)CCNCCCCCCCNC(=O)c1cc2ccc1CCc1ccc(c(C(=O)NCCCCCCCN(CCC(=O)OCCCCCCCCCCCCCCCCCC)CCC(=O)OCCCCCCCCCCCCCCCCCC)c1)CC2,SW_2024,SW_2024,0
-4.155859,-0.931278187,CCC(O)CNCCCCCCCNC(=O)c1cc2ccc1CCc1ccc(c(C(=O)NCCCCCCCN(CC(O)CC)CC(O)CC)c1)CC2,SW_2024,SW_2024,0
-4.002984,-0.931278187,CCCCC(O)CNCCCCCCCNC(=O)c1cc2ccc1CCc1ccc(c(C(=O)NCCCCCCCN(CC(O)CCCC)CC(O)CCCC)c1)CC2,SW_2024,SW_2024,0
-4.228005,1.333993079,CCCCCCC(O)CNCCCCCCCNC(=O)c1cc2ccc1CCc1ccc(c(C(=O)NCCCCCCCN(CC(O)CCCCCC)CC(O)CCCCCC)c1)CC2,SW_2024,SW_2024,2
-4.1681557,2.466628713,CCCCCCCCC(O)CNCCCCCCCNC(=O)c1cc2ccc1CCc1ccc(c(C(=O)NCCCCCCCN(CC(O)CCCCCCCC)CC(O)CCCCCCCC)c1)CC2,SW_2024,SW_2024,3
-3.699188,1.333993079,CCCCCCCCCCC(O)CNCCCCCCCNC(=O)c1cc2ccc1CCc1ccc(c(C(=O)NCCCCCCCN(CC(O)CCCCCCCCCC)CC(O)CCCCCCCCCC)c1)CC2,SW_2024,SW_2024,2
-3.5381382,1.333993079,CCCCCCCCCCCCC(O)CNCCCCCCCNC(=O)c1cc2ccc1CCc1ccc(c(C(=O)NCCCCCCCN(CC(O)CCCCCCCCCCCC)CC(O)CCCCCCCCCCCC)c1)CC2,SW_2024,SW_2024,2
-3.8378947,0.201357446,CCCCCCCCCCCCCCC(O)CNCCCCCCCNC(=O)c1cc2ccc1CCc1ccc(c(C(=O)NCCCCCCCN(CC(O)CCCCCCCCCCCCCC)CC(O)CCCCCCCCCCCCCC)c1)CC2,SW_2024,SW_2024,1
-4.4368896,0.201357446,CCCCCCCCCCCCCCCCC(O)CNCCCCCCCNC(=O)c1cc2ccc1CCc1ccc(c(C(=O)NCCCCCCCN(CC(O)CCCCCCCCCCCCCCCC)CC(O)CCCCCCCCCCCCCCCC)c1)CC2,SW_2024,SW_2024,1
-4.109205,0.201357446,CCCCOC(=O)CCNCCCCCCCCNC(=O)c1cc2ccc1CCc1ccc(c(C(=O)NCCCCCCCCN(CCC(=O)OCCCC)CCC(=O)OCCCC)c1)CC2,SW_2024,SW_2024,1
-3.65255,0.201357446,CCCCCCOC(=O)CCNCCCCCCCCNC(=O)c1cc2ccc1CCc1ccc(c(C(=O)NCCCCCCCCN(CCC(=O)OCCCCCC)CCC(=O)OCCCCCC)c1)CC2,SW_2024,SW_2024,1
-3.7245467,0.201357446,CCCCCCCCOC(=O)CCNCCCCCCCCNC(=O)c1cc2ccc1CCc1ccc(c(C(=O)NCCCCCCCCN(CCC(=O)OCCCCCCCC)CCC(=O)OCCCCCCCC)c1)CC2,SW_2024,SW_2024,1
-3.4976008,0.201357446,CC(C)CCCCCOC(=O)CCNCCCCCCCCNC(=O)c1cc2ccc1CCc1ccc(c(C(=O)NCCCCCCCCN(CCC(=O)OCCCCCC(C)C)CCC(=O)OCCCCCC(C)C)c1)CC2,SW_2024,SW_2024,1
-4.131328,0.201357446,CCCCCCCCCCOC(=O)CCNCCCCCCCCNC(=O)c1cc2ccc1CCc1ccc(c(C(=O)NCCCCCCCCN(CCC(=O)OCCCCCCCCCC)CCC(=O)OCCCCCCCCCC)c1)CC2,SW_2024,SW_2024,1
-4.1844335,0.201357446,CC(C)CCCCCCCOC(=O)CCNCCCCCCCCNC(=O)c1cc2ccc1CCc1ccc(c(C(=O)NCCCCCCCCN(CCC(=O)OCCCCCCCC(C)C)CCC(=O)OCCCCCCCC(C)C)c1)CC2,SW_2024,SW_2024,1
-4.627634,0.201357446,CCCCCCCCCCCCOC(=O)CCNCCCCCCCCNC(=O)c1cc2ccc1CCc1ccc(c(C(=O)NCCCCCCCCN(CCC(=O)OCCCCCCCCCCCC)CCC(=O)OCCCCCCCCCCCC)c1)CC2,SW_2024,SW_2024,1
-4.354051,0.201357446,CCCCCCCCCCCCCCOC(=O)CCNCCCCCCCCNC(=O)c1cc2ccc1CCc1ccc(c(C(=O)NCCCCCCCCN(CCC(=O)OCCCCCCCCCCCCCC)CCC(=O)OCCCCCCCCCCCCCC)c1)CC2,SW_2024,SW_2024,1
-4.2880015,1.333993079,CCCCCCCCCCCCCCCCOC(=O)CCNCCCCCCCCNC(=O)c1cc2ccc1CCc1ccc(c(C(=O)NCCCCCCCCN(CCC(=O)OCCCCCCCCCCCCCCCC)CCC(=O)OCCCCCCCCCCCCCCCC)c1)CC2,SW_2024,SW_2024,2
-3.750855,0.201357446,CCCCCCCCCCCCCCCCCCOC(=O)CCNCCCCCCCCNC(=O)c1cc2ccc1CCc1ccc(c(C(=O)NCCCCCCCCN(CCC(=O)OCCCCCCCCCCCCCCCCCC)CCC(=O)OCCCCCCCCCCCCCCCCCC)c1)CC2,SW_2024,SW_2024,1
-4.0183134,-0.931278187,CCC(O)CNCCCCCCCCNC(=O)c1cc2ccc1CCc1ccc(c(C(=O)NCCCCCCCCN(CC(O)CC)CC(O)CC)c1)CC2,SW_2024,SW_2024,0
-3.8121173,-0.931278187,CCCCC(O)CNCCCCCCCCNC(=O)c1cc2ccc1CCc1ccc(c(C(=O)NCCCCCCCCN(CC(O)CCCC)CC(O)CCCC)c1)CC2,SW_2024,SW_2024,0
-4.2382874,0.201357446,CCCCCCC(O)CNCCCCCCCCNC(=O)c1cc2ccc1CCc1ccc(c(C(=O)NCCCCCCCCN(CC(O)CCCCCC)CC(O)CCCCCC)c1)CC2,SW_2024,SW_2024,1
-3.8150747,0.201357446,CCCCCCCCC(O)CNCCCCCCCCNC(=O)c1cc2ccc1CCc1ccc(c(C(=O)NCCCCCCCCN(CC(O)CCCCCCCC)CC(O)CCCCCCCC)c1)CC2,SW_2024,SW_2024,1
-3.62334,1.333993079,CCCCCCCCCCC(O)CNCCCCCCCCNC(=O)c1cc2ccc1CCc1ccc(c(C(=O)NCCCCCCCCN(CC(O)CCCCCCCCCC)CC(O)CCCCCCCCCC)c1)CC2,SW_2024,SW_2024,2
-3.942457,0.201357446,CCCCCCCCCCCCC(O)CNCCCCCCCCNC(=O)c1cc2ccc1CCc1ccc(c(C(=O)NCCCCCCCCN(CC(O)CCCCCCCCCCCC)CC(O)CCCCCCCCCCCC)c1)CC2,SW_2024,SW_2024,1
-4.302359,-0.931278187,CCCCCCCCCCCCCCC(O)CNCCCCCCCCNC(=O)c1cc2ccc1CCc1ccc(c(C(=O)NCCCCCCCCN(CC(O)CCCCCCCCCCCCCC)CC(O)CCCCCCCCCCCCCC)c1)CC2,SW_2024,SW_2024,0
-4.1865287,-0.931278187,CCCCCCCCCCCCCCCCC(O)CNCCCCCCCCNC(=O)c1cc2ccc1CCc1ccc(c(C(=O)NCCCCCCCCN(CC(O)CCCCCCCCCCCCCCCC)CC(O)CCCCCCCCCCCCCCCC)c1)CC2,SW_2024,SW_2024,0
-3.9041233,0.201357446,CCCCOC(=O)CCNCCCCCCCCCNC(=O)c1cc2ccc1CCc1ccc(c(C(=O)NCCCCCCCCCN(CCC(=O)OCCCC)CCC(=O)OCCCC)c1)CC2,SW_2024,SW_2024,1
-3.3953187,-0.931278187,CCCCCCOC(=O)CCNCCCCCCCCCNC(=O)c1cc2ccc1CCc1ccc(c(C(=O)NCCCCCCCCCN(CCC(=O)OCCCCCC)CCC(=O)OCCCCCC)c1)CC2,SW_2024,SW_2024,0
-4.018566,-0.931278187,CCCCCCCCOC(=O)CCNCCCCCCCCCNC(=O)c1cc2ccc1CCc1ccc(c(C(=O)NCCCCCCCCCN(CCC(=O)OCCCCCCCC)CCC(=O)OCCCCCCCC)c1)CC2,SW_2024,SW_2024,0
-3.8849056,-0.931278187,CC(C)CCCCCOC(=O)CCNCCCCCCCCCNC(=O)c1cc2ccc1CCc1ccc(c(C(=O)NCCCCCCCCCN(CCC(=O)OCCCCCC(C)C)CCC(=O)OCCCCCC(C)C)c1)CC2,SW_2024,SW_2024,0
-3.9923534,-0.931278187,CCCCCCCCCCOC(=O)CCNCCCCCCCCCNC(=O)c1cc2ccc1CCc1ccc(c(C(=O)NCCCCCCCCCN(CCC(=O)OCCCCCCCCCC)CCC(=O)OCCCCCCCCCC)c1)CC2,SW_2024,SW_2024,0
-4.0972114,0.201357446,CC(C)CCCCCCCOC(=O)CCNCCCCCCCCCNC(=O)c1cc2ccc1CCc1ccc(c(C(=O)NCCCCCCCCCN(CCC(=O)OCCCCCCCC(C)C)CCC(=O)OCCCCCCCC(C)C)c1)CC2,SW_2024,SW_2024,1
-4.587534,0.201357446,CCCCCCCCCCCCOC(=O)CCNCCCCCCCCCNC(=O)c1cc2ccc1CCc1ccc(c(C(=O)NCCCCCCCCCN(CCC(=O)OCCCCCCCCCCCC)CCC(=O)OCCCCCCCCCCCC)c1)CC2,SW_2024,SW_2024,1
-4.6723213,0.201357446,CCCCCCCCCCCCCCOC(=O)CCNCCCCCCCCCNC(=O)c1cc2ccc1CCc1ccc(c(C(=O)NCCCCCCCCCN(CCC(=O)OCCCCCCCCCCCCCC)CCC(=O)OCCCCCCCCCCCCCC)c1)CC2,SW_2024,SW_2024,1
-4.2581587,0.201357446,CCCCCCCCCCCCCCCCOC(=O)CCNCCCCCCCCCNC(=O)c1cc2ccc1CCc1ccc(c(C(=O)NCCCCCCCCCN(CCC(=O)OCCCCCCCCCCCCCCCC)CCC(=O)OCCCCCCCCCCCCCCCC)c1)CC2,SW_2024,SW_2024,1
-3.8603144,-0.931278187,CCCCCCCCCCCCCCCCCCOC(=O)CCNCCCCCCCCCNC(=O)c1cc2ccc1CCc1ccc(c(C(=O)NCCCCCCCCCN(CCC(=O)OCCCCCCCCCCCCCCCCCC)CCC(=O)OCCCCCCCCCCCCCCCCCC)c1)CC2,SW_2024,SW_2024,0
-4.0827894,-0.931278187,CCC(O)CNCCCCCCCCCNC(=O)c1cc2ccc1CCc1ccc(c(C(=O)NCCCCCCCCCN(CC(O)CC)CC(O)CC)c1)CC2,SW_2024,SW_2024,0
-3.817452,-0.931278187,CCCCC(O)CNCCCCCCCCCNC(=O)c1cc2ccc1CCc1ccc(c(C(=O)NCCCCCCCCCN(CC(O)CCCC)CC(O)CCCC)c1)CC2,SW_2024,SW_2024,0
-3.994104,0.201357446,CCCCCCC(O)CNCCCCCCCCCNC(=O)c1cc2ccc1CCc1ccc(c(C(=O)NCCCCCCCCCN(CC(O)CCCCCC)CC(O)CCCCCC)c1)CC2,SW_2024,SW_2024,1
-3.9409316,-0.931278187,CCCCCCCCC(O)CNCCCCCCCCCNC(=O)c1cc2ccc1CCc1ccc(c(C(=O)NCCCCCCCCCN(CC(O)CCCCCCCC)CC(O)CCCCCCCC)c1)CC2,SW_2024,SW_2024,0
-3.6786332,0.201357446,CCCCCCCCCCC(O)CNCCCCCCCCCNC(=O)c1cc2ccc1CCc1ccc(c(C(=O)NCCCCCCCCCN(CC(O)CCCCCCCCCC)CC(O)CCCCCCCCCC)c1)CC2,SW_2024,SW_2024,1
-3.910326,0.201357446,CCCCCCCCCCCCC(O)CNCCCCCCCCCNC(=O)c1cc2ccc1CCc1ccc(c(C(=O)NCCCCCCCCCN(CC(O)CCCCCCCCCCCC)CC(O)CCCCCCCCCCCC)c1)CC2,SW_2024,SW_2024,1
-4.280544,-0.931278187,CCCCCCCCCCCCCCC(O)CNCCCCCCCCCNC(=O)c1cc2ccc1CCc1ccc(c(C(=O)NCCCCCCCCCN(CC(O)CCCCCCCCCCCCCC)CC(O)CCCCCCCCCCCCCC)c1)CC2,SW_2024,SW_2024,0
-4.313489,0.201357446,CCCCCCCCCCCCCCCCC(O)CNCCCCCCCCCNC(=O)c1cc2ccc1CCc1ccc(c(C(=O)NCCCCCCCCCN(CC(O)CCCCCCCCCCCCCCCC)CC(O)CCCCCCCCCCCCCCCC)c1)CC2,SW_2024,SW_2024,1
-3.5948403,-0.931278187,CCCCOC(=O)CCNCCCCCCCCCCNC(=O)c1cc2ccc1CCc1ccc(c(C(=O)NCCCCCCCCCCN(CCC(=O)OCCCC)CCC(=O)OCCCC)c1)CC2,SW_2024,SW_2024,0
-3.1229796,-0.931278187,CCCCCCOC(=O)CCNCCCCCCCCCCNC(=O)c1cc2ccc1CCc1ccc(c(C(=O)NCCCCCCCCCCN(CCC(=O)OCCCCCC)CCC(=O)OCCCCCC)c1)CC2,SW_2024,SW_2024,0
-4.123116,-0.931278187,CCCCCCCCOC(=O)CCNCCCCCCCCCCNC(=O)c1cc2ccc1CCc1ccc(c(C(=O)NCCCCCCCCCCN(CCC(=O)OCCCCCCCC)CCC(=O)OCCCCCCCC)c1)CC2,SW_2024,SW_2024,0
-4.1591525,-0.931278187,CC(C)CCCCCOC(=O)CCNCCCCCCCCCCNC(=O)c1cc2ccc1CCc1ccc(c(C(=O)NCCCCCCCCCCN(CCC(=O)OCCCCCC(C)C)CCC(=O)OCCCCCC(C)C)c1)CC2,SW_2024,SW_2024,0
-4.5147796,-0.931278187,CCCCCCCCCCOC(=O)CCNCCCCCCCCCCNC(=O)c1cc2ccc1CCc1ccc(c(C(=O)NCCCCCCCCCCN(CCC(=O)OCCCCCCCCCC)CCC(=O)OCCCCCCCCCC)c1)CC2,SW_2024,SW_2024,0
-4.0673723,-0.931278187,CC(C)CCCCCCCOC(=O)CCNCCCCCCCCCCNC(=O)c1cc2ccc1CCc1ccc(c(C(=O)NCCCCCCCCCCN(CCC(=O)OCCCCCCCC(C)C)CCC(=O)OCCCCCCCC(C)C)c1)CC2,SW_2024,SW_2024,0
-4.7267814,-0.931278187,CCCCCCCCCCCCOC(=O)CCNCCCCCCCCCCNC(=O)c1cc2ccc1CCc1ccc(c(C(=O)NCCCCCCCCCCN(CCC(=O)OCCCCCCCCCCCC)CCC(=O)OCCCCCCCCCCCC)c1)CC2,SW_2024,SW_2024,0
-4.2631755,-0.931278187,CCCCCCCCCCCCCCOC(=O)CCNCCCCCCCCCCNC(=O)c1cc2ccc1CCc1ccc(c(C(=O)NCCCCCCCCCCN(CCC(=O)OCCCCCCCCCCCCCC)CCC(=O)OCCCCCCCCCCCCCC)c1)CC2,SW_2024,SW_2024,0
-3.895833,-0.931278187,CCCCCCCCCCCCCCCCOC(=O)CCNCCCCCCCCCCNC(=O)c1cc2ccc1CCc1ccc(c(C(=O)NCCCCCCCCCCN(CCC(=O)OCCCCCCCCCCCCCCCC)CCC(=O)OCCCCCCCCCCCCCCCC)c1)CC2,SW_2024,SW_2024,0
-3.8026762,0.201357446,CCCCCCCCCCCCCCCCCCOC(=O)CCNCCCCCCCCCCNC(=O)c1cc2ccc1CCc1ccc(c(C(=O)NCCCCCCCCCCN(CCC(=O)OCCCCCCCCCCCCCCCCCC)CCC(=O)OCCCCCCCCCCCCCCCCCC)c1)CC2,SW_2024,SW_2024,1
-4.6774716,-0.931278187,CCC(O)CNCCCCCCCCCCNC(=O)c1cc2ccc1CCc1ccc(c(C(=O)NCCCCCCCCCCN(CC(O)CC)CC(O)CC)c1)CC2,SW_2024,SW_2024,0
-4.0861354,-0.931278187,CCCCC(O)CNCCCCCCCCCCNC(=O)c1cc2ccc1CCc1ccc(c(C(=O)NCCCCCCCCCCN(CC(O)CCCC)CC(O)CCCC)c1)CC2,SW_2024,SW_2024,0
-3.918542,-0.931278187,CCCCCCC(O)CNCCCCCCCCCCNC(=O)c1cc2ccc1CCc1ccc(c(C(=O)NCCCCCCCCCCN(CC(O)CCCCCC)CC(O)CCCCCC)c1)CC2,SW_2024,SW_2024,0
-3.8441799,-0.931278187,CCCCCCCCC(O)CNCCCCCCCCCCNC(=O)c1cc2ccc1CCc1ccc(c(C(=O)NCCCCCCCCCCN(CC(O)CCCCCCCC)CC(O)CCCCCCCC)c1)CC2,SW_2024,SW_2024,0
-3.2997568,-0.931278187,CCCCCCCCCCC(O)CNCCCCCCCCCCNC(=O)c1cc2ccc1CCc1ccc(c(C(=O)NCCCCCCCCCCN(CC(O)CCCCCCCCCC)CC(O)CCCCCCCCCC)c1)CC2,SW_2024,SW_2024,0
-3.9281297,-0.931278187,CCCCCCCCCCCCC(O)CNCCCCCCCCCCNC(=O)c1cc2ccc1CCc1ccc(c(C(=O)NCCCCCCCCCCN(CC(O)CCCCCCCCCCCC)CC(O)CCCCCCCCCCCC)c1)CC2,SW_2024,SW_2024,0
-4.3005495,-0.931278187,CCCCCCCCCCCCCCC(O)CNCCCCCCCCCCNC(=O)c1cc2ccc1CCc1ccc(c(C(=O)NCCCCCCCCCCN(CC(O)CCCCCCCCCCCCCC)CC(O)CCCCCCCCCCCCCC)c1)CC2,SW_2024,SW_2024,0
-4.325108,-0.931278187,CCCCCCCCCCCCCCCCC(O)CNCCCCCCCCCCNC(=O)c1cc2ccc1CCc1ccc(c(C(=O)NCCCCCCCCCCN(CC(O)CCCCCCCCCCCCCCCC)CC(O)CCCCCCCCCCCCCCCC)c1)CC2,SW_2024,SW_2024,0
-3.1464615,-0.931278187,CCCCOC(=O)CCNCCCCCCCCCCCCNC(=O)c1cc2ccc1CCc1ccc(c(C(=O)NCCCCCCCCCCCCN(CCC(=O)OCCCC)CCC(=O)OCCCC)c1)CC2,SW_2024,SW_2024,0
-3.8816361,-0.931278187,CCCCCCOC(=O)CCNCCCCCCCCCCCCNC(=O)c1cc2ccc1CCc1ccc(c(C(=O)NCCCCCCCCCCCCN(CCC(=O)OCCCCCC)CCC(=O)OCCCCCC)c1)CC2,SW_2024,SW_2024,0
-4.2804604,-0.931278187,CCCCCCCCOC(=O)CCNCCCCCCCCCCCCNC(=O)c1cc2ccc1CCc1ccc(c(C(=O)NCCCCCCCCCCCCN(CCC(=O)OCCCCCCCC)CCC(=O)OCCCCCCCC)c1)CC2,SW_2024,SW_2024,0
-3.9993665,-0.931278187,CC(C)CCCCCOC(=O)CCNCCCCCCCCCCCCNC(=O)c1cc2ccc1CCc1ccc(c(C(=O)NCCCCCCCCCCCCN(CCC(=O)OCCCCCC(C)C)CCC(=O)OCCCCCC(C)C)c1)CC2,SW_2024,SW_2024,0
-4.516682,-0.931278187,CCCCCCCCCCOC(=O)CCNCCCCCCCCCCCCNC(=O)c1cc2ccc1CCc1ccc(c(C(=O)NCCCCCCCCCCCCN(CCC(=O)OCCCCCCCCCC)CCC(=O)OCCCCCCCCCC)c1)CC2,SW_2024,SW_2024,0
-3.4485795,-0.931278187,CC(C)CCCCCCCOC(=O)CCNCCCCCCCCCCCCNC(=O)c1cc2ccc1CCc1ccc(c(C(=O)NCCCCCCCCCCCCN(CCC(=O)OCCCCCCCC(C)C)CCC(=O)OCCCCCCCC(C)C)c1)CC2,SW_2024,SW_2024,0
-4.464133,-0.931278187,CCCCCCCCCCCCOC(=O)CCNCCCCCCCCCCCCNC(=O)c1cc2ccc1CCc1ccc(c(C(=O)NCCCCCCCCCCCCN(CCC(=O)OCCCCCCCCCCCC)CCC(=O)OCCCCCCCCCCCC)c1)CC2,SW_2024,SW_2024,0
-3.7961318,-0.931278187,CCCCCCCCCCCCCCOC(=O)CCNCCCCCCCCCCCCNC(=O)c1cc2ccc1CCc1ccc(c(C(=O)NCCCCCCCCCCCCN(CCC(=O)OCCCCCCCCCCCCCC)CCC(=O)OCCCCCCCCCCCCCC)c1)CC2,SW_2024,SW_2024,0
-3.7826238,-0.931278187,CCCCCCCCCCCCCCCCOC(=O)CCNCCCCCCCCCCCCNC(=O)c1cc2ccc1CCc1ccc(c(C(=O)NCCCCCCCCCCCCN(CCC(=O)OCCCCCCCCCCCCCCCC)CCC(=O)OCCCCCCCCCCCCCCCC)c1)CC2,SW_2024,SW_2024,0
-3.670564,-0.931278187,CCCCCCCCCCCCCCCCCCOC(=O)CCNCCCCCCCCCCCCNC(=O)c1cc2ccc1CCc1ccc(c(C(=O)NCCCCCCCCCCCCN(CCC(=O)OCCCCCCCCCCCCCCCCCC)CCC(=O)OCCCCCCCCCCCCCCCCCC)c1)CC2,SW_2024,SW_2024,0
-4.3784204,-0.931278187,CCC(O)CNCCCCCCCCCCCCNC(=O)c1cc2ccc1CCc1ccc(c(C(=O)NCCCCCCCCCCCCN(CC(O)CC)CC(O)CC)c1)CC2,SW_2024,SW_2024,0
-3.9225006,0.201357446,CCCCC(O)CNCCCCCCCCCCCCNC(=O)c1cc2ccc1CCc1ccc(c(C(=O)NCCCCCCCCCCCCN(CC(O)CCCC)CC(O)CCCC)c1)CC2,SW_2024,SW_2024,1
-3.7253532,-0.931278187,CCCCCCC(O)CNCCCCCCCCCCCCNC(=O)c1cc2ccc1CCc1ccc(c(C(=O)NCCCCCCCCCCCCN(CC(O)CCCCCC)CC(O)CCCCCC)c1)CC2,SW_2024,SW_2024,0
-3.4866853,-0.931278187,CCCCCCCCC(O)CNCCCCCCCCCCCCNC(=O)c1cc2ccc1CCc1ccc(c(C(=O)NCCCCCCCCCCCCN(CC(O)CCCCCCCC)CC(O)CCCCCCCC)c1)CC2,SW_2024,SW_2024,0
-3.7824142,-0.931278187,CCCCCCCCCCC(O)CNCCCCCCCCCCCCNC(=O)c1cc2ccc1CCc1ccc(c(C(=O)NCCCCCCCCCCCCN(CC(O)CCCCCCCCCC)CC(O)CCCCCCCCCC)c1)CC2,SW_2024,SW_2024,0
-4.5234356,-0.931278187,CCCCCCCCCCCCC(O)CNCCCCCCCCCCCCNC(=O)c1cc2ccc1CCc1ccc(c(C(=O)NCCCCCCCCCCCCN(CC(O)CCCCCCCCCCCC)CC(O)CCCCCCCCCCCC)c1)CC2,SW_2024,SW_2024,0
-4.3245406,-0.931278187,CCCCCCCCCCCCCCC(O)CNCCCCCCCCCCCCNC(=O)c1cc2ccc1CCc1ccc(c(C(=O)NCCCCCCCCCCCCN(CC(O)CCCCCCCCCCCCCC)CC(O)CCCCCCCCCCCCCC)c1)CC2,SW_2024,SW_2024,0
-3.967481,-0.931278187,CCCCCCCCCCCCCCCCC(O)CNCCCCCCCCCCCCNC(=O)c1cc2ccc1CCc1ccc(c(C(=O)NCCCCCCCCCCCCN(CC(O)CCCCCCCCCCCCCCCC)CC(O)CCCCCCCCCCCCCCCC)c1)CC2,SW_2024,SW_2024,0
-5.125524,-0.354126148,CCCCc1ccc(C#CCN(C)CC#Cc2ccc(CCCC)cc2)cc1,XH_2024_2,XH_2024_2,0
-4.9748797,-0.010183513,CCCCc1ccc(C#CCN(CC)CC#Cc2ccc(CCCC)cc2)cc1,XH_2024_2,XH_2024_2,1
-5.1223593,-0.669632331,CCCCc1ccc(C#CCN(CC#Cc2ccc(CCCC)cc2)CCOC)cc1,XH_2024_2,XH_2024_2,0
-4.7670884,1.129768186,CCCCc1ccc(C#CCN(CC#Cc2ccc(CCCC)cc2)CCO)cc1,XH_2024_2,XH_2024_2,1
-5.374323,0.213179387,CCCCc1ccc(C#CCN(CC#Cc2ccc(CCCC)cc2)C2CCCCC2)cc1,XH_2024_2,XH_2024_2,1
-5.0642595,-0.599626528,CCCCc1ccc(C#CCN(CC#Cc2ccc(CCCC)cc2)c2ccccc2)cc1,XH_2024_2,XH_2024_2,0
-5.332741,-0.707697576,CCCCc1ccc(C#CCN(CC#Cc2ccc(CCCC)cc2)C2CCC(O)CC2)cc1,XH_2024_2,XH_2024_2,0
-4.770095,-0.310250185,CCCCc1ccc(C#CCN(CC#Cc2ccc(CCCC)cc2)CC(=O)OC)cc1,XH_2024_2,XH_2024_2,1
-5.1572375,-0.111019565,CCCCc1ccc(C#CCN(CC#Cc2ccc(CCCC)cc2)CCN(C)C)cc1,XH_2024_2,XH_2024_2,1
-5.3584723,-0.599626528,CCCCc1ccc(C#CCN(CC#Cc2ccc(CCCC)cc2)CCCN(C)C)cc1,XH_2024_2,XH_2024_2,0
-4.869551,0.857657267,CCCCc1ccc(C#CCN(CC#Cc2ccc(CCCC)cc2)CCN(CC)CC)cc1,XH_2024_2,XH_2024_2,1
-5.272278,-0.003548353,CCCCc1ccc(C#CCN(CC#Cc2ccc(CCCC)cc2)CCCN(CC)CC)cc1,XH_2024_2,XH_2024_2,1
-5.699952,-0.707697576,CCCCc1ccc(C#CCN(CC#Cc2ccc(CCCC)cc2)CCN2CCCC2)cc1,XH_2024_2,XH_2024_2,0
-5.061633,-0.599626528,CCCCc1ccc(C#CCN(CC#Cc2ccc(CCCC)cc2)CCCN2CCCC2)cc1,XH_2024_2,XH_2024_2,0
-4.965382,-0.769355876,CCCCc1ccc(C#CCN(CC#Cc2ccc(CCCC)cc2)CCCn2ccnc2)cc1,XH_2024_2,XH_2024_2,0
-6.1917167,-0.941245236,CCCCc1ccc(C#CCN(CC#Cc2ccc(CCCC)cc2)CCN2CCOCC2)cc1,XH_2024_2,XH_2024_2,0
-5.0493402,-0.791287553,CCCCc1ccc(C#CCN(CC#Cc2ccc(CCCC)cc2)CCN2CCCCC2)cc1,XH_2024_2,XH_2024_2,0
-6.479517,-0.688385022,CCCCc1ccc(C#CCN(CC#Cc2ccc(CCCC)cc2)CCCN2CCN(C)CC2)cc1,XH_2024_2,XH_2024_2,0
-5.218896,-0.331816265,CCCCc1ccc(C#CCN2CCN(CC#Cc3ccc(CCCC)cc3)CC2)cc1,XH_2024_2,XH_2024_2,1
-5.2034554,-0.073177053,CCCCc1ccc(C#CCN(C)CCCN(C)CC#Cc2ccc(CCCC)cc2)cc1,XH_2024_2,XH_2024_2,1
-5.6848164,0.644849905,CCCCc1ccc(C#CCN(CC)CCN(CC)CC#Cc2ccc(CCCC)cc2)cc1,XH_2024_2,XH_2024_2,1
-5.437775,-0.095615921,CCCCc1ccc(C#CCN(C)CCCN(C)CCCN(C)CC#Cc2ccc(CCCC)cc2)cc1,XH_2024_2,XH_2024_2,1
-4.83013,2.357458435,CCCCc1ccc(C#CCN(CC#Cc2ccc(CCCC)cc2)CCN(CC#Cc2ccc(CCCC)cc2)CCO)cc1,XH_2024_2,XH_2024_2,2
-4.0036383,1.562535597,CCCCc1ccc(C#CCN(CC#Cc2ccc(CCCC)cc2)CCN(CC#Cc2ccc(CCCC)cc2)CC#Cc2ccc(CCCC)cc2)cc1,XH_2024_2,XH_2024_2,2
-3.6623733,-0.310250185,CCCCc1ccc(C#CCN(CC#Cc2ccc(CCCC)cc2)CCCN(CC#Cc2ccc(CCCC)cc2)CC#Cc2ccc(CCCC)cc2)cc1,XH_2024_2,XH_2024_2,1
-4.0210495,2.176195456,CCCCc1ccc(C#CCN(CC#Cc2ccc(CCCC)cc2)CCOCCOCCN(CC#Cc2ccc(CCCC)cc2)CC#Cc2ccc(CCCC)cc2)cc1,XH_2024_2,XH_2024_2,2
-3.891553,-0.521589566,CCCCc1ccc(C#CCN(CC#Cc2ccc(CCCC)cc2)CCN(C)CCN(CC#Cc2ccc(CCCC)cc2)CC#Cc2ccc(CCCC)cc2)cc1,XH_2024_2,XH_2024_2,0
-3.866836,-0.791287553,CCCCc1ccc(C#CCN(CC#Cc2ccc(CCCC)cc2)CCCN(C)CCCN(CC#Cc2ccc(CCCC)cc2)CC#Cc2ccc(CCCC)cc2)cc1,XH_2024_2,XH_2024_2,0
-2.0978475,1.425179142,CCCCc1ccc(C#CCN(CC#Cc2ccc(CCCC)cc2)CCN(CCN(CC#Cc2ccc(CCCC)cc2)CC#Cc2ccc(CCCC)cc2)CCN(CC#Cc2ccc(CCCC)cc2)CC#Cc2ccc(CCCC)cc2)cc1,XH_2024_2,XH_2024_2,2
-2.819911,-0.970002081,CCCCc1ccc(C#CCN(CC#Cc2ccc(CCCC)cc2)CCCN2CCN(CCCN(CC#Cc3ccc(CCCC)cc3)CC#Cc3ccc(CCCC)cc3)CC2)cc1,XH_2024_2,XH_2024_2,0
-5.681021,-0.688385022,CCCCCCc1ccc(C#CCN(C)CC#Cc2ccc(CCCCCC)cc2)cc1,XH_2024_2,XH_2024_2,0
-5.276013,0.132837836,CCCCCCc1ccc(C#CCN(CC)CC#Cc2ccc(CCCCCC)cc2)cc1,XH_2024_2,XH_2024_2,1
-5.5021753,-0.43889128,CCCCCCc1ccc(C#CCN(CC#Cc2ccc(CCCCCC)cc2)CCOC)cc1,XH_2024_2,XH_2024_2,0
-4.6934137,2.497233129,CCCCCCc1ccc(C#CCN(CC#Cc2ccc(CCCCCC)cc2)CCO)cc1,XH_2024_2,XH_2024_2,2
-6.4424486,-0.567273661,CCCCCCc1ccc(C#CCN(CC#Cc2ccc(CCCCCC)cc2)C2CCCCC2)cc1,XH_2024_2,XH_2024_2,0
-5.7766175,-0.599626528,CCCCCCc1ccc(C#CCN(CC#Cc2ccc(CCCCCC)cc2)c2ccccc2)cc1,XH_2024_2,XH_2024_2,0
-5.7487516,-0.748143402,CCCCCCc1ccc(C#CCN(CC#Cc2ccc(CCCCCC)cc2)C2CCC(O)CC2)cc1,XH_2024_2,XH_2024_2,0
-6.263454,-0.239972507,CCCCCCc1ccc(C#CCN(CC#Cc2ccc(CCCCCC)cc2)CC(=O)OC)cc1,XH_2024_2,XH_2024_2,1
-5.6721067,0.293038214,CCCCCCc1ccc(C#CCN(CC#Cc2ccc(CCCCCC)cc2)CCN(C)C)cc1,XH_2024_2,XH_2024_2,1
-6.086245,-0.707697576,CCCCCCc1ccc(C#CCN(CC#Cc2ccc(CCCCCC)cc2)CCCN(C)C)cc1,XH_2024_2,XH_2024_2,0
-5.4968324,3.565285689,CCCCCCc1ccc(C#CCN(CC#Cc2ccc(CCCCCC)cc2)CCN(CC)CC)cc1,XH_2024_2,XH_2024_2,3
-5.417637,0.367841982,CCCCCCc1ccc(C#CCN(CC#Cc2ccc(CCCCCC)cc2)CCCN(CC)CC)cc1,XH_2024_2,XH_2024_2,1
-6.0720353,-0.583247867,CCCCCCc1ccc(C#CCN(CC#Cc2ccc(CCCCCC)cc2)CCN2CCCC2)cc1,XH_2024_2,XH_2024_2,0
-5.74813,-0.27919194,CCCCCCc1ccc(C#CCN(CC#Cc2ccc(CCCCCC)cc2)CCCN2CCCC2)cc1,XH_2024_2,XH_2024_2,1
-5.0835223,-0.669632331,CCCCCCc1ccc(C#CCN(CC#Cc2ccc(CCCCCC)cc2)CCCn2ccnc2)cc1,XH_2024_2,XH_2024_2,0
-6.0396047,-0.521589566,CCCCCCc1ccc(C#CCN(CC#Cc2ccc(CCCCCC)cc2)CCN2CCOCC2)cc1,XH_2024_2,XH_2024_2,0
-5.7384152,-0.813988917,CCCCCCc1ccc(C#CCN(CC#Cc2ccc(CCCCCC)cc2)CCN2CCCCC2)cc1,XH_2024_2,XH_2024_2,0
-5.167694,-0.861931034,CCCCCCc1ccc(C#CCN(CC#Cc2ccc(CCCCCC)cc2)CCCN2CCN(C)CC2)cc1,XH_2024_2,XH_2024_2,0
-6.1943674,-0.633682944,CCCCCCc1ccc(C#CCN2CCN(CC#Cc3ccc(CCCCCC)cc3)CC2)cc1,XH_2024_2,XH_2024_2,0
-5.8970437,0.153877819,CCCCCCc1ccc(C#CCN(C)CCCN(C)CC#Cc2ccc(CCCCCC)cc2)cc1,XH_2024_2,XH_2024_2,1
-6.256585,0.164146646,CCCCCCc1ccc(C#CCN(CC)CCN(CC)CC#Cc2ccc(CCCCCC)cc2)cc1,XH_2024_2,XH_2024_2,1
-5.0256815,0.848879351,CCCCCCc1ccc(C#CCN(C)CCCN(C)CCCN(C)CC#Cc2ccc(CCCCCC)cc2)cc1,XH_2024_2,XH_2024_2,1
-4.617365,2.067897218,CCCCCCc1ccc(C#CCN(CC#Cc2ccc(CCCCCC)cc2)CCN(CC#Cc2ccc(CCCCCC)cc2)CCO)cc1,XH_2024_2,XH_2024_2,2
-3.4485142,0.448156394,CCCCCCc1ccc(C#CCN(CC#Cc2ccc(CCCCCC)cc2)CCN(CC#Cc2ccc(CCCCCC)cc2)CC#Cc2ccc(CCCCCC)cc2)cc1,XH_2024_2,XH_2024_2,1
-3.0871694,-0.134835354,CCCCCCc1ccc(C#CCN(CC#Cc2ccc(CCCCCC)cc2)CCCN(CC#Cc2ccc(CCCCCC)cc2)CC#Cc2ccc(CCCCCC)cc2)cc1,XH_2024_2,XH_2024_2,1
-2.9028502,3.416282483,CCCCCCc1ccc(C#CCN(CC#Cc2ccc(CCCCCC)cc2)CCOCCOCCN(CC#Cc2ccc(CCCCCC)cc2)CC#Cc2ccc(CCCCCC)cc2)cc1,XH_2024_2,XH_2024_2,3
-2.1751173,-0.521589566,CCCCCCc1ccc(C#CCN(CC#Cc2ccc(CCCCCC)cc2)CCN(C)CCN(CC#Cc2ccc(CCCCCC)cc2)CC#Cc2ccc(CCCCCC)cc2)cc1,XH_2024_2,XH_2024_2,0
-2.8964608,-0.651407957,CCCCCCc1ccc(C#CCN(CC#Cc2ccc(CCCCCC)cc2)CCCN(C)CCCN(CC#Cc2ccc(CCCCCC)cc2)CC#Cc2ccc(CCCCCC)cc2)cc1,XH_2024_2,XH_2024_2,0
-2.4903967,0.702752797,CCCCCCc1ccc(C#CCN(CC#Cc2ccc(CCCCCC)cc2)CCN(CCN(CC#Cc2ccc(CCCCCC)cc2)CC#Cc2ccc(CCCCCC)cc2)CCN(CC#Cc2ccc(CCCCCC)cc2)CC#Cc2ccc(CCCCCC)cc2)cc1,XH_2024_2,XH_2024_2,1
-2.5903554,-0.861931034,CCCCCCc1ccc(C#CCN(CC#Cc2ccc(CCCCCC)cc2)CCCN2CCN(CCCN(CC#Cc3ccc(CCCCCC)cc3)CC#Cc3ccc(CCCCCC)cc3)CC2)cc1,XH_2024_2,XH_2024_2,0
-5.9416747,-0.551684412,CCCC1CCC(c2ccc(C#CCN(C)CC#Cc3ccc(C4CCC(CCC)CC4)cc3)cc2)CC1,XH_2024_2,XH_2024_2,0
-5.518533,0.86631767,CCCC1CCC(c2ccc(C#CCN(CC)CC#Cc3ccc(C4CCC(CCC)CC4)cc3)cc2)CC1,XH_2024_2,XH_2024_2,1
-5.099978,-0.073177053,CCCC1CCC(c2ccc(C#CCN(CC#Cc3ccc(C4CCC(CCC)CC4)cc3)CCOC)cc2)CC1,XH_2024_2,XH_2024_2,1
-5.9897437,1.219436165,CCCC1CCC(c2ccc(C#CCN(CC#Cc3ccc(C4CCC(CCC)CC4)cc3)CCO)cc2)CC1,XH_2024_2,XH_2024_2,1
-4.7717075,-0.567273661,CCCC1CCC(c2ccc(C#CCN(CC#Cc3ccc(C4CCC(CCC)CC4)cc3)C3CCCCC3)cc2)CC1,XH_2024_2,XH_2024_2,0
-3.8129115,-0.861931034,CCCC1CCC(c2ccc(C#CCN(CC#Cc3ccc(C4CCC(CCC)CC4)cc3)c3ccccc3)cc2)CC1,XH_2024_2,XH_2024_2,0
-5.0039268,-0.567273661,CCCC1CCC(c2ccc(C#CCN(CC#Cc3ccc(C4CCC(CCC)CC4)cc3)C3CCC(O)CC3)cc2)CC1,XH_2024_2,XH_2024_2,0
-5.28609,-0.426080516,CCCC1CCC(c2ccc(C#CCN(CC#Cc3ccc(C4CCC(CCC)CC4)cc3)CC(=O)OC)cc2)CC1,XH_2024_2,XH_2024_2,0
-4.712058,0.467565526,CCCC1CCC(c2ccc(C#CCN(CC#Cc3ccc(C4CCC(CCC)CC4)cc3)CCN(C)C)cc2)CC1,XH_2024_2,XH_2024_2,1
-4.021683,-0.194072233,CCCC1CCC(c2ccc(C#CCN(CC#Cc3ccc(C4CCC(CCC)CC4)cc3)CCCN(C)C)cc2)CC1,XH_2024_2,XH_2024_2,1
-3.9222612,0.965057303,CCCC1CCC(c2ccc(C#CCN(CC#Cc3ccc(C4CCC(CCC)CC4)cc3)CCN(CC)CC)cc2)CC1,XH_2024_2,XH_2024_2,1
-3.7516189,-0.616430654,CCCC1CCC(c2ccc(C#CCN(CC#Cc3ccc(C4CCC(CCC)CC4)cc3)CCCN(CC)CC)cc2)CC1,XH_2024_2,XH_2024_2,0
-4.535135,-1.000096926,CCCC1CCC(c2ccc(C#CCN(CC#Cc3ccc(C4CCC(CCC)CC4)cc3)CCN3CCCC3)cc2)CC1,XH_2024_2,XH_2024_2,0
-3.762325,-0.913712463,CCCC1CCC(c2ccc(C#CCN(CC#Cc3ccc(C4CCC(CCC)CC4)cc3)CCCN3CCCC3)cc2)CC1,XH_2024_2,XH_2024_2,0
-4.710011,-0.837515966,CCCC1CCC(c2ccc(C#CCN(CC#Cc3ccc(C4CCC(CCC)CC4)cc3)CCCn3ccnc3)cc2)CC1,XH_2024_2,XH_2024_2,0
-5.0292287,-0.551684412,CCCC1CCC(c2ccc(C#CCN(CC#Cc3ccc(C4CCC(CCC)CC4)cc3)CCN3CCOCC3)cc2)CC1,XH_2024_2,XH_2024_2,0
-4.0593815,-0.913712463,CCCC1CCC(c2ccc(C#CCN(CC#Cc3ccc(C4CCC(CCC)CC4)cc3)CCN3CCCCC3)cc2)CC1,XH_2024_2,XH_2024_2,0
-5.205936,-0.331816265,CCCC1CCC(c2ccc(C#CCN(CC#Cc3ccc(C4CCC(CCC)CC4)cc3)CCCN3CCN(C)CC3)cc2)CC1,XH_2024_2,XH_2024_2,1
-5.293561,-0.616430654,CCCC1CCC(c2ccc(C#CCN3CCN(CC#Cc4ccc(C5CCC(CCC)CC5)cc4)CC3)cc2)CC1,XH_2024_2,XH_2024_2,0
-4.3337445,0.236369058,CCCC1CCC(c2ccc(C#CCN(C)CCCN(C)CC#Cc3ccc(C4CCC(CCC)CC4)cc3)cc2)CC1,XH_2024_2,XH_2024_2,1
-4.0206656,0.19400991,CCCC1CCC(c2ccc(C#CCN(CC)CCN(CC)CC#Cc3ccc(C4CCC(CCC)CC4)cc3)cc2)CC1,XH_2024_2,XH_2024_2,1
-3.6995025,2.684550049,CCCC1CCC(c2ccc(C#CCN(C)CCCN(C)CCCN(C)CC#Cc3ccc(C4CCC(CCC)CC4)cc3)cc2)CC1,XH_2024_2,XH_2024_2,3
-4.8755355,1.079797131,CCCC1CCC(c2ccc(C#CCN(CC#Cc3ccc(C4CCC(CCC)CC4)cc3)CCN(CC#Cc3ccc(C4CCC(CCC)CC4)cc3)CCO)cc2)CC1,XH_2024_2,XH_2024_2,1
-2.8391843,0.071179533,CCCC1CCC(c2ccc(C#CCN(CC#Cc3ccc(C4CCC(CCC)CC4)cc3)CCN(CC#Cc3ccc(C4CCC(CCC)CC4)cc3)CC#Cc3ccc(C4CCC(CCC)CC4)cc3)cc2)CC1,XH_2024_2,XH_2024_2,1
-2.0886755,-0.269161932,CCCC1CCC(c2ccc(C#CCN(CC#Cc3ccc(C4CCC(CCC)CC4)cc3)CCCN(CC#Cc3ccc(C4CCC(CCC)CC4)cc3)CC#Cc3ccc(C4CCC(CCC)CC4)cc3)cc2)CC1,XH_2024_2,XH_2024_2,1
-2.0182893,1.026984092,CCCC1CCC(c2ccc(C#CCN(CC#Cc3ccc(C4CCC(CCC)CC4)cc3)CCOCCOCCN(CC#Cc3ccc(C4CCC(CCC)CC4)cc3)CC#Cc3ccc(C4CCC(CCC)CC4)cc3)cc2)CC1,XH_2024_2,XH_2024_2,1
-1.89749,-0.813988917,CCCC1CCC(c2ccc(C#CCN(CC#Cc3ccc(C4CCC(CCC)CC4)cc3)CCN(C)CCN(CC#Cc3ccc(C4CCC(CCC)CC4)cc3)CC#Cc3ccc(C4CCC(CCC)CC4)cc3)cc2)CC1,XH_2024_2,XH_2024_2,0
-1.3812634,-0.633682944,CCCC1CCC(c2ccc(C#CCN(CC#Cc3ccc(C4CCC(CCC)CC4)cc3)CCCN(C)CCCN(CC#Cc3ccc(C4CCC(CCC)CC4)cc3)CC#Cc3ccc(C4CCC(CCC)CC4)cc3)cc2)CC1,XH_2024_2,XH_2024_2,0
-2.5060685,-0.616430654,CCCC1CCC(c2ccc(C#CCN(CC#Cc3ccc(C4CCC(CCC)CC4)cc3)CCN(CCN(CC#Cc3ccc(C4CCC(CCC)CC4)cc3)CC#Cc3ccc(C4CCC(CCC)CC4)cc3)CCN(CC#Cc3ccc(C4CCC(CCC)CC4)cc3)CC#Cc3ccc(C4CCC(CCC)CC4)cc3)cc2)CC1,XH_2024_2,XH_2024_2,0
-1.8042301,-1.000096926,CCCC1CCC(c2ccc(C#CCN(CC#Cc3ccc(C4CCC(CCC)CC4)cc3)CCCN3CCN(CCCN(CC#Cc4ccc(C5CCC(CCC)CC5)cc4)CC#Cc4ccc(C5CCC(CCC)CC5)cc4)CC3)cc2)CC1,XH_2024_2,XH_2024_2,0
-4.453317,-0.894834808,CCCCOC(=O)CC(NCCNC(CC(=O)OCCCC)C(=O)OCCCC)C(=O)OCCCC,XH_2025,XH_2025,0
-4.749069,-0.894834808,CCCCOC(=O)CC(NCCCNC(CC(=O)OCCCC)C(=O)OCCCC)C(=O)OCCCC,XH_2025,XH_2025,0
-4.452537,-0.894834808,CCCCOC(=O)CC(NCCCCCCNC(CC(=O)OCCCC)C(=O)OCCCC)C(=O)OCCCC,XH_2025,XH_2025,0
-4.6309214,-0.894834808,CCCCOC(=O)CC(C(=O)OCCCC)N(C)CCN(C)C(CC(=O)OCCCC)C(=O)OCCCC,XH_2025,XH_2025,0
-4.231538,0.477611216,CCCCOC(=O)CC(NCCCN(CCCN(C)C)C(CC(=O)OCCCC)C(=O)OCCCC)C(=O)OCCCC,XH_2025,XH_2025,1
-3.8771565,-0.894834808,CCCCOC(=O)CC(NCCN(C)CCNC(CC(=O)OCCCC)C(=O)OCCCC)C(=O)OCCCC,XH_2025,XH_2025,0
-3.495827,-0.894834808,CCCCOC(=O)CC(C(=O)OCCCC)N(C)CCN(C)CCN(C)C(CC(=O)OCCCC)C(=O)OCCCC,XH_2025,XH_2025,0
-3.9358444,-0.894834808,CCCCOC(=O)CC(NCCCN(C)CCCNC(CC(=O)OCCCC)C(=O)OCCCC)C(=O)OCCCC,XH_2025,XH_2025,0
-3.856049,0.477611216,CCCCOC(=O)CC(C(=O)OCCCC)N(C)CCCN(C)CCCN(C)C(CC(=O)OCCCC)C(=O)OCCCC,XH_2025,XH_2025,1
-5.184767,0.477611216,CCCCOC(=O)CC(NCCN(CCO)C(CC(=O)OCCCC)C(=O)OCCCC)C(=O)OCCCC,XH_2025,XH_2025,1
-4.5282536,-0.894834808,CCCCOC(=O)CC(C(=O)OCCCC)N(CCO)CCN(CCO)C(CC(=O)OCCCC)C(=O)OCCCC,XH_2025,XH_2025,0
-4.302648,0.477611216,CCCCOC(=O)CC(NCCCN1CCN(CCCNC(CC(=O)OCCCC)C(=O)OCCCC)CC1)C(=O)OCCCC,XH_2025,XH_2025,1
-3.782135,0.477611216,CCCCOC(=O)CC(NCCOCCOCCNC(CC(=O)OCCCC)C(=O)OCCCC)C(=O)OCCCC,XH_2025,XH_2025,1
-3.9080646,0.477611216,CCCCOC(=O)CC(NCCCCC1NC(=O)C(CCCCNC(CC(=O)OCCCC)C(=O)OCCCC)NC1=O)C(=O)OCCCC,XH_2025,XH_2025,1
-3.8494391,0.477611216,CCCCOC(=O)CC(NCCN(CCNC(CC(=O)OCCCC)C(=O)OCCCC)C(CC(=O)OCCCC)C(=O)OCCCC)C(=O)OCCCC,XH_2025,XH_2025,1
-5.3529224,0.477611216,CCCCOC(=O)CC(NCCCN(CCCNC(CC(=O)OCCCC)C(=O)OCCCC)CCCNC(CC(=O)OCCCC)C(=O)OCCCC)C(=O)OCCCC,XH_2025,XH_2025,1
-4.8933363,0.477611216,CCCCOC(=O)CC(NCCN(CCNC(CC(=O)OCCCC)C(=O)OCCCC)CCNC(CC(=O)OCCCC)C(=O)OCCCC)C(=O)OCCCC,XH_2025,XH_2025,1
-4.7621884,0.477611216,CCCCOC(=O)CC(NCCN1CCN(CCN(CCNC(CC(=O)OCCCC)C(=O)OCCCC)C(CC(=O)OCCCC)C(=O)OCCCC)CC1)C(=O)OCCCC,XH_2025,XH_2025,1
-3.9725726,-0.894834808,CCCCOC(=O)CC(NCCCN(CCCCN(CCCNC(CC(=O)OCCCC)C(=O)OCCCC)CCCNC(CC(=O)OCCCC)C(=O)OCCCC)CCCNC(CC(=O)OCCCC)C(=O)OCCCC)C(=O)OCCCC,XH_2025,XH_2025,0
-2.2538528,0.477611216,CCCCOC(=O)CC(NCCNC(=O)CCN(CCC(=O)NCCNC(CC(=O)OCCCC)C(=O)OCCCC)CCN(CCC(=O)NCCNC(CC(=O)OCCCC)C(=O)OCCCC)CCC(=O)NCCNC(CC(=O)OCCCC)C(=O)OCCCC)C(=O)OCCCC,XH_2025,XH_2025,1
-5.231237,-0.894834808,CCCCOC(=O)CC(C(=O)OCCCC)N(C)C,XH_2025,XH_2025,0
-4.5223594,-0.894834808,CCCCOC(=O)CC(C(=O)OCCCC)N(CC)CC,XH_2025,XH_2025,0
-5.195937,-0.894834808,CCCCOC(=O)CC(NCCO)C(=O)OCCCC,XH_2025,XH_2025,0
-5.0049353,-0.894834808,CCCCOC(=O)CC(C(=O)OCCCC)N(C)CCO,XH_2025,XH_2025,0
-4.9302697,0.477611216,CCCCOC(=O)CC(NCCCCO)C(=O)OCCCC,XH_2025,XH_2025,1
-4.8828635,0.477611216,CCCCOC(=O)CC(C(=O)OCCCC)N(C)CCCCO,XH_2025,XH_2025,1
-4.9344807,0.477611216,CCCCOC(=O)CC(NCCCN(C)C)C(=O)OCCCC,XH_2025,XH_2025,1
-4.9369526,-0.894834808,CCCCOC(=O)CC(C(=O)OCCCC)N(C)CCCN(C)C,XH_2025,XH_2025,0
-4.9593663,-0.894834808,CCCCOC(=O)CC(NCCN(CC)CC)C(=O)OCCCC,XH_2025,XH_2025,0
-4.6721087,-0.894834808,CCCCOC(=O)CC(C(=O)OCCCC)N(C)CCN(CC)CC,XH_2025,XH_2025,0
-4.529811,-0.894834808,CCCCOC(=O)CC(C(=O)OCCCC)N1CCC(N(C)C)C1,XH_2025,XH_2025,0
-4.551588,-0.894834808,CCCCOC(=O)CC(C(=O)OCCCC)N1CCN(CCO)CC1,XH_2025,XH_2025,0
-5.2718754,-0.894834808,CCCCOC(=O)CC(NCCCN(CC)CC)C(=O)OCCCC,XH_2025,XH_2025,0
-4.6168523,-0.894834808,CCCCOC(=O)CC(C(=O)OCCCC)N(C)CCCN(CC)CC,XH_2025,XH_2025,0
-5.1189094,-0.894834808,CCCCOC(=O)CC(NCCN1CCCC1)C(=O)OCCCC,XH_2025,XH_2025,0
-4.21424,-0.894834808,CCCCOC(=O)CC(C(=O)OCCCC)N(C)CCN1CCCC1,XH_2025,XH_2025,0
-4.8446956,-0.894834808,CCCCOC(=O)CC(NCCCN1CCCC1)C(=O)OCCCC,XH_2025,XH_2025,0
-4.476013,-0.894834808,CCCCOC(=O)CC(C(=O)OCCCC)N(C)CCCN1CCCC1,XH_2025,XH_2025,0
-4.504851,-0.894834808,CCCCOC(=O)CC(NCCN(C)C)C(=O)OCCCC,XH_2025,XH_2025,0
-3.8460038,-0.894834808,CCCCOC(=O)CC(C(=O)OCCCC)N(C)CCN(C)C,XH_2025,XH_2025,0
-4.2473946,-0.894834808,CCCCOC(=O)CC(NCCCN1CCN(C)CC1)C(=O)OCCCC,XH_2025,XH_2025,0
-5.137307,-0.894834808,CCCCOC(=O)CC(C(=O)OCCCC)N1CCCN(C)CC1,XH_2025,XH_2025,0
-4.3963876,-0.894834808,CCCCOC(=O)CC(C(=O)OCCCC)N1CCN(C)CC1,XH_2025,XH_2025,0
-5.411642,-0.894834808,CCCCOC(=O)CC(C(=O)OCCCC)N1CCC(N(C)C)CC1,XH_2025,XH_2025,0
-4.70394,-0.894834808,CCCCOC(=O)CC(C(=O)OCCCC)N1CCC(N(CC)CC)CC1,XH_2025,XH_2025,0
-4.8223014,0.477611216,CCCCOC(=O)CC(C(=O)OCCCC)N1CCC(N(CC)CC)C1,XH_2025,XH_2025,1
-5.1082916,-0.894834808,CCCCOC(=O)CC(C(=O)OCCCC)N1CCN(CCN(CC)CC)CC1,XH_2025,XH_2025,0
-5.4498925,-0.894834808,CCCCOC(=O)CC(SCCN1CCOCC1)C(=O)OCCCC,XH_2025,XH_2025,0
-5.877889,0.477611216,CCCCOC(=O)CC(SCCN(C)C)C(=O)OCCCC,XH_2025,XH_2025,1
-5.526072,0.477611216,CCCCOC(=O)CC(SCCN(CC)CC)C(=O)OCCCC,XH_2025,XH_2025,1
-4.1468945,-0.894834808,CCCCC(CC)COC(=O)CC(NCCNC(CC(=O)OCC(CC)CCCC)C(=O)OCC(CC)CCCC)C(=O)OCC(CC)CCCC,XH_2025,XH_2025,0
-3.7631068,0.477611216,CCCCC(CC)COC(=O)CC(NCCCNC(CC(=O)OCC(CC)CCCC)C(=O)OCC(CC)CCCC)C(=O)OCC(CC)CCCC,XH_2025,XH_2025,1
-3.9437404,0.477611216,CCCCC(CC)COC(=O)CC(NCCCCCCNC(CC(=O)OCC(CC)CCCC)C(=O)OCC(CC)CCCC)C(=O)OCC(CC)CCCC,XH_2025,XH_2025,1
-4.510964,1.85005724,CCCCC(CC)COC(=O)CC(C(=O)OCC(CC)CCCC)N(C)CCN(C)C(CC(=O)OCC(CC)CCCC)C(=O)OCC(CC)CCCC,XH_2025,XH_2025,3
-4.711513,-0.894834808,CCCCC(CC)COC(=O)CC(NCCCN(CCCN(C)C)C(CC(=O)OCC(CC)CCCC)C(=O)OCC(CC)CCCC)C(=O)OCC(CC)CCCC,XH_2025,XH_2025,0
-3.9768345,0.477611216,CCCCC(CC)COC(=O)CC(NCCN(C)CCNC(CC(=O)OCC(CC)CCCC)C(=O)OCC(CC)CCCC)C(=O)OCC(CC)CCCC,XH_2025,XH_2025,1
-5.006283,-0.894834808,CCCCC(CC)COC(=O)CC(C(=O)OCC(CC)CCCC)N(C)CCN(C)CCN(C)C(CC(=O)OCC(CC)CCCC)C(=O)OCC(CC)CCCC,XH_2025,XH_2025,0
-4.8207674,-0.894834808,CCCCC(CC)COC(=O)CC(NCCCN(C)CCCNC(CC(=O)OCC(CC)CCCC)C(=O)OCC(CC)CCCC)C(=O)OCC(CC)CCCC,XH_2025,XH_2025,0
-4.0660815,-0.894834808,CCCCC(CC)COC(=O)CC(C(=O)OCC(CC)CCCC)N(C)CCCN(C)CCCN(C)C(CC(=O)OCC(CC)CCCC)C(=O)OCC(CC)CCCC,XH_2025,XH_2025,0
-3.6628344,0.477611216,CCCCC(CC)COC(=O)CC(NCCN(CCO)C(CC(=O)OCC(CC)CCCC)C(=O)OCC(CC)CCCC)C(=O)OCC(CC)CCCC,XH_2025,XH_2025,1
-4.619242,0.477611216,CCCCC(CC)COC(=O)CC(C(=O)OCC(CC)CCCC)N(CCO)CCN(CCO)C(CC(=O)OCC(CC)CCCC)C(=O)OCC(CC)CCCC,XH_2025,XH_2025,1
-3.2378743,0.477611216,CCCCC(CC)COC(=O)CC(NCCCN1CCN(CCCNC(CC(=O)OCC(CC)CCCC)C(=O)OCC(CC)CCCC)CC1)C(=O)OCC(CC)CCCC,XH_2025,XH_2025,1
-5.3074336,0.477611216,CCCCC(CC)COC(=O)CC(NCCOCCOCCNC(CC(=O)OCC(CC)CCCC)C(=O)OCC(CC)CCCC)C(=O)OCC(CC)CCCC,XH_2025,XH_2025,1
-3.6191988,1.85005724,CCCCC(CC)COC(=O)CC(NCCCCC1NC(=O)C(CCCCNC(CC(=O)OCC(CC)CCCC)C(=O)OCC(CC)CCCC)NC1=O)C(=O)OCC(CC)CCCC,XH_2025,XH_2025,3
-2.9371085,0.477611216,CCCCC(CC)COC(=O)CC(NCCN(CCNC(CC(=O)OCC(CC)CCCC)C(=O)OCC(CC)CCCC)C(CC(=O)OCC(CC)CCCC)C(=O)OCC(CC)CCCC)C(=O)OCC(CC)CCCC,XH_2025,XH_2025,1
-3.6667557,1.85005724,CCCCC(CC)COC(=O)CC(NCCCN(CCCNC(CC(=O)OCC(CC)CCCC)C(=O)OCC(CC)CCCC)CCCNC(CC(=O)OCC(CC)CCCC)C(=O)OCC(CC)CCCC)C(=O)OCC(CC)CCCC,XH_2025,XH_2025,3
-3.0374632,0.477611216,CCCCC(CC)COC(=O)CC(NCCN(CCNC(CC(=O)OCC(CC)CCCC)C(=O)OCC(CC)CCCC)CCNC(CC(=O)OCC(CC)CCCC)C(=O)OCC(CC)CCCC)C(=O)OCC(CC)CCCC,XH_2025,XH_2025,1
-2.9406152,-0.894834808,CCCCC(CC)COC(=O)CC(NCCN1CCN(CCN(CCNC(CC(=O)OCC(CC)CCCC)C(=O)OCC(CC)CCCC)C(CC(=O)OCC(CC)CCCC)C(=O)OCC(CC)CCCC)CC1)C(=O)OCC(CC)CCCC,XH_2025,XH_2025,0
-2.9120994,-0.894834808,CCCCC(CC)COC(=O)CC(NCCCN(CCCCN(CCCNC(CC(=O)OCC(CC)CCCC)C(=O)OCC(CC)CCCC)CCCNC(CC(=O)OCC(CC)CCCC)C(=O)OCC(CC)CCCC)CCCNC(CC(=O)OCC(CC)CCCC)C(=O)OCC(CC)CCCC)C(=O)OCC(CC)CCCC,XH_2025,XH_2025,0
-2.6258135,0.477611216,CCCCC(CC)COC(=O)CC(NCCNC(=O)CCN(CCC(=O)NCCNC(CC(=O)OCC(CC)CCCC)C(=O)OCC(CC)CCCC)CCN(CCC(=O)NCCNC(CC(=O)OCC(CC)CCCC)C(=O)OCC(CC)CCCC)CCC(=O)NCCNC(CC(=O)OCC(CC)CCCC)C(=O)OCC(CC)CCCC)C(=O)OCC(CC)CCCC,XH_2025,XH_2025,1
-4.775668,0.477611216,CCCCC(CC)COC(=O)CC(C(=O)OCC(CC)CCCC)N(C)C,XH_2025,XH_2025,1
-4.2350397,0.477611216,CCCCC(CC)COC(=O)CC(C(=O)OCC(CC)CCCC)N(CC)CC,XH_2025,XH_2025,1
-4.227376,-0.894834808,CCCCC(CC)COC(=O)CC(NCCO)C(=O)OCC(CC)CCCC,XH_2025,XH_2025,0
-4.9733076,0.477611216,CCCCC(CC)COC(=O)CC(C(=O)OCC(CC)CCCC)N(C)CCO,XH_2025,XH_2025,1
-5.1708484,-0.894834808,CCCCC(CC)COC(=O)CC(NCCCCO)C(=O)OCC(CC)CCCC,XH_2025,XH_2025,0
-5.1732807,0.477611216,CCCCC(CC)COC(=O)CC(C(=O)OCC(CC)CCCC)N(C)CCCCO,XH_2025,XH_2025,1
-4.4047885,-0.894834808,CCCCC(CC)COC(=O)CC(NCCCN(C)C)C(=O)OCC(CC)CCCC,XH_2025,XH_2025,0
-4.939322,-0.894834808,CCCCC(CC)COC(=O)CC(C(=O)OCC(CC)CCCC)N(C)CCCN(C)C,XH_2025,XH_2025,0
-4.305068,-0.894834808,CCCCC(CC)COC(=O)CC(NCCN(CC)CC)C(=O)OCC(CC)CCCC,XH_2025,XH_2025,0
-4.480578,-0.894834808,CCCCC(CC)COC(=O)CC(C(=O)OCC(CC)CCCC)N(C)CCN(CC)CC,XH_2025,XH_2025,0
-4.0841637,-0.894834808,CCCCC(CC)COC(=O)CC(C(=O)OCC(CC)CCCC)N1CCC(N(C)C)C1,XH_2025,XH_2025,0
-4.640836,-0.894834808,CCCCC(CC)COC(=O)CC(C(=O)OCC(CC)CCCC)N1CCN(CCO)CC1,XH_2025,XH_2025,0
-4.9181747,-0.894834808,CCCCC(CC)COC(=O)CC(NCCCN(CC)CC)C(=O)OCC(CC)CCCC,XH_2025,XH_2025,0
-5.2478147,-0.894834808,CCCCC(CC)COC(=O)CC(C(=O)OCC(CC)CCCC)N(C)CCCN(CC)CC,XH_2025,XH_2025,0
-4.1921344,-0.894834808,CCCCC(CC)COC(=O)CC(NCCN1CCCC1)C(=O)OCC(CC)CCCC,XH_2025,XH_2025,0
-4.160754,-0.894834808,CCCCC(CC)COC(=O)CC(C(=O)OCC(CC)CCCC)N(C)CCN1CCCC1,XH_2025,XH_2025,0
-4.0552707,-0.894834808,CCCCC(CC)COC(=O)CC(NCCCN1CCCC1)C(=O)OCC(CC)CCCC,XH_2025,XH_2025,0
-4.717348,-0.894834808,CCCCC(CC)COC(=O)CC(C(=O)OCC(CC)CCCC)N(C)CCCN1CCCC1,XH_2025,XH_2025,0
-4.2324815,-0.894834808,CCCCC(CC)COC(=O)CC(NCCN(C)C)C(=O)OCC(CC)CCCC,XH_2025,XH_2025,0
-4.017189,-0.894834808,CCCCC(CC)COC(=O)CC(C(=O)OCC(CC)CCCC)N(C)CCN(C)C,XH_2025,XH_2025,0
-4.5152607,-0.894834808,CCCCC(CC)COC(=O)CC(NCCCN1CCN(C)CC1)C(=O)OCC(CC)CCCC,XH_2025,XH_2025,0
-5.228492,-0.894834808,CCCCC(CC)COC(=O)CC(C(=O)OCC(CC)CCCC)N1CCCN(C)CC1,XH_2025,XH_2025,0
-4.6317277,-0.894834808,CCCCC(CC)COC(=O)CC(C(=O)OCC(CC)CCCC)N1CCN(C)CC1,XH_2025,XH_2025,0
-4.5586505,-0.894834808,CCCCC(CC)COC(=O)CC(C(=O)OCC(CC)CCCC)N1CCC(N(C)C)CC1,XH_2025,XH_2025,0
-5.373104,-0.894834808,CCCCC(CC)COC(=O)CC(C(=O)OCC(CC)CCCC)N1CCC(N(CC)CC)CC1,XH_2025,XH_2025,0
-5.369867,-0.894834808,CCCCC(CC)COC(=O)CC(C(=O)OCC(CC)CCCC)N1CCC(N(CC)CC)C1,XH_2025,XH_2025,0
-5.010199,-0.894834808,CCCCC(CC)COC(=O)CC(C(=O)OCC(CC)CCCC)N1CCN(CCN(CC)CC)CC1,XH_2025,XH_2025,0
-5.900478,-0.894834808,CCCCC(CC)COC(=O)CC(SCCN1CCOCC1)C(=O)OCC(CC)CCCC,XH_2025,XH_2025,0
-4.6928763,-0.894834808,CCCCC(CC)COC(=O)CC(SCCN(C)C)C(=O)OCC(CC)CCCC,XH_2025,XH_2025,0
-6.0347986,0.477611216,CCCCC(CC)COC(=O)CC(SCCN(CC)CC)C(=O)OCC(CC)CCCC,XH_2025,XH_2025,1
-4.725486,0.477611216,CCCCCCCCOC(=O)CC(NCCNC(CC(=O)OCCCCCCCC)C(=O)OCCCCCCCC)C(=O)OCCCCCCCC,XH_2025,XH_2025,1
-4.427738,0.477611216,CCCCCCCCOC(=O)CC(NCCCNC(CC(=O)OCCCCCCCC)C(=O)OCCCCCCCC)C(=O)OCCCCCCCC,XH_2025,XH_2025,1
-4.616872,0.477611216,CCCCCCCCOC(=O)CC(NCCCCCCNC(CC(=O)OCCCCCCCC)C(=O)OCCCCCCCC)C(=O)OCCCCCCCC,XH_2025,XH_2025,1
-3.2660599,1.85005724,CCCCCCCCOC(=O)CC(C(=O)OCCCCCCCC)N(C)CCN(C)C(CC(=O)OCCCCCCCC)C(=O)OCCCCCCCC,XH_2025,XH_2025,3
-4.8609853,-0.894834808,CCCCCCCCOC(=O)CC(NCCCN(CCCN(C)C)C(CC(=O)OCCCCCCCC)C(=O)OCCCCCCCC)C(=O)OCCCCCCCC,XH_2025,XH_2025,0
-3.8024292,0.477611216,CCCCCCCCOC(=O)CC(NCCN(C)CCNC(CC(=O)OCCCCCCCC)C(=O)OCCCCCCCC)C(=O)OCCCCCCCC,XH_2025,XH_2025,1
-4.683333,-0.894834808,CCCCCCCCOC(=O)CC(C(=O)OCCCCCCCC)N(C)CCN(C)CCN(C)C(CC(=O)OCCCCCCCC)C(=O)OCCCCCCCC,XH_2025,XH_2025,0
-5.0094423,-0.894834808,CCCCCCCCOC(=O)CC(NCCCN(C)CCCNC(CC(=O)OCCCCCCCC)C(=O)OCCCCCCCC)C(=O)OCCCCCCCC,XH_2025,XH_2025,0
-3.624311,0.477611216,CCCCCCCCOC(=O)CC(C(=O)OCCCCCCCC)N(C)CCCN(C)CCCN(C)C(CC(=O)OCCCCCCCC)C(=O)OCCCCCCCC,XH_2025,XH_2025,1
-3.9643393,0.477611216,CCCCCCCCOC(=O)CC(NCCN(CCO)C(CC(=O)OCCCCCCCC)C(=O)OCCCCCCCC)C(=O)OCCCCCCCC,XH_2025,XH_2025,1
-4.596461,0.477611216,CCCCCCCCOC(=O)CC(C(=O)OCCCCCCCC)N(CCO)CCN(CCO)C(CC(=O)OCCCCCCCC)C(=O)OCCCCCCCC,XH_2025,XH_2025,1
-4.141257,0.477611216,CCCCCCCCOC(=O)CC(NCCCN1CCN(CCCNC(CC(=O)OCCCCCCCC)C(=O)OCCCCCCCC)CC1)C(=O)OCCCCCCCC,XH_2025,XH_2025,1
-4.434946,0.477611216,CCCCCCCCOC(=O)CC(NCCOCCOCCNC(CC(=O)OCCCCCCCC)C(=O)OCCCCCCCC)C(=O)OCCCCCCCC,XH_2025,XH_2025,1
-3.8191226,1.85005724,CCCCCCCCOC(=O)CC(NCCCCC1NC(=O)C(CCCCNC(CC(=O)OCCCCCCCC)C(=O)OCCCCCCCC)NC1=O)C(=O)OCCCCCCCC,XH_2025,XH_2025,3
-2.5730474,0.477611216,CCCCCCCCOC(=O)CC(NCCN(CCNC(CC(=O)OCCCCCCCC)C(=O)OCCCCCCCC)C(CC(=O)OCCCCCCCC)C(=O)OCCCCCCCC)C(=O)OCCCCCCCC,XH_2025,XH_2025,1
-3.3156414,1.85005724,CCCCCCCCOC(=O)CC(NCCCN(CCCNC(CC(=O)OCCCCCCCC)C(=O)OCCCCCCCC)CCCNC(CC(=O)OCCCCCCCC)C(=O)OCCCCCCCC)C(=O)OCCCCCCCC,XH_2025,XH_2025,3
-3.4600148,0.477611216,CCCCCCCCOC(=O)CC(NCCN(CCNC(CC(=O)OCCCCCCCC)C(=O)OCCCCCCCC)CCNC(CC(=O)OCCCCCCCC)C(=O)OCCCCCCCC)C(=O)OCCCCCCCC,XH_2025,XH_2025,1
-2.1176527,-0.894834808,CCCCCCCCOC(=O)CC(NCCN1CCN(CCN(CCNC(CC(=O)OCCCCCCCC)C(=O)OCCCCCCCC)C(CC(=O)OCCCCCCCC)C(=O)OCCCCCCCC)CC1)C(=O)OCCCCCCCC,XH_2025,XH_2025,0
-3.1697972,-0.894834808,CCCCCCCCOC(=O)CC(NCCCN(CCCCN(CCCNC(CC(=O)OCCCCCCCC)C(=O)OCCCCCCCC)CCCNC(CC(=O)OCCCCCCCC)C(=O)OCCCCCCCC)CCCNC(CC(=O)OCCCCCCCC)C(=O)OCCCCCCCC)C(=O)OCCCCCCCC,XH_2025,XH_2025,0
-1.6919281,1.85005724,CCCCCCCCOC(=O)CC(NCCNC(=O)CCN(CCC(=O)NCCNC(CC(=O)OCCCCCCCC)C(=O)OCCCCCCCC)CCN(CCC(=O)NCCNC(CC(=O)OCCCCCCCC)C(=O)OCCCCCCCC)CCC(=O)NCCNC(CC(=O)OCCCCCCCC)C(=O)OCCCCCCCC)C(=O)OCCCCCCCC,XH_2025,XH_2025,3
-5.7373447,0.477611216,CCCCCCCCOC(=O)CC(C(=O)OCCCCCCCC)N(C)C,XH_2025,XH_2025,1
-5.395756,-0.894834808,CCCCCCCCOC(=O)CC(C(=O)OCCCCCCCC)N(CC)CC,XH_2025,XH_2025,0
-5.201014,-0.894834808,CCCCCCCCOC(=O)CC(NCCO)C(=O)OCCCCCCCC,XH_2025,XH_2025,0
-5.251608,-0.894834808,CCCCCCCCOC(=O)CC(C(=O)OCCCCCCCC)N(C)CCO,XH_2025,XH_2025,0
-5.1366906,-0.894834808,CCCCCCCCOC(=O)CC(NCCCCO)C(=O)OCCCCCCCC,XH_2025,XH_2025,0
-5.4813137,0.477611216,CCCCCCCCOC(=O)CC(C(=O)OCCCCCCCC)N(C)CCCCO,XH_2025,XH_2025,1
-5.3451533,-0.894834808,CCCCCCCCOC(=O)CC(NCCCN(C)C)C(=O)OCCCCCCCC,XH_2025,XH_2025,0
-5.002627,-0.894834808,CCCCCCCCOC(=O)CC(C(=O)OCCCCCCCC)N(C)CCCN(C)C,XH_2025,XH_2025,0
-5.6072536,-0.894834808,CCCCCCCCOC(=O)CC(NCCN(CC)CC)C(=O)OCCCCCCCC,XH_2025,XH_2025,0
-5.0816236,-0.894834808,CCCCCCCCOC(=O)CC(C(=O)OCCCCCCCC)N(C)CCN(CC)CC,XH_2025,XH_2025,0
-4.676033,-0.894834808,CCCCCCCCOC(=O)CC(C(=O)OCCCCCCCC)N1CCC(N(C)C)C1,XH_2025,XH_2025,0
-5.1931047,-0.894834808,CCCCCCCCOC(=O)CC(C(=O)OCCCCCCCC)N1CCN(CCO)CC1,XH_2025,XH_2025,0
-5.751559,-0.894834808,CCCCCCCCOC(=O)CC(NCCCN(CC)CC)C(=O)OCCCCCCCC,XH_2025,XH_2025,0
-6.074643,-0.894834808,CCCCCCCCOC(=O)CC(C(=O)OCCCCCCCC)N(C)CCCN(CC)CC,XH_2025,XH_2025,0
-5.472658,-0.894834808,CCCCCCCCOC(=O)CC(NCCN1CCCC1)C(=O)OCCCCCCCC,XH_2025,XH_2025,0
-5.620675,-0.894834808,CCCCCCCCOC(=O)CC(C(=O)OCCCCCCCC)N(C)CCN1CCCC1,XH_2025,XH_2025,0
-5.444299,-0.894834808,CCCCCCCCOC(=O)CC(NCCCN1CCCC1)C(=O)OCCCCCCCC,XH_2025,XH_2025,0
-6.3846955,-0.894834808,CCCCCCCCOC(=O)CC(C(=O)OCCCCCCCC)N(C)CCCN1CCCC1,XH_2025,XH_2025,0
-4.2220473,-0.894834808,CCCCCCCCOC(=O)CC(NCCN(C)C)C(=O)OCCCCCCCC,XH_2025,XH_2025,0
-4.210239,-0.894834808,CCCCCCCCOC(=O)CC(C(=O)OCCCCCCCC)N(C)CCN(C)C,XH_2025,XH_2025,0
-5.9090295,-0.894834808,CCCCCCCCOC(=O)CC(NCCCN1CCN(C)CC1)C(=O)OCCCCCCCC,XH_2025,XH_2025,0
-5.5930033,-0.894834808,CCCCCCCCOC(=O)CC(C(=O)OCCCCCCCC)N1CCCN(C)CC1,XH_2025,XH_2025,0
-4.606121,-0.894834808,CCCCCCCCOC(=O)CC(C(=O)OCCCCCCCC)N1CCN(C)CC1,XH_2025,XH_2025,0
-5.2743196,-0.894834808,CCCCCCCCOC(=O)CC(C(=O)OCCCCCCCC)N1CCC(N(C)C)CC1,XH_2025,XH_2025,0
-6.204601,-0.894834808,CCCCCCCCOC(=O)CC(C(=O)OCCCCCCCC)N1CCC(N(CC)CC)CC1,XH_2025,XH_2025,0
-6.2836556,-0.894834808,CCCCCCCCOC(=O)CC(C(=O)OCCCCCCCC)N1CCC(N(CC)CC)C1,XH_2025,XH_2025,0
-5.7810903,-0.894834808,CCCCCCCCOC(=O)CC(C(=O)OCCCCCCCC)N1CCN(CCN(CC)CC)CC1,XH_2025,XH_2025,0
-6.4663634,0.477611216,CCCCCCCCOC(=O)CC(SCCN1CCOCC1)C(=O)OCCCCCCCC,XH_2025,XH_2025,1
-5.4518123,-0.894834808,CCCCCCCCOC(=O)CC(SCCN(C)C)C(=O)OCCCCCCCC,XH_2025,XH_2025,0
-5.7550263,0.477611216,CCCCCCCCOC(=O)CC(SCCN(CC)CC)C(=O)OCCCCCCCC,XH_2025,XH_2025,1
-3.6116214,-0.894834808,CC(C)CCCCCOC(=O)CC(NCCNC(CC(=O)OCCCCCC(C)C)C(=O)OCCCCCC(C)C)C(=O)OCCCCCC(C)C,XH_2025,XH_2025,0
-3.6186035,0.477611216,CC(C)CCCCCOC(=O)CC(NCCCNC(CC(=O)OCCCCCC(C)C)C(=O)OCCCCCC(C)C)C(=O)OCCCCCC(C)C,XH_2025,XH_2025,1
-3.56016,0.477611216,CC(C)CCCCCOC(=O)CC(NCCCCCCNC(CC(=O)OCCCCCC(C)C)C(=O)OCCCCCC(C)C)C(=O)OCCCCCC(C)C,XH_2025,XH_2025,1
-3.5130913,-0.894834808,CC(C)CCCCCOC(=O)CC(C(=O)OCCCCCC(C)C)N(C)CCN(C)C(CC(=O)OCCCCCC(C)C)C(=O)OCCCCCC(C)C,XH_2025,XH_2025,0
-4.208054,-0.894834808,CC(C)CCCCCOC(=O)CC(NCCCN(CCCN(C)C)C(CC(=O)OCCCCCC(C)C)C(=O)OCCCCCC(C)C)C(=O)OCCCCCC(C)C,XH_2025,XH_2025,0
-3.7400339,0.477611216,CC(C)CCCCCOC(=O)CC(NCCN(C)CCNC(CC(=O)OCCCCCC(C)C)C(=O)OCCCCCC(C)C)C(=O)OCCCCCC(C)C,XH_2025,XH_2025,1
-4.2944884,-0.894834808,CC(C)CCCCCOC(=O)CC(C(=O)OCCCCCC(C)C)N(C)CCN(C)CCN(C)C(CC(=O)OCCCCCC(C)C)C(=O)OCCCCCC(C)C,XH_2025,XH_2025,0
-4.120443,-0.894834808,CC(C)CCCCCOC(=O)CC(NCCCN(C)CCCNC(CC(=O)OCCCCCC(C)C)C(=O)OCCCCCC(C)C)C(=O)OCCCCCC(C)C,XH_2025,XH_2025,0
-2.880162,0.477611216,CC(C)CCCCCOC(=O)CC(C(=O)OCCCCCC(C)C)N(C)CCCN(C)CCCN(C)C(CC(=O)OCCCCCC(C)C)C(=O)OCCCCCC(C)C,XH_2025,XH_2025,1
-3.7106242,-0.894834808,CC(C)CCCCCOC(=O)CC(NCCN(CCO)C(CC(=O)OCCCCCC(C)C)C(=O)OCCCCCC(C)C)C(=O)OCCCCCC(C)C,XH_2025,XH_2025,0
-4.999826,0.477611216,CC(C)CCCCCOC(=O)CC(C(=O)OCCCCCC(C)C)N(CCO)CCN(CCO)C(CC(=O)OCCCCCC(C)C)C(=O)OCCCCCC(C)C,XH_2025,XH_2025,1
-3.1050348,0.477611216,CC(C)CCCCCOC(=O)CC(NCCCN1CCN(CCCNC(CC(=O)OCCCCCC(C)C)C(=O)OCCCCCC(C)C)CC1)C(=O)OCCCCCC(C)C,XH_2025,XH_2025,1
-4.7155795,0.477611216,CC(C)CCCCCOC(=O)CC(NCCOCCOCCNC(CC(=O)OCCCCCC(C)C)C(=O)OCCCCCC(C)C)C(=O)OCCCCCC(C)C,XH_2025,XH_2025,1
-3.307499,1.85005724,CC(C)CCCCCOC(=O)CC(NCCCCC1NC(=O)C(CCCCNC(CC(=O)OCCCCCC(C)C)C(=O)OCCCCCC(C)C)NC1=O)C(=O)OCCCCCC(C)C,XH_2025,XH_2025,3
-2.354834,0.477611216,CC(C)CCCCCOC(=O)CC(NCCN(CCNC(CC(=O)OCCCCCC(C)C)C(=O)OCCCCCC(C)C)C(CC(=O)OCCCCCC(C)C)C(=O)OCCCCCC(C)C)C(=O)OCCCCCC(C)C,XH_2025,XH_2025,1
-3.2490997,1.85005724,CC(C)CCCCCOC(=O)CC(NCCCN(CCCNC(CC(=O)OCCCCCC(C)C)C(=O)OCCCCCC(C)C)CCCNC(CC(=O)OCCCCCC(C)C)C(=O)OCCCCCC(C)C)C(=O)OCCCCCC(C)C,XH_2025,XH_2025,3
-3.7615566,0.477611216,CC(C)CCCCCOC(=O)CC(NCCN(CCNC(CC(=O)OCCCCCC(C)C)C(=O)OCCCCCC(C)C)CCNC(CC(=O)OCCCCCC(C)C)C(=O)OCCCCCC(C)C)C(=O)OCCCCCC(C)C,XH_2025,XH_2025,1
-2.2060595,-0.894834808,CC(C)CCCCCOC(=O)CC(NCCN1CCN(CCN(CCNC(CC(=O)OCCCCCC(C)C)C(=O)OCCCCCC(C)C)C(CC(=O)OCCCCCC(C)C)C(=O)OCCCCCC(C)C)CC1)C(=O)OCCCCCC(C)C,XH_2025,XH_2025,0
-3.1000402,0.477611216,CC(C)CCCCCOC(=O)CC(NCCCN(CCCCN(CCCNC(CC(=O)OCCCCCC(C)C)C(=O)OCCCCCC(C)C)CCCNC(CC(=O)OCCCCCC(C)C)C(=O)OCCCCCC(C)C)CCCNC(CC(=O)OCCCCCC(C)C)C(=O)OCCCCCC(C)C)C(=O)OCCCCCC(C)C,XH_2025,XH_2025,1
-2.864691,0.477611216,CC(C)CCCCCOC(=O)CC(NCCNC(=O)CCN(CCC(=O)NCCNC(CC(=O)OCCCCCC(C)C)C(=O)OCCCCCC(C)C)CCN(CCC(=O)NCCNC(CC(=O)OCCCCCC(C)C)C(=O)OCCCCCC(C)C)CCC(=O)NCCNC(CC(=O)OCCCCCC(C)C)C(=O)OCCCCCC(C)C)C(=O)OCCCCCC(C)C,XH_2025,XH_2025,1
-4.5994053,0.477611216,CC(C)CCCCCOC(=O)CC(C(=O)OCCCCCC(C)C)N(C)C,XH_2025,XH_2025,1
-4.423118,-0.894834808,CCN(CC)C(CC(=O)OCCCCCC(C)C)C(=O)OCCCCCC(C)C,XH_2025,XH_2025,0
-4.2383547,-0.894834808,CC(C)CCCCCOC(=O)CC(NCCO)C(=O)OCCCCCC(C)C,XH_2025,XH_2025,0
-4.8106933,-0.894834808,CC(C)CCCCCOC(=O)CC(C(=O)OCCCCCC(C)C)N(C)CCO,XH_2025,XH_2025,0
-4.3795953,-0.894834808,CC(C)CCCCCOC(=O)CC(NCCCCO)C(=O)OCCCCCC(C)C,XH_2025,XH_2025,0
-5.072997,0.477611216,CC(C)CCCCCOC(=O)CC(C(=O)OCCCCCC(C)C)N(C)CCCCO,XH_2025,XH_2025,1
-4.552906,-0.894834808,CC(C)CCCCCOC(=O)CC(NCCCN(C)C)C(=O)OCCCCCC(C)C,XH_2025,XH_2025,0
-4.087794,-0.894834808,CC(C)CCCCCOC(=O)CC(C(=O)OCCCCCC(C)C)N(C)CCCN(C)C,XH_2025,XH_2025,0
-5.026965,-0.894834808,CCN(CC)CCNC(CC(=O)OCCCCCC(C)C)C(=O)OCCCCCC(C)C,XH_2025,XH_2025,0
-4.348317,-0.894834808,CCN(CC)CCN(C)C(CC(=O)OCCCCCC(C)C)C(=O)OCCCCCC(C)C,XH_2025,XH_2025,0
-3.6378963,-0.894834808,CC(C)CCCCCOC(=O)CC(C(=O)OCCCCCC(C)C)N1CCC(N(C)C)C1,XH_2025,XH_2025,0
-4.5082316,-0.894834808,CC(C)CCCCCOC(=O)CC(C(=O)OCCCCCC(C)C)N1CCN(CCO)CC1,XH_2025,XH_2025,0
-4.579275,-0.894834808,CCN(CC)CCCNC(CC(=O)OCCCCCC(C)C)C(=O)OCCCCCC(C)C,XH_2025,XH_2025,0
-5.0767064,-0.894834808,CCN(CC)CCCN(C)C(CC(=O)OCCCCCC(C)C)C(=O)OCCCCCC(C)C,XH_2025,XH_2025,0
-3.4517474,-0.894834808,CC(C)CCCCCOC(=O)CC(NCCN1CCCC1)C(=O)OCCCCCC(C)C,XH_2025,XH_2025,0
-4.3221507,-0.894834808,CC(C)CCCCCOC(=O)CC(C(=O)OCCCCCC(C)C)N(C)CCN1CCCC1,XH_2025,XH_2025,0
-3.7478955,-0.894834808,CC(C)CCCCCOC(=O)CC(NCCCN1CCCC1)C(=O)OCCCCCC(C)C,XH_2025,XH_2025,0
-5.1675463,-0.894834808,CC(C)CCCCCOC(=O)CC(C(=O)OCCCCCC(C)C)N(C)CCCN1CCCC1,XH_2025,XH_2025,0
-4.2719655,-0.894834808,CC(C)CCCCCOC(=O)CC(NCCN(C)C)C(=O)OCCCCCC(C)C,XH_2025,XH_2025,0
-4.34003,-0.894834808,CC(C)CCCCCOC(=O)CC(C(=O)OCCCCCC(C)C)N(C)CCN(C)C,XH_2025,XH_2025,0
-5.050066,-0.894834808,CC(C)CCCCCOC(=O)CC(NCCCN1CCN(C)CC1)C(=O)OCCCCCC(C)C,XH_2025,XH_2025,0
-5.170883,-0.894834808,CC(C)CCCCCOC(=O)CC(C(=O)OCCCCCC(C)C)N1CCCN(C)CC1,XH_2025,XH_2025,0
-4.3458047,-0.894834808,CC(C)CCCCCOC(=O)CC(C(=O)OCCCCCC(C)C)N1CCN(C)CC1,XH_2025,XH_2025,0
-4.5066547,-0.894834808,CC(C)CCCCCOC(=O)CC(C(=O)OCCCCCC(C)C)N1CCC(N(C)C)CC1,XH_2025,XH_2025,0
-5.3216424,-0.894834808,CCN(CC)C1CCN(C(CC(=O)OCCCCCC(C)C)C(=O)OCCCCCC(C)C)CC1,XH_2025,XH_2025,0
-5.133973,-0.894834808,CCN(CC)C1CCN(C(CC(=O)OCCCCCC(C)C)C(=O)OCCCCCC(C)C)C1,XH_2025,XH_2025,0
-5.0815115,-0.894834808,CCN(CC)CCN1CCN(C(CC(=O)OCCCCCC(C)C)C(=O)OCCCCCC(C)C)CC1,XH_2025,XH_2025,0
-5.55285,-0.894834808,CC(C)CCCCCOC(=O)CC(SCCN1CCOCC1)C(=O)OCCCCCC(C)C,XH_2025,XH_2025,0
-5.230968,-0.894834808,CC(C)CCCCCOC(=O)CC(SCCN(C)C)C(=O)OCCCCCC(C)C,XH_2025,XH_2025,0
-5.395486,0.477611216,CCN(CC)CCSC(CC(=O)OCCCCCC(C)C)C(=O)OCCCCCC(C)C,XH_2025,XH_2025,1
-3.5441265,0.477611216,CCCCC/C=C\C/C=C\CCCCCCCCOC(=O)C(CC(=O)OCC(CC)CCCC)NCCNC(CC(=O)OCC(CC)CCCC)C(=O)OCCCCCCCC/C=C\C/C=C\CCCCC,XH_2025,XH_2025,1
-3.617342,0.477611216,CCCCC/C=C\C/C=C\CCCCCCCCOC(=O)C(CC(=O)OCC(CC)CCCC)NCCCNC(CC(=O)OCC(CC)CCCC)C(=O)OCCCCCCCC/C=C\C/C=C\CCCCC,XH_2025,XH_2025,1
-3.9055815,0.477611216,CCCCC/C=C\C/C=C\CCCCCCCCOC(=O)C(CC(=O)OCC(CC)CCCC)NCCCCCCNC(CC(=O)OCC(CC)CCCC)C(=O)OCCCCCCCC/C=C\C/C=C\CCCCC,XH_2025,XH_2025,1
-3.7266257,0.477611216,CCCCC/C=C\C/C=C\CCCCCCCCOC(=O)C(CC(=O)OCC(CC)CCCC)N(C)CCN(C)C(CC(=O)OCC(CC)CCCC)C(=O)OCCCCCCCC/C=C\C/C=C\CCCCC,XH_2025,XH_2025,1
-1.9557317,-0.894834808,CCCCC/C=C\C/C=C\CCCCCCCCOC(=O)C(CC(=O)OCC(CC)CCCC)NCCCN(CCCN(C)C)C(CC(=O)OCC(CC)CCCC)C(=O)OCCCCCCCC/C=C\C/C=C\CCCCC,XH_2025,XH_2025,0
-1.9272878,1.85005724,CCCCC/C=C\C/C=C\CCCCCCCCOC(=O)C(CC(=O)OCC(CC)CCCC)NCCN(C)CCNC(CC(=O)OCC(CC)CCCC)C(=O)OCCCCCCCC/C=C\C/C=C\CCCCC,XH_2025,XH_2025,3
-3.0829184,1.85005724,CCCCC/C=C\C/C=C\CCCCCCCCOC(=O)C(CC(=O)OCC(CC)CCCC)N(C)CCN(C)CCN(C)C(CC(=O)OCC(CC)CCCC)C(=O)OCCCCCCCC/C=C\C/C=C\CCCCC,XH_2025,XH_2025,3
-2.5529633,0.477611216,CCCCC/C=C\C/C=C\CCCCCCCCOC(=O)C(CC(=O)OCC(CC)CCCC)NCCCN(C)CCCNC(CC(=O)OCC(CC)CCCC)C(=O)OCCCCCCCC/C=C\C/C=C\CCCCC,XH_2025,XH_2025,1
-3.0174239,1.85005724,CCCCC/C=C\C/C=C\CCCCCCCCOC(=O)C(CC(=O)OCC(CC)CCCC)N(C)CCCN(C)CCCN(C)C(CC(=O)OCC(CC)CCCC)C(=O)OCCCCCCCC/C=C\C/C=C\CCCCC,XH_2025,XH_2025,3
-2.1202834,0.477611216,CCCCC/C=C\C/C=C\CCCCCCCCOC(=O)C(CC(=O)OCC(CC)CCCC)NCCN(CCO)C(CC(=O)OCC(CC)CCCC)C(=O)OCCCCCCCC/C=C\C/C=C\CCCCC,XH_2025,XH_2025,1
-4.5968323,0.477611216,CCCCC/C=C\C/C=C\CCCCCCCCOC(=O)C(CC(=O)OCC(CC)CCCC)N(CCO)CCN(CCO)C(CC(=O)OCC(CC)CCCC)C(=O)OCCCCCCCC/C=C\C/C=C\CCCCC,XH_2025,XH_2025,1
-2.0241172,1.85005724,CCCCC/C=C\C/C=C\CCCCCCCCOC(=O)C(CC(=O)OCC(CC)CCCC)NCCCN1CCN(CCCNC(CC(=O)OCC(CC)CCCC)C(=O)OCCCCCCCC/C=C\C/C=C\CCCCC)CC1,XH_2025,XH_2025,3
-3.87718,0.477611216,CCCCC/C=C\C/C=C\CCCCCCCCOC(=O)C(CC(=O)OCC(CC)CCCC)NCCOCCOCCNC(CC(=O)OCC(CC)CCCC)C(=O)OCCCCCCCC/C=C\C/C=C\CCCCC,XH_2025,XH_2025,1
-3.6395993,1.85005724,CCCCC/C=C\C/C=C\CCCCCCCCOC(=O)C(CC(=O)OCC(CC)CCCC)NCCCCC1NC(=O)C(CCCCNC(CC(=O)OCC(CC)CCCC)C(=O)OCCCCCCCC/C=C\C/C=C\CCCCC)NC1=O,XH_2025,XH_2025,3
-1.7547128,0.477611216,CCCCC/C=C\C/C=C\CCCCCCCCOC(=O)C(CC(=O)OCC(CC)CCCC)NCCN(CCNC(CC(=O)OCC(CC)CCCC)C(=O)OCCCCCCCC/C=C\C/C=C\CCCCC)C(CC(=O)OCC(CC)CCCC)C(=O)OCCCCCCCC/C=C\C/C=C\CCCCC,XH_2025,XH_2025,1
-2.914211,1.85005724,CCCCC/C=C\C/C=C\CCCCCCCCOC(=O)C(CC(=O)OCC(CC)CCCC)NCCCN(CCCNC(CC(=O)OCC(CC)CCCC)C(=O)OCCCCCCCC/C=C\C/C=C\CCCCC)CCCNC(CC(=O)OCC(CC)CCCC)C(=O)OCCCCCCCC/C=C\C/C=C\CCCCC,XH_2025,XH_2025,3
-2.6924865,1.85005724,CCCCC/C=C\C/C=C\CCCCCCCCOC(=O)C(CC(=O)OCC(CC)CCCC)NCCN(CCNC(CC(=O)OCC(CC)CCCC)C(=O)OCCCCCCCC/C=C\C/C=C\CCCCC)CCNC(CC(=O)OCC(CC)CCCC)C(=O)OCCCCCCCC/C=C\C/C=C\CCCCC,XH_2025,XH_2025,3
-2.2075424,0.477611216,CCCCC/C=C\C/C=C\CCCCCCCCOC(=O)C(CC(=O)OCC(CC)CCCC)NCCN1CCN(CCN(CCNC(CC(=O)OCC(CC)CCCC)C(=O)OCCCCCCCC/C=C\C/C=C\CCCCC)C(CC(=O)OCC(CC)CCCC)C(=O)OCCCCCCCC/C=C\C/C=C\CCCCC)CC1,XH_2025,XH_2025,1
-2.941759,1.85005724,CCCCC/C=C\C/C=C\CCCCCCCCOC(=O)C(CC(=O)OCC(CC)CCCC)NCCCN(CCCCN(CCCNC(CC(=O)OCC(CC)CCCC)C(=O)OCCCCCCCC/C=C\C/C=C\CCCCC)CCCNC(CC(=O)OCC(CC)CCCC)C(=O)OCCCCCCCC/C=C\C/C=C\CCCCC)CCCNC(CC(=O)OCC(CC)CCCC)C(=O)OCCCCCCCC/C=C\C/C=C\CCCCC,XH_2025,XH_2025,3
-3.412256,1.85005724,CCCCC/C=C\C/C=C\CCCCCCCCOC(=O)C(CC(=O)OCC(CC)CCCC)NCCNC(=O)CCN(CCC(=O)NCCNC(CC(=O)OCC(CC)CCCC)C(=O)OCCCCCCCC/C=C\C/C=C\CCCCC)CCN(CCC(=O)NCCNC(CC(=O)OCC(CC)CCCC)C(=O)OCCCCCCCC/C=C\C/C=C\CCCCC)CCC(=O)NCCNC(CC(=O)OCC(CC)CCCC)C(=O)OCCCCCCCC/C=C\C/C=C\CCCCC,XH_2025,XH_2025,3
-5.245307,-0.894834808,CCCCC/C=C\C/C=C\CCCCCCCCOC(=O)C(CC(=O)OCC(CC)CCCC)N(C)C,XH_2025,XH_2025,0
-5.14967,-0.894834808,CCCCC/C=C\C/C=C\CCCCCCCCOC(=O)C(CC(=O)OCC(CC)CCCC)N(CC)CC,XH_2025,XH_2025,0
-5.3773985,-0.894834808,CCCCC/C=C\C/C=C\CCCCCCCCOC(=O)C(CC(=O)OCC(CC)CCCC)NCCO,XH_2025,XH_2025,0
-5.525428,-0.894834808,CCCCC/C=C\C/C=C\CCCCCCCCOC(=O)C(CC(=O)OCC(CC)CCCC)N(C)CCO,XH_2025,XH_2025,0
-5.1698084,0.477611216,CCCCC/C=C\C/C=C\CCCCCCCCOC(=O)C(CC(=O)OCC(CC)CCCC)NCCCCO,XH_2025,XH_2025,1
-5.5183344,-0.894834808,CCCCC/C=C\C/C=C\CCCCCCCCOC(=O)C(CC(=O)OCC(CC)CCCC)N(C)CCCCO,XH_2025,XH_2025,0
-5.202317,-0.894834808,CCCCC/C=C\C/C=C\CCCCCCCCOC(=O)C(CC(=O)OCC(CC)CCCC)NCCCN(C)C,XH_2025,XH_2025,0
-5.140802,-0.894834808,CCCCC/C=C\C/C=C\CCCCCCCCOC(=O)C(CC(=O)OCC(CC)CCCC)N(C)CCCN(C)C,XH_2025,XH_2025,0
-4.873219,-0.894834808,CCCCC/C=C\C/C=C\CCCCCCCCOC(=O)C(CC(=O)OCC(CC)CCCC)NCCN(CC)CC,XH_2025,XH_2025,0
-4.870158,-0.894834808,CCCCC/C=C\C/C=C\CCCCCCCCOC(=O)C(CC(=O)OCC(CC)CCCC)N(C)CCN(CC)CC,XH_2025,XH_2025,0
-4.8178453,0.477611216,CCCCC/C=C\C/C=C\CCCCCCCCOC(=O)C(CC(=O)OCC(CC)CCCC)N1CCC(N(C)C)C1,XH_2025,XH_2025,1
-5.4849033,0.477611216,CCCCC/C=C\C/C=C\CCCCCCCCOC(=O)C(CC(=O)OCC(CC)CCCC)N1CCN(CCO)CC1,XH_2025,XH_2025,1
-4.610991,-0.894834808,CCCCC/C=C\C/C=C\CCCCCCCCOC(=O)C(CC(=O)OCC(CC)CCCC)NCCCN(CC)CC,XH_2025,XH_2025,0
-5.11635,0.477611216,CCCCC/C=C\C/C=C\CCCCCCCCOC(=O)C(CC(=O)OCC(CC)CCCC)N(C)CCCN(CC)CC,XH_2025,XH_2025,1
-5.374851,-0.894834808,CCCCC/C=C\C/C=C\CCCCCCCCOC(=O)C(CC(=O)OCC(CC)CCCC)NCCN1CCCC1,XH_2025,XH_2025,0
-5.246124,-0.894834808,CCCCC/C=C\C/C=C\CCCCCCCCOC(=O)C(CC(=O)OCC(CC)CCCC)N(C)CCN1CCCC1,XH_2025,XH_2025,0
-4.440813,-0.894834808,CCCCC/C=C\C/C=C\CCCCCCCCOC(=O)C(CC(=O)OCC(CC)CCCC)NCCCN1CCCC1,XH_2025,XH_2025,0
-5.180159,-0.894834808,CCCCC/C=C\C/C=C\CCCCCCCCOC(=O)C(CC(=O)OCC(CC)CCCC)N(C)CCCN1CCCC1,XH_2025,XH_2025,0
-5.034412,-0.894834808,CCCCC/C=C\C/C=C\CCCCCCCCOC(=O)C(CC(=O)OCC(CC)CCCC)NCCN(C)C,XH_2025,XH_2025,0
-4.8072,-0.894834808,CCCCC/C=C\C/C=C\CCCCCCCCOC(=O)C(CC(=O)OCC(CC)CCCC)N(C)CCN(C)C,XH_2025,XH_2025,0
-4.5128164,-0.894834808,CCCCC/C=C\C/C=C\CCCCCCCCOC(=O)C(CC(=O)OCC(CC)CCCC)NCCCN1CCN(C)CC1,XH_2025,XH_2025,0
-5.2525434,-0.894834808,CCCCC/C=C\C/C=C\CCCCCCCCOC(=O)C(CC(=O)OCC(CC)CCCC)N1CCCN(C)CC1,XH_2025,XH_2025,0
-5.0445104,0.477611216,CCCCC/C=C\C/C=C\CCCCCCCCOC(=O)C(CC(=O)OCC(CC)CCCC)N1CCN(C)CC1,XH_2025,XH_2025,1
-4.8264303,-0.894834808,CCCCC/C=C\C/C=C\CCCCCCCCOC(=O)C(CC(=O)OCC(CC)CCCC)N1CCC(N(C)C)CC1,XH_2025,XH_2025,0
-4.688049,-0.894834808,CCCCC/C=C\C/C=C\CCCCCCCCOC(=O)C(CC(=O)OCC(CC)CCCC)N1CCC(N(CC)CC)CC1,XH_2025,XH_2025,0
-5.303246,0.477611216,CCCCC/C=C\C/C=C\CCCCCCCCOC(=O)C(CC(=O)OCC(CC)CCCC)N1CCC(N(CC)CC)C1,XH_2025,XH_2025,1
-4.560235,-0.894834808,CCCCC/C=C\C/C=C\CCCCCCCCOC(=O)C(CC(=O)OCC(CC)CCCC)N1CCN(CCN(CC)CC)CC1,XH_2025,XH_2025,0
-5.2975955,-0.894834808,CCCCC/C=C\C/C=C\CCCCCCCCOC(=O)C(CC(=O)OCC(CC)CCCC)SCCN1CCOCC1,XH_2025,XH_2025,0
-4.8188763,0.477611216,CCCCC/C=C\C/C=C\CCCCCCCCOC(=O)C(CC(=O)OCC(CC)CCCC)SCCN(C)C,XH_2025,XH_2025,1
-3.4031236,0.477611216,CCCCC/C=C\C/C=C\CCCCCCCCOC(=O)C(CC(=O)OCC(CC)CCCC)SCCN(CC)CC,XH_2025,XH_2025,1
-4.789362,0.477611216,CCCCCCCCC(CC)OC(=O)C(CC(=O)OCC(CC)CCCC)NCCNC(CC(=O)OCC(CC)CCCC)C(=O)OC(CC)CCCCCCCC,XH_2025,XH_2025,1
-4.6803365,-0.894834808,CCCCCCCCC(CC)OC(=O)C(CC(=O)OCC(CC)CCCC)NCCCNC(CC(=O)OCC(CC)CCCC)C(=O)OC(CC)CCCCCCCC,XH_2025,XH_2025,0
-3.492428,-0.894834808,CCCCCCCCC(CC)OC(=O)C(CC(=O)OCC(CC)CCCC)NCCCCCCNC(CC(=O)OCC(CC)CCCC)C(=O)OC(CC)CCCCCCCC,XH_2025,XH_2025,0
-4.1376796,-0.894834808,CCCCCCCCC(CC)OC(=O)C(CC(=O)OCC(CC)CCCC)N(C)CCN(C)C(CC(=O)OCC(CC)CCCC)C(=O)OC(CC)CCCCCCCC,XH_2025,XH_2025,0
-2.6462407,-0.894834808,CCCCCCCCC(CC)OC(=O)C(CC(=O)OCC(CC)CCCC)NCCCN(CCCN(C)C)C(CC(=O)OCC(CC)CCCC)C(=O)OC(CC)CCCCCCCC,XH_2025,XH_2025,0
-3.376093,-0.894834808,CCCCCCCCC(CC)OC(=O)C(CC(=O)OCC(CC)CCCC)NCCN(C)CCNC(CC(=O)OCC(CC)CCCC)C(=O)OC(CC)CCCCCCCC,XH_2025,XH_2025,0
-3.8951414,-0.894834808,CCCCCCCCC(CC)OC(=O)C(CC(=O)OCC(CC)CCCC)N(C)CCN(C)CCN(C)C(CC(=O)OCC(CC)CCCC)C(=O)OC(CC)CCCCCCCC,XH_2025,XH_2025,0
-2.4278207,0.477611216,CCCCCCCCC(CC)OC(=O)C(CC(=O)OCC(CC)CCCC)NCCCN(C)CCCNC(CC(=O)OCC(CC)CCCC)C(=O)OC(CC)CCCCCCCC,XH_2025,XH_2025,1
-3.619132,0.477611216,CCCCCCCCC(CC)OC(=O)C(CC(=O)OCC(CC)CCCC)N(C)CCCN(C)CCCN(C)C(CC(=O)OCC(CC)CCCC)C(=O)OC(CC)CCCCCCCC,XH_2025,XH_2025,1
-4.028931,-0.894834808,CCCCCCCCC(CC)OC(=O)C(CC(=O)OCC(CC)CCCC)NCCN(CCO)C(CC(=O)OCC(CC)CCCC)C(=O)OC(CC)CCCCCCCC,XH_2025,XH_2025,0
-3.2049158,-0.894834808,CCCCCCCCC(CC)OC(=O)C(CC(=O)OCC(CC)CCCC)N(CCO)CCN(CCO)C(CC(=O)OCC(CC)CCCC)C(=O)OC(CC)CCCCCCCC,XH_2025,XH_2025,0
-2.4530334,0.477611216,CCCCCCCCC(CC)OC(=O)C(CC(=O)OCC(CC)CCCC)NCCCN1CCN(CCCNC(CC(=O)OCC(CC)CCCC)C(=O)OC(CC)CCCCCCCC)CC1,XH_2025,XH_2025,1
-3.8627026,-0.894834808,CCCCCCCCC(CC)OC(=O)C(CC(=O)OCC(CC)CCCC)NCCOCCOCCNC(CC(=O)OCC(CC)CCCC)C(=O)OC(CC)CCCCCCCC,XH_2025,XH_2025,0
-2.282548,1.85005724,CCCCCCCCC(CC)OC(=O)C(CC(=O)OCC(CC)CCCC)NCCCCC1NC(=O)C(CCCCNC(CC(=O)OCC(CC)CCCC)C(=O)OC(CC)CCCCCCCC)NC1=O,XH_2025,XH_2025,3
-2.901236,0.477611216,CCCCCCCCC(CC)OC(=O)C(CC(=O)OCC(CC)CCCC)NCCN(CCNC(CC(=O)OCC(CC)CCCC)C(=O)OC(CC)CCCCCCCC)C(CC(=O)OCC(CC)CCCC)C(=O)OC(CC)CCCCCCCC,XH_2025,XH_2025,1
-3.105628,1.85005724,CCCCCCCCC(CC)OC(=O)C(CC(=O)OCC(CC)CCCC)NCCCN(CCCNC(CC(=O)OCC(CC)CCCC)C(=O)OC(CC)CCCCCCCC)CCCNC(CC(=O)OCC(CC)CCCC)C(=O)OC(CC)CCCCCCCC,XH_2025,XH_2025,3
-3.2431324,0.477611216,CCCCCCCCC(CC)OC(=O)C(CC(=O)OCC(CC)CCCC)NCCN(CCNC(CC(=O)OCC(CC)CCCC)C(=O)OC(CC)CCCCCCCC)CCNC(CC(=O)OCC(CC)CCCC)C(=O)OC(CC)CCCCCCCC,XH_2025,XH_2025,1
-2.5551336,0.477611216,CCCCCCCCC(CC)OC(=O)C(CC(=O)OCC(CC)CCCC)NCCN1CCN(CCN(CCNC(CC(=O)OCC(CC)CCCC)C(=O)OC(CC)CCCCCCCC)C(CC(=O)OCC(CC)CCCC)C(=O)OC(CC)CCCCCCCC)CC1,XH_2025,XH_2025,1
-3.3834126,1.85005724,CCCCCCCCC(CC)OC(=O)C(CC(=O)OCC(CC)CCCC)NCCCN(CCCCN(CCCNC(CC(=O)OCC(CC)CCCC)C(=O)OC(CC)CCCCCCCC)CCCNC(CC(=O)OCC(CC)CCCC)C(=O)OC(CC)CCCCCCCC)CCCNC(CC(=O)OCC(CC)CCCC)C(=O)OC(CC)CCCCCCCC,XH_2025,XH_2025,3
-1.8833898,1.85005724,CCCCCCCCC(CC)OC(=O)C(CC(=O)OCC(CC)CCCC)NCCNC(=O)CCN(CCC(=O)NCCNC(CC(=O)OCC(CC)CCCC)C(=O)OC(CC)CCCCCCCC)CCN(CCC(=O)NCCNC(CC(=O)OCC(CC)CCCC)C(=O)OC(CC)CCCCCCCC)CCC(=O)NCCNC(CC(=O)OCC(CC)CCCC)C(=O)OC(CC)CCCCCCCC,XH_2025,XH_2025,3
-4.6251335,0.477611216,CCCCCCCCC(CC)OC(=O)C(CC(=O)OCC(CC)CCCC)N(C)C,XH_2025,XH_2025,1
-4.5330286,-0.894834808,CCCCCCCCC(CC)OC(=O)C(CC(=O)OCC(CC)CCCC)N(CC)CC,XH_2025,XH_2025,0
-4.738673,-0.894834808,CCCCCCCCC(CC)OC(=O)C(CC(=O)OCC(CC)CCCC)NCCO,XH_2025,XH_2025,0
-4.6863494,0.477611216,CCCCCCCCC(CC)OC(=O)C(CC(=O)OCC(CC)CCCC)N(C)CCO,XH_2025,XH_2025,1
-4.8666553,-0.894834808,CCCCCCCCC(CC)OC(=O)C(CC(=O)OCC(CC)CCCC)NCCCCO,XH_2025,XH_2025,0
-5.8107615,0.477611216,CCCCCCCCC(CC)OC(=O)C(CC(=O)OCC(CC)CCCC)N(C)CCCCO,XH_2025,XH_2025,1
-5.415138,-0.894834808,CCCCCCCCC(CC)OC(=O)C(CC(=O)OCC(CC)CCCC)NCCCN(C)C,XH_2025,XH_2025,0
-5.33837,-0.894834808,CCCCCCCCC(CC)OC(=O)C(CC(=O)OCC(CC)CCCC)N(C)CCCN(C)C,XH_2025,XH_2025,0
-4.7467337,-0.894834808,CCCCCCCCC(CC)OC(=O)C(CC(=O)OCC(CC)CCCC)NCCN(CC)CC,XH_2025,XH_2025,0
-4.91938,-0.894834808,CCCCCCCCC(CC)OC(=O)C(CC(=O)OCC(CC)CCCC)N(C)CCN(CC)CC,XH_2025,XH_2025,0
-5.957948,-0.894834808,CCCCCCCCC(CC)OC(=O)C(CC(=O)OCC(CC)CCCC)N1CCC(N(C)C)C1,XH_2025,XH_2025,0
-6.07004,-0.894834808,CCCCCCCCC(CC)OC(=O)C(CC(=O)OCC(CC)CCCC)N1CCN(CCO)CC1,XH_2025,XH_2025,0
-4.9946647,-0.894834808,CCCCCCCCC(CC)OC(=O)C(CC(=O)OCC(CC)CCCC)NCCCN(CC)CC,XH_2025,XH_2025,0
-5.0274534,-0.894834808,CCCCCCCCC(CC)OC(=O)C(CC(=O)OCC(CC)CCCC)N(C)CCCN(CC)CC,XH_2025,XH_2025,0
-5.2377987,-0.894834808,CCCCCCCCC(CC)OC(=O)C(CC(=O)OCC(CC)CCCC)NCCN1CCCC1,XH_2025,XH_2025,0
-5.4508014,-0.894834808,CCCCCCCCC(CC)OC(=O)C(CC(=O)OCC(CC)CCCC)N(C)CCN1CCCC1,XH_2025,XH_2025,0
-4.485314,-0.894834808,CCCCCCCCC(CC)OC(=O)C(CC(=O)OCC(CC)CCCC)NCCCN1CCCC1,XH_2025,XH_2025,0
-5.614411,-0.894834808,CCCCCCCCC(CC)OC(=O)C(CC(=O)OCC(CC)CCCC)N(C)CCCN1CCCC1,XH_2025,XH_2025,0
-4.611972,-0.894834808,CCCCCCCCC(CC)OC(=O)C(CC(=O)OCC(CC)CCCC)NCCN(C)C,XH_2025,XH_2025,0
-4.9673414,-0.894834808,CCCCCCCCC(CC)OC(=O)C(CC(=O)OCC(CC)CCCC)N(C)CCN(C)C,XH_2025,XH_2025,0
-5.150303,-0.894834808,CCCCCCCCC(CC)OC(=O)C(CC(=O)OCC(CC)CCCC)NCCCN1CCN(C)CC1,XH_2025,XH_2025,0
-5.701398,-0.894834808,CCCCCCCCC(CC)OC(=O)C(CC(=O)OCC(CC)CCCC)N1CCCN(C)CC1,XH_2025,XH_2025,0
-4.71564,0.477611216,CCCCCCCCC(CC)OC(=O)C(CC(=O)OCC(CC)CCCC)N1CCN(C)CC1,XH_2025,XH_2025,1
-4.978576,-0.894834808,CCCCCCCCC(CC)OC(=O)C(CC(=O)OCC(CC)CCCC)N1CCC(N(C)C)CC1,XH_2025,XH_2025,0
-5.065554,-0.894834808,CCCCCCCCC(CC)OC(=O)C(CC(=O)OCC(CC)CCCC)N1CCC(N(CC)CC)CC1,XH_2025,XH_2025,0
-5.6521535,-0.894834808,CCCCCCCCC(CC)OC(=O)C(CC(=O)OCC(CC)CCCC)N1CCC(N(CC)CC)C1,XH_2025,XH_2025,0
-4.9647675,-0.894834808,CCCCCCCCC(CC)OC(=O)C(CC(=O)OCC(CC)CCCC)N1CCN(CCN(CC)CC)CC1,XH_2025,XH_2025,0
-6.059481,-0.894834808,CCCCCCCCC(CC)OC(=O)C(CC(=O)OCC(CC)CCCC)SCCN1CCOCC1,XH_2025,XH_2025,0
-5.911684,-0.894834808,CCCCCCCCC(CC)OC(=O)C(CC(=O)OCC(CC)CCCC)SCCN(C)C,XH_2025,XH_2025,0
-5.6004786,-0.894834808,CCCCCCCCC(CC)OC(=O)C(CC(=O)OCC(CC)CCCC)SCCN(CC)CC,XH_2025,XH_2025,0
-4.1190424,0.477611216,CCCCCCCCC(CCCCCCCC)OC(=O)C(CC(=O)OCC(CC)CCCC)NCCNC(CC(=O)OCC(CC)CCCC)C(=O)OC(CCCCCCCC)CCCCCCCC,XH_2025,XH_2025,1
-4.400615,-0.894834808,CCCCCCCCC(CCCCCCCC)OC(=O)C(CC(=O)OCC(CC)CCCC)NCCCNC(CC(=O)OCC(CC)CCCC)C(=O)OC(CCCCCCCC)CCCCCCCC,XH_2025,XH_2025,0
-4.454291,0.477611216,CCCCCCCCC(CCCCCCCC)OC(=O)C(CC(=O)OCC(CC)CCCC)NCCCCCCNC(CC(=O)OCC(CC)CCCC)C(=O)OC(CCCCCCCC)CCCCCCCC,XH_2025,XH_2025,1
-2.8083696,-0.894834808,CCCCCCCCC(CCCCCCCC)OC(=O)C(CC(=O)OCC(CC)CCCC)N(C)CCN(C)C(CC(=O)OCC(CC)CCCC)C(=O)OC(CCCCCCCC)CCCCCCCC,XH_2025,XH_2025,0
-2.3134897,-0.894834808,CCCCCCCCC(CCCCCCCC)OC(=O)C(CC(=O)OCC(CC)CCCC)NCCCN(CCCN(C)C)C(CC(=O)OCC(CC)CCCC)C(=O)OC(CCCCCCCC)CCCCCCCC,XH_2025,XH_2025,0
-3.0897489,0.477611216,CCCCCCCCC(CCCCCCCC)OC(=O)C(CC(=O)OCC(CC)CCCC)NCCN(C)CCNC(CC(=O)OCC(CC)CCCC)C(=O)OC(CCCCCCCC)CCCCCCCC,XH_2025,XH_2025,1
-2.4135377,-0.894834808,CCCCCCCCC(CCCCCCCC)OC(=O)C(CC(=O)OCC(CC)CCCC)N(C)CCN(C)CCN(C)C(CC(=O)OCC(CC)CCCC)C(=O)OC(CCCCCCCC)CCCCCCCC,XH_2025,XH_2025,0
-1.9750727,0.477611216,CCCCCCCCC(CCCCCCCC)OC(=O)C(CC(=O)OCC(CC)CCCC)NCCCN(C)CCCNC(CC(=O)OCC(CC)CCCC)C(=O)OC(CCCCCCCC)CCCCCCCC,XH_2025,XH_2025,1
-2.968801,0.477611216,CCCCCCCCC(CCCCCCCC)OC(=O)C(CC(=O)OCC(CC)CCCC)N(C)CCCN(C)CCCN(C)C(CC(=O)OCC(CC)CCCC)C(=O)OC(CCCCCCCC)CCCCCCCC,XH_2025,XH_2025,1
-2.492469,-0.894834808,CCCCCCCCC(CCCCCCCC)OC(=O)C(CC(=O)OCC(CC)CCCC)NCCN(CCO)C(CC(=O)OCC(CC)CCCC)C(=O)OC(CCCCCCCC)CCCCCCCC,XH_2025,XH_2025,0
-3.6760406,0.477611216,CCCCCCCCC(CCCCCCCC)OC(=O)C(CC(=O)OCC(CC)CCCC)N(CCO)CCN(CCO)C(CC(=O)OCC(CC)CCCC)C(=O)OC(CCCCCCCC)CCCCCCCC,XH_2025,XH_2025,1
-2.7156076,0.477611216,CCCCCCCCC(CCCCCCCC)OC(=O)C(CC(=O)OCC(CC)CCCC)NCCCN1CCN(CCCNC(CC(=O)OCC(CC)CCCC)C(=O)OC(CCCCCCCC)CCCCCCCC)CC1,XH_2025,XH_2025,1
-3.2321699,0.477611216,CCCCCCCCC(CCCCCCCC)OC(=O)C(CC(=O)OCC(CC)CCCC)NCCOCCOCCNC(CC(=O)OCC(CC)CCCC)C(=O)OC(CCCCCCCC)CCCCCCCC,XH_2025,XH_2025,1
-3.5889807,0.477611216,CCCCCCCCC(CCCCCCCC)OC(=O)C(CC(=O)OCC(CC)CCCC)NCCCCC1NC(=O)C(CCCCNC(CC(=O)OCC(CC)CCCC)C(=O)OC(CCCCCCCC)CCCCCCCC)NC1=O,XH_2025,XH_2025,1
-2.3348014,0.477611216,CCCCCCCCC(CCCCCCCC)OC(=O)C(CC(=O)OCC(CC)CCCC)NCCN(CCNC(CC(=O)OCC(CC)CCCC)C(=O)OC(CCCCCCCC)CCCCCCCC)C(CC(=O)OCC(CC)CCCC)C(=O)OC(CCCCCCCC)CCCCCCCC,XH_2025,XH_2025,1
-2.562848,1.85005724,CCCCCCCCC(CCCCCCCC)OC(=O)C(CC(=O)OCC(CC)CCCC)NCCCN(CCCNC(CC(=O)OCC(CC)CCCC)C(=O)OC(CCCCCCCC)CCCCCCCC)CCCNC(CC(=O)OCC(CC)CCCC)C(=O)OC(CCCCCCCC)CCCCCCCC,XH_2025,XH_2025,3
-2.0456438,1.85005724,CCCCCCCCC(CCCCCCCC)OC(=O)C(CC(=O)OCC(CC)CCCC)NCCN(CCNC(CC(=O)OCC(CC)CCCC)C(=O)OC(CCCCCCCC)CCCCCCCC)CCNC(CC(=O)OCC(CC)CCCC)C(=O)OC(CCCCCCCC)CCCCCCCC,XH_2025,XH_2025,3
-2.5724988,0.477611216,CCCCCCCCC(CCCCCCCC)OC(=O)C(CC(=O)OCC(CC)CCCC)NCCN1CCN(CCN(CCNC(CC(=O)OCC(CC)CCCC)C(=O)OC(CCCCCCCC)CCCCCCCC)C(CC(=O)OCC(CC)CCCC)C(=O)OC(CCCCCCCC)CCCCCCCC)CC1,XH_2025,XH_2025,1
-2.157612,1.85005724,CCCCCCCCC(CCCCCCCC)OC(=O)C(CC(=O)OCC(CC)CCCC)NCCCN(CCCCN(CCCNC(CC(=O)OCC(CC)CCCC)C(=O)OC(CCCCCCCC)CCCCCCCC)CCCNC(CC(=O)OCC(CC)CCCC)C(=O)OC(CCCCCCCC)CCCCCCCC)CCCNC(CC(=O)OCC(CC)CCCC)C(=O)OC(CCCCCCCC)CCCCCCCC,XH_2025,XH_2025,3
-2.3699741,1.85005724,CCCCCCCCC(CCCCCCCC)OC(=O)C(CC(=O)OCC(CC)CCCC)NCCNC(=O)CCN(CCC(=O)NCCNC(CC(=O)OCC(CC)CCCC)C(=O)OC(CCCCCCCC)CCCCCCCC)CCN(CCC(=O)NCCNC(CC(=O)OCC(CC)CCCC)C(=O)OC(CCCCCCCC)CCCCCCCC)CCC(=O)NCCNC(CC(=O)OCC(CC)CCCC)C(=O)OC(CCCCCCCC)CCCCCCCC,XH_2025,XH_2025,3
-4.8815455,-0.894834808,CCCCCCCCC(CCCCCCCC)OC(=O)C(CC(=O)OCC(CC)CCCC)N(C)C,XH_2025,XH_2025,0
-5.318809,-0.894834808,CCCCCCCCC(CCCCCCCC)OC(=O)C(CC(=O)OCC(CC)CCCC)N(CC)CC,XH_2025,XH_2025,0
-4.9648857,0.477611216,CCCCCCCCC(CCCCCCCC)OC(=O)C(CC(=O)OCC(CC)CCCC)NCCO,XH_2025,XH_2025,1
-5.5575886,1.85005724,CCCCCCCCC(CCCCCCCC)OC(=O)C(CC(=O)OCC(CC)CCCC)N(C)CCO,XH_2025,XH_2025,3
-4.0190706,0.477611216,CCCCCCCCC(CCCCCCCC)OC(=O)C(CC(=O)OCC(CC)CCCC)NCCCCO,XH_2025,XH_2025,1
-5.261691,0.477611216,CCCCCCCCC(CCCCCCCC)OC(=O)C(CC(=O)OCC(CC)CCCC)N(C)CCCCO,XH_2025,XH_2025,1
-5.187639,-0.894834808,CCCCCCCCC(CCCCCCCC)OC(=O)C(CC(=O)OCC(CC)CCCC)NCCCN(C)C,XH_2025,XH_2025,0
-4.2212505,-0.894834808,CCCCCCCCC(CCCCCCCC)OC(=O)C(CC(=O)OCC(CC)CCCC)N(C)CCCN(C)C,XH_2025,XH_2025,0
-4.80698,-0.894834808,CCCCCCCCC(CCCCCCCC)OC(=O)C(CC(=O)OCC(CC)CCCC)NCCN(CC)CC,XH_2025,XH_2025,0
-4.3423615,-0.894834808,CCCCCCCCC(CCCCCCCC)OC(=O)C(CC(=O)OCC(CC)CCCC)N(C)CCN(CC)CC,XH_2025,XH_2025,0
-4.7155304,-0.894834808,CCCCCCCCC(CCCCCCCC)OC(=O)C(CC(=O)OCC(CC)CCCC)N1CCC(N(C)C)C1,XH_2025,XH_2025,0
-5.269765,1.85005724,CCCCCCCCC(CCCCCCCC)OC(=O)C(CC(=O)OCC(CC)CCCC)N1CCN(CCO)CC1,XH_2025,XH_2025,3
-3.3947158,-0.894834808,CCCCCCCCC(CCCCCCCC)OC(=O)C(CC(=O)OCC(CC)CCCC)NCCCN(CC)CC,XH_2025,XH_2025,0
-4.3372455,1.85005724,CCCCCCCCC(CCCCCCCC)OC(=O)C(CC(=O)OCC(CC)CCCC)N(C)CCCN(CC)CC,XH_2025,XH_2025,3
-4.0780973,-0.894834808,CCCCCCCCC(CCCCCCCC)OC(=O)C(CC(=O)OCC(CC)CCCC)NCCN1CCCC1,XH_2025,XH_2025,0
-3.4163966,-0.894834808,CCCCCCCCC(CCCCCCCC)OC(=O)C(CC(=O)OCC(CC)CCCC)N(C)CCN1CCCC1,XH_2025,XH_2025,0
-3.7653708,-0.894834808,CCCCCCCCC(CCCCCCCC)OC(=O)C(CC(=O)OCC(CC)CCCC)NCCCN1CCCC1,XH_2025,XH_2025,0
-2.9256723,-0.894834808,CCCCCCCCC(CCCCCCCC)OC(=O)C(CC(=O)OCC(CC)CCCC)N(C)CCCN1CCCC1,XH_2025,XH_2025,0
-5.1006002,-0.894834808,CCCCCCCCC(CCCCCCCC)OC(=O)C(CC(=O)OCC(CC)CCCC)NCCN(C)C,XH_2025,XH_2025,0
-3.9141648,-0.894834808,CCCCCCCCC(CCCCCCCC)OC(=O)C(CC(=O)OCC(CC)CCCC)N(C)CCN(C)C,XH_2025,XH_2025,0
-3.770378,-0.894834808,CCCCCCCCC(CCCCCCCC)OC(=O)C(CC(=O)OCC(CC)CCCC)NCCCN1CCN(C)CC1,XH_2025,XH_2025,0
-5.126275,-0.894834808,CCCCCCCCC(CCCCCCCC)OC(=O)C(CC(=O)OCC(CC)CCCC)N1CCCN(C)CC1,XH_2025,XH_2025,0
-4.504535,0.477611216,CCCCCCCCC(CCCCCCCC)OC(=O)C(CC(=O)OCC(CC)CCCC)N1CCN(C)CC1,XH_2025,XH_2025,1
-4.665294,0.477611216,CCCCCCCCC(CCCCCCCC)OC(=O)C(CC(=O)OCC(CC)CCCC)N1CCC(N(C)C)CC1,XH_2025,XH_2025,1
-3.6609724,0.477611216,CCCCCCCCC(CCCCCCCC)OC(=O)C(CC(=O)OCC(CC)CCCC)N1CCC(N(CC)CC)CC1,XH_2025,XH_2025,1
-4.616197,0.477611216,CCCCCCCCC(CCCCCCCC)OC(=O)C(CC(=O)OCC(CC)CCCC)N1CCC(N(CC)CC)C1,XH_2025,XH_2025,1
-4.414681,0.477611216,CCCCCCCCC(CCCCCCCC)OC(=O)C(CC(=O)OCC(CC)CCCC)N1CCN(CCN(CC)CC)CC1,XH_2025,XH_2025,1
-5.441886,-0.894834808,CCCCCCCCC(CCCCCCCC)OC(=O)C(CC(=O)OCC(CC)CCCC)SCCN1CCOCC1,XH_2025,XH_2025,0
-5.1130896,-0.894834808,CCCCCCCCC(CCCCCCCC)OC(=O)C(CC(=O)OCC(CC)CCCC)SCCN(C)C,XH_2025,XH_2025,0
-3.835394,-0.894834808,CCCCCCCCC(CCCCCCCC)OC(=O)C(CC(=O)OCC(CC)CCCC)SCCN(CC)CC,XH_2025,XH_2025,0
-3.8254051,0.477611216,CCCCCCCCCCC(C)OC(=O)C(CC(=O)OCC(CC)CCCC)NCCNC(CC(=O)OCC(CC)CCCC)C(=O)OC(C)CCCCCCCCCC,XH_2025,XH_2025,1
-3.7089522,-0.894834808,CCCCCCCCCCC(C)OC(=O)C(CC(=O)OCC(CC)CCCC)NCCCNC(CC(=O)OCC(CC)CCCC)C(=O)OC(C)CCCCCCCCCC,XH_2025,XH_2025,0
-3.9736292,-0.894834808,CCCCCCCCCCC(C)OC(=O)C(CC(=O)OCC(CC)CCCC)NCCCCCCNC(CC(=O)OCC(CC)CCCC)C(=O)OC(C)CCCCCCCCCC,XH_2025,XH_2025,0
-3.822881,-0.894834808,CCCCCCCCCCC(C)OC(=O)C(CC(=O)OCC(CC)CCCC)N(C)CCN(C)C(CC(=O)OCC(CC)CCCC)C(=O)OC(C)CCCCCCCCCC,XH_2025,XH_2025,0
-2.446173,0.477611216,CCCCCCCCCCC(C)OC(=O)C(CC(=O)OCC(CC)CCCC)NCCCN(CCCN(C)C)C(CC(=O)OCC(CC)CCCC)C(=O)OC(C)CCCCCCCCCC,XH_2025,XH_2025,1
-3.0552542,-0.894834808,CCCCCCCCCCC(C)OC(=O)C(CC(=O)OCC(CC)CCCC)NCCN(C)CCNC(CC(=O)OCC(CC)CCCC)C(=O)OC(C)CCCCCCCCCC,XH_2025,XH_2025,0
-3.2250059,0.477611216,CCCCCCCCCCC(C)OC(=O)C(CC(=O)OCC(CC)CCCC)N(C)CCN(C)CCN(C)C(CC(=O)OCC(CC)CCCC)C(=O)OC(C)CCCCCCCCCC,XH_2025,XH_2025,1
-2.6759198,0.477611216,CCCCCCCCCCC(C)OC(=O)C(CC(=O)OCC(CC)CCCC)NCCCN(C)CCCNC(CC(=O)OCC(CC)CCCC)C(=O)OC(C)CCCCCCCCCC,XH_2025,XH_2025,1
-3.7927125,1.85005724,CCCCCCCCCCC(C)OC(=O)C(CC(=O)OCC(CC)CCCC)N(C)CCCN(C)CCCN(C)C(CC(=O)OCC(CC)CCCC)C(=O)OC(C)CCCCCCCCCC,XH_2025,XH_2025,3
-4.009236,0.477611216,CCCCCCCCCCC(C)OC(=O)C(CC(=O)OCC(CC)CCCC)NCCN(CCO)C(CC(=O)OCC(CC)CCCC)C(=O)OC(C)CCCCCCCCCC,XH_2025,XH_2025,1
-3.5441723,0.477611216,CCCCCCCCCCC(C)OC(=O)C(CC(=O)OCC(CC)CCCC)N(CCO)CCN(CCO)C(CC(=O)OCC(CC)CCCC)C(=O)OC(C)CCCCCCCCCC,XH_2025,XH_2025,1
-0.84411067,0.477611216,CCCCCCCCCCC(C)OC(=O)C(CC(=O)OCC(CC)CCCC)NCCCN1CCN(CCCNC(CC(=O)OCC(CC)CCCC)C(=O)OC(C)CCCCCCCCCC)CC1,XH_2025,XH_2025,1
-4.228681,0.477611216,CCCCCCCCCCC(C)OC(=O)C(CC(=O)OCC(CC)CCCC)NCCOCCOCCNC(CC(=O)OCC(CC)CCCC)C(=O)OC(C)CCCCCCCCCC,XH_2025,XH_2025,1
-3.7460418,0.477611216,CCCCCCCCCCC(C)OC(=O)C(CC(=O)OCC(CC)CCCC)NCCCCC1NC(=O)C(CCCCNC(CC(=O)OCC(CC)CCCC)C(=O)OC(C)CCCCCCCCCC)NC1=O,XH_2025,XH_2025,1
-2.79416,0.477611216,CCCCCCCCCCC(C)OC(=O)C(CC(=O)OCC(CC)CCCC)NCCN(CCNC(CC(=O)OCC(CC)CCCC)C(=O)OC(C)CCCCCCCCCC)C(CC(=O)OCC(CC)CCCC)C(=O)OC(C)CCCCCCCCCC,XH_2025,XH_2025,1
-1.9932413,1.85005724,CCCCCCCCCCC(C)OC(=O)C(CC(=O)OCC(CC)CCCC)NCCCN(CCCNC(CC(=O)OCC(CC)CCCC)C(=O)OC(C)CCCCCCCCCC)CCCNC(CC(=O)OCC(CC)CCCC)C(=O)OC(C)CCCCCCCCCC,XH_2025,XH_2025,3
-2.6117306,1.85005724,CCCCCCCCCCC(C)OC(=O)C(CC(=O)OCC(CC)CCCC)NCCN(CCNC(CC(=O)OCC(CC)CCCC)C(=O)OC(C)CCCCCCCCCC)CCNC(CC(=O)OCC(CC)CCCC)C(=O)OC(C)CCCCCCCCCC,XH_2025,XH_2025,3
-2.4256709,0.477611216,CCCCCCCCCCC(C)OC(=O)C(CC(=O)OCC(CC)CCCC)NCCN1CCN(CCN(CCNC(CC(=O)OCC(CC)CCCC)C(=O)OC(C)CCCCCCCCCC)C(CC(=O)OCC(CC)CCCC)C(=O)OC(C)CCCCCCCCCC)CC1,XH_2025,XH_2025,1
-2.1455574,1.85005724,CCCCCCCCCCC(C)OC(=O)C(CC(=O)OCC(CC)CCCC)NCCCN(CCCCN(CCCNC(CC(=O)OCC(CC)CCCC)C(=O)OC(C)CCCCCCCCCC)CCCNC(CC(=O)OCC(CC)CCCC)C(=O)OC(C)CCCCCCCCCC)CCCNC(CC(=O)OCC(CC)CCCC)C(=O)OC(C)CCCCCCCCCC,XH_2025,XH_2025,3
-2.0120509,1.85005724,CCCCCCCCCCC(C)OC(=O)C(CC(=O)OCC(CC)CCCC)NCCNC(=O)CCN(CCC(=O)NCCNC(CC(=O)OCC(CC)CCCC)C(=O)OC(C)CCCCCCCCCC)CCN(CCC(=O)NCCNC(CC(=O)OCC(CC)CCCC)C(=O)OC(C)CCCCCCCCCC)CCC(=O)NCCNC(CC(=O)OCC(CC)CCCC)C(=O)OC(C)CCCCCCCCCC,XH_2025,XH_2025,3
-4.4870605,0.477611216,CCCCCCCCCCC(C)OC(=O)C(CC(=O)OCC(CC)CCCC)N(C)C,XH_2025,XH_2025,1
-4.285164,-0.894834808,CCCCCCCCCCC(C)OC(=O)C(CC(=O)OCC(CC)CCCC)N(CC)CC,XH_2025,XH_2025,0
-4.86695,-0.894834808,CCCCCCCCCCC(C)OC(=O)C(CC(=O)OCC(CC)CCCC)NCCO,XH_2025,XH_2025,0
-4.5432496,0.477611216,CCCCCCCCCCC(C)OC(=O)C(CC(=O)OCC(CC)CCCC)N(C)CCO,XH_2025,XH_2025,1
-5.642316,-0.894834808,CCCCCCCCCCC(C)OC(=O)C(CC(=O)OCC(CC)CCCC)NCCCCO,XH_2025,XH_2025,0
-5.4745145,0.477611216,CCCCCCCCCCC(C)OC(=O)C(CC(=O)OCC(CC)CCCC)N(C)CCCCO,XH_2025,XH_2025,1
-5.80195,-0.894834808,CCCCCCCCCCC(C)OC(=O)C(CC(=O)OCC(CC)CCCC)NCCCN(C)C,XH_2025,XH_2025,0
-5.1493154,-0.894834808,CCCCCCCCCCC(C)OC(=O)C(CC(=O)OCC(CC)CCCC)N(C)CCCN(C)C,XH_2025,XH_2025,0
-5.3470654,-0.894834808,CCCCCCCCCCC(C)OC(=O)C(CC(=O)OCC(CC)CCCC)NCCN(CC)CC,XH_2025,XH_2025,0
-5.0274854,-0.894834808,CCCCCCCCCCC(C)OC(=O)C(CC(=O)OCC(CC)CCCC)N(C)CCN(CC)CC,XH_2025,XH_2025,0
-5.3373165,-0.894834808,CCCCCCCCCCC(C)OC(=O)C(CC(=O)OCC(CC)CCCC)N1CCC(N(C)C)C1,XH_2025,XH_2025,0
-6.1455045,-0.894834808,CCCCCCCCCCC(C)OC(=O)C(CC(=O)OCC(CC)CCCC)N1CCN(CCO)CC1,XH_2025,XH_2025,0
-5.2648664,-0.894834808,CCCCCCCCCCC(C)OC(=O)C(CC(=O)OCC(CC)CCCC)NCCCN(CC)CC,XH_2025,XH_2025,0
-5.252511,-0.894834808,CCCCCCCCCCC(C)OC(=O)C(CC(=O)OCC(CC)CCCC)N(C)CCCN(CC)CC,XH_2025,XH_2025,0
-5.667111,-0.894834808,CCCCCCCCCCC(C)OC(=O)C(CC(=O)OCC(CC)CCCC)NCCN1CCCC1,XH_2025,XH_2025,0
-4.882206,-0.894834808,CCCCCCCCCCC(C)OC(=O)C(CC(=O)OCC(CC)CCCC)N(C)CCN1CCCC1,XH_2025,XH_2025,0
-5.276372,-0.894834808,CCCCCCCCCCC(C)OC(=O)C(CC(=O)OCC(CC)CCCC)NCCCN1CCCC1,XH_2025,XH_2025,0
-5.021559,-0.894834808,CCCCCCCCCCC(C)OC(=O)C(CC(=O)OCC(CC)CCCC)N(C)CCCN1CCCC1,XH_2025,XH_2025,0
-5.157795,-0.894834808,CCCCCCCCCCC(C)OC(=O)C(CC(=O)OCC(CC)CCCC)NCCN(C)C,XH_2025,XH_2025,0
-4.4959126,-0.894834808,CCCCCCCCCCC(C)OC(=O)C(CC(=O)OCC(CC)CCCC)N(C)CCN(C)C,XH_2025,XH_2025,0
-4.9138365,-0.894834808,CCCCCCCCCCC(C)OC(=O)C(CC(=O)OCC(CC)CCCC)NCCCN1CCN(C)CC1,XH_2025,XH_2025,0
-5.7852635,-0.894834808,CCCCCCCCCCC(C)OC(=O)C(CC(=O)OCC(CC)CCCC)N1CCCN(C)CC1,XH_2025,XH_2025,0
-5.3160405,0.477611216,CCCCCCCCCCC(C)OC(=O)C(CC(=O)OCC(CC)CCCC)N1CCN(C)CC1,XH_2025,XH_2025,1
-5.0976996,0.477611216,CCCCCCCCCCC(C)OC(=O)C(CC(=O)OCC(CC)CCCC)N1CCC(N(C)C)CC1,XH_2025,XH_2025,1
-4.591033,-0.894834808,CCCCCCCCCCC(C)OC(=O)C(CC(=O)OCC(CC)CCCC)N1CCC(N(CC)CC)CC1,XH_2025,XH_2025,0
-5.697275,-0.894834808,CCCCCCCCCCC(C)OC(=O)C(CC(=O)OCC(CC)CCCC)N1CCC(N(CC)CC)C1,XH_2025,XH_2025,0
-5.0580325,-0.894834808,CCCCCCCCCCC(C)OC(=O)C(CC(=O)OCC(CC)CCCC)N1CCN(CCN(CC)CC)CC1,XH_2025,XH_2025,0
-6.064219,0.477611216,CCCCCCCCCCC(C)OC(=O)C(CC(=O)OCC(CC)CCCC)SCCN1CCOCC1,XH_2025,XH_2025,1
-5.4168916,-0.894834808,CCCCCCCCCCC(C)OC(=O)C(CC(=O)OCC(CC)CCCC)SCCN(C)C,XH_2025,XH_2025,0
-5.523621,0.477611216,CCCCCCCCCCC(C)OC(=O)C(CC(=O)OCC(CC)CCCC)SCCN(CC)CC,XH_2025,XH_2025,1
-2.6405063,0.477611216,CCCCCCCCCCC(CCCCCCCCCC)OC(=O)C(CC(=O)OCC(CC)CCCC)NCCNC(CC(=O)OCC(CC)CCCC)C(=O)OC(CCCCCCCCCC)CCCCCCCCCC,XH_2025,XH_2025,1
-2.968337,0.477611216,CCCCCCCCCCC(CCCCCCCCCC)OC(=O)C(CC(=O)OCC(CC)CCCC)NCCCNC(CC(=O)OCC(CC)CCCC)C(=O)OC(CCCCCCCCCC)CCCCCCCCCC,XH_2025,XH_2025,1
-3.969194,1.85005724,CCCCCCCCCCC(CCCCCCCCCC)OC(=O)C(CC(=O)OCC(CC)CCCC)NCCCCCCNC(CC(=O)OCC(CC)CCCC)C(=O)OC(CCCCCCCCCC)CCCCCCCCCC,XH_2025,XH_2025,3
-2.1345468,1.85005724,CCCCCCCCCCC(CCCCCCCCCC)OC(=O)C(CC(=O)OCC(CC)CCCC)N(C)CCN(C)C(CC(=O)OCC(CC)CCCC)C(=O)OC(CCCCCCCCCC)CCCCCCCCCC,XH_2025,XH_2025,3
-1.4409044,1.85005724,CCCCCCCCCCC(CCCCCCCCCC)OC(=O)C(CC(=O)OCC(CC)CCCC)NCCCN(CCCN(C)C)C(CC(=O)OCC(CC)CCCC)C(=O)OC(CCCCCCCCCC)CCCCCCCCCC,XH_2025,XH_2025,3
-1.8250396,0.477611216,CCCCCCCCCCC(CCCCCCCCCC)OC(=O)C(CC(=O)OCC(CC)CCCC)NCCN(C)CCNC(CC(=O)OCC(CC)CCCC)C(=O)OC(CCCCCCCCCC)CCCCCCCCCC,XH_2025,XH_2025,1
-2.0621443,1.85005724,CCCCCCCCCCC(CCCCCCCCCC)OC(=O)C(CC(=O)OCC(CC)CCCC)N(C)CCN(C)CCN(C)C(CC(=O)OCC(CC)CCCC)C(=O)OC(CCCCCCCCCC)CCCCCCCCCC,XH_2025,XH_2025,3
-2.2011945,1.85005724,CCCCCCCCCCC(CCCCCCCCCC)OC(=O)C(CC(=O)OCC(CC)CCCC)NCCCN(C)CCCNC(CC(=O)OCC(CC)CCCC)C(=O)OC(CCCCCCCCCC)CCCCCCCCCC,XH_2025,XH_2025,3
-1.7178108,1.85005724,CCCCCCCCCCC(CCCCCCCCCC)OC(=O)C(CC(=O)OCC(CC)CCCC)N(C)CCCN(C)CCCN(C)C(CC(=O)OCC(CC)CCCC)C(=O)OC(CCCCCCCCCC)CCCCCCCCCC,XH_2025,XH_2025,3
-2.0105994,1.85005724,CCCCCCCCCCC(CCCCCCCCCC)OC(=O)C(CC(=O)OCC(CC)CCCC)NCCN(CCO)C(CC(=O)OCC(CC)CCCC)C(=O)OC(CCCCCCCCCC)CCCCCCCCCC,XH_2025,XH_2025,3
-2.5045342,1.85005724,CCCCCCCCCCC(CCCCCCCCCC)OC(=O)C(CC(=O)OCC(CC)CCCC)N(CCO)CCN(CCO)C(CC(=O)OCC(CC)CCCC)C(=O)OC(CCCCCCCCCC)CCCCCCCCCC,XH_2025,XH_2025,3
-2.2409823,1.85005724,CCCCCCCCCCC(CCCCCCCCCC)OC(=O)C(CC(=O)OCC(CC)CCCC)NCCCN1CCN(CCCNC(CC(=O)OCC(CC)CCCC)C(=O)OC(CCCCCCCCCC)CCCCCCCCCC)CC1,XH_2025,XH_2025,3
-2.673238,1.85005724,CCCCCCCCCCC(CCCCCCCCCC)OC(=O)C(CC(=O)OCC(CC)CCCC)NCCOCCOCCNC(CC(=O)OCC(CC)CCCC)C(=O)OC(CCCCCCCCCC)CCCCCCCCCC,XH_2025,XH_2025,3
-2.6966577,1.85005724,CCCCCCCCCCC(CCCCCCCCCC)OC(=O)C(CC(=O)OCC(CC)CCCC)NCCCCC1NC(=O)C(CCCCNC(CC(=O)OCC(CC)CCCC)C(=O)OC(CCCCCCCCCC)CCCCCCCCCC)NC1=O,XH_2025,XH_2025,3
-1.9004419,0.477611216,CCCCCCCCCCC(CCCCCCCCCC)OC(=O)C(CC(=O)OCC(CC)CCCC)NCCN(CCNC(CC(=O)OCC(CC)CCCC)C(=O)OC(CCCCCCCCCC)CCCCCCCCCC)C(CC(=O)OCC(CC)CCCC)C(=O)OC(CCCCCCCCCC)CCCCCCCCCC,XH_2025,XH_2025,1
-1.757636,0.477611216,CCCCCCCCCCC(CCCCCCCCCC)OC(=O)C(CC(=O)OCC(CC)CCCC)NCCCN(CCCNC(CC(=O)OCC(CC)CCCC)C(=O)OC(CCCCCCCCCC)CCCCCCCCCC)CCCNC(CC(=O)OCC(CC)CCCC)C(=O)OC(CCCCCCCCCC)CCCCCCCCCC,XH_2025,XH_2025,1
-1.7373806,0.477611216,CCCCCCCCCCC(CCCCCCCCCC)OC(=O)C(CC(=O)OCC(CC)CCCC)NCCN(CCNC(CC(=O)OCC(CC)CCCC)C(=O)OC(CCCCCCCCCC)CCCCCCCCCC)CCNC(CC(=O)OCC(CC)CCCC)C(=O)OC(CCCCCCCCCC)CCCCCCCCCC,XH_2025,XH_2025,1
-1.4453843,0.477611216,CCCCCCCCCCC(CCCCCCCCCC)OC(=O)C(CC(=O)OCC(CC)CCCC)NCCN1CCN(CCN(CCNC(CC(=O)OCC(CC)CCCC)C(=O)OC(CCCCCCCCCC)CCCCCCCCCC)C(CC(=O)OCC(CC)CCCC)C(=O)OC(CCCCCCCCCC)CCCCCCCCCC)CC1,XH_2025,XH_2025,1
-2.530585,1.85005724,CCCCCCCCCCC(CCCCCCCCCC)OC(=O)C(CC(=O)OCC(CC)CCCC)NCCCN(CCCCN(CCCNC(CC(=O)OCC(CC)CCCC)C(=O)OC(CCCCCCCCCC)CCCCCCCCCC)CCCNC(CC(=O)OCC(CC)CCCC)C(=O)OC(CCCCCCCCCC)CCCCCCCCCC)CCCNC(CC(=O)OCC(CC)CCCC)C(=O)OC(CCCCCCCCCC)CCCCCCCCCC,XH_2025,XH_2025,3
-1.6426399,1.85005724,CCCCCCCCCCC(CCCCCCCCCC)OC(=O)C(CC(=O)OCC(CC)CCCC)NCCNC(=O)CCN(CCC(=O)NCCNC(CC(=O)OCC(CC)CCCC)C(=O)OC(CCCCCCCCCC)CCCCCCCCCC)CCN(CCC(=O)NCCNC(CC(=O)OCC(CC)CCCC)C(=O)OC(CCCCCCCCCC)CCCCCCCCCC)CCC(=O)NCCNC(CC(=O)OCC(CC)CCCC)C(=O)OC(CCCCCCCCCC)CCCCCCCCCC,XH_2025,XH_2025,3
-5.291616,0.477611216,CCCCCCCCCCC(CCCCCCCCCC)OC(=O)C(CC(=O)OCC(CC)CCCC)N(C)C,XH_2025,XH_2025,1
-4.179223,-0.894834808,CCCCCCCCCCC(CCCCCCCCCC)OC(=O)C(CC(=O)OCC(CC)CCCC)N(CC)CC,XH_2025,XH_2025,0
-4.713549,0.477611216,CCCCCCCCCCC(CCCCCCCCCC)OC(=O)C(CC(=O)OCC(CC)CCCC)NCCO,XH_2025,XH_2025,1
-4.978862,0.477611216,CCCCCCCCCCC(CCCCCCCCCC)OC(=O)C(CC(=O)OCC(CC)CCCC)N(C)CCO,XH_2025,XH_2025,1
-5.11111,0.477611216,CCCCCCCCCCC(CCCCCCCCCC)OC(=O)C(CC(=O)OCC(CC)CCCC)NCCCCO,XH_2025,XH_2025,1
-4.607532,0.477611216,CCCCCCCCCCC(CCCCCCCCCC)OC(=O)C(CC(=O)OCC(CC)CCCC)N(C)CCCCO,XH_2025,XH_2025,1
-4.562658,0.477611216,CCCCCCCCCCC(CCCCCCCCCC)OC(=O)C(CC(=O)OCC(CC)CCCC)NCCCN(C)C,XH_2025,XH_2025,1
-4.300276,1.85005724,CCCCCCCCCCC(CCCCCCCCCC)OC(=O)C(CC(=O)OCC(CC)CCCC)N(C)CCCN(C)C,XH_2025,XH_2025,3
-4.6241536,0.477611216,CCCCCCCCCCC(CCCCCCCCCC)OC(=O)C(CC(=O)OCC(CC)CCCC)NCCN(CC)CC,XH_2025,XH_2025,1
-4.478201,0.477611216,CCCCCCCCCCC(CCCCCCCCCC)OC(=O)C(CC(=O)OCC(CC)CCCC)N(C)CCN(CC)CC,XH_2025,XH_2025,1
-3.5207589,0.477611216,CCCCCCCCCCC(CCCCCCCCCC)OC(=O)C(CC(=O)OCC(CC)CCCC)N1CCC(N(C)C)C1,XH_2025,XH_2025,1
-5.5832825,0.477611216,CCCCCCCCCCC(CCCCCCCCCC)OC(=O)C(CC(=O)OCC(CC)CCCC)N1CCN(CCO)CC1,XH_2025,XH_2025,1
-3.1719851,0.477611216,CCCCCCCCCCC(CCCCCCCCCC)OC(=O)C(CC(=O)OCC(CC)CCCC)NCCCN(CC)CC,XH_2025,XH_2025,1
-3.801116,1.85005724,CCCCCCCCCCC(CCCCCCCCCC)OC(=O)C(CC(=O)OCC(CC)CCCC)N(C)CCCN(CC)CC,XH_2025,XH_2025,3
-2.6081667,1.85005724,CCCCCCCCCCC(CCCCCCCCCC)OC(=O)C(CC(=O)OCC(CC)CCCC)NCCN1CCCC1,XH_2025,XH_2025,3
-2.028869,1.85005724,CCCCCCCCCCC(CCCCCCCCCC)OC(=O)C(CC(=O)OCC(CC)CCCC)N(C)CCN1CCCC1,XH_2025,XH_2025,3
-2.354412,1.85005724,CCCCCCCCCCC(CCCCCCCCCC)OC(=O)C(CC(=O)OCC(CC)CCCC)NCCCN1CCCC1,XH_2025,XH_2025,3
-2.858764,1.85005724,CCCCCCCCCCC(CCCCCCCCCC)OC(=O)C(CC(=O)OCC(CC)CCCC)N(C)CCCN1CCCC1,XH_2025,XH_2025,3
-4.7069173,1.85005724,CCCCCCCCCCC(CCCCCCCCCC)OC(=O)C(CC(=O)OCC(CC)CCCC)NCCN(C)C,XH_2025,XH_2025,3
-4.0152187,0.477611216,CCCCCCCCCCC(CCCCCCCCCC)OC(=O)C(CC(=O)OCC(CC)CCCC)N(C)CCN(C)C,XH_2025,XH_2025,1
-2.2338662,0.477611216,CCCCCCCCCCC(CCCCCCCCCC)OC(=O)C(CC(=O)OCC(CC)CCCC)NCCCN1CCN(C)CC1,XH_2025,XH_2025,1
-4.261785,1.85005724,CCCCCCCCCCC(CCCCCCCCCC)OC(=O)C(CC(=O)OCC(CC)CCCC)N1CCCN(C)CC1,XH_2025,XH_2025,3
-4.2552295,0.477611216,CCCCCCCCCCC(CCCCCCCCCC)OC(=O)C(CC(=O)OCC(CC)CCCC)N1CCN(C)CC1,XH_2025,XH_2025,1
-4.617506,1.85005724,CCCCCCCCCCC(CCCCCCCCCC)OC(=O)C(CC(=O)OCC(CC)CCCC)N1CCC(N(C)C)CC1,XH_2025,XH_2025,3
-2.8113544,0.477611216,CCCCCCCCCCC(CCCCCCCCCC)OC(=O)C(CC(=O)OCC(CC)CCCC)N1CCC(N(CC)CC)CC1,XH_2025,XH_2025,1
-3.1229658,-0.894834808,CCCCCCCCCCC(CCCCCCCCCC)OC(=O)C(CC(=O)OCC(CC)CCCC)N1CCC(N(CC)CC)C1,XH_2025,XH_2025,0
-3.8083954,0.477611216,CCCCCCCCCCC(CCCCCCCCCC)OC(=O)C(CC(=O)OCC(CC)CCCC)N1CCN(CCN(CC)CC)CC1,XH_2025,XH_2025,1
-5.2787833,-0.894834808,CCCCCCCCCCC(CCCCCCCCCC)OC(=O)C(CC(=O)OCC(CC)CCCC)SCCN1CCOCC1,XH_2025,XH_2025,0
-4.810682,-0.894834808,CCCCCCCCCCC(CCCCCCCCCC)OC(=O)C(CC(=O)OCC(CC)CCCC)SCCN(C)C,XH_2025,XH_2025,0
-2.4077907,-0.894834808,CCCCCCCCCCC(CCCCCCCCCC)OC(=O)C(CC(=O)OCC(CC)CCCC)SCCN(CC)CC,XH_2025,XH_2025,0
-2.5423937,0.477611216,CCCCCCCCCCC(CCCCCCCC)COC(=O)C(CC(=O)OCC(CC)CCCC)NCCNC(CC(=O)OCC(CC)CCCC)C(=O)OCC(CCCCCCCC)CCCCCCCCCC,XH_2025,XH_2025,1
-2.9999845,0.477611216,CCCCCCCCCCC(CCCCCCCC)COC(=O)C(CC(=O)OCC(CC)CCCC)NCCCNC(CC(=O)OCC(CC)CCCC)C(=O)OCC(CCCCCCCC)CCCCCCCCCC,XH_2025,XH_2025,1
-3.092372,1.85005724,CCCCCCCCCCC(CCCCCCCC)COC(=O)C(CC(=O)OCC(CC)CCCC)NCCCCCCNC(CC(=O)OCC(CC)CCCC)C(=O)OCC(CCCCCCCC)CCCCCCCCCC,XH_2025,XH_2025,3
-2.49179,0.477611216,CCCCCCCCCCC(CCCCCCCC)COC(=O)C(CC(=O)OCC(CC)CCCC)N(C)CCN(C)C(CC(=O)OCC(CC)CCCC)C(=O)OCC(CCCCCCCC)CCCCCCCCCC,XH_2025,XH_2025,1
-1.3172356,0.477611216,CCCCCCCCCCC(CCCCCCCC)COC(=O)C(CC(=O)OCC(CC)CCCC)NCCCN(CCCN(C)C)C(CC(=O)OCC(CC)CCCC)C(=O)OCC(CCCCCCCC)CCCCCCCCCC,XH_2025,XH_2025,1
-1.6403165,1.85005724,CCCCCCCCCCC(CCCCCCCC)COC(=O)C(CC(=O)OCC(CC)CCCC)NCCN(C)CCNC(CC(=O)OCC(CC)CCCC)C(=O)OCC(CCCCCCCC)CCCCCCCCCC,XH_2025,XH_2025,3
-0.942887,1.85005724,CCCCCCCCCCC(CCCCCCCC)COC(=O)C(CC(=O)OCC(CC)CCCC)N(C)CCN(C)CCN(C)C(CC(=O)OCC(CC)CCCC)C(=O)OCC(CCCCCCCC)CCCCCCCCCC,XH_2025,XH_2025,3
-2.5978026,0.477611216,CCCCCCCCCCC(CCCCCCCC)COC(=O)C(CC(=O)OCC(CC)CCCC)NCCCN(C)CCCNC(CC(=O)OCC(CC)CCCC)C(=O)OCC(CCCCCCCC)CCCCCCCCCC,XH_2025,XH_2025,1
-1.5529121,1.85005724,CCCCCCCCCCC(CCCCCCCC)COC(=O)C(CC(=O)OCC(CC)CCCC)N(C)CCCN(C)CCCN(C)C(CC(=O)OCC(CC)CCCC)C(=O)OCC(CCCCCCCC)CCCCCCCCCC,XH_2025,XH_2025,3
-1.7424663,0.477611216,CCCCCCCCCCC(CCCCCCCC)COC(=O)C(CC(=O)OCC(CC)CCCC)NCCN(CCO)C(CC(=O)OCC(CC)CCCC)C(=O)OCC(CCCCCCCC)CCCCCCCCCC,XH_2025,XH_2025,1
-2.9438608,0.477611216,CCCCCCCCCCC(CCCCCCCC)COC(=O)C(CC(=O)OCC(CC)CCCC)N(CCO)CCN(CCO)C(CC(=O)OCC(CC)CCCC)C(=O)OCC(CCCCCCCC)CCCCCCCCCC,XH_2025,XH_2025,1
-1.7135783,1.85005724,CCCCCCCCCCC(CCCCCCCC)COC(=O)C(CC(=O)OCC(CC)CCCC)NCCCN1CCN(CCCNC(CC(=O)OCC(CC)CCCC)C(=O)OCC(CCCCCCCC)CCCCCCCCCC)CC1,XH_2025,XH_2025,3
-3.1581335,1.85005724,CCCCCCCCCCC(CCCCCCCC)COC(=O)C(CC(=O)OCC(CC)CCCC)NCCOCCOCCNC(CC(=O)OCC(CC)CCCC)C(=O)OCC(CCCCCCCC)CCCCCCCCCC,XH_2025,XH_2025,3
-3.249961,1.85005724,CCCCCCCCCCC(CCCCCCCC)COC(=O)C(CC(=O)OCC(CC)CCCC)NCCCCC1NC(=O)C(CCCCNC(CC(=O)OCC(CC)CCCC)C(=O)OCC(CCCCCCCC)CCCCCCCCCC)NC1=O,XH_2025,XH_2025,3
-1.4952651,0.477611216,CCCCCCCCCCC(CCCCCCCC)COC(=O)C(CC(=O)OCC(CC)CCCC)NCCN(CCNC(CC(=O)OCC(CC)CCCC)C(=O)OCC(CCCCCCCC)CCCCCCCCCC)C(CC(=O)OCC(CC)CCCC)C(=O)OCC(CCCCCCCC)CCCCCCCCCC,XH_2025,XH_2025,1
-2.053912,0.477611216,CCCCCCCCCCC(CCCCCCCC)COC(=O)C(CC(=O)OCC(CC)CCCC)NCCCN(CCCNC(CC(=O)OCC(CC)CCCC)C(=O)OCC(CCCCCCCC)CCCCCCCCCC)CCCNC(CC(=O)OCC(CC)CCCC)C(=O)OCC(CCCCCCCC)CCCCCCCCCC,XH_2025,XH_2025,1
-1.9544921,1.85005724,CCCCCCCCCCC(CCCCCCCC)COC(=O)C(CC(=O)OCC(CC)CCCC)NCCN(CCNC(CC(=O)OCC(CC)CCCC)C(=O)OCC(CCCCCCCC)CCCCCCCCCC)CCNC(CC(=O)OCC(CC)CCCC)C(=O)OCC(CCCCCCCC)CCCCCCCCCC,XH_2025,XH_2025,3
-1.9968497,1.85005724,CCCCCCCCCCC(CCCCCCCC)COC(=O)C(CC(=O)OCC(CC)CCCC)NCCN1CCN(CCN(CCNC(CC(=O)OCC(CC)CCCC)C(=O)OCC(CCCCCCCC)CCCCCCCCCC)C(CC(=O)OCC(CC)CCCC)C(=O)OCC(CCCCCCCC)CCCCCCCCCC)CC1,XH_2025,XH_2025,3
-2.4772716,1.85005724,CCCCCCCCCCC(CCCCCCCC)COC(=O)C(CC(=O)OCC(CC)CCCC)NCCCN(CCCCN(CCCNC(CC(=O)OCC(CC)CCCC)C(=O)OCC(CCCCCCCC)CCCCCCCCCC)CCCNC(CC(=O)OCC(CC)CCCC)C(=O)OCC(CCCCCCCC)CCCCCCCCCC)CCCNC(CC(=O)OCC(CC)CCCC)C(=O)OCC(CCCCCCCC)CCCCCCCCCC,XH_2025,XH_2025,3
-2.3421144,1.85005724,CCCCCCCCCCC(CCCCCCCC)COC(=O)C(CC(=O)OCC(CC)CCCC)NCCNC(=O)CCN(CCC(=O)NCCNC(CC(=O)OCC(CC)CCCC)C(=O)OCC(CCCCCCCC)CCCCCCCCCC)CCN(CCC(=O)NCCNC(CC(=O)OCC(CC)CCCC)C(=O)OCC(CCCCCCCC)CCCCCCCCCC)CCC(=O)NCCNC(CC(=O)OCC(CC)CCCC)C(=O)OCC(CCCCCCCC)CCCCCCCCCC,XH_2025,XH_2025,3
-4.360762,-0.894834808,CCCCCCCCCCC(CCCCCCCC)COC(=O)C(CC(=O)OCC(CC)CCCC)N(C)C,XH_2025,XH_2025,0
-4.390998,-0.894834808,CCCCCCCCCCC(CCCCCCCC)COC(=O)C(CC(=O)OCC(CC)CCCC)N(CC)CC,XH_2025,XH_2025,0
-4.6418033,0.477611216,CCCCCCCCCCC(CCCCCCCC)COC(=O)C(CC(=O)OCC(CC)CCCC)NCCO,XH_2025,XH_2025,1
-4.687515,0.477611216,CCCCCCCCCCC(CCCCCCCC)COC(=O)C(CC(=O)OCC(CC)CCCC)N(C)CCO,XH_2025,XH_2025,1
-4.252505,0.477611216,CCCCCCCCCCC(CCCCCCCC)COC(=O)C(CC(=O)OCC(CC)CCCC)NCCCCO,XH_2025,XH_2025,1
-4.7770076,1.85005724,CCCCCCCCCCC(CCCCCCCC)COC(=O)C(CC(=O)OCC(CC)CCCC)N(C)CCCCO,XH_2025,XH_2025,3
-4.120996,0.477611216,CCCCCCCCCCC(CCCCCCCC)COC(=O)C(CC(=O)OCC(CC)CCCC)NCCCN(C)C,XH_2025,XH_2025,1
-4.317757,1.85005724,CCCCCCCCCCC(CCCCCCCC)COC(=O)C(CC(=O)OCC(CC)CCCC)N(C)CCCN(C)C,XH_2025,XH_2025,3
-4.3359523,1.85005724,CCCCCCCCCCC(CCCCCCCC)COC(=O)C(CC(=O)OCC(CC)CCCC)NCCN(CC)CC,XH_2025,XH_2025,3
-4.282797,0.477611216,CCCCCCCCCCC(CCCCCCCC)COC(=O)C(CC(=O)OCC(CC)CCCC)N(C)CCN(CC)CC,XH_2025,XH_2025,1
-4.1030483,0.477611216,CCCCCCCCCCC(CCCCCCCC)COC(=O)C(CC(=O)OCC(CC)CCCC)N1CCC(N(C)C)C1,XH_2025,XH_2025,1
-5.1562443,1.85005724,CCCCCCCCCCC(CCCCCCCC)COC(=O)C(CC(=O)OCC(CC)CCCC)N1CCN(CCO)CC1,XH_2025,XH_2025,3
-3.3766687,-0.894834808,CCCCCCCCCCC(CCCCCCCC)COC(=O)C(CC(=O)OCC(CC)CCCC)NCCCN(CC)CC,XH_2025,XH_2025,0
-4.6249127,1.85005724,CCCCCCCCCCC(CCCCCCCC)COC(=O)C(CC(=O)OCC(CC)CCCC)N(C)CCCN(CC)CC,XH_2025,XH_2025,3
-2.831016,0.477611216,CCCCCCCCCCC(CCCCCCCC)COC(=O)C(CC(=O)OCC(CC)CCCC)NCCN1CCCC1,XH_2025,XH_2025,1
-2.7424724,1.85005724,CCCCCCCCCCC(CCCCCCCC)COC(=O)C(CC(=O)OCC(CC)CCCC)N(C)CCN1CCCC1,XH_2025,XH_2025,3
-3.255701,0.477611216,CCCCCCCCCCC(CCCCCCCC)COC(=O)C(CC(=O)OCC(CC)CCCC)NCCCN1CCCC1,XH_2025,XH_2025,1
-3.801146,1.85005724,CCCCCCCCCCC(CCCCCCCC)COC(=O)C(CC(=O)OCC(CC)CCCC)N(C)CCCN1CCCC1,XH_2025,XH_2025,3
-4.5467396,0.477611216,CCCCCCCCCCC(CCCCCCCC)COC(=O)C(CC(=O)OCC(CC)CCCC)NCCN(C)C,XH_2025,XH_2025,1
-3.9445164,0.477611216,CCCCCCCCCCC(CCCCCCCC)COC(=O)C(CC(=O)OCC(CC)CCCC)N(C)CCN(C)C,XH_2025,XH_2025,1
-2.5483344,0.477611216,CCCCCCCCCCC(CCCCCCCC)COC(=O)C(CC(=O)OCC(CC)CCCC)NCCCN1CCN(C)CC1,XH_2025,XH_2025,1
-5.118328,1.85005724,CCCCCCCCCCC(CCCCCCCC)COC(=O)C(CC(=O)OCC(CC)CCCC)N1CCCN(C)CC1,XH_2025,XH_2025,3
-4.1993537,0.477611216,CCCCCCCCCCC(CCCCCCCC)COC(=O)C(CC(=O)OCC(CC)CCCC)N1CCN(C)CC1,XH_2025,XH_2025,1
-4.2555294,1.85005724,CCCCCCCCCCC(CCCCCCCC)COC(=O)C(CC(=O)OCC(CC)CCCC)N1CCC(N(C)C)CC1,XH_2025,XH_2025,3
-2.9176328,0.477611216,CCCCCCCCCCC(CCCCCCCC)COC(=O)C(CC(=O)OCC(CC)CCCC)N1CCC(N(CC)CC)CC1,XH_2025,XH_2025,1
-3.377505,0.477611216,CCCCCCCCCCC(CCCCCCCC)COC(=O)C(CC(=O)OCC(CC)CCCC)N1CCC(N(CC)CC)C1,XH_2025,XH_2025,1
-4.726142,0.477611216,CCCCCCCCCCC(CCCCCCCC)COC(=O)C(CC(=O)OCC(CC)CCCC)N1CCN(CCN(CC)CC)CC1,XH_2025,XH_2025,1
-5.5320644,-0.894834808,CCCCCCCCCCC(CCCCCCCC)COC(=O)C(CC(=O)OCC(CC)CCCC)SCCN1CCOCC1,XH_2025,XH_2025,0
-4.787838,-0.894834808,CCCCCCCCCCC(CCCCCCCC)COC(=O)C(CC(=O)OCC(CC)CCCC)SCCN(C)C,XH_2025,XH_2025,0
-3.4765527,-0.894834808,CCCCCCCCCCC(CCCCCCCC)COC(=O)C(CC(=O)OCC(CC)CCCC)SCCN(CC)CC,XH_2025,XH_2025,0
-4.0581355,-0.792186525,CCCCCCCCN(C)CCC(=O)OCCCCCCOC(=O)CCN(CCC(=O)OCCCCCCOC(=O)CCN(C)CCCCCCCC)CCN(C)C,YY_2023,YY_2023,0
-0.81872433,2.200518126,CCCCCCCCCCCCN(C)CCC(=O)OCCCCCCOC(=O)CCN(CCC(=O)OCCCCCCOC(=O)CCN(C)CCCCCCCCCCCC)CCN(C)C,YY_2023,YY_2023,2
-0.5880723,-0.044010363,CCCCCCCCCCCCCCCCCCN(C)CCC(=O)OCCCCCCOC(=O)CCN(CCC(=O)OCCCCCCOC(=O)CCN(C)CCCCCCCCCCCCCCCCCC)CCN(C)C,YY_2023,YY_2023,1
-2.9275198,-0.792186525,CCCCN(CCCC)CCC(=O)OCCCCCCOC(=O)CCN(CCC(=O)OCCCCCCOC(=O)CCN(CCCC)CCCC)CCN(C)C,YY_2023,YY_2023,0
-1.286939,1.452341963,CCCCCCN(CCCCCC)CCC(=O)OCCCCCCOC(=O)CCN(CCC(=O)OCCCCCCOC(=O)CCN(CCCCCC)CCCCCC)CCN(C)C,YY_2023,YY_2023,2
0.3247637,0.7041658,CCCCCCCCN(CCCCCCCC)CCC(=O)OCCCCCCOC(=O)CCN(CCC(=O)OCCCCCCOC(=O)CCN(CCCCCCCC)CCCCCCCC)CCN(C)C,YY_2023,YY_2023,1
-0.0017196098,-0.044010363,CCCCCCCCCCN(CCCCCCCCCC)CCC(=O)OCCCCCCOC(=O)CCN(CCC(=O)OCCCCCCOC(=O)CCN(CCCCCCCCCC)CCCCCCCCCC)CCN(C)C,YY_2023,YY_2023,1
-2.5908585,-0.792186525,CCCCCCCCN(C)CCC(=O)OCCCCCCOC(=O)CCN(CCCN1CCN(C)CC1)CCC(=O)OCCCCCCOC(=O)CCN(C)CCCCCCCC,YY_2023,YY_2023,0
-1.2085271,-0.044010363,CCCCCCCCCCCCN(C)CCC(=O)OCCCCCCOC(=O)CCN(CCCN1CCN(C)CC1)CCC(=O)OCCCCCCOC(=O)CCN(C)CCCCCCCCCCCC,YY_2023,YY_2023,1
0.017737273,-0.792186525,CCCCCCCCCCCCCCCCCCN(C)CCC(=O)OCCCCCCOC(=O)CCN(CCCN1CCN(C)CC1)CCC(=O)OCCCCCCOC(=O)CCN(C)CCCCCCCCCCCCCCCCCC,YY_2023,YY_2023,0
-2.1533127,-0.792186525,CCCCN(CCCC)CCC(=O)OCCCCCCOC(=O)CCN(CCCN1CCN(C)CC1)CCC(=O)OCCCCCCOC(=O)CCN(CCCC)CCCC,YY_2023,YY_2023,0
-1.3755482,-0.792186525,CCCCCCN(CCCCCC)CCC(=O)OCCCCCCOC(=O)CCN(CCCN1CCN(C)CC1)CCC(=O)OCCCCCCOC(=O)CCN(CCCCCC)CCCCCC,YY_2023,YY_2023,0
-1.4377378,-0.044010363,CCCCCCCCN(CCCCCCCC)CCC(=O)OCCCCCCOC(=O)CCN(CCCN1CCN(C)CC1)CCC(=O)OCCCCCCOC(=O)CCN(CCCCCCCC)CCCCCCCC,YY_2023,YY_2023,1
-0.09233373,-0.044010363,CCCCCCCCCCN(CCCCCCCCCC)CCC(=O)OCCCCCCOC(=O)CCN(CCCN1CCN(C)CC1)CCC(=O)OCCCCCCOC(=O)CCN(CCCCCCCCCC)CCCCCCCCCC,YY_2023,YY_2023,1
-2.3968005,-0.792186525,CCCCCCCCN(C)CCC(=O)OCCCCCCOC(=O)CCN(CCC(=O)OCCCCCCOC(=O)CCN(C)CCCCCCCC)CCN1CCCCC1,YY_2023,YY_2023,0
-1.0969107,-0.792186525,CCCCCCCCCCCCN(C)CCC(=O)OCCCCCCOC(=O)CCN(CCC(=O)OCCCCCCOC(=O)CCN(C)CCCCCCCCCCCC)CCN1CCCCC1,YY_2023,YY_2023,0
-1.1029915,2.200518126,CCCCCCCCCCCCCCCCCCN(C)CCC(=O)OCCCCCCOC(=O)CCN(CCC(=O)OCCCCCCOC(=O)CCN(C)CCCCCCCCCCCCCCCCCC)CCN1CCCCC1,YY_2023,YY_2023,2
-2.9182436,-0.792186525,CCCCN(CCCC)CCC(=O)OCCCCCCOC(=O)CCN(CCC(=O)OCCCCCCOC(=O)CCN(CCCC)CCCC)CCN1CCCCC1,YY_2023,YY_2023,0
-1.8293126,-0.792186525,CCCCCCN(CCCCCC)CCC(=O)OCCCCCCOC(=O)CCN(CCC(=O)OCCCCCCOC(=O)CCN(CCCCCC)CCCCCC)CCN1CCCCC1,YY_2023,YY_2023,0
-1.0938774,1.452341963,CCCCCCCCN(CCCCCCCC)CCC(=O)OCCCCCCOC(=O)CCN(CCC(=O)OCCCCCCOC(=O)CCN(CCCCCCCC)CCCCCCCC)CCN1CCCCC1,YY_2023,YY_2023,2
-1.2768407,0.7041658,CCCCCCCCCCN(CCCCCCCCCC)CCC(=O)OCCCCCCOC(=O)CCN(CCC(=O)OCCCCCCOC(=O)CCN(CCCCCCCCCC)CCCCCCCCCC)CCN1CCCCC1,YY_2023,YY_2023,1
-2.8311534,-0.044010363,CCCCCCCCN(C)CCC(=O)OCCCCCCOC(=O)CCN(CCC(=O)OCCCCCCOC(=O)CCN(C)CCCCCCCC)CCN1CCCC1,YY_2023,YY_2023,1
-1.7518688,-0.044010363,CCCCCCCCCCCCN(C)CCC(=O)OCCCCCCOC(=O)CCN(CCC(=O)OCCCCCCOC(=O)CCN(C)CCCCCCCCCCCC)CCN1CCCC1,YY_2023,YY_2023,1
-1.3885964,-0.044010363,CCCCCCCCCCCCCCCCCCN(C)CCC(=O)OCCCCCCOC(=O)CCN(CCC(=O)OCCCCCCOC(=O)CCN(C)CCCCCCCCCCCCCCCCCC)CCN1CCCC1,YY_2023,YY_2023,1
-2.7766442,-0.792186525,CCCCN(CCCC)CCC(=O)OCCCCCCOC(=O)CCN(CCC(=O)OCCCCCCOC(=O)CCN(CCCC)CCCC)CCN1CCCC1,YY_2023,YY_2023,0
-1.4398859,-0.044010363,CCCCCCN(CCCCCC)CCC(=O)OCCCCCCOC(=O)CCN(CCC(=O)OCCCCCCOC(=O)CCN(CCCCCC)CCCCCC)CCN1CCCC1,YY_2023,YY_2023,1
-0.5042739,0.7041658,CCCCCCCCN(CCCCCCCC)CCC(=O)OCCCCCCOC(=O)CCN(CCC(=O)OCCCCCCOC(=O)CCN(CCCCCCCC)CCCCCCCC)CCN1CCCC1,YY_2023,YY_2023,1
-0.5833531,2.200518126,CCCCCCCCCCN(CCCCCCCCCC)CCC(=O)OCCCCCCOC(=O)CCN(CCC(=O)OCCCCCCOC(=O)CCN(CCCCCCCCCC)CCCCCCCCCC)CCN1CCCC1,YY_2023,YY_2023,2
-2.7237682,-0.792186525,CCCCCCCCN(C)CCC(=O)OCCCCCCOC(=O)CCN(CCCn1ccnc1)CCC(=O)OCCCCCCOC(=O)CCN(C)CCCCCCCC,YY_2023,YY_2023,0
-1.8629612,-0.044010363,CCCCCCCCCCCCN(C)CCC(=O)OCCCCCCOC(=O)CCN(CCCn1ccnc1)CCC(=O)OCCCCCCOC(=O)CCN(C)CCCCCCCCCCCC,YY_2023,YY_2023,1
-1.373473,-0.792186525,CCCCCCCCCCCCCCCCCCN(C)CCC(=O)OCCCCCCOC(=O)CCN(CCCn1ccnc1)CCC(=O)OCCCCCCOC(=O)CCN(C)CCCCCCCCCCCCCCCCCC,YY_2023,YY_2023,0
-2.932473,-0.792186525,CCCCN(CCCC)CCC(=O)OCCCCCCOC(=O)CCN(CCCn1ccnc1)CCC(=O)OCCCCCCOC(=O)CCN(CCCC)CCCC,YY_2023,YY_2023,0
-1.9356937,-0.792186525,CCCCCCN(CCCCCC)CCC(=O)OCCCCCCOC(=O)CCN(CCCn1ccnc1)CCC(=O)OCCCCCCOC(=O)CCN(CCCCCC)CCCCCC,YY_2023,YY_2023,0
-1.9749755,-0.044010363,CCCCCCCCN(CCCCCCCC)CCC(=O)OCCCCCCOC(=O)CCN(CCCn1ccnc1)CCC(=O)OCCCCCCOC(=O)CCN(CCCCCCCC)CCCCCCCC,YY_2023,YY_2023,1
-1.8998019,-0.044010363,CCCCCCCCCCN(CCCCCCCCCC)CCC(=O)OCCCCCCOC(=O)CCN(CCCn1ccnc1)CCC(=O)OCCCCCCOC(=O)CCN(CCCCCCCCCC)CCCCCCCCCC,YY_2023,YY_2023,1
-3.207101,-0.044010363,CCCCCCCCN(C)CCC(=O)OCCCCCCOC(=O)CCN(CCC(=O)OCCCCCCOC(=O)CCN(C)CCCCCCCC)CCC1CCCN1C,YY_2023,YY_2023,1
-1.1304958,0.7041658,CCCCCCCCCCCCN(C)CCC(=O)OCCCCCCOC(=O)CCN(CCC(=O)OCCCCCCOC(=O)CCN(C)CCCCCCCCCCCC)CCC1CCCN1C,YY_2023,YY_2023,1
-1.611941,-0.792186525,CCCCCCCCCCCCCCCCCCN(C)CCC(=O)OCCCCCCOC(=O)CCN(CCC(=O)OCCCCCCOC(=O)CCN(C)CCCCCCCCCCCCCCCCCC)CCC1CCCN1C,YY_2023,YY_2023,0
-3.313314,-0.792186525,CCCCN(CCCC)CCC(=O)OCCCCCCOC(=O)CCN(CCC(=O)OCCCCCCOC(=O)CCN(CCCC)CCCC)CCC1CCCN1C,YY_2023,YY_2023,0
-2.7215335,-0.044010363,CCCCCCN(CCCCCC)CCC(=O)OCCCCCCOC(=O)CCN(CCC(=O)OCCCCCCOC(=O)CCN(CCCCCC)CCCCCC)CCC1CCCN1C,YY_2023,YY_2023,1
-1.3271561,2.948694289,CCCCCCCCN(CCCCCCCC)CCC(=O)OCCCCCCOC(=O)CCN(CCC(=O)OCCCCCCOC(=O)CCN(CCCCCCCC)CCCCCCCC)CCC1CCCN1C,YY_2023,YY_2023,3
-1.685871,-0.044010363,CCCCCCCCCCN(CCCCCCCCCC)CCC(=O)OCCCCCCOC(=O)CCN(CCC(=O)OCCCCCCOC(=O)CCN(CCCCCCCCCC)CCCCCCCCCC)CCC1CCCN1C,YY_2023,YY_2023,1
-4.6975474,-0.792186525,CCCCCCCCN(C)CCC(=O)OCCCCCCOC(=O)CCN(CCC(=O)OCCCCCCOC(=O)CCN(C)CCCCCCCC)CCN1CCOCC1,YY_2023,YY_2023,0
-1.7280393,-0.044010363,CCCCCCCCCCCCN(C)CCC(=O)OCCCCCCOC(=O)CCN(CCC(=O)OCCCCCCOC(=O)CCN(C)CCCCCCCCCCCC)CCN1CCOCC1,YY_2023,YY_2023,1
-0.64549,-0.792186525,CCCCCCCCCCCCCCCCCCN(C)CCC(=O)OCCCCCCOC(=O)CCN(CCC(=O)OCCCCCCOC(=O)CCN(C)CCCCCCCCCCCCCCCCCC)CCN1CCOCC1,YY_2023,YY_2023,0
-4.2504697,-0.792186525,CCCCN(CCCC)CCC(=O)OCCCCCCOC(=O)CCN(CCC(=O)OCCCCCCOC(=O)CCN(CCCC)CCCC)CCN1CCOCC1,YY_2023,YY_2023,0
-3.5511189,-0.044010363,CCCCCCN(CCCCCC)CCC(=O)OCCCCCCOC(=O)CCN(CCC(=O)OCCCCCCOC(=O)CCN(CCCCCC)CCCCCC)CCN1CCOCC1,YY_2023,YY_2023,1
-2.0793731,0.7041658,CCCCCCCCN(CCCCCCCC)CCC(=O)OCCCCCCOC(=O)CCN(CCC(=O)OCCCCCCOC(=O)CCN(CCCCCCCC)CCCCCCCC)CCN1CCOCC1,YY_2023,YY_2023,1
-2.0951183,-0.044010363,CCCCCCCCCCN(CCCCCCCCCC)CCC(=O)OCCCCCCOC(=O)CCN(CCC(=O)OCCCCCCOC(=O)CCN(CCCCCCCCCC)CCCCCCCCCC)CCN1CCOCC1,YY_2023,YY_2023,1
-1.2991803,-0.044010363,CCCCCCCCN(C)CCC(=O)OCCCCCCOC(=O)CCN(CCC(=O)OCCCCCCOC(=O)CCN(C)CCCCCCCC)CCN1CCN(CCC(=O)OCCCCCCOC(=O)CCN(C)CCCCCCCC)CC1,YY_2023,YY_2023,1
-1.1353465,1.452341963,CCCCCCCCCCCCN(C)CCC(=O)OCCCCCCOC(=O)CCN(CCC(=O)OCCCCCCOC(=O)CCN(C)CCCCCCCCCCCC)CCN1CCN(CCC(=O)OCCCCCCOC(=O)CCN(C)CCCCCCCCCCCC)CC1,YY_2023,YY_2023,2
-1.0208232,-0.792186525,CCCCCCCCCCCCCCCCCCN(C)CCC(=O)OCCCCCCOC(=O)CCN(CCC(=O)OCCCCCCOC(=O)CCN(C)CCCCCCCCCCCCCCCCCC)CCN1CCN(CCC(=O)OCCCCCCOC(=O)CCN(C)CCCCCCCCCCCCCCCCCC)CC1,YY_2023,YY_2023,0
-1.3589518,-0.792186525,CCCCN(CCCC)CCC(=O)OCCCCCCOC(=O)CCN(CCC(=O)OCCCCCCOC(=O)CCN(CCCC)CCCC)CCN1CCN(CCC(=O)OCCCCCCOC(=O)CCN(CCCC)CCCC)CC1,YY_2023,YY_2023,0
-1.8312635,0.7041658,CCCCCCN(CCCCCC)CCC(=O)OCCCCCCOC(=O)CCN(CCC(=O)OCCCCCCOC(=O)CCN(CCCCCC)CCCCCC)CCN1CCN(CCC(=O)OCCCCCCOC(=O)CCN(CCCCCC)CCCCCC)CC1,YY_2023,YY_2023,1
-1.3367412,1.452341963,CCCCCCCCN(CCCCCCCC)CCC(=O)OCCCCCCOC(=O)CCN(CCC(=O)OCCCCCCOC(=O)CCN(CCCCCCCC)CCCCCCCC)CCN1CCN(CCC(=O)OCCCCCCOC(=O)CCN(CCCCCCCC)CCCCCCCC)CC1,YY_2023,YY_2023,2
-1.2784524,-0.044010363,CCCCCCCCCCN(CCCCCCCCCC)CCC(=O)OCCCCCCOC(=O)CCN(CCC(=O)OCCCCCCOC(=O)CCN(CCCCCCCCCC)CCCCCCCCCC)CCN1CCN(CCC(=O)OCCCCCCOC(=O)CCN(CCCCCCCCCC)CCCCCCCCCC)CC1,YY_2023,YY_2023,1
-0.9722974,2.200518126,CCCCCCCCN(C)CCC(=O)OCCCCCCOC(=O)CCN(CCCN(C)C)CCCN(CCC(=O)OCCCCCCOC(=O)CCN(C)CCCCCCCC)CCC(=O)OCCCCCCOC(=O)CCN(C)CCCCCCCC,YY_2023,YY_2023,2
-1.1756105,-0.044010363,CCCCCCCCCCCCN(C)CCC(=O)OCCCCCCOC(=O)CCN(CCCN(C)C)CCCN(CCC(=O)OCCCCCCOC(=O)CCN(C)CCCCCCCCCCCC)CCC(=O)OCCCCCCOC(=O)CCN(C)CCCCCCCCCCCC,YY_2023,YY_2023,1
-1.7437892,-0.044010363,CCCCCCCCCCCCCCCCCCN(C)CCC(=O)OCCCCCCOC(=O)CCN(CCCN(C)C)CCCN(CCC(=O)OCCCCCCOC(=O)CCN(C)CCCCCCCCCCCCCCCCCC)CCC(=O)OCCCCCCOC(=O)CCN(C)CCCCCCCCCCCCCCCCCC,YY_2023,YY_2023,1
-1.9743688,-0.792186525,CCCCN(CCCC)CCC(=O)OCCCCCCOC(=O)CCN(CCCN(C)C)CCCN(CCC(=O)OCCCCCCOC(=O)CCN(CCCC)CCCC)CCC(=O)OCCCCCCOC(=O)CCN(CCCC)CCCC,YY_2023,YY_2023,0
-2.0006342,-0.044010363,CCCCCCN(CCCCCC)CCC(=O)OCCCCCCOC(=O)CCN(CCCN(C)C)CCCN(CCC(=O)OCCCCCCOC(=O)CCN(CCCCCC)CCCCCC)CCC(=O)OCCCCCCOC(=O)CCN(CCCCCC)CCCCCC,YY_2023,YY_2023,1
-1.8442442,-0.044010363,CCCCCCCCN(CCCCCCCC)CCC(=O)OCCCCCCOC(=O)CCN(CCCN(C)C)CCCN(CCC(=O)OCCCCCCOC(=O)CCN(CCCCCCCC)CCCCCCCC)CCC(=O)OCCCCCCOC(=O)CCN(CCCCCCCC)CCCCCCCC,YY_2023,YY_2023,1
-1.7950119,-0.044010363,CCCCCCCCCCN(CCCCCCCCCC)CCC(=O)OCCCCCCOC(=O)CCN(CCCN(C)C)CCCN(CCC(=O)OCCCCCCOC(=O)CCN(CCCCCCCCCC)CCCCCCCCCC)CCC(=O)OCCCCCCOC(=O)CCN(CCCCCCCCCC)CCCCCCCCCC,YY_2023,YY_2023,1
-0.65232956,-0.044010363,CCCCCCCCN(C)CCC(=O)OCCCCCCOC(=O)CCN(CCCN(CCC(=O)OCCCCCCOC(=O)CCN(C)CCCCCCCC)CCC(=O)OCCCCCCOC(=O)CCN(C)CCCCCCCC)CCC(=O)OCCCCCCOC(=O)CCN(C)CCCCCCCC,YY_2023,YY_2023,1
-1.008974,2.200518126,CCCCCCCCCCCCN(C)CCC(=O)OCCCCCCOC(=O)CCN(CCCN(CCC(=O)OCCCCCCOC(=O)CCN(C)CCCCCCCCCCCC)CCC(=O)OCCCCCCOC(=O)CCN(C)CCCCCCCCCCCC)CCC(=O)OCCCCCCOC(=O)CCN(C)CCCCCCCCCCCC,YY_2023,YY_2023,2
-1.2287809,-0.792186525,CCCCCCCCCCCCCCCCCCN(C)CCC(=O)OCCCCCCOC(=O)CCN(CCCN(CCC(=O)OCCCCCCOC(=O)CCN(C)CCCCCCCCCCCCCCCCCC)CCC(=O)OCCCCCCOC(=O)CCN(C)CCCCCCCCCCCCCCCCCC)CCC(=O)OCCCCCCOC(=O)CCN(C)CCCCCCCCCCCCCCCCCC,YY_2023,YY_2023,0
-2.116675,-0.792186525,CCCCN(CCCC)CCC(=O)OCCCCCCOC(=O)CCN(CCCN(CCC(=O)OCCCCCCOC(=O)CCN(CCCC)CCCC)CCC(=O)OCCCCCCOC(=O)CCN(CCCC)CCCC)CCC(=O)OCCCCCCOC(=O)CCN(CCCC)CCCC,YY_2023,YY_2023,0
-2.9372358,-0.044010363,CCCCCCN(CCCCCC)CCC(=O)OCCCCCCOC(=O)CCN(CCCN(CCC(=O)OCCCCCCOC(=O)CCN(CCCCCC)CCCCCC)CCC(=O)OCCCCCCOC(=O)CCN(CCCCCC)CCCCCC)CCC(=O)OCCCCCCOC(=O)CCN(CCCCCC)CCCCCC,YY_2023,YY_2023,1
-1.8879492,-0.044010363,CCCCCCCCN(CCCCCCCC)CCC(=O)OCCCCCCOC(=O)CCN(CCCN(CCC(=O)OCCCCCCOC(=O)CCN(CCCCCCCC)CCCCCCCC)CCC(=O)OCCCCCCOC(=O)CCN(CCCCCCCC)CCCCCCCC)CCC(=O)OCCCCCCOC(=O)CCN(CCCCCCCC)CCCCCCCC,YY_2023,YY_2023,1
-2.1900408,-0.044010363,CCCCCCCCCCN(CCCCCCCCCC)CCC(=O)OCCCCCCOC(=O)CCN(CCCN(CCC(=O)OCCCCCCOC(=O)CCN(CCCCCCCCCC)CCCCCCCCCC)CCC(=O)OCCCCCCOC(=O)CCN(CCCCCCCCCC)CCCCCCCCCC)CCC(=O)OCCCCCCOC(=O)CCN(CCCCCCCCCC)CCCCCCCCCC,YY_2023,YY_2023,1
-0.8448776,-0.792186525,CCCCCCCCN(C)CCC(=O)OCCCCCCOC(=O)CCN(CCCN(C)CCCN(CCC(=O)OCCCCCCOC(=O)CCN(C)CCCCCCCC)CCC(=O)OCCCCCCOC(=O)CCN(C)CCCCCCCC)CCC(=O)OCCCCCCOC(=O)CCN(C)CCCCCCCC,YY_2023,YY_2023,0
-1.2411891,2.948694289,CCCCCCCCCCCCN(C)CCC(=O)OCCCCCCOC(=O)CCN(CCCN(C)CCCN(CCC(=O)OCCCCCCOC(=O)CCN(C)CCCCCCCCCCCC)CCC(=O)OCCCCCCOC(=O)CCN(C)CCCCCCCCCCCC)CCC(=O)OCCCCCCOC(=O)CCN(C)CCCCCCCCCCCC,YY_2023,YY_2023,3
-1.8919947,-0.792186525,CCCCCCCCCCCCCCCCCCN(C)CCC(=O)OCCCCCCOC(=O)CCN(CCCN(C)CCCN(CCC(=O)OCCCCCCOC(=O)CCN(C)CCCCCCCCCCCCCCCCCC)CCC(=O)OCCCCCCOC(=O)CCN(C)CCCCCCCCCCCCCCCCCC)CCC(=O)OCCCCCCOC(=O)CCN(C)CCCCCCCCCCCCCCCCCC,YY_2023,YY_2023,0
-2.1789458,-0.792186525,CCCCN(CCCC)CCC(=O)OCCCCCCOC(=O)CCN(CCCN(C)CCCN(CCC(=O)OCCCCCCOC(=O)CCN(CCCC)CCCC)CCC(=O)OCCCCCCOC(=O)CCN(CCCC)CCCC)CCC(=O)OCCCCCCOC(=O)CCN(CCCC)CCCC,YY_2023,YY_2023,0
-2.0179863,-0.044010363,CCCCCCN(CCCCCC)CCC(=O)OCCCCCCOC(=O)CCN(CCCN(C)CCCN(CCC(=O)OCCCCCCOC(=O)CCN(CCCCCC)CCCCCC)CCC(=O)OCCCCCCOC(=O)CCN(CCCCCC)CCCCCC)CCC(=O)OCCCCCCOC(=O)CCN(CCCCCC)CCCCCC,YY_2023,YY_2023,1
-1.4469489,2.948694289,CCCCCCCCN(CCCCCCCC)CCC(=O)OCCCCCCOC(=O)CCN(CCCN(C)CCCN(CCC(=O)OCCCCCCOC(=O)CCN(CCCCCCCC)CCCCCCCC)CCC(=O)OCCCCCCOC(=O)CCN(CCCCCCCC)CCCCCCCC)CCC(=O)OCCCCCCOC(=O)CCN(CCCCCCCC)CCCCCCCC,YY_2023,YY_2023,3
-1.6670498,-0.044010363,CCCCCCCCCCN(CCCCCCCCCC)CCC(=O)OCCCCCCOC(=O)CCN(CCCN(C)CCCN(CCC(=O)OCCCCCCOC(=O)CCN(CCCCCCCCCC)CCCCCCCCCC)CCC(=O)OCCCCCCOC(=O)CCN(CCCCCCCCCC)CCCCCCCCCC)CCC(=O)OCCCCCCOC(=O)CCN(CCCCCCCCCC)CCCCCCCCCC,YY_2023,YY_2023,1
-1.2863922,-0.044010363,CCCCCCCCN(C)CCC(=O)OCCCCCCOC(=O)CCN(CCOCCOCCN(CCC(=O)OCCCCCCOC(=O)CCN(C)CCCCCCCC)CCC(=O)OCCCCCCOC(=O)CCN(C)CCCCCCCC)CCC(=O)OCCCCCCOC(=O)CCN(C)CCCCCCCC,YY_2023,YY_2023,1
-1.6988163,-0.044010363,CCCCCCCCCCCCN(C)CCC(=O)OCCCCCCOC(=O)CCN(CCOCCOCCN(CCC(=O)OCCCCCCOC(=O)CCN(C)CCCCCCCCCCCC)CCC(=O)OCCCCCCOC(=O)CCN(C)CCCCCCCCCCCC)CCC(=O)OCCCCCCOC(=O)CCN(C)CCCCCCCCCCCC,YY_2023,YY_2023,1
-1.9841098,-0.044010363,CCCCCCCCCCCCCCCCCCN(C)CCC(=O)OCCCCCCOC(=O)CCN(CCOCCOCCN(CCC(=O)OCCCCCCOC(=O)CCN(C)CCCCCCCCCCCCCCCCCC)CCC(=O)OCCCCCCOC(=O)CCN(C)CCCCCCCCCCCCCCCCCC)CCC(=O)OCCCCCCOC(=O)CCN(C)CCCCCCCCCCCCCCCCCC,YY_2023,YY_2023,1
-2.8252976,-0.792186525,CCCCN(CCCC)CCC(=O)OCCCCCCOC(=O)CCN(CCOCCOCCN(CCC(=O)OCCCCCCOC(=O)CCN(CCCC)CCCC)CCC(=O)OCCCCCCOC(=O)CCN(CCCC)CCCC)CCC(=O)OCCCCCCOC(=O)CCN(CCCC)CCCC,YY_2023,YY_2023,0
-3.057093,2.948694289,CCCCCCN(CCCCCC)CCC(=O)OCCCCCCOC(=O)CCN(CCOCCOCCN(CCC(=O)OCCCCCCOC(=O)CCN(CCCCCC)CCCCCC)CCC(=O)OCCCCCCOC(=O)CCN(CCCCCC)CCCCCC)CCC(=O)OCCCCCCOC(=O)CCN(CCCCCC)CCCCCC,YY_2023,YY_2023,3
-2.3174574,2.200518126,CCCCCCCCN(CCCCCCCC)CCC(=O)OCCCCCCOC(=O)CCN(CCOCCOCCN(CCC(=O)OCCCCCCOC(=O)CCN(CCCCCCCC)CCCCCCCC)CCC(=O)OCCCCCCOC(=O)CCN(CCCCCCCC)CCCCCCCC)CCC(=O)OCCCCCCOC(=O)CCN(CCCCCCCC)CCCCCCCC,YY_2023,YY_2023,2
-1.9875453,0.7041658,CCCCCCCCCCN(CCCCCCCCCC)CCC(=O)OCCCCCCOC(=O)CCN(CCOCCOCCN(CCC(=O)OCCCCCCOC(=O)CCN(CCCCCCCCCC)CCCCCCCCCC)CCC(=O)OCCCCCCOC(=O)CCN(CCCCCCCCCC)CCCCCCCCCC)CCC(=O)OCCCCCCOC(=O)CCN(CCCCCCCCCC)CCCCCCCCCC,YY_2023,YY_2023,1
-1.0796069,-0.792186525,CCCCCCCCN(C)CCC(=O)OCCCCCCOC(=O)CCN(CCCN1CCN(CCCN(CCC(=O)OCCCCCCOC(=O)CCN(C)CCCCCCCC)CCC(=O)OCCCCCCOC(=O)CCN(C)CCCCCCCC)CC1)CCC(=O)OCCCCCCOC(=O)CCN(C)CCCCCCCC,YY_2023,YY_2023,0
-1.1162814,0.7041658,CCCCCCCCCCCCN(C)CCC(=O)OCCCCCCOC(=O)CCN(CCCN1CCN(CCCN(CCC(=O)OCCCCCCOC(=O)CCN(C)CCCCCCCCCCCC)CCC(=O)OCCCCCCOC(=O)CCN(C)CCCCCCCCCCCC)CC1)CCC(=O)OCCCCCCOC(=O)CCN(C)CCCCCCCCCCCC,YY_2023,YY_2023,1
-1.1975619,-0.044010363,CCCCCCCCCCCCCCCCCCN(C)CCC(=O)OCCCCCCOC(=O)CCN(CCCN1CCN(CCCN(CCC(=O)OCCCCCCOC(=O)CCN(C)CCCCCCCCCCCCCCCCCC)CCC(=O)OCCCCCCOC(=O)CCN(C)CCCCCCCCCCCCCCCCCC)CC1)CCC(=O)OCCCCCCOC(=O)CCN(C)CCCCCCCCCCCCCCCCCC,YY_2023,YY_2023,1
-1.1866692,-0.792186525,CCCCN(CCCC)CCC(=O)OCCCCCCOC(=O)CCN(CCCN1CCN(CCCN(CCC(=O)OCCCCCCOC(=O)CCN(CCCC)CCCC)CCC(=O)OCCCCCCOC(=O)CCN(CCCC)CCCC)CC1)CCC(=O)OCCCCCCOC(=O)CCN(CCCC)CCCC,YY_2023,YY_2023,0
-1.6488289,1.452341963,CCCCCCN(CCCCCC)CCC(=O)OCCCCCCOC(=O)CCN(CCCN1CCN(CCCN(CCC(=O)OCCCCCCOC(=O)CCN(CCCCCC)CCCCCC)CCC(=O)OCCCCCCOC(=O)CCN(CCCCCC)CCCCCC)CC1)CCC(=O)OCCCCCCOC(=O)CCN(CCCCCC)CCCCCC,YY_2023,YY_2023,2
-1.3270478,2.948694289,CCCCCCCCN(CCCCCCCC)CCC(=O)OCCCCCCOC(=O)CCN(CCCN1CCN(CCCN(CCC(=O)OCCCCCCOC(=O)CCN(CCCCCCCC)CCCCCCCC)CCC(=O)OCCCCCCOC(=O)CCN(CCCCCCCC)CCCCCCCC)CC1)CCC(=O)OCCCCCCOC(=O)CCN(CCCCCCCC)CCCCCCCC,YY_2023,YY_2023,3
-0.677038,-0.044010363,CCCCCCCCCCN(CCCCCCCCCC)CCC(=O)OCCCCCCOC(=O)CCN(CCCN1CCN(CCCN(CCC(=O)OCCCCCCOC(=O)CCN(CCCCCCCCCC)CCCCCCCCCC)CCC(=O)OCCCCCCOC(=O)CCN(CCCCCCCCCC)CCCCCCCCCC)CC1)CCC(=O)OCCCCCCOC(=O)CCN(CCCCCCCCCC)CCCCCCCCCC,YY_2023,YY_2023,1
-1.0612285,-0.044010363,CCCCCCCCN(C)CCC(=O)OCCCCCCOC(=O)CCN(CCCN(CCC(=O)OCCCCCCOC(=O)CCN(C)CCCCCCCC)CCC(=O)OCCCCCCOC(=O)CCN(C)CCCCCCCC)CCCN(CCC(=O)OCCCCCCOC(=O)CCN(C)CCCCCCCC)CCC(=O)OCCCCCCOC(=O)CCN(C)CCCCCCCC,YY_2023,YY_2023,1
-1.024575,-0.044010363,CCCCCCCCCCCCN(C)CCC(=O)OCCCCCCOC(=O)CCN(CCCN(CCC(=O)OCCCCCCOC(=O)CCN(C)CCCCCCCCCCCC)CCC(=O)OCCCCCCOC(=O)CCN(C)CCCCCCCCCCCC)CCCN(CCC(=O)OCCCCCCOC(=O)CCN(C)CCCCCCCCCCCC)CCC(=O)OCCCCCCOC(=O)CCN(C)CCCCCCCCCCCC,YY_2023,YY_2023,1
-1.7100852,0.7041658,CCCCCCCCCCCCCCCCCCN(C)CCC(=O)OCCCCCCOC(=O)CCN(CCCN(CCC(=O)OCCCCCCOC(=O)CCN(C)CCCCCCCCCCCCCCCCCC)CCC(=O)OCCCCCCOC(=O)CCN(C)CCCCCCCCCCCCCCCCCC)CCCN(CCC(=O)OCCCCCCOC(=O)CCN(C)CCCCCCCCCCCCCCCCCC)CCC(=O)OCCCCCCOC(=O)CCN(C)CCCCCCCCCCCCCCCCCC,YY_2023,YY_2023,1
-2.6239023,-0.792186525,CCCCN(CCCC)CCC(=O)OCCCCCCOC(=O)CCN(CCCN(CCC(=O)OCCCCCCOC(=O)CCN(CCCC)CCCC)CCC(=O)OCCCCCCOC(=O)CCN(CCCC)CCCC)CCCN(CCC(=O)OCCCCCCOC(=O)CCN(CCCC)CCCC)CCC(=O)OCCCCCCOC(=O)CCN(CCCC)CCCC,YY_2023,YY_2023,0
-2.4391556,-0.792186525,CCCCCCN(CCCCCC)CCC(=O)OCCCCCCOC(=O)CCN(CCCN(CCC(=O)OCCCCCCOC(=O)CCN(CCCCCC)CCCCCC)CCC(=O)OCCCCCCOC(=O)CCN(CCCCCC)CCCCCC)CCCN(CCC(=O)OCCCCCCOC(=O)CCN(CCCCCC)CCCCCC)CCC(=O)OCCCCCCOC(=O)CCN(CCCCCC)CCCCCC,YY_2023,YY_2023,0
-2.6637502,-0.792186525,CCCCCCCCN(CCCCCCCC)CCC(=O)OCCCCCCOC(=O)CCN(CCCN(CCC(=O)OCCCCCCOC(=O)CCN(CCCCCCCC)CCCCCCCC)CCC(=O)OCCCCCCOC(=O)CCN(CCCCCCCC)CCCCCCCC)CCCN(CCC(=O)OCCCCCCOC(=O)CCN(CCCCCCCC)CCCCCCCC)CCC(=O)OCCCCCCOC(=O)CCN(CCCCCCCC)CCCCCCCC,YY_2023,YY_2023,0
-3.1252606,-0.792186525,CCCCCCCCCCN(CCCCCCCCCC)CCC(=O)OCCCCCCOC(=O)CCN(CCCN(CCC(=O)OCCCCCCOC(=O)CCN(CCCCCCCCCC)CCCCCCCCCC)CCC(=O)OCCCCCCOC(=O)CCN(CCCCCCCCCC)CCCCCCCCCC)CCCN(CCC(=O)OCCCCCCOC(=O)CCN(CCCCCCCCCC)CCCCCCCCCC)CCC(=O)OCCCCCCOC(=O)CCN(CCCCCCCCCC)CCCCCCCCCC,YY_2023,YY_2023,0
-2.207829,-0.044010363,CCCCCCCCN(C)CCC(=O)OCCCCCCOC(=O)CCN(CCC(=O)OCCCCCCOC(=O)CCN(C)CCCCCCCC)CCN(CCN(CCC(=O)OCCCCCCOC(=O)CCN(C)CCCCCCCC)CCC(=O)OCCCCCCOC(=O)CCN(C)CCCCCCCC)CCN(CCC(=O)OCCCCCCOC(=O)CCN(C)CCCCCCCC)CCC(=O)OCCCCCCOC(=O)CCN(C)CCCCCCCC,YY_2023,YY_2023,1
-1.7045918,-0.044010363,CCCCCCCCCCCCN(C)CCC(=O)OCCCCCCOC(=O)CCN(CCC(=O)OCCCCCCOC(=O)CCN(C)CCCCCCCCCCCC)CCN(CCN(CCC(=O)OCCCCCCOC(=O)CCN(C)CCCCCCCCCCCC)CCC(=O)OCCCCCCOC(=O)CCN(C)CCCCCCCCCCCC)CCN(CCC(=O)OCCCCCCOC(=O)CCN(C)CCCCCCCCCCCC)CCC(=O)OCCCCCCOC(=O)CCN(C)CCCCCCCCCCCC,YY_2023,YY_2023,1
-3.07838,-0.792186525,CCCCCCCCCCCCCCCCCCN(C)CCC(=O)OCCCCCCOC(=O)CCN(CCC(=O)OCCCCCCOC(=O)CCN(C)CCCCCCCCCCCCCCCCCC)CCN(CCN(CCC(=O)OCCCCCCOC(=O)CCN(C)CCCCCCCCCCCCCCCCCC)CCC(=O)OCCCCCCOC(=O)CCN(C)CCCCCCCCCCCCCCCCCC)CCN(CCC(=O)OCCCCCCOC(=O)CCN(C)CCCCCCCCCCCCCCCCCC)CCC(=O)OCCCCCCOC(=O)CCN(C)CCCCCCCCCCCCCCCCCC,YY_2023,YY_2023,0
-2.7705562,-0.792186525,CCCCN(CCCC)CCC(=O)OCCCCCCOC(=O)CCN(CCC(=O)OCCCCCCOC(=O)CCN(CCCC)CCCC)CCN(CCN(CCC(=O)OCCCCCCOC(=O)CCN(CCCC)CCCC)CCC(=O)OCCCCCCOC(=O)CCN(CCCC)CCCC)CCN(CCC(=O)OCCCCCCOC(=O)CCN(CCCC)CCCC)CCC(=O)OCCCCCCOC(=O)CCN(CCCC)CCCC,YY_2023,YY_2023,0
-2.814624,-0.792186525,CCCCCCN(CCCCCC)CCC(=O)OCCCCCCOC(=O)CCN(CCC(=O)OCCCCCCOC(=O)CCN(CCCCCC)CCCCCC)CCN(CCN(CCC(=O)OCCCCCCOC(=O)CCN(CCCCCC)CCCCCC)CCC(=O)OCCCCCCOC(=O)CCN(CCCCCC)CCCCCC)CCN(CCC(=O)OCCCCCCOC(=O)CCN(CCCCCC)CCCCCC)CCC(=O)OCCCCCCOC(=O)CCN(CCCCCC)CCCCCC,YY_2023,YY_2023,0
-1.9325883,-0.792186525,CCCCCCCCN(CCCCCCCC)CCC(=O)OCCCCCCOC(=O)CCN(CCC(=O)OCCCCCCOC(=O)CCN(CCCCCCCC)CCCCCCCC)CCN(CCN(CCC(=O)OCCCCCCOC(=O)CCN(CCCCCCCC)CCCCCCCC)CCC(=O)OCCCCCCOC(=O)CCN(CCCCCCCC)CCCCCCCC)CCN(CCC(=O)OCCCCCCOC(=O)CCN(CCCCCCCC)CCCCCCCC)CCC(=O)OCCCCCCOC(=O)CCN(CCCCCCCC)CCCCCCCC,YY_2023,YY_2023,0
-2.9515836,-0.792186525,CCCCCCCCCCN(CCCCCCCCCC)CCC(=O)OCCCCCCOC(=O)CCN(CCC(=O)OCCCCCCOC(=O)CCN(CCCCCCCCCC)CCCCCCCCCC)CCN(CCN(CCC(=O)OCCCCCCOC(=O)CCN(CCCCCCCCCC)CCCCCCCCCC)CCC(=O)OCCCCCCOC(=O)CCN(CCCCCCCCCC)CCCCCCCCCC)CCN(CCC(=O)OCCCCCCOC(=O)CCN(CCCCCCCCCC)CCCCCCCCCC)CCC(=O)OCCCCCCOC(=O)CCN(CCCCCCCCCC)CCCCCCCCCC,YY_2023,YY_2023,0
-0.8326812,-0.044010363,CCCCCCCCN(C)CCC(=O)OCCCCCCOC(=O)CCN(CCCN(CCCN(CCC(=O)OCCCCCCOC(=O)CCN(C)CCCCCCCC)CCC(=O)OCCCCCCOC(=O)CCN(C)CCCCCCCC)CCC(=O)OCCCCCCOC(=O)CCN(C)CCCCCCCC)CCCN(CCC(=O)OCCCCCCOC(=O)CCN(C)CCCCCCCC)CCC(=O)OCCCCCCOC(=O)CCN(C)CCCCCCCC,YY_2023,YY_2023,1
-0.8500948,-0.044010363,CCCCCCCCCCCCN(C)CCC(=O)OCCCCCCOC(=O)CCN(CCCN(CCCN(CCC(=O)OCCCCCCOC(=O)CCN(C)CCCCCCCCCCCC)CCC(=O)OCCCCCCOC(=O)CCN(C)CCCCCCCCCCCC)CCC(=O)OCCCCCCOC(=O)CCN(C)CCCCCCCCCCCC)CCCN(CCC(=O)OCCCCCCOC(=O)CCN(C)CCCCCCCCCCCC)CCC(=O)OCCCCCCOC(=O)CCN(C)CCCCCCCCCCCC,YY_2023,YY_2023,1
-1.1636589,-0.792186525,CCCCCCCCCCCCCCCCCCN(C)CCC(=O)OCCCCCCOC(=O)CCN(CCCN(CCCN(CCC(=O)OCCCCCCOC(=O)CCN(C)CCCCCCCCCCCCCCCCCC)CCC(=O)OCCCCCCOC(=O)CCN(C)CCCCCCCCCCCCCCCCCC)CCC(=O)OCCCCCCOC(=O)CCN(C)CCCCCCCCCCCCCCCCCC)CCCN(CCC(=O)OCCCCCCOC(=O)CCN(C)CCCCCCCCCCCCCCCCCC)CCC(=O)OCCCCCCOC(=O)CCN(C)CCCCCCCCCCCCCCCCCC,YY_2023,YY_2023,0
-2.1765049,-0.792186525,CCCCN(CCCC)CCC(=O)OCCCCCCOC(=O)CCN(CCCN(CCCN(CCC(=O)OCCCCCCOC(=O)CCN(CCCC)CCCC)CCC(=O)OCCCCCCOC(=O)CCN(CCCC)CCCC)CCC(=O)OCCCCCCOC(=O)CCN(CCCC)CCCC)CCCN(CCC(=O)OCCCCCCOC(=O)CCN(CCCC)CCCC)CCC(=O)OCCCCCCOC(=O)CCN(CCCC)CCCC,YY_2023,YY_2023,0
-2.726881,-0.792186525,CCCCCCN(CCCCCC)CCC(=O)OCCCCCCOC(=O)CCN(CCCN(CCCN(CCC(=O)OCCCCCCOC(=O)CCN(CCCCCC)CCCCCC)CCC(=O)OCCCCCCOC(=O)CCN(CCCCCC)CCCCCC)CCC(=O)OCCCCCCOC(=O)CCN(CCCCCC)CCCCCC)CCCN(CCC(=O)OCCCCCCOC(=O)CCN(CCCCCC)CCCCCC)CCC(=O)OCCCCCCOC(=O)CCN(CCCCCC)CCCCCC,YY_2023,YY_2023,0
-2.5133617,-0.792186525,CCCCCCCCN(CCCCCCCC)CCC(=O)OCCCCCCOC(=O)CCN(CCCN(CCCN(CCC(=O)OCCCCCCOC(=O)CCN(CCCCCCCC)CCCCCCCC)CCC(=O)OCCCCCCOC(=O)CCN(CCCCCCCC)CCCCCCCC)CCC(=O)OCCCCCCOC(=O)CCN(CCCCCCCC)CCCCCCCC)CCCN(CCC(=O)OCCCCCCOC(=O)CCN(CCCCCCCC)CCCCCCCC)CCC(=O)OCCCCCCOC(=O)CCN(CCCCCCCC)CCCCCCCC,YY_2023,YY_2023,0
-2.8234022,-0.792186525,CCCCCCCCCCN(CCCCCCCCCC)CCC(=O)OCCCCCCOC(=O)CCN(CCCN(CCCN(CCC(=O)OCCCCCCOC(=O)CCN(CCCCCCCCCC)CCCCCCCCCC)CCC(=O)OCCCCCCOC(=O)CCN(CCCCCCCCCC)CCCCCCCCCC)CCC(=O)OCCCCCCOC(=O)CCN(CCCCCCCCCC)CCCCCCCCCC)CCCN(CCC(=O)OCCCCCCOC(=O)CCN(CCCCCCCCCC)CCCCCCCCCC)CCC(=O)OCCCCCCOC(=O)CCN(CCCCCCCCCC)CCCCCCCCCC,YY_2023,YY_2023,0
-1.9816201,-0.044010363,CCCCCCCCN(C)CCC(=O)OCCCCCCOC(=O)CCN(CCC(=O)OCCCCCCOC(=O)CCN(C)CCCCCCCC)CCN(CCC(=O)OCCCCCCOC(=O)CCN(C)CCCCCCCC)CCN(CCC(=O)OCCCCCCOC(=O)CCN(C)CCCCCCCC)CCN(CCC(=O)OCCCCCCOC(=O)CCN(C)CCCCCCCC)CCN(CCC(=O)OCCCCCCOC(=O)CCN(C)CCCCCCCC)CCC(=O)OCCCCCCOC(=O)CCN(C)CCCCCCCC,YY_2023,YY_2023,1
-1.8093691,-0.044010363,CCCCCCCCCCCCN(C)CCC(=O)OCCCCCCOC(=O)CCN(CCC(=O)OCCCCCCOC(=O)CCN(C)CCCCCCCCCCCC)CCN(CCC(=O)OCCCCCCOC(=O)CCN(C)CCCCCCCCCCCC)CCN(CCC(=O)OCCCCCCOC(=O)CCN(C)CCCCCCCCCCCC)CCN(CCC(=O)OCCCCCCOC(=O)CCN(C)CCCCCCCCCCCC)CCN(CCC(=O)OCCCCCCOC(=O)CCN(C)CCCCCCCCCCCC)CCC(=O)OCCCCCCOC(=O)CCN(C)CCCCCCCCCCCC,YY_2023,YY_2023,1
-2.8281221,-0.792186525,CCCCCCCCCCCCCCCCCCN(C)CCC(=O)OCCCCCCOC(=O)CCN(CCC(=O)OCCCCCCOC(=O)CCN(C)CCCCCCCCCCCCCCCCCC)CCN(CCC(=O)OCCCCCCOC(=O)CCN(C)CCCCCCCCCCCCCCCCCC)CCN(CCC(=O)OCCCCCCOC(=O)CCN(C)CCCCCCCCCCCCCCCCCC)CCN(CCC(=O)OCCCCCCOC(=O)CCN(C)CCCCCCCCCCCCCCCCCC)CCN(CCC(=O)OCCCCCCOC(=O)CCN(C)CCCCCCCCCCCCCCCCCC)CCC(=O)OCCCCCCOC(=O)CCN(C)CCCCCCCCCCCCCCCCCC,YY_2023,YY_2023,0
-2.8147402,-0.792186525,CCCCN(CCCC)CCC(=O)OCCCCCCOC(=O)CCN(CCC(=O)OCCCCCCOC(=O)CCN(CCCC)CCCC)CCN(CCC(=O)OCCCCCCOC(=O)CCN(CCCC)CCCC)CCN(CCC(=O)OCCCCCCOC(=O)CCN(CCCC)CCCC)CCN(CCC(=O)OCCCCCCOC(=O)CCN(CCCC)CCCC)CCN(CCC(=O)OCCCCCCOC(=O)CCN(CCCC)CCCC)CCC(=O)OCCCCCCOC(=O)CCN(CCCC)CCCC,YY_2023,YY_2023,0
-2.440702,-0.792186525,CCCCCCN(CCCCCC)CCC(=O)OCCCCCCOC(=O)CCN(CCC(=O)OCCCCCCOC(=O)CCN(CCCCCC)CCCCCC)CCN(CCC(=O)OCCCCCCOC(=O)CCN(CCCCCC)CCCCCC)CCN(CCC(=O)OCCCCCCOC(=O)CCN(CCCCCC)CCCCCC)CCN(CCC(=O)OCCCCCCOC(=O)CCN(CCCCCC)CCCCCC)CCN(CCC(=O)OCCCCCCOC(=O)CCN(CCCCCC)CCCCCC)CCC(=O)OCCCCCCOC(=O)CCN(CCCCCC)CCCCCC,YY_2023,YY_2023,0
-2.1970673,-0.792186525,CCCCCCCCN(CCCCCCCC)CCC(=O)OCCCCCCOC(=O)CCN(CCC(=O)OCCCCCCOC(=O)CCN(CCCCCCCC)CCCCCCCC)CCN(CCC(=O)OCCCCCCOC(=O)CCN(CCCCCCCC)CCCCCCCC)CCN(CCC(=O)OCCCCCCOC(=O)CCN(CCCCCCCC)CCCCCCCC)CCN(CCC(=O)OCCCCCCOC(=O)CCN(CCCCCCCC)CCCCCCCC)CCN(CCC(=O)OCCCCCCOC(=O)CCN(CCCCCCCC)CCCCCCCC)CCC(=O)OCCCCCCOC(=O)CCN(CCCCCCCC)CCCCCCCC,YY_2023,YY_2023,0
-2.8584359,-0.792186525,CCCCCCCCCCN(CCCCCCCCCC)CCC(=O)OCCCCCCOC(=O)CCN(CCC(=O)OCCCCCCOC(=O)CCN(CCCCCCCCCC)CCCCCCCCCC)CCN(CCC(=O)OCCCCCCOC(=O)CCN(CCCCCCCCCC)CCCCCCCCCC)CCN(CCC(=O)OCCCCCCOC(=O)CCN(CCCCCCCCCC)CCCCCCCCCC)CCN(CCC(=O)OCCCCCCOC(=O)CCN(CCCCCCCCCC)CCCCCCCCCC)CCN(CCC(=O)OCCCCCCOC(=O)CCN(CCCCCCCCCC)CCCCCCCCCC)CCC(=O)OCCCCCCOC(=O)CCN(CCCCCCCCCC)CCCCCCCCCC,YY_2023,YY_2023,0
