dataset_ID,n,pearson,pearson_p_val,kendall,spearman,rmse
Sanofi_goods_Sanofi_goods_muscle_intramuscular,50,0.8026305050317812,2.3897217298942058e-12,0.6404628762420091,0.835926169881907,0.8081234227970626
Li_enzyme_catalyzed_Li_enzyme_catalyzed_generic_cell_in_vitro,24,0.09735244939640719,0.6508763516783516,0.05329708913388167,0.07448910316981955,0.9222695190163198
He_4CR_aldehyde_He_4CR_aldehyde_spleen_intravenous,68,0.19804686928945783,0.10546053788251811,0.07848026962798381,0.08308659897800812,1.304426154134916
Chen_disulfide_Chen_disulfide_generic_cell_in_vitro,20,,,,,1.0269632879345147
He_4CR_aldehyde_He_4CR_aldehyde_liver_intravenous,68,0.7166822018658697,6.29715354717498e-12,0.45748214821870015,0.6714257091331337,1.1465304971309125
Yan_aza_michael_Yan_aza_michael_generic_cell_in_vitro,21,0.02618100965405424,0.9103090710767355,0.029918136306549676,0.03656858369568535,0.9232893091182494
Chen_disulfide_Chen_disulfide_liver_intravenous,13,0.16768856955515626,0.5839723354871694,0.1558573000398393,0.21487684841372437,2.2447314268882144
